index,source,target
0,装備無し,
1,レザーライトアーム,Brassards Cuir
2,チェーンアーム,Brassards Chainmail
3,ハンターアーム,Brassards Hunter's
4,ハンターガード,Gardes Hunter's
5,ボーンアーム,Brassards Os
6,ボーンガード,Gardes Os
7,ランポスアーム,Brassards Velociprey
8,ランポスガード,Gardes Velociprey
9,バトルアーム,Brassards Bataille
10,バトルガード,Gardes Bataille
11,ランゴアーム,Brassards Vespoid
12,ランゴガード,Gardes Vespoid
13,タロスアーム,Brassards Hornetaur
14,タロスガード,Gardes Hornetaur
15,ハイメタアーム,
16,ハイメタガード,
17,ゲネポスアーム,Brassards Genprey
18,ゲネポスガード,Gardes Genprey
19,クックアーム,Brassards Kut-Ku
20,クックガード,Gardes Kut-Ku
21,イーオスアーム,Brassards Ioprey
22,イーオスガード,Gardes Ioprey
23,ゲリョスアーム,Brassards Gypceros
24,ゲリョスガード,Gardes Gypceros
25,ガレオスアーム,Brassards Cephalos
26,ガレオスガード,Gardes Cephalos
27,スティールアーム,Brassards Acier
28,レイアアーム,Brassards Rathian
29,レイアガード,Gardes Rathian
30,フルフルアーム,Brassards Khezu
31,フルフルガード,Gardes Khezu
32,レウスアーム,Brassards Rathalos
33,レウスガード,Gardes Rathalos
34,ガノスアーム,Brassards Plesioth
35,ガノスガード,Gardes Plesioth
36,キングロブスタアーム,
37,キングロブスタガード,
38,バサルアーム,Brassards Basarios
39,バサルガード,Gardes Basarios
40,ディアブロアーム,Brassards Diablos
41,ディアブロガード,Gardes Diablos
42,モノブロスアーム,Brassards Monoblos
43,モノブロスガード,Gardes Monoblos
44,グラビドアーム,Brassards Gravios
45,グラビドガード,Gardes Gravios
46,クロオビアーム,
47,モスパンチ,
48,マカルパスリーブ,
49,ランポスーツハンド,
50,ゲネポスーツハンド,
51,イーオスーツハンド,
52,忍の篭手・陽,
53,忍の篭手・陰,
54,ガーディアンアーム,Brassards Gardien
55,ガーディアンガード,Gardes Gardien
56,ヘルパーカフス,
57,ヒーラーカフス,
58,ガルルガアーム,Brassards Garuga
59,ガルルガガード,Gardes Garuga
60,暁丸【篭手】,
61,曙丸【篭手】,
62,凛【篭手】,
63,艶【篭手】,
64,ドラゴンクロウ,
65,ドラゴンフィスト,
66,レザーライトＵアーム,Brassards Cuir U
67,チェーンＵアーム,Brassards Chainmail U
68,ハンターＵアーム,Brassards Hunter's U
69,ハンターＵガード,Gardes Hunter's U
70,ボーンＵアーム,Brassards Os U
71,ボーンＵガード,Gardes Os U
72,ギアノスアーム,Brassards Giaprey
73,ギアノスガード,Gardes Giaprey
74,バトルＵアーム,Brassards Bataille U
75,バトルＵガード,Gardes Bataille U
76,ランゴＵアーム,Brassards Vespoid U
77,ランゴＵガード,Gardes Vespoid U
78,タロスＵアーム,Brassards Hornetaur U
79,タロスＵガード,Gardes Hornetaur U
80,ハイメタＵアーム,
81,ハイメタＵガード,
82,ゲネポスＵアーム,Brassards Genprey U
83,ゲネポスＵガード,Gardes Genprey U
84,クックＵアーム,Brassards Kut-Ku U
85,クックＵガード,Gardes Kut-Ku U
86,イーオスＵアーム,Brassards Ioprey U
87,イーオスＵガード,Gardes Ioprey U
88,ゲリョスＵアーム,Brassards Gypceros U
89,ゲリョスＵガード,Gardes Gypceros U
90,ガレオスＵアーム,Brassards Cephalos U
91,ガレオスＵガード,Gardes Cephalos U
92,スティールＵアーム,Brassards Acier U
93,リオハートアーム,Brassards Rath
94,リオハートガード,Gardes Rath
95,フルフルＵアーム,Brassards Khezu U
96,フルフルＵガード,Gardes Khezu U
97,リオソウルアーム,Brassards Rath
98,リオソウルガード,Gardes Rath
99,ガノスＵアーム,Brassards Plesioth U
100,ガノスＵガード,Gardes Plesioth U
101,バサルＵアーム,Brassards Basarios U
102,バサルＵガード,Gardes Basarios U
103,ディアブロＵアーム,Brassards Diablos U
104,ディアブロＵガード,Gardes Diablos U
105,モノデビルアーム,Brassards Monodevil
106,モノデビルガード,Gardes Monodevil
107,グラビドＵアーム,Brassards Gravios U
108,グラビドＵガード,Gardes Gravios U
109,忍の篭手・空,
110,忍の篭手・海,
111,ガーディアンＵアーム,Brassards Gardien U
112,ガーディアンＵガード,Gardes Gardien U
113,ヘルパーＵカフス,
114,ヒーラーＵカフス,
115,暁丸・皇【篭手】,
116,曙丸・皇【篭手】,
117,凛・皇【篭手】,
118,艶・皇【篭手】,
119,ミラバルカンクロウ,
120,ミラバルカンフィスト,
121,ゴールドルナアーム,
122,ゴールドルナガード,
123,シルバーソルアーム,
124,シルバーソルガード,
125,レザーライトＳアーム,Brassards Cuir S
126,チェーンＳアーム,Brassards Chainmail S
127,ハンターＳアーム,Brassards Hunter's S
128,ハンターＳガード,Gardes Hunter's S
129,ボーンＳアーム,Brassards Os S
130,ボーンＳガード,Gardes Os S
131,ランポスＳアーム,Brassards Velociprey S
132,ランポスＳガード,Gardes Velociprey S
133,バトルＳアーム,Brassards Bataille S
134,バトルＳガード,Gardes Bataille S
135,ランゴＳアーム,Brassards Vespoid S
136,ランゴＳガード,Gardes Vespoid S
137,タロスＳアーム,Brassards Hornetaur S
138,タロスＳガード,Gardes Hornetaur S
139,ハイメタＳアーム,
140,ハイメタＳガード,
141,ゲネポスＳアーム,Brassards Genprey S
142,ゲネポスＳガード,Gardes Genprey S
143,クックＳアーム,Brassards Kut-Ku S
144,クックＳガード,Gardes Kut-Ku S
145,イーオスＳアーム,Brassards Ioprey S
146,イーオスＳガード,Gardes Ioprey S
147,ゲリョスＳアーム,Brassards Gypceros S
148,ゲリョスＳガード,Gardes Gypceros S
149,ガレオスＳアーム,Brassards Cephalos S
150,ガレオスＳガード,Gardes Cephalos S
151,スティールＳアーム,Brassards Acier S
152,レイアＳアーム,Brassards Rathian S
153,レイアＳガード,Gardes Rathian S
154,フルフルＳアーム,Brassards Khezu S
155,フルフルＳガード,Gardes Khezu S
156,レウスＳアーム,Brassards Rathalos S
157,レウスＳガード,Gardes Rathalos S
158,ガノスＳアーム,Brassards Plesioth S
159,ガノスＳガード,Gardes Plesioth S
160,バサルＳアーム,Brassards Basarios S
161,バサルＳガード,Gardes Basarios S
162,ディアブロＳアーム,Brassards Diablos S
163,ディアブロＳガード,Gardes Diablos S
164,モノブロスＳアーム,Brassards Monoblos S
165,モノブロスＳガード,Gardes Monoblos S
166,グラビドＳアーム,Brassards Gravios S
167,グラビドＳガード,Gardes Gravios S
168,忍の篭手・天,
169,忍の篭手・地,
170,ギルドガードグラブ紅,
171,ギルドガードカフス紅,
172,ギルドガードグラブ紅,
173,ギルドガードカフス紅,
174,暁丸・覇【篭手】,
175,曙丸・覇【篭手】,
176,凛・覇【篭手】,
177,艶・覇【篭手】,
178,ドラゴンＳクロウ,
179,ドラゴンＳフィスト,
180,ザザミアーム,Brassards Hermitaur
181,ザザミガード,Gardes Hermitaur
182,ザザミＵアーム,Brassards Hermitaur U
183,ザザミＵガード,Gardes Hermitaur U
184,ザザミＳアーム,Brassards Hermitaur S
185,ザザミＳガード,Gardes Hermitaur S
186,コンガアーム,Brassards Conga
187,コンガガード,Gardes Conga
188,コンガＵアーム,Brassards Conga U
189,コンガＵガード,Gardes Conga U
190,コンガＳアーム,Brassards Conga S
191,コンガＳガード,Gardes Conga S
192,ブランゴアーム,Brassards Blango
193,ブランゴガード,Gardes Blango
194,ブランゴＵアーム,Brassards Blango U
195,ブランゴＵガード,Gardes Blango U
196,ブランゴＳアーム,Brassards Blango S
197,ブランゴＳガード,Gardes Blango S
198,ギザミアーム,Brassards Ceanataur
199,ギザミガード,Gardes Ceanataur
200,ギザミＵアーム,Brassards Ceanataur U
201,ギザミＵガード,Gardes Ceanataur U
202,ギザミＳアーム,Brassards Ceanataur S
203,ギザミＳガード,Gardes Ceanataur S
204,キリンアームロング,
205,キリングローブ,
206,キリンＳアームロング,
207,キリンＳグローブ,
208,クシャナハトゥー,
209,クシャナマカーン,
210,ミヅハ【大袖】,
211,トヨタマ【大袖】,
212,エンプレスアーム,Brassards Impératrice
213,エンプレスガード,Gardes Impératrice
214,金剛【篭手】,
215,不動【篭手】,
216,カイザーアーム,
217,カイザーガード,
218,夜叉【御手】,
219,修羅【御手】,
220,金色ノ篭手,
221,黒子ノ篭手,
222,ミラルーツクロウ,
223,ミラルーツフィスト,
224,クロオビＳアーム,
225,ギアノスーツハンド,
226,ガブラスーツハンド,
227,ギルドナイトグラブ,
228,ギルドナイトカフス,
229,メイドカフス,
230,プライベートカフス,
231,ギルドガードグラブ蒼,
232,ギルドガードカフス蒼,
233,ギルドガードグラブ蒼,
234,ギルドガードカフス蒼,
235,Ｆアーム00,
236,Ｆアーム01,
237,破龍の篭手,
238,ヒプノアーム,Brassards Hypnoc
239,ヒプノガード,Gardes Hypnoc
240,ヒプノＵアーム,Brassards Hypnoc U
241,ヒプノＵガード,Gardes Hypnoc U
242,ラヴァアーム,Brassards Lavasioth
243,ラヴァガード,Gardes Lavasioth
244,ラヴァＳアーム,Brassards Lavasioth S
245,ラヴァＳガード,Gardes Lavasioth S
246,ギアノスＵアーム,Brassards Giaprey U
247,ギアノスＵガード,Gardes Giaprey U
248,しろねこ服アーム,
249,くろねこ服アーム,
250,きんねこ服アーム,
251,ゴシックアーム,Brassards Gothic
252,ゴシックＦアーム,Brassards Gothic F
253,ベイルガントレット,
254,コムラドアーム【猩】,Brassards Camarade [猩]
255,ジストレルアーム,Brassards Jisutoreru
256,デュオアーム,
257,スマートアーム,
258,ストレングスハンド,
259,ブートアップアーム,
260,ユウェネスアーム,Brassards Yuenesu
261,欠番,
262,欠番,
263,エアリアルアーム,Brassards Aérien
264,ジストアーム,Brassards Giste
265,欠番,
266,エクストラアーム,
267,ウナペルトアーム,
268,キューラーアーム,Brassards Kyuura
269,欠番,
270,欠番,
271,レックスアーム,Brassards Tigrex
272,レックスガード,Gardes Tigrex
273,レックスＳアーム,Brassards Tigrex S
274,レックスＳガード,Gardes Tigrex S
275,パピメルマーノ,
276,パピメルブラッソ,
277,パピメルＳマーノ,
278,パピメルＳブラッソ,
279,アカムトサクンペ,
280,アカムトノキリペ,
281,ウナペルトＦアーム,
282,あかねこ服Ｆアーム,
283,メルホアラーマ,
284,メルホアＵラーマ,
285,マカルパＵスリーブ,
286,オウビートマーノ,
287,オウビートブラッソ,
288,オウビートＳマーノ,
289,オウビートＳブラッソ,
290,デスギアファオスト,
291,デスギアベギアデ,
292,デスギアＳファオスト,
293,デスギアＳベギアデ,
294,マフモフミトン,
295,マフモフＳミトン,
296,クシャナＦハトゥー,
297,クシャナＦマカーン,
298,カイザーＦアーム,
299,カイザーＦガード,
300,ミヅハ魁【大袖】,
301,トヨタマ魁【大袖】,
302,金剛・魁【篭手】,
303,不動・魁【篭手】,
304,夜叉・魁【御手】,
305,修羅・魁【御手】,
306,エンプレスＦアーム,Brassards Impératrice F
307,エンプレスＦガード,Gardes Impératrice F
308,金色ノ篭手・魁,
309,黒子ノ篭手・魁,
310,ガルルガＦアーム,Brassards Garuga F
311,ガルルガＦガード,Gardes Garuga F
312,クシャナＦハトゥー,
313,クシャナＦマカーン,
314,カイザーＦアーム,
315,カイザーＦガード,
316,ミヅハ魁【大袖】,
317,トヨタマ魁【大袖】,
318,金剛・魁【篭手】,
319,不動・魁【篭手】,
320,夜叉・魁【御手】,
321,修羅・魁【御手】,
322,エンプレスＦアーム,Brassards Impératrice F
323,エンプレスＦガード,Gardes Impératrice F
324,金色ノ篭手・魁,
325,黒子ノ篭手・魁,
326,ガルルガＦアーム,Brassards Garuga F
327,ガルルガＦガード,Gardes Garuga F
328,ラヴァＵアーム,Brassards Lavasioth U
329,ラヴァＵガード,Gardes Lavasioth U
330,ホワイトメタルアーム,Brassards Métal blanc
331,セレストアーム,Brassards Celeste
332,シエルガントレット,
333,コムラダアーム【赤】,Brassards Comrada [赤]
334,コムラダアーム【青】,Brassards Comrada [青]
335,コムラダアーム【緑】,Brassards Comrada [緑]
336,コムラダアーム【橙】,Brassards Comrada [橙]
337,ダミー,
338,ダミー,
339,エスピナファオスト,
340,エスピナベギアデ,
341,エスピナＦファオスト,
342,エスピナＦベギアデ,
343,アスールアーム,Brassards Azul
344,アスールガード,Gardes Azul
345,アメザリアーム,Brassards Amezari
346,アメザリガード,Gardes Amezari
347,プロミスアーム【白】,Brassards Promesse [白]
348,プロミスアーム【青】,Brassards Promesse [青]
349,プロミスアーム【紫】,Brassards Promesse [紫]
350,プロミスアーム【黄】,Brassards Promesse [黄]
351,ブリスアーム【白】,Brassards Félicité [白]
352,ブリスアーム【青】,Brassards Félicité [青]
353,ブリスアーム【紫】,Brassards Félicité [紫]
354,ブリスアーム【黄】,Brassards Félicité [黄]
355,ブリスＦアーム【白】,Brassards Félicité F [白]
356,ブリスＦアーム【青】,Brassards Félicité F [青]
357,ブリスＦアーム【紫】,Brassards Félicité F [紫]
358,ブリスＦアーム【黄】,Brassards Félicité F [黄]
359,ロジウェアアーム,
360,バトルガードSP青,
361,バトルガードSP黄,
362,バトルガードSP紫,
363,レイアアームSP青,
364,レイアアームSP赤,
365,レイアアームSP黒,
366,フルフルアームSP青,
367,フルフルアームSP緑,
368,フルフルアームSP黒,
369,エスピナアームSP赤,
370,エスピナアームSP青,
371,エスピナアームSP黄,
372,エスピナガードSP赤,
373,エスピナガードSP青,
374,エスピナガードSP黄,
375,ノワールアーム,
376,ガーディアームSP白,
377,ガーディアームSP黒,
378,ガーディアームSP紫,
379,ヒーラーカフスSP青,
380,ヒーラーカフスSP白,
381,ヒーラーカフスSP黄,
382,マフモフミトンSP赤,
383,マフモフミトンSP黄,
384,マフモフミトンSP紫,
385,バサルガードSP赤,
386,バサルガードSP黒,
387,バサルガードSP黄,
388,アプカルアーム,Brassards Apkallu
389,アプカルガード,Gardes Apkallu
390,ゴスペルアーム,
391,ゴスペルガード,
392,エスピナＵファオスト,
393,エスピナＵベギアデ,
394,ブランゴアームSP黄,
395,ブランゴアームSP青,
396,ブランゴアームSP黒,
397,金色ノ篭手SP白,
398,金色ノ篭手SP紫,
399,金色ノ篭手SP緑,
400,グラビドガードSP緑,
401,グラビドガードSP紫,
402,グラビドガードSP赤,
403,アクラアーム,Brassards Akura
404,アクラアーム黄,Brassards Akura jaunes
405,アクラアーム蒼,Brassards Akura azur
406,アクラアーム紅,Brassards Akura cramoisis
407,アクラガード,Gardes Akura
408,アクラガード黄,Gardes Akura jaunes
409,アクラガード蒼,Gardes Akura azur
410,アクラガード紅,Gardes Akura cramoisies
411,アクラＦアーム,Brassards Akura F
412,アクラＦアーム黄,Brassards Akura F jaunes
413,アクラＦアーム蒼,Brassards Akura F azur
414,アクラＦアーム紅,Brassards Akura F cramoisis
415,アクラＦガード,Gardes Akura F
416,アクラＦガード黄,Gardes Akura F jaunes
417,アクラＦガード蒼,Gardes Akura F azur
418,アクラＦガード紅,Gardes Akura F cramoisies
419,エクエスアーム,Brassards Eques
420,エクエスガード,Gardes Eques
421,エクエスアーム改,
422,エクエスガード改,
423,エクエスＦアーム,Brassards Eques F
424,エクエスＦガード,Gardes Eques F
425,星祭の籠手・夏【赤】,
426,星祭の籠手・夏【青】,
427,星祭の籠手・夏【黒】,
428,星祭の籠手・夏【白】,
429,七夕の籠手・夏【赤】,
430,七夕の籠手・夏【青】,
431,七夕の籠手・夏【黒】,
432,七夕の籠手・夏【白】,
433,星祭の籠手・織【赤】,
434,星祭の籠手・織【青】,
435,星祭の籠手・織【黒】,
436,星祭の籠手・織【白】,
437,七夕の籠手・織【赤】,
438,七夕の籠手・織【青】,
439,七夕の籠手・織【黒】,
440,七夕の籠手・織【白】,
441,星祭の籠手・天【赤】,
442,星祭の籠手・天【青】,
443,星祭の籠手・天【黒】,
444,星祭の籠手・天【白】,
445,七夕の籠手・天【赤】,
446,七夕の籠手・天【青】,
447,七夕の籠手・天【黒】,
448,七夕の籠手・天【白】,
449,ハイメタアームSP黒,
450,ハイメタアームSP青,
451,ハイメタアームSP黄,
452,Ｓ・ソルアームSP赤,
453,Ｓ・ソルアームSP紫,
454,Ｓ・ソルアームSP黒,
455,ガルルガガードSP白,
456,ガルルガガードSP緑,
457,ガルルガガードSP赤,
458,ルーキーアーム【白】,Brassards Recrue [白]
459,ルーキーアーム【赤】,Brassards Recrue [赤]
460,ルーキーアーム【緑】,Brassards Recrue [緑]
461,ヒプノＳアーム,Brassards Hypnoc S
462,ヒプノＳガード,Gardes Hypnoc S
463,プロギアアーム,Brassards Purogia
464,オラシオンアーム,Brassards Oracion
465,レクイエムアーム,
466,アクラＵアーム,Brassards Akura U
467,アクラＵアーム黄,Brassards Akura U jaunes
468,アクラＵアーム蒼,Brassards Akura U azur
469,アクラＵアーム紅,Brassards Akura U cramoisis
470,アクラＵガード,Gardes Akura U
471,アクラＵガード黄,Gardes Akura U jaunes
472,アクラＵガード蒼,Gardes Akura U azur
473,アクラＵガード紅,Gardes Akura U cramoisies
474,メランアーム,Brassards Melan
475,メランガード,Gardes Melan
476,ルージュアーム,
477,マギサアーム・赤,Brassards Magisa rouges
478,マギサアーム・黒,Brassards Magisa noirs
479,マギサアーム・緑,Brassards Magisa verts
480,マギサアーム・白,Brassards Magisa blancs
481,マギサアーム・青,Brassards Magisa bleus
482,ウィザーガード・赤,Gardes Wither rouges
483,ウィザーガード・黒,Gardes Wither noires
484,ウィザーガード・緑,Gardes Wither vertes
485,ウィザーガード・白,Gardes Wither blanches
486,ウィザーガード・青,Gardes Wither bleues
487,マギサＦアーム・赤,Brassards Magisa F rouges
488,マギサＦアーム・黒,Brassards Magisa F noirs
489,マギサＦアーム・緑,Brassards Magisa F verts
490,マギサＦアーム・白,Brassards Magisa F blancs
491,マギサＦアーム・青,Brassards Magisa F bleus
492,ウィザーＦガード・赤,Gardes Wither F rouges
493,ウィザーＦガード・黒,Gardes Wither F noires
494,ウィザーＦガード・緑,Gardes Wither F vertes
495,ウィザーＦガード・白,Gardes Wither F blanches
496,ウィザーＦガード・青,Gardes Wither F bleues
497,クロウリーアーム・赤,
498,クロウリーアーム・黒,
499,クロウリーアーム・緑,
500,クロウリーアーム・白,
501,クロウリーアーム・青,
502,ファウストガード・赤,
503,ファウストガード・黒,
504,ファウストガード・緑,
505,ファウストガード・白,
506,ファウストガード・青,
507,クシャナハトゥーSP赤,
508,クシャナハトゥーSP黄,
509,クシャナハトゥーSP緑,
510,クシャナマカーンSP赤,
511,クシャナマカーンSP黄,
512,クシャナマカーンSP緑,
513,キリンアームSP赤,
514,キリンアームSP紫,
515,キリンアームSP黒,
516,キリングローブSP赤,
517,キリングローブSP紫,
518,キリングローブSP黒,
519,ストレガアーム,Brassards Strega
520,ストレガガード,Gardes Strega
521,ストレガアーム改,
522,ストレガガード改,
523,ストレガＦアーム,Brassards Strega F
524,ストレガＦガード,Gardes Strega F
525,フルフルＬアーム,Brassards Khezu L
526,ガレオスＬアーム,Brassards Cephalos L
527,ギザミＬアーム,Brassards Ceanataur L
528,レウスＬアーム,Brassards Rathalos L
529,マフモフＬミトン,
530,あかねこ服アーム,
531,アミティエアーム,Brassards Amitie
532,アミティエガード,Gardes Amitie
533,バサルＬガード,Gardes Basarios L
534,ゲリョスＬガード,Gardes Gypceros L
535,ガーディアンＲアーム,Brassards Gardien R
536,ヒーラーＲカフス,
537,ハンターＲアーム,Brassards Hunter's R
538,リオハートＲアーム,Brassards Rath R
539,ザザミＲアーム,Brassards Hermitaur R
540,アミティエＦアーム,Brassards Amitie F
541,アミティエＦガード,Gardes Amitie F
542,キューラーＦアーム,Brassards Kyuura F
543,ガーディアンＲマーノ,
544,ヒーラーＲスリーヴ,
545,クアッドアームＣ,
546,クアッドアーム,
547,ベルアーム,Brassards Beru
548,ベルガード,Gardes Beru
549,ベルＦアーム,Brassards Beru F
550,ベルＦガード,Gardes Beru F
551,リアンアーム・青,Brassards Rian bleus
552,リアンガード・青,Gardes Rian bleues
553,リアンアーム・赤,Brassards Rian rouges
554,リアンガード・赤,Gardes Rian rouges
555,リアンアーム・黒,Brassards Rian noirs
556,リアンガード・黒,Gardes Rian noires
557,リアンアーム・白,Brassards Rian blancs
558,リアンガード・白,Gardes Rian blanches
559,リアンＦアーム・青,Brassards Rian F bleus
560,リアンＦガード・青,Gardes Rian F bleues
561,リアンＦアーム・赤,Brassards Rian F rouges
562,リアンＦガード・赤,Gardes Rian F rouges
563,リアンＦアーム・黒,Brassards Rian F noirs
564,リアンＦガード・黒,Gardes Rian F noires
565,リアンＦアーム・白,Brassards Rian F blancs
566,リアンＦガード・白,Gardes Rian F blanches
567,カイザーアームSP白,
568,カイザーアームSP黒,
569,カイザーアームSP緑,
570,カイザーガードSP白,
571,カイザーガードSP黒,
572,カイザーガードSP緑,
573,ザザミアームSP青,
574,ザザミアームSP白,
575,ザザミアームSP紫,
576,クックＬアーム,Brassards Kut-Ku L
577,ゲリョスＬアーム,Brassards Gypceros L
578,イーオスＬアーム,Brassards Ioprey L
579,レイアＬアーム,Brassards Rathian L
580,バサルＬアーム,Brassards Basarios L
581,レウスＬガード,Gardes Rathalos L
582,モノブロスＬガード,Gardes Monoblos L
583,メルホアＲラーマ,
584,ハイメタＲアーム,
585,ディアブロＲアーム,Brassards Diablos R
586,ブランゴＲアーム,Brassards Blango R
587,ラヴァＲアーム,Brassards Lavasioth R
588,ギアノスＲガード,Gardes Giaprey R
589,バトルＲガード,Gardes Bataille R
590,ヒプノルータアーム,
591,ヒプノルータガード,
592,ガルーダアーム,Brassards Garuda
593,ガルーダガード,Gardes Garuda
594,エクストラＦアーム,
595,パピメルＬマーノ,
596,ヒプノＲアーム,Brassards Hypnoc R
597,ダミー,
598,ディジギアアーム,Brassards Digi
599,プリエールアーム,Brassards Priere
600,サルバシオンアーム,Brassards Salvacion
601,シカリの篭手,Kote Shikari
602,シカリの篭手・魁,
603,Ｇ・ガードＲグラブ蒼,
604,アルマアーム・黒,Brassards Alma noirs
605,アルマガード・黒,Gardes Alma noires
606,アルマアーム・白,Brassards Alma blancs
607,アルマガード・白,Gardes Alma blanches
608,アルマアーム・青,Brassards Alma bleus
609,アルマガード・青,Gardes Alma bleues
610,アルマアーム・茶,Brassards Alma bruns
611,アルマガード・茶,Gardes Alma brunes
612,オルデンアーム,Brassards Orden
613,オルデンガード,Gardes Orden
614,アルマＦアーム・黒,Brassards Alma F noirs
615,アルマＦガード・黒,Gardes Alma F noires
616,アルマＦアーム・白,Brassards Alma F blancs
617,アルマＦガード・白,Gardes Alma F blanches
618,アルマＦアーム・青,Brassards Alma F bleus
619,アルマＦガード・青,Gardes Alma F bleues
620,アルマＦアーム・茶,Brassards Alma F bruns
621,アルマＦガード・茶,Gardes Alma F brunes
622,オルデンＦアーム,Brassards Orden F
623,オルデンＦガード,Gardes Orden F
624,エス・クェラアーム,Brassards Es
625,エス・クェラガード,Gardes Es
626,パンデウムアーム,Brassards Pandeum
627,パンデウムガード,Gardes Pandeum
628,ゴスペルアームSP黒,
629,ゴスペルアームSP赤,
630,ゴスペルアームSP白,
631,しろねこ服Ｆアーム,
632,デスギアＬファオスト,
633,クロオビＬアーム,
634,バトルＬアーム,Brassards Bataille L
635,レックスＬアーム,Brassards Tigrex L
636,フルフルＲアーム,Brassards Khezu R
637,リオソウルＲアーム,Brassards Rath R
638,ギアノスＲアーム,Brassards Giaprey R
639,Ｇ・ガードＲグラブ蒼,
640,フルフルＬガード,Gardes Khezu L
641,イーオスＲガード,Gardes Ioprey R
642,プロクスアーム,Brassards Purokusu
643,プロクスＦアーム,Brassards Purokusu F
644,クレネスアーム,Brassards Kurenesu
645,クレネスＦアーム,Brassards Kurenesu F
646,スィーニアーム,Brassards Suini
647,スィーニＦアーム,Brassards Suini F
648,グラースガード,Gardes Guraasu
649,グラースＦガード,Gardes Guraasu F
650,フォルトゥアーム,Brassards Forutu
651,フォルトゥＦアーム,Brassards Forutu F
652,ファキルアーム,Brassards Fakiru
653,ファキルＦアーム,Brassards Fakiru F
654,バラバンアーム,Brassards Baraban
655,バラバンＦアーム,Brassards Baraban F
656,スフェラガード,Gardes Sufera
657,スフェラＦガード,Gardes Sufera F
658,パリアアーム,Brassards Paria
659,パリアＦアーム,Brassards Paria F
660,パリアガード,Gardes Paria
661,パリアＦガード,Gardes Paria F
662,ヒプノリアアーム,Brassards Hypnolia
663,ヒプノリアガード,Gardes Hypnolia
664,フィアラルアーム,Brassards Féral
665,フィアラルガード,Gardes Féral
666,鬼神ノ篭手,
667,ラスタ教官腕,
668,童子ノ篭手,
669,ダミー,
670,イクスアーム・白,Brassards Ix blancs
671,イクスＦアーム・白,Brassards Ix F blancs
672,イクスガード・白,Gardes Ix blanches
673,イクスＦガード・白,Gardes Ix F blanches
674,イクスアーム・赤,Brassards Ix rouges
675,イクスＦアーム・赤,Brassards Ix F rouges
676,イクスガード・赤,Gardes Ix rouges
677,イクスＦガード・赤,Gardes Ix F rouges
678,イクスアーム・青,Brassards Ix bleus
679,イクスＦアーム・青,Brassards Ix F bleus
680,イクスガード・青,Gardes Ix bleues
681,イクスＦガード・青,Gardes Ix F bleues
682,イクスアーム・黒,Brassards Ix noirs
683,イクスＦアーム・黒,Brassards Ix F noirs
684,イクスガード・黒,Gardes Ix noires
685,イクスＦガード・黒,Gardes Ix F noires
686,トランスアーム,Brassards Transe
687,トランスＦアーム,Brassards Transe F
688,トランスガード,Gardes Transe
689,トランスＦガード,Gardes Transe F
690,ミヅハ【大袖】SP青,
691,ミヅハ【大袖】SP赤,
692,ミヅハ【大袖】SP黄,
693,トヨタマ【大袖】SP青,
694,トヨタマ【大袖】SP赤,
695,トヨタマ【大袖】SP黄,
696,暁丸【篭手】SP赤,
697,暁丸【篭手】SP紫,
698,暁丸【篭手】SP白,
699,凛【篭手】SP黒,
700,凛【篭手】SP紫,
701,凛【篭手】SP白,
702,ハンターＬアーム,Brassards Hunter's L
703,キリンＬアームロング,
704,モノブロスＬアーム,Brassards Monoblos L
705,ディアブロＬアーム,Brassards Diablos L
706,グラビドＬアーム,Brassards Gravios L
707,ランゴＬアーム,Brassards Vespoid L
708,バサルＲアーム,Brassards Basarios R
709,Ｇ・ガードＲカフス蒼,
710,Ｇ・ガードＲカフス蒼,
711,モノデビルＲアーム,Brassards Monodevil R
712,タロスＲアーム,Brassards Hornetaur R
713,ギザミＲアーム,Brassards Ceanataur R
714,ブランゴＬガード,Gardes Blango L
715,ガノスＬガード,Gardes Plesioth L
716,フルフルＲガード,Gardes Khezu R
717,グラビドＲガード,Gardes Gravios R
718,ヴァイスファオスト,
719,ヴァイスベギアデ,
720,エスピナＲファオスト,
721,レックスＬガード,Gardes Tigrex L
722,ガンズアーム,Brassards Guns
723,ワイルドアーム,Brassards Sauvage
724,ガンズガード,Gardes Guns
725,ワイルドガード,Gardes Sauvage
726,エコールアーム,Brassards Ecole
727,ディアンアーム,Brassards Dian
728,エコールガード,Gardes Ecole
729,ディアンガード,Gardes Dian
730,ＣｏｒｅアームＣ,
731,ＣｏｒｅガードＣ,
732,Ｃｏｒｅアーム,Brassards Core
733,Ｃｏｒｅガード,Gardes Core
734,アネシスアーム,Brassards Aneshisu
735,アネシスガード,Gardes Aneshisu
736,クラージアーム,Brassards Kuraaji
737,クラージアーム改,
738,クラージＦアーム,Brassards Kuraaji F
739,クラージガード,Gardes Kuraaji
740,クラージガード改,
741,クラージＦガード,Gardes Kuraaji F
742,キノスアーム,Brassards Kinosu
743,ヒメロスアーム,Brassards Himeros
744,ブレシスアーム,Brassards Bureshisu
745,カリエンガード,Gardes Charien
746,アリエッタアーム,Brassards Arietta
747,テンペストアーム,Brassards Tempête
748,ヴェントガード,Gardes Vento
749,ミストラルガード,
750,アークアーム,
751,アークガード,
752,リオデュオアーム,Brassards Rath
753,リオデュオガード,Gardes Rath
754,シャランアーム・青,Brassards Sharan bleus
755,シャランＦアーム・青,Brassards Sharan F bleus
756,シャランガード・青,Gardes Sharan bleues
757,シャランＦガード・青,Gardes Sharan F bleues
758,シャランアーム・緑,Brassards Sharan verts
759,シャランＦアーム・緑,Brassards Sharan F verts
760,シャランガード・緑,Gardes Sharan vertes
761,シャランＦガード・緑,Gardes Sharan F vertes
762,シャランアーム・紫,Brassards Sharan violets
763,シャランＦアーム・紫,Brassards Sharan F violets
764,シャランガード・紫,Gardes Sharan violettes
765,シャランＦガード・紫,Gardes Sharan F violettes
766,シャランアーム・白,Brassards Sharan blancs
767,シャランＦアーム・白,Brassards Sharan F blancs
768,シャランガード・白,Gardes Sharan blanches
769,シャランＦガード・白,Gardes Sharan F blanches
770,ルクスアーム,
771,ルクスＦアーム,
772,ルクスガード,
773,ルクスＦガード,
774,レアルアーム・白,Brassards Real blancs
775,レアルＦアーム・白,Brassards Real F blancs
776,レアルガード・白,Gardes Real blanches
777,レアルＦガード・白,Gardes Real F blanches
778,レアルアーム・金,Brassards Real dorés
779,レアルＦアーム・金,Brassards Real F dorés
780,レアルガード・金,Gardes Real dorées
781,レアルＦガード・金,Gardes Real F dorées
782,レアルアーム・青,Brassards Real bleus
783,レアルＦアーム・青,Brassards Real F bleus
784,レアルガード・青,Gardes Real bleues
785,レアルＦガード・青,Gardes Real F bleues
786,レアルアーム・赤,Brassards Real rouges
787,レアルＦアーム・赤,Brassards Real F rouges
788,レアルガード・赤,Gardes Real rouges
789,レアルＦガード・赤,Gardes Real F rouges
790,レギスアーム,Brassards Regis
791,レギスＦアーム,Brassards Regis F
792,レギスガード,Gardes Regis
793,レギスＦガード,Gardes Regis F
794,コムラドアーム【葉】,Brassards Camarade [葉]
795,コムラドアーム【柑】,Brassards Camarade [柑]
796,コムラドアーム【冷】,Brassards Camarade [冷]
797,ギザミガードSP赤,
798,ギザミガードSP黒,
799,ギザミガードSP黄,
800,ガブラスハンドSP白,
801,ガブラスハンドSP黄,
802,ガブラスハンドSP黒,
803,Ｇ・ナイトカフスSP赤,
804,Ｇ・ナイトカフスSP青,
805,Ｇ・ナイトカフスSP紫,
806,ＰＶカフスSP赤,
807,ＰＶカフスSP青,
808,ＰＶカフスSP紫,
809,ザザミＬアーム,Brassards Hermitaur L
810,ハイメタＬアーム,
811,スティールＬアーム,Brassards Acier L
812,ラヴァＬアーム,Brassards Lavasioth L
813,ボーンＬアーム,Brassards Os L
814,タロスＬアーム,Brassards Hornetaur L
815,Ｇ・ガードＲグラブ紅,
816,Ｇ・ガードＲグラブ紅,
817,ヘルパーＲカフス,
818,バトルＲアーム,Brassards Bataille R
819,ガレオスＲアーム,Brassards Cephalos R
820,ボーンＲアーム,Brassards Os R
821,イーオスＬガード,Gardes Ioprey L
822,ギザミＬガード,Gardes Ceanataur L
823,リオハートＲガード,Gardes Rath R
824,ボーンＲガード,Gardes Os R
825,ブランアーム,Brassards Buran
826,シロオビアーム,
827,神楽【篭手】,
828,神楽・覇【篭手】,
829,神座【篭手】,
830,神座・覇【篭手】,
831,アスハルテアーム,Brassards Ashalt
832,アスハルテガード,Gardes Ashalt
833,ロークアーム,
834,ロークガード,
835,ソルダートアーム,Brassards Soldato
836,ゲイブルアーム,
837,ソルダートガード,Gardes Soldato
838,ゲイブルガード,
839,ウィダアーム,Brassards Uida
840,スティーダアーム,
841,ウィダガード,Gardes Uida
842,スティーダガード,
843,アグリアアーム,Brassards Agria
844,フラウアアーム,Brassards Fleur
845,アグリアガード,Gardes Agria
846,フラウアガード,Gardes Fleur
847,フォーヴアーム,Brassards Fauve
848,フィアスアーム,Brassards Fias
849,フォーヴガード,Gardes Fauve
850,フィアスガード,Gardes Fias
851,フィデルアーム,
852,フィデルＦアーム,
853,ファクトアーム,
854,ファクトＦアーム,
855,シュロスアーム,
856,シュロスＦアーム,
857,アエトスガード,
858,アエトスＦガード,
859,ヴェルスアーム,
860,ヴェルスＦアーム,
861,フラントアーム,
862,フラントＦアーム,
863,セリューアーム,Brassards Serieux
864,セリューＦアーム,Brassards Serieux F
865,ウェネスガード,
866,ウェネスＦガード,
867,フェルムアーム・黒,Brassards Ferm noirs
868,フェルムＦアーム・黒,Brassards Ferm F noirs
869,フェルムガード・黒,Gardes Ferm noires
870,フェルムＦガード・黒,Gardes Ferm F noires
871,フェルムアーム・赤,Brassards Ferm rouges
872,フェルムＦアーム・赤,Brassards Ferm F rouges
873,フェルムガード・赤,Gardes Ferm rouges
874,フェルムＦガード・赤,Gardes Ferm F rouges
875,フェルムアーム・白,Brassards Ferm blancs
876,フェルムＦアーム・白,Brassards Ferm F blancs
877,フェルムガード・白,Gardes Ferm blanches
878,フェルムＦガード・白,Gardes Ferm F blanches
879,フェルムアーム・青,Brassards Ferm bleus
880,フェルムＦアーム・青,Brassards Ferm F bleus
881,フェルムガード・青,Gardes Ferm bleues
882,フェルムＦガード・青,Gardes Ferm F bleues
883,リエーザアーム,
884,リエーザＦアーム,
885,リエーザガード,
886,リエーザＦガード,
887,クレールアーム・紫,Brassards Clair violets
888,クレールＦアーム・紫,Brassards Clair F violets
889,クレールガード・紫,Gardes Clair violettes
890,クレールＦガード・紫,Gardes Clair F violettes
891,クレールアーム・水,
892,クレールＦアーム・水,
893,クレールガード・水,
894,クレールＦガード・水,
895,クレールアーム・赤,Brassards Clair rouges
896,クレールＦアーム・赤,Brassards Clair F rouges
897,クレールガード・赤,Gardes Clair rouges
898,クレールＦガード・赤,Gardes Clair F rouges
899,クレールアーム・黒,Brassards Clair noirs
900,クレールＦアーム・黒,Brassards Clair F noirs
901,クレールガード・黒,Gardes Clair noires
902,クレールＦガード・黒,Gardes Clair F noires
903,デゼールアーム,Brassards Désert
904,デゼールＦアーム,Brassards Désert F
905,デゼールガード,Gardes Désert
906,デゼールＦガード,Gardes Désert F
907,エンプレスアームSP赤,
908,エンプレスアームSP黄,
909,エンプレスアームSP紫,
910,エンプレスガードSP赤,
911,エンプレスガードSP黄,
912,エンプレスガードSP紫,
913,ランゴアームSP黄,
914,ランゴアームSP黒,
915,ランゴアームSP青,
916,コムラダＬアーム・赤,Brassards Comrada L rouges
917,コムラダＬアーム・青,Brassards Comrada L bleus
918,コムラダＬアーム・緑,Brassards Comrada L verts
919,コムラダＬアーム・橙,Brassards Comrada L orange
920,コムラダＲアーム・赤,Brassards Comrada R rouges
921,コムラダＲアーム・青,Brassards Comrada R bleus
922,コムラダＲアーム・緑,Brassards Comrada R verts
923,コムラダＲアーム・橙,Brassards Comrada R orange
924,バトルＬガード,Gardes Bataille L
925,グラビドＬガード,Gardes Gravios L
926,ハンターＲガード,Gardes Hunter's R
927,ランゴＲガード,Gardes Vespoid R
928,ヴィリヴラアーム,
929,アングリフアーム,Brassards Angriff
930,ヴィリヴラガード,
931,アングリフガード,Gardes Angriff
932,シュッツアーム,Brassards Schutz
933,ヒルフェアーム,Brassards Hilfe
934,シュッツガード,Gardes Schutz
935,ヒルフェガード,Gardes Hilfe
936,マカルパＲスリーブ,
937,ラヴィアーム,Brassards Raviente
938,ラヴィＦアーム,Brassards Raviente F
939,ラヴィFXアーム,Brassards Raviente FX
940,ラヴィガード,Gardes Raviente
941,ラヴィＦガード,Gardes Raviente F
942,ラヴィFXガード,Gardes Raviente FX
943,アナキアーム,
944,アナキガード,
945,ハーヴェストアーム,Brassards Moisson
946,ハーヴェストガード,Gardes Moisson
947,クラフトアーム,
948,クラフトＦアーム,
949,クラフトガード,
950,クラフトＦガード,
951,ルディアアーム,Brassards Ledia
952,ルディアＦアーム,Brassards Ledia F
953,ルディアガード,Gardes Ledia
954,ルディアＦガード,Gardes Ledia F
955,ティーアアーム,
956,ヴィルトアーム,Brassards Viruto
957,ティーアガード,
958,ヴィルトガード,Gardes Viruto
959,ミューズアーム,
960,テューンアーム,
961,ゼーレガード,
962,シュナイトガード,Gardes Schnite
963,アセルスアーム,
964,アセルスＦアーム,
965,スクラアーム,
966,スクラＦアーム,
967,ファルムアーム,
968,ファルムＦアーム,
969,ディゼルガード,
970,ディゼルＦガード,
971,スディブアーム,
972,スディブＦアーム,
973,フィブラアーム,
974,フィブラＦアーム,
975,リガスアーム,
976,リガスＦアーム,
977,ミーツェガード,
978,ミーツェＦガード,
979,メレティアーム・白,Brassards Meleti blancs
980,メレティＦアーム・白,Brassards Meleti F blancs
981,メレティガード・白,Gardes Meleti blanches
982,メレティＦガード・白,Gardes Meleti F blanches
983,メレティアーム・赤,Brassards Meleti rouges
984,メレティＦアーム・赤,Brassards Meleti F rouges
985,メレティガード・赤,Gardes Meleti rouges
986,メレティＦガード・赤,Gardes Meleti F rouges
987,メレティアーム・青,Brassards Meleti bleus
988,メレティＦアーム・青,Brassards Meleti F bleus
989,メレティガード・青,Gardes Meleti bleues
990,メレティＦガード・青,Gardes Meleti F bleues
991,メレティアーム・黒,Brassards Meleti noirs
992,メレティＦアーム・黒,Brassards Meleti F noirs
993,メレティガード・黒,Gardes Meleti noires
994,メレティＦガード・黒,Gardes Meleti F noires
995,ゲレールアーム,
996,ゲレールＦアーム,
997,レーラーアーム,
998,レーラーＦアーム,
999,フェサーアーム,
1000,フェサーＦアーム,
1001,シアンスガード,
1002,シアンスＦガード,
1003,ゴルトアーム・赤,Brassards Gold rouges
1004,ゴルトＦアーム・赤,Brassards Gold F rouges
1005,ゴルトガード・赤,Gardes Gold rouges
1006,ゴルトＦガード・赤,Gardes Gold F rouges
1007,ゴルトアーム・青,Brassards Gold bleus
1008,ゴルトＦアーム・青,Brassards Gold F bleus
1009,ゴルトガード・青,Gardes Gold bleues
1010,ゴルトＦガード・青,Gardes Gold F bleues
1011,ゴルトアーム・黄,Brassards Gold jaunes
1012,ゴルトＦアーム・黄,Brassards Gold F jaunes
1013,ゴルトガード・黄,Gardes Gold jaunes
1014,ゴルトＦガード・黄,Gardes Gold F jaunes
1015,ゴルトアーム・紫,Brassards Gold violets
1016,ゴルトＦアーム・紫,Brassards Gold F violets
1017,ゴルトガード・紫,Gardes Gold violettes
1018,ゴルトＦガード・紫,Gardes Gold F violettes
1019,シデロアーム,
1020,シデロＦアーム,
1021,オールアーム,
1022,オールＦアーム,
1023,メタロアーム,
1024,メタロＦアーム,
1025,アルジャガード,
1026,アルジャＦガード,
1027,エスピナFXファオスト,
1028,エスピナFXベギアデ,
1029,,
1030,エクストアーム,
1031,エクストアームＣ,
1032,エクストガード,
1033,エクストガードＣ,
1034,デスギアアルムSP白,
1035,デスギアアルムSP赤,
1036,デスギアアルムSP青,
1037,ディアブロアームSP紫,
1038,ディアブロアームSP青,
1039,ディアブロアームSP黄,
1040,マカルパスリーブSP緑,
1041,マカルパスリーブSP青,
1042,マカルパスリーブSP黒,
1043,ドラゴンＬフィスト,
1044,キリンＬグローブ,
1045,ザザミＬガード,Gardes Hermitaur L
1046,ボーンＬガード,Gardes Os L
1047,ランゴＬガード,Gardes Vespoid L
1048,ディアブロＬガード,Gardes Diablos L
1049,Ｇ・ガードＲカフス紅,
1050,Ｇ・ガードＲカフス紅,
1051,タロスＲガード,Gardes Hornetaur R
1052,ハイメタＲガード,
1053,リオソウルＲガード,Gardes Rath R
1054,ブランゴＬアーム,Brassards Blango L
1055,ガノスＬアーム,Brassards Plesioth L
1056,グラビドＲアーム,Brassards Gravios R
1057,イーオスＲアーム,Brassards Ioprey R
1058,稲荷【篭手】,
1059,稲荷・覇【篭手】,
1060,玉藻【篭手】,
1061,玉藻・覇【篭手】,
1062,コカロアーム,
1063,コカロガード,
1064,シエリーアーム,Brassards Shieri
1065,シエリーＦアーム,Brassards Shieri F
1066,シエリーガード,Gardes Shieri
1067,シエリーＦガード,Gardes Shieri F
1068,ハルバダーアーム,Brassards Harubadaa
1069,ハルバダーＦアーム,Brassards Harubadaa F
1070,トラッカーガード,Gardes Traqueur
1071,トラッカーＦガード,Gardes Traqueur F
1072,ザーカーアーム,Brassards Zaakaa
1073,ザーカーＦアーム,Brassards Zaakaa F
1074,チェイサーガード,Gardes Poursuivant
1075,チェイサーＦガード,Gardes Poursuivant F
1076,ロイヤルアーム,
1077,ロイヤルＦアーム,
1078,ロードガード,
1079,ロードＦガード,
1080,ディクトアーム,Brassards Dicto
1081,ディクトＦアーム,Brassards Dicto F
1082,ディレットガード,Gardes Diletto
1083,ディレットＦガード,Gardes Diletto F
1084,クリュスアーム,Brassards Kruss
1085,クリュスＦアーム,Brassards Kruss F
1086,クォートガード,
1087,クォートＦガード,
1088,ウルバヌアーム,
1089,ウルバヌＦアーム,
1090,マグヌスアーム,
1091,マグヌスＦアーム,
1092,ソレルスアーム,
1093,ソレルスＦアーム,
1094,パルフェガード,
1095,パルフェＦガード,
1096,アスティアーム,
1097,アスティＦアーム,
1098,アガトンアーム,
1099,アガトンＦアーム,
1100,ランプロアーム,
1101,ランプロＦアーム,
1102,ソフィスガード,
1103,ソフィスＦガード,
1104,アリストアーム・青,Brassards Aristo bleus
1105,アリストＦアーム・青,Brassards Aristo F bleus
1106,アリストガード・青,Gardes Aristo bleues
1107,アリストＦガード・青,Gardes Aristo F bleues
1108,アリストアーム・白,Brassards Aristo blancs
1109,アリストＦアーム・白,Brassards Aristo F blancs
1110,アリストガード・白,Gardes Aristo blanches
1111,アリストＦガード・白,Gardes Aristo F blanches
1112,アリストアーム・紫,Brassards Aristo violets
1113,アリストＦアーム・紫,Brassards Aristo F violets
1114,アリストガード・紫,Gardes Aristo violettes
1115,アリストＦガード・紫,Gardes Aristo F violettes
1116,アリストアーム・赤,Brassards Aristo rouges
1117,アリストＦアーム・赤,Brassards Aristo F rouges
1118,アリストガード・赤,Gardes Aristo rouges
1119,アリストＦガード・赤,Gardes Aristo F rouges
1120,ビリスアーム,
1121,ビリスＦアーム,
1122,ギエールアーム,
1123,ギエールＦアーム,
1124,カウントアーム,
1125,カウントＦアーム,
1126,フュルスガード,
1127,フュルスＦガード,
1128,テクストアーム・紫,Brassards Texte violets
1129,テクストＦアーム・紫,Brassards Texte F violets
1130,テクストガード・紫,Gardes Texte violettes
1131,テクストＦガード・紫,Gardes Texte F violettes
1132,テクストアーム・緑,Brassards Texte verts
1133,テクストＦアーム・緑,Brassards Texte F verts
1134,テクストガード・緑,Gardes Texte vertes
1135,テクストＦガード・緑,Gardes Texte F vertes
1136,テクストアーム・青,Brassards Texte bleus
1137,テクストＦアーム・青,Brassards Texte F bleus
1138,テクストガード・青,Gardes Texte bleues
1139,テクストＦガード・青,Gardes Texte F bleues
1140,テクストアーム・黒,Brassards Texte noirs
1141,テクストＦアーム・黒,Brassards Texte F noirs
1142,テクストガード・黒,Gardes Texte noires
1143,テクストＦガード・黒,Gardes Texte F noires
1144,パスマアーム,
1145,パスマＦアーム,
1146,フィーブルアーム,
1147,フィーブルＦアーム,
1148,ヴァラクアーム,
1149,ヴァラクＦアーム,
1150,ネウロンガード,
1151,ネウロンＦガード,
1152,アージェアーム,Brassards Arge
1153,アージェＦアーム,Brassards Arge F
1154,アージェガード,Gardes Arge
1155,アージェＦガード,Gardes Arge F
1156,アカムトサクンペSP黒,
1157,アカムトサクンペSP赤,
1158,アカムトサクンペSP白,
1159,アカムトノキリペSP黒,
1160,アカムトノキリペSP赤,
1161,アカムトノキリペSP白,
1162,グラビドアームSP黒,
1163,グラビドアームSP青,
1164,グラビドアームSP赤,
1165,コンガＬガード,Gardes Conga L
1166,ハンターＬガード,Gardes Hunter's L
1167,ランポスＬガード,Gardes Velociprey L
1168,タロスＬガード,Gardes Hornetaur L
1169,ハイメタＬガード,
1170,ゲネポスＬガード,Gardes Genprey L
1171,ゲネポスＲガード,Gardes Genprey R
1172,クックＲガード,Gardes Kut-Ku R
1173,バサルＲガード,Gardes Basarios R
1174,ガレオスＲガード,Gardes Cephalos R
1175,ガノスＲガード,Gardes Plesioth R
1176,ゲリョスＲガード,Gardes Gypceros R
1177,ドラゴンＬクロウ,
1178,ランポスＬアーム,Brassards Velociprey L
1179,ランゴＲアーム,Brassards Vespoid R
1180,クックＲアーム,Brassards Kut-Ku R
1181,アクラFXアーム,Brassards Akura FX
1182,アクラFXガード,Gardes Akura FX
1183,アクラFXアーム黄,Brassards Akura FX jaunes
1184,アクラFXガード黄,Gardes Akura FX jaunes
1185,アクラFXアーム蒼,Brassards Akura FX azur
1186,アクラFXガード蒼,Gardes Akura FX azur
1187,アクラFXアーム紅,Brassards Akura FX cramoisis
1188,アクラFXガード紅,Gardes Akura FX cramoisies
1189,アスールＦアーム,Brassards Azul F
1190,アスールＦガード,Gardes Azul F
1191,ダミー,
1192,ダミー,
1193,ダミー,
1194,ダミー,
1195,ダミー,
1196,ダミー,
1197,ダミー,
1198,ダミー,
1199,ダミー,
1200,ダミー,
1201,ダミー,
1202,ダミー,
1203,ダミー,
1204,ダミー,
1205,ダミー,
1206,ダミー,
1207,ダミー,
1208,ダミー,
1209,ダミー,
1210,ダミー,
1211,ダミー,
1212,ダミー,
1213,ダミー,
1214,ダミー,
1215,ダミー,
1216,ダミー,
1217,ダミー,
1218,ダミー,
1219,ダミー,
1220,ダミー,
1221,ベルドラアーム,
1222,ベルドラガード,
1223,ディールアーム,Brassards Diru
1224,ディールＦアーム,Brassards Diru F
1225,ディールガード,Gardes Diru
1226,ディールＦガード,Gardes Diru F
1227,スフィアアーム,Brassards Sufia
1228,スフィアＦアーム,Brassards Sufia F
1229,スフィアガード,Gardes Sufia
1230,スフィアＦガード,Gardes Sufia F
1231,スタリナアーム,Brassards Starina
1232,スタリナＦアーム,Brassards Starina F
1233,スタリナガード,Gardes Starina
1234,スタリナＦガード,Gardes Starina F
1235,ルースアーム,
1236,ルースＦアーム,
1237,ルースガード,
1238,ルースＦガード,
1239,レイジアーム,Brassards Rage
1240,レイジＦアーム,Brassards Rage F
1241,レイジガード,Gardes Rage
1242,レイジＦガード,Gardes Rage F
1243,ランページアーム,Brassards Déchaînement
1244,ランページＦアーム,Brassards Déchaînement F
1245,ランページガード,Gardes Déchaînement
1246,ランページＦガード,Gardes Déchaînement F
1247,ブレイズアーム,Brassards Brasier
1248,ブレイズＦアーム,Brassards Brasier F
1249,ブレイズガード,Gardes Brasier
1250,ブレイズＦガード,Gardes Brasier F
1251,ファランアーム・白,Brassards Faran blancs
1252,ファランＦアーム・白,Brassards Faran F blancs
1253,ファランガード・白,Gardes Faran blanches
1254,ファランＦガード・白,Gardes Faran F blanches
1255,ファランアーム・黒,Brassards Faran noirs
1256,ファランＦアーム・黒,Brassards Faran F noirs
1257,ファランガード・黒,Gardes Faran noires
1258,ファランＦガード・黒,Gardes Faran F noires
1259,ファランアーム・赤,Brassards Faran rouges
1260,ファランＦアーム・赤,Brassards Faran F rouges
1261,ファランガード・赤,Gardes Faran rouges
1262,ファランＦガード・赤,Gardes Faran F rouges
1263,ファランアーム・青,Brassards Faran bleus
1264,ファランＦアーム・青,Brassards Faran F bleus
1265,ファランガード・青,Gardes Faran bleues
1266,ファランＦガード・青,Gardes Faran F bleues
1267,きんねこ服Ｆアーム,
1268,きんねこ服Ｆガード,
1269,ぎんねこ服アーム,
1270,ぎんねこ服Ｆアーム,
1271,ぎんねこ服Ｆガード,
1272,ヴィンアーム,
1273,ヴィンＦアーム,
1274,ヴァンデアーム,
1275,ヴァンデＦアーム,
1276,デスモアーム,
1277,デスモＦアーム,
1278,ミスクガード,
1279,ミスクＦガード,
1280,ウーズィアーム,
1281,ウーズィＦアーム,
1282,レガーメアーム,
1283,レガーメＦアーム,
1284,ノットアーム,
1285,ノットＦアーム,
1286,ラソスガード,
1287,ラソスＦガード,
1288,レックスアームSP黒,
1289,レックスアームSP白,
1290,レックスアームSP紫,
1291,モノブロスアームSP黄,
1292,モノブロスアームSP緑,
1293,モノブロスアームSP白,
1294,フルフルガードSP黒,
1295,フルフルガードSP緑,
1296,フルフルガードSP青,
1297,ヒプノＬガード,Gardes Hypnoc L
1298,ラヴァＬガード,Gardes Lavasioth L
1299,パピメルＬブラッソ,
1300,ガレオスＬガード,Gardes Cephalos L
1301,レイアＬガード,Gardes Rathian L
1302,クックＬガード,Gardes Kut-Ku L
1303,忍の篭手・Ｒ,
1304,レザーライトＲアーム,Brassards Cuir R
1305,エスピナＲベギアデ,
1306,アクラＲガード,Gardes Akura R
1307,アクラＲガード黄,Gardes Akura R jaunes
1308,アクラＲガード蒼,Gardes Akura R azur
1309,アクラＲガード紅,Gardes Akura R cramoisies
1310,ラヴァＲガード,Gardes Lavasioth R
1311,オウビートＬマーノ,
1312,ゲネポスＬアーム,Brassards Genprey L
1313,スティールＲアーム,Brassards Acier R
1314,アクラＲアーム,Brassards Akura R
1315,アクラＲアーム黄,Brassards Akura R jaunes
1316,アクラＲアーム蒼,Brassards Akura R azur
1317,アクラＲアーム紅,Brassards Akura R cramoisis
1318,稲荷・FX【篭手】,
1319,玉藻・FX【篭手】,
1320,エクエスFXアーム,Brassards Eques FX
1321,エクエスFXガード,Gardes Eques FX
1322,ノワールＦアーム,
1323,ヒメロスＦアーム,Brassards Himeros F
1324,ブレシスＦアーム,Brassards Bureshisu F
1325,カリエンＦガード,Gardes Charien F
1326,グレンアーム,Brassards Guren
1327,グレンＦアーム,Brassards Guren F
1328,グレンガード,Gardes Guren
1329,グレンＦガード,Gardes Guren F
1330,ガーネットアーム,Brassards Grenat
1331,ガーネットＦアーム,Brassards Grenat F
1332,ガーネットFXアーム,Brassards Grenat FX
1333,アメジストアーム,Brassards Améthyste
1334,アメジストＦアーム,Brassards Améthyste F
1335,アメジストFXアーム,Brassards Améthyste FX
1336,コーラルアーム,Brassards Corail
1337,コーラルＦアーム,Brassards Corail F
1338,コーラルFXアーム,Brassards Corail FX
1339,クォーツアーム,
1340,クォーツＦアーム,
1341,クォーツFXアーム,
1342,ルビーアーム,
1343,ルビーＦアーム,
1344,ルビーFXアーム,
1345,サファイアアーム,Brassards Saphir
1346,サファイアＦアーム,Brassards Saphir F
1347,サファイアFXアーム,Brassards Saphir FX
1348,エメラルドアーム,
1349,エメラルドＦアーム,
1350,エメラルドFXアーム,
1351,パールアーム,
1352,パールＦアーム,
1353,パールFXアーム,
1354,トパーズガード,Gardes Topaze
1355,トパーズＦガード,Gardes Topaze F
1356,トパーズFXガード,Gardes Topaze FX
1357,トルマリンガード,
1358,トルマリンＦガード,
1359,トルマリンFXガード,
1360,ラピスガード,Gardes Lapis
1361,ラピスＦガード,Gardes Lapis F
1362,ラピスFXガード,Gardes Lapis FX
1363,ベルFXアーム,Brassards Beru FX
1364,ベルFXガード,Gardes Beru FX
1365,アプカルＦアーム,Brassards Apkallu F
1366,アプカルＦガード,Gardes Apkallu F
1367,ミクセスアーム,Brassards Mixes
1368,ミクセスＦアーム,Brassards Mixes F
1369,ミクセスガード,Gardes Mixes
1370,ミクセスＦガード,Gardes Mixes F
1371,アトラアーム,Brassards Atra
1372,アトラＦアーム,Brassards Atra F
1373,アトラガード,Gardes Atra
1374,アトラＦガード,Gardes Atra F
1375,ミラドアーム,Brassards Mirado
1376,ミラドＦアーム,Brassards Mirado F
1377,ミラドガード,Gardes Mirado
1378,ミラドＦガード,Gardes Mirado F
1379,デュールアーム,Brassards Deyuru
1380,デュールＦアーム,Brassards Deyuru F
1381,デュールガード,Gardes Deyuru
1382,デュールＦガード,Gardes Deyuru F
1383,クルシッドアーム,
1384,クルシッドＦアーム,
1385,ヴェロシアーム,
1386,ヴェロシＦアーム,
1387,ケプトアーム,
1388,ケプトＦアーム,
1389,ハウットガード,
1390,ハウットＦガード,
1391,ヴェンガアーム,
1392,ヴェンガＦアーム,
1393,スプリンアーム,
1394,スプリンＦアーム,
1395,マシャルアーム,
1396,マシャルＦアーム,
1397,ペンブルガード,
1398,ペンブルＦガード,
1399,リゲリアアーム・白,Brassards Ligeria blancs
1400,リゲリアＦアーム・白,Brassards Ligeria F blancs
1401,リゲリアガード・白,Gardes Ligeria blanches
1402,リゲリアＦガード・白,Gardes Ligeria F blanches
1403,リゲリアアーム・赤,Brassards Ligeria rouges
1404,リゲリアＦアーム・赤,Brassards Ligeria F rouges
1405,リゲリアガード・赤,Gardes Ligeria rouges
1406,リゲリアＦガード・赤,Gardes Ligeria F rouges
1407,リゲリアアーム・緑,Brassards Ligeria verts
1408,リゲリアＦアーム・緑,Brassards Ligeria F verts
1409,リゲリアガード・緑,Gardes Ligeria vertes
1410,リゲリアＦガード・緑,Gardes Ligeria F vertes
1411,リゲリアアーム・青,Brassards Ligeria bleus
1412,リゲリアＦアーム・青,Brassards Ligeria F bleus
1413,リゲリアガード・青,Gardes Ligeria bleues
1414,リゲリアＦガード・青,Gardes Ligeria F bleues
1415,ゴラエスアーム,
1416,ゴラエスＦアーム,
1417,バシリスアーム,
1418,バシリスＦアーム,
1419,インジンアーム,
1420,インジンＦアーム,
1421,デクスタガード,Gardes Dexter
1422,デクスタＦガード,Gardes Dexter F
1423,ジャッグアーム,
1424,ジャッグＦアーム,
1425,コンシラアーム,
1426,コンシラＦアーム,
1427,プレデタアーム,Brassards Prédateur
1428,プレデタＦアーム,Brassards Prédateur F
1429,プリジドガード,
1430,プリジドＦガード,
1431,スリートアーム・黄,Brassards Grésil jaunes
1432,スリートＦアーム・黄,Brassards Grésil F jaunes
1433,スリートガード・黄,Gardes Grésil jaunes
1434,スリートＦガード・黄,Gardes Grésil F jaunes
1435,スリートアーム・銀,Brassards Grésil argentés
1436,スリートＦアーム・銀,Brassards Grésil F argentés
1437,スリートガード・銀,Gardes Grésil argentées
1438,スリートＦガード・銀,Gardes Grésil F argentées
1439,スリートアーム・赤,Brassards Grésil rouges
1440,スリートＦアーム・赤,Brassards Grésil F rouges
1441,スリートガード・赤,Gardes Grésil rouges
1442,スリートＦガード・赤,Gardes Grésil F rouges
1443,スリートアーム・青,Brassards Grésil bleus
1444,スリートＦアーム・青,Brassards Grésil F bleus
1445,スリートガード・青,Gardes Grésil bleues
1446,スリートＦガード・青,Gardes Grésil F bleues
1447,カマレラアーム,Brassards Camarera
1448,カマレラＦアーム,Brassards Camarera F
1449,カマレラガード,Gardes Camarera
1450,カマレラＦガード,Gardes Camarera F
1451,ガノスアームSP黒,
1452,ガノスアームSP黄,
1453,ガノスアームSP紫,
1454,ガノスガードSP黒,
1455,ガノスガードSP黄,
1456,ガノスガードSP紫,
1457,ゲリョスガードSP赤,
1458,ゲリョスガードSP黄,
1459,ゲリョスガードSP緑,
1460,ダミー,
1461,ダミー,
1462,ミラルーツＲクロウ,
1463,Ｇ・ルナＲガード,
1464,Ｓ・ソルＲガード,
1465,デスギアＬベギアデ,
1466,レザーライトＬアーム,Brassards Cuir L
1467,チェーンＬアーム,Brassards Chainmail L
1468,ギザミＲガード,Gardes Ceanataur R
1469,ディアブロＲガード,Gardes Diablos R
1470,ブランゴＲガード,Gardes Blango R
1471,コンガＲアーム,Brassards Conga R
1472,コンガＲガード,Gardes Conga R
1473,ヒプノＲガード,Gardes Hypnoc R
1474,モノデビルＲガード,Gardes Monodevil R
1475,ガノスＲアーム,Brassards Plesioth R
1476,フェリアーム,
1477,フェリＦアーム,
1478,フェリガード,
1479,フェリＦガード,
1480,テネールアーム,
1481,テネールＦアーム,
1482,テネールガード,
1483,テネールＦガード,
1484,ライダーアームＢ,
1485,ライジングアームＢ,
1486,ライダーガードＢ,
1487,ライジングガードＢ,
1488,ライダーアームＲ,
1489,ライジングアームＲ,
1490,ライダーガードＲ,
1491,ライジングガードＲ,
1492,ライダーアームＹ,
1493,ライジングアームＹ,
1494,ライダーガードＹ,
1495,ライジングガードＹ,
1496,ライダーアームＧ,
1497,ライジングアームＧ,
1498,ライダーガードＧ,
1499,ライジングガードＧ,
1500,ロバストハトゥー,
1501,ロバストＦハトゥー,
1502,ロバストフィスト,
1503,ロバストＦフィスト,
1504,ククボアーム,Brassards Kukubo
1505,ククボＦアーム,Brassards Kukubo F
1506,ククボガード,Gardes Kukubo
1507,ククボＦガード,Gardes Kukubo F
1508,ファルコアーム,Brassards Falco
1509,ファルコＦアーム,Brassards Falco F
1510,ファルコガード,Gardes Falco
1511,ファルコＦガード,Gardes Falco F
1512,ヴェスナアーム,
1513,ヴェスナＦアーム,
1514,ベラノアーム,
1515,ベラノＦアーム,
1516,カリフアーム,
1517,カリフＦアーム,
1518,シターガード,
1519,シターＦガード,
1520,コンセトアーム,
1521,コンセトＦアーム,
1522,バステルアーム,
1523,バステルＦアーム,
1524,カタフアーム,
1525,カタフＦアーム,
1526,ハネツァガード,
1527,ハネツァＦガード,
1528,バーニーアーム・黒,Brassards Barney noirs
1529,バーニーＦアーム・黒,Brassards Barney F noirs
1530,バーニーガード・黒,Gardes Barney noires
1531,バーニーＦガード・黒,Gardes Barney F noires
1532,バーニーアーム・白,Brassards Barney blancs
1533,バーニーＦアーム・白,Brassards Barney F blancs
1534,バーニーガード・白,Gardes Barney blanches
1535,バーニーＦガード・白,Gardes Barney F blanches
1536,バーニーアーム・赤,Brassards Barney rouges
1537,バーニーＦアーム・赤,Brassards Barney F rouges
1538,バーニーガード・赤,Gardes Barney rouges
1539,バーニーＦガード・赤,Gardes Barney F rouges
1540,バーニーアーム・紫,Brassards Barney violets
1541,バーニーＦアーム・紫,Brassards Barney F violets
1542,バーニーガード・紫,Gardes Barney violettes
1543,バーニーＦガード・紫,Gardes Barney F violettes
1544,昇龍篭手・白,
1545,昇龍Ｆ篭手・白,
1546,波動篭手・白,
1547,波動Ｆ篭手・白,
1548,百裂腕環・青,
1549,百裂Ｆ腕環・青,
1550,気功腕環・青,
1551,気功Ｆ腕環・青,
1552,昇龍篭手・紺,
1553,昇龍Ｆ篭手・紺,
1554,波動篭手・紺,
1555,波動Ｆ篭手・紺,
1556,百裂腕環・黒,
1557,百裂Ｆ腕環・黒,
1558,気功腕環・黒,
1559,気功Ｆ腕環・黒,
1560,昇龍篭手・黄,
1561,昇龍Ｆ篭手・黄,
1562,波動篭手・黄,
1563,波動Ｆ篭手・黄,
1564,百裂腕環・黄,
1565,百裂Ｆ腕環・黄,
1566,気功腕環・黄,
1567,気功Ｆ腕環・黄,
1568,昇龍篭手・紫,
1569,昇龍Ｆ篭手・紫,
1570,波動篭手・紫,
1571,波動Ｆ篭手・紫,
1572,百裂腕環・緑,
1573,百裂Ｆ腕環・緑,
1574,気功腕環・緑,
1575,気功Ｆ腕環・緑,
1576,ステノアーム・橙,Brassards Stheno orange
1577,ステノＦアーム・橙,Brassards Stheno F orange
1578,ステノガード・橙,Gardes Stheno orange
1579,ステノＦガード・橙,Gardes Stheno F orange
1580,ステノアーム・桃,Brassards Stheno roses
1581,ステノＦアーム・桃,Brassards Stheno F roses
1582,ステノガード・桃,Gardes Stheno roses
1583,ステノＦガード・桃,Gardes Stheno F roses
1584,ステノアーム・青,Brassards Stheno bleus
1585,ステノＦアーム・青,Brassards Stheno F bleus
1586,ステノガード・青,Gardes Stheno bleues
1587,ステノＦガード・青,Gardes Stheno F bleues
1588,ステノアーム・赤,Brassards Stheno rouges
1589,ステノＦアーム・赤,Brassards Stheno F rouges
1590,ステノガード・赤,Gardes Stheno rouges
1591,ステノＦガード・赤,Gardes Stheno F rouges
1592,ジャンピンアーム,Brassards Jumpin'
1593,ジャンピンＦアーム,Brassards Jumpin' F
1594,ジャンピンガード,Gardes Jumpin'
1595,ジャンピンＦガード,Gardes Jumpin' F
1596,アデュスアーム,
1597,アデュスＦアーム,
1598,アデュスガード,
1599,アデュスＦガード,
1600,メテネラアーム,Brassards Metenera
1601,メテネラＦアーム,Brassards Metenera F
1602,メテネラガード,Gardes Metenera
1603,メテネラＦガード,Gardes Metenera F
1604,エクセレアーム,Brassards Excelle
1605,エクセレＦアーム,Brassards Excelle F
1606,エクセレガード,Gardes Excelle
1607,エクセレＦガード,Gardes Excelle F
1608,プペンアーム,Brassards Pupen
1609,プペンＦアーム,Brassards Pupen F
1610,プペンガード,Gardes Pupen
1611,プペンＦガード,Gardes Pupen F
1612,モスカバアーム,
1613,モスカバＦアーム,
1614,モスカバガード,
1615,モスカバＦガード,
1616,神楽【篭手】SP赤,
1617,神楽【篭手】SP黒,
1618,神楽【篭手】SP紫,
1619,神座【篭手】SP赤,
1620,神座【篭手】SP黒,
1621,神座【篭手】SP紫,
1622,モスパンチSP白,
1623,モスパンチSP黄,
1624,モスパンチSP青,
1625,オウビートＬブラッソ,
1626,ヒプノＬアーム,Brassards Hypnoc L
1627,コンガＬアーム,Brassards Conga L
1628,チェーンＲアーム,Brassards Chainmail R
1629,ザザミＲガード,Gardes Hermitaur R
1630,ゲリョスＲアーム,Brassards Gypceros R
1631,ゲネポスＲアーム,Brassards Genprey R
1632,シャッセアーム,Brassards Shasse
1633,シャッセガード,Gardes Shasse
1634,ゴスペルＦアーム,
1635,ゴスペルＦガード,
1636,ルージュＦアーム,
1637,フレイヤアーム,Brassards Freyja
1638,フレイヤガード,Gardes Freyja
1639,パリアFXアーム,Brassards Paria FX
1640,パリアFXガード,Gardes Paria FX
1641,グレンFXアーム,Brassards Guren FX
1642,グレンFXガード,Gardes Guren FX
1643,ルコクロウ,
1644,ルコＦクロウ,
1645,ルコフィスト,
1646,ルコＦフィスト,
1647,ブリッツアーム,
1648,ブリッツグローブ,
1649,リルスアーム,Brassards Lils
1650,ダミー,
1651,リルスガード,Gardes Lils
1652,ダミー,
1653,神楽FX【篭手】,
1654,神座FX【篭手】,
1655,蒼空ノ袖,
1656,蒼空ノ袖・魁,
1657,蒼天ノ袖,
1658,蒼天ノ袖・魁,
1659,ブレオアーム,Brassards Breo
1660,ブレオＦアーム,Brassards Breo F
1661,ヴィネンアーム,Brassards Vinen
1662,ヴィネンＦアーム,Brassards Vinen F
1663,ヴィネンガード,Gardes Vinen
1664,ヴィネンＦガード,Gardes Vinen F
1665,アナトリアーム,
1666,アナトリガード,
1667,エディオアーム・青,Brassards Edio bleus
1668,エディオＦアーム・青,Brassards Edio F bleus
1669,エディオガード・青,Gardes Edio bleues
1670,エディオＦガード・青,Gardes Edio F bleues
1671,エディオアーム・赤,Brassards Edio rouges
1672,エディオＦアーム・赤,Brassards Edio F rouges
1673,エディオガード・赤,Gardes Edio rouges
1674,エディオＦガード・赤,Gardes Edio F rouges
1675,エディオアーム・黄,Brassards Edio jaunes
1676,エディオＦアーム・黄,Brassards Edio F jaunes
1677,エディオガード・黄,Gardes Edio jaunes
1678,エディオＦガード・黄,Gardes Edio F jaunes
1679,エディオアーム・黒,Brassards Edio noirs
1680,エディオＦアーム・黒,Brassards Edio F noirs
1681,エディオガード・黒,Gardes Edio noires
1682,エディオＦガード・黒,Gardes Edio F noires
1683,アビットアーム,Brassards Abitto
1684,アビットＦアーム,Brassards Abitto F
1685,アビットガード,Gardes Abitto
1686,アビットＦガード,Gardes Abitto F
1687,ハウクスアーム,Brassards Howx
1688,ハウクスＦアーム,Brassards Howx F
1689,ハウクスガード,Gardes Howx
1690,ハウクスＦガード,Gardes Howx F
1691,ピラータアーム,Brassards Pirata
1692,ピラータＦアーム,Brassards Pirata F
1693,ピラータガード,Gardes Pirata
1694,ピラータＦガード,Gardes Pirata F
1695,アレスアーム,
1696,アレスＦアーム,
1697,カリノアーム,
1698,カリノＦアーム,
1699,ルルスアーム,
1700,ルルスＦアーム,
1701,ナーダガード,Gardes Nada
1702,ナーダＦガード,Gardes Nada F
1703,ロサアーム,Brassards Rosa
1704,ロサＦアーム,Brassards Rosa F
1705,ハオスアーム,Brassards Haosu
1706,ハオスＦアーム,Brassards Haosu F
1707,ミールアーム,Brassards Miru
1708,ミールＦアーム,Brassards Miru F
1709,パスガード,Gardes Pasu
1710,パスＦガード,Gardes Pasu F
1711,蘭陀の籠手・黄,
1712,蘭蛮の籠手・黄,
1713,蘭陀の袖・黄,
1714,蘭蛮の袖・黄,
1715,蘭陀の籠手・赤,
1716,蘭蛮の籠手・赤,
1717,蘭陀の袖・赤,
1718,蘭蛮の袖・赤,
1719,蘭陀の籠手・紫,
1720,蘭蛮の籠手・紫,
1721,蘭陀の袖・紫,
1722,蘭蛮の袖・紫,
1723,蘭陀の籠手・金,
1724,蘭蛮の籠手・金,
1725,蘭陀の袖・金,
1726,蘭蛮の袖・金,
1727,竜巻篭手・黒,
1728,竜巻Ｆ篭手・黒,
1729,真空篭手・黒,
1730,真空Ｆ篭手・黒,
1731,千裂腕環・黒,
1732,千裂Ｆ腕環・黒,
1733,覇山腕環・黒,
1734,覇山Ｆ腕環・黒,
1735,竜巻篭手・茶,
1736,竜巻Ｆ篭手・茶,
1737,真空篭手・茶,
1738,真空Ｆ篭手・茶,
1739,千裂腕環・紫,
1740,千裂Ｆ腕環・紫,
1741,覇山腕環・紫,
1742,覇山Ｆ腕環・紫,
1743,竜巻篭手・白,
1744,竜巻Ｆ篭手・白,
1745,真空篭手・白,
1746,真空Ｆ篭手・白,
1747,千裂腕環・白,
1748,千裂Ｆ腕環・白,
1749,覇山腕環・白,
1750,覇山Ｆ腕環・白,
1751,竜巻篭手・青,
1752,竜巻Ｆ篭手・青,
1753,真空篭手・青,
1754,真空Ｆ篭手・青,
1755,千裂腕環・緑,
1756,千裂Ｆ腕環・緑,
1757,覇山腕環・緑,
1758,覇山Ｆ腕環・緑,
1759,正拳篭手,
1760,正拳Ｆ篭手,
1761,灼熱篭手,
1762,灼熱Ｆ篭手,
1763,龍星腕環,
1764,龍星Ｆ腕環,
1765,虎襲腕環,
1766,虎襲Ｆ腕環,
1767,旋風篭手,
1768,旋風Ｆ篭手,
1769,巴篭手,
1770,巴Ｆ篭手,
1771,天空腕環,
1772,天空Ｆ腕環,
1773,天昇腕環,
1774,天昇Ｆ腕環,
1775,ジェアムアーム,Brassards Jeamu
1776,ジェアムＦアーム,Brassards Jeamu F
1777,アミュスアーム,Brassards Amyusu
1778,アミュスＦアーム,Brassards Amyusu F
1779,クレバンアーム,Brassards Clevan
1780,クレバンＦアーム,Brassards Clevan F
1781,メテロスガード,Gardes Meterosu
1782,メテロスＦガード,Gardes Meterosu F
1783,シプレルアーム,Brassards Shipureru
1784,シプレルＦアーム,Brassards Shipureru F
1785,トレスパアーム,Brassards Toresupa
1786,トレスパＦアーム,Brassards Toresupa F
1787,ステラルアーム,Brassards Suteraru
1788,ステラルＦアーム,Brassards Suteraru F
1789,ハキュラガード,Gardes Hakyura
1790,ハキュラＦガード,Gardes Hakyura F
1791,オルテモＦアーム,Brassards Orutemo F
1792,オルテモＦガード,Gardes Orutemo F
1793,忍の篭手・陰SP黄,
1794,忍の篭手・陰SP赤,
1795,忍の篭手・陰SP青,
1796,ＫロブスタアームSP黒,
1797,ＫロブスタアームSP緑,
1798,ＫロブスタアームSP青,
1799,ＫロブスタガードSP黒,
1800,ＫロブスタガードSP緑,
1801,ＫロブスタガードSP青,
1802,アネシスＦアーム,Brassards Aneshisu F
1803,アネシスＦガード,Gardes Aneshisu F
1804,ブランＦアーム,Brassards Buran F
1805,ツヴィンガアーム,Brassards Zwinger
1806,ツヴィンガガード,Gardes Zwinger
1807,鬼神ノ篭手・魁,
1808,童子ノ篭手・魁,
1809,メランＦアーム,Brassards Melan F
1810,メランＦガード,Gardes Melan F
1811,ブートＦアーム,Brassards Buto F
1812,ヒメロスFXアーム,Brassards Himeros FX
1813,カリエンFXガード,Gardes Charien FX
1814,ブレシスFXアーム,Brassards Bureshisu FX
1815,レウスLXアーム,Brassards Rathalos LX
1816,リオソウルRXアーム,Brassards Rath RX
1817,フルフルLXアーム,Brassards Khezu LX
1818,フルフルRXアーム,Brassards Khezu RX
1819,ハイメタLXアーム,
1820,ハイメタRXアーム,
1821,タロスLXガード,Gardes Hornetaur LX
1822,タロスRXガード,Gardes Hornetaur RX
1823,ベルドラＲアーム,
1824,ベルドラＲガード,
1825,フレイムアーム,Brassards Flamme
1826,フレイムガード,Gardes Flamme
1827,夕焼ノ袖,
1828,夕茜ノ袖,
1829,プーギーパンチ,
1830,プーギーＦパンチ,
1831,プーギーハンド,
1832,プーギーＦハンド,
1833,マンドラアーム,Brassards Mandora
1834,マンドラＦアーム,Brassards Mandora F
1835,マンドラガード,Gardes Mandora
1836,マンドラＦガード,Gardes Mandora F
1837,アオノコアーム,Brassards Aonoko
1838,アオノコＦアーム,Brassards Aonoko F
1839,アオノコガード,Gardes Aonoko
1840,アオノコＦガード,Gardes Aonoko F
1841,ゼロイアーム,Brassards Zeroi
1842,ゼロイＦアーム,Brassards Zeroi F
1843,ゼロイガード,Gardes Zeroi
1844,ゼロイＦガード,Gardes Zeroi F
1845,レイルアーム,
1846,レイルＦアーム,
1847,レイルガード,
1848,レイルＦガード,
1849,ルデオスアーム,Brassards Rudeos
1850,ルデオスＦアーム,Brassards Rudeos F
1851,ルデオスガード,Gardes Rudeos
1852,ルデオスＦガード,Gardes Rudeos F
1853,オルケシスアーム,Brassards Orchesis
1854,オルケシスＦアーム,Brassards Orchesis F
1855,オルケシスガード,Gardes Orchesis
1856,オルケシスＦガード,Gardes Orchesis F
1857,フルイトアーム,
1858,フルイトＦアーム,
1859,ゲレオンアーム,
1860,ゲレオンＦアーム,
1861,ケックアーム,
1862,ケックＦアーム,
1863,ヘンフロガード,
1864,ヘンフロＦガード,
1865,フリゲトアーム,
1866,フリゲトＦアーム,
1867,バークアーム,
1868,バークＦアーム,
1869,ブリガンアーム,
1870,ブリガンＦアーム,
1871,プラムガード,
1872,プラムＦガード,
1873,マイストアーム・紅,Brassards Maist cramoisis
1874,マイストＦアーム・紅,Brassards Maist F cramoisis
1875,マイストガード・紅,Gardes Maist cramoisies
1876,マイストＦガード・紅,Gardes Maist F cramoisies
1877,マイストアーム・緑,Brassards Maist verts
1878,マイストＦアーム・緑,Brassards Maist F verts
1879,マイストガード・緑,Gardes Maist vertes
1880,マイストＦガード・緑,Gardes Maist F vertes
1881,マイストアーム・蒼,Brassards Maist azur
1882,マイストＦアーム・蒼,Brassards Maist F azur
1883,マイストガード・蒼,Gardes Maist azur
1884,マイストＦガード・蒼,Gardes Maist F azur
1885,マイストアーム・桜,
1886,マイストＦアーム・桜,
1887,マイストガード・桜,
1888,マイストＦガード・桜,
1889,ワグネアーム,Brassards Wagune
1890,ワグネＦアーム,Brassards Wagune F
1891,ワグネガード,Gardes Wagune
1892,ワグネＦガード,Gardes Wagune F
1893,ピスティスＦアーム,Brassards Pistis F
1894,ピスティスＦガード,Gardes Pistis F
1895,ヒプノアームSP緑,
1896,ヒプノアームSP赤,
1897,ヒプノアームSP黄,
1898,ベルアームSP黒,
1899,ベルアームSP赤,
1900,ベルアームSP紫,
1901,ベルガードSP黒,
1902,ベルガードSP赤,
1903,ベルガードSP紫,
1904,ルルディアーム,Brassards Rurudi
1905,ルルディガード,Gardes Rurudi
1906,アークＦアーム,
1907,アークＦガード,
1908,ストレガFXアーム,Brassards Strega FX
1909,ストレガFXガード,Gardes Strega FX
1910,リオハートRXアーム,Brassards Rath RX
1911,レイアLXアーム,Brassards Rathian LX
1912,ランゴRXガード,Gardes Vespoid RX
1913,ランゴLXガード,Gardes Vespoid LX
1914,ザザミRXアーム,Brassards Hermitaur RX
1915,ザザミLXアーム,Brassards Hermitaur LX
1916,ディアブロRXアーム,Brassards Diablos RX
1917,ディアブロLXアーム,Brassards Diablos LX
1918,リリオアーム,
1919,フレサアーム,
1920,クラベルアーム,
1921,シルエラアーム,
1922,カメリアアーム,
1923,ハシントアーム,
1924,セレソアーム,
1925,オリバアーム,
1926,ラウレルガード,
1927,ココガード,
1928,グラナダガード,
1929,アトロアーム,
1930,アトロＦアーム,
1931,アトロガード,
1932,アトロＦガード,
1933,ゴゴアーム,Brassards Gogomoa
1934,ゴゴＦアーム,Brassards Gogomoa F
1935,ゴゴガード,Gardes Gogomoa
1936,ゴゴＦガード,Gardes Gogomoa F
1937,ワダツミ【大袖】,
1938,オカミ【大袖】,
1939,ディーナアーム,Brassards Diina
1940,ディーナＦアーム,Brassards Diina F
1941,絶影ノ袖,
1942,絶影ノ袖・魁,
1943,翔影ノ袖,
1944,翔影ノ袖・魁,
1945,黒虎ノ袖,
1946,黒豹ノ袖,
1947,刹帝利ノ篭手,
1948,婆羅門ノ篭手,
1949,ガリトスアーム・茶,Brassards Garitos bruns
1950,ガリトスＦアーム・茶,Brassards Garitos F bruns
1951,ガリトスガード・茶,Gardes Garitos brunes
1952,ガリトスＦガード・茶,Gardes Garitos F brunes
1953,ガリトスアーム・赤,Brassards Garitos rouges
1954,ガリトスＦアーム・赤,Brassards Garitos F rouges
1955,ガリトスガード・赤,Gardes Garitos rouges
1956,ガリトスＦガード・赤,Gardes Garitos F rouges
1957,ガリトスアーム・黒,Brassards Garitos noirs
1958,ガリトスＦアーム・黒,Brassards Garitos F noirs
1959,ガリトスガード・黒,Gardes Garitos noires
1960,ガリトスＦガード・黒,Gardes Garitos F noires
1961,ガリトスアーム・水,
1962,ガリトスＦアーム・水,
1963,ガリトスガード・水,
1964,ガリトスＦガード・水,
1965,リブリーアーム,Brassards Riburi
1966,リブリーＦアーム,Brassards Riburi F
1967,リブリーFZアーム,Brassards Riburi FZ
1968,リブリーガード,Gardes Riburi
1969,リブリーＦガード,Gardes Riburi F
1970,リブリーFZガード,Gardes Riburi FZ
1971,リーデレアーム,Brassards Ridere
1972,リーデレＦアーム,Brassards Ridere F
1973,リーデレガード,Gardes Ridere
1974,リーデレＦガード,Gardes Ridere F
1975,リエットアーム,Brassards Émeute
1976,リエットＦアーム,Brassards Émeute F
1977,リエットガード,Gardes Émeute
1978,リエットＦガード,Gardes Émeute F
1979,スケイナアーム,
1980,スケイナＦアーム,
1981,ミッシナアーム,
1982,ミッシナＦアーム,
1983,プリースアーム,
1984,プリースＦアーム,
1985,レキトリガード,
1986,レキトリＦガード,
1987,マドニカアーム,
1988,マドニカＦアーム,
1989,ヴィリヤアーム,
1990,ヴィリヤＦアーム,
1991,ラプラルアーム,
1992,ラプラルＦアーム,
1993,サザールガード,
1994,サザールＦガード,
1995,トラスグローブ青,
1996,トラスＦグローブ青,
1997,トラスミトン青,
1998,トラスＦミトン青,
1999,トラスグローブ赤,
2000,トラスＦグローブ赤,
2001,トラスミトン赤,
2002,トラスＦミトン赤,
2003,トラスグローブ白,
2004,トラスＦグローブ白,
2005,トラスミトン白,
2006,トラスＦミトン白,
2007,トラスグローブ紫,
2008,トラスＦグローブ紫,
2009,トラスミトン紫,
2010,トラスＦミトン紫,
2011,デモンカフス青,
2012,デモンＦカフス青,
2013,カオスカフス青,
2014,カオスＦカフス青,
2015,デモンカフス赤,
2016,デモンＦカフス赤,
2017,カオスカフス赤,
2018,カオスＦカフス赤,
2019,デモンカフス緑,
2020,デモンＦカフス緑,
2021,カオスカフス緑,
2022,カオスＦカフス緑,
2023,デモンカフス白,
2024,デモンＦカフス白,
2025,カオスカフス白,
2026,カオスＦカフス白,
2027,シャドウグローブ紫,
2028,シャドウＦグローブ紫,
2029,ソウルグローブ紫,
2030,ソウルＦグローブ紫,
2031,シャドウグローブ赤,
2032,シャドウＦグローブ赤,
2033,ソウルグローブ赤,
2034,ソウルＦグローブ赤,
2035,シャドウグローブ緑,
2036,シャドウＦグローブ緑,
2037,ソウルグローブ緑,
2038,ソウルＦグローブ緑,
2039,シャドウグローブ白,
2040,シャドウＦグローブ白,
2041,ソウルグローブ白,
2042,ソウルＦグローブ白,
2043,フィディアーム,
2044,エピディアーム,
2045,ヴェルフィアーム,
2046,ヴェルフィガード,
2047,テリオグアーム,
2048,テリオグガード,
2049,クロッスアーム,Brassards Kurossu
2050,クロッスＦアーム,Brassards Kurossu F
2051,クロッスガード,Gardes Kurossu
2052,クロッスＦガード,Gardes Kurossu F
2053,シエリーFXアーム,Brassards Shieri FX
2054,シエリーFXガード,Gardes Shieri FX
2055,クラフトFXアーム,
2056,クラフトFXガード,
2057,モスカバFXアーム,
2058,モスカバFXガード,
2059,エクセレFXアーム,Brassards Excelle FX
2060,エクセレFXガード,Gardes Excelle FX
2061,蒼空ノ袖・真,
2062,蒼天ノ袖・真,
2063,ビステマアーム,
2064,リオデュオＦアーム,Brassards Rath F
2065,リオデュオＦガード,Gardes Rath F
2066,ロークＦアーム,
2067,ロークＦガード,
2068,ブルホＦアーム・青,
2069,マーギアＦガード・青,
2070,ゴゴFXアーム,Brassards Gogomoa FX
2071,ゴゴFXガード,Gardes Gogomoa FX
2072,クラージFXアーム,Brassards Kuraaji FX
2073,クラージFXガード,Gardes Kuraaji FX
2074,ザーカーFXアーム,Brassards Zaakaa FX
2075,チェイサーFXガード,Gardes Poursuivant FX
2076,アビットFZアーム,Brassards Abitto FZ
2077,アビットFZガード,Gardes Abitto FZ
2078,アージェFZアーム,Brassards Arge FZ
2079,アージェFZガード,Gardes Arge FZ
2080,カマレラFZアーム,Brassards Camarera FZ
2081,カマレラFZガード,Gardes Camarera FZ
2082,メテネラFZアーム,Brassards Metenera FZ
2083,メテネラFZガード,Gardes Metenera FZ
2084,ルコFXクロウ,
2085,ルコFXフィスト,
2086,ザムザアーム,Brassards Zamuza
2087,ザムザＦアーム,Brassards Zamuza F
2088,ザムザFXアーム,Brassards Zamuza FX
2089,ザムザガード,Gardes Zamuza
2090,ザムザＦガード,Gardes Zamuza F
2091,ザムザFXガード,Gardes Zamuza FX
2092,アビオアーム,Brassards Abiorugu
2093,アビオＦアーム,Brassards Abiorugu F
2094,アビオFXアーム,Brassards Abiorugu FX
2095,アビオガード,Gardes Abiorugu
2096,アビオＦガード,Gardes Abiorugu F
2097,アビオFXガード,Gardes Abiorugu FX
2098,クロオビアームSP白,
2099,クロオビアームSP黒,
2100,クロオビアームSP青,
2101,アプカルアームSP白,
2102,アプカルアームSP緑,
2103,アプカルアームSP黄,
2104,ガレオスLXアーム,Brassards Cephalos LX
2105,ブランゴLXアーム,Brassards Blango LX
2106,グラビドLXアーム,Brassards Gravios LX
2107,ボーンLXガード,Gardes Os LX
2108,ガレオスRXアーム,Brassards Cephalos RX
2109,ブランゴRXアーム,Brassards Blango RX
2110,グラビドRXアーム,Brassards Gravios RX
2111,ボーンRXガード,Gardes Os RX
2112,白蛇ノ袖,
2113,白蛇ノ袖・魁,
2114,白鳥ノ袖,
2115,白鳥ノ袖・魁,
2116,カカブアーム,Brassards Kakabu
2117,カカブガード,Gardes Kakabu
2118,オネロアーム,Brassards Onero
2119,オネロガード,Gardes Onero
2120,ジャガーアーム,Brassards Jyaga
2121,ジャガーガード,Gardes Jyaga
2122,オメットアーム・黒,Brassards Omet noirs
2123,オメットＦアーム・黒,Brassards Omet F noirs
2124,オメットガード・黒,Gardes Omet noires
2125,オメットＦガード・黒,Gardes Omet F noires
2126,オメットアーム・赤,Brassards Omet rouges
2127,オメットＦアーム・赤,Brassards Omet F rouges
2128,オメットガード・赤,Gardes Omet rouges
2129,オメットＦガード・赤,Gardes Omet F rouges
2130,オメットアーム・白,Brassards Omet blancs
2131,オメットＦアーム・白,Brassards Omet F blancs
2132,オメットガード・白,Gardes Omet blanches
2133,オメットＦガード・白,Gardes Omet F blanches
2134,オメットアーム・青,Brassards Omet bleus
2135,オメットＦアーム・青,Brassards Omet F bleus
2136,オメットガード・青,Gardes Omet bleues
2137,オメットＦガード・青,Gardes Omet F bleues
2138,ルターレアーム,Brassards Rutare
2139,ルターレＦアーム,Brassards Rutare F
2140,ルターレガード,Gardes Rutare
2141,ルターレＦガード,Gardes Rutare F
2142,流転の篭手,
2143,流転の篭手・魁,
2144,旋転の篭手,
2145,旋転の篭手・魁,
2146,厳岩の籠手,
2147,厳岩の籠手・魁,
2148,不破の籠手,
2149,不破の籠手・魁,
2150,無想の籠手,
2151,無想の籠手・魁,
2152,俊激の袖,
2153,俊激の袖・魁,
2154,スイフドアーム,Brassards Suifudo
2155,スイフドＦアーム,Brassards Suifudo F
2156,メロデスアーム,Brassards Merodesu
2157,メロデスＦアーム,Brassards Merodesu F
2158,スマトスアーム,Brassards Sumatosu
2159,スマトスＦアーム,Brassards Sumatosu F
2160,パッシオガード,Gardes Passhio
2161,パッシオＦガード,Gardes Passhio F
2162,カウチュアーム・灰,
2163,カウチュＦアーム・灰,
2164,カウチュガード・灰,
2165,カウチュＦガード・灰,
2166,カウチュアーム・青,Brassards Kauchu bleus
2167,カウチュＦアーム・青,Brassards Kauchu F bleus
2168,カウチュガード・青,Gardes Kauchu bleues
2169,カウチュＦガード・青,Gardes Kauchu F bleues
2170,カウチュアーム・橙,Brassards Kauchu orange
2171,カウチュＦアーム・橙,Brassards Kauchu F orange
2172,カウチュガード・橙,Gardes Kauchu orange
2173,カウチュＦガード・橙,Gardes Kauchu F orange
2174,カウチュアーム・緑,Brassards Kauchu verts
2175,カウチュＦアーム・緑,Brassards Kauchu F verts
2176,カウチュガード・緑,Gardes Kauchu vertes
2177,カウチュＦガード・緑,Gardes Kauchu F vertes
2178,ジストレルＦアーム,Brassards Jisutoreru F
2179,リサーザＦアーム,Brassards Risaaza F
2180,リサーザＦガード,Gardes Risaaza F
2181,テクストFZアーム・紫,Brassards Texte FZ violets
2182,テクストFZアーム・緑,Brassards Texte FZ verts
2183,テクストFZアーム・青,Brassards Texte FZ bleus
2184,テクストFZアーム・黒,Brassards Texte FZ noirs
2185,テクストFZガード・紫,Gardes Texte FZ violettes
2186,テクストFZガード・緑,Gardes Texte FZ vertes
2187,テクストFZガード・青,Gardes Texte FZ bleues
2188,テクストFZガード・黒,Gardes Texte FZ noires
2189,スリートFZアーム・黄,Brassards Grésil FZ jaunes
2190,スリートFZアーム・銀,Brassards Grésil FZ argentés
2191,スリートFZアーム・赤,Brassards Grésil FZ rouges
2192,スリートFZアーム・青,Brassards Grésil FZ bleus
2193,スリートFZガード・黄,Gardes Grésil FZ jaunes
2194,スリートFZガード・銀,Gardes Grésil FZ argentées
2195,スリートFZガード・赤,Gardes Grésil FZ rouges
2196,スリートFZガード・青,Gardes Grésil FZ bleues
2197,ステノFZアーム・橙,Brassards Stheno FZ orange
2198,ステノFZアーム・桃,Brassards Stheno FZ roses
2199,ステノFZアーム・青,Brassards Stheno FZ bleus
2200,ステノFZアーム・赤,Brassards Stheno FZ rouges
2201,ステノFZガード・橙,Gardes Stheno FZ orange
2202,ステノFZガード・桃,Gardes Stheno FZ roses
2203,ステノFZガード・青,Gardes Stheno FZ bleues
2204,ステノFZガード・赤,Gardes Stheno FZ rouges
2205,エディオFZアーム・青,Brassards Edio FZ bleus
2206,エディオFZアーム・赤,Brassards Edio FZ rouges
2207,エディオFZアーム・黄,Brassards Edio FZ jaunes
2208,エディオFZアーム・黒,Brassards Edio FZ noirs
2209,エディオFZガード・青,Gardes Edio FZ bleues
2210,エディオFZガード・赤,Gardes Edio FZ rouges
2211,エディオFZガード・黄,Gardes Edio FZ jaunes
2212,エディオFZガード・黒,Gardes Edio FZ noires
2213,ガリトスFZアーム・茶,Brassards Garitos FZ bruns
2214,ガリトスFZアーム・赤,Brassards Garitos FZ rouges
2215,ガリトスFZアーム・黒,Brassards Garitos FZ noirs
2216,ガリトスFZアーム・水,
2217,ガリトスFZガード・茶,Gardes Garitos FZ brunes
2218,ガリトスFZガード・赤,Gardes Garitos FZ rouges
2219,ガリトスFZガード・黒,Gardes Garitos FZ noires
2220,ガリトスFZガード・水,
2221,ベイルＦガントレット,
2222,ダミー,
2223,ジェスアーム,Brassards Jess
2224,ジェスＦアーム,Brassards Jess F
2225,ジェスFYアーム,Brassards Jess FY
2226,ジェスHCアーム,Brassards Jess HC
2227,ジェスガード,Gardes Jess
2228,ジェスＦガード,Gardes Jess F
2229,ジェスFYガード,Gardes Jess FY
2230,ジェスHCガード,Gardes Jess HC
2231,エクエスHCアーム,Brassards Eques HC
2232,エクエスHCガード,Gardes Eques HC
2233,クラージHCアーム,Brassards Kuraaji HC
2234,クラージHCガード,Gardes Kuraaji HC
2235,メランFYアーム,Brassards Melan FY
2236,メランHCアーム,Brassards Melan HC
2237,メランFYガード,Gardes Melan FY
2238,メランHCガード,Gardes Melan HC
2239,ハルバダーFYアーム,Brassards Harubadaa FY
2240,ハルバダーHCアーム,Brassards Harubadaa HC
2241,トラッカーFYガード,Gardes Traqueur FY
2242,トラッカーHCガード,Gardes Traqueur HC
2243,オメットFZアーム・黒,Brassards Omet FZ noirs
2244,オメットFZガード・黒,Gardes Omet FZ noires
2245,オメットFZアーム・赤,Brassards Omet FZ rouges
2246,オメットFZガード・赤,Gardes Omet FZ rouges
2247,オメットFZアーム・白,Brassards Omet FZ blancs
2248,オメットFZガード・白,Gardes Omet FZ blanches
2249,オメットFZアーム・青,Brassards Omet FZ bleus
2250,オメットFZガード・青,Gardes Omet FZ bleues
2251,カウチュFZアーム・灰,
2252,カウチュFZガード・灰,
2253,カウチュFZアーム・青,Brassards Kauchu FZ bleus
2254,カウチュFZガード・青,Gardes Kauchu FZ bleues
2255,カウチュFZアーム・橙,Brassards Kauchu FZ orange
2256,カウチュFZガード・橙,Gardes Kauchu FZ orange
2257,カウチュFZアーム・緑,Brassards Kauchu FZ verts
2258,カウチュFZガード・緑,Gardes Kauchu FZ vertes
2259,カウチュHCアーム・灰,
2260,カウチュHCガード・灰,
2261,カウチュHCアーム・青,Brassards Kauchu HC bleus
2262,カウチュHCガード・青,Gardes Kauchu HC bleues
2263,カウチュHCアーム・橙,Brassards Kauchu HC orange
2264,カウチュHCガード・橙,Gardes Kauchu HC orange
2265,カウチュHCアーム・緑,Brassards Kauchu HC verts
2266,カウチュHCガード・緑,Gardes Kauchu HC vertes
2267,ガウスFZアーム,Brassards Gauss FZ
2268,ウェーバFZアーム,Brassards Weber FZ
2269,ギルバートFZアーム,Brassards Gilbert FZ
2270,ガウスFZガード,Gardes Gauss FZ
2271,ウェーバFZガード,Gardes Weber FZ
2272,ギルバートFZガード,Gardes Gilbert FZ
2273,ガウスHCアーム,Brassards Gauss HC
2274,ウェーバHCアーム,Brassards Weber HC
2275,ギルバートHCアーム,Brassards Gilbert HC
2276,ガウスHCガード,Gardes Gauss HC
2277,ウェーバHCガード,Gardes Weber HC
2278,ギルバートHCガード,Gardes Gilbert HC
2279,シャランFZアーム・青,Brassards Sharan FZ bleus
2280,シャランHCアーム・青,Brassards Sharan HC bleus
2281,シャランFZガード・青,Gardes Sharan FZ bleues
2282,シャランHCガード・青,Gardes Sharan HC bleues
2283,シャランFZアーム・緑,Brassards Sharan FZ verts
2284,シャランHCアーム・緑,Brassards Sharan HC verts
2285,シャランFZガード・緑,Gardes Sharan FZ vertes
2286,シャランHCガード・緑,Gardes Sharan HC vertes
2287,シャランFZアーム・紫,Brassards Sharan FZ violets
2288,シャランHCアーム・紫,Brassards Sharan HC violets
2289,シャランFZガード・紫,Gardes Sharan FZ violettes
2290,シャランHCガード・紫,Gardes Sharan HC violettes
2291,シャランFZアーム・白,Brassards Sharan FZ blancs
2292,シャランHCアーム・白,Brassards Sharan HC blancs
2293,シャランFZガード・白,Gardes Sharan FZ blanches
2294,シャランHCガード・白,Gardes Sharan HC blanches
2295,ダミー,
2296,ダミー,
2297,ダミー,
2298,ダミー,
2299,ダミー,
2300,ダミー,
2301,ダミー,
2302,ダミー,
2303,ダミー,
2304,ダミー,
2305,ダミー,
2306,ダミー,
2307,ダミー,
2308,ダミー,
2309,ダミー,
2310,ダミー,
2311,ダミー,
2312,ダミー,
2313,ダミー,
2314,ダミー,
2315,ダミー,
2316,ダミー,
2317,クアルアーム,Brassards Kuaru
2318,クアルＦアーム,Brassards Kuaru F
2319,クアルFXアーム,Brassards Kuaru FX
2320,クアルガード,Gardes Kuaru
2321,クアルＦガード,Gardes Kuaru F
2322,クアルFXガード,Gardes Kuaru FX
2323,ウィンドハトゥー,
2324,ウィンドマカーン,
2325,ルコクロウSP白,
2326,ルコクロウSP青,
2327,ルコクロウSP赤,
2328,ルコフィストSP白,
2329,ルコフィストSP青,
2330,ルコフィストSP赤,
2331,コムラダアームSP白赤,
2332,コムラダアームSP白青,
2333,コムラダアームSP白黄,
2334,ルベライトアーム,Brassards Rubellite
2335,ルベライトＦアーム,Brassards Rubellite F
2336,ルベライトFXアーム,Brassards Rubellite FX
2337,ラズライトアーム,Brassards Lazurite
2338,ラズライトＦアーム,Brassards Lazurite F
2339,ラズライトFXアーム,Brassards Lazurite FX
2340,ジルコンアーム,
2341,ジルコンＦアーム,
2342,ジルコンFXアーム,
2343,スピネルアーム,Brassards Spinel
2344,スピネルＦアーム,Brassards Spinel F
2345,スピネルFXアーム,Brassards Spinel FX
2346,パイローブアーム,Brassards Pyrope
2347,パイローブＦアーム,Brassards Pyrope F
2348,パイローブFXアーム,Brassards Pyrope FX
2349,アイオラアーム,Brassards Iolite
2350,アイオラＦアーム,Brassards Iolite F
2351,アイオラFXアーム,Brassards Iolite FX
2352,ジェイドアーム,
2353,ジェイドＦアーム,
2354,ジェイドFXアーム,
2355,アゲートアーム,
2356,アゲートＦアーム,
2357,アゲートFXアーム,
2358,シトリンガード,Gardes Citrine
2359,シトリンＦガード,Gardes Citrine F
2360,シトリンFXガード,Gardes Citrine FX
2361,ペリドットガード,Gardes Peridot
2362,ペリドットＦガード,Gardes Peridot F
2363,ペリドットFXガード,Gardes Peridot FX
2364,ターコイズガード,
2365,ターコイズＦガード,
2366,ターコイズFXガード,
2367,納言ノ袖,
2368,納言ノ袖・魁,
2369,納言ノ袖・粋,
2370,納言ノ袖・華,
2371,式部ノ袖,
2372,式部ノ袖・魁,
2373,式部ノ袖・粋,
2374,式部ノ袖・華,
2375,アルルアーム,Brassards Aruru
2376,アルルＦアーム,Brassards Aruru F
2377,アルルFYアーム,Brassards Aruru FY
2378,アルルHCアーム,Brassards Aruru HC
2379,アルルガード,Gardes Aruru
2380,アルルＦガード,Gardes Aruru F
2381,アルルFYガード,Gardes Aruru FY
2382,アルルHCガード,Gardes Aruru HC
2383,オーロワアーム,Brassards Oorowa
2384,オーロワＦアーム,Brassards Oorowa F
2385,オーロワFYアーム,Brassards Oorowa FY
2386,オーロワHCアーム,Brassards Oorowa HC
2387,オーロワガード,Gardes Oorowa
2388,オーロワＦガード,Gardes Oorowa F
2389,オーロワFYガード,Gardes Oorowa FY
2390,オーロワHCガード,Gardes Oorowa HC
2391,オネロＦアーム,Brassards Onero F
2392,オネロＦガード,Gardes Onero F
2393,ディールFYアーム,Brassards Diru FY
2394,ディールFYガード,Gardes Diru FY
2395,ストレガHCアーム,Brassards Strega HC
2396,ストレガHCガード,Gardes Strega HC
2397,ザーカーHCアーム,Brassards Zaakaa HC
2398,チェイサーHCガード,Gardes Poursuivant HC
2399,鬼神ノ篭手・極,
2400,鬼神ノ篭手・天,
2401,童子ノ篭手・極,
2402,童子ノ篭手・天,
2403,アナキＦアーム,
2404,アナキFYアーム,
2405,アナキHCアーム,
2406,アナキＦガード,
2407,アナキFYガード,
2408,アナキHCガード,
2409,ロイヤルFYアーム,
2410,ロイヤルHCアーム,
2411,ロードFYガード,
2412,ロードHCガード,
2413,フレイアーム,
2414,クロノスアーム,
2415,フレイガード,
2416,クロノスガード,
2417,ヒメロスHCアーム,Brassards Himeros HC
2418,ブレシスHCアーム,Brassards Bureshisu HC
2419,カリエンHCガード,Gardes Charien HC
2420,ブランFYアーム,Brassards Buran FY
2421,ブランHCアーム,Brassards Buran HC
2422,ゲリョスLXアーム,Brassards Gypceros LX
2423,ギザミLXアーム,Brassards Ceanataur LX
2424,レックスLXアーム,Brassards Tigrex LX
2425,モノブロスLXガード,Gardes Monoblos LX
2426,ゲリョスRXアーム,Brassards Gypceros RX
2427,ギザミRXアーム,Brassards Ceanataur RX
2428,エスピナRXファオスト,
2429,モノデビルRXガード,Gardes Monodevil RX
2430,カエシスアーム水,
2431,カエシスＦアーム水,
2432,カエシスFZアーム水,
2433,カエシスガード水,
2434,カエシスＦガード水,
2435,カエシスFZガード水,
2436,カエシスアーム赤,Brassards Cayssis rouges
2437,カエシスＦアーム赤,Brassards Cayssis F rouges
2438,カエシスFZアーム赤,Brassards Cayssis FZ rouges
2439,カエシスガード赤,Gardes Cayssis rouges
2440,カエシスＦガード赤,Gardes Cayssis F rouges
2441,カエシスFZガード赤,Gardes Cayssis FZ rouges
2442,カエシスアーム青,Brassards Cayssis bleus
2443,カエシスＦアーム青,Brassards Cayssis F bleus
2444,カエシスFZアーム青,Brassards Cayssis FZ bleus
2445,カエシスガード青,Gardes Cayssis bleues
2446,カエシスＦガード青,Gardes Cayssis F bleues
2447,カエシスFZガード青,Gardes Cayssis FZ bleues
2448,カエシスアーム橙,Brassards Cayssis orange
2449,カエシスＦアーム橙,Brassards Cayssis F orange
2450,カエシスFZアーム橙,Brassards Cayssis FZ orange
2451,カエシスガード橙,Gardes Cayssis orange
2452,カエシスＦガード橙,Gardes Cayssis F orange
2453,カエシスFZガード橙,Gardes Cayssis FZ orange
2454,嵐転の篭手,Kote Rolling
2455,嵐転の篭手・魁,
2456,地転の篭手,Kote Rolling
2457,地転の篭手・魁,
2458,キュビィアーム,Brassards Cubie
2459,キュビィＦアーム,Brassards Cubie F
2460,キュビィFZアーム,Brassards Cubie FZ
2461,キュビィガード,Gardes Cubie
2462,キュビィＦガード,Gardes Cubie F
2463,キュビィFZガード,Gardes Cubie FZ
2464,フラートアーム,
2465,フラートＦアーム,
2466,ナーレーアーム,
2467,ナーレーＦアーム,
2468,ヘイツアーム,
2469,ヘイツＦアーム,
2470,レーングガード,
2471,レーングＦガード,
2472,シャッドアーム,
2473,シャッドＦアーム,
2474,フュージアーム,
2475,フュージＦアーム,
2476,タニイアーム,
2477,タニイＦアーム,
2478,ミナムガード,
2479,ミナムＦガード,
2480,シエナアーム・銀,Brassards Sienne argentés
2481,シエナＦアーム・銀,Brassards Sienne F argentés
2482,シエナFZアーム・銀,Brassards Sienne FZ argentés
2483,シエナHCアーム・銀,Brassards Sienne HC argentés
2484,シエナガード・銀,Gardes Sienne argentées
2485,シエナＦガード・銀,Gardes Sienne F argentées
2486,シエナFZガード・銀,Gardes Sienne FZ argentées
2487,シエナHCガード・銀,Gardes Sienne HC argentées
2488,シエナアーム・黒,Brassards Sienne noirs
2489,シエナＦアーム・黒,Brassards Sienne F noirs
2490,シエナFZアーム・黒,Brassards Sienne FZ noirs
2491,シエナHCアーム・黒,Brassards Sienne HC noirs
2492,シエナガード・黒,Gardes Sienne noires
2493,シエナＦガード・黒,Gardes Sienne F noires
2494,シエナFZガード・黒,Gardes Sienne FZ noires
2495,シエナHCガード・黒,Gardes Sienne HC noires
2496,シエナアーム・赤,Brassards Sienne rouges
2497,シエナＦアーム・赤,Brassards Sienne F rouges
2498,シエナFZアーム・赤,Brassards Sienne FZ rouges
2499,シエナHCアーム・赤,Brassards Sienne HC rouges
2500,シエナガード・赤,Gardes Sienne rouges
2501,シエナＦガード・赤,Gardes Sienne F rouges
2502,シエナFZガード・赤,Gardes Sienne FZ rouges
2503,シエナHCガード・赤,Gardes Sienne HC rouges
2504,シエナアーム・青,Brassards Sienne bleus
2505,シエナＦアーム・青,Brassards Sienne F bleus
2506,シエナFZアーム・青,Brassards Sienne FZ bleus
2507,シエナHCアーム・青,Brassards Sienne HC bleus
2508,シエナガード・青,Gardes Sienne bleues
2509,シエナＦガード・青,Gardes Sienne F bleues
2510,シエナFZガード・青,Gardes Sienne FZ bleues
2511,シエナHCガード・青,Gardes Sienne HC bleues
2512,ガウスアーム,Brassards Gauss
2513,ガウスＦアーム,Brassards Gauss F
2514,ウェーバアーム,Brassards Weber
2515,ウェーバＦアーム,Brassards Weber F
2516,ギルバートアーム,Brassards Gilbert
2517,ギルバートＦアーム,Brassards Gilbert F
2518,ガウスガード,Gardes Gauss
2519,ガウスＦガード,Gardes Gauss F
2520,ウェーバガード,Gardes Weber
2521,ウェーバＦガード,Gardes Weber F
2522,ギルバートガード,Gardes Gilbert
2523,ギルバートＦガード,Gardes Gilbert F
2524,レギュクスＦアーム,Brassards Regyukusu F
2525,レギュクスＦガード,Gardes Regyukusu F
2526,ガルーダFZアーム,Brassards Garuda FZ
2527,ガルーダFZガード,Gardes Garuda FZ
2528,フィアラルFZアーム,Brassards Féral FZ
2529,フィアラルFZガード,Gardes Féral FZ
2530,パンデウムFZアーム,Brassards Pandeum FZ
2531,パンデウムFZガード,Gardes Pandeum FZ
2532,ディアンFZアーム,Brassards Dian FZ
2533,ディアンFZガード,Gardes Dian FZ
2534,ワイルドFZアーム,Brassards Sauvage FZ
2535,ワイルドFZガード,Gardes Sauvage FZ
2536,フラウアFZアーム,Brassards Fleur FZ
2537,フラウアFZガード,Gardes Fleur FZ
2538,フィアスFZアーム,Brassards Fias FZ
2539,フィアスFZガード,Gardes Fias FZ
2540,ヴィルトFZアーム,Brassards Viruto FZ
2541,ヴィルトFZガード,Gardes Viruto FZ
2542,テューンFZアーム,
2543,シュナイトFZガード,Gardes Schnite FZ
2544,ディクトFZアーム,Brassards Dicto FZ
2545,ディレットFZガード,Gardes Diletto FZ
2546,クリュスFZアーム,Brassards Kruss FZ
2547,クォートFZガード,
2548,スタリナFZアーム,Brassards Starina FZ
2549,スタリナFZガード,Gardes Starina FZ
2550,ルースFZアーム,
2551,ルースFZガード,
2552,ミラドFZアーム,Brassards Mirado FZ
2553,ミラドFZガード,Gardes Mirado FZ
2554,デュールFZアーム,Brassards Deyuru FZ
2555,デュールFZガード,Gardes Deyuru FZ
2556,ロバストFZハトゥー,
2557,ロバストFZフィスト,
2558,ファルコFZアーム,Brassards Falco FZ
2559,ファルコFZガード,Gardes Falco FZ
2560,ハウクスFZアーム,Brassards Howx FZ
2561,ハウクスFZガード,Gardes Howx FZ
2562,ピラータFZアーム,Brassards Pirata FZ
2563,ピラータFZガード,Gardes Pirata FZ
2564,ゼロイFZアーム,Brassards Zeroi FZ
2565,ゼロイFZガード,Gardes Zeroi FZ
2566,レイルFZアーム,
2567,レイルFZガード,
2568,リーデレFZアーム,Brassards Ridere FZ
2569,リーデレFZガード,Gardes Ridere FZ
2570,リエットFZアーム,Brassards Émeute FZ
2571,リエットFZガード,Gardes Émeute FZ
2572,ルターレFZアーム,Brassards Rutare FZ
2573,ルターレFZガード,Gardes Rutare FZ
2574,流転の篭手・雅,
2575,旋転の篭手・雅,
2576,嵐転の篭手・雅,
2577,地転の篭手・雅,
2578,オディバアーム,Brassards Odiva
2579,オディバＦアーム,Brassards Odiva F
2580,オディバFXアーム,Brassards Odiva FX
2581,オディバガード,Gardes Odiva
2582,オディバＦガード,Gardes Odiva F
2583,オディバFXガード,Gardes Odiva FX
2584,武者【篭手】,
2585,日光【篭手】,
2586,ブリッツＦアーム,
2587,ブリッツＦグローブ,
2588,フレイムＦアーム,Brassards Flamme F
2589,フレイムＦガード,Gardes Flamme F
2590,ウィンドＦハトゥー,
2591,ウィンドＦマカーン,
2592,武者Ｆ【篭手】,
2593,日光Ｆ【篭手】,
2594,ワダツミＦ【大袖】,
2595,オカミＦ【大袖】,
2596,チャチャブプーニヨ,
2597,チャチャブプニュス,
2598,チャチャブマーノ,
2599,チャチャブケイル,
2600,サンタアーム,Brassards Santa
2601,サンタＦアーム,Brassards Santa F
2602,サンタガード,Gardes Santa
2603,サンタＦガード,Gardes Santa F
2604,トリートアーム,
2605,トリートＦアーム,
2606,トリートFYアーム,
2607,トリートHCアーム,
2608,トリートガード,
2609,トリートＦガード,
2610,トリートFYガード,
2611,トリートHCガード,
2612,タングスアーム,Brassards Tangusu
2613,タングスＦアーム,Brassards Tangusu F
2614,タングスFYアーム,Brassards Tangusu FY
2615,タングスHCアーム,Brassards Tangusu HC
2616,コバルタガード,Gardes Kobaruta
2617,コバルタＦガード,Gardes Kobaruta F
2618,コバルタFYガード,Gardes Kobaruta FY
2619,コバルタHCガード,Gardes Kobaruta HC
2620,ドグメアアーム,Brassards Dogumea
2621,ドグメアＦアーム,Brassards Dogumea F
2622,ドグメアFYアーム,Brassards Dogumea FY
2623,ドグメアHCアーム,Brassards Dogumea HC
2624,ドグメアガード,Gardes Dogumea
2625,ドグメアＦガード,Gardes Dogumea F
2626,ドグメアFYガード,Gardes Dogumea FY
2627,ドグメアHCガード,Gardes Dogumea HC
2628,マダルアーム,Brassards Madaru
2629,マダルＦアーム,Brassards Madaru F
2630,マダルFYアーム,Brassards Madaru FY
2631,マダルHCアーム,Brassards Madaru HC
2632,マダルガード,Gardes Madaru
2633,マダルＦガード,Gardes Madaru F
2634,マダルFYガード,Gardes Madaru FY
2635,マダルHCガード,Gardes Madaru HC
2636,ディールHCアーム,Brassards Diru HC
2637,ディールHCガード,Gardes Diru HC
2638,ヴィネンFYアーム,Brassards Vinen FY
2639,ヴィネンHCアーム,Brassards Vinen HC
2640,ヴィネンFYガード,Gardes Vinen FY
2641,ヴィネンHCガード,Gardes Vinen HC
2642,ブレオFYアーム,Brassards Breo FY
2643,ブレオHCアーム,Brassards Breo HC
2644,カカブＦアーム,Brassards Kakabu F
2645,カカブFYアーム,Brassards Kakabu FY
2646,カカブHCアーム,Brassards Kakabu HC
2647,カカブＦガード,Gardes Kakabu F
2648,カカブFYガード,Gardes Kakabu FY
2649,カカブHCガード,Gardes Kakabu HC
2650,ゴスペルFYアーム,
2651,ゴスペルHCアーム,
2652,ゴスペルFYガード,
2653,ゴスペルHCガード,
2654,ゾデックアーム・青,Brassards Zodec bleus
2655,ゾデックＦアーム・青,Brassards Zodec F bleus
2656,ゾデックFZアーム・青,Brassards Zodec FZ bleus
2657,ゾデックガード・青,Gardes Zodec bleues
2658,ゾデックＦガード・青,Gardes Zodec F bleues
2659,ゾデックFZガード・青,Gardes Zodec FZ bleues
2660,ゾデックアーム・茶,Brassards Zodec bruns
2661,ゾデックＦアーム・茶,Brassards Zodec F bruns
2662,ゾデックFZアーム・茶,Brassards Zodec FZ bruns
2663,ゾデックガード・茶,Gardes Zodec brunes
2664,ゾデックＦガード・茶,Gardes Zodec F brunes
2665,ゾデックFZガード・茶,Gardes Zodec FZ brunes
2666,ゾデックアーム・緑,Brassards Zodec verts
2667,ゾデックＦアーム・緑,Brassards Zodec F verts
2668,ゾデックFZアーム・緑,Brassards Zodec FZ verts
2669,ゾデックガード・緑,Gardes Zodec vertes
2670,ゾデックＦガード・緑,Gardes Zodec F vertes
2671,ゾデックFZガード・緑,Gardes Zodec FZ vertes
2672,ゾデックアーム・桜,
2673,ゾデックＦアーム・桜,
2674,ゾデックFZアーム・桜,
2675,ゾデックガード・桜,
2676,ゾデックＦガード・桜,
2677,ゾデックFZガード・桜,
2678,レイストアーム・黒,Brassards Reist noirs
2679,レイストＦアーム・黒,Brassards Reist F noirs
2680,レイストFZアーム・黒,Brassards Reist FZ noirs
2681,レイストHCアーム・黒,Brassards Reist HC noirs
2682,レイストガード・黒,Gardes Reist noires
2683,レイストＦガード・黒,Gardes Reist F noires
2684,レイストFZガード・黒,Gardes Reist FZ noires
2685,レイストHCガード・黒,Gardes Reist HC noires
2686,レイストアーム・青,Brassards Reist bleus
2687,レイストＦアーム・青,Brassards Reist F bleus
2688,レイストFZアーム・青,Brassards Reist FZ bleus
2689,レイストHCアーム・青,Brassards Reist HC bleus
2690,レイストガード・青,Gardes Reist bleues
2691,レイストＦガード・青,Gardes Reist F bleues
2692,レイストFZガード・青,Gardes Reist FZ bleues
2693,レイストHCガード・青,Gardes Reist HC bleues
2694,レイストアーム・紅,Brassards Reist cramoisis
2695,レイストＦアーム・紅,Brassards Reist F cramoisis
2696,レイストFZアーム・紅,Brassards Reist FZ cramoisis
2697,レイストHCアーム・紅,Brassards Reist HC cramoisis
2698,レイストガード・紅,Gardes Reist cramoisies
2699,レイストＦガード・紅,Gardes Reist F cramoisies
2700,レイストFZガード・紅,Gardes Reist FZ cramoisies
2701,レイストHCガード・紅,Gardes Reist HC cramoisies
2702,レイストアーム・白,Brassards Reist blancs
2703,レイストＦアーム・白,Brassards Reist F blancs
2704,レイストFZアーム・白,Brassards Reist FZ blancs
2705,レイストHCアーム・白,Brassards Reist HC blancs
2706,レイストガード・白,Gardes Reist blanches
2707,レイストＦガード・白,Gardes Reist F blanches
2708,レイストFZガード・白,Gardes Reist FZ blanches
2709,レイストHCガード・白,Gardes Reist HC blanches
2710,ラトリアアーム,Brassards Latria
2711,ラトリアＦアーム,Brassards Latria F
2712,ラトリアFZアーム,Brassards Latria FZ
2713,ラトリアガード,Gardes Latria
2714,ラトリアＦガード,Gardes Latria F
2715,ラトリアFZガード,Gardes Latria FZ
2716,ケモルアーム,Brassards Kemor
2717,ケモルＦアーム,Brassards Kemor F
2718,ケモルFZアーム,Brassards Kemor FZ
2719,ケモルガード,Gardes Kemor
2720,ケモルＦガード,Gardes Kemor F
2721,ケモルFZガード,Gardes Kemor FZ
2722,ダミー,
2723,ダミー,
2724,剣士ランク１,
2725,剣士ランク２,
2726,剣士ランク３,
2727,剣士ランク４,
2728,剣士ランク５,
2729,剣士ランク６,
2730,剣士ランク７,
2731,ガンランク１,
2732,ガンランク２,
2733,ガンランク３,
2734,ガンランク４,
2735,ガンランク５,
2736,ガンランク６,
2737,ガンランク７,
2738,デュスノＦアーム,
2739,デュスノＦガード,
2740,ブリッツFXアーム,
2741,ブリッツFXグローブ,
2742,フレイムFXアーム,Brassards Flamme FX
2743,フレイムFXガード,Gardes Flamme FX
2744,ウィンドFXハトゥー,
2745,ウィンドFXマカーン,
2746,武者FX【篭手】,
2747,日光FX【篭手】,
2748,ワダツミFX【大袖】,
2749,オカミFX【大袖】,
2750,ラヴィHCアーム,Brassards Raviente HC
2751,ラヴィHCガード,Gardes Raviente HC
2752,エスピナHCファオスト,
2753,エスピナHCベギアデ,
2754,アクラHCアーム,Brassards Akura HC
2755,アクラHCガード,Gardes Akura HC
2756,アクラHCアーム黄,Brassards Akura HC jaunes
2757,アクラHCガード黄,Gardes Akura HC jaunes
2758,アクラHCアーム蒼,Brassards Akura HC azur
2759,アクラHCガード蒼,Gardes Akura HC azur
2760,アクラHCアーム紅,Brassards Akura HC cramoisis
2761,アクラHCガード紅,Gardes Akura HC cramoisies
2762,稲荷・HC【篭手】,
2763,玉藻・HC【篭手】,
2764,ベルHCアーム,Brassards Beru HC
2765,ベルHCガード,Gardes Beru HC
2766,パリアHCアーム,Brassards Paria HC
2767,パリアHCガード,Gardes Paria HC
2768,グレンHCアーム,Brassards Guren HC
2769,グレンHCガード,Gardes Guren HC
2770,神楽HC【篭手】,
2771,神座HC【篭手】,
2772,ゴゴHCアーム,Brassards Gogomoa HC
2773,ゴゴHCガード,Gardes Gogomoa HC
2774,ルコHCクロウ,
2775,ルコHCフィスト,
2776,ザムザHCアーム,Brassards Zamuza HC
2777,ザムザHCガード,Gardes Zamuza HC
2778,アビオHCアーム,Brassards Abiorugu HC
2779,アビオHCガード,Gardes Abiorugu HC
2780,クアルHCアーム,Brassards Kuaru HC
2781,クアルHCガード,Gardes Kuaru HC
2782,テクストHCアーム・紫,Brassards Texte HC violets
2783,テクストHCガード・紫,Gardes Texte HC violettes
2784,テクストHCアーム・緑,Brassards Texte HC verts
2785,テクストHCガード・緑,Gardes Texte HC vertes
2786,テクストHCアーム・青,Brassards Texte HC bleus
2787,テクストHCガード・青,Gardes Texte HC bleues
2788,テクストHCアーム・黒,Brassards Texte HC noirs
2789,テクストHCガード・黒,Gardes Texte HC noires
2790,スリートHCアーム・黄,Brassards Grésil HC jaunes
2791,スリートHCガード・黄,Gardes Grésil HC jaunes
2792,スリートHCアーム・銀,Brassards Grésil HC argentés
2793,スリートHCガード・銀,Gardes Grésil HC argentées
2794,スリートHCアーム・赤,Brassards Grésil HC rouges
2795,スリートHCガード・赤,Gardes Grésil HC rouges
2796,スリートHCアーム・青,Brassards Grésil HC bleus
2797,スリートHCガード・青,Gardes Grésil HC bleues
2798,ステノHCアーム・橙,Brassards Stheno HC orange
2799,ステノHCガード・橙,Gardes Stheno HC orange
2800,ステノHCアーム・桃,Brassards Stheno HC roses
2801,ステノHCガード・桃,Gardes Stheno HC roses
2802,ステノHCアーム・青,Brassards Stheno HC bleus
2803,ステノHCガード・青,Gardes Stheno HC bleues
2804,ステノHCアーム・赤,Brassards Stheno HC rouges
2805,ステノHCガード・赤,Gardes Stheno HC rouges
2806,レイジFZアーム,Brassards Rage FZ
2807,レイジHCアーム,Brassards Rage HC
2808,レイジFZガード,Gardes Rage FZ
2809,レイジHCガード,Gardes Rage HC
2810,ランページFZアーム,Brassards Déchaînement FZ
2811,ランページHCアーム,Brassards Déchaînement HC
2812,ランページFZガード,Gardes Déchaînement FZ
2813,ランページHCガード,Gardes Déchaînement HC
2814,ブレイズFZアーム,Brassards Brasier FZ
2815,ブレイズHCアーム,Brassards Brasier HC
2816,ブレイズFZガード,Gardes Brasier FZ
2817,ブレイズHCガード,Gardes Brasier HC
2818,アージェHCアーム,Brassards Arge HC
2819,アージェHCガード,Gardes Arge HC
2820,カマレラHCアーム,Brassards Camarera HC
2821,カマレラHCガード,Gardes Camarera HC
2822,メテネラHCアーム,Brassards Metenera HC
2823,メテネラHCガード,Gardes Metenera HC
2824,ファランFZアーム・白,Brassards Faran FZ blancs
2825,ファランHCアーム・白,Brassards Faran HC blancs
2826,ファランFZガード・白,Gardes Faran FZ blanches
2827,ファランHCガード・白,Gardes Faran HC blanches
2828,ファランFZアーム・黒,Brassards Faran FZ noirs
2829,ファランHCアーム・黒,Brassards Faran HC noirs
2830,ファランFZガード・黒,Gardes Faran FZ noires
2831,ファランHCガード・黒,Gardes Faran HC noires
2832,ファランFZアーム・赤,Brassards Faran FZ rouges
2833,ファランHCアーム・赤,Brassards Faran HC rouges
2834,ファランFZガード・赤,Gardes Faran FZ rouges
2835,ファランHCガード・赤,Gardes Faran HC rouges
2836,ファランFZアーム・青,Brassards Faran FZ bleus
2837,ファランHCアーム・青,Brassards Faran HC bleus
2838,ファランFZガード・青,Gardes Faran FZ bleues
2839,ファランHCガード・青,Gardes Faran HC bleues
2840,ゾデックHCアーム・青,Brassards Zodec HC bleus
2841,ゾデックHCガード・青,Gardes Zodec HC bleues
2842,ゾデックHCアーム・茶,Brassards Zodec HC bruns
2843,ゾデックHCガード・茶,Gardes Zodec HC brunes
2844,ゾデックHCアーム・緑,Brassards Zodec HC verts
2845,ゾデックHCガード・緑,Gardes Zodec HC vertes
2846,ゾデックHCアーム・桜,
2847,ゾデックHCガード・桜,
2848,ラヴィHSアーム,Brassards Raviente HS
2849,ラヴィHSガード,Gardes Raviente HS
2850,エスピナHSファオスト,
2851,エスピナHSベギアデ,
2852,アクラHSアーム,Brassards Akura HS
2853,アクラHSガード,Gardes Akura HS
2854,アクラHSアーム黄,Brassards Akura HS jaunes
2855,アクラHSガード黄,Gardes Akura HS jaunes
2856,アクラHSアーム蒼,Brassards Akura HS azur
2857,アクラHSガード蒼,Gardes Akura HS azur
2858,アクラHSアーム紅,Brassards Akura HS cramoisis
2859,アクラHSガード紅,Gardes Akura HS cramoisies
2860,稲荷・HS【篭手】,
2861,玉藻・HS【篭手】,
2862,ベルHSアーム,Brassards Beru HS
2863,ベルHSガード,Gardes Beru HS
2864,パリアHSアーム,Brassards Paria HS
2865,パリアHSガード,Gardes Paria HS
2866,グレンHSアーム,Brassards Guren HS
2867,グレンHSガード,Gardes Guren HS
2868,神楽HS【篭手】,
2869,神座HS【篭手】,
2870,ゴゴHSアーム,Brassards Gogomoa HS
2871,ゴゴHSガード,Gardes Gogomoa HS
2872,ルコHSクロウ,
2873,ルコHSフィスト,
2874,ザムザHSアーム,Brassards Zamuza HS
2875,ザムザHSガード,Gardes Zamuza HS
2876,アビオHSアーム,Brassards Abiorugu HS
2877,アビオHSガード,Gardes Abiorugu HS
2878,クアルHSアーム,Brassards Kuaru HS
2879,クアルHSガード,Gardes Kuaru HS
2880,リルスＦアーム,Brassards Lils F
2881,リルスＦガード,Gardes Lils F
2882,リルスFXアーム,Brassards Lils FX
2883,リルスFXガード,Gardes Lils FX
2884,ゾデックHSアーム・青,Brassards Zodec HS bleus
2885,ゾデックHSガード・青,Gardes Zodec HS bleues
2886,ゾデックHSアーム・茶,Brassards Zodec HS bruns
2887,ゾデックHSガード・茶,Gardes Zodec HS brunes
2888,ゾデックHSアーム・緑,Brassards Zodec HS verts
2889,ゾデックHSガード・緑,Gardes Zodec HS vertes
2890,ゾデックHSアーム・桜,
2891,ゾデックHSガード・桜,
2892,レイストHSアーム・黒,Brassards Reist HS noirs
2893,レイストHSガード・黒,Gardes Reist HS noires
2894,レイストHSアーム・青,Brassards Reist HS bleus
2895,レイストHSガード・青,Gardes Reist HS bleues
2896,レイストHSアーム・紅,Brassards Reist HS cramoisis
2897,レイストHSガード・紅,Gardes Reist HS cramoisies
2898,レイストHSアーム・白,Brassards Reist HS blancs
2899,レイストHSガード・白,Gardes Reist HS blanches
2900,クロースアーム・赤,Brassards Étoffe rouges
2901,クロースＦアーム・赤,Brassards Étoffe F rouges
2902,クロースFZアーム・赤,Brassards Étoffe FZ rouges
2903,クロースHCアーム・赤,Brassards Étoffe HC rouges
2904,クロースHSアーム・赤,Brassards Étoffe HS rouges
2905,クロースガード・赤,Gardes Étoffe rouges
2906,クロースＦガード・赤,Gardes Étoffe F rouges
2907,クロースFZガード・赤,Gardes Étoffe FZ rouges
2908,クロースHCガード・赤,Gardes Étoffe HC rouges
2909,クロースHSガード・赤,Gardes Étoffe HS rouges
2910,クロースアーム・青,Brassards Étoffe bleus
2911,クロースＦアーム・青,Brassards Étoffe F bleus
2912,クロースFZアーム・青,Brassards Étoffe FZ bleus
2913,クロースHCアーム・青,Brassards Étoffe HC bleus
2914,クロースHSアーム・青,Brassards Étoffe HS bleus
2915,クロースガード・青,Gardes Étoffe bleues
2916,クロースＦガード・青,Gardes Étoffe F bleues
2917,クロースFZガード・青,Gardes Étoffe FZ bleues
2918,クロースHCガード・青,Gardes Étoffe HC bleues
2919,クロースHSガード・青,Gardes Étoffe HS bleues
2920,クロースアーム・紫,Brassards Étoffe violets
2921,クロースＦアーム・紫,Brassards Étoffe F violets
2922,クロースFZアーム・紫,Brassards Étoffe FZ violets
2923,クロースHCアーム・紫,Brassards Étoffe HC violets
2924,クロースHSアーム・紫,Brassards Étoffe HS violets
2925,クロースガード・紫,Gardes Étoffe violettes
2926,クロースＦガード・紫,Gardes Étoffe F violettes
2927,クロースFZガード・紫,Gardes Étoffe FZ violettes
2928,クロースHCガード・紫,Gardes Étoffe HC violettes
2929,クロースHSガード・紫,Gardes Étoffe HS violettes
2930,クロースアーム・緑,Brassards Étoffe verts
2931,クロースＦアーム・緑,Brassards Étoffe F verts
2932,クロースFZアーム・緑,Brassards Étoffe FZ verts
2933,クロースHCアーム・緑,Brassards Étoffe HC verts
2934,クロースHSアーム・緑,Brassards Étoffe HS verts
2935,クロースガード・緑,Gardes Étoffe vertes
2936,クロースＦガード・緑,Gardes Étoffe F vertes
2937,クロースFZガード・緑,Gardes Étoffe FZ vertes
2938,クロースHCガード・緑,Gardes Étoffe HC vertes
2939,クロースHSガード・緑,Gardes Étoffe HS vertes
2940,一閃【篭手】・赤,
2941,一閃Ｆ【篭手】・赤,
2942,一閃FZ【篭手】・赤,
2943,一閃HC【篭手】・赤,
2944,一閃HS【篭手】・赤,
2945,構射【篭手】・赤,
2946,構射Ｆ【篭手】・赤,
2947,構射FZ【篭手】・赤,
2948,構射HC【篭手】・赤,
2949,構射HS【篭手】・赤,
2950,一閃【篭手】・青,
2951,一閃Ｆ【篭手】・青,
2952,一閃FZ【篭手】・青,
2953,一閃HC【篭手】・青,
2954,一閃HS【篭手】・青,
2955,構射【篭手】・青,
2956,構射Ｆ【篭手】・青,
2957,構射FZ【篭手】・青,
2958,構射HC【篭手】・青,
2959,構射HS【篭手】・青,
2960,一閃【篭手】・黄,
2961,一閃Ｆ【篭手】・黄,
2962,一閃FZ【篭手】・黄,
2963,一閃HC【篭手】・黄,
2964,一閃HS【篭手】・黄,
2965,構射【篭手】・黄,
2966,構射Ｆ【篭手】・黄,
2967,構射FZ【篭手】・黄,
2968,構射HC【篭手】・黄,
2969,構射HS【篭手】・黄,
2970,一閃【篭手】・黒,
2971,一閃Ｆ【篭手】・黒,
2972,一閃FZ【篭手】・黒,
2973,一閃HC【篭手】・黒,
2974,一閃HS【篭手】・黒,
2975,構射【篭手】・黒,
2976,構射Ｆ【篭手】・黒,
2977,構射FZ【篭手】・黒,
2978,構射HC【篭手】・黒,
2979,構射HS【篭手】・黒,
2980,蜂針【篭手】・橙,
2981,蜂針Ｆ【篭手】・橙,
2982,蜂針FZ【篭手】・橙,
2983,蜂針HC【篭手】・橙,
2984,蜂針HS【篭手】・橙,
2985,気弾【篭手】・橙,
2986,気弾Ｆ【篭手】・橙,
2987,気弾FZ【篭手】・橙,
2988,気弾HC【篭手】・橙,
2989,気弾HS【篭手】・橙,
2990,蜂針【篭手】・青,
2991,蜂針Ｆ【篭手】・青,
2992,蜂針FZ【篭手】・青,
2993,蜂針HC【篭手】・青,
2994,蜂針HS【篭手】・青,
2995,気弾【篭手】・青,
2996,気弾Ｆ【篭手】・青,
2997,気弾FZ【篭手】・青,
2998,気弾HC【篭手】・青,
2999,気弾HS【篭手】・青,
3000,蜂針【篭手】・黄,
3001,蜂針Ｆ【篭手】・黄,
3002,蜂針FZ【篭手】・黄,
3003,蜂針HC【篭手】・黄,
3004,蜂針HS【篭手】・黄,
3005,気弾【篭手】・黄,
3006,気弾Ｆ【篭手】・黄,
3007,気弾FZ【篭手】・黄,
3008,気弾HC【篭手】・黄,
3009,気弾HS【篭手】・黄,
3010,蜂針【篭手】・黒,
3011,蜂針Ｆ【篭手】・黒,
3012,蜂針FZ【篭手】・黒,
3013,蜂針HC【篭手】・黒,
3014,蜂針HS【篭手】・黒,
3015,気弾【篭手】・黒,
3016,気弾Ｆ【篭手】・黒,
3017,気弾FZ【篭手】・黒,
3018,気弾HC【篭手】・黒,
3019,気弾HS【篭手】・黒,
3020,アルゴルＦアーム,Brassards Algol F
3021,アルゴルFXアーム,Brassards Algol FX
3022,アルゴルＦガード,Gardes Algol F
3023,アルゴルFXガード,Gardes Algol FX
3024,抜胴【篭手】,
3025,抜胴Ｆ【篭手】,
3026,抜胴FZ【篭手】,
3027,抜胴HS【篭手】,
3028,長根【篭手】,
3029,長根Ｆ【篭手】,
3030,長根FZ【篭手】,
3031,長根HS【篭手】,
3032,花火【篭手】,
3033,花火Ｆ【篭手】,
3034,花火FZ【篭手】,
3035,花火HS【篭手】,
3036,流星【篭手】,
3037,流星Ｆ【篭手】,
3038,流星FZ【篭手】,
3039,流星HS【篭手】,
3040,居合【篭手】,
3041,居合Ｆ【篭手】,
3042,居合FZ【篭手】,
3043,居合HC【篭手】,
3044,爆裂【篭手】,
3045,爆裂Ｆ【篭手】,
3046,爆裂FZ【篭手】,
3047,爆裂HC【篭手】,
3048,脱兎【篭手】,
3049,脱兎Ｆ【篭手】,
3050,脱兎FZ【篭手】,
3051,脱兎HC【篭手】,
3052,狂咲【篭手】,
3053,狂咲Ｆ【篭手】,
3054,狂咲FZ【篭手】,
3055,狂咲HC【篭手】,
3056,正拳FZ篭手,
3057,正拳HC篭手,
3058,灼熱FZ篭手,
3059,灼熱HC篭手,
3060,龍星FZ腕環,
3061,龍星HC腕環,
3062,虎襲FZ腕環,
3063,虎襲HC腕環,
3064,コンタオアーム,Brassards Kontao
3065,コンタオＦアーム,Brassards Kontao F
3066,コンタオFZアーム,Brassards Kontao FZ
3067,ダミー,
3068,ダミー,
3069,コンタオガード,Gardes Kontao
3070,コンタオＦガード,Gardes Kontao F
3071,コンタオFZガード,Gardes Kontao FZ
3072,ダミー,
3073,ダミー,
3074,グロリアアーム・金,Brassards Gloria dorés
3075,グロリアＦアーム・金,Brassards Gloria F dorés
3076,グロリアFZアーム・金,Brassards Gloria FZ dorés
3077,グロリアHCアーム・金,Brassards Gloria HC dorés
3078,グロリアHSアーム・金,Brassards Gloria HS dorés
3079,グロリアガード・金,Gardes Gloria dorées
3080,グロリアＦガード・金,Gardes Gloria F dorées
3081,グロリアFZガード・金,Gardes Gloria FZ dorées
3082,グロリアHCガード・金,Gardes Gloria HC dorées
3083,グロリアHSガード・金,Gardes Gloria HS dorées
3084,グロリアアーム・青,Brassards Gloria bleus
3085,グロリアＦアーム・青,Brassards Gloria F bleus
3086,グロリアFZアーム・青,Brassards Gloria FZ bleus
3087,グロリアHCアーム・青,Brassards Gloria HC bleus
3088,グロリアHSアーム・青,Brassards Gloria HS bleus
3089,グロリアガード・青,Gardes Gloria bleues
3090,グロリアＦガード・青,Gardes Gloria F bleues
3091,グロリアFZガード・青,Gardes Gloria FZ bleues
3092,グロリアHCガード・青,Gardes Gloria HC bleues
3093,グロリアHSガード・青,Gardes Gloria HS bleues
3094,グロリアアーム・水,
3095,グロリアＦアーム・水,
3096,グロリアFZアーム・水,
3097,グロリアHCアーム・水,
3098,グロリアHSアーム・水,
3099,グロリアガード・水,
3100,グロリアＦガード・水,
3101,グロリアFZガード・水,
3102,グロリアHCガード・水,
3103,グロリアHSガード・水,
3104,グロリアアーム・赤,Brassards Gloria rouges
3105,グロリアＦアーム・赤,Brassards Gloria F rouges
3106,グロリアFZアーム・赤,Brassards Gloria FZ rouges
3107,グロリアHCアーム・赤,Brassards Gloria HC rouges
3108,グロリアHSアーム・赤,Brassards Gloria HS rouges
3109,グロリアガード・赤,Gardes Gloria rouges
3110,グロリアＦガード・赤,Gardes Gloria F rouges
3111,グロリアFZガード・赤,Gardes Gloria FZ rouges
3112,グロリアHCガード・赤,Gardes Gloria HC rouges
3113,グロリアHSガード・赤,Gardes Gloria HS rouges
3114,神龍篭手・赤,
3115,神龍Ｆ篭手・赤,
3116,神龍FZ篭手・赤,
3117,神龍HC篭手・赤,
3118,神龍HS篭手・赤,
3119,裂破篭手・赤,
3120,裂破Ｆ篭手・赤,
3121,裂破FZ篭手・赤,
3122,裂破HC篭手・赤,
3123,裂破HS篭手・赤,
3124,神龍篭手・白,
3125,神龍Ｆ篭手・白,
3126,神龍FZ篭手・白,
3127,神龍HC篭手・白,
3128,神龍HS篭手・白,
3129,裂破篭手・白,
3130,裂破Ｆ篭手・白,
3131,裂破FZ篭手・白,
3132,裂破HC篭手・白,
3133,裂破HS篭手・白,
3134,神龍篭手・紫,
3135,神龍Ｆ篭手・紫,
3136,神龍FZ篭手・紫,
3137,神龍HC篭手・紫,
3138,神龍HS篭手・紫,
3139,裂破篭手・紫,
3140,裂破Ｆ篭手・紫,
3141,裂破FZ篭手・紫,
3142,裂破HC篭手・紫,
3143,裂破HS篭手・紫,
3144,神龍篭手・黄,
3145,神龍Ｆ篭手・黄,
3146,神龍FZ篭手・黄,
3147,神龍HC篭手・黄,
3148,神龍HS篭手・黄,
3149,裂破篭手・黄,
3150,裂破Ｆ篭手・黄,
3151,裂破FZ篭手・黄,
3152,裂破HC篭手・黄,
3153,裂破HS篭手・黄,
3154,キャノングラブ・水,
3155,キャノンＦグラブ・水,
3156,キャノンFZグラブ・水,
3157,キャノンHCグラブ・水,
3158,キャノンHSグラブ・水,
3159,アクセルグラブ・水,
3160,アクセルＦグラブ・水,
3161,アクセルFZグラブ・水,
3162,アクセルHCグラブ・水,
3163,アクセルHSグラブ・水,
3164,キャノングラブ・緑,
3165,キャノンＦグラブ・緑,
3166,キャノンFZグラブ・緑,
3167,キャノンHCグラブ・緑,
3168,キャノンHSグラブ・緑,
3169,アクセルグラブ・緑,
3170,アクセルＦグラブ・緑,
3171,アクセルFZグラブ・緑,
3172,アクセルHCグラブ・緑,
3173,アクセルHSグラブ・緑,
3174,キャノングラブ・桃,
3175,キャノンＦグラブ・桃,
3176,キャノンFZグラブ・桃,
3177,キャノンHCグラブ・桃,
3178,キャノンHSグラブ・桃,
3179,アクセルグラブ・桃,
3180,アクセルＦグラブ・桃,
3181,アクセルFZグラブ・桃,
3182,アクセルHCグラブ・桃,
3183,アクセルHSグラブ・桃,
3184,キャノングラブ・紫,
3185,キャノンＦグラブ・紫,
3186,キャノンFZグラブ・紫,
3187,キャノンHCグラブ・紫,
3188,キャノンHSグラブ・紫,
3189,アクセルグラブ・紫,
3190,アクセルＦグラブ・紫,
3191,アクセルFZグラブ・紫,
3192,アクセルHCグラブ・紫,
3193,アクセルHSグラブ・紫,
3194,剣士ランク8,
3195,剣士ランク9,
3196,ガンランク8,
3197,ガンランク9,
3198,ダミー,
3199,ダミー,
3200,ダミー,
3201,ダミー,
3202,ダミー,
3203,ダミー,
3204,ダミー,
3205,ダミー,
3206,ダミー,
3207,ダミー,
3208,ダミー,
3209,ダミー,
3210,ダミー,
3211,ダミー,
3212,ダミー,
3213,ダミー,
3214,ダミー,
3215,ダミー,
3216,ダミー,
3217,ダミー,
3218,ダミー,
3219,ダミー,
3220,ダミー,
3221,ダミー,
3222,ダミー,
3223,ダミー,
3224,ダミー,
3225,ダミー,
3226,ダミー,
3227,ダミー,
3228,ダミー,
3229,ダミー,
3230,ダミー,
3231,ダミー,
3232,ホープアーム,Brassards Espoir
3233,エミットアーム,
3234,エミットＦアーム,
3235,エミットFXアーム,
3236,エミットガード,
3237,エミットＦガード,
3238,エミットFXガード,
3239,ディボアアーム,Brassards Diboa
3240,ディボアＦアーム,Brassards Diboa F
3241,ディボアFXアーム,Brassards Diboa FX
3242,ディボアガード,Gardes Diboa
3243,ディボアＦガード,Gardes Diboa F
3244,ディボアFXガード,Gardes Diboa FX
3245,ピエトラＧアーム,Brassards Pietra G
3246,ピエトラGFアーム,Brassards Pietra GF
3247,ピエトラＧガード,Gardes Pietra G
3248,ピエトラGFガード,Gardes Pietra GF
3249,ポカラＧアーム,Brassards Pokara G
3250,ポカラGFアーム,Brassards Pokara GF
3251,ポカラＧガード,Gardes Pokara G
3252,ポカラGFガード,Gardes Pokara GF
3253,ザザミＧアーム,Brassards Hermitaur G
3254,ザザミGFアーム,Brassards Hermitaur GF
3255,ザザミＧガード,Gardes Hermitaur G
3256,ザザミGFガード,Gardes Hermitaur GF
3257,クックＧアーム,Brassards Kut-Ku G
3258,クックGFアーム,Brassards Kut-Ku GF
3259,クックＧガード,Gardes Kut-Ku G
3260,クックGFガード,Gardes Kut-Ku GF
3261,ファルノＧアーム,Brassards Farunokku G
3262,ファルノGFアーム,Brassards Farunokku GF
3263,ファルノＧガード,Gardes Farunokku G
3264,ファルノGFガード,Gardes Farunokku GF
3265,ゲリョスＧアーム,Brassards Gypceros G
3266,ゲリョスGFアーム,Brassards Gypceros GF
3267,ゲリョスＧガード,Gardes Gypceros G
3268,ゲリョスGFガード,Gardes Gypceros GF
3269,コンガＧアーム,Brassards Conga G
3270,コンガGFアーム,Brassards Conga GF
3271,コンガＧガード,Gardes Conga G
3272,コンガGFガード,Gardes Conga GF
3273,ヘッジＧアーム,Brassards Hyuji G
3274,ヘッジGFアーム,Brassards Hyuji GF
3275,ヘッジＧガード,Gardes Hyuji G
3276,ヘッジGFガード,Gardes Hyuji GF
3277,バサルＧアーム,Brassards Basarios G
3278,バサルGFアーム,Brassards Basarios GF
3279,バサルＧガード,Gardes Basarios G
3280,バサルGFガード,Gardes Basarios GF
3281,レイアＧアーム,Brassards Rathian G
3282,レイアGFアーム,Brassards Rathian GF
3283,レイアＧガード,Gardes Rathian G
3284,レイアGFガード,Gardes Rathian GF
3285,ギザミＧアーム,Brassards Ceanataur G
3286,ギザミGFアーム,Brassards Ceanataur GF
3287,ギザミＧガード,Gardes Ceanataur G
3288,ギザミGFガード,Gardes Ceanataur GF
3289,御神楽Ｇ【篭手】,
3290,御神楽GF【篭手】,
3291,里神楽Ｇ【篭手】,
3292,里神楽GF【篭手】,
3293,レウスＧアーム,Brassards Rathalos G
3294,レウスGFアーム,Brassards Rathalos GF
3295,レウスＧガード,Gardes Rathalos G
3296,レウスGFガード,Gardes Rathalos GF
3297,ブランゴＧアーム,Brassards Blango G
3298,ブランゴGFアーム,Brassards Blango GF
3299,ブランゴＧガード,Gardes Blango G
3300,ブランゴGFガード,Gardes Blango GF
3301,フルフルＧアーム,Brassards Khezu G
3302,フルフルGFアーム,Brassards Khezu GF
3303,フルフルＧガード,Gardes Khezu G
3304,フルフルGFガード,Gardes Khezu GF
3305,ホープＧアーム,Brassards Espoir G
3306,ホープGFアーム,Brassards Espoir GF
3307,ホープＧガード,Gardes Espoir G
3308,ホープGFガード,Gardes Espoir GF
3309,グラッシュアーム,
3310,グラッシュＦアーム,
3311,グラッシュFYアーム,
3312,グラッシュHCアーム,
3313,グラッシュガード,
3314,グラッシュＦガード,
3315,グラッシュFYガード,
3316,グラッシュHCガード,
3317,タンドレスアーム,Brassards Tandress
3318,タンドレスＦアーム,Brassards Tandress F
3319,タンドレスFYアーム,Brassards Tandress FY
3320,タンドレスHCアーム,Brassards Tandress HC
3321,タンドレスガード,Gardes Tandress
3322,タンドレスＦガード,Gardes Tandress F
3323,タンドレスFYガード,Gardes Tandress FY
3324,タンドレスHCガード,Gardes Tandress HC
3325,ダミー,
3326,ダミー,
3327,ダミー,
3328,ダミー,
3329,ダミー,
3330,ダミー,
3331,ダミー,
3332,ダミー,
3333,ロウセスＧアーム,Brassards Roses G
3334,ロウセスＧガード,Gardes Roses G
3335,シェルカＧアーム,
3336,チェスカＧガード,
3337,ロアースＧアーム,
3338,ライードＧガード,
3339,蒼竜ノ具足【篭手】,
3340,蒼竜ノ具足Ｆ【篭手】,
3341,蒼竜ノ具足FZ【篭手】,
3342,蒼竜ノ具足HC【篭手】,
3343,蒼竜ノ具足HS【篭手】,
3344,蒼竜ノ羽織【篭手】,
3345,蒼竜ノ羽織Ｆ【篭手】,
3346,蒼竜ノ羽織FZ【篭手】,
3347,蒼竜ノ羽織HC【篭手】,
3348,蒼竜ノ羽織HS【篭手】,
3349,オービスパンチ,
3350,オービスＦパンチ,
3351,オービスFZパンチ,
3352,オービスHCパンチ,
3353,オービスハンド,
3354,オービスＦハンド,
3355,オービスFZハンド,
3356,オービスHCハンド,
3357,オービスHSパンチ,
3358,オービスGSパンチ,
3359,オービスHSハンド,
3360,オービスGSハンド,
3361,蒼竜ノ具足GS【篭手】,
3362,蒼竜ノ羽織GS【篭手】,
3363,ロウセスGFアーム,Brassards Roses GF
3364,ロウセスGFガード,Gardes Roses GF
3365,ダミー,
3366,ダミー,
3367,マゴスアーム・黄,Brassards Magos jaunes
3368,マゴスＦアーム・黄,Brassards Magos F jaunes
3369,マゴスFZアーム・黄,Brassards Magos FZ jaunes
3370,マゴスHCアーム・黄,Brassards Magos HC jaunes
3371,マゴスHSアーム・黄,Brassards Magos HS jaunes
3372,マゴスガード・黄,Gardes Magos jaunes
3373,マゴスＦガード・黄,Gardes Magos F jaunes
3374,マゴスFZガード・黄,Gardes Magos FZ jaunes
3375,マゴスHCガード・黄,Gardes Magos HC jaunes
3376,マゴスHSガード・黄,Gardes Magos HS jaunes
3377,マゴスアーム・赤,Brassards Magos rouges
3378,マゴスＦアーム・赤,Brassards Magos F rouges
3379,マゴスFZアーム・赤,Brassards Magos FZ rouges
3380,マゴスHCアーム・赤,Brassards Magos HC rouges
3381,マゴスHSアーム・赤,Brassards Magos HS rouges
3382,マゴスガード・赤,Gardes Magos rouges
3383,マゴスＦガード・赤,Gardes Magos F rouges
3384,マゴスFZガード・赤,Gardes Magos FZ rouges
3385,マゴスHCガード・赤,Gardes Magos HC rouges
3386,マゴスHSガード・赤,Gardes Magos HS rouges
3387,マゴスアーム・水,
3388,マゴスＦアーム・水,
3389,マゴスFZアーム・水,
3390,マゴスHCアーム・水,
3391,マゴスHSアーム・水,
3392,マゴスガード・水,
3393,マゴスＦガード・水,
3394,マゴスFZガード・水,
3395,マゴスHCガード・水,
3396,マゴスHSガード・水,
3397,マゴスアーム・青,Brassards Magos bleus
3398,マゴスＦアーム・青,Brassards Magos F bleus
3399,マゴスFZアーム・青,Brassards Magos FZ bleus
3400,マゴスHCアーム・青,Brassards Magos HC bleus
3401,マゴスHSアーム・青,Brassards Magos HS bleus
3402,マゴスガード・青,Gardes Magos bleues
3403,マゴスＦガード・青,Gardes Magos F bleues
3404,マゴスFZガード・青,Gardes Magos FZ bleues
3405,マゴスHCガード・青,Gardes Magos HC bleues
3406,マゴスHSガード・青,Gardes Magos HS bleues
3407,マゴスGSアーム・黄,Brassards Magos GS jaunes
3408,マゴスGSガード・黄,Gardes Magos GS jaunes
3409,マゴスGSアーム・赤,Brassards Magos GS rouges
3410,マゴスGSガード・赤,Gardes Magos GS rouges
3411,マゴスGSアーム・水,
3412,マゴスGSガード・水,
3413,マゴスGSアーム・青,Brassards Magos GS bleus
3414,マゴスGSガード・青,Gardes Magos GS bleues
3415,赤備ノ具足【篭手】,
3416,赤備ノ具足Ｆ【篭手】,
3417,赤備ノ具足FZ【篭手】,
3418,赤備ノ具足HC【篭手】,
3419,赤備ノ具足HS【篭手】,
3420,赤備ノ具足GS【篭手】,
3421,赤備ノ羽織【篭手】,
3422,赤備ノ羽織Ｆ【篭手】,
3423,赤備ノ羽織FZ【篭手】,
3424,赤備ノ羽織HC【篭手】,
3425,赤備ノ羽織HS【篭手】,
3426,赤備ノ羽織GS【篭手】,
3427,ミクアーム,Brassards Miku
3428,ミクＦアーム,Brassards Miku F
3429,ミクFZアーム,Brassards Miku FZ
3430,ミクHCアーム,Brassards Miku HC
3431,ミクHSアーム,Brassards Miku HS
3432,ミクGSアーム,Brassards Miku GS
3433,ミクガード,Gardes Miku
3434,ミクＦガード,Gardes Miku F
3435,ミクFZガード,Gardes Miku FZ
3436,ミクHCガード,Gardes Miku HC
3437,ミクHSガード,Gardes Miku HS
3438,ミクGSガード,Gardes Miku GS
3439,赤原礼装・腕：剣赤,Bras Akahara Lame rouges
3440,赤原礼装・腕：剣Ｆ赤,Bras Akahara F Lame rouges
3441,赤原礼装・腕：剣FZ赤,Bras Akahara FZ Lame rouges
3442,赤原礼装・腕：剣HC赤,Bras Akahara HC Lame rouges
3443,赤原礼装・腕：剣HS赤,Bras Akahara HS Lame rouges
3444,赤原礼装・腕：剣GS赤,Bras Akahara GS Lame rouges
3445,赤原礼装・腕：弓赤,Bras Akahara Arc rouges
3446,赤原礼装・腕：弓Ｆ赤,Bras Akahara F Arc rouges
3447,赤原礼装・腕：弓FZ赤,Bras Akahara FZ Arc rouges
3448,赤原礼装・腕：弓HC赤,Bras Akahara HC Arc rouges
3449,赤原礼装・腕：弓HS赤,Bras Akahara HS Arc rouges
3450,赤原礼装・腕：弓GS赤,Bras Akahara GS Arc rouges
3451,赤原礼装・腕：剣青,Bras Akahara Lame bleus
3452,赤原礼装・腕：剣Ｆ青,Bras Akahara F Lame bleus
3453,赤原礼装・腕：剣FZ青,Bras Akahara FZ Lame bleus
3454,赤原礼装・腕：剣HC青,Bras Akahara HC Lame bleus
3455,赤原礼装・腕：剣HS青,Bras Akahara HS Lame bleus
3456,赤原礼装・腕：剣GS青,Bras Akahara GS Lame bleus
3457,赤原礼装・腕：弓青,Bras Akahara Arc bleus
3458,赤原礼装・腕：弓Ｆ青,Bras Akahara F Arc bleus
3459,赤原礼装・腕：弓FZ青,Bras Akahara FZ Arc bleus
3460,赤原礼装・腕：弓HC青,Bras Akahara HC Arc bleus
3461,赤原礼装・腕：弓HS青,Bras Akahara HS Arc bleus
3462,赤原礼装・腕：弓GS青,Bras Akahara GS Arc bleus
3463,赤原礼装・腕：剣黒,Bras Akahara Lame noirs
3464,赤原礼装・腕：剣Ｆ黒,Bras Akahara F Lame noirs
3465,赤原礼装・腕：剣FZ黒,Bras Akahara FZ Lame noirs
3466,赤原礼装・腕：剣HC黒,Bras Akahara HC Lame noirs
3467,赤原礼装・腕：剣HS黒,Bras Akahara HS Lame noirs
3468,赤原礼装・腕：剣GS黒,Bras Akahara GS Lame noirs
3469,赤原礼装・腕：弓黒,Bras Akahara Arc noirs
3470,赤原礼装・腕：弓Ｆ黒,Bras Akahara F Arc noirs
3471,赤原礼装・腕：弓FZ黒,Bras Akahara FZ Arc noirs
3472,赤原礼装・腕：弓HC黒,Bras Akahara HC Arc noirs
3473,赤原礼装・腕：弓HS黒,Bras Akahara HS Arc noirs
3474,赤原礼装・腕：弓GS黒,Bras Akahara GS Arc noirs
3475,赤原礼装・腕：剣白,Bras Akahara Lame blancs
3476,赤原礼装・腕：剣Ｆ白,Bras Akahara F Lame blancs
3477,赤原礼装・腕：剣FZ白,Bras Akahara FZ Lame blancs
3478,赤原礼装・腕：剣HC白,Bras Akahara HC Lame blancs
3479,赤原礼装・腕：剣HS白,Bras Akahara HS Lame blancs
3480,赤原礼装・腕：剣GS白,Bras Akahara GS Lame blancs
3481,赤原礼装・腕：弓白,Bras Akahara Arc blancs
3482,赤原礼装・腕：弓Ｆ白,Bras Akahara F Arc blancs
3483,赤原礼装・腕：弓FZ白,Bras Akahara FZ Arc blancs
3484,赤原礼装・腕：弓HC白,Bras Akahara HC Arc blancs
3485,赤原礼装・腕：弓HS白,Bras Akahara HS Arc blancs
3486,赤原礼装・腕：弓GS白,Bras Akahara GS Arc blancs
3487,騎士王の篭手：剣青,
3488,騎士王の篭手：剣Ｆ青,
3489,騎士王の篭手：剣FZ青,
3490,騎士王の篭手：剣HC青,
3491,騎士王の篭手：剣HS青,
3492,騎士王の篭手：剣GS青,
3493,騎士王の篭手：弓青,
3494,騎士王の篭手：弓Ｆ青,
3495,騎士王の篭手：弓FZ青,
3496,騎士王の篭手：弓HC青,
3497,騎士王の篭手：弓HS青,
3498,騎士王の篭手：弓GS青,
3499,騎士王の篭手：剣赤,
3500,騎士王の篭手：剣Ｆ赤,
3501,騎士王の篭手：剣FZ赤,
3502,騎士王の篭手：剣HC赤,
3503,騎士王の篭手：剣HS赤,
3504,騎士王の篭手：剣GS赤,
3505,騎士王の篭手：弓赤,
3506,騎士王の篭手：弓Ｆ赤,
3507,騎士王の篭手：弓FZ赤,
3508,騎士王の篭手：弓HC赤,
3509,騎士王の篭手：弓HS赤,
3510,騎士王の篭手：弓GS赤,
3511,騎士王の篭手：剣黒,
3512,騎士王の篭手：剣Ｆ黒,
3513,騎士王の篭手：剣FZ黒,
3514,騎士王の篭手：剣HC黒,
3515,騎士王の篭手：剣HS黒,
3516,騎士王の篭手：剣GS黒,
3517,騎士王の篭手：弓黒,
3518,騎士王の篭手：弓Ｆ黒,
3519,騎士王の篭手：弓FZ黒,
3520,騎士王の篭手：弓HC黒,
3521,騎士王の篭手：弓HS黒,
3522,騎士王の篭手：弓GS黒,
3523,騎士王の篭手：剣白,
3524,騎士王の篭手：剣Ｆ白,
3525,騎士王の篭手：剣FZ白,
3526,騎士王の篭手：剣HC白,
3527,騎士王の篭手：剣HS白,
3528,騎士王の篭手：剣GS白,
3529,騎士王の篭手：弓白,
3530,騎士王の篭手：弓Ｆ白,
3531,騎士王の篭手：弓FZ白,
3532,騎士王の篭手：弓HC白,
3533,騎士王の篭手：弓HS白,
3534,騎士王の篭手：弓GS白,
3535,ヴェルフFZアーム,Brassards Welf FZ
3536,ヴェルフHCアーム,Brassards Welf HC
3537,ヴェルフFZガード,Gardes Welf FZ
3538,ヴェルフHCガード,Gardes Welf HC
3539,テリオグFZアーム,
3540,テリオグHCアーム,
3541,テリオグFZガード,
3542,テリオグHCガード,
3543,ベイルFZガントレット,
3544,ベイルHCガントレット,
3545,ピエトラGXアーム,Brassards Pietra GX
3546,ピエトラGXガード,Gardes Pietra GX
3547,ポカラGXアーム,Brassards Pokara GX
3548,ポカラGXガード,Gardes Pokara GX
3549,ザザミGXアーム,Brassards Hermitaur GX
3550,ザザミGXガード,Gardes Hermitaur GX
3551,クックGXアーム,Brassards Kut-Ku GX
3552,クックGXガード,Gardes Kut-Ku GX
3553,ファルノGXアーム,Brassards Farunokku GX
3554,ファルノGXガード,Gardes Farunokku GX
3555,ゲリョスGXアーム,Brassards Gypceros GX
3556,ゲリョスGXガード,Gardes Gypceros GX
3557,コンガGXアーム,Brassards Conga GX
3558,コンガGXガード,Gardes Conga GX
3559,ヘッジGXアーム,Brassards Hyuji GX
3560,ヘッジGXガード,Gardes Hyuji GX
3561,バサルGXアーム,Brassards Basarios GX
3562,バサルGXガード,Gardes Basarios GX
3563,レイアGXアーム,Brassards Rathian GX
3564,レイアGXガード,Gardes Rathian GX
3565,ギザミGXアーム,Brassards Ceanataur GX
3566,ギザミGXガード,Gardes Ceanataur GX
3567,御神楽GX【篭手】,
3568,里神楽GX【篭手】,
3569,レウスGXアーム,Brassards Rathalos GX
3570,レウスGXガード,Gardes Rathalos GX
3571,ブランゴGXアーム,Brassards Blango GX
3572,ブランゴGXガード,Gardes Blango GX
3573,フルフルGXアーム,Brassards Khezu GX
3574,フルフルGXガード,Gardes Khezu GX
3575,ホープGXアーム,Brassards Espoir GX
3576,ホープGXガード,Gardes Espoir GX
3577,マグシアＧアーム,Brassards Gougarf G
3578,マグシアGFアーム,Brassards Gougarf GF
3579,マグシアGXアーム,Brassards Gougarf GX
3580,マグシアＧガード,Gardes Gougarf G
3581,マグシアGFガード,Gardes Gougarf GF
3582,マグシアGXガード,Gardes Gougarf GX
3583,ショウロウ【上手】Ｇ,
3584,ショウロウ【上手】GF,
3585,ショウロウ【上手】GX,
3586,ミタマ【上手】Ｇ,
3587,ミタマ【上手】GF,
3588,ミタマ【上手】GX,
3589,サベージＧアーム,Brassards Giaorugu G
3590,サベージGFアーム,Brassards Giaorugu GF
3591,サベージGXアーム,Brassards Giaorugu GX
3592,サベージＧガード,Gardes Giaorugu G
3593,サベージGFガード,Gardes Giaorugu GF
3594,サベージGXガード,Gardes Giaorugu GX
3595,グラビドＧアーム,Brassards Gravios G
3596,グラビドGFアーム,Brassards Gravios GF
3597,グラビドGXアーム,Brassards Gravios GX
3598,グラビドＧガード,Gardes Gravios G
3599,グラビドGFガード,Gardes Gravios GF
3600,グラビドGXガード,Gardes Gravios GX
3601,レックスＧアーム,Brassards Tigrex G
3602,レックスGFアーム,Brassards Tigrex GF
3603,レックスGXアーム,Brassards Tigrex GX
3604,レックスＧガード,Gardes Tigrex G
3605,レックスGFガード,Gardes Tigrex GF
3606,レックスGXガード,Gardes Tigrex GX
3607,パリアＧアーム,Brassards Paria G
3608,パリアGFアーム,Brassards Paria GF
3609,パリアGXアーム,Brassards Paria GX
3610,パリアＧガード,Gardes Paria G
3611,パリアGFガード,Gardes Paria GF
3612,パリアGXガード,Gardes Paria GX
3613,トルペドＧアーム,Brassards Torpille G
3614,トルペドGFアーム,Brassards Torpille GF
3615,トルペドGXアーム,Brassards Torpille GX
3616,トルペドＧガード,Gardes Torpille G
3617,トルペドGFガード,Gardes Torpille GF
3618,トルペドGXガード,Gardes Torpille GX
3619,ラヴァＧアーム,Brassards Lavasioth G
3620,ラヴァGFアーム,Brassards Lavasioth GF
3621,ラヴァGXアーム,Brassards Lavasioth GX
3622,ラヴァＧガード,Gardes Lavasioth G
3623,ラヴァGFガード,Gardes Lavasioth GF
3624,ラヴァGXガード,Gardes Lavasioth GX
3625,エスピナＧファオスト,
3626,エスピナGFファオスト,
3627,エスピナGXファオスト,
3628,エスピナＧベギアデ,
3629,エスピナGFベギアデ,
3630,エスピナGXベギアデ,
3631,金色ノ篭手・Ｇ,
3632,金色ノ篭手・GF,
3633,金色ノ篭手・GX,
3634,黒子ノ篭手・Ｇ,
3635,黒子ノ篭手・GF,
3636,黒子ノ篭手・GX,
3637,レビＧクロウ,
3638,レビGFクロウ,
3639,レビGXクロウ,
3640,レビＧフィスト,
3641,レビGFフィスト,
3642,レビGXフィスト,
3643,ガルルガＧアーム,Brassards Garuga G
3644,ガルルガGFアーム,Brassards Garuga GF
3645,ガルルガGXアーム,Brassards Garuga GX
3646,ガルルガＧガード,Gardes Garuga G
3647,ガルルガGFガード,Gardes Garuga GF
3648,ガルルガGXガード,Gardes Garuga GX
3649,アクラＧアーム,Brassards Akura G
3650,アクラGFアーム,Brassards Akura GF
3651,アクラGXアーム,Brassards Akura GX
3652,アクラＧガード,Gardes Akura G
3653,アクラGFガード,Gardes Akura GF
3654,アクラGXガード,Gardes Akura GX
3655,グレンＧアーム,Brassards Guren G
3656,グレンGFアーム,Brassards Guren GF
3657,グレンGXアーム,Brassards Guren GX
3658,グレンＧガード,Gardes Guren G
3659,グレンGFガード,Gardes Guren GF
3660,グレンGXガード,Gardes Guren GX
3661,稲荷・Ｇ【篭手】,
3662,稲荷・GF【篭手】,
3663,稲荷・GX【篭手】,
3664,玉藻・Ｇ【篭手】,
3665,玉藻・GF【篭手】,
3666,玉藻・GX【篭手】,
3667,ディスＧアーム,Brassards Disu G
3668,ディスGFアーム,Brassards Disu GF
3669,ディスGXアーム,Brassards Disu GX
3670,ディスＧガード,Gardes Disu G
3671,ディスGFガード,Gardes Disu GF
3672,ディスGXガード,Gardes Disu GX
3673,黒影ノ篭手・Ｇ,
3674,黒影ノ篭手・GF,
3675,黒影ノ篭手・GX,
3676,黒陰ノ篭手・Ｇ,
3677,黒陰ノ篭手・GF,
3678,黒陰ノ篭手・GX,
3679,白虎・剣聖Ｇアーム,
3680,白虎・剣聖GFアーム,
3681,朱雀・剣聖Ｇアーム,
3682,朱雀・剣聖GFアーム,
3683,玄武・剣聖Ｇアーム,
3684,玄武・剣聖GFアーム,
3685,青龍・剣聖Ｇアーム,
3686,青龍・剣聖GFアーム,
3687,白虎・双龍Ｇアーム,
3688,白虎・双龍GFアーム,
3689,朱雀・双龍Ｇアーム,
3690,朱雀・双龍GFアーム,
3691,玄武・双龍Ｇアーム,
3692,玄武・双龍GFアーム,
3693,青龍・双龍Ｇアーム,
3694,青龍・双龍GFアーム,
3695,白虎・剣王Ｇアーム,
3696,白虎・剣王GFアーム,
3697,朱雀・剣王Ｇアーム,
3698,朱雀・剣王GFアーム,
3699,玄武・剣王Ｇアーム,
3700,玄武・剣王GFアーム,
3701,青龍・剣王Ｇアーム,
3702,青龍・剣王GFアーム,
3703,白虎・刀神Ｇアーム,
3704,白虎・刀神GFアーム,
3705,朱雀・刀神Ｇアーム,
3706,朱雀・刀神GFアーム,
3707,玄武・刀神Ｇアーム,
3708,玄武・刀神GFアーム,
3709,青龍・刀神Ｇアーム,
3710,青龍・刀神GFアーム,
3711,白虎・天槍Ｇアーム,
3712,白虎・天槍GFアーム,
3713,朱雀・天槍Ｇアーム,
3714,朱雀・天槍GFアーム,
3715,玄武・天槍Ｇアーム,
3716,玄武・天槍GFアーム,
3717,青龍・天槍Ｇアーム,
3718,青龍・天槍GFアーム,
3719,白虎・砲皇Ｇアーム,
3720,白虎・砲皇GFアーム,
3721,朱雀・砲皇Ｇアーム,
3722,朱雀・砲皇GFアーム,
3723,玄武・砲皇Ｇアーム,
3724,玄武・砲皇GFアーム,
3725,青龍・砲皇Ｇアーム,
3726,青龍・砲皇GFアーム,
3727,白虎・鈍器獣Ｇアーム,
3728,白虎・鈍器獣GFアーム,
3729,朱雀・鈍器獣Ｇアーム,
3730,朱雀・鈍器獣GFアーム,
3731,玄武・鈍器獣Ｇアーム,
3732,玄武・鈍器獣GFアーム,
3733,青龍・鈍器獣Ｇアーム,
3734,青龍・鈍器獣GFアーム,
3735,白虎・奏帝Ｇアーム,
3736,白虎・奏帝GFアーム,
3737,朱雀・奏帝Ｇアーム,
3738,朱雀・奏帝GFアーム,
3739,玄武・奏帝Ｇアーム,
3740,玄武・奏帝GFアーム,
3741,青龍・奏帝Ｇアーム,
3742,青龍・奏帝GFアーム,
3743,白虎・銃傑Ｇガード,
3744,白虎・銃傑GFガード,
3745,朱雀・銃傑Ｇガード,
3746,朱雀・銃傑GFガード,
3747,玄武・銃傑Ｇガード,
3748,玄武・銃傑GFガード,
3749,青龍・銃傑Ｇガード,
3750,青龍・銃傑GFガード,
3751,白虎・銃仙Ｇガード,
3752,白虎・銃仙GFガード,
3753,朱雀・銃仙Ｇガード,
3754,朱雀・銃仙GFガード,
3755,玄武・銃仙Ｇガード,
3756,玄武・銃仙GFガード,
3757,青龍・銃仙Ｇガード,
3758,青龍・銃仙GFガード,
3759,白虎・弓鬼Ｇガード,
3760,白虎・弓鬼GFガード,
3761,朱雀・弓鬼Ｇガード,
3762,朱雀・弓鬼GFガード,
3763,玄武・弓鬼Ｇガード,
3764,玄武・弓鬼GFガード,
3765,青龍・弓鬼Ｇガード,
3766,青龍・弓鬼GFガード,
3767,オディバＧアーム,Brassards Odiva G
3768,オディバＧガード,Gardes Odiva G
3769,ブリッツＧアーム,
3770,ブリッツＧグローブ,
3771,フレイムＧアーム,Brassards Flamme G
3772,フレイムＧガード,Gardes Flamme G
3773,ウィンドＧハトゥー,
3774,ウィンドＧマカーン,
3775,武者Ｇ【篭手】,
3776,日光Ｇ【篭手】,
3777,ワダツミＧ【大袖】,
3778,オカミＧ【大袖】,
3779,リルスＧアーム,Brassards Lils G
3780,リルスＧガード,Gardes Lils G
3781,アルゴルＧアーム,Brassards Algol G
3782,アルゴルＧガード,Gardes Algol G
3783,エミットＧアーム,
3784,エミットＧガード,
3785,ディボアＧアーム,Brassards Diboa G
3786,ディボアＧガード,Gardes Diboa G
3787,鬼神ノ手套,
3788,童子ノ手套,
3789,レアーアーム,
3790,ハーデスアーム,
3791,レアーガード,
3792,ハーデスガード,
3793,ロウセスGXアーム,Brassards Roses GX
3794,ロウセスGXガード,Gardes Roses GX
3795,ストレガＧアーム,Brassards Strega G
3796,ストレガGFアーム,Brassards Strega GF
3797,ストレガGXアーム,Brassards Strega GX
3798,ストレガＧガード,Gardes Strega G
3799,ストレガGFガード,Gardes Strega GF
3800,ストレガGXガード,Gardes Strega GX
3801,ピクスアーム・緑,Brassards Pyx verts
3802,ピクスＦアーム・緑,Brassards Pyx F verts
3803,ピクスFZアーム・緑,Brassards Pyx FZ verts
3804,ピクスHCアーム・緑,Brassards Pyx HC verts
3805,ピクスHSアーム・緑,Brassards Pyx HS verts
3806,ピクスGSアーム・緑,Brassards Pyx GS verts
3807,ピクスガード・緑,Gardes Pyx vertes
3808,ピクスＦガード・緑,Gardes Pyx F vertes
3809,ピクスFZガード・緑,Gardes Pyx FZ vertes
3810,ピクスHCガード・緑,Gardes Pyx HC vertes
3811,ピクスHSガード・緑,Gardes Pyx HS vertes
3812,ピクスGSガード・緑,Gardes Pyx GS vertes
3813,ピクスアーム・紫,Brassards Pyx violets
3814,ピクスＦアーム・紫,Brassards Pyx F violets
3815,ピクスFZアーム・紫,Brassards Pyx FZ violets
3816,ピクスHCアーム・紫,Brassards Pyx HC violets
3817,ピクスHSアーム・紫,Brassards Pyx HS violets
3818,ピクスGSアーム・紫,Brassards Pyx GS violets
3819,ピクスガード・紫,Gardes Pyx violettes
3820,ピクスＦガード・紫,Gardes Pyx F violettes
3821,ピクスFZガード・紫,Gardes Pyx FZ violettes
3822,ピクスHCガード・紫,Gardes Pyx HC violettes
3823,ピクスHSガード・紫,Gardes Pyx HS violettes
3824,ピクスGSガード・紫,Gardes Pyx GS violettes
3825,ピクスアーム・黒,Brassards Pyx noirs
3826,ピクスＦアーム・黒,Brassards Pyx F noirs
3827,ピクスFZアーム・黒,Brassards Pyx FZ noirs
3828,ピクスHCアーム・黒,Brassards Pyx HC noirs
3829,ピクスHSアーム・黒,Brassards Pyx HS noirs
3830,ピクスGSアーム・黒,Brassards Pyx GS noirs
3831,ピクスガード・黒,Gardes Pyx noires
3832,ピクスＦガード・黒,Gardes Pyx F noires
3833,ピクスFZガード・黒,Gardes Pyx FZ noires
3834,ピクスHCガード・黒,Gardes Pyx HC noires
3835,ピクスHSガード・黒,Gardes Pyx HS noires
3836,ピクスGSガード・黒,Gardes Pyx GS noires
3837,ピクスアーム・水,
3838,ピクスＦアーム・水,
3839,ピクスFZアーム・水,
3840,ピクスHCアーム・水,
3841,ピクスHSアーム・水,
3842,ピクスGSアーム・水,
3843,ピクスガード・水,
3844,ピクスＦガード・水,
3845,ピクスFZガード・水,
3846,ピクスHCガード・水,
3847,ピクスHSガード・水,
3848,ピクスGSガード・水,
3849,ブライトアーム,Brassards Éclat
3850,ブライトＦアーム,Brassards Éclat F
3851,ブライトFZアーム,Brassards Éclat FZ
3852,ブライトHCアーム,Brassards Éclat HC
3853,ブライトHSアーム,Brassards Éclat HS
3854,ブライトGSアーム,Brassards Éclat GS
3855,ブライトガード,Gardes Éclat
3856,ブライトＦガード,Gardes Éclat F
3857,ブライトFZガード,Gardes Éclat FZ
3858,ブライトHCガード,Gardes Éclat HC
3859,ブライトHSガード,Gardes Éclat HS
3860,ブライトGSガード,Gardes Éclat GS
3861,ジュアリアーム,Brassards Juari
3862,ジュアリＦアーム,Brassards Juari F
3863,ジュアリFZアーム,Brassards Juari FZ
3864,ジュアリHCアーム,Brassards Juari HC
3865,ジュアリHSアーム,Brassards Juari HS
3866,ジュアリGSアーム,Brassards Juari GS
3867,ジュアリガード,Gardes Juari
3868,ジュアリＦガード,Gardes Juari F
3869,ジュアリFZガード,Gardes Juari FZ
3870,ジュアリHCガード,Gardes Juari HC
3871,ジュアリHSガード,Gardes Juari HS
3872,ジュアリGSガード,Gardes Juari GS
3873,ティンクアーム,Brassards Tinku
3874,ティンクＦアーム,Brassards Tinku F
3875,ティンクFZアーム,Brassards Tinku FZ
3876,ティンクHCアーム,Brassards Tinku HC
3877,ティンクHSアーム,Brassards Tinku HS
3878,ティンクGSアーム,Brassards Tinku GS
3879,ティンクガード,Gardes Tinku
3880,ティンクＦガード,Gardes Tinku F
3881,ティンクFZガード,Gardes Tinku FZ
3882,ティンクHCガード,Gardes Tinku HC
3883,ティンクHSガード,Gardes Tinku HS
3884,ティンクGSガード,Gardes Tinku GS
3885,レアルFZアーム・白,Brassards Real FZ blancs
3886,レアルHCアーム・白,Brassards Real HC blancs
3887,レアルHSアーム・白,Brassards Real HS blancs
3888,レアルGSアーム・白,Brassards Real GS blancs
3889,レアルFZガード・白,Gardes Real FZ blanches
3890,レアルHCガード・白,Gardes Real HC blanches
3891,レアルHSガード・白,Gardes Real HS blanches
3892,レアルGSガード・白,Gardes Real GS blanches
3893,リアンFZアーム・青,Brassards Rian FZ bleus
3894,リアンHCアーム・青,Brassards Rian HC bleus
3895,リアンHSアーム・青,Brassards Rian HS bleus
3896,リアンGSアーム・青,Brassards Rian GS bleus
3897,リアンFZガード・青,Gardes Rian FZ bleues
3898,リアンHCガード・青,Gardes Rian HC bleues
3899,リアンHSガード・青,Gardes Rian HS bleues
3900,リアンGSガード・青,Gardes Rian GS bleues
3901,メレティFZアーム・白,Brassards Meleti FZ blancs
3902,メレティHCアーム・白,Brassards Meleti HC blancs
3903,メレティHSアーム・白,Brassards Meleti HS blancs
3904,メレティGSアーム・白,Brassards Meleti GS blancs
3905,メレティFZガード・青,Gardes Meleti FZ bleues
3906,メレティHCガード・青,Gardes Meleti HC bleues
3907,メレティHSガード・青,Gardes Meleti HS bleues
3908,メレティGSガード・青,Gardes Meleti GS bleues
3909,リゲリアFZアーム・白,Brassards Ligeria FZ blancs
3910,リゲリアHCアーム・白,Brassards Ligeria HC blancs
3911,リゲリアHSアーム・白,Brassards Ligeria HS blancs
3912,リゲリアGSアーム・白,Brassards Ligeria GS blancs
3913,リゲリアFZガード・青,Gardes Ligeria FZ bleues
3914,リゲリアHCガード・青,Gardes Ligeria HC bleues
3915,リゲリアHSガード・青,Gardes Ligeria HS bleues
3916,リゲリアGSガード・青,Gardes Ligeria GS bleues
3917,スリートHSアーム・黄,Brassards Grésil HS jaunes
3918,スリートGSアーム・黄,Brassards Grésil GS jaunes
3919,スリートHSガード・黄,Gardes Grésil HS jaunes
3920,スリートGSガード・黄,Gardes Grésil GS jaunes
3921,ステノHSアーム・橙,Brassards Stheno HS orange
3922,ステノGSアーム・橙,Brassards Stheno GS orange
3923,ステノHSガード・橙,Gardes Stheno HS orange
3924,ステノGSガード・橙,Gardes Stheno GS orange
3925,エディオHCアーム・青,Brassards Edio HC bleus
3926,エディオHSアーム・青,Brassards Edio HS bleus
3927,エディオGSアーム・青,Brassards Edio GS bleus
3928,エディオHCガード・青,Gardes Edio HC bleues
3929,エディオHSガード・青,Gardes Edio HS bleues
3930,エディオGSガード・青,Gardes Edio GS bleues
3931,ガリトスHCアーム・茶,Brassards Garitos HC bruns
3932,ガリトスHSアーム・茶,Brassards Garitos HS bruns
3933,ガリトスGSアーム・茶,Brassards Garitos GS bruns
3934,ガリトスHCガード・茶,Gardes Garitos HC brunes
3935,ガリトスHSガード・茶,Gardes Garitos HS brunes
3936,ガリトスGSガード・茶,Gardes Garitos GS brunes
3937,ロットパンチ,
3938,ロットＦパンチ,
3939,ロットFZパンチ,
3940,ロットHCパンチ,
3941,ロットHSパンチ,
3942,ロットGSパンチ,
3943,ロットハンド,
3944,ロットＦハンド,
3945,ロットFZハンド,
3946,ロットHCハンド,
3947,ロットHSハンド,
3948,ロットGSハンド,
3949,ブリンクＦアーム,
3950,ブリンクＦガード,
3951,スマートＦアーム,
3952,スマートFZアーム,
3953,スマートHCアーム,
3954,マグシアFXアーム,Brassards Gougarf FX
3955,マグシアHSアーム,Brassards Gougarf HS
3956,マグシアFXガード,Gardes Gougarf FX
3957,マグシアHSガード,Gardes Gougarf HS
3958,レギュクスHCアーム,Brassards Regyukusu HC
3959,レギュクスHSアーム,Brassards Regyukusu HS
3960,レギュクスGSアーム,Brassards Regyukusu GS
3961,レギュクスHCガード,Gardes Regyukusu HC
3962,レギュクスHSガード,Gardes Regyukusu HS
3963,レギュクスGSガード,Gardes Regyukusu GS
3964,ピスティスHCアーム,Brassards Pistis HC
3965,ピスティスHSアーム,Brassards Pistis HS
3966,ピスティスGSアーム,Brassards Pistis GS
3967,ピスティスHCガード,Gardes Pistis HC
3968,ピスティスHSガード,Gardes Pistis HS
3969,ピスティスGSガード,Gardes Pistis GS
3970,星祭FZ籠手【赤】,
3971,星祭HC籠手【赤】,
3972,星祭HS籠手【赤】,
3973,星祭GS籠手【赤】,
3974,七夕FZ籠手【赤】,
3975,七夕HC籠手【赤】,
3976,七夕HS籠手【赤】,
3977,七夕GS籠手【赤】,
3978,レアルFZアーム・金,Brassards Real FZ dorés
3979,レアルHCアーム・金,Brassards Real HC dorés
3980,レアルHSアーム・金,Brassards Real HS dorés
3981,レアルGSアーム・金,Brassards Real GS dorés
3982,レアルFZガード・金,Gardes Real FZ dorées
3983,レアルHCガード・金,Gardes Real HC dorées
3984,レアルHSガード・金,Gardes Real HS dorées
3985,レアルGSガード・金,Gardes Real GS dorées
3986,レアルFZアーム・青,Brassards Real FZ bleus
3987,レアルHCアーム・青,Brassards Real HC bleus
3988,レアルHSアーム・青,Brassards Real HS bleus
3989,レアルGSアーム・青,Brassards Real GS bleus
3990,レアルFZガード・青,Gardes Real FZ bleues
3991,レアルHCガード・青,Gardes Real HC bleues
3992,レアルHSガード・青,Gardes Real HS bleues
3993,レアルGSガード・青,Gardes Real GS bleues
3994,レアルFZアーム・赤,Brassards Real FZ rouges
3995,レアルHCアーム・赤,Brassards Real HC rouges
3996,レアルHSアーム・赤,Brassards Real HS rouges
3997,レアルGSアーム・赤,Brassards Real GS rouges
3998,レアルFZガード・赤,Gardes Real FZ rouges
3999,レアルHCガード・赤,Gardes Real HC rouges
4000,レアルHSガード・赤,Gardes Real HS rouges
4001,レアルGSガード・赤,Gardes Real GS rouges
4002,リアンFZアーム・赤,Brassards Rian FZ rouges
4003,リアンHCアーム・赤,Brassards Rian HC rouges
4004,リアンHSアーム・赤,Brassards Rian HS rouges
4005,リアンGSアーム・赤,Brassards Rian GS rouges
4006,リアンFZガード・赤,Gardes Rian FZ rouges
4007,リアンHCガード・赤,Gardes Rian HC rouges
4008,リアンHSガード・赤,Gardes Rian HS rouges
4009,リアンGSガード・赤,Gardes Rian GS rouges
4010,リアンFZアーム・黒,Brassards Rian FZ noirs
4011,リアンHCアーム・黒,Brassards Rian HC noirs
4012,リアンHSアーム・黒,Brassards Rian HS noirs
4013,リアンGSアーム・黒,Brassards Rian GS noirs
4014,リアンFZガード・黒,Gardes Rian FZ noires
4015,リアンHCガード・黒,Gardes Rian HC noires
4016,リアンHSガード・黒,Gardes Rian HS noires
4017,リアンGSガード・黒,Gardes Rian GS noires
4018,リアンFZアーム・白,Brassards Rian FZ blancs
4019,リアンHCアーム・白,Brassards Rian HC blancs
4020,リアンHSアーム・白,Brassards Rian HS blancs
4021,リアンGSアーム・白,Brassards Rian GS blancs
4022,リアンFZガード・白,Gardes Rian FZ blanches
4023,リアンHCガード・白,Gardes Rian HC blanches
4024,リアンHSガード・白,Gardes Rian HS blanches
4025,リアンGSガード・白,Gardes Rian GS blanches
4026,メレティFZアーム・赤,Brassards Meleti FZ rouges
4027,メレティHCアーム・赤,Brassards Meleti HC rouges
4028,メレティHSアーム・赤,Brassards Meleti HS rouges
4029,メレティGSアーム・赤,Brassards Meleti GS rouges
4030,メレティFZアーム・青,Brassards Meleti FZ bleus
4031,メレティHCアーム・青,Brassards Meleti HC bleus
4032,メレティHSアーム・青,Brassards Meleti HS bleus
4033,メレティGSアーム・青,Brassards Meleti GS bleus
4034,メレティFZアーム・黒,Brassards Meleti FZ noirs
4035,メレティHCアーム・黒,Brassards Meleti HC noirs
4036,メレティHSアーム・黒,Brassards Meleti HS noirs
4037,メレティGSアーム・黒,Brassards Meleti GS noirs
4038,メレティFZガード・白,Gardes Meleti FZ blanches
4039,メレティHCガード・白,Gardes Meleti HC blanches
4040,メレティHSガード・白,Gardes Meleti HS blanches
4041,メレティGSガード・白,Gardes Meleti GS blanches
4042,メレティFZガード・赤,Gardes Meleti FZ rouges
4043,メレティHCガード・赤,Gardes Meleti HC rouges
4044,メレティHSガード・赤,Gardes Meleti HS rouges
4045,メレティGSガード・赤,Gardes Meleti GS rouges
4046,メレティFZガード・黒,Gardes Meleti FZ noires
4047,メレティHCガード・黒,Gardes Meleti HC noires
4048,メレティHSガード・黒,Gardes Meleti HS noires
4049,メレティGSガード・黒,Gardes Meleti GS noires
4050,リゲリアFZアーム・赤,Brassards Ligeria FZ rouges
4051,リゲリアHCアーム・赤,Brassards Ligeria HC rouges
4052,リゲリアHSアーム・赤,Brassards Ligeria HS rouges
4053,リゲリアGSアーム・赤,Brassards Ligeria GS rouges
4054,リゲリアFZアーム・緑,Brassards Ligeria FZ verts
4055,リゲリアHCアーム・緑,Brassards Ligeria HC verts
4056,リゲリアHSアーム・緑,Brassards Ligeria HS verts
4057,リゲリアGSアーム・緑,Brassards Ligeria GS verts
4058,リゲリアFZアーム・青,Brassards Ligeria FZ bleus
4059,リゲリアHCアーム・青,Brassards Ligeria HC bleus
4060,リゲリアHSアーム・青,Brassards Ligeria HS bleus
4061,リゲリアGSアーム・青,Brassards Ligeria GS bleus
4062,リゲリアFZガード・白,Gardes Ligeria FZ blanches
4063,リゲリアHCガード・白,Gardes Ligeria HC blanches
4064,リゲリアHSガード・白,Gardes Ligeria HS blanches
4065,リゲリアGSガード・白,Gardes Ligeria GS blanches
4066,リゲリアFZガード・赤,Gardes Ligeria FZ rouges
4067,リゲリアHCガード・赤,Gardes Ligeria HC rouges
4068,リゲリアHSガード・赤,Gardes Ligeria HS rouges
4069,リゲリアGSガード・赤,Gardes Ligeria GS rouges
4070,リゲリアFZガード・緑,Gardes Ligeria FZ vertes
4071,リゲリアHCガード・緑,Gardes Ligeria HC vertes
4072,リゲリアHSガード・緑,Gardes Ligeria HS vertes
4073,リゲリアGSガード・緑,Gardes Ligeria GS vertes
4074,スリートHSアーム・銀,Brassards Grésil HS argentés
4075,スリートGSアーム・銀,Brassards Grésil GS argentés
4076,スリートHSガード・銀,Gardes Grésil HS argentées
4077,スリートGSガード・銀,Gardes Grésil GS argentées
4078,スリートHSアーム・赤,Brassards Grésil HS rouges
4079,スリートGSアーム・赤,Brassards Grésil GS rouges
4080,スリートHSガード・赤,Gardes Grésil HS rouges
4081,スリートGSガード・赤,Gardes Grésil GS rouges
4082,スリートHSアーム・青,Brassards Grésil HS bleus
4083,スリートGSアーム・青,Brassards Grésil GS bleus
4084,スリートHSガード・青,Gardes Grésil HS bleues
4085,スリートGSガード・青,Gardes Grésil GS bleues
4086,ステノHSアーム・桃,Brassards Stheno HS roses
4087,ステノGSアーム・桃,Brassards Stheno GS roses
4088,ステノHSガード・桃,Gardes Stheno HS roses
4089,ステノGSガード・桃,Gardes Stheno GS roses
4090,ステノHSアーム・青,Brassards Stheno HS bleus
4091,ステノGSアーム・青,Brassards Stheno GS bleus
4092,ステノHSガード・青,Gardes Stheno HS bleues
4093,ステノGSガード・青,Gardes Stheno GS bleues
4094,ステノHSアーム・赤,Brassards Stheno HS rouges
4095,ステノGSアーム・赤,Brassards Stheno GS rouges
4096,ステノHSガード・赤,Gardes Stheno HS rouges
4097,ステノGSガード・赤,Gardes Stheno GS rouges
4098,エディオHCアーム・赤,Brassards Edio HC rouges
4099,エディオHSアーム・赤,Brassards Edio HS rouges
4100,エディオGSアーム・赤,Brassards Edio GS rouges
4101,エディオHCガード・赤,Gardes Edio HC rouges
4102,エディオHSガード・赤,Gardes Edio HS rouges
4103,エディオGSガード・赤,Gardes Edio GS rouges
4104,エディオHCアーム・黄,Brassards Edio HC jaunes
4105,エディオHSアーム・黄,Brassards Edio HS jaunes
4106,エディオGSアーム・黄,Brassards Edio GS jaunes
4107,エディオHCガード・黄,Gardes Edio HC jaunes
4108,エディオHSガード・黄,Gardes Edio HS jaunes
4109,エディオGSガード・黄,Gardes Edio GS jaunes
4110,エディオHCアーム・黒,Brassards Edio HC noirs
4111,エディオHSアーム・黒,Brassards Edio HS noirs
4112,エディオGSアーム・黒,Brassards Edio GS noirs
4113,エディオHCガード・黒,Gardes Edio HC noires
4114,エディオHSガード・黒,Gardes Edio HS noires
4115,エディオGSガード・黒,Gardes Edio GS noires
4116,ガリトスHCアーム・赤,Brassards Garitos HC rouges
4117,ガリトスHSアーム・赤,Brassards Garitos HS rouges
4118,ガリトスGSアーム・赤,Brassards Garitos GS rouges
4119,ガリトスHCガード・赤,Gardes Garitos HC rouges
4120,ガリトスHSガード・赤,Gardes Garitos HS rouges
4121,ガリトスGSガード・赤,Gardes Garitos GS rouges
4122,ガリトスHCアーム・黒,Brassards Garitos HC noirs
4123,ガリトスHSアーム・黒,Brassards Garitos HS noirs
4124,ガリトスGSアーム・黒,Brassards Garitos GS noirs
4125,ガリトスHCガード・黒,Gardes Garitos HC noires
4126,ガリトスHSガード・黒,Gardes Garitos HS noires
4127,ガリトスGSガード・黒,Gardes Garitos GS noires
4128,ガリトスHCアーム・水,
4129,ガリトスHSアーム・水,
4130,ガリトスGSアーム・水,
4131,ガリトスHCガード・水,
4132,ガリトスHSガード・水,
4133,ガリトスGSガード・水,
4134,星祭FZ籠手【青】,
4135,星祭HC籠手【青】,
4136,星祭HS籠手【青】,
4137,星祭GS籠手【青】,
4138,七夕FZ籠手【青】,
4139,七夕HC籠手【青】,
4140,七夕HS籠手【青】,
4141,七夕GS籠手【青】,
4142,星祭FZ籠手【黒】,
4143,星祭HC籠手【黒】,
4144,星祭HS籠手【黒】,
4145,星祭GS籠手【黒】,
4146,七夕FZ籠手【黒】,
4147,七夕HC籠手【黒】,
4148,七夕HS籠手【黒】,
4149,七夕GS籠手【黒】,
4150,星祭FZ籠手【白】,
4151,星祭HC籠手【白】,
4152,星祭HS籠手【白】,
4153,星祭GS籠手【白】,
4154,七夕FZ籠手【白】,
4155,七夕HC籠手【白】,
4156,七夕HS籠手【白】,
4157,七夕GS籠手【白】,
4158,ダミー,
4159,ダミー,
4160,ダミー,
4161,ダミー,
4162,ダミー,
4163,ダミー,
4164,ダミー,
4165,ダミー,
4166,ダミー,
4167,ダミー,
4168,ダミー,
4169,ダミー,
4170,ヴェルフHSアーム,Brassards Welf HS
4171,ヴェルフGSアーム,Brassards Welf GS
4172,ヴェルフHSガード,Gardes Welf HS
4173,ヴェルフGSガード,Gardes Welf GS
4174,テリオグHSアーム,
4175,テリオグGSアーム,
4176,テリオグHSガード,
4177,テリオグGSガード,
4178,ベイルHSガントレット,
4179,ベイルGSガントレット,
4180,ランポスＧアーム,Brassards Velociprey G
4181,ランポスGFアーム,Brassards Velociprey GF
4182,ランポスGXアーム,Brassards Velociprey GX
4183,ランポスＧガード,Gardes Velociprey G
4184,ランポスGFガード,Gardes Velociprey GF
4185,ランポスGXガード,Gardes Velociprey GX
4186,イーオスＧアーム,Brassards Ioprey G
4187,イーオスGFアーム,Brassards Ioprey GF
4188,イーオスGXアーム,Brassards Ioprey GX
4189,イーオスＧガード,Gardes Ioprey G
4190,イーオスGFガード,Gardes Ioprey GF
4191,イーオスGXガード,Gardes Ioprey GX
4192,ゲネポスＧアーム,Brassards Genprey G
4193,ゲネポスGFアーム,Brassards Genprey GF
4194,ゲネポスGXアーム,Brassards Genprey GX
4195,ゲネポスＧガード,Gardes Genprey G
4196,ゲネポスGFガード,Gardes Genprey GF
4197,ゲネポスGXガード,Gardes Genprey GX
4198,ガレオスＧアーム,Brassards Cephalos G
4199,ガレオスGFアーム,Brassards Cephalos GF
4200,ガレオスGXアーム,Brassards Cephalos GX
4201,ガレオスＧガード,Gardes Cephalos G
4202,ガレオスGFガード,Gardes Cephalos GF
4203,ガレオスGXガード,Gardes Cephalos GX
4204,ディアブロＧアーム,Brassards Diablos G
4205,ディアブロGFアーム,Brassards Diablos GF
4206,ディアブロGXアーム,Brassards Diablos GX
4207,ディアブロＧガード,Gardes Diablos G
4208,ディアブロGFガード,Gardes Diablos GF
4209,ディアブロGXガード,Gardes Diablos GX
4210,ガノスＧアーム,Brassards Plesioth G
4211,ガノスGFアーム,Brassards Plesioth GF
4212,ガノスGXアーム,Brassards Plesioth GX
4213,ガノスＧガード,Gardes Plesioth G
4214,ガノスGFガード,Gardes Plesioth GF
4215,ガノスGXガード,Gardes Plesioth GX
4216,ベルＧアーム,Brassards Beru G
4217,ベルGFアーム,Brassards Beru GF
4218,ベルGXアーム,Brassards Beru GX
4219,ベルＧガード,Gardes Beru G
4220,ベルGFガード,Gardes Beru GF
4221,ベルGXガード,Gardes Beru GX
4222,グラビデＧアーム,Brassards Gravios G
4223,グラビデGFアーム,Brassards Gravios GF
4224,グラビデGXアーム,Brassards Gravios GX
4225,グラビデＧガード,Gardes Gravios G
4226,グラビデGFガード,Gardes Gravios GF
4227,グラビデGXガード,Gardes Gravios GX
4228,ルナＧアーム,Brassards Lune G
4229,ルナGFアーム,Brassards Lune GF
4230,ルナGXアーム,Brassards Lune GX
4231,ルナＧガード,Gardes Lune G
4232,ルナGFガード,Gardes Lune GF
4233,ルナGXガード,Gardes Lune GX
4234,ストロマアーム,Brassards Stroma
4235,ストロマＦアーム,Brassards Stroma F
4236,ストロマFXアーム,Brassards Stroma FX
4237,ストロマＧアーム,Brassards Stroma G
4238,ストロマガード,Gardes Stroma
4239,ストロマＦガード,Gardes Stroma F
4240,ストロマFXガード,Gardes Stroma FX
4241,ストロマＧガード,Gardes Stroma G
4242,プランダＧアーム,Brassards Pillard G
4243,プランダGFアーム,Brassards Pillard GF
4244,プランダGXアーム,Brassards Pillard GX
4245,プランダＧガード,Gardes Pillard G
4246,プランダGFガード,Gardes Pillard GF
4247,プランダGXガード,Gardes Pillard GX
4248,アルテラアーム,Brassards Altera
4249,アルテラＦアーム,Brassards Altera F
4250,アルテラFXアーム,Brassards Altera FX
4251,アルテラＧアーム,Brassards Altera G
4252,アルテラGFアーム,Brassards Altera GF
4253,アルテラガード,Gardes Altera
4254,アルテラＦガード,Gardes Altera F
4255,アルテラFXガード,Gardes Altera FX
4256,アルテラＧガード,Gardes Altera G
4257,アルテラGFガード,Gardes Altera GF
4258,ドラゴンＧクロウ,
4259,ドラゴンGFクロウ,
4260,ドラゴンGXクロウ,
4261,ドラゴンＧフィスト,
4262,ドラゴンGFフィスト,
4263,ドラゴンGXフィスト,
4264,イリークアーム,Brassards Iriku
4265,イリークＦアーム,Brassards Iriku F
4266,イリークFXアーム,Brassards Iriku FX
4267,イリークHCアーム,Brassards Iriku HC
4268,イリークガード,Gardes Iriku
4269,イリークＦガード,Gardes Iriku F
4270,イリークFXガード,Gardes Iriku FX
4271,イリークHCガード,Gardes Iriku HC
4272,イリークＧアーム,Brassards Iriku G
4273,イリークGFアーム,Brassards Iriku GF
4274,イリークGXアーム,Brassards Iriku GX
4275,イリークＧガード,Gardes Iriku G
4276,イリークGFガード,Gardes Iriku GF
4277,イリークGXガード,Gardes Iriku GX
4278,アフティＧアーム,Brassards Afti G
4279,アフティGFアーム,Brassards Afti GF
4280,アフティGXアーム,Brassards Afti GX
4281,アフティＧガード,Gardes Afti G
4282,アフティGFガード,Gardes Afti GF
4283,アフティGXガード,Gardes Afti GX
4284,セクティアーム・黒,Brassards Secti noirs
4285,セクティＦアーム・黒,Brassards Secti F noirs
4286,セクティFZアーム・黒,Brassards Secti FZ noirs
4287,セクティHSアーム・黒,Brassards Secti HS noirs
4288,セクティGSアーム・黒,Brassards Secti GS noirs
4289,セクティGPアーム・黒,Brassards Secti GP noirs
4290,セクティガード・黒,Gardes Secti noires
4291,セクティＦガード・黒,Gardes Secti F noires
4292,セクティFZガード・黒,Gardes Secti FZ noires
4293,セクティHSガード・黒,Gardes Secti HS noires
4294,セクティGSガード・黒,Gardes Secti GS noires
4295,セクティGPガード・黒,Gardes Secti GP noires
4296,セクティアーム・青,Brassards Secti bleus
4297,セクティＦアーム・青,Brassards Secti F bleus
4298,セクティFZアーム・青,Brassards Secti FZ bleus
4299,セクティHSアーム・青,Brassards Secti HS bleus
4300,セクティGSアーム・青,Brassards Secti GS bleus
4301,セクティGPアーム・青,Brassards Secti GP bleus
4302,セクティガード・青,Gardes Secti bleues
4303,セクティＦガード・青,Gardes Secti F bleues
4304,セクティFZガード・青,Gardes Secti FZ bleues
4305,セクティHSガード・青,Gardes Secti HS bleues
4306,セクティGSガード・青,Gardes Secti GS bleues
4307,セクティGPガード・青,Gardes Secti GP bleues
4308,セクティアーム・赤,Brassards Secti rouges
4309,セクティＦアーム・赤,Brassards Secti F rouges
4310,セクティFZアーム・赤,Brassards Secti FZ rouges
4311,セクティHSアーム・赤,Brassards Secti HS rouges
4312,セクティGSアーム・赤,Brassards Secti GS rouges
4313,セクティGPアーム・赤,Brassards Secti GP rouges
4314,セクティガード・赤,Gardes Secti rouges
4315,セクティＦガード・赤,Gardes Secti F rouges
4316,セクティFZガード・赤,Gardes Secti FZ rouges
4317,セクティHSガード・赤,Gardes Secti HS rouges
4318,セクティGSガード・赤,Gardes Secti GS rouges
4319,セクティGPガード・赤,Gardes Secti GP rouges
4320,セクティアーム・白,Brassards Secti blancs
4321,セクティＦアーム・白,Brassards Secti F blancs
4322,セクティFZアーム・白,Brassards Secti FZ blancs
4323,セクティHSアーム・白,Brassards Secti HS blancs
4324,セクティGSアーム・白,Brassards Secti GS blancs
4325,セクティGPアーム・白,Brassards Secti GP blancs
4326,セクティガード・白,Gardes Secti blanches
4327,セクティＦガード・白,Gardes Secti F blanches
4328,セクティFZガード・白,Gardes Secti FZ blanches
4329,セクティHSガード・白,Gardes Secti HS blanches
4330,セクティGSガード・白,Gardes Secti GS blanches
4331,セクティGPガード・白,Gardes Secti GP blanches
4332,ゲルトアーム・黒,Brassards Gert noirs
4333,ゲルトＦアーム・黒,Brassards Gert F noirs
4334,ゲルトFZアーム・黒,Brassards Gert FZ noirs
4335,ゲルトHSアーム・黒,Brassards Gert HS noirs
4336,ゲルトGSアーム・黒,Brassards Gert GS noirs
4337,ゲルトGPアーム・黒,Brassards Gert GP noirs
4338,ゲルトガード・黒,Gardes Gert noires
4339,ゲルトＦガード・黒,Gardes Gert F noires
4340,ゲルトFZガード・黒,Gardes Gert FZ noires
4341,ゲルトHSガード・黒,Gardes Gert HS noires
4342,ゲルトGSガード・黒,Gardes Gert GS noires
4343,ゲルトGPガード・黒,Gardes Gert GP noires
4344,ゲルトアーム・銅,
4345,ゲルトＦアーム・銅,
4346,ゲルトFZアーム・銅,
4347,ゲルトHSアーム・銅,
4348,ゲルトGSアーム・銅,
4349,ゲルトGPアーム・銅,
4350,ゲルトガード・銅,
4351,ゲルトＦガード・銅,
4352,ゲルトFZガード・銅,
4353,ゲルトHSガード・銅,
4354,ゲルトGSガード・銅,
4355,ゲルトGPガード・銅,
4356,ゲルトアーム・銀,Brassards Gert argentés
4357,ゲルトＦアーム・銀,Brassards Gert F argentés
4358,ゲルトFZアーム・銀,Brassards Gert FZ argentés
4359,ゲルトHSアーム・銀,Brassards Gert HS argentés
4360,ゲルトGSアーム・銀,Brassards Gert GS argentés
4361,ゲルトGPアーム・銀,Brassards Gert GP argentés
4362,ゲルトガード・銀,Gardes Gert argentées
4363,ゲルトＦガード・銀,Gardes Gert F argentées
4364,ゲルトFZガード・銀,Gardes Gert FZ argentées
4365,ゲルトHSガード・銀,Gardes Gert HS argentées
4366,ゲルトGSガード・銀,Gardes Gert GS argentées
4367,ゲルトGPガード・銀,Gardes Gert GP argentées
4368,ゲルトアーム・金,Brassards Gert dorés
4369,ゲルトＦアーム・金,Brassards Gert F dorés
4370,ゲルトFZアーム・金,Brassards Gert FZ dorés
4371,ゲルトHSアーム・金,Brassards Gert HS dorés
4372,ゲルトGSアーム・金,Brassards Gert GS dorés
4373,ゲルトGPアーム・金,Brassards Gert GP dorés
4374,ゲルトガード・金,Gardes Gert dorées
4375,ゲルトＦガード・金,Gardes Gert F dorées
4376,ゲルトFZガード・金,Gardes Gert FZ dorées
4377,ゲルトHSガード・金,Gardes Gert HS dorées
4378,ゲルトGSガード・金,Gardes Gert GS dorées
4379,ゲルトGPガード・金,Gardes Gert GP dorées
4380,ウーコンアーム,Brassards Shoko
4381,ウーコンＦアーム,Brassards Shoko F
4382,ウーコンFZアーム,Brassards Shoko FZ
4383,ウーコンHSアーム,Brassards Shoko HS
4384,ウーコンGSアーム,Brassards Shoko GS
4385,ウーコンGPアーム,Brassards Shoko GP
4386,ウーコンガード,Gardes Shoko
4387,ウーコンＦガード,Gardes Shoko F
4388,ウーコンFZガード,Gardes Shoko FZ
4389,ウーコンHSガード,Gardes Shoko HS
4390,ウーコンGSガード,Gardes Shoko GS
4391,ウーコンGPガード,Gardes Shoko GP
4392,ゲノムアーム・緑,Brassards Génome verts
4393,ゲノムＦアーム・緑,Brassards Génome F verts
4394,ゲノムFZアーム・緑,Brassards Génome FZ verts
4395,ゲノムHSアーム・緑,Brassards Génome HS verts
4396,ゲノムGSアーム・緑,Brassards Génome GS verts
4397,ゲノムGPアーム・緑,Brassards Génome GP verts
4398,ゲノムガード・緑,Gardes Génome vertes
4399,ゲノムＦガード・緑,Gardes Génome F vertes
4400,ゲノムFZガード・緑,Gardes Génome FZ vertes
4401,ゲノムHSガード・緑,Gardes Génome HS vertes
4402,ゲノムGSガード・緑,Gardes Génome GS vertes
4403,ゲノムGPガード・緑,Gardes Génome GP vertes
4404,ゲノムアーム・水,
4405,ゲノムＦアーム・水,
4406,ゲノムFZアーム・水,
4407,ゲノムHSアーム・水,
4408,ゲノムGSアーム・水,
4409,ゲノムGPアーム・水,
4410,ゲノムガード・水,
4411,ゲノムＦガード・水,
4412,ゲノムFZガード・水,
4413,ゲノムHSガード・水,
4414,ゲノムGSガード・水,
4415,ゲノムGPガード・水,
4416,ゲノムアーム・赤,Brassards Génome rouges
4417,ゲノムＦアーム・赤,Brassards Génome F rouges
4418,ゲノムFZアーム・赤,Brassards Génome FZ rouges
4419,ゲノムHSアーム・赤,Brassards Génome HS rouges
4420,ゲノムGSアーム・赤,Brassards Génome GS rouges
4421,ゲノムGPアーム・赤,Brassards Génome GP rouges
4422,ゲノムガード・赤,Gardes Génome rouges
4423,ゲノムＦガード・赤,Gardes Génome F rouges
4424,ゲノムFZガード・赤,Gardes Génome FZ rouges
4425,ゲノムHSガード・赤,Gardes Génome HS rouges
4426,ゲノムGSガード・赤,Gardes Génome GS rouges
4427,ゲノムGPガード・赤,Gardes Génome GP rouges
4428,ゲノムアーム・紫,Brassards Génome violets
4429,ゲノムＦアーム・紫,Brassards Génome F violets
4430,ゲノムFZアーム・紫,Brassards Génome FZ violets
4431,ゲノムHSアーム・紫,Brassards Génome HS violets
4432,ゲノムGSアーム・紫,Brassards Génome GS violets
4433,ゲノムGPアーム・紫,Brassards Génome GP violets
4434,ゲノムガード・紫,Gardes Génome violettes
4435,ゲノムＦガード・紫,Gardes Génome F violettes
4436,ゲノムFZガード・紫,Gardes Génome FZ violettes
4437,ゲノムHSガード・紫,Gardes Génome HS violettes
4438,ゲノムGSガード・紫,Gardes Génome GS violettes
4439,ゲノムGPガード・紫,Gardes Génome GP violettes
4440,ディヴォルアーム緑,Brassards Divol verts
4441,ディヴォルＦアーム緑,Brassards Divol F verts
4442,ディヴォルFZアーム緑,Brassards Divol FZ verts
4443,ディヴォルHSアーム緑,Brassards Divol HS verts
4444,ディヴォルGSアーム緑,Brassards Divol GS verts
4445,ディヴォルGPアーム緑,Brassards Divol GP verts
4446,ディヴォルガード緑,Gardes Divol vertes
4447,ディヴォルＦガード緑,Gardes Divol F vertes
4448,ディヴォルFZガード緑,Gardes Divol FZ vertes
4449,ディヴォルHSガード緑,Gardes Divol HS vertes
4450,ディヴォルGSガード緑,Gardes Divol GS vertes
4451,ディヴォルGPガード緑,Gardes Divol GP vertes
4452,ディヴォルアーム茶,Brassards Divol bruns
4453,ディヴォルＦアーム茶,Brassards Divol F bruns
4454,ディヴォルFZアーム茶,Brassards Divol FZ bruns
4455,ディヴォルHSアーム茶,Brassards Divol HS bruns
4456,ディヴォルGSアーム茶,Brassards Divol GS bruns
4457,ディヴォルGPアーム茶,Brassards Divol GP bruns
4458,ディヴォルガード茶,Gardes Divol brunes
4459,ディヴォルＦガード茶,Gardes Divol F brunes
4460,ディヴォルFZガード茶,Gardes Divol FZ brunes
4461,ディヴォルHSガード茶,Gardes Divol HS brunes
4462,ディヴォルGSガード茶,Gardes Divol GS brunes
4463,ディヴォルGPガード茶,Gardes Divol GP brunes
4464,ディヴォルアーム白,Brassards Divol blancs
4465,ディヴォルＦアーム白,Brassards Divol F blancs
4466,ディヴォルFZアーム白,Brassards Divol FZ blancs
4467,ディヴォルHSアーム白,Brassards Divol HS blancs
4468,ディヴォルGSアーム白,Brassards Divol GS blancs
4469,ディヴォルGPアーム白,Brassards Divol GP blancs
4470,ディヴォルガード白,Gardes Divol blanches
4471,ディヴォルＦガード白,Gardes Divol F blanches
4472,ディヴォルFZガード白,Gardes Divol FZ blanches
4473,ディヴォルHSガード白,Gardes Divol HS blanches
4474,ディヴォルGSガード白,Gardes Divol GS blanches
4475,ディヴォルGPガード白,Gardes Divol GP blanches
4476,ダンテアーム・赤,Brassards Dante rouges
4477,ダンテＦアーム・赤,Brassards Dante F rouges
4478,ダンテFZアーム・赤,Brassards Dante FZ rouges
4479,ダンテHSアーム・赤,Brassards Dante HS rouges
4480,ダンテGSアーム・赤,Brassards Dante GS rouges
4481,ダンテGPアーム・赤,Brassards Dante GP rouges
4482,ダンテガード・赤,Gardes Dante rouges
4483,ダンテＦガード・赤,Gardes Dante F rouges
4484,ダンテFZガード・赤,Gardes Dante FZ rouges
4485,ダンテHSガード・赤,Gardes Dante HS rouges
4486,ダンテGSガード・赤,Gardes Dante GS rouges
4487,ダンテGPガード・赤,Gardes Dante GP rouges
4488,レディアーム・白,Brassards Dame blancs
4489,レディＦアーム・白,Brassards Dame F blancs
4490,レディFZアーム・白,Brassards Dame FZ blancs
4491,レディHSアーム・白,Brassards Dame HS blancs
4492,レディGSアーム・白,Brassards Dame GS blancs
4493,レディGPアーム・白,Brassards Dame GP blancs
4494,レディガード・白,Gardes Dame blanches
4495,レディＦガード・白,Gardes Dame F blanches
4496,レディFZガード・白,Gardes Dame FZ blanches
4497,レディHSガード・白,Gardes Dame HS blanches
4498,レディGSガード・白,Gardes Dame GS blanches
4499,レディGPガード・白,Gardes Dame GP blanches
4500,ダンテアーム・黒,Brassards Dante noirs
4501,ダンテＦアーム・黒,Brassards Dante F noirs
4502,ダンテFZアーム・黒,Brassards Dante FZ noirs
4503,ダンテHSアーム・黒,Brassards Dante HS noirs
4504,ダンテGSアーム・黒,Brassards Dante GS noirs
4505,ダンテGPアーム・黒,Brassards Dante GP noirs
4506,ダンテガード・黒,Gardes Dante noires
4507,ダンテＦガード・黒,Gardes Dante F noires
4508,ダンテFZガード・黒,Gardes Dante FZ noires
4509,ダンテHSガード・黒,Gardes Dante HS noires
4510,ダンテGSガード・黒,Gardes Dante GS noires
4511,ダンテGPガード・黒,Gardes Dante GP noires
4512,レディアーム・黒,Brassards Dame noirs
4513,レディＦアーム・黒,Brassards Dame F noirs
4514,レディFZアーム・黒,Brassards Dame FZ noirs
4515,レディHSアーム・黒,Brassards Dame HS noirs
4516,レディGSアーム・黒,Brassards Dame GS noirs
4517,レディGPアーム・黒,Brassards Dame GP noirs
4518,レディガード・黒,Gardes Dame noires
4519,レディＦガード・黒,Gardes Dame F noires
4520,レディFZガード・黒,Gardes Dame FZ noires
4521,レディHSガード・黒,Gardes Dame HS noires
4522,レディGSガード・黒,Gardes Dame GS noires
4523,レディGPガード・黒,Gardes Dame GP noires
4524,ダンテアーム・白,Brassards Dante blancs
4525,ダンテＦアーム・白,Brassards Dante F blancs
4526,ダンテFZアーム・白,Brassards Dante FZ blancs
4527,ダンテHSアーム・白,Brassards Dante HS blancs
4528,ダンテGSアーム・白,Brassards Dante GS blancs
4529,ダンテGPアーム・白,Brassards Dante GP blancs
4530,ダンテガード・白,Gardes Dante blanches
4531,ダンテＦガード・白,Gardes Dante F blanches
4532,ダンテFZガード・白,Gardes Dante FZ blanches
4533,ダンテHSガード・白,Gardes Dante HS blanches
4534,ダンテGSガード・白,Gardes Dante GS blanches
4535,ダンテGPガード・白,Gardes Dante GP blanches
4536,レディアーム・赤,Brassards Dame rouges
4537,レディＦアーム・赤,Brassards Dame F rouges
4538,レディFZアーム・赤,Brassards Dame FZ rouges
4539,レディHSアーム・赤,Brassards Dame HS rouges
4540,レディGSアーム・赤,Brassards Dame GS rouges
4541,レディGPアーム・赤,Brassards Dame GP rouges
4542,レディガード・赤,Gardes Dame rouges
4543,レディＦガード・赤,Gardes Dame F rouges
4544,レディFZガード・赤,Gardes Dame FZ rouges
4545,レディHSガード・赤,Gardes Dame HS rouges
4546,レディGSガード・赤,Gardes Dame GS rouges
4547,レディGPガード・赤,Gardes Dame GP rouges
4548,ダンテアーム・緑,Brassards Dante verts
4549,ダンテＦアーム・緑,Brassards Dante F verts
4550,ダンテFZアーム・緑,Brassards Dante FZ verts
4551,ダンテHSアーム・緑,Brassards Dante HS verts
4552,ダンテGSアーム・緑,Brassards Dante GS verts
4553,ダンテGPアーム・緑,Brassards Dante GP verts
4554,ダンテガード・緑,Gardes Dante vertes
4555,ダンテＦガード・緑,Gardes Dante F vertes
4556,ダンテFZガード・緑,Gardes Dante FZ vertes
4557,ダンテHSガード・緑,Gardes Dante HS vertes
4558,ダンテGSガード・緑,Gardes Dante GS vertes
4559,ダンテGPガード・緑,Gardes Dante GP vertes
4560,レディアーム・緑,Brassards Dame verts
4561,レディＦアーム・緑,Brassards Dame F verts
4562,レディFZアーム・緑,Brassards Dame FZ verts
4563,レディHSアーム・緑,Brassards Dame HS verts
4564,レディGSアーム・緑,Brassards Dame GS verts
4565,レディGPアーム・緑,Brassards Dame GP verts
4566,レディガード・緑,Gardes Dame vertes
4567,レディＦガード・緑,Gardes Dame F vertes
4568,レディFZガード・緑,Gardes Dame FZ vertes
4569,レディHSガード・緑,Gardes Dame HS vertes
4570,レディGSガード・緑,Gardes Dame GS vertes
4571,レディGPガード・緑,Gardes Dame GP vertes
4572,昇龍FZ篭手・白,
4573,昇龍HS篭手・白,
4574,昇龍GS篭手・白,
4575,昇龍GP篭手・白,
4576,波動FZ篭手・白,
4577,波動HS篭手・白,
4578,波動GS篭手・白,
4579,波動GP篭手・白,
4580,百裂FZ腕環・青,
4581,百裂HS腕環・青,
4582,百裂GS腕環・青,
4583,百裂GP腕環・青,
4584,気功FZ腕環・青,
4585,気功HS腕環・青,
4586,気功GS腕環・青,
4587,気功GP腕環・青,
4588,昇龍FZ篭手・紺,
4589,昇龍HS篭手・紺,
4590,昇龍GS篭手・紺,
4591,昇龍GP篭手・紺,
4592,波動FZ篭手・紺,
4593,波動HS篭手・紺,
4594,波動GS篭手・紺,
4595,波動GP篭手・紺,
4596,百裂FZ腕環・黒,
4597,百裂HS腕環・黒,
4598,百裂GS腕環・黒,
4599,百裂GP腕環・黒,
4600,気功FZ腕環・黒,
4601,気功HS腕環・黒,
4602,気功GS腕環・黒,
4603,気功GP腕環・黒,
4604,昇龍FZ篭手・黄,
4605,昇龍HS篭手・黄,
4606,昇龍GS篭手・黄,
4607,昇龍GP篭手・黄,
4608,波動FZ篭手・黄,
4609,波動HS篭手・黄,
4610,波動GS篭手・黄,
4611,波動GP篭手・黄,
4612,百裂FZ腕環・黄,
4613,百裂HS腕環・黄,
4614,百裂GS腕環・黄,
4615,百裂GP腕環・黄,
4616,気功FZ腕環・黄,
4617,気功HS腕環・黄,
4618,気功GS腕環・黄,
4619,気功GP腕環・黄,
4620,昇龍FZ篭手・紫,
4621,昇龍HS篭手・紫,
4622,昇龍GS篭手・紫,
4623,昇龍GP篭手・紫,
4624,波動FZ篭手・紫,
4625,波動HS篭手・紫,
4626,波動GS篭手・紫,
4627,波動GP篭手・紫,
4628,百裂FZ腕環・緑,
4629,百裂HS腕環・緑,
4630,百裂GS腕環・緑,
4631,百裂GP腕環・緑,
4632,気功FZ腕環・緑,
4633,気功HS腕環・緑,
4634,気功GS腕環・緑,
4635,気功GP腕環・緑,
4636,竜巻FZ篭手・黒,
4637,竜巻HS篭手・黒,
4638,竜巻GS篭手・黒,
4639,竜巻GP篭手・黒,
4640,真空FZ篭手・黒,
4641,真空HS篭手・黒,
4642,真空GS篭手・黒,
4643,真空GP篭手・黒,
4644,千裂FZ腕環・黒,
4645,千裂HS腕環・黒,
4646,千裂GS腕環・黒,
4647,千裂GP腕環・黒,
4648,覇山FZ腕環・黒,
4649,覇山HS腕環・黒,
4650,覇山GS腕環・黒,
4651,覇山GP腕環・黒,
4652,竜巻FZ篭手・茶,
4653,竜巻HS篭手・茶,
4654,竜巻GS篭手・茶,
4655,竜巻GP篭手・茶,
4656,真空FZ篭手・茶,
4657,真空HS篭手・茶,
4658,真空GS篭手・茶,
4659,真空GP篭手・茶,
4660,千裂FZ腕環・紫,
4661,千裂HS腕環・紫,
4662,千裂GS腕環・紫,
4663,千裂GP腕環・紫,
4664,覇山FZ腕環・紫,
4665,覇山HS腕環・紫,
4666,覇山GS腕環・紫,
4667,覇山GP腕環・紫,
4668,竜巻FZ篭手・白,
4669,竜巻HS篭手・白,
4670,竜巻GS篭手・白,
4671,竜巻GP篭手・白,
4672,真空FZ篭手・白,
4673,真空HS篭手・白,
4674,真空GS篭手・白,
4675,真空GP篭手・白,
4676,千裂FZ腕環・白,
4677,千裂HS腕環・白,
4678,千裂GS腕環・白,
4679,千裂GP腕環・白,
4680,覇山FZ腕環・白,
4681,覇山HS腕環・白,
4682,覇山GS腕環・白,
4683,覇山GP腕環・白,
4684,竜巻FZ篭手・青,
4685,竜巻HS篭手・青,
4686,竜巻GS篭手・青,
4687,竜巻GP篭手・青,
4688,真空FZ篭手・青,
4689,真空HS篭手・青,
4690,真空GS篭手・青,
4691,真空GP篭手・青,
4692,千裂FZ腕環・緑,
4693,千裂HS腕環・緑,
4694,千裂GS腕環・緑,
4695,千裂GP腕環・緑,
4696,覇山FZ腕環・緑,
4697,覇山HS腕環・緑,
4698,覇山GS腕環・緑,
4699,覇山GP腕環・緑,
4700,デモンFZカフス・青,
4701,デモンHSカフス・青,
4702,デモンGSカフス・青,
4703,デモンGPカフス・青,
4704,カオスFZカフス・青,
4705,カオスHSカフス・青,
4706,カオスGSカフス・青,
4707,カオスGPカフス・青,
4708,シャドウFZグローブ紫,
4709,シャドウHSグローブ紫,
4710,シャドウGSグローブ紫,
4711,シャドウGPグローブ紫,
4712,ソウルFZグローブ・紫,
4713,ソウルHSグローブ・紫,
4714,ソウルGSグローブ・紫,
4715,ソウルGPグローブ・紫,
4716,デモンFZカフス・赤,
4717,デモンHSカフス・赤,
4718,デモンGSカフス・赤,
4719,デモンGPカフス・赤,
4720,カオスFZカフス・赤,
4721,カオスHSカフス・赤,
4722,カオスGSカフス・赤,
4723,カオスGPカフス・赤,
4724,シャドウFZグローブ赤,
4725,シャドウHSグローブ赤,
4726,シャドウGSグローブ赤,
4727,シャドウGPグローブ赤,
4728,ソウルFZグローブ・赤,
4729,ソウルHSグローブ・赤,
4730,ソウルGSグローブ・赤,
4731,ソウルGPグローブ・赤,
4732,デモンFZカフス・緑,
4733,デモンHSカフス・緑,
4734,デモンGSカフス・緑,
4735,デモンGPカフス・緑,
4736,カオスFZカフス・緑,
4737,カオスHSカフス・緑,
4738,カオスGSカフス・緑,
4739,カオスGPカフス・緑,
4740,シャドウFZグローブ緑,
4741,シャドウHSグローブ緑,
4742,シャドウGSグローブ緑,
4743,シャドウGPグローブ緑,
4744,ソウルFZグローブ・緑,
4745,ソウルHSグローブ・緑,
4746,ソウルGSグローブ・緑,
4747,ソウルGPグローブ・緑,
4748,デモンFZカフス・白,
4749,デモンHSカフス・白,
4750,デモンGSカフス・白,
4751,デモンGPカフス・白,
4752,カオスFZカフス・白,
4753,カオスHSカフス・白,
4754,カオスGSカフス・白,
4755,カオスGPカフス・白,
4756,シャドウFZグローブ白,
4757,シャドウHSグローブ白,
4758,シャドウGSグローブ白,
4759,シャドウGPグローブ白,
4760,ソウルFZグローブ・白,
4761,ソウルHSグローブ・白,
4762,ソウルGSグローブ・白,
4763,ソウルGPグローブ・白,
4764,一閃GS【篭手】・赤,
4765,一閃GP【篭手】・赤,
4766,構射GS【篭手】・赤,
4767,構射GP【篭手】・赤,
4768,蜂針GS【篭手】・橙,
4769,蜂針GP【篭手】・橙,
4770,気弾GS【篭手】・橙,
4771,気弾GP【篭手】・橙,
4772,一閃GS【篭手】・青,
4773,一閃GP【篭手】・青,
4774,構射GS【篭手】・青,
4775,構射GP【篭手】・青,
4776,蜂針GS【篭手】・青,
4777,蜂針GP【篭手】・青,
4778,気弾GS【篭手】・青,
4779,気弾GP【篭手】・青,
4780,一閃GS【篭手】・黄,
4781,一閃GP【篭手】・黄,
4782,構射GS【篭手】・黄,
4783,構射GP【篭手】・黄,
4784,蜂針GS【篭手】・黄,
4785,蜂針GP【篭手】・黄,
4786,気弾GS【篭手】・黄,
4787,気弾GP【篭手】・黄,
4788,一閃GS【篭手】・黒,
4789,一閃GP【篭手】・黒,
4790,構射GS【篭手】・黒,
4791,構射GP【篭手】・黒,
4792,蜂針GS【篭手】・黒,
4793,蜂針GP【篭手】・黒,
4794,気弾GS【篭手】・黒,
4795,気弾GP【篭手】・黒,
4796,神龍GS篭手・赤,
4797,神龍GP篭手・赤,
4798,裂破GS篭手・赤,
4799,裂破GP篭手・赤,
4800,キャノンGSグラブ・水,
4801,キャノンGPグラブ・水,
4802,アクセルGSグラブ・水,
4803,アクセルGPグラブ・水,
4804,神龍GS篭手・白,
4805,神龍GP篭手・白,
4806,裂破GS篭手・白,
4807,裂破GP篭手・白,
4808,キャノンGSグラブ・緑,
4809,キャノンGPグラブ・緑,
4810,アクセルGSグラブ・緑,
4811,アクセルGPグラブ・緑,
4812,神龍GS篭手・紫,
4813,神龍GP篭手・紫,
4814,裂破GS篭手・紫,
4815,裂破GP篭手・紫,
4816,キャノンGSグラブ・桃,
4817,キャノンGPグラブ・桃,
4818,アクセルGSグラブ・桃,
4819,アクセルGPグラブ・桃,
4820,神龍GS篭手・黄,
4821,神龍GP篭手・黄,
4822,裂破GS篭手・黄,
4823,裂破GP篭手・黄,
4824,キャノンGSグラブ・紫,
4825,キャノンGPグラブ・紫,
4826,アクセルGSグラブ・紫,
4827,アクセルGPグラブ・紫,
4828,ガルーダHSアーム,Brassards Garuda HS
4829,ガルーダGSアーム,Brassards Garuda GS
4830,ガルーダGPアーム,Brassards Garuda GP
4831,ガルーダHSガード,Gardes Garuda HS
4832,ガルーダGSガード,Gardes Garuda GS
4833,ガルーダGPガード,Gardes Garuda GP
4834,フィアラルHSアーム,Brassards Féral HS
4835,フィアラルGSアーム,Brassards Féral GS
4836,フィアラルGPアーム,Brassards Féral GP
4837,フィアラルHSガード,Gardes Féral HS
4838,フィアラルGSガード,Gardes Féral GS
4839,フィアラルGPガード,Gardes Féral GP
4840,フィアスHSアーム,Brassards Fias HS
4841,フィアスGSアーム,Brassards Fias GS
4842,フィアスGPアーム,Brassards Fias GP
4843,フィアスHSガード,Gardes Fias HS
4844,フィアスGSガード,Gardes Fias GS
4845,フィアスGPガード,Gardes Fias GP
4846,ヴィルトHSアーム,Brassards Viruto HS
4847,ヴィルトGSアーム,Brassards Viruto GS
4848,ヴィルトGPアーム,Brassards Viruto GP
4849,ヴィルトHSガード,Gardes Viruto HS
4850,ヴィルトGSガード,Gardes Viruto GS
4851,ヴィルトGPガード,Gardes Viruto GP
4852,ファルコHSアーム,Brassards Falco HS
4853,ファルコGSアーム,Brassards Falco GS
4854,ファルコGPアーム,Brassards Falco GP
4855,ファルコHSガード,Gardes Falco HS
4856,ファルコGSガード,Gardes Falco GS
4857,ファルコGPガード,Gardes Falco GP
4858,ハウクスHSアーム,Brassards Howx HS
4859,ハウクスGSアーム,Brassards Howx GS
4860,ハウクスGPアーム,Brassards Howx GP
4861,ハウクスHSガード,Gardes Howx HS
4862,ハウクスGSガード,Gardes Howx GS
4863,ハウクスGPガード,Gardes Howx GP
4864,ガウスHSアーム,Brassards Gauss HS
4865,ガウスGSアーム,Brassards Gauss GS
4866,ガウスGPアーム,Brassards Gauss GP
4867,ガウスHSガード,Gardes Gauss HS
4868,ガウスGSガード,Gardes Gauss GS
4869,ガウスGPガード,Gardes Gauss GP
4870,ウェーバHSアーム,Brassards Weber HS
4871,ウェーバGSアーム,Brassards Weber GS
4872,ウェーバGPアーム,Brassards Weber GP
4873,ウェーバHSガード,Gardes Weber HS
4874,ウェーバGSガード,Gardes Weber GS
4875,ウェーバGPガード,Gardes Weber GP
4876,ギルバートHSアーム,Brassards Gilbert HS
4877,ギルバートGSアーム,Brassards Gilbert GS
4878,ギルバートGPアーム,Brassards Gilbert GP
4879,ギルバートHSガード,Gardes Gilbert HS
4880,ギルバートGSガード,Gardes Gilbert GS
4881,ギルバートGPガード,Gardes Gilbert GP
4882,ブライトGPアーム,Brassards Éclat GP
4883,ブライトGPガード,Gardes Éclat GP
4884,ジュアリGPアーム,Brassards Juari GP
4885,ジュアリGPガード,Gardes Juari GP
4886,ティンクGPアーム,Brassards Tinku GP
4887,ティンクGPガード,Gardes Tinku GP
4888,ルクストアーム,Brassards Luxt
4889,ルクストＦアーム,Brassards Luxt F
4890,ルクストFYアーム,Brassards Luxt FY
4891,ルクストHSアーム,Brassards Luxt HS
4892,ルクストガード,Gardes Luxt
4893,ルクストＦガード,Gardes Luxt F
4894,ルクストFYガード,Gardes Luxt FY
4895,ルクストHSガード,Gardes Luxt HS
4896,ルクストＧアーム,Brassards Luxt G
4897,ルクストGFアーム,Brassards Luxt GF
4898,ルクストGXアーム,Brassards Luxt GX
4899,ルクストＧガード,Gardes Luxt G
4900,ルクストGFガード,Gardes Luxt GF
4901,ルクストGXガード,Gardes Luxt GX
4902,オレウムアーム,Brassards Oleum
4903,オレウムＦアーム,Brassards Oleum F
4904,オレウムFYアーム,Brassards Oleum FY
4905,オレウムHSアーム,Brassards Oleum HS
4906,オレウムガード,Gardes Oleum
4907,オレウムＦガード,Gardes Oleum F
4908,オレウムFYガード,Gardes Oleum FY
4909,オレウムHSガード,Gardes Oleum HS
4910,オレウムＧアーム,Brassards Oleum G
4911,オレウムGFアーム,Brassards Oleum GF
4912,オレウムGXアーム,Brassards Oleum GX
4913,オレウムＧガード,Gardes Oleum G
4914,オレウムGFガード,Gardes Oleum GF
4915,オレウムGXガード,Gardes Oleum GX
4916,クラントアーム,Brassards Kuranto
4917,クラントＦアーム,Brassards Kuranto F
4918,クラントFYアーム,Brassards Kuranto FY
4919,クラントHSアーム,Brassards Kuranto HS
4920,クラントガード,Gardes Kuranto
4921,クラントＦガード,Gardes Kuranto F
4922,クラントFYガード,Gardes Kuranto FY
4923,クラントHSガード,Gardes Kuranto HS
4924,クラントＧアーム,Brassards Kuranto G
4925,クラントGFアーム,Brassards Kuranto GF
4926,クラントGXアーム,Brassards Kuranto GX
4927,クラントＧガード,Gardes Kuranto G
4928,クラントGFガード,Gardes Kuranto GF
4929,クラントGXガード,Gardes Kuranto GX
4930,ユプケアーム,Brassards Yupuk
4931,ユプケＦアーム,Brassards Yupuk F
4932,ユプケFYアーム,Brassards Yupuk FY
4933,ユプケHSアーム,Brassards Yupuk HS
4934,ユプケガード,Gardes Yupuk
4935,ユプケＦガード,Gardes Yupuk F
4936,ユプケFYガード,Gardes Yupuk FY
4937,ユプケHSガード,Gardes Yupuk HS
4938,ユプケＧアーム,Brassards Yupuk G
4939,ユプケGFアーム,Brassards Yupuk GF
4940,ユプケGXアーム,Brassards Yupuk GX
4941,ユプケＧガード,Gardes Yupuk G
4942,ユプケGFガード,Gardes Yupuk GF
4943,ユプケGXガード,Gardes Yupuk GX
4944,ヒガクレＧアーム,Brassards Higakure G
4945,ヒガクレGFアーム,Brassards Higakure GF
4946,ヒガクレGXアーム,Brassards Higakure GX
4947,ヒガクレＧガード,Gardes Higakure G
4948,ヒガクレGFガード,Gardes Higakure GF
4949,ヒガクレGXガード,Gardes Higakure GX
4950,コンセルＧアーム,Brassards Konseru G
4951,コンセルGFアーム,Brassards Konseru GF
4952,コンセルGXアーム,Brassards Konseru GX
4953,コンセルＧガード,Gardes Konseru G
4954,コンセルGFガード,Gardes Konseru GF
4955,コンセルGXガード,Gardes Konseru GX
4956,ディールＧアーム,Brassards Diru G
4957,ディールGFアーム,Brassards Diru GF
4958,ディールGXアーム,Brassards Diru GX
4959,ディールＧガード,Gardes Diru G
4960,ディールGFガード,Gardes Diru GF
4961,ディールGXガード,Gardes Diru GX
4962,コルヌーアーム,
4963,コピアイアーム,
4964,コルヌーガード,
4965,コピアイガード,
4966,メトリーアーム・青,Brassards Metri bleus
4967,メトリーＦアーム・青,Brassards Metri F bleus
4968,メトリーFZアーム・青,Brassards Metri FZ bleus
4969,メトリーHCアーム・青,Brassards Metri HC bleus
4970,メトリーHSアーム・青,Brassards Metri HS bleus
4971,メトリーGSアーム・青,Brassards Metri GS bleus
4972,メトリーガード・青,Gardes Metri bleues
4973,メトリーＦガード・青,Gardes Metri F bleues
4974,メトリーFZガード・青,Gardes Metri FZ bleues
4975,メトリーHCガード・青,Gardes Metri HC bleues
4976,メトリーHSガード・青,Gardes Metri HS bleues
4977,メトリーGSガード・青,Gardes Metri GS bleues
4978,メトリーアーム・白,Brassards Metri blancs
4979,メトリーＦアーム・白,Brassards Metri F blancs
4980,メトリーFZアーム・白,Brassards Metri FZ blancs
4981,メトリーHCアーム・白,Brassards Metri HC blancs
4982,メトリーHSアーム・白,Brassards Metri HS blancs
4983,メトリーGSアーム・白,Brassards Metri GS blancs
4984,メトリーガード・白,Gardes Metri blanches
4985,メトリーＦガード・白,Gardes Metri F blanches
4986,メトリーFZガード・白,Gardes Metri FZ blanches
4987,メトリーHCガード・白,Gardes Metri HC blanches
4988,メトリーHSガード・白,Gardes Metri HS blanches
4989,メトリーGSガード・白,Gardes Metri GS blanches
4990,メトリーアーム・赤,Brassards Metri rouges
4991,メトリーＦアーム・赤,Brassards Metri F rouges
4992,メトリーFZアーム・赤,Brassards Metri FZ rouges
4993,メトリーHCアーム・赤,Brassards Metri HC rouges
4994,メトリーHSアーム・赤,Brassards Metri HS rouges
4995,メトリーGSアーム・赤,Brassards Metri GS rouges
4996,メトリーガード・赤,Gardes Metri rouges
4997,メトリーＦガード・赤,Gardes Metri F rouges
4998,メトリーFZガード・赤,Gardes Metri FZ rouges
4999,メトリーHCガード・赤,Gardes Metri HC rouges
5000,メトリーHSガード・赤,Gardes Metri HS rouges
5001,メトリーGSガード・赤,Gardes Metri GS rouges
5002,メトリーアーム・緑,Brassards Metri verts
5003,メトリーＦアーム・緑,Brassards Metri F verts
5004,メトリーFZアーム・緑,Brassards Metri FZ verts
5005,メトリーHCアーム・緑,Brassards Metri HC verts
5006,メトリーHSアーム・緑,Brassards Metri HS verts
5007,メトリーGSアーム・緑,Brassards Metri GS verts
5008,メトリーガード・緑,Gardes Metri vertes
5009,メトリーＦガード・緑,Gardes Metri F vertes
5010,メトリーFZガード・緑,Gardes Metri FZ vertes
5011,メトリーHCガード・緑,Gardes Metri HC vertes
5012,メトリーHSガード・緑,Gardes Metri HS vertes
5013,メトリーGSガード・緑,Gardes Metri GS vertes
5014,ノヴィーアーム,
5015,ノヴィーＦアーム,
5016,ノヴィーFZアーム,
5017,ノヴィーHCアーム,
5018,ノヴィーHSアーム,
5019,ノヴィーGSアーム,
5020,ノヴィーガード,
5021,ノヴィーＦガード,
5022,ノヴィーFZガード,
5023,ノヴィーHCガード,
5024,ノヴィーHSガード,
5025,ノヴィーGSガード,
5026,フローラアーム,
5027,フラウアーム,Brassards Frau
5028,リアアーム,
5029,キースアーム,Brassards Keith
5030,ギネルアーム,Brassards Guinelle
5031,チルカアーム,
5032,エドワードアーム,Brassards Edward
5033,タイゾウアーム,Brassards Taizo
5034,ティアラアーム,Brassards Tiala
5035,ユウェルアーム,Brassards Uwel
5036,ナターシャガード,Gardes Natasha
5037,ダミー,
5038,アミロアーム・青,Brassards Amiro bleus
5039,アミロＦアーム・青,Brassards Amiro F bleus
5040,アミロFZアーム・青,Brassards Amiro FZ bleus
5041,アミロHCアーム・青,Brassards Amiro HC bleus
5042,アミロHSアーム・青,Brassards Amiro HS bleus
5043,アミロGSアーム・青,Brassards Amiro GS bleus
5044,アミロガード・青,Gardes Amiro bleues
5045,アミロＦガード・青,Gardes Amiro F bleues
5046,アミロFZガード・青,Gardes Amiro FZ bleues
5047,アミロHCガード・青,Gardes Amiro HC bleues
5048,アミロHSガード・青,Gardes Amiro HS bleues
5049,アミロGSガード・青,Gardes Amiro GS bleues
5050,アミロアーム・赤,Brassards Amiro rouges
5051,アミロＦアーム・赤,Brassards Amiro F rouges
5052,アミロFZアーム・赤,Brassards Amiro FZ rouges
5053,アミロHCアーム・赤,Brassards Amiro HC rouges
5054,アミロHSアーム・赤,Brassards Amiro HS rouges
5055,アミロGSアーム・赤,Brassards Amiro GS rouges
5056,アミロガード・赤,Gardes Amiro rouges
5057,アミロＦガード・赤,Gardes Amiro F rouges
5058,アミロFZガード・赤,Gardes Amiro FZ rouges
5059,アミロHCガード・赤,Gardes Amiro HC rouges
5060,アミロHSガード・赤,Gardes Amiro HS rouges
5061,アミロGSガード・赤,Gardes Amiro GS rouges
5062,アミロアーム・黄,Brassards Amiro jaunes
5063,アミロＦアーム・黄,Brassards Amiro F jaunes
5064,アミロFZアーム・黄,Brassards Amiro FZ jaunes
5065,アミロHCアーム・黄,Brassards Amiro HC jaunes
5066,アミロHSアーム・黄,Brassards Amiro HS jaunes
5067,アミロGSアーム・黄,Brassards Amiro GS jaunes
5068,アミロガード・黄,Gardes Amiro jaunes
5069,アミロＦガード・黄,Gardes Amiro F jaunes
5070,アミロFZガード・黄,Gardes Amiro FZ jaunes
5071,アミロHCガード・黄,Gardes Amiro HC jaunes
5072,アミロHSガード・黄,Gardes Amiro HS jaunes
5073,アミロGSガード・黄,Gardes Amiro GS jaunes
5074,アミロアーム・黒,Brassards Amiro noirs
5075,アミロＦアーム・黒,Brassards Amiro F noirs
5076,アミロFZアーム・黒,Brassards Amiro FZ noirs
5077,アミロHCアーム・黒,Brassards Amiro HC noirs
5078,アミロHSアーム・黒,Brassards Amiro HS noirs
5079,アミロGSアーム・黒,Brassards Amiro GS noirs
5080,アミロガード・黒,Gardes Amiro noires
5081,アミロＦガード・黒,Gardes Amiro F noires
5082,アミロFZガード・黒,Gardes Amiro FZ noires
5083,アミロHCガード・黒,Gardes Amiro HC noires
5084,アミロHSガード・黒,Gardes Amiro HS noires
5085,アミロGSガード・黒,Gardes Amiro GS noires
5086,リグイアーム,Brassards Pisces
5087,リグイＦアーム,Brassards Pisces F
5088,リグイFZアーム,Brassards Pisces FZ
5089,リグイHCアーム,Brassards Pisces HC
5090,リグイHSアーム,Brassards Pisces HS
5091,リグイGSアーム,Brassards Pisces GS
5092,リグイガード,Gardes Pisces
5093,リグイＦガード,Gardes Pisces F
5094,リグイFZガード,Gardes Pisces FZ
5095,リグイHCガード,Gardes Pisces HC
5096,リグイHSガード,Gardes Pisces HS
5097,リグイGSガード,Gardes Pisces GS
5098,アスールＧアーム,Brassards Azul G
5099,アスールGFアーム,Brassards Azul GF
5100,アスールGXアーム,Brassards Azul GX
5101,アスールＧガード,Gardes Azul G
5102,アスールGFガード,Gardes Azul GF
5103,アスールGXガード,Gardes Azul GX
5104,エントラＧアーム,Brassards Entora G
5105,エントラGFアーム,Brassards Entora GF
5106,エントラGXアーム,Brassards Entora GX
5107,エントラＧガード,Gardes Entora G
5108,エントラGFガード,Gardes Entora GF
5109,エントラGXガード,Gardes Entora GX
5110,聖王アーム,
5111,聖王Ｆアーム,
5112,聖王FZアーム,
5113,聖王HSアーム,
5114,聖王GSアーム,
5115,聖王GPアーム,
5116,聖王ガード,
5117,聖王Ｆガード,
5118,聖王FZガード,
5119,聖王HSガード,
5120,聖王GSガード,
5121,聖王GPガード,
5122,英雄王アーム,
5123,英雄王Ｆアーム,
5124,英雄王FZアーム,
5125,英雄王HSアーム,
5126,英雄王GSアーム,
5127,英雄王GPアーム,
5128,英雄王ガード,
5129,英雄王Ｆガード,
5130,英雄王FZガード,
5131,英雄王HSガード,
5132,英雄王GSガード,
5133,英雄王GPガード,
5134,雷刃篭手,
5135,雷刃Ｆ篭手,
5136,雷刃FZ篭手,
5137,雷刃HS篭手,
5138,雷刃GS篭手,
5139,雷刃GP篭手,
5140,迅雷篭手,
5141,迅雷Ｆ篭手,
5142,迅雷FZ篭手,
5143,迅雷HS篭手,
5144,迅雷GS篭手,
5145,迅雷GP篭手,
5146,天星腕環,
5147,天星Ｆ腕環,
5148,天星FZ腕環,
5149,天星HS腕環,
5150,天星GS腕環,
5151,天星GP腕環,
5152,飛燕腕環,
5153,飛燕Ｆ腕環,
5154,飛燕FZ腕環,
5155,飛燕HS腕環,
5156,飛燕GS腕環,
5157,飛燕GP腕環,
5158,バットカフス,
5159,バットＦカフス,
5160,バットFZカフス,
5161,バットHSカフス,
5162,バットGSカフス,
5163,バットGPカフス,
5164,ナイトカフス,
5165,ナイトＦカフス,
5166,ナイトFZカフス,
5167,ナイトHSカフス,
5168,ナイトGSカフス,
5169,ナイトGPカフス,
5170,シェルグローヴ,
5171,シェルＦグローヴ,
5172,シェルFZグローヴ,
5173,シェルHSグローヴ,
5174,シェルGSグローヴ,
5175,シェルGPグローヴ,
5176,ベクターグローヴ,
5177,ベクターＦグローヴ,
5178,ベクターFZグローヴ,
5179,ベクターHSグローヴ,
5180,ベクターGSグローヴ,
5181,ベクターGPグローヴ,
5182,サーブルアーム,
5183,サーブルＦアーム,
5184,サーブルFZアーム,
5185,サーブルHSアーム,
5186,サーブルGSアーム,
5187,サーブルGPアーム,
5188,サーブルガード,
5189,サーブルＦガード,
5190,サーブルFZガード,
5191,サーブルHSガード,
5192,サーブルGSガード,
5193,サーブルGPガード,
5194,ルワージュアーム,
5195,ルワージュＦアーム,
5196,ルワージュFZアーム,
5197,ルワージュHSアーム,
5198,ルワージュGSアーム,
5199,ルワージュGPアーム,
5200,ルワージュガード,
5201,ルワージュＦガード,
5202,ルワージュFZガード,
5203,ルワージュHSガード,
5204,ルワージュGSガード,
5205,ルワージュGPガード,
5206,ノメルアーム,
5207,ノメルＦアーム,
5208,ノメルFZアーム,
5209,ノメルHSアーム,
5210,ノメルGSアーム,
5211,ノメルGPアーム,
5212,ノメルガード,
5213,ノメルＦガード,
5214,ノメルFZガード,
5215,ノメルHSガード,
5216,ノメルGSガード,
5217,ノメルGPガード,
5218,英雄王の篭手：剣金,
5219,英雄王の篭手：剣Ｆ金,
5220,英雄王の篭手：剣FZ金,
5221,英雄王の篭手：剣HS金,
5222,英雄王の篭手：剣GS金,
5223,英雄王の篭手：剣GP金,
5224,英雄王の篭手：銃金,
5225,英雄王の篭手：銃Ｆ金,
5226,英雄王の篭手：銃FZ金,
5227,英雄王の篭手：銃HS金,
5228,英雄王の篭手：銃GS金,
5229,英雄王の篭手：銃GP金,
5230,ゴルゴンアーム・黒,Brassards Gorgone noirs
5231,ゴルゴンＦアーム・黒,Brassards Gorgone F noirs
5232,ゴルゴンFZアーム・黒,Brassards Gorgone FZ noirs
5233,ゴルゴンHSアーム・黒,Brassards Gorgone HS noirs
5234,ゴルゴンGSアーム・黒,Brassards Gorgone GS noirs
5235,ゴルゴンGPアーム・黒,Brassards Gorgone GP noirs
5236,ゴルゴンガード・黒,Gardes Gorgone noires
5237,ゴルゴンＦガード・黒,Gardes Gorgone F noires
5238,ゴルゴンFZガード・黒,Gardes Gorgone FZ noires
5239,ゴルゴンHSガード・黒,Gardes Gorgone HS noires
5240,ゴルゴンGSガード・黒,Gardes Gorgone GS noires
5241,ゴルゴンGPガード・黒,Gardes Gorgone GP noires
5242,クリュスHSアーム,Brassards Kruss HS
5243,クリュスGSアーム,Brassards Kruss GS
5244,クリュスGPアーム,Brassards Kruss GP
5245,クォートHSガード,
5246,クォートGSガード,
5247,クォートGPガード,
5248,スタリナHSアーム,Brassards Starina HS
5249,スタリナGSアーム,Brassards Starina GS
5250,スタリナGPアーム,Brassards Starina GP
5251,スタリナHSガード,Gardes Starina HS
5252,スタリナGSガード,Gardes Starina GS
5253,スタリナGPガード,Gardes Starina GP
5254,ルースHSアーム,
5255,ルースGSアーム,
5256,ルースGPアーム,
5257,ルースHSガード,
5258,ルースGSガード,
5259,ルースGPガード,
5260,ミラドHSアーム,Brassards Mirado HS
5261,ミラドGSアーム,Brassards Mirado GS
5262,ミラドGPアーム,Brassards Mirado GP
5263,ミラドHSガード,Gardes Mirado HS
5264,ミラドGSガード,Gardes Mirado GS
5265,ミラドGPガード,Gardes Mirado GP
5266,ピラータHSアーム,Brassards Pirata HS
5267,ピラータGSアーム,Brassards Pirata GS
5268,ピラータGPアーム,Brassards Pirata GP
5269,ピラータHSガード,Gardes Pirata HS
5270,ピラータGSガード,Gardes Pirata GS
5271,ピラータGPガード,Gardes Pirata GP
5272,ゼロイHSアーム,Brassards Zeroi HS
5273,ゼロイGSアーム,Brassards Zeroi GS
5274,ゼロイGPアーム,Brassards Zeroi GP
5275,ゼロイHSガード,Gardes Zeroi HS
5276,ゼロイGSガード,Gardes Zeroi GS
5277,ゼロイGPガード,Gardes Zeroi GP
5278,デュールHSアーム,Brassards Deyuru HS
5279,デュールGSアーム,Brassards Deyuru GS
5280,デュールGPアーム,Brassards Deyuru GP
5281,デュールHSガード,Gardes Deyuru HS
5282,デュールGSガード,Gardes Deyuru GS
5283,デュールGPガード,Gardes Deyuru GP
5284,ロバストHSハトゥー,
5285,ロバストGSハトゥー,
5286,ロバストGPハトゥー,
5287,ロバストHSフィスト,
5288,ロバストGSフィスト,
5289,ロバストGPフィスト,
5290,花火GS【篭手】,
5291,花火GP【篭手】,
5292,流星GS【篭手】,
5293,流星GP【篭手】,
5294,バーニーFZアーム・黒,Brassards Barney FZ noirs
5295,バーニーHSアーム・黒,Brassards Barney HS noirs
5296,バーニーGSアーム・黒,Brassards Barney GS noirs
5297,バーニーGPアーム・黒,Brassards Barney GP noirs
5298,バーニーFZアーム・白,Brassards Barney FZ blancs
5299,バーニーHSアーム・白,Brassards Barney HS blancs
5300,バーニーGSアーム・白,Brassards Barney GS blancs
5301,バーニーGPアーム・白,Brassards Barney GP blancs
5302,バーニーFZアーム・赤,Brassards Barney FZ rouges
5303,バーニーHSアーム・赤,Brassards Barney HS rouges
5304,バーニーGSアーム・赤,Brassards Barney GS rouges
5305,バーニーGPアーム・赤,Brassards Barney GP rouges
5306,バーニーFZアーム・紫,Brassards Barney FZ violets
5307,バーニーHSアーム・紫,Brassards Barney HS violets
5308,バーニーGSアーム・紫,Brassards Barney GS violets
5309,バーニーGPアーム・紫,Brassards Barney GP violets
5310,バーニーFZガード・黒,Gardes Barney FZ noires
5311,バーニーHSガード・黒,Gardes Barney HS noires
5312,バーニーGSガード・黒,Gardes Barney GS noires
5313,バーニーGPガード・黒,Gardes Barney GP noires
5314,バーニーFZガード・白,Gardes Barney FZ blanches
5315,バーニーHSガード・白,Gardes Barney HS blanches
5316,バーニーGSガード・白,Gardes Barney GS blanches
5317,バーニーGPガード・白,Gardes Barney GP blanches
5318,バーニーFZガード・赤,Gardes Barney FZ rouges
5319,バーニーHSガード・赤,Gardes Barney HS rouges
5320,バーニーGSガード・赤,Gardes Barney GS rouges
5321,バーニーGPガード・赤,Gardes Barney GP rouges
5322,バーニーFZガード・紫,Gardes Barney FZ violettes
5323,バーニーHSガード・紫,Gardes Barney HS violettes
5324,バーニーGSガード・紫,Gardes Barney GS violettes
5325,バーニーGPガード・紫,Gardes Barney GP violettes
5326,ミクGPアーム,Brassards Miku GP
5327,ミクGPガード,Gardes Miku GP
5328,赤原礼装・腕：剣GP赤,Bras Akahara GP Lame rouges
5329,赤原礼装・腕：弓GP赤,Bras Akahara GP Arc rouges
5330,赤原礼装・腕：剣GP青,Bras Akahara GP Lame bleus
5331,赤原礼装・腕：弓GP青,Bras Akahara GP Arc bleus
5332,赤原礼装・腕：剣GP黒,Bras Akahara GP Lame noirs
5333,赤原礼装・腕：弓GP黒,Bras Akahara GP Arc noirs
5334,赤原礼装・腕：剣GP白,Bras Akahara GP Lame blancs
5335,赤原礼装・腕：弓GP白,Bras Akahara GP Arc blancs
5336,騎士王の篭手：剣GP青,
5337,騎士王の篭手：弓GP青,
5338,騎士王の篭手：剣GP赤,
5339,騎士王の篭手：弓GP赤,
5340,騎士王の篭手：剣GP黒,
5341,騎士王の篭手：弓GP黒,
5342,騎士王の篭手：剣GP白,
5343,騎士王の篭手：弓GP白,
5344,蒼竜ノ具足GP【篭手】,
5345,蒼竜ノ羽織GP【篭手】,
5346,赤備ノ具足GP【篭手】,
5347,赤備ノ羽織GP【篭手】,
5348,レアルGPアーム・白,Brassards Real GP blancs
5349,レアルGPアーム・金,Brassards Real GP dorés
5350,レアルGPアーム・青,Brassards Real GP bleus
5351,レアルGPアーム・赤,Brassards Real GP rouges
5352,レアルGPガード・白,Gardes Real GP blanches
5353,レアルGPガード・金,Gardes Real GP dorées
5354,レアルGPガード・青,Gardes Real GP bleues
5355,レアルGPガード・赤,Gardes Real GP rouges
5356,リゲリアGPアーム・白,Brassards Ligeria GP blancs
5357,リゲリアGPアーム・赤,Brassards Ligeria GP rouges
5358,リゲリアGPアーム・緑,Brassards Ligeria GP verts
5359,リゲリアGPアーム・青,Brassards Ligeria GP bleus
5360,リゲリアGPガード・白,Gardes Ligeria GP blanches
5361,リゲリアGPガード・赤,Gardes Ligeria GP rouges
5362,リゲリアGPガード・緑,Gardes Ligeria GP vertes
5363,リゲリアGPガード・青,Gardes Ligeria GP bleues
5364,エディオGPアーム・青,Brassards Edio GP bleus
5365,エディオGPアーム・赤,Brassards Edio GP rouges
5366,エディオGPアーム・黄,Brassards Edio GP jaunes
5367,エディオGPアーム・黒,Brassards Edio GP noirs
5368,エディオGPガード・青,Gardes Edio GP bleues
5369,エディオGPガード・赤,Gardes Edio GP rouges
5370,エディオGPガード・黄,Gardes Edio GP jaunes
5371,エディオGPガード・黒,Gardes Edio GP noires
5372,レイストGSアーム・黒,Brassards Reist GS noirs
5373,レイストGPアーム・黒,Brassards Reist GP noirs
5374,レイストGSガード・黒,Gardes Reist GS noires
5375,レイストGPガード・黒,Gardes Reist GP noires
5376,レイストGSアーム・青,Brassards Reist GS bleus
5377,レイストGPアーム・青,Brassards Reist GP bleus
5378,レイストGSガード・青,Gardes Reist GS bleues
5379,レイストGPガード・青,Gardes Reist GP bleues
5380,レイストGSアーム・紅,Brassards Reist GS cramoisis
5381,レイストGPアーム・紅,Brassards Reist GP cramoisis
5382,レイストGSガード・紅,Gardes Reist GS cramoisies
5383,レイストGPガード・紅,Gardes Reist GP cramoisies
5384,レイストGSアーム・白,Brassards Reist GS blancs
5385,レイストGPアーム・白,Brassards Reist GP blancs
5386,レイストGSガード・白,Gardes Reist GS blanches
5387,レイストGPガード・白,Gardes Reist GP blanches
5388,シエルFZガントレット,
5389,シエルHSガントレット,
5390,シエルGSガントレット,
5391,シエルGPガントレット,
5392,オメットHSアーム・黒,Brassards Omet HS noirs
5393,オメットGSアーム・黒,Brassards Omet GS noirs
5394,オメットGPアーム・黒,Brassards Omet GP noirs
5395,オメットHSガード・黒,Gardes Omet HS noires
5396,オメットGSガード・黒,Gardes Omet GS noires
5397,オメットGPガード・黒,Gardes Omet GP noires
5398,オメットHSアーム・赤,Brassards Omet HS rouges
5399,オメットGSアーム・赤,Brassards Omet GS rouges
5400,オメットGPアーム・赤,Brassards Omet GP rouges
5401,オメットHSガード・赤,Gardes Omet HS rouges
5402,オメットGSガード・赤,Gardes Omet GS rouges
5403,オメットGPガード・赤,Gardes Omet GP rouges
5404,オメットHSアーム・白,Brassards Omet HS blancs
5405,オメットGSアーム・白,Brassards Omet GS blancs
5406,オメットGPアーム・白,Brassards Omet GP blancs
5407,オメットHSガード・白,Gardes Omet HS blanches
5408,オメットGSガード・白,Gardes Omet GS blanches
5409,オメットGPガード・白,Gardes Omet GP blanches
5410,オメットHSアーム・青,Brassards Omet HS bleus
5411,オメットGSアーム・青,Brassards Omet GS bleus
5412,オメットGPアーム・青,Brassards Omet GP bleus
5413,オメットHSガード・青,Gardes Omet HS bleues
5414,オメットGSガード・青,Gardes Omet GS bleues
5415,オメットGPガード・青,Gardes Omet GP bleues
5416,ゴルトFZアーム・赤,Brassards Gold FZ rouges
5417,ゴルトHSアーム・赤,Brassards Gold HS rouges
5418,ゴルトGSアーム・赤,Brassards Gold GS rouges
5419,ゴルトGPアーム・赤,Brassards Gold GP rouges
5420,ゴルトFZアーム・青,Brassards Gold FZ bleus
5421,ゴルトHSアーム・青,Brassards Gold HS bleus
5422,ゴルトGSアーム・青,Brassards Gold GS bleus
5423,ゴルトGPアーム・青,Brassards Gold GP bleus
5424,ゴルトFZアーム・黄,Brassards Gold FZ jaunes
5425,ゴルトHSアーム・黄,Brassards Gold HS jaunes
5426,ゴルトGSアーム・黄,Brassards Gold GS jaunes
5427,ゴルトGPアーム・黄,Brassards Gold GP jaunes
5428,ゴルトFZアーム・紫,Brassards Gold FZ violets
5429,ゴルトHSアーム・紫,Brassards Gold HS violets
5430,ゴルトGSアーム・紫,Brassards Gold GS violets
5431,ゴルトGPアーム・紫,Brassards Gold GP violets
5432,ゴルトFZガード・赤,Gardes Gold FZ rouges
5433,ゴルトHSガード・赤,Gardes Gold HS rouges
5434,ゴルトGSガード・赤,Gardes Gold GS rouges
5435,ゴルトGPガード・赤,Gardes Gold GP rouges
5436,ゴルトFZガード・青,Gardes Gold FZ bleues
5437,ゴルトHSガード・青,Gardes Gold HS bleues
5438,ゴルトGSガード・青,Gardes Gold GS bleues
5439,ゴルトGPガード・青,Gardes Gold GP bleues
5440,ゴルトFZガード・黄,Gardes Gold FZ jaunes
5441,ゴルトHSガード・黄,Gardes Gold HS jaunes
5442,ゴルトGSガード・黄,Gardes Gold GS jaunes
5443,ゴルトGPガード・黄,Gardes Gold GP jaunes
5444,ゴルトFZガード・紫,Gardes Gold FZ violettes
5445,ゴルトHSガード・紫,Gardes Gold HS violettes
5446,ゴルトGSガード・紫,Gardes Gold GS violettes
5447,ゴルトGPガード・紫,Gardes Gold GP violettes
5448,シャランHSアーム・青,Brassards Sharan HS bleus
5449,シャランGSアーム・青,Brassards Sharan GS bleus
5450,シャランGPアーム・青,Brassards Sharan GP bleus
5451,シャランHSアーム・緑,Brassards Sharan HS verts
5452,シャランGSアーム・緑,Brassards Sharan GS verts
5453,シャランGPアーム・緑,Brassards Sharan GP verts
5454,シャランHSアーム・紫,Brassards Sharan HS violets
5455,シャランGSアーム・紫,Brassards Sharan GS violets
5456,シャランGPアーム・紫,Brassards Sharan GP violets
5457,シャランHSアーム・白,Brassards Sharan HS blancs
5458,シャランGSアーム・白,Brassards Sharan GS blancs
5459,シャランGPアーム・白,Brassards Sharan GP blancs
5460,シャランHSガード・青,Gardes Sharan HS bleues
5461,シャランGSガード・青,Gardes Sharan GS bleues
5462,シャランGPガード・青,Gardes Sharan GP bleues
5463,シャランHSガード・緑,Gardes Sharan HS vertes
5464,シャランGSガード・緑,Gardes Sharan GS vertes
5465,シャランGPガード・緑,Gardes Sharan GP vertes
5466,シャランHSガード・紫,Gardes Sharan HS violettes
5467,シャランGSガード・紫,Gardes Sharan GS violettes
5468,シャランGPガード・紫,Gardes Sharan GP violettes
5469,シャランHSガード・白,Gardes Sharan HS blanches
5470,シャランGSガード・白,Gardes Sharan GS blanches
5471,シャランGPガード・白,Gardes Sharan GP blanches
5472,アリストFZアーム・青,Brassards Aristo FZ bleus
5473,アリストHSアーム・青,Brassards Aristo HS bleus
5474,アリストGSアーム・青,Brassards Aristo GS bleus
5475,アリストGPアーム・青,Brassards Aristo GP bleus
5476,アリストFZアーム・白,Brassards Aristo FZ blancs
5477,アリストHSアーム・白,Brassards Aristo HS blancs
5478,アリストGSアーム・白,Brassards Aristo GS blancs
5479,アリストGPアーム・白,Brassards Aristo GP blancs
5480,アリストFZアーム・紫,Brassards Aristo FZ violets
5481,アリストHSアーム・紫,Brassards Aristo HS violets
5482,アリストGSアーム・紫,Brassards Aristo GS violets
5483,アリストGPアーム・紫,Brassards Aristo GP violets
5484,アリストFZアーム・赤,Brassards Aristo FZ rouges
5485,アリストHSアーム・赤,Brassards Aristo HS rouges
5486,アリストGSアーム・赤,Brassards Aristo GS rouges
5487,アリストGPアーム・赤,Brassards Aristo GP rouges
5488,アリストFZガード・青,Gardes Aristo FZ bleues
5489,アリストHSガード・青,Gardes Aristo HS bleues
5490,アリストGSガード・青,Gardes Aristo GS bleues
5491,アリストGPガード・青,Gardes Aristo GP bleues
5492,アリストFZガード・白,Gardes Aristo FZ blanches
5493,アリストHSガード・白,Gardes Aristo HS blanches
5494,アリストGSガード・白,Gardes Aristo GS blanches
5495,アリストGPガード・白,Gardes Aristo GP blanches
5496,アリストFZガード・紫,Gardes Aristo FZ violettes
5497,アリストHSガード・紫,Gardes Aristo HS violettes
5498,アリストGSガード・紫,Gardes Aristo GS violettes
5499,アリストGPガード・紫,Gardes Aristo GP violettes
5500,アリストFZガード・赤,Gardes Aristo FZ rouges
5501,アリストHSガード・赤,Gardes Aristo HS rouges
5502,アリストGSガード・赤,Gardes Aristo GS rouges
5503,アリストGPガード・赤,Gardes Aristo GP rouges
5504,マギサFZアーム・赤,Brassards Magisa FZ rouges
5505,マギサHSアーム・赤,Brassards Magisa HS rouges
5506,マギサGSアーム・赤,Brassards Magisa GS rouges
5507,マギサGPアーム・赤,Brassards Magisa GP rouges
5508,マギサFZアーム・黒,Brassards Magisa FZ noirs
5509,マギサHSアーム・黒,Brassards Magisa HS noirs
5510,マギサGSアーム・黒,Brassards Magisa GS noirs
5511,マギサGPアーム・黒,Brassards Magisa GP noirs
5512,マギサFZアーム・緑,Brassards Magisa FZ verts
5513,マギサHSアーム・緑,Brassards Magisa HS verts
5514,マギサGSアーム・緑,Brassards Magisa GS verts
5515,マギサGPアーム・緑,Brassards Magisa GP verts
5516,マギサFZアーム・白,Brassards Magisa FZ blancs
5517,マギサHSアーム・白,Brassards Magisa HS blancs
5518,マギサGSアーム・白,Brassards Magisa GS blancs
5519,マギサGPアーム・白,Brassards Magisa GP blancs
5520,ウィザーFZガード・赤,Gardes Wither FZ rouges
5521,ウィザーHSガード・赤,Gardes Wither HS rouges
5522,ウィザーGSガード・赤,Gardes Wither GS rouges
5523,ウィザーGPガード・赤,Gardes Wither GP rouges
5524,ウィザーFZガード・黒,Gardes Wither FZ noires
5525,ウィザーHSガード・黒,Gardes Wither HS noires
5526,ウィザーGSガード・黒,Gardes Wither GS noires
5527,ウィザーGPガード・黒,Gardes Wither GP noires
5528,ウィザーFZガード・緑,Gardes Wither FZ vertes
5529,ウィザーHSガード・緑,Gardes Wither HS vertes
5530,ウィザーGSガード・緑,Gardes Wither GS vertes
5531,ウィザーGPガード・緑,Gardes Wither GP vertes
5532,ウィザーFZガード・白,Gardes Wither FZ blanches
5533,ウィザーHSガード・白,Gardes Wither HS blanches
5534,ウィザーGSガード・白,Gardes Wither GS blanches
5535,ウィザーGPガード・白,Gardes Wither GP blanches
5536,抜胴GS【篭手】,
5537,抜胴GP【篭手】,
5538,長根GS【篭手】,
5539,長根GP【篭手】,
5540,英雄王の篭手：剣黒,
5541,英雄王の篭手：剣Ｆ黒,
5542,英雄王の篭手：剣FZ黒,
5543,英雄王の篭手：剣HS黒,
5544,英雄王の篭手：剣GS黒,
5545,英雄王の篭手：剣GP黒,
5546,英雄王の篭手：銃黒,
5547,英雄王の篭手：銃Ｆ黒,
5548,英雄王の篭手：銃FZ黒,
5549,英雄王の篭手：銃HS黒,
5550,英雄王の篭手：銃GS黒,
5551,英雄王の篭手：銃GP黒,
5552,ゴルゴンアーム・青,Brassards Gorgone bleus
5553,ゴルゴンＦアーム・青,Brassards Gorgone F bleus
5554,ゴルゴンFZアーム・青,Brassards Gorgone FZ bleus
5555,ゴルゴンHSアーム・青,Brassards Gorgone HS bleus
5556,ゴルゴンGSアーム・青,Brassards Gorgone GS bleus
5557,ゴルゴンGPアーム・青,Brassards Gorgone GP bleus
5558,ゴルゴンガード・青,Gardes Gorgone bleues
5559,ゴルゴンＦガード・青,Gardes Gorgone F bleues
5560,ゴルゴンFZガード・青,Gardes Gorgone FZ bleues
5561,ゴルゴンHSガード・青,Gardes Gorgone HS bleues
5562,ゴルゴンGSガード・青,Gardes Gorgone GS bleues
5563,ゴルゴンGPガード・青,Gardes Gorgone GP bleues
5564,英雄王の篭手：剣白,
5565,英雄王の篭手：剣Ｆ白,
5566,英雄王の篭手：剣FZ白,
5567,英雄王の篭手：剣HS白,
5568,英雄王の篭手：剣GS白,
5569,英雄王の篭手：剣GP白,
5570,英雄王の篭手：銃白,
5571,英雄王の篭手：銃Ｆ白,
5572,英雄王の篭手：銃FZ白,
5573,英雄王の篭手：銃HS白,
5574,英雄王の篭手：銃GS白,
5575,英雄王の篭手：銃GP白,
5576,ゴルゴンアーム・白,Brassards Gorgone blancs
5577,ゴルゴンＦアーム・白,Brassards Gorgone F blancs
5578,ゴルゴンFZアーム・白,Brassards Gorgone FZ blancs
5579,ゴルゴンHSアーム・白,Brassards Gorgone HS blancs
5580,ゴルゴンGSアーム・白,Brassards Gorgone GS blancs
5581,ゴルゴンGPアーム・白,Brassards Gorgone GP blancs
5582,ゴルゴンガード・白,Gardes Gorgone blanches
5583,ゴルゴンＦガード・白,Gardes Gorgone F blanches
5584,ゴルゴンFZガード・白,Gardes Gorgone FZ blanches
5585,ゴルゴンHSガード・白,Gardes Gorgone HS blanches
5586,ゴルゴンGSガード・白,Gardes Gorgone GS blanches
5587,ゴルゴンGPガード・白,Gardes Gorgone GP blanches
5588,英雄王の篭手：剣赤,
5589,英雄王の篭手：剣Ｆ赤,
5590,英雄王の篭手：剣FZ赤,
5591,英雄王の篭手：剣HS赤,
5592,英雄王の篭手：剣GS赤,
5593,英雄王の篭手：剣GP赤,
5594,英雄王の篭手：銃赤,
5595,英雄王の篭手：銃Ｆ赤,
5596,英雄王の篭手：銃FZ赤,
5597,英雄王の篭手：銃HS赤,
5598,英雄王の篭手：銃GS赤,
5599,英雄王の篭手：銃GP赤,
5600,ゴルゴンアーム・赤,Brassards Gorgone rouges
5601,ゴルゴンＦアーム・赤,Brassards Gorgone F rouges
5602,ゴルゴンFZアーム・赤,Brassards Gorgone FZ rouges
5603,ゴルゴンHSアーム・赤,Brassards Gorgone HS rouges
5604,ゴルゴンGSアーム・赤,Brassards Gorgone GS rouges
5605,ゴルゴンGPアーム・赤,Brassards Gorgone GP rouges
5606,ゴルゴンガード・赤,Gardes Gorgone rouges
5607,ゴルゴンＦガード・赤,Gardes Gorgone F rouges
5608,ゴルゴンFZガード・赤,Gardes Gorgone FZ rouges
5609,ゴルゴンHSガード・赤,Gardes Gorgone HS rouges
5610,ゴルゴンGSガード・赤,Gardes Gorgone GS rouges
5611,ゴルゴンGPガード・赤,Gardes Gorgone GP rouges
5612,メラギアーム,Brassards Meraginasu
5613,メラギＦアーム,Brassards Meraginasu F
5614,メラギFXアーム,Brassards Meraginasu FX
5615,メラギＧアーム,Brassards Meraginasu G
5616,メラギGFアーム,Brassards Meraginasu GF
5617,メラギガード,Gardes Meraginasu
5618,メラギＦガード,Gardes Meraginasu F
5619,メラギFXガード,Gardes Meraginasu FX
5620,メラギＧガード,Gardes Meraginasu G
5621,メラギGFガード,Gardes Meraginasu GF
5622,ストロマGFアーム,Brassards Stroma GF
5623,ストロマGFガード,Gardes Stroma GF
5624,エミットGFアーム,
5625,エミットGFガード,
5626,ブリッツGFアーム,
5627,ブリッツGFグローブ,
5628,ワダツミGF【大袖】,
5629,オカミGF【大袖】,
5630,ディボアGFアーム,Brassards Diboa GF
5631,ディボアGFガード,Gardes Diboa GF
5632,若紅葉【篭手】,
5633,若紅葉Ｆ【篭手】,
5634,若紅葉FY【篭手】,
5635,若紅葉HS【篭手】,
5636,若紅葉Ｇ【篭手】,
5637,若紅葉GF【篭手】,
5638,若紅葉GX【篭手】,
5639,翡戸隠【篭手】,
5640,翡戸隠Ｆ【篭手】,
5641,翡戸隠FY【篭手】,
5642,翡戸隠HS【篭手】,
5643,翡戸隠Ｇ【篭手】,
5644,翡戸隠GF【篭手】,
5645,翡戸隠GX【篭手】,
5646,ブリゼアーム,Brassards Blize
5647,ブリゼＦアーム,Brassards Blize F
5648,ブリゼFYアーム,Brassards Blize FY
5649,ブリゼHSアーム,Brassards Blize HS
5650,ブリゼＧアーム,Brassards Blize G
5651,ブリゼGFアーム,Brassards Blize GF
5652,ブリゼGXアーム,Brassards Blize GX
5653,ブリゼガード,Gardes Blize
5654,ブリゼＦガード,Gardes Blize F
5655,ブリゼFYガード,Gardes Blize FY
5656,ブリゼHSガード,Gardes Blize HS
5657,ブリゼＧガード,Gardes Blize G
5658,ブリゼGFガード,Gardes Blize GF
5659,ブリゼGXガード,Gardes Blize GX
5660,ミクセスFYアーム,Brassards Mixes FY
5661,ミクセスHSアーム,Brassards Mixes HS
5662,ミクセスＧアーム,Brassards Mixes G
5663,ミクセスGFアーム,Brassards Mixes GF
5664,ミクセスGXアーム,Brassards Mixes GX
5665,ミクセスFYガード,Gardes Mixes FY
5666,ミクセスHSガード,Gardes Mixes HS
5667,ミクセスＧガード,Gardes Mixes G
5668,ミクセスGFガード,Gardes Mixes GF
5669,ミクセスGXガード,Gardes Mixes GX
5670,ザイラアーム・緑,Brassards Zaira verts
5671,ザイラＦアーム・緑,Brassards Zaira F verts
5672,ザイラFZアーム・緑,Brassards Zaira FZ verts
5673,ザイラHSアーム・緑,Brassards Zaira HS verts
5674,ザイラGSアーム・緑,Brassards Zaira GS verts
5675,ザイラGPアーム・緑,Brassards Zaira GP verts
5676,ザイラガード・緑,Gardes Zaira vertes
5677,ザイラＦガード・緑,Gardes Zaira F vertes
5678,ザイラFZガード・緑,Gardes Zaira FZ vertes
5679,ザイラHSガード・緑,Gardes Zaira HS vertes
5680,ザイラGSガード・緑,Gardes Zaira GS vertes
5681,ザイラGPガード・緑,Gardes Zaira GP vertes
5682,ザイラアーム・水,
5683,ザイラＦアーム・水,
5684,ザイラFZアーム・水,
5685,ザイラHSアーム・水,
5686,ザイラGSアーム・水,
5687,ザイラGPアーム・水,
5688,ザイラガード・水,
5689,ザイラＦガード・水,
5690,ザイラFZガード・水,
5691,ザイラHSガード・水,
5692,ザイラGSガード・水,
5693,ザイラGPガード・水,
5694,ザイラアーム・赤,Brassards Zaira rouges
5695,ザイラＦアーム・赤,Brassards Zaira F rouges
5696,ザイラFZアーム・赤,Brassards Zaira FZ rouges
5697,ザイラHSアーム・赤,Brassards Zaira HS rouges
5698,ザイラGSアーム・赤,Brassards Zaira GS rouges
5699,ザイラGPアーム・赤,Brassards Zaira GP rouges
5700,ザイラガード・赤,Gardes Zaira rouges
5701,ザイラＦガード・赤,Gardes Zaira F rouges
5702,ザイラFZガード・赤,Gardes Zaira FZ rouges
5703,ザイラHSガード・赤,Gardes Zaira HS rouges
5704,ザイラGSガード・赤,Gardes Zaira GS rouges
5705,ザイラGPガード・赤,Gardes Zaira GP rouges
5706,ザイラアーム・碧,Brassards Zaira émeraude
5707,ザイラＦアーム・碧,Brassards Zaira F émeraude
5708,ザイラFZアーム・碧,Brassards Zaira FZ émeraude
5709,ザイラHSアーム・碧,Brassards Zaira HS émeraude
5710,ザイラGSアーム・碧,Brassards Zaira GS émeraude
5711,ザイラGPアーム・碧,Brassards Zaira GP émeraude
5712,ザイラガード・碧,Gardes Zaira émeraude
5713,ザイラＦガード・碧,Gardes Zaira F émeraude
5714,ザイラFZガード・碧,Gardes Zaira FZ émeraude
5715,ザイラHSガード・碧,Gardes Zaira HS émeraude
5716,ザイラGSガード・碧,Gardes Zaira GS émeraude
5717,ザイラGPガード・碧,Gardes Zaira GP émeraude
5718,キャロルアーム・黒,Brassards Carol noirs
5719,キャロルＦアーム・黒,Brassards Carol F noirs
5720,キャロルFZアーム・黒,Brassards Carol FZ noirs
5721,キャロルHSアーム・黒,Brassards Carol HS noirs
5722,キャロルGSアーム・黒,Brassards Carol GS noirs
5723,キャロルGPアーム・黒,Brassards Carol GP noirs
5724,キャロルガード・黒,Gardes Carol noires
5725,キャロルＦガード・黒,Gardes Carol F noires
5726,キャロルFZガード・黒,Gardes Carol FZ noires
5727,キャロルHSガード・黒,Gardes Carol HS noires
5728,キャロルGSガード・黒,Gardes Carol GS noires
5729,キャロルGPガード・黒,Gardes Carol GP noires
5730,キャロルアーム・青,Brassards Carol bleus
5731,キャロルＦアーム・青,Brassards Carol F bleus
5732,キャロルFZアーム・青,Brassards Carol FZ bleus
5733,キャロルHSアーム・青,Brassards Carol HS bleus
5734,キャロルGSアーム・青,Brassards Carol GS bleus
5735,キャロルGPアーム・青,Brassards Carol GP bleus
5736,キャロルガード・青,Gardes Carol bleues
5737,キャロルＦガード・青,Gardes Carol F bleues
5738,キャロルFZガード・青,Gardes Carol FZ bleues
5739,キャロルHSガード・青,Gardes Carol HS bleues
5740,キャロルGSガード・青,Gardes Carol GS bleues
5741,キャロルGPガード・青,Gardes Carol GP bleues
5742,キャロルアーム・白,Brassards Carol blancs
5743,キャロルＦアーム・白,Brassards Carol F blancs
5744,キャロルFZアーム・白,Brassards Carol FZ blancs
5745,キャロルHSアーム・白,Brassards Carol HS blancs
5746,キャロルGSアーム・白,Brassards Carol GS blancs
5747,キャロルGPアーム・白,Brassards Carol GP blancs
5748,キャロルガード・白,Gardes Carol blanches
5749,キャロルＦガード・白,Gardes Carol F blanches
5750,キャロルFZガード・白,Gardes Carol FZ blanches
5751,キャロルHSガード・白,Gardes Carol HS blanches
5752,キャロルGSガード・白,Gardes Carol GS blanches
5753,キャロルGPガード・白,Gardes Carol GP blanches
5754,キャロルアーム・赤,Brassards Carol rouges
5755,キャロルＦアーム・赤,Brassards Carol F rouges
5756,キャロルFZアーム・赤,Brassards Carol FZ rouges
5757,キャロルHSアーム・赤,Brassards Carol HS rouges
5758,キャロルGSアーム・赤,Brassards Carol GS rouges
5759,キャロルGPアーム・赤,Brassards Carol GP rouges
5760,キャロルガード・赤,Gardes Carol rouges
5761,キャロルＦガード・赤,Gardes Carol F rouges
5762,キャロルFZガード・赤,Gardes Carol FZ rouges
5763,キャロルHSガード・赤,Gardes Carol HS rouges
5764,キャロルGSガード・赤,Gardes Carol GS rouges
5765,キャロルGPガード・赤,Gardes Carol GP rouges
5766,セレナアーム・紫,Brassards Serena violets
5767,セレナＦアーム・紫,Brassards Serena F violets
5768,セレナFZアーム・紫,Brassards Serena FZ violets
5769,セレナHSアーム・紫,Brassards Serena HS violets
5770,セレナGSアーム・紫,Brassards Serena GS violets
5771,セレナGPアーム・紫,Brassards Serena GP violets
5772,セレナガード・紫,Gardes Serena violettes
5773,セレナＦガード・紫,Gardes Serena F violettes
5774,セレナFZガード・紫,Gardes Serena FZ violettes
5775,セレナHSガード・紫,Gardes Serena HS violettes
5776,セレナGSガード・紫,Gardes Serena GS violettes
5777,セレナGPガード・紫,Gardes Serena GP violettes
5778,セレナアーム・青,Brassards Serena bleus
5779,セレナＦアーム・青,Brassards Serena F bleus
5780,セレナFZアーム・青,Brassards Serena FZ bleus
5781,セレナHSアーム・青,Brassards Serena HS bleus
5782,セレナGSアーム・青,Brassards Serena GS bleus
5783,セレナGPアーム・青,Brassards Serena GP bleus
5784,セレナガード・青,Gardes Serena bleues
5785,セレナＦガード・青,Gardes Serena F bleues
5786,セレナFZガード・青,Gardes Serena FZ bleues
5787,セレナHSガード・青,Gardes Serena HS bleues
5788,セレナGSガード・青,Gardes Serena GS bleues
5789,セレナGPガード・青,Gardes Serena GP bleues
5790,セレナアーム・白,Brassards Serena blancs
5791,セレナＦアーム・白,Brassards Serena F blancs
5792,セレナFZアーム・白,Brassards Serena FZ blancs
5793,セレナHSアーム・白,Brassards Serena HS blancs
5794,セレナGSアーム・白,Brassards Serena GS blancs
5795,セレナGPアーム・白,Brassards Serena GP blancs
5796,セレナガード・白,Gardes Serena blanches
5797,セレナＦガード・白,Gardes Serena F blanches
5798,セレナFZガード・白,Gardes Serena FZ blanches
5799,セレナHSガード・白,Gardes Serena HS blanches
5800,セレナGSガード・白,Gardes Serena GS blanches
5801,セレナGPガード・白,Gardes Serena GP blanches
5802,セレナアーム・赤,Brassards Serena rouges
5803,セレナＦアーム・赤,Brassards Serena F rouges
5804,セレナFZアーム・赤,Brassards Serena FZ rouges
5805,セレナHSアーム・赤,Brassards Serena HS rouges
5806,セレナGSアーム・赤,Brassards Serena GS rouges
5807,セレナGPアーム・赤,Brassards Serena GP rouges
5808,セレナガード・赤,Gardes Serena rouges
5809,セレナＦガード・赤,Gardes Serena F rouges
5810,セレナFZガード・赤,Gardes Serena FZ rouges
5811,セレナHSガード・赤,Gardes Serena HS rouges
5812,セレナGSガード・赤,Gardes Serena GS rouges
5813,セレナGPガード・赤,Gardes Serena GP rouges
5814,ニンバスアーム,
5815,ニンバスＦアーム,
5816,ニンバスFZアーム,
5817,ニンバスHSアーム,
5818,ニンバスGSアーム,
5819,ニンバスGPアーム,
5820,ニンバスガード,
5821,ニンバスＦガード,
5822,ニンバスFZガード,
5823,ニンバスHSガード,
5824,ニンバスGSガード,
5825,ニンバスGPガード,
5826,イクスFZアーム・白,Brassards Ix FZ blancs
5827,イクスHSアーム・白,Brassards Ix HS blancs
5828,イクスGSアーム・白,Brassards Ix GS blancs
5829,イクスGPアーム・白,Brassards Ix GP blancs
5830,イクスFZガード・白,Gardes Ix FZ blanches
5831,イクスHSガード・白,Gardes Ix HS blanches
5832,イクスGSガード・白,Gardes Ix GS blanches
5833,イクスGPガード・白,Gardes Ix GP blanches
5834,イクスFZアーム・赤,Brassards Ix FZ rouges
5835,イクスHSアーム・赤,Brassards Ix HS rouges
5836,イクスGSアーム・赤,Brassards Ix GS rouges
5837,イクスGPアーム・赤,Brassards Ix GP rouges
5838,イクスFZガード・赤,Gardes Ix FZ rouges
5839,イクスHSガード・赤,Gardes Ix HS rouges
5840,イクスGSガード・赤,Gardes Ix GS rouges
5841,イクスGPガード・赤,Gardes Ix GP rouges
5842,イクスFZアーム・青,Brassards Ix FZ bleus
5843,イクスHSアーム・青,Brassards Ix HS bleus
5844,イクスGSアーム・青,Brassards Ix GS bleus
5845,イクスGPアーム・青,Brassards Ix GP bleus
5846,イクスFZガード・青,Gardes Ix FZ bleues
5847,イクスHSガード・青,Gardes Ix HS bleues
5848,イクスGSガード・青,Gardes Ix GS bleues
5849,イクスGPガード・青,Gardes Ix GP bleues
5850,イクスFZアーム・黒,Brassards Ix FZ noirs
5851,イクスHSアーム・黒,Brassards Ix HS noirs
5852,イクスGSアーム・黒,Brassards Ix GS noirs
5853,イクスGPアーム・黒,Brassards Ix GP noirs
5854,イクスFZガード・黒,Gardes Ix FZ noires
5855,イクスHSガード・黒,Gardes Ix HS noires
5856,イクスGSガード・黒,Gardes Ix GS noires
5857,イクスGPガード・黒,Gardes Ix GP noires
5858,きんねこ服FZアーム,
5859,きんねこ服HSアーム,
5860,きんねこ服GSアーム,
5861,きんねこ服GPアーム,
5862,きんねこ服FZガード,
5863,きんねこ服HSガード,
5864,きんねこ服GSガード,
5865,きんねこ服GPガード,
5866,ぎんねこ服FZアーム,
5867,ぎんねこ服HSアーム,
5868,ぎんねこ服GSアーム,
5869,ぎんねこ服GPアーム,
5870,ぎんねこ服FZガード,
5871,ぎんねこ服HSガード,
5872,ぎんねこ服GSガード,
5873,ぎんねこ服GPガード,
5874,クレールFZアーム・紫,Brassards Clair FZ violets
5875,クレールHSアーム・紫,Brassards Clair HS violets
5876,クレールGSアーム・紫,Brassards Clair GS violets
5877,クレールGPアーム・紫,Brassards Clair GP violets
5878,クレールFZガード・紫,Gardes Clair FZ violettes
5879,クレールHSガード・紫,Gardes Clair HS violettes
5880,クレールGSガード・紫,Gardes Clair GS violettes
5881,クレールGPガード・紫,Gardes Clair GP violettes
5882,クレールFZアーム・水,
5883,クレールHSアーム・水,
5884,クレールGSアーム・水,
5885,クレールGPアーム・水,
5886,クレールFZガード・水,
5887,クレールHSガード・水,
5888,クレールGSガード・水,
5889,クレールGPガード・水,
5890,クレールFZアーム・赤,Brassards Clair FZ rouges
5891,クレールHSアーム・赤,Brassards Clair HS rouges
5892,クレールGSアーム・赤,Brassards Clair GS rouges
5893,クレールGPアーム・赤,Brassards Clair GP rouges
5894,クレールFZガード・赤,Gardes Clair FZ rouges
5895,クレールHSガード・赤,Gardes Clair HS rouges
5896,クレールGSガード・赤,Gardes Clair GS rouges
5897,クレールGPガード・赤,Gardes Clair GP rouges
5898,クレールFZアーム・黒,Brassards Clair FZ noirs
5899,クレールHSアーム・黒,Brassards Clair HS noirs
5900,クレールGSアーム・黒,Brassards Clair GS noirs
5901,クレールGPアーム・黒,Brassards Clair GP noirs
5902,クレールFZガード・黒,Gardes Clair FZ noires
5903,クレールHSガード・黒,Gardes Clair HS noires
5904,クレールGSガード・黒,Gardes Clair GS noires
5905,クレールGPガード・黒,Gardes Clair GP noires
5906,テクストHSアーム・紫,Brassards Texte HS violets
5907,テクストGSアーム・紫,Brassards Texte GS violets
5908,テクストGPアーム・紫,Brassards Texte GP violets
5909,テクストHSガード・紫,Gardes Texte HS violettes
5910,テクストGSガード・紫,Gardes Texte GS violettes
5911,テクストGPガード・紫,Gardes Texte GP violettes
5912,テクストHSアーム・緑,Brassards Texte HS verts
5913,テクストGSアーム・緑,Brassards Texte GS verts
5914,テクストGPアーム・緑,Brassards Texte GP verts
5915,テクストHSガード・緑,Gardes Texte HS vertes
5916,テクストGSガード・緑,Gardes Texte GS vertes
5917,テクストGPガード・緑,Gardes Texte GP vertes
5918,テクストHSアーム・青,Brassards Texte HS bleus
5919,テクストGSアーム・青,Brassards Texte GS bleus
5920,テクストGPアーム・青,Brassards Texte GP bleus
5921,テクストHSガード・青,Gardes Texte HS bleues
5922,テクストGSガード・青,Gardes Texte GS bleues
5923,テクストGPガード・青,Gardes Texte GP bleues
5924,テクストHSアーム・黒,Brassards Texte HS noirs
5925,テクストGSアーム・黒,Brassards Texte GS noirs
5926,テクストGPアーム・黒,Brassards Texte GP noirs
5927,テクストHSガード・黒,Gardes Texte HS noires
5928,テクストGSガード・黒,Gardes Texte GS noires
5929,テクストGPガード・黒,Gardes Texte GP noires
5930,カウチュHSアーム・灰,
5931,カウチュGSアーム・灰,
5932,カウチュGPアーム・灰,
5933,カウチュHSガード・灰,
5934,カウチュGSガード・灰,
5935,カウチュGPガード・灰,
5936,カウチュHSアーム・青,Brassards Kauchu HS bleus
5937,カウチュGSアーム・青,Brassards Kauchu GS bleus
5938,カウチュGPアーム・青,Brassards Kauchu GP bleus
5939,カウチュHSガード・青,Gardes Kauchu HS bleues
5940,カウチュGSガード・青,Gardes Kauchu GS bleues
5941,カウチュGPガード・青,Gardes Kauchu GP bleues
5942,カウチュHSアーム・橙,Brassards Kauchu HS orange
5943,カウチュGSアーム・橙,Brassards Kauchu GS orange
5944,カウチュGPアーム・橙,Brassards Kauchu GP orange
5945,カウチュHSガード・橙,Gardes Kauchu HS orange
5946,カウチュGSガード・橙,Gardes Kauchu GS orange
5947,カウチュGPガード・橙,Gardes Kauchu GP orange
5948,カウチュHSアーム・緑,Brassards Kauchu HS verts
5949,カウチュGSアーム・緑,Brassards Kauchu GS verts
5950,カウチュGPアーム・緑,Brassards Kauchu GP verts
5951,カウチュHSガード・緑,Gardes Kauchu HS vertes
5952,カウチュGSガード・緑,Gardes Kauchu GS vertes
5953,カウチュGPガード・緑,Gardes Kauchu GP vertes
5954,アルマFZアーム・黒,Brassards Alma FZ noirs
5955,アルマHSアーム・黒,Brassards Alma HS noirs
5956,アルマGSアーム・黒,Brassards Alma GS noirs
5957,アルマGPアーム・黒,Brassards Alma GP noirs
5958,アルマFZガード・黒,Gardes Alma FZ noires
5959,アルマHSガード・黒,Gardes Alma HS noires
5960,アルマGSガード・黒,Gardes Alma GS noires
5961,アルマGPガード・黒,Gardes Alma GP noires
5962,アルマFZアーム・白,Brassards Alma FZ blancs
5963,アルマHSアーム・白,Brassards Alma HS blancs
5964,アルマGSアーム・白,Brassards Alma GS blancs
5965,アルマGPアーム・白,Brassards Alma GP blancs
5966,アルマFZガード・白,Gardes Alma FZ blanches
5967,アルマHSガード・白,Gardes Alma HS blanches
5968,アルマGSガード・白,Gardes Alma GS blanches
5969,アルマGPガード・白,Gardes Alma GP blanches
5970,アルマFZアーム・青,Brassards Alma FZ bleus
5971,アルマHSアーム・青,Brassards Alma HS bleus
5972,アルマGSアーム・青,Brassards Alma GS bleus
5973,アルマGPアーム・青,Brassards Alma GP bleus
5974,アルマFZガード・青,Gardes Alma FZ bleues
5975,アルマHSガード・青,Gardes Alma HS bleues
5976,アルマGSガード・青,Gardes Alma GS bleues
5977,アルマGPガード・青,Gardes Alma GP bleues
5978,アルマFZアーム・茶,Brassards Alma FZ bruns
5979,アルマHSアーム・茶,Brassards Alma HS bruns
5980,アルマGSアーム・茶,Brassards Alma GS bruns
5981,アルマGPアーム・茶,Brassards Alma GP bruns
5982,アルマFZガード・茶,Gardes Alma FZ brunes
5983,アルマHSガード・茶,Gardes Alma HS brunes
5984,アルマGSガード・茶,Gardes Alma GS brunes
5985,アルマGPガード・茶,Gardes Alma GP brunes
5986,シエナHSアーム・銀,Brassards Sienne HS argentés
5987,シエナGSアーム・銀,Brassards Sienne GS argentés
5988,シエナGPアーム・銀,Brassards Sienne GP argentés
5989,シエナHSガード・銀,Gardes Sienne HS argentées
5990,シエナGSガード・銀,Gardes Sienne GS argentées
5991,シエナGPガード・銀,Gardes Sienne GP argentées
5992,シエナHSアーム・黒,Brassards Sienne HS noirs
5993,シエナGSアーム・黒,Brassards Sienne GS noirs
5994,シエナGPアーム・黒,Brassards Sienne GP noirs
5995,シエナHSガード・黒,Gardes Sienne HS noires
5996,シエナGSガード・黒,Gardes Sienne GS noires
5997,シエナGPガード・黒,Gardes Sienne GP noires
5998,シエナHSアーム・赤,Brassards Sienne HS rouges
5999,シエナGSアーム・赤,Brassards Sienne GS rouges
6000,シエナGPアーム・赤,Brassards Sienne GP rouges
6001,シエナHSガード・赤,Gardes Sienne HS rouges
6002,シエナGSガード・赤,Gardes Sienne GS rouges
6003,シエナGPガード・赤,Gardes Sienne GP rouges
6004,シエナHSアーム・青,Brassards Sienne HS bleus
6005,シエナGSアーム・青,Brassards Sienne GS bleus
6006,シエナGPアーム・青,Brassards Sienne GP bleus
6007,シエナHSガード・青,Gardes Sienne HS bleues
6008,シエナGSガード・青,Gardes Sienne GS bleues
6009,シエナGPガード・青,Gardes Sienne GP bleues
6010,クロースGSアーム・赤,Brassards Étoffe GS rouges
6011,クロースGPアーム・赤,Brassards Étoffe GP rouges
6012,クロースGSガード・赤,Gardes Étoffe GS rouges
6013,クロースGPガード・赤,Gardes Étoffe GP rouges
6014,クロースGSアーム・青,Brassards Étoffe GS bleus
6015,クロースGPアーム・青,Brassards Étoffe GP bleus
6016,クロースGSガード・青,Gardes Étoffe GS bleues
6017,クロースGPガード・青,Gardes Étoffe GP bleues
6018,クロースGSアーム・紫,Brassards Étoffe GS violets
6019,クロースGPアーム・紫,Brassards Étoffe GP violets
6020,クロースGSガード・紫,Gardes Étoffe GS violettes
6021,クロースGPガード・紫,Gardes Étoffe GP violettes
6022,クロースGSアーム・緑,Brassards Étoffe GS verts
6023,クロースGPアーム・緑,Brassards Étoffe GP verts
6024,クロースGSガード・緑,Gardes Étoffe GS vertes
6025,クロースGPガード・緑,Gardes Étoffe GP vertes
6026,マイストFZアーム・紅,Brassards Maist FZ cramoisis
6027,マイストHSアーム・紅,Brassards Maist HS cramoisis
6028,マイストGSアーム・紅,Brassards Maist GS cramoisis
6029,マイストGPアーム・紅,Brassards Maist GP cramoisis
6030,マイストFZガード・紅,Gardes Maist FZ cramoisies
6031,マイストHSガード・紅,Gardes Maist HS cramoisies
6032,マイストGSガード・紅,Gardes Maist GS cramoisies
6033,マイストGPガード・紅,Gardes Maist GP cramoisies
6034,マイストFZアーム・緑,Brassards Maist FZ verts
6035,マイストHSアーム・緑,Brassards Maist HS verts
6036,マイストGSアーム・緑,Brassards Maist GS verts
6037,マイストGPアーム・緑,Brassards Maist GP verts
6038,マイストFZガード・緑,Gardes Maist FZ vertes
6039,マイストHSガード・緑,Gardes Maist HS vertes
6040,マイストGSガード・緑,Gardes Maist GS vertes
6041,マイストGPガード・緑,Gardes Maist GP vertes
6042,マイストFZアーム・蒼,Brassards Maist FZ azur
6043,マイストHSアーム・蒼,Brassards Maist HS azur
6044,マイストGSアーム・蒼,Brassards Maist GS azur
6045,マイストGPアーム・蒼,Brassards Maist GP azur
6046,マイストFZガード・蒼,Gardes Maist FZ azur
6047,マイストHSガード・蒼,Gardes Maist HS azur
6048,マイストGSガード・蒼,Gardes Maist GS azur
6049,マイストGPガード・蒼,Gardes Maist GP azur
6050,マイストFZアーム・桜,
6051,マイストHSアーム・桜,
6052,マイストGSアーム・桜,
6053,マイストGPアーム・桜,
6054,マイストFZガード・桜,
6055,マイストHSガード・桜,
6056,マイストGSガード・桜,
6057,マイストGPガード・桜,
6058,カエシスHSアーム水,
6059,カエシスGSアーム水,
6060,カエシスGPアーム水,
6061,カエシスHSガード水,
6062,カエシスGSガード水,
6063,カエシスGPガード水,
6064,カエシスHSアーム赤,Brassards Cayssis HS rouges
6065,カエシスGSアーム赤,Brassards Cayssis GS rouges
6066,カエシスGPアーム赤,Brassards Cayssis GP rouges
6067,カエシスHSガード赤,Gardes Cayssis HS rouges
6068,カエシスGSガード赤,Gardes Cayssis GS rouges
6069,カエシスGPガード赤,Gardes Cayssis GP rouges
6070,カエシスHSアーム青,Brassards Cayssis HS bleus
6071,カエシスGSアーム青,Brassards Cayssis GS bleus
6072,カエシスGPアーム青,Brassards Cayssis GP bleus
6073,カエシスHSガード青,Gardes Cayssis HS bleues
6074,カエシスGSガード青,Gardes Cayssis GS bleues
6075,カエシスGPガード青,Gardes Cayssis GP bleues
6076,カエシスHSアーム橙,Brassards Cayssis HS orange
6077,カエシスGSアーム橙,Brassards Cayssis GS orange
6078,カエシスGPアーム橙,Brassards Cayssis GP orange
6079,カエシスHSガード橙,Gardes Cayssis HS orange
6080,カエシスGSガード橙,Gardes Cayssis GS orange
6081,カエシスGPガード橙,Gardes Cayssis GP orange
6082,パンデウムHSアーム,Brassards Pandeum HS
6083,パンデウムGSアーム,Brassards Pandeum GS
6084,パンデウムGPアーム,Brassards Pandeum GP
6085,パンデウムHSガード,Gardes Pandeum HS
6086,パンデウムGSガード,Gardes Pandeum GS
6087,パンデウムGPガード,Gardes Pandeum GP
6088,ディアンHSアーム,Brassards Dian HS
6089,ディアンGSアーム,Brassards Dian GS
6090,ディアンGPアーム,Brassards Dian GP
6091,ディアンHSガード,Gardes Dian HS
6092,ディアンGSガード,Gardes Dian GS
6093,ディアンGPガード,Gardes Dian GP
6094,ワイルドHSアーム,Brassards Sauvage HS
6095,ワイルドGSアーム,Brassards Sauvage GS
6096,ワイルドGPアーム,Brassards Sauvage GP
6097,ワイルドHSガード,Gardes Sauvage HS
6098,ワイルドGSガード,Gardes Sauvage GS
6099,ワイルドGPガード,Gardes Sauvage GP
6100,フラウアHSアーム,Brassards Fleur HS
6101,フラウアGSアーム,Brassards Fleur GS
6102,フラウアGPアーム,Brassards Fleur GP
6103,フラウアHSガード,Gardes Fleur HS
6104,フラウアGSガード,Gardes Fleur GS
6105,フラウアGPガード,Gardes Fleur GP
6106,テューンHSアーム,
6107,テューンGSアーム,
6108,テューンGPアーム,
6109,シュナイトHSガード,Gardes Schnite HS
6110,シュナイトGSガード,Gardes Schnite GS
6111,シュナイトGPガード,Gardes Schnite GP
6112,ディクトHSアーム,Brassards Dicto HS
6113,ディクトGSアーム,Brassards Dicto GS
6114,ディクトGPアーム,Brassards Dicto GP
6115,ディレットHSガード,Gardes Diletto HS
6116,ディレットGSガード,Gardes Diletto GS
6117,ディレットGPガード,Gardes Diletto GP
6118,キュビィHSアーム,Brassards Cubie HS
6119,キュビィGSアーム,Brassards Cubie GS
6120,キュビィGPアーム,Brassards Cubie GP
6121,キュビィHSガード,Gardes Cubie HS
6122,キュビィGSガード,Gardes Cubie GS
6123,キュビィGPガード,Gardes Cubie GP
6124,ケモルHSアーム,Brassards Kemor HS
6125,ケモルGSアーム,Brassards Kemor GS
6126,ケモルGPアーム,Brassards Kemor GP
6127,ケモルHSガード,Gardes Kemor HS
6128,ケモルGSガード,Gardes Kemor GS
6129,ケモルGPガード,Gardes Kemor GP
6130,スリートGPアーム・黄,Brassards Grésil GP jaunes
6131,スリートGPガード・黄,Gardes Grésil GP jaunes
6132,スリートGPアーム・銀,Brassards Grésil GP argentés
6133,スリートGPガード・銀,Gardes Grésil GP argentées
6134,スリートGPアーム・赤,Brassards Grésil GP rouges
6135,スリートGPガード・赤,Gardes Grésil GP rouges
6136,スリートGPアーム・青,Brassards Grésil GP bleus
6137,スリートGPガード・青,Gardes Grésil GP bleues
6138,ガリトスGPアーム・茶,Brassards Garitos GP bruns
6139,ガリトスGPガード・茶,Gardes Garitos GP brunes
6140,ガリトスGPアーム・赤,Brassards Garitos GP rouges
6141,ガリトスGPガード・赤,Gardes Garitos GP rouges
6142,ガリトスGPアーム・黒,Brassards Garitos GP noirs
6143,ガリトスGPガード・黒,Gardes Garitos GP noires
6144,ガリトスGPアーム・水,
6145,ガリトスGPガード・水,
6146,リアンGPアーム・青,Brassards Rian GP bleus
6147,リアンGPガード・青,Gardes Rian GP bleues
6148,リアンGPアーム・赤,Brassards Rian GP rouges
6149,リアンGPガード・赤,Gardes Rian GP rouges
6150,リアンGPアーム・黒,Brassards Rian GP noirs
6151,リアンGPガード・黒,Gardes Rian GP noires
6152,リアンGPアーム・白,Brassards Rian GP blancs
6153,リアンGPガード・白,Gardes Rian GP blanches
6154,メレティGPアーム・白,Brassards Meleti GP blancs
6155,メレティGPガード・白,Gardes Meleti GP blanches
6156,メレティGPアーム・赤,Brassards Meleti GP rouges
6157,メレティGPガード・赤,Gardes Meleti GP rouges
6158,メレティGPアーム・青,Brassards Meleti GP bleus
6159,メレティGPガード・青,Gardes Meleti GP bleues
6160,メレティGPアーム・黒,Brassards Meleti GP noirs
6161,メレティGPガード・黒,Gardes Meleti GP noires
6162,ステノGPアーム・橙,Brassards Stheno GP orange
6163,ステノGPガード・橙,Gardes Stheno GP orange
6164,ステノGPアーム・桃,Brassards Stheno GP roses
6165,ステノGPガード・桃,Gardes Stheno GP roses
6166,ステノGPアーム・青,Brassards Stheno GP bleus
6167,ステノGPガード・青,Gardes Stheno GP bleues
6168,ステノGPアーム・赤,Brassards Stheno GP rouges
6169,ステノGPガード・赤,Gardes Stheno GP rouges
6170,星祭GP籠手【赤】,
6171,七夕GP籠手【赤】,
6172,星祭GP籠手【青】,
6173,七夕GP籠手【青】,
6174,星祭GP籠手【黒】,
6175,七夕GP籠手【黒】,
6176,星祭GP籠手【白】,
6177,七夕GP籠手【白】,
6178,ダミー,
6179,ダミー,
6180,ダミー,
6181,ダミー,
6182,ダミー,
6183,ダミー,
6184,ヒストリアアーム,Brassards Historia
6185,ヒストリアＦアーム,Brassards Historia F
6186,ヒストリアFZアーム,Brassards Historia FZ
6187,ヒストリアHSアーム,Brassards Historia HS
6188,ヒストリアGSアーム,Brassards Historia GS
6189,ヒストリアGPアーム,Brassards Historia GP
6190,ヒストリアガード,Gardes Historia
6191,ヒストリアＦガード,Gardes Historia F
6192,ヒストリアFZガード,Gardes Historia FZ
6193,ヒストリアHSガード,Gardes Historia HS
6194,ヒストリアGSガード,Gardes Historia GS
6195,ヒストリアGPガード,Gardes Historia GP
6196,フロルアーム,Brassards Furoru
6197,フロルＦアーム,Brassards Furoru F
6198,フロルFXアーム,Brassards Furoru FX
6199,フロルＧアーム,Brassards Furoru G
6200,フロルGFアーム,Brassards Furoru GF
6201,フロルガード,Gardes Furoru
6202,フロルＦガード,Gardes Furoru F
6203,フロルFXガード,Gardes Furoru FX
6204,フロルＧガード,Gardes Furoru G
6205,フロルGFガード,Gardes Furoru GF
6206,フランキーＧアーム,Brassards Franky G
6207,フランキーGFアーム,Brassards Franky GF
6208,フランキーGXアーム,Brassards Franky GX
6209,フランキーＧガード,Gardes Franky G
6210,フランキーGFガード,Gardes Franky GF
6211,フランキーGXガード,Gardes Franky GX
6212,ディオレアーム,Brassards Diore
6213,ディオレＦアーム,Brassards Diore F
6214,ディオレFXアーム,Brassards Diore FX
6215,ディオレＧアーム,Brassards Diore G
6216,ディオレGFアーム,Brassards Diore GF
6217,ディオレガード,Gardes Diore
6218,ディオレＦガード,Gardes Diore F
6219,ディオレFXガード,Gardes Diore FX
6220,ディオレＧガード,Gardes Diore G
6221,ディオレGFガード,Gardes Diore GF
6222,神楽Ｇ【篭手】,
6223,神楽GF【篭手】,
6224,神楽GX【篭手】,
6225,神座Ｇ【篭手】,
6226,神座GF【篭手】,
6227,神座GX【篭手】,
6228,ジェビアＧアーム,Brassards Jebia G
6229,ジェビアGFアーム,Brassards Jebia GF
6230,ジェビアGXアーム,Brassards Jebia GX
6231,ジェビアＧガード,Gardes Jebia G
6232,ジェビアGFガード,Gardes Jebia GF
6233,ジェビアGXガード,Gardes Jebia GX
6234,ソルＧアーム,
6235,ソルGFアーム,
6236,ソルGXアーム,
6237,ソルＧガード,
6238,ソルGFガード,
6239,ソルGXガード,
6240,バルカンＧクロウ,
6241,バルカンGFクロウ,
6242,バルカンGXクロウ,
6243,バルカンＧフィスト,
6244,バルカンGFフィスト,
6245,バルカンGXフィスト,
6246,アルゴルGFアーム,Brassards Algol GF
6247,アルゴルGFガード,Gardes Algol GF
6248,オディバGFアーム,Brassards Odiva GF
6249,オディバGFガード,Gardes Odiva GF
6250,白虎・剣聖GXアーム,
6251,朱雀・剣聖GXアーム,
6252,玄武・剣聖GXアーム,
6253,青龍・剣聖GXアーム,
6254,白虎・双龍GXアーム,
6255,朱雀・双龍GXアーム,
6256,玄武・双龍GXアーム,
6257,青龍・双龍GXアーム,
6258,白虎・剣王GXアーム,
6259,朱雀・剣王GXアーム,
6260,玄武・剣王GXアーム,
6261,青龍・剣王GXアーム,
6262,白虎・刀神GXアーム,
6263,朱雀・刀神GXアーム,
6264,玄武・刀神GXアーム,
6265,青龍・刀神GXアーム,
6266,白虎・天槍GXアーム,
6267,朱雀・天槍GXアーム,
6268,玄武・天槍GXアーム,
6269,青龍・天槍GXアーム,
6270,白虎・砲皇GXアーム,
6271,朱雀・砲皇GXアーム,
6272,玄武・砲皇GXアーム,
6273,青龍・砲皇GXアーム,
6274,白虎・鈍器獣GXアーム,
6275,朱雀・鈍器獣GXアーム,
6276,玄武・鈍器獣GXアーム,
6277,青龍・鈍器獣GXアーム,
6278,白虎・奏帝GXアーム,
6279,朱雀・奏帝GXアーム,
6280,玄武・奏帝GXアーム,
6281,青龍・奏帝GXアーム,
6282,白虎・銃傑GXガード,
6283,朱雀・銃傑GXガード,
6284,玄武・銃傑GXガード,
6285,青龍・銃傑GXガード,
6286,白虎・銃仙GXガード,
6287,朱雀・銃仙GXガード,
6288,玄武・銃仙GXガード,
6289,青龍・銃仙GXガード,
6290,白虎・弓鬼GXガード,
6291,朱雀・弓鬼GXガード,
6292,玄武・弓鬼GXガード,
6293,青龍・弓鬼GXガード,
6294,ヒスイアーム,Brassards Hisui
6295,ヒスイＦアーム,Brassards Hisui F
6296,ヒスイFXアーム,Brassards Hisui FX
6297,ブラッドアーム,Brassards Sang
6298,ブラッドＦアーム,Brassards Sang F
6299,ブラッドFXアーム,Brassards Sang FX
6300,白虎・穿凰Ｇアーム,
6301,白虎・穿凰GFアーム,
6302,白虎・穿凰GXアーム,
6303,朱雀・穿凰Ｇアーム,
6304,朱雀・穿凰GFアーム,
6305,朱雀・穿凰GXアーム,
6306,玄武・穿凰Ｇアーム,
6307,玄武・穿凰GFアーム,
6308,玄武・穿凰GXアーム,
6309,青龍・穿凰Ｇアーム,
6310,青龍・穿凰GFアーム,
6311,青龍・穿凰GXアーム,
6312,オナブルアーム・赤,Brassards Onable rouges
6313,オナブルＦアーム・赤,Brassards Onable F rouges
6314,オナブルFZアーム・赤,Brassards Onable FZ rouges
6315,オナブルHSアーム・赤,Brassards Onable HS rouges
6316,オナブルGSアーム・赤,Brassards Onable GS rouges
6317,オナブルGPアーム・赤,Brassards Onable GP rouges
6318,オナブルガード・赤,Gardes Onable rouges
6319,オナブルＦガード・赤,Gardes Onable F rouges
6320,オナブルFZガード・赤,Gardes Onable FZ rouges
6321,オナブルHSガード・赤,Gardes Onable HS rouges
6322,オナブルGSガード・赤,Gardes Onable GS rouges
6323,オナブルGPガード・赤,Gardes Onable GP rouges
6324,オナブルアーム・青,Brassards Onable bleus
6325,オナブルＦアーム・青,Brassards Onable F bleus
6326,オナブルFZアーム・青,Brassards Onable FZ bleus
6327,オナブルHSアーム・青,Brassards Onable HS bleus
6328,オナブルGSアーム・青,Brassards Onable GS bleus
6329,オナブルGPアーム・青,Brassards Onable GP bleus
6330,オナブルガード・青,Gardes Onable bleues
6331,オナブルＦガード・青,Gardes Onable F bleues
6332,オナブルFZガード・青,Gardes Onable FZ bleues
6333,オナブルHSガード・青,Gardes Onable HS bleues
6334,オナブルGSガード・青,Gardes Onable GS bleues
6335,オナブルGPガード・青,Gardes Onable GP bleues
6336,オナブルアーム・緑,Brassards Onable verts
6337,オナブルＦアーム・緑,Brassards Onable F verts
6338,オナブルFZアーム・緑,Brassards Onable FZ verts
6339,オナブルHSアーム・緑,Brassards Onable HS verts
6340,オナブルGSアーム・緑,Brassards Onable GS verts
6341,オナブルGPアーム・緑,Brassards Onable GP verts
6342,オナブルガード・緑,Gardes Onable vertes
6343,オナブルＦガード・緑,Gardes Onable F vertes
6344,オナブルFZガード・緑,Gardes Onable FZ vertes
6345,オナブルHSガード・緑,Gardes Onable HS vertes
6346,オナブルGSガード・緑,Gardes Onable GS vertes
6347,オナブルGPガード・緑,Gardes Onable GP vertes
6348,オナブルアーム・紺,
6349,オナブルＦアーム・紺,
6350,オナブルFZアーム・紺,
6351,オナブルHSアーム・紺,
6352,オナブルGSアーム・紺,
6353,オナブルGPアーム・紺,
6354,オナブルガード・紺,
6355,オナブルＦガード・紺,
6356,オナブルFZガード・紺,
6357,オナブルHSガード・紺,
6358,オナブルGSガード・紺,
6359,オナブルGPガード・紺,
6360,シェリフアーム・茶,Brassards Sherif bruns
6361,シェリフＦアーム・茶,Brassards Sherif F bruns
6362,シェリフFZアーム・茶,Brassards Sherif FZ bruns
6363,シェリフHSアーム・茶,Brassards Sherif HS bruns
6364,シェリフGSアーム・茶,Brassards Sherif GS bruns
6365,シェリフGPアーム・茶,Brassards Sherif GP bruns
6366,シェリフガード・茶,Gardes Sherif brunes
6367,シェリフＦガード・茶,Gardes Sherif F brunes
6368,シェリフFZガード・茶,Gardes Sherif FZ brunes
6369,シェリフHSガード・茶,Gardes Sherif HS brunes
6370,シェリフGSガード・茶,Gardes Sherif GS brunes
6371,シェリフGPガード・茶,Gardes Sherif GP brunes
6372,シェリフアーム・黒,Brassards Sherif noirs
6373,シェリフＦアーム・黒,Brassards Sherif F noirs
6374,シェリフFZアーム・黒,Brassards Sherif FZ noirs
6375,シェリフHSアーム・黒,Brassards Sherif HS noirs
6376,シェリフGSアーム・黒,Brassards Sherif GS noirs
6377,シェリフGPアーム・黒,Brassards Sherif GP noirs
6378,シェリフガード・黒,Gardes Sherif noires
6379,シェリフＦガード・黒,Gardes Sherif F noires
6380,シェリフFZガード・黒,Gardes Sherif FZ noires
6381,シェリフHSガード・黒,Gardes Sherif HS noires
6382,シェリフGSガード・黒,Gardes Sherif GS noires
6383,シェリフGPガード・黒,Gardes Sherif GP noires
6384,シェリフアーム・青,Brassards Sherif bleus
6385,シェリフＦアーム・青,Brassards Sherif F bleus
6386,シェリフFZアーム・青,Brassards Sherif FZ bleus
6387,シェリフHSアーム・青,Brassards Sherif HS bleus
6388,シェリフGSアーム・青,Brassards Sherif GS bleus
6389,シェリフGPアーム・青,Brassards Sherif GP bleus
6390,シェリフガード・青,Gardes Sherif bleues
6391,シェリフＦガード・青,Gardes Sherif F bleues
6392,シェリフFZガード・青,Gardes Sherif FZ bleues
6393,シェリフHSガード・青,Gardes Sherif HS bleues
6394,シェリフGSガード・青,Gardes Sherif GS bleues
6395,シェリフGPガード・青,Gardes Sherif GP bleues
6396,シェリフアーム・白,Brassards Sherif blancs
6397,シェリフＦアーム・白,Brassards Sherif F blancs
6398,シェリフFZアーム・白,Brassards Sherif FZ blancs
6399,シェリフHSアーム・白,Brassards Sherif HS blancs
6400,シェリフGSアーム・白,Brassards Sherif GS blancs
6401,シェリフGPアーム・白,Brassards Sherif GP blancs
6402,シェリフガード・白,Gardes Sherif blanches
6403,シェリフＦガード・白,Gardes Sherif F blanches
6404,シェリフFZガード・白,Gardes Sherif FZ blanches
6405,シェリフHSガード・白,Gardes Sherif HS blanches
6406,シェリフGSガード・白,Gardes Sherif GS blanches
6407,シェリフGPガード・白,Gardes Sherif GP blanches
6408,月陽ノ篭手,
6409,月陽ノ篭手・Ｆ,
6410,月陽ノ篭手・FZ,
6411,月陽ノ篭手・HS,
6412,月陽ノ篭手・GS,
6413,月陽ノ篭手・GP,
6414,月陽ノ大袖,
6415,月陽ノ大袖・Ｆ,
6416,月陽ノ大袖・FZ,
6417,月陽ノ大袖・HS,
6418,月陽ノ大袖・GS,
6419,月陽ノ大袖・GP,
6420,ゾデックGSアーム・青,Brassards Zodec GS bleus
6421,ゾデックGPアーム・青,Brassards Zodec GP bleus
6422,ゾデックGSガード・青,Gardes Zodec GS bleues
6423,ゾデックGPガード・青,Gardes Zodec GP bleues
6424,ゾデックGSアーム・茶,Brassards Zodec GS bruns
6425,ゾデックGPアーム・茶,Brassards Zodec GP bruns
6426,ゾデックGSガード・茶,Gardes Zodec GS brunes
6427,ゾデックGPガード・茶,Gardes Zodec GP brunes
6428,ゾデックGSアーム・緑,Brassards Zodec GS verts
6429,ゾデックGPアーム・緑,Brassards Zodec GP verts
6430,ゾデックGSガード・緑,Gardes Zodec GS vertes
6431,ゾデックGPガード・緑,Gardes Zodec GP vertes
6432,ゾデックGSアーム・桜,
6433,ゾデックGPアーム・桜,
6434,ゾデックGSガード・桜,
6435,ゾデックGPガード・桜,
6436,ブリスFZアーム【白】,Brassards Félicité FZ [白]
6437,ブリスHSアーム【白】,Brassards Félicité HS [白]
6438,ブリスGSアーム【白】,Brassards Félicité GS [白]
6439,ブリスGPアーム【白】,Brassards Félicité GP [白]
6440,ブリスFZアーム【青】,Brassards Félicité FZ [青]
6441,ブリスHSアーム【青】,Brassards Félicité HS [青]
6442,ブリスGSアーム【青】,Brassards Félicité GS [青]
6443,ブリスGPアーム【青】,Brassards Félicité GP [青]
6444,ブリスFZアーム【紫】,Brassards Félicité FZ [紫]
6445,ブリスHSアーム【紫】,Brassards Félicité HS [紫]
6446,ブリスGSアーム【紫】,Brassards Félicité GS [紫]
6447,ブリスGPアーム【紫】,Brassards Félicité GP [紫]
6448,ブリスFZアーム【黄】,Brassards Félicité FZ [黄]
6449,ブリスHSアーム【黄】,Brassards Félicité HS [黄]
6450,ブリスGSアーム【黄】,Brassards Félicité GS [黄]
6451,ブリスGPアーム【黄】,Brassards Félicité GP [黄]
6452,しろねこ服FZアーム,
6453,しろねこ服HSアーム,
6454,しろねこ服GSアーム,
6455,しろねこ服GPアーム,
6456,ファランHSアーム・白,Brassards Faran HS blancs
6457,ファランGSアーム・白,Brassards Faran GS blancs
6458,ファランGPアーム・白,Brassards Faran GP blancs
6459,ファランHSガード・白,Gardes Faran HS blanches
6460,ファランGSガード・白,Gardes Faran GS blanches
6461,ファランGPガード・白,Gardes Faran GP blanches
6462,ファランHSアーム・黒,Brassards Faran HS noirs
6463,ファランGSアーム・黒,Brassards Faran GS noirs
6464,ファランGPアーム・黒,Brassards Faran GP noirs
6465,ファランHSガード・黒,Gardes Faran HS noires
6466,ファランGSガード・黒,Gardes Faran GS noires
6467,ファランGPガード・黒,Gardes Faran GP noires
6468,ファランHSアーム・赤,Brassards Faran HS rouges
6469,ファランGSアーム・赤,Brassards Faran GS rouges
6470,ファランGPアーム・赤,Brassards Faran GP rouges
6471,ファランHSガード・赤,Gardes Faran HS rouges
6472,ファランGSガード・赤,Gardes Faran GS rouges
6473,ファランGPガード・赤,Gardes Faran GP rouges
6474,ファランHSアーム・青,Brassards Faran HS bleus
6475,ファランGSアーム・青,Brassards Faran GS bleus
6476,ファランGPアーム・青,Brassards Faran GP bleus
6477,ファランHSガード・青,Gardes Faran HS bleues
6478,ファランGSガード・青,Gardes Faran GS bleues
6479,ファランGPガード・青,Gardes Faran GP bleues
6480,グロリアGSアーム・金,Brassards Gloria GS dorés
6481,グロリアGPアーム・金,Brassards Gloria GP dorés
6482,グロリアGSガード・金,Gardes Gloria GS dorées
6483,グロリアGPガード・金,Gardes Gloria GP dorées
6484,グロリアGSアーム・青,Brassards Gloria GS bleus
6485,グロリアGPアーム・青,Brassards Gloria GP bleus
6486,グロリアGSガード・青,Gardes Gloria GS bleues
6487,グロリアGPガード・青,Gardes Gloria GP bleues
6488,グロリアGSアーム・水,
6489,グロリアGPアーム・水,
6490,グロリアGSガード・水,
6491,グロリアGPガード・水,
6492,グロリアGSアーム・赤,Brassards Gloria GS rouges
6493,グロリアGPアーム・赤,Brassards Gloria GP rouges
6494,グロリアGSガード・赤,Gardes Gloria GS rouges
6495,グロリアGPガード・赤,Gardes Gloria GP rouges
6496,蘭蛮の籠手・FZ黄,
6497,蘭蛮の籠手・HS黄,
6498,蘭蛮の籠手・GS黄,
6499,蘭蛮の籠手・GP黄,
6500,蘭蛮の袖・FZ黄,
6501,蘭蛮の袖・HS黄,
6502,蘭蛮の袖・GS黄,
6503,蘭蛮の袖・GP黄,
6504,蘭蛮の籠手・FZ赤,
6505,蘭蛮の籠手・HS赤,
6506,蘭蛮の籠手・GS赤,
6507,蘭蛮の籠手・GP赤,
6508,蘭蛮の袖・FZ赤,
6509,蘭蛮の袖・HS赤,
6510,蘭蛮の袖・GS赤,
6511,蘭蛮の袖・GP赤,
6512,蘭蛮の籠手・FZ紫,
6513,蘭蛮の籠手・HS紫,
6514,蘭蛮の籠手・GS紫,
6515,蘭蛮の籠手・GP紫,
6516,蘭蛮の袖・FZ紫,
6517,蘭蛮の袖・HS紫,
6518,蘭蛮の袖・GS紫,
6519,蘭蛮の袖・GP紫,
6520,蘭蛮の籠手・FZ金,
6521,蘭蛮の籠手・HS金,
6522,蘭蛮の籠手・GS金,
6523,蘭蛮の籠手・GP金,
6524,蘭蛮の袖・FZ金,
6525,蘭蛮の袖・HS金,
6526,蘭蛮の袖・GS金,
6527,蘭蛮の袖・GP金,
6528,フェルムFZアーム・黒,Brassards Ferm FZ noirs
6529,フェルムHSアーム・黒,Brassards Ferm HS noirs
6530,フェルムGSアーム・黒,Brassards Ferm GS noirs
6531,フェルムGPアーム・黒,Brassards Ferm GP noirs
6532,フェルムFZガード・黒,Gardes Ferm FZ noires
6533,フェルムHSガード・黒,Gardes Ferm HS noires
6534,フェルムGSガード・黒,Gardes Ferm GS noires
6535,フェルムGPガード・黒,Gardes Ferm GP noires
6536,フェルムFZアーム・赤,Brassards Ferm FZ rouges
6537,フェルムHSアーム・赤,Brassards Ferm HS rouges
6538,フェルムGSアーム・赤,Brassards Ferm GS rouges
6539,フェルムGPアーム・赤,Brassards Ferm GP rouges
6540,フェルムFZガード・赤,Gardes Ferm FZ rouges
6541,フェルムHSガード・赤,Gardes Ferm HS rouges
6542,フェルムGSガード・赤,Gardes Ferm GS rouges
6543,フェルムGPガード・赤,Gardes Ferm GP rouges
6544,フェルムFZアーム・白,Brassards Ferm FZ blancs
6545,フェルムHSアーム・白,Brassards Ferm HS blancs
6546,フェルムGSアーム・白,Brassards Ferm GS blancs
6547,フェルムGPアーム・白,Brassards Ferm GP blancs
6548,フェルムFZガード・白,Gardes Ferm FZ blanches
6549,フェルムHSガード・白,Gardes Ferm HS blanches
6550,フェルムGSガード・白,Gardes Ferm GS blanches
6551,フェルムGPガード・白,Gardes Ferm GP blanches
6552,フェルムFZアーム・青,Brassards Ferm FZ bleus
6553,フェルムHSアーム・青,Brassards Ferm HS bleus
6554,フェルムGSアーム・青,Brassards Ferm GS bleus
6555,フェルムGPアーム・青,Brassards Ferm GP bleus
6556,フェルムFZガード・青,Gardes Ferm FZ bleues
6557,フェルムHSガード・青,Gardes Ferm HS bleues
6558,フェルムGSガード・青,Gardes Ferm GS bleues
6559,フェルムGPガード・青,Gardes Ferm GP bleues
6560,トラスFZグローブ青,
6561,トラスHSグローブ青,
6562,トラスGSグローブ青,
6563,トラスGPグローブ青,
6564,トラスFZミトン青,
6565,トラスHSミトン青,
6566,トラスGSミトン青,
6567,トラスGPミトン青,
6568,トラスFZグローブ赤,
6569,トラスHSグローブ赤,
6570,トラスGSグローブ赤,
6571,トラスGPグローブ赤,
6572,トラスFZミトン赤,
6573,トラスHSミトン赤,
6574,トラスGSミトン赤,
6575,トラスGPミトン赤,
6576,トラスFZグローブ白,
6577,トラスHSグローブ白,
6578,トラスGSグローブ白,
6579,トラスGPグローブ白,
6580,トラスFZミトン白,
6581,トラスHSミトン白,
6582,トラスGSミトン白,
6583,トラスGPミトン白,
6584,トラスFZグローブ紫,
6585,トラスHSグローブ紫,
6586,トラスGSグローブ紫,
6587,トラスGPグローブ紫,
6588,トラスFZミトン紫,
6589,トラスHSミトン紫,
6590,トラスGSミトン紫,
6591,トラスGPミトン紫,
6592,レイルHSアーム,
6593,レイルGSアーム,
6594,レイルGPアーム,
6595,レイルHSガード,
6596,レイルGSガード,
6597,レイルGPガード,
6598,リーデレHSアーム,Brassards Ridere HS
6599,リーデレGSアーム,Brassards Ridere GS
6600,リーデレGPアーム,Brassards Ridere GP
6601,リーデレHSガード,Gardes Ridere HS
6602,リーデレGSガード,Gardes Ridere GS
6603,リーデレGPガード,Gardes Ridere GP
6604,リエットHSアーム,Brassards Émeute HS
6605,リエットGSアーム,Brassards Émeute GS
6606,リエットGPアーム,Brassards Émeute GP
6607,リエットHSガード,Gardes Émeute HS
6608,リエットGSガード,Gardes Émeute GS
6609,リエットGPガード,Gardes Émeute GP
6610,ルターレHSアーム,Brassards Rutare HS
6611,ルターレGSアーム,Brassards Rutare GS
6612,ルターレGPアーム,Brassards Rutare GP
6613,ルターレHSガード,Gardes Rutare HS
6614,ルターレGSガード,Gardes Rutare GS
6615,ルターレGPガード,Gardes Rutare GP
6616,流転の篭手・HS,
6617,流転の篭手・GS,
6618,流転の篭手・GP,
6619,旋転の篭手・HS,
6620,旋転の篭手・GS,
6621,旋転の篭手・GP,
6622,嵐転の篭手・HS,
6623,嵐転の篭手・GS,
6624,嵐転の篭手・GP,
6625,地転の篭手・HS,
6626,地転の篭手・GS,
6627,地転の篭手・GP,
6628,ラトリアHSアーム,Brassards Latria HS
6629,ラトリアGSアーム,Brassards Latria GS
6630,ラトリアGPアーム,Brassards Latria GP
6631,ラトリアHSガード,Gardes Latria HS
6632,ラトリアGSガード,Gardes Latria GS
6633,ラトリアGPガード,Gardes Latria GP
6634,コンタオHSアーム,Brassards Kontao HS
6635,コンタオGSアーム,Brassards Kontao GS
6636,コンタオGPアーム,Brassards Kontao GP
6637,コンタオHSガード,Gardes Kontao HS
6638,コンタオGSガード,Gardes Kontao GS
6639,コンタオGPガード,Gardes Kontao GP
6640,デリヴアーム,
6641,デリヴＦアーム,
6642,デリヴFYアーム,
6643,デリヴHSアーム,
6644,デリヴＧアーム,
6645,デリヴGFアーム,
6646,デリヴGXアーム,
6647,デリヴガード,
6648,デリヴＦガード,
6649,デリヴFYガード,
6650,デリヴHSガード,
6651,デリヴＧガード,
6652,デリヴGFガード,
6653,デリヴGXガード,
6654,アサークアーム,Brassards Asaku
6655,アサークＦアーム,Brassards Asaku F
6656,アサークFYアーム,Brassards Asaku FY
6657,アサークHSアーム,Brassards Asaku HS
6658,アサークＧアーム,Brassards Asaku G
6659,アサークGFアーム,Brassards Asaku GF
6660,アサークGXアーム,Brassards Asaku GX
6661,アサークガード,Gardes Asaku
6662,アサークＦガード,Gardes Asaku F
6663,アサークFYガード,Gardes Asaku FY
6664,アサークHSガード,Gardes Asaku HS
6665,アサークＧガード,Gardes Asaku G
6666,アサークGFガード,Gardes Asaku GF
6667,アサークGXガード,Gardes Asaku GX
6668,ニスルアーム,Brassards Nisuru
6669,ニスルＦアーム,Brassards Nisuru F
6670,ニスルFYアーム,Brassards Nisuru FY
6671,ニスルHSアーム,Brassards Nisuru HS
6672,ニスルＧアーム,Brassards Nisuru G
6673,ニスルGFアーム,Brassards Nisuru GF
6674,ニスルGXアーム,Brassards Nisuru GX
6675,ニスルガード,Gardes Nisuru
6676,ニスルＦガード,Gardes Nisuru F
6677,ニスルFYガード,Gardes Nisuru FY
6678,ニスルHSガード,Gardes Nisuru HS
6679,ニスルＧガード,Gardes Nisuru G
6680,ニスルGFガード,Gardes Nisuru GF
6681,ニスルGXガード,Gardes Nisuru GX
6682,コルーデアーム,Brassards Coord
6683,コルーデＦアーム,Brassards Coord F
6684,コルーデFYアーム,Brassards Coord FY
6685,コルーデHSアーム,Brassards Coord HS
6686,コルーデＧアーム,Brassards Coord G
6687,コルーデGFアーム,Brassards Coord GF
6688,コルーデGXアーム,Brassards Coord GX
6689,コルーデガード,Gardes Coord
6690,コルーデＦガード,Gardes Coord F
6691,コルーデFYガード,Gardes Coord FY
6692,コルーデHSガード,Gardes Coord HS
6693,コルーデＧガード,Gardes Coord G
6694,コルーデGFガード,Gardes Coord GF
6695,コルーデGXガード,Gardes Coord GX
6696,レセーガアーム,Brassards Resega
6697,レセーガＦアーム,Brassards Resega F
6698,レセーガFYアーム,Brassards Resega FY
6699,レセーガHSアーム,Brassards Resega HS
6700,レセーガＧアーム,Brassards Resega G
6701,レセーガGFアーム,Brassards Resega GF
6702,レセーガGXアーム,Brassards Resega GX
6703,レセーガガード,Gardes Resega
6704,レセーガＦガード,Gardes Resega F
6705,レセーガFYガード,Gardes Resega FY
6706,レセーガHSガード,Gardes Resega HS
6707,レセーガＧガード,Gardes Resega G
6708,レセーガGFガード,Gardes Resega GF
6709,レセーガGXガード,Gardes Resega GX
6710,スフォルアーム,Brassards Suforu
6711,スフォルＦアーム,Brassards Suforu F
6712,スフォルFYアーム,Brassards Suforu FY
6713,スフォルHSアーム,Brassards Suforu HS
6714,スフォルＧアーム,Brassards Suforu G
6715,スフォルGFアーム,Brassards Suforu GF
6716,スフォルGXアーム,Brassards Suforu GX
6717,スフォルガード,Gardes Suforu
6718,スフォルＦガード,Gardes Suforu F
6719,スフォルFYガード,Gardes Suforu FY
6720,スフォルHSガード,Gardes Suforu HS
6721,スフォルＧガード,Gardes Suforu G
6722,スフォルGFガード,Gardes Suforu GF
6723,スフォルGXガード,Gardes Suforu GX
6724,ペルセアーム,Brassards Perce
6725,ペルセＦアーム,Brassards Perce F
6726,ペルセFYアーム,Brassards Perce FY
6727,ペルセHSアーム,Brassards Perce HS
6728,ペルセＧアーム,Brassards Perce G
6729,ペルセGFアーム,Brassards Perce GF
6730,ペルセGXアーム,Brassards Perce GX
6731,ペルセガード,Gardes Perce
6732,ペルセＦガード,Gardes Perce F
6733,ペルセFYガード,Gardes Perce FY
6734,ペルセHSガード,Gardes Perce HS
6735,ペルセＧガード,Gardes Perce G
6736,ペルセGFガード,Gardes Perce GF
6737,ペルセGXガード,Gardes Perce GX
6738,調査兵団アーム,
6739,調査兵団Ｆアーム,
6740,調査兵団FZアーム,
6741,調査兵団HSアーム,
6742,調査兵団GSアーム,
6743,調査兵団GPアーム,
6744,調査兵団ガード,
6745,調査兵団Ｆガード,
6746,調査兵団FZガード,
6747,調査兵団HSガード,
6748,調査兵団GSガード,
6749,調査兵団GPガード,
6750,訓練兵団アーム,Brassards Training
6751,訓練兵団Ｆアーム,Brassards Training F
6752,訓練兵団FZアーム,Brassards Training FZ
6753,訓練兵団HSアーム,Brassards Training HS
6754,訓練兵団GSアーム,Brassards Training GS
6755,訓練兵団GPアーム,Brassards Training GP
6756,訓練兵団ガード,Gardes Training
6757,訓練兵団Ｆガード,Gardes Training F
6758,訓練兵団FZガード,Gardes Training FZ
6759,訓練兵団HSガード,Gardes Training HS
6760,訓練兵団GSガード,Gardes Training GS
6761,訓練兵団GPガード,Gardes Training GP
6762,ダミー,
6763,ダミー,
6764,ダミー,
6765,ダミー,
6766,ダミー,
6767,ダミー,
6768,ダミー,
6769,ダミー,
6770,ダミー,
6771,ダミー,
6772,ダミー,
6773,ダミー,
6774,ダミー,
6775,ダミー,
6776,ダミー,
6777,ダミー,
6778,ダミー,
6779,ダミー,
6780,ダミー,
6781,ダミー,
6782,ダミー,
6783,ダミー,
6784,キャロルアーム・金,Brassards Carol dorés
6785,レイラアーム,Brassards Leila
6786,IS学園アーム・白,
6787,IS学園Ｆアーム・白,
6788,IS学園FZアーム・白,
6789,IS学園HSアーム・白,
6790,IS学園GSアーム・白,
6791,IS学園GPアーム・白,
6792,IS学園ガード・白,
6793,IS学園Ｆガード・白,
6794,IS学園FZガード・白,
6795,IS学園HSガード・白,
6796,IS学園GSガード・白,
6797,IS学園GPガード・白,
6798,IS学園アーム・青,
6799,IS学園Ｆアーム・青,
6800,IS学園FZアーム・青,
6801,IS学園HSアーム・青,
6802,IS学園GSアーム・青,
6803,IS学園GPアーム・青,
6804,IS学園ガード・青,
6805,IS学園Ｆガード・青,
6806,IS学園FZガード・青,
6807,IS学園HSガード・青,
6808,IS学園GSガード・青,
6809,IS学園GPガード・青,
6810,IS学園アーム・黒,
6811,IS学園Ｆアーム・黒,
6812,IS学園FZアーム・黒,
6813,IS学園HSアーム・黒,
6814,IS学園GSアーム・黒,
6815,IS学園GPアーム・黒,
6816,IS学園ガード・黒,
6817,IS学園Ｆガード・黒,
6818,IS学園FZガード・黒,
6819,IS学園HSガード・黒,
6820,IS学園GSガード・黒,
6821,IS学園GPガード・黒,
6822,IS学園アーム・緑,
6823,IS学園Ｆアーム・緑,
6824,IS学園FZアーム・緑,
6825,IS学園HSアーム・緑,
6826,IS学園GSアーム・緑,
6827,IS学園GPアーム・緑,
6828,IS学園ガード・緑,
6829,IS学園Ｆガード・緑,
6830,IS学園FZガード・緑,
6831,IS学園HSガード・緑,
6832,IS学園GSガード・緑,
6833,IS学園GPガード・緑,
6834,コムラダＧアーム・赤,Brassards Comrada G rouges
6835,コムラダGFアーム・赤,Brassards Comrada GF rouges
6836,コムラダGXアーム・赤,Brassards Comrada GX rouges
6837,コムラダＧガード・赤,Gardes Comrada G rouges
6838,コムラダGFガード・赤,Gardes Comrada GF rouges
6839,コムラダGXガード・赤,Gardes Comrada GX rouges
6840,コムラダＧアーム・青,Brassards Comrada G bleus
6841,コムラダGFアーム・青,Brassards Comrada GF bleus
6842,コムラダGXアーム・青,Brassards Comrada GX bleus
6843,コムラダＧガード・青,Gardes Comrada G bleues
6844,コムラダGFガード・青,Gardes Comrada GF bleues
6845,コムラダGXガード・青,Gardes Comrada GX bleues
6846,コムラダＧアーム・緑,Brassards Comrada G verts
6847,コムラダGFアーム・緑,Brassards Comrada GF verts
6848,コムラダGXアーム・緑,Brassards Comrada GX verts
6849,コムラダＧガード・緑,Gardes Comrada G vertes
6850,コムラダGFガード・緑,Gardes Comrada GF vertes
6851,コムラダGXガード・緑,Gardes Comrada GX vertes
6852,コムラダＧアーム・橙,Brassards Comrada G orange
6853,コムラダGFアーム・橙,Brassards Comrada GF orange
6854,コムラダGXアーム・橙,Brassards Comrada GX orange
6855,コムラダＧガード・橙,Gardes Comrada G orange
6856,コムラダGFガード・橙,Gardes Comrada GF orange
6857,コムラダGXガード・橙,Gardes Comrada GX orange
6858,メランＧアーム,Brassards Melan G
6859,メランGFアーム,Brassards Melan GF
6860,メランGXアーム,Brassards Melan GX
6861,メランＧガード,Gardes Melan G
6862,メランGFガード,Gardes Melan GF
6863,メランGXガード,Gardes Melan GX
6864,ルージュFYアーム,
6865,ルージュHCアーム,
6866,ルージュＧアーム,
6867,ルージュGFアーム,
6868,ルージュGXアーム,
6869,レギュクスGPアーム,Brassards Regyukusu GP
6870,レギュクスGPガード,Gardes Regyukusu GP
6871,ベイルGPガントレット,
6872,ヴェルフGPアーム,Brassards Welf GP
6873,ヴェルフGPガード,Gardes Welf GP
6874,テリオグGPアーム,
6875,テリオグGPガード,
6876,ヒプノＧアーム,Brassards Hypnoc G
6877,ヒプノGFアーム,Brassards Hypnoc GF
6878,ヒプノGXアーム,Brassards Hypnoc GX
6879,ヒプノＧガード,Gardes Hypnoc G
6880,ヒプノGFガード,Gardes Hypnoc GF
6881,ヒプノGXガード,Gardes Hypnoc GX
6882,フルンＧアーム,Brassards Khezu G
6883,フルンGFアーム,Brassards Khezu GF
6884,フルンGXアーム,Brassards Khezu GX
6885,フルンＧガード,Gardes Khezu G
6886,フルンGFガード,Gardes Khezu GF
6887,フルンGXガード,Gardes Khezu GX
6888,モノブロスＧアーム,Brassards Monoblos G
6889,モノブロスGFアーム,Brassards Monoblos GF
6890,モノブロスGXアーム,Brassards Monoblos GX
6891,モノブロスＧガード,Gardes Monoblos G
6892,モノブロスGFガード,Gardes Monoblos GF
6893,モノブロスGXガード,Gardes Monoblos GX
6894,ヴァイスＧファオスト,
6895,ヴァイスGFファオスト,
6896,ヴァイスGXファオスト,
6897,ヴァイスＧベギアデ,
6898,ヴァイスGFベギアデ,
6899,ヴァイスGXベギアデ,
6900,ヴェノムＧアーム,Brassards Venin G
6901,ヴェノムGFアーム,Brassards Venin GF
6902,ヴェノムGXアーム,Brassards Venin GX
6903,ヴェノムＧガード,Gardes Venin G
6904,ヴェノムGFガード,Gardes Venin GF
6905,ヴェノムGXガード,Gardes Venin GX
6906,雅孔【篭手】,
6907,雅孔Ｆ【篭手】,
6908,雅孔FX【篭手】,
6909,雅孔Ｇ【篭手】,
6910,雅孔GF【篭手】,
6911,雅穿【篭手】,
6912,雅穿Ｆ【篭手】,
6913,雅穿FX【篭手】,
6914,雅穿Ｇ【篭手】,
6915,雅穿GF【篭手】,
6916,雅深Ｇ【篭手】,
6917,雅深GF【篭手】,
6918,雅深GX【篭手】,
6919,雅淵Ｇ【篭手】,
6920,雅淵GF【篭手】,
6921,雅淵GX【篭手】,
6922,ガルバハトゥー,
6923,ガルバＦハトゥー,
6924,ガルバFXハトゥー,
6925,ガルバＧハトゥー,
6926,ガルバGFハトゥー,
6927,ガルバマカーン,
6928,ガルバＦマカーン,
6929,ガルバFXマカーン,
6930,ガルバＧマカーン,
6931,ガルバGFマカーン,
6932,ウィンドGFハトゥー,
6933,ウィンドGFマカーン,
6934,武者GF【篭手】,
6935,日光GF【篭手】,
6936,白蘭・剣聖アーム,
6937,白蘭・剣聖Ｆアーム,
6938,白蘭・剣聖FXアーム,
6939,紅霞・剣聖アーム,
6940,紅霞・剣聖Ｆアーム,
6941,紅霞・剣聖FXアーム,
6942,白蘭・剣聖Ｇアーム,
6943,白蘭・剣聖GFアーム,
6944,白蘭・剣聖GXアーム,
6945,月夜・剣聖Ｇアーム,
6946,月夜・剣聖GFアーム,
6947,月夜・剣聖GXアーム,
6948,紅霞・剣聖Ｇアーム,
6949,紅霞・剣聖GFアーム,
6950,紅霞・剣聖GXアーム,
6951,蒼穹・剣聖Ｇアーム,
6952,蒼穹・剣聖GFアーム,
6953,蒼穹・剣聖GXアーム,
6954,白蘭・双龍アーム,
6955,白蘭・双龍Ｆアーム,
6956,白蘭・双龍FXアーム,
6957,紅霞・双龍アーム,
6958,紅霞・双龍Ｆアーム,
6959,紅霞・双龍FXアーム,
6960,白蘭・双龍Ｇアーム,
6961,白蘭・双龍GFアーム,
6962,白蘭・双龍GXアーム,
6963,月夜・双龍Ｇアーム,
6964,月夜・双龍GFアーム,
6965,月夜・双龍GXアーム,
6966,紅霞・双龍Ｇアーム,
6967,紅霞・双龍GFアーム,
6968,紅霞・双龍GXアーム,
6969,蒼穹・双龍Ｇアーム,
6970,蒼穹・双龍GFアーム,
6971,蒼穹・双龍GXアーム,
6972,白蘭・剣王アーム,
6973,白蘭・剣王Ｆアーム,
6974,白蘭・剣王FXアーム,
6975,紅霞・剣王アーム,
6976,紅霞・剣王Ｆアーム,
6977,紅霞・剣王FXアーム,
6978,白蘭・剣王Ｇアーム,
6979,白蘭・剣王GFアーム,
6980,白蘭・剣王GXアーム,
6981,月夜・剣王Ｇアーム,
6982,月夜・剣王GFアーム,
6983,月夜・剣王GXアーム,
6984,紅霞・剣王Ｇアーム,
6985,紅霞・剣王GFアーム,
6986,紅霞・剣王GXアーム,
6987,蒼穹・剣王Ｇアーム,
6988,蒼穹・剣王GFアーム,
6989,蒼穹・剣王GXアーム,
6990,白蘭・刀神アーム,
6991,白蘭・刀神Ｆアーム,
6992,白蘭・刀神FXアーム,
6993,紅霞・刀神アーム,
6994,紅霞・刀神Ｆアーム,
6995,紅霞・刀神FXアーム,
6996,白蘭・刀神Ｇアーム,
6997,白蘭・刀神GFアーム,
6998,白蘭・刀神GXアーム,
6999,月夜・刀神Ｇアーム,
7000,月夜・刀神GFアーム,
7001,月夜・刀神GXアーム,
7002,紅霞・刀神Ｇアーム,
7003,紅霞・刀神GFアーム,
7004,紅霞・刀神GXアーム,
7005,蒼穹・刀神Ｇアーム,
7006,蒼穹・刀神GFアーム,
7007,蒼穹・刀神GXアーム,
7008,白蘭・鈍器獣アーム,
7009,白蘭・鈍器獣Ｆアーム,
7010,白蘭・鈍器獣FXアーム,
7011,紅霞・鈍器獣アーム,
7012,紅霞・鈍器獣Ｆアーム,
7013,紅霞・鈍器獣FXアーム,
7014,白蘭・鈍器獣Ｇアーム,
7015,白蘭・鈍器獣GFアーム,
7016,白蘭・鈍器獣GXアーム,
7017,月夜・鈍器獣Ｇアーム,
7018,月夜・鈍器獣GFアーム,
7019,月夜・鈍器獣GXアーム,
7020,紅霞・鈍器獣Ｇアーム,
7021,紅霞・鈍器獣GFアーム,
7022,紅霞・鈍器獣GXアーム,
7023,蒼穹・鈍器獣Ｇアーム,
7024,蒼穹・鈍器獣GFアーム,
7025,蒼穹・鈍器獣GXアーム,
7026,白蘭・奏帝アーム,
7027,白蘭・奏帝Ｆアーム,
7028,白蘭・奏帝FXアーム,
7029,紅霞・奏帝アーム,
7030,紅霞・奏帝Ｆアーム,
7031,紅霞・奏帝FXアーム,
7032,白蘭・奏帝Ｇアーム,
7033,白蘭・奏帝GFアーム,
7034,白蘭・奏帝GXアーム,
7035,月夜・奏帝Ｇアーム,
7036,月夜・奏帝GFアーム,
7037,月夜・奏帝GXアーム,
7038,紅霞・奏帝Ｇアーム,
7039,紅霞・奏帝GFアーム,
7040,紅霞・奏帝GXアーム,
7041,蒼穹・奏帝Ｇアーム,
7042,蒼穹・奏帝GFアーム,
7043,蒼穹・奏帝GXアーム,
7044,白蘭・天槍アーム,
7045,白蘭・天槍Ｆアーム,
7046,白蘭・天槍FXアーム,
7047,紅霞・天槍アーム,
7048,紅霞・天槍Ｆアーム,
7049,紅霞・天槍FXアーム,
7050,白蘭・天槍Ｇアーム,
7051,白蘭・天槍GFアーム,
7052,白蘭・天槍GXアーム,
7053,月夜・天槍Ｇアーム,
7054,月夜・天槍GFアーム,
7055,月夜・天槍GXアーム,
7056,紅霞・天槍Ｇアーム,
7057,紅霞・天槍GFアーム,
7058,紅霞・天槍GXアーム,
7059,蒼穹・天槍Ｇアーム,
7060,蒼穹・天槍GFアーム,
7061,蒼穹・天槍GXアーム,
7062,白蘭・砲皇アーム,
7063,白蘭・砲皇Ｆアーム,
7064,白蘭・砲皇FXアーム,
7065,紅霞・砲皇アーム,
7066,紅霞・砲皇Ｆアーム,
7067,紅霞・砲皇FXアーム,
7068,白蘭・砲皇Ｇアーム,
7069,白蘭・砲皇GFアーム,
7070,白蘭・砲皇GXアーム,
7071,月夜・砲皇Ｇアーム,
7072,月夜・砲皇GFアーム,
7073,月夜・砲皇GXアーム,
7074,紅霞・砲皇Ｇアーム,
7075,紅霞・砲皇GFアーム,
7076,紅霞・砲皇GXアーム,
7077,蒼穹・砲皇Ｇアーム,
7078,蒼穹・砲皇GFアーム,
7079,蒼穹・砲皇GXアーム,
7080,白蘭・穿凰アーム,
7081,白蘭・穿凰Ｆアーム,
7082,白蘭・穿凰FXアーム,
7083,紅霞・穿凰アーム,
7084,紅霞・穿凰Ｆアーム,
7085,紅霞・穿凰FXアーム,
7086,白蘭・穿凰Ｇアーム,
7087,白蘭・穿凰GFアーム,
7088,白蘭・穿凰GXアーム,
7089,月夜・穿凰Ｇアーム,
7090,月夜・穿凰GFアーム,
7091,月夜・穿凰GXアーム,
7092,紅霞・穿凰Ｇアーム,
7093,紅霞・穿凰GFアーム,
7094,紅霞・穿凰GXアーム,
7095,蒼穹・穿凰Ｇアーム,
7096,蒼穹・穿凰GFアーム,
7097,蒼穹・穿凰GXアーム,
7098,白蘭・銃仙ガード,
7099,白蘭・銃仙Ｆガード,
7100,白蘭・銃仙FXガード,
7101,紅霞・銃仙ガード,
7102,紅霞・銃仙Ｆガード,
7103,紅霞・銃仙FXガード,
7104,白蘭・銃仙Ｇガード,
7105,白蘭・銃仙GFガード,
7106,白蘭・銃仙GXガード,
7107,月夜・銃仙Ｇガード,
7108,月夜・銃仙GFガード,
7109,月夜・銃仙GXガード,
7110,紅霞・銃仙Ｇガード,
7111,紅霞・銃仙GFガード,
7112,紅霞・銃仙GXガード,
7113,蒼穹・銃仙Ｇガード,
7114,蒼穹・銃仙GFガード,
7115,蒼穹・銃仙GXガード,
7116,白蘭・銃傑ガード,
7117,白蘭・銃傑Ｆガード,
7118,白蘭・銃傑FXガード,
7119,紅霞・銃傑ガード,
7120,紅霞・銃傑Ｆガード,
7121,紅霞・銃傑FXガード,
7122,白蘭・銃傑Ｇガード,
7123,白蘭・銃傑GFガード,
7124,白蘭・銃傑GXガード,
7125,月夜・銃傑Ｇガード,
7126,月夜・銃傑GFガード,
7127,月夜・銃傑GXガード,
7128,紅霞・銃傑Ｇガード,
7129,紅霞・銃傑GFガード,
7130,紅霞・銃傑GXガード,
7131,蒼穹・銃傑Ｇガード,
7132,蒼穹・銃傑GFガード,
7133,蒼穹・銃傑GXガード,
7134,白蘭・弓鬼ガード,
7135,白蘭・弓鬼Ｆガード,
7136,白蘭・弓鬼FXガード,
7137,紅霞・弓鬼ガード,
7138,紅霞・弓鬼Ｆガード,
7139,紅霞・弓鬼FXガード,
7140,白蘭・弓鬼Ｇガード,
7141,白蘭・弓鬼GFガード,
7142,白蘭・弓鬼GXガード,
7143,月夜・弓鬼Ｇガード,
7144,月夜・弓鬼GFガード,
7145,月夜・弓鬼GXガード,
7146,紅霞・弓鬼Ｇガード,
7147,紅霞・弓鬼GFガード,
7148,紅霞・弓鬼GXガード,
7149,蒼穹・弓鬼Ｇガード,
7150,蒼穹・弓鬼GFガード,
7151,蒼穹・弓鬼GXガード,
7152,飛天ノ篭手・白,
7153,飛天ノ篭手Ｆ・白,
7154,飛天ノ篭手FZ・白,
7155,飛天ノ篭手HS・白,
7156,飛天ノ篭手GS・白,
7157,飛天ノ篭手GP・白,
7158,飛天ノ大袖・白,
7159,飛天ノ大袖Ｆ・白,
7160,飛天ノ大袖FZ・白,
7161,飛天ノ大袖HS・白,
7162,飛天ノ大袖GS・白,
7163,飛天ノ大袖GP・白,
7164,飛天ノ篭手・赤,
7165,飛天ノ篭手Ｆ・赤,
7166,飛天ノ篭手FZ・赤,
7167,飛天ノ篭手HS・赤,
7168,飛天ノ篭手GS・赤,
7169,飛天ノ篭手GP・赤,
7170,飛天ノ大袖・赤,
7171,飛天ノ大袖Ｆ・赤,
7172,飛天ノ大袖FZ・赤,
7173,飛天ノ大袖HS・赤,
7174,飛天ノ大袖GS・赤,
7175,飛天ノ大袖GP・赤,
7176,飛天ノ篭手・茶,
7177,飛天ノ篭手Ｆ・茶,
7178,飛天ノ篭手FZ・茶,
7179,飛天ノ篭手HS・茶,
7180,飛天ノ篭手GS・茶,
7181,飛天ノ篭手GP・茶,
7182,飛天ノ大袖・茶,
7183,飛天ノ大袖Ｆ・茶,
7184,飛天ノ大袖FZ・茶,
7185,飛天ノ大袖HS・茶,
7186,飛天ノ大袖GS・茶,
7187,飛天ノ大袖GP・茶,
7188,飛天ノ篭手・青,
7189,飛天ノ篭手Ｆ・青,
7190,飛天ノ篭手FZ・青,
7191,飛天ノ篭手HS・青,
7192,飛天ノ篭手GS・青,
7193,飛天ノ篭手GP・青,
7194,飛天ノ大袖・青,
7195,飛天ノ大袖Ｆ・青,
7196,飛天ノ大袖FZ・青,
7197,飛天ノ大袖HS・青,
7198,飛天ノ大袖GS・青,
7199,飛天ノ大袖GP・青,
7200,ナーガアーム・青,Brassards Naga bleus
7201,ナーガＦアーム・青,Brassards Naga F bleus
7202,ナーガFZアーム・青,Brassards Naga FZ bleus
7203,ナーガHSアーム・青,Brassards Naga HS bleus
7204,ナーガGSアーム・青,Brassards Naga GS bleus
7205,ナーガGPアーム・青,Brassards Naga GP bleus
7206,ナーガガード・青,Gardes Naga bleues
7207,ナーガＦガード・青,Gardes Naga F bleues
7208,ナーガFZガード・青,Gardes Naga FZ bleues
7209,ナーガHSガード・青,Gardes Naga HS bleues
7210,ナーガGSガード・青,Gardes Naga GS bleues
7211,ナーガGPガード・青,Gardes Naga GP bleues
7212,ナーガアーム・赤,Brassards Naga rouges
7213,ナーガＦアーム・赤,Brassards Naga F rouges
7214,ナーガFZアーム・赤,Brassards Naga FZ rouges
7215,ナーガHSアーム・赤,Brassards Naga HS rouges
7216,ナーガGSアーム・赤,Brassards Naga GS rouges
7217,ナーガGPアーム・赤,Brassards Naga GP rouges
7218,ナーガガード・赤,Gardes Naga rouges
7219,ナーガＦガード・赤,Gardes Naga F rouges
7220,ナーガFZガード・赤,Gardes Naga FZ rouges
7221,ナーガHSガード・赤,Gardes Naga HS rouges
7222,ナーガGSガード・赤,Gardes Naga GS rouges
7223,ナーガGPガード・赤,Gardes Naga GP rouges
7224,ナーガアーム・白,Brassards Naga blancs
7225,ナーガＦアーム・白,Brassards Naga F blancs
7226,ナーガFZアーム・白,Brassards Naga FZ blancs
7227,ナーガHSアーム・白,Brassards Naga HS blancs
7228,ナーガGSアーム・白,Brassards Naga GS blancs
7229,ナーガGPアーム・白,Brassards Naga GP blancs
7230,ナーガガード・白,Gardes Naga blanches
7231,ナーガＦガード・白,Gardes Naga F blanches
7232,ナーガFZガード・白,Gardes Naga FZ blanches
7233,ナーガHSガード・白,Gardes Naga HS blanches
7234,ナーガGSガード・白,Gardes Naga GS blanches
7235,ナーガGPガード・白,Gardes Naga GP blanches
7236,ナーガアーム・黒,Brassards Naga noirs
7237,ナーガＦアーム・黒,Brassards Naga F noirs
7238,ナーガFZアーム・黒,Brassards Naga FZ noirs
7239,ナーガHSアーム・黒,Brassards Naga HS noirs
7240,ナーガGSアーム・黒,Brassards Naga GS noirs
7241,ナーガGPアーム・黒,Brassards Naga GP noirs
7242,ナーガガード・黒,Gardes Naga noires
7243,ナーガＦガード・黒,Gardes Naga F noires
7244,ナーガFZガード・黒,Gardes Naga FZ noires
7245,ナーガHSガード・黒,Gardes Naga HS noires
7246,ナーガGSガード・黒,Gardes Naga GS noires
7247,ナーガGPガード・黒,Gardes Naga GP noires
7248,曙光ノ篭手,Kote Dawnbreak
7249,曙光ノ篭手・Ｆ,
7250,曙光ノ篭手・FZ,
7251,曙光ノ篭手・HS,
7252,曙光ノ篭手・GS,
7253,曙光ノ篭手・GP,
7254,曙光ノ大袖,
7255,曙光ノ大袖・Ｆ,
7256,曙光ノ大袖・FZ,
7257,曙光ノ大袖・HS,
7258,曙光ノ大袖・GS,
7259,曙光ノ大袖・GP,
7260,ズィベイファオスト,
7261,ズィベイＦファオスト,
7262,ズィベイFZファオスト,
7263,ズィベイHSファオスト,
7264,ズィベイGSファオスト,
7265,ズィベイGPファオスト,
7266,ズィベイベギアデ,
7267,ズィベイＦベギアデ,
7268,ズィベイFZベギアデ,
7269,ズィベイHSベギアデ,
7270,ズィベイGSベギアデ,
7271,ズィベイGPベギアデ,
7272,オユンアーム・青,Brassards Oyun bleus
7273,オユンＦアーム・青,Brassards Oyun F bleus
7274,オユンFZアーム・青,Brassards Oyun FZ bleus
7275,オユンHSアーム・青,Brassards Oyun HS bleus
7276,オユンGSアーム・青,Brassards Oyun GS bleus
7277,オユンGPアーム・青,Brassards Oyun GP bleus
7278,オユンガード・青,Gardes Oyun bleues
7279,オユンＦガード・青,Gardes Oyun F bleues
7280,オユンFZガード・青,Gardes Oyun FZ bleues
7281,オユンHSガード・青,Gardes Oyun HS bleues
7282,オユンGSガード・青,Gardes Oyun GS bleues
7283,オユンGPガード・青,Gardes Oyun GP bleues
7284,オユンアーム・赤,Brassards Oyun rouges
7285,オユンＦアーム・赤,Brassards Oyun F rouges
7286,オユンFZアーム・赤,Brassards Oyun FZ rouges
7287,オユンHSアーム・赤,Brassards Oyun HS rouges
7288,オユンGSアーム・赤,Brassards Oyun GS rouges
7289,オユンGPアーム・赤,Brassards Oyun GP rouges
7290,オユンガード・赤,Gardes Oyun rouges
7291,オユンＦガード・赤,Gardes Oyun F rouges
7292,オユンFZガード・赤,Gardes Oyun FZ rouges
7293,オユンHSガード・赤,Gardes Oyun HS rouges
7294,オユンGSガード・赤,Gardes Oyun GS rouges
7295,オユンGPガード・赤,Gardes Oyun GP rouges
7296,オユンアーム・黒,Brassards Oyun noirs
7297,オユンＦアーム・黒,Brassards Oyun F noirs
7298,オユンFZアーム・黒,Brassards Oyun FZ noirs
7299,オユンHSアーム・黒,Brassards Oyun HS noirs
7300,オユンGSアーム・黒,Brassards Oyun GS noirs
7301,オユンGPアーム・黒,Brassards Oyun GP noirs
7302,オユンガード・黒,Gardes Oyun noires
7303,オユンＦガード・黒,Gardes Oyun F noires
7304,オユンFZガード・黒,Gardes Oyun FZ noires
7305,オユンHSガード・黒,Gardes Oyun HS noires
7306,オユンGSガード・黒,Gardes Oyun GS noires
7307,オユンGPガード・黒,Gardes Oyun GP noires
7308,オユンアーム・白,Brassards Oyun blancs
7309,オユンＦアーム・白,Brassards Oyun F blancs
7310,オユンFZアーム・白,Brassards Oyun FZ blancs
7311,オユンHSアーム・白,Brassards Oyun HS blancs
7312,オユンGSアーム・白,Brassards Oyun GS blancs
7313,オユンGPアーム・白,Brassards Oyun GP blancs
7314,オユンガード・白,Gardes Oyun blanches
7315,オユンＦガード・白,Gardes Oyun F blanches
7316,オユンFZガード・白,Gardes Oyun FZ blanches
7317,オユンHSガード・白,Gardes Oyun HS blanches
7318,オユンGSガード・白,Gardes Oyun GS blanches
7319,オユンGPガード・白,Gardes Oyun GP blanches
7320,アッシュアーム・赤,Brassards Cendre rouges
7321,アッシュＦアーム・赤,Brassards Cendre F rouges
7322,アッシュFZアーム・赤,Brassards Cendre FZ rouges
7323,アッシュHSアーム・赤,Brassards Cendre HS rouges
7324,アッシュGSアーム・赤,Brassards Cendre GS rouges
7325,アッシュGPアーム・赤,Brassards Cendre GP rouges
7326,アッシュガード・赤,Gardes Cendre rouges
7327,アッシュＦガード・赤,Gardes Cendre F rouges
7328,アッシュFZガード・赤,Gardes Cendre FZ rouges
7329,アッシュHSガード・赤,Gardes Cendre HS rouges
7330,アッシュGSガード・赤,Gardes Cendre GS rouges
7331,アッシュGPガード・赤,Gardes Cendre GP rouges
7332,アッシュアーム・青,Brassards Cendre bleus
7333,アッシュＦアーム・青,Brassards Cendre F bleus
7334,アッシュFZアーム・青,Brassards Cendre FZ bleus
7335,アッシュHSアーム・青,Brassards Cendre HS bleus
7336,アッシュGSアーム・青,Brassards Cendre GS bleus
7337,アッシュGPアーム・青,Brassards Cendre GP bleus
7338,アッシュガード・青,Gardes Cendre bleues
7339,アッシュＦガード・青,Gardes Cendre F bleues
7340,アッシュFZガード・青,Gardes Cendre FZ bleues
7341,アッシュHSガード・青,Gardes Cendre HS bleues
7342,アッシュGSガード・青,Gardes Cendre GS bleues
7343,アッシュGPガード・青,Gardes Cendre GP bleues
7344,アッシュアーム・白,Brassards Cendre blancs
7345,アッシュＦアーム・白,Brassards Cendre F blancs
7346,アッシュFZアーム・白,Brassards Cendre FZ blancs
7347,アッシュHSアーム・白,Brassards Cendre HS blancs
7348,アッシュGSアーム・白,Brassards Cendre GS blancs
7349,アッシュGPアーム・白,Brassards Cendre GP blancs
7350,アッシュガード・白,Gardes Cendre blanches
7351,アッシュＦガード・白,Gardes Cendre F blanches
7352,アッシュFZガード・白,Gardes Cendre FZ blanches
7353,アッシュHSガード・白,Gardes Cendre HS blanches
7354,アッシュGSガード・白,Gardes Cendre GS blanches
7355,アッシュGPガード・白,Gardes Cendre GP blanches
7356,アッシュアーム・黒,Brassards Cendre noirs
7357,アッシュＦアーム・黒,Brassards Cendre F noirs
7358,アッシュFZアーム・黒,Brassards Cendre FZ noirs
7359,アッシュHSアーム・黒,Brassards Cendre HS noirs
7360,アッシュGSアーム・黒,Brassards Cendre GS noirs
7361,アッシュGPアーム・黒,Brassards Cendre GP noirs
7362,アッシュガード・黒,Gardes Cendre noires
7363,アッシュＦガード・黒,Gardes Cendre F noires
7364,アッシュFZガード・黒,Gardes Cendre FZ noires
7365,アッシュHSガード・黒,Gardes Cendre HS noires
7366,アッシュGSガード・黒,Gardes Cendre GS noires
7367,アッシュGPガード・黒,Gardes Cendre GP noires
7368,ピスティスGPアーム,Brassards Pistis GP
7369,ピスティスGPガード,Gardes Pistis GP
7370,ブリンクHSアーム,
7371,ブリンクGSアーム,
7372,ブリンクGPアーム,
7373,ブリンクHSガード,
7374,ブリンクGSガード,
7375,ブリンクGPガード,
7376,オービスGPパンチ,
7377,オービスGPハンド,
7378,ロットGPパンチ,
7379,ロットGPハンド,
7380,アージェHSアーム,Brassards Arge HS
7381,アージェGSアーム,Brassards Arge GS
7382,アージェGPアーム,Brassards Arge GP
7383,アージェHSガード,Gardes Arge HS
7384,アージェGSガード,Gardes Arge GS
7385,アージェGPガード,Gardes Arge GP
7386,カマレラHSアーム,Brassards Camarera HS
7387,カマレラGSアーム,Brassards Camarera GS
7388,カマレラGPアーム,Brassards Camarera GP
7389,カマレラHSガード,Gardes Camarera HS
7390,カマレラGSガード,Gardes Camarera GS
7391,カマレラGPガード,Gardes Camarera GP
7392,メテネラHSアーム,Brassards Metenera HS
7393,メテネラGSアーム,Brassards Metenera GS
7394,メテネラGPアーム,Brassards Metenera GP
7395,メテネラHSガード,Gardes Metenera HS
7396,メテネラGSガード,Gardes Metenera GS
7397,メテネラGPガード,Gardes Metenera GP
7398,アビットHSアーム,Brassards Abitto HS
7399,アビットGSアーム,Brassards Abitto GS
7400,アビットGPアーム,Brassards Abitto GP
7401,アビットHSガード,Gardes Abitto HS
7402,アビットGSガード,Gardes Abitto GS
7403,アビットGPガード,Gardes Abitto GP
7404,リブリーHSアーム,Brassards Riburi HS
7405,リブリーGSアーム,Brassards Riburi GS
7406,リブリーGPアーム,Brassards Riburi GP
7407,リブリーHSガード,Gardes Riburi HS
7408,リブリーGSガード,Gardes Riburi GS
7409,リブリーGPガード,Gardes Riburi GP
7410,ジェスＧアーム,Brassards Jess G
7411,ジェスGFアーム,Brassards Jess GF
7412,ジェスGXアーム,Brassards Jess GX
7413,ジェスＧガード,Gardes Jess G
7414,ジェスGFガード,Gardes Jess GF
7415,ジェスGXガード,Gardes Jess GX
7416,タングスＧアーム,Brassards Tangusu G
7417,タングスGFアーム,Brassards Tangusu GF
7418,タングスGXアーム,Brassards Tangusu GX
7419,コバルタＧガード,Gardes Kobaruta G
7420,コバルタGFガード,Gardes Kobaruta GF
7421,コバルタGXガード,Gardes Kobaruta GX
7422,ブレオＧアーム,Brassards Breo G
7423,ブレオGFアーム,Brassards Breo GF
7424,ブレオGXアーム,Brassards Breo GX
7425,ハロキュアーム,Brassards Harokyu
7426,ハロキュＦアーム,Brassards Harokyu F
7427,ハロキュFYアーム,Brassards Harokyu FY
7428,ハロキュHSアーム,Brassards Harokyu HS
7429,ハロキュＧアーム,Brassards Harokyu G
7430,ハロキュGFアーム,Brassards Harokyu GF
7431,ハロキュGXアーム,Brassards Harokyu GX
7432,ブルックグローブ,
7433,ブルックＦグローブ,
7434,ブルックFYグローブ,
7435,ブルックHSグローブ,
7436,ブルックＧグローブ,
7437,ブルックGFグローブ,
7438,ブルックGXグローブ,
7439,ブルックミトン,
7440,ブルックＦミトン,
7441,ブルックFYミトン,
7442,ブルックHSミトン,
7443,ブルックＧミトン,
7444,ブルックGFミトン,
7445,ブルックGXミトン,
7446,淡桜【袖】,
7447,淡桜Ｆ【袖】,
7448,淡桜FY【袖】,
7449,淡桜HS【袖】,
7450,淡桜Ｇ【袖】,
7451,淡桜GF【袖】,
7452,淡桜GX【袖】,
7453,桜雲【袖】,
7454,桜雲Ｆ【袖】,
7455,桜雲FY【袖】,
7456,桜雲HS【袖】,
7457,桜雲Ｇ【袖】,
7458,桜雲GF【袖】,
7459,桜雲GX【袖】,
7460,キニオルアーム,Brassards Kinioru
7461,キニオルＦアーム,Brassards Kinioru F
7462,キニオルFYアーム,Brassards Kinioru FY
7463,キニオルHSアーム,Brassards Kinioru HS
7464,キニオルＧアーム,Brassards Kinioru G
7465,キニオルGFアーム,Brassards Kinioru GF
7466,キニオルGXアーム,Brassards Kinioru GX
7467,キニオルガード,Gardes Kinioru
7468,キニオルＦガード,Gardes Kinioru F
7469,キニオルFYガード,Gardes Kinioru FY
7470,キニオルHSガード,Gardes Kinioru HS
7471,キニオルＧガード,Gardes Kinioru G
7472,キニオルGFガード,Gardes Kinioru GF
7473,キニオルGXガード,Gardes Kinioru GX
7474,カイオルアーム,Brassards Kaioru
7475,カイオルＦアーム,Brassards Kaioru F
7476,カイオルFYアーム,Brassards Kaioru FY
7477,カイオルHSアーム,Brassards Kaioru HS
7478,カイオルＧアーム,Brassards Kaioru G
7479,カイオルGFアーム,Brassards Kaioru GF
7480,カイオルGXアーム,Brassards Kaioru GX
7481,カイオルガード,Gardes Kaioru
7482,カイオルＦガード,Gardes Kaioru F
7483,カイオルFYガード,Gardes Kaioru FY
7484,カイオルHSガード,Gardes Kaioru HS
7485,カイオルＧガード,Gardes Kaioru G
7486,カイオルGFガード,Gardes Kaioru GF
7487,カイオルGXガード,Gardes Kaioru GX
7488,ユーリスアーム,Brassards Yurisu
7489,ユーリスＦアーム,Brassards Yurisu F
7490,ユーリスFYアーム,Brassards Yurisu FY
7491,ユーリスHSアーム,Brassards Yurisu HS
7492,ユーリスＧアーム,Brassards Yurisu G
7493,ユーリスGFアーム,Brassards Yurisu GF
7494,ユーリスGXアーム,Brassards Yurisu GX
7495,ユーリスガード,Gardes Yurisu
7496,ユーリスＦガード,Gardes Yurisu F
7497,ユーリスFYガード,Gardes Yurisu FY
7498,ユーリスHSガード,Gardes Yurisu HS
7499,ユーリスＧガード,Gardes Yurisu G
7500,ユーリスGFガード,Gardes Yurisu GF
7501,ユーリスGXガード,Gardes Yurisu GX
7502,デゾルトアーム,Brassards Desordre
7503,デゾルトＦアーム,Brassards Desordre F
7504,デゾルトFYアーム,Brassards Desordre FY
7505,デゾルトHSアーム,Brassards Desordre HS
7506,デゾルトＧアーム,Brassards Desordre G
7507,デゾルトGFアーム,Brassards Desordre GF
7508,デゾルトGXアーム,Brassards Desordre GX
7509,デゾルトガード,Gardes Desordre
7510,デゾルトＦガード,Gardes Desordre F
7511,デゾルトFYガード,Gardes Desordre FY
7512,デゾルトHSガード,Gardes Desordre HS
7513,デゾルトＧガード,Gardes Desordre G
7514,デゾルトGFガード,Gardes Desordre GF
7515,デゾルトGXガード,Gardes Desordre GX
7516,カーマインアーム黒,Brassards Carmin noirs
7517,カーマインＦアーム黒,Brassards Carmin F noirs
7518,カーマインFZアーム黒,Brassards Carmin FZ noirs
7519,カーマインHSアーム黒,Brassards Carmin HS noirs
7520,カーマインGSアーム黒,Brassards Carmin GS noirs
7521,カーマインGPアーム黒,Brassards Carmin GP noirs
7522,カーマインガード黒,Gardes Carmin noires
7523,カーマインＦガード黒,Gardes Carmin F noires
7524,カーマインFZガード黒,Gardes Carmin FZ noires
7525,カーマインHSガード黒,Gardes Carmin HS noires
7526,カーマインGSガード黒,Gardes Carmin GS noires
7527,カーマインGPガード黒,Gardes Carmin GP noires
7528,カーマインアーム青,Brassards Carmin bleus
7529,カーマインＦアーム青,Brassards Carmin F bleus
7530,カーマインFZアーム青,Brassards Carmin FZ bleus
7531,カーマインHSアーム青,Brassards Carmin HS bleus
7532,カーマインGSアーム青,Brassards Carmin GS bleus
7533,カーマインGPアーム青,Brassards Carmin GP bleus
7534,カーマインガード青,Gardes Carmin bleues
7535,カーマインＦガード青,Gardes Carmin F bleues
7536,カーマインFZガード青,Gardes Carmin FZ bleues
7537,カーマインHSガード青,Gardes Carmin HS bleues
7538,カーマインGSガード青,Gardes Carmin GS bleues
7539,カーマインGPガード青,Gardes Carmin GP bleues
7540,カーマインアーム紫,Brassards Carmin violets
7541,カーマインＦアーム紫,Brassards Carmin F violets
7542,カーマインFZアーム紫,Brassards Carmin FZ violets
7543,カーマインHSアーム紫,Brassards Carmin HS violets
7544,カーマインGSアーム紫,Brassards Carmin GS violets
7545,カーマインGPアーム紫,Brassards Carmin GP violets
7546,カーマインガード紫,Gardes Carmin violettes
7547,カーマインＦガード紫,Gardes Carmin F violettes
7548,カーマインFZガード紫,Gardes Carmin FZ violettes
7549,カーマインHSガード紫,Gardes Carmin HS violettes
7550,カーマインGSガード紫,Gardes Carmin GS violettes
7551,カーマインGPガード紫,Gardes Carmin GP violettes
7552,カーマインアーム白,Brassards Carmin blancs
7553,カーマインＦアーム白,Brassards Carmin F blancs
7554,カーマインFZアーム白,Brassards Carmin FZ blancs
7555,カーマインHSアーム白,Brassards Carmin HS blancs
7556,カーマインGSアーム白,Brassards Carmin GS blancs
7557,カーマインGPアーム白,Brassards Carmin GP blancs
7558,カーマインガード白,Gardes Carmin blanches
7559,カーマインＦガード白,Gardes Carmin F blanches
7560,カーマインFZガード白,Gardes Carmin FZ blanches
7561,カーマインHSガード白,Gardes Carmin HS blanches
7562,カーマインGSガード白,Gardes Carmin GS blanches
7563,カーマインGPガード白,Gardes Carmin GP blanches
7564,リュウアーム・赤,Brassards Ryu rouges
7565,リュウＦアーム・赤,Brassards Ryu F rouges
7566,リュウFZアーム・赤,Brassards Ryu FZ rouges
7567,リュウHSアーム・赤,Brassards Ryu HS rouges
7568,リュウGSアーム・赤,Brassards Ryu GS rouges
7569,リュウGPアーム・赤,Brassards Ryu GP rouges
7570,リュウガード・赤,Gardes Ryu rouges
7571,リュウＦガード・赤,Gardes Ryu F rouges
7572,リュウFZガード・赤,Gardes Ryu FZ rouges
7573,リュウHSガード・赤,Gardes Ryu HS rouges
7574,リュウGSガード・赤,Gardes Ryu GS rouges
7575,リュウGPガード・赤,Gardes Ryu GP rouges
7576,リュウアーム・青,Brassards Ryu bleus
7577,リュウＦアーム・青,Brassards Ryu F bleus
7578,リュウFZアーム・青,Brassards Ryu FZ bleus
7579,リュウHSアーム・青,Brassards Ryu HS bleus
7580,リュウGSアーム・青,Brassards Ryu GS bleus
7581,リュウGPアーム・青,Brassards Ryu GP bleus
7582,リュウガード・青,Gardes Ryu bleues
7583,リュウＦガード・青,Gardes Ryu F bleues
7584,リュウFZガード・青,Gardes Ryu FZ bleues
7585,リュウHSガード・青,Gardes Ryu HS bleues
7586,リュウGSガード・青,Gardes Ryu GS bleues
7587,リュウGPガード・青,Gardes Ryu GP bleues
7588,リュウアーム・橙,Brassards Ryu orange
7589,リュウＦアーム・橙,Brassards Ryu F orange
7590,リュウFZアーム・橙,Brassards Ryu FZ orange
7591,リュウHSアーム・橙,Brassards Ryu HS orange
7592,リュウGSアーム・橙,Brassards Ryu GS orange
7593,リュウGPアーム・橙,Brassards Ryu GP orange
7594,リュウガード・橙,Gardes Ryu orange
7595,リュウＦガード・橙,Gardes Ryu F orange
7596,リュウFZガード・橙,Gardes Ryu FZ orange
7597,リュウHSガード・橙,Gardes Ryu HS orange
7598,リュウGSガード・橙,Gardes Ryu GS orange
7599,リュウGPガード・橙,Gardes Ryu GP orange
7600,リュウアーム・黄,Brassards Ryu jaunes
7601,リュウＦアーム・黄,Brassards Ryu F jaunes
7602,リュウFZアーム・黄,Brassards Ryu FZ jaunes
7603,リュウHSアーム・黄,Brassards Ryu HS jaunes
7604,リュウGSアーム・黄,Brassards Ryu GS jaunes
7605,リュウGPアーム・黄,Brassards Ryu GP jaunes
7606,リュウガード・黄,Gardes Ryu jaunes
7607,リュウＦガード・黄,Gardes Ryu F jaunes
7608,リュウFZガード・黄,Gardes Ryu FZ jaunes
7609,リュウHSガード・黄,Gardes Ryu HS jaunes
7610,リュウGSガード・黄,Gardes Ryu GS jaunes
7611,リュウGPガード・黄,Gardes Ryu GP jaunes
7612,キャリッジアーム,Brassards Carrosse
7613,キャリッジＦアーム,Brassards Carrosse F
7614,キャリッジFZアーム,Brassards Carrosse FZ
7615,キャリッジHSアーム,Brassards Carrosse HS
7616,キャリッジGSアーム,Brassards Carrosse GS
7617,キャリッジGPアーム,Brassards Carrosse GP
7618,マーブルアーム,Brassards Marbre
7619,マーブルＦアーム,Brassards Marbre F
7620,マーブルFZアーム,Brassards Marbre FZ
7621,マーブルHSアーム,Brassards Marbre HS
7622,マーブルGSアーム,Brassards Marbre GS
7623,マーブルGPアーム,Brassards Marbre GP
7624,シャンディアーム,
7625,シャンディＦアーム,
7626,シャンディFZアーム,
7627,シャンディHSアーム,
7628,シャンディGSアーム,
7629,シャンディGPアーム,
7630,シャンディガード,
7631,シャンディＦガード,
7632,シャンディFZガード,
7633,シャンディHSガード,
7634,シャンディGSガード,
7635,シャンディGPガード,
7636,バンケットアーム,
7637,バンケットＦアーム,
7638,バンケットFZアーム,
7639,バンケットHSアーム,
7640,バンケットGSアーム,
7641,バンケットGPアーム,
7642,ヴェランアーム,
7643,ヴェランＦアーム,
7644,ヴェランFZアーム,
7645,ヴェランHSアーム,
7646,ヴェランGSアーム,
7647,ヴェランGPアーム,
7648,ランデグアーム,
7649,ランデグＦアーム,
7650,ランデグFZアーム,
7651,ランデグHSアーム,
7652,ランデグGSアーム,
7653,ランデグGPアーム,
7654,ランデグガード,
7655,ランデグＦガード,
7656,ランデグFZガード,
7657,ランデグHSガード,
7658,ランデグGSガード,
7659,ランデグGPガード,
7660,エンドレアーム,Brassards Endre
7661,エンドレＦアーム,Brassards Endre F
7662,エンドレFZアーム,Brassards Endre FZ
7663,エンドレHSアーム,Brassards Endre HS
7664,エンドレGSアーム,Brassards Endre GS
7665,エンドレGPアーム,Brassards Endre GP
7666,エンドレガード,Gardes Endre
7667,エンドレＦガード,Gardes Endre F
7668,エンドレFZガード,Gardes Endre FZ
7669,エンドレHSガード,Gardes Endre HS
7670,エンドレGSガード,Gardes Endre GS
7671,エンドレGPガード,Gardes Endre GP
7672,サジタリオアーム赤,Brassards Sagittaire rouges
7673,サジタリオＦアーム赤,Brassards Sagittaire F rouges
7674,サジタリオFZアーム赤,Brassards Sagittaire FZ rouges
7675,サジタリオHSアーム赤,Brassards Sagittaire HS rouges
7676,サジタリオGSアーム赤,Brassards Sagittaire GS rouges
7677,サジタリオGPアーム赤,Brassards Sagittaire GP rouges
7678,サジタリオガード赤,Gardes Sagittaire rouges
7679,サジタリオＦガード赤,Gardes Sagittaire F rouges
7680,サジタリオFZガード赤,Gardes Sagittaire FZ rouges
7681,サジタリオHSガード赤,Gardes Sagittaire HS rouges
7682,サジタリオGSガード赤,Gardes Sagittaire GS rouges
7683,サジタリオGPガード赤,Gardes Sagittaire GP rouges
7684,サジタリオアーム青,Brassards Sagittaire bleus
7685,サジタリオＦアーム青,Brassards Sagittaire F bleus
7686,サジタリオFZアーム青,Brassards Sagittaire FZ bleus
7687,サジタリオHSアーム青,Brassards Sagittaire HS bleus
7688,サジタリオGSアーム青,Brassards Sagittaire GS bleus
7689,サジタリオGPアーム青,Brassards Sagittaire GP bleus
7690,サジタリオガード青,Gardes Sagittaire bleues
7691,サジタリオＦガード青,Gardes Sagittaire F bleues
7692,サジタリオFZガード青,Gardes Sagittaire FZ bleues
7693,サジタリオHSガード青,Gardes Sagittaire HS bleues
7694,サジタリオGSガード青,Gardes Sagittaire GS bleues
7695,サジタリオGPガード青,Gardes Sagittaire GP bleues
7696,サジタリオアーム紫,Brassards Sagittaire violets
7697,サジタリオＦアーム紫,Brassards Sagittaire F violets
7698,サジタリオFZアーム紫,Brassards Sagittaire FZ violets
7699,サジタリオHSアーム紫,Brassards Sagittaire HS violets
7700,サジタリオGSアーム紫,Brassards Sagittaire GS violets
7701,サジタリオGPアーム紫,Brassards Sagittaire GP violets
7702,サジタリオガード紫,Gardes Sagittaire violettes
7703,サジタリオＦガード紫,Gardes Sagittaire F violettes
7704,サジタリオFZガード紫,Gardes Sagittaire FZ violettes
7705,サジタリオHSガード紫,Gardes Sagittaire HS violettes
7706,サジタリオGSガード紫,Gardes Sagittaire GS violettes
7707,サジタリオGPガード紫,Gardes Sagittaire GP violettes
7708,サジタリオアーム緑,Brassards Sagittaire verts
7709,サジタリオＦアーム緑,Brassards Sagittaire F verts
7710,サジタリオFZアーム緑,Brassards Sagittaire FZ verts
7711,サジタリオHSアーム緑,Brassards Sagittaire HS verts
7712,サジタリオGSアーム緑,Brassards Sagittaire GS verts
7713,サジタリオGPアーム緑,Brassards Sagittaire GP verts
7714,サジタリオガード緑,Gardes Sagittaire vertes
7715,サジタリオＦガード緑,Gardes Sagittaire F vertes
7716,サジタリオFZガード緑,Gardes Sagittaire FZ vertes
7717,サジタリオHSガード緑,Gardes Sagittaire HS vertes
7718,サジタリオGSガード緑,Gardes Sagittaire GS vertes
7719,サジタリオGPガード緑,Gardes Sagittaire GP vertes
7720,ニーナアーム・赤,Brassards Nina rouges
7721,ニーナＦアーム・赤,Brassards Nina F rouges
7722,ニーナFZアーム・赤,Brassards Nina FZ rouges
7723,ニーナHSアーム・赤,Brassards Nina HS rouges
7724,ニーナGSアーム・赤,Brassards Nina GS rouges
7725,ニーナGPアーム・赤,Brassards Nina GP rouges
7726,ニーナガード・赤,Gardes Nina rouges
7727,ニーナＦガード・赤,Gardes Nina F rouges
7728,ニーナFZガード・赤,Gardes Nina FZ rouges
7729,ニーナHSガード・赤,Gardes Nina HS rouges
7730,ニーナGSガード・赤,Gardes Nina GS rouges
7731,ニーナGPガード・赤,Gardes Nina GP rouges
7732,ニーナアーム・緑,Brassards Nina verts
7733,ニーナＦアーム・緑,Brassards Nina F verts
7734,ニーナFZアーム・緑,Brassards Nina FZ verts
7735,ニーナHSアーム・緑,Brassards Nina HS verts
7736,ニーナGSアーム・緑,Brassards Nina GS verts
7737,ニーナGPアーム・緑,Brassards Nina GP verts
7738,ニーナガード・緑,Gardes Nina vertes
7739,ニーナＦガード・緑,Gardes Nina F vertes
7740,ニーナFZガード・緑,Gardes Nina FZ vertes
7741,ニーナHSガード・緑,Gardes Nina HS vertes
7742,ニーナGSガード・緑,Gardes Nina GS vertes
7743,ニーナGPガード・緑,Gardes Nina GP vertes
7744,ニーナアーム・桃,Brassards Nina roses
7745,ニーナＦアーム・桃,Brassards Nina F roses
7746,ニーナFZアーム・桃,Brassards Nina FZ roses
7747,ニーナHSアーム・桃,Brassards Nina HS roses
7748,ニーナGSアーム・桃,Brassards Nina GS roses
7749,ニーナGPアーム・桃,Brassards Nina GP roses
7750,ニーナガード・桃,Gardes Nina roses
7751,ニーナＦガード・桃,Gardes Nina F roses
7752,ニーナFZガード・桃,Gardes Nina FZ roses
7753,ニーナHSガード・桃,Gardes Nina HS roses
7754,ニーナGSガード・桃,Gardes Nina GS roses
7755,ニーナGPガード・桃,Gardes Nina GP roses
7756,ニーナアーム・青,Brassards Nina bleus
7757,ニーナＦアーム・青,Brassards Nina F bleus
7758,ニーナFZアーム・青,Brassards Nina FZ bleus
7759,ニーナHSアーム・青,Brassards Nina HS bleus
7760,ニーナGSアーム・青,Brassards Nina GS bleus
7761,ニーナGPアーム・青,Brassards Nina GP bleus
7762,ニーナガード・青,Gardes Nina bleues
7763,ニーナＦガード・青,Gardes Nina F bleues
7764,ニーナFZガード・青,Gardes Nina FZ bleues
7765,ニーナHSガード・青,Gardes Nina HS bleues
7766,ニーナGSガード・青,Gardes Nina GS bleues
7767,ニーナGPガード・青,Gardes Nina GP bleues
7768,ハーゼアーム,Brassards Harze
7769,ハーゼＦアーム,Brassards Harze F
7770,ハーゼFZアーム,Brassards Harze FZ
7771,ハーゼHSアーム,Brassards Harze HS
7772,ハーゼGSアーム,Brassards Harze GS
7773,ハーゼGPアーム,Brassards Harze GP
7774,ハーゼガード,Gardes Harze
7775,ハーゼＦガード,Gardes Harze F
7776,ハーゼFZガード,Gardes Harze FZ
7777,ハーゼHSガード,Gardes Harze HS
7778,ハーゼGSガード,Gardes Harze GS
7779,ハーゼGPガード,Gardes Harze GP
7780,クアルＧアーム,Brassards Kuaru G
7781,クアルGFアーム,Brassards Kuaru GF
7782,クアルGXアーム,Brassards Kuaru GX
7783,クアルＧガード,Gardes Kuaru G
7784,クアルGFガード,Gardes Kuaru GF
7785,クアルGXガード,Gardes Kuaru GX
7786,エンプレスＧアーム,Brassards Impératrice G
7787,エンプレスGFアーム,Brassards Impératrice GF
7788,エンプレスGXアーム,Brassards Impératrice GX
7789,エンプレスＧガード,Gardes Impératrice G
7790,エンプレスGFガード,Gardes Impératrice GF
7791,エンプレスGXガード,Gardes Impératrice GX
7792,創音奏Ｇ【手袋】,
7793,創音奏GF【手袋】,
7794,創音奏GX【手袋】,
7795,音紡奏Ｇ【手袋】,
7796,音紡奏GF【手袋】,
7797,音紡奏GX【手袋】,
7798,ポボルムアーム,Brassards Pobo
7799,ポボルムＦアーム,Brassards Pobo F
7800,ポボルムFXアーム,Brassards Pobo FX
7801,ポボルムＧアーム,Brassards Pobo G
7802,ポボルムGFアーム,Brassards Pobo GF
7803,ポボルムガード,Gardes Pobo
7804,ポボルムＦガード,Gardes Pobo F
7805,ポボルムFXガード,Gardes Pobo FX
7806,ポボルムＧガード,Gardes Pobo G
7807,ポボルムGFガード,Gardes Pobo GF
7808,リオソウルＧアーム,Brassards Rath G
7809,リオソウルGFアーム,Brassards Rath GF
7810,リオソウルGXアーム,Brassards Rath GX
7811,リオソウルＧガード,Gardes Rath G
7812,リオソウルGFガード,Gardes Rath GF
7813,リオソウルGXガード,Gardes Rath GX
7814,リオハートＧアーム,Brassards Rath G
7815,リオハートGFアーム,Brassards Rath GF
7816,リオハートGXアーム,Brassards Rath GX
7817,リオハートＧガード,Gardes Rath G
7818,リオハートGFガード,Gardes Rath GF
7819,リオハートGXガード,Gardes Rath GX
7820,シャテムアーム,Brassards Shatemu
7821,シャテムＦアーム,Brassards Shatemu F
7822,シャテムFZアーム,Brassards Shatemu FZ
7823,シャテムHSアーム,Brassards Shatemu HS
7824,シャテムGSアーム,Brassards Shatemu GS
7825,シャテムGPアーム,Brassards Shatemu GP
7826,シャテムガード,Gardes Shatemu
7827,シャテムＦガード,Gardes Shatemu F
7828,シャテムFZガード,Gardes Shatemu FZ
7829,シャテムHSガード,Gardes Shatemu HS
7830,シャテムGSガード,Gardes Shatemu GS
7831,シャテムGPガード,Gardes Shatemu GP
7832,ヘヴリアアーム,Brassards Hevria
7833,ヘヴリアＦアーム,Brassards Hevria F
7834,ヘヴリアFZアーム,Brassards Hevria FZ
7835,ヘヴリアHSアーム,Brassards Hevria HS
7836,ヘヴリアGSアーム,Brassards Hevria GS
7837,ヘヴリアGPアーム,Brassards Hevria GP
7838,ヘヴリアガード,Gardes Hevria
7839,ヘヴリアＦガード,Gardes Hevria F
7840,ヘヴリアFZガード,Gardes Hevria FZ
7841,ヘヴリアHSガード,Gardes Hevria HS
7842,ヘヴリアGSガード,Gardes Hevria GS
7843,ヘヴリアGPガード,Gardes Hevria GP
7844,ティルルアーム,Brassards Tiuru
7845,ティルルＦアーム,Brassards Tiuru F
7846,ティルルFZアーム,Brassards Tiuru FZ
7847,ティルルHSアーム,Brassards Tiuru HS
7848,ティルルGSアーム,Brassards Tiuru GS
7849,ティルルGPアーム,Brassards Tiuru GP
7850,ティルルガード,Gardes Tiuru
7851,ティルルＦガード,Gardes Tiuru F
7852,ティルルFZガード,Gardes Tiuru FZ
7853,ティルルHSガード,Gardes Tiuru HS
7854,ティルルGSガード,Gardes Tiuru GS
7855,ティルルGPガード,Gardes Tiuru GP
7856,バンデアーム・青,Brassards Bande bleus
7857,バンデＦアーム・青,Brassards Bande F bleus
7858,バンデFZアーム・青,Brassards Bande FZ bleus
7859,バンデHSアーム・青,Brassards Bande HS bleus
7860,バンデGSアーム・青,Brassards Bande GS bleus
7861,バンデGPアーム・青,Brassards Bande GP bleus
7862,バンデガード・青,Gardes Bande bleues
7863,バンデＦガード・青,Gardes Bande F bleues
7864,バンデFZガード・青,Gardes Bande FZ bleues
7865,バンデHSガード・青,Gardes Bande HS bleues
7866,バンデGSガード・青,Gardes Bande GS bleues
7867,バンデGPガード・青,Gardes Bande GP bleues
7868,バンデアーム・赤,Brassards Bande rouges
7869,バンデＦアーム・赤,Brassards Bande F rouges
7870,バンデFZアーム・赤,Brassards Bande FZ rouges
7871,バンデHSアーム・赤,Brassards Bande HS rouges
7872,バンデGSアーム・赤,Brassards Bande GS rouges
7873,バンデGPアーム・赤,Brassards Bande GP rouges
7874,バンデガード・赤,Gardes Bande rouges
7875,バンデＦガード・赤,Gardes Bande F rouges
7876,バンデFZガード・赤,Gardes Bande FZ rouges
7877,バンデHSガード・赤,Gardes Bande HS rouges
7878,バンデGSガード・赤,Gardes Bande GS rouges
7879,バンデGPガード・赤,Gardes Bande GP rouges
7880,バンデアーム・緑,Brassards Bande verts
7881,バンデＦアーム・緑,Brassards Bande F verts
7882,バンデFZアーム・緑,Brassards Bande FZ verts
7883,バンデHSアーム・緑,Brassards Bande HS verts
7884,バンデGSアーム・緑,Brassards Bande GS verts
7885,バンデGPアーム・緑,Brassards Bande GP verts
7886,バンデガード・緑,Gardes Bande vertes
7887,バンデＦガード・緑,Gardes Bande F vertes
7888,バンデFZガード・緑,Gardes Bande FZ vertes
7889,バンデHSガード・緑,Gardes Bande HS vertes
7890,バンデGSガード・緑,Gardes Bande GS vertes
7891,バンデGPガード・緑,Gardes Bande GP vertes
7892,バンデアーム・黒,Brassards Bande noirs
7893,バンデＦアーム・黒,Brassards Bande F noirs
7894,バンデFZアーム・黒,Brassards Bande FZ noirs
7895,バンデHSアーム・黒,Brassards Bande HS noirs
7896,バンデGSアーム・黒,Brassards Bande GS noirs
7897,バンデGPアーム・黒,Brassards Bande GP noirs
7898,バンデガード・黒,Gardes Bande noires
7899,バンデＦガード・黒,Gardes Bande F noires
7900,バンデFZガード・黒,Gardes Bande FZ noires
7901,バンデHSガード・黒,Gardes Bande HS noires
7902,バンデGSガード・黒,Gardes Bande GS noires
7903,バンデGPガード・黒,Gardes Bande GP noires
7904,天日ノ篭手・赤,
7905,天日ノ篭手Ｆ・赤,
7906,天日ノ篭手FZ・赤,
7907,天日ノ篭手HS・赤,
7908,天日ノ篭手GS・赤,
7909,天日ノ篭手GP・赤,
7910,天日ノ籠手・赤,
7911,天日ノ籠手Ｆ・赤,
7912,天日ノ籠手FZ・赤,
7913,天日ノ籠手HS・赤,
7914,天日ノ籠手GS・赤,
7915,天日ノ籠手GP・赤,
7916,天日ノ篭手・青,
7917,天日ノ篭手Ｆ・青,
7918,天日ノ篭手FZ・青,
7919,天日ノ篭手HS・青,
7920,天日ノ篭手GS・青,
7921,天日ノ篭手GP・青,
7922,天日ノ籠手・青,
7923,天日ノ籠手Ｆ・青,
7924,天日ノ籠手FZ・青,
7925,天日ノ籠手HS・青,
7926,天日ノ籠手GS・青,
7927,天日ノ籠手GP・青,
7928,天日ノ篭手・黒,
7929,天日ノ篭手Ｆ・黒,
7930,天日ノ篭手FZ・黒,
7931,天日ノ篭手HS・黒,
7932,天日ノ篭手GS・黒,
7933,天日ノ篭手GP・黒,
7934,天日ノ籠手・黒,
7935,天日ノ籠手Ｆ・黒,
7936,天日ノ籠手FZ・黒,
7937,天日ノ籠手HS・黒,
7938,天日ノ籠手GS・黒,
7939,天日ノ籠手GP・黒,
7940,天日ノ篭手・白,
7941,天日ノ篭手Ｆ・白,
7942,天日ノ篭手FZ・白,
7943,天日ノ篭手HS・白,
7944,天日ノ篭手GS・白,
7945,天日ノ篭手GP・白,
7946,天日ノ籠手・白,
7947,天日ノ籠手Ｆ・白,
7948,天日ノ籠手FZ・白,
7949,天日ノ籠手HS・白,
7950,天日ノ籠手GS・白,
7951,天日ノ籠手GP・白,
7952,天日ノ袖・赤,
7953,天日ノ袖Ｆ・赤,
7954,天日ノ袖FZ・赤,
7955,天日ノ袖HS・赤,
7956,天日ノ袖GS・赤,
7957,天日ノ袖GP・赤,
7958,天日ノ小手・赤,
7959,天日ノ小手Ｆ・赤,
7960,天日ノ小手FZ・赤,
7961,天日ノ小手HS・赤,
7962,天日ノ小手GS・赤,
7963,天日ノ小手GP・赤,
7964,天日ノ袖・青,
7965,天日ノ袖Ｆ・青,
7966,天日ノ袖FZ・青,
7967,天日ノ袖HS・青,
7968,天日ノ袖GS・青,
7969,天日ノ袖GP・青,
7970,天日ノ小手・青,
7971,天日ノ小手Ｆ・青,
7972,天日ノ小手FZ・青,
7973,天日ノ小手HS・青,
7974,天日ノ小手GS・青,
7975,天日ノ小手GP・青,
7976,天日ノ袖・黒,
7977,天日ノ袖Ｆ・黒,
7978,天日ノ袖FZ・黒,
7979,天日ノ袖HS・黒,
7980,天日ノ袖GS・黒,
7981,天日ノ袖GP・黒,
7982,天日ノ小手・黒,
7983,天日ノ小手Ｆ・黒,
7984,天日ノ小手FZ・黒,
7985,天日ノ小手HS・黒,
7986,天日ノ小手GS・黒,
7987,天日ノ小手GP・黒,
7988,天日ノ袖・白,
7989,天日ノ袖Ｆ・白,
7990,天日ノ袖FZ・白,
7991,天日ノ袖HS・白,
7992,天日ノ袖GS・白,
7993,天日ノ袖GP・白,
7994,天日ノ小手・白,
7995,天日ノ小手Ｆ・白,
7996,天日ノ小手FZ・白,
7997,天日ノ小手HS・白,
7998,天日ノ小手GS・白,
7999,天日ノ小手GP・白,
8000,リュバンアーム,Brassards Ruban
8001,リュバンＦアーム,Brassards Ruban F
8002,リュバンFZアーム,Brassards Ruban FZ
8003,リュバンHSアーム,Brassards Ruban HS
8004,リュバンGSアーム,Brassards Ruban GS
8005,リュバンGPアーム,Brassards Ruban GP
8006,リュバンガード,Gardes Ruban
8007,リュバンＦガード,Gardes Ruban F
8008,リュバンFZガード,Gardes Ruban FZ
8009,リュバンHSガード,Gardes Ruban HS
8010,リュバンGSガード,Gardes Ruban GS
8011,リュバンGPガード,Gardes Ruban GP
8012,オルロジュアーム,Brassards Orloj
8013,オルロジュＦアーム,Brassards Orloj F
8014,オルロジュFZアーム,Brassards Orloj FZ
8015,オルロジュHSアーム,Brassards Orloj HS
8016,オルロジュGSアーム,Brassards Orloj GS
8017,オルロジュGPアーム,Brassards Orloj GP
8018,オルロジュガード,Gardes Orloj
8019,オルロジュＦガード,Gardes Orloj F
8020,オルロジュFZガード,Gardes Orloj FZ
8021,オルロジュHSガード,Gardes Orloj HS
8022,オルロジュGSガード,Gardes Orloj GS
8023,オルロジュGPガード,Gardes Orloj GP
8024,ラモールアーム,Brassards L'Amore
8025,ラモールＦアーム,Brassards L'Amore F
8026,ラモールFZアーム,Brassards L'Amore FZ
8027,ラモールHSアーム,Brassards L'Amore HS
8028,ラモールGSアーム,Brassards L'Amore GS
8029,ラモールGPアーム,Brassards L'Amore GP
8030,ラモールガード,Gardes L'Amore
8031,ラモールＦガード,Gardes L'Amore F
8032,ラモールFZガード,Gardes L'Amore FZ
8033,ラモールHSガード,Gardes L'Amore HS
8034,ラモールGSガード,Gardes L'Amore GS
8035,ラモールGPガード,Gardes L'Amore GP
8036,ドルチェアーム,Brassards Dolce
8037,ドルチェＦアーム,Brassards Dolce F
8038,ドルチェFZアーム,Brassards Dolce FZ
8039,ドルチェHSアーム,Brassards Dolce HS
8040,ドルチェGSアーム,Brassards Dolce GS
8041,ドルチェGPアーム,Brassards Dolce GP
8042,ドルチェガード,Gardes Dolce
8043,ドルチェＦガード,Gardes Dolce F
8044,ドルチェFZガード,Gardes Dolce FZ
8045,ドルチェHSガード,Gardes Dolce HS
8046,ドルチェGSガード,Gardes Dolce GS
8047,ドルチェGPガード,Gardes Dolce GP
8048,ベンディアーム,Brassards Bendi
8049,ベンディＦアーム,Brassards Bendi F
8050,ベンディFZアーム,Brassards Bendi FZ
8051,ベンディHSアーム,Brassards Bendi HS
8052,ベンディGSアーム,Brassards Bendi GS
8053,ベンディGPアーム,Brassards Bendi GP
8054,ベンディガード,Gardes Bendi
8055,ベンディＦガード,Gardes Bendi F
8056,ベンディFZガード,Gardes Bendi FZ
8057,ベンディHSガード,Gardes Bendi HS
8058,ベンディGSガード,Gardes Bendi GS
8059,ベンディGPガード,Gardes Bendi GP
8060,ルヴナンファオスト,
8061,ルヴナンＦファオスト,
8062,ルヴナンFZファオスト,
8063,ルヴナンHSファオスト,
8064,ルヴナンGSファオスト,
8065,ルヴナンGPファオスト,
8066,ルヴナンベギアデ,
8067,ルヴナンＦベギアデ,
8068,ルヴナンFZベギアデ,
8069,ルヴナンHSベギアデ,
8070,ルヴナンGSベギアデ,
8071,ルヴナンGPベギアデ,
8072,ルキスＦアーム,Brassards Lucis F
8073,ルキスHSアーム,Brassards Lucis HS
8074,ルキスGSアーム,Brassards Lucis GS
8075,ルキスGPアーム,Brassards Lucis GP
8076,ルキスＦガード,Gardes Lucis F
8077,ルキスHSガード,Gardes Lucis HS
8078,ルキスGSガード,Gardes Lucis GS
8079,ルキスGPガード,Gardes Lucis GP
8080,リサーザHSアーム,Brassards Risaaza HS
8081,リサーザGSアーム,Brassards Risaaza GS
8082,リサーザGPアーム,Brassards Risaaza GP
8083,リサーザHSガード,Gardes Risaaza HS
8084,リサーザGSガード,Gardes Risaaza GS
8085,リサーザGPガード,Gardes Risaaza GP
8086,ガウシカグローブ,
8087,ガウシカＦグローブ,
8088,ガウシカFYグローブ,
8089,ガウシカHSグローブ,
8090,ガウシカＧグローブ,
8091,ガウシカGFグローブ,
8092,ガウシカGXグローブ,
8093,クオイズアーム,Brassards Quoiz
8094,クオイズＦアーム,Brassards Quoiz F
8095,クオイズFYアーム,Brassards Quoiz FY
8096,クオイズHSアーム,Brassards Quoiz HS
8097,クオイズＧアーム,Brassards Quoiz G
8098,クオイズGFアーム,Brassards Quoiz GF
8099,クオイズGXアーム,Brassards Quoiz GX
8100,クオイズガード,Gardes Quoiz
8101,クオイズＦガード,Gardes Quoiz F
8102,クオイズFYガード,Gardes Quoiz FY
8103,クオイズHSガード,Gardes Quoiz HS
8104,クオイズＧガード,Gardes Quoiz G
8105,クオイズGFガード,Gardes Quoiz GF
8106,クオイズGXガード,Gardes Quoiz GX
8107,カライスアーム,Brassards Kalais
8108,カライスＦアーム,Brassards Kalais F
8109,カライスFYアーム,Brassards Kalais FY
8110,カライスHSアーム,Brassards Kalais HS
8111,カライスＧアーム,Brassards Kalais G
8112,カライスGFアーム,Brassards Kalais GF
8113,カライスGXアーム,Brassards Kalais GX
8114,カライスガード,Gardes Kalais
8115,カライスＦガード,Gardes Kalais F
8116,カライスFYガード,Gardes Kalais FY
8117,カライスHSガード,Gardes Kalais HS
8118,カライスＧガード,Gardes Kalais G
8119,カライスGFガード,Gardes Kalais GF
8120,カライスGXガード,Gardes Kalais GX
8121,ヨルティアーム,Brassards Yoruti
8122,ヨルティＦアーム,Brassards Yoruti F
8123,ヨルティFYアーム,Brassards Yoruti FY
8124,ヨルティHSアーム,Brassards Yoruti HS
8125,ヨルティＧアーム,Brassards Yoruti G
8126,ヨルティGFアーム,Brassards Yoruti GF
8127,ヨルティGXアーム,Brassards Yoruti GX
8128,ヨルティガード,Gardes Yoruti
8129,ヨルティＦガード,Gardes Yoruti F
8130,ヨルティFYガード,Gardes Yoruti FY
8131,ヨルティHSガード,Gardes Yoruti HS
8132,ヨルティＧガード,Gardes Yoruti G
8133,ヨルティGFガード,Gardes Yoruti GF
8134,ヨルティGXガード,Gardes Yoruti GX
8135,ハラガンアーム,Brassards Haragan
8136,ハラガンＦアーム,Brassards Haragan F
8137,ハラガンFYアーム,Brassards Haragan FY
8138,ハラガンHSアーム,Brassards Haragan HS
8139,ハラガンＧアーム,Brassards Haragan G
8140,ハラガンGFアーム,Brassards Haragan GF
8141,ハラガンGXアーム,Brassards Haragan GX
8142,ハラガンガード,Gardes Haragan
8143,ハラガンＦガード,Gardes Haragan F
8144,ハラガンFYガード,Gardes Haragan FY
8145,ハラガンHSガード,Gardes Haragan HS
8146,ハラガンＧガード,Gardes Haragan G
8147,ハラガンGFガード,Gardes Haragan GF
8148,ハラガンGXガード,Gardes Haragan GX
8149,ライオスアーム,Brassards Rios
8150,ライオスＦアーム,Brassards Rios F
8151,ライオスFYアーム,Brassards Rios FY
8152,ライオスHSアーム,Brassards Rios HS
8153,ライオスＧアーム,Brassards Rios G
8154,ライオスGFアーム,Brassards Rios GF
8155,ライオスGXアーム,Brassards Rios GX
8156,ライオスガード,Gardes Rios
8157,ライオスＦガード,Gardes Rios F
8158,ライオスFYガード,Gardes Rios FY
8159,ライオスHSガード,Gardes Rios HS
8160,ライオスＧガード,Gardes Rios G
8161,ライオスGFガード,Gardes Rios GF
8162,ライオスGXガード,Gardes Rios GX
8163,崩霧【袖】,
8164,崩霧Ｆ【袖】,
8165,崩霧FY【袖】,
8166,崩霧HS【袖】,
8167,崩霧Ｇ【袖】,
8168,崩霧GF【袖】,
8169,崩霧GX【袖】,
8170,迅霧【袖】,
8171,迅霧Ｆ【袖】,
8172,迅霧FY【袖】,
8173,迅霧HS【袖】,
8174,迅霧Ｇ【袖】,
8175,迅霧GF【袖】,
8176,迅霧GX【袖】,
8177,ロドクルアーム,Brassards Rodokuru
8178,ロドクルＦアーム,Brassards Rodokuru F
8179,ロドクルFYアーム,Brassards Rodokuru FY
8180,ロドクルHSアーム,Brassards Rodokuru HS
8181,ロドクルＧアーム,Brassards Rodokuru G
8182,ロドクルGFアーム,Brassards Rodokuru GF
8183,ロドクルGXアーム,Brassards Rodokuru GX
8184,ノワールFYアーム,
8185,ノワールHSアーム,
8186,ノワールＧアーム,
8187,ノワールGFアーム,
8188,ノワールGXアーム,
8189,鬼神ノ篭手Ｇ,
8190,鬼神ノ篭手GF,
8191,鬼神ノ篭手GX,
8192,童子ノ篭手Ｇ,
8193,童子ノ篭手GF,
8194,童子ノ篭手GX,
8195,トゥールムアーム,Brassards Trume
8196,トゥールムＦアーム,Brassards Trume F
8197,トゥールムFZアーム,Brassards Trume FZ
8198,トゥールムHSアーム,Brassards Trume HS
8199,トゥールムGSアーム,Brassards Trume GS
8200,トゥールムGPアーム,Brassards Trume GP
8201,トゥールムガード,Gardes Trume
8202,トゥールムＦガード,Gardes Trume F
8203,トゥールムFZガード,Gardes Trume FZ
8204,トゥールムHSガード,Gardes Trume HS
8205,トゥールムGSガード,Gardes Trume GS
8206,トゥールムGPガード,Gardes Trume GP
8207,ゴゴＧアーム,Brassards Gogomoa G
8208,ゴゴGFアーム,Brassards Gogomoa GF
8209,ゴゴGXアーム,Brassards Gogomoa GX
8210,ゴゴＧガード,Gardes Gogomoa G
8211,ゴゴGFガード,Gardes Gogomoa GF
8212,ゴゴGXガード,Gardes Gogomoa GX
8213,ヴァルアーム,Brassards Varusa
8214,ヴァルＦアーム,Brassards Varusa F
8215,ヴァルFXアーム,Brassards Varusa FX
8216,ヴァルＧアーム,Brassards Varusa G
8217,ヴァルGFアーム,Brassards Varusa GF
8218,ヴァルガード,Gardes Varusa
8219,ヴァルＦガード,Gardes Varusa F
8220,ヴァルFXガード,Gardes Varusa FX
8221,ヴァルＧガード,Gardes Varusa G
8222,ヴァルGFガード,Gardes Varusa GF
8223,フレイムGFアーム,Brassards Flamme GF
8224,フレイムGFガード,Gardes Flamme GF
8225,リルスGFアーム,Brassards Lils GF
8226,リルスGFガード,Gardes Lils GF
8227,アステリアーム・白,Brassards Asteri blancs
8228,アステリＦアーム・白,Brassards Asteri F blancs
8229,アステリFZアーム・白,Brassards Asteri FZ blancs
8230,アステリHSアーム・白,Brassards Asteri HS blancs
8231,アステリGSアーム・白,Brassards Asteri GS blancs
8232,アステリGPアーム・白,Brassards Asteri GP blancs
8233,アステリガード・白,Gardes Asteri blanches
8234,アステリＦガード・白,Gardes Asteri F blanches
8235,アステリFZガード・白,Gardes Asteri FZ blanches
8236,アステリHSガード・白,Gardes Asteri HS blanches
8237,アステリGSガード・白,Gardes Asteri GS blanches
8238,アステリGPガード・白,Gardes Asteri GP blanches
8239,アステリアーム・青,Brassards Asteri bleus
8240,アステリＦアーム・青,Brassards Asteri F bleus
8241,アステリFZアーム・青,Brassards Asteri FZ bleus
8242,アステリHSアーム・青,Brassards Asteri HS bleus
8243,アステリGSアーム・青,Brassards Asteri GS bleus
8244,アステリGPアーム・青,Brassards Asteri GP bleus
8245,アステリガード・青,Gardes Asteri bleues
8246,アステリＦガード・青,Gardes Asteri F bleues
8247,アステリFZガード・青,Gardes Asteri FZ bleues
8248,アステリHSガード・青,Gardes Asteri HS bleues
8249,アステリGSガード・青,Gardes Asteri GS bleues
8250,アステリGPガード・青,Gardes Asteri GP bleues
8251,アステリアーム・赤,Brassards Asteri rouges
8252,アステリＦアーム・赤,Brassards Asteri F rouges
8253,アステリFZアーム・赤,Brassards Asteri FZ rouges
8254,アステリHSアーム・赤,Brassards Asteri HS rouges
8255,アステリGSアーム・赤,Brassards Asteri GS rouges
8256,アステリGPアーム・赤,Brassards Asteri GP rouges
8257,アステリガード・赤,Gardes Asteri rouges
8258,アステリＦガード・赤,Gardes Asteri F rouges
8259,アステリFZガード・赤,Gardes Asteri FZ rouges
8260,アステリHSガード・赤,Gardes Asteri HS rouges
8261,アステリGSガード・赤,Gardes Asteri GS rouges
8262,アステリGPガード・赤,Gardes Asteri GP rouges
8263,アステリアーム・黒,Brassards Asteri noirs
8264,アステリＦアーム・黒,Brassards Asteri F noirs
8265,アステリFZアーム・黒,Brassards Asteri FZ noirs
8266,アステリHSアーム・黒,Brassards Asteri HS noirs
8267,アステリGSアーム・黒,Brassards Asteri GS noirs
8268,アステリGPアーム・黒,Brassards Asteri GP noirs
8269,アステリガード・黒,Gardes Asteri noires
8270,アステリＦガード・黒,Gardes Asteri F noires
8271,アステリFZガード・黒,Gardes Asteri FZ noires
8272,アステリHSガード・黒,Gardes Asteri HS noires
8273,アステリGSガード・黒,Gardes Asteri GS noires
8274,アステリGPガード・黒,Gardes Asteri GP noires
8275,ルケーゼアーム,Brassards Lucchese
8276,ルケーゼＦアーム,Brassards Lucchese F
8277,ルケーゼFYアーム,Brassards Lucchese FY
8278,ルケーゼHSアーム,Brassards Lucchese HS
8279,ルケーゼＧアーム,Brassards Lucchese G
8280,ルケーゼGFアーム,Brassards Lucchese GF
8281,ルケーゼGXアーム,Brassards Lucchese GX
8282,ルケーゼガード,Gardes Lucchese
8283,ルケーゼＦガード,Gardes Lucchese F
8284,ルケーゼFYガード,Gardes Lucchese FY
8285,ルケーゼHSガード,Gardes Lucchese HS
8286,ルケーゼＧガード,Gardes Lucchese G
8287,ルケーゼGFガード,Gardes Lucchese GF
8288,ルケーゼGXガード,Gardes Lucchese GX
8289,オリクトＧアーム,Brassards Orykto G
8290,オリクトGFアーム,Brassards Orykto GF
8291,オリクトGXアーム,Brassards Orykto GX
8292,オリクトＧガード,Gardes Orykto G
8293,オリクトGFガード,Gardes Orykto GF
8294,オリクトGXガード,Gardes Orykto GX
8295,ボニトアーム,
8296,ボニトＦアーム,
8297,ボニトFYアーム,
8298,ボニトHSアーム,
8299,ボニトＧアーム,
8300,ボニトGFアーム,
8301,ボニトGXアーム,
8302,ボニトガード,
8303,ボニトＦガード,
8304,ボニトFYガード,
8305,ボニトHSガード,
8306,ボニトＧガード,
8307,ボニトGFガード,
8308,ボニトGXガード,
8309,司銀Ｇ【篭手】,
8310,司銀GF【篭手】,
8311,司銀GX【篭手】,
8312,操銀Ｇ【篭手】,
8313,操銀GF【篭手】,
8314,操銀GX【篭手】,
8315,ハルドアーム,Brassards Harudo
8316,ハルドＦアーム,Brassards Harudo F
8317,ハルドFXアーム,Brassards Harudo FX
8318,ハルドＧアーム,Brassards Harudo G
8319,ハルドGFアーム,Brassards Harudo GF
8320,ハルドガード,Gardes Harudo
8321,ハルドＦガード,Gardes Harudo F
8322,ハルドFXガード,Gardes Harudo FX
8323,ハルドＧガード,Gardes Harudo G
8324,ハルドGFガード,Gardes Harudo GF
8325,グレアアーム,Brassards Gureado
8326,グレアＦアーム,Brassards Gureado F
8327,グレアFXアーム,Brassards Gureado FX
8328,グレアＧアーム,Brassards Gureado G
8329,グレアGFアーム,Brassards Gureado GF
8330,グレアガード,Gardes Gureado
8331,グレアＦガード,Gardes Gureado F
8332,グレアFXガード,Gardes Gureado FX
8333,グレアＧガード,Gardes Gureado G
8334,グレアGFガード,Gardes Gureado GF
8335,アカムトＧサクンペ,
8336,アカムトGFサクンペ,
8337,アカムトGXサクンペ,
8338,アカムトＧノキリペ,
8339,アカムトGFノキリペ,
8340,アカムトGXノキリペ,
8341,ガノンＧアーム,Brassards Plesioth G
8342,ガノンGFアーム,Brassards Plesioth GF
8343,ガノンGXアーム,Brassards Plesioth GX
8344,ガノンＧガード,Gardes Plesioth G
8345,ガノンGFガード,Gardes Plesioth GF
8346,ガノンGXガード,Gardes Plesioth GX
8347,ヒプックＧアーム,
8348,ヒプックGFアーム,
8349,ヒプックGXアーム,
8350,ヒプックＧガード,
8351,ヒプックGFガード,
8352,ヒプックGXガード,
8353,ブリッツGXアーム,
8354,ブリッツGXグローブ,
8355,ストロマGXアーム,Brassards Stroma GX
8356,ストロマGXガード,Gardes Stroma GX
8357,ディボアGXアーム,Brassards Diboa GX
8358,ディボアGXガード,Gardes Diboa GX
8359,レグヌムアーム・白,Brassards Regnum blancs
8360,レグヌムＦアーム・白,Brassards Regnum F blancs
8361,レグヌムFZアーム・白,Brassards Regnum FZ blancs
8362,レグヌムHSアーム・白,Brassards Regnum HS blancs
8363,レグヌムGSアーム・白,Brassards Regnum GS blancs
8364,レグヌムGPアーム・白,Brassards Regnum GP blancs
8365,レグヌムガード・白,Gardes Regnum blanches
8366,レグヌムＦガード・白,Gardes Regnum F blanches
8367,レグヌムFZガード・白,Gardes Regnum FZ blanches
8368,レグヌムHSガード・白,Gardes Regnum HS blanches
8369,レグヌムGSガード・白,Gardes Regnum GS blanches
8370,レグヌムGPガード・白,Gardes Regnum GP blanches
8371,レグヌムアーム・青,Brassards Regnum bleus
8372,レグヌムＦアーム・青,Brassards Regnum F bleus
8373,レグヌムFZアーム・青,Brassards Regnum FZ bleus
8374,レグヌムHSアーム・青,Brassards Regnum HS bleus
8375,レグヌムGSアーム・青,Brassards Regnum GS bleus
8376,レグヌムGPアーム・青,Brassards Regnum GP bleus
8377,レグヌムガード・青,Gardes Regnum bleues
8378,レグヌムＦガード・青,Gardes Regnum F bleues
8379,レグヌムFZガード・青,Gardes Regnum FZ bleues
8380,レグヌムHSガード・青,Gardes Regnum HS bleues
8381,レグヌムGSガード・青,Gardes Regnum GS bleues
8382,レグヌムGPガード・青,Gardes Regnum GP bleues
8383,レグヌムアーム・赤,Brassards Regnum rouges
8384,レグヌムＦアーム・赤,Brassards Regnum F rouges
8385,レグヌムFZアーム・赤,Brassards Regnum FZ rouges
8386,レグヌムHSアーム・赤,Brassards Regnum HS rouges
8387,レグヌムGSアーム・赤,Brassards Regnum GS rouges
8388,レグヌムGPアーム・赤,Brassards Regnum GP rouges
8389,レグヌムガード・赤,Gardes Regnum rouges
8390,レグヌムＦガード・赤,Gardes Regnum F rouges
8391,レグヌムFZガード・赤,Gardes Regnum FZ rouges
8392,レグヌムHSガード・赤,Gardes Regnum HS rouges
8393,レグヌムGSガード・赤,Gardes Regnum GS rouges
8394,レグヌムGPガード・赤,Gardes Regnum GP rouges
8395,レグヌムアーム・茶,Brassards Regnum bruns
8396,レグヌムＦアーム・茶,Brassards Regnum F bruns
8397,レグヌムFZアーム・茶,Brassards Regnum FZ bruns
8398,レグヌムHSアーム・茶,Brassards Regnum HS bruns
8399,レグヌムGSアーム・茶,Brassards Regnum GS bruns
8400,レグヌムGPアーム・茶,Brassards Regnum GP bruns
8401,レグヌムガード・茶,Gardes Regnum brunes
8402,レグヌムＦガード・茶,Gardes Regnum F brunes
8403,レグヌムFZガード・茶,Gardes Regnum FZ brunes
8404,レグヌムHSガード・茶,Gardes Regnum HS brunes
8405,レグヌムGSガード・茶,Gardes Regnum GS brunes
8406,レグヌムGPガード・茶,Gardes Regnum GP brunes
8407,マリンアーム・青,Brassards Marin bleus
8408,マリンＦアーム・青,Brassards Marin F bleus
8409,マリンFZアーム・青,Brassards Marin FZ bleus
8410,マリンHSアーム・青,Brassards Marin HS bleus
8411,マリンGSアーム・青,Brassards Marin GS bleus
8412,マリンGPアーム・青,Brassards Marin GP bleus
8413,マリンガード・青,Gardes Marin bleues
8414,マリンＦガード・青,Gardes Marin F bleues
8415,マリンFZガード・青,Gardes Marin FZ bleues
8416,マリンHSガード・青,Gardes Marin HS bleues
8417,マリンGSガード・青,Gardes Marin GS bleues
8418,マリンGPガード・青,Gardes Marin GP bleues
8419,マリンアーム・桃,Brassards Marin roses
8420,マリンＦアーム・桃,Brassards Marin F roses
8421,マリンFZアーム・桃,Brassards Marin FZ roses
8422,マリンHSアーム・桃,Brassards Marin HS roses
8423,マリンGSアーム・桃,Brassards Marin GS roses
8424,マリンGPアーム・桃,Brassards Marin GP roses
8425,マリンガード・桃,Gardes Marin roses
8426,マリンＦガード・桃,Gardes Marin F roses
8427,マリンFZガード・桃,Gardes Marin FZ roses
8428,マリンHSガード・桃,Gardes Marin HS roses
8429,マリンGSガード・桃,Gardes Marin GS roses
8430,マリンGPガード・桃,Gardes Marin GP roses
8431,マリンアーム・白,Brassards Marin blancs
8432,マリンＦアーム・白,Brassards Marin F blancs
8433,マリンFZアーム・白,Brassards Marin FZ blancs
8434,マリンHSアーム・白,Brassards Marin HS blancs
8435,マリンGSアーム・白,Brassards Marin GS blancs
8436,マリンGPアーム・白,Brassards Marin GP blancs
8437,マリンガード・白,Gardes Marin blanches
8438,マリンＦガード・白,Gardes Marin F blanches
8439,マリンFZガード・白,Gardes Marin FZ blanches
8440,マリンHSガード・白,Gardes Marin HS blanches
8441,マリンGSガード・白,Gardes Marin GS blanches
8442,マリンGPガード・白,Gardes Marin GP blanches
8443,マリンアーム・黒,Brassards Marin noirs
8444,マリンＦアーム・黒,Brassards Marin F noirs
8445,マリンFZアーム・黒,Brassards Marin FZ noirs
8446,マリンHSアーム・黒,Brassards Marin HS noirs
8447,マリンGSアーム・黒,Brassards Marin GS noirs
8448,マリンGPアーム・黒,Brassards Marin GP noirs
8449,マリンガード・黒,Gardes Marin noires
8450,マリンＦガード・黒,Gardes Marin F noires
8451,マリンFZガード・黒,Gardes Marin FZ noires
8452,マリンHSガード・黒,Gardes Marin HS noires
8453,マリンGSガード・黒,Gardes Marin GS noires
8454,マリンGPガード・黒,Gardes Marin GP noires
8455,ルフレアーム・青,Brassards Rufre bleus
8456,ルフレＦアーム・青,Brassards Rufre F bleus
8457,ルフレFZアーム・青,Brassards Rufre FZ bleus
8458,ルフレHSアーム・青,Brassards Rufre HS bleus
8459,ルフレGSアーム・青,Brassards Rufre GS bleus
8460,ルフレGPアーム・青,Brassards Rufre GP bleus
8461,ルフレガード・青,Gardes Rufre bleues
8462,ルフレＦガード・青,Gardes Rufre F bleues
8463,ルフレFZガード・青,Gardes Rufre FZ bleues
8464,ルフレHSガード・青,Gardes Rufre HS bleues
8465,ルフレGSガード・青,Gardes Rufre GS bleues
8466,ルフレGPガード・青,Gardes Rufre GP bleues
8467,ルフレアーム・白,Brassards Rufre blancs
8468,ルフレＦアーム・白,Brassards Rufre F blancs
8469,ルフレFZアーム・白,Brassards Rufre FZ blancs
8470,ルフレHSアーム・白,Brassards Rufre HS blancs
8471,ルフレGSアーム・白,Brassards Rufre GS blancs
8472,ルフレGPアーム・白,Brassards Rufre GP blancs
8473,ルフレガード・白,Gardes Rufre blanches
8474,ルフレＦガード・白,Gardes Rufre F blanches
8475,ルフレFZガード・白,Gardes Rufre FZ blanches
8476,ルフレHSガード・白,Gardes Rufre HS blanches
8477,ルフレGSガード・白,Gardes Rufre GS blanches
8478,ルフレGPガード・白,Gardes Rufre GP blanches
8479,ルフレアーム・赤,Brassards Rufre rouges
8480,ルフレＦアーム・赤,Brassards Rufre F rouges
8481,ルフレFZアーム・赤,Brassards Rufre FZ rouges
8482,ルフレHSアーム・赤,Brassards Rufre HS rouges
8483,ルフレGSアーム・赤,Brassards Rufre GS rouges
8484,ルフレGPアーム・赤,Brassards Rufre GP rouges
8485,ルフレガード・赤,Gardes Rufre rouges
8486,ルフレＦガード・赤,Gardes Rufre F rouges
8487,ルフレFZガード・赤,Gardes Rufre FZ rouges
8488,ルフレHSガード・赤,Gardes Rufre HS rouges
8489,ルフレGSガード・赤,Gardes Rufre GS rouges
8490,ルフレGPガード・赤,Gardes Rufre GP rouges
8491,ルフレアーム・黒,Brassards Rufre noirs
8492,ルフレＦアーム・黒,Brassards Rufre F noirs
8493,ルフレFZアーム・黒,Brassards Rufre FZ noirs
8494,ルフレHSアーム・黒,Brassards Rufre HS noirs
8495,ルフレGSアーム・黒,Brassards Rufre GS noirs
8496,ルフレGPアーム・黒,Brassards Rufre GP noirs
8497,ルフレガード・黒,Gardes Rufre noires
8498,ルフレＦガード・黒,Gardes Rufre F noires
8499,ルフレFZガード・黒,Gardes Rufre FZ noires
8500,ルフレHSガード・黒,Gardes Rufre HS noires
8501,ルフレGSガード・黒,Gardes Rufre GS noires
8502,ルフレGPガード・黒,Gardes Rufre GP noires
8503,CEケブラー腕：剣青,Bras CE Lame bleus
8504,CEケブラーＦ腕：剣青,Bras CE Lame bleus
8505,CEケブラーFZ腕：剣青,Bras CE Lame bleus
8506,CEケブラーHS腕：剣青,Bras CE Lame bleus
8507,CEケブラーGS腕：剣青,Bras CE Lame bleus
8508,CEケブラーGP腕：剣青,Bras CE Lame bleus
8509,CEケブラー腕：弓青,Bras CE Arc bleus
8510,CEケブラーＦ腕：弓青,Bras CE Arc bleus
8511,CEケブラーFZ腕：弓青,Bras CE Arc bleus
8512,CEケブラーHS腕：弓青,Bras CE Arc bleus
8513,CEケブラーGS腕：弓青,Bras CE Arc bleus
8514,CEケブラーGP腕：弓青,Bras CE Arc bleus
8515,CEケブラー腕：剣赤,Bras CE Lame rouges
8516,CEケブラーＦ腕：剣赤,Bras CE Lame rouges
8517,CEケブラーFZ腕：剣赤,Bras CE Lame rouges
8518,CEケブラーHS腕：剣赤,Bras CE Lame rouges
8519,CEケブラーGS腕：剣赤,Bras CE Lame rouges
8520,CEケブラーGP腕：剣赤,Bras CE Lame rouges
8521,CEケブラー腕：弓赤,Bras CE Arc rouges
8522,CEケブラーＦ腕：弓赤,Bras CE Arc rouges
8523,CEケブラーFZ腕：弓赤,Bras CE Arc rouges
8524,CEケブラーHS腕：弓赤,Bras CE Arc rouges
8525,CEケブラーGS腕：弓赤,Bras CE Arc rouges
8526,CEケブラーGP腕：弓赤,Bras CE Arc rouges
8527,CEケブラー腕：剣白,Bras CE Lame blancs
8528,CEケブラーＦ腕：剣白,Bras CE Lame blancs
8529,CEケブラーFZ腕：剣白,Bras CE Lame blancs
8530,CEケブラーHS腕：剣白,Bras CE Lame blancs
8531,CEケブラーGS腕：剣白,Bras CE Lame blancs
8532,CEケブラーGP腕：剣白,Bras CE Lame blancs
8533,CEケブラー腕：弓白,Bras CE Arc blancs
8534,CEケブラーＦ腕：弓白,Bras CE Arc blancs
8535,CEケブラーFZ腕：弓白,Bras CE Arc blancs
8536,CEケブラーHS腕：弓白,Bras CE Arc blancs
8537,CEケブラーGS腕：弓白,Bras CE Arc blancs
8538,CEケブラーGP腕：弓白,Bras CE Arc blancs
8539,CEケブラー腕：剣黒,Bras CE Lame noirs
8540,CEケブラーＦ腕：剣黒,Bras CE Lame noirs
8541,CEケブラーFZ腕：剣黒,Bras CE Lame noirs
8542,CEケブラーHS腕：剣黒,Bras CE Lame noirs
8543,CEケブラーGS腕：剣黒,Bras CE Lame noirs
8544,CEケブラーGP腕：剣黒,Bras CE Lame noirs
8545,CEケブラー腕：弓黒,Bras CE Arc noirs
8546,CEケブラーＦ腕：弓黒,Bras CE Arc noirs
8547,CEケブラーFZ腕：弓黒,Bras CE Arc noirs
8548,CEケブラーHS腕：弓黒,Bras CE Arc noirs
8549,CEケブラーGS腕：弓黒,Bras CE Arc noirs
8550,CEケブラーGP腕：弓黒,Bras CE Arc noirs
8551,ABレイヤー腕：剣赤,
8552,ABレイヤーＦ腕：剣赤,
8553,ABレイヤーFZ腕：剣赤,
8554,ABレイヤーHS腕：剣赤,
8555,ABレイヤーGS腕：剣赤,
8556,ABレイヤーGP腕：剣赤,
8557,ABレイヤー腕：弓赤,
8558,ABレイヤーＦ腕：弓赤,
8559,ABレイヤーFZ腕：弓赤,
8560,ABレイヤーHS腕：弓赤,
8561,ABレイヤーGS腕：弓赤,
8562,ABレイヤーGP腕：弓赤,
8563,ABレイヤー腕：剣青,
8564,ABレイヤーＦ腕：剣青,
8565,ABレイヤーFZ腕：剣青,
8566,ABレイヤーHS腕：剣青,
8567,ABレイヤーGS腕：剣青,
8568,ABレイヤーGP腕：剣青,
8569,ABレイヤー腕：弓青,
8570,ABレイヤーＦ腕：弓青,
8571,ABレイヤーFZ腕：弓青,
8572,ABレイヤーHS腕：弓青,
8573,ABレイヤーGS腕：弓青,
8574,ABレイヤーGP腕：弓青,
8575,ABレイヤー腕：剣黒,
8576,ABレイヤーＦ腕：剣黒,
8577,ABレイヤーFZ腕：剣黒,
8578,ABレイヤーHS腕：剣黒,
8579,ABレイヤーGS腕：剣黒,
8580,ABレイヤーGP腕：剣黒,
8581,ABレイヤー腕：弓黒,
8582,ABレイヤーＦ腕：弓黒,
8583,ABレイヤーFZ腕：弓黒,
8584,ABレイヤーHS腕：弓黒,
8585,ABレイヤーGS腕：弓黒,
8586,ABレイヤーGP腕：弓黒,
8587,ABレイヤー腕：剣白,
8588,ABレイヤーＦ腕：剣白,
8589,ABレイヤーFZ腕：剣白,
8590,ABレイヤーHS腕：剣白,
8591,ABレイヤーGS腕：剣白,
8592,ABレイヤーGP腕：剣白,
8593,ABレイヤー腕：弓白,
8594,ABレイヤーＦ腕：弓白,
8595,ABレイヤーFZ腕：弓白,
8596,ABレイヤーHS腕：弓白,
8597,ABレイヤーGS腕：弓白,
8598,ABレイヤーGP腕：弓白,
8599,ブロンテアーム,Brassards Bronte
8600,ブロンテＦアーム,Brassards Bronte F
8601,ブロンテFZアーム,Brassards Bronte FZ
8602,ブロンテHSアーム,Brassards Bronte HS
8603,ブロンテGSアーム,Brassards Bronte GS
8604,ブロンテGPアーム,Brassards Bronte GP
8605,ブロンテガード,Gardes Bronte
8606,ブロンテＦガード,Gardes Bronte F
8607,ブロンテFZガード,Gardes Bronte FZ
8608,ブロンテHSガード,Gardes Bronte HS
8609,ブロンテGSガード,Gardes Bronte GS
8610,ブロンテGPガード,Gardes Bronte GP
8611,ソレーネアーム,Brassards Solene
8612,ソレーネＦアーム,Brassards Solene F
8613,ソレーネFZアーム,Brassards Solene FZ
8614,ソレーネHSアーム,Brassards Solene HS
8615,ソレーネGSアーム,Brassards Solene GS
8616,ソレーネGPアーム,Brassards Solene GP
8617,ソレーネガード,Gardes Solene
8618,ソレーネＦガード,Gardes Solene F
8619,ソレーネFZガード,Gardes Solene FZ
8620,ソレーネHSガード,Gardes Solene HS
8621,ソレーネGSガード,Gardes Solene GS
8622,ソレーネGPガード,Gardes Solene GP
8623,ラピヌアーム,Brassards Lapine
8624,ラピヌＦアーム,Brassards Lapine F
8625,ラピヌFZアーム,Brassards Lapine FZ
8626,ラピヌHSアーム,Brassards Lapine HS
8627,ラピヌGSアーム,Brassards Lapine GS
8628,ラピヌGPアーム,Brassards Lapine GP
8629,ラピヌガード,Gardes Lapine
8630,ラピヌＦガード,Gardes Lapine F
8631,ラピヌFZガード,Gardes Lapine FZ
8632,ラピヌHSガード,Gardes Lapine HS
8633,ラピヌGSガード,Gardes Lapine GS
8634,ラピヌGPガード,Gardes Lapine GP
8635,マゴスGPアーム・黄,Brassards Magos GP jaunes
8636,マゴスGPガード・黄,Gardes Magos GP jaunes
8637,マゴスGPアーム・赤,Brassards Magos GP rouges
8638,マゴスGPガード・赤,Gardes Magos GP rouges
8639,マゴスGPアーム・水,
8640,マゴスGPガード・水,
8641,マゴスGPアーム・青,Brassards Magos GP bleus
8642,マゴスGPガード・青,Gardes Magos GP bleues
8643,ユクモノコテ・天,
8644,ユクモノコテＧ・天,
8645,ユクモノコテGF・天,
8646,ユクモノコテGX・天,
8647,フロガダＧアーム,Brassards Furogada G
8648,フロガダGFアーム,Brassards Furogada GF
8649,フロガダGXアーム,Brassards Furogada GX
8650,ユクモノコテ・地,
8651,ユクモノコテＧ・地,
8652,ユクモノコテGF・地,
8653,ユクモノコテGX・地,
8654,フロガダＧガード,Gardes Furogada G
8655,フロガダGFガード,Gardes Furogada GF
8656,フロガダGXガード,Gardes Furogada GX
8657,ダミー,
8658,ダミー,
8659,ダミー,
8660,ダミー,
8661,ランセＧアーム,Brassards Rance G
8662,ランセGFアーム,Brassards Rance GF
8663,ランセGXアーム,Brassards Rance GX
8664,ダミー,
8665,ダミー,
8666,ダミー,
8667,ダミー,
8668,ランセＧガード,Gardes Rance G
8669,ランセGFガード,Gardes Rance GF
8670,ランセGXガード,Gardes Rance GX
8671,メイリダアーム,Brassards Meirida
8672,メイリダＦアーム,Brassards Meirida F
8673,メイリダFYアーム,Brassards Meirida FY
8674,メイリダHSアーム,Brassards Meirida HS
8675,メイリダＧアーム,Brassards Meirida G
8676,メイリダGFアーム,Brassards Meirida GF
8677,メイリダGXアーム,Brassards Meirida GX
8678,メイリダガード,Gardes Meirida
8679,メイリダＦガード,Gardes Meirida F
8680,メイリダFYガード,Gardes Meirida FY
8681,メイリダHSガード,Gardes Meirida HS
8682,メイリダＧガード,Gardes Meirida G
8683,メイリダGFガード,Gardes Meirida GF
8684,メイリダGXガード,Gardes Meirida GX
8685,マアデンアーム,Brassards Maaden
8686,マアデンＦアーム,Brassards Maaden F
8687,マアデンFYアーム,Brassards Maaden FY
8688,マアデンHSアーム,Brassards Maaden HS
8689,マアデンＧアーム,Brassards Maaden G
8690,マアデンGFアーム,Brassards Maaden GF
8691,マアデンGXアーム,Brassards Maaden GX
8692,マアデンガード,Gardes Maaden
8693,マアデンＦガード,Gardes Maaden F
8694,マアデンFYガード,Gardes Maaden FY
8695,マアデンHSガード,Gardes Maaden HS
8696,マアデンＧガード,Gardes Maaden G
8697,マアデンGFガード,Gardes Maaden GF
8698,マアデンGXガード,Gardes Maaden GX
8699,紅昇【袖】,
8700,紅昇Ｆ【袖】,
8701,紅昇FY【袖】,
8702,紅昇HS【袖】,
8703,紅昇Ｇ【袖】,
8704,紅昇GF【袖】,
8705,紅昇GX【袖】,
8706,紅楼【袖】,
8707,紅楼Ｆ【袖】,
8708,紅楼FY【袖】,
8709,紅楼HS【袖】,
8710,紅楼Ｇ【袖】,
8711,紅楼GF【袖】,
8712,紅楼GX【袖】,
8713,アブヤドアーム,Brassards Abuyado
8714,アブヤドＦアーム,Brassards Abuyado F
8715,アブヤドFYアーム,Brassards Abuyado FY
8716,アブヤドHSアーム,Brassards Abuyado HS
8717,アブヤドＧアーム,Brassards Abuyado G
8718,アブヤドGFアーム,Brassards Abuyado GF
8719,アブヤドGXアーム,Brassards Abuyado GX
8720,アブヤドガード,Gardes Abuyado
8721,アブヤドＦガード,Gardes Abuyado F
8722,アブヤドFYガード,Gardes Abuyado FY
8723,アブヤドHSガード,Gardes Abuyado HS
8724,アブヤドＧガード,Gardes Abuyado G
8725,アブヤドGFガード,Gardes Abuyado GF
8726,アブヤドGXガード,Gardes Abuyado GX
8727,ゴルックグローブ,
8728,ゴルックＦグローブ,
8729,ゴルックFYグローブ,
8730,ゴルックHSグローブ,
8731,ゴルックＧグローブ,
8732,ゴルックGFグローブ,
8733,ゴルックGXグローブ,
8734,ゴルックミトン,
8735,ゴルックＦミトン,
8736,ゴルックFYミトン,
8737,ゴルックHSミトン,
8738,ゴルックＧミトン,
8739,ゴルックGFミトン,
8740,ゴルックGXミトン,
8741,しましまアーム,Brassards Shimashima
8742,しましまＦアーム,Brassards Shimashima F
8743,しましまFYアーム,Brassards Shimashima FY
8744,しましまHSアーム,Brassards Shimashima HS
8745,しましまＧアーム,Brassards Shimashima G
8746,しましまGFアーム,Brassards Shimashima GF
8747,しましまGXアーム,Brassards Shimashima GX
8748,しましまガード,Gardes Shimashima
8749,しましまＦガード,Gardes Shimashima F
8750,しましまFYガード,Gardes Shimashima FY
8751,しましまHSガード,Gardes Shimashima HS
8752,しましまＧガード,Gardes Shimashima G
8753,しましまGFガード,Gardes Shimashima GF
8754,しましまGXガード,Gardes Shimashima GX
8755,リオデュオFYアーム,Brassards Rath FY
8756,リオデュオHSアーム,Brassards Rath HS
8757,リオデュオＧアーム,Brassards Rath G
8758,リオデュオGFアーム,Brassards Rath GF
8759,リオデュオGXアーム,Brassards Rath GX
8760,リオデュオFYガード,Gardes Rath FY
8761,リオデュオHSガード,Gardes Rath HS
8762,リオデュオＧガード,Gardes Rath G
8763,リオデュオGFガード,Gardes Rath GF
8764,リオデュオGXガード,Gardes Rath GX
8765,タンドレスHSアーム,Brassards Tandress HS
8766,タンドレスＧアーム,Brassards Tandress G
8767,タンドレスGFアーム,Brassards Tandress GF
8768,タンドレスGXアーム,Brassards Tandress GX
8769,タンドレスHSガード,Gardes Tandress HS
8770,タンドレスＧガード,Gardes Tandress G
8771,タンドレスGFガード,Gardes Tandress GF
8772,タンドレスGXガード,Gardes Tandress GX
8773,ランヴォアーム,Brassards Ranvuo
8774,ランヴォＦアーム,Brassards Ranvuo F
8775,ランヴォFYアーム,Brassards Ranvuo FY
8776,ランヴォHSアーム,Brassards Ranvuo HS
8777,ランヴォＧアーム,Brassards Ranvuo G
8778,ランヴォGFアーム,Brassards Ranvuo GF
8779,ランヴォGXアーム,Brassards Ranvuo GX
8780,ランヴォガード,Gardes Ranvuo
8781,ランヴォＦガード,Gardes Ranvuo F
8782,ランヴォFYガード,Gardes Ranvuo FY
8783,ランヴォHSガード,Gardes Ranvuo HS
8784,ランヴォＧガード,Gardes Ranvuo G
8785,ランヴォGFガード,Gardes Ranvuo GF
8786,ランヴォGXガード,Gardes Ranvuo GX
8787,ニュイアーム,Brassards Nyui
8788,ニュイＦアーム,Brassards Nyui F
8789,ニュイFYアーム,Brassards Nyui FY
8790,ニュイHSアーム,Brassards Nyui HS
8791,ニュイＧアーム,Brassards Nyui G
8792,ニュイGFアーム,Brassards Nyui GF
8793,ニュイGXアーム,Brassards Nyui GX
8794,ニュイガード,Gardes Nyui
8795,ニュイＦガード,Gardes Nyui F
8796,ニュイFYガード,Gardes Nyui FY
8797,ニュイHSガード,Gardes Nyui HS
8798,ニュイＧガード,Gardes Nyui G
8799,ニュイGFガード,Gardes Nyui GF
8800,ニュイGXガード,Gardes Nyui GX
8801,ダミー,
8802,ダミー,
8803,ダミー,
8804,ダミー,
8805,ニンファＧアーム,Brassards Nympha G
8806,ニンファGFアーム,Brassards Nympha GF
8807,ニンファGXアーム,Brassards Nympha GX
8808,ダミー,
8809,ダミー,
8810,ダミー,
8811,ダミー,
8812,ニンファＧガード,Gardes Nympha G
8813,ニンファGFガード,Gardes Nympha GF
8814,ニンファGXガード,Gardes Nympha GX
8815,ハルドGXアーム,Brassards Harudo GX
8816,ハルドGXガード,Gardes Harudo GX
8817,グレアGXアーム,Brassards Gureado GX
8818,グレアGXガード,Gardes Gureado GX
8819,ピクスGPアーム・緑,Brassards Pyx GP verts
8820,ピクスGPガード・緑,Gardes Pyx GP vertes
8821,ピクスGPアーム・紫,Brassards Pyx GP violets
8822,ピクスGPガード・紫,Gardes Pyx GP violettes
8823,ピクスGPアーム・黒,Brassards Pyx GP noirs
8824,ピクスGPガード・黒,Gardes Pyx GP noires
8825,ピクスGPアーム・水,
8826,ピクスGPガード・水,
8827,ダミー,
8828,ダミー,
8829,スマートHSアーム,
8830,スマートGSアーム,
8831,ガスラアーム,Brassards Gasura
8832,ガスラＦアーム,Brassards Gasura F
8833,ガスラFXアーム,Brassards Gasura FX
8834,ガスラＧアーム,Brassards Gasura G
8835,ガスラGFアーム,Brassards Gasura GF
8836,ガスラGXアーム,Brassards Gasura GX
8837,ガスラガード,Gardes Gasura
8838,ガスラＦガード,Gardes Gasura F
8839,ガスラFXガード,Gardes Gasura FX
8840,ガスラＧガード,Gardes Gasura G
8841,ガスラGFガード,Gardes Gasura GF
8842,ガスラGXガード,Gardes Gasura GX
8843,怒貌Ｇ【篭手】,
8844,怒貌GF【篭手】,
8845,怒貌GX【篭手】,
8846,怒面Ｇ【篭手】,
8847,怒面GF【篭手】,
8848,怒面GX【篭手】,
8849,アビＧアーム,Brassards Abi G
8850,アビGFアーム,Brassards Abi GF
8851,アビGXアーム,Brassards Abi GX
8852,アビＧガード,Gardes Abi G
8853,アビGFガード,Gardes Abi GF
8854,アビGXガード,Gardes Abi GX
8855,ジンオウアーム,Brassards Zinogre
8856,ジンオウＧアーム,Brassards Zinogre G
8857,ジンオウGFアーム,Brassards Zinogre GF
8858,ジンオウGXアーム,Brassards Zinogre GX
8859,ジンオウガード,Gardes Zinogre
8860,ジンオウＧガード,Gardes Zinogre G
8861,ジンオウGFガード,Gardes Zinogre GF
8862,ジンオウGXガード,Gardes Zinogre GX
8863,ガニアアーム・赤,Brassards Gania rouges
8864,ガニアＦアーム・赤,Brassards Gania F rouges
8865,ガニアFZアーム・赤,Brassards Gania FZ rouges
8866,ガニアHSアーム・赤,Brassards Gania HS rouges
8867,ガニアGSアーム・赤,Brassards Gania GS rouges
8868,ガニアGPアーム・赤,Brassards Gania GP rouges
8869,ガニアガード・赤,Gardes Gania rouges
8870,ガニアＦガード・赤,Gardes Gania F rouges
8871,ガニアFZガード・赤,Gardes Gania FZ rouges
8872,ガニアHSガード・赤,Gardes Gania HS rouges
8873,ガニアGSガード・赤,Gardes Gania GS rouges
8874,ガニアGPガード・赤,Gardes Gania GP rouges
8875,ガニアアーム・青,Brassards Gania bleus
8876,ガニアＦアーム・青,Brassards Gania F bleus
8877,ガニアFZアーム・青,Brassards Gania FZ bleus
8878,ガニアHSアーム・青,Brassards Gania HS bleus
8879,ガニアGSアーム・青,Brassards Gania GS bleus
8880,ガニアGPアーム・青,Brassards Gania GP bleus
8881,ガニアガード・青,Gardes Gania bleues
8882,ガニアＦガード・青,Gardes Gania F bleues
8883,ガニアFZガード・青,Gardes Gania FZ bleues
8884,ガニアHSガード・青,Gardes Gania HS bleues
8885,ガニアGSガード・青,Gardes Gania GS bleues
8886,ガニアGPガード・青,Gardes Gania GP bleues
8887,ガニアアーム・茶,Brassards Gania bruns
8888,ガニアＦアーム・茶,Brassards Gania F bruns
8889,ガニアFZアーム・茶,Brassards Gania FZ bruns
8890,ガニアHSアーム・茶,Brassards Gania HS bruns
8891,ガニアGSアーム・茶,Brassards Gania GS bruns
8892,ガニアGPアーム・茶,Brassards Gania GP bruns
8893,ガニアガード・茶,Gardes Gania brunes
8894,ガニアＦガード・茶,Gardes Gania F brunes
8895,ガニアFZガード・茶,Gardes Gania FZ brunes
8896,ガニアHSガード・茶,Gardes Gania HS brunes
8897,ガニアGSガード・茶,Gardes Gania GS brunes
8898,ガニアGPガード・茶,Gardes Gania GP brunes
8899,ガニアアーム・紫,Brassards Gania violets
8900,ガニアＦアーム・紫,Brassards Gania F violets
8901,ガニアFZアーム・紫,Brassards Gania FZ violets
8902,ガニアHSアーム・紫,Brassards Gania HS violets
8903,ガニアGSアーム・紫,Brassards Gania GS violets
8904,ガニアGPアーム・紫,Brassards Gania GP violets
8905,ガニアガード・紫,Gardes Gania violettes
8906,ガニアＦガード・紫,Gardes Gania F violettes
8907,ガニアFZガード・紫,Gardes Gania FZ violettes
8908,ガニアHSガード・紫,Gardes Gania HS violettes
8909,ガニアGSガード・紫,Gardes Gania GS violettes
8910,ガニアGPガード・紫,Gardes Gania GP violettes
8911,ディナトアーム,Brassards Dinato
8912,ディナトＦアーム,Brassards Dinato F
8913,ディナトFZアーム,Brassards Dinato FZ
8914,ディナトHSアーム,Brassards Dinato HS
8915,ディナトGSアーム,Brassards Dinato GS
8916,ディナトGPアーム,Brassards Dinato GP
8917,ディナトガード,Gardes Dinato
8918,ディナトＦガード,Gardes Dinato F
8919,ディナトFZガード,Gardes Dinato FZ
8920,ディナトHSガード,Gardes Dinato HS
8921,ディナトGSガード,Gardes Dinato GS
8922,ディナトGPガード,Gardes Dinato GP
8923,ドゥケアーム,Brassards Duque
8924,ドゥケＦアーム,Brassards Duque F
8925,ドゥケFZアーム,Brassards Duque FZ
8926,ドゥケHSアーム,Brassards Duque HS
8927,ドゥケGSアーム,Brassards Duque GS
8928,ドゥケGPアーム,Brassards Duque GP
8929,ドゥケガード,Gardes Duque
8930,ドゥケＦガード,Gardes Duque F
8931,ドゥケFZガード,Gardes Duque FZ
8932,ドゥケHSガード,Gardes Duque HS
8933,ドゥケGSガード,Gardes Duque GS
8934,ドゥケGPガード,Gardes Duque GP
8935,グラヌアーム,Brassards Granu
8936,グラヌＦアーム,Brassards Granu F
8937,グラヌFZアーム,Brassards Granu FZ
8938,グラヌHSアーム,Brassards Granu HS
8939,グラヌGSアーム,Brassards Granu GS
8940,グラヌGPアーム,Brassards Granu GP
8941,グラヌガード,Gardes Granu
8942,グラヌＦガード,Gardes Granu F
8943,グラヌFZガード,Gardes Granu FZ
8944,グラヌHSガード,Gardes Granu HS
8945,グラヌGSガード,Gardes Granu GS
8946,グラヌGPガード,Gardes Granu GP
8947,プラグアーム：01,
8948,プラグＦアーム：01,
8949,プラグFZアーム：01,
8950,プラグHSアーム：01,
8951,プラグGSアーム：01,
8952,プラグGPアーム：01,
8953,プラグガード：01,
8954,プラグＦガード：01,
8955,プラグFZガード：01,
8956,プラグHSガード：01,
8957,プラグGSガード：01,
8958,プラグGPガード：01,
8959,プラグアーム：00,
8960,プラグＦアーム：00,
8961,プラグFZアーム：00,
8962,プラグHSアーム：00,
8963,プラグGSアーム：00,
8964,プラグGPアーム：00,
8965,プラグガード：00,
8966,プラグＦガード：00,
8967,プラグFZガード：00,
8968,プラグHSガード：00,
8969,プラグGSガード：00,
8970,プラグGPガード：00,
8971,初号機アーム,Brassards Unit-
8972,初号機Ｆアーム,Brassards Unit- F
8973,初号機FZアーム,Brassards Unit- FZ
8974,初号機HSアーム,Brassards Unit- HS
8975,初号機GSアーム,Brassards Unit- GS
8976,初号機GPアーム,Brassards Unit- GP
8977,初号機ガード,Gardes Unit-
8978,初号機Ｆガード,Gardes Unit- F
8979,初号機FZガード,Gardes Unit- FZ
8980,初号機HSガード,Gardes Unit- HS
8981,初号機GSガード,Gardes Unit- GS
8982,初号機GPガード,Gardes Unit- GP
8983,零号機アーム,Brassards Unit-
8984,零号機Ｆアーム,Brassards Unit- F
8985,零号機FZアーム,Brassards Unit- FZ
8986,零号機HSアーム,Brassards Unit- HS
8987,零号機GSアーム,Brassards Unit- GS
8988,零号機GPアーム,Brassards Unit- GP
8989,零号機ガード,Gardes Unit-
8990,零号機Ｆガード,Gardes Unit- F
8991,零号機FZガード,Gardes Unit- FZ
8992,零号機HSガード,Gardes Unit- HS
8993,零号機GSガード,Gardes Unit- GS
8994,零号機GPガード,Gardes Unit- GP
8995,ダスクアーム・赤,Brassards Crépuscule rouges
8996,ダスクＦアーム・赤,Brassards Crépuscule F rouges
8997,ダスクFZアーム・赤,Brassards Crépuscule FZ rouges
8998,ダスクHSアーム・赤,Brassards Crépuscule HS rouges
8999,ダスクGSアーム・赤,Brassards Crépuscule GS rouges
9000,ダスクGPアーム・赤,Brassards Crépuscule GP rouges
9001,ダスクガード・赤,Gardes Crépuscule rouges
9002,ダスクＦガード・赤,Gardes Crépuscule F rouges
9003,ダスクFZガード・赤,Gardes Crépuscule FZ rouges
9004,ダスクHSガード・赤,Gardes Crépuscule HS rouges
9005,ダスクGSガード・赤,Gardes Crépuscule GS rouges
9006,ダスクGPガード・赤,Gardes Crépuscule GP rouges
9007,ダスクアーム・白,Brassards Crépuscule blancs
9008,ダスクＦアーム・白,Brassards Crépuscule F blancs
9009,ダスクFZアーム・白,Brassards Crépuscule FZ blancs
9010,ダスクHSアーム・白,Brassards Crépuscule HS blancs
9011,ダスクGSアーム・白,Brassards Crépuscule GS blancs
9012,ダスクGPアーム・白,Brassards Crépuscule GP blancs
9013,ダスクガード・白,Gardes Crépuscule blanches
9014,ダスクＦガード・白,Gardes Crépuscule F blanches
9015,ダスクFZガード・白,Gardes Crépuscule FZ blanches
9016,ダスクHSガード・白,Gardes Crépuscule HS blanches
9017,ダスクGSガード・白,Gardes Crépuscule GS blanches
9018,ダスクGPガード・白,Gardes Crépuscule GP blanches
9019,ダスクアーム・桃,Brassards Crépuscule roses
9020,ダスクＦアーム・桃,Brassards Crépuscule F roses
9021,ダスクFZアーム・桃,Brassards Crépuscule FZ roses
9022,ダスクHSアーム・桃,Brassards Crépuscule HS roses
9023,ダスクGSアーム・桃,Brassards Crépuscule GS roses
9024,ダスクGPアーム・桃,Brassards Crépuscule GP roses
9025,ダスクガード・桃,Gardes Crépuscule roses
9026,ダスクＦガード・桃,Gardes Crépuscule F roses
9027,ダスクFZガード・桃,Gardes Crépuscule FZ roses
9028,ダスクHSガード・桃,Gardes Crépuscule HS roses
9029,ダスクGSガード・桃,Gardes Crépuscule GS roses
9030,ダスクGPガード・桃,Gardes Crépuscule GP roses
9031,ダスクアーム・青,Brassards Crépuscule bleus
9032,ダスクＦアーム・青,Brassards Crépuscule F bleus
9033,ダスクFZアーム・青,Brassards Crépuscule FZ bleus
9034,ダスクHSアーム・青,Brassards Crépuscule HS bleus
9035,ダスクGSアーム・青,Brassards Crépuscule GS bleus
9036,ダスクGPアーム・青,Brassards Crépuscule GP bleus
9037,ダスクガード・青,Gardes Crépuscule bleues
9038,ダスクＦガード・青,Gardes Crépuscule F bleues
9039,ダスクFZガード・青,Gardes Crépuscule FZ bleues
9040,ダスクHSガード・青,Gardes Crépuscule HS bleues
9041,ダスクGSガード・青,Gardes Crépuscule GS bleues
9042,ダスクGPガード・青,Gardes Crépuscule GP bleues
9043,トイストアーム,
9044,トイストＦアーム,
9045,トイストFZアーム,
9046,トイストHSアーム,
9047,トイストGSアーム,
9048,トイストGPアーム,
9049,トイストガード,
9050,トイストＦガード,
9051,トイストFZガード,
9052,トイストHSガード,
9053,トイストGSガード,
9054,トイストGPガード,
9055,ネコダンアーム,Brassards Nekodan
9056,ネコダンＦアーム,Brassards Nekodan F
9057,ネコダンFZアーム,Brassards Nekodan FZ
9058,ネコダンHSアーム,Brassards Nekodan HS
9059,ネコダンGSアーム,Brassards Nekodan GS
9060,ネコダンGPアーム,Brassards Nekodan GP
9061,ロワーガマーノ,
9062,ロワーガＧマーノ,
9063,ロワーガGFマーノ,
9064,ロワーガGXマーノ,
9065,ロワーガブラッソ,
9066,ロワーガＧブラッソ,
9067,ロワーガGFブラッソ,
9068,ロワーガGXブラッソ,
9069,ファルメルマーノ,
9070,ファルメルＧマーノ,
9071,ファルメルGFマーノ,
9072,ファルメルGXマーノ,
9073,ファルメルブラッソ,
9074,ファルメルＧブラッソ,
9075,ファルメルGFブラッソ,
9076,ファルメルGXブラッソ,
9077,リアルオＧアーム,Brassards Riaruo G
9078,リアルオGFアーム,Brassards Riaruo GF
9079,リアルオGXアーム,Brassards Riaruo GX
9080,リアルオＧガード,Gardes Riaruo G
9081,リアルオGFガード,Gardes Riaruo GF
9082,リアルオGXガード,Gardes Riaruo GX
9083,オルドルアーム,Brassards Ordre
9084,オルドルＦアーム,Brassards Ordre F
9085,オルドルFYアーム,Brassards Ordre FY
9086,オルドルHSアーム,Brassards Ordre HS
9087,オルドルＧアーム,Brassards Ordre G
9088,オルドルGFアーム,Brassards Ordre GF
9089,オルドルGXアーム,Brassards Ordre GX
9090,オルドルガード,Gardes Ordre
9091,オルドルＦガード,Gardes Ordre F
9092,オルドルFYガード,Gardes Ordre FY
9093,オルドルHSガード,Gardes Ordre HS
9094,オルドルＧガード,Gardes Ordre G
9095,オルドルGFガード,Gardes Ordre GF
9096,オルドルGXガード,Gardes Ordre GX
9097,チェニーアーム,Brassards Cheni
9098,チェニーＦアーム,Brassards Cheni F
9099,チェニーFYアーム,Brassards Cheni FY
9100,チェニーHSアーム,Brassards Cheni HS
9101,チェニーＧアーム,Brassards Cheni G
9102,チェニーGFアーム,Brassards Cheni GF
9103,チェニーGXアーム,Brassards Cheni GX
9104,チェニーガード,Gardes Cheni
9105,チェニーＦガード,Gardes Cheni F
9106,チェニーFYガード,Gardes Cheni FY
9107,チェニーHSガード,Gardes Cheni HS
9108,チェニーＧガード,Gardes Cheni G
9109,チェニーGFガード,Gardes Cheni GF
9110,チェニーGXガード,Gardes Cheni GX
9111,ミニオムアーム,Brassards Miniomu
9112,ミニオムＦアーム,Brassards Miniomu F
9113,ミニオムFYアーム,Brassards Miniomu FY
9114,ミニオムHSアーム,Brassards Miniomu HS
9115,ミニオムＧアーム,Brassards Miniomu G
9116,ミニオムGFアーム,Brassards Miniomu GF
9117,ミニオムGXアーム,Brassards Miniomu GX
9118,ミニオムガード,Gardes Miniomu
9119,ミニオムＦガード,Gardes Miniomu F
9120,ミニオムFYガード,Gardes Miniomu FY
9121,ミニオムHSガード,Gardes Miniomu HS
9122,ミニオムＧガード,Gardes Miniomu G
9123,ミニオムGFガード,Gardes Miniomu GF
9124,ミニオムGXガード,Gardes Miniomu GX
9125,ワンスアーム,
9126,ワンスＦアーム,
9127,ワンスFYアーム,
9128,ワンスHSアーム,
9129,ワンスＧアーム,
9130,ワンスGFアーム,
9131,ワンスGXアーム,
9132,ワンスガード,
9133,ワンスＦガード,
9134,ワンスFYガード,
9135,ワンスHSガード,
9136,ワンスＧガード,
9137,ワンスGFガード,
9138,ワンスGXガード,
9139,浮峰【篭手】,
9140,浮峰Ｆ【篭手】,
9141,浮峰FX【篭手】,
9142,浮峰Ｇ【篭手】,
9143,浮峰GF【篭手】,
9144,浮峰GX【篭手】,
9145,浮嶺【篭手】,
9146,浮嶺Ｆ【篭手】,
9147,浮嶺FX【篭手】,
9148,浮嶺Ｇ【篭手】,
9149,浮嶺GF【篭手】,
9150,浮嶺GX【篭手】,
9151,モノデビルＧアーム,Brassards Monodevil G
9152,モノデビルGFアーム,Brassards Monodevil GF
9153,モノデビルGXアーム,Brassards Monodevil GX
9154,モノデビルＧガード,Gardes Monodevil G
9155,モノデビルGFガード,Gardes Monodevil GF
9156,モノデビルGXガード,Gardes Monodevil GX
9157,ディアースＧアーム,Brassards Diablos G
9158,ディアースGFアーム,Brassards Diablos GF
9159,ディアースGXアーム,Brassards Diablos GX
9160,ディアースＧガード,Gardes Diablos G
9161,ディアースGFガード,Gardes Diablos GF
9162,ディアースGXガード,Gardes Diablos GX
9163,ワダツミGX【大袖】,
9164,オカミGX【大袖】,
9165,オディバGXアーム,Brassards Odiva GX
9166,オディバGXガード,Gardes Odiva GX
9167,雅孔GX【篭手】,
9168,雅穿GX【篭手】,
9169,バンギスアーム,Brassards Vangis
9170,バンギスＧアーム,Brassards Vangis G
9171,バンギスGFアーム,Brassards Vangis GF
9172,バンギスGXアーム,Brassards Vangis GX
9173,バンギスガード,Gardes Vangis
9174,バンギスＧガード,Gardes Vangis G
9175,バンギスGFガード,Gardes Vangis GF
9176,バンギスGXガード,Gardes Vangis GX
9177,シルティアーム,Brassards Shiruti
9178,シルティＦアーム,Brassards Shiruti F
9179,シルティFZアーム,Brassards Shiruti FZ
9180,シルティHSアーム,Brassards Shiruti HS
9181,シルティGSアーム,Brassards Shiruti GS
9182,シルティGPアーム,Brassards Shiruti GP
9183,シルティガード,Gardes Shiruti
9184,シルティＦガード,Gardes Shiruti F
9185,シルティFZガード,Gardes Shiruti FZ
9186,シルティHSガード,Gardes Shiruti HS
9187,シルティGSガード,Gardes Shiruti GS
9188,シルティGPガード,Gardes Shiruti GP
9189,ブラキアーム,Brassards Brachy
9190,ブラキＧアーム,Brassards Brachy G
9191,ブラキGFアーム,Brassards Brachy GF
9192,ブラキGXアーム,Brassards Brachy GX
9193,ブラキガード,Gardes Brachy
9194,ブラキＧガード,Gardes Brachy G
9195,ブラキGFガード,Gardes Brachy GF
9196,ブラキGXガード,Gardes Brachy GX
9197,トリドアーム,Brassards Torid
9198,トリドＦアーム,Brassards Torid F
9199,トリドFXアーム,Brassards Torid FX
9200,トリドＧアーム,Brassards Torid G
9201,トリドGFアーム,Brassards Torid GF
9202,トリドGXアーム,Brassards Torid GX
9203,トリドガード,Gardes Torid
9204,トリドＦガード,Gardes Torid F
9205,トリドFXガード,Gardes Torid FX
9206,トリドＧガード,Gardes Torid G
9207,トリドGFガード,Gardes Torid GF
9208,トリドGXガード,Gardes Torid GX
9209,照雷Ｇ【篭手】,
9210,照雷GF【篭手】,
9211,照雷GX【篭手】,
9212,明雷Ｇ【篭手】,
9213,明雷GF【篭手】,
9214,明雷GX【篭手】,
9215,エスピスＧファオスト,
9216,エスピスGFファオスト,
9217,エスピスGXファオスト,
9218,エスピスＧベギアデ,
9219,エスピスGFベギアデ,
9220,エスピスGXベギアデ,
9221,ヴォラＧアーム,Brassards Volga G
9222,ヴォラGFアーム,Brassards Volga GF
9223,ヴォラGXアーム,Brassards Volga GX
9224,ヴォラＧガード,Gardes Volga G
9225,ヴォラGFガード,Gardes Volga GF
9226,ヴォラGXガード,Gardes Volga GX
9227,ラヴィＧアーム：猛,
9228,ラヴィGFアーム：猛,
9229,ラヴィGXアーム：猛,
9230,ラヴィＧガード：猛,
9231,ラヴィGFガード：猛,
9232,ラヴィGXガード：猛,
9233,ラヴィアーム：狂,
9234,ラヴィHSアーム：狂,
9235,ラヴィＧアーム：狂,
9236,ラヴィGFアーム：狂,
9237,ラヴィGXアーム：狂,
9238,ラヴィガード：狂,
9239,ラヴィHSガード：狂,
9240,ラヴィＧガード：狂,
9241,ラヴィGFガード：狂,
9242,ラヴィGXガード：狂,
9243,ラヴィＧアーム,Brassards Raviente G
9244,ラヴィGFアーム,Brassards Raviente GF
9245,ラヴィGXアーム,Brassards Raviente GX
9246,ラヴィＧガード,Gardes Raviente G
9247,ラヴィGFガード,Gardes Raviente GF
9248,ラヴィGXガード,Gardes Raviente GX
9249,ヒプシーＧアーム,Brassards Hypnoc G
9250,ヒプシーGFアーム,Brassards Hypnoc GF
9251,ヒプシーGXアーム,Brassards Hypnoc GX
9252,ヒプシーＧガード,Gardes Hypnoc G
9253,ヒプシーGFガード,Gardes Hypnoc GF
9254,ヒプシーGXガード,Gardes Hypnoc GX
9255,ヴィーチアーム,Brassards Vichi
9256,ヴィーチＦアーム,Brassards Vichi F
9257,ヴィーチFZアーム,Brassards Vichi FZ
9258,ヴィーチHSアーム,Brassards Vichi HS
9259,ヴィーチGSアーム,Brassards Vichi GS
9260,ヴィーチGPアーム,Brassards Vichi GP
9261,ヴィーチガード,Gardes Vichi
9262,ヴィーチＦガード,Gardes Vichi F
9263,ヴィーチFZガード,Gardes Vichi FZ
9264,ヴィーチHSガード,Gardes Vichi HS
9265,ヴィーチGSガード,Gardes Vichi GS
9266,ヴィーチGPガード,Gardes Vichi GP
9267,ギルドバードアーム,Brassards Guilde
9268,ギルドバードＧアーム,Brassards Guilde G
9269,ギルドバードGFアーム,Brassards Guilde GF
9270,ギルドバードGXアーム,Brassards Guilde GX
9271,ギルドバードカフス,
9272,ギルドバードＧカフス,
9273,ギルドバードGFカフス,
9274,ギルドバードGXカフス,
9275,スカラーグラブ,
9276,スカラーＧグラブ,
9277,スカラーGFグラブ,
9278,スカラーGXグラブ,
9279,スカラーカフス,
9280,スカラーＧカフス,
9281,スカラーGFカフス,
9282,スカラーGXカフス,
9283,アミスタアーム・黒,Brassards Amista noirs
9284,アミスタＦアーム・黒,Brassards Amista F noirs
9285,アミスタFZアーム・黒,Brassards Amista FZ noirs
9286,アミスタHSアーム・黒,Brassards Amista HS noirs
9287,アミスタGSアーム・黒,Brassards Amista GS noirs
9288,アミスタGPアーム・黒,Brassards Amista GP noirs
9289,アミスタガード・黒,Gardes Amista noires
9290,アミスタＦガード・黒,Gardes Amista F noires
9291,アミスタFZガード・黒,Gardes Amista FZ noires
9292,アミスタHSガード・黒,Gardes Amista HS noires
9293,アミスタGSガード・黒,Gardes Amista GS noires
9294,アミスタGPガード・黒,Gardes Amista GP noires
9295,アミスタアーム・白,Brassards Amista blancs
9296,アミスタＦアーム・白,Brassards Amista F blancs
9297,アミスタFZアーム・白,Brassards Amista FZ blancs
9298,アミスタHSアーム・白,Brassards Amista HS blancs
9299,アミスタGSアーム・白,Brassards Amista GS blancs
9300,アミスタGPアーム・白,Brassards Amista GP blancs
9301,アミスタガード・白,Gardes Amista blanches
9302,アミスタＦガード・白,Gardes Amista F blanches
9303,アミスタFZガード・白,Gardes Amista FZ blanches
9304,アミスタHSガード・白,Gardes Amista HS blanches
9305,アミスタGSガード・白,Gardes Amista GS blanches
9306,アミスタGPガード・白,Gardes Amista GP blanches
9307,アミスタアーム・青,Brassards Amista bleus
9308,アミスタＦアーム・青,Brassards Amista F bleus
9309,アミスタFZアーム・青,Brassards Amista FZ bleus
9310,アミスタHSアーム・青,Brassards Amista HS bleus
9311,アミスタGSアーム・青,Brassards Amista GS bleus
9312,アミスタGPアーム・青,Brassards Amista GP bleus
9313,アミスタガード・青,Gardes Amista bleues
9314,アミスタＦガード・青,Gardes Amista F bleues
9315,アミスタFZガード・青,Gardes Amista FZ bleues
9316,アミスタHSガード・青,Gardes Amista HS bleues
9317,アミスタGSガード・青,Gardes Amista GS bleues
9318,アミスタGPガード・青,Gardes Amista GP bleues
9319,アミスタアーム・紅,Brassards Amista cramoisis
9320,アミスタＦアーム・紅,Brassards Amista F cramoisis
9321,アミスタFZアーム・紅,Brassards Amista FZ cramoisis
9322,アミスタHSアーム・紅,Brassards Amista HS cramoisis
9323,アミスタGSアーム・紅,Brassards Amista GS cramoisis
9324,アミスタGPアーム・紅,Brassards Amista GP cramoisis
9325,アミスタガード・紅,Gardes Amista cramoisies
9326,アミスタＦガード・紅,Gardes Amista F cramoisies
9327,アミスタFZガード・紅,Gardes Amista FZ cramoisies
9328,アミスタHSガード・紅,Gardes Amista HS cramoisies
9329,アミスタGSガード・紅,Gardes Amista GS cramoisies
9330,アミスタGPガード・紅,Gardes Amista GP cramoisies
9331,プラグアーム：06,
9332,プラグＦアーム：06,
9333,プラグFZアーム：06,
9334,プラグHSアーム：06,
9335,プラグGSアーム：06,
9336,プラグGPアーム：06,
9337,プラグガード：06,
9338,プラグＦガード：06,
9339,プラグFZガード：06,
9340,プラグHSガード：06,
9341,プラグGSガード：06,
9342,プラグGPガード：06,
9343,プラグアーム：02,
9344,プラグＦアーム：02,
9345,プラグFZアーム：02,
9346,プラグHSアーム：02,
9347,プラグGSアーム：02,
9348,プラグGPアーム：02,
9349,プラグガード：02,
9350,プラグＦガード：02,
9351,プラグFZガード：02,
9352,プラグHSガード：02,
9353,プラグGSガード：02,
9354,プラグGPガード：02,
9355,Ｍark.０６アーム,Brassards Mark
9356,Ｍark.０６Ｆアーム,Brassards Mark F
9357,Ｍark.０６FZアーム,Brassards Mark FZ
9358,Ｍark.０６HSアーム,Brassards Mark HS
9359,Ｍark.０６GSアーム,Brassards Mark GS
9360,Ｍark.０６GPアーム,Brassards Mark GP
9361,Ｍark.０６ガード,Gardes Mark
9362,Ｍark.０６Ｆガード,Gardes Mark F
9363,Ｍark.０６FZガード,Gardes Mark FZ
9364,Ｍark.０６HSガード,Gardes Mark HS
9365,Ｍark.０６GSガード,Gardes Mark GS
9366,Ｍark.０６GPガード,Gardes Mark GP
9367,２号機アーム,Brassards Unit-
9368,２号機Ｆアーム,Brassards Unit- F
9369,２号機FZアーム,Brassards Unit- FZ
9370,２号機HSアーム,Brassards Unit- HS
9371,２号機GSアーム,Brassards Unit- GS
9372,２号機GPアーム,Brassards Unit- GP
9373,２号機ガード,Gardes Unit-
9374,２号機Ｆガード,Gardes Unit- F
9375,２号機FZガード,Gardes Unit- FZ
9376,２号機HSガード,Gardes Unit- HS
9377,２号機GSガード,Gardes Unit- GS
9378,２号機GPガード,Gardes Unit- GP
9379,カイラアーム,Brassards Kaila
9380,カイラＦアーム,Brassards Kaila F
9381,カイラFZアーム,Brassards Kaila FZ
9382,カイラHSアーム,Brassards Kaila HS
9383,カイラGSアーム,Brassards Kaila GS
9384,カイラGPアーム,Brassards Kaila GP
9385,カイラガード,Gardes Kaila
9386,カイラＦガード,Gardes Kaila F
9387,カイラFZガード,Gardes Kaila FZ
9388,カイラHSガード,Gardes Kaila HS
9389,カイラGSガード,Gardes Kaila GS
9390,カイラGPガード,Gardes Kaila GP
9391,ダミー,
9392,ダミー,
9393,ダミー,
9394,ダミー,
9395,ダミー,
9396,ダミー,
9397,オトノアーム,Brassards Otono
9398,オトノＦアーム,Brassards Otono F
9399,オトノFYアーム,Brassards Otono FY
9400,オトノHSアーム,Brassards Otono HS
9401,オトノＧアーム,Brassards Otono G
9402,オトノGFアーム,Brassards Otono GF
9403,オトノGXアーム,Brassards Otono GX
9404,カバリバアーム,Brassards Kabariba
9405,カバリバＦアーム,Brassards Kabariba F
9406,カバリバFYアーム,Brassards Kabariba FY
9407,カバリバHSアーム,Brassards Kabariba HS
9408,カバリバＧアーム,Brassards Kabariba G
9409,カバリバGFアーム,Brassards Kabariba GF
9410,カバリバGXアーム,Brassards Kabariba GX
9411,カバリバガード,Gardes Kabariba
9412,カバリバＦガード,Gardes Kabariba F
9413,カバリバFYガード,Gardes Kabariba FY
9414,カバリバHSガード,Gardes Kabariba HS
9415,カバリバＧガード,Gardes Kabariba G
9416,カバリバGFガード,Gardes Kabariba GF
9417,カバリバGXガード,Gardes Kabariba GX
9418,トルボダアーム,Brassards Toruboda
9419,トルボダＦアーム,Brassards Toruboda F
9420,トルボダFYアーム,Brassards Toruboda FY
9421,トルボダHSアーム,Brassards Toruboda HS
9422,トルボダＧアーム,Brassards Toruboda G
9423,トルボダGFアーム,Brassards Toruboda GF
9424,トルボダGXアーム,Brassards Toruboda GX
9425,トルボダガード,Gardes Toruboda
9426,トルボダＦガード,Gardes Toruboda F
9427,トルボダFYガード,Gardes Toruboda FY
9428,トルボダHSガード,Gardes Toruboda HS
9429,トルボダＧガード,Gardes Toruboda G
9430,トルボダGFガード,Gardes Toruboda GF
9431,トルボダGXガード,Gardes Toruboda GX
9432,オリクトアーム,Brassards Orykto
9433,オリクトＦアーム,Brassards Orykto F
9434,オリクトFYアーム,Brassards Orykto FY
9435,オリクトHSアーム,Brassards Orykto HS
9436,オリクトガード,Gardes Orykto
9437,オリクトＦガード,Gardes Orykto F
9438,オリクトFYガード,Gardes Orykto FY
9439,オリクトHSガード,Gardes Orykto HS
9440,レウアスＧアーム,Brassards Reuasu G
9441,レウアスGFアーム,Brassards Reuasu GF
9442,レウアスGXアーム,Brassards Reuasu GX
9443,レウアスＧガード,Gardes Reuasu G
9444,レウアスGFガード,Gardes Reuasu GF
9445,レウアスGXガード,Gardes Reuasu GX
9446,ハリメノアーム,Brassards Harimeno
9447,ハリメノＦアーム,Brassards Harimeno F
9448,ハリメノFYアーム,Brassards Harimeno FY
9449,ハリメノHSアーム,Brassards Harimeno HS
9450,ハリメノＧアーム,Brassards Harimeno G
9451,ハリメノGFアーム,Brassards Harimeno GF
9452,ハリメノGXアーム,Brassards Harimeno GX
9453,ハリメノガード,Gardes Harimeno
9454,ハリメノＦガード,Gardes Harimeno F
9455,ハリメノFYガード,Gardes Harimeno FY
9456,ハリメノHSガード,Gardes Harimeno HS
9457,ハリメノＧガード,Gardes Harimeno G
9458,ハリメノGFガード,Gardes Harimeno GF
9459,ハリメノGXガード,Gardes Harimeno GX
9460,シウスＧアーム,Brassards Shiusu G
9461,シウスGFアーム,Brassards Shiusu GF
9462,シウスGXアーム,Brassards Shiusu GX
9463,シウスＧガード,Gardes Shiusu G
9464,シウスGFガード,Gardes Shiusu GF
9465,シウスGXガード,Gardes Shiusu GX
9466,ベリオアーム,Brassards Barioth
9467,ベリオＧアーム,Brassards Barioth G
9468,ベリオGFアーム,Brassards Barioth GF
9469,ベリオGXアーム,Brassards Barioth GX
9470,ベリオガード,Gardes Barioth
9471,ベリオＧガード,Gardes Barioth G
9472,ベリオGFガード,Gardes Barioth GF
9473,ベリオGXガード,Gardes Barioth GX
9474,ウィルＧアーム,
9475,ウィルGFアーム,
9476,ウィルGXアーム,
9477,ウィルＧガード,
9478,ウィルGFガード,
9479,ウィルGXガード,
9480,ケイスアーム,Brassards Keisu
9481,ケイスＦアーム,Brassards Keisu F
9482,ケイスFYアーム,Brassards Keisu FY
9483,ケイスHSアーム,Brassards Keisu HS
9484,ケイスＧアーム,Brassards Keisu G
9485,ケイスGFアーム,Brassards Keisu GF
9486,ケイスGXアーム,Brassards Keisu GX
9487,ケイスガード,Gardes Keisu
9488,ケイスＦガード,Gardes Keisu F
9489,ケイスFYガード,Gardes Keisu FY
9490,ケイスHSガード,Gardes Keisu HS
9491,ケイスＧガード,Gardes Keisu G
9492,ケイスGFガード,Gardes Keisu GF
9493,ケイスGXガード,Gardes Keisu GX
9494,リュミエアーム,Brassards Lumiere
9495,リュミエＦアーム,Brassards Lumiere F
9496,リュミエFYアーム,Brassards Lumiere FY
9497,リュミエHSアーム,Brassards Lumiere HS
9498,リュミエＧアーム,Brassards Lumiere G
9499,リュミエGFアーム,Brassards Lumiere GF
9500,リュミエGXアーム,Brassards Lumiere GX
9501,リュミエガード,Gardes Lumiere
9502,リュミエＦガード,Gardes Lumiere F
9503,リュミエFYガード,Gardes Lumiere FY
9504,リュミエHSガード,Gardes Lumiere HS
9505,リュミエＧガード,Gardes Lumiere G
9506,リュミエGFガード,Gardes Lumiere GF
9507,リュミエGXガード,Gardes Lumiere GX
9508,クレオラアーム,Brassards Cleora
9509,クレオラＦアーム,Brassards Cleora F
9510,クレオラFYアーム,Brassards Cleora FY
9511,クレオラHSアーム,Brassards Cleora HS
9512,クレオラＧアーム,Brassards Cleora G
9513,クレオラGFアーム,Brassards Cleora GF
9514,クレオラGXアーム,Brassards Cleora GX
9515,クレオラガード,Gardes Cleora
9516,クレオラＦガード,Gardes Cleora F
9517,クレオラFYガード,Gardes Cleora FY
9518,クレオラHSガード,Gardes Cleora HS
9519,クレオラＧガード,Gardes Cleora G
9520,クレオラGFガード,Gardes Cleora GF
9521,クレオラGXガード,Gardes Cleora GX
9522,ドラギュＧアーム,Brassards Doragyurosu G
9523,ドラギュGFアーム,Brassards Doragyurosu GF
9524,ドラギュGXアーム,Brassards Doragyurosu GX
9525,ドラギュＧガード,Gardes Doragyurosu G
9526,ドラギュGFガード,Gardes Doragyurosu GF
9527,ドラギュGXガード,Gardes Doragyurosu GX
9528,ウィンドGXハトゥー,
9529,ウィンドGXマカーン,
9530,メラギGXアーム,Brassards Meraginasu GX
9531,メラギGXガード,Gardes Meraginasu GX
9532,ポボルムGXアーム,Brassards Pobo GX
9533,ポボルムGXガード,Gardes Pobo GX
9534,トアアーム,Brassards Toa
9535,トアＦアーム,Brassards Toa F
9536,トアFXアーム,Brassards Toa FX
9537,トアＧアーム,Brassards Toa G
9538,トアGFアーム,Brassards Toa GF
9539,トアGXアーム,Brassards Toa GX
9540,トアガード,Gardes Toa
9541,トアＦガード,Gardes Toa F
9542,トアFXガード,Gardes Toa FX
9543,トアＧガード,Gardes Toa G
9544,トアGFガード,Gardes Toa GF
9545,トアGXガード,Gardes Toa GX
9546,ククスＧアーム,Brassards Kut G
9547,ククスGFアーム,Brassards Kut GF
9548,ククスGXアーム,Brassards Kut GX
9549,ククスＧガード,Gardes Kut G
9550,ククスGFガード,Gardes Kut GF
9551,ククスGXガード,Gardes Kut GX
9552,弩岩Ｇ【篭手】,
9553,弩岩GF【篭手】,
9554,弩岩GX【篭手】,
9555,紅岩Ｇ【篭手】,
9556,紅岩GF【篭手】,
9557,紅岩GX【篭手】,
9558,シエロアーム,Brassards Cielo
9559,シエロＦアーム,Brassards Cielo F
9560,シエロFZアーム,Brassards Cielo FZ
9561,シエロHSアーム,Brassards Cielo HS
9562,シエロGSアーム,Brassards Cielo GS
9563,シエロGPアーム,Brassards Cielo GP
9564,シエロガード,Gardes Cielo
9565,シエロＦガード,Gardes Cielo F
9566,シエロFZガード,Gardes Cielo FZ
9567,シエロHSガード,Gardes Cielo HS
9568,シエロGSガード,Gardes Cielo GS
9569,シエロGPガード,Gardes Cielo GP
9570,ガガチュアーム,Brassards Gagachu
9571,ガガチュＦアーム,Brassards Gagachu F
9572,ガガチュFZアーム,Brassards Gagachu FZ
9573,ガガチュHSアーム,Brassards Gagachu HS
9574,ガガチュGSアーム,Brassards Gagachu GS
9575,ガガチュGPアーム,Brassards Gagachu GP
9576,ガガチュガード,Gardes Gagachu
9577,ガガチュＦガード,Gardes Gagachu F
9578,ガガチュFZガード,Gardes Gagachu FZ
9579,ガガチュHSガード,Gardes Gagachu HS
9580,ガガチュGSガード,Gardes Gagachu GS
9581,ガガチュGPガード,Gardes Gagachu GP
9582,サルタアーム,Brassards Salta
9583,サルタＦアーム,Brassards Salta F
9584,サルタFZアーム,Brassards Salta FZ
9585,サルタHSアーム,Brassards Salta HS
9586,サルタGSアーム,Brassards Salta GS
9587,サルタGPアーム,Brassards Salta GP
9588,サルタガード,Gardes Salta
9589,サルタＦガード,Gardes Salta F
9590,サルタFZガード,Gardes Salta FZ
9591,サルタHSガード,Gardes Salta HS
9592,サルタGSガード,Gardes Salta GS
9593,サルタGPガード,Gardes Salta GP
9594,チールＧアーム,Brassards Chiru G
9595,チールGFアーム,Brassards Chiru GF
9596,チールGXアーム,Brassards Chiru GX
9597,チールＧガード,Gardes Chiru G
9598,チールGFガード,Gardes Chiru GF
9599,チールGXガード,Gardes Chiru GX
9600,ガネトＧアーム,Brassards Ganeto G
9601,ガネトGFアーム,Brassards Ganeto GF
9602,ガネトGXアーム,Brassards Ganeto GX
9603,ガネトＧガード,Gardes Ganeto G
9604,ガネトGFガード,Gardes Ganeto GF
9605,ガネトGXガード,Gardes Ganeto GX
9606,千代ノ袖,
9607,千代ノ袖Ｆ,
9608,千代ノ袖FZ,
9609,千代ノ袖HS,
9610,千代ノ袖GS,
9611,千代ノ袖GP,
9612,千代ノ小手,
9613,千代ノ小手Ｆ,
9614,千代ノ小手FZ,
9615,千代ノ小手HS,
9616,千代ノ小手GS,
9617,千代ノ小手GP,
9618,ガンキンアーム,Brassards Uragaan
9619,ガンキンＧアーム,Brassards Uragaan G
9620,ガンキンGFアーム,Brassards Uragaan GF
9621,ガンキンGXアーム,Brassards Uragaan GX
9622,ガンキンガード,Gardes Uragaan
9623,ガンキンＧガード,Gardes Uragaan G
9624,ガンキンGFガード,Gardes Uragaan GF
9625,ガンキンGXガード,Gardes Uragaan GX
9626,オニキスアーム,
9627,オニキスＦアーム,
9628,オニキスFXアーム,
9629,ルチルアーム,Brassards Rutile
9630,ルチルＦアーム,Brassards Rutile F
9631,ルチルFXアーム,Brassards Rutile FX
9632,白虎・斬将Ｇアーム,
9633,白虎・斬将GFアーム,
9634,白虎・斬将GXアーム,
9635,朱雀・斬将Ｇアーム,
9636,朱雀・斬将GFアーム,
9637,朱雀・斬将GXアーム,
9638,玄武・斬将Ｇアーム,
9639,玄武・斬将GFアーム,
9640,玄武・斬将GXアーム,
9641,青龍・斬将Ｇアーム,
9642,青龍・斬将GFアーム,
9643,青龍・斬将GXアーム,
9644,白蘭・斬将アーム,
9645,白蘭・斬将Ｆアーム,
9646,白蘭・斬将FXアーム,
9647,紅霞・斬将アーム,
9648,紅霞・斬将Ｆアーム,
9649,紅霞・斬将FXアーム,
9650,白蘭・斬将Ｇアーム,
9651,白蘭・斬将GFアーム,
9652,白蘭・斬将GXアーム,
9653,月夜・斬将Ｇアーム,
9654,月夜・斬将GFアーム,
9655,月夜・斬将GXアーム,
9656,紅霞・斬将Ｇアーム,
9657,紅霞・斬将GFアーム,
9658,紅霞・斬将GXアーム,
9659,蒼穹・斬将Ｇアーム,
9660,蒼穹・斬将GFアーム,
9661,蒼穹・斬将GXアーム,
9662,グァンアーム,Brassards Guan
9663,グァンＦアーム,Brassards Guan F
9664,グァンFXアーム,Brassards Guan FX
9665,グァンＧアーム,Brassards Guan G
9666,グァンGFアーム,Brassards Guan GF
9667,グァンGXアーム,Brassards Guan GX
9668,グァンガード,Gardes Guan
9669,グァンＦガード,Gardes Guan F
9670,グァンFXガード,Gardes Guan FX
9671,グァンＧガード,Gardes Guan G
9672,グァンGFガード,Gardes Guan GF
9673,グァンGXガード,Gardes Guan GX
9674,帝征Ｇ【篭手】,
9675,帝征GF【篭手】,
9676,帝征GX【篭手】,
9677,帝王Ｇ【篭手】,
9678,帝王GF【篭手】,
9679,帝王GX【篭手】,
9680,クシャナＧハトゥー,
9681,クシャナGFハトゥー,
9682,クシャナGXハトゥー,
9683,クシャナＧマカーン,
9684,クシャナGFマカーン,
9685,クシャナGXマカーン,
9686,カイザーＧアーム,
9687,カイザーGFアーム,
9688,カイザーGXアーム,
9689,カイザーＧガード,
9690,カイザーGFガード,
9691,カイザーGXガード,
9692,ミヅハＧ【大袖】,
9693,ミヅハGF【大袖】,
9694,ミヅハGX【大袖】,
9695,トヨタマＧ【大袖】,
9696,トヨタマGF【大袖】,
9697,トヨタマGX【大袖】,
9698,ナルガアーム,Brassards Nargacuga
9699,ナルガＧアーム,Brassards Nargacuga G
9700,ナルガGFアーム,Brassards Nargacuga GF
9701,ナルガGXアーム,Brassards Nargacuga GX
9702,ナルガガード,Gardes Nargacuga
9703,ナルガＧガード,Gardes Nargacuga G
9704,ナルガGFガード,Gardes Nargacuga GF
9705,ナルガGXガード,Gardes Nargacuga GX
9706,ペリフアーム・青,Brassards Perif bleus
9707,ペリフＦアーム・青,Brassards Perif F bleus
9708,ペリフFZアーム・青,Brassards Perif FZ bleus
9709,ペリフHSアーム・青,Brassards Perif HS bleus
9710,ペリフGSアーム・青,Brassards Perif GS bleus
9711,ペリフGPアーム・青,Brassards Perif GP bleus
9712,ペリフガード・青,Gardes Perif bleues
9713,ペリフＦガード・青,Gardes Perif F bleues
9714,ペリフFZガード・青,Gardes Perif FZ bleues
9715,ペリフHSガード・青,Gardes Perif HS bleues
9716,ペリフGSガード・青,Gardes Perif GS bleues
9717,ペリフGPガード・青,Gardes Perif GP bleues
9718,ペリフアーム・茶,Brassards Perif bruns
9719,ペリフＦアーム・茶,Brassards Perif F bruns
9720,ペリフFZアーム・茶,Brassards Perif FZ bruns
9721,ペリフHSアーム・茶,Brassards Perif HS bruns
9722,ペリフGSアーム・茶,Brassards Perif GS bruns
9723,ペリフGPアーム・茶,Brassards Perif GP bruns
9724,ペリフガード・茶,Gardes Perif brunes
9725,ペリフＦガード・茶,Gardes Perif F brunes
9726,ペリフFZガード・茶,Gardes Perif FZ brunes
9727,ペリフHSガード・茶,Gardes Perif HS brunes
9728,ペリフGSガード・茶,Gardes Perif GS brunes
9729,ペリフGPガード・茶,Gardes Perif GP brunes
9730,ペリフアーム・緑,Brassards Perif verts
9731,ペリフＦアーム・緑,Brassards Perif F verts
9732,ペリフFZアーム・緑,Brassards Perif FZ verts
9733,ペリフHSアーム・緑,Brassards Perif HS verts
9734,ペリフGSアーム・緑,Brassards Perif GS verts
9735,ペリフGPアーム・緑,Brassards Perif GP verts
9736,ペリフガード・緑,Gardes Perif vertes
9737,ペリフＦガード・緑,Gardes Perif F vertes
9738,ペリフFZガード・緑,Gardes Perif FZ vertes
9739,ペリフHSガード・緑,Gardes Perif HS vertes
9740,ペリフGSガード・緑,Gardes Perif GS vertes
9741,ペリフGPガード・緑,Gardes Perif GP vertes
9742,ペリフアーム・紫,Brassards Perif violets
9743,ペリフＦアーム・紫,Brassards Perif F violets
9744,ペリフFZアーム・紫,Brassards Perif FZ violets
9745,ペリフHSアーム・紫,Brassards Perif HS violets
9746,ペリフGSアーム・紫,Brassards Perif GS violets
9747,ペリフGPアーム・紫,Brassards Perif GP violets
9748,ペリフガード・紫,Gardes Perif violettes
9749,ペリフＦガード・紫,Gardes Perif F violettes
9750,ペリフFZガード・紫,Gardes Perif FZ violettes
9751,ペリフHSガード・紫,Gardes Perif HS violettes
9752,ペリフGSガード・紫,Gardes Perif GS violettes
9753,ペリフGPガード・紫,Gardes Perif GP violettes
9754,カイジアーム,Brassards Kaiji
9755,カイジＦアーム,Brassards Kaiji F
9756,カイジFZアーム,Brassards Kaiji FZ
9757,カイジHSアーム,Brassards Kaiji HS
9758,カイジGSアーム,Brassards Kaiji GS
9759,カイジGPアーム,Brassards Kaiji GP
9760,カイジガード,Gardes Kaiji
9761,カイジＦガード,Gardes Kaiji F
9762,カイジFZガード,Gardes Kaiji FZ
9763,カイジHSガード,Gardes Kaiji HS
9764,カイジGSガード,Gardes Kaiji GS
9765,カイジGPガード,Gardes Kaiji GP
9766,美心アーム,Brassards Mikoko
9767,美心Ｆアーム,Brassards Mikoko F
9768,美心FZアーム,Brassards Mikoko FZ
9769,美心HSアーム,Brassards Mikoko HS
9770,美心GSアーム,Brassards Mikoko GS
9771,美心GPアーム,Brassards Mikoko GP
9772,美心ガード,Gardes Mikoko
9773,美心Ｆガード,Gardes Mikoko F
9774,美心FZガード,Gardes Mikoko FZ
9775,美心HSガード,Gardes Mikoko HS
9776,美心GSガード,Gardes Mikoko GS
9777,美心GPガード,Gardes Mikoko GP
9778,テリュオアーム,
9779,テリュオＦアーム,
9780,テリュオFZアーム,
9781,テリュオHSアーム,
9782,テリュオGSアーム,
9783,テリュオGPアーム,
9784,テリュオガード,
9785,テリュオＦガード,
9786,テリュオFZガード,
9787,テリュオHSガード,
9788,テリュオGSガード,
9789,テリュオGPガード,
9790,セイラーグラブ,
9791,セイラーＧグラブ,
9792,セイラーGFグラブ,
9793,セイラーGXグラブ,
9794,セイラーカフス,
9795,セイラーＧカフス,
9796,セイラーGFカフス,
9797,セイラーGXカフス,
9798,スフレアーム,
9799,スフレＦアーム,
9800,スフレFZアーム,
9801,スフレHSアーム,
9802,スフレGSアーム,
9803,スフレGPアーム,
9804,スフレガード,
9805,スフレＦガード,
9806,スフレFZガード,
9807,スフレHSガード,
9808,スフレGSガード,
9809,スフレGPガード,
9810,鬼伝ノ篭手Ｇ,
9811,鬼伝ノ篭手GF,
9812,鬼伝ノ篭手GX,
9813,童伝ノ篭手Ｇ,
9814,童伝ノ篭手GF,
9815,童伝ノ篭手GX,
9816,ヴァリエアーム,Brassards Valier
9817,ヴァリエＦアーム,Brassards Valier F
9818,ヴァリエFYアーム,Brassards Valier FY
9819,ヴァリエHSアーム,Brassards Valier HS
9820,ヴァリエＧアーム,Brassards Valier G
9821,ヴァリエGFアーム,Brassards Valier GF
9822,ヴァリエGXアーム,Brassards Valier GX
9823,ヴァリエガード,Gardes Valier
9824,ヴァリエＦガード,Gardes Valier F
9825,ヴァリエFYガード,Gardes Valier FY
9826,ヴァリエHSガード,Gardes Valier HS
9827,ヴァリエＧガード,Gardes Valier G
9828,ヴァリエGFガード,Gardes Valier GF
9829,ヴァリエGXガード,Gardes Valier GX
9830,ラースアーム,Brassards Lars
9831,ラースＦアーム,Brassards Lars F
9832,ラースFYアーム,Brassards Lars FY
9833,ラースHSアーム,Brassards Lars HS
9834,ラースＧアーム,Brassards Lars G
9835,ラースGFアーム,Brassards Lars GF
9836,ラースGXアーム,Brassards Lars GX
9837,ラースガード,Gardes Lars
9838,ラースＦガード,Gardes Lars F
9839,ラースFYガード,Gardes Lars FY
9840,ラースHSガード,Gardes Lars HS
9841,ラースＧガード,Gardes Lars G
9842,ラースGFガード,Gardes Lars GF
9843,ラースGXガード,Gardes Lars GX
9844,シルックグローブ,
9845,シルックＦグローブ,
9846,シルックFYグローブ,
9847,シルックHSグローブ,
9848,シルックＧグローブ,
9849,シルックGFグローブ,
9850,シルックGXグローブ,
9851,シルックミトン,
9852,シルックＦミトン,
9853,シルックFYミトン,
9854,シルックHSミトン,
9855,シルックＧミトン,
9856,シルックGFミトン,
9857,シルックGXミトン,
9858,ノルックグローブ,
9859,ノルックＦグローブ,
9860,ノルックFYグローブ,
9861,ノルックHSグローブ,
9862,ノルックＧグローブ,
9863,ノルックGFグローブ,
9864,ノルックGXグローブ,
9865,ノルックミトン,
9866,ノルックＦミトン,
9867,ノルックFYミトン,
9868,ノルックHSミトン,
9869,ノルックＧミトン,
9870,ノルックGFミトン,
9871,ノルックGXミトン,
9872,レイレスＧアーム,Brassards Reiresu G
9873,レイレスGFアーム,Brassards Reiresu GF
9874,レイレスGXアーム,Brassards Reiresu GX
9875,レイレスＧガード,Gardes Reiresu G
9876,レイレスGFガード,Gardes Reiresu GF
9877,レイレスGXガード,Gardes Reiresu GX
9878,アンジュＧアーム,
9879,アンジュGFアーム,
9880,アンジュGXアーム,
9881,アンジュＧガード,
9882,アンジュGFガード,
9883,アンジュGXガード,
9884,ソルフレアアーム,Brassards Solflare
9885,ソルフレアＦアーム,Brassards Solflare F
9886,ソルフレアFZアーム,Brassards Solflare FZ
9887,ソルフレアHSアーム,Brassards Solflare HS
9888,ソルフレアGSアーム,Brassards Solflare GS
9889,ソルフレアGPアーム,Brassards Solflare GP
9890,ソルフレアガード,Gardes Solflare
9891,ソルフレアＦガード,Gardes Solflare F
9892,ソルフレアFZガード,Gardes Solflare FZ
9893,ソルフレアHSガード,Gardes Solflare HS
9894,ソルフレアGSガード,Gardes Solflare GS
9895,ソルフレアGPガード,Gardes Solflare GP
9896,アーベンアーム,Brassards Arben
9897,アーベンＦアーム,Brassards Arben F
9898,アーベンFZアーム,Brassards Arben FZ
9899,アーベンHSアーム,Brassards Arben HS
9900,アーベンGSアーム,Brassards Arben GS
9901,アーベンGPアーム,Brassards Arben GP
9902,アーベンガード,Gardes Arben
9903,アーベンＦガード,Gardes Arben F
9904,アーベンFZガード,Gardes Arben FZ
9905,アーベンHSガード,Gardes Arben HS
9906,アーベンGSガード,Gardes Arben GS
9907,アーベンGPガード,Gardes Arben GP
9908,ケラヴノアーム,Brassards Keravuno
9909,ケラヴノＦアーム,Brassards Keravuno F
9910,ケラヴノFZアーム,Brassards Keravuno FZ
9911,ケラヴノHSアーム,Brassards Keravuno HS
9912,ケラヴノGSアーム,Brassards Keravuno GS
9913,ケラヴノGPアーム,Brassards Keravuno GP
9914,ケラヴノガード,Gardes Keravuno
9915,ケラヴノＦガード,Gardes Keravuno F
9916,ケラヴノFZガード,Gardes Keravuno FZ
9917,ケラヴノHSガード,Gardes Keravuno HS
9918,ケラヴノGSガード,Gardes Keravuno GS
9919,ケラヴノGPガード,Gardes Keravuno GP
9920,和花ノ篭手,Kote Waka
9921,和花ノ篭手Ｆ,
9922,和花ノ篭手FZ,
9923,和花ノ篭手HS,
9924,和花ノ篭手GS,
9925,和花ノ篭手GP,
9926,和花ノ御手,
9927,和花ノ御手Ｆ,
9928,和花ノ御手FZ,
9929,和花ノ御手HS,
9930,和花ノ御手GS,
9931,和花ノ御手GP,
9932,ルコＧクロウ,
9933,ルコGFクロウ,
9934,ルコGXクロウ,
9935,ルコＧフィスト,
9936,ルコGFフィスト,
9937,ルコGXフィスト,
9938,キリンＧアームロング,
9939,キリンGFアームロング,
9940,キリンGXアームロング,
9941,キリンＧグローブ,
9942,キリンGFグローブ,
9943,キリンGXグローブ,
9944,ヴォンアーム,Brassards Voljang
9945,ヴォンＦアーム,Brassards Voljang F
9946,ヴォンFXアーム,Brassards Voljang FX
9947,ヴォンＧアーム,Brassards Voljang G
9948,ヴォンGFアーム,Brassards Voljang GF
9949,ヴォンGXアーム,Brassards Voljang GX
9950,ヴォンガード,Gardes Voljang
9951,ヴォンＦガード,Gardes Voljang F
9952,ヴォンFXガード,Gardes Voljang FX
9953,ヴォンＧガード,Gardes Voljang G
9954,ヴォンGFガード,Gardes Voljang GF
9955,ヴォンGXガード,Gardes Voljang GX
9956,フレイムGXアーム,Brassards Flamme GX
9957,フレイムGXガード,Gardes Flamme GX
9958,フロルGXアーム,Brassards Furoru GX
9959,フロルGXガード,Gardes Furoru GX
9960,ヴァルGXアーム,Brassards Varusa GX
9961,ヴァルGXガード,Gardes Varusa GX
9962,獄狼アーム,Brassards Stygian
9963,獄狼Ｇアーム,Brassards Stygian G
9964,獄狼GFアーム,Brassards Stygian GF
9965,獄狼GXアーム,Brassards Stygian GX
9966,獄狼ガード,Gardes Stygian
9967,獄狼Ｇガード,Gardes Stygian G
9968,獄狼GFガード,Gardes Stygian GF
9969,獄狼GXガード,Gardes Stygian GX
9970,メラルーアーム,Brassards Melynx
9971,メラルーＦアーム,Brassards Melynx F
9972,メラルーFZアーム,Brassards Melynx FZ
9973,メラルーHSアーム,Brassards Melynx HS
9974,メラルーGSアーム,Brassards Melynx GS
9975,メラルーGPアーム,Brassards Melynx GP
9976,メラルーガード,Gardes Melynx
9977,メラルーＦガード,Gardes Melynx F
9978,メラルーFZガード,Gardes Melynx FZ
9979,メラルーHSガード,Gardes Melynx HS
9980,メラルーGSガード,Gardes Melynx GS
9981,メラルーGPガード,Gardes Melynx GP
9982,アイルーアーム,Brassards Felyne
9983,アイルーＦアーム,Brassards Felyne F
9984,アイルーFZアーム,Brassards Felyne FZ
9985,アイルーHSアーム,Brassards Felyne HS
9986,アイルーGSアーム,Brassards Felyne GS
9987,アイルーGPアーム,Brassards Felyne GP
9988,アイルーガード,Gardes Felyne
9989,アイルーＦガード,Gardes Felyne F
9990,アイルーFZガード,Gardes Felyne FZ
9991,アイルーHSガード,Gardes Felyne HS
9992,アイルーGSガード,Gardes Felyne GS
9993,アイルーGPガード,Gardes Felyne GP
9994,アメショアーム,Brassards Tigré
9995,アメショＦアーム,Brassards Tigré F
9996,アメショFZアーム,Brassards Tigré FZ
9997,アメショHSアーム,Brassards Tigré HS
9998,アメショGSアーム,Brassards Tigré GS
9999,アメショGPアーム,Brassards Tigré GP
10000,アメショガード,Gardes Tigré
10001,アメショＦガード,Gardes Tigré F
10002,アメショFZガード,Gardes Tigré FZ
10003,アメショHSガード,Gardes Tigré HS
10004,アメショGSガード,Gardes Tigré GS
10005,アメショGPガード,Gardes Tigré GP
10006,チャトラアーム,
10007,チャトラＦアーム,
10008,チャトラFZアーム,
10009,チャトラHSアーム,
10010,チャトラGSアーム,
10011,チャトラGPアーム,
10012,チャトラガード,
10013,チャトラＦガード,
10014,チャトラFZガード,
10015,チャトラHSガード,
10016,チャトラGSガード,
10017,チャトラGPガード,
10018,ミケアーム,
10019,ミケＦアーム,
10020,ミケFZアーム,
10021,ミケHSアーム,
10022,ミケGSアーム,
10023,ミケGPアーム,
10024,ミケガード,
10025,ミケＦガード,
10026,ミケFZガード,
10027,ミケHSガード,
10028,ミケGSガード,
10029,ミケGPガード,
10030,シロアーム,
10031,シロＦアーム,
10032,シロFZアーム,
10033,シロHSアーム,
10034,シロGSアーム,
10035,シロGPアーム,
10036,シロガード,
10037,シロＦガード,
10038,シロFZガード,
10039,シロHSガード,
10040,シロGSガード,
10041,シロGPガード,
10042,チャシロアーム,Brassards Chashiro
10043,チャシロＦアーム,Brassards Chashiro F
10044,チャシロFZアーム,Brassards Chashiro FZ
10045,チャシロHSアーム,Brassards Chashiro HS
10046,チャシロGSアーム,Brassards Chashiro GS
10047,チャシロGPアーム,Brassards Chashiro GP
10048,チャシロガード,Gardes Chashiro
10049,チャシロＦガード,Gardes Chashiro F
10050,チャシロFZガード,Gardes Chashiro FZ
10051,チャシロHSガード,Gardes Chashiro HS
10052,チャシロGSガード,Gardes Chashiro GS
10053,チャシロGPガード,Gardes Chashiro GP
10054,クロシロアーム,Brassards Two-tone
10055,クロシロＦアーム,Brassards Two-tone F
10056,クロシロFZアーム,Brassards Two-tone FZ
10057,クロシロHSアーム,Brassards Two-tone HS
10058,クロシロGSアーム,Brassards Two-tone GS
10059,クロシロGPアーム,Brassards Two-tone GP
10060,クロシロガード,Gardes Two-tone
10061,クロシロＦガード,Gardes Two-tone F
10062,クロシロFZガード,Gardes Two-tone FZ
10063,クロシロHSガード,Gardes Two-tone HS
10064,クロシロGSガード,Gardes Two-tone GS
10065,クロシロGPガード,Gardes Two-tone GP
10066,雅アーム,
10067,雅Ｆアーム,
10068,雅FZアーム,
10069,雅HSアーム,
10070,雅GSアーム,
10071,雅GPアーム,
10072,雅ガード,
10073,雅Ｆガード,
10074,雅FZガード,
10075,雅HSガード,
10076,雅GSガード,
10077,雅GPガード,
10078,アウラアーム,
10079,アウラＦアーム,
10080,アウラFZアーム,
10081,アウラHSアーム,
10082,アウラGSアーム,
10083,アウラGPアーム,
10084,アウラガード,
10085,アウラＦガード,
10086,アウラFZガード,
10087,アウラHSガード,
10088,アウラGSガード,
10089,アウラGPガード,
10090,和奏ノ篭手,Kote Wasou
10091,和奏ノ篭手Ｆ,
10092,和奏ノ篭手FZ,
10093,和奏ノ篭手HS,
10094,和奏ノ篭手GS,
10095,和奏ノ篭手GP,
10096,和奏ノ御手,
10097,和奏ノ御手Ｆ,
10098,和奏ノ御手FZ,
10099,和奏ノ御手HS,
10100,和奏ノ御手GS,
10101,和奏ノ御手GP,
10102,蒼皇氷アーム,
10103,蒼皇氷Ｆアーム,
10104,蒼皇氷FZアーム,
10105,蒼皇氷HSアーム,
10106,蒼皇氷GSアーム,
10107,蒼皇氷GPアーム,
10108,蒼皇氷ガード,
10109,蒼皇氷Ｆガード,
10110,蒼皇氷FZガード,
10111,蒼皇氷HSガード,
10112,蒼皇氷GSガード,
10113,蒼皇氷GPガード,
10114,白皇氷アーム,
10115,白皇氷Ｆアーム,
10116,白皇氷FZアーム,
10117,白皇氷HSアーム,
10118,白皇氷GSアーム,
10119,白皇氷GPアーム,
10120,白皇氷ガード,
10121,白皇氷Ｆガード,
10122,白皇氷FZガード,
10123,白皇氷HSガード,
10124,白皇氷GSガード,
10125,白皇氷GPガード,
10126,紅皇氷アーム,
10127,紅皇氷Ｆアーム,
10128,紅皇氷FZアーム,
10129,紅皇氷HSアーム,
10130,紅皇氷GSアーム,
10131,紅皇氷GPアーム,
10132,紅皇氷ガード,
10133,紅皇氷Ｆガード,
10134,紅皇氷FZガード,
10135,紅皇氷HSガード,
10136,紅皇氷GSガード,
10137,紅皇氷GPガード,
10138,タルタアーム,Brassards Taruta
10139,タルタＦアーム,Brassards Taruta F
10140,タルタFZアーム,Brassards Taruta FZ
10141,タルタHSアーム,Brassards Taruta HS
10142,タルタGSアーム,Brassards Taruta GS
10143,タルタGPアーム,Brassards Taruta GP
10144,タルタガード,Gardes Taruta
10145,タルタＦガード,Gardes Taruta F
10146,タルタFZガード,Gardes Taruta FZ
10147,タルタHSガード,Gardes Taruta HS
10148,タルタGSガード,Gardes Taruta GS
10149,タルタGPガード,Gardes Taruta GP
10150,ルルタアーム,Brassards Ruruta
10151,ルルタＦアーム,Brassards Ruruta F
10152,ルルタFZアーム,Brassards Ruruta FZ
10153,ルルタHSアーム,Brassards Ruruta HS
10154,ルルタGSアーム,Brassards Ruruta GS
10155,ルルタGPアーム,Brassards Ruruta GP
10156,ルルタガード,Gardes Ruruta
10157,ルルタＦガード,Gardes Ruruta F
10158,ルルタFZガード,Gardes Ruruta FZ
10159,ルルタHSガード,Gardes Ruruta HS
10160,ルルタGSガード,Gardes Ruruta GS
10161,ルルタGPガード,Gardes Ruruta GP
10162,クロフィアーム,Brassards Kurofi
10163,クロフィＦアーム,Brassards Kurofi F
10164,クロフィFZアーム,Brassards Kurofi FZ
10165,クロフィHSアーム,Brassards Kurofi HS
10166,クロフィGSアーム,Brassards Kurofi GS
10167,クロフィGPアーム,Brassards Kurofi GP
10168,クロフィガード,Gardes Kurofi
10169,クロフィＦガード,Gardes Kurofi F
10170,クロフィFZガード,Gardes Kurofi FZ
10171,クロフィHSガード,Gardes Kurofi HS
10172,クロフィGSガード,Gardes Kurofi GS
10173,クロフィGPガード,Gardes Kurofi GP
10174,グーダンアーム,Brassards Gudan
10175,グーダンＦアーム,Brassards Gudan F
10176,グーダンFZアーム,Brassards Gudan FZ
10177,グーダンHSアーム,Brassards Gudan HS
10178,グーダンGSアーム,Brassards Gudan GS
10179,グーダンGPアーム,Brassards Gudan GP
10180,チアリムアーム,Brassards Chiarim
10181,チアリムＦアーム,Brassards Chiarim F
10182,チアリムFZアーム,Brassards Chiarim FZ
10183,チアリムHSアーム,Brassards Chiarim HS
10184,チアリムGSアーム,Brassards Chiarim GS
10185,チアリムGPアーム,Brassards Chiarim GP
10186,チアリムガード,Gardes Chiarim
10187,チアリムＦガード,Gardes Chiarim F
10188,チアリムFZガード,Gardes Chiarim FZ
10189,チアリムHSガード,Gardes Chiarim HS
10190,チアリムGSガード,Gardes Chiarim GS
10191,チアリムGPガード,Gardes Chiarim GP
10192,ロホックアーム,Brassards Rohokku
10193,ロホックＦアーム,Brassards Rohokku F
10194,ロホックFYアーム,Brassards Rohokku FY
10195,ロホックHSアーム,Brassards Rohokku HS
10196,ロホックＧアーム,Brassards Rohokku G
10197,ロホックGFアーム,Brassards Rohokku GF
10198,ロホックGXアーム,Brassards Rohokku GX
10199,ロホックガード,Gardes Rohokku
10200,ロホックＦガード,Gardes Rohokku F
10201,ロホックFYガード,Gardes Rohokku FY
10202,ロホックHSガード,Gardes Rohokku HS
10203,ロホックＧガード,Gardes Rohokku G
10204,ロホックGFガード,Gardes Rohokku GF
10205,ロホックGXガード,Gardes Rohokku GX
10206,キュールアーム,
10207,キュールＦアーム,
10208,キュールFYアーム,
10209,キュールHSアーム,
10210,キュールＧアーム,
10211,キュールGFアーム,
10212,キュールGXアーム,
10213,キュールガード,
10214,キュールＦガード,
10215,キュールFYガード,
10216,キュールHSガード,
10217,キュールＧガード,
10218,キュールGFガード,
10219,キュールGXガード,
10220,鬼凛ノ篭手Ｇ,
10221,鬼凛ノ篭手GF,
10222,鬼凛ノ篭手GX,
10223,童凛ノ篭手Ｇ,
10224,童凛ノ篭手GF,
10225,童凛ノ篭手GX,
10226,エギエネアーム,Brassards Eguiene
10227,エギエネＦアーム,Brassards Eguiene F
10228,エギエネFYアーム,Brassards Eguiene FY
10229,エギエネHSアーム,Brassards Eguiene HS
10230,エギエネＧアーム,Brassards Eguiene G
10231,エギエネGFアーム,Brassards Eguiene GF
10232,エギエネGXアーム,Brassards Eguiene GX
10233,エギエネガード,Gardes Eguiene
10234,エギエネＦガード,Gardes Eguiene F
10235,エギエネFYガード,Gardes Eguiene FY
10236,エギエネHSガード,Gardes Eguiene HS
10237,エギエネＧガード,Gardes Eguiene G
10238,エギエネGFガード,Gardes Eguiene GF
10239,エギエネGXガード,Gardes Eguiene GX
10240,ヴァクスアーム,Brassards Vakusu
10241,ヴァクスＦアーム,Brassards Vakusu F
10242,ヴァクスFYアーム,Brassards Vakusu FY
10243,ヴァクスHSアーム,Brassards Vakusu HS
10244,ヴァクスＧアーム,Brassards Vakusu G
10245,ヴァクスGFアーム,Brassards Vakusu GF
10246,ヴァクスGXアーム,Brassards Vakusu GX
10247,ヴァクスガード,Gardes Vakusu
10248,ヴァクスＦガード,Gardes Vakusu F
10249,ヴァクスFYガード,Gardes Vakusu FY
10250,ヴァクスHSガード,Gardes Vakusu HS
10251,ヴァクスＧガード,Gardes Vakusu G
10252,ヴァクスGFガード,Gardes Vakusu GF
10253,ヴァクスGXガード,Gardes Vakusu GX
10254,ニンファアーム,Brassards Nympha
10255,クロエアーム,Brassards Chloe
10256,エスピナＺファオスト,
10257,エスピナZFファオスト,
10258,エスピナZYファオスト,
10259,エスピナZXファオスト,
10260,エスピナＺベギアデ,
10261,エスピナZFベギアデ,
10262,エスピナZYベギアデ,
10263,エスピナZXベギアデ,
10264,ヒプノＺアーム,Brassards Hypnoc Z
10265,ヒプノZFアーム,Brassards Hypnoc F
10266,ヒプノZYアーム,Brassards Hypnoc ZY
10267,ヒプノZXアーム,Brassards Hypnoc ZX
10268,ヒプノＺガード,Gardes Hypnoc Z
10269,ヒプノZFガード,Gardes Hypnoc F
10270,ヒプノZYガード,Gardes Hypnoc ZY
10271,ヒプノZXガード,Gardes Hypnoc ZX
10272,フルフルＺアーム,Brassards Khezu Z
10273,フルフルZFアーム,Brassards Khezu F
10274,フルフルZYアーム,Brassards Khezu ZY
10275,フルフルZXアーム,Brassards Khezu ZX
10276,フルフルＺガード,Gardes Khezu Z
10277,フルフルZFガード,Gardes Khezu F
10278,フルフルZYガード,Gardes Khezu ZY
10279,フルフルZXガード,Gardes Khezu ZX
10280,ザザミＺアーム,Brassards Hermitaur Z
10281,ザザミZFアーム,Brassards Hermitaur F
10282,ザザミZYアーム,Brassards Hermitaur ZY
10283,ザザミZXアーム,Brassards Hermitaur ZX
10284,ザザミＺガード,Gardes Hermitaur Z
10285,ザザミZFガード,Gardes Hermitaur F
10286,ザザミZYガード,Gardes Hermitaur ZY
10287,ザザミZXガード,Gardes Hermitaur ZX
10288,ディオスアーム,Brassards Dios
10289,ディオスＦアーム,Brassards Dios F
10290,ディオスFZアーム,Brassards Dios FZ
10291,ディオスHSアーム,Brassards Dios HS
10292,ディオスGSアーム,Brassards Dios GS
10293,ディオスGPアーム,Brassards Dios GP
10294,ディオスZPアーム,Brassards Dios ZP
10295,ディオスガード,Gardes Dios
10296,ディオスＦガード,Gardes Dios F
10297,ディオスFZガード,Gardes Dios FZ
10298,ディオスHSガード,Gardes Dios HS
10299,ディオスGSガード,Gardes Dios GS
10300,ディオスGPガード,Gardes Dios GP
10301,ディオスZPガード,Gardes Dios ZP
10302,エヴォルアーム・白,Brassards Evol blancs
10303,エヴォルＦアーム・白,Brassards Evol F blancs
10304,エヴォルFZアーム・白,Brassards Evol FZ blancs
10305,エヴォルHSアーム・白,Brassards Evol HS blancs
10306,エヴォルGSアーム・白,Brassards Evol GS blancs
10307,エヴォルGPアーム・白,Brassards Evol GP blancs
10308,エヴォルZPアーム・白,Brassards Evol ZP blancs
10309,エヴォルガード・白,Gardes Evol blanches
10310,エヴォルＦガード・白,Gardes Evol F blanches
10311,エヴォルFZガード・白,Gardes Evol FZ blanches
10312,エヴォルHSガード・白,Gardes Evol HS blanches
10313,エヴォルGSガード・白,Gardes Evol GS blanches
10314,エヴォルGPガード・白,Gardes Evol GP blanches
10315,エヴォルZPガード・白,Gardes Evol ZP blanches
10316,エヴォルアーム・赤,Brassards Evol rouges
10317,エヴォルＦアーム・赤,Brassards Evol F rouges
10318,エヴォルFZアーム・赤,Brassards Evol FZ rouges
10319,エヴォルHSアーム・赤,Brassards Evol HS rouges
10320,エヴォルGSアーム・赤,Brassards Evol GS rouges
10321,エヴォルGPアーム・赤,Brassards Evol GP rouges
10322,エヴォルZPアーム・赤,Brassards Evol ZP rouges
10323,エヴォルガード・赤,Gardes Evol rouges
10324,エヴォルＦガード・赤,Gardes Evol F rouges
10325,エヴォルFZガード・赤,Gardes Evol FZ rouges
10326,エヴォルHSガード・赤,Gardes Evol HS rouges
10327,エヴォルGSガード・赤,Gardes Evol GS rouges
10328,エヴォルGPガード・赤,Gardes Evol GP rouges
10329,エヴォルZPガード・赤,Gardes Evol ZP rouges
10330,エヴォルアーム・青,Brassards Evol bleus
10331,エヴォルＦアーム・青,Brassards Evol F bleus
10332,エヴォルFZアーム・青,Brassards Evol FZ bleus
10333,エヴォルHSアーム・青,Brassards Evol HS bleus
10334,エヴォルGSアーム・青,Brassards Evol GS bleus
10335,エヴォルGPアーム・青,Brassards Evol GP bleus
10336,エヴォルZPアーム・青,Brassards Evol ZP bleus
10337,エヴォルガード・青,Gardes Evol bleues
10338,エヴォルＦガード・青,Gardes Evol F bleues
10339,エヴォルFZガード・青,Gardes Evol FZ bleues
10340,エヴォルHSガード・青,Gardes Evol HS bleues
10341,エヴォルGSガード・青,Gardes Evol GS bleues
10342,エヴォルGPガード・青,Gardes Evol GP bleues
10343,エヴォルZPガード・青,Gardes Evol ZP bleues
10344,エヴォルアーム・紫,Brassards Evol violets
10345,エヴォルＦアーム・紫,Brassards Evol F violets
10346,エヴォルFZアーム・紫,Brassards Evol FZ violets
10347,エヴォルHSアーム・紫,Brassards Evol HS violets
10348,エヴォルGSアーム・紫,Brassards Evol GS violets
10349,エヴォルGPアーム・紫,Brassards Evol GP violets
10350,エヴォルZPアーム・紫,Brassards Evol ZP violets
10351,エヴォルガード・紫,Gardes Evol violettes
10352,エヴォルＦガード・紫,Gardes Evol F violettes
10353,エヴォルFZガード・紫,Gardes Evol FZ violettes
10354,エヴォルHSガード・紫,Gardes Evol HS violettes
10355,エヴォルGSガード・紫,Gardes Evol GS violettes
10356,エヴォルGPガード・紫,Gardes Evol GP violettes
10357,エヴォルZPガード・紫,Gardes Evol ZP violettes
10358,サクフィアーム,Brassards Sakufi
10359,サクフィＦアーム,Brassards Sakufi F
10360,サクフィFZアーム,Brassards Sakufi FZ
10361,サクフィHSアーム,Brassards Sakufi HS
10362,サクフィGSアーム,Brassards Sakufi GS
10363,サクフィGPアーム,Brassards Sakufi GP
10364,サクフィZPアーム,Brassards Sakufi ZP
10365,サクフィガード,Gardes Sakufi
10366,サクフィＦガード,Gardes Sakufi F
10367,サクフィFZガード,Gardes Sakufi FZ
10368,サクフィHSガード,Gardes Sakufi HS
10369,サクフィGSガード,Gardes Sakufi GS
10370,サクフィGPガード,Gardes Sakufi GP
10371,サクフィZPガード,Gardes Sakufi ZP
10372,アスモアーム,Brassards Asumo
10373,アスモＦアーム,Brassards Asumo F
10374,アスモFZアーム,Brassards Asumo FZ
10375,アスモHSアーム,Brassards Asumo HS
10376,アスモGSアーム,Brassards Asumo GS
10377,アスモGPアーム,Brassards Asumo GP
10378,アスモZPアーム,Brassards Asumo ZP
10379,アスモガード,Gardes Asumo
10380,アスモＦガード,Gardes Asumo F
10381,アスモFZガード,Gardes Asumo FZ
10382,アスモHSガード,Gardes Asumo HS
10383,アスモGSガード,Gardes Asumo GS
10384,アスモGPガード,Gardes Asumo GP
10385,アスモZPガード,Gardes Asumo ZP
10386,キャロルＣアーム,Brassards Carol C
10387,ザイラＣアーム,Brassards Zaira C
10388,ルースＣアーム,
10389,アステリZPアーム・白,Brassards Asteri ZP blancs
10390,アステリZPガード・白,Gardes Asteri ZP blanches
10391,アステリZPアーム・青,Brassards Asteri ZP bleus
10392,アステリZPガード・青,Gardes Asteri ZP bleues
10393,アステリZPアーム・赤,Brassards Asteri ZP rouges
10394,アステリZPガード・赤,Gardes Asteri ZP rouges
10395,アステリZPアーム・黒,Brassards Asteri ZP noirs
10396,アステリZPガード・黒,Gardes Asteri ZP noires
10397,リアンZPアーム・青,Brassards Rian ZP bleus
10398,リアンZPガード・青,Gardes Rian ZP bleues
10399,リアンZPアーム・赤,Brassards Rian ZP rouges
10400,リアンZPガード・赤,Gardes Rian ZP rouges
10401,リアンZPアーム・黒,Brassards Rian ZP noirs
10402,リアンZPガード・黒,Gardes Rian ZP noires
10403,リアンZPアーム・白,Brassards Rian ZP blancs
10404,リアンZPガード・白,Gardes Rian ZP blanches
10405,キャロルZPアーム・黒,Brassards Carol ZP noirs
10406,キャロルZPガード・黒,Gardes Carol ZP noires
10407,キャロルZPアーム・青,Brassards Carol ZP bleus
10408,キャロルZPガード・青,Gardes Carol ZP bleues
10409,キャロルZPアーム・白,Brassards Carol ZP blancs
10410,キャロルZPガード・白,Gardes Carol ZP blanches
10411,キャロルZPアーム・赤,Brassards Carol ZP rouges
10412,キャロルZPガード・赤,Gardes Carol ZP rouges
10413,ブリゼアーム,Brassards Blize
10414,ブリゼＦアーム,Brassards Blize F
10415,ブリゼFYアーム,Brassards Blize FY
10416,ブリゼHSアーム,Brassards Blize HS
10417,ブリゼＧアーム,Brassards Blize G
10418,ブリゼGFアーム,Brassards Blize GF
10419,ブリゼGXアーム,Brassards Blize GX
10420,ブリゼガード,Gardes Blize
10421,ブリゼＦガード,Gardes Blize F
10422,ブリゼFYガード,Gardes Blize FY
10423,ブリゼHSガード,Gardes Blize HS
10424,ブリゼＧガード,Gardes Blize G
10425,ブリゼGFガード,Gardes Blize GF
10426,ブリゼGXガード,Gardes Blize GX
10427,ヒガクレＣアーム,Brassards Higakure C
10428,ハロキュＤアーム,Brassards Harokyu D
10429,エヴォルＤアーム・白,Brassards Evol D blancs
10430,エヴォルＤアーム・赤,Brassards Evol D rouges
10431,エヴォルＤアーム・青,Brassards Evol D bleus
10432,エヴォルＤアーム・紫,Brassards Evol D violets
10433,狩衛部隊アーム・男,
10434,狩衛部隊アーム・女,
10435,蒼皇氷ZPアーム,
10436,蒼皇氷ZPガード,
10437,白皇氷ZPアーム,
10438,白皇氷ZPガード,
10439,紅皇氷ZPアーム,
10440,紅皇氷ZPガード,
10441,ワンダレアーム・青,Brassards Wandale bleus
10442,ワンダレＦアーム・青,Brassards Wandale F bleus
10443,ワンダレFZアーム・青,Brassards Wandale FZ bleus
10444,ワンダレHSアーム・青,Brassards Wandale HS bleus
10445,ワンダレGSアーム・青,Brassards Wandale GS bleus
10446,ワンダレGPアーム・青,Brassards Wandale GP bleus
10447,ワンダレZPアーム・青,Brassards Wandale ZP bleus
10448,ワンダレガード・青,Gardes Wandale bleues
10449,ワンダレＦガード・青,Gardes Wandale F bleues
10450,ワンダレFZガード・青,Gardes Wandale FZ bleues
10451,ワンダレHSガード・青,Gardes Wandale HS bleues
10452,ワンダレGSガード・青,Gardes Wandale GS bleues
10453,ワンダレGPガード・青,Gardes Wandale GP bleues
10454,ワンダレZPガード・青,Gardes Wandale ZP bleues
10455,ワンダレアーム・赤,Brassards Wandale rouges
10456,ワンダレＦアーム・赤,Brassards Wandale F rouges
10457,ワンダレFZアーム・赤,Brassards Wandale FZ rouges
10458,ワンダレHSアーム・赤,Brassards Wandale HS rouges
10459,ワンダレGSアーム・赤,Brassards Wandale GS rouges
10460,ワンダレGPアーム・赤,Brassards Wandale GP rouges
10461,ワンダレZPアーム・赤,Brassards Wandale ZP rouges
10462,ワンダレガード・赤,Gardes Wandale rouges
10463,ワンダレＦガード・赤,Gardes Wandale F rouges
10464,ワンダレFZガード・赤,Gardes Wandale FZ rouges
10465,ワンダレHSガード・赤,Gardes Wandale HS rouges
10466,ワンダレGSガード・赤,Gardes Wandale GS rouges
10467,ワンダレGPガード・赤,Gardes Wandale GP rouges
10468,ワンダレZPガード・赤,Gardes Wandale ZP rouges
10469,ワンダレアーム・白,Brassards Wandale blancs
10470,ワンダレＦアーム・白,Brassards Wandale F blancs
10471,ワンダレFZアーム・白,Brassards Wandale FZ blancs
10472,ワンダレHSアーム・白,Brassards Wandale HS blancs
10473,ワンダレGSアーム・白,Brassards Wandale GS blancs
10474,ワンダレGPアーム・白,Brassards Wandale GP blancs
10475,ワンダレZPアーム・白,Brassards Wandale ZP blancs
10476,ワンダレガード・白,Gardes Wandale blanches
10477,ワンダレＦガード・白,Gardes Wandale F blanches
10478,ワンダレFZガード・白,Gardes Wandale FZ blanches
10479,ワンダレHSガード・白,Gardes Wandale HS blanches
10480,ワンダレGSガード・白,Gardes Wandale GS blanches
10481,ワンダレGPガード・白,Gardes Wandale GP blanches
10482,ワンダレZPガード・白,Gardes Wandale ZP blanches
10483,ワンダレアーム・黒,Brassards Wandale noirs
10484,ワンダレＦアーム・黒,Brassards Wandale F noirs
10485,ワンダレFZアーム・黒,Brassards Wandale FZ noirs
10486,ワンダレHSアーム・黒,Brassards Wandale HS noirs
10487,ワンダレGSアーム・黒,Brassards Wandale GS noirs
10488,ワンダレGPアーム・黒,Brassards Wandale GP noirs
10489,ワンダレZPアーム・黒,Brassards Wandale ZP noirs
10490,ワンダレガード・黒,Gardes Wandale noires
10491,ワンダレＦガード・黒,Gardes Wandale F noires
10492,ワンダレFZガード・黒,Gardes Wandale FZ noires
10493,ワンダレHSガード・黒,Gardes Wandale HS noires
10494,ワンダレGSガード・黒,Gardes Wandale GS noires
10495,ワンダレGPガード・黒,Gardes Wandale GP noires
10496,ワンダレZPガード・黒,Gardes Wandale ZP noires
10497,ゴアアーム,
10498,ゴアＧアーム,
10499,ゴアGFアーム,
10500,ゴアGXアーム,
10501,ゴアガード,
10502,ゴアＧガード,
10503,ゴアGFガード,
10504,ゴアGXガード,
10505,ゼナＧアーム,Brassards Zena G
10506,ゼナGFアーム,Brassards Zena GF
10507,ゼナGXアーム,Brassards Zena GX
10508,ゼナＧガード,Gardes Zena G
10509,ゼナGFガード,Gardes Zena GF
10510,ゼナGXガード,Gardes Zena GX
10511,レウスＺアーム,Brassards Rathalos Z
10512,レウスZFアーム,Brassards Rathalos F
10513,レウスZYアーム,Brassards Rathalos ZY
10514,レウスZXアーム,Brassards Rathalos ZX
10515,レウスＺガード,Gardes Rathalos Z
10516,レウスZFガード,Gardes Rathalos F
10517,レウスZYガード,Gardes Rathalos ZY
10518,レウスZXガード,Gardes Rathalos ZX
10519,ブランゴＺアーム,Brassards Blango Z
10520,ブランゴZFアーム,Brassards Blango F
10521,ブランゴZYアーム,Brassards Blango ZY
10522,ブランゴZXアーム,Brassards Blango ZX
10523,ブランゴＺガード,Gardes Blango Z
10524,ブランゴZFガード,Gardes Blango F
10525,ブランゴZYガード,Gardes Blango ZY
10526,ブランゴZXガード,Gardes Blango ZX
10527,ムルタアーム,Brassards Muruta
10528,ムルタＦアーム,Brassards Muruta F
10529,ムルタFZアーム,Brassards Muruta FZ
10530,ムルタHSアーム,Brassards Muruta HS
10531,ムルタGSアーム,Brassards Muruta GS
10532,ムルタGPアーム,Brassards Muruta GP
10533,ムルタZPアーム,Brassards Muruta ZP
10534,ムルタガード,Gardes Muruta
10535,ムルタＦガード,Gardes Muruta F
10536,ムルタFZガード,Gardes Muruta FZ
10537,ムルタHSガード,Gardes Muruta HS
10538,ムルタGSガード,Gardes Muruta GS
10539,ムルタGPガード,Gardes Muruta GP
10540,ムルタZPガード,Gardes Muruta ZP
10541,ハウラアーム,Brassards Howla
10542,ハウラＦアーム,Brassards Howla F
10543,ハウラFZアーム,Brassards Howla FZ
10544,ハウラHSアーム,Brassards Howla HS
10545,ハウラGSアーム,Brassards Howla GS
10546,ハウラGPアーム,Brassards Howla GP
10547,ハウラZPアーム,Brassards Howla ZP
10548,ハウラガード,Gardes Howla
10549,ハウラＦガード,Gardes Howla F
10550,ハウラFZガード,Gardes Howla FZ
10551,ハウラHSガード,Gardes Howla HS
10552,ハウラGSガード,Gardes Howla GS
10553,ハウラGPガード,Gardes Howla GP
10554,ハウラZPガード,Gardes Howla ZP
10555,パンセアーム,Brassards Panse
10556,パンセＦアーム,Brassards Panse F
10557,パンセFZアーム,Brassards Panse FZ
10558,パンセHSアーム,Brassards Panse HS
10559,パンセGSアーム,Brassards Panse GS
10560,パンセGPアーム,Brassards Panse GP
10561,パンセZPアーム,Brassards Panse ZP
10562,パンセガード,Gardes Panse
10563,パンセＦガード,Gardes Panse F
10564,パンセFZガード,Gardes Panse FZ
10565,パンセHSガード,Gardes Panse HS
10566,パンセGSガード,Gardes Panse GS
10567,パンセGPガード,Gardes Panse GP
10568,パンセZPガード,Gardes Panse ZP
10569,マリジュアーム,Brassards Mariage
10570,マリジュＦアーム,Brassards Mariage F
10571,マリジュFZアーム,Brassards Mariage FZ
10572,マリジュHSアーム,Brassards Mariage HS
10573,マリジュGSアーム,Brassards Mariage GS
10574,マリジュGPアーム,Brassards Mariage GP
10575,マリジュZPアーム,Brassards Mariage ZP
10576,マリジュガード,Gardes Mariage
10577,マリジュＦガード,Gardes Mariage F
10578,マリジュFZガード,Gardes Mariage FZ
10579,マリジュHSガード,Gardes Mariage HS
10580,マリジュGSガード,Gardes Mariage GS
10581,マリジュGPガード,Gardes Mariage GP
10582,マリジュZPガード,Gardes Mariage ZP
10583,ユキネアーム,Brassards Yukine
10584,ユキネＦアーム,Brassards Yukine F
10585,ユキネFZアーム,Brassards Yukine FZ
10586,ユキネHSアーム,Brassards Yukine HS
10587,ユキネGSアーム,Brassards Yukine GS
10588,ユキネGPアーム,Brassards Yukine GP
10589,ユキネZPアーム,Brassards Yukine ZP
10590,ユキネガード,Gardes Yukine
10591,ユキネＦガード,Gardes Yukine F
10592,ユキネFZガード,Gardes Yukine FZ
10593,ユキネHSガード,Gardes Yukine HS
10594,ユキネGSガード,Gardes Yukine GS
10595,ユキネGPガード,Gardes Yukine GP
10596,ユキネZPガード,Gardes Yukine ZP
10597,雪ミクアーム,
10598,雪ミクＦアーム,
10599,雪ミクFZアーム,
10600,雪ミクHSアーム,
10601,雪ミクGSアーム,
10602,雪ミクGPアーム,
10603,雪ミクZPアーム,
10604,雪ミクガード,
10605,雪ミクＦガード,
10606,雪ミクFZガード,
10607,雪ミクHSガード,
10608,雪ミクGSガード,
10609,雪ミクGPガード,
10610,雪ミクZPガード,
10611,ミクZPアーム,Brassards Miku ZP
10612,ミクZPガード,Gardes Miku ZP
10613,オユンZPアーム・青,Brassards Oyun ZP bleus
10614,オユンZPガード・青,Gardes Oyun ZP bleues
10615,オユンZPアーム・赤,Brassards Oyun ZP rouges
10616,オユンZPガード・赤,Gardes Oyun ZP rouges
10617,オユンZPアーム・黒,Brassards Oyun ZP noirs
10618,オユンZPガード・黒,Gardes Oyun ZP noires
10619,オユンZPアーム・白,Brassards Oyun ZP blancs
10620,オユンZPガード・白,Gardes Oyun ZP blanches
10621,鬼穿ノ篭手Ｇ,
10622,鬼穿ノ篭手GF,
10623,鬼穿ノ篭手GX,
10624,童穿ノ篭手Ｇ,
10625,童穿ノ篭手GF,
10626,童穿ノ篭手GX,
10627,ラーヴェアーム,
10628,ラーヴェＦアーム,
10629,ラーヴェFYアーム,
10630,ラーヴェHSアーム,
10631,ラーヴェＧアーム,
10632,ラーヴェGFアーム,
10633,ラーヴェGXアーム,
10634,ラーヴェガード,
10635,ラーヴェＦガード,
10636,ラーヴェFYガード,
10637,ラーヴェHSガード,
10638,ラーヴェＧガード,
10639,ラーヴェGFガード,
10640,ラーヴェGXガード,
10641,ワンダレＤアーム・青,Brassards Wandale D bleus
10642,ワンダレＤアーム・赤,Brassards Wandale D rouges
10643,ワンダレＤアーム・白,Brassards Wandale D blancs
10644,ワンダレＤアーム・黒,Brassards Wandale D noirs
10645,蒼皇氷Ｄアーム,
10646,白皇氷Ｄアーム,
10647,紅皇氷Ｄアーム,
10648,ランセＣアーム,Brassards Rance C
10649,サンタＤアーム,Brassards Santa D
10650,ガウシカＤグローブ,
10651,チアリムZPアーム,Brassards Chiarim ZP
10652,チアリムZPガード,Gardes Chiarim ZP
10653,カタンテＺアーム,Brassards Katante Z
10654,カタンテZFアーム,Brassards Katante F
10655,カタンテZYアーム,Brassards Katante ZY
10656,カタンテZXアーム,Brassards Katante ZX
10657,カタンテＺガード,Gardes Katante Z
10658,カタンテZFガード,Gardes Katante F
10659,カタンテZYガード,Gardes Katante ZY
10660,カタンテZXガード,Gardes Katante ZX
10661,サクフィＤアーム,Brassards Sakufi D
10662,アスモＤアーム,Brassards Asumo D
10663,ディオスＤアーム,Brassards Dios D
10664,アステリＤアーム・白,Brassards Asteri D blancs
10665,アステリＤアーム・青,Brassards Asteri D bleus
10666,アステリＤアーム・赤,Brassards Asteri D rouges
10667,アステリＤアーム・黒,Brassards Asteri D noirs
10668,リアンＤアーム・青,Brassards Rian D bleus
10669,リアンＤアーム・赤,Brassards Rian D rouges
10670,リアンＤアーム・黒,Brassards Rian D noirs
10671,リアンＤアーム・白,Brassards Rian D blancs
10672,リアンＤアーム・紅,Brassards Rian D cramoisis
10673,リアンＤアーム・藍,
10674,リアンＤアーム・桃,Brassards Rian D roses
10675,キャロルＤアーム・黒,Brassards Carol D noirs
10676,キャロルＤアーム・青,Brassards Carol D bleus
10677,キャロルＤアーム・白,Brassards Carol D blancs
10678,キャロルＤアーム・赤,Brassards Carol D rouges
10679,キャロルＤアーム・桃,Brassards Carol D roses
10680,ゴシックＤアーム,Brassards Gothic D
10681,キリンＤアームロング,
10682,ファルノＤアーム,Brassards Farunokku D
10683,ファルノＤガード,Gardes Farunokku D
10684,ポカラＤアーム,Brassards Pokara D
10685,ポカラＤガード,Gardes Pokara D
10686,創音奏Ｄ【手袋】,
10687,音紡奏Ｄ【手袋】,
10688,照雷Ｄ【篭手】,
10689,明雷Ｄ【篭手】,
10690,トリドＤアーム,Brassards Torid D
10691,トリドＤガード,Gardes Torid D
10692,グァンＤアーム,Brassards Guan D
10693,グァンＤガード,Gardes Guan D
10694,ヴァルＤアーム,Brassards Varusa D
10695,ヴァルＤガード,Gardes Varusa D
10696,トアＤアーム,Brassards Toa D
10697,トアＤガード,Gardes Toa D
10698,ブリッツＤアーム,
10699,ストロマＤアーム,Brassards Stroma D
10700,ストロマＤガード,Gardes Stroma D
10701,雅深Ｄ【篭手】,
10702,雅淵Ｄ【篭手】,
10703,アルテラＤアーム,Brassards Altera D
10704,アルテラＤガード,Gardes Altera D
10705,ポボルムＤアーム,Brassards Pobo D
10706,ポボルムＤガード,Gardes Pobo D
10707,ジンオウＣアーム,Brassards Zinogre C
10708,ジンオウＣガード,Gardes Zinogre C
10709,タロスＵＤアーム,Brassards Hornetaur
10710,タロスＵＤガード,Gardes Hornetaur
10711,レウスＤアーム,Brassards Rathalos D
10712,レウスＤガード,Gardes Rathalos D
10713,ゴゴＤアーム,Brassards Gogomoa D
10714,ゴゴＤガード,Gardes Gogomoa D
10715,アスールＤアーム,Brassards Azul D
10716,アスールＤガード,Gardes Azul D
10717,ハーヴェストＤアーム,Brassards Moisson D
10718,ハーヴェストＤガード,Gardes Moisson D
10719,メランＤアーム,Brassards Melan D
10720,メランＤガード,Gardes Melan D
10721,ディールＤアーム,Brassards Diru D
10722,ディールＤガード,Gardes Diru D
10723,タンドレスＤアーム,Brassards Tandress D
10724,タンドレスＤガード,Gardes Tandress D
10725,ランセＤアーム,Brassards Rance D
10726,ランセＤガード,Gardes Rance D
10727,ガネトＤアーム,Brassards Ganeto D
10728,ガネトＤガード,Gardes Ganeto D
10729,チールＤアーム,Brassards Chiru D
10730,チールＤガード,Gardes Chiru D
10731,シウスＤアーム,Brassards Shiusu D
10732,シウスＤガード,Gardes Shiusu D
10733,ワンスＤアーム・無,
10734,淡桜Ｄ【袖】,
10735,ペレグリアーム,Brassards Pelegri
10736,ペレグリＦアーム,Brassards Pelegri F
10737,ペレグリFZアーム,Brassards Pelegri FZ
10738,ペレグリHSアーム,Brassards Pelegri HS
10739,ペレグリGSアーム,Brassards Pelegri GS
10740,ペレグリGPアーム,Brassards Pelegri GP
10741,ペレグリZPアーム,Brassards Pelegri ZP
10742,ペレグリガード,Gardes Pelegri
10743,ペレグリＦガード,Gardes Pelegri F
10744,ペレグリFZガード,Gardes Pelegri FZ
10745,ペレグリHSガード,Gardes Pelegri HS
10746,ペレグリGSガード,Gardes Pelegri GS
10747,ペレグリGPガード,Gardes Pelegri GP
10748,ペレグリZPガード,Gardes Pelegri ZP
10749,メラルーZPアーム,Brassards Melynx ZP
10750,メラルーZPガード,Gardes Melynx ZP
10751,アイルーZPアーム,Brassards Felyne ZP
10752,アイルーZPガード,Gardes Felyne ZP
10753,アメショZPアーム,Brassards Tigré ZP
10754,アメショZPガード,Gardes Tigré ZP
10755,チャトラZPアーム,
10756,チャトラZPガード,
10757,ミケZPアーム,
10758,ミケZPガード,
10759,シロZPアーム,
10760,シロZPガード,
10761,チャシロZPアーム,Brassards Chashiro ZP
10762,チャシロZPガード,Gardes Chashiro ZP
10763,クロシロZPアーム,Brassards Two-tone ZP
10764,クロシロZPガード,Gardes Two-tone ZP
10765,和奏ノ篭手ZP,
10766,和奏ノ御手ZP,
10767,ハウラＤアーム,Brassards Howla D
10768,パンセＤアーム,Brassards Panse D
10769,マリジュＤアーム,Brassards Mariage D
10770,ユキネＤアーム,Brassards Yukine D
10771,雪ミクＤアーム,
10772,ミクＤアーム,Brassards Miku D
10773,和奏ノ篭手Ｄ,
10774,メラルーＤアーム,Brassards Melynx D
10775,アイルーＤアーム,Brassards Felyne D
10776,アメショＤアーム,Brassards Tigré D
10777,チャトラＤアーム,
10778,ミケＤアーム,
10779,シロＤアーム,
10780,チャシロＤアーム,Brassards Chashiro D
10781,クロシロＤアーム,Brassards Two-tone D
10782,オウビートＤマーノ,
10783,パピメルＤマーノ,
10784,鬼神ノ篭手Ｄ,
10785,鬼伝ノ篭手Ｄ,
10786,鬼凛ノ篭手Ｄ,
10787,エンプレスＣアーム,Brassards Impératrice C
10788,エンプレスＣガード,Gardes Impératrice C
10789,カイザーＣアーム,
10790,カイザーＣガード,
10791,ドラゴンＤクロウ,
10792,ドラゴンＤフィスト,
10793,ナルガＣアーム,Brassards Nargacuga C
10794,ナルガＣガード,Gardes Nargacuga C
10795,焔嶽GX【篭手】,
10796,緋嶽GX【篭手】,
10797,ヴァシムＺアーム,Brassards Vashimu Z
10798,ヴァシムZFアーム,Brassards Vashimu F
10799,ヴァシムZYアーム,Brassards Vashimu ZY
10800,ヴァシムZXアーム,Brassards Vashimu ZX
10801,ヴァシムＺガード,Gardes Vashimu Z
10802,ヴァシムZFガード,Gardes Vashimu F
10803,ヴァシムZYガード,Gardes Vashimu ZY
10804,ヴァシムZXガード,Gardes Vashimu ZX
10805,レックスＺアーム,Brassards Tigrex Z
10806,レックスZFアーム,Brassards Tigrex F
10807,レックスZYアーム,Brassards Tigrex ZY
10808,レックスZXアーム,Brassards Tigrex ZX
10809,レックスＺガード,Gardes Tigrex Z
10810,レックスZFガード,Gardes Tigrex F
10811,レックスZYガード,Gardes Tigrex ZY
10812,レックスZXガード,Gardes Tigrex ZX
10813,アデルアーム,Brassards Adel
10814,アデルＦアーム,Brassards Adel F
10815,アデルFZアーム,Brassards Adel FZ
10816,アデルHSアーム,Brassards Adel HS
10817,アデルGSアーム,Brassards Adel GS
10818,アデルGPアーム,Brassards Adel GP
10819,アデルZPアーム,Brassards Adel ZP
10820,アデルガード,Gardes Adel
10821,アデルＦガード,Gardes Adel F
10822,アデルFZガード,Gardes Adel FZ
10823,アデルHSガード,Gardes Adel HS
10824,アデルGSガード,Gardes Adel GS
10825,アデルGPガード,Gardes Adel GP
10826,アデルZPガード,Gardes Adel ZP
10827,ロックブーケアーム,Brassards Rocbouquet
10828,ロックブーケＦアーム,Brassards Rocbouquet F
10829,ロックブーケFZアーム,Brassards Rocbouquet FZ
10830,ロックブーケHSアーム,Brassards Rocbouquet HS
10831,ロックブーケGSアーム,Brassards Rocbouquet GS
10832,ロックブーケGPアーム,Brassards Rocbouquet GP
10833,ロックブーケZPアーム,Brassards Rocbouquet ZP
10834,ロックブーケガード,Gardes Rocbouquet
10835,ロックブーケＦガード,Gardes Rocbouquet F
10836,ロックブーケFZガード,Gardes Rocbouquet FZ
10837,ロックブーケHSガード,Gardes Rocbouquet HS
10838,ロックブーケGSガード,Gardes Rocbouquet GS
10839,ロックブーケGPガード,Gardes Rocbouquet GP
10840,ロックブーケZPガード,Gardes Rocbouquet ZP
10841,アルカイザーアーム,Brassards Alkaiser
10842,アルカイザーＦアーム,Brassards Alkaiser F
10843,アルカイザーFZアーム,Brassards Alkaiser FZ
10844,アルカイザーHSアーム,Brassards Alkaiser HS
10845,アルカイザーGSアーム,Brassards Alkaiser GS
10846,アルカイザーGPアーム,Brassards Alkaiser GP
10847,アルカイザーZPアーム,Brassards Alkaiser ZP
10848,アルカイザーガード,Gardes Alkaiser
10849,アルカイザーＦガード,Gardes Alkaiser F
10850,アルカイザーFZガード,Gardes Alkaiser FZ
10851,アルカイザーHSガード,Gardes Alkaiser HS
10852,アルカイザーGSガード,Gardes Alkaiser GS
10853,アルカイザーGPガード,Gardes Alkaiser GP
10854,アルカイザーZPガード,Gardes Alkaiser ZP
10855,クローディアアーム,Brassards Claudia
10856,クローディアＦアーム,Brassards Claudia F
10857,クローディアFZアーム,Brassards Claudia FZ
10858,クローディアHSアーム,Brassards Claudia HS
10859,クローディアGSアーム,Brassards Claudia GS
10860,クローディアGPアーム,Brassards Claudia GP
10861,クローディアZPアーム,Brassards Claudia ZP
10862,クローディアガード,Gardes Claudia
10863,クローディアＦガード,Gardes Claudia F
10864,クローディアFZガード,Gardes Claudia FZ
10865,クローディアHSガード,Gardes Claudia HS
10866,クローディアGSガード,Gardes Claudia GS
10867,クローディアGPガード,Gardes Claudia GP
10868,クローディアZPガード,Gardes Claudia ZP
10869,ヘシュムアーム,Brassards Hesyumu
10870,ヘシュムＦアーム,Brassards Hesyumu F
10871,ヘシュムFZアーム,Brassards Hesyumu FZ
10872,ヘシュムHSアーム,Brassards Hesyumu HS
10873,ヘシュムGSアーム,Brassards Hesyumu GS
10874,ヘシュムGPアーム,Brassards Hesyumu GP
10875,ヘシュムZPアーム,Brassards Hesyumu ZP
10876,ヘシュムガード,Gardes Hesyumu
10877,ヘシュムＦガード,Gardes Hesyumu F
10878,ヘシュムFZガード,Gardes Hesyumu FZ
10879,ヘシュムHSガード,Gardes Hesyumu HS
10880,ヘシュムGSガード,Gardes Hesyumu GS
10881,ヘシュムGPガード,Gardes Hesyumu GP
10882,ヘシュムZPガード,Gardes Hesyumu ZP
10883,カサミエアーム,Brassards Kasamie
10884,カサミエＦアーム,Brassards Kasamie F
10885,カサミエFZアーム,Brassards Kasamie FZ
10886,カサミエHSアーム,Brassards Kasamie HS
10887,カサミエGSアーム,Brassards Kasamie GS
10888,カサミエGPアーム,Brassards Kasamie GP
10889,カサミエZPアーム,Brassards Kasamie ZP
10890,カサミエガード,Gardes Kasamie
10891,カサミエＦガード,Gardes Kasamie F
10892,カサミエFZガード,Gardes Kasamie FZ
10893,カサミエHSガード,Gardes Kasamie HS
10894,カサミエGSガード,Gardes Kasamie GS
10895,カサミエGPガード,Gardes Kasamie GP
10896,カサミエZPガード,Gardes Kasamie ZP
10897,シエロZPアーム,Brassards Cielo ZP
10898,シエロZPガード,Gardes Cielo ZP
10899,ヴィーチZPアーム,Brassards Vichi ZP
10900,ヴィーチZPガード,Gardes Vichi ZP
10901,ラピヌZPアーム,Brassards Lapine ZP
10902,ラピヌZPガード,Gardes Lapine ZP
10903,ベイルZPガントレット,
10904,パシオアーム,Brassards Pashio
10905,パシオＦアーム,Brassards Pashio F
10906,パシオFYアーム,Brassards Pashio FY
10907,パシオHSアーム,Brassards Pashio HS
10908,パシオＧアーム,Brassards Pashio G
10909,パシオGFアーム,Brassards Pashio GF
10910,パシオGXアーム,Brassards Pashio GX
10911,パシオガード,Gardes Pashio
10912,パシオＦガード,Gardes Pashio F
10913,パシオFYガード,Gardes Pashio FY
10914,パシオHSガード,Gardes Pashio HS
10915,パシオＧガード,Gardes Pashio G
10916,パシオGFガード,Gardes Pashio GF
10917,パシオGXガード,Gardes Pashio GX
10918,ハルドＤアーム,Brassards Harudo D
10919,ハルドＤガード,Gardes Harudo D
10920,雅孔Ｄ【篭手】,
10921,雅穿Ｄ【篭手】,
10922,メラギＤアーム,Brassards Meraginasu D
10923,メラギＤガード,Gardes Meraginasu D
10924,ヘシュムＤアーム,Brassards Hesyumu D
10925,カサミエＤアーム,Brassards Kasamie D
10926,シエロＤアーム,Brassards Cielo D
10927,ヴィーチＤアーム,Brassards Vichi D
10928,アデルＤアーム,Brassards Adel D
10929,ロックブーケＤアーム,Brassards Rocbouquet D
10930,アルカイザーＤアーム,Brassards Alkaiser D
10931,クローディアＤアーム,Brassards Claudia D
10932,キノスＤアーム,Brassards Kinosu D
10933,ヒメロスＤアーム,Brassards Himeros D
10934,カリエンＤガード,Gardes Charien D
10935,アリエッタＤアーム,Brassards Arietta D
10936,クラフトＤアーム,
10937,シエリーＤアーム,Brassards Shieri D
10938,プペンＤアーム,Brassards Pupen D
10939,モスカバＤアーム,
10940,エクセレＤアーム,Brassards Excelle D
10941,オルドルＤアーム,Brassards Ordre D
10942,リオデュオＤアーム,Brassards Rath D
10943,アトラＤアーム,Brassards Atra D
10944,マダルＤアーム,Brassards Madaru D
10945,シャッセＤアーム,Brassards Shasse D
10946,オルケシスＤアーム,Brassards Orchesis D
10947,ブリゼＤアーム,Brassards Blize D
10948,クオイズＤアーム,Brassards Quoiz D
10949,カライスＤアーム,Brassards Kalais D
10950,ルケーゼＤアーム,Brassards Lucchese D
10951,エントラＤアーム,Brassards Entora D
10952,ﾖﾙﾊ九号S型アーム,Brassards YoRHa
10953,ﾖﾙﾊ九号S型Ｆアーム,Brassards YoRHa
10954,ﾖﾙﾊ九号S型FZアーム,Brassards YoRHa
10955,ﾖﾙﾊ九号S型HSアーム,Brassards YoRHa
10956,ﾖﾙﾊ九号S型GSアーム,Brassards YoRHa
10957,ﾖﾙﾊ九号S型GPアーム,Brassards YoRHa
10958,ﾖﾙﾊ九号S型ZPアーム,Brassards YoRHa
10959,ﾖﾙﾊ九号S型ガード,Gardes YoRHa
10960,ﾖﾙﾊ九号S型Ｆガード,Gardes YoRHa
10961,ﾖﾙﾊ九号S型FZガード,Gardes YoRHa
10962,ﾖﾙﾊ九号S型HSガード,Gardes YoRHa
10963,ﾖﾙﾊ九号S型GSガード,Gardes YoRHa
10964,ﾖﾙﾊ九号S型GPガード,Gardes YoRHa
10965,ﾖﾙﾊ九号S型ZPガード,Gardes YoRHa
10966,ﾖﾙﾊ二号B型アーム,Brassards YoRHa
10967,ﾖﾙﾊ二号B型Ｆアーム,Brassards YoRHa F
10968,ﾖﾙﾊ二号B型FZアーム,Brassards YoRHa FZ
10969,ﾖﾙﾊ二号B型HSアーム,Brassards YoRHa HS
10970,ﾖﾙﾊ二号B型GSアーム,Brassards YoRHa GS
10971,ﾖﾙﾊ二号B型GPアーム,Brassards YoRHa GP
10972,ﾖﾙﾊ二号B型ZPアーム,Brassards YoRHa ZP
10973,ﾖﾙﾊ二号B型ガード,Gardes YoRHa
10974,ﾖﾙﾊ二号B型Ｆガード,Gardes YoRHa F
10975,ﾖﾙﾊ二号B型FZガード,Gardes YoRHa FZ
10976,ﾖﾙﾊ二号B型HSガード,Gardes YoRHa HS
10977,ﾖﾙﾊ二号B型GSガード,Gardes YoRHa GS
10978,ﾖﾙﾊ二号B型GPガード,Gardes YoRHa GP
10979,ﾖﾙﾊ二号B型ZPガード,Gardes YoRHa ZP
10980,シャガルアーム,Brassards Shagaru
10981,シャガルＧアーム,Brassards Shagaru G
10982,シャガルGFアーム,Brassards Shagaru GF
10983,シャガルGXアーム,Brassards Shagaru GX
10984,シャガルガード,Gardes Shagaru
10985,シャガルＧガード,Gardes Shagaru G
10986,シャガルGFガード,Gardes Shagaru GF
10987,シャガルGXガード,Gardes Shagaru GX
10988,ヒュジＺアーム,Brassards Hyujikiki Z
10989,ヒュジZFアーム,Brassards Hyujikiki F
10990,ヒュジZYアーム,Brassards Hyujikiki ZY
10991,ヒュジZXアーム,Brassards Hyujikiki ZX
10992,ヒュジＺガード,Gardes Hyujikiki Z
10993,ヒュジZFガード,Gardes Hyujikiki F
10994,ヒュジZYガード,Gardes Hyujikiki ZY
10995,ヒュジZXガード,Gardes Hyujikiki ZX
10996,ギアＺアーム,Brassards Engrenage Z
10997,ギアZFアーム,
10998,ギアZYアーム,Brassards Engrenage ZY
10999,ギアZXアーム,Brassards Engrenage ZX
11000,ギアＺガード,Gardes Engrenage Z
11001,ギアZFガード,
11002,ギアZYガード,Gardes Engrenage ZY
11003,ギアZXガード,Gardes Engrenage ZX
11004,ロッカアーム,Brassards Rokka
11005,ロッカＦアーム,Brassards Rokka F
11006,ロッカFZアーム,Brassards Rokka FZ
11007,ロッカHSアーム,Brassards Rokka HS
11008,ロッカGSアーム,Brassards Rokka GS
11009,ロッカGPアーム,Brassards Rokka GP
11010,ロッカZPアーム,Brassards Rokka ZP
11011,ロッカガード,Gardes Rokka
11012,ロッカＦガード,Gardes Rokka F
11013,ロッカFZガード,Gardes Rokka FZ
11014,ロッカHSガード,Gardes Rokka HS
11015,ロッカGSガード,Gardes Rokka GS
11016,ロッカGPガード,Gardes Rokka GP
11017,ロッカZPガード,Gardes Rokka ZP
11018,ペンレアーム,Brassards Penre
11019,ペンレＦアーム,Brassards Penre F
11020,ペンレFZアーム,Brassards Penre FZ
11021,ペンレHSアーム,Brassards Penre HS
11022,ペンレGSアーム,Brassards Penre GS
11023,ペンレGPアーム,Brassards Penre GP
11024,ペンレZPアーム,Brassards Penre ZP
11025,ペンレガード,Gardes Penre
11026,ペンレＦガード,Gardes Penre F
11027,ペンレFZガード,Gardes Penre FZ
11028,ペンレHSガード,Gardes Penre HS
11029,ペンレGSガード,Gardes Penre GS
11030,ペンレGPガード,Gardes Penre GP
11031,ペンレZPガード,Gardes Penre ZP
11032,赤原礼装・腕：剣ZP赤,Bras Akahara ZP Lame rouges
11033,赤原礼装・腕：弓ZP赤,Bras Akahara ZP Arc rouges
11034,赤原礼装・腕：剣ZP青,Bras Akahara ZP Lame bleus
11035,赤原礼装・腕：弓ZP青,Bras Akahara ZP Arc bleus
11036,赤原礼装・腕：剣ZP黒,Bras Akahara ZP Lame noirs
11037,赤原礼装・腕：弓ZP黒,Bras Akahara ZP Arc noirs
11038,赤原礼装・腕：剣ZP白,Bras Akahara ZP Lame blancs
11039,赤原礼装・腕：弓ZP白,Bras Akahara ZP Arc blancs
11040,騎士王の篭手：剣ZP青,
11041,騎士王の篭手：弓ZP青,
11042,騎士王の篭手：剣ZP赤,
11043,騎士王の篭手：弓ZP赤,
11044,騎士王の篭手：剣ZP黒,
11045,騎士王の篭手：弓ZP黒,
11046,騎士王の篭手：剣ZP白,
11047,騎士王の篭手：弓ZP白,
11048,英雄王の篭手：剣ZP金,
11049,英雄王の篭手：銃ZP金,
11050,英雄王の篭手：剣ZP黒,
11051,英雄王の篭手：銃ZP黒,
11052,英雄王の篭手：剣ZP白,
11053,英雄王の篭手：銃ZP白,
11054,英雄王の篭手：剣ZP赤,
11055,英雄王の篭手：銃ZP赤,
11056,ゴルゴンZPアーム・黒,Brassards Gorgone ZP noirs
11057,ゴルゴンZPガード・黒,Gardes Gorgone ZP noires
11058,ゴルゴンZPアーム・青,Brassards Gorgone ZP bleus
11059,ゴルゴンZPガード・青,Gardes Gorgone ZP bleues
11060,ゴルゴンZPアーム・白,Brassards Gorgone ZP blancs
11061,ゴルゴンZPガード・白,Gardes Gorgone ZP blanches
11062,ゴルゴンZPアーム・赤,Brassards Gorgone ZP rouges
11063,ゴルゴンZPガード・赤,Gardes Gorgone ZP rouges
11064,アーベンZPアーム,Brassards Arben ZP
11065,アーベンZPガード,Gardes Arben ZP
11066,アウラZPアーム,
11067,アウラZPガード,
11068,ガガチュZPアーム,Brassards Gagachu ZP
11069,ガガチュZPガード,Gardes Gagachu ZP
11070,クロフィZPアーム,Brassards Kurofi ZP
11071,クロフィZPガード,Gardes Kurofi ZP
11072,ケラヴノZPアーム,Brassards Keravuno ZP
11073,ケラヴノZPガード,Gardes Keravuno ZP
11074,リカンテＺアーム,Brassards Rikante Z
11075,リカンテZFアーム,Brassards Rikante F
11076,リカンテZYアーム,Brassards Rikante ZY
11077,リカンテZXアーム,Brassards Rikante ZX
11078,リカンテＺガード,Gardes Rikante Z
11079,リカンテZFガード,Gardes Rikante F
11080,リカンテZYガード,Gardes Rikante ZY
11081,リカンテZXガード,Gardes Rikante ZX
11082,チャトレＧアーム,Brassards Chatore G
11083,チャトレGFアーム,Brassards Chatore GF
11084,チャトレGXアーム,Brassards Chatore GX
11085,チャトレＧガード,Gardes Chatore G
11086,チャトレGFガード,Gardes Chatore GF
11087,チャトレGXガード,Gardes Chatore GX
11088,ドゥンルGXアーム,Brassards Donru GX
11089,ドゥンルGXガード,Gardes Donru GX
11090,ペンレＤアーム,Brassards Penre D
11091,ロッカＤアーム,Brassards Rokka D
11092,ﾖﾙﾊ九号S型Ｄアーム,Brassards YoRHa
11093,ﾖﾙﾊ二号B型Ｄアーム,Brassards YoRHa D
11094,トリートＣアーム,
11095,クラフトＣアーム,
11096,シエロＣアーム,Brassards Cielo C
11097,アイルーＣアーム,Brassards Felyne C
11098,赤原礼装・腕：弓Ｄ赤,Bras Akahara D Arc rouges
11099,赤原礼装・腕：弓Ｄ青,Bras Akahara D Arc bleus
11100,赤原礼装・腕：弓Ｄ黒,Bras Akahara D Arc noirs
11101,赤原礼装・腕：弓Ｄ白,Bras Akahara D Arc blancs
11102,騎士王の篭手：剣Ｄ青,
11103,騎士王の篭手：剣Ｄ赤,
11104,騎士王の篭手：剣Ｄ黒,
11105,騎士王の篭手：剣Ｄ白,
11106,英雄王の篭手：剣Ｄ金,
11107,英雄王の篭手：剣Ｄ黒,
11108,英雄王の篭手：剣Ｄ白,
11109,英雄王の篭手：剣Ｄ赤,
11110,ゴルゴンＤアーム・黒,Brassards Gorgone D noirs
11111,ゴルゴンＤアーム・青,Brassards Gorgone D bleus
11112,ゴルゴンＤアーム・白,Brassards Gorgone D blancs
11113,ゴルゴンＤアーム・赤,Brassards Gorgone D rouges
11114,アーベンＤアーム,Brassards Arben D
11115,アウラＤアーム,
11116,ガガチュＤアーム,Brassards Gagachu D
11117,クロフィＤアーム,Brassards Kurofi D
11118,ケラヴノＤアーム,Brassards Keravuno D
11119,エスピナZDファオスト,
11120,エスピナZDベギアデ,
11121,ヒプノZDアーム,Brassards Hypnoc D
11122,ヒプノZDガード,Gardes Hypnoc D
11123,フルフルZDアーム,Brassards Khezu D
11124,フルフルZDガード,Gardes Khezu D
11125,ザザミZDアーム,Brassards Hermitaur D
11126,ザザミZDガード,Gardes Hermitaur D
11127,レウスZDアーム,Brassards Rathalos D
11128,レウスZDガード,Gardes Rathalos D
11129,ブランゴZDアーム,Brassards Blango D
11130,ブランゴZDガード,Gardes Blango D
11131,ヴァシムZDアーム,Brassards Vashimu D
11132,ヴァシムZDガード,Gardes Vashimu D
11133,レックスZDアーム,Brassards Tigrex D
11134,レックスZDガード,Gardes Tigrex D
11135,ヒュジZDアーム,Brassards Hyujikiki D
11136,ヒュジZDガード,Gardes Hyujikiki D
11137,ギアZDアーム,
11138,ギアZDガード,
11139,ムルタＤアーム,Brassards Muruta D
11140,ミドＺアーム,Brassards Midogaron Z
11141,ミドZFアーム,Brassards Midogaron F
11142,ミドZYアーム,Brassards Midogaron ZY
11143,ミドZXアーム,Brassards Midogaron ZX
11144,ミドＺガード,Gardes Midogaron Z
11145,ミドZFガード,Gardes Midogaron F
11146,ミドZYガード,Gardes Midogaron ZY
11147,ミドZXガード,Gardes Midogaron ZX
11148,祖龍GXクロウ,
11149,祖龍GXフィスト,
11150,エルゼＧアーム,Brassards Elzelion G
11151,エルゼGFアーム,Brassards Elzelion GF
11152,エルゼGXアーム,Brassards Elzelion GX
11153,エルゼＧガード,Gardes Elzelion G
11154,エルゼGFガード,Gardes Elzelion GF
11155,エルゼGXガード,Gardes Elzelion GX
11156,ザッカアーム,Brassards Zakka
11157,ザッカＦアーム,Brassards Zakka F
11158,ザッカFZアーム,Brassards Zakka FZ
11159,ザッカHSアーム,Brassards Zakka HS
11160,ザッカGSアーム,Brassards Zakka GS
11161,ザッカGPアーム,Brassards Zakka GP
11162,ザッカZPアーム,Brassards Zakka ZP
11163,ザッカガード,Gardes Zakka
11164,ザッカＦガード,Gardes Zakka F
11165,ザッカFZガード,Gardes Zakka FZ
11166,ザッカHSガード,Gardes Zakka HS
11167,ザッカGSガード,Gardes Zakka GS
11168,ザッカGPガード,Gardes Zakka GP
11169,ザッカZPガード,Gardes Zakka ZP
11170,蒼ノ剣雄アーム,
11171,蒼ノ剣雄Ｆアーム,
11172,蒼ノ剣雄FZアーム,
11173,蒼ノ剣雄HSアーム,
11174,蒼ノ剣雄GSアーム,
11175,蒼ノ剣雄GPアーム,
11176,蒼ノ剣雄ZPアーム,
11177,紅ノ双星アーム,
11178,紅ノ双星Ｆアーム,
11179,紅ノ双星FZアーム,
11180,紅ノ双星HSアーム,
11181,紅ノ双星GSアーム,
11182,紅ノ双星GPアーム,
11183,紅ノ双星ZPアーム,
11184,黒ノ天剣アーム,
11185,黒ノ天剣Ｆアーム,
11186,黒ノ天剣FZアーム,
11187,黒ノ天剣HSアーム,
11188,黒ノ天剣GSアーム,
11189,黒ノ天剣GPアーム,
11190,黒ノ天剣ZPアーム,
11191,茜ノ春刀アーム,
11192,茜ノ春刀Ｆアーム,
11193,茜ノ春刀FZアーム,
11194,茜ノ春刀HSアーム,
11195,茜ノ春刀GSアーム,
11196,茜ノ春刀GPアーム,
11197,茜ノ春刀ZPアーム,
11198,菊ノ乱鎚アーム,
11199,菊ノ乱鎚Ｆアーム,
11200,菊ノ乱鎚FZアーム,
11201,菊ノ乱鎚HSアーム,
11202,菊ノ乱鎚GSアーム,
11203,菊ノ乱鎚GPアーム,
11204,菊ノ乱鎚ZPアーム,
11205,桜ノ歌笛アーム,
11206,桜ノ歌笛Ｆアーム,
11207,桜ノ歌笛FZアーム,
11208,桜ノ歌笛HSアーム,
11209,桜ノ歌笛GSアーム,
11210,桜ノ歌笛GPアーム,
11211,桜ノ歌笛ZPアーム,
11212,空ノ砕槍アーム,
11213,空ノ砕槍Ｆアーム,
11214,空ノ砕槍FZアーム,
11215,空ノ砕槍HSアーム,
11216,空ノ砕槍GSアーム,
11217,空ノ砕槍GPアーム,
11218,空ノ砕槍ZPアーム,
11219,宵ノ告槍アーム,
11220,宵ノ告槍Ｆアーム,
11221,宵ノ告槍FZアーム,
11222,宵ノ告槍HSアーム,
11223,宵ノ告槍GSアーム,
11224,宵ノ告槍GPアーム,
11225,宵ノ告槍ZPアーム,
11226,白ノ穿光アーム,
11227,白ノ穿光Ｆアーム,
11228,白ノ穿光FZアーム,
11229,白ノ穿光HSアーム,
11230,白ノ穿光GSアーム,
11231,白ノ穿光GPアーム,
11232,白ノ穿光ZPアーム,
11233,藤ノ彩斧アーム,Brassards Colour
11234,藤ノ彩斧Ｆアーム,Brassards Colour F
11235,藤ノ彩斧FZアーム,Brassards Colour FZ
11236,藤ノ彩斧HSアーム,Brassards Colour HS
11237,藤ノ彩斧GSアーム,Brassards Colour GS
11238,藤ノ彩斧GPアーム,Brassards Colour GP
11239,藤ノ彩斧ZPアーム,Brassards Colour ZP
11240,陽ノ砲銃ガード,
11241,陽ノ砲銃Ｆガード,
11242,陽ノ砲銃FZガード,
11243,陽ノ砲銃HSガード,
11244,陽ノ砲銃GSガード,
11245,陽ノ砲銃GPガード,
11246,陽ノ砲銃ZPガード,
11247,地ノ崩砲ガード,
11248,地ノ崩砲Ｆガード,
11249,地ノ崩砲FZガード,
11250,地ノ崩砲HSガード,
11251,地ノ崩砲GSガード,
11252,地ノ崩砲GPガード,
11253,地ノ崩砲ZPガード,
11254,夜ノ弓聖ガード,
11255,夜ノ弓聖Ｆガード,
11256,夜ノ弓聖FZガード,
11257,夜ノ弓聖HSガード,
11258,夜ノ弓聖GSガード,
11259,夜ノ弓聖GPガード,
11260,夜ノ弓聖ZPガード,
11261,ランタナアーム,Brassards Rantana
11262,ランタナＦアーム,Brassards Rantana F
11263,ランタナFZアーム,Brassards Rantana FZ
11264,ランタナHSアーム,Brassards Rantana HS
11265,ランタナGSアーム,Brassards Rantana GS
11266,ランタナGPアーム,Brassards Rantana GP
11267,ランタナZPアーム,Brassards Rantana ZP
11268,ランタナガード,Gardes Rantana
11269,ランタナＦガード,Gardes Rantana F
11270,ランタナFZガード,Gardes Rantana FZ
11271,ランタナHSガード,Gardes Rantana HS
11272,ランタナGSガード,Gardes Rantana GS
11273,ランタナGPガード,Gardes Rantana GP
11274,ランタナZPガード,Gardes Rantana ZP
11275,エリスアーム,Brassards Eris
11276,エリスＦアーム,Brassards Eris F
11277,エリスFZアーム,Brassards Eris FZ
11278,エリスHSアーム,Brassards Eris HS
11279,エリスGSアーム,Brassards Eris GS
11280,エリスGPアーム,Brassards Eris GP
11281,エリスZPアーム,Brassards Eris ZP
11282,エリスガード,Gardes Eris
11283,エリスＦガード,Gardes Eris F
11284,エリスFZガード,Gardes Eris FZ
11285,エリスHSガード,Gardes Eris HS
11286,エリスGSガード,Gardes Eris GS
11287,エリスGPガード,Gardes Eris GP
11288,エリスZPガード,Gardes Eris ZP
11289,マギサZPアーム・赤,Brassards Magisa ZP rouges
11290,マギサZPアーム・黒,Brassards Magisa ZP noirs
11291,マギサZPアーム・緑,Brassards Magisa ZP verts
11292,マギサZPアーム・白,Brassards Magisa ZP blancs
11293,ウィザーZPガード・赤,Gardes Wither ZP rouges
11294,ウィザーZPガード・黒,Gardes Wither ZP noires
11295,ウィザーZPガード・緑,Gardes Wither ZP vertes
11296,ウィザーZPガード・白,Gardes Wither ZP blanches
11297,和花ノ篭手ZP,
11298,和花ノ御手ZP,
11299,シャランZPアーム・青,Brassards Sharan ZP bleus
11300,シャランZPアーム・緑,Brassards Sharan ZP verts
11301,シャランZPアーム・紫,Brassards Sharan ZP violets
11302,シャランZPアーム・白,Brassards Sharan ZP blancs
11303,シャランZPガード・青,Gardes Sharan ZP bleues
11304,シャランZPガード・緑,Gardes Sharan ZP vertes
11305,シャランZPガード・紫,Gardes Sharan ZP violettes
11306,シャランZPガード・白,Gardes Sharan ZP blanches
11307,アルミュＧアーム,Brassards Arumyu G
11308,アルミュGFアーム,Brassards Arumyu GF
11309,アルミュGXアーム,Brassards Arumyu GX
11310,アルミュＧガード,Gardes Arumyu G
11311,アルミュGFガード,Gardes Arumyu GF
11312,アルミュGXガード,Gardes Arumyu GX
11313,コリニィＺアーム,Brassards Korinyi Z
11314,コリニィZFアーム,Brassards Korinyi F
11315,コリニィZYアーム,Brassards Korinyi ZY
11316,コリニィZXアーム,Brassards Korinyi ZX
11317,コリニィＺガード,Gardes Korinyi Z
11318,コリニィZFガード,Gardes Korinyi F
11319,コリニィZYガード,Gardes Korinyi ZY
11320,コリニィZXガード,Gardes Korinyi ZX
11321,煉華ノ篭手Ｚ,
11322,煉華ノ篭手ZF,
11323,煉華ノ篭手ZY,
11324,煉華ノ篭手ZX,
11325,煉華ノ大袖Ｚ,
11326,煉華ノ大袖ZF,
11327,煉華ノ大袖ZY,
11328,煉華ノ大袖ZX,
11329,ダミー,
11330,ダミー,
11331,ダミー,
11332,ダミー,
11333,ダミー,
11334,ダミー,
11335,ダミー,
11336,ダミー,
11337,ミドZDアーム,Brassards Midogaron D
11338,ミドZDガード,Gardes Midogaron D
11339,祖龍Ｄクロウ,
11340,祖龍Ｄフィスト,
11341,エルゼＤアーム,Brassards Elzelion D
11342,エルゼＤガード,Gardes Elzelion D
11343,ザッカＤアーム,Brassards Zakka D
11344,十ノ軌跡Ｃアーム,
11345,十ノ至道Ｃガード,
11346,ランタナＤアーム,Brassards Rantana D
11347,エリスＤアーム,Brassards Eris D
11348,マギサＤアーム・赤,Brassards Magisa D rouges
11349,マギサＤアーム・黒,Brassards Magisa D noirs
11350,マギサＤアーム・緑,Brassards Magisa D verts
11351,マギサＤアーム・白,Brassards Magisa D blancs
11352,マギサＤアーム・青,Brassards Magisa D bleus
11353,和花ノ篭手Ｄ,
11354,シャランＤアーム・青,Brassards Sharan D bleus
11355,シャランＤアーム・緑,Brassards Sharan D verts
11356,シャランＤアーム・紫,Brassards Sharan D violets
11357,シャランＤアーム・白,Brassards Sharan D blancs
11358,シャランＤアーム・赤,Brassards Sharan D rouges
11359,シャランＤアーム・紅,Brassards Sharan D cramoisis
11360,シャランＤアーム・橙,Brassards Sharan D orange
11361,キャリッジＤアーム,Brassards Carrosse D
11362,マーブルＤアーム,Brassards Marbre D
11363,シャンディＤアーム,
11364,バンケットＤアーム,
11365,コリニィＤアーム,Brassards Korinyi D
11366,煉華ノ篭手Ｄ,
11367,ククボＤアーム,Brassards Kukubo D
11368,カカブＤアーム,Brassards Kakabu D
11369,アルルＤアーム,Brassards Aruru D
11370,あかねこ服Ｄアーム,
11371,ライオスＤアーム,Brassards Rios D
11372,ボニトＤアーム,
11373,メイリダＤアーム,Brassards Meirida D
11374,ミニオムＤアーム,Brassards Miniomu D
11375,ハリメノＤアーム,Brassards Harimeno D
11376,デリヴＤアーム,
11377,アサークＤアーム,Brassards Asaku D
11378,デゾルトＤアーム,Brassards Desordre D
11379,ハラガンＤアーム,Brassards Haragan D
11380,アブヤドＤアーム,Brassards Abuyado D
11381,ルコＺアーム,Brassards Ruko Z
11382,ルコZFアーム,Brassards Ruko F
11383,ルコZYアーム,Brassards Ruko ZY
11384,ルコZXアーム,Brassards Ruko ZX
11385,ルコＺガード,Gardes Ruko Z
11386,ルコZFガード,Gardes Ruko F
11387,ルコZYガード,Gardes Ruko ZY
11388,ルコZXガード,Gardes Ruko ZX
11389,ガノＺアーム,Brassards Plesioth Z
11390,ガノZFアーム,Brassards Plesioth F
11391,ガノZYアーム,Brassards Plesioth ZY
11392,ガノZXアーム,Brassards Plesioth ZX
11393,ガノＺガード,Gardes Plesioth Z
11394,ガノZFガード,Gardes Plesioth F
11395,ガノZYガード,Gardes Plesioth ZY
11396,ガノZXガード,Gardes Plesioth ZX
11397,シャルフアーム,Brassards Sharufu
11398,シャルフＦアーム,Brassards Sharufu F
11399,シャルフFZアーム,Brassards Sharufu FZ
11400,シャルフHSアーム,Brassards Sharufu HS
11401,シャルフGSアーム,Brassards Sharufu GS
11402,シャルフGPアーム,Brassards Sharufu GP
11403,シャルフZPアーム,Brassards Sharufu ZP
11404,シャルフガード,Gardes Sharufu
11405,シャルフＦガード,Gardes Sharufu F
11406,シャルフFZガード,Gardes Sharufu FZ
11407,シャルフHSガード,Gardes Sharufu HS
11408,シャルフGSガード,Gardes Sharufu GS
11409,シャルフGPガード,Gardes Sharufu GP
11410,シャルフZPガード,Gardes Sharufu ZP
11411,カマラアーム,Brassards Kamara
11412,カマラＦアーム,Brassards Kamara F
11413,カマラFZアーム,Brassards Kamara FZ
11414,カマラHSアーム,Brassards Kamara HS
11415,カマラGSアーム,Brassards Kamara GS
11416,カマラGPアーム,Brassards Kamara GP
11417,カマラZPアーム,Brassards Kamara ZP
11418,カマラガード,Gardes Kamara
11419,カマラＦガード,Gardes Kamara F
11420,カマラFZガード,Gardes Kamara FZ
11421,カマラHSガード,Gardes Kamara HS
11422,カマラGSガード,Gardes Kamara GS
11423,カマラGPガード,Gardes Kamara GP
11424,カマラZPガード,Gardes Kamara ZP
11425,ルーチェアーム,Brassards Ruche
11426,ルーチェＦアーム,Brassards Ruche F
11427,ルーチェFZアーム,Brassards Ruche FZ
11428,ルーチェHSアーム,Brassards Ruche HS
11429,ルーチェGSアーム,Brassards Ruche GS
11430,ルーチェGPアーム,Brassards Ruche GP
11431,ルーチェZPアーム,Brassards Ruche ZP
11432,ルーチェガード,Gardes Ruche
11433,ルーチェＦガード,Gardes Ruche F
11434,ルーチェFZガード,Gardes Ruche FZ
11435,ルーチェHSガード,Gardes Ruche HS
11436,ルーチェGSガード,Gardes Ruche GS
11437,ルーチェGPガード,Gardes Ruche GP
11438,ルーチェZPガード,Gardes Ruche ZP
11439,レイジHSアーム,Brassards Rage HS
11440,レイジGSアーム,Brassards Rage GS
11441,レイジGPアーム,Brassards Rage GP
11442,レイジZPアーム,Brassards Rage ZP
11443,レイジHSガード,Gardes Rage HS
11444,レイジGSガード,Gardes Rage GS
11445,レイジGPガード,Gardes Rage GP
11446,レイジZPガード,Gardes Rage ZP
11447,ランページHSアーム,Brassards Déchaînement HS
11448,ランページGSアーム,Brassards Déchaînement GS
11449,ランページGPアーム,Brassards Déchaînement GP
11450,ランページZPアーム,Brassards Déchaînement ZP
11451,ランページHSガード,Gardes Déchaînement HS
11452,ランページGSガード,Gardes Déchaînement GS
11453,ランページGPガード,Gardes Déchaînement GP
11454,ランページZPガード,Gardes Déchaînement ZP
11455,ブレイズHSアーム,Brassards Brasier HS
11456,ブレイズGSアーム,Brassards Brasier GS
11457,ブレイズGPアーム,Brassards Brasier GP
11458,ブレイズZPアーム,Brassards Brasier ZP
11459,ブレイズHSガード,Gardes Brasier HS
11460,ブレイズGSガード,Gardes Brasier GS
11461,ブレイズGPガード,Gardes Brasier GP
11462,ブレイズZPガード,Gardes Brasier ZP
11463,プーギーFZパンチ,
11464,プーギーHSパンチ,
11465,プーギーGSパンチ,
11466,プーギーGPパンチ,
11467,プーギーZPパンチ,
11468,プーギーFZハンド,
11469,プーギーHSハンド,
11470,プーギーGSハンド,
11471,プーギーGPハンド,
11472,プーギーZPハンド,
11473,マンドラFZアーム,Brassards Mandora FZ
11474,マンドラHSアーム,Brassards Mandora HS
11475,マンドラGSアーム,Brassards Mandora GS
11476,マンドラGPアーム,Brassards Mandora GP
11477,マンドラZPアーム,Brassards Mandora ZP
11478,マンドラFZガード,Gardes Mandora FZ
11479,マンドラHSガード,Gardes Mandora HS
11480,マンドラGSガード,Gardes Mandora GS
11481,マンドラGPガード,Gardes Mandora GP
11482,マンドラZPガード,Gardes Mandora ZP
11483,アオノコFZアーム,Brassards Aonoko FZ
11484,アオノコHSアーム,Brassards Aonoko HS
11485,アオノコGSアーム,Brassards Aonoko GS
11486,アオノコGPアーム,Brassards Aonoko GP
11487,アオノコZPアーム,Brassards Aonoko ZP
11488,アオノコFZガード,Gardes Aonoko FZ
11489,アオノコHSガード,Gardes Aonoko HS
11490,アオノコGSガード,Gardes Aonoko GS
11491,アオノコGPガード,Gardes Aonoko GP
11492,アオノコZPガード,Gardes Aonoko ZP
11493,ガウスZPアーム,Brassards Gauss ZP
11494,ガウスZPガード,Gardes Gauss ZP
11495,ウェーバZPアーム,Brassards Weber ZP
11496,ウェーバZPガード,Gardes Weber ZP
11497,ギルバートZPアーム,Brassards Gilbert ZP
11498,ギルバートZPガード,Gardes Gilbert ZP
11499,ズィベイZPファオスト,
11500,ズィベイZPベギアデ,
11501,リエブレＧアーム,Brassards Liebre G
11502,リエブレGFアーム,Brassards Liebre GF
11503,リエブレGXアーム,Brassards Liebre GX
11504,リエブレＧガード,Gardes Liebre G
11505,リエブレGFガード,Gardes Liebre GF
11506,リエブレGXガード,Gardes Liebre GX
11507,メレンテＺアーム,Brassards Merente Z
11508,メレンテZFアーム,Brassards Merente F
11509,メレンテZYアーム,Brassards Merente ZY
11510,メレンテZXアーム,Brassards Merente ZX
11511,メレンテＺガード,Gardes Merente Z
11512,メレンテZFガード,Gardes Merente F
11513,メレンテZYガード,Gardes Merente ZY
11514,メレンテZXガード,Gardes Merente ZX
11515,ルコZDアーム,Brassards Ruko D
11516,ルコZDガード,Gardes Ruko D
11517,ガノZDアーム,Brassards Plesioth D
11518,ガノZDガード,Gardes Plesioth D
11519,シャルフＤアーム,Brassards Sharufu D
11520,カマラＤアーム,Brassards Kamara D
11521,リエブレＤアーム,Brassards Liebre D
11522,コリニィＣアーム,Brassards Korinyi C
11523,ルーチェＤアーム,Brassards Ruche D
11524,ストレングスＤハンド,
11525,レイジＤアーム,Brassards Rage D
11526,ランページＤアーム,Brassards Déchaînement D
11527,ブレイズＤアーム,Brassards Brasier D
11528,プーギーＤパンチ,
11529,マンドラＤアーム,Brassards Mandora D
11530,アオノコＤアーム,Brassards Aonoko D
11531,ガウスＤアーム,Brassards Gauss D
11532,ウェーバＤアーム,Brassards Weber D
11533,ギルバートＤアーム,Brassards Gilbert D
11534,ズィベイＤファオスト,
11535,チアリムＤアーム,Brassards Chiarim D
11536,ギルドバードＣアーム,Brassards Guilde C
11537,スカラーＣグラブ,
11538,ロワーガＣマーノ,
11539,ファルメルＣマーノ,
11540,ユクモノコテＣ・天,
11541,白蘭Ｄアーム,
11542,紅霞Ｄアーム,
11543,鬼穿ノ篭手Ｄ,
11544,タングスＤアーム,Brassards Tangusu D
11545,ディスＤアーム,Brassards Disu D
11546,ディスＤガード,Gardes Disu D
11547,リルスＤアーム,Brassards Lils D
11548,リルスＤガード,Gardes Lils D
11549,ドラゴンSCクロウ,
11550,ドラゴンSCフィスト,
11551,ドラゴンGDクロウ,
11552,ドラゴンGDフィスト,
11553,バルカンＤクロウ,
11554,バルカンＤフィスト,
11555,バルカンGDクロウ,
11556,バルカンGDフィスト,
11557,ガーネットＤアーム,Brassards Grenat D
11558,アメジストＤアーム,Brassards Améthyste D
11559,コーラルＤアーム,Brassards Corail D
11560,クォーツＤアーム,
11561,エメラルドＤアーム,
11562,パールＤアーム,
11563,ルビーＤアーム,
11564,サファイアＤアーム,Brassards Saphir D
11565,トパーズＤガード,Gardes Topaze D
11566,トルマリンＤガード,
11567,ラピスＤガード,Gardes Lapis D
11568,ヒスイＤアーム,Brassards Hisui D
11569,オニキスＤアーム,
11570,ランポスーツハンドＤ,
11571,ゲネポスーツハンドＤ,
11572,イーオスーツハンドＤ,
11573,ギアノスーツハンドＤ,
11574,モスパンチＤ,
11575,ガブラスーツハンドＤ,
11576,バトルガードPD青,
11577,バトルガードPD黄,
11578,バトルガードPD紫,
11579,レイアアームPD青,
11580,レイアアームPD赤,
11581,レイアアームPD黒,
11582,フルフルアームPD青,
11583,フルフルアームPD緑,
11584,フルフルアームPD黒,
11585,エスピナアームPD赤,
11586,エスピナアームPD青,
11587,エスピナアームPD黄,
11588,エスピナガードPD赤,
11589,エスピナガードPD青,
11590,エスピナガードPD黄,
11591,ガーディアームPD白,
11592,ガーディアームPD黒,
11593,ガーディアームPD紫,
11594,ヒーラーカフスPD青,
11595,ヒーラーカフスPD白,
11596,ヒーラーカフスPD黄,
11597,ショウロウ【上手】Ｄ,
11598,ミタマ【上手】Ｄ,
11599,焔嶽Ｄ【篭手】,
11600,緋嶽Ｄ【篭手】,
11601,ルディアＤアーム,Brassards Ledia D
11602,白蛇ノ袖Ｄ,
11603,黒虎ノ袖Ｄ,
11604,崩霧Ｄ【袖】,
11605,納言ノ袖Ｄ,
11606,蒼空ノ袖Ｄ,
11607,夕焼ノ袖Ｄ,
11608,紅昇Ｄ【袖】,
11609,絶影ノ袖Ｄ,
11610,フロガダＤアーム,Brassards Furogada D
11611,ラースＤアーム,Brassards Lars D
11612,ドゥンルＤアーム,Brassards Donru D
11613,イナガミZDアーム,Brassards Inagami D
11614,ベリオＣアーム,Brassards Barioth C
11615,ベリオＣガード,Gardes Barioth C
11616,ブラキＣアーム,Brassards Brachy C
11617,ブラキＣガード,Gardes Brachy C
11618,ガンキンＣアーム,Brassards Uragaan C
11619,ガンキンＣガード,Gardes Uragaan C
11620,獄狼Ｃアーム,Brassards Stygian C
11621,獄狼Ｃガード,Gardes Stygian C
11622,ゴアＣアーム,
11623,ゴアＣガード,
11624,バンギスＣアーム,Brassards Vangis C
11625,バンギスＣガード,Gardes Vangis C
11626,シャガルＣアーム,Brassards Shagaru C
11627,シャガルＣガード,Gardes Shagaru C
11628,イナガミＺアーム,Brassards Inagami Z
11629,イナガミZFアーム,Brassards Inagami F
11630,イナガミZYアーム,Brassards Inagami ZY
11631,イナガミZXアーム,Brassards Inagami ZX
11632,イナガミＺガード,Gardes Inagami Z
11633,イナガミZFガード,Gardes Inagami F
11634,イナガミZYガード,Gardes Inagami ZY
11635,イナガミZXガード,Gardes Inagami ZX
11636,荒天【袂】,
11637,荒天Ｇ【袂】,
11638,荒天GF【袂】,
11639,荒天GX【袂】,
11640,蒼天【袂】,
11641,蒼天Ｇ【袂】,
11642,蒼天GF【袂】,
11643,蒼天GX【袂】,
11644,レビンアーム,Brassards Levin
11645,レビンＦアーム,Brassards Levin F
11646,レビンFZアーム,Brassards Levin FZ
11647,レビンHSアーム,Brassards Levin HS
11648,レビンGSアーム,Brassards Levin GS
11649,レビンGPアーム,Brassards Levin GP
11650,レビンZPアーム,Brassards Levin ZP
11651,レビンガード,Gardes Levin
11652,レビンＦガード,Gardes Levin F
11653,レビンFZガード,Gardes Levin FZ
11654,レビンHSガード,Gardes Levin HS
11655,レビンGSガード,Gardes Levin GS
11656,レビンGPガード,Gardes Levin GP
11657,レビンZPガード,Gardes Levin ZP
11658,白銀の甲冑・篭手,
11659,白銀の甲冑Ｆ・篭手,
11660,白銀の甲冑FZ・篭手,
11661,白銀の甲冑HS・篭手,
11662,白銀の甲冑GS・篭手,
11663,白銀の甲冑GP・篭手,
11664,白銀の甲冑ZP・篭手,
11665,白銀の甲冑・籠手,
11666,白銀の甲冑Ｆ・籠手,
11667,白銀の甲冑FZ・籠手,
11668,白銀の甲冑HS・籠手,
11669,白銀の甲冑GS・籠手,
11670,白銀の甲冑GP・籠手,
11671,白銀の甲冑ZP・籠手,
11672,薔薇の舞踏服・袖,
11673,薔薇の舞踏服Ｆ・袖,
11674,薔薇の舞踏服FZ・袖,
11675,薔薇の舞踏服HS・袖,
11676,薔薇の舞踏服GS・袖,
11677,薔薇の舞踏服GP・袖,
11678,薔薇の舞踏服ZP・袖,
11679,薔薇の舞踏服・羽袖,
11680,薔薇の舞踏服Ｆ・羽袖,
11681,薔薇の舞踏服FZ・羽袖,
11682,薔薇の舞踏服HS・羽袖,
11683,薔薇の舞踏服GS・羽袖,
11684,薔薇の舞踏服GP・羽袖,
11685,薔薇の舞踏服ZP・羽袖,
11686,シュイアーム,Brassards Shui
11687,シュイＦアーム,Brassards Shui F
11688,シュイFZアーム,Brassards Shui FZ
11689,シュイHSアーム,Brassards Shui HS
11690,シュイGSアーム,Brassards Shui GS
11691,シュイGPアーム,Brassards Shui GP
11692,シュイZPアーム,Brassards Shui ZP
11693,シュイガード,Gardes Shui
11694,シュイＦガード,Gardes Shui F
11695,シュイFZガード,Gardes Shui FZ
11696,シュイHSガード,Gardes Shui HS
11697,シュイGSガード,Gardes Shui GS
11698,シュイGPガード,Gardes Shui GP
11699,シュイZPガード,Gardes Shui ZP
11700,CEケブラーZP腕：剣青,Bras CE Lame bleus
11701,CEケブラーZP腕：弓青,Bras CE Arc bleus
11702,CEケブラーZP腕：剣赤,Bras CE Lame rouges
11703,CEケブラーZP腕：弓赤,Bras CE Arc rouges
11704,CEケブラーZP腕：剣白,Bras CE Lame blancs
11705,CEケブラーZP腕：弓白,Bras CE Arc blancs
11706,CEケブラーZP腕：剣黒,Bras CE Lame noirs
11707,CEケブラーZP腕：弓黒,Bras CE Arc noirs
11708,ABレイヤーZP腕：剣赤,
11709,ABレイヤーZP腕：弓赤,
11710,ABレイヤーZP腕：剣青,
11711,ABレイヤーZP腕：弓青,
11712,ABレイヤーZP腕：剣黒,
11713,ABレイヤーZP腕：弓黒,
11714,ABレイヤーZP腕：剣白,
11715,ABレイヤーZP腕：弓白,
11716,リュバンZPアーム,Brassards Ruban ZP
11717,リュバンZPガード,Gardes Ruban ZP
11718,ラモールZPアーム,Brassards L'Amore ZP
11719,ラモールZPガード,Gardes L'Amore ZP
11720,オルロジュZPアーム,Brassards Orloj ZP
11721,オルロジュZPガード,Gardes Orloj ZP
11722,ドルチェZPアーム,Brassards Dolce ZP
11723,ドルチェZPガード,Gardes Dolce ZP
11724,ブライトZPアーム,Brassards Éclat ZP
11725,ブライトZPガード,Gardes Éclat ZP
11726,ジュアリZPアーム,Brassards Juari ZP
11727,ジュアリZPガード,Gardes Juari ZP
11728,ティンクZPアーム,Brassards Tinku ZP
11729,ティンクZPガード,Gardes Tinku ZP
11730,シャテムZPアーム,Brassards Shatemu ZP
11731,シャテムZPガード,Gardes Shatemu ZP
11732,ヘヴリアZPアーム,Brassards Hevria ZP
11733,ヘヴリアZPガード,Gardes Hevria ZP
11734,ティルルZPアーム,Brassards Tiuru ZP
11735,ティルルZPガード,Gardes Tiuru ZP
11736,カイラZPアーム,Brassards Kaila ZP
11737,カイラZPガード,Gardes Kaila ZP
11738,フォンセＧアーム,Brassards Fonse G
11739,フォンセGFアーム,Brassards Fonse GF
11740,フォンセGXアーム,Brassards Fonse GX
11741,フォンセＧガード,Gardes Fonse G
11742,フォンセGFガード,Gardes Fonse GF
11743,フォンセGXガード,Gardes Fonse GX
11744,ウタンテＺアーム,Brassards Utante Z
11745,ウタンテZFアーム,Brassards Utante F
11746,ウタンテZYアーム,Brassards Utante ZY
11747,ウタンテZXアーム,Brassards Utante ZX
11748,ウタンテＺガード,Gardes Utante Z
11749,ウタンテZFガード,Gardes Utante F
11750,ウタンテZYガード,Gardes Utante ZY
11751,ウタンテZXガード,Gardes Utante ZX
11752,リズヴェＧアーム,Brassards Rizuvue G
11753,リズヴェGFアーム,Brassards Rizuvue GF
11754,リズヴェGXアーム,Brassards Rizuvue GX
11755,リズヴェＧガード,Gardes Rizuvue G
11756,リズヴェGFガード,Gardes Rizuvue GF
11757,リズヴェGXガード,Gardes Rizuvue GX
11758,イナガミZDガード,Gardes Inagami D
11759,荒天Ｃ【袂】,
11760,蒼天Ｃ【袂】,
11761,レビンＤアーム,Brassards Levin D
11762,白銀の甲冑Ｄ・篭手,
11763,薔薇の舞踏服Ｄ・袖,
11764,シュイＤアーム,Brassards Shui D
11765,CEケブラーＤ腕：剣青,Bras CE Lame bleus
11766,CEケブラーＤ腕：剣赤,Bras CE Lame rouges
11767,CEケブラーＤ腕：剣白,Bras CE Lame blancs
11768,CEケブラーＤ腕：剣黒,Bras CE Lame noirs
11769,ABレイヤーＤ腕：剣赤,
11770,ABレイヤーＤ腕：剣青,
11771,ABレイヤーＤ腕：剣黒,
11772,ABレイヤーＤ腕：剣白,
11773,リュバンＤアーム,Brassards Ruban D
11774,ラモールＤアーム,Brassards L'Amore D
11775,オルロジュＤアーム,Brassards Orloj D
11776,ドルチェＤアーム,Brassards Dolce D
11777,ブライトＤアーム,Brassards Éclat D
11778,ジュアリＤアーム,Brassards Juari D
11779,ティンクＤアーム,Brassards Tinku D
11780,シャテムＤアーム,Brassards Shatemu D
11781,ヘヴリアＤアーム,Brassards Hevria D
11782,ティルルＤアーム,Brassards Tiuru D
11783,カイラＤアーム,Brassards Kaila D
11784,フォンセＤアーム,Brassards Fonse D
11785,ヒプノルータＤアーム,
11786,ヒプノリアＤアーム,Brassards Hypnolia D
11787,エス・クェラＤアーム,Brassards Es D
11788,エコールＤアーム,Brassards Ecole D
11789,ガンズＤアーム,Brassards Guns D
11790,アグリアＤアーム,Brassards Agria D
11791,フォーヴＤアーム,Brassards Fauve D
11792,ティーアＤアーム,
11793,ミューズＤアーム,
11794,ディクトＤアーム,Brassards Dicto D
11795,クリュスＤアーム,Brassards Kruss D
11796,スタリナＤアーム,Brassards Starina D
11797,ルースＤアーム,
11798,ミラドＤアーム,Brassards Mirado D
11799,デュールＤアーム,Brassards Deyuru D
11800,ロバストＤハトゥー,
11801,ファルコＤアーム,Brassards Falco D
11802,ハウクスＤアーム,Brassards Howx D
11803,ピラータＤアーム,Brassards Pirata D
11804,ゼロイＤアーム,Brassards Zeroi D
11805,レイルＤアーム,
11806,リーデレＤアーム,Brassards Ridere D
11807,リエットＤアーム,Brassards Émeute D
11808,ルターレＤアーム,Brassards Rutare D
11809,流転の篭手・Ｄ,
11810,嵐転の篭手・Ｄ,
11811,キュビィＤアーム,Brassards Cubie D
11812,ケモルＤアーム,Brassards Kemor D
11813,ラトリアＤアーム,Brassards Latria D
11814,コンタオＤアーム,Brassards Kontao D
11815,オービスＤパンチ,
11816,ロットＤパンチ,
11817,ウーコンＤアーム,Brassards Shoko D
11818,ニンバスＤアーム,
11819,月陽ノ篭手・Ｄ,
11820,曙光ノ篭手・Ｄ,
11821,トリドＺアーム,Brassards Torid Z
11822,トリドZFアーム,Brassards Toridcless F
11823,トリドZYアーム,Brassards Torid ZY
11824,トリドZXアーム,Brassards Torid ZX
11825,トリドＺガード,Gardes Torid Z
11826,トリドZFガード,Gardes Toridcless F
11827,トリドZYガード,Gardes Torid ZY
11828,トリドZXガード,Gardes Torid ZX
11829,ドラギュＺアーム,Brassards Doragyurosu Z
11830,ドラギュZFアーム,Brassards Doragyurosu F
11831,ドラギュZYアーム,Brassards Doragyurosu ZY
11832,ドラギュZXアーム,Brassards Doragyurosu ZX
11833,ドラギュＺガード,Gardes Doragyurosu Z
11834,ドラギュZFガード,Gardes Doragyurosu F
11835,ドラギュZYガード,Gardes Doragyurosu ZY
11836,ドラギュZXガード,Gardes Doragyurosu ZX
11837,アルフィアーム,Brassards Alfi
11838,アルフィＦアーム,Brassards Alfi F
11839,アルフィFZアーム,Brassards Alfi FZ
11840,アルフィHSアーム,Brassards Alfi HS
11841,アルフィGSアーム,Brassards Alfi GS
11842,アルフィGPアーム,Brassards Alfi GP
11843,アルフィZPアーム,Brassards Alfi ZP
11844,アルフィガード,Gardes Alfi
11845,アルフィＦガード,Gardes Alfi F
11846,アルフィFZガード,Gardes Alfi FZ
11847,アルフィHSガード,Gardes Alfi HS
11848,アルフィGSガード,Gardes Alfi GS
11849,アルフィGPガード,Gardes Alfi GP
11850,アルフィZPガード,Gardes Alfi ZP
11851,カイファアーム,Brassards Kaifa
11852,カイファＦアーム,Brassards Kaifa F
11853,カイファFZアーム,Brassards Kaifa FZ
11854,カイファHSアーム,Brassards Kaifa HS
11855,カイファGSアーム,Brassards Kaifa GS
11856,カイファGPアーム,Brassards Kaifa GP
11857,カイファZPアーム,Brassards Kaifa ZP
11858,カイファガード,Gardes Kaifa
11859,カイファＦガード,Gardes Kaifa F
11860,カイファFZガード,Gardes Kaifa FZ
11861,カイファHSガード,Gardes Kaifa HS
11862,カイファGSガード,Gardes Kaifa GS
11863,カイファGPガード,Gardes Kaifa GP
11864,カイファZPガード,Gardes Kaifa ZP
11865,ストラザアーム,Brassards Straza
11866,ストラザＦアーム,Brassards Straza F
11867,ストラザFZアーム,Brassards Straza FZ
11868,ストラザHSアーム,Brassards Straza HS
11869,ストラザGSアーム,Brassards Straza GS
11870,ストラザGPアーム,Brassards Straza GP
11871,ストラザZPアーム,Brassards Straza ZP
11872,ストラザガード,Gardes Straza
11873,ストラザＦガード,Gardes Straza F
11874,ストラザFZガード,Gardes Straza FZ
11875,ストラザHSガード,Gardes Straza HS
11876,ストラザGSガード,Gardes Straza GS
11877,ストラザGPガード,Gardes Straza GP
11878,ストラザZPガード,Gardes Straza ZP
11879,フランテＺアーム,Brassards Furante Z
11880,フランテZFアーム,Brassards Furante F
11881,フランテZYアーム,Brassards Furante ZY
11882,フランテZXアーム,Brassards Furante ZX
11883,フランテＺガード,Gardes Furante Z
11884,フランテZFガード,Gardes Furante F
11885,フランテZYガード,Gardes Furante ZY
11886,フランテZXガード,Gardes Furante ZX
11887,カリヴァＧアーム,Brassards Cariva G
11888,カリヴァGFアーム,Brassards Cariva GF
11889,カリヴァGXアーム,Brassards Cariva GX
11890,カリヴァＧガード,Gardes Cariva G
11891,カリヴァGFガード,Gardes Cariva GF
11892,カリヴァGXガード,Gardes Cariva GX
11893,ボンネＧアーム,Brassards Bonne G
11894,ボンネGFアーム,Brassards Bonne GF
11895,ボンネGXアーム,Brassards Bonne GX
11896,ボンネＧガード,Gardes Bonne G
11897,ボンネGFガード,Gardes Bonne GF
11898,ボンネGXガード,Gardes Bonne GX
11899,調査兵団ZPアーム,
11900,調査兵団ZPガード,
11901,訓練兵団ZPアーム,Brassards Training ZP
11902,訓練兵団ZPガード,Gardes Training ZP
11903,十二勇士甲冑・篭手,
11904,十二勇士甲冑Ｆ・篭手,
11905,十二勇士甲冑FZ・篭手,
11906,十二勇士甲冑HS・篭手,
11907,十二勇士甲冑GS・篭手,
11908,十二勇士甲冑GP・篭手,
11909,十二勇士甲冑ZP・篭手,
11910,十二勇士甲冑・籠手,
11911,十二勇士甲冑Ｆ・籠手,
11912,十二勇士甲冑FZ・籠手,
11913,十二勇士甲冑HS・籠手,
11914,十二勇士甲冑GS・籠手,
11915,十二勇士甲冑GP・籠手,
11916,十二勇士甲冑ZP・籠手,
11917,救国の聖女服・袖,
11918,救国の聖女服Ｆ・袖,
11919,救国の聖女服FZ・袖,
11920,救国の聖女服HS・袖,
11921,救国の聖女服GS・袖,
11922,救国の聖女服GP・袖,
11923,救国の聖女服ZP・袖,
11924,救国の聖女服・羽袖,
11925,救国の聖女服Ｆ・羽袖,
11926,救国の聖女服FZ・羽袖,
11927,救国の聖女服HS・羽袖,
11928,救国の聖女服GS・羽袖,
11929,救国の聖女服GP・羽袖,
11930,救国の聖女服ZP・羽袖,
11931,竜殺しの甲冑・篭手,
11932,竜殺しの甲冑Ｆ・篭手,
11933,竜殺しの甲冑FZ・篭手,
11934,竜殺しの甲冑HS・篭手,
11935,竜殺しの甲冑GS・篭手,
11936,竜殺しの甲冑GP・篭手,
11937,竜殺しの甲冑ZP・篭手,
11938,竜殺しの甲冑・籠手,
11939,竜殺しの甲冑Ｆ・籠手,
11940,竜殺しの甲冑FZ・籠手,
11941,竜殺しの甲冑HS・籠手,
11942,竜殺しの甲冑GS・籠手,
11943,竜殺しの甲冑GP・籠手,
11944,竜殺しの甲冑ZP・籠手,
11945,叛逆の甲冑・篭手,
11946,叛逆の甲冑Ｆ・篭手,
11947,叛逆の甲冑FZ・篭手,
11948,叛逆の甲冑HS・篭手,
11949,叛逆の甲冑GS・篭手,
11950,叛逆の甲冑GP・篭手,
11951,叛逆の甲冑ZP・篭手,
11952,叛逆の甲冑・籠手,
11953,叛逆の甲冑Ｆ・籠手,
11954,叛逆の甲冑FZ・籠手,
11955,叛逆の甲冑HS・籠手,
11956,叛逆の甲冑GS・籠手,
11957,叛逆の甲冑GP・籠手,
11958,叛逆の甲冑ZP・籠手,
11959,ディナトZPアーム,Brassards Dinato ZP
11960,ディナトZPガード,Gardes Dinato ZP
11961,ドゥケZPアーム,Brassards Duque ZP
11962,ドゥケZPガード,Gardes Duque ZP
11963,グラヌZPアーム,Brassards Granu ZP
11964,グラヌZPガード,Gardes Granu ZP
11965,千代ノ袖ZP,
11966,千代ノ小手ZP,
11967,ネコダンZPアーム,Brassards Nekodan ZP
11968,グーダンZPアーム,Brassards Gudan ZP
11969,トリドZDアーム,Brassards Toridcless D
11970,トリドZDガード,Gardes Toridcless D
11971,ドラギュZDアーム,Brassards Doragyurosu D
11972,ドラギュZDガード,Gardes Doragyurosu D
11973,アルフィＤアーム,Brassards Alfi D
11974,カイファＤアーム,Brassards Kaifa D
11975,ストラザＤアーム,Brassards Straza D
11976,煉華ノ篭手Ｃ,
11977,調査兵団Ｄアーム,
11978,訓練兵団Ｄアーム,Brassards Training D
11979,十二勇士甲冑Ｄ・篭手,
11980,救国の聖女服Ｄ・袖,
11981,竜殺しの甲冑Ｄ・篭手,
11982,叛逆の甲冑Ｄ・篭手,
11983,ディナトＤアーム,Brassards Dinato D
11984,ドゥケＤアーム,Brassards Duque D
11985,グラヌＤアーム,Brassards Granu D
11986,千代ノ袖Ｄ,
11987,ルベライトＤアーム,Brassards Rubellite D
11988,ラズライトＤアーム,Brassards Lazurite D
11989,ジルコンＤアーム,
11990,スピネルＤアーム,Brassards Spinel D
11991,ジェイドＤアーム,
11992,アゲートＤアーム,
11993,パイローブＤアーム,Brassards Pyrope D
11994,アイオラＤアーム,Brassards Iolite D
11995,ルチルＤアーム,Brassards Rutile D
11996,ブラッドＤアーム,Brassards Sang D
11997,シトリンＤガード,Gardes Citrine D
11998,ペリドットＤガード,Gardes Peridot D
11999,ターコイズＤガード,
12000,マフモフミトンPD赤,
12001,マフモフミトンPD黄,
12002,マフモフミトンPD紫,
12003,バサルガードPD赤,
12004,バサルガードPD黒,
12005,バサルガードPD黄,
12006,ブランゴアームPD黄,
12007,ブランゴアームPD青,
12008,ブランゴアームPD黒,
12009,金色ノ篭手PD白,
12010,金色ノ篭手PD紫,
12011,金色ノ篭手PD緑,
12012,グラビドガードPD緑,
12013,グラビドガードPD紫,
12014,グラビドガードPD赤,
12015,ハイメタアームPD黒,
12016,ハイメタアームPD青,
12017,ハイメタアームPD黄,
12018,Ｓ・ソルアームPD赤,
12019,Ｓ・ソルアームPD紫,
12020,Ｓ・ソルアームPD黒,
12021,ガルルガガードPD白,
12022,ガルルガガードPD緑,
12023,ガルルガガードPD赤,
12024,ザザミアームPD青,
12025,ザザミアームPD白,
12026,ザザミアームPD紫,
12027,クシャナハトゥーPD赤,
12028,クシャナハトゥーPD黄,
12029,クシャナハトゥーPD緑,
12030,クシャナマカーンPD赤,
12031,クシャナマカーンPD黄,
12032,クシャナマカーンPD緑,
12033,忍の篭手・陽Ｄ,
12034,忍の篭手・陰Ｄ,
12035,ボンネＤアーム,Brassards Bonne D
12036,カライスＤガード,Gardes Kalais D
12037,ルケーゼＤガード,Gardes Lucchese D
12038,クオイズＤガード,Gardes Quoiz D
12039,ネコダンＤアーム,Brassards Nekodan D
12040,グーダンＤアーム,Brassards Gudan D
12041,煉緋ノ篭手Ｚ,
12042,煉緋ノ篭手ZF,
12043,煉緋ノ篭手ZY,
12044,煉緋ノ篭手ZX,
12045,煉緋ノ大袖Ｚ,
12046,煉緋ノ大袖ZF,
12047,煉緋ノ大袖ZY,
12048,煉緋ノ大袖ZX,
12049,サイネアーム,Brassards Saine
12050,サイネＦアーム,Brassards Saine F
12051,サイネFZアーム,Brassards Saine FZ
12052,サイネHSアーム,Brassards Saine HS
12053,サイネGSアーム,Brassards Saine GS
12054,サイネGPアーム,Brassards Saine GP
12055,サイネZPアーム,Brassards Saine ZP
12056,サイネガード,Gardes Saine
12057,サイネＦガード,Gardes Saine F
12058,サイネFZガード,Gardes Saine FZ
12059,サイネHSガード,Gardes Saine HS
12060,サイネGSガード,Gardes Saine GS
12061,サイネGPガード,Gardes Saine GP
12062,サイネZPガード,Gardes Saine ZP
12063,ウイングアーム,Brassards Aile
12064,ウイングＦアーム,Brassards Aile F
12065,ウイングFZアーム,Brassards Aile FZ
12066,ウイングHSアーム,Brassards Aile HS
12067,ウイングGSアーム,Brassards Aile GS
12068,ウイングGPアーム,Brassards Aile GP
12069,ウイングZPアーム,Brassards Aile ZP
12070,ウイングガード,Gardes Aile
12071,ウイングＦガード,Gardes Aile F
12072,ウイングFZガード,Gardes Aile FZ
12073,ウイングHSガード,Gardes Aile HS
12074,ウイングGSガード,Gardes Aile GS
12075,ウイングGPガード,Gardes Aile GP
12076,ウイングZPガード,Gardes Aile ZP
12077,ガスラＺアーム,Brassards Gasura Z
12078,ガスラZFアーム,Brassards Gasura F
12079,ガスラZYアーム,Brassards Gasura ZY
12080,ガスラZXアーム,Brassards Gasura ZX
12081,ガスラＺガード,Gardes Gasura Z
12082,ガスラZFガード,Gardes Gasura F
12083,ガスラZYガード,Gardes Gasura ZY
12084,ガスラZXガード,Gardes Gasura ZX
12085,レギオスアーム,Brassards Seregios
12086,レギオスＧアーム,Brassards Seregios G
12087,レギオスGFアーム,Brassards Seregios GF
12088,レギオスGXアーム,Brassards Seregios GX
12089,レギオスガード,Gardes Seregios
12090,レギオスＧガード,Gardes Seregios G
12091,レギオスGFガード,Gardes Seregios GF
12092,レギオスGXガード,Gardes Seregios GX
12093,歌詠ノ袖Ｚ,
12094,歌詠ノ袖ZF,
12095,歌詠ノ袖ZY,
12096,歌詠ノ袖ZX,
12097,歌詠ノ小手Ｚ,
12098,歌詠ノ小手ZF,
12099,歌詠ノ小手ZY,
12100,歌詠ノ小手ZX,
12101,カシウスＧアーム,Brassards Cassius G
12102,カシウスGFアーム,Brassards Cassius GF
12103,カシウスGXアーム,Brassards Cassius GX
12104,カシウスＧガード,Gardes Cassius G
12105,カシウスGFガード,Gardes Cassius GF
12106,カシウスGXガード,Gardes Cassius GX
12107,ピンビアーム,Brassards Pinbi
12108,ピンビＦアーム,Brassards Pinbi F
12109,ピンビFZアーム,Brassards Pinbi FZ
12110,ピンビHSアーム,Brassards Pinbi HS
12111,ピンビGSアーム,Brassards Pinbi GS
12112,ピンビGPアーム,Brassards Pinbi GP
12113,ピンビZPアーム,Brassards Pinbi ZP
12114,ピンビガード,Gardes Pinbi
12115,ピンビＦガード,Gardes Pinbi F
12116,ピンビFZガード,Gardes Pinbi FZ
12117,ピンビHSガード,Gardes Pinbi HS
12118,ピンビGSガード,Gardes Pinbi GS
12119,ピンビGPガード,Gardes Pinbi GP
12120,ピンビZPガード,Gardes Pinbi ZP
12121,プリブアーム,Brassards Pribu
12122,プリブＦアーム,Brassards Pribu F
12123,プリブFZアーム,Brassards Pribu FZ
12124,プリブHSアーム,Brassards Pribu HS
12125,プリブGSアーム,Brassards Pribu GS
12126,プリブGPアーム,Brassards Pribu GP
12127,プリブZPアーム,Brassards Pribu ZP
12128,プリブガード,Gardes Pribu
12129,プリブＦガード,Gardes Pribu F
12130,プリブFZガード,Gardes Pribu FZ
12131,プリブHSガード,Gardes Pribu HS
12132,プリブGSガード,Gardes Pribu GS
12133,プリブGPガード,Gardes Pribu GP
12134,プリブZPガード,Gardes Pribu ZP
12135,グレイアーム,
12136,グレイＦアーム,
12137,グレイFZアーム,
12138,グレイHSアーム,
12139,グレイGSアーム,
12140,グレイGPアーム,
12141,グレイZPアーム,
12142,グレイガード,
12143,グレイＦガード,
12144,グレイFZガード,
12145,グレイHSガード,
12146,グレイGSガード,
12147,グレイGPガード,
12148,グレイZPガード,
12149,ウルピナアーム,Brassards Urpina
12150,ウルピナＦアーム,Brassards Urpina F
12151,ウルピナFZアーム,Brassards Urpina FZ
12152,ウルピナHSアーム,Brassards Urpina HS
12153,ウルピナGSアーム,Brassards Urpina GS
12154,ウルピナGPアーム,Brassards Urpina GP
12155,ウルピナZPアーム,Brassards Urpina ZP
12156,ウルピナガード,Gardes Urpina
12157,ウルピナＦガード,Gardes Urpina F
12158,ウルピナFZガード,Gardes Urpina FZ
12159,ウルピナHSガード,Gardes Urpina HS
12160,ウルピナGSガード,Gardes Urpina GS
12161,ウルピナGPガード,Gardes Urpina GP
12162,ウルピナZPガード,Gardes Urpina ZP
12163,ノエルアーム,
12164,ノエルＦアーム,
12165,ノエルFZアーム,
12166,ノエルHSアーム,
12167,ノエルGSアーム,
12168,ノエルGPアーム,
12169,ノエルZPアーム,
12170,ノエルガード,
12171,ノエルＦガード,
12172,ノエルFZガード,
12173,ノエルHSガード,
12174,ノエルGSガード,
12175,ノエルGPガード,
12176,ノエルZPガード,
12177,ビューネイアーム,Brassards Bune
12178,ビューネイＦアーム,Brassards Bune F
12179,ビューネイFZアーム,Brassards Bune FZ
12180,ビューネイHSアーム,Brassards Bune HS
12181,ビューネイGSアーム,Brassards Bune GS
12182,ビューネイGPアーム,Brassards Bune GP
12183,ビューネイZPアーム,Brassards Bune ZP
12184,ビューネイガード,Gardes Bune
12185,ビューネイＦガード,Gardes Bune F
12186,ビューネイFZガード,Gardes Bune FZ
12187,ビューネイHSガード,Gardes Bune HS
12188,ビューネイGSガード,Gardes Bune GS
12189,ビューネイGPガード,Gardes Bune GP
12190,ビューネイZPガード,Gardes Bune ZP
12191,ラヴィＧアーム：極,
12192,ラヴィGFアーム：極,
12193,ラヴィGXアーム：極,
12194,ラヴィＧガード：極,
12195,ラヴィGFガード：極,
12196,ラヴィGXガード：極,
12197,ハーゼZPアーム,Brassards Harze ZP
12198,ハーゼZPガード,Gardes Harze ZP
12199,ルヴナンZPファオスト,
12200,ルヴナンZPベギアデ,
12201,サイネＤアーム,Brassards Saine D
12202,ウイングＤアーム,Brassards Aile D
12203,ガスラZDアーム,Brassards Gasura D
12204,ガスラZDガード,Gardes Gasura D
12205,レギオスＣアーム,Brassards Seregios C
12206,レギオスＣガード,Gardes Seregios C
12207,ピンビＤアーム,Brassards Pinbi D
12208,プリブＤアーム,Brassards Pribu D
12209,煉緋ノ篭手Ｄ,
12210,グレイＤアーム,
12211,ウルピナＤアーム,Brassards Urpina D
12212,ノエルＤアーム,
12213,ビューネイＤアーム,Brassards Bune D
12214,メラースＤガード,Gardes Melas D
12215,白虎・剣聖Ｄアーム,
12216,白虎・双龍Ｄアーム,
12217,白虎・剣王Ｄアーム,
12218,白虎・刀神Ｄアーム,
12219,白虎・天槍Ｄアーム,
12220,白虎・砲皇Ｄアーム,
12221,白虎・鈍器獣Ｄアーム,
12222,白虎・奏帝Ｄアーム,
12223,白虎・穿凰Ｄアーム,
12224,白虎・斬将Ｄアーム,
12225,白虎・銃傑Ｄガード,
12226,白虎・銃仙Ｄガード,
12227,白虎・弓鬼Ｄガード,
12228,キリンアームPD赤,
12229,キリンアームPD紫,
12230,キリンアームPD黒,
12231,カイザーアームPD白,
12232,カイザーガードPD白,
12233,カイザーアームPD黒,
12234,カイザーガードPD黒,
12235,カイザーアームPD緑,
12236,カイザーガードPD緑,
12237,ミヅハ【大袖】PD青,
12238,ミヅハ【大袖】PD赤,
12239,ミヅハ【大袖】PD黄,
12240,トヨタマ【大袖】PD青,
12241,トヨタマ【大袖】PD赤,
12242,トヨタマ【大袖】PD黄,
12243,暁丸【篭手】PD赤,
12244,暁丸【篭手】PD紫,
12245,暁丸【篭手】PD白,
12246,凛【篭手】PD黒,
12247,凛【篭手】PD紫,
12248,凛【篭手】PD白,
12249,ギザミガードPD赤,
12250,ギザミガードPD黒,
12251,ギザミガードPD黄,
12252,ガブラスハンドPD白,
12253,ガブラスハンドPD黄,
12254,ガブラスハンドPD黒,
12255,ハーゼＤアーム,Brassards Harze D
12256,ルヴナンＤファオスト,
12257,ククボＤガード,Gardes Kukubo D
12258,カカブＤガード,Gardes Kakabu D
12259,アルルＤガード,Gardes Aruru D
12260,朱雀・剣聖Ｄアーム,
12261,朱雀・双龍Ｄアーム,
12262,朱雀・剣王Ｄアーム,
12263,朱雀・刀神Ｄアーム,
12264,朱雀・天槍Ｄアーム,
12265,朱雀・砲皇Ｄアーム,
12266,朱雀・鈍器獣Ｄアーム,
12267,朱雀・奏帝Ｄアーム,
12268,朱雀・穿凰Ｄアーム,
12269,朱雀・斬将Ｄアーム,
12270,朱雀・銃傑Ｄガード,
12271,朱雀・銃仙Ｄガード,
12272,朱雀・弓鬼Ｄガード,
12273,Ｇ・ナイトカフスPD赤,
12274,Ｇ・ナイトカフスPD青,
12275,Ｇ・ナイトカフスPD紫,
12276,ＰＶカフスPD赤,
12277,ＰＶカフスPD青,
12278,ＰＶカフスPD紫,
12279,エンプレスアームPD赤,
12280,エンプレスアームPD黄,
12281,エンプレスアームPD紫,
12282,エンプレスガードPD赤,
12283,エンプレスガードPD黄,
12284,エンプレスガードPD紫,
12285,ランゴアームPD黄,
12286,ランゴアームPD黒,
12287,ランゴアームPD青,
12288,デスギアアルムPD白,
12289,デスギアアルムPD赤,
12290,デスギアアルムPD青,
12291,ディアブロアームPD紫,
12292,ディアブロアームPD青,
12293,ディアブロアームPD黄,
12294,マカルパスリーブPD緑,
12295,マカルパスリーブPD青,
12296,マカルパスリーブPD黒,
12297,アカムトサクンペPD黒,
12298,アカムトサクンペPD赤,
12299,アカムトサクンペPD白,
12300,アカムトノキリペPD黒,
12301,アカムトノキリペPD赤,
12302,アカムトノキリペPD白,
12303,グラビドアームPD黒,
12304,グラビドアームPD青,
12305,グラビドアームPD赤,
12306,シャルルＤアーム,Brassards Sharuru D
12307,煉鳳ノ篭手Ｄ,
12308,アノルZDアーム,Brassards Anorupatisu D
12309,アノルZDガード,Gardes Anorupatisu D
12310,ディランＤアーム,Brassards Dylan D
12311,ディブルＤアーム,
12312,フィンスＤアーム,Brassards Fins D
12313,ディンスＤアーム,Brassards Dins D
12314,カリスＤアーム,Brassards Charis D
12315,ミリアムＤアーム,Brassards Miriam D
12316,レニガンＤアーム,Brassards Lenigan D
12317,執事メイド 色替え,
12318,カタンテＤアーム,Brassards Katante D
12319,リカンテＤアーム,Brassards Rikante D
12320,メレンテＤアーム,Brassards Merente D
12321,ウタンテＤアーム,Brassards Utante D
12322,ブルックＤグローブ,
12323,シルックＤグローブ,
12324,ゴルックＤグローブ,
12325,潔燭ノ篭手Ｄ,
12326,華燭ノ篭手Ｄ,
12327,ジャガーＤアーム,Brassards Jyaga D
12328,キュールＤアーム,
12329,ジェスＤアーム,Brassards Jess D
12330,リアルオＤアーム,Brassards Riaruo D
12331,レイレスＤアーム,Brassards Reiresu D
12332,レウアスＤアーム,Brassards Reuasu D
12333,ブランＤアーム,Brassards Buran D
12334,しましまＤアーム,Brassards Shimashima D
12335,デストラＤカノン,
12336,フランテＤアーム,Brassards Furante D
12337,シャルルアーム,Brassards Sharuru
12338,シャルルＦアーム,Brassards Sharuru F
12339,シャルルFZアーム,Brassards Sharuru FZ
12340,シャルルHSアーム,Brassards Sharuru HS
12341,シャルルGSアーム,Brassards Sharuru GS
12342,シャルルGPアーム,Brassards Sharuru GP
12343,シャルルZPアーム,Brassards Sharuru ZP
12344,シャルルガード,Gardes Sharuru
12345,シャルルＦガード,Gardes Sharuru F
12346,シャルルFZガード,Gardes Sharuru FZ
12347,シャルルHSガード,Gardes Sharuru HS
12348,シャルルGSガード,Gardes Sharuru GS
12349,シャルルGPガード,Gardes Sharuru GP
12350,シャルルZPガード,Gardes Sharuru ZP
12351,煉鳳ノ篭手Ｚ,
12352,煉鳳ノ篭手ZF,
12353,煉鳳ノ篭手ZY,
12354,煉鳳ノ篭手ZX,
12355,煉鳳ノ大袖Ｚ,
12356,煉鳳ノ大袖ZF,
12357,煉鳳ノ大袖ZY,
12358,煉鳳ノ大袖ZX,
12359,アノルＺアーム,Brassards Anorupatisu Z
12360,アノルZFアーム,Brassards Anorupatisu F
12361,アノルZYアーム,Brassards Anorupatisu ZY
12362,アノルZXアーム,Brassards Anorupatisu ZX
12363,アノルＺガード,Gardes Anorupatisu Z
12364,アノルZFガード,Gardes Anorupatisu F
12365,アノルZYガード,Gardes Anorupatisu ZY
12366,アノルZXガード,Gardes Anorupatisu ZX
12367,歌紡ノ袖Ｚ,
12368,歌紡ノ袖ZF,
12369,歌紡ノ袖ZY,
12370,歌紡ノ袖ZX,
12371,歌紡ノ小手Ｚ,
12372,歌紡ノ小手ZF,
12373,歌紡ノ小手ZY,
12374,歌紡ノ小手ZX,
12375,リンクスＧアーム,
12376,リンクスGFアーム,
12377,リンクスGXアーム,
12378,リンクスＧガード,
12379,リンクスGFガード,
12380,リンクスGXガード,
12381,ジンドルＧアーム,Brassards Zindol G
12382,ジンドルGFアーム,Brassards Zindol GF
12383,ジンドルGXアーム,Brassards Zindol GX
12384,ジンドルＧガード,Gardes Zindol G
12385,ジンドルGFガード,Gardes Zindol GF
12386,ジンドルGXガード,Gardes Zindol GX
12387,ディランアーム,Brassards Dylan
12388,ディランＦアーム,Brassards Dylan F
12389,ディランFZアーム,Brassards Dylan FZ
12390,ディランHSアーム,Brassards Dylan HS
12391,ディランGSアーム,Brassards Dylan GS
12392,ディランGPアーム,Brassards Dylan GP
12393,ディランZPアーム,Brassards Dylan ZP
12394,ディランガード,Gardes Dylan
12395,ディランＦガード,Gardes Dylan F
12396,ディランFZガード,Gardes Dylan FZ
12397,ディランHSガード,Gardes Dylan HS
12398,ディランGSガード,Gardes Dylan GS
12399,ディランGPガード,Gardes Dylan GP
12400,ディランZPガード,Gardes Dylan ZP
12401,ディブルアーム,
12402,ディブルＦアーム,
12403,ディブルFZアーム,
12404,ディブルHSアーム,
12405,ディブルGSアーム,
12406,ディブルGPアーム,
12407,ディブルZPアーム,
12408,ディブルガード,
12409,ディブルＦガード,
12410,ディブルFZガード,
12411,ディブルHSガード,
12412,ディブルGSガード,
12413,ディブルGPガード,
12414,ディブルZPガード,
12415,フィンスアーム,Brassards Fins
12416,フィンスＦアーム,Brassards Fins F
12417,フィンスFZアーム,Brassards Fins FZ
12418,フィンスHSアーム,Brassards Fins HS
12419,フィンスGSアーム,Brassards Fins GS
12420,フィンスGPアーム,Brassards Fins GP
12421,フィンスZPアーム,Brassards Fins ZP
12422,フィンスガード,Gardes Fins
12423,フィンスＦガード,Gardes Fins F
12424,フィンスFZガード,Gardes Fins FZ
12425,フィンスHSガード,Gardes Fins HS
12426,フィンスGSガード,Gardes Fins GS
12427,フィンスGPガード,Gardes Fins GP
12428,フィンスZPガード,Gardes Fins ZP
12429,ディンスアーム,Brassards Dins
12430,ディンスＦアーム,Brassards Dins F
12431,ディンスFZアーム,Brassards Dins FZ
12432,ディンスHSアーム,Brassards Dins HS
12433,ディンスGSアーム,Brassards Dins GS
12434,ディンスGPアーム,Brassards Dins GP
12435,ディンスZPアーム,Brassards Dins ZP
12436,ディンスガード,Gardes Dins
12437,ディンスＦガード,Gardes Dins F
12438,ディンスFZガード,Gardes Dins FZ
12439,ディンスHSガード,Gardes Dins HS
12440,ディンスGSガード,Gardes Dins GS
12441,ディンスGPガード,Gardes Dins GP
12442,ディンスZPガード,Gardes Dins ZP
12443,潔燭ノ篭手Ｚ,
12444,潔燭ノ篭手ZF,
12445,潔燭ノ篭手ZY,
12446,潔燭ノ篭手ZX,
12447,潔燭ノ大袖Ｚ,
12448,潔燭ノ大袖ZF,
12449,潔燭ノ大袖ZY,
12450,潔燭ノ大袖ZX,
12451,華燭ノ篭手Ｚ,
12452,華燭ノ篭手ZF,
12453,華燭ノ篭手ZY,
12454,華燭ノ篭手ZX,
12455,華燭ノ大袖Ｚ,
12456,華燭ノ大袖ZF,
12457,華燭ノ大袖ZY,
12458,華燭ノ大袖ZX,
12459,カリスアーム,Brassards Charis
12460,カリスＦアーム,Brassards Charis F
12461,カリスFZアーム,Brassards Charis FZ
12462,カリスHSアーム,Brassards Charis HS
12463,カリスGSアーム,Brassards Charis GS
12464,カリスGPアーム,Brassards Charis GP
12465,カリスZPアーム,Brassards Charis ZP
12466,カリスガード,Gardes Charis
12467,カリスＦガード,Gardes Charis F
12468,カリスFZガード,Gardes Charis FZ
12469,カリスHSガード,Gardes Charis HS
12470,カリスGSガード,Gardes Charis GS
12471,カリスGPガード,Gardes Charis GP
12472,カリスZPガード,Gardes Charis ZP
12473,ミリアムアーム,Brassards Miriam
12474,ミリアムＦアーム,Brassards Miriam F
12475,ミリアムFZアーム,Brassards Miriam FZ
12476,ミリアムHSアーム,Brassards Miriam HS
12477,ミリアムGSアーム,Brassards Miriam GS
12478,ミリアムGPアーム,Brassards Miriam GP
12479,ミリアムZPアーム,Brassards Miriam ZP
12480,ミリアムガード,Gardes Miriam
12481,ミリアムＦガード,Gardes Miriam F
12482,ミリアムFZガード,Gardes Miriam FZ
12483,ミリアムHSガード,Gardes Miriam HS
12484,ミリアムGSガード,Gardes Miriam GS
12485,ミリアムGPガード,Gardes Miriam GP
12486,ミリアムZPガード,Gardes Miriam ZP
12487,レニガンアーム,Brassards Lenigan
12488,レニガンＦアーム,Brassards Lenigan F
12489,レニガンFZアーム,Brassards Lenigan FZ
12490,レニガンHSアーム,Brassards Lenigan HS
12491,レニガンGSアーム,Brassards Lenigan GS
12492,レニガンGPアーム,Brassards Lenigan GP
12493,レニガンZPアーム,Brassards Lenigan ZP
12494,レニガンガード,Gardes Lenigan
12495,レニガンＦガード,Gardes Lenigan F
12496,レニガンFZガード,Gardes Lenigan FZ
12497,レニガンHSガード,Gardes Lenigan HS
12498,レニガンGSガード,Gardes Lenigan GS
12499,レニガンGPガード,Gardes Lenigan GP
12500,レニガンZPガード,Gardes Lenigan ZP
12501,ファビラアーム,Brassards Favila
12502,ファビラＦアーム,Brassards Favila F
12503,ファビラFZアーム,Brassards Favila FZ
12504,ファビラHSアーム,Brassards Favila HS
12505,ファビラGSアーム,Brassards Favila GS
12506,ファビラGPアーム,Brassards Favila GP
12507,ファビラZPアーム,Brassards Favila ZP
12508,ファビラガード,Gardes Favila
12509,ファビラＦガード,Gardes Favila F
12510,ファビラFZガード,Gardes Favila FZ
12511,ファビラHSガード,Gardes Favila HS
12512,ファビラGSガード,Gardes Favila GS
12513,ファビラGPガード,Gardes Favila GP
12514,ファビラZPガード,Gardes Favila ZP
12515,デストラGSカノン,
12516,デストラGPカノン,
12517,デストラZPカノン,
12518,ダミー,
12519,ダミー,
12520,ダミー,
12521,デストラGSクーター,
12522,デストラGPクーター,
12523,デストラZPクーター,
12524,ダミー,
12525,ダミー,
12526,ダミー,
12527,ブレイブZXアーム,
12528,ボガバドＺアーム,Brassards Bogabado Z
12529,ボガバドZFアーム,Brassards Bogabado F
12530,ボガバドZYアーム,Brassards Bogabado ZY
12531,ボガバドZXアーム,Brassards Bogabado ZX
12532,ボガバドＺガード,Gardes Bogabado Z
12533,ボガバドZFガード,Gardes Bogabado F
12534,ボガバドZYガード,Gardes Bogabado ZY
12535,ボガバドZXガード,Gardes Bogabado ZX
12536,アリシアアーム,Brassards Alicia
12537,アリシアＦアーム,Brassards Alicia F
12538,アリシアFZアーム,Brassards Alicia FZ
12539,アリシアHSアーム,Brassards Alicia HS
12540,アリシアGSアーム,Brassards Alicia GS
12541,アリシアGPアーム,Brassards Alicia GP
12542,アリシアZPアーム,Brassards Alicia ZP
12543,アリシアガード,Gardes Alicia
12544,アリシアＦガード,Gardes Alicia F
12545,アリシアFZガード,Gardes Alicia FZ
12546,アリシアHSガード,Gardes Alicia HS
12547,アリシアGSガード,Gardes Alicia GS
12548,アリシアGPガード,Gardes Alicia GP
12549,アリシアZPガード,Gardes Alicia ZP
12550,タンザナアーム,Brassards Tanzanite
12551,タンザナＦアーム,Brassards Tanzanite F
12552,タンザナFXアーム,Brassards Tanzanite FX
12553,ヘマタイトアーム,Brassards Hématite
12554,ヘマタイトＦアーム,Brassards Hématite F
12555,ヘマタイトFXアーム,Brassards Hématite FX
12556,白虎・磁星Ｇアーム,
12557,白虎・磁星GFアーム,
12558,白虎・磁星GXアーム,
12559,朱雀・磁星Ｇアーム,
12560,朱雀・磁星GFアーム,
12561,朱雀・磁星GXアーム,
12562,玄武・磁星Ｇアーム,
12563,玄武・磁星GFアーム,
12564,玄武・磁星GXアーム,
12565,青龍・磁星Ｇアーム,
12566,青龍・磁星GFアーム,
12567,青龍・磁星GXアーム,
12568,白蘭・磁星アーム,
12569,白蘭・磁星Ｆアーム,
12570,白蘭・磁星FXアーム,
12571,紅霞・磁星アーム,
12572,紅霞・磁星Ｆアーム,
12573,紅霞・磁星FXアーム,
12574,白蘭・磁星Ｇアーム,
12575,白蘭・磁星GFアーム,
12576,白蘭・磁星GXアーム,
12577,紅霞・磁星Ｇアーム,
12578,紅霞・磁星GFアーム,
12579,紅霞・磁星GXアーム,
12580,月夜・磁星Ｇアーム,
12581,月夜・磁星GFアーム,
12582,月夜・磁星GXアーム,
12583,蒼穹・磁星Ｇアーム,
12584,蒼穹・磁星GFアーム,
12585,蒼穹・磁星GXアーム,
12586,雅葉ノ装【衣袂】朱,
12587,雅葉ノ装Ｆ【衣袂】朱,
12588,雅葉ノ装FZ【衣袂】朱,
12589,雅葉ノ装HS【衣袂】朱,
12590,雅葉ノ装GS【衣袂】朱,
12591,雅葉ノ装GP【衣袂】朱,
12592,雅葉ノ装ZP【衣袂】朱,
12593,雅葉ノ装【大袖】朱,
12594,雅葉ノ装Ｆ【大袖】朱,
12595,雅葉ノ装FZ【大袖】朱,
12596,雅葉ノ装HS【大袖】朱,
12597,雅葉ノ装GS【大袖】朱,
12598,雅葉ノ装GP【大袖】朱,
12599,雅葉ノ装ZP【大袖】朱,
12600,雅葉ノ装【衣袂】銀,
12601,雅葉ノ装Ｆ【衣袂】銀,
12602,雅葉ノ装FZ【衣袂】銀,
12603,雅葉ノ装HS【衣袂】銀,
12604,雅葉ノ装GS【衣袂】銀,
12605,雅葉ノ装GP【衣袂】銀,
12606,雅葉ノ装ZP【衣袂】銀,
12607,雅葉ノ装【大袖】銀,
12608,雅葉ノ装Ｆ【大袖】銀,
12609,雅葉ノ装FZ【大袖】銀,
12610,雅葉ノ装HS【大袖】銀,
12611,雅葉ノ装GS【大袖】銀,
12612,雅葉ノ装GP【大袖】銀,
12613,雅葉ノ装ZP【大袖】銀,
12614,雅葉ノ装【衣袂】碧,
12615,雅葉ノ装Ｆ【衣袂】碧,
12616,雅葉ノ装FZ【衣袂】碧,
12617,雅葉ノ装HS【衣袂】碧,
12618,雅葉ノ装GS【衣袂】碧,
12619,雅葉ノ装GP【衣袂】碧,
12620,雅葉ノ装ZP【衣袂】碧,
12621,雅葉ノ装【大袖】碧,
12622,雅葉ノ装Ｆ【大袖】碧,
12623,雅葉ノ装FZ【大袖】碧,
12624,雅葉ノ装HS【大袖】碧,
12625,雅葉ノ装GS【大袖】碧,
12626,雅葉ノ装GP【大袖】碧,
12627,雅葉ノ装ZP【大袖】碧,
12628,雅葉ノ装【衣袂】橙,
12629,雅葉ノ装Ｆ【衣袂】橙,
12630,雅葉ノ装FZ【衣袂】橙,
12631,雅葉ノ装HS【衣袂】橙,
12632,雅葉ノ装GS【衣袂】橙,
12633,雅葉ノ装GP【衣袂】橙,
12634,雅葉ノ装ZP【衣袂】橙,
12635,雅葉ノ装【大袖】橙,
12636,雅葉ノ装Ｆ【大袖】橙,
12637,雅葉ノ装FZ【大袖】橙,
12638,雅葉ノ装HS【大袖】橙,
12639,雅葉ノ装GS【大袖】橙,
12640,雅葉ノ装GP【大袖】橙,
12641,雅葉ノ装ZP【大袖】橙,
12642,グラハムアーム,
12643,ファビラＤアーム,Brassards Favila D
12644,アリシアＤアーム,Brassards Alicia D
12645,雅葉ノ装Ｃ【衣袂】,
12646,アウラＣアーム,
12647,アスモＣアーム,Brassards Asumo C
12648,ロッカＣアーム,Brassards Rokka C
12649,ルーチェＣアーム,Brassards Ruche C
12650,シュイＣアーム,Brassards Shui C
12651,雅葉ノ装Ｄ【衣袂】朱,
12652,雅葉ノ装Ｄ【衣袂】銀,
12653,雅葉ノ装Ｄ【衣袂】碧,
12654,雅葉ノ装Ｄ【衣袂】橙,
12655,玄武・剣聖Ｄアーム,
12656,玄武・双龍Ｄアーム,
12657,玄武・剣王Ｄアーム,
12658,玄武・刀神Ｄアーム,
12659,玄武・天槍Ｄアーム,
12660,玄武・砲皇Ｄアーム,
12661,玄武・鈍器獣Ｄアーム,
12662,玄武・奏帝Ｄアーム,
12663,玄武・穿凰Ｄアーム,
12664,玄武・斬将Ｄアーム,
12665,玄武・銃傑Ｄガード,
12666,玄武・銃仙Ｄガード,
12667,玄武・弓鬼Ｄガード,
12668,タンザナＤアーム,Brassards Tanzanite D
12669,ヘマタイトＤアーム,Brassards Hématite D
12670,白虎・磁星Ｄアーム,
12671,朱雀・磁星Ｄアーム,
12672,玄武・磁星Ｄアーム,
12673,レックスアームPD黒,
12674,レックスアームPD白,
12675,レックスアームPD紫,
12676,モノブロスアームPD黄,
12677,モノブロスアームPD緑,
12678,モノブロスアームPD白,
12679,フルフルガードPD黒,
12680,フルフルガードPD緑,
12681,フルフルガードPD青,
12682,ガノスアームPD黒,
12683,ガノスアームPD黄,
12684,ガノスアームPD紫,
12685,ガノスガードPD黒,
12686,ガノスガードPD黄,
12687,ガノスガードPD紫,
12688,ゲリョスガードPD赤,
12689,ゲリョスガードPD黄,
12690,ゲリョスガードPD緑,
12691,神楽【篭手】PD赤,
12692,神楽【篭手】PD黒,
12693,神楽【篭手】PD紫,
12694,神座【篭手】PD赤,
12695,神座【篭手】PD黒,
12696,神座【篭手】PD紫,
12697,モスパンチPD白,
12698,モスパンチPD黄,
12699,モスパンチPD青,
12700,忍の篭手・陰PD黄,
12701,忍の篭手・陰PD赤,
12702,忍の篭手・陰PD青,
12703,ダスクＤアーム・赤,Brassards Crépuscule D rouges
12704,ダスクＤアーム・白,Brassards Crépuscule D blancs
12705,ダスクＤアーム・桃,Brassards Crépuscule D roses
12706,ダスクＤアーム・青,Brassards Crépuscule D bleus
12707,マリンＤアーム・青,Brassards Marin D bleus
12708,マリンＤアーム・桃,Brassards Marin D roses
12709,マリンＤアーム・白,Brassards Marin D blancs
12710,マリンＤアーム・黒,Brassards Marin D noirs
12711,ルフレＤアーム・青,Brassards Rufre D bleus
12712,ルフレＤアーム・白,Brassards Rufre D blancs
12713,ルフレＤアーム・赤,Brassards Rufre D rouges
12714,ルフレＤアーム・黒,Brassards Rufre D noirs
12715,天日ノ篭手Ｄ・赤,
12716,天日ノ篭手Ｄ・青,
12717,天日ノ篭手Ｄ・黒,
12718,天日ノ篭手Ｄ・白,
12719,天日ノ袖Ｄ・赤,
12720,天日ノ袖Ｄ・青,
12721,天日ノ袖Ｄ・黒,
12722,天日ノ袖Ｄ・白,
12723,ナーガＤアーム・青,Brassards Naga D bleus
12724,ナーガＤアーム・赤,Brassards Naga D rouges
12725,ナーガＤアーム・白,Brassards Naga D blancs
12726,ナーガＤアーム・黒,Brassards Naga D noirs
12727,シェリフＤアーム・茶,Brassards Sherif D bruns
12728,シェリフＤアーム・黒,Brassards Sherif D noirs
12729,シェリフＤアーム・青,Brassards Sherif D bleus
12730,シェリフＤアーム・白,Brassards Sherif D blancs
12731,セレナＤアーム・紫,Brassards Serena D violets
12732,セレナＤアーム・青,Brassards Serena D bleus
12733,セレナＤアーム・白,Brassards Serena D blancs
12734,セレナＤアーム・赤,Brassards Serena D rouges
12735,ゲルトＤアーム・黒,Brassards Gert D noirs
12736,ゲルトＤアーム・銅,
12737,ゲルトＤアーム・銀,Brassards Gert D argentés
12738,ゲルトＤアーム・金,Brassards Gert D dorés
12739,グロリアＤアーム・金,Brassards Gloria D dorés
12740,グロリアＤアーム・青,Brassards Gloria D bleus
12741,グロリアＤアーム・水,
12742,グロリアＤアーム・赤,Brassards Gloria D rouges
12743,クロースＤアーム・赤,Brassards Étoffe D rouges
12744,クロースＤアーム・青,Brassards Étoffe D bleus
12745,クロースＤアーム・紫,Brassards Étoffe D violets
12746,クロースＤアーム・緑,Brassards Étoffe D verts
12747,レイストＤアーム・黒,Brassards Reist D noirs
12748,レイストＤアーム・青,Brassards Reist D bleus
12749,レイストＤアーム・紅,Brassards Reist D cramoisis
12750,レイストＤアーム・白,Brassards Reist D blancs
12751,シエナＤアーム・銀,Brassards Sienne D argentés
12752,シエナＤアーム・黒,Brassards Sienne D noirs
12753,シエナＤアーム・赤,Brassards Sienne D rouges
12754,シエナＤアーム・青,Brassards Sienne D bleus
12755,カウチュＤアーム・灰,
12756,カウチュＤアーム・青,Brassards Kauchu D bleus
12757,カウチュＤアーム・橙,Brassards Kauchu D orange
12758,カウチュＤアーム・緑,Brassards Kauchu D verts
12759,トラスＤグローブ青,
12760,トラスＤグローブ赤,
12761,トラスＤグローブ白,
12762,トラスＤグローブ紫,
12763,マイストＤアーム・紅,Brassards Maist D cramoisis
12764,マイストＤアーム・緑,Brassards Maist D verts
12765,マイストＤアーム・蒼,Brassards Maist D azur
12766,マイストＤアーム・桜,
12767,蘭陀の籠手・Ｄ黄,
12768,蘭陀の籠手・Ｄ赤,
12769,蘭陀の籠手・Ｄ紫,
12770,蘭陀の籠手・Ｄ金,
12771,バーニーＤアーム・黒,Brassards Barney D noirs
12772,バーニーＤアーム・白,Brassards Barney D blancs
12773,バーニーＤアーム・赤,Brassards Barney D rouges
12774,バーニーＤアーム・紫,Brassards Barney D violets
12775,リゲリアＤアーム・白,Brassards Ligeria D blancs
12776,リゲリアＤアーム・赤,Brassards Ligeria D rouges
12777,リゲリアＤアーム・緑,Brassards Ligeria D verts
12778,リゲリアＤアーム・青,Brassards Ligeria D bleus
12779,アリストＤアーム・青,Brassards Aristo D bleus
12780,アリストＤアーム・白,Brassards Aristo D blancs
12781,アリストＤアーム・紫,Brassards Aristo D violets
12782,アリストＤアーム・赤,Brassards Aristo D rouges
12783,メレティＤアーム・白,Brassards Meleti D blancs
12784,メレティＤアーム・赤,Brassards Meleti D rouges
12785,メレティＤアーム・青,Brassards Meleti D bleus
12786,メレティＤアーム・黒,Brassards Meleti D noirs
12787,フェルムＤアーム・黒,Brassards Ferm D noirs
12788,フェルムＤアーム・赤,Brassards Ferm D rouges
12789,フェルムＤアーム・白,Brassards Ferm D blancs
12790,フェルムＤアーム・青,Brassards Ferm D bleus
12791,レアルＤアーム・白,Brassards Real D blancs
12792,レアルＤアーム・金,Brassards Real D dorés
12793,レアルＤアーム・青,Brassards Real D bleus
12794,レアルＤアーム・赤,Brassards Real D rouges
12795,アルマＤアーム・黒,Brassards Alma D noirs
12796,アルマＤアーム・白,Brassards Alma D blancs
12797,アルマＤアーム・青,Brassards Alma D bleus
12798,アルマＤアーム・茶,Brassards Alma D bruns
12799,オナブルＤアーム・赤,Brassards Onable D rouges
12800,オナブルＤアーム・青,Brassards Onable D bleus
12801,オナブルＤアーム・緑,Brassards Onable D verts
12802,オナブルＤアーム・紺,
12803,ピクスＤアーム・緑,Brassards Pyx D verts
12804,ピクスＤアーム・紫,Brassards Pyx D violets
12805,ピクスＤアーム・黒,Brassards Pyx D noirs
12806,ピクスＤアーム・水,
12807,マゴスＤアーム・黄,Brassards Magos D jaunes
12808,マゴスＤアーム・赤,Brassards Magos D rouges
12809,マゴスＤアーム・水,
12810,マゴスＤアーム・青,Brassards Magos D bleus
12811,アージェＤアーム,Brassards Arge D
12812,カマレラＤアーム,Brassards Camarera D
12813,メテネラＤアーム,Brassards Metenera D
12814,アビットＤアーム,Brassards Abitto D
12815,リブリーＤアーム,Brassards Riburi D
12816,ゾデックＤアーム・青,Brassards Zodec D bleus
12817,ゾデックＤアーム・茶,Brassards Zodec D bruns
12818,ゾデックＤアーム・緑,Brassards Zodec D verts
12819,ゾデックＤアーム・桜,
12820,カエシスＤアーム水,
12821,カエシスＤアーム赤,Brassards Cayssis D rouges
12822,カエシスＤアーム青,Brassards Cayssis D bleus
12823,カエシスＤアーム橙,Brassards Cayssis D orange
12824,オメットＤアーム・黒,Brassards Omet D noirs
12825,オメットＤアーム・赤,Brassards Omet D rouges
12826,オメットＤアーム・白,Brassards Omet D blancs
12827,オメットＤアーム・青,Brassards Omet D bleus
12828,エディオＤアーム・青,Brassards Edio D bleus
12829,エディオＤアーム・赤,Brassards Edio D rouges
12830,エディオＤアーム・黄,Brassards Edio D jaunes
12831,エディオＤアーム・黒,Brassards Edio D noirs
12832,ステノＤアーム・橙,Brassards Stheno D orange
12833,ステノＤアーム・桃,Brassards Stheno D roses
12834,ステノＤアーム・青,Brassards Stheno D bleus
12835,ステノＤアーム・赤,Brassards Stheno D rouges
12836,スリートＤアーム・黄,Brassards Grésil D jaunes
12837,スリートＤアーム・銀,Brassards Grésil D argentés
12838,スリートＤアーム・赤,Brassards Grésil D rouges
12839,スリートＤアーム・青,Brassards Grésil D bleus
12840,ガリトスＤアーム・茶,Brassards Garitos D bruns
12841,ガリトスＤアーム・赤,Brassards Garitos D rouges
12842,ガリトスＤアーム・黒,Brassards Garitos D noirs
12843,ガリトスＤアーム・水,
12844,テクストＤアーム・紫,Brassards Texte D violets
12845,テクストＤアーム・緑,Brassards Texte D verts
12846,テクストＤアーム・青,Brassards Texte D bleus
12847,テクストＤアーム・黒,Brassards Texte D noirs
12848,ファランＤアーム・白,Brassards Faran D blancs
12849,ファランＤアーム・黒,Brassards Faran D noirs
12850,ファランＤアーム・赤,Brassards Faran D rouges
12851,ファランＤアーム・青,Brassards Faran D bleus
12852,ゴルトＤアーム・赤,Brassards Gold D rouges
12853,ゴルトＤアーム・青,Brassards Gold D bleus
12854,ゴルトＤアーム・黄,Brassards Gold D jaunes
12855,ゴルトＤアーム・紫,Brassards Gold D violets
12856,クレールＤアーム・紫,Brassards Clair D violets
12857,クレールＤアーム・水,
12858,クレールＤアーム・赤,Brassards Clair D rouges
12859,クレールＤアーム・黒,Brassards Clair D noirs
12860,きんねこ服Ｄアーム,
12861,ぎんねこ服Ｄアーム,
12862,イクスＤアーム・白,Brassards Ix D blancs
12863,イクスＤアーム・赤,Brassards Ix D rouges
12864,イクスＤアーム・青,Brassards Ix D bleus
12865,イクスＤアーム・黒,Brassards Ix D noirs
12866,星祭Ｄ籠手【赤】,
12867,星祭Ｄ籠手【青】,
12868,星祭Ｄ籠手【黒】,
12869,星祭Ｄ籠手【白】,
12870,プロミスＤアーム・白,Brassards Promesse D blancs
12871,プロミスＤアーム・青,Brassards Promesse D bleus
12872,プロミスＤアーム・紫,Brassards Promesse D violets
12873,プロミスＤアーム・黄,Brassards Promesse D jaunes
12874,ホワイトＭアームＤ,
12875,飛天ノ篭手Ｄ・白,
12876,飛天ノ篭手Ｄ・赤,
12877,飛天ノ篭手Ｄ・茶,
12878,飛天ノ篭手Ｄ・青,
12879,バンデＤアーム・青,Brassards Bande D bleus
12880,バンデＤアーム・赤,Brassards Bande D rouges
12881,バンデＤアーム・緑,Brassards Bande D verts
12882,バンデＤアーム・黒,Brassards Bande D noirs
12883,レグヌムＤアーム・白,Brassards Regnum D blancs
12884,レグヌムＤアーム・青,Brassards Regnum D bleus
12885,レグヌムＤアーム・赤,Brassards Regnum D rouges
12886,レグヌムＤアーム・茶,Brassards Regnum D bruns
12887,ガニアＤアーム・赤,Brassards Gania D rouges
12888,ガニアＤアーム・青,Brassards Gania D bleus
12889,ガニアＤアーム・茶,Brassards Gania D bruns
12890,ガニアＤアーム・紫,Brassards Gania D violets
12891,アミスタＤアーム・黒,Brassards Amista D noirs
12892,アミスタＤアーム・白,Brassards Amista D blancs
12893,アミスタＤアーム・青,Brassards Amista D bleus
12894,アミスタＤアーム・紅,Brassards Amista D cramoisis
12895,ペリフＤアーム・青,Brassards Perif D bleus
12896,ペリフＤアーム・茶,Brassards Perif D bruns
12897,ペリフＤアーム・緑,Brassards Perif D verts
12898,ペリフＤアーム・紫,Brassards Perif D violets
12899,ヴァクスＤアーム,Brassards Vakusu D
12900,リズヴェＤアーム,Brassards Rizuvue D
12901,コンセルＤアーム,Brassards Konseru D
12902,歌詠ノ袖Ｄ,
12903,歌紡ノ袖Ｄ,
12904,シカリの篭手Ｄ,
12905,ストレガＤアーム,Brassards Strega D
12906,エクエスＤアーム,Brassards Eques D
12907,ウィダＤアーム,Brassards Uida D
12908,クラージＤアーム,Brassards Kuraaji D
12909,アネシスＤアーム,Brassards Aneshisu D
12910,ザーカーＤアーム,Brassards Zaakaa D
12911,ヴィネンＤアーム,Brassards Vinen D
12912,ルデオスＤアーム,Brassards Rudeos D
12913,ブレオＤアーム,Brassards Breo D
12914,ルージュＤアーム,
12915,オネロＤアーム,Brassards Onero D
12916,ディーナＤアーム,Brassards Diina D
12917,オーロワＤアーム,Brassards Oorowa D
12918,ヒガクレＤアーム,Brassards Higakure D
12919,ペルセＤアーム,Brassards Perce D
12920,オリクトＤアーム,Brassards Orykto D
12921,オリクトＤガード,Gardes Orykto D
12922,ヨルティＤアーム,Brassards Yoruti D
12923,ニスルＤアーム,Brassards Nisuru D
12924,マアデンＤアーム,Brassards Maaden D
12925,マアデンＤガード,Gardes Maaden D
12926,チェニーＤアーム,Brassards Cheni D
12927,エギエネＤアーム,Brassards Eguiene D
12928,トルボダＤアーム,Brassards Toruboda D
12929,カバリバＤアーム,Brassards Kabariba D
12930,ノルックＤグローブ,
12931,ヴァリエＤアーム,Brassards Valier D
12932,アルミュＤアーム,Brassards Arumyu D
12933,チャトレＤアーム,Brassards Chatore D
12934,パシオＤアーム,Brassards Pashio D
12935,カリヴァＤアーム,Brassards Cariva D
12936,デストラGSカノン,
12937,デストラGPカノン,
12938,デストラZPカノン,
12939,デストラGSクーター,
12940,デストラGPクーター,
12941,デストラZPクーター,
12942,デストラＤカノン,
12943,ボガバドZDアーム,Brassards Bogabado D
12944,ボガバドZDガード,Gardes Bogabado D
12945,煉燭ノ篭手Ｚ,
12946,煉燭ノ篭手ZF,
12947,煉燭ノ篭手ZY,
12948,煉燭ノ篭手ZX,
12949,煉燭ノ大袖Ｚ,
12950,煉燭ノ大袖ZF,
12951,煉燭ノ大袖ZY,
12952,煉燭ノ大袖ZX,
12953,バルラＺアーム,Brassards Baruragaru Z
12954,バルラZFアーム,Brassards Baruragaru F
12955,バルラZYアーム,Brassards Baruragaru ZY
12956,バルラZXアーム,Brassards Baruragaru ZX
12957,バルラＺガード,Gardes Baruragaru Z
12958,バルラZFガード,Gardes Baruragaru F
12959,バルラZYガード,Gardes Baruragaru ZY
12960,バルラZXガード,Gardes Baruragaru ZX
12961,グラビＺアーム,Brassards Gravios Z
12962,グラビZFアーム,Brassards Gravios F
12963,グラビZYアーム,Brassards Gravios ZY
12964,グラビZXアーム,Brassards Gravios ZX
12965,グラビＺガード,Gardes Gravios Z
12966,グラビZFガード,Gardes Gravios F
12967,グラビZYガード,Gardes Gravios ZY
12968,グラビZXガード,Gardes Gravios ZX
12969,ラビウスアーム,Brassards Rabius
12970,ラビウスＦアーム,Brassards Rabius F
12971,ラビウスFZアーム,Brassards Rabius FZ
12972,ラビウスHSアーム,Brassards Rabius HS
12973,ラビウスGSアーム,Brassards Rabius GS
12974,ラビウスGPアーム,Brassards Rabius GP
12975,ラビウスZPアーム,Brassards Rabius ZP
12976,ラビウスガード,Gardes Rabius
12977,ラビウスＦガード,Gardes Rabius F
12978,ラビウスFZガード,Gardes Rabius FZ
12979,ラビウスHSガード,Gardes Rabius HS
12980,ラビウスGSガード,Gardes Rabius GS
12981,ラビウスGPガード,Gardes Rabius GP
12982,ラビウスZPガード,Gardes Rabius ZP
12983,ロクラスアーム,Brassards Rocras
12984,ロクラスＦアーム,Brassards Rocras F
12985,ロクラスFZアーム,Brassards Rocras FZ
12986,ロクラスHSアーム,Brassards Rocras HS
12987,ロクラスGSアーム,Brassards Rocras GS
12988,ロクラスGPアーム,Brassards Rocras GP
12989,ロクラスZPアーム,Brassards Rocras ZP
12990,ロクラスガード,Gardes Rocras
12991,ロクラスＦガード,Gardes Rocras F
12992,ロクラスFZガード,Gardes Rocras FZ
12993,ロクラスHSガード,Gardes Rocras HS
12994,ロクラスGSガード,Gardes Rocras GS
12995,ロクラスGPガード,Gardes Rocras GP
12996,ロクラスZPガード,Gardes Rocras ZP
12997,アリシスアーム,Brassards Alisys
12998,アリシスＦアーム,Brassards Alisys F
12999,アリシスFZアーム,Brassards Alisys FZ
13000,アリシスHSアーム,Brassards Alisys HS
13001,アリシスGSアーム,Brassards Alisys GS
13002,アリシスGPアーム,Brassards Alisys GP
13003,アリシスZPアーム,Brassards Alisys ZP
13004,アリシスガード,Gardes Alisys
13005,アリシスＦガード,Gardes Alisys F
13006,アリシスFZガード,Gardes Alisys FZ
13007,アリシスHSガード,Gardes Alisys HS
13008,アリシスGSガード,Gardes Alisys GS
13009,アリシスGPガード,Gardes Alisys GP
13010,アリシスZPガード,Gardes Alisys ZP
13011,ロゥリィアーム,Brassards Loli
13012,ロゥリィＦアーム,Brassards Loli F
13013,ロゥリィFZアーム,Brassards Loli FZ
13014,ロゥリィHSアーム,Brassards Loli HS
13015,ロゥリィGSアーム,Brassards Loli GS
13016,ロゥリィGPアーム,Brassards Loli GP
13017,ロゥリィZPアーム,Brassards Loli ZP
13018,ロゥリィガード,Gardes Loli
13019,ロゥリィＦガード,Gardes Loli F
13020,ロゥリィFZガード,Gardes Loli FZ
13021,ロゥリィHSガード,Gardes Loli HS
13022,ロゥリィGSガード,Gardes Loli GS
13023,ロゥリィGPガード,Gardes Loli GP
13024,ロゥリィZPガード,Gardes Loli ZP
13025,レコリスアーム,Brassards Recolis
13026,レコリスＦアーム,Brassards Recolis F
13027,レコリスFZアーム,Brassards Recolis FZ
13028,レコリスHSアーム,Brassards Recolis HS
13029,レコリスGSアーム,Brassards Recolis GS
13030,レコリスGPアーム,Brassards Recolis GP
13031,レコリスZPアーム,Brassards Recolis ZP
13032,レコリスガード,Gardes Recolis
13033,レコリスＦガード,Gardes Recolis F
13034,レコリスFZガード,Gardes Recolis FZ
13035,レコリスHSガード,Gardes Recolis HS
13036,レコリスGSガード,Gardes Recolis GS
13037,レコリスGPガード,Gardes Recolis GP
13038,レコリスZPガード,Gardes Recolis ZP
13039,ビーターＧアーム,Brassards Bita G
13040,ビーターGFアーム,Brassards Bita GF
13041,ビーターGXアーム,Brassards Bita GX
13042,ビーターＧガード,Gardes Bita G
13043,ビーターGFガード,Gardes Bita GF
13044,ビーターGXガード,Gardes Bita GX
13045,コレプトＧアーム,Brassards Koreputo G
13046,コレプトGFアーム,Brassards Koreputo GF
13047,コレプトGXアーム,Brassards Koreputo GX
13048,コレプトＧガード,Gardes Koreputo G
13049,コレプトGFガード,Gardes Koreputo GF
13050,コレプトGXガード,Gardes Koreputo GX
13051,ラファンＧアーム,Brassards Rapin G
13052,ラファンGFアーム,Brassards Rapin GF
13053,ラファンGXアーム,Brassards Rapin GX
13054,ラファンＧガード,Gardes Rapin G
13055,ラファンGFガード,Gardes Rapin GF
13056,ラファンGXガード,Gardes Rapin GX
13057,キリークアーム,Brassards Kireek
13058,キリークＦアーム,Brassards Kireek F
13059,キリークFZアーム,Brassards Kireek FZ
13060,キリークHSアーム,Brassards Kireek HS
13061,キリークGSアーム,Brassards Kireek GS
13062,キリークGPアーム,Brassards Kireek GP
13063,キリークZPアーム,Brassards Kireek ZP
13064,キリークガード,Gardes Kireek
13065,キリークＦガード,Gardes Kireek F
13066,キリークFZガード,Gardes Kireek FZ
13067,キリークHSガード,Gardes Kireek HS
13068,キリークGSガード,Gardes Kireek GS
13069,キリークGPガード,Gardes Kireek GP
13070,キリークZPガード,Gardes Kireek ZP
13071,クーナアーム,Brassards Quna
13072,クーナＦアーム,Brassards Quna F
13073,クーナFZアーム,Brassards Quna FZ
13074,クーナHSアーム,Brassards Quna HS
13075,クーナGSアーム,Brassards Quna GS
13076,クーナGPアーム,Brassards Quna GP
13077,クーナZPアーム,Brassards Quna ZP
13078,クーナガード,Gardes Quna
13079,クーナＦガード,Gardes Quna F
13080,クーナFZガード,Gardes Quna FZ
13081,クーナHSガード,Gardes Quna HS
13082,クーナGSガード,Gardes Quna GS
13083,クーナGPガード,Gardes Quna GP
13084,クーナZPガード,Gardes Quna ZP
13085,ディスタアーム,Brassards Dista
13086,ディスタＦアーム,Brassards Dista F
13087,ディスタFZアーム,Brassards Dista FZ
13088,ディスタHSアーム,Brassards Dista HS
13089,ディスタGSアーム,Brassards Dista GS
13090,ディスタGPアーム,Brassards Dista GP
13091,ディスタZPアーム,Brassards Dista ZP
13092,ディスタガード,Gardes Dista
13093,ディスタＦガード,Gardes Dista F
13094,ディスタFZガード,Gardes Dista FZ
13095,ディスタHSガード,Gardes Dista HS
13096,ディスタGSガード,Gardes Dista GS
13097,ディスタGPガード,Gardes Dista GP
13098,ディスタZPガード,Gardes Dista ZP
13099,イオニアアーム,Brassards Ionia
13100,イオニアＦアーム,Brassards Ionia F
13101,イオニアFZアーム,Brassards Ionia FZ
13102,イオニアHSアーム,Brassards Ionia HS
13103,イオニアGSアーム,Brassards Ionia GS
13104,イオニアGPアーム,Brassards Ionia GP
13105,イオニアZPアーム,Brassards Ionia ZP
13106,イオニアガード,Gardes Ionia
13107,イオニアＦガード,Gardes Ionia F
13108,イオニアFZガード,Gardes Ionia FZ
13109,イオニアHSガード,Gardes Ionia HS
13110,イオニアGSガード,Gardes Ionia GS
13111,イオニアGPガード,Gardes Ionia GP
13112,イオニアZPガード,Gardes Ionia ZP
13113,グリディＺアーム,Brassards Guridi Z
13114,グリディZFアーム,Brassards Guridi F
13115,グリディZYアーム,Brassards Guridi ZY
13116,グリディZXアーム,Brassards Guridi ZX
13117,グリディＺガード,Gardes Guridi Z
13118,グリディZFガード,Gardes Guridi F
13119,グリディZYガード,Gardes Guridi ZY
13120,グリディZXガード,Gardes Guridi ZX
13121,シフニィＺアーム,Brassards Shifunyi Z
13122,シフニィZFアーム,Brassards Shifunyi F
13123,シフニィZYアーム,Brassards Shifunyi ZY
13124,シフニィZXアーム,Brassards Shifunyi ZX
13125,シフニィＺガード,Gardes Shifunyi Z
13126,シフニィZFガード,Gardes Shifunyi F
13127,シフニィZYガード,Gardes Shifunyi ZY
13128,シフニィZXガード,Gardes Shifunyi ZX
13129,ロックマンガード,Gardes Rockman
13130,煉燭ノ篭手Ｄ,
13131,グラビZDアーム,Brassards Gravios D
13132,グラビZDガード,Gardes Gravios D
13133,バルラZDアーム,Brassards Baruragaru D
13134,バルラZDガード,Gardes Baruragaru D
13135,ラビウスＤアーム,Brassards Rabius D
13136,ロクラスＤアーム,Brassards Rocras D
13137,アリシスＤアーム,Brassards Alisys D
13138,ロゥリィＤアーム,Brassards Loli D
13139,レコリスＤアーム,Brassards Recolis D
13140,ラファンＤアーム,Brassards Rapin D
13141,ラファンＣアーム,Brassards Rapin C
13142,キリークＤアーム,Brassards Kireek D
13143,クーナＤアーム,Brassards Quna D
13144,ディスタＤアーム,Brassards Dista D
13145,イオニアＤアーム,Brassards Ionia D
13146,グリディＤアーム,Brassards Guridi D
13147,シフニィＤアーム,Brassards Shifunyi D
13148,ラッピーＤアーム,Brassards Rappy D
13149,ビーターＤアーム,Brassards Bita D
13150,コレプトＤアーム,Brassards Koreputo D
13151,セクティＤアーム・黒,Brassards Secti D noirs
13152,セクティＤアーム・青,Brassards Secti D bleus
13153,セクティＤアーム・赤,Brassards Secti D rouges
13154,セクティＤアーム・白,Brassards Secti D blancs
13155,ロックマンＤガード,Gardes Rockman D
13156,一閃Ｄ【篭手】・赤,
13157,蜂針Ｄ【篭手】・橙,
13158,シャンルＺアーム,Brassards Shanru Z
13159,シャンルZFアーム,Brassards Shanru F
13160,シャンルZYアーム,Brassards Shanru ZY
13161,シャンルZXアーム,Brassards Shanru ZX
13162,シャンルＺガード,Gardes Shanru Z
13163,シャンルZFガード,Gardes Shanru F
13164,シャンルZYガード,Gardes Shanru ZY
13165,シャンルZXガード,Gardes Shanru ZX
13166,ファンルＺアーム,Brassards Fanru Z
13167,ファンルZFアーム,Brassards Fanru F
13168,ファンルZYアーム,Brassards Fanru ZY
13169,ファンルZXアーム,Brassards Fanru ZX
13170,ファンルＺガード,Gardes Fanru Z
13171,ファンルZFガード,Gardes Fanru F
13172,ファンルZYガード,Gardes Fanru ZY
13173,ファンルZXガード,Gardes Fanru ZX
13174,煉獄ノ篭手Ｚ,
13175,煉獄ノ篭手ZF,
13176,煉獄ノ篭手ZY,
13177,煉獄ノ篭手ZX,
13178,煉獄ノ大袖Ｚ,
13179,煉獄ノ大袖ZF,
13180,煉獄ノ大袖ZY,
13181,煉獄ノ大袖ZX,
13182,煉戟ノ篭手Ｚ,
13183,煉戟ノ篭手ZF,
13184,煉戟ノ篭手ZY,
13185,煉戟ノ篭手ZX,
13186,煉戟ノ大袖Ｚ,
13187,煉戟ノ大袖ZF,
13188,煉戟ノ大袖ZY,
13189,煉戟ノ大袖ZX,
13190,ザムザＺアーム,Brassards Zamuza Z
13191,ザムザZFアーム,Brassards Zamuza F
13192,ザムザZYアーム,Brassards Zamuza ZY
13193,ザムザZXアーム,Brassards Zamuza ZX
13194,ザムザＺガード,Gardes Zamuza Z
13195,ザムザZFガード,Gardes Zamuza F
13196,ザムザZYガード,Gardes Zamuza ZY
13197,ザムザZXガード,Gardes Zamuza ZX
13198,ハルドＺアーム,Brassards Harudo Z
13199,ハルドZFアーム,Brassards Harudo F
13200,ハルドZYアーム,Brassards Harudo ZY
13201,ハルドZXアーム,Brassards Harudo ZX
13202,ハルドＺガード,Gardes Harudo Z
13203,ハルドZFガード,Gardes Harudo F
13204,ハルドZYガード,Gardes Harudo ZY
13205,ハルドZXガード,Gardes Harudo ZX
13206,エリュシＧアーム,Brassards Elysi G
13207,エリュシGFアーム,Brassards Elysi GF
13208,エリュシGXアーム,Brassards Elysi GX
13209,エリュシＧガード,Gardes Elysi G
13210,エリュシGFガード,Gardes Elysi GF
13211,エリュシGXガード,Gardes Elysi GX
13212,ミュンルＺアーム,Brassards Myunru Z
13213,ミュンルZFアーム,Brassards Myunru F
13214,ミュンルZYアーム,Brassards Myunru ZY
13215,ミュンルZXアーム,Brassards Myunru ZX
13216,ミュンルＺガード,Gardes Myunru Z
13217,ミュンルZFガード,Gardes Myunru F
13218,ミュンルZYガード,Gardes Myunru ZY
13219,ミュンルZXガード,Gardes Myunru ZX
13220,キンコウアーム,Brassards Kinkou
13221,キンコウＦアーム,Brassards Kinkou F
13222,キンコウFZアーム,Brassards Kinkou FZ
13223,キンコウHSアーム,Brassards Kinkou HS
13224,キンコウGSアーム,Brassards Kinkou GS
13225,キンコウGPアーム,Brassards Kinkou GP
13226,キンコウZPアーム,Brassards Kinkou ZP
13227,キンコウガード,Gardes Kinkou
13228,キンコウＦガード,Gardes Kinkou F
13229,キンコウFZガード,Gardes Kinkou FZ
13230,キンコウHSガード,Gardes Kinkou HS
13231,キンコウGSガード,Gardes Kinkou GS
13232,キンコウGPガード,Gardes Kinkou GP
13233,キンコウZPガード,Gardes Kinkou ZP
13234,アンブアーム,Brassards Anbu
13235,アンブＦアーム,Brassards Anbu F
13236,アンブFZアーム,Brassards Anbu FZ
13237,アンブHSアーム,Brassards Anbu HS
13238,アンブGSアーム,Brassards Anbu GS
13239,アンブGPアーム,Brassards Anbu GP
13240,アンブZPアーム,Brassards Anbu ZP
13241,アンブガード,Gardes Anbu
13242,アンブＦガード,Gardes Anbu F
13243,アンブFZガード,Gardes Anbu FZ
13244,アンブHSガード,Gardes Anbu HS
13245,アンブGSガード,Gardes Anbu GS
13246,アンブGPガード,Gardes Anbu GP
13247,アンブZPガード,Gardes Anbu ZP
13248,アービターGSカノン,
13249,アービターGPカノン,
13250,アービターZPカノン,
13251,アービターGSクーター,
13252,アービターGPクーター,
13253,アービターZPクーター,
13254,フィーネアーム,
13255,フィーネＦアーム,
13256,フィーネFZアーム,
13257,フィーネHSアーム,
13258,フィーネGSアーム,
13259,フィーネGPアーム,
13260,フィーネZPアーム,
13261,フィーネガード,
13262,フィーネＦガード,
13263,フィーネFZガード,
13264,フィーネHSガード,
13265,フィーネGSガード,
13266,フィーネGPガード,
13267,フィーネZPガード,
13268,コトナアーム,Brassards Kotona
13269,コトナＦアーム,Brassards Kotona F
13270,コトナFZアーム,Brassards Kotona FZ
13271,コトナHSアーム,Brassards Kotona HS
13272,コトナGSアーム,Brassards Kotona GS
13273,コトナGPアーム,Brassards Kotona GP
13274,コトナZPアーム,Brassards Kotona ZP
13275,コトナガード,Gardes Kotona
13276,コトナＦガード,Gardes Kotona F
13277,コトナFZガード,Gardes Kotona FZ
13278,コトナHSガード,Gardes Kotona HS
13279,コトナGSガード,Gardes Kotona GS
13280,コトナGPガード,Gardes Kotona GP
13281,コトナZPガード,Gardes Kotona ZP
13282,フィニスアーム,
13283,フィニスＦアーム,
13284,フィニスFZアーム,
13285,フィニスHSアーム,
13286,フィニスGSアーム,
13287,フィニスGPアーム,
13288,フィニスZPアーム,
13289,フィニスガード,
13290,フィニスＦガード,
13291,フィニスFZガード,
13292,フィニスHSガード,
13293,フィニスGSガード,
13294,フィニスGPガード,
13295,フィニスZPガード,
13296,フィールアーム,Brassards Firl
13297,フィールＦアーム,Brassards Firl F
13298,フィールFZアーム,Brassards Firl FZ
13299,フィールHSアーム,Brassards Firl HS
13300,フィールGSアーム,Brassards Firl GS
13301,フィールGPアーム,Brassards Firl GP
13302,フィールZPアーム,Brassards Firl ZP
13303,フィールガード,Gardes Firl
13304,フィールＦガード,Gardes Firl F
13305,フィールFZガード,Gardes Firl FZ
13306,フィールHSガード,Gardes Firl HS
13307,フィールGSガード,Gardes Firl GS
13308,フィールGPガード,Gardes Firl GP
13309,フィールZPガード,Gardes Firl ZP
13310,了奏ノ篭手,Kote Ryoso
13311,了奏ノ篭手Ｆ,
13312,了奏ノ篭手FZ,
13313,了奏ノ篭手HS,
13314,了奏ノ篭手GS,
13315,了奏ノ篭手GP,
13316,了奏ノ篭手ZP,
13317,了奏ノ御手,
13318,了奏ノ御手Ｆ,
13319,了奏ノ御手FZ,
13320,了奏ノ御手HS,
13321,了奏ノ御手GS,
13322,了奏ノ御手GP,
13323,了奏ノ御手ZP,
13324,ジェムズアーム,Brassards Gems
13325,ジェムズＦアーム,Brassards Gems F
13326,ジェムズFZアーム,Brassards Gems FZ
13327,ジェムズHSアーム,Brassards Gems HS
13328,ジェムズGSアーム,Brassards Gems GS
13329,ジェムズGPアーム,Brassards Gems GP
13330,ジェムズZPアーム,Brassards Gems ZP
13331,ジェムズガード,Gardes Gems
13332,ジェムズＦガード,Gardes Gems F
13333,ジェムズFZガード,Gardes Gems FZ
13334,ジェムズHSガード,Gardes Gems HS
13335,ジェムズGSガード,Gardes Gems GS
13336,ジェムズGPガード,Gardes Gems GP
13337,ジェムズZPガード,Gardes Gems ZP
13338,アリシャアーム,Brassards Alisha
13339,アリシャＦアーム,Brassards Alisha F
13340,アリシャFZアーム,Brassards Alisha FZ
13341,アリシャHSアーム,Brassards Alisha HS
13342,アリシャGSアーム,Brassards Alisha GS
13343,アリシャGPアーム,Brassards Alisha GP
13344,アリシャZPアーム,Brassards Alisha ZP
13345,アリシャガード,Gardes Alisha
13346,アリシャＦガード,Gardes Alisha F
13347,アリシャFZガード,Gardes Alisha FZ
13348,アリシャHSガード,Gardes Alisha HS
13349,アリシャGSガード,Gardes Alisha GS
13350,アリシャGPガード,Gardes Alisha GP
13351,アリシャZPガード,Gardes Alisha ZP
13352,リッカアーム,Brassards Ricca
13353,リッカＦアーム,Brassards Ricca F
13354,リッカFZアーム,Brassards Ricca FZ
13355,リッカHSアーム,Brassards Ricca HS
13356,リッカGSアーム,Brassards Ricca GS
13357,リッカGPアーム,Brassards Ricca GP
13358,リッカZPアーム,Brassards Ricca ZP
13359,リッカガード,Gardes Ricca
13360,リッカＦガード,Gardes Ricca F
13361,リッカFZガード,Gardes Ricca FZ
13362,リッカHSガード,Gardes Ricca HS
13363,リッカGSガード,Gardes Ricca GS
13364,リッカGPガード,Gardes Ricca GP
13365,リッカZPガード,Gardes Ricca ZP
13366,ケリスアーム,Brassards Kelis
13367,ケリスＦアーム,Brassards Kelis F
13368,ケリスFZアーム,Brassards Kelis FZ
13369,ケリスHSアーム,Brassards Kelis HS
13370,ケリスGSアーム,Brassards Kelis GS
13371,ケリスGPアーム,Brassards Kelis GP
13372,ケリスZPアーム,Brassards Kelis ZP
13373,ケリスガード,Gardes Kelis
13374,ケリスＦガード,Gardes Kelis F
13375,ケリスFZガード,Gardes Kelis FZ
13376,ケリスHSガード,Gardes Kelis HS
13377,ケリスGSガード,Gardes Kelis GS
13378,ケリスGPガード,Gardes Kelis GP
13379,ケリスZPガード,Gardes Kelis ZP
13380,キンコウＤアーム,Brassards Kinkou D
13381,アンブＤアーム,Brassards Anbu D
13382,煉獄ノ篭手Ｄ,
13383,煉戟ノ篭手Ｄ,
13384,シャンルＤアーム,Brassards Shanru D
13385,ファンルＤアーム,Brassards Fanru D
13386,ザムザZDアーム,Brassards Zamuza D
13387,ザムザZDガード,Gardes Zamuza D
13388,ハルドZDアーム,Brassards Harudo D
13389,ハルドZDガード,Gardes Harudo D
13390,アービターＤカノン,
13391,エリュシＤアーム,Brassards Elysi D
13392,フィーネＤアーム,
13393,コトナＤアーム,Brassards Kotona D
13394,フィニスＤアーム,
13395,フィールＤアーム,Brassards Firl D
13396,了奏ノ篭手Ｄ,
13397,ジェムズＤアーム,Brassards Gems D
13398,アリシャＤアーム,Brassards Alisha D
13399,リッカＤアーム,Brassards Ricca D
13400,ケリスＤアーム,Brassards Kelis D
13401,ミュンルＤアーム,Brassards Myunru D
13402,青龍・剣聖Ｄアーム,
13403,青龍・双龍Ｄアーム,
13404,青龍・剣王Ｄアーム,
13405,青龍・刀神Ｄアーム,
13406,青龍・天槍Ｄアーム,
13407,青龍・砲皇Ｄアーム,
13408,青龍・鈍器獣Ｄアーム,
13409,青龍・奏帝Ｄアーム,
13410,青龍・穿凰Ｄアーム,
13411,青龍・斬将Ｄアーム,
13412,青龍・銃傑Ｄガード,
13413,青龍・銃仙Ｄガード,
13414,青龍・弓鬼Ｄガード,
13415,青龍・磁星Ｄアーム,
13416,ＫロブスタアームPD黒,
13417,ＫロブスタアームPD緑,
13418,ＫロブスタアームPD青,
13419,ＫロブスタガードPD黒,
13420,ＫロブスタガードPD緑,
13421,ＫロブスタガードPD青,
13422,ヒプノアームPD緑,
13423,ヒプノアームPD赤,
13424,ヒプノアームPD黄,
13425,ベルアームPD黒,
13426,ベルアームPD赤,
13427,ベルアームPD紫,
13428,ベルガードPD黒,
13429,ベルガードPD赤,
13430,ベルガードPD紫,
13431,クロオビアームPD白,
13432,クロオビアームPD黒,
13433,クロオビアームPD青,
13434,アプカルアームPD白,
13435,アプカルアームPD緑,
13436,アプカルアームPD黄,
13437,ルコクロウPD白,
13438,ルコクロウPD青,
13439,ルコクロウPD赤,
13440,ルコフィストPD白,
13441,ルコフィストPD青,
13442,ルコフィストPD赤,
13443,コムラダアームPD白赤,
13444,コムラダアームPD白青,
13445,コムラダアームPD白黄,
13446,オトノＤアーム,Brassards Otono D
13447,忍の篭手・空Ｄ,
13448,忍の篭手・海Ｄ,
13449,黒影ノ篭手・Ｄ,
13450,黒陰ノ篭手・Ｄ,
13451,ホープＤアーム,Brassards Espoir D
