index,source,target
0,装備無し,
1,レザーライトメイル,Cotte Cuir
2,チェーンメイル,Cotte Chainmail
3,ハンターメイル,Cotte Hunter's
4,ハンターレジスト,Veste Hunter's
5,ボーンメイル,Cotte Os
6,ボーンレジスト,Veste Os
7,ランポスメイル,Cotte Velociprey
8,ランポスレジスト,Veste Velociprey
9,バトルメイル,Cotte Bataille
10,バトルレジスト,Veste Bataille
11,ランゴメイル,Cotte Vespoid
12,ランゴレジスト,Veste Vespoid
13,タロスメイル,Cotte Hornetaur
14,タロスレジスト,Veste Hornetaur
15,ハイメタメイル,
16,ハイメタレジスト,
17,ゲネポスメイル,Cotte Genprey
18,ゲネポスレジスト,Veste Genprey
19,クックメイル,Cotte Kut-Ku
20,クックレジスト,Veste Kut-Ku
21,イーオスメイル,Cotte Ioprey
22,イーオスレジスト,Veste Ioprey
23,ゲリョスメイル,Cotte Gypceros
24,ゲリョスレジスト,Veste Gypceros
25,ガレオスメイル,Cotte Cephalos
26,ガレオスレジスト,Veste Cephalos
27,スティールメイル,Cotte Acier
28,レイアメイル,Cotte Rathian
29,レイアレジスト,Veste Rathian
30,フルフルメイル,Cotte Khezu
31,フルフルレジスト,Veste Khezu
32,レウスメイル,Cotte Rathalos
33,レウスレジスト,Veste Rathalos
34,ガノスメイル,Cotte Plesioth
35,ガノスレジスト,Veste Plesioth
36,キングロブスタシェル,
37,キングロブスタスキン,
38,バサルメイル,Cotte Basarios
39,バサルレジスト,Veste Basarios
40,ディアブロメイル,Cotte Diablos
41,ディアブロレジスト,Veste Diablos
42,モノブロスメイル,Cotte Monoblos
43,モノブロスレジスト,Veste Monoblos
44,グラビドメイル,Cotte Gravios
45,グラビドレジスト,Veste Gravios
46,クロオビメイル,
47,モスブレスト,
48,メルホアトロンコ,
49,マカルパペプラム,
50,ビストロベスト,
51,ランポスーツボディ,
52,ゲネポスーツボディ,
53,イーオスーツボディ,
54,忍の装束・陽,
55,忍の装束・陰,
56,ガーディアンスーツ,Combinaison Gardien
57,ガーディアンベスト,Gilet Gardien
58,ヘルパーベスト,Gilet Assistant
59,ヒーラーベスト,Gilet Guérisseur
60,ガルルガメイル,Cotte Garuga
61,ガルルガレジスト,Veste Garuga
62,暁丸【胴当て】,
63,曙丸【胴当て】,
64,凛【胸当て】,
65,艶【胸当て】,
66,ドラゴンハイド,
67,ドラゴンスキン,
68,レザーライトＵメイル,Cotte Cuir U
69,チェーンＵメイル,Cotte Chainmail U
70,ハンターＵメイル,Cotte Hunter's U
71,ハンターＵレジスト,Veste Hunter's U
72,ボーンＵメイル,Cotte Os U
73,ボーンＵレジスト,Veste Os U
74,ギアノスメイル,Cotte Giaprey
75,ギアノスレジスト,Veste Giaprey
76,バトルＵメイル,Cotte Bataille U
77,バトルＵレジスト,Veste Bataille U
78,ランゴＵメイル,Cotte Vespoid U
79,ランゴＵレジスト,Veste Vespoid U
80,タロスＵメイル,Cotte Hornetaur U
81,タロスＵレジスト,Veste Hornetaur U
82,ハイメタＵメイル,
83,ハイメタＵレジスト,
84,ゲネポスＵメイル,Cotte Genprey U
85,ゲネポスＵレジスト,Veste Genprey U
86,クックＵメイル,Cotte Kut-Ku U
87,クックＵレジスト,Veste Kut-Ku U
88,イーオスＵメイル,Cotte Ioprey U
89,イーオスＵレジスト,Veste Ioprey U
90,ゲリョスＵメイル,Cotte Gypceros U
91,ゲリョスＵレジスト,Veste Gypceros U
92,ガレオスＵメイル,Cotte Cephalos U
93,ガレオスＵレジスト,Veste Cephalos U
94,スティールＵメイル,Cotte Acier U
95,リオハートメイル,Cotte Rath
96,リオハートレジスト,Veste Rath
97,フルフルＵメイル,Cotte Khezu U
98,フルフルＵレジスト,Veste Khezu U
99,リオソウルメイル,Cotte Rath
100,リオソウルレジスト,Veste Rath
101,ガノスＵメイル,Cotte Plesioth U
102,ガノスＵレジスト,Veste Plesioth U
103,バサルＵメイル,Cotte Basarios U
104,バサルＵレジスト,Veste Basarios U
105,ディアブロＵメイル,Cotte Diablos U
106,ディアブロＵレジスト,Veste Diablos U
107,モノデビルメイル,Cotte Monodevil
108,モノデビルレジスト,Veste Monodevil
109,グラビドＵメイル,Cotte Gravios U
110,グラビドＵレジスト,Veste Gravios U
111,忍の装束・空,
112,忍の装束・海,
113,ガーディアンＵスーツ,Combinaison Gardien U
114,ガーディアンＵベスト,Gilet Gardien U
115,ヘルパーＵベスト,Gilet Assistant U
116,ヒーラーＵベスト,Gilet Guérisseur U
117,暁丸・皇【胴当て】,
118,曙丸・皇【胴当て】,
119,凛・皇【胸当て】,
120,艶・皇【胸当て】,
121,ミラバルカンハイド,
122,ミラバルカンスキン,
123,ゴールドルナメイル,
124,ゴールドルナレジスト,
125,シルバーソルメイル,
126,シルバーソルレジスト,
127,レザーライトＳメイル,Cotte Cuir S
128,チェーンＳメイル,Cotte Chainmail S
129,ハンターＳメイル,Cotte Hunter's S
130,ハンターＳレジスト,Veste Hunter's S
131,ボーンＳメイル,Cotte Os S
132,ボーンＳレジスト,Veste Os S
133,ランポスＳメイル,Cotte Velociprey S
134,ランポスＳレジスト,Veste Velociprey S
135,バトルＳメイル,Cotte Bataille S
136,バトルＳレジスト,Veste Bataille S
137,ランゴＳメイル,Cotte Vespoid S
138,ランゴＳレジスト,Veste Vespoid S
139,タロスＳメイル,Cotte Hornetaur S
140,タロスＳレジスト,Veste Hornetaur S
141,ハイメタＳメイル,
142,ハイメタＳレジスト,
143,ゲネポスＳメイル,Cotte Genprey S
144,ゲネポスＳレジスト,Veste Genprey S
145,クックＳメイル,Cotte Kut-Ku S
146,クックＳレジスト,Veste Kut-Ku S
147,イーオスＳメイル,Cotte Ioprey S
148,イーオスＳレジスト,Veste Ioprey S
149,ゲリョスＳメイル,Cotte Gypceros S
150,ゲリョスＳレジスト,Veste Gypceros S
151,ガレオスＳメイル,Cotte Cephalos S
152,ガレオスＳレジスト,Veste Cephalos S
153,スティールＳメイル,Cotte Acier S
154,レイアＳメイル,Cotte Rathian S
155,レイアＳレジスト,Veste Rathian S
156,フルフルＳメイル,Cotte Khezu S
157,フルフルＳレジスト,Veste Khezu S
158,レウスＳメイル,Cotte Rathalos S
159,レウスＳレジスト,Veste Rathalos S
160,ガノスＳメイル,Cotte Plesioth S
161,ガノスＳレジスト,Veste Plesioth S
162,バサルＳメイル,Cotte Basarios S
163,バサルＳレジスト,Veste Basarios S
164,ディアブロＳメイル,Cotte Diablos S
165,ディアブロＳレジスト,Veste Diablos S
166,モノブロスＳメイル,Cotte Monoblos S
167,モノブロスＳレジスト,Veste Monoblos S
168,グラビドＳメイル,Cotte Gravios S
169,グラビドＳレジスト,Veste Gravios S
170,忍の装束・天,
171,忍の装束・地,
172,ギルドガードスーツ紅,Combinaison Guilde cramoisie
173,ギルドガードベスト紅,Gilet Guilde cramoisi
174,ギルドガードスーツ紅,Combinaison Guilde cramoisie
175,ギルドガードベスト紅,Gilet Guilde cramoisi
176,暁丸・覇【胴当て】,
177,曙丸・覇【胴当て】,
178,凛・覇【胸当て】,
179,艶・覇【胸当て】,
180,ドラゴンＳハイド,
181,ドラゴンＳスキン,
182,ザザミメイル,Cotte Hermitaur
183,ザザミレジスト,Veste Hermitaur
184,ザザミＵメイル,Cotte Hermitaur U
185,ザザミＵレジスト,Veste Hermitaur U
186,ザザミＳメイル,Cotte Hermitaur S
187,ザザミＳレジスト,Veste Hermitaur S
188,コンガメイル,Cotte Conga
189,コンガレジスト,Veste Conga
190,コンガＵメイル,Cotte Conga U
191,コンガＵレジスト,Veste Conga U
192,コンガＳメイル,Cotte Conga S
193,コンガＳレジスト,Veste Conga S
194,ブランゴメイル,Cotte Blango
195,ブランゴレジスト,Veste Blango
196,ブランゴＵメイル,Cotte Blango U
197,ブランゴＵレジスト,Veste Blango U
198,ブランゴＳメイル,Cotte Blango S
199,ブランゴＳレジスト,Veste Blango S
200,ギザミメイル,Cotte Ceanataur
201,ギザミレジスト,Veste Ceanataur
202,ギザミＵメイル,Cotte Ceanataur U
203,ギザミＵレジスト,Veste Ceanataur U
204,ギザミＳメイル,Cotte Ceanataur S
205,ギザミＳレジスト,Veste Ceanataur S
206,キリンベスト,Gilet Kirin
207,キリンケープ,
208,キリンＳベスト,Gilet Kirin S
209,キリンＳケープ,
210,クシャナディール,
211,クシャナバダル,
212,ミヅハ【胸当て】,
213,トヨタマ【胸当て】,
214,エンプレスメイル,Cotte Impératrice
215,エンプレスレジスト,Veste Impératrice
216,金剛【胴当て】,
217,不動【胴当て】,
218,カイザーメイル,
219,カイザーレジスト,
220,夜叉【羽衣】,
221,修羅【羽衣】,
222,金色ノ羽織,
223,黒子ノ装束,
224,ミラルーツハイド,
225,ミラルーツスキン,
226,クロオビＳメイル,
227,ギアノスーツボディ,
228,あかねこ服Ｆスーツ,
229,ガブラスーツボディ,
230,ギルドナイトスーツ,Combinaison Guilde
231,ギルドナイトベスト,Gilet Guilde
232,メイドベスト,Gilet Soubrette
233,プライベートベスト,
234,狩人Ｔシャツ,
235,ダミー,
236,ギルドガードスーツ蒼,Combinaison Guilde azur
237,ギルドガードベスト蒼,Gilet Guilde azur
238,ギルドガードスーツ蒼,Combinaison Guilde azur
239,ギルドガードベスト蒼,Gilet Guilde azur
240,Ｆボディ00,
241,Ｆボディ01,
242,ギルドヒーローメイル,
243,ヒプノメイル,Cotte Hypnoc
244,ヒプノレジスト,Veste Hypnoc
245,ヒプノＵメイル,Cotte Hypnoc U
246,ヒプノＵレジスト,Veste Hypnoc U
247,ラヴァメイル,Cotte Lavasioth
248,ラヴァレジスト,Veste Lavasioth
249,ラヴァＳメイル,Cotte Lavasioth S
250,ラヴァＳレジスト,Veste Lavasioth S
251,ギアノスＵメイル,Cotte Giaprey U
252,ギアノスＵレジスト,Veste Giaprey U
253,しろねこ服スーツ,
254,くろねこ服スーツ,
255,きんねこ服スーツ,
256,ゴシックプレート,
257,ゴシックＦプレート,
258,ベイルブリガンテス,
259,コムラドメイル【猩】,Cotte Camarade [猩]
260,ジストレルベスト,Gilet Jisutoreru
261,デュオメイル,
262,スマートベスト,
263,ストレングスボディ,
264,ブートアップベスト,
265,ユウェネスベスト,Gilet Yuenesu
266,欠番,
267,欠番,
268,エアリアルベスト,Gilet Aérien
269,ジストベスト,Gilet Giste
270,欠番,
271,エクストラベスト,
272,ウナペルトベスト,
273,キューラーベスト,Gilet Kyuura
274,欠番,
275,欠番,
276,レックスメイル,Cotte Tigrex
277,レックスレジスト,Veste Tigrex
278,レックスＳメイル,Cotte Tigrex S
279,レックスＳレジスト,Veste Tigrex S
280,パピメルペット,
281,パピメルペクトス,
282,パピメルＳペット,
283,パピメルＳペクトス,
284,アカムトウルンテ,
285,アカムトウルンペ,
286,ウナペルトＦベスト,
287,欠番,
288,メルホアＵトロンコ,
289,マカルパＵペプラム,
290,ビストロＵベスト,
291,オウビートペット,
292,オウビートペクトス,
293,オウビートＳペット,
294,オウビートＳペクトス,
295,デスギアムスケル,
296,デスギアケミュート,
297,デスギアＳムスケル,
298,デスギアＳケミュート,
299,マフモフジャケット,
300,マフモフＳジャケット,
301,クシャナＦディール,
302,クシャナＦバダル,
303,カイザーＦメイル,
304,カイザーＦレジスト,
305,ミヅハ魁【胸当て】,
306,トヨタマ魁【胸当て】,
307,金剛・魁【胴当て】,
308,不動・魁【胴当て】,
309,夜叉・魁【羽衣】,
310,修羅・魁【羽衣】,
311,エンプレスＦメイル,Cotte Impératrice F
312,エンプレスＦレジスト,Veste Impératrice F
313,金色ノ羽織・魁,
314,黒子ノ装束・魁,
315,ガルルガＦメイル,Cotte Garuga F
316,ガルルガＦレジスト,Veste Garuga F
317,クシャナＦディール,
318,クシャナＦバダル,
319,カイザーＦメイル,
320,カイザーＦレジスト,
321,ミヅハ魁【胸当て】,
322,トヨタマ魁【胸当て】,
323,金剛・魁【胴当て】,
324,不動・魁【胴当て】,
325,夜叉・魁【羽衣】,
326,修羅・魁【羽衣】,
327,エンプレスＦメイル,Cotte Impératrice F
328,エンプレスＦレジスト,Veste Impératrice F
329,金色ノ羽織・魁,
330,黒子ノ装束・魁,
331,ガルルガＦメイル,Cotte Garuga F
332,ガルルガＦレジスト,Veste Garuga F
333,ラヴァＵメイル,Cotte Lavasioth U
334,ラヴァＵレジスト,Veste Lavasioth U
335,ホワイトメタルメイル,Cotte Métal blanc
336,セレストプレート,
337,シエルブリガンテス,
338,コムラダメイル【赤】,Cotte Comrada [赤]
339,コムラダメイル【青】,Cotte Comrada [青]
340,コムラダメイル【緑】,Cotte Comrada [緑]
341,コムラダメイル【橙】,Cotte Comrada [橙]
342,ダミー,
343,ダミー,
344,エスピナムスケル,
345,エスピナケミュート,
346,エスピナＦムスケル,
347,エスピナＦケミュート,
348,アスールジャケット,
349,アスールスーツ,Combinaison Azul
350,アメザリメイル,Cotte Amezari
351,アメザリスキン,
352,プロミスメイル【白】,Cotte Promesse [白]
353,プロミスメイル【青】,Cotte Promesse [青]
354,プロミスメイル【紫】,Cotte Promesse [紫]
355,プロミスメイル【黄】,Cotte Promesse [黄]
356,ブリスメイル【白】,Cotte Félicité [白]
357,ブリスメイル【青】,Cotte Félicité [青]
358,ブリスメイル【紫】,Cotte Félicité [紫]
359,ブリスメイル【黄】,Cotte Félicité [黄]
360,ブリスＦメイル【白】,Cotte Félicité F [白]
361,ブリスＦメイル【青】,Cotte Félicité F [青]
362,ブリスＦメイル【紫】,Cotte Félicité F [紫]
363,ブリスＦメイル【黄】,Cotte Félicité F [黄]
364,ロジウェアベスト,
365,バトルレジストSP青,
366,バトルレジストSP黄,
367,バトルレジストSP紫,
368,レイアメイルSP青,
369,レイアメイルSP赤,
370,レイアメイルSP黒,
371,フルフルメイルSP青,
372,フルフルメイルSP緑,
373,フルフルメイルSP黒,
374,エスピナメイルSP赤,
375,エスピナメイルSP青,
376,エスピナメイルSP黄,
377,エスピナレジストSP赤,
378,エスピナレジストSP青,
379,エスピナレジストSP黄,
380,ノワールジャケット,
381,ガーディスーツSP白,
382,ガーディスーツSP黒,
383,ガーディスーツSP紫,
384,ヒーラーベストSP青,
385,ヒーラーベストSP白,
386,ヒーラーベストSP黄,
387,マフモフスーツSP赤,
388,マフモフスーツSP黄,
389,マフモフスーツSP紫,
390,バサルレジストSP赤,
391,バサルレジストSP黒,
392,バサルレジストSP黄,
393,アプカルメイル,Cotte Apkallu
394,アプカルレジスト,Veste Apkallu
395,ゴスペルメイル,
396,ゴスペルレジスト,
397,エスピナＵムスケル,
398,エスピナＵケミュート,
399,ブランゴメイルSP黄,
400,ブランゴメイルSP青,
401,ブランゴメイルSP黒,
402,金色ノ羽織SP白,
403,金色ノ羽織SP紫,
404,金色ノ羽織SP緑,
405,グラビドレジストSP緑,
406,グラビドレジストSP紫,
407,グラビドレジストSP赤,
408,アクラメイル,Cotte Akura
409,アクラメイル黄,Cotte Akura jaune
410,アクラメイル蒼,Cotte Akura azur
411,アクラメイル紅,Cotte Akura cramoisie
412,アクラレジスト,Veste Akura
413,アクラレジスト黄,Veste Akura jaune
414,アクラレジスト蒼,Veste Akura azur
415,アクラレジスト紅,Veste Akura cramoisie
416,アクラＦメイル,Cotte Akura F
417,アクラＦメイル黄,Cotte Akura F jaune
418,アクラＦメイル蒼,Cotte Akura F azur
419,アクラＦメイル紅,Cotte Akura F cramoisie
420,アクラＦレジスト,Veste Akura F
421,アクラＦレジスト黄,Veste Akura F jaune
422,アクラＦレジスト蒼,Veste Akura F azur
423,アクラＦレジスト紅,Veste Akura F cramoisie
424,エクエスメイル,Cotte Eques
425,エクエスレジスト,Veste Eques
426,エクエスメイル改,
427,エクエスレジスト改,
428,エクエスＦメイル,Cotte Eques F
429,エクエスＦレジスト,Veste Eques F
430,星祭の装束・夏【赤】,
431,星祭の装束・夏【青】,
432,星祭の装束・夏【黒】,
433,星祭の装束・夏【白】,
434,七夕の装束・夏【赤】,
435,七夕の装束・夏【青】,
436,七夕の装束・夏【黒】,
437,七夕の装束・夏【白】,
438,星祭の装束・織【赤】,
439,星祭の装束・織【青】,
440,星祭の装束・織【黒】,
441,星祭の装束・織【白】,
442,七夕の装束・織【赤】,
443,七夕の装束・織【青】,
444,七夕の装束・織【黒】,
445,七夕の装束・織【白】,
446,星祭の装束・天【赤】,
447,星祭の装束・天【青】,
448,星祭の装束・天【黒】,
449,星祭の装束・天【白】,
450,七夕の装束・天【赤】,
451,七夕の装束・天【青】,
452,七夕の装束・天【黒】,
453,七夕の装束・天【白】,
454,ハイメタメイルSP黒,
455,ハイメタメイルSP青,
456,ハイメタメイルSP黄,
457,Ｓ・ソルメイルSP赤,
458,Ｓ・ソルメイルSP紫,
459,Ｓ・ソルメイルSP黒,
460,ガルルガレジストSP白,
461,ガルルガレジストSP緑,
462,ガルルガレジストSP赤,
463,ルーキーメイル【白】,Cotte Recrue [白]
464,ルーキーメイル【赤】,Cotte Recrue [赤]
465,ルーキーメイル【緑】,Cotte Recrue [緑]
466,ヒプノＳメイル,Cotte Hypnoc S
467,ヒプノＳレジスト,Veste Hypnoc S
468,プロギアメイル,Cotte Purogia
469,オラシオンメイル,Cotte Oracion
470,レクイエムメイル,
471,アクラＵメイル,Cotte Akura U
472,アクラＵメイル黄,Cotte Akura U jaune
473,アクラＵメイル蒼,Cotte Akura U azur
474,アクラＵメイル紅,Cotte Akura U cramoisie
475,アクラＵレジスト,Veste Akura U
476,アクラＵレジスト黄,Veste Akura U jaune
477,アクラＵレジスト蒼,Veste Akura U azur
478,アクラＵレジスト紅,Veste Akura U cramoisie
479,メランジャケット,
480,メランスーツ,Combinaison Melan
481,ルージュジャケット,
482,マギサベスト・赤,Gilet Magisa rouge
483,マギサベスト・黒,Gilet Magisa noir
484,マギサベスト・緑,Gilet Magisa vert
485,マギサベスト・白,Gilet Magisa blanc
486,マギサベスト・青,Gilet Magisa bleu
487,ウィザースーツ・赤,Combinaison Wither rouge
488,ウィザースーツ・黒,Combinaison Wither noire
489,ウィザースーツ・緑,Combinaison Wither verte
490,ウィザースーツ・白,Combinaison Wither blanche
491,ウィザースーツ・青,Combinaison Wither bleue
492,マギサＦベスト・赤,Gilet Magisa F rouge
493,マギサＦベスト・黒,Gilet Magisa F noir
494,マギサＦベスト・緑,Gilet Magisa F vert
495,マギサＦベスト・白,Gilet Magisa F blanc
496,マギサＦベスト・青,Gilet Magisa F bleu
497,ウィザーＦスーツ・赤,Combinaison Wither F rouge
498,ウィザーＦスーツ・黒,Combinaison Wither F noire
499,ウィザーＦスーツ・緑,Combinaison Wither F verte
500,ウィザーＦスーツ・白,Combinaison Wither F blanche
501,ウィザーＦスーツ・青,Combinaison Wither F bleue
502,クロウリーベスト・赤,
503,クロウリーベスト・黒,
504,クロウリーベスト・緑,
505,クロウリーベスト・白,
506,クロウリーベスト・青,
507,ファウストスーツ・赤,
508,ファウストスーツ・黒,
509,ファウストスーツ・緑,
510,ファウストスーツ・白,
511,ファウストスーツ・青,
512,クシャナディールSP赤,
513,クシャナディールSP黄,
514,クシャナディールSP緑,
515,クシャナバダルSP赤,
516,クシャナバダルSP黄,
517,クシャナバダルSP緑,
518,キリンベストSP赤,
519,キリンベストSP紫,
520,キリンベストSP黒,
521,キリンケープSP赤,
522,キリンケープSP紫,
523,キリンケープSP黒,
524,ストレガメイル,Cotte Strega
525,ストレガレジスト,Veste Strega
526,ストレガメイル改,
527,ストレガレジスト改,
528,ストレガＦメイル,Cotte Strega F
529,ストレガＦレジスト,Veste Strega F
530,フルフルＬメイル,Cotte Khezu L
531,ガレオスＬメイル,Cotte Cephalos L
532,ギザミＬメイル,Cotte Ceanataur L
533,レウスＬメイル,Cotte Rathalos L
534,マフモフＬジャケット,
535,あかねこ服スーツ,
536,アミティエベスト,Gilet Amitie
537,アミティエスーツ,Combinaison Amitie
538,バサルＬレジスト,Veste Basarios L
539,ゲリョスＬレジスト,Veste Gypceros L
540,ガーディアンＲスーツ,Combinaison Gardien R
541,ヒーラーＲベスト,Gilet Guérisseur R
542,ハンターＲメイル,Cotte Hunter's R
543,リオハートＲメイル,Cotte Rath R
544,ザザミＲメイル,Cotte Hermitaur R
545,アミティエＦベスト,Gilet Amitie F
546,アミティエＦスーツ,Combinaison Amitie F
547,キューラーＦベスト,Gilet Kyuura F
548,ガーディアンＲコルポ,
549,ヒーラーＲケープ,
550,クアッドメイルＣ,
551,クアッドメイル,
552,ベルメイル,Cotte Beru
553,ベルレジスト,Veste Beru
554,ベルＦメイル,Cotte Beru F
555,ベルＦレジスト,Veste Beru F
556,リアンベスト・青,Gilet Rian bleu
557,リアンスーツ・青,Combinaison Rian bleue
558,リアンベスト・赤,Gilet Rian rouge
559,リアンスーツ・赤,Combinaison Rian rouge
560,リアンベスト・黒,Gilet Rian noir
561,リアンスーツ・黒,Combinaison Rian noire
562,リアンベスト・白,Gilet Rian blanc
563,リアンスーツ・白,Combinaison Rian blanche
564,リアンＦベスト・青,Gilet Rian F bleu
565,リアンＦスーツ・青,Combinaison Rian F bleue
566,リアンＦベスト・赤,Gilet Rian F rouge
567,リアンＦスーツ・赤,Combinaison Rian F rouge
568,リアンＦベスト・黒,Gilet Rian F noir
569,リアンＦスーツ・黒,Combinaison Rian F noire
570,リアンＦベスト・白,Gilet Rian F blanc
571,リアンＦスーツ・白,Combinaison Rian F blanche
572,カイザーメイルSP白,
573,カイザーメイルSP黒,
574,カイザーメイルSP緑,
575,カイザーレジストSP白,
576,カイザーレジストSP黒,
577,カイザーレジストSP緑,
578,ザザミメイルSP青,
579,ザザミメイルSP白,
580,ザザミメイルSP紫,
581,クックＬメイル,Cotte Kut-Ku L
582,ゲリョスＬメイル,Cotte Gypceros L
583,イーオスＬメイル,Cotte Ioprey L
584,レイアＬメイル,Cotte Rathian L
585,バサルＬメイル,Cotte Basarios L
586,レウスＬレジスト,Veste Rathalos L
587,モノブロスＬレジスト,Veste Monoblos L
588,メルホアＲトロンコ,
589,ハイメタＲメイル,
590,ディアブロＲメイル,Cotte Diablos R
591,ブランゴＲメイル,Cotte Blango R
592,ラヴァＲメイル,Cotte Lavasioth R
593,ギアノスＲレジスト,Veste Giaprey R
594,バトルＲレジスト,Veste Bataille R
595,ヒプノルータスーツ,
596,ヒプノルータベスト,
597,ガルーダスーツ,Combinaison Garuda
598,ガルーダベスト【天】,Gilet Garuda [天]
599,ファミ通Ｔシャツ,
600,ファミ通ＴシャツＦ,
601,エクストラＦベスト,
602,パピメルＬペット,
603,ヒプノＲメイル,Cotte Hypnoc R
604,ディジギアメイル,Cotte Digi
605,プリエールメイル,Cotte Priere
606,サルバシオンメイル,Cotte Salvacion
607,シカリの胴当て,
608,シカリの胴当て・魁,
609,Ｇ・ガードＲスーツ蒼,
610,アルマベスト・黒,Gilet Alma noir
611,アルマスーツ・黒,Combinaison Alma noire
612,アルマベスト・白,Gilet Alma blanc
613,アルマスーツ・白,Combinaison Alma blanche
614,アルマベスト・青,Gilet Alma bleu
615,アルマスーツ・青,Combinaison Alma bleue
616,アルマベスト・茶,Gilet Alma brun
617,アルマスーツ・茶,Combinaison Alma brune
618,オルデンベスト,Gilet Orden
619,オルデンスーツ,Combinaison Orden
620,アルマＦベスト・黒,Gilet Alma F noir
621,アルマＦスーツ・黒,Combinaison Alma F noire
622,アルマＦベスト・白,Gilet Alma F blanc
623,アルマＦスーツ・白,Combinaison Alma F blanche
624,アルマＦベスト・青,Gilet Alma F bleu
625,アルマＦスーツ・青,Combinaison Alma F bleue
626,アルマＦベスト・茶,Gilet Alma F brun
627,アルマＦスーツ・茶,Combinaison Alma F brune
628,オルデンＦベスト,Gilet Orden F
629,オルデンＦスーツ,Combinaison Orden F
630,エス・クェラスーツ,Combinaison Es
631,エス・クェラベスト,Gilet Es
632,パンデウムスーツ,Combinaison Pandeum
633,パンデウムベスト,Gilet Pandeum
634,しろねこ服Ｆスーツ,
635,デスギアＬムスケル,
636,クロオビＬメイル,
637,バトルＬメイル,Cotte Bataille L
638,レックスＬメイル,Cotte Tigrex L
639,フルフルＲメイル,Cotte Khezu R
640,リオソウルＲメイル,Cotte Rath R
641,ギアノスＲメイル,Cotte Giaprey R
642,Ｇ・ガードＲスーツ蒼,
643,フルフルＬレジスト,Veste Khezu L
644,イーオスＲレジスト,Veste Ioprey R
645,ガルーダベスト【地】,Gilet Garuda [地]
646,プロクスメイル,Cotte Purokusu
647,プロクスＦメイル,Cotte Purokusu F
648,クレネスメイル,Cotte Kurenesu
649,クレネスＦメイル,Cotte Kurenesu F
650,スィーニメイル,Cotte Suini
651,スィーニＦメイル,Cotte Suini F
652,グラースレジスト,Veste Guraasu
653,グラースＦレジスト,Veste Guraasu F
654,フォルトゥメイル,Cotte Forutu
655,フォルトゥＦメイル,Cotte Forutu F
656,ファキルメイル,Cotte Fakiru
657,ファキルＦメイル,Cotte Fakiru F
658,バラバンメイル,Cotte Baraban
659,バラバンＦメイル,Cotte Baraban F
660,スフェラレジスト,Veste Sufera
661,スフェラＦレジスト,Veste Sufera F
662,パリアメイル,Cotte Paria
663,パリアＦメイル,Cotte Paria F
664,パリアレジスト,Veste Paria
665,パリアＦレジスト,Veste Paria F
666,ヒプノリアスーツ,Combinaison Hypnolia
667,ヒプノリアベスト,Gilet Hypnolia
668,フィアラルスーツ,Combinaison Féral
669,フィアラルベスト,Gilet Féral
670,鬼神ノ肩鎧,
671,ラスタ教官胴,
672,童子ノ肩鎧,
673,ダミー,
674,イクスベスト・白,Gilet Ix blanc
675,イクスＦベスト・白,Gilet Ix F blanc
676,イクススーツ・白,Combinaison Ix blanche
677,イクスＦスーツ・白,Combinaison Ix F blanche
678,イクスベスト・赤,Gilet Ix rouge
679,イクスＦベスト・赤,Gilet Ix F rouge
680,イクススーツ・赤,Combinaison Ix rouge
681,イクスＦスーツ・赤,Combinaison Ix F rouge
682,イクスベスト・青,Gilet Ix bleu
683,イクスＦベスト・青,Gilet Ix F bleu
684,イクススーツ・青,Combinaison Ix bleue
685,イクスＦスーツ・青,Combinaison Ix F bleue
686,イクスベスト・黒,Gilet Ix noir
687,イクスＦベスト・黒,Gilet Ix F noir
688,イクススーツ・黒,Combinaison Ix noire
689,イクスＦスーツ・黒,Combinaison Ix F noire
690,トランスベスト,Gilet Transe
691,トランスＦベスト,Gilet Transe F
692,トランススーツ,Combinaison Transe
693,トランスＦスーツ,Combinaison Transe F
694,ミヅハ【胸当】SP青,
695,ミヅハ【胸当】SP赤,
696,ミヅハ【胸当】SP黄,
697,トヨタマ【胸当】SP青,
698,トヨタマ【胸当】SP赤,
699,トヨタマ【胸当】SP黄,
700,暁丸【胴当て】SP赤,
701,暁丸【胴当て】SP紫,
702,暁丸【胴当て】SP白,
703,凛【胸当て】SP黒,
704,凛【胸当て】SP紫,
705,凛【胸当て】SP白,
706,ハンターＬメイル,Cotte Hunter's L
707,キリンＬベスト,Gilet Kirin L
708,モノブロスＬメイル,Cotte Monoblos L
709,ディアブロＬメイル,Cotte Diablos L
710,グラビドＬメイル,Cotte Gravios L
711,ランゴＬメイル,Cotte Vespoid L
712,バサルＲメイル,Cotte Basarios R
713,Ｇ・ガードＲベスト蒼,
714,Ｇ・ガードＲベスト蒼,
715,モノデビルＲメイル,Cotte Monodevil R
716,タロスＲメイル,Cotte Hornetaur R
717,ギザミＲメイル,Cotte Ceanataur R
718,ブランゴＬレジスト,Veste Blango L
719,ガノスＬレジスト,Veste Plesioth L
720,フルフルＲレジスト,Veste Khezu R
721,グラビドＲレジスト,Veste Gravios R
722,ヴァイスムスケル,
723,ヴァイスケミュート,
724,エスピナＲムスケル,
725,レックスＬレジスト,Veste Tigrex L
726,ガンズスーツ,Combinaison Guns
727,ワイルドスーツ,Combinaison Sauvage
728,ガンズベスト,Gilet Guns
729,ワイルドベスト,Gilet Sauvage
730,エコールスーツ,Combinaison Ecole
731,ディアンスーツ,Combinaison Dian
732,エコールベスト,Gilet Ecole
733,ディアンベスト,Gilet Dian
734,ＣｏｒｅメイルＣ,
735,ＣｏｒｅレジストＣ,
736,Ｃｏｒｅメイル,Cotte Core
737,Ｃｏｒｅレジスト,Veste Core
738,アネシスメイル,Cotte Aneshisu
739,アネシスレジスト,Veste Aneshisu
740,クラージメイル,Cotte Kuraaji
741,クラージメイル改,
742,クラージＦメイル,Cotte Kuraaji F
743,クラージレジスト,Veste Kuraaji
744,クラージレジスト改,
745,クラージＦレジスト,Veste Kuraaji F
746,キノスメイル,Cotte Kinosu
747,ヒメロスメイル,Cotte Himeros
748,ブレシスメイル,Cotte Bureshisu
749,カリエンレジスト,Veste Charien
750,アリエッタスーツ,Combinaison Arietta
751,テンペストスーツ,Combinaison Tempête
752,ヴェントベスト,Gilet Vento
753,ミストラルベスト,
754,アークメイル,
755,アークレジスト,
756,リオデュオメイル,Cotte Rath
757,リオデュオレジスト,Veste Rath
758,シャランベスト・青,Gilet Sharan bleu
759,シャランＦベスト・青,Gilet Sharan F bleu
760,シャランスーツ・青,Combinaison Sharan bleue
761,シャランＦスーツ・青,Combinaison Sharan F bleue
762,シャランベスト・緑,Gilet Sharan vert
763,シャランＦベスト・緑,Gilet Sharan F vert
764,シャランスーツ・緑,Combinaison Sharan verte
765,シャランＦスーツ・緑,Combinaison Sharan F verte
766,シャランベスト・紫,Gilet Sharan violet
767,シャランＦベスト・紫,Gilet Sharan F violet
768,シャランスーツ・紫,Combinaison Sharan violette
769,シャランＦスーツ・紫,Combinaison Sharan F violette
770,シャランベスト・白,Gilet Sharan blanc
771,シャランＦベスト・白,Gilet Sharan F blanc
772,シャランスーツ・白,Combinaison Sharan blanche
773,シャランＦスーツ・白,Combinaison Sharan F blanche
774,ルクスベスト,
775,ルクスＦベスト,
776,ルクススーツ,
777,ルクスＦスーツ,
778,レアルメイル・白,Cotte Real blanche
779,レアルＦメイル・白,Cotte Real F blanche
780,レアルスーツ・白,Combinaison Real blanche
781,レアルＦスーツ・白,Combinaison Real F blanche
782,レアルメイル・金,Cotte Real dorée
783,レアルＦメイル・金,Cotte Real F dorée
784,レアルスーツ・金,Combinaison Real dorée
785,レアルＦスーツ・金,Combinaison Real F dorée
786,レアルメイル・青,Cotte Real bleue
787,レアルＦメイル・青,Cotte Real F bleue
788,レアルスーツ・青,Combinaison Real bleue
789,レアルＦスーツ・青,Combinaison Real F bleue
790,レアルメイル・赤,Cotte Real rouge
791,レアルＦメイル・赤,Cotte Real F rouge
792,レアルスーツ・赤,Combinaison Real rouge
793,レアルＦスーツ・赤,Combinaison Real F rouge
794,レギスメイル,Cotte Regis
795,レギスＦメイル,Cotte Regis F
796,レギススーツ,Combinaison Regis
797,レギスＦスーツ,Combinaison Regis F
798,コムラドメイル【葉】,Cotte Camarade [葉]
799,コムラドメイル【柑】,Cotte Camarade [柑]
800,コムラドメイル【冷】,Cotte Camarade [冷]
801,ギザミレジストSP赤,
802,ギザミレジストSP黒,
803,ギザミレジストSP黄,
804,ガブラスボディSP白,
805,ガブラスボディSP黄,
806,ガブラスボディSP黒,
807,Ｇ・ナイトベストSP赤,
808,Ｇ・ナイトベストSP青,
809,Ｇ・ナイトベストSP紫,
810,ＰＶベストSP赤,
811,ＰＶベストSP青,
812,ＰＶベストSP紫,
813,ザザミＬメイル,Cotte Hermitaur L
814,ハイメタＬメイル,
815,スティールＬメイル,Cotte Acier L
816,ラヴァＬメイル,Cotte Lavasioth L
817,ボーンＬメイル,Cotte Os L
818,タロスＬメイル,Cotte Hornetaur L
819,Ｇ・ガードＲスーツ紅,
820,Ｇ・ガードＲスーツ紅,
821,ヘルパーＲベスト,Gilet Assistant R
822,バトルＲメイル,Cotte Bataille R
823,ガレオスＲメイル,Cotte Cephalos R
824,ボーンＲメイル,Cotte Os R
825,イーオスＬレジスト,Veste Ioprey L
826,ギザミＬレジスト,Veste Ceanataur L
827,リオハートＲレジスト,Veste Rath R
828,ボーンＲレジスト,Veste Os R
829,ブランジャケット,
830,シロオビメイル,
831,神楽【胴当て】,
832,神楽・覇【胴当て】,
833,神座【胸当て】,
834,神座・覇【胸当て】,
835,アスハルテメイル,Cotte Ashalt
836,アスハルテスーツ,Combinaison Ashalt
837,ロークメイル,
838,ロークレジスト,
839,ソルダートメイル,Cotte Soldato
840,ゲイブルメイル,
841,ソルダートスーツ,Combinaison Soldato
842,ゲイブルスーツ,
843,ウィダメイル,Cotte Uida
844,スティーダメイル,
845,ウィダスーツ,Combinaison Uida
846,スティーダスーツ,
847,アグリアスーツ,Combinaison Agria
848,フラウアスーツ,Combinaison Fleur
849,アグリアベスト,Gilet Agria
850,フラウアベスト,Gilet Fleur
851,フォーヴスーツ,Combinaison Fauve
852,フィアススーツ,Combinaison Fias
853,フォーヴベスト,Gilet Fauve
854,フィアスベスト,Gilet Fias
855,フィデルメイル,
856,フィデルＦメイル,
857,ファクトメイル,
858,ファクトＦメイル,
859,シュロスメイル,
860,シュロスＦメイル,
861,アエトスレジスト,
862,アエトスＦレジスト,
863,ヴェルスメイル,
864,ヴェルスＦメイル,
865,フラントメイル,
866,フラントＦメイル,
867,セリューメイル,Cotte Serieux
868,セリューＦメイル,Cotte Serieux F
869,ウェネスレジスト,
870,ウェネスＦレジスト,
871,フェルムメイル・黒,Cotte Ferm noire
872,フェルムＦメイル・黒,Cotte Ferm F noire
873,フェルムスーツ・黒,Combinaison Ferm noire
874,フェルムＦスーツ・黒,Combinaison Ferm F noire
875,フェルムメイル・赤,Cotte Ferm rouge
876,フェルムＦメイル・赤,Cotte Ferm F rouge
877,フェルムスーツ・赤,Combinaison Ferm rouge
878,フェルムＦスーツ・赤,Combinaison Ferm F rouge
879,フェルムメイル・白,Cotte Ferm blanche
880,フェルムＦメイル・白,Cotte Ferm F blanche
881,フェルムスーツ・白,Combinaison Ferm blanche
882,フェルムＦスーツ・白,Combinaison Ferm F blanche
883,フェルムメイル・青,Cotte Ferm bleue
884,フェルムＦメイル・青,Cotte Ferm F bleue
885,フェルムスーツ・青,Combinaison Ferm bleue
886,フェルムＦスーツ・青,Combinaison Ferm F bleue
887,リエーザメイル,
888,リエーザＦメイル,
889,リエーザスーツ,
890,リエーザＦスーツ,
891,クレールベスト・紫,Gilet Clair violet
892,クレールＦベスト・紫,Gilet Clair F violet
893,クレールスーツ・紫,Combinaison Clair violette
894,クレールＦスーツ・紫,Combinaison Clair F violette
895,クレールベスト・水,
896,クレールＦベスト・水,
897,クレールスーツ・水,
898,クレールＦスーツ・水,
899,クレールベスト・赤,Gilet Clair rouge
900,クレールＦベスト・赤,Gilet Clair F rouge
901,クレールスーツ・赤,Combinaison Clair rouge
902,クレールＦスーツ・赤,Combinaison Clair F rouge
903,クレールベスト・黒,Gilet Clair noir
904,クレールＦベスト・黒,Gilet Clair F noir
905,クレールスーツ・黒,Combinaison Clair noire
906,クレールＦスーツ・黒,Combinaison Clair F noire
907,デゼールベスト,Gilet Désert
908,デゼールＦベスト,Gilet Désert F
909,デゼールスーツ,Combinaison Désert
910,デゼールＦスーツ,Combinaison Désert F
911,エンプレスメイルSP赤,
912,エンプレスメイルSP黄,
913,エンプレスメイルSP紫,
914,エンプレススーツSP赤,
915,エンプレススーツSP黄,
916,エンプレススーツSP紫,
917,ランゴメイルSP黄,
918,ランゴメイルSP黒,
919,ランゴメイルSP青,
920,コムラダＬメイル・赤,Cotte Comrada L rouge
921,コムラダＬメイル・青,Cotte Comrada L bleue
922,コムラダＬメイル・緑,Cotte Comrada L verte
923,コムラダＬメイル・橙,Cotte Comrada L orange
924,コムラダＲメイル・赤,Cotte Comrada R rouge
925,コムラダＲメイル・青,Cotte Comrada R bleue
926,コムラダＲメイル・緑,Cotte Comrada R verte
927,コムラダＲメイル・橙,Cotte Comrada R orange
928,バトルＬレジスト,Veste Bataille L
929,グラビドＬレジスト,Veste Gravios L
930,ハンターＲレジスト,Veste Hunter's R
931,ランゴＲレジスト,Veste Vespoid R
932,チャチャブルング,
933,チャチャブルンガ,
934,チャチャブロエ,
935,チャチャブリダ,
936,ヴィリヴラメイル,
937,アングリフメイル,Cotte Angriff
938,ヴィリヴラスーツ,
939,アングリフスーツ,Combinaison Angriff
940,シュッツメイル,Cotte Schutz
941,ヒルフェメイル,Cotte Hilfe
942,シュッツスーツ,Combinaison Schutz
943,ヒルフェスーツ,Combinaison Hilfe
944,マカルパＲペプラム,
945,ラヴィメイル,Cotte Raviente
946,ラヴィＦメイル,Cotte Raviente F
947,ラヴィFXメイル,Cotte Raviente FX
948,ラヴィレジスト,Veste Raviente
949,ラヴィＦレジスト,Veste Raviente F
950,ラヴィFXレジスト,Veste Raviente FX
951,アナキジャケット,
952,アナキスーツ,
953,ハーヴェストメイル,Cotte Moisson
954,ハーヴェストレジスト,Veste Moisson
955,クラフトメイル,
956,クラフトＦメイル,
957,クラフトレジスト,
958,クラフトＦレジスト,
959,ルディアメイル,Cotte Ledia
960,ルディアＦメイル,Cotte Ledia F
961,ルディアレジスト,Veste Ledia
962,ルディアＦレジスト,Veste Ledia F
963,ティーアスーツ,
964,ヴィルトスーツ,Combinaison Viruto
965,ティーアベスト,
966,ヴィルトベスト,Gilet Viruto
967,ミューズスーツ,
968,テューンスーツ,
969,ゼーレベスト,
970,シュナイトベスト,Gilet Schnite
971,アセルスベスト,
972,アセルスＦベスト,
973,スクラベスト,
974,スクラＦベスト,
975,ファルムベスト,
976,ファルムＦベスト,
977,ディゼルスーツ,
978,ディゼルＦスーツ,
979,スディブベスト,
980,スディブＦベスト,
981,フィブラベスト,
982,フィブラＦベスト,
983,リガスベスト,
984,リガスＦベスト,
985,ミーツェスーツ,
986,ミーツェＦスーツ,
987,メレティベスト・白,Gilet Meleti blanc
988,メレティＦベスト・白,Gilet Meleti F blanc
989,メレティスーツ・白,Combinaison Meleti blanche
990,メレティＦスーツ・白,Combinaison Meleti F blanche
991,メレティベスト・赤,Gilet Meleti rouge
992,メレティＦベスト・赤,Gilet Meleti F rouge
993,メレティスーツ・赤,Combinaison Meleti rouge
994,メレティＦスーツ・赤,Combinaison Meleti F rouge
995,メレティベスト・青,Gilet Meleti bleu
996,メレティＦベスト・青,Gilet Meleti F bleu
997,メレティスーツ・青,Combinaison Meleti bleue
998,メレティＦスーツ・青,Combinaison Meleti F bleue
999,メレティベスト・黒,Gilet Meleti noir
1000,メレティＦベスト・黒,Gilet Meleti F noir
1001,メレティスーツ・黒,Combinaison Meleti noire
1002,メレティＦスーツ・黒,Combinaison Meleti F noire
1003,ゲレールベスト,
1004,ゲレールＦベスト,
1005,レーラーベスト,
1006,レーラーＦベスト,
1007,フェサーベスト,
1008,フェサーＦベスト,
1009,シアンススーツ,
1010,シアンスＦスーツ,
1011,ゴルトメイル・赤,Cotte Gold rouge
1012,ゴルトＦメイル・赤,Cotte Gold F rouge
1013,ゴルトスーツ・赤,Combinaison Gold rouge
1014,ゴルトＦスーツ・赤,Combinaison Gold F rouge
1015,ゴルトメイル・青,Cotte Gold bleue
1016,ゴルトＦメイル・青,Cotte Gold F bleue
1017,ゴルトスーツ・青,Combinaison Gold bleue
1018,ゴルトＦスーツ・青,Combinaison Gold F bleue
1019,ゴルトメイル・黄,Cotte Gold jaune
1020,ゴルトＦメイル・黄,Cotte Gold F jaune
1021,ゴルトスーツ・黄,Combinaison Gold jaune
1022,ゴルトＦスーツ・黄,Combinaison Gold F jaune
1023,ゴルトメイル・紫,Cotte Gold violette
1024,ゴルトＦメイル・紫,Cotte Gold F violette
1025,ゴルトスーツ・紫,Combinaison Gold violette
1026,ゴルトＦスーツ・紫,Combinaison Gold F violette
1027,シデロメイル,
1028,シデロＦメイル,
1029,オールメイル,
1030,オールＦメイル,
1031,メタロメイル,
1032,メタロＦメイル,
1033,アルジャスーツ,
1034,アルジャＦスーツ,
1035,エスピナFXムスケル,
1036,エスピナFXケミュート,
1037,,
1038,エクストメイル,
1039,エクストメイルＣ,
1040,エクストレジスト,
1041,エクストレジストＣ,
1042,デスギアムスケルSP白,
1043,デスギアムスケルSP赤,
1044,デスギアムスケルSP青,
1045,ディアブロメイルSP紫,
1046,ディアブロメイルSP青,
1047,ディアブロメイルSP黄,
1048,マカルパペプラムSP緑,
1049,マカルパペプラムSP青,
1050,マカルパペプラムSP黒,
1051,ドラゴンＬスキン,
1052,キリンＬケープ,
1053,ザザミＬレジスト,Veste Hermitaur L
1054,ボーンＬレジスト,Veste Os L
1055,ランゴＬレジスト,Veste Vespoid L
1056,ディアブロＬレジスト,Veste Diablos L
1057,Ｇ・ガードＲベスト紅,
1058,Ｇ・ガードＲベスト紅,
1059,タロスＲレジスト,Veste Hornetaur R
1060,ハイメタＲレジスト,
1061,リオソウルＲレジスト,Veste Rath R
1062,ブランゴＬメイル,Cotte Blango L
1063,ガノスＬメイル,Cotte Plesioth L
1064,グラビドＲメイル,Cotte Gravios R
1065,イーオスＲメイル,Cotte Ioprey R
1066,稲荷【胴当て】,
1067,稲荷・覇【胴当て】,
1068,玉藻【胸当て】,
1069,玉藻・覇【胸当て】,
1070,コカロメイル,
1071,コカロレジスト,
1072,シエリーメイル,Cotte Shieri
1073,シエリーＦメイル,Cotte Shieri F
1074,シエリーレジスト,Veste Shieri
1075,シエリーＦレジスト,Veste Shieri F
1076,ハルバダーメイル,Cotte Harubadaa
1077,ハルバダーＦメイル,Cotte Harubadaa F
1078,トラッカーレジスト,Veste Traqueur
1079,トラッカーＦレジスト,Veste Traqueur F
1080,ザーカーメイル,Cotte Zaakaa
1081,ザーカーＦメイル,Cotte Zaakaa F
1082,チェイサーレジスト,Veste Poursuivant
1083,チェイサーＦレジスト,Veste Poursuivant F
1084,ロイヤルメイル,
1085,ロイヤルＦメイル,
1086,ロードレジスト,
1087,ロードＦレジスト,
1088,ディクトスーツ,Combinaison Dicto
1089,ディクトＦスーツ,Combinaison Dicto F
1090,ディレットベスト,Gilet Diletto
1091,ディレットＦベスト,Gilet Diletto F
1092,クリュススーツ,Combinaison Kruss
1093,クリュスＦスーツ,Combinaison Kruss F
1094,クォートベスト,
1095,クォートＦベスト,
1096,ウルバヌメイル,
1097,ウルバヌＦメイル,
1098,マグヌスメイル,
1099,マグヌスＦメイル,
1100,ソレルスメイル,
1101,ソレルスＦメイル,
1102,パルフェスーツ,
1103,パルフェＦスーツ,
1104,アスティメイル,
1105,アスティＦメイル,
1106,アガトンメイル,
1107,アガトンＦメイル,
1108,ランプロメイル,
1109,ランプロＦメイル,
1110,ソフィススーツ,
1111,ソフィスＦスーツ,
1112,アリストベスト・青,Gilet Aristo bleu
1113,アリストＦベスト・青,Gilet Aristo F bleu
1114,アリストスーツ・青,Combinaison Aristo bleue
1115,アリストＦスーツ・青,Combinaison Aristo F bleue
1116,アリストベスト・白,Gilet Aristo blanc
1117,アリストＦベスト・白,Gilet Aristo F blanc
1118,アリストスーツ・白,Combinaison Aristo blanche
1119,アリストＦスーツ・白,Combinaison Aristo F blanche
1120,アリストベスト・紫,Gilet Aristo violet
1121,アリストＦベスト・紫,Gilet Aristo F violet
1122,アリストスーツ・紫,Combinaison Aristo violette
1123,アリストＦスーツ・紫,Combinaison Aristo F violette
1124,アリストベスト・赤,Gilet Aristo rouge
1125,アリストＦベスト・赤,Gilet Aristo F rouge
1126,アリストスーツ・赤,Combinaison Aristo rouge
1127,アリストＦスーツ・赤,Combinaison Aristo F rouge
1128,ビリスベスト,
1129,ビリスＦベスト,
1130,ギエールベスト,
1131,ギエールＦベスト,
1132,カウントベスト,
1133,カウントＦベスト,
1134,フュルススーツ,
1135,フュルスＦスーツ,
1136,テクストベスト・紫,Gilet Texte violet
1137,テクストＦベスト・紫,Gilet Texte F violet
1138,テクストスーツ・紫,Combinaison Texte violette
1139,テクストＦスーツ・紫,Combinaison Texte F violette
1140,テクストベスト・緑,Gilet Texte vert
1141,テクストＦベスト・緑,Gilet Texte F vert
1142,テクストスーツ・緑,Combinaison Texte verte
1143,テクストＦスーツ・緑,Combinaison Texte F verte
1144,テクストベスト・青,Gilet Texte bleu
1145,テクストＦベスト・青,Gilet Texte F bleu
1146,テクストスーツ・青,Combinaison Texte bleue
1147,テクストＦスーツ・青,Combinaison Texte F bleue
1148,テクストベスト・黒,Gilet Texte noir
1149,テクストＦベスト・黒,Gilet Texte F noir
1150,テクストスーツ・黒,Combinaison Texte noire
1151,テクストＦスーツ・黒,Combinaison Texte F noire
1152,パスマベスト,
1153,パスマＦベスト,
1154,フィーブルベスト,
1155,フィーブルＦベスト,
1156,ヴァラクベスト,
1157,ヴァラクＦベスト,
1158,ネウロンスーツ,
1159,ネウロンＦスーツ,
1160,アージェベスト,Gilet Arge
1161,アージェＦベスト,Gilet Arge F
1162,アージェスーツ,Combinaison Arge
1163,アージェＦスーツ,Combinaison Arge F
1164,アカムトウルンテSP黒,
1165,アカムトウルンテSP赤,
1166,アカムトウルンテSP白,
1167,アカムトウルンペSP黒,
1168,アカムトウルンペSP赤,
1169,アカムトウルンペSP白,
1170,グラビドメイルSP黒,
1171,グラビドメイルSP青,
1172,グラビドメイルSP赤,
1173,コンガＬレジスト,Veste Conga L
1174,ハンターＬレジスト,Veste Hunter's L
1175,ランポスＬレジスト,Veste Velociprey L
1176,タロスＬレジスト,Veste Hornetaur L
1177,ハイメタＬレジスト,
1178,ゲネポスＬレジスト,Veste Genprey L
1179,ゲネポスＲレジスト,Veste Genprey R
1180,クックＲレジスト,Veste Kut-Ku R
1181,バサルＲレジスト,Veste Basarios R
1182,ガレオスＲレジスト,Veste Cephalos R
1183,ガノスＲレジスト,Veste Plesioth R
1184,ゲリョスＲレジスト,Veste Gypceros R
1185,ドラゴンＬハイド,
1186,ランポスＬメイル,Cotte Velociprey L
1187,ランゴＲメイル,Cotte Vespoid R
1188,クックＲメイル,Cotte Kut-Ku R
1189,アクラFXメイル,Cotte Akura FX
1190,アクラFXレジスト,Veste Akura FX
1191,アクラFXメイル黄,Cotte Akura FX jaune
1192,アクラFXレジスト黄,Veste Akura FX jaune
1193,アクラFXメイル蒼,Cotte Akura FX azur
1194,アクラFXレジスト蒼,Veste Akura FX azur
1195,アクラFXメイル紅,Cotte Akura FX cramoisie
1196,アクラFXレジスト紅,Veste Akura FX cramoisie
1197,アスールＦジャケット,
1198,アスールＦスーツ,Combinaison Azul F
1199,ダミー,
1200,ダミー,
1201,ダミー,
1202,ダミー,
1203,ダミー,
1204,ダミー,
1205,ダミー,
1206,ダミー,
1207,ダミー,
1208,ダミー,
1209,ダミー,
1210,ダミー,
1211,ダミー,
1212,ダミー,
1213,ダミー,
1214,ダミー,
1215,ダミー,
1216,ダミー,
1217,ダミー,
1218,ダミー,
1219,ダミー,
1220,ダミー,
1221,ダミー,
1222,ダミー,
1223,ダミー,
1224,ダミー,
1225,ダミー,
1226,ダミー,
1227,ダミー,
1228,ダミー,
1229,ベルドラメイル,
1230,ベルドラレジスト,
1231,ディールジャケット,
1232,ディールＦジャケット,
1233,ディールスーツ,Combinaison Diru
1234,ディールＦスーツ,Combinaison Diru F
1235,スフィアベスト,Gilet Sufia
1236,スフィアＦベスト,Gilet Sufia F
1237,スフィアスーツ,Combinaison Sufia
1238,スフィアＦスーツ,Combinaison Sufia F
1239,スタリナスーツ,Combinaison Starina
1240,スタリナＦスーツ,Combinaison Starina F
1241,スタリナベスト,Gilet Starina
1242,スタリナＦベスト,Gilet Starina F
1243,ルーススーツ,
1244,ルースＦスーツ,
1245,ルースベスト,
1246,ルースＦベスト,
1247,レイジメイル,Cotte Rage
1248,レイジＦメイル,Cotte Rage F
1249,レイジスーツ,Combinaison Rage
1250,レイジＦスーツ,Combinaison Rage F
1251,ランページメイル,Cotte Déchaînement
1252,ランページＦメイル,Cotte Déchaînement F
1253,ランページスーツ,Combinaison Déchaînement
1254,ランページＦスーツ,Combinaison Déchaînement F
1255,ブレイズメイル,Cotte Brasier
1256,ブレイズＦメイル,Cotte Brasier F
1257,ブレイズスーツ,Combinaison Brasier
1258,ブレイズＦスーツ,Combinaison Brasier F
1259,ファランメイル・白,Cotte Faran blanche
1260,ファランＦメイル・白,Cotte Faran F blanche
1261,ファランスーツ・白,Combinaison Faran blanche
1262,ファランＦスーツ・白,Combinaison Faran F blanche
1263,ファランメイル・黒,Cotte Faran noire
1264,ファランＦメイル・黒,Cotte Faran F noire
1265,ファランスーツ・黒,Combinaison Faran noire
1266,ファランＦスーツ・黒,Combinaison Faran F noire
1267,ファランメイル・赤,Cotte Faran rouge
1268,ファランＦメイル・赤,Cotte Faran F rouge
1269,ファランスーツ・赤,Combinaison Faran rouge
1270,ファランＦスーツ・赤,Combinaison Faran F rouge
1271,ファランメイル・青,Cotte Faran bleue
1272,ファランＦメイル・青,Cotte Faran F bleue
1273,ファランスーツ・青,Combinaison Faran bleue
1274,ファランＦスーツ・青,Combinaison Faran F bleue
1275,きんねこ服Ｆベスト,
1276,きんねこ服Ｆスーツ,
1277,ぎんねこ服スーツ,
1278,ぎんねこ服Ｆベスト,
1279,ぎんねこ服Ｆスーツ,
1280,ヴィンスーツ,
1281,ヴィンＦスーツ,
1282,ヴァンデスーツ,
1283,ヴァンデＦスーツ,
1284,デスモスーツ,
1285,デスモＦスーツ,
1286,ミスクベスト,
1287,ミスクＦベスト,
1288,ウーズィスーツ,
1289,ウーズィＦスーツ,
1290,レガーメスーツ,
1291,レガーメＦスーツ,
1292,ノットスーツ,
1293,ノットＦスーツ,
1294,ラソスベスト,
1295,ラソスＦベスト,
1296,レックスメイルSP黒,
1297,レックスメイルSP白,
1298,レックスメイルSP紫,
1299,モノブロスメイルSP黄,
1300,モノブロスメイルSP緑,
1301,モノブロスメイルSP白,
1302,フルフルレジストSP黒,
1303,フルフルレジストSP緑,
1304,フルフルレジストSP青,
1305,ヒプノＬレジスト,Veste Hypnoc L
1306,ラヴァＬレジスト,Veste Lavasioth L
1307,パピメルＬペクトス,
1308,ガレオスＬレジスト,Veste Cephalos L
1309,レイアＬレジスト,Veste Rathian L
1310,クックＬレジスト,Veste Kut-Ku L
1311,忍の装束・Ｒ,
1312,レザーライトＲメイル,Cotte Cuir R
1313,エスピナＲケミュート,
1314,ビストロＲベスト,
1315,アクラＲレジスト,Veste Akura R
1316,アクラＲレジスト黄,Veste Akura R jaune
1317,アクラＲレジスト蒼,Veste Akura R azur
1318,アクラＲレジスト紅,Veste Akura R cramoisie
1319,ラヴァＲレジスト,Veste Lavasioth R
1320,オウビートＬペット,
1321,ゲネポスＬメイル,Cotte Genprey L
1322,スティールＲメイル,Cotte Acier R
1323,アクラＲメイル,Cotte Akura R
1324,アクラＲメイル黄,Cotte Akura R jaune
1325,アクラＲメイル蒼,Cotte Akura R azur
1326,アクラＲメイル紅,Cotte Akura R cramoisie
1327,稲荷・FX【胴当て】,
1328,玉藻・FX【胸当て】,
1329,エクエスFXメイル,Cotte Eques FX
1330,エクエスFXレジスト,Veste Eques FX
1331,ノワールＦジャケット,
1332,ヒメロスＦメイル,Cotte Himeros F
1333,ブレシスＦメイル,Cotte Bureshisu F
1334,カリエンＦレジスト,Veste Charien F
1335,グレンメイル,Cotte Guren
1336,グレンＦメイル,Cotte Guren F
1337,グレンレジスト,Veste Guren
1338,グレンＦレジスト,Veste Guren F
1339,ガーネットメイル,Cotte Grenat
1340,ガーネットＦメイル,Cotte Grenat F
1341,ガーネットFXメイル,Cotte Grenat FX
1342,アメジストメイル,Cotte Améthyste
1343,アメジストＦメイル,Cotte Améthyste F
1344,アメジストFXメイル,Cotte Améthyste FX
1345,コーラルメイル,Cotte Corail
1346,コーラルＦメイル,Cotte Corail F
1347,コーラルFXメイル,Cotte Corail FX
1348,クォーツメイル,
1349,クォーツＦメイル,
1350,クォーツFXメイル,
1351,ルビーメイル,
1352,ルビーＦメイル,
1353,ルビーFXメイル,
1354,サファイアメイル,Cotte Saphir
1355,サファイアＦメイル,Cotte Saphir F
1356,サファイアFXメイル,Cotte Saphir FX
1357,エメラルドメイル,
1358,エメラルドＦメイル,
1359,エメラルドFXメイル,
1360,パールメイル,
1361,パールＦメイル,
1362,パールFXメイル,
1363,トパーズレジスト,Veste Topaze
1364,トパーズＦレジスト,Veste Topaze F
1365,トパーズFXレジスト,Veste Topaze FX
1366,トルマリンレジスト,
1367,トルマリンＦレジスト,
1368,トルマリンFXレジスト,
1369,ラピスレジスト,Veste Lapis
1370,ラピスＦレジスト,Veste Lapis F
1371,ラピスFXレジスト,Veste Lapis FX
1372,ベルFXメイル,Cotte Beru FX
1373,ベルFXレジスト,Veste Beru FX
1374,アプカルＦメイル,Cotte Apkallu F
1375,アプカルＦレジスト,Veste Apkallu F
1376,ミクセスメイル,Cotte Mixes
1377,ミクセスＦメイル,Cotte Mixes F
1378,ミクセスレジスト,Veste Mixes
1379,ミクセスＦレジスト,Veste Mixes F
1380,アトラメイル,Cotte Atra
1381,アトラＦメイル,Cotte Atra F
1382,アトラレジスト,Veste Atra
1383,アトラＦレジスト,Veste Atra F
1384,ミラドスーツ,Combinaison Mirado
1385,ミラドＦスーツ,Combinaison Mirado F
1386,ミラドベスト,Gilet Mirado
1387,ミラドＦベスト,Gilet Mirado F
1388,デュールメイル,Cotte Deyuru
1389,デュールＦメイル,Cotte Deyuru F
1390,デュールレジスト,Veste Deyuru
1391,デュールＦレジスト,Veste Deyuru F
1392,クルシッドメイル,
1393,クルシッドＦメイル,
1394,ヴェロシメイル,
1395,ヴェロシＦメイル,
1396,ケプトメイル,
1397,ケプトＦメイル,
1398,ハウットスーツ,
1399,ハウットＦスーツ,
1400,ヴェンガメイル,
1401,ヴェンガＦメイル,
1402,スプリンメイル,
1403,スプリンＦメイル,
1404,マシャルメイル,
1405,マシャルＦメイル,
1406,ペンブルスーツ,
1407,ペンブルＦスーツ,
1408,リゲリアメイル・白,Cotte Ligeria blanche
1409,リゲリアＦメイル・白,Cotte Ligeria F blanche
1410,リゲリアスーツ・白,Combinaison Ligeria blanche
1411,リゲリアＦスーツ・白,Combinaison Ligeria F blanche
1412,リゲリアメイル・赤,Cotte Ligeria rouge
1413,リゲリアＦメイル・赤,Cotte Ligeria F rouge
1414,リゲリアスーツ・赤,Combinaison Ligeria rouge
1415,リゲリアＦスーツ・赤,Combinaison Ligeria F rouge
1416,リゲリアメイル・緑,Cotte Ligeria verte
1417,リゲリアＦメイル・緑,Cotte Ligeria F verte
1418,リゲリアスーツ・緑,Combinaison Ligeria verte
1419,リゲリアＦスーツ・緑,Combinaison Ligeria F verte
1420,リゲリアメイル・青,Cotte Ligeria bleue
1421,リゲリアＦメイル・青,Cotte Ligeria F bleue
1422,リゲリアスーツ・青,Combinaison Ligeria bleue
1423,リゲリアＦスーツ・青,Combinaison Ligeria F bleue
1424,ゴラエスメイル,
1425,ゴラエスＦメイル,
1426,バシリスメイル,
1427,バシリスＦメイル,
1428,インジンメイル,
1429,インジンＦメイル,
1430,デクスタスーツ,Combinaison Dexter
1431,デクスタＦスーツ,Combinaison Dexter F
1432,ジャッグメイル,
1433,ジャッグＦメイル,
1434,コンシラメイル,
1435,コンシラＦメイル,
1436,プレデタメイル,Cotte Prédateur
1437,プレデタＦメイル,Cotte Prédateur F
1438,プリジドスーツ,
1439,プリジドＦスーツ,
1440,スリートベスト・黄,Gilet Grésil jaune
1441,スリートＦベスト・黄,Gilet Grésil F jaune
1442,スリートスーツ・黄,Combinaison Grésil jaune
1443,スリートＦスーツ・黄,Combinaison Grésil F jaune
1444,スリートベスト・銀,Gilet Grésil argenté
1445,スリートＦベスト・銀,Gilet Grésil F argenté
1446,スリートスーツ・銀,Combinaison Grésil argentée
1447,スリートＦスーツ・銀,Combinaison Grésil F argentée
1448,スリートベスト・赤,Gilet Grésil rouge
1449,スリートＦベスト・赤,Gilet Grésil F rouge
1450,スリートスーツ・赤,Combinaison Grésil rouge
1451,スリートＦスーツ・赤,Combinaison Grésil F rouge
1452,スリートベスト・青,Gilet Grésil bleu
1453,スリートＦベスト・青,Gilet Grésil F bleu
1454,スリートスーツ・青,Combinaison Grésil bleue
1455,スリートＦスーツ・青,Combinaison Grésil F bleue
1456,カマレラベスト,Gilet Camarera
1457,カマレラＦベスト,Gilet Camarera F
1458,カマレラスーツ,Combinaison Camarera
1459,カマレラＦスーツ,Combinaison Camarera F
1460,ガノスメイルSP黒,
1461,ガノスメイルSP黄,
1462,ガノスメイルSP紫,
1463,ガノスレジストSP黒,
1464,ガノスレジストSP黄,
1465,ガノスレジストSP紫,
1466,ゲリョスレジストSP赤,
1467,ゲリョスレジストSP黄,
1468,ゲリョスレジストSP緑,
1469,ダミー,
1470,ダミー,
1471,ミラルーツＲハイド,
1472,Ｇ・ルナＲレジスト,
1473,Ｓ・ソルＲレジスト,
1474,デスギアＬケミュート,
1475,レザーライトＬメイル,Cotte Cuir L
1476,チェーンＬメイル,Cotte Chainmail L
1477,ギザミＲレジスト,Veste Ceanataur R
1478,ディアブロＲレジスト,Veste Diablos R
1479,ブランゴＲレジスト,Veste Blango R
1480,コンガＲメイル,Cotte Conga R
1481,コンガＲレジスト,Veste Conga R
1482,ヒプノＲレジスト,Veste Hypnoc R
1483,モノデビルＲレジスト,Veste Monodevil R
1484,ガノスＲメイル,Cotte Plesioth R
1485,サンタベスト,Gilet Santa
1486,サンタＦベスト,Gilet Santa F
1487,サンタスーツ,Combinaison Santa
1488,サンタＦスーツ,Combinaison Santa F
1489,フェリメイル,
1490,フェリＦメイル,
1491,フェリレジスト,
1492,フェリＦレジスト,
1493,テネールジャケット,
1494,テネールＦジャケット,
1495,テネールスーツ,
1496,テネールＦスーツ,
1497,ライダースーツＢ,
1498,ライジングスーツＢ,
1499,ライダーレジストＢ,
1500,ライジングレジストＢ,
1501,ライダースーツＲ,
1502,ライジングスーツＲ,
1503,ライダーレジストＲ,
1504,ライジングレジストＲ,
1505,ライダースーツＹ,
1506,ライジングスーツＹ,
1507,ライダーレジストＹ,
1508,ライジングレジストＹ,
1509,ライダースーツＧ,
1510,ライジングスーツＧ,
1511,ライダーレジストＧ,
1512,ライジングレジストＧ,
1513,ロバストディール,
1514,ロバストＦディール,
1515,ロバストスキン,
1516,ロバストＦスキン,
1517,ククボメイル,Cotte Kukubo
1518,ククボＦメイル,Cotte Kukubo F
1519,ククボレジスト,Veste Kukubo
1520,ククボＦレジスト,Veste Kukubo F
1521,ファルコメイル,Cotte Falco
1522,ファルコＦメイル,Cotte Falco F
1523,ファルコレジスト,Veste Falco
1524,ファルコＦレジスト,Veste Falco F
1525,ヴェスナメイル,
1526,ヴェスナＦメイル,
1527,ベラノメイル,
1528,ベラノＦメイル,
1529,カリフメイル,
1530,カリフＦメイル,
1531,シタースーツ,
1532,シターＦスーツ,
1533,コンセトメイル,
1534,コンセトＦメイル,
1535,バステルメイル,
1536,バステルＦメイル,
1537,カタフメイル,
1538,カタフＦメイル,
1539,ハネツァスーツ,
1540,ハネツァＦスーツ,
1541,バーニースーツ・黒,Combinaison Barney noire
1542,バーニーＦスーツ・黒,Combinaison Barney F noire
1543,バーニーベスト・黒,Gilet Barney noir
1544,バーニーＦベスト・黒,Gilet Barney F noir
1545,バーニースーツ・白,Combinaison Barney blanche
1546,バーニーＦスーツ・白,Combinaison Barney F blanche
1547,バーニーベスト・白,Gilet Barney blanc
1548,バーニーＦベスト・白,Gilet Barney F blanc
1549,バーニースーツ・赤,Combinaison Barney rouge
1550,バーニーＦスーツ・赤,Combinaison Barney F rouge
1551,バーニーベスト・赤,Gilet Barney rouge
1552,バーニーＦベスト・赤,Gilet Barney F rouge
1553,バーニースーツ・紫,Combinaison Barney violette
1554,バーニーＦスーツ・紫,Combinaison Barney F violette
1555,バーニーベスト・紫,Gilet Barney violet
1556,バーニーＦベスト・紫,Gilet Barney F violet
1557,昇龍胴着・白,
1558,昇龍Ｆ胴着・白,
1559,波動胴着・白,
1560,波動Ｆ胴着・白,
1561,百裂胴着・青,
1562,百裂Ｆ胴着・青,
1563,気功胴着・青,
1564,気功Ｆ胴着・青,
1565,昇龍胴着・紺,
1566,昇龍Ｆ胴着・紺,
1567,波動胴着・紺,
1568,波動Ｆ胴着・紺,
1569,百裂胴着・黒,
1570,百裂Ｆ胴着・黒,
1571,気功胴着・黒,
1572,気功Ｆ胴着・黒,
1573,昇龍胴着・黄,
1574,昇龍Ｆ胴着・黄,
1575,波動胴着・黄,
1576,波動Ｆ胴着・黄,
1577,百裂胴着・黄,
1578,百裂Ｆ胴着・黄,
1579,気功胴着・黄,
1580,気功Ｆ胴着・黄,
1581,昇龍胴着・紫,
1582,昇龍Ｆ胴着・紫,
1583,波動胴着・紫,
1584,波動Ｆ胴着・紫,
1585,百裂胴着・緑,
1586,百裂Ｆ胴着・緑,
1587,気功胴着・緑,
1588,気功Ｆ胴着・緑,
1589,ステノメイル・橙,Cotte Stheno orange
1590,ステノＦメイル・橙,Cotte Stheno F orange
1591,ステノレジスト・橙,Veste Stheno orange
1592,ステノＦレジスト・橙,Veste Stheno F orange
1593,ステノメイル・桃,Cotte Stheno rose
1594,ステノＦメイル・桃,Cotte Stheno F rose
1595,ステノレジスト・桃,Veste Stheno rose
1596,ステノＦレジスト・桃,Veste Stheno F rose
1597,ステノメイル・青,Cotte Stheno bleue
1598,ステノＦメイル・青,Cotte Stheno F bleue
1599,ステノレジスト・青,Veste Stheno bleue
1600,ステノＦレジスト・青,Veste Stheno F bleue
1601,ステノメイル・赤,Cotte Stheno rouge
1602,ステノＦメイル・赤,Cotte Stheno F rouge
1603,ステノレジスト・赤,Veste Stheno rouge
1604,ステノＦレジスト・赤,Veste Stheno F rouge
1605,ジャンピンスーツ,Combinaison Jumpin'
1606,ジャンピンＦスーツ,Combinaison Jumpin' F
1607,ジャンピンベスト,Gilet Jumpin'
1608,ジャンピンＦベスト,Gilet Jumpin' F
1609,アデュスメイル,
1610,アデュスＦメイル,
1611,アデュスレジスト,
1612,アデュスＦレジスト,
1613,メテネラベスト,Gilet Metenera
1614,メテネラＦベスト,Gilet Metenera F
1615,メテネラスーツ,Combinaison Metenera
1616,メテネラＦスーツ,Combinaison Metenera F
1617,エクセレメイル,Cotte Excelle
1618,エクセレＦメイル,Cotte Excelle F
1619,エクセレレジスト,Veste Excelle
1620,エクセレＦレジスト,Veste Excelle F
1621,プペンメイル,Cotte Pupen
1622,プペンＦメイル,Cotte Pupen F
1623,プペンレジスト,Veste Pupen
1624,プペンＦレジスト,Veste Pupen F
1625,モスカバメイル,
1626,モスカバＦメイル,
1627,モスカバレジスト,
1628,モスカバＦレジスト,
1629,神楽【胴当て】SP赤,
1630,神楽【胴当て】SP黒,
1631,神楽【胴当て】SP紫,
1632,神座【胸当て】SP赤,
1633,神座【胸当て】SP黒,
1634,神座【胸当て】SP紫,
1635,モスブレストSP白,
1636,モスブレストSP黄,
1637,モスブレストSP青,
1638,オウビートＬペクトス,
1639,ヒプノＬメイル,Cotte Hypnoc L
1640,コンガＬメイル,Cotte Conga L
1641,チェーンＲメイル,Cotte Chainmail R
1642,ザザミＲレジスト,Veste Hermitaur R
1643,ゲリョスＲメイル,Cotte Gypceros R
1644,ゲネポスＲメイル,Cotte Genprey R
1645,シャッセメイル,Cotte Shasse
1646,シャッセレジスト,Veste Shasse
1647,ゴスペルＦメイル,
1648,ゴスペルＦレジスト,
1649,ルージュＦジャケット,
1650,フレイヤメイル,Cotte Freyja
1651,フレイヤレジスト,Veste Freyja
1652,パリアFXメイル,Cotte Paria FX
1653,パリアFXレジスト,Veste Paria FX
1654,グレンFXメイル,Cotte Guren FX
1655,グレンFXレジスト,Veste Guren FX
1656,ルコハイド,
1657,ルコＦハイド,
1658,ルコスキン,
1659,ルコＦスキン,
1660,ブリッツベスト,
1661,ブリッツケープ,
1662,リルスメイル,Cotte Lils
1663,ダミー,
1664,リルスレジスト,Veste Lils
1665,ダミー,
1666,神楽FX【胴当て】,
1667,神座FX【胸当て】,
1668,蒼空ノ羽織,
1669,蒼空ノ羽織・魁,
1670,蒼天ノ羽織,
1671,蒼天ノ羽織・魁,
1672,ブレオジャケット,
1673,ブレオＦジャケット,
1674,ヴィネンジャケット,
1675,ヴィネンＦジャケット,
1676,ヴィネンスーツ,Combinaison Vinen
1677,ヴィネンＦスーツ,Combinaison Vinen F
1678,アナトリメイル,
1679,アナトリレジスト,
1680,エディオメイル・青,Cotte Edio bleue
1681,エディオＦメイル・青,Cotte Edio F bleue
1682,エディオスーツ・青,Combinaison Edio bleue
1683,エディオＦスーツ・青,Combinaison Edio F bleue
1684,エディオメイル・赤,Cotte Edio rouge
1685,エディオＦメイル・赤,Cotte Edio F rouge
1686,エディオスーツ・赤,Combinaison Edio rouge
1687,エディオＦスーツ・赤,Combinaison Edio F rouge
1688,エディオメイル・黄,Cotte Edio jaune
1689,エディオＦメイル・黄,Cotte Edio F jaune
1690,エディオスーツ・黄,Combinaison Edio jaune
1691,エディオＦスーツ・黄,Combinaison Edio F jaune
1692,エディオメイル・黒,Cotte Edio noire
1693,エディオＦメイル・黒,Cotte Edio F noire
1694,エディオスーツ・黒,Combinaison Edio noire
1695,エディオＦスーツ・黒,Combinaison Edio F noire
1696,アビットベスト,Gilet Abitto
1697,アビットＦベスト,Gilet Abitto F
1698,アビットスーツ,Combinaison Abitto
1699,アビットＦスーツ,Combinaison Abitto F
1700,ハウクスメイル,Cotte Howx
1701,ハウクスＦメイル,Cotte Howx F
1702,ハウクスレジスト,Veste Howx
1703,ハウクスＦレジスト,Veste Howx F
1704,ピラータジャケット,
1705,ピラータＦジャケット,
1706,ピラータスーツ,Combinaison Pirata
1707,ピラータＦスーツ,Combinaison Pirata F
1708,アレスベスト,
1709,アレスＦベスト,
1710,カリノベスト,
1711,カリノＦベスト,
1712,ルルスベスト,
1713,ルルスＦベスト,
1714,ナーダスーツ,Combinaison Nada
1715,ナーダＦスーツ,Combinaison Nada F
1716,ロサベスト,Gilet Rosa
1717,ロサＦベスト,Gilet Rosa F
1718,ハオスベスト,Gilet Haosu
1719,ハオスＦベスト,Gilet Haosu F
1720,ミールベスト,Gilet Miru
1721,ミールＦベスト,Gilet Miru F
1722,パススーツ,Combinaison Pasu
1723,パスＦスーツ,Combinaison Pasu F
1724,蘭陀の胴当・黄,
1725,蘭蛮の胴当・黄,
1726,蘭陀の装束・黄,
1727,蘭蛮の装束・黄,
1728,蘭陀の胴当・赤,
1729,蘭蛮の胴当・赤,
1730,蘭陀の装束・赤,
1731,蘭蛮の装束・赤,
1732,蘭陀の胴当・紫,
1733,蘭蛮の胴当・紫,
1734,蘭陀の装束・紫,
1735,蘭蛮の装束・紫,
1736,蘭陀の胴当・金,
1737,蘭蛮の胴当・金,
1738,蘭陀の装束・金,
1739,蘭蛮の装束・金,
1740,竜巻胴着・黒,
1741,竜巻Ｆ胴着・黒,
1742,真空胴着・黒,
1743,真空Ｆ胴着・黒,
1744,千裂胴着・黒,
1745,千裂Ｆ胴着・黒,
1746,覇山胴着・黒,
1747,覇山Ｆ胴着・黒,
1748,竜巻胴着・茶,
1749,竜巻Ｆ胴着・茶,
1750,真空胴着・茶,
1751,真空Ｆ胴着・茶,
1752,千裂胴着・紫,
1753,千裂Ｆ胴着・紫,
1754,覇山胴着・紫,
1755,覇山Ｆ胴着・紫,
1756,竜巻胴着・白,
1757,竜巻Ｆ胴着・白,
1758,真空胴着・白,
1759,真空Ｆ胴着・白,
1760,千裂胴着・白,
1761,千裂Ｆ胴着・白,
1762,覇山胴着・白,
1763,覇山Ｆ胴着・白,
1764,竜巻胴着・青,
1765,竜巻Ｆ胴着・青,
1766,真空胴着・青,
1767,真空Ｆ胴着・青,
1768,千裂胴着・緑,
1769,千裂Ｆ胴着・緑,
1770,覇山胴着・緑,
1771,覇山Ｆ胴着・緑,
1772,正拳胴着,
1773,正拳Ｆ胴着,
1774,灼熱胴着,
1775,灼熱Ｆ胴着,
1776,龍星胴着,
1777,龍星Ｆ胴着,
1778,虎襲胴着,
1779,虎襲Ｆ胴着,
1780,旋風胴着,
1781,旋風Ｆ胴着,
1782,巴胴着,
1783,巴Ｆ胴着,
1784,天空胴着,
1785,天空Ｆ胴着,
1786,天昇胴着,
1787,天昇Ｆ胴着,
1788,ジェアムメイル,Cotte Jeamu
1789,ジェアムＦメイル,Cotte Jeamu F
1790,アミュスメイル,Cotte Amyusu
1791,アミュスＦメイル,Cotte Amyusu F
1792,クレバンメイル,Cotte Clevan
1793,クレバンＦメイル,Cotte Clevan F
1794,メテロススーツ,Combinaison Meterosu
1795,メテロスＦスーツ,Combinaison Meterosu F
1796,シプレルメイル,Cotte Shipureru
1797,シプレルＦメイル,Cotte Shipureru F
1798,トレスパメイル,Cotte Toresupa
1799,トレスパＦメイル,Cotte Toresupa F
1800,ステラルメイル,Cotte Suteraru
1801,ステラルＦメイル,Cotte Suteraru F
1802,ハキュラスーツ,Combinaison Hakyura
1803,ハキュラＦスーツ,Combinaison Hakyura F
1804,オルテモＦベスト,Gilet Orutemo F
1805,オルテモＦスーツ,Combinaison Orutemo F
1806,忍の装束・陰SP黄,
1807,忍の装束・陰SP赤,
1808,忍の装束・陰SP青,
1809,ＫロブスタシェルSP黒,
1810,ＫロブスタシェルSP緑,
1811,ＫロブスタシェルSP青,
1812,ＫロブスタスキンSP黒,
1813,ＫロブスタスキンSP緑,
1814,ＫロブスタスキンSP青,
1815,アネシスＦメイル,Cotte Aneshisu F
1816,アネシスＦレジスト,Veste Aneshisu F
1817,ブランＦジャケット,
1818,ツヴィンガメイル,Cotte Zwinger
1819,ツヴィンガスーツ,Combinaison Zwinger
1820,鬼神ノ肩鎧・魁,
1821,童子ノ肩鎧・魁,
1822,メランＦジャケット,
1823,メランＦスーツ,Combinaison Melan F
1824,ブートＦベスト,Gilet Buto F
1825,ヒメロスFXメイル,Cotte Himeros FX
1826,カリエンFXレジスト,Veste Charien FX
1827,ブレシスFXメイル,Cotte Bureshisu FX
1828,レウスLXメイル,Cotte Rathalos LX
1829,リオソウルRXメイル,Cotte Rath RX
1830,フルフルLXメイル,Cotte Khezu LX
1831,フルフルRXメイル,Cotte Khezu RX
1832,ハイメタLXメイル,
1833,ハイメタRXメイル,
1834,タロスLXレジスト,Veste Hornetaur LX
1835,タロスRXレジスト,Veste Hornetaur RX
1836,ベルドラＲメイル,
1837,ベルドラＲレジスト,
1838,フレイムメイル,Cotte Flamme
1839,フレイムレジスト,Veste Flamme
1840,夕焼ノ羽織,
1841,夕茜ノ羽織,
1842,プーギーブレスト,
1843,プーギーＦブレスト,
1844,プーギートルソー,
1845,プーギーＦトルソー,
1846,マンドラベスト,Gilet Mandora
1847,マンドラＦベスト,Gilet Mandora F
1848,マンドラスーツ,Combinaison Mandora
1849,マンドラＦスーツ,Combinaison Mandora F
1850,アオノコベスト,Gilet Aonoko
1851,アオノコＦベスト,Gilet Aonoko F
1852,アオノコスーツ,Combinaison Aonoko
1853,アオノコＦスーツ,Combinaison Aonoko F
1854,ゼロイジャケット,
1855,ゼロイＦジャケット,
1856,ゼロイスーツ,Combinaison Zeroi
1857,ゼロイＦスーツ,Combinaison Zeroi F
1858,レイルメイル,
1859,レイルＦメイル,
1860,レイルレジスト,
1861,レイルＦレジスト,
1862,ルデオスメイル,Cotte Rudeos
1863,ルデオスＦメイル,Cotte Rudeos F
1864,ルデオスレジスト,Veste Rudeos
1865,ルデオスＦレジスト,Veste Rudeos F
1866,オルケシスメイル,Cotte Orchesis
1867,オルケシスＦメイル,Cotte Orchesis F
1868,オルケシスレジスト,Veste Orchesis
1869,オルケシスＦレジスト,Veste Orchesis F
1870,フルイトメイル,
1871,フルイトＦメイル,
1872,ゲレオンメイル,
1873,ゲレオンＦメイル,
1874,ケックメイル,
1875,ケックＦメイル,
1876,ヘンフロレジスト,
1877,ヘンフロＦレジスト,
1878,フリゲトメイル,
1879,フリゲトＦメイル,
1880,バークメイル,
1881,バークＦメイル,
1882,ブリガンメイル,
1883,ブリガンＦメイル,
1884,プラムレジスト,
1885,プラムＦレジスト,
1886,マイストベスト・紅,Gilet Maist cramoisi
1887,マイストＦベスト・紅,Gilet Maist F cramoisi
1888,マイストスーツ・紅,Combinaison Maist cramoisie
1889,マイストＦスーツ・紅,Combinaison Maist F cramoisie
1890,マイストベスト・緑,Gilet Maist vert
1891,マイストＦベスト・緑,Gilet Maist F vert
1892,マイストスーツ・緑,Combinaison Maist verte
1893,マイストＦスーツ・緑,Combinaison Maist F verte
1894,マイストベスト・蒼,Gilet Maist azur
1895,マイストＦベスト・蒼,Gilet Maist F azur
1896,マイストスーツ・蒼,Combinaison Maist azur
1897,マイストＦスーツ・蒼,Combinaison Maist F azur
1898,マイストベスト・桜,
1899,マイストＦベスト・桜,
1900,マイストスーツ・桜,
1901,マイストＦスーツ・桜,
1902,ワグネベスト,Gilet Wagune
1903,ワグネＦベスト,Gilet Wagune F
1904,ワグネスーツ,Combinaison Wagune
1905,ワグネＦスーツ,Combinaison Wagune F
1906,ピスティスＦベスト,Gilet Pistis F
1907,ピスティスＦスーツ,Combinaison Pistis F
1908,ヒプノメイルSP緑,
1909,ヒプノメイルSP赤,
1910,ヒプノメイルSP黄,
1911,ベルメイルSP黒,
1912,ベルメイルSP赤,
1913,ベルメイルSP紫,
1914,ベルレジストSP黒,
1915,ベルレジストSP赤,
1916,ベルレジストSP紫,
1917,ルルディメイル,Cotte Rurudi
1918,ルルディレジスト,Veste Rurudi
1919,アークＦメイル,
1920,アークＦレジスト,
1921,ストレガFXメイル,Cotte Strega FX
1922,ストレガFXレジスト,Veste Strega FX
1923,リオハートRXメイル,Cotte Rath RX
1924,レイアLXメイル,Cotte Rathian LX
1925,ランゴRXレジスト,Veste Vespoid RX
1926,ランゴLXレジスト,Veste Vespoid LX
1927,ザザミRXメイル,Cotte Hermitaur RX
1928,ザザミLXメイル,Cotte Hermitaur LX
1929,ディアブロRXメイル,Cotte Diablos RX
1930,ディアブロLXメイル,Cotte Diablos LX
1931,リリオメイル,
1932,フレサメイル,
1933,クラベルメイル,
1934,シルエラメイル,
1935,カメリアメイル,
1936,ハシントメイル,
1937,セレソメイル,
1938,オリバメイル,
1939,ラウレルレジスト,
1940,ココレジスト,
1941,グラナダレジスト,
1942,アトロジャケット,
1943,アトロＦジャケット,
1944,アトロスーツ,
1945,アトロＦスーツ,
1946,ゴゴメイル,Cotte Gogomoa
1947,ゴゴＦメイル,Cotte Gogomoa F
1948,ゴゴレジスト,Veste Gogomoa
1949,ゴゴＦレジスト,Veste Gogomoa F
1950,ワダツミ【胸当て】,
1951,オカミ【胸当て】,
1952,ディーナベスト,Gilet Diina
1953,ディーナＦベスト,Gilet Diina F
1954,絶影ノ羽織,
1955,絶影ノ羽織・魁,
1956,翔影ノ羽織,
1957,翔影ノ羽織・魁,
1958,黒虎ノ羽織,
1959,黒豹ノ羽織,
1960,刹帝利ノ肩鎧,
1961,婆羅門ノ肩鎧,
1962,ガリトスベスト・茶,Gilet Garitos brun
1963,ガリトスＦベスト・茶,Gilet Garitos F brun
1964,ガリトススーツ・茶,Combinaison Garitos brune
1965,ガリトスＦスーツ・茶,Combinaison Garitos F brune
1966,ガリトスベスト・赤,Gilet Garitos rouge
1967,ガリトスＦベスト・赤,Gilet Garitos F rouge
1968,ガリトススーツ・赤,Combinaison Garitos rouge
1969,ガリトスＦスーツ・赤,Combinaison Garitos F rouge
1970,ガリトスベスト・黒,Gilet Garitos noir
1971,ガリトスＦベスト・黒,Gilet Garitos F noir
1972,ガリトススーツ・黒,Combinaison Garitos noire
1973,ガリトスＦスーツ・黒,Combinaison Garitos F noire
1974,ガリトスベスト・水,
1975,ガリトスＦベスト・水,
1976,ガリトススーツ・水,
1977,ガリトスＦスーツ・水,
1978,リブリーベスト,Gilet Riburi
1979,リブリーＦベスト,Gilet Riburi F
1980,リブリーFZベスト,Gilet Riburi FZ
1981,リブリースーツ,Combinaison Riburi
1982,リブリーＦスーツ,Combinaison Riburi F
1983,リブリーFZスーツ,Combinaison Riburi FZ
1984,リーデレメイル,Cotte Ridere
1985,リーデレＦメイル,Cotte Ridere F
1986,リーデレレジスト,Veste Ridere
1987,リーデレＦレジスト,Veste Ridere F
1988,リエットメイル,Cotte Émeute
1989,リエットＦメイル,Cotte Émeute F
1990,リエットレジスト,Veste Émeute
1991,リエットＦレジスト,Veste Émeute F
1992,スケイナメイル,
1993,スケイナＦメイル,
1994,ミッシナメイル,
1995,ミッシナＦメイル,
1996,プリースメイル,
1997,プリースＦメイル,
1998,レキトリレジスト,
1999,レキトリＦレジスト,
2000,マドニカメイル,
2001,マドニカＦメイル,
2002,ヴィリヤメイル,
2003,ヴィリヤＦメイル,
2004,ラプラルメイル,
2005,ラプラルＦメイル,
2006,サザールレジスト,
2007,サザールＦレジスト,
2008,トラスジャケット青,
2009,トラスＦジャケット青,
2010,トラスベスト青,Gilet Truss bleu
2011,トラスＦベスト青,Gilet Truss F bleu
2012,トラスジャケット赤,
2013,トラスＦジャケット赤,
2014,トラスベスト赤,Gilet Truss rouge
2015,トラスＦベスト赤,Gilet Truss F rouge
2016,トラスジャケット白,
2017,トラスＦジャケット白,
2018,トラスベスト白,Gilet Truss blanc
2019,トラスＦベスト白,Gilet Truss F blanc
2020,トラスジャケット紫,
2021,トラスＦジャケット紫,
2022,トラスベスト紫,Gilet Truss violet
2023,トラスＦベスト紫,Gilet Truss F violet
2024,デモンドレス青,
2025,デモンＦドレス青,
2026,カオスドレス青,
2027,カオスＦドレス青,
2028,デモンドレス赤,
2029,デモンＦドレス赤,
2030,カオスドレス赤,
2031,カオスＦドレス赤,
2032,デモンドレス緑,
2033,デモンＦドレス緑,
2034,カオスドレス緑,
2035,カオスＦドレス緑,
2036,デモンドレス白,
2037,デモンＦドレス白,
2038,カオスドレス白,
2039,カオスＦドレス白,
2040,シャドウスーツ紫,Combinaison Ombre violette
2041,シャドウＦスーツ紫,Combinaison Ombre F violette
2042,ソウルスーツ紫,
2043,ソウルＦスーツ紫,
2044,シャドウスーツ赤,Combinaison Ombre rouge
2045,シャドウＦスーツ赤,Combinaison Ombre F rouge
2046,ソウルスーツ赤,
2047,ソウルＦスーツ赤,
2048,シャドウスーツ緑,Combinaison Ombre verte
2049,シャドウＦスーツ緑,Combinaison Ombre F verte
2050,ソウルスーツ緑,
2051,ソウルＦスーツ緑,
2052,シャドウスーツ白,Combinaison Ombre blanche
2053,シャドウＦスーツ白,Combinaison Ombre F blanche
2054,ソウルスーツ白,
2055,ソウルＦスーツ白,
2056,フィディメイル,
2057,エピディメイル,
2058,ヴェルフィメイル,
2059,ヴェルフィレジスト,
2060,テリオグメイル,
2061,テリオグレジスト,
2062,クロッスベスト,Gilet Kurossu
2063,クロッスＦベスト,Gilet Kurossu F
2064,クロッススーツ,Combinaison Kurossu
2065,クロッスＦスーツ,Combinaison Kurossu F
2066,シエリーFXメイル,Cotte Shieri FX
2067,シエリーFXレジスト,Veste Shieri FX
2068,クラフトFXメイル,
2069,クラフトFXレジスト,
2070,モスカバFXメイル,
2071,モスカバFXレジスト,
2072,エクセレFXメイル,Cotte Excelle FX
2073,エクセレFXレジスト,Veste Excelle FX
2074,蒼空ノ羽織・真,
2075,蒼天ノ羽織・真,
2076,ビステマメイル,
2077,リオデュオＦメイル,Cotte Rath F
2078,リオデュオＦレジスト,Veste Rath F
2079,ロークＦメイル,
2080,ロークＦレジスト,
2081,ブルホＦベスト・青,
2082,マーギアＦスーツ・青,
2083,ゴゴFXメイル,Cotte Gogomoa FX
2084,ゴゴFXレジスト,Veste Gogomoa FX
2085,クラージFXメイル,Cotte Kuraaji FX
2086,クラージFXレジスト,Veste Kuraaji FX
2087,ザーカーFXメイル,Cotte Zaakaa FX
2088,チェイサーFXレジスト,Veste Poursuivant FX
2089,アビットFZベスト,Gilet Abitto FZ
2090,アビットFZスーツ,Combinaison Abitto FZ
2091,アージェFZベスト,Gilet Arge FZ
2092,アージェFZスーツ,Combinaison Arge FZ
2093,カマレラFZベスト,Gilet Camarera FZ
2094,カマレラFZスーツ,Combinaison Camarera FZ
2095,メテネラFZベスト,Gilet Metenera FZ
2096,メテネラFZスーツ,Combinaison Metenera FZ
2097,ルコFXハイド,
2098,ルコFXスキン,
2099,ザムザメイル,Cotte Zamuza
2100,ザムザＦメイル,Cotte Zamuza F
2101,ザムザFXメイル,Cotte Zamuza FX
2102,ザムザレジスト,Veste Zamuza
2103,ザムザＦレジスト,Veste Zamuza F
2104,ザムザFXレジスト,Veste Zamuza FX
2105,アビオメイル,Cotte Abiorugu
2106,アビオＦメイル,Cotte Abiorugu F
2107,アビオFXメイル,Cotte Abiorugu FX
2108,アビオレジスト,Veste Abiorugu
2109,アビオＦレジスト,Veste Abiorugu F
2110,アビオFXレジスト,Veste Abiorugu FX
2111,クロオビメイルSP白,
2112,クロオビメイルSP黒,
2113,クロオビメイルSP青,
2114,アプカルメイルSP白,
2115,アプカルメイルSP緑,
2116,アプカルメイルSP黄,
2117,ガレオスLXメイル,Cotte Cephalos LX
2118,ブランゴLXメイル,Cotte Blango LX
2119,グラビドLXメイル,Cotte Gravios LX
2120,ボーンLXレジスト,Veste Os LX
2121,ガレオスRXメイル,Cotte Cephalos RX
2122,ブランゴRXメイル,Cotte Blango RX
2123,グラビドRXメイル,Cotte Gravios RX
2124,ボーンRXレジスト,Veste Os RX
2125,白蛇ノ羽織,
2126,白蛇ノ羽織・魁,
2127,白鳥ノ羽織,
2128,白鳥ノ羽織・魁,
2129,カカブメイル,Cotte Kakabu
2130,カカブレジスト,Veste Kakabu
2131,オネロメイル,Cotte Onero
2132,オネロレジスト,Veste Onero
2133,ジャガーメイル,Cotte Jyaga
2134,ジャガーレジスト,Veste Jyaga
2135,オメットメイル・黒,Cotte Omet noire
2136,オメットＦメイル・黒,Cotte Omet F noire
2137,オメットスーツ・黒,Combinaison Omet noire
2138,オメットＦスーツ・黒,Combinaison Omet F noire
2139,オメットメイル・赤,Cotte Omet rouge
2140,オメットＦメイル・赤,Cotte Omet F rouge
2141,オメットスーツ・赤,Combinaison Omet rouge
2142,オメットＦスーツ・赤,Combinaison Omet F rouge
2143,オメットメイル・白,Cotte Omet blanche
2144,オメットＦメイル・白,Cotte Omet F blanche
2145,オメットスーツ・白,Combinaison Omet blanche
2146,オメットＦスーツ・白,Combinaison Omet F blanche
2147,オメットメイル・青,Cotte Omet bleue
2148,オメットＦメイル・青,Cotte Omet F bleue
2149,オメットスーツ・青,Combinaison Omet bleue
2150,オメットＦスーツ・青,Combinaison Omet F bleue
2151,ルターレメイル,Cotte Rutare
2152,ルターレＦメイル,Cotte Rutare F
2153,ルターレレジスト,Veste Rutare
2154,ルターレＦレジスト,Veste Rutare F
2155,流転の胸当て,
2156,流転の胸当て・魁,
2157,旋転の胸当て,
2158,旋転の胸当て・魁,
2159,厳岩の胴当て,
2160,厳岩の胴当て・魁,
2161,不破の胴当て,
2162,不破の胴当て・魁,
2163,無想の胴当て,
2164,無想の胴当て・魁,
2165,俊激の装束,
2166,俊激の装束・魁,
2167,スイフドベスト,Gilet Suifudo
2168,スイフドＦベスト,Gilet Suifudo F
2169,メロデスベスト,Gilet Merodesu
2170,メロデスＦベスト,Gilet Merodesu F
2171,スマトスベスト,Gilet Sumatosu
2172,スマトスＦベスト,Gilet Sumatosu F
2173,パッシオスーツ,Combinaison Passhio
2174,パッシオＦスーツ,Combinaison Passhio F
2175,カウチュベスト・灰,
2176,カウチュＦベスト・灰,
2177,カウチュスーツ・灰,
2178,カウチュＦスーツ・灰,
2179,カウチュベスト・青,Gilet Kauchu bleu
2180,カウチュＦベスト・青,Gilet Kauchu F bleu
2181,カウチュスーツ・青,Combinaison Kauchu bleue
2182,カウチュＦスーツ・青,Combinaison Kauchu F bleue
2183,カウチュベスト・橙,Gilet Kauchu orange
2184,カウチュＦベスト・橙,Gilet Kauchu F orange
2185,カウチュスーツ・橙,Combinaison Kauchu orange
2186,カウチュＦスーツ・橙,Combinaison Kauchu F orange
2187,カウチュベスト・緑,Gilet Kauchu vert
2188,カウチュＦベスト・緑,Gilet Kauchu F vert
2189,カウチュスーツ・緑,Combinaison Kauchu verte
2190,カウチュＦスーツ・緑,Combinaison Kauchu F verte
2191,ジストレルＦベスト,Gilet Jisutoreru F
2192,リサーザＦメイル,Cotte Risaaza F
2193,リサーザＦスーツ,Combinaison Risaaza F
2194,テクストFZベスト・紫,Gilet Texte FZ violet
2195,テクストFZベスト・緑,Gilet Texte FZ vert
2196,テクストFZベスト・青,Gilet Texte FZ bleu
2197,テクストFZベスト・黒,Gilet Texte FZ noir
2198,テクストFZスーツ・紫,Combinaison Texte FZ violette
2199,テクストFZスーツ・緑,Combinaison Texte FZ verte
2200,テクストFZスーツ・青,Combinaison Texte FZ bleue
2201,テクストFZスーツ・黒,Combinaison Texte FZ noire
2202,スリートFZベスト・黄,Gilet Grésil FZ jaune
2203,スリートFZベスト・銀,Gilet Grésil FZ argenté
2204,スリートFZベスト・赤,Gilet Grésil FZ rouge
2205,スリートFZベスト・青,Gilet Grésil FZ bleu
2206,スリートFZスーツ・黄,Combinaison Grésil FZ jaune
2207,スリートFZスーツ・銀,Combinaison Grésil FZ argentée
2208,スリートFZスーツ・赤,Combinaison Grésil FZ rouge
2209,スリートFZスーツ・青,Combinaison Grésil FZ bleue
2210,ステノFZメイル・橙,Cotte Stheno FZ orange
2211,ステノFZメイル・桃,Cotte Stheno FZ rose
2212,ステノFZメイル・青,Cotte Stheno FZ bleue
2213,ステノFZメイル・赤,Cotte Stheno FZ rouge
2214,ステノFZレジスト・橙,Veste Stheno FZ orange
2215,ステノFZレジスト・桃,Veste Stheno FZ rose
2216,ステノFZレジスト・青,Veste Stheno FZ bleue
2217,ステノFZレジスト・赤,Veste Stheno FZ rouge
2218,エディオFZメイル・青,Cotte Edio FZ bleue
2219,エディオFZメイル・赤,Cotte Edio FZ rouge
2220,エディオFZメイル・黄,Cotte Edio FZ jaune
2221,エディオFZメイル・黒,Cotte Edio FZ noire
2222,エディオFZスーツ・青,Combinaison Edio FZ bleue
2223,エディオFZスーツ・赤,Combinaison Edio FZ rouge
2224,エディオFZスーツ・黄,Combinaison Edio FZ jaune
2225,エディオFZスーツ・黒,Combinaison Edio FZ noire
2226,ガリトスFZベスト・茶,Gilet Garitos FZ brun
2227,ガリトスFZベスト・赤,Gilet Garitos FZ rouge
2228,ガリトスFZベスト・黒,Gilet Garitos FZ noir
2229,ガリトスFZベスト・水,
2230,ガリトスFZスーツ・茶,Combinaison Garitos FZ brune
2231,ガリトスFZスーツ・赤,Combinaison Garitos FZ rouge
2232,ガリトスFZスーツ・黒,Combinaison Garitos FZ noire
2233,ガリトスFZスーツ・水,
2234,ベイルＦブリガンテス,
2235,ダミー,
2236,ジェスメイル,Cotte Jess
2237,ジェスＦメイル,Cotte Jess F
2238,ジェスFYメイル,Cotte Jess FY
2239,ジェスHCメイル,Cotte Jess HC
2240,ジェスレジスト,Veste Jess
2241,ジェスＦレジスト,Veste Jess F
2242,ジェスFYレジスト,Veste Jess FY
2243,ジェスHCレジスト,Veste Jess HC
2244,エクエスHCメイル,Cotte Eques HC
2245,エクエスHCレジスト,Veste Eques HC
2246,クラージHCメイル,Cotte Kuraaji HC
2247,クラージHCレジスト,Veste Kuraaji HC
2248,メランFYジャケット,
2249,メランHCジャケット,
2250,メランFYスーツ,Combinaison Melan FY
2251,メランHCスーツ,Combinaison Melan HC
2252,ハルバダーFYメイル,Cotte Harubadaa FY
2253,ハルバダーHCメイル,Cotte Harubadaa HC
2254,トラッカーFYレジスト,Veste Traqueur FY
2255,トラッカーHCレジスト,Veste Traqueur HC
2256,オメットFZメイル・黒,Cotte Omet FZ noire
2257,オメットFZスーツ・黒,Combinaison Omet FZ noire
2258,オメットFZメイル・赤,Cotte Omet FZ rouge
2259,オメットFZスーツ・赤,Combinaison Omet FZ rouge
2260,オメットFZメイル・白,Cotte Omet FZ blanche
2261,オメットFZスーツ・白,Combinaison Omet FZ blanche
2262,オメットFZメイル・青,Cotte Omet FZ bleue
2263,オメットFZスーツ・青,Combinaison Omet FZ bleue
2264,カウチュFZベスト・灰,
2265,カウチュFZスーツ・灰,
2266,カウチュFZベスト・青,Gilet Kauchu FZ bleu
2267,カウチュFZスーツ・青,Combinaison Kauchu FZ bleue
2268,カウチュFZベスト・橙,Gilet Kauchu FZ orange
2269,カウチュFZスーツ・橙,Combinaison Kauchu FZ orange
2270,カウチュFZベスト・緑,Gilet Kauchu FZ vert
2271,カウチュFZスーツ・緑,Combinaison Kauchu FZ verte
2272,カウチュHCベスト・灰,
2273,カウチュHCスーツ・灰,
2274,カウチュHCベスト・青,Gilet Kauchu HC bleu
2275,カウチュHCスーツ・青,Combinaison Kauchu HC bleue
2276,カウチュHCベスト・橙,Gilet Kauchu HC orange
2277,カウチュHCスーツ・橙,Combinaison Kauchu HC orange
2278,カウチュHCベスト・緑,Gilet Kauchu HC vert
2279,カウチュHCスーツ・緑,Combinaison Kauchu HC verte
2280,ガウスFZメイル,Cotte Gauss FZ
2281,ウェーバFZメイル,Cotte Weber FZ
2282,ギルバートFZメイル,Cotte Gilbert FZ
2283,ガウスFZレジスト,Veste Gauss FZ
2284,ウェーバFZレジスト,Veste Weber FZ
2285,ギルバートFZレジスト,Veste Gilbert FZ
2286,ガウスHCメイル,Cotte Gauss HC
2287,ウェーバHCメイル,Cotte Weber HC
2288,ギルバートHCメイル,Cotte Gilbert HC
2289,ガウスHCレジスト,Veste Gauss HC
2290,ウェーバHCレジスト,Veste Weber HC
2291,ギルバートHCレジスト,Veste Gilbert HC
2292,シャランFZベスト・青,Gilet Sharan FZ bleu
2293,シャランHCベスト・青,Gilet Sharan HC bleu
2294,シャランFZスーツ・青,Combinaison Sharan FZ bleue
2295,シャランHCスーツ・青,Combinaison Sharan HC bleue
2296,シャランFZベスト・緑,Gilet Sharan FZ vert
2297,シャランHCベスト・緑,Gilet Sharan HC vert
2298,シャランFZスーツ・緑,Combinaison Sharan FZ verte
2299,シャランHCスーツ・緑,Combinaison Sharan HC verte
2300,シャランFZベスト・紫,Gilet Sharan FZ violet
2301,シャランHCベスト・紫,Gilet Sharan HC violet
2302,シャランFZスーツ・紫,Combinaison Sharan FZ violette
2303,シャランHCスーツ・紫,Combinaison Sharan HC violette
2304,シャランFZベスト・白,Gilet Sharan FZ blanc
2305,シャランHCベスト・白,Gilet Sharan HC blanc
2306,シャランFZスーツ・白,Combinaison Sharan FZ blanche
2307,シャランHCスーツ・白,Combinaison Sharan HC blanche
2308,ダミー,
2309,ダミー,
2310,ダミー,
2311,ダミー,
2312,ダミー,
2313,ダミー,
2314,ダミー,
2315,ダミー,
2316,ダミー,
2317,ダミー,
2318,ダミー,
2319,ダミー,
2320,ダミー,
2321,ダミー,
2322,ダミー,
2323,ダミー,
2324,ダミー,
2325,ダミー,
2326,ダミー,
2327,ダミー,
2328,ダミー,
2329,ダミー,
2330,クアルメイル,Cotte Kuaru
2331,クアルＦメイル,Cotte Kuaru F
2332,クアルFXメイル,Cotte Kuaru FX
2333,クアルレジスト,Veste Kuaru
2334,クアルＦレジスト,Veste Kuaru F
2335,クアルFXレジスト,Veste Kuaru FX
2336,ウィンドディール,
2337,ウィンドバダル,
2338,ルコハイドSP白,
2339,ルコハイドSP青,
2340,ルコハイドSP赤,
2341,ルコスキンSP白,
2342,ルコスキンSP青,
2343,ルコスキンSP赤,
2344,コムラダメイルSP白赤,
2345,コムラダメイルSP白青,
2346,コムラダメイルSP白黄,
2347,ルベライトメイル,Cotte Rubellite
2348,ルベライトＦメイル,Cotte Rubellite F
2349,ルベライトFXメイル,Cotte Rubellite FX
2350,ラズライトメイル,Cotte Lazurite
2351,ラズライトＦメイル,Cotte Lazurite F
2352,ラズライトFXメイル,Cotte Lazurite FX
2353,ジルコンメイル,
2354,ジルコンＦメイル,
2355,ジルコンFXメイル,
2356,スピネルメイル,Cotte Spinel
2357,スピネルＦメイル,Cotte Spinel F
2358,スピネルFXメイル,Cotte Spinel FX
2359,パイローブメイル,Cotte Pyrope
2360,パイローブＦメイル,Cotte Pyrope F
2361,パイローブFXメイル,Cotte Pyrope FX
2362,アイオラメイル,Cotte Iolite
2363,アイオラＦメイル,Cotte Iolite F
2364,アイオラFXメイル,Cotte Iolite FX
2365,ジェイドメイル,
2366,ジェイドＦメイル,
2367,ジェイドFXメイル,
2368,アゲートメイル,
2369,アゲートＦメイル,
2370,アゲートFXメイル,
2371,シトリンレジスト,Veste Citrine
2372,シトリンＦレジスト,Veste Citrine F
2373,シトリンFXレジスト,Veste Citrine FX
2374,ペリドットレジスト,Veste Peridot
2375,ペリドットＦレジスト,Veste Peridot F
2376,ペリドットFXレジスト,Veste Peridot FX
2377,ターコイズレジスト,
2378,ターコイズＦレジスト,
2379,ターコイズFXレジスト,
2380,納言ノ羽織,
2381,納言ノ羽織・魁,
2382,納言ノ羽織・粋,
2383,納言ノ羽織・華,
2384,式部ノ羽織,
2385,式部ノ羽織・魁,
2386,式部ノ羽織・粋,
2387,式部ノ羽織・華,
2388,アルルメイル,Cotte Aruru
2389,アルルＦメイル,Cotte Aruru F
2390,アルルFYメイル,Cotte Aruru FY
2391,アルルHCメイル,Cotte Aruru HC
2392,アルルレジスト,Veste Aruru
2393,アルルＦレジスト,Veste Aruru F
2394,アルルFYレジスト,Veste Aruru FY
2395,アルルHCレジスト,Veste Aruru HC
2396,オーロワメイル,Cotte Oorowa
2397,オーロワＦメイル,Cotte Oorowa F
2398,オーロワFYメイル,Cotte Oorowa FY
2399,オーロワHCメイル,Cotte Oorowa HC
2400,オーロワレジスト,Veste Oorowa
2401,オーロワＦレジスト,Veste Oorowa F
2402,オーロワFYレジスト,Veste Oorowa FY
2403,オーロワHCレジスト,Veste Oorowa HC
2404,オネロＦメイル,Cotte Onero F
2405,オネロＦレジスト,Veste Onero F
2406,ディールFYジャケット,
2407,ディールFYスーツ,Combinaison Diru FY
2408,ストレガHCメイル,Cotte Strega HC
2409,ストレガHCレジスト,Veste Strega HC
2410,ザーカーHCメイル,Cotte Zaakaa HC
2411,チェイサーHCレジスト,Veste Poursuivant HC
2412,鬼神ノ肩鎧・極,
2413,鬼神ノ肩鎧・天,
2414,童子ノ肩鎧・極,
2415,童子ノ肩鎧・天,
2416,アナキＦジャケット,
2417,アナキFYジャケット,
2418,アナキHCジャケット,
2419,アナキＦスーツ,
2420,アナキFYスーツ,
2421,アナキHCスーツ,
2422,ロイヤルFYメイル,
2423,ロイヤルHCメイル,
2424,ロードFYレジスト,
2425,ロードHCレジスト,
2426,フレイメイル,
2427,クロノスメイル,
2428,フレイレジスト,
2429,クロノスレジスト,
2430,ヒメロスHCメイル,Cotte Himeros HC
2431,ブレシスHCメイル,Cotte Bureshisu HC
2432,カリエンHCレジスト,Veste Charien HC
2433,ブランFYジャケット,
2434,ブランHCジャケット,
2435,ゲリョスLXメイル,Cotte Gypceros LX
2436,ギザミLXメイル,Cotte Ceanataur LX
2437,レックスLXメイル,Cotte Tigrex LX
2438,モノブロスLXレジスト,Veste Monoblos LX
2439,ゲリョスRXメイル,Cotte Gypceros RX
2440,ギザミRXメイル,Cotte Ceanataur RX
2441,エスピナRXムスケル,
2442,モノデビルRXレジスト,Veste Monodevil RX
2443,カエシスメイル水,
2444,カエシスＦメイル水,
2445,カエシスFZメイル水,
2446,カエシスレジスト水,
2447,カエシスＦレジスト水,
2448,カエシスFZレジスト水,
2449,カエシスメイル赤,Cotte Cayssis rouge
2450,カエシスＦメイル赤,Cotte Cayssis F rouge
2451,カエシスFZメイル赤,Cotte Cayssis FZ rouge
2452,カエシスレジスト赤,Veste Cayssis rouge
2453,カエシスＦレジスト赤,Veste Cayssis F rouge
2454,カエシスFZレジスト赤,Veste Cayssis FZ rouge
2455,カエシスメイル青,Cotte Cayssis bleue
2456,カエシスＦメイル青,Cotte Cayssis F bleue
2457,カエシスFZメイル青,Cotte Cayssis FZ bleue
2458,カエシスレジスト青,Veste Cayssis bleue
2459,カエシスＦレジスト青,Veste Cayssis F bleue
2460,カエシスFZレジスト青,Veste Cayssis FZ bleue
2461,カエシスメイル橙,Cotte Cayssis orange
2462,カエシスＦメイル橙,Cotte Cayssis F orange
2463,カエシスFZメイル橙,Cotte Cayssis FZ orange
2464,カエシスレジスト橙,Veste Cayssis orange
2465,カエシスＦレジスト橙,Veste Cayssis F orange
2466,カエシスFZレジスト橙,Veste Cayssis FZ orange
2467,嵐転の胸当て,
2468,嵐転の胸当て・魁,
2469,地転の胸当て,
2470,地転の胸当て・魁,
2471,キュビィメイル,Cotte Cubie
2472,キュビィＦメイル,Cotte Cubie F
2473,キュビィFZメイル,Cotte Cubie FZ
2474,キュビィレジスト,Veste Cubie
2475,キュビィＦレジスト,Veste Cubie F
2476,キュビィFZレジスト,Veste Cubie FZ
2477,フラートベスト,
2478,フラートＦベスト,
2479,ナーレーベスト,
2480,ナーレーＦベスト,
2481,ヘイツベスト,
2482,ヘイツＦベスト,
2483,レーングスーツ,
2484,レーングＦスーツ,
2485,シャッドベスト,
2486,シャッドＦベスト,
2487,フュージベスト,
2488,フュージＦベスト,
2489,タニイベスト,
2490,タニイＦベスト,
2491,ミナムスーツ,
2492,ミナムＦスーツ,
2493,シエナメイル・銀,Cotte Sienne argentée
2494,シエナＦメイル・銀,Cotte Sienne F argentée
2495,シエナFZメイル・銀,Cotte Sienne FZ argentée
2496,シエナHCメイル・銀,Cotte Sienne HC argentée
2497,シエナレジスト・銀,Veste Sienne argentée
2498,シエナＦレジスト・銀,Veste Sienne F argentée
2499,シエナFZレジスト・銀,Veste Sienne FZ argentée
2500,シエナHCレジスト・銀,Veste Sienne HC argentée
2501,シエナメイル・黒,Cotte Sienne noire
2502,シエナＦメイル・黒,Cotte Sienne F noire
2503,シエナFZメイル・黒,Cotte Sienne FZ noire
2504,シエナHCメイル・黒,Cotte Sienne HC noire
2505,シエナレジスト・黒,Veste Sienne noire
2506,シエナＦレジスト・黒,Veste Sienne F noire
2507,シエナFZレジスト・黒,Veste Sienne FZ noire
2508,シエナHCレジスト・黒,Veste Sienne HC noire
2509,シエナメイル・赤,Cotte Sienne rouge
2510,シエナＦメイル・赤,Cotte Sienne F rouge
2511,シエナFZメイル・赤,Cotte Sienne FZ rouge
2512,シエナHCメイル・赤,Cotte Sienne HC rouge
2513,シエナレジスト・赤,Veste Sienne rouge
2514,シエナＦレジスト・赤,Veste Sienne F rouge
2515,シエナFZレジスト・赤,Veste Sienne FZ rouge
2516,シエナHCレジスト・赤,Veste Sienne HC rouge
2517,シエナメイル・青,Cotte Sienne bleue
2518,シエナＦメイル・青,Cotte Sienne F bleue
2519,シエナFZメイル・青,Cotte Sienne FZ bleue
2520,シエナHCメイル・青,Cotte Sienne HC bleue
2521,シエナレジスト・青,Veste Sienne bleue
2522,シエナＦレジスト・青,Veste Sienne F bleue
2523,シエナFZレジスト・青,Veste Sienne FZ bleue
2524,シエナHCレジスト・青,Veste Sienne HC bleue
2525,ガウスメイル,Cotte Gauss
2526,ガウスＦメイル,Cotte Gauss F
2527,ウェーバメイル,Cotte Weber
2528,ウェーバＦメイル,Cotte Weber F
2529,ギルバートメイル,Cotte Gilbert
2530,ギルバートＦメイル,Cotte Gilbert F
2531,ガウスレジスト,Veste Gauss
2532,ガウスＦレジスト,Veste Gauss F
2533,ウェーバレジスト,Veste Weber
2534,ウェーバＦレジスト,Veste Weber F
2535,ギルバートレジスト,Veste Gilbert
2536,ギルバートＦレジスト,Veste Gilbert F
2537,レギュクスＦメイル,Cotte Regyukusu F
2538,レギュクスＦスーツ,Combinaison Regyukusu F
2539,ガルーダFZスーツ,Combinaison Garuda FZ
2540,ガルーダFZベスト,Gilet Garuda FZ
2541,フィアラルFZスーツ,Combinaison Féral FZ
2542,フィアラルFZベスト,Gilet Féral FZ
2543,パンデウムFZスーツ,Combinaison Pandeum FZ
2544,パンデウムFZベスト,Gilet Pandeum FZ
2545,ディアンFZスーツ,Combinaison Dian FZ
2546,ディアンFZベスト,Gilet Dian FZ
2547,ワイルドFZスーツ,Combinaison Sauvage FZ
2548,ワイルドFZベスト,Gilet Sauvage FZ
2549,フラウアFZスーツ,Combinaison Fleur FZ
2550,フラウアFZベスト,Gilet Fleur FZ
2551,フィアスFZスーツ,Combinaison Fias FZ
2552,フィアスFZベスト,Gilet Fias FZ
2553,ヴィルトFZスーツ,Combinaison Viruto FZ
2554,ヴィルトFZベスト,Gilet Viruto FZ
2555,テューンFZスーツ,
2556,シュナイトFZベスト,Gilet Schnite FZ
2557,ディクトFZスーツ,Combinaison Dicto FZ
2558,ディレットFZベスト,Gilet Diletto FZ
2559,クリュスFZスーツ,Combinaison Kruss FZ
2560,クォートFZベスト,
2561,スタリナFZスーツ,Combinaison Starina FZ
2562,スタリナFZベスト,Gilet Starina FZ
2563,ルースFZスーツ,
2564,ルースFZベスト,
2565,ミラドFZスーツ,Combinaison Mirado FZ
2566,ミラドFZベスト,Gilet Mirado FZ
2567,デュールFZメイル,Cotte Deyuru FZ
2568,デュールFZレジスト,Veste Deyuru FZ
2569,ロバストFZディール,
2570,ロバストFZスキン,
2571,ファルコFZメイル,Cotte Falco FZ
2572,ファルコFZレジスト,Veste Falco FZ
2573,ハウクスFZメイル,Cotte Howx FZ
2574,ハウクスFZレジスト,Veste Howx FZ
2575,ピラータFZジャケット,
2576,ピラータFZスーツ,Combinaison Pirata FZ
2577,ゼロイFZジャケット,
2578,ゼロイFZスーツ,Combinaison Zeroi FZ
2579,レイルFZメイル,
2580,レイルFZレジスト,
2581,リーデレFZメイル,Cotte Ridere FZ
2582,リーデレFZレジスト,Veste Ridere FZ
2583,リエットFZメイル,Cotte Émeute FZ
2584,リエットFZレジスト,Veste Émeute FZ
2585,ルターレFZメイル,Cotte Rutare FZ
2586,ルターレFZレジスト,Veste Rutare FZ
2587,流転の胸当て・雅,
2588,旋転の胸当て・雅,
2589,嵐転の胸当て・雅,
2590,地転の胸当て・雅,
2591,オディバメイル,Cotte Odiva
2592,オディバＦメイル,Cotte Odiva F
2593,オディバFXメイル,Cotte Odiva FX
2594,オディバレジスト,Veste Odiva
2595,オディバＦレジスト,Veste Odiva F
2596,オディバFXレジスト,Veste Odiva FX
2597,武者【胴当て】,
2598,日光【胴当て】,
2599,ブリッツＦベスト,
2600,ブリッツＦケープ,
2601,フレイムＦメイル,Cotte Flamme F
2602,フレイムＦレジスト,Veste Flamme F
2603,ウィンドＦディール,
2604,ウィンドＦバダル,
2605,武者Ｆ【胴当て】,
2606,日光Ｆ【胴当て】,
2607,ワダツミＦ【胸当て】,
2608,オカミＦ【胸当て】,
2609,トリートジャケット,
2610,トリートＦジャケット,
2611,トリートFYジャケット,
2612,トリートHCジャケット,
2613,トリートスーツ,
2614,トリートＦスーツ,
2615,トリートFYスーツ,
2616,トリートHCスーツ,
2617,タングスメイル,Cotte Tangusu
2618,タングスＦメイル,Cotte Tangusu F
2619,タングスFYメイル,Cotte Tangusu FY
2620,タングスHCメイル,Cotte Tangusu HC
2621,コバルタレジスト,Veste Kobaruta
2622,コバルタＦレジスト,Veste Kobaruta F
2623,コバルタFYレジスト,Veste Kobaruta FY
2624,コバルタHCレジスト,Veste Kobaruta HC
2625,ドグメアメイル,Cotte Dogumea
2626,ドグメアＦメイル,Cotte Dogumea F
2627,ドグメアFYメイル,Cotte Dogumea FY
2628,ドグメアHCメイル,Cotte Dogumea HC
2629,ドグメアレジスト,Veste Dogumea
2630,ドグメアＦレジスト,Veste Dogumea F
2631,ドグメアFYレジスト,Veste Dogumea FY
2632,ドグメアHCレジスト,Veste Dogumea HC
2633,マダルメイル,Cotte Madaru
2634,マダルＦメイル,Cotte Madaru F
2635,マダルFYメイル,Cotte Madaru FY
2636,マダルHCメイル,Cotte Madaru HC
2637,マダルレジスト,Veste Madaru
2638,マダルＦレジスト,Veste Madaru F
2639,マダルFYレジスト,Veste Madaru FY
2640,マダルHCレジスト,Veste Madaru HC
2641,ディールHCジャケット,
2642,ディールHCスーツ,Combinaison Diru HC
2643,ヴィネンFYジャケット,
2644,ヴィネンHCジャケット,
2645,ヴィネンFYスーツ,Combinaison Vinen FY
2646,ヴィネンHCスーツ,Combinaison Vinen HC
2647,ブレオFYジャケット,
2648,ブレオHCジャケット,
2649,カカブＦメイル,Cotte Kakabu F
2650,カカブFYメイル,Cotte Kakabu FY
2651,カカブHCメイル,Cotte Kakabu HC
2652,カカブＦレジスト,Veste Kakabu F
2653,カカブFYレジスト,Veste Kakabu FY
2654,カカブHCレジスト,Veste Kakabu HC
2655,ゴスペルFYメイル,
2656,ゴスペルHCメイル,
2657,ゴスペルFYレジスト,
2658,ゴスペルHCレジスト,
2659,ゾデックメイル・青,Cotte Zodec bleue
2660,ゾデックＦメイル・青,Cotte Zodec F bleue
2661,ゾデックFZメイル・青,Cotte Zodec FZ bleue
2662,ゾデックスーツ・青,Combinaison Zodec bleue
2663,ゾデックＦスーツ・青,Combinaison Zodec F bleue
2664,ゾデックFZスーツ・青,Combinaison Zodec FZ bleue
2665,ゾデックメイル・茶,Cotte Zodec brune
2666,ゾデックＦメイル・茶,Cotte Zodec F brune
2667,ゾデックFZメイル・茶,Cotte Zodec FZ brune
2668,ゾデックスーツ・茶,Combinaison Zodec brune
2669,ゾデックＦスーツ・茶,Combinaison Zodec F brune
2670,ゾデックFZスーツ・茶,Combinaison Zodec FZ brune
2671,ゾデックメイル・緑,Cotte Zodec verte
2672,ゾデックＦメイル・緑,Cotte Zodec F verte
2673,ゾデックFZメイル・緑,Cotte Zodec FZ verte
2674,ゾデックスーツ・緑,Combinaison Zodec verte
2675,ゾデックＦスーツ・緑,Combinaison Zodec F verte
2676,ゾデックFZスーツ・緑,Combinaison Zodec FZ verte
2677,ゾデックメイル・桜,
2678,ゾデックＦメイル・桜,
2679,ゾデックFZメイル・桜,
2680,ゾデックスーツ・桜,
2681,ゾデックＦスーツ・桜,
2682,ゾデックFZスーツ・桜,
2683,レイストベスト・黒,Gilet Reist noir
2684,レイストＦベスト・黒,Gilet Reist F noir
2685,レイストFZベスト・黒,Gilet Reist FZ noir
2686,レイストHCベスト・黒,Gilet Reist HC noir
2687,レイストスーツ・黒,Combinaison Reist noire
2688,レイストＦスーツ・黒,Combinaison Reist F noire
2689,レイストFZスーツ・黒,Combinaison Reist FZ noire
2690,レイストHCスーツ・黒,Combinaison Reist HC noire
2691,レイストベスト・青,Gilet Reist bleu
2692,レイストＦベスト・青,Gilet Reist F bleu
2693,レイストFZベスト・青,Gilet Reist FZ bleu
2694,レイストHCベスト・青,Gilet Reist HC bleu
2695,レイストスーツ・青,Combinaison Reist bleue
2696,レイストＦスーツ・青,Combinaison Reist F bleue
2697,レイストFZスーツ・青,Combinaison Reist FZ bleue
2698,レイストHCスーツ・青,Combinaison Reist HC bleue
2699,レイストベスト・紅,Gilet Reist cramoisi
2700,レイストＦベスト・紅,Gilet Reist F cramoisi
2701,レイストFZベスト・紅,Gilet Reist FZ cramoisi
2702,レイストHCベスト・紅,Gilet Reist HC cramoisi
2703,レイストスーツ・紅,Combinaison Reist cramoisie
2704,レイストＦスーツ・紅,Combinaison Reist F cramoisie
2705,レイストFZスーツ・紅,Combinaison Reist FZ cramoisie
2706,レイストHCスーツ・紅,Combinaison Reist HC cramoisie
2707,レイストベスト・白,Gilet Reist blanc
2708,レイストＦベスト・白,Gilet Reist F blanc
2709,レイストFZベスト・白,Gilet Reist FZ blanc
2710,レイストHCベスト・白,Gilet Reist HC blanc
2711,レイストスーツ・白,Combinaison Reist blanche
2712,レイストＦスーツ・白,Combinaison Reist F blanche
2713,レイストFZスーツ・白,Combinaison Reist FZ blanche
2714,レイストHCスーツ・白,Combinaison Reist HC blanche
2715,ラトリアベスト,Gilet Latria
2716,ラトリアＦベスト,Gilet Latria F
2717,ラトリアFZベスト,Gilet Latria FZ
2718,ラトリアスーツ,Combinaison Latria
2719,ラトリアＦスーツ,Combinaison Latria F
2720,ラトリアFZスーツ,Combinaison Latria FZ
2721,ケモルメイル,Cotte Kemor
2722,ケモルＦメイル,Cotte Kemor F
2723,ケモルFZメイル,Cotte Kemor FZ
2724,ケモルレジスト,Veste Kemor
2725,ケモルＦレジスト,Veste Kemor F
2726,ケモルFZレジスト,Veste Kemor FZ
2727,ダミー,
2728,ダミー,
2729,剣士ランク１,
2730,剣士ランク２,
2731,剣士ランク３,
2732,剣士ランク４,
2733,剣士ランク５,
2734,剣士ランク６,
2735,剣士ランク７,
2736,ガンランク１,
2737,ガンランク２,
2738,ガンランク３,
2739,ガンランク４,
2740,ガンランク５,
2741,ガンランク６,
2742,ガンランク７,
2743,デュスノＦメイル,
2744,デュスノＦレジスト,
2745,ブリッツFXベスト,
2746,ブリッツFXケープ,
2747,フレイムFXメイル,Cotte Flamme FX
2748,フレイムFXレジスト,Veste Flamme FX
2749,ウィンドFXディール,
2750,ウィンドFXバダル,
2751,武者FX【胴当て】,
2752,日光FX【胴当て】,
2753,ワダツミFX【胸当て】,
2754,オカミFX【胸当て】,
2755,ラヴィHCメイル,Cotte Raviente HC
2756,ラヴィHCレジスト,Veste Raviente HC
2757,エスピナHCムスケル,
2758,エスピナHCケミュート,
2759,アクラHCメイル,Cotte Akura HC
2760,アクラHCレジスト,Veste Akura HC
2761,アクラHCメイル黄,Cotte Akura HC jaune
2762,アクラHCレジスト黄,Veste Akura HC jaune
2763,アクラHCメイル蒼,Cotte Akura HC azur
2764,アクラHCレジスト蒼,Veste Akura HC azur
2765,アクラHCメイル紅,Cotte Akura HC cramoisie
2766,アクラHCレジスト紅,Veste Akura HC cramoisie
2767,稲荷・HC【胴当て】,
2768,玉藻・HC【胸当て】,
2769,ベルHCメイル,Cotte Beru HC
2770,ベルHCレジスト,Veste Beru HC
2771,パリアHCメイル,Cotte Paria HC
2772,パリアHCレジスト,Veste Paria HC
2773,グレンHCメイル,Cotte Guren HC
2774,グレンHCレジスト,Veste Guren HC
2775,神楽HC【胴当て】,
2776,神座HC【胸当て】,
2777,ゴゴHCメイル,Cotte Gogomoa HC
2778,ゴゴHCレジスト,Veste Gogomoa HC
2779,ルコHCハイド,
2780,ルコHCスキン,
2781,ザムザHCメイル,Cotte Zamuza HC
2782,ザムザHCレジスト,Veste Zamuza HC
2783,アビオHCメイル,Cotte Abiorugu HC
2784,アビオHCレジスト,Veste Abiorugu HC
2785,クアルHCメイル,Cotte Kuaru HC
2786,クアルHCレジスト,Veste Kuaru HC
2787,テクストHCベスト・紫,Gilet Texte HC violet
2788,テクストHCスーツ・紫,Combinaison Texte HC violette
2789,テクストHCベスト・緑,Gilet Texte HC vert
2790,テクストHCスーツ・緑,Combinaison Texte HC verte
2791,テクストHCベスト・青,Gilet Texte HC bleu
2792,テクストHCスーツ・青,Combinaison Texte HC bleue
2793,テクストHCベスト・黒,Gilet Texte HC noir
2794,テクストHCスーツ・黒,Combinaison Texte HC noire
2795,スリートHCベスト・黄,Gilet Grésil HC jaune
2796,スリートHCスーツ・黄,Combinaison Grésil HC jaune
2797,スリートHCベスト・銀,Gilet Grésil HC argenté
2798,スリートHCスーツ・銀,Combinaison Grésil HC argentée
2799,スリートHCベスト・赤,Gilet Grésil HC rouge
2800,スリートHCスーツ・赤,Combinaison Grésil HC rouge
2801,スリートHCベスト・青,Gilet Grésil HC bleu
2802,スリートHCスーツ・青,Combinaison Grésil HC bleue
2803,ステノHCメイル・橙,Cotte Stheno HC orange
2804,ステノHCレジスト・橙,Veste Stheno HC orange
2805,ステノHCメイル・桃,Cotte Stheno HC rose
2806,ステノHCレジスト・桃,Veste Stheno HC rose
2807,ステノHCメイル・青,Cotte Stheno HC bleue
2808,ステノHCレジスト・青,Veste Stheno HC bleue
2809,ステノHCメイル・赤,Cotte Stheno HC rouge
2810,ステノHCレジスト・赤,Veste Stheno HC rouge
2811,レイジFZメイル,Cotte Rage FZ
2812,レイジHCメイル,Cotte Rage HC
2813,レイジFZスーツ,Combinaison Rage FZ
2814,レイジHCスーツ,Combinaison Rage HC
2815,ランページFZメイル,Cotte Déchaînement FZ
2816,ランページHCメイル,Cotte Déchaînement HC
2817,ランページFZスーツ,Combinaison Déchaînement FZ
2818,ランページHCスーツ,Combinaison Déchaînement HC
2819,ブレイズFZメイル,Cotte Brasier FZ
2820,ブレイズHCメイル,Cotte Brasier HC
2821,ブレイズFZスーツ,Combinaison Brasier FZ
2822,ブレイズHCスーツ,Combinaison Brasier HC
2823,アージェHCベスト,Gilet Arge HC
2824,アージェHCスーツ,Combinaison Arge HC
2825,カマレラHCベスト,Gilet Camarera HC
2826,カマレラHCスーツ,Combinaison Camarera HC
2827,メテネラHCベスト,Gilet Metenera HC
2828,メテネラHCスーツ,Combinaison Metenera HC
2829,ファランFZメイル・白,Cotte Faran FZ blanche
2830,ファランHCメイル・白,Cotte Faran HC blanche
2831,ファランFZスーツ・白,Combinaison Faran FZ blanche
2832,ファランHCスーツ・白,Combinaison Faran HC blanche
2833,ファランFZメイル・黒,Cotte Faran FZ noire
2834,ファランHCメイル・黒,Cotte Faran HC noire
2835,ファランFZスーツ・黒,Combinaison Faran FZ noire
2836,ファランHCスーツ・黒,Combinaison Faran HC noire
2837,ファランFZメイル・赤,Cotte Faran FZ rouge
2838,ファランHCメイル・赤,Cotte Faran HC rouge
2839,ファランFZスーツ・赤,Combinaison Faran FZ rouge
2840,ファランHCスーツ・赤,Combinaison Faran HC rouge
2841,ファランFZメイル・青,Cotte Faran FZ bleue
2842,ファランHCメイル・青,Cotte Faran HC bleue
2843,ファランFZスーツ・青,Combinaison Faran FZ bleue
2844,ファランHCスーツ・青,Combinaison Faran HC bleue
2845,ゾデックHCメイル・青,Cotte Zodec HC bleue
2846,ゾデックHCスーツ・青,Combinaison Zodec HC bleue
2847,ゾデックHCメイル・茶,Cotte Zodec HC brune
2848,ゾデックHCスーツ・茶,Combinaison Zodec HC brune
2849,ゾデックHCメイル・緑,Cotte Zodec HC verte
2850,ゾデックHCスーツ・緑,Combinaison Zodec HC verte
2851,ゾデックHCメイル・桜,
2852,ゾデックHCスーツ・桜,
2853,ラヴィHSメイル,Cotte Raviente HS
2854,ラヴィHSレジスト,Veste Raviente HS
2855,エスピナHSムスケル,
2856,エスピナHSケミュート,
2857,アクラHSメイル,Cotte Akura HS
2858,アクラHSレジスト,Veste Akura HS
2859,アクラHSメイル黄,Cotte Akura HS jaune
2860,アクラHSレジスト黄,Veste Akura HS jaune
2861,アクラHSメイル蒼,Cotte Akura HS azur
2862,アクラHSレジスト蒼,Veste Akura HS azur
2863,アクラHSメイル紅,Cotte Akura HS cramoisie
2864,アクラHSレジスト紅,Veste Akura HS cramoisie
2865,稲荷・HS【胴当て】,
2866,玉藻・HS【胸当て】,
2867,ベルHSメイル,Cotte Beru HS
2868,ベルHSレジスト,Veste Beru HS
2869,パリアHSメイル,Cotte Paria HS
2870,パリアHSレジスト,Veste Paria HS
2871,グレンHSメイル,Cotte Guren HS
2872,グレンHSレジスト,Veste Guren HS
2873,神楽HS【胴当て】,
2874,神座HS【胸当て】,
2875,ゴゴHSメイル,Cotte Gogomoa HS
2876,ゴゴHSレジスト,Veste Gogomoa HS
2877,ルコHSハイド,
2878,ルコHSスキン,
2879,ザムザHSメイル,Cotte Zamuza HS
2880,ザムザHSレジスト,Veste Zamuza HS
2881,アビオHSメイル,Cotte Abiorugu HS
2882,アビオHSレジスト,Veste Abiorugu HS
2883,クアルHSメイル,Cotte Kuaru HS
2884,クアルHSレジスト,Veste Kuaru HS
2885,リルスＦメイル,Cotte Lils F
2886,リルスＦレジスト,Veste Lils F
2887,リルスFXメイル,Cotte Lils FX
2888,リルスFXレジスト,Veste Lils FX
2889,ゾデックHSメイル・青,Cotte Zodec HS bleue
2890,ゾデックHSスーツ・青,Combinaison Zodec HS bleue
2891,ゾデックHSメイル・茶,Cotte Zodec HS brune
2892,ゾデックHSスーツ・茶,Combinaison Zodec HS brune
2893,ゾデックHSメイル・緑,Cotte Zodec HS verte
2894,ゾデックHSスーツ・緑,Combinaison Zodec HS verte
2895,ゾデックHSメイル・桜,
2896,ゾデックHSスーツ・桜,
2897,レイストHSベスト・黒,Gilet Reist HS noir
2898,レイストHSスーツ・黒,Combinaison Reist HS noire
2899,レイストHSベスト・青,Gilet Reist HS bleu
2900,レイストHSスーツ・青,Combinaison Reist HS bleue
2901,レイストHSベスト・紅,Gilet Reist HS cramoisi
2902,レイストHSスーツ・紅,Combinaison Reist HS cramoisie
2903,レイストHSベスト・白,Gilet Reist HS blanc
2904,レイストHSスーツ・白,Combinaison Reist HS blanche
2905,クロースベスト・赤,Gilet Étoffe rouge
2906,クロースＦベスト・赤,Gilet Étoffe F rouge
2907,クロースFZベスト・赤,Gilet Étoffe FZ rouge
2908,クロースHCベスト・赤,Gilet Étoffe HC rouge
2909,クロースHSベスト・赤,Gilet Étoffe HS rouge
2910,クローススーツ・赤,Combinaison Étoffe rouge
2911,クロースＦスーツ・赤,Combinaison Étoffe F rouge
2912,クロースFZスーツ・赤,Combinaison Étoffe FZ rouge
2913,クロースHCスーツ・赤,Combinaison Étoffe HC rouge
2914,クロースHSスーツ・赤,Combinaison Étoffe HS rouge
2915,クロースベスト・青,Gilet Étoffe bleu
2916,クロースＦベスト・青,Gilet Étoffe F bleu
2917,クロースFZベスト・青,Gilet Étoffe FZ bleu
2918,クロースHCベスト・青,Gilet Étoffe HC bleu
2919,クロースHSベスト・青,Gilet Étoffe HS bleu
2920,クローススーツ・青,Combinaison Étoffe bleue
2921,クロースＦスーツ・青,Combinaison Étoffe F bleue
2922,クロースFZスーツ・青,Combinaison Étoffe FZ bleue
2923,クロースHCスーツ・青,Combinaison Étoffe HC bleue
2924,クロースHSスーツ・青,Combinaison Étoffe HS bleue
2925,クロースベスト・紫,Gilet Étoffe violet
2926,クロースＦベスト・紫,Gilet Étoffe F violet
2927,クロースFZベスト・紫,Gilet Étoffe FZ violet
2928,クロースHCベスト・紫,Gilet Étoffe HC violet
2929,クロースHSベスト・紫,Gilet Étoffe HS violet
2930,クローススーツ・紫,Combinaison Étoffe violette
2931,クロースＦスーツ・紫,Combinaison Étoffe F violette
2932,クロースFZスーツ・紫,Combinaison Étoffe FZ violette
2933,クロースHCスーツ・紫,Combinaison Étoffe HC violette
2934,クロースHSスーツ・紫,Combinaison Étoffe HS violette
2935,クロースベスト・緑,Gilet Étoffe vert
2936,クロースＦベスト・緑,Gilet Étoffe F vert
2937,クロースFZベスト・緑,Gilet Étoffe FZ vert
2938,クロースHCベスト・緑,Gilet Étoffe HC vert
2939,クロースHSベスト・緑,Gilet Étoffe HS vert
2940,クローススーツ・緑,Combinaison Étoffe verte
2941,クロースＦスーツ・緑,Combinaison Étoffe F verte
2942,クロースFZスーツ・緑,Combinaison Étoffe FZ verte
2943,クロースHCスーツ・緑,Combinaison Étoffe HC verte
2944,クロースHSスーツ・緑,Combinaison Étoffe HS verte
2945,一閃【胴当て】・赤,
2946,一閃Ｆ【胴当て】・赤,
2947,一閃FZ【胴当て】・赤,
2948,一閃HC【胴当て】・赤,
2949,一閃HS【胴当て】・赤,
2950,構射【胴当て】・赤,
2951,構射Ｆ【胴当て】・赤,
2952,構射FZ【胴当て】・赤,
2953,構射HC【胴当て】・赤,
2954,構射HS【胴当て】・赤,
2955,一閃【胴当て】・青,
2956,一閃Ｆ【胴当て】・青,
2957,一閃FZ【胴当て】・青,
2958,一閃HC【胴当て】・青,
2959,一閃HS【胴当て】・青,
2960,構射【胴当て】・青,
2961,構射Ｆ【胴当て】・青,
2962,構射FZ【胴当て】・青,
2963,構射HC【胴当て】・青,
2964,構射HS【胴当て】・青,
2965,一閃【胴当て】・黄,
2966,一閃Ｆ【胴当て】・黄,
2967,一閃FZ【胴当て】・黄,
2968,一閃HC【胴当て】・黄,
2969,一閃HS【胴当て】・黄,
2970,構射【胴当て】・黄,
2971,構射Ｆ【胴当て】・黄,
2972,構射FZ【胴当て】・黄,
2973,構射HC【胴当て】・黄,
2974,構射HS【胴当て】・黄,
2975,一閃【胴当て】・黒,
2976,一閃Ｆ【胴当て】・黒,
2977,一閃FZ【胴当て】・黒,
2978,一閃HC【胴当て】・黒,
2979,一閃HS【胴当て】・黒,
2980,構射【胴当て】・黒,
2981,構射Ｆ【胴当て】・黒,
2982,構射FZ【胴当て】・黒,
2983,構射HC【胴当て】・黒,
2984,構射HS【胴当て】・黒,
2985,蜂針【胸当て】・橙,
2986,蜂針Ｆ【胸当て】・橙,
2987,蜂針FZ【胸当て】・橙,
2988,蜂針HC【胸当て】・橙,
2989,蜂針HS【胸当て】・橙,
2990,気弾【胸当て】・橙,
2991,気弾Ｆ【胸当て】・橙,
2992,気弾FZ【胸当て】・橙,
2993,気弾HC【胸当て】・橙,
2994,気弾HS【胸当て】・橙,
2995,蜂針【胸当て】・青,
2996,蜂針Ｆ【胸当て】・青,
2997,蜂針FZ【胸当て】・青,
2998,蜂針HC【胸当て】・青,
2999,蜂針HS【胸当て】・青,
3000,気弾【胸当て】・青,
3001,気弾Ｆ【胸当て】・青,
3002,気弾FZ【胸当て】・青,
3003,気弾HC【胸当て】・青,
3004,気弾HS【胸当て】・青,
3005,蜂針【胸当て】・黄,
3006,蜂針Ｆ【胸当て】・黄,
3007,蜂針FZ【胸当て】・黄,
3008,蜂針HC【胸当て】・黄,
3009,蜂針HS【胸当て】・黄,
3010,気弾【胸当て】・黄,
3011,気弾Ｆ【胸当て】・黄,
3012,気弾FZ【胸当て】・黄,
3013,気弾HC【胸当て】・黄,
3014,気弾HS【胸当て】・黄,
3015,蜂針【胸当て】・黒,
3016,蜂針Ｆ【胸当て】・黒,
3017,蜂針FZ【胸当て】・黒,
3018,蜂針HC【胸当て】・黒,
3019,蜂針HS【胸当て】・黒,
3020,気弾【胸当て】・黒,
3021,気弾Ｆ【胸当て】・黒,
3022,気弾FZ【胸当て】・黒,
3023,気弾HC【胸当て】・黒,
3024,気弾HS【胸当て】・黒,
3025,アルゴルＦメイル,Cotte Algol F
3026,アルゴルFXメイル,Cotte Algol FX
3027,アルゴルＦレジスト,Veste Algol F
3028,アルゴルFXレジスト,Veste Algol FX
3029,抜胴【胴当て】,
3030,抜胴Ｆ【胴当て】,
3031,抜胴FZ【胴当て】,
3032,抜胴HS【胴当て】,
3033,長根【胴当て】,
3034,長根Ｆ【胴当て】,
3035,長根FZ【胴当て】,
3036,長根HS【胴当て】,
3037,花火【胸当て】,
3038,花火Ｆ【胸当て】,
3039,花火FZ【胸当て】,
3040,花火HS【胸当て】,
3041,流星【胸当て】,
3042,流星Ｆ【胸当て】,
3043,流星FZ【胸当て】,
3044,流星HS【胸当て】,
3045,居合【胴当て】,
3046,居合Ｆ【胴当て】,
3047,居合FZ【胴当て】,
3048,居合HC【胴当て】,
3049,爆裂【胴当て】,
3050,爆裂Ｆ【胴当て】,
3051,爆裂FZ【胴当て】,
3052,爆裂HC【胴当て】,
3053,脱兎【胸当て】,
3054,脱兎Ｆ【胸当て】,
3055,脱兎FZ【胸当て】,
3056,脱兎HC【胸当て】,
3057,狂咲【胸当て】,
3058,狂咲Ｆ【胸当て】,
3059,狂咲FZ【胸当て】,
3060,狂咲HC【胸当て】,
3061,正拳FZ胴着,
3062,正拳HC胴着,
3063,灼熱FZ胴着,
3064,灼熱HC胴着,
3065,龍星FZ胴着,
3066,龍星HC胴着,
3067,虎襲FZ胴着,
3068,虎襲HC胴着,
3069,コンタオベスト,Gilet Kontao
3070,コンタオＦベスト,Gilet Kontao F
3071,コンタオFZベスト,Gilet Kontao FZ
3072,ダミー,
3073,ダミー,
3074,コンタオスーツ,Combinaison Kontao
3075,コンタオＦスーツ,Combinaison Kontao F
3076,コンタオFZスーツ,Combinaison Kontao FZ
3077,ダミー,
3078,ダミー,
3079,グロリアメイル・金,Cotte Gloria dorée
3080,グロリアＦメイル・金,Cotte Gloria F dorée
3081,グロリアFZメイル・金,Cotte Gloria FZ dorée
3082,グロリアHCメイル・金,Cotte Gloria HC dorée
3083,グロリアHSメイル・金,Cotte Gloria HS dorée
3084,グロリアスーツ・金,Combinaison Gloria dorée
3085,グロリアＦスーツ・金,Combinaison Gloria F dorée
3086,グロリアFZスーツ・金,Combinaison Gloria FZ dorée
3087,グロリアHCスーツ・金,Combinaison Gloria HC dorée
3088,グロリアHSスーツ・金,Combinaison Gloria HS dorée
3089,グロリアメイル・青,Cotte Gloria bleue
3090,グロリアＦメイル・青,Cotte Gloria F bleue
3091,グロリアFZメイル・青,Cotte Gloria FZ bleue
3092,グロリアHCメイル・青,Cotte Gloria HC bleue
3093,グロリアHSメイル・青,Cotte Gloria HS bleue
3094,グロリアスーツ・青,Combinaison Gloria bleue
3095,グロリアＦスーツ・青,Combinaison Gloria F bleue
3096,グロリアFZスーツ・青,Combinaison Gloria FZ bleue
3097,グロリアHCスーツ・青,Combinaison Gloria HC bleue
3098,グロリアHSスーツ・青,Combinaison Gloria HS bleue
3099,グロリアメイル・水,
3100,グロリアＦメイル・水,
3101,グロリアFZメイル・水,
3102,グロリアHCメイル・水,
3103,グロリアHSメイル・水,
3104,グロリアスーツ・水,
3105,グロリアＦスーツ・水,
3106,グロリアFZスーツ・水,
3107,グロリアHCスーツ・水,
3108,グロリアHSスーツ・水,
3109,グロリアメイル・赤,Cotte Gloria rouge
3110,グロリアＦメイル・赤,Cotte Gloria F rouge
3111,グロリアFZメイル・赤,Cotte Gloria FZ rouge
3112,グロリアHCメイル・赤,Cotte Gloria HC rouge
3113,グロリアHSメイル・赤,Cotte Gloria HS rouge
3114,グロリアスーツ・赤,Combinaison Gloria rouge
3115,グロリアＦスーツ・赤,Combinaison Gloria F rouge
3116,グロリアFZスーツ・赤,Combinaison Gloria FZ rouge
3117,グロリアHCスーツ・赤,Combinaison Gloria HC rouge
3118,グロリアHSスーツ・赤,Combinaison Gloria HS rouge
3119,神龍胴着・赤,
3120,神龍Ｆ胴着・赤,
3121,神龍FZ胴着・赤,
3122,神龍HC胴着・赤,
3123,神龍HS胴着・赤,
3124,裂破胴着・赤,
3125,裂破Ｆ胴着・赤,
3126,裂破FZ胴着・赤,
3127,裂破HC胴着・赤,
3128,裂破HS胴着・赤,
3129,神龍胴着・白,
3130,神龍Ｆ胴着・白,
3131,神龍FZ胴着・白,
3132,神龍HC胴着・白,
3133,神龍HS胴着・白,
3134,裂破胴着・白,
3135,裂破Ｆ胴着・白,
3136,裂破FZ胴着・白,
3137,裂破HC胴着・白,
3138,裂破HS胴着・白,
3139,神龍胴着・紫,
3140,神龍Ｆ胴着・紫,
3141,神龍FZ胴着・紫,
3142,神龍HC胴着・紫,
3143,神龍HS胴着・紫,
3144,裂破胴着・紫,
3145,裂破Ｆ胴着・紫,
3146,裂破FZ胴着・紫,
3147,裂破HC胴着・紫,
3148,裂破HS胴着・紫,
3149,神龍胴着・黄,
3150,神龍Ｆ胴着・黄,
3151,神龍FZ胴着・黄,
3152,神龍HC胴着・黄,
3153,神龍HS胴着・黄,
3154,裂破胴着・黄,
3155,裂破Ｆ胴着・黄,
3156,裂破FZ胴着・黄,
3157,裂破HC胴着・黄,
3158,裂破HS胴着・黄,
3159,キャノンスーツ・水,
3160,キャノンＦスーツ・水,
3161,キャノンFZスーツ・水,
3162,キャノンHCスーツ・水,
3163,キャノンHSスーツ・水,
3164,アクセルスーツ・水,
3165,アクセルＦスーツ・水,
3166,アクセルFZスーツ・水,
3167,アクセルHCスーツ・水,
3168,アクセルHSスーツ・水,
3169,キャノンスーツ・緑,
3170,キャノンＦスーツ・緑,
3171,キャノンFZスーツ・緑,
3172,キャノンHCスーツ・緑,
3173,キャノンHSスーツ・緑,
3174,アクセルスーツ・緑,
3175,アクセルＦスーツ・緑,
3176,アクセルFZスーツ・緑,
3177,アクセルHCスーツ・緑,
3178,アクセルHSスーツ・緑,
3179,キャノンスーツ・桃,
3180,キャノンＦスーツ・桃,
3181,キャノンFZスーツ・桃,
3182,キャノンHCスーツ・桃,
3183,キャノンHSスーツ・桃,
3184,アクセルスーツ・桃,
3185,アクセルＦスーツ・桃,
3186,アクセルFZスーツ・桃,
3187,アクセルHCスーツ・桃,
3188,アクセルHSスーツ・桃,
3189,キャノンスーツ・紫,
3190,キャノンＦスーツ・紫,
3191,キャノンFZスーツ・紫,
3192,キャノンHCスーツ・紫,
3193,キャノンHSスーツ・紫,
3194,アクセルスーツ・紫,
3195,アクセルＦスーツ・紫,
3196,アクセルFZスーツ・紫,
3197,アクセルHCスーツ・紫,
3198,アクセルHSスーツ・紫,
3199,剣士ランク8,
3200,剣士ランク9,
3201,ガンランク8,
3202,ガンランク9,
3203,ダミー,
3204,ダミー,
3205,ダミー,
3206,ダミー,
3207,ダミー,
3208,ダミー,
3209,ダミー,
3210,ダミー,
3211,ダミー,
3212,ダミー,
3213,ダミー,
3214,ダミー,
3215,ダミー,
3216,ダミー,
3217,ダミー,
3218,ダミー,
3219,ダミー,
3220,ダミー,
3221,ダミー,
3222,ダミー,
3223,ダミー,
3224,ダミー,
3225,ダミー,
3226,ダミー,
3227,ダミー,
3228,ダミー,
3229,ダミー,
3230,ダミー,
3231,ダミー,
3232,ダミー,
3233,ダミー,
3234,ダミー,
3235,ダミー,
3236,ダミー,
3237,ホープメイル,Cotte Espoir
3238,エミットメイル,
3239,エミットＦメイル,
3240,エミットFXメイル,
3241,エミットレジスト,
3242,エミットＦレジスト,
3243,エミットFXレジスト,
3244,ディボアメイル,Cotte Diboa
3245,ディボアＦメイル,Cotte Diboa F
3246,ディボアFXメイル,Cotte Diboa FX
3247,ディボアレジスト,Veste Diboa
3248,ディボアＦレジスト,Veste Diboa F
3249,ディボアFXレジスト,Veste Diboa FX
3250,ピエトラＧメイル,Cotte Pietra G
3251,ピエトラGFメイル,Cotte Pietra GF
3252,ピエトラＧレジスト,Veste Pietra G
3253,ピエトラGFレジスト,Veste Pietra GF
3254,ポカラＧメイル,Cotte Pokara G
3255,ポカラGFメイル,Cotte Pokara GF
3256,ポカラＧレジスト,Veste Pokara G
3257,ポカラGFレジスト,Veste Pokara GF
3258,ザザミＧメイル,Cotte Hermitaur G
3259,ザザミGFメイル,Cotte Hermitaur GF
3260,ザザミＧレジスト,Veste Hermitaur G
3261,ザザミGFレジスト,Veste Hermitaur GF
3262,クックＧメイル,Cotte Kut-Ku G
3263,クックGFメイル,Cotte Kut-Ku GF
3264,クックＧレジスト,Veste Kut-Ku G
3265,クックGFレジスト,Veste Kut-Ku GF
3266,ファルノＧメイル,Cotte Farunokku G
3267,ファルノGFメイル,Cotte Farunokku GF
3268,ファルノＧレジスト,Veste Farunokku G
3269,ファルノGFレジスト,Veste Farunokku GF
3270,ゲリョスＧメイル,Cotte Gypceros G
3271,ゲリョスGFメイル,Cotte Gypceros GF
3272,ゲリョスＧレジスト,Veste Gypceros G
3273,ゲリョスGFレジスト,Veste Gypceros GF
3274,コンガＧメイル,Cotte Conga G
3275,コンガGFメイル,Cotte Conga GF
3276,コンガＧレジスト,Veste Conga G
3277,コンガGFレジスト,Veste Conga GF
3278,ヘッジＧメイル,Cotte Hyuji G
3279,ヘッジGFメイル,Cotte Hyuji GF
3280,ヘッジＧレジスト,Veste Hyuji G
3281,ヘッジGFレジスト,Veste Hyuji GF
3282,バサルＧメイル,Cotte Basarios G
3283,バサルGFメイル,Cotte Basarios GF
3284,バサルＧレジスト,Veste Basarios G
3285,バサルGFレジスト,Veste Basarios GF
3286,レイアＧメイル,Cotte Rathian G
3287,レイアGFメイル,Cotte Rathian GF
3288,レイアＧレジスト,Veste Rathian G
3289,レイアGFレジスト,Veste Rathian GF
3290,ギザミＧメイル,Cotte Ceanataur G
3291,ギザミGFメイル,Cotte Ceanataur GF
3292,ギザミＧレジスト,Veste Ceanataur G
3293,ギザミGFレジスト,Veste Ceanataur GF
3294,御神楽Ｇ【胴当て】,
3295,御神楽GF【胴当て】,
3296,里神楽Ｇ【胸当て】,
3297,里神楽GF【胸当て】,
3298,レウスＧメイル,Cotte Rathalos G
3299,レウスGFメイル,Cotte Rathalos GF
3300,レウスＧレジスト,Veste Rathalos G
3301,レウスGFレジスト,Veste Rathalos GF
3302,ブランゴＧメイル,Cotte Blango G
3303,ブランゴGFメイル,Cotte Blango GF
3304,ブランゴＧレジスト,Veste Blango G
3305,ブランゴGFレジスト,Veste Blango GF
3306,フルフルＧメイル,Cotte Khezu G
3307,フルフルGFメイル,Cotte Khezu GF
3308,フルフルＧレジスト,Veste Khezu G
3309,フルフルGFレジスト,Veste Khezu GF
3310,ホープＧメイル,Cotte Espoir G
3311,ホープGFメイル,Cotte Espoir GF
3312,ホープＧレジスト,Veste Espoir G
3313,ホープGFレジスト,Veste Espoir GF
3314,グラッシュベスト,
3315,グラッシュＦベスト,
3316,グラッシュFYベスト,
3317,グラッシュHCベスト,
3318,グラッシュスーツ,
3319,グラッシュＦスーツ,
3320,グラッシュFYスーツ,
3321,グラッシュHCスーツ,
3322,タンドレスメイル,Cotte Tandress
3323,タンドレスＦメイル,Cotte Tandress F
3324,タンドレスFYメイル,Cotte Tandress FY
3325,タンドレスHCメイル,Cotte Tandress HC
3326,タンドレスレジスト,Veste Tandress
3327,タンドレスＦレジスト,Veste Tandress F
3328,タンドレスFYレジスト,Veste Tandress FY
3329,タンドレスHCレジスト,Veste Tandress HC
3330,ダミー,
3331,ダミー,
3332,ダミー,
3333,ダミー,
3334,ダミー,
3335,ダミー,
3336,ダミー,
3337,ダミー,
3338,ロウセスＧメイル,Cotte Roses G
3339,ロウセスＧレジスト,Veste Roses G
3340,シェルカＧメイル,
3341,チェスカＧレジスト,
3342,ロアースＧメイル,
3343,ライードＧレジスト,
3344,蒼竜ノ具足【胴服】,
3345,蒼竜ノ具足Ｆ【胴服】,
3346,蒼竜ノ具足FZ【胴服】,
3347,蒼竜ノ具足HC【胴服】,
3348,蒼竜ノ具足HS【胴服】,
3349,蒼竜ノ羽織【胴服】,
3350,蒼竜ノ羽織Ｆ【胴服】,
3351,蒼竜ノ羽織FZ【胴服】,
3352,蒼竜ノ羽織HC【胴服】,
3353,蒼竜ノ羽織HS【胴服】,
3354,オービスブレスト,
3355,オービスＦブレスト,
3356,オービスFZブレスト,
3357,オービスHCブレスト,
3358,オービススーツ,Combinaison Ukon
3359,オービスＦスーツ,Combinaison Ukon F
3360,オービスFZスーツ,Combinaison Ukon FZ
3361,オービスHCスーツ,Combinaison Ukon HC
3362,オービスHSブレスト,
3363,オービスGSブレスト,
3364,オービスHSスーツ,Combinaison Ukon HS
3365,オービスGSスーツ,Combinaison Ukon GS
3366,蒼竜ノ具足GS【胴服】,
3367,蒼竜ノ羽織GS【胴服】,
3368,ロウセスGFメイル,Cotte Roses GF
3369,ロウセスGFレジスト,Veste Roses GF
3370,ダミー,
3371,ダミー,
3372,マゴスメイル・黄,Cotte Magos jaune
3373,マゴスＦメイル・黄,Cotte Magos F jaune
3374,マゴスFZメイル・黄,Cotte Magos FZ jaune
3375,マゴスHCメイル・黄,Cotte Magos HC jaune
3376,マゴスHSメイル・黄,Cotte Magos HS jaune
3377,マゴススーツ・黄,Combinaison Magos jaune
3378,マゴスＦスーツ・黄,Combinaison Magos F jaune
3379,マゴスFZスーツ・黄,Combinaison Magos FZ jaune
3380,マゴスHCスーツ・黄,Combinaison Magos HC jaune
3381,マゴスHSスーツ・黄,Combinaison Magos HS jaune
3382,マゴスメイル・赤,Cotte Magos rouge
3383,マゴスＦメイル・赤,Cotte Magos F rouge
3384,マゴスFZメイル・赤,Cotte Magos FZ rouge
3385,マゴスHCメイル・赤,Cotte Magos HC rouge
3386,マゴスHSメイル・赤,Cotte Magos HS rouge
3387,マゴススーツ・赤,Combinaison Magos rouge
3388,マゴスＦスーツ・赤,Combinaison Magos F rouge
3389,マゴスFZスーツ・赤,Combinaison Magos FZ rouge
3390,マゴスHCスーツ・赤,Combinaison Magos HC rouge
3391,マゴスHSスーツ・赤,Combinaison Magos HS rouge
3392,マゴスメイル・水,
3393,マゴスＦメイル・水,
3394,マゴスFZメイル・水,
3395,マゴスHCメイル・水,
3396,マゴスHSメイル・水,
3397,マゴススーツ・水,
3398,マゴスＦスーツ・水,
3399,マゴスFZスーツ・水,
3400,マゴスHCスーツ・水,
3401,マゴスHSスーツ・水,
3402,マゴスメイル・青,Cotte Magos bleue
3403,マゴスＦメイル・青,Cotte Magos F bleue
3404,マゴスFZメイル・青,Cotte Magos FZ bleue
3405,マゴスHCメイル・青,Cotte Magos HC bleue
3406,マゴスHSメイル・青,Cotte Magos HS bleue
3407,マゴススーツ・青,Combinaison Magos bleue
3408,マゴスＦスーツ・青,Combinaison Magos F bleue
3409,マゴスFZスーツ・青,Combinaison Magos FZ bleue
3410,マゴスHCスーツ・青,Combinaison Magos HC bleue
3411,マゴスHSスーツ・青,Combinaison Magos HS bleue
3412,マゴスGSメイル・黄,Cotte Magos GS jaune
3413,マゴスGSスーツ・黄,Combinaison Magos GS jaune
3414,マゴスGSメイル・赤,Cotte Magos GS rouge
3415,マゴスGSスーツ・赤,Combinaison Magos GS rouge
3416,マゴスGSメイル・水,
3417,マゴスGSスーツ・水,
3418,マゴスGSメイル・青,Cotte Magos GS bleue
3419,マゴスGSスーツ・青,Combinaison Magos GS bleue
3420,赤備ノ具足【胴服】,
3421,赤備ノ具足Ｆ【胴服】,
3422,赤備ノ具足FZ【胴服】,
3423,赤備ノ具足HC【胴服】,
3424,赤備ノ具足HS【胴服】,
3425,赤備ノ具足GS【胴服】,
3426,赤備ノ羽織【胴服】,
3427,赤備ノ羽織Ｆ【胴服】,
3428,赤備ノ羽織FZ【胴服】,
3429,赤備ノ羽織HC【胴服】,
3430,赤備ノ羽織HS【胴服】,
3431,赤備ノ羽織GS【胴服】,
3432,ミクベスト,Gilet Miku
3433,ミクＦベスト,Gilet Miku F
3434,ミクFZベスト,Gilet Miku FZ
3435,ミクHCベスト,Gilet Miku HC
3436,ミクHSベスト,Gilet Miku HS
3437,ミクGSベスト,Gilet Miku GS
3438,ミクスーツ,Combinaison Miku
3439,ミクＦスーツ,Combinaison Miku F
3440,ミクFZスーツ,Combinaison Miku FZ
3441,ミクHCスーツ,Combinaison Miku HC
3442,ミクHSスーツ,Combinaison Miku HS
3443,ミクGSスーツ,Combinaison Miku GS
3444,赤原礼装・胴：剣赤,Torse Akahara Lame rouge
3445,赤原礼装・胴：剣Ｆ赤,Torse Akahara F Lame rouge
3446,赤原礼装・胴：剣FZ赤,Torse Akahara FZ Lame rouge
3447,赤原礼装・胴：剣HC赤,Torse Akahara HC Lame rouge
3448,赤原礼装・胴：剣HS赤,Torse Akahara HS Lame rouge
3449,赤原礼装・胴：剣GS赤,Torse Akahara GS Lame rouge
3450,赤原礼装・胴：弓赤,Torse Akahara Arc rouge
3451,赤原礼装・胴：弓Ｆ赤,Torse Akahara F Arc rouge
3452,赤原礼装・胴：弓FZ赤,Torse Akahara FZ Arc rouge
3453,赤原礼装・胴：弓HC赤,Torse Akahara HC Arc rouge
3454,赤原礼装・胴：弓HS赤,Torse Akahara HS Arc rouge
3455,赤原礼装・胴：弓GS赤,Torse Akahara GS Arc rouge
3456,赤原礼装・胴：剣青,Torse Akahara Lame bleu
3457,赤原礼装・胴：剣Ｆ青,Torse Akahara F Lame bleu
3458,赤原礼装・胴：剣FZ青,Torse Akahara FZ Lame bleu
3459,赤原礼装・胴：剣HC青,Torse Akahara HC Lame bleu
3460,赤原礼装・胴：剣HS青,Torse Akahara HS Lame bleu
3461,赤原礼装・胴：剣GS青,Torse Akahara GS Lame bleu
3462,赤原礼装・胴：弓青,Torse Akahara Arc bleu
3463,赤原礼装・胴：弓Ｆ青,Torse Akahara F Arc bleu
3464,赤原礼装・胴：弓FZ青,Torse Akahara FZ Arc bleu
3465,赤原礼装・胴：弓HC青,Torse Akahara HC Arc bleu
3466,赤原礼装・胴：弓HS青,Torse Akahara HS Arc bleu
3467,赤原礼装・胴：弓GS青,Torse Akahara GS Arc bleu
3468,赤原礼装・胴：剣黒,Torse Akahara Lame noir
3469,赤原礼装・胴：剣Ｆ黒,Torse Akahara F Lame noir
3470,赤原礼装・胴：剣FZ黒,Torse Akahara FZ Lame noir
3471,赤原礼装・胴：剣HC黒,Torse Akahara HC Lame noir
3472,赤原礼装・胴：剣HS黒,Torse Akahara HS Lame noir
3473,赤原礼装・胴：剣GS黒,Torse Akahara GS Lame noir
3474,赤原礼装・胴：弓黒,Torse Akahara Arc noir
3475,赤原礼装・胴：弓Ｆ黒,Torse Akahara F Arc noir
3476,赤原礼装・胴：弓FZ黒,Torse Akahara FZ Arc noir
3477,赤原礼装・胴：弓HC黒,Torse Akahara HC Arc noir
3478,赤原礼装・胴：弓HS黒,Torse Akahara HS Arc noir
3479,赤原礼装・胴：弓GS黒,Torse Akahara GS Arc noir
3480,赤原礼装・胴：剣白,Torse Akahara Lame blanc
3481,赤原礼装・胴：剣Ｆ白,Torse Akahara F Lame blanc
3482,赤原礼装・胴：剣FZ白,Torse Akahara FZ Lame blanc
3483,赤原礼装・胴：剣HC白,Torse Akahara HC Lame blanc
3484,赤原礼装・胴：剣HS白,Torse Akahara HS Lame blanc
3485,赤原礼装・胴：剣GS白,Torse Akahara GS Lame blanc
3486,赤原礼装・胴：弓白,Torse Akahara Arc blanc
3487,赤原礼装・胴：弓Ｆ白,Torse Akahara F Arc blanc
3488,赤原礼装・胴：弓FZ白,Torse Akahara FZ Arc blanc
3489,赤原礼装・胴：弓HC白,Torse Akahara HC Arc blanc
3490,赤原礼装・胴：弓HS白,Torse Akahara HS Arc blanc
3491,赤原礼装・胴：弓GS白,Torse Akahara GS Arc blanc
3492,騎士王の胴鎧：剣青,
3493,騎士王の胴鎧：剣Ｆ青,
3494,騎士王の胴鎧：剣FZ青,
3495,騎士王の胴鎧：剣HC青,
3496,騎士王の胴鎧：剣HS青,
3497,騎士王の胴鎧：剣GS青,
3498,騎士王の胴鎧：弓青,
3499,騎士王の胴鎧：弓Ｆ青,
3500,騎士王の胴鎧：弓FZ青,
3501,騎士王の胴鎧：弓HC青,
3502,騎士王の胴鎧：弓HS青,
3503,騎士王の胴鎧：弓GS青,
3504,騎士王の胴鎧：剣赤,
3505,騎士王の胴鎧：剣Ｆ赤,
3506,騎士王の胴鎧：剣FZ赤,
3507,騎士王の胴鎧：剣HC赤,
3508,騎士王の胴鎧：剣HS赤,
3509,騎士王の胴鎧：剣GS赤,
3510,騎士王の胴鎧：弓赤,
3511,騎士王の胴鎧：弓Ｆ赤,
3512,騎士王の胴鎧：弓FZ赤,
3513,騎士王の胴鎧：弓HC赤,
3514,騎士王の胴鎧：弓HS赤,
3515,騎士王の胴鎧：弓GS赤,
3516,騎士王の胴鎧：剣黒,
3517,騎士王の胴鎧：剣Ｆ黒,
3518,騎士王の胴鎧：剣FZ黒,
3519,騎士王の胴鎧：剣HC黒,
3520,騎士王の胴鎧：剣HS黒,
3521,騎士王の胴鎧：剣GS黒,
3522,騎士王の胴鎧：弓黒,
3523,騎士王の胴鎧：弓Ｆ黒,
3524,騎士王の胴鎧：弓FZ黒,
3525,騎士王の胴鎧：弓HC黒,
3526,騎士王の胴鎧：弓HS黒,
3527,騎士王の胴鎧：弓GS黒,
3528,騎士王の胴鎧：剣白,
3529,騎士王の胴鎧：剣Ｆ白,
3530,騎士王の胴鎧：剣FZ白,
3531,騎士王の胴鎧：剣HC白,
3532,騎士王の胴鎧：剣HS白,
3533,騎士王の胴鎧：剣GS白,
3534,騎士王の胴鎧：弓白,
3535,騎士王の胴鎧：弓Ｆ白,
3536,騎士王の胴鎧：弓FZ白,
3537,騎士王の胴鎧：弓HC白,
3538,騎士王の胴鎧：弓HS白,
3539,騎士王の胴鎧：弓GS白,
3540,ヴェルフFZメイル,Cotte Welf FZ
3541,ヴェルフHCメイル,Cotte Welf HC
3542,ヴェルフFZレジスト,Veste Welf FZ
3543,ヴェルフHCレジスト,Veste Welf HC
3544,テリオグFZメイル,
3545,テリオグHCメイル,
3546,テリオグFZレジスト,
3547,テリオグHCレジスト,
3548,ベイルFZブリガンテス,
3549,ベイルHCブリガンテス,
3550,ファミ通ＴシャツFZ,
3551,ファミ通ＴシャツHC,
3552,ピエトラGXメイル,Cotte Pietra GX
3553,ピエトラGXレジスト,Veste Pietra GX
3554,ポカラGXメイル,Cotte Pokara GX
3555,ポカラGXレジスト,Veste Pokara GX
3556,ザザミGXメイル,Cotte Hermitaur GX
3557,ザザミGXレジスト,Veste Hermitaur GX
3558,クックGXメイル,Cotte Kut-Ku GX
3559,クックGXレジスト,Veste Kut-Ku GX
3560,ファルノGXメイル,Cotte Farunokku GX
3561,ファルノGXレジスト,Veste Farunokku GX
3562,ゲリョスGXメイル,Cotte Gypceros GX
3563,ゲリョスGXレジスト,Veste Gypceros GX
3564,コンガGXメイル,Cotte Conga GX
3565,コンガGXレジスト,Veste Conga GX
3566,ヘッジGXメイル,Cotte Hyuji GX
3567,ヘッジGXレジスト,Veste Hyuji GX
3568,バサルGXメイル,Cotte Basarios GX
3569,バサルGXレジスト,Veste Basarios GX
3570,レイアGXメイル,Cotte Rathian GX
3571,レイアGXレジスト,Veste Rathian GX
3572,ギザミGXメイル,Cotte Ceanataur GX
3573,ギザミGXレジスト,Veste Ceanataur GX
3574,御神楽GX【胴当て】,
3575,里神楽GX【胸当て】,
3576,レウスGXメイル,Cotte Rathalos GX
3577,レウスGXレジスト,Veste Rathalos GX
3578,ブランゴGXメイル,Cotte Blango GX
3579,ブランゴGXレジスト,Veste Blango GX
3580,フルフルGXメイル,Cotte Khezu GX
3581,フルフルGXレジスト,Veste Khezu GX
3582,ホープGXメイル,Cotte Espoir GX
3583,ホープGXレジスト,Veste Espoir GX
3584,マグシアＧメイル,Cotte Gougarf G
3585,マグシアGFメイル,Cotte Gougarf GF
3586,マグシアGXメイル,Cotte Gougarf GX
3587,マグシアＧレジスト,Veste Gougarf G
3588,マグシアGFレジスト,Veste Gougarf GF
3589,マグシアGXレジスト,Veste Gougarf GX
3590,ショウロウ【殻胴】Ｇ,
3591,ショウロウ【殻胴】GF,
3592,ショウロウ【殻胴】GX,
3593,ミタマ【殻胴】Ｇ,
3594,ミタマ【殻胴】GF,
3595,ミタマ【殻胴】GX,
3596,サベージＧメイル,Cotte Giaorugu G
3597,サベージGFメイル,Cotte Giaorugu GF
3598,サベージGXメイル,Cotte Giaorugu GX
3599,サベージＧレジスト,Veste Giaorugu G
3600,サベージGFレジスト,Veste Giaorugu GF
3601,サベージGXレジスト,Veste Giaorugu GX
3602,グラビドＧメイル,Cotte Gravios G
3603,グラビドGFメイル,Cotte Gravios GF
3604,グラビドGXメイル,Cotte Gravios GX
3605,グラビドＧレジスト,Veste Gravios G
3606,グラビドGFレジスト,Veste Gravios GF
3607,グラビドGXレジスト,Veste Gravios GX
3608,レックスＧメイル,Cotte Tigrex G
3609,レックスGFメイル,Cotte Tigrex GF
3610,レックスGXメイル,Cotte Tigrex GX
3611,レックスＧレジスト,Veste Tigrex G
3612,レックスGFレジスト,Veste Tigrex GF
3613,レックスGXレジスト,Veste Tigrex GX
3614,パリアＧメイル,Cotte Paria G
3615,パリアGFメイル,Cotte Paria GF
3616,パリアGXメイル,Cotte Paria GX
3617,パリアＧレジスト,Veste Paria G
3618,パリアGFレジスト,Veste Paria GF
3619,パリアGXレジスト,Veste Paria GX
3620,トルペドＧメイル,Cotte Torpille G
3621,トルペドGFメイル,Cotte Torpille GF
3622,トルペドGXメイル,Cotte Torpille GX
3623,トルペドＧレジスト,Veste Torpille G
3624,トルペドGFレジスト,Veste Torpille GF
3625,トルペドGXレジスト,Veste Torpille GX
3626,ラヴァＧメイル,Cotte Lavasioth G
3627,ラヴァGFメイル,Cotte Lavasioth GF
3628,ラヴァGXメイル,Cotte Lavasioth GX
3629,ラヴァＧレジスト,Veste Lavasioth G
3630,ラヴァGFレジスト,Veste Lavasioth GF
3631,ラヴァGXレジスト,Veste Lavasioth GX
3632,エスピナＧムスケル,
3633,エスピナGFムスケル,
3634,エスピナGXムスケル,
3635,エスピナＧケミュート,
3636,エスピナGFケミュート,
3637,エスピナGXケミュート,
3638,金色ノ羽織・Ｇ,
3639,金色ノ羽織・GF,
3640,金色ノ羽織・GX,
3641,黒子ノ装束・Ｇ,
3642,黒子ノ装束・GF,
3643,黒子ノ装束・GX,
3644,レビＧハイド,
3645,レビGFハイド,
3646,レビGXハイド,
3647,レビＧスキン,
3648,レビGFスキン,
3649,レビGXスキン,
3650,ガルルガＧメイル,Cotte Garuga G
3651,ガルルガGFメイル,Cotte Garuga GF
3652,ガルルガGXメイル,Cotte Garuga GX
3653,ガルルガＧレジスト,Veste Garuga G
3654,ガルルガGFレジスト,Veste Garuga GF
3655,ガルルガGXレジスト,Veste Garuga GX
3656,アクラＧメイル,Cotte Akura G
3657,アクラGFメイル,Cotte Akura GF
3658,アクラGXメイル,Cotte Akura GX
3659,アクラＧレジスト,Veste Akura G
3660,アクラGFレジスト,Veste Akura GF
3661,アクラGXレジスト,Veste Akura GX
3662,グレンＧメイル,Cotte Guren G
3663,グレンGFメイル,Cotte Guren GF
3664,グレンGXメイル,Cotte Guren GX
3665,グレンＧレジスト,Veste Guren G
3666,グレンGFレジスト,Veste Guren GF
3667,グレンGXレジスト,Veste Guren GX
3668,稲荷・Ｇ【胴当て】,
3669,稲荷・GF【胴当て】,
3670,稲荷・GX【胴当て】,
3671,玉藻・Ｇ【胸当て】,
3672,玉藻・GF【胸当て】,
3673,玉藻・GX【胸当て】,
3674,ディスＧメイル,Cotte Disu G
3675,ディスGFメイル,Cotte Disu GF
3676,ディスGXメイル,Cotte Disu GX
3677,ディスＧレジスト,Veste Disu G
3678,ディスGFレジスト,Veste Disu GF
3679,ディスGXレジスト,Veste Disu GX
3680,黒影ノ装束・Ｇ,
3681,黒影ノ装束・GF,
3682,黒影ノ装束・GX,
3683,黒陰ノ装束・Ｇ,
3684,黒陰ノ装束・GF,
3685,黒陰ノ装束・GX,
3686,白虎・剣聖Ｇメイル,
3687,白虎・剣聖GFメイル,
3688,朱雀・剣聖Ｇメイル,
3689,朱雀・剣聖GFメイル,
3690,玄武・剣聖Ｇメイル,
3691,玄武・剣聖GFメイル,
3692,青龍・剣聖Ｇメイル,
3693,青龍・剣聖GFメイル,
3694,白虎・双龍Ｇメイル,
3695,白虎・双龍GFメイル,
3696,朱雀・双龍Ｇメイル,
3697,朱雀・双龍GFメイル,
3698,玄武・双龍Ｇメイル,
3699,玄武・双龍GFメイル,
3700,青龍・双龍Ｇメイル,
3701,青龍・双龍GFメイル,
3702,白虎・剣王Ｇメイル,
3703,白虎・剣王GFメイル,
3704,朱雀・剣王Ｇメイル,
3705,朱雀・剣王GFメイル,
3706,玄武・剣王Ｇメイル,
3707,玄武・剣王GFメイル,
3708,青龍・剣王Ｇメイル,
3709,青龍・剣王GFメイル,
3710,白虎・刀神Ｇメイル,
3711,白虎・刀神GFメイル,
3712,朱雀・刀神Ｇメイル,
3713,朱雀・刀神GFメイル,
3714,玄武・刀神Ｇメイル,
3715,玄武・刀神GFメイル,
3716,青龍・刀神Ｇメイル,
3717,青龍・刀神GFメイル,
3718,白虎・天槍Ｇメイル,
3719,白虎・天槍GFメイル,
3720,朱雀・天槍Ｇメイル,
3721,朱雀・天槍GFメイル,
3722,玄武・天槍Ｇメイル,
3723,玄武・天槍GFメイル,
3724,青龍・天槍Ｇメイル,
3725,青龍・天槍GFメイル,
3726,白虎・砲皇Ｇメイル,
3727,白虎・砲皇GFメイル,
3728,朱雀・砲皇Ｇメイル,
3729,朱雀・砲皇GFメイル,
3730,玄武・砲皇Ｇメイル,
3731,玄武・砲皇GFメイル,
3732,青龍・砲皇Ｇメイル,
3733,青龍・砲皇GFメイル,
3734,白虎・鈍器獣Ｇメイル,
3735,白虎・鈍器獣GFメイル,
3736,朱雀・鈍器獣Ｇメイル,
3737,朱雀・鈍器獣GFメイル,
3738,玄武・鈍器獣Ｇメイル,
3739,玄武・鈍器獣GFメイル,
3740,青龍・鈍器獣Ｇメイル,
3741,青龍・鈍器獣GFメイル,
3742,白虎・奏帝Ｇメイル,
3743,白虎・奏帝GFメイル,
3744,朱雀・奏帝Ｇメイル,
3745,朱雀・奏帝GFメイル,
3746,玄武・奏帝Ｇメイル,
3747,玄武・奏帝GFメイル,
3748,青龍・奏帝Ｇメイル,
3749,青龍・奏帝GFメイル,
3750,白虎・銃傑Ｇスーツ,
3751,白虎・銃傑GFスーツ,
3752,朱雀・銃傑Ｇスーツ,
3753,朱雀・銃傑GFスーツ,
3754,玄武・銃傑Ｇスーツ,
3755,玄武・銃傑GFスーツ,
3756,青龍・銃傑Ｇスーツ,
3757,青龍・銃傑GFスーツ,
3758,白虎・銃仙Ｇスーツ,
3759,白虎・銃仙GFスーツ,
3760,朱雀・銃仙Ｇスーツ,
3761,朱雀・銃仙GFスーツ,
3762,玄武・銃仙Ｇスーツ,
3763,玄武・銃仙GFスーツ,
3764,青龍・銃仙Ｇスーツ,
3765,青龍・銃仙GFスーツ,
3766,白虎・弓鬼Ｇスーツ,
3767,白虎・弓鬼GFスーツ,
3768,朱雀・弓鬼Ｇスーツ,
3769,朱雀・弓鬼GFスーツ,
3770,玄武・弓鬼Ｇスーツ,
3771,玄武・弓鬼GFスーツ,
3772,青龍・弓鬼Ｇスーツ,
3773,青龍・弓鬼GFスーツ,
3774,オディバＧメイル,Cotte Odiva G
3775,オディバＧレジスト,Veste Odiva G
3776,ブリッツＧベスト,
3777,ブリッツＧケープ,
3778,フレイムＧメイル,Cotte Flamme G
3779,フレイムＧレジスト,Veste Flamme G
3780,ウィンドＧディール,
3781,ウィンドＧバダル,
3782,武者Ｇ【胴当て】,
3783,日光Ｇ【胴当て】,
3784,ワダツミＧ【胸当て】,
3785,オカミＧ【胸当て】,
3786,リルスＧメイル,Cotte Lils G
3787,リルスＧレジスト,Veste Lils G
3788,アルゴルＧメイル,Cotte Algol G
3789,アルゴルＧレジスト,Veste Algol G
3790,エミットＧメイル,
3791,エミットＧレジスト,
3792,ディボアＧメイル,Cotte Diboa G
3793,ディボアＧレジスト,Veste Diboa G
3794,鬼神ノ胴当,
3795,童子ノ胴当,
3796,レアーメイル,
3797,ハーデスメイル,
3798,レアーレジスト,
3799,ハーデスレジスト,
3800,ロウセスGXメイル,Cotte Roses GX
3801,ロウセスGXレジスト,Veste Roses GX
3802,ストレガＧメイル,Cotte Strega G
3803,ストレガGFメイル,Cotte Strega GF
3804,ストレガGXメイル,Cotte Strega GX
3805,ストレガＧレジスト,Veste Strega G
3806,ストレガGFレジスト,Veste Strega GF
3807,ストレガGXレジスト,Veste Strega GX
3808,ピクスベスト・緑,Gilet Pyx vert
3809,ピクスＦベスト・緑,Gilet Pyx F vert
3810,ピクスFZベスト・緑,Gilet Pyx FZ vert
3811,ピクスHCベスト・緑,Gilet Pyx HC vert
3812,ピクスHSベスト・緑,Gilet Pyx HS vert
3813,ピクスGSベスト・緑,Gilet Pyx GS vert
3814,ピクススーツ・緑,Combinaison Pyx verte
3815,ピクスＦスーツ・緑,Combinaison Pyx F verte
3816,ピクスFZスーツ・緑,Combinaison Pyx FZ verte
3817,ピクスHCスーツ・緑,Combinaison Pyx HC verte
3818,ピクスHSスーツ・緑,Combinaison Pyx HS verte
3819,ピクスGSスーツ・緑,Combinaison Pyx GS verte
3820,ピクスベスト・紫,Gilet Pyx violet
3821,ピクスＦベスト・紫,Gilet Pyx F violet
3822,ピクスFZベスト・紫,Gilet Pyx FZ violet
3823,ピクスHCベスト・紫,Gilet Pyx HC violet
3824,ピクスHSベスト・紫,Gilet Pyx HS violet
3825,ピクスGSベスト・紫,Gilet Pyx GS violet
3826,ピクススーツ・紫,Combinaison Pyx violette
3827,ピクスＦスーツ・紫,Combinaison Pyx F violette
3828,ピクスFZスーツ・紫,Combinaison Pyx FZ violette
3829,ピクスHCスーツ・紫,Combinaison Pyx HC violette
3830,ピクスHSスーツ・紫,Combinaison Pyx HS violette
3831,ピクスGSスーツ・紫,Combinaison Pyx GS violette
3832,ピクスベスト・黒,Gilet Pyx noir
3833,ピクスＦベスト・黒,Gilet Pyx F noir
3834,ピクスFZベスト・黒,Gilet Pyx FZ noir
3835,ピクスHCベスト・黒,Gilet Pyx HC noir
3836,ピクスHSベスト・黒,Gilet Pyx HS noir
3837,ピクスGSベスト・黒,Gilet Pyx GS noir
3838,ピクススーツ・黒,Combinaison Pyx noire
3839,ピクスＦスーツ・黒,Combinaison Pyx F noire
3840,ピクスFZスーツ・黒,Combinaison Pyx FZ noire
3841,ピクスHCスーツ・黒,Combinaison Pyx HC noire
3842,ピクスHSスーツ・黒,Combinaison Pyx HS noire
3843,ピクスGSスーツ・黒,Combinaison Pyx GS noire
3844,ピクスベスト・水,
3845,ピクスＦベスト・水,
3846,ピクスFZベスト・水,
3847,ピクスHCベスト・水,
3848,ピクスHSベスト・水,
3849,ピクスGSベスト・水,
3850,ピクススーツ・水,
3851,ピクスＦスーツ・水,
3852,ピクスFZスーツ・水,
3853,ピクスHCスーツ・水,
3854,ピクスHSスーツ・水,
3855,ピクスGSスーツ・水,
3856,ブライトメイル,Cotte Éclat
3857,ブライトＦメイル,Cotte Éclat F
3858,ブライトFZメイル,Cotte Éclat FZ
3859,ブライトHCメイル,Cotte Éclat HC
3860,ブライトHSメイル,Cotte Éclat HS
3861,ブライトGSメイル,Cotte Éclat GS
3862,ブライトレジスト,Veste Éclat
3863,ブライトＦレジスト,Veste Éclat F
3864,ブライトFZレジスト,Veste Éclat FZ
3865,ブライトHCレジスト,Veste Éclat HC
3866,ブライトHSレジスト,Veste Éclat HS
3867,ブライトGSレジスト,Veste Éclat GS
3868,ジュアリメイル,Cotte Juari
3869,ジュアリＦメイル,Cotte Juari F
3870,ジュアリFZメイル,Cotte Juari FZ
3871,ジュアリHCメイル,Cotte Juari HC
3872,ジュアリHSメイル,Cotte Juari HS
3873,ジュアリGSメイル,Cotte Juari GS
3874,ジュアリレジスト,Veste Juari
3875,ジュアリＦレジスト,Veste Juari F
3876,ジュアリFZレジスト,Veste Juari FZ
3877,ジュアリHCレジスト,Veste Juari HC
3878,ジュアリHSレジスト,Veste Juari HS
3879,ジュアリGSレジスト,Veste Juari GS
3880,ティンクメイル,Cotte Tinku
3881,ティンクＦメイル,Cotte Tinku F
3882,ティンクFZメイル,Cotte Tinku FZ
3883,ティンクHCメイル,Cotte Tinku HC
3884,ティンクHSメイル,Cotte Tinku HS
3885,ティンクGSメイル,Cotte Tinku GS
3886,ティンクレジスト,Veste Tinku
3887,ティンクＦレジスト,Veste Tinku F
3888,ティンクFZレジスト,Veste Tinku FZ
3889,ティンクHCレジスト,Veste Tinku HC
3890,ティンクHSレジスト,Veste Tinku HS
3891,ティンクGSレジスト,Veste Tinku GS
3892,レアルFZメイル・白,Cotte Real FZ blanche
3893,レアルHCメイル・白,Cotte Real HC blanche
3894,レアルHSメイル・白,Cotte Real HS blanche
3895,レアルGSメイル・白,Cotte Real GS blanche
3896,レアルFZスーツ・白,Combinaison Real FZ blanche
3897,レアルHCスーツ・白,Combinaison Real HC blanche
3898,レアルHSスーツ・白,Combinaison Real HS blanche
3899,レアルGSスーツ・白,Combinaison Real GS blanche
3900,リアンFZベスト・青,Gilet Rian FZ bleu
3901,リアンHCベスト・青,Gilet Rian HC bleu
3902,リアンHSベスト・青,Gilet Rian HS bleu
3903,リアンGSベスト・青,Gilet Rian GS bleu
3904,リアンFZスーツ・青,Combinaison Rian FZ bleue
3905,リアンHCスーツ・青,Combinaison Rian HC bleue
3906,リアンHSスーツ・青,Combinaison Rian HS bleue
3907,リアンGSスーツ・青,Combinaison Rian GS bleue
3908,メレティFZベスト・白,Gilet Meleti FZ blanc
3909,メレティHCベスト・白,Gilet Meleti HC blanc
3910,メレティHSベスト・白,Gilet Meleti HS blanc
3911,メレティGSベスト・白,Gilet Meleti GS blanc
3912,メレティFZスーツ・青,Combinaison Meleti FZ bleue
3913,メレティHCスーツ・青,Combinaison Meleti HC bleue
3914,メレティHSスーツ・青,Combinaison Meleti HS bleue
3915,メレティGSスーツ・青,Combinaison Meleti GS bleue
3916,リゲリアFZメイル・白,Cotte Ligeria FZ blanche
3917,リゲリアHCメイル・白,Cotte Ligeria HC blanche
3918,リゲリアHSメイル・白,Cotte Ligeria HS blanche
3919,リゲリアGSメイル・白,Cotte Ligeria GS blanche
3920,リゲリアFZスーツ・青,Combinaison Ligeria FZ bleue
3921,リゲリアHCスーツ・青,Combinaison Ligeria HC bleue
3922,リゲリアHSスーツ・青,Combinaison Ligeria HS bleue
3923,リゲリアGSスーツ・青,Combinaison Ligeria GS bleue
3924,スリートHSベスト・黄,Gilet Grésil HS jaune
3925,スリートGSベスト・黄,Gilet Grésil GS jaune
3926,スリートHSスーツ・黄,Combinaison Grésil HS jaune
3927,スリートGSスーツ・黄,Combinaison Grésil GS jaune
3928,ステノHSメイル・橙,Cotte Stheno HS orange
3929,ステノGSメイル・橙,Cotte Stheno GS orange
3930,ステノHSレジスト・橙,Veste Stheno HS orange
3931,ステノGSレジスト・橙,Veste Stheno GS orange
3932,エディオHCメイル・青,Cotte Edio HC bleue
3933,エディオHSメイル・青,Cotte Edio HS bleue
3934,エディオGSメイル・青,Cotte Edio GS bleue
3935,エディオHCスーツ・青,Combinaison Edio HC bleue
3936,エディオHSスーツ・青,Combinaison Edio HS bleue
3937,エディオGSスーツ・青,Combinaison Edio GS bleue
3938,ガリトスHCベスト・茶,Gilet Garitos HC brun
3939,ガリトスHSベスト・茶,Gilet Garitos HS brun
3940,ガリトスGSベスト・茶,Gilet Garitos GS brun
3941,ガリトスHCスーツ・茶,Combinaison Garitos HC brune
3942,ガリトスHSスーツ・茶,Combinaison Garitos HS brune
3943,ガリトスGSスーツ・茶,Combinaison Garitos GS brune
3944,ロットブレスト,
3945,ロットＦブレスト,
3946,ロットFZブレスト,
3947,ロットHCブレスト,
3948,ロットHSブレスト,
3949,ロットGSブレスト,
3950,ロットスーツ,
3951,ロットＦスーツ,
3952,ロットFZスーツ,
3953,ロットHCスーツ,
3954,ロットHSスーツ,
3955,ロットGSスーツ,
3956,ブリンクＦスーツ,
3957,ブリンクＦベスト,
3958,スマートＦベスト,
3959,スマートFZベスト,
3960,スマートHCベスト,
3961,マグシアFXメイル,Cotte Gougarf FX
3962,マグシアHSメイル,Cotte Gougarf HS
3963,マグシアFXレジスト,Veste Gougarf FX
3964,マグシアHSレジスト,Veste Gougarf HS
3965,レギュクスHCメイル,Cotte Regyukusu HC
3966,レギュクスHSメイル,Cotte Regyukusu HS
3967,レギュクスGSメイル,Cotte Regyukusu GS
3968,レギュクスHCスーツ,Combinaison Regyukusu HC
3969,レギュクスHSスーツ,Combinaison Regyukusu HS
3970,レギュクスGSスーツ,Combinaison Regyukusu GS
3971,ピスティスHCベスト,Gilet Pistis HC
3972,ピスティスHSベスト,Gilet Pistis HS
3973,ピスティスGSベスト,Gilet Pistis GS
3974,ピスティスHCスーツ,Combinaison Pistis HC
3975,ピスティスHSスーツ,Combinaison Pistis HS
3976,ピスティスGSスーツ,Combinaison Pistis GS
3977,星祭FZ装束【赤】,
3978,星祭HC装束【赤】,
3979,星祭HS装束【赤】,
3980,星祭GS装束【赤】,
3981,七夕FZ装束【赤】,
3982,七夕HC装束【赤】,
3983,七夕HS装束【赤】,
3984,七夕GS装束【赤】,
3985,レアルFZメイル・金,Cotte Real FZ dorée
3986,レアルHCメイル・金,Cotte Real HC dorée
3987,レアルHSメイル・金,Cotte Real HS dorée
3988,レアルGSメイル・金,Cotte Real GS dorée
3989,レアルFZスーツ・金,Combinaison Real FZ dorée
3990,レアルHCスーツ・金,Combinaison Real HC dorée
3991,レアルHSスーツ・金,Combinaison Real HS dorée
3992,レアルGSスーツ・金,Combinaison Real GS dorée
3993,レアルFZメイル・青,Cotte Real FZ bleue
3994,レアルHCメイル・青,Cotte Real HC bleue
3995,レアルHSメイル・青,Cotte Real HS bleue
3996,レアルGSメイル・青,Cotte Real GS bleue
3997,レアルFZスーツ・青,Combinaison Real FZ bleue
3998,レアルHCスーツ・青,Combinaison Real HC bleue
3999,レアルHSスーツ・青,Combinaison Real HS bleue
4000,レアルGSスーツ・青,Combinaison Real GS bleue
4001,レアルFZメイル・赤,Cotte Real FZ rouge
4002,レアルHCメイル・赤,Cotte Real HC rouge
4003,レアルHSメイル・赤,Cotte Real HS rouge
4004,レアルGSメイル・赤,Cotte Real GS rouge
4005,レアルFZスーツ・赤,Combinaison Real FZ rouge
4006,レアルHCスーツ・赤,Combinaison Real HC rouge
4007,レアルHSスーツ・赤,Combinaison Real HS rouge
4008,レアルGSスーツ・赤,Combinaison Real GS rouge
4009,リアンFZベスト・赤,Gilet Rian FZ rouge
4010,リアンHCベスト・赤,Gilet Rian HC rouge
4011,リアンHSベスト・赤,Gilet Rian HS rouge
4012,リアンGSベスト・赤,Gilet Rian GS rouge
4013,リアンFZスーツ・赤,Combinaison Rian FZ rouge
4014,リアンHCスーツ・赤,Combinaison Rian HC rouge
4015,リアンHSスーツ・赤,Combinaison Rian HS rouge
4016,リアンGSスーツ・赤,Combinaison Rian GS rouge
4017,リアンFZベスト・黒,Gilet Rian FZ noir
4018,リアンHCベスト・黒,Gilet Rian HC noir
4019,リアンHSベスト・黒,Gilet Rian HS noir
4020,リアンGSベスト・黒,Gilet Rian GS noir
4021,リアンFZスーツ・黒,Combinaison Rian FZ noire
4022,リアンHCスーツ・黒,Combinaison Rian HC noire
4023,リアンHSスーツ・黒,Combinaison Rian HS noire
4024,リアンGSスーツ・黒,Combinaison Rian GS noire
4025,リアンFZベスト・白,Gilet Rian FZ blanc
4026,リアンHCベスト・白,Gilet Rian HC blanc
4027,リアンHSベスト・白,Gilet Rian HS blanc
4028,リアンGSベスト・白,Gilet Rian GS blanc
4029,リアンFZスーツ・白,Combinaison Rian FZ blanche
4030,リアンHCスーツ・白,Combinaison Rian HC blanche
4031,リアンHSスーツ・白,Combinaison Rian HS blanche
4032,リアンGSスーツ・白,Combinaison Rian GS blanche
4033,メレティFZベスト・赤,Gilet Meleti FZ rouge
4034,メレティHCベスト・赤,Gilet Meleti HC rouge
4035,メレティHSベスト・赤,Gilet Meleti HS rouge
4036,メレティGSベスト・赤,Gilet Meleti GS rouge
4037,メレティFZベスト・青,Gilet Meleti FZ bleu
4038,メレティHCベスト・青,Gilet Meleti HC bleu
4039,メレティHSベスト・青,Gilet Meleti HS bleu
4040,メレティGSベスト・青,Gilet Meleti GS bleu
4041,メレティFZベスト・黒,Gilet Meleti FZ noir
4042,メレティHCベスト・黒,Gilet Meleti HC noir
4043,メレティHSベスト・黒,Gilet Meleti HS noir
4044,メレティGSベスト・黒,Gilet Meleti GS noir
4045,メレティFZスーツ・白,Combinaison Meleti FZ blanche
4046,メレティHCスーツ・白,Combinaison Meleti HC blanche
4047,メレティHSスーツ・白,Combinaison Meleti HS blanche
4048,メレティGSスーツ・白,Combinaison Meleti GS blanche
4049,メレティFZスーツ・赤,Combinaison Meleti FZ rouge
4050,メレティHCスーツ・赤,Combinaison Meleti HC rouge
4051,メレティHSスーツ・赤,Combinaison Meleti HS rouge
4052,メレティGSスーツ・赤,Combinaison Meleti GS rouge
4053,メレティFZスーツ・黒,Combinaison Meleti FZ noire
4054,メレティHCスーツ・黒,Combinaison Meleti HC noire
4055,メレティHSスーツ・黒,Combinaison Meleti HS noire
4056,メレティGSスーツ・黒,Combinaison Meleti GS noire
4057,リゲリアFZメイル・赤,Cotte Ligeria FZ rouge
4058,リゲリアHCメイル・赤,Cotte Ligeria HC rouge
4059,リゲリアHSメイル・赤,Cotte Ligeria HS rouge
4060,リゲリアGSメイル・赤,Cotte Ligeria GS rouge
4061,リゲリアFZメイル・緑,Cotte Ligeria FZ verte
4062,リゲリアHCメイル・緑,Cotte Ligeria HC verte
4063,リゲリアHSメイル・緑,Cotte Ligeria HS verte
4064,リゲリアGSメイル・緑,Cotte Ligeria GS verte
4065,リゲリアFZメイル・青,Cotte Ligeria FZ bleue
4066,リゲリアHCメイル・青,Cotte Ligeria HC bleue
4067,リゲリアHSメイル・青,Cotte Ligeria HS bleue
4068,リゲリアGSメイル・青,Cotte Ligeria GS bleue
4069,リゲリアFZスーツ・白,Combinaison Ligeria FZ blanche
4070,リゲリアHCスーツ・白,Combinaison Ligeria HC blanche
4071,リゲリアHSスーツ・白,Combinaison Ligeria HS blanche
4072,リゲリアGSスーツ・白,Combinaison Ligeria GS blanche
4073,リゲリアFZスーツ・赤,Combinaison Ligeria FZ rouge
4074,リゲリアHCスーツ・赤,Combinaison Ligeria HC rouge
4075,リゲリアHSスーツ・赤,Combinaison Ligeria HS rouge
4076,リゲリアGSスーツ・赤,Combinaison Ligeria GS rouge
4077,リゲリアFZスーツ・緑,Combinaison Ligeria FZ verte
4078,リゲリアHCスーツ・緑,Combinaison Ligeria HC verte
4079,リゲリアHSスーツ・緑,Combinaison Ligeria HS verte
4080,リゲリアGSスーツ・緑,Combinaison Ligeria GS verte
4081,スリートHSベスト・銀,Gilet Grésil HS argenté
4082,スリートGSベスト・銀,Gilet Grésil GS argenté
4083,スリートHSスーツ・銀,Combinaison Grésil HS argentée
4084,スリートGSスーツ・銀,Combinaison Grésil GS argentée
4085,スリートHSベスト・赤,Gilet Grésil HS rouge
4086,スリートGSベスト・赤,Gilet Grésil GS rouge
4087,スリートHSスーツ・赤,Combinaison Grésil HS rouge
4088,スリートGSスーツ・赤,Combinaison Grésil GS rouge
4089,スリートHSベスト・青,Gilet Grésil HS bleu
4090,スリートGSベスト・青,Gilet Grésil GS bleu
4091,スリートHSスーツ・青,Combinaison Grésil HS bleue
4092,スリートGSスーツ・青,Combinaison Grésil GS bleue
4093,ステノHSメイル・桃,Cotte Stheno HS rose
4094,ステノGSメイル・桃,Cotte Stheno GS rose
4095,ステノHSレジスト・桃,Veste Stheno HS rose
4096,ステノGSレジスト・桃,Veste Stheno GS rose
4097,ステノHSメイル・青,Cotte Stheno HS bleue
4098,ステノGSメイル・青,Cotte Stheno GS bleue
4099,ステノHSレジスト・青,Veste Stheno HS bleue
4100,ステノGSレジスト・青,Veste Stheno GS bleue
4101,ステノHSメイル・赤,Cotte Stheno HS rouge
4102,ステノGSメイル・赤,Cotte Stheno GS rouge
4103,ステノHSレジスト・赤,Veste Stheno HS rouge
4104,ステノGSレジスト・赤,Veste Stheno GS rouge
4105,エディオHCメイル・赤,Cotte Edio HC rouge
4106,エディオHSメイル・赤,Cotte Edio HS rouge
4107,エディオGSメイル・赤,Cotte Edio GS rouge
4108,エディオHCスーツ・赤,Combinaison Edio HC rouge
4109,エディオHSスーツ・赤,Combinaison Edio HS rouge
4110,エディオGSスーツ・赤,Combinaison Edio GS rouge
4111,エディオHCメイル・黄,Cotte Edio HC jaune
4112,エディオHSメイル・黄,Cotte Edio HS jaune
4113,エディオGSメイル・黄,Cotte Edio GS jaune
4114,エディオHCスーツ・黄,Combinaison Edio HC jaune
4115,エディオHSスーツ・黄,Combinaison Edio HS jaune
4116,エディオGSスーツ・黄,Combinaison Edio GS jaune
4117,エディオHCメイル・黒,Cotte Edio HC noire
4118,エディオHSメイル・黒,Cotte Edio HS noire
4119,エディオGSメイル・黒,Cotte Edio GS noire
4120,エディオHCスーツ・黒,Combinaison Edio HC noire
4121,エディオHSスーツ・黒,Combinaison Edio HS noire
4122,エディオGSスーツ・黒,Combinaison Edio GS noire
4123,ガリトスHCベスト・赤,Gilet Garitos HC rouge
4124,ガリトスHSベスト・赤,Gilet Garitos HS rouge
4125,ガリトスGSベスト・赤,Gilet Garitos GS rouge
4126,ガリトスHCスーツ・赤,Combinaison Garitos HC rouge
4127,ガリトスHSスーツ・赤,Combinaison Garitos HS rouge
4128,ガリトスGSスーツ・赤,Combinaison Garitos GS rouge
4129,ガリトスHCベスト・黒,Gilet Garitos HC noir
4130,ガリトスHSベスト・黒,Gilet Garitos HS noir
4131,ガリトスGSベスト・黒,Gilet Garitos GS noir
4132,ガリトスHCスーツ・黒,Combinaison Garitos HC noire
4133,ガリトスHSスーツ・黒,Combinaison Garitos HS noire
4134,ガリトスGSスーツ・黒,Combinaison Garitos GS noire
4135,ガリトスHCベスト・水,
4136,ガリトスHSベスト・水,
4137,ガリトスGSベスト・水,
4138,ガリトスHCスーツ・水,
4139,ガリトスHSスーツ・水,
4140,ガリトスGSスーツ・水,
4141,星祭FZ装束【青】,
4142,星祭HC装束【青】,
4143,星祭HS装束【青】,
4144,星祭GS装束【青】,
4145,七夕FZ装束【青】,
4146,七夕HC装束【青】,
4147,七夕HS装束【青】,
4148,七夕GS装束【青】,
4149,星祭FZ装束【黒】,
4150,星祭HC装束【黒】,
4151,星祭HS装束【黒】,
4152,星祭GS装束【黒】,
4153,七夕FZ装束【黒】,
4154,七夕HC装束【黒】,
4155,七夕HS装束【黒】,
4156,七夕GS装束【黒】,
4157,星祭FZ装束【白】,
4158,星祭HC装束【白】,
4159,星祭HS装束【白】,
4160,星祭GS装束【白】,
4161,七夕FZ装束【白】,
4162,七夕HC装束【白】,
4163,七夕HS装束【白】,
4164,七夕GS装束【白】,
4165,ダミー,
4166,ダミー,
4167,ダミー,
4168,ダミー,
4169,ダミー,
4170,ダミー,
4171,ダミー,
4172,ダミー,
4173,ダミー,
4174,ダミー,
4175,ダミー,
4176,ダミー,
4177,ヴェルフHSメイル,Cotte Welf HS
4178,ヴェルフGSメイル,Cotte Welf GS
4179,ヴェルフHSレジスト,Veste Welf HS
4180,ヴェルフGSレジスト,Veste Welf GS
4181,テリオグHSメイル,
4182,テリオグGSメイル,
4183,テリオグHSレジスト,
4184,テリオグGSレジスト,
4185,ベイルHSブリガンテス,
4186,ベイルGSブリガンテス,
4187,ランポスＧメイル,Cotte Velociprey G
4188,ランポスGFメイル,Cotte Velociprey GF
4189,ランポスGXメイル,Cotte Velociprey GX
4190,ランポスＧレジスト,Veste Velociprey G
4191,ランポスGFレジスト,Veste Velociprey GF
4192,ランポスGXレジスト,Veste Velociprey GX
4193,イーオスＧメイル,Cotte Ioprey G
4194,イーオスGFメイル,Cotte Ioprey GF
4195,イーオスGXメイル,Cotte Ioprey GX
4196,イーオスＧレジスト,Veste Ioprey G
4197,イーオスGFレジスト,Veste Ioprey GF
4198,イーオスGXレジスト,Veste Ioprey GX
4199,ゲネポスＧメイル,Cotte Genprey G
4200,ゲネポスGFメイル,Cotte Genprey GF
4201,ゲネポスGXメイル,Cotte Genprey GX
4202,ゲネポスＧレジスト,Veste Genprey G
4203,ゲネポスGFレジスト,Veste Genprey GF
4204,ゲネポスGXレジスト,Veste Genprey GX
4205,ガレオスＧメイル,Cotte Cephalos G
4206,ガレオスGFメイル,Cotte Cephalos GF
4207,ガレオスGXメイル,Cotte Cephalos GX
4208,ガレオスＧレジスト,Veste Cephalos G
4209,ガレオスGFレジスト,Veste Cephalos GF
4210,ガレオスGXレジスト,Veste Cephalos GX
4211,ディアブロＧメイル,Cotte Diablos G
4212,ディアブロGFメイル,Cotte Diablos GF
4213,ディアブロGXメイル,Cotte Diablos GX
4214,ディアブロＧレジスト,Veste Diablos G
4215,ディアブロGFレジスト,Veste Diablos GF
4216,ディアブロGXレジスト,Veste Diablos GX
4217,ガノスＧメイル,Cotte Plesioth G
4218,ガノスGFメイル,Cotte Plesioth GF
4219,ガノスGXメイル,Cotte Plesioth GX
4220,ガノスＧレジスト,Veste Plesioth G
4221,ガノスGFレジスト,Veste Plesioth GF
4222,ガノスGXレジスト,Veste Plesioth GX
4223,ベルＧメイル,Cotte Beru G
4224,ベルGFメイル,Cotte Beru GF
4225,ベルGXメイル,Cotte Beru GX
4226,ベルＧレジスト,Veste Beru G
4227,ベルGFレジスト,Veste Beru GF
4228,ベルGXレジスト,Veste Beru GX
4229,グラビデＧメイル,Cotte Gravios G
4230,グラビデGFメイル,Cotte Gravios GF
4231,グラビデGXメイル,Cotte Gravios GX
4232,グラビデＧレジスト,Veste Gravios G
4233,グラビデGFレジスト,Veste Gravios GF
4234,グラビデGXレジスト,Veste Gravios GX
4235,ルナＧメイル,Cotte Lune G
4236,ルナGFメイル,Cotte Lune GF
4237,ルナGXメイル,Cotte Lune GX
4238,ルナＧレジスト,Veste Lune G
4239,ルナGFレジスト,Veste Lune GF
4240,ルナGXレジスト,Veste Lune GX
4241,ストロマメイル,Cotte Stroma
4242,ストロマＦメイル,Cotte Stroma F
4243,ストロマFXメイル,Cotte Stroma FX
4244,ストロマＧメイル,Cotte Stroma G
4245,ストロマレジスト,Veste Stroma
4246,ストロマＦレジスト,Veste Stroma F
4247,ストロマFXレジスト,Veste Stroma FX
4248,ストロマＧレジスト,Veste Stroma G
4249,プランダＧメイル,Cotte Pillard G
4250,プランダGFメイル,Cotte Pillard GF
4251,プランダGXメイル,Cotte Pillard GX
4252,プランダＧレジスト,Veste Pillard G
4253,プランダGFレジスト,Veste Pillard GF
4254,プランダGXレジスト,Veste Pillard GX
4255,アルテラメイル,Cotte Altera
4256,アルテラＦメイル,Cotte Altera F
4257,アルテラFXメイル,Cotte Altera FX
4258,アルテラＧメイル,Cotte Altera G
4259,アルテラGFメイル,Cotte Altera GF
4260,アルテラレジスト,Veste Altera
4261,アルテラＦレジスト,Veste Altera F
4262,アルテラFXレジスト,Veste Altera FX
4263,アルテラＧレジスト,Veste Altera G
4264,アルテラGFレジスト,Veste Altera GF
4265,ドラゴンＧハイド,
4266,ドラゴンGFハイド,
4267,ドラゴンGXハイド,
4268,ドラゴンＧスキン,
4269,ドラゴンGFスキン,
4270,ドラゴンGXスキン,
4271,イリークメイル,Cotte Iriku
4272,イリークＦメイル,Cotte Iriku F
4273,イリークFXメイル,Cotte Iriku FX
4274,イリークHCメイル,Cotte Iriku HC
4275,イリークレジスト,Veste Iriku
4276,イリークＦレジスト,Veste Iriku F
4277,イリークFXレジスト,Veste Iriku FX
4278,イリークHCレジスト,Veste Iriku HC
4279,イリークＧメイル,Cotte Iriku G
4280,イリークGFメイル,Cotte Iriku GF
4281,イリークGXメイル,Cotte Iriku GX
4282,イリークＧレジスト,Veste Iriku G
4283,イリークGFレジスト,Veste Iriku GF
4284,イリークGXレジスト,Veste Iriku GX
4285,アフティＧメイル,Cotte Afti G
4286,アフティGFメイル,Cotte Afti GF
4287,アフティGXメイル,Cotte Afti GX
4288,アフティＧレジスト,Veste Afti G
4289,アフティGFレジスト,Veste Afti GF
4290,アフティGXレジスト,Veste Afti GX
4291,セクティメイル・黒,Cotte Secti noire
4292,セクティＦメイル・黒,Cotte Secti F noire
4293,セクティFZメイル・黒,Cotte Secti FZ noire
4294,セクティHSメイル・黒,Cotte Secti HS noire
4295,セクティGSメイル・黒,Cotte Secti GS noire
4296,セクティGPメイル・黒,Cotte Secti GP noire
4297,セクティスーツ・黒,Combinaison Secti noire
4298,セクティＦスーツ・黒,Combinaison Secti F noire
4299,セクティFZスーツ・黒,Combinaison Secti FZ noire
4300,セクティHSスーツ・黒,Combinaison Secti HS noire
4301,セクティGSスーツ・黒,Combinaison Secti GS noire
4302,セクティGPスーツ・黒,Combinaison Secti GP noire
4303,セクティメイル・青,Cotte Secti bleue
4304,セクティＦメイル・青,Cotte Secti F bleue
4305,セクティFZメイル・青,Cotte Secti FZ bleue
4306,セクティHSメイル・青,Cotte Secti HS bleue
4307,セクティGSメイル・青,Cotte Secti GS bleue
4308,セクティGPメイル・青,Cotte Secti GP bleue
4309,セクティスーツ・青,Combinaison Secti bleue
4310,セクティＦスーツ・青,Combinaison Secti F bleue
4311,セクティFZスーツ・青,Combinaison Secti FZ bleue
4312,セクティHSスーツ・青,Combinaison Secti HS bleue
4313,セクティGSスーツ・青,Combinaison Secti GS bleue
4314,セクティGPスーツ・青,Combinaison Secti GP bleue
4315,セクティメイル・赤,Cotte Secti rouge
4316,セクティＦメイル・赤,Cotte Secti F rouge
4317,セクティFZメイル・赤,Cotte Secti FZ rouge
4318,セクティHSメイル・赤,Cotte Secti HS rouge
4319,セクティGSメイル・赤,Cotte Secti GS rouge
4320,セクティGPメイル・赤,Cotte Secti GP rouge
4321,セクティスーツ・赤,Combinaison Secti rouge
4322,セクティＦスーツ・赤,Combinaison Secti F rouge
4323,セクティFZスーツ・赤,Combinaison Secti FZ rouge
4324,セクティHSスーツ・赤,Combinaison Secti HS rouge
4325,セクティGSスーツ・赤,Combinaison Secti GS rouge
4326,セクティGPスーツ・赤,Combinaison Secti GP rouge
4327,セクティメイル・白,Cotte Secti blanche
4328,セクティＦメイル・白,Cotte Secti F blanche
4329,セクティFZメイル・白,Cotte Secti FZ blanche
4330,セクティHSメイル・白,Cotte Secti HS blanche
4331,セクティGSメイル・白,Cotte Secti GS blanche
4332,セクティGPメイル・白,Cotte Secti GP blanche
4333,セクティスーツ・白,Combinaison Secti blanche
4334,セクティＦスーツ・白,Combinaison Secti F blanche
4335,セクティFZスーツ・白,Combinaison Secti FZ blanche
4336,セクティHSスーツ・白,Combinaison Secti HS blanche
4337,セクティGSスーツ・白,Combinaison Secti GS blanche
4338,セクティGPスーツ・白,Combinaison Secti GP blanche
4339,ゲルトメイル・黒,Cotte Gert noire
4340,ゲルトＦメイル・黒,Cotte Gert F noire
4341,ゲルトFZメイル・黒,Cotte Gert FZ noire
4342,ゲルトHSメイル・黒,Cotte Gert HS noire
4343,ゲルトGSメイル・黒,Cotte Gert GS noire
4344,ゲルトGPメイル・黒,Cotte Gert GP noire
4345,ゲルトスーツ・黒,Combinaison Gert noire
4346,ゲルトＦスーツ・黒,Combinaison Gert F noire
4347,ゲルトFZスーツ・黒,Combinaison Gert FZ noire
4348,ゲルトHSスーツ・黒,Combinaison Gert HS noire
4349,ゲルトGSスーツ・黒,Combinaison Gert GS noire
4350,ゲルトGPスーツ・黒,Combinaison Gert GP noire
4351,ゲルトメイル・銅,
4352,ゲルトＦメイル・銅,
4353,ゲルトFZメイル・銅,
4354,ゲルトHSメイル・銅,
4355,ゲルトGSメイル・銅,
4356,ゲルトGPメイル・銅,
4357,ゲルトスーツ・銅,
4358,ゲルトＦスーツ・銅,
4359,ゲルトFZスーツ・銅,
4360,ゲルトHSスーツ・銅,
4361,ゲルトGSスーツ・銅,
4362,ゲルトGPスーツ・銅,
4363,ゲルトメイル・銀,Cotte Gert argentée
4364,ゲルトＦメイル・銀,Cotte Gert F argentée
4365,ゲルトFZメイル・銀,Cotte Gert FZ argentée
4366,ゲルトHSメイル・銀,Cotte Gert HS argentée
4367,ゲルトGSメイル・銀,Cotte Gert GS argentée
4368,ゲルトGPメイル・銀,Cotte Gert GP argentée
4369,ゲルトスーツ・銀,Combinaison Gert argentée
4370,ゲルトＦスーツ・銀,Combinaison Gert F argentée
4371,ゲルトFZスーツ・銀,Combinaison Gert FZ argentée
4372,ゲルトHSスーツ・銀,Combinaison Gert HS argentée
4373,ゲルトGSスーツ・銀,Combinaison Gert GS argentée
4374,ゲルトGPスーツ・銀,Combinaison Gert GP argentée
4375,ゲルトメイル・金,Cotte Gert dorée
4376,ゲルトＦメイル・金,Cotte Gert F dorée
4377,ゲルトFZメイル・金,Cotte Gert FZ dorée
4378,ゲルトHSメイル・金,Cotte Gert HS dorée
4379,ゲルトGSメイル・金,Cotte Gert GS dorée
4380,ゲルトGPメイル・金,Cotte Gert GP dorée
4381,ゲルトスーツ・金,Combinaison Gert dorée
4382,ゲルトＦスーツ・金,Combinaison Gert F dorée
4383,ゲルトFZスーツ・金,Combinaison Gert FZ dorée
4384,ゲルトHSスーツ・金,Combinaison Gert HS dorée
4385,ゲルトGSスーツ・金,Combinaison Gert GS dorée
4386,ゲルトGPスーツ・金,Combinaison Gert GP dorée
4387,ウーコンスーツ,Combinaison Shoko
4388,ウーコンＦスーツ,Combinaison Shoko F
4389,ウーコンFZスーツ,Combinaison Shoko FZ
4390,ウーコンHSスーツ,Combinaison Shoko HS
4391,ウーコンGSスーツ,Combinaison Shoko GS
4392,ウーコンGPスーツ,Combinaison Shoko GP
4393,ウーコンベスト,Gilet Shoko
4394,ウーコンＦベスト,Gilet Shoko F
4395,ウーコンFZベスト,Gilet Shoko FZ
4396,ウーコンHSベスト,Gilet Shoko HS
4397,ウーコンGSベスト,Gilet Shoko GS
4398,ウーコンGPベスト,Gilet Shoko GP
4399,ゲノムスーツ・緑,Combinaison Génome verte
4400,ゲノムＦスーツ・緑,Combinaison Génome F verte
4401,ゲノムFZスーツ・緑,Combinaison Génome FZ verte
4402,ゲノムHSスーツ・緑,Combinaison Génome HS verte
4403,ゲノムGSスーツ・緑,Combinaison Génome GS verte
4404,ゲノムGPスーツ・緑,Combinaison Génome GP verte
4405,ゲノムベスト・緑,Gilet Génome vert
4406,ゲノムＦベスト・緑,Gilet Génome F vert
4407,ゲノムFZベスト・緑,Gilet Génome FZ vert
4408,ゲノムHSベスト・緑,Gilet Génome HS vert
4409,ゲノムGSベスト・緑,Gilet Génome GS vert
4410,ゲノムGPベスト・緑,Gilet Génome GP vert
4411,ゲノムスーツ・水,
4412,ゲノムＦスーツ・水,
4413,ゲノムFZスーツ・水,
4414,ゲノムHSスーツ・水,
4415,ゲノムGSスーツ・水,
4416,ゲノムGPスーツ・水,
4417,ゲノムベスト・水,
4418,ゲノムＦベスト・水,
4419,ゲノムFZベスト・水,
4420,ゲノムHSベスト・水,
4421,ゲノムGSベスト・水,
4422,ゲノムGPベスト・水,
4423,ゲノムスーツ・赤,Combinaison Génome rouge
4424,ゲノムＦスーツ・赤,Combinaison Génome F rouge
4425,ゲノムFZスーツ・赤,Combinaison Génome FZ rouge
4426,ゲノムHSスーツ・赤,Combinaison Génome HS rouge
4427,ゲノムGSスーツ・赤,Combinaison Génome GS rouge
4428,ゲノムGPスーツ・赤,Combinaison Génome GP rouge
4429,ゲノムベスト・赤,Gilet Génome rouge
4430,ゲノムＦベスト・赤,Gilet Génome F rouge
4431,ゲノムFZベスト・赤,Gilet Génome FZ rouge
4432,ゲノムHSベスト・赤,Gilet Génome HS rouge
4433,ゲノムGSベスト・赤,Gilet Génome GS rouge
4434,ゲノムGPベスト・赤,Gilet Génome GP rouge
4435,ゲノムスーツ・紫,Combinaison Génome violette
4436,ゲノムＦスーツ・紫,Combinaison Génome F violette
4437,ゲノムFZスーツ・紫,Combinaison Génome FZ violette
4438,ゲノムHSスーツ・紫,Combinaison Génome HS violette
4439,ゲノムGSスーツ・紫,Combinaison Génome GS violette
4440,ゲノムGPスーツ・紫,Combinaison Génome GP violette
4441,ゲノムベスト・紫,Gilet Génome violet
4442,ゲノムＦベスト・紫,Gilet Génome F violet
4443,ゲノムFZベスト・紫,Gilet Génome FZ violet
4444,ゲノムHSベスト・紫,Gilet Génome HS violet
4445,ゲノムGSベスト・紫,Gilet Génome GS violet
4446,ゲノムGPベスト・紫,Gilet Génome GP violet
4447,ディヴォルスーツ緑,Combinaison Divol verte
4448,ディヴォルＦスーツ緑,Combinaison Divol F verte
4449,ディヴォルFZスーツ緑,Combinaison Divol FZ verte
4450,ディヴォルHSスーツ緑,Combinaison Divol HS verte
4451,ディヴォルGSスーツ緑,Combinaison Divol GS verte
4452,ディヴォルGPスーツ緑,Combinaison Divol GP verte
4453,ディヴォルベスト緑,Gilet Divol vert
4454,ディヴォルＦベスト緑,Gilet Divol F vert
4455,ディヴォルFZベスト緑,Gilet Divol FZ vert
4456,ディヴォルHSベスト緑,Gilet Divol HS vert
4457,ディヴォルGSベスト緑,Gilet Divol GS vert
4458,ディヴォルGPベスト緑,Gilet Divol GP vert
4459,ディヴォルスーツ茶,Combinaison Divol brune
4460,ディヴォルＦスーツ茶,Combinaison Divol F brune
4461,ディヴォルFZスーツ茶,Combinaison Divol FZ brune
4462,ディヴォルHSスーツ茶,Combinaison Divol HS brune
4463,ディヴォルGSスーツ茶,Combinaison Divol GS brune
4464,ディヴォルGPスーツ茶,Combinaison Divol GP brune
4465,ディヴォルベスト茶,Gilet Divol brun
4466,ディヴォルＦベスト茶,Gilet Divol F brun
4467,ディヴォルFZベスト茶,Gilet Divol FZ brun
4468,ディヴォルHSベスト茶,Gilet Divol HS brun
4469,ディヴォルGSベスト茶,Gilet Divol GS brun
4470,ディヴォルGPベスト茶,Gilet Divol GP brun
4471,ディヴォルスーツ白,Combinaison Divol blanche
4472,ディヴォルＦスーツ白,Combinaison Divol F blanche
4473,ディヴォルFZスーツ白,Combinaison Divol FZ blanche
4474,ディヴォルHSスーツ白,Combinaison Divol HS blanche
4475,ディヴォルGSスーツ白,Combinaison Divol GS blanche
4476,ディヴォルGPスーツ白,Combinaison Divol GP blanche
4477,ディヴォルベスト白,Gilet Divol blanc
4478,ディヴォルＦベスト白,Gilet Divol F blanc
4479,ディヴォルFZベスト白,Gilet Divol FZ blanc
4480,ディヴォルHSベスト白,Gilet Divol HS blanc
4481,ディヴォルGSベスト白,Gilet Divol GS blanc
4482,ディヴォルGPベスト白,Gilet Divol GP blanc
4483,ダンテスーツ・赤,Combinaison Dante rouge
4484,ダンテＦスーツ・赤,Combinaison Dante F rouge
4485,ダンテFZスーツ・赤,Combinaison Dante FZ rouge
4486,ダンテHSスーツ・赤,Combinaison Dante HS rouge
4487,ダンテGSスーツ・赤,Combinaison Dante GS rouge
4488,ダンテGPスーツ・赤,Combinaison Dante GP rouge
4489,ダンテベスト・赤,Gilet Dante rouge
4490,ダンテＦベスト・赤,Gilet Dante F rouge
4491,ダンテFZベスト・赤,Gilet Dante FZ rouge
4492,ダンテHSベスト・赤,Gilet Dante HS rouge
4493,ダンテGSベスト・赤,Gilet Dante GS rouge
4494,ダンテGPベスト・赤,Gilet Dante GP rouge
4495,レディスーツ・白,Combinaison Dame blanche
4496,レディＦスーツ・白,Combinaison Dame F blanche
4497,レディFZスーツ・白,Combinaison Dame FZ blanche
4498,レディHSスーツ・白,Combinaison Dame HS blanche
4499,レディGSスーツ・白,Combinaison Dame GS blanche
4500,レディGPスーツ・白,Combinaison Dame GP blanche
4501,レディベスト・白,Gilet Dame blanc
4502,レディＦベスト・白,Gilet Dame F blanc
4503,レディFZベスト・白,Gilet Dame FZ blanc
4504,レディHSベスト・白,Gilet Dame HS blanc
4505,レディGSベスト・白,Gilet Dame GS blanc
4506,レディGPベスト・白,Gilet Dame GP blanc
4507,ダンテスーツ・黒,Combinaison Dante noire
4508,ダンテＦスーツ・黒,Combinaison Dante F noire
4509,ダンテFZスーツ・黒,Combinaison Dante FZ noire
4510,ダンテHSスーツ・黒,Combinaison Dante HS noire
4511,ダンテGSスーツ・黒,Combinaison Dante GS noire
4512,ダンテGPスーツ・黒,Combinaison Dante GP noire
4513,ダンテベスト・黒,Gilet Dante noir
4514,ダンテＦベスト・黒,Gilet Dante F noir
4515,ダンテFZベスト・黒,Gilet Dante FZ noir
4516,ダンテHSベスト・黒,Gilet Dante HS noir
4517,ダンテGSベスト・黒,Gilet Dante GS noir
4518,ダンテGPベスト・黒,Gilet Dante GP noir
4519,レディスーツ・黒,Combinaison Dame noire
4520,レディＦスーツ・黒,Combinaison Dame F noire
4521,レディFZスーツ・黒,Combinaison Dame FZ noire
4522,レディHSスーツ・黒,Combinaison Dame HS noire
4523,レディGSスーツ・黒,Combinaison Dame GS noire
4524,レディGPスーツ・黒,Combinaison Dame GP noire
4525,レディベスト・黒,Gilet Dame noir
4526,レディＦベスト・黒,Gilet Dame F noir
4527,レディFZベスト・黒,Gilet Dame FZ noir
4528,レディHSベスト・黒,Gilet Dame HS noir
4529,レディGSベスト・黒,Gilet Dame GS noir
4530,レディGPベスト・黒,Gilet Dame GP noir
4531,ダンテスーツ・白,Combinaison Dante blanche
4532,ダンテＦスーツ・白,Combinaison Dante F blanche
4533,ダンテFZスーツ・白,Combinaison Dante FZ blanche
4534,ダンテHSスーツ・白,Combinaison Dante HS blanche
4535,ダンテGSスーツ・白,Combinaison Dante GS blanche
4536,ダンテGPスーツ・白,Combinaison Dante GP blanche
4537,ダンテベスト・白,Gilet Dante blanc
4538,ダンテＦベスト・白,Gilet Dante F blanc
4539,ダンテFZベスト・白,Gilet Dante FZ blanc
4540,ダンテHSベスト・白,Gilet Dante HS blanc
4541,ダンテGSベスト・白,Gilet Dante GS blanc
4542,ダンテGPベスト・白,Gilet Dante GP blanc
4543,レディスーツ・赤,Combinaison Dame rouge
4544,レディＦスーツ・赤,Combinaison Dame F rouge
4545,レディFZスーツ・赤,Combinaison Dame FZ rouge
4546,レディHSスーツ・赤,Combinaison Dame HS rouge
4547,レディGSスーツ・赤,Combinaison Dame GS rouge
4548,レディGPスーツ・赤,Combinaison Dame GP rouge
4549,レディベスト・赤,Gilet Dame rouge
4550,レディＦベスト・赤,Gilet Dame F rouge
4551,レディFZベスト・赤,Gilet Dame FZ rouge
4552,レディHSベスト・赤,Gilet Dame HS rouge
4553,レディGSベスト・赤,Gilet Dame GS rouge
4554,レディGPベスト・赤,Gilet Dame GP rouge
4555,ダンテスーツ・緑,Combinaison Dante verte
4556,ダンテＦスーツ・緑,Combinaison Dante F verte
4557,ダンテFZスーツ・緑,Combinaison Dante FZ verte
4558,ダンテHSスーツ・緑,Combinaison Dante HS verte
4559,ダンテGSスーツ・緑,Combinaison Dante GS verte
4560,ダンテGPスーツ・緑,Combinaison Dante GP verte
4561,ダンテベスト・緑,Gilet Dante vert
4562,ダンテＦベスト・緑,Gilet Dante F vert
4563,ダンテFZベスト・緑,Gilet Dante FZ vert
4564,ダンテHSベスト・緑,Gilet Dante HS vert
4565,ダンテGSベスト・緑,Gilet Dante GS vert
4566,ダンテGPベスト・緑,Gilet Dante GP vert
4567,レディスーツ・緑,Combinaison Dame verte
4568,レディＦスーツ・緑,Combinaison Dame F verte
4569,レディFZスーツ・緑,Combinaison Dame FZ verte
4570,レディHSスーツ・緑,Combinaison Dame HS verte
4571,レディGSスーツ・緑,Combinaison Dame GS verte
4572,レディGPスーツ・緑,Combinaison Dame GP verte
4573,レディベスト・緑,Gilet Dame vert
4574,レディＦベスト・緑,Gilet Dame F vert
4575,レディFZベスト・緑,Gilet Dame FZ vert
4576,レディHSベスト・緑,Gilet Dame HS vert
4577,レディGSベスト・緑,Gilet Dame GS vert
4578,レディGPベスト・緑,Gilet Dame GP vert
4579,昇龍FZ胴着・白,
4580,昇龍HS胴着・白,
4581,昇龍GS胴着・白,
4582,昇龍GP胴着・白,
4583,波動FZ胴着・白,
4584,波動HS胴着・白,
4585,波動GS胴着・白,
4586,波動GP胴着・白,
4587,百裂FZ胴着・青,
4588,百裂HS胴着・青,
4589,百裂GS胴着・青,
4590,百裂GP胴着・青,
4591,気功FZ胴着・青,
4592,気功HS胴着・青,
4593,気功GS胴着・青,
4594,気功GP胴着・青,
4595,昇龍FZ胴着・紺,
4596,昇龍HS胴着・紺,
4597,昇龍GS胴着・紺,
4598,昇龍GP胴着・紺,
4599,波動FZ胴着・紺,
4600,波動HS胴着・紺,
4601,波動GS胴着・紺,
4602,波動GP胴着・紺,
4603,百裂FZ胴着・黒,
4604,百裂HS胴着・黒,
4605,百裂GS胴着・黒,
4606,百裂GP胴着・黒,
4607,気功FZ胴着・黒,
4608,気功HS胴着・黒,
4609,気功GS胴着・黒,
4610,気功GP胴着・黒,
4611,昇龍FZ胴着・黄,
4612,昇龍HS胴着・黄,
4613,昇龍GS胴着・黄,
4614,昇龍GP胴着・黄,
4615,波動FZ胴着・黄,
4616,波動HS胴着・黄,
4617,波動GS胴着・黄,
4618,波動GP胴着・黄,
4619,百裂FZ胴着・黄,
4620,百裂HS胴着・黄,
4621,百裂GS胴着・黄,
4622,百裂GP胴着・黄,
4623,気功FZ胴着・黄,
4624,気功HS胴着・黄,
4625,気功GS胴着・黄,
4626,気功GP胴着・黄,
4627,昇龍FZ胴着・紫,
4628,昇龍HS胴着・紫,
4629,昇龍GS胴着・紫,
4630,昇龍GP胴着・紫,
4631,波動FZ胴着・紫,
4632,波動HS胴着・紫,
4633,波動GS胴着・紫,
4634,波動GP胴着・紫,
4635,百裂FZ胴着・緑,
4636,百裂HS胴着・緑,
4637,百裂GS胴着・緑,
4638,百裂GP胴着・緑,
4639,気功FZ胴着・緑,
4640,気功HS胴着・緑,
4641,気功GS胴着・緑,
4642,気功GP胴着・緑,
4643,竜巻FZ胴着・黒,
4644,竜巻HS胴着・黒,
4645,竜巻GS胴着・黒,
4646,竜巻GP胴着・黒,
4647,真空FZ胴着・黒,
4648,真空HS胴着・黒,
4649,真空GS胴着・黒,
4650,真空GP胴着・黒,
4651,千裂FZ胴着・黒,
4652,千裂HS胴着・黒,
4653,千裂GS胴着・黒,
4654,千裂GP胴着・黒,
4655,覇山FZ胴着・黒,
4656,覇山HS胴着・黒,
4657,覇山GS胴着・黒,
4658,覇山GP胴着・黒,
4659,竜巻FZ胴着・茶,
4660,竜巻HS胴着・茶,
4661,竜巻GS胴着・茶,
4662,竜巻GP胴着・茶,
4663,真空FZ胴着・茶,
4664,真空HS胴着・茶,
4665,真空GS胴着・茶,
4666,真空GP胴着・茶,
4667,千裂FZ胴着・紫,
4668,千裂HS胴着・紫,
4669,千裂GS胴着・紫,
4670,千裂GP胴着・紫,
4671,覇山FZ胴着・紫,
4672,覇山HS胴着・紫,
4673,覇山GS胴着・紫,
4674,覇山GP胴着・紫,
4675,竜巻FZ胴着・白,
4676,竜巻HS胴着・白,
4677,竜巻GS胴着・白,
4678,竜巻GP胴着・白,
4679,真空FZ胴着・白,
4680,真空HS胴着・白,
4681,真空GS胴着・白,
4682,真空GP胴着・白,
4683,千裂FZ胴着・白,
4684,千裂HS胴着・白,
4685,千裂GS胴着・白,
4686,千裂GP胴着・白,
4687,覇山FZ胴着・白,
4688,覇山HS胴着・白,
4689,覇山GS胴着・白,
4690,覇山GP胴着・白,
4691,竜巻FZ胴着・青,
4692,竜巻HS胴着・青,
4693,竜巻GS胴着・青,
4694,竜巻GP胴着・青,
4695,真空FZ胴着・青,
4696,真空HS胴着・青,
4697,真空GS胴着・青,
4698,真空GP胴着・青,
4699,千裂FZ胴着・緑,
4700,千裂HS胴着・緑,
4701,千裂GS胴着・緑,
4702,千裂GP胴着・緑,
4703,覇山FZ胴着・緑,
4704,覇山HS胴着・緑,
4705,覇山GS胴着・緑,
4706,覇山GP胴着・緑,
4707,デモンFZドレス・青,
4708,デモンHSドレス・青,
4709,デモンGSドレス・青,
4710,デモンGPドレス・青,
4711,カオスFZドレス・青,
4712,カオスHSドレス・青,
4713,カオスGSドレス・青,
4714,カオスGPドレス・青,
4715,シャドウFZスーツ紫,Combinaison Ombre FZ violette
4716,シャドウHSスーツ紫,Combinaison Ombre HS violette
4717,シャドウGSスーツ紫,Combinaison Ombre GS violette
4718,シャドウGPスーツ紫,Combinaison Ombre GP violette
4719,ソウルFZスーツ・紫,
4720,ソウルHSスーツ・紫,
4721,ソウルGSスーツ・紫,
4722,ソウルGPスーツ・紫,
4723,デモンFZドレス・赤,
4724,デモンHSドレス・赤,
4725,デモンGSドレス・赤,
4726,デモンGPドレス・赤,
4727,カオスFZドレス・赤,
4728,カオスHSドレス・赤,
4729,カオスGSドレス・赤,
4730,カオスGPドレス・赤,
4731,シャドウFZスーツ赤,Combinaison Ombre FZ rouge
4732,シャドウHSスーツ赤,Combinaison Ombre HS rouge
4733,シャドウGSスーツ赤,Combinaison Ombre GS rouge
4734,シャドウGPスーツ赤,Combinaison Ombre GP rouge
4735,ソウルFZスーツ・赤,
4736,ソウルHSスーツ・赤,
4737,ソウルGSスーツ・赤,
4738,ソウルGPスーツ・赤,
4739,デモンFZドレス・緑,
4740,デモンHSドレス・緑,
4741,デモンGSドレス・緑,
4742,デモンGPドレス・緑,
4743,カオスFZドレス・緑,
4744,カオスHSドレス・緑,
4745,カオスGSドレス・緑,
4746,カオスGPドレス・緑,
4747,シャドウFZスーツ緑,Combinaison Ombre FZ verte
4748,シャドウHSスーツ緑,Combinaison Ombre HS verte
4749,シャドウGSスーツ緑,Combinaison Ombre GS verte
4750,シャドウGPスーツ緑,Combinaison Ombre GP verte
4751,ソウルFZスーツ・緑,
4752,ソウルHSスーツ・緑,
4753,ソウルGSスーツ・緑,
4754,ソウルGPスーツ・緑,
4755,デモンFZドレス・白,
4756,デモンHSドレス・白,
4757,デモンGSドレス・白,
4758,デモンGPドレス・白,
4759,カオスFZドレス・白,
4760,カオスHSドレス・白,
4761,カオスGSドレス・白,
4762,カオスGPドレス・白,
4763,シャドウFZスーツ白,Combinaison Ombre FZ blanche
4764,シャドウHSスーツ白,Combinaison Ombre HS blanche
4765,シャドウGSスーツ白,Combinaison Ombre GS blanche
4766,シャドウGPスーツ白,Combinaison Ombre GP blanche
4767,ソウルFZスーツ・白,
4768,ソウルHSスーツ・白,
4769,ソウルGSスーツ・白,
4770,ソウルGPスーツ・白,
4771,一閃GS【胴当て】・赤,
4772,一閃GP【胴当て】・赤,
4773,構射GS【胴当て】・赤,
4774,構射GP【胴当て】・赤,
4775,蜂針GS【胸当て】・橙,
4776,蜂針GP【胸当て】・橙,
4777,気弾GS【胸当て】・橙,
4778,気弾GP【胸当て】・橙,
4779,一閃GS【胴当て】・青,
4780,一閃GP【胴当て】・青,
4781,構射GS【胴当て】・青,
4782,構射GP【胴当て】・青,
4783,蜂針GS【胸当て】・青,
4784,蜂針GP【胸当て】・青,
4785,気弾GS【胸当て】・青,
4786,気弾GP【胸当て】・青,
4787,一閃GS【胴当て】・黄,
4788,一閃GP【胴当て】・黄,
4789,構射GS【胴当て】・黄,
4790,構射GP【胴当て】・黄,
4791,蜂針GS【胸当て】・黄,
4792,蜂針GP【胸当て】・黄,
4793,気弾GS【胸当て】・黄,
4794,気弾GP【胸当て】・黄,
4795,一閃GS【胴当て】・黒,
4796,一閃GP【胴当て】・黒,
4797,構射GS【胴当て】・黒,
4798,構射GP【胴当て】・黒,
4799,蜂針GS【胸当て】・黒,
4800,蜂針GP【胸当て】・黒,
4801,気弾GS【胸当て】・黒,
4802,気弾GP【胸当て】・黒,
4803,神龍GS胴着・赤,
4804,神龍GP胴着・赤,
4805,裂破GS胴着・赤,
4806,裂破GP胴着・赤,
4807,キャノンGSスーツ・水,
4808,キャノンGPスーツ・水,
4809,アクセルGSスーツ・水,
4810,アクセルGPスーツ・水,
4811,神龍GS胴着・白,
4812,神龍GP胴着・白,
4813,裂破GS胴着・白,
4814,裂破GP胴着・白,
4815,キャノンGSスーツ・緑,
4816,キャノンGPスーツ・緑,
4817,アクセルGSスーツ・緑,
4818,アクセルGPスーツ・緑,
4819,神龍GS胴着・紫,
4820,神龍GP胴着・紫,
4821,裂破GS胴着・紫,
4822,裂破GP胴着・紫,
4823,キャノンGSスーツ・桃,
4824,キャノンGPスーツ・桃,
4825,アクセルGSスーツ・桃,
4826,アクセルGPスーツ・桃,
4827,神龍GS胴着・黄,
4828,神龍GP胴着・黄,
4829,裂破GS胴着・黄,
4830,裂破GP胴着・黄,
4831,キャノンGSスーツ・紫,
4832,キャノンGPスーツ・紫,
4833,アクセルGSスーツ・紫,
4834,アクセルGPスーツ・紫,
4835,ガルーダHSスーツ,Combinaison Garuda HS
4836,ガルーダGSスーツ,Combinaison Garuda GS
4837,ガルーダGPスーツ,Combinaison Garuda GP
4838,ガルーダHSベスト,Gilet Garuda HS
4839,ガルーダGSベスト,Gilet Garuda GS
4840,ガルーダGPベスト,Gilet Garuda GP
4841,フィアラルHSスーツ,Combinaison Féral HS
4842,フィアラルGSスーツ,Combinaison Féral GS
4843,フィアラルGPスーツ,Combinaison Féral GP
4844,フィアラルHSベスト,Gilet Féral HS
4845,フィアラルGSベスト,Gilet Féral GS
4846,フィアラルGPベスト,Gilet Féral GP
4847,フィアスHSスーツ,Combinaison Fias HS
4848,フィアスGSスーツ,Combinaison Fias GS
4849,フィアスGPスーツ,Combinaison Fias GP
4850,フィアスHSベスト,Gilet Fias HS
4851,フィアスGSベスト,Gilet Fias GS
4852,フィアスGPベスト,Gilet Fias GP
4853,ヴィルトHSスーツ,Combinaison Viruto HS
4854,ヴィルトGSスーツ,Combinaison Viruto GS
4855,ヴィルトGPスーツ,Combinaison Viruto GP
4856,ヴィルトHSベスト,Gilet Viruto HS
4857,ヴィルトGSベスト,Gilet Viruto GS
4858,ヴィルトGPベスト,Gilet Viruto GP
4859,ファルコHSメイル,Cotte Falco HS
4860,ファルコGSメイル,Cotte Falco GS
4861,ファルコGPメイル,Cotte Falco GP
4862,ファルコHSレジスト,Veste Falco HS
4863,ファルコGSレジスト,Veste Falco GS
4864,ファルコGPレジスト,Veste Falco GP
4865,ハウクスHSメイル,Cotte Howx HS
4866,ハウクスGSメイル,Cotte Howx GS
4867,ハウクスGPメイル,Cotte Howx GP
4868,ハウクスHSレジスト,Veste Howx HS
4869,ハウクスGSレジスト,Veste Howx GS
4870,ハウクスGPレジスト,Veste Howx GP
4871,ガウスHSメイル,Cotte Gauss HS
4872,ガウスGSメイル,Cotte Gauss GS
4873,ガウスGPメイル,Cotte Gauss GP
4874,ガウスHSレジスト,Veste Gauss HS
4875,ガウスGSレジスト,Veste Gauss GS
4876,ガウスGPレジスト,Veste Gauss GP
4877,ウェーバHSメイル,Cotte Weber HS
4878,ウェーバGSメイル,Cotte Weber GS
4879,ウェーバGPメイル,Cotte Weber GP
4880,ウェーバHSレジスト,Veste Weber HS
4881,ウェーバGSレジスト,Veste Weber GS
4882,ウェーバGPレジスト,Veste Weber GP
4883,ギルバートHSメイル,Cotte Gilbert HS
4884,ギルバートGSメイル,Cotte Gilbert GS
4885,ギルバートGPメイル,Cotte Gilbert GP
4886,ギルバートHSレジスト,Veste Gilbert HS
4887,ギルバートGSレジスト,Veste Gilbert GS
4888,ギルバートGPレジスト,Veste Gilbert GP
4889,ブライトGPメイル,Cotte Éclat GP
4890,ブライトGPレジスト,Veste Éclat GP
4891,ジュアリGPメイル,Cotte Juari GP
4892,ジュアリGPレジスト,Veste Juari GP
4893,ティンクGPメイル,Cotte Tinku GP
4894,ティンクGPレジスト,Veste Tinku GP
4895,ルクストメイル,Cotte Luxt
4896,ルクストＦメイル,Cotte Luxt F
4897,ルクストFYメイル,Cotte Luxt FY
4898,ルクストHSメイル,Cotte Luxt HS
4899,ルクストレジスト,Veste Luxt
4900,ルクストＦレジスト,Veste Luxt F
4901,ルクストFYレジスト,Veste Luxt FY
4902,ルクストHSレジスト,Veste Luxt HS
4903,ルクストＧメイル,Cotte Luxt G
4904,ルクストGFメイル,Cotte Luxt GF
4905,ルクストGXメイル,Cotte Luxt GX
4906,ルクストＧレジスト,Veste Luxt G
4907,ルクストGFレジスト,Veste Luxt GF
4908,ルクストGXレジスト,Veste Luxt GX
4909,オレウムメイル,Cotte Oleum
4910,オレウムＦメイル,Cotte Oleum F
4911,オレウムFYメイル,Cotte Oleum FY
4912,オレウムHSメイル,Cotte Oleum HS
4913,オレウムレジスト,Veste Oleum
4914,オレウムＦレジスト,Veste Oleum F
4915,オレウムFYレジスト,Veste Oleum FY
4916,オレウムHSレジスト,Veste Oleum HS
4917,オレウムＧメイル,Cotte Oleum G
4918,オレウムGFメイル,Cotte Oleum GF
4919,オレウムGXメイル,Cotte Oleum GX
4920,オレウムＧレジスト,Veste Oleum G
4921,オレウムGFレジスト,Veste Oleum GF
4922,オレウムGXレジスト,Veste Oleum GX
4923,クラントメイル,Cotte Kuranto
4924,クラントＦメイル,Cotte Kuranto F
4925,クラントFYメイル,Cotte Kuranto FY
4926,クラントHSメイル,Cotte Kuranto HS
4927,クラントレジスト,Veste Kuranto
4928,クラントＦレジスト,Veste Kuranto F
4929,クラントFYレジスト,Veste Kuranto FY
4930,クラントHSレジスト,Veste Kuranto HS
4931,クラントＧメイル,Cotte Kuranto G
4932,クラントGFメイル,Cotte Kuranto GF
4933,クラントGXメイル,Cotte Kuranto GX
4934,クラントＧレジスト,Veste Kuranto G
4935,クラントGFレジスト,Veste Kuranto GF
4936,クラントGXレジスト,Veste Kuranto GX
4937,ユプケメイル,Cotte Yupuk
4938,ユプケＦメイル,Cotte Yupuk F
4939,ユプケFYメイル,Cotte Yupuk FY
4940,ユプケHSメイル,Cotte Yupuk HS
4941,ユプケレジスト,Veste Yupuk
4942,ユプケＦレジスト,Veste Yupuk F
4943,ユプケFYレジスト,Veste Yupuk FY
4944,ユプケHSレジスト,Veste Yupuk HS
4945,ユプケＧメイル,Cotte Yupuk G
4946,ユプケGFメイル,Cotte Yupuk GF
4947,ユプケGXメイル,Cotte Yupuk GX
4948,ユプケＧレジスト,Veste Yupuk G
4949,ユプケGFレジスト,Veste Yupuk GF
4950,ユプケGXレジスト,Veste Yupuk GX
4951,ヒガクレＧメイル,Cotte Higakure G
4952,ヒガクレGFメイル,Cotte Higakure GF
4953,ヒガクレGXメイル,Cotte Higakure GX
4954,ヒガクレＧレジスト,Veste Higakure G
4955,ヒガクレGFレジスト,Veste Higakure GF
4956,ヒガクレGXレジスト,Veste Higakure GX
4957,コンセルＧメイル,Cotte Konseru G
4958,コンセルGFメイル,Cotte Konseru GF
4959,コンセルGXメイル,Cotte Konseru GX
4960,コンセルＧレジスト,Veste Konseru G
4961,コンセルGFレジスト,Veste Konseru GF
4962,コンセルGXレジスト,Veste Konseru GX
4963,ディールＧジャケット,
4964,ディールGFジャケット,
4965,ディールGXジャケット,
4966,ディールＧスーツ,Combinaison Diru G
4967,ディールGFスーツ,Combinaison Diru GF
4968,ディールGXスーツ,Combinaison Diru GX
4969,コルヌーメイル,
4970,コピアイメイル,
4971,コルヌーレジスト,
4972,コピアイレジスト,
4973,メトリーメイル・青,Cotte Metri bleue
4974,メトリーＦメイル・青,Cotte Metri F bleue
4975,メトリーFZメイル・青,Cotte Metri FZ bleue
4976,メトリーHCメイル・青,Cotte Metri HC bleue
4977,メトリーHSメイル・青,Cotte Metri HS bleue
4978,メトリーGSメイル・青,Cotte Metri GS bleue
4979,メトリースーツ・青,Combinaison Metri bleue
4980,メトリーＦスーツ・青,Combinaison Metri F bleue
4981,メトリーFZスーツ・青,Combinaison Metri FZ bleue
4982,メトリーHCスーツ・青,Combinaison Metri HC bleue
4983,メトリーHSスーツ・青,Combinaison Metri HS bleue
4984,メトリーGSスーツ・青,Combinaison Metri GS bleue
4985,メトリーメイル・白,Cotte Metri blanche
4986,メトリーＦメイル・白,Cotte Metri F blanche
4987,メトリーFZメイル・白,Cotte Metri FZ blanche
4988,メトリーHCメイル・白,Cotte Metri HC blanche
4989,メトリーHSメイル・白,Cotte Metri HS blanche
4990,メトリーGSメイル・白,Cotte Metri GS blanche
4991,メトリースーツ・白,Combinaison Metri blanche
4992,メトリーＦスーツ・白,Combinaison Metri F blanche
4993,メトリーFZスーツ・白,Combinaison Metri FZ blanche
4994,メトリーHCスーツ・白,Combinaison Metri HC blanche
4995,メトリーHSスーツ・白,Combinaison Metri HS blanche
4996,メトリーGSスーツ・白,Combinaison Metri GS blanche
4997,メトリーメイル・赤,Cotte Metri rouge
4998,メトリーＦメイル・赤,Cotte Metri F rouge
4999,メトリーFZメイル・赤,Cotte Metri FZ rouge
5000,メトリーHCメイル・赤,Cotte Metri HC rouge
5001,メトリーHSメイル・赤,Cotte Metri HS rouge
5002,メトリーGSメイル・赤,Cotte Metri GS rouge
5003,メトリースーツ・赤,Combinaison Metri rouge
5004,メトリーＦスーツ・赤,Combinaison Metri F rouge
5005,メトリーFZスーツ・赤,Combinaison Metri FZ rouge
5006,メトリーHCスーツ・赤,Combinaison Metri HC rouge
5007,メトリーHSスーツ・赤,Combinaison Metri HS rouge
5008,メトリーGSスーツ・赤,Combinaison Metri GS rouge
5009,メトリーメイル・緑,Cotte Metri verte
5010,メトリーＦメイル・緑,Cotte Metri F verte
5011,メトリーFZメイル・緑,Cotte Metri FZ verte
5012,メトリーHCメイル・緑,Cotte Metri HC verte
5013,メトリーHSメイル・緑,Cotte Metri HS verte
5014,メトリーGSメイル・緑,Cotte Metri GS verte
5015,メトリースーツ・緑,Combinaison Metri verte
5016,メトリーＦスーツ・緑,Combinaison Metri F verte
5017,メトリーFZスーツ・緑,Combinaison Metri FZ verte
5018,メトリーHCスーツ・緑,Combinaison Metri HC verte
5019,メトリーHSスーツ・緑,Combinaison Metri HS verte
5020,メトリーGSスーツ・緑,Combinaison Metri GS verte
5021,ノヴィーメイル,
5022,ノヴィーＦメイル,
5023,ノヴィーFZメイル,
5024,ノヴィーHCメイル,
5025,ノヴィーHSメイル,
5026,ノヴィーGSメイル,
5027,ノヴィースーツ,
5028,ノヴィーＦスーツ,
5029,ノヴィーFZスーツ,
5030,ノヴィーHCスーツ,
5031,ノヴィーHSスーツ,
5032,ノヴィーGSスーツ,
5033,フローラメイル,
5034,フラウベスト,Gilet Frau
5035,リアスーツ,
5036,キースメイル,Cotte Keith
5037,ギネルメイル,Cotte Guinelle
5038,チルカベスト,
5039,エドワードメイル,Cotte Edward
5040,タイゾウメイル,Cotte Taizo
5041,ティアラメイル,Cotte Tiala
5042,ユウェルメイル,Cotte Uwel
5043,ナターシャスーツ,Combinaison Natasha
5044,ダミー,
5045,アミロメイル・青,Cotte Amiro bleue
5046,アミロＦメイル・青,Cotte Amiro F bleue
5047,アミロFZメイル・青,Cotte Amiro FZ bleue
5048,アミロHCメイル・青,Cotte Amiro HC bleue
5049,アミロHSメイル・青,Cotte Amiro HS bleue
5050,アミロGSメイル・青,Cotte Amiro GS bleue
5051,アミロスーツ・青,Combinaison Amiro bleue
5052,アミロＦスーツ・青,Combinaison Amiro F bleue
5053,アミロFZスーツ・青,Combinaison Amiro FZ bleue
5054,アミロHCスーツ・青,Combinaison Amiro HC bleue
5055,アミロHSスーツ・青,Combinaison Amiro HS bleue
5056,アミロGSスーツ・青,Combinaison Amiro GS bleue
5057,アミロメイル・赤,Cotte Amiro rouge
5058,アミロＦメイル・赤,Cotte Amiro F rouge
5059,アミロFZメイル・赤,Cotte Amiro FZ rouge
5060,アミロHCメイル・赤,Cotte Amiro HC rouge
5061,アミロHSメイル・赤,Cotte Amiro HS rouge
5062,アミロGSメイル・赤,Cotte Amiro GS rouge
5063,アミロスーツ・赤,Combinaison Amiro rouge
5064,アミロＦスーツ・赤,Combinaison Amiro F rouge
5065,アミロFZスーツ・赤,Combinaison Amiro FZ rouge
5066,アミロHCスーツ・赤,Combinaison Amiro HC rouge
5067,アミロHSスーツ・赤,Combinaison Amiro HS rouge
5068,アミロGSスーツ・赤,Combinaison Amiro GS rouge
5069,アミロメイル・黄,Cotte Amiro jaune
5070,アミロＦメイル・黄,Cotte Amiro F jaune
5071,アミロFZメイル・黄,Cotte Amiro FZ jaune
5072,アミロHCメイル・黄,Cotte Amiro HC jaune
5073,アミロHSメイル・黄,Cotte Amiro HS jaune
5074,アミロGSメイル・黄,Cotte Amiro GS jaune
5075,アミロスーツ・黄,Combinaison Amiro jaune
5076,アミロＦスーツ・黄,Combinaison Amiro F jaune
5077,アミロFZスーツ・黄,Combinaison Amiro FZ jaune
5078,アミロHCスーツ・黄,Combinaison Amiro HC jaune
5079,アミロHSスーツ・黄,Combinaison Amiro HS jaune
5080,アミロGSスーツ・黄,Combinaison Amiro GS jaune
5081,アミロメイル・黒,Cotte Amiro noire
5082,アミロＦメイル・黒,Cotte Amiro F noire
5083,アミロFZメイル・黒,Cotte Amiro FZ noire
5084,アミロHCメイル・黒,Cotte Amiro HC noire
5085,アミロHSメイル・黒,Cotte Amiro HS noire
5086,アミロGSメイル・黒,Cotte Amiro GS noire
5087,アミロスーツ・黒,Combinaison Amiro noire
5088,アミロＦスーツ・黒,Combinaison Amiro F noire
5089,アミロFZスーツ・黒,Combinaison Amiro FZ noire
5090,アミロHCスーツ・黒,Combinaison Amiro HC noire
5091,アミロHSスーツ・黒,Combinaison Amiro HS noire
5092,アミロGSスーツ・黒,Combinaison Amiro GS noire
5093,リグイメイル,Cotte Pisces
5094,リグイＦメイル,Cotte Pisces F
5095,リグイFZメイル,Cotte Pisces FZ
5096,リグイHCメイル,Cotte Pisces HC
5097,リグイHSメイル,Cotte Pisces HS
5098,リグイGSメイル,Cotte Pisces GS
5099,リグイスーツ,Combinaison Pisces
5100,リグイＦスーツ,Combinaison Pisces F
5101,リグイFZスーツ,Combinaison Pisces FZ
5102,リグイHCスーツ,Combinaison Pisces HC
5103,リグイHSスーツ,Combinaison Pisces HS
5104,リグイGSスーツ,Combinaison Pisces GS
5105,アスールＧジャケット,
5106,アスールGFジャケット,
5107,アスールGXジャケット,
5108,アスールＧスーツ,Combinaison Azul G
5109,アスールGFスーツ,Combinaison Azul GF
5110,アスールGXスーツ,Combinaison Azul GX
5111,エントラＧメイル,Cotte Entora G
5112,エントラGFメイル,Cotte Entora GF
5113,エントラGXメイル,Cotte Entora GX
5114,エントラＧレジスト,Veste Entora G
5115,エントラGFレジスト,Veste Entora GF
5116,エントラGXレジスト,Veste Entora GX
5117,聖王スーツ,
5118,聖王Ｆスーツ,
5119,聖王FZスーツ,
5120,聖王HSスーツ,
5121,聖王GSスーツ,
5122,聖王GPスーツ,
5123,聖王ベスト,
5124,聖王Ｆベスト,
5125,聖王FZベスト,
5126,聖王HSベスト,
5127,聖王GSベスト,
5128,聖王GPベスト,
5129,英雄王スーツ,
5130,英雄王Ｆスーツ,
5131,英雄王FZスーツ,
5132,英雄王HSスーツ,
5133,英雄王GSスーツ,
5134,英雄王GPスーツ,
5135,英雄王ベスト,
5136,英雄王Ｆベスト,
5137,英雄王FZベスト,
5138,英雄王HSベスト,
5139,英雄王GSベスト,
5140,英雄王GPベスト,
5141,雷刃胴着,
5142,雷刃Ｆ胴着,
5143,雷刃FZ胴着,
5144,雷刃HS胴着,
5145,雷刃GS胴着,
5146,雷刃GP胴着,
5147,迅雷胴着,
5148,迅雷Ｆ胴着,
5149,迅雷FZ胴着,
5150,迅雷HS胴着,
5151,迅雷GS胴着,
5152,迅雷GP胴着,
5153,天星胴着,
5154,天星Ｆ胴着,
5155,天星FZ胴着,
5156,天星HS胴着,
5157,天星GS胴着,
5158,天星GP胴着,
5159,飛燕胴着,
5160,飛燕Ｆ胴着,
5161,飛燕FZ胴着,
5162,飛燕HS胴着,
5163,飛燕GS胴着,
5164,飛燕GP胴着,
5165,バットドレス,
5166,バットＦドレス,
5167,バットFZドレス,
5168,バットHSドレス,
5169,バットGSドレス,
5170,バットGPドレス,
5171,ナイトドレス,
5172,ナイトＦドレス,
5173,ナイトFZドレス,
5174,ナイトHSドレス,
5175,ナイトGSドレス,
5176,ナイトGPドレス,
5177,シェルスーツ,
5178,シェルＦスーツ,
5179,シェルFZスーツ,
5180,シェルHSスーツ,
5181,シェルGSスーツ,
5182,シェルGPスーツ,
5183,ベクタースーツ,Combinaison Vecteur
5184,ベクターＦスーツ,Combinaison Vecteur F
5185,ベクターFZスーツ,Combinaison Vecteur FZ
5186,ベクターHSスーツ,Combinaison Vecteur HS
5187,ベクターGSスーツ,Combinaison Vecteur GS
5188,ベクターGPスーツ,Combinaison Vecteur GP
5189,サーブルベスト,
5190,サーブルＦベスト,
5191,サーブルFZベスト,
5192,サーブルHSベスト,
5193,サーブルGSベスト,
5194,サーブルGPベスト,
5195,サーブルスーツ,
5196,サーブルＦスーツ,
5197,サーブルFZスーツ,
5198,サーブルHSスーツ,
5199,サーブルGSスーツ,
5200,サーブルGPスーツ,
5201,ルワージュスーツ,
5202,ルワージュＦスーツ,
5203,ルワージュFZスーツ,
5204,ルワージュHSスーツ,
5205,ルワージュGSスーツ,
5206,ルワージュGPスーツ,
5207,ルワージュベスト,
5208,ルワージュＦベスト,
5209,ルワージュFZベスト,
5210,ルワージュHSベスト,
5211,ルワージュGSベスト,
5212,ルワージュGPベスト,
5213,ノメルジャケット,
5214,ノメルＦジャケット,
5215,ノメルFZジャケット,
5216,ノメルHSジャケット,
5217,ノメルGSジャケット,
5218,ノメルGPジャケット,
5219,ノメルスーツ,
5220,ノメルＦスーツ,
5221,ノメルFZスーツ,
5222,ノメルHSスーツ,
5223,ノメルGSスーツ,
5224,ノメルGPスーツ,
5225,英雄王の胴鎧：剣金,
5226,英雄王の胴鎧：剣Ｆ金,
5227,英雄王の胴鎧：剣FZ金,
5228,英雄王の胴鎧：剣HS金,
5229,英雄王の胴鎧：剣GS金,
5230,英雄王の胴鎧：剣GP金,
5231,英雄王の胴鎧：銃金,
5232,英雄王の胴鎧：銃Ｆ金,
5233,英雄王の胴鎧：銃FZ金,
5234,英雄王の胴鎧：銃HS金,
5235,英雄王の胴鎧：銃GS金,
5236,英雄王の胴鎧：銃GP金,
5237,ゴルゴンベスト・黒,Gilet Gorgone noir
5238,ゴルゴンＦベスト・黒,Gilet Gorgone F noir
5239,ゴルゴンFZベスト・黒,Gilet Gorgone FZ noir
5240,ゴルゴンHSベスト・黒,Gilet Gorgone HS noir
5241,ゴルゴンGSベスト・黒,Gilet Gorgone GS noir
5242,ゴルゴンGPベスト・黒,Gilet Gorgone GP noir
5243,ゴルゴンスーツ・黒,Combinaison Gorgone noire
5244,ゴルゴンＦスーツ・黒,Combinaison Gorgone F noire
5245,ゴルゴンFZスーツ・黒,Combinaison Gorgone FZ noire
5246,ゴルゴンHSスーツ・黒,Combinaison Gorgone HS noire
5247,ゴルゴンGSスーツ・黒,Combinaison Gorgone GS noire
5248,ゴルゴンGPスーツ・黒,Combinaison Gorgone GP noire
5249,クリュスHSスーツ,Combinaison Kruss HS
5250,クリュスGSスーツ,Combinaison Kruss GS
5251,クリュスGPスーツ,Combinaison Kruss GP
5252,クォートHSベスト,
5253,クォートGSベスト,
5254,クォートGPベスト,
5255,スタリナHSスーツ,Combinaison Starina HS
5256,スタリナGSスーツ,Combinaison Starina GS
5257,スタリナGPスーツ,Combinaison Starina GP
5258,スタリナHSベスト,Gilet Starina HS
5259,スタリナGSベスト,Gilet Starina GS
5260,スタリナGPベスト,Gilet Starina GP
5261,ルースHSスーツ,
5262,ルースGSスーツ,
5263,ルースGPスーツ,
5264,ルースHSベスト,
5265,ルースGSベスト,
5266,ルースGPベスト,
5267,ミラドHSスーツ,Combinaison Mirado HS
5268,ミラドGSスーツ,Combinaison Mirado GS
5269,ミラドGPスーツ,Combinaison Mirado GP
5270,ミラドHSベスト,Gilet Mirado HS
5271,ミラドGSベスト,Gilet Mirado GS
5272,ミラドGPベスト,Gilet Mirado GP
5273,ピラータHSジャケット,
5274,ピラータGSジャケット,
5275,ピラータGPジャケット,
5276,ピラータHSスーツ,Combinaison Pirata HS
5277,ピラータGSスーツ,Combinaison Pirata GS
5278,ピラータGPスーツ,Combinaison Pirata GP
5279,ゼロイHSジャケット,
5280,ゼロイGSジャケット,
5281,ゼロイGPジャケット,
5282,ゼロイHSスーツ,Combinaison Zeroi HS
5283,ゼロイGSスーツ,Combinaison Zeroi GS
5284,ゼロイGPスーツ,Combinaison Zeroi GP
5285,デュールHSメイル,Cotte Deyuru HS
5286,デュールGSメイル,Cotte Deyuru GS
5287,デュールGPメイル,Cotte Deyuru GP
5288,デュールHSレジスト,Veste Deyuru HS
5289,デュールGSレジスト,Veste Deyuru GS
5290,デュールGPレジスト,Veste Deyuru GP
5291,ロバストHSディール,
5292,ロバストGSディール,
5293,ロバストGPディール,
5294,ロバストHSスキン,
5295,ロバストGSスキン,
5296,ロバストGPスキン,
5297,花火GS【胸当て】,
5298,花火GP【胸当て】,
5299,流星GS【胸当て】,
5300,流星GP【胸当て】,
5301,バーニーFZスーツ・黒,Combinaison Barney FZ noire
5302,バーニーHSスーツ・黒,Combinaison Barney HS noire
5303,バーニーGSスーツ・黒,Combinaison Barney GS noire
5304,バーニーGPスーツ・黒,Combinaison Barney GP noire
5305,バーニーFZスーツ・白,Combinaison Barney FZ blanche
5306,バーニーHSスーツ・白,Combinaison Barney HS blanche
5307,バーニーGSスーツ・白,Combinaison Barney GS blanche
5308,バーニーGPスーツ・白,Combinaison Barney GP blanche
5309,バーニーFZスーツ・赤,Combinaison Barney FZ rouge
5310,バーニーHSスーツ・赤,Combinaison Barney HS rouge
5311,バーニーGSスーツ・赤,Combinaison Barney GS rouge
5312,バーニーGPスーツ・赤,Combinaison Barney GP rouge
5313,バーニーFZスーツ・紫,Combinaison Barney FZ violette
5314,バーニーHSスーツ・紫,Combinaison Barney HS violette
5315,バーニーGSスーツ・紫,Combinaison Barney GS violette
5316,バーニーGPスーツ・紫,Combinaison Barney GP violette
5317,バーニーFZベスト・黒,Gilet Barney FZ noir
5318,バーニーHSベスト・黒,Gilet Barney HS noir
5319,バーニーGSベスト・黒,Gilet Barney GS noir
5320,バーニーGPベスト・黒,Gilet Barney GP noir
5321,バーニーFZベスト・白,Gilet Barney FZ blanc
5322,バーニーHSベスト・白,Gilet Barney HS blanc
5323,バーニーGSベスト・白,Gilet Barney GS blanc
5324,バーニーGPベスト・白,Gilet Barney GP blanc
5325,バーニーFZベスト・赤,Gilet Barney FZ rouge
5326,バーニーHSベスト・赤,Gilet Barney HS rouge
5327,バーニーGSベスト・赤,Gilet Barney GS rouge
5328,バーニーGPベスト・赤,Gilet Barney GP rouge
5329,バーニーFZベスト・紫,Gilet Barney FZ violet
5330,バーニーHSベスト・紫,Gilet Barney HS violet
5331,バーニーGSベスト・紫,Gilet Barney GS violet
5332,バーニーGPベスト・紫,Gilet Barney GP violet
5333,ミクGPベスト,Gilet Miku GP
5334,ミクGPスーツ,Combinaison Miku GP
5335,赤原礼装・胴：剣GP赤,Torse Akahara GP Lame rouge
5336,赤原礼装・胴：弓GP赤,Torse Akahara GP Arc rouge
5337,赤原礼装・胴：剣GP青,Torse Akahara GP Lame bleu
5338,赤原礼装・胴：弓GP青,Torse Akahara GP Arc bleu
5339,赤原礼装・胴：剣GP黒,Torse Akahara GP Lame noir
5340,赤原礼装・胴：弓GP黒,Torse Akahara GP Arc noir
5341,赤原礼装・胴：剣GP白,Torse Akahara GP Lame blanc
5342,赤原礼装・胴：弓GP白,Torse Akahara GP Arc blanc
5343,騎士王の胴鎧：剣GP青,
5344,騎士王の胴鎧：弓GP青,
5345,騎士王の胴鎧：剣GP赤,
5346,騎士王の胴鎧：弓GP赤,
5347,騎士王の胴鎧：剣GP黒,
5348,騎士王の胴鎧：弓GP黒,
5349,騎士王の胴鎧：剣GP白,
5350,騎士王の胴鎧：弓GP白,
5351,蒼竜ノ具足GP【胴服】,
5352,蒼竜ノ羽織GP【胴服】,
5353,赤備ノ具足GP【胴服】,
5354,赤備ノ羽織GP【胴服】,
5355,レアルGPメイル・白,Cotte Real GP blanche
5356,レアルGPメイル・金,Cotte Real GP dorée
5357,レアルGPメイル・青,Cotte Real GP bleue
5358,レアルGPメイル・赤,Cotte Real GP rouge
5359,レアルGPスーツ・白,Combinaison Real GP blanche
5360,レアルGPスーツ・金,Combinaison Real GP dorée
5361,レアルGPスーツ・青,Combinaison Real GP bleue
5362,レアルGPスーツ・赤,Combinaison Real GP rouge
5363,リゲリアGPメイル・白,Cotte Ligeria GP blanche
5364,リゲリアGPメイル・赤,Cotte Ligeria GP rouge
5365,リゲリアGPメイル・緑,Cotte Ligeria GP verte
5366,リゲリアGPメイル・青,Cotte Ligeria GP bleue
5367,リゲリアGPスーツ・白,Combinaison Ligeria GP blanche
5368,リゲリアGPスーツ・赤,Combinaison Ligeria GP rouge
5369,リゲリアGPスーツ・緑,Combinaison Ligeria GP verte
5370,リゲリアGPスーツ・青,Combinaison Ligeria GP bleue
5371,エディオGPメイル・青,Cotte Edio GP bleue
5372,エディオGPメイル・赤,Cotte Edio GP rouge
5373,エディオGPメイル・黄,Cotte Edio GP jaune
5374,エディオGPメイル・黒,Cotte Edio GP noire
5375,エディオGPスーツ・青,Combinaison Edio GP bleue
5376,エディオGPスーツ・赤,Combinaison Edio GP rouge
5377,エディオGPスーツ・黄,Combinaison Edio GP jaune
5378,エディオGPスーツ・黒,Combinaison Edio GP noire
5379,レイストGSベスト・黒,Gilet Reist GS noir
5380,レイストGPベスト・黒,Gilet Reist GP noir
5381,レイストGSスーツ・黒,Combinaison Reist GS noire
5382,レイストGPスーツ・黒,Combinaison Reist GP noire
5383,レイストGSベスト・青,Gilet Reist GS bleu
5384,レイストGPベスト・青,Gilet Reist GP bleu
5385,レイストGSスーツ・青,Combinaison Reist GS bleue
5386,レイストGPスーツ・青,Combinaison Reist GP bleue
5387,レイストGSベスト・紅,Gilet Reist GS cramoisi
5388,レイストGPベスト・紅,Gilet Reist GP cramoisi
5389,レイストGSスーツ・紅,Combinaison Reist GS cramoisie
5390,レイストGPスーツ・紅,Combinaison Reist GP cramoisie
5391,レイストGSベスト・白,Gilet Reist GS blanc
5392,レイストGPベスト・白,Gilet Reist GP blanc
5393,レイストGSスーツ・白,Combinaison Reist GS blanche
5394,レイストGPスーツ・白,Combinaison Reist GP blanche
5395,シエルFZブリガンテス,
5396,シエルHSブリガンテス,
5397,シエルGSブリガンテス,
5398,シエルGPブリガンテス,
5399,オメットHSメイル・黒,Cotte Omet HS noire
5400,オメットGSメイル・黒,Cotte Omet GS noire
5401,オメットGPメイル・黒,Cotte Omet GP noire
5402,オメットHSスーツ・黒,Combinaison Omet HS noire
5403,オメットGSスーツ・黒,Combinaison Omet GS noire
5404,オメットGPスーツ・黒,Combinaison Omet GP noire
5405,オメットHSメイル・赤,Cotte Omet HS rouge
5406,オメットGSメイル・赤,Cotte Omet GS rouge
5407,オメットGPメイル・赤,Cotte Omet GP rouge
5408,オメットHSスーツ・赤,Combinaison Omet HS rouge
5409,オメットGSスーツ・赤,Combinaison Omet GS rouge
5410,オメットGPスーツ・赤,Combinaison Omet GP rouge
5411,オメットHSメイル・白,Cotte Omet HS blanche
5412,オメットGSメイル・白,Cotte Omet GS blanche
5413,オメットGPメイル・白,Cotte Omet GP blanche
5414,オメットHSスーツ・白,Combinaison Omet HS blanche
5415,オメットGSスーツ・白,Combinaison Omet GS blanche
5416,オメットGPスーツ・白,Combinaison Omet GP blanche
5417,オメットHSメイル・青,Cotte Omet HS bleue
5418,オメットGSメイル・青,Cotte Omet GS bleue
5419,オメットGPメイル・青,Cotte Omet GP bleue
5420,オメットHSスーツ・青,Combinaison Omet HS bleue
5421,オメットGSスーツ・青,Combinaison Omet GS bleue
5422,オメットGPスーツ・青,Combinaison Omet GP bleue
5423,ゴルトFZメイル・赤,Cotte Gold FZ rouge
5424,ゴルトHSメイル・赤,Cotte Gold HS rouge
5425,ゴルトGSメイル・赤,Cotte Gold GS rouge
5426,ゴルトGPメイル・赤,Cotte Gold GP rouge
5427,ゴルトFZメイル・青,Cotte Gold FZ bleue
5428,ゴルトHSメイル・青,Cotte Gold HS bleue
5429,ゴルトGSメイル・青,Cotte Gold GS bleue
5430,ゴルトGPメイル・青,Cotte Gold GP bleue
5431,ゴルトFZメイル・黄,Cotte Gold FZ jaune
5432,ゴルトHSメイル・黄,Cotte Gold HS jaune
5433,ゴルトGSメイル・黄,Cotte Gold GS jaune
5434,ゴルトGPメイル・黄,Cotte Gold GP jaune
5435,ゴルトFZメイル・紫,Cotte Gold FZ violette
5436,ゴルトHSメイル・紫,Cotte Gold HS violette
5437,ゴルトGSメイル・紫,Cotte Gold GS violette
5438,ゴルトGPメイル・紫,Cotte Gold GP violette
5439,ゴルトFZスーツ・赤,Combinaison Gold FZ rouge
5440,ゴルトHSスーツ・赤,Combinaison Gold HS rouge
5441,ゴルトGSスーツ・赤,Combinaison Gold GS rouge
5442,ゴルトGPスーツ・赤,Combinaison Gold GP rouge
5443,ゴルトFZスーツ・青,Combinaison Gold FZ bleue
5444,ゴルトHSスーツ・青,Combinaison Gold HS bleue
5445,ゴルトGSスーツ・青,Combinaison Gold GS bleue
5446,ゴルトGPスーツ・青,Combinaison Gold GP bleue
5447,ゴルトFZスーツ・黄,Combinaison Gold FZ jaune
5448,ゴルトHSスーツ・黄,Combinaison Gold HS jaune
5449,ゴルトGSスーツ・黄,Combinaison Gold GS jaune
5450,ゴルトGPスーツ・黄,Combinaison Gold GP jaune
5451,ゴルトFZスーツ・紫,Combinaison Gold FZ violette
5452,ゴルトHSスーツ・紫,Combinaison Gold HS violette
5453,ゴルトGSスーツ・紫,Combinaison Gold GS violette
5454,ゴルトGPスーツ・紫,Combinaison Gold GP violette
5455,シャランHSベスト・青,Gilet Sharan HS bleu
5456,シャランGSベスト・青,Gilet Sharan GS bleu
5457,シャランGPベスト・青,Gilet Sharan GP bleu
5458,シャランHSベスト・緑,Gilet Sharan HS vert
5459,シャランGSベスト・緑,Gilet Sharan GS vert
5460,シャランGPベスト・緑,Gilet Sharan GP vert
5461,シャランHSベスト・紫,Gilet Sharan HS violet
5462,シャランGSベスト・紫,Gilet Sharan GS violet
5463,シャランGPベスト・紫,Gilet Sharan GP violet
5464,シャランHSベスト・白,Gilet Sharan HS blanc
5465,シャランGSベスト・白,Gilet Sharan GS blanc
5466,シャランGPベスト・白,Gilet Sharan GP blanc
5467,シャランHSスーツ・青,Combinaison Sharan HS bleue
5468,シャランGSスーツ・青,Combinaison Sharan GS bleue
5469,シャランGPスーツ・青,Combinaison Sharan GP bleue
5470,シャランHSスーツ・緑,Combinaison Sharan HS verte
5471,シャランGSスーツ・緑,Combinaison Sharan GS verte
5472,シャランGPスーツ・緑,Combinaison Sharan GP verte
5473,シャランHSスーツ・紫,Combinaison Sharan HS violette
5474,シャランGSスーツ・紫,Combinaison Sharan GS violette
5475,シャランGPスーツ・紫,Combinaison Sharan GP violette
5476,シャランHSスーツ・白,Combinaison Sharan HS blanche
5477,シャランGSスーツ・白,Combinaison Sharan GS blanche
5478,シャランGPスーツ・白,Combinaison Sharan GP blanche
5479,アリストFZベスト・青,Gilet Aristo FZ bleu
5480,アリストHSベスト・青,Gilet Aristo HS bleu
5481,アリストGSベスト・青,Gilet Aristo GS bleu
5482,アリストGPベスト・青,Gilet Aristo GP bleu
5483,アリストFZベスト・白,Gilet Aristo FZ blanc
5484,アリストHSベスト・白,Gilet Aristo HS blanc
5485,アリストGSベスト・白,Gilet Aristo GS blanc
5486,アリストGPベスト・白,Gilet Aristo GP blanc
5487,アリストFZベスト・紫,Gilet Aristo FZ violet
5488,アリストHSベスト・紫,Gilet Aristo HS violet
5489,アリストGSベスト・紫,Gilet Aristo GS violet
5490,アリストGPベスト・紫,Gilet Aristo GP violet
5491,アリストFZベスト・赤,Gilet Aristo FZ rouge
5492,アリストHSベスト・赤,Gilet Aristo HS rouge
5493,アリストGSベスト・赤,Gilet Aristo GS rouge
5494,アリストGPベスト・赤,Gilet Aristo GP rouge
5495,アリストFZスーツ・青,Combinaison Aristo FZ bleue
5496,アリストHSスーツ・青,Combinaison Aristo HS bleue
5497,アリストGSスーツ・青,Combinaison Aristo GS bleue
5498,アリストGPスーツ・青,Combinaison Aristo GP bleue
5499,アリストFZスーツ・白,Combinaison Aristo FZ blanche
5500,アリストHSスーツ・白,Combinaison Aristo HS blanche
5501,アリストGSスーツ・白,Combinaison Aristo GS blanche
5502,アリストGPスーツ・白,Combinaison Aristo GP blanche
5503,アリストFZスーツ・紫,Combinaison Aristo FZ violette
5504,アリストHSスーツ・紫,Combinaison Aristo HS violette
5505,アリストGSスーツ・紫,Combinaison Aristo GS violette
5506,アリストGPスーツ・紫,Combinaison Aristo GP violette
5507,アリストFZスーツ・赤,Combinaison Aristo FZ rouge
5508,アリストHSスーツ・赤,Combinaison Aristo HS rouge
5509,アリストGSスーツ・赤,Combinaison Aristo GS rouge
5510,アリストGPスーツ・赤,Combinaison Aristo GP rouge
5511,マギサFZベスト・赤,Gilet Magisa FZ rouge
5512,マギサHSベスト・赤,Gilet Magisa HS rouge
5513,マギサGSベスト・赤,Gilet Magisa GS rouge
5514,マギサGPベスト・赤,Gilet Magisa GP rouge
5515,マギサFZベスト・黒,Gilet Magisa FZ noir
5516,マギサHSベスト・黒,Gilet Magisa HS noir
5517,マギサGSベスト・黒,Gilet Magisa GS noir
5518,マギサGPベスト・黒,Gilet Magisa GP noir
5519,マギサFZベスト・緑,Gilet Magisa FZ vert
5520,マギサHSベスト・緑,Gilet Magisa HS vert
5521,マギサGSベスト・緑,Gilet Magisa GS vert
5522,マギサGPベスト・緑,Gilet Magisa GP vert
5523,マギサFZベスト・白,Gilet Magisa FZ blanc
5524,マギサHSベスト・白,Gilet Magisa HS blanc
5525,マギサGSベスト・白,Gilet Magisa GS blanc
5526,マギサGPベスト・白,Gilet Magisa GP blanc
5527,ウィザーFZスーツ・赤,Combinaison Wither FZ rouge
5528,ウィザーHSスーツ・赤,Combinaison Wither HS rouge
5529,ウィザーGSスーツ・赤,Combinaison Wither GS rouge
5530,ウィザーGPスーツ・赤,Combinaison Wither GP rouge
5531,ウィザーFZスーツ・黒,Combinaison Wither FZ noire
5532,ウィザーHSスーツ・黒,Combinaison Wither HS noire
5533,ウィザーGSスーツ・黒,Combinaison Wither GS noire
5534,ウィザーGPスーツ・黒,Combinaison Wither GP noire
5535,ウィザーFZスーツ・緑,Combinaison Wither FZ verte
5536,ウィザーHSスーツ・緑,Combinaison Wither HS verte
5537,ウィザーGSスーツ・緑,Combinaison Wither GS verte
5538,ウィザーGPスーツ・緑,Combinaison Wither GP verte
5539,ウィザーFZスーツ・白,Combinaison Wither FZ blanche
5540,ウィザーHSスーツ・白,Combinaison Wither HS blanche
5541,ウィザーGSスーツ・白,Combinaison Wither GS blanche
5542,ウィザーGPスーツ・白,Combinaison Wither GP blanche
5543,抜胴GS【胸当て】,
5544,抜胴GP【胸当て】,
5545,長根GS【胸当て】,
5546,長根GP【胸当て】,
5547,英雄王の胴鎧：剣黒,
5548,英雄王の胴鎧：剣Ｆ黒,
5549,英雄王の胴鎧：剣FZ黒,
5550,英雄王の胴鎧：剣HS黒,
5551,英雄王の胴鎧：剣GS黒,
5552,英雄王の胴鎧：剣GP黒,
5553,英雄王の胴鎧：銃黒,
5554,英雄王の胴鎧：銃Ｆ黒,
5555,英雄王の胴鎧：銃FZ黒,
5556,英雄王の胴鎧：銃HS黒,
5557,英雄王の胴鎧：銃GS黒,
5558,英雄王の胴鎧：銃GP黒,
5559,ゴルゴンベスト・青,Gilet Gorgone bleu
5560,ゴルゴンＦベスト・青,Gilet Gorgone F bleu
5561,ゴルゴンFZベスト・青,Gilet Gorgone FZ bleu
5562,ゴルゴンHSベスト・青,Gilet Gorgone HS bleu
5563,ゴルゴンGSベスト・青,Gilet Gorgone GS bleu
5564,ゴルゴンGPベスト・青,Gilet Gorgone GP bleu
5565,ゴルゴンスーツ・青,Combinaison Gorgone bleue
5566,ゴルゴンＦスーツ・青,Combinaison Gorgone F bleue
5567,ゴルゴンFZスーツ・青,Combinaison Gorgone FZ bleue
5568,ゴルゴンHSスーツ・青,Combinaison Gorgone HS bleue
5569,ゴルゴンGSスーツ・青,Combinaison Gorgone GS bleue
5570,ゴルゴンGPスーツ・青,Combinaison Gorgone GP bleue
5571,英雄王の胴鎧：剣白,
5572,英雄王の胴鎧：剣Ｆ白,
5573,英雄王の胴鎧：剣FZ白,
5574,英雄王の胴鎧：剣HS白,
5575,英雄王の胴鎧：剣GS白,
5576,英雄王の胴鎧：剣GP白,
5577,英雄王の胴鎧：銃白,
5578,英雄王の胴鎧：銃Ｆ白,
5579,英雄王の胴鎧：銃FZ白,
5580,英雄王の胴鎧：銃HS白,
5581,英雄王の胴鎧：銃GS白,
5582,英雄王の胴鎧：銃GP白,
5583,ゴルゴンベスト・白,Gilet Gorgone blanc
5584,ゴルゴンＦベスト・白,Gilet Gorgone F blanc
5585,ゴルゴンFZベスト・白,Gilet Gorgone FZ blanc
5586,ゴルゴンHSベスト・白,Gilet Gorgone HS blanc
5587,ゴルゴンGSベスト・白,Gilet Gorgone GS blanc
5588,ゴルゴンGPベスト・白,Gilet Gorgone GP blanc
5589,ゴルゴンスーツ・白,Combinaison Gorgone blanche
5590,ゴルゴンＦスーツ・白,Combinaison Gorgone F blanche
5591,ゴルゴンFZスーツ・白,Combinaison Gorgone FZ blanche
5592,ゴルゴンHSスーツ・白,Combinaison Gorgone HS blanche
5593,ゴルゴンGSスーツ・白,Combinaison Gorgone GS blanche
5594,ゴルゴンGPスーツ・白,Combinaison Gorgone GP blanche
5595,英雄王の胴鎧：剣赤,
5596,英雄王の胴鎧：剣Ｆ赤,
5597,英雄王の胴鎧：剣FZ赤,
5598,英雄王の胴鎧：剣HS赤,
5599,英雄王の胴鎧：剣GS赤,
5600,英雄王の胴鎧：剣GP赤,
5601,英雄王の胴鎧：銃赤,
5602,英雄王の胴鎧：銃Ｆ赤,
5603,英雄王の胴鎧：銃FZ赤,
5604,英雄王の胴鎧：銃HS赤,
5605,英雄王の胴鎧：銃GS赤,
5606,英雄王の胴鎧：銃GP赤,
5607,ゴルゴンベスト・赤,Gilet Gorgone rouge
5608,ゴルゴンＦベスト・赤,Gilet Gorgone F rouge
5609,ゴルゴンFZベスト・赤,Gilet Gorgone FZ rouge
5610,ゴルゴンHSベスト・赤,Gilet Gorgone HS rouge
5611,ゴルゴンGSベスト・赤,Gilet Gorgone GS rouge
5612,ゴルゴンGPベスト・赤,Gilet Gorgone GP rouge
5613,ゴルゴンスーツ・赤,Combinaison Gorgone rouge
5614,ゴルゴンＦスーツ・赤,Combinaison Gorgone F rouge
5615,ゴルゴンFZスーツ・赤,Combinaison Gorgone FZ rouge
5616,ゴルゴンHSスーツ・赤,Combinaison Gorgone HS rouge
5617,ゴルゴンGSスーツ・赤,Combinaison Gorgone GS rouge
5618,ゴルゴンGPスーツ・赤,Combinaison Gorgone GP rouge
5619,メラギメイル,Cotte Meraginasu
5620,メラギＦメイル,Cotte Meraginasu F
5621,メラギFXメイル,Cotte Meraginasu FX
5622,メラギＧメイル,Cotte Meraginasu G
5623,メラギGFメイル,Cotte Meraginasu GF
5624,メラギレジスト,Veste Meraginasu
5625,メラギＦレジスト,Veste Meraginasu F
5626,メラギFXレジスト,Veste Meraginasu FX
5627,メラギＧレジスト,Veste Meraginasu G
5628,メラギGFレジスト,Veste Meraginasu GF
5629,ストロマGFメイル,Cotte Stroma GF
5630,ストロマGFレジスト,Veste Stroma GF
5631,エミットGFメイル,
5632,エミットGFレジスト,
5633,ブリッツGFベスト,
5634,ブリッツGFケープ,
5635,ワダツミGF【胸当て】,
5636,オカミGF【胸当て】,
5637,ディボアGFメイル,Cotte Diboa GF
5638,ディボアGFレジスト,Veste Diboa GF
5639,若紅葉【肩鎧】,
5640,若紅葉Ｆ【肩鎧】,
5641,若紅葉FY【肩鎧】,
5642,若紅葉HS【肩鎧】,
5643,若紅葉Ｇ【肩鎧】,
5644,若紅葉GF【肩鎧】,
5645,若紅葉GX【肩鎧】,
5646,翡戸隠【肩鎧】,
5647,翡戸隠Ｆ【肩鎧】,
5648,翡戸隠FY【肩鎧】,
5649,翡戸隠HS【肩鎧】,
5650,翡戸隠Ｇ【肩鎧】,
5651,翡戸隠GF【肩鎧】,
5652,翡戸隠GX【肩鎧】,
5653,ブリゼメイル,Cotte Blize
5654,ブリゼＦメイル,Cotte Blize F
5655,ブリゼFYメイル,Cotte Blize FY
5656,ブリゼHSメイル,Cotte Blize HS
5657,ブリゼＧメイル,Cotte Blize G
5658,ブリゼGFメイル,Cotte Blize GF
5659,ブリゼGXメイル,Cotte Blize GX
5660,ブリゼレジスト,Veste Blize
5661,ブリゼＦレジスト,Veste Blize F
5662,ブリゼFYレジスト,Veste Blize FY
5663,ブリゼHSレジスト,Veste Blize HS
5664,ブリゼＧレジスト,Veste Blize G
5665,ブリゼGFレジスト,Veste Blize GF
5666,ブリゼGXレジスト,Veste Blize GX
5667,ミクセスFYメイル,Cotte Mixes FY
5668,ミクセスHSメイル,Cotte Mixes HS
5669,ミクセスＧメイル,Cotte Mixes G
5670,ミクセスGFメイル,Cotte Mixes GF
5671,ミクセスGXメイル,Cotte Mixes GX
5672,ミクセスFYレジスト,Veste Mixes FY
5673,ミクセスHSレジスト,Veste Mixes HS
5674,ミクセスＧレジスト,Veste Mixes G
5675,ミクセスGFレジスト,Veste Mixes GF
5676,ミクセスGXレジスト,Veste Mixes GX
5677,ザイラメイル・緑,Cotte Zaira verte
5678,ザイラＦメイル・緑,Cotte Zaira F verte
5679,ザイラFZメイル・緑,Cotte Zaira FZ verte
5680,ザイラHSメイル・緑,Cotte Zaira HS verte
5681,ザイラGSメイル・緑,Cotte Zaira GS verte
5682,ザイラGPメイル・緑,Cotte Zaira GP verte
5683,ザイラスーツ・緑,Combinaison Zaira verte
5684,ザイラＦスーツ・緑,Combinaison Zaira F verte
5685,ザイラFZスーツ・緑,Combinaison Zaira FZ verte
5686,ザイラHSスーツ・緑,Combinaison Zaira HS verte
5687,ザイラGSスーツ・緑,Combinaison Zaira GS verte
5688,ザイラGPスーツ・緑,Combinaison Zaira GP verte
5689,ザイラメイル・水,
5690,ザイラＦメイル・水,
5691,ザイラFZメイル・水,
5692,ザイラHSメイル・水,
5693,ザイラGSメイル・水,
5694,ザイラGPメイル・水,
5695,ザイラスーツ・水,
5696,ザイラＦスーツ・水,
5697,ザイラFZスーツ・水,
5698,ザイラHSスーツ・水,
5699,ザイラGSスーツ・水,
5700,ザイラGPスーツ・水,
5701,ザイラメイル・赤,Cotte Zaira rouge
5702,ザイラＦメイル・赤,Cotte Zaira F rouge
5703,ザイラFZメイル・赤,Cotte Zaira FZ rouge
5704,ザイラHSメイル・赤,Cotte Zaira HS rouge
5705,ザイラGSメイル・赤,Cotte Zaira GS rouge
5706,ザイラGPメイル・赤,Cotte Zaira GP rouge
5707,ザイラスーツ・赤,Combinaison Zaira rouge
5708,ザイラＦスーツ・赤,Combinaison Zaira F rouge
5709,ザイラFZスーツ・赤,Combinaison Zaira FZ rouge
5710,ザイラHSスーツ・赤,Combinaison Zaira HS rouge
5711,ザイラGSスーツ・赤,Combinaison Zaira GS rouge
5712,ザイラGPスーツ・赤,Combinaison Zaira GP rouge
5713,ザイラメイル・碧,Cotte Zaira émeraude
5714,ザイラＦメイル・碧,Cotte Zaira F émeraude
5715,ザイラFZメイル・碧,Cotte Zaira FZ émeraude
5716,ザイラHSメイル・碧,Cotte Zaira HS émeraude
5717,ザイラGSメイル・碧,Cotte Zaira GS émeraude
5718,ザイラGPメイル・碧,Cotte Zaira GP émeraude
5719,ザイラスーツ・碧,Combinaison Zaira émeraude
5720,ザイラＦスーツ・碧,Combinaison Zaira F émeraude
5721,ザイラFZスーツ・碧,Combinaison Zaira FZ émeraude
5722,ザイラHSスーツ・碧,Combinaison Zaira HS émeraude
5723,ザイラGSスーツ・碧,Combinaison Zaira GS émeraude
5724,ザイラGPスーツ・碧,Combinaison Zaira GP émeraude
5725,キャロルスーツ・黒,Combinaison Carol noire
5726,キャロルＦスーツ・黒,Combinaison Carol F noire
5727,キャロルFZスーツ・黒,Combinaison Carol FZ noire
5728,キャロルHSスーツ・黒,Combinaison Carol HS noire
5729,キャロルGSスーツ・黒,Combinaison Carol GS noire
5730,キャロルGPスーツ・黒,Combinaison Carol GP noire
5731,キャロルベスト・黒,Gilet Carol noir
5732,キャロルＦベスト・黒,Gilet Carol F noir
5733,キャロルFZベスト・黒,Gilet Carol FZ noir
5734,キャロルHSベスト・黒,Gilet Carol HS noir
5735,キャロルGSベスト・黒,Gilet Carol GS noir
5736,キャロルGPベスト・黒,Gilet Carol GP noir
5737,キャロルスーツ・青,Combinaison Carol bleue
5738,キャロルＦスーツ・青,Combinaison Carol F bleue
5739,キャロルFZスーツ・青,Combinaison Carol FZ bleue
5740,キャロルHSスーツ・青,Combinaison Carol HS bleue
5741,キャロルGSスーツ・青,Combinaison Carol GS bleue
5742,キャロルGPスーツ・青,Combinaison Carol GP bleue
5743,キャロルベスト・青,Gilet Carol bleu
5744,キャロルＦベスト・青,Gilet Carol F bleu
5745,キャロルFZベスト・青,Gilet Carol FZ bleu
5746,キャロルHSベスト・青,Gilet Carol HS bleu
5747,キャロルGSベスト・青,Gilet Carol GS bleu
5748,キャロルGPベスト・青,Gilet Carol GP bleu
5749,キャロルスーツ・白,Combinaison Carol blanche
5750,キャロルＦスーツ・白,Combinaison Carol F blanche
5751,キャロルFZスーツ・白,Combinaison Carol FZ blanche
5752,キャロルHSスーツ・白,Combinaison Carol HS blanche
5753,キャロルGSスーツ・白,Combinaison Carol GS blanche
5754,キャロルGPスーツ・白,Combinaison Carol GP blanche
5755,キャロルベスト・白,Gilet Carol blanc
5756,キャロルＦベスト・白,Gilet Carol F blanc
5757,キャロルFZベスト・白,Gilet Carol FZ blanc
5758,キャロルHSベスト・白,Gilet Carol HS blanc
5759,キャロルGSベスト・白,Gilet Carol GS blanc
5760,キャロルGPベスト・白,Gilet Carol GP blanc
5761,キャロルスーツ・赤,Combinaison Carol rouge
5762,キャロルＦスーツ・赤,Combinaison Carol F rouge
5763,キャロルFZスーツ・赤,Combinaison Carol FZ rouge
5764,キャロルHSスーツ・赤,Combinaison Carol HS rouge
5765,キャロルGSスーツ・赤,Combinaison Carol GS rouge
5766,キャロルGPスーツ・赤,Combinaison Carol GP rouge
5767,キャロルベスト・赤,Gilet Carol rouge
5768,キャロルＦベスト・赤,Gilet Carol F rouge
5769,キャロルFZベスト・赤,Gilet Carol FZ rouge
5770,キャロルHSベスト・赤,Gilet Carol HS rouge
5771,キャロルGSベスト・赤,Gilet Carol GS rouge
5772,キャロルGPベスト・赤,Gilet Carol GP rouge
5773,セレナベスト・紫,Gilet Serena violet
5774,セレナＦベスト・紫,Gilet Serena F violet
5775,セレナFZベスト・紫,Gilet Serena FZ violet
5776,セレナHSベスト・紫,Gilet Serena HS violet
5777,セレナGSベスト・紫,Gilet Serena GS violet
5778,セレナGPベスト・紫,Gilet Serena GP violet
5779,セレナスーツ・紫,Combinaison Serena violette
5780,セレナＦスーツ・紫,Combinaison Serena F violette
5781,セレナFZスーツ・紫,Combinaison Serena FZ violette
5782,セレナHSスーツ・紫,Combinaison Serena HS violette
5783,セレナGSスーツ・紫,Combinaison Serena GS violette
5784,セレナGPスーツ・紫,Combinaison Serena GP violette
5785,セレナベスト・青,Gilet Serena bleu
5786,セレナＦベスト・青,Gilet Serena F bleu
5787,セレナFZベスト・青,Gilet Serena FZ bleu
5788,セレナHSベスト・青,Gilet Serena HS bleu
5789,セレナGSベスト・青,Gilet Serena GS bleu
5790,セレナGPベスト・青,Gilet Serena GP bleu
5791,セレナスーツ・青,Combinaison Serena bleue
5792,セレナＦスーツ・青,Combinaison Serena F bleue
5793,セレナFZスーツ・青,Combinaison Serena FZ bleue
5794,セレナHSスーツ・青,Combinaison Serena HS bleue
5795,セレナGSスーツ・青,Combinaison Serena GS bleue
5796,セレナGPスーツ・青,Combinaison Serena GP bleue
5797,セレナベスト・白,Gilet Serena blanc
5798,セレナＦベスト・白,Gilet Serena F blanc
5799,セレナFZベスト・白,Gilet Serena FZ blanc
5800,セレナHSベスト・白,Gilet Serena HS blanc
5801,セレナGSベスト・白,Gilet Serena GS blanc
5802,セレナGPベスト・白,Gilet Serena GP blanc
5803,セレナスーツ・白,Combinaison Serena blanche
5804,セレナＦスーツ・白,Combinaison Serena F blanche
5805,セレナFZスーツ・白,Combinaison Serena FZ blanche
5806,セレナHSスーツ・白,Combinaison Serena HS blanche
5807,セレナGSスーツ・白,Combinaison Serena GS blanche
5808,セレナGPスーツ・白,Combinaison Serena GP blanche
5809,セレナベスト・赤,Gilet Serena rouge
5810,セレナＦベスト・赤,Gilet Serena F rouge
5811,セレナFZベスト・赤,Gilet Serena FZ rouge
5812,セレナHSベスト・赤,Gilet Serena HS rouge
5813,セレナGSベスト・赤,Gilet Serena GS rouge
5814,セレナGPベスト・赤,Gilet Serena GP rouge
5815,セレナスーツ・赤,Combinaison Serena rouge
5816,セレナＦスーツ・赤,Combinaison Serena F rouge
5817,セレナFZスーツ・赤,Combinaison Serena FZ rouge
5818,セレナHSスーツ・赤,Combinaison Serena HS rouge
5819,セレナGSスーツ・赤,Combinaison Serena GS rouge
5820,セレナGPスーツ・赤,Combinaison Serena GP rouge
5821,ニンバススーツ,
5822,ニンバスＦスーツ,
5823,ニンバスFZスーツ,
5824,ニンバスHSスーツ,
5825,ニンバスGSスーツ,
5826,ニンバスGPスーツ,
5827,ニンバスベスト,
5828,ニンバスＦベスト,
5829,ニンバスFZベスト,
5830,ニンバスHSベスト,
5831,ニンバスGSベスト,
5832,ニンバスGPベスト,
5833,イクスFZベスト・白,Gilet Ix FZ blanc
5834,イクスHSベスト・白,Gilet Ix HS blanc
5835,イクスGSベスト・白,Gilet Ix GS blanc
5836,イクスGPベスト・白,Gilet Ix GP blanc
5837,イクスFZスーツ・白,Combinaison Ix FZ blanche
5838,イクスHSスーツ・白,Combinaison Ix HS blanche
5839,イクスGSスーツ・白,Combinaison Ix GS blanche
5840,イクスGPスーツ・白,Combinaison Ix GP blanche
5841,イクスFZベスト・赤,Gilet Ix FZ rouge
5842,イクスHSベスト・赤,Gilet Ix HS rouge
5843,イクスGSベスト・赤,Gilet Ix GS rouge
5844,イクスGPベスト・赤,Gilet Ix GP rouge
5845,イクスFZスーツ・赤,Combinaison Ix FZ rouge
5846,イクスHSスーツ・赤,Combinaison Ix HS rouge
5847,イクスGSスーツ・赤,Combinaison Ix GS rouge
5848,イクスGPスーツ・赤,Combinaison Ix GP rouge
5849,イクスFZベスト・青,Gilet Ix FZ bleu
5850,イクスHSベスト・青,Gilet Ix HS bleu
5851,イクスGSベスト・青,Gilet Ix GS bleu
5852,イクスGPベスト・青,Gilet Ix GP bleu
5853,イクスFZスーツ・青,Combinaison Ix FZ bleue
5854,イクスHSスーツ・青,Combinaison Ix HS bleue
5855,イクスGSスーツ・青,Combinaison Ix GS bleue
5856,イクスGPスーツ・青,Combinaison Ix GP bleue
5857,イクスFZベスト・黒,Gilet Ix FZ noir
5858,イクスHSベスト・黒,Gilet Ix HS noir
5859,イクスGSベスト・黒,Gilet Ix GS noir
5860,イクスGPベスト・黒,Gilet Ix GP noir
5861,イクスFZスーツ・黒,Combinaison Ix FZ noire
5862,イクスHSスーツ・黒,Combinaison Ix HS noire
5863,イクスGSスーツ・黒,Combinaison Ix GS noire
5864,イクスGPスーツ・黒,Combinaison Ix GP noire
5865,きんねこ服FZベスト,
5866,きんねこ服HSベスト,
5867,きんねこ服GSベスト,
5868,きんねこ服GPベスト,
5869,きんねこ服FZスーツ,
5870,きんねこ服HSスーツ,
5871,きんねこ服GSスーツ,
5872,きんねこ服GPスーツ,
5873,ぎんねこ服FZベスト,
5874,ぎんねこ服HSベスト,
5875,ぎんねこ服GSベスト,
5876,ぎんねこ服GPベスト,
5877,ぎんねこ服FZスーツ,
5878,ぎんねこ服HSスーツ,
5879,ぎんねこ服GSスーツ,
5880,ぎんねこ服GPスーツ,
5881,クレールFZベスト・紫,Gilet Clair FZ violet
5882,クレールHSベスト・紫,Gilet Clair HS violet
5883,クレールGSベスト・紫,Gilet Clair GS violet
5884,クレールGPベスト・紫,Gilet Clair GP violet
5885,クレールFZスーツ・紫,Combinaison Clair FZ violette
5886,クレールHSスーツ・紫,Combinaison Clair HS violette
5887,クレールGSスーツ・紫,Combinaison Clair GS violette
5888,クレールGPスーツ・紫,Combinaison Clair GP violette
5889,クレールFZベスト・水,
5890,クレールHSベスト・水,
5891,クレールGSベスト・水,
5892,クレールGPベスト・水,
5893,クレールFZスーツ・水,
5894,クレールHSスーツ・水,
5895,クレールGSスーツ・水,
5896,クレールGPスーツ・水,
5897,クレールFZベスト・赤,Gilet Clair FZ rouge
5898,クレールHSベスト・赤,Gilet Clair HS rouge
5899,クレールGSベスト・赤,Gilet Clair GS rouge
5900,クレールGPベスト・赤,Gilet Clair GP rouge
5901,クレールFZスーツ・赤,Combinaison Clair FZ rouge
5902,クレールHSスーツ・赤,Combinaison Clair HS rouge
5903,クレールGSスーツ・赤,Combinaison Clair GS rouge
5904,クレールGPスーツ・赤,Combinaison Clair GP rouge
5905,クレールFZベスト・黒,Gilet Clair FZ noir
5906,クレールHSベスト・黒,Gilet Clair HS noir
5907,クレールGSベスト・黒,Gilet Clair GS noir
5908,クレールGPベスト・黒,Gilet Clair GP noir
5909,クレールFZスーツ・黒,Combinaison Clair FZ noire
5910,クレールHSスーツ・黒,Combinaison Clair HS noire
5911,クレールGSスーツ・黒,Combinaison Clair GS noire
5912,クレールGPスーツ・黒,Combinaison Clair GP noire
5913,テクストHSベスト・紫,Gilet Texte HS violet
5914,テクストGSベスト・紫,Gilet Texte GS violet
5915,テクストGPベスト・紫,Gilet Texte GP violet
5916,テクストHSスーツ・紫,Combinaison Texte HS violette
5917,テクストGSスーツ・紫,Combinaison Texte GS violette
5918,テクストGPスーツ・紫,Combinaison Texte GP violette
5919,テクストHSベスト・緑,Gilet Texte HS vert
5920,テクストGSベスト・緑,Gilet Texte GS vert
5921,テクストGPベスト・緑,Gilet Texte GP vert
5922,テクストHSスーツ・緑,Combinaison Texte HS verte
5923,テクストGSスーツ・緑,Combinaison Texte GS verte
5924,テクストGPスーツ・緑,Combinaison Texte GP verte
5925,テクストHSベスト・青,Gilet Texte HS bleu
5926,テクストGSベスト・青,Gilet Texte GS bleu
5927,テクストGPベスト・青,Gilet Texte GP bleu
5928,テクストHSスーツ・青,Combinaison Texte HS bleue
5929,テクストGSスーツ・青,Combinaison Texte GS bleue
5930,テクストGPスーツ・青,Combinaison Texte GP bleue
5931,テクストHSベスト・黒,Gilet Texte HS noir
5932,テクストGSベスト・黒,Gilet Texte GS noir
5933,テクストGPベスト・黒,Gilet Texte GP noir
5934,テクストHSスーツ・黒,Combinaison Texte HS noire
5935,テクストGSスーツ・黒,Combinaison Texte GS noire
5936,テクストGPスーツ・黒,Combinaison Texte GP noire
5937,カウチュHSベスト・灰,
5938,カウチュGSベスト・灰,
5939,カウチュGPベスト・灰,
5940,カウチュHSスーツ・灰,
5941,カウチュGSスーツ・灰,
5942,カウチュGPスーツ・灰,
5943,カウチュHSベスト・青,Gilet Kauchu HS bleu
5944,カウチュGSベスト・青,Gilet Kauchu GS bleu
5945,カウチュGPベスト・青,Gilet Kauchu GP bleu
5946,カウチュHSスーツ・青,Combinaison Kauchu HS bleue
5947,カウチュGSスーツ・青,Combinaison Kauchu GS bleue
5948,カウチュGPスーツ・青,Combinaison Kauchu GP bleue
5949,カウチュHSベスト・橙,Gilet Kauchu HS orange
5950,カウチュGSベスト・橙,Gilet Kauchu GS orange
5951,カウチュGPベスト・橙,Gilet Kauchu GP orange
5952,カウチュHSスーツ・橙,Combinaison Kauchu HS orange
5953,カウチュGSスーツ・橙,Combinaison Kauchu GS orange
5954,カウチュGPスーツ・橙,Combinaison Kauchu GP orange
5955,カウチュHSベスト・緑,Gilet Kauchu HS vert
5956,カウチュGSベスト・緑,Gilet Kauchu GS vert
5957,カウチュGPベスト・緑,Gilet Kauchu GP vert
5958,カウチュHSスーツ・緑,Combinaison Kauchu HS verte
5959,カウチュGSスーツ・緑,Combinaison Kauchu GS verte
5960,カウチュGPスーツ・緑,Combinaison Kauchu GP verte
5961,アルマFZベスト・黒,Gilet Alma FZ noir
5962,アルマHSベスト・黒,Gilet Alma HS noir
5963,アルマGSベスト・黒,Gilet Alma GS noir
5964,アルマGPベスト・黒,Gilet Alma GP noir
5965,アルマFZスーツ・黒,Combinaison Alma FZ noire
5966,アルマHSスーツ・黒,Combinaison Alma HS noire
5967,アルマGSスーツ・黒,Combinaison Alma GS noire
5968,アルマGPスーツ・黒,Combinaison Alma GP noire
5969,アルマFZベスト・白,Gilet Alma FZ blanc
5970,アルマHSベスト・白,Gilet Alma HS blanc
5971,アルマGSベスト・白,Gilet Alma GS blanc
5972,アルマGPベスト・白,Gilet Alma GP blanc
5973,アルマFZスーツ・白,Combinaison Alma FZ blanche
5974,アルマHSスーツ・白,Combinaison Alma HS blanche
5975,アルマGSスーツ・白,Combinaison Alma GS blanche
5976,アルマGPスーツ・白,Combinaison Alma GP blanche
5977,アルマFZベスト・青,Gilet Alma FZ bleu
5978,アルマHSベスト・青,Gilet Alma HS bleu
5979,アルマGSベスト・青,Gilet Alma GS bleu
5980,アルマGPベスト・青,Gilet Alma GP bleu
5981,アルマFZスーツ・青,Combinaison Alma FZ bleue
5982,アルマHSスーツ・青,Combinaison Alma HS bleue
5983,アルマGSスーツ・青,Combinaison Alma GS bleue
5984,アルマGPスーツ・青,Combinaison Alma GP bleue
5985,アルマFZベスト・茶,Gilet Alma FZ brun
5986,アルマHSベスト・茶,Gilet Alma HS brun
5987,アルマGSベスト・茶,Gilet Alma GS brun
5988,アルマGPベスト・茶,Gilet Alma GP brun
5989,アルマFZスーツ・茶,Combinaison Alma FZ brune
5990,アルマHSスーツ・茶,Combinaison Alma HS brune
5991,アルマGSスーツ・茶,Combinaison Alma GS brune
5992,アルマGPスーツ・茶,Combinaison Alma GP brune
5993,シエナHSメイル・銀,Cotte Sienne HS argentée
5994,シエナGSメイル・銀,Cotte Sienne GS argentée
5995,シエナGPメイル・銀,Cotte Sienne GP argentée
5996,シエナHSレジスト・銀,Veste Sienne HS argentée
5997,シエナGSレジスト・銀,Veste Sienne GS argentée
5998,シエナGPレジスト・銀,Veste Sienne GP argentée
5999,シエナHSメイル・黒,Cotte Sienne HS noire
6000,シエナGSメイル・黒,Cotte Sienne GS noire
6001,シエナGPメイル・黒,Cotte Sienne GP noire
6002,シエナHSレジスト・黒,Veste Sienne HS noire
6003,シエナGSレジスト・黒,Veste Sienne GS noire
6004,シエナGPレジスト・黒,Veste Sienne GP noire
6005,シエナHSメイル・赤,Cotte Sienne HS rouge
6006,シエナGSメイル・赤,Cotte Sienne GS rouge
6007,シエナGPメイル・赤,Cotte Sienne GP rouge
6008,シエナHSレジスト・赤,Veste Sienne HS rouge
6009,シエナGSレジスト・赤,Veste Sienne GS rouge
6010,シエナGPレジスト・赤,Veste Sienne GP rouge
6011,シエナHSメイル・青,Cotte Sienne HS bleue
6012,シエナGSメイル・青,Cotte Sienne GS bleue
6013,シエナGPメイル・青,Cotte Sienne GP bleue
6014,シエナHSレジスト・青,Veste Sienne HS bleue
6015,シエナGSレジスト・青,Veste Sienne GS bleue
6016,シエナGPレジスト・青,Veste Sienne GP bleue
6017,クロースGSベスト・赤,Gilet Étoffe GS rouge
6018,クロースGPベスト・赤,Gilet Étoffe GP rouge
6019,クロースGSスーツ・赤,Combinaison Étoffe GS rouge
6020,クロースGPスーツ・赤,Combinaison Étoffe GP rouge
6021,クロースGSベスト・青,Gilet Étoffe GS bleu
6022,クロースGPベスト・青,Gilet Étoffe GP bleu
6023,クロースGSスーツ・青,Combinaison Étoffe GS bleue
6024,クロースGPスーツ・青,Combinaison Étoffe GP bleue
6025,クロースGSベスト・紫,Gilet Étoffe GS violet
6026,クロースGPベスト・紫,Gilet Étoffe GP violet
6027,クロースGSスーツ・紫,Combinaison Étoffe GS violette
6028,クロースGPスーツ・紫,Combinaison Étoffe GP violette
6029,クロースGSベスト・緑,Gilet Étoffe GS vert
6030,クロースGPベスト・緑,Gilet Étoffe GP vert
6031,クロースGSスーツ・緑,Combinaison Étoffe GS verte
6032,クロースGPスーツ・緑,Combinaison Étoffe GP verte
6033,マイストFZベスト・紅,Gilet Maist FZ cramoisi
6034,マイストHSベスト・紅,Gilet Maist HS cramoisi
6035,マイストGSベスト・紅,Gilet Maist GS cramoisi
6036,マイストGPベスト・紅,Gilet Maist GP cramoisi
6037,マイストFZスーツ・紅,Combinaison Maist FZ cramoisie
6038,マイストHSスーツ・紅,Combinaison Maist HS cramoisie
6039,マイストGSスーツ・紅,Combinaison Maist GS cramoisie
6040,マイストGPスーツ・紅,Combinaison Maist GP cramoisie
6041,マイストFZベスト・緑,Gilet Maist FZ vert
6042,マイストHSベスト・緑,Gilet Maist HS vert
6043,マイストGSベスト・緑,Gilet Maist GS vert
6044,マイストGPベスト・緑,Gilet Maist GP vert
6045,マイストFZスーツ・緑,Combinaison Maist FZ verte
6046,マイストHSスーツ・緑,Combinaison Maist HS verte
6047,マイストGSスーツ・緑,Combinaison Maist GS verte
6048,マイストGPスーツ・緑,Combinaison Maist GP verte
6049,マイストFZベスト・蒼,Gilet Maist FZ azur
6050,マイストHSベスト・蒼,Gilet Maist HS azur
6051,マイストGSベスト・蒼,Gilet Maist GS azur
6052,マイストGPベスト・蒼,Gilet Maist GP azur
6053,マイストFZスーツ・蒼,Combinaison Maist FZ azur
6054,マイストHSスーツ・蒼,Combinaison Maist HS azur
6055,マイストGSスーツ・蒼,Combinaison Maist GS azur
6056,マイストGPスーツ・蒼,Combinaison Maist GP azur
6057,マイストFZベスト・桜,
6058,マイストHSベスト・桜,
6059,マイストGSベスト・桜,
6060,マイストGPベスト・桜,
6061,マイストFZスーツ・桜,
6062,マイストHSスーツ・桜,
6063,マイストGSスーツ・桜,
6064,マイストGPスーツ・桜,
6065,カエシスHSメイル水,
6066,カエシスGSメイル水,
6067,カエシスGPメイル水,
6068,カエシスHSレジスト水,
6069,カエシスGSレジスト水,
6070,カエシスGPレジスト水,
6071,カエシスHSメイル赤,Cotte Cayssis HS rouge
6072,カエシスGSメイル赤,Cotte Cayssis GS rouge
6073,カエシスGPメイル赤,Cotte Cayssis GP rouge
6074,カエシスHSレジスト赤,Veste Cayssis HS rouge
6075,カエシスGSレジスト赤,Veste Cayssis GS rouge
6076,カエシスGPレジスト赤,Veste Cayssis GP rouge
6077,カエシスHSメイル青,Cotte Cayssis HS bleue
6078,カエシスGSメイル青,Cotte Cayssis GS bleue
6079,カエシスGPメイル青,Cotte Cayssis GP bleue
6080,カエシスHSレジスト青,Veste Cayssis HS bleue
6081,カエシスGSレジスト青,Veste Cayssis GS bleue
6082,カエシスGPレジスト青,Veste Cayssis GP bleue
6083,カエシスHSメイル橙,Cotte Cayssis HS orange
6084,カエシスGSメイル橙,Cotte Cayssis GS orange
6085,カエシスGPメイル橙,Cotte Cayssis GP orange
6086,カエシスHSレジスト橙,Veste Cayssis HS orange
6087,カエシスGSレジスト橙,Veste Cayssis GS orange
6088,カエシスGPレジスト橙,Veste Cayssis GP orange
6089,パンデウムHSスーツ,Combinaison Pandeum HS
6090,パンデウムGSスーツ,Combinaison Pandeum GS
6091,パンデウムGPスーツ,Combinaison Pandeum GP
6092,パンデウムHSベスト,Gilet Pandeum HS
6093,パンデウムGSベスト,Gilet Pandeum GS
6094,パンデウムGPベスト,Gilet Pandeum GP
6095,ディアンHSスーツ,Combinaison Dian HS
6096,ディアンGSスーツ,Combinaison Dian GS
6097,ディアンGPスーツ,Combinaison Dian GP
6098,ディアンHSベスト,Gilet Dian HS
6099,ディアンGSベスト,Gilet Dian GS
6100,ディアンGPベスト,Gilet Dian GP
6101,ワイルドHSスーツ,Combinaison Sauvage HS
6102,ワイルドGSスーツ,Combinaison Sauvage GS
6103,ワイルドGPスーツ,Combinaison Sauvage GP
6104,ワイルドHSベスト,Gilet Sauvage HS
6105,ワイルドGSベスト,Gilet Sauvage GS
6106,ワイルドGPベスト,Gilet Sauvage GP
6107,フラウアHSスーツ,Combinaison Fleur HS
6108,フラウアGSスーツ,Combinaison Fleur GS
6109,フラウアGPスーツ,Combinaison Fleur GP
6110,フラウアHSベスト,Gilet Fleur HS
6111,フラウアGSベスト,Gilet Fleur GS
6112,フラウアGPベスト,Gilet Fleur GP
6113,テューンHSスーツ,
6114,テューンGSスーツ,
6115,テューンGPスーツ,
6116,シュナイトHSベスト,Gilet Schnite HS
6117,シュナイトGSベスト,Gilet Schnite GS
6118,シュナイトGPベスト,Gilet Schnite GP
6119,ディクトHSスーツ,Combinaison Dicto HS
6120,ディクトGSスーツ,Combinaison Dicto GS
6121,ディクトGPスーツ,Combinaison Dicto GP
6122,ディレットHSベスト,Gilet Diletto HS
6123,ディレットGSベスト,Gilet Diletto GS
6124,ディレットGPベスト,Gilet Diletto GP
6125,キュビィHSメイル,Cotte Cubie HS
6126,キュビィGSメイル,Cotte Cubie GS
6127,キュビィGPメイル,Cotte Cubie GP
6128,キュビィHSレジスト,Veste Cubie HS
6129,キュビィGSレジスト,Veste Cubie GS
6130,キュビィGPレジスト,Veste Cubie GP
6131,ケモルHSメイル,Cotte Kemor HS
6132,ケモルGSメイル,Cotte Kemor GS
6133,ケモルGPメイル,Cotte Kemor GP
6134,ケモルHSレジスト,Veste Kemor HS
6135,ケモルGSレジスト,Veste Kemor GS
6136,ケモルGPレジスト,Veste Kemor GP
6137,スリートGPベスト・黄,Gilet Grésil GP jaune
6138,スリートGPスーツ・黄,Combinaison Grésil GP jaune
6139,スリートGPベスト・銀,Gilet Grésil GP argenté
6140,スリートGPスーツ・銀,Combinaison Grésil GP argentée
6141,スリートGPベスト・赤,Gilet Grésil GP rouge
6142,スリートGPスーツ・赤,Combinaison Grésil GP rouge
6143,スリートGPベスト・青,Gilet Grésil GP bleu
6144,スリートGPスーツ・青,Combinaison Grésil GP bleue
6145,ガリトスGPベスト・茶,Gilet Garitos GP brun
6146,ガリトスGPスーツ・茶,Combinaison Garitos GP brune
6147,ガリトスGPベスト・赤,Gilet Garitos GP rouge
6148,ガリトスGPスーツ・赤,Combinaison Garitos GP rouge
6149,ガリトスGPベスト・黒,Gilet Garitos GP noir
6150,ガリトスGPスーツ・黒,Combinaison Garitos GP noire
6151,ガリトスGPベスト・水,
6152,ガリトスGPスーツ・水,
6153,リアンGPベスト・青,Gilet Rian GP bleu
6154,リアンGPスーツ・青,Combinaison Rian GP bleue
6155,リアンGPベスト・赤,Gilet Rian GP rouge
6156,リアンGPスーツ・赤,Combinaison Rian GP rouge
6157,リアンGPベスト・黒,Gilet Rian GP noir
6158,リアンGPスーツ・黒,Combinaison Rian GP noire
6159,リアンGPベスト・白,Gilet Rian GP blanc
6160,リアンGPスーツ・白,Combinaison Rian GP blanche
6161,メレティGPベスト・白,Gilet Meleti GP blanc
6162,メレティGPスーツ・白,Combinaison Meleti GP blanche
6163,メレティGPベスト・赤,Gilet Meleti GP rouge
6164,メレティGPスーツ・赤,Combinaison Meleti GP rouge
6165,メレティGPベスト・青,Gilet Meleti GP bleu
6166,メレティGPスーツ・青,Combinaison Meleti GP bleue
6167,メレティGPベスト・黒,Gilet Meleti GP noir
6168,メレティGPスーツ・黒,Combinaison Meleti GP noire
6169,ステノGPメイル・橙,Cotte Stheno GP orange
6170,ステノGPレジスト・橙,Veste Stheno GP orange
6171,ステノGPメイル・桃,Cotte Stheno GP rose
6172,ステノGPレジスト・桃,Veste Stheno GP rose
6173,ステノGPメイル・青,Cotte Stheno GP bleue
6174,ステノGPレジスト・青,Veste Stheno GP bleue
6175,ステノGPメイル・赤,Cotte Stheno GP rouge
6176,ステノGPレジスト・赤,Veste Stheno GP rouge
6177,星祭GP装束【赤】,
6178,七夕GP装束【赤】,
6179,星祭GP装束【青】,
6180,七夕GP装束【青】,
6181,星祭GP装束【黒】,
6182,七夕GP装束【黒】,
6183,星祭GP装束【白】,
6184,七夕GP装束【白】,
6185,ダミー,
6186,ダミー,
6187,ダミー,
6188,ダミー,
6189,ダミー,
6190,ダミー,
6191,ヒストリアメイル,Cotte Historia
6192,ヒストリアＦメイル,Cotte Historia F
6193,ヒストリアFZメイル,Cotte Historia FZ
6194,ヒストリアHSメイル,Cotte Historia HS
6195,ヒストリアGSメイル,Cotte Historia GS
6196,ヒストリアGPメイル,Cotte Historia GP
6197,ヒストリアレジスト,Veste Historia
6198,ヒストリアＦレジスト,Veste Historia F
6199,ヒストリアFZレジスト,Veste Historia FZ
6200,ヒストリアHSレジスト,Veste Historia HS
6201,ヒストリアGSレジスト,Veste Historia GS
6202,ヒストリアGPレジスト,Veste Historia GP
6203,フロルスーツ,Combinaison Furoru
6204,フロルＦスーツ,Combinaison Furoru F
6205,フロルFXスーツ,Combinaison Furoru FX
6206,フロルＧスーツ,Combinaison Furoru G
6207,フロルGFスーツ,Combinaison Furoru GF
6208,フロルベスト,Gilet Furoru
6209,フロルＦベスト,Gilet Furoru F
6210,フロルFXベスト,Gilet Furoru FX
6211,フロルＧベスト,Gilet Furoru G
6212,フロルGFベスト,Gilet Furoru GF
6213,フランキーＧスーツ,Combinaison Franky G
6214,フランキーGFスーツ,Combinaison Franky GF
6215,フランキーGXスーツ,Combinaison Franky GX
6216,フランキーＧベスト,Gilet Franky G
6217,フランキーGFベスト,Gilet Franky GF
6218,フランキーGXベスト,Gilet Franky GX
6219,ディオレメイル,Cotte Diore
6220,ディオレＦメイル,Cotte Diore F
6221,ディオレFXメイル,Cotte Diore FX
6222,ディオレＧメイル,Cotte Diore G
6223,ディオレGFメイル,Cotte Diore GF
6224,ディオレレジスト,Veste Diore
6225,ディオレＦレジスト,Veste Diore F
6226,ディオレFXレジスト,Veste Diore FX
6227,ディオレＧレジスト,Veste Diore G
6228,ディオレGFレジスト,Veste Diore GF
6229,神楽Ｇ【胴当て】,
6230,神楽GF【胴当て】,
6231,神楽GX【胴当て】,
6232,神座Ｇ【胸当て】,
6233,神座GF【胸当て】,
6234,神座GX【胸当て】,
6235,ジェビアＧメイル,Cotte Jebia G
6236,ジェビアGFメイル,Cotte Jebia GF
6237,ジェビアGXメイル,Cotte Jebia GX
6238,ジェビアＧレジスト,Veste Jebia G
6239,ジェビアGFレジスト,Veste Jebia GF
6240,ジェビアGXレジスト,Veste Jebia GX
6241,ソルＧメイル,
6242,ソルGFメイル,
6243,ソルGXメイル,
6244,ソルＧレジスト,
6245,ソルGFレジスト,
6246,ソルGXレジスト,
6247,バルカンＧハイド,
6248,バルカンGFハイド,
6249,バルカンGXハイド,
6250,バルカンＧスキン,
6251,バルカンGFスキン,
6252,バルカンGXスキン,
6253,アルゴルGFメイル,Cotte Algol GF
6254,アルゴルGFレジスト,Veste Algol GF
6255,オディバGFメイル,Cotte Odiva GF
6256,オディバGFレジスト,Veste Odiva GF
6257,白虎・剣聖GXメイル,
6258,朱雀・剣聖GXメイル,
6259,玄武・剣聖GXメイル,
6260,青龍・剣聖GXメイル,
6261,白虎・双龍GXメイル,
6262,朱雀・双龍GXメイル,
6263,玄武・双龍GXメイル,
6264,青龍・双龍GXメイル,
6265,白虎・剣王GXメイル,
6266,朱雀・剣王GXメイル,
6267,玄武・剣王GXメイル,
6268,青龍・剣王GXメイル,
6269,白虎・刀神GXメイル,
6270,朱雀・刀神GXメイル,
6271,玄武・刀神GXメイル,
6272,青龍・刀神GXメイル,
6273,白虎・天槍GXメイル,
6274,朱雀・天槍GXメイル,
6275,玄武・天槍GXメイル,
6276,青龍・天槍GXメイル,
6277,白虎・砲皇GXメイル,
6278,朱雀・砲皇GXメイル,
6279,玄武・砲皇GXメイル,
6280,青龍・砲皇GXメイル,
6281,白虎・鈍器獣GXメイル,
6282,朱雀・鈍器獣GXメイル,
6283,玄武・鈍器獣GXメイル,
6284,青龍・鈍器獣GXメイル,
6285,白虎・奏帝GXメイル,
6286,朱雀・奏帝GXメイル,
6287,玄武・奏帝GXメイル,
6288,青龍・奏帝GXメイル,
6289,白虎・銃傑GXスーツ,
6290,朱雀・銃傑GXスーツ,
6291,玄武・銃傑GXスーツ,
6292,青龍・銃傑GXスーツ,
6293,白虎・銃仙GXスーツ,
6294,朱雀・銃仙GXスーツ,
6295,玄武・銃仙GXスーツ,
6296,青龍・銃仙GXスーツ,
6297,白虎・弓鬼GXスーツ,
6298,朱雀・弓鬼GXスーツ,
6299,玄武・弓鬼GXスーツ,
6300,青龍・弓鬼GXスーツ,
6301,ヒスイメイル,Cotte Hisui
6302,ヒスイＦメイル,Cotte Hisui F
6303,ヒスイFXメイル,Cotte Hisui FX
6304,ブラッドメイル,Cotte Sang
6305,ブラッドＦメイル,Cotte Sang F
6306,ブラッドFXメイル,Cotte Sang FX
6307,白虎・穿凰Ｇメイル,
6308,白虎・穿凰GFメイル,
6309,白虎・穿凰GXメイル,
6310,朱雀・穿凰Ｇメイル,
6311,朱雀・穿凰GFメイル,
6312,朱雀・穿凰GXメイル,
6313,玄武・穿凰Ｇメイル,
6314,玄武・穿凰GFメイル,
6315,玄武・穿凰GXメイル,
6316,青龍・穿凰Ｇメイル,
6317,青龍・穿凰GFメイル,
6318,青龍・穿凰GXメイル,
6319,オナブルメイル・赤,Cotte Onable rouge
6320,オナブルＦメイル・赤,Cotte Onable F rouge
6321,オナブルFZメイル・赤,Cotte Onable FZ rouge
6322,オナブルHSメイル・赤,Cotte Onable HS rouge
6323,オナブルGSメイル・赤,Cotte Onable GS rouge
6324,オナブルGPメイル・赤,Cotte Onable GP rouge
6325,オナブルスーツ・赤,Combinaison Onable rouge
6326,オナブルＦスーツ・赤,Combinaison Onable F rouge
6327,オナブルFZスーツ・赤,Combinaison Onable FZ rouge
6328,オナブルHSスーツ・赤,Combinaison Onable HS rouge
6329,オナブルGSスーツ・赤,Combinaison Onable GS rouge
6330,オナブルGPスーツ・赤,Combinaison Onable GP rouge
6331,オナブルメイル・青,Cotte Onable bleue
6332,オナブルＦメイル・青,Cotte Onable F bleue
6333,オナブルFZメイル・青,Cotte Onable FZ bleue
6334,オナブルHSメイル・青,Cotte Onable HS bleue
6335,オナブルGSメイル・青,Cotte Onable GS bleue
6336,オナブルGPメイル・青,Cotte Onable GP bleue
6337,オナブルスーツ・青,Combinaison Onable bleue
6338,オナブルＦスーツ・青,Combinaison Onable F bleue
6339,オナブルFZスーツ・青,Combinaison Onable FZ bleue
6340,オナブルHSスーツ・青,Combinaison Onable HS bleue
6341,オナブルGSスーツ・青,Combinaison Onable GS bleue
6342,オナブルGPスーツ・青,Combinaison Onable GP bleue
6343,オナブルメイル・緑,Cotte Onable verte
6344,オナブルＦメイル・緑,Cotte Onable F verte
6345,オナブルFZメイル・緑,Cotte Onable FZ verte
6346,オナブルHSメイル・緑,Cotte Onable HS verte
6347,オナブルGSメイル・緑,Cotte Onable GS verte
6348,オナブルGPメイル・緑,Cotte Onable GP verte
6349,オナブルスーツ・緑,Combinaison Onable verte
6350,オナブルＦスーツ・緑,Combinaison Onable F verte
6351,オナブルFZスーツ・緑,Combinaison Onable FZ verte
6352,オナブルHSスーツ・緑,Combinaison Onable HS verte
6353,オナブルGSスーツ・緑,Combinaison Onable GS verte
6354,オナブルGPスーツ・緑,Combinaison Onable GP verte
6355,オナブルメイル・紺,
6356,オナブルＦメイル・紺,
6357,オナブルFZメイル・紺,
6358,オナブルHSメイル・紺,
6359,オナブルGSメイル・紺,
6360,オナブルGPメイル・紺,
6361,オナブルスーツ・紺,
6362,オナブルＦスーツ・紺,
6363,オナブルFZスーツ・紺,
6364,オナブルHSスーツ・紺,
6365,オナブルGSスーツ・紺,
6366,オナブルGPスーツ・紺,
6367,シェリフベスト・茶,Gilet Shérif brun
6368,シェリフＦベスト・茶,Gilet Shérif F brun
6369,シェリフFZベスト・茶,Gilet Shérif FZ brun
6370,シェリフHSベスト・茶,Gilet Shérif HS brun
6371,シェリフGSベスト・茶,Gilet Shérif GS brun
6372,シェリフGPベスト・茶,Gilet Shérif GP brun
6373,シェリフスーツ・茶,Combinaison Shérif brune
6374,シェリフＦスーツ・茶,Combinaison Shérif F brune
6375,シェリフFZスーツ・茶,Combinaison Shérif FZ brune
6376,シェリフHSスーツ・茶,Combinaison Shérif HS brune
6377,シェリフGSスーツ・茶,Combinaison Shérif GS brune
6378,シェリフGPスーツ・茶,Combinaison Shérif GP brune
6379,シェリフベスト・黒,Gilet Shérif noir
6380,シェリフＦベスト・黒,Gilet Shérif F noir
6381,シェリフFZベスト・黒,Gilet Shérif FZ noir
6382,シェリフHSベスト・黒,Gilet Shérif HS noir
6383,シェリフGSベスト・黒,Gilet Shérif GS noir
6384,シェリフGPベスト・黒,Gilet Shérif GP noir
6385,シェリフスーツ・黒,Combinaison Shérif noire
6386,シェリフＦスーツ・黒,Combinaison Shérif F noire
6387,シェリフFZスーツ・黒,Combinaison Shérif FZ noire
6388,シェリフHSスーツ・黒,Combinaison Shérif HS noire
6389,シェリフGSスーツ・黒,Combinaison Shérif GS noire
6390,シェリフGPスーツ・黒,Combinaison Shérif GP noire
6391,シェリフベスト・青,Gilet Shérif bleu
6392,シェリフＦベスト・青,Gilet Shérif F bleu
6393,シェリフFZベスト・青,Gilet Shérif FZ bleu
6394,シェリフHSベスト・青,Gilet Shérif HS bleu
6395,シェリフGSベスト・青,Gilet Shérif GS bleu
6396,シェリフGPベスト・青,Gilet Shérif GP bleu
6397,シェリフスーツ・青,Combinaison Shérif bleue
6398,シェリフＦスーツ・青,Combinaison Shérif F bleue
6399,シェリフFZスーツ・青,Combinaison Shérif FZ bleue
6400,シェリフHSスーツ・青,Combinaison Shérif HS bleue
6401,シェリフGSスーツ・青,Combinaison Shérif GS bleue
6402,シェリフGPスーツ・青,Combinaison Shérif GP bleue
6403,シェリフベスト・白,Gilet Shérif blanc
6404,シェリフＦベスト・白,Gilet Shérif F blanc
6405,シェリフFZベスト・白,Gilet Shérif FZ blanc
6406,シェリフHSベスト・白,Gilet Shérif HS blanc
6407,シェリフGSベスト・白,Gilet Shérif GS blanc
6408,シェリフGPベスト・白,Gilet Shérif GP blanc
6409,シェリフスーツ・白,Combinaison Shérif blanche
6410,シェリフＦスーツ・白,Combinaison Shérif F blanche
6411,シェリフFZスーツ・白,Combinaison Shérif FZ blanche
6412,シェリフHSスーツ・白,Combinaison Shérif HS blanche
6413,シェリフGSスーツ・白,Combinaison Shérif GS blanche
6414,シェリフGPスーツ・白,Combinaison Shérif GP blanche
6415,月陽ノ羽織,
6416,月陽ノ羽織・Ｆ,
6417,月陽ノ羽織・FZ,
6418,月陽ノ羽織・HS,
6419,月陽ノ羽織・GS,
6420,月陽ノ羽織・GP,
6421,月陽ノ装束,
6422,月陽ノ装束・Ｆ,
6423,月陽ノ装束・FZ,
6424,月陽ノ装束・HS,
6425,月陽ノ装束・GS,
6426,月陽ノ装束・GP,
6427,ゾデックGSメイル・青,Cotte Zodec GS bleue
6428,ゾデックGPメイル・青,Cotte Zodec GP bleue
6429,ゾデックGSスーツ・青,Combinaison Zodec GS bleue
6430,ゾデックGPスーツ・青,Combinaison Zodec GP bleue
6431,ゾデックGSメイル・茶,Cotte Zodec GS brune
6432,ゾデックGPメイル・茶,Cotte Zodec GP brune
6433,ゾデックGSスーツ・茶,Combinaison Zodec GS brune
6434,ゾデックGPスーツ・茶,Combinaison Zodec GP brune
6435,ゾデックGSメイル・緑,Cotte Zodec GS verte
6436,ゾデックGPメイル・緑,Cotte Zodec GP verte
6437,ゾデックGSスーツ・緑,Combinaison Zodec GS verte
6438,ゾデックGPスーツ・緑,Combinaison Zodec GP verte
6439,ゾデックGSメイル・桜,
6440,ゾデックGPメイル・桜,
6441,ゾデックGSスーツ・桜,
6442,ゾデックGPスーツ・桜,
6443,ブリスFZメイル【白】,Cotte Félicité FZ [白]
6444,ブリスHSメイル【白】,Cotte Félicité HS [白]
6445,ブリスGSメイル【白】,Cotte Félicité GS [白]
6446,ブリスGPメイル【白】,Cotte Félicité GP [白]
6447,ブリスFZメイル【青】,Cotte Félicité FZ [青]
6448,ブリスHSメイル【青】,Cotte Félicité HS [青]
6449,ブリスGSメイル【青】,Cotte Félicité GS [青]
6450,ブリスGPメイル【青】,Cotte Félicité GP [青]
6451,ブリスFZメイル【紫】,Cotte Félicité FZ [紫]
6452,ブリスHSメイル【紫】,Cotte Félicité HS [紫]
6453,ブリスGSメイル【紫】,Cotte Félicité GS [紫]
6454,ブリスGPメイル【紫】,Cotte Félicité GP [紫]
6455,ブリスFZメイル【黄】,Cotte Félicité FZ [黄]
6456,ブリスHSメイル【黄】,Cotte Félicité HS [黄]
6457,ブリスGSメイル【黄】,Cotte Félicité GS [黄]
6458,ブリスGPメイル【黄】,Cotte Félicité GP [黄]
6459,しろねこ服FZスーツ,
6460,しろねこ服HSスーツ,
6461,しろねこ服GSスーツ,
6462,しろねこ服GPスーツ,
6463,ファランHSメイル・白,Cotte Faran HS blanche
6464,ファランGSメイル・白,Cotte Faran GS blanche
6465,ファランGPメイル・白,Cotte Faran GP blanche
6466,ファランHSスーツ・白,Combinaison Faran HS blanche
6467,ファランGSスーツ・白,Combinaison Faran GS blanche
6468,ファランGPスーツ・白,Combinaison Faran GP blanche
6469,ファランHSメイル・黒,Cotte Faran HS noire
6470,ファランGSメイル・黒,Cotte Faran GS noire
6471,ファランGPメイル・黒,Cotte Faran GP noire
6472,ファランHSスーツ・黒,Combinaison Faran HS noire
6473,ファランGSスーツ・黒,Combinaison Faran GS noire
6474,ファランGPスーツ・黒,Combinaison Faran GP noire
6475,ファランHSメイル・赤,Cotte Faran HS rouge
6476,ファランGSメイル・赤,Cotte Faran GS rouge
6477,ファランGPメイル・赤,Cotte Faran GP rouge
6478,ファランHSスーツ・赤,Combinaison Faran HS rouge
6479,ファランGSスーツ・赤,Combinaison Faran GS rouge
6480,ファランGPスーツ・赤,Combinaison Faran GP rouge
6481,ファランHSメイル・青,Cotte Faran HS bleue
6482,ファランGSメイル・青,Cotte Faran GS bleue
6483,ファランGPメイル・青,Cotte Faran GP bleue
6484,ファランHSスーツ・青,Combinaison Faran HS bleue
6485,ファランGSスーツ・青,Combinaison Faran GS bleue
6486,ファランGPスーツ・青,Combinaison Faran GP bleue
6487,グロリアGSメイル・金,Cotte Gloria GS dorée
6488,グロリアGPメイル・金,Cotte Gloria GP dorée
6489,グロリアGSスーツ・金,Combinaison Gloria GS dorée
6490,グロリアGPスーツ・金,Combinaison Gloria GP dorée
6491,グロリアGSメイル・青,Cotte Gloria GS bleue
6492,グロリアGPメイル・青,Cotte Gloria GP bleue
6493,グロリアGSスーツ・青,Combinaison Gloria GS bleue
6494,グロリアGPスーツ・青,Combinaison Gloria GP bleue
6495,グロリアGSメイル・水,
6496,グロリアGPメイル・水,
6497,グロリアGSスーツ・水,
6498,グロリアGPスーツ・水,
6499,グロリアGSメイル・赤,Cotte Gloria GS rouge
6500,グロリアGPメイル・赤,Cotte Gloria GP rouge
6501,グロリアGSスーツ・赤,Combinaison Gloria GS rouge
6502,グロリアGPスーツ・赤,Combinaison Gloria GP rouge
6503,蘭蛮の胴当・FZ黄,
6504,蘭蛮の胴当・HS黄,
6505,蘭蛮の胴当・GS黄,
6506,蘭蛮の胴当・GP黄,
6507,蘭蛮の装束・FZ黄,
6508,蘭蛮の装束・HS黄,
6509,蘭蛮の装束・GS黄,
6510,蘭蛮の装束・GP黄,
6511,蘭蛮の胴当・FZ赤,
6512,蘭蛮の胴当・HS赤,
6513,蘭蛮の胴当・GS赤,
6514,蘭蛮の胴当・GP赤,
6515,蘭蛮の装束・FZ赤,
6516,蘭蛮の装束・HS赤,
6517,蘭蛮の装束・GS赤,
6518,蘭蛮の装束・GP赤,
6519,蘭蛮の胴当・FZ紫,
6520,蘭蛮の胴当・HS紫,
6521,蘭蛮の胴当・GS紫,
6522,蘭蛮の胴当・GP紫,
6523,蘭蛮の装束・FZ紫,
6524,蘭蛮の装束・HS紫,
6525,蘭蛮の装束・GS紫,
6526,蘭蛮の装束・GP紫,
6527,蘭蛮の胴当・FZ金,
6528,蘭蛮の胴当・HS金,
6529,蘭蛮の胴当・GS金,
6530,蘭蛮の胴当・GP金,
6531,蘭蛮の装束・FZ金,
6532,蘭蛮の装束・HS金,
6533,蘭蛮の装束・GS金,
6534,蘭蛮の装束・GP金,
6535,フェルムFZメイル・黒,Cotte Ferm FZ noire
6536,フェルムHSメイル・黒,Cotte Ferm HS noire
6537,フェルムGSメイル・黒,Cotte Ferm GS noire
6538,フェルムGPメイル・黒,Cotte Ferm GP noire
6539,フェルムFZスーツ・黒,Combinaison Ferm FZ noire
6540,フェルムHSスーツ・黒,Combinaison Ferm HS noire
6541,フェルムGSスーツ・黒,Combinaison Ferm GS noire
6542,フェルムGPスーツ・黒,Combinaison Ferm GP noire
6543,フェルムFZメイル・赤,Cotte Ferm FZ rouge
6544,フェルムHSメイル・赤,Cotte Ferm HS rouge
6545,フェルムGSメイル・赤,Cotte Ferm GS rouge
6546,フェルムGPメイル・赤,Cotte Ferm GP rouge
6547,フェルムFZスーツ・赤,Combinaison Ferm FZ rouge
6548,フェルムHSスーツ・赤,Combinaison Ferm HS rouge
6549,フェルムGSスーツ・赤,Combinaison Ferm GS rouge
6550,フェルムGPスーツ・赤,Combinaison Ferm GP rouge
6551,フェルムFZメイル・白,Cotte Ferm FZ blanche
6552,フェルムHSメイル・白,Cotte Ferm HS blanche
6553,フェルムGSメイル・白,Cotte Ferm GS blanche
6554,フェルムGPメイル・白,Cotte Ferm GP blanche
6555,フェルムFZスーツ・白,Combinaison Ferm FZ blanche
6556,フェルムHSスーツ・白,Combinaison Ferm HS blanche
6557,フェルムGSスーツ・白,Combinaison Ferm GS blanche
6558,フェルムGPスーツ・白,Combinaison Ferm GP blanche
6559,フェルムFZメイル・青,Cotte Ferm FZ bleue
6560,フェルムHSメイル・青,Cotte Ferm HS bleue
6561,フェルムGSメイル・青,Cotte Ferm GS bleue
6562,フェルムGPメイル・青,Cotte Ferm GP bleue
6563,フェルムFZスーツ・青,Combinaison Ferm FZ bleue
6564,フェルムHSスーツ・青,Combinaison Ferm HS bleue
6565,フェルムGSスーツ・青,Combinaison Ferm GS bleue
6566,フェルムGPスーツ・青,Combinaison Ferm GP bleue
6567,トラスFZジャケット青,
6568,トラスHSジャケット青,
6569,トラスGSジャケット青,
6570,トラスGPジャケット青,
6571,トラスFZベスト青,Gilet Truss FZ bleu
6572,トラスHSベスト青,Gilet Truss HS bleu
6573,トラスGSベスト青,Gilet Truss GS bleu
6574,トラスGPベスト青,Gilet Truss GP bleu
6575,トラスFZジャケット赤,
6576,トラスHSジャケット赤,
6577,トラスGSジャケット赤,
6578,トラスGPジャケット赤,
6579,トラスFZベスト赤,Gilet Truss FZ rouge
6580,トラスHSベスト赤,Gilet Truss HS rouge
6581,トラスGSベスト赤,Gilet Truss GS rouge
6582,トラスGPベスト赤,Gilet Truss GP rouge
6583,トラスFZジャケット白,
6584,トラスHSジャケット白,
6585,トラスGSジャケット白,
6586,トラスGPジャケット白,
6587,トラスFZベスト白,Gilet Truss FZ blanc
6588,トラスHSベスト白,Gilet Truss HS blanc
6589,トラスGSベスト白,Gilet Truss GS blanc
6590,トラスGPベスト白,Gilet Truss GP blanc
6591,トラスFZジャケット紫,
6592,トラスHSジャケット紫,
6593,トラスGSジャケット紫,
6594,トラスGPジャケット紫,
6595,トラスFZベスト紫,Gilet Truss FZ violet
6596,トラスHSベスト紫,Gilet Truss HS violet
6597,トラスGSベスト紫,Gilet Truss GS violet
6598,トラスGPベスト紫,Gilet Truss GP violet
6599,レイルHSメイル,
6600,レイルGSメイル,
6601,レイルGPメイル,
6602,レイルHSレジスト,
6603,レイルGSレジスト,
6604,レイルGPレジスト,
6605,リーデレHSメイル,Cotte Ridere HS
6606,リーデレGSメイル,Cotte Ridere GS
6607,リーデレGPメイル,Cotte Ridere GP
6608,リーデレHSレジスト,Veste Ridere HS
6609,リーデレGSレジスト,Veste Ridere GS
6610,リーデレGPレジスト,Veste Ridere GP
6611,リエットHSメイル,Cotte Émeute HS
6612,リエットGSメイル,Cotte Émeute GS
6613,リエットGPメイル,Cotte Émeute GP
6614,リエットHSレジスト,Veste Émeute HS
6615,リエットGSレジスト,Veste Émeute GS
6616,リエットGPレジスト,Veste Émeute GP
6617,ルターレHSメイル,Cotte Rutare HS
6618,ルターレGSメイル,Cotte Rutare GS
6619,ルターレGPメイル,Cotte Rutare GP
6620,ルターレHSレジスト,Veste Rutare HS
6621,ルターレGSレジスト,Veste Rutare GS
6622,ルターレGPレジスト,Veste Rutare GP
6623,流転の胸当て・HS,
6624,流転の胸当て・GS,
6625,流転の胸当て・GP,
6626,旋転の胸当て・HS,
6627,旋転の胸当て・GS,
6628,旋転の胸当て・GP,
6629,嵐転の胸当て・HS,
6630,嵐転の胸当て・GS,
6631,嵐転の胸当て・GP,
6632,地転の胸当て・HS,
6633,地転の胸当て・GS,
6634,地転の胸当て・GP,
6635,ラトリアHSベスト,Gilet Latria HS
6636,ラトリアGSベスト,Gilet Latria GS
6637,ラトリアGPベスト,Gilet Latria GP
6638,ラトリアHSスーツ,Combinaison Latria HS
6639,ラトリアGSスーツ,Combinaison Latria GS
6640,ラトリアGPスーツ,Combinaison Latria GP
6641,コンタオHSベスト,Gilet Kontao HS
6642,コンタオGSベスト,Gilet Kontao GS
6643,コンタオGPベスト,Gilet Kontao GP
6644,コンタオHSスーツ,Combinaison Kontao HS
6645,コンタオGSスーツ,Combinaison Kontao GS
6646,コンタオGPスーツ,Combinaison Kontao GP
6647,デリヴメイル,
6648,デリヴＦメイル,
6649,デリヴFYメイル,
6650,デリヴHSメイル,
6651,デリヴＧメイル,
6652,デリヴGFメイル,
6653,デリヴGXメイル,
6654,デリヴレジスト,
6655,デリヴＦレジスト,
6656,デリヴFYレジスト,
6657,デリヴHSレジスト,
6658,デリヴＧレジスト,
6659,デリヴGFレジスト,
6660,デリヴGXレジスト,
6661,アサークメイル,Cotte Asaku
6662,アサークＦメイル,Cotte Asaku F
6663,アサークFYメイル,Cotte Asaku FY
6664,アサークHSメイル,Cotte Asaku HS
6665,アサークＧメイル,Cotte Asaku G
6666,アサークGFメイル,Cotte Asaku GF
6667,アサークGXメイル,Cotte Asaku GX
6668,アサークレジスト,Veste Asaku
6669,アサークＦレジスト,Veste Asaku F
6670,アサークFYレジスト,Veste Asaku FY
6671,アサークHSレジスト,Veste Asaku HS
6672,アサークＧレジスト,Veste Asaku G
6673,アサークGFレジスト,Veste Asaku GF
6674,アサークGXレジスト,Veste Asaku GX
6675,ニスルメイル,Cotte Nisuru
6676,ニスルＦメイル,Cotte Nisuru F
6677,ニスルFYメイル,Cotte Nisuru FY
6678,ニスルHSメイル,Cotte Nisuru HS
6679,ニスルＧメイル,Cotte Nisuru G
6680,ニスルGFメイル,Cotte Nisuru GF
6681,ニスルGXメイル,Cotte Nisuru GX
6682,ニスルレジスト,Veste Nisuru
6683,ニスルＦレジスト,Veste Nisuru F
6684,ニスルFYレジスト,Veste Nisuru FY
6685,ニスルHSレジスト,Veste Nisuru HS
6686,ニスルＧレジスト,Veste Nisuru G
6687,ニスルGFレジスト,Veste Nisuru GF
6688,ニスルGXレジスト,Veste Nisuru GX
6689,コルーデメイル,Cotte Coord
6690,コルーデＦメイル,Cotte Coord F
6691,コルーデFYメイル,Cotte Coord FY
6692,コルーデHSメイル,Cotte Coord HS
6693,コルーデＧメイル,Cotte Coord G
6694,コルーデGFメイル,Cotte Coord GF
6695,コルーデGXメイル,Cotte Coord GX
6696,コルーデレジスト,Veste Coord
6697,コルーデＦレジスト,Veste Coord F
6698,コルーデFYレジスト,Veste Coord FY
6699,コルーデHSレジスト,Veste Coord HS
6700,コルーデＧレジスト,Veste Coord G
6701,コルーデGFレジスト,Veste Coord GF
6702,コルーデGXレジスト,Veste Coord GX
6703,レセーガメイル,Cotte Resega
6704,レセーガＦメイル,Cotte Resega F
6705,レセーガFYメイル,Cotte Resega FY
6706,レセーガHSメイル,Cotte Resega HS
6707,レセーガＧメイル,Cotte Resega G
6708,レセーガGFメイル,Cotte Resega GF
6709,レセーガGXメイル,Cotte Resega GX
6710,レセーガレジスト,Veste Resega
6711,レセーガＦレジスト,Veste Resega F
6712,レセーガFYレジスト,Veste Resega FY
6713,レセーガHSレジスト,Veste Resega HS
6714,レセーガＧレジスト,Veste Resega G
6715,レセーガGFレジスト,Veste Resega GF
6716,レセーガGXレジスト,Veste Resega GX
6717,スフォルメイル,Cotte Suforu
6718,スフォルＦメイル,Cotte Suforu F
6719,スフォルFYメイル,Cotte Suforu FY
6720,スフォルHSメイル,Cotte Suforu HS
6721,スフォルＧメイル,Cotte Suforu G
6722,スフォルGFメイル,Cotte Suforu GF
6723,スフォルGXメイル,Cotte Suforu GX
6724,スフォルレジスト,Veste Suforu
6725,スフォルＦレジスト,Veste Suforu F
6726,スフォルFYレジスト,Veste Suforu FY
6727,スフォルHSレジスト,Veste Suforu HS
6728,スフォルＧレジスト,Veste Suforu G
6729,スフォルGFレジスト,Veste Suforu GF
6730,スフォルGXレジスト,Veste Suforu GX
6731,ペルセメイル,Cotte Perce
6732,ペルセＦメイル,Cotte Perce F
6733,ペルセFYメイル,Cotte Perce FY
6734,ペルセHSメイル,Cotte Perce HS
6735,ペルセＧメイル,Cotte Perce G
6736,ペルセGFメイル,Cotte Perce GF
6737,ペルセGXメイル,Cotte Perce GX
6738,ペルセレジスト,Veste Perce
6739,ペルセＦレジスト,Veste Perce F
6740,ペルセFYレジスト,Veste Perce FY
6741,ペルセHSレジスト,Veste Perce HS
6742,ペルセＧレジスト,Veste Perce G
6743,ペルセGFレジスト,Veste Perce GF
6744,ペルセGXレジスト,Veste Perce GX
6745,調査兵団ベスト,
6746,調査兵団Ｆベスト,
6747,調査兵団FZベスト,
6748,調査兵団HSベスト,
6749,調査兵団GSベスト,
6750,調査兵団GPベスト,
6751,調査兵団スーツ,
6752,調査兵団Ｆスーツ,
6753,調査兵団FZスーツ,
6754,調査兵団HSスーツ,
6755,調査兵団GSスーツ,
6756,調査兵団GPスーツ,
6757,訓練兵団ベスト,Gilet Training
6758,訓練兵団Ｆベスト,Gilet Training F
6759,訓練兵団FZベスト,Gilet Training FZ
6760,訓練兵団HSベスト,Gilet Training HS
6761,訓練兵団GSベスト,Gilet Training GS
6762,訓練兵団GPベスト,Gilet Training GP
6763,訓練兵団スーツ,Combinaison Training
6764,訓練兵団Ｆスーツ,Combinaison Training F
6765,訓練兵団FZスーツ,Combinaison Training FZ
6766,訓練兵団HSスーツ,Combinaison Training HS
6767,訓練兵団GSスーツ,Combinaison Training GS
6768,訓練兵団GPスーツ,Combinaison Training GP
6769,ダミー,
6770,ダミー,
6771,ダミー,
6772,ダミー,
6773,ダミー,
6774,ダミー,
6775,ダミー,
6776,ダミー,
6777,ダミー,
6778,ダミー,
6779,ダミー,
6780,ダミー,
6781,ダミー,
6782,ダミー,
6783,ダミー,
6784,ダミー,
6785,ダミー,
6786,ダミー,
6787,ダミー,
6788,ダミー,
6789,ダミー,
6790,ダミー,
6791,キャロルスーツ・金,Combinaison Carol dorée
6792,レイラスーツ,Combinaison Leila
6793,IS学園スーツ・白,
6794,IS学園Ｆスーツ・白,
6795,IS学園FZスーツ・白,
6796,IS学園HSスーツ・白,
6797,IS学園GSスーツ・白,
6798,IS学園GPスーツ・白,
6799,IS学園ベスト・白,
6800,IS学園Ｆベスト・白,
6801,IS学園FZベスト・白,
6802,IS学園HSベスト・白,
6803,IS学園GSベスト・白,
6804,IS学園GPベスト・白,
6805,IS学園スーツ・青,
6806,IS学園Ｆスーツ・青,
6807,IS学園FZスーツ・青,
6808,IS学園HSスーツ・青,
6809,IS学園GSスーツ・青,
6810,IS学園GPスーツ・青,
6811,IS学園ベスト・青,
6812,IS学園Ｆベスト・青,
6813,IS学園FZベスト・青,
6814,IS学園HSベスト・青,
6815,IS学園GSベスト・青,
6816,IS学園GPベスト・青,
6817,IS学園スーツ・黒,
6818,IS学園Ｆスーツ・黒,
6819,IS学園FZスーツ・黒,
6820,IS学園HSスーツ・黒,
6821,IS学園GSスーツ・黒,
6822,IS学園GPスーツ・黒,
6823,IS学園ベスト・黒,
6824,IS学園Ｆベスト・黒,
6825,IS学園FZベスト・黒,
6826,IS学園HSベスト・黒,
6827,IS学園GSベスト・黒,
6828,IS学園GPベスト・黒,
6829,IS学園スーツ・緑,
6830,IS学園Ｆスーツ・緑,
6831,IS学園FZスーツ・緑,
6832,IS学園HSスーツ・緑,
6833,IS学園GSスーツ・緑,
6834,IS学園GPスーツ・緑,
6835,IS学園ベスト・緑,
6836,IS学園Ｆベスト・緑,
6837,IS学園FZベスト・緑,
6838,IS学園HSベスト・緑,
6839,IS学園GSベスト・緑,
6840,IS学園GPベスト・緑,
6841,コムラダＧスーツ・赤,Combinaison Comrada G rouge
6842,コムラダGFスーツ・赤,Combinaison Comrada GF rouge
6843,コムラダGXスーツ・赤,Combinaison Comrada GX rouge
6844,コムラダＧベスト・赤,Gilet Comrada G rouge
6845,コムラダGFベスト・赤,Gilet Comrada GF rouge
6846,コムラダGXベスト・赤,Gilet Comrada GX rouge
6847,コムラダＧスーツ・青,Combinaison Comrada G bleue
6848,コムラダGFスーツ・青,Combinaison Comrada GF bleue
6849,コムラダGXスーツ・青,Combinaison Comrada GX bleue
6850,コムラダＧベスト・青,Gilet Comrada G bleu
6851,コムラダGFベスト・青,Gilet Comrada GF bleu
6852,コムラダGXベスト・青,Gilet Comrada GX bleu
6853,コムラダＧスーツ・緑,Combinaison Comrada G verte
6854,コムラダGFスーツ・緑,Combinaison Comrada GF verte
6855,コムラダGXスーツ・緑,Combinaison Comrada GX verte
6856,コムラダＧベスト・緑,Gilet Comrada G vert
6857,コムラダGFベスト・緑,Gilet Comrada GF vert
6858,コムラダGXベスト・緑,Gilet Comrada GX vert
6859,コムラダＧスーツ・橙,Combinaison Comrada G orange
6860,コムラダGFスーツ・橙,Combinaison Comrada GF orange
6861,コムラダGXスーツ・橙,Combinaison Comrada GX orange
6862,コムラダＧベスト・橙,Gilet Comrada G orange
6863,コムラダGFベスト・橙,Gilet Comrada GF orange
6864,コムラダGXベスト・橙,Gilet Comrada GX orange
6865,メランＧジャケット,
6866,メランGFジャケット,
6867,メランGXジャケット,
6868,メランＧスーツ,Combinaison Melan G
6869,メランGFスーツ,Combinaison Melan GF
6870,メランGXスーツ,Combinaison Melan GX
6871,ルージュFYジャケット,
6872,ルージュHCジャケット,
6873,ルージュＧジャケット,
6874,ルージュGFジャケット,
6875,ルージュGXジャケット,
6876,レギュクスGPメイル,Cotte Regyukusu GP
6877,レギュクスGPスーツ,Combinaison Regyukusu GP
6878,ベイルGPブリガンテス,
6879,ヴェルフGPメイル,Cotte Welf GP
6880,ヴェルフGPレジスト,Veste Welf GP
6881,テリオグGPメイル,
6882,テリオグGPレジスト,
6883,ヒプノＧメイル,Cotte Hypnoc G
6884,ヒプノGFメイル,Cotte Hypnoc GF
6885,ヒプノGXメイル,Cotte Hypnoc GX
6886,ヒプノＧレジスト,Veste Hypnoc G
6887,ヒプノGFレジスト,Veste Hypnoc GF
6888,ヒプノGXレジスト,Veste Hypnoc GX
6889,フルンＧメイル,Cotte Khezu G
6890,フルンGFメイル,Cotte Khezu GF
6891,フルンGXメイル,Cotte Khezu GX
6892,フルンＧレジスト,Veste Khezu G
6893,フルンGFレジスト,Veste Khezu GF
6894,フルンGXレジスト,Veste Khezu GX
6895,モノブロスＧメイル,Cotte Monoblos G
6896,モノブロスGFメイル,Cotte Monoblos GF
6897,モノブロスGXメイル,Cotte Monoblos GX
6898,モノブロスＧレジスト,Veste Monoblos G
6899,モノブロスGFレジスト,Veste Monoblos GF
6900,モノブロスGXレジスト,Veste Monoblos GX
6901,ヴァイスＧムスケル,
6902,ヴァイスGFムスケル,
6903,ヴァイスGXムスケル,
6904,ヴァイスＧケミュート,
6905,ヴァイスGFケミュート,
6906,ヴァイスGXケミュート,
6907,ヴェノムＧメイル,Cotte Venin G
6908,ヴェノムGFメイル,Cotte Venin GF
6909,ヴェノムGXメイル,Cotte Venin GX
6910,ヴェノムＧレジスト,Veste Venin G
6911,ヴェノムGFレジスト,Veste Venin GF
6912,ヴェノムGXレジスト,Veste Venin GX
6913,雅孔【胴当て】,
6914,雅孔Ｆ【胴当て】,
6915,雅孔FX【胴当て】,
6916,雅孔Ｇ【胴当て】,
6917,雅孔GF【胴当て】,
6918,雅穿【胴当て】,
6919,雅穿Ｆ【胴当て】,
6920,雅穿FX【胴当て】,
6921,雅穿Ｇ【胴当て】,
6922,雅穿GF【胴当て】,
6923,雅深Ｇ【胴当て】,
6924,雅深GF【胴当て】,
6925,雅深GX【胴当て】,
6926,雅淵Ｇ【胴当て】,
6927,雅淵GF【胴当て】,
6928,雅淵GX【胴当て】,
6929,ガルバディール,
6930,ガルバＦディール,
6931,ガルバFXディール,
6932,ガルバＧディール,
6933,ガルバGFディール,
6934,ガルババダル,
6935,ガルバＦバダル,
6936,ガルバFXバダル,
6937,ガルバＧバダル,
6938,ガルバGFバダル,
6939,ウィンドGFディール,
6940,ウィンドGFバダル,
6941,武者GF【胴当て】,
6942,日光GF【胴当て】,
6943,白蘭・剣聖メイル,
6944,白蘭・剣聖Ｆメイル,
6945,白蘭・剣聖FXメイル,
6946,紅霞・剣聖メイル,
6947,紅霞・剣聖Ｆメイル,
6948,紅霞・剣聖FXメイル,
6949,白蘭・剣聖Ｇメイル,
6950,白蘭・剣聖GFメイル,
6951,白蘭・剣聖GXメイル,
6952,月夜・剣聖Ｇメイル,
6953,月夜・剣聖GFメイル,
6954,月夜・剣聖GXメイル,
6955,紅霞・剣聖Ｇメイル,
6956,紅霞・剣聖GFメイル,
6957,紅霞・剣聖GXメイル,
6958,蒼穹・剣聖Ｇメイル,
6959,蒼穹・剣聖GFメイル,
6960,蒼穹・剣聖GXメイル,
6961,白蘭・双龍メイル,
6962,白蘭・双龍Ｆメイル,
6963,白蘭・双龍FXメイル,
6964,紅霞・双龍メイル,
6965,紅霞・双龍Ｆメイル,
6966,紅霞・双龍FXメイル,
6967,白蘭・双龍Ｇメイル,
6968,白蘭・双龍GFメイル,
6969,白蘭・双龍GXメイル,
6970,月夜・双龍Ｇメイル,
6971,月夜・双龍GFメイル,
6972,月夜・双龍GXメイル,
6973,紅霞・双龍Ｇメイル,
6974,紅霞・双龍GFメイル,
6975,紅霞・双龍GXメイル,
6976,蒼穹・双龍Ｇメイル,
6977,蒼穹・双龍GFメイル,
6978,蒼穹・双龍GXメイル,
6979,白蘭・剣王メイル,
6980,白蘭・剣王Ｆメイル,
6981,白蘭・剣王FXメイル,
6982,紅霞・剣王メイル,
6983,紅霞・剣王Ｆメイル,
6984,紅霞・剣王FXメイル,
6985,白蘭・剣王Ｇメイル,
6986,白蘭・剣王GFメイル,
6987,白蘭・剣王GXメイル,
6988,月夜・剣王Ｇメイル,
6989,月夜・剣王GFメイル,
6990,月夜・剣王GXメイル,
6991,紅霞・剣王Ｇメイル,
6992,紅霞・剣王GFメイル,
6993,紅霞・剣王GXメイル,
6994,蒼穹・剣王Ｇメイル,
6995,蒼穹・剣王GFメイル,
6996,蒼穹・剣王GXメイル,
6997,白蘭・刀神メイル,
6998,白蘭・刀神Ｆメイル,
6999,白蘭・刀神FXメイル,
7000,紅霞・刀神メイル,
7001,紅霞・刀神Ｆメイル,
7002,紅霞・刀神FXメイル,
7003,白蘭・刀神Ｇメイル,
7004,白蘭・刀神GFメイル,
7005,白蘭・刀神GXメイル,
7006,月夜・刀神Ｇメイル,
7007,月夜・刀神GFメイル,
7008,月夜・刀神GXメイル,
7009,紅霞・刀神Ｇメイル,
7010,紅霞・刀神GFメイル,
7011,紅霞・刀神GXメイル,
7012,蒼穹・刀神Ｇメイル,
7013,蒼穹・刀神GFメイル,
7014,蒼穹・刀神GXメイル,
7015,白蘭・鈍器獣メイル,
7016,白蘭・鈍器獣Ｆメイル,
7017,白蘭・鈍器獣FXメイル,
7018,紅霞・鈍器獣メイル,
7019,紅霞・鈍器獣Ｆメイル,
7020,紅霞・鈍器獣FXメイル,
7021,白蘭・鈍器獣Ｇメイル,
7022,白蘭・鈍器獣GFメイル,
7023,白蘭・鈍器獣GXメイル,
7024,月夜・鈍器獣Ｇメイル,
7025,月夜・鈍器獣GFメイル,
7026,月夜・鈍器獣GXメイル,
7027,紅霞・鈍器獣Ｇメイル,
7028,紅霞・鈍器獣GFメイル,
7029,紅霞・鈍器獣GXメイル,
7030,蒼穹・鈍器獣Ｇメイル,
7031,蒼穹・鈍器獣GFメイル,
7032,蒼穹・鈍器獣GXメイル,
7033,白蘭・奏帝メイル,
7034,白蘭・奏帝Ｆメイル,
7035,白蘭・奏帝FXメイル,
7036,紅霞・奏帝メイル,
7037,紅霞・奏帝Ｆメイル,
7038,紅霞・奏帝FXメイル,
7039,白蘭・奏帝Ｇメイル,
7040,白蘭・奏帝GFメイル,
7041,白蘭・奏帝GXメイル,
7042,月夜・奏帝Ｇメイル,
7043,月夜・奏帝GFメイル,
7044,月夜・奏帝GXメイル,
7045,紅霞・奏帝Ｇメイル,
7046,紅霞・奏帝GFメイル,
7047,紅霞・奏帝GXメイル,
7048,蒼穹・奏帝Ｇメイル,
7049,蒼穹・奏帝GFメイル,
7050,蒼穹・奏帝GXメイル,
7051,白蘭・天槍メイル,
7052,白蘭・天槍Ｆメイル,
7053,白蘭・天槍FXメイル,
7054,紅霞・天槍メイル,
7055,紅霞・天槍Ｆメイル,
7056,紅霞・天槍FXメイル,
7057,白蘭・天槍Ｇメイル,
7058,白蘭・天槍GFメイル,
7059,白蘭・天槍GXメイル,
7060,月夜・天槍Ｇメイル,
7061,月夜・天槍GFメイル,
7062,月夜・天槍GXメイル,
7063,紅霞・天槍Ｇメイル,
7064,紅霞・天槍GFメイル,
7065,紅霞・天槍GXメイル,
7066,蒼穹・天槍Ｇメイル,
7067,蒼穹・天槍GFメイル,
7068,蒼穹・天槍GXメイル,
7069,白蘭・砲皇メイル,
7070,白蘭・砲皇Ｆメイル,
7071,白蘭・砲皇FXメイル,
7072,紅霞・砲皇メイル,
7073,紅霞・砲皇Ｆメイル,
7074,紅霞・砲皇FXメイル,
7075,白蘭・砲皇Ｇメイル,
7076,白蘭・砲皇GFメイル,
7077,白蘭・砲皇GXメイル,
7078,月夜・砲皇Ｇメイル,
7079,月夜・砲皇GFメイル,
7080,月夜・砲皇GXメイル,
7081,紅霞・砲皇Ｇメイル,
7082,紅霞・砲皇GFメイル,
7083,紅霞・砲皇GXメイル,
7084,蒼穹・砲皇Ｇメイル,
7085,蒼穹・砲皇GFメイル,
7086,蒼穹・砲皇GXメイル,
7087,白蘭・穿凰メイル,
7088,白蘭・穿凰Ｆメイル,
7089,白蘭・穿凰FXメイル,
7090,紅霞・穿凰メイル,
7091,紅霞・穿凰Ｆメイル,
7092,紅霞・穿凰FXメイル,
7093,白蘭・穿凰Ｇメイル,
7094,白蘭・穿凰GFメイル,
7095,白蘭・穿凰GXメイル,
7096,月夜・穿凰Ｇメイル,
7097,月夜・穿凰GFメイル,
7098,月夜・穿凰GXメイル,
7099,紅霞・穿凰Ｇメイル,
7100,紅霞・穿凰GFメイル,
7101,紅霞・穿凰GXメイル,
7102,蒼穹・穿凰Ｇメイル,
7103,蒼穹・穿凰GFメイル,
7104,蒼穹・穿凰GXメイル,
7105,白蘭・銃仙スーツ,
7106,白蘭・銃仙Ｆスーツ,
7107,白蘭・銃仙FXスーツ,
7108,紅霞・銃仙スーツ,
7109,紅霞・銃仙Ｆスーツ,
7110,紅霞・銃仙FXスーツ,
7111,白蘭・銃仙Ｇスーツ,
7112,白蘭・銃仙GFスーツ,
7113,白蘭・銃仙GXスーツ,
7114,月夜・銃仙Ｇスーツ,
7115,月夜・銃仙GFスーツ,
7116,月夜・銃仙GXスーツ,
7117,紅霞・銃仙Ｇスーツ,
7118,紅霞・銃仙GFスーツ,
7119,紅霞・銃仙GXスーツ,
7120,蒼穹・銃仙Ｇスーツ,
7121,蒼穹・銃仙GFスーツ,
7122,蒼穹・銃仙GXスーツ,
7123,白蘭・銃傑スーツ,
7124,白蘭・銃傑Ｆスーツ,
7125,白蘭・銃傑FXスーツ,
7126,紅霞・銃傑スーツ,
7127,紅霞・銃傑Ｆスーツ,
7128,紅霞・銃傑FXスーツ,
7129,白蘭・銃傑Ｇスーツ,
7130,白蘭・銃傑GFスーツ,
7131,白蘭・銃傑GXスーツ,
7132,月夜・銃傑Ｇスーツ,
7133,月夜・銃傑GFスーツ,
7134,月夜・銃傑GXスーツ,
7135,紅霞・銃傑Ｇスーツ,
7136,紅霞・銃傑GFスーツ,
7137,紅霞・銃傑GXスーツ,
7138,蒼穹・銃傑Ｇスーツ,
7139,蒼穹・銃傑GFスーツ,
7140,蒼穹・銃傑GXスーツ,
7141,白蘭・弓鬼スーツ,
7142,白蘭・弓鬼Ｆスーツ,
7143,白蘭・弓鬼FXスーツ,
7144,紅霞・弓鬼スーツ,
7145,紅霞・弓鬼Ｆスーツ,
7146,紅霞・弓鬼FXスーツ,
7147,白蘭・弓鬼Ｇスーツ,
7148,白蘭・弓鬼GFスーツ,
7149,白蘭・弓鬼GXスーツ,
7150,月夜・弓鬼Ｇスーツ,
7151,月夜・弓鬼GFスーツ,
7152,月夜・弓鬼GXスーツ,
7153,紅霞・弓鬼Ｇスーツ,
7154,紅霞・弓鬼GFスーツ,
7155,紅霞・弓鬼GXスーツ,
7156,蒼穹・弓鬼Ｇスーツ,
7157,蒼穹・弓鬼GFスーツ,
7158,蒼穹・弓鬼GXスーツ,
7159,飛天ノ羽織・白,
7160,飛天ノ羽織Ｆ・白,
7161,飛天ノ羽織FZ・白,
7162,飛天ノ羽織HS・白,
7163,飛天ノ羽織GS・白,
7164,飛天ノ羽織GP・白,
7165,飛天ノ装束・白,
7166,飛天ノ装束Ｆ・白,
7167,飛天ノ装束FZ・白,
7168,飛天ノ装束HS・白,
7169,飛天ノ装束GS・白,
7170,飛天ノ装束GP・白,
7171,飛天ノ羽織・赤,
7172,飛天ノ羽織Ｆ・赤,
7173,飛天ノ羽織FZ・赤,
7174,飛天ノ羽織HS・赤,
7175,飛天ノ羽織GS・赤,
7176,飛天ノ羽織GP・赤,
7177,飛天ノ装束・赤,
7178,飛天ノ装束Ｆ・赤,
7179,飛天ノ装束FZ・赤,
7180,飛天ノ装束HS・赤,
7181,飛天ノ装束GS・赤,
7182,飛天ノ装束GP・赤,
7183,飛天ノ羽織・茶,
7184,飛天ノ羽織Ｆ・茶,
7185,飛天ノ羽織FZ・茶,
7186,飛天ノ羽織HS・茶,
7187,飛天ノ羽織GS・茶,
7188,飛天ノ羽織GP・茶,
7189,飛天ノ装束・茶,
7190,飛天ノ装束Ｆ・茶,
7191,飛天ノ装束FZ・茶,
7192,飛天ノ装束HS・茶,
7193,飛天ノ装束GS・茶,
7194,飛天ノ装束GP・茶,
7195,飛天ノ羽織・青,
7196,飛天ノ羽織Ｆ・青,
7197,飛天ノ羽織FZ・青,
7198,飛天ノ羽織HS・青,
7199,飛天ノ羽織GS・青,
7200,飛天ノ羽織GP・青,
7201,飛天ノ装束・青,
7202,飛天ノ装束Ｆ・青,
7203,飛天ノ装束FZ・青,
7204,飛天ノ装束HS・青,
7205,飛天ノ装束GS・青,
7206,飛天ノ装束GP・青,
7207,ナーガベスト・青,Gilet Naga bleu
7208,ナーガＦベスト・青,Gilet Naga F bleu
7209,ナーガFZベスト・青,Gilet Naga FZ bleu
7210,ナーガHSベスト・青,Gilet Naga HS bleu
7211,ナーガGSベスト・青,Gilet Naga GS bleu
7212,ナーガGPベスト・青,Gilet Naga GP bleu
7213,ナーガスーツ・青,Combinaison Naga bleue
7214,ナーガＦスーツ・青,Combinaison Naga F bleue
7215,ナーガFZスーツ・青,Combinaison Naga FZ bleue
7216,ナーガHSスーツ・青,Combinaison Naga HS bleue
7217,ナーガGSスーツ・青,Combinaison Naga GS bleue
7218,ナーガGPスーツ・青,Combinaison Naga GP bleue
7219,ナーガベスト・赤,Gilet Naga rouge
7220,ナーガＦベスト・赤,Gilet Naga F rouge
7221,ナーガFZベスト・赤,Gilet Naga FZ rouge
7222,ナーガHSベスト・赤,Gilet Naga HS rouge
7223,ナーガGSベスト・赤,Gilet Naga GS rouge
7224,ナーガGPベスト・赤,Gilet Naga GP rouge
7225,ナーガスーツ・赤,Combinaison Naga rouge
7226,ナーガＦスーツ・赤,Combinaison Naga F rouge
7227,ナーガFZスーツ・赤,Combinaison Naga FZ rouge
7228,ナーガHSスーツ・赤,Combinaison Naga HS rouge
7229,ナーガGSスーツ・赤,Combinaison Naga GS rouge
7230,ナーガGPスーツ・赤,Combinaison Naga GP rouge
7231,ナーガベスト・白,Gilet Naga blanc
7232,ナーガＦベスト・白,Gilet Naga F blanc
7233,ナーガFZベスト・白,Gilet Naga FZ blanc
7234,ナーガHSベスト・白,Gilet Naga HS blanc
7235,ナーガGSベスト・白,Gilet Naga GS blanc
7236,ナーガGPベスト・白,Gilet Naga GP blanc
7237,ナーガスーツ・白,Combinaison Naga blanche
7238,ナーガＦスーツ・白,Combinaison Naga F blanche
7239,ナーガFZスーツ・白,Combinaison Naga FZ blanche
7240,ナーガHSスーツ・白,Combinaison Naga HS blanche
7241,ナーガGSスーツ・白,Combinaison Naga GS blanche
7242,ナーガGPスーツ・白,Combinaison Naga GP blanche
7243,ナーガベスト・黒,Gilet Naga noir
7244,ナーガＦベスト・黒,Gilet Naga F noir
7245,ナーガFZベスト・黒,Gilet Naga FZ noir
7246,ナーガHSベスト・黒,Gilet Naga HS noir
7247,ナーガGSベスト・黒,Gilet Naga GS noir
7248,ナーガGPベスト・黒,Gilet Naga GP noir
7249,ナーガスーツ・黒,Combinaison Naga noire
7250,ナーガＦスーツ・黒,Combinaison Naga F noire
7251,ナーガFZスーツ・黒,Combinaison Naga FZ noire
7252,ナーガHSスーツ・黒,Combinaison Naga HS noire
7253,ナーガGSスーツ・黒,Combinaison Naga GS noire
7254,ナーガGPスーツ・黒,Combinaison Naga GP noire
7255,曙光ノ羽織,
7256,曙光ノ羽織・Ｆ,
7257,曙光ノ羽織・FZ,
7258,曙光ノ羽織・HS,
7259,曙光ノ羽織・GS,
7260,曙光ノ羽織・GP,
7261,曙光ノ装束,
7262,曙光ノ装束・Ｆ,
7263,曙光ノ装束・FZ,
7264,曙光ノ装束・HS,
7265,曙光ノ装束・GS,
7266,曙光ノ装束・GP,
7267,ズィベイムスケル,
7268,ズィベイＦムスケル,
7269,ズィベイFZムスケル,
7270,ズィベイHSムスケル,
7271,ズィベイGSムスケル,
7272,ズィベイGPムスケル,
7273,ズィベイケミュート,
7274,ズィベイＦケミュート,
7275,ズィベイFZケミュート,
7276,ズィベイHSケミュート,
7277,ズィベイGSケミュート,
7278,ズィベイGPケミュート,
7279,オユンメイル・青,Cotte Oyun bleue
7280,オユンＦメイル・青,Cotte Oyun F bleue
7281,オユンFZメイル・青,Cotte Oyun FZ bleue
7282,オユンHSメイル・青,Cotte Oyun HS bleue
7283,オユンGSメイル・青,Cotte Oyun GS bleue
7284,オユンGPメイル・青,Cotte Oyun GP bleue
7285,オユンレジスト・青,Veste Oyun bleue
7286,オユンＦレジスト・青,Veste Oyun F bleue
7287,オユンFZレジスト・青,Veste Oyun FZ bleue
7288,オユンHSレジスト・青,Veste Oyun HS bleue
7289,オユンGSレジスト・青,Veste Oyun GS bleue
7290,オユンGPレジスト・青,Veste Oyun GP bleue
7291,オユンメイル・赤,Cotte Oyun rouge
7292,オユンＦメイル・赤,Cotte Oyun F rouge
7293,オユンFZメイル・赤,Cotte Oyun FZ rouge
7294,オユンHSメイル・赤,Cotte Oyun HS rouge
7295,オユンGSメイル・赤,Cotte Oyun GS rouge
7296,オユンGPメイル・赤,Cotte Oyun GP rouge
7297,オユンレジスト・赤,Veste Oyun rouge
7298,オユンＦレジスト・赤,Veste Oyun F rouge
7299,オユンFZレジスト・赤,Veste Oyun FZ rouge
7300,オユンHSレジスト・赤,Veste Oyun HS rouge
7301,オユンGSレジスト・赤,Veste Oyun GS rouge
7302,オユンGPレジスト・赤,Veste Oyun GP rouge
7303,オユンメイル・黒,Cotte Oyun noire
7304,オユンＦメイル・黒,Cotte Oyun F noire
7305,オユンFZメイル・黒,Cotte Oyun FZ noire
7306,オユンHSメイル・黒,Cotte Oyun HS noire
7307,オユンGSメイル・黒,Cotte Oyun GS noire
7308,オユンGPメイル・黒,Cotte Oyun GP noire
7309,オユンレジスト・黒,Veste Oyun noire
7310,オユンＦレジスト・黒,Veste Oyun F noire
7311,オユンFZレジスト・黒,Veste Oyun FZ noire
7312,オユンHSレジスト・黒,Veste Oyun HS noire
7313,オユンGSレジスト・黒,Veste Oyun GS noire
7314,オユンGPレジスト・黒,Veste Oyun GP noire
7315,オユンメイル・白,Cotte Oyun blanche
7316,オユンＦメイル・白,Cotte Oyun F blanche
7317,オユンFZメイル・白,Cotte Oyun FZ blanche
7318,オユンHSメイル・白,Cotte Oyun HS blanche
7319,オユンGSメイル・白,Cotte Oyun GS blanche
7320,オユンGPメイル・白,Cotte Oyun GP blanche
7321,オユンレジスト・白,Veste Oyun blanche
7322,オユンＦレジスト・白,Veste Oyun F blanche
7323,オユンFZレジスト・白,Veste Oyun FZ blanche
7324,オユンHSレジスト・白,Veste Oyun HS blanche
7325,オユンGSレジスト・白,Veste Oyun GS blanche
7326,オユンGPレジスト・白,Veste Oyun GP blanche
7327,アッシュベスト・赤,Gilet Cendre rouge
7328,アッシュＦベスト・赤,Gilet Cendre F rouge
7329,アッシュFZベスト・赤,Gilet Cendre FZ rouge
7330,アッシュHSベスト・赤,Gilet Cendre HS rouge
7331,アッシュGSベスト・赤,Gilet Cendre GS rouge
7332,アッシュGPベスト・赤,Gilet Cendre GP rouge
7333,アッシュスーツ・赤,Combinaison Cendre rouge
7334,アッシュＦスーツ・赤,Combinaison Cendre F rouge
7335,アッシュFZスーツ・赤,Combinaison Cendre FZ rouge
7336,アッシュHSスーツ・赤,Combinaison Cendre HS rouge
7337,アッシュGSスーツ・赤,Combinaison Cendre GS rouge
7338,アッシュGPスーツ・赤,Combinaison Cendre GP rouge
7339,アッシュベスト・青,Gilet Cendre bleu
7340,アッシュＦベスト・青,Gilet Cendre F bleu
7341,アッシュFZベスト・青,Gilet Cendre FZ bleu
7342,アッシュHSベスト・青,Gilet Cendre HS bleu
7343,アッシュGSベスト・青,Gilet Cendre GS bleu
7344,アッシュGPベスト・青,Gilet Cendre GP bleu
7345,アッシュスーツ・青,Combinaison Cendre bleue
7346,アッシュＦスーツ・青,Combinaison Cendre F bleue
7347,アッシュFZスーツ・青,Combinaison Cendre FZ bleue
7348,アッシュHSスーツ・青,Combinaison Cendre HS bleue
7349,アッシュGSスーツ・青,Combinaison Cendre GS bleue
7350,アッシュGPスーツ・青,Combinaison Cendre GP bleue
7351,アッシュベスト・白,Gilet Cendre blanc
7352,アッシュＦベスト・白,Gilet Cendre F blanc
7353,アッシュFZベスト・白,Gilet Cendre FZ blanc
7354,アッシュHSベスト・白,Gilet Cendre HS blanc
7355,アッシュGSベスト・白,Gilet Cendre GS blanc
7356,アッシュGPベスト・白,Gilet Cendre GP blanc
7357,アッシュスーツ・白,Combinaison Cendre blanche
7358,アッシュＦスーツ・白,Combinaison Cendre F blanche
7359,アッシュFZスーツ・白,Combinaison Cendre FZ blanche
7360,アッシュHSスーツ・白,Combinaison Cendre HS blanche
7361,アッシュGSスーツ・白,Combinaison Cendre GS blanche
7362,アッシュGPスーツ・白,Combinaison Cendre GP blanche
7363,アッシュベスト・黒,Gilet Cendre noir
7364,アッシュＦベスト・黒,Gilet Cendre F noir
7365,アッシュFZベスト・黒,Gilet Cendre FZ noir
7366,アッシュHSベスト・黒,Gilet Cendre HS noir
7367,アッシュGSベスト・黒,Gilet Cendre GS noir
7368,アッシュGPベスト・黒,Gilet Cendre GP noir
7369,アッシュスーツ・黒,Combinaison Cendre noire
7370,アッシュＦスーツ・黒,Combinaison Cendre F noire
7371,アッシュFZスーツ・黒,Combinaison Cendre FZ noire
7372,アッシュHSスーツ・黒,Combinaison Cendre HS noire
7373,アッシュGSスーツ・黒,Combinaison Cendre GS noire
7374,アッシュGPスーツ・黒,Combinaison Cendre GP noire
7375,ピスティスGPベスト,Gilet Pistis GP
7376,ピスティスGPスーツ,Combinaison Pistis GP
7377,ブリンクHSスーツ,
7378,ブリンクGSスーツ,
7379,ブリンクGPスーツ,
7380,ブリンクHSベスト,
7381,ブリンクGSベスト,
7382,ブリンクGPベスト,
7383,オービスGPブレスト,
7384,オービスGPスーツ,Combinaison Ukon GP
7385,ロットGPブレスト,
7386,ロットGPスーツ,
7387,アージェHSベスト,Gilet Arge HS
7388,アージェGSベスト,Gilet Arge GS
7389,アージェGPベスト,Gilet Arge GP
7390,アージェHSスーツ,Combinaison Arge HS
7391,アージェGSスーツ,Combinaison Arge GS
7392,アージェGPスーツ,Combinaison Arge GP
7393,カマレラHSベスト,Gilet Camarera HS
7394,カマレラGSベスト,Gilet Camarera GS
7395,カマレラGPベスト,Gilet Camarera GP
7396,カマレラHSスーツ,Combinaison Camarera HS
7397,カマレラGSスーツ,Combinaison Camarera GS
7398,カマレラGPスーツ,Combinaison Camarera GP
7399,メテネラHSベスト,Gilet Metenera HS
7400,メテネラGSベスト,Gilet Metenera GS
7401,メテネラGPベスト,Gilet Metenera GP
7402,メテネラHSスーツ,Combinaison Metenera HS
7403,メテネラGSスーツ,Combinaison Metenera GS
7404,メテネラGPスーツ,Combinaison Metenera GP
7405,アビットHSベスト,Gilet Abitto HS
7406,アビットGSベスト,Gilet Abitto GS
7407,アビットGPベスト,Gilet Abitto GP
7408,アビットHSスーツ,Combinaison Abitto HS
7409,アビットGSスーツ,Combinaison Abitto GS
7410,アビットGPスーツ,Combinaison Abitto GP
7411,リブリーHSベスト,Gilet Riburi HS
7412,リブリーGSベスト,Gilet Riburi GS
7413,リブリーGPベスト,Gilet Riburi GP
7414,リブリーHSスーツ,Combinaison Riburi HS
7415,リブリーGSスーツ,Combinaison Riburi GS
7416,リブリーGPスーツ,Combinaison Riburi GP
7417,ジェスＧメイル,Cotte Jess G
7418,ジェスGFメイル,Cotte Jess GF
7419,ジェスGXメイル,Cotte Jess GX
7420,ジェスＧレジスト,Veste Jess G
7421,ジェスGFレジスト,Veste Jess GF
7422,ジェスGXレジスト,Veste Jess GX
7423,タングスＧメイル,Cotte Tangusu G
7424,タングスGFメイル,Cotte Tangusu GF
7425,タングスGXメイル,Cotte Tangusu GX
7426,コバルタＧレジスト,Veste Kobaruta G
7427,コバルタGFレジスト,Veste Kobaruta GF
7428,コバルタGXレジスト,Veste Kobaruta GX
7429,ブレオＧジャケット,
7430,ブレオGFジャケット,
7431,ブレオGXジャケット,
7432,ハロキュレジスト,Veste Harokyu
7433,ハロキュＦレジスト,Veste Harokyu F
7434,ハロキュFYレジスト,Veste Harokyu FY
7435,ハロキュHSレジスト,Veste Harokyu HS
7436,ハロキュＧレジスト,Veste Harokyu G
7437,ハロキュGFレジスト,Veste Harokyu GF
7438,ハロキュGXレジスト,Veste Harokyu GX
7439,ブルックベスト,Gilet Burukku
7440,ブルックＦベスト,Gilet Burukku F
7441,ブルックFYベスト,Gilet Burukku FY
7442,ブルックHSベスト,Gilet Burukku HS
7443,ブルックＧベスト,Gilet Burukku G
7444,ブルックGFベスト,Gilet Burukku GF
7445,ブルックGXベスト,Gilet Burukku GX
7446,ブルックスーツ,Combinaison Burukku
7447,ブルックＦスーツ,Combinaison Burukku F
7448,ブルックFYスーツ,Combinaison Burukku FY
7449,ブルックHSスーツ,Combinaison Burukku HS
7450,ブルックＧスーツ,Combinaison Burukku G
7451,ブルックGFスーツ,Combinaison Burukku GF
7452,ブルックGXスーツ,Combinaison Burukku GX
7453,淡桜【羽織】,
7454,淡桜Ｆ【羽織】,
7455,淡桜FY【羽織】,
7456,淡桜HS【羽織】,
7457,淡桜Ｇ【羽織】,
7458,淡桜GF【羽織】,
7459,淡桜GX【羽織】,
7460,桜雲【羽織】,
7461,桜雲Ｆ【羽織】,
7462,桜雲FY【羽織】,
7463,桜雲HS【羽織】,
7464,桜雲Ｇ【羽織】,
7465,桜雲GF【羽織】,
7466,桜雲GX【羽織】,
7467,キニオルメイル,Cotte Kinioru
7468,キニオルＦメイル,Cotte Kinioru F
7469,キニオルFYメイル,Cotte Kinioru FY
7470,キニオルHSメイル,Cotte Kinioru HS
7471,キニオルＧメイル,Cotte Kinioru G
7472,キニオルGFメイル,Cotte Kinioru GF
7473,キニオルGXメイル,Cotte Kinioru GX
7474,キニオルレジスト,Veste Kinioru
7475,キニオルＦレジスト,Veste Kinioru F
7476,キニオルFYレジスト,Veste Kinioru FY
7477,キニオルHSレジスト,Veste Kinioru HS
7478,キニオルＧレジスト,Veste Kinioru G
7479,キニオルGFレジスト,Veste Kinioru GF
7480,キニオルGXレジスト,Veste Kinioru GX
7481,カイオルメイル,Cotte Kaioru
7482,カイオルＦメイル,Cotte Kaioru F
7483,カイオルFYメイル,Cotte Kaioru FY
7484,カイオルHSメイル,Cotte Kaioru HS
7485,カイオルＧメイル,Cotte Kaioru G
7486,カイオルGFメイル,Cotte Kaioru GF
7487,カイオルGXメイル,Cotte Kaioru GX
7488,カイオルレジスト,Veste Kaioru
7489,カイオルＦレジスト,Veste Kaioru F
7490,カイオルFYレジスト,Veste Kaioru FY
7491,カイオルHSレジスト,Veste Kaioru HS
7492,カイオルＧレジスト,Veste Kaioru G
7493,カイオルGFレジスト,Veste Kaioru GF
7494,カイオルGXレジスト,Veste Kaioru GX
7495,ユーリスメイル,Cotte Yurisu
7496,ユーリスＦメイル,Cotte Yurisu F
7497,ユーリスFYメイル,Cotte Yurisu FY
7498,ユーリスHSメイル,Cotte Yurisu HS
7499,ユーリスＧメイル,Cotte Yurisu G
7500,ユーリスGFメイル,Cotte Yurisu GF
7501,ユーリスGXメイル,Cotte Yurisu GX
7502,ユーリスレジスト,Veste Yurisu
7503,ユーリスＦレジスト,Veste Yurisu F
7504,ユーリスFYレジスト,Veste Yurisu FY
7505,ユーリスHSレジスト,Veste Yurisu HS
7506,ユーリスＧレジスト,Veste Yurisu G
7507,ユーリスGFレジスト,Veste Yurisu GF
7508,ユーリスGXレジスト,Veste Yurisu GX
7509,デゾルトメイル,Cotte Desordre
7510,デゾルトＦメイル,Cotte Desordre F
7511,デゾルトFYメイル,Cotte Desordre FY
7512,デゾルトHSメイル,Cotte Desordre HS
7513,デゾルトＧメイル,Cotte Desordre G
7514,デゾルトGFメイル,Cotte Desordre GF
7515,デゾルトGXメイル,Cotte Desordre GX
7516,デゾルトレジスト,Veste Desordre
7517,デゾルトＦレジスト,Veste Desordre F
7518,デゾルトFYレジスト,Veste Desordre FY
7519,デゾルトHSレジスト,Veste Desordre HS
7520,デゾルトＧレジスト,Veste Desordre G
7521,デゾルトGFレジスト,Veste Desordre GF
7522,デゾルトGXレジスト,Veste Desordre GX
7523,カーマインコート黒,Manteau Carmin noir
7524,カーマインＦコート黒,Manteau Carmin F noir
7525,カーマインFZコート黒,Manteau Carmin FZ noir
7526,カーマインHSコート黒,Manteau Carmin HS noir
7527,カーマインGSコート黒,Manteau Carmin GS noir
7528,カーマインGPコート黒,Manteau Carmin GP noir
7529,カーマインスーツ黒,Combinaison Carmin noire
7530,カーマインＦスーツ黒,Combinaison Carmin F noire
7531,カーマインFZスーツ黒,Combinaison Carmin FZ noire
7532,カーマインHSスーツ黒,Combinaison Carmin HS noire
7533,カーマインGSスーツ黒,Combinaison Carmin GS noire
7534,カーマインGPスーツ黒,Combinaison Carmin GP noire
7535,カーマインコート青,Manteau Carmin bleu
7536,カーマインＦコート青,Manteau Carmin F bleu
7537,カーマインFZコート青,Manteau Carmin FZ bleu
7538,カーマインHSコート青,Manteau Carmin HS bleu
7539,カーマインGSコート青,Manteau Carmin GS bleu
7540,カーマインGPコート青,Manteau Carmin GP bleu
7541,カーマインスーツ青,Combinaison Carmin bleue
7542,カーマインＦスーツ青,Combinaison Carmin F bleue
7543,カーマインFZスーツ青,Combinaison Carmin FZ bleue
7544,カーマインHSスーツ青,Combinaison Carmin HS bleue
7545,カーマインGSスーツ青,Combinaison Carmin GS bleue
7546,カーマインGPスーツ青,Combinaison Carmin GP bleue
7547,カーマインコート紫,Manteau Carmin violet
7548,カーマインＦコート紫,Manteau Carmin F violet
7549,カーマインFZコート紫,Manteau Carmin FZ violet
7550,カーマインHSコート紫,Manteau Carmin HS violet
7551,カーマインGSコート紫,Manteau Carmin GS violet
7552,カーマインGPコート紫,Manteau Carmin GP violet
7553,カーマインスーツ紫,Combinaison Carmin violette
7554,カーマインＦスーツ紫,Combinaison Carmin F violette
7555,カーマインFZスーツ紫,Combinaison Carmin FZ violette
7556,カーマインHSスーツ紫,Combinaison Carmin HS violette
7557,カーマインGSスーツ紫,Combinaison Carmin GS violette
7558,カーマインGPスーツ紫,Combinaison Carmin GP violette
7559,カーマインコート白,Manteau Carmin blanc
7560,カーマインＦコート白,Manteau Carmin F blanc
7561,カーマインFZコート白,Manteau Carmin FZ blanc
7562,カーマインHSコート白,Manteau Carmin HS blanc
7563,カーマインGSコート白,Manteau Carmin GS blanc
7564,カーマインGPコート白,Manteau Carmin GP blanc
7565,カーマインスーツ白,Combinaison Carmin blanche
7566,カーマインＦスーツ白,Combinaison Carmin F blanche
7567,カーマインFZスーツ白,Combinaison Carmin FZ blanche
7568,カーマインHSスーツ白,Combinaison Carmin HS blanche
7569,カーマインGSスーツ白,Combinaison Carmin GS blanche
7570,カーマインGPスーツ白,Combinaison Carmin GP blanche
7571,リュウベスト・赤,Gilet Ryu rouge
7572,リュウＦベスト・赤,Gilet Ryu F rouge
7573,リュウFZベスト・赤,Gilet Ryu FZ rouge
7574,リュウHSベスト・赤,Gilet Ryu HS rouge
7575,リュウGSベスト・赤,Gilet Ryu GS rouge
7576,リュウGPベスト・赤,Gilet Ryu GP rouge
7577,リュウレジスト・赤,Veste Ryu rouge
7578,リュウＦレジスト・赤,Veste Ryu F rouge
7579,リュウFZレジスト・赤,Veste Ryu FZ rouge
7580,リュウHSレジスト・赤,Veste Ryu HS rouge
7581,リュウGSレジスト・赤,Veste Ryu GS rouge
7582,リュウGPレジスト・赤,Veste Ryu GP rouge
7583,リュウベスト・青,Gilet Ryu bleu
7584,リュウＦベスト・青,Gilet Ryu F bleu
7585,リュウFZベスト・青,Gilet Ryu FZ bleu
7586,リュウHSベスト・青,Gilet Ryu HS bleu
7587,リュウGSベスト・青,Gilet Ryu GS bleu
7588,リュウGPベスト・青,Gilet Ryu GP bleu
7589,リュウレジスト・青,Veste Ryu bleue
7590,リュウＦレジスト・青,Veste Ryu F bleue
7591,リュウFZレジスト・青,Veste Ryu FZ bleue
7592,リュウHSレジスト・青,Veste Ryu HS bleue
7593,リュウGSレジスト・青,Veste Ryu GS bleue
7594,リュウGPレジスト・青,Veste Ryu GP bleue
7595,リュウベスト・橙,Gilet Ryu orange
7596,リュウＦベスト・橙,Gilet Ryu F orange
7597,リュウFZベスト・橙,Gilet Ryu FZ orange
7598,リュウHSベスト・橙,Gilet Ryu HS orange
7599,リュウGSベスト・橙,Gilet Ryu GS orange
7600,リュウGPベスト・橙,Gilet Ryu GP orange
7601,リュウレジスト・橙,Veste Ryu orange
7602,リュウＦレジスト・橙,Veste Ryu F orange
7603,リュウFZレジスト・橙,Veste Ryu FZ orange
7604,リュウHSレジスト・橙,Veste Ryu HS orange
7605,リュウGSレジスト・橙,Veste Ryu GS orange
7606,リュウGPレジスト・橙,Veste Ryu GP orange
7607,リュウベスト・黄,Gilet Ryu jaune
7608,リュウＦベスト・黄,Gilet Ryu F jaune
7609,リュウFZベスト・黄,Gilet Ryu FZ jaune
7610,リュウHSベスト・黄,Gilet Ryu HS jaune
7611,リュウGSベスト・黄,Gilet Ryu GS jaune
7612,リュウGPベスト・黄,Gilet Ryu GP jaune
7613,リュウレジスト・黄,Veste Ryu jaune
7614,リュウＦレジスト・黄,Veste Ryu F jaune
7615,リュウFZレジスト・黄,Veste Ryu FZ jaune
7616,リュウHSレジスト・黄,Veste Ryu HS jaune
7617,リュウGSレジスト・黄,Veste Ryu GS jaune
7618,リュウGPレジスト・黄,Veste Ryu GP jaune
7619,キャリッジベスト,Gilet Carrosse
7620,キャリッジＦベスト,Gilet Carrosse F
7621,キャリッジFZベスト,Gilet Carrosse FZ
7622,キャリッジHSベスト,Gilet Carrosse HS
7623,キャリッジGSベスト,Gilet Carrosse GS
7624,キャリッジGPベスト,Gilet Carrosse GP
7625,マーブルベスト,Gilet Marbre
7626,マーブルＦベスト,Gilet Marbre F
7627,マーブルFZベスト,Gilet Marbre FZ
7628,マーブルHSベスト,Gilet Marbre HS
7629,マーブルGSベスト,Gilet Marbre GS
7630,マーブルGPベスト,Gilet Marbre GP
7631,シャンディベスト,
7632,シャンディＦベスト,
7633,シャンディFZベスト,
7634,シャンディHSベスト,
7635,シャンディGSベスト,
7636,シャンディGPベスト,
7637,シャンディスーツ,
7638,シャンディＦスーツ,
7639,シャンディFZスーツ,
7640,シャンディHSスーツ,
7641,シャンディGSスーツ,
7642,シャンディGPスーツ,
7643,バンケットベスト,
7644,バンケットＦベスト,
7645,バンケットFZベスト,
7646,バンケットHSベスト,
7647,バンケットGSベスト,
7648,バンケットGPベスト,
7649,ヴェランメイル,
7650,ヴェランＦメイル,
7651,ヴェランFZメイル,
7652,ヴェランHSメイル,
7653,ヴェランGSメイル,
7654,ヴェランGPメイル,
7655,ランデグメイル,
7656,ランデグＦメイル,
7657,ランデグFZメイル,
7658,ランデグHSメイル,
7659,ランデグGSメイル,
7660,ランデグGPメイル,
7661,ランデグスーツ,
7662,ランデグＦスーツ,
7663,ランデグFZスーツ,
7664,ランデグHSスーツ,
7665,ランデグGSスーツ,
7666,ランデグGPスーツ,
7667,エンドレメイル,Cotte Endre
7668,エンドレＦメイル,Cotte Endre F
7669,エンドレFZメイル,Cotte Endre FZ
7670,エンドレHSメイル,Cotte Endre HS
7671,エンドレGSメイル,Cotte Endre GS
7672,エンドレGPメイル,Cotte Endre GP
7673,エンドレスーツ,Combinaison Endre
7674,エンドレＦスーツ,Combinaison Endre F
7675,エンドレFZスーツ,Combinaison Endre FZ
7676,エンドレHSスーツ,Combinaison Endre HS
7677,エンドレGSスーツ,Combinaison Endre GS
7678,エンドレGPスーツ,Combinaison Endre GP
7679,サジタリオコート赤,Manteau Sagittaire rouge
7680,サジタリオＦコート赤,Manteau Sagittaire F rouge
7681,サジタリオFZコート赤,Manteau Sagittaire FZ rouge
7682,サジタリオHSコート赤,Manteau Sagittaire HS rouge
7683,サジタリオGSコート赤,Manteau Sagittaire GS rouge
7684,サジタリオGPコート赤,Manteau Sagittaire GP rouge
7685,サジタリオスーツ赤,Combinaison Sagittaire rouge
7686,サジタリオＦスーツ赤,Combinaison Sagittaire F rouge
7687,サジタリオFZスーツ赤,Combinaison Sagittaire FZ rouge
7688,サジタリオHSスーツ赤,Combinaison Sagittaire HS rouge
7689,サジタリオGSスーツ赤,Combinaison Sagittaire GS rouge
7690,サジタリオGPスーツ赤,Combinaison Sagittaire GP rouge
7691,サジタリオコート青,Manteau Sagittaire bleu
7692,サジタリオＦコート青,Manteau Sagittaire F bleu
7693,サジタリオFZコート青,Manteau Sagittaire FZ bleu
7694,サジタリオHSコート青,Manteau Sagittaire HS bleu
7695,サジタリオGSコート青,Manteau Sagittaire GS bleu
7696,サジタリオGPコート青,Manteau Sagittaire GP bleu
7697,サジタリオスーツ青,Combinaison Sagittaire bleue
7698,サジタリオＦスーツ青,Combinaison Sagittaire F bleue
7699,サジタリオFZスーツ青,Combinaison Sagittaire FZ bleue
7700,サジタリオHSスーツ青,Combinaison Sagittaire HS bleue
7701,サジタリオGSスーツ青,Combinaison Sagittaire GS bleue
7702,サジタリオGPスーツ青,Combinaison Sagittaire GP bleue
7703,サジタリオコート紫,Manteau Sagittaire violet
7704,サジタリオＦコート紫,Manteau Sagittaire F violet
7705,サジタリオFZコート紫,Manteau Sagittaire FZ violet
7706,サジタリオHSコート紫,Manteau Sagittaire HS violet
7707,サジタリオGSコート紫,Manteau Sagittaire GS violet
7708,サジタリオGPコート紫,Manteau Sagittaire GP violet
7709,サジタリオスーツ紫,Combinaison Sagittaire violette
7710,サジタリオＦスーツ紫,Combinaison Sagittaire F violette
7711,サジタリオFZスーツ紫,Combinaison Sagittaire FZ violette
7712,サジタリオHSスーツ紫,Combinaison Sagittaire HS violette
7713,サジタリオGSスーツ紫,Combinaison Sagittaire GS violette
7714,サジタリオGPスーツ紫,Combinaison Sagittaire GP violette
7715,サジタリオコート緑,Manteau Sagittaire vert
7716,サジタリオＦコート緑,Manteau Sagittaire F vert
7717,サジタリオFZコート緑,Manteau Sagittaire FZ vert
7718,サジタリオHSコート緑,Manteau Sagittaire HS vert
7719,サジタリオGSコート緑,Manteau Sagittaire GS vert
7720,サジタリオGPコート緑,Manteau Sagittaire GP vert
7721,サジタリオスーツ緑,Combinaison Sagittaire verte
7722,サジタリオＦスーツ緑,Combinaison Sagittaire F verte
7723,サジタリオFZスーツ緑,Combinaison Sagittaire FZ verte
7724,サジタリオHSスーツ緑,Combinaison Sagittaire HS verte
7725,サジタリオGSスーツ緑,Combinaison Sagittaire GS verte
7726,サジタリオGPスーツ緑,Combinaison Sagittaire GP verte
7727,ニーナベスト・赤,Gilet Nina rouge
7728,ニーナＦベスト・赤,Gilet Nina F rouge
7729,ニーナFZベスト・赤,Gilet Nina FZ rouge
7730,ニーナHSベスト・赤,Gilet Nina HS rouge
7731,ニーナGSベスト・赤,Gilet Nina GS rouge
7732,ニーナGPベスト・赤,Gilet Nina GP rouge
7733,ニーナレジスト・赤,Veste Nina rouge
7734,ニーナＦレジスト・赤,Veste Nina F rouge
7735,ニーナFZレジスト・赤,Veste Nina FZ rouge
7736,ニーナHSレジスト・赤,Veste Nina HS rouge
7737,ニーナGSレジスト・赤,Veste Nina GS rouge
7738,ニーナGPレジスト・赤,Veste Nina GP rouge
7739,ニーナベスト・緑,Gilet Nina vert
7740,ニーナＦベスト・緑,Gilet Nina F vert
7741,ニーナFZベスト・緑,Gilet Nina FZ vert
7742,ニーナHSベスト・緑,Gilet Nina HS vert
7743,ニーナGSベスト・緑,Gilet Nina GS vert
7744,ニーナGPベスト・緑,Gilet Nina GP vert
7745,ニーナレジスト・緑,Veste Nina verte
7746,ニーナＦレジスト・緑,Veste Nina F verte
7747,ニーナFZレジスト・緑,Veste Nina FZ verte
7748,ニーナHSレジスト・緑,Veste Nina HS verte
7749,ニーナGSレジスト・緑,Veste Nina GS verte
7750,ニーナGPレジスト・緑,Veste Nina GP verte
7751,ニーナベスト・桃,Gilet Nina rose
7752,ニーナＦベスト・桃,Gilet Nina F rose
7753,ニーナFZベスト・桃,Gilet Nina FZ rose
7754,ニーナHSベスト・桃,Gilet Nina HS rose
7755,ニーナGSベスト・桃,Gilet Nina GS rose
7756,ニーナGPベスト・桃,Gilet Nina GP rose
7757,ニーナレジスト・桃,Veste Nina rose
7758,ニーナＦレジスト・桃,Veste Nina F rose
7759,ニーナFZレジスト・桃,Veste Nina FZ rose
7760,ニーナHSレジスト・桃,Veste Nina HS rose
7761,ニーナGSレジスト・桃,Veste Nina GS rose
7762,ニーナGPレジスト・桃,Veste Nina GP rose
7763,ニーナベスト・青,Gilet Nina bleu
7764,ニーナＦベスト・青,Gilet Nina F bleu
7765,ニーナFZベスト・青,Gilet Nina FZ bleu
7766,ニーナHSベスト・青,Gilet Nina HS bleu
7767,ニーナGSベスト・青,Gilet Nina GS bleu
7768,ニーナGPベスト・青,Gilet Nina GP bleu
7769,ニーナレジスト・青,Veste Nina bleue
7770,ニーナＦレジスト・青,Veste Nina F bleue
7771,ニーナFZレジスト・青,Veste Nina FZ bleue
7772,ニーナHSレジスト・青,Veste Nina HS bleue
7773,ニーナGSレジスト・青,Veste Nina GS bleue
7774,ニーナGPレジスト・青,Veste Nina GP bleue
7775,ハーゼスーツ,Combinaison Harze
7776,ハーゼＦスーツ,Combinaison Harze F
7777,ハーゼFZスーツ,Combinaison Harze FZ
7778,ハーゼHSスーツ,Combinaison Harze HS
7779,ハーゼGSスーツ,Combinaison Harze GS
7780,ハーゼGPスーツ,Combinaison Harze GP
7781,ハーゼベスト,Gilet Harze
7782,ハーゼＦベスト,Gilet Harze F
7783,ハーゼFZベスト,Gilet Harze FZ
7784,ハーゼHSベスト,Gilet Harze HS
7785,ハーゼGSベスト,Gilet Harze GS
7786,ハーゼGPベスト,Gilet Harze GP
7787,クアルＧメイル,Cotte Kuaru G
7788,クアルGFメイル,Cotte Kuaru GF
7789,クアルGXメイル,Cotte Kuaru GX
7790,クアルＧレジスト,Veste Kuaru G
7791,クアルGFレジスト,Veste Kuaru GF
7792,クアルGXレジスト,Veste Kuaru GX
7793,エンプレスＧメイル,Cotte Impératrice G
7794,エンプレスGFメイル,Cotte Impératrice GF
7795,エンプレスGXメイル,Cotte Impératrice GX
7796,エンプレスＧレジスト,Veste Impératrice G
7797,エンプレスGFレジスト,Veste Impératrice GF
7798,エンプレスGXレジスト,Veste Impératrice GX
7799,創音奏Ｇ【胴当て】,
7800,創音奏GF【胴当て】,
7801,創音奏GX【胴当て】,
7802,音紡奏Ｇ【胴当て】,
7803,音紡奏GF【胴当て】,
7804,音紡奏GX【胴当て】,
7805,ポボルムメイル,Cotte Pobo
7806,ポボルムＦメイル,Cotte Pobo F
7807,ポボルムFXメイル,Cotte Pobo FX
7808,ポボルムＧメイル,Cotte Pobo G
7809,ポボルムGFメイル,Cotte Pobo GF
7810,ポボルムレジスト,Veste Pobo
7811,ポボルムＦレジスト,Veste Pobo F
7812,ポボルムFXレジスト,Veste Pobo FX
7813,ポボルムＧレジスト,Veste Pobo G
7814,ポボルムGFレジスト,Veste Pobo GF
7815,リオソウルＧメイル,Cotte Rath G
7816,リオソウルGFメイル,Cotte Rath GF
7817,リオソウルGXメイル,Cotte Rath GX
7818,リオソウルＧレジスト,Veste Rath G
7819,リオソウルGFレジスト,Veste Rath GF
7820,リオソウルGXレジスト,Veste Rath GX
7821,リオハートＧメイル,Cotte Rath G
7822,リオハートGFメイル,Cotte Rath GF
7823,リオハートGXメイル,Cotte Rath GX
7824,リオハートＧレジスト,Veste Rath G
7825,リオハートGFレジスト,Veste Rath GF
7826,リオハートGXレジスト,Veste Rath GX
7827,シャテムベスト,Gilet Shatemu
7828,シャテムＦベスト,Gilet Shatemu F
7829,シャテムFZベスト,Gilet Shatemu FZ
7830,シャテムHSベスト,Gilet Shatemu HS
7831,シャテムGSベスト,Gilet Shatemu GS
7832,シャテムGPベスト,Gilet Shatemu GP
7833,シャテムスーツ,Combinaison Shatemu
7834,シャテムＦスーツ,Combinaison Shatemu F
7835,シャテムFZスーツ,Combinaison Shatemu FZ
7836,シャテムHSスーツ,Combinaison Shatemu HS
7837,シャテムGSスーツ,Combinaison Shatemu GS
7838,シャテムGPスーツ,Combinaison Shatemu GP
7839,ヘヴリアベスト,Gilet Hevria
7840,ヘヴリアＦベスト,Gilet Hevria F
7841,ヘヴリアFZベスト,Gilet Hevria FZ
7842,ヘヴリアHSベスト,Gilet Hevria HS
7843,ヘヴリアGSベスト,Gilet Hevria GS
7844,ヘヴリアGPベスト,Gilet Hevria GP
7845,ヘヴリアスーツ,Combinaison Hevria
7846,ヘヴリアＦスーツ,Combinaison Hevria F
7847,ヘヴリアFZスーツ,Combinaison Hevria FZ
7848,ヘヴリアHSスーツ,Combinaison Hevria HS
7849,ヘヴリアGSスーツ,Combinaison Hevria GS
7850,ヘヴリアGPスーツ,Combinaison Hevria GP
7851,ティルルベスト,Gilet Tiuru
7852,ティルルＦベスト,Gilet Tiuru F
7853,ティルルFZベスト,Gilet Tiuru FZ
7854,ティルルHSベスト,Gilet Tiuru HS
7855,ティルルGSベスト,Gilet Tiuru GS
7856,ティルルGPベスト,Gilet Tiuru GP
7857,ティルルスーツ,Combinaison Tiuru
7858,ティルルＦスーツ,Combinaison Tiuru F
7859,ティルルFZスーツ,Combinaison Tiuru FZ
7860,ティルルHSスーツ,Combinaison Tiuru HS
7861,ティルルGSスーツ,Combinaison Tiuru GS
7862,ティルルGPスーツ,Combinaison Tiuru GP
7863,バンデベスト・青,Gilet Bande bleu
7864,バンデＦベスト・青,Gilet Bande F bleu
7865,バンデFZベスト・青,Gilet Bande FZ bleu
7866,バンデHSベスト・青,Gilet Bande HS bleu
7867,バンデGSベスト・青,Gilet Bande GS bleu
7868,バンデGPベスト・青,Gilet Bande GP bleu
7869,バンデスーツ・青,Combinaison Bande bleue
7870,バンデＦスーツ・青,Combinaison Bande F bleue
7871,バンデFZスーツ・青,Combinaison Bande FZ bleue
7872,バンデHSスーツ・青,Combinaison Bande HS bleue
7873,バンデGSスーツ・青,Combinaison Bande GS bleue
7874,バンデGPスーツ・青,Combinaison Bande GP bleue
7875,バンデベスト・赤,Gilet Bande rouge
7876,バンデＦベスト・赤,Gilet Bande F rouge
7877,バンデFZベスト・赤,Gilet Bande FZ rouge
7878,バンデHSベスト・赤,Gilet Bande HS rouge
7879,バンデGSベスト・赤,Gilet Bande GS rouge
7880,バンデGPベスト・赤,Gilet Bande GP rouge
7881,バンデスーツ・赤,Combinaison Bande rouge
7882,バンデＦスーツ・赤,Combinaison Bande F rouge
7883,バンデFZスーツ・赤,Combinaison Bande FZ rouge
7884,バンデHSスーツ・赤,Combinaison Bande HS rouge
7885,バンデGSスーツ・赤,Combinaison Bande GS rouge
7886,バンデGPスーツ・赤,Combinaison Bande GP rouge
7887,バンデベスト・緑,Gilet Bande vert
7888,バンデＦベスト・緑,Gilet Bande F vert
7889,バンデFZベスト・緑,Gilet Bande FZ vert
7890,バンデHSベスト・緑,Gilet Bande HS vert
7891,バンデGSベスト・緑,Gilet Bande GS vert
7892,バンデGPベスト・緑,Gilet Bande GP vert
7893,バンデスーツ・緑,Combinaison Bande verte
7894,バンデＦスーツ・緑,Combinaison Bande F verte
7895,バンデFZスーツ・緑,Combinaison Bande FZ verte
7896,バンデHSスーツ・緑,Combinaison Bande HS verte
7897,バンデGSスーツ・緑,Combinaison Bande GS verte
7898,バンデGPスーツ・緑,Combinaison Bande GP verte
7899,バンデベスト・黒,Gilet Bande noir
7900,バンデＦベスト・黒,Gilet Bande F noir
7901,バンデFZベスト・黒,Gilet Bande FZ noir
7902,バンデHSベスト・黒,Gilet Bande HS noir
7903,バンデGSベスト・黒,Gilet Bande GS noir
7904,バンデGPベスト・黒,Gilet Bande GP noir
7905,バンデスーツ・黒,Combinaison Bande noire
7906,バンデＦスーツ・黒,Combinaison Bande F noire
7907,バンデFZスーツ・黒,Combinaison Bande FZ noire
7908,バンデHSスーツ・黒,Combinaison Bande HS noire
7909,バンデGSスーツ・黒,Combinaison Bande GS noire
7910,バンデGPスーツ・黒,Combinaison Bande GP noire
7911,天日ノ胴丸・赤,
7912,天日ノ胴丸Ｆ・赤,
7913,天日ノ胴丸FZ・赤,
7914,天日ノ胴丸HS・赤,
7915,天日ノ胴丸GS・赤,
7916,天日ノ胴丸GP・赤,
7917,天日ノ胸当て・赤,
7918,天日ノ胸当てＦ・赤,
7919,天日ノ胸当てFZ・赤,
7920,天日ノ胸当てHS・赤,
7921,天日ノ胸当てGS・赤,
7922,天日ノ胸当てGP・赤,
7923,天日ノ胴丸・青,
7924,天日ノ胴丸Ｆ・青,
7925,天日ノ胴丸FZ・青,
7926,天日ノ胴丸HS・青,
7927,天日ノ胴丸GS・青,
7928,天日ノ胴丸GP・青,
7929,天日ノ胸当て・青,
7930,天日ノ胸当てＦ・青,
7931,天日ノ胸当てFZ・青,
7932,天日ノ胸当てHS・青,
7933,天日ノ胸当てGS・青,
7934,天日ノ胸当てGP・青,
7935,天日ノ胴丸・黒,
7936,天日ノ胴丸Ｆ・黒,
7937,天日ノ胴丸FZ・黒,
7938,天日ノ胴丸HS・黒,
7939,天日ノ胴丸GS・黒,
7940,天日ノ胴丸GP・黒,
7941,天日ノ胸当て・黒,
7942,天日ノ胸当てＦ・黒,
7943,天日ノ胸当てFZ・黒,
7944,天日ノ胸当てHS・黒,
7945,天日ノ胸当てGS・黒,
7946,天日ノ胸当てGP・黒,
7947,天日ノ胴丸・白,
7948,天日ノ胴丸Ｆ・白,
7949,天日ノ胴丸FZ・白,
7950,天日ノ胴丸HS・白,
7951,天日ノ胴丸GS・白,
7952,天日ノ胴丸GP・白,
7953,天日ノ胸当て・白,
7954,天日ノ胸当てＦ・白,
7955,天日ノ胸当てFZ・白,
7956,天日ノ胸当てHS・白,
7957,天日ノ胸当てGS・白,
7958,天日ノ胸当てGP・白,
7959,天日ノ装束・赤,
7960,天日ノ装束Ｆ・赤,
7961,天日ノ装束FZ・赤,
7962,天日ノ装束HS・赤,
7963,天日ノ装束GS・赤,
7964,天日ノ装束GP・赤,
7965,天日ノ御衣・赤,
7966,天日ノ御衣Ｆ・赤,
7967,天日ノ御衣FZ・赤,
7968,天日ノ御衣HS・赤,
7969,天日ノ御衣GS・赤,
7970,天日ノ御衣GP・赤,
7971,天日ノ装束・青,
7972,天日ノ装束Ｆ・青,
7973,天日ノ装束FZ・青,
7974,天日ノ装束HS・青,
7975,天日ノ装束GS・青,
7976,天日ノ装束GP・青,
7977,天日ノ御衣・青,
7978,天日ノ御衣Ｆ・青,
7979,天日ノ御衣FZ・青,
7980,天日ノ御衣HS・青,
7981,天日ノ御衣GS・青,
7982,天日ノ御衣GP・青,
7983,天日ノ装束・黒,
7984,天日ノ装束Ｆ・黒,
7985,天日ノ装束FZ・黒,
7986,天日ノ装束HS・黒,
7987,天日ノ装束GS・黒,
7988,天日ノ装束GP・黒,
7989,天日ノ御衣・黒,
7990,天日ノ御衣Ｆ・黒,
7991,天日ノ御衣FZ・黒,
7992,天日ノ御衣HS・黒,
7993,天日ノ御衣GS・黒,
7994,天日ノ御衣GP・黒,
7995,天日ノ装束・白,
7996,天日ノ装束Ｆ・白,
7997,天日ノ装束FZ・白,
7998,天日ノ装束HS・白,
7999,天日ノ装束GS・白,
8000,天日ノ装束GP・白,
8001,天日ノ御衣・白,
8002,天日ノ御衣Ｆ・白,
8003,天日ノ御衣FZ・白,
8004,天日ノ御衣HS・白,
8005,天日ノ御衣GS・白,
8006,天日ノ御衣GP・白,
8007,リュバンベスト,Gilet Ruban
8008,リュバンＦベスト,Gilet Ruban F
8009,リュバンFZベスト,Gilet Ruban FZ
8010,リュバンHSベスト,Gilet Ruban HS
8011,リュバンGSベスト,Gilet Ruban GS
8012,リュバンGPベスト,Gilet Ruban GP
8013,リュバンスーツ,Combinaison Ruban
8014,リュバンＦスーツ,Combinaison Ruban F
8015,リュバンFZスーツ,Combinaison Ruban FZ
8016,リュバンHSスーツ,Combinaison Ruban HS
8017,リュバンGSスーツ,Combinaison Ruban GS
8018,リュバンGPスーツ,Combinaison Ruban GP
8019,オルロジュベスト,Gilet Orloj
8020,オルロジュＦベスト,Gilet Orloj F
8021,オルロジュFZベスト,Gilet Orloj FZ
8022,オルロジュHSベスト,Gilet Orloj HS
8023,オルロジュGSベスト,Gilet Orloj GS
8024,オルロジュGPベスト,Gilet Orloj GP
8025,オルロジュスーツ,Combinaison Orloj
8026,オルロジュＦスーツ,Combinaison Orloj F
8027,オルロジュFZスーツ,Combinaison Orloj FZ
8028,オルロジュHSスーツ,Combinaison Orloj HS
8029,オルロジュGSスーツ,Combinaison Orloj GS
8030,オルロジュGPスーツ,Combinaison Orloj GP
8031,ラモールベスト,Gilet L'Amore
8032,ラモールＦベスト,Gilet L'Amore F
8033,ラモールFZベスト,Gilet L'Amore FZ
8034,ラモールHSベスト,Gilet L'Amore HS
8035,ラモールGSベスト,Gilet L'Amore GS
8036,ラモールGPベスト,Gilet L'Amore GP
8037,ラモールスーツ,Combinaison L'Amore
8038,ラモールＦスーツ,Combinaison L'Amore F
8039,ラモールFZスーツ,Combinaison L'Amore FZ
8040,ラモールHSスーツ,Combinaison L'Amore HS
8041,ラモールGSスーツ,Combinaison L'Amore GS
8042,ラモールGPスーツ,Combinaison L'Amore GP
8043,ドルチェベスト,Gilet Dolce
8044,ドルチェＦベスト,Gilet Dolce F
8045,ドルチェFZベスト,Gilet Dolce FZ
8046,ドルチェHSベスト,Gilet Dolce HS
8047,ドルチェGSベスト,Gilet Dolce GS
8048,ドルチェGPベスト,Gilet Dolce GP
8049,ドルチェスーツ,Combinaison Dolce
8050,ドルチェＦスーツ,Combinaison Dolce F
8051,ドルチェFZスーツ,Combinaison Dolce FZ
8052,ドルチェHSスーツ,Combinaison Dolce HS
8053,ドルチェGSスーツ,Combinaison Dolce GS
8054,ドルチェGPスーツ,Combinaison Dolce GP
8055,ベンディメイル,Cotte Bendi
8056,ベンディＦメイル,Cotte Bendi F
8057,ベンディFZメイル,Cotte Bendi FZ
8058,ベンディHSメイル,Cotte Bendi HS
8059,ベンディGSメイル,Cotte Bendi GS
8060,ベンディGPメイル,Cotte Bendi GP
8061,ベンディレジスト,Veste Bendi
8062,ベンディＦレジスト,Veste Bendi F
8063,ベンディFZレジスト,Veste Bendi FZ
8064,ベンディHSレジスト,Veste Bendi HS
8065,ベンディGSレジスト,Veste Bendi GS
8066,ベンディGPレジスト,Veste Bendi GP
8067,ルヴナンムスケル,
8068,ルヴナンＦムスケル,
8069,ルヴナンFZムスケル,
8070,ルヴナンHSムスケル,
8071,ルヴナンGSムスケル,
8072,ルヴナンGPムスケル,
8073,ルヴナンケミュート,
8074,ルヴナンＦケミュート,
8075,ルヴナンFZケミュート,
8076,ルヴナンHSケミュート,
8077,ルヴナンGSケミュート,
8078,ルヴナンGPケミュート,
8079,ルキスＦベスト,Gilet Lucis F
8080,ルキスHSベスト,Gilet Lucis HS
8081,ルキスGSベスト,Gilet Lucis GS
8082,ルキスGPベスト,Gilet Lucis GP
8083,ルキスＦスーツ,Combinaison Lucis F
8084,ルキスHSスーツ,Combinaison Lucis HS
8085,ルキスGSスーツ,Combinaison Lucis GS
8086,ルキスGPスーツ,Combinaison Lucis GP
8087,リサーザHSメイル,Cotte Risaaza HS
8088,リサーザGSメイル,Cotte Risaaza GS
8089,リサーザGPメイル,Cotte Risaaza GP
8090,リサーザHSスーツ,Combinaison Risaaza HS
8091,リサーザGSスーツ,Combinaison Risaaza GS
8092,リサーザGPスーツ,Combinaison Risaaza GP
8093,ガウシカベスト,Gilet Anteka
8094,ガウシカＦベスト,Gilet Anteka F
8095,ガウシカFYベスト,Gilet Anteka FY
8096,ガウシカHSベスト,Gilet Anteka HS
8097,ガウシカＧベスト,Gilet Anteka G
8098,ガウシカGFベスト,Gilet Anteka GF
8099,ガウシカGXベスト,Gilet Anteka GX
8100,クオイズメイル,Cotte Quoiz
8101,クオイズＦメイル,Cotte Quoiz F
8102,クオイズFYメイル,Cotte Quoiz FY
8103,クオイズHSメイル,Cotte Quoiz HS
8104,クオイズＧメイル,Cotte Quoiz G
8105,クオイズGFメイル,Cotte Quoiz GF
8106,クオイズGXメイル,Cotte Quoiz GX
8107,クオイズレジスト,Veste Quoiz
8108,クオイズＦレジスト,Veste Quoiz F
8109,クオイズFYレジスト,Veste Quoiz FY
8110,クオイズHSレジスト,Veste Quoiz HS
8111,クオイズＧレジスト,Veste Quoiz G
8112,クオイズGFレジスト,Veste Quoiz GF
8113,クオイズGXレジスト,Veste Quoiz GX
8114,カライスメイル,Cotte Kalais
8115,カライスＦメイル,Cotte Kalais F
8116,カライスFYメイル,Cotte Kalais FY
8117,カライスHSメイル,Cotte Kalais HS
8118,カライスＧメイル,Cotte Kalais G
8119,カライスGFメイル,Cotte Kalais GF
8120,カライスGXメイル,Cotte Kalais GX
8121,カライスレジスト,Veste Kalais
8122,カライスＦレジスト,Veste Kalais F
8123,カライスFYレジスト,Veste Kalais FY
8124,カライスHSレジスト,Veste Kalais HS
8125,カライスＧレジスト,Veste Kalais G
8126,カライスGFレジスト,Veste Kalais GF
8127,カライスGXレジスト,Veste Kalais GX
8128,ヨルティメイル,Cotte Yoruti
8129,ヨルティＦメイル,Cotte Yoruti F
8130,ヨルティFYメイル,Cotte Yoruti FY
8131,ヨルティHSメイル,Cotte Yoruti HS
8132,ヨルティＧメイル,Cotte Yoruti G
8133,ヨルティGFメイル,Cotte Yoruti GF
8134,ヨルティGXメイル,Cotte Yoruti GX
8135,ヨルティレジスト,Veste Yoruti
8136,ヨルティＦレジスト,Veste Yoruti F
8137,ヨルティFYレジスト,Veste Yoruti FY
8138,ヨルティHSレジスト,Veste Yoruti HS
8139,ヨルティＧレジスト,Veste Yoruti G
8140,ヨルティGFレジスト,Veste Yoruti GF
8141,ヨルティGXレジスト,Veste Yoruti GX
8142,ハラガンメイル,Cotte Haragan
8143,ハラガンＦメイル,Cotte Haragan F
8144,ハラガンFYメイル,Cotte Haragan FY
8145,ハラガンHSメイル,Cotte Haragan HS
8146,ハラガンＧメイル,Cotte Haragan G
8147,ハラガンGFメイル,Cotte Haragan GF
8148,ハラガンGXメイル,Cotte Haragan GX
8149,ハラガンレジスト,Veste Haragan
8150,ハラガンＦレジスト,Veste Haragan F
8151,ハラガンFYレジスト,Veste Haragan FY
8152,ハラガンHSレジスト,Veste Haragan HS
8153,ハラガンＧレジスト,Veste Haragan G
8154,ハラガンGFレジスト,Veste Haragan GF
8155,ハラガンGXレジスト,Veste Haragan GX
8156,ライオスメイル,Cotte Rios
8157,ライオスＦメイル,Cotte Rios F
8158,ライオスFYメイル,Cotte Rios FY
8159,ライオスHSメイル,Cotte Rios HS
8160,ライオスＧメイル,Cotte Rios G
8161,ライオスGFメイル,Cotte Rios GF
8162,ライオスGXメイル,Cotte Rios GX
8163,ライオスレジスト,Veste Rios
8164,ライオスＦレジスト,Veste Rios F
8165,ライオスFYレジスト,Veste Rios FY
8166,ライオスHSレジスト,Veste Rios HS
8167,ライオスＧレジスト,Veste Rios G
8168,ライオスGFレジスト,Veste Rios GF
8169,ライオスGXレジスト,Veste Rios GX
8170,崩霧【羽織】,
8171,崩霧Ｆ【羽織】,
8172,崩霧FY【羽織】,
8173,崩霧HS【羽織】,
8174,崩霧Ｇ【羽織】,
8175,崩霧GF【羽織】,
8176,崩霧GX【羽織】,
8177,迅霧【羽織】,
8178,迅霧Ｆ【羽織】,
8179,迅霧FY【羽織】,
8180,迅霧HS【羽織】,
8181,迅霧Ｇ【羽織】,
8182,迅霧GF【羽織】,
8183,迅霧GX【羽織】,
8184,ロドクルジャケット,
8185,ロドクルＦジャケット,
8186,ロドクルFYジャケット,
8187,ロドクルHSジャケット,
8188,ロドクルＧジャケット,
8189,ロドクルGFジャケット,
8190,ロドクルGXジャケット,
8191,ノワールFYジャケット,
8192,ノワールHSジャケット,
8193,ノワールＧジャケット,
8194,ノワールGFジャケット,
8195,ノワールGXジャケット,
8196,鬼神ノ肩鎧Ｇ,
8197,鬼神ノ肩鎧GF,
8198,鬼神ノ肩鎧GX,
8199,童子ノ肩鎧Ｇ,
8200,童子ノ肩鎧GF,
8201,童子ノ肩鎧GX,
8202,トゥールムメイル,Cotte Trume
8203,トゥールムＦメイル,Cotte Trume F
8204,トゥールムFZメイル,Cotte Trume FZ
8205,トゥールムHSメイル,Cotte Trume HS
8206,トゥールムGSメイル,Cotte Trume GS
8207,トゥールムGPメイル,Cotte Trume GP
8208,トゥールムスーツ,Combinaison Trume
8209,トゥールムＦスーツ,Combinaison Trume F
8210,トゥールムFZスーツ,Combinaison Trume FZ
8211,トゥールムHSスーツ,Combinaison Trume HS
8212,トゥールムGSスーツ,Combinaison Trume GS
8213,トゥールムGPスーツ,Combinaison Trume GP
8214,ゴゴＧメイル,Cotte Gogomoa G
8215,ゴゴGFメイル,Cotte Gogomoa GF
8216,ゴゴGXメイル,Cotte Gogomoa GX
8217,ゴゴＧレジスト,Veste Gogomoa G
8218,ゴゴGFレジスト,Veste Gogomoa GF
8219,ゴゴGXレジスト,Veste Gogomoa GX
8220,ヴァルメイル,Cotte Varusa
8221,ヴァルＦメイル,Cotte Varusa F
8222,ヴァルFXメイル,Cotte Varusa FX
8223,ヴァルＧメイル,Cotte Varusa G
8224,ヴァルGFメイル,Cotte Varusa GF
8225,ヴァルレジスト,Veste Varusa
8226,ヴァルＦレジスト,Veste Varusa F
8227,ヴァルFXレジスト,Veste Varusa FX
8228,ヴァルＧレジスト,Veste Varusa G
8229,ヴァルGFレジスト,Veste Varusa GF
8230,フレイムGFメイル,Cotte Flamme GF
8231,フレイムGFレジスト,Veste Flamme GF
8232,リルスGFメイル,Cotte Lils GF
8233,リルスGFレジスト,Veste Lils GF
8234,アステリベスト・白,Gilet Asteri blanc
8235,アステリＦベスト・白,Gilet Asteri F blanc
8236,アステリFZベスト・白,Gilet Asteri FZ blanc
8237,アステリHSベスト・白,Gilet Asteri HS blanc
8238,アステリGSベスト・白,Gilet Asteri GS blanc
8239,アステリGPベスト・白,Gilet Asteri GP blanc
8240,アステリスーツ・白,Combinaison Asteri blanche
8241,アステリＦスーツ・白,Combinaison Asteri F blanche
8242,アステリFZスーツ・白,Combinaison Asteri FZ blanche
8243,アステリHSスーツ・白,Combinaison Asteri HS blanche
8244,アステリGSスーツ・白,Combinaison Asteri GS blanche
8245,アステリGPスーツ・白,Combinaison Asteri GP blanche
8246,アステリベスト・青,Gilet Asteri bleu
8247,アステリＦベスト・青,Gilet Asteri F bleu
8248,アステリFZベスト・青,Gilet Asteri FZ bleu
8249,アステリHSベスト・青,Gilet Asteri HS bleu
8250,アステリGSベスト・青,Gilet Asteri GS bleu
8251,アステリGPベスト・青,Gilet Asteri GP bleu
8252,アステリスーツ・青,Combinaison Asteri bleue
8253,アステリＦスーツ・青,Combinaison Asteri F bleue
8254,アステリFZスーツ・青,Combinaison Asteri FZ bleue
8255,アステリHSスーツ・青,Combinaison Asteri HS bleue
8256,アステリGSスーツ・青,Combinaison Asteri GS bleue
8257,アステリGPスーツ・青,Combinaison Asteri GP bleue
8258,アステリベスト・赤,Gilet Asteri rouge
8259,アステリＦベスト・赤,Gilet Asteri F rouge
8260,アステリFZベスト・赤,Gilet Asteri FZ rouge
8261,アステリHSベスト・赤,Gilet Asteri HS rouge
8262,アステリGSベスト・赤,Gilet Asteri GS rouge
8263,アステリGPベスト・赤,Gilet Asteri GP rouge
8264,アステリスーツ・赤,Combinaison Asteri rouge
8265,アステリＦスーツ・赤,Combinaison Asteri F rouge
8266,アステリFZスーツ・赤,Combinaison Asteri FZ rouge
8267,アステリHSスーツ・赤,Combinaison Asteri HS rouge
8268,アステリGSスーツ・赤,Combinaison Asteri GS rouge
8269,アステリGPスーツ・赤,Combinaison Asteri GP rouge
8270,アステリベスト・黒,Gilet Asteri noir
8271,アステリＦベスト・黒,Gilet Asteri F noir
8272,アステリFZベスト・黒,Gilet Asteri FZ noir
8273,アステリHSベスト・黒,Gilet Asteri HS noir
8274,アステリGSベスト・黒,Gilet Asteri GS noir
8275,アステリGPベスト・黒,Gilet Asteri GP noir
8276,アステリスーツ・黒,Combinaison Asteri noire
8277,アステリＦスーツ・黒,Combinaison Asteri F noire
8278,アステリFZスーツ・黒,Combinaison Asteri FZ noire
8279,アステリHSスーツ・黒,Combinaison Asteri HS noire
8280,アステリGSスーツ・黒,Combinaison Asteri GS noire
8281,アステリGPスーツ・黒,Combinaison Asteri GP noire
8282,ルケーゼメイル,Cotte Lucchese
8283,ルケーゼＦメイル,Cotte Lucchese F
8284,ルケーゼFYメイル,Cotte Lucchese FY
8285,ルケーゼHSメイル,Cotte Lucchese HS
8286,ルケーゼＧメイル,Cotte Lucchese G
8287,ルケーゼGFメイル,Cotte Lucchese GF
8288,ルケーゼGXメイル,Cotte Lucchese GX
8289,ルケーゼレジスト,Veste Lucchese
8290,ルケーゼＦレジスト,Veste Lucchese F
8291,ルケーゼFYレジスト,Veste Lucchese FY
8292,ルケーゼHSレジスト,Veste Lucchese HS
8293,ルケーゼＧレジスト,Veste Lucchese G
8294,ルケーゼGFレジスト,Veste Lucchese GF
8295,ルケーゼGXレジスト,Veste Lucchese GX
8296,オリクトＧメイル,Cotte Orykto G
8297,オリクトGFメイル,Cotte Orykto GF
8298,オリクトGXメイル,Cotte Orykto GX
8299,オリクトＧレジスト,Veste Orykto G
8300,オリクトGFレジスト,Veste Orykto GF
8301,オリクトGXレジスト,Veste Orykto GX
8302,ボニトメイル,
8303,ボニトＦメイル,
8304,ボニトFYメイル,
8305,ボニトHSメイル,
8306,ボニトＧメイル,
8307,ボニトGFメイル,
8308,ボニトGXメイル,
8309,ボニトレジスト,
8310,ボニトＦレジスト,
8311,ボニトFYレジスト,
8312,ボニトHSレジスト,
8313,ボニトＧレジスト,
8314,ボニトGFレジスト,
8315,ボニトGXレジスト,
8316,司銀Ｇ【胴当て】,
8317,司銀GF【胴当て】,
8318,司銀GX【胴当て】,
8319,操銀Ｇ【胴当て】,
8320,操銀GF【胴当て】,
8321,操銀GX【胴当て】,
8322,ハルドメイル,Cotte Harudo
8323,ハルドＦメイル,Cotte Harudo F
8324,ハルドFXメイル,Cotte Harudo FX
8325,ハルドＧメイル,Cotte Harudo G
8326,ハルドGFメイル,Cotte Harudo GF
8327,ハルドレジスト,Veste Harudo
8328,ハルドＦレジスト,Veste Harudo F
8329,ハルドFXレジスト,Veste Harudo FX
8330,ハルドＧレジスト,Veste Harudo G
8331,ハルドGFレジスト,Veste Harudo GF
8332,グレアメイル,Cotte Gureado
8333,グレアＦメイル,Cotte Gureado F
8334,グレアFXメイル,Cotte Gureado FX
8335,グレアＧメイル,Cotte Gureado G
8336,グレアGFメイル,Cotte Gureado GF
8337,グレアレジスト,Veste Gureado
8338,グレアＦレジスト,Veste Gureado F
8339,グレアFXレジスト,Veste Gureado FX
8340,グレアＧレジスト,Veste Gureado G
8341,グレアGFレジスト,Veste Gureado GF
8342,アカムトＧウルンテ,
8343,アカムトGFウルンテ,
8344,アカムトGXウルンテ,
8345,アカムトＧウルンペ,
8346,アカムトGFウルンペ,
8347,アカムトGXウルンペ,
8348,ガノンＧメイル,Cotte Plesioth G
8349,ガノンGFメイル,Cotte Plesioth GF
8350,ガノンGXメイル,Cotte Plesioth GX
8351,ガノンＧレジスト,Veste Plesioth G
8352,ガノンGFレジスト,Veste Plesioth GF
8353,ガノンGXレジスト,Veste Plesioth GX
8354,ヒプックＧメイル,
8355,ヒプックGFメイル,
8356,ヒプックGXメイル,
8357,ヒプックＧレジスト,
8358,ヒプックGFレジスト,
8359,ヒプックGXレジスト,
8360,ブリッツGXベスト,
8361,ブリッツGXケープ,
8362,ストロマGXメイル,Cotte Stroma GX
8363,ストロマGXレジスト,Veste Stroma GX
8364,ディボアGXメイル,Cotte Diboa GX
8365,ディボアGXレジスト,Veste Diboa GX
8366,レグヌムベスト・白,Gilet Regnum blanc
8367,レグヌムＦベスト・白,Gilet Regnum F blanc
8368,レグヌムFZベスト・白,Gilet Regnum FZ blanc
8369,レグヌムHSベスト・白,Gilet Regnum HS blanc
8370,レグヌムGSベスト・白,Gilet Regnum GS blanc
8371,レグヌムGPベスト・白,Gilet Regnum GP blanc
8372,レグヌムスーツ・白,Combinaison Regnum blanche
8373,レグヌムＦスーツ・白,Combinaison Regnum F blanche
8374,レグヌムFZスーツ・白,Combinaison Regnum FZ blanche
8375,レグヌムHSスーツ・白,Combinaison Regnum HS blanche
8376,レグヌムGSスーツ・白,Combinaison Regnum GS blanche
8377,レグヌムGPスーツ・白,Combinaison Regnum GP blanche
8378,レグヌムベスト・青,Gilet Regnum bleu
8379,レグヌムＦベスト・青,Gilet Regnum F bleu
8380,レグヌムFZベスト・青,Gilet Regnum FZ bleu
8381,レグヌムHSベスト・青,Gilet Regnum HS bleu
8382,レグヌムGSベスト・青,Gilet Regnum GS bleu
8383,レグヌムGPベスト・青,Gilet Regnum GP bleu
8384,レグヌムスーツ・青,Combinaison Regnum bleue
8385,レグヌムＦスーツ・青,Combinaison Regnum F bleue
8386,レグヌムFZスーツ・青,Combinaison Regnum FZ bleue
8387,レグヌムHSスーツ・青,Combinaison Regnum HS bleue
8388,レグヌムGSスーツ・青,Combinaison Regnum GS bleue
8389,レグヌムGPスーツ・青,Combinaison Regnum GP bleue
8390,レグヌムベスト・赤,Gilet Regnum rouge
8391,レグヌムＦベスト・赤,Gilet Regnum F rouge
8392,レグヌムFZベスト・赤,Gilet Regnum FZ rouge
8393,レグヌムHSベスト・赤,Gilet Regnum HS rouge
8394,レグヌムGSベスト・赤,Gilet Regnum GS rouge
8395,レグヌムGPベスト・赤,Gilet Regnum GP rouge
8396,レグヌムスーツ・赤,Combinaison Regnum rouge
8397,レグヌムＦスーツ・赤,Combinaison Regnum F rouge
8398,レグヌムFZスーツ・赤,Combinaison Regnum FZ rouge
8399,レグヌムHSスーツ・赤,Combinaison Regnum HS rouge
8400,レグヌムGSスーツ・赤,Combinaison Regnum GS rouge
8401,レグヌムGPスーツ・赤,Combinaison Regnum GP rouge
8402,レグヌムベスト・茶,Gilet Regnum brun
8403,レグヌムＦベスト・茶,Gilet Regnum F brun
8404,レグヌムFZベスト・茶,Gilet Regnum FZ brun
8405,レグヌムHSベスト・茶,Gilet Regnum HS brun
8406,レグヌムGSベスト・茶,Gilet Regnum GS brun
8407,レグヌムGPベスト・茶,Gilet Regnum GP brun
8408,レグヌムスーツ・茶,Combinaison Regnum brune
8409,レグヌムＦスーツ・茶,Combinaison Regnum F brune
8410,レグヌムFZスーツ・茶,Combinaison Regnum FZ brune
8411,レグヌムHSスーツ・茶,Combinaison Regnum HS brune
8412,レグヌムGSスーツ・茶,Combinaison Regnum GS brune
8413,レグヌムGPスーツ・茶,Combinaison Regnum GP brune
8414,マリンベスト・青,Gilet Marin bleu
8415,マリンＦベスト・青,Gilet Marin F bleu
8416,マリンFZベスト・青,Gilet Marin FZ bleu
8417,マリンHSベスト・青,Gilet Marin HS bleu
8418,マリンGSベスト・青,Gilet Marin GS bleu
8419,マリンGPベスト・青,Gilet Marin GP bleu
8420,マリンスーツ・青,Combinaison Marin bleue
8421,マリンＦスーツ・青,Combinaison Marin F bleue
8422,マリンFZスーツ・青,Combinaison Marin FZ bleue
8423,マリンHSスーツ・青,Combinaison Marin HS bleue
8424,マリンGSスーツ・青,Combinaison Marin GS bleue
8425,マリンGPスーツ・青,Combinaison Marin GP bleue
8426,マリンベスト・桃,Gilet Marin rose
8427,マリンＦベスト・桃,Gilet Marin F rose
8428,マリンFZベスト・桃,Gilet Marin FZ rose
8429,マリンHSベスト・桃,Gilet Marin HS rose
8430,マリンGSベスト・桃,Gilet Marin GS rose
8431,マリンGPベスト・桃,Gilet Marin GP rose
8432,マリンスーツ・桃,Combinaison Marin rose
8433,マリンＦスーツ・桃,Combinaison Marin F rose
8434,マリンFZスーツ・桃,Combinaison Marin FZ rose
8435,マリンHSスーツ・桃,Combinaison Marin HS rose
8436,マリンGSスーツ・桃,Combinaison Marin GS rose
8437,マリンGPスーツ・桃,Combinaison Marin GP rose
8438,マリンベスト・白,Gilet Marin blanc
8439,マリンＦベスト・白,Gilet Marin F blanc
8440,マリンFZベスト・白,Gilet Marin FZ blanc
8441,マリンHSベスト・白,Gilet Marin HS blanc
8442,マリンGSベスト・白,Gilet Marin GS blanc
8443,マリンGPベスト・白,Gilet Marin GP blanc
8444,マリンスーツ・白,Combinaison Marin blanche
8445,マリンＦスーツ・白,Combinaison Marin F blanche
8446,マリンFZスーツ・白,Combinaison Marin FZ blanche
8447,マリンHSスーツ・白,Combinaison Marin HS blanche
8448,マリンGSスーツ・白,Combinaison Marin GS blanche
8449,マリンGPスーツ・白,Combinaison Marin GP blanche
8450,マリンベスト・黒,Gilet Marin noir
8451,マリンＦベスト・黒,Gilet Marin F noir
8452,マリンFZベスト・黒,Gilet Marin FZ noir
8453,マリンHSベスト・黒,Gilet Marin HS noir
8454,マリンGSベスト・黒,Gilet Marin GS noir
8455,マリンGPベスト・黒,Gilet Marin GP noir
8456,マリンスーツ・黒,Combinaison Marin noire
8457,マリンＦスーツ・黒,Combinaison Marin F noire
8458,マリンFZスーツ・黒,Combinaison Marin FZ noire
8459,マリンHSスーツ・黒,Combinaison Marin HS noire
8460,マリンGSスーツ・黒,Combinaison Marin GS noire
8461,マリンGPスーツ・黒,Combinaison Marin GP noire
8462,ルフレメイル・青,Cotte Rufre bleue
8463,ルフレＦメイル・青,Cotte Rufre F bleue
8464,ルフレFZメイル・青,Cotte Rufre FZ bleue
8465,ルフレHSメイル・青,Cotte Rufre HS bleue
8466,ルフレGSメイル・青,Cotte Rufre GS bleue
8467,ルフレGPメイル・青,Cotte Rufre GP bleue
8468,ルフレスーツ・青,Combinaison Rufre bleue
8469,ルフレＦスーツ・青,Combinaison Rufre F bleue
8470,ルフレFZスーツ・青,Combinaison Rufre FZ bleue
8471,ルフレHSスーツ・青,Combinaison Rufre HS bleue
8472,ルフレGSスーツ・青,Combinaison Rufre GS bleue
8473,ルフレGPスーツ・青,Combinaison Rufre GP bleue
8474,ルフレメイル・白,Cotte Rufre blanche
8475,ルフレＦメイル・白,Cotte Rufre F blanche
8476,ルフレFZメイル・白,Cotte Rufre FZ blanche
8477,ルフレHSメイル・白,Cotte Rufre HS blanche
8478,ルフレGSメイル・白,Cotte Rufre GS blanche
8479,ルフレGPメイル・白,Cotte Rufre GP blanche
8480,ルフレスーツ・白,Combinaison Rufre blanche
8481,ルフレＦスーツ・白,Combinaison Rufre F blanche
8482,ルフレFZスーツ・白,Combinaison Rufre FZ blanche
8483,ルフレHSスーツ・白,Combinaison Rufre HS blanche
8484,ルフレGSスーツ・白,Combinaison Rufre GS blanche
8485,ルフレGPスーツ・白,Combinaison Rufre GP blanche
8486,ルフレメイル・赤,Cotte Rufre rouge
8487,ルフレＦメイル・赤,Cotte Rufre F rouge
8488,ルフレFZメイル・赤,Cotte Rufre FZ rouge
8489,ルフレHSメイル・赤,Cotte Rufre HS rouge
8490,ルフレGSメイル・赤,Cotte Rufre GS rouge
8491,ルフレGPメイル・赤,Cotte Rufre GP rouge
8492,ルフレスーツ・赤,Combinaison Rufre rouge
8493,ルフレＦスーツ・赤,Combinaison Rufre F rouge
8494,ルフレFZスーツ・赤,Combinaison Rufre FZ rouge
8495,ルフレHSスーツ・赤,Combinaison Rufre HS rouge
8496,ルフレGSスーツ・赤,Combinaison Rufre GS rouge
8497,ルフレGPスーツ・赤,Combinaison Rufre GP rouge
8498,ルフレメイル・黒,Cotte Rufre noire
8499,ルフレＦメイル・黒,Cotte Rufre F noire
8500,ルフレFZメイル・黒,Cotte Rufre FZ noire
8501,ルフレHSメイル・黒,Cotte Rufre HS noire
8502,ルフレGSメイル・黒,Cotte Rufre GS noire
8503,ルフレGPメイル・黒,Cotte Rufre GP noire
8504,ルフレスーツ・黒,Combinaison Rufre noire
8505,ルフレＦスーツ・黒,Combinaison Rufre F noire
8506,ルフレFZスーツ・黒,Combinaison Rufre FZ noire
8507,ルフレHSスーツ・黒,Combinaison Rufre HS noire
8508,ルフレGSスーツ・黒,Combinaison Rufre GS noire
8509,ルフレGPスーツ・黒,Combinaison Rufre GP noire
8510,CEケブラー胴：剣青,Torse CE Lame bleu
8511,CEケブラーＦ胴：剣青,Torse CE Lame bleu
8512,CEケブラーFZ胴：剣青,Torse CE Lame bleu
8513,CEケブラーHS胴：剣青,Torse CE Lame bleu
8514,CEケブラーGS胴：剣青,Torse CE Lame bleu
8515,CEケブラーGP胴：剣青,Torse CE Lame bleu
8516,CEケブラー胴：弓青,Torse CE Arc bleu
8517,CEケブラーＦ胴：弓青,Torse CE Arc bleu
8518,CEケブラーFZ胴：弓青,Torse CE Arc bleu
8519,CEケブラーHS胴：弓青,Torse CE Arc bleu
8520,CEケブラーGS胴：弓青,Torse CE Arc bleu
8521,CEケブラーGP胴：弓青,Torse CE Arc bleu
8522,CEケブラー胴：剣赤,Torse CE Lame rouge
8523,CEケブラーＦ胴：剣赤,Torse CE Lame rouge
8524,CEケブラーFZ胴：剣赤,Torse CE Lame rouge
8525,CEケブラーHS胴：剣赤,Torse CE Lame rouge
8526,CEケブラーGS胴：剣赤,Torse CE Lame rouge
8527,CEケブラーGP胴：剣赤,Torse CE Lame rouge
8528,CEケブラー胴：弓赤,Torse CE Arc rouge
8529,CEケブラーＦ胴：弓赤,Torse CE Arc rouge
8530,CEケブラーFZ胴：弓赤,Torse CE Arc rouge
8531,CEケブラーHS胴：弓赤,Torse CE Arc rouge
8532,CEケブラーGS胴：弓赤,Torse CE Arc rouge
8533,CEケブラーGP胴：弓赤,Torse CE Arc rouge
8534,CEケブラー胴：剣白,Torse CE Lame blanc
8535,CEケブラーＦ胴：剣白,Torse CE Lame blanc
8536,CEケブラーFZ胴：剣白,Torse CE Lame blanc
8537,CEケブラーHS胴：剣白,Torse CE Lame blanc
8538,CEケブラーGS胴：剣白,Torse CE Lame blanc
8539,CEケブラーGP胴：剣白,Torse CE Lame blanc
8540,CEケブラー胴：弓白,Torse CE Arc blanc
8541,CEケブラーＦ胴：弓白,Torse CE Arc blanc
8542,CEケブラーFZ胴：弓白,Torse CE Arc blanc
8543,CEケブラーHS胴：弓白,Torse CE Arc blanc
8544,CEケブラーGS胴：弓白,Torse CE Arc blanc
8545,CEケブラーGP胴：弓白,Torse CE Arc blanc
8546,CEケブラー胴：剣黒,Torse CE Lame noir
8547,CEケブラーＦ胴：剣黒,Torse CE Lame noir
8548,CEケブラーFZ胴：剣黒,Torse CE Lame noir
8549,CEケブラーHS胴：剣黒,Torse CE Lame noir
8550,CEケブラーGS胴：剣黒,Torse CE Lame noir
8551,CEケブラーGP胴：剣黒,Torse CE Lame noir
8552,CEケブラー胴：弓黒,Torse CE Arc noir
8553,CEケブラーＦ胴：弓黒,Torse CE Arc noir
8554,CEケブラーFZ胴：弓黒,Torse CE Arc noir
8555,CEケブラーHS胴：弓黒,Torse CE Arc noir
8556,CEケブラーGS胴：弓黒,Torse CE Arc noir
8557,CEケブラーGP胴：弓黒,Torse CE Arc noir
8558,ABレイヤー胴：剣赤,
8559,ABレイヤーＦ胴：剣赤,
8560,ABレイヤーFZ胴：剣赤,
8561,ABレイヤーHS胴：剣赤,
8562,ABレイヤーGS胴：剣赤,
8563,ABレイヤーGP胴：剣赤,
8564,ABレイヤー胴：弓赤,
8565,ABレイヤーＦ胴：弓赤,
8566,ABレイヤーFZ胴：弓赤,
8567,ABレイヤーHS胴：弓赤,
8568,ABレイヤーGS胴：弓赤,
8569,ABレイヤーGP胴：弓赤,
8570,ABレイヤー胴：剣青,
8571,ABレイヤーＦ胴：剣青,
8572,ABレイヤーFZ胴：剣青,
8573,ABレイヤーHS胴：剣青,
8574,ABレイヤーGS胴：剣青,
8575,ABレイヤーGP胴：剣青,
8576,ABレイヤー胴：弓青,
8577,ABレイヤーＦ胴：弓青,
8578,ABレイヤーFZ胴：弓青,
8579,ABレイヤーHS胴：弓青,
8580,ABレイヤーGS胴：弓青,
8581,ABレイヤーGP胴：弓青,
8582,ABレイヤー胴：剣黒,
8583,ABレイヤーＦ胴：剣黒,
8584,ABレイヤーFZ胴：剣黒,
8585,ABレイヤーHS胴：剣黒,
8586,ABレイヤーGS胴：剣黒,
8587,ABレイヤーGP胴：剣黒,
8588,ABレイヤー胴：弓黒,
8589,ABレイヤーＦ胴：弓黒,
8590,ABレイヤーFZ胴：弓黒,
8591,ABレイヤーHS胴：弓黒,
8592,ABレイヤーGS胴：弓黒,
8593,ABレイヤーGP胴：弓黒,
8594,ABレイヤー胴：剣白,
8595,ABレイヤーＦ胴：剣白,
8596,ABレイヤーFZ胴：剣白,
8597,ABレイヤーHS胴：剣白,
8598,ABレイヤーGS胴：剣白,
8599,ABレイヤーGP胴：剣白,
8600,ABレイヤー胴：弓白,
8601,ABレイヤーＦ胴：弓白,
8602,ABレイヤーFZ胴：弓白,
8603,ABレイヤーHS胴：弓白,
8604,ABレイヤーGS胴：弓白,
8605,ABレイヤーGP胴：弓白,
8606,ブロンテベスト,Gilet Bronte
8607,ブロンテＦベスト,Gilet Bronte F
8608,ブロンテFZベスト,Gilet Bronte FZ
8609,ブロンテHSベスト,Gilet Bronte HS
8610,ブロンテGSベスト,Gilet Bronte GS
8611,ブロンテGPベスト,Gilet Bronte GP
8612,ブロンテスーツ,Combinaison Bronte
8613,ブロンテＦスーツ,Combinaison Bronte F
8614,ブロンテFZスーツ,Combinaison Bronte FZ
8615,ブロンテHSスーツ,Combinaison Bronte HS
8616,ブロンテGSスーツ,Combinaison Bronte GS
8617,ブロンテGPスーツ,Combinaison Bronte GP
8618,ソレーネベスト,Gilet Solene
8619,ソレーネＦベスト,Gilet Solene F
8620,ソレーネFZベスト,Gilet Solene FZ
8621,ソレーネHSベスト,Gilet Solene HS
8622,ソレーネGSベスト,Gilet Solene GS
8623,ソレーネGPベスト,Gilet Solene GP
8624,ソレーネスーツ,Combinaison Solene
8625,ソレーネＦスーツ,Combinaison Solene F
8626,ソレーネFZスーツ,Combinaison Solene FZ
8627,ソレーネHSスーツ,Combinaison Solene HS
8628,ソレーネGSスーツ,Combinaison Solene GS
8629,ソレーネGPスーツ,Combinaison Solene GP
8630,ラピヌスーツ,Combinaison Lapine
8631,ラピヌＦスーツ,Combinaison Lapine F
8632,ラピヌFZスーツ,Combinaison Lapine FZ
8633,ラピヌHSスーツ,Combinaison Lapine HS
8634,ラピヌGSスーツ,Combinaison Lapine GS
8635,ラピヌGPスーツ,Combinaison Lapine GP
8636,ラピヌベスト,Gilet Lapine
8637,ラピヌＦベスト,Gilet Lapine F
8638,ラピヌFZベスト,Gilet Lapine FZ
8639,ラピヌHSベスト,Gilet Lapine HS
8640,ラピヌGSベスト,Gilet Lapine GS
8641,ラピヌGPベスト,Gilet Lapine GP
8642,マゴスGPメイル・黄,Cotte Magos GP jaune
8643,マゴスGPスーツ・黄,Combinaison Magos GP jaune
8644,マゴスGPメイル・赤,Cotte Magos GP rouge
8645,マゴスGPスーツ・赤,Combinaison Magos GP rouge
8646,マゴスGPメイル・水,
8647,マゴスGPスーツ・水,
8648,マゴスGPメイル・青,Cotte Magos GP bleue
8649,マゴスGPスーツ・青,Combinaison Magos GP bleue
8650,ユクモノドウギ・天,
8651,ユクモノドウギＧ・天,
8652,ユクモノドウギGF・天,
8653,ユクモノドウギGX・天,
8654,フロガダＧメイル,Cotte Furogada G
8655,フロガダGFメイル,Cotte Furogada GF
8656,フロガダGXメイル,Cotte Furogada GX
8657,ユクモノドウギ・地,
8658,ユクモノドウギＧ・地,
8659,ユクモノドウギGF・地,
8660,ユクモノドウギGX・地,
8661,フロガダＧレジスト,Veste Furogada G
8662,フロガダGFレジスト,Veste Furogada GF
8663,フロガダGXレジスト,Veste Furogada GX
8664,ダミー,
8665,ダミー,
8666,ダミー,
8667,ダミー,
8668,ランセＧジャケット,
8669,ランセGFジャケット,
8670,ランセGXジャケット,
8671,ダミー,
8672,ダミー,
8673,ダミー,
8674,ダミー,
8675,ランセＧスーツ,Combinaison Rance G
8676,ランセGFスーツ,Combinaison Rance GF
8677,ランセGXスーツ,Combinaison Rance GX
8678,メイリダメイル,Cotte Meirida
8679,メイリダＦメイル,Cotte Meirida F
8680,メイリダFYメイル,Cotte Meirida FY
8681,メイリダHSメイル,Cotte Meirida HS
8682,メイリダＧメイル,Cotte Meirida G
8683,メイリダGFメイル,Cotte Meirida GF
8684,メイリダGXメイル,Cotte Meirida GX
8685,メイリダレジスト,Veste Meirida
8686,メイリダＦレジスト,Veste Meirida F
8687,メイリダFYレジスト,Veste Meirida FY
8688,メイリダHSレジスト,Veste Meirida HS
8689,メイリダＧレジスト,Veste Meirida G
8690,メイリダGFレジスト,Veste Meirida GF
8691,メイリダGXレジスト,Veste Meirida GX
8692,マアデンメイル,Cotte Maaden
8693,マアデンＦメイル,Cotte Maaden F
8694,マアデンFYメイル,Cotte Maaden FY
8695,マアデンHSメイル,Cotte Maaden HS
8696,マアデンＧメイル,Cotte Maaden G
8697,マアデンGFメイル,Cotte Maaden GF
8698,マアデンGXメイル,Cotte Maaden GX
8699,マアデンレジスト,Veste Maaden
8700,マアデンＦレジスト,Veste Maaden F
8701,マアデンFYレジスト,Veste Maaden FY
8702,マアデンHSレジスト,Veste Maaden HS
8703,マアデンＧレジスト,Veste Maaden G
8704,マアデンGFレジスト,Veste Maaden GF
8705,マアデンGXレジスト,Veste Maaden GX
8706,紅昇【羽織】,
8707,紅昇Ｆ【羽織】,
8708,紅昇FY【羽織】,
8709,紅昇HS【羽織】,
8710,紅昇Ｇ【羽織】,
8711,紅昇GF【羽織】,
8712,紅昇GX【羽織】,
8713,紅楼【羽織】,
8714,紅楼Ｆ【羽織】,
8715,紅楼FY【羽織】,
8716,紅楼HS【羽織】,
8717,紅楼Ｇ【羽織】,
8718,紅楼GF【羽織】,
8719,紅楼GX【羽織】,
8720,アブヤドメイル,Cotte Abuyado
8721,アブヤドＦメイル,Cotte Abuyado F
8722,アブヤドFYメイル,Cotte Abuyado FY
8723,アブヤドHSメイル,Cotte Abuyado HS
8724,アブヤドＧメイル,Cotte Abuyado G
8725,アブヤドGFメイル,Cotte Abuyado GF
8726,アブヤドGXメイル,Cotte Abuyado GX
8727,アブヤドレジスト,Veste Abuyado
8728,アブヤドＦレジスト,Veste Abuyado F
8729,アブヤドFYレジスト,Veste Abuyado FY
8730,アブヤドHSレジスト,Veste Abuyado HS
8731,アブヤドＧレジスト,Veste Abuyado G
8732,アブヤドGFレジスト,Veste Abuyado GF
8733,アブヤドGXレジスト,Veste Abuyado GX
8734,ゴルックベスト,Gilet Gorukku
8735,ゴルックＦベスト,Gilet Gorukku F
8736,ゴルックFYベスト,Gilet Gorukku FY
8737,ゴルックHSベスト,Gilet Gorukku HS
8738,ゴルックＧベスト,Gilet Gorukku G
8739,ゴルックGFベスト,Gilet Gorukku GF
8740,ゴルックGXベスト,Gilet Gorukku GX
8741,ゴルックスーツ,Combinaison Gorukku
8742,ゴルックＦスーツ,Combinaison Gorukku F
8743,ゴルックFYスーツ,Combinaison Gorukku FY
8744,ゴルックHSスーツ,Combinaison Gorukku HS
8745,ゴルックＧスーツ,Combinaison Gorukku G
8746,ゴルックGFスーツ,Combinaison Gorukku GF
8747,ゴルックGXスーツ,Combinaison Gorukku GX
8748,しましまベスト,Gilet Shimashima
8749,しましまＦベスト,Gilet Shimashima F
8750,しましまFYベスト,Gilet Shimashima FY
8751,しましまHSベスト,Gilet Shimashima HS
8752,しましまＧベスト,Gilet Shimashima G
8753,しましまGFベスト,Gilet Shimashima GF
8754,しましまGXベスト,Gilet Shimashima GX
8755,しましまスーツ,Combinaison Shimashima
8756,しましまＦスーツ,Combinaison Shimashima F
8757,しましまFYスーツ,Combinaison Shimashima FY
8758,しましまHSスーツ,Combinaison Shimashima HS
8759,しましまＧスーツ,Combinaison Shimashima G
8760,しましまGFスーツ,Combinaison Shimashima GF
8761,しましまGXスーツ,Combinaison Shimashima GX
8762,リオデュオFYメイル,Cotte Rath FY
8763,リオデュオHSメイル,Cotte Rath HS
8764,リオデュオＧメイル,Cotte Rath G
8765,リオデュオGFメイル,Cotte Rath GF
8766,リオデュオGXメイル,Cotte Rath GX
8767,リオデュオFYレジスト,Veste Rath FY
8768,リオデュオHSレジスト,Veste Rath HS
8769,リオデュオＧレジスト,Veste Rath G
8770,リオデュオGFレジスト,Veste Rath GF
8771,リオデュオGXレジスト,Veste Rath GX
8772,タンドレスHSメイル,Cotte Tandress HS
8773,タンドレスＧメイル,Cotte Tandress G
8774,タンドレスGFメイル,Cotte Tandress GF
8775,タンドレスGXメイル,Cotte Tandress GX
8776,タンドレスHSレジスト,Veste Tandress HS
8777,タンドレスＧレジスト,Veste Tandress G
8778,タンドレスGFレジスト,Veste Tandress GF
8779,タンドレスGXレジスト,Veste Tandress GX
8780,ランヴォメイル,Cotte Ranvuo
8781,ランヴォＦメイル,Cotte Ranvuo F
8782,ランヴォFYメイル,Cotte Ranvuo FY
8783,ランヴォHSメイル,Cotte Ranvuo HS
8784,ランヴォＧメイル,Cotte Ranvuo G
8785,ランヴォGFメイル,Cotte Ranvuo GF
8786,ランヴォGXメイル,Cotte Ranvuo GX
8787,ランヴォレジスト,Veste Ranvuo
8788,ランヴォＦレジスト,Veste Ranvuo F
8789,ランヴォFYレジスト,Veste Ranvuo FY
8790,ランヴォHSレジスト,Veste Ranvuo HS
8791,ランヴォＧレジスト,Veste Ranvuo G
8792,ランヴォGFレジスト,Veste Ranvuo GF
8793,ランヴォGXレジスト,Veste Ranvuo GX
8794,ニュイメイル,Cotte Nyui
8795,ニュイＦメイル,Cotte Nyui F
8796,ニュイFYメイル,Cotte Nyui FY
8797,ニュイHSメイル,Cotte Nyui HS
8798,ニュイＧメイル,Cotte Nyui G
8799,ニュイGFメイル,Cotte Nyui GF
8800,ニュイGXメイル,Cotte Nyui GX
8801,ニュイレジスト,Veste Nyui
8802,ニュイＦレジスト,Veste Nyui F
8803,ニュイFYレジスト,Veste Nyui FY
8804,ニュイHSレジスト,Veste Nyui HS
8805,ニュイＧレジスト,Veste Nyui G
8806,ニュイGFレジスト,Veste Nyui GF
8807,ニュイGXレジスト,Veste Nyui GX
8808,ダミー,
8809,ダミー,
8810,ダミー,
8811,ダミー,
8812,ニンファＧメイル,Cotte Nympha G
8813,ニンファGFメイル,Cotte Nympha GF
8814,ニンファGXメイル,Cotte Nympha GX
8815,ダミー,
8816,ダミー,
8817,ダミー,
8818,ダミー,
8819,ニンファＧレジスト,Veste Nympha G
8820,ニンファGFレジスト,Veste Nympha GF
8821,ニンファGXレジスト,Veste Nympha GX
8822,ハルドGXメイル,Cotte Harudo GX
8823,ハルドGXレジスト,Veste Harudo GX
8824,グレアGXメイル,Cotte Gureado GX
8825,グレアGXレジスト,Veste Gureado GX
8826,ピクスGPベスト・緑,Gilet Pyx GP vert
8827,ピクスGPスーツ・緑,Combinaison Pyx GP verte
8828,ピクスGPベスト・紫,Gilet Pyx GP violet
8829,ピクスGPスーツ・紫,Combinaison Pyx GP violette
8830,ピクスGPベスト・黒,Gilet Pyx GP noir
8831,ピクスGPスーツ・黒,Combinaison Pyx GP noire
8832,ピクスGPベスト・水,
8833,ピクスGPスーツ・水,
8834,ダミー,
8835,ダミー,
8836,ファミ通ＴシャツHS,
8837,ファミ通ＴシャツGS,
8838,スマートHSベスト,
8839,スマートGSベスト,
8840,ガスラメイル,Cotte Gasura
8841,ガスラＦメイル,Cotte Gasura F
8842,ガスラFXメイル,Cotte Gasura FX
8843,ガスラＧメイル,Cotte Gasura G
8844,ガスラGFメイル,Cotte Gasura GF
8845,ガスラGXメイル,Cotte Gasura GX
8846,ガスラレジスト,Veste Gasura
8847,ガスラＦレジスト,Veste Gasura F
8848,ガスラFXレジスト,Veste Gasura FX
8849,ガスラＧレジスト,Veste Gasura G
8850,ガスラGFレジスト,Veste Gasura GF
8851,ガスラGXレジスト,Veste Gasura GX
8852,怒貌Ｇ【胴当て】,
8853,怒貌GF【胴当て】,
8854,怒貌GX【胴当て】,
8855,怒面Ｇ【胴当て】,
8856,怒面GF【胴当て】,
8857,怒面GX【胴当て】,
8858,アビＧメイル,Cotte Abi G
8859,アビGFメイル,Cotte Abi GF
8860,アビGXメイル,Cotte Abi GX
8861,アビＧレジスト,Veste Abi G
8862,アビGFレジスト,Veste Abi GF
8863,アビGXレジスト,Veste Abi GX
8864,ジンオウメイル,Cotte Zinogre
8865,ジンオウＧメイル,Cotte Zinogre G
8866,ジンオウGFメイル,Cotte Zinogre GF
8867,ジンオウGXメイル,Cotte Zinogre GX
8868,ジンオウレジスト,Veste Zinogre
8869,ジンオウＧレジスト,Veste Zinogre G
8870,ジンオウGFレジスト,Veste Zinogre GF
8871,ジンオウGXレジスト,Veste Zinogre GX
8872,ガニアベスト・赤,Gilet Gania rouge
8873,ガニアＦベスト・赤,Gilet Gania F rouge
8874,ガニアFZベスト・赤,Gilet Gania FZ rouge
8875,ガニアHSベスト・赤,Gilet Gania HS rouge
8876,ガニアGSベスト・赤,Gilet Gania GS rouge
8877,ガニアGPベスト・赤,Gilet Gania GP rouge
8878,ガニアスーツ・赤,Combinaison Gania rouge
8879,ガニアＦスーツ・赤,Combinaison Gania F rouge
8880,ガニアFZスーツ・赤,Combinaison Gania FZ rouge
8881,ガニアHSスーツ・赤,Combinaison Gania HS rouge
8882,ガニアGSスーツ・赤,Combinaison Gania GS rouge
8883,ガニアGPスーツ・赤,Combinaison Gania GP rouge
8884,ガニアベスト・青,Gilet Gania bleu
8885,ガニアＦベスト・青,Gilet Gania F bleu
8886,ガニアFZベスト・青,Gilet Gania FZ bleu
8887,ガニアHSベスト・青,Gilet Gania HS bleu
8888,ガニアGSベスト・青,Gilet Gania GS bleu
8889,ガニアGPベスト・青,Gilet Gania GP bleu
8890,ガニアスーツ・青,Combinaison Gania bleue
8891,ガニアＦスーツ・青,Combinaison Gania F bleue
8892,ガニアFZスーツ・青,Combinaison Gania FZ bleue
8893,ガニアHSスーツ・青,Combinaison Gania HS bleue
8894,ガニアGSスーツ・青,Combinaison Gania GS bleue
8895,ガニアGPスーツ・青,Combinaison Gania GP bleue
8896,ガニアベスト・茶,Gilet Gania brun
8897,ガニアＦベスト・茶,Gilet Gania F brun
8898,ガニアFZベスト・茶,Gilet Gania FZ brun
8899,ガニアHSベスト・茶,Gilet Gania HS brun
8900,ガニアGSベスト・茶,Gilet Gania GS brun
8901,ガニアGPベスト・茶,Gilet Gania GP brun
8902,ガニアスーツ・茶,Combinaison Gania brune
8903,ガニアＦスーツ・茶,Combinaison Gania F brune
8904,ガニアFZスーツ・茶,Combinaison Gania FZ brune
8905,ガニアHSスーツ・茶,Combinaison Gania HS brune
8906,ガニアGSスーツ・茶,Combinaison Gania GS brune
8907,ガニアGPスーツ・茶,Combinaison Gania GP brune
8908,ガニアベスト・紫,Gilet Gania violet
8909,ガニアＦベスト・紫,Gilet Gania F violet
8910,ガニアFZベスト・紫,Gilet Gania FZ violet
8911,ガニアHSベスト・紫,Gilet Gania HS violet
8912,ガニアGSベスト・紫,Gilet Gania GS violet
8913,ガニアGPベスト・紫,Gilet Gania GP violet
8914,ガニアスーツ・紫,Combinaison Gania violette
8915,ガニアＦスーツ・紫,Combinaison Gania F violette
8916,ガニアFZスーツ・紫,Combinaison Gania FZ violette
8917,ガニアHSスーツ・紫,Combinaison Gania HS violette
8918,ガニアGSスーツ・紫,Combinaison Gania GS violette
8919,ガニアGPスーツ・紫,Combinaison Gania GP violette
8920,ディナトメイル,Cotte Dinato
8921,ディナトＦメイル,Cotte Dinato F
8922,ディナトFZメイル,Cotte Dinato FZ
8923,ディナトHSメイル,Cotte Dinato HS
8924,ディナトGSメイル,Cotte Dinato GS
8925,ディナトGPメイル,Cotte Dinato GP
8926,ディナトレジスト,Veste Dinato
8927,ディナトＦレジスト,Veste Dinato F
8928,ディナトFZレジスト,Veste Dinato FZ
8929,ディナトHSレジスト,Veste Dinato HS
8930,ディナトGSレジスト,Veste Dinato GS
8931,ディナトGPレジスト,Veste Dinato GP
8932,ドゥケメイル,Cotte Duque
8933,ドゥケＦメイル,Cotte Duque F
8934,ドゥケFZメイル,Cotte Duque FZ
8935,ドゥケHSメイル,Cotte Duque HS
8936,ドゥケGSメイル,Cotte Duque GS
8937,ドゥケGPメイル,Cotte Duque GP
8938,ドゥケレジスト,Veste Duque
8939,ドゥケＦレジスト,Veste Duque F
8940,ドゥケFZレジスト,Veste Duque FZ
8941,ドゥケHSレジスト,Veste Duque HS
8942,ドゥケGSレジスト,Veste Duque GS
8943,ドゥケGPレジスト,Veste Duque GP
8944,グラヌメイル,Cotte Granu
8945,グラヌＦメイル,Cotte Granu F
8946,グラヌFZメイル,Cotte Granu FZ
8947,グラヌHSメイル,Cotte Granu HS
8948,グラヌGSメイル,Cotte Granu GS
8949,グラヌGPメイル,Cotte Granu GP
8950,グラヌレジスト,Veste Granu
8951,グラヌＦレジスト,Veste Granu F
8952,グラヌFZレジスト,Veste Granu FZ
8953,グラヌHSレジスト,Veste Granu HS
8954,グラヌGSレジスト,Veste Granu GS
8955,グラヌGPレジスト,Veste Granu GP
8956,プラグスーツ：01,
8957,プラグＦスーツ：01,
8958,プラグFZスーツ：01,
8959,プラグHSスーツ：01,
8960,プラグGSスーツ：01,
8961,プラグGPスーツ：01,
8962,プラグレジスト：01,
8963,プラグＦレジスト：01,
8964,プラグFZレジスト：01,
8965,プラグHSレジスト：01,
8966,プラグGSレジスト：01,
8967,プラグGPレジスト：01,
8968,プラグスーツ：00,
8969,プラグＦスーツ：00,
8970,プラグFZスーツ：00,
8971,プラグHSスーツ：00,
8972,プラグGSスーツ：00,
8973,プラグGPスーツ：00,
8974,プラグレジスト：00,
8975,プラグＦレジスト：00,
8976,プラグFZレジスト：00,
8977,プラグHSレジスト：00,
8978,プラグGSレジスト：00,
8979,プラグGPレジスト：00,
8980,初号機スーツ,Combinaison Unit-
8981,初号機Ｆスーツ,Combinaison Unit- F
8982,初号機FZスーツ,Combinaison Unit- FZ
8983,初号機HSスーツ,Combinaison Unit- HS
8984,初号機GSスーツ,Combinaison Unit- GS
8985,初号機GPスーツ,Combinaison Unit- GP
8986,初号機レジスト,Veste Unit-
8987,初号機Ｆレジスト,Veste Unit- F
8988,初号機FZレジスト,Veste Unit- FZ
8989,初号機HSレジスト,Veste Unit- HS
8990,初号機GSレジスト,Veste Unit- GS
8991,初号機GPレジスト,Veste Unit- GP
8992,零号機スーツ,Combinaison Unit-
8993,零号機Ｆスーツ,Combinaison Unit- F
8994,零号機FZスーツ,Combinaison Unit- FZ
8995,零号機HSスーツ,Combinaison Unit- HS
8996,零号機GSスーツ,Combinaison Unit- GS
8997,零号機GPスーツ,Combinaison Unit- GP
8998,零号機レジスト,Veste Unit-
8999,零号機Ｆレジスト,Veste Unit- F
9000,零号機FZレジスト,Veste Unit- FZ
9001,零号機HSレジスト,Veste Unit- HS
9002,零号機GSレジスト,Veste Unit- GS
9003,零号機GPレジスト,Veste Unit- GP
9004,ダスクスーツ・赤,Combinaison Crépuscule rouge
9005,ダスクＦスーツ・赤,Combinaison Crépuscule F rouge
9006,ダスクFZスーツ・赤,Combinaison Crépuscule FZ rouge
9007,ダスクHSスーツ・赤,Combinaison Crépuscule HS rouge
9008,ダスクGSスーツ・赤,Combinaison Crépuscule GS rouge
9009,ダスクGPスーツ・赤,Combinaison Crépuscule GP rouge
9010,ダスクレジスト・赤,Veste Crépuscule rouge
9011,ダスクＦレジスト・赤,Veste Crépuscule F rouge
9012,ダスクFZレジスト・赤,Veste Crépuscule FZ rouge
9013,ダスクHSレジスト・赤,Veste Crépuscule HS rouge
9014,ダスクGSレジスト・赤,Veste Crépuscule GS rouge
9015,ダスクGPレジスト・赤,Veste Crépuscule GP rouge
9016,ダスクスーツ・白,Combinaison Crépuscule blanche
9017,ダスクＦスーツ・白,Combinaison Crépuscule F blanche
9018,ダスクFZスーツ・白,Combinaison Crépuscule FZ blanche
9019,ダスクHSスーツ・白,Combinaison Crépuscule HS blanche
9020,ダスクGSスーツ・白,Combinaison Crépuscule GS blanche
9021,ダスクGPスーツ・白,Combinaison Crépuscule GP blanche
9022,ダスクレジスト・白,Veste Crépuscule blanche
9023,ダスクＦレジスト・白,Veste Crépuscule F blanche
9024,ダスクFZレジスト・白,Veste Crépuscule FZ blanche
9025,ダスクHSレジスト・白,Veste Crépuscule HS blanche
9026,ダスクGSレジスト・白,Veste Crépuscule GS blanche
9027,ダスクGPレジスト・白,Veste Crépuscule GP blanche
9028,ダスクスーツ・桃,Combinaison Crépuscule rose
9029,ダスクＦスーツ・桃,Combinaison Crépuscule F rose
9030,ダスクFZスーツ・桃,Combinaison Crépuscule FZ rose
9031,ダスクHSスーツ・桃,Combinaison Crépuscule HS rose
9032,ダスクGSスーツ・桃,Combinaison Crépuscule GS rose
9033,ダスクGPスーツ・桃,Combinaison Crépuscule GP rose
9034,ダスクレジスト・桃,Veste Crépuscule rose
9035,ダスクＦレジスト・桃,Veste Crépuscule F rose
9036,ダスクFZレジスト・桃,Veste Crépuscule FZ rose
9037,ダスクHSレジスト・桃,Veste Crépuscule HS rose
9038,ダスクGSレジスト・桃,Veste Crépuscule GS rose
9039,ダスクGPレジスト・桃,Veste Crépuscule GP rose
9040,ダスクスーツ・青,Combinaison Crépuscule bleue
9041,ダスクＦスーツ・青,Combinaison Crépuscule F bleue
9042,ダスクFZスーツ・青,Combinaison Crépuscule FZ bleue
9043,ダスクHSスーツ・青,Combinaison Crépuscule HS bleue
9044,ダスクGSスーツ・青,Combinaison Crépuscule GS bleue
9045,ダスクGPスーツ・青,Combinaison Crépuscule GP bleue
9046,ダスクレジスト・青,Veste Crépuscule bleue
9047,ダスクＦレジスト・青,Veste Crépuscule F bleue
9048,ダスクFZレジスト・青,Veste Crépuscule FZ bleue
9049,ダスクHSレジスト・青,Veste Crépuscule HS bleue
9050,ダスクGSレジスト・青,Veste Crépuscule GS bleue
9051,ダスクGPレジスト・青,Veste Crépuscule GP bleue
9052,トイストメイル,
9053,トイストＦメイル,
9054,トイストFZメイル,
9055,トイストHSメイル,
9056,トイストGSメイル,
9057,トイストGPメイル,
9058,トイストレジスト,
9059,トイストＦレジスト,
9060,トイストFZレジスト,
9061,トイストHSレジスト,
9062,トイストGSレジスト,
9063,トイストGPレジスト,
9064,ネコダンスーツ,Combinaison Nekodan
9065,ネコダンＦスーツ,Combinaison Nekodan F
9066,ネコダンFZスーツ,Combinaison Nekodan FZ
9067,ネコダンHSスーツ,Combinaison Nekodan HS
9068,ネコダンGSスーツ,Combinaison Nekodan GS
9069,ネコダンGPスーツ,Combinaison Nekodan GP
9070,ロワーガペット,
9071,ロワーガＧペット,
9072,ロワーガGFペット,
9073,ロワーガGXペット,
9074,ロワーガペクトス,
9075,ロワーガＧペクトス,
9076,ロワーガGFペクトス,
9077,ロワーガGXペクトス,
9078,ファルメルペット,
9079,ファルメルＧペット,
9080,ファルメルGFペット,
9081,ファルメルGXペット,
9082,ファルメルペクトス,
9083,ファルメルＧペクトス,
9084,ファルメルGFペクトス,
9085,ファルメルGXペクトス,
9086,リアルオＧメイル,Cotte Riaruo G
9087,リアルオGFメイル,Cotte Riaruo GF
9088,リアルオGXメイル,Cotte Riaruo GX
9089,リアルオＧレジスト,Veste Riaruo G
9090,リアルオGFレジスト,Veste Riaruo GF
9091,リアルオGXレジスト,Veste Riaruo GX
9092,オルドルメイル,Cotte Ordre
9093,オルドルＦメイル,Cotte Ordre F
9094,オルドルFYメイル,Cotte Ordre FY
9095,オルドルHSメイル,Cotte Ordre HS
9096,オルドルＧメイル,Cotte Ordre G
9097,オルドルGFメイル,Cotte Ordre GF
9098,オルドルGXメイル,Cotte Ordre GX
9099,オルドルレジスト,Veste Ordre
9100,オルドルＦレジスト,Veste Ordre F
9101,オルドルFYレジスト,Veste Ordre FY
9102,オルドルHSレジスト,Veste Ordre HS
9103,オルドルＧレジスト,Veste Ordre G
9104,オルドルGFレジスト,Veste Ordre GF
9105,オルドルGXレジスト,Veste Ordre GX
9106,チェニーメイル,Cotte Cheni
9107,チェニーＦメイル,Cotte Cheni F
9108,チェニーFYメイル,Cotte Cheni FY
9109,チェニーHSメイル,Cotte Cheni HS
9110,チェニーＧメイル,Cotte Cheni G
9111,チェニーGFメイル,Cotte Cheni GF
9112,チェニーGXメイル,Cotte Cheni GX
9113,チェニーレジスト,Veste Cheni
9114,チェニーＦレジスト,Veste Cheni F
9115,チェニーFYレジスト,Veste Cheni FY
9116,チェニーHSレジスト,Veste Cheni HS
9117,チェニーＧレジスト,Veste Cheni G
9118,チェニーGFレジスト,Veste Cheni GF
9119,チェニーGXレジスト,Veste Cheni GX
9120,ミニオムメイル,Cotte Miniomu
9121,ミニオムＦメイル,Cotte Miniomu F
9122,ミニオムFYメイル,Cotte Miniomu FY
9123,ミニオムHSメイル,Cotte Miniomu HS
9124,ミニオムＧメイル,Cotte Miniomu G
9125,ミニオムGFメイル,Cotte Miniomu GF
9126,ミニオムGXメイル,Cotte Miniomu GX
9127,ミニオムレジスト,Veste Miniomu
9128,ミニオムＦレジスト,Veste Miniomu F
9129,ミニオムFYレジスト,Veste Miniomu FY
9130,ミニオムHSレジスト,Veste Miniomu HS
9131,ミニオムＧレジスト,Veste Miniomu G
9132,ミニオムGFレジスト,Veste Miniomu GF
9133,ミニオムGXレジスト,Veste Miniomu GX
9134,ワンスメイル,
9135,ワンスＦメイル,
9136,ワンスFYメイル,
9137,ワンスHSメイル,
9138,ワンスＧメイル,
9139,ワンスGFメイル,
9140,ワンスGXメイル,
9141,ワンスレジスト,
9142,ワンスＦレジスト,
9143,ワンスFYレジスト,
9144,ワンスHSレジスト,
9145,ワンスＧレジスト,
9146,ワンスGFレジスト,
9147,ワンスGXレジスト,
9148,浮峰【胴当て】,
9149,浮峰Ｆ【胴当て】,
9150,浮峰FX【胴当て】,
9151,浮峰Ｇ【胴当て】,
9152,浮峰GF【胴当て】,
9153,浮峰GX【胴当て】,
9154,浮嶺【胴当て】,
9155,浮嶺Ｆ【胴当て】,
9156,浮嶺FX【胴当て】,
9157,浮嶺Ｇ【胴当て】,
9158,浮嶺GF【胴当て】,
9159,浮嶺GX【胴当て】,
9160,モノデビルＧメイル,Cotte Monodevil G
9161,モノデビルGFメイル,Cotte Monodevil GF
9162,モノデビルGXメイル,Cotte Monodevil GX
9163,モノデビルＧレジスト,Veste Monodevil G
9164,モノデビルGFレジスト,Veste Monodevil GF
9165,モノデビルGXレジスト,Veste Monodevil GX
9166,ディアースＧメイル,Cotte Diablos G
9167,ディアースGFメイル,Cotte Diablos GF
9168,ディアースGXメイル,Cotte Diablos GX
9169,ディアースＧレジスト,Veste Diablos G
9170,ディアースGFレジスト,Veste Diablos GF
9171,ディアースGXレジスト,Veste Diablos GX
9172,ワダツミGX【胸当て】,
9173,オカミGX【胸当て】,
9174,オディバGXメイル,Cotte Odiva GX
9175,オディバGXレジスト,Veste Odiva GX
9176,雅孔GX【胴当て】,
9177,雅穿GX【胴当て】,
9178,バンギスメイル,Cotte Vangis
9179,バンギスＧメイル,Cotte Vangis G
9180,バンギスGFメイル,Cotte Vangis GF
9181,バンギスGXメイル,Cotte Vangis GX
9182,バンギスレジスト,Veste Vangis
9183,バンギスＧレジスト,Veste Vangis G
9184,バンギスGFレジスト,Veste Vangis GF
9185,バンギスGXレジスト,Veste Vangis GX
9186,シルティメイル,Cotte Shiruti
9187,シルティＦメイル,Cotte Shiruti F
9188,シルティFZメイル,Cotte Shiruti FZ
9189,シルティHSメイル,Cotte Shiruti HS
9190,シルティGSメイル,Cotte Shiruti GS
9191,シルティGPメイル,Cotte Shiruti GP
9192,シルティレジスト,Veste Shiruti
9193,シルティＦレジスト,Veste Shiruti F
9194,シルティFZレジスト,Veste Shiruti FZ
9195,シルティHSレジスト,Veste Shiruti HS
9196,シルティGSレジスト,Veste Shiruti GS
9197,シルティGPレジスト,Veste Shiruti GP
9198,ブラキメイル,Cotte Brachy
9199,ブラキＧメイル,Cotte Brachy G
9200,ブラキGFメイル,Cotte Brachy GF
9201,ブラキGXメイル,Cotte Brachy GX
9202,ブラキレジスト,Veste Brachy
9203,ブラキＧレジスト,Veste Brachy G
9204,ブラキGFレジスト,Veste Brachy GF
9205,ブラキGXレジスト,Veste Brachy GX
9206,トリドメイル,Cotte Torid
9207,トリドＦメイル,Cotte Torid F
9208,トリドFXメイル,Cotte Torid FX
9209,トリドＧメイル,Cotte Torid G
9210,トリドGFメイル,Cotte Torid GF
9211,トリドGXメイル,Cotte Torid GX
9212,トリドレジスト,Veste Torid
9213,トリドＦレジスト,Veste Torid F
9214,トリドFXレジスト,Veste Torid FX
9215,トリドＧレジスト,Veste Torid G
9216,トリドGFレジスト,Veste Torid GF
9217,トリドGXレジスト,Veste Torid GX
9218,照雷Ｇ【胴当て】,
9219,照雷GF【胴当て】,
9220,照雷GX【胴当て】,
9221,明雷Ｇ【胴当て】,
9222,明雷GF【胴当て】,
9223,明雷GX【胴当て】,
9224,エスピスＧムスケル,
9225,エスピスGFムスケル,
9226,エスピスGXムスケル,
9227,エスピスＧケミュート,
9228,エスピスGFケミュート,
9229,エスピスGXケミュート,
9230,ヴォラＧメイル,Cotte Volga G
9231,ヴォラGFメイル,Cotte Volga GF
9232,ヴォラGXメイル,Cotte Volga GX
9233,ヴォラＧレジスト,Veste Volga G
9234,ヴォラGFレジスト,Veste Volga GF
9235,ヴォラGXレジスト,Veste Volga GX
9236,ラヴィＧメイル：猛,
9237,ラヴィGFメイル：猛,
9238,ラヴィGXメイル：猛,
9239,ラヴィＧレジスト：猛,
9240,ラヴィGFレジスト：猛,
9241,ラヴィGXレジスト：猛,
9242,ラヴィメイル：狂,
9243,ラヴィHSメイル：狂,
9244,ラヴィＧメイル：狂,
9245,ラヴィGFメイル：狂,
9246,ラヴィGXメイル：狂,
9247,ラヴィレジスト：狂,
9248,ラヴィHSレジスト：狂,
9249,ラヴィＧレジスト：狂,
9250,ラヴィGFレジスト：狂,
9251,ラヴィGXレジスト：狂,
9252,ラヴィＧメイル,Cotte Raviente G
9253,ラヴィGFメイル,Cotte Raviente GF
9254,ラヴィGXメイル,Cotte Raviente GX
9255,ラヴィＧレジスト,Veste Raviente G
9256,ラヴィGFレジスト,Veste Raviente GF
9257,ラヴィGXレジスト,Veste Raviente GX
9258,ヒプシーＧメイル,Cotte Hypnoc G
9259,ヒプシーGFメイル,Cotte Hypnoc GF
9260,ヒプシーGXメイル,Cotte Hypnoc GX
9261,ヒプシーＧレジスト,Veste Hypnoc G
9262,ヒプシーGFレジスト,Veste Hypnoc GF
9263,ヒプシーGXレジスト,Veste Hypnoc GX
9264,ヴィーチメイル,Cotte Vichi
9265,ヴィーチＦメイル,Cotte Vichi F
9266,ヴィーチFZメイル,Cotte Vichi FZ
9267,ヴィーチHSメイル,Cotte Vichi HS
9268,ヴィーチGSメイル,Cotte Vichi GS
9269,ヴィーチGPメイル,Cotte Vichi GP
9270,ヴィーチレジスト,Veste Vichi
9271,ヴィーチＦレジスト,Veste Vichi F
9272,ヴィーチFZレジスト,Veste Vichi FZ
9273,ヴィーチHSレジスト,Veste Vichi HS
9274,ヴィーチGSレジスト,Veste Vichi GS
9275,ヴィーチGPレジスト,Veste Vichi GP
9276,ギルドバードスーツ,Combinaison Guilde
9277,ギルドバードＧスーツ,Combinaison Guilde G
9278,ギルドバードGFスーツ,Combinaison Guilde GF
9279,ギルドバードGXスーツ,Combinaison Guilde GX
9280,ギルドバードベスト,Gilet Guilde
9281,ギルドバードＧベスト,Gilet Guilde G
9282,ギルドバードGFベスト,Gilet Guilde GF
9283,ギルドバードGXベスト,Gilet Guilde GX
9284,スカラースーツ,Combinaison Érudit
9285,スカラーＧスーツ,Combinaison Érudit G
9286,スカラーGFスーツ,Combinaison Érudit GF
9287,スカラーGXスーツ,Combinaison Érudit GX
9288,スカラーベスト,Gilet Érudit
9289,スカラーＧベスト,Gilet Érudit G
9290,スカラーGFベスト,Gilet Érudit GF
9291,スカラーGXベスト,Gilet Érudit GX
9292,アミスタメイル・黒,Cotte Amista noire
9293,アミスタＦメイル・黒,Cotte Amista F noire
9294,アミスタFZメイル・黒,Cotte Amista FZ noire
9295,アミスタHSメイル・黒,Cotte Amista HS noire
9296,アミスタGSメイル・黒,Cotte Amista GS noire
9297,アミスタGPメイル・黒,Cotte Amista GP noire
9298,アミスタスーツ・黒,Combinaison Amista noire
9299,アミスタＦスーツ・黒,Combinaison Amista F noire
9300,アミスタFZスーツ・黒,Combinaison Amista FZ noire
9301,アミスタHSスーツ・黒,Combinaison Amista HS noire
9302,アミスタGSスーツ・黒,Combinaison Amista GS noire
9303,アミスタGPスーツ・黒,Combinaison Amista GP noire
9304,アミスタメイル・白,Cotte Amista blanche
9305,アミスタＦメイル・白,Cotte Amista F blanche
9306,アミスタFZメイル・白,Cotte Amista FZ blanche
9307,アミスタHSメイル・白,Cotte Amista HS blanche
9308,アミスタGSメイル・白,Cotte Amista GS blanche
9309,アミスタGPメイル・白,Cotte Amista GP blanche
9310,アミスタスーツ・白,Combinaison Amista blanche
9311,アミスタＦスーツ・白,Combinaison Amista F blanche
9312,アミスタFZスーツ・白,Combinaison Amista FZ blanche
9313,アミスタHSスーツ・白,Combinaison Amista HS blanche
9314,アミスタGSスーツ・白,Combinaison Amista GS blanche
9315,アミスタGPスーツ・白,Combinaison Amista GP blanche
9316,アミスタメイル・青,Cotte Amista bleue
9317,アミスタＦメイル・青,Cotte Amista F bleue
9318,アミスタFZメイル・青,Cotte Amista FZ bleue
9319,アミスタHSメイル・青,Cotte Amista HS bleue
9320,アミスタGSメイル・青,Cotte Amista GS bleue
9321,アミスタGPメイル・青,Cotte Amista GP bleue
9322,アミスタスーツ・青,Combinaison Amista bleue
9323,アミスタＦスーツ・青,Combinaison Amista F bleue
9324,アミスタFZスーツ・青,Combinaison Amista FZ bleue
9325,アミスタHSスーツ・青,Combinaison Amista HS bleue
9326,アミスタGSスーツ・青,Combinaison Amista GS bleue
9327,アミスタGPスーツ・青,Combinaison Amista GP bleue
9328,アミスタメイル・紅,Cotte Amista cramoisie
9329,アミスタＦメイル・紅,Cotte Amista F cramoisie
9330,アミスタFZメイル・紅,Cotte Amista FZ cramoisie
9331,アミスタHSメイル・紅,Cotte Amista HS cramoisie
9332,アミスタGSメイル・紅,Cotte Amista GS cramoisie
9333,アミスタGPメイル・紅,Cotte Amista GP cramoisie
9334,アミスタスーツ・紅,Combinaison Amista cramoisie
9335,アミスタＦスーツ・紅,Combinaison Amista F cramoisie
9336,アミスタFZスーツ・紅,Combinaison Amista FZ cramoisie
9337,アミスタHSスーツ・紅,Combinaison Amista HS cramoisie
9338,アミスタGSスーツ・紅,Combinaison Amista GS cramoisie
9339,アミスタGPスーツ・紅,Combinaison Amista GP cramoisie
9340,プラグスーツ：06,
9341,プラグＦスーツ：06,
9342,プラグFZスーツ：06,
9343,プラグHSスーツ：06,
9344,プラグGSスーツ：06,
9345,プラグGPスーツ：06,
9346,プラグレジスト：06,
9347,プラグＦレジスト：06,
9348,プラグFZレジスト：06,
9349,プラグHSレジスト：06,
9350,プラグGSレジスト：06,
9351,プラグGPレジスト：06,
9352,プラグスーツ：02,
9353,プラグＦスーツ：02,
9354,プラグFZスーツ：02,
9355,プラグHSスーツ：02,
9356,プラグGSスーツ：02,
9357,プラグGPスーツ：02,
9358,プラグレジスト：02,
9359,プラグＦレジスト：02,
9360,プラグFZレジスト：02,
9361,プラグHSレジスト：02,
9362,プラグGSレジスト：02,
9363,プラグGPレジスト：02,
9364,Ｍark.０６スーツ,Combinaison Mark
9365,Ｍark.０６Ｆスーツ,Combinaison Mark F
9366,Ｍark.０６FZスーツ,Combinaison Mark FZ
9367,Ｍark.０６HSスーツ,Combinaison Mark HS
9368,Ｍark.０６GSスーツ,Combinaison Mark GS
9369,Ｍark.０６GPスーツ,Combinaison Mark GP
9370,Ｍark.０６ベスト,Gilet Mark
9371,Ｍark.０６Ｆベスト,Gilet Mark F
9372,Ｍark.０６FZベスト,Gilet Mark FZ
9373,Ｍark.０６HSベスト,Gilet Mark HS
9374,Ｍark.０６GSベスト,Gilet Mark GS
9375,Ｍark.０６GPベスト,Gilet Mark GP
9376,２号機スーツ,Combinaison Unit-
9377,２号機Ｆスーツ,Combinaison Unit- F
9378,２号機FZスーツ,Combinaison Unit- FZ
9379,２号機HSスーツ,Combinaison Unit- HS
9380,２号機GSスーツ,Combinaison Unit- GS
9381,２号機GPスーツ,Combinaison Unit- GP
9382,２号機レジスト,Veste Unit-
9383,２号機Ｆレジスト,Veste Unit- F
9384,２号機FZレジスト,Veste Unit- FZ
9385,２号機HSレジスト,Veste Unit- HS
9386,２号機GSレジスト,Veste Unit- GS
9387,２号機GPレジスト,Veste Unit- GP
9388,カイラメイル,Cotte Kaila
9389,カイラＦメイル,Cotte Kaila F
9390,カイラFZメイル,Cotte Kaila FZ
9391,カイラHSメイル,Cotte Kaila HS
9392,カイラGSメイル,Cotte Kaila GS
9393,カイラGPメイル,Cotte Kaila GP
9394,カイラスーツ,Combinaison Kaila
9395,カイラＦスーツ,Combinaison Kaila F
9396,カイラFZスーツ,Combinaison Kaila FZ
9397,カイラHSスーツ,Combinaison Kaila HS
9398,カイラGSスーツ,Combinaison Kaila GS
9399,カイラGPスーツ,Combinaison Kaila GP
9400,ダミー,
9401,ダミー,
9402,ダミー,
9403,ダミー,
9404,ダミー,
9405,ダミー,
9406,オトノジャケット,
9407,オトノＦジャケット,
9408,オトノFYジャケット,
9409,オトノHSジャケット,
9410,オトノＧジャケット,
9411,オトノGFジャケット,
9412,オトノGXジャケット,
9413,カバリバメイル,Cotte Kabariba
9414,カバリバＦメイル,Cotte Kabariba F
9415,カバリバFYメイル,Cotte Kabariba FY
9416,カバリバHSメイル,Cotte Kabariba HS
9417,カバリバＧメイル,Cotte Kabariba G
9418,カバリバGFメイル,Cotte Kabariba GF
9419,カバリバGXメイル,Cotte Kabariba GX
9420,カバリバレジスト,Veste Kabariba
9421,カバリバＦレジスト,Veste Kabariba F
9422,カバリバFYレジスト,Veste Kabariba FY
9423,カバリバHSレジスト,Veste Kabariba HS
9424,カバリバＧレジスト,Veste Kabariba G
9425,カバリバGFレジスト,Veste Kabariba GF
9426,カバリバGXレジスト,Veste Kabariba GX
9427,トルボダメイル,Cotte Toruboda
9428,トルボダＦメイル,Cotte Toruboda F
9429,トルボダFYメイル,Cotte Toruboda FY
9430,トルボダHSメイル,Cotte Toruboda HS
9431,トルボダＧメイル,Cotte Toruboda G
9432,トルボダGFメイル,Cotte Toruboda GF
9433,トルボダGXメイル,Cotte Toruboda GX
9434,トルボダレジスト,Veste Toruboda
9435,トルボダＦレジスト,Veste Toruboda F
9436,トルボダFYレジスト,Veste Toruboda FY
9437,トルボダHSレジスト,Veste Toruboda HS
9438,トルボダＧレジスト,Veste Toruboda G
9439,トルボダGFレジスト,Veste Toruboda GF
9440,トルボダGXレジスト,Veste Toruboda GX
9441,オリクトメイル,Cotte Orykto
9442,オリクトＦメイル,Cotte Orykto F
9443,オリクトFYメイル,Cotte Orykto FY
9444,オリクトHSメイル,Cotte Orykto HS
9445,オリクトレジスト,Veste Orykto
9446,オリクトＦレジスト,Veste Orykto F
9447,オリクトFYレジスト,Veste Orykto FY
9448,オリクトHSレジスト,Veste Orykto HS
9449,レウアスＧメイル,Cotte Reuasu G
9450,レウアスGFメイル,Cotte Reuasu GF
9451,レウアスGXメイル,Cotte Reuasu GX
9452,レウアスＧレジスト,Veste Reuasu G
9453,レウアスGFレジスト,Veste Reuasu GF
9454,レウアスGXレジスト,Veste Reuasu GX
9455,ハリメノメイル,Cotte Harimeno
9456,ハリメノＦメイル,Cotte Harimeno F
9457,ハリメノFYメイル,Cotte Harimeno FY
9458,ハリメノHSメイル,Cotte Harimeno HS
9459,ハリメノＧメイル,Cotte Harimeno G
9460,ハリメノGFメイル,Cotte Harimeno GF
9461,ハリメノGXメイル,Cotte Harimeno GX
9462,ハリメノレジスト,Veste Harimeno
9463,ハリメノＦレジスト,Veste Harimeno F
9464,ハリメノFYレジスト,Veste Harimeno FY
9465,ハリメノHSレジスト,Veste Harimeno HS
9466,ハリメノＧレジスト,Veste Harimeno G
9467,ハリメノGFレジスト,Veste Harimeno GF
9468,ハリメノGXレジスト,Veste Harimeno GX
9469,シウスＧジャケット,
9470,シウスGFジャケット,
9471,シウスGXジャケット,
9472,シウスＧスーツ,Combinaison Shiusu G
9473,シウスGFスーツ,Combinaison Shiusu GF
9474,シウスGXスーツ,Combinaison Shiusu GX
9475,ベリオメイル,Cotte Barioth
9476,ベリオＧメイル,Cotte Barioth G
9477,ベリオGFメイル,Cotte Barioth GF
9478,ベリオGXメイル,Cotte Barioth GX
9479,ベリオレジスト,Veste Barioth
9480,ベリオＧレジスト,Veste Barioth G
9481,ベリオGFレジスト,Veste Barioth GF
9482,ベリオGXレジスト,Veste Barioth GX
9483,ウィルＧメイル,
9484,ウィルGFメイル,
9485,ウィルGXメイル,
9486,ウィルＧレジスト,
9487,ウィルGFレジスト,
9488,ウィルGXレジスト,
9489,ケイスメイル,Cotte Keisu
9490,ケイスＦメイル,Cotte Keisu F
9491,ケイスFYメイル,Cotte Keisu FY
9492,ケイスHSメイル,Cotte Keisu HS
9493,ケイスＧメイル,Cotte Keisu G
9494,ケイスGFメイル,Cotte Keisu GF
9495,ケイスGXメイル,Cotte Keisu GX
9496,ケイスレジスト,Veste Keisu
9497,ケイスＦレジスト,Veste Keisu F
9498,ケイスFYレジスト,Veste Keisu FY
9499,ケイスHSレジスト,Veste Keisu HS
9500,ケイスＧレジスト,Veste Keisu G
9501,ケイスGFレジスト,Veste Keisu GF
9502,ケイスGXレジスト,Veste Keisu GX
9503,リュミエメイル,Cotte Lumiere
9504,リュミエＦメイル,Cotte Lumiere F
9505,リュミエFYメイル,Cotte Lumiere FY
9506,リュミエHSメイル,Cotte Lumiere HS
9507,リュミエＧメイル,Cotte Lumiere G
9508,リュミエGFメイル,Cotte Lumiere GF
9509,リュミエGXメイル,Cotte Lumiere GX
9510,リュミエレジスト,Veste Lumiere
9511,リュミエＦレジスト,Veste Lumiere F
9512,リュミエFYレジスト,Veste Lumiere FY
9513,リュミエHSレジスト,Veste Lumiere HS
9514,リュミエＧレジスト,Veste Lumiere G
9515,リュミエGFレジスト,Veste Lumiere GF
9516,リュミエGXレジスト,Veste Lumiere GX
9517,クレオラメイル,Cotte Cleora
9518,クレオラＦメイル,Cotte Cleora F
9519,クレオラFYメイル,Cotte Cleora FY
9520,クレオラHSメイル,Cotte Cleora HS
9521,クレオラＧメイル,Cotte Cleora G
9522,クレオラGFメイル,Cotte Cleora GF
9523,クレオラGXメイル,Cotte Cleora GX
9524,クレオラレジスト,Veste Cleora
9525,クレオラＦレジスト,Veste Cleora F
9526,クレオラFYレジスト,Veste Cleora FY
9527,クレオラHSレジスト,Veste Cleora HS
9528,クレオラＧレジスト,Veste Cleora G
9529,クレオラGFレジスト,Veste Cleora GF
9530,クレオラGXレジスト,Veste Cleora GX
9531,ドラギュＧメイル,Cotte Doragyurosu G
9532,ドラギュGFメイル,Cotte Doragyurosu GF
9533,ドラギュGXメイル,Cotte Doragyurosu GX
9534,ドラギュＧレジスト,Veste Doragyurosu G
9535,ドラギュGFレジスト,Veste Doragyurosu GF
9536,ドラギュGXレジスト,Veste Doragyurosu GX
9537,ウィンドGXディール,
9538,ウィンドGXバダル,
9539,メラギGXメイル,Cotte Meraginasu GX
9540,メラギGXレジスト,Veste Meraginasu GX
9541,ポボルムGXメイル,Cotte Pobo GX
9542,ポボルムGXレジスト,Veste Pobo GX
9543,トアメイル,Cotte Toa
9544,トアＦメイル,Cotte Toa F
9545,トアFXメイル,Cotte Toa FX
9546,トアＧメイル,Cotte Toa G
9547,トアGFメイル,Cotte Toa GF
9548,トアGXメイル,Cotte Toa GX
9549,トアレジスト,Veste Toa
9550,トアＦレジスト,Veste Toa F
9551,トアFXレジスト,Veste Toa FX
9552,トアＧレジスト,Veste Toa G
9553,トアGFレジスト,Veste Toa GF
9554,トアGXレジスト,Veste Toa GX
9555,ククスＧメイル,Cotte Kut G
9556,ククスGFメイル,Cotte Kut GF
9557,ククスGXメイル,Cotte Kut GX
9558,ククスＧレジスト,Veste Kut G
9559,ククスGFレジスト,Veste Kut GF
9560,ククスGXレジスト,Veste Kut GX
9561,弩岩Ｇ【胴当て】,
9562,弩岩GF【胴当て】,
9563,弩岩GX【胴当て】,
9564,紅岩Ｇ【胴当て】,
9565,紅岩GF【胴当て】,
9566,紅岩GX【胴当て】,
9567,シエロメイル,Cotte Cielo
9568,シエロＦメイル,Cotte Cielo F
9569,シエロFZメイル,Cotte Cielo FZ
9570,シエロHSメイル,Cotte Cielo HS
9571,シエロGSメイル,Cotte Cielo GS
9572,シエロGPメイル,Cotte Cielo GP
9573,シエロスーツ,Combinaison Cielo
9574,シエロＦスーツ,Combinaison Cielo F
9575,シエロFZスーツ,Combinaison Cielo FZ
9576,シエロHSスーツ,Combinaison Cielo HS
9577,シエロGSスーツ,Combinaison Cielo GS
9578,シエロGPスーツ,Combinaison Cielo GP
9579,ガガチュベスト,Gilet Gagachu
9580,ガガチュＦベスト,Gilet Gagachu F
9581,ガガチュFZベスト,Gilet Gagachu FZ
9582,ガガチュHSベスト,Gilet Gagachu HS
9583,ガガチュGSベスト,Gilet Gagachu GS
9584,ガガチュGPベスト,Gilet Gagachu GP
9585,ガガチュスーツ,Combinaison Gagachu
9586,ガガチュＦスーツ,Combinaison Gagachu F
9587,ガガチュFZスーツ,Combinaison Gagachu FZ
9588,ガガチュHSスーツ,Combinaison Gagachu HS
9589,ガガチュGSスーツ,Combinaison Gagachu GS
9590,ガガチュGPスーツ,Combinaison Gagachu GP
9591,サルタメイル,Cotte Salta
9592,サルタＦメイル,Cotte Salta F
9593,サルタFZメイル,Cotte Salta FZ
9594,サルタHSメイル,Cotte Salta HS
9595,サルタGSメイル,Cotte Salta GS
9596,サルタGPメイル,Cotte Salta GP
9597,サルタスーツ,Combinaison Salta
9598,サルタＦスーツ,Combinaison Salta F
9599,サルタFZスーツ,Combinaison Salta FZ
9600,サルタHSスーツ,Combinaison Salta HS
9601,サルタGSスーツ,Combinaison Salta GS
9602,サルタGPスーツ,Combinaison Salta GP
9603,チールＧジャケット,
9604,チールGFジャケット,
9605,チールGXジャケット,
9606,チールＧスーツ,Combinaison Chiru G
9607,チールGFスーツ,Combinaison Chiru GF
9608,チールGXスーツ,Combinaison Chiru GX
9609,ガネトＧジャケット,
9610,ガネトGFジャケット,
9611,ガネトGXジャケット,
9612,ガネトＧスーツ,Combinaison Ganeto G
9613,ガネトGFスーツ,Combinaison Ganeto GF
9614,ガネトGXスーツ,Combinaison Ganeto GX
9615,千代ノ装束,
9616,千代ノ装束Ｆ,
9617,千代ノ装束FZ,
9618,千代ノ装束HS,
9619,千代ノ装束GS,
9620,千代ノ装束GP,
9621,千代ノ御衣,
9622,千代ノ御衣Ｆ,
9623,千代ノ御衣FZ,
9624,千代ノ御衣HS,
9625,千代ノ御衣GS,
9626,千代ノ御衣GP,
9627,ガンキンメイル,Cotte Uragaan
9628,ガンキンＧメイル,Cotte Uragaan G
9629,ガンキンGFメイル,Cotte Uragaan GF
9630,ガンキンGXメイル,Cotte Uragaan GX
9631,ガンキンレジスト,Veste Uragaan
9632,ガンキンＧレジスト,Veste Uragaan G
9633,ガンキンGFレジスト,Veste Uragaan GF
9634,ガンキンGXレジスト,Veste Uragaan GX
9635,オニキスメイル,
9636,オニキスＦメイル,
9637,オニキスFXメイル,
9638,ルチルメイル,Cotte Rutile
9639,ルチルＦメイル,Cotte Rutile F
9640,ルチルFXメイル,Cotte Rutile FX
9641,白虎・斬将Ｇメイル,
9642,白虎・斬将GFメイル,
9643,白虎・斬将GXメイル,
9644,朱雀・斬将Ｇメイル,
9645,朱雀・斬将GFメイル,
9646,朱雀・斬将GXメイル,
9647,玄武・斬将Ｇメイル,
9648,玄武・斬将GFメイル,
9649,玄武・斬将GXメイル,
9650,青龍・斬将Ｇメイル,
9651,青龍・斬将GFメイル,
9652,青龍・斬将GXメイル,
9653,白蘭・斬将メイル,
9654,白蘭・斬将Ｆメイル,
9655,白蘭・斬将FXメイル,
9656,紅霞・斬将メイル,
9657,紅霞・斬将Ｆメイル,
9658,紅霞・斬将FXメイル,
9659,白蘭・斬将Ｇメイル,
9660,白蘭・斬将GFメイル,
9661,白蘭・斬将GXメイル,
9662,月夜・斬将Ｇメイル,
9663,月夜・斬将GFメイル,
9664,月夜・斬将GXメイル,
9665,紅霞・斬将Ｇメイル,
9666,紅霞・斬将GFメイル,
9667,紅霞・斬将GXメイル,
9668,蒼穹・斬将Ｇメイル,
9669,蒼穹・斬将GFメイル,
9670,蒼穹・斬将GXメイル,
9671,グァンメイル,Cotte Guan
9672,グァンＦメイル,Cotte Guan F
9673,グァンFXメイル,Cotte Guan FX
9674,グァンＧメイル,Cotte Guan G
9675,グァンGFメイル,Cotte Guan GF
9676,グァンGXメイル,Cotte Guan GX
9677,グァンレジスト,Veste Guan
9678,グァンＦレジスト,Veste Guan F
9679,グァンFXレジスト,Veste Guan FX
9680,グァンＧレジスト,Veste Guan G
9681,グァンGFレジスト,Veste Guan GF
9682,グァンGXレジスト,Veste Guan GX
9683,帝征Ｇ【胴当て】,
9684,帝征GF【胴当て】,
9685,帝征GX【胴当て】,
9686,帝王Ｇ【胴当て】,
9687,帝王GF【胴当て】,
9688,帝王GX【胴当て】,
9689,クシャナＧディール,
9690,クシャナGFディール,
9691,クシャナGXディール,
9692,クシャナＧバダル,
9693,クシャナGFバダル,
9694,クシャナGXバダル,
9695,カイザーＧメイル,
9696,カイザーGFメイル,
9697,カイザーGXメイル,
9698,カイザーＧレジスト,
9699,カイザーGFレジスト,
9700,カイザーGXレジスト,
9701,ミヅハＧ【胸当て】,
9702,ミヅハGF【胸当て】,
9703,ミヅハGX【胸当て】,
9704,トヨタマＧ【胸当て】,
9705,トヨタマGF【胸当て】,
9706,トヨタマGX【胸当て】,
9707,ナルガメイル,Cotte Nargacuga
9708,ナルガＧメイル,Cotte Nargacuga G
9709,ナルガGFメイル,Cotte Nargacuga GF
9710,ナルガGXメイル,Cotte Nargacuga GX
9711,ナルガレジスト,Veste Nargacuga
9712,ナルガＧレジスト,Veste Nargacuga G
9713,ナルガGFレジスト,Veste Nargacuga GF
9714,ナルガGXレジスト,Veste Nargacuga GX
9715,ペリフメイル・青,Cotte Perif bleue
9716,ペリフＦメイル・青,Cotte Perif F bleue
9717,ペリフFZメイル・青,Cotte Perif FZ bleue
9718,ペリフHSメイル・青,Cotte Perif HS bleue
9719,ペリフGSメイル・青,Cotte Perif GS bleue
9720,ペリフGPメイル・青,Cotte Perif GP bleue
9721,ペリフレジスト・青,Veste Perif bleue
9722,ペリフＦレジスト・青,Veste Perif F bleue
9723,ペリフFZレジスト・青,Veste Perif FZ bleue
9724,ペリフHSレジスト・青,Veste Perif HS bleue
9725,ペリフGSレジスト・青,Veste Perif GS bleue
9726,ペリフGPレジスト・青,Veste Perif GP bleue
9727,ペリフメイル・茶,Cotte Perif brune
9728,ペリフＦメイル・茶,Cotte Perif F brune
9729,ペリフFZメイル・茶,Cotte Perif FZ brune
9730,ペリフHSメイル・茶,Cotte Perif HS brune
9731,ペリフGSメイル・茶,Cotte Perif GS brune
9732,ペリフGPメイル・茶,Cotte Perif GP brune
9733,ペリフレジスト・茶,Veste Perif brune
9734,ペリフＦレジスト・茶,Veste Perif F brune
9735,ペリフFZレジスト・茶,Veste Perif FZ brune
9736,ペリフHSレジスト・茶,Veste Perif HS brune
9737,ペリフGSレジスト・茶,Veste Perif GS brune
9738,ペリフGPレジスト・茶,Veste Perif GP brune
9739,ペリフメイル・緑,Cotte Perif verte
9740,ペリフＦメイル・緑,Cotte Perif F verte
9741,ペリフFZメイル・緑,Cotte Perif FZ verte
9742,ペリフHSメイル・緑,Cotte Perif HS verte
9743,ペリフGSメイル・緑,Cotte Perif GS verte
9744,ペリフGPメイル・緑,Cotte Perif GP verte
9745,ペリフレジスト・緑,Veste Perif verte
9746,ペリフＦレジスト・緑,Veste Perif F verte
9747,ペリフFZレジスト・緑,Veste Perif FZ verte
9748,ペリフHSレジスト・緑,Veste Perif HS verte
9749,ペリフGSレジスト・緑,Veste Perif GS verte
9750,ペリフGPレジスト・緑,Veste Perif GP verte
9751,ペリフメイル・紫,Cotte Perif violette
9752,ペリフＦメイル・紫,Cotte Perif F violette
9753,ペリフFZメイル・紫,Cotte Perif FZ violette
9754,ペリフHSメイル・紫,Cotte Perif HS violette
9755,ペリフGSメイル・紫,Cotte Perif GS violette
9756,ペリフGPメイル・紫,Cotte Perif GP violette
9757,ペリフレジスト・紫,Veste Perif violette
9758,ペリフＦレジスト・紫,Veste Perif F violette
9759,ペリフFZレジスト・紫,Veste Perif FZ violette
9760,ペリフHSレジスト・紫,Veste Perif HS violette
9761,ペリフGSレジスト・紫,Veste Perif GS violette
9762,ペリフGPレジスト・紫,Veste Perif GP violette
9763,カイジスーツ,Combinaison Kaiji
9764,カイジＦスーツ,Combinaison Kaiji F
9765,カイジFZスーツ,Combinaison Kaiji FZ
9766,カイジHSスーツ,Combinaison Kaiji HS
9767,カイジGSスーツ,Combinaison Kaiji GS
9768,カイジGPスーツ,Combinaison Kaiji GP
9769,カイジレジスト,Veste Kaiji
9770,カイジＦレジスト,Veste Kaiji F
9771,カイジFZレジスト,Veste Kaiji FZ
9772,カイジHSレジスト,Veste Kaiji HS
9773,カイジGSレジスト,Veste Kaiji GS
9774,カイジGPレジスト,Veste Kaiji GP
9775,美心スーツ,Combinaison Mikoko
9776,美心Ｆスーツ,Combinaison Mikoko F
9777,美心FZスーツ,Combinaison Mikoko FZ
9778,美心HSスーツ,Combinaison Mikoko HS
9779,美心GSスーツ,Combinaison Mikoko GS
9780,美心GPスーツ,Combinaison Mikoko GP
9781,美心レジスト,Veste Mikoko
9782,美心Ｆレジスト,Veste Mikoko F
9783,美心FZレジスト,Veste Mikoko FZ
9784,美心HSレジスト,Veste Mikoko HS
9785,美心GSレジスト,Veste Mikoko GS
9786,美心GPレジスト,Veste Mikoko GP
9787,テリュオベスト,
9788,テリュオＦベスト,
9789,テリュオFZベスト,
9790,テリュオHSベスト,
9791,テリュオGSベスト,
9792,テリュオGPベスト,
9793,テリュオスーツ,
9794,テリュオＦスーツ,
9795,テリュオFZスーツ,
9796,テリュオHSスーツ,
9797,テリュオGSスーツ,
9798,テリュオGPスーツ,
9799,セイラースーツ,Combinaison Matelot
9800,セイラーＧスーツ,Combinaison Matelot G
9801,セイラーGFスーツ,Combinaison Matelot GF
9802,セイラーGXスーツ,Combinaison Matelot GX
9803,セイラーベスト,Gilet Matelot
9804,セイラーＧベスト,Gilet Matelot G
9805,セイラーGFベスト,Gilet Matelot GF
9806,セイラーGXベスト,Gilet Matelot GX
9807,スフレメイル,
9808,スフレＦメイル,
9809,スフレFZメイル,
9810,スフレHSメイル,
9811,スフレGSメイル,
9812,スフレGPメイル,
9813,スフレスーツ,
9814,スフレＦスーツ,
9815,スフレFZスーツ,
9816,スフレHSスーツ,
9817,スフレGSスーツ,
9818,スフレGPスーツ,
9819,鬼伝ノ肩鎧Ｇ,
9820,鬼伝ノ肩鎧GF,
9821,鬼伝ノ肩鎧GX,
9822,童伝ノ肩鎧Ｇ,
9823,童伝ノ肩鎧GF,
9824,童伝ノ肩鎧GX,
9825,ヴァリエメイル,Cotte Valier
9826,ヴァリエＦメイル,Cotte Valier F
9827,ヴァリエFYメイル,Cotte Valier FY
9828,ヴァリエHSメイル,Cotte Valier HS
9829,ヴァリエＧメイル,Cotte Valier G
9830,ヴァリエGFメイル,Cotte Valier GF
9831,ヴァリエGXメイル,Cotte Valier GX
9832,ヴァリエレジスト,Veste Valier
9833,ヴァリエＦレジスト,Veste Valier F
9834,ヴァリエFYレジスト,Veste Valier FY
9835,ヴァリエHSレジスト,Veste Valier HS
9836,ヴァリエＧレジスト,Veste Valier G
9837,ヴァリエGFレジスト,Veste Valier GF
9838,ヴァリエGXレジスト,Veste Valier GX
9839,ラースメイル,Cotte Lars
9840,ラースＦメイル,Cotte Lars F
9841,ラースFYメイル,Cotte Lars FY
9842,ラースHSメイル,Cotte Lars HS
9843,ラースＧメイル,Cotte Lars G
9844,ラースGFメイル,Cotte Lars GF
9845,ラースGXメイル,Cotte Lars GX
9846,ラースレジスト,Veste Lars
9847,ラースＦレジスト,Veste Lars F
9848,ラースFYレジスト,Veste Lars FY
9849,ラースHSレジスト,Veste Lars HS
9850,ラースＧレジスト,Veste Lars G
9851,ラースGFレジスト,Veste Lars GF
9852,ラースGXレジスト,Veste Lars GX
9853,シルックベスト,Gilet Shirukku
9854,シルックＦベスト,Gilet Shirukku F
9855,シルックFYベスト,Gilet Shirukku FY
9856,シルックHSベスト,Gilet Shirukku HS
9857,シルックＧベスト,Gilet Shirukku G
9858,シルックGFベスト,Gilet Shirukku GF
9859,シルックGXベスト,Gilet Shirukku GX
9860,シルックスーツ,Combinaison Shirukku
9861,シルックＦスーツ,Combinaison Shirukku F
9862,シルックFYスーツ,Combinaison Shirukku FY
9863,シルックHSスーツ,Combinaison Shirukku HS
9864,シルックＧスーツ,Combinaison Shirukku G
9865,シルックGFスーツ,Combinaison Shirukku GF
9866,シルックGXスーツ,Combinaison Shirukku GX
9867,ノルックベスト,Gilet Norukku
9868,ノルックＦベスト,Gilet Norukku F
9869,ノルックFYベスト,Gilet Norukku FY
9870,ノルックHSベスト,Gilet Norukku HS
9871,ノルックＧベスト,Gilet Norukku G
9872,ノルックGFベスト,Gilet Norukku GF
9873,ノルックGXベスト,Gilet Norukku GX
9874,ノルックスーツ,Combinaison Norukku
9875,ノルックＦスーツ,Combinaison Norukku F
9876,ノルックFYスーツ,Combinaison Norukku FY
9877,ノルックHSスーツ,Combinaison Norukku HS
9878,ノルックＧスーツ,Combinaison Norukku G
9879,ノルックGFスーツ,Combinaison Norukku GF
9880,ノルックGXスーツ,Combinaison Norukku GX
9881,レイレスＧメイル,Cotte Reiresu G
9882,レイレスGFメイル,Cotte Reiresu GF
9883,レイレスGXメイル,Cotte Reiresu GX
9884,レイレスＧレジスト,Veste Reiresu G
9885,レイレスGFレジスト,Veste Reiresu GF
9886,レイレスGXレジスト,Veste Reiresu GX
9887,アンジュＧメイル,
9888,アンジュGFメイル,
9889,アンジュGXメイル,
9890,アンジュＧレジスト,
9891,アンジュGFレジスト,
9892,アンジュGXレジスト,
9893,ソルフレアメイル,Cotte Solflare
9894,ソルフレアＦメイル,Cotte Solflare F
9895,ソルフレアFZメイル,Cotte Solflare FZ
9896,ソルフレアHSメイル,Cotte Solflare HS
9897,ソルフレアGSメイル,Cotte Solflare GS
9898,ソルフレアGPメイル,Cotte Solflare GP
9899,ソルフレアレジスト,Veste Solflare
9900,ソルフレアＦレジスト,Veste Solflare F
9901,ソルフレアFZレジスト,Veste Solflare FZ
9902,ソルフレアHSレジスト,Veste Solflare HS
9903,ソルフレアGSレジスト,Veste Solflare GS
9904,ソルフレアGPレジスト,Veste Solflare GP
9905,アーベンメイル,Cotte Arben
9906,アーベンＦメイル,Cotte Arben F
9907,アーベンFZメイル,Cotte Arben FZ
9908,アーベンHSメイル,Cotte Arben HS
9909,アーベンGSメイル,Cotte Arben GS
9910,アーベンGPメイル,Cotte Arben GP
9911,アーベンスーツ,Combinaison Arben
9912,アーベンＦスーツ,Combinaison Arben F
9913,アーベンFZスーツ,Combinaison Arben FZ
9914,アーベンHSスーツ,Combinaison Arben HS
9915,アーベンGSスーツ,Combinaison Arben GS
9916,アーベンGPスーツ,Combinaison Arben GP
9917,ケラヴノメイル,Cotte Keravuno
9918,ケラヴノＦメイル,Cotte Keravuno F
9919,ケラヴノFZメイル,Cotte Keravuno FZ
9920,ケラヴノHSメイル,Cotte Keravuno HS
9921,ケラヴノGSメイル,Cotte Keravuno GS
9922,ケラヴノGPメイル,Cotte Keravuno GP
9923,ケラヴノレジスト,Veste Keravuno
9924,ケラヴノＦレジスト,Veste Keravuno F
9925,ケラヴノFZレジスト,Veste Keravuno FZ
9926,ケラヴノHSレジスト,Veste Keravuno HS
9927,ケラヴノGSレジスト,Veste Keravuno GS
9928,ケラヴノGPレジスト,Veste Keravuno GP
9929,和花ノ胴丸,
9930,和花ノ胴丸Ｆ,
9931,和花ノ胴丸FZ,
9932,和花ノ胴丸HS,
9933,和花ノ胴丸GS,
9934,和花ノ胴丸GP,
9935,和花ノ胸当て,
9936,和花ノ胸当てＦ,
9937,和花ノ胸当てFZ,
9938,和花ノ胸当てHS,
9939,和花ノ胸当てGS,
9940,和花ノ胸当てGP,
9941,ルコＧハイド,
9942,ルコGFハイド,
9943,ルコGXハイド,
9944,ルコＧスキン,
9945,ルコGFスキン,
9946,ルコGXスキン,
9947,キリンＧベスト,Gilet Kirin G
9948,キリンGFベスト,Gilet Kirin GF
9949,キリンGXベスト,Gilet Kirin GX
9950,キリンＧケープ,
9951,キリンGFケープ,
9952,キリンGXケープ,
9953,ヴォンメイル,Cotte Voljang
9954,ヴォンＦメイル,Cotte Voljang F
9955,ヴォンFXメイル,Cotte Voljang FX
9956,ヴォンＧメイル,Cotte Voljang G
9957,ヴォンGFメイル,Cotte Voljang GF
9958,ヴォンGXメイル,Cotte Voljang GX
9959,ヴォンレジスト,Veste Voljang
9960,ヴォンＦレジスト,Veste Voljang F
9961,ヴォンFXレジスト,Veste Voljang FX
9962,ヴォンＧレジスト,Veste Voljang G
9963,ヴォンGFレジスト,Veste Voljang GF
9964,ヴォンGXレジスト,Veste Voljang GX
9965,フレイムGXメイル,Cotte Flamme GX
9966,フレイムGXレジスト,Veste Flamme GX
9967,フロルGXスーツ,Combinaison Furoru GX
9968,フロルGXベスト,Gilet Furoru GX
9969,ヴァルGXメイル,Cotte Varusa GX
9970,ヴァルGXレジスト,Veste Varusa GX
9971,獄狼メイル,Cotte Stygian
9972,獄狼Ｇメイル,Cotte Stygian G
9973,獄狼GFメイル,Cotte Stygian GF
9974,獄狼GXメイル,Cotte Stygian GX
9975,獄狼レジスト,Veste Stygian
9976,獄狼Ｇレジスト,Veste Stygian G
9977,獄狼GFレジスト,Veste Stygian GF
9978,獄狼GXレジスト,Veste Stygian GX
9979,メラルーメイル,Cotte Melynx
9980,メラルーＦメイル,Cotte Melynx F
9981,メラルーFZメイル,Cotte Melynx FZ
9982,メラルーHSメイル,Cotte Melynx HS
9983,メラルーGSメイル,Cotte Melynx GS
9984,メラルーGPメイル,Cotte Melynx GP
9985,メラルースーツ,Combinaison Melynx
9986,メラルーＦスーツ,Combinaison Melynx F
9987,メラルーFZスーツ,Combinaison Melynx FZ
9988,メラルーHSスーツ,Combinaison Melynx HS
9989,メラルーGSスーツ,Combinaison Melynx GS
9990,メラルーGPスーツ,Combinaison Melynx GP
9991,アイルーメイル,Cotte Felyne
9992,アイルーＦメイル,Cotte Felyne F
9993,アイルーFZメイル,Cotte Felyne FZ
9994,アイルーHSメイル,Cotte Felyne HS
9995,アイルーGSメイル,Cotte Felyne GS
9996,アイルーGPメイル,Cotte Felyne GP
9997,アイルースーツ,Combinaison Felyne
9998,アイルーＦスーツ,Combinaison Felyne F
9999,アイルーFZスーツ,Combinaison Felyne FZ
10000,アイルーHSスーツ,Combinaison Felyne HS
10001,アイルーGSスーツ,Combinaison Felyne GS
10002,アイルーGPスーツ,Combinaison Felyne GP
10003,アメショメイル,Cotte Tigré
10004,アメショＦメイル,Cotte Tigré F
10005,アメショFZメイル,Cotte Tigré FZ
10006,アメショHSメイル,Cotte Tigré HS
10007,アメショGSメイル,Cotte Tigré GS
10008,アメショGPメイル,Cotte Tigré GP
10009,アメショスーツ,Combinaison Tigré
10010,アメショＦスーツ,Combinaison Tigré F
10011,アメショFZスーツ,Combinaison Tigré FZ
10012,アメショHSスーツ,Combinaison Tigré HS
10013,アメショGSスーツ,Combinaison Tigré GS
10014,アメショGPスーツ,Combinaison Tigré GP
10015,チャトラメイル,
10016,チャトラＦメイル,
10017,チャトラFZメイル,
10018,チャトラHSメイル,
10019,チャトラGSメイル,
10020,チャトラGPメイル,
10021,チャトラスーツ,
10022,チャトラＦスーツ,
10023,チャトラFZスーツ,
10024,チャトラHSスーツ,
10025,チャトラGSスーツ,
10026,チャトラGPスーツ,
10027,ミケメイル,
10028,ミケＦメイル,
10029,ミケFZメイル,
10030,ミケHSメイル,
10031,ミケGSメイル,
10032,ミケGPメイル,
10033,ミケスーツ,
10034,ミケＦスーツ,
10035,ミケFZスーツ,
10036,ミケHSスーツ,
10037,ミケGSスーツ,
10038,ミケGPスーツ,
10039,シロメイル,
10040,シロＦメイル,
10041,シロFZメイル,
10042,シロHSメイル,
10043,シロGSメイル,
10044,シロGPメイル,
10045,シロスーツ,
10046,シロＦスーツ,
10047,シロFZスーツ,
10048,シロHSスーツ,
10049,シロGSスーツ,
10050,シロGPスーツ,
10051,チャシロメイル,Cotte Chashiro
10052,チャシロＦメイル,Cotte Chashiro F
10053,チャシロFZメイル,Cotte Chashiro FZ
10054,チャシロHSメイル,Cotte Chashiro HS
10055,チャシロGSメイル,Cotte Chashiro GS
10056,チャシロGPメイル,Cotte Chashiro GP
10057,チャシロスーツ,Combinaison Chashiro
10058,チャシロＦスーツ,Combinaison Chashiro F
10059,チャシロFZスーツ,Combinaison Chashiro FZ
10060,チャシロHSスーツ,Combinaison Chashiro HS
10061,チャシロGSスーツ,Combinaison Chashiro GS
10062,チャシロGPスーツ,Combinaison Chashiro GP
10063,クロシロメイル,Cotte Two-tone
10064,クロシロＦメイル,Cotte Two-tone F
10065,クロシロFZメイル,Cotte Two-tone FZ
10066,クロシロHSメイル,Cotte Two-tone HS
10067,クロシロGSメイル,Cotte Two-tone GS
10068,クロシロGPメイル,Cotte Two-tone GP
10069,クロシロスーツ,Combinaison Two-tone
10070,クロシロＦスーツ,Combinaison Two-tone F
10071,クロシロFZスーツ,Combinaison Two-tone FZ
10072,クロシロHSスーツ,Combinaison Two-tone HS
10073,クロシロGSスーツ,Combinaison Two-tone GS
10074,クロシロGPスーツ,Combinaison Two-tone GP
10075,雅スーツ,
10076,雅Ｆスーツ,
10077,雅FZスーツ,
10078,雅HSスーツ,
10079,雅GSスーツ,
10080,雅GPスーツ,
10081,雅レジスト,
10082,雅Ｆレジスト,
10083,雅FZレジスト,
10084,雅HSレジスト,
10085,雅GSレジスト,
10086,雅GPレジスト,
10087,アウラメイル,
10088,アウラＦメイル,
10089,アウラFZメイル,
10090,アウラHSメイル,
10091,アウラGSメイル,
10092,アウラGPメイル,
10093,アウラレジスト,
10094,アウラＦレジスト,
10095,アウラFZレジスト,
10096,アウラHSレジスト,
10097,アウラGSレジスト,
10098,アウラGPレジスト,
10099,和奏ノ胴丸,
10100,和奏ノ胴丸Ｆ,
10101,和奏ノ胴丸FZ,
10102,和奏ノ胴丸HS,
10103,和奏ノ胴丸GS,
10104,和奏ノ胴丸GP,
10105,和奏ノ胸当て,
10106,和奏ノ胸当てＦ,
10107,和奏ノ胸当てFZ,
10108,和奏ノ胸当てHS,
10109,和奏ノ胸当てGS,
10110,和奏ノ胸当てGP,
10111,蒼皇氷メイル,
10112,蒼皇氷Ｆメイル,
10113,蒼皇氷FZメイル,
10114,蒼皇氷HSメイル,
10115,蒼皇氷GSメイル,
10116,蒼皇氷GPメイル,
10117,蒼皇氷レジスト,
10118,蒼皇氷Ｆレジスト,
10119,蒼皇氷FZレジスト,
10120,蒼皇氷HSレジスト,
10121,蒼皇氷GSレジスト,
10122,蒼皇氷GPレジスト,
10123,白皇氷メイル,
10124,白皇氷Ｆメイル,
10125,白皇氷FZメイル,
10126,白皇氷HSメイル,
10127,白皇氷GSメイル,
10128,白皇氷GPメイル,
10129,白皇氷レジスト,
10130,白皇氷Ｆレジスト,
10131,白皇氷FZレジスト,
10132,白皇氷HSレジスト,
10133,白皇氷GSレジスト,
10134,白皇氷GPレジスト,
10135,紅皇氷メイル,
10136,紅皇氷Ｆメイル,
10137,紅皇氷FZメイル,
10138,紅皇氷HSメイル,
10139,紅皇氷GSメイル,
10140,紅皇氷GPメイル,
10141,紅皇氷レジスト,
10142,紅皇氷Ｆレジスト,
10143,紅皇氷FZレジスト,
10144,紅皇氷HSレジスト,
10145,紅皇氷GSレジスト,
10146,紅皇氷GPレジスト,
10147,タルタメイル,Cotte Taruta
10148,タルタＦメイル,Cotte Taruta F
10149,タルタFZメイル,Cotte Taruta FZ
10150,タルタHSメイル,Cotte Taruta HS
10151,タルタGSメイル,Cotte Taruta GS
10152,タルタGPメイル,Cotte Taruta GP
10153,タルタスーツ,Combinaison Taruta
10154,タルタＦスーツ,Combinaison Taruta F
10155,タルタFZスーツ,Combinaison Taruta FZ
10156,タルタHSスーツ,Combinaison Taruta HS
10157,タルタGSスーツ,Combinaison Taruta GS
10158,タルタGPスーツ,Combinaison Taruta GP
10159,ルルタメイル,Cotte Ruruta
10160,ルルタＦメイル,Cotte Ruruta F
10161,ルルタFZメイル,Cotte Ruruta FZ
10162,ルルタHSメイル,Cotte Ruruta HS
10163,ルルタGSメイル,Cotte Ruruta GS
10164,ルルタGPメイル,Cotte Ruruta GP
10165,ルルタスーツ,Combinaison Ruruta
10166,ルルタＦスーツ,Combinaison Ruruta F
10167,ルルタFZスーツ,Combinaison Ruruta FZ
10168,ルルタHSスーツ,Combinaison Ruruta HS
10169,ルルタGSスーツ,Combinaison Ruruta GS
10170,ルルタGPスーツ,Combinaison Ruruta GP
10171,クロフィメイル,Cotte Kurofi
10172,クロフィＦメイル,Cotte Kurofi F
10173,クロフィFZメイル,Cotte Kurofi FZ
10174,クロフィHSメイル,Cotte Kurofi HS
10175,クロフィGSメイル,Cotte Kurofi GS
10176,クロフィGPメイル,Cotte Kurofi GP
10177,クロフィレジスト,Veste Kurofi
10178,クロフィＦレジスト,Veste Kurofi F
10179,クロフィFZレジスト,Veste Kurofi FZ
10180,クロフィHSレジスト,Veste Kurofi HS
10181,クロフィGSレジスト,Veste Kurofi GS
10182,クロフィGPレジスト,Veste Kurofi GP
10183,グーダンメイル,Cotte Gudan
10184,グーダンＦメイル,Cotte Gudan F
10185,グーダンFZメイル,Cotte Gudan FZ
10186,グーダンHSメイル,Cotte Gudan HS
10187,グーダンGSメイル,Cotte Gudan GS
10188,グーダンGPメイル,Cotte Gudan GP
10189,チアリムメイル,Cotte Chiarim
10190,チアリムＦメイル,Cotte Chiarim F
10191,チアリムFZメイル,Cotte Chiarim FZ
10192,チアリムHSメイル,Cotte Chiarim HS
10193,チアリムGSメイル,Cotte Chiarim GS
10194,チアリムGPメイル,Cotte Chiarim GP
10195,チアリムレジスト,Veste Chiarim
10196,チアリムＦレジスト,Veste Chiarim F
10197,チアリムFZレジスト,Veste Chiarim FZ
10198,チアリムHSレジスト,Veste Chiarim HS
10199,チアリムGSレジスト,Veste Chiarim GS
10200,チアリムGPレジスト,Veste Chiarim GP
10201,ロホックメイル,Cotte Rohokku
10202,ロホックＦメイル,Cotte Rohokku F
10203,ロホックFYメイル,Cotte Rohokku FY
10204,ロホックHSメイル,Cotte Rohokku HS
10205,ロホックＧメイル,Cotte Rohokku G
10206,ロホックGFメイル,Cotte Rohokku GF
10207,ロホックGXメイル,Cotte Rohokku GX
10208,ロホックレジスト,Veste Rohokku
10209,ロホックＦレジスト,Veste Rohokku F
10210,ロホックFYレジスト,Veste Rohokku FY
10211,ロホックHSレジスト,Veste Rohokku HS
10212,ロホックＧレジスト,Veste Rohokku G
10213,ロホックGFレジスト,Veste Rohokku GF
10214,ロホックGXレジスト,Veste Rohokku GX
10215,キュールメイル,
10216,キュールＦメイル,
10217,キュールFYメイル,
10218,キュールHSメイル,
10219,キュールＧメイル,
10220,キュールGFメイル,
10221,キュールGXメイル,
10222,キュールレジスト,
10223,キュールＦレジスト,
10224,キュールFYレジスト,
10225,キュールHSレジスト,
10226,キュールＧレジスト,
10227,キュールGFレジスト,
10228,キュールGXレジスト,
10229,鬼凛ノ肩鎧Ｇ,
10230,鬼凛ノ肩鎧GF,
10231,鬼凛ノ肩鎧GX,
10232,童凛ノ肩鎧Ｇ,
10233,童凛ノ肩鎧GF,
10234,童凛ノ肩鎧GX,
10235,エギエネメイル,Cotte Eguiene
10236,エギエネＦメイル,Cotte Eguiene F
10237,エギエネFYメイル,Cotte Eguiene FY
10238,エギエネHSメイル,Cotte Eguiene HS
10239,エギエネＧメイル,Cotte Eguiene G
10240,エギエネGFメイル,Cotte Eguiene GF
10241,エギエネGXメイル,Cotte Eguiene GX
10242,エギエネレジスト,Veste Eguiene
10243,エギエネＦレジスト,Veste Eguiene F
10244,エギエネFYレジスト,Veste Eguiene FY
10245,エギエネHSレジスト,Veste Eguiene HS
10246,エギエネＧレジスト,Veste Eguiene G
10247,エギエネGFレジスト,Veste Eguiene GF
10248,エギエネGXレジスト,Veste Eguiene GX
10249,ヴァクスメイル,Cotte Vakusu
10250,ヴァクスＦメイル,Cotte Vakusu F
10251,ヴァクスFYメイル,Cotte Vakusu FY
10252,ヴァクスHSメイル,Cotte Vakusu HS
10253,ヴァクスＧメイル,Cotte Vakusu G
10254,ヴァクスGFメイル,Cotte Vakusu GF
10255,ヴァクスGXメイル,Cotte Vakusu GX
10256,ヴァクスレジスト,Veste Vakusu
10257,ヴァクスＦレジスト,Veste Vakusu F
10258,ヴァクスFYレジスト,Veste Vakusu FY
10259,ヴァクスHSレジスト,Veste Vakusu HS
10260,ヴァクスＧレジスト,Veste Vakusu G
10261,ヴァクスGFレジスト,Veste Vakusu GF
10262,ヴァクスGXレジスト,Veste Vakusu GX
10263,ニンファメイル,Cotte Nympha
10264,クロエメイル,Cotte Chloe
10265,エスピナＺムスケル,
10266,エスピナZFムスケル,
10267,エスピナZYムスケル,
10268,エスピナZXムスケル,
10269,エスピナＺケミュート,
10270,エスピナZFケミュート,
10271,エスピナZYケミュート,
10272,エスピナZXケミュート,
10273,ヒプノＺメイル,Cotte Hypnoc Z
10274,ヒプノZFメイル,Cotte Hypnoc F
10275,ヒプノZYメイル,Cotte Hypnoc ZY
10276,ヒプノZXメイル,Cotte Hypnoc ZX
10277,ヒプノＺレジスト,Veste Hypnoc Z
10278,ヒプノZFレジスト,Veste Hypnoc F
10279,ヒプノZYレジスト,Veste Hypnoc ZY
10280,ヒプノZXレジスト,Veste Hypnoc ZX
10281,フルフルＺメイル,Cotte Khezu Z
10282,フルフルZFメイル,Cotte Khezu F
10283,フルフルZYメイル,Cotte Khezu ZY
10284,フルフルZXメイル,Cotte Khezu ZX
10285,フルフルＺレジスト,Veste Khezu Z
10286,フルフルZFレジスト,Veste Khezu F
10287,フルフルZYレジスト,Veste Khezu ZY
10288,フルフルZXレジスト,Veste Khezu ZX
10289,ザザミＺメイル,Cotte Hermitaur Z
10290,ザザミZFメイル,Cotte Hermitaur F
10291,ザザミZYメイル,Cotte Hermitaur ZY
10292,ザザミZXメイル,Cotte Hermitaur ZX
10293,ザザミＺレジスト,Veste Hermitaur Z
10294,ザザミZFレジスト,Veste Hermitaur F
10295,ザザミZYレジスト,Veste Hermitaur ZY
10296,ザザミZXレジスト,Veste Hermitaur ZX
10297,ディオススーツ,Combinaison Dios
10298,ディオスＦスーツ,Combinaison Dios F
10299,ディオスFZスーツ,Combinaison Dios FZ
10300,ディオスHSスーツ,Combinaison Dios HS
10301,ディオスGSスーツ,Combinaison Dios GS
10302,ディオスGPスーツ,Combinaison Dios GP
10303,ディオスZPスーツ,Combinaison Dios ZP
10304,ディオスレジスト,Veste Dios
10305,ディオスＦレジスト,Veste Dios F
10306,ディオスFZレジスト,Veste Dios FZ
10307,ディオスHSレジスト,Veste Dios HS
10308,ディオスGSレジスト,Veste Dios GS
10309,ディオスGPレジスト,Veste Dios GP
10310,ディオスZPレジスト,Veste Dios ZP
10311,エヴォルメイル・白,Cotte Evol blanche
10312,エヴォルＦメイル・白,Cotte Evol F blanche
10313,エヴォルFZメイル・白,Cotte Evol FZ blanche
10314,エヴォルHSメイル・白,Cotte Evol HS blanche
10315,エヴォルGSメイル・白,Cotte Evol GS blanche
10316,エヴォルGPメイル・白,Cotte Evol GP blanche
10317,エヴォルZPメイル・白,Cotte Evol ZP blanche
10318,エヴォルスーツ・白,Combinaison Evol blanche
10319,エヴォルＦスーツ・白,Combinaison Evol F blanche
10320,エヴォルFZスーツ・白,Combinaison Evol FZ blanche
10321,エヴォルHSスーツ・白,Combinaison Evol HS blanche
10322,エヴォルGSスーツ・白,Combinaison Evol GS blanche
10323,エヴォルGPスーツ・白,Combinaison Evol GP blanche
10324,エヴォルZPスーツ・白,Combinaison Evol ZP blanche
10325,エヴォルメイル・赤,Cotte Evol rouge
10326,エヴォルＦメイル・赤,Cotte Evol F rouge
10327,エヴォルFZメイル・赤,Cotte Evol FZ rouge
10328,エヴォルHSメイル・赤,Cotte Evol HS rouge
10329,エヴォルGSメイル・赤,Cotte Evol GS rouge
10330,エヴォルGPメイル・赤,Cotte Evol GP rouge
10331,エヴォルZPメイル・赤,Cotte Evol ZP rouge
10332,エヴォルスーツ・赤,Combinaison Evol rouge
10333,エヴォルＦスーツ・赤,Combinaison Evol F rouge
10334,エヴォルFZスーツ・赤,Combinaison Evol FZ rouge
10335,エヴォルHSスーツ・赤,Combinaison Evol HS rouge
10336,エヴォルGSスーツ・赤,Combinaison Evol GS rouge
10337,エヴォルGPスーツ・赤,Combinaison Evol GP rouge
10338,エヴォルZPスーツ・赤,Combinaison Evol ZP rouge
10339,エヴォルメイル・青,Cotte Evol bleue
10340,エヴォルＦメイル・青,Cotte Evol F bleue
10341,エヴォルFZメイル・青,Cotte Evol FZ bleue
10342,エヴォルHSメイル・青,Cotte Evol HS bleue
10343,エヴォルGSメイル・青,Cotte Evol GS bleue
10344,エヴォルGPメイル・青,Cotte Evol GP bleue
10345,エヴォルZPメイル・青,Cotte Evol ZP bleue
10346,エヴォルスーツ・青,Combinaison Evol bleue
10347,エヴォルＦスーツ・青,Combinaison Evol F bleue
10348,エヴォルFZスーツ・青,Combinaison Evol FZ bleue
10349,エヴォルHSスーツ・青,Combinaison Evol HS bleue
10350,エヴォルGSスーツ・青,Combinaison Evol GS bleue
10351,エヴォルGPスーツ・青,Combinaison Evol GP bleue
10352,エヴォルZPスーツ・青,Combinaison Evol ZP bleue
10353,エヴォルメイル・紫,Cotte Evol violette
10354,エヴォルＦメイル・紫,Cotte Evol F violette
10355,エヴォルFZメイル・紫,Cotte Evol FZ violette
10356,エヴォルHSメイル・紫,Cotte Evol HS violette
10357,エヴォルGSメイル・紫,Cotte Evol GS violette
10358,エヴォルGPメイル・紫,Cotte Evol GP violette
10359,エヴォルZPメイル・紫,Cotte Evol ZP violette
10360,エヴォルスーツ・紫,Combinaison Evol violette
10361,エヴォルＦスーツ・紫,Combinaison Evol F violette
10362,エヴォルFZスーツ・紫,Combinaison Evol FZ violette
10363,エヴォルHSスーツ・紫,Combinaison Evol HS violette
10364,エヴォルGSスーツ・紫,Combinaison Evol GS violette
10365,エヴォルGPスーツ・紫,Combinaison Evol GP violette
10366,エヴォルZPスーツ・紫,Combinaison Evol ZP violette
10367,サクフィメイル,Cotte Sakufi
10368,サクフィＦメイル,Cotte Sakufi F
10369,サクフィFZメイル,Cotte Sakufi FZ
10370,サクフィHSメイル,Cotte Sakufi HS
10371,サクフィGSメイル,Cotte Sakufi GS
10372,サクフィGPメイル,Cotte Sakufi GP
10373,サクフィZPメイル,Cotte Sakufi ZP
10374,サクフィレジスト,Veste Sakufi
10375,サクフィＦレジスト,Veste Sakufi F
10376,サクフィFZレジスト,Veste Sakufi FZ
10377,サクフィHSレジスト,Veste Sakufi HS
10378,サクフィGSレジスト,Veste Sakufi GS
10379,サクフィGPレジスト,Veste Sakufi GP
10380,サクフィZPレジスト,Veste Sakufi ZP
10381,アスモメイル,Cotte Asumo
10382,アスモＦメイル,Cotte Asumo F
10383,アスモFZメイル,Cotte Asumo FZ
10384,アスモHSメイル,Cotte Asumo HS
10385,アスモGSメイル,Cotte Asumo GS
10386,アスモGPメイル,Cotte Asumo GP
10387,アスモZPメイル,Cotte Asumo ZP
10388,アスモレジスト,Veste Asumo
10389,アスモＦレジスト,Veste Asumo F
10390,アスモFZレジスト,Veste Asumo FZ
10391,アスモHSレジスト,Veste Asumo HS
10392,アスモGSレジスト,Veste Asumo GS
10393,アスモGPレジスト,Veste Asumo GP
10394,アスモZPレジスト,Veste Asumo ZP
10395,キャロルＣスーツ,Combinaison Carol C
10396,ザイラＣメイル,Cotte Zaira C
10397,ルースＣスーツ,
10398,アステリZPベスト・白,Gilet Asteri ZP blanc
10399,アステリZPスーツ・白,Combinaison Asteri ZP blanche
10400,アステリZPベスト・青,Gilet Asteri ZP bleu
10401,アステリZPスーツ・青,Combinaison Asteri ZP bleue
10402,アステリZPベスト・赤,Gilet Asteri ZP rouge
10403,アステリZPスーツ・赤,Combinaison Asteri ZP rouge
10404,アステリZPベスト・黒,Gilet Asteri ZP noir
10405,アステリZPスーツ・黒,Combinaison Asteri ZP noire
10406,リアンZPベスト・青,Gilet Rian ZP bleu
10407,リアンZPスーツ・青,Combinaison Rian ZP bleue
10408,リアンZPベスト・赤,Gilet Rian ZP rouge
10409,リアンZPスーツ・赤,Combinaison Rian ZP rouge
10410,リアンZPベスト・黒,Gilet Rian ZP noir
10411,リアンZPスーツ・黒,Combinaison Rian ZP noire
10412,リアンZPベスト・白,Gilet Rian ZP blanc
10413,リアンZPスーツ・白,Combinaison Rian ZP blanche
10414,キャロルZPスーツ・黒,Combinaison Carol ZP noire
10415,キャロルZPベスト・黒,Gilet Carol ZP noir
10416,キャロルZPスーツ・青,Combinaison Carol ZP bleue
10417,キャロルZPベスト・青,Gilet Carol ZP bleu
10418,キャロルZPスーツ・白,Combinaison Carol ZP blanche
10419,キャロルZPベスト・白,Gilet Carol ZP blanc
10420,キャロルZPスーツ・赤,Combinaison Carol ZP rouge
10421,キャロルZPベスト・赤,Gilet Carol ZP rouge
10422,ブリゼメイル,Cotte Blize
10423,ブリゼＦメイル,Cotte Blize F
10424,ブリゼFYメイル,Cotte Blize FY
10425,ブリゼHSメイル,Cotte Blize HS
10426,ブリゼＧメイル,Cotte Blize G
10427,ブリゼGFメイル,Cotte Blize GF
10428,ブリゼGXメイル,Cotte Blize GX
10429,ブリゼレジスト,Veste Blize
10430,ブリゼＦレジスト,Veste Blize F
10431,ブリゼFYレジスト,Veste Blize FY
10432,ブリゼHSレジスト,Veste Blize HS
10433,ブリゼＧレジスト,Veste Blize G
10434,ブリゼGFレジスト,Veste Blize GF
10435,ブリゼGXレジスト,Veste Blize GX
10436,ヒガクレＣメイル,Cotte Higakure C
10437,ハロキュＤレジスト,Veste Harokyu D
10438,エヴォルＤメイル・白,Cotte Evol D blanche
10439,エヴォルＤメイル・赤,Cotte Evol D rouge
10440,エヴォルＤメイル・青,Cotte Evol D bleue
10441,エヴォルＤメイル・紫,Cotte Evol D violette
10442,狩衛部隊メイル・男,
10443,狩衛部隊メイル・女,
10444,蒼皇氷ZPメイル,
10445,蒼皇氷ZPレジスト,
10446,白皇氷ZPメイル,
10447,白皇氷ZPレジスト,
10448,紅皇氷ZPメイル,
10449,紅皇氷ZPレジスト,
10450,ワンダレメイル・青,Cotte Wandale bleue
10451,ワンダレＦメイル・青,Cotte Wandale F bleue
10452,ワンダレFZメイル・青,Cotte Wandale FZ bleue
10453,ワンダレHSメイル・青,Cotte Wandale HS bleue
10454,ワンダレGSメイル・青,Cotte Wandale GS bleue
10455,ワンダレGPメイル・青,Cotte Wandale GP bleue
10456,ワンダレZPメイル・青,Cotte Wandale ZP bleue
10457,ワンダレスーツ・青,Combinaison Wandale bleue
10458,ワンダレＦスーツ・青,Combinaison Wandale F bleue
10459,ワンダレFZスーツ・青,Combinaison Wandale FZ bleue
10460,ワンダレHSスーツ・青,Combinaison Wandale HS bleue
10461,ワンダレGSスーツ・青,Combinaison Wandale GS bleue
10462,ワンダレGPスーツ・青,Combinaison Wandale GP bleue
10463,ワンダレZPスーツ・青,Combinaison Wandale ZP bleue
10464,ワンダレメイル・赤,Cotte Wandale rouge
10465,ワンダレＦメイル・赤,Cotte Wandale F rouge
10466,ワンダレFZメイル・赤,Cotte Wandale FZ rouge
10467,ワンダレHSメイル・赤,Cotte Wandale HS rouge
10468,ワンダレGSメイル・赤,Cotte Wandale GS rouge
10469,ワンダレGPメイル・赤,Cotte Wandale GP rouge
10470,ワンダレZPメイル・赤,Cotte Wandale ZP rouge
10471,ワンダレスーツ・赤,Combinaison Wandale rouge
10472,ワンダレＦスーツ・赤,Combinaison Wandale F rouge
10473,ワンダレFZスーツ・赤,Combinaison Wandale FZ rouge
10474,ワンダレHSスーツ・赤,Combinaison Wandale HS rouge
10475,ワンダレGSスーツ・赤,Combinaison Wandale GS rouge
10476,ワンダレGPスーツ・赤,Combinaison Wandale GP rouge
10477,ワンダレZPスーツ・赤,Combinaison Wandale ZP rouge
10478,ワンダレメイル・白,Cotte Wandale blanche
10479,ワンダレＦメイル・白,Cotte Wandale F blanche
10480,ワンダレFZメイル・白,Cotte Wandale FZ blanche
10481,ワンダレHSメイル・白,Cotte Wandale HS blanche
10482,ワンダレGSメイル・白,Cotte Wandale GS blanche
10483,ワンダレGPメイル・白,Cotte Wandale GP blanche
10484,ワンダレZPメイル・白,Cotte Wandale ZP blanche
10485,ワンダレスーツ・白,Combinaison Wandale blanche
10486,ワンダレＦスーツ・白,Combinaison Wandale F blanche
10487,ワンダレFZスーツ・白,Combinaison Wandale FZ blanche
10488,ワンダレHSスーツ・白,Combinaison Wandale HS blanche
10489,ワンダレGSスーツ・白,Combinaison Wandale GS blanche
10490,ワンダレGPスーツ・白,Combinaison Wandale GP blanche
10491,ワンダレZPスーツ・白,Combinaison Wandale ZP blanche
10492,ワンダレメイル・黒,Cotte Wandale noire
10493,ワンダレＦメイル・黒,Cotte Wandale F noire
10494,ワンダレFZメイル・黒,Cotte Wandale FZ noire
10495,ワンダレHSメイル・黒,Cotte Wandale HS noire
10496,ワンダレGSメイル・黒,Cotte Wandale GS noire
10497,ワンダレGPメイル・黒,Cotte Wandale GP noire
10498,ワンダレZPメイル・黒,Cotte Wandale ZP noire
10499,ワンダレスーツ・黒,Combinaison Wandale noire
10500,ワンダレＦスーツ・黒,Combinaison Wandale F noire
10501,ワンダレFZスーツ・黒,Combinaison Wandale FZ noire
10502,ワンダレHSスーツ・黒,Combinaison Wandale HS noire
10503,ワンダレGSスーツ・黒,Combinaison Wandale GS noire
10504,ワンダレGPスーツ・黒,Combinaison Wandale GP noire
10505,ワンダレZPスーツ・黒,Combinaison Wandale ZP noire
10506,ゴアメイル,
10507,ゴアＧメイル,
10508,ゴアGFメイル,
10509,ゴアGXメイル,
10510,ゴアレジスト,
10511,ゴアＧレジスト,
10512,ゴアGFレジスト,
10513,ゴアGXレジスト,
10514,ゼナＧメイル,Cotte Zena G
10515,ゼナGFメイル,Cotte Zena GF
10516,ゼナGXメイル,Cotte Zena GX
10517,ゼナＧレジスト,Veste Zena G
10518,ゼナGFレジスト,Veste Zena GF
10519,ゼナGXレジスト,Veste Zena GX
10520,レウスＺメイル,Cotte Rathalos Z
10521,レウスZFメイル,Cotte Rathalos F
10522,レウスZYメイル,Cotte Rathalos ZY
10523,レウスZXメイル,Cotte Rathalos ZX
10524,レウスＺレジスト,Veste Rathalos Z
10525,レウスZFレジスト,Veste Rathalos F
10526,レウスZYレジスト,Veste Rathalos ZY
10527,レウスZXレジスト,Veste Rathalos ZX
10528,ブランゴＺメイル,Cotte Blango Z
10529,ブランゴZFメイル,Cotte Blango F
10530,ブランゴZYメイル,Cotte Blango ZY
10531,ブランゴZXメイル,Cotte Blango ZX
10532,ブランゴＺレジスト,Veste Blango Z
10533,ブランゴZFレジスト,Veste Blango F
10534,ブランゴZYレジスト,Veste Blango ZY
10535,ブランゴZXレジスト,Veste Blango ZX
10536,ムルタメイル,Cotte Muruta
10537,ムルタＦメイル,Cotte Muruta F
10538,ムルタFZメイル,Cotte Muruta FZ
10539,ムルタHSメイル,Cotte Muruta HS
10540,ムルタGSメイル,Cotte Muruta GS
10541,ムルタGPメイル,Cotte Muruta GP
10542,ムルタZPメイル,Cotte Muruta ZP
10543,ムルタスーツ,Combinaison Muruta
10544,ムルタＦスーツ,Combinaison Muruta F
10545,ムルタFZスーツ,Combinaison Muruta FZ
10546,ムルタHSスーツ,Combinaison Muruta HS
10547,ムルタGSスーツ,Combinaison Muruta GS
10548,ムルタGPスーツ,Combinaison Muruta GP
10549,ムルタZPスーツ,Combinaison Muruta ZP
10550,ハウラスーツ,Combinaison Howla
10551,ハウラＦスーツ,Combinaison Howla F
10552,ハウラFZスーツ,Combinaison Howla FZ
10553,ハウラHSスーツ,Combinaison Howla HS
10554,ハウラGSスーツ,Combinaison Howla GS
10555,ハウラGPスーツ,Combinaison Howla GP
10556,ハウラZPスーツ,Combinaison Howla ZP
10557,ハウラレジスト,Veste Howla
10558,ハウラＦレジスト,Veste Howla F
10559,ハウラFZレジスト,Veste Howla FZ
10560,ハウラHSレジスト,Veste Howla HS
10561,ハウラGSレジスト,Veste Howla GS
10562,ハウラGPレジスト,Veste Howla GP
10563,ハウラZPレジスト,Veste Howla ZP
10564,パンセスーツ,Combinaison Panse
10565,パンセＦスーツ,Combinaison Panse F
10566,パンセFZスーツ,Combinaison Panse FZ
10567,パンセHSスーツ,Combinaison Panse HS
10568,パンセGSスーツ,Combinaison Panse GS
10569,パンセGPスーツ,Combinaison Panse GP
10570,パンセZPスーツ,Combinaison Panse ZP
10571,パンセレジスト,Veste Panse
10572,パンセＦレジスト,Veste Panse F
10573,パンセFZレジスト,Veste Panse FZ
10574,パンセHSレジスト,Veste Panse HS
10575,パンセGSレジスト,Veste Panse GS
10576,パンセGPレジスト,Veste Panse GP
10577,パンセZPレジスト,Veste Panse ZP
10578,マリジュスーツ,Combinaison Mariage
10579,マリジュＦスーツ,Combinaison Mariage F
10580,マリジュFZスーツ,Combinaison Mariage FZ
10581,マリジュHSスーツ,Combinaison Mariage HS
10582,マリジュGSスーツ,Combinaison Mariage GS
10583,マリジュGPスーツ,Combinaison Mariage GP
10584,マリジュZPスーツ,Combinaison Mariage ZP
10585,マリジュレジスト,Veste Mariage
10586,マリジュＦレジスト,Veste Mariage F
10587,マリジュFZレジスト,Veste Mariage FZ
10588,マリジュHSレジスト,Veste Mariage HS
10589,マリジュGSレジスト,Veste Mariage GS
10590,マリジュGPレジスト,Veste Mariage GP
10591,マリジュZPレジスト,Veste Mariage ZP
10592,ユキネベスト,Gilet Yukine
10593,ユキネＦベスト,Gilet Yukine F
10594,ユキネFZベスト,Gilet Yukine FZ
10595,ユキネHSベスト,Gilet Yukine HS
10596,ユキネGSベスト,Gilet Yukine GS
10597,ユキネGPベスト,Gilet Yukine GP
10598,ユキネZPベスト,Gilet Yukine ZP
10599,ユキネスーツ,Combinaison Yukine
10600,ユキネＦスーツ,Combinaison Yukine F
10601,ユキネFZスーツ,Combinaison Yukine FZ
10602,ユキネHSスーツ,Combinaison Yukine HS
10603,ユキネGSスーツ,Combinaison Yukine GS
10604,ユキネGPスーツ,Combinaison Yukine GP
10605,ユキネZPスーツ,Combinaison Yukine ZP
10606,雪ミクベスト,
10607,雪ミクＦベスト,
10608,雪ミクFZベスト,
10609,雪ミクHSベスト,
10610,雪ミクGSベスト,
10611,雪ミクGPベスト,
10612,雪ミクZPベスト,
10613,雪ミクスーツ,
10614,雪ミクＦスーツ,
10615,雪ミクFZスーツ,
10616,雪ミクHSスーツ,
10617,雪ミクGSスーツ,
10618,雪ミクGPスーツ,
10619,雪ミクZPスーツ,
10620,ミクZPベスト,Gilet Miku ZP
10621,ミクZPスーツ,Combinaison Miku ZP
10622,オユンZPメイル・青,Cotte Oyun ZP bleue
10623,オユンZPレジスト・青,Veste Oyun ZP bleue
10624,オユンZPメイル・赤,Cotte Oyun ZP rouge
10625,オユンZPレジスト・赤,Veste Oyun ZP rouge
10626,オユンZPメイル・黒,Cotte Oyun ZP noire
10627,オユンZPレジスト・黒,Veste Oyun ZP noire
10628,オユンZPメイル・白,Cotte Oyun ZP blanche
10629,オユンZPレジスト・白,Veste Oyun ZP blanche
10630,鬼穿ノ肩鎧Ｇ,
10631,鬼穿ノ肩鎧GF,
10632,鬼穿ノ肩鎧GX,
10633,童穿ノ肩鎧Ｇ,
10634,童穿ノ肩鎧GF,
10635,童穿ノ肩鎧GX,
10636,ラーヴェメイル,
10637,ラーヴェＦメイル,
10638,ラーヴェFYメイル,
10639,ラーヴェHSメイル,
10640,ラーヴェＧメイル,
10641,ラーヴェGFメイル,
10642,ラーヴェGXメイル,
10643,ラーヴェスーツ,
10644,ラーヴェＦスーツ,
10645,ラーヴェFYスーツ,
10646,ラーヴェHSスーツ,
10647,ラーヴェＧスーツ,
10648,ラーヴェGFスーツ,
10649,ラーヴェGXスーツ,
10650,ワンダレＤメイル・青,Cotte Wandale D bleue
10651,ワンダレＤメイル・赤,Cotte Wandale D rouge
10652,ワンダレＤメイル・白,Cotte Wandale D blanche
10653,ワンダレＤメイル・黒,Cotte Wandale D noire
10654,蒼皇氷Ｄメイル,
10655,白皇氷Ｄメイル,
10656,紅皇氷Ｄメイル,
10657,ランセＣジャケット,
10658,サンタＤベスト,Gilet Santa D
10659,ガウシカＤベスト,Gilet Anteka D
10660,チアリムZPメイル,Cotte Chiarim ZP
10661,チアリムZPレジスト,Veste Chiarim ZP
10662,カタンテＺメイル,Cotte Katante Z
10663,カタンテZFメイル,Cotte Katante F
10664,カタンテZYメイル,Cotte Katante ZY
10665,カタンテZXメイル,Cotte Katante ZX
10666,カタンテＺレジスト,Veste Katante Z
10667,カタンテZFレジスト,Veste Katante F
10668,カタンテZYレジスト,Veste Katante ZY
10669,カタンテZXレジスト,Veste Katante ZX
10670,サクフィＤメイル,Cotte Sakufi D
10671,アスモＤメイル,Cotte Asumo D
10672,ディオスＤスーツ,Combinaison Dios D
10673,アステリＤベスト・白,Gilet Asteri D blanc
10674,アステリＤベスト・青,Gilet Asteri D bleu
10675,アステリＤベスト・赤,Gilet Asteri D rouge
10676,アステリＤベスト・黒,Gilet Asteri D noir
10677,リアンＤベスト・青,Gilet Rian D bleu
10678,リアンＤベスト・赤,Gilet Rian D rouge
10679,リアンＤベスト・黒,Gilet Rian D noir
10680,リアンＤベスト・白,Gilet Rian D blanc
10681,リアンＤベスト・紅,Gilet Rian D cramoisi
10682,リアンＤベスト・藍,
10683,リアンＤベスト・桃,Gilet Rian D rose
10684,キャロルＤスーツ・黒,Combinaison Carol D noire
10685,キャロルＤスーツ・青,Combinaison Carol D bleue
10686,キャロルＤスーツ・白,Combinaison Carol D blanche
10687,キャロルＤスーツ・赤,Combinaison Carol D rouge
10688,キャロルＤスーツ・桃,Combinaison Carol D rose
10689,ゴシックＤプレート,
10690,キリンＤベスト,Gilet Kirin D
10691,ファルノＤメイル,Cotte Farunokku D
10692,ファルノＤレジスト,Veste Farunokku D
10693,ポカラＤメイル,Cotte Pokara D
10694,ポカラＤレジスト,Veste Pokara D
10695,創音奏Ｄ【胴当て】,
10696,音紡奏Ｄ【胴当て】,
10697,照雷Ｄ【胴当て】,
10698,明雷Ｄ【胴当て】,
10699,トリドＤメイル,Cotte Torid D
10700,トリドＤレジスト,Veste Torid D
10701,グァンＤメイル,Cotte Guan D
10702,グァンＤレジスト,Veste Guan D
10703,ヴァルＤメイル,Cotte Varusa D
10704,ヴァルＤレジスト,Veste Varusa D
10705,トアＤメイル,Cotte Toa D
10706,トアＤレジスト,Veste Toa D
10707,ブリッツＤベスト,
10708,ストロマＤメイル,Cotte Stroma D
10709,ストロマＤレジスト,Veste Stroma D
10710,雅深Ｄ【胴当て】,
10711,雅淵Ｄ【胴当て】,
10712,アルテラＤメイル,Cotte Altera D
10713,アルテラＤレジスト,Veste Altera D
10714,ポボルムＤメイル,Cotte Pobo D
10715,ポボルムＤレジスト,Veste Pobo D
10716,ジンオウＣメイル,Cotte Zinogre C
10717,ジンオウＣレジスト,Veste Zinogre C
10718,タロスＵＤメイル,Cotte Hornetaur
10719,タロスＵＤレジスト,Veste Hornetaur
10720,レウスＤメイル,Cotte Rathalos D
10721,レウスＤレジスト,Veste Rathalos D
10722,ゴゴＤメイル,Cotte Gogomoa D
10723,ゴゴＤレジスト,Veste Gogomoa D
10724,アスールＤジャケット,
10725,アスールＤスーツ,Combinaison Azul D
10726,ハーヴェストＤメイル,Cotte Moisson D
10727,ハーヴェストＤレジスト,Veste Moisson D
10728,メランＤジャケット,
10729,メランＤスーツ,Combinaison Melan D
10730,ディールＤジャケット,
10731,ディールＤスーツ,Combinaison Diru D
10732,タンドレスＤメイル,Cotte Tandress D
10733,タンドレスＤレジスト,Veste Tandress D
10734,ランセＤジャケット,
10735,ランセＤスーツ,Combinaison Rance D
10736,ガネトＤジャケット,
10737,ガネトＤスーツ,Combinaison Ganeto D
10738,チールＤジャケット,
10739,チールＤスーツ,Combinaison Chiru D
10740,シウスＤジャケット,
10741,シウスＤスーツ,Combinaison Shiusu D
10742,ワンスＤメイル・無,
10743,淡桜Ｄ【羽織】,
10744,ペレグリメイル,Cotte Pelegri
10745,ペレグリＦメイル,Cotte Pelegri F
10746,ペレグリFZメイル,Cotte Pelegri FZ
10747,ペレグリHSメイル,Cotte Pelegri HS
10748,ペレグリGSメイル,Cotte Pelegri GS
10749,ペレグリGPメイル,Cotte Pelegri GP
10750,ペレグリZPメイル,Cotte Pelegri ZP
10751,ペレグリレジスト,Veste Pelegri
10752,ペレグリＦレジスト,Veste Pelegri F
10753,ペレグリFZレジスト,Veste Pelegri FZ
10754,ペレグリHSレジスト,Veste Pelegri HS
10755,ペレグリGSレジスト,Veste Pelegri GS
10756,ペレグリGPレジスト,Veste Pelegri GP
10757,ペレグリZPレジスト,Veste Pelegri ZP
10758,メラルーZPメイル,Cotte Melynx ZP
10759,メラルーZPスーツ,Combinaison Melynx ZP
10760,アイルーZPメイル,Cotte Felyne ZP
10761,アイルーZPスーツ,Combinaison Felyne ZP
10762,アメショZPメイル,Cotte Tigré ZP
10763,アメショZPスーツ,Combinaison Tigré ZP
10764,チャトラZPメイル,
10765,チャトラZPスーツ,
10766,ミケZPメイル,
10767,ミケZPスーツ,
10768,シロZPメイル,
10769,シロZPスーツ,
10770,チャシロZPメイル,Cotte Chashiro ZP
10771,チャシロZPスーツ,Combinaison Chashiro ZP
10772,クロシロZPメイル,Cotte Two-tone ZP
10773,クロシロZPスーツ,Combinaison Two-tone ZP
10774,和奏ノ胴丸ZP,
10775,和奏ノ胸当てZP,
10776,ハウラＤスーツ,Combinaison Howla D
10777,パンセＤスーツ,Combinaison Panse D
10778,マリジュＤスーツ,Combinaison Mariage D
10779,ユキネＤベスト,Gilet Yukine D
10780,雪ミクＤベスト,
10781,ミクＤベスト,Gilet Miku D
10782,和奏ノ胴丸Ｄ,
10783,メラルーＤメイル,Cotte Melynx D
10784,アイルーＤメイル,Cotte Felyne D
10785,アメショＤメイル,Cotte Tigré D
10786,チャトラＤメイル,
10787,ミケＤメイル,
10788,シロＤメイル,
10789,チャシロＤメイル,Cotte Chashiro D
10790,クロシロＤメイル,Cotte Two-tone D
10791,ビストロＤベスト,
10792,オウビートＤペット,
10793,パピメルＤペット,
10794,鬼神ノ肩鎧Ｄ,
10795,鬼伝ノ肩鎧Ｄ,
10796,鬼凛ノ肩鎧Ｄ,
10797,エンプレスＣメイル,Cotte Impératrice C
10798,エンプレスＣレジスト,Veste Impératrice C
10799,カイザーＣメイル,
10800,カイザーＣレジスト,
10801,ドラゴンＤハイド,
10802,ドラゴンＤスキン,
10803,ナルガＣメイル,Cotte Nargacuga C
10804,ナルガＣレジスト,Veste Nargacuga C
10805,焔嶽GX【胴当て】,
10806,緋嶽GX【胴当て】,
10807,ヴァシムＺメイル,Cotte Vashimu Z
10808,ヴァシムZFメイル,Cotte Vashimu F
10809,ヴァシムZYメイル,Cotte Vashimu ZY
10810,ヴァシムZXメイル,Cotte Vashimu ZX
10811,ヴァシムＺレジスト,Veste Vashimu Z
10812,ヴァシムZFレジスト,Veste Vashimu F
10813,ヴァシムZYレジスト,Veste Vashimu ZY
10814,ヴァシムZXレジスト,Veste Vashimu ZX
10815,レックスＺメイル,Cotte Tigrex Z
10816,レックスZFメイル,Cotte Tigrex F
10817,レックスZYメイル,Cotte Tigrex ZY
10818,レックスZXメイル,Cotte Tigrex ZX
10819,レックスＺレジスト,Veste Tigrex Z
10820,レックスZFレジスト,Veste Tigrex F
10821,レックスZYレジスト,Veste Tigrex ZY
10822,レックスZXレジスト,Veste Tigrex ZX
10823,アデルメイル,Cotte Adel
10824,アデルＦメイル,Cotte Adel F
10825,アデルFZメイル,Cotte Adel FZ
10826,アデルHSメイル,Cotte Adel HS
10827,アデルGSメイル,Cotte Adel GS
10828,アデルGPメイル,Cotte Adel GP
10829,アデルZPメイル,Cotte Adel ZP
10830,アデルレジスト,Veste Adel
10831,アデルＦレジスト,Veste Adel F
10832,アデルFZレジスト,Veste Adel FZ
10833,アデルHSレジスト,Veste Adel HS
10834,アデルGSレジスト,Veste Adel GS
10835,アデルGPレジスト,Veste Adel GP
10836,アデルZPレジスト,Veste Adel ZP
10837,ロックブーケベスト,Gilet Rocbouquet
10838,ロックブーケＦベスト,Gilet Rocbouquet F
10839,ロックブーケFZベスト,Gilet Rocbouquet FZ
10840,ロックブーケHSベスト,Gilet Rocbouquet HS
10841,ロックブーケGSベスト,Gilet Rocbouquet GS
10842,ロックブーケGPベスト,Gilet Rocbouquet GP
10843,ロックブーケZPベスト,Gilet Rocbouquet ZP
10844,ロックブーケスーツ,Combinaison Rocbouquet
10845,ロックブーケＦスーツ,Combinaison Rocbouquet F
10846,ロックブーケFZスーツ,Combinaison Rocbouquet FZ
10847,ロックブーケHSスーツ,Combinaison Rocbouquet HS
10848,ロックブーケGSスーツ,Combinaison Rocbouquet GS
10849,ロックブーケGPスーツ,Combinaison Rocbouquet GP
10850,ロックブーケZPスーツ,Combinaison Rocbouquet ZP
10851,アルカイザーベスト,Gilet Alkaiser
10852,アルカイザーＦベスト,Gilet Alkaiser F
10853,アルカイザーFZベスト,Gilet Alkaiser FZ
10854,アルカイザーHSベスト,Gilet Alkaiser HS
10855,アルカイザーGSベスト,Gilet Alkaiser GS
10856,アルカイザーGPベスト,Gilet Alkaiser GP
10857,アルカイザーZPベスト,Gilet Alkaiser ZP
10858,アルカイザースーツ,Combinaison Alkaiser
10859,アルカイザーＦスーツ,Combinaison Alkaiser F
10860,アルカイザーFZスーツ,Combinaison Alkaiser FZ
10861,アルカイザーHSスーツ,Combinaison Alkaiser HS
10862,アルカイザーGSスーツ,Combinaison Alkaiser GS
10863,アルカイザーGPスーツ,Combinaison Alkaiser GP
10864,アルカイザーZPスーツ,Combinaison Alkaiser ZP
10865,クローディアベスト,Gilet Claudia
10866,クローディアＦベスト,Gilet Claudia F
10867,クローディアFZベスト,Gilet Claudia FZ
10868,クローディアHSベスト,Gilet Claudia HS
10869,クローディアGSベスト,Gilet Claudia GS
10870,クローディアGPベスト,Gilet Claudia GP
10871,クローディアZPベスト,Gilet Claudia ZP
10872,クローディアスーツ,Combinaison Claudia
10873,クローディアＦスーツ,Combinaison Claudia F
10874,クローディアFZスーツ,Combinaison Claudia FZ
10875,クローディアHSスーツ,Combinaison Claudia HS
10876,クローディアGSスーツ,Combinaison Claudia GS
10877,クローディアGPスーツ,Combinaison Claudia GP
10878,クローディアZPスーツ,Combinaison Claudia ZP
10879,ヘシュムメイル,Cotte Hesyumu
10880,ヘシュムＦメイル,Cotte Hesyumu F
10881,ヘシュムFZメイル,Cotte Hesyumu FZ
10882,ヘシュムHSメイル,Cotte Hesyumu HS
10883,ヘシュムGSメイル,Cotte Hesyumu GS
10884,ヘシュムGPメイル,Cotte Hesyumu GP
10885,ヘシュムZPメイル,Cotte Hesyumu ZP
10886,ヘシュムレジスト,Veste Hesyumu
10887,ヘシュムＦレジスト,Veste Hesyumu F
10888,ヘシュムFZレジスト,Veste Hesyumu FZ
10889,ヘシュムHSレジスト,Veste Hesyumu HS
10890,ヘシュムGSレジスト,Veste Hesyumu GS
10891,ヘシュムGPレジスト,Veste Hesyumu GP
10892,ヘシュムZPレジスト,Veste Hesyumu ZP
10893,カサミエスーツ,Combinaison Kasamie
10894,カサミエＦスーツ,Combinaison Kasamie F
10895,カサミエFZスーツ,Combinaison Kasamie FZ
10896,カサミエHSスーツ,Combinaison Kasamie HS
10897,カサミエGSスーツ,Combinaison Kasamie GS
10898,カサミエGPスーツ,Combinaison Kasamie GP
10899,カサミエZPスーツ,Combinaison Kasamie ZP
10900,カサミエレジスト,Veste Kasamie
10901,カサミエＦレジスト,Veste Kasamie F
10902,カサミエFZレジスト,Veste Kasamie FZ
10903,カサミエHSレジスト,Veste Kasamie HS
10904,カサミエGSレジスト,Veste Kasamie GS
10905,カサミエGPレジスト,Veste Kasamie GP
10906,カサミエZPレジスト,Veste Kasamie ZP
10907,シエロZPメイル,Cotte Cielo ZP
10908,シエロZPスーツ,Combinaison Cielo ZP
10909,ヴィーチZPメイル,Cotte Vichi ZP
10910,ヴィーチZPレジスト,Veste Vichi ZP
10911,ラピヌZPスーツ,Combinaison Lapine ZP
10912,ラピヌZPベスト,Gilet Lapine ZP
10913,ベイルZPブリガンテス,
10914,パシオメイル,Cotte Pashio
10915,パシオＦメイル,Cotte Pashio F
10916,パシオFYメイル,Cotte Pashio FY
10917,パシオHSメイル,Cotte Pashio HS
10918,パシオＧメイル,Cotte Pashio G
10919,パシオGFメイル,Cotte Pashio GF
10920,パシオGXメイル,Cotte Pashio GX
10921,パシオレジスト,Veste Pashio
10922,パシオＦレジスト,Veste Pashio F
10923,パシオFYレジスト,Veste Pashio FY
10924,パシオHSレジスト,Veste Pashio HS
10925,パシオＧレジスト,Veste Pashio G
10926,パシオGFレジスト,Veste Pashio GF
10927,パシオGXレジスト,Veste Pashio GX
10928,ハルドＤメイル,Cotte Harudo D
10929,ハルドＤレジスト,Veste Harudo D
10930,雅孔Ｄ【胴当て】,
10931,雅穿Ｄ【胴当て】,
10932,メラギＤメイル,Cotte Meraginasu D
10933,メラギＤレジスト,Veste Meraginasu D
10934,ヘシュムＤメイル,Cotte Hesyumu D
10935,カサミエＤスーツ,Combinaison Kasamie D
10936,シエロＤメイル,Cotte Cielo D
10937,ヴィーチＤメイル,Cotte Vichi D
10938,アデルＤメイル,Cotte Adel D
10939,ロックブーケＤベスト,Gilet Rocbouquet D
10940,アルカイザーＤベスト,Gilet Alkaiser D
10941,クローディアＤベスト,Gilet Claudia D
10942,キノスＤメイル,Cotte Kinosu D
10943,ヒメロスＤメイル,Cotte Himeros D
10944,カリエンＤレジスト,Veste Charien D
10945,アリエッタＤスーツ,Combinaison Arietta D
10946,クラフトＤメイル,
10947,シエリーＤメイル,Cotte Shieri D
10948,プペンＤメイル,Cotte Pupen D
10949,モスカバＤメイル,
10950,エクセレＤメイル,Cotte Excelle D
10951,オルドルＤメイル,Cotte Ordre D
10952,リオデュオＤメイル,Cotte Rath D
10953,アトラＤメイル,Cotte Atra D
10954,マダルＤメイル,Cotte Madaru D
10955,シャッセＤメイル,Cotte Shasse D
10956,オルケシスＤメイル,Cotte Orchesis D
10957,ブリゼＤメイル,Cotte Blize D
10958,クオイズＤメイル,Cotte Quoiz D
10959,カライスＤメイル,Cotte Kalais D
10960,ルケーゼＤメイル,Cotte Lucchese D
10961,エントラＤメイル,Cotte Entora D
10962,ﾖﾙﾊ九号S型ベスト,Gilet YoRHa
10963,ﾖﾙﾊ九号S型Ｆベスト,Gilet YoRHa
10964,ﾖﾙﾊ九号S型FZベスト,Gilet YoRHa
10965,ﾖﾙﾊ九号S型HSベスト,Gilet YoRHa
10966,ﾖﾙﾊ九号S型GSベスト,Gilet YoRHa
10967,ﾖﾙﾊ九号S型GPベスト,Gilet YoRHa
10968,ﾖﾙﾊ九号S型ZPベスト,Gilet YoRHa
10969,ﾖﾙﾊ九号S型スーツ,Combinaison YoRHa
10970,ﾖﾙﾊ九号S型Ｆスーツ,Combinaison YoRHa
10971,ﾖﾙﾊ九号S型FZスーツ,Combinaison YoRHa
10972,ﾖﾙﾊ九号S型HSスーツ,Combinaison YoRHa
10973,ﾖﾙﾊ九号S型GSスーツ,Combinaison YoRHa
10974,ﾖﾙﾊ九号S型GPスーツ,Combinaison YoRHa
10975,ﾖﾙﾊ九号S型ZPスーツ,Combinaison YoRHa
10976,ﾖﾙﾊ二号B型ベスト,Gilet YoRHa
10977,ﾖﾙﾊ二号B型Ｆベスト,Gilet YoRHa F
10978,ﾖﾙﾊ二号B型FZベスト,Gilet YoRHa FZ
10979,ﾖﾙﾊ二号B型HSベスト,Gilet YoRHa HS
10980,ﾖﾙﾊ二号B型GSベスト,Gilet YoRHa GS
10981,ﾖﾙﾊ二号B型GPベスト,Gilet YoRHa GP
10982,ﾖﾙﾊ二号B型ZPベスト,Gilet YoRHa ZP
10983,ﾖﾙﾊ二号B型スーツ,Combinaison YoRHa
10984,ﾖﾙﾊ二号B型Ｆスーツ,Combinaison YoRHa F
10985,ﾖﾙﾊ二号B型FZスーツ,Combinaison YoRHa FZ
10986,ﾖﾙﾊ二号B型HSスーツ,Combinaison YoRHa HS
10987,ﾖﾙﾊ二号B型GSスーツ,Combinaison YoRHa GS
10988,ﾖﾙﾊ二号B型GPスーツ,Combinaison YoRHa GP
10989,ﾖﾙﾊ二号B型ZPスーツ,Combinaison YoRHa ZP
10990,シャガルメイル,Cotte Shagaru
10991,シャガルＧメイル,Cotte Shagaru G
10992,シャガルGFメイル,Cotte Shagaru GF
10993,シャガルGXメイル,Cotte Shagaru GX
10994,シャガルレジスト,Veste Shagaru
10995,シャガルＧレジスト,Veste Shagaru G
10996,シャガルGFレジスト,Veste Shagaru GF
10997,シャガルGXレジスト,Veste Shagaru GX
10998,ヒュジＺメイル,Cotte Hyujikiki Z
10999,ヒュジZFメイル,Cotte Hyujikiki F
11000,ヒュジZYメイル,Cotte Hyujikiki ZY
11001,ヒュジZXメイル,Cotte Hyujikiki ZX
11002,ヒュジＺレジスト,Veste Hyujikiki Z
11003,ヒュジZFレジスト,Veste Hyujikiki F
11004,ヒュジZYレジスト,Veste Hyujikiki ZY
11005,ヒュジZXレジスト,Veste Hyujikiki ZX
11006,ギアＺメイル,Cotte Engrenage Z
11007,ギアZFメイル,
11008,ギアZYメイル,Cotte Engrenage ZY
11009,ギアZXメイル,Cotte Engrenage ZX
11010,ギアＺレジスト,Veste Engrenage Z
11011,ギアZFレジスト,
11012,ギアZYレジスト,Veste Engrenage ZY
11013,ギアZXレジスト,Veste Engrenage ZX
11014,ロッカスーツ,Combinaison Rokka
11015,ロッカＦスーツ,Combinaison Rokka F
11016,ロッカFZスーツ,Combinaison Rokka FZ
11017,ロッカHSスーツ,Combinaison Rokka HS
11018,ロッカGSスーツ,Combinaison Rokka GS
11019,ロッカGPスーツ,Combinaison Rokka GP
11020,ロッカZPスーツ,Combinaison Rokka ZP
11021,ロッカベスト,Gilet Rokka
11022,ロッカＦベスト,Gilet Rokka F
11023,ロッカFZベスト,Gilet Rokka FZ
11024,ロッカHSベスト,Gilet Rokka HS
11025,ロッカGSベスト,Gilet Rokka GS
11026,ロッカGPベスト,Gilet Rokka GP
11027,ロッカZPベスト,Gilet Rokka ZP
11028,ペンレスーツ,Combinaison Penre
11029,ペンレＦスーツ,Combinaison Penre F
11030,ペンレFZスーツ,Combinaison Penre FZ
11031,ペンレHSスーツ,Combinaison Penre HS
11032,ペンレGSスーツ,Combinaison Penre GS
11033,ペンレGPスーツ,Combinaison Penre GP
11034,ペンレZPスーツ,Combinaison Penre ZP
11035,ペンレレジスト,Veste Penre
11036,ペンレＦレジスト,Veste Penre F
11037,ペンレFZレジスト,Veste Penre FZ
11038,ペンレHSレジスト,Veste Penre HS
11039,ペンレGSレジスト,Veste Penre GS
11040,ペンレGPレジスト,Veste Penre GP
11041,ペンレZPレジスト,Veste Penre ZP
11042,赤原礼装・胴：剣ZP赤,Torse Akahara ZP Lame rouge
11043,赤原礼装・胴：弓ZP赤,Torse Akahara ZP Arc rouge
11044,赤原礼装・胴：剣ZP青,Torse Akahara ZP Lame bleu
11045,赤原礼装・胴：弓ZP青,Torse Akahara ZP Arc bleu
11046,赤原礼装・胴：剣ZP黒,Torse Akahara ZP Lame noir
11047,赤原礼装・胴：弓ZP黒,Torse Akahara ZP Arc noir
11048,赤原礼装・胴：剣ZP白,Torse Akahara ZP Lame blanc
11049,赤原礼装・胴：弓ZP白,Torse Akahara ZP Arc blanc
11050,騎士王の胴鎧：剣ZP青,
11051,騎士王の胴鎧：弓ZP青,
11052,騎士王の胴鎧：剣ZP赤,
11053,騎士王の胴鎧：弓ZP赤,
11054,騎士王の胴鎧：剣ZP黒,
11055,騎士王の胴鎧：弓ZP黒,
11056,騎士王の胴鎧：剣ZP白,
11057,騎士王の胴鎧：弓ZP白,
11058,英雄王の胴鎧：剣ZP金,
11059,英雄王の胴鎧：銃ZP金,
11060,英雄王の胴鎧：剣ZP黒,
11061,英雄王の胴鎧：銃ZP黒,
11062,英雄王の胴鎧：剣ZP白,
11063,英雄王の胴鎧：銃ZP白,
11064,英雄王の胴鎧：剣ZP赤,
11065,英雄王の胴鎧：銃ZP赤,
11066,ゴルゴンZPベスト・黒,Gilet Gorgone ZP noir
11067,ゴルゴンZPスーツ・黒,Combinaison Gorgone ZP noire
11068,ゴルゴンZPベスト・青,Gilet Gorgone ZP bleu
11069,ゴルゴンZPスーツ・青,Combinaison Gorgone ZP bleue
11070,ゴルゴンZPベスト・白,Gilet Gorgone ZP blanc
11071,ゴルゴンZPスーツ・白,Combinaison Gorgone ZP blanche
11072,ゴルゴンZPベスト・赤,Gilet Gorgone ZP rouge
11073,ゴルゴンZPスーツ・赤,Combinaison Gorgone ZP rouge
11074,アーベンZPメイル,Cotte Arben ZP
11075,アーベンZPスーツ,Combinaison Arben ZP
11076,アウラZPメイル,
11077,アウラZPレジスト,
11078,ガガチュZPベスト,Gilet Gagachu ZP
11079,ガガチュZPスーツ,Combinaison Gagachu ZP
11080,クロフィZPメイル,Cotte Kurofi ZP
11081,クロフィZPレジスト,Veste Kurofi ZP
11082,ケラヴノZPメイル,Cotte Keravuno ZP
11083,ケラヴノZPレジスト,Veste Keravuno ZP
11084,リカンテＺメイル,Cotte Rikante Z
11085,リカンテZFメイル,Cotte Rikante F
11086,リカンテZYメイル,Cotte Rikante ZY
11087,リカンテZXメイル,Cotte Rikante ZX
11088,リカンテＺレジスト,Veste Rikante Z
11089,リカンテZFレジスト,Veste Rikante F
11090,リカンテZYレジスト,Veste Rikante ZY
11091,リカンテZXレジスト,Veste Rikante ZX
11092,チャトレＧメイル,Cotte Chatore G
11093,チャトレGFメイル,Cotte Chatore GF
11094,チャトレGXメイル,Cotte Chatore GX
11095,チャトレＧレジスト,Veste Chatore G
11096,チャトレGFレジスト,Veste Chatore GF
11097,チャトレGXレジスト,Veste Chatore GX
11098,ドゥンルGXメイル,Cotte Donru GX
11099,ドゥンルGXレジスト,Veste Donru GX
11100,ペンレＤスーツ,Combinaison Penre D
11101,ロッカＤスーツ,Combinaison Rokka D
11102,ﾖﾙﾊ九号S型Ｄベスト,Gilet YoRHa
11103,ﾖﾙﾊ二号B型Ｄベスト,Gilet YoRHa D
11104,トリートＣジャケット,
11105,クラフトＣメイル,
11106,シエロＣメイル,Cotte Cielo C
11107,アイルーＣメイル,Cotte Felyne C
11108,赤原礼装・胴：弓Ｄ赤,Torse Akahara D Arc rouge
11109,赤原礼装・胴：弓Ｄ青,Torse Akahara D Arc bleu
11110,赤原礼装・胴：弓Ｄ黒,Torse Akahara D Arc noir
11111,赤原礼装・胴：弓Ｄ白,Torse Akahara D Arc blanc
11112,騎士王の胴鎧：剣Ｄ青,
11113,騎士王の胴鎧：剣Ｄ赤,
11114,騎士王の胴鎧：剣Ｄ黒,
11115,騎士王の胴鎧：剣Ｄ白,
11116,英雄王の胴鎧：剣Ｄ金,
11117,英雄王の胴鎧：剣Ｄ黒,
11118,英雄王の胴鎧：剣Ｄ白,
11119,英雄王の胴鎧：剣Ｄ赤,
11120,ゴルゴンＤベスト・黒,Gilet Gorgone D noir
11121,ゴルゴンＤベスト・青,Gilet Gorgone D bleu
11122,ゴルゴンＤベスト・白,Gilet Gorgone D blanc
11123,ゴルゴンＤベスト・赤,Gilet Gorgone D rouge
11124,アーベンＤメイル,Cotte Arben D
11125,アウラＤメイル,
11126,ガガチュＤベスト,Gilet Gagachu D
11127,クロフィＤメイル,Cotte Kurofi D
11128,ケラヴノＤメイル,Cotte Keravuno D
11129,エスピナZDムスケル,
11130,エスピナZDケミュート,
11131,ヒプノZDメイル,Cotte Hypnoc D
11132,ヒプノZDレジスト,Veste Hypnoc D
11133,フルフルZDメイル,Cotte Khezu D
11134,フルフルZDレジスト,Veste Khezu D
11135,ザザミZDメイル,Cotte Hermitaur D
11136,ザザミZDレジスト,Veste Hermitaur D
11137,レウスZDメイル,Cotte Rathalos D
11138,レウスZDレジスト,Veste Rathalos D
11139,ブランゴZDメイル,Cotte Blango D
11140,ブランゴZDレジスト,Veste Blango D
11141,ヴァシムZDメイル,Cotte Vashimu D
11142,ヴァシムZDレジスト,Veste Vashimu D
11143,レックスZDメイル,Cotte Tigrex D
11144,レックスZDレジスト,Veste Tigrex D
11145,ヒュジZDメイル,Cotte Hyujikiki D
11146,ヒュジZDレジスト,Veste Hyujikiki D
11147,ギアZDメイル,
11148,ギアZDレジスト,
11149,ムルタＤメイル,Cotte Muruta D
11150,ミドＺメイル,Cotte Midogaron Z
11151,ミドZFメイル,Cotte Midogaron F
11152,ミドZYメイル,Cotte Midogaron ZY
11153,ミドZXメイル,Cotte Midogaron ZX
11154,ミドＺレジスト,Veste Midogaron Z
11155,ミドZFレジスト,Veste Midogaron F
11156,ミドZYレジスト,Veste Midogaron ZY
11157,ミドZXレジスト,Veste Midogaron ZX
11158,祖龍GXハイド,
11159,祖龍GXスキン,
11160,エルゼＧメイル,Cotte Elzelion G
11161,エルゼGFメイル,Cotte Elzelion GF
11162,エルゼGXメイル,Cotte Elzelion GX
11163,エルゼＧレジスト,Veste Elzelion G
11164,エルゼGFレジスト,Veste Elzelion GF
11165,エルゼGXレジスト,Veste Elzelion GX
11166,ザッカスーツ,Combinaison Zakka
11167,ザッカＦスーツ,Combinaison Zakka F
11168,ザッカFZスーツ,Combinaison Zakka FZ
11169,ザッカHSスーツ,Combinaison Zakka HS
11170,ザッカGSスーツ,Combinaison Zakka GS
11171,ザッカGPスーツ,Combinaison Zakka GP
11172,ザッカZPスーツ,Combinaison Zakka ZP
11173,ザッカベスト,Gilet Zakka
11174,ザッカＦベスト,Gilet Zakka F
11175,ザッカFZベスト,Gilet Zakka FZ
11176,ザッカHSベスト,Gilet Zakka HS
11177,ザッカGSベスト,Gilet Zakka GS
11178,ザッカGPベスト,Gilet Zakka GP
11179,ザッカZPベスト,Gilet Zakka ZP
11180,蒼ノ剣雄スーツ,
11181,蒼ノ剣雄Ｆスーツ,
11182,蒼ノ剣雄FZスーツ,
11183,蒼ノ剣雄HSスーツ,
11184,蒼ノ剣雄GSスーツ,
11185,蒼ノ剣雄GPスーツ,
11186,蒼ノ剣雄ZPスーツ,
11187,紅ノ双星スーツ,
11188,紅ノ双星Ｆスーツ,
11189,紅ノ双星FZスーツ,
11190,紅ノ双星HSスーツ,
11191,紅ノ双星GSスーツ,
11192,紅ノ双星GPスーツ,
11193,紅ノ双星ZPスーツ,
11194,黒ノ天剣スーツ,
11195,黒ノ天剣Ｆスーツ,
11196,黒ノ天剣FZスーツ,
11197,黒ノ天剣HSスーツ,
11198,黒ノ天剣GSスーツ,
11199,黒ノ天剣GPスーツ,
11200,黒ノ天剣ZPスーツ,
11201,茜ノ春刀スーツ,
11202,茜ノ春刀Ｆスーツ,
11203,茜ノ春刀FZスーツ,
11204,茜ノ春刀HSスーツ,
11205,茜ノ春刀GSスーツ,
11206,茜ノ春刀GPスーツ,
11207,茜ノ春刀ZPスーツ,
11208,菊ノ乱鎚スーツ,
11209,菊ノ乱鎚Ｆスーツ,
11210,菊ノ乱鎚FZスーツ,
11211,菊ノ乱鎚HSスーツ,
11212,菊ノ乱鎚GSスーツ,
11213,菊ノ乱鎚GPスーツ,
11214,菊ノ乱鎚ZPスーツ,
11215,桜ノ歌笛スーツ,
11216,桜ノ歌笛Ｆスーツ,
11217,桜ノ歌笛FZスーツ,
11218,桜ノ歌笛HSスーツ,
11219,桜ノ歌笛GSスーツ,
11220,桜ノ歌笛GPスーツ,
11221,桜ノ歌笛ZPスーツ,
11222,空ノ砕槍スーツ,
11223,空ノ砕槍Ｆスーツ,
11224,空ノ砕槍FZスーツ,
11225,空ノ砕槍HSスーツ,
11226,空ノ砕槍GSスーツ,
11227,空ノ砕槍GPスーツ,
11228,空ノ砕槍ZPスーツ,
11229,宵ノ告槍スーツ,
11230,宵ノ告槍Ｆスーツ,
11231,宵ノ告槍FZスーツ,
11232,宵ノ告槍HSスーツ,
11233,宵ノ告槍GSスーツ,
11234,宵ノ告槍GPスーツ,
11235,宵ノ告槍ZPスーツ,
11236,白ノ穿光スーツ,
11237,白ノ穿光Ｆスーツ,
11238,白ノ穿光FZスーツ,
11239,白ノ穿光HSスーツ,
11240,白ノ穿光GSスーツ,
11241,白ノ穿光GPスーツ,
11242,白ノ穿光ZPスーツ,
11243,藤ノ彩斧スーツ,Combinaison Colour
11244,藤ノ彩斧Ｆスーツ,Combinaison Colour F
11245,藤ノ彩斧FZスーツ,Combinaison Colour FZ
11246,藤ノ彩斧HSスーツ,Combinaison Colour HS
11247,藤ノ彩斧GSスーツ,Combinaison Colour GS
11248,藤ノ彩斧GPスーツ,Combinaison Colour GP
11249,藤ノ彩斧ZPスーツ,Combinaison Colour ZP
11250,陽ノ砲銃ベスト,
11251,陽ノ砲銃Ｆベスト,
11252,陽ノ砲銃FZベスト,
11253,陽ノ砲銃HSベスト,
11254,陽ノ砲銃GSベスト,
11255,陽ノ砲銃GPベスト,
11256,陽ノ砲銃ZPベスト,
11257,地ノ崩砲ベスト,
11258,地ノ崩砲Ｆベスト,
11259,地ノ崩砲FZベスト,
11260,地ノ崩砲HSベスト,
11261,地ノ崩砲GSベスト,
11262,地ノ崩砲GPベスト,
11263,地ノ崩砲ZPベスト,
11264,夜ノ弓聖ベスト,
11265,夜ノ弓聖Ｆベスト,
11266,夜ノ弓聖FZベスト,
11267,夜ノ弓聖HSベスト,
11268,夜ノ弓聖GSベスト,
11269,夜ノ弓聖GPベスト,
11270,夜ノ弓聖ZPベスト,
11271,ランタナスーツ,Combinaison Rantana
11272,ランタナＦスーツ,Combinaison Rantana F
11273,ランタナFZスーツ,Combinaison Rantana FZ
11274,ランタナHSスーツ,Combinaison Rantana HS
11275,ランタナGSスーツ,Combinaison Rantana GS
11276,ランタナGPスーツ,Combinaison Rantana GP
11277,ランタナZPスーツ,Combinaison Rantana ZP
11278,ランタナベスト,Gilet Rantana
11279,ランタナＦベスト,Gilet Rantana F
11280,ランタナFZベスト,Gilet Rantana FZ
11281,ランタナHSベスト,Gilet Rantana HS
11282,ランタナGSベスト,Gilet Rantana GS
11283,ランタナGPベスト,Gilet Rantana GP
11284,ランタナZPベスト,Gilet Rantana ZP
11285,エリススーツ,Combinaison Eris
11286,エリスＦスーツ,Combinaison Eris F
11287,エリスFZスーツ,Combinaison Eris FZ
11288,エリスHSスーツ,Combinaison Eris HS
11289,エリスGSスーツ,Combinaison Eris GS
11290,エリスGPスーツ,Combinaison Eris GP
11291,エリスZPスーツ,Combinaison Eris ZP
11292,エリスベスト,Gilet Eris
11293,エリスＦベスト,Gilet Eris F
11294,エリスFZベスト,Gilet Eris FZ
11295,エリスHSベスト,Gilet Eris HS
11296,エリスGSベスト,Gilet Eris GS
11297,エリスGPベスト,Gilet Eris GP
11298,エリスZPベスト,Gilet Eris ZP
11299,マギサZPベスト・赤,Gilet Magisa ZP rouge
11300,マギサZPベスト・黒,Gilet Magisa ZP noir
11301,マギサZPベスト・緑,Gilet Magisa ZP vert
11302,マギサZPベスト・白,Gilet Magisa ZP blanc
11303,ウィザーZPスーツ・赤,Combinaison Wither ZP rouge
11304,ウィザーZPスーツ・黒,Combinaison Wither ZP noire
11305,ウィザーZPスーツ・緑,Combinaison Wither ZP verte
11306,ウィザーZPスーツ・白,Combinaison Wither ZP blanche
11307,和花ノ胴丸ZP,
11308,和花ノ胸当てZP,
11309,シャランZPベスト・青,Gilet Sharan ZP bleu
11310,シャランZPベスト・緑,Gilet Sharan ZP vert
11311,シャランZPベスト・紫,Gilet Sharan ZP violet
11312,シャランZPベスト・白,Gilet Sharan ZP blanc
11313,シャランZPスーツ・青,Combinaison Sharan ZP bleue
11314,シャランZPスーツ・緑,Combinaison Sharan ZP verte
11315,シャランZPスーツ・紫,Combinaison Sharan ZP violette
11316,シャランZPスーツ・白,Combinaison Sharan ZP blanche
11317,アルミュＧメイル,Cotte Arumyu G
11318,アルミュGFメイル,Cotte Arumyu GF
11319,アルミュGXメイル,Cotte Arumyu GX
11320,アルミュＧレジスト,Veste Arumyu G
11321,アルミュGFレジスト,Veste Arumyu GF
11322,アルミュGXレジスト,Veste Arumyu GX
11323,コリニィＺスーツ,Combinaison Korinyi Z
11324,コリニィZFスーツ,Combinaison Korinyi F
11325,コリニィZYスーツ,Combinaison Korinyi ZY
11326,コリニィZXスーツ,Combinaison Korinyi ZX
11327,コリニィＺベスト,Gilet Korinyi Z
11328,コリニィZFベスト,Gilet Korinyi F
11329,コリニィZYベスト,Gilet Korinyi ZY
11330,コリニィZXベスト,Gilet Korinyi ZX
11331,煉華ノ羽織Ｚ,
11332,煉華ノ羽織ZF,
11333,煉華ノ羽織ZY,
11334,煉華ノ羽織ZX,
11335,煉華ノ装束Ｚ,
11336,煉華ノ装束ZF,
11337,煉華ノ装束ZY,
11338,煉華ノ装束ZX,
11339,ダミー,
11340,ダミー,
11341,ダミー,
11342,ダミー,
11343,ダミー,
11344,ダミー,
11345,ダミー,
11346,ダミー,
11347,ミドZDメイル,Cotte Midogaron D
11348,ミドZDレジスト,Veste Midogaron D
11349,祖龍Ｄハイド,
11350,祖龍Ｄスキン,
11351,エルゼＤメイル,Cotte Elzelion D
11352,エルゼＤレジスト,Veste Elzelion D
11353,ザッカＤスーツ,Combinaison Zakka D
11354,十ノ軌跡Ｃスーツ,
11355,十ノ至道Ｃベスト,
11356,ランタナＤスーツ,Combinaison Rantana D
11357,エリスＤスーツ,Combinaison Eris D
11358,マギサＤベスト・赤,Gilet Magisa D rouge
11359,マギサＤベスト・黒,Gilet Magisa D noir
11360,マギサＤベスト・緑,Gilet Magisa D vert
11361,マギサＤベスト・白,Gilet Magisa D blanc
11362,マギサＤベスト・青,Gilet Magisa D bleu
11363,和花ノ胴丸Ｄ,
11364,シャランＤベスト・青,Gilet Sharan D bleu
11365,シャランＤベスト・緑,Gilet Sharan D vert
11366,シャランＤベスト・紫,Gilet Sharan D violet
11367,シャランＤベスト・白,Gilet Sharan D blanc
11368,シャランＤベスト・赤,Gilet Sharan D rouge
11369,シャランＤベスト・紅,Gilet Sharan D cramoisi
11370,シャランＤベスト・橙,Gilet Sharan D orange
11371,キャリッジＤベスト,Gilet Carrosse D
11372,マーブルＤベスト,Gilet Marbre D
11373,シャンディＤベスト,
11374,バンケットＤベスト,
11375,コリニィＤスーツ,Combinaison Korinyi D
11376,煉華ノ羽織Ｄ,
11377,ククボＤメイル,Cotte Kukubo D
11378,カカブＤメイル,Cotte Kakabu D
11379,アルルＤメイル,Cotte Aruru D
11380,あかねこ服Ｄスーツ,
11381,ライオスＤメイル,Cotte Rios D
11382,ボニトＤメイル,
11383,メイリダＤメイル,Cotte Meirida D
11384,ミニオムＤメイル,Cotte Miniomu D
11385,ハリメノＤメイル,Cotte Harimeno D
11386,デリヴＤメイル,
11387,アサークＤメイル,Cotte Asaku D
11388,デゾルトＤメイル,Cotte Desordre D
11389,ハラガンＤメイル,Cotte Haragan D
11390,アブヤドＤメイル,Cotte Abuyado D
11391,ルコＺメイル,Cotte Ruko Z
11392,ルコZFメイル,Cotte Ruko F
11393,ルコZYメイル,Cotte Ruko ZY
11394,ルコZXメイル,Cotte Ruko ZX
11395,ルコＺレジスト,Veste Ruko Z
11396,ルコZFレジスト,Veste Ruko F
11397,ルコZYレジスト,Veste Ruko ZY
11398,ルコZXレジスト,Veste Ruko ZX
11399,ガノＺメイル,Cotte Plesioth Z
11400,ガノZFメイル,Cotte Plesioth F
11401,ガノZYメイル,Cotte Plesioth ZY
11402,ガノZXメイル,Cotte Plesioth ZX
11403,ガノＺレジスト,Veste Plesioth Z
11404,ガノZFレジスト,Veste Plesioth F
11405,ガノZYレジスト,Veste Plesioth ZY
11406,ガノZXレジスト,Veste Plesioth ZX
11407,シャルフメイル,Cotte Sharufu
11408,シャルフＦメイル,Cotte Sharufu F
11409,シャルフFZメイル,Cotte Sharufu FZ
11410,シャルフHSメイル,Cotte Sharufu HS
11411,シャルフGSメイル,Cotte Sharufu GS
11412,シャルフGPメイル,Cotte Sharufu GP
11413,シャルフZPメイル,Cotte Sharufu ZP
11414,シャルフレジスト,Veste Sharufu
11415,シャルフＦレジスト,Veste Sharufu F
11416,シャルフFZレジスト,Veste Sharufu FZ
11417,シャルフHSレジスト,Veste Sharufu HS
11418,シャルフGSレジスト,Veste Sharufu GS
11419,シャルフGPレジスト,Veste Sharufu GP
11420,シャルフZPレジスト,Veste Sharufu ZP
11421,カマラメイル,Cotte Kamara
11422,カマラＦメイル,Cotte Kamara F
11423,カマラFZメイル,Cotte Kamara FZ
11424,カマラHSメイル,Cotte Kamara HS
11425,カマラGSメイル,Cotte Kamara GS
11426,カマラGPメイル,Cotte Kamara GP
11427,カマラZPメイル,Cotte Kamara ZP
11428,カマラレジスト,Veste Kamara
11429,カマラＦレジスト,Veste Kamara F
11430,カマラFZレジスト,Veste Kamara FZ
11431,カマラHSレジスト,Veste Kamara HS
11432,カマラGSレジスト,Veste Kamara GS
11433,カマラGPレジスト,Veste Kamara GP
11434,カマラZPレジスト,Veste Kamara ZP
11435,ルーチェメイル,Cotte Ruche
11436,ルーチェＦメイル,Cotte Ruche F
11437,ルーチェFZメイル,Cotte Ruche FZ
11438,ルーチェHSメイル,Cotte Ruche HS
11439,ルーチェGSメイル,Cotte Ruche GS
11440,ルーチェGPメイル,Cotte Ruche GP
11441,ルーチェZPメイル,Cotte Ruche ZP
11442,ルーチェレジスト,Veste Ruche
11443,ルーチェＦレジスト,Veste Ruche F
11444,ルーチェFZレジスト,Veste Ruche FZ
11445,ルーチェHSレジスト,Veste Ruche HS
11446,ルーチェGSレジスト,Veste Ruche GS
11447,ルーチェGPレジスト,Veste Ruche GP
11448,ルーチェZPレジスト,Veste Ruche ZP
11449,レイジHSメイル,Cotte Rage HS
11450,レイジGSメイル,Cotte Rage GS
11451,レイジGPメイル,Cotte Rage GP
11452,レイジZPメイル,Cotte Rage ZP
11453,レイジHSスーツ,Combinaison Rage HS
11454,レイジGSスーツ,Combinaison Rage GS
11455,レイジGPスーツ,Combinaison Rage GP
11456,レイジZPスーツ,Combinaison Rage ZP
11457,ランページHSメイル,Cotte Déchaînement HS
11458,ランページGSメイル,Cotte Déchaînement GS
11459,ランページGPメイル,Cotte Déchaînement GP
11460,ランページZPメイル,Cotte Déchaînement ZP
11461,ランページHSスーツ,Combinaison Déchaînement HS
11462,ランページGSスーツ,Combinaison Déchaînement GS
11463,ランページGPスーツ,Combinaison Déchaînement GP
11464,ランページZPスーツ,Combinaison Déchaînement ZP
11465,ブレイズHSメイル,Cotte Brasier HS
11466,ブレイズGSメイル,Cotte Brasier GS
11467,ブレイズGPメイル,Cotte Brasier GP
11468,ブレイズZPメイル,Cotte Brasier ZP
11469,ブレイズHSスーツ,Combinaison Brasier HS
11470,ブレイズGSスーツ,Combinaison Brasier GS
11471,ブレイズGPスーツ,Combinaison Brasier GP
11472,ブレイズZPスーツ,Combinaison Brasier ZP
11473,プーギーFZブレスト,
11474,プーギーHSブレスト,
11475,プーギーGSブレスト,
11476,プーギーGPブレスト,
11477,プーギーZPブレスト,
11478,プーギーFZトルソー,
11479,プーギーHSトルソー,
11480,プーギーGSトルソー,
11481,プーギーGPトルソー,
11482,プーギーZPトルソー,
11483,マンドラFZベスト,Gilet Mandora FZ
11484,マンドラHSベスト,Gilet Mandora HS
11485,マンドラGSベスト,Gilet Mandora GS
11486,マンドラGPベスト,Gilet Mandora GP
11487,マンドラZPベスト,Gilet Mandora ZP
11488,マンドラFZスーツ,Combinaison Mandora FZ
11489,マンドラHSスーツ,Combinaison Mandora HS
11490,マンドラGSスーツ,Combinaison Mandora GS
11491,マンドラGPスーツ,Combinaison Mandora GP
11492,マンドラZPスーツ,Combinaison Mandora ZP
11493,アオノコFZベスト,Gilet Aonoko FZ
11494,アオノコHSベスト,Gilet Aonoko HS
11495,アオノコGSベスト,Gilet Aonoko GS
11496,アオノコGPベスト,Gilet Aonoko GP
11497,アオノコZPベスト,Gilet Aonoko ZP
11498,アオノコFZスーツ,Combinaison Aonoko FZ
11499,アオノコHSスーツ,Combinaison Aonoko HS
11500,アオノコGSスーツ,Combinaison Aonoko GS
11501,アオノコGPスーツ,Combinaison Aonoko GP
11502,アオノコZPスーツ,Combinaison Aonoko ZP
11503,ガウスZPメイル,Cotte Gauss ZP
11504,ガウスZPレジスト,Veste Gauss ZP
11505,ウェーバZPメイル,Cotte Weber ZP
11506,ウェーバZPレジスト,Veste Weber ZP
11507,ギルバートZPメイル,Cotte Gilbert ZP
11508,ギルバートZPレジスト,Veste Gilbert ZP
11509,ズィベイZPムスケル,
11510,ズィベイZPケミュート,
11511,リエブレＧメイル,Cotte Liebre G
11512,リエブレGFメイル,Cotte Liebre GF
11513,リエブレGXメイル,Cotte Liebre GX
11514,リエブレＧレジスト,Veste Liebre G
11515,リエブレGFレジスト,Veste Liebre GF
11516,リエブレGXレジスト,Veste Liebre GX
11517,メレンテＺメイル,Cotte Merente Z
11518,メレンテZFメイル,Cotte Merente F
11519,メレンテZYメイル,Cotte Merente ZY
11520,メレンテZXメイル,Cotte Merente ZX
11521,メレンテＺレジスト,Veste Merente Z
11522,メレンテZFレジスト,Veste Merente F
11523,メレンテZYレジスト,Veste Merente ZY
11524,メレンテZXレジスト,Veste Merente ZX
11525,ルコZDメイル,Cotte Ruko D
11526,ルコZDレジスト,Veste Ruko D
11527,ガノZDメイル,Cotte Plesioth D
11528,ガノZDレジスト,Veste Plesioth D
11529,シャルフＤメイル,Cotte Sharufu D
11530,カマラＤメイル,Cotte Kamara D
11531,リエブレＤメイル,Cotte Liebre D
11532,コリニィＣスーツ,Combinaison Korinyi C
11533,ルーチェＤメイル,Cotte Ruche D
11534,ストレングスＤボディ,
11535,レイジＤメイル,Cotte Rage D
11536,ランページＤメイル,Cotte Déchaînement D
11537,ブレイズＤメイル,Cotte Brasier D
11538,プーギーＤブレスト,
11539,マンドラＤベスト,Gilet Mandora D
11540,アオノコＤベスト,Gilet Aonoko D
11541,ガウスＤメイル,Cotte Gauss D
11542,ウェーバＤメイル,Cotte Weber D
11543,ギルバートＤメイル,Cotte Gilbert D
11544,ズィベイＤムスケル,
11545,チアリムＤメイル,Cotte Chiarim D
11546,ギルドバードＣスーツ,Combinaison Guilde C
11547,スカラーＣスーツ,Combinaison Érudit C
11548,ロワーガＣペット,
11549,ファルメルＣペット,
11550,ユクモノドウギＣ・天,
11551,白蘭Ｄメイル,
11552,紅霞Ｄメイル,
11553,鬼穿ノ肩鎧Ｄ,
11554,タングスＤメイル,Cotte Tangusu D
11555,ディスＤメイル,Cotte Disu D
11556,ディスＤレジスト,Veste Disu D
11557,リルスＤメイル,Cotte Lils D
11558,リルスＤレジスト,Veste Lils D
11559,ドラゴンSCハイド,
11560,ドラゴンSCスキン,
11561,ドラゴンGDハイド,
11562,ドラゴンGDスキン,
11563,バルカンＤハイド,
11564,バルカンＤスキン,
11565,バルカンGDハイド,
11566,バルカンGDスキン,
11567,ガーネットＤメイル,Cotte Grenat D
11568,アメジストＤメイル,Cotte Améthyste D
11569,コーラルＤメイル,Cotte Corail D
11570,クォーツＤメイル,
11571,エメラルドＤメイル,
11572,パールＤメイル,
11573,ルビーＤメイル,
11574,サファイアＤメイル,Cotte Saphir D
11575,トパーズＤレジスト,Veste Topaze D
11576,トルマリンＤレジスト,
11577,ラピスＤレジスト,Veste Lapis D
11578,ヒスイＤメイル,Cotte Hisui D
11579,オニキスＤメイル,
11580,ランポスーツボディＤ,
11581,ゲネポスーツボディＤ,
11582,イーオスーツボディＤ,
11583,ギアノスーツボディＤ,
11584,モスブレストＤ,
11585,ガブラスーツボディＤ,
11586,バトルレジストPD青,
11587,バトルレジストPD黄,
11588,バトルレジストPD紫,
11589,レイアメイルPD青,
11590,レイアメイルPD赤,
11591,レイアメイルPD黒,
11592,フルフルメイルPD青,
11593,フルフルメイルPD緑,
11594,フルフルメイルPD黒,
11595,エスピナメイルPD赤,
11596,エスピナメイルPD青,
11597,エスピナメイルPD黄,
11598,エスピナレジストPD赤,
11599,エスピナレジストPD青,
11600,エスピナレジストPD黄,
11601,ガーディスーツPD白,
11602,ガーディスーツPD黒,
11603,ガーディスーツPD紫,
11604,ヒーラーベストPD青,
11605,ヒーラーベストPD白,
11606,ヒーラーベストPD黄,
11607,ショウロウ【殻胴】Ｄ,
11608,ミタマ【殻胴】Ｄ,
11609,焔嶽Ｄ【胴当て】,
11610,緋嶽Ｄ【胴当て】,
11611,ルディアＤメイル,Cotte Ledia D
11612,白蛇ノ羽織Ｄ,
11613,黒虎ノ羽織Ｄ,
11614,崩霧Ｄ【羽織】,
11615,納言ノ羽織Ｄ,
11616,蒼空ノ羽織Ｄ,
11617,夕焼ノ羽織Ｄ,
11618,紅昇Ｄ【羽織】,
11619,絶影ノ羽織Ｄ,
11620,フロガダＤメイル,Cotte Furogada D
11621,ラースＤメイル,Cotte Lars D
11622,ドゥンルＤメイル,Cotte Donru D
11623,イナガミZDメイル,Cotte Inagami D
11624,ベリオＣメイル,Cotte Barioth C
11625,ベリオＣレジスト,Veste Barioth C
11626,ブラキＣメイル,Cotte Brachy C
11627,ブラキＣレジスト,Veste Brachy C
11628,ガンキンＣメイル,Cotte Uragaan C
11629,ガンキンＣレジスト,Veste Uragaan C
11630,獄狼Ｃメイル,Cotte Stygian C
11631,獄狼Ｃレジスト,Veste Stygian C
11632,ゴアＣメイル,
11633,ゴアＣレジスト,
11634,バンギスＣメイル,Cotte Vangis C
11635,バンギスＣレジスト,Veste Vangis C
11636,シャガルＣメイル,Cotte Shagaru C
11637,シャガルＣレジスト,Veste Shagaru C
11638,イナガミＺメイル,Cotte Inagami Z
11639,イナガミZFメイル,Cotte Inagami F
11640,イナガミZYメイル,Cotte Inagami ZY
11641,イナガミZXメイル,Cotte Inagami ZX
11642,イナガミＺレジスト,Veste Inagami Z
11643,イナガミZFレジスト,Veste Inagami F
11644,イナガミZYレジスト,Veste Inagami ZY
11645,イナガミZXレジスト,Veste Inagami ZX
11646,荒天【衣】,
11647,荒天Ｇ【衣】,
11648,荒天GF【衣】,
11649,荒天GX【衣】,
11650,蒼天【衣】,
11651,蒼天Ｇ【衣】,
11652,蒼天GF【衣】,
11653,蒼天GX【衣】,
11654,レビンメイル,Cotte Levin
11655,レビンＦメイル,Cotte Levin F
11656,レビンFZメイル,Cotte Levin FZ
11657,レビンHSメイル,Cotte Levin HS
11658,レビンGSメイル,Cotte Levin GS
11659,レビンGPメイル,Cotte Levin GP
11660,レビンZPメイル,Cotte Levin ZP
11661,レビンレジスト,Veste Levin
11662,レビンＦレジスト,Veste Levin F
11663,レビンFZレジスト,Veste Levin FZ
11664,レビンHSレジスト,Veste Levin HS
11665,レビンGSレジスト,Veste Levin GS
11666,レビンGPレジスト,Veste Levin GP
11667,レビンZPレジスト,Veste Levin ZP
11668,白銀の甲冑・胴鎧,
11669,白銀の甲冑Ｆ・胴鎧,
11670,白銀の甲冑FZ・胴鎧,
11671,白銀の甲冑HS・胴鎧,
11672,白銀の甲冑GS・胴鎧,
11673,白銀の甲冑GP・胴鎧,
11674,白銀の甲冑ZP・胴鎧,
11675,白銀の甲冑・胸当,
11676,白銀の甲冑Ｆ・胸当,
11677,白銀の甲冑FZ・胸当,
11678,白銀の甲冑HS・胸当,
11679,白銀の甲冑GS・胸当,
11680,白銀の甲冑GP・胸当,
11681,白銀の甲冑ZP・胸当,
11682,薔薇の舞踏服・装束,
11683,薔薇の舞踏服Ｆ・装束,
11684,薔薇の舞踏服FZ・装束,
11685,薔薇の舞踏服HS・装束,
11686,薔薇の舞踏服GS・装束,
11687,薔薇の舞踏服GP・装束,
11688,薔薇の舞踏服ZP・装束,
11689,薔薇の舞踏服・御衣,
11690,薔薇の舞踏服Ｆ・御衣,
11691,薔薇の舞踏服FZ・御衣,
11692,薔薇の舞踏服HS・御衣,
11693,薔薇の舞踏服GS・御衣,
11694,薔薇の舞踏服GP・御衣,
11695,薔薇の舞踏服ZP・御衣,
11696,シュイメイル,Cotte Shui
11697,シュイＦメイル,Cotte Shui F
11698,シュイFZメイル,Cotte Shui FZ
11699,シュイHSメイル,Cotte Shui HS
11700,シュイGSメイル,Cotte Shui GS
11701,シュイGPメイル,Cotte Shui GP
11702,シュイZPメイル,Cotte Shui ZP
11703,シュイレジスト,Veste Shui
11704,シュイＦレジスト,Veste Shui F
11705,シュイFZレジスト,Veste Shui FZ
11706,シュイHSレジスト,Veste Shui HS
11707,シュイGSレジスト,Veste Shui GS
11708,シュイGPレジスト,Veste Shui GP
11709,シュイZPレジスト,Veste Shui ZP
11710,CEケブラーZP胴：剣青,Torse CE Lame bleu
11711,CEケブラーZP胴：弓青,Torse CE Arc bleu
11712,CEケブラーZP胴：剣赤,Torse CE Lame rouge
11713,CEケブラーZP胴：弓赤,Torse CE Arc rouge
11714,CEケブラーZP胴：剣白,Torse CE Lame blanc
11715,CEケブラーZP胴：弓白,Torse CE Arc blanc
11716,CEケブラーZP胴：剣黒,Torse CE Lame noir
11717,CEケブラーZP胴：弓黒,Torse CE Arc noir
11718,ABレイヤーZP胴：剣赤,
11719,ABレイヤーZP胴：弓赤,
11720,ABレイヤーZP胴：剣青,
11721,ABレイヤーZP胴：弓青,
11722,ABレイヤーZP胴：剣黒,
11723,ABレイヤーZP胴：弓黒,
11724,ABレイヤーZP胴：剣白,
11725,ABレイヤーZP胴：弓白,
11726,リュバンZPベスト,Gilet Ruban ZP
11727,リュバンZPスーツ,Combinaison Ruban ZP
11728,ラモールZPベスト,Gilet L'Amore ZP
11729,ラモールZPスーツ,Combinaison L'Amore ZP
11730,オルロジュZPベスト,Gilet Orloj ZP
11731,オルロジュZPスーツ,Combinaison Orloj ZP
11732,ドルチェZPベスト,Gilet Dolce ZP
11733,ドルチェZPスーツ,Combinaison Dolce ZP
11734,ブライトZPメイル,Cotte Éclat ZP
11735,ブライトZPレジスト,Veste Éclat ZP
11736,ジュアリZPメイル,Cotte Juari ZP
11737,ジュアリZPレジスト,Veste Juari ZP
11738,ティンクZPメイル,Cotte Tinku ZP
11739,ティンクZPレジスト,Veste Tinku ZP
11740,シャテムZPベスト,Gilet Shatemu ZP
11741,シャテムZPスーツ,Combinaison Shatemu ZP
11742,ヘヴリアZPベスト,Gilet Hevria ZP
11743,ヘヴリアZPスーツ,Combinaison Hevria ZP
11744,ティルルZPベスト,Gilet Tiuru ZP
11745,ティルルZPスーツ,Combinaison Tiuru ZP
11746,カイラZPメイル,Cotte Kaila ZP
11747,カイラZPスーツ,Combinaison Kaila ZP
11748,フォンセＧメイル,Cotte Fonse G
11749,フォンセGFメイル,Cotte Fonse GF
11750,フォンセGXメイル,Cotte Fonse GX
11751,フォンセＧレジスト,Veste Fonse G
11752,フォンセGFレジスト,Veste Fonse GF
11753,フォンセGXレジスト,Veste Fonse GX
11754,ウタンテＺメイル,Cotte Utante Z
11755,ウタンテZFメイル,Cotte Utante F
11756,ウタンテZYメイル,Cotte Utante ZY
11757,ウタンテZXメイル,Cotte Utante ZX
11758,ウタンテＺレジスト,Veste Utante Z
11759,ウタンテZFレジスト,Veste Utante F
11760,ウタンテZYレジスト,Veste Utante ZY
11761,ウタンテZXレジスト,Veste Utante ZX
11762,リズヴェＧメイル,Cotte Rizuvue G
11763,リズヴェGFメイル,Cotte Rizuvue GF
11764,リズヴェGXメイル,Cotte Rizuvue GX
11765,リズヴェＧレジスト,Veste Rizuvue G
11766,リズヴェGFレジスト,Veste Rizuvue GF
11767,リズヴェGXレジスト,Veste Rizuvue GX
11768,イナガミZDレジスト,Veste Inagami D
11769,荒天Ｃ【衣】,
11770,蒼天Ｃ【衣】,
11771,レビンＤメイル,Cotte Levin D
11772,白銀の甲冑Ｄ・胴鎧,
11773,薔薇の舞踏服Ｄ・装束,
11774,シュイＤメイル,Cotte Shui D
11775,CEケブラーＤ胴：剣青,Torse CE Lame bleu
11776,CEケブラーＤ胴：剣赤,Torse CE Lame rouge
11777,CEケブラーＤ胴：剣白,Torse CE Lame blanc
11778,CEケブラーＤ胴：剣黒,Torse CE Lame noir
11779,ABレイヤーＤ胴：剣赤,
11780,ABレイヤーＤ胴：剣青,
11781,ABレイヤーＤ胴：剣黒,
11782,ABレイヤーＤ胴：剣白,
11783,リュバンＤベスト,Gilet Ruban D
11784,ラモールＤベスト,Gilet L'Amore D
11785,オルロジュＤベスト,Gilet Orloj D
11786,ドルチェＤベスト,Gilet Dolce D
11787,ブライトＤメイル,Cotte Éclat D
11788,ジュアリＤメイル,Cotte Juari D
11789,ティンクＤメイル,Cotte Tinku D
11790,シャテムＤベスト,Gilet Shatemu D
11791,ヘヴリアＤベスト,Gilet Hevria D
11792,ティルルＤベスト,Gilet Tiuru D
11793,カイラＤメイル,Cotte Kaila D
11794,フォンセＤメイル,Cotte Fonse D
11795,ヒプノルータＤスーツ,
11796,ヒプノリアＤスーツ,Combinaison Hypnolia D
11797,エス・クェラＤスーツ,Combinaison Es D
11798,エコールＤスーツ,Combinaison Ecole D
11799,ガンズＤスーツ,Combinaison Guns D
11800,アグリアＤスーツ,Combinaison Agria D
11801,フォーヴＤスーツ,Combinaison Fauve D
11802,ティーアＤスーツ,
11803,ミューズＤスーツ,
11804,ディクトＤスーツ,Combinaison Dicto D
11805,クリュスＤスーツ,Combinaison Kruss D
11806,スタリナＤスーツ,Combinaison Starina D
11807,ルースＤスーツ,
11808,ミラドＤスーツ,Combinaison Mirado D
11809,デュールＤメイル,Cotte Deyuru D
11810,ロバストＤディール,
11811,ファルコＤメイル,Cotte Falco D
11812,ハウクスＤメイル,Cotte Howx D
11813,ピラータＤジャケット,
11814,ゼロイＤジャケット,
11815,レイルＤメイル,
11816,リーデレＤメイル,Cotte Ridere D
11817,リエットＤメイル,Cotte Émeute D
11818,ルターレＤメイル,Cotte Rutare D
11819,流転の胸当て・Ｄ,
11820,嵐転の胸当て・Ｄ,
11821,キュビィＤメイル,Cotte Cubie D
11822,ケモルＤメイル,Cotte Kemor D
11823,ラトリアＤベスト,Gilet Latria D
11824,コンタオＤベスト,Gilet Kontao D
11825,オービスＤブレスト,
11826,ロットＤブレスト,
11827,ウーコンＤスーツ,Combinaison Shoko D
11828,ニンバスＤスーツ,
11829,月陽ノ羽織・Ｄ,
11830,曙光ノ羽織・Ｄ,
11831,トリドＺメイル,Cotte Torid Z
11832,トリドZFメイル,Cotte Toridcless F
11833,トリドZYメイル,Cotte Torid ZY
11834,トリドZXメイル,Cotte Torid ZX
11835,トリドＺレジスト,Veste Torid Z
11836,トリドZFレジスト,Veste Toridcless F
11837,トリドZYレジスト,Veste Torid ZY
11838,トリドZXレジスト,Veste Torid ZX
11839,ドラギュＺメイル,Cotte Doragyurosu Z
11840,ドラギュZFメイル,Cotte Doragyurosu F
11841,ドラギュZYメイル,Cotte Doragyurosu ZY
11842,ドラギュZXメイル,Cotte Doragyurosu ZX
11843,ドラギュＺレジスト,Veste Doragyurosu Z
11844,ドラギュZFレジスト,Veste Doragyurosu F
11845,ドラギュZYレジスト,Veste Doragyurosu ZY
11846,ドラギュZXレジスト,Veste Doragyurosu ZX
11847,アルフィスーツ,Combinaison Alfi
11848,アルフィＦスーツ,Combinaison Alfi F
11849,アルフィFZスーツ,Combinaison Alfi FZ
11850,アルフィHSスーツ,Combinaison Alfi HS
11851,アルフィGSスーツ,Combinaison Alfi GS
11852,アルフィGPスーツ,Combinaison Alfi GP
11853,アルフィZPスーツ,Combinaison Alfi ZP
11854,アルフィレジスト,Veste Alfi
11855,アルフィＦレジスト,Veste Alfi F
11856,アルフィFZレジスト,Veste Alfi FZ
11857,アルフィHSレジスト,Veste Alfi HS
11858,アルフィGSレジスト,Veste Alfi GS
11859,アルフィGPレジスト,Veste Alfi GP
11860,アルフィZPレジスト,Veste Alfi ZP
11861,カイファメイル,Cotte Kaifa
11862,カイファＦメイル,Cotte Kaifa F
11863,カイファFZメイル,Cotte Kaifa FZ
11864,カイファHSメイル,Cotte Kaifa HS
11865,カイファGSメイル,Cotte Kaifa GS
11866,カイファGPメイル,Cotte Kaifa GP
11867,カイファZPメイル,Cotte Kaifa ZP
11868,カイファレジスト,Veste Kaifa
11869,カイファＦレジスト,Veste Kaifa F
11870,カイファFZレジスト,Veste Kaifa FZ
11871,カイファHSレジスト,Veste Kaifa HS
11872,カイファGSレジスト,Veste Kaifa GS
11873,カイファGPレジスト,Veste Kaifa GP
11874,カイファZPレジスト,Veste Kaifa ZP
11875,ストラザスーツ,Combinaison Straza
11876,ストラザＦスーツ,Combinaison Straza F
11877,ストラザFZスーツ,Combinaison Straza FZ
11878,ストラザHSスーツ,Combinaison Straza HS
11879,ストラザGSスーツ,Combinaison Straza GS
11880,ストラザGPスーツ,Combinaison Straza GP
11881,ストラザZPスーツ,Combinaison Straza ZP
11882,ストラザレジスト,Veste Straza
11883,ストラザＦレジスト,Veste Straza F
11884,ストラザFZレジスト,Veste Straza FZ
11885,ストラザHSレジスト,Veste Straza HS
11886,ストラザGSレジスト,Veste Straza GS
11887,ストラザGPレジスト,Veste Straza GP
11888,ストラザZPレジスト,Veste Straza ZP
11889,フランテＺメイル,Cotte Furante Z
11890,フランテZFメイル,Cotte Furante F
11891,フランテZYメイル,Cotte Furante ZY
11892,フランテZXメイル,Cotte Furante ZX
11893,フランテＺレジスト,Veste Furante Z
11894,フランテZFレジスト,Veste Furante F
11895,フランテZYレジスト,Veste Furante ZY
11896,フランテZXレジスト,Veste Furante ZX
11897,カリヴァＧメイル,Cotte Cariva G
11898,カリヴァGFメイル,Cotte Cariva GF
11899,カリヴァGXメイル,Cotte Cariva GX
11900,カリヴァＧレジスト,Veste Cariva G
11901,カリヴァGFレジスト,Veste Cariva GF
11902,カリヴァGXレジスト,Veste Cariva GX
11903,ボンネＧメイル,Cotte Bonne G
11904,ボンネGFメイル,Cotte Bonne GF
11905,ボンネGXメイル,Cotte Bonne GX
11906,ボンネＧレジスト,Veste Bonne G
11907,ボンネGFレジスト,Veste Bonne GF
11908,ボンネGXレジスト,Veste Bonne GX
11909,調査兵団ZPベスト,
11910,調査兵団ZPスーツ,
11911,訓練兵団ZPベスト,Gilet Training ZP
11912,訓練兵団ZPスーツ,Combinaison Training ZP
11913,十二勇士甲冑・胴鎧,
11914,十二勇士甲冑Ｆ・胴鎧,
11915,十二勇士甲冑FZ・胴鎧,
11916,十二勇士甲冑HS・胴鎧,
11917,十二勇士甲冑GS・胴鎧,
11918,十二勇士甲冑GP・胴鎧,
11919,十二勇士甲冑ZP・胴鎧,
11920,十二勇士甲冑・胸当,
11921,十二勇士甲冑Ｆ・胸当,
11922,十二勇士甲冑FZ・胸当,
11923,十二勇士甲冑HS・胸当,
11924,十二勇士甲冑GS・胸当,
11925,十二勇士甲冑GP・胸当,
11926,十二勇士甲冑ZP・胸当,
11927,救国の聖女服・装束,
11928,救国の聖女服Ｆ・装束,
11929,救国の聖女服FZ・装束,
11930,救国の聖女服HS・装束,
11931,救国の聖女服GS・装束,
11932,救国の聖女服GP・装束,
11933,救国の聖女服ZP・装束,
11934,救国の聖女服・御衣,
11935,救国の聖女服Ｆ・御衣,
11936,救国の聖女服FZ・御衣,
11937,救国の聖女服HS・御衣,
11938,救国の聖女服GS・御衣,
11939,救国の聖女服GP・御衣,
11940,救国の聖女服ZP・御衣,
11941,竜殺しの甲冑・胴鎧,
11942,竜殺しの甲冑Ｆ・胴鎧,
11943,竜殺しの甲冑FZ・胴鎧,
11944,竜殺しの甲冑HS・胴鎧,
11945,竜殺しの甲冑GS・胴鎧,
11946,竜殺しの甲冑GP・胴鎧,
11947,竜殺しの甲冑ZP・胴鎧,
11948,竜殺しの甲冑・胸当,
11949,竜殺しの甲冑Ｆ・胸当,
11950,竜殺しの甲冑FZ・胸当,
11951,竜殺しの甲冑HS・胸当,
11952,竜殺しの甲冑GS・胸当,
11953,竜殺しの甲冑GP・胸当,
11954,竜殺しの甲冑ZP・胸当,
11955,叛逆の甲冑・胴鎧,
11956,叛逆の甲冑Ｆ・胴鎧,
11957,叛逆の甲冑FZ・胴鎧,
11958,叛逆の甲冑HS・胴鎧,
11959,叛逆の甲冑GS・胴鎧,
11960,叛逆の甲冑GP・胴鎧,
11961,叛逆の甲冑ZP・胴鎧,
11962,叛逆の甲冑・胸当,
11963,叛逆の甲冑Ｆ・胸当,
11964,叛逆の甲冑FZ・胸当,
11965,叛逆の甲冑HS・胸当,
11966,叛逆の甲冑GS・胸当,
11967,叛逆の甲冑GP・胸当,
11968,叛逆の甲冑ZP・胸当,
11969,ディナトZPメイル,Cotte Dinato ZP
11970,ディナトZPレジスト,Veste Dinato ZP
11971,ドゥケZPメイル,Cotte Duque ZP
11972,ドゥケZPレジスト,Veste Duque ZP
11973,グラヌZPメイル,Cotte Granu ZP
11974,グラヌZPレジスト,Veste Granu ZP
11975,千代ノ装束ZP,
11976,千代ノ御衣ZP,
11977,ネコダンZPスーツ,Combinaison Nekodan ZP
11978,グーダンZPメイル,Cotte Gudan ZP
11979,トリドZDメイル,Cotte Toridcless D
11980,トリドZDレジスト,Veste Toridcless D
11981,ドラギュZDメイル,Cotte Doragyurosu D
11982,ドラギュZDレジスト,Veste Doragyurosu D
11983,アルフィＤスーツ,Combinaison Alfi D
11984,カイファＤメイル,Cotte Kaifa D
11985,ストラザＤスーツ,Combinaison Straza D
11986,煉華ノ羽織Ｃ,
11987,調査兵団Ｄベスト,
11988,訓練兵団Ｄベスト,Gilet Training D
11989,十二勇士甲冑Ｄ・胴鎧,
11990,救国の聖女服Ｄ・装束,
11991,竜殺しの甲冑Ｄ・胴鎧,
11992,叛逆の甲冑Ｄ・胴鎧,
11993,ディナトＤメイル,Cotte Dinato D
11994,ドゥケＤメイル,Cotte Duque D
11995,グラヌＤメイル,Cotte Granu D
11996,千代ノ装束Ｄ,
11997,ルベライトＤメイル,Cotte Rubellite D
11998,ラズライトＤメイル,Cotte Lazurite D
11999,ジルコンＤメイル,
12000,スピネルＤメイル,Cotte Spinel D
12001,ジェイドＤメイル,
12002,アゲートＤメイル,
12003,パイローブＤメイル,Cotte Pyrope D
12004,アイオラＤメイル,Cotte Iolite D
12005,ルチルＤメイル,Cotte Rutile D
12006,ブラッドＤメイル,Cotte Sang D
12007,シトリンＤレジスト,Veste Citrine D
12008,ペリドットＤレジスト,Veste Peridot D
12009,ターコイズＤレジスト,
12010,マフモフスーツPD赤,
12011,マフモフスーツPD黄,
12012,マフモフスーツPD紫,
12013,バサルレジストPD赤,
12014,バサルレジストPD黒,
12015,バサルレジストPD黄,
12016,ブランゴメイルPD黄,
12017,ブランゴメイルPD青,
12018,ブランゴメイルPD黒,
12019,金色ノ羽織PD白,
12020,金色ノ羽織PD紫,
12021,金色ノ羽織PD緑,
12022,グラビドレジストPD緑,
12023,グラビドレジストPD紫,
12024,グラビドレジストPD赤,
12025,ハイメタメイルPD黒,
12026,ハイメタメイルPD青,
12027,ハイメタメイルPD黄,
12028,Ｓ・ソルメイルPD赤,
12029,Ｓ・ソルメイルPD紫,
12030,Ｓ・ソルメイルPD黒,
12031,ガルルガレジストPD白,
12032,ガルルガレジストPD緑,
12033,ガルルガレジストPD赤,
12034,ザザミメイルPD青,
12035,ザザミメイルPD白,
12036,ザザミメイルPD紫,
12037,クシャナディールPD赤,
12038,クシャナディールPD黄,
12039,クシャナディールPD緑,
12040,クシャナバダルPD赤,
12041,クシャナバダルPD黄,
12042,クシャナバダルPD緑,
12043,忍の装束・陽Ｄ,
12044,忍の装束・陰Ｄ,
12045,ボンネＤメイル,Cotte Bonne D
12046,カライスＤレジスト,Veste Kalais D
12047,ルケーゼＤレジスト,Veste Lucchese D
12048,クオイズＤレジスト,Veste Quoiz D
12049,ネコダンＤスーツ,Combinaison Nekodan D
12050,グーダンＤメイル,Cotte Gudan D
12051,煉緋ノ羽織Ｚ,
12052,煉緋ノ羽織ZF,
12053,煉緋ノ羽織ZY,
12054,煉緋ノ羽織ZX,
12055,煉緋ノ装束Ｚ,
12056,煉緋ノ装束ZF,
12057,煉緋ノ装束ZY,
12058,煉緋ノ装束ZX,
12059,サイネスーツ,Combinaison Saine
12060,サイネＦスーツ,Combinaison Saine F
12061,サイネFZスーツ,Combinaison Saine FZ
12062,サイネHSスーツ,Combinaison Saine HS
12063,サイネGSスーツ,Combinaison Saine GS
12064,サイネGPスーツ,Combinaison Saine GP
12065,サイネZPスーツ,Combinaison Saine ZP
12066,サイネベスト,Gilet Saine
12067,サイネＦベスト,Gilet Saine F
12068,サイネFZベスト,Gilet Saine FZ
12069,サイネHSベスト,Gilet Saine HS
12070,サイネGSベスト,Gilet Saine GS
12071,サイネGPベスト,Gilet Saine GP
12072,サイネZPベスト,Gilet Saine ZP
12073,ウイングベスト,Gilet Aile
12074,ウイングＦベスト,Gilet Aile F
12075,ウイングFZベスト,Gilet Aile FZ
12076,ウイングHSベスト,Gilet Aile HS
12077,ウイングGSベスト,Gilet Aile GS
12078,ウイングGPベスト,Gilet Aile GP
12079,ウイングZPベスト,Gilet Aile ZP
12080,ウイングスーツ,Combinaison Aile
12081,ウイングＦスーツ,Combinaison Aile F
12082,ウイングFZスーツ,Combinaison Aile FZ
12083,ウイングHSスーツ,Combinaison Aile HS
12084,ウイングGSスーツ,Combinaison Aile GS
12085,ウイングGPスーツ,Combinaison Aile GP
12086,ウイングZPスーツ,Combinaison Aile ZP
12087,ガスラＺメイル,Cotte Gasura Z
12088,ガスラZFメイル,Cotte Gasura F
12089,ガスラZYメイル,Cotte Gasura ZY
12090,ガスラZXメイル,Cotte Gasura ZX
12091,ガスラＺレジスト,Veste Gasura Z
12092,ガスラZFレジスト,Veste Gasura F
12093,ガスラZYレジスト,Veste Gasura ZY
12094,ガスラZXレジスト,Veste Gasura ZX
12095,レギオスメイル,Cotte Seregios
12096,レギオスＧメイル,Cotte Seregios G
12097,レギオスGFメイル,Cotte Seregios GF
12098,レギオスGXメイル,Cotte Seregios GX
12099,レギオスレジスト,Veste Seregios
12100,レギオスＧレジスト,Veste Seregios G
12101,レギオスGFレジスト,Veste Seregios GF
12102,レギオスGXレジスト,Veste Seregios GX
12103,歌詠ノ装束Ｚ,
12104,歌詠ノ装束ZF,
12105,歌詠ノ装束ZY,
12106,歌詠ノ装束ZX,
12107,歌詠ノ御衣Ｚ,
12108,歌詠ノ御衣ZF,
12109,歌詠ノ御衣ZY,
12110,歌詠ノ御衣ZX,
12111,カシウスＧメイル,Cotte Cassius G
12112,カシウスGFメイル,Cotte Cassius GF
12113,カシウスGXメイル,Cotte Cassius GX
12114,カシウスＧレジスト,Veste Cassius G
12115,カシウスGFレジスト,Veste Cassius GF
12116,カシウスGXレジスト,Veste Cassius GX
12117,ピンビベスト,Gilet Pinbi
12118,ピンビＦベスト,Gilet Pinbi F
12119,ピンビFZベスト,Gilet Pinbi FZ
12120,ピンビHSベスト,Gilet Pinbi HS
12121,ピンビGSベスト,Gilet Pinbi GS
12122,ピンビGPベスト,Gilet Pinbi GP
12123,ピンビZPベスト,Gilet Pinbi ZP
12124,ピンビスーツ,Combinaison Pinbi
12125,ピンビＦスーツ,Combinaison Pinbi F
12126,ピンビFZスーツ,Combinaison Pinbi FZ
12127,ピンビHSスーツ,Combinaison Pinbi HS
12128,ピンビGSスーツ,Combinaison Pinbi GS
12129,ピンビGPスーツ,Combinaison Pinbi GP
12130,ピンビZPスーツ,Combinaison Pinbi ZP
12131,プリブベスト,Gilet Pribu
12132,プリブＦベスト,Gilet Pribu F
12133,プリブFZベスト,Gilet Pribu FZ
12134,プリブHSベスト,Gilet Pribu HS
12135,プリブGSベスト,Gilet Pribu GS
12136,プリブGPベスト,Gilet Pribu GP
12137,プリブZPベスト,Gilet Pribu ZP
12138,プリブスーツ,Combinaison Pribu
12139,プリブＦスーツ,Combinaison Pribu F
12140,プリブFZスーツ,Combinaison Pribu FZ
12141,プリブHSスーツ,Combinaison Pribu HS
12142,プリブGSスーツ,Combinaison Pribu GS
12143,プリブGPスーツ,Combinaison Pribu GP
12144,プリブZPスーツ,Combinaison Pribu ZP
12145,グレイベスト,
12146,グレイＦベスト,
12147,グレイFZベスト,
12148,グレイHSベスト,
12149,グレイGSベスト,
12150,グレイGPベスト,
12151,グレイZPベスト,
12152,グレイスーツ,
12153,グレイＦスーツ,
12154,グレイFZスーツ,
12155,グレイHSスーツ,
12156,グレイGSスーツ,
12157,グレイGPスーツ,
12158,グレイZPスーツ,
12159,ウルピナベスト,Gilet Urpina
12160,ウルピナＦベスト,Gilet Urpina F
12161,ウルピナFZベスト,Gilet Urpina FZ
12162,ウルピナHSベスト,Gilet Urpina HS
12163,ウルピナGSベスト,Gilet Urpina GS
12164,ウルピナGPベスト,Gilet Urpina GP
12165,ウルピナZPベスト,Gilet Urpina ZP
12166,ウルピナスーツ,Combinaison Urpina
12167,ウルピナＦスーツ,Combinaison Urpina F
12168,ウルピナFZスーツ,Combinaison Urpina FZ
12169,ウルピナHSスーツ,Combinaison Urpina HS
12170,ウルピナGSスーツ,Combinaison Urpina GS
12171,ウルピナGPスーツ,Combinaison Urpina GP
12172,ウルピナZPスーツ,Combinaison Urpina ZP
12173,ノエルメイル,
12174,ノエルＦメイル,
12175,ノエルFZメイル,
12176,ノエルHSメイル,
12177,ノエルGSメイル,
12178,ノエルGPメイル,
12179,ノエルZPメイル,
12180,ノエルレジスト,
12181,ノエルＦレジスト,
12182,ノエルFZレジスト,
12183,ノエルHSレジスト,
12184,ノエルGSレジスト,
12185,ノエルGPレジスト,
12186,ノエルZPレジスト,
12187,ビューネイベスト,Gilet Bune
12188,ビューネイＦベスト,Gilet Bune F
12189,ビューネイFZベスト,Gilet Bune FZ
12190,ビューネイHSベスト,Gilet Bune HS
12191,ビューネイGSベスト,Gilet Bune GS
12192,ビューネイGPベスト,Gilet Bune GP
12193,ビューネイZPベスト,Gilet Bune ZP
12194,ビューネイスーツ,Combinaison Bune
12195,ビューネイＦスーツ,Combinaison Bune F
12196,ビューネイFZスーツ,Combinaison Bune FZ
12197,ビューネイHSスーツ,Combinaison Bune HS
12198,ビューネイGSスーツ,Combinaison Bune GS
12199,ビューネイGPスーツ,Combinaison Bune GP
12200,ビューネイZPスーツ,Combinaison Bune ZP
12201,ラヴィＧメイル：極,
12202,ラヴィGFメイル：極,
12203,ラヴィGXメイル：極,
12204,ラヴィＧレジスト：極,
12205,ラヴィGFレジスト：極,
12206,ラヴィGXレジスト：極,
12207,ハーゼZPスーツ,Combinaison Harze ZP
12208,ハーゼZPベスト,Gilet Harze ZP
12209,ルヴナンZPムスケル,
12210,ルヴナンZPケミュート,
12211,サイネＤスーツ,Combinaison Saine D
12212,ウイングＤベスト,Gilet Aile D
12213,ガスラZDメイル,Cotte Gasura D
12214,ガスラZDレジスト,Veste Gasura D
12215,レギオスＣメイル,Cotte Seregios C
12216,レギオスＣレジスト,Veste Seregios C
12217,ピンビＤベスト,Gilet Pinbi D
12218,プリブＤベスト,Gilet Pribu D
12219,煉緋ノ羽織Ｄ,
12220,グレイＤベスト,
12221,ウルピナＤベスト,Gilet Urpina D
12222,ノエルＤメイル,
12223,ビューネイＤベスト,Gilet Bune D
12224,メラースＤスーツ,Combinaison Melas D
12225,白虎・剣聖Ｄメイル,
12226,白虎・双龍Ｄメイル,
12227,白虎・剣王Ｄメイル,
12228,白虎・刀神Ｄメイル,
12229,白虎・天槍Ｄメイル,
12230,白虎・砲皇Ｄメイル,
12231,白虎・鈍器獣Ｄメイル,
12232,白虎・奏帝Ｄメイル,
12233,白虎・穿凰Ｄメイル,
12234,白虎・斬将Ｄメイル,
12235,白虎・銃傑Ｄスーツ,
12236,白虎・銃仙Ｄスーツ,
12237,白虎・弓鬼Ｄスーツ,
12238,キリンベストPD赤,
12239,キリンベストPD紫,
12240,キリンベストPD黒,
12241,カイザーメイルPD白,
12242,カイザーレジストPD白,
12243,カイザーメイルPD黒,
12244,カイザーレジストPD黒,
12245,カイザーメイルPD緑,
12246,カイザーレジストPD緑,
12247,ミヅハ【胸当】PD青,
12248,ミヅハ【胸当】PD赤,
12249,ミヅハ【胸当】PD黄,
12250,トヨタマ【胸当】PD青,
12251,トヨタマ【胸当】PD赤,
12252,トヨタマ【胸当】PD黄,
12253,暁丸【胴当て】PD赤,
12254,暁丸【胴当て】PD紫,
12255,暁丸【胴当て】PD白,
12256,凛【胸当て】PD黒,
12257,凛【胸当て】PD紫,
12258,凛【胸当て】PD白,
12259,ギザミレジストPD赤,
12260,ギザミレジストPD黒,
12261,ギザミレジストPD黄,
12262,ガブラスボディPD白,
12263,ガブラスボディPD黄,
12264,ガブラスボディPD黒,
12265,ハーゼＤスーツ,Combinaison Harze D
12266,ルヴナンＤムスケル,
12267,ククボＤレジスト,Veste Kukubo D
12268,カカブＤレジスト,Veste Kakabu D
12269,アルルＤレジスト,Veste Aruru D
12270,朱雀・剣聖Ｄメイル,
12271,朱雀・双龍Ｄメイル,
12272,朱雀・剣王Ｄメイル,
12273,朱雀・刀神Ｄメイル,
12274,朱雀・天槍Ｄメイル,
12275,朱雀・砲皇Ｄメイル,
12276,朱雀・鈍器獣Ｄメイル,
12277,朱雀・奏帝Ｄメイル,
12278,朱雀・穿凰Ｄメイル,
12279,朱雀・斬将Ｄメイル,
12280,朱雀・銃傑Ｄスーツ,
12281,朱雀・銃仙Ｄスーツ,
12282,朱雀・弓鬼Ｄスーツ,
12283,Ｇ・ナイトベストPD赤,
12284,Ｇ・ナイトベストPD青,
12285,Ｇ・ナイトベストPD紫,
12286,ＰＶベストPD赤,
12287,ＰＶベストPD青,
12288,ＰＶベストPD紫,
12289,エンプレスメイルPD赤,
12290,エンプレスメイルPD黄,
12291,エンプレスメイルPD紫,
12292,エンプレススーツPD赤,
12293,エンプレススーツPD黄,
12294,エンプレススーツPD紫,
12295,ランゴメイルPD黄,
12296,ランゴメイルPD黒,
12297,ランゴメイルPD青,
12298,デスギアムスケルPD白,
12299,デスギアムスケルPD赤,
12300,デスギアムスケルPD青,
12301,ディアブロメイルPD紫,
12302,ディアブロメイルPD青,
12303,ディアブロメイルPD黄,
12304,マカルパペプラムPD緑,
12305,マカルパペプラムPD青,
12306,マカルパペプラムPD黒,
12307,アカムトウルンテPD黒,
12308,アカムトウルンテPD赤,
12309,アカムトウルンテPD白,
12310,アカムトウルンペPD黒,
12311,アカムトウルンペPD赤,
12312,アカムトウルンペPD白,
12313,グラビドメイルPD黒,
12314,グラビドメイルPD青,
12315,グラビドメイルPD赤,
12316,シャルルＤメイル,Cotte Sharuru D
12317,煉鳳ノ羽織Ｄ,
12318,アノルZDメイル,Cotte Anorupatisu D
12319,アノルZDレジスト,Veste Anorupatisu D
12320,ディランＤスーツ,Combinaison Dylan D
12321,ディブルＤスーツ,
12322,フィンスＤスーツ,Combinaison Fins D
12323,ディンスＤスーツ,Combinaison Dins D
12324,カリスＤスーツ,Combinaison Charis D
12325,ミリアムＤメイル,Cotte Miriam D
12326,レニガンＤスーツ,Combinaison Lenigan D
12327,執事メイド 色替え,
12328,カタンテＤメイル,Cotte Katante D
12329,リカンテＤメイル,Cotte Rikante D
12330,メレンテＤメイル,Cotte Merente D
12331,ウタンテＤメイル,Cotte Utante D
12332,ブルックＤベスト,Gilet Burukku D
12333,シルックＤベスト,Gilet Shirukku D
12334,ゴルックＤベスト,Gilet Gorukku D
12335,潔燭ノ羽織Ｄ,
12336,華燭ノ羽織Ｄ,
12337,ジャガーＤメイル,Cotte Jyaga D
12338,キュールＤメイル,
12339,ジェスＤメイル,Cotte Jess D
12340,リアルオＤメイル,Cotte Riaruo D
12341,レイレスＤメイル,Cotte Reiresu D
12342,レウアスＤメイル,Cotte Reuasu D
12343,ブランＤジャケット,
12344,しましまＤベスト,Gilet Shimashima D
12345,デストラＤプレート,
12346,フランテＤメイル,Cotte Furante D
12347,シャルルメイル,Cotte Sharuru
12348,シャルルＦメイル,Cotte Sharuru F
12349,シャルルFZメイル,Cotte Sharuru FZ
12350,シャルルHSメイル,Cotte Sharuru HS
12351,シャルルGSメイル,Cotte Sharuru GS
12352,シャルルGPメイル,Cotte Sharuru GP
12353,シャルルZPメイル,Cotte Sharuru ZP
12354,シャルルレジスト,Veste Sharuru
12355,シャルルＦレジスト,Veste Sharuru F
12356,シャルルFZレジスト,Veste Sharuru FZ
12357,シャルルHSレジスト,Veste Sharuru HS
12358,シャルルGSレジスト,Veste Sharuru GS
12359,シャルルGPレジスト,Veste Sharuru GP
12360,シャルルZPレジスト,Veste Sharuru ZP
12361,煉鳳ノ羽織Ｚ,
12362,煉鳳ノ羽織ZF,
12363,煉鳳ノ羽織ZY,
12364,煉鳳ノ羽織ZX,
12365,煉鳳ノ装束Ｚ,
12366,煉鳳ノ装束ZF,
12367,煉鳳ノ装束ZY,
12368,煉鳳ノ装束ZX,
12369,アノルＺメイル,Cotte Anorupatisu Z
12370,アノルZFメイル,Cotte Anorupatisu F
12371,アノルZYメイル,Cotte Anorupatisu ZY
12372,アノルZXメイル,Cotte Anorupatisu ZX
12373,アノルＺレジスト,Veste Anorupatisu Z
12374,アノルZFレジスト,Veste Anorupatisu F
12375,アノルZYレジスト,Veste Anorupatisu ZY
12376,アノルZXレジスト,Veste Anorupatisu ZX
12377,歌紡ノ装束Ｚ,
12378,歌紡ノ装束ZF,
12379,歌紡ノ装束ZY,
12380,歌紡ノ装束ZX,
12381,歌紡ノ御衣Ｚ,
12382,歌紡ノ御衣ZF,
12383,歌紡ノ御衣ZY,
12384,歌紡ノ御衣ZX,
12385,リンクスＧメイル,
12386,リンクスGFメイル,
12387,リンクスGXメイル,
12388,リンクスＧレジスト,
12389,リンクスGFレジスト,
12390,リンクスGXレジスト,
12391,ジンドルＧメイル,Cotte Zindol G
12392,ジンドルGFメイル,Cotte Zindol GF
12393,ジンドルGXメイル,Cotte Zindol GX
12394,ジンドルＧレジスト,Veste Zindol G
12395,ジンドルGFレジスト,Veste Zindol GF
12396,ジンドルGXレジスト,Veste Zindol GX
12397,ディランスーツ,Combinaison Dylan
12398,ディランＦスーツ,Combinaison Dylan F
12399,ディランFZスーツ,Combinaison Dylan FZ
12400,ディランHSスーツ,Combinaison Dylan HS
12401,ディランGSスーツ,Combinaison Dylan GS
12402,ディランGPスーツ,Combinaison Dylan GP
12403,ディランZPスーツ,Combinaison Dylan ZP
12404,ディランベスト,Gilet Dylan
12405,ディランＦベスト,Gilet Dylan F
12406,ディランFZベスト,Gilet Dylan FZ
12407,ディランHSベスト,Gilet Dylan HS
12408,ディランGSベスト,Gilet Dylan GS
12409,ディランGPベスト,Gilet Dylan GP
12410,ディランZPベスト,Gilet Dylan ZP
12411,ディブルスーツ,
12412,ディブルＦスーツ,
12413,ディブルFZスーツ,
12414,ディブルHSスーツ,
12415,ディブルGSスーツ,
12416,ディブルGPスーツ,
12417,ディブルZPスーツ,
12418,ディブルベスト,
12419,ディブルＦベスト,
12420,ディブルFZベスト,
12421,ディブルHSベスト,
12422,ディブルGSベスト,
12423,ディブルGPベスト,
12424,ディブルZPベスト,
12425,フィンススーツ,Combinaison Fins
12426,フィンスＦスーツ,Combinaison Fins F
12427,フィンスFZスーツ,Combinaison Fins FZ
12428,フィンスHSスーツ,Combinaison Fins HS
12429,フィンスGSスーツ,Combinaison Fins GS
12430,フィンスGPスーツ,Combinaison Fins GP
12431,フィンスZPスーツ,Combinaison Fins ZP
12432,フィンスベスト,Gilet Fins
12433,フィンスＦベスト,Gilet Fins F
12434,フィンスFZベスト,Gilet Fins FZ
12435,フィンスHSベスト,Gilet Fins HS
12436,フィンスGSベスト,Gilet Fins GS
12437,フィンスGPベスト,Gilet Fins GP
12438,フィンスZPベスト,Gilet Fins ZP
12439,ディンススーツ,Combinaison Dins
12440,ディンスＦスーツ,Combinaison Dins F
12441,ディンスFZスーツ,Combinaison Dins FZ
12442,ディンスHSスーツ,Combinaison Dins HS
12443,ディンスGSスーツ,Combinaison Dins GS
12444,ディンスGPスーツ,Combinaison Dins GP
12445,ディンスZPスーツ,Combinaison Dins ZP
12446,ディンスベスト,Gilet Dins
12447,ディンスＦベスト,Gilet Dins F
12448,ディンスFZベスト,Gilet Dins FZ
12449,ディンスHSベスト,Gilet Dins HS
12450,ディンスGSベスト,Gilet Dins GS
12451,ディンスGPベスト,Gilet Dins GP
12452,ディンスZPベスト,Gilet Dins ZP
12453,潔燭ノ羽織Ｚ,
12454,潔燭ノ羽織ZF,
12455,潔燭ノ羽織ZY,
12456,潔燭ノ羽織ZX,
12457,潔燭ノ装束Ｚ,
12458,潔燭ノ装束ZF,
12459,潔燭ノ装束ZY,
12460,潔燭ノ装束ZX,
12461,華燭ノ羽織Ｚ,
12462,華燭ノ羽織ZF,
12463,華燭ノ羽織ZY,
12464,華燭ノ羽織ZX,
12465,華燭ノ装束Ｚ,
12466,華燭ノ装束ZF,
12467,華燭ノ装束ZY,
12468,華燭ノ装束ZX,
12469,カリススーツ,Combinaison Charis
12470,カリスＦスーツ,Combinaison Charis F
12471,カリスFZスーツ,Combinaison Charis FZ
12472,カリスHSスーツ,Combinaison Charis HS
12473,カリスGSスーツ,Combinaison Charis GS
12474,カリスGPスーツ,Combinaison Charis GP
12475,カリスZPスーツ,Combinaison Charis ZP
12476,カリスベスト,Gilet Charis
12477,カリスＦベスト,Gilet Charis F
12478,カリスFZベスト,Gilet Charis FZ
12479,カリスHSベスト,Gilet Charis HS
12480,カリスGSベスト,Gilet Charis GS
12481,カリスGPベスト,Gilet Charis GP
12482,カリスZPベスト,Gilet Charis ZP
12483,ミリアムメイル,Cotte Miriam
12484,ミリアムＦメイル,Cotte Miriam F
12485,ミリアムFZメイル,Cotte Miriam FZ
12486,ミリアムHSメイル,Cotte Miriam HS
12487,ミリアムGSメイル,Cotte Miriam GS
12488,ミリアムGPメイル,Cotte Miriam GP
12489,ミリアムZPメイル,Cotte Miriam ZP
12490,ミリアムレジスト,Veste Miriam
12491,ミリアムＦレジスト,Veste Miriam F
12492,ミリアムFZレジスト,Veste Miriam FZ
12493,ミリアムHSレジスト,Veste Miriam HS
12494,ミリアムGSレジスト,Veste Miriam GS
12495,ミリアムGPレジスト,Veste Miriam GP
12496,ミリアムZPレジスト,Veste Miriam ZP
12497,レニガンスーツ,Combinaison Lenigan
12498,レニガンＦスーツ,Combinaison Lenigan F
12499,レニガンFZスーツ,Combinaison Lenigan FZ
12500,レニガンHSスーツ,Combinaison Lenigan HS
12501,レニガンGSスーツ,Combinaison Lenigan GS
12502,レニガンGPスーツ,Combinaison Lenigan GP
12503,レニガンZPスーツ,Combinaison Lenigan ZP
12504,レニガンベスト,Gilet Lenigan
12505,レニガンＦベスト,Gilet Lenigan F
12506,レニガンFZベスト,Gilet Lenigan FZ
12507,レニガンHSベスト,Gilet Lenigan HS
12508,レニガンGSベスト,Gilet Lenigan GS
12509,レニガンGPベスト,Gilet Lenigan GP
12510,レニガンZPベスト,Gilet Lenigan ZP
12511,ファビラスーツ,Combinaison Favila
12512,ファビラＦスーツ,Combinaison Favila F
12513,ファビラFZスーツ,Combinaison Favila FZ
12514,ファビラHSスーツ,Combinaison Favila HS
12515,ファビラGSスーツ,Combinaison Favila GS
12516,ファビラGPスーツ,Combinaison Favila GP
12517,ファビラZPスーツ,Combinaison Favila ZP
12518,ファビラベスト,Gilet Favila
12519,ファビラＦベスト,Gilet Favila F
12520,ファビラFZベスト,Gilet Favila FZ
12521,ファビラHSベスト,Gilet Favila HS
12522,ファビラGSベスト,Gilet Favila GS
12523,ファビラGPベスト,Gilet Favila GP
12524,ファビラZPベスト,Gilet Favila ZP
12525,デストラGSプレート,
12526,デストラGPプレート,
12527,デストラZPプレート,
12528,ダミー,
12529,ダミー,
12530,ダミー,
12531,デストラGSスキン,
12532,デストラGPスキン,
12533,デストラZPスキン,
12534,ダミー,
12535,ダミー,
12536,ダミー,
12537,ブレイブZXジャケット,
12538,ボガバドＺメイル,Cotte Bogabado Z
12539,ボガバドZFメイル,Cotte Bogabado F
12540,ボガバドZYメイル,Cotte Bogabado ZY
12541,ボガバドZXメイル,Cotte Bogabado ZX
12542,ボガバドＺレジスト,Veste Bogabado Z
12543,ボガバドZFレジスト,Veste Bogabado F
12544,ボガバドZYレジスト,Veste Bogabado ZY
12545,ボガバドZXレジスト,Veste Bogabado ZX
12546,アリシアスーツ,Combinaison Alicia
12547,アリシアＦスーツ,Combinaison Alicia F
12548,アリシアFZスーツ,Combinaison Alicia FZ
12549,アリシアHSスーツ,Combinaison Alicia HS
12550,アリシアGSスーツ,Combinaison Alicia GS
12551,アリシアGPスーツ,Combinaison Alicia GP
12552,アリシアZPスーツ,Combinaison Alicia ZP
12553,アリシアベスト,Gilet Alicia
12554,アリシアＦベスト,Gilet Alicia F
12555,アリシアFZベスト,Gilet Alicia FZ
12556,アリシアHSベスト,Gilet Alicia HS
12557,アリシアGSベスト,Gilet Alicia GS
12558,アリシアGPベスト,Gilet Alicia GP
12559,アリシアZPベスト,Gilet Alicia ZP
12560,タンザナメイル,Cotte Tanzanite
12561,タンザナＦメイル,Cotte Tanzanite F
12562,タンザナFXメイル,Cotte Tanzanite FX
12563,ヘマタイトメイル,Cotte Hématite
12564,ヘマタイトＦメイル,Cotte Hématite F
12565,ヘマタイトFXメイル,Cotte Hématite FX
12566,白虎・磁星Ｇメイル,
12567,白虎・磁星GFメイル,
12568,白虎・磁星GXメイル,
12569,朱雀・磁星Ｇメイル,
12570,朱雀・磁星GFメイル,
12571,朱雀・磁星GXメイル,
12572,玄武・磁星Ｇメイル,
12573,玄武・磁星GFメイル,
12574,玄武・磁星GXメイル,
12575,青龍・磁星Ｇメイル,
12576,青龍・磁星GFメイル,
12577,青龍・磁星GXメイル,
12578,白蘭・磁星メイル,
12579,白蘭・磁星Ｆメイル,
12580,白蘭・磁星FXメイル,
12581,紅霞・磁星メイル,
12582,紅霞・磁星Ｆメイル,
12583,紅霞・磁星FXメイル,
12584,白蘭・磁星Ｇメイル,
12585,白蘭・磁星GFメイル,
12586,白蘭・磁星GXメイル,
12587,紅霞・磁星Ｇメイル,
12588,紅霞・磁星GFメイル,
12589,紅霞・磁星GXメイル,
12590,月夜・磁星Ｇメイル,
12591,月夜・磁星GFメイル,
12592,月夜・磁星GXメイル,
12593,蒼穹・磁星Ｇメイル,
12594,蒼穹・磁星GFメイル,
12595,蒼穹・磁星GXメイル,
12596,雅葉ノ装【羽織】朱,
12597,雅葉ノ装Ｆ【羽織】朱,
12598,雅葉ノ装FZ【羽織】朱,
12599,雅葉ノ装HS【羽織】朱,
12600,雅葉ノ装GS【羽織】朱,
12601,雅葉ノ装GP【羽織】朱,
12602,雅葉ノ装ZP【羽織】朱,
12603,雅葉ノ装【十徳】朱,
12604,雅葉ノ装Ｆ【十徳】朱,
12605,雅葉ノ装FZ【十徳】朱,
12606,雅葉ノ装HS【十徳】朱,
12607,雅葉ノ装GS【十徳】朱,
12608,雅葉ノ装GP【十徳】朱,
12609,雅葉ノ装ZP【十徳】朱,
12610,雅葉ノ装【羽織】銀,
12611,雅葉ノ装Ｆ【羽織】銀,
12612,雅葉ノ装FZ【羽織】銀,
12613,雅葉ノ装HS【羽織】銀,
12614,雅葉ノ装GS【羽織】銀,
12615,雅葉ノ装GP【羽織】銀,
12616,雅葉ノ装ZP【羽織】銀,
12617,雅葉ノ装【十徳】銀,
12618,雅葉ノ装Ｆ【十徳】銀,
12619,雅葉ノ装FZ【十徳】銀,
12620,雅葉ノ装HS【十徳】銀,
12621,雅葉ノ装GS【十徳】銀,
12622,雅葉ノ装GP【十徳】銀,
12623,雅葉ノ装ZP【十徳】銀,
12624,雅葉ノ装【羽織】碧,
12625,雅葉ノ装Ｆ【羽織】碧,
12626,雅葉ノ装FZ【羽織】碧,
12627,雅葉ノ装HS【羽織】碧,
12628,雅葉ノ装GS【羽織】碧,
12629,雅葉ノ装GP【羽織】碧,
12630,雅葉ノ装ZP【羽織】碧,
12631,雅葉ノ装【十徳】碧,
12632,雅葉ノ装Ｆ【十徳】碧,
12633,雅葉ノ装FZ【十徳】碧,
12634,雅葉ノ装HS【十徳】碧,
12635,雅葉ノ装GS【十徳】碧,
12636,雅葉ノ装GP【十徳】碧,
12637,雅葉ノ装ZP【十徳】碧,
12638,雅葉ノ装【羽織】橙,
12639,雅葉ノ装Ｆ【羽織】橙,
12640,雅葉ノ装FZ【羽織】橙,
12641,雅葉ノ装HS【羽織】橙,
12642,雅葉ノ装GS【羽織】橙,
12643,雅葉ノ装GP【羽織】橙,
12644,雅葉ノ装ZP【羽織】橙,
12645,雅葉ノ装【十徳】橙,
12646,雅葉ノ装Ｆ【十徳】橙,
12647,雅葉ノ装FZ【十徳】橙,
12648,雅葉ノ装HS【十徳】橙,
12649,雅葉ノ装GS【十徳】橙,
12650,雅葉ノ装GP【十徳】橙,
12651,雅葉ノ装ZP【十徳】橙,
12652,グラハムメイル,
12653,ファビラＤスーツ,Combinaison Favila D
12654,アリシアＤスーツ,Combinaison Alicia D
12655,雅葉ノ装Ｃ【羽織】,
12656,アウラＣメイル,
12657,アスモＣメイル,Cotte Asumo C
12658,ロッカＣスーツ,Combinaison Rokka C
12659,ルーチェＣメイル,Cotte Ruche C
12660,シュイＣメイル,Cotte Shui C
12661,雅葉ノ装Ｄ【羽織】朱,
12662,雅葉ノ装Ｄ【羽織】銀,
12663,雅葉ノ装Ｄ【羽織】碧,
12664,雅葉ノ装Ｄ【羽織】橙,
12665,玄武・剣聖Ｄメイル,
12666,玄武・双龍Ｄメイル,
12667,玄武・剣王Ｄメイル,
12668,玄武・刀神Ｄメイル,
12669,玄武・天槍Ｄメイル,
12670,玄武・砲皇Ｄメイル,
12671,玄武・鈍器獣Ｄメイル,
12672,玄武・奏帝Ｄメイル,
12673,玄武・穿凰Ｄメイル,
12674,玄武・斬将Ｄメイル,
12675,玄武・銃傑Ｄスーツ,
12676,玄武・銃仙Ｄスーツ,
12677,玄武・弓鬼Ｄスーツ,
12678,タンザナＤメイル,Cotte Tanzanite D
12679,ヘマタイトＤメイル,Cotte Hématite D
12680,白虎・磁星Ｄメイル,
12681,朱雀・磁星Ｄメイル,
12682,玄武・磁星Ｄメイル,
12683,レックスメイルPD黒,
12684,レックスメイルPD白,
12685,レックスメイルPD紫,
12686,モノブロスメイルPD黄,
12687,モノブロスメイルPD緑,
12688,モノブロスメイルPD白,
12689,フルフルレジストPD黒,
12690,フルフルレジストPD緑,
12691,フルフルレジストPD青,
12692,ガノスメイルPD黒,
12693,ガノスメイルPD黄,
12694,ガノスメイルPD紫,
12695,ガノスレジストPD黒,
12696,ガノスレジストPD黄,
12697,ガノスレジストPD紫,
12698,ゲリョスレジストPD赤,
12699,ゲリョスレジストPD黄,
12700,ゲリョスレジストPD緑,
12701,神楽【胴当て】PD赤,
12702,神楽【胴当て】PD黒,
12703,神楽【胴当て】PD紫,
12704,神座【胸当て】PD赤,
12705,神座【胸当て】PD黒,
12706,神座【胸当て】PD紫,
12707,モスブレストPD白,
12708,モスブレストPD黄,
12709,モスブレストPD青,
12710,忍の装束・陰PD黄,
12711,忍の装束・陰PD赤,
12712,忍の装束・陰PD青,
12713,ダスクＤスーツ・赤,Combinaison Crépuscule D rouge
12714,ダスクＤスーツ・白,Combinaison Crépuscule D blanche
12715,ダスクＤスーツ・桃,Combinaison Crépuscule D rose
12716,ダスクＤスーツ・青,Combinaison Crépuscule D bleue
12717,マリンＤベスト・青,Gilet Marin D bleu
12718,マリンＤベスト・桃,Gilet Marin D rose
12719,マリンＤベスト・白,Gilet Marin D blanc
12720,マリンＤベスト・黒,Gilet Marin D noir
12721,ルフレＤメイル・青,Cotte Rufre D bleue
12722,ルフレＤメイル・白,Cotte Rufre D blanche
12723,ルフレＤメイル・赤,Cotte Rufre D rouge
12724,ルフレＤメイル・黒,Cotte Rufre D noire
12725,天日ノ胴丸Ｄ・赤,
12726,天日ノ胴丸Ｄ・青,
12727,天日ノ胴丸Ｄ・黒,
12728,天日ノ胴丸Ｄ・白,
12729,天日ノ装束Ｄ・赤,
12730,天日ノ装束Ｄ・青,
12731,天日ノ装束Ｄ・黒,
12732,天日ノ装束Ｄ・白,
12733,ナーガＤベスト・青,Gilet Naga D bleu
12734,ナーガＤベスト・赤,Gilet Naga D rouge
12735,ナーガＤベスト・白,Gilet Naga D blanc
12736,ナーガＤベスト・黒,Gilet Naga D noir
12737,シェリフＤベスト・茶,Gilet Shérif D brun
12738,シェリフＤベスト・黒,Gilet Shérif D noir
12739,シェリフＤベスト・青,Gilet Shérif D bleu
12740,シェリフＤベスト・白,Gilet Shérif D blanc
12741,セレナＤベスト・紫,Gilet Serena D violet
12742,セレナＤベスト・青,Gilet Serena D bleu
12743,セレナＤベスト・白,Gilet Serena D blanc
12744,セレナＤベスト・赤,Gilet Serena D rouge
12745,ゲルトＤメイル・黒,Cotte Gert D noire
12746,ゲルトＤメイル・銅,
12747,ゲルトＤメイル・銀,Cotte Gert D argentée
12748,ゲルトＤメイル・金,Cotte Gert D dorée
12749,グロリアＤメイル・金,Cotte Gloria D dorée
12750,グロリアＤメイル・青,Cotte Gloria D bleue
12751,グロリアＤメイル・水,
12752,グロリアＤメイル・赤,Cotte Gloria D rouge
12753,クロースＤベスト・赤,Gilet Étoffe D rouge
12754,クロースＤベスト・青,Gilet Étoffe D bleu
12755,クロースＤベスト・紫,Gilet Étoffe D violet
12756,クロースＤベスト・緑,Gilet Étoffe D vert
12757,レイストＤベスト・黒,Gilet Reist D noir
12758,レイストＤベスト・青,Gilet Reist D bleu
12759,レイストＤベスト・紅,Gilet Reist D cramoisi
12760,レイストＤベスト・白,Gilet Reist D blanc
12761,シエナＤメイル・銀,Cotte Sienne D argentée
12762,シエナＤメイル・黒,Cotte Sienne D noire
12763,シエナＤメイル・赤,Cotte Sienne D rouge
12764,シエナＤメイル・青,Cotte Sienne D bleue
12765,カウチュＤベスト・灰,
12766,カウチュＤベスト・青,Gilet Kauchu D bleu
12767,カウチュＤベスト・橙,Gilet Kauchu D orange
12768,カウチュＤベスト・緑,Gilet Kauchu D vert
12769,トラスＤジャケット青,
12770,トラスＤジャケット赤,
12771,トラスＤジャケット白,
12772,トラスＤジャケット紫,
12773,マイストＤベスト・紅,Gilet Maist D cramoisi
12774,マイストＤベスト・緑,Gilet Maist D vert
12775,マイストＤベスト・蒼,Gilet Maist D azur
12776,マイストＤベスト・桜,
12777,蘭陀の胴当・Ｄ黄,
12778,蘭陀の胴当・Ｄ赤,
12779,蘭陀の胴当・Ｄ紫,
12780,蘭陀の胴当・Ｄ金,
12781,バーニーＤスーツ・黒,Combinaison Barney D noire
12782,バーニーＤスーツ・白,Combinaison Barney D blanche
12783,バーニーＤスーツ・赤,Combinaison Barney D rouge
12784,バーニーＤスーツ・紫,Combinaison Barney D violette
12785,リゲリアＤメイル・白,Cotte Ligeria D blanche
12786,リゲリアＤメイル・赤,Cotte Ligeria D rouge
12787,リゲリアＤメイル・緑,Cotte Ligeria D verte
12788,リゲリアＤメイル・青,Cotte Ligeria D bleue
12789,アリストＤベスト・青,Gilet Aristo D bleu
12790,アリストＤベスト・白,Gilet Aristo D blanc
12791,アリストＤベスト・紫,Gilet Aristo D violet
12792,アリストＤベスト・赤,Gilet Aristo D rouge
12793,メレティＤベスト・白,Gilet Meleti D blanc
12794,メレティＤベスト・赤,Gilet Meleti D rouge
12795,メレティＤベスト・青,Gilet Meleti D bleu
12796,メレティＤベスト・黒,Gilet Meleti D noir
12797,フェルムＤメイル・黒,Cotte Ferm D noire
12798,フェルムＤメイル・赤,Cotte Ferm D rouge
12799,フェルムＤメイル・白,Cotte Ferm D blanche
12800,フェルムＤメイル・青,Cotte Ferm D bleue
12801,レアルＤメイル・白,Cotte Real D blanche
12802,レアルＤメイル・金,Cotte Real D dorée
12803,レアルＤメイル・青,Cotte Real D bleue
12804,レアルＤメイル・赤,Cotte Real D rouge
12805,アルマＤベスト・黒,Gilet Alma D noir
12806,アルマＤベスト・白,Gilet Alma D blanc
12807,アルマＤベスト・青,Gilet Alma D bleu
12808,アルマＤベスト・茶,Gilet Alma D brun
12809,オナブルＤメイル・赤,Cotte Onable D rouge
12810,オナブルＤメイル・青,Cotte Onable D bleue
12811,オナブルＤメイル・緑,Cotte Onable D verte
12812,オナブルＤメイル・紺,
12813,ピクスＤベスト・緑,Gilet Pyx D vert
12814,ピクスＤベスト・紫,Gilet Pyx D violet
12815,ピクスＤベスト・黒,Gilet Pyx D noir
12816,ピクスＤベスト・水,
12817,マゴスＤメイル・黄,Cotte Magos D jaune
12818,マゴスＤメイル・赤,Cotte Magos D rouge
12819,マゴスＤメイル・水,
12820,マゴスＤメイル・青,Cotte Magos D bleue
12821,アージェＤベスト,Gilet Arge D
12822,カマレラＤベスト,Gilet Camarera D
12823,メテネラＤベスト,Gilet Metenera D
12824,アビットＤベスト,Gilet Abitto D
12825,リブリーＤベスト,Gilet Riburi D
12826,ゾデックＤメイル・青,Cotte Zodec D bleue
12827,ゾデックＤメイル・茶,Cotte Zodec D brune
12828,ゾデックＤメイル・緑,Cotte Zodec D verte
12829,ゾデックＤメイル・桜,
12830,カエシスＤメイル水,
12831,カエシスＤメイル赤,Cotte Cayssis D rouge
12832,カエシスＤメイル青,Cotte Cayssis D bleue
12833,カエシスＤメイル橙,Cotte Cayssis D orange
12834,オメットＤメイル・黒,Cotte Omet D noire
12835,オメットＤメイル・赤,Cotte Omet D rouge
12836,オメットＤメイル・白,Cotte Omet D blanche
12837,オメットＤメイル・青,Cotte Omet D bleue
12838,エディオＤメイル・青,Cotte Edio D bleue
12839,エディオＤメイル・赤,Cotte Edio D rouge
12840,エディオＤメイル・黄,Cotte Edio D jaune
12841,エディオＤメイル・黒,Cotte Edio D noire
12842,ステノＤメイル・橙,Cotte Stheno D orange
12843,ステノＤメイル・桃,Cotte Stheno D rose
12844,ステノＤメイル・青,Cotte Stheno D bleue
12845,ステノＤメイル・赤,Cotte Stheno D rouge
12846,スリートＤベスト・黄,Gilet Grésil D jaune
12847,スリートＤベスト・銀,Gilet Grésil D argenté
12848,スリートＤベスト・赤,Gilet Grésil D rouge
12849,スリートＤベスト・青,Gilet Grésil D bleu
12850,ガリトスＤベスト・茶,Gilet Garitos D brun
12851,ガリトスＤベスト・赤,Gilet Garitos D rouge
12852,ガリトスＤベスト・黒,Gilet Garitos D noir
12853,ガリトスＤベスト・水,
12854,テクストＤベスト・紫,Gilet Texte D violet
12855,テクストＤベスト・緑,Gilet Texte D vert
12856,テクストＤベスト・青,Gilet Texte D bleu
12857,テクストＤベスト・黒,Gilet Texte D noir
12858,ファランＤメイル・白,Cotte Faran D blanche
12859,ファランＤメイル・黒,Cotte Faran D noire
12860,ファランＤメイル・赤,Cotte Faran D rouge
12861,ファランＤメイル・青,Cotte Faran D bleue
12862,ゴルトＤメイル・赤,Cotte Gold D rouge
12863,ゴルトＤメイル・青,Cotte Gold D bleue
12864,ゴルトＤメイル・黄,Cotte Gold D jaune
12865,ゴルトＤメイル・紫,Cotte Gold D violette
12866,クレールＤベスト・紫,Gilet Clair D violet
12867,クレールＤベスト・水,
12868,クレールＤベスト・赤,Gilet Clair D rouge
12869,クレールＤベスト・黒,Gilet Clair D noir
12870,きんねこ服Ｄスーツ,
12871,ぎんねこ服Ｄスーツ,
12872,イクスＤベスト・白,Gilet Ix D blanc
12873,イクスＤベスト・赤,Gilet Ix D rouge
12874,イクスＤベスト・青,Gilet Ix D bleu
12875,イクスＤベスト・黒,Gilet Ix D noir
12876,星祭Ｄ装束【赤】,
12877,星祭Ｄ装束【青】,
12878,星祭Ｄ装束【黒】,
12879,星祭Ｄ装束【白】,
12880,プロミスＤメイル・白,Cotte Promesse D blanche
12881,プロミスＤメイル・青,Cotte Promesse D bleue
12882,プロミスＤメイル・紫,Cotte Promesse D violette
12883,プロミスＤメイル・黄,Cotte Promesse D jaune
12884,ホワイトＭメイルＤ,
12885,飛天ノ羽織Ｄ・白,
12886,飛天ノ羽織Ｄ・赤,
12887,飛天ノ羽織Ｄ・茶,
12888,飛天ノ羽織Ｄ・青,
12889,バンデＤベスト・青,Gilet Bande D bleu
12890,バンデＤベスト・赤,Gilet Bande D rouge
12891,バンデＤベスト・緑,Gilet Bande D vert
12892,バンデＤベスト・黒,Gilet Bande D noir
12893,レグヌムＤベスト・白,Gilet Regnum D blanc
12894,レグヌムＤベスト・青,Gilet Regnum D bleu
12895,レグヌムＤベスト・赤,Gilet Regnum D rouge
12896,レグヌムＤベスト・茶,Gilet Regnum D brun
12897,ガニアＤベスト・赤,Gilet Gania D rouge
12898,ガニアＤベスト・青,Gilet Gania D bleu
12899,ガニアＤベスト・茶,Gilet Gania D brun
12900,ガニアＤベスト・紫,Gilet Gania D violet
12901,アミスタＤメイル・黒,Cotte Amista D noire
12902,アミスタＤメイル・白,Cotte Amista D blanche
12903,アミスタＤメイル・青,Cotte Amista D bleue
12904,アミスタＤメイル・紅,Cotte Amista D cramoisie
12905,ペリフＤメイル・青,Cotte Perif D bleue
12906,ペリフＤメイル・茶,Cotte Perif D brune
12907,ペリフＤメイル・緑,Cotte Perif D verte
12908,ペリフＤメイル・紫,Cotte Perif D violette
12909,ヴァクスＤメイル,Cotte Vakusu D
12910,リズヴェＤメイル,Cotte Rizuvue D
12911,コンセルＤメイル,Cotte Konseru D
12912,歌詠ノ装束Ｄ,
12913,歌紡ノ装束Ｄ,
12914,シカリの胴当てＤ,
12915,ストレガＤメイル,Cotte Strega D
12916,エクエスＤメイル,Cotte Eques D
12917,ウィダＤメイル,Cotte Uida D
12918,クラージＤメイル,Cotte Kuraaji D
12919,アネシスＤメイル,Cotte Aneshisu D
12920,ザーカーＤメイル,Cotte Zaakaa D
12921,ヴィネンＤジャケット,
12922,ルデオスＤメイル,Cotte Rudeos D
12923,ブレオＤジャケット,
12924,ルージュＤジャケット,
12925,オネロＤメイル,Cotte Onero D
12926,ディーナＤベスト,Gilet Diina D
12927,オーロワＤメイル,Cotte Oorowa D
12928,ヒガクレＤメイル,Cotte Higakure D
12929,ペルセＤメイル,Cotte Perce D
12930,オリクトＤメイル,Cotte Orykto D
12931,オリクトＤレジスト,Veste Orykto D
12932,ヨルティＤメイル,Cotte Yoruti D
12933,ニスルＤメイル,Cotte Nisuru D
12934,マアデンＤメイル,Cotte Maaden D
12935,マアデンＤレジスト,Veste Maaden D
12936,チェニーＤメイル,Cotte Cheni D
12937,エギエネＤメイル,Cotte Eguiene D
12938,トルボダＤメイル,Cotte Toruboda D
12939,カバリバＤメイル,Cotte Kabariba D
12940,ノルックＤベスト,Gilet Norukku D
12941,ヴァリエＤメイル,Cotte Valier D
12942,アルミュＤメイル,Cotte Arumyu D
12943,チャトレＤメイル,Cotte Chatore D
12944,パシオＤメイル,Cotte Pashio D
12945,カリヴァＤメイル,Cotte Cariva D
12946,デストラGSプレート,
12947,デストラGPプレート,
12948,デストラZPプレート,
12949,デストラGSスキン,
12950,デストラGPスキン,
12951,デストラZPスキン,
12952,デストラＤプレート,
12953,ボガバドZDメイル,Cotte Bogabado D
12954,ボガバドZDレジスト,Veste Bogabado D
12955,煉燭ノ羽織Ｚ,
12956,煉燭ノ羽織ZF,
12957,煉燭ノ羽織ZY,
12958,煉燭ノ羽織ZX,
12959,煉燭ノ装束Ｚ,
12960,煉燭ノ装束ZF,
12961,煉燭ノ装束ZY,
12962,煉燭ノ装束ZX,
12963,バルラＺメイル,Cotte Baruragaru Z
12964,バルラZFメイル,Cotte Baruragaru F
12965,バルラZYメイル,Cotte Baruragaru ZY
12966,バルラZXメイル,Cotte Baruragaru ZX
12967,バルラＺレジスト,Veste Baruragaru Z
12968,バルラZFレジスト,Veste Baruragaru F
12969,バルラZYレジスト,Veste Baruragaru ZY
12970,バルラZXレジスト,Veste Baruragaru ZX
12971,グラビＺメイル,Cotte Gravios Z
12972,グラビZFメイル,Cotte Gravios F
12973,グラビZYメイル,Cotte Gravios ZY
12974,グラビZXメイル,Cotte Gravios ZX
12975,グラビＺレジスト,Veste Gravios Z
12976,グラビZFレジスト,Veste Gravios F
12977,グラビZYレジスト,Veste Gravios ZY
12978,グラビZXレジスト,Veste Gravios ZX
12979,ラビウススーツ,Combinaison Rabius
12980,ラビウスＦスーツ,Combinaison Rabius F
12981,ラビウスFZスーツ,Combinaison Rabius FZ
12982,ラビウスHSスーツ,Combinaison Rabius HS
12983,ラビウスGSスーツ,Combinaison Rabius GS
12984,ラビウスGPスーツ,Combinaison Rabius GP
12985,ラビウスZPスーツ,Combinaison Rabius ZP
12986,ラビウスベスト,Gilet Rabius
12987,ラビウスＦベスト,Gilet Rabius F
12988,ラビウスFZベスト,Gilet Rabius FZ
12989,ラビウスHSベスト,Gilet Rabius HS
12990,ラビウスGSベスト,Gilet Rabius GS
12991,ラビウスGPベスト,Gilet Rabius GP
12992,ラビウスZPベスト,Gilet Rabius ZP
12993,ロクラススーツ,Combinaison Rocras
12994,ロクラスＦスーツ,Combinaison Rocras F
12995,ロクラスFZスーツ,Combinaison Rocras FZ
12996,ロクラスHSスーツ,Combinaison Rocras HS
12997,ロクラスGSスーツ,Combinaison Rocras GS
12998,ロクラスGPスーツ,Combinaison Rocras GP
12999,ロクラスZPスーツ,Combinaison Rocras ZP
13000,ロクラスベスト,Gilet Rocras
13001,ロクラスＦベスト,Gilet Rocras F
13002,ロクラスFZベスト,Gilet Rocras FZ
13003,ロクラスHSベスト,Gilet Rocras HS
13004,ロクラスGSベスト,Gilet Rocras GS
13005,ロクラスGPベスト,Gilet Rocras GP
13006,ロクラスZPベスト,Gilet Rocras ZP
13007,アリシススーツ,Combinaison Alisys
13008,アリシスＦスーツ,Combinaison Alisys F
13009,アリシスFZスーツ,Combinaison Alisys FZ
13010,アリシスHSスーツ,Combinaison Alisys HS
13011,アリシスGSスーツ,Combinaison Alisys GS
13012,アリシスGPスーツ,Combinaison Alisys GP
13013,アリシスZPスーツ,Combinaison Alisys ZP
13014,アリシスベスト,Gilet Alisys
13015,アリシスＦベスト,Gilet Alisys F
13016,アリシスFZベスト,Gilet Alisys FZ
13017,アリシスHSベスト,Gilet Alisys HS
13018,アリシスGSベスト,Gilet Alisys GS
13019,アリシスGPベスト,Gilet Alisys GP
13020,アリシスZPベスト,Gilet Alisys ZP
13021,ロゥリィスーツ,Combinaison Loli
13022,ロゥリィＦスーツ,Combinaison Loli F
13023,ロゥリィFZスーツ,Combinaison Loli FZ
13024,ロゥリィHSスーツ,Combinaison Loli HS
13025,ロゥリィGSスーツ,Combinaison Loli GS
13026,ロゥリィGPスーツ,Combinaison Loli GP
13027,ロゥリィZPスーツ,Combinaison Loli ZP
13028,ロゥリィベスト,Gilet Loli
13029,ロゥリィＦベスト,Gilet Loli F
13030,ロゥリィFZベスト,Gilet Loli FZ
13031,ロゥリィHSベスト,Gilet Loli HS
13032,ロゥリィGSベスト,Gilet Loli GS
13033,ロゥリィGPベスト,Gilet Loli GP
13034,ロゥリィZPベスト,Gilet Loli ZP
13035,レコリススーツ,Combinaison Recolis
13036,レコリスＦスーツ,Combinaison Recolis F
13037,レコリスFZスーツ,Combinaison Recolis FZ
13038,レコリスHSスーツ,Combinaison Recolis HS
13039,レコリスGSスーツ,Combinaison Recolis GS
13040,レコリスGPスーツ,Combinaison Recolis GP
13041,レコリスZPスーツ,Combinaison Recolis ZP
13042,レコリスベスト,Gilet Recolis
13043,レコリスＦベスト,Gilet Recolis F
13044,レコリスFZベスト,Gilet Recolis FZ
13045,レコリスHSベスト,Gilet Recolis HS
13046,レコリスGSベスト,Gilet Recolis GS
13047,レコリスGPベスト,Gilet Recolis GP
13048,レコリスZPベスト,Gilet Recolis ZP
13049,ビーターＧメイル,Cotte Bita G
13050,ビーターGFメイル,Cotte Bita GF
13051,ビーターGXメイル,Cotte Bita GX
13052,ビーターＧレジスト,Veste Bita G
13053,ビーターGFレジスト,Veste Bita GF
13054,ビーターGXレジスト,Veste Bita GX
13055,コレプトＧメイル,Cotte Koreputo G
13056,コレプトGFメイル,Cotte Koreputo GF
13057,コレプトGXメイル,Cotte Koreputo GX
13058,コレプトＧレジスト,Veste Koreputo G
13059,コレプトGFレジスト,Veste Koreputo GF
13060,コレプトGXレジスト,Veste Koreputo GX
13061,ラファンＧメイル,Cotte Rapin G
13062,ラファンGFメイル,Cotte Rapin GF
13063,ラファンGXメイル,Cotte Rapin GX
13064,ラファンＧレジスト,Veste Rapin G
13065,ラファンGFレジスト,Veste Rapin GF
13066,ラファンGXレジスト,Veste Rapin GX
13067,キリークメイル,Cotte Kireek
13068,キリークＦメイル,Cotte Kireek F
13069,キリークFZメイル,Cotte Kireek FZ
13070,キリークHSメイル,Cotte Kireek HS
13071,キリークGSメイル,Cotte Kireek GS
13072,キリークGPメイル,Cotte Kireek GP
13073,キリークZPメイル,Cotte Kireek ZP
13074,キリークレジスト,Veste Kireek
13075,キリークＦレジスト,Veste Kireek F
13076,キリークFZレジスト,Veste Kireek FZ
13077,キリークHSレジスト,Veste Kireek HS
13078,キリークGSレジスト,Veste Kireek GS
13079,キリークGPレジスト,Veste Kireek GP
13080,キリークZPレジスト,Veste Kireek ZP
13081,クーナベスト,Gilet Quna
13082,クーナＦベスト,Gilet Quna F
13083,クーナFZベスト,Gilet Quna FZ
13084,クーナHSベスト,Gilet Quna HS
13085,クーナGSベスト,Gilet Quna GS
13086,クーナGPベスト,Gilet Quna GP
13087,クーナZPベスト,Gilet Quna ZP
13088,クーナスーツ,Combinaison Quna
13089,クーナＦスーツ,Combinaison Quna F
13090,クーナFZスーツ,Combinaison Quna FZ
13091,クーナHSスーツ,Combinaison Quna HS
13092,クーナGSスーツ,Combinaison Quna GS
13093,クーナGPスーツ,Combinaison Quna GP
13094,クーナZPスーツ,Combinaison Quna ZP
13095,ディスタベスト,Gilet Dista
13096,ディスタＦベスト,Gilet Dista F
13097,ディスタFZベスト,Gilet Dista FZ
13098,ディスタHSベスト,Gilet Dista HS
13099,ディスタGSベスト,Gilet Dista GS
13100,ディスタGPベスト,Gilet Dista GP
13101,ディスタZPベスト,Gilet Dista ZP
13102,ディスタスーツ,Combinaison Dista
13103,ディスタＦスーツ,Combinaison Dista F
13104,ディスタFZスーツ,Combinaison Dista FZ
13105,ディスタHSスーツ,Combinaison Dista HS
13106,ディスタGSスーツ,Combinaison Dista GS
13107,ディスタGPスーツ,Combinaison Dista GP
13108,ディスタZPスーツ,Combinaison Dista ZP
13109,イオニアベスト,Gilet Ionia
13110,イオニアＦベスト,Gilet Ionia F
13111,イオニアFZベスト,Gilet Ionia FZ
13112,イオニアHSベスト,Gilet Ionia HS
13113,イオニアGSベスト,Gilet Ionia GS
13114,イオニアGPベスト,Gilet Ionia GP
13115,イオニアZPベスト,Gilet Ionia ZP
13116,イオニアスーツ,Combinaison Ionia
13117,イオニアＦスーツ,Combinaison Ionia F
13118,イオニアFZスーツ,Combinaison Ionia FZ
13119,イオニアHSスーツ,Combinaison Ionia HS
13120,イオニアGSスーツ,Combinaison Ionia GS
13121,イオニアGPスーツ,Combinaison Ionia GP
13122,イオニアZPスーツ,Combinaison Ionia ZP
13123,グリディＺメイル,Cotte Guridi Z
13124,グリディZFメイル,Cotte Guridi F
13125,グリディZYメイル,Cotte Guridi ZY
13126,グリディZXメイル,Cotte Guridi ZX
13127,グリディＺレジスト,Veste Guridi Z
13128,グリディZFレジスト,Veste Guridi F
13129,グリディZYレジスト,Veste Guridi ZY
13130,グリディZXレジスト,Veste Guridi ZX
13131,シフニィＺスーツ,Combinaison Shifunyi Z
13132,シフニィZFスーツ,Combinaison Shifunyi F
13133,シフニィZYスーツ,Combinaison Shifunyi ZY
13134,シフニィZXスーツ,Combinaison Shifunyi ZX
13135,シフニィＺベスト,Gilet Shifunyi Z
13136,シフニィZFベスト,Gilet Shifunyi F
13137,シフニィZYベスト,Gilet Shifunyi ZY
13138,シフニィZXベスト,Gilet Shifunyi ZX
13139,ロックマンスーツ,Combinaison Rockman
13140,煉燭ノ羽織Ｄ,
13141,グラビZDメイル,Cotte Gravios D
13142,グラビZDレジスト,Veste Gravios D
13143,バルラZDメイル,Cotte Baruragaru D
13144,バルラZDレジスト,Veste Baruragaru D
13145,ラビウスＤスーツ,Combinaison Rabius D
13146,ロクラスＤスーツ,Combinaison Rocras D
13147,アリシスＤスーツ,Combinaison Alisys D
13148,ロゥリィＤスーツ,Combinaison Loli D
13149,レコリスＤスーツ,Combinaison Recolis D
13150,ラファンＤメイル,Cotte Rapin D
13151,ラファンＣメイル,Cotte Rapin C
13152,キリークＤメイル,Cotte Kireek D
13153,クーナＤベスト,Gilet Quna D
13154,ディスタＤベスト,Gilet Dista D
13155,イオニアＤベスト,Gilet Ionia D
13156,グリディＤメイル,Cotte Guridi D
13157,シフニィＤスーツ,Combinaison Shifunyi D
13158,ラッピーＤスーツ,Combinaison Rappy D
13159,ビーターＤメイル,Cotte Bita D
13160,コレプトＤメイル,Cotte Koreputo D
13161,セクティＤメイル・黒,Cotte Secti D noire
13162,セクティＤメイル・青,Cotte Secti D bleue
13163,セクティＤメイル・赤,Cotte Secti D rouge
13164,セクティＤメイル・白,Cotte Secti D blanche
13165,ロックマンＤスーツ,Combinaison Rockman D
13166,一閃Ｄ【胴当て】・赤,
13167,蜂針Ｄ【胸当て】・橙,
13168,シャンルＺメイル,Cotte Shanru Z
13169,シャンルZFメイル,Cotte Shanru F
13170,シャンルZYメイル,Cotte Shanru ZY
13171,シャンルZXメイル,Cotte Shanru ZX
13172,シャンルＺレジスト,Veste Shanru Z
13173,シャンルZFレジスト,Veste Shanru F
13174,シャンルZYレジスト,Veste Shanru ZY
13175,シャンルZXレジスト,Veste Shanru ZX
13176,ファンルＺメイル,Cotte Fanru Z
13177,ファンルZFメイル,Cotte Fanru F
13178,ファンルZYメイル,Cotte Fanru ZY
13179,ファンルZXメイル,Cotte Fanru ZX
13180,ファンルＺレジスト,Veste Fanru Z
13181,ファンルZFレジスト,Veste Fanru F
13182,ファンルZYレジスト,Veste Fanru ZY
13183,ファンルZXレジスト,Veste Fanru ZX
13184,煉獄ノ羽織Ｚ,
13185,煉獄ノ羽織ZF,
13186,煉獄ノ羽織ZY,
13187,煉獄ノ羽織ZX,
13188,煉獄ノ装束Ｚ,
13189,煉獄ノ装束ZF,
13190,煉獄ノ装束ZY,
13191,煉獄ノ装束ZX,
13192,煉戟ノ羽織Ｚ,
13193,煉戟ノ羽織ZF,
13194,煉戟ノ羽織ZY,
13195,煉戟ノ羽織ZX,
13196,煉戟ノ装束Ｚ,
13197,煉戟ノ装束ZF,
13198,煉戟ノ装束ZY,
13199,煉戟ノ装束ZX,
13200,ザムザＺメイル,Cotte Zamuza Z
13201,ザムザZFメイル,Cotte Zamuza F
13202,ザムザZYメイル,Cotte Zamuza ZY
13203,ザムザZXメイル,Cotte Zamuza ZX
13204,ザムザＺレジスト,Veste Zamuza Z
13205,ザムザZFレジスト,Veste Zamuza F
13206,ザムザZYレジスト,Veste Zamuza ZY
13207,ザムザZXレジスト,Veste Zamuza ZX
13208,ハルドＺメイル,Cotte Harudo Z
13209,ハルドZFメイル,Cotte Harudo F
13210,ハルドZYメイル,Cotte Harudo ZY
13211,ハルドZXメイル,Cotte Harudo ZX
13212,ハルドＺレジスト,Veste Harudo Z
13213,ハルドZFレジスト,Veste Harudo F
13214,ハルドZYレジスト,Veste Harudo ZY
13215,ハルドZXレジスト,Veste Harudo ZX
13216,エリュシＧメイル,Cotte Elysi G
13217,エリュシGFメイル,Cotte Elysi GF
13218,エリュシGXメイル,Cotte Elysi GX
13219,エリュシＧレジスト,Veste Elysi G
13220,エリュシGFレジスト,Veste Elysi GF
13221,エリュシGXレジスト,Veste Elysi GX
13222,ミュンルＺメイル,Cotte Myunru Z
13223,ミュンルZFメイル,Cotte Myunru F
13224,ミュンルZYメイル,Cotte Myunru ZY
13225,ミュンルZXメイル,Cotte Myunru ZX
13226,ミュンルＺレジスト,Veste Myunru Z
13227,ミュンルZFレジスト,Veste Myunru F
13228,ミュンルZYレジスト,Veste Myunru ZY
13229,ミュンルZXレジスト,Veste Myunru ZX
13230,キンコウスーツ,Combinaison Kinkou
13231,キンコウＦスーツ,Combinaison Kinkou F
13232,キンコウFZスーツ,Combinaison Kinkou FZ
13233,キンコウHSスーツ,Combinaison Kinkou HS
13234,キンコウGSスーツ,Combinaison Kinkou GS
13235,キンコウGPスーツ,Combinaison Kinkou GP
13236,キンコウZPスーツ,Combinaison Kinkou ZP
13237,キンコウベスト,Gilet Kinkou
13238,キンコウＦベスト,Gilet Kinkou F
13239,キンコウFZベスト,Gilet Kinkou FZ
13240,キンコウHSベスト,Gilet Kinkou HS
13241,キンコウGSベスト,Gilet Kinkou GS
13242,キンコウGPベスト,Gilet Kinkou GP
13243,キンコウZPベスト,Gilet Kinkou ZP
13244,アンブスーツ,Combinaison Anbu
13245,アンブＦスーツ,Combinaison Anbu F
13246,アンブFZスーツ,Combinaison Anbu FZ
13247,アンブHSスーツ,Combinaison Anbu HS
13248,アンブGSスーツ,Combinaison Anbu GS
13249,アンブGPスーツ,Combinaison Anbu GP
13250,アンブZPスーツ,Combinaison Anbu ZP
13251,アンブベスト,Gilet Anbu
13252,アンブＦベスト,Gilet Anbu F
13253,アンブFZベスト,Gilet Anbu FZ
13254,アンブHSベスト,Gilet Anbu HS
13255,アンブGSベスト,Gilet Anbu GS
13256,アンブGPベスト,Gilet Anbu GP
13257,アンブZPベスト,Gilet Anbu ZP
13258,アービターGSプレート,
13259,アービターGPプレート,
13260,アービターZPプレート,
13261,アービターGSスキン,
13262,アービターGPスキン,
13263,アービターZPスキン,
13264,フィーネスーツ,
13265,フィーネＦスーツ,
13266,フィーネFZスーツ,
13267,フィーネHSスーツ,
13268,フィーネGSスーツ,
13269,フィーネGPスーツ,
13270,フィーネZPスーツ,
13271,フィーネベスト,
13272,フィーネＦベスト,
13273,フィーネFZベスト,
13274,フィーネHSベスト,
13275,フィーネGSベスト,
13276,フィーネGPベスト,
13277,フィーネZPベスト,
13278,コトナスーツ,Combinaison Kotona
13279,コトナＦスーツ,Combinaison Kotona F
13280,コトナFZスーツ,Combinaison Kotona FZ
13281,コトナHSスーツ,Combinaison Kotona HS
13282,コトナGSスーツ,Combinaison Kotona GS
13283,コトナGPスーツ,Combinaison Kotona GP
13284,コトナZPスーツ,Combinaison Kotona ZP
13285,コトナベスト,Gilet Kotona
13286,コトナＦベスト,Gilet Kotona F
13287,コトナFZベスト,Gilet Kotona FZ
13288,コトナHSベスト,Gilet Kotona HS
13289,コトナGSベスト,Gilet Kotona GS
13290,コトナGPベスト,Gilet Kotona GP
13291,コトナZPベスト,Gilet Kotona ZP
13292,フィニススーツ,
13293,フィニスＦスーツ,
13294,フィニスFZスーツ,
13295,フィニスHSスーツ,
13296,フィニスGSスーツ,
13297,フィニスGPスーツ,
13298,フィニスZPスーツ,
13299,フィニスベスト,
13300,フィニスＦベスト,
13301,フィニスFZベスト,
13302,フィニスHSベスト,
13303,フィニスGSベスト,
13304,フィニスGPベスト,
13305,フィニスZPベスト,
13306,フィールスーツ,Combinaison Firl
13307,フィールＦスーツ,Combinaison Firl F
13308,フィールFZスーツ,Combinaison Firl FZ
13309,フィールHSスーツ,Combinaison Firl HS
13310,フィールGSスーツ,Combinaison Firl GS
13311,フィールGPスーツ,Combinaison Firl GP
13312,フィールZPスーツ,Combinaison Firl ZP
13313,フィールベスト,Gilet Firl
13314,フィールＦベスト,Gilet Firl F
13315,フィールFZベスト,Gilet Firl FZ
13316,フィールHSベスト,Gilet Firl HS
13317,フィールGSベスト,Gilet Firl GS
13318,フィールGPベスト,Gilet Firl GP
13319,フィールZPベスト,Gilet Firl ZP
13320,了奏ノ胴丸,
13321,了奏ノ胴丸Ｆ,
13322,了奏ノ胴丸FZ,
13323,了奏ノ胴丸HS,
13324,了奏ノ胴丸GS,
13325,了奏ノ胴丸GP,
13326,了奏ノ胴丸ZP,
13327,了奏ノ胸当て,
13328,了奏ノ胸当てＦ,
13329,了奏ノ胸当てFZ,
13330,了奏ノ胸当てHS,
13331,了奏ノ胸当てGS,
13332,了奏ノ胸当てGP,
13333,了奏ノ胸当てZP,
13334,ジェムズスーツ,Combinaison Gems
13335,ジェムズＦスーツ,Combinaison Gems F
13336,ジェムズFZスーツ,Combinaison Gems FZ
13337,ジェムズHSスーツ,Combinaison Gems HS
13338,ジェムズGSスーツ,Combinaison Gems GS
13339,ジェムズGPスーツ,Combinaison Gems GP
13340,ジェムズZPスーツ,Combinaison Gems ZP
13341,ジェムズベスト,Gilet Gems
13342,ジェムズＦベスト,Gilet Gems F
13343,ジェムズFZベスト,Gilet Gems FZ
13344,ジェムズHSベスト,Gilet Gems HS
13345,ジェムズGSベスト,Gilet Gems GS
13346,ジェムズGPベスト,Gilet Gems GP
13347,ジェムズZPベスト,Gilet Gems ZP
13348,アリシャスーツ,Combinaison Alisha
13349,アリシャＦスーツ,Combinaison Alisha F
13350,アリシャFZスーツ,Combinaison Alisha FZ
13351,アリシャHSスーツ,Combinaison Alisha HS
13352,アリシャGSスーツ,Combinaison Alisha GS
13353,アリシャGPスーツ,Combinaison Alisha GP
13354,アリシャZPスーツ,Combinaison Alisha ZP
13355,アリシャベスト,Gilet Alisha
13356,アリシャＦベスト,Gilet Alisha F
13357,アリシャFZベスト,Gilet Alisha FZ
13358,アリシャHSベスト,Gilet Alisha HS
13359,アリシャGSベスト,Gilet Alisha GS
13360,アリシャGPベスト,Gilet Alisha GP
13361,アリシャZPベスト,Gilet Alisha ZP
13362,リッカスーツ,Combinaison Ricca
13363,リッカＦスーツ,Combinaison Ricca F
13364,リッカFZスーツ,Combinaison Ricca FZ
13365,リッカHSスーツ,Combinaison Ricca HS
13366,リッカGSスーツ,Combinaison Ricca GS
13367,リッカGPスーツ,Combinaison Ricca GP
13368,リッカZPスーツ,Combinaison Ricca ZP
13369,リッカベスト,Gilet Ricca
13370,リッカＦベスト,Gilet Ricca F
13371,リッカFZベスト,Gilet Ricca FZ
13372,リッカHSベスト,Gilet Ricca HS
13373,リッカGSベスト,Gilet Ricca GS
13374,リッカGPベスト,Gilet Ricca GP
13375,リッカZPベスト,Gilet Ricca ZP
13376,ケリススーツ,Combinaison Kelis
13377,ケリスＦスーツ,Combinaison Kelis F
13378,ケリスFZスーツ,Combinaison Kelis FZ
13379,ケリスHSスーツ,Combinaison Kelis HS
13380,ケリスGSスーツ,Combinaison Kelis GS
13381,ケリスGPスーツ,Combinaison Kelis GP
13382,ケリスZPスーツ,Combinaison Kelis ZP
13383,ケリスベスト,Gilet Kelis
13384,ケリスＦベスト,Gilet Kelis F
13385,ケリスFZベスト,Gilet Kelis FZ
13386,ケリスHSベスト,Gilet Kelis HS
13387,ケリスGSベスト,Gilet Kelis GS
13388,ケリスGPベスト,Gilet Kelis GP
13389,ケリスZPベスト,Gilet Kelis ZP
13390,キンコウＤスーツ,Combinaison Kinkou D
13391,アンブＤスーツ,Combinaison Anbu D
13392,煉獄ノ羽織Ｄ,
13393,煉戟ノ羽織Ｄ,
13394,シャンルＤメイル,Cotte Shanru D
13395,ファンルＤメイル,Cotte Fanru D
13396,ザムザZDメイル,Cotte Zamuza D
13397,ザムザZDレジスト,Veste Zamuza D
13398,ハルドZDメイル,Cotte Harudo D
13399,ハルドZDレジスト,Veste Harudo D
13400,アービターＤプレート,
13401,エリュシＤメイル,Cotte Elysi D
13402,フィーネＤスーツ,
13403,コトナＤスーツ,Combinaison Kotona D
13404,フィニスＤスーツ,
13405,フィールＤスーツ,Combinaison Firl D
13406,了奏ノ胴丸Ｄ,
13407,ジェムズＤスーツ,Combinaison Gems D
13408,アリシャＤスーツ,Combinaison Alisha D
13409,リッカＤスーツ,Combinaison Ricca D
13410,ケリスＤスーツ,Combinaison Kelis D
13411,ミュンルＤメイル,Cotte Myunru D
13412,青龍・剣聖Ｄメイル,
13413,青龍・双龍Ｄメイル,
13414,青龍・剣王Ｄメイル,
13415,青龍・刀神Ｄメイル,
13416,青龍・天槍Ｄメイル,
13417,青龍・砲皇Ｄメイル,
13418,青龍・鈍器獣Ｄメイル,
13419,青龍・奏帝Ｄメイル,
13420,青龍・穿凰Ｄメイル,
13421,青龍・斬将Ｄメイル,
13422,青龍・銃傑Ｄスーツ,
13423,青龍・銃仙Ｄスーツ,
13424,青龍・弓鬼Ｄスーツ,
13425,青龍・磁星Ｄメイル,
13426,ＫロブスタシェルPD黒,
13427,ＫロブスタシェルPD緑,
13428,ＫロブスタシェルPD青,
13429,ＫロブスタスキンPD黒,
13430,ＫロブスタスキンPD緑,
13431,ＫロブスタスキンPD青,
13432,ヒプノメイルPD緑,
13433,ヒプノメイルPD赤,
13434,ヒプノメイルPD黄,
13435,ベルメイルPD黒,
13436,ベルメイルPD赤,
13437,ベルメイルPD紫,
13438,ベルレジストPD黒,
13439,ベルレジストPD赤,
13440,ベルレジストPD紫,
13441,クロオビメイルPD白,
13442,クロオビメイルPD黒,
13443,クロオビメイルPD青,
13444,アプカルメイルPD白,
13445,アプカルメイルPD緑,
13446,アプカルメイルPD黄,
13447,ルコハイドPD白,
13448,ルコハイドPD青,
13449,ルコハイドPD赤,
13450,ルコスキンPD白,
13451,ルコスキンPD青,
13452,ルコスキンPD赤,
13453,コムラダメイルPD白赤,
13454,コムラダメイルPD白青,
13455,コムラダメイルPD白黄,
13456,オトノＤジャケット,
13457,忍の装束・空Ｄ,
13458,忍の装束・海Ｄ,
13459,黒影ノ装束・Ｄ,
13460,黒陰ノ装束・Ｄ,
13461,ホープＤメイル,Cotte Espoir D
