index,source,target
0,装備無し,
1,レザーライトヘルム,Heaume Cuir
2,チェーンヘルム,Heaume Chainmail
3,ハンターヘルム,Heaume Hunter's
4,ハンターキャップ,Casquette Hunter's
5,ボーンヘルム,Heaume Os
6,ボーンキャップ,Casquette Os
7,ランポスヘルム,Heaume Velociprey
8,ランポスキャップ,Casquette Velociprey
9,バトルヘルム,Heaume Bataille
10,バトルキャップ,Casquette Bataille
11,ランゴヘルム,Heaume Vespoid
12,ランゴキャップ,Casquette Vespoid
13,タロスヘルム,Heaume Hornetaur
14,タロスキャップ,Casquette Hornetaur
15,ハイメタヘルム,
16,ハイメタキャップ,
17,ゲネポスヘルム,Heaume Genprey
18,ゲネポスキャップ,Casquette Genprey
19,イーオスヘルム,Heaume Ioprey
20,イーオスキャップ,Casquette Ioprey
21,ゲリョスヘルム,Heaume Gypceros
22,ゲリョスキャップ,Casquette Gypceros
23,ガレオスヘルム,Heaume Cephalos
24,ガレオスキャップ,Casquette Cephalos
25,レイアヘルム,Heaume Rathian
26,レイアキャップ,Casquette Rathian
27,フルフルヘルム,Heaume Khezu
28,フルフルキャップ,Casquette Khezu
29,レウスヘルム,Heaume Rathalos
30,レウスキャップ,Casquette Rathalos
31,ガノスヘルム,Heaume Plesioth
32,ガノスキャップ,Casquette Plesioth
33,キングロブスタヘルム,
34,バサルヘルム,Heaume Basarios
35,バサルキャップ,Casquette Basarios
36,ディアブロヘルム,Heaume Diablos
37,ディアブロキャップ,Casquette Diablos
38,モノブロスヘルム,Heaume Monoblos
39,モノブロスキャップ,Casquette Monoblos
40,グラビドヘルム,Heaume Gravios
41,グラビドキャップ,Casquette Gravios
42,クロオビヘルム,
43,モスフェイク,
44,アイルーフェイク,
45,混沌のパオ,
46,メルホアフロール,
47,マカルパフード,
48,ビストロキャップ,
49,ランポスフェイク,
50,ゲネポスフェイク,
51,イーオスフェイク,
52,ブルファンゴフェイク,
53,レッドピアス,
54,ブルーピアス,
55,イエローピアス,
56,ブラックピアス,
57,忍の面・陽,
58,忍の面・陰,
59,ガーディアンヘルム,Heaume Gardien
60,ガーディアンマスク,Masque Gardien
61,ヘルパーフード,
62,ヒーラーグラス,
63,スカルフェイス,
64,ガルルガヘルム,Heaume Garuga
65,ガルルガキャップ,Casquette Garuga
66,ガルルガフェイク,
67,暁丸【兜】,
68,曙丸【烏帽子】,
69,凛【鉢金】,
70,艶【鉢金】,
71,ドラゴンヘッド,
72,ドラゴンフェイス,
73,レザーライトＵヘルム,Heaume Cuir U
74,チェーンＵヘルム,Heaume Chainmail U
75,ハンターＵヘルム,Heaume Hunter's U
76,ハンターＵキャップ,Casquette Hunter's U
77,ボーンＵヘルム,Heaume Os U
78,ボーンＵキャップ,Casquette Os U
79,ギアノスヘルム,Heaume Giaprey
80,ギアノスキャップ,Casquette Giaprey
81,バトルＵヘルム,Heaume Bataille U
82,バトルＵキャップ,Casquette Bataille U
83,ランゴＵヘルム,Heaume Vespoid U
84,ランゴＵキャップ,Casquette Vespoid U
85,タロスＵヘルム,Heaume Hornetaur U
86,タロスＵキャップ,Casquette Hornetaur U
87,ハイメタＵヘルム,
88,ハイメタＵキャップ,
89,ゲネポスＵヘルム,Heaume Genprey U
90,ゲネポスＵキャップ,Casquette Genprey U
91,イーオスＵヘルム,Heaume Ioprey U
92,イーオスＵキャップ,Casquette Ioprey U
93,ゲリョスＵヘルム,Heaume Gypceros U
94,ゲリョスＵキャップ,Casquette Gypceros U
95,ガレオスＵヘルム,Heaume Cephalos U
96,ガレオスＵキャップ,Casquette Cephalos U
97,リオハートヘルム,Heaume Rath
98,リオハートキャップ,Casquette Rath
99,フルフルＵヘルム,Heaume Khezu U
100,フルフルＵキャップ,Casquette Khezu U
101,リオソウルヘルム,Heaume Rath
102,リオソウルキャップ,Casquette Rath
103,ガノスＵヘルム,Heaume Plesioth U
104,ガノスＵキャップ,Casquette Plesioth U
105,バサルＵヘルム,Heaume Basarios U
106,バサルＵキャップ,Casquette Basarios U
107,ディアブロＵヘルム,Heaume Diablos U
108,ディアブロＵキャップ,Casquette Diablos U
109,モノデビルヘルム,Heaume Monodevil
110,モノデビルキャップ,Casquette Monodevil
111,グラビドＵヘルム,Heaume Gravios U
112,グラビドＵキャップ,Casquette Gravios U
113,忍の面・空,
114,忍の面・海,
115,ガーディアンＵヘルム,Heaume Gardien U
116,ガーディアンＵマスク,Masque Gardien U
117,ヘルパーＵフード,
118,ヒーラーＵベレー,
119,暁丸・皇【兜】,
120,曙丸・皇【烏帽子】,
121,凛・皇【鉢金】,
122,艶・皇【鉢金】,
123,ミラバルカンヘッド,Coiffe Fatalis
124,ミラバルカンフェイス,
125,ゴールドルナヘルム,
126,ゴールドルナキャップ,
127,シルバーソルヘルム,
128,シルバーソルキャップ,
129,レザーライトＳヘルム,Heaume Cuir S
130,チェーンＳヘルム,Heaume Chainmail S
131,ハンターＳヘルム,Heaume Hunter's S
132,ハンターＳキャップ,Casquette Hunter's S
133,ボーンＳヘルム,Heaume Os S
134,ボーンＳキャップ,Casquette Os S
135,ランポスＳヘルム,Heaume Velociprey S
136,ランポスＳキャップ,Casquette Velociprey S
137,バトルＳヘルム,Heaume Bataille S
138,バトルＳキャップ,Casquette Bataille S
139,ランゴＳヘルム,Heaume Vespoid S
140,ランゴＳキャップ,Casquette Vespoid S
141,タロスＳヘルム,Heaume Hornetaur S
142,タロスＳキャップ,Casquette Hornetaur S
143,ハイメタＳヘルム,
144,ハイメタＳキャップ,
145,ゲネポスＳヘルム,Heaume Genprey S
146,ゲネポスＳキャップ,Casquette Genprey S
147,クックＳヘルム,Heaume Kut-Ku S
148,クックＳキャップ,Casquette Kut-Ku S
149,イーオスＳヘルム,Heaume Ioprey S
150,イーオスＳキャップ,Casquette Ioprey S
151,ゲリョスＳヘルム,Heaume Gypceros S
152,ゲリョスＳキャップ,Casquette Gypceros S
153,ガレオスＳヘルム,Heaume Cephalos S
154,ガレオスＳキャップ,Casquette Cephalos S
155,レイアＳヘルム,Heaume Rathian S
156,レイアＳキャップ,Casquette Rathian S
157,フルフルＳヘルム,Heaume Khezu S
158,フルフルＳキャップ,Casquette Khezu S
159,レウスＳヘルム,Heaume Rathalos S
160,レウスＳキャップ,Casquette Rathalos S
161,ガノスＳヘルム,Heaume Plesioth S
162,ガノスＳキャップ,Casquette Plesioth S
163,バサルＳヘルム,Heaume Basarios S
164,バサルＳキャップ,Casquette Basarios S
165,ディアブロＳヘルム,Heaume Diablos S
166,ディアブロＳキャップ,Casquette Diablos S
167,モノブロスＳヘルム,Heaume Monoblos S
168,モノブロスＳキャップ,Casquette Monoblos S
169,グラビドＳヘルム,Heaume Gravios S
170,グラビドＳキャップ,Casquette Gravios S
171,忍の面・天,
172,忍の面・地,
173,ギルドガードロポス紅,
174,ギルドガードマスク紅,Masque Guilde cramoisi
175,ギルドガードハット紅,Chapeau Guilde cramoisi
176,ギルドガードピアス紅,Piercing Guilde cramoisi
177,暁丸・覇【兜】,
178,曙丸・覇【烏帽子】,
179,凛・覇【鉢金】,
180,艶・覇【鉢金】,
181,ドラゴンＳヘッド,
182,ドラゴンＳフェイス,
183,ザザミヘルム,Heaume Hermitaur
184,ザザミキャップ,Casquette Hermitaur
185,ザザミＵヘルム,Heaume Hermitaur U
186,ザザミＵキャップ,Casquette Hermitaur U
187,ザザミＳヘルム,Heaume Hermitaur S
188,ザザミＳキャップ,Casquette Hermitaur S
189,コンガヘルム,Heaume Conga
190,コンガキャップ,Casquette Conga
191,コンガＵヘルム,Heaume Conga U
192,コンガＵキャップ,Casquette Conga U
193,コンガＳヘルム,Heaume Conga S
194,コンガＳキャップ,Casquette Conga S
195,ブランゴヘルム,Heaume Blango
196,ブランゴキャップ,Casquette Blango
197,ブランゴＵヘルム,Heaume Blango U
198,ブランゴＵキャップ,Casquette Blango U
199,ブランゴＳヘルム,Heaume Blango S
200,ブランゴＳキャップ,Casquette Blango S
201,ギザミヘルム,Heaume Ceanataur
202,ギザミキャップ,Casquette Ceanataur
203,ギザミＵヘルム,Heaume Ceanataur U
204,ギザミＵキャップ,Casquette Ceanataur U
205,ギザミＳヘルム,Heaume Ceanataur S
206,ギザミＳキャップ,Casquette Ceanataur S
207,キリンホーン,
208,キリンコルノ,
209,キリンＳホーン,
210,キリンＳコルノ,
211,クシャナアンク,
212,クシャナスーラ,
213,ミヅハ【烏帽子】,
214,トヨタマ【烏帽子】,
215,エンプレスセクター,
216,エンプレスマスク,Masque Impératrice
217,金剛【兜】,
218,不動【兜】,
219,カイザークラウン,
220,カイザーマスク,
221,夜叉【御面】,
222,修羅【御面】,
223,金色ノ添髪,
224,黒子ノ面隠,
225,ミラルーツヘッド,Coiffe Fatalis
226,ミラルーツフェイス,
227,クロオビＳヘルム,
228,ギアノスフェイク,
229,ガブラスフェイク,
230,ギルドナイトフェザー,
231,ギルドナイトマスク,Masque Guilde
232,メイドカチューシャ,
233,プライベートグラス,
234,ホワイトピアス,
235,ギルドガードロポス蒼,
236,ギルドガードマスク蒼,Masque Guilde azur
237,ギルドガードハット蒼,Chapeau Guilde azur
238,ギルドガードピアス蒼,Piercing Guilde azur
239,Ｋ・ロブスタキャップ,
240,技のピアス,
241,力のピアス,
242,命のピアス,
243,名人のピアス,Piercing Expert's
244,職人のピアス,Piercing Craftsman's
245,凄腕のピアス,Piercing Master's
246,強運のピアス,
247,悪運のピアス,
248,護人のピアス,Piercing Protector's
249,勇者のピアス,Piercing Hero's
250,Ｆヘッド00,
251,Ｆヘッド01,
252,フレアーピアス,Piercing Freya
253,クックイヤーカフス,
254,クックイヤリング,
255,クックＵヘルム,Heaume Kut-Ku U
256,クックＵキャップ,Casquette Kut-Ku U
257,ヒプノヘルム,Heaume Hypnoc
258,ヒプノキャップ,Casquette Hypnoc
259,ヒプノＵヘルム,Heaume Hypnoc U
260,ヒプノＵキャップ,Casquette Hypnoc U
261,ラヴァヘルム,Heaume Lavasioth
262,ラヴァキャップ,Casquette Lavasioth
263,ラヴァＳヘルム,Heaume Lavasioth S
264,ラヴァＳキャップ,Casquette Lavasioth S
265,ギアノスＵヘルム,Heaume Giaprey U
266,ギアノスＵキャップ,Casquette Giaprey U
267,しろねこ服マスク,
268,くろねこ服マスク,
269,きんねこ服マスク,
270,ゴシックピアス,Piercing Gothic
271,ゴシックＦピアス,Piercing Gothic F
272,ベイルイヤリング,
273,コムラドヘルム【猩】,Heaume Camarade [猩]
274,ジストレルヘッド,Coiffe Jisutoreru
275,デュオヘルム,
276,スマートヘッド,
277,ストレングスヘッド,Coiffe Force
278,ブートアップヘッド,
279,ユウェネスヘッド,Coiffe Yuenesu
280,欠番,
281,欠番,
282,エアリアルヘッド,Coiffe Aérien
283,ジストヘッド,Coiffe Giste
284,欠番,
285,エクストラヘッド,
286,ウナペルトヘッド,
287,キューラーヘッド,Coiffe Kyuura
288,欠番,
289,欠番,
290,ラフねこ服マスク,
291,レックスヘルム,Heaume Tigrex
292,レックスキャップ,Casquette Tigrex
293,レックスＳヘルム,Heaume Tigrex S
294,レックスＳキャップ,Casquette Tigrex S
295,パピメルテスタ,
296,パピメルカブト,
297,パピメルＳテスタ,
298,パピメルＳカブト,
299,チャチャブーフェイク,
300,フェロウクレスト,
301,常連のピアス,Piercing Regular's
302,猟団員の証【耐】,
303,狩人のピアス【運搬】,
304,狩人のピアス【釣師】,
305,猟団員の証【鉄壁】,
306,メルホアＵフロール,
307,マカルパＵフード,
308,ビストロＵキャップ,
309,オウビートテスタ,
310,オウビートカブト,
311,オウビートＳテスタ,
312,オウビートＳカブト,
313,デスギアゲヒル,
314,デスギアゼレ,
315,デスギアＳゲヒル,
316,デスギアＳゼレ,
317,マフモフフード,
318,マフモフＳフード,
319,アカムトサクパケ,
320,アカムトサクイマキ,
321,クシャナＦアンク,
322,クシャナＦスーラ,
323,カイザーＦクラウン,
324,カイザーＦマスク,
325,ミヅハ魁【烏帽子】,
326,トヨタマ魁【烏帽子】,
327,金剛・魁【兜】,
328,不動・魁【兜】,
329,夜叉・魁【御面】,
330,修羅・魁【御面】,
331,エンプレスＦセクター,
332,エンプレスＦマスク,Masque Impératrice F
333,金色ノ添髪・魁,
334,黒子ノ面隠・魁,
335,ガルルガＦヘルム,Heaume Garuga F
336,ガルルガＦキャップ,Casquette Garuga F
337,クシャナＦアンク,
338,クシャナＦスーラ,
339,カイザーＦクラウン,
340,カイザーＦマスク,
341,ミヅハ魁【烏帽子】,
342,トヨタマ魁【烏帽子】,
343,金剛・魁【兜】,
344,不動・魁【兜】,
345,夜叉・魁【御面】,
346,修羅・魁【御面】,
347,エンプレスＦセクター,
348,エンプレスＦマスク,Masque Impératrice F
349,金色ノ添髪・魁,
350,黒子ノ面隠・魁,
351,ガルルガＦヘルム,Heaume Garuga F
352,ガルルガＦキャップ,Casquette Garuga F
353,ラヴァＵヘルム,Heaume Lavasioth U
354,ラヴァＵキャップ,Casquette Lavasioth U
355,ホワイトメタルピアス,Piercing Métal blanc
356,セレストピアス,Piercing Celeste
357,シエルイヤリング,
358,コムラダヘルム【赤】,Heaume Comrada [赤]
359,コムラダヘルム【青】,Heaume Comrada [青]
360,コムラダヘルム【緑】,Heaume Comrada [緑]
361,コムラダヘルム【橙】,Heaume Comrada [橙]
362,ケルビフェイク,
363,サンタ帽,
364,セフティＳピアス,Piercing Sûreté S
365,セフティＵピアス,Piercing Sûreté U
366,セフティピアス,Piercing Sûreté
367,セフティＦピアス,Piercing Sûreté F
368,トリビュートピアス,Piercing Tribut
369,ダミー,
370,ダミー,
371,エスピナゲヒル,
372,エスピナアゼレ,
373,エスピナＦゲヒル,
374,エスピナＦアゼレ,
375,アスールヘッド,Coiffe Azul
376,アスールウィッグ,
377,アメザリヘッド,Coiffe Amezari
378,アメザリキャップ,Casquette Amezari
379,プロミスヘッド【白】,Coiffe Promesse [白]
380,プロミスヘッド【青】,Coiffe Promesse [青]
381,プロミスヘッド【紫】,Coiffe Promesse [紫]
382,プロミスヘッド【黄】,Coiffe Promesse [黄]
383,ブリスヘッド【白】,Coiffe Félicité [白]
384,ブリスヘッド【青】,Coiffe Félicité [青]
385,ブリスヘッド【紫】,Coiffe Félicité [紫]
386,ブリスヘッド【黄】,Coiffe Félicité [黄]
387,ブリスＦヘッド【白】,Coiffe Félicité F [白]
388,ブリスＦヘッド【青】,Coiffe Félicité F [青]
389,ブリスＦヘッド【紫】,Coiffe Félicité F [紫]
390,ブリスＦヘッド【黄】,Coiffe Félicité F [黄]
391,ロジウェアヘッド,
392,エスピナスフェイク,
393,ノワールヘッド,
394,バトルキャップSP青,
395,バトルキャップSP黄,
396,バトルキャップSP紫,
397,レイアヘルムSP青,
398,レイアヘルムSP赤,
399,レイアヘルムSP黒,
400,フルフルヘルムSP青,
401,フルフルヘルムSP緑,
402,フルフルヘルムSP黒,
403,エスピナヘルムSP赤,
404,エスピナヘルムSP青,
405,エスピナヘルムSP黄,
406,エスピナキャップSP赤,
407,エスピナキャップSP青,
408,エスピナキャップSP黄,
409,ノワールピアス,
410,ガーディヘルムSP白,
411,ガーディヘルムSP黒,
412,ガーディヘルムSP紫,
413,ヒーラーグラスSP青,
414,ヒーラーグラスSP白,
415,ヒーラーグラスSP黄,
416,マフモフフードSP赤,
417,マフモフフードSP黄,
418,マフモフフードSP紫,
419,バサルキャップSP赤,
420,バサルキャップSP黒,
421,バサルキャップSP黄,
422,アプカルヘルム,Heaume Apkallu
423,アプカルキャップ,Casquette Apkallu
424,ゴスペルヘルム,
425,ゴスペルキャップ,
426,エスピナＵゲヒル,
427,エスピナＵアゼレ,
428,ブランゴヘルムSP黄,
429,ブランゴヘルムSP青,
430,ブランゴヘルムSP黒,
431,金色ノ添髪SP白,
432,金色ノ添髪SP紫,
433,金色ノ添髪SP緑,
434,グラビドキャップSP緑,
435,グラビドキャップSP紫,
436,グラビドキャップSP赤,
437,フェロウビコーヌ,
438,祭のあとに【勝ち猫】,
439,祭のあとに【勝ち猫】,
440,祭のあとに【勝ち猫】,
441,祭のあとに【勝ち猫】,
442,祭のあとに【勝ち猫】,
443,祭のあとに【勝ち猫】,
444,アクラヘルム,Heaume Akura
445,アクラヘルム黄,Heaume Akura jaune
446,アクラヘルム蒼,Heaume Akura azur
447,アクラヘルム紅,Heaume Akura cramoisi
448,アクラキャップ,Casquette Akura
449,アクラキャップ黄,Casquette Akura jaune
450,アクラキャップ蒼,Casquette Akura azur
451,アクラキャップ紅,Casquette Akura cramoisie
452,アクラＦヘルム,Heaume Akura F
453,アクラＦヘルム黄,Heaume Akura F jaune
454,アクラＦヘルム蒼,Heaume Akura F azur
455,アクラＦヘルム紅,Heaume Akura F cramoisi
456,アクラＦキャップ,Casquette Akura F
457,アクラＦキャップ黄,Casquette Akura F jaune
458,アクラＦキャップ蒼,Casquette Akura F azur
459,アクラＦキャップ紅,Casquette Akura F cramoisie
460,エクエスヘルム,Heaume Eques
461,エクエスキャップ,Casquette Eques
462,エクエスヘルム改,
463,エクエスキャップ改,
464,エクエスＦヘルム,Heaume Eques F
465,エクエスＦキャップ,Casquette Eques F
466,星祭の面・夏【赤】,
467,星祭の面・夏【青】,
468,星祭の面・夏【黒】,
469,星祭の面・夏【白】,
470,七夕の面・夏【赤】,
471,七夕の面・夏【青】,
472,七夕の面・夏【黒】,
473,七夕の面・夏【白】,
474,星祭の面・織【赤】,
475,星祭の面・織【青】,
476,星祭の面・織【黒】,
477,星祭の面・織【白】,
478,七夕の面・織【赤】,
479,七夕の面・織【青】,
480,七夕の面・織【黒】,
481,七夕の面・織【白】,
482,星祭の面・天【赤】,
483,星祭の面・天【青】,
484,星祭の面・天【黒】,
485,星祭の面・天【白】,
486,七夕の面・天【赤】,
487,七夕の面・天【青】,
488,七夕の面・天【黒】,
489,七夕の面・天【白】,
490,ハイメタヘルムSP黒,
491,ハイメタヘルムSP青,
492,ハイメタヘルムSP黄,
493,Ｓ・ソルヘルムSP赤,
494,Ｓ・ソルヘルムSP紫,
495,Ｓ・ソルヘルムSP黒,
496,ガルルガキャップSP白,
497,ガルルガキャップSP緑,
498,ガルルガキャップSP赤,
499,ルーキーヘルム【白】,Heaume Recrue [白]
500,ルーキーヘルム【赤】,Heaume Recrue [赤]
501,ルーキーヘルム【緑】,Heaume Recrue [緑]
502,ヒプノＳヘルム,Heaume Hypnoc S
503,ヒプノＳキャップ,Casquette Hypnoc S
504,祭のあとに【勝ち猫】,
505,祭のあとに【勝ち猫】,
506,祭のあとに【勝ち猫】,
507,祭のあとに【勝ち猫】,
508,祭のあとに【勝ち猫】,
509,祭のあとに【勝ち猫】,
510,祭のあとに【勝ち猫】,
511,祭のあとに【勝ち猫】,
512,祭のあとに【勝ち猫】,
513,祭のあとに【勝ち猫】,
514,祭のあとに【勝ち猫】,
515,祭のあとに【勝ち猫】,
516,祭のあとに【勝ち猫】,
517,祭のあとに【勝ち猫】,
518,祭のあとに【勝ち猫】,
519,祭のあとに【勝ち猫】,
520,祭のあとに【勝ち猫】,
521,祭のあとに【勝ち猫】,
522,祭のあとに【勝ち猫】,
523,祭のあとに【勝ち猫】,
524,祭のあとに【勝ち猫】,
525,祭のあとに【勝ち猫】,
526,祭のあとに【勝ち猫】,
527,祭のあとに【勝ち猫】,
528,戯曲の面・夏【白毛】,
529,戯曲の面・夏【茶虎】,
530,戯曲の面・夏【黒毛】,
531,戯曲の面・夏【白虎】,
532,戯曲の面・織【白毛】,
533,戯曲の面・織【茶虎】,
534,戯曲の面・織【黒毛】,
535,戯曲の面・織【白虎】,
536,戯曲の面・天【白毛】,
537,戯曲の面・天【茶虎】,
538,戯曲の面・天【黒毛】,
539,戯曲の面・天【白虎】,
540,アクラバレッタ,
541,プロギアヘッド,Coiffe Purogia
542,オラシオンヘッド,Coiffe Oracion
543,レクイエムヘッド,
544,フェロウクレストＦ,
545,ケルビフェイクＦ,
546,フェロウビコーヌＦ,
547,アクラＵヘルム,Heaume Akura U
548,アクラＵヘルム黄,Heaume Akura U jaune
549,アクラＵヘルム蒼,Heaume Akura U azur
550,アクラＵヘルム紅,Heaume Akura U cramoisi
551,アクラＵキャップ,Casquette Akura U
552,アクラＵキャップ黄,Casquette Akura U jaune
553,アクラＵキャップ蒼,Casquette Akura U azur
554,アクラＵキャップ紅,Casquette Akura U cramoisie
555,メランヘッド,Coiffe Melan
556,メランウィッグ,
557,ルージュピアス,
558,マギサヘッド・赤,Coiffe Magisa rouge
559,マギサヘッド・黒,Coiffe Magisa noire
560,マギサヘッド・緑,Coiffe Magisa verte
561,マギサヘッド・白,Coiffe Magisa blanche
562,マギサヘッド・青,Coiffe Magisa bleue
563,ウィザーハット・赤,Chapeau Wither rouge
564,ウィザーハット・黒,Chapeau Wither noir
565,ウィザーハット・緑,Chapeau Wither vert
566,ウィザーハット・白,Chapeau Wither blanc
567,ウィザーハット・青,Chapeau Wither bleu
568,マギサＦヘッド・赤,Coiffe Magisa F rouge
569,マギサＦヘッド・黒,Coiffe Magisa F noire
570,マギサＦヘッド・緑,Coiffe Magisa F verte
571,マギサＦヘッド・白,Coiffe Magisa F blanche
572,マギサＦヘッド・青,Coiffe Magisa F bleue
573,ウィザーＦハット・赤,Chapeau Wither F rouge
574,ウィザーＦハット・黒,Chapeau Wither F noir
575,ウィザーＦハット・緑,Chapeau Wither F vert
576,ウィザーＦハット・白,Chapeau Wither F blanc
577,ウィザーＦハット・青,Chapeau Wither F bleu
578,クロウリーヘッド・赤,
579,クロウリーヘッド・黒,
580,クロウリーヘッド・緑,
581,クロウリーヘッド・白,
582,クロウリーヘッド・青,
583,ファウストハット・赤,
584,ファウストハット・黒,
585,ファウストハット・緑,
586,ファウストハット・白,
587,ファウストハット・青,
588,クシャナアンクSP赤,
589,クシャナアンクSP黄,
590,クシャナアンクSP緑,
591,クシャナスーラSP赤,
592,クシャナスーラSP黄,
593,クシャナスーラSP緑,
594,キリンホーンSP赤,
595,キリンホーンSP紫,
596,キリンホーンSP黒,
597,キリンコルノSP赤,
598,キリンコルノSP紫,
599,キリンコルノSP黒,
600,ストレガヘルム,Heaume Strega
601,ストレガキャップ,Casquette Strega
602,ストレガヘルム改,
603,ストレガキャップ改,
604,ストレガＦヘルム,Heaume Strega F
605,ストレガＦキャップ,Casquette Strega F
606,フルフルＬヘルム,Heaume Khezu L
607,ガレオスＬヘルム,Heaume Cephalos L
608,ギザミＬヘルム,Heaume Ceanataur L
609,レウスＬヘルム,Heaume Rathalos L
610,マフモフＬフード,
611,あかねこ服マスク,
612,アミティエヘッド,Coiffe Amitie
613,アミティエハット,Chapeau Amitie
614,バサルＬキャップ,Casquette Basarios L
615,ゲリョスＬキャップ,Casquette Gypceros L
616,ガーディアンＲヘルム,Heaume Gardien R
617,ヒーラーＲヘッド,Coiffe Guérisseur R
618,ハンターＲヘルム,Heaume Hunter's R
619,リオハートＲヘルム,Heaume Rath R
620,ザザミＲヘルム,Heaume Hermitaur R
621,アミティエＦヘッド,Coiffe Amitie F
622,アミティエＦハット,Chapeau Amitie F
623,キューラーＦヘッド,Coiffe Kyuura F
624,ガーディアンＲテスタ,
625,ヒーラーＲベレー,
626,祭のあとに【勝ち猫】,
627,祭のあとに【勝ち猫】,
628,祭のあとに【勝ち猫】,
629,祭のあとに【勝ち猫】,
630,祭のあとに【勝ち猫】,
631,祭のあとに【勝ち猫】,
632,祭のあとに【勝ち猫】,
633,祭のあとに【勝ち猫】,
634,祭のあとに【勝ち猫】,
635,祭のあとに【勝ち猫】,
636,祭のあとに【勝ち猫】,
637,祭のあとに【勝ち猫】,
638,祭のあとに【勝ち猫】,
639,祭のあとに【勝ち猫】,
640,祭のあとに【勝ち猫】,
641,祭のあとに【勝ち猫】,
642,祭のあとに【勝ち猫】,
643,祭のあとに【勝ち猫】,
644,祭のあとに【勝ち猫】,
645,祭のあとに【勝ち猫】,
646,祭のあとに【勝ち猫】,
647,祭のあとに【勝ち猫】,
648,祭のあとに【勝ち猫】,
649,祭のあとに【勝ち猫】,
650,祭のあとに【勝ち猫】,
651,祭のあとに【勝ち猫】,
652,祭のあとに【勝ち猫】,
653,祭のあとに【勝ち猫】,
654,祭のあとに【勝ち猫】,
655,祭のあとに【勝ち猫】,
656,祭のあとに【勝ち猫】,
657,祭のあとに【勝ち猫】,
658,祭のあとに【勝ち猫】,
659,祭のあとに【勝ち猫】,
660,祭のあとに【勝ち猫】,
661,祭のあとに【勝ち猫】,
662,祭のあとに【勝ち猫】,
663,祭のあとに【勝ち猫】,
664,祭のあとに【勝ち猫】,
665,祭のあとに【勝ち猫】,
666,祭のあとに【勝ち猫】,
667,祭のあとに【勝ち猫】,
668,祭のあとに【勝ち猫】,
669,祭のあとに【勝ち猫】,
670,祭のあとに【勝ち猫】,
671,祭のあとに【勝ち猫】,
672,祭のあとに【勝ち猫】,
673,祭のあとに【勝ち猫】,
674,祭のあとに【勝ち猫】,
675,祭のあとに【勝ち猫】,
676,祭のあとに【勝ち猫】,
677,祭のあとに【勝ち猫】,
678,祭のあとに【勝ち猫】,
679,祭のあとに【勝ち猫】,
680,祭のあとに【勝ち猫】,
681,祭のあとに【勝ち猫】,
682,祭のあとに【勝ち猫】,
683,祭のあとに【勝ち猫】,
684,祭のあとに【勝ち猫】,
685,祭のあとに【勝ち猫】,
686,クアッドヘルムＣ,
687,クアッドヘルム,
688,イーリスピアスSP,
689,ベルヘルム,Heaume Beru
690,ベルキャップ,Casquette Beru
691,ベルＦヘルム,Heaume Beru F
692,ベルＦキャップ,Casquette Beru F
693,リアンヘッド・青,Coiffe Rian bleue
694,リアンハット・青,Chapeau Rian bleu
695,リアンヘッド・赤,Coiffe Rian rouge
696,リアンハット・赤,Chapeau Rian rouge
697,リアンヘッド・黒,Coiffe Rian noire
698,リアンハット・黒,Chapeau Rian noir
699,リアンヘッド・白,Coiffe Rian blanche
700,リアンハット・白,Chapeau Rian blanc
701,リアンＦヘッド・青,Coiffe Rian F bleue
702,リアンＦハット・青,Chapeau Rian F bleu
703,リアンＦヘッド・赤,Coiffe Rian F rouge
704,リアンＦハット・赤,Chapeau Rian F rouge
705,リアンＦヘッド・黒,Coiffe Rian F noire
706,リアンＦハット・黒,Chapeau Rian F noir
707,リアンＦヘッド・白,Coiffe Rian F blanche
708,リアンＦハット・白,Chapeau Rian F blanc
709,カイザークラウンSP白,
710,カイザークラウンSP黒,
711,カイザークラウンSP緑,
712,カイザーマスクSP白,
713,カイザーマスクSP黒,
714,カイザーマスクSP緑,
715,ザザミヘルムSP青,
716,ザザミヘルムSP白,
717,ザザミヘルムSP紫,
718,クックＬヘルム,Heaume Kut-Ku L
719,ゲリョスＬヘルム,Heaume Gypceros L
720,イーオスＬヘルム,Heaume Ioprey L
721,レイアＬヘルム,Heaume Rathian L
722,バサルＬヘルム,Heaume Basarios L
723,レウスＬキャップ,Casquette Rathalos L
724,モノブロスＬキャップ,Casquette Monoblos L
725,メルホアＲフロール,
726,ハイメタＲヘルム,
727,ディアブロＲヘルム,Heaume Diablos R
728,ブランゴＲヘルム,Heaume Blango R
729,ラヴァＲヘルム,Heaume Lavasioth R
730,ギアノスＲキャップ,Casquette Giaprey R
731,バトルＲキャップ,Casquette Bataille R
732,ヒプノルータヘッド,
733,ヒプノルータピアス,
734,ガルーダヘッド,Coiffe Garuda
735,ガルーダピアス,Piercing Garuda
736,ベルバレッタ,
737,ハイメタＵヘルム・金,
738,ハイメタＵヘルム・銀,
739,ハイメタＵヘルム・銅,
740,ベルバレッタＦ,
741,ウナペルトＦヘッド,
742,あかねこ服Ｆマスク,
743,エクストラＦヘッド,
744,パピメルＬテスタ,
745,ヒプノＲヘルム,Heaume Hypnoc R
746,ディジギアヘッド,Coiffe Digi
747,プリエールヘッド,Coiffe Priere
748,サルバシオンヘッド,Coiffe Salvacion
749,シカリの髪当て,
750,シカリの髪当て・魁,
751,Ｇ・ガードＲロポス蒼,
752,アルマヘッド・黒,Coiffe Alma noire
753,アルマハット・黒,Chapeau Alma noir
754,アルマヘッド・白,Coiffe Alma blanche
755,アルマハット・白,Chapeau Alma blanc
756,アルマヘッド・青,Coiffe Alma bleue
757,アルマハット・青,Chapeau Alma bleu
758,アルマヘッド・茶,Coiffe Alma brune
759,アルマハット・茶,Chapeau Alma brun
760,オルデンヘッド,Coiffe Orden
761,オルデンハット,Chapeau Orden
762,アルマＦヘッド・黒,Coiffe Alma F noire
763,アルマＦハット・黒,Chapeau Alma F noir
764,アルマＦヘッド・白,Coiffe Alma F blanche
765,アルマＦハット・白,Chapeau Alma F blanc
766,アルマＦヘッド・青,Coiffe Alma F bleue
767,アルマＦハット・青,Chapeau Alma F bleu
768,アルマＦヘッド・茶,Coiffe Alma F brune
769,アルマＦハット・茶,Chapeau Alma F brun
770,オルデンＦヘッド,Coiffe Orden F
771,オルデンＦハット,Chapeau Orden F
772,エス・クェラヘッド,Coiffe Es
773,エス・クェラピアス,Piercing Es
774,パンデウムヘッド,Coiffe Pandeum
775,パンデウムピアス,Piercing Pandeum
776,Ｇ・ガードロポスSP黒,
777,Ｇ・ガードロポスSP白,
778,Ｇ・ガードロポスSP紫,
779,しろねこ服Ｆマスク,
780,デスギアＬゲヒル,
781,クロオビＬヘルム,
782,バトルＬヘルム,Heaume Bataille L
783,レックスＬヘルム,Heaume Tigrex L
784,フルフルＲヘルム,Heaume Khezu R
785,リオソウルＲヘルム,Heaume Rath R
786,ギアノスＲヘルム,Heaume Giaprey R
787,Ｇ・ガードＲハット蒼,
788,フルフルＬキャップ,Casquette Khezu L
789,イーオスＲキャップ,Casquette Ioprey R
790,猟団員の証【運走】,
791,猟団員の証【強援】,
792,キリンコルノ【紺青】,
793,キリンコルノ【青藍】,
794,Ｇ・ガードハットSP黒,
795,Ｇ・ガードハットSP白,
796,Ｇ・ガードハットSP紫,
797,アルマピアス・黒,Piercing Alma noir
798,アルマハール・黒,Chevelure Alma noire
799,アルマピアス・白,Piercing Alma blanc
800,アルマハール・白,Chevelure Alma blanche
801,アルマピアス・青,Piercing Alma bleu
802,アルマハール・青,Chevelure Alma bleue
803,アルマピアス・茶,Piercing Alma brun
804,アルマハール・茶,Chevelure Alma brune
805,オルデンピアス,Piercing Orden
806,オルデンハール,Chevelure Orden
807,アルマＦピアス・黒,Piercing Alma F noir
808,アルマＦハール・黒,Chevelure Alma F noire
809,アルマＦピアス・白,Piercing Alma F blanc
810,アルマＦハール・白,Chevelure Alma F blanche
811,アルマＦピアス・青,Piercing Alma F bleu
812,アルマＦハール・青,Chevelure Alma F bleue
813,アルマＦピアス・茶,Piercing Alma F brun
814,アルマＦハール・茶,Chevelure Alma F brune
815,オルデンＦピアス,Piercing Orden F
816,オルデンＦハール,Chevelure Orden F
817,プロクスピアス,Piercing Purokusu
818,プロクスＦピアス,Piercing Purokusu F
819,クレネスピアス,Piercing Kurenesu
820,クレネスＦピアス,Piercing Kurenesu F
821,スィーニピアス,Piercing Suini
822,スィーニＦピアス,Piercing Suini F
823,グラースハール,Chevelure Guraasu
824,グラースＦハール,Chevelure Guraasu F
825,フォルトゥピアス,Piercing Forutu
826,フォルトゥＦピアス,Piercing Forutu F
827,ファキルピアス,Piercing Fakiru
828,ファキルＦピアス,Piercing Fakiru F
829,バラバンピアス,Piercing Baraban
830,バラバンＦピアス,Piercing Baraban F
831,スフェラハール,Chevelure Sufera
832,スフェラＦハール,Chevelure Sufera F
833,パリアヘルム,Heaume Paria
834,パリアＦヘルム,Heaume Paria F
835,パリアキャップ,Casquette Paria
836,パリアＦキャップ,Casquette Paria F
837,ヒプノリアヘッド,Coiffe Hypnolia
838,ヒプノリアピアス,Piercing Hypnolia
839,フィアラルヘッド,Coiffe Féral
840,フィアラルピアス,Piercing Féral
841,鬼神ノ角,
842,ラスタ教官頭,
843,童子ノ角,
844,ダミー,
845,イクスピアス・白,Piercing Ix blanc
846,イクスＦピアス・白,Piercing Ix F blanc
847,イクスハール・白,Chevelure Ix blanche
848,イクスＦハール・白,Chevelure Ix F blanche
849,イクスピアス・赤,Piercing Ix rouge
850,イクスＦピアス・赤,Piercing Ix F rouge
851,イクスハール・赤,Chevelure Ix rouge
852,イクスＦハール・赤,Chevelure Ix F rouge
853,イクスピアス・青,Piercing Ix bleu
854,イクスＦピアス・青,Piercing Ix F bleu
855,イクスハール・青,Chevelure Ix bleue
856,イクスＦハール・青,Chevelure Ix F bleue
857,イクスピアス・黒,Piercing Ix noir
858,イクスＦピアス・黒,Piercing Ix F noir
859,イクスハール・黒,Chevelure Ix noire
860,イクスＦハール・黒,Chevelure Ix F noire
861,トランスピアス,Piercing Transe
862,トランスＦピアス,Piercing Transe F
863,トランスハール,Chevelure Transe
864,トランスＦハール,Chevelure Transe F
865,ミヅハ【帽子】SP青,
866,ミヅハ【帽子】SP赤,
867,ミヅハ【帽子】SP黄,
868,トヨタマ【帽子】SP青,
869,トヨタマ【帽子】SP赤,
870,トヨタマ【帽子】SP黄,
871,暁丸【兜】SP赤,
872,暁丸【兜】SP紫,
873,暁丸【兜】SP白,
874,凛【鉢金】SP黒,
875,凛【鉢金】SP紫,
876,凛【鉢金】SP白,
877,ラヴァーズピアス,Piercing Lovers
878,ラヴァーズＦピアス,Piercing Lovers F
879,アミーゴピアス・赤,
880,アミーゴＦピアス・赤,
881,アミーゴピアス・青,
882,アミーゴＦピアス・青,
883,アミーゴピアス・黄,
884,アミーゴＦピアス・黄,
885,アミーゴピアス・緑,
886,アミーゴＦピアス・緑,
887,アイルーのネコミミ,
888,アイルーのネコミミＦ,
889,パリアバレッタ,
890,パリアバレッタＦ,
891,衝撃のピアス,
892,射手のピアス,Piercing Marksman's
893,先見のピアス,
894,捨身のピアス,
895,慈愛のピアス,
896,ハンターＬヘルム,Heaume Hunter's L
897,キリンＬホーン,
898,モノブロスＬヘルム,Heaume Monoblos L
899,ディアブロＬヘルム,Heaume Diablos L
900,グラビドＬヘルム,Heaume Gravios L
901,ランゴＬヘルム,Heaume Vespoid L
902,バサルＲヘルム,Heaume Basarios R
903,Ｇ・ガードＲマスク蒼,
904,Ｇ・ガードＲピアス蒼,
905,モノデビルＲヘルム,Heaume Monodevil R
906,タロスＲヘルム,Heaume Hornetaur R
907,ギザミＲヘルム,Heaume Ceanataur R
908,ブランゴＬキャップ,Casquette Blango L
909,ガノスＬキャップ,Casquette Plesioth L
910,フルフルＲキャップ,Casquette Khezu R
911,グラビドＲキャップ,Casquette Gravios R
912,ヴァイスゲヒル,
913,ヴァイスアゼレ,
914,エスピナＲゲヒル,
915,レックスＬキャップ,Casquette Tigrex L
916,ガンズヘッド,Coiffe Guns
917,ワイルドヘッド,Coiffe Sauvage
918,ガンズピアス,Piercing Guns
919,ワイルドピアス,Piercing Sauvage
920,エコールヘッド,Coiffe Ecole
921,ディアンヘッド,Coiffe Dian
922,エコールピアス,Piercing Ecole
923,ディアンピアス,Piercing Dian
924,ＣｏｒｅヘルムＣ,
925,ＣｏｒｅキャップＣ,
926,Ｃｏｒｅヘルム,Heaume Core
927,Ｃｏｒｅキャップ,Casquette Core
928,アネシスヘルム,Heaume Aneshisu
929,アネシスキャップ,Casquette Aneshisu
930,クラージヘルム,Heaume Kuraaji
931,クラージヘルム改,
932,クラージＦヘルム,Heaume Kuraaji F
933,クラージキャップ,Casquette Kuraaji
934,クラージキャップ改,
935,クラージＦキャップ,Casquette Kuraaji F
936,キノスヘルム,Heaume Kinosu
937,ヒメロスヘルム,Heaume Himeros
938,ブレシスヘルム,Heaume Bureshisu
939,カリエンキャップ,Casquette Charien
940,アリエッタヘッド,Coiffe Arietta
941,テンペストヘッド,Coiffe Tempête
942,ヴェントピアス,Piercing Vento
943,ミストラルピアス,
944,アークヘルム,
945,アークキャップ,
946,リオデュオヘルム,Heaume Rath
947,リオデュオキャップ,Casquette Rath
948,シャランヘッド・青,Coiffe Sharan bleue
949,シャランＦヘッド・青,Coiffe Sharan F bleue
950,シャランハット・青,Chapeau Sharan bleu
951,シャランＦハット・青,Chapeau Sharan F bleu
952,シャランヘッド・緑,Coiffe Sharan verte
953,シャランＦヘッド・緑,Coiffe Sharan F verte
954,シャランハット・緑,Chapeau Sharan vert
955,シャランＦハット・緑,Chapeau Sharan F vert
956,シャランヘッド・紫,Coiffe Sharan violette
957,シャランＦヘッド・紫,Coiffe Sharan F violette
958,シャランハット・紫,Chapeau Sharan violet
959,シャランＦハット・紫,Chapeau Sharan F violet
960,シャランヘッド・白,Coiffe Sharan blanche
961,シャランＦヘッド・白,Coiffe Sharan F blanche
962,シャランハット・白,Chapeau Sharan blanc
963,シャランＦハット・白,Chapeau Sharan F blanc
964,ルクスヘッド,
965,ルクスＦヘッド,
966,ルクスハット,
967,ルクスＦハット,
968,レアルヘッド・白,Coiffe Real blanche
969,レアルＦヘッド・白,Coiffe Real F blanche
970,レアルマスク・白,Masque Real blanc
971,レアルＦマスク・白,Masque Real F blanc
972,レアルヘッド・金,Coiffe Real dorée
973,レアルＦヘッド・金,Coiffe Real F dorée
974,レアルマスク・金,Masque Real doré
975,レアルＦマスク・金,Masque Real F doré
976,レアルヘッド・青,Coiffe Real bleue
977,レアルＦヘッド・青,Coiffe Real F bleue
978,レアルマスク・青,Masque Real bleu
979,レアルＦマスク・青,Masque Real F bleu
980,レアルヘッド・赤,Coiffe Real rouge
981,レアルＦヘッド・赤,Coiffe Real F rouge
982,レアルマスク・赤,Masque Real rouge
983,レアルＦマスク・赤,Masque Real F rouge
984,レギスヘッド,Coiffe Regis
985,レギスＦヘッド,Coiffe Regis F
986,レギスマスク,Masque Regis
987,レギスＦマスク,Masque Regis F
988,コムラドヘルム【葉】,Heaume Camarade [葉]
989,コムラドヘルム【柑】,Heaume Camarade [柑]
990,コムラドヘルム【冷】,Heaume Camarade [冷]
991,ギザミキャップSP赤,
992,ギザミキャップSP黒,
993,ギザミキャップSP黄,
994,ガブラスフェイクSP白,
995,ガブラスフェイクSP黄,
996,ガブラスフェイクSP黒,
997,Ｇ・ナイトマスクSP赤,
998,Ｇ・ナイトマスクSP青,
999,Ｇ・ナイトマスクSP紫,
1000,ＰＶグラスSP赤,
1001,ＰＶグラスSP青,
1002,ＰＶグラスSP紫,
1003,ザザミＬヘルム,Heaume Hermitaur L
1004,ハイメタＬヘルム,
1005,ラヴァＬヘルム,Heaume Lavasioth L
1006,ボーンＬヘルム,Heaume Os L
1007,タロスＬヘルム,Heaume Hornetaur L
1008,Ｇ・ガードＲロポス紅,
1009,Ｇ・ガードＲハット紅,
1010,ヘルパーＲフード,
1011,バトルＲヘルム,Heaume Bataille R
1012,ガレオスＲヘルム,Heaume Cephalos R
1013,ボーンＲヘルム,Heaume Os R
1014,イーオスＬキャップ,Casquette Ioprey L
1015,ギザミＬキャップ,Casquette Ceanataur L
1016,リオハートＲキャップ,Casquette Rath R
1017,ボーンＲキャップ,Casquette Os R
1018,ブランピアス,Piercing Buran
1019,ブランヘッド,Coiffe Buran
1020,キリンベルデ,
1021,キリンベルデＦ,
1022,キリンルフス,
1023,キリンルフスＦ,
1024,キリンアピリ,
1025,キリンアピリＦ,
1026,アクラコサージュ,
1027,アクラコサージュＦ,
1028,ベルコサージュ,
1029,ベルコサージュＦ,
1030,シロオビヘルム,
1031,神楽【兜】,
1032,神楽・覇【兜】,
1033,神座【鉢金】,
1034,神座・覇【鉢金】,
1035,アスハルテヘッド,Coiffe Ashalt
1036,アスハルテマスク,Masque Ashalt
1037,ロークヘルム,
1038,ロークキャップ,
1039,ソルダートヘッド,Coiffe Soldato
1040,ゲイブルヘッド,
1041,ソルダートマスク,Masque Soldato
1042,ゲイブルマスク,
1043,ウィダヘッド,Coiffe Uida
1044,スティーダヘッド,
1045,ウィダマスク,Masque Uida
1046,スティーダマスク,
1047,アグリアヘッド,Coiffe Agria
1048,フラウアヘッド,Coiffe Fleur
1049,アグリアピアス,Piercing Agria
1050,フラウアピアス,Piercing Fleur
1051,フォーヴヘッド,Coiffe Fauve
1052,フィアスヘッド,Coiffe Fias
1053,フォーヴピアス,Piercing Fauve
1054,フィアスピアス,Piercing Fias
1055,フィデルピアス,
1056,フィデルＦピアス,
1057,ファクトピアス,
1058,ファクトＦピアス,
1059,シュロスピアス,
1060,シュロスＦピアス,
1061,アエトスハール,
1062,アエトスＦハール,
1063,ヴェルスピアス,
1064,ヴェルスＦピアス,
1065,フラントピアス,
1066,フラントＦピアス,
1067,セリューピアス,Piercing Serieux
1068,セリューＦピアス,Piercing Serieux F
1069,ウェネスハール,
1070,ウェネスＦハール,
1071,フェルムヘッド・黒,Coiffe Ferm noire
1072,フェルムＦヘッド・黒,Coiffe Ferm F noire
1073,フェルムマスク・黒,Masque Ferm noir
1074,フェルムＦマスク・黒,Masque Ferm F noir
1075,フェルムヘッド・赤,Coiffe Ferm rouge
1076,フェルムＦヘッド・赤,Coiffe Ferm F rouge
1077,フェルムマスク・赤,Masque Ferm rouge
1078,フェルムＦマスク・赤,Masque Ferm F rouge
1079,フェルムヘッド・白,Coiffe Ferm blanche
1080,フェルムＦヘッド・白,Coiffe Ferm F blanche
1081,フェルムマスク・白,Masque Ferm blanc
1082,フェルムＦマスク・白,Masque Ferm F blanc
1083,フェルムヘッド・青,Coiffe Ferm bleue
1084,フェルムＦヘッド・青,Coiffe Ferm F bleue
1085,フェルムマスク・青,Masque Ferm bleu
1086,フェルムＦマスク・青,Masque Ferm F bleu
1087,リエーザヘッド,
1088,リエーザＦヘッド,
1089,リエーザマスク,
1090,リエーザＦマスク,
1091,クレールヘッド・紫,Coiffe Clair violette
1092,クレールＦヘッド・紫,Coiffe Clair F violette
1093,クレールピアス・紫,Piercing Clair violet
1094,クレールＦピアス・紫,Piercing Clair F violet
1095,クレールヘッド・水,
1096,クレールＦヘッド・水,
1097,クレールピアス・水,
1098,クレールＦピアス・水,
1099,クレールヘッド・赤,Coiffe Clair rouge
1100,クレールＦヘッド・赤,Coiffe Clair F rouge
1101,クレールピアス・赤,Piercing Clair rouge
1102,クレールＦピアス・赤,Piercing Clair F rouge
1103,クレールヘッド・黒,Coiffe Clair noire
1104,クレールＦヘッド・黒,Coiffe Clair F noire
1105,クレールピアス・黒,Piercing Clair noir
1106,クレールＦピアス・黒,Piercing Clair F noir
1107,デゼールヘッド,Coiffe Désert
1108,デゼールＦヘッド,Coiffe Désert F
1109,デゼールピアス,Piercing Désert
1110,デゼールＦピアス,Piercing Désert F
1111,エンプレスヘッドSP赤,
1112,エンプレスヘッドSP黄,
1113,エンプレスヘッドSP紫,
1114,エンプレスマスクSP赤,
1115,エンプレスマスクSP黄,
1116,エンプレスマスクSP紫,
1117,ランゴヘルムSP黄,
1118,ランゴヘルムSP黒,
1119,ランゴヘルムSP青,
1120,コムラダＬヘルム・赤,Heaume Comrada L rouge
1121,コムラダＬヘルム・青,Heaume Comrada L bleu
1122,コムラダＬヘルム・緑,Heaume Comrada L vert
1123,コムラダＬヘルム・橙,Heaume Comrada L orange
1124,コムラダＲヘルム・赤,Heaume Comrada R rouge
1125,コムラダＲヘルム・青,Heaume Comrada R bleu
1126,コムラダＲヘルム・緑,Heaume Comrada R vert
1127,コムラダＲヘルム・橙,Heaume Comrada R orange
1128,バトルＬキャップ,Casquette Bataille L
1129,グラビドＬキャップ,Casquette Gravios L
1130,ハンターＲキャップ,Casquette Hunter's R
1131,ランゴＲキャップ,Casquette Vespoid R
1132,ガロンバレッタ,
1133,ガロンバレッタＦ,
1134,猟団員の証【猪突】,
1135,猟団員の証【狙撃】,
1136,チューヨ,
1137,チューヨＦ,
1138,ヴィリヴラヘッド,
1139,アングリフヘッド,Coiffe Angriff
1140,ヴィリヴラマスク,
1141,アングリフマスク,Masque Angriff
1142,シュッツヘッド,Coiffe Schutz
1143,ヒルフェヘッド,Coiffe Hilfe
1144,シュッツマスク,Masque Schutz
1145,ヒルフェマスク,Masque Hilfe
1146,マカルパＲフード,
1147,ラヴィヘッド,Coiffe Raviente
1148,ラヴィＦヘッド,Coiffe Raviente F
1149,ラヴィFXヘッド,Coiffe Raviente FX
1150,ラヴィキャップ,Casquette Raviente
1151,ラヴィＦキャップ,Casquette Raviente F
1152,ラヴィFXキャップ,Casquette Raviente FX
1153,アナキヘッド,
1154,アナキバンド,
1155,ハーヴェストヘッド,Coiffe Moisson
1156,ハーヴェストピアス,Piercing Moisson
1157,クラフトヘッド,
1158,クラフトＦヘッド,
1159,クラフトピアス,
1160,クラフトＦピアス,
1161,ルディアヘッド,Coiffe Ledia
1162,ルディアＦヘッド,Coiffe Ledia F
1163,ルディアピアス,Piercing Ledia
1164,ルディアＦピアス,Piercing Ledia F
1165,ティーアヘッド,
1166,ヴィルトヘッド,Coiffe Viruto
1167,ティーアピアス,
1168,ヴィルトピアス,Piercing Viruto
1169,ミューズヘッド,
1170,テューンヘッド,
1171,ゼーレピアス,
1172,シュナイトピアス,Piercing Schnite
1173,アセルスヘッド,
1174,アセルスＦヘッド,
1175,スクラヘッド,
1176,スクラＦヘッド,
1177,ファルムヘッド,
1178,ファルムＦヘッド,
1179,ディゼルハット,
1180,ディゼルＦハット,
1181,スディブヘッド,
1182,スディブＦヘッド,
1183,フィブラヘッド,
1184,フィブラＦヘッド,
1185,リガスヘッド,
1186,リガスＦヘッド,
1187,ミーツェハット,
1188,ミーツェＦハット,
1189,メレティヘッド・白,Coiffe Meleti blanche
1190,メレティＦヘッド・白,Coiffe Meleti F blanche
1191,メレティハット・白,Chapeau Meleti blanc
1192,メレティＦハット・白,Chapeau Meleti F blanc
1193,メレティヘッド・赤,Coiffe Meleti rouge
1194,メレティＦヘッド・赤,Coiffe Meleti F rouge
1195,メレティハット・赤,Chapeau Meleti rouge
1196,メレティＦハット・赤,Chapeau Meleti F rouge
1197,メレティヘッド・青,Coiffe Meleti bleue
1198,メレティＦヘッド・青,Coiffe Meleti F bleue
1199,メレティハット・青,Chapeau Meleti bleu
1200,メレティＦハット・青,Chapeau Meleti F bleu
1201,メレティヘッド・黒,Coiffe Meleti noire
1202,メレティＦヘッド・黒,Coiffe Meleti F noire
1203,メレティハット・黒,Chapeau Meleti noir
1204,メレティＦハット・黒,Chapeau Meleti F noir
1205,ゲレールヘッド,
1206,ゲレールＦヘッド,
1207,レーラーヘッド,
1208,レーラーＦヘッド,
1209,フェサーヘッド,
1210,フェサーＦヘッド,
1211,シアンスハット,
1212,シアンスＦハット,
1213,ゴルトヘルム・赤,Heaume Gold rouge
1214,ゴルトＦヘルム・赤,Heaume Gold F rouge
1215,ゴルトマスク・赤,Masque Gold rouge
1216,ゴルトＦマスク・赤,Masque Gold F rouge
1217,ゴルトヘルム・青,Heaume Gold bleu
1218,ゴルトＦヘルム・青,Heaume Gold F bleu
1219,ゴルトマスク・青,Masque Gold bleu
1220,ゴルトＦマスク・青,Masque Gold F bleu
1221,ゴルトヘルム・黄,Heaume Gold jaune
1222,ゴルトＦヘルム・黄,Heaume Gold F jaune
1223,ゴルトマスク・黄,Masque Gold jaune
1224,ゴルトＦマスク・黄,Masque Gold F jaune
1225,ゴルトヘルム・紫,Heaume Gold violet
1226,ゴルトＦヘルム・紫,Heaume Gold F violet
1227,ゴルトマスク・紫,Masque Gold violet
1228,ゴルトＦマスク・紫,Masque Gold F violet
1229,シデロヘルム,
1230,シデロＦヘルム,
1231,オールヘルム,
1232,オールＦヘルム,
1233,メタロヘルム,
1234,メタロＦヘルム,
1235,アルジャマスク,
1236,アルジャＦマスク,
1237,エスピナFXゲヒル,
1238,エスピナFXアゼレ,
1239,,
1240,エクストヘルム,
1241,エクストヘルムＣ,
1242,エクストキャップ,
1243,エクストキャップＣ,
1244,デスギアゲヒルSP白,
1245,デスギアゲヒルSP赤,
1246,デスギアゲヒルSP青,
1247,ディアブロヘルムSP紫,
1248,ディアブロヘルムSP青,
1249,ディアブロヘルムSP黄,
1250,マカルパフードSP緑,
1251,マカルパフードSP青,
1252,マカルパフードSP黒,
1253,ドラゴンＬフェイス,
1254,キリンＬコルノ,
1255,ザザミＬキャップ,Casquette Hermitaur L
1256,ボーンＬキャップ,Casquette Os L
1257,ランゴＬキャップ,Casquette Vespoid L
1258,ディアブロＬキャップ,Casquette Diablos L
1259,Ｇ・ガードＲマスク紅,
1260,Ｇ・ガードＲピアス紅,
1261,タロスＲキャップ,Casquette Hornetaur R
1262,ハイメタＲキャップ,
1263,リオソウルＲキャップ,Casquette Rath R
1264,ブランゴＬヘルム,Heaume Blango L
1265,ガノスＬヘルム,Heaume Plesioth L
1266,グラビドＲヘルム,Heaume Gravios R
1267,イーオスＲヘルム,Heaume Ioprey R
1268,紅霞の眼鏡,
1269,紅霞の眼鏡Ｆ,
1270,蒼穹の眼鏡,
1271,蒼穹の眼鏡Ｆ,
1272,翠霞の眼鏡,
1273,翠霞の眼鏡Ｆ,
1274,マーレピアス,
1275,マーレピアスＦ,
1276,スカイピアス,Piercing Ciel
1277,スカイピアスＦ,
1278,ランドピアス,
1279,ランドピアスＦ,
1280,ラヴィバレッタ,
1281,ラヴィバレッタＦ,
1282,フェロウベレー・白,
1283,フェロウベレーＦ・白,
1284,フェロウベレー・赤,
1285,フェロウベレーＦ・赤,
1286,フェロウベレー・緑,
1287,フェロウベレーＦ・緑,
1288,フェロウベレー・紫,
1289,フェロウベレーＦ・紫,
1290,稲荷【兜】,
1291,稲荷・覇【兜】,
1292,玉藻【御面】,
1293,玉藻・覇【御面】,
1294,稲荷【烏帽子】,
1295,稲荷・覇【烏帽子】,
1296,玉藻【覆面】,
1297,玉藻・覇【覆面】,
1298,コカロヘルム,
1299,コカロキャップ,
1300,シエリーヘルム,Heaume Shieri
1301,シエリーＦヘルム,Heaume Shieri F
1302,シエリーキャップ,Casquette Shieri
1303,シエリーＦキャップ,Casquette Shieri F
1304,ハルバダーヘッド,Coiffe Harubadaa
1305,ハルバダーＦヘッド,Coiffe Harubadaa F
1306,トラッカーキャップ,Casquette Traqueur
1307,トラッカーＦキャップ,Casquette Traqueur F
1308,ザーカーヘッド,Coiffe Zaakaa
1309,ザーカーＦヘッド,Coiffe Zaakaa F
1310,チェイサーキャップ,Casquette Poursuivant
1311,チェイサーＦキャップ,Casquette Poursuivant F
1312,ロイヤルヘッド,
1313,ロイヤルＦヘッド,
1314,ロードキャップ,
1315,ロードＦキャップ,
1316,ディクトヘッド,Coiffe Dicto
1317,ディクトＦヘッド,Coiffe Dicto F
1318,ディレットピアス,Piercing Diletto
1319,ディレットＦピアス,Piercing Diletto F
1320,クリュスヘッド,Coiffe Kruss
1321,クリュスＦヘッド,Coiffe Kruss F
1322,クォートピアス,
1323,クォートＦピアス,
1324,ウルバヌヘルム,
1325,ウルバヌＦヘルム,
1326,マグヌスヘルム,
1327,マグヌスＦヘルム,
1328,ソレルスヘルム,
1329,ソレルスＦヘルム,
1330,パルフェマスク,
1331,パルフェＦマスク,
1332,アスティヘルム,
1333,アスティＦヘルム,
1334,アガトンヘルム,
1335,アガトンＦヘルム,
1336,ランプロヘルム,
1337,ランプロＦヘルム,
1338,ソフィスマスク,
1339,ソフィスＦマスク,
1340,アリストヘッド・青,Coiffe Aristo bleue
1341,アリストＦヘッド・青,Coiffe Aristo F bleue
1342,アリストマスク・青,Masque Aristo bleu
1343,アリストＦマスク・青,Masque Aristo F bleu
1344,アリストヘッド・白,Coiffe Aristo blanche
1345,アリストＦヘッド・白,Coiffe Aristo F blanche
1346,アリストマスク・白,Masque Aristo blanc
1347,アリストＦマスク・白,Masque Aristo F blanc
1348,アリストヘッド・紫,Coiffe Aristo violette
1349,アリストＦヘッド・紫,Coiffe Aristo F violette
1350,アリストマスク・紫,Masque Aristo violet
1351,アリストＦマスク・紫,Masque Aristo F violet
1352,アリストヘッド・赤,Coiffe Aristo rouge
1353,アリストＦヘッド・赤,Coiffe Aristo F rouge
1354,アリストマスク・赤,Masque Aristo rouge
1355,アリストＦマスク・赤,Masque Aristo F rouge
1356,ビリスフェイス,
1357,ビリスＦフェイス,
1358,ギエールフェイス,
1359,ギエールＦフェイス,
1360,カウントフェイス,
1361,カウントＦフェイス,
1362,フュルスマスク,
1363,フュルスＦマスク,
1364,テクストヘッド・紫,Coiffe Texte violette
1365,テクストＦヘッド・紫,Coiffe Texte F violette
1366,テクストマスク・紫,Masque Texte violet
1367,テクストＦマスク・紫,Masque Texte F violet
1368,テクストヘッド・緑,Coiffe Texte verte
1369,テクストＦヘッド・緑,Coiffe Texte F verte
1370,テクストマスク・緑,Masque Texte vert
1371,テクストＦマスク・緑,Masque Texte F vert
1372,テクストヘッド・青,Coiffe Texte bleue
1373,テクストＦヘッド・青,Coiffe Texte F bleue
1374,テクストマスク・青,Masque Texte bleu
1375,テクストＦマスク・青,Masque Texte F bleu
1376,テクストヘッド・黒,Coiffe Texte noire
1377,テクストＦヘッド・黒,Coiffe Texte F noire
1378,テクストマスク・黒,Masque Texte noir
1379,テクストＦマスク・黒,Masque Texte F noir
1380,パスマフェイス,
1381,パスマＦフェイス,
1382,フィーブルフェイス,
1383,フィーブルＦフェイス,
1384,ヴァラクフェイス,
1385,ヴァラクＦフェイス,
1386,ネウロンマスク,
1387,ネウロンＦマスク,
1388,アージェヘッド,Coiffe Arge
1389,アージェＦヘッド,Coiffe Arge F
1390,アージェハット,Chapeau Arge
1391,アージェＦハット,Chapeau Arge F
1392,アカムトサクパケSP黒,
1393,アカムトサクパケSP赤,
1394,アカムトサクパケSP白,
1395,アカムトリクンSP黒,
1396,アカムトリクンSP赤,
1397,アカムトリクンSP白,
1398,グラビドヘルムSP黒,
1399,グラビドヘルムSP青,
1400,グラビドヘルムSP赤,
1401,コンガＬキャップ,Casquette Conga L
1402,ハンターＬキャップ,Casquette Hunter's L
1403,ランポスＬキャップ,Casquette Velociprey L
1404,タロスＬキャップ,Casquette Hornetaur L
1405,ハイメタＬキャップ,
1406,ゲネポスＬキャップ,Casquette Genprey L
1407,ゲネポスＲキャップ,Casquette Genprey R
1408,クックＲキャップ,Casquette Kut-Ku R
1409,バサルＲキャップ,Casquette Basarios R
1410,ガレオスＲキャップ,Casquette Cephalos R
1411,ガノスＲキャップ,Casquette Plesioth R
1412,ゲリョスＲキャップ,Casquette Gypceros R
1413,ドラゴンＬヘッド,
1414,ランポスＬヘルム,Heaume Velociprey L
1415,ランゴＲヘルム,Heaume Vespoid R
1416,クックＲヘルム,Heaume Kut-Ku R
1417,アクラFXヘルム,Heaume Akura FX
1418,アクラFXキャップ,Casquette Akura FX
1419,アクラFXヘルム黄,Heaume Akura FX jaune
1420,アクラFXキャップ黄,Casquette Akura FX jaune
1421,アクラFXヘルム蒼,Heaume Akura FX azur
1422,アクラFXキャップ蒼,Casquette Akura FX azur
1423,アクラFXヘルム紅,Heaume Akura FX cramoisi
1424,アクラFXキャップ紅,Casquette Akura FX cramoisie
1425,アスールＦヘッド,Coiffe Azul F
1426,アスールＦウィッグ,
1427,ディアリーピアス,Piercing Dearly
1428,ディアリーピアスＦ,
1429,バディーピアス,
1430,バディーピアスＦ,
1431,パリアコサージュ,
1432,パリアコサージュＦ,
1433,猟団員の証【闘技】,
1434,デュラバレッタ,
1435,デュラバレッタＦ,
1436,ダミー,
1437,ダミー,
1438,ダミー,
1439,ダミー,
1440,ダミー,
1441,ダミー,
1442,ダミー,
1443,ダミー,
1444,ダミー,
1445,ダミー,
1446,ダミー,
1447,ダミー,
1448,ダミー,
1449,ダミー,
1450,ダミー,
1451,ダミー,
1452,ダミー,
1453,ダミー,
1454,ダミー,
1455,ダミー,
1456,ダミー,
1457,ダミー,
1458,ダミー,
1459,ダミー,
1460,ダミー,
1461,ダミー,
1462,ダミー,
1463,ダミー,
1464,ダミー,
1465,ダミー,
1466,ベルドラヘルム,
1467,ベルドラキャップ,
1468,ディールヘッド,Coiffe Diru
1469,ディールＦヘッド,Coiffe Diru F
1470,ディールウィッグ,
1471,ディールＦウィッグ,
1472,スフィアヘッド,Coiffe Sufia
1473,スフィアＦヘッド,Coiffe Sufia F
1474,スフィアハット,Chapeau Sufia
1475,スフィアＦハット,Chapeau Sufia F
1476,スタリナヘッド,Coiffe Starina
1477,スタリナＦヘッド,Coiffe Starina F
1478,スタリナピアス,Piercing Starina
1479,スタリナＦピアス,Piercing Starina F
1480,ルースヘッド,
1481,ルースＦヘッド,
1482,ルースピアス,
1483,ルースＦピアス,
1484,レイジヘルム,Heaume Rage
1485,レイジＦヘルム,Heaume Rage F
1486,レイジマスク,Masque Rage
1487,レイジＦマスク,Masque Rage F
1488,ランページヘルム,Heaume Déchaînement
1489,ランページＦヘルム,Heaume Déchaînement F
1490,ランページマスク,Masque Déchaînement
1491,ランページＦマスク,Masque Déchaînement F
1492,ブレイズヘルム,Heaume Brasier
1493,ブレイズＦヘルム,Heaume Brasier F
1494,ブレイズマスク,Masque Brasier
1495,ブレイズＦマスク,Masque Brasier F
1496,ファランヘルム・白,Heaume Faran blanc
1497,ファランＦヘルム・白,Heaume Faran F blanc
1498,ファランマスク・白,Masque Faran blanc
1499,ファランＦマスク・白,Masque Faran F blanc
1500,ファランヘルム・黒,Heaume Faran noir
1501,ファランＦヘルム・黒,Heaume Faran F noir
1502,ファランマスク・黒,Masque Faran noir
1503,ファランＦマスク・黒,Masque Faran F noir
1504,ファランヘルム・赤,Heaume Faran rouge
1505,ファランＦヘルム・赤,Heaume Faran F rouge
1506,ファランマスク・赤,Masque Faran rouge
1507,ファランＦマスク・赤,Masque Faran F rouge
1508,ファランヘルム・青,Heaume Faran bleu
1509,ファランＦヘルム・青,Heaume Faran F bleu
1510,ファランマスク・青,Masque Faran bleu
1511,ファランＦマスク・青,Masque Faran F bleu
1512,きんねこ服Ｆヘッド,
1513,きんねこ服Ｆハール,
1514,ぎんねこ服マスク,
1515,ぎんねこ服Ｆヘッド,
1516,ぎんねこ服Ｆハール,
1517,ヴィンヘッド,
1518,ヴィンＦヘッド,
1519,ヴァンデヘッド,
1520,ヴァンデＦヘッド,
1521,デスモヘッド,
1522,デスモＦヘッド,
1523,ミスクピアス,
1524,ミスクＦピアス,
1525,ウーズィヘッド,
1526,ウーズィＦヘッド,
1527,レガーメヘッド,
1528,レガーメＦヘッド,
1529,ノットヘッド,
1530,ノットＦヘッド,
1531,ラソスピアス,
1532,ラソスＦピアス,
1533,レックスヘルムSP黒,
1534,レックスヘルムSP白,
1535,レックスヘルムSP紫,
1536,モノブロスヘルムSP黄,
1537,モノブロスヘルムSP緑,
1538,モノブロスヘルムSP白,
1539,フルフルキャップSP黒,
1540,フルフルキャップSP緑,
1541,フルフルキャップSP青,
1542,ヒプノＬキャップ,Casquette Hypnoc L
1543,ラヴァＬキャップ,Casquette Lavasioth L
1544,パピメルＬカブト,
1545,ガレオスＬキャップ,Casquette Cephalos L
1546,レイアＬキャップ,Casquette Rathian L
1547,クックＬキャップ,Casquette Kut-Ku L
1548,忍の面・Ｒ,
1549,レザーライトＲヘルム,Heaume Cuir R
1550,エスピナＲアゼレ,
1551,ビストロＲキャップ,
1552,アクラＲキャップ,Casquette Akura R
1553,アクラＲキャップ黄,Casquette Akura R jaune
1554,アクラＲキャップ蒼,Casquette Akura R azur
1555,アクラＲキャップ紅,Casquette Akura R cramoisie
1556,ラヴァＲキャップ,Casquette Lavasioth R
1557,オウビートＬテスタ,
1558,ゲネポスＬヘルム,Heaume Genprey L
1559,アクラＲヘルム,Heaume Akura R
1560,アクラＲヘルム黄,Heaume Akura R jaune
1561,アクラＲヘルム蒼,Heaume Akura R azur
1562,アクラＲヘルム紅,Heaume Akura R cramoisi
1563,稲荷・FX【兜】,
1564,玉藻・FX【御面】,
1565,エクエスFXヘルム,Heaume Eques FX
1566,エクエスFXキャップ,Casquette Eques FX
1567,ノワールＦピアス,
1568,ダミー,
1569,ヒメロスＦヘルム,Heaume Himeros F
1570,ブレシスＦヘルム,Heaume Bureshisu F
1571,カリエンＦキャップ,Casquette Charien F
1572,キョウカンフェイク,
1573,キョウカンフェイクＦ,
1574,エスピマスク・緑,
1575,エスピＦマスク・緑,
1576,エスピマスク・茶,
1577,エスピＦマスク・茶,
1578,エスピマスク・白,
1579,エスピＦマスク・白,
1580,稲荷・FX【烏帽子】,
1581,玉藻・FX【覆面】,
1582,グレンヘッド,Coiffe Guren
1583,グレンＦヘッド,Coiffe Guren F
1584,グレンキャップ,Casquette Guren
1585,グレンＦキャップ,Casquette Guren F
1586,ガーネットヘルム,Heaume Grenat
1587,ガーネットＦヘルム,Heaume Grenat F
1588,ガーネットFXヘルム,Heaume Grenat FX
1589,アメジストヘルム,Heaume Améthyste
1590,アメジストＦヘルム,Heaume Améthyste F
1591,アメジストFXヘルム,Heaume Améthyste FX
1592,コーラルヘルム,Heaume Corail
1593,コーラルＦヘルム,Heaume Corail F
1594,コーラルFXヘルム,Heaume Corail FX
1595,クォーツヘルム,
1596,クォーツＦヘルム,
1597,クォーツFXヘルム,
1598,ルビーヘルム,
1599,ルビーＦヘルム,
1600,ルビーFXヘルム,
1601,サファイアヘルム,Heaume Saphir
1602,サファイアＦヘルム,Heaume Saphir F
1603,サファイアFXヘルム,Heaume Saphir FX
1604,エメラルドヘルム,
1605,エメラルドＦヘルム,
1606,エメラルドFXヘルム,
1607,パールヘルム,
1608,パールＦヘルム,
1609,パールFXヘルム,
1610,トパーズキャップ,Casquette Topaze
1611,トパーズＦキャップ,Casquette Topaze F
1612,トパーズFXキャップ,Casquette Topaze FX
1613,トルマリンキャップ,
1614,トルマリンＦキャップ,
1615,トルマリンFXキャップ,
1616,ラピスキャップ,Casquette Lapis
1617,ラピスＦキャップ,Casquette Lapis F
1618,ラピスFXキャップ,Casquette Lapis FX
1619,ベルFXヘルム,Heaume Beru FX
1620,ベルFXキャップ,Casquette Beru FX
1621,アプカルＦヘルム,Heaume Apkallu F
1622,アプカルＦキャップ,Casquette Apkallu F
1623,ミクセスヘルム,Heaume Mixes
1624,ミクセスＦヘルム,Heaume Mixes F
1625,ミクセスキャップ,Casquette Mixes
1626,ミクセスＦキャップ,Casquette Mixes F
1627,アトラヘルム,Heaume Atra
1628,アトラＦヘルム,Heaume Atra F
1629,アトラキャップ,Casquette Atra
1630,アトラＦキャップ,Casquette Atra F
1631,レグラバンダー,
1632,レグラバンダーＦ,
1633,レグラスカーフ,
1634,レグラスカーフＦ,
1635,フェロウバンダー,
1636,フェロウバンダーＦ,
1637,フェロウスカーフ,
1638,フェロウスカーフＦ,
1639,ミラドヘッド,Coiffe Mirado
1640,ミラドＦヘッド,Coiffe Mirado F
1641,ミラドピアス,Piercing Mirado
1642,ミラドＦピアス,Piercing Mirado F
1643,デュールヘルム,Heaume Deyuru
1644,デュールＦヘルム,Heaume Deyuru F
1645,デュールキャップ,Casquette Deyuru
1646,デュールＦキャップ,Casquette Deyuru F
1647,クルシッドヘルム,
1648,クルシッドＦヘルム,
1649,ヴェロシヘルム,
1650,ヴェロシＦヘルム,
1651,ケプトヘルム,
1652,ケプトＦヘルム,
1653,ハウットマスク,
1654,ハウットＦマスク,
1655,ヴェンガヘルム,
1656,ヴェンガＦヘルム,
1657,スプリンヘルム,
1658,スプリンＦヘルム,
1659,マシャルヘルム,
1660,マシャルＦヘルム,
1661,ペンブルマスク,
1662,ペンブルＦマスク,
1663,リゲリアヘルム・白,Heaume Ligeria blanc
1664,リゲリアＦヘルム・白,Heaume Ligeria F blanc
1665,リゲリアマスク・白,Masque Ligeria blanc
1666,リゲリアＦマスク・白,Masque Ligeria F blanc
1667,リゲリアヘルム・赤,Heaume Ligeria rouge
1668,リゲリアＦヘルム・赤,Heaume Ligeria F rouge
1669,リゲリアマスク・赤,Masque Ligeria rouge
1670,リゲリアＦマスク・赤,Masque Ligeria F rouge
1671,リゲリアヘルム・緑,Heaume Ligeria vert
1672,リゲリアＦヘルム・緑,Heaume Ligeria F vert
1673,リゲリアマスク・緑,Masque Ligeria vert
1674,リゲリアＦマスク・緑,Masque Ligeria F vert
1675,リゲリアヘルム・青,Heaume Ligeria bleu
1676,リゲリアＦヘルム・青,Heaume Ligeria F bleu
1677,リゲリアマスク・青,Masque Ligeria bleu
1678,リゲリアＦマスク・青,Masque Ligeria F bleu
1679,ゴラエスヘルム,
1680,ゴラエスＦヘルム,
1681,バシリスヘルム,
1682,バシリスＦヘルム,
1683,インジンヘルム,
1684,インジンＦヘルム,
1685,デクスタマスク,Masque Dexter
1686,デクスタＦマスク,Masque Dexter F
1687,ジャッグヘルム,
1688,ジャッグＦヘルム,
1689,コンシラヘルム,
1690,コンシラＦヘルム,
1691,プレデタヘルム,Heaume Prédateur
1692,プレデタＦヘルム,Heaume Prédateur F
1693,プリジドマスク,
1694,プリジドＦマスク,
1695,スリートヘッド・黄,Coiffe Grésil jaune
1696,スリートＦヘッド・黄,Coiffe Grésil F jaune
1697,スリートハール・黄,Chevelure Grésil jaune
1698,スリートＦハール・黄,Chevelure Grésil F jaune
1699,スリートヘッド・銀,Coiffe Grésil argentée
1700,スリートＦヘッド・銀,Coiffe Grésil F argentée
1701,スリートハール・銀,Chevelure Grésil argentée
1702,スリートＦハール・銀,Chevelure Grésil F argentée
1703,スリートヘッド・赤,Coiffe Grésil rouge
1704,スリートＦヘッド・赤,Coiffe Grésil F rouge
1705,スリートハール・赤,Chevelure Grésil rouge
1706,スリートＦハール・赤,Chevelure Grésil F rouge
1707,スリートヘッド・青,Coiffe Grésil bleue
1708,スリートＦヘッド・青,Coiffe Grésil F bleue
1709,スリートハール・青,Chevelure Grésil bleue
1710,スリートＦハール・青,Chevelure Grésil F bleue
1711,カマレラヘッド,Coiffe Camarera
1712,カマレラＦヘッド,Coiffe Camarera F
1713,カマレラハール,Chevelure Camarera
1714,カマレラＦハール,Chevelure Camarera F
1715,ガノスヘルムSP黒,
1716,ガノスヘルムSP黄,
1717,ガノスヘルムSP紫,
1718,ガノスキャップSP黒,
1719,ガノスキャップSP黄,
1720,ガノスキャップSP紫,
1721,ゲリョスキャップSP赤,
1722,ゲリョスキャップSP黄,
1723,ゲリョスキャップSP緑,
1724,祭のあとに【勝ち猫】,
1725,祭のあとに【勝ち猫】,
1726,祭のあとに【勝ち猫】,
1727,祭のあとに【勝ち猫】,
1728,祭のあとに【勝ち猫】,
1729,祭のあとに【勝ち猫】,
1730,祭のあとに【勝ち猫】,
1731,祭のあとに【勝ち猫】,
1732,祭のあとに【勝ち猫】,
1733,祭のあとに【勝ち猫】,
1734,祭のあとに【勝ち猫】,
1735,祭のあとに【勝ち猫】,
1736,祭のあとに【勝ち猫】,
1737,祭のあとに【勝ち猫】,
1738,祭のあとに【勝ち猫】,
1739,祭のあとに【勝ち猫】,
1740,祭のあとに【勝ち猫】,
1741,祭のあとに【勝ち猫】,
1742,祭のあとに【勝ち猫】,
1743,祭のあとに【勝ち猫】,
1744,祭のあとに【勝ち猫】,
1745,祭のあとに【勝ち猫】,
1746,祭のあとに【勝ち猫】,
1747,祭のあとに【勝ち猫】,
1748,祭のあとに【勝ち猫】,
1749,祭のあとに【勝ち猫】,
1750,祭のあとに【勝ち猫】,
1751,祭のあとに【勝ち猫】,
1752,祭のあとに【勝ち猫】,
1753,祭のあとに【勝ち猫】,
1754,祭のあとに【勝ち猫】,
1755,祭のあとに【勝ち猫】,
1756,祭のあとに【勝ち猫】,
1757,祭のあとに【勝ち猫】,
1758,祭のあとに【勝ち猫】,
1759,祭のあとに【勝ち猫】,
1760,祭のあとに【勝ち猫】,
1761,祭のあとに【勝ち猫】,
1762,祭のあとに【勝ち猫】,
1763,祭のあとに【勝ち猫】,
1764,祭のあとに【勝ち猫】,
1765,祭のあとに【勝ち猫】,
1766,祭のあとに【勝ち猫】,
1767,祭のあとに【勝ち猫】,
1768,祭のあとに【勝ち猫】,
1769,祭のあとに【勝ち猫】,
1770,祭のあとに【勝ち猫】,
1771,祭のあとに【勝ち猫】,
1772,祭のあとに【勝ち猫】,
1773,祭のあとに【勝ち猫】,
1774,祭のあとに【勝ち猫】,
1775,祭のあとに【勝ち猫】,
1776,祭のあとに【勝ち猫】,
1777,祭のあとに【勝ち猫】,
1778,祭のあとに【勝ち猫】,
1779,祭のあとに【勝ち猫】,
1780,祭のあとに【勝ち猫】,
1781,祭のあとに【勝ち猫】,
1782,祭のあとに【勝ち猫】,
1783,祭のあとに【勝ち猫】,
1784,祭のあとに【勝ち猫】,
1785,祭のあとに【勝ち猫】,
1786,祭のあとに【勝ち猫】,
1787,祭のあとに【勝ち猫】,
1788,祭のあとに【勝ち猫】,
1789,祭のあとに【勝ち猫】,
1790,祭のあとに【勝ち猫】,
1791,祭のあとに【勝ち猫】,
1792,祭のあとに【勝ち猫】,
1793,祭のあとに【勝ち猫】,
1794,祭のあとに【勝ち猫】,
1795,祭のあとに【勝ち猫】,
1796,祭のあとに【勝ち猫】,
1797,祭のあとに【勝ち猫】,
1798,祭のあとに【勝ち猫】,
1799,祭のあとに【勝ち猫】,
1800,祭のあとに【勝ち猫】,
1801,祭のあとに【勝ち猫】,
1802,祭のあとに【勝ち猫】,
1803,祭のあとに【勝ち猫】,
1804,ダミー,
1805,ダミー,
1806,ミラルーツＲヘッド,Coiffe Fatalis R
1807,Ｇ・ルナＲキャップ,
1808,Ｓ・ソルＲキャップ,
1809,デスギアＬゼレ,
1810,レザーライトＬヘルム,Heaume Cuir L
1811,チェーンＬヘルム,Heaume Chainmail L
1812,ギザミＲキャップ,Casquette Ceanataur R
1813,ディアブロＲキャップ,Casquette Diablos R
1814,ブランゴＲキャップ,Casquette Blango R
1815,コンガＲヘルム,Heaume Conga R
1816,コンガＲキャップ,Casquette Conga R
1817,ヒプノＲキャップ,Casquette Hypnoc R
1818,モノデビルＲキャップ,Casquette Monodevil R
1819,ガノスＲヘルム,Heaume Plesioth R
1820,グレンバレッタ,
1821,グレンバレッタＦ,
1822,サンタＦヘッド,Coiffe Santa F
1823,フェリヘルム,
1824,フェリＦヘルム,
1825,フェリキャップ,
1826,フェリＦキャップ,
1827,テネールヘッド,
1828,テネールＦヘッド,
1829,テネールバンド,
1830,テネールＦバンド,
1831,ライダーヘッドＢ,
1832,ライジングヘッドＢ,
1833,ライダーマスクＢ,
1834,ライジングマスクＢ,
1835,ライダーヘッドＲ,
1836,ライジングヘッドＲ,
1837,ライダーマスクＲ,
1838,ライジングマスクＲ,
1839,ライダーヘッドＹ,
1840,ライジングヘッドＹ,
1841,ライダーマスクＹ,
1842,ライジングマスクＹ,
1843,ライダーヘッドＧ,
1844,ライジングヘッドＧ,
1845,ライダーマスクＧ,
1846,ライジングマスクＧ,
1847,ムースヘッド,
1848,ロバストアンク,
1849,ロバストＦアンク,
1850,ロバストフェイス,
1851,ロバストＦフェイス,
1852,ククボヘッド,Coiffe Kukubo
1853,ククボＦヘッド,Coiffe Kukubo F
1854,ククボキャップ,Casquette Kukubo
1855,ククボＦキャップ,Casquette Kukubo F
1856,エルペバレッタ,
1857,エルペバレッタＦ,
1858,ガロンコサージュ,
1859,ガロンコサージュＦ,
1860,ラヴィコサージュ,
1861,ラヴィコサージュＦ,
1862,ファルコヘルム,Heaume Falco
1863,ファルコＦヘルム,Heaume Falco F
1864,ファルコキャップ,Casquette Falco
1865,ファルコＦキャップ,Casquette Falco F
1866,ヴェスナヘッド,
1867,ヴェスナＦヘッド,
1868,ベラノヘッド,
1869,ベラノＦヘッド,
1870,カリフヘッド,
1871,カリフＦヘッド,
1872,シターマスク,
1873,シターＦマスク,
1874,コンセトヘッド,
1875,コンセトＦヘッド,
1876,バステルヘッド,
1877,バステルＦヘッド,
1878,カタフヘッド,
1879,カタフＦヘッド,
1880,ハネツァマスク,
1881,ハネツァＦマスク,
1882,バーニーバンド・黒,Bandeau Barney noir
1883,バーニーＦバンド・黒,Bandeau Barney F noir
1884,バーニーヘッド・黒,Coiffe Barney noire
1885,バーニーＦヘッド・黒,Coiffe Barney F noire
1886,バーニーバンド・白,Bandeau Barney blanc
1887,バーニーＦバンド・白,Bandeau Barney F blanc
1888,バーニーヘッド・白,Coiffe Barney blanche
1889,バーニーＦヘッド・白,Coiffe Barney F blanche
1890,バーニーバンド・赤,Bandeau Barney rouge
1891,バーニーＦバンド・赤,Bandeau Barney F rouge
1892,バーニーヘッド・赤,Coiffe Barney rouge
1893,バーニーＦヘッド・赤,Coiffe Barney F rouge
1894,バーニーバンド・紫,Bandeau Barney violet
1895,バーニーＦバンド・紫,Bandeau Barney F violet
1896,バーニーヘッド・紫,Coiffe Barney violette
1897,バーニーＦヘッド・紫,Coiffe Barney F violette
1898,昇龍鉢巻・白,
1899,昇龍Ｆ鉢巻・白,
1900,波動鉢巻・白,
1901,波動Ｆ鉢巻・白,
1902,百裂お団子・青,
1903,百裂Ｆお団子・青,
1904,気功お団子・青,
1905,気功Ｆお団子・青,
1906,昇龍鉢巻・紺,
1907,昇龍Ｆ鉢巻・紺,
1908,波動鉢巻・紺,
1909,波動Ｆ鉢巻・紺,
1910,百裂お団子・黒,
1911,百裂Ｆお団子・黒,
1912,気功お団子・黒,
1913,気功Ｆお団子・黒,
1914,昇龍鉢巻・黄,
1915,昇龍Ｆ鉢巻・黄,
1916,波動鉢巻・黄,
1917,波動Ｆ鉢巻・黄,
1918,百裂お団子・黄,
1919,百裂Ｆお団子・黄,
1920,気功お団子・黄,
1921,気功Ｆお団子・黄,
1922,昇龍鉢巻・紫,
1923,昇龍Ｆ鉢巻・紫,
1924,波動鉢巻・紫,
1925,波動Ｆ鉢巻・紫,
1926,百裂お団子・緑,
1927,百裂Ｆお団子・緑,
1928,気功お団子・緑,
1929,気功Ｆお団子・緑,
1930,ステノヘルム・橙,Heaume Stheno orange
1931,ステノＦヘルム・橙,Heaume Stheno F orange
1932,ステノキャップ・橙,Casquette Stheno orange
1933,ステノＦキャップ・橙,Casquette Stheno F orange
1934,ステノヘルム・桃,Heaume Stheno rose
1935,ステノＦヘルム・桃,Heaume Stheno F rose
1936,ステノキャップ・桃,Casquette Stheno rose
1937,ステノＦキャップ・桃,Casquette Stheno F rose
1938,ステノヘルム・青,Heaume Stheno bleu
1939,ステノＦヘルム・青,Heaume Stheno F bleu
1940,ステノキャップ・青,Casquette Stheno bleue
1941,ステノＦキャップ・青,Casquette Stheno F bleue
1942,ステノヘルム・赤,Heaume Stheno rouge
1943,ステノＦヘルム・赤,Heaume Stheno F rouge
1944,ステノキャップ・赤,Casquette Stheno rouge
1945,ステノＦキャップ・赤,Casquette Stheno F rouge
1946,ジャンピンバンド,Bandeau Jumpin'
1947,ジャンピンＦバンド,Bandeau Jumpin' F
1948,ジャンピンヘッド,Coiffe Jumpin'
1949,ジャンピンＦヘッド,Coiffe Jumpin' F
1950,アデュスヘルム,
1951,アデュスＦヘルム,
1952,アデュスキャップ,
1953,アデュスＦキャップ,
1954,メテネラヘッド,Coiffe Metenera
1955,メテネラＦヘッド,Coiffe Metenera F
1956,メテネラハール,Chevelure Metenera
1957,メテネラＦハール,Chevelure Metenera F
1958,エクセレヘルム,Heaume Excelle
1959,エクセレＦヘルム,Heaume Excelle F
1960,エクセレキャップ,Casquette Excelle
1961,エクセレＦキャップ,Casquette Excelle F
1962,プペンヘルム,Heaume Pupen
1963,プペンＦヘルム,Heaume Pupen F
1964,プペンキャップ,Casquette Pupen
1965,プペンＦキャップ,Casquette Pupen F
1966,モスカバヘルム,
1967,モスカバＦヘルム,
1968,モスカバキャップ,
1969,モスカバＦキャップ,
1970,神楽【兜】SP赤,
1971,神楽【兜】SP黒,
1972,神楽【兜】SP紫,
1973,神座【鉢金】SP赤,
1974,神座【鉢金】SP黒,
1975,神座【鉢金】SP紫,
1976,モスフェイクSP白,
1977,モスフェイクSP黄,
1978,モスフェイクSP青,
1979,オウビートＬカブト,
1980,ヒプノＬヘルム,Heaume Hypnoc L
1981,コンガＬヘルム,Heaume Conga L
1982,チェーンＲヘルム,Heaume Chainmail R
1983,ザザミＲキャップ,Casquette Hermitaur R
1984,ゲリョスＲヘルム,Heaume Gypceros R
1985,ゲネポスＲヘルム,Heaume Genprey R
1986,シャッセヘルム,Heaume Shasse
1987,シャッセキャップ,Casquette Shasse
1988,ゴスペルＦヘルム,
1989,ゴスペルＦキャップ,
1990,ルージュＦピアス,
1991,フレイヤヘッド,Coiffe Freyja
1992,フレイヤピアス,Piercing Freyja
1993,パリアFXヘルム,Heaume Paria FX
1994,パリアFXキャップ,Casquette Paria FX
1995,グレンFXヘッド,Coiffe Guren FX
1996,グレンFXキャップ,Casquette Guren FX
1997,ルーフスピアス,Piercing Rufus
1998,ルーフスピアスＦ,
1999,シーニーピアス,
2000,シーニーピアスＦ,
2001,ジョーヌピアス,Piercing Jaune
2002,ジョーヌピアスＦ,
2003,アルブスピアス,
2004,アルブスピアスＦ,
2005,プレートピアス,Piercing Plaque
2006,プレートピアスＦ,
2007,超絶のピアス賰,
2008,超絶のピアス賱,
2009,超絶のピアス𧸐,
2010,超絶のピアス贉,
2011,超絶のピアス贎,
2012,猟団員の証【遠撃】,
2013,超絶のピアス貤,
2014,超絶のピアス賖,
2015,超絶のピアス賕,
2016,超絶のピアス賙,
2017,超絶のピアス𧶠,
2018,ルコヘッド,Coiffe Ruko
2019,ルコＦヘッド,Coiffe Ruko F
2020,ルコフェイス,
2021,ルコＦフェイス,
2022,ルコバレッタ,
2023,ルコバレッタＦ,
2024,ブリッツホーン,
2025,ブリッツコルノ,
2026,リルスヘッド,Coiffe Lils
2027,ダミー,
2028,リルスキャップ,Casquette Lils
2029,ダミー,
2030,神楽FX【兜】,
2031,神座FX【鉢金】,
2032,蒼空ノ鉢金,
2033,蒼空ノ鉢金・魁,
2034,蒼天ノ鉢金,
2035,蒼天ノ鉢金・魁,
2036,ブレオヘッド,Coiffe Breo
2037,ブレオピアス,Piercing Breo
2038,ブレオＦヘッド,Coiffe Breo F
2039,ブレオＦピアス,Piercing Breo F
2040,ヴィネンヘッド,Coiffe Vinen
2041,ヴィネンＦヘッド,Coiffe Vinen F
2042,ヴィネンバンド,Bandeau Vinen
2043,ヴィネンＦバンド,Bandeau Vinen F
2044,アナトリヘルム,
2045,アナトリキャップ,
2046,エディオヘルム・青,Heaume Edio bleu
2047,エディオＦヘルム・青,Heaume Edio F bleu
2048,エディオマスク・青,Masque Edio bleu
2049,エディオＦマスク・青,Masque Edio F bleu
2050,エディオヘルム・赤,Heaume Edio rouge
2051,エディオＦヘルム・赤,Heaume Edio F rouge
2052,エディオマスク・赤,Masque Edio rouge
2053,エディオＦマスク・赤,Masque Edio F rouge
2054,エディオヘルム・黄,Heaume Edio jaune
2055,エディオＦヘルム・黄,Heaume Edio F jaune
2056,エディオマスク・黄,Masque Edio jaune
2057,エディオＦマスク・黄,Masque Edio F jaune
2058,エディオヘルム・黒,Heaume Edio noir
2059,エディオＦヘルム・黒,Heaume Edio F noir
2060,エディオマスク・黒,Masque Edio noir
2061,エディオＦマスク・黒,Masque Edio F noir
2062,アビットヘッド,Coiffe Abitto
2063,アビットＦヘッド,Coiffe Abitto F
2064,アビットハール,Chevelure Abitto
2065,アビットＦハール,Chevelure Abitto F
2066,ハウクスヘルム,Heaume Howx
2067,ハウクスＦヘルム,Heaume Howx F
2068,ハウクスキャップ,Casquette Howx
2069,ハウクスＦキャップ,Casquette Howx F
2070,ピラータヘッド,Coiffe Pirata
2071,ピラータＦヘッド,Coiffe Pirata F
2072,ピラータキャップ,Casquette Pirata
2073,ピラータＦキャップ,Casquette Pirata F
2074,アレスヘッド,
2075,アレスＦヘッド,
2076,カリノヘッド,
2077,カリノＦヘッド,
2078,ルルスヘッド,
2079,ルルスＦヘッド,
2080,ナーダハット,Chapeau Nada
2081,ナーダＦハット,Chapeau Nada F
2082,ロサヘッド,Coiffe Rosa
2083,ロサＦヘッド,Coiffe Rosa F
2084,ハオスヘッド,Coiffe Haosu
2085,ハオスＦヘッド,Coiffe Haosu F
2086,ミールヘッド,Coiffe Miru
2087,ミールＦヘッド,Coiffe Miru F
2088,パスハット,Chapeau Pasu
2089,パスＦハット,Chapeau Pasu F
2090,蘭陀の帽・黄,
2091,蘭蛮の帽・黄,
2092,蘭陀の面・黄,
2093,蘭蛮の面・黄,
2094,蘭陀の帽・赤,
2095,蘭蛮の帽・赤,
2096,蘭陀の面・赤,
2097,蘭蛮の面・赤,
2098,蘭陀の帽・紫,
2099,蘭蛮の帽・紫,
2100,蘭陀の面・紫,
2101,蘭蛮の面・紫,
2102,蘭陀の帽・金,
2103,蘭蛮の帽・金,
2104,蘭陀の面・金,
2105,蘭蛮の面・金,
2106,竜巻鉢巻・黒,
2107,竜巻Ｆ鉢巻・黒,
2108,真空鉢巻・黒,
2109,真空Ｆ鉢巻・黒,
2110,千裂お団子・黒,
2111,千裂Ｆお団子・黒,
2112,覇山お団子・黒,
2113,覇山Ｆお団子・黒,
2114,竜巻鉢巻・茶,
2115,竜巻Ｆ鉢巻・茶,
2116,真空鉢巻・茶,
2117,真空Ｆ鉢巻・茶,
2118,千裂お団子・紫,
2119,千裂Ｆお団子・紫,
2120,覇山お団子・紫,
2121,覇山Ｆお団子・紫,
2122,竜巻鉢巻・白,
2123,竜巻Ｆ鉢巻・白,
2124,真空鉢巻・白,
2125,真空Ｆ鉢巻・白,
2126,千裂お団子・白,
2127,千裂Ｆお団子・白,
2128,覇山お団子・白,
2129,覇山Ｆお団子・白,
2130,竜巻鉢巻・青,
2131,竜巻Ｆ鉢巻・青,
2132,真空鉢巻・青,
2133,真空Ｆ鉢巻・青,
2134,千裂お団子・緑,
2135,千裂Ｆお団子・緑,
2136,覇山お団子・緑,
2137,覇山Ｆお団子・緑,
2138,正拳鉢巻,
2139,正拳Ｆ鉢巻,
2140,灼熱鉢巻,
2141,灼熱Ｆ鉢巻,
2142,龍星お団子,
2143,龍星Ｆお団子,
2144,虎襲お団子,
2145,虎襲Ｆお団子,
2146,旋風鉢巻,
2147,旋風Ｆ鉢巻,
2148,巴鉢巻,
2149,巴Ｆ鉢巻,
2150,天空お団子,
2151,天空Ｆお団子,
2152,天昇お団子,
2153,天昇Ｆお団子,
2154,ジェアムヘルム,Heaume Jeamu
2155,ジェアムＦヘルム,Heaume Jeamu F
2156,アミュスヘルム,Heaume Amyusu
2157,アミュスＦヘルム,Heaume Amyusu F
2158,クレバンヘルム,Heaume Clevan
2159,クレバンＦヘルム,Heaume Clevan F
2160,メテロスマスク,Masque Meterosu
2161,メテロスＦマスク,Masque Meterosu F
2162,シプレルヘルム,Heaume Shipureru
2163,シプレルＦヘルム,Heaume Shipureru F
2164,トレスパヘルム,Heaume Toresupa
2165,トレスパＦヘルム,Heaume Toresupa F
2166,ステラルヘルム,Heaume Suteraru
2167,ステラルＦヘルム,Heaume Suteraru F
2168,ハキュラマスク,Masque Hakyura
2169,ハキュラＦマスク,Masque Hakyura F
2170,オルテモＦヘッド,Coiffe Orutemo F
2171,オルテモＦハット,Chapeau Orutemo F
2172,忍の面・陰SP黄,
2173,忍の面・陰SP赤,
2174,忍の面・陰SP青,
2175,ＫロブスタヘルムSP黒,
2176,ＫロブスタヘルムSP緑,
2177,ＫロブスタヘルムSP青,
2178,ＫロブスタハットSP黒,
2179,ＫロブスタハットSP緑,
2180,ＫロブスタハットSP青,
2181,デュラコサージュ,
2182,デュラコサージュＦ,
2183,グレンコサージュ,
2184,グレンコサージュＦ,
2185,ヴォルアドミラル,
2186,ヴォルヤマト,
2187,ヴォルレジェンド,
2188,ヴォルアポカリプス,
2189,ダンシンピアス,
2190,ダンシンピアスＦ,
2191,アメニケピアス,
2192,アメニケピアスＦ,
2193,ソウイルピアス,Piercing Sowilo
2194,ソウイルＦピアス,Piercing Sowilo F
2195,アンサズピアス,Piercing Ansuz
2196,アンサズＦピアス,Piercing Ansuz F
2197,エオローピアス,Piercing Eolh
2198,エオローＦピアス,Piercing Eolh F
2199,ラグズピアス,Piercing Laguz
2200,ラグズＦピアス,Piercing Laguz F
2201,ゲーボピアス,Piercing Gebo
2202,ゲーボＦピアス,Piercing Gebo F
2203,テイワズピアス,Piercing Teiwaz
2204,テイワズＦピアス,Piercing Teiwaz F
2205,ウルズピアス,Piercing Uruz
2206,ウルズＦピアス,Piercing Uruz F
2207,エイワズピアス,Piercing Eihwaz
2208,エイワズＦピアス,Piercing Eihwaz F
2209,アネシスＦヘルム,Heaume Aneshisu F
2210,アネシスＦキャップ,Casquette Aneshisu F
2211,ブランＦヘッド,Coiffe Buran F
2212,ブランＦピアス,Piercing Buran F
2213,ツヴィンガヘッド,Coiffe Zwinger
2214,ツヴィンガマスク,Masque Zwinger
2215,鬼神ノ角・魁,
2216,童子ノ角・魁,
2217,メランＦヘッド,Coiffe Melan F
2218,メランＦウィッグ,
2219,ブートＦヘッド,Coiffe Buto F
2220,海洋のピアス,
2221,天空のピアス,
2222,大地のピアス,
2223,ヒメロスFXヘルム,Heaume Himeros FX
2224,カリエンFXキャップ,Casquette Charien FX
2225,ブレシスFXヘルム,Heaume Bureshisu FX
2226,ハイメタＲヘルム・金,
2227,ハイメタＲヘルム・銀,
2228,ハイメタＲヘルム・銅,
2229,レウスLXヘルム,Heaume Rathalos LX
2230,リオソウルRXヘルム,Heaume Rath RX
2231,フルフルLXヘルム,Heaume Khezu LX
2232,フルフルRXヘルム,Heaume Khezu RX
2233,ハイメタLXヘルム,
2234,ハイメタRXヘルム,
2235,タロスLXキャップ,Casquette Hornetaur LX
2236,タロスRXキャップ,Casquette Hornetaur RX
2237,オルテモＦピアス,Piercing Orutemo F
2238,オルテモＦハール,Chevelure Orutemo F
2239,ベルドラＲヘルム,
2240,ベルドラＲキャップ,
2241,フレイムクラウン,
2242,フレイムマスク,Masque Flamme
2243,夕焼ノ鉢金,
2244,夕茜ノ鉢金,
2245,プーギークラウン,
2246,プーギーＦクラウン,
2247,プーギーシンボル,
2248,プーギーＦシンボル,
2249,マンドラヘルム,Heaume Mandora
2250,マンドラＦヘルム,Heaume Mandora F
2251,マンドラハット,Chapeau Mandora
2252,マンドラＦハット,Chapeau Mandora F
2253,アオノコヘルム,Heaume Aonoko
2254,アオノコＦヘルム,Heaume Aonoko F
2255,アオノコハット,Chapeau Aonoko
2256,アオノコＦハット,Chapeau Aonoko F
2257,ゼロイヘッド,Coiffe Zeroi
2258,ゼロイＦヘッド,Coiffe Zeroi F
2259,ゼロイキャップ,Casquette Zeroi
2260,ゼロイＦキャップ,Casquette Zeroi F
2261,レイルヘルム,
2262,レイルＦヘルム,
2263,レイルキャップ,
2264,レイルＦキャップ,
2265,ルデオスヘルム,Heaume Rudeos
2266,ルデオスＦヘルム,Heaume Rudeos F
2267,ルデオスキャップ,Casquette Rudeos
2268,ルデオスＦキャップ,Casquette Rudeos F
2269,オルケシスヘルム,Heaume Orchesis
2270,オルケシスＦヘルム,Heaume Orchesis F
2271,オルケシスキャップ,Casquette Orchesis
2272,オルケシスＦキャップ,Casquette Orchesis F
2273,フルイトヘルム,
2274,フルイトＦヘルム,
2275,ゲレオンヘルム,
2276,ゲレオンＦヘルム,
2277,ケックヘルム,
2278,ケックＦヘルム,
2279,ヘンフロキャップ,
2280,ヘンフロＦキャップ,
2281,フリゲトヘルム,
2282,フリゲトＦヘルム,
2283,バークヘルム,
2284,バークＦヘルム,
2285,ブリガンヘルム,
2286,ブリガンＦヘルム,
2287,プラムキャップ,
2288,プラムＦキャップ,
2289,マイストヘッド・紅,Coiffe Maist cramoisie
2290,マイストＦヘッド・紅,Coiffe Maist F cramoisie
2291,マイストハット・紅,Chapeau Maist cramoisi
2292,マイストＦハット・紅,Chapeau Maist F cramoisi
2293,マイストヘッド・緑,Coiffe Maist verte
2294,マイストＦヘッド・緑,Coiffe Maist F verte
2295,マイストハット・緑,Chapeau Maist vert
2296,マイストＦハット・緑,Chapeau Maist F vert
2297,マイストヘッド・蒼,Coiffe Maist azur
2298,マイストＦヘッド・蒼,Coiffe Maist F azur
2299,マイストハット・蒼,Chapeau Maist azur
2300,マイストＦハット・蒼,Chapeau Maist F azur
2301,マイストヘッド・桜,
2302,マイストＦヘッド・桜,
2303,マイストハット・桜,
2304,マイストＦハット・桜,
2305,ワグネヘッド,Coiffe Wagune
2306,ワグネＦヘッド,Coiffe Wagune F
2307,ワグネキャップ,Casquette Wagune
2308,ワグネＦキャップ,Casquette Wagune F
2309,ピスティスＦヘッド,Coiffe Pistis F
2310,ピスティスＦハット,Chapeau Pistis F
2311,ヒプノヘルムSP緑,
2312,ヒプノヘルムSP赤,
2313,ヒプノヘルムSP黄,
2314,ベルヘルムSP黒,
2315,ベルヘルムSP赤,
2316,ベルヘルムSP紫,
2317,ベルキャップSP黒,
2318,ベルキャップSP赤,
2319,ベルキャップSP紫,
2320,エルペコサージュ,
2321,エルペコサージュＦ,
2322,ルココサージュ,
2323,ルココサージュＦ,
2324,エナピアス貤,
2325,エナＦピアス貤,
2326,エナピアス賖,
2327,エナＦピアス賖,
2328,エナピアス賕,
2329,エナＦピアス賕,
2330,エナピアス賙,
2331,エナＦピアス賙,
2332,エナピアス𧶠,
2333,エナＦピアス𧶠,
2334,エナピアス賰,
2335,エナＦピアス賰,
2336,エナピアス賱,
2337,エナＦピアス賱,
2338,エナピアス𧸐,
2339,エナＦピアス𧸐,
2340,ルルディヘッド,Coiffe Rurudi
2341,ルルディピアス,Piercing Rurudi
2342,アークＦヘルム,
2343,アークＦキャップ,
2344,ストレガFXヘルム,Heaume Strega FX
2345,ストレガFXキャップ,Casquette Strega FX
2346,リオハートRXヘルム,Heaume Rath RX
2347,レイアLXヘルム,Heaume Rathian LX
2348,ランゴRXキャップ,Casquette Vespoid RX
2349,ランゴLXキャップ,Casquette Vespoid LX
2350,ザザミRXヘルム,Heaume Hermitaur RX
2351,ザザミLXヘルム,Heaume Hermitaur LX
2352,ディアブロRXヘルム,Heaume Diablos RX
2353,ディアブロLXヘルム,Heaume Diablos LX
2354,リリオヘルム,
2355,フレサヘルム,
2356,クラベルヘルム,
2357,シルエラヘルム,
2358,カメリアヘルム,
2359,ハシントヘルム,
2360,セレソヘルム,
2361,オリバヘルム,
2362,ラウレルキャップ,
2363,ココキャップ,
2364,グラナダキャップ,
2365,アトロヘッド,
2366,アトロＦヘッド,
2367,アトロバンド,
2368,アトロＦバンド,
2369,ゴゴヘルム,Heaume Gogomoa
2370,ゴゴＦヘルム,Heaume Gogomoa F
2371,ゴゴキャップ,Casquette Gogomoa
2372,ゴゴＦキャップ,Casquette Gogomoa F
2373,ゴゴバレッタ,
2374,ゴゴバレッタＦ,
2375,ワダツミ【烏帽子】,
2376,オカミ【烏帽子】,
2377,ディーナヘッド,Coiffe Diina
2378,ディーナＦヘッド,Coiffe Diina F
2379,絶影ノ鉢金,
2380,絶影ノ鉢金・魁,
2381,翔影ノ鉢金,
2382,翔影ノ鉢金・魁,
2383,黒虎ノ鉢金,
2384,黒豹ノ鉢金,
2385,刹帝利ノ角,
2386,婆羅門ノ角,
2387,ガリトスヘッド・茶,Coiffe Garitos brune
2388,ガリトスＦヘッド・茶,Coiffe Garitos F brune
2389,ガリトスバンド・茶,Bandeau Garitos brun
2390,ガリトスＦバンド・茶,Bandeau Garitos F brun
2391,ガリトスヘッド・赤,Coiffe Garitos rouge
2392,ガリトスＦヘッド・赤,Coiffe Garitos F rouge
2393,ガリトスバンド・赤,Bandeau Garitos rouge
2394,ガリトスＦバンド・赤,Bandeau Garitos F rouge
2395,ガリトスヘッド・黒,Coiffe Garitos noire
2396,ガリトスＦヘッド・黒,Coiffe Garitos F noire
2397,ガリトスバンド・黒,Bandeau Garitos noir
2398,ガリトスＦバンド・黒,Bandeau Garitos F noir
2399,ガリトスヘッド・水,
2400,ガリトスＦヘッド・水,
2401,ガリトスバンド・水,
2402,ガリトスＦバンド・水,
2403,リブリーヘッド,Coiffe Riburi
2404,リブリーＦヘッド,Coiffe Riburi F
2405,リブリーFZヘッド,Coiffe Riburi FZ
2406,リブリーハール,Chevelure Riburi
2407,リブリーＦハール,Chevelure Riburi F
2408,リブリーFZハール,Chevelure Riburi FZ
2409,リーデレヘルム,Heaume Ridere
2410,リーデレＦヘルム,Heaume Ridere F
2411,リーデレキャップ,Casquette Ridere
2412,リーデレＦキャップ,Casquette Ridere F
2413,リエットヘルム,Heaume Émeute
2414,リエットＦヘルム,Heaume Émeute F
2415,リエットキャップ,Casquette Émeute
2416,リエットＦキャップ,Casquette Émeute F
2417,スケイナヘルム,
2418,スケイナＦヘルム,
2419,ミッシナヘルム,
2420,ミッシナＦヘルム,
2421,プリースヘルム,
2422,プリースＦヘルム,
2423,レキトリキャップ,
2424,レキトリＦキャップ,
2425,マドニカヘルム,
2426,マドニカＦヘルム,
2427,ヴィリヤヘルム,
2428,ヴィリヤＦヘルム,
2429,ラプラルヘルム,
2430,ラプラルＦヘルム,
2431,サザールキャップ,
2432,サザールＦキャップ,
2433,トラスモンテラ青,
2434,トラスＦモンテラ青,
2435,トラスビコーヌ青,
2436,トラスＦビコーヌ青,
2437,トラスモンテラ赤,
2438,トラスＦモンテラ赤,
2439,トラスビコーヌ赤,
2440,トラスＦビコーヌ赤,
2441,トラスモンテラ白,
2442,トラスＦモンテラ白,
2443,トラスビコーヌ白,
2444,トラスＦビコーヌ白,
2445,トラスモンテラ紫,
2446,トラスＦモンテラ紫,
2447,トラスビコーヌ紫,
2448,トラスＦビコーヌ紫,
2449,デモンヘッド青,Coiffe Démon bleue
2450,デモンＦヘッド青,Coiffe Démon F bleue
2451,カオスヘッド青,Coiffe Chaos bleue
2452,カオスＦヘッド青,Coiffe Chaos F bleue
2453,デモンヘッド赤,Coiffe Démon rouge
2454,デモンＦヘッド赤,Coiffe Démon F rouge
2455,カオスヘッド赤,Coiffe Chaos rouge
2456,カオスＦヘッド赤,Coiffe Chaos F rouge
2457,デモンヘッド緑,Coiffe Démon verte
2458,デモンＦヘッド緑,Coiffe Démon F verte
2459,カオスヘッド緑,Coiffe Chaos verte
2460,カオスＦヘッド緑,Coiffe Chaos F verte
2461,デモンヘッド白,Coiffe Démon blanche
2462,デモンＦヘッド白,Coiffe Démon F blanche
2463,カオスヘッド白,Coiffe Chaos blanche
2464,カオスＦヘッド白,Coiffe Chaos F blanche
2465,シャドウウィッグ紫,
2466,シャドウＦウィッグ紫,
2467,ソウルウィッグ紫,
2468,ソウルＦウィッグ紫,
2469,シャドウウィッグ赤,
2470,シャドウＦウィッグ赤,
2471,ソウルウィッグ赤,
2472,ソウルＦウィッグ赤,
2473,シャドウウィッグ緑,
2474,シャドウＦウィッグ緑,
2475,ソウルウィッグ緑,
2476,ソウルＦウィッグ緑,
2477,シャドウウィッグ白,
2478,シャドウＦウィッグ白,
2479,ソウルウィッグ白,
2480,ソウルＦウィッグ白,
2481,フィディヘルム,
2482,エピディヘルム,
2483,ヴェルフィヘルム,
2484,ヴェルフィキャップ,
2485,テリオグヘルム,
2486,テリオグキャップ,
2487,クロッスヘッド,Coiffe Kurossu
2488,クロッスＦヘッド,Coiffe Kurossu F
2489,クロッスハット,Chapeau Kurossu
2490,クロッスＦハット,Chapeau Kurossu F
2491,セケンピアス貤,
2492,セケンＦピアス貤,
2493,セケンピアス賖,
2494,セケンＦピアス賖,
2495,セケンピアス賕,
2496,セケンＦピアス賕,
2497,セケンピアス賙,
2498,セケンＦピアス賙,
2499,セケンピアス𧶠,
2500,セケンＦピアス𧶠,
2501,セケンピアス賰,
2502,セケンＦピアス賰,
2503,セケンピアス賱,
2504,セケンＦピアス賱,
2505,セケンピアス𧸐,
2506,セケンＦピアス𧸐,
2507,ダミー,
2508,ダミー,
2509,ダミー,
2510,ダミー,
2511,シエリーFXヘルム,Heaume Shieri FX
2512,シエリーFXキャップ,Casquette Shieri FX
2513,クラフトFXヘッド,
2514,クラフトFXピアス,
2515,モスカバFXヘルム,
2516,モスカバFXキャップ,
2517,エクセレFXヘルム,Heaume Excelle FX
2518,エクセレFXキャップ,Casquette Excelle FX
2519,蒼空ノ鉢金・真,
2520,蒼天ノ鉢金・真,
2521,ビステマヘッド,
2522,リオデュオＦヘルム,Heaume Rath F
2523,リオデュオＦキャップ,Casquette Rath F
2524,ロークＦヘルム,
2525,ロークＦキャップ,
2526,ブルホＦヘッド・青,
2527,マーギアＦハット・青,
2528,ゴゴFXヘルム,Heaume Gogomoa FX
2529,ゴゴFXキャップ,Casquette Gogomoa FX
2530,クラージFXヘルム,Heaume Kuraaji FX
2531,クラージFXキャップ,Casquette Kuraaji FX
2532,ザーカーFXヘッド,Coiffe Zaakaa FX
2533,チェイサーFXキャップ,Casquette Poursuivant FX
2534,アビットFZヘッド,Coiffe Abitto FZ
2535,アビットFZハール,Chevelure Abitto FZ
2536,アージェFZヘッド,Coiffe Arge FZ
2537,アージェFZハール,Chevelure Arge FZ
2538,カマレラFZヘッド,Coiffe Camarera FZ
2539,カマレラFZハール,Chevelure Camarera FZ
2540,メテネラFZヘッド,Coiffe Metenera FZ
2541,メテネラFZハール,Chevelure Metenera FZ
2542,ルコFXヘッド,Coiffe Ruko FX
2543,ルコFXフェイス,
2544,アクラチャーム,
2545,アクラチャームＦ,
2546,アクラチャームSP,
2547,ベルチャーム,
2548,ベルチャームＦ,
2549,ベルチャームSP,
2550,パリアチャーム,
2551,パリアチャームＦ,
2552,パリアチャームSP,
2553,ルーキーピアス,Piercing Recrue
2554,ザムザヘルム,Heaume Zamuza
2555,ザムザＦヘルム,Heaume Zamuza F
2556,ザムザFXヘルム,Heaume Zamuza FX
2557,ザムザキャップ,Casquette Zamuza
2558,ザムザＦキャップ,Casquette Zamuza F
2559,ザムザFXキャップ,Casquette Zamuza FX
2560,アビオヘルム,Heaume Abiorugu
2561,アビオＦヘルム,Heaume Abiorugu F
2562,アビオFXヘルム,Heaume Abiorugu FX
2563,アビオキャップ,Casquette Abiorugu
2564,アビオＦキャップ,Casquette Abiorugu F
2565,アビオFXキャップ,Casquette Abiorugu FX
2566,クロオビヘルムSP白,
2567,クロオビヘルムSP黒,
2568,クロオビヘルムSP青,
2569,アプカルヘルムSP白,
2570,アプカルヘルムSP緑,
2571,アプカルヘルムSP黄,
2572,ガレオスLXヘルム,Heaume Cephalos LX
2573,ブランゴLXヘルム,Heaume Blango LX
2574,グラビドLXヘルム,Heaume Gravios LX
2575,ボーンLXキャップ,Casquette Os LX
2576,ガレオスRXヘルム,Heaume Cephalos RX
2577,ブランゴRXヘルム,Heaume Blango RX
2578,グラビドRXヘルム,Heaume Gravios RX
2579,ボーンRXキャップ,Casquette Os RX
2580,白蛇ノ鉢金,
2581,白蛇ノ鉢金・魁,
2582,白鳥ノ鉢金,
2583,白鳥ノ鉢金・魁,
2584,カカブヘッド,Coiffe Kakabu
2585,カカブキャップ,Casquette Kakabu
2586,オネロヘルム,Heaume Onero
2587,オネロキャップ,Casquette Onero
2588,ジャガーヘルム,Heaume Jyaga
2589,ジャガーキャップ,Casquette Jyaga
2590,オメットヘルム・黒,Heaume Omet noir
2591,オメットＦヘルム・黒,Heaume Omet F noir
2592,オメットマスク・黒,Masque Omet noir
2593,オメットＦマスク・黒,Masque Omet F noir
2594,オメットヘルム・赤,Heaume Omet rouge
2595,オメットＦヘルム・赤,Heaume Omet F rouge
2596,オメットマスク・赤,Masque Omet rouge
2597,オメットＦマスク・赤,Masque Omet F rouge
2598,オメットヘルム・白,Heaume Omet blanc
2599,オメットＦヘルム・白,Heaume Omet F blanc
2600,オメットマスク・白,Masque Omet blanc
2601,オメットＦマスク・白,Masque Omet F blanc
2602,オメットヘルム・青,Heaume Omet bleu
2603,オメットＦヘルム・青,Heaume Omet F bleu
2604,オメットマスク・青,Masque Omet bleu
2605,オメットＦマスク・青,Masque Omet F bleu
2606,ルターレヘルム,Heaume Rutare
2607,ルターレＦヘルム,Heaume Rutare F
2608,ルターレキャップ,Casquette Rutare
2609,ルターレＦキャップ,Casquette Rutare F
2610,流転の鉢金,
2611,流転の鉢金・魁,
2612,旋転の鉢金,
2613,旋転の鉢金・魁,
2614,厳岩の帽,
2615,厳岩の帽・魁,
2616,不破の帽,
2617,不破の帽・魁,
2618,無想の帽,
2619,無想の帽・魁,
2620,俊激の面,
2621,俊激の面・魁,
2622,スイフドヘッド,Coiffe Suifudo
2623,スイフドＦヘッド,Coiffe Suifudo F
2624,メロデスヘッド,Coiffe Merodesu
2625,メロデスＦヘッド,Coiffe Merodesu F
2626,スマトスヘッド,Coiffe Sumatosu
2627,スマトスＦヘッド,Coiffe Sumatosu F
2628,パッシオハール,Chevelure Passhio
2629,パッシオＦハール,Chevelure Passhio F
2630,カウチュピアス・灰,
2631,カウチュＦピアス・灰,
2632,カウチュハール・灰,
2633,カウチュＦハール・灰,
2634,カウチュピアス・青,Piercing Kauchu bleu
2635,カウチュＦピアス・青,Piercing Kauchu F bleu
2636,カウチュハール・青,Chevelure Kauchu bleue
2637,カウチュＦハール・青,Chevelure Kauchu F bleue
2638,カウチュピアス・橙,Piercing Kauchu orange
2639,カウチュＦピアス・橙,Piercing Kauchu F orange
2640,カウチュハール・橙,Chevelure Kauchu orange
2641,カウチュＦハール・橙,Chevelure Kauchu F orange
2642,カウチュピアス・緑,Piercing Kauchu vert
2643,カウチュＦピアス・緑,Piercing Kauchu F vert
2644,カウチュハール・緑,Chevelure Kauchu verte
2645,カウチュＦハール・緑,Chevelure Kauchu F verte
2646,ジストレルＦヘッド,Coiffe Jisutoreru F
2647,リサーザＦヘッド,Coiffe Risaaza F
2648,リサーザＦマスク,Masque Risaaza F
2649,テクストFZヘッド・紫,Coiffe Texte FZ violette
2650,テクストFZヘッド・緑,Coiffe Texte FZ verte
2651,テクストFZヘッド・青,Coiffe Texte FZ bleue
2652,テクストFZヘッド・黒,Coiffe Texte FZ noire
2653,テクストFZマスク・紫,Masque Texte FZ violet
2654,テクストFZマスク・緑,Masque Texte FZ vert
2655,テクストFZマスク・青,Masque Texte FZ bleu
2656,テクストFZマスク・黒,Masque Texte FZ noir
2657,スリートFZヘッド・黄,Coiffe Grésil FZ jaune
2658,スリートFZヘッド・銀,Coiffe Grésil FZ argentée
2659,スリートFZヘッド・赤,Coiffe Grésil FZ rouge
2660,スリートFZヘッド・青,Coiffe Grésil FZ bleue
2661,スリートFZハール・黄,Chevelure Grésil FZ jaune
2662,スリートFZハール・銀,Chevelure Grésil FZ argentée
2663,スリートFZハール・赤,Chevelure Grésil FZ rouge
2664,スリートFZハール・青,Chevelure Grésil FZ bleue
2665,ステノFZヘルム・橙,Heaume Stheno FZ orange
2666,ステノFZヘルム・桃,Heaume Stheno FZ rose
2667,ステノFZヘルム・青,Heaume Stheno FZ bleu
2668,ステノFZヘルム・赤,Heaume Stheno FZ rouge
2669,ステノFZキャップ・橙,Casquette Stheno FZ orange
2670,ステノFZキャップ・桃,Casquette Stheno FZ rose
2671,ステノFZキャップ・青,Casquette Stheno FZ bleue
2672,ステノFZキャップ・赤,Casquette Stheno FZ rouge
2673,エディオFZヘルム・青,Heaume Edio FZ bleu
2674,エディオFZヘルム・赤,Heaume Edio FZ rouge
2675,エディオFZヘルム・黄,Heaume Edio FZ jaune
2676,エディオFZヘルム・黒,Heaume Edio FZ noir
2677,エディオFZマスク・青,Masque Edio FZ bleu
2678,エディオFZマスク・赤,Masque Edio FZ rouge
2679,エディオFZマスク・黄,Masque Edio FZ jaune
2680,エディオFZマスク・黒,Masque Edio FZ noir
2681,ガリトスFZヘッド・茶,Coiffe Garitos FZ brune
2682,ガリトスFZヘッド・赤,Coiffe Garitos FZ rouge
2683,ガリトスFZヘッド・黒,Coiffe Garitos FZ noire
2684,ガリトスFZヘッド・水,
2685,ガリトスFZバンド・茶,Bandeau Garitos FZ brun
2686,ガリトスFZバンド・赤,Bandeau Garitos FZ rouge
2687,ガリトスFZバンド・黒,Bandeau Garitos FZ noir
2688,ガリトスFZバンド・水,
2689,アビオバレッタ,
2690,アビオバレッタF,
2691,エルペフェイク,
2692,エルペフェイクＦ,
2693,ブルックフェイク,
2694,ブルックフェイクＦ,
2695,ゴゴコサージュ,
2696,ゴゴコサージュＦ,
2697,ジオピアス貤,
2698,ジオＦピアス貤,
2699,ジオピアス賖,
2700,ジオＦピアス賖,
2701,ジオピアス賕,
2702,ジオＦピアス賕,
2703,ジオピアス賙,
2704,ジオＦピアス賙,
2705,ジオピアス𧶠,
2706,ジオＦピアス𧶠,
2707,ジオピアス賰,
2708,ジオＦピアス賰,
2709,ジオピアス賱,
2710,ジオＦピアス賱,
2711,ジオピアス𧸐,
2712,ジオＦピアス𧸐,
2713,ベイルＦイヤリング,
2714,アハバーピアス,
2715,アハバーＦピアス,
2716,クローニーピアス,
2717,クローニーＦピアス,
2718,ダミー,
2719,ザムザバレッタ,
2720,ザムザバレッタＦ,
2721,ジェスヘルム,Heaume Jess
2722,ジェスＦヘルム,Heaume Jess F
2723,ジェスFYヘルム,Heaume Jess FY
2724,ジェスHCヘルム,Heaume Jess HC
2725,ジェスキャップ,Casquette Jess
2726,ジェスＦキャップ,Casquette Jess F
2727,ジェスFYキャップ,Casquette Jess FY
2728,ジェスHCキャップ,Casquette Jess HC
2729,エクエスHCヘルム,Heaume Eques HC
2730,エクエスHCキャップ,Casquette Eques HC
2731,クラージHCヘルム,Heaume Kuraaji HC
2732,クラージHCキャップ,Casquette Kuraaji HC
2733,メランFYヘッド,Coiffe Melan FY
2734,メランHCヘッド,Coiffe Melan HC
2735,メランFYウィッグ,
2736,メランHCウィッグ,
2737,ハルバダーFYヘッド,Coiffe Harubadaa FY
2738,ハルバダーHCヘッド,Coiffe Harubadaa HC
2739,トラッカーFYキャップ,Casquette Traqueur FY
2740,トラッカーHCキャップ,Casquette Traqueur HC
2741,オメットFZヘルム・黒,Heaume Omet FZ noir
2742,オメットFZマスク・黒,Masque Omet FZ noir
2743,オメットFZヘルム・赤,Heaume Omet FZ rouge
2744,オメットFZマスク・赤,Masque Omet FZ rouge
2745,オメットFZヘルム・白,Heaume Omet FZ blanc
2746,オメットFZマスク・白,Masque Omet FZ blanc
2747,オメットFZヘルム・青,Heaume Omet FZ bleu
2748,オメットFZマスク・青,Masque Omet FZ bleu
2749,カウチュFZピアス・灰,
2750,カウチュFZハール・灰,
2751,カウチュFZピアス・青,Piercing Kauchu FZ bleu
2752,カウチュFZハール・青,Chevelure Kauchu FZ bleue
2753,カウチュFZピアス・橙,Piercing Kauchu FZ orange
2754,カウチュFZハール・橙,Chevelure Kauchu FZ orange
2755,カウチュFZピアス・緑,Piercing Kauchu FZ vert
2756,カウチュFZハール・緑,Chevelure Kauchu FZ verte
2757,カウチュHCピアス・灰,
2758,カウチュHCハール・灰,
2759,カウチュHCピアス・青,Piercing Kauchu HC bleu
2760,カウチュHCハール・青,Chevelure Kauchu HC bleue
2761,カウチュHCピアス・橙,Piercing Kauchu HC orange
2762,カウチュHCハール・橙,Chevelure Kauchu HC orange
2763,カウチュHCピアス・緑,Piercing Kauchu HC vert
2764,カウチュHCハール・緑,Chevelure Kauchu HC verte
2765,ガウスFZヘルム,Heaume Gauss FZ
2766,ウェーバFZヘルム,Heaume Weber FZ
2767,ギルバートFZヘルム,Heaume Gilbert FZ
2768,ガウスFZマスク,Masque Gauss FZ
2769,ウェーバFZマスク,Masque Weber FZ
2770,ギルバートFZマスク,Masque Gilbert FZ
2771,ガウスHCヘルム,Heaume Gauss HC
2772,ウェーバHCヘルム,Heaume Weber HC
2773,ギルバートHCヘルム,Heaume Gilbert HC
2774,ガウスHCマスク,Masque Gauss HC
2775,ウェーバHCマスク,Masque Weber HC
2776,ギルバートHCマスク,Masque Gilbert HC
2777,シャランFZヘッド・青,Coiffe Sharan FZ bleue
2778,シャランHCヘッド・青,Coiffe Sharan HC bleue
2779,シャランFZハット・青,Chapeau Sharan FZ bleu
2780,シャランHCハット・青,Chapeau Sharan HC bleu
2781,シャランFZヘッド・緑,Coiffe Sharan FZ verte
2782,シャランHCヘッド・緑,Coiffe Sharan HC verte
2783,シャランFZハット・緑,Chapeau Sharan FZ vert
2784,シャランHCハット・緑,Chapeau Sharan HC vert
2785,シャランFZヘッド・紫,Coiffe Sharan FZ violette
2786,シャランHCヘッド・紫,Coiffe Sharan HC violette
2787,シャランFZハット・紫,Chapeau Sharan FZ violet
2788,シャランHCハット・紫,Chapeau Sharan HC violet
2789,シャランFZヘッド・白,Coiffe Sharan FZ blanche
2790,シャランHCヘッド・白,Coiffe Sharan HC blanche
2791,シャランFZハット・白,Chapeau Sharan FZ blanc
2792,シャランHCハット・白,Chapeau Sharan HC blanc
2793,ダミー,
2794,ダミー,
2795,ダミー,
2796,ダミー,
2797,ダミー,
2798,ダミー,
2799,ダミー,
2800,ダミー,
2801,ダミー,
2802,ダミー,
2803,ダミー,
2804,ダミー,
2805,ダミー,
2806,ダミー,
2807,ダミー,
2808,ダミー,
2809,ダミー,
2810,ダミー,
2811,ダミー,
2812,ダミー,
2813,ダミー,
2814,ダミー,
2815,クアルヘルム,Heaume Kuaru
2816,クアルＦヘルム,Heaume Kuaru F
2817,クアルFXヘルム,Heaume Kuaru FX
2818,クアルキャップ,Casquette Kuaru
2819,クアルＦキャップ,Casquette Kuaru F
2820,クアルFXキャップ,Casquette Kuaru FX
2821,ウィンドアンク,
2822,ウィンドスーラ,
2823,ルコヘッドSP白,
2824,ルコヘッドSP青,
2825,ルコヘッドSP赤,
2826,ルコフェイスSP白,
2827,ルコフェイスSP青,
2828,ルコフェイスSP赤,
2829,コムラダヘルムSP白赤,
2830,コムラダヘルムSP白青,
2831,コムラダヘルムSP白黄,
2832,ルベライトヘルム,Heaume Rubellite
2833,ルベライトＦヘルム,Heaume Rubellite F
2834,ルベライトFXヘルム,Heaume Rubellite FX
2835,ラズライトヘルム,Heaume Lazurite
2836,ラズライトＦヘルム,Heaume Lazurite F
2837,ラズライトFXヘルム,Heaume Lazurite FX
2838,ジルコンヘルム,
2839,ジルコンＦヘルム,
2840,ジルコンFXヘルム,
2841,スピネルヘルム,Heaume Spinel
2842,スピネルＦヘルム,Heaume Spinel F
2843,スピネルFXヘルム,Heaume Spinel FX
2844,パイローブヘルム,Heaume Pyrope
2845,パイローブＦヘルム,Heaume Pyrope F
2846,パイローブFXヘルム,Heaume Pyrope FX
2847,アイオラヘルム,Heaume Iolite
2848,アイオラＦヘルム,Heaume Iolite F
2849,アイオラFXヘルム,Heaume Iolite FX
2850,ジェイドヘルム,
2851,ジェイドＦヘルム,
2852,ジェイドFXヘルム,
2853,アゲートヘルム,
2854,アゲートＦヘルム,
2855,アゲートFXヘルム,
2856,シトリンキャップ,Casquette Citrine
2857,シトリンＦキャップ,Casquette Citrine F
2858,シトリンFXキャップ,Casquette Citrine FX
2859,ペリドットキャップ,Casquette Peridot
2860,ペリドットＦキャップ,Casquette Peridot F
2861,ペリドットFXキャップ,Casquette Peridot FX
2862,ターコイズキャップ,
2863,ターコイズＦキャップ,
2864,ターコイズFXキャップ,
2865,納言ノ鉢金,
2866,納言ノ鉢金・魁,
2867,納言ノ鉢金・粋,
2868,納言ノ鉢金・華,
2869,式部ノ鉢金,
2870,式部ノ鉢金・魁,
2871,式部ノ鉢金・粋,
2872,式部ノ鉢金・華,
2873,アルルヘッド,Coiffe Aruru
2874,アルルＦヘッド,Coiffe Aruru F
2875,アルルFYヘッド,Coiffe Aruru FY
2876,アルルHCヘッド,Coiffe Aruru HC
2877,アルルキャップ,Casquette Aruru
2878,アルルＦキャップ,Casquette Aruru F
2879,アルルFYキャップ,Casquette Aruru FY
2880,アルルHCキャップ,Casquette Aruru HC
2881,オーロワヘルム,Heaume Oorowa
2882,オーロワＦヘルム,Heaume Oorowa F
2883,オーロワFYヘルム,Heaume Oorowa FY
2884,オーロワHCヘルム,Heaume Oorowa HC
2885,オーロワキャップ,Casquette Oorowa
2886,オーロワＦキャップ,Casquette Oorowa F
2887,オーロワFYキャップ,Casquette Oorowa FY
2888,オーロワHCキャップ,Casquette Oorowa HC
2889,オネロＦヘルム,Heaume Onero F
2890,オネロＦキャップ,Casquette Onero F
2891,ディールFYヘッド,Coiffe Diru FY
2892,ディールFYウィッグ,
2893,ストレガHCヘルム,Heaume Strega HC
2894,ストレガHCキャップ,Casquette Strega HC
2895,ザーカーHCヘッド,Coiffe Zaakaa HC
2896,チェイサーHCキャップ,Casquette Poursuivant HC
2897,鬼神ノ角・極,
2898,鬼神ノ角・天,
2899,童子ノ角・極,
2900,童子ノ角・天,
2901,アナキＦヘッド,
2902,アナキFYヘッド,
2903,アナキHCヘッド,
2904,アナキＦバンド,
2905,アナキFYバンド,
2906,アナキHCバンド,
2907,ロイヤルFYヘッド,
2908,ロイヤルHCヘッド,
2909,ロードFYキャップ,
2910,ロードHCキャップ,
2911,フレイヘッド,
2912,クロノスヘッド,
2913,フレイピアス,
2914,クロノスピアス,
2915,ヒメロスHCヘルム,Heaume Himeros HC
2916,ブレシスHCヘルム,Heaume Bureshisu HC
2917,カリエンHCキャップ,Casquette Charien HC
2918,ブランFYピアス,Piercing Buran FY
2919,ブランHCピアス,Piercing Buran HC
2920,ゲリョスLXヘルム,Heaume Gypceros LX
2921,ギザミLXヘルム,Heaume Ceanataur LX
2922,レックスLXヘルム,Heaume Tigrex LX
2923,モノブロスLXキャップ,Casquette Monoblos LX
2924,ゲリョスRXヘルム,Heaume Gypceros RX
2925,ギザミRXヘルム,Heaume Ceanataur RX
2926,エスピナRXゲヒル,
2927,モノデビルRXキャップ,Casquette Monodevil RX
2928,カエシスヘルム水,
2929,カエシスＦヘルム水,
2930,カエシスFZヘルム水,
2931,カエシスマスク水,
2932,カエシスＦマスク水,
2933,カエシスFZマスク水,
2934,カエシスヘルム赤,Heaume Cayssis rouge
2935,カエシスＦヘルム赤,Heaume Cayssis F rouge
2936,カエシスFZヘルム赤,Heaume Cayssis FZ rouge
2937,カエシスマスク赤,Masque Cayssis rouge
2938,カエシスＦマスク赤,Masque Cayssis F rouge
2939,カエシスFZマスク赤,Masque Cayssis FZ rouge
2940,カエシスヘルム青,Heaume Cayssis bleu
2941,カエシスＦヘルム青,Heaume Cayssis F bleu
2942,カエシスFZヘルム青,Heaume Cayssis FZ bleu
2943,カエシスマスク青,Masque Cayssis bleu
2944,カエシスＦマスク青,Masque Cayssis F bleu
2945,カエシスFZマスク青,Masque Cayssis FZ bleu
2946,カエシスヘルム橙,Heaume Cayssis orange
2947,カエシスＦヘルム橙,Heaume Cayssis F orange
2948,カエシスFZヘルム橙,Heaume Cayssis FZ orange
2949,カエシスマスク橙,Masque Cayssis orange
2950,カエシスＦマスク橙,Masque Cayssis F orange
2951,カエシスFZマスク橙,Masque Cayssis FZ orange
2952,嵐転の鉢金,
2953,嵐転の鉢金・魁,
2954,地転の鉢金,
2955,地転の鉢金・魁,
2956,キュビィヘルム,Heaume Cubie
2957,キュビィＦヘルム,Heaume Cubie F
2958,キュビィFZヘルム,Heaume Cubie FZ
2959,キュビィマスク,Masque Cubie
2960,キュビィＦマスク,Masque Cubie F
2961,キュビィFZマスク,Masque Cubie FZ
2962,フラートヘッド,
2963,フラートＦヘッド,
2964,ナーレーヘッド,
2965,ナーレーＦヘッド,
2966,ヘイツヘッド,
2967,ヘイツＦヘッド,
2968,レーングハール,
2969,レーングＦハール,
2970,シャッドヘッド,
2971,シャッドＦヘッド,
2972,フュージヘッド,
2973,フュージＦヘッド,
2974,タニイヘッド,
2975,タニイＦヘッド,
2976,ミナムハール,
2977,ミナムＦハール,
2978,シエナヘルム・銀,Heaume Sienne argenté
2979,シエナＦヘルム・銀,Heaume Sienne F argenté
2980,シエナFZヘルム・銀,Heaume Sienne FZ argenté
2981,シエナHCヘルム・銀,Heaume Sienne HC argenté
2982,シエナキャップ・銀,Casquette Sienne argentée
2983,シエナＦキャップ・銀,Casquette Sienne F argentée
2984,シエナFZキャップ・銀,Casquette Sienne FZ argentée
2985,シエナHCキャップ・銀,Casquette Sienne HC argentée
2986,シエナヘルム・黒,Heaume Sienne noir
2987,シエナＦヘルム・黒,Heaume Sienne F noir
2988,シエナFZヘルム・黒,Heaume Sienne FZ noir
2989,シエナHCヘルム・黒,Heaume Sienne HC noir
2990,シエナキャップ・黒,Casquette Sienne noire
2991,シエナＦキャップ・黒,Casquette Sienne F noire
2992,シエナFZキャップ・黒,Casquette Sienne FZ noire
2993,シエナHCキャップ・黒,Casquette Sienne HC noire
2994,シエナヘルム・赤,Heaume Sienne rouge
2995,シエナＦヘルム・赤,Heaume Sienne F rouge
2996,シエナFZヘルム・赤,Heaume Sienne FZ rouge
2997,シエナHCヘルム・赤,Heaume Sienne HC rouge
2998,シエナキャップ・赤,Casquette Sienne rouge
2999,シエナＦキャップ・赤,Casquette Sienne F rouge
3000,シエナFZキャップ・赤,Casquette Sienne FZ rouge
3001,シエナHCキャップ・赤,Casquette Sienne HC rouge
3002,シエナヘルム・青,Heaume Sienne bleu
3003,シエナＦヘルム・青,Heaume Sienne F bleu
3004,シエナFZヘルム・青,Heaume Sienne FZ bleu
3005,シエナHCヘルム・青,Heaume Sienne HC bleu
3006,シエナキャップ・青,Casquette Sienne bleue
3007,シエナＦキャップ・青,Casquette Sienne F bleue
3008,シエナFZキャップ・青,Casquette Sienne FZ bleue
3009,シエナHCキャップ・青,Casquette Sienne HC bleue
3010,ガウスヘルム,Heaume Gauss
3011,ガウスＦヘルム,Heaume Gauss F
3012,ウェーバヘルム,Heaume Weber
3013,ウェーバＦヘルム,Heaume Weber F
3014,ギルバートヘルム,Heaume Gilbert
3015,ギルバートＦヘルム,Heaume Gilbert F
3016,ガウスマスク,Masque Gauss
3017,ガウスＦマスク,Masque Gauss F
3018,ウェーバマスク,Masque Weber
3019,ウェーバＦマスク,Masque Weber F
3020,ギルバートマスク,Masque Gilbert
3021,ギルバートＦマスク,Masque Gilbert F
3022,レギュクスＦヘッド,Coiffe Regyukusu F
3023,レギュクスＦマスク,Masque Regyukusu F
3024,ガルーダFZヘッド,Coiffe Garuda FZ
3025,ガルーダFZピアス,Piercing Garuda FZ
3026,フィアラルFZヘッド,Coiffe Féral FZ
3027,フィアラルFZピアス,Piercing Féral FZ
3028,パンデウムFZヘッド,Coiffe Pandeum FZ
3029,パンデウムFZピアス,Piercing Pandeum FZ
3030,ディアンFZヘッド,Coiffe Dian FZ
3031,ディアンFZピアス,Piercing Dian FZ
3032,ワイルドFZヘッド,Coiffe Sauvage FZ
3033,ワイルドFZピアス,Piercing Sauvage FZ
3034,フラウアFZヘッド,Coiffe Fleur FZ
3035,フラウアFZピアス,Piercing Fleur FZ
3036,フィアスFZヘッド,Coiffe Fias FZ
3037,フィアスFZピアス,Piercing Fias FZ
3038,ヴィルトFZヘッド,Coiffe Viruto FZ
3039,ヴィルトFZピアス,Piercing Viruto FZ
3040,テューンFZヘッド,
3041,シュナイトFZピアス,Piercing Schnite FZ
3042,ディクトFZヘッド,Coiffe Dicto FZ
3043,ディレットFZピアス,Piercing Diletto FZ
3044,クリュスFZヘッド,Coiffe Kruss FZ
3045,クォートFZピアス,
3046,スタリナFZヘッド,Coiffe Starina FZ
3047,スタリナFZピアス,Piercing Starina FZ
3048,ルースFZヘッド,
3049,ルースFZピアス,
3050,ミラドFZヘッド,Coiffe Mirado FZ
3051,ミラドFZピアス,Piercing Mirado FZ
3052,デュールFZヘルム,Heaume Deyuru FZ
3053,デュールFZキャップ,Casquette Deyuru FZ
3054,ロバストFZアンク,
3055,ロバストFZフェイス,
3056,ファルコFZヘルム,Heaume Falco FZ
3057,ファルコFZキャップ,Casquette Falco FZ
3058,ハウクスFZヘルム,Heaume Howx FZ
3059,ハウクスFZキャップ,Casquette Howx FZ
3060,ピラータFZヘッド,Coiffe Pirata FZ
3061,ピラータFZキャップ,Casquette Pirata FZ
3062,ゼロイFZヘッド,Coiffe Zeroi FZ
3063,ゼロイFZキャップ,Casquette Zeroi FZ
3064,レイルFZヘルム,
3065,レイルFZキャップ,
3066,リーデレFZヘルム,Heaume Ridere FZ
3067,リーデレFZキャップ,Casquette Ridere FZ
3068,リエットFZヘルム,Heaume Émeute FZ
3069,リエットFZキャップ,Casquette Émeute FZ
3070,ルターレFZヘルム,Heaume Rutare FZ
3071,ルターレFZキャップ,Casquette Rutare FZ
3072,流転の鉢金・雅,
3073,旋転の鉢金・雅,
3074,嵐転の鉢金・雅,
3075,地転の鉢金・雅,
3076,クアルバレッタ,
3077,クアルバレッタＦ,
3078,アビオコサージュ,
3079,アビオコサージュＦ,
3080,ザムザコサージュ,
3081,ザムザコサージュＦ,
3082,レグラスカーフFZ,
3083,フェロウスカーフFZ,
3084,トリアピアス貤,
3085,トリアＦピアス貤,
3086,トリアピアス賖,
3087,トリアＦピアス賖,
3088,トリアピアス賕,
3089,トリアＦピアス賕,
3090,トリアピアス賙,
3091,トリアＦピアス賙,
3092,トリアピアス𧶠,
3093,トリアＦピアス𧶠,
3094,トリアピアス賰,
3095,トリアＦピアス賰,
3096,トリアピアス賱,
3097,トリアＦピアス賱,
3098,トリアピアス𧸐,
3099,トリアＦピアス𧸐,
3100,ブランFYヘッド,Coiffe Buran FY
3101,ブランHCヘッド,Coiffe Buran HC
3102,オディバヘルム,Heaume Odiva
3103,オディバＦヘルム,Heaume Odiva F
3104,オディバFXヘルム,Heaume Odiva FX
3105,オディバキャップ,Casquette Odiva
3106,オディバＦキャップ,Casquette Odiva F
3107,オディバFXキャップ,Casquette Odiva FX
3108,武者【兜】,
3109,日光【兜】,
3110,ブリッツＦホーン,
3111,ブリッツＦコルノ,
3112,フレイムＦクラウン,
3113,フレイムＦマスク,Masque Flamme F
3114,ウィンドＦアンク,
3115,ウィンドＦスーラ,
3116,武者Ｆ【兜】,
3117,日光Ｆ【兜】,
3118,ワダツミＦ【烏帽子】,
3119,オカミＦ【烏帽子】,
3120,オディバレッタ,
3121,オディバレッタＦ,
3122,トリートヘッド,
3123,トリートＦヘッド,
3124,トリートFYヘッド,
3125,トリートHCヘッド,
3126,トリートピアス,
3127,トリートＦピアス,
3128,トリートFYピアス,
3129,トリートHCピアス,
3130,タングスヘッド,Coiffe Tangusu
3131,タングスＦヘッド,Coiffe Tangusu F
3132,タングスFYヘッド,Coiffe Tangusu FY
3133,タングスHCヘッド,Coiffe Tangusu HC
3134,コバルタキャップ,Casquette Kobaruta
3135,コバルタＦキャップ,Casquette Kobaruta F
3136,コバルタFYキャップ,Casquette Kobaruta FY
3137,コバルタHCキャップ,Casquette Kobaruta HC
3138,ドグメアヘルム,Heaume Dogumea
3139,ドグメアＦヘルム,Heaume Dogumea F
3140,ドグメアFYヘルム,Heaume Dogumea FY
3141,ドグメアHCヘルム,Heaume Dogumea HC
3142,ドグメアキャップ,Casquette Dogumea
3143,ドグメアＦキャップ,Casquette Dogumea F
3144,ドグメアFYキャップ,Casquette Dogumea FY
3145,ドグメアHCキャップ,Casquette Dogumea HC
3146,クアルコサージュ,
3147,クアルコサージュＦ,
3148,マダルヘルム,Heaume Madaru
3149,マダルＦヘルム,Heaume Madaru F
3150,マダルFYヘルム,Heaume Madaru FY
3151,マダルHCヘルム,Heaume Madaru HC
3152,マダルキャップ,Casquette Madaru
3153,マダルＦキャップ,Casquette Madaru F
3154,マダルFYキャップ,Casquette Madaru FY
3155,マダルHCキャップ,Casquette Madaru HC
3156,ディールHCヘッド,Coiffe Diru HC
3157,ディールHCウィッグ,
3158,ヴィネンFYヘッド,Coiffe Vinen FY
3159,ヴィネンHCヘッド,Coiffe Vinen HC
3160,ヴィネンFYバンド,Bandeau Vinen FY
3161,ヴィネンHCバンド,Bandeau Vinen HC
3162,ブレオFYヘッド,Coiffe Breo FY
3163,ブレオFYピアス,Piercing Breo FY
3164,ブレオHCヘッド,Coiffe Breo HC
3165,ブレオHCピアス,Piercing Breo HC
3166,カカブＦヘッド,Coiffe Kakabu F
3167,カカブFYヘッド,Coiffe Kakabu FY
3168,カカブHCヘッド,Coiffe Kakabu HC
3169,カカブＦキャップ,Casquette Kakabu F
3170,カカブFYキャップ,Casquette Kakabu FY
3171,カカブHCキャップ,Casquette Kakabu HC
3172,ゴスペルFYヘルム,
3173,ゴスペルHCヘルム,
3174,ゴスペルFYキャップ,
3175,ゴスペルHCキャップ,
3176,ゾデックヘルム・青,Heaume Zodec bleu
3177,ゾデックＦヘルム・青,Heaume Zodec F bleu
3178,ゾデックFZヘルム・青,Heaume Zodec FZ bleu
3179,ゾデックマスク・青,Masque Zodec bleu
3180,ゾデックＦマスク・青,Masque Zodec F bleu
3181,ゾデックFZマスク・青,Masque Zodec FZ bleu
3182,ゾデックヘルム・茶,Heaume Zodec brun
3183,ゾデックＦヘルム・茶,Heaume Zodec F brun
3184,ゾデックFZヘルム・茶,Heaume Zodec FZ brun
3185,ゾデックマスク・茶,Masque Zodec brun
3186,ゾデックＦマスク・茶,Masque Zodec F brun
3187,ゾデックFZマスク・茶,Masque Zodec FZ brun
3188,ゾデックヘルム・緑,Heaume Zodec vert
3189,ゾデックＦヘルム・緑,Heaume Zodec F vert
3190,ゾデックFZヘルム・緑,Heaume Zodec FZ vert
3191,ゾデックマスク・緑,Masque Zodec vert
3192,ゾデックＦマスク・緑,Masque Zodec F vert
3193,ゾデックFZマスク・緑,Masque Zodec FZ vert
3194,ゾデックヘルム・桜,
3195,ゾデックＦヘルム・桜,
3196,ゾデックFZヘルム・桜,
3197,ゾデックマスク・桜,
3198,ゾデックＦマスク・桜,
3199,ゾデックFZマスク・桜,
3200,レイストヘッド・黒,Coiffe Reist noire
3201,レイストＦヘッド・黒,Coiffe Reist F noire
3202,レイストFZヘッド・黒,Coiffe Reist FZ noire
3203,レイストHCヘッド・黒,Coiffe Reist HC noire
3204,レイストハール・黒,Chevelure Reist noire
3205,レイストＦハール・黒,Chevelure Reist F noire
3206,レイストFZハール・黒,Chevelure Reist FZ noire
3207,レイストHCハール・黒,Chevelure Reist HC noire
3208,レイストヘッド・青,Coiffe Reist bleue
3209,レイストＦヘッド・青,Coiffe Reist F bleue
3210,レイストFZヘッド・青,Coiffe Reist FZ bleue
3211,レイストHCヘッド・青,Coiffe Reist HC bleue
3212,レイストハール・青,Chevelure Reist bleue
3213,レイストＦハール・青,Chevelure Reist F bleue
3214,レイストFZハール・青,Chevelure Reist FZ bleue
3215,レイストHCハール・青,Chevelure Reist HC bleue
3216,レイストヘッド・紅,Coiffe Reist cramoisie
3217,レイストＦヘッド・紅,Coiffe Reist F cramoisie
3218,レイストFZヘッド・紅,Coiffe Reist FZ cramoisie
3219,レイストHCヘッド・紅,Coiffe Reist HC cramoisie
3220,レイストハール・紅,Chevelure Reist cramoisie
3221,レイストＦハール・紅,Chevelure Reist F cramoisie
3222,レイストFZハール・紅,Chevelure Reist FZ cramoisie
3223,レイストHCハール・紅,Chevelure Reist HC cramoisie
3224,レイストヘッド・白,Coiffe Reist blanche
3225,レイストＦヘッド・白,Coiffe Reist F blanche
3226,レイストFZヘッド・白,Coiffe Reist FZ blanche
3227,レイストHCヘッド・白,Coiffe Reist HC blanche
3228,レイストハール・白,Chevelure Reist blanche
3229,レイストＦハール・白,Chevelure Reist F blanche
3230,レイストFZハール・白,Chevelure Reist FZ blanche
3231,レイストHCハール・白,Chevelure Reist HC blanche
3232,ラトリアヘッド,Coiffe Latria
3233,ラトリアＦヘッド,Coiffe Latria F
3234,ラトリアFZヘッド,Coiffe Latria FZ
3235,ラトリアハール,Chevelure Latria
3236,ラトリアＦハール,Chevelure Latria F
3237,ラトリアFZハール,Chevelure Latria FZ
3238,ケモルヘルム,Heaume Kemor
3239,ケモルＦヘルム,Heaume Kemor F
3240,ケモルFZヘルム,Heaume Kemor FZ
3241,ケモルマスク,Masque Kemor
3242,ケモルＦマスク,Masque Kemor F
3243,ケモルFZマスク,Masque Kemor FZ
3244,ダミー,
3245,ダミー,
3246,ダミー,
3247,ダミー,
3248,ダミー,
3249,ダミー,
3250,ダミー,
3251,ダミー,
3252,ダミー,
3253,ダミー,
3254,ダミー,
3255,ダミー,
3256,ダミー,
3257,ダミー,
3258,ダミー,
3259,ダミー,
3260,ダミー,
3261,ダミー,
3262,剣士ランク１,
3263,剣士ランク２,
3264,剣士ランク３,
3265,剣士ランク４,
3266,剣士ランク５,
3267,剣士ランク６,
3268,剣士ランク７,
3269,ガンランク１,
3270,ガンランク２,
3271,ガンランク３,
3272,ガンランク４,
3273,ガンランク５,
3274,ガンランク６,
3275,ガンランク７,
3276,デュスノＦヘルム,
3277,デュスノＦキャップ,
3278,ブリッツFXホーン,
3279,ブリッツFXコルノ,
3280,フレイムFXクラウン,
3281,フレイムFXマスク,Masque Flamme FX
3282,ウィンドFXアンク,
3283,ウィンドFXスーラ,
3284,武者FX【兜】,
3285,日光FX【兜】,
3286,ワダツミFX【烏帽子】,
3287,オカミFX【烏帽子】,
3288,ラヴィHCヘッド,Coiffe Raviente HC
3289,ラヴィHCキャップ,Casquette Raviente HC
3290,エスピナHCゲヒル,
3291,エスピナHCアゼレ,
3292,アクラHCヘルム,Heaume Akura HC
3293,アクラHCキャップ,Casquette Akura HC
3294,アクラHCヘルム黄,Heaume Akura HC jaune
3295,アクラHCキャップ黄,Casquette Akura HC jaune
3296,アクラHCヘルム蒼,Heaume Akura HC azur
3297,アクラHCキャップ蒼,Casquette Akura HC azur
3298,アクラHCヘルム紅,Heaume Akura HC cramoisi
3299,アクラHCキャップ紅,Casquette Akura HC cramoisie
3300,稲荷・HC【兜】,
3301,玉藻・HC【御面】,
3302,ベルHCヘルム,Heaume Beru HC
3303,ベルHCキャップ,Casquette Beru HC
3304,パリアHCヘルム,Heaume Paria HC
3305,パリアHCキャップ,Casquette Paria HC
3306,グレンHCヘッド,Coiffe Guren HC
3307,グレンHCキャップ,Casquette Guren HC
3308,神楽HC【兜】,
3309,神座HC【鉢金】,
3310,ゴゴHCヘルム,Heaume Gogomoa HC
3311,ゴゴHCキャップ,Casquette Gogomoa HC
3312,ルコHCヘッド,Coiffe Ruko HC
3313,ルコHCフェイス,
3314,ザムザHCヘルム,Heaume Zamuza HC
3315,ザムザHCキャップ,Casquette Zamuza HC
3316,アビオHCヘルム,Heaume Abiorugu HC
3317,アビオHCキャップ,Casquette Abiorugu HC
3318,クアルHCヘルム,Heaume Kuaru HC
3319,クアルHCキャップ,Casquette Kuaru HC
3320,テクストHCヘッド・紫,Coiffe Texte HC violette
3321,テクストHCマスク・紫,Masque Texte HC violet
3322,テクストHCヘッド・緑,Coiffe Texte HC verte
3323,テクストHCマスク・緑,Masque Texte HC vert
3324,テクストHCヘッド・青,Coiffe Texte HC bleue
3325,テクストHCマスク・青,Masque Texte HC bleu
3326,テクストHCヘッド・黒,Coiffe Texte HC noire
3327,テクストHCマスク・黒,Masque Texte HC noir
3328,スリートHCヘッド・黄,Coiffe Grésil HC jaune
3329,スリートHCハール・黄,Chevelure Grésil HC jaune
3330,スリートHCヘッド・銀,Coiffe Grésil HC argentée
3331,スリートHCハール・銀,Chevelure Grésil HC argentée
3332,スリートHCヘッド・赤,Coiffe Grésil HC rouge
3333,スリートHCハール・赤,Chevelure Grésil HC rouge
3334,スリートHCヘッド・青,Coiffe Grésil HC bleue
3335,スリートHCハール・青,Chevelure Grésil HC bleue
3336,ステノHCヘルム・橙,Heaume Stheno HC orange
3337,ステノHCキャップ・橙,Casquette Stheno HC orange
3338,ステノHCヘルム・桃,Heaume Stheno HC rose
3339,ステノHCキャップ・桃,Casquette Stheno HC rose
3340,ステノHCヘルム・青,Heaume Stheno HC bleu
3341,ステノHCキャップ・青,Casquette Stheno HC bleue
3342,ステノHCヘルム・赤,Heaume Stheno HC rouge
3343,ステノHCキャップ・赤,Casquette Stheno HC rouge
3344,レイジFZヘルム,Heaume Rage FZ
3345,レイジHCヘルム,Heaume Rage HC
3346,レイジFZマスク,Masque Rage FZ
3347,レイジHCマスク,Masque Rage HC
3348,ランページFZヘルム,Heaume Déchaînement FZ
3349,ランページHCヘルム,Heaume Déchaînement HC
3350,ランページFZマスク,Masque Déchaînement FZ
3351,ランページHCマスク,Masque Déchaînement HC
3352,ブレイズFZヘルム,Heaume Brasier FZ
3353,ブレイズHCヘルム,Heaume Brasier HC
3354,ブレイズFZマスク,Masque Brasier FZ
3355,ブレイズHCマスク,Masque Brasier HC
3356,アージェHCヘッド,Coiffe Arge HC
3357,アージェHCハール,Chevelure Arge HC
3358,カマレラHCヘッド,Coiffe Camarera HC
3359,カマレラHCハール,Chevelure Camarera HC
3360,メテネラHCヘッド,Coiffe Metenera HC
3361,メテネラHCハール,Chevelure Metenera HC
3362,ファランFZヘルム・白,Heaume Faran FZ blanc
3363,ファランHCヘルム・白,Heaume Faran HC blanc
3364,ファランFZマスク・白,Masque Faran FZ blanc
3365,ファランHCマスク・白,Masque Faran HC blanc
3366,ファランFZヘルム・黒,Heaume Faran FZ noir
3367,ファランHCヘルム・黒,Heaume Faran HC noir
3368,ファランFZマスク・黒,Masque Faran FZ noir
3369,ファランHCマスク・黒,Masque Faran HC noir
3370,ファランFZヘルム・赤,Heaume Faran FZ rouge
3371,ファランHCヘルム・赤,Heaume Faran HC rouge
3372,ファランFZマスク・赤,Masque Faran FZ rouge
3373,ファランHCマスク・赤,Masque Faran HC rouge
3374,ファランFZヘルム・青,Heaume Faran FZ bleu
3375,ファランHCヘルム・青,Heaume Faran HC bleu
3376,ファランFZマスク・青,Masque Faran FZ bleu
3377,ファランHCマスク・青,Masque Faran HC bleu
3378,エスピFZマスク・緑,
3379,エスピHCマスク・緑,
3380,エスピFZマスク・茶,
3381,エスピHCマスク・茶,
3382,エスピFZマスク・白,
3383,エスピHCマスク・白,
3384,ゾデックHCヘルム・青,Heaume Zodec HC bleu
3385,ゾデックHCマスク・青,Masque Zodec HC bleu
3386,ゾデックHCヘルム・茶,Heaume Zodec HC brun
3387,ゾデックHCマスク・茶,Masque Zodec HC brun
3388,ゾデックHCヘルム・緑,Heaume Zodec HC vert
3389,ゾデックHCマスク・緑,Masque Zodec HC vert
3390,ゾデックHCヘルム・桜,
3391,ゾデックHCマスク・桜,
3392,稲荷・HC【烏帽子】,
3393,玉藻・HC【覆面】,
3394,ラヴィHSヘッド,Coiffe Raviente HS
3395,ラヴィHSキャップ,Casquette Raviente HS
3396,エスピナHSゲヒル,
3397,エスピナHSアゼレ,
3398,アクラHSヘルム,Heaume Akura HS
3399,アクラHSキャップ,Casquette Akura HS
3400,アクラHSヘルム黄,Heaume Akura HS jaune
3401,アクラHSキャップ黄,Casquette Akura HS jaune
3402,アクラHSヘルム蒼,Heaume Akura HS azur
3403,アクラHSキャップ蒼,Casquette Akura HS azur
3404,アクラHSヘルム紅,Heaume Akura HS cramoisi
3405,アクラHSキャップ紅,Casquette Akura HS cramoisie
3406,稲荷・HS【兜】,
3407,稲荷・HS【烏帽子】,
3408,玉藻・HS【御面】,
3409,玉藻・HS【覆面】,
3410,ベルHSヘルム,Heaume Beru HS
3411,ベルHSキャップ,Casquette Beru HS
3412,パリアHSヘルム,Heaume Paria HS
3413,パリアHSキャップ,Casquette Paria HS
3414,グレンHSヘッド,Coiffe Guren HS
3415,グレンHSキャップ,Casquette Guren HS
3416,神楽HS【兜】,
3417,神座HS【鉢金】,
3418,ゴゴHSヘルム,Heaume Gogomoa HS
3419,ゴゴHSキャップ,Casquette Gogomoa HS
3420,ルコHSヘッド,Coiffe Ruko HS
3421,ルコHSフェイス,
3422,ザムザHSヘルム,Heaume Zamuza HS
3423,ザムザHSキャップ,Casquette Zamuza HS
3424,アビオHSヘルム,Heaume Abiorugu HS
3425,アビオHSキャップ,Casquette Abiorugu HS
3426,クアルHSヘルム,Heaume Kuaru HS
3427,クアルHSキャップ,Casquette Kuaru HS
3428,リルスＦヘッド,Coiffe Lils F
3429,リルスＦキャップ,Casquette Lils F
3430,リルスFXヘッド,Coiffe Lils FX
3431,リルスFXキャップ,Casquette Lils FX
3432,ゾデックHSヘルム・青,Heaume Zodec HS bleu
3433,ゾデックHSマスク・青,Masque Zodec HS bleu
3434,ゾデックHSヘルム・茶,Heaume Zodec HS brun
3435,ゾデックHSマスク・茶,Masque Zodec HS brun
3436,ゾデックHSヘルム・緑,Heaume Zodec HS vert
3437,ゾデックHSマスク・緑,Masque Zodec HS vert
3438,ゾデックHSヘルム・桜,
3439,ゾデックHSマスク・桜,
3440,レイストHSヘッド・黒,Coiffe Reist HS noire
3441,レイストHSハール・黒,Chevelure Reist HS noire
3442,レイストHSヘッド・青,Coiffe Reist HS bleue
3443,レイストHSハール・青,Chevelure Reist HS bleue
3444,レイストHSヘッド・紅,Coiffe Reist HS cramoisie
3445,レイストHSハール・紅,Chevelure Reist HS cramoisie
3446,レイストHSヘッド・白,Coiffe Reist HS blanche
3447,レイストHSハール・白,Chevelure Reist HS blanche
3448,クロースヘッド・赤,Coiffe Étoffe rouge
3449,クロースＦヘッド・赤,Coiffe Étoffe F rouge
3450,クロースFZヘッド・赤,Coiffe Étoffe FZ rouge
3451,クロースHCヘッド・赤,Coiffe Étoffe HC rouge
3452,クロースHSヘッド・赤,Coiffe Étoffe HS rouge
3453,クロースハール・赤,Chevelure Étoffe rouge
3454,クロースＦハール・赤,Chevelure Étoffe F rouge
3455,クロースFZハール・赤,Chevelure Étoffe FZ rouge
3456,クロースHCハール・赤,Chevelure Étoffe HC rouge
3457,クロースHSハール・赤,Chevelure Étoffe HS rouge
3458,クロースヘッド・青,Coiffe Étoffe bleue
3459,クロースＦヘッド・青,Coiffe Étoffe F bleue
3460,クロースFZヘッド・青,Coiffe Étoffe FZ bleue
3461,クロースHCヘッド・青,Coiffe Étoffe HC bleue
3462,クロースHSヘッド・青,Coiffe Étoffe HS bleue
3463,クロースハール・青,Chevelure Étoffe bleue
3464,クロースＦハール・青,Chevelure Étoffe F bleue
3465,クロースFZハール・青,Chevelure Étoffe FZ bleue
3466,クロースHCハール・青,Chevelure Étoffe HC bleue
3467,クロースHSハール・青,Chevelure Étoffe HS bleue
3468,クロースヘッド・紫,Coiffe Étoffe violette
3469,クロースＦヘッド・紫,Coiffe Étoffe F violette
3470,クロースFZヘッド・紫,Coiffe Étoffe FZ violette
3471,クロースHCヘッド・紫,Coiffe Étoffe HC violette
3472,クロースHSヘッド・紫,Coiffe Étoffe HS violette
3473,クロースハール・紫,Chevelure Étoffe violette
3474,クロースＦハール・紫,Chevelure Étoffe F violette
3475,クロースFZハール・紫,Chevelure Étoffe FZ violette
3476,クロースHCハール・紫,Chevelure Étoffe HC violette
3477,クロースHSハール・紫,Chevelure Étoffe HS violette
3478,クロースヘッド・緑,Coiffe Étoffe verte
3479,クロースＦヘッド・緑,Coiffe Étoffe F verte
3480,クロースFZヘッド・緑,Coiffe Étoffe FZ verte
3481,クロースHCヘッド・緑,Coiffe Étoffe HC verte
3482,クロースHSヘッド・緑,Coiffe Étoffe HS verte
3483,クロースハール・緑,Chevelure Étoffe verte
3484,クロースＦハール・緑,Chevelure Étoffe F verte
3485,クロースFZハール・緑,Chevelure Étoffe FZ verte
3486,クロースHCハール・緑,Chevelure Étoffe HC verte
3487,クロースHSハール・緑,Chevelure Étoffe HS verte
3488,一閃【鉢金】・赤,
3489,一閃Ｆ【鉢金】・赤,
3490,一閃FZ【鉢金】・赤,
3491,一閃HC【鉢金】・赤,
3492,一閃HS【鉢金】・赤,
3493,構射【鉢金】・赤,
3494,構射Ｆ【鉢金】・赤,
3495,構射FZ【鉢金】・赤,
3496,構射HC【鉢金】・赤,
3497,構射HS【鉢金】・赤,
3498,一閃【鉢金】・青,
3499,一閃Ｆ【鉢金】・青,
3500,一閃FZ【鉢金】・青,
3501,一閃HC【鉢金】・青,
3502,一閃HS【鉢金】・青,
3503,構射【鉢金】・青,
3504,構射Ｆ【鉢金】・青,
3505,構射FZ【鉢金】・青,
3506,構射HC【鉢金】・青,
3507,構射HS【鉢金】・青,
3508,一閃【鉢金】・黄,
3509,一閃Ｆ【鉢金】・黄,
3510,一閃FZ【鉢金】・黄,
3511,一閃HC【鉢金】・黄,
3512,一閃HS【鉢金】・黄,
3513,構射【鉢金】・黄,
3514,構射Ｆ【鉢金】・黄,
3515,構射FZ【鉢金】・黄,
3516,構射HC【鉢金】・黄,
3517,構射HS【鉢金】・黄,
3518,一閃【鉢金】・黒,
3519,一閃Ｆ【鉢金】・黒,
3520,一閃FZ【鉢金】・黒,
3521,一閃HC【鉢金】・黒,
3522,一閃HS【鉢金】・黒,
3523,構射【鉢金】・黒,
3524,構射Ｆ【鉢金】・黒,
3525,構射FZ【鉢金】・黒,
3526,構射HC【鉢金】・黒,
3527,構射HS【鉢金】・黒,
3528,蜂針【鉢金】・橙,
3529,蜂針Ｆ【鉢金】・橙,
3530,蜂針FZ【鉢金】・橙,
3531,蜂針HC【鉢金】・橙,
3532,蜂針HS【鉢金】・橙,
3533,気弾【鉢金】・橙,
3534,気弾Ｆ【鉢金】・橙,
3535,気弾FZ【鉢金】・橙,
3536,気弾HC【鉢金】・橙,
3537,気弾HS【鉢金】・橙,
3538,蜂針【鉢金】・青,
3539,蜂針Ｆ【鉢金】・青,
3540,蜂針FZ【鉢金】・青,
3541,蜂針HC【鉢金】・青,
3542,蜂針HS【鉢金】・青,
3543,気弾【鉢金】・青,
3544,気弾Ｆ【鉢金】・青,
3545,気弾FZ【鉢金】・青,
3546,気弾HC【鉢金】・青,
3547,気弾HS【鉢金】・青,
3548,蜂針【鉢金】・黄,
3549,蜂針Ｆ【鉢金】・黄,
3550,蜂針FZ【鉢金】・黄,
3551,蜂針HC【鉢金】・黄,
3552,蜂針HS【鉢金】・黄,
3553,気弾【鉢金】・黄,
3554,気弾Ｆ【鉢金】・黄,
3555,気弾FZ【鉢金】・黄,
3556,気弾HC【鉢金】・黄,
3557,気弾HS【鉢金】・黄,
3558,蜂針【鉢金】・黒,
3559,蜂針Ｆ【鉢金】・黒,
3560,蜂針FZ【鉢金】・黒,
3561,蜂針HC【鉢金】・黒,
3562,蜂針HS【鉢金】・黒,
3563,気弾【鉢金】・黒,
3564,気弾Ｆ【鉢金】・黒,
3565,気弾FZ【鉢金】・黒,
3566,気弾HC【鉢金】・黒,
3567,気弾HS【鉢金】・黒,
3568,アルゴルＦヘルム,Heaume Algol F
3569,アルゴルFXヘルム,Heaume Algol FX
3570,アルゴルＦキャップ,Casquette Algol F
3571,アルゴルFXキャップ,Casquette Algol FX
3572,抜胴【鉢金】,
3573,抜胴Ｆ【鉢金】,
3574,抜胴FZ【鉢金】,
3575,抜胴HS【鉢金】,
3576,長根【鉢金】,
3577,長根Ｆ【鉢金】,
3578,長根FZ【鉢金】,
3579,長根HS【鉢金】,
3580,花火【鉢金】,
3581,花火Ｆ【鉢金】,
3582,花火FZ【鉢金】,
3583,花火HS【鉢金】,
3584,流星【鉢金】,
3585,流星Ｆ【鉢金】,
3586,流星FZ【鉢金】,
3587,流星HS【鉢金】,
3588,居合【鉢金】,
3589,居合Ｆ【鉢金】,
3590,居合FZ【鉢金】,
3591,居合HC【鉢金】,
3592,爆裂【鉢金】,
3593,爆裂Ｆ【鉢金】,
3594,爆裂FZ【鉢金】,
3595,爆裂HC【鉢金】,
3596,脱兎【鉢金】,
3597,脱兎Ｆ【鉢金】,
3598,脱兎FZ【鉢金】,
3599,脱兎HC【鉢金】,
3600,狂咲【鉢金】,
3601,狂咲Ｆ【鉢金】,
3602,狂咲FZ【鉢金】,
3603,狂咲HC【鉢金】,
3604,正拳FZ鉢巻,
3605,正拳HC鉢巻,
3606,灼熱FZ鉢巻,
3607,灼熱HC鉢巻,
3608,龍星FZお団子,
3609,龍星HCお団子,
3610,虎襲FZお団子,
3611,虎襲HCお団子,
3612,コンタオヘッド,Coiffe Kontao
3613,コンタオＦヘッド,Coiffe Kontao F
3614,コンタオFZヘッド,Coiffe Kontao FZ
3615,ダミー,
3616,ダミー,
3617,コンタオハール,Chevelure Kontao
3618,コンタオＦハール,Chevelure Kontao F
3619,コンタオFZハール,Chevelure Kontao FZ
3620,ダミー,
3621,ダミー,
3622,グロリアヘルム・金,Heaume Gloria doré
3623,グロリアＦヘルム・金,Heaume Gloria F doré
3624,グロリアFZヘルム・金,Heaume Gloria FZ doré
3625,グロリアHCヘルム・金,Heaume Gloria HC doré
3626,グロリアHSヘルム・金,Heaume Gloria HS doré
3627,グロリアマスク・金,Masque Gloria doré
3628,グロリアＦマスク・金,Masque Gloria F doré
3629,グロリアFZマスク・金,Masque Gloria FZ doré
3630,グロリアHCマスク・金,Masque Gloria HC doré
3631,グロリアHSマスク・金,Masque Gloria HS doré
3632,グロリアヘルム・青,Heaume Gloria bleu
3633,グロリアＦヘルム・青,Heaume Gloria F bleu
3634,グロリアFZヘルム・青,Heaume Gloria FZ bleu
3635,グロリアHCヘルム・青,Heaume Gloria HC bleu
3636,グロリアHSヘルム・青,Heaume Gloria HS bleu
3637,グロリアマスク・青,Masque Gloria bleu
3638,グロリアＦマスク・青,Masque Gloria F bleu
3639,グロリアFZマスク・青,Masque Gloria FZ bleu
3640,グロリアHCマスク・青,Masque Gloria HC bleu
3641,グロリアHSマスク・青,Masque Gloria HS bleu
3642,グロリアヘルム・水,
3643,グロリアＦヘルム・水,
3644,グロリアFZヘルム・水,
3645,グロリアHCヘルム・水,
3646,グロリアHSヘルム・水,
3647,グロリアマスク・水,
3648,グロリアＦマスク・水,
3649,グロリアFZマスク・水,
3650,グロリアHCマスク・水,
3651,グロリアHSマスク・水,
3652,グロリアヘルム・赤,Heaume Gloria rouge
3653,グロリアＦヘルム・赤,Heaume Gloria F rouge
3654,グロリアFZヘルム・赤,Heaume Gloria FZ rouge
3655,グロリアHCヘルム・赤,Heaume Gloria HC rouge
3656,グロリアHSヘルム・赤,Heaume Gloria HS rouge
3657,グロリアマスク・赤,Masque Gloria rouge
3658,グロリアＦマスク・赤,Masque Gloria F rouge
3659,グロリアFZマスク・赤,Masque Gloria FZ rouge
3660,グロリアHCマスク・赤,Masque Gloria HC rouge
3661,グロリアHSマスク・赤,Masque Gloria HS rouge
3662,神龍鉢巻・赤,
3663,神龍Ｆ鉢巻・赤,
3664,神龍FZ鉢巻・赤,
3665,神龍HC鉢巻・赤,
3666,神龍HS鉢巻・赤,
3667,裂破鉢巻・赤,
3668,裂破Ｆ鉢巻・赤,
3669,裂破FZ鉢巻・赤,
3670,裂破HC鉢巻・赤,
3671,裂破HS鉢巻・赤,
3672,神龍鉢巻・白,
3673,神龍Ｆ鉢巻・白,
3674,神龍FZ鉢巻・白,
3675,神龍HC鉢巻・白,
3676,神龍HS鉢巻・白,
3677,裂破鉢巻・白,
3678,裂破Ｆ鉢巻・白,
3679,裂破FZ鉢巻・白,
3680,裂破HC鉢巻・白,
3681,裂破HS鉢巻・白,
3682,神龍鉢巻・紫,
3683,神龍Ｆ鉢巻・紫,
3684,神龍FZ鉢巻・紫,
3685,神龍HC鉢巻・紫,
3686,神龍HS鉢巻・紫,
3687,裂破鉢巻・紫,
3688,裂破Ｆ鉢巻・紫,
3689,裂破FZ鉢巻・紫,
3690,裂破HC鉢巻・紫,
3691,裂破HS鉢巻・紫,
3692,神龍鉢巻・黄,
3693,神龍Ｆ鉢巻・黄,
3694,神龍FZ鉢巻・黄,
3695,神龍HC鉢巻・黄,
3696,神龍HS鉢巻・黄,
3697,裂破鉢巻・黄,
3698,裂破Ｆ鉢巻・黄,
3699,裂破FZ鉢巻・黄,
3700,裂破HC鉢巻・黄,
3701,裂破HS鉢巻・黄,
3702,キャノンベレー・水,
3703,キャノンＦベレー・水,
3704,キャノンFZベレー・水,
3705,キャノンHCベレー・水,
3706,キャノンHSベレー・水,
3707,アクセルベレー・水,
3708,アクセルＦベレー・水,
3709,アクセルFZベレー・水,
3710,アクセルHCベレー・水,
3711,アクセルHSベレー・水,
3712,キャノンベレー・緑,
3713,キャノンＦベレー・緑,
3714,キャノンFZベレー・緑,
3715,キャノンHCベレー・緑,
3716,キャノンHSベレー・緑,
3717,アクセルベレー・緑,
3718,アクセルＦベレー・緑,
3719,アクセルFZベレー・緑,
3720,アクセルHCベレー・緑,
3721,アクセルHSベレー・緑,
3722,キャノンベレー・桃,
3723,キャノンＦベレー・桃,
3724,キャノンFZベレー・桃,
3725,キャノンHCベレー・桃,
3726,キャノンHSベレー・桃,
3727,アクセルベレー・桃,
3728,アクセルＦベレー・桃,
3729,アクセルFZベレー・桃,
3730,アクセルHCベレー・桃,
3731,アクセルHSベレー・桃,
3732,キャノンベレー・紫,
3733,キャノンＦベレー・紫,
3734,キャノンFZベレー・紫,
3735,キャノンHCベレー・紫,
3736,キャノンHSベレー・紫,
3737,アクセルベレー・紫,
3738,アクセルＦベレー・紫,
3739,アクセルFZベレー・紫,
3740,アクセルHCベレー・紫,
3741,アクセルHSベレー・紫,
3742,剣士ランク8,
3743,剣士ランク9,
3744,ガンランク8,
3745,ガンランク9,
3746,ダミー,
3747,ダミー,
3748,ダミー,
3749,ダミー,
3750,ダミー,
3751,ダミー,
3752,ダミー,
3753,ダミー,
3754,ダミー,
3755,ダミー,
3756,ダミー,
3757,ダミー,
3758,ダミー,
3759,ダミー,
3760,ダミー,
3761,ダミー,
3762,ダミー,
3763,ダミー,
3764,ダミー,
3765,ダミー,
3766,ダミー,
3767,ダミー,
3768,ダミー,
3769,ダミー,
3770,ダミー,
3771,ダミー,
3772,ダミー,
3773,ダミー,
3774,ダミー,
3775,ダミー,
3776,ダミー,
3777,ダミー,
3778,ダミー,
3779,ダミー,
3780,ホープヘルム,Heaume Espoir
3781,エミットヘルム,
3782,エミットＦヘルム,
3783,エミットFXヘルム,
3784,エミットキャップ,
3785,エミットＦキャップ,
3786,エミットFXキャップ,
3787,ディボアヘルム,Heaume Diboa
3788,ディボアＦヘルム,Heaume Diboa F
3789,ディボアFXヘルム,Heaume Diboa FX
3790,ディボアキャップ,Casquette Diboa
3791,ディボアＦキャップ,Casquette Diboa F
3792,ディボアFXキャップ,Casquette Diboa FX
3793,ピエトラＧヘルム,Heaume Pietra G
3794,ピエトラGFヘルム,Heaume Pietra GF
3795,ピエトラＧキャップ,Casquette Pietra G
3796,ピエトラGFキャップ,Casquette Pietra GF
3797,ポカラＧヘルム,Heaume Pokara G
3798,ポカラGFヘルム,Heaume Pokara GF
3799,ポカラＧキャップ,Casquette Pokara G
3800,ポカラGFキャップ,Casquette Pokara GF
3801,ザザミＧヘルム,Heaume Hermitaur G
3802,ザザミGFヘルム,Heaume Hermitaur GF
3803,ザザミＧキャップ,Casquette Hermitaur G
3804,ザザミGFキャップ,Casquette Hermitaur GF
3805,クックＧヘルム,Heaume Kut-Ku G
3806,クックGFヘルム,Heaume Kut-Ku GF
3807,クックＧキャップ,Casquette Kut-Ku G
3808,クックGFキャップ,Casquette Kut-Ku GF
3809,ファルノＧヘルム,Heaume Farunokku G
3810,ファルノGFヘルム,Heaume Farunokku GF
3811,ファルノＧキャップ,Casquette Farunokku G
3812,ファルノGFキャップ,Casquette Farunokku GF
3813,ゲリョスＧヘルム,Heaume Gypceros G
3814,ゲリョスGFヘルム,Heaume Gypceros GF
3815,ゲリョスＧキャップ,Casquette Gypceros G
3816,ゲリョスGFキャップ,Casquette Gypceros GF
3817,コンガＧヘルム,Heaume Conga G
3818,コンガGFヘルム,Heaume Conga GF
3819,コンガＧキャップ,Casquette Conga G
3820,コンガGFキャップ,Casquette Conga GF
3821,ヘッジＧヘルム,Heaume Hyuji G
3822,ヘッジGFヘルム,Heaume Hyuji GF
3823,ヘッジＧキャップ,Casquette Hyuji G
3824,ヘッジGFキャップ,Casquette Hyuji GF
3825,バサルＧヘルム,Heaume Basarios G
3826,バサルGFヘルム,Heaume Basarios GF
3827,バサルＧキャップ,Casquette Basarios G
3828,バサルGFキャップ,Casquette Basarios GF
3829,レイアＧヘルム,Heaume Rathian G
3830,レイアGFヘルム,Heaume Rathian GF
3831,レイアＧキャップ,Casquette Rathian G
3832,レイアGFキャップ,Casquette Rathian GF
3833,ギザミＧヘルム,Heaume Ceanataur G
3834,ギザミGFヘルム,Heaume Ceanataur GF
3835,ギザミＧキャップ,Casquette Ceanataur G
3836,ギザミGFキャップ,Casquette Ceanataur GF
3837,御神楽Ｇ【兜】,
3838,御神楽GF【兜】,
3839,里神楽Ｇ【鉢金】,
3840,里神楽GF【鉢金】,
3841,レウスＧヘルム,Heaume Rathalos G
3842,レウスGFヘルム,Heaume Rathalos GF
3843,レウスＧキャップ,Casquette Rathalos G
3844,レウスGFキャップ,Casquette Rathalos GF
3845,ブランゴＧヘルム,Heaume Blango G
3846,ブランゴGFヘルム,Heaume Blango GF
3847,ブランゴＧキャップ,Casquette Blango G
3848,ブランゴGFキャップ,Casquette Blango GF
3849,フルフルＧヘルム,Heaume Khezu G
3850,フルフルGFヘルム,Heaume Khezu GF
3851,フルフルＧキャップ,Casquette Khezu G
3852,フルフルGFキャップ,Casquette Khezu GF
3853,ホープＧヘルム,Heaume Espoir G
3854,ホープGFヘルム,Heaume Espoir GF
3855,ホープＧキャップ,Casquette Espoir G
3856,ホープGFキャップ,Casquette Espoir GF
3857,シャンバレッタ,
3858,シャンバレッタＦ,
3859,チャチャブファシーネ,
3860,チャチャブキュリーオ,
3861,オディコサージュ,
3862,オディコサージュＦ,
3863,グラッシュヘッド,
3864,グラッシュＦヘッド,
3865,グラッシュFYヘッド,
3866,グラッシュHCヘッド,
3867,グラッシュピアス,
3868,グラッシュＦピアス,
3869,グラッシュFYピアス,
3870,グラッシュHCピアス,
3871,タンドレスヘッド,Coiffe Tandress
3872,タンドレスＦヘッド,Coiffe Tandress F
3873,タンドレスFYヘッド,Coiffe Tandress FY
3874,タンドレスHCヘッド,Coiffe Tandress HC
3875,タンドレスピアス,Piercing Tandress
3876,タンドレスＦピアス,Piercing Tandress F
3877,タンドレスFYピアス,Piercing Tandress FY
3878,タンドレスHCピアス,Piercing Tandress HC
3879,ダミー,
3880,ダミー,
3881,ダミー,
3882,ダミー,
3883,ダミー,
3884,ダミー,
3885,ダミー,
3886,ダミー,
3887,ロウセスＧヘルム,Heaume Roses G
3888,ロウセスＧキャップ,Casquette Roses G
3889,シェルカＧヘッド,
3890,チェスカＧキャップ,
3891,ロアースＧヘッド,
3892,ライードＧキャップ,
3893,蒼竜ノ具足【兜】,
3894,蒼竜ノ具足Ｆ【兜】,
3895,蒼竜ノ具足FZ【兜】,
3896,蒼竜ノ具足HC【兜】,
3897,蒼竜ノ具足HS【兜】,
3898,蒼竜ノ羽織【兜】,
3899,蒼竜ノ羽織Ｆ【兜】,
3900,蒼竜ノ羽織FZ【兜】,
3901,蒼竜ノ羽織HC【兜】,
3902,蒼竜ノ羽織HS【兜】,
3903,オービスヘッド,Coiffe Ukon
3904,オービスＦヘッド,Coiffe Ukon F
3905,オービスFZヘッド,Coiffe Ukon FZ
3906,オービスHCヘッド,Coiffe Ukon HC
3907,オービスマスク,Masque Ukon
3908,オービスＦマスク,Masque Ukon F
3909,オービスFZマスク,Masque Ukon FZ
3910,オービスHCマスク,Masque Ukon HC
3911,オービスHSヘッド,Coiffe Ukon HS
3912,オービスGSヘッド,Coiffe Ukon GS
3913,オービスHSマスク,Masque Ukon HS
3914,オービスGSマスク,Masque Ukon GS
3915,蒼竜ノ具足GS【兜】,
3916,蒼竜ノ羽織GS【兜】,
3917,ロウセスGFヘルム,Heaume Roses GF
3918,ロウセスGFキャップ,Casquette Roses GF
3919,ダミー,
3920,ダミー,
3921,マゴスヘッド・黄,Coiffe Magos jaune
3922,マゴスＦヘッド・黄,Coiffe Magos F jaune
3923,マゴスFZヘッド・黄,Coiffe Magos FZ jaune
3924,マゴスHCヘッド・黄,Coiffe Magos HC jaune
3925,マゴスHSヘッド・黄,Coiffe Magos HS jaune
3926,マゴスハール・黄,Chevelure Magos jaune
3927,マゴスＦハール・黄,Chevelure Magos F jaune
3928,マゴスFZハール・黄,Chevelure Magos FZ jaune
3929,マゴスHCハール・黄,Chevelure Magos HC jaune
3930,マゴスHSハール・黄,Chevelure Magos HS jaune
3931,マゴスヘッド・赤,Coiffe Magos rouge
3932,マゴスＦヘッド・赤,Coiffe Magos F rouge
3933,マゴスFZヘッド・赤,Coiffe Magos FZ rouge
3934,マゴスHCヘッド・赤,Coiffe Magos HC rouge
3935,マゴスHSヘッド・赤,Coiffe Magos HS rouge
3936,マゴスハール・赤,Chevelure Magos rouge
3937,マゴスＦハール・赤,Chevelure Magos F rouge
3938,マゴスFZハール・赤,Chevelure Magos FZ rouge
3939,マゴスHCハール・赤,Chevelure Magos HC rouge
3940,マゴスHSハール・赤,Chevelure Magos HS rouge
3941,マゴスヘッド・水,
3942,マゴスＦヘッド・水,
3943,マゴスFZヘッド・水,
3944,マゴスHCヘッド・水,
3945,マゴスHSヘッド・水,
3946,マゴスハール・水,
3947,マゴスＦハール・水,
3948,マゴスFZハール・水,
3949,マゴスHCハール・水,
3950,マゴスHSハール・水,
3951,マゴスヘッド・青,Coiffe Magos bleue
3952,マゴスＦヘッド・青,Coiffe Magos F bleue
3953,マゴスFZヘッド・青,Coiffe Magos FZ bleue
3954,マゴスHCヘッド・青,Coiffe Magos HC bleue
3955,マゴスHSヘッド・青,Coiffe Magos HS bleue
3956,マゴスハール・青,Chevelure Magos bleue
3957,マゴスＦハール・青,Chevelure Magos F bleue
3958,マゴスFZハール・青,Chevelure Magos FZ bleue
3959,マゴスHCハール・青,Chevelure Magos HC bleue
3960,マゴスHSハール・青,Chevelure Magos HS bleue
3961,マゴスGSヘッド・黄,Coiffe Magos GS jaune
3962,マゴスGSハール・黄,Chevelure Magos GS jaune
3963,マゴスGSヘッド・赤,Coiffe Magos GS rouge
3964,マゴスGSハール・赤,Chevelure Magos GS rouge
3965,マゴスGSヘッド・水,
3966,マゴスGSハール・水,
3967,マゴスGSヘッド・青,Coiffe Magos GS bleue
3968,マゴスGSハール・青,Chevelure Magos GS bleue
3969,赤備ノ具足【兜】,
3970,赤備ノ具足Ｆ【兜】,
3971,赤備ノ具足FZ【兜】,
3972,赤備ノ具足HC【兜】,
3973,赤備ノ具足HS【兜】,
3974,赤備ノ具足GS【兜】,
3975,赤備ノ羽織【兜】,
3976,赤備ノ羽織Ｆ【兜】,
3977,赤備ノ羽織FZ【兜】,
3978,赤備ノ羽織HC【兜】,
3979,赤備ノ羽織HS【兜】,
3980,赤備ノ羽織GS【兜】,
3981,ミクヘッド,Coiffe Miku
3982,ミクＦヘッド,Coiffe Miku F
3983,ミクFZヘッド,Coiffe Miku FZ
3984,ミクHCヘッド,Coiffe Miku HC
3985,ミクHSヘッド,Coiffe Miku HS
3986,ミクGSヘッド,Coiffe Miku GS
3987,ミクピアス,Piercing Miku
3988,ミクＦピアス,Piercing Miku F
3989,ミクFZピアス,Piercing Miku FZ
3990,ミクHCピアス,Piercing Miku HC
3991,ミクHSピアス,Piercing Miku HS
3992,ミクGSピアス,Piercing Miku GS
3993,赤原礼装・頭：剣赤,Tête Akahara Lame rouge
3994,赤原礼装・頭：剣Ｆ赤,Tête Akahara F Lame rouge
3995,赤原礼装・頭：剣FZ赤,Tête Akahara FZ Lame rouge
3996,赤原礼装・頭：剣HC赤,Tête Akahara HC Lame rouge
3997,赤原礼装・頭：剣HS赤,Tête Akahara HS Lame rouge
3998,赤原礼装・頭：剣GS赤,Tête Akahara GS Lame rouge
3999,赤原礼装・頭：弓赤,Tête Akahara Arc rouge
4000,赤原礼装・頭：弓Ｆ赤,Tête Akahara F Arc rouge
4001,赤原礼装・頭：弓FZ赤,Tête Akahara FZ Arc rouge
4002,赤原礼装・頭：弓HC赤,Tête Akahara HC Arc rouge
4003,赤原礼装・頭：弓HS赤,Tête Akahara HS Arc rouge
4004,赤原礼装・頭：弓GS赤,Tête Akahara GS Arc rouge
4005,赤原礼装・頭：剣青,Tête Akahara Lame bleue
4006,赤原礼装・頭：剣Ｆ青,Tête Akahara F Lame bleue
4007,赤原礼装・頭：剣FZ青,Tête Akahara FZ Lame bleue
4008,赤原礼装・頭：剣HC青,Tête Akahara HC Lame bleue
4009,赤原礼装・頭：剣HS青,Tête Akahara HS Lame bleue
4010,赤原礼装・頭：剣GS青,Tête Akahara GS Lame bleue
4011,赤原礼装・頭：弓青,Tête Akahara Arc bleue
4012,赤原礼装・頭：弓Ｆ青,Tête Akahara F Arc bleue
4013,赤原礼装・頭：弓FZ青,Tête Akahara FZ Arc bleue
4014,赤原礼装・頭：弓HC青,Tête Akahara HC Arc bleue
4015,赤原礼装・頭：弓HS青,Tête Akahara HS Arc bleue
4016,赤原礼装・頭：弓GS青,Tête Akahara GS Arc bleue
4017,赤原礼装・頭：剣黒,Tête Akahara Lame noire
4018,赤原礼装・頭：剣Ｆ黒,Tête Akahara F Lame noire
4019,赤原礼装・頭：剣FZ黒,Tête Akahara FZ Lame noire
4020,赤原礼装・頭：剣HC黒,Tête Akahara HC Lame noire
4021,赤原礼装・頭：剣HS黒,Tête Akahara HS Lame noire
4022,赤原礼装・頭：剣GS黒,Tête Akahara GS Lame noire
4023,赤原礼装・頭：弓黒,Tête Akahara Arc noire
4024,赤原礼装・頭：弓Ｆ黒,Tête Akahara F Arc noire
4025,赤原礼装・頭：弓FZ黒,Tête Akahara FZ Arc noire
4026,赤原礼装・頭：弓HC黒,Tête Akahara HC Arc noire
4027,赤原礼装・頭：弓HS黒,Tête Akahara HS Arc noire
4028,赤原礼装・頭：弓GS黒,Tête Akahara GS Arc noire
4029,赤原礼装・頭：剣白,Tête Akahara Lame blanche
4030,赤原礼装・頭：剣Ｆ白,Tête Akahara F Lame blanche
4031,赤原礼装・頭：剣FZ白,Tête Akahara FZ Lame blanche
4032,赤原礼装・頭：剣HC白,Tête Akahara HC Lame blanche
4033,赤原礼装・頭：剣HS白,Tête Akahara HS Lame blanche
4034,赤原礼装・頭：剣GS白,Tête Akahara GS Lame blanche
4035,赤原礼装・頭：弓白,Tête Akahara Arc blanche
4036,赤原礼装・頭：弓Ｆ白,Tête Akahara F Arc blanche
4037,赤原礼装・頭：弓FZ白,Tête Akahara FZ Arc blanche
4038,赤原礼装・頭：弓HC白,Tête Akahara HC Arc blanche
4039,赤原礼装・頭：弓HS白,Tête Akahara HS Arc blanche
4040,赤原礼装・頭：弓GS白,Tête Akahara GS Arc blanche
4041,騎士王の髪結：剣青,
4042,騎士王の髪結：剣Ｆ青,
4043,騎士王の髪結：剣FZ青,
4044,騎士王の髪結：剣HC青,
4045,騎士王の髪結：剣HS青,
4046,騎士王の髪結：剣GS青,
4047,騎士王の髪結：弓青,
4048,騎士王の髪結：弓Ｆ青,
4049,騎士王の髪結：弓FZ青,
4050,騎士王の髪結：弓HC青,
4051,騎士王の髪結：弓HS青,
4052,騎士王の髪結：弓GS青,
4053,騎士王の髪結：剣赤,
4054,騎士王の髪結：剣Ｆ赤,
4055,騎士王の髪結：剣FZ赤,
4056,騎士王の髪結：剣HC赤,
4057,騎士王の髪結：剣HS赤,
4058,騎士王の髪結：剣GS赤,
4059,騎士王の髪結：弓赤,
4060,騎士王の髪結：弓Ｆ赤,
4061,騎士王の髪結：弓FZ赤,
4062,騎士王の髪結：弓HC赤,
4063,騎士王の髪結：弓HS赤,
4064,騎士王の髪結：弓GS赤,
4065,騎士王の髪結：剣黒,
4066,騎士王の髪結：剣Ｆ黒,
4067,騎士王の髪結：剣FZ黒,
4068,騎士王の髪結：剣HC黒,
4069,騎士王の髪結：剣HS黒,
4070,騎士王の髪結：剣GS黒,
4071,騎士王の髪結：弓黒,
4072,騎士王の髪結：弓Ｆ黒,
4073,騎士王の髪結：弓FZ黒,
4074,騎士王の髪結：弓HC黒,
4075,騎士王の髪結：弓HS黒,
4076,騎士王の髪結：弓GS黒,
4077,騎士王の髪結：剣白,
4078,騎士王の髪結：剣Ｆ白,
4079,騎士王の髪結：剣FZ白,
4080,騎士王の髪結：剣HC白,
4081,騎士王の髪結：剣HS白,
4082,騎士王の髪結：剣GS白,
4083,騎士王の髪結：弓白,
4084,騎士王の髪結：弓Ｆ白,
4085,騎士王の髪結：弓FZ白,
4086,騎士王の髪結：弓HC白,
4087,騎士王の髪結：弓HS白,
4088,騎士王の髪結：弓GS白,
4089,ヴェルフFZヘルム,Heaume Welf FZ
4090,ヴェルフHCヘルム,Heaume Welf HC
4091,ヴェルフFZキャップ,Casquette Welf FZ
4092,ヴェルフHCキャップ,Casquette Welf HC
4093,テリオグFZヘルム,
4094,テリオグHCヘルム,
4095,テリオグFZキャップ,
4096,テリオグHCキャップ,
4097,ベイルFZイヤリング,
4098,ベイルHCイヤリング,
4099,アハバーFZピアス,
4100,アハバーHCピアス,
4101,アハバーHSピアス,
4102,クローニーFZピアス,
4103,クローニーHCピアス,
4104,クローニーHSピアス,
4105,ピエトラGXヘルム,Heaume Pietra GX
4106,ピエトラGXキャップ,Casquette Pietra GX
4107,ポカラGXヘルム,Heaume Pokara GX
4108,ポカラGXキャップ,Casquette Pokara GX
4109,ザザミGXヘルム,Heaume Hermitaur GX
4110,ザザミGXキャップ,Casquette Hermitaur GX
4111,クックGXヘルム,Heaume Kut-Ku GX
4112,クックGXキャップ,Casquette Kut-Ku GX
4113,ファルノGXヘルム,Heaume Farunokku GX
4114,ファルノGXキャップ,Casquette Farunokku GX
4115,ゲリョスGXヘルム,Heaume Gypceros GX
4116,ゲリョスGXキャップ,Casquette Gypceros GX
4117,コンガGXヘルム,Heaume Conga GX
4118,コンガGXキャップ,Casquette Conga GX
4119,ヘッジGXヘルム,Heaume Hyuji GX
4120,ヘッジGXキャップ,Casquette Hyuji GX
4121,バサルGXヘルム,Heaume Basarios GX
4122,バサルGXキャップ,Casquette Basarios GX
4123,レイアGXヘルム,Heaume Rathian GX
4124,レイアGXキャップ,Casquette Rathian GX
4125,ギザミGXヘルム,Heaume Ceanataur GX
4126,ギザミGXキャップ,Casquette Ceanataur GX
4127,御神楽GX【兜】,
4128,里神楽GX【鉢金】,
4129,レウスGXヘルム,Heaume Rathalos GX
4130,レウスGXキャップ,Casquette Rathalos GX
4131,ブランゴGXヘルム,Heaume Blango GX
4132,ブランゴGXキャップ,Casquette Blango GX
4133,フルフルGXヘルム,Heaume Khezu GX
4134,フルフルGXキャップ,Casquette Khezu GX
4135,ホープGXヘルム,Heaume Espoir GX
4136,ホープGXキャップ,Casquette Espoir GX
4137,マグシアＧヘルム,Heaume Gougarf G
4138,マグシアGFヘルム,Heaume Gougarf GF
4139,マグシアGXヘルム,Heaume Gougarf GX
4140,マグシアＧキャップ,Casquette Gougarf G
4141,マグシアGFキャップ,Casquette Gougarf GF
4142,マグシアGXキャップ,Casquette Gougarf GX
4143,ショウロウ【天頭】Ｇ,
4144,ショウロウ【天頭】GF,
4145,ショウロウ【天頭】GX,
4146,ミタマ【天頭】Ｇ,
4147,ミタマ【天頭】GF,
4148,ミタマ【天頭】GX,
4149,サベージＧヘルム,Heaume Giaorugu G
4150,サベージGFヘルム,Heaume Giaorugu GF
4151,サベージGXヘルム,Heaume Giaorugu GX
4152,サベージＧキャップ,Casquette Giaorugu G
4153,サベージGFキャップ,Casquette Giaorugu GF
4154,サベージGXキャップ,Casquette Giaorugu GX
4155,グラビドＧヘルム,Heaume Gravios G
4156,グラビドGFヘルム,Heaume Gravios GF
4157,グラビドGXヘルム,Heaume Gravios GX
4158,グラビドＧキャップ,Casquette Gravios G
4159,グラビドGFキャップ,Casquette Gravios GF
4160,グラビドGXキャップ,Casquette Gravios GX
4161,レックスＧヘルム,Heaume Tigrex G
4162,レックスGFヘルム,Heaume Tigrex GF
4163,レックスGXヘルム,Heaume Tigrex GX
4164,レックスＧキャップ,Casquette Tigrex G
4165,レックスGFキャップ,Casquette Tigrex GF
4166,レックスGXキャップ,Casquette Tigrex GX
4167,パリアＧヘルム,Heaume Paria G
4168,パリアGFヘルム,Heaume Paria GF
4169,パリアGXヘルム,Heaume Paria GX
4170,パリアＧキャップ,Casquette Paria G
4171,パリアGFキャップ,Casquette Paria GF
4172,パリアGXキャップ,Casquette Paria GX
4173,トルペドＧヘルム,Heaume Torpille G
4174,トルペドGFヘルム,Heaume Torpille GF
4175,トルペドGXヘルム,Heaume Torpille GX
4176,トルペドＧキャップ,Casquette Torpille G
4177,トルペドGFキャップ,Casquette Torpille GF
4178,トルペドGXキャップ,Casquette Torpille GX
4179,ラヴァＧヘルム,Heaume Lavasioth G
4180,ラヴァGFヘルム,Heaume Lavasioth GF
4181,ラヴァGXヘルム,Heaume Lavasioth GX
4182,ラヴァＧキャップ,Casquette Lavasioth G
4183,ラヴァGFキャップ,Casquette Lavasioth GF
4184,ラヴァGXキャップ,Casquette Lavasioth GX
4185,エスピナＧゲヒル,
4186,エスピナGFゲヒル,
4187,エスピナGXゲヒル,
4188,エスピナＧアゼレ,
4189,エスピナGFアゼレ,
4190,エスピナGXアゼレ,
4191,金色ノ添髪・Ｇ,
4192,金色ノ添髪・GF,
4193,金色ノ添髪・GX,
4194,黒子ノ面隠・Ｇ,
4195,黒子ノ面隠・GF,
4196,黒子ノ面隠・GX,
4197,レビＧヘッド,Coiffe Rebidiora G
4198,レビGFヘッド,Coiffe Rebidiora GF
4199,レビGXヘッド,Coiffe Rebidiora GX
4200,レビＧフェイス,
4201,レビGFフェイス,
4202,レビGXフェイス,
4203,ガルルガＧヘルム,Heaume Garuga G
4204,ガルルガGFヘルム,Heaume Garuga GF
4205,ガルルガGXヘルム,Heaume Garuga GX
4206,ガルルガＧキャップ,Casquette Garuga G
4207,ガルルガGFキャップ,Casquette Garuga GF
4208,ガルルガGXキャップ,Casquette Garuga GX
4209,アクラＧヘルム,Heaume Akura G
4210,アクラGFヘルム,Heaume Akura GF
4211,アクラGXヘルム,Heaume Akura GX
4212,アクラＧキャップ,Casquette Akura G
4213,アクラGFキャップ,Casquette Akura GF
4214,アクラGXキャップ,Casquette Akura GX
4215,グレンＧヘルム,Heaume Guren G
4216,グレンGFヘルム,Heaume Guren GF
4217,グレンGXヘルム,Heaume Guren GX
4218,グレンＧキャップ,Casquette Guren G
4219,グレンGFキャップ,Casquette Guren GF
4220,グレンGXキャップ,Casquette Guren GX
4221,稲荷・Ｇ【兜】,
4222,稲荷・GF【兜】,
4223,稲荷・GX【兜】,
4224,玉藻・Ｇ【御面】,
4225,玉藻・GF【御面】,
4226,玉藻・GX【御面】,
4227,ディスＧヘルム,Heaume Disu G
4228,ディスGFヘルム,Heaume Disu GF
4229,ディスGXヘルム,Heaume Disu GX
4230,ディスＧキャップ,Casquette Disu G
4231,ディスGFキャップ,Casquette Disu GF
4232,ディスGXキャップ,Casquette Disu GX
4233,黒影ノ面・Ｇ,
4234,黒影ノ面・GF,
4235,黒影ノ面・GX,
4236,黒陰ノ面・Ｇ,
4237,黒陰ノ面・GF,
4238,黒陰ノ面・GX,
4239,白虎・剣聖Ｇヘルム,
4240,白虎・剣聖GFヘルム,
4241,朱雀・剣聖Ｇヘルム,
4242,朱雀・剣聖GFヘルム,
4243,玄武・剣聖Ｇヘルム,
4244,玄武・剣聖GFヘルム,
4245,青龍・剣聖Ｇヘルム,
4246,青龍・剣聖GFヘルム,
4247,白虎・双龍Ｇヘルム,
4248,白虎・双龍GFヘルム,
4249,朱雀・双龍Ｇヘルム,
4250,朱雀・双龍GFヘルム,
4251,玄武・双龍Ｇヘルム,
4252,玄武・双龍GFヘルム,
4253,青龍・双龍Ｇヘルム,
4254,青龍・双龍GFヘルム,
4255,白虎・剣王Ｇヘルム,
4256,白虎・剣王GFヘルム,
4257,朱雀・剣王Ｇヘルム,
4258,朱雀・剣王GFヘルム,
4259,玄武・剣王Ｇヘルム,
4260,玄武・剣王GFヘルム,
4261,青龍・剣王Ｇヘルム,
4262,青龍・剣王GFヘルム,
4263,白虎・刀神Ｇヘルム,
4264,白虎・刀神GFヘルム,
4265,朱雀・刀神Ｇヘルム,
4266,朱雀・刀神GFヘルム,
4267,玄武・刀神Ｇヘルム,
4268,玄武・刀神GFヘルム,
4269,青龍・刀神Ｇヘルム,
4270,青龍・刀神GFヘルム,
4271,白虎・天槍Ｇヘルム,
4272,白虎・天槍GFヘルム,
4273,朱雀・天槍Ｇヘルム,
4274,朱雀・天槍GFヘルム,
4275,玄武・天槍Ｇヘルム,
4276,玄武・天槍GFヘルム,
4277,青龍・天槍Ｇヘルム,
4278,青龍・天槍GFヘルム,
4279,白虎・砲皇Ｇヘルム,
4280,白虎・砲皇GFヘルム,
4281,朱雀・砲皇Ｇヘルム,
4282,朱雀・砲皇GFヘルム,
4283,玄武・砲皇Ｇヘルム,
4284,玄武・砲皇GFヘルム,
4285,青龍・砲皇Ｇヘルム,
4286,青龍・砲皇GFヘルム,
4287,白虎・鈍器獣Ｇヘルム,
4288,白虎・鈍器獣GFヘルム,
4289,朱雀・鈍器獣Ｇヘルム,
4290,朱雀・鈍器獣GFヘルム,
4291,玄武・鈍器獣Ｇヘルム,
4292,玄武・鈍器獣GFヘルム,
4293,青龍・鈍器獣Ｇヘルム,
4294,青龍・鈍器獣GFヘルム,
4295,白虎・奏帝Ｇヘルム,
4296,白虎・奏帝GFヘルム,
4297,朱雀・奏帝Ｇヘルム,
4298,朱雀・奏帝GFヘルム,
4299,玄武・奏帝Ｇヘルム,
4300,玄武・奏帝GFヘルム,
4301,青龍・奏帝Ｇヘルム,
4302,青龍・奏帝GFヘルム,
4303,白虎・銃傑Ｇマスク,
4304,白虎・銃傑GFマスク,
4305,朱雀・銃傑Ｇマスク,
4306,朱雀・銃傑GFマスク,
4307,玄武・銃傑Ｇマスク,
4308,玄武・銃傑GFマスク,
4309,青龍・銃傑Ｇマスク,
4310,青龍・銃傑GFマスク,
4311,白虎・銃仙Ｇマスク,
4312,白虎・銃仙GFマスク,
4313,朱雀・銃仙Ｇマスク,
4314,朱雀・銃仙GFマスク,
4315,玄武・銃仙Ｇマスク,
4316,玄武・銃仙GFマスク,
4317,青龍・銃仙Ｇマスク,
4318,青龍・銃仙GFマスク,
4319,白虎・弓鬼Ｇマスク,
4320,白虎・弓鬼GFマスク,
4321,朱雀・弓鬼Ｇマスク,
4322,朱雀・弓鬼GFマスク,
4323,玄武・弓鬼Ｇマスク,
4324,玄武・弓鬼GFマスク,
4325,青龍・弓鬼Ｇマスク,
4326,青龍・弓鬼GFマスク,
4327,オディバＧヘルム,Heaume Odiva G
4328,オディバＧキャップ,Casquette Odiva G
4329,ブリッツＧホーン,
4330,ブリッツＧコルノ,
4331,フレイムＧクラウン,
4332,フレイムＧマスク,Masque Flamme G
4333,ウィンドＧアンク,
4334,ウィンドＧスーラ,
4335,武者Ｇ【兜】,
4336,日光Ｇ【兜】,
4337,ワダツミＧ【烏帽子】,
4338,オカミＧ【烏帽子】,
4339,リルスＧヘッド,Coiffe Lils G
4340,リルスＧキャップ,Casquette Lils G
4341,アルゴルＧヘルム,Heaume Algol G
4342,アルゴルＧキャップ,Casquette Algol G
4343,エミットＧヘルム,
4344,エミットＧキャップ,
4345,ディボアＧヘルム,Heaume Diboa G
4346,ディボアＧキャップ,Casquette Diboa G
4347,鬼神ノ鉢金,
4348,童子ノ鉢金,
4349,レアーヘッド,
4350,ハーデスヘッド,
4351,レアーピアス,
4352,ハーデスピアス,
4353,ロウセスGXヘルム,Heaume Roses GX
4354,ロウセスGXキャップ,Casquette Roses GX
4355,ストレガＧヘルム,Heaume Strega G
4356,ストレガGFヘルム,Heaume Strega GF
4357,ストレガGXヘルム,Heaume Strega GX
4358,ストレガＧキャップ,Casquette Strega G
4359,ストレガGFキャップ,Casquette Strega GF
4360,ストレガGXキャップ,Casquette Strega GX
4361,ピクスヘッド・緑,Coiffe Pyx verte
4362,ピクスＦヘッド・緑,Coiffe Pyx F verte
4363,ピクスFZヘッド・緑,Coiffe Pyx FZ verte
4364,ピクスHCヘッド・緑,Coiffe Pyx HC verte
4365,ピクスHSヘッド・緑,Coiffe Pyx HS verte
4366,ピクスGSヘッド・緑,Coiffe Pyx GS verte
4367,ピクスハット・緑,Chapeau Pyx vert
4368,ピクスＦハット・緑,Chapeau Pyx F vert
4369,ピクスFZハット・緑,Chapeau Pyx FZ vert
4370,ピクスHCハット・緑,Chapeau Pyx HC vert
4371,ピクスHSハット・緑,Chapeau Pyx HS vert
4372,ピクスGSハット・緑,Chapeau Pyx GS vert
4373,ピクスヘッド・紫,Coiffe Pyx violette
4374,ピクスＦヘッド・紫,Coiffe Pyx F violette
4375,ピクスFZヘッド・紫,Coiffe Pyx FZ violette
4376,ピクスHCヘッド・紫,Coiffe Pyx HC violette
4377,ピクスHSヘッド・紫,Coiffe Pyx HS violette
4378,ピクスGSヘッド・紫,Coiffe Pyx GS violette
4379,ピクスハット・紫,Chapeau Pyx violet
4380,ピクスＦハット・紫,Chapeau Pyx F violet
4381,ピクスFZハット・紫,Chapeau Pyx FZ violet
4382,ピクスHCハット・紫,Chapeau Pyx HC violet
4383,ピクスHSハット・紫,Chapeau Pyx HS violet
4384,ピクスGSハット・紫,Chapeau Pyx GS violet
4385,ピクスヘッド・黒,Coiffe Pyx noire
4386,ピクスＦヘッド・黒,Coiffe Pyx F noire
4387,ピクスFZヘッド・黒,Coiffe Pyx FZ noire
4388,ピクスHCヘッド・黒,Coiffe Pyx HC noire
4389,ピクスHSヘッド・黒,Coiffe Pyx HS noire
4390,ピクスGSヘッド・黒,Coiffe Pyx GS noire
4391,ピクスハット・黒,Chapeau Pyx noir
4392,ピクスＦハット・黒,Chapeau Pyx F noir
4393,ピクスFZハット・黒,Chapeau Pyx FZ noir
4394,ピクスHCハット・黒,Chapeau Pyx HC noir
4395,ピクスHSハット・黒,Chapeau Pyx HS noir
4396,ピクスGSハット・黒,Chapeau Pyx GS noir
4397,ピクスヘッド・水,
4398,ピクスＦヘッド・水,
4399,ピクスFZヘッド・水,
4400,ピクスHCヘッド・水,
4401,ピクスHSヘッド・水,
4402,ピクスGSヘッド・水,
4403,ピクスハット・水,
4404,ピクスＦハット・水,
4405,ピクスFZハット・水,
4406,ピクスHCハット・水,
4407,ピクスHSハット・水,
4408,ピクスGSハット・水,
4409,ブライトヘルム,Heaume Éclat
4410,ブライトＦヘルム,Heaume Éclat F
4411,ブライトFZヘルム,Heaume Éclat FZ
4412,ブライトHCヘルム,Heaume Éclat HC
4413,ブライトHSヘルム,Heaume Éclat HS
4414,ブライトGSヘルム,Heaume Éclat GS
4415,ブライトキャップ,Casquette Éclat
4416,ブライトＦキャップ,Casquette Éclat F
4417,ブライトFZキャップ,Casquette Éclat FZ
4418,ブライトHCキャップ,Casquette Éclat HC
4419,ブライトHSキャップ,Casquette Éclat HS
4420,ブライトGSキャップ,Casquette Éclat GS
4421,ジュアリヘルム,Heaume Juari
4422,ジュアリＦヘルム,Heaume Juari F
4423,ジュアリFZヘルム,Heaume Juari FZ
4424,ジュアリHCヘルム,Heaume Juari HC
4425,ジュアリHSヘルム,Heaume Juari HS
4426,ジュアリGSヘルム,Heaume Juari GS
4427,ジュアリキャップ,Casquette Juari
4428,ジュアリＦキャップ,Casquette Juari F
4429,ジュアリFZキャップ,Casquette Juari FZ
4430,ジュアリHCキャップ,Casquette Juari HC
4431,ジュアリHSキャップ,Casquette Juari HS
4432,ジュアリGSキャップ,Casquette Juari GS
4433,ティンクヘルム,Heaume Tinku
4434,ティンクＦヘルム,Heaume Tinku F
4435,ティンクFZヘルム,Heaume Tinku FZ
4436,ティンクHCヘルム,Heaume Tinku HC
4437,ティンクHSヘルム,Heaume Tinku HS
4438,ティンクGSヘルム,Heaume Tinku GS
4439,ティンクキャップ,Casquette Tinku
4440,ティンクＦキャップ,Casquette Tinku F
4441,ティンクFZキャップ,Casquette Tinku FZ
4442,ティンクHCキャップ,Casquette Tinku HC
4443,ティンクHSキャップ,Casquette Tinku HS
4444,ティンクGSキャップ,Casquette Tinku GS
4445,レアルFZヘッド・白,Coiffe Real FZ blanche
4446,レアルHCヘッド・白,Coiffe Real HC blanche
4447,レアルHSヘッド・白,Coiffe Real HS blanche
4448,レアルGSヘッド・白,Coiffe Real GS blanche
4449,レアルFZマスク・白,Masque Real FZ blanc
4450,レアルHCマスク・白,Masque Real HC blanc
4451,レアルHSマスク・白,Masque Real HS blanc
4452,レアルGSマスク・白,Masque Real GS blanc
4453,リアンFZヘッド・青,Coiffe Rian FZ bleue
4454,リアンHCヘッド・青,Coiffe Rian HC bleue
4455,リアンHSヘッド・青,Coiffe Rian HS bleue
4456,リアンGSヘッド・青,Coiffe Rian GS bleue
4457,リアンFZハット・青,Chapeau Rian FZ bleu
4458,リアンHCハット・青,Chapeau Rian HC bleu
4459,リアンHSハット・青,Chapeau Rian HS bleu
4460,リアンGSハット・青,Chapeau Rian GS bleu
4461,メレティFZヘッド・白,Coiffe Meleti FZ blanche
4462,メレティHCヘッド・白,Coiffe Meleti HC blanche
4463,メレティHSヘッド・白,Coiffe Meleti HS blanche
4464,メレティGSヘッド・白,Coiffe Meleti GS blanche
4465,メレティFZハット・青,Chapeau Meleti FZ bleu
4466,メレティHCハット・青,Chapeau Meleti HC bleu
4467,メレティHSハット・青,Chapeau Meleti HS bleu
4468,メレティGSハット・青,Chapeau Meleti GS bleu
4469,リゲリアFZヘルム・白,Heaume Ligeria FZ blanc
4470,リゲリアHCヘルム・白,Heaume Ligeria HC blanc
4471,リゲリアHSヘルム・白,Heaume Ligeria HS blanc
4472,リゲリアGSヘルム・白,Heaume Ligeria GS blanc
4473,リゲリアFZマスク・青,Masque Ligeria FZ bleu
4474,リゲリアHCマスク・青,Masque Ligeria HC bleu
4475,リゲリアHSマスク・青,Masque Ligeria HS bleu
4476,リゲリアGSマスク・青,Masque Ligeria GS bleu
4477,スリートHSヘッド・黄,Coiffe Grésil HS jaune
4478,スリートGSヘッド・黄,Coiffe Grésil GS jaune
4479,スリートHSハール・黄,Chevelure Grésil HS jaune
4480,スリートGSハール・黄,Chevelure Grésil GS jaune
4481,ステノHSヘルム・橙,Heaume Stheno HS orange
4482,ステノGSヘルム・橙,Heaume Stheno GS orange
4483,ステノHSキャップ・橙,Casquette Stheno HS orange
4484,ステノGSキャップ・橙,Casquette Stheno GS orange
4485,エディオHCヘルム・青,Heaume Edio HC bleu
4486,エディオHSヘルム・青,Heaume Edio HS bleu
4487,エディオGSヘルム・青,Heaume Edio GS bleu
4488,エディオHCマスク・青,Masque Edio HC bleu
4489,エディオHSマスク・青,Masque Edio HS bleu
4490,エディオGSマスク・青,Masque Edio GS bleu
4491,ガリトスHCヘッド・茶,Coiffe Garitos HC brune
4492,ガリトスHSヘッド・茶,Coiffe Garitos HS brune
4493,ガリトスGSヘッド・茶,Coiffe Garitos GS brune
4494,ガリトスHCバンド・茶,Bandeau Garitos HC brun
4495,ガリトスHSバンド・茶,Bandeau Garitos HS brun
4496,ガリトスGSバンド・茶,Bandeau Garitos GS brun
4497,ロットヘッド,
4498,ロットＦヘッド,
4499,ロットFZヘッド,
4500,ロットHCヘッド,
4501,ロットHSヘッド,
4502,ロットGSヘッド,
4503,ロットマスク,
4504,ロットＦマスク,
4505,ロットFZマスク,
4506,ロットHCマスク,
4507,ロットHSマスク,
4508,ロットGSマスク,
4509,ブリンクＦバンド,
4510,ブリンクＦヘッド,
4511,スマートＦヘッド,
4512,スマートFZヘッド,
4513,スマートHCヘッド,
4514,ゴウバレッタ,
4515,ゴウバレッタＦ,
4516,アハバーGSピアス,
4517,クローニーGSピアス,
4518,マグシアFXヘルム,Heaume Gougarf FX
4519,マグシアHSヘルム,Heaume Gougarf HS
4520,マグシアFXキャップ,Casquette Gougarf FX
4521,マグシアHSキャップ,Casquette Gougarf HS
4522,レギュクスHCヘッド,Coiffe Regyukusu HC
4523,レギュクスHSヘッド,Coiffe Regyukusu HS
4524,レギュクスGSヘッド,Coiffe Regyukusu GS
4525,レギュクスHCマスク,Masque Regyukusu HC
4526,レギュクスHSマスク,Masque Regyukusu HS
4527,レギュクスGSマスク,Masque Regyukusu GS
4528,ピスティスHCヘッド,Coiffe Pistis HC
4529,ピスティスHSヘッド,Coiffe Pistis HS
4530,ピスティスGSヘッド,Coiffe Pistis GS
4531,ピスティスHCハット,Chapeau Pistis HC
4532,ピスティスHSハット,Chapeau Pistis HS
4533,ピスティスGSハット,Chapeau Pistis GS
4534,星祭FZ面【赤】,
4535,星祭HC面【赤】,
4536,星祭HS面【赤】,
4537,星祭GS面【赤】,
4538,七夕FZ面【赤】,
4539,七夕HC面【赤】,
4540,七夕HS面【赤】,
4541,七夕GS面【赤】,
4542,レアルFZヘッド・金,Coiffe Real FZ dorée
4543,レアルHCヘッド・金,Coiffe Real HC dorée
4544,レアルHSヘッド・金,Coiffe Real HS dorée
4545,レアルGSヘッド・金,Coiffe Real GS dorée
4546,レアルFZマスク・金,Masque Real FZ doré
4547,レアルHCマスク・金,Masque Real HC doré
4548,レアルHSマスク・金,Masque Real HS doré
4549,レアルGSマスク・金,Masque Real GS doré
4550,レアルFZヘッド・青,Coiffe Real FZ bleue
4551,レアルHCヘッド・青,Coiffe Real HC bleue
4552,レアルHSヘッド・青,Coiffe Real HS bleue
4553,レアルGSヘッド・青,Coiffe Real GS bleue
4554,レアルFZマスク・青,Masque Real FZ bleu
4555,レアルHCマスク・青,Masque Real HC bleu
4556,レアルHSマスク・青,Masque Real HS bleu
4557,レアルGSマスク・青,Masque Real GS bleu
4558,レアルFZヘッド・赤,Coiffe Real FZ rouge
4559,レアルHCヘッド・赤,Coiffe Real HC rouge
4560,レアルHSヘッド・赤,Coiffe Real HS rouge
4561,レアルGSヘッド・赤,Coiffe Real GS rouge
4562,レアルFZマスク・赤,Masque Real FZ rouge
4563,レアルHCマスク・赤,Masque Real HC rouge
4564,レアルHSマスク・赤,Masque Real HS rouge
4565,レアルGSマスク・赤,Masque Real GS rouge
4566,リアンFZヘッド・赤,Coiffe Rian FZ rouge
4567,リアンHCヘッド・赤,Coiffe Rian HC rouge
4568,リアンHSヘッド・赤,Coiffe Rian HS rouge
4569,リアンGSヘッド・赤,Coiffe Rian GS rouge
4570,リアンFZハット・赤,Chapeau Rian FZ rouge
4571,リアンHCハット・赤,Chapeau Rian HC rouge
4572,リアンHSハット・赤,Chapeau Rian HS rouge
4573,リアンGSハット・赤,Chapeau Rian GS rouge
4574,リアンFZヘッド・黒,Coiffe Rian FZ noire
4575,リアンHCヘッド・黒,Coiffe Rian HC noire
4576,リアンHSヘッド・黒,Coiffe Rian HS noire
4577,リアンGSヘッド・黒,Coiffe Rian GS noire
4578,リアンFZハット・黒,Chapeau Rian FZ noir
4579,リアンHCハット・黒,Chapeau Rian HC noir
4580,リアンHSハット・黒,Chapeau Rian HS noir
4581,リアンGSハット・黒,Chapeau Rian GS noir
4582,リアンFZヘッド・白,Coiffe Rian FZ blanche
4583,リアンHCヘッド・白,Coiffe Rian HC blanche
4584,リアンHSヘッド・白,Coiffe Rian HS blanche
4585,リアンGSヘッド・白,Coiffe Rian GS blanche
4586,リアンFZハット・白,Chapeau Rian FZ blanc
4587,リアンHCハット・白,Chapeau Rian HC blanc
4588,リアンHSハット・白,Chapeau Rian HS blanc
4589,リアンGSハット・白,Chapeau Rian GS blanc
4590,メレティFZヘッド・赤,Coiffe Meleti FZ rouge
4591,メレティHCヘッド・赤,Coiffe Meleti HC rouge
4592,メレティHSヘッド・赤,Coiffe Meleti HS rouge
4593,メレティGSヘッド・赤,Coiffe Meleti GS rouge
4594,メレティFZヘッド・青,Coiffe Meleti FZ bleue
4595,メレティHCヘッド・青,Coiffe Meleti HC bleue
4596,メレティHSヘッド・青,Coiffe Meleti HS bleue
4597,メレティGSヘッド・青,Coiffe Meleti GS bleue
4598,メレティFZヘッド・黒,Coiffe Meleti FZ noire
4599,メレティHCヘッド・黒,Coiffe Meleti HC noire
4600,メレティHSヘッド・黒,Coiffe Meleti HS noire
4601,メレティGSヘッド・黒,Coiffe Meleti GS noire
4602,メレティFZハット・白,Chapeau Meleti FZ blanc
4603,メレティHCハット・白,Chapeau Meleti HC blanc
4604,メレティHSハット・白,Chapeau Meleti HS blanc
4605,メレティGSハット・白,Chapeau Meleti GS blanc
4606,メレティFZハット・赤,Chapeau Meleti FZ rouge
4607,メレティHCハット・赤,Chapeau Meleti HC rouge
4608,メレティHSハット・赤,Chapeau Meleti HS rouge
4609,メレティGSハット・赤,Chapeau Meleti GS rouge
4610,メレティFZハット・黒,Chapeau Meleti FZ noir
4611,メレティHCハット・黒,Chapeau Meleti HC noir
4612,メレティHSハット・黒,Chapeau Meleti HS noir
4613,メレティGSハット・黒,Chapeau Meleti GS noir
4614,リゲリアFZヘルム・赤,Heaume Ligeria FZ rouge
4615,リゲリアHCヘルム・赤,Heaume Ligeria HC rouge
4616,リゲリアHSヘルム・赤,Heaume Ligeria HS rouge
4617,リゲリアGSヘルム・赤,Heaume Ligeria GS rouge
4618,リゲリアFZヘルム・緑,Heaume Ligeria FZ vert
4619,リゲリアHCヘルム・緑,Heaume Ligeria HC vert
4620,リゲリアHSヘルム・緑,Heaume Ligeria HS vert
4621,リゲリアGSヘルム・緑,Heaume Ligeria GS vert
4622,リゲリアFZヘルム・青,Heaume Ligeria FZ bleu
4623,リゲリアHCヘルム・青,Heaume Ligeria HC bleu
4624,リゲリアHSヘルム・青,Heaume Ligeria HS bleu
4625,リゲリアGSヘルム・青,Heaume Ligeria GS bleu
4626,リゲリアFZマスク・白,Masque Ligeria FZ blanc
4627,リゲリアHCマスク・白,Masque Ligeria HC blanc
4628,リゲリアHSマスク・白,Masque Ligeria HS blanc
4629,リゲリアGSマスク・白,Masque Ligeria GS blanc
4630,リゲリアFZマスク・赤,Masque Ligeria FZ rouge
4631,リゲリアHCマスク・赤,Masque Ligeria HC rouge
4632,リゲリアHSマスク・赤,Masque Ligeria HS rouge
4633,リゲリアGSマスク・赤,Masque Ligeria GS rouge
4634,リゲリアFZマスク・緑,Masque Ligeria FZ vert
4635,リゲリアHCマスク・緑,Masque Ligeria HC vert
4636,リゲリアHSマスク・緑,Masque Ligeria HS vert
4637,リゲリアGSマスク・緑,Masque Ligeria GS vert
4638,スリートHSヘッド・銀,Coiffe Grésil HS argentée
4639,スリートGSヘッド・銀,Coiffe Grésil GS argentée
4640,スリートHSハール・銀,Chevelure Grésil HS argentée
4641,スリートGSハール・銀,Chevelure Grésil GS argentée
4642,スリートHSヘッド・赤,Coiffe Grésil HS rouge
4643,スリートGSヘッド・赤,Coiffe Grésil GS rouge
4644,スリートHSハール・赤,Chevelure Grésil HS rouge
4645,スリートGSハール・赤,Chevelure Grésil GS rouge
4646,スリートHSヘッド・青,Coiffe Grésil HS bleue
4647,スリートGSヘッド・青,Coiffe Grésil GS bleue
4648,スリートHSハール・青,Chevelure Grésil HS bleue
4649,スリートGSハール・青,Chevelure Grésil GS bleue
4650,ステノHSヘルム・桃,Heaume Stheno HS rose
4651,ステノGSヘルム・桃,Heaume Stheno GS rose
4652,ステノHSキャップ・桃,Casquette Stheno HS rose
4653,ステノGSキャップ・桃,Casquette Stheno GS rose
4654,ステノHSヘルム・青,Heaume Stheno HS bleu
4655,ステノGSヘルム・青,Heaume Stheno GS bleu
4656,ステノHSキャップ・青,Casquette Stheno HS bleue
4657,ステノGSキャップ・青,Casquette Stheno GS bleue
4658,ステノHSヘルム・赤,Heaume Stheno HS rouge
4659,ステノGSヘルム・赤,Heaume Stheno GS rouge
4660,ステノHSキャップ・赤,Casquette Stheno HS rouge
4661,ステノGSキャップ・赤,Casquette Stheno GS rouge
4662,エディオHCヘルム・赤,Heaume Edio HC rouge
4663,エディオHSヘルム・赤,Heaume Edio HS rouge
4664,エディオGSヘルム・赤,Heaume Edio GS rouge
4665,エディオHCマスク・赤,Masque Edio HC rouge
4666,エディオHSマスク・赤,Masque Edio HS rouge
4667,エディオGSマスク・赤,Masque Edio GS rouge
4668,エディオHCヘルム・黄,Heaume Edio HC jaune
4669,エディオHSヘルム・黄,Heaume Edio HS jaune
4670,エディオGSヘルム・黄,Heaume Edio GS jaune
4671,エディオHCマスク・黄,Masque Edio HC jaune
4672,エディオHSマスク・黄,Masque Edio HS jaune
4673,エディオGSマスク・黄,Masque Edio GS jaune
4674,エディオHCヘルム・黒,Heaume Edio HC noir
4675,エディオHSヘルム・黒,Heaume Edio HS noir
4676,エディオGSヘルム・黒,Heaume Edio GS noir
4677,エディオHCマスク・黒,Masque Edio HC noir
4678,エディオHSマスク・黒,Masque Edio HS noir
4679,エディオGSマスク・黒,Masque Edio GS noir
4680,ガリトスHCヘッド・赤,Coiffe Garitos HC rouge
4681,ガリトスHSヘッド・赤,Coiffe Garitos HS rouge
4682,ガリトスGSヘッド・赤,Coiffe Garitos GS rouge
4683,ガリトスHCバンド・赤,Bandeau Garitos HC rouge
4684,ガリトスHSバンド・赤,Bandeau Garitos HS rouge
4685,ガリトスGSバンド・赤,Bandeau Garitos GS rouge
4686,ガリトスHCヘッド・黒,Coiffe Garitos HC noire
4687,ガリトスHSヘッド・黒,Coiffe Garitos HS noire
4688,ガリトスGSヘッド・黒,Coiffe Garitos GS noire
4689,ガリトスHCバンド・黒,Bandeau Garitos HC noir
4690,ガリトスHSバンド・黒,Bandeau Garitos HS noir
4691,ガリトスGSバンド・黒,Bandeau Garitos GS noir
4692,ガリトスHCヘッド・水,
4693,ガリトスHSヘッド・水,
4694,ガリトスGSヘッド・水,
4695,ガリトスHCバンド・水,
4696,ガリトスHSバンド・水,
4697,ガリトスGSバンド・水,
4698,星祭FZ面【青】,
4699,星祭HC面【青】,
4700,星祭HS面【青】,
4701,星祭GS面【青】,
4702,七夕FZ面【青】,
4703,七夕HC面【青】,
4704,七夕HS面【青】,
4705,七夕GS面【青】,
4706,星祭FZ面【黒】,
4707,星祭HC面【黒】,
4708,星祭HS面【黒】,
4709,星祭GS面【黒】,
4710,七夕FZ面【黒】,
4711,七夕HC面【黒】,
4712,七夕HS面【黒】,
4713,七夕GS面【黒】,
4714,星祭FZ面【白】,
4715,星祭HC面【白】,
4716,星祭HS面【白】,
4717,星祭GS面【白】,
4718,七夕FZ面【白】,
4719,七夕HC面【白】,
4720,七夕HS面【白】,
4721,七夕GS面【白】,
4722,ダミー,
4723,ダミー,
4724,ダミー,
4725,ダミー,
4726,ダミー,
4727,ダミー,
4728,ダミー,
4729,ダミー,
4730,ダミー,
4731,ダミー,
4732,ダミー,
4733,ダミー,
4734,ヴェルフHSヘルム,Heaume Welf HS
4735,ヴェルフGSヘルム,Heaume Welf GS
4736,ヴェルフHSキャップ,Casquette Welf HS
4737,ヴェルフGSキャップ,Casquette Welf GS
4738,テリオグHSヘルム,
4739,テリオグGSヘルム,
4740,テリオグHSキャップ,
4741,テリオグGSキャップ,
4742,ベイルHSイヤリング,
4743,ベイルGSイヤリング,
4744,ミクヘッド・白,Coiffe Miku blanche
4745,ミクＦヘッド・白,Coiffe Miku F blanche
4746,ミクFZヘッド・白,Coiffe Miku FZ blanche
4747,ミクHCヘッド・白,Coiffe Miku HC blanche
4748,ミクHSヘッド・白,Coiffe Miku HS blanche
4749,ミクGSヘッド・白,Coiffe Miku GS blanche
4750,ミクピアス・白,Piercing Miku blanc
4751,ミクＦピアス・白,Piercing Miku F blanc
4752,ミクFZピアス・白,Piercing Miku FZ blanc
4753,ミクHCピアス・白,Piercing Miku HC blanc
4754,ミクHSピアス・白,Piercing Miku HS blanc
4755,ミクGSピアス・白,Piercing Miku GS blanc
4756,ミクヘッド・黄,Coiffe Miku jaune
4757,ミクＦヘッド・黄,Coiffe Miku F jaune
4758,ミクFZヘッド・黄,Coiffe Miku FZ jaune
4759,ミクHCヘッド・黄,Coiffe Miku HC jaune
4760,ミクHSヘッド・黄,Coiffe Miku HS jaune
4761,ミクGSヘッド・黄,Coiffe Miku GS jaune
4762,ミクピアス・黄,Piercing Miku jaune
4763,ミクＦピアス・黄,Piercing Miku F jaune
4764,ミクFZピアス・黄,Piercing Miku FZ jaune
4765,ミクHCピアス・黄,Piercing Miku HC jaune
4766,ミクHSピアス・黄,Piercing Miku HS jaune
4767,ミクGSピアス・黄,Piercing Miku GS jaune
4768,ミクヘッド・黒,Coiffe Miku noire
4769,ミクＦヘッド・黒,Coiffe Miku F noire
4770,ミクFZヘッド・黒,Coiffe Miku FZ noire
4771,ミクHCヘッド・黒,Coiffe Miku HC noire
4772,ミクHSヘッド・黒,Coiffe Miku HS noire
4773,ミクGSヘッド・黒,Coiffe Miku GS noire
4774,ミクピアス・黒,Piercing Miku noir
4775,ミクＦピアス・黒,Piercing Miku F noir
4776,ミクFZピアス・黒,Piercing Miku FZ noir
4777,ミクHCピアス・黒,Piercing Miku HC noir
4778,ミクHSピアス・黒,Piercing Miku HS noir
4779,ミクGSピアス・黒,Piercing Miku GS noir
4780,ミクヘッド・褐,
4781,ミクＦヘッド・褐,
4782,ミクFZヘッド・褐,
4783,ミクHCヘッド・褐,
4784,ミクHSヘッド・褐,
4785,ミクGSヘッド・褐,
4786,ミクピアス・褐,
4787,ミクＦピアス・褐,
4788,ミクFZピアス・褐,
4789,ミクHCピアス・褐,
4790,ミクHSピアス・褐,
4791,ミクGSピアス・褐,
4792,ランポスＧヘルム,Heaume Velociprey G
4793,ランポスGFヘルム,Heaume Velociprey GF
4794,ランポスGXヘルム,Heaume Velociprey GX
4795,ランポスＧキャップ,Casquette Velociprey G
4796,ランポスGFキャップ,Casquette Velociprey GF
4797,ランポスGXキャップ,Casquette Velociprey GX
4798,イーオスＧヘルム,Heaume Ioprey G
4799,イーオスGFヘルム,Heaume Ioprey GF
4800,イーオスGXヘルム,Heaume Ioprey GX
4801,イーオスＧキャップ,Casquette Ioprey G
4802,イーオスGFキャップ,Casquette Ioprey GF
4803,イーオスGXキャップ,Casquette Ioprey GX
4804,ゲネポスＧヘルム,Heaume Genprey G
4805,ゲネポスGFヘルム,Heaume Genprey GF
4806,ゲネポスGXヘルム,Heaume Genprey GX
4807,ゲネポスＧキャップ,Casquette Genprey G
4808,ゲネポスGFキャップ,Casquette Genprey GF
4809,ゲネポスGXキャップ,Casquette Genprey GX
4810,ガレオスＧヘルム,Heaume Cephalos G
4811,ガレオスGFヘルム,Heaume Cephalos GF
4812,ガレオスGXヘルム,Heaume Cephalos GX
4813,ガレオスＧキャップ,Casquette Cephalos G
4814,ガレオスGFキャップ,Casquette Cephalos GF
4815,ガレオスGXキャップ,Casquette Cephalos GX
4816,ディアブロＧヘルム,Heaume Diablos G
4817,ディアブロGFヘルム,Heaume Diablos GF
4818,ディアブロGXヘルム,Heaume Diablos GX
4819,ディアブロＧキャップ,Casquette Diablos G
4820,ディアブロGFキャップ,Casquette Diablos GF
4821,ディアブロGXキャップ,Casquette Diablos GX
4822,ガノスＧヘルム,Heaume Plesioth G
4823,ガノスGFヘルム,Heaume Plesioth GF
4824,ガノスGXヘルム,Heaume Plesioth GX
4825,ガノスＧキャップ,Casquette Plesioth G
4826,ガノスGFキャップ,Casquette Plesioth GF
4827,ガノスGXキャップ,Casquette Plesioth GX
4828,ベルＧヘルム,Heaume Beru G
4829,ベルGFヘルム,Heaume Beru GF
4830,ベルGXヘルム,Heaume Beru GX
4831,ベルＧキャップ,Casquette Beru G
4832,ベルGFキャップ,Casquette Beru GF
4833,ベルGXキャップ,Casquette Beru GX
4834,グラビデＧヘルム,Heaume Gravios G
4835,グラビデGFヘルム,Heaume Gravios GF
4836,グラビデGXヘルム,Heaume Gravios GX
4837,グラビデＧキャップ,Casquette Gravios G
4838,グラビデGFキャップ,Casquette Gravios GF
4839,グラビデGXキャップ,Casquette Gravios GX
4840,ルナＧヘルム,Heaume Lune G
4841,ルナGFヘルム,Heaume Lune GF
4842,ルナGXヘルム,Heaume Lune GX
4843,ルナＧキャップ,Casquette Lune G
4844,ルナGFキャップ,Casquette Lune GF
4845,ルナGXキャップ,Casquette Lune GX
4846,ストロマヘルム,Heaume Stroma
4847,ストロマＦヘルム,Heaume Stroma F
4848,ストロマFXヘルム,Heaume Stroma FX
4849,ストロマＧヘルム,Heaume Stroma G
4850,ストロマキャップ,Casquette Stroma
4851,ストロマＦキャップ,Casquette Stroma F
4852,ストロマFXキャップ,Casquette Stroma FX
4853,ストロマＧキャップ,Casquette Stroma G
4854,プランダＧヘルム,Heaume Pillard G
4855,プランダGFヘルム,Heaume Pillard GF
4856,プランダGXヘルム,Heaume Pillard GX
4857,プランダＧキャップ,Casquette Pillard G
4858,プランダGFキャップ,Casquette Pillard GF
4859,プランダGXキャップ,Casquette Pillard GX
4860,アルテラヘルム,Heaume Altera
4861,アルテラＦヘルム,Heaume Altera F
4862,アルテラFXヘルム,Heaume Altera FX
4863,アルテラＧヘルム,Heaume Altera G
4864,アルテラGFヘルム,Heaume Altera GF
4865,アルテラキャップ,Casquette Altera
4866,アルテラＦキャップ,Casquette Altera F
4867,アルテラFXキャップ,Casquette Altera FX
4868,アルテラＧキャップ,Casquette Altera G
4869,アルテラGFキャップ,Casquette Altera GF
4870,ドラゴンＧヘッド,
4871,ドラゴンGFヘッド,
4872,ドラゴンGXヘッド,
4873,ドラゴンＧフェイス,
4874,ドラゴンGFフェイス,
4875,ドラゴンGXフェイス,
4876,イリークヘルム,Heaume Iriku
4877,イリークＦヘルム,Heaume Iriku F
4878,イリークFXヘルム,Heaume Iriku FX
4879,イリークHCヘルム,Heaume Iriku HC
4880,イリークキャップ,Casquette Iriku
4881,イリークＦキャップ,Casquette Iriku F
4882,イリークFXキャップ,Casquette Iriku FX
4883,イリークHCキャップ,Casquette Iriku HC
4884,イリークＧヘルム,Heaume Iriku G
4885,イリークGFヘルム,Heaume Iriku GF
4886,イリークGXヘルム,Heaume Iriku GX
4887,イリークＧキャップ,Casquette Iriku G
4888,イリークGFキャップ,Casquette Iriku GF
4889,イリークGXキャップ,Casquette Iriku GX
4890,アフティＧヘルム,Heaume Afti G
4891,アフティGFヘルム,Heaume Afti GF
4892,アフティGXヘルム,Heaume Afti GX
4893,アフティＧキャップ,Casquette Afti G
4894,アフティGFキャップ,Casquette Afti GF
4895,アフティGXキャップ,Casquette Afti GX
4896,セクティヘルム・黒,Heaume Secti noir
4897,セクティＦヘルム・黒,Heaume Secti F noir
4898,セクティFZヘルム・黒,Heaume Secti FZ noir
4899,セクティHSヘルム・黒,Heaume Secti HS noir
4900,セクティGSヘルム・黒,Heaume Secti GS noir
4901,セクティGPヘルム・黒,Heaume Secti GP noir
4902,セクティマスク・黒,Masque Secti noir
4903,セクティＦマスク・黒,Masque Secti F noir
4904,セクティFZマスク・黒,Masque Secti FZ noir
4905,セクティHSマスク・黒,Masque Secti HS noir
4906,セクティGSマスク・黒,Masque Secti GS noir
4907,セクティGPマスク・黒,Masque Secti GP noir
4908,セクティヘルム・青,Heaume Secti bleu
4909,セクティＦヘルム・青,Heaume Secti F bleu
4910,セクティFZヘルム・青,Heaume Secti FZ bleu
4911,セクティHSヘルム・青,Heaume Secti HS bleu
4912,セクティGSヘルム・青,Heaume Secti GS bleu
4913,セクティGPヘルム・青,Heaume Secti GP bleu
4914,セクティマスク・青,Masque Secti bleu
4915,セクティＦマスク・青,Masque Secti F bleu
4916,セクティFZマスク・青,Masque Secti FZ bleu
4917,セクティHSマスク・青,Masque Secti HS bleu
4918,セクティGSマスク・青,Masque Secti GS bleu
4919,セクティGPマスク・青,Masque Secti GP bleu
4920,セクティヘルム・赤,Heaume Secti rouge
4921,セクティＦヘルム・赤,Heaume Secti F rouge
4922,セクティFZヘルム・赤,Heaume Secti FZ rouge
4923,セクティHSヘルム・赤,Heaume Secti HS rouge
4924,セクティGSヘルム・赤,Heaume Secti GS rouge
4925,セクティGPヘルム・赤,Heaume Secti GP rouge
4926,セクティマスク・赤,Masque Secti rouge
4927,セクティＦマスク・赤,Masque Secti F rouge
4928,セクティFZマスク・赤,Masque Secti FZ rouge
4929,セクティHSマスク・赤,Masque Secti HS rouge
4930,セクティGSマスク・赤,Masque Secti GS rouge
4931,セクティGPマスク・赤,Masque Secti GP rouge
4932,セクティヘルム・白,Heaume Secti blanc
4933,セクティＦヘルム・白,Heaume Secti F blanc
4934,セクティFZヘルム・白,Heaume Secti FZ blanc
4935,セクティHSヘルム・白,Heaume Secti HS blanc
4936,セクティGSヘルム・白,Heaume Secti GS blanc
4937,セクティGPヘルム・白,Heaume Secti GP blanc
4938,セクティマスク・白,Masque Secti blanc
4939,セクティＦマスク・白,Masque Secti F blanc
4940,セクティFZマスク・白,Masque Secti FZ blanc
4941,セクティHSマスク・白,Masque Secti HS blanc
4942,セクティGSマスク・白,Masque Secti GS blanc
4943,セクティGPマスク・白,Masque Secti GP blanc
4944,ゲルトヘルム・黒,Heaume Gert noir
4945,ゲルトＦヘルム・黒,Heaume Gert F noir
4946,ゲルトFZヘルム・黒,Heaume Gert FZ noir
4947,ゲルトHSヘルム・黒,Heaume Gert HS noir
4948,ゲルトGSヘルム・黒,Heaume Gert GS noir
4949,ゲルトGPヘルム・黒,Heaume Gert GP noir
4950,ゲルトマスク・黒,Masque Gert noir
4951,ゲルトＦマスク・黒,Masque Gert F noir
4952,ゲルトFZマスク・黒,Masque Gert FZ noir
4953,ゲルトHSマスク・黒,Masque Gert HS noir
4954,ゲルトGSマスク・黒,Masque Gert GS noir
4955,ゲルトGPマスク・黒,Masque Gert GP noir
4956,ゲルトヘルム・銅,
4957,ゲルトＦヘルム・銅,
4958,ゲルトFZヘルム・銅,
4959,ゲルトHSヘルム・銅,
4960,ゲルトGSヘルム・銅,
4961,ゲルトGPヘルム・銅,
4962,ゲルトマスク・銅,
4963,ゲルトＦマスク・銅,
4964,ゲルトFZマスク・銅,
4965,ゲルトHSマスク・銅,
4966,ゲルトGSマスク・銅,
4967,ゲルトGPマスク・銅,
4968,ゲルトヘルム・銀,Heaume Gert argenté
4969,ゲルトＦヘルム・銀,Heaume Gert F argenté
4970,ゲルトFZヘルム・銀,Heaume Gert FZ argenté
4971,ゲルトHSヘルム・銀,Heaume Gert HS argenté
4972,ゲルトGSヘルム・銀,Heaume Gert GS argenté
4973,ゲルトGPヘルム・銀,Heaume Gert GP argenté
4974,ゲルトマスク・銀,Masque Gert argenté
4975,ゲルトＦマスク・銀,Masque Gert F argenté
4976,ゲルトFZマスク・銀,Masque Gert FZ argenté
4977,ゲルトHSマスク・銀,Masque Gert HS argenté
4978,ゲルトGSマスク・銀,Masque Gert GS argenté
4979,ゲルトGPマスク・銀,Masque Gert GP argenté
4980,ゲルトヘルム・金,Heaume Gert doré
4981,ゲルトＦヘルム・金,Heaume Gert F doré
4982,ゲルトFZヘルム・金,Heaume Gert FZ doré
4983,ゲルトHSヘルム・金,Heaume Gert HS doré
4984,ゲルトGSヘルム・金,Heaume Gert GS doré
4985,ゲルトGPヘルム・金,Heaume Gert GP doré
4986,ゲルトマスク・金,Masque Gert doré
4987,ゲルトＦマスク・金,Masque Gert F doré
4988,ゲルトFZマスク・金,Masque Gert FZ doré
4989,ゲルトHSマスク・金,Masque Gert HS doré
4990,ゲルトGSマスク・金,Masque Gert GS doré
4991,ゲルトGPマスク・金,Masque Gert GP doré
4992,ウーコンヘッド,Coiffe Shoko
4993,ウーコンＦヘッド,Coiffe Shoko F
4994,ウーコンFZヘッド,Coiffe Shoko FZ
4995,ウーコンHSヘッド,Coiffe Shoko HS
4996,ウーコンGSヘッド,Coiffe Shoko GS
4997,ウーコンGPヘッド,Coiffe Shoko GP
4998,ウーコンバンド,Bandeau Shoko
4999,ウーコンＦバンド,Bandeau Shoko F
5000,ウーコンFZバンド,Bandeau Shoko FZ
5001,ウーコンHSバンド,Bandeau Shoko HS
5002,ウーコンGSバンド,Bandeau Shoko GS
5003,ウーコンGPバンド,Bandeau Shoko GP
5004,ゲノムヘッド・緑,Coiffe Génome verte
5005,ゲノムＦヘッド・緑,Coiffe Génome F verte
5006,ゲノムFZヘッド・緑,Coiffe Génome FZ verte
5007,ゲノムHSヘッド・緑,Coiffe Génome HS verte
5008,ゲノムGSヘッド・緑,Coiffe Génome GS verte
5009,ゲノムGPヘッド・緑,Coiffe Génome GP verte
5010,ゲノムマスク・緑,Masque Génome vert
5011,ゲノムＦマスク・緑,Masque Génome F vert
5012,ゲノムFZマスク・緑,Masque Génome FZ vert
5013,ゲノムHSマスク・緑,Masque Génome HS vert
5014,ゲノムGSマスク・緑,Masque Génome GS vert
5015,ゲノムGPマスク・緑,Masque Génome GP vert
5016,ゲノムヘッド・水,
5017,ゲノムＦヘッド・水,
5018,ゲノムFZヘッド・水,
5019,ゲノムHSヘッド・水,
5020,ゲノムGSヘッド・水,
5021,ゲノムGPヘッド・水,
5022,ゲノムマスク・水,
5023,ゲノムＦマスク・水,
5024,ゲノムFZマスク・水,
5025,ゲノムHSマスク・水,
5026,ゲノムGSマスク・水,
5027,ゲノムGPマスク・水,
5028,ゲノムヘッド・赤,Coiffe Génome rouge
5029,ゲノムＦヘッド・赤,Coiffe Génome F rouge
5030,ゲノムFZヘッド・赤,Coiffe Génome FZ rouge
5031,ゲノムHSヘッド・赤,Coiffe Génome HS rouge
5032,ゲノムGSヘッド・赤,Coiffe Génome GS rouge
5033,ゲノムGPヘッド・赤,Coiffe Génome GP rouge
5034,ゲノムマスク・赤,Masque Génome rouge
5035,ゲノムＦマスク・赤,Masque Génome F rouge
5036,ゲノムFZマスク・赤,Masque Génome FZ rouge
5037,ゲノムHSマスク・赤,Masque Génome HS rouge
5038,ゲノムGSマスク・赤,Masque Génome GS rouge
5039,ゲノムGPマスク・赤,Masque Génome GP rouge
5040,ゲノムヘッド・紫,Coiffe Génome violette
5041,ゲノムＦヘッド・紫,Coiffe Génome F violette
5042,ゲノムFZヘッド・紫,Coiffe Génome FZ violette
5043,ゲノムHSヘッド・紫,Coiffe Génome HS violette
5044,ゲノムGSヘッド・紫,Coiffe Génome GS violette
5045,ゲノムGPヘッド・紫,Coiffe Génome GP violette
5046,ゲノムマスク・紫,Masque Génome violet
5047,ゲノムＦマスク・紫,Masque Génome F violet
5048,ゲノムFZマスク・紫,Masque Génome FZ violet
5049,ゲノムHSマスク・紫,Masque Génome HS violet
5050,ゲノムGSマスク・紫,Masque Génome GS violet
5051,ゲノムGPマスク・紫,Masque Génome GP violet
5052,ディヴォルヘッド緑,Coiffe Divol verte
5053,ディヴォルＦヘッド緑,Coiffe Divol F verte
5054,ディヴォルFZヘッド緑,Coiffe Divol FZ verte
5055,ディヴォルHSヘッド緑,Coiffe Divol HS verte
5056,ディヴォルGSヘッド緑,Coiffe Divol GS verte
5057,ディヴォルGPヘッド緑,Coiffe Divol GP verte
5058,ディヴォルマスク緑,Masque Divol vert
5059,ディヴォルＦマスク緑,Masque Divol F vert
5060,ディヴォルFZマスク緑,Masque Divol FZ vert
5061,ディヴォルHSマスク緑,Masque Divol HS vert
5062,ディヴォルGSマスク緑,Masque Divol GS vert
5063,ディヴォルGPマスク緑,Masque Divol GP vert
5064,ディヴォルヘッド茶,Coiffe Divol brune
5065,ディヴォルＦヘッド茶,Coiffe Divol F brune
5066,ディヴォルFZヘッド茶,Coiffe Divol FZ brune
5067,ディヴォルHSヘッド茶,Coiffe Divol HS brune
5068,ディヴォルGSヘッド茶,Coiffe Divol GS brune
5069,ディヴォルGPヘッド茶,Coiffe Divol GP brune
5070,ディヴォルマスク茶,Masque Divol brun
5071,ディヴォルＦマスク茶,Masque Divol F brun
5072,ディヴォルFZマスク茶,Masque Divol FZ brun
5073,ディヴォルHSマスク茶,Masque Divol HS brun
5074,ディヴォルGSマスク茶,Masque Divol GS brun
5075,ディヴォルGPマスク茶,Masque Divol GP brun
5076,ディヴォルヘッド白,Coiffe Divol blanche
5077,ディヴォルＦヘッド白,Coiffe Divol F blanche
5078,ディヴォルFZヘッド白,Coiffe Divol FZ blanche
5079,ディヴォルHSヘッド白,Coiffe Divol HS blanche
5080,ディヴォルGSヘッド白,Coiffe Divol GS blanche
5081,ディヴォルGPヘッド白,Coiffe Divol GP blanche
5082,ディヴォルマスク白,Masque Divol blanc
5083,ディヴォルＦマスク白,Masque Divol F blanc
5084,ディヴォルFZマスク白,Masque Divol FZ blanc
5085,ディヴォルHSマスク白,Masque Divol HS blanc
5086,ディヴォルGSマスク白,Masque Divol GS blanc
5087,ディヴォルGPマスク白,Masque Divol GP blanc
5088,ダンテヘッド・赤,Coiffe Dante rouge
5089,ダンテＦヘッド・赤,Coiffe Dante F rouge
5090,ダンテFZヘッド・赤,Coiffe Dante FZ rouge
5091,ダンテHSヘッド・赤,Coiffe Dante HS rouge
5092,ダンテGSヘッド・赤,Coiffe Dante GS rouge
5093,ダンテGPヘッド・赤,Coiffe Dante GP rouge
5094,ダンテウィッグ・赤,
5095,ダンテＦウィッグ・赤,
5096,ダンテFZウィッグ・赤,
5097,ダンテHSウィッグ・赤,
5098,ダンテGSウィッグ・赤,
5099,ダンテGPウィッグ・赤,
5100,レディヘッド・白,Coiffe Dame blanche
5101,レディＦヘッド・白,Coiffe Dame F blanche
5102,レディFZヘッド・白,Coiffe Dame FZ blanche
5103,レディHSヘッド・白,Coiffe Dame HS blanche
5104,レディGSヘッド・白,Coiffe Dame GS blanche
5105,レディGPヘッド・白,Coiffe Dame GP blanche
5106,レディウィッグ・白,
5107,レディＦウィッグ・白,
5108,レディFZウィッグ・白,
5109,レディHSウィッグ・白,
5110,レディGSウィッグ・白,
5111,レディGPウィッグ・白,
5112,ダンテヘッド・黒,Coiffe Dante noire
5113,ダンテＦヘッド・黒,Coiffe Dante F noire
5114,ダンテFZヘッド・黒,Coiffe Dante FZ noire
5115,ダンテHSヘッド・黒,Coiffe Dante HS noire
5116,ダンテGSヘッド・黒,Coiffe Dante GS noire
5117,ダンテGPヘッド・黒,Coiffe Dante GP noire
5118,ダンテウィッグ・黒,
5119,ダンテＦウィッグ・黒,
5120,ダンテFZウィッグ・黒,
5121,ダンテHSウィッグ・黒,
5122,ダンテGSウィッグ・黒,
5123,ダンテGPウィッグ・黒,
5124,レディヘッド・黒,Coiffe Dame noire
5125,レディＦヘッド・黒,Coiffe Dame F noire
5126,レディFZヘッド・黒,Coiffe Dame FZ noire
5127,レディHSヘッド・黒,Coiffe Dame HS noire
5128,レディGSヘッド・黒,Coiffe Dame GS noire
5129,レディGPヘッド・黒,Coiffe Dame GP noire
5130,レディウィッグ・黒,
5131,レディＦウィッグ・黒,
5132,レディFZウィッグ・黒,
5133,レディHSウィッグ・黒,
5134,レディGSウィッグ・黒,
5135,レディGPウィッグ・黒,
5136,ダンテヘッド・白,Coiffe Dante blanche
5137,ダンテＦヘッド・白,Coiffe Dante F blanche
5138,ダンテFZヘッド・白,Coiffe Dante FZ blanche
5139,ダンテHSヘッド・白,Coiffe Dante HS blanche
5140,ダンテGSヘッド・白,Coiffe Dante GS blanche
5141,ダンテGPヘッド・白,Coiffe Dante GP blanche
5142,ダンテウィッグ・白,
5143,ダンテＦウィッグ・白,
5144,ダンテFZウィッグ・白,
5145,ダンテHSウィッグ・白,
5146,ダンテGSウィッグ・白,
5147,ダンテGPウィッグ・白,
5148,レディヘッド・赤,Coiffe Dame rouge
5149,レディＦヘッド・赤,Coiffe Dame F rouge
5150,レディFZヘッド・赤,Coiffe Dame FZ rouge
5151,レディHSヘッド・赤,Coiffe Dame HS rouge
5152,レディGSヘッド・赤,Coiffe Dame GS rouge
5153,レディGPヘッド・赤,Coiffe Dame GP rouge
5154,レディウィッグ・赤,
5155,レディＦウィッグ・赤,
5156,レディFZウィッグ・赤,
5157,レディHSウィッグ・赤,
5158,レディGSウィッグ・赤,
5159,レディGPウィッグ・赤,
5160,ダンテヘッド・緑,Coiffe Dante verte
5161,ダンテＦヘッド・緑,Coiffe Dante F verte
5162,ダンテFZヘッド・緑,Coiffe Dante FZ verte
5163,ダンテHSヘッド・緑,Coiffe Dante HS verte
5164,ダンテGSヘッド・緑,Coiffe Dante GS verte
5165,ダンテGPヘッド・緑,Coiffe Dante GP verte
5166,ダンテウィッグ・緑,
5167,ダンテＦウィッグ・緑,
5168,ダンテFZウィッグ・緑,
5169,ダンテHSウィッグ・緑,
5170,ダンテGSウィッグ・緑,
5171,ダンテGPウィッグ・緑,
5172,レディヘッド・緑,Coiffe Dame verte
5173,レディＦヘッド・緑,Coiffe Dame F verte
5174,レディFZヘッド・緑,Coiffe Dame FZ verte
5175,レディHSヘッド・緑,Coiffe Dame HS verte
5176,レディGSヘッド・緑,Coiffe Dame GS verte
5177,レディGPヘッド・緑,Coiffe Dame GP verte
5178,レディウィッグ・緑,
5179,レディＦウィッグ・緑,
5180,レディFZウィッグ・緑,
5181,レディHSウィッグ・緑,
5182,レディGSウィッグ・緑,
5183,レディGPウィッグ・緑,
5184,昇龍FZ鉢巻・白,
5185,昇龍HS鉢巻・白,
5186,昇龍GS鉢巻・白,
5187,昇龍GP鉢巻・白,
5188,波動FZ鉢巻・白,
5189,波動HS鉢巻・白,
5190,波動GS鉢巻・白,
5191,波動GP鉢巻・白,
5192,百裂FZお団子・青,
5193,百裂HSお団子・青,
5194,百裂GSお団子・青,
5195,百裂GPお団子・青,
5196,気功FZお団子・青,
5197,気功HSお団子・青,
5198,気功GSお団子・青,
5199,気功GPお団子・青,
5200,昇龍FZ鉢巻・紺,
5201,昇龍HS鉢巻・紺,
5202,昇龍GS鉢巻・紺,
5203,昇龍GP鉢巻・紺,
5204,波動FZ鉢巻・紺,
5205,波動HS鉢巻・紺,
5206,波動GS鉢巻・紺,
5207,波動GP鉢巻・紺,
5208,百裂FZお団子・黒,
5209,百裂HSお団子・黒,
5210,百裂GSお団子・黒,
5211,百裂GPお団子・黒,
5212,気功FZお団子・黒,
5213,気功HSお団子・黒,
5214,気功GSお団子・黒,
5215,気功GPお団子・黒,
5216,昇龍FZ鉢巻・黄,
5217,昇龍HS鉢巻・黄,
5218,昇龍GS鉢巻・黄,
5219,昇龍GP鉢巻・黄,
5220,波動FZ鉢巻・黄,
5221,波動HS鉢巻・黄,
5222,波動GS鉢巻・黄,
5223,波動GP鉢巻・黄,
5224,百裂FZお団子・黄,
5225,百裂HSお団子・黄,
5226,百裂GSお団子・黄,
5227,百裂GPお団子・黄,
5228,気功FZお団子・黄,
5229,気功HSお団子・黄,
5230,気功GSお団子・黄,
5231,気功GPお団子・黄,
5232,昇龍FZ鉢巻・紫,
5233,昇龍HS鉢巻・紫,
5234,昇龍GS鉢巻・紫,
5235,昇龍GP鉢巻・紫,
5236,波動FZ鉢巻・紫,
5237,波動HS鉢巻・紫,
5238,波動GS鉢巻・紫,
5239,波動GP鉢巻・紫,
5240,百裂FZお団子・緑,
5241,百裂HSお団子・緑,
5242,百裂GSお団子・緑,
5243,百裂GPお団子・緑,
5244,気功FZお団子・緑,
5245,気功HSお団子・緑,
5246,気功GSお団子・緑,
5247,気功GPお団子・緑,
5248,竜巻FZ鉢巻・黒,
5249,竜巻HS鉢巻・黒,
5250,竜巻GS鉢巻・黒,
5251,竜巻GP鉢巻・黒,
5252,真空FZ鉢巻・黒,
5253,真空HS鉢巻・黒,
5254,真空GS鉢巻・黒,
5255,真空GP鉢巻・黒,
5256,千裂FZお団子・黒,
5257,千裂HSお団子・黒,
5258,千裂GSお団子・黒,
5259,千裂GPお団子・黒,
5260,覇山FZお団子・黒,
5261,覇山HSお団子・黒,
5262,覇山GSお団子・黒,
5263,覇山GPお団子・黒,
5264,竜巻FZ鉢巻・茶,
5265,竜巻HS鉢巻・茶,
5266,竜巻GS鉢巻・茶,
5267,竜巻GP鉢巻・茶,
5268,真空FZ鉢巻・茶,
5269,真空HS鉢巻・茶,
5270,真空GS鉢巻・茶,
5271,真空GP鉢巻・茶,
5272,千裂FZお団子・紫,
5273,千裂HSお団子・紫,
5274,千裂GSお団子・紫,
5275,千裂GPお団子・紫,
5276,覇山FZお団子・紫,
5277,覇山HSお団子・紫,
5278,覇山GSお団子・紫,
5279,覇山GPお団子・紫,
5280,竜巻FZ鉢巻・白,
5281,竜巻HS鉢巻・白,
5282,竜巻GS鉢巻・白,
5283,竜巻GP鉢巻・白,
5284,真空FZ鉢巻・白,
5285,真空HS鉢巻・白,
5286,真空GS鉢巻・白,
5287,真空GP鉢巻・白,
5288,千裂FZお団子・白,
5289,千裂HSお団子・白,
5290,千裂GSお団子・白,
5291,千裂GPお団子・白,
5292,覇山FZお団子・白,
5293,覇山HSお団子・白,
5294,覇山GSお団子・白,
5295,覇山GPお団子・白,
5296,竜巻FZ鉢巻・青,
5297,竜巻HS鉢巻・青,
5298,竜巻GS鉢巻・青,
5299,竜巻GP鉢巻・青,
5300,真空FZ鉢巻・青,
5301,真空HS鉢巻・青,
5302,真空GS鉢巻・青,
5303,真空GP鉢巻・青,
5304,千裂FZお団子・緑,
5305,千裂HSお団子・緑,
5306,千裂GSお団子・緑,
5307,千裂GPお団子・緑,
5308,覇山FZお団子・緑,
5309,覇山HSお団子・緑,
5310,覇山GSお団子・緑,
5311,覇山GPお団子・緑,
5312,デモンFZヘッド・青,Coiffe Démon FZ bleue
5313,デモンHSヘッド・青,Coiffe Démon HS bleue
5314,デモンGSヘッド・青,Coiffe Démon GS bleue
5315,デモンGPヘッド・青,Coiffe Démon GP bleue
5316,カオスFZヘッド・青,Coiffe Chaos FZ bleue
5317,カオスHSヘッド・青,Coiffe Chaos HS bleue
5318,カオスGSヘッド・青,Coiffe Chaos GS bleue
5319,カオスGPヘッド・青,Coiffe Chaos GP bleue
5320,シャドウFZウィッグ紫,
5321,シャドウHSウィッグ紫,
5322,シャドウGSウィッグ紫,
5323,シャドウGPウィッグ紫,
5324,ソウルFZウィッグ・紫,
5325,ソウルHSウィッグ・紫,
5326,ソウルGSウィッグ・紫,
5327,ソウルGPウィッグ・紫,
5328,デモンFZヘッド・赤,Coiffe Démon FZ rouge
5329,デモンHSヘッド・赤,Coiffe Démon HS rouge
5330,デモンGSヘッド・赤,Coiffe Démon GS rouge
5331,デモンGPヘッド・赤,Coiffe Démon GP rouge
5332,カオスFZヘッド・赤,Coiffe Chaos FZ rouge
5333,カオスHSヘッド・赤,Coiffe Chaos HS rouge
5334,カオスGSヘッド・赤,Coiffe Chaos GS rouge
5335,カオスGPヘッド・赤,Coiffe Chaos GP rouge
5336,シャドウFZウィッグ赤,
5337,シャドウHSウィッグ赤,
5338,シャドウGSウィッグ赤,
5339,シャドウGPウィッグ赤,
5340,ソウルFZウィッグ・赤,
5341,ソウルHSウィッグ・赤,
5342,ソウルGSウィッグ・赤,
5343,ソウルGPウィッグ・赤,
5344,デモンFZヘッド・緑,Coiffe Démon FZ verte
5345,デモンHSヘッド・緑,Coiffe Démon HS verte
5346,デモンGSヘッド・緑,Coiffe Démon GS verte
5347,デモンGPヘッド・緑,Coiffe Démon GP verte
5348,カオスFZヘッド・緑,Coiffe Chaos FZ verte
5349,カオスHSヘッド・緑,Coiffe Chaos HS verte
5350,カオスGSヘッド・緑,Coiffe Chaos GS verte
5351,カオスGPヘッド・緑,Coiffe Chaos GP verte
5352,シャドウFZウィッグ緑,
5353,シャドウHSウィッグ緑,
5354,シャドウGSウィッグ緑,
5355,シャドウGPウィッグ緑,
5356,ソウルFZウィッグ・緑,
5357,ソウルHSウィッグ・緑,
5358,ソウルGSウィッグ・緑,
5359,ソウルGPウィッグ・緑,
5360,デモンFZヘッド・白,Coiffe Démon FZ blanche
5361,デモンHSヘッド・白,Coiffe Démon HS blanche
5362,デモンGSヘッド・白,Coiffe Démon GS blanche
5363,デモンGPヘッド・白,Coiffe Démon GP blanche
5364,カオスFZヘッド・白,Coiffe Chaos FZ blanche
5365,カオスHSヘッド・白,Coiffe Chaos HS blanche
5366,カオスGSヘッド・白,Coiffe Chaos GS blanche
5367,カオスGPヘッド・白,Coiffe Chaos GP blanche
5368,シャドウFZウィッグ白,
5369,シャドウHSウィッグ白,
5370,シャドウGSウィッグ白,
5371,シャドウGPウィッグ白,
5372,ソウルFZウィッグ・白,
5373,ソウルHSウィッグ・白,
5374,ソウルGSウィッグ・白,
5375,ソウルGPウィッグ・白,
5376,一閃GS【鉢金】・赤,
5377,一閃GP【鉢金】・赤,
5378,構射GS【鉢金】・赤,
5379,構射GP【鉢金】・赤,
5380,蜂針GS【鉢金】・橙,
5381,蜂針GP【鉢金】・橙,
5382,気弾GS【鉢金】・橙,
5383,気弾GP【鉢金】・橙,
5384,一閃GS【鉢金】・青,
5385,一閃GP【鉢金】・青,
5386,構射GS【鉢金】・青,
5387,構射GP【鉢金】・青,
5388,蜂針GS【鉢金】・青,
5389,蜂針GP【鉢金】・青,
5390,気弾GS【鉢金】・青,
5391,気弾GP【鉢金】・青,
5392,一閃GS【鉢金】・黄,
5393,一閃GP【鉢金】・黄,
5394,構射GS【鉢金】・黄,
5395,構射GP【鉢金】・黄,
5396,蜂針GS【鉢金】・黄,
5397,蜂針GP【鉢金】・黄,
5398,気弾GS【鉢金】・黄,
5399,気弾GP【鉢金】・黄,
5400,一閃GS【鉢金】・黒,
5401,一閃GP【鉢金】・黒,
5402,構射GS【鉢金】・黒,
5403,構射GP【鉢金】・黒,
5404,蜂針GS【鉢金】・黒,
5405,蜂針GP【鉢金】・黒,
5406,気弾GS【鉢金】・黒,
5407,気弾GP【鉢金】・黒,
5408,神龍GS鉢巻・赤,
5409,神龍GP鉢巻・赤,
5410,裂破GS鉢巻・赤,
5411,裂破GP鉢巻・赤,
5412,キャノンGSベレー・水,
5413,キャノンGPベレー・水,
5414,アクセルGSベレー・水,
5415,アクセルGPベレー・水,
5416,神龍GS鉢巻・白,
5417,神龍GP鉢巻・白,
5418,裂破GS鉢巻・白,
5419,裂破GP鉢巻・白,
5420,キャノンGSベレー・緑,
5421,キャノンGPベレー・緑,
5422,アクセルGSベレー・緑,
5423,アクセルGPベレー・緑,
5424,神龍GS鉢巻・紫,
5425,神龍GP鉢巻・紫,
5426,裂破GS鉢巻・紫,
5427,裂破GP鉢巻・紫,
5428,キャノンGSベレー・桃,
5429,キャノンGPベレー・桃,
5430,アクセルGSベレー・桃,
5431,アクセルGPベレー・桃,
5432,神龍GS鉢巻・黄,
5433,神龍GP鉢巻・黄,
5434,裂破GS鉢巻・黄,
5435,裂破GP鉢巻・黄,
5436,キャノンGSベレー・紫,
5437,キャノンGPベレー・紫,
5438,アクセルGSベレー・紫,
5439,アクセルGPベレー・紫,
5440,ガルーダHSヘッド,Coiffe Garuda HS
5441,ガルーダGSヘッド,Coiffe Garuda GS
5442,ガルーダGPヘッド,Coiffe Garuda GP
5443,ガルーダHSピアス,Piercing Garuda HS
5444,ガルーダGSピアス,Piercing Garuda GS
5445,ガルーダGPピアス,Piercing Garuda GP
5446,フィアラルHSヘッド,Coiffe Féral HS
5447,フィアラルGSヘッド,Coiffe Féral GS
5448,フィアラルGPヘッド,Coiffe Féral GP
5449,フィアラルHSピアス,Piercing Féral HS
5450,フィアラルGSピアス,Piercing Féral GS
5451,フィアラルGPピアス,Piercing Féral GP
5452,フィアスHSヘッド,Coiffe Fias HS
5453,フィアスGSヘッド,Coiffe Fias GS
5454,フィアスGPヘッド,Coiffe Fias GP
5455,フィアスHSピアス,Piercing Fias HS
5456,フィアスGSピアス,Piercing Fias GS
5457,フィアスGPピアス,Piercing Fias GP
5458,ヴィルトHSヘッド,Coiffe Viruto HS
5459,ヴィルトGSヘッド,Coiffe Viruto GS
5460,ヴィルトGPヘッド,Coiffe Viruto GP
5461,ヴィルトHSピアス,Piercing Viruto HS
5462,ヴィルトGSピアス,Piercing Viruto GS
5463,ヴィルトGPピアス,Piercing Viruto GP
5464,ファルコHSヘルム,Heaume Falco HS
5465,ファルコGSヘルム,Heaume Falco GS
5466,ファルコGPヘルム,Heaume Falco GP
5467,ファルコHSキャップ,Casquette Falco HS
5468,ファルコGSキャップ,Casquette Falco GS
5469,ファルコGPキャップ,Casquette Falco GP
5470,ハウクスHSヘルム,Heaume Howx HS
5471,ハウクスGSヘルム,Heaume Howx GS
5472,ハウクスGPヘルム,Heaume Howx GP
5473,ハウクスHSキャップ,Casquette Howx HS
5474,ハウクスGSキャップ,Casquette Howx GS
5475,ハウクスGPキャップ,Casquette Howx GP
5476,ガウスHSヘルム,Heaume Gauss HS
5477,ガウスGSヘルム,Heaume Gauss GS
5478,ガウスGPヘルム,Heaume Gauss GP
5479,ガウスHSマスク,Masque Gauss HS
5480,ガウスGSマスク,Masque Gauss GS
5481,ガウスGPマスク,Masque Gauss GP
5482,ウェーバHSヘルム,Heaume Weber HS
5483,ウェーバGSヘルム,Heaume Weber GS
5484,ウェーバGPヘルム,Heaume Weber GP
5485,ウェーバHSマスク,Masque Weber HS
5486,ウェーバGSマスク,Masque Weber GS
5487,ウェーバGPマスク,Masque Weber GP
5488,ギルバートHSヘルム,Heaume Gilbert HS
5489,ギルバートGSヘルム,Heaume Gilbert GS
5490,ギルバートGPヘルム,Heaume Gilbert GP
5491,ギルバートHSマスク,Masque Gilbert HS
5492,ギルバートGSマスク,Masque Gilbert GS
5493,ギルバートGPマスク,Masque Gilbert GP
5494,ブライトGPヘルム,Heaume Éclat GP
5495,ブライトGPキャップ,Casquette Éclat GP
5496,ジュアリGPヘルム,Heaume Juari GP
5497,ジュアリGPキャップ,Casquette Juari GP
5498,ティンクGPヘルム,Heaume Tinku GP
5499,ティンクGPキャップ,Casquette Tinku GP
5500,ルクストヘルム,Heaume Luxt
5501,ルクストＦヘルム,Heaume Luxt F
5502,ルクストFYヘルム,Heaume Luxt FY
5503,ルクストHSヘルム,Heaume Luxt HS
5504,ルクストキャップ,Casquette Luxt
5505,ルクストＦキャップ,Casquette Luxt F
5506,ルクストFYキャップ,Casquette Luxt FY
5507,ルクストHSキャップ,Casquette Luxt HS
5508,ルクストＧヘルム,Heaume Luxt G
5509,ルクストGFヘルム,Heaume Luxt GF
5510,ルクストGXヘルム,Heaume Luxt GX
5511,ルクストＧキャップ,Casquette Luxt G
5512,ルクストGFキャップ,Casquette Luxt GF
5513,ルクストGXキャップ,Casquette Luxt GX
5514,オレウムヘルム,Heaume Oleum
5515,オレウムＦヘルム,Heaume Oleum F
5516,オレウムFYヘルム,Heaume Oleum FY
5517,オレウムHSヘルム,Heaume Oleum HS
5518,オレウムキャップ,Casquette Oleum
5519,オレウムＦキャップ,Casquette Oleum F
5520,オレウムFYキャップ,Casquette Oleum FY
5521,オレウムHSキャップ,Casquette Oleum HS
5522,オレウムＧヘルム,Heaume Oleum G
5523,オレウムGFヘルム,Heaume Oleum GF
5524,オレウムGXヘルム,Heaume Oleum GX
5525,オレウムＧキャップ,Casquette Oleum G
5526,オレウムGFキャップ,Casquette Oleum GF
5527,オレウムGXキャップ,Casquette Oleum GX
5528,クラントヘルム,Heaume Kuranto
5529,クラントＦヘルム,Heaume Kuranto F
5530,クラントFYヘルム,Heaume Kuranto FY
5531,クラントHSヘルム,Heaume Kuranto HS
5532,クラントキャップ,Casquette Kuranto
5533,クラントＦキャップ,Casquette Kuranto F
5534,クラントFYキャップ,Casquette Kuranto FY
5535,クラントHSキャップ,Casquette Kuranto HS
5536,クラントＧヘルム,Heaume Kuranto G
5537,クラントGFヘルム,Heaume Kuranto GF
5538,クラントGXヘルム,Heaume Kuranto GX
5539,クラントＧキャップ,Casquette Kuranto G
5540,クラントGFキャップ,Casquette Kuranto GF
5541,クラントGXキャップ,Casquette Kuranto GX
5542,ユプケヘルム,Heaume Yupuk
5543,ユプケＦヘルム,Heaume Yupuk F
5544,ユプケFYヘルム,Heaume Yupuk FY
5545,ユプケHSヘルム,Heaume Yupuk HS
5546,ユプケキャップ,Casquette Yupuk
5547,ユプケＦキャップ,Casquette Yupuk F
5548,ユプケFYキャップ,Casquette Yupuk FY
5549,ユプケHSキャップ,Casquette Yupuk HS
5550,ユプケＧヘルム,Heaume Yupuk G
5551,ユプケGFヘルム,Heaume Yupuk GF
5552,ユプケGXヘルム,Heaume Yupuk GX
5553,ユプケＧキャップ,Casquette Yupuk G
5554,ユプケGFキャップ,Casquette Yupuk GF
5555,ユプケGXキャップ,Casquette Yupuk GX
5556,ヒガクレＧヘルム,Heaume Higakure G
5557,ヒガクレGFヘルム,Heaume Higakure GF
5558,ヒガクレGXヘルム,Heaume Higakure GX
5559,ヒガクレＧキャップ,Casquette Higakure G
5560,ヒガクレGFキャップ,Casquette Higakure GF
5561,ヒガクレGXキャップ,Casquette Higakure GX
5562,コンセルＧヘルム,Heaume Konseru G
5563,コンセルGFヘルム,Heaume Konseru GF
5564,コンセルGXヘルム,Heaume Konseru GX
5565,コンセルＧキャップ,Casquette Konseru G
5566,コンセルGFキャップ,Casquette Konseru GF
5567,コンセルGXキャップ,Casquette Konseru GX
5568,ディールＧヘッド,Coiffe Diru G
5569,ディールGFヘッド,Coiffe Diru GF
5570,ディールGXヘッド,Coiffe Diru GX
5571,ディールＧウィッグ,
5572,ディールGFウィッグ,
5573,ディールGXウィッグ,
5574,コルヌーヘッド,
5575,コピアイヘッド,
5576,コルヌーピアス,
5577,コピアイピアス,
5578,メトリーヘルム・青,Heaume Metri bleu
5579,メトリーＦヘルム・青,Heaume Metri F bleu
5580,メトリーFZヘルム・青,Heaume Metri FZ bleu
5581,メトリーHCヘルム・青,Heaume Metri HC bleu
5582,メトリーHSヘルム・青,Heaume Metri HS bleu
5583,メトリーGSヘルム・青,Heaume Metri GS bleu
5584,メトリーマスク・青,Masque Metri bleu
5585,メトリーＦマスク・青,Masque Metri F bleu
5586,メトリーFZマスク・青,Masque Metri FZ bleu
5587,メトリーHCマスク・青,Masque Metri HC bleu
5588,メトリーHSマスク・青,Masque Metri HS bleu
5589,メトリーGSマスク・青,Masque Metri GS bleu
5590,メトリーヘルム・白,Heaume Metri blanc
5591,メトリーＦヘルム・白,Heaume Metri F blanc
5592,メトリーFZヘルム・白,Heaume Metri FZ blanc
5593,メトリーHCヘルム・白,Heaume Metri HC blanc
5594,メトリーHSヘルム・白,Heaume Metri HS blanc
5595,メトリーGSヘルム・白,Heaume Metri GS blanc
5596,メトリーマスク・白,Masque Metri blanc
5597,メトリーＦマスク・白,Masque Metri F blanc
5598,メトリーFZマスク・白,Masque Metri FZ blanc
5599,メトリーHCマスク・白,Masque Metri HC blanc
5600,メトリーHSマスク・白,Masque Metri HS blanc
5601,メトリーGSマスク・白,Masque Metri GS blanc
5602,メトリーヘルム・赤,Heaume Metri rouge
5603,メトリーＦヘルム・赤,Heaume Metri F rouge
5604,メトリーFZヘルム・赤,Heaume Metri FZ rouge
5605,メトリーHCヘルム・赤,Heaume Metri HC rouge
5606,メトリーHSヘルム・赤,Heaume Metri HS rouge
5607,メトリーGSヘルム・赤,Heaume Metri GS rouge
5608,メトリーマスク・赤,Masque Metri rouge
5609,メトリーＦマスク・赤,Masque Metri F rouge
5610,メトリーFZマスク・赤,Masque Metri FZ rouge
5611,メトリーHCマスク・赤,Masque Metri HC rouge
5612,メトリーHSマスク・赤,Masque Metri HS rouge
5613,メトリーGSマスク・赤,Masque Metri GS rouge
5614,メトリーヘルム・緑,Heaume Metri vert
5615,メトリーＦヘルム・緑,Heaume Metri F vert
5616,メトリーFZヘルム・緑,Heaume Metri FZ vert
5617,メトリーHCヘルム・緑,Heaume Metri HC vert
5618,メトリーHSヘルム・緑,Heaume Metri HS vert
5619,メトリーGSヘルム・緑,Heaume Metri GS vert
5620,メトリーマスク・緑,Masque Metri vert
5621,メトリーＦマスク・緑,Masque Metri F vert
5622,メトリーFZマスク・緑,Masque Metri FZ vert
5623,メトリーHCマスク・緑,Masque Metri HC vert
5624,メトリーHSマスク・緑,Masque Metri HS vert
5625,メトリーGSマスク・緑,Masque Metri GS vert
5626,ノヴィーヘルム,
5627,ノヴィーＦヘルム,
5628,ノヴィーFZヘルム,
5629,ノヴィーHCヘルム,
5630,ノヴィーHSヘルム,
5631,ノヴィーGSヘルム,
5632,ノヴィーマスク,
5633,ノヴィーＦマスク,
5634,ノヴィーFZマスク,
5635,ノヴィーHCマスク,
5636,ノヴィーHSマスク,
5637,ノヴィーGSマスク,
5638,フローラヘルム,
5639,フラウヘッド,Coiffe Frau
5640,リアヘルム,
5641,キースヘルム,Heaume Keith
5642,ギネルヘッド,Coiffe Guinelle
5643,チルカヘッド,
5644,エドワードピアス,Piercing Edward
5645,タイゾウヘッド,Coiffe Taizo
5646,ティアラキャップ,Casquette Tiala
5647,ユウェルピアス,Piercing Uwel
5648,ナターシャヘッド,Coiffe Natasha
5649,ダミー,
5650,アミロヘルム・青,Heaume Amiro bleu
5651,アミロＦヘルム・青,Heaume Amiro F bleu
5652,アミロFZヘルム・青,Heaume Amiro FZ bleu
5653,アミロHCヘルム・青,Heaume Amiro HC bleu
5654,アミロHSヘルム・青,Heaume Amiro HS bleu
5655,アミロGSヘルム・青,Heaume Amiro GS bleu
5656,アミロマスク・青,Masque Amiro bleu
5657,アミロＦマスク・青,Masque Amiro F bleu
5658,アミロFZマスク・青,Masque Amiro FZ bleu
5659,アミロHCマスク・青,Masque Amiro HC bleu
5660,アミロHSマスク・青,Masque Amiro HS bleu
5661,アミロGSマスク・青,Masque Amiro GS bleu
5662,アミロヘルム・赤,Heaume Amiro rouge
5663,アミロＦヘルム・赤,Heaume Amiro F rouge
5664,アミロFZヘルム・赤,Heaume Amiro FZ rouge
5665,アミロHCヘルム・赤,Heaume Amiro HC rouge
5666,アミロHSヘルム・赤,Heaume Amiro HS rouge
5667,アミロGSヘルム・赤,Heaume Amiro GS rouge
5668,アミロマスク・赤,Masque Amiro rouge
5669,アミロＦマスク・赤,Masque Amiro F rouge
5670,アミロFZマスク・赤,Masque Amiro FZ rouge
5671,アミロHCマスク・赤,Masque Amiro HC rouge
5672,アミロHSマスク・赤,Masque Amiro HS rouge
5673,アミロGSマスク・赤,Masque Amiro GS rouge
5674,アミロヘルム・黄,Heaume Amiro jaune
5675,アミロＦヘルム・黄,Heaume Amiro F jaune
5676,アミロFZヘルム・黄,Heaume Amiro FZ jaune
5677,アミロHCヘルム・黄,Heaume Amiro HC jaune
5678,アミロHSヘルム・黄,Heaume Amiro HS jaune
5679,アミロGSヘルム・黄,Heaume Amiro GS jaune
5680,アミロマスク・黄,Masque Amiro jaune
5681,アミロＦマスク・黄,Masque Amiro F jaune
5682,アミロFZマスク・黄,Masque Amiro FZ jaune
5683,アミロHCマスク・黄,Masque Amiro HC jaune
5684,アミロHSマスク・黄,Masque Amiro HS jaune
5685,アミロGSマスク・黄,Masque Amiro GS jaune
5686,アミロヘルム・黒,Heaume Amiro noir
5687,アミロＦヘルム・黒,Heaume Amiro F noir
5688,アミロFZヘルム・黒,Heaume Amiro FZ noir
5689,アミロHCヘルム・黒,Heaume Amiro HC noir
5690,アミロHSヘルム・黒,Heaume Amiro HS noir
5691,アミロGSヘルム・黒,Heaume Amiro GS noir
5692,アミロマスク・黒,Masque Amiro noir
5693,アミロＦマスク・黒,Masque Amiro F noir
5694,アミロFZマスク・黒,Masque Amiro FZ noir
5695,アミロHCマスク・黒,Masque Amiro HC noir
5696,アミロHSマスク・黒,Masque Amiro HS noir
5697,アミロGSマスク・黒,Masque Amiro GS noir
5698,リグイヘルム,Heaume Pisces
5699,リグイＦヘルム,Heaume Pisces F
5700,リグイFZヘルム,Heaume Pisces FZ
5701,リグイHCヘルム,Heaume Pisces HC
5702,リグイHSヘルム,Heaume Pisces HS
5703,リグイGSヘルム,Heaume Pisces GS
5704,リグイマスク,Masque Pisces
5705,リグイＦマスク,Masque Pisces F
5706,リグイFZマスク,Masque Pisces FZ
5707,リグイHCマスク,Masque Pisces HC
5708,リグイHSマスク,Masque Pisces HS
5709,リグイGSマスク,Masque Pisces GS
5710,アスールＧヘッド,Coiffe Azul G
5711,アスールGFヘッド,Coiffe Azul GF
5712,アスールGXヘッド,Coiffe Azul GX
5713,アスールＧウィッグ,
5714,アスールGFウィッグ,
5715,アスールGXウィッグ,
5716,エントラＧヘルム,Heaume Entora G
5717,エントラGFヘルム,Heaume Entora GF
5718,エントラGXヘルム,Heaume Entora GX
5719,エントラＧキャップ,Casquette Entora G
5720,エントラGFキャップ,Casquette Entora GF
5721,エントラGXキャップ,Casquette Entora GX
5722,聖王ヘッド,
5723,聖王Ｆヘッド,
5724,聖王FZヘッド,
5725,聖王HSヘッド,
5726,聖王GSヘッド,
5727,聖王GPヘッド,
5728,聖王ウィッグ,
5729,聖王Ｆウィッグ,
5730,聖王FZウィッグ,
5731,聖王HSウィッグ,
5732,聖王GSウィッグ,
5733,聖王GPウィッグ,
5734,英雄王ヘッド,
5735,英雄王Ｆヘッド,
5736,英雄王FZヘッド,
5737,英雄王HSヘッド,
5738,英雄王GSヘッド,
5739,英雄王GPヘッド,
5740,英雄王ウィッグ,
5741,英雄王Ｆウィッグ,
5742,英雄王FZウィッグ,
5743,英雄王HSウィッグ,
5744,英雄王GSウィッグ,
5745,英雄王GPウィッグ,
5746,雷刃鉢巻,
5747,雷刃Ｆ鉢巻,
5748,雷刃FZ鉢巻,
5749,雷刃HS鉢巻,
5750,雷刃GS鉢巻,
5751,雷刃GP鉢巻,
5752,迅雷鉢巻,
5753,迅雷Ｆ鉢巻,
5754,迅雷FZ鉢巻,
5755,迅雷HS鉢巻,
5756,迅雷GS鉢巻,
5757,迅雷GP鉢巻,
5758,天星お団子,
5759,天星Ｆお団子,
5760,天星FZお団子,
5761,天星HSお団子,
5762,天星GSお団子,
5763,天星GPお団子,
5764,飛燕お団子,
5765,飛燕Ｆお団子,
5766,飛燕FZお団子,
5767,飛燕HSお団子,
5768,飛燕GSお団子,
5769,飛燕GPお団子,
5770,バットヘッド,
5771,バットＦヘッド,
5772,バットFZヘッド,
5773,バットHSヘッド,
5774,バットGSヘッド,
5775,バットGPヘッド,
5776,ナイトヘッド,Coiffe Chevalier
5777,ナイトＦヘッド,Coiffe Chevalier F
5778,ナイトFZヘッド,Coiffe Chevalier FZ
5779,ナイトHSヘッド,Coiffe Chevalier HS
5780,ナイトGSヘッド,Coiffe Chevalier GS
5781,ナイトGPヘッド,Coiffe Chevalier GP
5782,シェルウィッグ,
5783,シェルＦウィッグ,
5784,シェルFZウィッグ,
5785,シェルHSウィッグ,
5786,シェルGSウィッグ,
5787,シェルGPウィッグ,
5788,ベクターウィッグ,
5789,ベクターＦウィッグ,
5790,ベクターFZウィッグ,
5791,ベクターHSウィッグ,
5792,ベクターGSウィッグ,
5793,ベクターGPウィッグ,
5794,サーブルピアス,
5795,サーブルＦピアス,
5796,サーブルFZピアス,
5797,サーブルHSピアス,
5798,サーブルGSピアス,
5799,サーブルGPピアス,
5800,サーブルハール,
5801,サーブルＦハール,
5802,サーブルFZハール,
5803,サーブルHSハール,
5804,サーブルGSハール,
5805,サーブルGPハール,
5806,ルワージュヘッド,
5807,ルワージュＦヘッド,
5808,ルワージュFZヘッド,
5809,ルワージュHSヘッド,
5810,ルワージュGSヘッド,
5811,ルワージュGPヘッド,
5812,ルワージュピアス,
5813,ルワージュＦピアス,
5814,ルワージュFZピアス,
5815,ルワージュHSピアス,
5816,ルワージュGSピアス,
5817,ルワージュGPピアス,
5818,ノメルヘッド,
5819,ノメルＦヘッド,
5820,ノメルFZヘッド,
5821,ノメルHSヘッド,
5822,ノメルGSヘッド,
5823,ノメルGPヘッド,
5824,ノメルキャップ,
5825,ノメルＦキャップ,
5826,ノメルFZキャップ,
5827,ノメルHSキャップ,
5828,ノメルGSキャップ,
5829,ノメルGPキャップ,
5830,英雄王の耳飾：剣金,
5831,英雄王の耳飾：剣Ｆ金,
5832,英雄王の耳飾：剣FZ金,
5833,英雄王の耳飾：剣HS金,
5834,英雄王の耳飾：剣GS金,
5835,英雄王の耳飾：剣GP金,
5836,英雄王の耳飾：銃金,
5837,英雄王の耳飾：銃Ｆ金,
5838,英雄王の耳飾：銃FZ金,
5839,英雄王の耳飾：銃HS金,
5840,英雄王の耳飾：銃GS金,
5841,英雄王の耳飾：銃GP金,
5842,ゴルゴンヘッド・黒,Coiffe Gorgone noire
5843,ゴルゴンＦヘッド・黒,Coiffe Gorgone F noire
5844,ゴルゴンFZヘッド・黒,Coiffe Gorgone FZ noire
5845,ゴルゴンHSヘッド・黒,Coiffe Gorgone HS noire
5846,ゴルゴンGSヘッド・黒,Coiffe Gorgone GS noire
5847,ゴルゴンGPヘッド・黒,Coiffe Gorgone GP noire
5848,ゴルゴンマスク・黒,Masque Gorgone noir
5849,ゴルゴンＦマスク・黒,Masque Gorgone F noir
5850,ゴルゴンFZマスク・黒,Masque Gorgone FZ noir
5851,ゴルゴンHSマスク・黒,Masque Gorgone HS noir
5852,ゴルゴンGSマスク・黒,Masque Gorgone GS noir
5853,ゴルゴンGPマスク・黒,Masque Gorgone GP noir
5854,バルラバレッタ,
5855,バルラバレッタＦ,
5856,シャンコサージュ,
5857,シャンコサージュＦ,
5858,グリンデピアス,
5859,グリンデＦピアス,
5860,グリンデFZピアス,
5861,グリンデHCピアス,
5862,グリンデHSピアス,
5863,グリンデGSピアス,
5864,コントラピアス,
5865,コントラＦピアス,
5866,コントラFXピアス,
5867,コントラHSピアス,
5868,コントラＧピアス,
5869,コントラGFピアス,
5870,ジントラピアス,Piercing Jintora
5871,ジントラＦピアス,Piercing Jintora F
5872,ジントラFXピアス,Piercing Jintora FX
5873,ジントラHSピアス,Piercing Jintora HS
5874,ジントラＧピアス,Piercing Jintora G
5875,ジントラGFピアス,Piercing Jintora GF
5876,アントラピアス,Piercing Antora
5877,アントラＦピアス,Piercing Antora F
5878,アントラFXピアス,Piercing Antora FX
5879,アントラHSピアス,Piercing Antora HS
5880,アントラＧピアス,Piercing Antora G
5881,アントラGFピアス,Piercing Antora GF
5882,ビントラピアス,Piercing Bintora
5883,ビントラＦピアス,Piercing Bintora F
5884,ビントラFXピアス,Piercing Bintora FX
5885,ビントラHSピアス,Piercing Bintora HS
5886,ビントラＧピアス,Piercing Bintora G
5887,ビントラGFピアス,Piercing Bintora GF
5888,タントラピアス,Piercing Tantora
5889,タントラＦピアス,Piercing Tantora F
5890,タントラFXピアス,Piercing Tantora FX
5891,タントラHSピアス,Piercing Tantora HS
5892,タントラＧピアス,Piercing Tantora G
5893,タントラGFピアス,Piercing Tantora GF
5894,−−−−,
5895,−−−−,
5896,ダミー,
5897,ダミー,
5898,ダミー,
5899,ダミー,
5900,クリュスHSヘッド,Coiffe Kruss HS
5901,クリュスGSヘッド,Coiffe Kruss GS
5902,クリュスGPヘッド,Coiffe Kruss GP
5903,クォートHSピアス,
5904,クォートGSピアス,
5905,クォートGPピアス,
5906,スタリナHSヘッド,Coiffe Starina HS
5907,スタリナGSヘッド,Coiffe Starina GS
5908,スタリナGPヘッド,Coiffe Starina GP
5909,スタリナHSピアス,Piercing Starina HS
5910,スタリナGSピアス,Piercing Starina GS
5911,スタリナGPピアス,Piercing Starina GP
5912,ルースHSヘッド,
5913,ルースGSヘッド,
5914,ルースGPヘッド,
5915,ルースHSピアス,
5916,ルースGSピアス,
5917,ルースGPピアス,
5918,ミラドHSヘッド,Coiffe Mirado HS
5919,ミラドGSヘッド,Coiffe Mirado GS
5920,ミラドGPヘッド,Coiffe Mirado GP
5921,ミラドHSピアス,Piercing Mirado HS
5922,ミラドGSピアス,Piercing Mirado GS
5923,ミラドGPピアス,Piercing Mirado GP
5924,ピラータHSヘッド,Coiffe Pirata HS
5925,ピラータGSヘッド,Coiffe Pirata GS
5926,ピラータGPヘッド,Coiffe Pirata GP
5927,ピラータHSキャップ,Casquette Pirata HS
5928,ピラータGSキャップ,Casquette Pirata GS
5929,ピラータGPキャップ,Casquette Pirata GP
5930,ゼロイHSヘッド,Coiffe Zeroi HS
5931,ゼロイGSヘッド,Coiffe Zeroi GS
5932,ゼロイGPヘッド,Coiffe Zeroi GP
5933,ゼロイHSキャップ,Casquette Zeroi HS
5934,ゼロイGSキャップ,Casquette Zeroi GS
5935,ゼロイGPキャップ,Casquette Zeroi GP
5936,デュールHSヘルム,Heaume Deyuru HS
5937,デュールGSヘルム,Heaume Deyuru GS
5938,デュールGPヘルム,Heaume Deyuru GP
5939,デュールHSキャップ,Casquette Deyuru HS
5940,デュールGSキャップ,Casquette Deyuru GS
5941,デュールGPキャップ,Casquette Deyuru GP
5942,ロバストHSアンク,
5943,ロバストGSアンク,
5944,ロバストGPアンク,
5945,ロバストHSフェイス,
5946,ロバストGSフェイス,
5947,ロバストGPフェイス,
5948,花火GS【鉢金】,
5949,花火GP【鉢金】,
5950,流星GS【鉢金】,
5951,流星GP【鉢金】,
5952,バーニーFZバンド・黒,Bandeau Barney FZ noir
5953,バーニーHSバンド・黒,Bandeau Barney HS noir
5954,バーニーGSバンド・黒,Bandeau Barney GS noir
5955,バーニーGPバンド・黒,Bandeau Barney GP noir
5956,バーニーFZバンド・白,Bandeau Barney FZ blanc
5957,バーニーHSバンド・白,Bandeau Barney HS blanc
5958,バーニーGSバンド・白,Bandeau Barney GS blanc
5959,バーニーGPバンド・白,Bandeau Barney GP blanc
5960,バーニーFZバンド・赤,Bandeau Barney FZ rouge
5961,バーニーHSバンド・赤,Bandeau Barney HS rouge
5962,バーニーGSバンド・赤,Bandeau Barney GS rouge
5963,バーニーGPバンド・赤,Bandeau Barney GP rouge
5964,バーニーFZバンド・紫,Bandeau Barney FZ violet
5965,バーニーHSバンド・紫,Bandeau Barney HS violet
5966,バーニーGSバンド・紫,Bandeau Barney GS violet
5967,バーニーGPバンド・紫,Bandeau Barney GP violet
5968,バーニーFZヘッド・黒,Coiffe Barney FZ noire
5969,バーニーHSヘッド・黒,Coiffe Barney HS noire
5970,バーニーGSヘッド・黒,Coiffe Barney GS noire
5971,バーニーGPヘッド・黒,Coiffe Barney GP noire
5972,バーニーFZヘッド・白,Coiffe Barney FZ blanche
5973,バーニーHSヘッド・白,Coiffe Barney HS blanche
5974,バーニーGSヘッド・白,Coiffe Barney GS blanche
5975,バーニーGPヘッド・白,Coiffe Barney GP blanche
5976,バーニーFZヘッド・赤,Coiffe Barney FZ rouge
5977,バーニーHSヘッド・赤,Coiffe Barney HS rouge
5978,バーニーGSヘッド・赤,Coiffe Barney GS rouge
5979,バーニーGPヘッド・赤,Coiffe Barney GP rouge
5980,バーニーFZヘッド・紫,Coiffe Barney FZ violette
5981,バーニーHSヘッド・紫,Coiffe Barney HS violette
5982,バーニーGSヘッド・紫,Coiffe Barney GS violette
5983,バーニーGPヘッド・紫,Coiffe Barney GP violette
5984,ミクGPヘッド,Coiffe Miku GP
5985,ミクGPピアス,Piercing Miku GP
5986,ミクGPヘッド・白,Coiffe Miku GP blanche
5987,ミクGPピアス・白,Piercing Miku GP blanc
5988,ミクGPヘッド・黄,Coiffe Miku GP jaune
5989,ミクGPピアス・黄,Piercing Miku GP jaune
5990,ミクGPヘッド・黒,Coiffe Miku GP noire
5991,ミクGPピアス・黒,Piercing Miku GP noir
5992,ミクGPヘッド・褐,
5993,ミクGPピアス・褐,
5994,赤原礼装・頭：剣GP赤,Tête Akahara GP Lame rouge
5995,赤原礼装・頭：弓GP赤,Tête Akahara GP Arc rouge
5996,赤原礼装・頭：剣GP青,Tête Akahara GP Lame bleue
5997,赤原礼装・頭：弓GP青,Tête Akahara GP Arc bleue
5998,赤原礼装・頭：剣GP黒,Tête Akahara GP Lame noire
5999,赤原礼装・頭：弓GP黒,Tête Akahara GP Arc noire
6000,赤原礼装・頭：剣GP白,Tête Akahara GP Lame blanche
6001,赤原礼装・頭：弓GP白,Tête Akahara GP Arc blanche
6002,騎士王の髪結：剣GP青,
6003,騎士王の髪結：弓GP青,
6004,騎士王の髪結：剣GP赤,
6005,騎士王の髪結：弓GP赤,
6006,騎士王の髪結：剣GP黒,
6007,騎士王の髪結：弓GP黒,
6008,騎士王の髪結：剣GP白,
6009,騎士王の髪結：弓GP白,
6010,蒼竜ノ具足GP【兜】,
6011,蒼竜ノ羽織GP【兜】,
6012,赤備ノ具足GP【兜】,
6013,赤備ノ羽織GP【兜】,
6014,レアルGPヘッド・白,Coiffe Real GP blanche
6015,レアルGPヘッド・金,Coiffe Real GP dorée
6016,レアルGPヘッド・青,Coiffe Real GP bleue
6017,レアルGPヘッド・赤,Coiffe Real GP rouge
6018,レアルGPマスク・白,Masque Real GP blanc
6019,レアルGPマスク・金,Masque Real GP doré
6020,レアルGPマスク・青,Masque Real GP bleu
6021,レアルGPマスク・赤,Masque Real GP rouge
6022,リゲリアGPヘルム・白,Heaume Ligeria GP blanc
6023,リゲリアGPヘルム・赤,Heaume Ligeria GP rouge
6024,リゲリアGPヘルム・緑,Heaume Ligeria GP vert
6025,リゲリアGPヘルム・青,Heaume Ligeria GP bleu
6026,リゲリアGPマスク・白,Masque Ligeria GP blanc
6027,リゲリアGPマスク・赤,Masque Ligeria GP rouge
6028,リゲリアGPマスク・緑,Masque Ligeria GP vert
6029,リゲリアGPマスク・青,Masque Ligeria GP bleu
6030,エディオGPヘルム・青,Heaume Edio GP bleu
6031,エディオGPヘルム・赤,Heaume Edio GP rouge
6032,エディオGPヘルム・黄,Heaume Edio GP jaune
6033,エディオGPヘルム・黒,Heaume Edio GP noir
6034,エディオGPマスク・青,Masque Edio GP bleu
6035,エディオGPマスク・赤,Masque Edio GP rouge
6036,エディオGPマスク・黄,Masque Edio GP jaune
6037,エディオGPマスク・黒,Masque Edio GP noir
6038,レイストGSヘッド・黒,Coiffe Reist GS noire
6039,レイストGPヘッド・黒,Coiffe Reist GP noire
6040,レイストGSハール・黒,Chevelure Reist GS noire
6041,レイストGPハール・黒,Chevelure Reist GP noire
6042,レイストGSヘッド・青,Coiffe Reist GS bleue
6043,レイストGPヘッド・青,Coiffe Reist GP bleue
6044,レイストGSハール・青,Chevelure Reist GS bleue
6045,レイストGPハール・青,Chevelure Reist GP bleue
6046,レイストGSヘッド・紅,Coiffe Reist GS cramoisie
6047,レイストGPヘッド・紅,Coiffe Reist GP cramoisie
6048,レイストGSハール・紅,Chevelure Reist GS cramoisie
6049,レイストGPハール・紅,Chevelure Reist GP cramoisie
6050,レイストGSヘッド・白,Coiffe Reist GS blanche
6051,レイストGPヘッド・白,Coiffe Reist GP blanche
6052,レイストGSハール・白,Chevelure Reist GS blanche
6053,レイストGPハール・白,Chevelure Reist GP blanche
6054,シエルFZイヤリング,
6055,シエルHSイヤリング,
6056,シエルGSイヤリング,
6057,シエルGPイヤリング,
6058,オメットHSヘルム・黒,Heaume Omet HS noir
6059,オメットGSヘルム・黒,Heaume Omet GS noir
6060,オメットGPヘルム・黒,Heaume Omet GP noir
6061,オメットHSマスク・黒,Masque Omet HS noir
6062,オメットGSマスク・黒,Masque Omet GS noir
6063,オメットGPマスク・黒,Masque Omet GP noir
6064,オメットHSヘルム・赤,Heaume Omet HS rouge
6065,オメットGSヘルム・赤,Heaume Omet GS rouge
6066,オメットGPヘルム・赤,Heaume Omet GP rouge
6067,オメットHSマスク・赤,Masque Omet HS rouge
6068,オメットGSマスク・赤,Masque Omet GS rouge
6069,オメットGPマスク・赤,Masque Omet GP rouge
6070,オメットHSヘルム・白,Heaume Omet HS blanc
6071,オメットGSヘルム・白,Heaume Omet GS blanc
6072,オメットGPヘルム・白,Heaume Omet GP blanc
6073,オメットHSマスク・白,Masque Omet HS blanc
6074,オメットGSマスク・白,Masque Omet GS blanc
6075,オメットGPマスク・白,Masque Omet GP blanc
6076,オメットHSヘルム・青,Heaume Omet HS bleu
6077,オメットGSヘルム・青,Heaume Omet GS bleu
6078,オメットGPヘルム・青,Heaume Omet GP bleu
6079,オメットHSマスク・青,Masque Omet HS bleu
6080,オメットGSマスク・青,Masque Omet GS bleu
6081,オメットGPマスク・青,Masque Omet GP bleu
6082,ゴルトFZヘルム・赤,Heaume Gold FZ rouge
6083,ゴルトHSヘルム・赤,Heaume Gold HS rouge
6084,ゴルトGSヘルム・赤,Heaume Gold GS rouge
6085,ゴルトGPヘルム・赤,Heaume Gold GP rouge
6086,ゴルトFZヘルム・青,Heaume Gold FZ bleu
6087,ゴルトHSヘルム・青,Heaume Gold HS bleu
6088,ゴルトGSヘルム・青,Heaume Gold GS bleu
6089,ゴルトGPヘルム・青,Heaume Gold GP bleu
6090,ゴルトFZヘルム・黄,Heaume Gold FZ jaune
6091,ゴルトHSヘルム・黄,Heaume Gold HS jaune
6092,ゴルトGSヘルム・黄,Heaume Gold GS jaune
6093,ゴルトGPヘルム・黄,Heaume Gold GP jaune
6094,ゴルトFZヘルム・紫,Heaume Gold FZ violet
6095,ゴルトHSヘルム・紫,Heaume Gold HS violet
6096,ゴルトGSヘルム・紫,Heaume Gold GS violet
6097,ゴルトGPヘルム・紫,Heaume Gold GP violet
6098,ゴルトFZマスク・赤,Masque Gold FZ rouge
6099,ゴルトHSマスク・赤,Masque Gold HS rouge
6100,ゴルトGSマスク・赤,Masque Gold GS rouge
6101,ゴルトGPマスク・赤,Masque Gold GP rouge
6102,ゴルトFZマスク・青,Masque Gold FZ bleu
6103,ゴルトHSマスク・青,Masque Gold HS bleu
6104,ゴルトGSマスク・青,Masque Gold GS bleu
6105,ゴルトGPマスク・青,Masque Gold GP bleu
6106,ゴルトFZマスク・黄,Masque Gold FZ jaune
6107,ゴルトHSマスク・黄,Masque Gold HS jaune
6108,ゴルトGSマスク・黄,Masque Gold GS jaune
6109,ゴルトGPマスク・黄,Masque Gold GP jaune
6110,ゴルトFZマスク・紫,Masque Gold FZ violet
6111,ゴルトHSマスク・紫,Masque Gold HS violet
6112,ゴルトGSマスク・紫,Masque Gold GS violet
6113,ゴルトGPマスク・紫,Masque Gold GP violet
6114,シャランHSヘッド・青,Coiffe Sharan HS bleue
6115,シャランGSヘッド・青,Coiffe Sharan GS bleue
6116,シャランGPヘッド・青,Coiffe Sharan GP bleue
6117,シャランHSヘッド・緑,Coiffe Sharan HS verte
6118,シャランGSヘッド・緑,Coiffe Sharan GS verte
6119,シャランGPヘッド・緑,Coiffe Sharan GP verte
6120,シャランHSヘッド・紫,Coiffe Sharan HS violette
6121,シャランGSヘッド・紫,Coiffe Sharan GS violette
6122,シャランGPヘッド・紫,Coiffe Sharan GP violette
6123,シャランHSヘッド・白,Coiffe Sharan HS blanche
6124,シャランGSヘッド・白,Coiffe Sharan GS blanche
6125,シャランGPヘッド・白,Coiffe Sharan GP blanche
6126,シャランHSハット・青,Chapeau Sharan HS bleu
6127,シャランGSハット・青,Chapeau Sharan GS bleu
6128,シャランGPハット・青,Chapeau Sharan GP bleu
6129,シャランHSハット・緑,Chapeau Sharan HS vert
6130,シャランGSハット・緑,Chapeau Sharan GS vert
6131,シャランGPハット・緑,Chapeau Sharan GP vert
6132,シャランHSハット・紫,Chapeau Sharan HS violet
6133,シャランGSハット・紫,Chapeau Sharan GS violet
6134,シャランGPハット・紫,Chapeau Sharan GP violet
6135,シャランHSハット・白,Chapeau Sharan HS blanc
6136,シャランGSハット・白,Chapeau Sharan GS blanc
6137,シャランGPハット・白,Chapeau Sharan GP blanc
6138,アリストFZヘッド・青,Coiffe Aristo FZ bleue
6139,アリストHSヘッド・青,Coiffe Aristo HS bleue
6140,アリストGSヘッド・青,Coiffe Aristo GS bleue
6141,アリストGPヘッド・青,Coiffe Aristo GP bleue
6142,アリストFZヘッド・白,Coiffe Aristo FZ blanche
6143,アリストHSヘッド・白,Coiffe Aristo HS blanche
6144,アリストGSヘッド・白,Coiffe Aristo GS blanche
6145,アリストGPヘッド・白,Coiffe Aristo GP blanche
6146,アリストFZヘッド・紫,Coiffe Aristo FZ violette
6147,アリストHSヘッド・紫,Coiffe Aristo HS violette
6148,アリストGSヘッド・紫,Coiffe Aristo GS violette
6149,アリストGPヘッド・紫,Coiffe Aristo GP violette
6150,アリストFZヘッド・赤,Coiffe Aristo FZ rouge
6151,アリストHSヘッド・赤,Coiffe Aristo HS rouge
6152,アリストGSヘッド・赤,Coiffe Aristo GS rouge
6153,アリストGPヘッド・赤,Coiffe Aristo GP rouge
6154,アリストFZマスク・青,Masque Aristo FZ bleu
6155,アリストHSマスク・青,Masque Aristo HS bleu
6156,アリストGSマスク・青,Masque Aristo GS bleu
6157,アリストGPマスク・青,Masque Aristo GP bleu
6158,アリストFZマスク・白,Masque Aristo FZ blanc
6159,アリストHSマスク・白,Masque Aristo HS blanc
6160,アリストGSマスク・白,Masque Aristo GS blanc
6161,アリストGPマスク・白,Masque Aristo GP blanc
6162,アリストFZマスク・紫,Masque Aristo FZ violet
6163,アリストHSマスク・紫,Masque Aristo HS violet
6164,アリストGSマスク・紫,Masque Aristo GS violet
6165,アリストGPマスク・紫,Masque Aristo GP violet
6166,アリストFZマスク・赤,Masque Aristo FZ rouge
6167,アリストHSマスク・赤,Masque Aristo HS rouge
6168,アリストGSマスク・赤,Masque Aristo GS rouge
6169,アリストGPマスク・赤,Masque Aristo GP rouge
6170,マギサFZヘッド・赤,Coiffe Magisa FZ rouge
6171,マギサHSヘッド・赤,Coiffe Magisa HS rouge
6172,マギサGSヘッド・赤,Coiffe Magisa GS rouge
6173,マギサGPヘッド・赤,Coiffe Magisa GP rouge
6174,マギサFZヘッド・黒,Coiffe Magisa FZ noire
6175,マギサHSヘッド・黒,Coiffe Magisa HS noire
6176,マギサGSヘッド・黒,Coiffe Magisa GS noire
6177,マギサGPヘッド・黒,Coiffe Magisa GP noire
6178,マギサFZヘッド・緑,Coiffe Magisa FZ verte
6179,マギサHSヘッド・緑,Coiffe Magisa HS verte
6180,マギサGSヘッド・緑,Coiffe Magisa GS verte
6181,マギサGPヘッド・緑,Coiffe Magisa GP verte
6182,マギサFZヘッド・白,Coiffe Magisa FZ blanche
6183,マギサHSヘッド・白,Coiffe Magisa HS blanche
6184,マギサGSヘッド・白,Coiffe Magisa GS blanche
6185,マギサGPヘッド・白,Coiffe Magisa GP blanche
6186,ウィザーFZハット・赤,Chapeau Wither FZ rouge
6187,ウィザーHSハット・赤,Chapeau Wither HS rouge
6188,ウィザーGSハット・赤,Chapeau Wither GS rouge
6189,ウィザーGPハット・赤,Chapeau Wither GP rouge
6190,ウィザーFZハット・黒,Chapeau Wither FZ noir
6191,ウィザーHSハット・黒,Chapeau Wither HS noir
6192,ウィザーGSハット・黒,Chapeau Wither GS noir
6193,ウィザーGPハット・黒,Chapeau Wither GP noir
6194,ウィザーFZハット・緑,Chapeau Wither FZ vert
6195,ウィザーHSハット・緑,Chapeau Wither HS vert
6196,ウィザーGSハット・緑,Chapeau Wither GS vert
6197,ウィザーGPハット・緑,Chapeau Wither GP vert
6198,ウィザーFZハット・白,Chapeau Wither FZ blanc
6199,ウィザーHSハット・白,Chapeau Wither HS blanc
6200,ウィザーGSハット・白,Chapeau Wither GS blanc
6201,ウィザーGPハット・白,Chapeau Wither GP blanc
6202,抜胴GS【鉢金】,
6203,抜胴GP【鉢金】,
6204,長根GS【鉢金】,
6205,長根GP【鉢金】,
6206,英雄王の耳飾：剣黒,
6207,英雄王の耳飾：剣Ｆ黒,
6208,英雄王の耳飾：剣FZ黒,
6209,英雄王の耳飾：剣HS黒,
6210,英雄王の耳飾：剣GS黒,
6211,英雄王の耳飾：剣GP黒,
6212,英雄王の耳飾：銃黒,
6213,英雄王の耳飾：銃Ｆ黒,
6214,英雄王の耳飾：銃FZ黒,
6215,英雄王の耳飾：銃HS黒,
6216,英雄王の耳飾：銃GS黒,
6217,英雄王の耳飾：銃GP黒,
6218,ゴルゴンヘッド・青,Coiffe Gorgone bleue
6219,ゴルゴンＦヘッド・青,Coiffe Gorgone F bleue
6220,ゴルゴンFZヘッド・青,Coiffe Gorgone FZ bleue
6221,ゴルゴンHSヘッド・青,Coiffe Gorgone HS bleue
6222,ゴルゴンGSヘッド・青,Coiffe Gorgone GS bleue
6223,ゴルゴンGPヘッド・青,Coiffe Gorgone GP bleue
6224,ゴルゴンマスク・青,Masque Gorgone bleu
6225,ゴルゴンＦマスク・青,Masque Gorgone F bleu
6226,ゴルゴンFZマスク・青,Masque Gorgone FZ bleu
6227,ゴルゴンHSマスク・青,Masque Gorgone HS bleu
6228,ゴルゴンGSマスク・青,Masque Gorgone GS bleu
6229,ゴルゴンGPマスク・青,Masque Gorgone GP bleu
6230,英雄王の耳飾：剣白,
6231,英雄王の耳飾：剣Ｆ白,
6232,英雄王の耳飾：剣FZ白,
6233,英雄王の耳飾：剣HS白,
6234,英雄王の耳飾：剣GS白,
6235,英雄王の耳飾：剣GP白,
6236,英雄王の耳飾：銃白,
6237,英雄王の耳飾：銃Ｆ白,
6238,英雄王の耳飾：銃FZ白,
6239,英雄王の耳飾：銃HS白,
6240,英雄王の耳飾：銃GS白,
6241,英雄王の耳飾：銃GP白,
6242,ゴルゴンヘッド・白,Coiffe Gorgone blanche
6243,ゴルゴンＦヘッド・白,Coiffe Gorgone F blanche
6244,ゴルゴンFZヘッド・白,Coiffe Gorgone FZ blanche
6245,ゴルゴンHSヘッド・白,Coiffe Gorgone HS blanche
6246,ゴルゴンGSヘッド・白,Coiffe Gorgone GS blanche
6247,ゴルゴンGPヘッド・白,Coiffe Gorgone GP blanche
6248,ゴルゴンマスク・白,Masque Gorgone blanc
6249,ゴルゴンＦマスク・白,Masque Gorgone F blanc
6250,ゴルゴンFZマスク・白,Masque Gorgone FZ blanc
6251,ゴルゴンHSマスク・白,Masque Gorgone HS blanc
6252,ゴルゴンGSマスク・白,Masque Gorgone GS blanc
6253,ゴルゴンGPマスク・白,Masque Gorgone GP blanc
6254,英雄王の耳飾：剣赤,
6255,英雄王の耳飾：剣Ｆ赤,
6256,英雄王の耳飾：剣FZ赤,
6257,英雄王の耳飾：剣HS赤,
6258,英雄王の耳飾：剣GS赤,
6259,英雄王の耳飾：剣GP赤,
6260,英雄王の耳飾：銃赤,
6261,英雄王の耳飾：銃Ｆ赤,
6262,英雄王の耳飾：銃FZ赤,
6263,英雄王の耳飾：銃HS赤,
6264,英雄王の耳飾：銃GS赤,
6265,英雄王の耳飾：銃GP赤,
6266,ゴルゴンヘッド・赤,Coiffe Gorgone rouge
6267,ゴルゴンＦヘッド・赤,Coiffe Gorgone F rouge
6268,ゴルゴンFZヘッド・赤,Coiffe Gorgone FZ rouge
6269,ゴルゴンHSヘッド・赤,Coiffe Gorgone HS rouge
6270,ゴルゴンGSヘッド・赤,Coiffe Gorgone GS rouge
6271,ゴルゴンGPヘッド・赤,Coiffe Gorgone GP rouge
6272,ゴルゴンマスク・赤,Masque Gorgone rouge
6273,ゴルゴンＦマスク・赤,Masque Gorgone F rouge
6274,ゴルゴンFZマスク・赤,Masque Gorgone FZ rouge
6275,ゴルゴンHSマスク・赤,Masque Gorgone HS rouge
6276,ゴルゴンGSマスク・赤,Masque Gorgone GS rouge
6277,ゴルゴンGPマスク・赤,Masque Gorgone GP rouge
6278,メラギヘルム,Heaume Meraginasu
6279,メラギＦヘルム,Heaume Meraginasu F
6280,メラギFXヘルム,Heaume Meraginasu FX
6281,メラギＧヘルム,Heaume Meraginasu G
6282,メラギGFヘルム,Heaume Meraginasu GF
6283,メラギキャップ,Casquette Meraginasu
6284,メラギＦキャップ,Casquette Meraginasu F
6285,メラギFXキャップ,Casquette Meraginasu FX
6286,メラギＧキャップ,Casquette Meraginasu G
6287,メラギGFキャップ,Casquette Meraginasu GF
6288,ストロマGFヘルム,Heaume Stroma GF
6289,ストロマGFキャップ,Casquette Stroma GF
6290,エミットGFヘルム,
6291,エミットGFキャップ,
6292,ブリッツGFホーン,
6293,ブリッツGFコルノ,
6294,ワダツミGF【烏帽子】,
6295,オカミGF【烏帽子】,
6296,ディボアGFヘルム,Heaume Diboa GF
6297,ディボアGFキャップ,Casquette Diboa GF
6298,若紅葉【角】,
6299,若紅葉Ｆ【角】,
6300,若紅葉FY【角】,
6301,若紅葉HS【角】,
6302,若紅葉Ｇ【角】,
6303,若紅葉GF【角】,
6304,若紅葉GX【角】,
6305,翡戸隠【角】,
6306,翡戸隠Ｆ【角】,
6307,翡戸隠FY【角】,
6308,翡戸隠HS【角】,
6309,翡戸隠Ｇ【角】,
6310,翡戸隠GF【角】,
6311,翡戸隠GX【角】,
6312,ブリゼヘルム,Heaume Blize
6313,ブリゼＦヘルム,Heaume Blize F
6314,ブリゼFYヘルム,Heaume Blize FY
6315,ブリゼHSヘルム,Heaume Blize HS
6316,ブリゼＧヘルム,Heaume Blize G
6317,ブリゼGFヘルム,Heaume Blize GF
6318,ブリゼGXヘルム,Heaume Blize GX
6319,ブリゼキャップ,Casquette Blize
6320,ブリゼＦキャップ,Casquette Blize F
6321,ブリゼFYキャップ,Casquette Blize FY
6322,ブリゼHSキャップ,Casquette Blize HS
6323,ブリゼＧキャップ,Casquette Blize G
6324,ブリゼGFキャップ,Casquette Blize GF
6325,ブリゼGXキャップ,Casquette Blize GX
6326,ミクセスFYヘルム,Heaume Mixes FY
6327,ミクセスHSヘルム,Heaume Mixes HS
6328,ミクセスＧヘルム,Heaume Mixes G
6329,ミクセスGFヘルム,Heaume Mixes GF
6330,ミクセスGXヘルム,Heaume Mixes GX
6331,ミクセスFYキャップ,Casquette Mixes FY
6332,ミクセスHSキャップ,Casquette Mixes HS
6333,ミクセスＧキャップ,Casquette Mixes G
6334,ミクセスGFキャップ,Casquette Mixes GF
6335,ミクセスGXキャップ,Casquette Mixes GX
6336,ザイラヘルム・緑,Heaume Zaira vert
6337,ザイラＦヘルム・緑,Heaume Zaira F vert
6338,ザイラFZヘルム・緑,Heaume Zaira FZ vert
6339,ザイラHSヘルム・緑,Heaume Zaira HS vert
6340,ザイラGSヘルム・緑,Heaume Zaira GS vert
6341,ザイラGPヘルム・緑,Heaume Zaira GP vert
6342,ザイラマスク・緑,Masque Zaira vert
6343,ザイラＦマスク・緑,Masque Zaira F vert
6344,ザイラFZマスク・緑,Masque Zaira FZ vert
6345,ザイラHSマスク・緑,Masque Zaira HS vert
6346,ザイラGSマスク・緑,Masque Zaira GS vert
6347,ザイラGPマスク・緑,Masque Zaira GP vert
6348,ザイラヘルム・水,
6349,ザイラＦヘルム・水,
6350,ザイラFZヘルム・水,
6351,ザイラHSヘルム・水,
6352,ザイラGSヘルム・水,
6353,ザイラGPヘルム・水,
6354,ザイラマスク・水,
6355,ザイラＦマスク・水,
6356,ザイラFZマスク・水,
6357,ザイラHSマスク・水,
6358,ザイラGSマスク・水,
6359,ザイラGPマスク・水,
6360,ザイラヘルム・赤,Heaume Zaira rouge
6361,ザイラＦヘルム・赤,Heaume Zaira F rouge
6362,ザイラFZヘルム・赤,Heaume Zaira FZ rouge
6363,ザイラHSヘルム・赤,Heaume Zaira HS rouge
6364,ザイラGSヘルム・赤,Heaume Zaira GS rouge
6365,ザイラGPヘルム・赤,Heaume Zaira GP rouge
6366,ザイラマスク・赤,Masque Zaira rouge
6367,ザイラＦマスク・赤,Masque Zaira F rouge
6368,ザイラFZマスク・赤,Masque Zaira FZ rouge
6369,ザイラHSマスク・赤,Masque Zaira HS rouge
6370,ザイラGSマスク・赤,Masque Zaira GS rouge
6371,ザイラGPマスク・赤,Masque Zaira GP rouge
6372,ザイラヘルム・碧,Heaume Zaira émeraude
6373,ザイラＦヘルム・碧,Heaume Zaira F émeraude
6374,ザイラFZヘルム・碧,Heaume Zaira FZ émeraude
6375,ザイラHSヘルム・碧,Heaume Zaira HS émeraude
6376,ザイラGSヘルム・碧,Heaume Zaira GS émeraude
6377,ザイラGPヘルム・碧,Heaume Zaira GP émeraude
6378,ザイラマスク・碧,Masque Zaira émeraude
6379,ザイラＦマスク・碧,Masque Zaira F émeraude
6380,ザイラFZマスク・碧,Masque Zaira FZ émeraude
6381,ザイラHSマスク・碧,Masque Zaira HS émeraude
6382,ザイラGSマスク・碧,Masque Zaira GS émeraude
6383,ザイラGPマスク・碧,Masque Zaira GP émeraude
6384,キャロルバンド・黒,Bandeau Carol noir
6385,キャロルＦバンド・黒,Bandeau Carol F noir
6386,キャロルFZバンド・黒,Bandeau Carol FZ noir
6387,キャロルHSバンド・黒,Bandeau Carol HS noir
6388,キャロルGSバンド・黒,Bandeau Carol GS noir
6389,キャロルGPバンド・黒,Bandeau Carol GP noir
6390,キャロルヘッド・黒,Coiffe Carol noire
6391,キャロルＦヘッド・黒,Coiffe Carol F noire
6392,キャロルFZヘッド・黒,Coiffe Carol FZ noire
6393,キャロルHSヘッド・黒,Coiffe Carol HS noire
6394,キャロルGSヘッド・黒,Coiffe Carol GS noire
6395,キャロルGPヘッド・黒,Coiffe Carol GP noire
6396,キャロルバンド・青,Bandeau Carol bleu
6397,キャロルＦバンド・青,Bandeau Carol F bleu
6398,キャロルFZバンド・青,Bandeau Carol FZ bleu
6399,キャロルHSバンド・青,Bandeau Carol HS bleu
6400,キャロルGSバンド・青,Bandeau Carol GS bleu
6401,キャロルGPバンド・青,Bandeau Carol GP bleu
6402,キャロルヘッド・青,Coiffe Carol bleue
6403,キャロルＦヘッド・青,Coiffe Carol F bleue
6404,キャロルFZヘッド・青,Coiffe Carol FZ bleue
6405,キャロルHSヘッド・青,Coiffe Carol HS bleue
6406,キャロルGSヘッド・青,Coiffe Carol GS bleue
6407,キャロルGPヘッド・青,Coiffe Carol GP bleue
6408,キャロルバンド・白,Bandeau Carol blanc
6409,キャロルＦバンド・白,Bandeau Carol F blanc
6410,キャロルFZバンド・白,Bandeau Carol FZ blanc
6411,キャロルHSバンド・白,Bandeau Carol HS blanc
6412,キャロルGSバンド・白,Bandeau Carol GS blanc
6413,キャロルGPバンド・白,Bandeau Carol GP blanc
6414,キャロルヘッド・白,Coiffe Carol blanche
6415,キャロルＦヘッド・白,Coiffe Carol F blanche
6416,キャロルFZヘッド・白,Coiffe Carol FZ blanche
6417,キャロルHSヘッド・白,Coiffe Carol HS blanche
6418,キャロルGSヘッド・白,Coiffe Carol GS blanche
6419,キャロルGPヘッド・白,Coiffe Carol GP blanche
6420,キャロルバンド・赤,Bandeau Carol rouge
6421,キャロルＦバンド・赤,Bandeau Carol F rouge
6422,キャロルFZバンド・赤,Bandeau Carol FZ rouge
6423,キャロルHSバンド・赤,Bandeau Carol HS rouge
6424,キャロルGSバンド・赤,Bandeau Carol GS rouge
6425,キャロルGPバンド・赤,Bandeau Carol GP rouge
6426,キャロルヘッド・赤,Coiffe Carol rouge
6427,キャロルＦヘッド・赤,Coiffe Carol F rouge
6428,キャロルFZヘッド・赤,Coiffe Carol FZ rouge
6429,キャロルHSヘッド・赤,Coiffe Carol HS rouge
6430,キャロルGSヘッド・赤,Coiffe Carol GS rouge
6431,キャロルGPヘッド・赤,Coiffe Carol GP rouge
6432,セレナヘッド・紫,Coiffe Serena violette
6433,セレナＦヘッド・紫,Coiffe Serena F violette
6434,セレナFZヘッド・紫,Coiffe Serena FZ violette
6435,セレナHSヘッド・紫,Coiffe Serena HS violette
6436,セレナGSヘッド・紫,Coiffe Serena GS violette
6437,セレナGPヘッド・紫,Coiffe Serena GP violette
6438,セレナハット・紫,Chapeau Serena violet
6439,セレナＦハット・紫,Chapeau Serena F violet
6440,セレナFZハット・紫,Chapeau Serena FZ violet
6441,セレナHSハット・紫,Chapeau Serena HS violet
6442,セレナGSハット・紫,Chapeau Serena GS violet
6443,セレナGPハット・紫,Chapeau Serena GP violet
6444,セレナヘッド・青,Coiffe Serena bleue
6445,セレナＦヘッド・青,Coiffe Serena F bleue
6446,セレナFZヘッド・青,Coiffe Serena FZ bleue
6447,セレナHSヘッド・青,Coiffe Serena HS bleue
6448,セレナGSヘッド・青,Coiffe Serena GS bleue
6449,セレナGPヘッド・青,Coiffe Serena GP bleue
6450,セレナハット・青,Chapeau Serena bleu
6451,セレナＦハット・青,Chapeau Serena F bleu
6452,セレナFZハット・青,Chapeau Serena FZ bleu
6453,セレナHSハット・青,Chapeau Serena HS bleu
6454,セレナGSハット・青,Chapeau Serena GS bleu
6455,セレナGPハット・青,Chapeau Serena GP bleu
6456,セレナヘッド・白,Coiffe Serena blanche
6457,セレナＦヘッド・白,Coiffe Serena F blanche
6458,セレナFZヘッド・白,Coiffe Serena FZ blanche
6459,セレナHSヘッド・白,Coiffe Serena HS blanche
6460,セレナGSヘッド・白,Coiffe Serena GS blanche
6461,セレナGPヘッド・白,Coiffe Serena GP blanche
6462,セレナハット・白,Chapeau Serena blanc
6463,セレナＦハット・白,Chapeau Serena F blanc
6464,セレナFZハット・白,Chapeau Serena FZ blanc
6465,セレナHSハット・白,Chapeau Serena HS blanc
6466,セレナGSハット・白,Chapeau Serena GS blanc
6467,セレナGPハット・白,Chapeau Serena GP blanc
6468,セレナヘッド・赤,Coiffe Serena rouge
6469,セレナＦヘッド・赤,Coiffe Serena F rouge
6470,セレナFZヘッド・赤,Coiffe Serena FZ rouge
6471,セレナHSヘッド・赤,Coiffe Serena HS rouge
6472,セレナGSヘッド・赤,Coiffe Serena GS rouge
6473,セレナGPヘッド・赤,Coiffe Serena GP rouge
6474,セレナハット・赤,Chapeau Serena rouge
6475,セレナＦハット・赤,Chapeau Serena F rouge
6476,セレナFZハット・赤,Chapeau Serena FZ rouge
6477,セレナHSハット・赤,Chapeau Serena HS rouge
6478,セレナGSハット・赤,Chapeau Serena GS rouge
6479,セレナGPハット・赤,Chapeau Serena GP rouge
6480,ニンバスヘッド,
6481,ニンバスＦヘッド,
6482,ニンバスFZヘッド,
6483,ニンバスHSヘッド,
6484,ニンバスGSヘッド,
6485,ニンバスGPヘッド,
6486,ニンバスバンド,
6487,ニンバスＦバンド,
6488,ニンバスFZバンド,
6489,ニンバスHSバンド,
6490,ニンバスGSバンド,
6491,ニンバスGPバンド,
6492,イクスFZピアス・白,Piercing Ix FZ blanc
6493,イクスHSピアス・白,Piercing Ix HS blanc
6494,イクスGSピアス・白,Piercing Ix GS blanc
6495,イクスGPピアス・白,Piercing Ix GP blanc
6496,イクスFZハール・白,Chevelure Ix FZ blanche
6497,イクスHSハール・白,Chevelure Ix HS blanche
6498,イクスGSハール・白,Chevelure Ix GS blanche
6499,イクスGPハール・白,Chevelure Ix GP blanche
6500,イクスFZピアス・赤,Piercing Ix FZ rouge
6501,イクスHSピアス・赤,Piercing Ix HS rouge
6502,イクスGSピアス・赤,Piercing Ix GS rouge
6503,イクスGPピアス・赤,Piercing Ix GP rouge
6504,イクスFZハール・赤,Chevelure Ix FZ rouge
6505,イクスHSハール・赤,Chevelure Ix HS rouge
6506,イクスGSハール・赤,Chevelure Ix GS rouge
6507,イクスGPハール・赤,Chevelure Ix GP rouge
6508,イクスFZピアス・青,Piercing Ix FZ bleu
6509,イクスHSピアス・青,Piercing Ix HS bleu
6510,イクスGSピアス・青,Piercing Ix GS bleu
6511,イクスGPピアス・青,Piercing Ix GP bleu
6512,イクスFZハール・青,Chevelure Ix FZ bleue
6513,イクスHSハール・青,Chevelure Ix HS bleue
6514,イクスGSハール・青,Chevelure Ix GS bleue
6515,イクスGPハール・青,Chevelure Ix GP bleue
6516,イクスFZピアス・黒,Piercing Ix FZ noir
6517,イクスHSピアス・黒,Piercing Ix HS noir
6518,イクスGSピアス・黒,Piercing Ix GS noir
6519,イクスGPピアス・黒,Piercing Ix GP noir
6520,イクスFZハール・黒,Chevelure Ix FZ noire
6521,イクスHSハール・黒,Chevelure Ix HS noire
6522,イクスGSハール・黒,Chevelure Ix GS noire
6523,イクスGPハール・黒,Chevelure Ix GP noire
6524,きんねこ服FZヘッド,
6525,きんねこ服HSヘッド,
6526,きんねこ服GSヘッド,
6527,きんねこ服GPヘッド,
6528,きんねこ服FZハール,
6529,きんねこ服HSハール,
6530,きんねこ服GSハール,
6531,きんねこ服GPハール,
6532,ぎんねこ服FZヘッド,
6533,ぎんねこ服HSヘッド,
6534,ぎんねこ服GSヘッド,
6535,ぎんねこ服GPヘッド,
6536,ぎんねこ服FZハール,
6537,ぎんねこ服HSハール,
6538,ぎんねこ服GSハール,
6539,ぎんねこ服GPハール,
6540,クレールFZヘッド・紫,Coiffe Clair FZ violette
6541,クレールHSヘッド・紫,Coiffe Clair HS violette
6542,クレールGSヘッド・紫,Coiffe Clair GS violette
6543,クレールGPヘッド・紫,Coiffe Clair GP violette
6544,クレールFZピアス・紫,Piercing Clair FZ violet
6545,クレールHSピアス・紫,Piercing Clair HS violet
6546,クレールGSピアス・紫,Piercing Clair GS violet
6547,クレールGPピアス・紫,Piercing Clair GP violet
6548,クレールFZヘッド・水,
6549,クレールHSヘッド・水,
6550,クレールGSヘッド・水,
6551,クレールGPヘッド・水,
6552,クレールFZピアス・水,
6553,クレールHSピアス・水,
6554,クレールGSピアス・水,
6555,クレールGPピアス・水,
6556,クレールFZヘッド・赤,Coiffe Clair FZ rouge
6557,クレールHSヘッド・赤,Coiffe Clair HS rouge
6558,クレールGSヘッド・赤,Coiffe Clair GS rouge
6559,クレールGPヘッド・赤,Coiffe Clair GP rouge
6560,クレールFZピアス・赤,Piercing Clair FZ rouge
6561,クレールHSピアス・赤,Piercing Clair HS rouge
6562,クレールGSピアス・赤,Piercing Clair GS rouge
6563,クレールGPピアス・赤,Piercing Clair GP rouge
6564,クレールFZヘッド・黒,Coiffe Clair FZ noire
6565,クレールHSヘッド・黒,Coiffe Clair HS noire
6566,クレールGSヘッド・黒,Coiffe Clair GS noire
6567,クレールGPヘッド・黒,Coiffe Clair GP noire
6568,クレールFZピアス・黒,Piercing Clair FZ noir
6569,クレールHSピアス・黒,Piercing Clair HS noir
6570,クレールGSピアス・黒,Piercing Clair GS noir
6571,クレールGPピアス・黒,Piercing Clair GP noir
6572,テクストHSヘッド・紫,Coiffe Texte HS violette
6573,テクストGSヘッド・紫,Coiffe Texte GS violette
6574,テクストGPヘッド・紫,Coiffe Texte GP violette
6575,テクストHSマスク・紫,Masque Texte HS violet
6576,テクストGSマスク・紫,Masque Texte GS violet
6577,テクストGPマスク・紫,Masque Texte GP violet
6578,テクストHSヘッド・緑,Coiffe Texte HS verte
6579,テクストGSヘッド・緑,Coiffe Texte GS verte
6580,テクストGPヘッド・緑,Coiffe Texte GP verte
6581,テクストHSマスク・緑,Masque Texte HS vert
6582,テクストGSマスク・緑,Masque Texte GS vert
6583,テクストGPマスク・緑,Masque Texte GP vert
6584,テクストHSヘッド・青,Coiffe Texte HS bleue
6585,テクストGSヘッド・青,Coiffe Texte GS bleue
6586,テクストGPヘッド・青,Coiffe Texte GP bleue
6587,テクストHSマスク・青,Masque Texte HS bleu
6588,テクストGSマスク・青,Masque Texte GS bleu
6589,テクストGPマスク・青,Masque Texte GP bleu
6590,テクストHSヘッド・黒,Coiffe Texte HS noire
6591,テクストGSヘッド・黒,Coiffe Texte GS noire
6592,テクストGPヘッド・黒,Coiffe Texte GP noire
6593,テクストHSマスク・黒,Masque Texte HS noir
6594,テクストGSマスク・黒,Masque Texte GS noir
6595,テクストGPマスク・黒,Masque Texte GP noir
6596,カウチュHSピアス・灰,
6597,カウチュGSピアス・灰,
6598,カウチュGPピアス・灰,
6599,カウチュHSハール・灰,
6600,カウチュGSハール・灰,
6601,カウチュGPハール・灰,
6602,カウチュHSピアス・青,Piercing Kauchu HS bleu
6603,カウチュGSピアス・青,Piercing Kauchu GS bleu
6604,カウチュGPピアス・青,Piercing Kauchu GP bleu
6605,カウチュHSハール・青,Chevelure Kauchu HS bleue
6606,カウチュGSハール・青,Chevelure Kauchu GS bleue
6607,カウチュGPハール・青,Chevelure Kauchu GP bleue
6608,カウチュHSピアス・橙,Piercing Kauchu HS orange
6609,カウチュGSピアス・橙,Piercing Kauchu GS orange
6610,カウチュGPピアス・橙,Piercing Kauchu GP orange
6611,カウチュHSハール・橙,Chevelure Kauchu HS orange
6612,カウチュGSハール・橙,Chevelure Kauchu GS orange
6613,カウチュGPハール・橙,Chevelure Kauchu GP orange
6614,カウチュHSピアス・緑,Piercing Kauchu HS vert
6615,カウチュGSピアス・緑,Piercing Kauchu GS vert
6616,カウチュGPピアス・緑,Piercing Kauchu GP vert
6617,カウチュHSハール・緑,Chevelure Kauchu HS verte
6618,カウチュGSハール・緑,Chevelure Kauchu GS verte
6619,カウチュGPハール・緑,Chevelure Kauchu GP verte
6620,アルマFZヘッド・黒,Coiffe Alma FZ noire
6621,アルマHSヘッド・黒,Coiffe Alma HS noire
6622,アルマGSヘッド・黒,Coiffe Alma GS noire
6623,アルマGPヘッド・黒,Coiffe Alma GP noire
6624,アルマFZハット・黒,Chapeau Alma FZ noir
6625,アルマHSハット・黒,Chapeau Alma HS noir
6626,アルマGSハット・黒,Chapeau Alma GS noir
6627,アルマGPハット・黒,Chapeau Alma GP noir
6628,アルマFZヘッド・白,Coiffe Alma FZ blanche
6629,アルマHSヘッド・白,Coiffe Alma HS blanche
6630,アルマGSヘッド・白,Coiffe Alma GS blanche
6631,アルマGPヘッド・白,Coiffe Alma GP blanche
6632,アルマFZハット・白,Chapeau Alma FZ blanc
6633,アルマHSハット・白,Chapeau Alma HS blanc
6634,アルマGSハット・白,Chapeau Alma GS blanc
6635,アルマGPハット・白,Chapeau Alma GP blanc
6636,アルマFZヘッド・青,Coiffe Alma FZ bleue
6637,アルマHSヘッド・青,Coiffe Alma HS bleue
6638,アルマGSヘッド・青,Coiffe Alma GS bleue
6639,アルマGPヘッド・青,Coiffe Alma GP bleue
6640,アルマFZハット・青,Chapeau Alma FZ bleu
6641,アルマHSハット・青,Chapeau Alma HS bleu
6642,アルマGSハット・青,Chapeau Alma GS bleu
6643,アルマGPハット・青,Chapeau Alma GP bleu
6644,アルマFZヘッド・茶,Coiffe Alma FZ brune
6645,アルマHSヘッド・茶,Coiffe Alma HS brune
6646,アルマGSヘッド・茶,Coiffe Alma GS brune
6647,アルマGPヘッド・茶,Coiffe Alma GP brune
6648,アルマFZハット・茶,Chapeau Alma FZ brun
6649,アルマHSハット・茶,Chapeau Alma HS brun
6650,アルマGSハット・茶,Chapeau Alma GS brun
6651,アルマGPハット・茶,Chapeau Alma GP brun
6652,シエナHSヘルム・銀,Heaume Sienne HS argenté
6653,シエナGSヘルム・銀,Heaume Sienne GS argenté
6654,シエナGPヘルム・銀,Heaume Sienne GP argenté
6655,シエナHSキャップ・銀,Casquette Sienne HS argentée
6656,シエナGSキャップ・銀,Casquette Sienne GS argentée
6657,シエナGPキャップ・銀,Casquette Sienne GP argentée
6658,シエナHSヘルム・黒,Heaume Sienne HS noir
6659,シエナGSヘルム・黒,Heaume Sienne GS noir
6660,シエナGPヘルム・黒,Heaume Sienne GP noir
6661,シエナHSキャップ・黒,Casquette Sienne HS noire
6662,シエナGSキャップ・黒,Casquette Sienne GS noire
6663,シエナGPキャップ・黒,Casquette Sienne GP noire
6664,シエナHSヘルム・赤,Heaume Sienne HS rouge
6665,シエナGSヘルム・赤,Heaume Sienne GS rouge
6666,シエナGPヘルム・赤,Heaume Sienne GP rouge
6667,シエナHSキャップ・赤,Casquette Sienne HS rouge
6668,シエナGSキャップ・赤,Casquette Sienne GS rouge
6669,シエナGPキャップ・赤,Casquette Sienne GP rouge
6670,シエナHSヘルム・青,Heaume Sienne HS bleu
6671,シエナGSヘルム・青,Heaume Sienne GS bleu
6672,シエナGPヘルム・青,Heaume Sienne GP bleu
6673,シエナHSキャップ・青,Casquette Sienne HS bleue
6674,シエナGSキャップ・青,Casquette Sienne GS bleue
6675,シエナGPキャップ・青,Casquette Sienne GP bleue
6676,クロースGSヘッド・赤,Coiffe Étoffe GS rouge
6677,クロースGPヘッド・赤,Coiffe Étoffe GP rouge
6678,クロースGSハール・赤,Chevelure Étoffe GS rouge
6679,クロースGPハール・赤,Chevelure Étoffe GP rouge
6680,クロースGSヘッド・青,Coiffe Étoffe GS bleue
6681,クロースGPヘッド・青,Coiffe Étoffe GP bleue
6682,クロースGSハール・青,Chevelure Étoffe GS bleue
6683,クロースGPハール・青,Chevelure Étoffe GP bleue
6684,クロースGSヘッド・紫,Coiffe Étoffe GS violette
6685,クロースGPヘッド・紫,Coiffe Étoffe GP violette
6686,クロースGSハール・紫,Chevelure Étoffe GS violette
6687,クロースGPハール・紫,Chevelure Étoffe GP violette
6688,クロースGSヘッド・緑,Coiffe Étoffe GS verte
6689,クロースGPヘッド・緑,Coiffe Étoffe GP verte
6690,クロースGSハール・緑,Chevelure Étoffe GS verte
6691,クロースGPハール・緑,Chevelure Étoffe GP verte
6692,マイストFZヘッド・紅,Coiffe Maist FZ cramoisie
6693,マイストHSヘッド・紅,Coiffe Maist HS cramoisie
6694,マイストGSヘッド・紅,Coiffe Maist GS cramoisie
6695,マイストGPヘッド・紅,Coiffe Maist GP cramoisie
6696,マイストFZハット・紅,Chapeau Maist FZ cramoisi
6697,マイストHSハット・紅,Chapeau Maist HS cramoisi
6698,マイストGSハット・紅,Chapeau Maist GS cramoisi
6699,マイストGPハット・紅,Chapeau Maist GP cramoisi
6700,マイストFZヘッド・緑,Coiffe Maist FZ verte
6701,マイストHSヘッド・緑,Coiffe Maist HS verte
6702,マイストGSヘッド・緑,Coiffe Maist GS verte
6703,マイストGPヘッド・緑,Coiffe Maist GP verte
6704,マイストFZハット・緑,Chapeau Maist FZ vert
6705,マイストHSハット・緑,Chapeau Maist HS vert
6706,マイストGSハット・緑,Chapeau Maist GS vert
6707,マイストGPハット・緑,Chapeau Maist GP vert
6708,マイストFZヘッド・蒼,Coiffe Maist FZ azur
6709,マイストHSヘッド・蒼,Coiffe Maist HS azur
6710,マイストGSヘッド・蒼,Coiffe Maist GS azur
6711,マイストGPヘッド・蒼,Coiffe Maist GP azur
6712,マイストFZハット・蒼,Chapeau Maist FZ azur
6713,マイストHSハット・蒼,Chapeau Maist HS azur
6714,マイストGSハット・蒼,Chapeau Maist GS azur
6715,マイストGPハット・蒼,Chapeau Maist GP azur
6716,マイストFZヘッド・桜,
6717,マイストHSヘッド・桜,
6718,マイストGSヘッド・桜,
6719,マイストGPヘッド・桜,
6720,マイストFZハット・桜,
6721,マイストHSハット・桜,
6722,マイストGSハット・桜,
6723,マイストGPハット・桜,
6724,カエシスHSヘルム水,
6725,カエシスGSヘルム水,
6726,カエシスGPヘルム水,
6727,カエシスHSマスク水,
6728,カエシスGSマスク水,
6729,カエシスGPマスク水,
6730,カエシスHSヘルム赤,Heaume Cayssis HS rouge
6731,カエシスGSヘルム赤,Heaume Cayssis GS rouge
6732,カエシスGPヘルム赤,Heaume Cayssis GP rouge
6733,カエシスHSマスク赤,Masque Cayssis HS rouge
6734,カエシスGSマスク赤,Masque Cayssis GS rouge
6735,カエシスGPマスク赤,Masque Cayssis GP rouge
6736,カエシスHSヘルム青,Heaume Cayssis HS bleu
6737,カエシスGSヘルム青,Heaume Cayssis GS bleu
6738,カエシスGPヘルム青,Heaume Cayssis GP bleu
6739,カエシスHSマスク青,Masque Cayssis HS bleu
6740,カエシスGSマスク青,Masque Cayssis GS bleu
6741,カエシスGPマスク青,Masque Cayssis GP bleu
6742,カエシスHSヘルム橙,Heaume Cayssis HS orange
6743,カエシスGSヘルム橙,Heaume Cayssis GS orange
6744,カエシスGPヘルム橙,Heaume Cayssis GP orange
6745,カエシスHSマスク橙,Masque Cayssis HS orange
6746,カエシスGSマスク橙,Masque Cayssis GS orange
6747,カエシスGPマスク橙,Masque Cayssis GP orange
6748,パンデウムHSヘッド,Coiffe Pandeum HS
6749,パンデウムGSヘッド,Coiffe Pandeum GS
6750,パンデウムGPヘッド,Coiffe Pandeum GP
6751,パンデウムHSピアス,Piercing Pandeum HS
6752,パンデウムGSピアス,Piercing Pandeum GS
6753,パンデウムGPピアス,Piercing Pandeum GP
6754,ディアンHSヘッド,Coiffe Dian HS
6755,ディアンGSヘッド,Coiffe Dian GS
6756,ディアンGPヘッド,Coiffe Dian GP
6757,ディアンHSピアス,Piercing Dian HS
6758,ディアンGSピアス,Piercing Dian GS
6759,ディアンGPピアス,Piercing Dian GP
6760,ワイルドHSヘッド,Coiffe Sauvage HS
6761,ワイルドGSヘッド,Coiffe Sauvage GS
6762,ワイルドGPヘッド,Coiffe Sauvage GP
6763,ワイルドHSピアス,Piercing Sauvage HS
6764,ワイルドGSピアス,Piercing Sauvage GS
6765,ワイルドGPピアス,Piercing Sauvage GP
6766,フラウアHSヘッド,Coiffe Fleur HS
6767,フラウアGSヘッド,Coiffe Fleur GS
6768,フラウアGPヘッド,Coiffe Fleur GP
6769,フラウアHSピアス,Piercing Fleur HS
6770,フラウアGSピアス,Piercing Fleur GS
6771,フラウアGPピアス,Piercing Fleur GP
6772,テューンHSヘッド,
6773,テューンGSヘッド,
6774,テューンGPヘッド,
6775,シュナイトHSピアス,Piercing Schnite HS
6776,シュナイトGSピアス,Piercing Schnite GS
6777,シュナイトGPピアス,Piercing Schnite GP
6778,ディクトHSヘッド,Coiffe Dicto HS
6779,ディクトGSヘッド,Coiffe Dicto GS
6780,ディクトGPヘッド,Coiffe Dicto GP
6781,ディレットHSピアス,Piercing Diletto HS
6782,ディレットGSピアス,Piercing Diletto GS
6783,ディレットGPピアス,Piercing Diletto GP
6784,キュビィHSヘルム,Heaume Cubie HS
6785,キュビィGSヘルム,Heaume Cubie GS
6786,キュビィGPヘルム,Heaume Cubie GP
6787,キュビィHSマスク,Masque Cubie HS
6788,キュビィGSマスク,Masque Cubie GS
6789,キュビィGPマスク,Masque Cubie GP
6790,ケモルHSヘルム,Heaume Kemor HS
6791,ケモルGSヘルム,Heaume Kemor GS
6792,ケモルGPヘルム,Heaume Kemor GP
6793,ケモルHSマスク,Masque Kemor HS
6794,ケモルGSマスク,Masque Kemor GS
6795,ケモルGPマスク,Masque Kemor GP
6796,スリートGPヘッド・黄,Coiffe Grésil GP jaune
6797,スリートGPハール・黄,Chevelure Grésil GP jaune
6798,スリートGPヘッド・銀,Coiffe Grésil GP argentée
6799,スリートGPハール・銀,Chevelure Grésil GP argentée
6800,スリートGPヘッド・赤,Coiffe Grésil GP rouge
6801,スリートGPハール・赤,Chevelure Grésil GP rouge
6802,スリートGPヘッド・青,Coiffe Grésil GP bleue
6803,スリートGPハール・青,Chevelure Grésil GP bleue
6804,ガリトスGPヘッド・茶,Coiffe Garitos GP brune
6805,ガリトスGPバンド・茶,Bandeau Garitos GP brun
6806,ガリトスGPヘッド・赤,Coiffe Garitos GP rouge
6807,ガリトスGPバンド・赤,Bandeau Garitos GP rouge
6808,ガリトスGPヘッド・黒,Coiffe Garitos GP noire
6809,ガリトスGPバンド・黒,Bandeau Garitos GP noir
6810,ガリトスGPヘッド・水,
6811,ガリトスGPバンド・水,
6812,リアンGPヘッド・青,Coiffe Rian GP bleue
6813,リアンGPハット・青,Chapeau Rian GP bleu
6814,リアンGPヘッド・赤,Coiffe Rian GP rouge
6815,リアンGPハット・赤,Chapeau Rian GP rouge
6816,リアンGPヘッド・黒,Coiffe Rian GP noire
6817,リアンGPハット・黒,Chapeau Rian GP noir
6818,リアンGPヘッド・白,Coiffe Rian GP blanche
6819,リアンGPハット・白,Chapeau Rian GP blanc
6820,メレティGPヘッド・白,Coiffe Meleti GP blanche
6821,メレティGPハット・白,Chapeau Meleti GP blanc
6822,メレティGPヘッド・赤,Coiffe Meleti GP rouge
6823,メレティGPハット・赤,Chapeau Meleti GP rouge
6824,メレティGPヘッド・青,Coiffe Meleti GP bleue
6825,メレティGPハット・青,Chapeau Meleti GP bleu
6826,メレティGPヘッド・黒,Coiffe Meleti GP noire
6827,メレティGPハット・黒,Chapeau Meleti GP noir
6828,ステノGPヘルム・橙,Heaume Stheno GP orange
6829,ステノGPキャップ・橙,Casquette Stheno GP orange
6830,ステノGPヘルム・桃,Heaume Stheno GP rose
6831,ステノGPキャップ・桃,Casquette Stheno GP rose
6832,ステノGPヘルム・青,Heaume Stheno GP bleu
6833,ステノGPキャップ・青,Casquette Stheno GP bleue
6834,ステノGPヘルム・赤,Heaume Stheno GP rouge
6835,ステノGPキャップ・赤,Casquette Stheno GP rouge
6836,星祭GP面【赤】,
6837,七夕GP面【赤】,
6838,星祭GP面【青】,
6839,七夕GP面【青】,
6840,星祭GP面【黒】,
6841,七夕GP面【黒】,
6842,星祭GP面【白】,
6843,七夕GP面【白】,
6844,アルマFZピアス・黒,Piercing Alma FZ noir
6845,アルマHSピアス・黒,Piercing Alma HS noir
6846,アルマGSピアス・黒,Piercing Alma GS noir
6847,アルマGPピアス・黒,Piercing Alma GP noir
6848,アルマFZハール・黒,Chevelure Alma FZ noire
6849,アルマHSハール・黒,Chevelure Alma HS noire
6850,アルマGSハール・黒,Chevelure Alma GS noire
6851,アルマGPハール・黒,Chevelure Alma GP noire
6852,アルマFZピアス・白,Piercing Alma FZ blanc
6853,アルマHSピアス・白,Piercing Alma HS blanc
6854,アルマGSピアス・白,Piercing Alma GS blanc
6855,アルマGPピアス・白,Piercing Alma GP blanc
6856,アルマFZハール・白,Chevelure Alma FZ blanche
6857,アルマHSハール・白,Chevelure Alma HS blanche
6858,アルマGSハール・白,Chevelure Alma GS blanche
6859,アルマGPハール・白,Chevelure Alma GP blanche
6860,アルマFZピアス・青,Piercing Alma FZ bleu
6861,アルマHSピアス・青,Piercing Alma HS bleu
6862,アルマGSピアス・青,Piercing Alma GS bleu
6863,アルマGPピアス・青,Piercing Alma GP bleu
6864,アルマFZハール・青,Chevelure Alma FZ bleue
6865,アルマHSハール・青,Chevelure Alma HS bleue
6866,アルマGSハール・青,Chevelure Alma GS bleue
6867,アルマGPハール・青,Chevelure Alma GP bleue
6868,アルマFZピアス・茶,Piercing Alma FZ brun
6869,アルマHSピアス・茶,Piercing Alma HS brun
6870,アルマGSピアス・茶,Piercing Alma GS brun
6871,アルマGPピアス・茶,Piercing Alma GP brun
6872,アルマFZハール・茶,Chevelure Alma FZ brune
6873,アルマHSハール・茶,Chevelure Alma HS brune
6874,アルマGSハール・茶,Chevelure Alma GS brune
6875,アルマGPハール・茶,Chevelure Alma GP brune
6876,ダミー,
6877,ダミー,
6878,ダミー,
6879,ダミー,
6880,ダミー,
6881,ダミー,
6882,ヒストリアヘッド,Coiffe Historia
6883,ヒストリアＦヘッド,Coiffe Historia F
6884,ヒストリアFZヘッド,Coiffe Historia FZ
6885,ヒストリアHSヘッド,Coiffe Historia HS
6886,ヒストリアGSヘッド,Coiffe Historia GS
6887,ヒストリアGPヘッド,Coiffe Historia GP
6888,ヒストリアキャップ,Casquette Historia
6889,ヒストリアＦキャップ,Casquette Historia F
6890,ヒストリアFZキャップ,Casquette Historia FZ
6891,ヒストリアHSキャップ,Casquette Historia HS
6892,ヒストリアGSキャップ,Casquette Historia GS
6893,ヒストリアGPキャップ,Casquette Historia GP
6894,フロルヘッド,Coiffe Furoru
6895,フロルＦヘッド,Coiffe Furoru F
6896,フロルFXヘッド,Coiffe Furoru FX
6897,フロルＧヘッド,Coiffe Furoru G
6898,フロルGFヘッド,Coiffe Furoru GF
6899,フロルハット,Chapeau Furoru
6900,フロルＦハット,Chapeau Furoru F
6901,フロルFXハット,Chapeau Furoru FX
6902,フロルＧハット,Chapeau Furoru G
6903,フロルGFハット,Chapeau Furoru GF
6904,フランキーＧヘッド,Coiffe Franky G
6905,フランキーGFヘッド,Coiffe Franky GF
6906,フランキーGXヘッド,Coiffe Franky GX
6907,フランキーＧハット,Chapeau Franky G
6908,フランキーGFハット,Chapeau Franky GF
6909,フランキーGXハット,Chapeau Franky GX
6910,ディオレヘルム,Heaume Diore
6911,ディオレＦヘルム,Heaume Diore F
6912,ディオレFXヘルム,Heaume Diore FX
6913,ディオレＧヘルム,Heaume Diore G
6914,ディオレGFヘルム,Heaume Diore GF
6915,ディオレキャップ,Casquette Diore
6916,ディオレＦキャップ,Casquette Diore F
6917,ディオレFXキャップ,Casquette Diore FX
6918,ディオレＧキャップ,Casquette Diore G
6919,ディオレGFキャップ,Casquette Diore GF
6920,神楽Ｇ【兜】,
6921,神楽GF【兜】,
6922,神楽GX【兜】,
6923,神座Ｇ【鉢金】,
6924,神座GF【鉢金】,
6925,神座GX【鉢金】,
6926,ジェビアＧヘルム,Heaume Jebia G
6927,ジェビアGFヘルム,Heaume Jebia GF
6928,ジェビアGXヘルム,Heaume Jebia GX
6929,ジェビアＧキャップ,Casquette Jebia G
6930,ジェビアGFキャップ,Casquette Jebia GF
6931,ジェビアGXキャップ,Casquette Jebia GX
6932,ソルＧヘルム,
6933,ソルGFヘルム,
6934,ソルGXヘルム,
6935,ソルＧキャップ,
6936,ソルGFキャップ,
6937,ソルGXキャップ,
6938,バルカンＧヘッド,Coiffe Vulcan G
6939,バルカンGFヘッド,Coiffe Vulcan GF
6940,バルカンGXヘッド,Coiffe Vulcan GX
6941,バルカンＧフェイス,
6942,バルカンGFフェイス,
6943,バルカンGXフェイス,
6944,アルゴルGFヘルム,Heaume Algol GF
6945,アルゴルGFキャップ,Casquette Algol GF
6946,オディバGFヘルム,Heaume Odiva GF
6947,オディバGFキャップ,Casquette Odiva GF
6948,白虎・剣聖GXヘルム,
6949,朱雀・剣聖GXヘルム,
6950,玄武・剣聖GXヘルム,
6951,青龍・剣聖GXヘルム,
6952,白虎・双龍GXヘルム,
6953,朱雀・双龍GXヘルム,
6954,玄武・双龍GXヘルム,
6955,青龍・双龍GXヘルム,
6956,白虎・剣王GXヘルム,
6957,朱雀・剣王GXヘルム,
6958,玄武・剣王GXヘルム,
6959,青龍・剣王GXヘルム,
6960,白虎・刀神GXヘルム,
6961,朱雀・刀神GXヘルム,
6962,玄武・刀神GXヘルム,
6963,青龍・刀神GXヘルム,
6964,白虎・天槍GXヘルム,
6965,朱雀・天槍GXヘルム,
6966,玄武・天槍GXヘルム,
6967,青龍・天槍GXヘルム,
6968,白虎・砲皇GXヘルム,
6969,朱雀・砲皇GXヘルム,
6970,玄武・砲皇GXヘルム,
6971,青龍・砲皇GXヘルム,
6972,白虎・鈍器獣GXヘルム,
6973,朱雀・鈍器獣GXヘルム,
6974,玄武・鈍器獣GXヘルム,
6975,青龍・鈍器獣GXヘルム,
6976,白虎・奏帝GXヘルム,
6977,朱雀・奏帝GXヘルム,
6978,玄武・奏帝GXヘルム,
6979,青龍・奏帝GXヘルム,
6980,白虎・銃傑GXマスク,
6981,朱雀・銃傑GXマスク,
6982,玄武・銃傑GXマスク,
6983,青龍・銃傑GXマスク,
6984,白虎・銃仙GXマスク,
6985,朱雀・銃仙GXマスク,
6986,玄武・銃仙GXマスク,
6987,青龍・銃仙GXマスク,
6988,白虎・弓鬼GXマスク,
6989,朱雀・弓鬼GXマスク,
6990,玄武・弓鬼GXマスク,
6991,青龍・弓鬼GXマスク,
6992,ヒスイヘルム,Heaume Hisui
6993,ヒスイＦヘルム,Heaume Hisui F
6994,ヒスイFXヘルム,Heaume Hisui FX
6995,ブラッドヘルム,Heaume Sang
6996,ブラッドＦヘルム,Heaume Sang F
6997,ブラッドFXヘルム,Heaume Sang FX
6998,白虎・穿凰Ｇヘルム,
6999,白虎・穿凰GFヘルム,
7000,白虎・穿凰GXヘルム,
7001,朱雀・穿凰Ｇヘルム,
7002,朱雀・穿凰GFヘルム,
7003,朱雀・穿凰GXヘルム,
7004,玄武・穿凰Ｇヘルム,
7005,玄武・穿凰GFヘルム,
7006,玄武・穿凰GXヘルム,
7007,青龍・穿凰Ｇヘルム,
7008,青龍・穿凰GFヘルム,
7009,青龍・穿凰GXヘルム,
7010,オナブルヘルム・赤,Heaume Onable rouge
7011,オナブルＦヘルム・赤,Heaume Onable F rouge
7012,オナブルFZヘルム・赤,Heaume Onable FZ rouge
7013,オナブルHSヘルム・赤,Heaume Onable HS rouge
7014,オナブルGSヘルム・赤,Heaume Onable GS rouge
7015,オナブルGPヘルム・赤,Heaume Onable GP rouge
7016,オナブルマスク・赤,Masque Onable rouge
7017,オナブルＦマスク・赤,Masque Onable F rouge
7018,オナブルFZマスク・赤,Masque Onable FZ rouge
7019,オナブルHSマスク・赤,Masque Onable HS rouge
7020,オナブルGSマスク・赤,Masque Onable GS rouge
7021,オナブルGPマスク・赤,Masque Onable GP rouge
7022,オナブルヘルム・青,Heaume Onable bleu
7023,オナブルＦヘルム・青,Heaume Onable F bleu
7024,オナブルFZヘルム・青,Heaume Onable FZ bleu
7025,オナブルHSヘルム・青,Heaume Onable HS bleu
7026,オナブルGSヘルム・青,Heaume Onable GS bleu
7027,オナブルGPヘルム・青,Heaume Onable GP bleu
7028,オナブルマスク・青,Masque Onable bleu
7029,オナブルＦマスク・青,Masque Onable F bleu
7030,オナブルFZマスク・青,Masque Onable FZ bleu
7031,オナブルHSマスク・青,Masque Onable HS bleu
7032,オナブルGSマスク・青,Masque Onable GS bleu
7033,オナブルGPマスク・青,Masque Onable GP bleu
7034,オナブルヘルム・緑,Heaume Onable vert
7035,オナブルＦヘルム・緑,Heaume Onable F vert
7036,オナブルFZヘルム・緑,Heaume Onable FZ vert
7037,オナブルHSヘルム・緑,Heaume Onable HS vert
7038,オナブルGSヘルム・緑,Heaume Onable GS vert
7039,オナブルGPヘルム・緑,Heaume Onable GP vert
7040,オナブルマスク・緑,Masque Onable vert
7041,オナブルＦマスク・緑,Masque Onable F vert
7042,オナブルFZマスク・緑,Masque Onable FZ vert
7043,オナブルHSマスク・緑,Masque Onable HS vert
7044,オナブルGSマスク・緑,Masque Onable GS vert
7045,オナブルGPマスク・緑,Masque Onable GP vert
7046,オナブルヘルム・紺,
7047,オナブルＦヘルム・紺,
7048,オナブルFZヘルム・紺,
7049,オナブルHSヘルム・紺,
7050,オナブルGSヘルム・紺,
7051,オナブルGPヘルム・紺,
7052,オナブルマスク・紺,
7053,オナブルＦマスク・紺,
7054,オナブルFZマスク・紺,
7055,オナブルHSマスク・紺,
7056,オナブルGSマスク・紺,
7057,オナブルGPマスク・紺,
7058,シェリフヘッド・茶,Coiffe Shérif brune
7059,シェリフＦヘッド・茶,Coiffe Shérif F brune
7060,シェリフFZヘッド・茶,Coiffe Shérif FZ brune
7061,シェリフHSヘッド・茶,Coiffe Shérif HS brune
7062,シェリフGSヘッド・茶,Coiffe Shérif GS brune
7063,シェリフGPヘッド・茶,Coiffe Shérif GP brune
7064,シェリフハット・茶,Chapeau Shérif brun
7065,シェリフＦハット・茶,Chapeau Shérif F brun
7066,シェリフFZハット・茶,Chapeau Shérif FZ brun
7067,シェリフHSハット・茶,Chapeau Shérif HS brun
7068,シェリフGSハット・茶,Chapeau Shérif GS brun
7069,シェリフGPハット・茶,Chapeau Shérif GP brun
7070,シェリフヘッド・黒,Coiffe Shérif noire
7071,シェリフＦヘッド・黒,Coiffe Shérif F noire
7072,シェリフFZヘッド・黒,Coiffe Shérif FZ noire
7073,シェリフHSヘッド・黒,Coiffe Shérif HS noire
7074,シェリフGSヘッド・黒,Coiffe Shérif GS noire
7075,シェリフGPヘッド・黒,Coiffe Shérif GP noire
7076,シェリフハット・黒,Chapeau Shérif noir
7077,シェリフＦハット・黒,Chapeau Shérif F noir
7078,シェリフFZハット・黒,Chapeau Shérif FZ noir
7079,シェリフHSハット・黒,Chapeau Shérif HS noir
7080,シェリフGSハット・黒,Chapeau Shérif GS noir
7081,シェリフGPハット・黒,Chapeau Shérif GP noir
7082,シェリフヘッド・青,Coiffe Shérif bleue
7083,シェリフＦヘッド・青,Coiffe Shérif F bleue
7084,シェリフFZヘッド・青,Coiffe Shérif FZ bleue
7085,シェリフHSヘッド・青,Coiffe Shérif HS bleue
7086,シェリフGSヘッド・青,Coiffe Shérif GS bleue
7087,シェリフGPヘッド・青,Coiffe Shérif GP bleue
7088,シェリフハット・青,Chapeau Shérif bleu
7089,シェリフＦハット・青,Chapeau Shérif F bleu
7090,シェリフFZハット・青,Chapeau Shérif FZ bleu
7091,シェリフHSハット・青,Chapeau Shérif HS bleu
7092,シェリフGSハット・青,Chapeau Shérif GS bleu
7093,シェリフGPハット・青,Chapeau Shérif GP bleu
7094,シェリフヘッド・白,Coiffe Shérif blanche
7095,シェリフＦヘッド・白,Coiffe Shérif F blanche
7096,シェリフFZヘッド・白,Coiffe Shérif FZ blanche
7097,シェリフHSヘッド・白,Coiffe Shérif HS blanche
7098,シェリフGSヘッド・白,Coiffe Shérif GS blanche
7099,シェリフGPヘッド・白,Coiffe Shérif GP blanche
7100,シェリフハット・白,Chapeau Shérif blanc
7101,シェリフＦハット・白,Chapeau Shérif F blanc
7102,シェリフFZハット・白,Chapeau Shérif FZ blanc
7103,シェリフHSハット・白,Chapeau Shérif HS blanc
7104,シェリフGSハット・白,Chapeau Shérif GS blanc
7105,シェリフGPハット・白,Chapeau Shérif GP blanc
7106,月陽ノ兜,
7107,月陽ノ兜・Ｆ,
7108,月陽ノ兜・FZ,
7109,月陽ノ兜・HS,
7110,月陽ノ兜・GS,
7111,月陽ノ兜・GP,
7112,月陽ノ面,
7113,月陽ノ面・Ｆ,
7114,月陽ノ面・FZ,
7115,月陽ノ面・HS,
7116,月陽ノ面・GS,
7117,月陽ノ面・GP,
7118,ゾデックGSヘルム・青,Heaume Zodec GS bleu
7119,ゾデックGPヘルム・青,Heaume Zodec GP bleu
7120,ゾデックGSマスク・青,Masque Zodec GS bleu
7121,ゾデックGPマスク・青,Masque Zodec GP bleu
7122,ゾデックGSヘルム・茶,Heaume Zodec GS brun
7123,ゾデックGPヘルム・茶,Heaume Zodec GP brun
7124,ゾデックGSマスク・茶,Masque Zodec GS brun
7125,ゾデックGPマスク・茶,Masque Zodec GP brun
7126,ゾデックGSヘルム・緑,Heaume Zodec GS vert
7127,ゾデックGPヘルム・緑,Heaume Zodec GP vert
7128,ゾデックGSマスク・緑,Masque Zodec GS vert
7129,ゾデックGPマスク・緑,Masque Zodec GP vert
7130,ゾデックGSヘルム・桜,
7131,ゾデックGPヘルム・桜,
7132,ゾデックGSマスク・桜,
7133,ゾデックGPマスク・桜,
7134,ブリスFZヘッド【白】,Coiffe Félicité FZ [白]
7135,ブリスHSヘッド【白】,Coiffe Félicité HS [白]
7136,ブリスGSヘッド【白】,Coiffe Félicité GS [白]
7137,ブリスGPヘッド【白】,Coiffe Félicité GP [白]
7138,ブリスFZヘッド【青】,Coiffe Félicité FZ [青]
7139,ブリスHSヘッド【青】,Coiffe Félicité HS [青]
7140,ブリスGSヘッド【青】,Coiffe Félicité GS [青]
7141,ブリスGPヘッド【青】,Coiffe Félicité GP [青]
7142,ブリスFZヘッド【紫】,Coiffe Félicité FZ [紫]
7143,ブリスHSヘッド【紫】,Coiffe Félicité HS [紫]
7144,ブリスGSヘッド【紫】,Coiffe Félicité GS [紫]
7145,ブリスGPヘッド【紫】,Coiffe Félicité GP [紫]
7146,ブリスFZヘッド【黄】,Coiffe Félicité FZ [黄]
7147,ブリスHSヘッド【黄】,Coiffe Félicité HS [黄]
7148,ブリスGSヘッド【黄】,Coiffe Félicité GS [黄]
7149,ブリスGPヘッド【黄】,Coiffe Félicité GP [黄]
7150,しろねこ服FZマスク,
7151,しろねこ服HSマスク,
7152,しろねこ服GSマスク,
7153,しろねこ服GPマスク,
7154,ファランHSヘルム・白,Heaume Faran HS blanc
7155,ファランGSヘルム・白,Heaume Faran GS blanc
7156,ファランGPヘルム・白,Heaume Faran GP blanc
7157,ファランHSマスク・白,Masque Faran HS blanc
7158,ファランGSマスク・白,Masque Faran GS blanc
7159,ファランGPマスク・白,Masque Faran GP blanc
7160,ファランHSヘルム・黒,Heaume Faran HS noir
7161,ファランGSヘルム・黒,Heaume Faran GS noir
7162,ファランGPヘルム・黒,Heaume Faran GP noir
7163,ファランHSマスク・黒,Masque Faran HS noir
7164,ファランGSマスク・黒,Masque Faran GS noir
7165,ファランGPマスク・黒,Masque Faran GP noir
7166,ファランHSヘルム・赤,Heaume Faran HS rouge
7167,ファランGSヘルム・赤,Heaume Faran GS rouge
7168,ファランGPヘルム・赤,Heaume Faran GP rouge
7169,ファランHSマスク・赤,Masque Faran HS rouge
7170,ファランGSマスク・赤,Masque Faran GS rouge
7171,ファランGPマスク・赤,Masque Faran GP rouge
7172,ファランHSヘルム・青,Heaume Faran HS bleu
7173,ファランGSヘルム・青,Heaume Faran GS bleu
7174,ファランGPヘルム・青,Heaume Faran GP bleu
7175,ファランHSマスク・青,Masque Faran HS bleu
7176,ファランGSマスク・青,Masque Faran GS bleu
7177,ファランGPマスク・青,Masque Faran GP bleu
7178,グロリアGSヘルム・金,Heaume Gloria GS doré
7179,グロリアGPヘルム・金,Heaume Gloria GP doré
7180,グロリアGSマスク・金,Masque Gloria GS doré
7181,グロリアGPマスク・金,Masque Gloria GP doré
7182,グロリアGSヘルム・青,Heaume Gloria GS bleu
7183,グロリアGPヘルム・青,Heaume Gloria GP bleu
7184,グロリアGSマスク・青,Masque Gloria GS bleu
7185,グロリアGPマスク・青,Masque Gloria GP bleu
7186,グロリアGSヘルム・水,
7187,グロリアGPヘルム・水,
7188,グロリアGSマスク・水,
7189,グロリアGPマスク・水,
7190,グロリアGSヘルム・赤,Heaume Gloria GS rouge
7191,グロリアGPヘルム・赤,Heaume Gloria GP rouge
7192,グロリアGSマスク・赤,Masque Gloria GS rouge
7193,グロリアGPマスク・赤,Masque Gloria GP rouge
7194,蘭蛮の帽・FZ黄,
7195,蘭蛮の帽・HS黄,
7196,蘭蛮の帽・GS黄,
7197,蘭蛮の帽・GP黄,
7198,蘭蛮の面・FZ黄,
7199,蘭蛮の面・HS黄,
7200,蘭蛮の面・GS黄,
7201,蘭蛮の面・GP黄,
7202,蘭蛮の帽・FZ赤,
7203,蘭蛮の帽・HS赤,
7204,蘭蛮の帽・GS赤,
7205,蘭蛮の帽・GP赤,
7206,蘭蛮の面・FZ赤,
7207,蘭蛮の面・HS赤,
7208,蘭蛮の面・GS赤,
7209,蘭蛮の面・GP赤,
7210,蘭蛮の帽・FZ紫,
7211,蘭蛮の帽・HS紫,
7212,蘭蛮の帽・GS紫,
7213,蘭蛮の帽・GP紫,
7214,蘭蛮の面・FZ紫,
7215,蘭蛮の面・HS紫,
7216,蘭蛮の面・GS紫,
7217,蘭蛮の面・GP紫,
7218,蘭蛮の帽・FZ金,
7219,蘭蛮の帽・HS金,
7220,蘭蛮の帽・GS金,
7221,蘭蛮の帽・GP金,
7222,蘭蛮の面・FZ金,
7223,蘭蛮の面・HS金,
7224,蘭蛮の面・GS金,
7225,蘭蛮の面・GP金,
7226,フェルムFZヘッド・黒,Coiffe Ferm FZ noire
7227,フェルムHSヘッド・黒,Coiffe Ferm HS noire
7228,フェルムGSヘッド・黒,Coiffe Ferm GS noire
7229,フェルムGPヘッド・黒,Coiffe Ferm GP noire
7230,フェルムFZマスク・黒,Masque Ferm FZ noir
7231,フェルムHSマスク・黒,Masque Ferm HS noir
7232,フェルムGSマスク・黒,Masque Ferm GS noir
7233,フェルムGPマスク・黒,Masque Ferm GP noir
7234,フェルムFZヘッド・赤,Coiffe Ferm FZ rouge
7235,フェルムHSヘッド・赤,Coiffe Ferm HS rouge
7236,フェルムGSヘッド・赤,Coiffe Ferm GS rouge
7237,フェルムGPヘッド・赤,Coiffe Ferm GP rouge
7238,フェルムFZマスク・赤,Masque Ferm FZ rouge
7239,フェルムHSマスク・赤,Masque Ferm HS rouge
7240,フェルムGSマスク・赤,Masque Ferm GS rouge
7241,フェルムGPマスク・赤,Masque Ferm GP rouge
7242,フェルムFZヘッド・白,Coiffe Ferm FZ blanche
7243,フェルムHSヘッド・白,Coiffe Ferm HS blanche
7244,フェルムGSヘッド・白,Coiffe Ferm GS blanche
7245,フェルムGPヘッド・白,Coiffe Ferm GP blanche
7246,フェルムFZマスク・白,Masque Ferm FZ blanc
7247,フェルムHSマスク・白,Masque Ferm HS blanc
7248,フェルムGSマスク・白,Masque Ferm GS blanc
7249,フェルムGPマスク・白,Masque Ferm GP blanc
7250,フェルムFZヘッド・青,Coiffe Ferm FZ bleue
7251,フェルムHSヘッド・青,Coiffe Ferm HS bleue
7252,フェルムGSヘッド・青,Coiffe Ferm GS bleue
7253,フェルムGPヘッド・青,Coiffe Ferm GP bleue
7254,フェルムFZマスク・青,Masque Ferm FZ bleu
7255,フェルムHSマスク・青,Masque Ferm HS bleu
7256,フェルムGSマスク・青,Masque Ferm GS bleu
7257,フェルムGPマスク・青,Masque Ferm GP bleu
7258,トラスFZモンテラ青,
7259,トラスHSモンテラ青,
7260,トラスGSモンテラ青,
7261,トラスGPモンテラ青,
7262,トラスFZビコーヌ青,
7263,トラスHSビコーヌ青,
7264,トラスGSビコーヌ青,
7265,トラスGPビコーヌ青,
7266,トラスFZモンテラ赤,
7267,トラスHSモンテラ赤,
7268,トラスGSモンテラ赤,
7269,トラスGPモンテラ赤,
7270,トラスFZビコーヌ赤,
7271,トラスHSビコーヌ赤,
7272,トラスGSビコーヌ赤,
7273,トラスGPビコーヌ赤,
7274,トラスFZモンテラ白,
7275,トラスHSモンテラ白,
7276,トラスGSモンテラ白,
7277,トラスGPモンテラ白,
7278,トラスFZビコーヌ白,
7279,トラスHSビコーヌ白,
7280,トラスGSビコーヌ白,
7281,トラスGPビコーヌ白,
7282,トラスFZモンテラ紫,
7283,トラスHSモンテラ紫,
7284,トラスGSモンテラ紫,
7285,トラスGPモンテラ紫,
7286,トラスFZビコーヌ紫,
7287,トラスHSビコーヌ紫,
7288,トラスGSビコーヌ紫,
7289,トラスGPビコーヌ紫,
7290,レイルHSヘルム,
7291,レイルGSヘルム,
7292,レイルGPヘルム,
7293,レイルHSキャップ,
7294,レイルGSキャップ,
7295,レイルGPキャップ,
7296,リーデレHSヘルム,Heaume Ridere HS
7297,リーデレGSヘルム,Heaume Ridere GS
7298,リーデレGPヘルム,Heaume Ridere GP
7299,リーデレHSキャップ,Casquette Ridere HS
7300,リーデレGSキャップ,Casquette Ridere GS
7301,リーデレGPキャップ,Casquette Ridere GP
7302,リエットHSヘルム,Heaume Émeute HS
7303,リエットGSヘルム,Heaume Émeute GS
7304,リエットGPヘルム,Heaume Émeute GP
7305,リエットHSキャップ,Casquette Émeute HS
7306,リエットGSキャップ,Casquette Émeute GS
7307,リエットGPキャップ,Casquette Émeute GP
7308,ルターレHSヘルム,Heaume Rutare HS
7309,ルターレGSヘルム,Heaume Rutare GS
7310,ルターレGPヘルム,Heaume Rutare GP
7311,ルターレHSキャップ,Casquette Rutare HS
7312,ルターレGSキャップ,Casquette Rutare GS
7313,ルターレGPキャップ,Casquette Rutare GP
7314,流転の鉢金・HS,
7315,流転の鉢金・GS,
7316,流転の鉢金・GP,
7317,旋転の鉢金・HS,
7318,旋転の鉢金・GS,
7319,旋転の鉢金・GP,
7320,嵐転の鉢金・HS,
7321,嵐転の鉢金・GS,
7322,嵐転の鉢金・GP,
7323,地転の鉢金・HS,
7324,地転の鉢金・GS,
7325,地転の鉢金・GP,
7326,ラトリアHSヘッド,Coiffe Latria HS
7327,ラトリアGSヘッド,Coiffe Latria GS
7328,ラトリアGPヘッド,Coiffe Latria GP
7329,ラトリアHSハール,Chevelure Latria HS
7330,ラトリアGSハール,Chevelure Latria GS
7331,ラトリアGPハール,Chevelure Latria GP
7332,コンタオHSヘッド,Coiffe Kontao HS
7333,コンタオGSヘッド,Coiffe Kontao GS
7334,コンタオGPヘッド,Coiffe Kontao GP
7335,コンタオHSハール,Chevelure Kontao HS
7336,コンタオGSハール,Chevelure Kontao GS
7337,コンタオGPハール,Chevelure Kontao GP
7338,デリヴヘルム,
7339,デリヴＦヘルム,
7340,デリヴFYヘルム,
7341,デリヴHSヘルム,
7342,デリヴＧヘルム,
7343,デリヴGFヘルム,
7344,デリヴGXヘルム,
7345,デリヴキャップ,
7346,デリヴＦキャップ,
7347,デリヴFYキャップ,
7348,デリヴHSキャップ,
7349,デリヴＧキャップ,
7350,デリヴGFキャップ,
7351,デリヴGXキャップ,
7352,アサークヘルム,Heaume Asaku
7353,アサークＦヘルム,Heaume Asaku F
7354,アサークFYヘルム,Heaume Asaku FY
7355,アサークHSヘルム,Heaume Asaku HS
7356,アサークＧヘルム,Heaume Asaku G
7357,アサークGFヘルム,Heaume Asaku GF
7358,アサークGXヘルム,Heaume Asaku GX
7359,アサークキャップ,Casquette Asaku
7360,アサークＦキャップ,Casquette Asaku F
7361,アサークFYキャップ,Casquette Asaku FY
7362,アサークHSキャップ,Casquette Asaku HS
7363,アサークＧキャップ,Casquette Asaku G
7364,アサークGFキャップ,Casquette Asaku GF
7365,アサークGXキャップ,Casquette Asaku GX
7366,ニスルヘルム,Heaume Nisuru
7367,ニスルＦヘルム,Heaume Nisuru F
7368,ニスルFYヘルム,Heaume Nisuru FY
7369,ニスルHSヘルム,Heaume Nisuru HS
7370,ニスルＧヘルム,Heaume Nisuru G
7371,ニスルGFヘルム,Heaume Nisuru GF
7372,ニスルGXヘルム,Heaume Nisuru GX
7373,ニスルキャップ,Casquette Nisuru
7374,ニスルＦキャップ,Casquette Nisuru F
7375,ニスルFYキャップ,Casquette Nisuru FY
7376,ニスルHSキャップ,Casquette Nisuru HS
7377,ニスルＧキャップ,Casquette Nisuru G
7378,ニスルGFキャップ,Casquette Nisuru GF
7379,ニスルGXキャップ,Casquette Nisuru GX
7380,コルーデヘルム,Heaume Coord
7381,コルーデＦヘルム,Heaume Coord F
7382,コルーデFYヘルム,Heaume Coord FY
7383,コルーデHSヘルム,Heaume Coord HS
7384,コルーデＧヘルム,Heaume Coord G
7385,コルーデGFヘルム,Heaume Coord GF
7386,コルーデGXヘルム,Heaume Coord GX
7387,コルーデキャップ,Casquette Coord
7388,コルーデＦキャップ,Casquette Coord F
7389,コルーデFYキャップ,Casquette Coord FY
7390,コルーデHSキャップ,Casquette Coord HS
7391,コルーデＧキャップ,Casquette Coord G
7392,コルーデGFキャップ,Casquette Coord GF
7393,コルーデGXキャップ,Casquette Coord GX
7394,レセーガヘルム,Heaume Resega
7395,レセーガＦヘルム,Heaume Resega F
7396,レセーガFYヘルム,Heaume Resega FY
7397,レセーガHSヘルム,Heaume Resega HS
7398,レセーガＧヘルム,Heaume Resega G
7399,レセーガGFヘルム,Heaume Resega GF
7400,レセーガGXヘルム,Heaume Resega GX
7401,レセーガキャップ,Casquette Resega
7402,レセーガＦキャップ,Casquette Resega F
7403,レセーガFYキャップ,Casquette Resega FY
7404,レセーガHSキャップ,Casquette Resega HS
7405,レセーガＧキャップ,Casquette Resega G
7406,レセーガGFキャップ,Casquette Resega GF
7407,レセーガGXキャップ,Casquette Resega GX
7408,スフォルヘルム,Heaume Suforu
7409,スフォルＦヘルム,Heaume Suforu F
7410,スフォルFYヘルム,Heaume Suforu FY
7411,スフォルHSヘルム,Heaume Suforu HS
7412,スフォルＧヘルム,Heaume Suforu G
7413,スフォルGFヘルム,Heaume Suforu GF
7414,スフォルGXヘルム,Heaume Suforu GX
7415,スフォルキャップ,Casquette Suforu
7416,スフォルＦキャップ,Casquette Suforu F
7417,スフォルFYキャップ,Casquette Suforu FY
7418,スフォルHSキャップ,Casquette Suforu HS
7419,スフォルＧキャップ,Casquette Suforu G
7420,スフォルGFキャップ,Casquette Suforu GF
7421,スフォルGXキャップ,Casquette Suforu GX
7422,ペルセヘルム,Heaume Perce
7423,ペルセＦヘルム,Heaume Perce F
7424,ペルセFYヘルム,Heaume Perce FY
7425,ペルセHSヘルム,Heaume Perce HS
7426,ペルセＧヘルム,Heaume Perce G
7427,ペルセGFヘルム,Heaume Perce GF
7428,ペルセGXヘルム,Heaume Perce GX
7429,ペルセキャップ,Casquette Perce
7430,ペルセＦキャップ,Casquette Perce F
7431,ペルセFYキャップ,Casquette Perce FY
7432,ペルセHSキャップ,Casquette Perce HS
7433,ペルセＧキャップ,Casquette Perce G
7434,ペルセGFキャップ,Casquette Perce GF
7435,ペルセGXキャップ,Casquette Perce GX
7436,調査兵団ヘッド,
7437,調査兵団Ｆヘッド,
7438,調査兵団FZヘッド,
7439,調査兵団HSヘッド,
7440,調査兵団GSヘッド,
7441,調査兵団GPヘッド,
7442,調査兵団ピアス,
7443,調査兵団Ｆピアス,
7444,調査兵団FZピアス,
7445,調査兵団HSピアス,
7446,調査兵団GSピアス,
7447,調査兵団GPピアス,
7448,訓練兵団ヘッド,Coiffe Training
7449,訓練兵団Ｆヘッド,Coiffe Training F
7450,訓練兵団FZヘッド,Coiffe Training FZ
7451,訓練兵団HSヘッド,Coiffe Training HS
7452,訓練兵団GSヘッド,Coiffe Training GS
7453,訓練兵団GPヘッド,Coiffe Training GP
7454,訓練兵団ピアス,Piercing Training
7455,訓練兵団Ｆピアス,Piercing Training F
7456,訓練兵団FZピアス,Piercing Training FZ
7457,訓練兵団HSピアス,Piercing Training HS
7458,訓練兵団GSピアス,Piercing Training GS
7459,訓練兵団GPピアス,Piercing Training GP
7460,ダミー,
7461,ダミー,
7462,ダミー,
7463,ダミー,
7464,ダミー,
7465,ダミー,
7466,ダミー,
7467,ダミー,
7468,ダミー,
7469,ダミー,
7470,ダミー,
7471,ダミー,
7472,ダミー,
7473,ダミー,
7474,ダミー,
7475,ダミー,
7476,ダミー,
7477,ダミー,
7478,ダミー,
7479,ダミー,
7480,ダミー,
7481,ダミー,
7482,キャロルバンド・金,Bandeau Carol doré
7483,レイラバンド,Bandeau Leila
7484,IS学園ヘッド・白,
7485,IS学園Ｆヘッド・白,
7486,IS学園FZヘッド・白,
7487,IS学園HSヘッド・白,
7488,IS学園GSヘッド・白,
7489,IS学園GPヘッド・白,
7490,IS学園ピアス・白,
7491,IS学園Ｆピアス・白,
7492,IS学園FZピアス・白,
7493,IS学園HSピアス・白,
7494,IS学園GSピアス・白,
7495,IS学園GPピアス・白,
7496,IS学園ヘッド・青,
7497,IS学園Ｆヘッド・青,
7498,IS学園FZヘッド・青,
7499,IS学園HSヘッド・青,
7500,IS学園GSヘッド・青,
7501,IS学園GPヘッド・青,
7502,IS学園ピアス・青,
7503,IS学園Ｆピアス・青,
7504,IS学園FZピアス・青,
7505,IS学園HSピアス・青,
7506,IS学園GSピアス・青,
7507,IS学園GPピアス・青,
7508,IS学園ヘッド・黒,
7509,IS学園Ｆヘッド・黒,
7510,IS学園FZヘッド・黒,
7511,IS学園HSヘッド・黒,
7512,IS学園GSヘッド・黒,
7513,IS学園GPヘッド・黒,
7514,IS学園ピアス・黒,
7515,IS学園Ｆピアス・黒,
7516,IS学園FZピアス・黒,
7517,IS学園HSピアス・黒,
7518,IS学園GSピアス・黒,
7519,IS学園GPピアス・黒,
7520,IS学園ヘッド・緑,
7521,IS学園Ｆヘッド・緑,
7522,IS学園FZヘッド・緑,
7523,IS学園HSヘッド・緑,
7524,IS学園GSヘッド・緑,
7525,IS学園GPヘッド・緑,
7526,IS学園ピアス・緑,
7527,IS学園Ｆピアス・緑,
7528,IS学園FZピアス・緑,
7529,IS学園HSピアス・緑,
7530,IS学園GSピアス・緑,
7531,IS学園GPピアス・緑,
7532,コムラダＧヘッド・赤,Coiffe Comrada G rouge
7533,コムラダGFヘッド・赤,Coiffe Comrada GF rouge
7534,コムラダGXヘッド・赤,Coiffe Comrada GX rouge
7535,コムラダＧハット・赤,Chapeau Comrada G rouge
7536,コムラダGFハット・赤,Chapeau Comrada GF rouge
7537,コムラダGXハット・赤,Chapeau Comrada GX rouge
7538,コムラダＧヘッド・青,Coiffe Comrada G bleue
7539,コムラダGFヘッド・青,Coiffe Comrada GF bleue
7540,コムラダGXヘッド・青,Coiffe Comrada GX bleue
7541,コムラダＧハット・青,Chapeau Comrada G bleu
7542,コムラダGFハット・青,Chapeau Comrada GF bleu
7543,コムラダGXハット・青,Chapeau Comrada GX bleu
7544,コムラダＧヘッド・緑,Coiffe Comrada G verte
7545,コムラダGFヘッド・緑,Coiffe Comrada GF verte
7546,コムラダGXヘッド・緑,Coiffe Comrada GX verte
7547,コムラダＧハット・緑,Chapeau Comrada G vert
7548,コムラダGFハット・緑,Chapeau Comrada GF vert
7549,コムラダGXハット・緑,Chapeau Comrada GX vert
7550,コムラダＧヘッド・橙,Coiffe Comrada G orange
7551,コムラダGFヘッド・橙,Coiffe Comrada GF orange
7552,コムラダGXヘッド・橙,Coiffe Comrada GX orange
7553,コムラダＧハット・橙,Chapeau Comrada G orange
7554,コムラダGFハット・橙,Chapeau Comrada GF orange
7555,コムラダGXハット・橙,Chapeau Comrada GX orange
7556,メランＧヘッド,Coiffe Melan G
7557,メランGFヘッド,Coiffe Melan GF
7558,メランGXヘッド,Coiffe Melan GX
7559,メランＧウィッグ,
7560,メランGFウィッグ,
7561,メランGXウィッグ,
7562,ルージュFYピアス,
7563,ルージュHCピアス,
7564,ルージュＧピアス,
7565,ルージュGFピアス,
7566,ルージュGXピアス,
7567,レギュクスGPヘッド,Coiffe Regyukusu GP
7568,レギュクスGPマスク,Masque Regyukusu GP
7569,ベイルGPイヤリング,
7570,ヴェルフGPヘルム,Heaume Welf GP
7571,ヴェルフGPキャップ,Casquette Welf GP
7572,テリオグGPヘルム,
7573,テリオグGPキャップ,
7574,フォロバレッタ,
7575,フォロバレッタＦ,
7576,バルラコサージュ,
7577,バルラコサージュＦ,
7578,ゴウコサージュ,
7579,ゴウコサージュＦ,
7580,猟団員の証Ｇ【剛閃】,
7581,猟団員の証GF【剛閃】,
7582,猟団員の証GX【剛閃】,
7583,猟団員の証Ｇ【磨穿】,
7584,猟団員の証GF【磨穿】,
7585,猟団員の証GX【磨穿】,
7586,フェロウビコーヌFZ,
7587,フェロウビコーヌHS,
7588,フェロウビコーヌGS,
7589,フェロウビコーヌGP,
7590,アハバーGPピアス,
7591,ダンシンピアスFZ,
7592,ダンシンピアスHS,
7593,ダンシンピアスGS,
7594,ダンシンピアスGP,
7595,ヒプノＧヘルム,Heaume Hypnoc G
7596,ヒプノGFヘルム,Heaume Hypnoc GF
7597,ヒプノGXヘルム,Heaume Hypnoc GX
7598,ヒプノＧキャップ,Casquette Hypnoc G
7599,ヒプノGFキャップ,Casquette Hypnoc GF
7600,ヒプノGXキャップ,Casquette Hypnoc GX
7601,フルンＧヘルム,Heaume Khezu G
7602,フルンGFヘルム,Heaume Khezu GF
7603,フルンGXヘルム,Heaume Khezu GX
7604,フルンＧキャップ,Casquette Khezu G
7605,フルンGFキャップ,Casquette Khezu GF
7606,フルンGXキャップ,Casquette Khezu GX
7607,モノブロスＧヘルム,Heaume Monoblos G
7608,モノブロスGFヘルム,Heaume Monoblos GF
7609,モノブロスGXヘルム,Heaume Monoblos GX
7610,モノブロスＧキャップ,Casquette Monoblos G
7611,モノブロスGFキャップ,Casquette Monoblos GF
7612,モノブロスGXキャップ,Casquette Monoblos GX
7613,ヴァイスＧゲヒル,
7614,ヴァイスGFゲヒル,
7615,ヴァイスGXゲヒル,
7616,ヴァイスＧアゼレ,
7617,ヴァイスGFアゼレ,
7618,ヴァイスGXアゼレ,
7619,ヴェノムＧヘルム,Heaume Venin G
7620,ヴェノムGFヘルム,Heaume Venin GF
7621,ヴェノムGXヘルム,Heaume Venin GX
7622,ヴェノムＧキャップ,Casquette Venin G
7623,ヴェノムGFキャップ,Casquette Venin GF
7624,ヴェノムGXキャップ,Casquette Venin GX
7625,雅孔【趣】,
7626,雅孔Ｆ【趣】,
7627,雅孔FX【趣】,
7628,雅孔Ｇ【趣】,
7629,雅孔GF【趣】,
7630,雅穿【趣】,
7631,雅穿Ｆ【趣】,
7632,雅穿FX【趣】,
7633,雅穿Ｇ【趣】,
7634,雅穿GF【趣】,
7635,雅深Ｇ【趣】,
7636,雅深GF【趣】,
7637,雅深GX【趣】,
7638,雅淵Ｇ【趣】,
7639,雅淵GF【趣】,
7640,雅淵GX【趣】,
7641,ガルバアンク,
7642,ガルバＦアンク,
7643,ガルバFXアンク,
7644,ガルバＧアンク,
7645,ガルバGFアンク,
7646,ガルバスーラ,
7647,ガルバＦスーラ,
7648,ガルバFXスーラ,
7649,ガルバＧスーラ,
7650,ガルバGFスーラ,
7651,ウィンドGFアンク,
7652,ウィンドGFスーラ,
7653,武者GF【兜】,
7654,日光GF【兜】,
7655,白蘭・剣聖ヘルム,
7656,白蘭・剣聖Ｆヘルム,
7657,白蘭・剣聖FXヘルム,
7658,紅霞・剣聖ヘルム,
7659,紅霞・剣聖Ｆヘルム,
7660,紅霞・剣聖FXヘルム,
7661,白蘭・剣聖Ｇヘルム,
7662,白蘭・剣聖GFヘルム,
7663,白蘭・剣聖GXヘルム,
7664,月夜・剣聖Ｇヘルム,
7665,月夜・剣聖GFヘルム,
7666,月夜・剣聖GXヘルム,
7667,紅霞・剣聖Ｇヘルム,
7668,紅霞・剣聖GFヘルム,
7669,紅霞・剣聖GXヘルム,
7670,蒼穹・剣聖Ｇヘルム,
7671,蒼穹・剣聖GFヘルム,
7672,蒼穹・剣聖GXヘルム,
7673,白蘭・双龍ヘルム,
7674,白蘭・双龍Ｆヘルム,
7675,白蘭・双龍FXヘルム,
7676,紅霞・双龍ヘルム,
7677,紅霞・双龍Ｆヘルム,
7678,紅霞・双龍FXヘルム,
7679,白蘭・双龍Ｇヘルム,
7680,白蘭・双龍GFヘルム,
7681,白蘭・双龍GXヘルム,
7682,月夜・双龍Ｇヘルム,
7683,月夜・双龍GFヘルム,
7684,月夜・双龍GXヘルム,
7685,紅霞・双龍Ｇヘルム,
7686,紅霞・双龍GFヘルム,
7687,紅霞・双龍GXヘルム,
7688,蒼穹・双龍Ｇヘルム,
7689,蒼穹・双龍GFヘルム,
7690,蒼穹・双龍GXヘルム,
7691,白蘭・剣王ヘルム,
7692,白蘭・剣王Ｆヘルム,
7693,白蘭・剣王FXヘルム,
7694,紅霞・剣王ヘルム,
7695,紅霞・剣王Ｆヘルム,
7696,紅霞・剣王FXヘルム,
7697,白蘭・剣王Ｇヘルム,
7698,白蘭・剣王GFヘルム,
7699,白蘭・剣王GXヘルム,
7700,月夜・剣王Ｇヘルム,
7701,月夜・剣王GFヘルム,
7702,月夜・剣王GXヘルム,
7703,紅霞・剣王Ｇヘルム,
7704,紅霞・剣王GFヘルム,
7705,紅霞・剣王GXヘルム,
7706,蒼穹・剣王Ｇヘルム,
7707,蒼穹・剣王GFヘルム,
7708,蒼穹・剣王GXヘルム,
7709,白蘭・刀神ヘルム,
7710,白蘭・刀神Ｆヘルム,
7711,白蘭・刀神FXヘルム,
7712,紅霞・刀神ヘルム,
7713,紅霞・刀神Ｆヘルム,
7714,紅霞・刀神FXヘルム,
7715,白蘭・刀神Ｇヘルム,
7716,白蘭・刀神GFヘルム,
7717,白蘭・刀神GXヘルム,
7718,月夜・刀神Ｇヘルム,
7719,月夜・刀神GFヘルム,
7720,月夜・刀神GXヘルム,
7721,紅霞・刀神Ｇヘルム,
7722,紅霞・刀神GFヘルム,
7723,紅霞・刀神GXヘルム,
7724,蒼穹・刀神Ｇヘルム,
7725,蒼穹・刀神GFヘルム,
7726,蒼穹・刀神GXヘルム,
7727,白蘭・鈍器獣ヘルム,
7728,白蘭・鈍器獣Ｆヘルム,
7729,白蘭・鈍器獣FXヘルム,
7730,紅霞・鈍器獣ヘルム,
7731,紅霞・鈍器獣Ｆヘルム,
7732,紅霞・鈍器獣FXヘルム,
7733,白蘭・鈍器獣Ｇヘルム,
7734,白蘭・鈍器獣GFヘルム,
7735,白蘭・鈍器獣GXヘルム,
7736,月夜・鈍器獣Ｇヘルム,
7737,月夜・鈍器獣GFヘルム,
7738,月夜・鈍器獣GXヘルム,
7739,紅霞・鈍器獣Ｇヘルム,
7740,紅霞・鈍器獣GFヘルム,
7741,紅霞・鈍器獣GXヘルム,
7742,蒼穹・鈍器獣Ｇヘルム,
7743,蒼穹・鈍器獣GFヘルム,
7744,蒼穹・鈍器獣GXヘルム,
7745,白蘭・奏帝ヘルム,
7746,白蘭・奏帝Ｆヘルム,
7747,白蘭・奏帝FXヘルム,
7748,紅霞・奏帝ヘルム,
7749,紅霞・奏帝Ｆヘルム,
7750,紅霞・奏帝FXヘルム,
7751,白蘭・奏帝Ｇヘルム,
7752,白蘭・奏帝GFヘルム,
7753,白蘭・奏帝GXヘルム,
7754,月夜・奏帝Ｇヘルム,
7755,月夜・奏帝GFヘルム,
7756,月夜・奏帝GXヘルム,
7757,紅霞・奏帝Ｇヘルム,
7758,紅霞・奏帝GFヘルム,
7759,紅霞・奏帝GXヘルム,
7760,蒼穹・奏帝Ｇヘルム,
7761,蒼穹・奏帝GFヘルム,
7762,蒼穹・奏帝GXヘルム,
7763,白蘭・天槍ヘルム,
7764,白蘭・天槍Ｆヘルム,
7765,白蘭・天槍FXヘルム,
7766,紅霞・天槍ヘルム,
7767,紅霞・天槍Ｆヘルム,
7768,紅霞・天槍FXヘルム,
7769,白蘭・天槍Ｇヘルム,
7770,白蘭・天槍GFヘルム,
7771,白蘭・天槍GXヘルム,
7772,月夜・天槍Ｇヘルム,
7773,月夜・天槍GFヘルム,
7774,月夜・天槍GXヘルム,
7775,紅霞・天槍Ｇヘルム,
7776,紅霞・天槍GFヘルム,
7777,紅霞・天槍GXヘルム,
7778,蒼穹・天槍Ｇヘルム,
7779,蒼穹・天槍GFヘルム,
7780,蒼穹・天槍GXヘルム,
7781,白蘭・砲皇ヘルム,
7782,白蘭・砲皇Ｆヘルム,
7783,白蘭・砲皇FXヘルム,
7784,紅霞・砲皇ヘルム,
7785,紅霞・砲皇Ｆヘルム,
7786,紅霞・砲皇FXヘルム,
7787,白蘭・砲皇Ｇヘルム,
7788,白蘭・砲皇GFヘルム,
7789,白蘭・砲皇GXヘルム,
7790,月夜・砲皇Ｇヘルム,
7791,月夜・砲皇GFヘルム,
7792,月夜・砲皇GXヘルム,
7793,紅霞・砲皇Ｇヘルム,
7794,紅霞・砲皇GFヘルム,
7795,紅霞・砲皇GXヘルム,
7796,蒼穹・砲皇Ｇヘルム,
7797,蒼穹・砲皇GFヘルム,
7798,蒼穹・砲皇GXヘルム,
7799,白蘭・穿凰ヘルム,
7800,白蘭・穿凰Ｆヘルム,
7801,白蘭・穿凰FXヘルム,
7802,紅霞・穿凰ヘルム,
7803,紅霞・穿凰Ｆヘルム,
7804,紅霞・穿凰FXヘルム,
7805,白蘭・穿凰Ｇヘルム,
7806,白蘭・穿凰GFヘルム,
7807,白蘭・穿凰GXヘルム,
7808,月夜・穿凰Ｇヘルム,
7809,月夜・穿凰GFヘルム,
7810,月夜・穿凰GXヘルム,
7811,紅霞・穿凰Ｇヘルム,
7812,紅霞・穿凰GFヘルム,
7813,紅霞・穿凰GXヘルム,
7814,蒼穹・穿凰Ｇヘルム,
7815,蒼穹・穿凰GFヘルム,
7816,蒼穹・穿凰GXヘルム,
7817,白蘭・銃仙マスク,
7818,白蘭・銃仙Ｆマスク,
7819,白蘭・銃仙FXマスク,
7820,紅霞・銃仙マスク,
7821,紅霞・銃仙Ｆマスク,
7822,紅霞・銃仙FXマスク,
7823,白蘭・銃仙Ｇマスク,
7824,白蘭・銃仙GFマスク,
7825,白蘭・銃仙GXマスク,
7826,月夜・銃仙Ｇマスク,
7827,月夜・銃仙GFマスク,
7828,月夜・銃仙GXマスク,
7829,紅霞・銃仙Ｇマスク,
7830,紅霞・銃仙GFマスク,
7831,紅霞・銃仙GXマスク,
7832,蒼穹・銃仙Ｇマスク,
7833,蒼穹・銃仙GFマスク,
7834,蒼穹・銃仙GXマスク,
7835,白蘭・銃傑マスク,
7836,白蘭・銃傑Ｆマスク,
7837,白蘭・銃傑FXマスク,
7838,紅霞・銃傑マスク,
7839,紅霞・銃傑Ｆマスク,
7840,紅霞・銃傑FXマスク,
7841,白蘭・銃傑Ｇマスク,
7842,白蘭・銃傑GFマスク,
7843,白蘭・銃傑GXマスク,
7844,月夜・銃傑Ｇマスク,
7845,月夜・銃傑GFマスク,
7846,月夜・銃傑GXマスク,
7847,紅霞・銃傑Ｇマスク,
7848,紅霞・銃傑GFマスク,
7849,紅霞・銃傑GXマスク,
7850,蒼穹・銃傑Ｇマスク,
7851,蒼穹・銃傑GFマスク,
7852,蒼穹・銃傑GXマスク,
7853,白蘭・弓鬼マスク,
7854,白蘭・弓鬼Ｆマスク,
7855,白蘭・弓鬼FXマスク,
7856,紅霞・弓鬼マスク,
7857,紅霞・弓鬼Ｆマスク,
7858,紅霞・弓鬼FXマスク,
7859,白蘭・弓鬼Ｇマスク,
7860,白蘭・弓鬼GFマスク,
7861,白蘭・弓鬼GXマスク,
7862,月夜・弓鬼Ｇマスク,
7863,月夜・弓鬼GFマスク,
7864,月夜・弓鬼GXマスク,
7865,紅霞・弓鬼Ｇマスク,
7866,紅霞・弓鬼GFマスク,
7867,紅霞・弓鬼GXマスク,
7868,蒼穹・弓鬼Ｇマスク,
7869,蒼穹・弓鬼GFマスク,
7870,蒼穹・弓鬼GXマスク,
7871,飛天ノ鉢金・白,
7872,飛天ノ鉢金Ｆ・白,
7873,飛天ノ鉢金FZ・白,
7874,飛天ノ鉢金HS・白,
7875,飛天ノ鉢金GS・白,
7876,飛天ノ鉢金GP・白,
7877,飛天ノ面・白,
7878,飛天ノ面Ｆ・白,
7879,飛天ノ面FZ・白,
7880,飛天ノ面HS・白,
7881,飛天ノ面GS・白,
7882,飛天ノ面GP・白,
7883,飛天ノ鉢金・赤,
7884,飛天ノ鉢金Ｆ・赤,
7885,飛天ノ鉢金FZ・赤,
7886,飛天ノ鉢金HS・赤,
7887,飛天ノ鉢金GS・赤,
7888,飛天ノ鉢金GP・赤,
7889,飛天ノ面・赤,
7890,飛天ノ面Ｆ・赤,
7891,飛天ノ面FZ・赤,
7892,飛天ノ面HS・赤,
7893,飛天ノ面GS・赤,
7894,飛天ノ面GP・赤,
7895,飛天ノ鉢金・茶,
7896,飛天ノ鉢金Ｆ・茶,
7897,飛天ノ鉢金FZ・茶,
7898,飛天ノ鉢金HS・茶,
7899,飛天ノ鉢金GS・茶,
7900,飛天ノ鉢金GP・茶,
7901,飛天ノ面・茶,
7902,飛天ノ面Ｆ・茶,
7903,飛天ノ面FZ・茶,
7904,飛天ノ面HS・茶,
7905,飛天ノ面GS・茶,
7906,飛天ノ面GP・茶,
7907,飛天ノ鉢金・青,
7908,飛天ノ鉢金Ｆ・青,
7909,飛天ノ鉢金FZ・青,
7910,飛天ノ鉢金HS・青,
7911,飛天ノ鉢金GS・青,
7912,飛天ノ鉢金GP・青,
7913,飛天ノ面・青,
7914,飛天ノ面Ｆ・青,
7915,飛天ノ面FZ・青,
7916,飛天ノ面HS・青,
7917,飛天ノ面GS・青,
7918,飛天ノ面GP・青,
7919,ナーガヘッド・青,Coiffe Naga bleue
7920,ナーガＦヘッド・青,Coiffe Naga F bleue
7921,ナーガFZヘッド・青,Coiffe Naga FZ bleue
7922,ナーガHSヘッド・青,Coiffe Naga HS bleue
7923,ナーガGSヘッド・青,Coiffe Naga GS bleue
7924,ナーガGPヘッド・青,Coiffe Naga GP bleue
7925,ナーガマスク・青,Masque Naga bleu
7926,ナーガＦマスク・青,Masque Naga F bleu
7927,ナーガFZマスク・青,Masque Naga FZ bleu
7928,ナーガHSマスク・青,Masque Naga HS bleu
7929,ナーガGSマスク・青,Masque Naga GS bleu
7930,ナーガGPマスク・青,Masque Naga GP bleu
7931,ナーガヘッド・赤,Coiffe Naga rouge
7932,ナーガＦヘッド・赤,Coiffe Naga F rouge
7933,ナーガFZヘッド・赤,Coiffe Naga FZ rouge
7934,ナーガHSヘッド・赤,Coiffe Naga HS rouge
7935,ナーガGSヘッド・赤,Coiffe Naga GS rouge
7936,ナーガGPヘッド・赤,Coiffe Naga GP rouge
7937,ナーガマスク・赤,Masque Naga rouge
7938,ナーガＦマスク・赤,Masque Naga F rouge
7939,ナーガFZマスク・赤,Masque Naga FZ rouge
7940,ナーガHSマスク・赤,Masque Naga HS rouge
7941,ナーガGSマスク・赤,Masque Naga GS rouge
7942,ナーガGPマスク・赤,Masque Naga GP rouge
7943,ナーガヘッド・白,Coiffe Naga blanche
7944,ナーガＦヘッド・白,Coiffe Naga F blanche
7945,ナーガFZヘッド・白,Coiffe Naga FZ blanche
7946,ナーガHSヘッド・白,Coiffe Naga HS blanche
7947,ナーガGSヘッド・白,Coiffe Naga GS blanche
7948,ナーガGPヘッド・白,Coiffe Naga GP blanche
7949,ナーガマスク・白,Masque Naga blanc
7950,ナーガＦマスク・白,Masque Naga F blanc
7951,ナーガFZマスク・白,Masque Naga FZ blanc
7952,ナーガHSマスク・白,Masque Naga HS blanc
7953,ナーガGSマスク・白,Masque Naga GS blanc
7954,ナーガGPマスク・白,Masque Naga GP blanc
7955,ナーガヘッド・黒,Coiffe Naga noire
7956,ナーガＦヘッド・黒,Coiffe Naga F noire
7957,ナーガFZヘッド・黒,Coiffe Naga FZ noire
7958,ナーガHSヘッド・黒,Coiffe Naga HS noire
7959,ナーガGSヘッド・黒,Coiffe Naga GS noire
7960,ナーガGPヘッド・黒,Coiffe Naga GP noire
7961,ナーガマスク・黒,Masque Naga noir
7962,ナーガＦマスク・黒,Masque Naga F noir
7963,ナーガFZマスク・黒,Masque Naga FZ noir
7964,ナーガHSマスク・黒,Masque Naga HS noir
7965,ナーガGSマスク・黒,Masque Naga GS noir
7966,ナーガGPマスク・黒,Masque Naga GP noir
7967,曙光ノ兜,
7968,曙光ノ兜・Ｆ,
7969,曙光ノ兜・FZ,
7970,曙光ノ兜・HS,
7971,曙光ノ兜・GS,
7972,曙光ノ兜・GP,
7973,曙光ノ面,
7974,曙光ノ面・Ｆ,
7975,曙光ノ面・FZ,
7976,曙光ノ面・HS,
7977,曙光ノ面・GS,
7978,曙光ノ面・GP,
7979,ズィベイゲヒル,
7980,ズィベイＦゲヒル,
7981,ズィベイFZゲヒル,
7982,ズィベイHSゲヒル,
7983,ズィベイGSゲヒル,
7984,ズィベイGPゲヒル,
7985,ズィベイゼレ,
7986,ズィベイＦゼレ,
7987,ズィベイFZゼレ,
7988,ズィベイHSゼレ,
7989,ズィベイGSゼレ,
7990,ズィベイGPゼレ,
7991,オユンヘルム・青,Heaume Oyun bleu
7992,オユンＦヘルム・青,Heaume Oyun F bleu
7993,オユンFZヘルム・青,Heaume Oyun FZ bleu
7994,オユンHSヘルム・青,Heaume Oyun HS bleu
7995,オユンGSヘルム・青,Heaume Oyun GS bleu
7996,オユンGPヘルム・青,Heaume Oyun GP bleu
7997,オユンキャップ・青,Casquette Oyun bleue
7998,オユンＦキャップ・青,Casquette Oyun F bleue
7999,オユンFZキャップ・青,Casquette Oyun FZ bleue
8000,オユンHSキャップ・青,Casquette Oyun HS bleue
8001,オユンGSキャップ・青,Casquette Oyun GS bleue
8002,オユンGPキャップ・青,Casquette Oyun GP bleue
8003,オユンヘルム・赤,Heaume Oyun rouge
8004,オユンＦヘルム・赤,Heaume Oyun F rouge
8005,オユンFZヘルム・赤,Heaume Oyun FZ rouge
8006,オユンHSヘルム・赤,Heaume Oyun HS rouge
8007,オユンGSヘルム・赤,Heaume Oyun GS rouge
8008,オユンGPヘルム・赤,Heaume Oyun GP rouge
8009,オユンキャップ・赤,Casquette Oyun rouge
8010,オユンＦキャップ・赤,Casquette Oyun F rouge
8011,オユンFZキャップ・赤,Casquette Oyun FZ rouge
8012,オユンHSキャップ・赤,Casquette Oyun HS rouge
8013,オユンGSキャップ・赤,Casquette Oyun GS rouge
8014,オユンGPキャップ・赤,Casquette Oyun GP rouge
8015,オユンヘルム・黒,Heaume Oyun noir
8016,オユンＦヘルム・黒,Heaume Oyun F noir
8017,オユンFZヘルム・黒,Heaume Oyun FZ noir
8018,オユンHSヘルム・黒,Heaume Oyun HS noir
8019,オユンGSヘルム・黒,Heaume Oyun GS noir
8020,オユンGPヘルム・黒,Heaume Oyun GP noir
8021,オユンキャップ・黒,Casquette Oyun noire
8022,オユンＦキャップ・黒,Casquette Oyun F noire
8023,オユンFZキャップ・黒,Casquette Oyun FZ noire
8024,オユンHSキャップ・黒,Casquette Oyun HS noire
8025,オユンGSキャップ・黒,Casquette Oyun GS noire
8026,オユンGPキャップ・黒,Casquette Oyun GP noire
8027,オユンヘルム・白,Heaume Oyun blanc
8028,オユンＦヘルム・白,Heaume Oyun F blanc
8029,オユンFZヘルム・白,Heaume Oyun FZ blanc
8030,オユンHSヘルム・白,Heaume Oyun HS blanc
8031,オユンGSヘルム・白,Heaume Oyun GS blanc
8032,オユンGPヘルム・白,Heaume Oyun GP blanc
8033,オユンキャップ・白,Casquette Oyun blanche
8034,オユンＦキャップ・白,Casquette Oyun F blanche
8035,オユンFZキャップ・白,Casquette Oyun FZ blanche
8036,オユンHSキャップ・白,Casquette Oyun HS blanche
8037,オユンGSキャップ・白,Casquette Oyun GS blanche
8038,オユンGPキャップ・白,Casquette Oyun GP blanche
8039,アッシュヘッド・赤,Coiffe Cendre rouge
8040,アッシュＦヘッド・赤,Coiffe Cendre F rouge
8041,アッシュFZヘッド・赤,Coiffe Cendre FZ rouge
8042,アッシュHSヘッド・赤,Coiffe Cendre HS rouge
8043,アッシュGSヘッド・赤,Coiffe Cendre GS rouge
8044,アッシュGPヘッド・赤,Coiffe Cendre GP rouge
8045,アッシュハット・赤,Chapeau Cendre rouge
8046,アッシュＦハット・赤,Chapeau Cendre F rouge
8047,アッシュFZハット・赤,Chapeau Cendre FZ rouge
8048,アッシュHSハット・赤,Chapeau Cendre HS rouge
8049,アッシュGSハット・赤,Chapeau Cendre GS rouge
8050,アッシュGPハット・赤,Chapeau Cendre GP rouge
8051,アッシュヘッド・青,Coiffe Cendre bleue
8052,アッシュＦヘッド・青,Coiffe Cendre F bleue
8053,アッシュFZヘッド・青,Coiffe Cendre FZ bleue
8054,アッシュHSヘッド・青,Coiffe Cendre HS bleue
8055,アッシュGSヘッド・青,Coiffe Cendre GS bleue
8056,アッシュGPヘッド・青,Coiffe Cendre GP bleue
8057,アッシュハット・青,Chapeau Cendre bleu
8058,アッシュＦハット・青,Chapeau Cendre F bleu
8059,アッシュFZハット・青,Chapeau Cendre FZ bleu
8060,アッシュHSハット・青,Chapeau Cendre HS bleu
8061,アッシュGSハット・青,Chapeau Cendre GS bleu
8062,アッシュGPハット・青,Chapeau Cendre GP bleu
8063,アッシュヘッド・白,Coiffe Cendre blanche
8064,アッシュＦヘッド・白,Coiffe Cendre F blanche
8065,アッシュFZヘッド・白,Coiffe Cendre FZ blanche
8066,アッシュHSヘッド・白,Coiffe Cendre HS blanche
8067,アッシュGSヘッド・白,Coiffe Cendre GS blanche
8068,アッシュGPヘッド・白,Coiffe Cendre GP blanche
8069,アッシュハット・白,Chapeau Cendre blanc
8070,アッシュＦハット・白,Chapeau Cendre F blanc
8071,アッシュFZハット・白,Chapeau Cendre FZ blanc
8072,アッシュHSハット・白,Chapeau Cendre HS blanc
8073,アッシュGSハット・白,Chapeau Cendre GS blanc
8074,アッシュGPハット・白,Chapeau Cendre GP blanc
8075,アッシュヘッド・黒,Coiffe Cendre noire
8076,アッシュＦヘッド・黒,Coiffe Cendre F noire
8077,アッシュFZヘッド・黒,Coiffe Cendre FZ noire
8078,アッシュHSヘッド・黒,Coiffe Cendre HS noire
8079,アッシュGSヘッド・黒,Coiffe Cendre GS noire
8080,アッシュGPヘッド・黒,Coiffe Cendre GP noire
8081,アッシュハット・黒,Chapeau Cendre noir
8082,アッシュＦハット・黒,Chapeau Cendre F noir
8083,アッシュFZハット・黒,Chapeau Cendre FZ noir
8084,アッシュHSハット・黒,Chapeau Cendre HS noir
8085,アッシュGSハット・黒,Chapeau Cendre GS noir
8086,アッシュGPハット・黒,Chapeau Cendre GP noir
8087,ピスティスGPヘッド,Coiffe Pistis GP
8088,ピスティスGPハット,Chapeau Pistis GP
8089,ブリンクHSバンド,
8090,ブリンクGSバンド,
8091,ブリンクGPバンド,
8092,ブリンクHSヘッド,
8093,ブリンクGSヘッド,
8094,ブリンクGPヘッド,
8095,オービスGPヘッド,Coiffe Ukon GP
8096,オービスGPマスク,Masque Ukon GP
8097,ロットGPヘッド,
8098,ロットGPマスク,
8099,アージェHSヘッド,Coiffe Arge HS
8100,アージェGSヘッド,Coiffe Arge GS
8101,アージェGPヘッド,Coiffe Arge GP
8102,アージェHSハール,Chevelure Arge HS
8103,アージェGSハール,Chevelure Arge GS
8104,アージェGPハール,Chevelure Arge GP
8105,カマレラHSヘッド,Coiffe Camarera HS
8106,カマレラGSヘッド,Coiffe Camarera GS
8107,カマレラGPヘッド,Coiffe Camarera GP
8108,カマレラHSハール,Chevelure Camarera HS
8109,カマレラGSハール,Chevelure Camarera GS
8110,カマレラGPハール,Chevelure Camarera GP
8111,メテネラHSヘッド,Coiffe Metenera HS
8112,メテネラGSヘッド,Coiffe Metenera GS
8113,メテネラGPヘッド,Coiffe Metenera GP
8114,メテネラHSハール,Chevelure Metenera HS
8115,メテネラGSハール,Chevelure Metenera GS
8116,メテネラGPハール,Chevelure Metenera GP
8117,アビットHSヘッド,Coiffe Abitto HS
8118,アビットGSヘッド,Coiffe Abitto GS
8119,アビットGPヘッド,Coiffe Abitto GP
8120,アビットHSハール,Chevelure Abitto HS
8121,アビットGSハール,Chevelure Abitto GS
8122,アビットGPハール,Chevelure Abitto GP
8123,リブリーHSヘッド,Coiffe Riburi HS
8124,リブリーGSヘッド,Coiffe Riburi GS
8125,リブリーGPヘッド,Coiffe Riburi GP
8126,リブリーHSハール,Chevelure Riburi HS
8127,リブリーGSハール,Chevelure Riburi GS
8128,リブリーGPハール,Chevelure Riburi GP
8129,ジェスＧヘルム,Heaume Jess G
8130,ジェスGFヘルム,Heaume Jess GF
8131,ジェスGXヘルム,Heaume Jess GX
8132,ジェスＧキャップ,Casquette Jess G
8133,ジェスGFキャップ,Casquette Jess GF
8134,ジェスGXキャップ,Casquette Jess GX
8135,タングスＧヘッド,Coiffe Tangusu G
8136,タングスGFヘッド,Coiffe Tangusu GF
8137,タングスGXヘッド,Coiffe Tangusu GX
8138,コバルタＧキャップ,Casquette Kobaruta G
8139,コバルタGFキャップ,Casquette Kobaruta GF
8140,コバルタGXキャップ,Casquette Kobaruta GX
8141,ブレオＧヘッド,Coiffe Breo G
8142,ブレオＧピアス,Piercing Breo G
8143,ブレオGFヘッド,Coiffe Breo GF
8144,ブレオGFピアス,Piercing Breo GF
8145,ブレオGXヘッド,Coiffe Breo GX
8146,ブレオGXピアス,Piercing Breo GX
8147,ハロキュヘッド,Coiffe Harokyu
8148,ハロキュＦヘッド,Coiffe Harokyu F
8149,ハロキュFYヘッド,Coiffe Harokyu FY
8150,ハロキュHSヘッド,Coiffe Harokyu HS
8151,ハロキュＧヘッド,Coiffe Harokyu G
8152,ハロキュGFヘッド,Coiffe Harokyu GF
8153,ハロキュGXヘッド,Coiffe Harokyu GX
8154,ブルックヘッド,Coiffe Burukku
8155,ブルックＦヘッド,Coiffe Burukku F
8156,ブルックFYヘッド,Coiffe Burukku FY
8157,ブルックHSヘッド,Coiffe Burukku HS
8158,ブルックＧヘッド,Coiffe Burukku G
8159,ブルックGFヘッド,Coiffe Burukku GF
8160,ブルックGXヘッド,Coiffe Burukku GX
8161,ブルックフェイス,
8162,ブルックＦフェイス,
8163,ブルックFYフェイス,
8164,ブルックHSフェイス,
8165,ブルックＧフェイス,
8166,ブルックGFフェイス,
8167,ブルックGXフェイス,
8168,淡桜【鉢金】,
8169,淡桜Ｆ【鉢金】,
8170,淡桜FY【鉢金】,
8171,淡桜HS【鉢金】,
8172,淡桜Ｇ【鉢金】,
8173,淡桜GF【鉢金】,
8174,淡桜GX【鉢金】,
8175,桜雲【鉢金】,
8176,桜雲Ｆ【鉢金】,
8177,桜雲FY【鉢金】,
8178,桜雲HS【鉢金】,
8179,桜雲Ｇ【鉢金】,
8180,桜雲GF【鉢金】,
8181,桜雲GX【鉢金】,
8182,キニオルヘルム,Heaume Kinioru
8183,キニオルＦヘルム,Heaume Kinioru F
8184,キニオルFYヘルム,Heaume Kinioru FY
8185,キニオルHSヘルム,Heaume Kinioru HS
8186,キニオルＧヘルム,Heaume Kinioru G
8187,キニオルGFヘルム,Heaume Kinioru GF
8188,キニオルGXヘルム,Heaume Kinioru GX
8189,キニオルキャップ,Casquette Kinioru
8190,キニオルＦキャップ,Casquette Kinioru F
8191,キニオルFYキャップ,Casquette Kinioru FY
8192,キニオルHSキャップ,Casquette Kinioru HS
8193,キニオルＧキャップ,Casquette Kinioru G
8194,キニオルGFキャップ,Casquette Kinioru GF
8195,キニオルGXキャップ,Casquette Kinioru GX
8196,カイオルヘルム,Heaume Kaioru
8197,カイオルＦヘルム,Heaume Kaioru F
8198,カイオルFYヘルム,Heaume Kaioru FY
8199,カイオルHSヘルム,Heaume Kaioru HS
8200,カイオルＧヘルム,Heaume Kaioru G
8201,カイオルGFヘルム,Heaume Kaioru GF
8202,カイオルGXヘルム,Heaume Kaioru GX
8203,カイオルキャップ,Casquette Kaioru
8204,カイオルＦキャップ,Casquette Kaioru F
8205,カイオルFYキャップ,Casquette Kaioru FY
8206,カイオルHSキャップ,Casquette Kaioru HS
8207,カイオルＧキャップ,Casquette Kaioru G
8208,カイオルGFキャップ,Casquette Kaioru GF
8209,カイオルGXキャップ,Casquette Kaioru GX
8210,ユーリスヘルム,Heaume Yurisu
8211,ユーリスＦヘルム,Heaume Yurisu F
8212,ユーリスFYヘルム,Heaume Yurisu FY
8213,ユーリスHSヘルム,Heaume Yurisu HS
8214,ユーリスＧヘルム,Heaume Yurisu G
8215,ユーリスGFヘルム,Heaume Yurisu GF
8216,ユーリスGXヘルム,Heaume Yurisu GX
8217,ユーリスキャップ,Casquette Yurisu
8218,ユーリスＦキャップ,Casquette Yurisu F
8219,ユーリスFYキャップ,Casquette Yurisu FY
8220,ユーリスHSキャップ,Casquette Yurisu HS
8221,ユーリスＧキャップ,Casquette Yurisu G
8222,ユーリスGFキャップ,Casquette Yurisu GF
8223,ユーリスGXキャップ,Casquette Yurisu GX
8224,デゾルトヘルム,Heaume Desordre
8225,デゾルトＦヘルム,Heaume Desordre F
8226,デゾルトFYヘルム,Heaume Desordre FY
8227,デゾルトHSヘルム,Heaume Desordre HS
8228,デゾルトＧヘルム,Heaume Desordre G
8229,デゾルトGFヘルム,Heaume Desordre GF
8230,デゾルトGXヘルム,Heaume Desordre GX
8231,デゾルトキャップ,Casquette Desordre
8232,デゾルトＦキャップ,Casquette Desordre F
8233,デゾルトFYキャップ,Casquette Desordre FY
8234,デゾルトHSキャップ,Casquette Desordre HS
8235,デゾルトＧキャップ,Casquette Desordre G
8236,デゾルトGFキャップ,Casquette Desordre GF
8237,デゾルトGXキャップ,Casquette Desordre GX
8238,カーマインヘッド黒,Coiffe Carmin noire
8239,カーマインＦヘッド黒,Coiffe Carmin F noire
8240,カーマインFZヘッド黒,Coiffe Carmin FZ noire
8241,カーマインHSヘッド黒,Coiffe Carmin HS noire
8242,カーマインGSヘッド黒,Coiffe Carmin GS noire
8243,カーマインGPヘッド黒,Coiffe Carmin GP noire
8244,カーマインハール黒,Chevelure Carmin noire
8245,カーマインＦハール黒,Chevelure Carmin F noire
8246,カーマインFZハール黒,Chevelure Carmin FZ noire
8247,カーマインHSハール黒,Chevelure Carmin HS noire
8248,カーマインGSハール黒,Chevelure Carmin GS noire
8249,カーマインGPハール黒,Chevelure Carmin GP noire
8250,カーマインヘッド青,Coiffe Carmin bleue
8251,カーマインＦヘッド青,Coiffe Carmin F bleue
8252,カーマインFZヘッド青,Coiffe Carmin FZ bleue
8253,カーマインHSヘッド青,Coiffe Carmin HS bleue
8254,カーマインGSヘッド青,Coiffe Carmin GS bleue
8255,カーマインGPヘッド青,Coiffe Carmin GP bleue
8256,カーマインハール青,Chevelure Carmin bleue
8257,カーマインＦハール青,Chevelure Carmin F bleue
8258,カーマインFZハール青,Chevelure Carmin FZ bleue
8259,カーマインHSハール青,Chevelure Carmin HS bleue
8260,カーマインGSハール青,Chevelure Carmin GS bleue
8261,カーマインGPハール青,Chevelure Carmin GP bleue
8262,カーマインヘッド紫,Coiffe Carmin violette
8263,カーマインＦヘッド紫,Coiffe Carmin F violette
8264,カーマインFZヘッド紫,Coiffe Carmin FZ violette
8265,カーマインHSヘッド紫,Coiffe Carmin HS violette
8266,カーマインGSヘッド紫,Coiffe Carmin GS violette
8267,カーマインGPヘッド紫,Coiffe Carmin GP violette
8268,カーマインハール紫,Chevelure Carmin violette
8269,カーマインＦハール紫,Chevelure Carmin F violette
8270,カーマインFZハール紫,Chevelure Carmin FZ violette
8271,カーマインHSハール紫,Chevelure Carmin HS violette
8272,カーマインGSハール紫,Chevelure Carmin GS violette
8273,カーマインGPハール紫,Chevelure Carmin GP violette
8274,カーマインヘッド白,Coiffe Carmin blanche
8275,カーマインＦヘッド白,Coiffe Carmin F blanche
8276,カーマインFZヘッド白,Coiffe Carmin FZ blanche
8277,カーマインHSヘッド白,Coiffe Carmin HS blanche
8278,カーマインGSヘッド白,Coiffe Carmin GS blanche
8279,カーマインGPヘッド白,Coiffe Carmin GP blanche
8280,カーマインハール白,Chevelure Carmin blanche
8281,カーマインＦハール白,Chevelure Carmin F blanche
8282,カーマインFZハール白,Chevelure Carmin FZ blanche
8283,カーマインHSハール白,Chevelure Carmin HS blanche
8284,カーマインGSハール白,Chevelure Carmin GS blanche
8285,カーマインGPハール白,Chevelure Carmin GP blanche
8286,リュウヘッド・赤,Coiffe Ryu rouge
8287,リュウＦヘッド・赤,Coiffe Ryu F rouge
8288,リュウFZヘッド・赤,Coiffe Ryu FZ rouge
8289,リュウHSヘッド・赤,Coiffe Ryu HS rouge
8290,リュウGSヘッド・赤,Coiffe Ryu GS rouge
8291,リュウGPヘッド・赤,Coiffe Ryu GP rouge
8292,リュウハール・赤,Chevelure Ryu rouge
8293,リュウＦハール・赤,Chevelure Ryu F rouge
8294,リュウFZハール・赤,Chevelure Ryu FZ rouge
8295,リュウHSハール・赤,Chevelure Ryu HS rouge
8296,リュウGSハール・赤,Chevelure Ryu GS rouge
8297,リュウGPハール・赤,Chevelure Ryu GP rouge
8298,リュウヘッド・青,Coiffe Ryu bleue
8299,リュウＦヘッド・青,Coiffe Ryu F bleue
8300,リュウFZヘッド・青,Coiffe Ryu FZ bleue
8301,リュウHSヘッド・青,Coiffe Ryu HS bleue
8302,リュウGSヘッド・青,Coiffe Ryu GS bleue
8303,リュウGPヘッド・青,Coiffe Ryu GP bleue
8304,リュウハール・青,Chevelure Ryu bleue
8305,リュウＦハール・青,Chevelure Ryu F bleue
8306,リュウFZハール・青,Chevelure Ryu FZ bleue
8307,リュウHSハール・青,Chevelure Ryu HS bleue
8308,リュウGSハール・青,Chevelure Ryu GS bleue
8309,リュウGPハール・青,Chevelure Ryu GP bleue
8310,リュウヘッド・橙,Coiffe Ryu orange
8311,リュウＦヘッド・橙,Coiffe Ryu F orange
8312,リュウFZヘッド・橙,Coiffe Ryu FZ orange
8313,リュウHSヘッド・橙,Coiffe Ryu HS orange
8314,リュウGSヘッド・橙,Coiffe Ryu GS orange
8315,リュウGPヘッド・橙,Coiffe Ryu GP orange
8316,リュウハール・橙,Chevelure Ryu orange
8317,リュウＦハール・橙,Chevelure Ryu F orange
8318,リュウFZハール・橙,Chevelure Ryu FZ orange
8319,リュウHSハール・橙,Chevelure Ryu HS orange
8320,リュウGSハール・橙,Chevelure Ryu GS orange
8321,リュウGPハール・橙,Chevelure Ryu GP orange
8322,リュウヘッド・黄,Coiffe Ryu jaune
8323,リュウＦヘッド・黄,Coiffe Ryu F jaune
8324,リュウFZヘッド・黄,Coiffe Ryu FZ jaune
8325,リュウHSヘッド・黄,Coiffe Ryu HS jaune
8326,リュウGSヘッド・黄,Coiffe Ryu GS jaune
8327,リュウGPヘッド・黄,Coiffe Ryu GP jaune
8328,リュウハール・黄,Chevelure Ryu jaune
8329,リュウＦハール・黄,Chevelure Ryu F jaune
8330,リュウFZハール・黄,Chevelure Ryu FZ jaune
8331,リュウHSハール・黄,Chevelure Ryu HS jaune
8332,リュウGSハール・黄,Chevelure Ryu GS jaune
8333,リュウGPハール・黄,Chevelure Ryu GP jaune
8334,キャリッジヘッド,Coiffe Carrosse
8335,キャリッジＦヘッド,Coiffe Carrosse F
8336,キャリッジFZヘッド,Coiffe Carrosse FZ
8337,キャリッジHSヘッド,Coiffe Carrosse HS
8338,キャリッジGSヘッド,Coiffe Carrosse GS
8339,キャリッジGPヘッド,Coiffe Carrosse GP
8340,マーブルヘッド,Coiffe Marbre
8341,マーブルＦヘッド,Coiffe Marbre F
8342,マーブルFZヘッド,Coiffe Marbre FZ
8343,マーブルHSヘッド,Coiffe Marbre HS
8344,マーブルGSヘッド,Coiffe Marbre GS
8345,マーブルGPヘッド,Coiffe Marbre GP
8346,シャンディヘッド,
8347,シャンディＦヘッド,
8348,シャンディFZヘッド,
8349,シャンディHSヘッド,
8350,シャンディGSヘッド,
8351,シャンディGPヘッド,
8352,シャンディハット,
8353,シャンディＦハット,
8354,シャンディFZハット,
8355,シャンディHSハット,
8356,シャンディGSハット,
8357,シャンディGPハット,
8358,バンケットヘッド,
8359,バンケットＦヘッド,
8360,バンケットFZヘッド,
8361,バンケットHSヘッド,
8362,バンケットGSヘッド,
8363,バンケットGPヘッド,
8364,ヴェランヘルム,
8365,ヴェランＦヘルム,
8366,ヴェランFZヘルム,
8367,ヴェランHSヘルム,
8368,ヴェランGSヘルム,
8369,ヴェランGPヘルム,
8370,ランデグヘルム,
8371,ランデグＦヘルム,
8372,ランデグFZヘルム,
8373,ランデグHSヘルム,
8374,ランデグGSヘルム,
8375,ランデグGPヘルム,
8376,ランデグマスク,
8377,ランデグＦマスク,
8378,ランデグFZマスク,
8379,ランデグHSマスク,
8380,ランデグGSマスク,
8381,ランデグGPマスク,
8382,エンドレヘルム,Heaume Endre
8383,エンドレＦヘルム,Heaume Endre F
8384,エンドレFZヘルム,Heaume Endre FZ
8385,エンドレHSヘルム,Heaume Endre HS
8386,エンドレGSヘルム,Heaume Endre GS
8387,エンドレGPヘルム,Heaume Endre GP
8388,エンドレマスク,Masque Endre
8389,エンドレＦマスク,Masque Endre F
8390,エンドレFZマスク,Masque Endre FZ
8391,エンドレHSマスク,Masque Endre HS
8392,エンドレGSマスク,Masque Endre GS
8393,エンドレGPマスク,Masque Endre GP
8394,イナバレッタ,
8395,イナバレッタＦ,
8396,フォロコサージュ,
8397,フォロコサージュＦ,
8398,ネコピアス【慰労】,
8399,ネコＦピアス【慰労】,
8400,ネコHSピアス【慰労】,
8401,ネコＧピアス【慰労】,
8402,ネコGFピアス【慰労】,
8403,ネコGXピアス【慰労】,
8404,ネコピアス【剣客】,
8405,ネコＦピアス【剣客】,
8406,ネコHSピアス【剣客】,
8407,ネコＧピアス【剣客】,
8408,ネコGFピアス【剣客】,
8409,ネコGXピアス【剣客】,
8410,サジタリオヘッド赤,Coiffe Sagittaire rouge
8411,サジタリオＦヘッド赤,Coiffe Sagittaire F rouge
8412,サジタリオFZヘッド赤,Coiffe Sagittaire FZ rouge
8413,サジタリオHSヘッド赤,Coiffe Sagittaire HS rouge
8414,サジタリオGSヘッド赤,Coiffe Sagittaire GS rouge
8415,サジタリオGPヘッド赤,Coiffe Sagittaire GP rouge
8416,サジタリオハール赤,Chevelure Sagittaire rouge
8417,サジタリオＦハール赤,Chevelure Sagittaire F rouge
8418,サジタリオFZハール赤,Chevelure Sagittaire FZ rouge
8419,サジタリオHSハール赤,Chevelure Sagittaire HS rouge
8420,サジタリオGSハール赤,Chevelure Sagittaire GS rouge
8421,サジタリオGPハール赤,Chevelure Sagittaire GP rouge
8422,サジタリオヘッド青,Coiffe Sagittaire bleue
8423,サジタリオＦヘッド青,Coiffe Sagittaire F bleue
8424,サジタリオFZヘッド青,Coiffe Sagittaire FZ bleue
8425,サジタリオHSヘッド青,Coiffe Sagittaire HS bleue
8426,サジタリオGSヘッド青,Coiffe Sagittaire GS bleue
8427,サジタリオGPヘッド青,Coiffe Sagittaire GP bleue
8428,サジタリオハール青,Chevelure Sagittaire bleue
8429,サジタリオＦハール青,Chevelure Sagittaire F bleue
8430,サジタリオFZハール青,Chevelure Sagittaire FZ bleue
8431,サジタリオHSハール青,Chevelure Sagittaire HS bleue
8432,サジタリオGSハール青,Chevelure Sagittaire GS bleue
8433,サジタリオGPハール青,Chevelure Sagittaire GP bleue
8434,サジタリオヘッド紫,Coiffe Sagittaire violette
8435,サジタリオＦヘッド紫,Coiffe Sagittaire F violette
8436,サジタリオFZヘッド紫,Coiffe Sagittaire FZ violette
8437,サジタリオHSヘッド紫,Coiffe Sagittaire HS violette
8438,サジタリオGSヘッド紫,Coiffe Sagittaire GS violette
8439,サジタリオGPヘッド紫,Coiffe Sagittaire GP violette
8440,サジタリオハール紫,Chevelure Sagittaire violette
8441,サジタリオＦハール紫,Chevelure Sagittaire F violette
8442,サジタリオFZハール紫,Chevelure Sagittaire FZ violette
8443,サジタリオHSハール紫,Chevelure Sagittaire HS violette
8444,サジタリオGSハール紫,Chevelure Sagittaire GS violette
8445,サジタリオGPハール紫,Chevelure Sagittaire GP violette
8446,サジタリオヘッド緑,Coiffe Sagittaire verte
8447,サジタリオＦヘッド緑,Coiffe Sagittaire F verte
8448,サジタリオFZヘッド緑,Coiffe Sagittaire FZ verte
8449,サジタリオHSヘッド緑,Coiffe Sagittaire HS verte
8450,サジタリオGSヘッド緑,Coiffe Sagittaire GS verte
8451,サジタリオGPヘッド緑,Coiffe Sagittaire GP verte
8452,サジタリオハール緑,Chevelure Sagittaire verte
8453,サジタリオＦハール緑,Chevelure Sagittaire F verte
8454,サジタリオFZハール緑,Chevelure Sagittaire FZ verte
8455,サジタリオHSハール緑,Chevelure Sagittaire HS verte
8456,サジタリオGSハール緑,Chevelure Sagittaire GS verte
8457,サジタリオGPハール緑,Chevelure Sagittaire GP verte
8458,ニーナヘッド・赤,Coiffe Nina rouge
8459,ニーナＦヘッド・赤,Coiffe Nina F rouge
8460,ニーナFZヘッド・赤,Coiffe Nina FZ rouge
8461,ニーナHSヘッド・赤,Coiffe Nina HS rouge
8462,ニーナGSヘッド・赤,Coiffe Nina GS rouge
8463,ニーナGPヘッド・赤,Coiffe Nina GP rouge
8464,ニーナハール・赤,Chevelure Nina rouge
8465,ニーナＦハール・赤,Chevelure Nina F rouge
8466,ニーナFZハール・赤,Chevelure Nina FZ rouge
8467,ニーナHSハール・赤,Chevelure Nina HS rouge
8468,ニーナGSハール・赤,Chevelure Nina GS rouge
8469,ニーナGPハール・赤,Chevelure Nina GP rouge
8470,ニーナヘッド・緑,Coiffe Nina verte
8471,ニーナＦヘッド・緑,Coiffe Nina F verte
8472,ニーナFZヘッド・緑,Coiffe Nina FZ verte
8473,ニーナHSヘッド・緑,Coiffe Nina HS verte
8474,ニーナGSヘッド・緑,Coiffe Nina GS verte
8475,ニーナGPヘッド・緑,Coiffe Nina GP verte
8476,ニーナハール・緑,Chevelure Nina verte
8477,ニーナＦハール・緑,Chevelure Nina F verte
8478,ニーナFZハール・緑,Chevelure Nina FZ verte
8479,ニーナHSハール・緑,Chevelure Nina HS verte
8480,ニーナGSハール・緑,Chevelure Nina GS verte
8481,ニーナGPハール・緑,Chevelure Nina GP verte
8482,ニーナヘッド・桃,Coiffe Nina rose
8483,ニーナＦヘッド・桃,Coiffe Nina F rose
8484,ニーナFZヘッド・桃,Coiffe Nina FZ rose
8485,ニーナHSヘッド・桃,Coiffe Nina HS rose
8486,ニーナGSヘッド・桃,Coiffe Nina GS rose
8487,ニーナGPヘッド・桃,Coiffe Nina GP rose
8488,ニーナハール・桃,Chevelure Nina rose
8489,ニーナＦハール・桃,Chevelure Nina F rose
8490,ニーナFZハール・桃,Chevelure Nina FZ rose
8491,ニーナHSハール・桃,Chevelure Nina HS rose
8492,ニーナGSハール・桃,Chevelure Nina GS rose
8493,ニーナGPハール・桃,Chevelure Nina GP rose
8494,ニーナヘッド・青,Coiffe Nina bleue
8495,ニーナＦヘッド・青,Coiffe Nina F bleue
8496,ニーナFZヘッド・青,Coiffe Nina FZ bleue
8497,ニーナHSヘッド・青,Coiffe Nina HS bleue
8498,ニーナGSヘッド・青,Coiffe Nina GS bleue
8499,ニーナGPヘッド・青,Coiffe Nina GP bleue
8500,ニーナハール・青,Chevelure Nina bleue
8501,ニーナＦハール・青,Chevelure Nina F bleue
8502,ニーナFZハール・青,Chevelure Nina FZ bleue
8503,ニーナHSハール・青,Chevelure Nina HS bleue
8504,ニーナGSハール・青,Chevelure Nina GS bleue
8505,ニーナGPハール・青,Chevelure Nina GP bleue
8506,エンブレイスピアス,Piercing Étreinte
8507,エンブレイスＦピアス,Piercing Étreinte F
8508,エンブレイスFZピアス,Piercing Étreinte FZ
8509,エンブレイスHSピアス,Piercing Étreinte HS
8510,エンブレイスGSピアス,Piercing Étreinte GS
8511,エンブレイスGPピアス,Piercing Étreinte GP
8512,ハーゼバンド,Bandeau Harze
8513,ハーゼＦバンド,Bandeau Harze F
8514,ハーゼFZバンド,Bandeau Harze FZ
8515,ハーゼHSバンド,Bandeau Harze HS
8516,ハーゼGSバンド,Bandeau Harze GS
8517,ハーゼGPバンド,Bandeau Harze GP
8518,ハーゼヘッド,Coiffe Harze
8519,ハーゼＦヘッド,Coiffe Harze F
8520,ハーゼFZヘッド,Coiffe Harze FZ
8521,ハーゼHSヘッド,Coiffe Harze HS
8522,ハーゼGSヘッド,Coiffe Harze GS
8523,ハーゼGPヘッド,Coiffe Harze GP
8524,クアルＧヘルム,Heaume Kuaru G
8525,クアルGFヘルム,Heaume Kuaru GF
8526,クアルGXヘルム,Heaume Kuaru GX
8527,クアルＧキャップ,Casquette Kuaru G
8528,クアルGFキャップ,Casquette Kuaru GF
8529,クアルGXキャップ,Casquette Kuaru GX
8530,エンプレスＧセクター,
8531,エンプレスGFセクター,
8532,エンプレスGXセクター,
8533,エンプレスＧマスク,Masque Impératrice G
8534,エンプレスGFマスク,Masque Impératrice GF
8535,エンプレスGXマスク,Masque Impératrice GX
8536,創音奏Ｇ【五線譜】,
8537,創音奏GF【五線譜】,
8538,創音奏GX【五線譜】,
8539,音紡奏Ｇ【五線譜】,
8540,音紡奏GF【五線譜】,
8541,音紡奏GX【五線譜】,
8542,ポボルムヘルム,Heaume Pobo
8543,ポボルムＦヘルム,Heaume Pobo F
8544,ポボルムFXヘルム,Heaume Pobo FX
8545,ポボルムＧヘルム,Heaume Pobo G
8546,ポボルムGFヘルム,Heaume Pobo GF
8547,ポボルムキャップ,Casquette Pobo
8548,ポボルムＦキャップ,Casquette Pobo F
8549,ポボルムFXキャップ,Casquette Pobo FX
8550,ポボルムＧキャップ,Casquette Pobo G
8551,ポボルムGFキャップ,Casquette Pobo GF
8552,リオソウルＧヘルム,Heaume Rath G
8553,リオソウルGFヘルム,Heaume Rath GF
8554,リオソウルGXヘルム,Heaume Rath GX
8555,リオソウルＧキャップ,Casquette Rath G
8556,リオソウルGFキャップ,Casquette Rath GF
8557,リオソウルGXキャップ,Casquette Rath GX
8558,リオハートＧヘルム,Heaume Rath G
8559,リオハートGFヘルム,Heaume Rath GF
8560,リオハートGXヘルム,Heaume Rath GX
8561,リオハートＧキャップ,Casquette Rath G
8562,リオハートGFキャップ,Casquette Rath GF
8563,リオハートGXキャップ,Casquette Rath GX
8564,シャテムバンド,Bandeau Shatemu
8565,シャテムＦバンド,Bandeau Shatemu F
8566,シャテムFZバンド,Bandeau Shatemu FZ
8567,シャテムHSバンド,Bandeau Shatemu HS
8568,シャテムGSバンド,Bandeau Shatemu GS
8569,シャテムGPバンド,Bandeau Shatemu GP
8570,シャテムヘッド,Coiffe Shatemu
8571,シャテムＦヘッド,Coiffe Shatemu F
8572,シャテムFZヘッド,Coiffe Shatemu FZ
8573,シャテムHSヘッド,Coiffe Shatemu HS
8574,シャテムGSヘッド,Coiffe Shatemu GS
8575,シャテムGPヘッド,Coiffe Shatemu GP
8576,ヘヴリアバンド,Bandeau Hevria
8577,ヘヴリアＦバンド,Bandeau Hevria F
8578,ヘヴリアFZバンド,Bandeau Hevria FZ
8579,ヘヴリアHSバンド,Bandeau Hevria HS
8580,ヘヴリアGSバンド,Bandeau Hevria GS
8581,ヘヴリアGPバンド,Bandeau Hevria GP
8582,ヘヴリアヘッド,Coiffe Hevria
8583,ヘヴリアＦヘッド,Coiffe Hevria F
8584,ヘヴリアFZヘッド,Coiffe Hevria FZ
8585,ヘヴリアHSヘッド,Coiffe Hevria HS
8586,ヘヴリアGSヘッド,Coiffe Hevria GS
8587,ヘヴリアGPヘッド,Coiffe Hevria GP
8588,ティルルバンド,Bandeau Tiuru
8589,ティルルＦバンド,Bandeau Tiuru F
8590,ティルルFZバンド,Bandeau Tiuru FZ
8591,ティルルHSバンド,Bandeau Tiuru HS
8592,ティルルGSバンド,Bandeau Tiuru GS
8593,ティルルGPバンド,Bandeau Tiuru GP
8594,ティルルヘッド,Coiffe Tiuru
8595,ティルルＦヘッド,Coiffe Tiuru F
8596,ティルルFZヘッド,Coiffe Tiuru FZ
8597,ティルルHSヘッド,Coiffe Tiuru HS
8598,ティルルGSヘッド,Coiffe Tiuru GS
8599,ティルルGPヘッド,Coiffe Tiuru GP
8600,バンデヘッド・青,Coiffe Bande bleue
8601,バンデＦヘッド・青,Coiffe Bande F bleue
8602,バンデFZヘッド・青,Coiffe Bande FZ bleue
8603,バンデHSヘッド・青,Coiffe Bande HS bleue
8604,バンデGSヘッド・青,Coiffe Bande GS bleue
8605,バンデGPヘッド・青,Coiffe Bande GP bleue
8606,バンデキャップ・青,Casquette Bande bleue
8607,バンデＦキャップ・青,Casquette Bande F bleue
8608,バンデFZキャップ・青,Casquette Bande FZ bleue
8609,バンデHSキャップ・青,Casquette Bande HS bleue
8610,バンデGSキャップ・青,Casquette Bande GS bleue
8611,バンデGPキャップ・青,Casquette Bande GP bleue
8612,バンデヘッド・赤,Coiffe Bande rouge
8613,バンデＦヘッド・赤,Coiffe Bande F rouge
8614,バンデFZヘッド・赤,Coiffe Bande FZ rouge
8615,バンデHSヘッド・赤,Coiffe Bande HS rouge
8616,バンデGSヘッド・赤,Coiffe Bande GS rouge
8617,バンデGPヘッド・赤,Coiffe Bande GP rouge
8618,バンデキャップ・赤,Casquette Bande rouge
8619,バンデＦキャップ・赤,Casquette Bande F rouge
8620,バンデFZキャップ・赤,Casquette Bande FZ rouge
8621,バンデHSキャップ・赤,Casquette Bande HS rouge
8622,バンデGSキャップ・赤,Casquette Bande GS rouge
8623,バンデGPキャップ・赤,Casquette Bande GP rouge
8624,バンデヘッド・緑,Coiffe Bande verte
8625,バンデＦヘッド・緑,Coiffe Bande F verte
8626,バンデFZヘッド・緑,Coiffe Bande FZ verte
8627,バンデHSヘッド・緑,Coiffe Bande HS verte
8628,バンデGSヘッド・緑,Coiffe Bande GS verte
8629,バンデGPヘッド・緑,Coiffe Bande GP verte
8630,バンデキャップ・緑,Casquette Bande verte
8631,バンデＦキャップ・緑,Casquette Bande F verte
8632,バンデFZキャップ・緑,Casquette Bande FZ verte
8633,バンデHSキャップ・緑,Casquette Bande HS verte
8634,バンデGSキャップ・緑,Casquette Bande GS verte
8635,バンデGPキャップ・緑,Casquette Bande GP verte
8636,バンデヘッド・黒,Coiffe Bande noire
8637,バンデＦヘッド・黒,Coiffe Bande F noire
8638,バンデFZヘッド・黒,Coiffe Bande FZ noire
8639,バンデHSヘッド・黒,Coiffe Bande HS noire
8640,バンデGSヘッド・黒,Coiffe Bande GS noire
8641,バンデGPヘッド・黒,Coiffe Bande GP noire
8642,バンデキャップ・黒,Casquette Bande noire
8643,バンデＦキャップ・黒,Casquette Bande F noire
8644,バンデFZキャップ・黒,Casquette Bande FZ noire
8645,バンデHSキャップ・黒,Casquette Bande HS noire
8646,バンデGSキャップ・黒,Casquette Bande GS noire
8647,バンデGPキャップ・黒,Casquette Bande GP noire
8648,天日ノ兜・赤,
8649,天日ノ兜Ｆ・赤,
8650,天日ノ兜FZ・赤,
8651,天日ノ兜HS・赤,
8652,天日ノ兜GS・赤,
8653,天日ノ兜GP・赤,
8654,天日ノ鉢金・赤,
8655,天日ノ鉢金Ｆ・赤,
8656,天日ノ鉢金FZ・赤,
8657,天日ノ鉢金HS・赤,
8658,天日ノ鉢金GS・赤,
8659,天日ノ鉢金GP・赤,
8660,天日ノ兜・青,
8661,天日ノ兜Ｆ・青,
8662,天日ノ兜FZ・青,
8663,天日ノ兜HS・青,
8664,天日ノ兜GS・青,
8665,天日ノ兜GP・青,
8666,天日ノ鉢金・青,
8667,天日ノ鉢金Ｆ・青,
8668,天日ノ鉢金FZ・青,
8669,天日ノ鉢金HS・青,
8670,天日ノ鉢金GS・青,
8671,天日ノ鉢金GP・青,
8672,天日ノ兜・黒,
8673,天日ノ兜Ｆ・黒,
8674,天日ノ兜FZ・黒,
8675,天日ノ兜HS・黒,
8676,天日ノ兜GS・黒,
8677,天日ノ兜GP・黒,
8678,天日ノ鉢金・黒,
8679,天日ノ鉢金Ｆ・黒,
8680,天日ノ鉢金FZ・黒,
8681,天日ノ鉢金HS・黒,
8682,天日ノ鉢金GS・黒,
8683,天日ノ鉢金GP・黒,
8684,天日ノ兜・白,
8685,天日ノ兜Ｆ・白,
8686,天日ノ兜FZ・白,
8687,天日ノ兜HS・白,
8688,天日ノ兜GS・白,
8689,天日ノ兜GP・白,
8690,天日ノ鉢金・白,
8691,天日ノ鉢金Ｆ・白,
8692,天日ノ鉢金FZ・白,
8693,天日ノ鉢金HS・白,
8694,天日ノ鉢金GS・白,
8695,天日ノ鉢金GP・白,
8696,天日ノ冠・赤,
8697,天日ノ冠Ｆ・赤,
8698,天日ノ冠FZ・赤,
8699,天日ノ冠HS・赤,
8700,天日ノ冠GS・赤,
8701,天日ノ冠GP・赤,
8702,天日ノ団子・赤,
8703,天日ノ団子Ｆ・赤,
8704,天日ノ団子FZ・赤,
8705,天日ノ団子HS・赤,
8706,天日ノ団子GS・赤,
8707,天日ノ団子GP・赤,
8708,天日ノ冠・青,
8709,天日ノ冠Ｆ・青,
8710,天日ノ冠FZ・青,
8711,天日ノ冠HS・青,
8712,天日ノ冠GS・青,
8713,天日ノ冠GP・青,
8714,天日ノ団子・青,
8715,天日ノ団子Ｆ・青,
8716,天日ノ団子FZ・青,
8717,天日ノ団子HS・青,
8718,天日ノ団子GS・青,
8719,天日ノ団子GP・青,
8720,天日ノ冠・黒,
8721,天日ノ冠Ｆ・黒,
8722,天日ノ冠FZ・黒,
8723,天日ノ冠HS・黒,
8724,天日ノ冠GS・黒,
8725,天日ノ冠GP・黒,
8726,天日ノ団子・黒,
8727,天日ノ団子Ｆ・黒,
8728,天日ノ団子FZ・黒,
8729,天日ノ団子HS・黒,
8730,天日ノ団子GS・黒,
8731,天日ノ団子GP・黒,
8732,天日ノ冠・白,
8733,天日ノ冠Ｆ・白,
8734,天日ノ冠FZ・白,
8735,天日ノ冠HS・白,
8736,天日ノ冠GS・白,
8737,天日ノ冠GP・白,
8738,天日ノ団子・白,
8739,天日ノ団子Ｆ・白,
8740,天日ノ団子FZ・白,
8741,天日ノ団子HS・白,
8742,天日ノ団子GS・白,
8743,天日ノ団子GP・白,
8744,リュバンバンド,Bandeau Ruban
8745,リュバンＦバンド,Bandeau Ruban F
8746,リュバンFZバンド,Bandeau Ruban FZ
8747,リュバンHSバンド,Bandeau Ruban HS
8748,リュバンGSバンド,Bandeau Ruban GS
8749,リュバンGPバンド,Bandeau Ruban GP
8750,リュバンヘッド,Coiffe Ruban
8751,リュバンＦヘッド,Coiffe Ruban F
8752,リュバンFZヘッド,Coiffe Ruban FZ
8753,リュバンHSヘッド,Coiffe Ruban HS
8754,リュバンGSヘッド,Coiffe Ruban GS
8755,リュバンGPヘッド,Coiffe Ruban GP
8756,オルロジュバンド,Bandeau Orloj
8757,オルロジュＦバンド,Bandeau Orloj F
8758,オルロジュFZバンド,Bandeau Orloj FZ
8759,オルロジュHSバンド,Bandeau Orloj HS
8760,オルロジュGSバンド,Bandeau Orloj GS
8761,オルロジュGPバンド,Bandeau Orloj GP
8762,オルロジュヘッド,Coiffe Orloj
8763,オルロジュＦヘッド,Coiffe Orloj F
8764,オルロジュFZヘッド,Coiffe Orloj FZ
8765,オルロジュHSヘッド,Coiffe Orloj HS
8766,オルロジュGSヘッド,Coiffe Orloj GS
8767,オルロジュGPヘッド,Coiffe Orloj GP
8768,ラモールマスク,Masque L'Amore
8769,ラモールＦマスク,Masque L'Amore F
8770,ラモールFZマスク,Masque L'Amore FZ
8771,ラモールHSマスク,Masque L'Amore HS
8772,ラモールGSマスク,Masque L'Amore GS
8773,ラモールGPマスク,Masque L'Amore GP
8774,ラモールヘッド,Coiffe L'Amore
8775,ラモールＦヘッド,Coiffe L'Amore F
8776,ラモールFZヘッド,Coiffe L'Amore FZ
8777,ラモールHSヘッド,Coiffe L'Amore HS
8778,ラモールGSヘッド,Coiffe L'Amore GS
8779,ラモールGPヘッド,Coiffe L'Amore GP
8780,ドルチェマスク,Masque Dolce
8781,ドルチェＦマスク,Masque Dolce F
8782,ドルチェFZマスク,Masque Dolce FZ
8783,ドルチェHSマスク,Masque Dolce HS
8784,ドルチェGSマスク,Masque Dolce GS
8785,ドルチェGPマスク,Masque Dolce GP
8786,ドルチェヘッド,Coiffe Dolce
8787,ドルチェＦヘッド,Coiffe Dolce F
8788,ドルチェFZヘッド,Coiffe Dolce FZ
8789,ドルチェHSヘッド,Coiffe Dolce HS
8790,ドルチェGSヘッド,Coiffe Dolce GS
8791,ドルチェGPヘッド,Coiffe Dolce GP
8792,ベンディヘルム,Heaume Bendi
8793,ベンディＦヘルム,Heaume Bendi F
8794,ベンディFZヘルム,Heaume Bendi FZ
8795,ベンディHSヘルム,Heaume Bendi HS
8796,ベンディGSヘルム,Heaume Bendi GS
8797,ベンディGPヘルム,Heaume Bendi GP
8798,ベンディキャップ,Casquette Bendi
8799,ベンディＦキャップ,Casquette Bendi F
8800,ベンディFZキャップ,Casquette Bendi FZ
8801,ベンディHSキャップ,Casquette Bendi HS
8802,ベンディGSキャップ,Casquette Bendi GS
8803,ベンディGPキャップ,Casquette Bendi GP
8804,ルヴナンゲヒル,
8805,ルヴナンＦゲヒル,
8806,ルヴナンFZゲヒル,
8807,ルヴナンHSゲヒル,
8808,ルヴナンGSゲヒル,
8809,ルヴナンGPゲヒル,
8810,ルヴナンゼレ,
8811,ルヴナンＦゼレ,
8812,ルヴナンFZゼレ,
8813,ルヴナンHSゼレ,
8814,ルヴナンGSゼレ,
8815,ルヴナンGPゼレ,
8816,ルキスＦヘッド,Coiffe Lucis F
8817,ルキスHSヘッド,Coiffe Lucis HS
8818,ルキスGSヘッド,Coiffe Lucis GS
8819,ルキスGPヘッド,Coiffe Lucis GP
8820,ルキスＦハット,Chapeau Lucis F
8821,ルキスHSハット,Chapeau Lucis HS
8822,ルキスGSハット,Chapeau Lucis GS
8823,ルキスGPハット,Chapeau Lucis GP
8824,リサーザHSヘッド,Coiffe Risaaza HS
8825,リサーザGSヘッド,Coiffe Risaaza GS
8826,リサーザGPヘッド,Coiffe Risaaza GP
8827,リサーザHSマスク,Masque Risaaza HS
8828,リサーザGSマスク,Masque Risaaza GS
8829,リサーザGPマスク,Masque Risaaza GP
8830,ガウシカヘッド,Coiffe Anteka
8831,ガウシカＦヘッド,Coiffe Anteka F
8832,ガウシカFYヘッド,Coiffe Anteka FY
8833,ガウシカHSヘッド,Coiffe Anteka HS
8834,ガウシカＧヘッド,Coiffe Anteka G
8835,ガウシカGFヘッド,Coiffe Anteka GF
8836,ガウシカGXヘッド,Coiffe Anteka GX
8837,クオイズヘッド,Coiffe Quoiz
8838,クオイズＦヘッド,Coiffe Quoiz F
8839,クオイズFYヘッド,Coiffe Quoiz FY
8840,クオイズHSヘッド,Coiffe Quoiz HS
8841,クオイズＧヘッド,Coiffe Quoiz G
8842,クオイズGFヘッド,Coiffe Quoiz GF
8843,クオイズGXヘッド,Coiffe Quoiz GX
8844,クオイズキャップ,Casquette Quoiz
8845,クオイズＦキャップ,Casquette Quoiz F
8846,クオイズFYキャップ,Casquette Quoiz FY
8847,クオイズHSキャップ,Casquette Quoiz HS
8848,クオイズＧキャップ,Casquette Quoiz G
8849,クオイズGFキャップ,Casquette Quoiz GF
8850,クオイズGXキャップ,Casquette Quoiz GX
8851,カライスヘッド,Coiffe Kalais
8852,カライスＦヘッド,Coiffe Kalais F
8853,カライスFYヘッド,Coiffe Kalais FY
8854,カライスHSヘッド,Coiffe Kalais HS
8855,カライスＧヘッド,Coiffe Kalais G
8856,カライスGFヘッド,Coiffe Kalais GF
8857,カライスGXヘッド,Coiffe Kalais GX
8858,カライスキャップ,Casquette Kalais
8859,カライスＦキャップ,Casquette Kalais F
8860,カライスFYキャップ,Casquette Kalais FY
8861,カライスHSキャップ,Casquette Kalais HS
8862,カライスＧキャップ,Casquette Kalais G
8863,カライスGFキャップ,Casquette Kalais GF
8864,カライスGXキャップ,Casquette Kalais GX
8865,ヨルティヘルム,Heaume Yoruti
8866,ヨルティＦヘルム,Heaume Yoruti F
8867,ヨルティFYヘルム,Heaume Yoruti FY
8868,ヨルティHSヘルム,Heaume Yoruti HS
8869,ヨルティＧヘルム,Heaume Yoruti G
8870,ヨルティGFヘルム,Heaume Yoruti GF
8871,ヨルティGXヘルム,Heaume Yoruti GX
8872,ヨルティキャップ,Casquette Yoruti
8873,ヨルティＦキャップ,Casquette Yoruti F
8874,ヨルティFYキャップ,Casquette Yoruti FY
8875,ヨルティHSキャップ,Casquette Yoruti HS
8876,ヨルティＧキャップ,Casquette Yoruti G
8877,ヨルティGFキャップ,Casquette Yoruti GF
8878,ヨルティGXキャップ,Casquette Yoruti GX
8879,ハラガンヘルム,Heaume Haragan
8880,ハラガンＦヘルム,Heaume Haragan F
8881,ハラガンFYヘルム,Heaume Haragan FY
8882,ハラガンHSヘルム,Heaume Haragan HS
8883,ハラガンＧヘルム,Heaume Haragan G
8884,ハラガンGFヘルム,Heaume Haragan GF
8885,ハラガンGXヘルム,Heaume Haragan GX
8886,ハラガンキャップ,Casquette Haragan
8887,ハラガンＦキャップ,Casquette Haragan F
8888,ハラガンFYキャップ,Casquette Haragan FY
8889,ハラガンHSキャップ,Casquette Haragan HS
8890,ハラガンＧキャップ,Casquette Haragan G
8891,ハラガンGFキャップ,Casquette Haragan GF
8892,ハラガンGXキャップ,Casquette Haragan GX
8893,ライオスヘルム,Heaume Rios
8894,ライオスＦヘルム,Heaume Rios F
8895,ライオスFYヘルム,Heaume Rios FY
8896,ライオスHSヘルム,Heaume Rios HS
8897,ライオスＧヘルム,Heaume Rios G
8898,ライオスGFヘルム,Heaume Rios GF
8899,ライオスGXヘルム,Heaume Rios GX
8900,ライオスキャップ,Casquette Rios
8901,ライオスＦキャップ,Casquette Rios F
8902,ライオスFYキャップ,Casquette Rios FY
8903,ライオスHSキャップ,Casquette Rios HS
8904,ライオスＧキャップ,Casquette Rios G
8905,ライオスGFキャップ,Casquette Rios GF
8906,ライオスGXキャップ,Casquette Rios GX
8907,崩霧【鉢金】,
8908,崩霧Ｆ【鉢金】,
8909,崩霧FY【鉢金】,
8910,崩霧HS【鉢金】,
8911,崩霧Ｇ【鉢金】,
8912,崩霧GF【鉢金】,
8913,崩霧GX【鉢金】,
8914,迅霧【鉢金】,
8915,迅霧Ｆ【鉢金】,
8916,迅霧FY【鉢金】,
8917,迅霧HS【鉢金】,
8918,迅霧Ｇ【鉢金】,
8919,迅霧GF【鉢金】,
8920,迅霧GX【鉢金】,
8921,ロドクルヘッド,Coiffe Rodokuru
8922,ロドクルＦヘッド,Coiffe Rodokuru F
8923,ロドクルFYヘッド,Coiffe Rodokuru FY
8924,ロドクルHSヘッド,Coiffe Rodokuru HS
8925,ロドクルＧヘッド,Coiffe Rodokuru G
8926,ロドクルGFヘッド,Coiffe Rodokuru GF
8927,ロドクルGXヘッド,Coiffe Rodokuru GX
8928,ノワールFYピアス,
8929,ノワールHSピアス,
8930,ノワールＧピアス,
8931,ノワールGFピアス,
8932,ノワールGXピアス,
8933,鬼神ノ角Ｇ,
8934,鬼神ノ角GF,
8935,鬼神ノ角GX,
8936,童子ノ角Ｇ,
8937,童子ノ角GF,
8938,童子ノ角GX,
8939,イナコサージュ,
8940,イナコサージュＦ,
8941,ポボルバレッタ,
8942,ポボルバレッタＦ,
8943,トゥールムヘルム,Heaume Trume
8944,トゥールムＦヘルム,Heaume Trume F
8945,トゥールムFZヘルム,Heaume Trume FZ
8946,トゥールムHSヘルム,Heaume Trume HS
8947,トゥールムGSヘルム,Heaume Trume GS
8948,トゥールムGPヘルム,Heaume Trume GP
8949,トゥールムマスク,Masque Trume
8950,トゥールムＦマスク,Masque Trume F
8951,トゥールムFZマスク,Masque Trume FZ
8952,トゥールムHSマスク,Masque Trume HS
8953,トゥールムGSマスク,Masque Trume GS
8954,トゥールムGPマスク,Masque Trume GP
8955,ゴゴＧヘルム,Heaume Gogomoa G
8956,ゴゴGFヘルム,Heaume Gogomoa GF
8957,ゴゴGXヘルム,Heaume Gogomoa GX
8958,ゴゴＧキャップ,Casquette Gogomoa G
8959,ゴゴGFキャップ,Casquette Gogomoa GF
8960,ゴゴGXキャップ,Casquette Gogomoa GX
8961,ヴァルヘルム,Heaume Varusa
8962,ヴァルＦヘルム,Heaume Varusa F
8963,ヴァルFXヘルム,Heaume Varusa FX
8964,ヴァルＧヘルム,Heaume Varusa G
8965,ヴァルGFヘルム,Heaume Varusa GF
8966,ヴァルキャップ,Casquette Varusa
8967,ヴァルＦキャップ,Casquette Varusa F
8968,ヴァルFXキャップ,Casquette Varusa FX
8969,ヴァルＧキャップ,Casquette Varusa G
8970,ヴァルGFキャップ,Casquette Varusa GF
8971,フレイムGFクラウン,
8972,フレイムGFマスク,Masque Flamme GF
8973,リルスGFヘッド,Coiffe Lils GF
8974,リルスGFキャップ,Casquette Lils GF
8975,アステリピアス・白,Piercing Asteri blanc
8976,アステリＦピアス・白,Piercing Asteri F blanc
8977,アステリFZピアス・白,Piercing Asteri FZ blanc
8978,アステリHSピアス・白,Piercing Asteri HS blanc
8979,アステリGSピアス・白,Piercing Asteri GS blanc
8980,アステリGPピアス・白,Piercing Asteri GP blanc
8981,アステリハール・白,Chevelure Asteri blanche
8982,アステリＦハール・白,Chevelure Asteri F blanche
8983,アステリFZハール・白,Chevelure Asteri FZ blanche
8984,アステリHSハール・白,Chevelure Asteri HS blanche
8985,アステリGSハール・白,Chevelure Asteri GS blanche
8986,アステリGPハール・白,Chevelure Asteri GP blanche
8987,アステリピアス・青,Piercing Asteri bleu
8988,アステリＦピアス・青,Piercing Asteri F bleu
8989,アステリFZピアス・青,Piercing Asteri FZ bleu
8990,アステリHSピアス・青,Piercing Asteri HS bleu
8991,アステリGSピアス・青,Piercing Asteri GS bleu
8992,アステリGPピアス・青,Piercing Asteri GP bleu
8993,アステリハール・青,Chevelure Asteri bleue
8994,アステリＦハール・青,Chevelure Asteri F bleue
8995,アステリFZハール・青,Chevelure Asteri FZ bleue
8996,アステリHSハール・青,Chevelure Asteri HS bleue
8997,アステリGSハール・青,Chevelure Asteri GS bleue
8998,アステリGPハール・青,Chevelure Asteri GP bleue
8999,アステリピアス・赤,Piercing Asteri rouge
9000,アステリＦピアス・赤,Piercing Asteri F rouge
9001,アステリFZピアス・赤,Piercing Asteri FZ rouge
9002,アステリHSピアス・赤,Piercing Asteri HS rouge
9003,アステリGSピアス・赤,Piercing Asteri GS rouge
9004,アステリGPピアス・赤,Piercing Asteri GP rouge
9005,アステリハール・赤,Chevelure Asteri rouge
9006,アステリＦハール・赤,Chevelure Asteri F rouge
9007,アステリFZハール・赤,Chevelure Asteri FZ rouge
9008,アステリHSハール・赤,Chevelure Asteri HS rouge
9009,アステリGSハール・赤,Chevelure Asteri GS rouge
9010,アステリGPハール・赤,Chevelure Asteri GP rouge
9011,アステリピアス・黒,Piercing Asteri noir
9012,アステリＦピアス・黒,Piercing Asteri F noir
9013,アステリFZピアス・黒,Piercing Asteri FZ noir
9014,アステリHSピアス・黒,Piercing Asteri HS noir
9015,アステリGSピアス・黒,Piercing Asteri GS noir
9016,アステリGPピアス・黒,Piercing Asteri GP noir
9017,アステリハール・黒,Chevelure Asteri noire
9018,アステリＦハール・黒,Chevelure Asteri F noire
9019,アステリFZハール・黒,Chevelure Asteri FZ noire
9020,アステリHSハール・黒,Chevelure Asteri HS noire
9021,アステリGSハール・黒,Chevelure Asteri GS noire
9022,アステリGPハール・黒,Chevelure Asteri GP noire
9023,ルケーゼヘッド,Coiffe Lucchese
9024,ルケーゼＦヘッド,Coiffe Lucchese F
9025,ルケーゼFYヘッド,Coiffe Lucchese FY
9026,ルケーゼHSヘッド,Coiffe Lucchese HS
9027,ルケーゼＧヘッド,Coiffe Lucchese G
9028,ルケーゼGFヘッド,Coiffe Lucchese GF
9029,ルケーゼGXヘッド,Coiffe Lucchese GX
9030,ルケーゼキャップ,Casquette Lucchese
9031,ルケーゼＦキャップ,Casquette Lucchese F
9032,ルケーゼFYキャップ,Casquette Lucchese FY
9033,ルケーゼHSキャップ,Casquette Lucchese HS
9034,ルケーゼＧキャップ,Casquette Lucchese G
9035,ルケーゼGFキャップ,Casquette Lucchese GF
9036,ルケーゼGXキャップ,Casquette Lucchese GX
9037,オリクトＧヘルム,Heaume Orykto G
9038,オリクトGFヘルム,Heaume Orykto GF
9039,オリクトGXヘルム,Heaume Orykto GX
9040,オリクトＧキャップ,Casquette Orykto G
9041,オリクトGFキャップ,Casquette Orykto GF
9042,オリクトGXキャップ,Casquette Orykto GX
9043,ボニトヘルム,
9044,ボニトＦヘルム,
9045,ボニトFYヘルム,
9046,ボニトHSヘルム,
9047,ボニトＧヘルム,
9048,ボニトGFヘルム,
9049,ボニトGXヘルム,
9050,ボニトキャップ,
9051,ボニトＦキャップ,
9052,ボニトFYキャップ,
9053,ボニトHSキャップ,
9054,ボニトＧキャップ,
9055,ボニトGFキャップ,
9056,ボニトGXキャップ,
9057,コントラGXピアス,
9058,ジントラGXピアス,Piercing Jintora GX
9059,アントラGXピアス,Piercing Antora GX
9060,ビントラGXピアス,Piercing Bintora GX
9061,タントラGXピアス,Piercing Tantora GX
9062,ルチャルＧピアス,Piercing Luchar G
9063,ルチャルGFピアス,Piercing Luchar GF
9064,ルチャルGXピアス,Piercing Luchar GX
9065,司銀Ｇ【兜】,
9066,司銀GF【兜】,
9067,司銀GX【兜】,
9068,操銀Ｇ【兜】,
9069,操銀GF【兜】,
9070,操銀GX【兜】,
9071,ハルドヘルム,Heaume Harudo
9072,ハルドＦヘルム,Heaume Harudo F
9073,ハルドFXヘルム,Heaume Harudo FX
9074,ハルドＧヘルム,Heaume Harudo G
9075,ハルドGFヘルム,Heaume Harudo GF
9076,ハルドキャップ,Casquette Harudo
9077,ハルドＦキャップ,Casquette Harudo F
9078,ハルドFXキャップ,Casquette Harudo FX
9079,ハルドＧキャップ,Casquette Harudo G
9080,ハルドGFキャップ,Casquette Harudo GF
9081,グレアヘルム,Heaume Gureado
9082,グレアＦヘルム,Heaume Gureado F
9083,グレアFXヘルム,Heaume Gureado FX
9084,グレアＧヘルム,Heaume Gureado G
9085,グレアGFヘルム,Heaume Gureado GF
9086,グレアキャップ,Casquette Gureado
9087,グレアＦキャップ,Casquette Gureado F
9088,グレアFXキャップ,Casquette Gureado FX
9089,グレアＧキャップ,Casquette Gureado G
9090,グレアGFキャップ,Casquette Gureado GF
9091,アカムトＧサクパケ,
9092,アカムトGFサクパケ,
9093,アカムトGXサクパケ,
9094,アカムトＧサクイマキ,
9095,アカムトGFサクイマキ,
9096,アカムトGXサクイマキ,
9097,ガノンＧヘルム,Heaume Plesioth G
9098,ガノンGFヘルム,Heaume Plesioth GF
9099,ガノンGXヘルム,Heaume Plesioth GX
9100,ガノンＧキャップ,Casquette Plesioth G
9101,ガノンGFキャップ,Casquette Plesioth GF
9102,ガノンGXキャップ,Casquette Plesioth GX
9103,ヒプックＧヘルム,
9104,ヒプックGFヘルム,
9105,ヒプックGXヘルム,
9106,ヒプックＧキャップ,
9107,ヒプックGFキャップ,
9108,ヒプックGXキャップ,
9109,ブリッツGXホーン,
9110,ブリッツGXコルノ,
9111,ストロマGXヘルム,Heaume Stroma GX
9112,ストロマGXキャップ,Casquette Stroma GX
9113,ディボアGXヘルム,Heaume Diboa GX
9114,ディボアGXキャップ,Casquette Diboa GX
9115,レグヌムヘッド・白,Coiffe Regnum blanche
9116,レグヌムＦヘッド・白,Coiffe Regnum F blanche
9117,レグヌムFZヘッド・白,Coiffe Regnum FZ blanche
9118,レグヌムHSヘッド・白,Coiffe Regnum HS blanche
9119,レグヌムGSヘッド・白,Coiffe Regnum GS blanche
9120,レグヌムGPヘッド・白,Coiffe Regnum GP blanche
9121,レグヌムハット・白,Chapeau Regnum blanc
9122,レグヌムＦハット・白,Chapeau Regnum F blanc
9123,レグヌムFZハット・白,Chapeau Regnum FZ blanc
9124,レグヌムHSハット・白,Chapeau Regnum HS blanc
9125,レグヌムGSハット・白,Chapeau Regnum GS blanc
9126,レグヌムGPハット・白,Chapeau Regnum GP blanc
9127,レグヌムヘッド・青,Coiffe Regnum bleue
9128,レグヌムＦヘッド・青,Coiffe Regnum F bleue
9129,レグヌムFZヘッド・青,Coiffe Regnum FZ bleue
9130,レグヌムHSヘッド・青,Coiffe Regnum HS bleue
9131,レグヌムGSヘッド・青,Coiffe Regnum GS bleue
9132,レグヌムGPヘッド・青,Coiffe Regnum GP bleue
9133,レグヌムハット・青,Chapeau Regnum bleu
9134,レグヌムＦハット・青,Chapeau Regnum F bleu
9135,レグヌムFZハット・青,Chapeau Regnum FZ bleu
9136,レグヌムHSハット・青,Chapeau Regnum HS bleu
9137,レグヌムGSハット・青,Chapeau Regnum GS bleu
9138,レグヌムGPハット・青,Chapeau Regnum GP bleu
9139,レグヌムヘッド・赤,Coiffe Regnum rouge
9140,レグヌムＦヘッド・赤,Coiffe Regnum F rouge
9141,レグヌムFZヘッド・赤,Coiffe Regnum FZ rouge
9142,レグヌムHSヘッド・赤,Coiffe Regnum HS rouge
9143,レグヌムGSヘッド・赤,Coiffe Regnum GS rouge
9144,レグヌムGPヘッド・赤,Coiffe Regnum GP rouge
9145,レグヌムハット・赤,Chapeau Regnum rouge
9146,レグヌムＦハット・赤,Chapeau Regnum F rouge
9147,レグヌムFZハット・赤,Chapeau Regnum FZ rouge
9148,レグヌムHSハット・赤,Chapeau Regnum HS rouge
9149,レグヌムGSハット・赤,Chapeau Regnum GS rouge
9150,レグヌムGPハット・赤,Chapeau Regnum GP rouge
9151,レグヌムヘッド・茶,Coiffe Regnum brune
9152,レグヌムＦヘッド・茶,Coiffe Regnum F brune
9153,レグヌムFZヘッド・茶,Coiffe Regnum FZ brune
9154,レグヌムHSヘッド・茶,Coiffe Regnum HS brune
9155,レグヌムGSヘッド・茶,Coiffe Regnum GS brune
9156,レグヌムGPヘッド・茶,Coiffe Regnum GP brune
9157,レグヌムハット・茶,Chapeau Regnum brun
9158,レグヌムＦハット・茶,Chapeau Regnum F brun
9159,レグヌムFZハット・茶,Chapeau Regnum FZ brun
9160,レグヌムHSハット・茶,Chapeau Regnum HS brun
9161,レグヌムGSハット・茶,Chapeau Regnum GS brun
9162,レグヌムGPハット・茶,Chapeau Regnum GP brun
9163,マリンヘッド・青,Coiffe Marin bleue
9164,マリンＦヘッド・青,Coiffe Marin F bleue
9165,マリンFZヘッド・青,Coiffe Marin FZ bleue
9166,マリンHSヘッド・青,Coiffe Marin HS bleue
9167,マリンGSヘッド・青,Coiffe Marin GS bleue
9168,マリンGPヘッド・青,Coiffe Marin GP bleue
9169,マリンキャップ・青,Casquette Marin bleue
9170,マリンＦキャップ・青,Casquette Marin F bleue
9171,マリンFZキャップ・青,Casquette Marin FZ bleue
9172,マリンHSキャップ・青,Casquette Marin HS bleue
9173,マリンGSキャップ・青,Casquette Marin GS bleue
9174,マリンGPキャップ・青,Casquette Marin GP bleue
9175,マリンヘッド・桃,Coiffe Marin rose
9176,マリンＦヘッド・桃,Coiffe Marin F rose
9177,マリンFZヘッド・桃,Coiffe Marin FZ rose
9178,マリンHSヘッド・桃,Coiffe Marin HS rose
9179,マリンGSヘッド・桃,Coiffe Marin GS rose
9180,マリンGPヘッド・桃,Coiffe Marin GP rose
9181,マリンキャップ・桃,Casquette Marin rose
9182,マリンＦキャップ・桃,Casquette Marin F rose
9183,マリンFZキャップ・桃,Casquette Marin FZ rose
9184,マリンHSキャップ・桃,Casquette Marin HS rose
9185,マリンGSキャップ・桃,Casquette Marin GS rose
9186,マリンGPキャップ・桃,Casquette Marin GP rose
9187,マリンヘッド・白,Coiffe Marin blanche
9188,マリンＦヘッド・白,Coiffe Marin F blanche
9189,マリンFZヘッド・白,Coiffe Marin FZ blanche
9190,マリンHSヘッド・白,Coiffe Marin HS blanche
9191,マリンGSヘッド・白,Coiffe Marin GS blanche
9192,マリンGPヘッド・白,Coiffe Marin GP blanche
9193,マリンキャップ・白,Casquette Marin blanche
9194,マリンＦキャップ・白,Casquette Marin F blanche
9195,マリンFZキャップ・白,Casquette Marin FZ blanche
9196,マリンHSキャップ・白,Casquette Marin HS blanche
9197,マリンGSキャップ・白,Casquette Marin GS blanche
9198,マリンGPキャップ・白,Casquette Marin GP blanche
9199,マリンヘッド・黒,Coiffe Marin noire
9200,マリンＦヘッド・黒,Coiffe Marin F noire
9201,マリンFZヘッド・黒,Coiffe Marin FZ noire
9202,マリンHSヘッド・黒,Coiffe Marin HS noire
9203,マリンGSヘッド・黒,Coiffe Marin GS noire
9204,マリンGPヘッド・黒,Coiffe Marin GP noire
9205,マリンキャップ・黒,Casquette Marin noire
9206,マリンＦキャップ・黒,Casquette Marin F noire
9207,マリンFZキャップ・黒,Casquette Marin FZ noire
9208,マリンHSキャップ・黒,Casquette Marin HS noire
9209,マリンGSキャップ・黒,Casquette Marin GS noire
9210,マリンGPキャップ・黒,Casquette Marin GP noire
9211,ルフレヘッド・青,Coiffe Rufre bleue
9212,ルフレＦヘッド・青,Coiffe Rufre F bleue
9213,ルフレFZヘッド・青,Coiffe Rufre FZ bleue
9214,ルフレHSヘッド・青,Coiffe Rufre HS bleue
9215,ルフレGSヘッド・青,Coiffe Rufre GS bleue
9216,ルフレGPヘッド・青,Coiffe Rufre GP bleue
9217,ルフレマスク・青,Masque Rufre bleu
9218,ルフレＦマスク・青,Masque Rufre F bleu
9219,ルフレFZマスク・青,Masque Rufre FZ bleu
9220,ルフレHSマスク・青,Masque Rufre HS bleu
9221,ルフレGSマスク・青,Masque Rufre GS bleu
9222,ルフレGPマスク・青,Masque Rufre GP bleu
9223,ルフレヘッド・白,Coiffe Rufre blanche
9224,ルフレＦヘッド・白,Coiffe Rufre F blanche
9225,ルフレFZヘッド・白,Coiffe Rufre FZ blanche
9226,ルフレHSヘッド・白,Coiffe Rufre HS blanche
9227,ルフレGSヘッド・白,Coiffe Rufre GS blanche
9228,ルフレGPヘッド・白,Coiffe Rufre GP blanche
9229,ルフレマスク・白,Masque Rufre blanc
9230,ルフレＦマスク・白,Masque Rufre F blanc
9231,ルフレFZマスク・白,Masque Rufre FZ blanc
9232,ルフレHSマスク・白,Masque Rufre HS blanc
9233,ルフレGSマスク・白,Masque Rufre GS blanc
9234,ルフレGPマスク・白,Masque Rufre GP blanc
9235,ルフレヘッド・赤,Coiffe Rufre rouge
9236,ルフレＦヘッド・赤,Coiffe Rufre F rouge
9237,ルフレFZヘッド・赤,Coiffe Rufre FZ rouge
9238,ルフレHSヘッド・赤,Coiffe Rufre HS rouge
9239,ルフレGSヘッド・赤,Coiffe Rufre GS rouge
9240,ルフレGPヘッド・赤,Coiffe Rufre GP rouge
9241,ルフレマスク・赤,Masque Rufre rouge
9242,ルフレＦマスク・赤,Masque Rufre F rouge
9243,ルフレFZマスク・赤,Masque Rufre FZ rouge
9244,ルフレHSマスク・赤,Masque Rufre HS rouge
9245,ルフレGSマスク・赤,Masque Rufre GS rouge
9246,ルフレGPマスク・赤,Masque Rufre GP rouge
9247,ルフレヘッド・黒,Coiffe Rufre noire
9248,ルフレＦヘッド・黒,Coiffe Rufre F noire
9249,ルフレFZヘッド・黒,Coiffe Rufre FZ noire
9250,ルフレHSヘッド・黒,Coiffe Rufre HS noire
9251,ルフレGSヘッド・黒,Coiffe Rufre GS noire
9252,ルフレGPヘッド・黒,Coiffe Rufre GP noire
9253,ルフレマスク・黒,Masque Rufre noir
9254,ルフレＦマスク・黒,Masque Rufre F noir
9255,ルフレFZマスク・黒,Masque Rufre FZ noir
9256,ルフレHSマスク・黒,Masque Rufre HS noir
9257,ルフレGSマスク・黒,Masque Rufre GS noir
9258,ルフレGPマスク・黒,Masque Rufre GP noir
9259,CEケブラー頭：剣青,Tête CE Lame bleue
9260,CEケブラーＦ頭：剣青,Tête CE Lame bleue
9261,CEケブラーFZ頭：剣青,Tête CE Lame bleue
9262,CEケブラーHS頭：剣青,Tête CE Lame bleue
9263,CEケブラーGS頭：剣青,Tête CE Lame bleue
9264,CEケブラーGP頭：剣青,Tête CE Lame bleue
9265,CEケブラー頭：弓青,Tête CE Arc bleue
9266,CEケブラーＦ頭：弓青,Tête CE Arc bleue
9267,CEケブラーFZ頭：弓青,Tête CE Arc bleue
9268,CEケブラーHS頭：弓青,Tête CE Arc bleue
9269,CEケブラーGS頭：弓青,Tête CE Arc bleue
9270,CEケブラーGP頭：弓青,Tête CE Arc bleue
9271,CEケブラー頭：剣赤,Tête CE Lame rouge
9272,CEケブラーＦ頭：剣赤,Tête CE Lame rouge
9273,CEケブラーFZ頭：剣赤,Tête CE Lame rouge
9274,CEケブラーHS頭：剣赤,Tête CE Lame rouge
9275,CEケブラーGS頭：剣赤,Tête CE Lame rouge
9276,CEケブラーGP頭：剣赤,Tête CE Lame rouge
9277,CEケブラー頭：弓赤,Tête CE Arc rouge
9278,CEケブラーＦ頭：弓赤,Tête CE Arc rouge
9279,CEケブラーFZ頭：弓赤,Tête CE Arc rouge
9280,CEケブラーHS頭：弓赤,Tête CE Arc rouge
9281,CEケブラーGS頭：弓赤,Tête CE Arc rouge
9282,CEケブラーGP頭：弓赤,Tête CE Arc rouge
9283,CEケブラー頭：剣白,Tête CE Lame blanche
9284,CEケブラーＦ頭：剣白,Tête CE Lame blanche
9285,CEケブラーFZ頭：剣白,Tête CE Lame blanche
9286,CEケブラーHS頭：剣白,Tête CE Lame blanche
9287,CEケブラーGS頭：剣白,Tête CE Lame blanche
9288,CEケブラーGP頭：剣白,Tête CE Lame blanche
9289,CEケブラー頭：弓白,Tête CE Arc blanche
9290,CEケブラーＦ頭：弓白,Tête CE Arc blanche
9291,CEケブラーFZ頭：弓白,Tête CE Arc blanche
9292,CEケブラーHS頭：弓白,Tête CE Arc blanche
9293,CEケブラーGS頭：弓白,Tête CE Arc blanche
9294,CEケブラーGP頭：弓白,Tête CE Arc blanche
9295,CEケブラー頭：剣黒,Tête CE Lame noire
9296,CEケブラーＦ頭：剣黒,Tête CE Lame noire
9297,CEケブラーFZ頭：剣黒,Tête CE Lame noire
9298,CEケブラーHS頭：剣黒,Tête CE Lame noire
9299,CEケブラーGS頭：剣黒,Tête CE Lame noire
9300,CEケブラーGP頭：剣黒,Tête CE Lame noire
9301,CEケブラー頭：弓黒,Tête CE Arc noire
9302,CEケブラーＦ頭：弓黒,Tête CE Arc noire
9303,CEケブラーFZ頭：弓黒,Tête CE Arc noire
9304,CEケブラーHS頭：弓黒,Tête CE Arc noire
9305,CEケブラーGS頭：弓黒,Tête CE Arc noire
9306,CEケブラーGP頭：弓黒,Tête CE Arc noire
9307,ABレイヤー頭：剣赤,
9308,ABレイヤーＦ頭：剣赤,
9309,ABレイヤーFZ頭：剣赤,
9310,ABレイヤーHS頭：剣赤,
9311,ABレイヤーGS頭：剣赤,
9312,ABレイヤーGP頭：剣赤,
9313,ABレイヤー頭：弓赤,
9314,ABレイヤーＦ頭：弓赤,
9315,ABレイヤーFZ頭：弓赤,
9316,ABレイヤーHS頭：弓赤,
9317,ABレイヤーGS頭：弓赤,
9318,ABレイヤーGP頭：弓赤,
9319,ABレイヤー頭：剣青,
9320,ABレイヤーＦ頭：剣青,
9321,ABレイヤーFZ頭：剣青,
9322,ABレイヤーHS頭：剣青,
9323,ABレイヤーGS頭：剣青,
9324,ABレイヤーGP頭：剣青,
9325,ABレイヤー頭：弓青,
9326,ABレイヤーＦ頭：弓青,
9327,ABレイヤーFZ頭：弓青,
9328,ABレイヤーHS頭：弓青,
9329,ABレイヤーGS頭：弓青,
9330,ABレイヤーGP頭：弓青,
9331,ABレイヤー頭：剣黒,
9332,ABレイヤーＦ頭：剣黒,
9333,ABレイヤーFZ頭：剣黒,
9334,ABレイヤーHS頭：剣黒,
9335,ABレイヤーGS頭：剣黒,
9336,ABレイヤーGP頭：剣黒,
9337,ABレイヤー頭：弓黒,
9338,ABレイヤーＦ頭：弓黒,
9339,ABレイヤーFZ頭：弓黒,
9340,ABレイヤーHS頭：弓黒,
9341,ABレイヤーGS頭：弓黒,
9342,ABレイヤーGP頭：弓黒,
9343,ABレイヤー頭：剣白,
9344,ABレイヤーＦ頭：剣白,
9345,ABレイヤーFZ頭：剣白,
9346,ABレイヤーHS頭：剣白,
9347,ABレイヤーGS頭：剣白,
9348,ABレイヤーGP頭：剣白,
9349,ABレイヤー頭：弓白,
9350,ABレイヤーＦ頭：弓白,
9351,ABレイヤーFZ頭：弓白,
9352,ABレイヤーHS頭：弓白,
9353,ABレイヤーGS頭：弓白,
9354,ABレイヤーGP頭：弓白,
9355,ブロンテヘッド,Coiffe Bronte
9356,ブロンテＦヘッド,Coiffe Bronte F
9357,ブロンテFZヘッド,Coiffe Bronte FZ
9358,ブロンテHSヘッド,Coiffe Bronte HS
9359,ブロンテGSヘッド,Coiffe Bronte GS
9360,ブロンテGPヘッド,Coiffe Bronte GP
9361,ブロンテハット,Chapeau Bronte
9362,ブロンテＦハット,Chapeau Bronte F
9363,ブロンテFZハット,Chapeau Bronte FZ
9364,ブロンテHSハット,Chapeau Bronte HS
9365,ブロンテGSハット,Chapeau Bronte GS
9366,ブロンテGPハット,Chapeau Bronte GP
9367,ソレーネヘッド,Coiffe Solene
9368,ソレーネＦヘッド,Coiffe Solene F
9369,ソレーネFZヘッド,Coiffe Solene FZ
9370,ソレーネHSヘッド,Coiffe Solene HS
9371,ソレーネGSヘッド,Coiffe Solene GS
9372,ソレーネGPヘッド,Coiffe Solene GP
9373,ソレーネハット,Chapeau Solene
9374,ソレーネＦハット,Chapeau Solene F
9375,ソレーネFZハット,Chapeau Solene FZ
9376,ソレーネHSハット,Chapeau Solene HS
9377,ソレーネGSハット,Chapeau Solene GS
9378,ソレーネGPハット,Chapeau Solene GP
9379,ラピヌバンド,Bandeau Lapine
9380,ラピヌＦバンド,Bandeau Lapine F
9381,ラピヌFZバンド,Bandeau Lapine FZ
9382,ラピヌHSバンド,Bandeau Lapine HS
9383,ラピヌGSバンド,Bandeau Lapine GS
9384,ラピヌGPバンド,Bandeau Lapine GP
9385,ラピヌヘッド,Coiffe Lapine
9386,ラピヌＦヘッド,Coiffe Lapine F
9387,ラピヌFZヘッド,Coiffe Lapine FZ
9388,ラピヌHSヘッド,Coiffe Lapine HS
9389,ラピヌGSヘッド,Coiffe Lapine GS
9390,ラピヌGPヘッド,Coiffe Lapine GP
9391,トロピオピアス,
9392,トロピオＦピアス,
9393,トロピオFZピアス,
9394,トロピオHSピアス,
9395,トロピオGSピアス,
9396,トロピオGPピアス,
9397,マゴスGPヘッド・黄,Coiffe Magos GP jaune
9398,マゴスGPハール・黄,Chevelure Magos GP jaune
9399,マゴスGPヘッド・赤,Coiffe Magos GP rouge
9400,マゴスGPハール・赤,Chevelure Magos GP rouge
9401,マゴスGPヘッド・水,
9402,マゴスGPハール・水,
9403,マゴスGPヘッド・青,Coiffe Magos GP bleue
9404,マゴスGPハール・青,Chevelure Magos GP bleue
9405,ユクモノカサ・天,
9406,ユクモノカサＧ・天,
9407,ユクモノカサGF・天,
9408,ユクモノカサGX・天,
9409,フロガダＧヘッド,Coiffe Furogada G
9410,フロガダGFヘッド,Coiffe Furogada GF
9411,フロガダGXヘッド,Coiffe Furogada GX
9412,ユクモノカサ・地,
9413,ユクモノカサＧ・地,
9414,ユクモノカサGF・地,
9415,ユクモノカサGX・地,
9416,フロガダＧキャップ,Casquette Furogada G
9417,フロガダGFキャップ,Casquette Furogada GF
9418,フロガダGXキャップ,Casquette Furogada GX
9419,ダミー,
9420,ダミー,
9421,ダミー,
9422,ダミー,
9423,ランセＧヘッド,Coiffe Rance G
9424,ランセGFヘッド,Coiffe Rance GF
9425,ランセGXヘッド,Coiffe Rance GX
9426,ダミー,
9427,ダミー,
9428,ダミー,
9429,ダミー,
9430,ランセＧウィッグ,
9431,ランセGFウィッグ,
9432,ランセGXウィッグ,
9433,メイリダヘルム,Heaume Meirida
9434,メイリダＦヘルム,Heaume Meirida F
9435,メイリダFYヘルム,Heaume Meirida FY
9436,メイリダHSヘルム,Heaume Meirida HS
9437,メイリダＧヘルム,Heaume Meirida G
9438,メイリダGFヘルム,Heaume Meirida GF
9439,メイリダGXヘルム,Heaume Meirida GX
9440,メイリダキャップ,Casquette Meirida
9441,メイリダＦキャップ,Casquette Meirida F
9442,メイリダFYキャップ,Casquette Meirida FY
9443,メイリダHSキャップ,Casquette Meirida HS
9444,メイリダＧキャップ,Casquette Meirida G
9445,メイリダGFキャップ,Casquette Meirida GF
9446,メイリダGXキャップ,Casquette Meirida GX
9447,マアデンヘルム,Heaume Maaden
9448,マアデンＦヘルム,Heaume Maaden F
9449,マアデンFYヘルム,Heaume Maaden FY
9450,マアデンHSヘルム,Heaume Maaden HS
9451,マアデンＧヘルム,Heaume Maaden G
9452,マアデンGFヘルム,Heaume Maaden GF
9453,マアデンGXヘルム,Heaume Maaden GX
9454,マアデンキャップ,Casquette Maaden
9455,マアデンＦキャップ,Casquette Maaden F
9456,マアデンFYキャップ,Casquette Maaden FY
9457,マアデンHSキャップ,Casquette Maaden HS
9458,マアデンＧキャップ,Casquette Maaden G
9459,マアデンGFキャップ,Casquette Maaden GF
9460,マアデンGXキャップ,Casquette Maaden GX
9461,紅昇【鉢金】,
9462,紅昇Ｆ【鉢金】,
9463,紅昇FY【鉢金】,
9464,紅昇HS【鉢金】,
9465,紅昇Ｇ【鉢金】,
9466,紅昇GF【鉢金】,
9467,紅昇GX【鉢金】,
9468,紅楼【鉢金】,
9469,紅楼Ｆ【鉢金】,
9470,紅楼FY【鉢金】,
9471,紅楼HS【鉢金】,
9472,紅楼Ｇ【鉢金】,
9473,紅楼GF【鉢金】,
9474,紅楼GX【鉢金】,
9475,アブヤドヘルム,Heaume Abuyado
9476,アブヤドＦヘルム,Heaume Abuyado F
9477,アブヤドFYヘルム,Heaume Abuyado FY
9478,アブヤドHSヘルム,Heaume Abuyado HS
9479,アブヤドＧヘルム,Heaume Abuyado G
9480,アブヤドGFヘルム,Heaume Abuyado GF
9481,アブヤドGXヘルム,Heaume Abuyado GX
9482,アブヤドキャップ,Casquette Abuyado
9483,アブヤドＦキャップ,Casquette Abuyado F
9484,アブヤドFYキャップ,Casquette Abuyado FY
9485,アブヤドHSキャップ,Casquette Abuyado HS
9486,アブヤドＧキャップ,Casquette Abuyado G
9487,アブヤドGFキャップ,Casquette Abuyado GF
9488,アブヤドGXキャップ,Casquette Abuyado GX
9489,ゴルックヘッド,Coiffe Gorukku
9490,ゴルックＦヘッド,Coiffe Gorukku F
9491,ゴルックFYヘッド,Coiffe Gorukku FY
9492,ゴルックHSヘッド,Coiffe Gorukku HS
9493,ゴルックＧヘッド,Coiffe Gorukku G
9494,ゴルックGFヘッド,Coiffe Gorukku GF
9495,ゴルックGXヘッド,Coiffe Gorukku GX
9496,ゴルックフェイス,
9497,ゴルックＦフェイス,
9498,ゴルックFYフェイス,
9499,ゴルックHSフェイス,
9500,ゴルックＧフェイス,
9501,ゴルックGFフェイス,
9502,ゴルックGXフェイス,
9503,ハルルバレッタ,
9504,ハルルＦバレッタ,
9505,ポボルコサージュ,
9506,ポボルＦコサージュ,
9507,しましまヘッド,Coiffe Shimashima
9508,しましまＦヘッド,Coiffe Shimashima F
9509,しましまFYヘッド,Coiffe Shimashima FY
9510,しましまHSヘッド,Coiffe Shimashima HS
9511,しましまＧヘッド,Coiffe Shimashima G
9512,しましまGFヘッド,Coiffe Shimashima GF
9513,しましまGXヘッド,Coiffe Shimashima GX
9514,しましまキャップ,Casquette Shimashima
9515,しましまＦキャップ,Casquette Shimashima F
9516,しましまFYキャップ,Casquette Shimashima FY
9517,しましまHSキャップ,Casquette Shimashima HS
9518,しましまＧキャップ,Casquette Shimashima G
9519,しましまGFキャップ,Casquette Shimashima GF
9520,しましまGXキャップ,Casquette Shimashima GX
9521,リオデュオFYヘルム,Heaume Rath FY
9522,リオデュオHSヘルム,Heaume Rath HS
9523,リオデュオＧヘルム,Heaume Rath G
9524,リオデュオGFヘルム,Heaume Rath GF
9525,リオデュオGXヘルム,Heaume Rath GX
9526,リオデュオFYキャップ,Casquette Rath FY
9527,リオデュオHSキャップ,Casquette Rath HS
9528,リオデュオＧキャップ,Casquette Rath G
9529,リオデュオGFキャップ,Casquette Rath GF
9530,リオデュオGXキャップ,Casquette Rath GX
9531,タンドレスHSヘッド,Coiffe Tandress HS
9532,タンドレスＧヘッド,Coiffe Tandress G
9533,タンドレスGFヘッド,Coiffe Tandress GF
9534,タンドレスGXヘッド,Coiffe Tandress GX
9535,タンドレスHSピアス,Piercing Tandress HS
9536,タンドレスＧピアス,Piercing Tandress G
9537,タンドレスGFピアス,Piercing Tandress GF
9538,タンドレスGXピアス,Piercing Tandress GX
9539,ランヴォヘルム,Heaume Ranvuo
9540,ランヴォＦヘルム,Heaume Ranvuo F
9541,ランヴォFYヘルム,Heaume Ranvuo FY
9542,ランヴォHSヘルム,Heaume Ranvuo HS
9543,ランヴォＧヘルム,Heaume Ranvuo G
9544,ランヴォGFヘルム,Heaume Ranvuo GF
9545,ランヴォGXヘルム,Heaume Ranvuo GX
9546,ランヴォキャップ,Casquette Ranvuo
9547,ランヴォＦキャップ,Casquette Ranvuo F
9548,ランヴォFYキャップ,Casquette Ranvuo FY
9549,ランヴォHSキャップ,Casquette Ranvuo HS
9550,ランヴォＧキャップ,Casquette Ranvuo G
9551,ランヴォGFキャップ,Casquette Ranvuo GF
9552,ランヴォGXキャップ,Casquette Ranvuo GX
9553,ニュイヘルム,Heaume Nyui
9554,ニュイＦヘルム,Heaume Nyui F
9555,ニュイFYヘルム,Heaume Nyui FY
9556,ニュイHSヘルム,Heaume Nyui HS
9557,ニュイＧヘルム,Heaume Nyui G
9558,ニュイGFヘルム,Heaume Nyui GF
9559,ニュイGXヘルム,Heaume Nyui GX
9560,ニュイキャップ,Casquette Nyui
9561,ニュイＦキャップ,Casquette Nyui F
9562,ニュイFYキャップ,Casquette Nyui FY
9563,ニュイHSキャップ,Casquette Nyui HS
9564,ニュイＧキャップ,Casquette Nyui G
9565,ニュイGFキャップ,Casquette Nyui GF
9566,ニュイGXキャップ,Casquette Nyui GX
9567,ダミー,
9568,ダミー,
9569,ダミー,
9570,ダミー,
9571,ニンファＧヘルム,Heaume Nympha G
9572,ニンファGFヘルム,Heaume Nympha GF
9573,ニンファGXヘルム,Heaume Nympha GX
9574,ダミー,
9575,ダミー,
9576,ダミー,
9577,ダミー,
9578,ニンファＧキャップ,Casquette Nympha G
9579,ニンファGFキャップ,Casquette Nympha GF
9580,ニンファGXキャップ,Casquette Nympha GX
9581,ハルドGXヘルム,Heaume Harudo GX
9582,ハルドGXキャップ,Casquette Harudo GX
9583,グレアGXヘルム,Heaume Gureado GX
9584,グレアGXキャップ,Casquette Gureado GX
9585,ピクスGPヘッド・緑,Coiffe Pyx GP verte
9586,ピクスGPハット・緑,Chapeau Pyx GP vert
9587,ピクスGPヘッド・紫,Coiffe Pyx GP violette
9588,ピクスGPハット・紫,Chapeau Pyx GP violet
9589,ピクスGPヘッド・黒,Coiffe Pyx GP noire
9590,ピクスGPハット・黒,Chapeau Pyx GP noir
9591,ピクスGPヘッド・水,
9592,ピクスGPハット・水,
9593,ダミー,
9594,ダミー,
9595,タルネコヘルム・金,
9596,ダミー,
9597,ダミー,
9598,ダミー,
9599,ダミー,
9600,ダミー,
9601,ダミー,
9602,タルネコヘルム・銀,
9603,ダミー,
9604,ダミー,
9605,ダミー,
9606,ダミー,
9607,ダミー,
9608,ダミー,
9609,タルネコヘルム・銅,
9610,ダミー,
9611,ダミー,
9612,ダミー,
9613,ダミー,
9614,ダミー,
9615,ダミー,
9616,スマートHSヘッド,
9617,スマートGSヘッド,
9618,ガスラヘルム,Heaume Gasura
9619,ガスラＦヘルム,Heaume Gasura F
9620,ガスラFXヘルム,Heaume Gasura FX
9621,ガスラＧヘルム,Heaume Gasura G
9622,ガスラGFヘルム,Heaume Gasura GF
9623,ガスラGXヘルム,Heaume Gasura GX
9624,ガスラキャップ,Casquette Gasura
9625,ガスラＦキャップ,Casquette Gasura F
9626,ガスラFXキャップ,Casquette Gasura FX
9627,ガスラＧキャップ,Casquette Gasura G
9628,ガスラGFキャップ,Casquette Gasura GF
9629,ガスラGXキャップ,Casquette Gasura GX
9630,怒貌Ｇ【兜】,
9631,怒貌GF【兜】,
9632,怒貌GX【兜】,
9633,怒面Ｇ【兜】,
9634,怒面GF【兜】,
9635,怒面GX【兜】,
9636,アビＧヘルム,Heaume Abi G
9637,アビGFヘルム,Heaume Abi GF
9638,アビGXヘルム,Heaume Abi GX
9639,アビＧキャップ,Casquette Abi G
9640,アビGFキャップ,Casquette Abi GF
9641,アビGXキャップ,Casquette Abi GX
9642,ジンオウヘルム,Heaume Zinogre
9643,ジンオウＧヘルム,Heaume Zinogre G
9644,ジンオウGFヘルム,Heaume Zinogre GF
9645,ジンオウGXヘルム,Heaume Zinogre GX
9646,ジンオウキャップ,Casquette Zinogre
9647,ジンオウＧキャップ,Casquette Zinogre G
9648,ジンオウGFキャップ,Casquette Zinogre GF
9649,ジンオウGXキャップ,Casquette Zinogre GX
9650,ガニアヘッド・赤,Coiffe Gania rouge
9651,ガニアＦヘッド・赤,Coiffe Gania F rouge
9652,ガニアFZヘッド・赤,Coiffe Gania FZ rouge
9653,ガニアHSヘッド・赤,Coiffe Gania HS rouge
9654,ガニアGSヘッド・赤,Coiffe Gania GS rouge
9655,ガニアGPヘッド・赤,Coiffe Gania GP rouge
9656,ガニアキャップ・赤,Casquette Gania rouge
9657,ガニアＦキャップ・赤,Casquette Gania F rouge
9658,ガニアFZキャップ・赤,Casquette Gania FZ rouge
9659,ガニアHSキャップ・赤,Casquette Gania HS rouge
9660,ガニアGSキャップ・赤,Casquette Gania GS rouge
9661,ガニアGPキャップ・赤,Casquette Gania GP rouge
9662,ガニアヘッド・青,Coiffe Gania bleue
9663,ガニアＦヘッド・青,Coiffe Gania F bleue
9664,ガニアFZヘッド・青,Coiffe Gania FZ bleue
9665,ガニアHSヘッド・青,Coiffe Gania HS bleue
9666,ガニアGSヘッド・青,Coiffe Gania GS bleue
9667,ガニアGPヘッド・青,Coiffe Gania GP bleue
9668,ガニアキャップ・青,Casquette Gania bleue
9669,ガニアＦキャップ・青,Casquette Gania F bleue
9670,ガニアFZキャップ・青,Casquette Gania FZ bleue
9671,ガニアHSキャップ・青,Casquette Gania HS bleue
9672,ガニアGSキャップ・青,Casquette Gania GS bleue
9673,ガニアGPキャップ・青,Casquette Gania GP bleue
9674,ガニアヘッド・茶,Coiffe Gania brune
9675,ガニアＦヘッド・茶,Coiffe Gania F brune
9676,ガニアFZヘッド・茶,Coiffe Gania FZ brune
9677,ガニアHSヘッド・茶,Coiffe Gania HS brune
9678,ガニアGSヘッド・茶,Coiffe Gania GS brune
9679,ガニアGPヘッド・茶,Coiffe Gania GP brune
9680,ガニアキャップ・茶,Casquette Gania brune
9681,ガニアＦキャップ・茶,Casquette Gania F brune
9682,ガニアFZキャップ・茶,Casquette Gania FZ brune
9683,ガニアHSキャップ・茶,Casquette Gania HS brune
9684,ガニアGSキャップ・茶,Casquette Gania GS brune
9685,ガニアGPキャップ・茶,Casquette Gania GP brune
9686,ガニアヘッド・紫,Coiffe Gania violette
9687,ガニアＦヘッド・紫,Coiffe Gania F violette
9688,ガニアFZヘッド・紫,Coiffe Gania FZ violette
9689,ガニアHSヘッド・紫,Coiffe Gania HS violette
9690,ガニアGSヘッド・紫,Coiffe Gania GS violette
9691,ガニアGPヘッド・紫,Coiffe Gania GP violette
9692,ガニアキャップ・紫,Casquette Gania violette
9693,ガニアＦキャップ・紫,Casquette Gania F violette
9694,ガニアFZキャップ・紫,Casquette Gania FZ violette
9695,ガニアHSキャップ・紫,Casquette Gania HS violette
9696,ガニアGSキャップ・紫,Casquette Gania GS violette
9697,ガニアGPキャップ・紫,Casquette Gania GP violette
9698,ディナトヘッド,Coiffe Dinato
9699,ディナトＦヘッド,Coiffe Dinato F
9700,ディナトFZヘッド,Coiffe Dinato FZ
9701,ディナトHSヘッド,Coiffe Dinato HS
9702,ディナトGSヘッド,Coiffe Dinato GS
9703,ディナトGPヘッド,Coiffe Dinato GP
9704,ディナトキャップ,Casquette Dinato
9705,ディナトＦキャップ,Casquette Dinato F
9706,ディナトFZキャップ,Casquette Dinato FZ
9707,ディナトHSキャップ,Casquette Dinato HS
9708,ディナトGSキャップ,Casquette Dinato GS
9709,ディナトGPキャップ,Casquette Dinato GP
9710,ドゥケヘッド,Coiffe Duque
9711,ドゥケＦヘッド,Coiffe Duque F
9712,ドゥケFZヘッド,Coiffe Duque FZ
9713,ドゥケHSヘッド,Coiffe Duque HS
9714,ドゥケGSヘッド,Coiffe Duque GS
9715,ドゥケGPヘッド,Coiffe Duque GP
9716,ドゥケキャップ,Casquette Duque
9717,ドゥケＦキャップ,Casquette Duque F
9718,ドゥケFZキャップ,Casquette Duque FZ
9719,ドゥケHSキャップ,Casquette Duque HS
9720,ドゥケGSキャップ,Casquette Duque GS
9721,ドゥケGPキャップ,Casquette Duque GP
9722,グラヌヘッド,Coiffe Granu
9723,グラヌＦヘッド,Coiffe Granu F
9724,グラヌFZヘッド,Coiffe Granu FZ
9725,グラヌHSヘッド,Coiffe Granu HS
9726,グラヌGSヘッド,Coiffe Granu GS
9727,グラヌGPヘッド,Coiffe Granu GP
9728,グラヌキャップ,Casquette Granu
9729,グラヌＦキャップ,Casquette Granu F
9730,グラヌFZキャップ,Casquette Granu FZ
9731,グラヌHSキャップ,Casquette Granu HS
9732,グラヌGSキャップ,Casquette Granu GS
9733,グラヌGPキャップ,Casquette Granu GP
9734,プラグヘッド：01,
9735,プラグＦヘッド：01,
9736,プラグFZヘッド：01,
9737,プラグHSヘッド：01,
9738,プラグGSヘッド：01,
9739,プラグGPヘッド：01,
9740,プラグキャップ：01,
9741,プラグＦキャップ：01,
9742,プラグFZキャップ：01,
9743,プラグHSキャップ：01,
9744,プラグGSキャップ：01,
9745,プラグGPキャップ：01,
9746,プラグヘッド：00,
9747,プラグＦヘッド：00,
9748,プラグFZヘッド：00,
9749,プラグHSヘッド：00,
9750,プラグGSヘッド：00,
9751,プラグGPヘッド：00,
9752,プラグキャップ：00,
9753,プラグＦキャップ：00,
9754,プラグFZキャップ：00,
9755,プラグHSキャップ：00,
9756,プラグGSキャップ：00,
9757,プラグGPキャップ：00,
9758,初号機ヘッド,Coiffe Unit-
9759,初号機Ｆヘッド,Coiffe Unit- F
9760,初号機FZヘッド,Coiffe Unit- FZ
9761,初号機HSヘッド,Coiffe Unit- HS
9762,初号機GSヘッド,Coiffe Unit- GS
9763,初号機GPヘッド,Coiffe Unit- GP
9764,初号機マスク,Masque Unit-
9765,初号機Ｆマスク,Masque Unit- F
9766,初号機FZマスク,Masque Unit- FZ
9767,初号機HSマスク,Masque Unit- HS
9768,初号機GSマスク,Masque Unit- GS
9769,初号機GPマスク,Masque Unit- GP
9770,零号機ヘッド,Coiffe Unit-
9771,零号機Ｆヘッド,Coiffe Unit- F
9772,零号機FZヘッド,Coiffe Unit- FZ
9773,零号機HSヘッド,Coiffe Unit- HS
9774,零号機GSヘッド,Coiffe Unit- GS
9775,零号機GPヘッド,Coiffe Unit- GP
9776,零号機マスク,Masque Unit-
9777,零号機Ｆマスク,Masque Unit- F
9778,零号機FZマスク,Masque Unit- FZ
9779,零号機HSマスク,Masque Unit- HS
9780,零号機GSマスク,Masque Unit- GS
9781,零号機GPマスク,Masque Unit- GP
9782,ダスクヘッド・赤,Coiffe Crépuscule rouge
9783,ダスクＦヘッド・赤,Coiffe Crépuscule F rouge
9784,ダスクFZヘッド・赤,Coiffe Crépuscule FZ rouge
9785,ダスクHSヘッド・赤,Coiffe Crépuscule HS rouge
9786,ダスクGSヘッド・赤,Coiffe Crépuscule GS rouge
9787,ダスクGPヘッド・赤,Coiffe Crépuscule GP rouge
9788,ダスクキャップ・赤,Casquette Crépuscule rouge
9789,ダスクＦキャップ・赤,Casquette Crépuscule F rouge
9790,ダスクFZキャップ・赤,Casquette Crépuscule FZ rouge
9791,ダスクHSキャップ・赤,Casquette Crépuscule HS rouge
9792,ダスクGSキャップ・赤,Casquette Crépuscule GS rouge
9793,ダスクGPキャップ・赤,Casquette Crépuscule GP rouge
9794,ダスクヘッド・白,Coiffe Crépuscule blanche
9795,ダスクＦヘッド・白,Coiffe Crépuscule F blanche
9796,ダスクFZヘッド・白,Coiffe Crépuscule FZ blanche
9797,ダスクHSヘッド・白,Coiffe Crépuscule HS blanche
9798,ダスクGSヘッド・白,Coiffe Crépuscule GS blanche
9799,ダスクGPヘッド・白,Coiffe Crépuscule GP blanche
9800,ダスクキャップ・白,Casquette Crépuscule blanche
9801,ダスクＦキャップ・白,Casquette Crépuscule F blanche
9802,ダスクFZキャップ・白,Casquette Crépuscule FZ blanche
9803,ダスクHSキャップ・白,Casquette Crépuscule HS blanche
9804,ダスクGSキャップ・白,Casquette Crépuscule GS blanche
9805,ダスクGPキャップ・白,Casquette Crépuscule GP blanche
9806,ダスクヘッド・桃,Coiffe Crépuscule rose
9807,ダスクＦヘッド・桃,Coiffe Crépuscule F rose
9808,ダスクFZヘッド・桃,Coiffe Crépuscule FZ rose
9809,ダスクHSヘッド・桃,Coiffe Crépuscule HS rose
9810,ダスクGSヘッド・桃,Coiffe Crépuscule GS rose
9811,ダスクGPヘッド・桃,Coiffe Crépuscule GP rose
9812,ダスクキャップ・桃,Casquette Crépuscule rose
9813,ダスクＦキャップ・桃,Casquette Crépuscule F rose
9814,ダスクFZキャップ・桃,Casquette Crépuscule FZ rose
9815,ダスクHSキャップ・桃,Casquette Crépuscule HS rose
9816,ダスクGSキャップ・桃,Casquette Crépuscule GS rose
9817,ダスクGPキャップ・桃,Casquette Crépuscule GP rose
9818,ダスクヘッド・青,Coiffe Crépuscule bleue
9819,ダスクＦヘッド・青,Coiffe Crépuscule F bleue
9820,ダスクFZヘッド・青,Coiffe Crépuscule FZ bleue
9821,ダスクHSヘッド・青,Coiffe Crépuscule HS bleue
9822,ダスクGSヘッド・青,Coiffe Crépuscule GS bleue
9823,ダスクGPヘッド・青,Coiffe Crépuscule GP bleue
9824,ダスクキャップ・青,Casquette Crépuscule bleue
9825,ダスクＦキャップ・青,Casquette Crépuscule F bleue
9826,ダスクFZキャップ・青,Casquette Crépuscule FZ bleue
9827,ダスクHSキャップ・青,Casquette Crépuscule HS bleue
9828,ダスクGSキャップ・青,Casquette Crépuscule GS bleue
9829,ダスクGPキャップ・青,Casquette Crépuscule GP bleue
9830,トイストヘッド,
9831,トイストＦヘッド,
9832,トイストFZヘッド,
9833,トイストHSヘッド,
9834,トイストGSヘッド,
9835,トイストGPヘッド,
9836,トイストキャップ,
9837,トイストＦキャップ,
9838,トイストFZキャップ,
9839,トイストHSキャップ,
9840,トイストGSキャップ,
9841,トイストGPキャップ,
9842,ネコダンヘッド,Coiffe Nekodan
9843,ネコダンＦヘッド,Coiffe Nekodan F
9844,ネコダンFZヘッド,Coiffe Nekodan FZ
9845,ネコダンHSヘッド,Coiffe Nekodan HS
9846,ネコダンGSヘッド,Coiffe Nekodan GS
9847,ネコダンGPヘッド,Coiffe Nekodan GP
9848,ロワーガテスタ,
9849,ロワーガＧテスタ,
9850,ロワーガGFテスタ,
9851,ロワーガGXテスタ,
9852,ロワーガカプト,
9853,ロワーガＧカプト,
9854,ロワーガGFカプト,
9855,ロワーガGXカプト,
9856,ファルメルテスタ,
9857,ファルメルＧテスタ,
9858,ファルメルGFテスタ,
9859,ファルメルGXテスタ,
9860,ファルメルカプト,
9861,ファルメルＧカプト,
9862,ファルメルGFカプト,
9863,ファルメルGXカプト,
9864,ガスラバレッタ,
9865,ガスラＦバレッタ,
9866,ハルルコサージュ,
9867,ハルルＦコサージュ,
9868,リアルオＧヘルム,Heaume Riaruo G
9869,リアルオGFヘルム,Heaume Riaruo GF
9870,リアルオGXヘルム,Heaume Riaruo GX
9871,リアルオＧキャップ,Casquette Riaruo G
9872,リアルオGFキャップ,Casquette Riaruo GF
9873,リアルオGXキャップ,Casquette Riaruo GX
9874,オルドルヘルム,Heaume Ordre
9875,オルドルＦヘルム,Heaume Ordre F
9876,オルドルFYヘルム,Heaume Ordre FY
9877,オルドルHSヘルム,Heaume Ordre HS
9878,オルドルＧヘルム,Heaume Ordre G
9879,オルドルGFヘルム,Heaume Ordre GF
9880,オルドルGXヘルム,Heaume Ordre GX
9881,オルドルキャップ,Casquette Ordre
9882,オルドルＦキャップ,Casquette Ordre F
9883,オルドルFYキャップ,Casquette Ordre FY
9884,オルドルHSキャップ,Casquette Ordre HS
9885,オルドルＧキャップ,Casquette Ordre G
9886,オルドルGFキャップ,Casquette Ordre GF
9887,オルドルGXキャップ,Casquette Ordre GX
9888,チェニーヘルム,Heaume Cheni
9889,チェニーＦヘルム,Heaume Cheni F
9890,チェニーFYヘルム,Heaume Cheni FY
9891,チェニーHSヘルム,Heaume Cheni HS
9892,チェニーＧヘルム,Heaume Cheni G
9893,チェニーGFヘルム,Heaume Cheni GF
9894,チェニーGXヘルム,Heaume Cheni GX
9895,チェニーキャップ,Casquette Cheni
9896,チェニーＦキャップ,Casquette Cheni F
9897,チェニーFYキャップ,Casquette Cheni FY
9898,チェニーHSキャップ,Casquette Cheni HS
9899,チェニーＧキャップ,Casquette Cheni G
9900,チェニーGFキャップ,Casquette Cheni GF
9901,チェニーGXキャップ,Casquette Cheni GX
9902,ミニオムヘルム,Heaume Miniomu
9903,ミニオムＦヘルム,Heaume Miniomu F
9904,ミニオムFYヘルム,Heaume Miniomu FY
9905,ミニオムHSヘルム,Heaume Miniomu HS
9906,ミニオムＧヘルム,Heaume Miniomu G
9907,ミニオムGFヘルム,Heaume Miniomu GF
9908,ミニオムGXヘルム,Heaume Miniomu GX
9909,ミニオムキャップ,Casquette Miniomu
9910,ミニオムＦキャップ,Casquette Miniomu F
9911,ミニオムFYキャップ,Casquette Miniomu FY
9912,ミニオムHSキャップ,Casquette Miniomu HS
9913,ミニオムＧキャップ,Casquette Miniomu G
9914,ミニオムGFキャップ,Casquette Miniomu GF
9915,ミニオムGXキャップ,Casquette Miniomu GX
9916,ブルックフェイクＧ,
9917,ブルックフェイクGF,
9918,ブルックフェイクGX,
9919,エルペフェイクＧ,
9920,エルペフェイクGF,
9921,エルペフェイクGX,
9922,ヴォルヤマトＧ,
9923,ヴォルヤマトGF,
9924,ヴォルヤマトGX,
9925,ヴォルアポカリプスＧ,
9926,ヴォルアポカリプスGF,
9927,ヴォルアポカリプスGX,
9928,ワンスヘルム,
9929,ワンスＦヘルム,
9930,ワンスFYヘルム,
9931,ワンスHSヘルム,
9932,ワンスＧヘルム,
9933,ワンスGFヘルム,
9934,ワンスGXヘルム,
9935,ワンスキャップ,
9936,ワンスＦキャップ,
9937,ワンスFYキャップ,
9938,ワンスHSキャップ,
9939,ワンスＧキャップ,
9940,ワンスGFキャップ,
9941,ワンスGXキャップ,
9942,浮峰【兜】,
9943,浮峰Ｆ【兜】,
9944,浮峰FX【兜】,
9945,浮峰Ｇ【兜】,
9946,浮峰GF【兜】,
9947,浮峰GX【兜】,
9948,浮嶺【兜】,
9949,浮嶺Ｆ【兜】,
9950,浮嶺FX【兜】,
9951,浮嶺Ｇ【兜】,
9952,浮嶺GF【兜】,
9953,浮嶺GX【兜】,
9954,モノデビルＧヘルム,Heaume Monodevil G
9955,モノデビルGFヘルム,Heaume Monodevil GF
9956,モノデビルGXヘルム,Heaume Monodevil GX
9957,モノデビルＧキャップ,Casquette Monodevil G
9958,モノデビルGFキャップ,Casquette Monodevil GF
9959,モノデビルGXキャップ,Casquette Monodevil GX
9960,ディアースＧヘルム,Heaume Diablos G
9961,ディアースGFヘルム,Heaume Diablos GF
9962,ディアースGXヘルム,Heaume Diablos GX
9963,ディアースＧキャップ,Casquette Diablos G
9964,ディアースGFキャップ,Casquette Diablos GF
9965,ディアースGXキャップ,Casquette Diablos GX
9966,ワダツミGX【烏帽子】,
9967,オカミGX【烏帽子】,
9968,オディバGXヘルム,Heaume Odiva GX
9969,オディバGXキャップ,Casquette Odiva GX
9970,雅孔GX【趣】,
9971,雅穿GX【趣】,
9972,バンギスヘルム,Heaume Vangis
9973,バンギスＧヘルム,Heaume Vangis G
9974,バンギスGFヘルム,Heaume Vangis GF
9975,バンギスGXヘルム,Heaume Vangis GX
9976,バンギスキャップ,Casquette Vangis
9977,バンギスＧキャップ,Casquette Vangis G
9978,バンギスGFキャップ,Casquette Vangis GF
9979,バンギスGXキャップ,Casquette Vangis GX
9980,シルティヘッド,Coiffe Shiruti
9981,シルティＦヘッド,Coiffe Shiruti F
9982,シルティFZヘッド,Coiffe Shiruti FZ
9983,シルティHSヘッド,Coiffe Shiruti HS
9984,シルティGSヘッド,Coiffe Shiruti GS
9985,シルティGPヘッド,Coiffe Shiruti GP
9986,シルティキャップ,Casquette Shiruti
9987,シルティＦキャップ,Casquette Shiruti F
9988,シルティFZキャップ,Casquette Shiruti FZ
9989,シルティHSキャップ,Casquette Shiruti HS
9990,シルティGSキャップ,Casquette Shiruti GS
9991,シルティGPキャップ,Casquette Shiruti GP
9992,ブラキヘルム,Heaume Brachy
9993,ブラキＧヘルム,Heaume Brachy G
9994,ブラキGFヘルム,Heaume Brachy GF
9995,ブラキGXヘルム,Heaume Brachy GX
9996,ブラキキャップ,Casquette Brachy
9997,ブラキＧキャップ,Casquette Brachy G
9998,ブラキGFキャップ,Casquette Brachy GF
9999,ブラキGXキャップ,Casquette Brachy GX
10000,トリドヘルム,Heaume Torid
10001,トリドＦヘルム,Heaume Torid F
10002,トリドFXヘルム,Heaume Torid FX
10003,トリドＧヘルム,Heaume Torid G
10004,トリドGFヘルム,Heaume Torid GF
10005,トリドGXヘルム,Heaume Torid GX
10006,トリドキャップ,Casquette Torid
10007,トリドＦキャップ,Casquette Torid F
10008,トリドFXキャップ,Casquette Torid FX
10009,トリドＧキャップ,Casquette Torid G
10010,トリドGFキャップ,Casquette Torid GF
10011,トリドGXキャップ,Casquette Torid GX
10012,照雷Ｇ【兜】,
10013,照雷GF【兜】,
10014,照雷GX【兜】,
10015,明雷Ｇ【兜】,
10016,明雷GF【兜】,
10017,明雷GX【兜】,
10018,エスピスＧゲヒル,
10019,エスピスGFゲヒル,
10020,エスピスGXゲヒル,
10021,エスピスＧアゼレ,
10022,エスピスGFアゼレ,
10023,エスピスGXアゼレ,
10024,ヴォラＧヘルム,Heaume Volga G
10025,ヴォラGFヘルム,Heaume Volga GF
10026,ヴォラGXヘルム,Heaume Volga GX
10027,ヴォラＧキャップ,Casquette Volga G
10028,ヴォラGFキャップ,Casquette Volga GF
10029,ヴォラGXキャップ,Casquette Volga GX
10030,ラヴィＧヘッド：猛,
10031,ラヴィGFヘッド：猛,
10032,ラヴィGXヘッド：猛,
10033,ラヴィＧキャップ：猛,
10034,ラヴィGFキャップ：猛,
10035,ラヴィGXキャップ：猛,
10036,ラヴィヘッド：狂,
10037,ラヴィHSヘッド：狂,
10038,ラヴィＧヘッド：狂,
10039,ラヴィGFヘッド：狂,
10040,ラヴィGXヘッド：狂,
10041,ラヴィキャップ：狂,
10042,ラヴィHSキャップ：狂,
10043,ラヴィＧキャップ：狂,
10044,ラヴィGFキャップ：狂,
10045,ラヴィGXキャップ：狂,
10046,ラヴィＧヘッド,Coiffe Raviente G
10047,ラヴィGFヘッド,Coiffe Raviente GF
10048,ラヴィGXヘッド,Coiffe Raviente GX
10049,ラヴィＧキャップ,Casquette Raviente G
10050,ラヴィGFキャップ,Casquette Raviente GF
10051,ラヴィGXキャップ,Casquette Raviente GX
10052,ヒプシーＧヘルム,Heaume Hypnoc G
10053,ヒプシーGFヘルム,Heaume Hypnoc GF
10054,ヒプシーGXヘルム,Heaume Hypnoc GX
10055,ヒプシーＧキャップ,Casquette Hypnoc G
10056,ヒプシーGFキャップ,Casquette Hypnoc GF
10057,ヒプシーGXキャップ,Casquette Hypnoc GX
10058,ヴィーチヘッド,Coiffe Vichi
10059,ヴィーチＦヘッド,Coiffe Vichi F
10060,ヴィーチFZヘッド,Coiffe Vichi FZ
10061,ヴィーチHSヘッド,Coiffe Vichi HS
10062,ヴィーチGSヘッド,Coiffe Vichi GS
10063,ヴィーチGPヘッド,Coiffe Vichi GP
10064,ヴィーチキャップ,Casquette Vichi
10065,ヴィーチＦキャップ,Casquette Vichi F
10066,ヴィーチFZキャップ,Casquette Vichi FZ
10067,ヴィーチHSキャップ,Casquette Vichi HS
10068,ヴィーチGSキャップ,Casquette Vichi GS
10069,ヴィーチGPキャップ,Casquette Vichi GP
10070,ギルドバードロポス,
10071,ギルドバードＧロポス,
10072,ギルドバードGFロポス,
10073,ギルドバードGXロポス,
10074,ギルドバードハット,Chapeau Guilde
10075,ギルドバードＧハット,Chapeau Guilde G
10076,ギルドバードGFハット,Chapeau Guilde GF
10077,ギルドバードGXハット,Chapeau Guilde GX
10078,スカラーフード,
10079,スカラーＧフード,
10080,スカラーGFフード,
10081,スカラーGXフード,
10082,スカラーベレー,
10083,スカラーＧベレー,
10084,スカラーGFベレー,
10085,スカラーGXベレー,
10086,アミスタヘルム・黒,Heaume Amista noir
10087,アミスタＦヘルム・黒,Heaume Amista F noir
10088,アミスタFZヘルム・黒,Heaume Amista FZ noir
10089,アミスタHSヘルム・黒,Heaume Amista HS noir
10090,アミスタGSヘルム・黒,Heaume Amista GS noir
10091,アミスタGPヘルム・黒,Heaume Amista GP noir
10092,アミスタマスク・黒,Masque Amista noir
10093,アミスタＦマスク・黒,Masque Amista F noir
10094,アミスタFZマスク・黒,Masque Amista FZ noir
10095,アミスタHSマスク・黒,Masque Amista HS noir
10096,アミスタGSマスク・黒,Masque Amista GS noir
10097,アミスタGPマスク・黒,Masque Amista GP noir
10098,アミスタヘルム・白,Heaume Amista blanc
10099,アミスタＦヘルム・白,Heaume Amista F blanc
10100,アミスタFZヘルム・白,Heaume Amista FZ blanc
10101,アミスタHSヘルム・白,Heaume Amista HS blanc
10102,アミスタGSヘルム・白,Heaume Amista GS blanc
10103,アミスタGPヘルム・白,Heaume Amista GP blanc
10104,アミスタマスク・白,Masque Amista blanc
10105,アミスタＦマスク・白,Masque Amista F blanc
10106,アミスタFZマスク・白,Masque Amista FZ blanc
10107,アミスタHSマスク・白,Masque Amista HS blanc
10108,アミスタGSマスク・白,Masque Amista GS blanc
10109,アミスタGPマスク・白,Masque Amista GP blanc
10110,アミスタヘルム・青,Heaume Amista bleu
10111,アミスタＦヘルム・青,Heaume Amista F bleu
10112,アミスタFZヘルム・青,Heaume Amista FZ bleu
10113,アミスタHSヘルム・青,Heaume Amista HS bleu
10114,アミスタGSヘルム・青,Heaume Amista GS bleu
10115,アミスタGPヘルム・青,Heaume Amista GP bleu
10116,アミスタマスク・青,Masque Amista bleu
10117,アミスタＦマスク・青,Masque Amista F bleu
10118,アミスタFZマスク・青,Masque Amista FZ bleu
10119,アミスタHSマスク・青,Masque Amista HS bleu
10120,アミスタGSマスク・青,Masque Amista GS bleu
10121,アミスタGPマスク・青,Masque Amista GP bleu
10122,アミスタヘルム・紅,Heaume Amista cramoisi
10123,アミスタＦヘルム・紅,Heaume Amista F cramoisi
10124,アミスタFZヘルム・紅,Heaume Amista FZ cramoisi
10125,アミスタHSヘルム・紅,Heaume Amista HS cramoisi
10126,アミスタGSヘルム・紅,Heaume Amista GS cramoisi
10127,アミスタGPヘルム・紅,Heaume Amista GP cramoisi
10128,アミスタマスク・紅,Masque Amista cramoisi
10129,アミスタＦマスク・紅,Masque Amista F cramoisi
10130,アミスタFZマスク・紅,Masque Amista FZ cramoisi
10131,アミスタHSマスク・紅,Masque Amista HS cramoisi
10132,アミスタGSマスク・紅,Masque Amista GS cramoisi
10133,アミスタGPマスク・紅,Masque Amista GP cramoisi
10134,プラグヘッド：06,
10135,プラグＦヘッド：06,
10136,プラグFZヘッド：06,
10137,プラグHSヘッド：06,
10138,プラグGSヘッド：06,
10139,プラグGPヘッド：06,
10140,プラグキャップ：06,
10141,プラグＦキャップ：06,
10142,プラグFZキャップ：06,
10143,プラグHSキャップ：06,
10144,プラグGSキャップ：06,
10145,プラグGPキャップ：06,
10146,プラグヘッド：02,
10147,プラグＦヘッド：02,
10148,プラグFZヘッド：02,
10149,プラグHSヘッド：02,
10150,プラグGSヘッド：02,
10151,プラグGPヘッド：02,
10152,プラグキャップ：02,
10153,プラグＦキャップ：02,
10154,プラグFZキャップ：02,
10155,プラグHSキャップ：02,
10156,プラグGSキャップ：02,
10157,プラグGPキャップ：02,
10158,Ｍark.０６ヘッド,Coiffe Mark
10159,Ｍark.０６Ｆヘッド,Coiffe Mark F
10160,Ｍark.０６FZヘッド,Coiffe Mark FZ
10161,Ｍark.０６HSヘッド,Coiffe Mark HS
10162,Ｍark.０６GSヘッド,Coiffe Mark GS
10163,Ｍark.０６GPヘッド,Coiffe Mark GP
10164,Ｍark.０６マスク,Masque Mark
10165,Ｍark.０６Ｆマスク,Masque Mark F
10166,Ｍark.０６FZマスク,Masque Mark FZ
10167,Ｍark.０６HSマスク,Masque Mark HS
10168,Ｍark.０６GSマスク,Masque Mark GS
10169,Ｍark.０６GPマスク,Masque Mark GP
10170,２号機ヘッド,Coiffe Unit-
10171,２号機Ｆヘッド,Coiffe Unit- F
10172,２号機FZヘッド,Coiffe Unit- FZ
10173,２号機HSヘッド,Coiffe Unit- HS
10174,２号機GSヘッド,Coiffe Unit- GS
10175,２号機GPヘッド,Coiffe Unit- GP
10176,２号機マスク,Masque Unit-
10177,２号機Ｆマスク,Masque Unit- F
10178,２号機FZマスク,Masque Unit- FZ
10179,２号機HSマスク,Masque Unit- HS
10180,２号機GSマスク,Masque Unit- GS
10181,２号機GPマスク,Masque Unit- GP
10182,カイラヘルム,Heaume Kaila
10183,カイラＦヘルム,Heaume Kaila F
10184,カイラFZヘルム,Heaume Kaila FZ
10185,カイラHSヘルム,Heaume Kaila HS
10186,カイラGSヘルム,Heaume Kaila GS
10187,カイラGPヘルム,Heaume Kaila GP
10188,カイラマスク,Masque Kaila
10189,カイラＦマスク,Masque Kaila F
10190,カイラFZマスク,Masque Kaila FZ
10191,カイラHSマスク,Masque Kaila HS
10192,カイラGSマスク,Masque Kaila GS
10193,カイラGPマスク,Masque Kaila GP
10194,ダミー,
10195,ダミー,
10196,ダミー,
10197,ダミー,
10198,ダミー,
10199,ダミー,
10200,トリドバレッタ,
10201,トリドＦバレッタ,
10202,ガスラコサージュ,
10203,ガスラＦコサージュ,
10204,オトノヘッド,Coiffe Otono
10205,オトノＦヘッド,Coiffe Otono F
10206,オトノFYヘッド,Coiffe Otono FY
10207,オトノHSヘッド,Coiffe Otono HS
10208,オトノＧヘッド,Coiffe Otono G
10209,オトノGFヘッド,Coiffe Otono GF
10210,オトノGXヘッド,Coiffe Otono GX
10211,カバリバヘルム,Heaume Kabariba
10212,カバリバＦヘルム,Heaume Kabariba F
10213,カバリバFYヘルム,Heaume Kabariba FY
10214,カバリバHSヘルム,Heaume Kabariba HS
10215,カバリバＧヘルム,Heaume Kabariba G
10216,カバリバGFヘルム,Heaume Kabariba GF
10217,カバリバGXヘルム,Heaume Kabariba GX
10218,カバリバキャップ,Casquette Kabariba
10219,カバリバＦキャップ,Casquette Kabariba F
10220,カバリバFYキャップ,Casquette Kabariba FY
10221,カバリバHSキャップ,Casquette Kabariba HS
10222,カバリバＧキャップ,Casquette Kabariba G
10223,カバリバGFキャップ,Casquette Kabariba GF
10224,カバリバGXキャップ,Casquette Kabariba GX
10225,トルボダヘッド,Coiffe Toruboda
10226,トルボダＦヘッド,Coiffe Toruboda F
10227,トルボダFYヘッド,Coiffe Toruboda FY
10228,トルボダHSヘッド,Coiffe Toruboda HS
10229,トルボダＧヘッド,Coiffe Toruboda G
10230,トルボダGFヘッド,Coiffe Toruboda GF
10231,トルボダGXヘッド,Coiffe Toruboda GX
10232,トルボダキャップ,Casquette Toruboda
10233,トルボダＦキャップ,Casquette Toruboda F
10234,トルボダFYキャップ,Casquette Toruboda FY
10235,トルボダHSキャップ,Casquette Toruboda HS
10236,トルボダＧキャップ,Casquette Toruboda G
10237,トルボダGFキャップ,Casquette Toruboda GF
10238,トルボダGXキャップ,Casquette Toruboda GX
10239,オリクトヘルム,Heaume Orykto
10240,オリクトＦヘルム,Heaume Orykto F
10241,オリクトFYヘルム,Heaume Orykto FY
10242,オリクトHSヘルム,Heaume Orykto HS
10243,オリクトキャップ,Casquette Orykto
10244,オリクトＦキャップ,Casquette Orykto F
10245,オリクトFYキャップ,Casquette Orykto FY
10246,オリクトHSキャップ,Casquette Orykto HS
10247,レウアスＧヘルム,Heaume Reuasu G
10248,レウアスGFヘルム,Heaume Reuasu GF
10249,レウアスGXヘルム,Heaume Reuasu GX
10250,レウアスＧキャップ,Casquette Reuasu G
10251,レウアスGFキャップ,Casquette Reuasu GF
10252,レウアスGXキャップ,Casquette Reuasu GX
10253,ハリメノヘルム,Heaume Harimeno
10254,ハリメノＦヘルム,Heaume Harimeno F
10255,ハリメノFYヘルム,Heaume Harimeno FY
10256,ハリメノHSヘルム,Heaume Harimeno HS
10257,ハリメノＧヘルム,Heaume Harimeno G
10258,ハリメノGFヘルム,Heaume Harimeno GF
10259,ハリメノGXヘルム,Heaume Harimeno GX
10260,ハリメノキャップ,Casquette Harimeno
10261,ハリメノＦキャップ,Casquette Harimeno F
10262,ハリメノFYキャップ,Casquette Harimeno FY
10263,ハリメノHSキャップ,Casquette Harimeno HS
10264,ハリメノＧキャップ,Casquette Harimeno G
10265,ハリメノGFキャップ,Casquette Harimeno GF
10266,ハリメノGXキャップ,Casquette Harimeno GX
10267,シウスＧヘッド,Coiffe Shiusu G
10268,シウスGFヘッド,Coiffe Shiusu GF
10269,シウスGXヘッド,Coiffe Shiusu GX
10270,シウスＧウィッグ,
10271,シウスGFウィッグ,
10272,シウスGXウィッグ,
10273,ベリオヘルム,Heaume Barioth
10274,ベリオＧヘルム,Heaume Barioth G
10275,ベリオGFヘルム,Heaume Barioth GF
10276,ベリオGXヘルム,Heaume Barioth GX
10277,ベリオキャップ,Casquette Barioth
10278,ベリオＧキャップ,Casquette Barioth G
10279,ベリオGFキャップ,Casquette Barioth GF
10280,ベリオGXキャップ,Casquette Barioth GX
10281,ウィルＧヘッド,
10282,ウィルGFヘッド,
10283,ウィルGXヘッド,
10284,ウィルＧキャップ,
10285,ウィルGFキャップ,
10286,ウィルGXキャップ,
10287,ケイスヘルム,Heaume Keisu
10288,ケイスＦヘルム,Heaume Keisu F
10289,ケイスFYヘルム,Heaume Keisu FY
10290,ケイスHSヘルム,Heaume Keisu HS
10291,ケイスＧヘルム,Heaume Keisu G
10292,ケイスGFヘルム,Heaume Keisu GF
10293,ケイスGXヘルム,Heaume Keisu GX
10294,ケイスキャップ,Casquette Keisu
10295,ケイスＦキャップ,Casquette Keisu F
10296,ケイスFYキャップ,Casquette Keisu FY
10297,ケイスHSキャップ,Casquette Keisu HS
10298,ケイスＧキャップ,Casquette Keisu G
10299,ケイスGFキャップ,Casquette Keisu GF
10300,ケイスGXキャップ,Casquette Keisu GX
10301,リュミエヘルム,Heaume Lumiere
10302,リュミエＦヘルム,Heaume Lumiere F
10303,リュミエFYヘルム,Heaume Lumiere FY
10304,リュミエHSヘルム,Heaume Lumiere HS
10305,リュミエＧヘルム,Heaume Lumiere G
10306,リュミエGFヘルム,Heaume Lumiere GF
10307,リュミエGXヘルム,Heaume Lumiere GX
10308,リュミエキャップ,Casquette Lumiere
10309,リュミエＦキャップ,Casquette Lumiere F
10310,リュミエFYキャップ,Casquette Lumiere FY
10311,リュミエHSキャップ,Casquette Lumiere HS
10312,リュミエＧキャップ,Casquette Lumiere G
10313,リュミエGFキャップ,Casquette Lumiere GF
10314,リュミエGXキャップ,Casquette Lumiere GX
10315,クレオラヘルム,Heaume Cleora
10316,クレオラＦヘルム,Heaume Cleora F
10317,クレオラFYヘルム,Heaume Cleora FY
10318,クレオラHSヘルム,Heaume Cleora HS
10319,クレオラＧヘルム,Heaume Cleora G
10320,クレオラGFヘルム,Heaume Cleora GF
10321,クレオラGXヘルム,Heaume Cleora GX
10322,クレオラキャップ,Casquette Cleora
10323,クレオラＦキャップ,Casquette Cleora F
10324,クレオラFYキャップ,Casquette Cleora FY
10325,クレオラHSキャップ,Casquette Cleora HS
10326,クレオラＧキャップ,Casquette Cleora G
10327,クレオラGFキャップ,Casquette Cleora GF
10328,クレオラGXキャップ,Casquette Cleora GX
10329,ドラギュＧヘルム,Heaume Doragyurosu G
10330,ドラギュGFヘルム,Heaume Doragyurosu GF
10331,ドラギュGXヘルム,Heaume Doragyurosu GX
10332,ドラギュＧキャップ,Casquette Doragyurosu G
10333,ドラギュGFキャップ,Casquette Doragyurosu GF
10334,ドラギュGXキャップ,Casquette Doragyurosu GX
10335,ウィンドGXアンク,
10336,ウィンドGXスーラ,
10337,メラギGXヘルム,Heaume Meraginasu GX
10338,メラギGXキャップ,Casquette Meraginasu GX
10339,ポボルムGXヘルム,Heaume Pobo GX
10340,ポボルムGXキャップ,Casquette Pobo GX
10341,トアヘルム,Heaume Toa
10342,トアＦヘルム,Heaume Toa F
10343,トアFXヘルム,Heaume Toa FX
10344,トアＧヘルム,Heaume Toa G
10345,トアGFヘルム,Heaume Toa GF
10346,トアGXヘルム,Heaume Toa GX
10347,トアキャップ,Casquette Toa
10348,トアＦキャップ,Casquette Toa F
10349,トアFXキャップ,Casquette Toa FX
10350,トアＧキャップ,Casquette Toa G
10351,トアGFキャップ,Casquette Toa GF
10352,トアGXキャップ,Casquette Toa GX
10353,ククスＧヘルム,Heaume Kut G
10354,ククスGFヘルム,Heaume Kut GF
10355,ククスGXヘルム,Heaume Kut GX
10356,ククスＧキャップ,Casquette Kut G
10357,ククスGFキャップ,Casquette Kut GF
10358,ククスGXキャップ,Casquette Kut GX
10359,弩岩Ｇ【兜】,
10360,弩岩GF【兜】,
10361,弩岩GX【兜】,
10362,紅岩Ｇ【兜】,
10363,紅岩GF【兜】,
10364,紅岩GX【兜】,
10365,シエロヘッド,Coiffe Cielo
10366,シエロＦヘッド,Coiffe Cielo F
10367,シエロFZヘッド,Coiffe Cielo FZ
10368,シエロHSヘッド,Coiffe Cielo HS
10369,シエロGSヘッド,Coiffe Cielo GS
10370,シエロGPヘッド,Coiffe Cielo GP
10371,シエロキャップ,Casquette Cielo
10372,シエロＦキャップ,Casquette Cielo F
10373,シエロFZキャップ,Casquette Cielo FZ
10374,シエロHSキャップ,Casquette Cielo HS
10375,シエロGSキャップ,Casquette Cielo GS
10376,シエロGPキャップ,Casquette Cielo GP
10377,ガガチュピアス,Piercing Gagachu
10378,ガガチュＦピアス,Piercing Gagachu F
10379,ガガチュFZピアス,Piercing Gagachu FZ
10380,ガガチュHSピアス,Piercing Gagachu HS
10381,ガガチュGSピアス,Piercing Gagachu GS
10382,ガガチュGPピアス,Piercing Gagachu GP
10383,ガガチュハール,Chevelure Gagachu
10384,ガガチュＦハール,Chevelure Gagachu F
10385,ガガチュFZハール,Chevelure Gagachu FZ
10386,ガガチュHSハール,Chevelure Gagachu HS
10387,ガガチュGSハール,Chevelure Gagachu GS
10388,ガガチュGPハール,Chevelure Gagachu GP
10389,サルタヘッド,Coiffe Salta
10390,サルタＦヘッド,Coiffe Salta F
10391,サルタFZヘッド,Coiffe Salta FZ
10392,サルタHSヘッド,Coiffe Salta HS
10393,サルタGSヘッド,Coiffe Salta GS
10394,サルタGPヘッド,Coiffe Salta GP
10395,サルタキャップ,Casquette Salta
10396,サルタＦキャップ,Casquette Salta F
10397,サルタFZキャップ,Casquette Salta FZ
10398,サルタHSキャップ,Casquette Salta HS
10399,サルタGSキャップ,Casquette Salta GS
10400,サルタGPキャップ,Casquette Salta GP
10401,チールＧヘッド,Coiffe Chiru G
10402,チールGFヘッド,Coiffe Chiru GF
10403,チールGXヘッド,Coiffe Chiru GX
10404,チールＧウィッグ,
10405,チールGFウィッグ,
10406,チールGXウィッグ,
10407,ガネトＧヘッド,Coiffe Ganeto G
10408,ガネトGFヘッド,Coiffe Ganeto GF
10409,ガネトGXヘッド,Coiffe Ganeto GX
10410,ガネトＧウィッグ,
10411,ガネトGFウィッグ,
10412,ガネトGXウィッグ,
10413,千代ノ髪飾,
10414,千代ノ髪飾Ｆ,
10415,千代ノ髪飾FZ,
10416,千代ノ髪飾HS,
10417,千代ノ髪飾GS,
10418,千代ノ髪飾GP,
10419,千代ノ髪留,
10420,千代ノ髪留Ｆ,
10421,千代ノ髪留FZ,
10422,千代ノ髪留HS,
10423,千代ノ髪留GS,
10424,千代ノ髪留GP,
10425,ガンキンヘルム,Heaume Uragaan
10426,ガンキンＧヘルム,Heaume Uragaan G
10427,ガンキンGFヘルム,Heaume Uragaan GF
10428,ガンキンGXヘルム,Heaume Uragaan GX
10429,ガンキンキャップ,Casquette Uragaan
10430,ガンキンＧキャップ,Casquette Uragaan G
10431,ガンキンGFキャップ,Casquette Uragaan GF
10432,ガンキンGXキャップ,Casquette Uragaan GX
10433,祭のあとに【勝ち猫】,
10434,祭のあとに【勝ち猫】,
10435,祭のあとに【勝ち猫】,
10436,祭のあとに【勝ち猫】,
10437,祭のあとに【勝ち猫】,
10438,祭のあとに【勝ち猫】,
10439,祭のあとに【勝ち猫】,
10440,祭のあとに【勝ち猫】,
10441,祭のあとに【勝ち猫】,
10442,祭のあとに【勝ち猫】,
10443,祭のあとに【勝ち猫】,
10444,祭のあとに【勝ち猫】,
10445,祭のあとに【勝ち猫】,
10446,祭のあとに【勝ち猫】,
10447,祭のあとに【勝ち猫】,
10448,祭のあとに【勝ち猫】,
10449,祭のあとに【勝ち猫】,
10450,祭のあとに【勝ち猫】,
10451,祭のあとに【勝ち猫】,
10452,祭のあとに【勝ち猫】,
10453,祭のあとに【勝ち猫】,
10454,祭のあとに【勝ち猫】,
10455,祭のあとに【勝ち猫】,
10456,祭のあとに【勝ち猫】,
10457,祭のあとに【勝ち猫】,
10458,祭のあとに【勝ち猫】,
10459,祭のあとに【勝ち猫】,
10460,祭のあとに【勝ち猫】,
10461,祭のあとに【勝ち猫】,
10462,祭のあとに【勝ち猫】,
10463,祭のあとに【勝ち猫】,
10464,祭のあとに【勝ち猫】,
10465,祭のあとに【勝ち猫】,
10466,祭のあとに【勝ち猫】,
10467,祭のあとに【勝ち猫】,
10468,祭のあとに【勝ち猫】,
10469,祭のあとに【勝ち猫】,
10470,祭のあとに【勝ち猫】,
10471,祭のあとに【勝ち猫】,
10472,祭のあとに【勝ち猫】,
10473,祭のあとに【勝ち猫】,
10474,祭のあとに【勝ち猫】,
10475,祭のあとに【勝ち猫】,
10476,祭のあとに【勝ち猫】,
10477,祭のあとに【勝ち猫】,
10478,祭のあとに【勝ち猫】,
10479,祭のあとに【勝ち猫】,
10480,祭のあとに【勝ち猫】,
10481,祭のあとに【勝ち猫】,
10482,祭のあとに【勝ち猫】,
10483,祭のあとに【勝ち猫】,
10484,祭のあとに【勝ち猫】,
10485,祭のあとに【勝ち猫】,
10486,祭のあとに【勝ち猫】,
10487,祭のあとに【勝ち猫】,
10488,祭のあとに【勝ち猫】,
10489,祭のあとに【勝ち猫】,
10490,祭のあとに【勝ち猫】,
10491,祭のあとに【勝ち猫】,
10492,祭のあとに【勝ち猫】,
10493,オニキスヘルム,
10494,オニキスＦヘルム,
10495,オニキスFXヘルム,
10496,ルチルヘルム,Heaume Rutile
10497,ルチルＦヘルム,Heaume Rutile F
10498,ルチルFXヘルム,Heaume Rutile FX
10499,白虎・斬将Ｇヘルム,
10500,白虎・斬将GFヘルム,
10501,白虎・斬将GXヘルム,
10502,朱雀・斬将Ｇヘルム,
10503,朱雀・斬将GFヘルム,
10504,朱雀・斬将GXヘルム,
10505,玄武・斬将Ｇヘルム,
10506,玄武・斬将GFヘルム,
10507,玄武・斬将GXヘルム,
10508,青龍・斬将Ｇヘルム,
10509,青龍・斬将GFヘルム,
10510,青龍・斬将GXヘルム,
10511,白蘭・斬将ヘルム,
10512,白蘭・斬将Ｆヘルム,
10513,白蘭・斬将FXヘルム,
10514,紅霞・斬将ヘルム,
10515,紅霞・斬将Ｆヘルム,
10516,紅霞・斬将FXヘルム,
10517,白蘭・斬将Ｇヘルム,
10518,白蘭・斬将GFヘルム,
10519,白蘭・斬将GXヘルム,
10520,月夜・斬将Ｇヘルム,
10521,月夜・斬将GFヘルム,
10522,月夜・斬将GXヘルム,
10523,紅霞・斬将Ｇヘルム,
10524,紅霞・斬将GFヘルム,
10525,紅霞・斬将GXヘルム,
10526,蒼穹・斬将Ｇヘルム,
10527,蒼穹・斬将GFヘルム,
10528,蒼穹・斬将GXヘルム,
10529,グァンヘッド,Coiffe Guan
10530,グァンＦヘッド,Coiffe Guan F
10531,グァンFXヘッド,Coiffe Guan FX
10532,グァンＧヘッド,Coiffe Guan G
10533,グァンGFヘッド,Coiffe Guan GF
10534,グァンGXヘッド,Coiffe Guan GX
10535,グァンキャップ,Casquette Guan
10536,グァンＦキャップ,Casquette Guan F
10537,グァンFXキャップ,Casquette Guan FX
10538,グァンＧキャップ,Casquette Guan G
10539,グァンGFキャップ,Casquette Guan GF
10540,グァンGXキャップ,Casquette Guan GX
10541,帝征Ｇ【兜】,
10542,帝征GF【兜】,
10543,帝征GX【兜】,
10544,帝王Ｇ【兜】,
10545,帝王GF【兜】,
10546,帝王GX【兜】,
10547,クシャナＧアンク,
10548,クシャナGFアンク,
10549,クシャナGXアンク,
10550,クシャナＧスーラ,
10551,クシャナGFスーラ,
10552,クシャナGXスーラ,
10553,カイザーＧクラウン,
10554,カイザーGFクラウン,
10555,カイザーGXクラウン,
10556,カイザーＧマスク,
10557,カイザーGFマスク,
10558,カイザーGXマスク,
10559,ミヅハＧ【帽子】,
10560,ミヅハGF【帽子】,
10561,ミヅハGX【帽子】,
10562,トヨタマＧ【帽子】,
10563,トヨタマGF【帽子】,
10564,トヨタマGX【帽子】,
10565,ナルガヘルム,Heaume Nargacuga
10566,ナルガＧヘルム,Heaume Nargacuga G
10567,ナルガGFヘルム,Heaume Nargacuga GF
10568,ナルガGXヘルム,Heaume Nargacuga GX
10569,ナルガキャップ,Casquette Nargacuga
10570,ナルガＧキャップ,Casquette Nargacuga G
10571,ナルガGFキャップ,Casquette Nargacuga GF
10572,ナルガGXキャップ,Casquette Nargacuga GX
10573,ペリフヘルム・青,Heaume Perif bleu
10574,ペリフＦヘルム・青,Heaume Perif F bleu
10575,ペリフFZヘルム・青,Heaume Perif FZ bleu
10576,ペリフHSヘルム・青,Heaume Perif HS bleu
10577,ペリフGSヘルム・青,Heaume Perif GS bleu
10578,ペリフGPヘルム・青,Heaume Perif GP bleu
10579,ペリフキャップ・青,Casquette Perif bleue
10580,ペリフＦキャップ・青,Casquette Perif F bleue
10581,ペリフFZキャップ・青,Casquette Perif FZ bleue
10582,ペリフHSキャップ・青,Casquette Perif HS bleue
10583,ペリフGSキャップ・青,Casquette Perif GS bleue
10584,ペリフGPキャップ・青,Casquette Perif GP bleue
10585,ペリフヘルム・茶,Heaume Perif brun
10586,ペリフＦヘルム・茶,Heaume Perif F brun
10587,ペリフFZヘルム・茶,Heaume Perif FZ brun
10588,ペリフHSヘルム・茶,Heaume Perif HS brun
10589,ペリフGSヘルム・茶,Heaume Perif GS brun
10590,ペリフGPヘルム・茶,Heaume Perif GP brun
10591,ペリフキャップ・茶,Casquette Perif brune
10592,ペリフＦキャップ・茶,Casquette Perif F brune
10593,ペリフFZキャップ・茶,Casquette Perif FZ brune
10594,ペリフHSキャップ・茶,Casquette Perif HS brune
10595,ペリフGSキャップ・茶,Casquette Perif GS brune
10596,ペリフGPキャップ・茶,Casquette Perif GP brune
10597,ペリフヘルム・緑,Heaume Perif vert
10598,ペリフＦヘルム・緑,Heaume Perif F vert
10599,ペリフFZヘルム・緑,Heaume Perif FZ vert
10600,ペリフHSヘルム・緑,Heaume Perif HS vert
10601,ペリフGSヘルム・緑,Heaume Perif GS vert
10602,ペリフGPヘルム・緑,Heaume Perif GP vert
10603,ペリフキャップ・緑,Casquette Perif verte
10604,ペリフＦキャップ・緑,Casquette Perif F verte
10605,ペリフFZキャップ・緑,Casquette Perif FZ verte
10606,ペリフHSキャップ・緑,Casquette Perif HS verte
10607,ペリフGSキャップ・緑,Casquette Perif GS verte
10608,ペリフGPキャップ・緑,Casquette Perif GP verte
10609,ペリフヘルム・紫,Heaume Perif violet
10610,ペリフＦヘルム・紫,Heaume Perif F violet
10611,ペリフFZヘルム・紫,Heaume Perif FZ violet
10612,ペリフHSヘルム・紫,Heaume Perif HS violet
10613,ペリフGSヘルム・紫,Heaume Perif GS violet
10614,ペリフGPヘルム・紫,Heaume Perif GP violet
10615,ペリフキャップ・紫,Casquette Perif violette
10616,ペリフＦキャップ・紫,Casquette Perif F violette
10617,ペリフFZキャップ・紫,Casquette Perif FZ violette
10618,ペリフHSキャップ・紫,Casquette Perif HS violette
10619,ペリフGSキャップ・紫,Casquette Perif GS violette
10620,ペリフGPキャップ・紫,Casquette Perif GP violette
10621,カイジマスク,Masque Kaiji
10622,カイジＦマスク,Masque Kaiji F
10623,カイジFZマスク,Masque Kaiji FZ
10624,カイジHSマスク,Masque Kaiji HS
10625,カイジGSマスク,Masque Kaiji GS
10626,カイジGPマスク,Masque Kaiji GP
10627,カイジキャップ,Casquette Kaiji
10628,カイジＦキャップ,Casquette Kaiji F
10629,カイジFZキャップ,Casquette Kaiji FZ
10630,カイジHSキャップ,Casquette Kaiji HS
10631,カイジGSキャップ,Casquette Kaiji GS
10632,カイジGPキャップ,Casquette Kaiji GP
10633,美心マスク,Masque Mikoko
10634,美心Ｆマスク,Masque Mikoko F
10635,美心FZマスク,Masque Mikoko FZ
10636,美心HSマスク,Masque Mikoko HS
10637,美心GSマスク,Masque Mikoko GS
10638,美心GPマスク,Masque Mikoko GP
10639,美心キャップ,Casquette Mikoko
10640,美心Ｆキャップ,Casquette Mikoko F
10641,美心FZキャップ,Casquette Mikoko FZ
10642,美心HSキャップ,Casquette Mikoko HS
10643,美心GSキャップ,Casquette Mikoko GS
10644,美心GPキャップ,Casquette Mikoko GP
10645,テリュオヘッド,
10646,テリュオＦヘッド,
10647,テリュオFZヘッド,
10648,テリュオHSヘッド,
10649,テリュオGSヘッド,
10650,テリュオGPヘッド,
10651,テリュオハット,
10652,テリュオＦハット,
10653,テリュオFZハット,
10654,テリュオHSハット,
10655,テリュオGSハット,
10656,テリュオGPハット,
10657,セイラーフード,
10658,セイラーＧフード,
10659,セイラーGFフード,
10660,セイラーGXフード,
10661,セイラーキャップ,Casquette Matelot
10662,セイラーＧキャップ,Casquette Matelot G
10663,セイラーGFキャップ,Casquette Matelot GF
10664,セイラーGXキャップ,Casquette Matelot GX
10665,スフレヘッド,
10666,スフレＦヘッド,
10667,スフレFZヘッド,
10668,スフレHSヘッド,
10669,スフレGSヘッド,
10670,スフレGPヘッド,
10671,スフレマスク,
10672,スフレＦマスク,
10673,スフレFZマスク,
10674,スフレHSマスク,
10675,スフレGSマスク,
10676,スフレGPマスク,
10677,アメニケピアスFZ,
10678,アメニケピアスHS,
10679,アメニケピアスGS,
10680,アメニケピアスGP,
10681,クローニーGPピアス,
10682,鬼伝ノ角Ｇ,
10683,鬼伝ノ角GF,
10684,鬼伝ノ角GX,
10685,童伝ノ角Ｇ,
10686,童伝ノ角GF,
10687,童伝ノ角GX,
10688,ヴァリエヘッド,Coiffe Valier
10689,ヴァリエＦヘッド,Coiffe Valier F
10690,ヴァリエFYヘッド,Coiffe Valier FY
10691,ヴァリエHSヘッド,Coiffe Valier HS
10692,ヴァリエＧヘッド,Coiffe Valier G
10693,ヴァリエGFヘッド,Coiffe Valier GF
10694,ヴァリエGXヘッド,Coiffe Valier GX
10695,ヴァリエキャップ,Casquette Valier
10696,ヴァリエＦキャップ,Casquette Valier F
10697,ヴァリエFYキャップ,Casquette Valier FY
10698,ヴァリエHSキャップ,Casquette Valier HS
10699,ヴァリエＧキャップ,Casquette Valier G
10700,ヴァリエGFキャップ,Casquette Valier GF
10701,ヴァリエGXキャップ,Casquette Valier GX
10702,ラースヘッド,Coiffe Lars
10703,ラースＦヘッド,Coiffe Lars F
10704,ラースFYヘッド,Coiffe Lars FY
10705,ラースHSヘッド,Coiffe Lars HS
10706,ラースＧヘッド,Coiffe Lars G
10707,ラースGFヘッド,Coiffe Lars GF
10708,ラースGXヘッド,Coiffe Lars GX
10709,ラースキャップ,Casquette Lars
10710,ラースＦキャップ,Casquette Lars F
10711,ラースFYキャップ,Casquette Lars FY
10712,ラースHSキャップ,Casquette Lars HS
10713,ラースＧキャップ,Casquette Lars G
10714,ラースGFキャップ,Casquette Lars GF
10715,ラースGXキャップ,Casquette Lars GX
10716,ウルキーフェイク,
10717,ウルキーフェイクＦ,
10718,ウルキーフェイクＧ,
10719,ウルキーフェイクGF,
10720,ウルキーフェイクGX,
10721,シルックヘッド,Coiffe Shirukku
10722,シルックＦヘッド,Coiffe Shirukku F
10723,シルックFYヘッド,Coiffe Shirukku FY
10724,シルックHSヘッド,Coiffe Shirukku HS
10725,シルックＧヘッド,Coiffe Shirukku G
10726,シルックGFヘッド,Coiffe Shirukku GF
10727,シルックGXヘッド,Coiffe Shirukku GX
10728,シルックフェイス,
10729,シルックＦフェイス,
10730,シルックFYフェイス,
10731,シルックHSフェイス,
10732,シルックＧフェイス,
10733,シルックGFフェイス,
10734,シルックGXフェイス,
10735,ノルックヘッド,Coiffe Norukku
10736,ノルックＦヘッド,Coiffe Norukku F
10737,ノルックFYヘッド,Coiffe Norukku FY
10738,ノルックHSヘッド,Coiffe Norukku HS
10739,ノルックＧヘッド,Coiffe Norukku G
10740,ノルックGFヘッド,Coiffe Norukku GF
10741,ノルックGXヘッド,Coiffe Norukku GX
10742,ノルックフェイス,
10743,ノルックＦフェイス,
10744,ノルックFYフェイス,
10745,ノルックHSフェイス,
10746,ノルックＧフェイス,
10747,ノルックGFフェイス,
10748,ノルックGXフェイス,
10749,レイレスＧヘルム,Heaume Reiresu G
10750,レイレスGFヘルム,Heaume Reiresu GF
10751,レイレスGXヘルム,Heaume Reiresu GX
10752,レイレスＧキャップ,Casquette Reiresu G
10753,レイレスGFキャップ,Casquette Reiresu GF
10754,レイレスGXキャップ,Casquette Reiresu GX
10755,アンジュＧヘルム,
10756,アンジュGFヘルム,
10757,アンジュGXヘルム,
10758,アンジュＧキャップ,
10759,アンジュGFキャップ,
10760,アンジュGXキャップ,
10761,歌姫ＤＩＶＡピアス,Piercing Utahime
10762,歌姫ＤＩＶＡピアスＦ,
10763,歌姫ＤＩＶＡピアスFZ,
10764,歌姫ＤＩＶＡピアスHS,
10765,歌姫ＤＩＶＡピアスGS,
10766,歌姫ＤＩＶＡピアスGP,
10767,ソルフレアヘッド,Coiffe Solflare
10768,ソルフレアＦヘッド,Coiffe Solflare F
10769,ソルフレアFZヘッド,Coiffe Solflare FZ
10770,ソルフレアHSヘッド,Coiffe Solflare HS
10771,ソルフレアGSヘッド,Coiffe Solflare GS
10772,ソルフレアGPヘッド,Coiffe Solflare GP
10773,ソルフレアキャップ,Casquette Solflare
10774,ソルフレアＦキャップ,Casquette Solflare F
10775,ソルフレアFZキャップ,Casquette Solflare FZ
10776,ソルフレアHSキャップ,Casquette Solflare HS
10777,ソルフレアGSキャップ,Casquette Solflare GS
10778,ソルフレアGPキャップ,Casquette Solflare GP
10779,グァンバレッタ,
10780,グァンバレッタＦ,
10781,グァンバレッタＧ,
10782,グァンバレッタGF,
10783,グァンバレッタGX,
10784,トリドコサージュ,
10785,トリドＦコサージュ,
10786,トリドＧコサージュ,
10787,トリドGFコサージュ,
10788,トリドGXコサージュ,
10789,アーベンヘッド,Coiffe Arben
10790,アーベンＦヘッド,Coiffe Arben F
10791,アーベンFZヘッド,Coiffe Arben FZ
10792,アーベンHSヘッド,Coiffe Arben HS
10793,アーベンGSヘッド,Coiffe Arben GS
10794,アーベンGPヘッド,Coiffe Arben GP
10795,アーベンキャップ,Casquette Arben
10796,アーベンＦキャップ,Casquette Arben F
10797,アーベンFZキャップ,Casquette Arben FZ
10798,アーベンHSキャップ,Casquette Arben HS
10799,アーベンGSキャップ,Casquette Arben GS
10800,アーベンGPキャップ,Casquette Arben GP
10801,ケラヴノヘッド,Coiffe Keravuno
10802,ケラヴノＦヘッド,Coiffe Keravuno F
10803,ケラヴノFZヘッド,Coiffe Keravuno FZ
10804,ケラヴノHSヘッド,Coiffe Keravuno HS
10805,ケラヴノGSヘッド,Coiffe Keravuno GS
10806,ケラヴノGPヘッド,Coiffe Keravuno GP
10807,ケラヴノキャップ,Casquette Keravuno
10808,ケラヴノＦキャップ,Casquette Keravuno F
10809,ケラヴノFZキャップ,Casquette Keravuno FZ
10810,ケラヴノHSキャップ,Casquette Keravuno HS
10811,ケラヴノGSキャップ,Casquette Keravuno GS
10812,ケラヴノGPキャップ,Casquette Keravuno GP
10813,和花ノ帽,
10814,和花ノ帽Ｆ,
10815,和花ノ帽FZ,
10816,和花ノ帽HS,
10817,和花ノ帽GS,
10818,和花ノ帽GP,
10819,和花ノ冠,
10820,和花ノ冠Ｆ,
10821,和花ノ冠FZ,
10822,和花ノ冠HS,
10823,和花ノ冠GS,
10824,和花ノ冠GP,
10825,ルコＧヘッド,Coiffe Ruko G
10826,ルコGFヘッド,Coiffe Ruko GF
10827,ルコGXヘッド,Coiffe Ruko GX
10828,ルコＧフェイス,
10829,ルコGFフェイス,
10830,ルコGXフェイス,
10831,キリンＧホーン,
10832,キリンGFホーン,
10833,キリンGXホーン,
10834,キリンＧコルノ,
10835,キリンGFコルノ,
10836,キリンGXコルノ,
10837,ヴォンヘルム,Heaume Voljang
10838,ヴォンＦヘルム,Heaume Voljang F
10839,ヴォンFXヘルム,Heaume Voljang FX
10840,ヴォンＧヘルム,Heaume Voljang G
10841,ヴォンGFヘルム,Heaume Voljang GF
10842,ヴォンGXヘルム,Heaume Voljang GX
10843,ヴォンキャップ,Casquette Voljang
10844,ヴォンＦキャップ,Casquette Voljang F
10845,ヴォンFXキャップ,Casquette Voljang FX
10846,ヴォンＧキャップ,Casquette Voljang G
10847,ヴォンGFキャップ,Casquette Voljang GF
10848,ヴォンGXキャップ,Casquette Voljang GX
10849,フレイムGXクラウン,
10850,フレイムGXマスク,Masque Flamme GX
10851,フロルGXヘッド,Coiffe Furoru GX
10852,フロルGXハット,Chapeau Furoru GX
10853,ヴァルGXヘルム,Heaume Varusa GX
10854,ヴァルGXキャップ,Casquette Varusa GX
10855,獄狼ヘルム,Heaume Stygian
10856,獄狼Ｇヘルム,Heaume Stygian G
10857,獄狼GFヘルム,Heaume Stygian GF
10858,獄狼GXヘルム,Heaume Stygian GX
10859,獄狼キャップ,Casquette Stygian
10860,獄狼Ｇキャップ,Casquette Stygian G
10861,獄狼GFキャップ,Casquette Stygian GF
10862,獄狼GXキャップ,Casquette Stygian GX
10863,メラルーヘッド,Coiffe Melynx
10864,メラルーＦヘッド,Coiffe Melynx F
10865,メラルーFZヘッド,Coiffe Melynx FZ
10866,メラルーHSヘッド,Coiffe Melynx HS
10867,メラルーGSヘッド,Coiffe Melynx GS
10868,メラルーGPヘッド,Coiffe Melynx GP
10869,メラルーキャップ,Casquette Melynx
10870,メラルーＦキャップ,Casquette Melynx F
10871,メラルーFZキャップ,Casquette Melynx FZ
10872,メラルーHSキャップ,Casquette Melynx HS
10873,メラルーGSキャップ,Casquette Melynx GS
10874,メラルーGPキャップ,Casquette Melynx GP
10875,アイルーヘッド,Coiffe Felyne
10876,アイルーＦヘッド,Coiffe Felyne F
10877,アイルーFZヘッド,Coiffe Felyne FZ
10878,アイルーHSヘッド,Coiffe Felyne HS
10879,アイルーGSヘッド,Coiffe Felyne GS
10880,アイルーGPヘッド,Coiffe Felyne GP
10881,アイルーキャップ,Casquette Felyne
10882,アイルーＦキャップ,Casquette Felyne F
10883,アイルーFZキャップ,Casquette Felyne FZ
10884,アイルーHSキャップ,Casquette Felyne HS
10885,アイルーGSキャップ,Casquette Felyne GS
10886,アイルーGPキャップ,Casquette Felyne GP
10887,アメショヘッド,Coiffe Tigré
10888,アメショＦヘッド,Coiffe Tigré F
10889,アメショFZヘッド,Coiffe Tigré FZ
10890,アメショHSヘッド,Coiffe Tigré HS
10891,アメショGSヘッド,Coiffe Tigré GS
10892,アメショGPヘッド,Coiffe Tigré GP
10893,アメショキャップ,Casquette Tigré
10894,アメショＦキャップ,Casquette Tigré F
10895,アメショFZキャップ,Casquette Tigré FZ
10896,アメショHSキャップ,Casquette Tigré HS
10897,アメショGSキャップ,Casquette Tigré GS
10898,アメショGPキャップ,Casquette Tigré GP
10899,チャトラヘッド,
10900,チャトラＦヘッド,
10901,チャトラFZヘッド,
10902,チャトラHSヘッド,
10903,チャトラGSヘッド,
10904,チャトラGPヘッド,
10905,チャトラキャップ,
10906,チャトラＦキャップ,
10907,チャトラFZキャップ,
10908,チャトラHSキャップ,
10909,チャトラGSキャップ,
10910,チャトラGPキャップ,
10911,ミケヘッド,
10912,ミケＦヘッド,
10913,ミケFZヘッド,
10914,ミケHSヘッド,
10915,ミケGSヘッド,
10916,ミケGPヘッド,
10917,ミケキャップ,
10918,ミケＦキャップ,
10919,ミケFZキャップ,
10920,ミケHSキャップ,
10921,ミケGSキャップ,
10922,ミケGPキャップ,
10923,シロヘッド,
10924,シロＦヘッド,
10925,シロFZヘッド,
10926,シロHSヘッド,
10927,シロGSヘッド,
10928,シロGPヘッド,
10929,シロキャップ,
10930,シロＦキャップ,
10931,シロFZキャップ,
10932,シロHSキャップ,
10933,シロGSキャップ,
10934,シロGPキャップ,
10935,チャシロヘッド,Coiffe Chashiro
10936,チャシロＦヘッド,Coiffe Chashiro F
10937,チャシロFZヘッド,Coiffe Chashiro FZ
10938,チャシロHSヘッド,Coiffe Chashiro HS
10939,チャシロGSヘッド,Coiffe Chashiro GS
10940,チャシロGPヘッド,Coiffe Chashiro GP
10941,チャシロキャップ,Casquette Chashiro
10942,チャシロＦキャップ,Casquette Chashiro F
10943,チャシロFZキャップ,Casquette Chashiro FZ
10944,チャシロHSキャップ,Casquette Chashiro HS
10945,チャシロGSキャップ,Casquette Chashiro GS
10946,チャシロGPキャップ,Casquette Chashiro GP
10947,クロシロヘッド,Coiffe Two-tone
10948,クロシロＦヘッド,Coiffe Two-tone F
10949,クロシロFZヘッド,Coiffe Two-tone FZ
10950,クロシロHSヘッド,Coiffe Two-tone HS
10951,クロシロGSヘッド,Coiffe Two-tone GS
10952,クロシロGPヘッド,Coiffe Two-tone GP
10953,クロシロキャップ,Casquette Two-tone
10954,クロシロＦキャップ,Casquette Two-tone F
10955,クロシロFZキャップ,Casquette Two-tone FZ
10956,クロシロHSキャップ,Casquette Two-tone HS
10957,クロシロGSキャップ,Casquette Two-tone GS
10958,クロシロGPキャップ,Casquette Two-tone GP
10959,雅ヘッド,
10960,雅Ｆヘッド,
10961,雅FZヘッド,
10962,雅HSヘッド,
10963,雅GSヘッド,
10964,雅GPヘッド,
10965,雅キャップ,
10966,雅Ｆキャップ,
10967,雅FZキャップ,
10968,雅HSキャップ,
10969,雅GSキャップ,
10970,雅GPキャップ,
10971,アウラヘッド,
10972,アウラＦヘッド,
10973,アウラFZヘッド,
10974,アウラHSヘッド,
10975,アウラGSヘッド,
10976,アウラGPヘッド,
10977,アウラキャップ,
10978,アウラＦキャップ,
10979,アウラFZキャップ,
10980,アウラHSキャップ,
10981,アウラGSキャップ,
10982,アウラGPキャップ,
10983,和奏ノ帽,
10984,和奏ノ帽Ｆ,
10985,和奏ノ帽FZ,
10986,和奏ノ帽HS,
10987,和奏ノ帽GS,
10988,和奏ノ帽GP,
10989,和奏ノ冠,
10990,和奏ノ冠Ｆ,
10991,和奏ノ冠FZ,
10992,和奏ノ冠HS,
10993,和奏ノ冠GS,
10994,和奏ノ冠GP,
10995,蒼皇氷ヘッド,
10996,蒼皇氷Ｆヘッド,
10997,蒼皇氷FZヘッド,
10998,蒼皇氷HSヘッド,
10999,蒼皇氷GSヘッド,
11000,蒼皇氷GPヘッド,
11001,蒼皇氷キャップ,
11002,蒼皇氷Ｆキャップ,
11003,蒼皇氷FZキャップ,
11004,蒼皇氷HSキャップ,
11005,蒼皇氷GSキャップ,
11006,蒼皇氷GPキャップ,
11007,白皇氷ヘッド,
11008,白皇氷Ｆヘッド,
11009,白皇氷FZヘッド,
11010,白皇氷HSヘッド,
11011,白皇氷GSヘッド,
11012,白皇氷GPヘッド,
11013,白皇氷キャップ,
11014,白皇氷Ｆキャップ,
11015,白皇氷FZキャップ,
11016,白皇氷HSキャップ,
11017,白皇氷GSキャップ,
11018,白皇氷GPキャップ,
11019,紅皇氷ヘッド,
11020,紅皇氷Ｆヘッド,
11021,紅皇氷FZヘッド,
11022,紅皇氷HSヘッド,
11023,紅皇氷GSヘッド,
11024,紅皇氷GPヘッド,
11025,紅皇氷キャップ,
11026,紅皇氷Ｆキャップ,
11027,紅皇氷FZキャップ,
11028,紅皇氷HSキャップ,
11029,紅皇氷GSキャップ,
11030,紅皇氷GPキャップ,
11031,タルタヘッド,Coiffe Taruta
11032,タルタＦヘッド,Coiffe Taruta F
11033,タルタFZヘッド,Coiffe Taruta FZ
11034,タルタHSヘッド,Coiffe Taruta HS
11035,タルタGSヘッド,Coiffe Taruta GS
11036,タルタGPヘッド,Coiffe Taruta GP
11037,タルタキャップ,Casquette Taruta
11038,タルタＦキャップ,Casquette Taruta F
11039,タルタFZキャップ,Casquette Taruta FZ
11040,タルタHSキャップ,Casquette Taruta HS
11041,タルタGSキャップ,Casquette Taruta GS
11042,タルタGPキャップ,Casquette Taruta GP
11043,ルルタヘッド,Coiffe Ruruta
11044,ルルタＦヘッド,Coiffe Ruruta F
11045,ルルタFZヘッド,Coiffe Ruruta FZ
11046,ルルタHSヘッド,Coiffe Ruruta HS
11047,ルルタGSヘッド,Coiffe Ruruta GS
11048,ルルタGPヘッド,Coiffe Ruruta GP
11049,ルルタキャップ,Casquette Ruruta
11050,ルルタＦキャップ,Casquette Ruruta F
11051,ルルタFZキャップ,Casquette Ruruta FZ
11052,ルルタHSキャップ,Casquette Ruruta HS
11053,ルルタGSキャップ,Casquette Ruruta GS
11054,ルルタGPキャップ,Casquette Ruruta GP
11055,クロフィヘッド,Coiffe Kurofi
11056,クロフィＦヘッド,Coiffe Kurofi F
11057,クロフィFZヘッド,Coiffe Kurofi FZ
11058,クロフィHSヘッド,Coiffe Kurofi HS
11059,クロフィGSヘッド,Coiffe Kurofi GS
11060,クロフィGPヘッド,Coiffe Kurofi GP
11061,クロフィキャップ,Casquette Kurofi
11062,クロフィＦキャップ,Casquette Kurofi F
11063,クロフィFZキャップ,Casquette Kurofi FZ
11064,クロフィHSキャップ,Casquette Kurofi HS
11065,クロフィGSキャップ,Casquette Kurofi GS
11066,クロフィGPキャップ,Casquette Kurofi GP
11067,グーダンヘッド,Coiffe Gudan
11068,グーダンＦヘッド,Coiffe Gudan F
11069,グーダンFZヘッド,Coiffe Gudan FZ
11070,グーダンHSヘッド,Coiffe Gudan HS
11071,グーダンGSヘッド,Coiffe Gudan GS
11072,グーダンGPヘッド,Coiffe Gudan GP
11073,チアリムヘッド,Coiffe Chiarim
11074,チアリムＦヘッド,Coiffe Chiarim F
11075,チアリムFZヘッド,Coiffe Chiarim FZ
11076,チアリムHSヘッド,Coiffe Chiarim HS
11077,チアリムGSヘッド,Coiffe Chiarim GS
11078,チアリムGPヘッド,Coiffe Chiarim GP
11079,チアリムキャップ,Casquette Chiarim
11080,チアリムＦキャップ,Casquette Chiarim F
11081,チアリムFZキャップ,Casquette Chiarim FZ
11082,チアリムHSキャップ,Casquette Chiarim HS
11083,チアリムGSキャップ,Casquette Chiarim GS
11084,チアリムGPキャップ,Casquette Chiarim GP
11085,ロホックヘッド,Coiffe Rohokku
11086,ロホックＦヘッド,Coiffe Rohokku F
11087,ロホックFYヘッド,Coiffe Rohokku FY
11088,ロホックHSヘッド,Coiffe Rohokku HS
11089,ロホックＧヘッド,Coiffe Rohokku G
11090,ロホックGFヘッド,Coiffe Rohokku GF
11091,ロホックGXヘッド,Coiffe Rohokku GX
11092,ロホックキャップ,Casquette Rohokku
11093,ロホックＦキャップ,Casquette Rohokku F
11094,ロホックFYキャップ,Casquette Rohokku FY
11095,ロホックHSキャップ,Casquette Rohokku HS
11096,ロホックＧキャップ,Casquette Rohokku G
11097,ロホックGFキャップ,Casquette Rohokku GF
11098,ロホックGXキャップ,Casquette Rohokku GX
11099,キュールヘッド,
11100,キュールＦヘッド,
11101,キュールFYヘッド,
11102,キュールHSヘッド,
11103,キュールＧヘッド,
11104,キュールGFヘッド,
11105,キュールGXヘッド,
11106,キュールキャップ,
11107,キュールＦキャップ,
11108,キュールFYキャップ,
11109,キュールHSキャップ,
11110,キュールＧキャップ,
11111,キュールGFキャップ,
11112,キュールGXキャップ,
11113,鬼凛ノ角Ｇ,
11114,鬼凛ノ角GF,
11115,鬼凛ノ角GX,
11116,童凛ノ角Ｇ,
11117,童凛ノ角GF,
11118,童凛ノ角GX,
11119,エギエネヘッド,Coiffe Eguiene
11120,エギエネＦヘッド,Coiffe Eguiene F
11121,エギエネFYヘッド,Coiffe Eguiene FY
11122,エギエネHSヘッド,Coiffe Eguiene HS
11123,エギエネＧヘッド,Coiffe Eguiene G
11124,エギエネGFヘッド,Coiffe Eguiene GF
11125,エギエネGXヘッド,Coiffe Eguiene GX
11126,エギエネキャップ,Casquette Eguiene
11127,エギエネＦキャップ,Casquette Eguiene F
11128,エギエネFYキャップ,Casquette Eguiene FY
11129,エギエネHSキャップ,Casquette Eguiene HS
11130,エギエネＧキャップ,Casquette Eguiene G
11131,エギエネGFキャップ,Casquette Eguiene GF
11132,エギエネGXキャップ,Casquette Eguiene GX
11133,ヴァクスヘッド,Coiffe Vakusu
11134,ヴァクスＦヘッド,Coiffe Vakusu F
11135,ヴァクスFYヘッド,Coiffe Vakusu FY
11136,ヴァクスHSヘッド,Coiffe Vakusu HS
11137,ヴァクスＧヘッド,Coiffe Vakusu G
11138,ヴァクスGFヘッド,Coiffe Vakusu GF
11139,ヴァクスGXヘッド,Coiffe Vakusu GX
11140,ヴァクスキャップ,Casquette Vakusu
11141,ヴァクスＦキャップ,Casquette Vakusu F
11142,ヴァクスFYキャップ,Casquette Vakusu FY
11143,ヴァクスHSキャップ,Casquette Vakusu HS
11144,ヴァクスＧキャップ,Casquette Vakusu G
11145,ヴァクスGFキャップ,Casquette Vakusu GF
11146,ヴァクスGXキャップ,Casquette Vakusu GX
11147,ワンスヘッド,
11148,クロエヘッド,Coiffe Chloe
11149,エスピナＺゲヒル,
11150,エスピナZFゲヒル,
11151,エスピナZYゲヒル,
11152,エスピナZXゲヒル,
11153,エスピナＺアゼレ,
11154,エスピナZFアゼレ,
11155,エスピナZYアゼレ,
11156,エスピナZXアゼレ,
11157,ヒプノＺヘルム,Heaume Hypnoc Z
11158,ヒプノZFヘルム,Heaume Hypnoc F
11159,ヒプノZYヘルム,Heaume Hypnoc ZY
11160,ヒプノZXヘルム,Heaume Hypnoc ZX
11161,ヒプノＺキャップ,Casquette Hypnoc Z
11162,ヒプノZFキャップ,Casquette Hypnoc F
11163,ヒプノZYキャップ,Casquette Hypnoc ZY
11164,ヒプノZXキャップ,Casquette Hypnoc ZX
11165,フルフルＺヘルム,Heaume Khezu Z
11166,フルフルZFヘルム,Heaume Khezu F
11167,フルフルZYヘルム,Heaume Khezu ZY
11168,フルフルZXヘルム,Heaume Khezu ZX
11169,フルフルＺキャップ,Casquette Khezu Z
11170,フルフルZFキャップ,Casquette Khezu F
11171,フルフルZYキャップ,Casquette Khezu ZY
11172,フルフルZXキャップ,Casquette Khezu ZX
11173,ザザミＺヘルム,Heaume Hermitaur Z
11174,ザザミZFヘルム,Heaume Hermitaur F
11175,ザザミZYヘルム,Heaume Hermitaur ZY
11176,ザザミZXヘルム,Heaume Hermitaur ZX
11177,ザザミＺキャップ,Casquette Hermitaur Z
11178,ザザミZFキャップ,Casquette Hermitaur F
11179,ザザミZYキャップ,Casquette Hermitaur ZY
11180,ザザミZXキャップ,Casquette Hermitaur ZX
11181,ディオスヘッド,Coiffe Dios
11182,ディオスＦヘッド,Coiffe Dios F
11183,ディオスFZヘッド,Coiffe Dios FZ
11184,ディオスHSヘッド,Coiffe Dios HS
11185,ディオスGSヘッド,Coiffe Dios GS
11186,ディオスGPヘッド,Coiffe Dios GP
11187,ディオスZPヘッド,Coiffe Dios ZP
11188,ディオスキャップ,Casquette Dios
11189,ディオスＦキャップ,Casquette Dios F
11190,ディオスFZキャップ,Casquette Dios FZ
11191,ディオスHSキャップ,Casquette Dios HS
11192,ディオスGSキャップ,Casquette Dios GS
11193,ディオスGPキャップ,Casquette Dios GP
11194,ディオスZPキャップ,Casquette Dios ZP
11195,エヴォルヘッド・白,Coiffe Evol blanche
11196,エヴォルＦヘッド・白,Coiffe Evol F blanche
11197,エヴォルFZヘッド・白,Coiffe Evol FZ blanche
11198,エヴォルHSヘッド・白,Coiffe Evol HS blanche
11199,エヴォルGSヘッド・白,Coiffe Evol GS blanche
11200,エヴォルGPヘッド・白,Coiffe Evol GP blanche
11201,エヴォルZPヘッド・白,Coiffe Evol ZP blanche
11202,エヴォルマスク・白,Masque Evol blanc
11203,エヴォルＦマスク・白,Masque Evol F blanc
11204,エヴォルFZマスク・白,Masque Evol FZ blanc
11205,エヴォルHSマスク・白,Masque Evol HS blanc
11206,エヴォルGSマスク・白,Masque Evol GS blanc
11207,エヴォルGPマスク・白,Masque Evol GP blanc
11208,エヴォルZPマスク・白,Masque Evol ZP blanc
11209,エヴォルヘッド・赤,Coiffe Evol rouge
11210,エヴォルＦヘッド・赤,Coiffe Evol F rouge
11211,エヴォルFZヘッド・赤,Coiffe Evol FZ rouge
11212,エヴォルHSヘッド・赤,Coiffe Evol HS rouge
11213,エヴォルGSヘッド・赤,Coiffe Evol GS rouge
11214,エヴォルGPヘッド・赤,Coiffe Evol GP rouge
11215,エヴォルZPヘッド・赤,Coiffe Evol ZP rouge
11216,エヴォルマスク・赤,Masque Evol rouge
11217,エヴォルＦマスク・赤,Masque Evol F rouge
11218,エヴォルFZマスク・赤,Masque Evol FZ rouge
11219,エヴォルHSマスク・赤,Masque Evol HS rouge
11220,エヴォルGSマスク・赤,Masque Evol GS rouge
11221,エヴォルGPマスク・赤,Masque Evol GP rouge
11222,エヴォルZPマスク・赤,Masque Evol ZP rouge
11223,エヴォルヘッド・青,Coiffe Evol bleue
11224,エヴォルＦヘッド・青,Coiffe Evol F bleue
11225,エヴォルFZヘッド・青,Coiffe Evol FZ bleue
11226,エヴォルHSヘッド・青,Coiffe Evol HS bleue
11227,エヴォルGSヘッド・青,Coiffe Evol GS bleue
11228,エヴォルGPヘッド・青,Coiffe Evol GP bleue
11229,エヴォルZPヘッド・青,Coiffe Evol ZP bleue
11230,エヴォルマスク・青,Masque Evol bleu
11231,エヴォルＦマスク・青,Masque Evol F bleu
11232,エヴォルFZマスク・青,Masque Evol FZ bleu
11233,エヴォルHSマスク・青,Masque Evol HS bleu
11234,エヴォルGSマスク・青,Masque Evol GS bleu
11235,エヴォルGPマスク・青,Masque Evol GP bleu
11236,エヴォルZPマスク・青,Masque Evol ZP bleu
11237,エヴォルヘッド・紫,Coiffe Evol violette
11238,エヴォルＦヘッド・紫,Coiffe Evol F violette
11239,エヴォルFZヘッド・紫,Coiffe Evol FZ violette
11240,エヴォルHSヘッド・紫,Coiffe Evol HS violette
11241,エヴォルGSヘッド・紫,Coiffe Evol GS violette
11242,エヴォルGPヘッド・紫,Coiffe Evol GP violette
11243,エヴォルZPヘッド・紫,Coiffe Evol ZP violette
11244,エヴォルマスク・紫,Masque Evol violet
11245,エヴォルＦマスク・紫,Masque Evol F violet
11246,エヴォルFZマスク・紫,Masque Evol FZ violet
11247,エヴォルHSマスク・紫,Masque Evol HS violet
11248,エヴォルGSマスク・紫,Masque Evol GS violet
11249,エヴォルGPマスク・紫,Masque Evol GP violet
11250,エヴォルZPマスク・紫,Masque Evol ZP violet
11251,サクフィヘッド,Coiffe Sakufi
11252,サクフィＦヘッド,Coiffe Sakufi F
11253,サクフィFZヘッド,Coiffe Sakufi FZ
11254,サクフィHSヘッド,Coiffe Sakufi HS
11255,サクフィGSヘッド,Coiffe Sakufi GS
11256,サクフィGPヘッド,Coiffe Sakufi GP
11257,サクフィZPヘッド,Coiffe Sakufi ZP
11258,サクフィキャップ,Casquette Sakufi
11259,サクフィＦキャップ,Casquette Sakufi F
11260,サクフィFZキャップ,Casquette Sakufi FZ
11261,サクフィHSキャップ,Casquette Sakufi HS
11262,サクフィGSキャップ,Casquette Sakufi GS
11263,サクフィGPキャップ,Casquette Sakufi GP
11264,サクフィZPキャップ,Casquette Sakufi ZP
11265,アスモヘッド,Coiffe Asumo
11266,アスモＦヘッド,Coiffe Asumo F
11267,アスモFZヘッド,Coiffe Asumo FZ
11268,アスモHSヘッド,Coiffe Asumo HS
11269,アスモGSヘッド,Coiffe Asumo GS
11270,アスモGPヘッド,Coiffe Asumo GP
11271,アスモZPヘッド,Coiffe Asumo ZP
11272,アスモキャップ,Casquette Asumo
11273,アスモＦキャップ,Casquette Asumo F
11274,アスモFZキャップ,Casquette Asumo FZ
11275,アスモHSキャップ,Casquette Asumo HS
11276,アスモGSキャップ,Casquette Asumo GS
11277,アスモGPキャップ,Casquette Asumo GP
11278,アスモZPキャップ,Casquette Asumo ZP
11279,キャロルＣバンド,Bandeau Carol C
11280,ザイラＣヘルム,Heaume Zaira C
11281,ルースＣヘッド,
11282,アステリZPピアス・白,Piercing Asteri ZP blanc
11283,アステリZPハール・白,Chevelure Asteri ZP blanche
11284,アステリZPピアス・青,Piercing Asteri ZP bleu
11285,アステリZPハール・青,Chevelure Asteri ZP bleue
11286,アステリZPピアス・赤,Piercing Asteri ZP rouge
11287,アステリZPハール・赤,Chevelure Asteri ZP rouge
11288,アステリZPピアス・黒,Piercing Asteri ZP noir
11289,アステリZPハール・黒,Chevelure Asteri ZP noire
11290,リアンZPヘッド・青,Coiffe Rian ZP bleue
11291,リアンZPハット・青,Chapeau Rian ZP bleu
11292,リアンZPヘッド・赤,Coiffe Rian ZP rouge
11293,リアンZPハット・赤,Chapeau Rian ZP rouge
11294,リアンZPヘッド・黒,Coiffe Rian ZP noire
11295,リアンZPハット・黒,Chapeau Rian ZP noir
11296,リアンZPヘッド・白,Coiffe Rian ZP blanche
11297,リアンZPハット・白,Chapeau Rian ZP blanc
11298,キャロルZPバンド・黒,Bandeau Carol ZP noir
11299,キャロルZPヘッド・黒,Coiffe Carol ZP noire
11300,キャロルZPバンド・青,Bandeau Carol ZP bleu
11301,キャロルZPヘッド・青,Coiffe Carol ZP bleue
11302,キャロルZPバンド・白,Bandeau Carol ZP blanc
11303,キャロルZPヘッド・白,Coiffe Carol ZP blanche
11304,キャロルZPバンド・赤,Bandeau Carol ZP rouge
11305,キャロルZPヘッド・赤,Coiffe Carol ZP rouge
11306,ゼナバレッタ,
11307,ゼナＦバレッタ,
11308,ゼナＧバレッタ,
11309,ゼナGFバレッタ,
11310,ゼナGXバレッタ,
11311,グァンコサージュ,
11312,グァンＦコサージュ,
11313,グァンＧコサージュ,
11314,グァンGFコサージュ,
11315,グァンGXコサージュ,
11316,ブリゼヘルム,Heaume Blize
11317,ブリゼＦヘルム,Heaume Blize F
11318,ブリゼFYヘルム,Heaume Blize FY
11319,ブリゼHSヘルム,Heaume Blize HS
11320,ブリゼＧヘルム,Heaume Blize G
11321,ブリゼGFヘルム,Heaume Blize GF
11322,ブリゼGXヘルム,Heaume Blize GX
11323,ブリゼキャップ,Casquette Blize
11324,ブリゼＦキャップ,Casquette Blize F
11325,ブリゼFYキャップ,Casquette Blize FY
11326,ブリゼHSキャップ,Casquette Blize HS
11327,ブリゼＧキャップ,Casquette Blize G
11328,ブリゼGFキャップ,Casquette Blize GF
11329,ブリゼGXキャップ,Casquette Blize GX
11330,ヒガクレＣヘルム,Heaume Higakure C
11331,ハロキュＤヘッド,Coiffe Harokyu D
11332,エヴォルＤヘッド・白,Coiffe Evol D blanche
11333,エヴォルＤヘッド・赤,Coiffe Evol D rouge
11334,エヴォルＤヘッド・青,Coiffe Evol D bleue
11335,エヴォルＤヘッド・紫,Coiffe Evol D violette
11336,狩衛部隊ヘッド・男,
11337,狩衛部隊ヘッド・女,
11338,蒼皇氷ZPヘッド,
11339,蒼皇氷ZPキャップ,
11340,白皇氷ZPヘッド,
11341,白皇氷ZPキャップ,
11342,紅皇氷ZPヘッド,
11343,紅皇氷ZPキャップ,
11344,ワンダレヘッド・青,Coiffe Wandale bleue
11345,ワンダレＦヘッド・青,Coiffe Wandale F bleue
11346,ワンダレFZヘッド・青,Coiffe Wandale FZ bleue
11347,ワンダレHSヘッド・青,Coiffe Wandale HS bleue
11348,ワンダレGSヘッド・青,Coiffe Wandale GS bleue
11349,ワンダレGPヘッド・青,Coiffe Wandale GP bleue
11350,ワンダレZPヘッド・青,Coiffe Wandale ZP bleue
11351,ワンダレハール・青,Chevelure Wandale bleue
11352,ワンダレＦハール・青,Chevelure Wandale F bleue
11353,ワンダレFZハール・青,Chevelure Wandale FZ bleue
11354,ワンダレHSハール・青,Chevelure Wandale HS bleue
11355,ワンダレGSハール・青,Chevelure Wandale GS bleue
11356,ワンダレGPハール・青,Chevelure Wandale GP bleue
11357,ワンダレZPハール・青,Chevelure Wandale ZP bleue
11358,ワンダレヘッド・赤,Coiffe Wandale rouge
11359,ワンダレＦヘッド・赤,Coiffe Wandale F rouge
11360,ワンダレFZヘッド・赤,Coiffe Wandale FZ rouge
11361,ワンダレHSヘッド・赤,Coiffe Wandale HS rouge
11362,ワンダレGSヘッド・赤,Coiffe Wandale GS rouge
11363,ワンダレGPヘッド・赤,Coiffe Wandale GP rouge
11364,ワンダレZPヘッド・赤,Coiffe Wandale ZP rouge
11365,ワンダレハール・赤,Chevelure Wandale rouge
11366,ワンダレＦハール・赤,Chevelure Wandale F rouge
11367,ワンダレFZハール・赤,Chevelure Wandale FZ rouge
11368,ワンダレHSハール・赤,Chevelure Wandale HS rouge
11369,ワンダレGSハール・赤,Chevelure Wandale GS rouge
11370,ワンダレGPハール・赤,Chevelure Wandale GP rouge
11371,ワンダレZPハール・赤,Chevelure Wandale ZP rouge
11372,ワンダレヘッド・白,Coiffe Wandale blanche
11373,ワンダレＦヘッド・白,Coiffe Wandale F blanche
11374,ワンダレFZヘッド・白,Coiffe Wandale FZ blanche
11375,ワンダレHSヘッド・白,Coiffe Wandale HS blanche
11376,ワンダレGSヘッド・白,Coiffe Wandale GS blanche
11377,ワンダレGPヘッド・白,Coiffe Wandale GP blanche
11378,ワンダレZPヘッド・白,Coiffe Wandale ZP blanche
11379,ワンダレハール・白,Chevelure Wandale blanche
11380,ワンダレＦハール・白,Chevelure Wandale F blanche
11381,ワンダレFZハール・白,Chevelure Wandale FZ blanche
11382,ワンダレHSハール・白,Chevelure Wandale HS blanche
11383,ワンダレGSハール・白,Chevelure Wandale GS blanche
11384,ワンダレGPハール・白,Chevelure Wandale GP blanche
11385,ワンダレZPハール・白,Chevelure Wandale ZP blanche
11386,ワンダレヘッド・黒,Coiffe Wandale noire
11387,ワンダレＦヘッド・黒,Coiffe Wandale F noire
11388,ワンダレFZヘッド・黒,Coiffe Wandale FZ noire
11389,ワンダレHSヘッド・黒,Coiffe Wandale HS noire
11390,ワンダレGSヘッド・黒,Coiffe Wandale GS noire
11391,ワンダレGPヘッド・黒,Coiffe Wandale GP noire
11392,ワンダレZPヘッド・黒,Coiffe Wandale ZP noire
11393,ワンダレハール・黒,Chevelure Wandale noire
11394,ワンダレＦハール・黒,Chevelure Wandale F noire
11395,ワンダレFZハール・黒,Chevelure Wandale FZ noire
11396,ワンダレHSハール・黒,Chevelure Wandale HS noire
11397,ワンダレGSハール・黒,Chevelure Wandale GS noire
11398,ワンダレGPハール・黒,Chevelure Wandale GP noire
11399,ワンダレZPハール・黒,Chevelure Wandale ZP noire
11400,ゴアヘルム,
11401,ゴアＧヘルム,
11402,ゴアGFヘルム,
11403,ゴアGXヘルム,
11404,ゴアキャップ,
11405,ゴアＧキャップ,
11406,ゴアGFキャップ,
11407,ゴアGXキャップ,
11408,ゼナＧヘッド,Coiffe Zena G
11409,ゼナGFヘッド,Coiffe Zena GF
11410,ゼナGXヘッド,Coiffe Zena GX
11411,ゼナＧキャップ,Casquette Zena G
11412,ゼナGFキャップ,Casquette Zena GF
11413,ゼナGXキャップ,Casquette Zena GX
11414,レウスＺヘルム,Heaume Rathalos Z
11415,レウスZFヘルム,Heaume Rathalos F
11416,レウスZYヘルム,Heaume Rathalos ZY
11417,レウスZXヘルム,Heaume Rathalos ZX
11418,レウスＺキャップ,Casquette Rathalos Z
11419,レウスZFキャップ,Casquette Rathalos F
11420,レウスZYキャップ,Casquette Rathalos ZY
11421,レウスZXキャップ,Casquette Rathalos ZX
11422,ブランゴＺヘルム,Heaume Blango Z
11423,ブランゴZFヘルム,Heaume Blango F
11424,ブランゴZYヘルム,Heaume Blango ZY
11425,ブランゴZXヘルム,Heaume Blango ZX
11426,ブランゴＺキャップ,Casquette Blango Z
11427,ブランゴZFキャップ,Casquette Blango F
11428,ブランゴZYキャップ,Casquette Blango ZY
11429,ブランゴZXキャップ,Casquette Blango ZX
11430,ムルタヘッド,Coiffe Muruta
11431,ムルタＦヘッド,Coiffe Muruta F
11432,ムルタFZヘッド,Coiffe Muruta FZ
11433,ムルタHSヘッド,Coiffe Muruta HS
11434,ムルタGSヘッド,Coiffe Muruta GS
11435,ムルタGPヘッド,Coiffe Muruta GP
11436,ムルタZPヘッド,Coiffe Muruta ZP
11437,ムルタキャップ,Casquette Muruta
11438,ムルタＦキャップ,Casquette Muruta F
11439,ムルタFZキャップ,Casquette Muruta FZ
11440,ムルタHSキャップ,Casquette Muruta HS
11441,ムルタGSキャップ,Casquette Muruta GS
11442,ムルタGPキャップ,Casquette Muruta GP
11443,ムルタZPキャップ,Casquette Muruta ZP
11444,ハウラヘッド,Coiffe Howla
11445,ハウラＦヘッド,Coiffe Howla F
11446,ハウラFZヘッド,Coiffe Howla FZ
11447,ハウラHSヘッド,Coiffe Howla HS
11448,ハウラGSヘッド,Coiffe Howla GS
11449,ハウラGPヘッド,Coiffe Howla GP
11450,ハウラZPヘッド,Coiffe Howla ZP
11451,ハウラキャップ,Casquette Howla
11452,ハウラＦキャップ,Casquette Howla F
11453,ハウラFZキャップ,Casquette Howla FZ
11454,ハウラHSキャップ,Casquette Howla HS
11455,ハウラGSキャップ,Casquette Howla GS
11456,ハウラGPキャップ,Casquette Howla GP
11457,ハウラZPキャップ,Casquette Howla ZP
11458,パンセヘッド,Coiffe Panse
11459,パンセＦヘッド,Coiffe Panse F
11460,パンセFZヘッド,Coiffe Panse FZ
11461,パンセHSヘッド,Coiffe Panse HS
11462,パンセGSヘッド,Coiffe Panse GS
11463,パンセGPヘッド,Coiffe Panse GP
11464,パンセZPヘッド,Coiffe Panse ZP
11465,パンセキャップ,Casquette Panse
11466,パンセＦキャップ,Casquette Panse F
11467,パンセFZキャップ,Casquette Panse FZ
11468,パンセHSキャップ,Casquette Panse HS
11469,パンセGSキャップ,Casquette Panse GS
11470,パンセGPキャップ,Casquette Panse GP
11471,パンセZPキャップ,Casquette Panse ZP
11472,マリジュヘッド,Coiffe Mariage
11473,マリジュＦヘッド,Coiffe Mariage F
11474,マリジュFZヘッド,Coiffe Mariage FZ
11475,マリジュHSヘッド,Coiffe Mariage HS
11476,マリジュGSヘッド,Coiffe Mariage GS
11477,マリジュGPヘッド,Coiffe Mariage GP
11478,マリジュZPヘッド,Coiffe Mariage ZP
11479,マリジュキャップ,Casquette Mariage
11480,マリジュＦキャップ,Casquette Mariage F
11481,マリジュFZキャップ,Casquette Mariage FZ
11482,マリジュHSキャップ,Casquette Mariage HS
11483,マリジュGSキャップ,Casquette Mariage GS
11484,マリジュGPキャップ,Casquette Mariage GP
11485,マリジュZPキャップ,Casquette Mariage ZP
11486,ユキネヘッド,Coiffe Yukine
11487,ユキネＦヘッド,Coiffe Yukine F
11488,ユキネFZヘッド,Coiffe Yukine FZ
11489,ユキネHSヘッド,Coiffe Yukine HS
11490,ユキネGSヘッド,Coiffe Yukine GS
11491,ユキネGPヘッド,Coiffe Yukine GP
11492,ユキネZPヘッド,Coiffe Yukine ZP
11493,ユキネマスク,Masque Yukine
11494,ユキネＦマスク,Masque Yukine F
11495,ユキネFZマスク,Masque Yukine FZ
11496,ユキネHSマスク,Masque Yukine HS
11497,ユキネGSマスク,Masque Yukine GS
11498,ユキネGPマスク,Masque Yukine GP
11499,ユキネZPマスク,Masque Yukine ZP
11500,雪ミクヘッド,
11501,雪ミクＦヘッド,
11502,雪ミクFZヘッド,
11503,雪ミクHSヘッド,
11504,雪ミクGSヘッド,
11505,雪ミクGPヘッド,
11506,雪ミクZPヘッド,
11507,雪ミクピアス,
11508,雪ミクＦピアス,
11509,雪ミクFZピアス,
11510,雪ミクHSピアス,
11511,雪ミクGSピアス,
11512,雪ミクGPピアス,
11513,雪ミクZPピアス,
11514,ミクZPヘッド,Coiffe Miku ZP
11515,ミクZPピアス,Piercing Miku ZP
11516,オユンZPヘルム・青,Heaume Oyun ZP bleu
11517,オユンZPキャップ・青,Casquette Oyun ZP bleue
11518,オユンZPヘルム・赤,Heaume Oyun ZP rouge
11519,オユンZPキャップ・赤,Casquette Oyun ZP rouge
11520,オユンZPヘルム・黒,Heaume Oyun ZP noir
11521,オユンZPキャップ・黒,Casquette Oyun ZP noire
11522,オユンZPヘルム・白,Heaume Oyun ZP blanc
11523,オユンZPキャップ・白,Casquette Oyun ZP blanche
11524,鬼穿ノ角Ｇ,
11525,鬼穿ノ角GF,
11526,鬼穿ノ角GX,
11527,童穿ノ角Ｇ,
11528,童穿ノ角GF,
11529,童穿ノ角GX,
11530,ラーヴェヘルム,
11531,ラーヴェＦヘルム,
11532,ラーヴェFYヘルム,
11533,ラーヴェHSヘルム,
11534,ラーヴェＧヘルム,
11535,ラーヴェGFヘルム,
11536,ラーヴェGXヘルム,
11537,ラーヴェキャップ,
11538,ラーヴェＦキャップ,
11539,ラーヴェFYキャップ,
11540,ラーヴェHSキャップ,
11541,ラーヴェＧキャップ,
11542,ラーヴェGFキャップ,
11543,ラーヴェGXキャップ,
11544,ワンダレＤヘッド・青,Coiffe Wandale D bleue
11545,ワンダレＤヘッド・赤,Coiffe Wandale D rouge
11546,ワンダレＤヘッド・白,Coiffe Wandale D blanche
11547,ワンダレＤヘッド・黒,Coiffe Wandale D noire
11548,蒼皇氷Ｄヘッド,
11549,白皇氷Ｄヘッド,
11550,紅皇氷Ｄヘッド,
11551,ランセＣヘッド,Coiffe Rance C
11552,サンタＤヘッド,Coiffe Santa D
11553,ガウシカＤヘッド,Coiffe Anteka D
11554,チアリムZPヘッド,Coiffe Chiarim ZP
11555,チアリムZPキャップ,Casquette Chiarim ZP
11556,ミクZPヘッド・白,Coiffe Miku ZP blanche
11557,ミクZPピアス・白,Piercing Miku ZP blanc
11558,ミクZPヘッド・黄,Coiffe Miku ZP jaune
11559,ミクZPピアス・黄,Piercing Miku ZP jaune
11560,ミクZPヘッド・黒,Coiffe Miku ZP noire
11561,ミクZPピアス・黒,Piercing Miku ZP noir
11562,ミクZPヘッド・褐,
11563,ミクZPピアス・褐,
11564,カタンテＺヘルム,Heaume Katante Z
11565,カタンテZFヘルム,Heaume Katante F
11566,カタンテZYヘルム,Heaume Katante ZY
11567,カタンテZXヘルム,Heaume Katante ZX
11568,カタンテＺキャップ,Casquette Katante Z
11569,カタンテZFキャップ,Casquette Katante F
11570,カタンテZYキャップ,Casquette Katante ZY
11571,カタンテZXキャップ,Casquette Katante ZX
11572,サクフィＤヘッド,Coiffe Sakufi D
11573,アスモＤヘッド,Coiffe Asumo D
11574,ディオスＤヘッド,Coiffe Dios D
11575,アステリＤピアス・白,Piercing Asteri D blanc
11576,アステリＤピアス・青,Piercing Asteri D bleu
11577,アステリＤピアス・赤,Piercing Asteri D rouge
11578,アステリＤピアス・黒,Piercing Asteri D noir
11579,リアンＤヘッド・青,Coiffe Rian D bleue
11580,リアンＤヘッド・赤,Coiffe Rian D rouge
11581,リアンＤヘッド・黒,Coiffe Rian D noire
11582,リアンＤヘッド・白,Coiffe Rian D blanche
11583,リアンＤヘッド・紅,Coiffe Rian D cramoisie
11584,リアンＤヘッド・藍,
11585,リアンＤヘッド・桃,Coiffe Rian D rose
11586,キャロルＤバンド・黒,Bandeau Carol D noir
11587,キャロルＤバンド・青,Bandeau Carol D bleu
11588,キャロルＤバンド・白,Bandeau Carol D blanc
11589,キャロルＤバンド・赤,Bandeau Carol D rouge
11590,キャロルＤバンド・桃,Bandeau Carol D rose
11591,ゴシックＤピアス,Piercing Gothic D
11592,キリンＤホーン,
11593,ファルノＤヘルム,Heaume Farunokku D
11594,ファルノＤキャップ,Casquette Farunokku D
11595,ポカラＤヘルム,Heaume Pokara D
11596,ポカラＤキャップ,Casquette Pokara D
11597,創音奏Ｄ【五線譜】,
11598,音紡奏Ｄ【五線譜】,
11599,照雷Ｄ【兜】,
11600,明雷Ｄ【兜】,
11601,トリドＤヘルム,Heaume Torid D
11602,トリドＤキャップ,Casquette Torid D
11603,グァンＤヘッド,Coiffe Guan D
11604,グァンＤキャップ,Casquette Guan D
11605,ヴァルＤヘルム,Heaume Varusa D
11606,ヴァルＤキャップ,Casquette Varusa D
11607,トアＤヘルム,Heaume Toa D
11608,トアＤキャップ,Casquette Toa D
11609,ブリッツＤホーン,
11610,ストロマＤヘルム,Heaume Stroma D
11611,ストロマＤキャップ,Casquette Stroma D
11612,雅深Ｄ【趣】,
11613,雅淵Ｄ【趣】,
11614,アルテラＤヘルム,Heaume Altera D
11615,アルテラＤキャップ,Casquette Altera D
11616,ポボルムＤヘルム,Heaume Pobo D
11617,ポボルムＤキャップ,Casquette Pobo D
11618,ジンオウＣヘルム,Heaume Zinogre C
11619,ジンオウＣキャップ,Casquette Zinogre C
11620,タロスＵＤヘルム,Heaume Hornetaur
11621,タロスＵＤキャップ,Casquette Hornetaur
11622,レウスＤヘルム,Heaume Rathalos D
11623,レウスＤキャップ,Casquette Rathalos D
11624,ゴゴＤヘルム,Heaume Gogomoa D
11625,ゴゴＤキャップ,Casquette Gogomoa D
11626,アスールＤヘッド,Coiffe Azul D
11627,アスールＤウィッグ,
11628,ハーヴェストＤヘッド,Coiffe Moisson D
11629,ハーヴェストＤピアス,Piercing Moisson D
11630,メランＤヘッド,Coiffe Melan D
11631,メランＤウィッグ,
11632,ディールＤヘッド,Coiffe Diru D
11633,ディールＤウィッグ,
11634,タンドレスＤヘッド,Coiffe Tandress D
11635,タンドレスＤピアス,Piercing Tandress D
11636,ランセＤヘッド,Coiffe Rance D
11637,ランセＤウィッグ,
11638,ガネトＤヘッド,Coiffe Ganeto D
11639,ガネトＤウィッグ,
11640,チールＤヘッド,Coiffe Chiru D
11641,チールＤウィッグ,
11642,シウスＤヘッド,Coiffe Shiusu D
11643,シウスＤウィッグ,
11644,ウルキーフェイクＤ,
11645,ワンスＤヘルム・無,
11646,淡桜Ｄ【鉢金】,
11647,イーリスピアスＤ,
11648,ペレグリヘッド,Coiffe Pelegri
11649,ペレグリＦヘッド,Coiffe Pelegri F
11650,ペレグリFZヘッド,Coiffe Pelegri FZ
11651,ペレグリHSヘッド,Coiffe Pelegri HS
11652,ペレグリGSヘッド,Coiffe Pelegri GS
11653,ペレグリGPヘッド,Coiffe Pelegri GP
11654,ペレグリZPヘッド,Coiffe Pelegri ZP
11655,ペレグリキャップ,Casquette Pelegri
11656,ペレグリＦキャップ,Casquette Pelegri F
11657,ペレグリFZキャップ,Casquette Pelegri FZ
11658,ペレグリHSキャップ,Casquette Pelegri HS
11659,ペレグリGSキャップ,Casquette Pelegri GS
11660,ペレグリGPキャップ,Casquette Pelegri GP
11661,ペレグリZPキャップ,Casquette Pelegri ZP
11662,ヘルトＧピアス,Piercing Heruto G
11663,ヘルトGFピアス,Piercing Heruto GF
11664,ヘルトGXピアス,Piercing Heruto GX
11665,イロアスＧピアス,Piercing Iroasu G
11666,イロアスGFピアス,Piercing Iroasu GF
11667,イロアスGXピアス,Piercing Iroasu GX
11668,メラルーZPヘッド,Coiffe Melynx ZP
11669,メラルーZPキャップ,Casquette Melynx ZP
11670,アイルーZPヘッド,Coiffe Felyne ZP
11671,アイルーZPキャップ,Casquette Felyne ZP
11672,アメショZPヘッド,Coiffe Tigré ZP
11673,アメショZPキャップ,Casquette Tigré ZP
11674,チャトラZPヘッド,
11675,チャトラZPキャップ,
11676,ミケZPヘッド,
11677,ミケZPキャップ,
11678,シロZPヘッド,
11679,シロZPキャップ,
11680,チャシロZPヘッド,Coiffe Chashiro ZP
11681,チャシロZPキャップ,Casquette Chashiro ZP
11682,クロシロZPヘッド,Coiffe Two-tone ZP
11683,クロシロZPキャップ,Casquette Two-tone ZP
11684,和奏ノ帽ZP,
11685,和奏ノ冠ZP,
11686,ハウラＤヘッド,Coiffe Howla D
11687,パンセＤヘッド,Coiffe Panse D
11688,マリジュＤヘッド,Coiffe Mariage D
11689,ユキネＤヘッド,Coiffe Yukine D
11690,雪ミクＤヘッド,
11691,ミクＤヘッド,Coiffe Miku D
11692,ミクＤヘッド・白,Coiffe Miku D blanche
11693,ミクＤヘッド・黄,Coiffe Miku D jaune
11694,ミクＤヘッド・黒,Coiffe Miku D noire
11695,ミクＤヘッド・褐,
11696,和奏ノ帽Ｄ,
11697,メラルーＤヘッド,Coiffe Melynx D
11698,アイルーＤヘッド,Coiffe Felyne D
11699,アメショＤヘッド,Coiffe Tigré D
11700,チャトラＤヘッド,
11701,ミケＤヘッド,
11702,シロＤヘッド,
11703,チャシロＤヘッド,Coiffe Chashiro D
11704,クロシロＤヘッド,Coiffe Two-tone D
11705,ビストロＤキャップ,
11706,オウビートＤテスタ,
11707,パピメルＤテスタ,
11708,ヴォルアドミラルＤ,
11709,ヴォルレジェンドＤ,
11710,鬼神ノ角Ｄ,
11711,鬼伝ノ角Ｄ,
11712,鬼凛ノ角Ｄ,
11713,エンプレスＣセクター,
11714,エンプレスＣマスク,Masque Impératrice C
11715,カイザーＣクラウン,
11716,カイザーＣマスク,
11717,ドラゴンＤヘッド,
11718,ドラゴンＤフェイス,
11719,ナルガＣヘルム,Heaume Nargacuga C
11720,ナルガＣキャップ,Casquette Nargacuga C
11721,焔嶽GX【兜】,
11722,緋嶽GX【兜】,
11723,ヴァシムＺヘルム,Heaume Vashimu Z
11724,ヴァシムZFヘルム,Heaume Vashimu F
11725,ヴァシムZYヘルム,Heaume Vashimu ZY
11726,ヴァシムZXヘルム,Heaume Vashimu ZX
11727,ヴァシムＺキャップ,Casquette Vashimu Z
11728,ヴァシムZFキャップ,Casquette Vashimu F
11729,ヴァシムZYキャップ,Casquette Vashimu ZY
11730,ヴァシムZXキャップ,Casquette Vashimu ZX
11731,レックスＺヘルム,Heaume Tigrex Z
11732,レックスZFヘルム,Heaume Tigrex F
11733,レックスZYヘルム,Heaume Tigrex ZY
11734,レックスZXヘルム,Heaume Tigrex ZX
11735,レックスＺキャップ,Casquette Tigrex Z
11736,レックスZFキャップ,Casquette Tigrex F
11737,レックスZYキャップ,Casquette Tigrex ZY
11738,レックスZXキャップ,Casquette Tigrex ZX
11739,アデルヘッド,Coiffe Adel
11740,アデルＦヘッド,Coiffe Adel F
11741,アデルFZヘッド,Coiffe Adel FZ
11742,アデルHSヘッド,Coiffe Adel HS
11743,アデルGSヘッド,Coiffe Adel GS
11744,アデルGPヘッド,Coiffe Adel GP
11745,アデルZPヘッド,Coiffe Adel ZP
11746,アデルマスク,Masque Adel
11747,アデルＦマスク,Masque Adel F
11748,アデルFZマスク,Masque Adel FZ
11749,アデルHSマスク,Masque Adel HS
11750,アデルGSマスク,Masque Adel GS
11751,アデルGPマスク,Masque Adel GP
11752,アデルZPマスク,Masque Adel ZP
11753,ロックブーケヘッド,Coiffe Rocbouquet
11754,ロックブーケＦヘッド,Coiffe Rocbouquet F
11755,ロックブーケFZヘッド,Coiffe Rocbouquet FZ
11756,ロックブーケHSヘッド,Coiffe Rocbouquet HS
11757,ロックブーケGSヘッド,Coiffe Rocbouquet GS
11758,ロックブーケGPヘッド,Coiffe Rocbouquet GP
11759,ロックブーケZPヘッド,Coiffe Rocbouquet ZP
11760,ロックブーケマスク,Masque Rocbouquet
11761,ロックブーケＦマスク,Masque Rocbouquet F
11762,ロックブーケFZマスク,Masque Rocbouquet FZ
11763,ロックブーケHSマスク,Masque Rocbouquet HS
11764,ロックブーケGSマスク,Masque Rocbouquet GS
11765,ロックブーケGPマスク,Masque Rocbouquet GP
11766,ロックブーケZPマスク,Masque Rocbouquet ZP
11767,アルカイザーヘッド,Coiffe Alkaiser
11768,アルカイザーＦヘッド,Coiffe Alkaiser F
11769,アルカイザーFZヘッド,Coiffe Alkaiser FZ
11770,アルカイザーHSヘッド,Coiffe Alkaiser HS
11771,アルカイザーGSヘッド,Coiffe Alkaiser GS
11772,アルカイザーGPヘッド,Coiffe Alkaiser GP
11773,アルカイザーZPヘッド,Coiffe Alkaiser ZP
11774,アルカイザーマスク,Masque Alkaiser
11775,アルカイザーＦマスク,Masque Alkaiser F
11776,アルカイザーFZマスク,Masque Alkaiser FZ
11777,アルカイザーHSマスク,Masque Alkaiser HS
11778,アルカイザーGSマスク,Masque Alkaiser GS
11779,アルカイザーGPマスク,Masque Alkaiser GP
11780,アルカイザーZPマスク,Masque Alkaiser ZP
11781,クローディアヘッド,Coiffe Claudia
11782,クローディアＦヘッド,Coiffe Claudia F
11783,クローディアFZヘッド,Coiffe Claudia FZ
11784,クローディアHSヘッド,Coiffe Claudia HS
11785,クローディアGSヘッド,Coiffe Claudia GS
11786,クローディアGPヘッド,Coiffe Claudia GP
11787,クローディアZPヘッド,Coiffe Claudia ZP
11788,クローディアマスク,Masque Claudia
11789,クローディアＦマスク,Masque Claudia F
11790,クローディアFZマスク,Masque Claudia FZ
11791,クローディアHSマスク,Masque Claudia HS
11792,クローディアGSマスク,Masque Claudia GS
11793,クローディアGPマスク,Masque Claudia GP
11794,クローディアZPマスク,Masque Claudia ZP
11795,ヘシュムヘッド,Coiffe Hesyumu
11796,ヘシュムＦヘッド,Coiffe Hesyumu F
11797,ヘシュムFZヘッド,Coiffe Hesyumu FZ
11798,ヘシュムHSヘッド,Coiffe Hesyumu HS
11799,ヘシュムGSヘッド,Coiffe Hesyumu GS
11800,ヘシュムGPヘッド,Coiffe Hesyumu GP
11801,ヘシュムZPヘッド,Coiffe Hesyumu ZP
11802,ヘシュムキャップ,Casquette Hesyumu
11803,ヘシュムＦキャップ,Casquette Hesyumu F
11804,ヘシュムFZキャップ,Casquette Hesyumu FZ
11805,ヘシュムHSキャップ,Casquette Hesyumu HS
11806,ヘシュムGSキャップ,Casquette Hesyumu GS
11807,ヘシュムGPキャップ,Casquette Hesyumu GP
11808,ヘシュムZPキャップ,Casquette Hesyumu ZP
11809,カサミエヘッド,Coiffe Kasamie
11810,カサミエＦヘッド,Coiffe Kasamie F
11811,カサミエFZヘッド,Coiffe Kasamie FZ
11812,カサミエHSヘッド,Coiffe Kasamie HS
11813,カサミエGSヘッド,Coiffe Kasamie GS
11814,カサミエGPヘッド,Coiffe Kasamie GP
11815,カサミエZPヘッド,Coiffe Kasamie ZP
11816,カサミエキャップ,Casquette Kasamie
11817,カサミエＦキャップ,Casquette Kasamie F
11818,カサミエFZキャップ,Casquette Kasamie FZ
11819,カサミエHSキャップ,Casquette Kasamie HS
11820,カサミエGSキャップ,Casquette Kasamie GS
11821,カサミエGPキャップ,Casquette Kasamie GP
11822,カサミエZPキャップ,Casquette Kasamie ZP
11823,シエロZPヘッド,Coiffe Cielo ZP
11824,シエロZPキャップ,Casquette Cielo ZP
11825,ヴィーチZPヘッド,Coiffe Vichi ZP
11826,ヴィーチZPキャップ,Casquette Vichi ZP
11827,ラピヌZPバンド,Bandeau Lapine ZP
11828,ラピヌZPヘッド,Coiffe Lapine ZP
11829,ベイルZPイヤリング,
11830,エミールフェイク,
11831,エミールＦフェイク,
11832,エミールFZフェイク,
11833,エミールHSフェイク,
11834,エミールGSフェイク,
11835,エミールGPフェイク,
11836,エミールZPフェイク,
11837,パシオヘルム,Heaume Pashio
11838,パシオＦヘルム,Heaume Pashio F
11839,パシオFYヘルム,Heaume Pashio FY
11840,パシオHSヘルム,Heaume Pashio HS
11841,パシオＧヘルム,Heaume Pashio G
11842,パシオGFヘルム,Heaume Pashio GF
11843,パシオGXヘルム,Heaume Pashio GX
11844,パシオキャップ,Casquette Pashio
11845,パシオＦキャップ,Casquette Pashio F
11846,パシオFYキャップ,Casquette Pashio FY
11847,パシオHSキャップ,Casquette Pashio HS
11848,パシオＧキャップ,Casquette Pashio G
11849,パシオGFキャップ,Casquette Pashio GF
11850,パシオGXキャップ,Casquette Pashio GX
11851,ハルドＤヘルム,Heaume Harudo D
11852,ハルドＤキャップ,Casquette Harudo D
11853,雅孔Ｄ【趣】,
11854,雅穿Ｄ【趣】,
11855,メラギＤヘルム,Heaume Meraginasu D
11856,メラギＤキャップ,Casquette Meraginasu D
11857,ヘシュムＤヘッド,Coiffe Hesyumu D
11858,カサミエＤヘッド,Coiffe Kasamie D
11859,シエロＤヘッド,Coiffe Cielo D
11860,ヴィーチＤヘッド,Coiffe Vichi D
11861,アデルＤヘッド,Coiffe Adel D
11862,ロックブーケＤヘッド,Coiffe Rocbouquet D
11863,アルカイザーＤヘッド,Coiffe Alkaiser D
11864,クローディアＤヘッド,Coiffe Claudia D
11865,エミールＤフェイク,
11866,キノスＤヘルム,Heaume Kinosu D
11867,ヒメロスＤヘルム,Heaume Himeros D
11868,カリエンＤキャップ,Casquette Charien D
11869,アリエッタＤヘッド,Coiffe Arietta D
11870,クラフトＤヘッド,
11871,シエリーＤヘルム,Heaume Shieri D
11872,プペンＤヘルム,Heaume Pupen D
11873,モスカバＤヘルム,
11874,エクセレＤヘルム,Heaume Excelle D
11875,オルドルＤヘルム,Heaume Ordre D
11876,リオデュオＤヘルム,Heaume Rath D
11877,アトラＤヘルム,Heaume Atra D
11878,マダルＤヘルム,Heaume Madaru D
11879,シャッセＤヘルム,Heaume Shasse D
11880,オルケシスＤヘルム,Heaume Orchesis D
11881,ブリゼＤヘルム,Heaume Blize D
11882,クオイズＤヘッド,Coiffe Quoiz D
11883,カライスＤヘッド,Coiffe Kalais D
11884,ルケーゼＤヘッド,Coiffe Lucchese D
11885,エントラＤヘルム,Heaume Entora D
11886,ﾖﾙﾊ九号S型ヘッド,Coiffe YoRHa
11887,ﾖﾙﾊ九号S型Ｆヘッド,Coiffe YoRHa
11888,ﾖﾙﾊ九号S型FZヘッド,Coiffe YoRHa
11889,ﾖﾙﾊ九号S型HSヘッド,Coiffe YoRHa
11890,ﾖﾙﾊ九号S型GSヘッド,Coiffe YoRHa
11891,ﾖﾙﾊ九号S型GPヘッド,Coiffe YoRHa
11892,ﾖﾙﾊ九号S型ZPヘッド,Coiffe YoRHa
11893,ﾖﾙﾊ九号S型マスク,Masque YoRHa
11894,ﾖﾙﾊ九号S型Ｆマスク,Masque YoRHa
11895,ﾖﾙﾊ九号S型FZマスク,Masque YoRHa
11896,ﾖﾙﾊ九号S型HSマスク,Masque YoRHa
11897,ﾖﾙﾊ九号S型GSマスク,Masque YoRHa
11898,ﾖﾙﾊ九号S型GPマスク,Masque YoRHa
11899,ﾖﾙﾊ九号S型ZPマスク,Masque YoRHa
11900,ﾖﾙﾊ二号B型ヘッド,Coiffe YoRHa
11901,ﾖﾙﾊ二号B型Ｆヘッド,Coiffe YoRHa F
11902,ﾖﾙﾊ二号B型FZヘッド,Coiffe YoRHa FZ
11903,ﾖﾙﾊ二号B型HSヘッド,Coiffe YoRHa HS
11904,ﾖﾙﾊ二号B型GSヘッド,Coiffe YoRHa GS
11905,ﾖﾙﾊ二号B型GPヘッド,Coiffe YoRHa GP
11906,ﾖﾙﾊ二号B型ZPヘッド,Coiffe YoRHa ZP
11907,ﾖﾙﾊ二号B型マスク,Masque YoRHa
11908,ﾖﾙﾊ二号B型Ｆマスク,Masque YoRHa F
11909,ﾖﾙﾊ二号B型FZマスク,Masque YoRHa FZ
11910,ﾖﾙﾊ二号B型HSマスク,Masque YoRHa HS
11911,ﾖﾙﾊ二号B型GSマスク,Masque YoRHa GS
11912,ﾖﾙﾊ二号B型GPマスク,Masque YoRHa GP
11913,ﾖﾙﾊ二号B型ZPマスク,Masque YoRHa ZP
11914,シャガルヘルム,Heaume Shagaru
11915,シャガルＧヘルム,Heaume Shagaru G
11916,シャガルGFヘルム,Heaume Shagaru GF
11917,シャガルGXヘルム,Heaume Shagaru GX
11918,シャガルキャップ,Casquette Shagaru
11919,シャガルＧキャップ,Casquette Shagaru G
11920,シャガルGFキャップ,Casquette Shagaru GF
11921,シャガルGXキャップ,Casquette Shagaru GX
11922,ヒュジＺヘルム,Heaume Hyujikiki Z
11923,ヒュジZFヘルム,Heaume Hyujikiki F
11924,ヒュジZYヘルム,Heaume Hyujikiki ZY
11925,ヒュジZXヘルム,Heaume Hyujikiki ZX
11926,ヒュジＺキャップ,Casquette Hyujikiki Z
11927,ヒュジZFキャップ,Casquette Hyujikiki F
11928,ヒュジZYキャップ,Casquette Hyujikiki ZY
11929,ヒュジZXキャップ,Casquette Hyujikiki ZX
11930,ギアＺヘルム,Heaume Engrenage Z
11931,ギアZFヘルム,
11932,ギアZYヘルム,Heaume Engrenage ZY
11933,ギアZXヘルム,Heaume Engrenage ZX
11934,ギアＺキャップ,Casquette Engrenage Z
11935,ギアZFキャップ,
11936,ギアZYキャップ,Casquette Engrenage ZY
11937,ギアZXキャップ,Casquette Engrenage ZX
11938,ロッカヘルム,Heaume Rokka
11939,ロッカＦヘルム,Heaume Rokka F
11940,ロッカFZヘルム,Heaume Rokka FZ
11941,ロッカHSヘルム,Heaume Rokka HS
11942,ロッカGSヘルム,Heaume Rokka GS
11943,ロッカGPヘルム,Heaume Rokka GP
11944,ロッカZPヘルム,Heaume Rokka ZP
11945,ロッカキャップ,Casquette Rokka
11946,ロッカＦキャップ,Casquette Rokka F
11947,ロッカFZキャップ,Casquette Rokka FZ
11948,ロッカHSキャップ,Casquette Rokka HS
11949,ロッカGSキャップ,Casquette Rokka GS
11950,ロッカGPキャップ,Casquette Rokka GP
11951,ロッカZPキャップ,Casquette Rokka ZP
11952,ペンレヘッド,Coiffe Penre
11953,ペンレＦヘッド,Coiffe Penre F
11954,ペンレFZヘッド,Coiffe Penre FZ
11955,ペンレHSヘッド,Coiffe Penre HS
11956,ペンレGSヘッド,Coiffe Penre GS
11957,ペンレGPヘッド,Coiffe Penre GP
11958,ペンレZPヘッド,Coiffe Penre ZP
11959,ペンレキャップ,Casquette Penre
11960,ペンレＦキャップ,Casquette Penre F
11961,ペンレFZキャップ,Casquette Penre FZ
11962,ペンレHSキャップ,Casquette Penre HS
11963,ペンレGSキャップ,Casquette Penre GS
11964,ペンレGPキャップ,Casquette Penre GP
11965,ペンレZPキャップ,Casquette Penre ZP
11966,赤原礼装・頭：剣ZP赤,Tête Akahara ZP Lame rouge
11967,赤原礼装・頭：弓ZP赤,Tête Akahara ZP Arc rouge
11968,赤原礼装・頭：剣ZP青,Tête Akahara ZP Lame bleue
11969,赤原礼装・頭：弓ZP青,Tête Akahara ZP Arc bleue
11970,赤原礼装・頭：剣ZP黒,Tête Akahara ZP Lame noire
11971,赤原礼装・頭：弓ZP黒,Tête Akahara ZP Arc noire
11972,赤原礼装・頭：剣ZP白,Tête Akahara ZP Lame blanche
11973,赤原礼装・頭：弓ZP白,Tête Akahara ZP Arc blanche
11974,騎士王の髪結：剣ZP青,
11975,騎士王の髪結：弓ZP青,
11976,騎士王の髪結：剣ZP赤,
11977,騎士王の髪結：弓ZP赤,
11978,騎士王の髪結：剣ZP黒,
11979,騎士王の髪結：弓ZP黒,
11980,騎士王の髪結：剣ZP白,
11981,騎士王の髪結：弓ZP白,
11982,英雄王の耳飾：剣ZP金,
11983,英雄王の耳飾：銃ZP金,
11984,英雄王の耳飾：剣ZP黒,
11985,英雄王の耳飾：銃ZP黒,
11986,英雄王の耳飾：剣ZP白,
11987,英雄王の耳飾：銃ZP白,
11988,英雄王の耳飾：剣ZP赤,
11989,英雄王の耳飾：銃ZP赤,
11990,ゴルゴンZPヘッド・黒,Coiffe Gorgone ZP noire
11991,ゴルゴンZPマスク・黒,Masque Gorgone ZP noir
11992,ゴルゴンZPヘッド・青,Coiffe Gorgone ZP bleue
11993,ゴルゴンZPマスク・青,Masque Gorgone ZP bleu
11994,ゴルゴンZPヘッド・白,Coiffe Gorgone ZP blanche
11995,ゴルゴンZPマスク・白,Masque Gorgone ZP blanc
11996,ゴルゴンZPヘッド・赤,Coiffe Gorgone ZP rouge
11997,ゴルゴンZPマスク・赤,Masque Gorgone ZP rouge
11998,アーベンZPヘッド,Coiffe Arben ZP
11999,アーベンZPキャップ,Casquette Arben ZP
12000,アウラZPヘッド,
12001,アウラZPキャップ,
12002,ガガチュZPピアス,Piercing Gagachu ZP
12003,ガガチュZPハール,Chevelure Gagachu ZP
12004,クロフィZPヘッド,Coiffe Kurofi ZP
12005,クロフィZPキャップ,Casquette Kurofi ZP
12006,ケラヴノZPヘッド,Coiffe Keravuno ZP
12007,ケラヴノZPキャップ,Casquette Keravuno ZP
12008,リカンテＺヘルム,Heaume Rikante Z
12009,リカンテZFヘルム,Heaume Rikante F
12010,リカンテZYヘルム,Heaume Rikante ZY
12011,リカンテZXヘルム,Heaume Rikante ZX
12012,リカンテＺキャップ,Casquette Rikante Z
12013,リカンテZFキャップ,Casquette Rikante F
12014,リカンテZYキャップ,Casquette Rikante ZY
12015,リカンテZXキャップ,Casquette Rikante ZX
12016,チャトレＧヘルム,Heaume Chatore G
12017,チャトレGFヘルム,Heaume Chatore GF
12018,チャトレGXヘルム,Heaume Chatore GX
12019,チャトレＧキャップ,Casquette Chatore G
12020,チャトレGFキャップ,Casquette Chatore GF
12021,チャトレGXキャップ,Casquette Chatore GX
12022,ドゥンルGXヘルム,Heaume Donru GX
12023,ドゥンルGXキャップ,Casquette Donru GX
12024,ペンレＤヘッド,Coiffe Penre D
12025,ロッカＤヘルム,Heaume Rokka D
12026,ﾖﾙﾊ九号S型Ｄヘッド,Coiffe YoRHa
12027,ﾖﾙﾊ二号B型Ｄヘッド,Coiffe YoRHa D
12028,トリートＣヘッド,
12029,クラフトＣヘッド,
12030,シエロＣヘッド,Coiffe Cielo C
12031,アイルーＣヘッド,Coiffe Felyne C
12032,赤原礼装・頭：弓Ｄ赤,Tête Akahara D Arc rouge
12033,赤原礼装・頭：弓Ｄ青,Tête Akahara D Arc bleue
12034,赤原礼装・頭：弓Ｄ黒,Tête Akahara D Arc noire
12035,赤原礼装・頭：弓Ｄ白,Tête Akahara D Arc blanche
12036,騎士王の髪結：剣Ｄ青,
12037,騎士王の髪結：剣Ｄ赤,
12038,騎士王の髪結：剣Ｄ黒,
12039,騎士王の髪結：剣Ｄ白,
12040,英雄王の耳飾：剣Ｄ金,
12041,英雄王の耳飾：剣Ｄ黒,
12042,英雄王の耳飾：剣Ｄ白,
12043,英雄王の耳飾：剣Ｄ赤,
12044,ゴルゴンＤヘッド・黒,Coiffe Gorgone D noire
12045,ゴルゴンＤヘッド・青,Coiffe Gorgone D bleue
12046,ゴルゴンＤヘッド・白,Coiffe Gorgone D blanche
12047,ゴルゴンＤヘッド・赤,Coiffe Gorgone D rouge
12048,アーベンＤヘッド,Coiffe Arben D
12049,アウラＤヘッド,
12050,ガガチュＤピアス,Piercing Gagachu D
12051,クロフィＤヘッド,Coiffe Kurofi D
12052,ケラヴノＤヘッド,Coiffe Keravuno D
12053,エスピナZDゲヒル,
12054,エスピナZDアゼレ,
12055,ヒプノZDヘルム,Heaume Hypnoc D
12056,ヒプノZDキャップ,Casquette Hypnoc D
12057,フルフルZDヘルム,Heaume Khezu D
12058,フルフルZDキャップ,Casquette Khezu D
12059,ザザミZDヘルム,Heaume Hermitaur D
12060,ザザミZDキャップ,Casquette Hermitaur D
12061,レウスZDヘルム,Heaume Rathalos D
12062,レウスZDキャップ,Casquette Rathalos D
12063,ブランゴZDヘルム,Heaume Blango D
12064,ブランゴZDキャップ,Casquette Blango D
12065,ヴァシムZDヘルム,Heaume Vashimu D
12066,ヴァシムZDキャップ,Casquette Vashimu D
12067,レックスZDヘルム,Heaume Tigrex D
12068,レックスZDキャップ,Casquette Tigrex D
12069,ヒュジZDヘルム,Heaume Hyujikiki D
12070,ヒュジZDキャップ,Casquette Hyujikiki D
12071,ギアZDヘルム,
12072,ギアZDキャップ,
12073,ムルタＤヘッド,Coiffe Muruta D
12074,ミドＺヘルム,Heaume Midogaron Z
12075,ミドZFヘルム,Heaume Midogaron F
12076,ミドZYヘルム,Heaume Midogaron ZY
12077,ミドZXヘルム,Heaume Midogaron ZX
12078,ミドＺキャップ,Casquette Midogaron Z
12079,ミドZFキャップ,Casquette Midogaron F
12080,ミドZYキャップ,Casquette Midogaron ZY
12081,ミドZXキャップ,Casquette Midogaron ZX
12082,祖龍GXヘッド,Coiffe Fatalis GX
12083,祖龍GXフェイス,
12084,エルゼＧヘルム,Heaume Elzelion G
12085,エルゼGFヘルム,Heaume Elzelion GF
12086,エルゼGXヘルム,Heaume Elzelion GX
12087,エルゼＧキャップ,Casquette Elzelion G
12088,エルゼGFキャップ,Casquette Elzelion GF
12089,エルゼGXキャップ,Casquette Elzelion GX
12090,ザッカヘルム,Heaume Zakka
12091,ザッカＦヘルム,Heaume Zakka F
12092,ザッカFZヘルム,Heaume Zakka FZ
12093,ザッカHSヘルム,Heaume Zakka HS
12094,ザッカGSヘルム,Heaume Zakka GS
12095,ザッカGPヘルム,Heaume Zakka GP
12096,ザッカZPヘルム,Heaume Zakka ZP
12097,ザッカキャップ,Casquette Zakka
12098,ザッカＦキャップ,Casquette Zakka F
12099,ザッカFZキャップ,Casquette Zakka FZ
12100,ザッカHSキャップ,Casquette Zakka HS
12101,ザッカGSキャップ,Casquette Zakka GS
12102,ザッカGPキャップ,Casquette Zakka GP
12103,ザッカZPキャップ,Casquette Zakka ZP
12104,蒼ノ剣雄ヘルム,
12105,蒼ノ剣雄Ｆヘルム,
12106,蒼ノ剣雄FZヘルム,
12107,蒼ノ剣雄HSヘルム,
12108,蒼ノ剣雄GSヘルム,
12109,蒼ノ剣雄GPヘルム,
12110,蒼ノ剣雄ZPヘルム,
12111,紅ノ双星ヘルム,
12112,紅ノ双星Ｆヘルム,
12113,紅ノ双星FZヘルム,
12114,紅ノ双星HSヘルム,
12115,紅ノ双星GSヘルム,
12116,紅ノ双星GPヘルム,
12117,紅ノ双星ZPヘルム,
12118,黒ノ天剣ヘルム,
12119,黒ノ天剣Ｆヘルム,
12120,黒ノ天剣FZヘルム,
12121,黒ノ天剣HSヘルム,
12122,黒ノ天剣GSヘルム,
12123,黒ノ天剣GPヘルム,
12124,黒ノ天剣ZPヘルム,
12125,茜ノ春刀ヘルム,
12126,茜ノ春刀Ｆヘルム,
12127,茜ノ春刀FZヘルム,
12128,茜ノ春刀HSヘルム,
12129,茜ノ春刀GSヘルム,
12130,茜ノ春刀GPヘルム,
12131,茜ノ春刀ZPヘルム,
12132,菊ノ乱鎚ヘルム,
12133,菊ノ乱鎚Ｆヘルム,
12134,菊ノ乱鎚FZヘルム,
12135,菊ノ乱鎚HSヘルム,
12136,菊ノ乱鎚GSヘルム,
12137,菊ノ乱鎚GPヘルム,
12138,菊ノ乱鎚ZPヘルム,
12139,桜ノ歌笛ヘルム,
12140,桜ノ歌笛Ｆヘルム,
12141,桜ノ歌笛FZヘルム,
12142,桜ノ歌笛HSヘルム,
12143,桜ノ歌笛GSヘルム,
12144,桜ノ歌笛GPヘルム,
12145,桜ノ歌笛ZPヘルム,
12146,空ノ砕槍ヘルム,
12147,空ノ砕槍Ｆヘルム,
12148,空ノ砕槍FZヘルム,
12149,空ノ砕槍HSヘルム,
12150,空ノ砕槍GSヘルム,
12151,空ノ砕槍GPヘルム,
12152,空ノ砕槍ZPヘルム,
12153,宵ノ告槍ヘルム,
12154,宵ノ告槍Ｆヘルム,
12155,宵ノ告槍FZヘルム,
12156,宵ノ告槍HSヘルム,
12157,宵ノ告槍GSヘルム,
12158,宵ノ告槍GPヘルム,
12159,宵ノ告槍ZPヘルム,
12160,白ノ穿光ヘルム,
12161,白ノ穿光Ｆヘルム,
12162,白ノ穿光FZヘルム,
12163,白ノ穿光HSヘルム,
12164,白ノ穿光GSヘルム,
12165,白ノ穿光GPヘルム,
12166,白ノ穿光ZPヘルム,
12167,藤ノ彩斧ヘルム,Heaume Colour
12168,藤ノ彩斧Ｆヘルム,Heaume Colour F
12169,藤ノ彩斧FZヘルム,Heaume Colour FZ
12170,藤ノ彩斧HSヘルム,Heaume Colour HS
12171,藤ノ彩斧GSヘルム,Heaume Colour GS
12172,藤ノ彩斧GPヘルム,Heaume Colour GP
12173,藤ノ彩斧ZPヘルム,Heaume Colour ZP
12174,陽ノ砲銃キャップ,
12175,陽ノ砲銃Ｆキャップ,
12176,陽ノ砲銃FZキャップ,
12177,陽ノ砲銃HSキャップ,
12178,陽ノ砲銃GSキャップ,
12179,陽ノ砲銃GPキャップ,
12180,陽ノ砲銃ZPキャップ,
12181,地ノ崩砲キャップ,
12182,地ノ崩砲Ｆキャップ,
12183,地ノ崩砲FZキャップ,
12184,地ノ崩砲HSキャップ,
12185,地ノ崩砲GSキャップ,
12186,地ノ崩砲GPキャップ,
12187,地ノ崩砲ZPキャップ,
12188,夜ノ弓聖キャップ,
12189,夜ノ弓聖Ｆキャップ,
12190,夜ノ弓聖FZキャップ,
12191,夜ノ弓聖HSキャップ,
12192,夜ノ弓聖GSキャップ,
12193,夜ノ弓聖GPキャップ,
12194,夜ノ弓聖ZPキャップ,
12195,ランタナヘルム,Heaume Rantana
12196,ランタナＦヘルム,Heaume Rantana F
12197,ランタナFZヘルム,Heaume Rantana FZ
12198,ランタナHSヘルム,Heaume Rantana HS
12199,ランタナGSヘルム,Heaume Rantana GS
12200,ランタナGPヘルム,Heaume Rantana GP
12201,ランタナZPヘルム,Heaume Rantana ZP
12202,ランタナキャップ,Casquette Rantana
12203,ランタナＦキャップ,Casquette Rantana F
12204,ランタナFZキャップ,Casquette Rantana FZ
12205,ランタナHSキャップ,Casquette Rantana HS
12206,ランタナGSキャップ,Casquette Rantana GS
12207,ランタナGPキャップ,Casquette Rantana GP
12208,ランタナZPキャップ,Casquette Rantana ZP
12209,エリスヘルム,Heaume Eris
12210,エリスＦヘルム,Heaume Eris F
12211,エリスFZヘルム,Heaume Eris FZ
12212,エリスHSヘルム,Heaume Eris HS
12213,エリスGSヘルム,Heaume Eris GS
12214,エリスGPヘルム,Heaume Eris GP
12215,エリスZPヘルム,Heaume Eris ZP
12216,エリスキャップ,Casquette Eris
12217,エリスＦキャップ,Casquette Eris F
12218,エリスFZキャップ,Casquette Eris FZ
12219,エリスHSキャップ,Casquette Eris HS
12220,エリスGSキャップ,Casquette Eris GS
12221,エリスGPキャップ,Casquette Eris GP
12222,エリスZPキャップ,Casquette Eris ZP
12223,マギサZPヘッド・赤,Coiffe Magisa ZP rouge
12224,マギサZPヘッド・黒,Coiffe Magisa ZP noire
12225,マギサZPヘッド・緑,Coiffe Magisa ZP verte
12226,マギサZPヘッド・白,Coiffe Magisa ZP blanche
12227,ウィザーZPハット・赤,Chapeau Wither ZP rouge
12228,ウィザーZPハット・黒,Chapeau Wither ZP noir
12229,ウィザーZPハット・緑,Chapeau Wither ZP vert
12230,ウィザーZPハット・白,Chapeau Wither ZP blanc
12231,和花ノ帽ZP,
12232,和花ノ冠ZP,
12233,シャランZPヘッド・青,Coiffe Sharan ZP bleue
12234,シャランZPヘッド・緑,Coiffe Sharan ZP verte
12235,シャランZPヘッド・紫,Coiffe Sharan ZP violette
12236,シャランZPヘッド・白,Coiffe Sharan ZP blanche
12237,シャランZPハット・青,Chapeau Sharan ZP bleu
12238,シャランZPハット・緑,Chapeau Sharan ZP vert
12239,シャランZPハット・紫,Chapeau Sharan ZP violet
12240,シャランZPハット・白,Chapeau Sharan ZP blanc
12241,アルミュＧヘッド,Coiffe Arumyu G
12242,アルミュGFヘッド,Coiffe Arumyu GF
12243,アルミュGXヘッド,Coiffe Arumyu GX
12244,アルミュＧキャップ,Casquette Arumyu G
12245,アルミュGFキャップ,Casquette Arumyu GF
12246,アルミュGXキャップ,Casquette Arumyu GX
12247,コリニィＺバンド,Bandeau Korinyi Z
12248,コリニィZFバンド,Bandeau Korinyi F
12249,コリニィZYバンド,Bandeau Korinyi ZY
12250,コリニィZXバンド,Bandeau Korinyi ZX
12251,コリニィＺヘッド,Coiffe Korinyi Z
12252,コリニィZFヘッド,Coiffe Korinyi F
12253,コリニィZYヘッド,Coiffe Korinyi ZY
12254,コリニィZXヘッド,Coiffe Korinyi ZX
12255,煉華ノ鉢金Ｚ,
12256,煉華ノ鉢金ZF,
12257,煉華ノ鉢金ZY,
12258,煉華ノ鉢金ZX,
12259,煉華ノ面Ｚ,
12260,煉華ノ面ZF,
12261,煉華ノ面ZY,
12262,煉華ノ面ZX,
12263,エルゼバレッタ,
12264,エルゼＦバレッタ,
12265,エルゼＧバレッタ,
12266,エルゼGFバレッタ,
12267,エルゼGXバレッタ,
12268,ダミー,
12269,ダミー,
12270,ダミー,
12271,ダミー,
12272,ダミー,
12273,ダミー,
12274,ダミー,
12275,ダミー,
12276,ミドZDヘルム,Heaume Midogaron D
12277,ミドZDキャップ,Casquette Midogaron D
12278,祖龍Ｄヘッド,Coiffe Fatalis D
12279,祖龍Ｄフェイス,
12280,エルゼＤヘルム,Heaume Elzelion D
12281,エルゼＤキャップ,Casquette Elzelion D
12282,ザッカＤヘルム,Heaume Zakka D
12283,十ノ軌跡Ｃヘルム,
12284,十ノ至道Ｃキャップ,
12285,ランタナＤヘルム,Heaume Rantana D
12286,エリスＤヘルム,Heaume Eris D
12287,マギサＤヘッド・赤,Coiffe Magisa D rouge
12288,マギサＤヘッド・黒,Coiffe Magisa D noire
12289,マギサＤヘッド・緑,Coiffe Magisa D verte
12290,マギサＤヘッド・白,Coiffe Magisa D blanche
12291,マギサＤヘッド・青,Coiffe Magisa D bleue
12292,和花ノ帽Ｄ,
12293,シャランＤヘッド・青,Coiffe Sharan D bleue
12294,シャランＤヘッド・緑,Coiffe Sharan D verte
12295,シャランＤヘッド・紫,Coiffe Sharan D violette
12296,シャランＤヘッド・白,Coiffe Sharan D blanche
12297,シャランＤヘッド・赤,Coiffe Sharan D rouge
12298,シャランＤヘッド・紅,Coiffe Sharan D cramoisie
12299,シャランＤヘッド・橙,Coiffe Sharan D orange
12300,キャリッジＤヘッド,Coiffe Carrosse D
12301,マーブルＤヘッド,Coiffe Marbre D
12302,シャンディＤヘッド,
12303,バンケットＤヘッド,
12304,コリニィＤバンド,Bandeau Korinyi D
12305,煉華ノ鉢金Ｄ,
12306,タルネコＤヘルム・金,
12307,タルネコＤヘルム・銀,
12308,タルネコＤヘルム・銅,
12309,ククボＤヘッド,Coiffe Kukubo D
12310,カカブＤヘッド,Coiffe Kakabu D
12311,アルルＤヘッド,Coiffe Aruru D
12312,あかねこ服Ｄマスク,
12313,ライオスＤヘルム,Heaume Rios D
12314,ボニトＤヘルム,
12315,メイリダＤヘルム,Heaume Meirida D
12316,ミニオムＤヘルム,Heaume Miniomu D
12317,ハリメノＤヘルム,Heaume Harimeno D
12318,デリヴＤヘルム,
12319,アサークＤヘルム,Heaume Asaku D
12320,デゾルトＤヘルム,Heaume Desordre D
12321,ハラガンＤヘルム,Heaume Haragan D
12322,アブヤドＤヘルム,Heaume Abuyado D
12323,ルコＺヘルム,Heaume Ruko Z
12324,ルコZFヘルム,Heaume Ruko F
12325,ルコZYヘルム,Heaume Ruko ZY
12326,ルコZXヘルム,Heaume Ruko ZX
12327,ルコＺキャップ,Casquette Ruko Z
12328,ルコZFキャップ,Casquette Ruko F
12329,ルコZYキャップ,Casquette Ruko ZY
12330,ルコZXキャップ,Casquette Ruko ZX
12331,ガノＺヘルム,Heaume Plesioth Z
12332,ガノZFヘルム,Heaume Plesioth F
12333,ガノZYヘルム,Heaume Plesioth ZY
12334,ガノZXヘルム,Heaume Plesioth ZX
12335,ガノＺキャップ,Casquette Plesioth Z
12336,ガノZFキャップ,Casquette Plesioth F
12337,ガノZYキャップ,Casquette Plesioth ZY
12338,ガノZXキャップ,Casquette Plesioth ZX
12339,シャルフヘルム,Heaume Sharufu
12340,シャルフＦヘルム,Heaume Sharufu F
12341,シャルフFZヘルム,Heaume Sharufu FZ
12342,シャルフHSヘルム,Heaume Sharufu HS
12343,シャルフGSヘルム,Heaume Sharufu GS
12344,シャルフGPヘルム,Heaume Sharufu GP
12345,シャルフZPヘルム,Heaume Sharufu ZP
12346,シャルフキャップ,Casquette Sharufu
12347,シャルフＦキャップ,Casquette Sharufu F
12348,シャルフFZキャップ,Casquette Sharufu FZ
12349,シャルフHSキャップ,Casquette Sharufu HS
12350,シャルフGSキャップ,Casquette Sharufu GS
12351,シャルフGPキャップ,Casquette Sharufu GP
12352,シャルフZPキャップ,Casquette Sharufu ZP
12353,カマラヘルム,Heaume Kamara
12354,カマラＦヘルム,Heaume Kamara F
12355,カマラFZヘルム,Heaume Kamara FZ
12356,カマラHSヘルム,Heaume Kamara HS
12357,カマラGSヘルム,Heaume Kamara GS
12358,カマラGPヘルム,Heaume Kamara GP
12359,カマラZPヘルム,Heaume Kamara ZP
12360,カマラキャップ,Casquette Kamara
12361,カマラＦキャップ,Casquette Kamara F
12362,カマラFZキャップ,Casquette Kamara FZ
12363,カマラHSキャップ,Casquette Kamara HS
12364,カマラGSキャップ,Casquette Kamara GS
12365,カマラGPキャップ,Casquette Kamara GP
12366,カマラZPキャップ,Casquette Kamara ZP
12367,ルーチェヘルム,Heaume Ruche
12368,ルーチェＦヘルム,Heaume Ruche F
12369,ルーチェFZヘルム,Heaume Ruche FZ
12370,ルーチェHSヘルム,Heaume Ruche HS
12371,ルーチェGSヘルム,Heaume Ruche GS
12372,ルーチェGPヘルム,Heaume Ruche GP
12373,ルーチェZPヘルム,Heaume Ruche ZP
12374,ルーチェキャップ,Casquette Ruche
12375,ルーチェＦキャップ,Casquette Ruche F
12376,ルーチェFZキャップ,Casquette Ruche FZ
12377,ルーチェHSキャップ,Casquette Ruche HS
12378,ルーチェGSキャップ,Casquette Ruche GS
12379,ルーチェGPキャップ,Casquette Ruche GP
12380,ルーチェZPキャップ,Casquette Ruche ZP
12381,レイジHSヘルム,Heaume Rage HS
12382,レイジGSヘルム,Heaume Rage GS
12383,レイジGPヘルム,Heaume Rage GP
12384,レイジZPヘルム,Heaume Rage ZP
12385,レイジHSマスク,Masque Rage HS
12386,レイジGSマスク,Masque Rage GS
12387,レイジGPマスク,Masque Rage GP
12388,レイジZPマスク,Masque Rage ZP
12389,ランページHSヘルム,Heaume Déchaînement HS
12390,ランページGSヘルム,Heaume Déchaînement GS
12391,ランページGPヘルム,Heaume Déchaînement GP
12392,ランページZPヘルム,Heaume Déchaînement ZP
12393,ランページHSマスク,Masque Déchaînement HS
12394,ランページGSマスク,Masque Déchaînement GS
12395,ランページGPマスク,Masque Déchaînement GP
12396,ランページZPマスク,Masque Déchaînement ZP
12397,ブレイズHSヘルム,Heaume Brasier HS
12398,ブレイズGSヘルム,Heaume Brasier GS
12399,ブレイズGPヘルム,Heaume Brasier GP
12400,ブレイズZPヘルム,Heaume Brasier ZP
12401,ブレイズHSマスク,Masque Brasier HS
12402,ブレイズGSマスク,Masque Brasier GS
12403,ブレイズGPマスク,Masque Brasier GP
12404,ブレイズZPマスク,Masque Brasier ZP
12405,エスピHSマスク・緑,
12406,エスピGSマスク・緑,
12407,エスピGPマスク・緑,
12408,エスピZPマスク・緑,
12409,エスピHSマスク・茶,
12410,エスピGSマスク・茶,
12411,エスピGPマスク・茶,
12412,エスピZPマスク・茶,
12413,エスピHSマスク・白,
12414,エスピGSマスク・白,
12415,エスピGPマスク・白,
12416,エスピZPマスク・白,
12417,プーギーFZクラウン,
12418,プーギーHSクラウン,
12419,プーギーGSクラウン,
12420,プーギーGPクラウン,
12421,プーギーZPクラウン,
12422,プーギーFZシンボル,
12423,プーギーHSシンボル,
12424,プーギーGSシンボル,
12425,プーギーGPシンボル,
12426,プーギーZPシンボル,
12427,マンドラFZヘルム,Heaume Mandora FZ
12428,マンドラHSヘルム,Heaume Mandora HS
12429,マンドラGSヘルム,Heaume Mandora GS
12430,マンドラGPヘルム,Heaume Mandora GP
12431,マンドラZPヘルム,Heaume Mandora ZP
12432,マンドラFZハット,Chapeau Mandora FZ
12433,マンドラHSハット,Chapeau Mandora HS
12434,マンドラGSハット,Chapeau Mandora GS
12435,マンドラGPハット,Chapeau Mandora GP
12436,マンドラZPハット,Chapeau Mandora ZP
12437,アオノコFZヘルム,Heaume Aonoko FZ
12438,アオノコHSヘルム,Heaume Aonoko HS
12439,アオノコGSヘルム,Heaume Aonoko GS
12440,アオノコGPヘルム,Heaume Aonoko GP
12441,アオノコZPヘルム,Heaume Aonoko ZP
12442,アオノコFZハット,Chapeau Aonoko FZ
12443,アオノコHSハット,Chapeau Aonoko HS
12444,アオノコGSハット,Chapeau Aonoko GS
12445,アオノコGPハット,Chapeau Aonoko GP
12446,アオノコZPハット,Chapeau Aonoko ZP
12447,ガウスZPヘルム,Heaume Gauss ZP
12448,ガウスZPマスク,Masque Gauss ZP
12449,ウェーバZPヘルム,Heaume Weber ZP
12450,ウェーバZPマスク,Masque Weber ZP
12451,ギルバートZPヘルム,Heaume Gilbert ZP
12452,ギルバートZPマスク,Masque Gilbert ZP
12453,ズィベイZPゲヒル,
12454,ズィベイZPゼレ,
12455,リエブレＧヘルム,Heaume Liebre G
12456,リエブレGFヘルム,Heaume Liebre GF
12457,リエブレGXヘルム,Heaume Liebre GX
12458,リエブレＧキャップ,Casquette Liebre G
12459,リエブレGFキャップ,Casquette Liebre GF
12460,リエブレGXキャップ,Casquette Liebre GX
12461,メレンテＺヘルム,Heaume Merente Z
12462,メレンテZFヘルム,Heaume Merente F
12463,メレンテZYヘルム,Heaume Merente ZY
12464,メレンテZXヘルム,Heaume Merente ZX
12465,メレンテＺキャップ,Casquette Merente Z
12466,メレンテZFキャップ,Casquette Merente F
12467,メレンテZYキャップ,Casquette Merente ZY
12468,メレンテZXキャップ,Casquette Merente ZX
12469,ルコZDヘルム,Heaume Ruko D
12470,ルコZDキャップ,Casquette Ruko D
12471,ガノZDヘルム,Heaume Plesioth D
12472,ガノZDキャップ,Casquette Plesioth D
12473,シャルフＤヘルム,Heaume Sharufu D
12474,カマラＤヘルム,Heaume Kamara D
12475,リエブレＤヘルム,Heaume Liebre D
12476,コリニィＣバンド,Bandeau Korinyi C
12477,ルーチェＤヘルム,Heaume Ruche D
12478,ストレングスＤヘッド,Coiffe Force D
12479,レイジＤヘルム,Heaume Rage D
12480,ランページＤヘルム,Heaume Déchaînement D
12481,ブレイズＤヘルム,Heaume Brasier D
12482,エスピＤマスク・緑,
12483,エスピＤマスク・茶,
12484,エスピＤマスク・白,
12485,プーギーＤクラウン,
12486,マンドラＤヘルム,Heaume Mandora D
12487,アオノコＤヘルム,Heaume Aonoko D
12488,ガウスＤヘルム,Heaume Gauss D
12489,ウェーバＤヘルム,Heaume Weber D
12490,ギルバートＤヘルム,Heaume Gilbert D
12491,ズィベイＤゲヒル,
12492,チアリムＤヘッド,Coiffe Chiarim D
12493,ギルドバードＣロポス,
12494,スカラーＣフード,
12495,ロワーガＣテスタ,
12496,ファルメルＣテスタ,
12497,ユクモノカサＣ・天,
12498,白蘭・剣聖Ｄヘルム,
12499,白蘭・双龍Ｄヘルム,
12500,白蘭・剣王Ｄヘルム,
12501,白蘭・刀神Ｄヘルム,
12502,白蘭・鈍器獣Ｄヘルム,
12503,白蘭・奏帝Ｄヘルム,
12504,白蘭・天槍Ｄヘルム,
12505,白蘭・砲皇Ｄヘルム,
12506,白蘭・銃傑Ｄマスク,
12507,白蘭・銃仙Ｄマスク,
12508,白蘭・弓鬼Ｄマスク,
12509,白蘭・穿凰Ｄヘルム,
12510,白蘭・斬将Ｄヘルム,
12511,紅霞・剣聖Ｄヘルム,
12512,紅霞・双龍Ｄヘルム,
12513,紅霞・剣王Ｄヘルム,
12514,紅霞・刀神Ｄヘルム,
12515,紅霞・鈍器獣Ｄヘルム,
12516,紅霞・奏帝Ｄヘルム,
12517,紅霞・天槍Ｄヘルム,
12518,紅霞・砲皇Ｄヘルム,
12519,紅霞・銃傑Ｄマスク,
12520,紅霞・銃仙Ｄマスク,
12521,紅霞・弓鬼Ｄマスク,
12522,紅霞・穿凰Ｄヘルム,
12523,紅霞・斬将Ｄヘルム,
12524,鬼穿ノ角Ｄ,
12525,タングスＤヘッド,Coiffe Tangusu D
12526,ディスＤヘルム,Heaume Disu D
12527,ディスＤキャップ,Casquette Disu D
12528,リルスＤヘッド,Coiffe Lils D
12529,リルスＤキャップ,Casquette Lils D
12530,ドラゴンSCヘッド,
12531,ドラゴンSCフェイス,
12532,ドラゴンGDヘッド,
12533,ドラゴンGDフェイス,
12534,バルカンＤヘッド,Coiffe Vulcan D
12535,バルカンＤフェイス,
12536,バルカンGDヘッド,Coiffe Vulcan
12537,バルカンGDフェイス,
12538,ガーネットＤヘルム,Heaume Grenat D
12539,アメジストＤヘルム,Heaume Améthyste D
12540,コーラルＤヘルム,Heaume Corail D
12541,クォーツＤヘルム,
12542,エメラルドＤヘルム,
12543,パールＤヘルム,
12544,ルビーＤヘルム,
12545,サファイアＤヘルム,Heaume Saphir D
12546,トパーズＤキャップ,Casquette Topaze D
12547,トルマリンＤキャップ,
12548,ラピスＤキャップ,Casquette Lapis D
12549,ヒスイＤヘルム,Heaume Hisui D
12550,オニキスＤヘルム,
12551,ブルファンＤフェイク,
12552,ガルルガＤフェイク,
12553,ランポスフェイクＤ,
12554,ゲネポスフェイクＤ,
12555,イーオスフェイクＤ,
12556,ギアノスフェイクＤ,
12557,モスフェイクＤ,
12558,ガブラスフェイクＤ,
12559,バトルキャップPD青,
12560,バトルキャップPD黄,
12561,バトルキャップPD紫,
12562,レイアヘルムPD青,
12563,レイアヘルムPD赤,
12564,レイアヘルムPD黒,
12565,フルフルヘルムPD青,
12566,フルフルヘルムPD緑,
12567,フルフルヘルムPD黒,
12568,エスピナヘルムPD赤,
12569,エスピナヘルムPD青,
12570,エスピナヘルムPD黄,
12571,ガーディヘルムPD白,
12572,ガーディヘルムPD黒,
12573,ガーディヘルムPD紫,
12574,ヒーラーグラスPD青,
12575,ヒーラーグラスPD白,
12576,ヒーラーグラスPD黄,
12577,ショウロウ【天頭】Ｄ,
12578,ミタマ【天頭】Ｄ,
12579,焔嶽Ｄ【兜】,
12580,緋嶽Ｄ【兜】,
12581,ルディアＤヘッド,Coiffe Ledia D
12582,白蛇ノ鉢金Ｄ,
12583,黒虎ノ鉢金Ｄ,
12584,崩霧Ｄ【鉢金】,
12585,納言ノ鉢金Ｄ,
12586,蒼空ノ鉢金Ｄ,
12587,夕焼ノ鉢金Ｄ,
12588,紅昇Ｄ【鉢金】,
12589,絶影ノ鉢金Ｄ,
12590,アイルーＤフェイク,
12591,フロガダＤヘッド,Coiffe Furogada D
12592,ラースＤヘッド,Coiffe Lars D
12593,ドゥンルＤヘルム,Heaume Donru D
12594,イナガミZDヘルム,Heaume Inagami D
12595,ベリオＣヘルム,Heaume Barioth C
12596,ベリオＣキャップ,Casquette Barioth C
12597,ブラキＣヘルム,Heaume Brachy C
12598,ブラキＣキャップ,Casquette Brachy C
12599,ガンキンＣヘルム,Heaume Uragaan C
12600,ガンキンＣキャップ,Casquette Uragaan C
12601,獄狼Ｃヘルム,Heaume Stygian C
12602,獄狼Ｃキャップ,Casquette Stygian C
12603,ゴアＣヘルム,
12604,ゴアＣキャップ,
12605,バンギスＣヘルム,Heaume Vangis C
12606,バンギスＣキャップ,Casquette Vangis C
12607,シャガルＣヘルム,Heaume Shagaru C
12608,シャガルＣキャップ,Casquette Shagaru C
12609,イナガミＺヘルム,Heaume Inagami Z
12610,イナガミZFヘルム,Heaume Inagami F
12611,イナガミZYヘルム,Heaume Inagami ZY
12612,イナガミZXヘルム,Heaume Inagami ZX
12613,イナガミＺキャップ,Casquette Inagami Z
12614,イナガミZFキャップ,Casquette Inagami F
12615,イナガミZYキャップ,Casquette Inagami ZY
12616,イナガミZXキャップ,Casquette Inagami ZX
12617,荒天【冠】,
12618,荒天Ｇ【冠】,
12619,荒天GF【冠】,
12620,荒天GX【冠】,
12621,蒼天【冠】,
12622,蒼天Ｇ【冠】,
12623,蒼天GF【冠】,
12624,蒼天GX【冠】,
12625,レビンヘルム,Heaume Levin
12626,レビンＦヘルム,Heaume Levin F
12627,レビンFZヘルム,Heaume Levin FZ
12628,レビンHSヘルム,Heaume Levin HS
12629,レビンGSヘルム,Heaume Levin GS
12630,レビンGPヘルム,Heaume Levin GP
12631,レビンZPヘルム,Heaume Levin ZP
12632,レビンキャップ,Casquette Levin
12633,レビンＦキャップ,Casquette Levin F
12634,レビンFZキャップ,Casquette Levin FZ
12635,レビンHSキャップ,Casquette Levin HS
12636,レビンGSキャップ,Casquette Levin GS
12637,レビンGPキャップ,Casquette Levin GP
12638,レビンZPキャップ,Casquette Levin ZP
12639,白銀の甲冑・兜,
12640,白銀の甲冑Ｆ・兜,
12641,白銀の甲冑FZ・兜,
12642,白銀の甲冑HS・兜,
12643,白銀の甲冑GS・兜,
12644,白銀の甲冑GP・兜,
12645,白銀の甲冑ZP・兜,
12646,白銀の甲冑・鉢金,
12647,白銀の甲冑Ｆ・鉢金,
12648,白銀の甲冑FZ・鉢金,
12649,白銀の甲冑HS・鉢金,
12650,白銀の甲冑GS・鉢金,
12651,白銀の甲冑GP・鉢金,
12652,白銀の甲冑ZP・鉢金,
12653,薔薇の舞踏服・髪結,
12654,薔薇の舞踏服Ｆ・髪結,
12655,薔薇の舞踏服FZ・髪結,
12656,薔薇の舞踏服HS・髪結,
12657,薔薇の舞踏服GS・髪結,
12658,薔薇の舞踏服GP・髪結,
12659,薔薇の舞踏服ZP・髪結,
12660,薔薇の舞踏服・蝶結,
12661,薔薇の舞踏服Ｆ・蝶結,
12662,薔薇の舞踏服FZ・蝶結,
12663,薔薇の舞踏服HS・蝶結,
12664,薔薇の舞踏服GS・蝶結,
12665,薔薇の舞踏服GP・蝶結,
12666,薔薇の舞踏服ZP・蝶結,
12667,シュイヘルム,Heaume Shui
12668,シュイＦヘルム,Heaume Shui F
12669,シュイFZヘルム,Heaume Shui FZ
12670,シュイHSヘルム,Heaume Shui HS
12671,シュイGSヘルム,Heaume Shui GS
12672,シュイGPヘルム,Heaume Shui GP
12673,シュイZPヘルム,Heaume Shui ZP
12674,シュイキャップ,Casquette Shui
12675,シュイＦキャップ,Casquette Shui F
12676,シュイFZキャップ,Casquette Shui FZ
12677,シュイHSキャップ,Casquette Shui HS
12678,シュイGSキャップ,Casquette Shui GS
12679,シュイGPキャップ,Casquette Shui GP
12680,シュイZPキャップ,Casquette Shui ZP
12681,CEケブラーZP頭：剣青,Tête CE Lame bleue
12682,CEケブラーZP頭：弓青,Tête CE Arc bleue
12683,CEケブラーZP頭：剣赤,Tête CE Lame rouge
12684,CEケブラーZP頭：弓赤,Tête CE Arc rouge
12685,CEケブラーZP頭：剣白,Tête CE Lame blanche
12686,CEケブラーZP頭：弓白,Tête CE Arc blanche
12687,CEケブラーZP頭：剣黒,Tête CE Lame noire
12688,CEケブラーZP頭：弓黒,Tête CE Arc noire
12689,ABレイヤーZP頭：剣赤,
12690,ABレイヤーZP頭：弓赤,
12691,ABレイヤーZP頭：剣青,
12692,ABレイヤーZP頭：弓青,
12693,ABレイヤーZP頭：剣黒,
12694,ABレイヤーZP頭：弓黒,
12695,ABレイヤーZP頭：剣白,
12696,ABレイヤーZP頭：弓白,
12697,リュバンZPバンド,Bandeau Ruban ZP
12698,リュバンZPヘッド,Coiffe Ruban ZP
12699,ラモールZPマスク,Masque L'Amore ZP
12700,ラモールZPヘッド,Coiffe L'Amore ZP
12701,オルロジュZPバンド,Bandeau Orloj ZP
12702,オルロジュZPヘッド,Coiffe Orloj ZP
12703,ドルチェZPマスク,Masque Dolce ZP
12704,ドルチェZPヘッド,Coiffe Dolce ZP
12705,ブライトZPヘルム,Heaume Éclat ZP
12706,ブライトZPキャップ,Casquette Éclat ZP
12707,ジュアリZPヘルム,Heaume Juari ZP
12708,ジュアリZPキャップ,Casquette Juari ZP
12709,ティンクZPヘルム,Heaume Tinku ZP
12710,ティンクZPキャップ,Casquette Tinku ZP
12711,シャテムZPバンド,Bandeau Shatemu ZP
12712,シャテムZPヘッド,Coiffe Shatemu ZP
12713,ヘヴリアZPバンド,Bandeau Hevria ZP
12714,ヘヴリアZPヘッド,Coiffe Hevria ZP
12715,ティルルZPバンド,Bandeau Tiuru ZP
12716,ティルルZPヘッド,Coiffe Tiuru ZP
12717,カイラZPヘルム,Heaume Kaila ZP
12718,カイラZPマスク,Masque Kaila ZP
12719,フォンセＧヘルム,Heaume Fonse G
12720,フォンセGFヘルム,Heaume Fonse GF
12721,フォンセGXヘルム,Heaume Fonse GX
12722,フォンセＧキャップ,Casquette Fonse G
12723,フォンセGFキャップ,Casquette Fonse GF
12724,フォンセGXキャップ,Casquette Fonse GX
12725,ウタンテＺヘルム,Heaume Utante Z
12726,ウタンテZFヘルム,Heaume Utante F
12727,ウタンテZYヘルム,Heaume Utante ZY
12728,ウタンテZXヘルム,Heaume Utante ZX
12729,ウタンテＺキャップ,Casquette Utante Z
12730,ウタンテZFキャップ,Casquette Utante F
12731,ウタンテZYキャップ,Casquette Utante ZY
12732,ウタンテZXキャップ,Casquette Utante ZX
12733,リズヴェＧヘルム,Heaume Rizuvue G
12734,リズヴェGFヘルム,Heaume Rizuvue GF
12735,リズヴェGXヘルム,Heaume Rizuvue GX
12736,リズヴェＧキャップ,Casquette Rizuvue G
12737,リズヴェGFキャップ,Casquette Rizuvue GF
12738,リズヴェGXキャップ,Casquette Rizuvue GX
12739,エルゼコサージュ,
12740,エルゼＦコサージュ,
12741,エルゼＧコサージュ,
12742,エルゼGFコサージュ,
12743,エルゼGXコサージュ,
12744,イナガミZDキャップ,Casquette Inagami D
12745,荒天Ｃ【冠】,
12746,蒼天Ｃ【冠】,
12747,レビンＤヘルム,Heaume Levin D
12748,白銀の甲冑Ｄ・兜,
12749,薔薇の舞踏服Ｄ・髪結,
12750,シュイＤヘルム,Heaume Shui D
12751,CEケブラーＤ頭：剣青,Tête CE Lame bleue
12752,CEケブラーＤ頭：剣赤,Tête CE Lame rouge
12753,CEケブラーＤ頭：剣白,Tête CE Lame blanche
12754,CEケブラーＤ頭：剣黒,Tête CE Lame noire
12755,ABレイヤーＤ頭：剣赤,
12756,ABレイヤーＤ頭：剣青,
12757,ABレイヤーＤ頭：剣黒,
12758,ABレイヤーＤ頭：剣白,
12759,リュバンＤバンド,Bandeau Ruban D
12760,ラモールＤマスク,Masque L'Amore D
12761,オルロジュＤバンド,Bandeau Orloj D
12762,ドルチェＤマスク,Masque Dolce D
12763,ブライトＤヘルム,Heaume Éclat D
12764,ジュアリＤヘルム,Heaume Juari D
12765,ティンクＤヘルム,Heaume Tinku D
12766,シャテムＤバンド,Bandeau Shatemu D
12767,ヘヴリアＤバンド,Bandeau Hevria D
12768,ティルルＤバンド,Bandeau Tiuru D
12769,カイラＤヘルム,Heaume Kaila D
12770,フォンセＤヘルム,Heaume Fonse D
12771,ヒプノルータＤヘッド,
12772,ヒプノリアＤヘッド,Coiffe Hypnolia D
12773,エス・クェラＤヘッド,Coiffe Es D
12774,エコールＤヘッド,Coiffe Ecole D
12775,ガンズＤヘッド,Coiffe Guns D
12776,アグリアＤヘッド,Coiffe Agria D
12777,フォーヴＤヘッド,Coiffe Fauve D
12778,ティーアＤヘッド,
12779,ミューズＤヘッド,
12780,ディクトＤヘッド,Coiffe Dicto D
12781,クリュスＤヘッド,Coiffe Kruss D
12782,スタリナＤヘッド,Coiffe Starina D
12783,ルースＤヘッド,
12784,ミラドＤヘッド,Coiffe Mirado D
12785,デュールＤヘルム,Heaume Deyuru D
12786,ロバストＤアンク,
12787,ファルコＤヘルム,Heaume Falco D
12788,ハウクスＤヘルム,Heaume Howx D
12789,ピラータＤヘッド,Coiffe Pirata D
12790,ゼロイＤヘッド,Coiffe Zeroi D
12791,レイルＤヘルム,
12792,リーデレＤヘルム,Heaume Ridere D
12793,リエットＤヘルム,Heaume Émeute D
12794,ルターレＤヘルム,Heaume Rutare D
12795,流転の鉢金・Ｄ,
12796,嵐転の鉢金・Ｄ,
12797,キュビィＤヘルム,Heaume Cubie D
12798,ケモルＤヘルム,Heaume Kemor D
12799,ラトリアＤヘッド,Coiffe Latria D
12800,コンタオＤヘッド,Coiffe Kontao D
12801,オービスＤヘッド,Coiffe Ukon D
12802,ロットＤヘッド,
12803,ウーコンＤヘッド,Coiffe Shoko D
12804,ニンバスＤヘッド,
12805,月陽ノ兜・Ｄ,
12806,曙光ノ兜・Ｄ,
12807,トリドＺヘルム,Heaume Torid Z
12808,トリドZFヘルム,Heaume Toridcless F
12809,トリドZYヘルム,Heaume Torid ZY
12810,トリドZXヘルム,Heaume Torid ZX
12811,トリドＺキャップ,Casquette Torid Z
12812,トリドZFキャップ,Casquette Toridcless F
12813,トリドZYキャップ,Casquette Torid ZY
12814,トリドZXキャップ,Casquette Torid ZX
12815,ドラギュＺヘルム,Heaume Doragyurosu Z
12816,ドラギュZFヘルム,Heaume Doragyurosu F
12817,ドラギュZYヘルム,Heaume Doragyurosu ZY
12818,ドラギュZXヘルム,Heaume Doragyurosu ZX
12819,ドラギュＺキャップ,Casquette Doragyurosu Z
12820,ドラギュZFキャップ,Casquette Doragyurosu F
12821,ドラギュZYキャップ,Casquette Doragyurosu ZY
12822,ドラギュZXキャップ,Casquette Doragyurosu ZX
12823,アルフィヘッド,Coiffe Alfi
12824,アルフィＦヘッド,Coiffe Alfi F
12825,アルフィFZヘッド,Coiffe Alfi FZ
12826,アルフィHSヘッド,Coiffe Alfi HS
12827,アルフィGSヘッド,Coiffe Alfi GS
12828,アルフィGPヘッド,Coiffe Alfi GP
12829,アルフィZPヘッド,Coiffe Alfi ZP
12830,アルフィキャップ,Casquette Alfi
12831,アルフィＦキャップ,Casquette Alfi F
12832,アルフィFZキャップ,Casquette Alfi FZ
12833,アルフィHSキャップ,Casquette Alfi HS
12834,アルフィGSキャップ,Casquette Alfi GS
12835,アルフィGPキャップ,Casquette Alfi GP
12836,アルフィZPキャップ,Casquette Alfi ZP
12837,カイファヘルム,Heaume Kaifa
12838,カイファＦヘルム,Heaume Kaifa F
12839,カイファFZヘルム,Heaume Kaifa FZ
12840,カイファHSヘルム,Heaume Kaifa HS
12841,カイファGSヘルム,Heaume Kaifa GS
12842,カイファGPヘルム,Heaume Kaifa GP
12843,カイファZPヘルム,Heaume Kaifa ZP
12844,カイファキャップ,Casquette Kaifa
12845,カイファＦキャップ,Casquette Kaifa F
12846,カイファFZキャップ,Casquette Kaifa FZ
12847,カイファHSキャップ,Casquette Kaifa HS
12848,カイファGSキャップ,Casquette Kaifa GS
12849,カイファGPキャップ,Casquette Kaifa GP
12850,カイファZPキャップ,Casquette Kaifa ZP
12851,ストラザヘッド,Coiffe Straza
12852,ストラザＦヘッド,Coiffe Straza F
12853,ストラザFZヘッド,Coiffe Straza FZ
12854,ストラザHSヘッド,Coiffe Straza HS
12855,ストラザGSヘッド,Coiffe Straza GS
12856,ストラザGPヘッド,Coiffe Straza GP
12857,ストラザZPヘッド,Coiffe Straza ZP
12858,ストラザキャップ,Casquette Straza
12859,ストラザＦキャップ,Casquette Straza F
12860,ストラザFZキャップ,Casquette Straza FZ
12861,ストラザHSキャップ,Casquette Straza HS
12862,ストラザGSキャップ,Casquette Straza GS
12863,ストラザGPキャップ,Casquette Straza GP
12864,ストラザZPキャップ,Casquette Straza ZP
12865,フランテＺヘルム,Heaume Furante Z
12866,フランテZFヘルム,Heaume Furante F
12867,フランテZYヘルム,Heaume Furante ZY
12868,フランテZXヘルム,Heaume Furante ZX
12869,フランテＺキャップ,Casquette Furante Z
12870,フランテZFキャップ,Casquette Furante F
12871,フランテZYキャップ,Casquette Furante ZY
12872,フランテZXキャップ,Casquette Furante ZX
12873,カリヴァＧヘルム,Heaume Cariva G
12874,カリヴァGFヘルム,Heaume Cariva GF
12875,カリヴァGXヘルム,Heaume Cariva GX
12876,カリヴァＧキャップ,Casquette Cariva G
12877,カリヴァGFキャップ,Casquette Cariva GF
12878,カリヴァGXキャップ,Casquette Cariva GX
12879,ボンネＧヘルム,Heaume Bonne G
12880,ボンネGFヘルム,Heaume Bonne GF
12881,ボンネGXヘルム,Heaume Bonne GX
12882,ボンネＧキャップ,Casquette Bonne G
12883,ボンネGFキャップ,Casquette Bonne GF
12884,ボンネGXキャップ,Casquette Bonne GX
12885,調査兵団ZPヘッド,
12886,調査兵団ZPピアス,
12887,訓練兵団ZPヘッド,Coiffe Training ZP
12888,訓練兵団ZPピアス,Piercing Training ZP
12889,十二勇士甲冑・剣黄,
12890,十二勇士甲冑・剣白,
12891,十二勇士甲冑・剣褐,
12892,十二勇士甲冑・剣黒,
12893,十二勇士甲冑Ｆ・剣黄,
12894,十二勇士甲冑Ｆ・剣白,
12895,十二勇士甲冑Ｆ・剣褐,
12896,十二勇士甲冑Ｆ・剣黒,
12897,十二勇士甲冑FZ・剣黄,
12898,十二勇士甲冑FZ・剣白,
12899,十二勇士甲冑FZ・剣褐,
12900,十二勇士甲冑FZ・剣黒,
12901,十二勇士甲冑HS・剣黄,
12902,十二勇士甲冑HS・剣白,
12903,十二勇士甲冑HS・剣褐,
12904,十二勇士甲冑HS・剣黒,
12905,十二勇士甲冑GS・剣黄,
12906,十二勇士甲冑GS・剣白,
12907,十二勇士甲冑GS・剣褐,
12908,十二勇士甲冑GS・剣黒,
12909,十二勇士甲冑GP・剣黄,
12910,十二勇士甲冑GP・剣白,
12911,十二勇士甲冑GP・剣褐,
12912,十二勇士甲冑GP・剣黒,
12913,十二勇士甲冑ZP・剣黄,
12914,十二勇士甲冑ZP・剣白,
12915,十二勇士甲冑ZP・剣褐,
12916,十二勇士甲冑ZP・剣黒,
12917,十二勇士甲冑・弓黄,
12918,十二勇士甲冑・弓白,
12919,十二勇士甲冑・弓褐,
12920,十二勇士甲冑・弓黒,
12921,十二勇士甲冑Ｆ・弓黄,
12922,十二勇士甲冑Ｆ・弓白,
12923,十二勇士甲冑Ｆ・弓褐,
12924,十二勇士甲冑Ｆ・弓黒,
12925,十二勇士甲冑FZ・弓黄,
12926,十二勇士甲冑FZ・弓白,
12927,十二勇士甲冑FZ・弓褐,
12928,十二勇士甲冑FZ・弓黒,
12929,十二勇士甲冑HS・弓黄,
12930,十二勇士甲冑HS・弓白,
12931,十二勇士甲冑HS・弓褐,
12932,十二勇士甲冑HS・弓黒,
12933,十二勇士甲冑GS・弓黄,
12934,十二勇士甲冑GS・弓白,
12935,十二勇士甲冑GS・弓褐,
12936,十二勇士甲冑GS・弓黒,
12937,十二勇士甲冑GP・弓黄,
12938,十二勇士甲冑GP・弓白,
12939,十二勇士甲冑GP・弓褐,
12940,十二勇士甲冑GP・弓黒,
12941,十二勇士甲冑ZP・弓黄,
12942,十二勇士甲冑ZP・弓白,
12943,十二勇士甲冑ZP・弓褐,
12944,十二勇士甲冑ZP・弓黒,
12945,救国の聖女服・髪結,
12946,救国の聖女服Ｆ・髪結,
12947,救国の聖女服FZ・髪結,
12948,救国の聖女服HS・髪結,
12949,救国の聖女服GS・髪結,
12950,救国の聖女服GP・髪結,
12951,救国の聖女服ZP・髪結,
12952,救国の聖女服・蝶結,
12953,救国の聖女服Ｆ・蝶結,
12954,救国の聖女服FZ・蝶結,
12955,救国の聖女服HS・蝶結,
12956,救国の聖女服GS・蝶結,
12957,救国の聖女服GP・蝶結,
12958,救国の聖女服ZP・蝶結,
12959,竜殺しの甲冑・剣,
12960,竜殺しの甲冑Ｆ・剣,
12961,竜殺しの甲冑FZ・剣,
12962,竜殺しの甲冑HS・剣,
12963,竜殺しの甲冑GS・剣,
12964,竜殺しの甲冑GP・剣,
12965,竜殺しの甲冑ZP・剣,
12966,竜殺しの甲冑・弓,
12967,竜殺しの甲冑Ｆ・弓,
12968,竜殺しの甲冑FZ・弓,
12969,竜殺しの甲冑HS・弓,
12970,竜殺しの甲冑GS・弓,
12971,竜殺しの甲冑GP・弓,
12972,竜殺しの甲冑ZP・弓,
12973,不貞隠しの兜・剣,
12974,不貞隠しの兜Ｆ・剣,
12975,不貞隠しの兜FZ・剣,
12976,不貞隠しの兜HS・剣,
12977,不貞隠しの兜GS・剣,
12978,不貞隠しの兜GP・剣,
12979,不貞隠しの兜ZP・剣,
12980,不貞隠しの兜・弓,
12981,不貞隠しの兜Ｆ・弓,
12982,不貞隠しの兜FZ・弓,
12983,不貞隠しの兜HS・弓,
12984,不貞隠しの兜GS・弓,
12985,不貞隠しの兜GP・弓,
12986,不貞隠しの兜ZP・弓,
12987,ディナトZPヘッド,Coiffe Dinato ZP
12988,ディナトZPキャップ,Casquette Dinato ZP
12989,ドゥケZPヘッド,Coiffe Duque ZP
12990,ドゥケZPキャップ,Casquette Duque ZP
12991,グラヌZPヘッド,Coiffe Granu ZP
12992,グラヌZPキャップ,Casquette Granu ZP
12993,千代ノ髪飾ZP,
12994,千代ノ髪留ZP,
12995,ゼナコサージュ,
12996,ゼナＦコサージュ,
12997,ゼナＧコサージュ,
12998,ゼナGFコサージュ,
12999,ゼナGXコサージュ,
13000,ネコダンZPヘッド,Coiffe Nekodan ZP
13001,グーダンZPヘッド,Coiffe Gudan ZP
13002,トリドZDヘルム,Heaume Toridcless D
13003,トリドZDキャップ,Casquette Toridcless D
13004,ドラギュZDヘルム,Heaume Doragyurosu D
13005,ドラギュZDキャップ,Casquette Doragyurosu D
13006,アルフィＤヘッド,Coiffe Alfi D
13007,カイファＤヘルム,Heaume Kaifa D
13008,ストラザＤヘッド,Coiffe Straza D
13009,煉華ノ鉢金Ｃ,
13010,調査兵団Ｄヘッド,
13011,訓練兵団Ｄヘッド,Coiffe Training D
13012,十二勇士甲冑Ｄ・黄,
13013,十二勇士甲冑Ｄ・白,
13014,十二勇士甲冑Ｄ・褐,
13015,十二勇士甲冑Ｄ・黒,
13016,救国の聖女服Ｄ・髪結,
13017,竜殺しの甲冑Ｄ,
13018,不貞隠しの兜Ｄ,
13019,ディナトＤヘッド,Coiffe Dinato D
13020,ドゥケＤヘッド,Coiffe Duque D
13021,グラヌＤヘッド,Coiffe Granu D
13022,千代ノ髪飾Ｄ,
13023,ルベライトＤヘルム,Heaume Rubellite D
13024,ラズライトＤヘルム,Heaume Lazurite D
13025,ジルコンＤヘルム,
13026,スピネルＤヘルム,Heaume Spinel D
13027,ジェイドＤヘルム,
13028,アゲートＤヘルム,
13029,パイローブＤヘルム,Heaume Pyrope D
13030,アイオラＤヘルム,Heaume Iolite D
13031,ルチルＤヘルム,Heaume Rutile D
13032,ブラッドＤヘルム,Heaume Sang D
13033,シトリンＤキャップ,Casquette Citrine D
13034,ペリドットＤキャップ,Casquette Peridot D
13035,ターコイズＤキャップ,
13036,マフモフフードPD赤,
13037,マフモフフードPD黄,
13038,マフモフフードPD紫,
13039,バサルキャップPD赤,
13040,バサルキャップPD黒,
13041,バサルキャップPD黄,
13042,ブランゴヘルムPD黄,
13043,ブランゴヘルムPD青,
13044,ブランゴヘルムPD黒,
13045,金色ノ添髪PD白,
13046,金色ノ添髪PD紫,
13047,金色ノ添髪PD緑,
13048,グラビドキャップPD緑,
13049,グラビドキャップPD紫,
13050,グラビドキャップPD赤,
13051,ハイメタヘルムPD黒,
13052,ハイメタヘルムPD青,
13053,ハイメタヘルムPD黄,
13054,Ｓ・ソルヘルムPD赤,
13055,Ｓ・ソルヘルムPD紫,
13056,Ｓ・ソルヘルムPD黒,
13057,ガルルガキャップPD白,
13058,ガルルガキャップPD緑,
13059,ガルルガキャップPD赤,
13060,ザザミヘルムPD青,
13061,ザザミヘルムPD白,
13062,ザザミヘルムPD紫,
13063,クシャナアンクPD赤,
13064,クシャナアンクPD黄,
13065,クシャナアンクPD緑,
13066,クシャナスーラPD赤,
13067,クシャナスーラPD黄,
13068,クシャナスーラPD緑,
13069,忍の面・陽Ｄ,
13070,忍の面・陰Ｄ,
13071,ボンネＤヘルム,Heaume Bonne D
13072,カライスＤキャップ,Casquette Kalais D
13073,ルケーゼＤキャップ,Casquette Lucchese D
13074,クオイズＤキャップ,Casquette Quoiz D
13075,ネコダンＤヘッド,Coiffe Nekodan D
13076,グーダンＤヘッド,Coiffe Gudan D
13077,煉緋ノ鉢金Ｚ,
13078,煉緋ノ鉢金ZF,
13079,煉緋ノ鉢金ZY,
13080,煉緋ノ鉢金ZX,
13081,煉緋ノ面Ｚ,
13082,煉緋ノ面ZF,
13083,煉緋ノ面ZY,
13084,煉緋ノ面ZX,
13085,サイネヘルム,Heaume Saine
13086,サイネＦヘルム,Heaume Saine F
13087,サイネFZヘルム,Heaume Saine FZ
13088,サイネHSヘルム,Heaume Saine HS
13089,サイネGSヘルム,Heaume Saine GS
13090,サイネGPヘルム,Heaume Saine GP
13091,サイネZPヘルム,Heaume Saine ZP
13092,サイネキャップ,Casquette Saine
13093,サイネＦキャップ,Casquette Saine F
13094,サイネFZキャップ,Casquette Saine FZ
13095,サイネHSキャップ,Casquette Saine HS
13096,サイネGSキャップ,Casquette Saine GS
13097,サイネGPキャップ,Casquette Saine GP
13098,サイネZPキャップ,Casquette Saine ZP
13099,ウイングヘッド,Coiffe Aile
13100,ウイングＦヘッド,Coiffe Aile F
13101,ウイングFZヘッド,Coiffe Aile FZ
13102,ウイングHSヘッド,Coiffe Aile HS
13103,ウイングGSヘッド,Coiffe Aile GS
13104,ウイングGPヘッド,Coiffe Aile GP
13105,ウイングZPヘッド,Coiffe Aile ZP
13106,ウイングキャップ,Casquette Aile
13107,ウイングＦキャップ,Casquette Aile F
13108,ウイングFZキャップ,Casquette Aile FZ
13109,ウイングHSキャップ,Casquette Aile HS
13110,ウイングGSキャップ,Casquette Aile GS
13111,ウイングGPキャップ,Casquette Aile GP
13112,ウイングZPキャップ,Casquette Aile ZP
13113,ガスラＺヘルム,Heaume Gasura Z
13114,ガスラZFヘルム,Heaume Gasura F
13115,ガスラZYヘルム,Heaume Gasura ZY
13116,ガスラZXヘルム,Heaume Gasura ZX
13117,ガスラＺキャップ,Casquette Gasura Z
13118,ガスラZFキャップ,Casquette Gasura F
13119,ガスラZYキャップ,Casquette Gasura ZY
13120,ガスラZXキャップ,Casquette Gasura ZX
13121,レギオスヘルム,Heaume Seregios
13122,レギオスＧヘルム,Heaume Seregios G
13123,レギオスGFヘルム,Heaume Seregios GF
13124,レギオスGXヘルム,Heaume Seregios GX
13125,レギオスキャップ,Casquette Seregios
13126,レギオスＧキャップ,Casquette Seregios G
13127,レギオスGFキャップ,Casquette Seregios GF
13128,レギオスGXキャップ,Casquette Seregios GX
13129,歌詠ノ髪飾Ｚ,
13130,歌詠ノ髪飾ZF,
13131,歌詠ノ髪飾ZY,
13132,歌詠ノ髪飾ZX,
13133,歌詠ノ髪留Ｚ,
13134,歌詠ノ髪留ZF,
13135,歌詠ノ髪留ZY,
13136,歌詠ノ髪留ZX,
13137,カシウスＧヘルム,Heaume Cassius G
13138,カシウスGFヘルム,Heaume Cassius GF
13139,カシウスGXヘルム,Heaume Cassius GX
13140,カシウスＧキャップ,Casquette Cassius G
13141,カシウスGFキャップ,Casquette Cassius GF
13142,カシウスGXキャップ,Casquette Cassius GX
13143,ピンビヘッド,Coiffe Pinbi
13144,ピンビＦヘッド,Coiffe Pinbi F
13145,ピンビFZヘッド,Coiffe Pinbi FZ
13146,ピンビHSヘッド,Coiffe Pinbi HS
13147,ピンビGSヘッド,Coiffe Pinbi GS
13148,ピンビGPヘッド,Coiffe Pinbi GP
13149,ピンビZPヘッド,Coiffe Pinbi ZP
13150,ピンビマスク,Masque Pinbi
13151,ピンビＦマスク,Masque Pinbi F
13152,ピンビFZマスク,Masque Pinbi FZ
13153,ピンビHSマスク,Masque Pinbi HS
13154,ピンビGSマスク,Masque Pinbi GS
13155,ピンビGPマスク,Masque Pinbi GP
13156,ピンビZPマスク,Masque Pinbi ZP
13157,プリブヘッド,Coiffe Pribu
13158,プリブＦヘッド,Coiffe Pribu F
13159,プリブFZヘッド,Coiffe Pribu FZ
13160,プリブHSヘッド,Coiffe Pribu HS
13161,プリブGSヘッド,Coiffe Pribu GS
13162,プリブGPヘッド,Coiffe Pribu GP
13163,プリブZPヘッド,Coiffe Pribu ZP
13164,プリブマスク,Masque Pribu
13165,プリブＦマスク,Masque Pribu F
13166,プリブFZマスク,Masque Pribu FZ
13167,プリブHSマスク,Masque Pribu HS
13168,プリブGSマスク,Masque Pribu GS
13169,プリブGPマスク,Masque Pribu GP
13170,プリブZPマスク,Masque Pribu ZP
13171,グレイヘッド,
13172,グレイＦヘッド,
13173,グレイFZヘッド,
13174,グレイHSヘッド,
13175,グレイGSヘッド,
13176,グレイGPヘッド,
13177,グレイZPヘッド,
13178,グレイマスク,
13179,グレイＦマスク,
13180,グレイFZマスク,
13181,グレイHSマスク,
13182,グレイGSマスク,
13183,グレイGPマスク,
13184,グレイZPマスク,
13185,ウルピナヘッド,Coiffe Urpina
13186,ウルピナＦヘッド,Coiffe Urpina F
13187,ウルピナFZヘッド,Coiffe Urpina FZ
13188,ウルピナHSヘッド,Coiffe Urpina HS
13189,ウルピナGSヘッド,Coiffe Urpina GS
13190,ウルピナGPヘッド,Coiffe Urpina GP
13191,ウルピナZPヘッド,Coiffe Urpina ZP
13192,ウルピナキャップ,Casquette Urpina
13193,ウルピナＦキャップ,Casquette Urpina F
13194,ウルピナFZキャップ,Casquette Urpina FZ
13195,ウルピナHSキャップ,Casquette Urpina HS
13196,ウルピナGSキャップ,Casquette Urpina GS
13197,ウルピナGPキャップ,Casquette Urpina GP
13198,ウルピナZPキャップ,Casquette Urpina ZP
13199,ノエルヘッド,
13200,ノエルＦヘッド,
13201,ノエルFZヘッド,
13202,ノエルHSヘッド,
13203,ノエルGSヘッド,
13204,ノエルGPヘッド,
13205,ノエルZPヘッド,
13206,ノエルマスク,
13207,ノエルＦマスク,
13208,ノエルFZマスク,
13209,ノエルHSマスク,
13210,ノエルGSマスク,
13211,ノエルGPマスク,
13212,ノエルZPマスク,
13213,ビューネイヘッド,Coiffe Bune
13214,ビューネイＦヘッド,Coiffe Bune F
13215,ビューネイFZヘッド,Coiffe Bune FZ
13216,ビューネイHSヘッド,Coiffe Bune HS
13217,ビューネイGSヘッド,Coiffe Bune GS
13218,ビューネイGPヘッド,Coiffe Bune GP
13219,ビューネイZPヘッド,Coiffe Bune ZP
13220,ビューネイマスク,Masque Bune
13221,ビューネイＦマスク,Masque Bune F
13222,ビューネイFZマスク,Masque Bune FZ
13223,ビューネイHSマスク,Masque Bune HS
13224,ビューネイGSマスク,Masque Bune GS
13225,ビューネイGPマスク,Masque Bune GP
13226,ビューネイZPマスク,Masque Bune ZP
13227,ラヴィＧヘッド：極,
13228,ラヴィGFヘッド：極,
13229,ラヴィGXヘッド：極,
13230,ラヴィＧキャップ：極,
13231,ラヴィGFキャップ：極,
13232,ラヴィGXキャップ：極,
13233,ハーゼZPバンド,Bandeau Harze ZP
13234,ハーゼZPヘッド,Coiffe Harze ZP
13235,ルヴナンZPゲヒル,
13236,ルヴナンZPゼレ,
13237,祭のあとに【勝ち猫】,
13238,祭のあとに【勝ち猫】,
13239,祭のあとに【勝ち猫】,
13240,祭のあとに【勝ち猫】,
13241,祭のあとに【勝ち猫】,
13242,祭のあとに【勝ち猫】,
13243,祭のあとに【勝ち猫】,
13244,祭のあとに【勝ち猫】,
13245,祭のあとに【勝ち猫】,
13246,祭のあとに【勝ち猫】,
13247,祭のあとに【勝ち猫】,
13248,祭のあとに【勝ち猫】,
13249,祭のあとに【勝ち猫】,
13250,祭のあとに【勝ち猫】,
13251,祭のあとに【勝ち猫】,
13252,祭のあとに【勝ち猫】,
13253,祭のあとに【勝ち猫】,
13254,祭のあとに【勝ち猫】,
13255,祭のあとに【勝ち猫】,
13256,祭のあとに【勝ち猫】,
13257,祭のあとに【勝ち猫】,
13258,祭のあとに【勝ち猫】,
13259,祭のあとに【勝ち猫】,
13260,祭のあとに【勝ち猫】,
13261,祭のあとに【勝ち猫】,
13262,祭のあとに【勝ち猫】,
13263,祭のあとに【勝ち猫】,
13264,祭のあとに【勝ち猫】,
13265,祭のあとに【勝ち猫】,
13266,祭のあとに【勝ち猫】,
13267,祭のあとに【勝ち猫】,
13268,祭のあとに【勝ち猫】,
13269,祭のあとに【勝ち猫】,
13270,祭のあとに【勝ち猫】,
13271,祭のあとに【勝ち猫】,
13272,祭のあとに【勝ち猫】,
13273,祭のあとに【勝ち猫】,
13274,祭のあとに【勝ち猫】,
13275,祭のあとに【勝ち猫】,
13276,祭のあとに【勝ち猫】,
13277,サイネＤヘルム,Heaume Saine D
13278,ウイングＤヘッド,Coiffe Aile D
13279,ガスラZDヘルム,Heaume Gasura D
13280,ガスラZDキャップ,Casquette Gasura D
13281,レギオスＣヘルム,Heaume Seregios C
13282,レギオスＣキャップ,Casquette Seregios C
13283,ピンビＤヘッド,Coiffe Pinbi D
13284,プリブＤヘッド,Coiffe Pribu D
13285,煉緋ノ鉢金Ｄ,
13286,グレイＤヘッド,
13287,ウルピナＤヘッド,Coiffe Urpina D
13288,ノエルＤヘッド,
13289,ビューネイＤヘッド,Coiffe Bune D
13290,メラースＤウィッグ,
13291,白虎・剣聖Ｄヘルム,
13292,白虎・双龍Ｄヘルム,
13293,白虎・剣王Ｄヘルム,
13294,白虎・刀神Ｄヘルム,
13295,白虎・天槍Ｄヘルム,
13296,白虎・砲皇Ｄヘルム,
13297,白虎・鈍器獣Ｄヘルム,
13298,白虎・奏帝Ｄヘルム,
13299,白虎・穿凰Ｄヘルム,
13300,白虎・斬将Ｄヘルム,
13301,白虎・銃傑Ｄマスク,
13302,白虎・銃仙Ｄマスク,
13303,白虎・弓鬼Ｄマスク,
13304,キリンホーンPD赤,
13305,キリンホーンPD紫,
13306,キリンホーンPD黒,
13307,カイザークラウンPD白,
13308,カイザーマスクPD白,
13309,カイザークラウンPD黒,
13310,カイザーマスクPD黒,
13311,カイザークラウンPD緑,
13312,カイザーマスクPD緑,
13313,ミヅハ【帽子】PD青,
13314,ミヅハ【帽子】PD赤,
13315,ミヅハ【帽子】PD黄,
13316,トヨタマ【帽子】PD青,
13317,トヨタマ【帽子】PD赤,
13318,トヨタマ【帽子】PD黄,
13319,暁丸【兜】PD赤,
13320,暁丸【兜】PD紫,
13321,暁丸【兜】PD白,
13322,凛【鉢金】PD黒,
13323,凛【鉢金】PD紫,
13324,凛【鉢金】PD白,
13325,ギザミキャップPD赤,
13326,ギザミキャップPD黒,
13327,ギザミキャップPD黄,
13328,ガブラスフェイクPD白,
13329,ガブラスフェイクPD黄,
13330,ガブラスフェイクPD黒,
13331,ハーゼＤバンド,Bandeau Harze D
13332,ルヴナンＤゲヒル,
13333,ククボＤキャップ,Casquette Kukubo D
13334,カカブＤキャップ,Casquette Kakabu D
13335,アルルＤキャップ,Casquette Aruru D
13336,朱雀・剣聖Ｄヘルム,
13337,朱雀・双龍Ｄヘルム,
13338,朱雀・剣王Ｄヘルム,
13339,朱雀・刀神Ｄヘルム,
13340,朱雀・天槍Ｄヘルム,
13341,朱雀・砲皇Ｄヘルム,
13342,朱雀・鈍器獣Ｄヘルム,
13343,朱雀・奏帝Ｄヘルム,
13344,朱雀・穿凰Ｄヘルム,
13345,朱雀・斬将Ｄヘルム,
13346,朱雀・銃傑Ｄマスク,
13347,朱雀・銃仙Ｄマスク,
13348,朱雀・弓鬼Ｄマスク,
13349,Ｇ・ナイトマスクPD赤,
13350,Ｇ・ナイトマスクPD青,
13351,Ｇ・ナイトマスクPD紫,
13352,ＰＶグラスPD赤,
13353,ＰＶグラスPD青,
13354,ＰＶグラスPD紫,
13355,エンプレスヘッドPD赤,
13356,エンプレスヘッドPD黄,
13357,エンプレスヘッドPD紫,
13358,エンプレスマスクPD赤,
13359,エンプレスマスクPD黄,
13360,エンプレスマスクPD紫,
13361,ランゴヘルムPD黄,
13362,ランゴヘルムPD黒,
13363,ランゴヘルムPD青,
13364,デスギアゲヒルPD白,
13365,デスギアゲヒルPD赤,
13366,デスギアゲヒルPD青,
13367,ディアブロヘルムPD紫,
13368,ディアブロヘルムPD青,
13369,ディアブロヘルムPD黄,
13370,マカルパフードPD緑,
13371,マカルパフードPD青,
13372,マカルパフードPD黒,
13373,アカムトサクパケPD黒,
13374,アカムトサクパケPD赤,
13375,アカムトサクパケPD白,
13376,アカムトリクンPD黒,
13377,アカムトリクンPD赤,
13378,アカムトリクンPD白,
13379,グラビドヘルムPD黒,
13380,グラビドヘルムPD青,
13381,グラビドヘルムPD赤,
13382,ウルキーＤフェスタ,
13383,アイルーＤフェスタ,
13384,メラルーＤフェスタ,
13385,プーギーＤフェスタ,
13386,エスピＤフェスタ,
13387,エスピ亜Ｄフェスタ,
13388,エスピ希Ｄフェスタ,
13389,カムＤフェスタ,
13390,ノノＤフェスタ,
13391,ゴゴモアＤフェスタ,
13392,エルゼＤフェスタ,
13393,極エルゼＤフェスタ,
13394,ドゥレムＤフェスタ,
13395,グークＤフェスタ,
13396,シャルルＤヘルム,Heaume Sharuru D
13397,煉鳳ノ鉢金Ｄ,
13398,アノルZDヘルム,Heaume Anorupatisu D
13399,アノルZDキャップ,Casquette Anorupatisu D
13400,ディランＤヘッド,Coiffe Dylan D
13401,ディブルＤヘッド,
13402,フィンスＤヘッド,Coiffe Fins D
13403,ディンスＤヘッド,Coiffe Dins D
13404,カリスＤヘルム,Heaume Charis D
13405,ミリアムＤヘッド,Coiffe Miriam D
13406,レニガンＤヘッド,Coiffe Lenigan D
13407,執事メイド 色替え,
13408,カタンテＤヘルム,Heaume Katante D
13409,リカンテＤヘルム,Heaume Rikante D
13410,メレンテＤヘルム,Heaume Merente D
13411,ウタンテＤヘルム,Heaume Utante D
13412,ブルックＤヘッド,Coiffe Burukku D
13413,シルックＤヘッド,Coiffe Shirukku D
13414,ゴルックＤヘッド,Coiffe Gorukku D
13415,ゴルガノヘッドＤ,
13416,アルガノヘッドＤ,
13417,潔燭ノ兜Ｄ,
13418,華燭ノ兜Ｄ,
13419,ジャガーＤヘルム,Heaume Jyaga D
13420,キュールＤヘッド,
13421,ジェスＤヘルム,Heaume Jess D
13422,リアルオＤヘルム,Heaume Riaruo D
13423,レイレスＤヘルム,Heaume Reiresu D
13424,レウアスＤヘルム,Heaume Reuasu D
13425,ブランＤヘッド,Coiffe Buran D
13426,しましまＤヘッド,Coiffe Shimashima D
13427,デストラＤヘルム,Heaume Desutora D
13428,フランテＤヘルム,Heaume Furante D
13429,シャルルヘルム,Heaume Sharuru
13430,シャルルＦヘルム,Heaume Sharuru F
13431,シャルルFZヘルム,Heaume Sharuru FZ
13432,シャルルHSヘルム,Heaume Sharuru HS
13433,シャルルGSヘルム,Heaume Sharuru GS
13434,シャルルGPヘルム,Heaume Sharuru GP
13435,シャルルZPヘルム,Heaume Sharuru ZP
13436,シャルルキャップ,Casquette Sharuru
13437,シャルルＦキャップ,Casquette Sharuru F
13438,シャルルFZキャップ,Casquette Sharuru FZ
13439,シャルルHSキャップ,Casquette Sharuru HS
13440,シャルルGSキャップ,Casquette Sharuru GS
13441,シャルルGPキャップ,Casquette Sharuru GP
13442,シャルルZPキャップ,Casquette Sharuru ZP
13443,煉鳳ノ鉢金Ｚ,
13444,煉鳳ノ鉢金ZF,
13445,煉鳳ノ鉢金ZY,
13446,煉鳳ノ鉢金ZX,
13447,煉鳳ノ面Ｚ,
13448,煉鳳ノ面ZF,
13449,煉鳳ノ面ZY,
13450,煉鳳ノ面ZX,
13451,アノルＺヘルム,Heaume Anorupatisu Z
13452,アノルZFヘルム,Heaume Anorupatisu F
13453,アノルZYヘルム,Heaume Anorupatisu ZY
13454,アノルZXヘルム,Heaume Anorupatisu ZX
13455,アノルＺキャップ,Casquette Anorupatisu Z
13456,アノルZFキャップ,Casquette Anorupatisu F
13457,アノルZYキャップ,Casquette Anorupatisu ZY
13458,アノルZXキャップ,Casquette Anorupatisu ZX
13459,歌紡ノ髪飾Ｚ,
13460,歌紡ノ髪飾ZF,
13461,歌紡ノ髪飾ZY,
13462,歌紡ノ髪飾ZX,
13463,歌紡ノ髪留Ｚ,
13464,歌紡ノ髪留ZF,
13465,歌紡ノ髪留ZY,
13466,歌紡ノ髪留ZX,
13467,リンクスＧヘルム,
13468,リンクスGFヘルム,
13469,リンクスGXヘルム,
13470,リンクスＧキャップ,
13471,リンクスGFキャップ,
13472,リンクスGXキャップ,
13473,ジンドルＧヘルム,Heaume Zindol G
13474,ジンドルGFヘルム,Heaume Zindol GF
13475,ジンドルGXヘルム,Heaume Zindol GX
13476,ジンドルＧキャップ,Casquette Zindol G
13477,ジンドルGFキャップ,Casquette Zindol GF
13478,ジンドルGXキャップ,Casquette Zindol GX
13479,ディランヘッド,Coiffe Dylan
13480,ディランＦヘッド,Coiffe Dylan F
13481,ディランFZヘッド,Coiffe Dylan FZ
13482,ディランHSヘッド,Coiffe Dylan HS
13483,ディランGSヘッド,Coiffe Dylan GS
13484,ディランGPヘッド,Coiffe Dylan GP
13485,ディランZPヘッド,Coiffe Dylan ZP
13486,ディランマスク,Masque Dylan
13487,ディランＦマスク,Masque Dylan F
13488,ディランFZマスク,Masque Dylan FZ
13489,ディランHSマスク,Masque Dylan HS
13490,ディランGSマスク,Masque Dylan GS
13491,ディランGPマスク,Masque Dylan GP
13492,ディランZPマスク,Masque Dylan ZP
13493,ディブルヘッド,
13494,ディブルＦヘッド,
13495,ディブルFZヘッド,
13496,ディブルHSヘッド,
13497,ディブルGSヘッド,
13498,ディブルGPヘッド,
13499,ディブルZPヘッド,
13500,ディブルマスク,
13501,ディブルＦマスク,
13502,ディブルFZマスク,
13503,ディブルHSマスク,
13504,ディブルGSマスク,
13505,ディブルGPマスク,
13506,ディブルZPマスク,
13507,フィンスヘッド,Coiffe Fins
13508,フィンスＦヘッド,Coiffe Fins F
13509,フィンスFZヘッド,Coiffe Fins FZ
13510,フィンスHSヘッド,Coiffe Fins HS
13511,フィンスGSヘッド,Coiffe Fins GS
13512,フィンスGPヘッド,Coiffe Fins GP
13513,フィンスZPヘッド,Coiffe Fins ZP
13514,フィンスマスク,Masque Fins
13515,フィンスＦマスク,Masque Fins F
13516,フィンスFZマスク,Masque Fins FZ
13517,フィンスHSマスク,Masque Fins HS
13518,フィンスGSマスク,Masque Fins GS
13519,フィンスGPマスク,Masque Fins GP
13520,フィンスZPマスク,Masque Fins ZP
13521,ディンスヘッド,Coiffe Dins
13522,ディンスＦヘッド,Coiffe Dins F
13523,ディンスFZヘッド,Coiffe Dins FZ
13524,ディンスHSヘッド,Coiffe Dins HS
13525,ディンスGSヘッド,Coiffe Dins GS
13526,ディンスGPヘッド,Coiffe Dins GP
13527,ディンスZPヘッド,Coiffe Dins ZP
13528,ディンスマスク,Masque Dins
13529,ディンスＦマスク,Masque Dins F
13530,ディンスFZマスク,Masque Dins FZ
13531,ディンスHSマスク,Masque Dins HS
13532,ディンスGSマスク,Masque Dins GS
13533,ディンスGPマスク,Masque Dins GP
13534,ディンスZPマスク,Masque Dins ZP
13535,潔燭ノ兜Ｚ,
13536,潔燭ノ兜ZF,
13537,潔燭ノ兜ZY,
13538,潔燭ノ兜ZX,
13539,潔燭ノ冠Ｚ,
13540,潔燭ノ冠ZF,
13541,潔燭ノ冠ZY,
13542,潔燭ノ冠ZX,
13543,華燭ノ兜Ｚ,
13544,華燭ノ兜ZF,
13545,華燭ノ兜ZY,
13546,華燭ノ兜ZX,
13547,華燭ノ冠Ｚ,
13548,華燭ノ冠ZF,
13549,華燭ノ冠ZY,
13550,華燭ノ冠ZX,
13551,カリスヘルム,Heaume Charis
13552,カリスＦヘルム,Heaume Charis F
13553,カリスFZヘルム,Heaume Charis FZ
13554,カリスHSヘルム,Heaume Charis HS
13555,カリスGSヘルム,Heaume Charis GS
13556,カリスGPヘルム,Heaume Charis GP
13557,カリスZPヘルム,Heaume Charis ZP
13558,カリスキャップ,Casquette Charis
13559,カリスＦキャップ,Casquette Charis F
13560,カリスFZキャップ,Casquette Charis FZ
13561,カリスHSキャップ,Casquette Charis HS
13562,カリスGSキャップ,Casquette Charis GS
13563,カリスGPキャップ,Casquette Charis GP
13564,カリスZPキャップ,Casquette Charis ZP
13565,ミリアムヘッド,Coiffe Miriam
13566,ミリアムＦヘッド,Coiffe Miriam F
13567,ミリアムFZヘッド,Coiffe Miriam FZ
13568,ミリアムHSヘッド,Coiffe Miriam HS
13569,ミリアムGSヘッド,Coiffe Miriam GS
13570,ミリアムGPヘッド,Coiffe Miriam GP
13571,ミリアムZPヘッド,Coiffe Miriam ZP
13572,ミリアムキャップ,Casquette Miriam
13573,ミリアムＦキャップ,Casquette Miriam F
13574,ミリアムFZキャップ,Casquette Miriam FZ
13575,ミリアムHSキャップ,Casquette Miriam HS
13576,ミリアムGSキャップ,Casquette Miriam GS
13577,ミリアムGPキャップ,Casquette Miriam GP
13578,ミリアムZPキャップ,Casquette Miriam ZP
13579,レニガンヘッド,Coiffe Lenigan
13580,レニガンＦヘッド,Coiffe Lenigan F
13581,レニガンFZヘッド,Coiffe Lenigan FZ
13582,レニガンHSヘッド,Coiffe Lenigan HS
13583,レニガンGSヘッド,Coiffe Lenigan GS
13584,レニガンGPヘッド,Coiffe Lenigan GP
13585,レニガンZPヘッド,Coiffe Lenigan ZP
13586,レニガンマスク,Masque Lenigan
13587,レニガンＦマスク,Masque Lenigan F
13588,レニガンFZマスク,Masque Lenigan FZ
13589,レニガンHSマスク,Masque Lenigan HS
13590,レニガンGSマスク,Masque Lenigan GS
13591,レニガンGPマスク,Masque Lenigan GP
13592,レニガンZPマスク,Masque Lenigan ZP
13593,ファビラヘッド,Coiffe Favila
13594,ファビラＦヘッド,Coiffe Favila F
13595,ファビラFZヘッド,Coiffe Favila FZ
13596,ファビラHSヘッド,Coiffe Favila HS
13597,ファビラGSヘッド,Coiffe Favila GS
13598,ファビラGPヘッド,Coiffe Favila GP
13599,ファビラZPヘッド,Coiffe Favila ZP
13600,ファビラマスク,Masque Favila
13601,ファビラＦマスク,Masque Favila F
13602,ファビラFZマスク,Masque Favila FZ
13603,ファビラHSマスク,Masque Favila HS
13604,ファビラGSマスク,Masque Favila GS
13605,ファビラGPマスク,Masque Favila GP
13606,ファビラZPマスク,Masque Favila ZP
13607,ゴルガノヘッドＺ,
13608,ゴルガノヘッドZF,
13609,ゴルガノヘッドZY,
13610,ゴルガノヘッドZX,
13611,アルガノヘッドＺ,
13612,アルガノヘッドZF,
13613,アルガノヘッドZY,
13614,アルガノヘッドZX,
13615,デストラGSヘルム,Heaume Desutora GS
13616,デストラGPヘルム,Heaume Desutora GP
13617,デストラZPヘルム,Heaume Desutora ZP
13618,ダミー,
13619,ダミー,
13620,ダミー,
13621,デストラGSフェイス,
13622,デストラGPフェイス,
13623,デストラZPフェイス,
13624,ダミー,
13625,ダミー,
13626,ダミー,
13627,ブレイブZXヘッド,
13628,ボガバドＺヘルム,Heaume Bogabado Z
13629,ボガバドZFヘルム,Heaume Bogabado F
13630,ボガバドZYヘルム,Heaume Bogabado ZY
13631,ボガバドZXヘルム,Heaume Bogabado ZX
13632,ボガバドＺキャップ,Casquette Bogabado Z
13633,ボガバドZFキャップ,Casquette Bogabado F
13634,ボガバドZYキャップ,Casquette Bogabado ZY
13635,ボガバドZXキャップ,Casquette Bogabado ZX
13636,アリシアヘッド,Coiffe Alicia
13637,アリシアＦヘッド,Coiffe Alicia F
13638,アリシアFZヘッド,Coiffe Alicia FZ
13639,アリシアHSヘッド,Coiffe Alicia HS
13640,アリシアGSヘッド,Coiffe Alicia GS
13641,アリシアGPヘッド,Coiffe Alicia GP
13642,アリシアZPヘッド,Coiffe Alicia ZP
13643,アリシアキャップ,Casquette Alicia
13644,アリシアＦキャップ,Casquette Alicia F
13645,アリシアFZキャップ,Casquette Alicia FZ
13646,アリシアHSキャップ,Casquette Alicia HS
13647,アリシアGSキャップ,Casquette Alicia GS
13648,アリシアGPキャップ,Casquette Alicia GP
13649,アリシアZPキャップ,Casquette Alicia ZP
13650,ボガバレッタ,
13651,ボガＦバレッタ,
13652,ボガＧバレッタ,
13653,ボガGFバレッタ,
13654,ボガGXバレッタ,
13655,ボガコサージュ,
13656,ボガＦコサージュ,
13657,ボガＧコサージュ,
13658,ボガGFコサージュ,
13659,ボガGXコサージュ,
13660,タンザナヘルム,Heaume Tanzanite
13661,タンザナＦヘルム,Heaume Tanzanite F
13662,タンザナFXヘルム,Heaume Tanzanite FX
13663,ヘマタイトヘルム,Heaume Hématite
13664,ヘマタイトＦヘルム,Heaume Hématite F
13665,ヘマタイトFXヘルム,Heaume Hématite FX
13666,白虎・磁星Ｇヘルム,
13667,白虎・磁星GFヘルム,
13668,白虎・磁星GXヘルム,
13669,朱雀・磁星Ｇヘルム,
13670,朱雀・磁星GFヘルム,
13671,朱雀・磁星GXヘルム,
13672,玄武・磁星Ｇヘルム,
13673,玄武・磁星GFヘルム,
13674,玄武・磁星GXヘルム,
13675,青龍・磁星Ｇヘルム,
13676,青龍・磁星GFヘルム,
13677,青龍・磁星GXヘルム,
13678,白蘭・磁星ヘルム,
13679,白蘭・磁星Ｆヘルム,
13680,白蘭・磁星FXヘルム,
13681,紅霞・磁星ヘルム,
13682,紅霞・磁星Ｆヘルム,
13683,紅霞・磁星FXヘルム,
13684,白蘭・磁星Ｇヘルム,
13685,白蘭・磁星GFヘルム,
13686,白蘭・磁星GXヘルム,
13687,紅霞・磁星Ｇヘルム,
13688,紅霞・磁星GFヘルム,
13689,紅霞・磁星GXヘルム,
13690,月夜・磁星Ｇヘルム,
13691,月夜・磁星GFヘルム,
13692,月夜・磁星GXヘルム,
13693,蒼穹・磁星Ｇヘルム,
13694,蒼穹・磁星GFヘルム,
13695,蒼穹・磁星GXヘルム,
13696,雅葉ノ装【髪飾】朱,
13697,雅葉ノ装Ｆ【髪飾】朱,
13698,雅葉ノ装FZ【髪飾】朱,
13699,雅葉ノ装HS【髪飾】朱,
13700,雅葉ノ装GS【髪飾】朱,
13701,雅葉ノ装GP【髪飾】朱,
13702,雅葉ノ装ZP【髪飾】朱,
13703,雅葉ノ装【髪留】朱,
13704,雅葉ノ装Ｆ【髪留】朱,
13705,雅葉ノ装FZ【髪留】朱,
13706,雅葉ノ装HS【髪留】朱,
13707,雅葉ノ装GS【髪留】朱,
13708,雅葉ノ装GP【髪留】朱,
13709,雅葉ノ装ZP【髪留】朱,
13710,雅葉ノ装【髪飾】銀,
13711,雅葉ノ装Ｆ【髪飾】銀,
13712,雅葉ノ装FZ【髪飾】銀,
13713,雅葉ノ装HS【髪飾】銀,
13714,雅葉ノ装GS【髪飾】銀,
13715,雅葉ノ装GP【髪飾】銀,
13716,雅葉ノ装ZP【髪飾】銀,
13717,雅葉ノ装【髪留】銀,
13718,雅葉ノ装Ｆ【髪留】銀,
13719,雅葉ノ装FZ【髪留】銀,
13720,雅葉ノ装HS【髪留】銀,
13721,雅葉ノ装GS【髪留】銀,
13722,雅葉ノ装GP【髪留】銀,
13723,雅葉ノ装ZP【髪留】銀,
13724,雅葉ノ装【髪飾】碧,
13725,雅葉ノ装Ｆ【髪飾】碧,
13726,雅葉ノ装FZ【髪飾】碧,
13727,雅葉ノ装HS【髪飾】碧,
13728,雅葉ノ装GS【髪飾】碧,
13729,雅葉ノ装GP【髪飾】碧,
13730,雅葉ノ装ZP【髪飾】碧,
13731,雅葉ノ装【髪留】碧,
13732,雅葉ノ装Ｆ【髪留】碧,
13733,雅葉ノ装FZ【髪留】碧,
13734,雅葉ノ装HS【髪留】碧,
13735,雅葉ノ装GS【髪留】碧,
13736,雅葉ノ装GP【髪留】碧,
13737,雅葉ノ装ZP【髪留】碧,
13738,雅葉ノ装【髪飾】橙,
13739,雅葉ノ装Ｆ【髪飾】橙,
13740,雅葉ノ装FZ【髪飾】橙,
13741,雅葉ノ装HS【髪飾】橙,
13742,雅葉ノ装GS【髪飾】橙,
13743,雅葉ノ装GP【髪飾】橙,
13744,雅葉ノ装ZP【髪飾】橙,
13745,雅葉ノ装【髪留】橙,
13746,雅葉ノ装Ｆ【髪留】橙,
13747,雅葉ノ装FZ【髪留】橙,
13748,雅葉ノ装HS【髪留】橙,
13749,雅葉ノ装GS【髪留】橙,
13750,雅葉ノ装GP【髪留】橙,
13751,雅葉ノ装ZP【髪留】橙,
13752,グラハムヘルム,
13753,ファビラＤヘッド,Coiffe Favila D
13754,アリシアＤヘッド,Coiffe Alicia D
13755,雅葉ノ装Ｃ【髪飾】,
13756,アウラＣヘッド,
13757,アスモＣヘッド,Coiffe Asumo C
13758,ロッカＣヘルム,Heaume Rokka C
13759,ルーチェＣヘルム,Heaume Ruche C
13760,シュイＣヘルム,Heaume Shui C
13761,白蘭・磁星Ｄヘルム,
13762,紅霞・磁星Ｄヘルム,
13763,雅葉ノ装Ｄ【髪飾】朱,
13764,雅葉ノ装Ｄ【髪飾】銀,
13765,雅葉ノ装Ｄ【髪飾】碧,
13766,雅葉ノ装Ｄ【髪飾】橙,
13767,玄武・剣聖Ｄヘルム,
13768,玄武・双龍Ｄヘルム,
13769,玄武・剣王Ｄヘルム,
13770,玄武・刀神Ｄヘルム,
13771,玄武・天槍Ｄヘルム,
13772,玄武・砲皇Ｄヘルム,
13773,玄武・鈍器獣Ｄヘルム,
13774,玄武・奏帝Ｄヘルム,
13775,玄武・穿凰Ｄヘルム,
13776,玄武・斬将Ｄヘルム,
13777,玄武・銃傑Ｄマスク,
13778,玄武・銃仙Ｄマスク,
13779,玄武・弓鬼Ｄマスク,
13780,タンザナＤヘルム,Heaume Tanzanite D
13781,ヘマタイトＤヘルム,Heaume Hématite D
13782,白虎・磁星Ｄヘルム,
13783,朱雀・磁星Ｄヘルム,
13784,玄武・磁星Ｄヘルム,
13785,レックスヘルムPD黒,
13786,レックスヘルムPD白,
13787,レックスヘルムPD紫,
13788,モノブロスヘルムPD黄,
13789,モノブロスヘルムPD緑,
13790,モノブロスヘルムPD白,
13791,フルフルキャップPD黒,
13792,フルフルキャップPD緑,
13793,フルフルキャップPD青,
13794,ガノスヘルムPD黒,
13795,ガノスヘルムPD黄,
13796,ガノスヘルムPD紫,
13797,ガノスキャップPD黒,
13798,ガノスキャップPD黄,
13799,ガノスキャップPD紫,
13800,ゲリョスキャップPD赤,
13801,ゲリョスキャップPD黄,
13802,ゲリョスキャップPD緑,
13803,神楽【兜】PD赤,
13804,神楽【兜】PD黒,
13805,神楽【兜】PD紫,
13806,神座【鉢金】PD赤,
13807,神座【鉢金】PD黒,
13808,神座【鉢金】PD紫,
13809,モスフェイクPD白,
13810,モスフェイクPD黄,
13811,モスフェイクPD青,
13812,忍の面・陰PD黄,
13813,忍の面・陰PD赤,
13814,忍の面・陰PD青,
13815,デュラＤフェスタ,
13816,フルフルＤフェスタ,
13817,アノルＤフェスタ,
13818,ヴァシムＤフェスタ,
13819,パリアＤフェスタ,
13820,ヒプノックＤフェスタ,
13821,山菜爺Ｄフェスタ,
13822,ボックス青Ｄフェスタ,
13823,ボックス赤Ｄフェスタ,
13824,ダスクＤヘッド・赤,Coiffe Crépuscule D rouge
13825,ダスクＤヘッド・白,Coiffe Crépuscule D blanche
13826,ダスクＤヘッド・桃,Coiffe Crépuscule D rose
13827,ダスクＤヘッド・青,Coiffe Crépuscule D bleue
13828,マリンＤヘッド・青,Coiffe Marin D bleue
13829,マリンＤヘッド・桃,Coiffe Marin D rose
13830,マリンＤヘッド・白,Coiffe Marin D blanche
13831,マリンＤヘッド・黒,Coiffe Marin D noire
13832,ルフレＤヘッド・青,Coiffe Rufre D bleue
13833,ルフレＤヘッド・白,Coiffe Rufre D blanche
13834,ルフレＤヘッド・赤,Coiffe Rufre D rouge
13835,ルフレＤヘッド・黒,Coiffe Rufre D noire
13836,天日ノ兜Ｄ・赤,
13837,天日ノ兜Ｄ・青,
13838,天日ノ兜Ｄ・黒,
13839,天日ノ兜Ｄ・白,
13840,天日ノ冠Ｄ・赤,
13841,天日ノ冠Ｄ・青,
13842,天日ノ冠Ｄ・黒,
13843,天日ノ冠Ｄ・白,
13844,ナーガＤヘッド・青,Coiffe Naga D bleue
13845,ナーガＤヘッド・赤,Coiffe Naga D rouge
13846,ナーガＤヘッド・白,Coiffe Naga D blanche
13847,ナーガＤヘッド・黒,Coiffe Naga D noire
13848,シェリフＤヘッド・茶,Coiffe Shérif D brune
13849,シェリフＤヘッド・黒,Coiffe Shérif D noire
13850,シェリフＤヘッド・青,Coiffe Shérif D bleue
13851,シェリフＤヘッド・白,Coiffe Shérif D blanche
13852,セレナＤヘッド・紫,Coiffe Serena D violette
13853,セレナＤヘッド・青,Coiffe Serena D bleue
13854,セレナＤヘッド・白,Coiffe Serena D blanche
13855,セレナＤヘッド・赤,Coiffe Serena D rouge
13856,ゲルトＤヘルム・黒,Heaume Gert D noir
13857,ゲルトＤヘルム・銅,
13858,ゲルトＤヘルム・銀,Heaume Gert D argenté
13859,ゲルトＤヘルム・金,Heaume Gert D doré
13860,グロリアＤヘルム・金,Heaume Gloria D doré
13861,グロリアＤヘルム・青,Heaume Gloria D bleu
13862,グロリアＤヘルム・水,
13863,グロリアＤヘルム・赤,Heaume Gloria D rouge
13864,クロースＤヘッド・赤,Coiffe Étoffe D rouge
13865,クロースＤヘッド・青,Coiffe Étoffe D bleue
13866,クロースＤヘッド・紫,Coiffe Étoffe D violette
13867,クロースＤヘッド・緑,Coiffe Étoffe D verte
13868,レイストＤヘッド・黒,Coiffe Reist D noire
13869,レイストＤヘッド・青,Coiffe Reist D bleue
13870,レイストＤヘッド・紅,Coiffe Reist D cramoisie
13871,レイストＤヘッド・白,Coiffe Reist D blanche
13872,シエナＤヘルム・銀,Heaume Sienne D argenté
13873,シエナＤヘルム・黒,Heaume Sienne D noir
13874,シエナＤヘルム・赤,Heaume Sienne D rouge
13875,シエナＤヘルム・青,Heaume Sienne D bleu
13876,カウチュＤピアス・灰,
13877,カウチュＤピアス・青,Piercing Kauchu D bleu
13878,カウチュＤピアス・橙,Piercing Kauchu D orange
13879,カウチュＤピアス・緑,Piercing Kauchu D vert
13880,トラスＤモンテラ青,
13881,トラスＤモンテラ赤,
13882,トラスＤモンテラ白,
13883,トラスＤモンテラ紫,
13884,マイストＤヘッド・紅,Coiffe Maist D cramoisie
13885,マイストＤヘッド・緑,Coiffe Maist D verte
13886,マイストＤヘッド・蒼,Coiffe Maist D azur
13887,マイストＤヘッド・桜,
13888,蘭陀の帽・Ｄ黄,
13889,蘭陀の帽・Ｄ赤,
13890,蘭陀の帽・Ｄ紫,
13891,蘭陀の帽・Ｄ金,
13892,バーニーＤバンド・黒,Bandeau Barney D noir
13893,バーニーＤバンド・白,Bandeau Barney D blanc
13894,バーニーＤバンド・赤,Bandeau Barney D rouge
13895,バーニーＤバンド・紫,Bandeau Barney D violet
13896,リゲリアＤヘルム・白,Heaume Ligeria D blanc
13897,リゲリアＤヘルム・赤,Heaume Ligeria D rouge
13898,リゲリアＤヘルム・緑,Heaume Ligeria D vert
13899,リゲリアＤヘルム・青,Heaume Ligeria D bleu
13900,アリストＤヘッド・青,Coiffe Aristo D bleue
13901,アリストＤヘッド・白,Coiffe Aristo D blanche
13902,アリストＤヘッド・紫,Coiffe Aristo D violette
13903,アリストＤヘッド・赤,Coiffe Aristo D rouge
13904,メレティＤヘッド・白,Coiffe Meleti D blanche
13905,メレティＤヘッド・赤,Coiffe Meleti D rouge
13906,メレティＤヘッド・青,Coiffe Meleti D bleue
13907,メレティＤヘッド・黒,Coiffe Meleti D noire
13908,フェルムＤヘッド・黒,Coiffe Ferm D noire
13909,フェルムＤヘッド・赤,Coiffe Ferm D rouge
13910,フェルムＤヘッド・白,Coiffe Ferm D blanche
13911,フェルムＤヘッド・青,Coiffe Ferm D bleue
13912,レアルＤヘッド・白,Coiffe Real D blanche
13913,レアルＤヘッド・金,Coiffe Real D dorée
13914,レアルＤヘッド・青,Coiffe Real D bleue
13915,レアルＤヘッド・赤,Coiffe Real D rouge
13916,アルマＤヘッド・黒,Coiffe Alma D noire
13917,アルマＤピアス・黒,Piercing Alma D noir
13918,アルマＤヘッド・白,Coiffe Alma D blanche
13919,アルマＤピアス・白,Piercing Alma D blanc
13920,アルマＤヘッド・青,Coiffe Alma D bleue
13921,アルマＤピアス・青,Piercing Alma D bleu
13922,アルマＤヘッド・茶,Coiffe Alma D brune
13923,アルマＤピアス・茶,Piercing Alma D brun
13924,オナブルＤヘルム・赤,Heaume Onable D rouge
13925,オナブルＤヘルム・青,Heaume Onable D bleu
13926,オナブルＤヘルム・緑,Heaume Onable D vert
13927,オナブルＤヘルム・紺,
13928,ピクスＤヘッド・緑,Coiffe Pyx D verte
13929,ピクスＤヘッド・紫,Coiffe Pyx D violette
13930,ピクスＤヘッド・黒,Coiffe Pyx D noire
13931,ピクスＤヘッド・水,
13932,マゴスＤヘッド・黄,Coiffe Magos D jaune
13933,マゴスＤヘッド・赤,Coiffe Magos D rouge
13934,マゴスＤヘッド・水,
13935,マゴスＤヘッド・青,Coiffe Magos D bleue
13936,アージェＤヘッド,Coiffe Arge D
13937,カマレラＤヘッド,Coiffe Camarera D
13938,メテネラＤヘッド,Coiffe Metenera D
13939,アビットＤヘッド,Coiffe Abitto D
13940,リブリーＤヘッド,Coiffe Riburi D
13941,ゾデックＤヘルム・青,Heaume Zodec D bleu
13942,ゾデックＤヘルム・茶,Heaume Zodec D brun
13943,ゾデックＤヘルム・緑,Heaume Zodec D vert
13944,ゾデックＤヘルム・桜,
13945,カエシスＤヘルム水,
13946,カエシスＤヘルム赤,Heaume Cayssis D rouge
13947,カエシスＤヘルム青,Heaume Cayssis D bleu
13948,カエシスＤヘルム橙,Heaume Cayssis D orange
13949,オメットＤヘルム・黒,Heaume Omet D noir
13950,オメットＤヘルム・赤,Heaume Omet D rouge
13951,オメットＤヘルム・白,Heaume Omet D blanc
13952,オメットＤヘルム・青,Heaume Omet D bleu
13953,エディオＤヘルム・青,Heaume Edio D bleu
13954,エディオＤヘルム・赤,Heaume Edio D rouge
13955,エディオＤヘルム・黄,Heaume Edio D jaune
13956,エディオＤヘルム・黒,Heaume Edio D noir
13957,ステノＤヘルム・橙,Heaume Stheno D orange
13958,ステノＤヘルム・桃,Heaume Stheno D rose
13959,ステノＤヘルム・青,Heaume Stheno D bleu
13960,ステノＤヘルム・赤,Heaume Stheno D rouge
13961,スリートＤヘッド・黄,Coiffe Grésil D jaune
13962,スリートＤヘッド・銀,Coiffe Grésil D argentée
13963,スリートＤヘッド・赤,Coiffe Grésil D rouge
13964,スリートＤヘッド・青,Coiffe Grésil D bleue
13965,ガリトスＤヘッド・茶,Coiffe Garitos D brune
13966,ガリトスＤヘッド・赤,Coiffe Garitos D rouge
13967,ガリトスＤヘッド・黒,Coiffe Garitos D noire
13968,ガリトスＤヘッド・水,
13969,テクストＤヘッド・紫,Coiffe Texte D violette
13970,テクストＤヘッド・緑,Coiffe Texte D verte
13971,テクストＤヘッド・青,Coiffe Texte D bleue
13972,テクストＤヘッド・黒,Coiffe Texte D noire
13973,ファランＤヘルム・白,Heaume Faran D blanc
13974,ファランＤヘルム・黒,Heaume Faran D noir
13975,ファランＤヘルム・赤,Heaume Faran D rouge
13976,ファランＤヘルム・青,Heaume Faran D bleu
13977,ゴルトＤヘルム・赤,Heaume Gold D rouge
13978,ゴルトＤヘルム・青,Heaume Gold D bleu
13979,ゴルトＤヘルム・黄,Heaume Gold D jaune
13980,ゴルトＤヘルム・紫,Heaume Gold D violet
13981,クレールＤヘッド・紫,Coiffe Clair D violette
13982,クレールＤヘッド・水,
13983,クレールＤヘッド・赤,Coiffe Clair D rouge
13984,クレールＤヘッド・黒,Coiffe Clair D noire
13985,きんねこ服Ｄマスク,
13986,ぎんねこ服Ｄマスク,
13987,イクスＤピアス・白,Piercing Ix D blanc
13988,イクスＤピアス・赤,Piercing Ix D rouge
13989,イクスＤピアス・青,Piercing Ix D bleu
13990,イクスＤピアス・黒,Piercing Ix D noir
13991,星祭Ｄ面【赤】,
13992,星祭Ｄ面【青】,
13993,星祭Ｄ面【黒】,
13994,星祭Ｄ面【白】,
13995,プロミスＤヘッド・白,Coiffe Promesse D blanche
13996,プロミスＤヘッド・青,Coiffe Promesse D bleue
13997,プロミスＤヘッド・紫,Coiffe Promesse D violette
13998,プロミスＤヘッド・黄,Coiffe Promesse D jaune
13999,ホワイトＭピアスＤ,
14000,飛天ノ鉢金Ｄ・白,
14001,飛天ノ鉢金Ｄ・赤,
14002,飛天ノ鉢金Ｄ・茶,
14003,飛天ノ鉢金Ｄ・青,
14004,バンデＤヘッド・青,Coiffe Bande D bleue
14005,バンデＤヘッド・赤,Coiffe Bande D rouge
14006,バンデＤヘッド・緑,Coiffe Bande D verte
14007,バンデＤヘッド・黒,Coiffe Bande D noire
14008,レグヌムＤヘッド・白,Coiffe Regnum D blanche
14009,レグヌムＤヘッド・青,Coiffe Regnum D bleue
14010,レグヌムＤヘッド・赤,Coiffe Regnum D rouge
14011,レグヌムＤヘッド・茶,Coiffe Regnum D brune
14012,ガニアＤヘッド・赤,Coiffe Gania D rouge
14013,ガニアＤヘッド・青,Coiffe Gania D bleue
14014,ガニアＤヘッド・茶,Coiffe Gania D brune
14015,ガニアＤヘッド・紫,Coiffe Gania D violette
14016,アミスタＤヘルム・黒,Heaume Amista D noir
14017,アミスタＤヘルム・白,Heaume Amista D blanc
14018,アミスタＤヘルム・青,Heaume Amista D bleu
14019,アミスタＤヘルム・紅,Heaume Amista D cramoisi
14020,ペリフＤヘルム・青,Heaume Perif D bleu
14021,ペリフＤヘルム・茶,Heaume Perif D brun
14022,ペリフＤヘルム・緑,Heaume Perif D vert
14023,ペリフＤヘルム・紫,Heaume Perif D violet
14024,フルフル亜Ｄフェスタ,
14025,ヒプ繁Ｄフェスタ,
14026,ヒプ希Ｄフェスタ,
14027,ヴァクスＤヘッド,Coiffe Vakusu D
14028,リズヴェＤヘルム,Heaume Rizuvue D
14029,コンセルＤヘルム,Heaume Konseru D
14030,歌詠ノ髪飾Ｄ,
14031,歌紡ノ髪飾Ｄ,
14032,シカリの髪当てＤ,
14033,ストレガＤヘルム,Heaume Strega D
14034,エクエスＤヘルム,Heaume Eques D
14035,ウィダＤヘッド,Coiffe Uida D
14036,クラージＤヘルム,Heaume Kuraaji D
14037,アネシスＤヘルム,Heaume Aneshisu D
14038,ザーカーＤヘッド,Coiffe Zaakaa D
14039,ヴィネンＤヘッド,Coiffe Vinen D
14040,ルデオスＤヘルム,Heaume Rudeos D
14041,ブレオＤヘッド,Coiffe Breo D
14042,ルージュＤピアス,
14043,オネロＤヘルム,Heaume Onero D
14044,ディーナＤヘッド,Coiffe Diina D
14045,オーロワＤヘルム,Heaume Oorowa D
14046,ヒガクレＤヘルム,Heaume Higakure D
14047,ペルセＤヘルム,Heaume Perce D
14048,オリクトＤヘルム,Heaume Orykto D
14049,オリクトＤキャップ,Casquette Orykto D
14050,ヨルティＤヘルム,Heaume Yoruti D
14051,ニスルＤヘルム,Heaume Nisuru D
14052,マアデンＤヘルム,Heaume Maaden D
14053,マアデンＤキャップ,Casquette Maaden D
14054,チェニーＤヘルム,Heaume Cheni D
14055,エギエネＤヘッド,Coiffe Eguiene D
14056,トルボダＤヘッド,Coiffe Toruboda D
14057,カバリバＤヘルム,Heaume Kabariba D
14058,ノルックＤヘッド,Coiffe Norukku D
14059,ヴァリエＤヘッド,Coiffe Valier D
14060,アルミュＤヘッド,Coiffe Arumyu D
14061,チャトレＤヘルム,Heaume Chatore D
14062,パシオＤヘルム,Heaume Pashio D
14063,カリヴァＤヘルム,Heaume Cariva D
14064,デストラGSヘルム,Heaume Desutora GS
14065,デストラGPヘルム,Heaume Desutora GP
14066,デストラZPヘルム,Heaume Desutora ZP
14067,デストラGSフェイス,
14068,デストラGPフェイス,
14069,デストラZPフェイス,
14070,デストラＤヘルム,Heaume Desutora D
14071,ボガバドZDヘルム,Heaume Bogabado D
14072,ボガバドZDキャップ,Casquette Bogabado D
14073,煉燭ノ鉢金Ｚ,
14074,煉燭ノ鉢金ZF,
14075,煉燭ノ鉢金ZY,
14076,煉燭ノ鉢金ZX,
14077,煉燭ノ面Ｚ,
14078,煉燭ノ面ZF,
14079,煉燭ノ面ZY,
14080,煉燭ノ面ZX,
14081,バルラＺヘルム,Heaume Baruragaru Z
14082,バルラZFヘルム,Heaume Baruragaru F
14083,バルラZYヘルム,Heaume Baruragaru ZY
14084,バルラZXヘルム,Heaume Baruragaru ZX
14085,バルラＺキャップ,Casquette Baruragaru Z
14086,バルラZFキャップ,Casquette Baruragaru F
14087,バルラZYキャップ,Casquette Baruragaru ZY
14088,バルラZXキャップ,Casquette Baruragaru ZX
14089,グラビＺヘルム,Heaume Gravios Z
14090,グラビZFヘルム,Heaume Gravios F
14091,グラビZYヘルム,Heaume Gravios ZY
14092,グラビZXヘルム,Heaume Gravios ZX
14093,グラビＺキャップ,Casquette Gravios Z
14094,グラビZFキャップ,Casquette Gravios F
14095,グラビZYキャップ,Casquette Gravios ZY
14096,グラビZXキャップ,Casquette Gravios ZX
14097,ラビウスヘッド,Coiffe Rabius
14098,ラビウスＦヘッド,Coiffe Rabius F
14099,ラビウスFZヘッド,Coiffe Rabius FZ
14100,ラビウスHSヘッド,Coiffe Rabius HS
14101,ラビウスGSヘッド,Coiffe Rabius GS
14102,ラビウスGPヘッド,Coiffe Rabius GP
14103,ラビウスZPヘッド,Coiffe Rabius ZP
14104,ラビウスキャップ,Casquette Rabius
14105,ラビウスＦキャップ,Casquette Rabius F
14106,ラビウスFZキャップ,Casquette Rabius FZ
14107,ラビウスHSキャップ,Casquette Rabius HS
14108,ラビウスGSキャップ,Casquette Rabius GS
14109,ラビウスGPキャップ,Casquette Rabius GP
14110,ラビウスZPキャップ,Casquette Rabius ZP
14111,ロクラスヘッド,Coiffe Rocras
14112,ロクラスＦヘッド,Coiffe Rocras F
14113,ロクラスFZヘッド,Coiffe Rocras FZ
14114,ロクラスHSヘッド,Coiffe Rocras HS
14115,ロクラスGSヘッド,Coiffe Rocras GS
14116,ロクラスGPヘッド,Coiffe Rocras GP
14117,ロクラスZPヘッド,Coiffe Rocras ZP
14118,ロクラスキャップ,Casquette Rocras
14119,ロクラスＦキャップ,Casquette Rocras F
14120,ロクラスFZキャップ,Casquette Rocras FZ
14121,ロクラスHSキャップ,Casquette Rocras HS
14122,ロクラスGSキャップ,Casquette Rocras GS
14123,ロクラスGPキャップ,Casquette Rocras GP
14124,ロクラスZPキャップ,Casquette Rocras ZP
14125,アリシスヘッド,Coiffe Alisys
14126,アリシスＦヘッド,Coiffe Alisys F
14127,アリシスFZヘッド,Coiffe Alisys FZ
14128,アリシスHSヘッド,Coiffe Alisys HS
14129,アリシスGSヘッド,Coiffe Alisys GS
14130,アリシスGPヘッド,Coiffe Alisys GP
14131,アリシスZPヘッド,Coiffe Alisys ZP
14132,アリシスキャップ,Casquette Alisys
14133,アリシスＦキャップ,Casquette Alisys F
14134,アリシスFZキャップ,Casquette Alisys FZ
14135,アリシスHSキャップ,Casquette Alisys HS
14136,アリシスGSキャップ,Casquette Alisys GS
14137,アリシスGPキャップ,Casquette Alisys GP
14138,アリシスZPキャップ,Casquette Alisys ZP
14139,ロゥリィヘッド,Coiffe Loli
14140,ロゥリィＦヘッド,Coiffe Loli F
14141,ロゥリィFZヘッド,Coiffe Loli FZ
14142,ロゥリィHSヘッド,Coiffe Loli HS
14143,ロゥリィGSヘッド,Coiffe Loli GS
14144,ロゥリィGPヘッド,Coiffe Loli GP
14145,ロゥリィZPヘッド,Coiffe Loli ZP
14146,ロゥリィキャップ,Casquette Loli
14147,ロゥリィＦキャップ,Casquette Loli F
14148,ロゥリィFZキャップ,Casquette Loli FZ
14149,ロゥリィHSキャップ,Casquette Loli HS
14150,ロゥリィGSキャップ,Casquette Loli GS
14151,ロゥリィGPキャップ,Casquette Loli GP
14152,ロゥリィZPキャップ,Casquette Loli ZP
14153,レコリスヘッド,Coiffe Recolis
14154,レコリスＦヘッド,Coiffe Recolis F
14155,レコリスFZヘッド,Coiffe Recolis FZ
14156,レコリスHSヘッド,Coiffe Recolis HS
14157,レコリスGSヘッド,Coiffe Recolis GS
14158,レコリスGPヘッド,Coiffe Recolis GP
14159,レコリスZPヘッド,Coiffe Recolis ZP
14160,レコリスキャップ,Casquette Recolis
14161,レコリスＦキャップ,Casquette Recolis F
14162,レコリスFZキャップ,Casquette Recolis FZ
14163,レコリスHSキャップ,Casquette Recolis HS
14164,レコリスGSキャップ,Casquette Recolis GS
14165,レコリスGPキャップ,Casquette Recolis GP
14166,レコリスZPキャップ,Casquette Recolis ZP
14167,ビーターＧヘルム,Heaume Bita G
14168,ビーターGFヘルム,Heaume Bita GF
14169,ビーターGXヘルム,Heaume Bita GX
14170,ビーターＧキャップ,Casquette Bita G
14171,ビーターGFキャップ,Casquette Bita GF
14172,ビーターGXキャップ,Casquette Bita GX
14173,コレプトＧヘルム,Heaume Koreputo G
14174,コレプトGFヘルム,Heaume Koreputo GF
14175,コレプトGXヘルム,Heaume Koreputo GX
14176,コレプトＧキャップ,Casquette Koreputo G
14177,コレプトGFキャップ,Casquette Koreputo GF
14178,コレプトGXキャップ,Casquette Koreputo GX
14179,ラファンＧヘルム,Heaume Rapin G
14180,ラファンGFヘルム,Heaume Rapin GF
14181,ラファンGXヘルム,Heaume Rapin GX
14182,ラファンＧキャップ,Casquette Rapin G
14183,ラファンGFキャップ,Casquette Rapin GF
14184,ラファンGXキャップ,Casquette Rapin GX
14185,キリークヘッド,Coiffe Kireek
14186,キリークＦヘッド,Coiffe Kireek F
14187,キリークFZヘッド,Coiffe Kireek FZ
14188,キリークHSヘッド,Coiffe Kireek HS
14189,キリークGSヘッド,Coiffe Kireek GS
14190,キリークGPヘッド,Coiffe Kireek GP
14191,キリークZPヘッド,Coiffe Kireek ZP
14192,キリークマスク,Masque Kireek
14193,キリークＦマスク,Masque Kireek F
14194,キリークFZマスク,Masque Kireek FZ
14195,キリークHSマスク,Masque Kireek HS
14196,キリークGSマスク,Masque Kireek GS
14197,キリークGPマスク,Masque Kireek GP
14198,キリークZPマスク,Masque Kireek ZP
14199,クーナヘッド,Coiffe Quna
14200,クーナＦヘッド,Coiffe Quna F
14201,クーナFZヘッド,Coiffe Quna FZ
14202,クーナHSヘッド,Coiffe Quna HS
14203,クーナGSヘッド,Coiffe Quna GS
14204,クーナGPヘッド,Coiffe Quna GP
14205,クーナZPヘッド,Coiffe Quna ZP
14206,クーナマスク,Masque Quna
14207,クーナＦマスク,Masque Quna F
14208,クーナFZマスク,Masque Quna FZ
14209,クーナHSマスク,Masque Quna HS
14210,クーナGSマスク,Masque Quna GS
14211,クーナGPマスク,Masque Quna GP
14212,クーナZPマスク,Masque Quna ZP
14213,ディスタヘッド,Coiffe Dista
14214,ディスタＦヘッド,Coiffe Dista F
14215,ディスタFZヘッド,Coiffe Dista FZ
14216,ディスタHSヘッド,Coiffe Dista HS
14217,ディスタGSヘッド,Coiffe Dista GS
14218,ディスタGPヘッド,Coiffe Dista GP
14219,ディスタZPヘッド,Coiffe Dista ZP
14220,ディスタマスク,Masque Dista
14221,ディスタＦマスク,Masque Dista F
14222,ディスタFZマスク,Masque Dista FZ
14223,ディスタHSマスク,Masque Dista HS
14224,ディスタGSマスク,Masque Dista GS
14225,ディスタGPマスク,Masque Dista GP
14226,ディスタZPマスク,Masque Dista ZP
14227,イオニアヘッド,Coiffe Ionia
14228,イオニアＦヘッド,Coiffe Ionia F
14229,イオニアFZヘッド,Coiffe Ionia FZ
14230,イオニアHSヘッド,Coiffe Ionia HS
14231,イオニアGSヘッド,Coiffe Ionia GS
14232,イオニアGPヘッド,Coiffe Ionia GP
14233,イオニアZPヘッド,Coiffe Ionia ZP
14234,イオニアキャップ,Casquette Ionia
14235,イオニアＦキャップ,Casquette Ionia F
14236,イオニアFZキャップ,Casquette Ionia FZ
14237,イオニアHSキャップ,Casquette Ionia HS
14238,イオニアGSキャップ,Casquette Ionia GS
14239,イオニアGPキャップ,Casquette Ionia GP
14240,イオニアZPキャップ,Casquette Ionia ZP
14241,グリディＺヘルム,Heaume Guridi Z
14242,グリディZFヘルム,Heaume Guridi F
14243,グリディZYヘルム,Heaume Guridi ZY
14244,グリディZXヘルム,Heaume Guridi ZX
14245,グリディＺキャップ,Casquette Guridi Z
14246,グリディZFキャップ,Casquette Guridi F
14247,グリディZYキャップ,Casquette Guridi ZY
14248,グリディZXキャップ,Casquette Guridi ZX
14249,シフニィＺバンド,Bandeau Shifunyi Z
14250,シフニィZFバンド,Bandeau Shifunyi F
14251,シフニィZYバンド,Bandeau Shifunyi ZY
14252,シフニィZXバンド,Bandeau Shifunyi ZX
14253,シフニィＺヘッド,Coiffe Shifunyi Z
14254,シフニィZFヘッド,Coiffe Shifunyi F
14255,シフニィZYヘッド,Coiffe Shifunyi ZY
14256,シフニィZXヘッド,Coiffe Shifunyi ZX
14257,ロックマンキャップ,Casquette Rockman
14258,煉燭ノ鉢金Ｄ,
14259,グラビZDヘルム,Heaume Gravios D
14260,グラビZDキャップ,Casquette Gravios D
14261,バルラZDヘルム,Heaume Baruragaru D
14262,バルラZDキャップ,Casquette Baruragaru D
14263,ラビウスＤヘッド,Coiffe Rabius D
14264,ロクラスＤヘッド,Coiffe Rocras D
14265,アリシスＤヘッド,Coiffe Alisys D
14266,ロゥリィＤヘッド,Coiffe Loli D
14267,レコリスＤヘッド,Coiffe Recolis D
14268,ラファンＤヘルム,Heaume Rapin D
14269,ラファンＣヘルム,Heaume Rapin C
14270,キリークＤヘッド,Coiffe Kireek D
14271,クーナＤヘッド,Coiffe Quna D
14272,ディスタＤヘッド,Coiffe Dista D
14273,イオニアＤヘッド,Coiffe Ionia D
14274,グリディＤヘルム,Heaume Guridi D
14275,シフニィＤバンド,Bandeau Shifunyi D
14276,ラッピーＤヘッド,Coiffe Rappy D
14277,ビーターＤヘルム,Heaume Bita D
14278,コレプトＤヘルム,Heaume Koreputo D
14279,セクティＤヘルム・黒,Heaume Secti D noir
14280,セクティＤヘルム・青,Heaume Secti D bleu
14281,セクティＤヘルム・赤,Heaume Secti D rouge
14282,セクティＤヘルム・白,Heaume Secti D blanc
14283,ロックマンＤキャップ,Casquette Rockman D
14284,一閃Ｄ【鉢金】・赤,
14285,蜂針Ｄ【鉢金】・橙,
14286,シャンルＺヘルム,Heaume Shanru Z
14287,シャンルZFヘルム,Heaume Shanru F
14288,シャンルZYヘルム,Heaume Shanru ZY
14289,シャンルZXヘルム,Heaume Shanru ZX
14290,シャンルＺキャップ,Casquette Shanru Z
14291,シャンルZFキャップ,Casquette Shanru F
14292,シャンルZYキャップ,Casquette Shanru ZY
14293,シャンルZXキャップ,Casquette Shanru ZX
14294,ファンルＺヘルム,Heaume Fanru Z
14295,ファンルZFヘルム,Heaume Fanru F
14296,ファンルZYヘルム,Heaume Fanru ZY
14297,ファンルZXヘルム,Heaume Fanru ZX
14298,ファンルＺキャップ,Casquette Fanru Z
14299,ファンルZFキャップ,Casquette Fanru F
14300,ファンルZYキャップ,Casquette Fanru ZY
14301,ファンルZXキャップ,Casquette Fanru ZX
14302,煉獄ノ鉢金Ｚ,
14303,煉獄ノ鉢金ZF,
14304,煉獄ノ鉢金ZY,
14305,煉獄ノ鉢金ZX,
14306,煉獄ノ面Ｚ,
14307,煉獄ノ面ZF,
14308,煉獄ノ面ZY,
14309,煉獄ノ面ZX,
14310,煉戟ノ鉢金Ｚ,
14311,煉戟ノ鉢金ZF,
14312,煉戟ノ鉢金ZY,
14313,煉戟ノ鉢金ZX,
14314,煉戟ノ面Ｚ,
14315,煉戟ノ面ZF,
14316,煉戟ノ面ZY,
14317,煉戟ノ面ZX,
14318,ザムザＺヘルム,Heaume Zamuza Z
14319,ザムザZFヘルム,Heaume Zamuza F
14320,ザムザZYヘルム,Heaume Zamuza ZY
14321,ザムザZXヘルム,Heaume Zamuza ZX
14322,ザムザＺキャップ,Casquette Zamuza Z
14323,ザムザZFキャップ,Casquette Zamuza F
14324,ザムザZYキャップ,Casquette Zamuza ZY
14325,ザムザZXキャップ,Casquette Zamuza ZX
14326,ハルドＺヘルム,Heaume Harudo Z
14327,ハルドZFヘルム,Heaume Harudo F
14328,ハルドZYヘルム,Heaume Harudo ZY
14329,ハルドZXヘルム,Heaume Harudo ZX
14330,ハルドＺキャップ,Casquette Harudo Z
14331,ハルドZFキャップ,Casquette Harudo F
14332,ハルドZYキャップ,Casquette Harudo ZY
14333,ハルドZXキャップ,Casquette Harudo ZX
14334,エリュシＧヘルム,Heaume Elysi G
14335,エリュシGFヘルム,Heaume Elysi GF
14336,エリュシGXヘルム,Heaume Elysi GX
14337,エリュシＧキャップ,Casquette Elysi G
14338,エリュシGFキャップ,Casquette Elysi GF
14339,エリュシGXキャップ,Casquette Elysi GX
14340,ミュンルＺヘルム,Heaume Myunru Z
14341,ミュンルZFヘルム,Heaume Myunru F
14342,ミュンルZYヘルム,Heaume Myunru ZY
14343,ミュンルZXヘルム,Heaume Myunru ZX
14344,ミュンルＺキャップ,Casquette Myunru Z
14345,ミュンルZFキャップ,Casquette Myunru F
14346,ミュンルZYキャップ,Casquette Myunru ZY
14347,ミュンルZXキャップ,Casquette Myunru ZX
14348,キンコウヘッド,Coiffe Kinkou
14349,キンコウＦヘッド,Coiffe Kinkou F
14350,キンコウFZヘッド,Coiffe Kinkou FZ
14351,キンコウHSヘッド,Coiffe Kinkou HS
14352,キンコウGSヘッド,Coiffe Kinkou GS
14353,キンコウGPヘッド,Coiffe Kinkou GP
14354,キンコウZPヘッド,Coiffe Kinkou ZP
14355,キンコウキャップ,Casquette Kinkou
14356,キンコウＦキャップ,Casquette Kinkou F
14357,キンコウFZキャップ,Casquette Kinkou FZ
14358,キンコウHSキャップ,Casquette Kinkou HS
14359,キンコウGSキャップ,Casquette Kinkou GS
14360,キンコウGPキャップ,Casquette Kinkou GP
14361,キンコウZPキャップ,Casquette Kinkou ZP
14362,アンブヘッド,Coiffe Anbu
14363,アンブＦヘッド,Coiffe Anbu F
14364,アンブFZヘッド,Coiffe Anbu FZ
14365,アンブHSヘッド,Coiffe Anbu HS
14366,アンブGSヘッド,Coiffe Anbu GS
14367,アンブGPヘッド,Coiffe Anbu GP
14368,アンブZPヘッド,Coiffe Anbu ZP
14369,アンブキャップ,Casquette Anbu
14370,アンブＦキャップ,Casquette Anbu F
14371,アンブFZキャップ,Casquette Anbu FZ
14372,アンブHSキャップ,Casquette Anbu HS
14373,アンブGSキャップ,Casquette Anbu GS
14374,アンブGPキャップ,Casquette Anbu GP
14375,アンブZPキャップ,Casquette Anbu ZP
14376,アービターGSヘルム,Heaume Arbitre GS
14377,アービターGPヘルム,Heaume Arbitre GP
14378,アービターZPヘルム,Heaume Arbitre ZP
14379,アービターGSフェイス,
14380,アービターGPフェイス,
14381,アービターZPフェイス,
14382,フィーネヘッド,
14383,フィーネＦヘッド,
14384,フィーネFZヘッド,
14385,フィーネHSヘッド,
14386,フィーネGSヘッド,
14387,フィーネGPヘッド,
14388,フィーネZPヘッド,
14389,フィーネキャップ,
14390,フィーネＦキャップ,
14391,フィーネFZキャップ,
14392,フィーネHSキャップ,
14393,フィーネGSキャップ,
14394,フィーネGPキャップ,
14395,フィーネZPキャップ,
14396,コトナヘッド,Coiffe Kotona
14397,コトナＦヘッド,Coiffe Kotona F
14398,コトナFZヘッド,Coiffe Kotona FZ
14399,コトナHSヘッド,Coiffe Kotona HS
14400,コトナGSヘッド,Coiffe Kotona GS
14401,コトナGPヘッド,Coiffe Kotona GP
14402,コトナZPヘッド,Coiffe Kotona ZP
14403,コトナキャップ,Casquette Kotona
14404,コトナＦキャップ,Casquette Kotona F
14405,コトナFZキャップ,Casquette Kotona FZ
14406,コトナHSキャップ,Casquette Kotona HS
14407,コトナGSキャップ,Casquette Kotona GS
14408,コトナGPキャップ,Casquette Kotona GP
14409,コトナZPキャップ,Casquette Kotona ZP
14410,フィニスヘッド,
14411,フィニスＦヘッド,
14412,フィニスFZヘッド,
14413,フィニスHSヘッド,
14414,フィニスGSヘッド,
14415,フィニスGPヘッド,
14416,フィニスZPヘッド,
14417,フィニスキャップ,
14418,フィニスＦキャップ,
14419,フィニスFZキャップ,
14420,フィニスHSキャップ,
14421,フィニスGSキャップ,
14422,フィニスGPキャップ,
14423,フィニスZPキャップ,
14424,フィールヘッド,Coiffe Firl
14425,フィールＦヘッド,Coiffe Firl F
14426,フィールFZヘッド,Coiffe Firl FZ
14427,フィールHSヘッド,Coiffe Firl HS
14428,フィールGSヘッド,Coiffe Firl GS
14429,フィールGPヘッド,Coiffe Firl GP
14430,フィールZPヘッド,Coiffe Firl ZP
14431,フィールキャップ,Casquette Firl
14432,フィールＦキャップ,Casquette Firl F
14433,フィールFZキャップ,Casquette Firl FZ
14434,フィールHSキャップ,Casquette Firl HS
14435,フィールGSキャップ,Casquette Firl GS
14436,フィールGPキャップ,Casquette Firl GP
14437,フィールZPキャップ,Casquette Firl ZP
14438,了奏ノ帽,
14439,了奏ノ帽Ｆ,
14440,了奏ノ帽FZ,
14441,了奏ノ帽HS,
14442,了奏ノ帽GS,
14443,了奏ノ帽GP,
14444,了奏ノ帽ZP,
14445,了奏ノ冠,
14446,了奏ノ冠Ｆ,
14447,了奏ノ冠FZ,
14448,了奏ノ冠HS,
14449,了奏ノ冠GS,
14450,了奏ノ冠GP,
14451,了奏ノ冠ZP,
14452,ジェムズヘッド,Coiffe Gems
14453,ジェムズＦヘッド,Coiffe Gems F
14454,ジェムズFZヘッド,Coiffe Gems FZ
14455,ジェムズHSヘッド,Coiffe Gems HS
14456,ジェムズGSヘッド,Coiffe Gems GS
14457,ジェムズGPヘッド,Coiffe Gems GP
14458,ジェムズZPヘッド,Coiffe Gems ZP
14459,ジェムズマスク,Masque Gems
14460,ジェムズＦマスク,Masque Gems F
14461,ジェムズFZマスク,Masque Gems FZ
14462,ジェムズHSマスク,Masque Gems HS
14463,ジェムズGSマスク,Masque Gems GS
14464,ジェムズGPマスク,Masque Gems GP
14465,ジェムズZPマスク,Masque Gems ZP
14466,アリシャヘッド,Coiffe Alisha
14467,アリシャＦヘッド,Coiffe Alisha F
14468,アリシャFZヘッド,Coiffe Alisha FZ
14469,アリシャHSヘッド,Coiffe Alisha HS
14470,アリシャGSヘッド,Coiffe Alisha GS
14471,アリシャGPヘッド,Coiffe Alisha GP
14472,アリシャZPヘッド,Coiffe Alisha ZP
14473,アリシャキャップ,Casquette Alisha
14474,アリシャＦキャップ,Casquette Alisha F
14475,アリシャFZキャップ,Casquette Alisha FZ
14476,アリシャHSキャップ,Casquette Alisha HS
14477,アリシャGSキャップ,Casquette Alisha GS
14478,アリシャGPキャップ,Casquette Alisha GP
14479,アリシャZPキャップ,Casquette Alisha ZP
14480,リッカヘルム,Heaume Ricca
14481,リッカＦヘルム,Heaume Ricca F
14482,リッカFZヘルム,Heaume Ricca FZ
14483,リッカHSヘルム,Heaume Ricca HS
14484,リッカGSヘルム,Heaume Ricca GS
14485,リッカGPヘルム,Heaume Ricca GP
14486,リッカZPヘルム,Heaume Ricca ZP
14487,リッカキャップ,Casquette Ricca
14488,リッカＦキャップ,Casquette Ricca F
14489,リッカFZキャップ,Casquette Ricca FZ
14490,リッカHSキャップ,Casquette Ricca HS
14491,リッカGSキャップ,Casquette Ricca GS
14492,リッカGPキャップ,Casquette Ricca GP
14493,リッカZPキャップ,Casquette Ricca ZP
14494,ケリスヘルム,Heaume Kelis
14495,ケリスＦヘルム,Heaume Kelis F
14496,ケリスFZヘルム,Heaume Kelis FZ
14497,ケリスHSヘルム,Heaume Kelis HS
14498,ケリスGSヘルム,Heaume Kelis GS
14499,ケリスGPヘルム,Heaume Kelis GP
14500,ケリスZPヘルム,Heaume Kelis ZP
14501,ケリスキャップ,Casquette Kelis
14502,ケリスＦキャップ,Casquette Kelis F
14503,ケリスFZキャップ,Casquette Kelis FZ
14504,ケリスHSキャップ,Casquette Kelis HS
14505,ケリスGSキャップ,Casquette Kelis GS
14506,ケリスGPキャップ,Casquette Kelis GP
14507,ケリスZPキャップ,Casquette Kelis ZP
14508,キンコウＤヘッド,Coiffe Kinkou D
14509,アンブＤヘッド,Coiffe Anbu D
14510,煉獄ノ鉢金Ｄ,
14511,煉戟ノ鉢金Ｄ,
14512,シャンルＤヘルム,Heaume Shanru D
14513,ファンルＤヘルム,Heaume Fanru D
14514,ザムザZDヘルム,Heaume Zamuza D
14515,ザムザZDキャップ,Casquette Zamuza D
14516,ハルドZDヘルム,Heaume Harudo D
14517,ハルドZDキャップ,Casquette Harudo D
14518,アービターＤヘルム,Heaume Arbitre D
14519,エリュシＤヘルム,Heaume Elysi D
14520,フィーネＤヘッド,
14521,コトナＤヘッド,Coiffe Kotona D
14522,フィニスＤヘッド,
14523,フィールＤヘッド,Coiffe Firl D
14524,了奏ノ帽Ｄ,
14525,ジェムズＤヘッド,Coiffe Gems D
14526,アリシャＤヘッド,Coiffe Alisha D
14527,リッカＤヘルム,Heaume Ricca D
14528,ケリスＤヘルム,Heaume Kelis D
14529,ミュンルＤヘルム,Heaume Myunru D
14530,青龍・剣聖Ｄヘルム,
14531,青龍・双龍Ｄヘルム,
14532,青龍・剣王Ｄヘルム,
14533,青龍・刀神Ｄヘルム,
14534,青龍・天槍Ｄヘルム,
14535,青龍・砲皇Ｄヘルム,
14536,青龍・鈍器獣Ｄヘルム,
14537,青龍・奏帝Ｄヘルム,
14538,青龍・穿凰Ｄヘルム,
14539,青龍・斬将Ｄヘルム,
14540,青龍・銃傑Ｄマスク,
14541,青龍・銃仙Ｄマスク,
14542,青龍・弓鬼Ｄマスク,
14543,青龍・磁星Ｄヘルム,
14544,ＫロブスタヘルムPD黒,
14545,ＫロブスタヘルムPD緑,
14546,ＫロブスタヘルムPD青,
14547,ＫロブスタハットPD黒,
14548,ＫロブスタハットPD緑,
14549,ＫロブスタハットPD青,
14550,ヒプノヘルムPD緑,
14551,ヒプノヘルムPD赤,
14552,ヒプノヘルムPD黄,
14553,ベルヘルムPD黒,
14554,ベルヘルムPD赤,
14555,ベルヘルムPD紫,
14556,ベルキャップPD黒,
14557,ベルキャップPD赤,
14558,ベルキャップPD紫,
14559,クロオビヘルムPD白,
14560,クロオビヘルムPD黒,
14561,クロオビヘルムPD青,
14562,アプカルヘルムPD白,
14563,アプカルヘルムPD緑,
14564,アプカルヘルムPD黄,
14565,ルコヘッドPD白,
14566,ルコヘッドPD青,
14567,ルコヘッドPD赤,
14568,ルコフェイスPD白,
14569,ルコフェイスPD青,
14570,ルコフェイスPD赤,
14571,コムラダヘルムPD白赤,
14572,コムラダヘルムPD白青,
14573,コムラダヘルムPD白黄,
14574,オトノＤヘッド,Coiffe Otono D
14575,忍の面・空Ｄ,
14576,忍の面・海Ｄ,
14577,黒影ノ面・Ｄ,
14578,黒陰ノ面・Ｄ,
14579,ホープＤヘルム,Heaume Espoir D
14580,ボガバドＤフェスタ,
14581,ヤマツカミＤフェスタ,
14582,クックＤフェスタ,
14583,テオＤフェスタ,
14584,ザザミＤフェスタ,
14585,バルラガルＤフェスタ,
14586,ラージャンＤフェスタ,
14587,おばちゃんＤフェスタ,
14588,唄収集家Ｄフェスタ,
14589,ダンディＤフェスタ,
14590,ＧアイルーＤフェスタ,
14591,ＧプーギーＤフェスタ,
14592,ＧグークＤフェスタ,
14593,ＧフルフルＤフェスタ,
