index,source,target
0,装備無し,
1,グリーンジャージー,
2,ブルージャージー,
3,ハンターグリーヴ,Grèves Hunter's
4,ハンターレギンス,Jambières Hunter's
5,ボーングリーヴ,Grèves Os
6,ボーンレギンス,Jambières Os
7,ランポスグリーヴ,Grèves Velociprey
8,ランポスレギンス,Jambières Velociprey
9,バトルグリーヴ,Grèves Bataille
10,バトルレギンス,Jambières Bataille
11,シルバーメタルブーツ,Bottes Métal argenté
12,ランゴグリーヴ,Grèves Vespoid
13,ランゴレギンス,Jambières Vespoid
14,タロスグリーヴ,Grèves Hornetaur
15,タロスレギンス,Jambières Hornetaur
16,ハイメタグリーヴ,
17,ハイメタレギンス,
18,ダークメタルブーツ,
19,ゲネポスグリーヴ,Grèves Genprey
20,ゲネポスレギンス,Jambières Genprey
21,ピンクメタルブーツ,Bottes Métal rose
22,クロムメタルブーツ,
23,イーオスグリーヴ,Grèves Ioprey
24,イーオスレギンス,Jambières Ioprey
25,ゲリョスグリーヴ,Grèves Gypceros
26,ゲリョスレギンス,Jambières Gypceros
27,ガレオスグリーヴ,Grèves Cephalos
28,ガレオスレギンス,Jambières Cephalos
29,レイアグリーヴ,Grèves Rathian
30,レイアレギンス,Jambières Rathian
31,フルフルグリーヴ,Grèves Khezu
32,フルフルレギンス,Jambières Khezu
33,レウスグリーヴ,Grèves Rathalos
34,レウスレギンス,Jambières Rathalos
35,ガノスグリーヴ,Grèves Plesioth
36,ガノスレギンス,Jambières Plesioth
37,バサルグリーヴ,Grèves Basarios
38,バサルレギンス,Jambières Basarios
39,ディアブログリーヴ,Grèves Diablos
40,ディアブロレギンス,Jambières Diablos
41,モノブロスグリーヴ,Grèves Monoblos
42,モノブロスレギンス,Jambières Monoblos
43,グラビドグリーヴ,Grèves Gravios
44,グラビドレギンス,Jambières Gravios
45,クロオビグリーヴ,
46,モスフット,Chausses Mosswine
47,ランポスーツフット,
48,ゲネポスーツフット,
49,イーオスーツフット,
50,忍の足袋・陽,
51,忍の足袋・陰,
52,ガーディアンブーツ,Bottes Gardien
53,ガーディアンフット,Chausses Gardien
54,ヘルパーソックス,
55,ヒーラーソックス,
56,ガルルガグリーヴ,Grèves Garuga
57,ガルルガレギンス,Jambières Garuga
58,暁丸【具足】,
59,曙丸【具足】,
60,凛【袴】,
61,艶【袴】,
62,紅凛【袴】,
63,紅艶【袴】,
64,ドラゴンフット,
65,ドラゴンレグス,
66,クリームジャージー,
67,コーヒージャージー,
68,ハンターＵグリーヴ,Grèves Hunter's U
69,ハンターＵレギンス,Jambières Hunter's U
70,ボーンＵグリーヴ,Grèves Os U
71,ボーンＵレギンス,Jambières Os U
72,ギアノスグリーヴ,Grèves Giaprey
73,ギアノスレギンス,Jambières Giaprey
74,バトルＵグリーヴ,Grèves Bataille U
75,バトルＵレギンス,Jambières Bataille U
76,ランゴＵグリーヴ,Grèves Vespoid U
77,ランゴＵレギンス,Jambières Vespoid U
78,タロスＵグリーヴ,Grèves Hornetaur U
79,タロスＵレギンス,Jambières Hornetaur U
80,ハイメタＵグリーヴ,
81,ハイメタＵレギンス,
82,ゲネポスＵグリーヴ,Grèves Genprey U
83,ゲネポスＵレギンス,Jambières Genprey U
84,イーオスＵグリーヴ,Grèves Ioprey U
85,イーオスＵレギンス,Jambières Ioprey U
86,ゲリョスＵグリーヴ,Grèves Gypceros U
87,ゲリョスＵレギンス,Jambières Gypceros U
88,ガレオスＵグリーヴ,Grèves Cephalos U
89,ガレオスＵレギンス,Jambières Cephalos U
90,リオハートグリーヴ,Grèves Rath
91,リオハートレギンス,Jambières Rath
92,フルフルＵグリーヴ,Grèves Khezu U
93,フルフルＵレギンス,Jambières Khezu U
94,リオソウルグリーヴ,Grèves Rath
95,リオソウルレギンス,Jambières Rath
96,ガノスＵグリーヴ,Grèves Plesioth U
97,ガノスＵレギンス,Jambières Plesioth U
98,バサルＵグリーヴ,Grèves Basarios U
99,バサルＵレギンス,Jambières Basarios U
100,ディアブロＵグリーヴ,Grèves Diablos U
101,ディアブロＵレギンス,Jambières Diablos U
102,モノデビルグリーヴ,Grèves Monodevil
103,モノデビルレギンス,Jambières Monodevil
104,グラビドＵグリーヴ,Grèves Gravios U
105,グラビドＵレギンス,Jambières Gravios U
106,忍の足袋・空,
107,忍の足袋・海,
108,ガーディアンＵブーツ,Bottes Gardien U
109,ガーディアンＵフット,Chausses Gardien U
110,ヘルパーＵソックス,
111,ヒーラーＵソックス,
112,暁丸・皇【具足】,
113,曙丸・皇【具足】,
114,凛・皇【袴】,
115,艶・皇【袴】,
116,ミラバルカンフット,Chausses Fatalis
117,ミラバルカンレグス,
118,ゴールドルナグリーヴ,
119,ゴールドルナレギンス,
120,シルバーソルグリーヴ,
121,シルバーソルレギンス,
122,グリーンＳジャージー,
123,ブルーＳジャージー,
124,ハンターＳグリーヴ,Grèves Hunter's S
125,ハンターＳレギンス,Jambières Hunter's S
126,ボーンＳグリーヴ,Grèves Os S
127,ボーンＳレギンス,Jambières Os S
128,ランポスＳグリーヴ,Grèves Velociprey S
129,ランポスＳレギンス,Jambières Velociprey S
130,バトルＳグリーヴ,Grèves Bataille S
131,バトルＳレギンス,Jambières Bataille S
132,ランゴＳグリーヴ,Grèves Vespoid S
133,ランゴＳレギンス,Jambières Vespoid S
134,タロスＳグリーヴ,Grèves Hornetaur S
135,タロスＳレギンス,Jambières Hornetaur S
136,ハイメタＳグリーヴ,
137,ハイメタＳレギンス,
138,ゲネポスＳグリーヴ,Grèves Genprey S
139,ゲネポスＳレギンス,Jambières Genprey S
140,クックＳグリーヴ,Grèves Kut-Ku S
141,クックＳレギンス,Jambières Kut-Ku S
142,イーオスＳグリーヴ,Grèves Ioprey S
143,イーオスＳレギンス,Jambières Ioprey S
144,ゲリョスＳグリーヴ,Grèves Gypceros S
145,ゲリョスＳレギンス,Jambières Gypceros S
146,ガレオスＳグリーヴ,Grèves Cephalos S
147,ガレオスＳレギンス,Jambières Cephalos S
148,レイアＳグリーヴ,Grèves Rathian S
149,レイアＳレギンス,Jambières Rathian S
150,フルフルＳグリーヴ,Grèves Khezu S
151,フルフルＳレギンス,Jambières Khezu S
152,レウスＳグリーヴ,Grèves Rathalos S
153,レウスＳレギンス,Jambières Rathalos S
154,ガノスＳグリーヴ,Grèves Plesioth S
155,ガノスＳレギンス,Jambières Plesioth S
156,バサルＳグリーヴ,Grèves Basarios S
157,バサルＳレギンス,Jambières Basarios S
158,ディアブロＳグリーヴ,Grèves Diablos S
159,ディアブロＳレギンス,Jambières Diablos S
160,モノブロスＳグリーヴ,Grèves Monoblos S
161,モノブロスＳレギンス,Jambières Monoblos S
162,グラビドＳグリーヴ,Grèves Gravios S
163,グラビドＳレギンス,Jambières Gravios S
164,忍の足袋・天,
165,忍の足袋・地,
166,ギルドガードブーツ紅,Bottes Guilde cramoisies
167,ギルドガードタイツ紅,
168,ギルドガードブーツ紅,Bottes Guilde cramoisies
169,ギルドガードタイツ紅,
170,暁丸・覇【具足】,
171,曙丸・覇【具足】,
172,凛・覇【袴】,
173,艶・覇【袴】,
174,ドラゴンＳフット,
175,ドラゴンＳレグス,
176,ザザミグリーヴ,Grèves Hermitaur
177,ザザミレギンス,Jambières Hermitaur
178,ザザミＵグリーヴ,Grèves Hermitaur U
179,ザザミＵレギンス,Jambières Hermitaur U
180,ザザミＳグリーヴ,Grèves Hermitaur S
181,ザザミＳレギンス,Jambières Hermitaur S
182,コンガグリーヴ,Grèves Conga
183,コンガレギンス,Jambières Conga
184,コンガＵグリーヴ,Grèves Conga U
185,コンガＵレギンス,Jambières Conga U
186,コンガＳグリーヴ,Grèves Conga S
187,コンガＳレギンス,Jambières Conga S
188,ブランゴグリーヴ,Grèves Blango
189,ブランゴレギンス,Jambières Blango
190,ブランゴＵグリーヴ,Grèves Blango U
191,ブランゴＵレギンス,Jambières Blango U
192,ブランゴＳグリーヴ,Grèves Blango S
193,ブランゴＳレギンス,Jambières Blango S
194,ギザミグリーヴ,Grèves Ceanataur
195,ギザミレギンス,Jambières Ceanataur
196,ギザミＵグリーヴ,Grèves Ceanataur U
197,ギザミＵレギンス,Jambières Ceanataur U
198,ギザミＳグリーヴ,Grèves Ceanataur S
199,ギザミＳレギンス,Jambières Ceanataur S
200,キリンレガース,
201,キリンブーツ,Bottes Kirin
202,キリンＳレガース,
203,キリンＳブーツ,Bottes Kirin S
204,クシャナペイル,
205,クシャナハディ,
206,ミヅハ【具足】,
207,トヨタマ【具足】,
208,エンプレスグリーヴ,Grèves Impératrice
209,エンプレスレギンス,Jambières Impératrice
210,金剛【具足】,
211,不動【具足】,
212,カイザーグリーヴ,
213,カイザーレギンス,
214,夜叉【御足】,
215,修羅【御足】,
216,金色ノ袴,
217,黒子ノ足袋,
218,ミラルーツフット,Chausses Fatalis
219,ミラルーツレギンス,Jambières Fatalis
220,クロオビＳグリーヴ,
221,ギアノスーツフット,
222,ガブラスーツフット,
223,ギルドナイトブーツ,Bottes Guilde
224,ギルドナイトタイツ,
225,メイドストッキング,
226,プライベートタイツ,
227,ギルドガードブーツ蒼,Bottes Guilde azur
228,ギルドガードタイツ蒼,
229,ギルドガードブーツ蒼,Bottes Guilde azur
230,ギルドガードタイツ蒼,
231,Ｋ・ロブスタグリーヴ,
232,Ｋ・ロブスタレギンス,
233,Ｆブーツ00,
234,Ｆブーツ01,
235,ブレイドメタルブーツ,
236,クックグリーヴ,Grèves Kut-Ku
237,クックレギンス,Jambières Kut-Ku
238,クックＵグリーヴ,Grèves Kut-Ku U
239,クックＵレギンス,Jambières Kut-Ku U
240,ヒプノグリーヴ,Grèves Hypnoc
241,ヒプノレギンス,Jambières Hypnoc
242,ヒプノＵグリーヴ,Grèves Hypnoc U
243,ヒプノＵレギンス,Jambières Hypnoc U
244,ラヴァグリーヴ,Grèves Lavasioth
245,ラヴァレギンス,Jambières Lavasioth
246,ラヴァＳグリーヴ,Grèves Lavasioth S
247,ラヴァＳレギンス,Jambières Lavasioth S
248,ギアノスＵグリーヴ,Grèves Giaprey U
249,ギアノスＵレギンス,Jambières Giaprey U
250,しろねこ服ブーツ,
251,くろねこ服ブーツ,
252,きんねこ服ブーツ,
253,ゴシックグリーヴ,Grèves Gothic
254,ゴシックＦグリーヴ,Grèves Gothic F
255,ベイルディバイダー,
256,コムラドブーツ【猩】,Bottes Camarade [猩]
257,ジストレルレッグ,
258,デュオグリーヴ,
259,スマートレッグ,
260,ストレングスレッグ,
261,ブートアップレッグ,
262,ユウェネスレッグ,
263,欠番,
264,欠番,
265,エアリアルレッグ,
266,ジストレッグ,
267,欠番,
268,エクストラレッグ,
269,ウナペルトレッグ,
270,キューラーレッグ,
271,欠番,
272,欠番,
273,レックスグリーヴ,Grèves Tigrex
274,レックスレギンス,Jambières Tigrex
275,レックスＳグリーヴ,Grèves Tigrex S
276,レックスＳレギンス,Jambières Tigrex S
277,パピメルガンバ,
278,パピメルフェムル,
279,パピメルＳガンバ,
280,パピメルＳフェムル,
281,アカムトケマル,
282,アカムトチケル,
283,ウナペルトＦレッグ,
284,あかねこ服Ｆブーツ,
285,メルホアライース,
286,メルホアＵライース,
287,マカルパパンツ,
288,マカルパＵパンツ,
289,オウビートガンバ,
290,オウビートフェムル,
291,オウビートＳガンバ,
292,オウビートＳフェムル,
293,デスギアフェルゼ,
294,デスギアアヴィレ,
295,デスギアＳフェルゼ,
296,デスギアＳアヴィレ,
297,マフモフブーツ,Bottes Mafumofu
298,マフモフＳブーツ,Bottes Mafumofu S
299,クシャナＦペイル,
300,クシャナＦハディ,
301,カイザーＦグリーヴ,
302,カイザーＦレギンス,
303,ミヅハ魁【具足】,
304,トヨタマ魁【具足】,
305,金剛・魁【具足】,
306,不動・魁【具足】,
307,夜叉・魁【御足】,
308,修羅・魁【御足】,
309,エンプレスＦグリーヴ,Grèves Impératrice F
310,エンプレスＦレギンス,Jambières Impératrice F
311,金色ノ袴・魁,
312,黒子ノ足袋・魁,
313,ガルルガＦグリーヴ,Grèves Garuga F
314,ガルルガＦレギンス,Jambières Garuga F
315,クシャナＦペイル,
316,クシャナＦハディ,
317,カイザーＦグリーヴ,
318,カイザーＦレギンス,
319,ミヅハ魁【具足】,
320,トヨタマ魁【具足】,
321,金剛・魁【具足】,
322,不動・魁【具足】,
323,夜叉・魁【御足】,
324,修羅・魁【御足】,
325,エンプレスＦグリーヴ,Grèves Impératrice F
326,エンプレスＦレギンス,Jambières Impératrice F
327,金色ノ袴・魁,
328,黒子ノ足袋・魁,
329,ガルルガＦグリーヴ,Grèves Garuga F
330,ガルルガＦレギンス,Jambières Garuga F
331,ラヴァＵグリーヴ,Grèves Lavasioth U
332,ラヴァＵレギンス,Jambières Lavasioth U
333,ホワイトメタルブーツ,Bottes Métal blanc
334,セレストグリーヴ,Grèves Celeste
335,シエルディバイダー,
336,コムラダブーツ【赤】,Bottes Comrada [赤]
337,コムラダブーツ【青】,Bottes Comrada [青]
338,コムラダブーツ【緑】,Bottes Comrada [緑]
339,コムラダブーツ【橙】,Bottes Comrada [橙]
340,ダミー,
341,ダミー,
342,エスピナフェルゼ,
343,エスピナアヴィレ,
344,エスピナＦフェルゼ,
345,エスピナＦアヴィレ,
346,アスールグリーヴ,Grèves Azul
347,アスールレギンス,Jambières Azul
348,アメザリグリーヴ,Grèves Amezari
349,アメザリレギンス,Jambières Amezari
350,プロミスブーツ【白】,Bottes Promesse [白]
351,プロミスブーツ【青】,Bottes Promesse [青]
352,プロミスブーツ【紫】,Bottes Promesse [紫]
353,プロミスブーツ【黄】,Bottes Promesse [黄]
354,ブリスブーツ【白】,Bottes Félicité [白]
355,ブリスブーツ【青】,Bottes Félicité [青]
356,ブリスブーツ【紫】,Bottes Félicité [紫]
357,ブリスブーツ【黄】,Bottes Félicité [黄]
358,ブリスＦブーツ【白】,Bottes Félicité F [白]
359,ブリスＦブーツ【青】,Bottes Félicité F [青]
360,ブリスＦブーツ【紫】,Bottes Félicité F [紫]
361,ブリスＦブーツ【黄】,Bottes Félicité F [黄]
362,ロジウェアレッグ,
363,バトルレギンスSP青,
364,バトルレギンスSP黄,
365,バトルレギンスSP紫,
366,レイアグリーヴSP青,
367,レイアグリーヴSP赤,
368,レイアグリーヴSP黒,
369,フルフルフットSP青,
370,フルフルフットSP緑,
371,フルフルフットSP黒,
372,エスピナグリーヴSP赤,
373,エスピナグリーヴSP青,
374,エスピナグリーヴSP黄,
375,エスピナレギンスSP赤,
376,エスピナレギンスSP青,
377,エスピナレギンスSP黄,
378,ノワールグリーヴ,
379,ガーディブーツSP白,
380,ガーディブーツSP黒,
381,ガーディブーツSP紫,
382,ヒーラーソックスSP青,
383,ヒーラーソックスSP白,
384,ヒーラーソックスSP黄,
385,マフモフブーツSP赤,
386,マフモフブーツSP黄,
387,マフモフブーツSP紫,
388,バサルレギンスSP赤,
389,バサルレギンスSP黒,
390,バサルレギンスSP黄,
391,アプカルグリーヴ,Grèves Apkallu
392,アプカルレギンス,Jambières Apkallu
393,ゴスペルグリーヴ,
394,ゴスペルレギンス,
395,エスピナＵフェルゼ,
396,エスピナＵアヴィレ,
397,ブランゴグリーヴSP黄,
398,ブランゴグリーヴSP青,
399,ブランゴグリーヴSP黒,
400,金色ノ袴SP白,
401,金色ノ袴SP紫,
402,金色ノ袴SP緑,
403,グラビドレギンスSP緑,
404,グラビドレギンスSP紫,
405,グラビドレギンスSP赤,
406,アクラグリーヴ,Grèves Akura
407,アクラグリーヴ黄,Grèves Akura jaunes
408,アクラグリーヴ蒼,Grèves Akura azur
409,アクラグリーヴ紅,Grèves Akura cramoisies
410,アクラレギンス,Jambières Akura
411,アクラレギンス黄,Jambières Akura jaunes
412,アクラレギンス蒼,Jambières Akura azur
413,アクラレギンス紅,Jambières Akura cramoisies
414,アクラＦグリーヴ,Grèves Akura F
415,アクラＦグリーヴ黄,Grèves Akura F jaunes
416,アクラＦグリーヴ蒼,Grèves Akura F azur
417,アクラＦグリーヴ紅,Grèves Akura F cramoisies
418,アクラＦレギンス,Jambières Akura F
419,アクラＦレギンス黄,Jambières Akura F jaunes
420,アクラＦレギンス蒼,Jambières Akura F azur
421,アクラＦレギンス紅,Jambières Akura F cramoisies
422,エクエスグリーヴ,Grèves Eques
423,エクエスレギンス,Jambières Eques
424,エクエスグリーヴ改,
425,エクエスレギンス改,
426,エクエスＦグリーヴ,Grèves Eques F
427,エクエスＦレギンス,Jambières Eques F
428,星祭の足袋・夏【赤】,
429,星祭の足袋・夏【青】,
430,星祭の足袋・夏【黒】,
431,星祭の足袋・夏【白】,
432,七夕の足袋・夏【赤】,
433,七夕の足袋・夏【青】,
434,七夕の足袋・夏【黒】,
435,七夕の足袋・夏【白】,
436,星祭の足袋・織【赤】,
437,星祭の足袋・織【青】,
438,星祭の足袋・織【黒】,
439,星祭の足袋・織【白】,
440,七夕の足袋・織【赤】,
441,七夕の足袋・織【青】,
442,七夕の足袋・織【黒】,
443,七夕の足袋・織【白】,
444,星祭の足袋・天【赤】,
445,星祭の足袋・天【青】,
446,星祭の足袋・天【黒】,
447,星祭の足袋・天【白】,
448,七夕の足袋・天【赤】,
449,七夕の足袋・天【青】,
450,七夕の足袋・天【黒】,
451,七夕の足袋・天【白】,
452,ハイメタグリーヴSP黒,
453,ハイメタグリーヴSP青,
454,ハイメタグリーヴSP黄,
455,Ｓ・ソルグリーヴSP赤,
456,Ｓ・ソルグリーヴSP紫,
457,Ｓ・ソルグリーヴSP黒,
458,ガルルガレギンスSP白,
459,ガルルガレギンスSP緑,
460,ガルルガレギンスSP赤,
461,ルーキーブーツ【白】,Bottes Recrue [白]
462,ルーキーブーツ【赤】,Bottes Recrue [赤]
463,ルーキーブーツ【緑】,Bottes Recrue [緑]
464,ヒプノＳグリーヴ,Grèves Hypnoc S
465,ヒプノＳレギンス,Jambières Hypnoc S
466,プロギアブーツ,Bottes Purogia
467,オラシオンブーツ,Bottes Oracion
468,レクイエムブーツ,
469,アクラＵグリーヴ,Grèves Akura U
470,アクラＵグリーヴ黄,Grèves Akura U jaunes
471,アクラＵグリーヴ蒼,Grèves Akura U azur
472,アクラＵグリーヴ紅,Grèves Akura U cramoisies
473,アクラＵレギンス,Jambières Akura U
474,アクラＵレギンス黄,Jambières Akura U jaunes
475,アクラＵレギンス蒼,Jambières Akura U azur
476,アクラＵレギンス紅,Jambières Akura U cramoisies
477,メラングリーヴ,Grèves Melan
478,メランレギンス,Jambières Melan
479,ルージュグリーヴ,
480,マギサフット・赤,Chausses Magisa rouges
481,マギサフット・黒,Chausses Magisa noires
482,マギサフット・緑,Chausses Magisa vertes
483,マギサフット・白,Chausses Magisa blanches
484,マギサフット・青,Chausses Magisa bleues
485,ウィザーブーツ・赤,Bottes Wither rouges
486,ウィザーブーツ・黒,Bottes Wither noires
487,ウィザーブーツ・緑,Bottes Wither vertes
488,ウィザーブーツ・白,Bottes Wither blanches
489,ウィザーブーツ・青,Bottes Wither bleues
490,マギサＦフット・赤,Chausses Magisa F rouges
491,マギサＦフット・黒,Chausses Magisa F noires
492,マギサＦフット・緑,Chausses Magisa F vertes
493,マギサＦフット・白,Chausses Magisa F blanches
494,マギサＦフット・青,Chausses Magisa F bleues
495,ウィザーＦブーツ・赤,Bottes Wither F rouges
496,ウィザーＦブーツ・黒,Bottes Wither F noires
497,ウィザーＦブーツ・緑,Bottes Wither F vertes
498,ウィザーＦブーツ・白,Bottes Wither F blanches
499,ウィザーＦブーツ・青,Bottes Wither F bleues
500,クロウリーフット・赤,
501,クロウリーフット・黒,
502,クロウリーフット・緑,
503,クロウリーフット・白,
504,クロウリーフット・青,
505,ファウストブーツ・赤,
506,ファウストブーツ・黒,
507,ファウストブーツ・緑,
508,ファウストブーツ・白,
509,ファウストブーツ・青,
510,クシャナペイルSP赤,
511,クシャナペイルSP黄,
512,クシャナペイルSP緑,
513,クシャナハディSP赤,
514,クシャナハディSP黄,
515,クシャナハディSP緑,
516,キリンレガースSP赤,
517,キリンレガースSP紫,
518,キリンレガースSP黒,
519,キリンブーツSP赤,
520,キリンブーツSP紫,
521,キリンブーツSP黒,
522,ストレガグリーヴ,Grèves Strega
523,ストレガレギンス,Jambières Strega
524,ストレガグリーヴ改,
525,ストレガレギンス改,
526,ストレガＦグリーヴ,Grèves Strega F
527,ストレガＦレギンス,Jambières Strega F
528,フルフルＬグリーヴ,Grèves Khezu L
529,ガレオスＬグリーヴ,Grèves Cephalos L
530,ギザミＬグリーヴ,Grèves Ceanataur L
531,レウスＬグリーヴ,Grèves Rathalos L
532,マフモフＬブーツ,Bottes Mafumofu L
533,あかねこ服ブーツ,
534,アミティエフット,Chausses Amitie
535,アミティエブーツ,Bottes Amitie
536,バサルＬレギンス,Jambières Basarios L
537,ゲリョスＬレギンス,Jambières Gypceros L
538,ガーディアンＲブーツ,Bottes Gardien R
539,ヒーラーＲソックス,
540,ハンターＲグリーヴ,Grèves Hunter's R
541,リオハートＲグリーヴ,Grèves Rath R
542,ザザミＲグリーヴ,Grèves Hermitaur R
543,アミティエＦフット,Chausses Amitie F
544,アミティエＦブーツ,Bottes Amitie F
545,キューラーＦレッグ,
546,ガーディアンＲガンバ,
547,ヒーラーＲブーツ,Bottes Guérisseur R
548,クアッドグリーヴＣ,
549,クアッドグリーヴ,
550,ベルグリーヴ,Grèves Beru
551,ベルレギンス,Jambières Beru
552,ベルＦグリーヴ,Grèves Beru F
553,ベルＦレギンス,Jambières Beru F
554,リアンフット・青,Chausses Rian bleues
555,リアンブーツ・青,Bottes Rian bleues
556,リアンフット・赤,Chausses Rian rouges
557,リアンブーツ・赤,Bottes Rian rouges
558,リアンフット・黒,Chausses Rian noires
559,リアンブーツ・黒,Bottes Rian noires
560,リアンフット・白,Chausses Rian blanches
561,リアンブーツ・白,Bottes Rian blanches
562,リアンＦフット・青,Chausses Rian F bleues
563,リアンＦブーツ・青,Bottes Rian F bleues
564,リアンＦフット・赤,Chausses Rian F rouges
565,リアンＦブーツ・赤,Bottes Rian F rouges
566,リアンＦフット・黒,Chausses Rian F noires
567,リアンＦブーツ・黒,Bottes Rian F noires
568,リアンＦフット・白,Chausses Rian F blanches
569,リアンＦブーツ・白,Bottes Rian F blanches
570,カイザーグリーヴSP白,
571,カイザーグリーヴSP黒,
572,カイザーグリーヴSP緑,
573,カイザーレギンスSP白,
574,カイザーレギンスSP黒,
575,カイザーレギンスSP緑,
576,ザザミグリーヴSP青,
577,ザザミグリーヴSP白,
578,ザザミグリーヴSP紫,
579,クックＬグリーヴ,Grèves Kut-Ku L
580,ゲリョスＬグリーヴ,Grèves Gypceros L
581,イーオスＬグリーヴ,Grèves Ioprey L
582,レイアＬグリーヴ,Grèves Rathian L
583,バサルＬグリーヴ,Grèves Basarios L
584,レウスＬレギンス,Jambières Rathalos L
585,モノブロスＬレギンス,Jambières Monoblos L
586,メルホアＲライース,
587,ハイメタＲグリーヴ,
588,ディアブロＲグリーヴ,Grèves Diablos R
589,ブランゴＲグリーヴ,Grèves Blango R
590,ラヴァＲグリーヴ,Grèves Lavasioth R
591,ギアノスＲレギンス,Jambières Giaprey R
592,バトルＲレギンス,Jambières Bataille R
593,ヒプノルータレッグ,
594,ヒプノルータブーツ,
595,ガルーダレッグ,
596,ガルーダブーツ,Bottes Garuda
597,エクストラＦレッグ,
598,パピメルＬガンバ,
599,ヒプノＲグリーヴ,Grèves Hypnoc R
600,ディジギアブーツ,Bottes Digi
601,プリエールブーツ,Bottes Priere
602,サルバシオンブーツ,Bottes Salvacion
603,シカリの具足,
604,シカリの具足・魁,
605,Ｇ・ガードＲブーツ蒼,
606,アルマフット・黒,Chausses Alma noires
607,アルマブーツ・黒,Bottes Alma noires
608,アルマフット・白,Chausses Alma blanches
609,アルマブーツ・白,Bottes Alma blanches
610,アルマフット・青,Chausses Alma bleues
611,アルマブーツ・青,Bottes Alma bleues
612,アルマフット・茶,Chausses Alma brunes
613,アルマブーツ・茶,Bottes Alma brunes
614,オルデンフット,Chausses Orden
615,オルデンブーツ,Bottes Orden
616,アルマＦフット・黒,Chausses Alma F noires
617,アルマＦブーツ・黒,Bottes Alma F noires
618,アルマＦフット・白,Chausses Alma F blanches
619,アルマＦブーツ・白,Bottes Alma F blanches
620,アルマＦフット・青,Chausses Alma F bleues
621,アルマＦブーツ・青,Bottes Alma F bleues
622,アルマＦフット・茶,Chausses Alma F brunes
623,アルマＦブーツ・茶,Bottes Alma F brunes
624,オルデンＦフット,Chausses Orden F
625,オルデンＦブーツ,Bottes Orden F
626,エス・クェラレッグ,
627,エス・クェラブーツ,Bottes Es
628,パンデウムレッグ,
629,パンデウムブーツ,Bottes Pandeum
630,コムラダブーツSP白,
631,コムラダブーツSP青,
632,コムラダブーツSP黒,
633,しろねこ服Ｆブーツ,
634,デスギアＬフェルゼ,
635,クロオビＬグリーヴ,
636,バトルＬグリーヴ,Grèves Bataille L
637,レックスＬグリーヴ,Grèves Tigrex L
638,フルフルＲグリーヴ,Grèves Khezu R
639,リオソウルＲグリーヴ,Grèves Rath R
640,ギアノスＲグリーヴ,Grèves Giaprey R
641,Ｇ・ガードＲブーツ蒼,
642,フルフルＬレギンス,Jambières Khezu L
643,イーオスＲレギンス,Jambières Ioprey R
644,コムラダブーツSP黄,
645,プロクスグリーヴ,Grèves Purokusu
646,プロクスＦグリーヴ,Grèves Purokusu F
647,クレネスグリーヴ,Grèves Kurenesu
648,クレネスＦグリーヴ,Grèves Kurenesu F
649,スィーニグリーヴ,Grèves Suini
650,スィーニＦグリーヴ,Grèves Suini F
651,グラースブーツ,Bottes Guraasu
652,グラースＦブーツ,Bottes Guraasu F
653,フォルトゥグリーヴ,Grèves Forutu
654,フォルトゥＦグリーヴ,Grèves Forutu F
655,ファキルグリーヴ,Grèves Fakiru
656,ファキルＦグリーヴ,Grèves Fakiru F
657,バラバングリーヴ,Grèves Baraban
658,バラバンＦグリーヴ,Grèves Baraban F
659,スフェラブーツ,Bottes Sufera
660,スフェラＦブーツ,Bottes Sufera F
661,パリアグリーヴ,Grèves Paria
662,パリアＦグリーヴ,Grèves Paria F
663,パリアレギンス,Jambières Paria
664,パリアＦレギンス,Jambières Paria F
665,ヒプノリアレッグ,
666,ヒプノリアブーツ,Bottes Hypnolia
667,フィアラルレッグ,
668,フィアラルブーツ,Bottes Féral
669,鬼神ノ足枷,
670,ラスタ教官脚,
671,童子ノ足枷,
672,ダミー,
673,イクスフット・白,Chausses Ix blanches
674,イクスＦフット・白,Chausses Ix F blanches
675,イクスブーツ・白,Bottes Ix blanches
676,イクスＦブーツ・白,Bottes Ix F blanches
677,イクスフット・赤,Chausses Ix rouges
678,イクスＦフット・赤,Chausses Ix F rouges
679,イクスブーツ・赤,Bottes Ix rouges
680,イクスＦブーツ・赤,Bottes Ix F rouges
681,イクスフット・青,Chausses Ix bleues
682,イクスＦフット・青,Chausses Ix F bleues
683,イクスブーツ・青,Bottes Ix bleues
684,イクスＦブーツ・青,Bottes Ix F bleues
685,イクスフット・黒,Chausses Ix noires
686,イクスＦフット・黒,Chausses Ix F noires
687,イクスブーツ・黒,Bottes Ix noires
688,イクスＦブーツ・黒,Bottes Ix F noires
689,トランスフット,Chausses Transe
690,トランスＦフット,Chausses Transe F
691,トランスブーツ,Bottes Transe
692,トランスＦブーツ,Bottes Transe F
693,ミヅハ【具足】SP青,
694,ミヅハ【具足】SP赤,
695,ミヅハ【具足】SP黄,
696,トヨタマ【具足】SP青,
697,トヨタマ【具足】SP赤,
698,トヨタマ【具足】SP黄,
699,暁丸【具足】SP赤,
700,暁丸【具足】SP紫,
701,暁丸【具足】SP白,
702,凛【袴】SP黒,
703,凛【袴】SP紫,
704,凛【袴】SP白,
705,ハンターＬグリーヴ,Grèves Hunter's L
706,キリンＬレガース,
707,モノブロスＬグリーヴ,Grèves Monoblos L
708,ディアブロＬグリーヴ,Grèves Diablos L
709,グラビドＬグリーヴ,Grèves Gravios L
710,ランゴＬグリーヴ,Grèves Vespoid L
711,バサルＲグリーヴ,Grèves Basarios R
712,Ｇ・ガードＲタイツ蒼,
713,Ｇ・ガードＲタイツ蒼,
714,モノデビルＲグリーヴ,Grèves Monodevil R
715,タロスＲグリーヴ,Grèves Hornetaur R
716,ギザミＲグリーヴ,Grèves Ceanataur R
717,ブランゴＬレギンス,Jambières Blango L
718,ガノスＬレギンス,Jambières Plesioth L
719,フルフルＲレギンス,Jambières Khezu R
720,グラビドＲレギンス,Jambières Gravios R
721,ヴァイスフェルゼ,
722,ヴァイスアヴィレ,
723,エスピナＲフェルゼ,
724,レックスＬレギンス,Jambières Tigrex L
725,ガンズレッグ,
726,ワイルドレッグ,
727,ガンズブーツ,Bottes Guns
728,ワイルドブーツ,Bottes Sauvage
729,エコールレッグ,
730,ディアンレッグ,
731,エコールブーツ,Bottes Ecole
732,ディアンブーツ,Bottes Dian
733,ＣｏｒｅグリーヴＣ,
734,ＣｏｒｅレギンスＣ,
735,Ｃｏｒｅグリーヴ,Grèves Core
736,Ｃｏｒｅレギンス,Jambières Core
737,アネシスグリーヴ,Grèves Aneshisu
738,アネシスレギンス,Jambières Aneshisu
739,クラージグリーヴ,Grèves Kuraaji
740,クラージグリーヴ改,
741,クラージＦグリーヴ,Grèves Kuraaji F
742,クラージレギンス,Jambières Kuraaji
743,クラージレギンス改,
744,クラージＦレギンス,Jambières Kuraaji F
745,キノスグリーヴ,Grèves Kinosu
746,ヒメロスグリーヴ,Grèves Himeros
747,ブレシスグリーヴ,Grèves Bureshisu
748,カリエンレギンス,Jambières Charien
749,アリエッタレッグ,
750,テンペストレッグ,
751,ヴェントブーツ,Bottes Vento
752,ミストラルブーツ,
753,アークグリーヴ,
754,アークレギンス,
755,リオデュオグリーヴ,Grèves Rath
756,リオデュオレギンス,Jambières Rath
757,シャランフット・青,Chausses Sharan bleues
758,シャランＦフット・青,Chausses Sharan F bleues
759,シャランブーツ・青,Bottes Sharan bleues
760,シャランＦブーツ・青,Bottes Sharan F bleues
761,シャランフット・緑,Chausses Sharan vertes
762,シャランＦフット・緑,Chausses Sharan F vertes
763,シャランブーツ・緑,Bottes Sharan vertes
764,シャランＦブーツ・緑,Bottes Sharan F vertes
765,シャランフット・紫,Chausses Sharan violettes
766,シャランＦフット・紫,Chausses Sharan F violettes
767,シャランブーツ・紫,Bottes Sharan violettes
768,シャランＦブーツ・紫,Bottes Sharan F violettes
769,シャランフット・白,Chausses Sharan blanches
770,シャランＦフット・白,Chausses Sharan F blanches
771,シャランブーツ・白,Bottes Sharan blanches
772,シャランＦブーツ・白,Bottes Sharan F blanches
773,ルクスフット,
774,ルクスＦフット,
775,ルクスブーツ,
776,ルクスＦブーツ,
777,レアルフット・白,Chausses Real blanches
778,レアルＦフット・白,Chausses Real F blanches
779,レアルブーツ・白,Bottes Real blanches
780,レアルＦブーツ・白,Bottes Real F blanches
781,レアルフット・金,Chausses Real dorées
782,レアルＦフット・金,Chausses Real F dorées
783,レアルブーツ・金,Bottes Real dorées
784,レアルＦブーツ・金,Bottes Real F dorées
785,レアルフット・青,Chausses Real bleues
786,レアルＦフット・青,Chausses Real F bleues
787,レアルブーツ・青,Bottes Real bleues
788,レアルＦブーツ・青,Bottes Real F bleues
789,レアルフット・赤,Chausses Real rouges
790,レアルＦフット・赤,Chausses Real F rouges
791,レアルブーツ・赤,Bottes Real rouges
792,レアルＦブーツ・赤,Bottes Real F rouges
793,レギスフット,Chausses Regis
794,レギスＦフット,Chausses Regis F
795,レギスブーツ,Bottes Regis
796,レギスＦブーツ,Bottes Regis F
797,コムラドブーツ【葉】,Bottes Camarade [葉]
798,コムラドブーツ【柑】,Bottes Camarade [柑]
799,コムラドブーツ【冷】,Bottes Camarade [冷]
800,ギザミレギンスSP赤,
801,ギザミレギンスSP黒,
802,ギザミレギンスSP黄,
803,ガブラスフットSP白,
804,ガブラスフットSP黄,
805,ガブラスフットSP黒,
806,Ｇ・ナイトタイツSP赤,
807,Ｇ・ナイトタイツSP青,
808,Ｇ・ナイトタイツSP紫,
809,ＰＶタイツSP赤,
810,ＰＶタイツSP青,
811,ＰＶタイツSP紫,
812,ザザミＬグリーヴ,Grèves Hermitaur L
813,ハイメタＬグリーヴ,
814,ラヴァＬグリーヴ,Grèves Lavasioth L
815,ボーンＬグリーヴ,Grèves Os L
816,タロスＬグリーヴ,Grèves Hornetaur L
817,Ｇ・ガードＲブーツ紅,
818,Ｇ・ガードＲブーツ紅,
819,ヘルパーＲソックス,
820,バトルＲグリーヴ,Grèves Bataille R
821,ガレオスＲグリーヴ,Grèves Cephalos R
822,ボーンＲグリーヴ,Grèves Os R
823,イーオスＬレギンス,Jambières Ioprey L
824,ギザミＬレギンス,Jambières Ceanataur L
825,リオハートＲレギンス,Jambières Rath R
826,ボーンＲレギンス,Jambières Os R
827,ブラングリーヴ,Grèves Buran
828,シロオビグリーヴ,
829,神楽【袴】,
830,神楽・覇【袴】,
831,神座【袴】,
832,神座・覇【袴】,
833,アスハルテフット,Chausses Ashalt
834,アスハルテブーツ,Bottes Ashalt
835,ロークグリーヴ,
836,ロークレギンス,
837,ソルダートフット,Chausses Soldato
838,ゲイブルフット,
839,ソルダートブーツ,Bottes Soldato
840,ゲイブルブーツ,
841,ウィダフット,Chausses Uida
842,スティーダフット,
843,ウィダブーツ,Bottes Uida
844,スティーダブーツ,
845,アグリアレッグ,
846,フラウアレッグ,
847,アグリアブーツ,Bottes Agria
848,フラウアブーツ,Bottes Fleur
849,フォーヴレッグ,
850,フィアスレッグ,
851,フォーヴブーツ,Bottes Fauve
852,フィアスブーツ,Bottes Fias
853,フィデルグリーヴ,
854,フィデルＦグリーヴ,
855,ファクトグリーヴ,
856,ファクトＦグリーヴ,
857,シュロスグリーヴ,
858,シュロスＦグリーヴ,
859,アエトスブーツ,
860,アエトスＦブーツ,
861,ヴェルスグリーヴ,
862,ヴェルスＦグリーヴ,
863,フラントグリーヴ,
864,フラントＦグリーヴ,
865,セリューグリーヴ,Grèves Serieux
866,セリューＦグリーヴ,Grèves Serieux F
867,ウェネスブーツ,
868,ウェネスＦブーツ,
869,フェルムフット・黒,Chausses Ferm noires
870,フェルムＦフット・黒,Chausses Ferm F noires
871,フェルムブーツ・黒,Bottes Ferm noires
872,フェルムＦブーツ・黒,Bottes Ferm F noires
873,フェルムフット・赤,Chausses Ferm rouges
874,フェルムＦフット・赤,Chausses Ferm F rouges
875,フェルムブーツ・赤,Bottes Ferm rouges
876,フェルムＦブーツ・赤,Bottes Ferm F rouges
877,フェルムフット・白,Chausses Ferm blanches
878,フェルムＦフット・白,Chausses Ferm F blanches
879,フェルムブーツ・白,Bottes Ferm blanches
880,フェルムＦブーツ・白,Bottes Ferm F blanches
881,フェルムフット・青,Chausses Ferm bleues
882,フェルムＦフット・青,Chausses Ferm F bleues
883,フェルムブーツ・青,Bottes Ferm bleues
884,フェルムＦブーツ・青,Bottes Ferm F bleues
885,リエーザフット,
886,リエーザＦフット,
887,リエーザブーツ,
888,リエーザＦブーツ,
889,クレールフット・紫,Chausses Clair violettes
890,クレールＦフット・紫,Chausses Clair F violettes
891,クレールブーツ・紫,Bottes Clair violettes
892,クレールＦブーツ・紫,Bottes Clair F violettes
893,クレールフット・水,
894,クレールＦフット・水,
895,クレールブーツ・水,
896,クレールＦブーツ・水,
897,クレールフット・赤,Chausses Clair rouges
898,クレールＦフット・赤,Chausses Clair F rouges
899,クレールブーツ・赤,Bottes Clair rouges
900,クレールＦブーツ・赤,Bottes Clair F rouges
901,クレールフット・黒,Chausses Clair noires
902,クレールＦフット・黒,Chausses Clair F noires
903,クレールブーツ・黒,Bottes Clair noires
904,クレールＦブーツ・黒,Bottes Clair F noires
905,デゼールフット,Chausses Désert
906,デゼールＦフット,Chausses Désert F
907,デゼールブーツ,Bottes Désert
908,デゼールＦブーツ,Bottes Désert F
909,エンプレスフットSP赤,
910,エンプレスフットSP黄,
911,エンプレスフットSP紫,
912,エンプレスブーツSP赤,
913,エンプレスブーツSP黄,
914,エンプレスブーツSP紫,
915,ランゴグリーヴSP黄,
916,ランゴグリーヴSP黒,
917,ランゴグリーヴSP青,
918,コムラダＬブーツ・赤,Bottes Comrada L rouges
919,コムラダＬブーツ・青,Bottes Comrada L bleues
920,コムラダＬブーツ・緑,Bottes Comrada L vertes
921,コムラダＬブーツ・橙,Bottes Comrada L orange
922,コムラダＲブーツ・赤,Bottes Comrada R rouges
923,コムラダＲブーツ・青,Bottes Comrada R bleues
924,コムラダＲブーツ・緑,Bottes Comrada R vertes
925,コムラダＲブーツ・橙,Bottes Comrada R orange
926,バトルＬレギンス,Jambières Bataille L
927,グラビドＬレギンス,Jambières Gravios L
928,ハンターＲレギンス,Jambières Hunter's R
929,ランゴＲレギンス,Jambières Vespoid R
930,ヴィリヴラフット,
931,アングリフフット,Chausses Angriff
932,ヴィリヴラブーツ,
933,アングリフブーツ,Bottes Angriff
934,シュッツフット,Chausses Schutz
935,ヒルフェフット,Chausses Hilfe
936,シュッツブーツ,Bottes Schutz
937,ヒルフェブーツ,Bottes Hilfe
938,マカルパＲパンツ,
939,ラヴィグリーヴ,Grèves Raviente
940,ラヴィＦグリーヴ,Grèves Raviente F
941,ラヴィFXグリーヴ,Grèves Raviente FX
942,ラヴィレギンス,Jambières Raviente
943,ラヴィＦレギンス,Jambières Raviente F
944,ラヴィFXレギンス,Jambières Raviente FX
945,アナキグリーヴ,
946,アナキブーツ,
947,ハーヴェストブーツ,Bottes Moisson
948,ハーヴェストレギンス,Jambières Moisson
949,クラフトブーツ,
950,クラフトＦブーツ,
951,クラフトレギンス,
952,クラフトＦレギンス,
953,ルディアブーツ,Bottes Ledia
954,ルディアＦブーツ,Bottes Ledia F
955,ルディアレギンス,Jambières Ledia
956,ルディアＦレギンス,Jambières Ledia F
957,ティーアレッグ,
958,ヴィルトレッグ,
959,ティーアブーツ,
960,ヴィルトブーツ,Bottes Viruto
961,ミューズレッグ,
962,テューンレッグ,
963,ゼーレブーツ,
964,シュナイトブーツ,Bottes Schnite
965,アセルスフット,
966,アセルスＦフット,
967,スクラフット,
968,スクラＦフット,
969,ファルムフット,
970,ファルムＦフット,
971,ディゼルブーツ,
972,ディゼルＦブーツ,
973,スディブフット,
974,スディブＦフット,
975,フィブラフット,
976,フィブラＦフット,
977,リガスフット,
978,リガスＦフット,
979,ミーツェブーツ,
980,ミーツェＦブーツ,
981,メレティフット・白,Chausses Meleti blanches
982,メレティＦフット・白,Chausses Meleti F blanches
983,メレティブーツ・白,Bottes Meleti blanches
984,メレティＦブーツ・白,Bottes Meleti F blanches
985,メレティフット・赤,Chausses Meleti rouges
986,メレティＦフット・赤,Chausses Meleti F rouges
987,メレティブーツ・赤,Bottes Meleti rouges
988,メレティＦブーツ・赤,Bottes Meleti F rouges
989,メレティフット・青,Chausses Meleti bleues
990,メレティＦフット・青,Chausses Meleti F bleues
991,メレティブーツ・青,Bottes Meleti bleues
992,メレティＦブーツ・青,Bottes Meleti F bleues
993,メレティフット・黒,Chausses Meleti noires
994,メレティＦフット・黒,Chausses Meleti F noires
995,メレティブーツ・黒,Bottes Meleti noires
996,メレティＦブーツ・黒,Bottes Meleti F noires
997,ゲレールフット,
998,ゲレールＦフット,
999,レーラーフット,
1000,レーラーＦフット,
1001,フェサーフット,
1002,フェサーＦフット,
1003,シアンスブーツ,
1004,シアンスＦブーツ,
1005,ゴルトフット・赤,Chausses Gold rouges
1006,ゴルトＦフット・赤,Chausses Gold F rouges
1007,ゴルトブーツ・赤,Bottes Gold rouges
1008,ゴルトＦブーツ・赤,Bottes Gold F rouges
1009,ゴルトフット・青,Chausses Gold bleues
1010,ゴルトＦフット・青,Chausses Gold F bleues
1011,ゴルトブーツ・青,Bottes Gold bleues
1012,ゴルトＦブーツ・青,Bottes Gold F bleues
1013,ゴルトフット・黄,Chausses Gold jaunes
1014,ゴルトＦフット・黄,Chausses Gold F jaunes
1015,ゴルトブーツ・黄,Bottes Gold jaunes
1016,ゴルトＦブーツ・黄,Bottes Gold F jaunes
1017,ゴルトフット・紫,Chausses Gold violettes
1018,ゴルトＦフット・紫,Chausses Gold F violettes
1019,ゴルトブーツ・紫,Bottes Gold violettes
1020,ゴルトＦブーツ・紫,Bottes Gold F violettes
1021,シデロフット,
1022,シデロＦフット,
1023,オールフット,
1024,オールＦフット,
1025,メタロフット,
1026,メタロＦフット,
1027,アルジャブーツ,
1028,アルジャＦブーツ,
1029,エスピナFXフェルゼ,
1030,エスピナFXアヴィレ,
1031,,
1032,エクストグリーヴ,
1033,エクストグリーヴＣ,
1034,エクストレギンス,
1035,エクストレギンスＣ,
1036,デスギアフェルゼSP白,
1037,デスギアフェルゼSP赤,
1038,デスギアフェルゼSP青,
1039,ディアブロフットSP紫,
1040,ディアブロフットSP青,
1041,ディアブロフットSP黄,
1042,マカルパパンツSP緑,
1043,マカルパパンツSP青,
1044,マカルパパンツSP黒,
1045,ドラゴンＬレグス,
1046,キリンＬブーツ,Bottes Kirin L
1047,ザザミＬレギンス,Jambières Hermitaur L
1048,ボーンＬレギンス,Jambières Os L
1049,ランゴＬレギンス,Jambières Vespoid L
1050,ディアブロＬレギンス,Jambières Diablos L
1051,Ｇ・ガードＲタイツ紅,
1052,Ｇ・ガードＲタイツ紅,
1053,タロスＲレギンス,Jambières Hornetaur R
1054,ハイメタＲレギンス,
1055,リオソウルＲレギンス,Jambières Rath R
1056,ブランゴＬグリーヴ,Grèves Blango L
1057,ガノスＬグリーヴ,Grèves Plesioth L
1058,グラビドＲグリーヴ,Grèves Gravios R
1059,イーオスＲグリーヴ,Grèves Ioprey R
1060,稲荷【具足】,
1061,稲荷・覇【具足】,
1062,玉藻【具足】,
1063,玉藻・覇【具足】,
1064,コカログリーヴ,
1065,コカロレギンス,
1066,シエリーグリーヴ,Grèves Shieri
1067,シエリーＦグリーヴ,Grèves Shieri F
1068,シエリーレギンス,Jambières Shieri
1069,シエリーＦレギンス,Jambières Shieri F
1070,ハルバダーグリーヴ,Grèves Harubadaa
1071,ハルバダーＦグリーヴ,Grèves Harubadaa F
1072,トラッカーレギンス,Jambières Traqueur
1073,トラッカーＦレギンス,Jambières Traqueur F
1074,ザーカーグリーヴ,Grèves Zaakaa
1075,ザーカーＦグリーヴ,Grèves Zaakaa F
1076,チェイサーレギンス,Jambières Poursuivant
1077,チェイサーＦレギンス,Jambières Poursuivant F
1078,ロイヤルグリーヴ,
1079,ロイヤルＦグリーヴ,
1080,ロードレギンス,
1081,ロードＦレギンス,
1082,ディクトレッグ,
1083,ディクトＦレッグ,
1084,ディレットブーツ,Bottes Diletto
1085,ディレットＦブーツ,Bottes Diletto F
1086,クリュスレッグ,
1087,クリュスＦレッグ,
1088,クォートブーツ,
1089,クォートＦブーツ,
1090,ウルバヌフット,
1091,ウルバヌＦフット,
1092,マグヌスフット,
1093,マグヌスＦフット,
1094,ソレルスフット,
1095,ソレルスＦフット,
1096,パルフェブーツ,
1097,パルフェＦブーツ,
1098,アスティフット,
1099,アスティＦフット,
1100,アガトンフット,
1101,アガトンＦフット,
1102,ランプロフット,
1103,ランプロＦフット,
1104,ソフィスブーツ,
1105,ソフィスＦブーツ,
1106,アリストフット・青,Chausses Aristo bleues
1107,アリストＦフット・青,Chausses Aristo F bleues
1108,アリストブーツ・青,Bottes Aristo bleues
1109,アリストＦブーツ・青,Bottes Aristo F bleues
1110,アリストフット・白,Chausses Aristo blanches
1111,アリストＦフット・白,Chausses Aristo F blanches
1112,アリストブーツ・白,Bottes Aristo blanches
1113,アリストＦブーツ・白,Bottes Aristo F blanches
1114,アリストフット・紫,Chausses Aristo violettes
1115,アリストＦフット・紫,Chausses Aristo F violettes
1116,アリストブーツ・紫,Bottes Aristo violettes
1117,アリストＦブーツ・紫,Bottes Aristo F violettes
1118,アリストフット・赤,Chausses Aristo rouges
1119,アリストＦフット・赤,Chausses Aristo F rouges
1120,アリストブーツ・赤,Bottes Aristo rouges
1121,アリストＦブーツ・赤,Bottes Aristo F rouges
1122,ビリスフット,
1123,ビリスＦフット,
1124,ギエールフット,
1125,ギエールＦフット,
1126,カウントフット,
1127,カウントＦフット,
1128,フュルスブーツ,
1129,フュルスＦブーツ,
1130,テクストフット・紫,Chausses Texte violettes
1131,テクストＦフット・紫,Chausses Texte F violettes
1132,テクストブーツ・紫,Bottes Texte violettes
1133,テクストＦブーツ・紫,Bottes Texte F violettes
1134,テクストフット・緑,Chausses Texte vertes
1135,テクストＦフット・緑,Chausses Texte F vertes
1136,テクストブーツ・緑,Bottes Texte vertes
1137,テクストＦブーツ・緑,Bottes Texte F vertes
1138,テクストフット・青,Chausses Texte bleues
1139,テクストＦフット・青,Chausses Texte F bleues
1140,テクストブーツ・青,Bottes Texte bleues
1141,テクストＦブーツ・青,Bottes Texte F bleues
1142,テクストフット・黒,Chausses Texte noires
1143,テクストＦフット・黒,Chausses Texte F noires
1144,テクストブーツ・黒,Bottes Texte noires
1145,テクストＦブーツ・黒,Bottes Texte F noires
1146,パスマフット,
1147,パスマＦフット,
1148,フィーブルフット,
1149,フィーブルＦフット,
1150,ヴァラクフット,
1151,ヴァラクＦフット,
1152,ネウロンブーツ,
1153,ネウロンＦブーツ,
1154,アージェフット,Chausses Arge
1155,アージェＦフット,Chausses Arge F
1156,アージェブーツ,Bottes Arge
1157,アージェＦブーツ,Bottes Arge F
1158,アカムトケマルSP黒,
1159,アカムトケマルSP赤,
1160,アカムトケマルSP白,
1161,アカムトチケルSP黒,
1162,アカムトチケルSP赤,
1163,アカムトチケルSP白,
1164,グラビドグリーヴSP黒,
1165,グラビドグリーヴSP青,
1166,グラビドグリーヴSP赤,
1167,コンガＬレギンス,Jambières Conga L
1168,ハンターＬレギンス,Jambières Hunter's L
1169,ランポスＬレギンス,Jambières Velociprey L
1170,タロスＬレギンス,Jambières Hornetaur L
1171,ハイメタＬレギンス,
1172,ゲネポスＬレギンス,Jambières Genprey L
1173,ゲネポスＲレギンス,Jambières Genprey R
1174,クックＲレギンス,Jambières Kut-Ku R
1175,バサルＲレギンス,Jambières Basarios R
1176,ガレオスＲレギンス,Jambières Cephalos R
1177,ガノスＲレギンス,Jambières Plesioth R
1178,ゲリョスＲレギンス,Jambières Gypceros R
1179,ドラゴンＬフット,
1180,ランポスＬグリーヴ,Grèves Velociprey L
1181,ランゴＲグリーヴ,Grèves Vespoid R
1182,クックＲグリーヴ,Grèves Kut-Ku R
1183,アクラFXグリーヴ,Grèves Akura FX
1184,アクラFXレギンス,Jambières Akura FX
1185,アクラFXグリーヴ黄,Grèves Akura FX jaunes
1186,アクラFXレギンス黄,Jambières Akura FX jaunes
1187,アクラFXグリーヴ蒼,Grèves Akura FX azur
1188,アクラFXレギンス蒼,Jambières Akura FX azur
1189,アクラFXグリーヴ紅,Grèves Akura FX cramoisies
1190,アクラFXレギンス紅,Jambières Akura FX cramoisies
1191,アスールＦグリーヴ,Grèves Azul F
1192,アスールＦレギンス,Jambières Azul F
1193,ダミー,
1194,ダミー,
1195,ダミー,
1196,ダミー,
1197,ダミー,
1198,ダミー,
1199,ダミー,
1200,ダミー,
1201,ダミー,
1202,ダミー,
1203,ダミー,
1204,ダミー,
1205,ダミー,
1206,ダミー,
1207,ダミー,
1208,ダミー,
1209,ダミー,
1210,ダミー,
1211,ダミー,
1212,ダミー,
1213,ダミー,
1214,ダミー,
1215,ダミー,
1216,ダミー,
1217,ダミー,
1218,ダミー,
1219,ダミー,
1220,ダミー,
1221,ダミー,
1222,ダミー,
1223,ベルドラグリーヴ,
1224,ベルドラレギンス,
1225,ディールグリーヴ,Grèves Diru
1226,ディールＦグリーヴ,Grèves Diru F
1227,ディールレギンス,Jambières Diru
1228,ディールＦレギンス,Jambières Diru F
1229,スフィアフット,Chausses Sufia
1230,スフィアＦフット,Chausses Sufia F
1231,スフィアブーツ,Bottes Sufia
1232,スフィアＦブーツ,Bottes Sufia F
1233,スタリナレッグ,
1234,スタリナＦレッグ,
1235,スタリナブーツ,Bottes Starina
1236,スタリナＦブーツ,Bottes Starina F
1237,ルースレッグ,
1238,ルースＦレッグ,
1239,ルースブーツ,
1240,ルースＦブーツ,
1241,レイジフット,Chausses Rage
1242,レイジＦフット,Chausses Rage F
1243,レイジブーツ,Bottes Rage
1244,レイジＦブーツ,Bottes Rage F
1245,ランページフット,Chausses Déchaînement
1246,ランページＦフット,Chausses Déchaînement F
1247,ランページブーツ,Bottes Déchaînement
1248,ランページＦブーツ,Bottes Déchaînement F
1249,ブレイズフット,Chausses Brasier
1250,ブレイズＦフット,Chausses Brasier F
1251,ブレイズブーツ,Bottes Brasier
1252,ブレイズＦブーツ,Bottes Brasier F
1253,ファランフット・白,Chausses Faran blanches
1254,ファランＦフット・白,Chausses Faran F blanches
1255,ファランブーツ・白,Bottes Faran blanches
1256,ファランＦブーツ・白,Bottes Faran F blanches
1257,ファランフット・黒,Chausses Faran noires
1258,ファランＦフット・黒,Chausses Faran F noires
1259,ファランブーツ・黒,Bottes Faran noires
1260,ファランＦブーツ・黒,Bottes Faran F noires
1261,ファランフット・赤,Chausses Faran rouges
1262,ファランＦフット・赤,Chausses Faran F rouges
1263,ファランブーツ・赤,Bottes Faran rouges
1264,ファランＦブーツ・赤,Bottes Faran F rouges
1265,ファランフット・青,Chausses Faran bleues
1266,ファランＦフット・青,Chausses Faran F bleues
1267,ファランブーツ・青,Bottes Faran bleues
1268,ファランＦブーツ・青,Bottes Faran F bleues
1269,きんねこ服Ｆフット,
1270,きんねこ服Ｆブーツ,
1271,ぎんねこ服ブーツ,
1272,ぎんねこ服Ｆフット,
1273,ぎんねこ服Ｆブーツ,
1274,ヴィンレッグ,
1275,ヴィンＦレッグ,
1276,ヴァンデレッグ,
1277,ヴァンデＦレッグ,
1278,デスモレッグ,
1279,デスモＦレッグ,
1280,ミスクブーツ,
1281,ミスクＦブーツ,
1282,ウーズィレッグ,
1283,ウーズィＦレッグ,
1284,レガーメレッグ,
1285,レガーメＦレッグ,
1286,ノットレッグ,
1287,ノットＦレッグ,
1288,ラソスブーツ,
1289,ラソスＦブーツ,
1290,レックスグリーヴSP黒,
1291,レックスグリーヴSP白,
1292,レックスグリーヴSP紫,
1293,モノブロスブーツSP黄,
1294,モノブロスブーツSP緑,
1295,モノブロスブーツSP白,
1296,フルフルレギンスSP黒,
1297,フルフルレギンスSP緑,
1298,フルフルレギンスSP青,
1299,ヒプノＬレギンス,Jambières Hypnoc L
1300,ラヴァＬレギンス,Jambières Lavasioth L
1301,パピメルＬフェムル,
1302,ガレオスＬレギンス,Jambières Cephalos L
1303,レイアＬレギンス,Jambières Rathian L
1304,クックＬレギンス,Jambières Kut-Ku L
1305,忍の足袋・Ｒ,
1306,クリームＲジャージー,
1307,エスピナＲアヴィレ,
1308,アクラＲレギンス,Jambières Akura R
1309,アクラＲレギンス黄,Jambières Akura R jaunes
1310,アクラＲレギンス蒼,Jambières Akura R azur
1311,アクラＲレギンス紅,Jambières Akura R cramoisies
1312,ラヴァＲレギンス,Jambières Lavasioth R
1313,オウビートＬガンバ,
1314,ゲネポスＬグリーヴ,Grèves Genprey L
1315,アクラＲグリーヴ,Grèves Akura R
1316,アクラＲグリーヴ黄,Grèves Akura R jaunes
1317,アクラＲグリーヴ蒼,Grèves Akura R azur
1318,アクラＲグリーヴ紅,Grèves Akura R cramoisies
1319,稲荷・FX【具足】,
1320,玉藻・FX【具足】,
1321,エクエスFXグリーヴ,Grèves Eques FX
1322,エクエスFXレギンス,Jambières Eques FX
1323,ノワールＦグリーヴ,
1324,ヒメロスＦグリーヴ,Grèves Himeros F
1325,ブレシスＦグリーヴ,Grèves Bureshisu F
1326,カリエンＦレギンス,Jambières Charien F
1327,グレングリーヴ,Grèves Guren
1328,グレンＦグリーヴ,Grèves Guren F
1329,グレンレギンス,Jambières Guren
1330,グレンＦレギンス,Jambières Guren F
1331,ガーネットグリーヴ,Grèves Grenat
1332,ガーネットＦグリーヴ,Grèves Grenat F
1333,ガーネットFXグリーヴ,Grèves Grenat FX
1334,アメジストグリーヴ,Grèves Améthyste
1335,アメジストＦグリーヴ,Grèves Améthyste F
1336,アメジストFXグリーヴ,Grèves Améthyste FX
1337,コーラルグリーヴ,Grèves Corail
1338,コーラルＦグリーヴ,Grèves Corail F
1339,コーラルFXグリーヴ,Grèves Corail FX
1340,クォーツグリーヴ,
1341,クォーツＦグリーヴ,
1342,クォーツFXグリーヴ,
1343,ルビーグリーヴ,
1344,ルビーＦグリーヴ,
1345,ルビーFXグリーヴ,
1346,サファイアグリーヴ,Grèves Saphir
1347,サファイアＦグリーヴ,Grèves Saphir F
1348,サファイアFXグリーヴ,Grèves Saphir FX
1349,エメラルドグリーヴ,
1350,エメラルドＦグリーヴ,
1351,エメラルドFXグリーヴ,
1352,パールグリーヴ,
1353,パールＦグリーヴ,
1354,パールFXグリーヴ,
1355,トパーズレギンス,Jambières Topaze
1356,トパーズＦレギンス,Jambières Topaze F
1357,トパーズFXレギンス,Jambières Topaze FX
1358,トルマリンレギンス,
1359,トルマリンＦレギンス,
1360,トルマリンFXレギンス,
1361,ラピスレギンス,Jambières Lapis
1362,ラピスＦレギンス,Jambières Lapis F
1363,ラピスFXレギンス,Jambières Lapis FX
1364,ベルFXグリーヴ,Grèves Beru FX
1365,ベルFXレギンス,Jambières Beru FX
1366,アプカルＦグリーヴ,Grèves Apkallu F
1367,アプカルＦレギンス,Jambières Apkallu F
1368,ミクセスグリーヴ,Grèves Mixes
1369,ミクセスＦグリーヴ,Grèves Mixes F
1370,ミクセスレギンス,Jambières Mixes
1371,ミクセスＦレギンス,Jambières Mixes F
1372,アトラグリーヴ,Grèves Atra
1373,アトラＦグリーヴ,Grèves Atra F
1374,アトラレギンス,Jambières Atra
1375,アトラＦレギンス,Jambières Atra F
1376,ミラドレッグ,
1377,ミラドＦレッグ,
1378,ミラドブーツ,Bottes Mirado
1379,ミラドＦブーツ,Bottes Mirado F
1380,デュールグリーヴ,Grèves Deyuru
1381,デュールＦグリーヴ,Grèves Deyuru F
1382,デュールレギンス,Jambières Deyuru
1383,デュールＦレギンス,Jambières Deyuru F
1384,クルシッドフット,
1385,クルシッドＦフット,
1386,ヴェロシフット,
1387,ヴェロシＦフット,
1388,ケプトフット,
1389,ケプトＦフット,
1390,ハウットブーツ,
1391,ハウットＦブーツ,
1392,ヴェンガフット,
1393,ヴェンガＦフット,
1394,スプリンフット,
1395,スプリンＦフット,
1396,マシャルフット,
1397,マシャルＦフット,
1398,ペンブルブーツ,
1399,ペンブルＦブーツ,
1400,リゲリアフット・白,Chausses Ligeria blanches
1401,リゲリアＦフット・白,Chausses Ligeria F blanches
1402,リゲリアブーツ・白,Bottes Ligeria blanches
1403,リゲリアＦブーツ・白,Bottes Ligeria F blanches
1404,リゲリアフット・赤,Chausses Ligeria rouges
1405,リゲリアＦフット・赤,Chausses Ligeria F rouges
1406,リゲリアブーツ・赤,Bottes Ligeria rouges
1407,リゲリアＦブーツ・赤,Bottes Ligeria F rouges
1408,リゲリアフット・緑,Chausses Ligeria vertes
1409,リゲリアＦフット・緑,Chausses Ligeria F vertes
1410,リゲリアブーツ・緑,Bottes Ligeria vertes
1411,リゲリアＦブーツ・緑,Bottes Ligeria F vertes
1412,リゲリアフット・青,Chausses Ligeria bleues
1413,リゲリアＦフット・青,Chausses Ligeria F bleues
1414,リゲリアブーツ・青,Bottes Ligeria bleues
1415,リゲリアＦブーツ・青,Bottes Ligeria F bleues
1416,ゴラエスフット,
1417,ゴラエスＦフット,
1418,バシリスフット,
1419,バシリスＦフット,
1420,インジンフット,
1421,インジンＦフット,
1422,デクスタブーツ,Bottes Dexter
1423,デクスタＦブーツ,Bottes Dexter F
1424,ジャッグフット,
1425,ジャッグＦフット,
1426,コンシラフット,
1427,コンシラＦフット,
1428,プレデタフット,Chausses Prédateur
1429,プレデタＦフット,Chausses Prédateur F
1430,プリジドブーツ,
1431,プリジドＦブーツ,
1432,スリートフット・黄,Chausses Grésil jaunes
1433,スリートＦフット・黄,Chausses Grésil F jaunes
1434,スリートブーツ・黄,Bottes Grésil jaunes
1435,スリートＦブーツ・黄,Bottes Grésil F jaunes
1436,スリートフット・銀,Chausses Grésil argentées
1437,スリートＦフット・銀,Chausses Grésil F argentées
1438,スリートブーツ・銀,Bottes Grésil argentées
1439,スリートＦブーツ・銀,Bottes Grésil F argentées
1440,スリートフット・赤,Chausses Grésil rouges
1441,スリートＦフット・赤,Chausses Grésil F rouges
1442,スリートブーツ・赤,Bottes Grésil rouges
1443,スリートＦブーツ・赤,Bottes Grésil F rouges
1444,スリートフット・青,Chausses Grésil bleues
1445,スリートＦフット・青,Chausses Grésil F bleues
1446,スリートブーツ・青,Bottes Grésil bleues
1447,スリートＦブーツ・青,Bottes Grésil F bleues
1448,カマレラフット,Chausses Camarera
1449,カマレラＦフット,Chausses Camarera F
1450,カマレラブーツ,Bottes Camarera
1451,カマレラＦブーツ,Bottes Camarera F
1452,ガノスグリーヴSP黒,
1453,ガノスグリーヴSP黄,
1454,ガノスグリーヴSP紫,
1455,ガノスレギンスSP黒,
1456,ガノスレギンスSP黄,
1457,ガノスレギンスSP紫,
1458,ゲリョスレギンスSP赤,
1459,ゲリョスレギンスSP黄,
1460,ゲリョスレギンスSP緑,
1461,ダミー,
1462,ダミー,
1463,ミラルーツＲフット,Chausses Fatalis R
1464,Ｇ・ルナＲレギンス,
1465,Ｓ・ソルＲレギンス,
1466,デスギアＬアヴィレ,
1467,グリーンＬジャージー,
1468,ブルーＬジャージー,
1469,ギザミＲレギンス,Jambières Ceanataur R
1470,ディアブロＲレギンス,Jambières Diablos R
1471,ブランゴＲレギンス,Jambières Blango R
1472,コンガＲグリーヴ,Grèves Conga R
1473,コンガＲレギンス,Jambières Conga R
1474,ヒプノＲレギンス,Jambières Hypnoc R
1475,モノデビルＲレギンス,Jambières Monodevil R
1476,ガノスＲグリーヴ,Grèves Plesioth R
1477,サンタフット,Chausses Santa
1478,サンタＦフット,Chausses Santa F
1479,サンタブーツ,Bottes Santa
1480,サンタＦブーツ,Bottes Santa F
1481,フェリグリーヴ,
1482,フェリＦグリーヴ,
1483,フェリレギンス,
1484,フェリＦレギンス,
1485,テネールグリーヴ,
1486,テネールＦグリーヴ,
1487,テネールブーツ,
1488,テネールＦブーツ,
1489,ライダーレッグＢ,
1490,ライジングレッグＢ,
1491,ライダーブーツＢ,
1492,ライジングブーツＢ,
1493,ライダーレッグＲ,
1494,ライジングレッグＲ,
1495,ライダーブーツＲ,
1496,ライジングブーツＲ,
1497,ライダーレッグＹ,
1498,ライジングレッグＹ,
1499,ライダーブーツＹ,
1500,ライジングブーツＹ,
1501,ライダーレッグＧ,
1502,ライジングレッグＧ,
1503,ライダーブーツＧ,
1504,ライジングブーツＧ,
1505,ロバストペイル,
1506,ロバストＦペイル,
1507,ロバストレグス,
1508,ロバストＦレグス,
1509,ククボフット,Chausses Kukubo
1510,ククボＦフット,Chausses Kukubo F
1511,ククボレギンス,Jambières Kukubo
1512,ククボＦレギンス,Jambières Kukubo F
1513,ファルコグリーヴ,Grèves Falco
1514,ファルコＦグリーヴ,Grèves Falco F
1515,ファルコレギンス,Jambières Falco
1516,ファルコＦレギンス,Jambières Falco F
1517,ヴェスナフット,
1518,ヴェスナＦフット,
1519,ベラノフット,
1520,ベラノＦフット,
1521,カリフフット,
1522,カリフＦフット,
1523,シターブーツ,
1524,シターＦブーツ,
1525,コンセトフット,
1526,コンセトＦフット,
1527,バステルフット,
1528,バステルＦフット,
1529,カタフフット,
1530,カタフＦフット,
1531,ハネツァブーツ,
1532,ハネツァＦブーツ,
1533,バーニーフット・黒,Chausses Barney noires
1534,バーニーＦフット・黒,Chausses Barney F noires
1535,バーニーブーツ・黒,Bottes Barney noires
1536,バーニーＦブーツ・黒,Bottes Barney F noires
1537,バーニーフット・白,Chausses Barney blanches
1538,バーニーＦフット・白,Chausses Barney F blanches
1539,バーニーブーツ・白,Bottes Barney blanches
1540,バーニーＦブーツ・白,Bottes Barney F blanches
1541,バーニーフット・赤,Chausses Barney rouges
1542,バーニーＦフット・赤,Chausses Barney F rouges
1543,バーニーブーツ・赤,Bottes Barney rouges
1544,バーニーＦブーツ・赤,Bottes Barney F rouges
1545,バーニーフット・紫,Chausses Barney violettes
1546,バーニーＦフット・紫,Chausses Barney F violettes
1547,バーニーブーツ・紫,Bottes Barney violettes
1548,バーニーＦブーツ・紫,Bottes Barney F violettes
1549,昇龍脚着・白,
1550,昇龍Ｆ脚着・白,
1551,波動脚着・白,
1552,波動Ｆ脚着・白,
1553,百裂脚着・青,
1554,百裂Ｆ脚着・青,
1555,気功脚着・青,
1556,気功Ｆ脚着・青,
1557,昇龍脚着・紺,
1558,昇龍Ｆ脚着・紺,
1559,波動脚着・紺,
1560,波動Ｆ脚着・紺,
1561,百裂脚着・黒,
1562,百裂Ｆ脚着・黒,
1563,気功脚着・黒,
1564,気功Ｆ脚着・黒,
1565,昇龍脚着・黄,
1566,昇龍Ｆ脚着・黄,
1567,波動脚着・黄,
1568,波動Ｆ脚着・黄,
1569,百裂脚着・黄,
1570,百裂Ｆ脚着・黄,
1571,気功脚着・黄,
1572,気功Ｆ脚着・黄,
1573,昇龍脚着・紫,
1574,昇龍Ｆ脚着・紫,
1575,波動脚着・紫,
1576,波動Ｆ脚着・紫,
1577,百裂脚着・緑,
1578,百裂Ｆ脚着・緑,
1579,気功脚着・緑,
1580,気功Ｆ脚着・緑,
1581,ステノグリーヴ・橙,Grèves Stheno orange
1582,ステノＦグリーヴ・橙,Grèves Stheno F orange
1583,ステノレギンス・橙,Jambières Stheno orange
1584,ステノＦレギンス・橙,Jambières Stheno F orange
1585,ステノグリーヴ・桃,Grèves Stheno roses
1586,ステノＦグリーヴ・桃,Grèves Stheno F roses
1587,ステノレギンス・桃,Jambières Stheno roses
1588,ステノＦレギンス・桃,Jambières Stheno F roses
1589,ステノグリーヴ・青,Grèves Stheno bleues
1590,ステノＦグリーヴ・青,Grèves Stheno F bleues
1591,ステノレギンス・青,Jambières Stheno bleues
1592,ステノＦレギンス・青,Jambières Stheno F bleues
1593,ステノグリーヴ・赤,Grèves Stheno rouges
1594,ステノＦグリーヴ・赤,Grèves Stheno F rouges
1595,ステノレギンス・赤,Jambières Stheno rouges
1596,ステノＦレギンス・赤,Jambières Stheno F rouges
1597,ジャンピンフット,Chausses Jumpin'
1598,ジャンピンＦフット,Chausses Jumpin' F
1599,ジャンピンブーツ,Bottes Jumpin'
1600,ジャンピンＦブーツ,Bottes Jumpin' F
1601,アデュスグリーヴ,
1602,アデュスＦグリーヴ,
1603,アデュスレギンス,
1604,アデュスＦレギンス,
1605,メテネラフット,Chausses Metenera
1606,メテネラＦフット,Chausses Metenera F
1607,メテネラブーツ,Bottes Metenera
1608,メテネラＦブーツ,Bottes Metenera F
1609,エクセレグリーヴ,Grèves Excelle
1610,エクセレＦグリーヴ,Grèves Excelle F
1611,エクセレレギンス,Jambières Excelle
1612,エクセレＦレギンス,Jambières Excelle F
1613,プペングリーヴ,Grèves Pupen
1614,プペンＦグリーヴ,Grèves Pupen F
1615,プペンレギンス,Jambières Pupen
1616,プペンＦレギンス,Jambières Pupen F
1617,モスカバグリーヴ,
1618,モスカバＦグリーヴ,
1619,モスカバレギンス,
1620,モスカバＦレギンス,
1621,神楽【袴】SP赤,
1622,神楽【袴】SP黒,
1623,神楽【袴】SP紫,
1624,神座【袴】SP赤,
1625,神座【袴】SP黒,
1626,神座【袴】SP紫,
1627,モスフットSP白,
1628,モスフットSP黄,
1629,モスフットSP青,
1630,オウビートＬフェムル,
1631,ヒプノＬグリーヴ,Grèves Hypnoc L
1632,コンガＬグリーヴ,Grèves Conga L
1633,コーヒーＲジャージー,
1634,ザザミＲレギンス,Jambières Hermitaur R
1635,ゲリョスＲグリーヴ,Grèves Gypceros R
1636,ゲネポスＲグリーヴ,Grèves Genprey R
1637,シャッセグリーヴ,Grèves Shasse
1638,シャッセレギンス,Jambières Shasse
1639,ゴスペルＦグリーヴ,
1640,ゴスペルＦレギンス,
1641,ルージュＦグリーヴ,
1642,フレイヤブーツ,Bottes Freyja
1643,フレイヤレギンス,Jambières Freyja
1644,パリアFXグリーヴ,Grèves Paria FX
1645,パリアFXレギンス,Jambières Paria FX
1646,グレンFXグリーヴ,Grèves Guren FX
1647,グレンFXレギンス,Jambières Guren FX
1648,ルコフット,Chausses Ruko
1649,ルコＦフット,Chausses Ruko F
1650,ルコレグス,
1651,ルコＦレグス,
1652,ブリッツレガース,
1653,ブリッツブーツ,
1654,リルスグリーヴ,Grèves Lils
1655,ダミー,
1656,リルスレギンス,Jambières Lils
1657,ダミー,
1658,神楽FX【袴】,
1659,神座FX【袴】,
1660,蒼空ノ袴,
1661,蒼空ノ袴・魁,
1662,蒼天ノ袴,
1663,蒼天ノ袴・魁,
1664,ブレオグリーヴ,Grèves Breo
1665,ブレオＦグリーヴ,Grèves Breo F
1666,ヴィネングリーヴ,Grèves Vinen
1667,ヴィネンＦグリーヴ,Grèves Vinen F
1668,ヴィネンブーツ,Bottes Vinen
1669,ヴィネンＦブーツ,Bottes Vinen F
1670,アナトリグリーヴ,
1671,アナトリレギンス,
1672,エディオフット・青,Chausses Edio bleues
1673,エディオＦフット・青,Chausses Edio F bleues
1674,エディオブーツ・青,Bottes Edio bleues
1675,エディオＦブーツ・青,Bottes Edio F bleues
1676,エディオフット・赤,Chausses Edio rouges
1677,エディオＦフット・赤,Chausses Edio F rouges
1678,エディオブーツ・赤,Bottes Edio rouges
1679,エディオＦブーツ・赤,Bottes Edio F rouges
1680,エディオフット・黄,Chausses Edio jaunes
1681,エディオＦフット・黄,Chausses Edio F jaunes
1682,エディオブーツ・黄,Bottes Edio jaunes
1683,エディオＦブーツ・黄,Bottes Edio F jaunes
1684,エディオフット・黒,Chausses Edio noires
1685,エディオＦフット・黒,Chausses Edio F noires
1686,エディオブーツ・黒,Bottes Edio noires
1687,エディオＦブーツ・黒,Bottes Edio F noires
1688,アビットフット,Chausses Abitto
1689,アビットＦフット,Chausses Abitto F
1690,アビットブーツ,Bottes Abitto
1691,アビットＦブーツ,Bottes Abitto F
1692,ハウクスグリーヴ,Grèves Howx
1693,ハウクスＦグリーヴ,Grèves Howx F
1694,ハウクスレギンス,Jambières Howx
1695,ハウクスＦレギンス,Jambières Howx F
1696,ピラータグリーヴ,Grèves Pirata
1697,ピラータＦグリーヴ,Grèves Pirata F
1698,ピラータレギンス,Jambières Pirata
1699,ピラータＦレギンス,Jambières Pirata F
1700,アレスフット,
1701,アレスＦフット,
1702,カリノフット,
1703,カリノＦフット,
1704,ルルスフット,
1705,ルルスＦフット,
1706,ナーダブーツ,Bottes Nada
1707,ナーダＦブーツ,Bottes Nada F
1708,ロサフット,Chausses Rosa
1709,ロサＦフット,Chausses Rosa F
1710,ハオスフット,Chausses Haosu
1711,ハオスＦフット,Chausses Haosu F
1712,ミールフット,Chausses Miru
1713,ミールＦフット,Chausses Miru F
1714,パスブーツ,Bottes Pasu
1715,パスＦブーツ,Bottes Pasu F
1716,蘭陀の袴・黄,
1717,蘭蛮の袴・黄,
1718,蘭陀の履・黄,
1719,蘭蛮の履・黄,
1720,蘭陀の袴・赤,
1721,蘭蛮の袴・赤,
1722,蘭陀の履・赤,
1723,蘭蛮の履・赤,
1724,蘭陀の袴・紫,
1725,蘭蛮の袴・紫,
1726,蘭陀の履・紫,
1727,蘭蛮の履・紫,
1728,蘭陀の袴・金,
1729,蘭蛮の袴・金,
1730,蘭陀の履・金,
1731,蘭蛮の履・金,
1732,竜巻脚着・黒,
1733,竜巻Ｆ脚着・黒,
1734,真空脚着・黒,
1735,真空Ｆ脚着・黒,
1736,千裂脚着・黒,
1737,千裂Ｆ脚着・黒,
1738,覇山脚着・黒,
1739,覇山Ｆ脚着・黒,
1740,竜巻脚着・茶,
1741,竜巻Ｆ脚着・茶,
1742,真空脚着・茶,
1743,真空Ｆ脚着・茶,
1744,千裂脚着・紫,
1745,千裂Ｆ脚着・紫,
1746,覇山脚着・紫,
1747,覇山Ｆ脚着・紫,
1748,竜巻脚着・白,
1749,竜巻Ｆ脚着・白,
1750,真空脚着・白,
1751,真空Ｆ脚着・白,
1752,千裂脚着・白,
1753,千裂Ｆ脚着・白,
1754,覇山脚着・白,
1755,覇山Ｆ脚着・白,
1756,竜巻脚着・青,
1757,竜巻Ｆ脚着・青,
1758,真空脚着・青,
1759,真空Ｆ脚着・青,
1760,千裂脚着・緑,
1761,千裂Ｆ脚着・緑,
1762,覇山脚着・緑,
1763,覇山Ｆ脚着・緑,
1764,正拳脚着,
1765,正拳Ｆ脚着,
1766,灼熱脚着,
1767,灼熱Ｆ脚着,
1768,龍星脚着,
1769,龍星Ｆ脚着,
1770,虎襲脚着,
1771,虎襲Ｆ脚着,
1772,旋風脚着,
1773,旋風Ｆ脚着,
1774,巴脚着,
1775,巴Ｆ脚着,
1776,天空脚着,
1777,天空Ｆ脚着,
1778,天昇脚着,
1779,天昇Ｆ脚着,
1780,ジェアムフット,Chausses Jeamu
1781,ジェアムＦフット,Chausses Jeamu F
1782,アミュスフット,Chausses Amyusu
1783,アミュスＦフット,Chausses Amyusu F
1784,クレバンフット,Chausses Clevan
1785,クレバンＦフット,Chausses Clevan F
1786,メテロスブーツ,Bottes Meterosu
1787,メテロスＦブーツ,Bottes Meterosu F
1788,シプレルフット,Chausses Shipureru
1789,シプレルＦフット,Chausses Shipureru F
1790,トレスパフット,Chausses Toresupa
1791,トレスパＦフット,Chausses Toresupa F
1792,ステラルフット,Chausses Suteraru
1793,ステラルＦフット,Chausses Suteraru F
1794,ハキュラブーツ,Bottes Hakyura
1795,ハキュラＦブーツ,Bottes Hakyura F
1796,オルテモＦフット,Chausses Orutemo F
1797,オルテモＦブーツ,Bottes Orutemo F
1798,忍の足袋・陰SP黄,
1799,忍の足袋・陰SP赤,
1800,忍の足袋・陰SP青,
1801,ＫロブスタフットSP黒,
1802,ＫロブスタフットSP緑,
1803,ＫロブスタフットSP青,
1804,ＫロブスタブーツSP黒,
1805,ＫロブスタブーツSP緑,
1806,ＫロブスタブーツSP青,
1807,アネシスＦグリーヴ,Grèves Aneshisu F
1808,アネシスＦレギンス,Jambières Aneshisu F
1809,ブランＦグリーヴ,Grèves Buran F
1810,ツヴィンガフット,Chausses Zwinger
1811,ツヴィンガブーツ,Bottes Zwinger
1812,鬼神ノ足枷・魁,
1813,童子ノ足枷・魁,
1814,メランＦグリーヴ,Grèves Melan F
1815,メランＦレギンス,Jambières Melan F
1816,ブートＦレッグ,
1817,ヒメロスFXグリーヴ,Grèves Himeros FX
1818,カリエンFXレギンス,Jambières Charien FX
1819,ブレシスFXグリーヴ,Grèves Bureshisu FX
1820,レウスLXグリーヴ,Grèves Rathalos LX
1821,リオソウルRXグリーヴ,Grèves Rath RX
1822,フルフルLXグリーヴ,Grèves Khezu LX
1823,フルフルRXグリーヴ,Grèves Khezu RX
1824,ハイメタLXグリーヴ,
1825,ハイメタRXグリーヴ,
1826,タロスLXレギンス,Jambières Hornetaur LX
1827,タロスRXレギンス,Jambières Hornetaur RX
1828,ベルドラＲグリーヴ,
1829,ベルドラＲレギンス,
1830,フレイムグリーヴ,Grèves Flamme
1831,フレイムレギンス,Jambières Flamme
1832,夕焼ノ袴,
1833,夕茜ノ袴,
1834,プーギーフット,Chausses Poogie
1835,プーギーＦフット,Chausses Poogie F
1836,プーギーヒール,
1837,プーギーＦヒール,
1838,マンドラフット,Chausses Mandora
1839,マンドラＦフット,Chausses Mandora F
1840,マンドラブーツ,Bottes Mandora
1841,マンドラＦブーツ,Bottes Mandora F
1842,アオノコフット,Chausses Aonoko
1843,アオノコＦフット,Chausses Aonoko F
1844,アオノコブーツ,Bottes Aonoko
1845,アオノコＦブーツ,Bottes Aonoko F
1846,ゼロイグリーヴ,Grèves Zeroi
1847,ゼロイＦグリーヴ,Grèves Zeroi F
1848,ゼロイレギンス,Jambières Zeroi
1849,ゼロイＦレギンス,Jambières Zeroi F
1850,レイルグリーヴ,
1851,レイルＦグリーヴ,
1852,レイルレギンス,
1853,レイルＦレギンス,
1854,ルデオスグリーヴ,Grèves Rudeos
1855,ルデオスＦグリーヴ,Grèves Rudeos F
1856,ルデオスレギンス,Jambières Rudeos
1857,ルデオスＦレギンス,Jambières Rudeos F
1858,オルケシスグリーヴ,Grèves Orchesis
1859,オルケシスＦグリーヴ,Grèves Orchesis F
1860,オルケシスレギンス,Jambières Orchesis
1861,オルケシスＦレギンス,Jambières Orchesis F
1862,フルイトグリーヴ,
1863,フルイトＦグリーヴ,
1864,ゲレオングリーヴ,
1865,ゲレオンＦグリーヴ,
1866,ケックグリーヴ,
1867,ケックＦグリーヴ,
1868,ヘンフロレギンス,
1869,ヘンフロＦレギンス,
1870,フリゲトグリーヴ,
1871,フリゲトＦグリーヴ,
1872,バークグリーヴ,
1873,バークＦグリーヴ,
1874,ブリガングリーヴ,
1875,ブリガンＦグリーヴ,
1876,プラムレギンス,
1877,プラムＦレギンス,
1878,マイストフット・紅,Chausses Maist cramoisies
1879,マイストＦフット・紅,Chausses Maist F cramoisies
1880,マイストブーツ・紅,Bottes Maist cramoisies
1881,マイストＦブーツ・紅,Bottes Maist F cramoisies
1882,マイストフット・緑,Chausses Maist vertes
1883,マイストＦフット・緑,Chausses Maist F vertes
1884,マイストブーツ・緑,Bottes Maist vertes
1885,マイストＦブーツ・緑,Bottes Maist F vertes
1886,マイストフット・蒼,Chausses Maist azur
1887,マイストＦフット・蒼,Chausses Maist F azur
1888,マイストブーツ・蒼,Bottes Maist azur
1889,マイストＦブーツ・蒼,Bottes Maist F azur
1890,マイストフット・桜,
1891,マイストＦフット・桜,
1892,マイストブーツ・桜,
1893,マイストＦブーツ・桜,
1894,ワグネフット,Chausses Wagune
1895,ワグネＦフット,Chausses Wagune F
1896,ワグネブーツ,Bottes Wagune
1897,ワグネＦブーツ,Bottes Wagune F
1898,ピスティスＦフット,Chausses Pistis F
1899,ピスティスＦブーツ,Bottes Pistis F
1900,ヒプノグリーヴSP緑,
1901,ヒプノグリーヴSP赤,
1902,ヒプノグリーヴSP黄,
1903,ベルグリーヴSP黒,
1904,ベルグリーヴSP赤,
1905,ベルグリーヴSP紫,
1906,ベルレギンスSP黒,
1907,ベルレギンスSP赤,
1908,ベルレギンスSP紫,
1909,ルルディブーツ,Bottes Rurudi
1910,ルルディレギンス,Jambières Rurudi
1911,アークＦグリーヴ,
1912,アークＦレギンス,
1913,ストレガFXグリーヴ,Grèves Strega FX
1914,ストレガFXレギンス,Jambières Strega FX
1915,リオハートRXグリーヴ,Grèves Rath RX
1916,レイアLXグリーヴ,Grèves Rathian LX
1917,ランゴRXレギンス,Jambières Vespoid RX
1918,ランゴLXレギンス,Jambières Vespoid LX
1919,ザザミRXグリーヴ,Grèves Hermitaur RX
1920,ザザミLXグリーヴ,Grèves Hermitaur LX
1921,ディアブロRXグリーヴ,Grèves Diablos RX
1922,ディアブロLXグリーヴ,Grèves Diablos LX
1923,リリオグリーヴ,
1924,フレサグリーヴ,
1925,クラベルグリーヴ,
1926,シルエラグリーヴ,
1927,カメリアグリーヴ,
1928,ハシントグリーヴ,
1929,セレソグリーヴ,
1930,オリバグリーヴ,
1931,ラウレルレギンス,
1932,ココレギンス,
1933,グラナダレギンス,
1934,アトログリーヴ,
1935,アトロＦグリーヴ,
1936,アトロブーツ,
1937,アトロＦブーツ,
1938,ゴゴグリーヴ,Grèves Gogomoa
1939,ゴゴＦグリーヴ,Grèves Gogomoa F
1940,ゴゴレギンス,Jambières Gogomoa
1941,ゴゴＦレギンス,Jambières Gogomoa F
1942,ワダツミ【具足】,
1943,オカミ【具足】,
1944,ディーナレッグ,
1945,ディーナＦレッグ,
1946,絶影ノ袴,
1947,絶影ノ袴・魁,
1948,翔影ノ袴,
1949,翔影ノ袴・魁,
1950,黒虎ノ具足,
1951,黒豹ノ具足,
1952,刹帝利ノ足枷,
1953,婆羅門ノ足枷,
1954,ガリトスフット・茶,Chausses Garitos brunes
1955,ガリトスＦフット・茶,Chausses Garitos F brunes
1956,ガリトスブーツ・茶,Bottes Garitos brunes
1957,ガリトスＦブーツ・茶,Bottes Garitos F brunes
1958,ガリトスフット・赤,Chausses Garitos rouges
1959,ガリトスＦフット・赤,Chausses Garitos F rouges
1960,ガリトスブーツ・赤,Bottes Garitos rouges
1961,ガリトスＦブーツ・赤,Bottes Garitos F rouges
1962,ガリトスフット・黒,Chausses Garitos noires
1963,ガリトスＦフット・黒,Chausses Garitos F noires
1964,ガリトスブーツ・黒,Bottes Garitos noires
1965,ガリトスＦブーツ・黒,Bottes Garitos F noires
1966,ガリトスフット・水,
1967,ガリトスＦフット・水,
1968,ガリトスブーツ・水,
1969,ガリトスＦブーツ・水,
1970,リブリーフット,Chausses Riburi
1971,リブリーＦフット,Chausses Riburi F
1972,リブリーFZフット,Chausses Riburi FZ
1973,リブリーブーツ,Bottes Riburi
1974,リブリーＦブーツ,Bottes Riburi F
1975,リブリーFZブーツ,Bottes Riburi FZ
1976,リーデレグリーヴ,Grèves Ridere
1977,リーデレＦグリーヴ,Grèves Ridere F
1978,リーデレレギンス,Jambières Ridere
1979,リーデレＦレギンス,Jambières Ridere F
1980,リエットグリーヴ,Grèves Émeute
1981,リエットＦグリーヴ,Grèves Émeute F
1982,リエットレギンス,Jambières Émeute
1983,リエットＦレギンス,Jambières Émeute F
1984,スケイナグリーヴ,
1985,スケイナＦグリーヴ,
1986,ミッシナグリーヴ,
1987,ミッシナＦグリーヴ,
1988,プリースグリーヴ,
1989,プリースＦグリーヴ,
1990,レキトリレギンス,
1991,レキトリＦレギンス,
1992,マドニカグリーヴ,
1993,マドニカＦグリーヴ,
1994,ヴィリヤグリーヴ,
1995,ヴィリヤＦグリーヴ,
1996,ラプラルグリーヴ,
1997,ラプラルＦグリーヴ,
1998,サザールレギンス,
1999,サザールＦレギンス,
2000,トラスレギンス青,Jambières Truss bleues
2001,トラスＦレギンス青,Jambières Truss F bleues
2002,トラスシューズ青,
2003,トラスＦシューズ青,
2004,トラスレギンス赤,Jambières Truss rouges
2005,トラスＦレギンス赤,Jambières Truss F rouges
2006,トラスシューズ赤,
2007,トラスＦシューズ赤,
2008,トラスレギンス白,Jambières Truss blanches
2009,トラスＦレギンス白,Jambières Truss F blanches
2010,トラスシューズ白,
2011,トラスＦシューズ白,
2012,トラスレギンス紫,Jambières Truss violettes
2013,トラスＦレギンス紫,Jambières Truss F violettes
2014,トラスシューズ紫,
2015,トラスＦシューズ紫,
2016,デモングリーヴ青,Grèves Démon bleues
2017,デモンＦグリーヴ青,Grèves Démon F bleues
2018,カオスグリーヴ青,Grèves Chaos bleues
2019,カオスＦグリーヴ青,Grèves Chaos F bleues
2020,デモングリーヴ赤,Grèves Démon rouges
2021,デモンＦグリーヴ赤,Grèves Démon F rouges
2022,カオスグリーヴ赤,Grèves Chaos rouges
2023,カオスＦグリーヴ赤,Grèves Chaos F rouges
2024,デモングリーヴ緑,Grèves Démon vertes
2025,デモンＦグリーヴ緑,Grèves Démon F vertes
2026,カオスグリーヴ緑,Grèves Chaos vertes
2027,カオスＦグリーヴ緑,Grèves Chaos F vertes
2028,デモングリーヴ白,Grèves Démon blanches
2029,デモンＦグリーヴ白,Grèves Démon F blanches
2030,カオスグリーヴ白,Grèves Chaos blanches
2031,カオスＦグリーヴ白,Grèves Chaos F blanches
2032,シャドウブーツ紫,Bottes Ombre violettes
2033,シャドウＦブーツ紫,Bottes Ombre F violettes
2034,ソウルブーツ紫,
2035,ソウルＦブーツ紫,
2036,シャドウブーツ赤,Bottes Ombre rouges
2037,シャドウＦブーツ赤,Bottes Ombre F rouges
2038,ソウルブーツ赤,
2039,ソウルＦブーツ赤,
2040,シャドウブーツ緑,Bottes Ombre vertes
2041,シャドウＦブーツ緑,Bottes Ombre F vertes
2042,ソウルブーツ緑,
2043,ソウルＦブーツ緑,
2044,シャドウブーツ白,Bottes Ombre blanches
2045,シャドウＦブーツ白,Bottes Ombre F blanches
2046,ソウルブーツ白,
2047,ソウルＦブーツ白,
2048,フィディグリーヴ,
2049,エピディグリーヴ,
2050,ヴェルフィグリーヴ,
2051,ヴェルフィレギンス,
2052,テリオググリーヴ,
2053,テリオグレギンス,
2054,クロッスフット,Chausses Kurossu
2055,クロッスＦフット,Chausses Kurossu F
2056,クロッスブーツ,Bottes Kurossu
2057,クロッスＦブーツ,Bottes Kurossu F
2058,シエリーFXグリーヴ,Grèves Shieri FX
2059,シエリーFXレギンス,Jambières Shieri FX
2060,クラフトFXブーツ,
2061,クラフトFXレギンス,
2062,モスカバFXグリーヴ,
2063,モスカバFXレギンス,
2064,エクセレFXグリーヴ,Grèves Excelle FX
2065,エクセレFXレギンス,Jambières Excelle FX
2066,蒼空ノ袴・真,
2067,蒼天ノ袴・真,
2068,ビステマブーツ,
2069,リオデュオＦグリーヴ,Grèves Rath F
2070,リオデュオＦレギンス,Jambières Rath F
2071,ロークＦグリーヴ,
2072,ロークＦレギンス,
2073,ブルホＦフット・青,
2074,マーギアＦブーツ・青,
2075,ゴゴFXグリーヴ,Grèves Gogomoa FX
2076,ゴゴFXレギンス,Jambières Gogomoa FX
2077,クラージFXグリーヴ,Grèves Kuraaji FX
2078,クラージFXレギンス,Jambières Kuraaji FX
2079,ザーカーFXグリーヴ,Grèves Zaakaa FX
2080,チェイサーFXレギンス,Jambières Poursuivant FX
2081,アビットFZフット,Chausses Abitto FZ
2082,アビットFZブーツ,Bottes Abitto FZ
2083,アージェFZフット,Chausses Arge FZ
2084,アージェFZブーツ,Bottes Arge FZ
2085,カマレラFZフット,Chausses Camarera FZ
2086,カマレラFZブーツ,Bottes Camarera FZ
2087,メテネラFZフット,Chausses Metenera FZ
2088,メテネラFZブーツ,Bottes Metenera FZ
2089,ルコFXフット,Chausses Ruko FX
2090,ルコFXレグス,
2091,ザムザグリーヴ,Grèves Zamuza
2092,ザムザＦグリーヴ,Grèves Zamuza F
2093,ザムザFXグリーヴ,Grèves Zamuza FX
2094,ザムザレギンス,Jambières Zamuza
2095,ザムザＦレギンス,Jambières Zamuza F
2096,ザムザFXレギンス,Jambières Zamuza FX
2097,アビオグリーヴ,Grèves Abiorugu
2098,アビオＦグリーヴ,Grèves Abiorugu F
2099,アビオFXグリーヴ,Grèves Abiorugu FX
2100,アビオレギンス,Jambières Abiorugu
2101,アビオＦレギンス,Jambières Abiorugu F
2102,アビオFXレギンス,Jambières Abiorugu FX
2103,クロオビグリーヴSP白,
2104,クロオビグリーヴSP黒,
2105,クロオビグリーヴSP青,
2106,アプカルグリーヴSP白,
2107,アプカルグリーヴSP緑,
2108,アプカルグリーヴSP黄,
2109,ガレオスLXグリーヴ,Grèves Cephalos LX
2110,ブランゴLXグリーヴ,Grèves Blango LX
2111,グラビドLXグリーヴ,Grèves Gravios LX
2112,ボーンLXレギンス,Jambières Os LX
2113,ガレオスRXグリーヴ,Grèves Cephalos RX
2114,ブランゴRXグリーヴ,Grèves Blango RX
2115,グラビドRXグリーヴ,Grèves Gravios RX
2116,ボーンRXレギンス,Jambières Os RX
2117,白蛇ノ具足,
2118,白蛇ノ具足・魁,
2119,白鳥ノ具足,
2120,白鳥ノ具足・魁,
2121,カカブフット,Chausses Kakabu
2122,カカブレギンス,Jambières Kakabu
2123,オネログリーヴ,Grèves Onero
2124,オネロレギンス,Jambières Onero
2125,ジャガーグリーヴ,Grèves Jyaga
2126,ジャガーレギンス,Jambières Jyaga
2127,オメットフット・黒,Chausses Omet noires
2128,オメットＦフット・黒,Chausses Omet F noires
2129,オメットブーツ・黒,Bottes Omet noires
2130,オメットＦブーツ・黒,Bottes Omet F noires
2131,オメットフット・赤,Chausses Omet rouges
2132,オメットＦフット・赤,Chausses Omet F rouges
2133,オメットブーツ・赤,Bottes Omet rouges
2134,オメットＦブーツ・赤,Bottes Omet F rouges
2135,オメットフット・白,Chausses Omet blanches
2136,オメットＦフット・白,Chausses Omet F blanches
2137,オメットブーツ・白,Bottes Omet blanches
2138,オメットＦブーツ・白,Bottes Omet F blanches
2139,オメットフット・青,Chausses Omet bleues
2140,オメットＦフット・青,Chausses Omet F bleues
2141,オメットブーツ・青,Bottes Omet bleues
2142,オメットＦブーツ・青,Bottes Omet F bleues
2143,ルターレグリーヴ,Grèves Rutare
2144,ルターレＦグリーヴ,Grèves Rutare F
2145,ルターレレギンス,Jambières Rutare
2146,ルターレＦレギンス,Jambières Rutare F
2147,流転の具足,
2148,流転の具足・魁,
2149,旋転の具足,
2150,旋転の具足・魁,
2151,厳岩の袴,
2152,厳岩の袴・魁,
2153,不破の袴,
2154,不破の袴・魁,
2155,無想の袴,
2156,無想の袴・魁,
2157,俊激の履,
2158,俊激の履・魁,
2159,スイフドフット,Chausses Suifudo
2160,スイフドＦフット,Chausses Suifudo F
2161,メロデスフット,Chausses Merodesu
2162,メロデスＦフット,Chausses Merodesu F
2163,スマトスフット,Chausses Sumatosu
2164,スマトスＦフット,Chausses Sumatosu F
2165,パッシオブーツ,Bottes Passhio
2166,パッシオＦブーツ,Bottes Passhio F
2167,カウチュフット・灰,
2168,カウチュＦフット・灰,
2169,カウチュブーツ・灰,
2170,カウチュＦブーツ・灰,
2171,カウチュフット・青,Chausses Kauchu bleues
2172,カウチュＦフット・青,Chausses Kauchu F bleues
2173,カウチュブーツ・青,Bottes Kauchu bleues
2174,カウチュＦブーツ・青,Bottes Kauchu F bleues
2175,カウチュフット・橙,Chausses Kauchu orange
2176,カウチュＦフット・橙,Chausses Kauchu F orange
2177,カウチュブーツ・橙,Bottes Kauchu orange
2178,カウチュＦブーツ・橙,Bottes Kauchu F orange
2179,カウチュフット・緑,Chausses Kauchu vertes
2180,カウチュＦフット・緑,Chausses Kauchu F vertes
2181,カウチュブーツ・緑,Bottes Kauchu vertes
2182,カウチュＦブーツ・緑,Bottes Kauchu F vertes
2183,ジストレルＦレッグ,
2184,リサーザＦフット,Chausses Risaaza F
2185,リサーザＦブーツ,Bottes Risaaza F
2186,テクストFZフット・紫,Chausses Texte FZ violettes
2187,テクストFZフット・緑,Chausses Texte FZ vertes
2188,テクストFZフット・青,Chausses Texte FZ bleues
2189,テクストFZフット・黒,Chausses Texte FZ noires
2190,テクストFZブーツ・紫,Bottes Texte FZ violettes
2191,テクストFZブーツ・緑,Bottes Texte FZ vertes
2192,テクストFZブーツ・青,Bottes Texte FZ bleues
2193,テクストFZブーツ・黒,Bottes Texte FZ noires
2194,スリートFZフット・黄,Chausses Grésil FZ jaunes
2195,スリートFZフット・銀,Chausses Grésil FZ argentées
2196,スリートFZフット・赤,Chausses Grésil FZ rouges
2197,スリートFZフット・青,Chausses Grésil FZ bleues
2198,スリートFZブーツ・黄,Bottes Grésil FZ jaunes
2199,スリートFZブーツ・銀,Bottes Grésil FZ argentées
2200,スリートFZブーツ・赤,Bottes Grésil FZ rouges
2201,スリートFZブーツ・青,Bottes Grésil FZ bleues
2202,ステノFZグリーヴ・橙,Grèves Stheno FZ orange
2203,ステノFZグリーヴ・桃,Grèves Stheno FZ roses
2204,ステノFZグリーヴ・青,Grèves Stheno FZ bleues
2205,ステノFZグリーヴ・赤,Grèves Stheno FZ rouges
2206,ステノFZレギンス・橙,Jambières Stheno FZ orange
2207,ステノFZレギンス・桃,Jambières Stheno FZ roses
2208,ステノFZレギンス・青,Jambières Stheno FZ bleues
2209,ステノFZレギンス・赤,Jambières Stheno FZ rouges
2210,エディオFZフット・青,Chausses Edio FZ bleues
2211,エディオFZフット・赤,Chausses Edio FZ rouges
2212,エディオFZフット・黄,Chausses Edio FZ jaunes
2213,エディオFZフット・黒,Chausses Edio FZ noires
2214,エディオFZブーツ・青,Bottes Edio FZ bleues
2215,エディオFZブーツ・赤,Bottes Edio FZ rouges
2216,エディオFZブーツ・黄,Bottes Edio FZ jaunes
2217,エディオFZブーツ・黒,Bottes Edio FZ noires
2218,ガリトスFZフット・茶,Chausses Garitos FZ brunes
2219,ガリトスFZフット・赤,Chausses Garitos FZ rouges
2220,ガリトスFZフット・黒,Chausses Garitos FZ noires
2221,ガリトスFZフット・水,
2222,ガリトスFZブーツ・茶,Bottes Garitos FZ brunes
2223,ガリトスFZブーツ・赤,Bottes Garitos FZ rouges
2224,ガリトスFZブーツ・黒,Bottes Garitos FZ noires
2225,ガリトスFZブーツ・水,
2226,ベイルＦディバイダー,
2227,ダミー,
2228,ジェスグリーヴ,Grèves Jess
2229,ジェスＦグリーヴ,Grèves Jess F
2230,ジェスFYグリーヴ,Grèves Jess FY
2231,ジェスHCグリーヴ,Grèves Jess HC
2232,ジェスレギンス,Jambières Jess
2233,ジェスＦレギンス,Jambières Jess F
2234,ジェスFYレギンス,Jambières Jess FY
2235,ジェスHCレギンス,Jambières Jess HC
2236,エクエスHCグリーヴ,Grèves Eques HC
2237,エクエスHCレギンス,Jambières Eques HC
2238,クラージHCグリーヴ,Grèves Kuraaji HC
2239,クラージHCレギンス,Jambières Kuraaji HC
2240,メランFYグリーヴ,Grèves Melan FY
2241,メランHCグリーヴ,Grèves Melan HC
2242,メランFYレギンス,Jambières Melan FY
2243,メランHCレギンス,Jambières Melan HC
2244,ハルバダーFYグリーヴ,Grèves Harubadaa FY
2245,ハルバダーHCグリーヴ,Grèves Harubadaa HC
2246,トラッカーFYレギンス,Jambières Traqueur FY
2247,トラッカーHCレギンス,Jambières Traqueur HC
2248,オメットFZフット・黒,Chausses Omet FZ noires
2249,オメットFZブーツ・黒,Bottes Omet FZ noires
2250,オメットFZフット・赤,Chausses Omet FZ rouges
2251,オメットFZブーツ・赤,Bottes Omet FZ rouges
2252,オメットFZフット・白,Chausses Omet FZ blanches
2253,オメットFZブーツ・白,Bottes Omet FZ blanches
2254,オメットFZフット・青,Chausses Omet FZ bleues
2255,オメットFZブーツ・青,Bottes Omet FZ bleues
2256,カウチュFZフット・灰,
2257,カウチュFZブーツ・灰,
2258,カウチュFZフット・青,Chausses Kauchu FZ bleues
2259,カウチュFZブーツ・青,Bottes Kauchu FZ bleues
2260,カウチュFZフット・橙,Chausses Kauchu FZ orange
2261,カウチュFZブーツ・橙,Bottes Kauchu FZ orange
2262,カウチュFZフット・緑,Chausses Kauchu FZ vertes
2263,カウチュFZブーツ・緑,Bottes Kauchu FZ vertes
2264,カウチュHCフット・灰,
2265,カウチュHCブーツ・灰,
2266,カウチュHCフット・青,Chausses Kauchu HC bleues
2267,カウチュHCブーツ・青,Bottes Kauchu HC bleues
2268,カウチュHCフット・橙,Chausses Kauchu HC orange
2269,カウチュHCブーツ・橙,Bottes Kauchu HC orange
2270,カウチュHCフット・緑,Chausses Kauchu HC vertes
2271,カウチュHCブーツ・緑,Bottes Kauchu HC vertes
2272,ガウスFZグリーヴ,Grèves Gauss FZ
2273,ウェーバFZグリーヴ,Grèves Weber FZ
2274,ギルバートFZグリーヴ,Grèves Gilbert FZ
2275,ガウスFZレギンス,Jambières Gauss FZ
2276,ウェーバFZレギンス,Jambières Weber FZ
2277,ギルバートFZレギンス,Jambières Gilbert FZ
2278,ガウスHCグリーヴ,Grèves Gauss HC
2279,ウェーバHCグリーヴ,Grèves Weber HC
2280,ギルバートHCグリーヴ,Grèves Gilbert HC
2281,ガウスHCレギンス,Jambières Gauss HC
2282,ウェーバHCレギンス,Jambières Weber HC
2283,ギルバートHCレギンス,Jambières Gilbert HC
2284,シャランFZフット・青,Chausses Sharan FZ bleues
2285,シャランHCフット・青,Chausses Sharan HC bleues
2286,シャランFZブーツ・青,Bottes Sharan FZ bleues
2287,シャランHCブーツ・青,Bottes Sharan HC bleues
2288,シャランFZフット・緑,Chausses Sharan FZ vertes
2289,シャランHCフット・緑,Chausses Sharan HC vertes
2290,シャランFZブーツ・緑,Bottes Sharan FZ vertes
2291,シャランHCブーツ・緑,Bottes Sharan HC vertes
2292,シャランFZフット・紫,Chausses Sharan FZ violettes
2293,シャランHCフット・紫,Chausses Sharan HC violettes
2294,シャランFZブーツ・紫,Bottes Sharan FZ violettes
2295,シャランHCブーツ・紫,Bottes Sharan HC violettes
2296,シャランFZフット・白,Chausses Sharan FZ blanches
2297,シャランHCフット・白,Chausses Sharan HC blanches
2298,シャランFZブーツ・白,Bottes Sharan FZ blanches
2299,シャランHCブーツ・白,Bottes Sharan HC blanches
2300,ダミー,
2301,ダミー,
2302,ダミー,
2303,ダミー,
2304,ダミー,
2305,ダミー,
2306,ダミー,
2307,ダミー,
2308,ダミー,
2309,ダミー,
2310,ダミー,
2311,ダミー,
2312,ダミー,
2313,ダミー,
2314,ダミー,
2315,ダミー,
2316,ダミー,
2317,ダミー,
2318,ダミー,
2319,ダミー,
2320,ダミー,
2321,クアルグリーヴ,Grèves Kuaru
2322,クアルＦグリーヴ,Grèves Kuaru F
2323,クアルFXグリーヴ,Grèves Kuaru FX
2324,クアルレギンス,Jambières Kuaru
2325,クアルＦレギンス,Jambières Kuaru F
2326,クアルFXレギンス,Jambières Kuaru FX
2327,ウィンドペイル,
2328,ウィンドハディ,
2329,ルコフットSP白,
2330,ルコフットSP青,
2331,ルコフットSP赤,
2332,ルコレグスSP白,
2333,ルコレグスSP青,
2334,ルコレグスSP赤,
2335,コムラダブーツSP白赤,
2336,コムラダブーツSP白青,
2337,コムラダブーツSP白黄,
2338,ルベライトグリーヴ,Grèves Rubellite
2339,ルベライトＦグリーヴ,Grèves Rubellite F
2340,ルベライトFXグリーヴ,Grèves Rubellite FX
2341,ラズライトグリーヴ,Grèves Lazurite
2342,ラズライトＦグリーヴ,Grèves Lazurite F
2343,ラズライトFXグリーヴ,Grèves Lazurite FX
2344,ジルコングリーヴ,
2345,ジルコンＦグリーヴ,
2346,ジルコンFXグリーヴ,
2347,スピネルグリーヴ,Grèves Spinel
2348,スピネルＦグリーヴ,Grèves Spinel F
2349,スピネルFXグリーヴ,Grèves Spinel FX
2350,パイローブグリーヴ,Grèves Pyrope
2351,パイローブＦグリーヴ,Grèves Pyrope F
2352,パイローブFXグリーヴ,Grèves Pyrope FX
2353,アイオラグリーヴ,Grèves Iolite
2354,アイオラＦグリーヴ,Grèves Iolite F
2355,アイオラFXグリーヴ,Grèves Iolite FX
2356,ジェイドグリーヴ,
2357,ジェイドＦグリーヴ,
2358,ジェイドFXグリーヴ,
2359,アゲートグリーヴ,
2360,アゲートＦグリーヴ,
2361,アゲートFXグリーヴ,
2362,シトリンレギンス,Jambières Citrine
2363,シトリンＦレギンス,Jambières Citrine F
2364,シトリンFXレギンス,Jambières Citrine FX
2365,ペリドットレギンス,Jambières Peridot
2366,ペリドットＦレギンス,Jambières Peridot F
2367,ペリドットFXレギンス,Jambières Peridot FX
2368,ターコイズレギンス,
2369,ターコイズＦレギンス,
2370,ターコイズFXレギンス,
2371,納言ノ袴,
2372,納言ノ袴・魁,
2373,納言ノ袴・粋,
2374,納言ノ袴・華,
2375,式部ノ袴,
2376,式部ノ袴・魁,
2377,式部ノ袴・粋,
2378,式部ノ袴・華,
2379,アルルフット,Chausses Aruru
2380,アルルＦフット,Chausses Aruru F
2381,アルルFYフット,Chausses Aruru FY
2382,アルルHCフット,Chausses Aruru HC
2383,アルルレギンス,Jambières Aruru
2384,アルルＦレギンス,Jambières Aruru F
2385,アルルFYレギンス,Jambières Aruru FY
2386,アルルHCレギンス,Jambières Aruru HC
2387,オーロワグリーヴ,Grèves Oorowa
2388,オーロワＦグリーヴ,Grèves Oorowa F
2389,オーロワFYグリーヴ,Grèves Oorowa FY
2390,オーロワHCグリーヴ,Grèves Oorowa HC
2391,オーロワレギンス,Jambières Oorowa
2392,オーロワＦレギンス,Jambières Oorowa F
2393,オーロワFYレギンス,Jambières Oorowa FY
2394,オーロワHCレギンス,Jambières Oorowa HC
2395,オネロＦグリーヴ,Grèves Onero F
2396,オネロＦレギンス,Jambières Onero F
2397,ディールFYグリーヴ,Grèves Diru FY
2398,ディールFYレギンス,Jambières Diru FY
2399,ストレガHCグリーヴ,Grèves Strega HC
2400,ストレガHCレギンス,Jambières Strega HC
2401,ザーカーHCグリーヴ,Grèves Zaakaa HC
2402,チェイサーHCレギンス,Jambières Poursuivant HC
2403,鬼神ノ足枷・極,
2404,鬼神ノ足枷・天,
2405,童子ノ足枷・極,
2406,童子ノ足枷・天,
2407,アナキＦグリーヴ,
2408,アナキFYグリーヴ,
2409,アナキHCグリーヴ,
2410,アナキＦブーツ,
2411,アナキFYブーツ,
2412,アナキHCブーツ,
2413,ロイヤルFYグリーヴ,
2414,ロイヤルHCグリーヴ,
2415,ロードFYレギンス,
2416,ロードHCレギンス,
2417,フレイブーツ,
2418,クロノスブーツ,
2419,フレイレギンス,
2420,クロノスレギンス,
2421,ヒメロスHCグリーヴ,Grèves Himeros HC
2422,ブレシスHCグリーヴ,Grèves Bureshisu HC
2423,カリエンHCレギンス,Jambières Charien HC
2424,ブランFYグリーヴ,Grèves Buran FY
2425,ブランHCグリーヴ,Grèves Buran HC
2426,ゲリョスLXグリーヴ,Grèves Gypceros LX
2427,ギザミLXグリーヴ,Grèves Ceanataur LX
2428,レックスLXグリーヴ,Grèves Tigrex LX
2429,モノブロスLXレギンス,Jambières Monoblos LX
2430,ゲリョスRXグリーヴ,Grèves Gypceros RX
2431,ギザミRXグリーヴ,Grèves Ceanataur RX
2432,エスピナRXフェルゼ,
2433,モノデビルRXレギンス,Jambières Monodevil RX
2434,カエシスフット水,
2435,カエシスＦフット水,
2436,カエシスFZフット水,
2437,カエシスレギンス水,
2438,カエシスＦレギンス水,
2439,カエシスFZレギンス水,
2440,カエシスフット赤,Chausses Cayssis rouges
2441,カエシスＦフット赤,Chausses Cayssis F rouges
2442,カエシスFZフット赤,Chausses Cayssis FZ rouges
2443,カエシスレギンス赤,Jambières Cayssis rouges
2444,カエシスＦレギンス赤,Jambières Cayssis F rouges
2445,カエシスFZレギンス赤,Jambières Cayssis FZ rouges
2446,カエシスフット青,Chausses Cayssis bleues
2447,カエシスＦフット青,Chausses Cayssis F bleues
2448,カエシスFZフット青,Chausses Cayssis FZ bleues
2449,カエシスレギンス青,Jambières Cayssis bleues
2450,カエシスＦレギンス青,Jambières Cayssis F bleues
2451,カエシスFZレギンス青,Jambières Cayssis FZ bleues
2452,カエシスフット橙,Chausses Cayssis orange
2453,カエシスＦフット橙,Chausses Cayssis F orange
2454,カエシスFZフット橙,Chausses Cayssis FZ orange
2455,カエシスレギンス橙,Jambières Cayssis orange
2456,カエシスＦレギンス橙,Jambières Cayssis F orange
2457,カエシスFZレギンス橙,Jambières Cayssis FZ orange
2458,嵐転の具足,
2459,嵐転の具足・魁,
2460,地転の具足,
2461,地転の具足・魁,
2462,キュビィフット,Chausses Cubie
2463,キュビィＦフット,Chausses Cubie F
2464,キュビィFZフット,Chausses Cubie FZ
2465,キュビィレギンス,Jambières Cubie
2466,キュビィＦレギンス,Jambières Cubie F
2467,キュビィFZレギンス,Jambières Cubie FZ
2468,フラートフット,
2469,フラートＦフット,
2470,ナーレーフット,
2471,ナーレーＦフット,
2472,ヘイツフット,
2473,ヘイツＦフット,
2474,レーングブーツ,
2475,レーングＦブーツ,
2476,シャッドフット,
2477,シャッドＦフット,
2478,フュージフット,
2479,フュージＦフット,
2480,タニイフット,
2481,タニイＦフット,
2482,ミナムブーツ,
2483,ミナムＦブーツ,
2484,シエナグリーヴ・銀,Grèves Sienne argentées
2485,シエナＦグリーヴ・銀,Grèves Sienne F argentées
2486,シエナFZグリーヴ・銀,Grèves Sienne FZ argentées
2487,シエナHCグリーヴ・銀,Grèves Sienne HC argentées
2488,シエナレギンス・銀,Jambières Sienne argentées
2489,シエナＦレギンス・銀,Jambières Sienne F argentées
2490,シエナFZレギンス・銀,Jambières Sienne FZ argentées
2491,シエナHCレギンス・銀,Jambières Sienne HC argentées
2492,シエナグリーヴ・黒,Grèves Sienne noires
2493,シエナＦグリーヴ・黒,Grèves Sienne F noires
2494,シエナFZグリーヴ・黒,Grèves Sienne FZ noires
2495,シエナHCグリーヴ・黒,Grèves Sienne HC noires
2496,シエナレギンス・黒,Jambières Sienne noires
2497,シエナＦレギンス・黒,Jambières Sienne F noires
2498,シエナFZレギンス・黒,Jambières Sienne FZ noires
2499,シエナHCレギンス・黒,Jambières Sienne HC noires
2500,シエナグリーヴ・赤,Grèves Sienne rouges
2501,シエナＦグリーヴ・赤,Grèves Sienne F rouges
2502,シエナFZグリーヴ・赤,Grèves Sienne FZ rouges
2503,シエナHCグリーヴ・赤,Grèves Sienne HC rouges
2504,シエナレギンス・赤,Jambières Sienne rouges
2505,シエナＦレギンス・赤,Jambières Sienne F rouges
2506,シエナFZレギンス・赤,Jambières Sienne FZ rouges
2507,シエナHCレギンス・赤,Jambières Sienne HC rouges
2508,シエナグリーヴ・青,Grèves Sienne bleues
2509,シエナＦグリーヴ・青,Grèves Sienne F bleues
2510,シエナFZグリーヴ・青,Grèves Sienne FZ bleues
2511,シエナHCグリーヴ・青,Grèves Sienne HC bleues
2512,シエナレギンス・青,Jambières Sienne bleues
2513,シエナＦレギンス・青,Jambières Sienne F bleues
2514,シエナFZレギンス・青,Jambières Sienne FZ bleues
2515,シエナHCレギンス・青,Jambières Sienne HC bleues
2516,ガウスグリーヴ,Grèves Gauss
2517,ガウスＦグリーヴ,Grèves Gauss F
2518,ウェーバグリーヴ,Grèves Weber
2519,ウェーバＦグリーヴ,Grèves Weber F
2520,ギルバートグリーヴ,Grèves Gilbert
2521,ギルバートＦグリーヴ,Grèves Gilbert F
2522,ガウスレギンス,Jambières Gauss
2523,ガウスＦレギンス,Jambières Gauss F
2524,ウェーバレギンス,Jambières Weber
2525,ウェーバＦレギンス,Jambières Weber F
2526,ギルバートレギンス,Jambières Gilbert
2527,ギルバートＦレギンス,Jambières Gilbert F
2528,レギュクスＦフット,Chausses Regyukusu F
2529,レギュクスＦブーツ,Bottes Regyukusu F
2530,ガルーダFZレッグ,
2531,ガルーダFZブーツ,Bottes Garuda FZ
2532,フィアラルFZレッグ,
2533,フィアラルFZブーツ,Bottes Féral FZ
2534,パンデウムFZレッグ,
2535,パンデウムFZブーツ,Bottes Pandeum FZ
2536,ディアンFZレッグ,
2537,ディアンFZブーツ,Bottes Dian FZ
2538,ワイルドFZレッグ,
2539,ワイルドFZブーツ,Bottes Sauvage FZ
2540,フラウアFZレッグ,
2541,フラウアFZブーツ,Bottes Fleur FZ
2542,フィアスFZレッグ,
2543,フィアスFZブーツ,Bottes Fias FZ
2544,ヴィルトFZレッグ,
2545,ヴィルトFZブーツ,Bottes Viruto FZ
2546,テューンFZレッグ,
2547,シュナイトFZブーツ,Bottes Schnite FZ
2548,ディクトFZレッグ,
2549,ディレットFZブーツ,Bottes Diletto FZ
2550,クリュスFZレッグ,
2551,クォートFZブーツ,
2552,スタリナFZレッグ,
2553,スタリナFZブーツ,Bottes Starina FZ
2554,ルースFZレッグ,
2555,ルースFZブーツ,
2556,ミラドFZレッグ,
2557,ミラドFZブーツ,Bottes Mirado FZ
2558,デュールFZグリーヴ,Grèves Deyuru FZ
2559,デュールFZレギンス,Jambières Deyuru FZ
2560,ロバストFZペイル,
2561,ロバストFZレグス,
2562,ファルコFZグリーヴ,Grèves Falco FZ
2563,ファルコFZレギンス,Jambières Falco FZ
2564,ハウクスFZグリーヴ,Grèves Howx FZ
2565,ハウクスFZレギンス,Jambières Howx FZ
2566,ピラータFZグリーヴ,Grèves Pirata FZ
2567,ピラータFZレギンス,Jambières Pirata FZ
2568,ゼロイFZグリーヴ,Grèves Zeroi FZ
2569,ゼロイFZレギンス,Jambières Zeroi FZ
2570,レイルFZグリーヴ,
2571,レイルFZレギンス,
2572,リーデレFZグリーヴ,Grèves Ridere FZ
2573,リーデレFZレギンス,Jambières Ridere FZ
2574,リエットFZグリーヴ,Grèves Émeute FZ
2575,リエットFZレギンス,Jambières Émeute FZ
2576,ルターレFZグリーヴ,Grèves Rutare FZ
2577,ルターレFZレギンス,Jambières Rutare FZ
2578,流転の具足・雅,
2579,旋転の具足・雅,
2580,嵐転の具足・雅,
2581,地転の具足・雅,
2582,オディバグリーヴ,Grèves Odiva
2583,オディバＦグリーヴ,Grèves Odiva F
2584,オディバFXグリーヴ,Grèves Odiva FX
2585,オディバレギンス,Jambières Odiva
2586,オディバＦレギンス,Jambières Odiva F
2587,オディバFXレギンス,Jambières Odiva FX
2588,武者【具足】,
2589,日光【具足】,
2590,ブリッツＦレガース,
2591,ブリッツＦブーツ,
2592,フレイムＦグリーヴ,Grèves Flamme F
2593,フレイムＦレギンス,Jambières Flamme F
2594,ウィンドＦペイル,
2595,ウィンドＦハディ,
2596,武者Ｆ【具足】,
2597,日光Ｆ【具足】,
2598,ワダツミＦ【具足】,
2599,オカミＦ【具足】,
2600,チャチャブピエーデ,
2601,チャチャブクルース,
2602,チャチャブタロン,
2603,チャチャブバイン,
2604,トリートグリーヴ,
2605,トリートＦグリーヴ,
2606,トリートFYグリーヴ,
2607,トリートHCグリーヴ,
2608,トリートブーツ,
2609,トリートＦブーツ,
2610,トリートFYブーツ,
2611,トリートHCブーツ,
2612,タングスグリーヴ,Grèves Tangusu
2613,タングスＦグリーヴ,Grèves Tangusu F
2614,タングスFYグリーヴ,Grèves Tangusu FY
2615,タングスHCグリーヴ,Grèves Tangusu HC
2616,コバルタレギンス,Jambières Kobaruta
2617,コバルタＦレギンス,Jambières Kobaruta F
2618,コバルタFYレギンス,Jambières Kobaruta FY
2619,コバルタHCレギンス,Jambières Kobaruta HC
2620,ドグメアグリーヴ,Grèves Dogumea
2621,ドグメアＦグリーヴ,Grèves Dogumea F
2622,ドグメアFYグリーヴ,Grèves Dogumea FY
2623,ドグメアHCグリーヴ,Grèves Dogumea HC
2624,ドグメアレギンス,Jambières Dogumea
2625,ドグメアＦレギンス,Jambières Dogumea F
2626,ドグメアFYレギンス,Jambières Dogumea FY
2627,ドグメアHCレギンス,Jambières Dogumea HC
2628,マダルグリーヴ,Grèves Madaru
2629,マダルＦグリーヴ,Grèves Madaru F
2630,マダルFYグリーヴ,Grèves Madaru FY
2631,マダルHCグリーヴ,Grèves Madaru HC
2632,マダルレギンス,Jambières Madaru
2633,マダルＦレギンス,Jambières Madaru F
2634,マダルFYレギンス,Jambières Madaru FY
2635,マダルHCレギンス,Jambières Madaru HC
2636,ディールHCグリーヴ,Grèves Diru HC
2637,ディールHCレギンス,Jambières Diru HC
2638,ヴィネンFYグリーヴ,Grèves Vinen FY
2639,ヴィネンHCグリーヴ,Grèves Vinen HC
2640,ヴィネンFYブーツ,Bottes Vinen FY
2641,ヴィネンHCブーツ,Bottes Vinen HC
2642,ブレオFYグリーヴ,Grèves Breo FY
2643,ブレオHCグリーヴ,Grèves Breo HC
2644,カカブＦフット,Chausses Kakabu F
2645,カカブFYフット,Chausses Kakabu FY
2646,カカブHCフット,Chausses Kakabu HC
2647,カカブＦレギンス,Jambières Kakabu F
2648,カカブFYレギンス,Jambières Kakabu FY
2649,カカブHCレギンス,Jambières Kakabu HC
2650,ゴスペルFYグリーヴ,
2651,ゴスペルHCグリーヴ,
2652,ゴスペルFYレギンス,
2653,ゴスペルHCレギンス,
2654,ゾデックフット・青,Chausses Zodec bleues
2655,ゾデックＦフット・青,Chausses Zodec F bleues
2656,ゾデックFZフット・青,Chausses Zodec FZ bleues
2657,ゾデックブーツ・青,Bottes Zodec bleues
2658,ゾデックＦブーツ・青,Bottes Zodec F bleues
2659,ゾデックFZブーツ・青,Bottes Zodec FZ bleues
2660,ゾデックフット・茶,Chausses Zodec brunes
2661,ゾデックＦフット・茶,Chausses Zodec F brunes
2662,ゾデックFZフット・茶,Chausses Zodec FZ brunes
2663,ゾデックブーツ・茶,Bottes Zodec brunes
2664,ゾデックＦブーツ・茶,Bottes Zodec F brunes
2665,ゾデックFZブーツ・茶,Bottes Zodec FZ brunes
2666,ゾデックフット・緑,Chausses Zodec vertes
2667,ゾデックＦフット・緑,Chausses Zodec F vertes
2668,ゾデックFZフット・緑,Chausses Zodec FZ vertes
2669,ゾデックブーツ・緑,Bottes Zodec vertes
2670,ゾデックＦブーツ・緑,Bottes Zodec F vertes
2671,ゾデックFZブーツ・緑,Bottes Zodec FZ vertes
2672,ゾデックフット・桜,
2673,ゾデックＦフット・桜,
2674,ゾデックFZフット・桜,
2675,ゾデックブーツ・桜,
2676,ゾデックＦブーツ・桜,
2677,ゾデックFZブーツ・桜,
2678,レイストフット・黒,Chausses Reist noires
2679,レイストＦフット・黒,Chausses Reist F noires
2680,レイストFZフット・黒,Chausses Reist FZ noires
2681,レイストHCフット・黒,Chausses Reist HC noires
2682,レイストブーツ・黒,Bottes Reist noires
2683,レイストＦブーツ・黒,Bottes Reist F noires
2684,レイストFZブーツ・黒,Bottes Reist FZ noires
2685,レイストHCブーツ・黒,Bottes Reist HC noires
2686,レイストフット・青,Chausses Reist bleues
2687,レイストＦフット・青,Chausses Reist F bleues
2688,レイストFZフット・青,Chausses Reist FZ bleues
2689,レイストHCフット・青,Chausses Reist HC bleues
2690,レイストブーツ・青,Bottes Reist bleues
2691,レイストＦブーツ・青,Bottes Reist F bleues
2692,レイストFZブーツ・青,Bottes Reist FZ bleues
2693,レイストHCブーツ・青,Bottes Reist HC bleues
2694,レイストフット・紅,Chausses Reist cramoisies
2695,レイストＦフット・紅,Chausses Reist F cramoisies
2696,レイストFZフット・紅,Chausses Reist FZ cramoisies
2697,レイストHCフット・紅,Chausses Reist HC cramoisies
2698,レイストブーツ・紅,Bottes Reist cramoisies
2699,レイストＦブーツ・紅,Bottes Reist F cramoisies
2700,レイストFZブーツ・紅,Bottes Reist FZ cramoisies
2701,レイストHCブーツ・紅,Bottes Reist HC cramoisies
2702,レイストフット・白,Chausses Reist blanches
2703,レイストＦフット・白,Chausses Reist F blanches
2704,レイストFZフット・白,Chausses Reist FZ blanches
2705,レイストHCフット・白,Chausses Reist HC blanches
2706,レイストブーツ・白,Bottes Reist blanches
2707,レイストＦブーツ・白,Bottes Reist F blanches
2708,レイストFZブーツ・白,Bottes Reist FZ blanches
2709,レイストHCブーツ・白,Bottes Reist HC blanches
2710,ラトリアフット,Chausses Latria
2711,ラトリアＦフット,Chausses Latria F
2712,ラトリアFZフット,Chausses Latria FZ
2713,ラトリアブーツ,Bottes Latria
2714,ラトリアＦブーツ,Bottes Latria F
2715,ラトリアFZブーツ,Bottes Latria FZ
2716,ケモルフット,Chausses Kemor
2717,ケモルＦフット,Chausses Kemor F
2718,ケモルFZフット,Chausses Kemor FZ
2719,ケモルレギンス,Jambières Kemor
2720,ケモルＦレギンス,Jambières Kemor F
2721,ケモルFZレギンス,Jambières Kemor FZ
2722,ダミー,
2723,ダミー,
2724,剣士ランク１,
2725,剣士ランク２,
2726,剣士ランク３,
2727,剣士ランク４,
2728,剣士ランク５,
2729,剣士ランク６,
2730,剣士ランク７,
2731,ガンランク１,
2732,ガンランク２,
2733,ガンランク３,
2734,ガンランク４,
2735,ガンランク５,
2736,ガンランク６,
2737,ガンランク７,
2738,デュスノＦグリーヴ,
2739,デュスノＦレギンス,
2740,ブリッツFXレガース,
2741,ブリッツFXブーツ,
2742,フレイムFXグリーヴ,Grèves Flamme FX
2743,フレイムFXレギンス,Jambières Flamme FX
2744,ウィンドFXペイル,
2745,ウィンドFXハディ,
2746,武者FX【具足】,
2747,日光FX【具足】,
2748,ワダツミFX【具足】,
2749,オカミFX【具足】,
2750,ラヴィHCグリーヴ,Grèves Raviente HC
2751,ラヴィHCレギンス,Jambières Raviente HC
2752,エスピナHCフェルゼ,
2753,エスピナHCアヴィレ,
2754,アクラHCグリーヴ,Grèves Akura HC
2755,アクラHCレギンス,Jambières Akura HC
2756,アクラHCグリーヴ黄,Grèves Akura HC jaunes
2757,アクラHCレギンス黄,Jambières Akura HC jaunes
2758,アクラHCグリーヴ蒼,Grèves Akura HC azur
2759,アクラHCレギンス蒼,Jambières Akura HC azur
2760,アクラHCグリーヴ紅,Grèves Akura HC cramoisies
2761,アクラHCレギンス紅,Jambières Akura HC cramoisies
2762,稲荷・HC【具足】,
2763,玉藻・HC【具足】,
2764,ベルHCグリーヴ,Grèves Beru HC
2765,ベルHCレギンス,Jambières Beru HC
2766,パリアHCグリーヴ,Grèves Paria HC
2767,パリアHCレギンス,Jambières Paria HC
2768,グレンHCグリーヴ,Grèves Guren HC
2769,グレンHCレギンス,Jambières Guren HC
2770,神楽HC【袴】,
2771,神座HC【袴】,
2772,ゴゴHCグリーヴ,Grèves Gogomoa HC
2773,ゴゴHCレギンス,Jambières Gogomoa HC
2774,ルコHCフット,Chausses Ruko HC
2775,ルコHCレグス,
2776,ザムザHCグリーヴ,Grèves Zamuza HC
2777,ザムザHCレギンス,Jambières Zamuza HC
2778,アビオHCグリーヴ,Grèves Abiorugu HC
2779,アビオHCレギンス,Jambières Abiorugu HC
2780,クアルHCグリーヴ,Grèves Kuaru HC
2781,クアルHCレギンス,Jambières Kuaru HC
2782,テクストHCフット・紫,Chausses Texte HC violettes
2783,テクストHCブーツ・紫,Bottes Texte HC violettes
2784,テクストHCフット・緑,Chausses Texte HC vertes
2785,テクストHCブーツ・緑,Bottes Texte HC vertes
2786,テクストHCフット・青,Chausses Texte HC bleues
2787,テクストHCブーツ・青,Bottes Texte HC bleues
2788,テクストHCフット・黒,Chausses Texte HC noires
2789,テクストHCブーツ・黒,Bottes Texte HC noires
2790,スリートHCフット・黄,Chausses Grésil HC jaunes
2791,スリートHCブーツ・黄,Bottes Grésil HC jaunes
2792,スリートHCフット・銀,Chausses Grésil HC argentées
2793,スリートHCブーツ・銀,Bottes Grésil HC argentées
2794,スリートHCフット・赤,Chausses Grésil HC rouges
2795,スリートHCブーツ・赤,Bottes Grésil HC rouges
2796,スリートHCフット・青,Chausses Grésil HC bleues
2797,スリートHCブーツ・青,Bottes Grésil HC bleues
2798,ステノHCグリーヴ・橙,Grèves Stheno HC orange
2799,ステノHCレギンス・橙,Jambières Stheno HC orange
2800,ステノHCグリーヴ・桃,Grèves Stheno HC roses
2801,ステノHCレギンス・桃,Jambières Stheno HC roses
2802,ステノHCグリーヴ・青,Grèves Stheno HC bleues
2803,ステノHCレギンス・青,Jambières Stheno HC bleues
2804,ステノHCグリーヴ・赤,Grèves Stheno HC rouges
2805,ステノHCレギンス・赤,Jambières Stheno HC rouges
2806,レイジFZフット,Chausses Rage FZ
2807,レイジHCフット,Chausses Rage HC
2808,レイジFZブーツ,Bottes Rage FZ
2809,レイジHCブーツ,Bottes Rage HC
2810,ランページFZフット,Chausses Déchaînement FZ
2811,ランページHCフット,Chausses Déchaînement HC
2812,ランページFZブーツ,Bottes Déchaînement FZ
2813,ランページHCブーツ,Bottes Déchaînement HC
2814,ブレイズFZフット,Chausses Brasier FZ
2815,ブレイズHCフット,Chausses Brasier HC
2816,ブレイズFZブーツ,Bottes Brasier FZ
2817,ブレイズHCブーツ,Bottes Brasier HC
2818,アージェHCフット,Chausses Arge HC
2819,アージェHCブーツ,Bottes Arge HC
2820,カマレラHCフット,Chausses Camarera HC
2821,カマレラHCブーツ,Bottes Camarera HC
2822,メテネラHCフット,Chausses Metenera HC
2823,メテネラHCブーツ,Bottes Metenera HC
2824,ファランFZフット・白,Chausses Faran FZ blanches
2825,ファランHCフット・白,Chausses Faran HC blanches
2826,ファランFZブーツ・白,Bottes Faran FZ blanches
2827,ファランHCブーツ・白,Bottes Faran HC blanches
2828,ファランFZフット・黒,Chausses Faran FZ noires
2829,ファランHCフット・黒,Chausses Faran HC noires
2830,ファランFZブーツ・黒,Bottes Faran FZ noires
2831,ファランHCブーツ・黒,Bottes Faran HC noires
2832,ファランFZフット・赤,Chausses Faran FZ rouges
2833,ファランHCフット・赤,Chausses Faran HC rouges
2834,ファランFZブーツ・赤,Bottes Faran FZ rouges
2835,ファランHCブーツ・赤,Bottes Faran HC rouges
2836,ファランFZフット・青,Chausses Faran FZ bleues
2837,ファランHCフット・青,Chausses Faran HC bleues
2838,ファランFZブーツ・青,Bottes Faran FZ bleues
2839,ファランHCブーツ・青,Bottes Faran HC bleues
2840,ゾデックHCフット・青,Chausses Zodec HC bleues
2841,ゾデックHCブーツ・青,Bottes Zodec HC bleues
2842,ゾデックHCフット・茶,Chausses Zodec HC brunes
2843,ゾデックHCブーツ・茶,Bottes Zodec HC brunes
2844,ゾデックHCフット・緑,Chausses Zodec HC vertes
2845,ゾデックHCブーツ・緑,Bottes Zodec HC vertes
2846,ゾデックHCフット・桜,
2847,ゾデックHCブーツ・桜,
2848,ラヴィHSグリーヴ,Grèves Raviente HS
2849,ラヴィHSレギンス,Jambières Raviente HS
2850,エスピナHSフェルゼ,
2851,エスピナHSアヴィレ,
2852,アクラHSグリーヴ,Grèves Akura HS
2853,アクラHSレギンス,Jambières Akura HS
2854,アクラHSグリーヴ黄,Grèves Akura HS jaunes
2855,アクラHSレギンス黄,Jambières Akura HS jaunes
2856,アクラHSグリーヴ蒼,Grèves Akura HS azur
2857,アクラHSレギンス蒼,Jambières Akura HS azur
2858,アクラHSグリーヴ紅,Grèves Akura HS cramoisies
2859,アクラHSレギンス紅,Jambières Akura HS cramoisies
2860,稲荷・HS【具足】,
2861,玉藻・HS【具足】,
2862,ベルHSグリーヴ,Grèves Beru HS
2863,ベルHSレギンス,Jambières Beru HS
2864,パリアHSグリーヴ,Grèves Paria HS
2865,パリアHSレギンス,Jambières Paria HS
2866,グレンHSグリーヴ,Grèves Guren HS
2867,グレンHSレギンス,Jambières Guren HS
2868,神楽HS【袴】,
2869,神座HS【袴】,
2870,ゴゴHSグリーヴ,Grèves Gogomoa HS
2871,ゴゴHSレギンス,Jambières Gogomoa HS
2872,ルコHSフット,Chausses Ruko HS
2873,ルコHSレグス,
2874,ザムザHSグリーヴ,Grèves Zamuza HS
2875,ザムザHSレギンス,Jambières Zamuza HS
2876,アビオHSグリーヴ,Grèves Abiorugu HS
2877,アビオHSレギンス,Jambières Abiorugu HS
2878,クアルHSグリーヴ,Grèves Kuaru HS
2879,クアルHSレギンス,Jambières Kuaru HS
2880,リルスＦグリーヴ,Grèves Lils F
2881,リルスＦレギンス,Jambières Lils F
2882,リルスFXグリーヴ,Grèves Lils FX
2883,リルスFXレギンス,Jambières Lils FX
2884,ゾデックHSフット・青,Chausses Zodec HS bleues
2885,ゾデックHSブーツ・青,Bottes Zodec HS bleues
2886,ゾデックHSフット・茶,Chausses Zodec HS brunes
2887,ゾデックHSブーツ・茶,Bottes Zodec HS brunes
2888,ゾデックHSフット・緑,Chausses Zodec HS vertes
2889,ゾデックHSブーツ・緑,Bottes Zodec HS vertes
2890,ゾデックHSフット・桜,
2891,ゾデックHSブーツ・桜,
2892,レイストHSフット・黒,Chausses Reist HS noires
2893,レイストHSブーツ・黒,Bottes Reist HS noires
2894,レイストHSフット・青,Chausses Reist HS bleues
2895,レイストHSブーツ・青,Bottes Reist HS bleues
2896,レイストHSフット・紅,Chausses Reist HS cramoisies
2897,レイストHSブーツ・紅,Bottes Reist HS cramoisies
2898,レイストHSフット・白,Chausses Reist HS blanches
2899,レイストHSブーツ・白,Bottes Reist HS blanches
2900,クロースフット・赤,Chausses Étoffe rouges
2901,クロースＦフット・赤,Chausses Étoffe F rouges
2902,クロースFZフット・赤,Chausses Étoffe FZ rouges
2903,クロースHCフット・赤,Chausses Étoffe HC rouges
2904,クロースHSフット・赤,Chausses Étoffe HS rouges
2905,クロースブーツ・赤,Bottes Étoffe rouges
2906,クロースＦブーツ・赤,Bottes Étoffe F rouges
2907,クロースFZブーツ・赤,Bottes Étoffe FZ rouges
2908,クロースHCブーツ・赤,Bottes Étoffe HC rouges
2909,クロースHSブーツ・赤,Bottes Étoffe HS rouges
2910,クロースフット・青,Chausses Étoffe bleues
2911,クロースＦフット・青,Chausses Étoffe F bleues
2912,クロースFZフット・青,Chausses Étoffe FZ bleues
2913,クロースHCフット・青,Chausses Étoffe HC bleues
2914,クロースHSフット・青,Chausses Étoffe HS bleues
2915,クロースブーツ・青,Bottes Étoffe bleues
2916,クロースＦブーツ・青,Bottes Étoffe F bleues
2917,クロースFZブーツ・青,Bottes Étoffe FZ bleues
2918,クロースHCブーツ・青,Bottes Étoffe HC bleues
2919,クロースHSブーツ・青,Bottes Étoffe HS bleues
2920,クロースフット・紫,Chausses Étoffe violettes
2921,クロースＦフット・紫,Chausses Étoffe F violettes
2922,クロースFZフット・紫,Chausses Étoffe FZ violettes
2923,クロースHCフット・紫,Chausses Étoffe HC violettes
2924,クロースHSフット・紫,Chausses Étoffe HS violettes
2925,クロースブーツ・紫,Bottes Étoffe violettes
2926,クロースＦブーツ・紫,Bottes Étoffe F violettes
2927,クロースFZブーツ・紫,Bottes Étoffe FZ violettes
2928,クロースHCブーツ・紫,Bottes Étoffe HC violettes
2929,クロースHSブーツ・紫,Bottes Étoffe HS violettes
2930,クロースフット・緑,Chausses Étoffe vertes
2931,クロースＦフット・緑,Chausses Étoffe F vertes
2932,クロースFZフット・緑,Chausses Étoffe FZ vertes
2933,クロースHCフット・緑,Chausses Étoffe HC vertes
2934,クロースHSフット・緑,Chausses Étoffe HS vertes
2935,クロースブーツ・緑,Bottes Étoffe vertes
2936,クロースＦブーツ・緑,Bottes Étoffe F vertes
2937,クロースFZブーツ・緑,Bottes Étoffe FZ vertes
2938,クロースHCブーツ・緑,Bottes Étoffe HC vertes
2939,クロースHSブーツ・緑,Bottes Étoffe HS vertes
2940,一閃【具足】・赤,
2941,一閃Ｆ【具足】・赤,
2942,一閃FZ【具足】・赤,
2943,一閃HC【具足】・赤,
2944,一閃HS【具足】・赤,
2945,構射【具足】・赤,
2946,構射Ｆ【具足】・赤,
2947,構射FZ【具足】・赤,
2948,構射HC【具足】・赤,
2949,構射HS【具足】・赤,
2950,一閃【具足】・青,
2951,一閃Ｆ【具足】・青,
2952,一閃FZ【具足】・青,
2953,一閃HC【具足】・青,
2954,一閃HS【具足】・青,
2955,構射【具足】・青,
2956,構射Ｆ【具足】・青,
2957,構射FZ【具足】・青,
2958,構射HC【具足】・青,
2959,構射HS【具足】・青,
2960,一閃【具足】・黄,
2961,一閃Ｆ【具足】・黄,
2962,一閃FZ【具足】・黄,
2963,一閃HC【具足】・黄,
2964,一閃HS【具足】・黄,
2965,構射【具足】・黄,
2966,構射Ｆ【具足】・黄,
2967,構射FZ【具足】・黄,
2968,構射HC【具足】・黄,
2969,構射HS【具足】・黄,
2970,一閃【具足】・黒,
2971,一閃Ｆ【具足】・黒,
2972,一閃FZ【具足】・黒,
2973,一閃HC【具足】・黒,
2974,一閃HS【具足】・黒,
2975,構射【具足】・黒,
2976,構射Ｆ【具足】・黒,
2977,構射FZ【具足】・黒,
2978,構射HC【具足】・黒,
2979,構射HS【具足】・黒,
2980,蜂針【具足】・橙,
2981,蜂針Ｆ【具足】・橙,
2982,蜂針FZ【具足】・橙,
2983,蜂針HC【具足】・橙,
2984,蜂針HS【具足】・橙,
2985,気弾【具足】・橙,
2986,気弾Ｆ【具足】・橙,
2987,気弾FZ【具足】・橙,
2988,気弾HC【具足】・橙,
2989,気弾HS【具足】・橙,
2990,蜂針【具足】・青,
2991,蜂針Ｆ【具足】・青,
2992,蜂針FZ【具足】・青,
2993,蜂針HC【具足】・青,
2994,蜂針HS【具足】・青,
2995,気弾【具足】・青,
2996,気弾Ｆ【具足】・青,
2997,気弾FZ【具足】・青,
2998,気弾HC【具足】・青,
2999,気弾HS【具足】・青,
3000,蜂針【具足】・黄,
3001,蜂針Ｆ【具足】・黄,
3002,蜂針FZ【具足】・黄,
3003,蜂針HC【具足】・黄,
3004,蜂針HS【具足】・黄,
3005,気弾【具足】・黄,
3006,気弾Ｆ【具足】・黄,
3007,気弾FZ【具足】・黄,
3008,気弾HC【具足】・黄,
3009,気弾HS【具足】・黄,
3010,蜂針【具足】・黒,
3011,蜂針Ｆ【具足】・黒,
3012,蜂針FZ【具足】・黒,
3013,蜂針HC【具足】・黒,
3014,蜂針HS【具足】・黒,
3015,気弾【具足】・黒,
3016,気弾Ｆ【具足】・黒,
3017,気弾FZ【具足】・黒,
3018,気弾HC【具足】・黒,
3019,気弾HS【具足】・黒,
3020,アルゴルＦグリーヴ,Grèves Algol F
3021,アルゴルFXグリーヴ,Grèves Algol FX
3022,アルゴルＦレギンス,Jambières Algol F
3023,アルゴルFXレギンス,Jambières Algol FX
3024,抜胴【具足】,
3025,抜胴Ｆ【具足】,
3026,抜胴FZ【具足】,
3027,抜胴HS【具足】,
3028,長根【具足】,
3029,長根Ｆ【具足】,
3030,長根FZ【具足】,
3031,長根HS【具足】,
3032,花火【具足】,
3033,花火Ｆ【具足】,
3034,花火FZ【具足】,
3035,花火HS【具足】,
3036,流星【具足】,
3037,流星Ｆ【具足】,
3038,流星FZ【具足】,
3039,流星HS【具足】,
3040,居合【具足】,
3041,居合Ｆ【具足】,
3042,居合FZ【具足】,
3043,居合HC【具足】,
3044,爆裂【具足】,
3045,爆裂Ｆ【具足】,
3046,爆裂FZ【具足】,
3047,爆裂HC【具足】,
3048,脱兎【具足】,
3049,脱兎Ｆ【具足】,
3050,脱兎FZ【具足】,
3051,脱兎HC【具足】,
3052,狂咲【具足】,
3053,狂咲Ｆ【具足】,
3054,狂咲FZ【具足】,
3055,狂咲HC【具足】,
3056,正拳FZ脚着,
3057,正拳HC脚着,
3058,灼熱FZ脚着,
3059,灼熱HC脚着,
3060,龍星FZ脚着,
3061,龍星HC脚着,
3062,虎襲FZ脚着,
3063,虎襲HC脚着,
3064,コンタオフット,Chausses Kontao
3065,コンタオＦフット,Chausses Kontao F
3066,コンタオFZフット,Chausses Kontao FZ
3067,ダミー,
3068,ダミー,
3069,コンタオブーツ,Bottes Kontao
3070,コンタオＦブーツ,Bottes Kontao F
3071,コンタオFZブーツ,Bottes Kontao FZ
3072,ダミー,
3073,ダミー,
3074,グロリアフット・金,Chausses Gloria dorées
3075,グロリアＦフット・金,Chausses Gloria F dorées
3076,グロリアFZフット・金,Chausses Gloria FZ dorées
3077,グロリアHCフット・金,Chausses Gloria HC dorées
3078,グロリアHSフット・金,Chausses Gloria HS dorées
3079,グロリアブーツ・金,Bottes Gloria dorées
3080,グロリアＦブーツ・金,Bottes Gloria F dorées
3081,グロリアFZブーツ・金,Bottes Gloria FZ dorées
3082,グロリアHCブーツ・金,Bottes Gloria HC dorées
3083,グロリアHSブーツ・金,Bottes Gloria HS dorées
3084,グロリアフット・青,Chausses Gloria bleues
3085,グロリアＦフット・青,Chausses Gloria F bleues
3086,グロリアFZフット・青,Chausses Gloria FZ bleues
3087,グロリアHCフット・青,Chausses Gloria HC bleues
3088,グロリアHSフット・青,Chausses Gloria HS bleues
3089,グロリアブーツ・青,Bottes Gloria bleues
3090,グロリアＦブーツ・青,Bottes Gloria F bleues
3091,グロリアFZブーツ・青,Bottes Gloria FZ bleues
3092,グロリアHCブーツ・青,Bottes Gloria HC bleues
3093,グロリアHSブーツ・青,Bottes Gloria HS bleues
3094,グロリアフット・水,
3095,グロリアＦフット・水,
3096,グロリアFZフット・水,
3097,グロリアHCフット・水,
3098,グロリアHSフット・水,
3099,グロリアブーツ・水,
3100,グロリアＦブーツ・水,
3101,グロリアFZブーツ・水,
3102,グロリアHCブーツ・水,
3103,グロリアHSブーツ・水,
3104,グロリアフット・赤,Chausses Gloria rouges
3105,グロリアＦフット・赤,Chausses Gloria F rouges
3106,グロリアFZフット・赤,Chausses Gloria FZ rouges
3107,グロリアHCフット・赤,Chausses Gloria HC rouges
3108,グロリアHSフット・赤,Chausses Gloria HS rouges
3109,グロリアブーツ・赤,Bottes Gloria rouges
3110,グロリアＦブーツ・赤,Bottes Gloria F rouges
3111,グロリアFZブーツ・赤,Bottes Gloria FZ rouges
3112,グロリアHCブーツ・赤,Bottes Gloria HC rouges
3113,グロリアHSブーツ・赤,Bottes Gloria HS rouges
3114,神龍脚着・赤,
3115,神龍Ｆ脚着・赤,
3116,神龍FZ脚着・赤,
3117,神龍HC脚着・赤,
3118,神龍HS脚着・赤,
3119,裂破脚着・赤,
3120,裂破Ｆ脚着・赤,
3121,裂破FZ脚着・赤,
3122,裂破HC脚着・赤,
3123,裂破HS脚着・赤,
3124,神龍脚着・白,
3125,神龍Ｆ脚着・白,
3126,神龍FZ脚着・白,
3127,神龍HC脚着・白,
3128,神龍HS脚着・白,
3129,裂破脚着・白,
3130,裂破Ｆ脚着・白,
3131,裂破FZ脚着・白,
3132,裂破HC脚着・白,
3133,裂破HS脚着・白,
3134,神龍脚着・紫,
3135,神龍Ｆ脚着・紫,
3136,神龍FZ脚着・紫,
3137,神龍HC脚着・紫,
3138,神龍HS脚着・紫,
3139,裂破脚着・紫,
3140,裂破Ｆ脚着・紫,
3141,裂破FZ脚着・紫,
3142,裂破HC脚着・紫,
3143,裂破HS脚着・紫,
3144,神龍脚着・黄,
3145,神龍Ｆ脚着・黄,
3146,神龍FZ脚着・黄,
3147,神龍HC脚着・黄,
3148,神龍HS脚着・黄,
3149,裂破脚着・黄,
3150,裂破Ｆ脚着・黄,
3151,裂破FZ脚着・黄,
3152,裂破HC脚着・黄,
3153,裂破HS脚着・黄,
3154,キャノンタイツ・水,
3155,キャノンＦタイツ・水,
3156,キャノンFZタイツ・水,
3157,キャノンHCタイツ・水,
3158,キャノンHSタイツ・水,
3159,アクセルタイツ・水,
3160,アクセルＦタイツ・水,
3161,アクセルFZタイツ・水,
3162,アクセルHCタイツ・水,
3163,アクセルHSタイツ・水,
3164,キャノンタイツ・緑,
3165,キャノンＦタイツ・緑,
3166,キャノンFZタイツ・緑,
3167,キャノンHCタイツ・緑,
3168,キャノンHSタイツ・緑,
3169,アクセルタイツ・緑,
3170,アクセルＦタイツ・緑,
3171,アクセルFZタイツ・緑,
3172,アクセルHCタイツ・緑,
3173,アクセルHSタイツ・緑,
3174,キャノンタイツ・桃,
3175,キャノンＦタイツ・桃,
3176,キャノンFZタイツ・桃,
3177,キャノンHCタイツ・桃,
3178,キャノンHSタイツ・桃,
3179,アクセルタイツ・桃,
3180,アクセルＦタイツ・桃,
3181,アクセルFZタイツ・桃,
3182,アクセルHCタイツ・桃,
3183,アクセルHSタイツ・桃,
3184,キャノンタイツ・紫,
3185,キャノンＦタイツ・紫,
3186,キャノンFZタイツ・紫,
3187,キャノンHCタイツ・紫,
3188,キャノンHSタイツ・紫,
3189,アクセルタイツ・紫,
3190,アクセルＦタイツ・紫,
3191,アクセルFZタイツ・紫,
3192,アクセルHCタイツ・紫,
3193,アクセルHSタイツ・紫,
3194,剣士ランク8,
3195,剣士ランク9,
3196,ガンランク8,
3197,ガンランク9,
3198,ダミー,
3199,ダミー,
3200,ダミー,
3201,ダミー,
3202,ダミー,
3203,ダミー,
3204,ダミー,
3205,ダミー,
3206,ダミー,
3207,ダミー,
3208,ダミー,
3209,ダミー,
3210,ダミー,
3211,ダミー,
3212,ダミー,
3213,ダミー,
3214,ダミー,
3215,ダミー,
3216,ダミー,
3217,ダミー,
3218,ダミー,
3219,ダミー,
3220,ダミー,
3221,ダミー,
3222,ダミー,
3223,ダミー,
3224,ダミー,
3225,ダミー,
3226,ダミー,
3227,ダミー,
3228,ダミー,
3229,ダミー,
3230,ダミー,
3231,ダミー,
3232,ホープブーツ,Bottes Espoir
3233,エミットグリーヴ,
3234,エミットＦグリーヴ,
3235,エミットFXグリーヴ,
3236,エミットレギンス,
3237,エミットＦレギンス,
3238,エミットFXレギンス,
3239,ディボアグリーヴ,Grèves Diboa
3240,ディボアＦグリーヴ,Grèves Diboa F
3241,ディボアFXグリーヴ,Grèves Diboa FX
3242,ディボアレギンス,Jambières Diboa
3243,ディボアＦレギンス,Jambières Diboa F
3244,ディボアFXレギンス,Jambières Diboa FX
3245,ピエトラＧグリーヴ,Grèves Pietra G
3246,ピエトラGFグリーヴ,Grèves Pietra GF
3247,ピエトラＧレギンス,Jambières Pietra G
3248,ピエトラGFレギンス,Jambières Pietra GF
3249,ポカラＧグリーヴ,Grèves Pokara G
3250,ポカラGFグリーヴ,Grèves Pokara GF
3251,ポカラＧレギンス,Jambières Pokara G
3252,ポカラGFレギンス,Jambières Pokara GF
3253,ザザミＧグリーヴ,Grèves Hermitaur G
3254,ザザミGFグリーヴ,Grèves Hermitaur GF
3255,ザザミＧレギンス,Jambières Hermitaur G
3256,ザザミGFレギンス,Jambières Hermitaur GF
3257,クックＧグリーヴ,Grèves Kut-Ku G
3258,クックGFグリーヴ,Grèves Kut-Ku GF
3259,クックＧレギンス,Jambières Kut-Ku G
3260,クックGFレギンス,Jambières Kut-Ku GF
3261,ファルノＧグリーヴ,Grèves Farunokku G
3262,ファルノGFグリーヴ,Grèves Farunokku GF
3263,ファルノＧレギンス,Jambières Farunokku G
3264,ファルノGFレギンス,Jambières Farunokku GF
3265,ゲリョスＧグリーヴ,Grèves Gypceros G
3266,ゲリョスGFグリーヴ,Grèves Gypceros GF
3267,ゲリョスＧレギンス,Jambières Gypceros G
3268,ゲリョスGFレギンス,Jambières Gypceros GF
3269,コンガＧグリーヴ,Grèves Conga G
3270,コンガGFグリーヴ,Grèves Conga GF
3271,コンガＧレギンス,Jambières Conga G
3272,コンガGFレギンス,Jambières Conga GF
3273,ヘッジＧグリーヴ,Grèves Hyuji G
3274,ヘッジGFグリーヴ,Grèves Hyuji GF
3275,ヘッジＧレギンス,Jambières Hyuji G
3276,ヘッジGFレギンス,Jambières Hyuji GF
3277,バサルＧグリーヴ,Grèves Basarios G
3278,バサルGFグリーヴ,Grèves Basarios GF
3279,バサルＧレギンス,Jambières Basarios G
3280,バサルGFレギンス,Jambières Basarios GF
3281,レイアＧグリーヴ,Grèves Rathian G
3282,レイアGFグリーヴ,Grèves Rathian GF
3283,レイアＧレギンス,Jambières Rathian G
3284,レイアGFレギンス,Jambières Rathian GF
3285,ギザミＧグリーヴ,Grèves Ceanataur G
3286,ギザミGFグリーヴ,Grèves Ceanataur GF
3287,ギザミＧレギンス,Jambières Ceanataur G
3288,ギザミGFレギンス,Jambières Ceanataur GF
3289,御神楽Ｇ【袴】,
3290,御神楽GF【袴】,
3291,里神楽Ｇ【袴】,
3292,里神楽GF【袴】,
3293,レウスＧグリーヴ,Grèves Rathalos G
3294,レウスGFグリーヴ,Grèves Rathalos GF
3295,レウスＧレギンス,Jambières Rathalos G
3296,レウスGFレギンス,Jambières Rathalos GF
3297,ブランゴＧグリーヴ,Grèves Blango G
3298,ブランゴGFグリーヴ,Grèves Blango GF
3299,ブランゴＧレギンス,Jambières Blango G
3300,ブランゴGFレギンス,Jambières Blango GF
3301,フルフルＧグリーヴ,Grèves Khezu G
3302,フルフルGFグリーヴ,Grèves Khezu GF
3303,フルフルＧレギンス,Jambières Khezu G
3304,フルフルGFレギンス,Jambières Khezu GF
3305,ホープＧグリーヴ,Grèves Espoir G
3306,ホープGFグリーヴ,Grèves Espoir GF
3307,ホープＧレギンス,Jambières Espoir G
3308,ホープGFレギンス,Jambières Espoir GF
3309,グラッシュフット,
3310,グラッシュＦフット,
3311,グラッシュFYフット,
3312,グラッシュHCフット,
3313,グラッシュブーツ,
3314,グラッシュＦブーツ,
3315,グラッシュFYブーツ,
3316,グラッシュHCブーツ,
3317,タンドレスフット,Chausses Tandress
3318,タンドレスＦフット,Chausses Tandress F
3319,タンドレスFYフット,Chausses Tandress FY
3320,タンドレスHCフット,Chausses Tandress HC
3321,タンドレスブーツ,Bottes Tandress
3322,タンドレスＦブーツ,Bottes Tandress F
3323,タンドレスFYブーツ,Bottes Tandress FY
3324,タンドレスHCブーツ,Bottes Tandress HC
3325,ダミー,
3326,ダミー,
3327,ダミー,
3328,ダミー,
3329,ダミー,
3330,ダミー,
3331,ダミー,
3332,ダミー,
3333,ロウセスＧグリーヴ,Grèves Roses G
3334,ロウセスＧレギンス,Jambières Roses G
3335,シェルカＧレッグ,
3336,チェスカＧブーツ,
3337,ロアースＧレッグ,
3338,ライードＧブーツ,
3339,蒼竜ノ具足【脛当】,
3340,蒼竜ノ具足Ｆ【脛当】,
3341,蒼竜ノ具足FZ【脛当】,
3342,蒼竜ノ具足HC【脛当】,
3343,蒼竜ノ具足HS【脛当】,
3344,蒼竜ノ羽織【脛当】,
3345,蒼竜ノ羽織Ｆ【脛当】,
3346,蒼竜ノ羽織FZ【脛当】,
3347,蒼竜ノ羽織HC【脛当】,
3348,蒼竜ノ羽織HS【脛当】,
3349,オービスキック,
3350,オービスＦキック,
3351,オービスFZキック,
3352,オービスHCキック,
3353,オービスブーツ,Bottes Ukon
3354,オービスＦブーツ,Bottes Ukon F
3355,オービスFZブーツ,Bottes Ukon FZ
3356,オービスHCブーツ,Bottes Ukon HC
3357,オービスHSキック,
3358,オービスGSキック,
3359,オービスHSブーツ,Bottes Ukon HS
3360,オービスGSブーツ,Bottes Ukon GS
3361,蒼竜ノ具足GS【脛当】,
3362,蒼竜ノ羽織GS【脛当】,
3363,ロウセスGFグリーヴ,Grèves Roses GF
3364,ロウセスGFレギンス,Jambières Roses GF
3365,ダミー,
3366,ダミー,
3367,マゴスフット・黄,Chausses Magos jaunes
3368,マゴスＦフット・黄,Chausses Magos F jaunes
3369,マゴスFZフット・黄,Chausses Magos FZ jaunes
3370,マゴスHCフット・黄,Chausses Magos HC jaunes
3371,マゴスHSフット・黄,Chausses Magos HS jaunes
3372,マゴスブーツ・黄,Bottes Magos jaunes
3373,マゴスＦブーツ・黄,Bottes Magos F jaunes
3374,マゴスFZブーツ・黄,Bottes Magos FZ jaunes
3375,マゴスHCブーツ・黄,Bottes Magos HC jaunes
3376,マゴスHSブーツ・黄,Bottes Magos HS jaunes
3377,マゴスフット・赤,Chausses Magos rouges
3378,マゴスＦフット・赤,Chausses Magos F rouges
3379,マゴスFZフット・赤,Chausses Magos FZ rouges
3380,マゴスHCフット・赤,Chausses Magos HC rouges
3381,マゴスHSフット・赤,Chausses Magos HS rouges
3382,マゴスブーツ・赤,Bottes Magos rouges
3383,マゴスＦブーツ・赤,Bottes Magos F rouges
3384,マゴスFZブーツ・赤,Bottes Magos FZ rouges
3385,マゴスHCブーツ・赤,Bottes Magos HC rouges
3386,マゴスHSブーツ・赤,Bottes Magos HS rouges
3387,マゴスフット・水,
3388,マゴスＦフット・水,
3389,マゴスFZフット・水,
3390,マゴスHCフット・水,
3391,マゴスHSフット・水,
3392,マゴスブーツ・水,
3393,マゴスＦブーツ・水,
3394,マゴスFZブーツ・水,
3395,マゴスHCブーツ・水,
3396,マゴスHSブーツ・水,
3397,マゴスフット・青,Chausses Magos bleues
3398,マゴスＦフット・青,Chausses Magos F bleues
3399,マゴスFZフット・青,Chausses Magos FZ bleues
3400,マゴスHCフット・青,Chausses Magos HC bleues
3401,マゴスHSフット・青,Chausses Magos HS bleues
3402,マゴスブーツ・青,Bottes Magos bleues
3403,マゴスＦブーツ・青,Bottes Magos F bleues
3404,マゴスFZブーツ・青,Bottes Magos FZ bleues
3405,マゴスHCブーツ・青,Bottes Magos HC bleues
3406,マゴスHSブーツ・青,Bottes Magos HS bleues
3407,マゴスGSフット・黄,Chausses Magos GS jaunes
3408,マゴスGSブーツ・黄,Bottes Magos GS jaunes
3409,マゴスGSフット・赤,Chausses Magos GS rouges
3410,マゴスGSブーツ・赤,Bottes Magos GS rouges
3411,マゴスGSフット・水,
3412,マゴスGSブーツ・水,
3413,マゴスGSフット・青,Chausses Magos GS bleues
3414,マゴスGSブーツ・青,Bottes Magos GS bleues
3415,赤備ノ具足【脛当】,
3416,赤備ノ具足Ｆ【脛当】,
3417,赤備ノ具足FZ【脛当】,
3418,赤備ノ具足HC【脛当】,
3419,赤備ノ具足HS【脛当】,
3420,赤備ノ具足GS【脛当】,
3421,赤備ノ羽織【脛当】,
3422,赤備ノ羽織Ｆ【脛当】,
3423,赤備ノ羽織FZ【脛当】,
3424,赤備ノ羽織HC【脛当】,
3425,赤備ノ羽織HS【脛当】,
3426,赤備ノ羽織GS【脛当】,
3427,ミクフット,Chausses Miku
3428,ミクＦフット,Chausses Miku F
3429,ミクFZフット,Chausses Miku FZ
3430,ミクHCフット,Chausses Miku HC
3431,ミクHSフット,Chausses Miku HS
3432,ミクGSフット,Chausses Miku GS
3433,ミクブーツ,Bottes Miku
3434,ミクＦブーツ,Bottes Miku F
3435,ミクFZブーツ,Bottes Miku FZ
3436,ミクHCブーツ,Bottes Miku HC
3437,ミクHSブーツ,Bottes Miku HS
3438,ミクGSブーツ,Bottes Miku GS
3439,赤原礼装・脚：剣赤,Jambes Akahara Lame rouges
3440,赤原礼装・脚：剣Ｆ赤,Jambes Akahara F Lame rouges
3441,赤原礼装・脚：剣FZ赤,Jambes Akahara FZ Lame rouges
3442,赤原礼装・脚：剣HC赤,Jambes Akahara HC Lame rouges
3443,赤原礼装・脚：剣HS赤,Jambes Akahara HS Lame rouges
3444,赤原礼装・脚：剣GS赤,Jambes Akahara GS Lame rouges
3445,赤原礼装・脚：弓赤,Jambes Akahara Arc rouges
3446,赤原礼装・脚：弓Ｆ赤,Jambes Akahara F Arc rouges
3447,赤原礼装・脚：弓FZ赤,Jambes Akahara FZ Arc rouges
3448,赤原礼装・脚：弓HC赤,Jambes Akahara HC Arc rouges
3449,赤原礼装・脚：弓HS赤,Jambes Akahara HS Arc rouges
3450,赤原礼装・脚：弓GS赤,Jambes Akahara GS Arc rouges
3451,赤原礼装・脚：剣青,Jambes Akahara Lame bleues
3452,赤原礼装・脚：剣Ｆ青,Jambes Akahara F Lame bleues
3453,赤原礼装・脚：剣FZ青,Jambes Akahara FZ Lame bleues
3454,赤原礼装・脚：剣HC青,Jambes Akahara HC Lame bleues
3455,赤原礼装・脚：剣HS青,Jambes Akahara HS Lame bleues
3456,赤原礼装・脚：剣GS青,Jambes Akahara GS Lame bleues
3457,赤原礼装・脚：弓青,Jambes Akahara Arc bleues
3458,赤原礼装・脚：弓Ｆ青,Jambes Akahara F Arc bleues
3459,赤原礼装・脚：弓FZ青,Jambes Akahara FZ Arc bleues
3460,赤原礼装・脚：弓HC青,Jambes Akahara HC Arc bleues
3461,赤原礼装・脚：弓HS青,Jambes Akahara HS Arc bleues
3462,赤原礼装・脚：弓GS青,Jambes Akahara GS Arc bleues
3463,赤原礼装・脚：剣黒,Jambes Akahara Lame noires
3464,赤原礼装・脚：剣Ｆ黒,Jambes Akahara F Lame noires
3465,赤原礼装・脚：剣FZ黒,Jambes Akahara FZ Lame noires
3466,赤原礼装・脚：剣HC黒,Jambes Akahara HC Lame noires
3467,赤原礼装・脚：剣HS黒,Jambes Akahara HS Lame noires
3468,赤原礼装・脚：剣GS黒,Jambes Akahara GS Lame noires
3469,赤原礼装・脚：弓黒,Jambes Akahara Arc noires
3470,赤原礼装・脚：弓Ｆ黒,Jambes Akahara F Arc noires
3471,赤原礼装・脚：弓FZ黒,Jambes Akahara FZ Arc noires
3472,赤原礼装・脚：弓HC黒,Jambes Akahara HC Arc noires
3473,赤原礼装・脚：弓HS黒,Jambes Akahara HS Arc noires
3474,赤原礼装・脚：弓GS黒,Jambes Akahara GS Arc noires
3475,赤原礼装・脚：剣白,Jambes Akahara Lame blanches
3476,赤原礼装・脚：剣Ｆ白,Jambes Akahara F Lame blanches
3477,赤原礼装・脚：剣FZ白,Jambes Akahara FZ Lame blanches
3478,赤原礼装・脚：剣HC白,Jambes Akahara HC Lame blanches
3479,赤原礼装・脚：剣HS白,Jambes Akahara HS Lame blanches
3480,赤原礼装・脚：剣GS白,Jambes Akahara GS Lame blanches
3481,赤原礼装・脚：弓白,Jambes Akahara Arc blanches
3482,赤原礼装・脚：弓Ｆ白,Jambes Akahara F Arc blanches
3483,赤原礼装・脚：弓FZ白,Jambes Akahara FZ Arc blanches
3484,赤原礼装・脚：弓HC白,Jambes Akahara HC Arc blanches
3485,赤原礼装・脚：弓HS白,Jambes Akahara HS Arc blanches
3486,赤原礼装・脚：弓GS白,Jambes Akahara GS Arc blanches
3487,騎士王の脚甲：剣青,
3488,騎士王の脚甲：剣Ｆ青,
3489,騎士王の脚甲：剣FZ青,
3490,騎士王の脚甲：剣HC青,
3491,騎士王の脚甲：剣HS青,
3492,騎士王の脚甲：剣GS青,
3493,騎士王の脚甲：弓青,
3494,騎士王の脚甲：弓Ｆ青,
3495,騎士王の脚甲：弓FZ青,
3496,騎士王の脚甲：弓HC青,
3497,騎士王の脚甲：弓HS青,
3498,騎士王の脚甲：弓GS青,
3499,騎士王の脚甲：剣赤,
3500,騎士王の脚甲：剣Ｆ赤,
3501,騎士王の脚甲：剣FZ赤,
3502,騎士王の脚甲：剣HC赤,
3503,騎士王の脚甲：剣HS赤,
3504,騎士王の脚甲：剣GS赤,
3505,騎士王の脚甲：弓赤,
3506,騎士王の脚甲：弓Ｆ赤,
3507,騎士王の脚甲：弓FZ赤,
3508,騎士王の脚甲：弓HC赤,
3509,騎士王の脚甲：弓HS赤,
3510,騎士王の脚甲：弓GS赤,
3511,騎士王の脚甲：剣黒,
3512,騎士王の脚甲：剣Ｆ黒,
3513,騎士王の脚甲：剣FZ黒,
3514,騎士王の脚甲：剣HC黒,
3515,騎士王の脚甲：剣HS黒,
3516,騎士王の脚甲：剣GS黒,
3517,騎士王の脚甲：弓黒,
3518,騎士王の脚甲：弓Ｆ黒,
3519,騎士王の脚甲：弓FZ黒,
3520,騎士王の脚甲：弓HC黒,
3521,騎士王の脚甲：弓HS黒,
3522,騎士王の脚甲：弓GS黒,
3523,騎士王の脚甲：剣白,
3524,騎士王の脚甲：剣Ｆ白,
3525,騎士王の脚甲：剣FZ白,
3526,騎士王の脚甲：剣HC白,
3527,騎士王の脚甲：剣HS白,
3528,騎士王の脚甲：剣GS白,
3529,騎士王の脚甲：弓白,
3530,騎士王の脚甲：弓Ｆ白,
3531,騎士王の脚甲：弓FZ白,
3532,騎士王の脚甲：弓HC白,
3533,騎士王の脚甲：弓HS白,
3534,騎士王の脚甲：弓GS白,
3535,ヴェルフFZグリーヴ,Grèves Welf FZ
3536,ヴェルフHCグリーヴ,Grèves Welf HC
3537,ヴェルフFZレギンス,Jambières Welf FZ
3538,ヴェルフHCレギンス,Jambières Welf HC
3539,テリオグFZグリーヴ,
3540,テリオグHCグリーヴ,
3541,テリオグFZレギンス,
3542,テリオグHCレギンス,
3543,ベイルFZディバイダー,
3544,ベイルHCディバイダー,
3545,ピエトラGXグリーヴ,Grèves Pietra GX
3546,ピエトラGXレギンス,Jambières Pietra GX
3547,ポカラGXグリーヴ,Grèves Pokara GX
3548,ポカラGXレギンス,Jambières Pokara GX
3549,ザザミGXグリーヴ,Grèves Hermitaur GX
3550,ザザミGXレギンス,Jambières Hermitaur GX
3551,クックGXグリーヴ,Grèves Kut-Ku GX
3552,クックGXレギンス,Jambières Kut-Ku GX
3553,ファルノGXグリーヴ,Grèves Farunokku GX
3554,ファルノGXレギンス,Jambières Farunokku GX
3555,ゲリョスGXグリーヴ,Grèves Gypceros GX
3556,ゲリョスGXレギンス,Jambières Gypceros GX
3557,コンガGXグリーヴ,Grèves Conga GX
3558,コンガGXレギンス,Jambières Conga GX
3559,ヘッジGXグリーヴ,Grèves Hyuji GX
3560,ヘッジGXレギンス,Jambières Hyuji GX
3561,バサルGXグリーヴ,Grèves Basarios GX
3562,バサルGXレギンス,Jambières Basarios GX
3563,レイアGXグリーヴ,Grèves Rathian GX
3564,レイアGXレギンス,Jambières Rathian GX
3565,ギザミGXグリーヴ,Grèves Ceanataur GX
3566,ギザミGXレギンス,Jambières Ceanataur GX
3567,御神楽GX【袴】,
3568,里神楽GX【袴】,
3569,レウスGXグリーヴ,Grèves Rathalos GX
3570,レウスGXレギンス,Jambières Rathalos GX
3571,ブランゴGXグリーヴ,Grèves Blango GX
3572,ブランゴGXレギンス,Jambières Blango GX
3573,フルフルGXグリーヴ,Grèves Khezu GX
3574,フルフルGXレギンス,Jambières Khezu GX
3575,ホープGXグリーヴ,Grèves Espoir GX
3576,ホープGXレギンス,Jambières Espoir GX
3577,マグシアＧグリーヴ,Grèves Gougarf G
3578,マグシアGFグリーヴ,Grèves Gougarf GF
3579,マグシアGXグリーヴ,Grèves Gougarf GX
3580,マグシアＧレギンス,Jambières Gougarf G
3581,マグシアGFレギンス,Jambières Gougarf GF
3582,マグシアGXレギンス,Jambières Gougarf GX
3583,ショウロウ【端足】Ｇ,
3584,ショウロウ【端足】GF,
3585,ショウロウ【端足】GX,
3586,ミタマ【端足】Ｇ,
3587,ミタマ【端足】GF,
3588,ミタマ【端足】GX,
3589,サベージＧグリーヴ,Grèves Giaorugu G
3590,サベージGFグリーヴ,Grèves Giaorugu GF
3591,サベージGXグリーヴ,Grèves Giaorugu GX
3592,サベージＧレギンス,Jambières Giaorugu G
3593,サベージGFレギンス,Jambières Giaorugu GF
3594,サベージGXレギンス,Jambières Giaorugu GX
3595,グラビドＧグリーヴ,Grèves Gravios G
3596,グラビドGFグリーヴ,Grèves Gravios GF
3597,グラビドGXグリーヴ,Grèves Gravios GX
3598,グラビドＧレギンス,Jambières Gravios G
3599,グラビドGFレギンス,Jambières Gravios GF
3600,グラビドGXレギンス,Jambières Gravios GX
3601,レックスＧグリーヴ,Grèves Tigrex G
3602,レックスGFグリーヴ,Grèves Tigrex GF
3603,レックスGXグリーヴ,Grèves Tigrex GX
3604,レックスＧレギンス,Jambières Tigrex G
3605,レックスGFレギンス,Jambières Tigrex GF
3606,レックスGXレギンス,Jambières Tigrex GX
3607,パリアＧグリーヴ,Grèves Paria G
3608,パリアGFグリーヴ,Grèves Paria GF
3609,パリアGXグリーヴ,Grèves Paria GX
3610,パリアＧレギンス,Jambières Paria G
3611,パリアGFレギンス,Jambières Paria GF
3612,パリアGXレギンス,Jambières Paria GX
3613,トルペドＧグリーヴ,Grèves Torpille G
3614,トルペドGFグリーヴ,Grèves Torpille GF
3615,トルペドGXグリーヴ,Grèves Torpille GX
3616,トルペドＧレギンス,Jambières Torpille G
3617,トルペドGFレギンス,Jambières Torpille GF
3618,トルペドGXレギンス,Jambières Torpille GX
3619,ラヴァＧグリーヴ,Grèves Lavasioth G
3620,ラヴァGFグリーヴ,Grèves Lavasioth GF
3621,ラヴァGXグリーヴ,Grèves Lavasioth GX
3622,ラヴァＧレギンス,Jambières Lavasioth G
3623,ラヴァGFレギンス,Jambières Lavasioth GF
3624,ラヴァGXレギンス,Jambières Lavasioth GX
3625,エスピナＧフェルゼ,
3626,エスピナGFフェルゼ,
3627,エスピナGXフェルゼ,
3628,エスピナＧアヴィレ,
3629,エスピナGFアヴィレ,
3630,エスピナGXアヴィレ,
3631,金色ノ袴・Ｇ,
3632,金色ノ袴・GF,
3633,金色ノ袴・GX,
3634,黒子ノ足袋・Ｇ,
3635,黒子ノ足袋・GF,
3636,黒子ノ足袋・GX,
3637,レビＧフット,Chausses Rebidiora G
3638,レビGFフット,Chausses Rebidiora GF
3639,レビGXフット,Chausses Rebidiora GX
3640,レビＧレグス,
3641,レビGFレグス,
3642,レビGXレグス,
3643,ガルルガＧグリーヴ,Grèves Garuga G
3644,ガルルガGFグリーヴ,Grèves Garuga GF
3645,ガルルガGXグリーヴ,Grèves Garuga GX
3646,ガルルガＧレギンス,Jambières Garuga G
3647,ガルルガGFレギンス,Jambières Garuga GF
3648,ガルルガGXレギンス,Jambières Garuga GX
3649,アクラＧグリーヴ,Grèves Akura G
3650,アクラGFグリーヴ,Grèves Akura GF
3651,アクラGXグリーヴ,Grèves Akura GX
3652,アクラＧレギンス,Jambières Akura G
3653,アクラGFレギンス,Jambières Akura GF
3654,アクラGXレギンス,Jambières Akura GX
3655,グレンＧグリーヴ,Grèves Guren G
3656,グレンGFグリーヴ,Grèves Guren GF
3657,グレンGXグリーヴ,Grèves Guren GX
3658,グレンＧレギンス,Jambières Guren G
3659,グレンGFレギンス,Jambières Guren GF
3660,グレンGXレギンス,Jambières Guren GX
3661,稲荷・Ｇ【具足】,
3662,稲荷・GF【具足】,
3663,稲荷・GX【具足】,
3664,玉藻・Ｇ【具足】,
3665,玉藻・GF【具足】,
3666,玉藻・GX【具足】,
3667,ディスＧグリーヴ,Grèves Disu G
3668,ディスGFグリーヴ,Grèves Disu GF
3669,ディスGXグリーヴ,Grèves Disu GX
3670,ディスＧレギンス,Jambières Disu G
3671,ディスGFレギンス,Jambières Disu GF
3672,ディスGXレギンス,Jambières Disu GX
3673,黒影ノ足袋・Ｇ,
3674,黒影ノ足袋・GF,
3675,黒影ノ足袋・GX,
3676,黒陰ノ足袋・Ｇ,
3677,黒陰ノ足袋・GF,
3678,黒陰ノ足袋・GX,
3679,白虎・剣聖Ｇフット,
3680,白虎・剣聖GFフット,
3681,朱雀・剣聖Ｇフット,
3682,朱雀・剣聖GFフット,
3683,玄武・剣聖Ｇフット,
3684,玄武・剣聖GFフット,
3685,青龍・剣聖Ｇフット,
3686,青龍・剣聖GFフット,
3687,白虎・双龍Ｇフット,
3688,白虎・双龍GFフット,
3689,朱雀・双龍Ｇフット,
3690,朱雀・双龍GFフット,
3691,玄武・双龍Ｇフット,
3692,玄武・双龍GFフット,
3693,青龍・双龍Ｇフット,
3694,青龍・双龍GFフット,
3695,白虎・剣王Ｇフット,
3696,白虎・剣王GFフット,
3697,朱雀・剣王Ｇフット,
3698,朱雀・剣王GFフット,
3699,玄武・剣王Ｇフット,
3700,玄武・剣王GFフット,
3701,青龍・剣王Ｇフット,
3702,青龍・剣王GFフット,
3703,白虎・刀神Ｇフット,
3704,白虎・刀神GFフット,
3705,朱雀・刀神Ｇフット,
3706,朱雀・刀神GFフット,
3707,玄武・刀神Ｇフット,
3708,玄武・刀神GFフット,
3709,青龍・刀神Ｇフット,
3710,青龍・刀神GFフット,
3711,白虎・天槍Ｇフット,
3712,白虎・天槍GFフット,
3713,朱雀・天槍Ｇフット,
3714,朱雀・天槍GFフット,
3715,玄武・天槍Ｇフット,
3716,玄武・天槍GFフット,
3717,青龍・天槍Ｇフット,
3718,青龍・天槍GFフット,
3719,白虎・砲皇Ｇフット,
3720,白虎・砲皇GFフット,
3721,朱雀・砲皇Ｇフット,
3722,朱雀・砲皇GFフット,
3723,玄武・砲皇Ｇフット,
3724,玄武・砲皇GFフット,
3725,青龍・砲皇Ｇフット,
3726,青龍・砲皇GFフット,
3727,白虎・鈍器獣Ｇフット,
3728,白虎・鈍器獣GFフット,
3729,朱雀・鈍器獣Ｇフット,
3730,朱雀・鈍器獣GFフット,
3731,玄武・鈍器獣Ｇフット,
3732,玄武・鈍器獣GFフット,
3733,青龍・鈍器獣Ｇフット,
3734,青龍・鈍器獣GFフット,
3735,白虎・奏帝Ｇフット,
3736,白虎・奏帝GFフット,
3737,朱雀・奏帝Ｇフット,
3738,朱雀・奏帝GFフット,
3739,玄武・奏帝Ｇフット,
3740,玄武・奏帝GFフット,
3741,青龍・奏帝Ｇフット,
3742,青龍・奏帝GFフット,
3743,白虎・銃傑Ｇブーツ,
3744,白虎・銃傑GFブーツ,
3745,朱雀・銃傑Ｇブーツ,
3746,朱雀・銃傑GFブーツ,
3747,玄武・銃傑Ｇブーツ,
3748,玄武・銃傑GFブーツ,
3749,青龍・銃傑Ｇブーツ,
3750,青龍・銃傑GFブーツ,
3751,白虎・銃仙Ｇブーツ,
3752,白虎・銃仙GFブーツ,
3753,朱雀・銃仙Ｇブーツ,
3754,朱雀・銃仙GFブーツ,
3755,玄武・銃仙Ｇブーツ,
3756,玄武・銃仙GFブーツ,
3757,青龍・銃仙Ｇブーツ,
3758,青龍・銃仙GFブーツ,
3759,白虎・弓鬼Ｇブーツ,
3760,白虎・弓鬼GFブーツ,
3761,朱雀・弓鬼Ｇブーツ,
3762,朱雀・弓鬼GFブーツ,
3763,玄武・弓鬼Ｇブーツ,
3764,玄武・弓鬼GFブーツ,
3765,青龍・弓鬼Ｇブーツ,
3766,青龍・弓鬼GFブーツ,
3767,オディバＧグリーヴ,Grèves Odiva G
3768,オディバＧレギンス,Jambières Odiva G
3769,ブリッツＧレガース,
3770,ブリッツＧブーツ,
3771,フレイムＧグリーヴ,Grèves Flamme G
3772,フレイムＧレギンス,Jambières Flamme G
3773,ウィンドＧペイル,
3774,ウィンドＧハディ,
3775,武者Ｇ【具足】,
3776,日光Ｇ【具足】,
3777,ワダツミＧ【具足】,
3778,オカミＧ【具足】,
3779,リルスＧグリーヴ,Grèves Lils G
3780,リルスＧレギンス,Jambières Lils G
3781,アルゴルＧグリーヴ,Grèves Algol G
3782,アルゴルＧレギンス,Jambières Algol G
3783,エミットＧグリーヴ,
3784,エミットＧレギンス,
3785,ディボアＧグリーヴ,Grèves Diboa G
3786,ディボアＧレギンス,Jambières Diboa G
3787,鬼神ノ脛当,
3788,童子ノ脛当,
3789,レアーブーツ,
3790,ハーデスブーツ,
3791,レアーレギンス,
3792,ハーデスレギンス,
3793,ロウセスGXグリーヴ,Grèves Roses GX
3794,ロウセスGXレギンス,Jambières Roses GX
3795,ストレガＧグリーヴ,Grèves Strega G
3796,ストレガGFグリーヴ,Grèves Strega GF
3797,ストレガGXグリーヴ,Grèves Strega GX
3798,ストレガＧレギンス,Jambières Strega G
3799,ストレガGFレギンス,Jambières Strega GF
3800,ストレガGXレギンス,Jambières Strega GX
3801,ピクスフット・緑,Chausses Pyx vertes
3802,ピクスＦフット・緑,Chausses Pyx F vertes
3803,ピクスFZフット・緑,Chausses Pyx FZ vertes
3804,ピクスHCフット・緑,Chausses Pyx HC vertes
3805,ピクスHSフット・緑,Chausses Pyx HS vertes
3806,ピクスGSフット・緑,Chausses Pyx GS vertes
3807,ピクスブーツ・緑,Bottes Pyx vertes
3808,ピクスＦブーツ・緑,Bottes Pyx F vertes
3809,ピクスFZブーツ・緑,Bottes Pyx FZ vertes
3810,ピクスHCブーツ・緑,Bottes Pyx HC vertes
3811,ピクスHSブーツ・緑,Bottes Pyx HS vertes
3812,ピクスGSブーツ・緑,Bottes Pyx GS vertes
3813,ピクスフット・紫,Chausses Pyx violettes
3814,ピクスＦフット・紫,Chausses Pyx F violettes
3815,ピクスFZフット・紫,Chausses Pyx FZ violettes
3816,ピクスHCフット・紫,Chausses Pyx HC violettes
3817,ピクスHSフット・紫,Chausses Pyx HS violettes
3818,ピクスGSフット・紫,Chausses Pyx GS violettes
3819,ピクスブーツ・紫,Bottes Pyx violettes
3820,ピクスＦブーツ・紫,Bottes Pyx F violettes
3821,ピクスFZブーツ・紫,Bottes Pyx FZ violettes
3822,ピクスHCブーツ・紫,Bottes Pyx HC violettes
3823,ピクスHSブーツ・紫,Bottes Pyx HS violettes
3824,ピクスGSブーツ・紫,Bottes Pyx GS violettes
3825,ピクスフット・黒,Chausses Pyx noires
3826,ピクスＦフット・黒,Chausses Pyx F noires
3827,ピクスFZフット・黒,Chausses Pyx FZ noires
3828,ピクスHCフット・黒,Chausses Pyx HC noires
3829,ピクスHSフット・黒,Chausses Pyx HS noires
3830,ピクスGSフット・黒,Chausses Pyx GS noires
3831,ピクスブーツ・黒,Bottes Pyx noires
3832,ピクスＦブーツ・黒,Bottes Pyx F noires
3833,ピクスFZブーツ・黒,Bottes Pyx FZ noires
3834,ピクスHCブーツ・黒,Bottes Pyx HC noires
3835,ピクスHSブーツ・黒,Bottes Pyx HS noires
3836,ピクスGSブーツ・黒,Bottes Pyx GS noires
3837,ピクスフット・水,
3838,ピクスＦフット・水,
3839,ピクスFZフット・水,
3840,ピクスHCフット・水,
3841,ピクスHSフット・水,
3842,ピクスGSフット・水,
3843,ピクスブーツ・水,
3844,ピクスＦブーツ・水,
3845,ピクスFZブーツ・水,
3846,ピクスHCブーツ・水,
3847,ピクスHSブーツ・水,
3848,ピクスGSブーツ・水,
3849,ブライトグリーヴ,Grèves Éclat
3850,ブライトＦグリーヴ,Grèves Éclat F
3851,ブライトFZグリーヴ,Grèves Éclat FZ
3852,ブライトHCグリーヴ,Grèves Éclat HC
3853,ブライトHSグリーヴ,Grèves Éclat HS
3854,ブライトGSグリーヴ,Grèves Éclat GS
3855,ブライトレギンス,Jambières Éclat
3856,ブライトＦレギンス,Jambières Éclat F
3857,ブライトFZレギンス,Jambières Éclat FZ
3858,ブライトHCレギンス,Jambières Éclat HC
3859,ブライトHSレギンス,Jambières Éclat HS
3860,ブライトGSレギンス,Jambières Éclat GS
3861,ジュアリグリーヴ,Grèves Juari
3862,ジュアリＦグリーヴ,Grèves Juari F
3863,ジュアリFZグリーヴ,Grèves Juari FZ
3864,ジュアリHCグリーヴ,Grèves Juari HC
3865,ジュアリHSグリーヴ,Grèves Juari HS
3866,ジュアリGSグリーヴ,Grèves Juari GS
3867,ジュアリレギンス,Jambières Juari
3868,ジュアリＦレギンス,Jambières Juari F
3869,ジュアリFZレギンス,Jambières Juari FZ
3870,ジュアリHCレギンス,Jambières Juari HC
3871,ジュアリHSレギンス,Jambières Juari HS
3872,ジュアリGSレギンス,Jambières Juari GS
3873,ティンクグリーヴ,Grèves Tinku
3874,ティンクＦグリーヴ,Grèves Tinku F
3875,ティンクFZグリーヴ,Grèves Tinku FZ
3876,ティンクHCグリーヴ,Grèves Tinku HC
3877,ティンクHSグリーヴ,Grèves Tinku HS
3878,ティンクGSグリーヴ,Grèves Tinku GS
3879,ティンクレギンス,Jambières Tinku
3880,ティンクＦレギンス,Jambières Tinku F
3881,ティンクFZレギンス,Jambières Tinku FZ
3882,ティンクHCレギンス,Jambières Tinku HC
3883,ティンクHSレギンス,Jambières Tinku HS
3884,ティンクGSレギンス,Jambières Tinku GS
3885,レアルFZフット・白,Chausses Real FZ blanches
3886,レアルHCフット・白,Chausses Real HC blanches
3887,レアルHSフット・白,Chausses Real HS blanches
3888,レアルGSフット・白,Chausses Real GS blanches
3889,レアルFZブーツ・白,Bottes Real FZ blanches
3890,レアルHCブーツ・白,Bottes Real HC blanches
3891,レアルHSブーツ・白,Bottes Real HS blanches
3892,レアルGSブーツ・白,Bottes Real GS blanches
3893,リアンFZフット・青,Chausses Rian FZ bleues
3894,リアンHCフット・青,Chausses Rian HC bleues
3895,リアンHSフット・青,Chausses Rian HS bleues
3896,リアンGSフット・青,Chausses Rian GS bleues
3897,リアンFZブーツ・青,Bottes Rian FZ bleues
3898,リアンHCブーツ・青,Bottes Rian HC bleues
3899,リアンHSブーツ・青,Bottes Rian HS bleues
3900,リアンGSブーツ・青,Bottes Rian GS bleues
3901,メレティFZフット・白,Chausses Meleti FZ blanches
3902,メレティHCフット・白,Chausses Meleti HC blanches
3903,メレティHSフット・白,Chausses Meleti HS blanches
3904,メレティGSフット・白,Chausses Meleti GS blanches
3905,メレティFZブーツ・青,Bottes Meleti FZ bleues
3906,メレティHCブーツ・青,Bottes Meleti HC bleues
3907,メレティHSブーツ・青,Bottes Meleti HS bleues
3908,メレティGSブーツ・青,Bottes Meleti GS bleues
3909,リゲリアFZフット・白,Chausses Ligeria FZ blanches
3910,リゲリアHCフット・白,Chausses Ligeria HC blanches
3911,リゲリアHSフット・白,Chausses Ligeria HS blanches
3912,リゲリアGSフット・白,Chausses Ligeria GS blanches
3913,リゲリアFZブーツ・青,Bottes Ligeria FZ bleues
3914,リゲリアHCブーツ・青,Bottes Ligeria HC bleues
3915,リゲリアHSブーツ・青,Bottes Ligeria HS bleues
3916,リゲリアGSブーツ・青,Bottes Ligeria GS bleues
3917,スリートHSフット・黄,Chausses Grésil HS jaunes
3918,スリートGSフット・黄,Chausses Grésil GS jaunes
3919,スリートHSブーツ・黄,Bottes Grésil HS jaunes
3920,スリートGSブーツ・黄,Bottes Grésil GS jaunes
3921,ステノHSグリーヴ・橙,Grèves Stheno HS orange
3922,ステノGSグリーヴ・橙,Grèves Stheno GS orange
3923,ステノHSレギンス・橙,Jambières Stheno HS orange
3924,ステノGSレギンス・橙,Jambières Stheno GS orange
3925,エディオHCフット・青,Chausses Edio HC bleues
3926,エディオHSフット・青,Chausses Edio HS bleues
3927,エディオGSフット・青,Chausses Edio GS bleues
3928,エディオHCブーツ・青,Bottes Edio HC bleues
3929,エディオHSブーツ・青,Bottes Edio HS bleues
3930,エディオGSブーツ・青,Bottes Edio GS bleues
3931,ガリトスHCフット・茶,Chausses Garitos HC brunes
3932,ガリトスHSフット・茶,Chausses Garitos HS brunes
3933,ガリトスGSフット・茶,Chausses Garitos GS brunes
3934,ガリトスHCブーツ・茶,Bottes Garitos HC brunes
3935,ガリトスHSブーツ・茶,Bottes Garitos HS brunes
3936,ガリトスGSブーツ・茶,Bottes Garitos GS brunes
3937,ロットキック,
3938,ロットＦキック,
3939,ロットFZキック,
3940,ロットHCキック,
3941,ロットHSキック,
3942,ロットGSキック,
3943,ロットブーツ,
3944,ロットＦブーツ,
3945,ロットFZブーツ,
3946,ロットHCブーツ,
3947,ロットHSブーツ,
3948,ロットGSブーツ,
3949,ブリンクＦフット,
3950,ブリンクＦブーツ,
3951,スマートＦレッグ,
3952,スマートFZレッグ,
3953,スマートHCレッグ,
3954,マグシアFXグリーヴ,Grèves Gougarf FX
3955,マグシアHSグリーヴ,Grèves Gougarf HS
3956,マグシアFXレギンス,Jambières Gougarf FX
3957,マグシアHSレギンス,Jambières Gougarf HS
3958,レギュクスHCフット,Chausses Regyukusu HC
3959,レギュクスHSフット,Chausses Regyukusu HS
3960,レギュクスGSフット,Chausses Regyukusu GS
3961,レギュクスHCブーツ,Bottes Regyukusu HC
3962,レギュクスHSブーツ,Bottes Regyukusu HS
3963,レギュクスGSブーツ,Bottes Regyukusu GS
3964,ピスティスHCフット,Chausses Pistis HC
3965,ピスティスHSフット,Chausses Pistis HS
3966,ピスティスGSフット,Chausses Pistis GS
3967,ピスティスHCブーツ,Bottes Pistis HC
3968,ピスティスHSブーツ,Bottes Pistis HS
3969,ピスティスGSブーツ,Bottes Pistis GS
3970,星祭FZ足袋【赤】,
3971,星祭HC足袋【赤】,
3972,星祭HS足袋【赤】,
3973,星祭GS足袋【赤】,
3974,七夕FZ足袋【赤】,
3975,七夕HC足袋【赤】,
3976,七夕HS足袋【赤】,
3977,七夕GS足袋【赤】,
3978,レアルFZフット・金,Chausses Real FZ dorées
3979,レアルHCフット・金,Chausses Real HC dorées
3980,レアルHSフット・金,Chausses Real HS dorées
3981,レアルGSフット・金,Chausses Real GS dorées
3982,レアルFZブーツ・金,Bottes Real FZ dorées
3983,レアルHCブーツ・金,Bottes Real HC dorées
3984,レアルHSブーツ・金,Bottes Real HS dorées
3985,レアルGSブーツ・金,Bottes Real GS dorées
3986,レアルFZフット・青,Chausses Real FZ bleues
3987,レアルHCフット・青,Chausses Real HC bleues
3988,レアルHSフット・青,Chausses Real HS bleues
3989,レアルGSフット・青,Chausses Real GS bleues
3990,レアルFZブーツ・青,Bottes Real FZ bleues
3991,レアルHCブーツ・青,Bottes Real HC bleues
3992,レアルHSブーツ・青,Bottes Real HS bleues
3993,レアルGSブーツ・青,Bottes Real GS bleues
3994,レアルFZフット・赤,Chausses Real FZ rouges
3995,レアルHCフット・赤,Chausses Real HC rouges
3996,レアルHSフット・赤,Chausses Real HS rouges
3997,レアルGSフット・赤,Chausses Real GS rouges
3998,レアルFZブーツ・赤,Bottes Real FZ rouges
3999,レアルHCブーツ・赤,Bottes Real HC rouges
4000,レアルHSブーツ・赤,Bottes Real HS rouges
4001,レアルGSブーツ・赤,Bottes Real GS rouges
4002,リアンFZフット・赤,Chausses Rian FZ rouges
4003,リアンHCフット・赤,Chausses Rian HC rouges
4004,リアンHSフット・赤,Chausses Rian HS rouges
4005,リアンGSフット・赤,Chausses Rian GS rouges
4006,リアンFZブーツ・赤,Bottes Rian FZ rouges
4007,リアンHCブーツ・赤,Bottes Rian HC rouges
4008,リアンHSブーツ・赤,Bottes Rian HS rouges
4009,リアンGSブーツ・赤,Bottes Rian GS rouges
4010,リアンFZフット・黒,Chausses Rian FZ noires
4011,リアンHCフット・黒,Chausses Rian HC noires
4012,リアンHSフット・黒,Chausses Rian HS noires
4013,リアンGSフット・黒,Chausses Rian GS noires
4014,リアンFZブーツ・黒,Bottes Rian FZ noires
4015,リアンHCブーツ・黒,Bottes Rian HC noires
4016,リアンHSブーツ・黒,Bottes Rian HS noires
4017,リアンGSブーツ・黒,Bottes Rian GS noires
4018,リアンFZフット・白,Chausses Rian FZ blanches
4019,リアンHCフット・白,Chausses Rian HC blanches
4020,リアンHSフット・白,Chausses Rian HS blanches
4021,リアンGSフット・白,Chausses Rian GS blanches
4022,リアンFZブーツ・白,Bottes Rian FZ blanches
4023,リアンHCブーツ・白,Bottes Rian HC blanches
4024,リアンHSブーツ・白,Bottes Rian HS blanches
4025,リアンGSブーツ・白,Bottes Rian GS blanches
4026,メレティFZフット・赤,Chausses Meleti FZ rouges
4027,メレティHCフット・赤,Chausses Meleti HC rouges
4028,メレティHSフット・赤,Chausses Meleti HS rouges
4029,メレティGSフット・赤,Chausses Meleti GS rouges
4030,メレティFZフット・青,Chausses Meleti FZ bleues
4031,メレティHCフット・青,Chausses Meleti HC bleues
4032,メレティHSフット・青,Chausses Meleti HS bleues
4033,メレティGSフット・青,Chausses Meleti GS bleues
4034,メレティFZフット・黒,Chausses Meleti FZ noires
4035,メレティHCフット・黒,Chausses Meleti HC noires
4036,メレティHSフット・黒,Chausses Meleti HS noires
4037,メレティGSフット・黒,Chausses Meleti GS noires
4038,メレティFZブーツ・白,Bottes Meleti FZ blanches
4039,メレティHCブーツ・白,Bottes Meleti HC blanches
4040,メレティHSブーツ・白,Bottes Meleti HS blanches
4041,メレティGSブーツ・白,Bottes Meleti GS blanches
4042,メレティFZブーツ・赤,Bottes Meleti FZ rouges
4043,メレティHCブーツ・赤,Bottes Meleti HC rouges
4044,メレティHSブーツ・赤,Bottes Meleti HS rouges
4045,メレティGSブーツ・赤,Bottes Meleti GS rouges
4046,メレティFZブーツ・黒,Bottes Meleti FZ noires
4047,メレティHCブーツ・黒,Bottes Meleti HC noires
4048,メレティHSブーツ・黒,Bottes Meleti HS noires
4049,メレティGSブーツ・黒,Bottes Meleti GS noires
4050,リゲリアFZフット・赤,Chausses Ligeria FZ rouges
4051,リゲリアHCフット・赤,Chausses Ligeria HC rouges
4052,リゲリアHSフット・赤,Chausses Ligeria HS rouges
4053,リゲリアGSフット・赤,Chausses Ligeria GS rouges
4054,リゲリアFZフット・緑,Chausses Ligeria FZ vertes
4055,リゲリアHCフット・緑,Chausses Ligeria HC vertes
4056,リゲリアHSフット・緑,Chausses Ligeria HS vertes
4057,リゲリアGSフット・緑,Chausses Ligeria GS vertes
4058,リゲリアFZフット・青,Chausses Ligeria FZ bleues
4059,リゲリアHCフット・青,Chausses Ligeria HC bleues
4060,リゲリアHSフット・青,Chausses Ligeria HS bleues
4061,リゲリアGSフット・青,Chausses Ligeria GS bleues
4062,リゲリアFZブーツ・白,Bottes Ligeria FZ blanches
4063,リゲリアHCブーツ・白,Bottes Ligeria HC blanches
4064,リゲリアHSブーツ・白,Bottes Ligeria HS blanches
4065,リゲリアGSブーツ・白,Bottes Ligeria GS blanches
4066,リゲリアFZブーツ・赤,Bottes Ligeria FZ rouges
4067,リゲリアHCブーツ・赤,Bottes Ligeria HC rouges
4068,リゲリアHSブーツ・赤,Bottes Ligeria HS rouges
4069,リゲリアGSブーツ・赤,Bottes Ligeria GS rouges
4070,リゲリアFZブーツ・緑,Bottes Ligeria FZ vertes
4071,リゲリアHCブーツ・緑,Bottes Ligeria HC vertes
4072,リゲリアHSブーツ・緑,Bottes Ligeria HS vertes
4073,リゲリアGSブーツ・緑,Bottes Ligeria GS vertes
4074,スリートHSフット・銀,Chausses Grésil HS argentées
4075,スリートGSフット・銀,Chausses Grésil GS argentées
4076,スリートHSブーツ・銀,Bottes Grésil HS argentées
4077,スリートGSブーツ・銀,Bottes Grésil GS argentées
4078,スリートHSフット・赤,Chausses Grésil HS rouges
4079,スリートGSフット・赤,Chausses Grésil GS rouges
4080,スリートHSブーツ・赤,Bottes Grésil HS rouges
4081,スリートGSブーツ・赤,Bottes Grésil GS rouges
4082,スリートHSフット・青,Chausses Grésil HS bleues
4083,スリートGSフット・青,Chausses Grésil GS bleues
4084,スリートHSブーツ・青,Bottes Grésil HS bleues
4085,スリートGSブーツ・青,Bottes Grésil GS bleues
4086,ステノHSグリーヴ・桃,Grèves Stheno HS roses
4087,ステノGSグリーヴ・桃,Grèves Stheno GS roses
4088,ステノHSレギンス・桃,Jambières Stheno HS roses
4089,ステノGSレギンス・桃,Jambières Stheno GS roses
4090,ステノHSグリーヴ・青,Grèves Stheno HS bleues
4091,ステノGSグリーヴ・青,Grèves Stheno GS bleues
4092,ステノHSレギンス・青,Jambières Stheno HS bleues
4093,ステノGSレギンス・青,Jambières Stheno GS bleues
4094,ステノHSグリーヴ・赤,Grèves Stheno HS rouges
4095,ステノGSグリーヴ・赤,Grèves Stheno GS rouges
4096,ステノHSレギンス・赤,Jambières Stheno HS rouges
4097,ステノGSレギンス・赤,Jambières Stheno GS rouges
4098,エディオHCフット・赤,Chausses Edio HC rouges
4099,エディオHSフット・赤,Chausses Edio HS rouges
4100,エディオGSフット・赤,Chausses Edio GS rouges
4101,エディオHCブーツ・赤,Bottes Edio HC rouges
4102,エディオHSブーツ・赤,Bottes Edio HS rouges
4103,エディオGSブーツ・赤,Bottes Edio GS rouges
4104,エディオHCフット・黄,Chausses Edio HC jaunes
4105,エディオHSフット・黄,Chausses Edio HS jaunes
4106,エディオGSフット・黄,Chausses Edio GS jaunes
4107,エディオHCブーツ・黄,Bottes Edio HC jaunes
4108,エディオHSブーツ・黄,Bottes Edio HS jaunes
4109,エディオGSブーツ・黄,Bottes Edio GS jaunes
4110,エディオHCフット・黒,Chausses Edio HC noires
4111,エディオHSフット・黒,Chausses Edio HS noires
4112,エディオGSフット・黒,Chausses Edio GS noires
4113,エディオHCブーツ・黒,Bottes Edio HC noires
4114,エディオHSブーツ・黒,Bottes Edio HS noires
4115,エディオGSブーツ・黒,Bottes Edio GS noires
4116,ガリトスHCフット・赤,Chausses Garitos HC rouges
4117,ガリトスHSフット・赤,Chausses Garitos HS rouges
4118,ガリトスGSフット・赤,Chausses Garitos GS rouges
4119,ガリトスHCブーツ・赤,Bottes Garitos HC rouges
4120,ガリトスHSブーツ・赤,Bottes Garitos HS rouges
4121,ガリトスGSブーツ・赤,Bottes Garitos GS rouges
4122,ガリトスHCフット・黒,Chausses Garitos HC noires
4123,ガリトスHSフット・黒,Chausses Garitos HS noires
4124,ガリトスGSフット・黒,Chausses Garitos GS noires
4125,ガリトスHCブーツ・黒,Bottes Garitos HC noires
4126,ガリトスHSブーツ・黒,Bottes Garitos HS noires
4127,ガリトスGSブーツ・黒,Bottes Garitos GS noires
4128,ガリトスHCフット・水,
4129,ガリトスHSフット・水,
4130,ガリトスGSフット・水,
4131,ガリトスHCブーツ・水,
4132,ガリトスHSブーツ・水,
4133,ガリトスGSブーツ・水,
4134,星祭FZ足袋【青】,
4135,星祭HC足袋【青】,
4136,星祭HS足袋【青】,
4137,星祭GS足袋【青】,
4138,七夕FZ足袋【青】,
4139,七夕HC足袋【青】,
4140,七夕HS足袋【青】,
4141,七夕GS足袋【青】,
4142,星祭FZ足袋【黒】,
4143,星祭HC足袋【黒】,
4144,星祭HS足袋【黒】,
4145,星祭GS足袋【黒】,
4146,七夕FZ足袋【黒】,
4147,七夕HC足袋【黒】,
4148,七夕HS足袋【黒】,
4149,七夕GS足袋【黒】,
4150,星祭FZ足袋【白】,
4151,星祭HC足袋【白】,
4152,星祭HS足袋【白】,
4153,星祭GS足袋【白】,
4154,七夕FZ足袋【白】,
4155,七夕HC足袋【白】,
4156,七夕HS足袋【白】,
4157,七夕GS足袋【白】,
4158,ダミー,
4159,ダミー,
4160,ダミー,
4161,ダミー,
4162,ダミー,
4163,ダミー,
4164,ダミー,
4165,ダミー,
4166,ダミー,
4167,ダミー,
4168,ダミー,
4169,ダミー,
4170,ヴェルフHSグリーヴ,Grèves Welf HS
4171,ヴェルフGSグリーヴ,Grèves Welf GS
4172,ヴェルフHSレギンス,Jambières Welf HS
4173,ヴェルフGSレギンス,Jambières Welf GS
4174,テリオグHSグリーヴ,
4175,テリオグGSグリーヴ,
4176,テリオグHSレギンス,
4177,テリオグGSレギンス,
4178,ベイルHSディバイダー,
4179,ベイルGSディバイダー,
4180,ランポスＧグリーヴ,Grèves Velociprey G
4181,ランポスGFグリーヴ,Grèves Velociprey GF
4182,ランポスGXグリーヴ,Grèves Velociprey GX
4183,ランポスＧレギンス,Jambières Velociprey G
4184,ランポスGFレギンス,Jambières Velociprey GF
4185,ランポスGXレギンス,Jambières Velociprey GX
4186,イーオスＧグリーヴ,Grèves Ioprey G
4187,イーオスGFグリーヴ,Grèves Ioprey GF
4188,イーオスGXグリーヴ,Grèves Ioprey GX
4189,イーオスＧレギンス,Jambières Ioprey G
4190,イーオスGFレギンス,Jambières Ioprey GF
4191,イーオスGXレギンス,Jambières Ioprey GX
4192,ゲネポスＧグリーヴ,Grèves Genprey G
4193,ゲネポスGFグリーヴ,Grèves Genprey GF
4194,ゲネポスGXグリーヴ,Grèves Genprey GX
4195,ゲネポスＧレギンス,Jambières Genprey G
4196,ゲネポスGFレギンス,Jambières Genprey GF
4197,ゲネポスGXレギンス,Jambières Genprey GX
4198,ガレオスＧグリーヴ,Grèves Cephalos G
4199,ガレオスGFグリーヴ,Grèves Cephalos GF
4200,ガレオスGXグリーヴ,Grèves Cephalos GX
4201,ガレオスＧレギンス,Jambières Cephalos G
4202,ガレオスGFレギンス,Jambières Cephalos GF
4203,ガレオスGXレギンス,Jambières Cephalos GX
4204,ディアブロＧグリーヴ,Grèves Diablos G
4205,ディアブロGFグリーヴ,Grèves Diablos GF
4206,ディアブロGXグリーヴ,Grèves Diablos GX
4207,ディアブロＧレギンス,Jambières Diablos G
4208,ディアブロGFレギンス,Jambières Diablos GF
4209,ディアブロGXレギンス,Jambières Diablos GX
4210,ガノスＧグリーヴ,Grèves Plesioth G
4211,ガノスGFグリーヴ,Grèves Plesioth GF
4212,ガノスGXグリーヴ,Grèves Plesioth GX
4213,ガノスＧレギンス,Jambières Plesioth G
4214,ガノスGFレギンス,Jambières Plesioth GF
4215,ガノスGXレギンス,Jambières Plesioth GX
4216,ベルＧグリーヴ,Grèves Beru G
4217,ベルGFグリーヴ,Grèves Beru GF
4218,ベルGXグリーヴ,Grèves Beru GX
4219,ベルＧレギンス,Jambières Beru G
4220,ベルGFレギンス,Jambières Beru GF
4221,ベルGXレギンス,Jambières Beru GX
4222,グラビデＧグリーヴ,Grèves Gravios G
4223,グラビデGFグリーヴ,Grèves Gravios GF
4224,グラビデGXグリーヴ,Grèves Gravios GX
4225,グラビデＧレギンス,Jambières Gravios G
4226,グラビデGFレギンス,Jambières Gravios GF
4227,グラビデGXレギンス,Jambières Gravios GX
4228,ルナＧグリーヴ,Grèves Lune G
4229,ルナGFグリーヴ,Grèves Lune GF
4230,ルナGXグリーヴ,Grèves Lune GX
4231,ルナＧレギンス,Jambières Lune G
4232,ルナGFレギンス,Jambières Lune GF
4233,ルナGXレギンス,Jambières Lune GX
4234,ストロマグリーヴ,Grèves Stroma
4235,ストロマＦグリーヴ,Grèves Stroma F
4236,ストロマFXグリーヴ,Grèves Stroma FX
4237,ストロマＧグリーヴ,Grèves Stroma G
4238,ストロマレギンス,Jambières Stroma
4239,ストロマＦレギンス,Jambières Stroma F
4240,ストロマFXレギンス,Jambières Stroma FX
4241,ストロマＧレギンス,Jambières Stroma G
4242,プランダＧグリーヴ,Grèves Pillard G
4243,プランダGFグリーヴ,Grèves Pillard GF
4244,プランダGXグリーヴ,Grèves Pillard GX
4245,プランダＧレギンス,Jambières Pillard G
4246,プランダGFレギンス,Jambières Pillard GF
4247,プランダGXレギンス,Jambières Pillard GX
4248,アルテラグリーヴ,Grèves Altera
4249,アルテラＦグリーヴ,Grèves Altera F
4250,アルテラFXグリーヴ,Grèves Altera FX
4251,アルテラＧグリーヴ,Grèves Altera G
4252,アルテラGFグリーヴ,Grèves Altera GF
4253,アルテラレギンス,Jambières Altera
4254,アルテラＦレギンス,Jambières Altera F
4255,アルテラFXレギンス,Jambières Altera FX
4256,アルテラＧレギンス,Jambières Altera G
4257,アルテラGFレギンス,Jambières Altera GF
4258,ドラゴンＧフット,
4259,ドラゴンGFフット,
4260,ドラゴンGXフット,
4261,ドラゴンＧレグス,
4262,ドラゴンGFレグス,
4263,ドラゴンGXレグス,
4264,イリークグリーヴ,Grèves Iriku
4265,イリークＦグリーヴ,Grèves Iriku F
4266,イリークFXグリーヴ,Grèves Iriku FX
4267,イリークHCグリーヴ,Grèves Iriku HC
4268,イリークレギンス,Jambières Iriku
4269,イリークＦレギンス,Jambières Iriku F
4270,イリークFXレギンス,Jambières Iriku FX
4271,イリークHCレギンス,Jambières Iriku HC
4272,イリークＧグリーヴ,Grèves Iriku G
4273,イリークGFグリーヴ,Grèves Iriku GF
4274,イリークGXグリーヴ,Grèves Iriku GX
4275,イリークＧレギンス,Jambières Iriku G
4276,イリークGFレギンス,Jambières Iriku GF
4277,イリークGXレギンス,Jambières Iriku GX
4278,アフティＧグリーヴ,Grèves Afti G
4279,アフティGFグリーヴ,Grèves Afti GF
4280,アフティGXグリーヴ,Grèves Afti GX
4281,アフティＧレギンス,Jambières Afti G
4282,アフティGFレギンス,Jambières Afti GF
4283,アフティGXレギンス,Jambières Afti GX
4284,セクティフット・黒,Chausses Secti noires
4285,セクティＦフット・黒,Chausses Secti F noires
4286,セクティFZフット・黒,Chausses Secti FZ noires
4287,セクティHSフット・黒,Chausses Secti HS noires
4288,セクティGSフット・黒,Chausses Secti GS noires
4289,セクティGPフット・黒,Chausses Secti GP noires
4290,セクティブーツ・黒,Bottes Secti noires
4291,セクティＦブーツ・黒,Bottes Secti F noires
4292,セクティFZブーツ・黒,Bottes Secti FZ noires
4293,セクティHSブーツ・黒,Bottes Secti HS noires
4294,セクティGSブーツ・黒,Bottes Secti GS noires
4295,セクティGPブーツ・黒,Bottes Secti GP noires
4296,セクティフット・青,Chausses Secti bleues
4297,セクティＦフット・青,Chausses Secti F bleues
4298,セクティFZフット・青,Chausses Secti FZ bleues
4299,セクティHSフット・青,Chausses Secti HS bleues
4300,セクティGSフット・青,Chausses Secti GS bleues
4301,セクティGPフット・青,Chausses Secti GP bleues
4302,セクティブーツ・青,Bottes Secti bleues
4303,セクティＦブーツ・青,Bottes Secti F bleues
4304,セクティFZブーツ・青,Bottes Secti FZ bleues
4305,セクティHSブーツ・青,Bottes Secti HS bleues
4306,セクティGSブーツ・青,Bottes Secti GS bleues
4307,セクティGPブーツ・青,Bottes Secti GP bleues
4308,セクティフット・赤,Chausses Secti rouges
4309,セクティＦフット・赤,Chausses Secti F rouges
4310,セクティFZフット・赤,Chausses Secti FZ rouges
4311,セクティHSフット・赤,Chausses Secti HS rouges
4312,セクティGSフット・赤,Chausses Secti GS rouges
4313,セクティGPフット・赤,Chausses Secti GP rouges
4314,セクティブーツ・赤,Bottes Secti rouges
4315,セクティＦブーツ・赤,Bottes Secti F rouges
4316,セクティFZブーツ・赤,Bottes Secti FZ rouges
4317,セクティHSブーツ・赤,Bottes Secti HS rouges
4318,セクティGSブーツ・赤,Bottes Secti GS rouges
4319,セクティGPブーツ・赤,Bottes Secti GP rouges
4320,セクティフット・白,Chausses Secti blanches
4321,セクティＦフット・白,Chausses Secti F blanches
4322,セクティFZフット・白,Chausses Secti FZ blanches
4323,セクティHSフット・白,Chausses Secti HS blanches
4324,セクティGSフット・白,Chausses Secti GS blanches
4325,セクティGPフット・白,Chausses Secti GP blanches
4326,セクティブーツ・白,Bottes Secti blanches
4327,セクティＦブーツ・白,Bottes Secti F blanches
4328,セクティFZブーツ・白,Bottes Secti FZ blanches
4329,セクティHSブーツ・白,Bottes Secti HS blanches
4330,セクティGSブーツ・白,Bottes Secti GS blanches
4331,セクティGPブーツ・白,Bottes Secti GP blanches
4332,ゲルトフット・黒,Chausses Gert noires
4333,ゲルトＦフット・黒,Chausses Gert F noires
4334,ゲルトFZフット・黒,Chausses Gert FZ noires
4335,ゲルトHSフット・黒,Chausses Gert HS noires
4336,ゲルトGSフット・黒,Chausses Gert GS noires
4337,ゲルトGPフット・黒,Chausses Gert GP noires
4338,ゲルトブーツ・黒,Bottes Gert noires
4339,ゲルトＦブーツ・黒,Bottes Gert F noires
4340,ゲルトFZブーツ・黒,Bottes Gert FZ noires
4341,ゲルトHSブーツ・黒,Bottes Gert HS noires
4342,ゲルトGSブーツ・黒,Bottes Gert GS noires
4343,ゲルトGPブーツ・黒,Bottes Gert GP noires
4344,ゲルトフット・銅,
4345,ゲルトＦフット・銅,
4346,ゲルトFZフット・銅,
4347,ゲルトHSフット・銅,
4348,ゲルトGSフット・銅,
4349,ゲルトGPフット・銅,
4350,ゲルトブーツ・銅,
4351,ゲルトＦブーツ・銅,
4352,ゲルトFZブーツ・銅,
4353,ゲルトHSブーツ・銅,
4354,ゲルトGSブーツ・銅,
4355,ゲルトGPブーツ・銅,
4356,ゲルトフット・銀,Chausses Gert argentées
4357,ゲルトＦフット・銀,Chausses Gert F argentées
4358,ゲルトFZフット・銀,Chausses Gert FZ argentées
4359,ゲルトHSフット・銀,Chausses Gert HS argentées
4360,ゲルトGSフット・銀,Chausses Gert GS argentées
4361,ゲルトGPフット・銀,Chausses Gert GP argentées
4362,ゲルトブーツ・銀,Bottes Gert argentées
4363,ゲルトＦブーツ・銀,Bottes Gert F argentées
4364,ゲルトFZブーツ・銀,Bottes Gert FZ argentées
4365,ゲルトHSブーツ・銀,Bottes Gert HS argentées
4366,ゲルトGSブーツ・銀,Bottes Gert GS argentées
4367,ゲルトGPブーツ・銀,Bottes Gert GP argentées
4368,ゲルトフット・金,Chausses Gert dorées
4369,ゲルトＦフット・金,Chausses Gert F dorées
4370,ゲルトFZフット・金,Chausses Gert FZ dorées
4371,ゲルトHSフット・金,Chausses Gert HS dorées
4372,ゲルトGSフット・金,Chausses Gert GS dorées
4373,ゲルトGPフット・金,Chausses Gert GP dorées
4374,ゲルトブーツ・金,Bottes Gert dorées
4375,ゲルトＦブーツ・金,Bottes Gert F dorées
4376,ゲルトFZブーツ・金,Bottes Gert FZ dorées
4377,ゲルトHSブーツ・金,Bottes Gert HS dorées
4378,ゲルトGSブーツ・金,Bottes Gert GS dorées
4379,ゲルトGPブーツ・金,Bottes Gert GP dorées
4380,ウーコンレッグ,
4381,ウーコンＦレッグ,
4382,ウーコンFZレッグ,
4383,ウーコンHSレッグ,
4384,ウーコンGSレッグ,
4385,ウーコンGPレッグ,
4386,ウーコンブーツ,Bottes Shoko
4387,ウーコンＦブーツ,Bottes Shoko F
4388,ウーコンFZブーツ,Bottes Shoko FZ
4389,ウーコンHSブーツ,Bottes Shoko HS
4390,ウーコンGSブーツ,Bottes Shoko GS
4391,ウーコンGPブーツ,Bottes Shoko GP
4392,ゲノムレッグ・緑,
4393,ゲノムＦレッグ・緑,
4394,ゲノムFZレッグ・緑,
4395,ゲノムHSレッグ・緑,
4396,ゲノムGSレッグ・緑,
4397,ゲノムGPレッグ・緑,
4398,ゲノムブーツ・緑,Bottes Génome vertes
4399,ゲノムＦブーツ・緑,Bottes Génome F vertes
4400,ゲノムFZブーツ・緑,Bottes Génome FZ vertes
4401,ゲノムHSブーツ・緑,Bottes Génome HS vertes
4402,ゲノムGSブーツ・緑,Bottes Génome GS vertes
4403,ゲノムGPブーツ・緑,Bottes Génome GP vertes
4404,ゲノムレッグ・水,
4405,ゲノムＦレッグ・水,
4406,ゲノムFZレッグ・水,
4407,ゲノムHSレッグ・水,
4408,ゲノムGSレッグ・水,
4409,ゲノムGPレッグ・水,
4410,ゲノムブーツ・水,
4411,ゲノムＦブーツ・水,
4412,ゲノムFZブーツ・水,
4413,ゲノムHSブーツ・水,
4414,ゲノムGSブーツ・水,
4415,ゲノムGPブーツ・水,
4416,ゲノムレッグ・赤,
4417,ゲノムＦレッグ・赤,
4418,ゲノムFZレッグ・赤,
4419,ゲノムHSレッグ・赤,
4420,ゲノムGSレッグ・赤,
4421,ゲノムGPレッグ・赤,
4422,ゲノムブーツ・赤,Bottes Génome rouges
4423,ゲノムＦブーツ・赤,Bottes Génome F rouges
4424,ゲノムFZブーツ・赤,Bottes Génome FZ rouges
4425,ゲノムHSブーツ・赤,Bottes Génome HS rouges
4426,ゲノムGSブーツ・赤,Bottes Génome GS rouges
4427,ゲノムGPブーツ・赤,Bottes Génome GP rouges
4428,ゲノムレッグ・紫,
4429,ゲノムＦレッグ・紫,
4430,ゲノムFZレッグ・紫,
4431,ゲノムHSレッグ・紫,
4432,ゲノムGSレッグ・紫,
4433,ゲノムGPレッグ・紫,
4434,ゲノムブーツ・紫,Bottes Génome violettes
4435,ゲノムＦブーツ・紫,Bottes Génome F violettes
4436,ゲノムFZブーツ・紫,Bottes Génome FZ violettes
4437,ゲノムHSブーツ・紫,Bottes Génome HS violettes
4438,ゲノムGSブーツ・紫,Bottes Génome GS violettes
4439,ゲノムGPブーツ・紫,Bottes Génome GP violettes
4440,ディヴォルフット緑,Chausses Divol vertes
4441,ディヴォルＦフット緑,Chausses Divol F vertes
4442,ディヴォルFZフット緑,Chausses Divol FZ vertes
4443,ディヴォルHSフット緑,Chausses Divol HS vertes
4444,ディヴォルGSフット緑,Chausses Divol GS vertes
4445,ディヴォルGPフット緑,Chausses Divol GP vertes
4446,ディヴォルブーツ緑,Bottes Divol vertes
4447,ディヴォルＦブーツ緑,Bottes Divol F vertes
4448,ディヴォルFZブーツ緑,Bottes Divol FZ vertes
4449,ディヴォルHSブーツ緑,Bottes Divol HS vertes
4450,ディヴォルGSブーツ緑,Bottes Divol GS vertes
4451,ディヴォルGPブーツ緑,Bottes Divol GP vertes
4452,ディヴォルフット茶,Chausses Divol brunes
4453,ディヴォルＦフット茶,Chausses Divol F brunes
4454,ディヴォルFZフット茶,Chausses Divol FZ brunes
4455,ディヴォルHSフット茶,Chausses Divol HS brunes
4456,ディヴォルGSフット茶,Chausses Divol GS brunes
4457,ディヴォルGPフット茶,Chausses Divol GP brunes
4458,ディヴォルブーツ茶,Bottes Divol brunes
4459,ディヴォルＦブーツ茶,Bottes Divol F brunes
4460,ディヴォルFZブーツ茶,Bottes Divol FZ brunes
4461,ディヴォルHSブーツ茶,Bottes Divol HS brunes
4462,ディヴォルGSブーツ茶,Bottes Divol GS brunes
4463,ディヴォルGPブーツ茶,Bottes Divol GP brunes
4464,ディヴォルフット白,Chausses Divol blanches
4465,ディヴォルＦフット白,Chausses Divol F blanches
4466,ディヴォルFZフット白,Chausses Divol FZ blanches
4467,ディヴォルHSフット白,Chausses Divol HS blanches
4468,ディヴォルGSフット白,Chausses Divol GS blanches
4469,ディヴォルGPフット白,Chausses Divol GP blanches
4470,ディヴォルブーツ白,Bottes Divol blanches
4471,ディヴォルＦブーツ白,Bottes Divol F blanches
4472,ディヴォルFZブーツ白,Bottes Divol FZ blanches
4473,ディヴォルHSブーツ白,Bottes Divol HS blanches
4474,ディヴォルGSブーツ白,Bottes Divol GS blanches
4475,ディヴォルGPブーツ白,Bottes Divol GP blanches
4476,ダンテフット・赤,Chausses Dante rouges
4477,ダンテＦフット・赤,Chausses Dante F rouges
4478,ダンテFZフット・赤,Chausses Dante FZ rouges
4479,ダンテHSフット・赤,Chausses Dante HS rouges
4480,ダンテGSフット・赤,Chausses Dante GS rouges
4481,ダンテGPフット・赤,Chausses Dante GP rouges
4482,ダンテブーツ・赤,Bottes Dante rouges
4483,ダンテＦブーツ・赤,Bottes Dante F rouges
4484,ダンテFZブーツ・赤,Bottes Dante FZ rouges
4485,ダンテHSブーツ・赤,Bottes Dante HS rouges
4486,ダンテGSブーツ・赤,Bottes Dante GS rouges
4487,ダンテGPブーツ・赤,Bottes Dante GP rouges
4488,レディフット・白,Chausses Dame blanches
4489,レディＦフット・白,Chausses Dame F blanches
4490,レディFZフット・白,Chausses Dame FZ blanches
4491,レディHSフット・白,Chausses Dame HS blanches
4492,レディGSフット・白,Chausses Dame GS blanches
4493,レディGPフット・白,Chausses Dame GP blanches
4494,レディブーツ・白,Bottes Dame blanches
4495,レディＦブーツ・白,Bottes Dame F blanches
4496,レディFZブーツ・白,Bottes Dame FZ blanches
4497,レディHSブーツ・白,Bottes Dame HS blanches
4498,レディGSブーツ・白,Bottes Dame GS blanches
4499,レディGPブーツ・白,Bottes Dame GP blanches
4500,ダンテフット・黒,Chausses Dante noires
4501,ダンテＦフット・黒,Chausses Dante F noires
4502,ダンテFZフット・黒,Chausses Dante FZ noires
4503,ダンテHSフット・黒,Chausses Dante HS noires
4504,ダンテGSフット・黒,Chausses Dante GS noires
4505,ダンテGPフット・黒,Chausses Dante GP noires
4506,ダンテブーツ・黒,Bottes Dante noires
4507,ダンテＦブーツ・黒,Bottes Dante F noires
4508,ダンテFZブーツ・黒,Bottes Dante FZ noires
4509,ダンテHSブーツ・黒,Bottes Dante HS noires
4510,ダンテGSブーツ・黒,Bottes Dante GS noires
4511,ダンテGPブーツ・黒,Bottes Dante GP noires
4512,レディフット・黒,Chausses Dame noires
4513,レディＦフット・黒,Chausses Dame F noires
4514,レディFZフット・黒,Chausses Dame FZ noires
4515,レディHSフット・黒,Chausses Dame HS noires
4516,レディGSフット・黒,Chausses Dame GS noires
4517,レディGPフット・黒,Chausses Dame GP noires
4518,レディブーツ・黒,Bottes Dame noires
4519,レディＦブーツ・黒,Bottes Dame F noires
4520,レディFZブーツ・黒,Bottes Dame FZ noires
4521,レディHSブーツ・黒,Bottes Dame HS noires
4522,レディGSブーツ・黒,Bottes Dame GS noires
4523,レディGPブーツ・黒,Bottes Dame GP noires
4524,ダンテフット・白,Chausses Dante blanches
4525,ダンテＦフット・白,Chausses Dante F blanches
4526,ダンテFZフット・白,Chausses Dante FZ blanches
4527,ダンテHSフット・白,Chausses Dante HS blanches
4528,ダンテGSフット・白,Chausses Dante GS blanches
4529,ダンテGPフット・白,Chausses Dante GP blanches
4530,ダンテブーツ・白,Bottes Dante blanches
4531,ダンテＦブーツ・白,Bottes Dante F blanches
4532,ダンテFZブーツ・白,Bottes Dante FZ blanches
4533,ダンテHSブーツ・白,Bottes Dante HS blanches
4534,ダンテGSブーツ・白,Bottes Dante GS blanches
4535,ダンテGPブーツ・白,Bottes Dante GP blanches
4536,レディフット・赤,Chausses Dame rouges
4537,レディＦフット・赤,Chausses Dame F rouges
4538,レディFZフット・赤,Chausses Dame FZ rouges
4539,レディHSフット・赤,Chausses Dame HS rouges
4540,レディGSフット・赤,Chausses Dame GS rouges
4541,レディGPフット・赤,Chausses Dame GP rouges
4542,レディブーツ・赤,Bottes Dame rouges
4543,レディＦブーツ・赤,Bottes Dame F rouges
4544,レディFZブーツ・赤,Bottes Dame FZ rouges
4545,レディHSブーツ・赤,Bottes Dame HS rouges
4546,レディGSブーツ・赤,Bottes Dame GS rouges
4547,レディGPブーツ・赤,Bottes Dame GP rouges
4548,ダンテフット・緑,Chausses Dante vertes
4549,ダンテＦフット・緑,Chausses Dante F vertes
4550,ダンテFZフット・緑,Chausses Dante FZ vertes
4551,ダンテHSフット・緑,Chausses Dante HS vertes
4552,ダンテGSフット・緑,Chausses Dante GS vertes
4553,ダンテGPフット・緑,Chausses Dante GP vertes
4554,ダンテブーツ・緑,Bottes Dante vertes
4555,ダンテＦブーツ・緑,Bottes Dante F vertes
4556,ダンテFZブーツ・緑,Bottes Dante FZ vertes
4557,ダンテHSブーツ・緑,Bottes Dante HS vertes
4558,ダンテGSブーツ・緑,Bottes Dante GS vertes
4559,ダンテGPブーツ・緑,Bottes Dante GP vertes
4560,レディフット・緑,Chausses Dame vertes
4561,レディＦフット・緑,Chausses Dame F vertes
4562,レディFZフット・緑,Chausses Dame FZ vertes
4563,レディHSフット・緑,Chausses Dame HS vertes
4564,レディGSフット・緑,Chausses Dame GS vertes
4565,レディGPフット・緑,Chausses Dame GP vertes
4566,レディブーツ・緑,Bottes Dame vertes
4567,レディＦブーツ・緑,Bottes Dame F vertes
4568,レディFZブーツ・緑,Bottes Dame FZ vertes
4569,レディHSブーツ・緑,Bottes Dame HS vertes
4570,レディGSブーツ・緑,Bottes Dame GS vertes
4571,レディGPブーツ・緑,Bottes Dame GP vertes
4572,昇龍FZ脚着・白,
4573,昇龍HS脚着・白,
4574,昇龍GS脚着・白,
4575,昇龍GP脚着・白,
4576,波動FZ脚着・白,
4577,波動HS脚着・白,
4578,波動GS脚着・白,
4579,波動GP脚着・白,
4580,百裂FZ脚着・青,
4581,百裂HS脚着・青,
4582,百裂GS脚着・青,
4583,百裂GP脚着・青,
4584,気功FZ脚着・青,
4585,気功HS脚着・青,
4586,気功GS脚着・青,
4587,気功GP脚着・青,
4588,昇龍FZ脚着・紺,
4589,昇龍HS脚着・紺,
4590,昇龍GS脚着・紺,
4591,昇龍GP脚着・紺,
4592,波動FZ脚着・紺,
4593,波動HS脚着・紺,
4594,波動GS脚着・紺,
4595,波動GP脚着・紺,
4596,百裂FZ脚着・黒,
4597,百裂HS脚着・黒,
4598,百裂GS脚着・黒,
4599,百裂GP脚着・黒,
4600,気功FZ脚着・黒,
4601,気功HS脚着・黒,
4602,気功GS脚着・黒,
4603,気功GP脚着・黒,
4604,昇龍FZ脚着・黄,
4605,昇龍HS脚着・黄,
4606,昇龍GS脚着・黄,
4607,昇龍GP脚着・黄,
4608,波動FZ脚着・黄,
4609,波動HS脚着・黄,
4610,波動GS脚着・黄,
4611,波動GP脚着・黄,
4612,百裂FZ脚着・黄,
4613,百裂HS脚着・黄,
4614,百裂GS脚着・黄,
4615,百裂GP脚着・黄,
4616,気功FZ脚着・黄,
4617,気功HS脚着・黄,
4618,気功GS脚着・黄,
4619,気功GP脚着・黄,
4620,昇龍FZ脚着・紫,
4621,昇龍HS脚着・紫,
4622,昇龍GS脚着・紫,
4623,昇龍GP脚着・紫,
4624,波動FZ脚着・紫,
4625,波動HS脚着・紫,
4626,波動GS脚着・紫,
4627,波動GP脚着・紫,
4628,百裂FZ脚着・緑,
4629,百裂HS脚着・緑,
4630,百裂GS脚着・緑,
4631,百裂GP脚着・緑,
4632,気功FZ脚着・緑,
4633,気功HS脚着・緑,
4634,気功GS脚着・緑,
4635,気功GP脚着・緑,
4636,竜巻FZ脚着・黒,
4637,竜巻HS脚着・黒,
4638,竜巻GS脚着・黒,
4639,竜巻GP脚着・黒,
4640,真空FZ脚着・黒,
4641,真空HS脚着・黒,
4642,真空GS脚着・黒,
4643,真空GP脚着・黒,
4644,千裂FZ脚着・黒,
4645,千裂HS脚着・黒,
4646,千裂GS脚着・黒,
4647,千裂GP脚着・黒,
4648,覇山FZ脚着・黒,
4649,覇山HS脚着・黒,
4650,覇山GS脚着・黒,
4651,覇山GP脚着・黒,
4652,竜巻FZ脚着・茶,
4653,竜巻HS脚着・茶,
4654,竜巻GS脚着・茶,
4655,竜巻GP脚着・茶,
4656,真空FZ脚着・茶,
4657,真空HS脚着・茶,
4658,真空GS脚着・茶,
4659,真空GP脚着・茶,
4660,千裂FZ脚着・紫,
4661,千裂HS脚着・紫,
4662,千裂GS脚着・紫,
4663,千裂GP脚着・紫,
4664,覇山FZ脚着・紫,
4665,覇山HS脚着・紫,
4666,覇山GS脚着・紫,
4667,覇山GP脚着・紫,
4668,竜巻FZ脚着・白,
4669,竜巻HS脚着・白,
4670,竜巻GS脚着・白,
4671,竜巻GP脚着・白,
4672,真空FZ脚着・白,
4673,真空HS脚着・白,
4674,真空GS脚着・白,
4675,真空GP脚着・白,
4676,千裂FZ脚着・白,
4677,千裂HS脚着・白,
4678,千裂GS脚着・白,
4679,千裂GP脚着・白,
4680,覇山FZ脚着・白,
4681,覇山HS脚着・白,
4682,覇山GS脚着・白,
4683,覇山GP脚着・白,
4684,竜巻FZ脚着・青,
4685,竜巻HS脚着・青,
4686,竜巻GS脚着・青,
4687,竜巻GP脚着・青,
4688,真空FZ脚着・青,
4689,真空HS脚着・青,
4690,真空GS脚着・青,
4691,真空GP脚着・青,
4692,千裂FZ脚着・緑,
4693,千裂HS脚着・緑,
4694,千裂GS脚着・緑,
4695,千裂GP脚着・緑,
4696,覇山FZ脚着・緑,
4697,覇山HS脚着・緑,
4698,覇山GS脚着・緑,
4699,覇山GP脚着・緑,
4700,デモンFZグリーヴ・青,Grèves Démon FZ bleues
4701,デモンHSグリーヴ・青,Grèves Démon HS bleues
4702,デモンGSグリーヴ・青,Grèves Démon GS bleues
4703,デモンGPグリーヴ・青,Grèves Démon GP bleues
4704,カオスFZグリーヴ・青,Grèves Chaos FZ bleues
4705,カオスHSグリーヴ・青,Grèves Chaos HS bleues
4706,カオスGSグリーヴ・青,Grèves Chaos GS bleues
4707,カオスGPグリーヴ・青,Grèves Chaos GP bleues
4708,シャドウFZブーツ紫,Bottes Ombre FZ violettes
4709,シャドウHSブーツ紫,Bottes Ombre HS violettes
4710,シャドウGSブーツ紫,Bottes Ombre GS violettes
4711,シャドウGPブーツ紫,Bottes Ombre GP violettes
4712,ソウルFZブーツ・紫,
4713,ソウルHSブーツ・紫,
4714,ソウルGSブーツ・紫,
4715,ソウルGPブーツ・紫,
4716,デモンFZグリーヴ・赤,Grèves Démon FZ rouges
4717,デモンHSグリーヴ・赤,Grèves Démon HS rouges
4718,デモンGSグリーヴ・赤,Grèves Démon GS rouges
4719,デモンGPグリーヴ・赤,Grèves Démon GP rouges
4720,カオスFZグリーヴ・赤,Grèves Chaos FZ rouges
4721,カオスHSグリーヴ・赤,Grèves Chaos HS rouges
4722,カオスGSグリーヴ・赤,Grèves Chaos GS rouges
4723,カオスGPグリーヴ・赤,Grèves Chaos GP rouges
4724,シャドウFZブーツ赤,Bottes Ombre FZ rouges
4725,シャドウHSブーツ赤,Bottes Ombre HS rouges
4726,シャドウGSブーツ赤,Bottes Ombre GS rouges
4727,シャドウGPブーツ赤,Bottes Ombre GP rouges
4728,ソウルFZブーツ・赤,
4729,ソウルHSブーツ・赤,
4730,ソウルGSブーツ・赤,
4731,ソウルGPブーツ・赤,
4732,デモンFZグリーヴ・緑,Grèves Démon FZ vertes
4733,デモンHSグリーヴ・緑,Grèves Démon HS vertes
4734,デモンGSグリーヴ・緑,Grèves Démon GS vertes
4735,デモンGPグリーヴ・緑,Grèves Démon GP vertes
4736,カオスFZグリーヴ・緑,Grèves Chaos FZ vertes
4737,カオスHSグリーヴ・緑,Grèves Chaos HS vertes
4738,カオスGSグリーヴ・緑,Grèves Chaos GS vertes
4739,カオスGPグリーヴ・緑,Grèves Chaos GP vertes
4740,シャドウFZブーツ緑,Bottes Ombre FZ vertes
4741,シャドウHSブーツ緑,Bottes Ombre HS vertes
4742,シャドウGSブーツ緑,Bottes Ombre GS vertes
4743,シャドウGPブーツ緑,Bottes Ombre GP vertes
4744,ソウルFZブーツ・緑,
4745,ソウルHSブーツ・緑,
4746,ソウルGSブーツ・緑,
4747,ソウルGPブーツ・緑,
4748,デモンFZグリーヴ・白,Grèves Démon FZ blanches
4749,デモンHSグリーヴ・白,Grèves Démon HS blanches
4750,デモンGSグリーヴ・白,Grèves Démon GS blanches
4751,デモンGPグリーヴ・白,Grèves Démon GP blanches
4752,カオスFZグリーヴ・白,Grèves Chaos FZ blanches
4753,カオスHSグリーヴ・白,Grèves Chaos HS blanches
4754,カオスGSグリーヴ・白,Grèves Chaos GS blanches
4755,カオスGPグリーヴ・白,Grèves Chaos GP blanches
4756,シャドウFZブーツ白,Bottes Ombre FZ blanches
4757,シャドウHSブーツ白,Bottes Ombre HS blanches
4758,シャドウGSブーツ白,Bottes Ombre GS blanches
4759,シャドウGPブーツ白,Bottes Ombre GP blanches
4760,ソウルFZブーツ・白,
4761,ソウルHSブーツ・白,
4762,ソウルGSブーツ・白,
4763,ソウルGPブーツ・白,
4764,一閃GS【具足】・赤,
4765,一閃GP【具足】・赤,
4766,構射GS【具足】・赤,
4767,構射GP【具足】・赤,
4768,蜂針GS【具足】・橙,
4769,蜂針GP【具足】・橙,
4770,気弾GS【具足】・橙,
4771,気弾GP【具足】・橙,
4772,一閃GS【具足】・青,
4773,一閃GP【具足】・青,
4774,構射GS【具足】・青,
4775,構射GP【具足】・青,
4776,蜂針GS【具足】・青,
4777,蜂針GP【具足】・青,
4778,気弾GS【具足】・青,
4779,気弾GP【具足】・青,
4780,一閃GS【具足】・黄,
4781,一閃GP【具足】・黄,
4782,構射GS【具足】・黄,
4783,構射GP【具足】・黄,
4784,蜂針GS【具足】・黄,
4785,蜂針GP【具足】・黄,
4786,気弾GS【具足】・黄,
4787,気弾GP【具足】・黄,
4788,一閃GS【具足】・黒,
4789,一閃GP【具足】・黒,
4790,構射GS【具足】・黒,
4791,構射GP【具足】・黒,
4792,蜂針GS【具足】・黒,
4793,蜂針GP【具足】・黒,
4794,気弾GS【具足】・黒,
4795,気弾GP【具足】・黒,
4796,神龍GS脚着・赤,
4797,神龍GP脚着・赤,
4798,裂破GS脚着・赤,
4799,裂破GP脚着・赤,
4800,キャノンGSタイツ・水,
4801,キャノンGPタイツ・水,
4802,アクセルGSタイツ・水,
4803,アクセルGPタイツ・水,
4804,神龍GS脚着・白,
4805,神龍GP脚着・白,
4806,裂破GS脚着・白,
4807,裂破GP脚着・白,
4808,キャノンGSタイツ・緑,
4809,キャノンGPタイツ・緑,
4810,アクセルGSタイツ・緑,
4811,アクセルGPタイツ・緑,
4812,神龍GS脚着・紫,
4813,神龍GP脚着・紫,
4814,裂破GS脚着・紫,
4815,裂破GP脚着・紫,
4816,キャノンGSタイツ・桃,
4817,キャノンGPタイツ・桃,
4818,アクセルGSタイツ・桃,
4819,アクセルGPタイツ・桃,
4820,神龍GS脚着・黄,
4821,神龍GP脚着・黄,
4822,裂破GS脚着・黄,
4823,裂破GP脚着・黄,
4824,キャノンGSタイツ・紫,
4825,キャノンGPタイツ・紫,
4826,アクセルGSタイツ・紫,
4827,アクセルGPタイツ・紫,
4828,ガルーダHSレッグ,
4829,ガルーダGSレッグ,
4830,ガルーダGPレッグ,
4831,ガルーダHSブーツ,Bottes Garuda HS
4832,ガルーダGSブーツ,Bottes Garuda GS
4833,ガルーダGPブーツ,Bottes Garuda GP
4834,フィアラルHSレッグ,
4835,フィアラルGSレッグ,
4836,フィアラルGPレッグ,
4837,フィアラルHSブーツ,Bottes Féral HS
4838,フィアラルGSブーツ,Bottes Féral GS
4839,フィアラルGPブーツ,Bottes Féral GP
4840,フィアスHSレッグ,
4841,フィアスGSレッグ,
4842,フィアスGPレッグ,
4843,フィアスHSブーツ,Bottes Fias HS
4844,フィアスGSブーツ,Bottes Fias GS
4845,フィアスGPブーツ,Bottes Fias GP
4846,ヴィルトHSレッグ,
4847,ヴィルトGSレッグ,
4848,ヴィルトGPレッグ,
4849,ヴィルトHSブーツ,Bottes Viruto HS
4850,ヴィルトGSブーツ,Bottes Viruto GS
4851,ヴィルトGPブーツ,Bottes Viruto GP
4852,ファルコHSグリーヴ,Grèves Falco HS
4853,ファルコGSグリーヴ,Grèves Falco GS
4854,ファルコGPグリーヴ,Grèves Falco GP
4855,ファルコHSレギンス,Jambières Falco HS
4856,ファルコGSレギンス,Jambières Falco GS
4857,ファルコGPレギンス,Jambières Falco GP
4858,ハウクスHSグリーヴ,Grèves Howx HS
4859,ハウクスGSグリーヴ,Grèves Howx GS
4860,ハウクスGPグリーヴ,Grèves Howx GP
4861,ハウクスHSレギンス,Jambières Howx HS
4862,ハウクスGSレギンス,Jambières Howx GS
4863,ハウクスGPレギンス,Jambières Howx GP
4864,ガウスHSグリーヴ,Grèves Gauss HS
4865,ガウスGSグリーヴ,Grèves Gauss GS
4866,ガウスGPグリーヴ,Grèves Gauss GP
4867,ガウスHSレギンス,Jambières Gauss HS
4868,ガウスGSレギンス,Jambières Gauss GS
4869,ガウスGPレギンス,Jambières Gauss GP
4870,ウェーバHSグリーヴ,Grèves Weber HS
4871,ウェーバGSグリーヴ,Grèves Weber GS
4872,ウェーバGPグリーヴ,Grèves Weber GP
4873,ウェーバHSレギンス,Jambières Weber HS
4874,ウェーバGSレギンス,Jambières Weber GS
4875,ウェーバGPレギンス,Jambières Weber GP
4876,ギルバートHSグリーヴ,Grèves Gilbert HS
4877,ギルバートGSグリーヴ,Grèves Gilbert GS
4878,ギルバートGPグリーヴ,Grèves Gilbert GP
4879,ギルバートHSレギンス,Jambières Gilbert HS
4880,ギルバートGSレギンス,Jambières Gilbert GS
4881,ギルバートGPレギンス,Jambières Gilbert GP
4882,ブライトGPグリーヴ,Grèves Éclat GP
4883,ブライトGPレギンス,Jambières Éclat GP
4884,ジュアリGPグリーヴ,Grèves Juari GP
4885,ジュアリGPレギンス,Jambières Juari GP
4886,ティンクGPグリーヴ,Grèves Tinku GP
4887,ティンクGPレギンス,Jambières Tinku GP
4888,ルクストグリーヴ,Grèves Luxt
4889,ルクストＦグリーヴ,Grèves Luxt F
4890,ルクストFYグリーヴ,Grèves Luxt FY
4891,ルクストHSグリーヴ,Grèves Luxt HS
4892,ルクストレギンス,Jambières Luxt
4893,ルクストＦレギンス,Jambières Luxt F
4894,ルクストFYレギンス,Jambières Luxt FY
4895,ルクストHSレギンス,Jambières Luxt HS
4896,ルクストＧグリーヴ,Grèves Luxt G
4897,ルクストGFグリーヴ,Grèves Luxt GF
4898,ルクストGXグリーヴ,Grèves Luxt GX
4899,ルクストＧレギンス,Jambières Luxt G
4900,ルクストGFレギンス,Jambières Luxt GF
4901,ルクストGXレギンス,Jambières Luxt GX
4902,オレウムグリーヴ,Grèves Oleum
4903,オレウムＦグリーヴ,Grèves Oleum F
4904,オレウムFYグリーヴ,Grèves Oleum FY
4905,オレウムHSグリーヴ,Grèves Oleum HS
4906,オレウムレギンス,Jambières Oleum
4907,オレウムＦレギンス,Jambières Oleum F
4908,オレウムFYレギンス,Jambières Oleum FY
4909,オレウムHSレギンス,Jambières Oleum HS
4910,オレウムＧグリーヴ,Grèves Oleum G
4911,オレウムGFグリーヴ,Grèves Oleum GF
4912,オレウムGXグリーヴ,Grèves Oleum GX
4913,オレウムＧレギンス,Jambières Oleum G
4914,オレウムGFレギンス,Jambières Oleum GF
4915,オレウムGXレギンス,Jambières Oleum GX
4916,クラントグリーヴ,Grèves Kuranto
4917,クラントＦグリーヴ,Grèves Kuranto F
4918,クラントFYグリーヴ,Grèves Kuranto FY
4919,クラントHSグリーヴ,Grèves Kuranto HS
4920,クラントレギンス,Jambières Kuranto
4921,クラントＦレギンス,Jambières Kuranto F
4922,クラントFYレギンス,Jambières Kuranto FY
4923,クラントHSレギンス,Jambières Kuranto HS
4924,クラントＧグリーヴ,Grèves Kuranto G
4925,クラントGFグリーヴ,Grèves Kuranto GF
4926,クラントGXグリーヴ,Grèves Kuranto GX
4927,クラントＧレギンス,Jambières Kuranto G
4928,クラントGFレギンス,Jambières Kuranto GF
4929,クラントGXレギンス,Jambières Kuranto GX
4930,ユプケグリーヴ,Grèves Yupuk
4931,ユプケＦグリーヴ,Grèves Yupuk F
4932,ユプケFYグリーヴ,Grèves Yupuk FY
4933,ユプケHSグリーヴ,Grèves Yupuk HS
4934,ユプケレギンス,Jambières Yupuk
4935,ユプケＦレギンス,Jambières Yupuk F
4936,ユプケFYレギンス,Jambières Yupuk FY
4937,ユプケHSレギンス,Jambières Yupuk HS
4938,ユプケＧグリーヴ,Grèves Yupuk G
4939,ユプケGFグリーヴ,Grèves Yupuk GF
4940,ユプケGXグリーヴ,Grèves Yupuk GX
4941,ユプケＧレギンス,Jambières Yupuk G
4942,ユプケGFレギンス,Jambières Yupuk GF
4943,ユプケGXレギンス,Jambières Yupuk GX
4944,ヒガクレＧグリーヴ,Grèves Higakure G
4945,ヒガクレGFグリーヴ,Grèves Higakure GF
4946,ヒガクレGXグリーヴ,Grèves Higakure GX
4947,ヒガクレＧレギンス,Jambières Higakure G
4948,ヒガクレGFレギンス,Jambières Higakure GF
4949,ヒガクレGXレギンス,Jambières Higakure GX
4950,コンセルＧグリーヴ,Grèves Konseru G
4951,コンセルGFグリーヴ,Grèves Konseru GF
4952,コンセルGXグリーヴ,Grèves Konseru GX
4953,コンセルＧレギンス,Jambières Konseru G
4954,コンセルGFレギンス,Jambières Konseru GF
4955,コンセルGXレギンス,Jambières Konseru GX
4956,ディールＧグリーヴ,Grèves Diru G
4957,ディールGFグリーヴ,Grèves Diru GF
4958,ディールGXグリーヴ,Grèves Diru GX
4959,ディールＧレギンス,Jambières Diru G
4960,ディールGFレギンス,Jambières Diru GF
4961,ディールGXレギンス,Jambières Diru GX
4962,コルヌーブーツ,
4963,コピアイブーツ,
4964,コルヌーレギンス,
4965,コピアイレギンス,
4966,メトリーフット・青,Chausses Metri bleues
4967,メトリーＦフット・青,Chausses Metri F bleues
4968,メトリーFZフット・青,Chausses Metri FZ bleues
4969,メトリーHCフット・青,Chausses Metri HC bleues
4970,メトリーHSフット・青,Chausses Metri HS bleues
4971,メトリーGSフット・青,Chausses Metri GS bleues
4972,メトリーブーツ・青,Bottes Metri bleues
4973,メトリーＦブーツ・青,Bottes Metri F bleues
4974,メトリーFZブーツ・青,Bottes Metri FZ bleues
4975,メトリーHCブーツ・青,Bottes Metri HC bleues
4976,メトリーHSブーツ・青,Bottes Metri HS bleues
4977,メトリーGSブーツ・青,Bottes Metri GS bleues
4978,メトリーフット・白,Chausses Metri blanches
4979,メトリーＦフット・白,Chausses Metri F blanches
4980,メトリーFZフット・白,Chausses Metri FZ blanches
4981,メトリーHCフット・白,Chausses Metri HC blanches
4982,メトリーHSフット・白,Chausses Metri HS blanches
4983,メトリーGSフット・白,Chausses Metri GS blanches
4984,メトリーブーツ・白,Bottes Metri blanches
4985,メトリーＦブーツ・白,Bottes Metri F blanches
4986,メトリーFZブーツ・白,Bottes Metri FZ blanches
4987,メトリーHCブーツ・白,Bottes Metri HC blanches
4988,メトリーHSブーツ・白,Bottes Metri HS blanches
4989,メトリーGSブーツ・白,Bottes Metri GS blanches
4990,メトリーフット・赤,Chausses Metri rouges
4991,メトリーＦフット・赤,Chausses Metri F rouges
4992,メトリーFZフット・赤,Chausses Metri FZ rouges
4993,メトリーHCフット・赤,Chausses Metri HC rouges
4994,メトリーHSフット・赤,Chausses Metri HS rouges
4995,メトリーGSフット・赤,Chausses Metri GS rouges
4996,メトリーブーツ・赤,Bottes Metri rouges
4997,メトリーＦブーツ・赤,Bottes Metri F rouges
4998,メトリーFZブーツ・赤,Bottes Metri FZ rouges
4999,メトリーHCブーツ・赤,Bottes Metri HC rouges
5000,メトリーHSブーツ・赤,Bottes Metri HS rouges
5001,メトリーGSブーツ・赤,Bottes Metri GS rouges
5002,メトリーフット・緑,Chausses Metri vertes
5003,メトリーＦフット・緑,Chausses Metri F vertes
5004,メトリーFZフット・緑,Chausses Metri FZ vertes
5005,メトリーHCフット・緑,Chausses Metri HC vertes
5006,メトリーHSフット・緑,Chausses Metri HS vertes
5007,メトリーGSフット・緑,Chausses Metri GS vertes
5008,メトリーブーツ・緑,Bottes Metri vertes
5009,メトリーＦブーツ・緑,Bottes Metri F vertes
5010,メトリーFZブーツ・緑,Bottes Metri FZ vertes
5011,メトリーHCブーツ・緑,Bottes Metri HC vertes
5012,メトリーHSブーツ・緑,Bottes Metri HS vertes
5013,メトリーGSブーツ・緑,Bottes Metri GS vertes
5014,ノヴィーフット,
5015,ノヴィーＦフット,
5016,ノヴィーFZフット,
5017,ノヴィーHCフット,
5018,ノヴィーHSフット,
5019,ノヴィーGSフット,
5020,ノヴィーブーツ,
5021,ノヴィーＦブーツ,
5022,ノヴィーFZブーツ,
5023,ノヴィーHCブーツ,
5024,ノヴィーHSブーツ,
5025,ノヴィーGSブーツ,
5026,フローラグリーヴ,
5027,フラウフット,Chausses Frau
5028,リアレッグ,
5029,キースグリーヴ,Grèves Keith
5030,ギネルグリーヴ,Grèves Guinelle
5031,チルカフット,
5032,エドワードグリーヴ,Grèves Edward
5033,タイゾウグリーヴ,Grèves Taizo
5034,ティアラブーツ,Bottes Tiala
5035,ユウェルブーツ,Bottes Uwel
5036,ナターシャレギンス,Jambières Natasha
5037,ダミー,
5038,アミロフット・青,Chausses Amiro bleues
5039,アミロＦフット・青,Chausses Amiro F bleues
5040,アミロFZフット・青,Chausses Amiro FZ bleues
5041,アミロHCフット・青,Chausses Amiro HC bleues
5042,アミロHSフット・青,Chausses Amiro HS bleues
5043,アミロGSフット・青,Chausses Amiro GS bleues
5044,アミロブーツ・青,Bottes Amiro bleues
5045,アミロＦブーツ・青,Bottes Amiro F bleues
5046,アミロFZブーツ・青,Bottes Amiro FZ bleues
5047,アミロHCブーツ・青,Bottes Amiro HC bleues
5048,アミロHSブーツ・青,Bottes Amiro HS bleues
5049,アミロGSブーツ・青,Bottes Amiro GS bleues
5050,アミロフット・赤,Chausses Amiro rouges
5051,アミロＦフット・赤,Chausses Amiro F rouges
5052,アミロFZフット・赤,Chausses Amiro FZ rouges
5053,アミロHCフット・赤,Chausses Amiro HC rouges
5054,アミロHSフット・赤,Chausses Amiro HS rouges
5055,アミロGSフット・赤,Chausses Amiro GS rouges
5056,アミロブーツ・赤,Bottes Amiro rouges
5057,アミロＦブーツ・赤,Bottes Amiro F rouges
5058,アミロFZブーツ・赤,Bottes Amiro FZ rouges
5059,アミロHCブーツ・赤,Bottes Amiro HC rouges
5060,アミロHSブーツ・赤,Bottes Amiro HS rouges
5061,アミロGSブーツ・赤,Bottes Amiro GS rouges
5062,アミロフット・黄,Chausses Amiro jaunes
5063,アミロＦフット・黄,Chausses Amiro F jaunes
5064,アミロFZフット・黄,Chausses Amiro FZ jaunes
5065,アミロHCフット・黄,Chausses Amiro HC jaunes
5066,アミロHSフット・黄,Chausses Amiro HS jaunes
5067,アミロGSフット・黄,Chausses Amiro GS jaunes
5068,アミロブーツ・黄,Bottes Amiro jaunes
5069,アミロＦブーツ・黄,Bottes Amiro F jaunes
5070,アミロFZブーツ・黄,Bottes Amiro FZ jaunes
5071,アミロHCブーツ・黄,Bottes Amiro HC jaunes
5072,アミロHSブーツ・黄,Bottes Amiro HS jaunes
5073,アミロGSブーツ・黄,Bottes Amiro GS jaunes
5074,アミロフット・黒,Chausses Amiro noires
5075,アミロＦフット・黒,Chausses Amiro F noires
5076,アミロFZフット・黒,Chausses Amiro FZ noires
5077,アミロHCフット・黒,Chausses Amiro HC noires
5078,アミロHSフット・黒,Chausses Amiro HS noires
5079,アミロGSフット・黒,Chausses Amiro GS noires
5080,アミロブーツ・黒,Bottes Amiro noires
5081,アミロＦブーツ・黒,Bottes Amiro F noires
5082,アミロFZブーツ・黒,Bottes Amiro FZ noires
5083,アミロHCブーツ・黒,Bottes Amiro HC noires
5084,アミロHSブーツ・黒,Bottes Amiro HS noires
5085,アミロGSブーツ・黒,Bottes Amiro GS noires
5086,リグイフット,Chausses Pisces
5087,リグイＦフット,Chausses Pisces F
5088,リグイFZフット,Chausses Pisces FZ
5089,リグイHCフット,Chausses Pisces HC
5090,リグイHSフット,Chausses Pisces HS
5091,リグイGSフット,Chausses Pisces GS
5092,リグイブーツ,Bottes Pisces
5093,リグイＦブーツ,Bottes Pisces F
5094,リグイFZブーツ,Bottes Pisces FZ
5095,リグイHCブーツ,Bottes Pisces HC
5096,リグイHSブーツ,Bottes Pisces HS
5097,リグイGSブーツ,Bottes Pisces GS
5098,アスールＧグリーヴ,Grèves Azul G
5099,アスールGFグリーヴ,Grèves Azul GF
5100,アスールGXグリーヴ,Grèves Azul GX
5101,アスールＧレギンス,Jambières Azul G
5102,アスールGFレギンス,Jambières Azul GF
5103,アスールGXレギンス,Jambières Azul GX
5104,エントラＧグリーヴ,Grèves Entora G
5105,エントラGFグリーヴ,Grèves Entora GF
5106,エントラGXグリーヴ,Grèves Entora GX
5107,エントラＧレギンス,Jambières Entora G
5108,エントラGFレギンス,Jambières Entora GF
5109,エントラGXレギンス,Jambières Entora GX
5110,聖王フット,
5111,聖王Ｆフット,
5112,聖王FZフット,
5113,聖王HSフット,
5114,聖王GSフット,
5115,聖王GPフット,
5116,聖王ブーツ,
5117,聖王Ｆブーツ,
5118,聖王FZブーツ,
5119,聖王HSブーツ,
5120,聖王GSブーツ,
5121,聖王GPブーツ,
5122,英雄王フット,
5123,英雄王Ｆフット,
5124,英雄王FZフット,
5125,英雄王HSフット,
5126,英雄王GSフット,
5127,英雄王GPフット,
5128,英雄王ブーツ,
5129,英雄王Ｆブーツ,
5130,英雄王FZブーツ,
5131,英雄王HSブーツ,
5132,英雄王GSブーツ,
5133,英雄王GPブーツ,
5134,雷刃脚着,
5135,雷刃Ｆ脚着,
5136,雷刃FZ脚着,
5137,雷刃HS脚着,
5138,雷刃GS脚着,
5139,雷刃GP脚着,
5140,迅雷脚着,
5141,迅雷Ｆ脚着,
5142,迅雷FZ脚着,
5143,迅雷HS脚着,
5144,迅雷GS脚着,
5145,迅雷GP脚着,
5146,天星脚着,
5147,天星Ｆ脚着,
5148,天星FZ脚着,
5149,天星HS脚着,
5150,天星GS脚着,
5151,天星GP脚着,
5152,飛燕脚着,
5153,飛燕Ｆ脚着,
5154,飛燕FZ脚着,
5155,飛燕HS脚着,
5156,飛燕GS脚着,
5157,飛燕GP脚着,
5158,バットグリーヴ,
5159,バットＦグリーヴ,
5160,バットFZグリーヴ,
5161,バットHSグリーヴ,
5162,バットGSグリーヴ,
5163,バットGPグリーヴ,
5164,ナイトグリーヴ,Grèves Chevalier
5165,ナイトＦグリーヴ,Grèves Chevalier F
5166,ナイトFZグリーヴ,Grèves Chevalier FZ
5167,ナイトHSグリーヴ,Grèves Chevalier HS
5168,ナイトGSグリーヴ,Grèves Chevalier GS
5169,ナイトGPグリーヴ,Grèves Chevalier GP
5170,シェルブーツ,
5171,シェルＦブーツ,
5172,シェルFZブーツ,
5173,シェルHSブーツ,
5174,シェルGSブーツ,
5175,シェルGPブーツ,
5176,ベクターブーツ,Bottes Vecteur
5177,ベクターＦブーツ,Bottes Vecteur F
5178,ベクターFZブーツ,Bottes Vecteur FZ
5179,ベクターHSブーツ,Bottes Vecteur HS
5180,ベクターGSブーツ,Bottes Vecteur GS
5181,ベクターGPブーツ,Bottes Vecteur GP
5182,サーブルフット,
5183,サーブルＦフット,
5184,サーブルFZフット,
5185,サーブルHSフット,
5186,サーブルGSフット,
5187,サーブルGPフット,
5188,サーブルブーツ,
5189,サーブルＦブーツ,
5190,サーブルFZブーツ,
5191,サーブルHSブーツ,
5192,サーブルGSブーツ,
5193,サーブルGPブーツ,
5194,ルワージュレッグ,
5195,ルワージュＦレッグ,
5196,ルワージュFZレッグ,
5197,ルワージュHSレッグ,
5198,ルワージュGSレッグ,
5199,ルワージュGPレッグ,
5200,ルワージュブーツ,
5201,ルワージュＦブーツ,
5202,ルワージュFZブーツ,
5203,ルワージュHSブーツ,
5204,ルワージュGSブーツ,
5205,ルワージュGPブーツ,
5206,ノメルグリーヴ,
5207,ノメルＦグリーヴ,
5208,ノメルFZグリーヴ,
5209,ノメルHSグリーヴ,
5210,ノメルGSグリーヴ,
5211,ノメルGPグリーヴ,
5212,ノメルレギンス,
5213,ノメルＦレギンス,
5214,ノメルFZレギンス,
5215,ノメルHSレギンス,
5216,ノメルGSレギンス,
5217,ノメルGPレギンス,
5218,英雄王の脚甲：剣金,
5219,英雄王の脚甲：剣Ｆ金,
5220,英雄王の脚甲：剣FZ金,
5221,英雄王の脚甲：剣HS金,
5222,英雄王の脚甲：剣GS金,
5223,英雄王の脚甲：剣GP金,
5224,英雄王の脚甲：銃金,
5225,英雄王の脚甲：銃Ｆ金,
5226,英雄王の脚甲：銃FZ金,
5227,英雄王の脚甲：銃HS金,
5228,英雄王の脚甲：銃GS金,
5229,英雄王の脚甲：銃GP金,
5230,ゴルゴンフット・黒,Chausses Gorgone noires
5231,ゴルゴンＦフット・黒,Chausses Gorgone F noires
5232,ゴルゴンFZフット・黒,Chausses Gorgone FZ noires
5233,ゴルゴンHSフット・黒,Chausses Gorgone HS noires
5234,ゴルゴンGSフット・黒,Chausses Gorgone GS noires
5235,ゴルゴンGPフット・黒,Chausses Gorgone GP noires
5236,ゴルゴンブーツ・黒,Bottes Gorgone noires
5237,ゴルゴンＦブーツ・黒,Bottes Gorgone F noires
5238,ゴルゴンFZブーツ・黒,Bottes Gorgone FZ noires
5239,ゴルゴンHSブーツ・黒,Bottes Gorgone HS noires
5240,ゴルゴンGSブーツ・黒,Bottes Gorgone GS noires
5241,ゴルゴンGPブーツ・黒,Bottes Gorgone GP noires
5242,英雄王の脚甲：剣黒,
5243,英雄王の脚甲：剣Ｆ黒,
5244,英雄王の脚甲：剣FZ黒,
5245,英雄王の脚甲：剣HS黒,
5246,英雄王の脚甲：剣GS黒,
5247,英雄王の脚甲：剣GP黒,
5248,英雄王の脚甲：銃黒,
5249,英雄王の脚甲：銃Ｆ黒,
5250,英雄王の脚甲：銃FZ黒,
5251,英雄王の脚甲：銃HS黒,
5252,英雄王の脚甲：銃GS黒,
5253,英雄王の脚甲：銃GP黒,
5254,ゴルゴンフット・青,Chausses Gorgone bleues
5255,ゴルゴンＦフット・青,Chausses Gorgone F bleues
5256,ゴルゴンFZフット・青,Chausses Gorgone FZ bleues
5257,ゴルゴンHSフット・青,Chausses Gorgone HS bleues
5258,ゴルゴンGSフット・青,Chausses Gorgone GS bleues
5259,ゴルゴンGPフット・青,Chausses Gorgone GP bleues
5260,ゴルゴンブーツ・青,Bottes Gorgone bleues
5261,ゴルゴンＦブーツ・青,Bottes Gorgone F bleues
5262,ゴルゴンFZブーツ・青,Bottes Gorgone FZ bleues
5263,ゴルゴンHSブーツ・青,Bottes Gorgone HS bleues
5264,ゴルゴンGSブーツ・青,Bottes Gorgone GS bleues
5265,ゴルゴンGPブーツ・青,Bottes Gorgone GP bleues
5266,英雄王の脚甲：剣白,
5267,英雄王の脚甲：剣Ｆ白,
5268,英雄王の脚甲：剣FZ白,
5269,英雄王の脚甲：剣HS白,
5270,英雄王の脚甲：剣GS白,
5271,英雄王の脚甲：剣GP白,
5272,英雄王の脚甲：銃白,
5273,英雄王の脚甲：銃Ｆ白,
5274,英雄王の脚甲：銃FZ白,
5275,英雄王の脚甲：銃HS白,
5276,英雄王の脚甲：銃GS白,
5277,英雄王の脚甲：銃GP白,
5278,ゴルゴンフット・白,Chausses Gorgone blanches
5279,ゴルゴンＦフット・白,Chausses Gorgone F blanches
5280,ゴルゴンFZフット・白,Chausses Gorgone FZ blanches
5281,ゴルゴンHSフット・白,Chausses Gorgone HS blanches
5282,ゴルゴンGSフット・白,Chausses Gorgone GS blanches
5283,ゴルゴンGPフット・白,Chausses Gorgone GP blanches
5284,ゴルゴンブーツ・白,Bottes Gorgone blanches
5285,ゴルゴンＦブーツ・白,Bottes Gorgone F blanches
5286,ゴルゴンFZブーツ・白,Bottes Gorgone FZ blanches
5287,ゴルゴンHSブーツ・白,Bottes Gorgone HS blanches
5288,ゴルゴンGSブーツ・白,Bottes Gorgone GS blanches
5289,ゴルゴンGPブーツ・白,Bottes Gorgone GP blanches
5290,英雄王の脚甲：剣赤,
5291,英雄王の脚甲：剣Ｆ赤,
5292,英雄王の脚甲：剣FZ赤,
5293,英雄王の脚甲：剣HS赤,
5294,英雄王の脚甲：剣GS赤,
5295,英雄王の脚甲：剣GP赤,
5296,英雄王の脚甲：銃赤,
5297,英雄王の脚甲：銃Ｆ赤,
5298,英雄王の脚甲：銃FZ赤,
5299,英雄王の脚甲：銃HS赤,
5300,英雄王の脚甲：銃GS赤,
5301,英雄王の脚甲：銃GP赤,
5302,ゴルゴンフット・赤,Chausses Gorgone rouges
5303,ゴルゴンＦフット・赤,Chausses Gorgone F rouges
5304,ゴルゴンFZフット・赤,Chausses Gorgone FZ rouges
5305,ゴルゴンHSフット・赤,Chausses Gorgone HS rouges
5306,ゴルゴンGSフット・赤,Chausses Gorgone GS rouges
5307,ゴルゴンGPフット・赤,Chausses Gorgone GP rouges
5308,ゴルゴンブーツ・赤,Bottes Gorgone rouges
5309,ゴルゴンＦブーツ・赤,Bottes Gorgone F rouges
5310,ゴルゴンFZブーツ・赤,Bottes Gorgone FZ rouges
5311,ゴルゴンHSブーツ・赤,Bottes Gorgone HS rouges
5312,ゴルゴンGSブーツ・赤,Bottes Gorgone GS rouges
5313,ゴルゴンGPブーツ・赤,Bottes Gorgone GP rouges
5314,クリュスHSレッグ,
5315,クリュスGSレッグ,
5316,クリュスGPレッグ,
5317,クォートHSブーツ,
5318,クォートGSブーツ,
5319,クォートGPブーツ,
5320,スタリナHSレッグ,
5321,スタリナGSレッグ,
5322,スタリナGPレッグ,
5323,スタリナHSブーツ,Bottes Starina HS
5324,スタリナGSブーツ,Bottes Starina GS
5325,スタリナGPブーツ,Bottes Starina GP
5326,ルースHSレッグ,
5327,ルースGSレッグ,
5328,ルースGPレッグ,
5329,ルースHSブーツ,
5330,ルースGSブーツ,
5331,ルースGPブーツ,
5332,ミラドHSレッグ,
5333,ミラドGSレッグ,
5334,ミラドGPレッグ,
5335,ミラドHSブーツ,Bottes Mirado HS
5336,ミラドGSブーツ,Bottes Mirado GS
5337,ミラドGPブーツ,Bottes Mirado GP
5338,ピラータHSグリーヴ,Grèves Pirata HS
5339,ピラータGSグリーヴ,Grèves Pirata GS
5340,ピラータGPグリーヴ,Grèves Pirata GP
5341,ピラータHSレギンス,Jambières Pirata HS
5342,ピラータGSレギンス,Jambières Pirata GS
5343,ピラータGPレギンス,Jambières Pirata GP
5344,ゼロイHSグリーヴ,Grèves Zeroi HS
5345,ゼロイGSグリーヴ,Grèves Zeroi GS
5346,ゼロイGPグリーヴ,Grèves Zeroi GP
5347,ゼロイHSレギンス,Jambières Zeroi HS
5348,ゼロイGSレギンス,Jambières Zeroi GS
5349,ゼロイGPレギンス,Jambières Zeroi GP
5350,デュールHSグリーヴ,Grèves Deyuru HS
5351,デュールGSグリーヴ,Grèves Deyuru GS
5352,デュールGPグリーヴ,Grèves Deyuru GP
5353,デュールHSレギンス,Jambières Deyuru HS
5354,デュールGSレギンス,Jambières Deyuru GS
5355,デュールGPレギンス,Jambières Deyuru GP
5356,ロバストHSペイル,
5357,ロバストGSペイル,
5358,ロバストGPペイル,
5359,ロバストHSレグス,
5360,ロバストGSレグス,
5361,ロバストGPレグス,
5362,花火GS【具足】,
5363,花火GP【具足】,
5364,流星GS【具足】,
5365,流星GP【具足】,
5366,バーニーFZフット・黒,Chausses Barney FZ noires
5367,バーニーHSフット・黒,Chausses Barney HS noires
5368,バーニーGSフット・黒,Chausses Barney GS noires
5369,バーニーGPフット・黒,Chausses Barney GP noires
5370,バーニーFZフット・白,Chausses Barney FZ blanches
5371,バーニーHSフット・白,Chausses Barney HS blanches
5372,バーニーGSフット・白,Chausses Barney GS blanches
5373,バーニーGPフット・白,Chausses Barney GP blanches
5374,バーニーFZフット・赤,Chausses Barney FZ rouges
5375,バーニーHSフット・赤,Chausses Barney HS rouges
5376,バーニーGSフット・赤,Chausses Barney GS rouges
5377,バーニーGPフット・赤,Chausses Barney GP rouges
5378,バーニーFZフット・紫,Chausses Barney FZ violettes
5379,バーニーHSフット・紫,Chausses Barney HS violettes
5380,バーニーGSフット・紫,Chausses Barney GS violettes
5381,バーニーGPフット・紫,Chausses Barney GP violettes
5382,バーニーFZブーツ・黒,Bottes Barney FZ noires
5383,バーニーHSブーツ・黒,Bottes Barney HS noires
5384,バーニーGSブーツ・黒,Bottes Barney GS noires
5385,バーニーGPブーツ・黒,Bottes Barney GP noires
5386,バーニーFZブーツ・白,Bottes Barney FZ blanches
5387,バーニーHSブーツ・白,Bottes Barney HS blanches
5388,バーニーGSブーツ・白,Bottes Barney GS blanches
5389,バーニーGPブーツ・白,Bottes Barney GP blanches
5390,バーニーFZブーツ・赤,Bottes Barney FZ rouges
5391,バーニーHSブーツ・赤,Bottes Barney HS rouges
5392,バーニーGSブーツ・赤,Bottes Barney GS rouges
5393,バーニーGPブーツ・赤,Bottes Barney GP rouges
5394,バーニーFZブーツ・紫,Bottes Barney FZ violettes
5395,バーニーHSブーツ・紫,Bottes Barney HS violettes
5396,バーニーGSブーツ・紫,Bottes Barney GS violettes
5397,バーニーGPブーツ・紫,Bottes Barney GP violettes
5398,ミクGPフット,Chausses Miku GP
5399,ミクGPブーツ,Bottes Miku GP
5400,赤原礼装・脚：剣GP赤,Jambes Akahara GP Lame rouges
5401,赤原礼装・脚：弓GP赤,Jambes Akahara GP Arc rouges
5402,赤原礼装・脚：剣GP青,Jambes Akahara GP Lame bleues
5403,赤原礼装・脚：弓GP青,Jambes Akahara GP Arc bleues
5404,赤原礼装・脚：剣GP黒,Jambes Akahara GP Lame noires
5405,赤原礼装・脚：弓GP黒,Jambes Akahara GP Arc noires
5406,赤原礼装・脚：剣GP白,Jambes Akahara GP Lame blanches
5407,赤原礼装・脚：弓GP白,Jambes Akahara GP Arc blanches
5408,騎士王の脚甲：剣GP青,
5409,騎士王の脚甲：弓GP青,
5410,騎士王の脚甲：剣GP赤,
5411,騎士王の脚甲：弓GP赤,
5412,騎士王の脚甲：剣GP黒,
5413,騎士王の脚甲：弓GP黒,
5414,騎士王の脚甲：剣GP白,
5415,騎士王の脚甲：弓GP白,
5416,蒼竜ノ具足GP【脛当】,
5417,蒼竜ノ羽織GP【脛当】,
5418,赤備ノ具足GP【脛当】,
5419,赤備ノ羽織GP【脛当】,
5420,レアルGPフット・白,Chausses Real GP blanches
5421,レアルGPフット・金,Chausses Real GP dorées
5422,レアルGPフット・青,Chausses Real GP bleues
5423,レアルGPフット・赤,Chausses Real GP rouges
5424,レアルGPブーツ・白,Bottes Real GP blanches
5425,レアルGPブーツ・金,Bottes Real GP dorées
5426,レアルGPブーツ・青,Bottes Real GP bleues
5427,レアルGPブーツ・赤,Bottes Real GP rouges
5428,リゲリアGPフット・白,Chausses Ligeria GP blanches
5429,リゲリアGPフット・赤,Chausses Ligeria GP rouges
5430,リゲリアGPフット・緑,Chausses Ligeria GP vertes
5431,リゲリアGPフット・青,Chausses Ligeria GP bleues
5432,リゲリアGPブーツ・白,Bottes Ligeria GP blanches
5433,リゲリアGPブーツ・赤,Bottes Ligeria GP rouges
5434,リゲリアGPブーツ・緑,Bottes Ligeria GP vertes
5435,リゲリアGPブーツ・青,Bottes Ligeria GP bleues
5436,エディオGPフット・青,Chausses Edio GP bleues
5437,エディオGPフット・赤,Chausses Edio GP rouges
5438,エディオGPフット・黄,Chausses Edio GP jaunes
5439,エディオGPフット・黒,Chausses Edio GP noires
5440,エディオGPブーツ・青,Bottes Edio GP bleues
5441,エディオGPブーツ・赤,Bottes Edio GP rouges
5442,エディオGPブーツ・黄,Bottes Edio GP jaunes
5443,エディオGPブーツ・黒,Bottes Edio GP noires
5444,レイストGSフット・黒,Chausses Reist GS noires
5445,レイストGPフット・黒,Chausses Reist GP noires
5446,レイストGSブーツ・黒,Bottes Reist GS noires
5447,レイストGPブーツ・黒,Bottes Reist GP noires
5448,レイストGSフット・青,Chausses Reist GS bleues
5449,レイストGPフット・青,Chausses Reist GP bleues
5450,レイストGSブーツ・青,Bottes Reist GS bleues
5451,レイストGPブーツ・青,Bottes Reist GP bleues
5452,レイストGSフット・紅,Chausses Reist GS cramoisies
5453,レイストGPフット・紅,Chausses Reist GP cramoisies
5454,レイストGSブーツ・紅,Bottes Reist GS cramoisies
5455,レイストGPブーツ・紅,Bottes Reist GP cramoisies
5456,レイストGSフット・白,Chausses Reist GS blanches
5457,レイストGPフット・白,Chausses Reist GP blanches
5458,レイストGSブーツ・白,Bottes Reist GS blanches
5459,レイストGPブーツ・白,Bottes Reist GP blanches
5460,シエルFZディバイダー,
5461,シエルHSディバイダー,
5462,シエルGSディバイダー,
5463,シエルGPディバイダー,
5464,オメットHSフット・黒,Chausses Omet HS noires
5465,オメットGSフット・黒,Chausses Omet GS noires
5466,オメットGPフット・黒,Chausses Omet GP noires
5467,オメットHSブーツ・黒,Bottes Omet HS noires
5468,オメットGSブーツ・黒,Bottes Omet GS noires
5469,オメットGPブーツ・黒,Bottes Omet GP noires
5470,オメットHSフット・赤,Chausses Omet HS rouges
5471,オメットGSフット・赤,Chausses Omet GS rouges
5472,オメットGPフット・赤,Chausses Omet GP rouges
5473,オメットHSブーツ・赤,Bottes Omet HS rouges
5474,オメットGSブーツ・赤,Bottes Omet GS rouges
5475,オメットGPブーツ・赤,Bottes Omet GP rouges
5476,オメットHSフット・白,Chausses Omet HS blanches
5477,オメットGSフット・白,Chausses Omet GS blanches
5478,オメットGPフット・白,Chausses Omet GP blanches
5479,オメットHSブーツ・白,Bottes Omet HS blanches
5480,オメットGSブーツ・白,Bottes Omet GS blanches
5481,オメットGPブーツ・白,Bottes Omet GP blanches
5482,オメットHSフット・青,Chausses Omet HS bleues
5483,オメットGSフット・青,Chausses Omet GS bleues
5484,オメットGPフット・青,Chausses Omet GP bleues
5485,オメットHSブーツ・青,Bottes Omet HS bleues
5486,オメットGSブーツ・青,Bottes Omet GS bleues
5487,オメットGPブーツ・青,Bottes Omet GP bleues
5488,ゴルトFZフット・赤,Chausses Gold FZ rouges
5489,ゴルトHSフット・赤,Chausses Gold HS rouges
5490,ゴルトGSフット・赤,Chausses Gold GS rouges
5491,ゴルトGPフット・赤,Chausses Gold GP rouges
5492,ゴルトFZフット・青,Chausses Gold FZ bleues
5493,ゴルトHSフット・青,Chausses Gold HS bleues
5494,ゴルトGSフット・青,Chausses Gold GS bleues
5495,ゴルトGPフット・青,Chausses Gold GP bleues
5496,ゴルトFZフット・黄,Chausses Gold FZ jaunes
5497,ゴルトHSフット・黄,Chausses Gold HS jaunes
5498,ゴルトGSフット・黄,Chausses Gold GS jaunes
5499,ゴルトGPフット・黄,Chausses Gold GP jaunes
5500,ゴルトFZフット・紫,Chausses Gold FZ violettes
5501,ゴルトHSフット・紫,Chausses Gold HS violettes
5502,ゴルトGSフット・紫,Chausses Gold GS violettes
5503,ゴルトGPフット・紫,Chausses Gold GP violettes
5504,ゴルトFZブーツ・赤,Bottes Gold FZ rouges
5505,ゴルトHSブーツ・赤,Bottes Gold HS rouges
5506,ゴルトGSブーツ・赤,Bottes Gold GS rouges
5507,ゴルトGPブーツ・赤,Bottes Gold GP rouges
5508,ゴルトFZブーツ・青,Bottes Gold FZ bleues
5509,ゴルトHSブーツ・青,Bottes Gold HS bleues
5510,ゴルトGSブーツ・青,Bottes Gold GS bleues
5511,ゴルトGPブーツ・青,Bottes Gold GP bleues
5512,ゴルトFZブーツ・黄,Bottes Gold FZ jaunes
5513,ゴルトHSブーツ・黄,Bottes Gold HS jaunes
5514,ゴルトGSブーツ・黄,Bottes Gold GS jaunes
5515,ゴルトGPブーツ・黄,Bottes Gold GP jaunes
5516,ゴルトFZブーツ・紫,Bottes Gold FZ violettes
5517,ゴルトHSブーツ・紫,Bottes Gold HS violettes
5518,ゴルトGSブーツ・紫,Bottes Gold GS violettes
5519,ゴルトGPブーツ・紫,Bottes Gold GP violettes
5520,シャランHSフット・青,Chausses Sharan HS bleues
5521,シャランGSフット・青,Chausses Sharan GS bleues
5522,シャランGPフット・青,Chausses Sharan GP bleues
5523,シャランHSフット・緑,Chausses Sharan HS vertes
5524,シャランGSフット・緑,Chausses Sharan GS vertes
5525,シャランGPフット・緑,Chausses Sharan GP vertes
5526,シャランHSフット・紫,Chausses Sharan HS violettes
5527,シャランGSフット・紫,Chausses Sharan GS violettes
5528,シャランGPフット・紫,Chausses Sharan GP violettes
5529,シャランHSフット・白,Chausses Sharan HS blanches
5530,シャランGSフット・白,Chausses Sharan GS blanches
5531,シャランGPフット・白,Chausses Sharan GP blanches
5532,シャランHSブーツ・青,Bottes Sharan HS bleues
5533,シャランGSブーツ・青,Bottes Sharan GS bleues
5534,シャランGPブーツ・青,Bottes Sharan GP bleues
5535,シャランHSブーツ・緑,Bottes Sharan HS vertes
5536,シャランGSブーツ・緑,Bottes Sharan GS vertes
5537,シャランGPブーツ・緑,Bottes Sharan GP vertes
5538,シャランHSブーツ・紫,Bottes Sharan HS violettes
5539,シャランGSブーツ・紫,Bottes Sharan GS violettes
5540,シャランGPブーツ・紫,Bottes Sharan GP violettes
5541,シャランHSブーツ・白,Bottes Sharan HS blanches
5542,シャランGSブーツ・白,Bottes Sharan GS blanches
5543,シャランGPブーツ・白,Bottes Sharan GP blanches
5544,アリストFZフット・青,Chausses Aristo FZ bleues
5545,アリストHSフット・青,Chausses Aristo HS bleues
5546,アリストGSフット・青,Chausses Aristo GS bleues
5547,アリストGPフット・青,Chausses Aristo GP bleues
5548,アリストFZフット・白,Chausses Aristo FZ blanches
5549,アリストHSフット・白,Chausses Aristo HS blanches
5550,アリストGSフット・白,Chausses Aristo GS blanches
5551,アリストGPフット・白,Chausses Aristo GP blanches
5552,アリストFZフット・紫,Chausses Aristo FZ violettes
5553,アリストHSフット・紫,Chausses Aristo HS violettes
5554,アリストGSフット・紫,Chausses Aristo GS violettes
5555,アリストGPフット・紫,Chausses Aristo GP violettes
5556,アリストFZフット・赤,Chausses Aristo FZ rouges
5557,アリストHSフット・赤,Chausses Aristo HS rouges
5558,アリストGSフット・赤,Chausses Aristo GS rouges
5559,アリストGPフット・赤,Chausses Aristo GP rouges
5560,アリストFZブーツ・青,Bottes Aristo FZ bleues
5561,アリストHSブーツ・青,Bottes Aristo HS bleues
5562,アリストGSブーツ・青,Bottes Aristo GS bleues
5563,アリストGPブーツ・青,Bottes Aristo GP bleues
5564,アリストFZブーツ・白,Bottes Aristo FZ blanches
5565,アリストHSブーツ・白,Bottes Aristo HS blanches
5566,アリストGSブーツ・白,Bottes Aristo GS blanches
5567,アリストGPブーツ・白,Bottes Aristo GP blanches
5568,アリストFZブーツ・紫,Bottes Aristo FZ violettes
5569,アリストHSブーツ・紫,Bottes Aristo HS violettes
5570,アリストGSブーツ・紫,Bottes Aristo GS violettes
5571,アリストGPブーツ・紫,Bottes Aristo GP violettes
5572,アリストFZブーツ・赤,Bottes Aristo FZ rouges
5573,アリストHSブーツ・赤,Bottes Aristo HS rouges
5574,アリストGSブーツ・赤,Bottes Aristo GS rouges
5575,アリストGPブーツ・赤,Bottes Aristo GP rouges
5576,マギサFZフット・赤,Chausses Magisa FZ rouges
5577,マギサHSフット・赤,Chausses Magisa HS rouges
5578,マギサGSフット・赤,Chausses Magisa GS rouges
5579,マギサGPフット・赤,Chausses Magisa GP rouges
5580,マギサFZフット・黒,Chausses Magisa FZ noires
5581,マギサHSフット・黒,Chausses Magisa HS noires
5582,マギサGSフット・黒,Chausses Magisa GS noires
5583,マギサGPフット・黒,Chausses Magisa GP noires
5584,マギサFZフット・緑,Chausses Magisa FZ vertes
5585,マギサHSフット・緑,Chausses Magisa HS vertes
5586,マギサGSフット・緑,Chausses Magisa GS vertes
5587,マギサGPフット・緑,Chausses Magisa GP vertes
5588,マギサFZフット・白,Chausses Magisa FZ blanches
5589,マギサHSフット・白,Chausses Magisa HS blanches
5590,マギサGSフット・白,Chausses Magisa GS blanches
5591,マギサGPフット・白,Chausses Magisa GP blanches
5592,ウィザーFZブーツ・赤,Bottes Wither FZ rouges
5593,ウィザーHSブーツ・赤,Bottes Wither HS rouges
5594,ウィザーGSブーツ・赤,Bottes Wither GS rouges
5595,ウィザーGPブーツ・赤,Bottes Wither GP rouges
5596,ウィザーFZブーツ・黒,Bottes Wither FZ noires
5597,ウィザーHSブーツ・黒,Bottes Wither HS noires
5598,ウィザーGSブーツ・黒,Bottes Wither GS noires
5599,ウィザーGPブーツ・黒,Bottes Wither GP noires
5600,ウィザーFZブーツ・緑,Bottes Wither FZ vertes
5601,ウィザーHSブーツ・緑,Bottes Wither HS vertes
5602,ウィザーGSブーツ・緑,Bottes Wither GS vertes
5603,ウィザーGPブーツ・緑,Bottes Wither GP vertes
5604,ウィザーFZブーツ・白,Bottes Wither FZ blanches
5605,ウィザーHSブーツ・白,Bottes Wither HS blanches
5606,ウィザーGSブーツ・白,Bottes Wither GS blanches
5607,ウィザーGPブーツ・白,Bottes Wither GP blanches
5608,抜胴GS【具足】,
5609,抜胴GP【具足】,
5610,長根GS【具足】,
5611,長根GP【具足】,
5612,メラギグリーヴ,Grèves Meraginasu
5613,メラギＦグリーヴ,Grèves Meraginasu F
5614,メラギFXグリーヴ,Grèves Meraginasu FX
5615,メラギＧグリーヴ,Grèves Meraginasu G
5616,メラギGFグリーヴ,Grèves Meraginasu GF
5617,メラギレギンス,Jambières Meraginasu
5618,メラギＦレギンス,Jambières Meraginasu F
5619,メラギFXレギンス,Jambières Meraginasu FX
5620,メラギＧレギンス,Jambières Meraginasu G
5621,メラギGFレギンス,Jambières Meraginasu GF
5622,ストロマGFグリーヴ,Grèves Stroma GF
5623,ストロマGFレギンス,Jambières Stroma GF
5624,エミットGFグリーヴ,
5625,エミットGFレギンス,
5626,ブリッツGFレガース,
5627,ブリッツGFブーツ,
5628,ワダツミGF【具足】,
5629,オカミGF【具足】,
5630,ディボアGFグリーヴ,Grèves Diboa GF
5631,ディボアGFレギンス,Jambières Diboa GF
5632,若紅葉【足枷】,
5633,若紅葉Ｆ【足枷】,
5634,若紅葉FY【足枷】,
5635,若紅葉HS【足枷】,
5636,若紅葉Ｇ【足枷】,
5637,若紅葉GF【足枷】,
5638,若紅葉GX【足枷】,
5639,翡戸隠【足枷】,
5640,翡戸隠Ｆ【足枷】,
5641,翡戸隠FY【足枷】,
5642,翡戸隠HS【足枷】,
5643,翡戸隠Ｇ【足枷】,
5644,翡戸隠GF【足枷】,
5645,翡戸隠GX【足枷】,
5646,ブリゼグリーヴ,Grèves Blize
5647,ブリゼＦグリーヴ,Grèves Blize F
5648,ブリゼFYグリーヴ,Grèves Blize FY
5649,ブリゼHSグリーヴ,Grèves Blize HS
5650,ブリゼＧグリーヴ,Grèves Blize G
5651,ブリゼGFグリーヴ,Grèves Blize GF
5652,ブリゼGXグリーヴ,Grèves Blize GX
5653,ブリゼレギンス,Jambières Blize
5654,ブリゼＦレギンス,Jambières Blize F
5655,ブリゼFYレギンス,Jambières Blize FY
5656,ブリゼHSレギンス,Jambières Blize HS
5657,ブリゼＧレギンス,Jambières Blize G
5658,ブリゼGFレギンス,Jambières Blize GF
5659,ブリゼGXレギンス,Jambières Blize GX
5660,ミクセスFYグリーヴ,Grèves Mixes FY
5661,ミクセスHSグリーヴ,Grèves Mixes HS
5662,ミクセスＧグリーヴ,Grèves Mixes G
5663,ミクセスGFグリーヴ,Grèves Mixes GF
5664,ミクセスGXグリーヴ,Grèves Mixes GX
5665,ミクセスFYレギンス,Jambières Mixes FY
5666,ミクセスHSレギンス,Jambières Mixes HS
5667,ミクセスＧレギンス,Jambières Mixes G
5668,ミクセスGFレギンス,Jambières Mixes GF
5669,ミクセスGXレギンス,Jambières Mixes GX
5670,ザイラフット・緑,Chausses Zaira vertes
5671,ザイラＦフット・緑,Chausses Zaira F vertes
5672,ザイラFZフット・緑,Chausses Zaira FZ vertes
5673,ザイラHSフット・緑,Chausses Zaira HS vertes
5674,ザイラGSフット・緑,Chausses Zaira GS vertes
5675,ザイラGPフット・緑,Chausses Zaira GP vertes
5676,ザイラブーツ・緑,Bottes Zaira vertes
5677,ザイラＦブーツ・緑,Bottes Zaira F vertes
5678,ザイラFZブーツ・緑,Bottes Zaira FZ vertes
5679,ザイラHSブーツ・緑,Bottes Zaira HS vertes
5680,ザイラGSブーツ・緑,Bottes Zaira GS vertes
5681,ザイラGPブーツ・緑,Bottes Zaira GP vertes
5682,ザイラフット・水,
5683,ザイラＦフット・水,
5684,ザイラFZフット・水,
5685,ザイラHSフット・水,
5686,ザイラGSフット・水,
5687,ザイラGPフット・水,
5688,ザイラブーツ・水,
5689,ザイラＦブーツ・水,
5690,ザイラFZブーツ・水,
5691,ザイラHSブーツ・水,
5692,ザイラGSブーツ・水,
5693,ザイラGPブーツ・水,
5694,ザイラフット・赤,Chausses Zaira rouges
5695,ザイラＦフット・赤,Chausses Zaira F rouges
5696,ザイラFZフット・赤,Chausses Zaira FZ rouges
5697,ザイラHSフット・赤,Chausses Zaira HS rouges
5698,ザイラGSフット・赤,Chausses Zaira GS rouges
5699,ザイラGPフット・赤,Chausses Zaira GP rouges
5700,ザイラブーツ・赤,Bottes Zaira rouges
5701,ザイラＦブーツ・赤,Bottes Zaira F rouges
5702,ザイラFZブーツ・赤,Bottes Zaira FZ rouges
5703,ザイラHSブーツ・赤,Bottes Zaira HS rouges
5704,ザイラGSブーツ・赤,Bottes Zaira GS rouges
5705,ザイラGPブーツ・赤,Bottes Zaira GP rouges
5706,ザイラフット・碧,Chausses Zaira émeraude
5707,ザイラＦフット・碧,Chausses Zaira F émeraude
5708,ザイラFZフット・碧,Chausses Zaira FZ émeraude
5709,ザイラHSフット・碧,Chausses Zaira HS émeraude
5710,ザイラGSフット・碧,Chausses Zaira GS émeraude
5711,ザイラGPフット・碧,Chausses Zaira GP émeraude
5712,ザイラブーツ・碧,Bottes Zaira émeraude
5713,ザイラＦブーツ・碧,Bottes Zaira F émeraude
5714,ザイラFZブーツ・碧,Bottes Zaira FZ émeraude
5715,ザイラHSブーツ・碧,Bottes Zaira HS émeraude
5716,ザイラGSブーツ・碧,Bottes Zaira GS émeraude
5717,ザイラGPブーツ・碧,Bottes Zaira GP émeraude
5718,キャロルフット・黒,Chausses Carol noires
5719,キャロルＦフット・黒,Chausses Carol F noires
5720,キャロルFZフット・黒,Chausses Carol FZ noires
5721,キャロルHSフット・黒,Chausses Carol HS noires
5722,キャロルGSフット・黒,Chausses Carol GS noires
5723,キャロルGPフット・黒,Chausses Carol GP noires
5724,キャロルブーツ・黒,Bottes Carol noires
5725,キャロルＦブーツ・黒,Bottes Carol F noires
5726,キャロルFZブーツ・黒,Bottes Carol FZ noires
5727,キャロルHSブーツ・黒,Bottes Carol HS noires
5728,キャロルGSブーツ・黒,Bottes Carol GS noires
5729,キャロルGPブーツ・黒,Bottes Carol GP noires
5730,キャロルフット・青,Chausses Carol bleues
5731,キャロルＦフット・青,Chausses Carol F bleues
5732,キャロルFZフット・青,Chausses Carol FZ bleues
5733,キャロルHSフット・青,Chausses Carol HS bleues
5734,キャロルGSフット・青,Chausses Carol GS bleues
5735,キャロルGPフット・青,Chausses Carol GP bleues
5736,キャロルブーツ・青,Bottes Carol bleues
5737,キャロルＦブーツ・青,Bottes Carol F bleues
5738,キャロルFZブーツ・青,Bottes Carol FZ bleues
5739,キャロルHSブーツ・青,Bottes Carol HS bleues
5740,キャロルGSブーツ・青,Bottes Carol GS bleues
5741,キャロルGPブーツ・青,Bottes Carol GP bleues
5742,キャロルフット・白,Chausses Carol blanches
5743,キャロルＦフット・白,Chausses Carol F blanches
5744,キャロルFZフット・白,Chausses Carol FZ blanches
5745,キャロルHSフット・白,Chausses Carol HS blanches
5746,キャロルGSフット・白,Chausses Carol GS blanches
5747,キャロルGPフット・白,Chausses Carol GP blanches
5748,キャロルブーツ・白,Bottes Carol blanches
5749,キャロルＦブーツ・白,Bottes Carol F blanches
5750,キャロルFZブーツ・白,Bottes Carol FZ blanches
5751,キャロルHSブーツ・白,Bottes Carol HS blanches
5752,キャロルGSブーツ・白,Bottes Carol GS blanches
5753,キャロルGPブーツ・白,Bottes Carol GP blanches
5754,キャロルフット・赤,Chausses Carol rouges
5755,キャロルＦフット・赤,Chausses Carol F rouges
5756,キャロルFZフット・赤,Chausses Carol FZ rouges
5757,キャロルHSフット・赤,Chausses Carol HS rouges
5758,キャロルGSフット・赤,Chausses Carol GS rouges
5759,キャロルGPフット・赤,Chausses Carol GP rouges
5760,キャロルブーツ・赤,Bottes Carol rouges
5761,キャロルＦブーツ・赤,Bottes Carol F rouges
5762,キャロルFZブーツ・赤,Bottes Carol FZ rouges
5763,キャロルHSブーツ・赤,Bottes Carol HS rouges
5764,キャロルGSブーツ・赤,Bottes Carol GS rouges
5765,キャロルGPブーツ・赤,Bottes Carol GP rouges
5766,セレナフット・紫,Chausses Serena violettes
5767,セレナＦフット・紫,Chausses Serena F violettes
5768,セレナFZフット・紫,Chausses Serena FZ violettes
5769,セレナHSフット・紫,Chausses Serena HS violettes
5770,セレナGSフット・紫,Chausses Serena GS violettes
5771,セレナGPフット・紫,Chausses Serena GP violettes
5772,セレナブーツ・紫,Bottes Serena violettes
5773,セレナＦブーツ・紫,Bottes Serena F violettes
5774,セレナFZブーツ・紫,Bottes Serena FZ violettes
5775,セレナHSブーツ・紫,Bottes Serena HS violettes
5776,セレナGSブーツ・紫,Bottes Serena GS violettes
5777,セレナGPブーツ・紫,Bottes Serena GP violettes
5778,セレナフット・青,Chausses Serena bleues
5779,セレナＦフット・青,Chausses Serena F bleues
5780,セレナFZフット・青,Chausses Serena FZ bleues
5781,セレナHSフット・青,Chausses Serena HS bleues
5782,セレナGSフット・青,Chausses Serena GS bleues
5783,セレナGPフット・青,Chausses Serena GP bleues
5784,セレナブーツ・青,Bottes Serena bleues
5785,セレナＦブーツ・青,Bottes Serena F bleues
5786,セレナFZブーツ・青,Bottes Serena FZ bleues
5787,セレナHSブーツ・青,Bottes Serena HS bleues
5788,セレナGSブーツ・青,Bottes Serena GS bleues
5789,セレナGPブーツ・青,Bottes Serena GP bleues
5790,セレナフット・白,Chausses Serena blanches
5791,セレナＦフット・白,Chausses Serena F blanches
5792,セレナFZフット・白,Chausses Serena FZ blanches
5793,セレナHSフット・白,Chausses Serena HS blanches
5794,セレナGSフット・白,Chausses Serena GS blanches
5795,セレナGPフット・白,Chausses Serena GP blanches
5796,セレナブーツ・白,Bottes Serena blanches
5797,セレナＦブーツ・白,Bottes Serena F blanches
5798,セレナFZブーツ・白,Bottes Serena FZ blanches
5799,セレナHSブーツ・白,Bottes Serena HS blanches
5800,セレナGSブーツ・白,Bottes Serena GS blanches
5801,セレナGPブーツ・白,Bottes Serena GP blanches
5802,セレナフット・赤,Chausses Serena rouges
5803,セレナＦフット・赤,Chausses Serena F rouges
5804,セレナFZフット・赤,Chausses Serena FZ rouges
5805,セレナHSフット・赤,Chausses Serena HS rouges
5806,セレナGSフット・赤,Chausses Serena GS rouges
5807,セレナGPフット・赤,Chausses Serena GP rouges
5808,セレナブーツ・赤,Bottes Serena rouges
5809,セレナＦブーツ・赤,Bottes Serena F rouges
5810,セレナFZブーツ・赤,Bottes Serena FZ rouges
5811,セレナHSブーツ・赤,Bottes Serena HS rouges
5812,セレナGSブーツ・赤,Bottes Serena GS rouges
5813,セレナGPブーツ・赤,Bottes Serena GP rouges
5814,ニンバスレッグ,
5815,ニンバスＦレッグ,
5816,ニンバスFZレッグ,
5817,ニンバスHSレッグ,
5818,ニンバスGSレッグ,
5819,ニンバスGPレッグ,
5820,ニンバスブーツ,
5821,ニンバスＦブーツ,
5822,ニンバスFZブーツ,
5823,ニンバスHSブーツ,
5824,ニンバスGSブーツ,
5825,ニンバスGPブーツ,
5826,イクスFZフット・白,Chausses Ix FZ blanches
5827,イクスHSフット・白,Chausses Ix HS blanches
5828,イクスGSフット・白,Chausses Ix GS blanches
5829,イクスGPフット・白,Chausses Ix GP blanches
5830,イクスFZブーツ・白,Bottes Ix FZ blanches
5831,イクスHSブーツ・白,Bottes Ix HS blanches
5832,イクスGSブーツ・白,Bottes Ix GS blanches
5833,イクスGPブーツ・白,Bottes Ix GP blanches
5834,イクスFZフット・赤,Chausses Ix FZ rouges
5835,イクスHSフット・赤,Chausses Ix HS rouges
5836,イクスGSフット・赤,Chausses Ix GS rouges
5837,イクスGPフット・赤,Chausses Ix GP rouges
5838,イクスFZブーツ・赤,Bottes Ix FZ rouges
5839,イクスHSブーツ・赤,Bottes Ix HS rouges
5840,イクスGSブーツ・赤,Bottes Ix GS rouges
5841,イクスGPブーツ・赤,Bottes Ix GP rouges
5842,イクスFZフット・青,Chausses Ix FZ bleues
5843,イクスHSフット・青,Chausses Ix HS bleues
5844,イクスGSフット・青,Chausses Ix GS bleues
5845,イクスGPフット・青,Chausses Ix GP bleues
5846,イクスFZブーツ・青,Bottes Ix FZ bleues
5847,イクスHSブーツ・青,Bottes Ix HS bleues
5848,イクスGSブーツ・青,Bottes Ix GS bleues
5849,イクスGPブーツ・青,Bottes Ix GP bleues
5850,イクスFZフット・黒,Chausses Ix FZ noires
5851,イクスHSフット・黒,Chausses Ix HS noires
5852,イクスGSフット・黒,Chausses Ix GS noires
5853,イクスGPフット・黒,Chausses Ix GP noires
5854,イクスFZブーツ・黒,Bottes Ix FZ noires
5855,イクスHSブーツ・黒,Bottes Ix HS noires
5856,イクスGSブーツ・黒,Bottes Ix GS noires
5857,イクスGPブーツ・黒,Bottes Ix GP noires
5858,きんねこ服FZフット,
5859,きんねこ服HSフット,
5860,きんねこ服GSフット,
5861,きんねこ服GPフット,
5862,きんねこ服FZブーツ,
5863,きんねこ服HSブーツ,
5864,きんねこ服GSブーツ,
5865,きんねこ服GPブーツ,
5866,ぎんねこ服FZフット,
5867,ぎんねこ服HSフット,
5868,ぎんねこ服GSフット,
5869,ぎんねこ服GPフット,
5870,ぎんねこ服FZブーツ,
5871,ぎんねこ服HSブーツ,
5872,ぎんねこ服GSブーツ,
5873,ぎんねこ服GPブーツ,
5874,クレールFZフット・紫,Chausses Clair FZ violettes
5875,クレールHSフット・紫,Chausses Clair HS violettes
5876,クレールGSフット・紫,Chausses Clair GS violettes
5877,クレールGPフット・紫,Chausses Clair GP violettes
5878,クレールFZブーツ・紫,Bottes Clair FZ violettes
5879,クレールHSブーツ・紫,Bottes Clair HS violettes
5880,クレールGSブーツ・紫,Bottes Clair GS violettes
5881,クレールGPブーツ・紫,Bottes Clair GP violettes
5882,クレールFZフット・水,
5883,クレールHSフット・水,
5884,クレールGSフット・水,
5885,クレールGPフット・水,
5886,クレールFZブーツ・水,
5887,クレールHSブーツ・水,
5888,クレールGSブーツ・水,
5889,クレールGPブーツ・水,
5890,クレールFZフット・赤,Chausses Clair FZ rouges
5891,クレールHSフット・赤,Chausses Clair HS rouges
5892,クレールGSフット・赤,Chausses Clair GS rouges
5893,クレールGPフット・赤,Chausses Clair GP rouges
5894,クレールFZブーツ・赤,Bottes Clair FZ rouges
5895,クレールHSブーツ・赤,Bottes Clair HS rouges
5896,クレールGSブーツ・赤,Bottes Clair GS rouges
5897,クレールGPブーツ・赤,Bottes Clair GP rouges
5898,クレールFZフット・黒,Chausses Clair FZ noires
5899,クレールHSフット・黒,Chausses Clair HS noires
5900,クレールGSフット・黒,Chausses Clair GS noires
5901,クレールGPフット・黒,Chausses Clair GP noires
5902,クレールFZブーツ・黒,Bottes Clair FZ noires
5903,クレールHSブーツ・黒,Bottes Clair HS noires
5904,クレールGSブーツ・黒,Bottes Clair GS noires
5905,クレールGPブーツ・黒,Bottes Clair GP noires
5906,テクストHSフット・紫,Chausses Texte HS violettes
5907,テクストGSフット・紫,Chausses Texte GS violettes
5908,テクストGPフット・紫,Chausses Texte GP violettes
5909,テクストHSブーツ・紫,Bottes Texte HS violettes
5910,テクストGSブーツ・紫,Bottes Texte GS violettes
5911,テクストGPブーツ・紫,Bottes Texte GP violettes
5912,テクストHSフット・緑,Chausses Texte HS vertes
5913,テクストGSフット・緑,Chausses Texte GS vertes
5914,テクストGPフット・緑,Chausses Texte GP vertes
5915,テクストHSブーツ・緑,Bottes Texte HS vertes
5916,テクストGSブーツ・緑,Bottes Texte GS vertes
5917,テクストGPブーツ・緑,Bottes Texte GP vertes
5918,テクストHSフット・青,Chausses Texte HS bleues
5919,テクストGSフット・青,Chausses Texte GS bleues
5920,テクストGPフット・青,Chausses Texte GP bleues
5921,テクストHSブーツ・青,Bottes Texte HS bleues
5922,テクストGSブーツ・青,Bottes Texte GS bleues
5923,テクストGPブーツ・青,Bottes Texte GP bleues
5924,テクストHSフット・黒,Chausses Texte HS noires
5925,テクストGSフット・黒,Chausses Texte GS noires
5926,テクストGPフット・黒,Chausses Texte GP noires
5927,テクストHSブーツ・黒,Bottes Texte HS noires
5928,テクストGSブーツ・黒,Bottes Texte GS noires
5929,テクストGPブーツ・黒,Bottes Texte GP noires
5930,カウチュHSフット・灰,
5931,カウチュGSフット・灰,
5932,カウチュGPフット・灰,
5933,カウチュHSブーツ・灰,
5934,カウチュGSブーツ・灰,
5935,カウチュGPブーツ・灰,
5936,カウチュHSフット・青,Chausses Kauchu HS bleues
5937,カウチュGSフット・青,Chausses Kauchu GS bleues
5938,カウチュGPフット・青,Chausses Kauchu GP bleues
5939,カウチュHSブーツ・青,Bottes Kauchu HS bleues
5940,カウチュGSブーツ・青,Bottes Kauchu GS bleues
5941,カウチュGPブーツ・青,Bottes Kauchu GP bleues
5942,カウチュHSフット・橙,Chausses Kauchu HS orange
5943,カウチュGSフット・橙,Chausses Kauchu GS orange
5944,カウチュGPフット・橙,Chausses Kauchu GP orange
5945,カウチュHSブーツ・橙,Bottes Kauchu HS orange
5946,カウチュGSブーツ・橙,Bottes Kauchu GS orange
5947,カウチュGPブーツ・橙,Bottes Kauchu GP orange
5948,カウチュHSフット・緑,Chausses Kauchu HS vertes
5949,カウチュGSフット・緑,Chausses Kauchu GS vertes
5950,カウチュGPフット・緑,Chausses Kauchu GP vertes
5951,カウチュHSブーツ・緑,Bottes Kauchu HS vertes
5952,カウチュGSブーツ・緑,Bottes Kauchu GS vertes
5953,カウチュGPブーツ・緑,Bottes Kauchu GP vertes
5954,アルマFZフット・黒,Chausses Alma FZ noires
5955,アルマHSフット・黒,Chausses Alma HS noires
5956,アルマGSフット・黒,Chausses Alma GS noires
5957,アルマGPフット・黒,Chausses Alma GP noires
5958,アルマFZブーツ・黒,Bottes Alma FZ noires
5959,アルマHSブーツ・黒,Bottes Alma HS noires
5960,アルマGSブーツ・黒,Bottes Alma GS noires
5961,アルマGPブーツ・黒,Bottes Alma GP noires
5962,アルマFZフット・白,Chausses Alma FZ blanches
5963,アルマHSフット・白,Chausses Alma HS blanches
5964,アルマGSフット・白,Chausses Alma GS blanches
5965,アルマGPフット・白,Chausses Alma GP blanches
5966,アルマFZブーツ・白,Bottes Alma FZ blanches
5967,アルマHSブーツ・白,Bottes Alma HS blanches
5968,アルマGSブーツ・白,Bottes Alma GS blanches
5969,アルマGPブーツ・白,Bottes Alma GP blanches
5970,アルマFZフット・青,Chausses Alma FZ bleues
5971,アルマHSフット・青,Chausses Alma HS bleues
5972,アルマGSフット・青,Chausses Alma GS bleues
5973,アルマGPフット・青,Chausses Alma GP bleues
5974,アルマFZブーツ・青,Bottes Alma FZ bleues
5975,アルマHSブーツ・青,Bottes Alma HS bleues
5976,アルマGSブーツ・青,Bottes Alma GS bleues
5977,アルマGPブーツ・青,Bottes Alma GP bleues
5978,アルマFZフット・茶,Chausses Alma FZ brunes
5979,アルマHSフット・茶,Chausses Alma HS brunes
5980,アルマGSフット・茶,Chausses Alma GS brunes
5981,アルマGPフット・茶,Chausses Alma GP brunes
5982,アルマFZブーツ・茶,Bottes Alma FZ brunes
5983,アルマHSブーツ・茶,Bottes Alma HS brunes
5984,アルマGSブーツ・茶,Bottes Alma GS brunes
5985,アルマGPブーツ・茶,Bottes Alma GP brunes
5986,シエナHSグリーヴ・銀,Grèves Sienne HS argentées
5987,シエナGSグリーヴ・銀,Grèves Sienne GS argentées
5988,シエナGPグリーヴ・銀,Grèves Sienne GP argentées
5989,シエナHSレギンス・銀,Jambières Sienne HS argentées
5990,シエナGSレギンス・銀,Jambières Sienne GS argentées
5991,シエナGPレギンス・銀,Jambières Sienne GP argentées
5992,シエナHSグリーヴ・黒,Grèves Sienne HS noires
5993,シエナGSグリーヴ・黒,Grèves Sienne GS noires
5994,シエナGPグリーヴ・黒,Grèves Sienne GP noires
5995,シエナHSレギンス・黒,Jambières Sienne HS noires
5996,シエナGSレギンス・黒,Jambières Sienne GS noires
5997,シエナGPレギンス・黒,Jambières Sienne GP noires
5998,シエナHSグリーヴ・赤,Grèves Sienne HS rouges
5999,シエナGSグリーヴ・赤,Grèves Sienne GS rouges
6000,シエナGPグリーヴ・赤,Grèves Sienne GP rouges
6001,シエナHSレギンス・赤,Jambières Sienne HS rouges
6002,シエナGSレギンス・赤,Jambières Sienne GS rouges
6003,シエナGPレギンス・赤,Jambières Sienne GP rouges
6004,シエナHSグリーヴ・青,Grèves Sienne HS bleues
6005,シエナGSグリーヴ・青,Grèves Sienne GS bleues
6006,シエナGPグリーヴ・青,Grèves Sienne GP bleues
6007,シエナHSレギンス・青,Jambières Sienne HS bleues
6008,シエナGSレギンス・青,Jambières Sienne GS bleues
6009,シエナGPレギンス・青,Jambières Sienne GP bleues
6010,クロースGSフット・赤,Chausses Étoffe GS rouges
6011,クロースGPフット・赤,Chausses Étoffe GP rouges
6012,クロースGSブーツ・赤,Bottes Étoffe GS rouges
6013,クロースGPブーツ・赤,Bottes Étoffe GP rouges
6014,クロースGSフット・青,Chausses Étoffe GS bleues
6015,クロースGPフット・青,Chausses Étoffe GP bleues
6016,クロースGSブーツ・青,Bottes Étoffe GS bleues
6017,クロースGPブーツ・青,Bottes Étoffe GP bleues
6018,クロースGSフット・紫,Chausses Étoffe GS violettes
6019,クロースGPフット・紫,Chausses Étoffe GP violettes
6020,クロースGSブーツ・紫,Bottes Étoffe GS violettes
6021,クロースGPブーツ・紫,Bottes Étoffe GP violettes
6022,クロースGSフット・緑,Chausses Étoffe GS vertes
6023,クロースGPフット・緑,Chausses Étoffe GP vertes
6024,クロースGSブーツ・緑,Bottes Étoffe GS vertes
6025,クロースGPブーツ・緑,Bottes Étoffe GP vertes
6026,マイストFZフット・紅,Chausses Maist FZ cramoisies
6027,マイストHSフット・紅,Chausses Maist HS cramoisies
6028,マイストGSフット・紅,Chausses Maist GS cramoisies
6029,マイストGPフット・紅,Chausses Maist GP cramoisies
6030,マイストFZブーツ・紅,Bottes Maist FZ cramoisies
6031,マイストHSブーツ・紅,Bottes Maist HS cramoisies
6032,マイストGSブーツ・紅,Bottes Maist GS cramoisies
6033,マイストGPブーツ・紅,Bottes Maist GP cramoisies
6034,マイストFZフット・緑,Chausses Maist FZ vertes
6035,マイストHSフット・緑,Chausses Maist HS vertes
6036,マイストGSフット・緑,Chausses Maist GS vertes
6037,マイストGPフット・緑,Chausses Maist GP vertes
6038,マイストFZブーツ・緑,Bottes Maist FZ vertes
6039,マイストHSブーツ・緑,Bottes Maist HS vertes
6040,マイストGSブーツ・緑,Bottes Maist GS vertes
6041,マイストGPブーツ・緑,Bottes Maist GP vertes
6042,マイストFZフット・蒼,Chausses Maist FZ azur
6043,マイストHSフット・蒼,Chausses Maist HS azur
6044,マイストGSフット・蒼,Chausses Maist GS azur
6045,マイストGPフット・蒼,Chausses Maist GP azur
6046,マイストFZブーツ・蒼,Bottes Maist FZ azur
6047,マイストHSブーツ・蒼,Bottes Maist HS azur
6048,マイストGSブーツ・蒼,Bottes Maist GS azur
6049,マイストGPブーツ・蒼,Bottes Maist GP azur
6050,マイストFZフット・桜,
6051,マイストHSフット・桜,
6052,マイストGSフット・桜,
6053,マイストGPフット・桜,
6054,マイストFZブーツ・桜,
6055,マイストHSブーツ・桜,
6056,マイストGSブーツ・桜,
6057,マイストGPブーツ・桜,
6058,カエシスHSフット水,
6059,カエシスGSフット水,
6060,カエシスGPフット水,
6061,カエシスHSレギンス水,
6062,カエシスGSレギンス水,
6063,カエシスGPレギンス水,
6064,カエシスHSフット赤,Chausses Cayssis HS rouges
6065,カエシスGSフット赤,Chausses Cayssis GS rouges
6066,カエシスGPフット赤,Chausses Cayssis GP rouges
6067,カエシスHSレギンス赤,Jambières Cayssis HS rouges
6068,カエシスGSレギンス赤,Jambières Cayssis GS rouges
6069,カエシスGPレギンス赤,Jambières Cayssis GP rouges
6070,カエシスHSフット青,Chausses Cayssis HS bleues
6071,カエシスGSフット青,Chausses Cayssis GS bleues
6072,カエシスGPフット青,Chausses Cayssis GP bleues
6073,カエシスHSレギンス青,Jambières Cayssis HS bleues
6074,カエシスGSレギンス青,Jambières Cayssis GS bleues
6075,カエシスGPレギンス青,Jambières Cayssis GP bleues
6076,カエシスHSフット橙,Chausses Cayssis HS orange
6077,カエシスGSフット橙,Chausses Cayssis GS orange
6078,カエシスGPフット橙,Chausses Cayssis GP orange
6079,カエシスHSレギンス橙,Jambières Cayssis HS orange
6080,カエシスGSレギンス橙,Jambières Cayssis GS orange
6081,カエシスGPレギンス橙,Jambières Cayssis GP orange
6082,パンデウムHSレッグ,
6083,パンデウムGSレッグ,
6084,パンデウムGPレッグ,
6085,パンデウムHSブーツ,Bottes Pandeum HS
6086,パンデウムGSブーツ,Bottes Pandeum GS
6087,パンデウムGPブーツ,Bottes Pandeum GP
6088,ディアンHSレッグ,
6089,ディアンGSレッグ,
6090,ディアンGPレッグ,
6091,ディアンHSブーツ,Bottes Dian HS
6092,ディアンGSブーツ,Bottes Dian GS
6093,ディアンGPブーツ,Bottes Dian GP
6094,ワイルドHSレッグ,
6095,ワイルドGSレッグ,
6096,ワイルドGPレッグ,
6097,ワイルドHSブーツ,Bottes Sauvage HS
6098,ワイルドGSブーツ,Bottes Sauvage GS
6099,ワイルドGPブーツ,Bottes Sauvage GP
6100,フラウアHSレッグ,
6101,フラウアGSレッグ,
6102,フラウアGPレッグ,
6103,フラウアHSブーツ,Bottes Fleur HS
6104,フラウアGSブーツ,Bottes Fleur GS
6105,フラウアGPブーツ,Bottes Fleur GP
6106,テューンHSレッグ,
6107,テューンGSレッグ,
6108,テューンGPレッグ,
6109,シュナイトHSブーツ,Bottes Schnite HS
6110,シュナイトGSブーツ,Bottes Schnite GS
6111,シュナイトGPブーツ,Bottes Schnite GP
6112,ディクトHSレッグ,
6113,ディクトGSレッグ,
6114,ディクトGPレッグ,
6115,ディレットHSブーツ,Bottes Diletto HS
6116,ディレットGSブーツ,Bottes Diletto GS
6117,ディレットGPブーツ,Bottes Diletto GP
6118,キュビィHSフット,Chausses Cubie HS
6119,キュビィGSフット,Chausses Cubie GS
6120,キュビィGPフット,Chausses Cubie GP
6121,キュビィHSレギンス,Jambières Cubie HS
6122,キュビィGSレギンス,Jambières Cubie GS
6123,キュビィGPレギンス,Jambières Cubie GP
6124,ケモルHSフット,Chausses Kemor HS
6125,ケモルGSフット,Chausses Kemor GS
6126,ケモルGPフット,Chausses Kemor GP
6127,ケモルHSレギンス,Jambières Kemor HS
6128,ケモルGSレギンス,Jambières Kemor GS
6129,ケモルGPレギンス,Jambières Kemor GP
6130,スリートGPフット・黄,Chausses Grésil GP jaunes
6131,スリートGPブーツ・黄,Bottes Grésil GP jaunes
6132,スリートGPフット・銀,Chausses Grésil GP argentées
6133,スリートGPブーツ・銀,Bottes Grésil GP argentées
6134,スリートGPフット・赤,Chausses Grésil GP rouges
6135,スリートGPブーツ・赤,Bottes Grésil GP rouges
6136,スリートGPフット・青,Chausses Grésil GP bleues
6137,スリートGPブーツ・青,Bottes Grésil GP bleues
6138,ガリトスGPフット・茶,Chausses Garitos GP brunes
6139,ガリトスGPブーツ・茶,Bottes Garitos GP brunes
6140,ガリトスGPフット・赤,Chausses Garitos GP rouges
6141,ガリトスGPブーツ・赤,Bottes Garitos GP rouges
6142,ガリトスGPフット・黒,Chausses Garitos GP noires
6143,ガリトスGPブーツ・黒,Bottes Garitos GP noires
6144,ガリトスGPフット・水,
6145,ガリトスGPブーツ・水,
6146,リアンGPフット・青,Chausses Rian GP bleues
6147,リアンGPブーツ・青,Bottes Rian GP bleues
6148,リアンGPフット・赤,Chausses Rian GP rouges
6149,リアンGPブーツ・赤,Bottes Rian GP rouges
6150,リアンGPフット・黒,Chausses Rian GP noires
6151,リアンGPブーツ・黒,Bottes Rian GP noires
6152,リアンGPフット・白,Chausses Rian GP blanches
6153,リアンGPブーツ・白,Bottes Rian GP blanches
6154,メレティGPフット・白,Chausses Meleti GP blanches
6155,メレティGPブーツ・白,Bottes Meleti GP blanches
6156,メレティGPフット・赤,Chausses Meleti GP rouges
6157,メレティGPブーツ・赤,Bottes Meleti GP rouges
6158,メレティGPフット・青,Chausses Meleti GP bleues
6159,メレティGPブーツ・青,Bottes Meleti GP bleues
6160,メレティGPフット・黒,Chausses Meleti GP noires
6161,メレティGPブーツ・黒,Bottes Meleti GP noires
6162,ステノGPグリーヴ・橙,Grèves Stheno GP orange
6163,ステノGPレギンス・橙,Jambières Stheno GP orange
6164,ステノGPグリーヴ・桃,Grèves Stheno GP roses
6165,ステノGPレギンス・桃,Jambières Stheno GP roses
6166,ステノGPグリーヴ・青,Grèves Stheno GP bleues
6167,ステノGPレギンス・青,Jambières Stheno GP bleues
6168,ステノGPグリーヴ・赤,Grèves Stheno GP rouges
6169,ステノGPレギンス・赤,Jambières Stheno GP rouges
6170,星祭GP足袋【赤】,
6171,七夕GP足袋【赤】,
6172,星祭GP足袋【青】,
6173,七夕GP足袋【青】,
6174,星祭GP足袋【黒】,
6175,七夕GP足袋【黒】,
6176,星祭GP足袋【白】,
6177,七夕GP足袋【白】,
6178,ダミー,
6179,ダミー,
6180,ダミー,
6181,ダミー,
6182,ダミー,
6183,ダミー,
6184,ヒストリアグリーヴ,Grèves Historia
6185,ヒストリアＦグリーヴ,Grèves Historia F
6186,ヒストリアFZグリーヴ,Grèves Historia FZ
6187,ヒストリアHSグリーヴ,Grèves Historia HS
6188,ヒストリアGSグリーヴ,Grèves Historia GS
6189,ヒストリアGPグリーヴ,Grèves Historia GP
6190,ヒストリアレギンス,Jambières Historia
6191,ヒストリアＦレギンス,Jambières Historia F
6192,ヒストリアFZレギンス,Jambières Historia FZ
6193,ヒストリアHSレギンス,Jambières Historia HS
6194,ヒストリアGSレギンス,Jambières Historia GS
6195,ヒストリアGPレギンス,Jambières Historia GP
6196,フロルレッグ,
6197,フロルＦレッグ,
6198,フロルFXレッグ,
6199,フロルＧレッグ,
6200,フロルGFレッグ,
6201,フロルブーツ,Bottes Furoru
6202,フロルＦブーツ,Bottes Furoru F
6203,フロルFXブーツ,Bottes Furoru FX
6204,フロルＧブーツ,Bottes Furoru G
6205,フロルGFブーツ,Bottes Furoru GF
6206,フランキーＧレッグ,
6207,フランキーGFレッグ,
6208,フランキーGXレッグ,
6209,フランキーＧブーツ,Bottes Franky G
6210,フランキーGFブーツ,Bottes Franky GF
6211,フランキーGXブーツ,Bottes Franky GX
6212,ディオレグリーヴ,Grèves Diore
6213,ディオレＦグリーヴ,Grèves Diore F
6214,ディオレFXグリーヴ,Grèves Diore FX
6215,ディオレＧグリーヴ,Grèves Diore G
6216,ディオレGFグリーヴ,Grèves Diore GF
6217,ディオレレギンス,Jambières Diore
6218,ディオレＦレギンス,Jambières Diore F
6219,ディオレFXレギンス,Jambières Diore FX
6220,ディオレＧレギンス,Jambières Diore G
6221,ディオレGFレギンス,Jambières Diore GF
6222,神楽Ｇ【袴】,
6223,神楽GF【袴】,
6224,神楽GX【袴】,
6225,神座Ｇ【袴】,
6226,神座GF【袴】,
6227,神座GX【袴】,
6228,ジェビアＧグリーヴ,Grèves Jebia G
6229,ジェビアGFグリーヴ,Grèves Jebia GF
6230,ジェビアGXグリーヴ,Grèves Jebia GX
6231,ジェビアＧレギンス,Jambières Jebia G
6232,ジェビアGFレギンス,Jambières Jebia GF
6233,ジェビアGXレギンス,Jambières Jebia GX
6234,ソルＧグリーヴ,
6235,ソルGFグリーヴ,
6236,ソルGXグリーヴ,
6237,ソルＧレギンス,
6238,ソルGFレギンス,
6239,ソルGXレギンス,
6240,バルカンＧフット,Chausses Vulcan G
6241,バルカンGFフット,Chausses Vulcan GF
6242,バルカンGXフット,Chausses Vulcan GX
6243,バルカンＧレグス,
6244,バルカンGFレグス,
6245,バルカンGXレグス,
6246,アルゴルGFグリーヴ,Grèves Algol GF
6247,アルゴルGFレギンス,Jambières Algol GF
6248,オディバGFグリーヴ,Grèves Odiva GF
6249,オディバGFレギンス,Jambières Odiva GF
6250,白虎・剣聖GXフット,
6251,朱雀・剣聖GXフット,
6252,玄武・剣聖GXフット,
6253,青龍・剣聖GXフット,
6254,白虎・双龍GXフット,
6255,朱雀・双龍GXフット,
6256,玄武・双龍GXフット,
6257,青龍・双龍GXフット,
6258,白虎・剣王GXフット,
6259,朱雀・剣王GXフット,
6260,玄武・剣王GXフット,
6261,青龍・剣王GXフット,
6262,白虎・刀神GXフット,
6263,朱雀・刀神GXフット,
6264,玄武・刀神GXフット,
6265,青龍・刀神GXフット,
6266,白虎・天槍GXフット,
6267,朱雀・天槍GXフット,
6268,玄武・天槍GXフット,
6269,青龍・天槍GXフット,
6270,白虎・砲皇GXフット,
6271,朱雀・砲皇GXフット,
6272,玄武・砲皇GXフット,
6273,青龍・砲皇GXフット,
6274,白虎・鈍器獣GXフット,
6275,朱雀・鈍器獣GXフット,
6276,玄武・鈍器獣GXフット,
6277,青龍・鈍器獣GXフット,
6278,白虎・奏帝GXフット,
6279,朱雀・奏帝GXフット,
6280,玄武・奏帝GXフット,
6281,青龍・奏帝GXフット,
6282,白虎・銃傑GXブーツ,
6283,朱雀・銃傑GXブーツ,
6284,玄武・銃傑GXブーツ,
6285,青龍・銃傑GXブーツ,
6286,白虎・銃仙GXブーツ,
6287,朱雀・銃仙GXブーツ,
6288,玄武・銃仙GXブーツ,
6289,青龍・銃仙GXブーツ,
6290,白虎・弓鬼GXブーツ,
6291,朱雀・弓鬼GXブーツ,
6292,玄武・弓鬼GXブーツ,
6293,青龍・弓鬼GXブーツ,
6294,ヒスイグリーヴ,Grèves Hisui
6295,ヒスイＦグリーヴ,Grèves Hisui F
6296,ヒスイFXグリーヴ,Grèves Hisui FX
6297,ブラッドグリーヴ,Grèves Sang
6298,ブラッドＦグリーヴ,Grèves Sang F
6299,ブラッドFXグリーヴ,Grèves Sang FX
6300,白虎・穿凰Ｇフット,
6301,白虎・穿凰GFフット,
6302,白虎・穿凰GXフット,
6303,朱雀・穿凰Ｇフット,
6304,朱雀・穿凰GFフット,
6305,朱雀・穿凰GXフット,
6306,玄武・穿凰Ｇフット,
6307,玄武・穿凰GFフット,
6308,玄武・穿凰GXフット,
6309,青龍・穿凰Ｇフット,
6310,青龍・穿凰GFフット,
6311,青龍・穿凰GXフット,
6312,オナブルフット・赤,Chausses Onable rouges
6313,オナブルＦフット・赤,Chausses Onable F rouges
6314,オナブルFZフット・赤,Chausses Onable FZ rouges
6315,オナブルHSフット・赤,Chausses Onable HS rouges
6316,オナブルGSフット・赤,Chausses Onable GS rouges
6317,オナブルGPフット・赤,Chausses Onable GP rouges
6318,オナブルブーツ・赤,Bottes Onable rouges
6319,オナブルＦブーツ・赤,Bottes Onable F rouges
6320,オナブルFZブーツ・赤,Bottes Onable FZ rouges
6321,オナブルHSブーツ・赤,Bottes Onable HS rouges
6322,オナブルGSブーツ・赤,Bottes Onable GS rouges
6323,オナブルGPブーツ・赤,Bottes Onable GP rouges
6324,オナブルフット・青,Chausses Onable bleues
6325,オナブルＦフット・青,Chausses Onable F bleues
6326,オナブルFZフット・青,Chausses Onable FZ bleues
6327,オナブルHSフット・青,Chausses Onable HS bleues
6328,オナブルGSフット・青,Chausses Onable GS bleues
6329,オナブルGPフット・青,Chausses Onable GP bleues
6330,オナブルブーツ・青,Bottes Onable bleues
6331,オナブルＦブーツ・青,Bottes Onable F bleues
6332,オナブルFZブーツ・青,Bottes Onable FZ bleues
6333,オナブルHSブーツ・青,Bottes Onable HS bleues
6334,オナブルGSブーツ・青,Bottes Onable GS bleues
6335,オナブルGPブーツ・青,Bottes Onable GP bleues
6336,オナブルフット・緑,Chausses Onable vertes
6337,オナブルＦフット・緑,Chausses Onable F vertes
6338,オナブルFZフット・緑,Chausses Onable FZ vertes
6339,オナブルHSフット・緑,Chausses Onable HS vertes
6340,オナブルGSフット・緑,Chausses Onable GS vertes
6341,オナブルGPフット・緑,Chausses Onable GP vertes
6342,オナブルブーツ・緑,Bottes Onable vertes
6343,オナブルＦブーツ・緑,Bottes Onable F vertes
6344,オナブルFZブーツ・緑,Bottes Onable FZ vertes
6345,オナブルHSブーツ・緑,Bottes Onable HS vertes
6346,オナブルGSブーツ・緑,Bottes Onable GS vertes
6347,オナブルGPブーツ・緑,Bottes Onable GP vertes
6348,オナブルフット・紺,
6349,オナブルＦフット・紺,
6350,オナブルFZフット・紺,
6351,オナブルHSフット・紺,
6352,オナブルGSフット・紺,
6353,オナブルGPフット・紺,
6354,オナブルブーツ・紺,
6355,オナブルＦブーツ・紺,
6356,オナブルFZブーツ・紺,
6357,オナブルHSブーツ・紺,
6358,オナブルGSブーツ・紺,
6359,オナブルGPブーツ・紺,
6360,シェリフフット・茶,Chausses Sherif brunes
6361,シェリフＦフット・茶,Chausses Sherif F brunes
6362,シェリフFZフット・茶,Chausses Sherif FZ brunes
6363,シェリフHSフット・茶,Chausses Sherif HS brunes
6364,シェリフGSフット・茶,Chausses Sherif GS brunes
6365,シェリフGPフット・茶,Chausses Sherif GP brunes
6366,シェリフブーツ・茶,Bottes Sherif brunes
6367,シェリフＦブーツ・茶,Bottes Sherif F brunes
6368,シェリフFZブーツ・茶,Bottes Sherif FZ brunes
6369,シェリフHSブーツ・茶,Bottes Sherif HS brunes
6370,シェリフGSブーツ・茶,Bottes Sherif GS brunes
6371,シェリフGPブーツ・茶,Bottes Sherif GP brunes
6372,シェリフフット・黒,Chausses Sherif noires
6373,シェリフＦフット・黒,Chausses Sherif F noires
6374,シェリフFZフット・黒,Chausses Sherif FZ noires
6375,シェリフHSフット・黒,Chausses Sherif HS noires
6376,シェリフGSフット・黒,Chausses Sherif GS noires
6377,シェリフGPフット・黒,Chausses Sherif GP noires
6378,シェリフブーツ・黒,Bottes Sherif noires
6379,シェリフＦブーツ・黒,Bottes Sherif F noires
6380,シェリフFZブーツ・黒,Bottes Sherif FZ noires
6381,シェリフHSブーツ・黒,Bottes Sherif HS noires
6382,シェリフGSブーツ・黒,Bottes Sherif GS noires
6383,シェリフGPブーツ・黒,Bottes Sherif GP noires
6384,シェリフフット・青,Chausses Sherif bleues
6385,シェリフＦフット・青,Chausses Sherif F bleues
6386,シェリフFZフット・青,Chausses Sherif FZ bleues
6387,シェリフHSフット・青,Chausses Sherif HS bleues
6388,シェリフGSフット・青,Chausses Sherif GS bleues
6389,シェリフGPフット・青,Chausses Sherif GP bleues
6390,シェリフブーツ・青,Bottes Sherif bleues
6391,シェリフＦブーツ・青,Bottes Sherif F bleues
6392,シェリフFZブーツ・青,Bottes Sherif FZ bleues
6393,シェリフHSブーツ・青,Bottes Sherif HS bleues
6394,シェリフGSブーツ・青,Bottes Sherif GS bleues
6395,シェリフGPブーツ・青,Bottes Sherif GP bleues
6396,シェリフフット・白,Chausses Sherif blanches
6397,シェリフＦフット・白,Chausses Sherif F blanches
6398,シェリフFZフット・白,Chausses Sherif FZ blanches
6399,シェリフHSフット・白,Chausses Sherif HS blanches
6400,シェリフGSフット・白,Chausses Sherif GS blanches
6401,シェリフGPフット・白,Chausses Sherif GP blanches
6402,シェリフブーツ・白,Bottes Sherif blanches
6403,シェリフＦブーツ・白,Bottes Sherif F blanches
6404,シェリフFZブーツ・白,Bottes Sherif FZ blanches
6405,シェリフHSブーツ・白,Bottes Sherif HS blanches
6406,シェリフGSブーツ・白,Bottes Sherif GS blanches
6407,シェリフGPブーツ・白,Bottes Sherif GP blanches
6408,月陽ノ袴,
6409,月陽ノ袴・Ｆ,
6410,月陽ノ袴・FZ,
6411,月陽ノ袴・HS,
6412,月陽ノ袴・GS,
6413,月陽ノ袴・GP,
6414,月陽ノ足袋,
6415,月陽ノ足袋・Ｆ,
6416,月陽ノ足袋・FZ,
6417,月陽ノ足袋・HS,
6418,月陽ノ足袋・GS,
6419,月陽ノ足袋・GP,
6420,ゾデックGSフット・青,Chausses Zodec GS bleues
6421,ゾデックGPフット・青,Chausses Zodec GP bleues
6422,ゾデックGSブーツ・青,Bottes Zodec GS bleues
6423,ゾデックGPブーツ・青,Bottes Zodec GP bleues
6424,ゾデックGSフット・茶,Chausses Zodec GS brunes
6425,ゾデックGPフット・茶,Chausses Zodec GP brunes
6426,ゾデックGSブーツ・茶,Bottes Zodec GS brunes
6427,ゾデックGPブーツ・茶,Bottes Zodec GP brunes
6428,ゾデックGSフット・緑,Chausses Zodec GS vertes
6429,ゾデックGPフット・緑,Chausses Zodec GP vertes
6430,ゾデックGSブーツ・緑,Bottes Zodec GS vertes
6431,ゾデックGPブーツ・緑,Bottes Zodec GP vertes
6432,ゾデックGSフット・桜,
6433,ゾデックGPフット・桜,
6434,ゾデックGSブーツ・桜,
6435,ゾデックGPブーツ・桜,
6436,ブリスFZブーツ【白】,Bottes Félicité FZ [白]
6437,ブリスHSブーツ【白】,Bottes Félicité HS [白]
6438,ブリスGSブーツ【白】,Bottes Félicité GS [白]
6439,ブリスGPブーツ【白】,Bottes Félicité GP [白]
6440,ブリスFZブーツ【青】,Bottes Félicité FZ [青]
6441,ブリスHSブーツ【青】,Bottes Félicité HS [青]
6442,ブリスGSブーツ【青】,Bottes Félicité GS [青]
6443,ブリスGPブーツ【青】,Bottes Félicité GP [青]
6444,ブリスFZブーツ【紫】,Bottes Félicité FZ [紫]
6445,ブリスHSブーツ【紫】,Bottes Félicité HS [紫]
6446,ブリスGSブーツ【紫】,Bottes Félicité GS [紫]
6447,ブリスGPブーツ【紫】,Bottes Félicité GP [紫]
6448,ブリスFZブーツ【黄】,Bottes Félicité FZ [黄]
6449,ブリスHSブーツ【黄】,Bottes Félicité HS [黄]
6450,ブリスGSブーツ【黄】,Bottes Félicité GS [黄]
6451,ブリスGPブーツ【黄】,Bottes Félicité GP [黄]
6452,しろねこ服FZブーツ,
6453,しろねこ服HSブーツ,
6454,しろねこ服GSブーツ,
6455,しろねこ服GPブーツ,
6456,ファランHSフット・白,Chausses Faran HS blanches
6457,ファランGSフット・白,Chausses Faran GS blanches
6458,ファランGPフット・白,Chausses Faran GP blanches
6459,ファランHSブーツ・白,Bottes Faran HS blanches
6460,ファランGSブーツ・白,Bottes Faran GS blanches
6461,ファランGPブーツ・白,Bottes Faran GP blanches
6462,ファランHSフット・黒,Chausses Faran HS noires
6463,ファランGSフット・黒,Chausses Faran GS noires
6464,ファランGPフット・黒,Chausses Faran GP noires
6465,ファランHSブーツ・黒,Bottes Faran HS noires
6466,ファランGSブーツ・黒,Bottes Faran GS noires
6467,ファランGPブーツ・黒,Bottes Faran GP noires
6468,ファランHSフット・赤,Chausses Faran HS rouges
6469,ファランGSフット・赤,Chausses Faran GS rouges
6470,ファランGPフット・赤,Chausses Faran GP rouges
6471,ファランHSブーツ・赤,Bottes Faran HS rouges
6472,ファランGSブーツ・赤,Bottes Faran GS rouges
6473,ファランGPブーツ・赤,Bottes Faran GP rouges
6474,ファランHSフット・青,Chausses Faran HS bleues
6475,ファランGSフット・青,Chausses Faran GS bleues
6476,ファランGPフット・青,Chausses Faran GP bleues
6477,ファランHSブーツ・青,Bottes Faran HS bleues
6478,ファランGSブーツ・青,Bottes Faran GS bleues
6479,ファランGPブーツ・青,Bottes Faran GP bleues
6480,グロリアGSフット・金,Chausses Gloria GS dorées
6481,グロリアGPフット・金,Chausses Gloria GP dorées
6482,グロリアGSブーツ・金,Bottes Gloria GS dorées
6483,グロリアGPブーツ・金,Bottes Gloria GP dorées
6484,グロリアGSフット・青,Chausses Gloria GS bleues
6485,グロリアGPフット・青,Chausses Gloria GP bleues
6486,グロリアGSブーツ・青,Bottes Gloria GS bleues
6487,グロリアGPブーツ・青,Bottes Gloria GP bleues
6488,グロリアGSフット・水,
6489,グロリアGPフット・水,
6490,グロリアGSブーツ・水,
6491,グロリアGPブーツ・水,
6492,グロリアGSフット・赤,Chausses Gloria GS rouges
6493,グロリアGPフット・赤,Chausses Gloria GP rouges
6494,グロリアGSブーツ・赤,Bottes Gloria GS rouges
6495,グロリアGPブーツ・赤,Bottes Gloria GP rouges
6496,蘭蛮の袴・FZ黄,
6497,蘭蛮の袴・HS黄,
6498,蘭蛮の袴・GS黄,
6499,蘭蛮の袴・GP黄,
6500,蘭蛮の履・FZ黄,
6501,蘭蛮の履・HS黄,
6502,蘭蛮の履・GS黄,
6503,蘭蛮の履・GP黄,
6504,蘭蛮の袴・FZ赤,
6505,蘭蛮の袴・HS赤,
6506,蘭蛮の袴・GS赤,
6507,蘭蛮の袴・GP赤,
6508,蘭蛮の履・FZ赤,
6509,蘭蛮の履・HS赤,
6510,蘭蛮の履・GS赤,
6511,蘭蛮の履・GP赤,
6512,蘭蛮の袴・FZ紫,
6513,蘭蛮の袴・HS紫,
6514,蘭蛮の袴・GS紫,
6515,蘭蛮の袴・GP紫,
6516,蘭蛮の履・FZ紫,
6517,蘭蛮の履・HS紫,
6518,蘭蛮の履・GS紫,
6519,蘭蛮の履・GP紫,
6520,蘭蛮の袴・FZ金,
6521,蘭蛮の袴・HS金,
6522,蘭蛮の袴・GS金,
6523,蘭蛮の袴・GP金,
6524,蘭蛮の履・FZ金,
6525,蘭蛮の履・HS金,
6526,蘭蛮の履・GS金,
6527,蘭蛮の履・GP金,
6528,フェルムFZフット・黒,Chausses Ferm FZ noires
6529,フェルムHSフット・黒,Chausses Ferm HS noires
6530,フェルムGSフット・黒,Chausses Ferm GS noires
6531,フェルムGPフット・黒,Chausses Ferm GP noires
6532,フェルムFZブーツ・黒,Bottes Ferm FZ noires
6533,フェルムHSブーツ・黒,Bottes Ferm HS noires
6534,フェルムGSブーツ・黒,Bottes Ferm GS noires
6535,フェルムGPブーツ・黒,Bottes Ferm GP noires
6536,フェルムFZフット・赤,Chausses Ferm FZ rouges
6537,フェルムHSフット・赤,Chausses Ferm HS rouges
6538,フェルムGSフット・赤,Chausses Ferm GS rouges
6539,フェルムGPフット・赤,Chausses Ferm GP rouges
6540,フェルムFZブーツ・赤,Bottes Ferm FZ rouges
6541,フェルムHSブーツ・赤,Bottes Ferm HS rouges
6542,フェルムGSブーツ・赤,Bottes Ferm GS rouges
6543,フェルムGPブーツ・赤,Bottes Ferm GP rouges
6544,フェルムFZフット・白,Chausses Ferm FZ blanches
6545,フェルムHSフット・白,Chausses Ferm HS blanches
6546,フェルムGSフット・白,Chausses Ferm GS blanches
6547,フェルムGPフット・白,Chausses Ferm GP blanches
6548,フェルムFZブーツ・白,Bottes Ferm FZ blanches
6549,フェルムHSブーツ・白,Bottes Ferm HS blanches
6550,フェルムGSブーツ・白,Bottes Ferm GS blanches
6551,フェルムGPブーツ・白,Bottes Ferm GP blanches
6552,フェルムFZフット・青,Chausses Ferm FZ bleues
6553,フェルムHSフット・青,Chausses Ferm HS bleues
6554,フェルムGSフット・青,Chausses Ferm GS bleues
6555,フェルムGPフット・青,Chausses Ferm GP bleues
6556,フェルムFZブーツ・青,Bottes Ferm FZ bleues
6557,フェルムHSブーツ・青,Bottes Ferm HS bleues
6558,フェルムGSブーツ・青,Bottes Ferm GS bleues
6559,フェルムGPブーツ・青,Bottes Ferm GP bleues
6560,トラスFZレギンス青,Jambières Truss FZ bleues
6561,トラスHSレギンス青,Jambières Truss HS bleues
6562,トラスGSレギンス青,Jambières Truss GS bleues
6563,トラスGPレギンス青,Jambières Truss GP bleues
6564,トラスFZシューズ青,
6565,トラスHSシューズ青,
6566,トラスGSシューズ青,
6567,トラスGPシューズ青,
6568,トラスFZレギンス赤,Jambières Truss FZ rouges
6569,トラスHSレギンス赤,Jambières Truss HS rouges
6570,トラスGSレギンス赤,Jambières Truss GS rouges
6571,トラスGPレギンス赤,Jambières Truss GP rouges
6572,トラスFZシューズ赤,
6573,トラスHSシューズ赤,
6574,トラスGSシューズ赤,
6575,トラスGPシューズ赤,
6576,トラスFZレギンス白,Jambières Truss FZ blanches
6577,トラスHSレギンス白,Jambières Truss HS blanches
6578,トラスGSレギンス白,Jambières Truss GS blanches
6579,トラスGPレギンス白,Jambières Truss GP blanches
6580,トラスFZシューズ白,
6581,トラスHSシューズ白,
6582,トラスGSシューズ白,
6583,トラスGPシューズ白,
6584,トラスFZレギンス紫,Jambières Truss FZ violettes
6585,トラスHSレギンス紫,Jambières Truss HS violettes
6586,トラスGSレギンス紫,Jambières Truss GS violettes
6587,トラスGPレギンス紫,Jambières Truss GP violettes
6588,トラスFZシューズ紫,
6589,トラスHSシューズ紫,
6590,トラスGSシューズ紫,
6591,トラスGPシューズ紫,
6592,レイルHSグリーヴ,
6593,レイルGSグリーヴ,
6594,レイルGPグリーヴ,
6595,レイルHSレギンス,
6596,レイルGSレギンス,
6597,レイルGPレギンス,
6598,リーデレHSグリーヴ,Grèves Ridere HS
6599,リーデレGSグリーヴ,Grèves Ridere GS
6600,リーデレGPグリーヴ,Grèves Ridere GP
6601,リーデレHSレギンス,Jambières Ridere HS
6602,リーデレGSレギンス,Jambières Ridere GS
6603,リーデレGPレギンス,Jambières Ridere GP
6604,リエットHSグリーヴ,Grèves Émeute HS
6605,リエットGSグリーヴ,Grèves Émeute GS
6606,リエットGPグリーヴ,Grèves Émeute GP
6607,リエットHSレギンス,Jambières Émeute HS
6608,リエットGSレギンス,Jambières Émeute GS
6609,リエットGPレギンス,Jambières Émeute GP
6610,ルターレHSグリーヴ,Grèves Rutare HS
6611,ルターレGSグリーヴ,Grèves Rutare GS
6612,ルターレGPグリーヴ,Grèves Rutare GP
6613,ルターレHSレギンス,Jambières Rutare HS
6614,ルターレGSレギンス,Jambières Rutare GS
6615,ルターレGPレギンス,Jambières Rutare GP
6616,流転の具足・HS,
6617,流転の具足・GS,
6618,流転の具足・GP,
6619,旋転の具足・HS,
6620,旋転の具足・GS,
6621,旋転の具足・GP,
6622,嵐転の具足・HS,
6623,嵐転の具足・GS,
6624,嵐転の具足・GP,
6625,地転の具足・HS,
6626,地転の具足・GS,
6627,地転の具足・GP,
6628,ラトリアHSフット,Chausses Latria HS
6629,ラトリアGSフット,Chausses Latria GS
6630,ラトリアGPフット,Chausses Latria GP
6631,ラトリアHSブーツ,Bottes Latria HS
6632,ラトリアGSブーツ,Bottes Latria GS
6633,ラトリアGPブーツ,Bottes Latria GP
6634,コンタオHSフット,Chausses Kontao HS
6635,コンタオGSフット,Chausses Kontao GS
6636,コンタオGPフット,Chausses Kontao GP
6637,コンタオHSブーツ,Bottes Kontao HS
6638,コンタオGSブーツ,Bottes Kontao GS
6639,コンタオGPブーツ,Bottes Kontao GP
6640,デリヴグリーヴ,
6641,デリヴＦグリーヴ,
6642,デリヴFYグリーヴ,
6643,デリヴHSグリーヴ,
6644,デリヴＧグリーヴ,
6645,デリヴGFグリーヴ,
6646,デリヴGXグリーヴ,
6647,デリヴレギンス,
6648,デリヴＦレギンス,
6649,デリヴFYレギンス,
6650,デリヴHSレギンス,
6651,デリヴＧレギンス,
6652,デリヴGFレギンス,
6653,デリヴGXレギンス,
6654,アサークグリーヴ,Grèves Asaku
6655,アサークＦグリーヴ,Grèves Asaku F
6656,アサークFYグリーヴ,Grèves Asaku FY
6657,アサークHSグリーヴ,Grèves Asaku HS
6658,アサークＧグリーヴ,Grèves Asaku G
6659,アサークGFグリーヴ,Grèves Asaku GF
6660,アサークGXグリーヴ,Grèves Asaku GX
6661,アサークレギンス,Jambières Asaku
6662,アサークＦレギンス,Jambières Asaku F
6663,アサークFYレギンス,Jambières Asaku FY
6664,アサークHSレギンス,Jambières Asaku HS
6665,アサークＧレギンス,Jambières Asaku G
6666,アサークGFレギンス,Jambières Asaku GF
6667,アサークGXレギンス,Jambières Asaku GX
6668,ニスルグリーヴ,Grèves Nisuru
6669,ニスルＦグリーヴ,Grèves Nisuru F
6670,ニスルFYグリーヴ,Grèves Nisuru FY
6671,ニスルHSグリーヴ,Grèves Nisuru HS
6672,ニスルＧグリーヴ,Grèves Nisuru G
6673,ニスルGFグリーヴ,Grèves Nisuru GF
6674,ニスルGXグリーヴ,Grèves Nisuru GX
6675,ニスルレギンス,Jambières Nisuru
6676,ニスルＦレギンス,Jambières Nisuru F
6677,ニスルFYレギンス,Jambières Nisuru FY
6678,ニスルHSレギンス,Jambières Nisuru HS
6679,ニスルＧレギンス,Jambières Nisuru G
6680,ニスルGFレギンス,Jambières Nisuru GF
6681,ニスルGXレギンス,Jambières Nisuru GX
6682,コルーデグリーヴ,Grèves Coord
6683,コルーデＦグリーヴ,Grèves Coord F
6684,コルーデFYグリーヴ,Grèves Coord FY
6685,コルーデHSグリーヴ,Grèves Coord HS
6686,コルーデＧグリーヴ,Grèves Coord G
6687,コルーデGFグリーヴ,Grèves Coord GF
6688,コルーデGXグリーヴ,Grèves Coord GX
6689,コルーデレギンス,Jambières Coord
6690,コルーデＦレギンス,Jambières Coord F
6691,コルーデFYレギンス,Jambières Coord FY
6692,コルーデHSレギンス,Jambières Coord HS
6693,コルーデＧレギンス,Jambières Coord G
6694,コルーデGFレギンス,Jambières Coord GF
6695,コルーデGXレギンス,Jambières Coord GX
6696,レセーガグリーヴ,Grèves Resega
6697,レセーガＦグリーヴ,Grèves Resega F
6698,レセーガFYグリーヴ,Grèves Resega FY
6699,レセーガHSグリーヴ,Grèves Resega HS
6700,レセーガＧグリーヴ,Grèves Resega G
6701,レセーガGFグリーヴ,Grèves Resega GF
6702,レセーガGXグリーヴ,Grèves Resega GX
6703,レセーガレギンス,Jambières Resega
6704,レセーガＦレギンス,Jambières Resega F
6705,レセーガFYレギンス,Jambières Resega FY
6706,レセーガHSレギンス,Jambières Resega HS
6707,レセーガＧレギンス,Jambières Resega G
6708,レセーガGFレギンス,Jambières Resega GF
6709,レセーガGXレギンス,Jambières Resega GX
6710,スフォルグリーヴ,Grèves Suforu
6711,スフォルＦグリーヴ,Grèves Suforu F
6712,スフォルFYグリーヴ,Grèves Suforu FY
6713,スフォルHSグリーヴ,Grèves Suforu HS
6714,スフォルＧグリーヴ,Grèves Suforu G
6715,スフォルGFグリーヴ,Grèves Suforu GF
6716,スフォルGXグリーヴ,Grèves Suforu GX
6717,スフォルレギンス,Jambières Suforu
6718,スフォルＦレギンス,Jambières Suforu F
6719,スフォルFYレギンス,Jambières Suforu FY
6720,スフォルHSレギンス,Jambières Suforu HS
6721,スフォルＧレギンス,Jambières Suforu G
6722,スフォルGFレギンス,Jambières Suforu GF
6723,スフォルGXレギンス,Jambières Suforu GX
6724,ペルセグリーヴ,Grèves Perce
6725,ペルセＦグリーヴ,Grèves Perce F
6726,ペルセFYグリーヴ,Grèves Perce FY
6727,ペルセHSグリーヴ,Grèves Perce HS
6728,ペルセＧグリーヴ,Grèves Perce G
6729,ペルセGFグリーヴ,Grèves Perce GF
6730,ペルセGXグリーヴ,Grèves Perce GX
6731,ペルセレギンス,Jambières Perce
6732,ペルセＦレギンス,Jambières Perce F
6733,ペルセFYレギンス,Jambières Perce FY
6734,ペルセHSレギンス,Jambières Perce HS
6735,ペルセＧレギンス,Jambières Perce G
6736,ペルセGFレギンス,Jambières Perce GF
6737,ペルセGXレギンス,Jambières Perce GX
6738,調査兵団フット,
6739,調査兵団Ｆフット,
6740,調査兵団FZフット,
6741,調査兵団HSフット,
6742,調査兵団GSフット,
6743,調査兵団GPフット,
6744,調査兵団ブーツ,
6745,調査兵団Ｆブーツ,
6746,調査兵団FZブーツ,
6747,調査兵団HSブーツ,
6748,調査兵団GSブーツ,
6749,調査兵団GPブーツ,
6750,訓練兵団フット,Chausses Training
6751,訓練兵団Ｆフット,Chausses Training F
6752,訓練兵団FZフット,Chausses Training FZ
6753,訓練兵団HSフット,Chausses Training HS
6754,訓練兵団GSフット,Chausses Training GS
6755,訓練兵団GPフット,Chausses Training GP
6756,訓練兵団ブーツ,Bottes Training
6757,訓練兵団Ｆブーツ,Bottes Training F
6758,訓練兵団FZブーツ,Bottes Training FZ
6759,訓練兵団HSブーツ,Bottes Training HS
6760,訓練兵団GSブーツ,Bottes Training GS
6761,訓練兵団GPブーツ,Bottes Training GP
6762,ダミー,
6763,ダミー,
6764,ダミー,
6765,ダミー,
6766,ダミー,
6767,ダミー,
6768,ダミー,
6769,ダミー,
6770,ダミー,
6771,ダミー,
6772,ダミー,
6773,ダミー,
6774,ダミー,
6775,ダミー,
6776,ダミー,
6777,ダミー,
6778,ダミー,
6779,ダミー,
6780,ダミー,
6781,ダミー,
6782,ダミー,
6783,ダミー,
6784,キャロルフット・金,Chausses Carol dorées
6785,レイラフット,Chausses Leila
6786,IS学園ブーツ・白,
6787,IS学園Ｆブーツ・白,
6788,IS学園FZブーツ・白,
6789,IS学園HSブーツ・白,
6790,IS学園GSブーツ・白,
6791,IS学園GPブーツ・白,
6792,IS学園レギンス・白,
6793,IS学園Ｆレギンス・白,
6794,IS学園FZレギンス・白,
6795,IS学園HSレギンス・白,
6796,IS学園GSレギンス・白,
6797,IS学園GPレギンス・白,
6798,IS学園ブーツ・青,
6799,IS学園Ｆブーツ・青,
6800,IS学園FZブーツ・青,
6801,IS学園HSブーツ・青,
6802,IS学園GSブーツ・青,
6803,IS学園GPブーツ・青,
6804,IS学園レギンス・青,
6805,IS学園Ｆレギンス・青,
6806,IS学園FZレギンス・青,
6807,IS学園HSレギンス・青,
6808,IS学園GSレギンス・青,
6809,IS学園GPレギンス・青,
6810,IS学園ブーツ・黒,
6811,IS学園Ｆブーツ・黒,
6812,IS学園FZブーツ・黒,
6813,IS学園HSブーツ・黒,
6814,IS学園GSブーツ・黒,
6815,IS学園GPブーツ・黒,
6816,IS学園レギンス・黒,
6817,IS学園Ｆレギンス・黒,
6818,IS学園FZレギンス・黒,
6819,IS学園HSレギンス・黒,
6820,IS学園GSレギンス・黒,
6821,IS学園GPレギンス・黒,
6822,IS学園ブーツ・緑,
6823,IS学園Ｆブーツ・緑,
6824,IS学園FZブーツ・緑,
6825,IS学園HSブーツ・緑,
6826,IS学園GSブーツ・緑,
6827,IS学園GPブーツ・緑,
6828,IS学園レギンス・緑,
6829,IS学園Ｆレギンス・緑,
6830,IS学園FZレギンス・緑,
6831,IS学園HSレギンス・緑,
6832,IS学園GSレギンス・緑,
6833,IS学園GPレギンス・緑,
6834,コムラダＧフット・赤,Chausses Comrada G rouges
6835,コムラダGFフット・赤,Chausses Comrada GF rouges
6836,コムラダGXフット・赤,Chausses Comrada GX rouges
6837,コムラダＧブーツ・赤,Bottes Comrada G rouges
6838,コムラダGFブーツ・赤,Bottes Comrada GF rouges
6839,コムラダGXブーツ・赤,Bottes Comrada GX rouges
6840,コムラダＧフット・青,Chausses Comrada G bleues
6841,コムラダGFフット・青,Chausses Comrada GF bleues
6842,コムラダGXフット・青,Chausses Comrada GX bleues
6843,コムラダＧブーツ・青,Bottes Comrada G bleues
6844,コムラダGFブーツ・青,Bottes Comrada GF bleues
6845,コムラダGXブーツ・青,Bottes Comrada GX bleues
6846,コムラダＧフット・緑,Chausses Comrada G vertes
6847,コムラダGFフット・緑,Chausses Comrada GF vertes
6848,コムラダGXフット・緑,Chausses Comrada GX vertes
6849,コムラダＧブーツ・緑,Bottes Comrada G vertes
6850,コムラダGFブーツ・緑,Bottes Comrada GF vertes
6851,コムラダGXブーツ・緑,Bottes Comrada GX vertes
6852,コムラダＧフット・橙,Chausses Comrada G orange
6853,コムラダGFフット・橙,Chausses Comrada GF orange
6854,コムラダGXフット・橙,Chausses Comrada GX orange
6855,コムラダＧブーツ・橙,Bottes Comrada G orange
6856,コムラダGFブーツ・橙,Bottes Comrada GF orange
6857,コムラダGXブーツ・橙,Bottes Comrada GX orange
6858,メランＧグリーヴ,Grèves Melan G
6859,メランGFグリーヴ,Grèves Melan GF
6860,メランGXグリーヴ,Grèves Melan GX
6861,メランＧレギンス,Jambières Melan G
6862,メランGFレギンス,Jambières Melan GF
6863,メランGXレギンス,Jambières Melan GX
6864,ルージュFYグリーヴ,
6865,ルージュHCグリーヴ,
6866,ルージュＧグリーヴ,
6867,ルージュGFグリーヴ,
6868,ルージュGXグリーヴ,
6869,レギュクスGPフット,Chausses Regyukusu GP
6870,レギュクスGPブーツ,Bottes Regyukusu GP
6871,ベイルGPディバイダー,
6872,ヴェルフGPグリーヴ,Grèves Welf GP
6873,ヴェルフGPレギンス,Jambières Welf GP
6874,テリオグGPグリーヴ,
6875,テリオグGPレギンス,
6876,ぺたぺたグーク・白,
6877,ぺたぺたグークＦ・白,
6878,ぺたぺたグークFZ・白,
6879,ぺたぺたグークHS・白,
6880,ぺたぺたグークGS・白,
6881,ぺたぺたグークGP・白,
6882,ぺたぺたグーク・灰,
6883,ぺたぺたグークＦ・灰,
6884,ぺたぺたグークFZ・灰,
6885,ぺたぺたグークHS・灰,
6886,ぺたぺたグークGS・灰,
6887,ぺたぺたグークGP・灰,
6888,ぺたぺたグーク・赤,
6889,ぺたぺたグークＦ・赤,
6890,ぺたぺたグークFZ・赤,
6891,ぺたぺたグークHS・赤,
6892,ぺたぺたグークGS・赤,
6893,ぺたぺたグークGP・赤,
6894,ヒプノＧグリーヴ,Grèves Hypnoc G
6895,ヒプノGFグリーヴ,Grèves Hypnoc GF
6896,ヒプノGXグリーヴ,Grèves Hypnoc GX
6897,ヒプノＧレギンス,Jambières Hypnoc G
6898,ヒプノGFレギンス,Jambières Hypnoc GF
6899,ヒプノGXレギンス,Jambières Hypnoc GX
6900,フルンＧグリーヴ,Grèves Khezu G
6901,フルンGFグリーヴ,Grèves Khezu GF
6902,フルンGXグリーヴ,Grèves Khezu GX
6903,フルンＧレギンス,Jambières Khezu G
6904,フルンGFレギンス,Jambières Khezu GF
6905,フルンGXレギンス,Jambières Khezu GX
6906,モノブロスＧグリーヴ,Grèves Monoblos G
6907,モノブロスGFグリーヴ,Grèves Monoblos GF
6908,モノブロスGXグリーヴ,Grèves Monoblos GX
6909,モノブロスＧレギンス,Jambières Monoblos G
6910,モノブロスGFレギンス,Jambières Monoblos GF
6911,モノブロスGXレギンス,Jambières Monoblos GX
6912,ヴァイスＧフェルゼ,
6913,ヴァイスGFフェルゼ,
6914,ヴァイスGXフェルゼ,
6915,ヴァイスＧアヴィレ,
6916,ヴァイスGFアヴィレ,
6917,ヴァイスGXアヴィレ,
6918,ヴェノムＧグリーヴ,Grèves Venin G
6919,ヴェノムGFグリーヴ,Grèves Venin GF
6920,ヴェノムGXグリーヴ,Grèves Venin GX
6921,ヴェノムＧレギンス,Jambières Venin G
6922,ヴェノムGFレギンス,Jambières Venin GF
6923,ヴェノムGXレギンス,Jambières Venin GX
6924,雅孔【具足】,
6925,雅孔Ｆ【具足】,
6926,雅孔FX【具足】,
6927,雅孔Ｇ【具足】,
6928,雅孔GF【具足】,
6929,雅穿【具足】,
6930,雅穿Ｆ【具足】,
6931,雅穿FX【具足】,
6932,雅穿Ｇ【具足】,
6933,雅穿GF【具足】,
6934,雅深Ｇ【具足】,
6935,雅深GF【具足】,
6936,雅深GX【具足】,
6937,雅淵Ｇ【具足】,
6938,雅淵GF【具足】,
6939,雅淵GX【具足】,
6940,ガルバペイル,
6941,ガルバＦペイル,
6942,ガルバFXペイル,
6943,ガルバＧペイル,
6944,ガルバGFペイル,
6945,ガルバハディ,
6946,ガルバＦハディ,
6947,ガルバFXハディ,
6948,ガルバＧハディ,
6949,ガルバGFハディ,
6950,ウィンドGFペイル,
6951,ウィンドGFハディ,
6952,武者GF【具足】,
6953,日光GF【具足】,
6954,白蘭・剣聖フット,
6955,白蘭・剣聖Ｆフット,
6956,白蘭・剣聖FXフット,
6957,紅霞・剣聖フット,
6958,紅霞・剣聖Ｆフット,
6959,紅霞・剣聖FXフット,
6960,白蘭・剣聖Ｇフット,
6961,白蘭・剣聖GFフット,
6962,白蘭・剣聖GXフット,
6963,月夜・剣聖Ｇフット,
6964,月夜・剣聖GFフット,
6965,月夜・剣聖GXフット,
6966,紅霞・剣聖Ｇフット,
6967,紅霞・剣聖GFフット,
6968,紅霞・剣聖GXフット,
6969,蒼穹・剣聖Ｇフット,
6970,蒼穹・剣聖GFフット,
6971,蒼穹・剣聖GXフット,
6972,白蘭・双龍フット,
6973,白蘭・双龍Ｆフット,
6974,白蘭・双龍FXフット,
6975,紅霞・双龍フット,
6976,紅霞・双龍Ｆフット,
6977,紅霞・双龍FXフット,
6978,白蘭・双龍Ｇフット,
6979,白蘭・双龍GFフット,
6980,白蘭・双龍GXフット,
6981,月夜・双龍Ｇフット,
6982,月夜・双龍GFフット,
6983,月夜・双龍GXフット,
6984,紅霞・双龍Ｇフット,
6985,紅霞・双龍GFフット,
6986,紅霞・双龍GXフット,
6987,蒼穹・双龍Ｇフット,
6988,蒼穹・双龍GFフット,
6989,蒼穹・双龍GXフット,
6990,白蘭・剣王フット,
6991,白蘭・剣王Ｆフット,
6992,白蘭・剣王FXフット,
6993,紅霞・剣王フット,
6994,紅霞・剣王Ｆフット,
6995,紅霞・剣王FXフット,
6996,白蘭・剣王Ｇフット,
6997,白蘭・剣王GFフット,
6998,白蘭・剣王GXフット,
6999,月夜・剣王Ｇフット,
7000,月夜・剣王GFフット,
7001,月夜・剣王GXフット,
7002,紅霞・剣王Ｇフット,
7003,紅霞・剣王GFフット,
7004,紅霞・剣王GXフット,
7005,蒼穹・剣王Ｇフット,
7006,蒼穹・剣王GFフット,
7007,蒼穹・剣王GXフット,
7008,白蘭・刀神フット,
7009,白蘭・刀神Ｆフット,
7010,白蘭・刀神FXフット,
7011,紅霞・刀神フット,
7012,紅霞・刀神Ｆフット,
7013,紅霞・刀神FXフット,
7014,白蘭・刀神Ｇフット,
7015,白蘭・刀神GFフット,
7016,白蘭・刀神GXフット,
7017,月夜・刀神Ｇフット,
7018,月夜・刀神GFフット,
7019,月夜・刀神GXフット,
7020,紅霞・刀神Ｇフット,
7021,紅霞・刀神GFフット,
7022,紅霞・刀神GXフット,
7023,蒼穹・刀神Ｇフット,
7024,蒼穹・刀神GFフット,
7025,蒼穹・刀神GXフット,
7026,白蘭・鈍器獣フット,
7027,白蘭・鈍器獣Ｆフット,
7028,白蘭・鈍器獣FXフット,
7029,紅霞・鈍器獣フット,
7030,紅霞・鈍器獣Ｆフット,
7031,紅霞・鈍器獣FXフット,
7032,白蘭・鈍器獣Ｇフット,
7033,白蘭・鈍器獣GFフット,
7034,白蘭・鈍器獣GXフット,
7035,月夜・鈍器獣Ｇフット,
7036,月夜・鈍器獣GFフット,
7037,月夜・鈍器獣GXフット,
7038,紅霞・鈍器獣Ｇフット,
7039,紅霞・鈍器獣GFフット,
7040,紅霞・鈍器獣GXフット,
7041,蒼穹・鈍器獣Ｇフット,
7042,蒼穹・鈍器獣GFフット,
7043,蒼穹・鈍器獣GXフット,
7044,白蘭・奏帝フット,
7045,白蘭・奏帝Ｆフット,
7046,白蘭・奏帝FXフット,
7047,紅霞・奏帝フット,
7048,紅霞・奏帝Ｆフット,
7049,紅霞・奏帝FXフット,
7050,白蘭・奏帝Ｇフット,
7051,白蘭・奏帝GFフット,
7052,白蘭・奏帝GXフット,
7053,月夜・奏帝Ｇフット,
7054,月夜・奏帝GFフット,
7055,月夜・奏帝GXフット,
7056,紅霞・奏帝Ｇフット,
7057,紅霞・奏帝GFフット,
7058,紅霞・奏帝GXフット,
7059,蒼穹・奏帝Ｇフット,
7060,蒼穹・奏帝GFフット,
7061,蒼穹・奏帝GXフット,
7062,白蘭・天槍フット,
7063,白蘭・天槍Ｆフット,
7064,白蘭・天槍FXフット,
7065,紅霞・天槍フット,
7066,紅霞・天槍Ｆフット,
7067,紅霞・天槍FXフット,
7068,白蘭・天槍Ｇフット,
7069,白蘭・天槍GFフット,
7070,白蘭・天槍GXフット,
7071,月夜・天槍Ｇフット,
7072,月夜・天槍GFフット,
7073,月夜・天槍GXフット,
7074,紅霞・天槍Ｇフット,
7075,紅霞・天槍GFフット,
7076,紅霞・天槍GXフット,
7077,蒼穹・天槍Ｇフット,
7078,蒼穹・天槍GFフット,
7079,蒼穹・天槍GXフット,
7080,白蘭・砲皇フット,
7081,白蘭・砲皇Ｆフット,
7082,白蘭・砲皇FXフット,
7083,紅霞・砲皇フット,
7084,紅霞・砲皇Ｆフット,
7085,紅霞・砲皇FXフット,
7086,白蘭・砲皇Ｇフット,
7087,白蘭・砲皇GFフット,
7088,白蘭・砲皇GXフット,
7089,月夜・砲皇Ｇフット,
7090,月夜・砲皇GFフット,
7091,月夜・砲皇GXフット,
7092,紅霞・砲皇Ｇフット,
7093,紅霞・砲皇GFフット,
7094,紅霞・砲皇GXフット,
7095,蒼穹・砲皇Ｇフット,
7096,蒼穹・砲皇GFフット,
7097,蒼穹・砲皇GXフット,
7098,白蘭・穿凰フット,
7099,白蘭・穿凰Ｆフット,
7100,白蘭・穿凰FXフット,
7101,紅霞・穿凰フット,
7102,紅霞・穿凰Ｆフット,
7103,紅霞・穿凰FXフット,
7104,白蘭・穿凰Ｇフット,
7105,白蘭・穿凰GFフット,
7106,白蘭・穿凰GXフット,
7107,月夜・穿凰Ｇフット,
7108,月夜・穿凰GFフット,
7109,月夜・穿凰GXフット,
7110,紅霞・穿凰Ｇフット,
7111,紅霞・穿凰GFフット,
7112,紅霞・穿凰GXフット,
7113,蒼穹・穿凰Ｇフット,
7114,蒼穹・穿凰GFフット,
7115,蒼穹・穿凰GXフット,
7116,白蘭・銃仙ブーツ,
7117,白蘭・銃仙Ｆブーツ,
7118,白蘭・銃仙FXブーツ,
7119,紅霞・銃仙ブーツ,
7120,紅霞・銃仙Ｆブーツ,
7121,紅霞・銃仙FXブーツ,
7122,白蘭・銃仙Ｇブーツ,
7123,白蘭・銃仙GFブーツ,
7124,白蘭・銃仙GXブーツ,
7125,月夜・銃仙Ｇブーツ,
7126,月夜・銃仙GFブーツ,
7127,月夜・銃仙GXブーツ,
7128,紅霞・銃仙Ｇブーツ,
7129,紅霞・銃仙GFブーツ,
7130,紅霞・銃仙GXブーツ,
7131,蒼穹・銃仙Ｇブーツ,
7132,蒼穹・銃仙GFブーツ,
7133,蒼穹・銃仙GXブーツ,
7134,白蘭・銃傑ブーツ,
7135,白蘭・銃傑Ｆブーツ,
7136,白蘭・銃傑FXブーツ,
7137,紅霞・銃傑ブーツ,
7138,紅霞・銃傑Ｆブーツ,
7139,紅霞・銃傑FXブーツ,
7140,白蘭・銃傑Ｇブーツ,
7141,白蘭・銃傑GFブーツ,
7142,白蘭・銃傑GXブーツ,
7143,月夜・銃傑Ｇブーツ,
7144,月夜・銃傑GFブーツ,
7145,月夜・銃傑GXブーツ,
7146,紅霞・銃傑Ｇブーツ,
7147,紅霞・銃傑GFブーツ,
7148,紅霞・銃傑GXブーツ,
7149,蒼穹・銃傑Ｇブーツ,
7150,蒼穹・銃傑GFブーツ,
7151,蒼穹・銃傑GXブーツ,
7152,白蘭・弓鬼ブーツ,
7153,白蘭・弓鬼Ｆブーツ,
7154,白蘭・弓鬼FXブーツ,
7155,紅霞・弓鬼ブーツ,
7156,紅霞・弓鬼Ｆブーツ,
7157,紅霞・弓鬼FXブーツ,
7158,白蘭・弓鬼Ｇブーツ,
7159,白蘭・弓鬼GFブーツ,
7160,白蘭・弓鬼GXブーツ,
7161,月夜・弓鬼Ｇブーツ,
7162,月夜・弓鬼GFブーツ,
7163,月夜・弓鬼GXブーツ,
7164,紅霞・弓鬼Ｇブーツ,
7165,紅霞・弓鬼GFブーツ,
7166,紅霞・弓鬼GXブーツ,
7167,蒼穹・弓鬼Ｇブーツ,
7168,蒼穹・弓鬼GFブーツ,
7169,蒼穹・弓鬼GXブーツ,
7170,飛天ノ具足・白,
7171,飛天ノ具足Ｆ・白,
7172,飛天ノ具足FZ・白,
7173,飛天ノ具足HS・白,
7174,飛天ノ具足GS・白,
7175,飛天ノ具足GP・白,
7176,飛天ノ足袋・白,
7177,飛天ノ足袋Ｆ・白,
7178,飛天ノ足袋FZ・白,
7179,飛天ノ足袋HS・白,
7180,飛天ノ足袋GS・白,
7181,飛天ノ足袋GP・白,
7182,飛天ノ具足・赤,
7183,飛天ノ具足Ｆ・赤,
7184,飛天ノ具足FZ・赤,
7185,飛天ノ具足HS・赤,
7186,飛天ノ具足GS・赤,
7187,飛天ノ具足GP・赤,
7188,飛天ノ足袋・赤,
7189,飛天ノ足袋Ｆ・赤,
7190,飛天ノ足袋FZ・赤,
7191,飛天ノ足袋HS・赤,
7192,飛天ノ足袋GS・赤,
7193,飛天ノ足袋GP・赤,
7194,飛天ノ具足・茶,
7195,飛天ノ具足Ｆ・茶,
7196,飛天ノ具足FZ・茶,
7197,飛天ノ具足HS・茶,
7198,飛天ノ具足GS・茶,
7199,飛天ノ具足GP・茶,
7200,飛天ノ足袋・茶,
7201,飛天ノ足袋Ｆ・茶,
7202,飛天ノ足袋FZ・茶,
7203,飛天ノ足袋HS・茶,
7204,飛天ノ足袋GS・茶,
7205,飛天ノ足袋GP・茶,
7206,飛天ノ具足・青,
7207,飛天ノ具足Ｆ・青,
7208,飛天ノ具足FZ・青,
7209,飛天ノ具足HS・青,
7210,飛天ノ具足GS・青,
7211,飛天ノ具足GP・青,
7212,飛天ノ足袋・青,
7213,飛天ノ足袋Ｆ・青,
7214,飛天ノ足袋FZ・青,
7215,飛天ノ足袋HS・青,
7216,飛天ノ足袋GS・青,
7217,飛天ノ足袋GP・青,
7218,ナーガフット・青,Chausses Naga bleues
7219,ナーガＦフット・青,Chausses Naga F bleues
7220,ナーガFZフット・青,Chausses Naga FZ bleues
7221,ナーガHSフット・青,Chausses Naga HS bleues
7222,ナーガGSフット・青,Chausses Naga GS bleues
7223,ナーガGPフット・青,Chausses Naga GP bleues
7224,ナーガブーツ・青,Bottes Naga bleues
7225,ナーガＦブーツ・青,Bottes Naga F bleues
7226,ナーガFZブーツ・青,Bottes Naga FZ bleues
7227,ナーガHSブーツ・青,Bottes Naga HS bleues
7228,ナーガGSブーツ・青,Bottes Naga GS bleues
7229,ナーガGPブーツ・青,Bottes Naga GP bleues
7230,ナーガフット・赤,Chausses Naga rouges
7231,ナーガＦフット・赤,Chausses Naga F rouges
7232,ナーガFZフット・赤,Chausses Naga FZ rouges
7233,ナーガHSフット・赤,Chausses Naga HS rouges
7234,ナーガGSフット・赤,Chausses Naga GS rouges
7235,ナーガGPフット・赤,Chausses Naga GP rouges
7236,ナーガブーツ・赤,Bottes Naga rouges
7237,ナーガＦブーツ・赤,Bottes Naga F rouges
7238,ナーガFZブーツ・赤,Bottes Naga FZ rouges
7239,ナーガHSブーツ・赤,Bottes Naga HS rouges
7240,ナーガGSブーツ・赤,Bottes Naga GS rouges
7241,ナーガGPブーツ・赤,Bottes Naga GP rouges
7242,ナーガフット・白,Chausses Naga blanches
7243,ナーガＦフット・白,Chausses Naga F blanches
7244,ナーガFZフット・白,Chausses Naga FZ blanches
7245,ナーガHSフット・白,Chausses Naga HS blanches
7246,ナーガGSフット・白,Chausses Naga GS blanches
7247,ナーガGPフット・白,Chausses Naga GP blanches
7248,ナーガブーツ・白,Bottes Naga blanches
7249,ナーガＦブーツ・白,Bottes Naga F blanches
7250,ナーガFZブーツ・白,Bottes Naga FZ blanches
7251,ナーガHSブーツ・白,Bottes Naga HS blanches
7252,ナーガGSブーツ・白,Bottes Naga GS blanches
7253,ナーガGPブーツ・白,Bottes Naga GP blanches
7254,ナーガフット・黒,Chausses Naga noires
7255,ナーガＦフット・黒,Chausses Naga F noires
7256,ナーガFZフット・黒,Chausses Naga FZ noires
7257,ナーガHSフット・黒,Chausses Naga HS noires
7258,ナーガGSフット・黒,Chausses Naga GS noires
7259,ナーガGPフット・黒,Chausses Naga GP noires
7260,ナーガブーツ・黒,Bottes Naga noires
7261,ナーガＦブーツ・黒,Bottes Naga F noires
7262,ナーガFZブーツ・黒,Bottes Naga FZ noires
7263,ナーガHSブーツ・黒,Bottes Naga HS noires
7264,ナーガGSブーツ・黒,Bottes Naga GS noires
7265,ナーガGPブーツ・黒,Bottes Naga GP noires
7266,曙光ノ袴,
7267,曙光ノ袴・Ｆ,
7268,曙光ノ袴・FZ,
7269,曙光ノ袴・HS,
7270,曙光ノ袴・GS,
7271,曙光ノ袴・GP,
7272,曙光ノ足袋,
7273,曙光ノ足袋・Ｆ,
7274,曙光ノ足袋・FZ,
7275,曙光ノ足袋・HS,
7276,曙光ノ足袋・GS,
7277,曙光ノ足袋・GP,
7278,ズィベイフェルゼ,
7279,ズィベイＦフェルゼ,
7280,ズィベイFZフェルゼ,
7281,ズィベイHSフェルゼ,
7282,ズィベイGSフェルゼ,
7283,ズィベイGPフェルゼ,
7284,ズィベイアヴィレ,
7285,ズィベイＦアヴィレ,
7286,ズィベイFZアヴィレ,
7287,ズィベイHSアヴィレ,
7288,ズィベイGSアヴィレ,
7289,ズィベイGPアヴィレ,
7290,オユングリーヴ・青,Grèves Oyun bleues
7291,オユンＦグリーヴ・青,Grèves Oyun F bleues
7292,オユンFZグリーヴ・青,Grèves Oyun FZ bleues
7293,オユンHSグリーヴ・青,Grèves Oyun HS bleues
7294,オユンGSグリーヴ・青,Grèves Oyun GS bleues
7295,オユンGPグリーヴ・青,Grèves Oyun GP bleues
7296,オユンレギンス・青,Jambières Oyun bleues
7297,オユンＦレギンス・青,Jambières Oyun F bleues
7298,オユンFZレギンス・青,Jambières Oyun FZ bleues
7299,オユンHSレギンス・青,Jambières Oyun HS bleues
7300,オユンGSレギンス・青,Jambières Oyun GS bleues
7301,オユンGPレギンス・青,Jambières Oyun GP bleues
7302,オユングリーヴ・赤,Grèves Oyun rouges
7303,オユンＦグリーヴ・赤,Grèves Oyun F rouges
7304,オユンFZグリーヴ・赤,Grèves Oyun FZ rouges
7305,オユンHSグリーヴ・赤,Grèves Oyun HS rouges
7306,オユンGSグリーヴ・赤,Grèves Oyun GS rouges
7307,オユンGPグリーヴ・赤,Grèves Oyun GP rouges
7308,オユンレギンス・赤,Jambières Oyun rouges
7309,オユンＦレギンス・赤,Jambières Oyun F rouges
7310,オユンFZレギンス・赤,Jambières Oyun FZ rouges
7311,オユンHSレギンス・赤,Jambières Oyun HS rouges
7312,オユンGSレギンス・赤,Jambières Oyun GS rouges
7313,オユンGPレギンス・赤,Jambières Oyun GP rouges
7314,オユングリーヴ・黒,Grèves Oyun noires
7315,オユンＦグリーヴ・黒,Grèves Oyun F noires
7316,オユンFZグリーヴ・黒,Grèves Oyun FZ noires
7317,オユンHSグリーヴ・黒,Grèves Oyun HS noires
7318,オユンGSグリーヴ・黒,Grèves Oyun GS noires
7319,オユンGPグリーヴ・黒,Grèves Oyun GP noires
7320,オユンレギンス・黒,Jambières Oyun noires
7321,オユンＦレギンス・黒,Jambières Oyun F noires
7322,オユンFZレギンス・黒,Jambières Oyun FZ noires
7323,オユンHSレギンス・黒,Jambières Oyun HS noires
7324,オユンGSレギンス・黒,Jambières Oyun GS noires
7325,オユンGPレギンス・黒,Jambières Oyun GP noires
7326,オユングリーヴ・白,Grèves Oyun blanches
7327,オユンＦグリーヴ・白,Grèves Oyun F blanches
7328,オユンFZグリーヴ・白,Grèves Oyun FZ blanches
7329,オユンHSグリーヴ・白,Grèves Oyun HS blanches
7330,オユンGSグリーヴ・白,Grèves Oyun GS blanches
7331,オユンGPグリーヴ・白,Grèves Oyun GP blanches
7332,オユンレギンス・白,Jambières Oyun blanches
7333,オユンＦレギンス・白,Jambières Oyun F blanches
7334,オユンFZレギンス・白,Jambières Oyun FZ blanches
7335,オユンHSレギンス・白,Jambières Oyun HS blanches
7336,オユンGSレギンス・白,Jambières Oyun GS blanches
7337,オユンGPレギンス・白,Jambières Oyun GP blanches
7338,アッシュフット・赤,Chausses Cendre rouges
7339,アッシュＦフット・赤,Chausses Cendre F rouges
7340,アッシュFZフット・赤,Chausses Cendre FZ rouges
7341,アッシュHSフット・赤,Chausses Cendre HS rouges
7342,アッシュGSフット・赤,Chausses Cendre GS rouges
7343,アッシュGPフット・赤,Chausses Cendre GP rouges
7344,アッシュブーツ・赤,Bottes Cendre rouges
7345,アッシュＦブーツ・赤,Bottes Cendre F rouges
7346,アッシュFZブーツ・赤,Bottes Cendre FZ rouges
7347,アッシュHSブーツ・赤,Bottes Cendre HS rouges
7348,アッシュGSブーツ・赤,Bottes Cendre GS rouges
7349,アッシュGPブーツ・赤,Bottes Cendre GP rouges
7350,アッシュフット・青,Chausses Cendre bleues
7351,アッシュＦフット・青,Chausses Cendre F bleues
7352,アッシュFZフット・青,Chausses Cendre FZ bleues
7353,アッシュHSフット・青,Chausses Cendre HS bleues
7354,アッシュGSフット・青,Chausses Cendre GS bleues
7355,アッシュGPフット・青,Chausses Cendre GP bleues
7356,アッシュブーツ・青,Bottes Cendre bleues
7357,アッシュＦブーツ・青,Bottes Cendre F bleues
7358,アッシュFZブーツ・青,Bottes Cendre FZ bleues
7359,アッシュHSブーツ・青,Bottes Cendre HS bleues
7360,アッシュGSブーツ・青,Bottes Cendre GS bleues
7361,アッシュGPブーツ・青,Bottes Cendre GP bleues
7362,アッシュフット・白,Chausses Cendre blanches
7363,アッシュＦフット・白,Chausses Cendre F blanches
7364,アッシュFZフット・白,Chausses Cendre FZ blanches
7365,アッシュHSフット・白,Chausses Cendre HS blanches
7366,アッシュGSフット・白,Chausses Cendre GS blanches
7367,アッシュGPフット・白,Chausses Cendre GP blanches
7368,アッシュブーツ・白,Bottes Cendre blanches
7369,アッシュＦブーツ・白,Bottes Cendre F blanches
7370,アッシュFZブーツ・白,Bottes Cendre FZ blanches
7371,アッシュHSブーツ・白,Bottes Cendre HS blanches
7372,アッシュGSブーツ・白,Bottes Cendre GS blanches
7373,アッシュGPブーツ・白,Bottes Cendre GP blanches
7374,アッシュフット・黒,Chausses Cendre noires
7375,アッシュＦフット・黒,Chausses Cendre F noires
7376,アッシュFZフット・黒,Chausses Cendre FZ noires
7377,アッシュHSフット・黒,Chausses Cendre HS noires
7378,アッシュGSフット・黒,Chausses Cendre GS noires
7379,アッシュGPフット・黒,Chausses Cendre GP noires
7380,アッシュブーツ・黒,Bottes Cendre noires
7381,アッシュＦブーツ・黒,Bottes Cendre F noires
7382,アッシュFZブーツ・黒,Bottes Cendre FZ noires
7383,アッシュHSブーツ・黒,Bottes Cendre HS noires
7384,アッシュGSブーツ・黒,Bottes Cendre GS noires
7385,アッシュGPブーツ・黒,Bottes Cendre GP noires
7386,ピスティスGPフット,Chausses Pistis GP
7387,ピスティスGPブーツ,Bottes Pistis GP
7388,ブリンクHSフット,
7389,ブリンクGSフット,
7390,ブリンクGPフット,
7391,ブリンクHSブーツ,
7392,ブリンクGSブーツ,
7393,ブリンクGPブーツ,
7394,オービスGPキック,
7395,オービスGPブーツ,Bottes Ukon GP
7396,ロットGPキック,
7397,ロットGPブーツ,
7398,アージェHSフット,Chausses Arge HS
7399,アージェGSフット,Chausses Arge GS
7400,アージェGPフット,Chausses Arge GP
7401,アージェHSブーツ,Bottes Arge HS
7402,アージェGSブーツ,Bottes Arge GS
7403,アージェGPブーツ,Bottes Arge GP
7404,カマレラHSフット,Chausses Camarera HS
7405,カマレラGSフット,Chausses Camarera GS
7406,カマレラGPフット,Chausses Camarera GP
7407,カマレラHSブーツ,Bottes Camarera HS
7408,カマレラGSブーツ,Bottes Camarera GS
7409,カマレラGPブーツ,Bottes Camarera GP
7410,メテネラHSフット,Chausses Metenera HS
7411,メテネラGSフット,Chausses Metenera GS
7412,メテネラGPフット,Chausses Metenera GP
7413,メテネラHSブーツ,Bottes Metenera HS
7414,メテネラGSブーツ,Bottes Metenera GS
7415,メテネラGPブーツ,Bottes Metenera GP
7416,アビットHSフット,Chausses Abitto HS
7417,アビットGSフット,Chausses Abitto GS
7418,アビットGPフット,Chausses Abitto GP
7419,アビットHSブーツ,Bottes Abitto HS
7420,アビットGSブーツ,Bottes Abitto GS
7421,アビットGPブーツ,Bottes Abitto GP
7422,リブリーHSフット,Chausses Riburi HS
7423,リブリーGSフット,Chausses Riburi GS
7424,リブリーGPフット,Chausses Riburi GP
7425,リブリーHSブーツ,Bottes Riburi HS
7426,リブリーGSブーツ,Bottes Riburi GS
7427,リブリーGPブーツ,Bottes Riburi GP
7428,ジェスＧグリーヴ,Grèves Jess G
7429,ジェスGFグリーヴ,Grèves Jess GF
7430,ジェスGXグリーヴ,Grèves Jess GX
7431,ジェスＧレギンス,Jambières Jess G
7432,ジェスGFレギンス,Jambières Jess GF
7433,ジェスGXレギンス,Jambières Jess GX
7434,タングスＧグリーヴ,Grèves Tangusu G
7435,タングスGFグリーヴ,Grèves Tangusu GF
7436,タングスGXグリーヴ,Grèves Tangusu GX
7437,コバルタＧレギンス,Jambières Kobaruta G
7438,コバルタGFレギンス,Jambières Kobaruta GF
7439,コバルタGXレギンス,Jambières Kobaruta GX
7440,ブレオＧグリーヴ,Grèves Breo G
7441,ブレオGFグリーヴ,Grèves Breo GF
7442,ブレオGXグリーヴ,Grèves Breo GX
7443,ハロキュフット,Chausses Harokyu
7444,ハロキュＦフット,Chausses Harokyu F
7445,ハロキュFYフット,Chausses Harokyu FY
7446,ハロキュHSフット,Chausses Harokyu HS
7447,ハロキュＧフット,Chausses Harokyu G
7448,ハロキュGFフット,Chausses Harokyu GF
7449,ハロキュGXフット,Chausses Harokyu GX
7450,ブルックフット,Chausses Burukku
7451,ブルックＦフット,Chausses Burukku F
7452,ブルックFYフット,Chausses Burukku FY
7453,ブルックHSフット,Chausses Burukku HS
7454,ブルックＧフット,Chausses Burukku G
7455,ブルックGFフット,Chausses Burukku GF
7456,ブルックGXフット,Chausses Burukku GX
7457,ブルックブーツ,Bottes Burukku
7458,ブルックＦブーツ,Bottes Burukku F
7459,ブルックFYブーツ,Bottes Burukku FY
7460,ブルックHSブーツ,Bottes Burukku HS
7461,ブルックＧブーツ,Bottes Burukku G
7462,ブルックGFブーツ,Bottes Burukku GF
7463,ブルックGXブーツ,Bottes Burukku GX
7464,淡桜【袴】,
7465,淡桜Ｆ【袴】,
7466,淡桜FY【袴】,
7467,淡桜HS【袴】,
7468,淡桜Ｇ【袴】,
7469,淡桜GF【袴】,
7470,淡桜GX【袴】,
7471,桜雲【袴】,
7472,桜雲Ｆ【袴】,
7473,桜雲FY【袴】,
7474,桜雲HS【袴】,
7475,桜雲Ｇ【袴】,
7476,桜雲GF【袴】,
7477,桜雲GX【袴】,
7478,キニオルグリーヴ,Grèves Kinioru
7479,キニオルＦグリーヴ,Grèves Kinioru F
7480,キニオルFYグリーヴ,Grèves Kinioru FY
7481,キニオルHSグリーヴ,Grèves Kinioru HS
7482,キニオルＧグリーヴ,Grèves Kinioru G
7483,キニオルGFグリーヴ,Grèves Kinioru GF
7484,キニオルGXグリーヴ,Grèves Kinioru GX
7485,キニオルレギンス,Jambières Kinioru
7486,キニオルＦレギンス,Jambières Kinioru F
7487,キニオルFYレギンス,Jambières Kinioru FY
7488,キニオルHSレギンス,Jambières Kinioru HS
7489,キニオルＧレギンス,Jambières Kinioru G
7490,キニオルGFレギンス,Jambières Kinioru GF
7491,キニオルGXレギンス,Jambières Kinioru GX
7492,カイオルグリーヴ,Grèves Kaioru
7493,カイオルＦグリーヴ,Grèves Kaioru F
7494,カイオルFYグリーヴ,Grèves Kaioru FY
7495,カイオルHSグリーヴ,Grèves Kaioru HS
7496,カイオルＧグリーヴ,Grèves Kaioru G
7497,カイオルGFグリーヴ,Grèves Kaioru GF
7498,カイオルGXグリーヴ,Grèves Kaioru GX
7499,カイオルレギンス,Jambières Kaioru
7500,カイオルＦレギンス,Jambières Kaioru F
7501,カイオルFYレギンス,Jambières Kaioru FY
7502,カイオルHSレギンス,Jambières Kaioru HS
7503,カイオルＧレギンス,Jambières Kaioru G
7504,カイオルGFレギンス,Jambières Kaioru GF
7505,カイオルGXレギンス,Jambières Kaioru GX
7506,ユーリスグリーヴ,Grèves Yurisu
7507,ユーリスＦグリーヴ,Grèves Yurisu F
7508,ユーリスFYグリーヴ,Grèves Yurisu FY
7509,ユーリスHSグリーヴ,Grèves Yurisu HS
7510,ユーリスＧグリーヴ,Grèves Yurisu G
7511,ユーリスGFグリーヴ,Grèves Yurisu GF
7512,ユーリスGXグリーヴ,Grèves Yurisu GX
7513,ユーリスレギンス,Jambières Yurisu
7514,ユーリスＦレギンス,Jambières Yurisu F
7515,ユーリスFYレギンス,Jambières Yurisu FY
7516,ユーリスHSレギンス,Jambières Yurisu HS
7517,ユーリスＧレギンス,Jambières Yurisu G
7518,ユーリスGFレギンス,Jambières Yurisu GF
7519,ユーリスGXレギンス,Jambières Yurisu GX
7520,デゾルトグリーヴ,Grèves Desordre
7521,デゾルトＦグリーヴ,Grèves Desordre F
7522,デゾルトFYグリーヴ,Grèves Desordre FY
7523,デゾルトHSグリーヴ,Grèves Desordre HS
7524,デゾルトＧグリーヴ,Grèves Desordre G
7525,デゾルトGFグリーヴ,Grèves Desordre GF
7526,デゾルトGXグリーヴ,Grèves Desordre GX
7527,デゾルトレギンス,Jambières Desordre
7528,デゾルトＦレギンス,Jambières Desordre F
7529,デゾルトFYレギンス,Jambières Desordre FY
7530,デゾルトHSレギンス,Jambières Desordre HS
7531,デゾルトＧレギンス,Jambières Desordre G
7532,デゾルトGFレギンス,Jambières Desordre GF
7533,デゾルトGXレギンス,Jambières Desordre GX
7534,カーマインフット黒,Chausses Carmin noires
7535,カーマインＦフット黒,Chausses Carmin F noires
7536,カーマインFZフット黒,Chausses Carmin FZ noires
7537,カーマインHSフット黒,Chausses Carmin HS noires
7538,カーマインGSフット黒,Chausses Carmin GS noires
7539,カーマインGPフット黒,Chausses Carmin GP noires
7540,カーマインブーツ黒,Bottes Carmin noires
7541,カーマインＦブーツ黒,Bottes Carmin F noires
7542,カーマインFZブーツ黒,Bottes Carmin FZ noires
7543,カーマインHSブーツ黒,Bottes Carmin HS noires
7544,カーマインGSブーツ黒,Bottes Carmin GS noires
7545,カーマインGPブーツ黒,Bottes Carmin GP noires
7546,カーマインフット青,Chausses Carmin bleues
7547,カーマインＦフット青,Chausses Carmin F bleues
7548,カーマインFZフット青,Chausses Carmin FZ bleues
7549,カーマインHSフット青,Chausses Carmin HS bleues
7550,カーマインGSフット青,Chausses Carmin GS bleues
7551,カーマインGPフット青,Chausses Carmin GP bleues
7552,カーマインブーツ青,Bottes Carmin bleues
7553,カーマインＦブーツ青,Bottes Carmin F bleues
7554,カーマインFZブーツ青,Bottes Carmin FZ bleues
7555,カーマインHSブーツ青,Bottes Carmin HS bleues
7556,カーマインGSブーツ青,Bottes Carmin GS bleues
7557,カーマインGPブーツ青,Bottes Carmin GP bleues
7558,カーマインフット紫,Chausses Carmin violettes
7559,カーマインＦフット紫,Chausses Carmin F violettes
7560,カーマインFZフット紫,Chausses Carmin FZ violettes
7561,カーマインHSフット紫,Chausses Carmin HS violettes
7562,カーマインGSフット紫,Chausses Carmin GS violettes
7563,カーマインGPフット紫,Chausses Carmin GP violettes
7564,カーマインブーツ紫,Bottes Carmin violettes
7565,カーマインＦブーツ紫,Bottes Carmin F violettes
7566,カーマインFZブーツ紫,Bottes Carmin FZ violettes
7567,カーマインHSブーツ紫,Bottes Carmin HS violettes
7568,カーマインGSブーツ紫,Bottes Carmin GS violettes
7569,カーマインGPブーツ紫,Bottes Carmin GP violettes
7570,カーマインフット白,Chausses Carmin blanches
7571,カーマインＦフット白,Chausses Carmin F blanches
7572,カーマインFZフット白,Chausses Carmin FZ blanches
7573,カーマインHSフット白,Chausses Carmin HS blanches
7574,カーマインGSフット白,Chausses Carmin GS blanches
7575,カーマインGPフット白,Chausses Carmin GP blanches
7576,カーマインブーツ白,Bottes Carmin blanches
7577,カーマインＦブーツ白,Bottes Carmin F blanches
7578,カーマインFZブーツ白,Bottes Carmin FZ blanches
7579,カーマインHSブーツ白,Bottes Carmin HS blanches
7580,カーマインGSブーツ白,Bottes Carmin GS blanches
7581,カーマインGPブーツ白,Bottes Carmin GP blanches
7582,リュウフット・赤,Chausses Ryu rouges
7583,リュウＦフット・赤,Chausses Ryu F rouges
7584,リュウFZフット・赤,Chausses Ryu FZ rouges
7585,リュウHSフット・赤,Chausses Ryu HS rouges
7586,リュウGSフット・赤,Chausses Ryu GS rouges
7587,リュウGPフット・赤,Chausses Ryu GP rouges
7588,リュウブーツ・赤,Bottes Ryu rouges
7589,リュウＦブーツ・赤,Bottes Ryu F rouges
7590,リュウFZブーツ・赤,Bottes Ryu FZ rouges
7591,リュウHSブーツ・赤,Bottes Ryu HS rouges
7592,リュウGSブーツ・赤,Bottes Ryu GS rouges
7593,リュウGPブーツ・赤,Bottes Ryu GP rouges
7594,リュウフット・青,Chausses Ryu bleues
7595,リュウＦフット・青,Chausses Ryu F bleues
7596,リュウFZフット・青,Chausses Ryu FZ bleues
7597,リュウHSフット・青,Chausses Ryu HS bleues
7598,リュウGSフット・青,Chausses Ryu GS bleues
7599,リュウGPフット・青,Chausses Ryu GP bleues
7600,リュウブーツ・青,Bottes Ryu bleues
7601,リュウＦブーツ・青,Bottes Ryu F bleues
7602,リュウFZブーツ・青,Bottes Ryu FZ bleues
7603,リュウHSブーツ・青,Bottes Ryu HS bleues
7604,リュウGSブーツ・青,Bottes Ryu GS bleues
7605,リュウGPブーツ・青,Bottes Ryu GP bleues
7606,リュウフット・橙,Chausses Ryu orange
7607,リュウＦフット・橙,Chausses Ryu F orange
7608,リュウFZフット・橙,Chausses Ryu FZ orange
7609,リュウHSフット・橙,Chausses Ryu HS orange
7610,リュウGSフット・橙,Chausses Ryu GS orange
7611,リュウGPフット・橙,Chausses Ryu GP orange
7612,リュウブーツ・橙,Bottes Ryu orange
7613,リュウＦブーツ・橙,Bottes Ryu F orange
7614,リュウFZブーツ・橙,Bottes Ryu FZ orange
7615,リュウHSブーツ・橙,Bottes Ryu HS orange
7616,リュウGSブーツ・橙,Bottes Ryu GS orange
7617,リュウGPブーツ・橙,Bottes Ryu GP orange
7618,リュウフット・黄,Chausses Ryu jaunes
7619,リュウＦフット・黄,Chausses Ryu F jaunes
7620,リュウFZフット・黄,Chausses Ryu FZ jaunes
7621,リュウHSフット・黄,Chausses Ryu HS jaunes
7622,リュウGSフット・黄,Chausses Ryu GS jaunes
7623,リュウGPフット・黄,Chausses Ryu GP jaunes
7624,リュウブーツ・黄,Bottes Ryu jaunes
7625,リュウＦブーツ・黄,Bottes Ryu F jaunes
7626,リュウFZブーツ・黄,Bottes Ryu FZ jaunes
7627,リュウHSブーツ・黄,Bottes Ryu HS jaunes
7628,リュウGSブーツ・黄,Bottes Ryu GS jaunes
7629,リュウGPブーツ・黄,Bottes Ryu GP jaunes
7630,キャリッジフット,Chausses Carrosse
7631,キャリッジＦフット,Chausses Carrosse F
7632,キャリッジFZフット,Chausses Carrosse FZ
7633,キャリッジHSフット,Chausses Carrosse HS
7634,キャリッジGSフット,Chausses Carrosse GS
7635,キャリッジGPフット,Chausses Carrosse GP
7636,マーブルフット,Chausses Marbre
7637,マーブルＦフット,Chausses Marbre F
7638,マーブルFZフット,Chausses Marbre FZ
7639,マーブルHSフット,Chausses Marbre HS
7640,マーブルGSフット,Chausses Marbre GS
7641,マーブルGPフット,Chausses Marbre GP
7642,シャンディフット,
7643,シャンディＦフット,
7644,シャンディFZフット,
7645,シャンディHSフット,
7646,シャンディGSフット,
7647,シャンディGPフット,
7648,シャンディブーツ,
7649,シャンディＦブーツ,
7650,シャンディFZブーツ,
7651,シャンディHSブーツ,
7652,シャンディGSブーツ,
7653,シャンディGPブーツ,
7654,バンケットフット,
7655,バンケットＦフット,
7656,バンケットFZフット,
7657,バンケットHSフット,
7658,バンケットGSフット,
7659,バンケットGPフット,
7660,ヴェランフット,
7661,ヴェランＦフット,
7662,ヴェランFZフット,
7663,ヴェランHSフット,
7664,ヴェランGSフット,
7665,ヴェランGPフット,
7666,ランデグフット,
7667,ランデグＦフット,
7668,ランデグFZフット,
7669,ランデグHSフット,
7670,ランデグGSフット,
7671,ランデグGPフット,
7672,ランデグブーツ,
7673,ランデグＦブーツ,
7674,ランデグFZブーツ,
7675,ランデグHSブーツ,
7676,ランデグGSブーツ,
7677,ランデグGPブーツ,
7678,エンドレフット,Chausses Endre
7679,エンドレＦフット,Chausses Endre F
7680,エンドレFZフット,Chausses Endre FZ
7681,エンドレHSフット,Chausses Endre HS
7682,エンドレGSフット,Chausses Endre GS
7683,エンドレGPフット,Chausses Endre GP
7684,エンドレブーツ,Bottes Endre
7685,エンドレＦブーツ,Bottes Endre F
7686,エンドレFZブーツ,Bottes Endre FZ
7687,エンドレHSブーツ,Bottes Endre HS
7688,エンドレGSブーツ,Bottes Endre GS
7689,エンドレGPブーツ,Bottes Endre GP
7690,サジタリオフット赤,Chausses Sagittaire rouges
7691,サジタリオＦフット赤,Chausses Sagittaire F rouges
7692,サジタリオFZフット赤,Chausses Sagittaire FZ rouges
7693,サジタリオHSフット赤,Chausses Sagittaire HS rouges
7694,サジタリオGSフット赤,Chausses Sagittaire GS rouges
7695,サジタリオGPフット赤,Chausses Sagittaire GP rouges
7696,サジタリオブーツ赤,Bottes Sagittaire rouges
7697,サジタリオＦブーツ赤,Bottes Sagittaire F rouges
7698,サジタリオFZブーツ赤,Bottes Sagittaire FZ rouges
7699,サジタリオHSブーツ赤,Bottes Sagittaire HS rouges
7700,サジタリオGSブーツ赤,Bottes Sagittaire GS rouges
7701,サジタリオGPブーツ赤,Bottes Sagittaire GP rouges
7702,サジタリオフット青,Chausses Sagittaire bleues
7703,サジタリオＦフット青,Chausses Sagittaire F bleues
7704,サジタリオFZフット青,Chausses Sagittaire FZ bleues
7705,サジタリオHSフット青,Chausses Sagittaire HS bleues
7706,サジタリオGSフット青,Chausses Sagittaire GS bleues
7707,サジタリオGPフット青,Chausses Sagittaire GP bleues
7708,サジタリオブーツ青,Bottes Sagittaire bleues
7709,サジタリオＦブーツ青,Bottes Sagittaire F bleues
7710,サジタリオFZブーツ青,Bottes Sagittaire FZ bleues
7711,サジタリオHSブーツ青,Bottes Sagittaire HS bleues
7712,サジタリオGSブーツ青,Bottes Sagittaire GS bleues
7713,サジタリオGPブーツ青,Bottes Sagittaire GP bleues
7714,サジタリオフット紫,Chausses Sagittaire violettes
7715,サジタリオＦフット紫,Chausses Sagittaire F violettes
7716,サジタリオFZフット紫,Chausses Sagittaire FZ violettes
7717,サジタリオHSフット紫,Chausses Sagittaire HS violettes
7718,サジタリオGSフット紫,Chausses Sagittaire GS violettes
7719,サジタリオGPフット紫,Chausses Sagittaire GP violettes
7720,サジタリオブーツ紫,Bottes Sagittaire violettes
7721,サジタリオＦブーツ紫,Bottes Sagittaire F violettes
7722,サジタリオFZブーツ紫,Bottes Sagittaire FZ violettes
7723,サジタリオHSブーツ紫,Bottes Sagittaire HS violettes
7724,サジタリオGSブーツ紫,Bottes Sagittaire GS violettes
7725,サジタリオGPブーツ紫,Bottes Sagittaire GP violettes
7726,サジタリオフット緑,Chausses Sagittaire vertes
7727,サジタリオＦフット緑,Chausses Sagittaire F vertes
7728,サジタリオFZフット緑,Chausses Sagittaire FZ vertes
7729,サジタリオHSフット緑,Chausses Sagittaire HS vertes
7730,サジタリオGSフット緑,Chausses Sagittaire GS vertes
7731,サジタリオGPフット緑,Chausses Sagittaire GP vertes
7732,サジタリオブーツ緑,Bottes Sagittaire vertes
7733,サジタリオＦブーツ緑,Bottes Sagittaire F vertes
7734,サジタリオFZブーツ緑,Bottes Sagittaire FZ vertes
7735,サジタリオHSブーツ緑,Bottes Sagittaire HS vertes
7736,サジタリオGSブーツ緑,Bottes Sagittaire GS vertes
7737,サジタリオGPブーツ緑,Bottes Sagittaire GP vertes
7738,ニーナフット・赤,Chausses Nina rouges
7739,ニーナＦフット・赤,Chausses Nina F rouges
7740,ニーナFZフット・赤,Chausses Nina FZ rouges
7741,ニーナHSフット・赤,Chausses Nina HS rouges
7742,ニーナGSフット・赤,Chausses Nina GS rouges
7743,ニーナGPフット・赤,Chausses Nina GP rouges
7744,ニーナブーツ・赤,Bottes Nina rouges
7745,ニーナＦブーツ・赤,Bottes Nina F rouges
7746,ニーナFZブーツ・赤,Bottes Nina FZ rouges
7747,ニーナHSブーツ・赤,Bottes Nina HS rouges
7748,ニーナGSブーツ・赤,Bottes Nina GS rouges
7749,ニーナGPブーツ・赤,Bottes Nina GP rouges
7750,ニーナフット・緑,Chausses Nina vertes
7751,ニーナＦフット・緑,Chausses Nina F vertes
7752,ニーナFZフット・緑,Chausses Nina FZ vertes
7753,ニーナHSフット・緑,Chausses Nina HS vertes
7754,ニーナGSフット・緑,Chausses Nina GS vertes
7755,ニーナGPフット・緑,Chausses Nina GP vertes
7756,ニーナブーツ・緑,Bottes Nina vertes
7757,ニーナＦブーツ・緑,Bottes Nina F vertes
7758,ニーナFZブーツ・緑,Bottes Nina FZ vertes
7759,ニーナHSブーツ・緑,Bottes Nina HS vertes
7760,ニーナGSブーツ・緑,Bottes Nina GS vertes
7761,ニーナGPブーツ・緑,Bottes Nina GP vertes
7762,ニーナフット・桃,Chausses Nina roses
7763,ニーナＦフット・桃,Chausses Nina F roses
7764,ニーナFZフット・桃,Chausses Nina FZ roses
7765,ニーナHSフット・桃,Chausses Nina HS roses
7766,ニーナGSフット・桃,Chausses Nina GS roses
7767,ニーナGPフット・桃,Chausses Nina GP roses
7768,ニーナブーツ・桃,Bottes Nina roses
7769,ニーナＦブーツ・桃,Bottes Nina F roses
7770,ニーナFZブーツ・桃,Bottes Nina FZ roses
7771,ニーナHSブーツ・桃,Bottes Nina HS roses
7772,ニーナGSブーツ・桃,Bottes Nina GS roses
7773,ニーナGPブーツ・桃,Bottes Nina GP roses
7774,ニーナフット・青,Chausses Nina bleues
7775,ニーナＦフット・青,Chausses Nina F bleues
7776,ニーナFZフット・青,Chausses Nina FZ bleues
7777,ニーナHSフット・青,Chausses Nina HS bleues
7778,ニーナGSフット・青,Chausses Nina GS bleues
7779,ニーナGPフット・青,Chausses Nina GP bleues
7780,ニーナブーツ・青,Bottes Nina bleues
7781,ニーナＦブーツ・青,Bottes Nina F bleues
7782,ニーナFZブーツ・青,Bottes Nina FZ bleues
7783,ニーナHSブーツ・青,Bottes Nina HS bleues
7784,ニーナGSブーツ・青,Bottes Nina GS bleues
7785,ニーナGPブーツ・青,Bottes Nina GP bleues
7786,ハーゼフット,Chausses Harze
7787,ハーゼＦフット,Chausses Harze F
7788,ハーゼFZフット,Chausses Harze FZ
7789,ハーゼHSフット,Chausses Harze HS
7790,ハーゼGSフット,Chausses Harze GS
7791,ハーゼGPフット,Chausses Harze GP
7792,ハーゼブーツ,Bottes Harze
7793,ハーゼＦブーツ,Bottes Harze F
7794,ハーゼFZブーツ,Bottes Harze FZ
7795,ハーゼHSブーツ,Bottes Harze HS
7796,ハーゼGSブーツ,Bottes Harze GS
7797,ハーゼGPブーツ,Bottes Harze GP
7798,クアルＧグリーヴ,Grèves Kuaru G
7799,クアルGFグリーヴ,Grèves Kuaru GF
7800,クアルGXグリーヴ,Grèves Kuaru GX
7801,クアルＧレギンス,Jambières Kuaru G
7802,クアルGFレギンス,Jambières Kuaru GF
7803,クアルGXレギンス,Jambières Kuaru GX
7804,エンプレスＧグリーヴ,Grèves Impératrice G
7805,エンプレスGFグリーヴ,Grèves Impératrice GF
7806,エンプレスGXグリーヴ,Grèves Impératrice GX
7807,エンプレスＧレギンス,Jambières Impératrice G
7808,エンプレスGFレギンス,Jambières Impératrice GF
7809,エンプレスGXレギンス,Jambières Impératrice GX
7810,創音奏Ｇ【具足】,
7811,創音奏GF【具足】,
7812,創音奏GX【具足】,
7813,音紡奏Ｇ【具足】,
7814,音紡奏GF【具足】,
7815,音紡奏GX【具足】,
7816,ポボルムグリーヴ,Grèves Pobo
7817,ポボルムＦグリーヴ,Grèves Pobo F
7818,ポボルムFXグリーヴ,Grèves Pobo FX
7819,ポボルムＧグリーヴ,Grèves Pobo G
7820,ポボルムGFグリーヴ,Grèves Pobo GF
7821,ポボルムレギンス,Jambières Pobo
7822,ポボルムＦレギンス,Jambières Pobo F
7823,ポボルムFXレギンス,Jambières Pobo FX
7824,ポボルムＧレギンス,Jambières Pobo G
7825,ポボルムGFレギンス,Jambières Pobo GF
7826,リオソウルＧグリーヴ,Grèves Rath G
7827,リオソウルGFグリーヴ,Grèves Rath GF
7828,リオソウルGXグリーヴ,Grèves Rath GX
7829,リオソウルＧレギンス,Jambières Rath G
7830,リオソウルGFレギンス,Jambières Rath GF
7831,リオソウルGXレギンス,Jambières Rath GX
7832,リオハートＧグリーヴ,Grèves Rath G
7833,リオハートGFグリーヴ,Grèves Rath GF
7834,リオハートGXグリーヴ,Grèves Rath GX
7835,リオハートＧレギンス,Jambières Rath G
7836,リオハートGFレギンス,Jambières Rath GF
7837,リオハートGXレギンス,Jambières Rath GX
7838,シャテムブーツ,Bottes Shatemu
7839,シャテムＦブーツ,Bottes Shatemu F
7840,シャテムFZブーツ,Bottes Shatemu FZ
7841,シャテムHSブーツ,Bottes Shatemu HS
7842,シャテムGSブーツ,Bottes Shatemu GS
7843,シャテムGPブーツ,Bottes Shatemu GP
7844,シャテムレギンス,Jambières Shatemu
7845,シャテムＦレギンス,Jambières Shatemu F
7846,シャテムFZレギンス,Jambières Shatemu FZ
7847,シャテムHSレギンス,Jambières Shatemu HS
7848,シャテムGSレギンス,Jambières Shatemu GS
7849,シャテムGPレギンス,Jambières Shatemu GP
7850,ヘヴリアブーツ,Bottes Hevria
7851,ヘヴリアＦブーツ,Bottes Hevria F
7852,ヘヴリアFZブーツ,Bottes Hevria FZ
7853,ヘヴリアHSブーツ,Bottes Hevria HS
7854,ヘヴリアGSブーツ,Bottes Hevria GS
7855,ヘヴリアGPブーツ,Bottes Hevria GP
7856,ヘヴリアレギンス,Jambières Hevria
7857,ヘヴリアＦレギンス,Jambières Hevria F
7858,ヘヴリアFZレギンス,Jambières Hevria FZ
7859,ヘヴリアHSレギンス,Jambières Hevria HS
7860,ヘヴリアGSレギンス,Jambières Hevria GS
7861,ヘヴリアGPレギンス,Jambières Hevria GP
7862,ティルルブーツ,Bottes Tiuru
7863,ティルルＦブーツ,Bottes Tiuru F
7864,ティルルFZブーツ,Bottes Tiuru FZ
7865,ティルルHSブーツ,Bottes Tiuru HS
7866,ティルルGSブーツ,Bottes Tiuru GS
7867,ティルルGPブーツ,Bottes Tiuru GP
7868,ティルルレギンス,Jambières Tiuru
7869,ティルルＦレギンス,Jambières Tiuru F
7870,ティルルFZレギンス,Jambières Tiuru FZ
7871,ティルルHSレギンス,Jambières Tiuru HS
7872,ティルルGSレギンス,Jambières Tiuru GS
7873,ティルルGPレギンス,Jambières Tiuru GP
7874,バンデフット・青,Chausses Bande bleues
7875,バンデＦフット・青,Chausses Bande F bleues
7876,バンデFZフット・青,Chausses Bande FZ bleues
7877,バンデHSフット・青,Chausses Bande HS bleues
7878,バンデGSフット・青,Chausses Bande GS bleues
7879,バンデGPフット・青,Chausses Bande GP bleues
7880,バンデブーツ・青,Bottes Bande bleues
7881,バンデＦブーツ・青,Bottes Bande F bleues
7882,バンデFZブーツ・青,Bottes Bande FZ bleues
7883,バンデHSブーツ・青,Bottes Bande HS bleues
7884,バンデGSブーツ・青,Bottes Bande GS bleues
7885,バンデGPブーツ・青,Bottes Bande GP bleues
7886,バンデフット・赤,Chausses Bande rouges
7887,バンデＦフット・赤,Chausses Bande F rouges
7888,バンデFZフット・赤,Chausses Bande FZ rouges
7889,バンデHSフット・赤,Chausses Bande HS rouges
7890,バンデGSフット・赤,Chausses Bande GS rouges
7891,バンデGPフット・赤,Chausses Bande GP rouges
7892,バンデブーツ・赤,Bottes Bande rouges
7893,バンデＦブーツ・赤,Bottes Bande F rouges
7894,バンデFZブーツ・赤,Bottes Bande FZ rouges
7895,バンデHSブーツ・赤,Bottes Bande HS rouges
7896,バンデGSブーツ・赤,Bottes Bande GS rouges
7897,バンデGPブーツ・赤,Bottes Bande GP rouges
7898,バンデフット・緑,Chausses Bande vertes
7899,バンデＦフット・緑,Chausses Bande F vertes
7900,バンデFZフット・緑,Chausses Bande FZ vertes
7901,バンデHSフット・緑,Chausses Bande HS vertes
7902,バンデGSフット・緑,Chausses Bande GS vertes
7903,バンデGPフット・緑,Chausses Bande GP vertes
7904,バンデブーツ・緑,Bottes Bande vertes
7905,バンデＦブーツ・緑,Bottes Bande F vertes
7906,バンデFZブーツ・緑,Bottes Bande FZ vertes
7907,バンデHSブーツ・緑,Bottes Bande HS vertes
7908,バンデGSブーツ・緑,Bottes Bande GS vertes
7909,バンデGPブーツ・緑,Bottes Bande GP vertes
7910,バンデフット・黒,Chausses Bande noires
7911,バンデＦフット・黒,Chausses Bande F noires
7912,バンデFZフット・黒,Chausses Bande FZ noires
7913,バンデHSフット・黒,Chausses Bande HS noires
7914,バンデGSフット・黒,Chausses Bande GS noires
7915,バンデGPフット・黒,Chausses Bande GP noires
7916,バンデブーツ・黒,Bottes Bande noires
7917,バンデＦブーツ・黒,Bottes Bande F noires
7918,バンデFZブーツ・黒,Bottes Bande FZ noires
7919,バンデHSブーツ・黒,Bottes Bande HS noires
7920,バンデGSブーツ・黒,Bottes Bande GS noires
7921,バンデGPブーツ・黒,Bottes Bande GP noires
7922,天日ノ脛当・赤,
7923,天日ノ脛当Ｆ・赤,
7924,天日ノ脛当FZ・赤,
7925,天日ノ脛当HS・赤,
7926,天日ノ脛当GS・赤,
7927,天日ノ脛当GP・赤,
7928,天日ノ具足・赤,
7929,天日ノ具足Ｆ・赤,
7930,天日ノ具足FZ・赤,
7931,天日ノ具足HS・赤,
7932,天日ノ具足GS・赤,
7933,天日ノ具足GP・赤,
7934,天日ノ脛当・青,
7935,天日ノ脛当Ｆ・青,
7936,天日ノ脛当FZ・青,
7937,天日ノ脛当HS・青,
7938,天日ノ脛当GS・青,
7939,天日ノ脛当GP・青,
7940,天日ノ具足・青,
7941,天日ノ具足Ｆ・青,
7942,天日ノ具足FZ・青,
7943,天日ノ具足HS・青,
7944,天日ノ具足GS・青,
7945,天日ノ具足GP・青,
7946,天日ノ脛当・黒,
7947,天日ノ脛当Ｆ・黒,
7948,天日ノ脛当FZ・黒,
7949,天日ノ脛当HS・黒,
7950,天日ノ脛当GS・黒,
7951,天日ノ脛当GP・黒,
7952,天日ノ具足・黒,
7953,天日ノ具足Ｆ・黒,
7954,天日ノ具足FZ・黒,
7955,天日ノ具足HS・黒,
7956,天日ノ具足GS・黒,
7957,天日ノ具足GP・黒,
7958,天日ノ脛当・白,
7959,天日ノ脛当Ｆ・白,
7960,天日ノ脛当FZ・白,
7961,天日ノ脛当HS・白,
7962,天日ノ脛当GS・白,
7963,天日ノ脛当GP・白,
7964,天日ノ具足・白,
7965,天日ノ具足Ｆ・白,
7966,天日ノ具足FZ・白,
7967,天日ノ具足HS・白,
7968,天日ノ具足GS・白,
7969,天日ノ具足GP・白,
7970,天日ノ鉄衣・赤,
7971,天日ノ鉄衣Ｆ・赤,
7972,天日ノ鉄衣FZ・赤,
7973,天日ノ鉄衣HS・赤,
7974,天日ノ鉄衣GS・赤,
7975,天日ノ鉄衣GP・赤,
7976,天日ノ脚着・赤,
7977,天日ノ脚着Ｆ・赤,
7978,天日ノ脚着FZ・赤,
7979,天日ノ脚着HS・赤,
7980,天日ノ脚着GS・赤,
7981,天日ノ脚着GP・赤,
7982,天日ノ鉄衣・青,
7983,天日ノ鉄衣Ｆ・青,
7984,天日ノ鉄衣FZ・青,
7985,天日ノ鉄衣HS・青,
7986,天日ノ鉄衣GS・青,
7987,天日ノ鉄衣GP・青,
7988,天日ノ脚着・青,
7989,天日ノ脚着Ｆ・青,
7990,天日ノ脚着FZ・青,
7991,天日ノ脚着HS・青,
7992,天日ノ脚着GS・青,
7993,天日ノ脚着GP・青,
7994,天日ノ鉄衣・黒,
7995,天日ノ鉄衣Ｆ・黒,
7996,天日ノ鉄衣FZ・黒,
7997,天日ノ鉄衣HS・黒,
7998,天日ノ鉄衣GS・黒,
7999,天日ノ鉄衣GP・黒,
8000,天日ノ脚着・黒,
8001,天日ノ脚着Ｆ・黒,
8002,天日ノ脚着FZ・黒,
8003,天日ノ脚着HS・黒,
8004,天日ノ脚着GS・黒,
8005,天日ノ脚着GP・黒,
8006,天日ノ鉄衣・白,
8007,天日ノ鉄衣Ｆ・白,
8008,天日ノ鉄衣FZ・白,
8009,天日ノ鉄衣HS・白,
8010,天日ノ鉄衣GS・白,
8011,天日ノ鉄衣GP・白,
8012,天日ノ脚着・白,
8013,天日ノ脚着Ｆ・白,
8014,天日ノ脚着FZ・白,
8015,天日ノ脚着HS・白,
8016,天日ノ脚着GS・白,
8017,天日ノ脚着GP・白,
8018,リュバンフット,Chausses Ruban
8019,リュバンＦフット,Chausses Ruban F
8020,リュバンFZフット,Chausses Ruban FZ
8021,リュバンHSフット,Chausses Ruban HS
8022,リュバンGSフット,Chausses Ruban GS
8023,リュバンGPフット,Chausses Ruban GP
8024,リュバンレッグ,
8025,リュバンＦレッグ,
8026,リュバンFZレッグ,
8027,リュバンHSレッグ,
8028,リュバンGSレッグ,
8029,リュバンGPレッグ,
8030,オルロジュブーツ,Bottes Orloj
8031,オルロジュＦブーツ,Bottes Orloj F
8032,オルロジュFZブーツ,Bottes Orloj FZ
8033,オルロジュHSブーツ,Bottes Orloj HS
8034,オルロジュGSブーツ,Bottes Orloj GS
8035,オルロジュGPブーツ,Bottes Orloj GP
8036,オルロジュレギンス,Jambières Orloj
8037,オルロジュＦレギンス,Jambières Orloj F
8038,オルロジュFZレギンス,Jambières Orloj FZ
8039,オルロジュHSレギンス,Jambières Orloj HS
8040,オルロジュGSレギンス,Jambières Orloj GS
8041,オルロジュGPレギンス,Jambières Orloj GP
8042,ラモールフット,Chausses L'Amore
8043,ラモールＦフット,Chausses L'Amore F
8044,ラモールFZフット,Chausses L'Amore FZ
8045,ラモールHSフット,Chausses L'Amore HS
8046,ラモールGSフット,Chausses L'Amore GS
8047,ラモールGPフット,Chausses L'Amore GP
8048,ラモールレッグ,
8049,ラモールＦレッグ,
8050,ラモールFZレッグ,
8051,ラモールHSレッグ,
8052,ラモールGSレッグ,
8053,ラモールGPレッグ,
8054,ドルチェフット,Chausses Dolce
8055,ドルチェＦフット,Chausses Dolce F
8056,ドルチェFZフット,Chausses Dolce FZ
8057,ドルチェHSフット,Chausses Dolce HS
8058,ドルチェGSフット,Chausses Dolce GS
8059,ドルチェGPフット,Chausses Dolce GP
8060,ドルチェレッグ,
8061,ドルチェＦレッグ,
8062,ドルチェFZレッグ,
8063,ドルチェHSレッグ,
8064,ドルチェGSレッグ,
8065,ドルチェGPレッグ,
8066,ベンディグリーヴ,Grèves Bendi
8067,ベンディＦグリーヴ,Grèves Bendi F
8068,ベンディFZグリーヴ,Grèves Bendi FZ
8069,ベンディHSグリーヴ,Grèves Bendi HS
8070,ベンディGSグリーヴ,Grèves Bendi GS
8071,ベンディGPグリーヴ,Grèves Bendi GP
8072,ベンディレギンス,Jambières Bendi
8073,ベンディＦレギンス,Jambières Bendi F
8074,ベンディFZレギンス,Jambières Bendi FZ
8075,ベンディHSレギンス,Jambières Bendi HS
8076,ベンディGSレギンス,Jambières Bendi GS
8077,ベンディGPレギンス,Jambières Bendi GP
8078,ルヴナンフェルゼ,
8079,ルヴナンＦフェルゼ,
8080,ルヴナンFZフェルゼ,
8081,ルヴナンHSフェルゼ,
8082,ルヴナンGSフェルゼ,
8083,ルヴナンGPフェルゼ,
8084,ルヴナンアヴィレ,
8085,ルヴナンＦアヴィレ,
8086,ルヴナンFZアヴィレ,
8087,ルヴナンHSアヴィレ,
8088,ルヴナンGSアヴィレ,
8089,ルヴナンGPアヴィレ,
8090,ルキスＦフット,Chausses Lucis F
8091,ルキスHSフット,Chausses Lucis HS
8092,ルキスGSフット,Chausses Lucis GS
8093,ルキスGPフット,Chausses Lucis GP
8094,ルキスＦブーツ,Bottes Lucis F
8095,ルキスHSブーツ,Bottes Lucis HS
8096,ルキスGSブーツ,Bottes Lucis GS
8097,ルキスGPブーツ,Bottes Lucis GP
8098,リサーザHSフット,Chausses Risaaza HS
8099,リサーザGSフット,Chausses Risaaza GS
8100,リサーザGPフット,Chausses Risaaza GP
8101,リサーザHSブーツ,Bottes Risaaza HS
8102,リサーザGSブーツ,Bottes Risaaza GS
8103,リサーザGPブーツ,Bottes Risaaza GP
8104,ガウシカフット,Chausses Anteka
8105,ガウシカＦフット,Chausses Anteka F
8106,ガウシカFYフット,Chausses Anteka FY
8107,ガウシカHSフット,Chausses Anteka HS
8108,ガウシカＧフット,Chausses Anteka G
8109,ガウシカGFフット,Chausses Anteka GF
8110,ガウシカGXフット,Chausses Anteka GX
8111,クオイズフット,Chausses Quoiz
8112,クオイズＦフット,Chausses Quoiz F
8113,クオイズFYフット,Chausses Quoiz FY
8114,クオイズHSフット,Chausses Quoiz HS
8115,クオイズＧフット,Chausses Quoiz G
8116,クオイズGFフット,Chausses Quoiz GF
8117,クオイズGXフット,Chausses Quoiz GX
8118,クオイズレギンス,Jambières Quoiz
8119,クオイズＦレギンス,Jambières Quoiz F
8120,クオイズFYレギンス,Jambières Quoiz FY
8121,クオイズHSレギンス,Jambières Quoiz HS
8122,クオイズＧレギンス,Jambières Quoiz G
8123,クオイズGFレギンス,Jambières Quoiz GF
8124,クオイズGXレギンス,Jambières Quoiz GX
8125,カライスフット,Chausses Kalais
8126,カライスＦフット,Chausses Kalais F
8127,カライスFYフット,Chausses Kalais FY
8128,カライスHSフット,Chausses Kalais HS
8129,カライスＧフット,Chausses Kalais G
8130,カライスGFフット,Chausses Kalais GF
8131,カライスGXフット,Chausses Kalais GX
8132,カライスレギンス,Jambières Kalais
8133,カライスＦレギンス,Jambières Kalais F
8134,カライスFYレギンス,Jambières Kalais FY
8135,カライスHSレギンス,Jambières Kalais HS
8136,カライスＧレギンス,Jambières Kalais G
8137,カライスGFレギンス,Jambières Kalais GF
8138,カライスGXレギンス,Jambières Kalais GX
8139,ヨルティグリーヴ,Grèves Yoruti
8140,ヨルティＦグリーヴ,Grèves Yoruti F
8141,ヨルティFYグリーヴ,Grèves Yoruti FY
8142,ヨルティHSグリーヴ,Grèves Yoruti HS
8143,ヨルティＧグリーヴ,Grèves Yoruti G
8144,ヨルティGFグリーヴ,Grèves Yoruti GF
8145,ヨルティGXグリーヴ,Grèves Yoruti GX
8146,ヨルティレギンス,Jambières Yoruti
8147,ヨルティＦレギンス,Jambières Yoruti F
8148,ヨルティFYレギンス,Jambières Yoruti FY
8149,ヨルティHSレギンス,Jambières Yoruti HS
8150,ヨルティＧレギンス,Jambières Yoruti G
8151,ヨルティGFレギンス,Jambières Yoruti GF
8152,ヨルティGXレギンス,Jambières Yoruti GX
8153,ハラガングリーヴ,Grèves Haragan
8154,ハラガンＦグリーヴ,Grèves Haragan F
8155,ハラガンFYグリーヴ,Grèves Haragan FY
8156,ハラガンHSグリーヴ,Grèves Haragan HS
8157,ハラガンＧグリーヴ,Grèves Haragan G
8158,ハラガンGFグリーヴ,Grèves Haragan GF
8159,ハラガンGXグリーヴ,Grèves Haragan GX
8160,ハラガンレギンス,Jambières Haragan
8161,ハラガンＦレギンス,Jambières Haragan F
8162,ハラガンFYレギンス,Jambières Haragan FY
8163,ハラガンHSレギンス,Jambières Haragan HS
8164,ハラガンＧレギンス,Jambières Haragan G
8165,ハラガンGFレギンス,Jambières Haragan GF
8166,ハラガンGXレギンス,Jambières Haragan GX
8167,ライオスグリーヴ,Grèves Rios
8168,ライオスＦグリーヴ,Grèves Rios F
8169,ライオスFYグリーヴ,Grèves Rios FY
8170,ライオスHSグリーヴ,Grèves Rios HS
8171,ライオスＧグリーヴ,Grèves Rios G
8172,ライオスGFグリーヴ,Grèves Rios GF
8173,ライオスGXグリーヴ,Grèves Rios GX
8174,ライオスレギンス,Jambières Rios
8175,ライオスＦレギンス,Jambières Rios F
8176,ライオスFYレギンス,Jambières Rios FY
8177,ライオスHSレギンス,Jambières Rios HS
8178,ライオスＧレギンス,Jambières Rios G
8179,ライオスGFレギンス,Jambières Rios GF
8180,ライオスGXレギンス,Jambières Rios GX
8181,崩霧【袴】,
8182,崩霧Ｆ【袴】,
8183,崩霧FY【袴】,
8184,崩霧HS【袴】,
8185,崩霧Ｇ【袴】,
8186,崩霧GF【袴】,
8187,崩霧GX【袴】,
8188,迅霧【袴】,
8189,迅霧Ｆ【袴】,
8190,迅霧FY【袴】,
8191,迅霧HS【袴】,
8192,迅霧Ｇ【袴】,
8193,迅霧GF【袴】,
8194,迅霧GX【袴】,
8195,ロドクルグリーヴ,Grèves Rodokuru
8196,ロドクルＦグリーヴ,Grèves Rodokuru F
8197,ロドクルFYグリーヴ,Grèves Rodokuru FY
8198,ロドクルHSグリーヴ,Grèves Rodokuru HS
8199,ロドクルＧグリーヴ,Grèves Rodokuru G
8200,ロドクルGFグリーヴ,Grèves Rodokuru GF
8201,ロドクルGXグリーヴ,Grèves Rodokuru GX
8202,ノワールFYグリーヴ,
8203,ノワールHSグリーヴ,
8204,ノワールＧグリーヴ,
8205,ノワールGFグリーヴ,
8206,ノワールGXグリーヴ,
8207,鬼神ノ足枷Ｇ,
8208,鬼神ノ足枷GF,
8209,鬼神ノ足枷GX,
8210,童子ノ足枷Ｇ,
8211,童子ノ足枷GF,
8212,童子ノ足枷GX,
8213,トゥールムグリーヴ,Grèves Trume
8214,トゥールムＦグリーヴ,Grèves Trume F
8215,トゥールムFZグリーヴ,Grèves Trume FZ
8216,トゥールムHSグリーヴ,Grèves Trume HS
8217,トゥールムGSグリーヴ,Grèves Trume GS
8218,トゥールムGPグリーヴ,Grèves Trume GP
8219,トゥールムブーツ,Bottes Trume
8220,トゥールムＦブーツ,Bottes Trume F
8221,トゥールムFZブーツ,Bottes Trume FZ
8222,トゥールムHSブーツ,Bottes Trume HS
8223,トゥールムGSブーツ,Bottes Trume GS
8224,トゥールムGPブーツ,Bottes Trume GP
8225,ゴゴＧグリーヴ,Grèves Gogomoa G
8226,ゴゴGFグリーヴ,Grèves Gogomoa GF
8227,ゴゴGXグリーヴ,Grèves Gogomoa GX
8228,ゴゴＧレギンス,Jambières Gogomoa G
8229,ゴゴGFレギンス,Jambières Gogomoa GF
8230,ゴゴGXレギンス,Jambières Gogomoa GX
8231,ヴァルグリーヴ,Grèves Varusa
8232,ヴァルＦグリーヴ,Grèves Varusa F
8233,ヴァルFXグリーヴ,Grèves Varusa FX
8234,ヴァルＧグリーヴ,Grèves Varusa G
8235,ヴァルGFグリーヴ,Grèves Varusa GF
8236,ヴァルレギンス,Jambières Varusa
8237,ヴァルＦレギンス,Jambières Varusa F
8238,ヴァルFXレギンス,Jambières Varusa FX
8239,ヴァルＧレギンス,Jambières Varusa G
8240,ヴァルGFレギンス,Jambières Varusa GF
8241,フレイムGFグリーヴ,Grèves Flamme GF
8242,フレイムGFレギンス,Jambières Flamme GF
8243,リルスGFグリーヴ,Grèves Lils GF
8244,リルスGFレギンス,Jambières Lils GF
8245,アステリフット・白,Chausses Asteri blanches
8246,アステリＦフット・白,Chausses Asteri F blanches
8247,アステリFZフット・白,Chausses Asteri FZ blanches
8248,アステリHSフット・白,Chausses Asteri HS blanches
8249,アステリGSフット・白,Chausses Asteri GS blanches
8250,アステリGPフット・白,Chausses Asteri GP blanches
8251,アステリブーツ・白,Bottes Asteri blanches
8252,アステリＦブーツ・白,Bottes Asteri F blanches
8253,アステリFZブーツ・白,Bottes Asteri FZ blanches
8254,アステリHSブーツ・白,Bottes Asteri HS blanches
8255,アステリGSブーツ・白,Bottes Asteri GS blanches
8256,アステリGPブーツ・白,Bottes Asteri GP blanches
8257,アステリフット・青,Chausses Asteri bleues
8258,アステリＦフット・青,Chausses Asteri F bleues
8259,アステリFZフット・青,Chausses Asteri FZ bleues
8260,アステリHSフット・青,Chausses Asteri HS bleues
8261,アステリGSフット・青,Chausses Asteri GS bleues
8262,アステリGPフット・青,Chausses Asteri GP bleues
8263,アステリブーツ・青,Bottes Asteri bleues
8264,アステリＦブーツ・青,Bottes Asteri F bleues
8265,アステリFZブーツ・青,Bottes Asteri FZ bleues
8266,アステリHSブーツ・青,Bottes Asteri HS bleues
8267,アステリGSブーツ・青,Bottes Asteri GS bleues
8268,アステリGPブーツ・青,Bottes Asteri GP bleues
8269,アステリフット・赤,Chausses Asteri rouges
8270,アステリＦフット・赤,Chausses Asteri F rouges
8271,アステリFZフット・赤,Chausses Asteri FZ rouges
8272,アステリHSフット・赤,Chausses Asteri HS rouges
8273,アステリGSフット・赤,Chausses Asteri GS rouges
8274,アステリGPフット・赤,Chausses Asteri GP rouges
8275,アステリブーツ・赤,Bottes Asteri rouges
8276,アステリＦブーツ・赤,Bottes Asteri F rouges
8277,アステリFZブーツ・赤,Bottes Asteri FZ rouges
8278,アステリHSブーツ・赤,Bottes Asteri HS rouges
8279,アステリGSブーツ・赤,Bottes Asteri GS rouges
8280,アステリGPブーツ・赤,Bottes Asteri GP rouges
8281,アステリフット・黒,Chausses Asteri noires
8282,アステリＦフット・黒,Chausses Asteri F noires
8283,アステリFZフット・黒,Chausses Asteri FZ noires
8284,アステリHSフット・黒,Chausses Asteri HS noires
8285,アステリGSフット・黒,Chausses Asteri GS noires
8286,アステリGPフット・黒,Chausses Asteri GP noires
8287,アステリブーツ・黒,Bottes Asteri noires
8288,アステリＦブーツ・黒,Bottes Asteri F noires
8289,アステリFZブーツ・黒,Bottes Asteri FZ noires
8290,アステリHSブーツ・黒,Bottes Asteri HS noires
8291,アステリGSブーツ・黒,Bottes Asteri GS noires
8292,アステリGPブーツ・黒,Bottes Asteri GP noires
8293,ルケーゼフット,Chausses Lucchese
8294,ルケーゼＦフット,Chausses Lucchese F
8295,ルケーゼFYフット,Chausses Lucchese FY
8296,ルケーゼHSフット,Chausses Lucchese HS
8297,ルケーゼＧフット,Chausses Lucchese G
8298,ルケーゼGFフット,Chausses Lucchese GF
8299,ルケーゼGXフット,Chausses Lucchese GX
8300,ルケーゼレギンス,Jambières Lucchese
8301,ルケーゼＦレギンス,Jambières Lucchese F
8302,ルケーゼFYレギンス,Jambières Lucchese FY
8303,ルケーゼHSレギンス,Jambières Lucchese HS
8304,ルケーゼＧレギンス,Jambières Lucchese G
8305,ルケーゼGFレギンス,Jambières Lucchese GF
8306,ルケーゼGXレギンス,Jambières Lucchese GX
8307,オリクトＧグリーヴ,Grèves Orykto G
8308,オリクトGFグリーヴ,Grèves Orykto GF
8309,オリクトGXグリーヴ,Grèves Orykto GX
8310,オリクトＧレギンス,Jambières Orykto G
8311,オリクトGFレギンス,Jambières Orykto GF
8312,オリクトGXレギンス,Jambières Orykto GX
8313,ボニトグリーヴ,
8314,ボニトＦグリーヴ,
8315,ボニトFYグリーヴ,
8316,ボニトHSグリーヴ,
8317,ボニトＧグリーヴ,
8318,ボニトGFグリーヴ,
8319,ボニトGXグリーヴ,
8320,ボニトレギンス,
8321,ボニトＦレギンス,
8322,ボニトFYレギンス,
8323,ボニトHSレギンス,
8324,ボニトＧレギンス,
8325,ボニトGFレギンス,
8326,ボニトGXレギンス,
8327,司銀Ｇ【袴】,
8328,司銀GF【袴】,
8329,司銀GX【袴】,
8330,操銀Ｇ【袴】,
8331,操銀GF【袴】,
8332,操銀GX【袴】,
8333,ハルドグリーヴ,Grèves Harudo
8334,ハルドＦグリーヴ,Grèves Harudo F
8335,ハルドFXグリーヴ,Grèves Harudo FX
8336,ハルドＧグリーヴ,Grèves Harudo G
8337,ハルドGFグリーヴ,Grèves Harudo GF
8338,ハルドレギンス,Jambières Harudo
8339,ハルドＦレギンス,Jambières Harudo F
8340,ハルドFXレギンス,Jambières Harudo FX
8341,ハルドＧレギンス,Jambières Harudo G
8342,ハルドGFレギンス,Jambières Harudo GF
8343,グレアグリーヴ,Grèves Gureado
8344,グレアＦグリーヴ,Grèves Gureado F
8345,グレアFXグリーヴ,Grèves Gureado FX
8346,グレアＧグリーヴ,Grèves Gureado G
8347,グレアGFグリーヴ,Grèves Gureado GF
8348,グレアレギンス,Jambières Gureado
8349,グレアＦレギンス,Jambières Gureado F
8350,グレアFXレギンス,Jambières Gureado FX
8351,グレアＧレギンス,Jambières Gureado G
8352,グレアGFレギンス,Jambières Gureado GF
8353,アカムトＧケマル,
8354,アカムトGFケマル,
8355,アカムトGXケマル,
8356,アカムトＧチケル,
8357,アカムトGFチケル,
8358,アカムトGXチケル,
8359,ガノンＧグリーヴ,Grèves Plesioth G
8360,ガノンGFグリーヴ,Grèves Plesioth GF
8361,ガノンGXグリーヴ,Grèves Plesioth GX
8362,ガノンＧレギンス,Jambières Plesioth G
8363,ガノンGFレギンス,Jambières Plesioth GF
8364,ガノンGXレギンス,Jambières Plesioth GX
8365,ヒプックＧグリーヴ,
8366,ヒプックGFグリーヴ,
8367,ヒプックGXグリーヴ,
8368,ヒプックＧレギンス,
8369,ヒプックGFレギンス,
8370,ヒプックGXレギンス,
8371,ブリッツGXレガース,
8372,ブリッツGXブーツ,
8373,ストロマGXグリーヴ,Grèves Stroma GX
8374,ストロマGXレギンス,Jambières Stroma GX
8375,ディボアGXグリーヴ,Grèves Diboa GX
8376,ディボアGXレギンス,Jambières Diboa GX
8377,レグヌムフット・白,Chausses Regnum blanches
8378,レグヌムＦフット・白,Chausses Regnum F blanches
8379,レグヌムFZフット・白,Chausses Regnum FZ blanches
8380,レグヌムHSフット・白,Chausses Regnum HS blanches
8381,レグヌムGSフット・白,Chausses Regnum GS blanches
8382,レグヌムGPフット・白,Chausses Regnum GP blanches
8383,レグヌムブーツ・白,Bottes Regnum blanches
8384,レグヌムＦブーツ・白,Bottes Regnum F blanches
8385,レグヌムFZブーツ・白,Bottes Regnum FZ blanches
8386,レグヌムHSブーツ・白,Bottes Regnum HS blanches
8387,レグヌムGSブーツ・白,Bottes Regnum GS blanches
8388,レグヌムGPブーツ・白,Bottes Regnum GP blanches
8389,レグヌムフット・青,Chausses Regnum bleues
8390,レグヌムＦフット・青,Chausses Regnum F bleues
8391,レグヌムFZフット・青,Chausses Regnum FZ bleues
8392,レグヌムHSフット・青,Chausses Regnum HS bleues
8393,レグヌムGSフット・青,Chausses Regnum GS bleues
8394,レグヌムGPフット・青,Chausses Regnum GP bleues
8395,レグヌムブーツ・青,Bottes Regnum bleues
8396,レグヌムＦブーツ・青,Bottes Regnum F bleues
8397,レグヌムFZブーツ・青,Bottes Regnum FZ bleues
8398,レグヌムHSブーツ・青,Bottes Regnum HS bleues
8399,レグヌムGSブーツ・青,Bottes Regnum GS bleues
8400,レグヌムGPブーツ・青,Bottes Regnum GP bleues
8401,レグヌムフット・赤,Chausses Regnum rouges
8402,レグヌムＦフット・赤,Chausses Regnum F rouges
8403,レグヌムFZフット・赤,Chausses Regnum FZ rouges
8404,レグヌムHSフット・赤,Chausses Regnum HS rouges
8405,レグヌムGSフット・赤,Chausses Regnum GS rouges
8406,レグヌムGPフット・赤,Chausses Regnum GP rouges
8407,レグヌムブーツ・赤,Bottes Regnum rouges
8408,レグヌムＦブーツ・赤,Bottes Regnum F rouges
8409,レグヌムFZブーツ・赤,Bottes Regnum FZ rouges
8410,レグヌムHSブーツ・赤,Bottes Regnum HS rouges
8411,レグヌムGSブーツ・赤,Bottes Regnum GS rouges
8412,レグヌムGPブーツ・赤,Bottes Regnum GP rouges
8413,レグヌムフット・茶,Chausses Regnum brunes
8414,レグヌムＦフット・茶,Chausses Regnum F brunes
8415,レグヌムFZフット・茶,Chausses Regnum FZ brunes
8416,レグヌムHSフット・茶,Chausses Regnum HS brunes
8417,レグヌムGSフット・茶,Chausses Regnum GS brunes
8418,レグヌムGPフット・茶,Chausses Regnum GP brunes
8419,レグヌムブーツ・茶,Bottes Regnum brunes
8420,レグヌムＦブーツ・茶,Bottes Regnum F brunes
8421,レグヌムFZブーツ・茶,Bottes Regnum FZ brunes
8422,レグヌムHSブーツ・茶,Bottes Regnum HS brunes
8423,レグヌムGSブーツ・茶,Bottes Regnum GS brunes
8424,レグヌムGPブーツ・茶,Bottes Regnum GP brunes
8425,マリンフット・青,Chausses Marin bleues
8426,マリンＦフット・青,Chausses Marin F bleues
8427,マリンFZフット・青,Chausses Marin FZ bleues
8428,マリンHSフット・青,Chausses Marin HS bleues
8429,マリンGSフット・青,Chausses Marin GS bleues
8430,マリンGPフット・青,Chausses Marin GP bleues
8431,マリンブーツ・青,Bottes Marin bleues
8432,マリンＦブーツ・青,Bottes Marin F bleues
8433,マリンFZブーツ・青,Bottes Marin FZ bleues
8434,マリンHSブーツ・青,Bottes Marin HS bleues
8435,マリンGSブーツ・青,Bottes Marin GS bleues
8436,マリンGPブーツ・青,Bottes Marin GP bleues
8437,マリンフット・桃,Chausses Marin roses
8438,マリンＦフット・桃,Chausses Marin F roses
8439,マリンFZフット・桃,Chausses Marin FZ roses
8440,マリンHSフット・桃,Chausses Marin HS roses
8441,マリンGSフット・桃,Chausses Marin GS roses
8442,マリンGPフット・桃,Chausses Marin GP roses
8443,マリンブーツ・桃,Bottes Marin roses
8444,マリンＦブーツ・桃,Bottes Marin F roses
8445,マリンFZブーツ・桃,Bottes Marin FZ roses
8446,マリンHSブーツ・桃,Bottes Marin HS roses
8447,マリンGSブーツ・桃,Bottes Marin GS roses
8448,マリンGPブーツ・桃,Bottes Marin GP roses
8449,マリンフット・白,Chausses Marin blanches
8450,マリンＦフット・白,Chausses Marin F blanches
8451,マリンFZフット・白,Chausses Marin FZ blanches
8452,マリンHSフット・白,Chausses Marin HS blanches
8453,マリンGSフット・白,Chausses Marin GS blanches
8454,マリンGPフット・白,Chausses Marin GP blanches
8455,マリンブーツ・白,Bottes Marin blanches
8456,マリンＦブーツ・白,Bottes Marin F blanches
8457,マリンFZブーツ・白,Bottes Marin FZ blanches
8458,マリンHSブーツ・白,Bottes Marin HS blanches
8459,マリンGSブーツ・白,Bottes Marin GS blanches
8460,マリンGPブーツ・白,Bottes Marin GP blanches
8461,マリンフット・黒,Chausses Marin noires
8462,マリンＦフット・黒,Chausses Marin F noires
8463,マリンFZフット・黒,Chausses Marin FZ noires
8464,マリンHSフット・黒,Chausses Marin HS noires
8465,マリンGSフット・黒,Chausses Marin GS noires
8466,マリンGPフット・黒,Chausses Marin GP noires
8467,マリンブーツ・黒,Bottes Marin noires
8468,マリンＦブーツ・黒,Bottes Marin F noires
8469,マリンFZブーツ・黒,Bottes Marin FZ noires
8470,マリンHSブーツ・黒,Bottes Marin HS noires
8471,マリンGSブーツ・黒,Bottes Marin GS noires
8472,マリンGPブーツ・黒,Bottes Marin GP noires
8473,ルフレフット・青,Chausses Rufre bleues
8474,ルフレＦフット・青,Chausses Rufre F bleues
8475,ルフレFZフット・青,Chausses Rufre FZ bleues
8476,ルフレHSフット・青,Chausses Rufre HS bleues
8477,ルフレGSフット・青,Chausses Rufre GS bleues
8478,ルフレGPフット・青,Chausses Rufre GP bleues
8479,ルフレブーツ・青,Bottes Rufre bleues
8480,ルフレＦブーツ・青,Bottes Rufre F bleues
8481,ルフレFZブーツ・青,Bottes Rufre FZ bleues
8482,ルフレHSブーツ・青,Bottes Rufre HS bleues
8483,ルフレGSブーツ・青,Bottes Rufre GS bleues
8484,ルフレGPブーツ・青,Bottes Rufre GP bleues
8485,ルフレフット・白,Chausses Rufre blanches
8486,ルフレＦフット・白,Chausses Rufre F blanches
8487,ルフレFZフット・白,Chausses Rufre FZ blanches
8488,ルフレHSフット・白,Chausses Rufre HS blanches
8489,ルフレGSフット・白,Chausses Rufre GS blanches
8490,ルフレGPフット・白,Chausses Rufre GP blanches
8491,ルフレブーツ・白,Bottes Rufre blanches
8492,ルフレＦブーツ・白,Bottes Rufre F blanches
8493,ルフレFZブーツ・白,Bottes Rufre FZ blanches
8494,ルフレHSブーツ・白,Bottes Rufre HS blanches
8495,ルフレGSブーツ・白,Bottes Rufre GS blanches
8496,ルフレGPブーツ・白,Bottes Rufre GP blanches
8497,ルフレフット・赤,Chausses Rufre rouges
8498,ルフレＦフット・赤,Chausses Rufre F rouges
8499,ルフレFZフット・赤,Chausses Rufre FZ rouges
8500,ルフレHSフット・赤,Chausses Rufre HS rouges
8501,ルフレGSフット・赤,Chausses Rufre GS rouges
8502,ルフレGPフット・赤,Chausses Rufre GP rouges
8503,ルフレブーツ・赤,Bottes Rufre rouges
8504,ルフレＦブーツ・赤,Bottes Rufre F rouges
8505,ルフレFZブーツ・赤,Bottes Rufre FZ rouges
8506,ルフレHSブーツ・赤,Bottes Rufre HS rouges
8507,ルフレGSブーツ・赤,Bottes Rufre GS rouges
8508,ルフレGPブーツ・赤,Bottes Rufre GP rouges
8509,ルフレフット・黒,Chausses Rufre noires
8510,ルフレＦフット・黒,Chausses Rufre F noires
8511,ルフレFZフット・黒,Chausses Rufre FZ noires
8512,ルフレHSフット・黒,Chausses Rufre HS noires
8513,ルフレGSフット・黒,Chausses Rufre GS noires
8514,ルフレGPフット・黒,Chausses Rufre GP noires
8515,ルフレブーツ・黒,Bottes Rufre noires
8516,ルフレＦブーツ・黒,Bottes Rufre F noires
8517,ルフレFZブーツ・黒,Bottes Rufre FZ noires
8518,ルフレHSブーツ・黒,Bottes Rufre HS noires
8519,ルフレGSブーツ・黒,Bottes Rufre GS noires
8520,ルフレGPブーツ・黒,Bottes Rufre GP noires
8521,CEケブラー脚：剣青,Jambes CE Lame bleues
8522,CEケブラーＦ脚：剣青,Jambes CE Lame bleues
8523,CEケブラーFZ脚：剣青,Jambes CE Lame bleues
8524,CEケブラーHS脚：剣青,Jambes CE Lame bleues
8525,CEケブラーGS脚：剣青,Jambes CE Lame bleues
8526,CEケブラーGP脚：剣青,Jambes CE Lame bleues
8527,CEケブラー脚：弓青,Jambes CE Arc bleues
8528,CEケブラーＦ脚：弓青,Jambes CE Arc bleues
8529,CEケブラーFZ脚：弓青,Jambes CE Arc bleues
8530,CEケブラーHS脚：弓青,Jambes CE Arc bleues
8531,CEケブラーGS脚：弓青,Jambes CE Arc bleues
8532,CEケブラーGP脚：弓青,Jambes CE Arc bleues
8533,CEケブラー脚：剣赤,Jambes CE Lame rouges
8534,CEケブラーＦ脚：剣赤,Jambes CE Lame rouges
8535,CEケブラーFZ脚：剣赤,Jambes CE Lame rouges
8536,CEケブラーHS脚：剣赤,Jambes CE Lame rouges
8537,CEケブラーGS脚：剣赤,Jambes CE Lame rouges
8538,CEケブラーGP脚：剣赤,Jambes CE Lame rouges
8539,CEケブラー脚：弓赤,Jambes CE Arc rouges
8540,CEケブラーＦ脚：弓赤,Jambes CE Arc rouges
8541,CEケブラーFZ脚：弓赤,Jambes CE Arc rouges
8542,CEケブラーHS脚：弓赤,Jambes CE Arc rouges
8543,CEケブラーGS脚：弓赤,Jambes CE Arc rouges
8544,CEケブラーGP脚：弓赤,Jambes CE Arc rouges
8545,CEケブラー脚：剣白,Jambes CE Lame blanches
8546,CEケブラーＦ脚：剣白,Jambes CE Lame blanches
8547,CEケブラーFZ脚：剣白,Jambes CE Lame blanches
8548,CEケブラーHS脚：剣白,Jambes CE Lame blanches
8549,CEケブラーGS脚：剣白,Jambes CE Lame blanches
8550,CEケブラーGP脚：剣白,Jambes CE Lame blanches
8551,CEケブラー脚：弓白,Jambes CE Arc blanches
8552,CEケブラーＦ脚：弓白,Jambes CE Arc blanches
8553,CEケブラーFZ脚：弓白,Jambes CE Arc blanches
8554,CEケブラーHS脚：弓白,Jambes CE Arc blanches
8555,CEケブラーGS脚：弓白,Jambes CE Arc blanches
8556,CEケブラーGP脚：弓白,Jambes CE Arc blanches
8557,CEケブラー脚：剣黒,Jambes CE Lame noires
8558,CEケブラーＦ脚：剣黒,Jambes CE Lame noires
8559,CEケブラーFZ脚：剣黒,Jambes CE Lame noires
8560,CEケブラーHS脚：剣黒,Jambes CE Lame noires
8561,CEケブラーGS脚：剣黒,Jambes CE Lame noires
8562,CEケブラーGP脚：剣黒,Jambes CE Lame noires
8563,CEケブラー脚：弓黒,Jambes CE Arc noires
8564,CEケブラーＦ脚：弓黒,Jambes CE Arc noires
8565,CEケブラーFZ脚：弓黒,Jambes CE Arc noires
8566,CEケブラーHS脚：弓黒,Jambes CE Arc noires
8567,CEケブラーGS脚：弓黒,Jambes CE Arc noires
8568,CEケブラーGP脚：弓黒,Jambes CE Arc noires
8569,ABレイヤー脚：剣赤,
8570,ABレイヤーＦ脚：剣赤,
8571,ABレイヤーFZ脚：剣赤,
8572,ABレイヤーHS脚：剣赤,
8573,ABレイヤーGS脚：剣赤,
8574,ABレイヤーGP脚：剣赤,
8575,ABレイヤー脚：弓赤,
8576,ABレイヤーＦ脚：弓赤,
8577,ABレイヤーFZ脚：弓赤,
8578,ABレイヤーHS脚：弓赤,
8579,ABレイヤーGS脚：弓赤,
8580,ABレイヤーGP脚：弓赤,
8581,ABレイヤー脚：剣青,
8582,ABレイヤーＦ脚：剣青,
8583,ABレイヤーFZ脚：剣青,
8584,ABレイヤーHS脚：剣青,
8585,ABレイヤーGS脚：剣青,
8586,ABレイヤーGP脚：剣青,
8587,ABレイヤー脚：弓青,
8588,ABレイヤーＦ脚：弓青,
8589,ABレイヤーFZ脚：弓青,
8590,ABレイヤーHS脚：弓青,
8591,ABレイヤーGS脚：弓青,
8592,ABレイヤーGP脚：弓青,
8593,ABレイヤー脚：剣黒,
8594,ABレイヤーＦ脚：剣黒,
8595,ABレイヤーFZ脚：剣黒,
8596,ABレイヤーHS脚：剣黒,
8597,ABレイヤーGS脚：剣黒,
8598,ABレイヤーGP脚：剣黒,
8599,ABレイヤー脚：弓黒,
8600,ABレイヤーＦ脚：弓黒,
8601,ABレイヤーFZ脚：弓黒,
8602,ABレイヤーHS脚：弓黒,
8603,ABレイヤーGS脚：弓黒,
8604,ABレイヤーGP脚：弓黒,
8605,ABレイヤー脚：剣白,
8606,ABレイヤーＦ脚：剣白,
8607,ABレイヤーFZ脚：剣白,
8608,ABレイヤーHS脚：剣白,
8609,ABレイヤーGS脚：剣白,
8610,ABレイヤーGP脚：剣白,
8611,ABレイヤー脚：弓白,
8612,ABレイヤーＦ脚：弓白,
8613,ABレイヤーFZ脚：弓白,
8614,ABレイヤーHS脚：弓白,
8615,ABレイヤーGS脚：弓白,
8616,ABレイヤーGP脚：弓白,
8617,ブロンテフット,Chausses Bronte
8618,ブロンテＦフット,Chausses Bronte F
8619,ブロンテFZフット,Chausses Bronte FZ
8620,ブロンテHSフット,Chausses Bronte HS
8621,ブロンテGSフット,Chausses Bronte GS
8622,ブロンテGPフット,Chausses Bronte GP
8623,ブロンテブーツ,Bottes Bronte
8624,ブロンテＦブーツ,Bottes Bronte F
8625,ブロンテFZブーツ,Bottes Bronte FZ
8626,ブロンテHSブーツ,Bottes Bronte HS
8627,ブロンテGSブーツ,Bottes Bronte GS
8628,ブロンテGPブーツ,Bottes Bronte GP
8629,ソレーネフット,Chausses Solene
8630,ソレーネＦフット,Chausses Solene F
8631,ソレーネFZフット,Chausses Solene FZ
8632,ソレーネHSフット,Chausses Solene HS
8633,ソレーネGSフット,Chausses Solene GS
8634,ソレーネGPフット,Chausses Solene GP
8635,ソレーネブーツ,Bottes Solene
8636,ソレーネＦブーツ,Bottes Solene F
8637,ソレーネFZブーツ,Bottes Solene FZ
8638,ソレーネHSブーツ,Bottes Solene HS
8639,ソレーネGSブーツ,Bottes Solene GS
8640,ソレーネGPブーツ,Bottes Solene GP
8641,ラピヌフット,Chausses Lapine
8642,ラピヌＦフット,Chausses Lapine F
8643,ラピヌFZフット,Chausses Lapine FZ
8644,ラピヌHSフット,Chausses Lapine HS
8645,ラピヌGSフット,Chausses Lapine GS
8646,ラピヌGPフット,Chausses Lapine GP
8647,ラピヌブーツ,Bottes Lapine
8648,ラピヌＦブーツ,Bottes Lapine F
8649,ラピヌFZブーツ,Bottes Lapine FZ
8650,ラピヌHSブーツ,Bottes Lapine HS
8651,ラピヌGSブーツ,Bottes Lapine GS
8652,ラピヌGPブーツ,Bottes Lapine GP
8653,マゴスGPフット・黄,Chausses Magos GP jaunes
8654,マゴスGPブーツ・黄,Bottes Magos GP jaunes
8655,マゴスGPフット・赤,Chausses Magos GP rouges
8656,マゴスGPブーツ・赤,Bottes Magos GP rouges
8657,マゴスGPフット・水,
8658,マゴスGPブーツ・水,
8659,マゴスGPフット・青,Chausses Magos GP bleues
8660,マゴスGPブーツ・青,Bottes Magos GP bleues
8661,ユクモノハカマ・天,
8662,ユクモノハカマＧ・天,
8663,ユクモノハカマGF・天,
8664,ユクモノハカマGX・天,
8665,フロガダＧグリーヴ,Grèves Furogada G
8666,フロガダGFグリーヴ,Grèves Furogada GF
8667,フロガダGXグリーヴ,Grèves Furogada GX
8668,ユクモノハカマ・地,
8669,ユクモノハカマＧ・地,
8670,ユクモノハカマGF・地,
8671,ユクモノハカマGX・地,
8672,フロガダＧレギンス,Jambières Furogada G
8673,フロガダGFレギンス,Jambières Furogada GF
8674,フロガダGXレギンス,Jambières Furogada GX
8675,ダミー,
8676,ダミー,
8677,ダミー,
8678,ダミー,
8679,ランセＧグリーヴ,Grèves Rance G
8680,ランセGFグリーヴ,Grèves Rance GF
8681,ランセGXグリーヴ,Grèves Rance GX
8682,ダミー,
8683,ダミー,
8684,ダミー,
8685,ダミー,
8686,ランセＧレギンス,Jambières Rance G
8687,ランセGFレギンス,Jambières Rance GF
8688,ランセGXレギンス,Jambières Rance GX
8689,メイリダグリーヴ,Grèves Meirida
8690,メイリダＦグリーヴ,Grèves Meirida F
8691,メイリダFYグリーヴ,Grèves Meirida FY
8692,メイリダHSグリーヴ,Grèves Meirida HS
8693,メイリダＧグリーヴ,Grèves Meirida G
8694,メイリダGFグリーヴ,Grèves Meirida GF
8695,メイリダGXグリーヴ,Grèves Meirida GX
8696,メイリダレギンス,Jambières Meirida
8697,メイリダＦレギンス,Jambières Meirida F
8698,メイリダFYレギンス,Jambières Meirida FY
8699,メイリダHSレギンス,Jambières Meirida HS
8700,メイリダＧレギンス,Jambières Meirida G
8701,メイリダGFレギンス,Jambières Meirida GF
8702,メイリダGXレギンス,Jambières Meirida GX
8703,マアデングリーヴ,Grèves Maaden
8704,マアデンＦグリーヴ,Grèves Maaden F
8705,マアデンFYグリーヴ,Grèves Maaden FY
8706,マアデンHSグリーヴ,Grèves Maaden HS
8707,マアデンＧグリーヴ,Grèves Maaden G
8708,マアデンGFグリーヴ,Grèves Maaden GF
8709,マアデンGXグリーヴ,Grèves Maaden GX
8710,マアデンレギンス,Jambières Maaden
8711,マアデンＦレギンス,Jambières Maaden F
8712,マアデンFYレギンス,Jambières Maaden FY
8713,マアデンHSレギンス,Jambières Maaden HS
8714,マアデンＧレギンス,Jambières Maaden G
8715,マアデンGFレギンス,Jambières Maaden GF
8716,マアデンGXレギンス,Jambières Maaden GX
8717,紅昇【袴】,
8718,紅昇Ｆ【袴】,
8719,紅昇FY【袴】,
8720,紅昇HS【袴】,
8721,紅昇Ｇ【袴】,
8722,紅昇GF【袴】,
8723,紅昇GX【袴】,
8724,紅楼【袴】,
8725,紅楼Ｆ【袴】,
8726,紅楼FY【袴】,
8727,紅楼HS【袴】,
8728,紅楼Ｇ【袴】,
8729,紅楼GF【袴】,
8730,紅楼GX【袴】,
8731,アブヤドグリーヴ,Grèves Abuyado
8732,アブヤドＦグリーヴ,Grèves Abuyado F
8733,アブヤドFYグリーヴ,Grèves Abuyado FY
8734,アブヤドHSグリーヴ,Grèves Abuyado HS
8735,アブヤドＧグリーヴ,Grèves Abuyado G
8736,アブヤドGFグリーヴ,Grèves Abuyado GF
8737,アブヤドGXグリーヴ,Grèves Abuyado GX
8738,アブヤドレギンス,Jambières Abuyado
8739,アブヤドＦレギンス,Jambières Abuyado F
8740,アブヤドFYレギンス,Jambières Abuyado FY
8741,アブヤドHSレギンス,Jambières Abuyado HS
8742,アブヤドＧレギンス,Jambières Abuyado G
8743,アブヤドGFレギンス,Jambières Abuyado GF
8744,アブヤドGXレギンス,Jambières Abuyado GX
8745,ゴルックフット,Chausses Gorukku
8746,ゴルックＦフット,Chausses Gorukku F
8747,ゴルックFYフット,Chausses Gorukku FY
8748,ゴルックHSフット,Chausses Gorukku HS
8749,ゴルックＧフット,Chausses Gorukku G
8750,ゴルックGFフット,Chausses Gorukku GF
8751,ゴルックGXフット,Chausses Gorukku GX
8752,ゴルックブーツ,Bottes Gorukku
8753,ゴルックＦブーツ,Bottes Gorukku F
8754,ゴルックFYブーツ,Bottes Gorukku FY
8755,ゴルックHSブーツ,Bottes Gorukku HS
8756,ゴルックＧブーツ,Bottes Gorukku G
8757,ゴルックGFブーツ,Bottes Gorukku GF
8758,ゴルックGXブーツ,Bottes Gorukku GX
8759,しましまフット,Chausses Shimashima
8760,しましまＦフット,Chausses Shimashima F
8761,しましまFYフット,Chausses Shimashima FY
8762,しましまHSフット,Chausses Shimashima HS
8763,しましまＧフット,Chausses Shimashima G
8764,しましまGFフット,Chausses Shimashima GF
8765,しましまGXフット,Chausses Shimashima GX
8766,しましまブーツ,Bottes Shimashima
8767,しましまＦブーツ,Bottes Shimashima F
8768,しましまFYブーツ,Bottes Shimashima FY
8769,しましまHSブーツ,Bottes Shimashima HS
8770,しましまＧブーツ,Bottes Shimashima G
8771,しましまGFブーツ,Bottes Shimashima GF
8772,しましまGXブーツ,Bottes Shimashima GX
8773,リオデュオFYグリーヴ,Grèves Rath FY
8774,リオデュオHSグリーヴ,Grèves Rath HS
8775,リオデュオＧグリーヴ,Grèves Rath G
8776,リオデュオGFグリーヴ,Grèves Rath GF
8777,リオデュオGXグリーヴ,Grèves Rath GX
8778,リオデュオFYレギンス,Jambières Rath FY
8779,リオデュオHSレギンス,Jambières Rath HS
8780,リオデュオＧレギンス,Jambières Rath G
8781,リオデュオGFレギンス,Jambières Rath GF
8782,リオデュオGXレギンス,Jambières Rath GX
8783,タンドレスHSフット,Chausses Tandress HS
8784,タンドレスＧフット,Chausses Tandress G
8785,タンドレスGFフット,Chausses Tandress GF
8786,タンドレスGXフット,Chausses Tandress GX
8787,タンドレスHSブーツ,Bottes Tandress HS
8788,タンドレスＧブーツ,Bottes Tandress G
8789,タンドレスGFブーツ,Bottes Tandress GF
8790,タンドレスGXブーツ,Bottes Tandress GX
8791,ランヴォフット,Chausses Ranvuo
8792,ランヴォＦフット,Chausses Ranvuo F
8793,ランヴォFYフット,Chausses Ranvuo FY
8794,ランヴォHSフット,Chausses Ranvuo HS
8795,ランヴォＧフット,Chausses Ranvuo G
8796,ランヴォGFフット,Chausses Ranvuo GF
8797,ランヴォGXフット,Chausses Ranvuo GX
8798,ランヴォブーツ,Bottes Ranvuo
8799,ランヴォＦブーツ,Bottes Ranvuo F
8800,ランヴォFYブーツ,Bottes Ranvuo FY
8801,ランヴォHSブーツ,Bottes Ranvuo HS
8802,ランヴォＧブーツ,Bottes Ranvuo G
8803,ランヴォGFブーツ,Bottes Ranvuo GF
8804,ランヴォGXブーツ,Bottes Ranvuo GX
8805,ニュイフット,Chausses Nyui
8806,ニュイＦフット,Chausses Nyui F
8807,ニュイFYフット,Chausses Nyui FY
8808,ニュイHSフット,Chausses Nyui HS
8809,ニュイＧフット,Chausses Nyui G
8810,ニュイGFフット,Chausses Nyui GF
8811,ニュイGXフット,Chausses Nyui GX
8812,ニュイブーツ,Bottes Nyui
8813,ニュイＦブーツ,Bottes Nyui F
8814,ニュイFYブーツ,Bottes Nyui FY
8815,ニュイHSブーツ,Bottes Nyui HS
8816,ニュイＧブーツ,Bottes Nyui G
8817,ニュイGFブーツ,Bottes Nyui GF
8818,ニュイGXブーツ,Bottes Nyui GX
8819,ダミー,
8820,ダミー,
8821,ダミー,
8822,ダミー,
8823,ニンファＧグリーヴ,Grèves Nympha G
8824,ニンファGFグリーヴ,Grèves Nympha GF
8825,ニンファGXグリーヴ,Grèves Nympha GX
8826,ダミー,
8827,ダミー,
8828,ダミー,
8829,ダミー,
8830,ニンファＧレギンス,Jambières Nympha G
8831,ニンファGFレギンス,Jambières Nympha GF
8832,ニンファGXレギンス,Jambières Nympha GX
8833,ハルドGXグリーヴ,Grèves Harudo GX
8834,ハルドGXレギンス,Jambières Harudo GX
8835,グレアGXグリーヴ,Grèves Gureado GX
8836,グレアGXレギンス,Jambières Gureado GX
8837,ピクスGPフット・緑,Chausses Pyx GP vertes
8838,ピクスGPブーツ・緑,Bottes Pyx GP vertes
8839,ピクスGPフット・紫,Chausses Pyx GP violettes
8840,ピクスGPブーツ・紫,Bottes Pyx GP violettes
8841,ピクスGPフット・黒,Chausses Pyx GP noires
8842,ピクスGPブーツ・黒,Bottes Pyx GP noires
8843,ピクスGPフット・水,
8844,ピクスGPブーツ・水,
8845,ダミー,
8846,ダミー,
8847,スマートHSレッグ,
8848,スマートGSレッグ,
8849,ガスラグリーヴ,Grèves Gasura
8850,ガスラＦグリーヴ,Grèves Gasura F
8851,ガスラFXグリーヴ,Grèves Gasura FX
8852,ガスラＧグリーヴ,Grèves Gasura G
8853,ガスラGFグリーヴ,Grèves Gasura GF
8854,ガスラGXグリーヴ,Grèves Gasura GX
8855,ガスラレギンス,Jambières Gasura
8856,ガスラＦレギンス,Jambières Gasura F
8857,ガスラFXレギンス,Jambières Gasura FX
8858,ガスラＧレギンス,Jambières Gasura G
8859,ガスラGFレギンス,Jambières Gasura GF
8860,ガスラGXレギンス,Jambières Gasura GX
8861,怒貌Ｇ【具足】,
8862,怒貌GF【具足】,
8863,怒貌GX【具足】,
8864,怒面Ｇ【具足】,
8865,怒面GF【具足】,
8866,怒面GX【具足】,
8867,アビＧグリーヴ,Grèves Abi G
8868,アビGFグリーヴ,Grèves Abi GF
8869,アビGXグリーヴ,Grèves Abi GX
8870,アビＧレギンス,Jambières Abi G
8871,アビGFレギンス,Jambières Abi GF
8872,アビGXレギンス,Jambières Abi GX
8873,ジンオウグリーヴ,Grèves Zinogre
8874,ジンオウＧグリーヴ,Grèves Zinogre G
8875,ジンオウGFグリーヴ,Grèves Zinogre GF
8876,ジンオウGXグリーヴ,Grèves Zinogre GX
8877,ジンオウレギンス,Jambières Zinogre
8878,ジンオウＧレギンス,Jambières Zinogre G
8879,ジンオウGFレギンス,Jambières Zinogre GF
8880,ジンオウGXレギンス,Jambières Zinogre GX
8881,ガニアフット・赤,Chausses Gania rouges
8882,ガニアＦフット・赤,Chausses Gania F rouges
8883,ガニアFZフット・赤,Chausses Gania FZ rouges
8884,ガニアHSフット・赤,Chausses Gania HS rouges
8885,ガニアGSフット・赤,Chausses Gania GS rouges
8886,ガニアGPフット・赤,Chausses Gania GP rouges
8887,ガニアブーツ・赤,Bottes Gania rouges
8888,ガニアＦブーツ・赤,Bottes Gania F rouges
8889,ガニアFZブーツ・赤,Bottes Gania FZ rouges
8890,ガニアHSブーツ・赤,Bottes Gania HS rouges
8891,ガニアGSブーツ・赤,Bottes Gania GS rouges
8892,ガニアGPブーツ・赤,Bottes Gania GP rouges
8893,ガニアフット・青,Chausses Gania bleues
8894,ガニアＦフット・青,Chausses Gania F bleues
8895,ガニアFZフット・青,Chausses Gania FZ bleues
8896,ガニアHSフット・青,Chausses Gania HS bleues
8897,ガニアGSフット・青,Chausses Gania GS bleues
8898,ガニアGPフット・青,Chausses Gania GP bleues
8899,ガニアブーツ・青,Bottes Gania bleues
8900,ガニアＦブーツ・青,Bottes Gania F bleues
8901,ガニアFZブーツ・青,Bottes Gania FZ bleues
8902,ガニアHSブーツ・青,Bottes Gania HS bleues
8903,ガニアGSブーツ・青,Bottes Gania GS bleues
8904,ガニアGPブーツ・青,Bottes Gania GP bleues
8905,ガニアフット・茶,Chausses Gania brunes
8906,ガニアＦフット・茶,Chausses Gania F brunes
8907,ガニアFZフット・茶,Chausses Gania FZ brunes
8908,ガニアHSフット・茶,Chausses Gania HS brunes
8909,ガニアGSフット・茶,Chausses Gania GS brunes
8910,ガニアGPフット・茶,Chausses Gania GP brunes
8911,ガニアブーツ・茶,Bottes Gania brunes
8912,ガニアＦブーツ・茶,Bottes Gania F brunes
8913,ガニアFZブーツ・茶,Bottes Gania FZ brunes
8914,ガニアHSブーツ・茶,Bottes Gania HS brunes
8915,ガニアGSブーツ・茶,Bottes Gania GS brunes
8916,ガニアGPブーツ・茶,Bottes Gania GP brunes
8917,ガニアフット・紫,Chausses Gania violettes
8918,ガニアＦフット・紫,Chausses Gania F violettes
8919,ガニアFZフット・紫,Chausses Gania FZ violettes
8920,ガニアHSフット・紫,Chausses Gania HS violettes
8921,ガニアGSフット・紫,Chausses Gania GS violettes
8922,ガニアGPフット・紫,Chausses Gania GP violettes
8923,ガニアブーツ・紫,Bottes Gania violettes
8924,ガニアＦブーツ・紫,Bottes Gania F violettes
8925,ガニアFZブーツ・紫,Bottes Gania FZ violettes
8926,ガニアHSブーツ・紫,Bottes Gania HS violettes
8927,ガニアGSブーツ・紫,Bottes Gania GS violettes
8928,ガニアGPブーツ・紫,Bottes Gania GP violettes
8929,ディナトグリーヴ,Grèves Dinato
8930,ディナトＦグリーヴ,Grèves Dinato F
8931,ディナトFZグリーヴ,Grèves Dinato FZ
8932,ディナトHSグリーヴ,Grèves Dinato HS
8933,ディナトGSグリーヴ,Grèves Dinato GS
8934,ディナトGPグリーヴ,Grèves Dinato GP
8935,ディナトレギンス,Jambières Dinato
8936,ディナトＦレギンス,Jambières Dinato F
8937,ディナトFZレギンス,Jambières Dinato FZ
8938,ディナトHSレギンス,Jambières Dinato HS
8939,ディナトGSレギンス,Jambières Dinato GS
8940,ディナトGPレギンス,Jambières Dinato GP
8941,ドゥケグリーヴ,Grèves Duque
8942,ドゥケＦグリーヴ,Grèves Duque F
8943,ドゥケFZグリーヴ,Grèves Duque FZ
8944,ドゥケHSグリーヴ,Grèves Duque HS
8945,ドゥケGSグリーヴ,Grèves Duque GS
8946,ドゥケGPグリーヴ,Grèves Duque GP
8947,ドゥケレギンス,Jambières Duque
8948,ドゥケＦレギンス,Jambières Duque F
8949,ドゥケFZレギンス,Jambières Duque FZ
8950,ドゥケHSレギンス,Jambières Duque HS
8951,ドゥケGSレギンス,Jambières Duque GS
8952,ドゥケGPレギンス,Jambières Duque GP
8953,グラヌグリーヴ,Grèves Granu
8954,グラヌＦグリーヴ,Grèves Granu F
8955,グラヌFZグリーヴ,Grèves Granu FZ
8956,グラヌHSグリーヴ,Grèves Granu HS
8957,グラヌGSグリーヴ,Grèves Granu GS
8958,グラヌGPグリーヴ,Grèves Granu GP
8959,グラヌレギンス,Jambières Granu
8960,グラヌＦレギンス,Jambières Granu F
8961,グラヌFZレギンス,Jambières Granu FZ
8962,グラヌHSレギンス,Jambières Granu HS
8963,グラヌGSレギンス,Jambières Granu GS
8964,グラヌGPレギンス,Jambières Granu GP
8965,プラグフット：01,
8966,プラグＦフット：01,
8967,プラグFZフット：01,
8968,プラグHSフット：01,
8969,プラグGSフット：01,
8970,プラグGPフット：01,
8971,プラグブーツ：01,
8972,プラグＦブーツ：01,
8973,プラグFZブーツ：01,
8974,プラグHSブーツ：01,
8975,プラグGSブーツ：01,
8976,プラグGPブーツ：01,
8977,プラグフット：00,
8978,プラグＦフット：00,
8979,プラグFZフット：00,
8980,プラグHSフット：00,
8981,プラグGSフット：00,
8982,プラグGPフット：00,
8983,プラグブーツ：00,
8984,プラグＦブーツ：00,
8985,プラグFZブーツ：00,
8986,プラグHSブーツ：00,
8987,プラグGSブーツ：00,
8988,プラグGPブーツ：00,
8989,初号機フット,Chausses Unit-
8990,初号機Ｆフット,Chausses Unit- F
8991,初号機FZフット,Chausses Unit- FZ
8992,初号機HSフット,Chausses Unit- HS
8993,初号機GSフット,Chausses Unit- GS
8994,初号機GPフット,Chausses Unit- GP
8995,初号機ブーツ,Bottes Unit-
8996,初号機Ｆブーツ,Bottes Unit- F
8997,初号機FZブーツ,Bottes Unit- FZ
8998,初号機HSブーツ,Bottes Unit- HS
8999,初号機GSブーツ,Bottes Unit- GS
9000,初号機GPブーツ,Bottes Unit- GP
9001,零号機フット,Chausses Unit-
9002,零号機Ｆフット,Chausses Unit- F
9003,零号機FZフット,Chausses Unit- FZ
9004,零号機HSフット,Chausses Unit- HS
9005,零号機GSフット,Chausses Unit- GS
9006,零号機GPフット,Chausses Unit- GP
9007,零号機ブーツ,Bottes Unit-
9008,零号機Ｆブーツ,Bottes Unit- F
9009,零号機FZブーツ,Bottes Unit- FZ
9010,零号機HSブーツ,Bottes Unit- HS
9011,零号機GSブーツ,Bottes Unit- GS
9012,零号機GPブーツ,Bottes Unit- GP
9013,ダスクフット・赤,Chausses Crépuscule rouges
9014,ダスクＦフット・赤,Chausses Crépuscule F rouges
9015,ダスクFZフット・赤,Chausses Crépuscule FZ rouges
9016,ダスクHSフット・赤,Chausses Crépuscule HS rouges
9017,ダスクGSフット・赤,Chausses Crépuscule GS rouges
9018,ダスクGPフット・赤,Chausses Crépuscule GP rouges
9019,ダスクブーツ・赤,Bottes Crépuscule rouges
9020,ダスクＦブーツ・赤,Bottes Crépuscule F rouges
9021,ダスクFZブーツ・赤,Bottes Crépuscule FZ rouges
9022,ダスクHSブーツ・赤,Bottes Crépuscule HS rouges
9023,ダスクGSブーツ・赤,Bottes Crépuscule GS rouges
9024,ダスクGPブーツ・赤,Bottes Crépuscule GP rouges
9025,ダスクフット・白,Chausses Crépuscule blanches
9026,ダスクＦフット・白,Chausses Crépuscule F blanches
9027,ダスクFZフット・白,Chausses Crépuscule FZ blanches
9028,ダスクHSフット・白,Chausses Crépuscule HS blanches
9029,ダスクGSフット・白,Chausses Crépuscule GS blanches
9030,ダスクGPフット・白,Chausses Crépuscule GP blanches
9031,ダスクブーツ・白,Bottes Crépuscule blanches
9032,ダスクＦブーツ・白,Bottes Crépuscule F blanches
9033,ダスクFZブーツ・白,Bottes Crépuscule FZ blanches
9034,ダスクHSブーツ・白,Bottes Crépuscule HS blanches
9035,ダスクGSブーツ・白,Bottes Crépuscule GS blanches
9036,ダスクGPブーツ・白,Bottes Crépuscule GP blanches
9037,ダスクフット・桃,Chausses Crépuscule roses
9038,ダスクＦフット・桃,Chausses Crépuscule F roses
9039,ダスクFZフット・桃,Chausses Crépuscule FZ roses
9040,ダスクHSフット・桃,Chausses Crépuscule HS roses
9041,ダスクGSフット・桃,Chausses Crépuscule GS roses
9042,ダスクGPフット・桃,Chausses Crépuscule GP roses
9043,ダスクブーツ・桃,Bottes Crépuscule roses
9044,ダスクＦブーツ・桃,Bottes Crépuscule F roses
9045,ダスクFZブーツ・桃,Bottes Crépuscule FZ roses
9046,ダスクHSブーツ・桃,Bottes Crépuscule HS roses
9047,ダスクGSブーツ・桃,Bottes Crépuscule GS roses
9048,ダスクGPブーツ・桃,Bottes Crépuscule GP roses
9049,ダスクフット・青,Chausses Crépuscule bleues
9050,ダスクＦフット・青,Chausses Crépuscule F bleues
9051,ダスクFZフット・青,Chausses Crépuscule FZ bleues
9052,ダスクHSフット・青,Chausses Crépuscule HS bleues
9053,ダスクGSフット・青,Chausses Crépuscule GS bleues
9054,ダスクGPフット・青,Chausses Crépuscule GP bleues
9055,ダスクブーツ・青,Bottes Crépuscule bleues
9056,ダスクＦブーツ・青,Bottes Crépuscule F bleues
9057,ダスクFZブーツ・青,Bottes Crépuscule FZ bleues
9058,ダスクHSブーツ・青,Bottes Crépuscule HS bleues
9059,ダスクGSブーツ・青,Bottes Crépuscule GS bleues
9060,ダスクGPブーツ・青,Bottes Crépuscule GP bleues
9061,トイストグリーヴ,
9062,トイストＦグリーヴ,
9063,トイストFZグリーヴ,
9064,トイストHSグリーヴ,
9065,トイストGSグリーヴ,
9066,トイストGPグリーヴ,
9067,トイストレギンス,
9068,トイストＦレギンス,
9069,トイストFZレギンス,
9070,トイストHSレギンス,
9071,トイストGSレギンス,
9072,トイストGPレギンス,
9073,ネコダンフット,Chausses Nekodan
9074,ネコダンＦフット,Chausses Nekodan F
9075,ネコダンFZフット,Chausses Nekodan FZ
9076,ネコダンHSフット,Chausses Nekodan HS
9077,ネコダンGSフット,Chausses Nekodan GS
9078,ネコダンGPフット,Chausses Nekodan GP
9079,ロワーガガンバ,
9080,ロワーガＧガンバ,
9081,ロワーガGFガンバ,
9082,ロワーガGXガンバ,
9083,ロワーガフェムル,
9084,ロワーガＧフェムル,
9085,ロワーガGFフェムル,
9086,ロワーガGXフェムル,
9087,ファルメルガンバ,
9088,ファルメルＧガンバ,
9089,ファルメルGFガンバ,
9090,ファルメルGXガンバ,
9091,ファルメルフェムル,
9092,ファルメルＧフェムル,
9093,ファルメルGFフェムル,
9094,ファルメルGXフェムル,
9095,リアルオＧグリーヴ,Grèves Riaruo G
9096,リアルオGFグリーヴ,Grèves Riaruo GF
9097,リアルオGXグリーヴ,Grèves Riaruo GX
9098,リアルオＧレギンス,Jambières Riaruo G
9099,リアルオGFレギンス,Jambières Riaruo GF
9100,リアルオGXレギンス,Jambières Riaruo GX
9101,オルドルグリーヴ,Grèves Ordre
9102,オルドルＦグリーヴ,Grèves Ordre F
9103,オルドルFYグリーヴ,Grèves Ordre FY
9104,オルドルHSグリーヴ,Grèves Ordre HS
9105,オルドルＧグリーヴ,Grèves Ordre G
9106,オルドルGFグリーヴ,Grèves Ordre GF
9107,オルドルGXグリーヴ,Grèves Ordre GX
9108,オルドルレギンス,Jambières Ordre
9109,オルドルＦレギンス,Jambières Ordre F
9110,オルドルFYレギンス,Jambières Ordre FY
9111,オルドルHSレギンス,Jambières Ordre HS
9112,オルドルＧレギンス,Jambières Ordre G
9113,オルドルGFレギンス,Jambières Ordre GF
9114,オルドルGXレギンス,Jambières Ordre GX
9115,チェニーグリーヴ,Grèves Cheni
9116,チェニーＦグリーヴ,Grèves Cheni F
9117,チェニーFYグリーヴ,Grèves Cheni FY
9118,チェニーHSグリーヴ,Grèves Cheni HS
9119,チェニーＧグリーヴ,Grèves Cheni G
9120,チェニーGFグリーヴ,Grèves Cheni GF
9121,チェニーGXグリーヴ,Grèves Cheni GX
9122,チェニーレギンス,Jambières Cheni
9123,チェニーＦレギンス,Jambières Cheni F
9124,チェニーFYレギンス,Jambières Cheni FY
9125,チェニーHSレギンス,Jambières Cheni HS
9126,チェニーＧレギンス,Jambières Cheni G
9127,チェニーGFレギンス,Jambières Cheni GF
9128,チェニーGXレギンス,Jambières Cheni GX
9129,ミニオムグリーヴ,Grèves Miniomu
9130,ミニオムＦグリーヴ,Grèves Miniomu F
9131,ミニオムFYグリーヴ,Grèves Miniomu FY
9132,ミニオムHSグリーヴ,Grèves Miniomu HS
9133,ミニオムＧグリーヴ,Grèves Miniomu G
9134,ミニオムGFグリーヴ,Grèves Miniomu GF
9135,ミニオムGXグリーヴ,Grèves Miniomu GX
9136,ミニオムレギンス,Jambières Miniomu
9137,ミニオムＦレギンス,Jambières Miniomu F
9138,ミニオムFYレギンス,Jambières Miniomu FY
9139,ミニオムHSレギンス,Jambières Miniomu HS
9140,ミニオムＧレギンス,Jambières Miniomu G
9141,ミニオムGFレギンス,Jambières Miniomu GF
9142,ミニオムGXレギンス,Jambières Miniomu GX
9143,ワンスグリーヴ,
9144,ワンスＦグリーヴ,
9145,ワンスFYグリーヴ,
9146,ワンスHSグリーヴ,
9147,ワンスＧグリーヴ,
9148,ワンスGFグリーヴ,
9149,ワンスGXグリーヴ,
9150,ワンスレギンス,
9151,ワンスＦレギンス,
9152,ワンスFYレギンス,
9153,ワンスHSレギンス,
9154,ワンスＧレギンス,
9155,ワンスGFレギンス,
9156,ワンスGXレギンス,
9157,浮峰【袴】,
9158,浮峰Ｆ【袴】,
9159,浮峰FX【袴】,
9160,浮峰Ｇ【袴】,
9161,浮峰GF【袴】,
9162,浮峰GX【袴】,
9163,浮嶺【袴】,
9164,浮嶺Ｆ【袴】,
9165,浮嶺FX【袴】,
9166,浮嶺Ｇ【袴】,
9167,浮嶺GF【袴】,
9168,浮嶺GX【袴】,
9169,モノデビルＧグリーヴ,Grèves Monodevil G
9170,モノデビルGFグリーヴ,Grèves Monodevil GF
9171,モノデビルGXグリーヴ,Grèves Monodevil GX
9172,モノデビルＧレギンス,Jambières Monodevil G
9173,モノデビルGFレギンス,Jambières Monodevil GF
9174,モノデビルGXレギンス,Jambières Monodevil GX
9175,ディアースＧグリーヴ,Grèves Diablos G
9176,ディアースGFグリーヴ,Grèves Diablos GF
9177,ディアースGXグリーヴ,Grèves Diablos GX
9178,ディアースＧレギンス,Jambières Diablos G
9179,ディアースGFレギンス,Jambières Diablos GF
9180,ディアースGXレギンス,Jambières Diablos GX
9181,ワダツミGX【具足】,
9182,オカミGX【具足】,
9183,オディバGXグリーヴ,Grèves Odiva GX
9184,オディバGXレギンス,Jambières Odiva GX
9185,雅孔GX【具足】,
9186,雅穿GX【具足】,
9187,バンギスグリーヴ,Grèves Vangis
9188,バンギスＧグリーヴ,Grèves Vangis G
9189,バンギスGFグリーヴ,Grèves Vangis GF
9190,バンギスGXグリーヴ,Grèves Vangis GX
9191,バンギスレギンス,Jambières Vangis
9192,バンギスＧレギンス,Jambières Vangis G
9193,バンギスGFレギンス,Jambières Vangis GF
9194,バンギスGXレギンス,Jambières Vangis GX
9195,シルティグリーヴ,Grèves Shiruti
9196,シルティＦグリーヴ,Grèves Shiruti F
9197,シルティFZグリーヴ,Grèves Shiruti FZ
9198,シルティHSグリーヴ,Grèves Shiruti HS
9199,シルティGSグリーヴ,Grèves Shiruti GS
9200,シルティGPグリーヴ,Grèves Shiruti GP
9201,シルティレギンス,Jambières Shiruti
9202,シルティＦレギンス,Jambières Shiruti F
9203,シルティFZレギンス,Jambières Shiruti FZ
9204,シルティHSレギンス,Jambières Shiruti HS
9205,シルティGSレギンス,Jambières Shiruti GS
9206,シルティGPレギンス,Jambières Shiruti GP
9207,ブラキグリーヴ,Grèves Brachy
9208,ブラキＧグリーヴ,Grèves Brachy G
9209,ブラキGFグリーヴ,Grèves Brachy GF
9210,ブラキGXグリーヴ,Grèves Brachy GX
9211,ブラキレギンス,Jambières Brachy
9212,ブラキＧレギンス,Jambières Brachy G
9213,ブラキGFレギンス,Jambières Brachy GF
9214,ブラキGXレギンス,Jambières Brachy GX
9215,トリドグリーヴ,Grèves Torid
9216,トリドＦグリーヴ,Grèves Torid F
9217,トリドFXグリーヴ,Grèves Torid FX
9218,トリドＧグリーヴ,Grèves Torid G
9219,トリドGFグリーヴ,Grèves Torid GF
9220,トリドGXグリーヴ,Grèves Torid GX
9221,トリドレギンス,Jambières Torid
9222,トリドＦレギンス,Jambières Torid F
9223,トリドFXレギンス,Jambières Torid FX
9224,トリドＧレギンス,Jambières Torid G
9225,トリドGFレギンス,Jambières Torid GF
9226,トリドGXレギンス,Jambières Torid GX
9227,照雷Ｇ【具足】,
9228,照雷GF【具足】,
9229,照雷GX【具足】,
9230,明雷Ｇ【具足】,
9231,明雷GF【具足】,
9232,明雷GX【具足】,
9233,エスピスＧフェルゼ,
9234,エスピスGFフェルゼ,
9235,エスピスGXフェルゼ,
9236,エスピスＧアヴィレ,
9237,エスピスGFアヴィレ,
9238,エスピスGXアヴィレ,
9239,ヴォラＧグリーヴ,Grèves Volga G
9240,ヴォラGFグリーヴ,Grèves Volga GF
9241,ヴォラGXグリーヴ,Grèves Volga GX
9242,ヴォラＧレギンス,Jambières Volga G
9243,ヴォラGFレギンス,Jambières Volga GF
9244,ヴォラGXレギンス,Jambières Volga GX
9245,ラヴィＧグリーヴ：猛,
9246,ラヴィGFグリーヴ：猛,
9247,ラヴィGXグリーヴ：猛,
9248,ラヴィＧレギンス：猛,
9249,ラヴィGFレギンス：猛,
9250,ラヴィGXレギンス：猛,
9251,ラヴィグリーヴ：狂,
9252,ラヴィHSグリーヴ：狂,
9253,ラヴィＧグリーヴ：狂,
9254,ラヴィGFグリーヴ：狂,
9255,ラヴィGXグリーヴ：狂,
9256,ラヴィレギンス：狂,
9257,ラヴィHSレギンス：狂,
9258,ラヴィＧレギンス：狂,
9259,ラヴィGFレギンス：狂,
9260,ラヴィGXレギンス：狂,
9261,ラヴィＧグリーヴ,Grèves Raviente G
9262,ラヴィGFグリーヴ,Grèves Raviente GF
9263,ラヴィGXグリーヴ,Grèves Raviente GX
9264,ラヴィＧレギンス,Jambières Raviente G
9265,ラヴィGFレギンス,Jambières Raviente GF
9266,ラヴィGXレギンス,Jambières Raviente GX
9267,ヒプシーＧグリーヴ,Grèves Hypnoc G
9268,ヒプシーGFグリーヴ,Grèves Hypnoc GF
9269,ヒプシーGXグリーヴ,Grèves Hypnoc GX
9270,ヒプシーＧレギンス,Jambières Hypnoc G
9271,ヒプシーGFレギンス,Jambières Hypnoc GF
9272,ヒプシーGXレギンス,Jambières Hypnoc GX
9273,ヴィーチフット,Chausses Vichi
9274,ヴィーチＦフット,Chausses Vichi F
9275,ヴィーチFZフット,Chausses Vichi FZ
9276,ヴィーチHSフット,Chausses Vichi HS
9277,ヴィーチGSフット,Chausses Vichi GS
9278,ヴィーチGPフット,Chausses Vichi GP
9279,ヴィーチブーツ,Bottes Vichi
9280,ヴィーチＦブーツ,Bottes Vichi F
9281,ヴィーチFZブーツ,Bottes Vichi FZ
9282,ヴィーチHSブーツ,Bottes Vichi HS
9283,ヴィーチGSブーツ,Bottes Vichi GS
9284,ヴィーチGPブーツ,Bottes Vichi GP
9285,ギルドバードブーツ,Bottes Guilde
9286,ギルドバードＧブーツ,Bottes Guilde G
9287,ギルドバードGFブーツ,Bottes Guilde GF
9288,ギルドバードGXブーツ,Bottes Guilde GX
9289,ギルドバードフット,Chausses Guilde
9290,ギルドバードＧフット,Chausses Guilde G
9291,ギルドバードGFフット,Chausses Guilde GF
9292,ギルドバードGXフット,Chausses Guilde GX
9293,スカラーソックス,
9294,スカラーＧソックス,
9295,スカラーGFソックス,
9296,スカラーGXソックス,
9297,スカラーサンダル,
9298,スカラーＧサンダル,
9299,スカラーGFサンダル,
9300,スカラーGXサンダル,
9301,アミスタフット・黒,Chausses Amista noires
9302,アミスタＦフット・黒,Chausses Amista F noires
9303,アミスタFZフット・黒,Chausses Amista FZ noires
9304,アミスタHSフット・黒,Chausses Amista HS noires
9305,アミスタGSフット・黒,Chausses Amista GS noires
9306,アミスタGPフット・黒,Chausses Amista GP noires
9307,アミスタブーツ・黒,Bottes Amista noires
9308,アミスタＦブーツ・黒,Bottes Amista F noires
9309,アミスタFZブーツ・黒,Bottes Amista FZ noires
9310,アミスタHSブーツ・黒,Bottes Amista HS noires
9311,アミスタGSブーツ・黒,Bottes Amista GS noires
9312,アミスタGPブーツ・黒,Bottes Amista GP noires
9313,アミスタフット・白,Chausses Amista blanches
9314,アミスタＦフット・白,Chausses Amista F blanches
9315,アミスタFZフット・白,Chausses Amista FZ blanches
9316,アミスタHSフット・白,Chausses Amista HS blanches
9317,アミスタGSフット・白,Chausses Amista GS blanches
9318,アミスタGPフット・白,Chausses Amista GP blanches
9319,アミスタブーツ・白,Bottes Amista blanches
9320,アミスタＦブーツ・白,Bottes Amista F blanches
9321,アミスタFZブーツ・白,Bottes Amista FZ blanches
9322,アミスタHSブーツ・白,Bottes Amista HS blanches
9323,アミスタGSブーツ・白,Bottes Amista GS blanches
9324,アミスタGPブーツ・白,Bottes Amista GP blanches
9325,アミスタフット・青,Chausses Amista bleues
9326,アミスタＦフット・青,Chausses Amista F bleues
9327,アミスタFZフット・青,Chausses Amista FZ bleues
9328,アミスタHSフット・青,Chausses Amista HS bleues
9329,アミスタGSフット・青,Chausses Amista GS bleues
9330,アミスタGPフット・青,Chausses Amista GP bleues
9331,アミスタブーツ・青,Bottes Amista bleues
9332,アミスタＦブーツ・青,Bottes Amista F bleues
9333,アミスタFZブーツ・青,Bottes Amista FZ bleues
9334,アミスタHSブーツ・青,Bottes Amista HS bleues
9335,アミスタGSブーツ・青,Bottes Amista GS bleues
9336,アミスタGPブーツ・青,Bottes Amista GP bleues
9337,アミスタフット・紅,Chausses Amista cramoisies
9338,アミスタＦフット・紅,Chausses Amista F cramoisies
9339,アミスタFZフット・紅,Chausses Amista FZ cramoisies
9340,アミスタHSフット・紅,Chausses Amista HS cramoisies
9341,アミスタGSフット・紅,Chausses Amista GS cramoisies
9342,アミスタGPフット・紅,Chausses Amista GP cramoisies
9343,アミスタブーツ・紅,Bottes Amista cramoisies
9344,アミスタＦブーツ・紅,Bottes Amista F cramoisies
9345,アミスタFZブーツ・紅,Bottes Amista FZ cramoisies
9346,アミスタHSブーツ・紅,Bottes Amista HS cramoisies
9347,アミスタGSブーツ・紅,Bottes Amista GS cramoisies
9348,アミスタGPブーツ・紅,Bottes Amista GP cramoisies
9349,プラグフット：06,
9350,プラグＦフット：06,
9351,プラグFZフット：06,
9352,プラグHSフット：06,
9353,プラグGSフット：06,
9354,プラグGPフット：06,
9355,プラグブーツ：06,
9356,プラグＦブーツ：06,
9357,プラグFZブーツ：06,
9358,プラグHSブーツ：06,
9359,プラグGSブーツ：06,
9360,プラグGPブーツ：06,
9361,プラグフット：02,
9362,プラグＦフット：02,
9363,プラグFZフット：02,
9364,プラグHSフット：02,
9365,プラグGSフット：02,
9366,プラグGPフット：02,
9367,プラグブーツ：02,
9368,プラグＦブーツ：02,
9369,プラグFZブーツ：02,
9370,プラグHSブーツ：02,
9371,プラグGSブーツ：02,
9372,プラグGPブーツ：02,
9373,Ｍark.０６フット,Chausses Mark
9374,Ｍark.０６Ｆフット,Chausses Mark F
9375,Ｍark.０６FZフット,Chausses Mark FZ
9376,Ｍark.０６HSフット,Chausses Mark HS
9377,Ｍark.０６GSフット,Chausses Mark GS
9378,Ｍark.０６GPフット,Chausses Mark GP
9379,Ｍark.０６ブーツ,Bottes Mark
9380,Ｍark.０６Ｆブーツ,Bottes Mark F
9381,Ｍark.０６FZブーツ,Bottes Mark FZ
9382,Ｍark.０６HSブーツ,Bottes Mark HS
9383,Ｍark.０６GSブーツ,Bottes Mark GS
9384,Ｍark.０６GPブーツ,Bottes Mark GP
9385,２号機フット,Chausses Unit-
9386,２号機Ｆフット,Chausses Unit- F
9387,２号機FZフット,Chausses Unit- FZ
9388,２号機HSフット,Chausses Unit- HS
9389,２号機GSフット,Chausses Unit- GS
9390,２号機GPフット,Chausses Unit- GP
9391,２号機ブーツ,Bottes Unit-
9392,２号機Ｆブーツ,Bottes Unit- F
9393,２号機FZブーツ,Bottes Unit- FZ
9394,２号機HSブーツ,Bottes Unit- HS
9395,２号機GSブーツ,Bottes Unit- GS
9396,２号機GPブーツ,Bottes Unit- GP
9397,カイラフット,Chausses Kaila
9398,カイラＦフット,Chausses Kaila F
9399,カイラFZフット,Chausses Kaila FZ
9400,カイラHSフット,Chausses Kaila HS
9401,カイラGSフット,Chausses Kaila GS
9402,カイラGPフット,Chausses Kaila GP
9403,カイラブーツ,Bottes Kaila
9404,カイラＦブーツ,Bottes Kaila F
9405,カイラFZブーツ,Bottes Kaila FZ
9406,カイラHSブーツ,Bottes Kaila HS
9407,カイラGSブーツ,Bottes Kaila GS
9408,カイラGPブーツ,Bottes Kaila GP
9409,ダミー,
9410,ダミー,
9411,ダミー,
9412,ダミー,
9413,ダミー,
9414,ダミー,
9415,オトノグリーヴ,Grèves Otono
9416,オトノＦグリーヴ,Grèves Otono F
9417,オトノFYグリーヴ,Grèves Otono FY
9418,オトノHSグリーヴ,Grèves Otono HS
9419,オトノＧグリーヴ,Grèves Otono G
9420,オトノGFグリーヴ,Grèves Otono GF
9421,オトノGXグリーヴ,Grèves Otono GX
9422,カバリバグリーヴ,Grèves Kabariba
9423,カバリバＦグリーヴ,Grèves Kabariba F
9424,カバリバFYグリーヴ,Grèves Kabariba FY
9425,カバリバHSグリーヴ,Grèves Kabariba HS
9426,カバリバＧグリーヴ,Grèves Kabariba G
9427,カバリバGFグリーヴ,Grèves Kabariba GF
9428,カバリバGXグリーヴ,Grèves Kabariba GX
9429,カバリバレギンス,Jambières Kabariba
9430,カバリバＦレギンス,Jambières Kabariba F
9431,カバリバFYレギンス,Jambières Kabariba FY
9432,カバリバHSレギンス,Jambières Kabariba HS
9433,カバリバＧレギンス,Jambières Kabariba G
9434,カバリバGFレギンス,Jambières Kabariba GF
9435,カバリバGXレギンス,Jambières Kabariba GX
9436,トルボダグリーヴ,Grèves Toruboda
9437,トルボダＦグリーヴ,Grèves Toruboda F
9438,トルボダFYグリーヴ,Grèves Toruboda FY
9439,トルボダHSグリーヴ,Grèves Toruboda HS
9440,トルボダＧグリーヴ,Grèves Toruboda G
9441,トルボダGFグリーヴ,Grèves Toruboda GF
9442,トルボダGXグリーヴ,Grèves Toruboda GX
9443,トルボダレギンス,Jambières Toruboda
9444,トルボダＦレギンス,Jambières Toruboda F
9445,トルボダFYレギンス,Jambières Toruboda FY
9446,トルボダHSレギンス,Jambières Toruboda HS
9447,トルボダＧレギンス,Jambières Toruboda G
9448,トルボダGFレギンス,Jambières Toruboda GF
9449,トルボダGXレギンス,Jambières Toruboda GX
9450,オリクトグリーヴ,Grèves Orykto
9451,オリクトＦグリーヴ,Grèves Orykto F
9452,オリクトFYグリーヴ,Grèves Orykto FY
9453,オリクトHSグリーヴ,Grèves Orykto HS
9454,オリクトレギンス,Jambières Orykto
9455,オリクトＦレギンス,Jambières Orykto F
9456,オリクトFYレギンス,Jambières Orykto FY
9457,オリクトHSレギンス,Jambières Orykto HS
9458,レウアスＧグリーヴ,Grèves Reuasu G
9459,レウアスGFグリーヴ,Grèves Reuasu GF
9460,レウアスGXグリーヴ,Grèves Reuasu GX
9461,レウアスＧレギンス,Jambières Reuasu G
9462,レウアスGFレギンス,Jambières Reuasu GF
9463,レウアスGXレギンス,Jambières Reuasu GX
9464,ハリメノグリーヴ,Grèves Harimeno
9465,ハリメノＦグリーヴ,Grèves Harimeno F
9466,ハリメノFYグリーヴ,Grèves Harimeno FY
9467,ハリメノHSグリーヴ,Grèves Harimeno HS
9468,ハリメノＧグリーヴ,Grèves Harimeno G
9469,ハリメノGFグリーヴ,Grèves Harimeno GF
9470,ハリメノGXグリーヴ,Grèves Harimeno GX
9471,ハリメノレギンス,Jambières Harimeno
9472,ハリメノＦレギンス,Jambières Harimeno F
9473,ハリメノFYレギンス,Jambières Harimeno FY
9474,ハリメノHSレギンス,Jambières Harimeno HS
9475,ハリメノＧレギンス,Jambières Harimeno G
9476,ハリメノGFレギンス,Jambières Harimeno GF
9477,ハリメノGXレギンス,Jambières Harimeno GX
9478,シウスＧグリーヴ,Grèves Shiusu G
9479,シウスGFグリーヴ,Grèves Shiusu GF
9480,シウスGXグリーヴ,Grèves Shiusu GX
9481,シウスＧレギンス,Jambières Shiusu G
9482,シウスGFレギンス,Jambières Shiusu GF
9483,シウスGXレギンス,Jambières Shiusu GX
9484,ベリオグリーヴ,Grèves Barioth
9485,ベリオＧグリーヴ,Grèves Barioth G
9486,ベリオGFグリーヴ,Grèves Barioth GF
9487,ベリオGXグリーヴ,Grèves Barioth GX
9488,ベリオレギンス,Jambières Barioth
9489,ベリオＧレギンス,Jambières Barioth G
9490,ベリオGFレギンス,Jambières Barioth GF
9491,ベリオGXレギンス,Jambières Barioth GX
9492,ウィルＧグリーヴ,
9493,ウィルGFグリーヴ,
9494,ウィルGXグリーヴ,
9495,ウィルＧレギンス,
9496,ウィルGFレギンス,
9497,ウィルGXレギンス,
9498,ケイスグリーヴ,Grèves Keisu
9499,ケイスＦグリーヴ,Grèves Keisu F
9500,ケイスFYグリーヴ,Grèves Keisu FY
9501,ケイスHSグリーヴ,Grèves Keisu HS
9502,ケイスＧグリーヴ,Grèves Keisu G
9503,ケイスGFグリーヴ,Grèves Keisu GF
9504,ケイスGXグリーヴ,Grèves Keisu GX
9505,ケイスレギンス,Jambières Keisu
9506,ケイスＦレギンス,Jambières Keisu F
9507,ケイスFYレギンス,Jambières Keisu FY
9508,ケイスHSレギンス,Jambières Keisu HS
9509,ケイスＧレギンス,Jambières Keisu G
9510,ケイスGFレギンス,Jambières Keisu GF
9511,ケイスGXレギンス,Jambières Keisu GX
9512,リュミエグリーヴ,Grèves Lumiere
9513,リュミエＦグリーヴ,Grèves Lumiere F
9514,リュミエFYグリーヴ,Grèves Lumiere FY
9515,リュミエHSグリーヴ,Grèves Lumiere HS
9516,リュミエＧグリーヴ,Grèves Lumiere G
9517,リュミエGFグリーヴ,Grèves Lumiere GF
9518,リュミエGXグリーヴ,Grèves Lumiere GX
9519,リュミエレギンス,Jambières Lumiere
9520,リュミエＦレギンス,Jambières Lumiere F
9521,リュミエFYレギンス,Jambières Lumiere FY
9522,リュミエHSレギンス,Jambières Lumiere HS
9523,リュミエＧレギンス,Jambières Lumiere G
9524,リュミエGFレギンス,Jambières Lumiere GF
9525,リュミエGXレギンス,Jambières Lumiere GX
9526,クレオラフット,Chausses Cleora
9527,クレオラＦフット,Chausses Cleora F
9528,クレオラFYフット,Chausses Cleora FY
9529,クレオラHSフット,Chausses Cleora HS
9530,クレオラＧフット,Chausses Cleora G
9531,クレオラGFフット,Chausses Cleora GF
9532,クレオラGXフット,Chausses Cleora GX
9533,クレオラブーツ,Bottes Cleora
9534,クレオラＦブーツ,Bottes Cleora F
9535,クレオラFYブーツ,Bottes Cleora FY
9536,クレオラHSブーツ,Bottes Cleora HS
9537,クレオラＧブーツ,Bottes Cleora G
9538,クレオラGFブーツ,Bottes Cleora GF
9539,クレオラGXブーツ,Bottes Cleora GX
9540,ドラギュＧグリーヴ,Grèves Doragyurosu G
9541,ドラギュGFグリーヴ,Grèves Doragyurosu GF
9542,ドラギュGXグリーヴ,Grèves Doragyurosu GX
9543,ドラギュＧレギンス,Jambières Doragyurosu G
9544,ドラギュGFレギンス,Jambières Doragyurosu GF
9545,ドラギュGXレギンス,Jambières Doragyurosu GX
9546,ウィンドGXペイル,
9547,ウィンドGXハディ,
9548,メラギGXグリーヴ,Grèves Meraginasu GX
9549,メラギGXレギンス,Jambières Meraginasu GX
9550,ポボルムGXグリーヴ,Grèves Pobo GX
9551,ポボルムGXレギンス,Jambières Pobo GX
9552,トアグリーヴ,Grèves Toa
9553,トアＦグリーヴ,Grèves Toa F
9554,トアFXグリーヴ,Grèves Toa FX
9555,トアＧグリーヴ,Grèves Toa G
9556,トアGFグリーヴ,Grèves Toa GF
9557,トアGXグリーヴ,Grèves Toa GX
9558,トアレギンス,Jambières Toa
9559,トアＦレギンス,Jambières Toa F
9560,トアFXレギンス,Jambières Toa FX
9561,トアＧレギンス,Jambières Toa G
9562,トアGFレギンス,Jambières Toa GF
9563,トアGXレギンス,Jambières Toa GX
9564,ククスＧグリーヴ,Grèves Kut G
9565,ククスGFグリーヴ,Grèves Kut GF
9566,ククスGXグリーヴ,Grèves Kut GX
9567,ククスＧレギンス,Jambières Kut G
9568,ククスGFレギンス,Jambières Kut GF
9569,ククスGXレギンス,Jambières Kut GX
9570,弩岩Ｇ【袴】,
9571,弩岩GF【袴】,
9572,弩岩GX【袴】,
9573,紅岩Ｇ【袴】,
9574,紅岩GF【袴】,
9575,紅岩GX【袴】,
9576,シエロフット,Chausses Cielo
9577,シエロＦフット,Chausses Cielo F
9578,シエロFZフット,Chausses Cielo FZ
9579,シエロHSフット,Chausses Cielo HS
9580,シエロGSフット,Chausses Cielo GS
9581,シエロGPフット,Chausses Cielo GP
9582,シエロブーツ,Bottes Cielo
9583,シエロＦブーツ,Bottes Cielo F
9584,シエロFZブーツ,Bottes Cielo FZ
9585,シエロHSブーツ,Bottes Cielo HS
9586,シエロGSブーツ,Bottes Cielo GS
9587,シエロGPブーツ,Bottes Cielo GP
9588,ガガチュフット,Chausses Gagachu
9589,ガガチュＦフット,Chausses Gagachu F
9590,ガガチュFZフット,Chausses Gagachu FZ
9591,ガガチュHSフット,Chausses Gagachu HS
9592,ガガチュGSフット,Chausses Gagachu GS
9593,ガガチュGPフット,Chausses Gagachu GP
9594,ガガチュブーツ,Bottes Gagachu
9595,ガガチュＦブーツ,Bottes Gagachu F
9596,ガガチュFZブーツ,Bottes Gagachu FZ
9597,ガガチュHSブーツ,Bottes Gagachu HS
9598,ガガチュGSブーツ,Bottes Gagachu GS
9599,ガガチュGPブーツ,Bottes Gagachu GP
9600,サルタフット,Chausses Salta
9601,サルタＦフット,Chausses Salta F
9602,サルタFZフット,Chausses Salta FZ
9603,サルタHSフット,Chausses Salta HS
9604,サルタGSフット,Chausses Salta GS
9605,サルタGPフット,Chausses Salta GP
9606,サルタブーツ,Bottes Salta
9607,サルタＦブーツ,Bottes Salta F
9608,サルタFZブーツ,Bottes Salta FZ
9609,サルタHSブーツ,Bottes Salta HS
9610,サルタGSブーツ,Bottes Salta GS
9611,サルタGPブーツ,Bottes Salta GP
9612,チールＧグリーヴ,Grèves Chiru G
9613,チールGFグリーヴ,Grèves Chiru GF
9614,チールGXグリーヴ,Grèves Chiru GX
9615,チールＧレギンス,Jambières Chiru G
9616,チールGFレギンス,Jambières Chiru GF
9617,チールGXレギンス,Jambières Chiru GX
9618,ガネトＧグリーヴ,Grèves Ganeto G
9619,ガネトGFグリーヴ,Grèves Ganeto GF
9620,ガネトGXグリーヴ,Grèves Ganeto GX
9621,ガネトＧレギンス,Jambières Ganeto G
9622,ガネトGFレギンス,Jambières Ganeto GF
9623,ガネトGXレギンス,Jambières Ganeto GX
9624,千代ノ脛当,
9625,千代ノ脛当Ｆ,
9626,千代ノ脛当FZ,
9627,千代ノ脛当HS,
9628,千代ノ脛当GS,
9629,千代ノ脛当GP,
9630,千代ノ具足,
9631,千代ノ具足Ｆ,
9632,千代ノ具足FZ,
9633,千代ノ具足HS,
9634,千代ノ具足GS,
9635,千代ノ具足GP,
9636,ガンキングリーヴ,Grèves Uragaan
9637,ガンキンＧグリーヴ,Grèves Uragaan G
9638,ガンキンGFグリーヴ,Grèves Uragaan GF
9639,ガンキンGXグリーヴ,Grèves Uragaan GX
9640,ガンキンレギンス,Jambières Uragaan
9641,ガンキンＧレギンス,Jambières Uragaan G
9642,ガンキンGFレギンス,Jambières Uragaan GF
9643,ガンキンGXレギンス,Jambières Uragaan GX
9644,オニキスグリーヴ,
9645,オニキスＦグリーヴ,
9646,オニキスFXグリーヴ,
9647,ルチルグリーヴ,Grèves Rutile
9648,ルチルＦグリーヴ,Grèves Rutile F
9649,ルチルFXグリーヴ,Grèves Rutile FX
9650,白虎・斬将Ｇフット,
9651,白虎・斬将GFフット,
9652,白虎・斬将GXフット,
9653,朱雀・斬将Ｇフット,
9654,朱雀・斬将GFフット,
9655,朱雀・斬将GXフット,
9656,玄武・斬将Ｇフット,
9657,玄武・斬将GFフット,
9658,玄武・斬将GXフット,
9659,青龍・斬将Ｇフット,
9660,青龍・斬将GFフット,
9661,青龍・斬将GXフット,
9662,白蘭・斬将フット,
9663,白蘭・斬将Ｆフット,
9664,白蘭・斬将FXフット,
9665,紅霞・斬将フット,
9666,紅霞・斬将Ｆフット,
9667,紅霞・斬将FXフット,
9668,白蘭・斬将Ｇフット,
9669,白蘭・斬将GFフット,
9670,白蘭・斬将GXフット,
9671,月夜・斬将Ｇフット,
9672,月夜・斬将GFフット,
9673,月夜・斬将GXフット,
9674,紅霞・斬将Ｇフット,
9675,紅霞・斬将GFフット,
9676,紅霞・斬将GXフット,
9677,蒼穹・斬将Ｇフット,
9678,蒼穹・斬将GFフット,
9679,蒼穹・斬将GXフット,
9680,グァングリーヴ,Grèves Guan
9681,グァンＦグリーヴ,Grèves Guan F
9682,グァンFXグリーヴ,Grèves Guan FX
9683,グァンＧグリーヴ,Grèves Guan G
9684,グァンGFグリーヴ,Grèves Guan GF
9685,グァンGXグリーヴ,Grèves Guan GX
9686,グァンレギンス,Jambières Guan
9687,グァンＦレギンス,Jambières Guan F
9688,グァンFXレギンス,Jambières Guan FX
9689,グァンＧレギンス,Jambières Guan G
9690,グァンGFレギンス,Jambières Guan GF
9691,グァンGXレギンス,Jambières Guan GX
9692,帝征Ｇ【袴】,
9693,帝征GF【袴】,
9694,帝征GX【袴】,
9695,帝王Ｇ【袴】,
9696,帝王GF【袴】,
9697,帝王GX【袴】,
9698,クシャナＧペイル,
9699,クシャナGFペイル,
9700,クシャナGXペイル,
9701,クシャナＧハディ,
9702,クシャナGFハディ,
9703,クシャナGXハディ,
9704,カイザーＧグリーヴ,
9705,カイザーGFグリーヴ,
9706,カイザーGXグリーヴ,
9707,カイザーＧレギンス,
9708,カイザーGFレギンス,
9709,カイザーGXレギンス,
9710,ミヅハＧ【具足】,
9711,ミヅハGF【具足】,
9712,ミヅハGX【具足】,
9713,トヨタマＧ【具足】,
9714,トヨタマGF【具足】,
9715,トヨタマGX【具足】,
9716,ナルガグリーヴ,Grèves Nargacuga
9717,ナルガＧグリーヴ,Grèves Nargacuga G
9718,ナルガGFグリーヴ,Grèves Nargacuga GF
9719,ナルガGXグリーヴ,Grèves Nargacuga GX
9720,ナルガレギンス,Jambières Nargacuga
9721,ナルガＧレギンス,Jambières Nargacuga G
9722,ナルガGFレギンス,Jambières Nargacuga GF
9723,ナルガGXレギンス,Jambières Nargacuga GX
9724,ペリフフット・青,Chausses Perif bleues
9725,ペリフＦフット・青,Chausses Perif F bleues
9726,ペリフFZフット・青,Chausses Perif FZ bleues
9727,ペリフHSフット・青,Chausses Perif HS bleues
9728,ペリフGSフット・青,Chausses Perif GS bleues
9729,ペリフGPフット・青,Chausses Perif GP bleues
9730,ペリフブーツ・青,Bottes Perif bleues
9731,ペリフＦブーツ・青,Bottes Perif F bleues
9732,ペリフFZブーツ・青,Bottes Perif FZ bleues
9733,ペリフHSブーツ・青,Bottes Perif HS bleues
9734,ペリフGSブーツ・青,Bottes Perif GS bleues
9735,ペリフGPブーツ・青,Bottes Perif GP bleues
9736,ペリフフット・茶,Chausses Perif brunes
9737,ペリフＦフット・茶,Chausses Perif F brunes
9738,ペリフFZフット・茶,Chausses Perif FZ brunes
9739,ペリフHSフット・茶,Chausses Perif HS brunes
9740,ペリフGSフット・茶,Chausses Perif GS brunes
9741,ペリフGPフット・茶,Chausses Perif GP brunes
9742,ペリフブーツ・茶,Bottes Perif brunes
9743,ペリフＦブーツ・茶,Bottes Perif F brunes
9744,ペリフFZブーツ・茶,Bottes Perif FZ brunes
9745,ペリフHSブーツ・茶,Bottes Perif HS brunes
9746,ペリフGSブーツ・茶,Bottes Perif GS brunes
9747,ペリフGPブーツ・茶,Bottes Perif GP brunes
9748,ペリフフット・緑,Chausses Perif vertes
9749,ペリフＦフット・緑,Chausses Perif F vertes
9750,ペリフFZフット・緑,Chausses Perif FZ vertes
9751,ペリフHSフット・緑,Chausses Perif HS vertes
9752,ペリフGSフット・緑,Chausses Perif GS vertes
9753,ペリフGPフット・緑,Chausses Perif GP vertes
9754,ペリフブーツ・緑,Bottes Perif vertes
9755,ペリフＦブーツ・緑,Bottes Perif F vertes
9756,ペリフFZブーツ・緑,Bottes Perif FZ vertes
9757,ペリフHSブーツ・緑,Bottes Perif HS vertes
9758,ペリフGSブーツ・緑,Bottes Perif GS vertes
9759,ペリフGPブーツ・緑,Bottes Perif GP vertes
9760,ペリフフット・紫,Chausses Perif violettes
9761,ペリフＦフット・紫,Chausses Perif F violettes
9762,ペリフFZフット・紫,Chausses Perif FZ violettes
9763,ペリフHSフット・紫,Chausses Perif HS violettes
9764,ペリフGSフット・紫,Chausses Perif GS violettes
9765,ペリフGPフット・紫,Chausses Perif GP violettes
9766,ペリフブーツ・紫,Bottes Perif violettes
9767,ペリフＦブーツ・紫,Bottes Perif F violettes
9768,ペリフFZブーツ・紫,Bottes Perif FZ violettes
9769,ペリフHSブーツ・紫,Bottes Perif HS violettes
9770,ペリフGSブーツ・紫,Bottes Perif GS violettes
9771,ペリフGPブーツ・紫,Bottes Perif GP violettes
9772,カイジフット,Chausses Kaiji
9773,カイジＦフット,Chausses Kaiji F
9774,カイジFZフット,Chausses Kaiji FZ
9775,カイジHSフット,Chausses Kaiji HS
9776,カイジGSフット,Chausses Kaiji GS
9777,カイジGPフット,Chausses Kaiji GP
9778,カイジブーツ,Bottes Kaiji
9779,カイジＦブーツ,Bottes Kaiji F
9780,カイジFZブーツ,Bottes Kaiji FZ
9781,カイジHSブーツ,Bottes Kaiji HS
9782,カイジGSブーツ,Bottes Kaiji GS
9783,カイジGPブーツ,Bottes Kaiji GP
9784,美心フット,Chausses Mikoko
9785,美心Ｆフット,Chausses Mikoko F
9786,美心FZフット,Chausses Mikoko FZ
9787,美心HSフット,Chausses Mikoko HS
9788,美心GSフット,Chausses Mikoko GS
9789,美心GPフット,Chausses Mikoko GP
9790,美心ブーツ,Bottes Mikoko
9791,美心Ｆブーツ,Bottes Mikoko F
9792,美心FZブーツ,Bottes Mikoko FZ
9793,美心HSブーツ,Bottes Mikoko HS
9794,美心GSブーツ,Bottes Mikoko GS
9795,美心GPブーツ,Bottes Mikoko GP
9796,テリュオフット,
9797,テリュオＦフット,
9798,テリュオFZフット,
9799,テリュオHSフット,
9800,テリュオGSフット,
9801,テリュオGPフット,
9802,テリュオブーツ,
9803,テリュオＦブーツ,
9804,テリュオFZブーツ,
9805,テリュオHSブーツ,
9806,テリュオGSブーツ,
9807,テリュオGPブーツ,
9808,セイラーソックス,
9809,セイラーＧソックス,
9810,セイラーGFソックス,
9811,セイラーGXソックス,
9812,セイラーサンダル,
9813,セイラーＧサンダル,
9814,セイラーGFサンダル,
9815,セイラーGXサンダル,
9816,スフレフット,
9817,スフレＦフット,
9818,スフレFZフット,
9819,スフレHSフット,
9820,スフレGSフット,
9821,スフレGPフット,
9822,スフレブーツ,
9823,スフレＦブーツ,
9824,スフレFZブーツ,
9825,スフレHSブーツ,
9826,スフレGSブーツ,
9827,スフレGPブーツ,
9828,鬼伝ノ足枷Ｇ,
9829,鬼伝ノ足枷GF,
9830,鬼伝ノ足枷GX,
9831,童伝ノ足枷Ｇ,
9832,童伝ノ足枷GF,
9833,童伝ノ足枷GX,
9834,ヴァリエグリーヴ,Grèves Valier
9835,ヴァリエＦグリーヴ,Grèves Valier F
9836,ヴァリエFYグリーヴ,Grèves Valier FY
9837,ヴァリエHSグリーヴ,Grèves Valier HS
9838,ヴァリエＧグリーヴ,Grèves Valier G
9839,ヴァリエGFグリーヴ,Grèves Valier GF
9840,ヴァリエGXグリーヴ,Grèves Valier GX
9841,ヴァリエレギンス,Jambières Valier
9842,ヴァリエＦレギンス,Jambières Valier F
9843,ヴァリエFYレギンス,Jambières Valier FY
9844,ヴァリエHSレギンス,Jambières Valier HS
9845,ヴァリエＧレギンス,Jambières Valier G
9846,ヴァリエGFレギンス,Jambières Valier GF
9847,ヴァリエGXレギンス,Jambières Valier GX
9848,ラースグリーヴ,Grèves Lars
9849,ラースＦグリーヴ,Grèves Lars F
9850,ラースFYグリーヴ,Grèves Lars FY
9851,ラースHSグリーヴ,Grèves Lars HS
9852,ラースＧグリーヴ,Grèves Lars G
9853,ラースGFグリーヴ,Grèves Lars GF
9854,ラースGXグリーヴ,Grèves Lars GX
9855,ラースレギンス,Jambières Lars
9856,ラースＦレギンス,Jambières Lars F
9857,ラースFYレギンス,Jambières Lars FY
9858,ラースHSレギンス,Jambières Lars HS
9859,ラースＧレギンス,Jambières Lars G
9860,ラースGFレギンス,Jambières Lars GF
9861,ラースGXレギンス,Jambières Lars GX
9862,シルックフット,Chausses Shirukku
9863,シルックＦフット,Chausses Shirukku F
9864,シルックFYフット,Chausses Shirukku FY
9865,シルックHSフット,Chausses Shirukku HS
9866,シルックＧフット,Chausses Shirukku G
9867,シルックGFフット,Chausses Shirukku GF
9868,シルックGXフット,Chausses Shirukku GX
9869,シルックブーツ,Bottes Shirukku
9870,シルックＦブーツ,Bottes Shirukku F
9871,シルックFYブーツ,Bottes Shirukku FY
9872,シルックHSブーツ,Bottes Shirukku HS
9873,シルックＧブーツ,Bottes Shirukku G
9874,シルックGFブーツ,Bottes Shirukku GF
9875,シルックGXブーツ,Bottes Shirukku GX
9876,ノルックフット,Chausses Norukku
9877,ノルックＦフット,Chausses Norukku F
9878,ノルックFYフット,Chausses Norukku FY
9879,ノルックHSフット,Chausses Norukku HS
9880,ノルックＧフット,Chausses Norukku G
9881,ノルックGFフット,Chausses Norukku GF
9882,ノルックGXフット,Chausses Norukku GX
9883,ノルックブーツ,Bottes Norukku
9884,ノルックＦブーツ,Bottes Norukku F
9885,ノルックFYブーツ,Bottes Norukku FY
9886,ノルックHSブーツ,Bottes Norukku HS
9887,ノルックＧブーツ,Bottes Norukku G
9888,ノルックGFブーツ,Bottes Norukku GF
9889,ノルックGXブーツ,Bottes Norukku GX
9890,レイレスＧグリーヴ,Grèves Reiresu G
9891,レイレスGFグリーヴ,Grèves Reiresu GF
9892,レイレスGXグリーヴ,Grèves Reiresu GX
9893,レイレスＧレギンス,Jambières Reiresu G
9894,レイレスGFレギンス,Jambières Reiresu GF
9895,レイレスGXレギンス,Jambières Reiresu GX
9896,アンジュＧグリーヴ,
9897,アンジュGFグリーヴ,
9898,アンジュGXグリーヴ,
9899,アンジュＧレギンス,
9900,アンジュGFレギンス,
9901,アンジュGXレギンス,
9902,ハセルヴォルフット,
9903,ハセルヴォルフットＦ,
9904,ハセルヴォルフットFZ,
9905,ハセルヴォルフットHS,
9906,ハセルヴォルフットGS,
9907,ハセルヴォルフットGP,
9908,ソルフレアフット,Chausses Solflare
9909,ソルフレアＦフット,Chausses Solflare F
9910,ソルフレアFZフット,Chausses Solflare FZ
9911,ソルフレアHSフット,Chausses Solflare HS
9912,ソルフレアGSフット,Chausses Solflare GS
9913,ソルフレアGPフット,Chausses Solflare GP
9914,ソルフレアブーツ,Bottes Solflare
9915,ソルフレアＦブーツ,Bottes Solflare F
9916,ソルフレアFZブーツ,Bottes Solflare FZ
9917,ソルフレアHSブーツ,Bottes Solflare HS
9918,ソルフレアGSブーツ,Bottes Solflare GS
9919,ソルフレアGPブーツ,Bottes Solflare GP
9920,アーベンフット,Chausses Arben
9921,アーベンＦフット,Chausses Arben F
9922,アーベンFZフット,Chausses Arben FZ
9923,アーベンHSフット,Chausses Arben HS
9924,アーベンGSフット,Chausses Arben GS
9925,アーベンGPフット,Chausses Arben GP
9926,アーベンブーツ,Bottes Arben
9927,アーベンＦブーツ,Bottes Arben F
9928,アーベンFZブーツ,Bottes Arben FZ
9929,アーベンHSブーツ,Bottes Arben HS
9930,アーベンGSブーツ,Bottes Arben GS
9931,アーベンGPブーツ,Bottes Arben GP
9932,ケラヴノフット,Chausses Keravuno
9933,ケラヴノＦフット,Chausses Keravuno F
9934,ケラヴノFZフット,Chausses Keravuno FZ
9935,ケラヴノHSフット,Chausses Keravuno HS
9936,ケラヴノGSフット,Chausses Keravuno GS
9937,ケラヴノGPフット,Chausses Keravuno GP
9938,ケラヴノブーツ,Bottes Keravuno
9939,ケラヴノＦブーツ,Bottes Keravuno F
9940,ケラヴノFZブーツ,Bottes Keravuno FZ
9941,ケラヴノHSブーツ,Bottes Keravuno HS
9942,ケラヴノGSブーツ,Bottes Keravuno GS
9943,ケラヴノGPブーツ,Bottes Keravuno GP
9944,和花ノ脛当,
9945,和花ノ脛当Ｆ,
9946,和花ノ脛当FZ,
9947,和花ノ脛当HS,
9948,和花ノ脛当GS,
9949,和花ノ脛当GP,
9950,和花ノ具足,
9951,和花ノ具足Ｆ,
9952,和花ノ具足FZ,
9953,和花ノ具足HS,
9954,和花ノ具足GS,
9955,和花ノ具足GP,
9956,ルコＧフット,Chausses Ruko G
9957,ルコGFフット,Chausses Ruko GF
9958,ルコGXフット,Chausses Ruko GX
9959,ルコＧレグス,
9960,ルコGFレグス,
9961,ルコGXレグス,
9962,キリンＧレガース,
9963,キリンGFレガース,
9964,キリンGXレガース,
9965,キリンＧブーツ,Bottes Kirin G
9966,キリンGFブーツ,Bottes Kirin GF
9967,キリンGXブーツ,Bottes Kirin GX
9968,ヴォングリーヴ,Grèves Voljang
9969,ヴォンＦグリーヴ,Grèves Voljang F
9970,ヴォンFXグリーヴ,Grèves Voljang FX
9971,ヴォンＧグリーヴ,Grèves Voljang G
9972,ヴォンGFグリーヴ,Grèves Voljang GF
9973,ヴォンGXグリーヴ,Grèves Voljang GX
9974,ヴォンレギンス,Jambières Voljang
9975,ヴォンＦレギンス,Jambières Voljang F
9976,ヴォンFXレギンス,Jambières Voljang FX
9977,ヴォンＧレギンス,Jambières Voljang G
9978,ヴォンGFレギンス,Jambières Voljang GF
9979,ヴォンGXレギンス,Jambières Voljang GX
9980,フレイムGXグリーヴ,Grèves Flamme GX
9981,フレイムGXレギンス,Jambières Flamme GX
9982,フロルGXレッグ,
9983,フロルGXブーツ,Bottes Furoru GX
9984,ヴァルGXグリーヴ,Grèves Varusa GX
9985,ヴァルGXレギンス,Jambières Varusa GX
9986,獄狼グリーヴ,Grèves Stygian
9987,獄狼Ｇグリーヴ,Grèves Stygian G
9988,獄狼GFグリーヴ,Grèves Stygian GF
9989,獄狼GXグリーヴ,Grèves Stygian GX
9990,獄狼レギンス,Jambières Stygian
9991,獄狼Ｇレギンス,Jambières Stygian G
9992,獄狼GFレギンス,Jambières Stygian GF
9993,獄狼GXレギンス,Jambières Stygian GX
9994,メラルーグリーヴ,Grèves Melynx
9995,メラルーＦグリーヴ,Grèves Melynx F
9996,メラルーFZグリーヴ,Grèves Melynx FZ
9997,メラルーHSグリーヴ,Grèves Melynx HS
9998,メラルーGSグリーヴ,Grèves Melynx GS
9999,メラルーGPグリーヴ,Grèves Melynx GP
10000,メラルーフット,Chausses Melynx
10001,メラルーＦフット,Chausses Melynx F
10002,メラルーFZフット,Chausses Melynx FZ
10003,メラルーHSフット,Chausses Melynx HS
10004,メラルーGSフット,Chausses Melynx GS
10005,メラルーGPフット,Chausses Melynx GP
10006,アイルーグリーヴ,Grèves Felyne
10007,アイルーＦグリーヴ,Grèves Felyne F
10008,アイルーFZグリーヴ,Grèves Felyne FZ
10009,アイルーHSグリーヴ,Grèves Felyne HS
10010,アイルーGSグリーヴ,Grèves Felyne GS
10011,アイルーGPグリーヴ,Grèves Felyne GP
10012,アイルーフット,Chausses Felyne
10013,アイルーＦフット,Chausses Felyne F
10014,アイルーFZフット,Chausses Felyne FZ
10015,アイルーHSフット,Chausses Felyne HS
10016,アイルーGSフット,Chausses Felyne GS
10017,アイルーGPフット,Chausses Felyne GP
10018,アメショグリーヴ,Grèves Tigré
10019,アメショＦグリーヴ,Grèves Tigré F
10020,アメショFZグリーヴ,Grèves Tigré FZ
10021,アメショHSグリーヴ,Grèves Tigré HS
10022,アメショGSグリーヴ,Grèves Tigré GS
10023,アメショGPグリーヴ,Grèves Tigré GP
10024,アメショフット,Chausses Tigré
10025,アメショＦフット,Chausses Tigré F
10026,アメショFZフット,Chausses Tigré FZ
10027,アメショHSフット,Chausses Tigré HS
10028,アメショGSフット,Chausses Tigré GS
10029,アメショGPフット,Chausses Tigré GP
10030,チャトラグリーヴ,
10031,チャトラＦグリーヴ,
10032,チャトラFZグリーヴ,
10033,チャトラHSグリーヴ,
10034,チャトラGSグリーヴ,
10035,チャトラGPグリーヴ,
10036,チャトラフット,
10037,チャトラＦフット,
10038,チャトラFZフット,
10039,チャトラHSフット,
10040,チャトラGSフット,
10041,チャトラGPフット,
10042,ミケグリーヴ,
10043,ミケＦグリーヴ,
10044,ミケFZグリーヴ,
10045,ミケHSグリーヴ,
10046,ミケGSグリーヴ,
10047,ミケGPグリーヴ,
10048,ミケフット,
10049,ミケＦフット,
10050,ミケFZフット,
10051,ミケHSフット,
10052,ミケGSフット,
10053,ミケGPフット,
10054,シログリーヴ,
10055,シロＦグリーヴ,
10056,シロFZグリーヴ,
10057,シロHSグリーヴ,
10058,シロGSグリーヴ,
10059,シロGPグリーヴ,
10060,シロフット,
10061,シロＦフット,
10062,シロFZフット,
10063,シロHSフット,
10064,シロGSフット,
10065,シロGPフット,
10066,チャシログリーヴ,Grèves Chashiro
10067,チャシロＦグリーヴ,Grèves Chashiro F
10068,チャシロFZグリーヴ,Grèves Chashiro FZ
10069,チャシロHSグリーヴ,Grèves Chashiro HS
10070,チャシロGSグリーヴ,Grèves Chashiro GS
10071,チャシロGPグリーヴ,Grèves Chashiro GP
10072,チャシロフット,Chausses Chashiro
10073,チャシロＦフット,Chausses Chashiro F
10074,チャシロFZフット,Chausses Chashiro FZ
10075,チャシロHSフット,Chausses Chashiro HS
10076,チャシロGSフット,Chausses Chashiro GS
10077,チャシロGPフット,Chausses Chashiro GP
10078,クロシログリーヴ,Grèves Two-tone
10079,クロシロＦグリーヴ,Grèves Two-tone F
10080,クロシロFZグリーヴ,Grèves Two-tone FZ
10081,クロシロHSグリーヴ,Grèves Two-tone HS
10082,クロシロGSグリーヴ,Grèves Two-tone GS
10083,クロシロGPグリーヴ,Grèves Two-tone GP
10084,クロシロフット,Chausses Two-tone
10085,クロシロＦフット,Chausses Two-tone F
10086,クロシロFZフット,Chausses Two-tone FZ
10087,クロシロHSフット,Chausses Two-tone HS
10088,クロシロGSフット,Chausses Two-tone GS
10089,クロシロGPフット,Chausses Two-tone GP
10090,雅フット,
10091,雅Ｆフット,
10092,雅FZフット,
10093,雅HSフット,
10094,雅GSフット,
10095,雅GPフット,
10096,雅ブーツ,
10097,雅Ｆブーツ,
10098,雅FZブーツ,
10099,雅HSブーツ,
10100,雅GSブーツ,
10101,雅GPブーツ,
10102,アウラフット,
10103,アウラＦフット,
10104,アウラFZフット,
10105,アウラHSフット,
10106,アウラGSフット,
10107,アウラGPフット,
10108,アウラブーツ,
10109,アウラＦブーツ,
10110,アウラFZブーツ,
10111,アウラHSブーツ,
10112,アウラGSブーツ,
10113,アウラGPブーツ,
10114,和奏ノ脛当,
10115,和奏ノ脛当Ｆ,
10116,和奏ノ脛当FZ,
10117,和奏ノ脛当HS,
10118,和奏ノ脛当GS,
10119,和奏ノ脛当GP,
10120,和奏ノ具足,
10121,和奏ノ具足Ｆ,
10122,和奏ノ具足FZ,
10123,和奏ノ具足HS,
10124,和奏ノ具足GS,
10125,和奏ノ具足GP,
10126,蒼皇氷フット,
10127,蒼皇氷Ｆフット,
10128,蒼皇氷FZフット,
10129,蒼皇氷HSフット,
10130,蒼皇氷GSフット,
10131,蒼皇氷GPフット,
10132,蒼皇氷ブーツ,
10133,蒼皇氷Ｆブーツ,
10134,蒼皇氷FZブーツ,
10135,蒼皇氷HSブーツ,
10136,蒼皇氷GSブーツ,
10137,蒼皇氷GPブーツ,
10138,白皇氷フット,
10139,白皇氷Ｆフット,
10140,白皇氷FZフット,
10141,白皇氷HSフット,
10142,白皇氷GSフット,
10143,白皇氷GPフット,
10144,白皇氷ブーツ,
10145,白皇氷Ｆブーツ,
10146,白皇氷FZブーツ,
10147,白皇氷HSブーツ,
10148,白皇氷GSブーツ,
10149,白皇氷GPブーツ,
10150,紅皇氷フット,
10151,紅皇氷Ｆフット,
10152,紅皇氷FZフット,
10153,紅皇氷HSフット,
10154,紅皇氷GSフット,
10155,紅皇氷GPフット,
10156,紅皇氷ブーツ,
10157,紅皇氷Ｆブーツ,
10158,紅皇氷FZブーツ,
10159,紅皇氷HSブーツ,
10160,紅皇氷GSブーツ,
10161,紅皇氷GPブーツ,
10162,タルタフット,Chausses Taruta
10163,タルタＦフット,Chausses Taruta F
10164,タルタFZフット,Chausses Taruta FZ
10165,タルタHSフット,Chausses Taruta HS
10166,タルタGSフット,Chausses Taruta GS
10167,タルタGPフット,Chausses Taruta GP
10168,タルタブーツ,Bottes Taruta
10169,タルタＦブーツ,Bottes Taruta F
10170,タルタFZブーツ,Bottes Taruta FZ
10171,タルタHSブーツ,Bottes Taruta HS
10172,タルタGSブーツ,Bottes Taruta GS
10173,タルタGPブーツ,Bottes Taruta GP
10174,ルルタフット,Chausses Ruruta
10175,ルルタＦフット,Chausses Ruruta F
10176,ルルタFZフット,Chausses Ruruta FZ
10177,ルルタHSフット,Chausses Ruruta HS
10178,ルルタGSフット,Chausses Ruruta GS
10179,ルルタGPフット,Chausses Ruruta GP
10180,ルルタブーツ,Bottes Ruruta
10181,ルルタＦブーツ,Bottes Ruruta F
10182,ルルタFZブーツ,Bottes Ruruta FZ
10183,ルルタHSブーツ,Bottes Ruruta HS
10184,ルルタGSブーツ,Bottes Ruruta GS
10185,ルルタGPブーツ,Bottes Ruruta GP
10186,クロフィフット,Chausses Kurofi
10187,クロフィＦフット,Chausses Kurofi F
10188,クロフィFZフット,Chausses Kurofi FZ
10189,クロフィHSフット,Chausses Kurofi HS
10190,クロフィGSフット,Chausses Kurofi GS
10191,クロフィGPフット,Chausses Kurofi GP
10192,クロフィブーツ,Bottes Kurofi
10193,クロフィＦブーツ,Bottes Kurofi F
10194,クロフィFZブーツ,Bottes Kurofi FZ
10195,クロフィHSブーツ,Bottes Kurofi HS
10196,クロフィGSブーツ,Bottes Kurofi GS
10197,クロフィGPブーツ,Bottes Kurofi GP
10198,グーダンフット,Chausses Gudan
10199,グーダンＦフット,Chausses Gudan F
10200,グーダンFZフット,Chausses Gudan FZ
10201,グーダンHSフット,Chausses Gudan HS
10202,グーダンGSフット,Chausses Gudan GS
10203,グーダンGPフット,Chausses Gudan GP
10204,チアリムフット,Chausses Chiarim
10205,チアリムＦフット,Chausses Chiarim F
10206,チアリムFZフット,Chausses Chiarim FZ
10207,チアリムHSフット,Chausses Chiarim HS
10208,チアリムGSフット,Chausses Chiarim GS
10209,チアリムGPフット,Chausses Chiarim GP
10210,チアリムブーツ,Bottes Chiarim
10211,チアリムＦブーツ,Bottes Chiarim F
10212,チアリムFZブーツ,Bottes Chiarim FZ
10213,チアリムHSブーツ,Bottes Chiarim HS
10214,チアリムGSブーツ,Bottes Chiarim GS
10215,チアリムGPブーツ,Bottes Chiarim GP
10216,ロホックグリーヴ,Grèves Rohokku
10217,ロホックＦグリーヴ,Grèves Rohokku F
10218,ロホックFYグリーヴ,Grèves Rohokku FY
10219,ロホックHSグリーヴ,Grèves Rohokku HS
10220,ロホックＧグリーヴ,Grèves Rohokku G
10221,ロホックGFグリーヴ,Grèves Rohokku GF
10222,ロホックGXグリーヴ,Grèves Rohokku GX
10223,ロホックレギンス,Jambières Rohokku
10224,ロホックＦレギンス,Jambières Rohokku F
10225,ロホックFYレギンス,Jambières Rohokku FY
10226,ロホックHSレギンス,Jambières Rohokku HS
10227,ロホックＧレギンス,Jambières Rohokku G
10228,ロホックGFレギンス,Jambières Rohokku GF
10229,ロホックGXレギンス,Jambières Rohokku GX
10230,キュールグリーヴ,
10231,キュールＦグリーヴ,
10232,キュールFYグリーヴ,
10233,キュールHSグリーヴ,
10234,キュールＧグリーヴ,
10235,キュールGFグリーヴ,
10236,キュールGXグリーヴ,
10237,キュールレギンス,
10238,キュールＦレギンス,
10239,キュールFYレギンス,
10240,キュールHSレギンス,
10241,キュールＧレギンス,
10242,キュールGFレギンス,
10243,キュールGXレギンス,
10244,鬼凛ノ足枷Ｇ,
10245,鬼凛ノ足枷GF,
10246,鬼凛ノ足枷GX,
10247,童凛ノ足枷Ｇ,
10248,童凛ノ足枷GF,
10249,童凛ノ足枷GX,
10250,エギエネグリーヴ,Grèves Eguiene
10251,エギエネＦグリーヴ,Grèves Eguiene F
10252,エギエネFYグリーヴ,Grèves Eguiene FY
10253,エギエネHSグリーヴ,Grèves Eguiene HS
10254,エギエネＧグリーヴ,Grèves Eguiene G
10255,エギエネGFグリーヴ,Grèves Eguiene GF
10256,エギエネGXグリーヴ,Grèves Eguiene GX
10257,エギエネレギンス,Jambières Eguiene
10258,エギエネＦレギンス,Jambières Eguiene F
10259,エギエネFYレギンス,Jambières Eguiene FY
10260,エギエネHSレギンス,Jambières Eguiene HS
10261,エギエネＧレギンス,Jambières Eguiene G
10262,エギエネGFレギンス,Jambières Eguiene GF
10263,エギエネGXレギンス,Jambières Eguiene GX
10264,ヴァクスグリーヴ,Grèves Vakusu
10265,ヴァクスＦグリーヴ,Grèves Vakusu F
10266,ヴァクスFYグリーヴ,Grèves Vakusu FY
10267,ヴァクスHSグリーヴ,Grèves Vakusu HS
10268,ヴァクスＧグリーヴ,Grèves Vakusu G
10269,ヴァクスGFグリーヴ,Grèves Vakusu GF
10270,ヴァクスGXグリーヴ,Grèves Vakusu GX
10271,ヴァクスレギンス,Jambières Vakusu
10272,ヴァクスＦレギンス,Jambières Vakusu F
10273,ヴァクスFYレギンス,Jambières Vakusu FY
10274,ヴァクスHSレギンス,Jambières Vakusu HS
10275,ヴァクスＧレギンス,Jambières Vakusu G
10276,ヴァクスGFレギンス,Jambières Vakusu GF
10277,ヴァクスGXレギンス,Jambières Vakusu GX
10278,ニンファグリーヴ,Grèves Nympha
10279,クロエグリーヴ,Grèves Chloe
10280,エスピナＺフェルゼ,
10281,エスピナZFフェルゼ,
10282,エスピナZYフェルゼ,
10283,エスピナZXフェルゼ,
10284,エスピナＺアヴィレ,
10285,エスピナZFアヴィレ,
10286,エスピナZYアヴィレ,
10287,エスピナZXアヴィレ,
10288,ヒプノＺグリーヴ,Grèves Hypnoc Z
10289,ヒプノZFグリーヴ,Grèves Hypnoc F
10290,ヒプノZYグリーヴ,Grèves Hypnoc ZY
10291,ヒプノZXグリーヴ,Grèves Hypnoc ZX
10292,ヒプノＺレギンス,Jambières Hypnoc Z
10293,ヒプノZFレギンス,Jambières Hypnoc F
10294,ヒプノZYレギンス,Jambières Hypnoc ZY
10295,ヒプノZXレギンス,Jambières Hypnoc ZX
10296,フルフルＺグリーヴ,Grèves Khezu Z
10297,フルフルZFグリーヴ,Grèves Khezu F
10298,フルフルZYグリーヴ,Grèves Khezu ZY
10299,フルフルZXグリーヴ,Grèves Khezu ZX
10300,フルフルＺレギンス,Jambières Khezu Z
10301,フルフルZFレギンス,Jambières Khezu F
10302,フルフルZYレギンス,Jambières Khezu ZY
10303,フルフルZXレギンス,Jambières Khezu ZX
10304,ザザミＺグリーヴ,Grèves Hermitaur Z
10305,ザザミZFグリーヴ,Grèves Hermitaur F
10306,ザザミZYグリーヴ,Grèves Hermitaur ZY
10307,ザザミZXグリーヴ,Grèves Hermitaur ZX
10308,ザザミＺレギンス,Jambières Hermitaur Z
10309,ザザミZFレギンス,Jambières Hermitaur F
10310,ザザミZYレギンス,Jambières Hermitaur ZY
10311,ザザミZXレギンス,Jambières Hermitaur ZX
10312,ディオスフット,Chausses Dios
10313,ディオスＦフット,Chausses Dios F
10314,ディオスFZフット,Chausses Dios FZ
10315,ディオスHSフット,Chausses Dios HS
10316,ディオスGSフット,Chausses Dios GS
10317,ディオスGPフット,Chausses Dios GP
10318,ディオスZPフット,Chausses Dios ZP
10319,ディオスブーツ,Bottes Dios
10320,ディオスＦブーツ,Bottes Dios F
10321,ディオスFZブーツ,Bottes Dios FZ
10322,ディオスHSブーツ,Bottes Dios HS
10323,ディオスGSブーツ,Bottes Dios GS
10324,ディオスGPブーツ,Bottes Dios GP
10325,ディオスZPブーツ,Bottes Dios ZP
10326,エヴォルフット・白,Chausses Evol blanches
10327,エヴォルＦフット・白,Chausses Evol F blanches
10328,エヴォルFZフット・白,Chausses Evol FZ blanches
10329,エヴォルHSフット・白,Chausses Evol HS blanches
10330,エヴォルGSフット・白,Chausses Evol GS blanches
10331,エヴォルGPフット・白,Chausses Evol GP blanches
10332,エヴォルZPフット・白,Chausses Evol ZP blanches
10333,エヴォルブーツ・白,Bottes Evol blanches
10334,エヴォルＦブーツ・白,Bottes Evol F blanches
10335,エヴォルFZブーツ・白,Bottes Evol FZ blanches
10336,エヴォルHSブーツ・白,Bottes Evol HS blanches
10337,エヴォルGSブーツ・白,Bottes Evol GS blanches
10338,エヴォルGPブーツ・白,Bottes Evol GP blanches
10339,エヴォルZPブーツ・白,Bottes Evol ZP blanches
10340,エヴォルフット・赤,Chausses Evol rouges
10341,エヴォルＦフット・赤,Chausses Evol F rouges
10342,エヴォルFZフット・赤,Chausses Evol FZ rouges
10343,エヴォルHSフット・赤,Chausses Evol HS rouges
10344,エヴォルGSフット・赤,Chausses Evol GS rouges
10345,エヴォルGPフット・赤,Chausses Evol GP rouges
10346,エヴォルZPフット・赤,Chausses Evol ZP rouges
10347,エヴォルブーツ・赤,Bottes Evol rouges
10348,エヴォルＦブーツ・赤,Bottes Evol F rouges
10349,エヴォルFZブーツ・赤,Bottes Evol FZ rouges
10350,エヴォルHSブーツ・赤,Bottes Evol HS rouges
10351,エヴォルGSブーツ・赤,Bottes Evol GS rouges
10352,エヴォルGPブーツ・赤,Bottes Evol GP rouges
10353,エヴォルZPブーツ・赤,Bottes Evol ZP rouges
10354,エヴォルフット・青,Chausses Evol bleues
10355,エヴォルＦフット・青,Chausses Evol F bleues
10356,エヴォルFZフット・青,Chausses Evol FZ bleues
10357,エヴォルHSフット・青,Chausses Evol HS bleues
10358,エヴォルGSフット・青,Chausses Evol GS bleues
10359,エヴォルGPフット・青,Chausses Evol GP bleues
10360,エヴォルZPフット・青,Chausses Evol ZP bleues
10361,エヴォルブーツ・青,Bottes Evol bleues
10362,エヴォルＦブーツ・青,Bottes Evol F bleues
10363,エヴォルFZブーツ・青,Bottes Evol FZ bleues
10364,エヴォルHSブーツ・青,Bottes Evol HS bleues
10365,エヴォルGSブーツ・青,Bottes Evol GS bleues
10366,エヴォルGPブーツ・青,Bottes Evol GP bleues
10367,エヴォルZPブーツ・青,Bottes Evol ZP bleues
10368,エヴォルフット・紫,Chausses Evol violettes
10369,エヴォルＦフット・紫,Chausses Evol F violettes
10370,エヴォルFZフット・紫,Chausses Evol FZ violettes
10371,エヴォルHSフット・紫,Chausses Evol HS violettes
10372,エヴォルGSフット・紫,Chausses Evol GS violettes
10373,エヴォルGPフット・紫,Chausses Evol GP violettes
10374,エヴォルZPフット・紫,Chausses Evol ZP violettes
10375,エヴォルブーツ・紫,Bottes Evol violettes
10376,エヴォルＦブーツ・紫,Bottes Evol F violettes
10377,エヴォルFZブーツ・紫,Bottes Evol FZ violettes
10378,エヴォルHSブーツ・紫,Bottes Evol HS violettes
10379,エヴォルGSブーツ・紫,Bottes Evol GS violettes
10380,エヴォルGPブーツ・紫,Bottes Evol GP violettes
10381,エヴォルZPブーツ・紫,Bottes Evol ZP violettes
10382,サクフィフット,Chausses Sakufi
10383,サクフィＦフット,Chausses Sakufi F
10384,サクフィFZフット,Chausses Sakufi FZ
10385,サクフィHSフット,Chausses Sakufi HS
10386,サクフィGSフット,Chausses Sakufi GS
10387,サクフィGPフット,Chausses Sakufi GP
10388,サクフィZPフット,Chausses Sakufi ZP
10389,サクフィブーツ,Bottes Sakufi
10390,サクフィＦブーツ,Bottes Sakufi F
10391,サクフィFZブーツ,Bottes Sakufi FZ
10392,サクフィHSブーツ,Bottes Sakufi HS
10393,サクフィGSブーツ,Bottes Sakufi GS
10394,サクフィGPブーツ,Bottes Sakufi GP
10395,サクフィZPブーツ,Bottes Sakufi ZP
10396,アスモフット,Chausses Asumo
10397,アスモＦフット,Chausses Asumo F
10398,アスモFZフット,Chausses Asumo FZ
10399,アスモHSフット,Chausses Asumo HS
10400,アスモGSフット,Chausses Asumo GS
10401,アスモGPフット,Chausses Asumo GP
10402,アスモZPフット,Chausses Asumo ZP
10403,アスモブーツ,Bottes Asumo
10404,アスモＦブーツ,Bottes Asumo F
10405,アスモFZブーツ,Bottes Asumo FZ
10406,アスモHSブーツ,Bottes Asumo HS
10407,アスモGSブーツ,Bottes Asumo GS
10408,アスモGPブーツ,Bottes Asumo GP
10409,アスモZPブーツ,Bottes Asumo ZP
10410,キャロルＣフット,Chausses Carol C
10411,ザイラＣフット,Chausses Zaira C
10412,ルースＣレッグ,
10413,アステリZPフット・白,Chausses Asteri ZP blanches
10414,アステリZPブーツ・白,Bottes Asteri ZP blanches
10415,アステリZPフット・青,Chausses Asteri ZP bleues
10416,アステリZPブーツ・青,Bottes Asteri ZP bleues
10417,アステリZPフット・赤,Chausses Asteri ZP rouges
10418,アステリZPブーツ・赤,Bottes Asteri ZP rouges
10419,アステリZPフット・黒,Chausses Asteri ZP noires
10420,アステリZPブーツ・黒,Bottes Asteri ZP noires
10421,リアンZPフット・青,Chausses Rian ZP bleues
10422,リアンZPブーツ・青,Bottes Rian ZP bleues
10423,リアンZPフット・赤,Chausses Rian ZP rouges
10424,リアンZPブーツ・赤,Bottes Rian ZP rouges
10425,リアンZPフット・黒,Chausses Rian ZP noires
10426,リアンZPブーツ・黒,Bottes Rian ZP noires
10427,リアンZPフット・白,Chausses Rian ZP blanches
10428,リアンZPブーツ・白,Bottes Rian ZP blanches
10429,キャロルZPフット・黒,Chausses Carol ZP noires
10430,キャロルZPブーツ・黒,Bottes Carol ZP noires
10431,キャロルZPフット・青,Chausses Carol ZP bleues
10432,キャロルZPブーツ・青,Bottes Carol ZP bleues
10433,キャロルZPフット・白,Chausses Carol ZP blanches
10434,キャロルZPブーツ・白,Bottes Carol ZP blanches
10435,キャロルZPフット・赤,Chausses Carol ZP rouges
10436,キャロルZPブーツ・赤,Bottes Carol ZP rouges
10437,ブリゼグリーヴ,Grèves Blize
10438,ブリゼＦグリーヴ,Grèves Blize F
10439,ブリゼFYグリーヴ,Grèves Blize FY
10440,ブリゼHSグリーヴ,Grèves Blize HS
10441,ブリゼＧグリーヴ,Grèves Blize G
10442,ブリゼGFグリーヴ,Grèves Blize GF
10443,ブリゼGXグリーヴ,Grèves Blize GX
10444,ブリゼレギンス,Jambières Blize
10445,ブリゼＦレギンス,Jambières Blize F
10446,ブリゼFYレギンス,Jambières Blize FY
10447,ブリゼHSレギンス,Jambières Blize HS
10448,ブリゼＧレギンス,Jambières Blize G
10449,ブリゼGFレギンス,Jambières Blize GF
10450,ブリゼGXレギンス,Jambières Blize GX
10451,ヒガクレＣグリーヴ,Grèves Higakure C
10452,ハロキュＤフット,Chausses Harokyu D
10453,エヴォルＤフット・白,Chausses Evol D blanches
10454,エヴォルＤフット・赤,Chausses Evol D rouges
10455,エヴォルＤフット・青,Chausses Evol D bleues
10456,エヴォルＤフット・紫,Chausses Evol D violettes
10457,狩衛部隊フット・男,
10458,狩衛部隊フット・女,
10459,蒼皇氷ZPフット,
10460,蒼皇氷ZPブーツ,
10461,白皇氷ZPフット,
10462,白皇氷ZPブーツ,
10463,紅皇氷ZPフット,
10464,紅皇氷ZPブーツ,
10465,ワンダレフット・青,Chausses Wandale bleues
10466,ワンダレＦフット・青,Chausses Wandale F bleues
10467,ワンダレFZフット・青,Chausses Wandale FZ bleues
10468,ワンダレHSフット・青,Chausses Wandale HS bleues
10469,ワンダレGSフット・青,Chausses Wandale GS bleues
10470,ワンダレGPフット・青,Chausses Wandale GP bleues
10471,ワンダレZPフット・青,Chausses Wandale ZP bleues
10472,ワンダレブーツ・青,Bottes Wandale bleues
10473,ワンダレＦブーツ・青,Bottes Wandale F bleues
10474,ワンダレFZブーツ・青,Bottes Wandale FZ bleues
10475,ワンダレHSブーツ・青,Bottes Wandale HS bleues
10476,ワンダレGSブーツ・青,Bottes Wandale GS bleues
10477,ワンダレGPブーツ・青,Bottes Wandale GP bleues
10478,ワンダレZPブーツ・青,Bottes Wandale ZP bleues
10479,ワンダレフット・赤,Chausses Wandale rouges
10480,ワンダレＦフット・赤,Chausses Wandale F rouges
10481,ワンダレFZフット・赤,Chausses Wandale FZ rouges
10482,ワンダレHSフット・赤,Chausses Wandale HS rouges
10483,ワンダレGSフット・赤,Chausses Wandale GS rouges
10484,ワンダレGPフット・赤,Chausses Wandale GP rouges
10485,ワンダレZPフット・赤,Chausses Wandale ZP rouges
10486,ワンダレブーツ・赤,Bottes Wandale rouges
10487,ワンダレＦブーツ・赤,Bottes Wandale F rouges
10488,ワンダレFZブーツ・赤,Bottes Wandale FZ rouges
10489,ワンダレHSブーツ・赤,Bottes Wandale HS rouges
10490,ワンダレGSブーツ・赤,Bottes Wandale GS rouges
10491,ワンダレGPブーツ・赤,Bottes Wandale GP rouges
10492,ワンダレZPブーツ・赤,Bottes Wandale ZP rouges
10493,ワンダレフット・白,Chausses Wandale blanches
10494,ワンダレＦフット・白,Chausses Wandale F blanches
10495,ワンダレFZフット・白,Chausses Wandale FZ blanches
10496,ワンダレHSフット・白,Chausses Wandale HS blanches
10497,ワンダレGSフット・白,Chausses Wandale GS blanches
10498,ワンダレGPフット・白,Chausses Wandale GP blanches
10499,ワンダレZPフット・白,Chausses Wandale ZP blanches
10500,ワンダレブーツ・白,Bottes Wandale blanches
10501,ワンダレＦブーツ・白,Bottes Wandale F blanches
10502,ワンダレFZブーツ・白,Bottes Wandale FZ blanches
10503,ワンダレHSブーツ・白,Bottes Wandale HS blanches
10504,ワンダレGSブーツ・白,Bottes Wandale GS blanches
10505,ワンダレGPブーツ・白,Bottes Wandale GP blanches
10506,ワンダレZPブーツ・白,Bottes Wandale ZP blanches
10507,ワンダレフット・黒,Chausses Wandale noires
10508,ワンダレＦフット・黒,Chausses Wandale F noires
10509,ワンダレFZフット・黒,Chausses Wandale FZ noires
10510,ワンダレHSフット・黒,Chausses Wandale HS noires
10511,ワンダレGSフット・黒,Chausses Wandale GS noires
10512,ワンダレGPフット・黒,Chausses Wandale GP noires
10513,ワンダレZPフット・黒,Chausses Wandale ZP noires
10514,ワンダレブーツ・黒,Bottes Wandale noires
10515,ワンダレＦブーツ・黒,Bottes Wandale F noires
10516,ワンダレFZブーツ・黒,Bottes Wandale FZ noires
10517,ワンダレHSブーツ・黒,Bottes Wandale HS noires
10518,ワンダレGSブーツ・黒,Bottes Wandale GS noires
10519,ワンダレGPブーツ・黒,Bottes Wandale GP noires
10520,ワンダレZPブーツ・黒,Bottes Wandale ZP noires
10521,ゴアグリーヴ,
10522,ゴアＧグリーヴ,
10523,ゴアGFグリーヴ,
10524,ゴアGXグリーヴ,
10525,ゴアレギンス,
10526,ゴアＧレギンス,
10527,ゴアGFレギンス,
10528,ゴアGXレギンス,
10529,ゼナＧグリーヴ,Grèves Zena G
10530,ゼナGFグリーヴ,Grèves Zena GF
10531,ゼナGXグリーヴ,Grèves Zena GX
10532,ゼナＧレギンス,Jambières Zena G
10533,ゼナGFレギンス,Jambières Zena GF
10534,ゼナGXレギンス,Jambières Zena GX
10535,レウスＺグリーヴ,Grèves Rathalos Z
10536,レウスZFグリーヴ,Grèves Rathalos F
10537,レウスZYグリーヴ,Grèves Rathalos ZY
10538,レウスZXグリーヴ,Grèves Rathalos ZX
10539,レウスＺレギンス,Jambières Rathalos Z
10540,レウスZFレギンス,Jambières Rathalos F
10541,レウスZYレギンス,Jambières Rathalos ZY
10542,レウスZXレギンス,Jambières Rathalos ZX
10543,ブランゴＺグリーヴ,Grèves Blango Z
10544,ブランゴZFグリーヴ,Grèves Blango F
10545,ブランゴZYグリーヴ,Grèves Blango ZY
10546,ブランゴZXグリーヴ,Grèves Blango ZX
10547,ブランゴＺレギンス,Jambières Blango Z
10548,ブランゴZFレギンス,Jambières Blango F
10549,ブランゴZYレギンス,Jambières Blango ZY
10550,ブランゴZXレギンス,Jambières Blango ZX
10551,ムルタフット,Chausses Muruta
10552,ムルタＦフット,Chausses Muruta F
10553,ムルタFZフット,Chausses Muruta FZ
10554,ムルタHSフット,Chausses Muruta HS
10555,ムルタGSフット,Chausses Muruta GS
10556,ムルタGPフット,Chausses Muruta GP
10557,ムルタZPフット,Chausses Muruta ZP
10558,ムルタブーツ,Bottes Muruta
10559,ムルタＦブーツ,Bottes Muruta F
10560,ムルタFZブーツ,Bottes Muruta FZ
10561,ムルタHSブーツ,Bottes Muruta HS
10562,ムルタGSブーツ,Bottes Muruta GS
10563,ムルタGPブーツ,Bottes Muruta GP
10564,ムルタZPブーツ,Bottes Muruta ZP
10565,ハウラフット,Chausses Howla
10566,ハウラＦフット,Chausses Howla F
10567,ハウラFZフット,Chausses Howla FZ
10568,ハウラHSフット,Chausses Howla HS
10569,ハウラGSフット,Chausses Howla GS
10570,ハウラGPフット,Chausses Howla GP
10571,ハウラZPフット,Chausses Howla ZP
10572,ハウラブーツ,Bottes Howla
10573,ハウラＦブーツ,Bottes Howla F
10574,ハウラFZブーツ,Bottes Howla FZ
10575,ハウラHSブーツ,Bottes Howla HS
10576,ハウラGSブーツ,Bottes Howla GS
10577,ハウラGPブーツ,Bottes Howla GP
10578,ハウラZPブーツ,Bottes Howla ZP
10579,パンセフット,Chausses Panse
10580,パンセＦフット,Chausses Panse F
10581,パンセFZフット,Chausses Panse FZ
10582,パンセHSフット,Chausses Panse HS
10583,パンセGSフット,Chausses Panse GS
10584,パンセGPフット,Chausses Panse GP
10585,パンセZPフット,Chausses Panse ZP
10586,パンセブーツ,Bottes Panse
10587,パンセＦブーツ,Bottes Panse F
10588,パンセFZブーツ,Bottes Panse FZ
10589,パンセHSブーツ,Bottes Panse HS
10590,パンセGSブーツ,Bottes Panse GS
10591,パンセGPブーツ,Bottes Panse GP
10592,パンセZPブーツ,Bottes Panse ZP
10593,マリジュフット,Chausses Mariage
10594,マリジュＦフット,Chausses Mariage F
10595,マリジュFZフット,Chausses Mariage FZ
10596,マリジュHSフット,Chausses Mariage HS
10597,マリジュGSフット,Chausses Mariage GS
10598,マリジュGPフット,Chausses Mariage GP
10599,マリジュZPフット,Chausses Mariage ZP
10600,マリジュブーツ,Bottes Mariage
10601,マリジュＦブーツ,Bottes Mariage F
10602,マリジュFZブーツ,Bottes Mariage FZ
10603,マリジュHSブーツ,Bottes Mariage HS
10604,マリジュGSブーツ,Bottes Mariage GS
10605,マリジュGPブーツ,Bottes Mariage GP
10606,マリジュZPブーツ,Bottes Mariage ZP
10607,ユキネフット,Chausses Yukine
10608,ユキネＦフット,Chausses Yukine F
10609,ユキネFZフット,Chausses Yukine FZ
10610,ユキネHSフット,Chausses Yukine HS
10611,ユキネGSフット,Chausses Yukine GS
10612,ユキネGPフット,Chausses Yukine GP
10613,ユキネZPフット,Chausses Yukine ZP
10614,ユキネブーツ,Bottes Yukine
10615,ユキネＦブーツ,Bottes Yukine F
10616,ユキネFZブーツ,Bottes Yukine FZ
10617,ユキネHSブーツ,Bottes Yukine HS
10618,ユキネGSブーツ,Bottes Yukine GS
10619,ユキネGPブーツ,Bottes Yukine GP
10620,ユキネZPブーツ,Bottes Yukine ZP
10621,雪ミクフット,
10622,雪ミクＦフット,
10623,雪ミクFZフット,
10624,雪ミクHSフット,
10625,雪ミクGSフット,
10626,雪ミクGPフット,
10627,雪ミクZPフット,
10628,雪ミクブーツ,
10629,雪ミクＦブーツ,
10630,雪ミクFZブーツ,
10631,雪ミクHSブーツ,
10632,雪ミクGSブーツ,
10633,雪ミクGPブーツ,
10634,雪ミクZPブーツ,
10635,ミクZPフット,Chausses Miku ZP
10636,ミクZPブーツ,Bottes Miku ZP
10637,オユンZPグリーヴ・青,Grèves Oyun ZP bleues
10638,オユンZPレギンス・青,Jambières Oyun ZP bleues
10639,オユンZPグリーヴ・赤,Grèves Oyun ZP rouges
10640,オユンZPレギンス・赤,Jambières Oyun ZP rouges
10641,オユンZPグリーヴ・黒,Grèves Oyun ZP noires
10642,オユンZPレギンス・黒,Jambières Oyun ZP noires
10643,オユンZPグリーヴ・白,Grèves Oyun ZP blanches
10644,オユンZPレギンス・白,Jambières Oyun ZP blanches
10645,鬼穿ノ足枷Ｇ,
10646,鬼穿ノ足枷GF,
10647,鬼穿ノ足枷GX,
10648,童穿ノ足枷Ｇ,
10649,童穿ノ足枷GF,
10650,童穿ノ足枷GX,
10651,ラーヴェフット,
10652,ラーヴェＦフット,
10653,ラーヴェFYフット,
10654,ラーヴェHSフット,
10655,ラーヴェＧフット,
10656,ラーヴェGFフット,
10657,ラーヴェGXフット,
10658,ラーヴェブーツ,
10659,ラーヴェＦブーツ,
10660,ラーヴェFYブーツ,
10661,ラーヴェHSブーツ,
10662,ラーヴェＧブーツ,
10663,ラーヴェGFブーツ,
10664,ラーヴェGXブーツ,
10665,ワンダレＤフット・青,Chausses Wandale D bleues
10666,ワンダレＤフット・赤,Chausses Wandale D rouges
10667,ワンダレＤフット・白,Chausses Wandale D blanches
10668,ワンダレＤフット・黒,Chausses Wandale D noires
10669,蒼皇氷Ｄフット,
10670,白皇氷Ｄフット,
10671,紅皇氷Ｄフット,
10672,ランセＣグリーヴ,Grèves Rance C
10673,サンタＤフット,Chausses Santa D
10674,ガウシカＤフット,Chausses Anteka D
10675,チアリムZPフット,Chausses Chiarim ZP
10676,チアリムZPブーツ,Bottes Chiarim ZP
10677,カタンテＺグリーヴ,Grèves Katante Z
10678,カタンテZFグリーヴ,Grèves Katante F
10679,カタンテZYグリーヴ,Grèves Katante ZY
10680,カタンテZXグリーヴ,Grèves Katante ZX
10681,カタンテＺレギンス,Jambières Katante Z
10682,カタンテZFレギンス,Jambières Katante F
10683,カタンテZYレギンス,Jambières Katante ZY
10684,カタンテZXレギンス,Jambières Katante ZX
10685,サクフィＤフット,Chausses Sakufi D
10686,アスモＤフット,Chausses Asumo D
10687,ディオスＤフット,Chausses Dios D
10688,アステリＤフット・白,Chausses Asteri D blanches
10689,アステリＤフット・青,Chausses Asteri D bleues
10690,アステリＤフット・赤,Chausses Asteri D rouges
10691,アステリＤフット・黒,Chausses Asteri D noires
10692,リアンＤフット・青,Chausses Rian D bleues
10693,リアンＤフット・赤,Chausses Rian D rouges
10694,リアンＤフット・黒,Chausses Rian D noires
10695,リアンＤフット・白,Chausses Rian D blanches
10696,リアンＤフット・紅,Chausses Rian D cramoisies
10697,リアンＤフット・藍,
10698,リアンＤフット・桃,Chausses Rian D roses
10699,キャロルＤフット・黒,Chausses Carol D noires
10700,キャロルＤフット・青,Chausses Carol D bleues
10701,キャロルＤフット・白,Chausses Carol D blanches
10702,キャロルＤフット・赤,Chausses Carol D rouges
10703,キャロルＤフット・桃,Chausses Carol D roses
10704,ゴシックＤグリーヴ,Grèves Gothic D
10705,キリンＤレガース,
10706,ファルノＤグリーヴ,Grèves Farunokku D
10707,ファルノＤレギンス,Jambières Farunokku D
10708,ポカラＤグリーヴ,Grèves Pokara D
10709,ポカラＤレギンス,Jambières Pokara D
10710,創音奏Ｄ【具足】,
10711,音紡奏Ｄ【具足】,
10712,照雷Ｄ【具足】,
10713,明雷Ｄ【具足】,
10714,トリドＤグリーヴ,Grèves Torid D
10715,トリドＤレギンス,Jambières Torid D
10716,グァンＤグリーヴ,Grèves Guan D
10717,グァンＤレギンス,Jambières Guan D
10718,ヴァルＤグリーヴ,Grèves Varusa D
10719,ヴァルＤレギンス,Jambières Varusa D
10720,トアＤグリーヴ,Grèves Toa D
10721,トアＤレギンス,Jambières Toa D
10722,ブリッツＤレガース,
10723,ストロマＤグリーヴ,Grèves Stroma D
10724,ストロマＤレギンス,Jambières Stroma D
10725,雅深Ｄ【具足】,
10726,雅淵Ｄ【具足】,
10727,アルテラＤグリーヴ,Grèves Altera D
10728,アルテラＤレギンス,Jambières Altera D
10729,ポボルムＤグリーヴ,Grèves Pobo D
10730,ポボルムＤレギンス,Jambières Pobo D
10731,ジンオウＣグリーヴ,Grèves Zinogre C
10732,ジンオウＣレギンス,Jambières Zinogre C
10733,タロスＵＤグリーヴ,Grèves Hornetaur
10734,タロスＵＤレギンス,Jambières Hornetaur
10735,レウスＤグリーヴ,Grèves Rathalos D
10736,レウスＤレギンス,Jambières Rathalos D
10737,ゴゴＤグリーヴ,Grèves Gogomoa D
10738,ゴゴＤレギンス,Jambières Gogomoa D
10739,アスールＤグリーヴ,Grèves Azul D
10740,アスールＤレギンス,Jambières Azul D
10741,ハーヴェストＤブーツ,Bottes Moisson D
10742,ハーヴェストＤレギンス,Jambières Moisson D
10743,メランＤグリーヴ,Grèves Melan D
10744,メランＤレギンス,Jambières Melan D
10745,ディールＤグリーヴ,Grèves Diru D
10746,ディールＤレギンス,Jambières Diru D
10747,タンドレスＤフット,Chausses Tandress D
10748,タンドレスＤブーツ,Bottes Tandress D
10749,ランセＤグリーヴ,Grèves Rance D
10750,ランセＤレギンス,Jambières Rance D
10751,ガネトＤグリーヴ,Grèves Ganeto D
10752,ガネトＤレギンス,Jambières Ganeto D
10753,チールＤグリーヴ,Grèves Chiru D
10754,チールＤレギンス,Jambières Chiru D
10755,シウスＤグリーヴ,Grèves Shiusu D
10756,シウスＤレギンス,Jambières Shiusu D
10757,ワンスＤグリーヴ・無,
10758,淡桜Ｄ【袴】,
10759,ペレグリフット,Chausses Pelegri
10760,ペレグリＦフット,Chausses Pelegri F
10761,ペレグリFZフット,Chausses Pelegri FZ
10762,ペレグリHSフット,Chausses Pelegri HS
10763,ペレグリGSフット,Chausses Pelegri GS
10764,ペレグリGPフット,Chausses Pelegri GP
10765,ペレグリZPフット,Chausses Pelegri ZP
10766,ペレグリブーツ,Bottes Pelegri
10767,ペレグリＦブーツ,Bottes Pelegri F
10768,ペレグリFZブーツ,Bottes Pelegri FZ
10769,ペレグリHSブーツ,Bottes Pelegri HS
10770,ペレグリGSブーツ,Bottes Pelegri GS
10771,ペレグリGPブーツ,Bottes Pelegri GP
10772,ペレグリZPブーツ,Bottes Pelegri ZP
10773,メラルーZPグリーヴ,Grèves Melynx ZP
10774,メラルーZPフット,Chausses Melynx ZP
10775,アイルーZPグリーヴ,Grèves Felyne ZP
10776,アイルーZPフット,Chausses Felyne ZP
10777,アメショZPグリーヴ,Grèves Tigré ZP
10778,アメショZPフット,Chausses Tigré ZP
10779,チャトラZPグリーヴ,
10780,チャトラZPフット,
10781,ミケZPグリーヴ,
10782,ミケZPフット,
10783,シロZPグリーヴ,
10784,シロZPフット,
10785,チャシロZPグリーヴ,Grèves Chashiro ZP
10786,チャシロZPフット,Chausses Chashiro ZP
10787,クロシロZPグリーヴ,Grèves Two-tone ZP
10788,クロシロZPフット,Chausses Two-tone ZP
10789,和奏ノ脛当ZP,
10790,和奏ノ具足ZP,
10791,ハウラＤフット,Chausses Howla D
10792,パンセＤフット,Chausses Panse D
10793,マリジュＤフット,Chausses Mariage D
10794,ユキネＤフット,Chausses Yukine D
10795,雪ミクＤフット,
10796,ミクＤフット,Chausses Miku D
10797,和奏ノ脛当Ｄ,
10798,メラルーＤグリーヴ,Grèves Melynx D
10799,アイルーＤグリーヴ,Grèves Felyne D
10800,アメショＤグリーヴ,Grèves Tigré D
10801,チャトラＤグリーヴ,
10802,ミケＤグリーヴ,
10803,シロＤグリーヴ,
10804,チャシロＤグリーヴ,Grèves Chashiro D
10805,クロシロＤグリーヴ,Grèves Two-tone D
10806,オウビートＤガンバ,
10807,パピメルＤガンバ,
10808,鬼神ノ足枷Ｄ,
10809,鬼伝ノ足枷Ｄ,
10810,鬼凛ノ足枷Ｄ,
10811,エンプレスＣグリーヴ,Grèves Impératrice C
10812,エンプレスＣレギンス,Jambières Impératrice C
10813,カイザーＣグリーヴ,
10814,カイザーＣレギンス,
10815,ドラゴンＤフット,
10816,ドラゴンＤレグス,
10817,ナルガＣグリーヴ,Grèves Nargacuga C
10818,ナルガＣレギンス,Jambières Nargacuga C
10819,焔嶽GX【袴】,
10820,緋嶽GX【袴】,
10821,ヴァシムＺグリーヴ,Grèves Vashimu Z
10822,ヴァシムZFグリーヴ,Grèves Vashimu F
10823,ヴァシムZYグリーヴ,Grèves Vashimu ZY
10824,ヴァシムZXグリーヴ,Grèves Vashimu ZX
10825,ヴァシムＺレギンス,Jambières Vashimu Z
10826,ヴァシムZFレギンス,Jambières Vashimu F
10827,ヴァシムZYレギンス,Jambières Vashimu ZY
10828,ヴァシムZXレギンス,Jambières Vashimu ZX
10829,レックスＺグリーヴ,Grèves Tigrex Z
10830,レックスZFグリーヴ,Grèves Tigrex F
10831,レックスZYグリーヴ,Grèves Tigrex ZY
10832,レックスZXグリーヴ,Grèves Tigrex ZX
10833,レックスＺレギンス,Jambières Tigrex Z
10834,レックスZFレギンス,Jambières Tigrex F
10835,レックスZYレギンス,Jambières Tigrex ZY
10836,レックスZXレギンス,Jambières Tigrex ZX
10837,アデルフット,Chausses Adel
10838,アデルＦフット,Chausses Adel F
10839,アデルFZフット,Chausses Adel FZ
10840,アデルHSフット,Chausses Adel HS
10841,アデルGSフット,Chausses Adel GS
10842,アデルGPフット,Chausses Adel GP
10843,アデルZPフット,Chausses Adel ZP
10844,アデルブーツ,Bottes Adel
10845,アデルＦブーツ,Bottes Adel F
10846,アデルFZブーツ,Bottes Adel FZ
10847,アデルHSブーツ,Bottes Adel HS
10848,アデルGSブーツ,Bottes Adel GS
10849,アデルGPブーツ,Bottes Adel GP
10850,アデルZPブーツ,Bottes Adel ZP
10851,ロックブーケフット,Chausses Rocbouquet
10852,ロックブーケＦフット,Chausses Rocbouquet F
10853,ロックブーケFZフット,Chausses Rocbouquet FZ
10854,ロックブーケHSフット,Chausses Rocbouquet HS
10855,ロックブーケGSフット,Chausses Rocbouquet GS
10856,ロックブーケGPフット,Chausses Rocbouquet GP
10857,ロックブーケZPフット,Chausses Rocbouquet ZP
10858,ロックブーケブーツ,Bottes Rocbouquet
10859,ロックブーケＦブーツ,Bottes Rocbouquet F
10860,ロックブーケFZブーツ,Bottes Rocbouquet FZ
10861,ロックブーケHSブーツ,Bottes Rocbouquet HS
10862,ロックブーケGSブーツ,Bottes Rocbouquet GS
10863,ロックブーケGPブーツ,Bottes Rocbouquet GP
10864,ロックブーケZPブーツ,Bottes Rocbouquet ZP
10865,アルカイザーフット,Chausses Alkaiser
10866,アルカイザーＦフット,Chausses Alkaiser F
10867,アルカイザーFZフット,Chausses Alkaiser FZ
10868,アルカイザーHSフット,Chausses Alkaiser HS
10869,アルカイザーGSフット,Chausses Alkaiser GS
10870,アルカイザーGPフット,Chausses Alkaiser GP
10871,アルカイザーZPフット,Chausses Alkaiser ZP
10872,アルカイザーブーツ,Bottes Alkaiser
10873,アルカイザーＦブーツ,Bottes Alkaiser F
10874,アルカイザーFZブーツ,Bottes Alkaiser FZ
10875,アルカイザーHSブーツ,Bottes Alkaiser HS
10876,アルカイザーGSブーツ,Bottes Alkaiser GS
10877,アルカイザーGPブーツ,Bottes Alkaiser GP
10878,アルカイザーZPブーツ,Bottes Alkaiser ZP
10879,クローディアフット,Chausses Claudia
10880,クローディアＦフット,Chausses Claudia F
10881,クローディアFZフット,Chausses Claudia FZ
10882,クローディアHSフット,Chausses Claudia HS
10883,クローディアGSフット,Chausses Claudia GS
10884,クローディアGPフット,Chausses Claudia GP
10885,クローディアZPフット,Chausses Claudia ZP
10886,クローディアブーツ,Bottes Claudia
10887,クローディアＦブーツ,Bottes Claudia F
10888,クローディアFZブーツ,Bottes Claudia FZ
10889,クローディアHSブーツ,Bottes Claudia HS
10890,クローディアGSブーツ,Bottes Claudia GS
10891,クローディアGPブーツ,Bottes Claudia GP
10892,クローディアZPブーツ,Bottes Claudia ZP
10893,ヘシュムフット,Chausses Hesyumu
10894,ヘシュムＦフット,Chausses Hesyumu F
10895,ヘシュムFZフット,Chausses Hesyumu FZ
10896,ヘシュムHSフット,Chausses Hesyumu HS
10897,ヘシュムGSフット,Chausses Hesyumu GS
10898,ヘシュムGPフット,Chausses Hesyumu GP
10899,ヘシュムZPフット,Chausses Hesyumu ZP
10900,ヘシュムブーツ,Bottes Hesyumu
10901,ヘシュムＦブーツ,Bottes Hesyumu F
10902,ヘシュムFZブーツ,Bottes Hesyumu FZ
10903,ヘシュムHSブーツ,Bottes Hesyumu HS
10904,ヘシュムGSブーツ,Bottes Hesyumu GS
10905,ヘシュムGPブーツ,Bottes Hesyumu GP
10906,ヘシュムZPブーツ,Bottes Hesyumu ZP
10907,カサミエフット,Chausses Kasamie
10908,カサミエＦフット,Chausses Kasamie F
10909,カサミエFZフット,Chausses Kasamie FZ
10910,カサミエHSフット,Chausses Kasamie HS
10911,カサミエGSフット,Chausses Kasamie GS
10912,カサミエGPフット,Chausses Kasamie GP
10913,カサミエZPフット,Chausses Kasamie ZP
10914,カサミエブーツ,Bottes Kasamie
10915,カサミエＦブーツ,Bottes Kasamie F
10916,カサミエFZブーツ,Bottes Kasamie FZ
10917,カサミエHSブーツ,Bottes Kasamie HS
10918,カサミエGSブーツ,Bottes Kasamie GS
10919,カサミエGPブーツ,Bottes Kasamie GP
10920,カサミエZPブーツ,Bottes Kasamie ZP
10921,シエロZPフット,Chausses Cielo ZP
10922,シエロZPブーツ,Bottes Cielo ZP
10923,ヴィーチZPフット,Chausses Vichi ZP
10924,ヴィーチZPブーツ,Bottes Vichi ZP
10925,ラピヌZPフット,Chausses Lapine ZP
10926,ラピヌZPブーツ,Bottes Lapine ZP
10927,ベイルZPディバイダー,
10928,パシオグリーヴ,Grèves Pashio
10929,パシオＦグリーヴ,Grèves Pashio F
10930,パシオFYグリーヴ,Grèves Pashio FY
10931,パシオHSグリーヴ,Grèves Pashio HS
10932,パシオＧグリーヴ,Grèves Pashio G
10933,パシオGFグリーヴ,Grèves Pashio GF
10934,パシオGXグリーヴ,Grèves Pashio GX
10935,パシオレギンス,Jambières Pashio
10936,パシオＦレギンス,Jambières Pashio F
10937,パシオFYレギンス,Jambières Pashio FY
10938,パシオHSレギンス,Jambières Pashio HS
10939,パシオＧレギンス,Jambières Pashio G
10940,パシオGFレギンス,Jambières Pashio GF
10941,パシオGXレギンス,Jambières Pashio GX
10942,ハルドＤグリーヴ,Grèves Harudo D
10943,ハルドＤレギンス,Jambières Harudo D
10944,雅孔Ｄ【具足】,
10945,雅穿Ｄ【具足】,
10946,メラギＤグリーヴ,Grèves Meraginasu D
10947,メラギＤレギンス,Jambières Meraginasu D
10948,ヘシュムＤフット,Chausses Hesyumu D
10949,カサミエＤフット,Chausses Kasamie D
10950,シエロＤフット,Chausses Cielo D
10951,ヴィーチＤフット,Chausses Vichi D
10952,アデルＤフット,Chausses Adel D
10953,ロックブーケＤフット,Chausses Rocbouquet D
10954,アルカイザーＤフット,Chausses Alkaiser D
10955,クローディアＤフット,Chausses Claudia D
10956,キノスＤグリーヴ,Grèves Kinosu D
10957,ヒメロスＤグリーヴ,Grèves Himeros D
10958,カリエンＤレギンス,Jambières Charien D
10959,アリエッタＤレッグ,
10960,クラフトＤブーツ,
10961,シエリーＤグリーヴ,Grèves Shieri D
10962,プペンＤグリーヴ,Grèves Pupen D
10963,モスカバＤグリーヴ,
10964,エクセレＤグリーヴ,Grèves Excelle D
10965,オルドルＤグリーヴ,Grèves Ordre D
10966,リオデュオＤグリーヴ,Grèves Rath D
10967,アトラＤグリーヴ,Grèves Atra D
10968,マダルＤグリーヴ,Grèves Madaru D
10969,シャッセＤグリーヴ,Grèves Shasse D
10970,オルケシスＤグリーヴ,Grèves Orchesis D
10971,ブリゼＤグリーヴ,Grèves Blize D
10972,クオイズＤフット,Chausses Quoiz D
10973,カライスＤフット,Chausses Kalais D
10974,ルケーゼＤフット,Chausses Lucchese D
10975,エントラＤグリーヴ,Grèves Entora D
10976,ﾖﾙﾊ九号S型フット,Chausses YoRHa
10977,ﾖﾙﾊ九号S型Ｆフット,Chausses YoRHa
10978,ﾖﾙﾊ九号S型FZフット,Chausses YoRHa
10979,ﾖﾙﾊ九号S型HSフット,Chausses YoRHa
10980,ﾖﾙﾊ九号S型GSフット,Chausses YoRHa
10981,ﾖﾙﾊ九号S型GPフット,Chausses YoRHa
10982,ﾖﾙﾊ九号S型ZPフット,Chausses YoRHa
10983,ﾖﾙﾊ九号S型ブーツ,Bottes YoRHa
10984,ﾖﾙﾊ九号S型Ｆブーツ,Bottes YoRHa
10985,ﾖﾙﾊ九号S型FZブーツ,Bottes YoRHa
10986,ﾖﾙﾊ九号S型HSブーツ,Bottes YoRHa
10987,ﾖﾙﾊ九号S型GSブーツ,Bottes YoRHa
10988,ﾖﾙﾊ九号S型GPブーツ,Bottes YoRHa
10989,ﾖﾙﾊ九号S型ZPブーツ,Bottes YoRHa
10990,ﾖﾙﾊ二号B型フット,Chausses YoRHa
10991,ﾖﾙﾊ二号B型Ｆフット,Chausses YoRHa F
10992,ﾖﾙﾊ二号B型FZフット,Chausses YoRHa FZ
10993,ﾖﾙﾊ二号B型HSフット,Chausses YoRHa HS
10994,ﾖﾙﾊ二号B型GSフット,Chausses YoRHa GS
10995,ﾖﾙﾊ二号B型GPフット,Chausses YoRHa GP
10996,ﾖﾙﾊ二号B型ZPフット,Chausses YoRHa ZP
10997,ﾖﾙﾊ二号B型ブーツ,Bottes YoRHa
10998,ﾖﾙﾊ二号B型Ｆブーツ,Bottes YoRHa F
10999,ﾖﾙﾊ二号B型FZブーツ,Bottes YoRHa FZ
11000,ﾖﾙﾊ二号B型HSブーツ,Bottes YoRHa HS
11001,ﾖﾙﾊ二号B型GSブーツ,Bottes YoRHa GS
11002,ﾖﾙﾊ二号B型GPブーツ,Bottes YoRHa GP
11003,ﾖﾙﾊ二号B型ZPブーツ,Bottes YoRHa ZP
11004,シャガルグリーヴ,Grèves Shagaru
11005,シャガルＧグリーヴ,Grèves Shagaru G
11006,シャガルGFグリーヴ,Grèves Shagaru GF
11007,シャガルGXグリーヴ,Grèves Shagaru GX
11008,シャガルレギンス,Jambières Shagaru
11009,シャガルＧレギンス,Jambières Shagaru G
11010,シャガルGFレギンス,Jambières Shagaru GF
11011,シャガルGXレギンス,Jambières Shagaru GX
11012,ヒュジＺグリーヴ,Grèves Hyujikiki Z
11013,ヒュジZFグリーヴ,Grèves Hyujikiki F
11014,ヒュジZYグリーヴ,Grèves Hyujikiki ZY
11015,ヒュジZXグリーヴ,Grèves Hyujikiki ZX
11016,ヒュジＺレギンス,Jambières Hyujikiki Z
11017,ヒュジZFレギンス,Jambières Hyujikiki F
11018,ヒュジZYレギンス,Jambières Hyujikiki ZY
11019,ヒュジZXレギンス,Jambières Hyujikiki ZX
11020,ギアＺグリーヴ,Grèves Engrenage Z
11021,ギアZFグリーヴ,
11022,ギアZYグリーヴ,Grèves Engrenage ZY
11023,ギアZXグリーヴ,Grèves Engrenage ZX
11024,ギアＺレギンス,Jambières Engrenage Z
11025,ギアZFレギンス,
11026,ギアZYレギンス,Jambières Engrenage ZY
11027,ギアZXレギンス,Jambières Engrenage ZX
11028,ロッカフット,Chausses Rokka
11029,ロッカＦフット,Chausses Rokka F
11030,ロッカFZフット,Chausses Rokka FZ
11031,ロッカHSフット,Chausses Rokka HS
11032,ロッカGSフット,Chausses Rokka GS
11033,ロッカGPフット,Chausses Rokka GP
11034,ロッカZPフット,Chausses Rokka ZP
11035,ロッカブーツ,Bottes Rokka
11036,ロッカＦブーツ,Bottes Rokka F
11037,ロッカFZブーツ,Bottes Rokka FZ
11038,ロッカHSブーツ,Bottes Rokka HS
11039,ロッカGSブーツ,Bottes Rokka GS
11040,ロッカGPブーツ,Bottes Rokka GP
11041,ロッカZPブーツ,Bottes Rokka ZP
11042,ペンレフット,Chausses Penre
11043,ペンレＦフット,Chausses Penre F
11044,ペンレFZフット,Chausses Penre FZ
11045,ペンレHSフット,Chausses Penre HS
11046,ペンレGSフット,Chausses Penre GS
11047,ペンレGPフット,Chausses Penre GP
11048,ペンレZPフット,Chausses Penre ZP
11049,ペンレブーツ,Bottes Penre
11050,ペンレＦブーツ,Bottes Penre F
11051,ペンレFZブーツ,Bottes Penre FZ
11052,ペンレHSブーツ,Bottes Penre HS
11053,ペンレGSブーツ,Bottes Penre GS
11054,ペンレGPブーツ,Bottes Penre GP
11055,ペンレZPブーツ,Bottes Penre ZP
11056,赤原礼装・脚：剣ZP赤,Jambes Akahara ZP Lame rouges
11057,赤原礼装・脚：弓ZP赤,Jambes Akahara ZP Arc rouges
11058,赤原礼装・脚：剣ZP青,Jambes Akahara ZP Lame bleues
11059,赤原礼装・脚：弓ZP青,Jambes Akahara ZP Arc bleues
11060,赤原礼装・脚：剣ZP黒,Jambes Akahara ZP Lame noires
11061,赤原礼装・脚：弓ZP黒,Jambes Akahara ZP Arc noires
11062,赤原礼装・脚：剣ZP白,Jambes Akahara ZP Lame blanches
11063,赤原礼装・脚：弓ZP白,Jambes Akahara ZP Arc blanches
11064,騎士王の脚甲：剣ZP青,
11065,騎士王の脚甲：弓ZP青,
11066,騎士王の脚甲：剣ZP赤,
11067,騎士王の脚甲：弓ZP赤,
11068,騎士王の脚甲：剣ZP黒,
11069,騎士王の脚甲：弓ZP黒,
11070,騎士王の脚甲：剣ZP白,
11071,騎士王の脚甲：弓ZP白,
11072,英雄王の脚甲：剣ZP金,
11073,英雄王の脚甲：銃ZP金,
11074,英雄王の脚甲：剣ZP黒,
11075,英雄王の脚甲：銃ZP黒,
11076,英雄王の脚甲：剣ZP白,
11077,英雄王の脚甲：銃ZP白,
11078,英雄王の脚甲：剣ZP赤,
11079,英雄王の脚甲：銃ZP赤,
11080,ゴルゴンZPフット・黒,Chausses Gorgone ZP noires
11081,ゴルゴンZPブーツ・黒,Bottes Gorgone ZP noires
11082,ゴルゴンZPフット・青,Chausses Gorgone ZP bleues
11083,ゴルゴンZPブーツ・青,Bottes Gorgone ZP bleues
11084,ゴルゴンZPフット・白,Chausses Gorgone ZP blanches
11085,ゴルゴンZPブーツ・白,Bottes Gorgone ZP blanches
11086,ゴルゴンZPフット・赤,Chausses Gorgone ZP rouges
11087,ゴルゴンZPブーツ・赤,Bottes Gorgone ZP rouges
11088,アーベンZPフット,Chausses Arben ZP
11089,アーベンZPブーツ,Bottes Arben ZP
11090,アウラZPフット,
11091,アウラZPブーツ,
11092,ガガチュZPフット,Chausses Gagachu ZP
11093,ガガチュZPブーツ,Bottes Gagachu ZP
11094,クロフィZPフット,Chausses Kurofi ZP
11095,クロフィZPブーツ,Bottes Kurofi ZP
11096,ケラヴノZPフット,Chausses Keravuno ZP
11097,ケラヴノZPブーツ,Bottes Keravuno ZP
11098,リカンテＺグリーヴ,Grèves Rikante Z
11099,リカンテZFグリーヴ,Grèves Rikante F
11100,リカンテZYグリーヴ,Grèves Rikante ZY
11101,リカンテZXグリーヴ,Grèves Rikante ZX
11102,リカンテＺレギンス,Jambières Rikante Z
11103,リカンテZFレギンス,Jambières Rikante F
11104,リカンテZYレギンス,Jambières Rikante ZY
11105,リカンテZXレギンス,Jambières Rikante ZX
11106,チャトレＧグリーヴ,Grèves Chatore G
11107,チャトレGFグリーヴ,Grèves Chatore GF
11108,チャトレGXグリーヴ,Grèves Chatore GX
11109,チャトレＧレギンス,Jambières Chatore G
11110,チャトレGFレギンス,Jambières Chatore GF
11111,チャトレGXレギンス,Jambières Chatore GX
11112,ドゥンルGXグリーヴ,Grèves Donru GX
11113,ドゥンルGXレギンス,Jambières Donru GX
11114,ペンレＤフット,Chausses Penre D
11115,ロッカＤフット,Chausses Rokka D
11116,ﾖﾙﾊ九号S型Ｄフット,Chausses YoRHa
11117,ﾖﾙﾊ二号B型Ｄフット,Chausses YoRHa D
11118,トリートＣグリーヴ,
11119,クラフトＣブーツ,
11120,シエロＣフット,Chausses Cielo C
11121,アイルーＣグリーヴ,Grèves Felyne C
11122,赤原礼装・脚：弓Ｄ赤,Jambes Akahara D Arc rouges
11123,赤原礼装・脚：弓Ｄ青,Jambes Akahara D Arc bleues
11124,赤原礼装・脚：弓Ｄ黒,Jambes Akahara D Arc noires
11125,赤原礼装・脚：弓Ｄ白,Jambes Akahara D Arc blanches
11126,騎士王の脚甲：剣Ｄ青,
11127,騎士王の脚甲：剣Ｄ赤,
11128,騎士王の脚甲：剣Ｄ黒,
11129,騎士王の脚甲：剣Ｄ白,
11130,英雄王の脚甲：剣Ｄ金,
11131,英雄王の脚甲：剣Ｄ黒,
11132,英雄王の脚甲：剣Ｄ白,
11133,英雄王の脚甲：剣Ｄ赤,
11134,ゴルゴンＤフット・黒,Chausses Gorgone D noires
11135,ゴルゴンＤフット・青,Chausses Gorgone D bleues
11136,ゴルゴンＤフット・白,Chausses Gorgone D blanches
11137,ゴルゴンＤフット・赤,Chausses Gorgone D rouges
11138,アーベンＤフット,Chausses Arben D
11139,アウラＤフット,
11140,ガガチュＤフット,Chausses Gagachu D
11141,クロフィＤフット,Chausses Kurofi D
11142,ケラヴノＤフット,Chausses Keravuno D
11143,エスピナZDフェルゼ,
11144,エスピナZDアヴィレ,
11145,ヒプノZDグリーヴ,Grèves Hypnoc D
11146,ヒプノZDレギンス,Jambières Hypnoc D
11147,フルフルZDグリーヴ,Grèves Khezu D
11148,フルフルZDレギンス,Jambières Khezu D
11149,ザザミZDグリーヴ,Grèves Hermitaur D
11150,ザザミZDレギンス,Jambières Hermitaur D
11151,レウスZDグリーヴ,Grèves Rathalos D
11152,レウスZDレギンス,Jambières Rathalos D
11153,ブランゴZDグリーヴ,Grèves Blango D
11154,ブランゴZDレギンス,Jambières Blango D
11155,ヴァシムZDグリーヴ,Grèves Vashimu D
11156,ヴァシムZDレギンス,Jambières Vashimu D
11157,レックスZDグリーヴ,Grèves Tigrex D
11158,レックスZDレギンス,Jambières Tigrex D
11159,ヒュジZDグリーヴ,Grèves Hyujikiki D
11160,ヒュジZDレギンス,Jambières Hyujikiki D
11161,ギアZDグリーヴ,
11162,ギアZDレギンス,
11163,ムルタＤフット,Chausses Muruta D
11164,ミドＺグリーヴ,Grèves Midogaron Z
11165,ミドZFグリーヴ,Grèves Midogaron F
11166,ミドZYグリーヴ,Grèves Midogaron ZY
11167,ミドZXグリーヴ,Grèves Midogaron ZX
11168,ミドＺレギンス,Jambières Midogaron Z
11169,ミドZFレギンス,Jambières Midogaron F
11170,ミドZYレギンス,Jambières Midogaron ZY
11171,ミドZXレギンス,Jambières Midogaron ZX
11172,祖龍GXフット,Chausses Fatalis GX
11173,祖龍GXレグス,
11174,エルゼＧグリーヴ,Grèves Elzelion G
11175,エルゼGFグリーヴ,Grèves Elzelion GF
11176,エルゼGXグリーヴ,Grèves Elzelion GX
11177,エルゼＧレギンス,Jambières Elzelion G
11178,エルゼGFレギンス,Jambières Elzelion GF
11179,エルゼGXレギンス,Jambières Elzelion GX
11180,ザッカフット,Chausses Zakka
11181,ザッカＦフット,Chausses Zakka F
11182,ザッカFZフット,Chausses Zakka FZ
11183,ザッカHSフット,Chausses Zakka HS
11184,ザッカGSフット,Chausses Zakka GS
11185,ザッカGPフット,Chausses Zakka GP
11186,ザッカZPフット,Chausses Zakka ZP
11187,ザッカブーツ,Bottes Zakka
11188,ザッカＦブーツ,Bottes Zakka F
11189,ザッカFZブーツ,Bottes Zakka FZ
11190,ザッカHSブーツ,Bottes Zakka HS
11191,ザッカGSブーツ,Bottes Zakka GS
11192,ザッカGPブーツ,Bottes Zakka GP
11193,ザッカZPブーツ,Bottes Zakka ZP
11194,蒼ノ剣雄フット,
11195,蒼ノ剣雄Ｆフット,
11196,蒼ノ剣雄FZフット,
11197,蒼ノ剣雄HSフット,
11198,蒼ノ剣雄GSフット,
11199,蒼ノ剣雄GPフット,
11200,蒼ノ剣雄ZPフット,
11201,紅ノ双星フット,
11202,紅ノ双星Ｆフット,
11203,紅ノ双星FZフット,
11204,紅ノ双星HSフット,
11205,紅ノ双星GSフット,
11206,紅ノ双星GPフット,
11207,紅ノ双星ZPフット,
11208,黒ノ天剣フット,
11209,黒ノ天剣Ｆフット,
11210,黒ノ天剣FZフット,
11211,黒ノ天剣HSフット,
11212,黒ノ天剣GSフット,
11213,黒ノ天剣GPフット,
11214,黒ノ天剣ZPフット,
11215,茜ノ春刀フット,
11216,茜ノ春刀Ｆフット,
11217,茜ノ春刀FZフット,
11218,茜ノ春刀HSフット,
11219,茜ノ春刀GSフット,
11220,茜ノ春刀GPフット,
11221,茜ノ春刀ZPフット,
11222,菊ノ乱鎚フット,
11223,菊ノ乱鎚Ｆフット,
11224,菊ノ乱鎚FZフット,
11225,菊ノ乱鎚HSフット,
11226,菊ノ乱鎚GSフット,
11227,菊ノ乱鎚GPフット,
11228,菊ノ乱鎚ZPフット,
11229,桜ノ歌笛フット,
11230,桜ノ歌笛Ｆフット,
11231,桜ノ歌笛FZフット,
11232,桜ノ歌笛HSフット,
11233,桜ノ歌笛GSフット,
11234,桜ノ歌笛GPフット,
11235,桜ノ歌笛ZPフット,
11236,空ノ砕槍フット,
11237,空ノ砕槍Ｆフット,
11238,空ノ砕槍FZフット,
11239,空ノ砕槍HSフット,
11240,空ノ砕槍GSフット,
11241,空ノ砕槍GPフット,
11242,空ノ砕槍ZPフット,
11243,宵ノ告槍フット,
11244,宵ノ告槍Ｆフット,
11245,宵ノ告槍FZフット,
11246,宵ノ告槍HSフット,
11247,宵ノ告槍GSフット,
11248,宵ノ告槍GPフット,
11249,宵ノ告槍ZPフット,
11250,白ノ穿光フット,
11251,白ノ穿光Ｆフット,
11252,白ノ穿光FZフット,
11253,白ノ穿光HSフット,
11254,白ノ穿光GSフット,
11255,白ノ穿光GPフット,
11256,白ノ穿光ZPフット,
11257,藤ノ彩斧フット,Chausses Colour
11258,藤ノ彩斧Ｆフット,Chausses Colour F
11259,藤ノ彩斧FZフット,Chausses Colour FZ
11260,藤ノ彩斧HSフット,Chausses Colour HS
11261,藤ノ彩斧GSフット,Chausses Colour GS
11262,藤ノ彩斧GPフット,Chausses Colour GP
11263,藤ノ彩斧ZPフット,Chausses Colour ZP
11264,陽ノ砲銃ブーツ,
11265,陽ノ砲銃Ｆブーツ,
11266,陽ノ砲銃FZブーツ,
11267,陽ノ砲銃HSブーツ,
11268,陽ノ砲銃GSブーツ,
11269,陽ノ砲銃GPブーツ,
11270,陽ノ砲銃ZPブーツ,
11271,地ノ崩砲ブーツ,
11272,地ノ崩砲Ｆブーツ,
11273,地ノ崩砲FZブーツ,
11274,地ノ崩砲HSブーツ,
11275,地ノ崩砲GSブーツ,
11276,地ノ崩砲GPブーツ,
11277,地ノ崩砲ZPブーツ,
11278,夜ノ弓聖ブーツ,
11279,夜ノ弓聖Ｆブーツ,
11280,夜ノ弓聖FZブーツ,
11281,夜ノ弓聖HSブーツ,
11282,夜ノ弓聖GSブーツ,
11283,夜ノ弓聖GPブーツ,
11284,夜ノ弓聖ZPブーツ,
11285,ランタナフット,Chausses Rantana
11286,ランタナＦフット,Chausses Rantana F
11287,ランタナFZフット,Chausses Rantana FZ
11288,ランタナHSフット,Chausses Rantana HS
11289,ランタナGSフット,Chausses Rantana GS
11290,ランタナGPフット,Chausses Rantana GP
11291,ランタナZPフット,Chausses Rantana ZP
11292,ランタナブーツ,Bottes Rantana
11293,ランタナＦブーツ,Bottes Rantana F
11294,ランタナFZブーツ,Bottes Rantana FZ
11295,ランタナHSブーツ,Bottes Rantana HS
11296,ランタナGSブーツ,Bottes Rantana GS
11297,ランタナGPブーツ,Bottes Rantana GP
11298,ランタナZPブーツ,Bottes Rantana ZP
11299,エリスフット,Chausses Eris
11300,エリスＦフット,Chausses Eris F
11301,エリスFZフット,Chausses Eris FZ
11302,エリスHSフット,Chausses Eris HS
11303,エリスGSフット,Chausses Eris GS
11304,エリスGPフット,Chausses Eris GP
11305,エリスZPフット,Chausses Eris ZP
11306,エリスブーツ,Bottes Eris
11307,エリスＦブーツ,Bottes Eris F
11308,エリスFZブーツ,Bottes Eris FZ
11309,エリスHSブーツ,Bottes Eris HS
11310,エリスGSブーツ,Bottes Eris GS
11311,エリスGPブーツ,Bottes Eris GP
11312,エリスZPブーツ,Bottes Eris ZP
11313,マギサZPフット・赤,Chausses Magisa ZP rouges
11314,マギサZPフット・黒,Chausses Magisa ZP noires
11315,マギサZPフット・緑,Chausses Magisa ZP vertes
11316,マギサZPフット・白,Chausses Magisa ZP blanches
11317,ウィザーZPブーツ・赤,Bottes Wither ZP rouges
11318,ウィザーZPブーツ・黒,Bottes Wither ZP noires
11319,ウィザーZPブーツ・緑,Bottes Wither ZP vertes
11320,ウィザーZPブーツ・白,Bottes Wither ZP blanches
11321,和花ノ脛当ZP,
11322,和花ノ具足ZP,
11323,シャランZPフット・青,Chausses Sharan ZP bleues
11324,シャランZPフット・緑,Chausses Sharan ZP vertes
11325,シャランZPフット・紫,Chausses Sharan ZP violettes
11326,シャランZPフット・白,Chausses Sharan ZP blanches
11327,シャランZPブーツ・青,Bottes Sharan ZP bleues
11328,シャランZPブーツ・緑,Bottes Sharan ZP vertes
11329,シャランZPブーツ・紫,Bottes Sharan ZP violettes
11330,シャランZPブーツ・白,Bottes Sharan ZP blanches
11331,アルミュＧグリーヴ,Grèves Arumyu G
11332,アルミュGFグリーヴ,Grèves Arumyu GF
11333,アルミュGXグリーヴ,Grèves Arumyu GX
11334,アルミュＧレギンス,Jambières Arumyu G
11335,アルミュGFレギンス,Jambières Arumyu GF
11336,アルミュGXレギンス,Jambières Arumyu GX
11337,コリニィＺフット,Chausses Korinyi Z
11338,コリニィZFフット,Chausses Korinyi F
11339,コリニィZYフット,Chausses Korinyi ZY
11340,コリニィZXフット,Chausses Korinyi ZX
11341,コリニィＺブーツ,Bottes Korinyi Z
11342,コリニィZFブーツ,Bottes Korinyi F
11343,コリニィZYブーツ,Bottes Korinyi ZY
11344,コリニィZXブーツ,Bottes Korinyi ZX
11345,煉華ノ具足Ｚ,
11346,煉華ノ具足ZF,
11347,煉華ノ具足ZY,
11348,煉華ノ具足ZX,
11349,煉華ノ下駄Ｚ,
11350,煉華ノ下駄ZF,
11351,煉華ノ下駄ZY,
11352,煉華ノ下駄ZX,
11353,ダミー,
11354,ダミー,
11355,ダミー,
11356,ダミー,
11357,ダミー,
11358,ダミー,
11359,ダミー,
11360,ダミー,
11361,ミドZDグリーヴ,Grèves Midogaron D
11362,ミドZDレギンス,Jambières Midogaron D
11363,祖龍Ｄフット,Chausses Fatalis D
11364,祖龍Ｄレグス,
11365,エルゼＤグリーヴ,Grèves Elzelion D
11366,エルゼＤレギンス,Jambières Elzelion D
11367,ザッカＤフット,Chausses Zakka D
11368,十ノ軌跡Ｃフット,
11369,十ノ至道Ｃブーツ,
11370,ランタナＤフット,Chausses Rantana D
11371,エリスＤフット,Chausses Eris D
11372,マギサＤフット・赤,Chausses Magisa D rouges
11373,マギサＤフット・黒,Chausses Magisa D noires
11374,マギサＤフット・緑,Chausses Magisa D vertes
11375,マギサＤフット・白,Chausses Magisa D blanches
11376,マギサＤフット・青,Chausses Magisa D bleues
11377,和花ノ脛当Ｄ,
11378,シャランＤフット・青,Chausses Sharan D bleues
11379,シャランＤフット・緑,Chausses Sharan D vertes
11380,シャランＤフット・紫,Chausses Sharan D violettes
11381,シャランＤフット・白,Chausses Sharan D blanches
11382,シャランＤフット・赤,Chausses Sharan D rouges
11383,シャランＤフット・紅,Chausses Sharan D cramoisies
11384,シャランＤフット・橙,Chausses Sharan D orange
11385,キャリッジＤフット,Chausses Carrosse D
11386,マーブルＤフット,Chausses Marbre D
11387,シャンディＤフット,
11388,バンケットＤフット,
11389,コリニィＤフット,Chausses Korinyi D
11390,煉華ノ具足Ｄ,
11391,ククボＤフット,Chausses Kukubo D
11392,カカブＤフット,Chausses Kakabu D
11393,アルルＤフット,Chausses Aruru D
11394,あかねこ服Ｄブーツ,
11395,ライオスＤグリーヴ,Grèves Rios D
11396,ボニトＤグリーヴ,
11397,メイリダＤグリーヴ,Grèves Meirida D
11398,ミニオムＤグリーヴ,Grèves Miniomu D
11399,ハリメノＤグリーヴ,Grèves Harimeno D
11400,デリヴＤグリーヴ,
11401,アサークＤグリーヴ,Grèves Asaku D
11402,デゾルトＤグリーヴ,Grèves Desordre D
11403,ハラガンＤグリーヴ,Grèves Haragan D
11404,アブヤドＤグリーヴ,Grèves Abuyado D
11405,ルコＺグリーヴ,Grèves Ruko Z
11406,ルコZFグリーヴ,Grèves Ruko F
11407,ルコZYグリーヴ,Grèves Ruko ZY
11408,ルコZXグリーヴ,Grèves Ruko ZX
11409,ルコＺレギンス,Jambières Ruko Z
11410,ルコZFレギンス,Jambières Ruko F
11411,ルコZYレギンス,Jambières Ruko ZY
11412,ルコZXレギンス,Jambières Ruko ZX
11413,ガノＺグリーヴ,Grèves Plesioth Z
11414,ガノZFグリーヴ,Grèves Plesioth F
11415,ガノZYグリーヴ,Grèves Plesioth ZY
11416,ガノZXグリーヴ,Grèves Plesioth ZX
11417,ガノＺレギンス,Jambières Plesioth Z
11418,ガノZFレギンス,Jambières Plesioth F
11419,ガノZYレギンス,Jambières Plesioth ZY
11420,ガノZXレギンス,Jambières Plesioth ZX
11421,シャルフグリーヴ,Grèves Sharufu
11422,シャルフＦグリーヴ,Grèves Sharufu F
11423,シャルフFZグリーヴ,Grèves Sharufu FZ
11424,シャルフHSグリーヴ,Grèves Sharufu HS
11425,シャルフGSグリーヴ,Grèves Sharufu GS
11426,シャルフGPグリーヴ,Grèves Sharufu GP
11427,シャルフZPグリーヴ,Grèves Sharufu ZP
11428,シャルフレギンス,Jambières Sharufu
11429,シャルフＦレギンス,Jambières Sharufu F
11430,シャルフFZレギンス,Jambières Sharufu FZ
11431,シャルフHSレギンス,Jambières Sharufu HS
11432,シャルフGSレギンス,Jambières Sharufu GS
11433,シャルフGPレギンス,Jambières Sharufu GP
11434,シャルフZPレギンス,Jambières Sharufu ZP
11435,カマラグリーヴ,Grèves Kamara
11436,カマラＦグリーヴ,Grèves Kamara F
11437,カマラFZグリーヴ,Grèves Kamara FZ
11438,カマラHSグリーヴ,Grèves Kamara HS
11439,カマラGSグリーヴ,Grèves Kamara GS
11440,カマラGPグリーヴ,Grèves Kamara GP
11441,カマラZPグリーヴ,Grèves Kamara ZP
11442,カマラレギンス,Jambières Kamara
11443,カマラＦレギンス,Jambières Kamara F
11444,カマラFZレギンス,Jambières Kamara FZ
11445,カマラHSレギンス,Jambières Kamara HS
11446,カマラGSレギンス,Jambières Kamara GS
11447,カマラGPレギンス,Jambières Kamara GP
11448,カマラZPレギンス,Jambières Kamara ZP
11449,ルーチェグリーヴ,Grèves Ruche
11450,ルーチェＦグリーヴ,Grèves Ruche F
11451,ルーチェFZグリーヴ,Grèves Ruche FZ
11452,ルーチェHSグリーヴ,Grèves Ruche HS
11453,ルーチェGSグリーヴ,Grèves Ruche GS
11454,ルーチェGPグリーヴ,Grèves Ruche GP
11455,ルーチェZPグリーヴ,Grèves Ruche ZP
11456,ルーチェレギンス,Jambières Ruche
11457,ルーチェＦレギンス,Jambières Ruche F
11458,ルーチェFZレギンス,Jambières Ruche FZ
11459,ルーチェHSレギンス,Jambières Ruche HS
11460,ルーチェGSレギンス,Jambières Ruche GS
11461,ルーチェGPレギンス,Jambières Ruche GP
11462,ルーチェZPレギンス,Jambières Ruche ZP
11463,レイジHSフット,Chausses Rage HS
11464,レイジGSフット,Chausses Rage GS
11465,レイジGPフット,Chausses Rage GP
11466,レイジZPフット,Chausses Rage ZP
11467,レイジHSブーツ,Bottes Rage HS
11468,レイジGSブーツ,Bottes Rage GS
11469,レイジGPブーツ,Bottes Rage GP
11470,レイジZPブーツ,Bottes Rage ZP
11471,ランページHSフット,Chausses Déchaînement HS
11472,ランページGSフット,Chausses Déchaînement GS
11473,ランページGPフット,Chausses Déchaînement GP
11474,ランページZPフット,Chausses Déchaînement ZP
11475,ランページHSブーツ,Bottes Déchaînement HS
11476,ランページGSブーツ,Bottes Déchaînement GS
11477,ランページGPブーツ,Bottes Déchaînement GP
11478,ランページZPブーツ,Bottes Déchaînement ZP
11479,ブレイズHSフット,Chausses Brasier HS
11480,ブレイズGSフット,Chausses Brasier GS
11481,ブレイズGPフット,Chausses Brasier GP
11482,ブレイズZPフット,Chausses Brasier ZP
11483,ブレイズHSブーツ,Bottes Brasier HS
11484,ブレイズGSブーツ,Bottes Brasier GS
11485,ブレイズGPブーツ,Bottes Brasier GP
11486,ブレイズZPブーツ,Bottes Brasier ZP
11487,プーギーFZフット,Chausses Poogie FZ
11488,プーギーHSフット,Chausses Poogie HS
11489,プーギーGSフット,Chausses Poogie GS
11490,プーギーGPフット,Chausses Poogie GP
11491,プーギーZPフット,Chausses Poogie ZP
11492,プーギーFZヒール,
11493,プーギーHSヒール,
11494,プーギーGSヒール,
11495,プーギーGPヒール,
11496,プーギーZPヒール,
11497,マンドラFZフット,Chausses Mandora FZ
11498,マンドラHSフット,Chausses Mandora HS
11499,マンドラGSフット,Chausses Mandora GS
11500,マンドラGPフット,Chausses Mandora GP
11501,マンドラZPフット,Chausses Mandora ZP
11502,マンドラFZブーツ,Bottes Mandora FZ
11503,マンドラHSブーツ,Bottes Mandora HS
11504,マンドラGSブーツ,Bottes Mandora GS
11505,マンドラGPブーツ,Bottes Mandora GP
11506,マンドラZPブーツ,Bottes Mandora ZP
11507,アオノコFZフット,Chausses Aonoko FZ
11508,アオノコHSフット,Chausses Aonoko HS
11509,アオノコGSフット,Chausses Aonoko GS
11510,アオノコGPフット,Chausses Aonoko GP
11511,アオノコZPフット,Chausses Aonoko ZP
11512,アオノコFZブーツ,Bottes Aonoko FZ
11513,アオノコHSブーツ,Bottes Aonoko HS
11514,アオノコGSブーツ,Bottes Aonoko GS
11515,アオノコGPブーツ,Bottes Aonoko GP
11516,アオノコZPブーツ,Bottes Aonoko ZP
11517,ガウスZPグリーヴ,Grèves Gauss ZP
11518,ガウスZPレギンス,Jambières Gauss ZP
11519,ウェーバZPグリーヴ,Grèves Weber ZP
11520,ウェーバZPレギンス,Jambières Weber ZP
11521,ギルバートZPグリーヴ,Grèves Gilbert ZP
11522,ギルバートZPレギンス,Jambières Gilbert ZP
11523,ズィベイZPフェルゼ,
11524,ズィベイZPアヴィレ,
11525,リエブレＧグリーヴ,Grèves Liebre G
11526,リエブレGFグリーヴ,Grèves Liebre GF
11527,リエブレGXグリーヴ,Grèves Liebre GX
11528,リエブレＧレギンス,Jambières Liebre G
11529,リエブレGFレギンス,Jambières Liebre GF
11530,リエブレGXレギンス,Jambières Liebre GX
11531,メレンテＺグリーヴ,Grèves Merente Z
11532,メレンテZFグリーヴ,Grèves Merente F
11533,メレンテZYグリーヴ,Grèves Merente ZY
11534,メレンテZXグリーヴ,Grèves Merente ZX
11535,メレンテＺレギンス,Jambières Merente Z
11536,メレンテZFレギンス,Jambières Merente F
11537,メレンテZYレギンス,Jambières Merente ZY
11538,メレンテZXレギンス,Jambières Merente ZX
11539,ルコZDグリーヴ,Grèves Ruko D
11540,ルコZDレギンス,Jambières Ruko D
11541,ガノZDグリーヴ,Grèves Plesioth D
11542,ガノZDレギンス,Jambières Plesioth D
11543,シャルフＤグリーヴ,Grèves Sharufu D
11544,カマラＤグリーヴ,Grèves Kamara D
11545,リエブレＤグリーヴ,Grèves Liebre D
11546,コリニィＣフット,Chausses Korinyi C
11547,ルーチェＤグリーヴ,Grèves Ruche D
11548,ストレングスＤレッグ,
11549,レイジＤフット,Chausses Rage D
11550,ランページＤフット,Chausses Déchaînement D
11551,ブレイズＤフット,Chausses Brasier D
11552,プーギーＤフット,Chausses Poogie D
11553,マンドラＤフット,Chausses Mandora D
11554,アオノコＤフット,Chausses Aonoko D
11555,ガウスＤグリーヴ,Grèves Gauss D
11556,ウェーバＤグリーヴ,Grèves Weber D
11557,ギルバートＤグリーヴ,Grèves Gilbert D
11558,ズィベイＤフェルゼ,
11559,チアリムＤフット,Chausses Chiarim D
11560,ギルドバードＣブーツ,Bottes Guilde C
11561,スカラーＣソックス,
11562,ロワーガＣガンバ,
11563,ファルメルＣガンバ,
11564,ユクモノハカマＣ・天,
11565,白蘭Ｄフット,
11566,紅霞Ｄフット,
11567,鬼穿ノ足枷Ｄ,
11568,タングスＤグリーヴ,Grèves Tangusu D
11569,ディスＤグリーヴ,Grèves Disu D
11570,ディスＤレギンス,Jambières Disu D
11571,リルスＤグリーヴ,Grèves Lils D
11572,リルスＤレギンス,Jambières Lils D
11573,ドラゴンSCフット,
11574,ドラゴンSCレグス,
11575,ドラゴンGDフット,
11576,ドラゴンGDレグス,
11577,バルカンＤフット,Chausses Vulcan D
11578,バルカンＤレグス,
11579,バルカンGDフット,Chausses Vulcan
11580,バルカンGDレグス,
11581,ガーネットＤグリーヴ,Grèves Grenat D
11582,アメジストＤグリーヴ,Grèves Améthyste D
11583,コーラルＤグリーヴ,Grèves Corail D
11584,クォーツＤグリーヴ,
11585,エメラルドＤグリーヴ,
11586,パールＤグリーヴ,
11587,ルビーＤグリーヴ,
11588,サファイアＤグリーヴ,Grèves Saphir D
11589,トパーズＤレギンス,Jambières Topaze D
11590,トルマリンＤレギンス,
11591,ラピスＤレギンス,Jambières Lapis D
11592,ヒスイＤグリーヴ,Grèves Hisui D
11593,オニキスＤグリーヴ,
11594,ランポスーツフットＤ,
11595,ゲネポスーツフットＤ,
11596,イーオスーツフットＤ,
11597,ギアノスーツフットＤ,
11598,モスフットＤ,
11599,ガブラスーツフットＤ,
11600,バトルレギンスPD青,
11601,バトルレギンスPD黄,
11602,バトルレギンスPD紫,
11603,レイアグリーヴPD青,
11604,レイアグリーヴPD赤,
11605,レイアグリーヴPD黒,
11606,フルフルフットPD青,
11607,フルフルフットPD緑,
11608,フルフルフットPD黒,
11609,エスピナグリーヴPD赤,
11610,エスピナグリーヴPD青,
11611,エスピナグリーヴPD黄,
11612,エスピナレギンスPD赤,
11613,エスピナレギンスPD青,
11614,エスピナレギンスPD黄,
11615,ガーディブーツPD白,
11616,ガーディブーツPD黒,
11617,ガーディブーツPD紫,
11618,ヒーラーソックスPD青,
11619,ヒーラーソックスPD白,
11620,ヒーラーソックスPD黄,
11621,ショウロウ【端足】Ｄ,
11622,ミタマ【端足】Ｄ,
11623,焔嶽Ｄ【袴】,
11624,緋嶽Ｄ【袴】,
11625,ルディアＤブーツ,Bottes Ledia D
11626,白蛇ノ具足Ｄ,
11627,黒虎ノ具足Ｄ,
11628,崩霧Ｄ【袴】,
11629,納言ノ袴Ｄ,
11630,蒼空ノ袴Ｄ,
11631,夕焼ノ袴Ｄ,
11632,紅昇Ｄ【袴】,
11633,絶影ノ袴Ｄ,
11634,フロガダＤグリーヴ,Grèves Furogada D
11635,ラースＤグリーヴ,Grèves Lars D
11636,ドゥンルＤグリーヴ,Grèves Donru D
11637,イナガミZDグリーヴ,Grèves Inagami D
11638,ベリオＣグリーヴ,Grèves Barioth C
11639,ベリオＣレギンス,Jambières Barioth C
11640,ブラキＣグリーヴ,Grèves Brachy C
11641,ブラキＣレギンス,Jambières Brachy C
11642,ガンキンＣグリーヴ,Grèves Uragaan C
11643,ガンキンＣレギンス,Jambières Uragaan C
11644,獄狼Ｃグリーヴ,Grèves Stygian C
11645,獄狼Ｃレギンス,Jambières Stygian C
11646,ゴアＣグリーヴ,
11647,ゴアＣレギンス,
11648,バンギスＣグリーヴ,Grèves Vangis C
11649,バンギスＣレギンス,Jambières Vangis C
11650,シャガルＣグリーヴ,Grèves Shagaru C
11651,シャガルＣレギンス,Jambières Shagaru C
11652,イナガミＺグリーヴ,Grèves Inagami Z
11653,イナガミZFグリーヴ,Grèves Inagami F
11654,イナガミZYグリーヴ,Grèves Inagami ZY
11655,イナガミZXグリーヴ,Grèves Inagami ZX
11656,イナガミＺレギンス,Jambières Inagami Z
11657,イナガミZFレギンス,Jambières Inagami F
11658,イナガミZYレギンス,Jambières Inagami ZY
11659,イナガミZXレギンス,Jambières Inagami ZX
11660,荒天【袴】,
11661,荒天Ｇ【袴】,
11662,荒天GF【袴】,
11663,荒天GX【袴】,
11664,蒼天【袴】,
11665,蒼天Ｇ【袴】,
11666,蒼天GF【袴】,
11667,蒼天GX【袴】,
11668,レビングリーヴ,Grèves Levin
11669,レビンＦグリーヴ,Grèves Levin F
11670,レビンFZグリーヴ,Grèves Levin FZ
11671,レビンHSグリーヴ,Grèves Levin HS
11672,レビンGSグリーヴ,Grèves Levin GS
11673,レビンGPグリーヴ,Grèves Levin GP
11674,レビンZPグリーヴ,Grèves Levin ZP
11675,レビンレギンス,Jambières Levin
11676,レビンＦレギンス,Jambières Levin F
11677,レビンFZレギンス,Jambières Levin FZ
11678,レビンHSレギンス,Jambières Levin HS
11679,レビンGSレギンス,Jambières Levin GS
11680,レビンGPレギンス,Jambières Levin GP
11681,レビンZPレギンス,Jambières Levin ZP
11682,白銀の甲冑・脚甲,
11683,白銀の甲冑Ｆ・脚甲,
11684,白銀の甲冑FZ・脚甲,
11685,白銀の甲冑HS・脚甲,
11686,白銀の甲冑GS・脚甲,
11687,白銀の甲冑GP・脚甲,
11688,白銀の甲冑ZP・脚甲,
11689,白銀の甲冑・具足,
11690,白銀の甲冑Ｆ・具足,
11691,白銀の甲冑FZ・具足,
11692,白銀の甲冑HS・具足,
11693,白銀の甲冑GS・具足,
11694,白銀の甲冑GP・具足,
11695,白銀の甲冑ZP・具足,
11696,薔薇の舞踏服・脚甲,
11697,薔薇の舞踏服Ｆ・脚甲,
11698,薔薇の舞踏服FZ・脚甲,
11699,薔薇の舞踏服HS・脚甲,
11700,薔薇の舞踏服GS・脚甲,
11701,薔薇の舞踏服GP・脚甲,
11702,薔薇の舞踏服ZP・脚甲,
11703,薔薇の舞踏服・具足,
11704,薔薇の舞踏服Ｆ・具足,
11705,薔薇の舞踏服FZ・具足,
11706,薔薇の舞踏服HS・具足,
11707,薔薇の舞踏服GS・具足,
11708,薔薇の舞踏服GP・具足,
11709,薔薇の舞踏服ZP・具足,
11710,シュイグリーヴ,Grèves Shui
11711,シュイＦグリーヴ,Grèves Shui F
11712,シュイFZグリーヴ,Grèves Shui FZ
11713,シュイHSグリーヴ,Grèves Shui HS
11714,シュイGSグリーヴ,Grèves Shui GS
11715,シュイGPグリーヴ,Grèves Shui GP
11716,シュイZPグリーヴ,Grèves Shui ZP
11717,シュイレギンス,Jambières Shui
11718,シュイＦレギンス,Jambières Shui F
11719,シュイFZレギンス,Jambières Shui FZ
11720,シュイHSレギンス,Jambières Shui HS
11721,シュイGSレギンス,Jambières Shui GS
11722,シュイGPレギンス,Jambières Shui GP
11723,シュイZPレギンス,Jambières Shui ZP
11724,CEケブラーZP脚：剣青,Jambes CE Lame bleues
11725,CEケブラーZP脚：弓青,Jambes CE Arc bleues
11726,CEケブラーZP脚：剣赤,Jambes CE Lame rouges
11727,CEケブラーZP脚：弓赤,Jambes CE Arc rouges
11728,CEケブラーZP脚：剣白,Jambes CE Lame blanches
11729,CEケブラーZP脚：弓白,Jambes CE Arc blanches
11730,CEケブラーZP脚：剣黒,Jambes CE Lame noires
11731,CEケブラーZP脚：弓黒,Jambes CE Arc noires
11732,ABレイヤーZP脚：剣赤,
11733,ABレイヤーZP脚：弓赤,
11734,ABレイヤーZP脚：剣青,
11735,ABレイヤーZP脚：弓青,
11736,ABレイヤーZP脚：剣黒,
11737,ABレイヤーZP脚：弓黒,
11738,ABレイヤーZP脚：剣白,
11739,ABレイヤーZP脚：弓白,
11740,リュバンZPフット,Chausses Ruban ZP
11741,リュバンZPレッグ,
11742,ラモールZPフット,Chausses L'Amore ZP
11743,ラモールZPレッグ,
11744,オルロジュZPブーツ,Bottes Orloj ZP
11745,オルロジュZPレギンス,Jambières Orloj ZP
11746,ドルチェZPフット,Chausses Dolce ZP
11747,ドルチェZPレッグ,
11748,ブライトZPグリーヴ,Grèves Éclat ZP
11749,ブライトZPレギンス,Jambières Éclat ZP
11750,ジュアリZPグリーヴ,Grèves Juari ZP
11751,ジュアリZPレギンス,Jambières Juari ZP
11752,ティンクZPグリーヴ,Grèves Tinku ZP
11753,ティンクZPレギンス,Jambières Tinku ZP
11754,シャテムZPブーツ,Bottes Shatemu ZP
11755,シャテムZPレギンス,Jambières Shatemu ZP
11756,ヘヴリアZPブーツ,Bottes Hevria ZP
11757,ヘヴリアZPレギンス,Jambières Hevria ZP
11758,ティルルZPブーツ,Bottes Tiuru ZP
11759,ティルルZPレギンス,Jambières Tiuru ZP
11760,カイラZPフット,Chausses Kaila ZP
11761,カイラZPブーツ,Bottes Kaila ZP
11762,フォンセＧグリーヴ,Grèves Fonse G
11763,フォンセGFグリーヴ,Grèves Fonse GF
11764,フォンセGXグリーヴ,Grèves Fonse GX
11765,フォンセＧレギンス,Jambières Fonse G
11766,フォンセGFレギンス,Jambières Fonse GF
11767,フォンセGXレギンス,Jambières Fonse GX
11768,ウタンテＺグリーヴ,Grèves Utante Z
11769,ウタンテZFグリーヴ,Grèves Utante F
11770,ウタンテZYグリーヴ,Grèves Utante ZY
11771,ウタンテZXグリーヴ,Grèves Utante ZX
11772,ウタンテＺレギンス,Jambières Utante Z
11773,ウタンテZFレギンス,Jambières Utante F
11774,ウタンテZYレギンス,Jambières Utante ZY
11775,ウタンテZXレギンス,Jambières Utante ZX
11776,リズヴェＧグリーヴ,Grèves Rizuvue G
11777,リズヴェGFグリーヴ,Grèves Rizuvue GF
11778,リズヴェGXグリーヴ,Grèves Rizuvue GX
11779,リズヴェＧレギンス,Jambières Rizuvue G
11780,リズヴェGFレギンス,Jambières Rizuvue GF
11781,リズヴェGXレギンス,Jambières Rizuvue GX
11782,イナガミZDレギンス,Jambières Inagami D
11783,荒天Ｃ【袴】,
11784,蒼天Ｃ【袴】,
11785,レビンＤグリーヴ,Grèves Levin D
11786,白銀の甲冑Ｄ・脚甲,
11787,薔薇の舞踏服Ｄ・脚甲,
11788,シュイＤグリーヴ,Grèves Shui D
11789,CEケブラーＤ脚：剣青,Jambes CE Lame bleues
11790,CEケブラーＤ脚：剣赤,Jambes CE Lame rouges
11791,CEケブラーＤ脚：剣白,Jambes CE Lame blanches
11792,CEケブラーＤ脚：剣黒,Jambes CE Lame noires
11793,ABレイヤーＤ脚：剣赤,
11794,ABレイヤーＤ脚：剣青,
11795,ABレイヤーＤ脚：剣黒,
11796,ABレイヤーＤ脚：剣白,
11797,リュバンＤフット,Chausses Ruban D
11798,ラモールＤフット,Chausses L'Amore D
11799,オルロジュＤブーツ,Bottes Orloj D
11800,ドルチェＤフット,Chausses Dolce D
11801,ブライトＤグリーヴ,Grèves Éclat D
11802,ジュアリＤグリーヴ,Grèves Juari D
11803,ティンクＤグリーヴ,Grèves Tinku D
11804,シャテムＤブーツ,Bottes Shatemu D
11805,ヘヴリアＤブーツ,Bottes Hevria D
11806,ティルルＤブーツ,Bottes Tiuru D
11807,カイラＤフット,Chausses Kaila D
11808,フォンセＤグリーヴ,Grèves Fonse D
11809,ヒプノルータＤレッグ,
11810,ヒプノリアＤレッグ,
11811,エス・クェラＤレッグ,
11812,エコールＤレッグ,
11813,ガンズＤレッグ,
11814,アグリアＤレッグ,
11815,フォーヴＤレッグ,
11816,ティーアＤレッグ,
11817,ミューズＤレッグ,
11818,ディクトＤレッグ,
11819,クリュスＤレッグ,
11820,スタリナＤレッグ,
11821,ルースＤレッグ,
11822,ミラドＤレッグ,
11823,デュールＤグリーヴ,Grèves Deyuru D
11824,ロバストＤペイル,
11825,ファルコＤグリーヴ,Grèves Falco D
11826,ハウクスＤグリーヴ,Grèves Howx D
11827,ピラータＤグリーヴ,Grèves Pirata D
11828,ゼロイＤグリーヴ,Grèves Zeroi D
11829,レイルＤグリーヴ,
11830,リーデレＤグリーヴ,Grèves Ridere D
11831,リエットＤグリーヴ,Grèves Émeute D
11832,ルターレＤグリーヴ,Grèves Rutare D
11833,流転の具足・Ｄ,
11834,嵐転の具足・Ｄ,
11835,キュビィＤフット,Chausses Cubie D
11836,ケモルＤフット,Chausses Kemor D
11837,ラトリアＤフット,Chausses Latria D
11838,コンタオＤフット,Chausses Kontao D
11839,オービスＤキック,
11840,ロットＤキック,
11841,ウーコンＤレッグ,
11842,ニンバスＤレッグ,
11843,月陽ノ袴・Ｄ,
11844,曙光ノ袴・Ｄ,
11845,トリドＺグリーヴ,Grèves Torid Z
11846,トリドZFグリーヴ,Grèves Toridcless F
11847,トリドZYグリーヴ,Grèves Torid ZY
11848,トリドZXグリーヴ,Grèves Torid ZX
11849,トリドＺレギンス,Jambières Torid Z
11850,トリドZFレギンス,Jambières Toridcless F
11851,トリドZYレギンス,Jambières Torid ZY
11852,トリドZXレギンス,Jambières Torid ZX
11853,ドラギュＺグリーヴ,Grèves Doragyurosu Z
11854,ドラギュZFグリーヴ,Grèves Doragyurosu F
11855,ドラギュZYグリーヴ,Grèves Doragyurosu ZY
11856,ドラギュZXグリーヴ,Grèves Doragyurosu ZX
11857,ドラギュＺレギンス,Jambières Doragyurosu Z
11858,ドラギュZFレギンス,Jambières Doragyurosu F
11859,ドラギュZYレギンス,Jambières Doragyurosu ZY
11860,ドラギュZXレギンス,Jambières Doragyurosu ZX
11861,アルフィフット,Chausses Alfi
11862,アルフィＦフット,Chausses Alfi F
11863,アルフィFZフット,Chausses Alfi FZ
11864,アルフィHSフット,Chausses Alfi HS
11865,アルフィGSフット,Chausses Alfi GS
11866,アルフィGPフット,Chausses Alfi GP
11867,アルフィZPフット,Chausses Alfi ZP
11868,アルフィレギンス,Jambières Alfi
11869,アルフィＦレギンス,Jambières Alfi F
11870,アルフィFZレギンス,Jambières Alfi FZ
11871,アルフィHSレギンス,Jambières Alfi HS
11872,アルフィGSレギンス,Jambières Alfi GS
11873,アルフィGPレギンス,Jambières Alfi GP
11874,アルフィZPレギンス,Jambières Alfi ZP
11875,カイファグリーヴ,Grèves Kaifa
11876,カイファＦグリーヴ,Grèves Kaifa F
11877,カイファFZグリーヴ,Grèves Kaifa FZ
11878,カイファHSグリーヴ,Grèves Kaifa HS
11879,カイファGSグリーヴ,Grèves Kaifa GS
11880,カイファGPグリーヴ,Grèves Kaifa GP
11881,カイファZPグリーヴ,Grèves Kaifa ZP
11882,カイファレギンス,Jambières Kaifa
11883,カイファＦレギンス,Jambières Kaifa F
11884,カイファFZレギンス,Jambières Kaifa FZ
11885,カイファHSレギンス,Jambières Kaifa HS
11886,カイファGSレギンス,Jambières Kaifa GS
11887,カイファGPレギンス,Jambières Kaifa GP
11888,カイファZPレギンス,Jambières Kaifa ZP
11889,ストラザフット,Chausses Straza
11890,ストラザＦフット,Chausses Straza F
11891,ストラザFZフット,Chausses Straza FZ
11892,ストラザHSフット,Chausses Straza HS
11893,ストラザGSフット,Chausses Straza GS
11894,ストラザGPフット,Chausses Straza GP
11895,ストラザZPフット,Chausses Straza ZP
11896,ストラザレギンス,Jambières Straza
11897,ストラザＦレギンス,Jambières Straza F
11898,ストラザFZレギンス,Jambières Straza FZ
11899,ストラザHSレギンス,Jambières Straza HS
11900,ストラザGSレギンス,Jambières Straza GS
11901,ストラザGPレギンス,Jambières Straza GP
11902,ストラザZPレギンス,Jambières Straza ZP
11903,フランテＺグリーヴ,Grèves Furante Z
11904,フランテZFグリーヴ,Grèves Furante F
11905,フランテZYグリーヴ,Grèves Furante ZY
11906,フランテZXグリーヴ,Grèves Furante ZX
11907,フランテＺレギンス,Jambières Furante Z
11908,フランテZFレギンス,Jambières Furante F
11909,フランテZYレギンス,Jambières Furante ZY
11910,フランテZXレギンス,Jambières Furante ZX
11911,カリヴァＧグリーヴ,Grèves Cariva G
11912,カリヴァGFグリーヴ,Grèves Cariva GF
11913,カリヴァGXグリーヴ,Grèves Cariva GX
11914,カリヴァＧレギンス,Jambières Cariva G
11915,カリヴァGFレギンス,Jambières Cariva GF
11916,カリヴァGXレギンス,Jambières Cariva GX
11917,ボンネＧグリーヴ,Grèves Bonne G
11918,ボンネGFグリーヴ,Grèves Bonne GF
11919,ボンネGXグリーヴ,Grèves Bonne GX
11920,ボンネＧレギンス,Jambières Bonne G
11921,ボンネGFレギンス,Jambières Bonne GF
11922,ボンネGXレギンス,Jambières Bonne GX
11923,調査兵団ZPフット,
11924,調査兵団ZPブーツ,
11925,訓練兵団ZPフット,Chausses Training ZP
11926,訓練兵団ZPブーツ,Bottes Training ZP
11927,十二勇士甲冑・脚甲,
11928,十二勇士甲冑Ｆ・脚甲,
11929,十二勇士甲冑FZ・脚甲,
11930,十二勇士甲冑HS・脚甲,
11931,十二勇士甲冑GS・脚甲,
11932,十二勇士甲冑GP・脚甲,
11933,十二勇士甲冑ZP・脚甲,
11934,十二勇士甲冑・具足,
11935,十二勇士甲冑Ｆ・具足,
11936,十二勇士甲冑FZ・具足,
11937,十二勇士甲冑HS・具足,
11938,十二勇士甲冑GS・具足,
11939,十二勇士甲冑GP・具足,
11940,十二勇士甲冑ZP・具足,
11941,救国の聖女服・脚甲,
11942,救国の聖女服Ｆ・脚甲,
11943,救国の聖女服FZ・脚甲,
11944,救国の聖女服HS・脚甲,
11945,救国の聖女服GS・脚甲,
11946,救国の聖女服GP・脚甲,
11947,救国の聖女服ZP・脚甲,
11948,救国の聖女服・具足,
11949,救国の聖女服Ｆ・具足,
11950,救国の聖女服FZ・具足,
11951,救国の聖女服HS・具足,
11952,救国の聖女服GS・具足,
11953,救国の聖女服GP・具足,
11954,救国の聖女服ZP・具足,
11955,竜殺しの甲冑・脚甲,
11956,竜殺しの甲冑Ｆ・脚甲,
11957,竜殺しの甲冑FZ・脚甲,
11958,竜殺しの甲冑HS・脚甲,
11959,竜殺しの甲冑GS・脚甲,
11960,竜殺しの甲冑GP・脚甲,
11961,竜殺しの甲冑ZP・脚甲,
11962,竜殺しの甲冑・具足,
11963,竜殺しの甲冑Ｆ・具足,
11964,竜殺しの甲冑FZ・具足,
11965,竜殺しの甲冑HS・具足,
11966,竜殺しの甲冑GS・具足,
11967,竜殺しの甲冑GP・具足,
11968,竜殺しの甲冑ZP・具足,
11969,叛逆の甲冑・脚甲,
11970,叛逆の甲冑Ｆ・脚甲,
11971,叛逆の甲冑FZ・脚甲,
11972,叛逆の甲冑HS・脚甲,
11973,叛逆の甲冑GS・脚甲,
11974,叛逆の甲冑GP・脚甲,
11975,叛逆の甲冑ZP・脚甲,
11976,叛逆の甲冑・具足,
11977,叛逆の甲冑Ｆ・具足,
11978,叛逆の甲冑FZ・具足,
11979,叛逆の甲冑HS・具足,
11980,叛逆の甲冑GS・具足,
11981,叛逆の甲冑GP・具足,
11982,叛逆の甲冑ZP・具足,
11983,ディナトZPグリーヴ,Grèves Dinato ZP
11984,ディナトZPレギンス,Jambières Dinato ZP
11985,ドゥケZPグリーヴ,Grèves Duque ZP
11986,ドゥケZPレギンス,Jambières Duque ZP
11987,グラヌZPグリーヴ,Grèves Granu ZP
11988,グラヌZPレギンス,Jambières Granu ZP
11989,千代ノ脛当ZP,
11990,千代ノ具足ZP,
11991,ネコダンZPフット,Chausses Nekodan ZP
11992,グーダンZPフット,Chausses Gudan ZP
11993,トリドZDグリーヴ,Grèves Toridcless D
11994,トリドZDレギンス,Jambières Toridcless D
11995,ドラギュZDグリーヴ,Grèves Doragyurosu D
11996,ドラギュZDレギンス,Jambières Doragyurosu D
11997,アルフィＤフット,Chausses Alfi D
11998,カイファＤグリーヴ,Grèves Kaifa D
11999,ストラザＤフット,Chausses Straza D
12000,煉華ノ具足Ｃ,
12001,調査兵団Ｄフット,
12002,訓練兵団Ｄフット,Chausses Training D
12003,十二勇士甲冑Ｄ・脚甲,
12004,救国の聖女服Ｄ・脚甲,
12005,竜殺しの甲冑Ｄ・脚甲,
12006,叛逆の甲冑Ｄ・脚甲,
12007,ディナトＤグリーヴ,Grèves Dinato D
12008,ドゥケＤグリーヴ,Grèves Duque D
12009,グラヌＤグリーヴ,Grèves Granu D
12010,千代ノ脛当Ｄ,
12011,ルベライトＤグリーヴ,Grèves Rubellite D
12012,ラズライトＤグリーヴ,Grèves Lazurite D
12013,ジルコンＤグリーヴ,
12014,スピネルＤグリーヴ,Grèves Spinel D
12015,ジェイドＤグリーヴ,
12016,アゲートＤグリーヴ,
12017,パイローブＤグリーヴ,Grèves Pyrope D
12018,アイオラＤグリーヴ,Grèves Iolite D
12019,ルチルＤグリーヴ,Grèves Rutile D
12020,ブラッドＤグリーヴ,Grèves Sang D
12021,シトリンＤレギンス,Jambières Citrine D
12022,ペリドットＤレギンス,Jambières Peridot D
12023,ターコイズＤレギンス,
12024,マフモフブーツPD赤,
12025,マフモフブーツPD黄,
12026,マフモフブーツPD紫,
12027,バサルレギンスPD赤,
12028,バサルレギンスPD黒,
12029,バサルレギンスPD黄,
12030,ブランゴグリーヴPD黄,
12031,ブランゴグリーヴPD青,
12032,ブランゴグリーヴPD黒,
12033,金色ノ袴PD白,
12034,金色ノ袴PD紫,
12035,金色ノ袴PD緑,
12036,グラビドレギンスPD緑,
12037,グラビドレギンスPD紫,
12038,グラビドレギンスPD赤,
12039,ハイメタグリーヴPD黒,
12040,ハイメタグリーヴPD青,
12041,ハイメタグリーヴPD黄,
12042,Ｓ・ソルグリーヴPD赤,
12043,Ｓ・ソルグリーヴPD紫,
12044,Ｓ・ソルグリーヴPD黒,
12045,ガルルガレギンスPD白,
12046,ガルルガレギンスPD緑,
12047,ガルルガレギンスPD赤,
12048,ザザミグリーヴPD青,
12049,ザザミグリーヴPD白,
12050,ザザミグリーヴPD紫,
12051,クシャナペイルPD赤,
12052,クシャナペイルPD黄,
12053,クシャナペイルPD緑,
12054,クシャナハディPD赤,
12055,クシャナハディPD黄,
12056,クシャナハディPD緑,
12057,忍の足袋・陽Ｄ,
12058,忍の足袋・陰Ｄ,
12059,ボンネＤグリーヴ,Grèves Bonne D
12060,カライスＤレギンス,Jambières Kalais D
12061,ルケーゼＤレギンス,Jambières Lucchese D
12062,クオイズＤレギンス,Jambières Quoiz D
12063,ネコダンＤフット,Chausses Nekodan D
12064,グーダンＤフット,Chausses Gudan D
12065,煉緋ノ具足Ｚ,
12066,煉緋ノ具足ZF,
12067,煉緋ノ具足ZY,
12068,煉緋ノ具足ZX,
12069,煉緋ノ下駄Ｚ,
12070,煉緋ノ下駄ZF,
12071,煉緋ノ下駄ZY,
12072,煉緋ノ下駄ZX,
12073,サイネフット,Chausses Saine
12074,サイネＦフット,Chausses Saine F
12075,サイネFZフット,Chausses Saine FZ
12076,サイネHSフット,Chausses Saine HS
12077,サイネGSフット,Chausses Saine GS
12078,サイネGPフット,Chausses Saine GP
12079,サイネZPフット,Chausses Saine ZP
12080,サイネブーツ,Bottes Saine
12081,サイネＦブーツ,Bottes Saine F
12082,サイネFZブーツ,Bottes Saine FZ
12083,サイネHSブーツ,Bottes Saine HS
12084,サイネGSブーツ,Bottes Saine GS
12085,サイネGPブーツ,Bottes Saine GP
12086,サイネZPブーツ,Bottes Saine ZP
12087,ウイングフット,Chausses Aile
12088,ウイングＦフット,Chausses Aile F
12089,ウイングFZフット,Chausses Aile FZ
12090,ウイングHSフット,Chausses Aile HS
12091,ウイングGSフット,Chausses Aile GS
12092,ウイングGPフット,Chausses Aile GP
12093,ウイングZPフット,Chausses Aile ZP
12094,ウイングブーツ,Bottes Aile
12095,ウイングＦブーツ,Bottes Aile F
12096,ウイングFZブーツ,Bottes Aile FZ
12097,ウイングHSブーツ,Bottes Aile HS
12098,ウイングGSブーツ,Bottes Aile GS
12099,ウイングGPブーツ,Bottes Aile GP
12100,ウイングZPブーツ,Bottes Aile ZP
12101,ガスラＺグリーヴ,Grèves Gasura Z
12102,ガスラZFグリーヴ,Grèves Gasura F
12103,ガスラZYグリーヴ,Grèves Gasura ZY
12104,ガスラZXグリーヴ,Grèves Gasura ZX
12105,ガスラＺレギンス,Jambières Gasura Z
12106,ガスラZFレギンス,Jambières Gasura F
12107,ガスラZYレギンス,Jambières Gasura ZY
12108,ガスラZXレギンス,Jambières Gasura ZX
12109,レギオスグリーヴ,Grèves Seregios
12110,レギオスＧグリーヴ,Grèves Seregios G
12111,レギオスGFグリーヴ,Grèves Seregios GF
12112,レギオスGXグリーヴ,Grèves Seregios GX
12113,レギオスレギンス,Jambières Seregios
12114,レギオスＧレギンス,Jambières Seregios G
12115,レギオスGFレギンス,Jambières Seregios GF
12116,レギオスGXレギンス,Jambières Seregios GX
12117,歌詠ノ脛当Ｚ,
12118,歌詠ノ脛当ZF,
12119,歌詠ノ脛当ZY,
12120,歌詠ノ脛当ZX,
12121,歌詠ノ具足Ｚ,
12122,歌詠ノ具足ZF,
12123,歌詠ノ具足ZY,
12124,歌詠ノ具足ZX,
12125,カシウスＧグリーヴ,Grèves Cassius G
12126,カシウスGFグリーヴ,Grèves Cassius GF
12127,カシウスGXグリーヴ,Grèves Cassius GX
12128,カシウスＧレギンス,Jambières Cassius G
12129,カシウスGFレギンス,Jambières Cassius GF
12130,カシウスGXレギンス,Jambières Cassius GX
12131,ピンビフット,Chausses Pinbi
12132,ピンビＦフット,Chausses Pinbi F
12133,ピンビFZフット,Chausses Pinbi FZ
12134,ピンビHSフット,Chausses Pinbi HS
12135,ピンビGSフット,Chausses Pinbi GS
12136,ピンビGPフット,Chausses Pinbi GP
12137,ピンビZPフット,Chausses Pinbi ZP
12138,ピンビブーツ,Bottes Pinbi
12139,ピンビＦブーツ,Bottes Pinbi F
12140,ピンビFZブーツ,Bottes Pinbi FZ
12141,ピンビHSブーツ,Bottes Pinbi HS
12142,ピンビGSブーツ,Bottes Pinbi GS
12143,ピンビGPブーツ,Bottes Pinbi GP
12144,ピンビZPブーツ,Bottes Pinbi ZP
12145,プリブフット,Chausses Pribu
12146,プリブＦフット,Chausses Pribu F
12147,プリブFZフット,Chausses Pribu FZ
12148,プリブHSフット,Chausses Pribu HS
12149,プリブGSフット,Chausses Pribu GS
12150,プリブGPフット,Chausses Pribu GP
12151,プリブZPフット,Chausses Pribu ZP
12152,プリブブーツ,Bottes Pribu
12153,プリブＦブーツ,Bottes Pribu F
12154,プリブFZブーツ,Bottes Pribu FZ
12155,プリブHSブーツ,Bottes Pribu HS
12156,プリブGSブーツ,Bottes Pribu GS
12157,プリブGPブーツ,Bottes Pribu GP
12158,プリブZPブーツ,Bottes Pribu ZP
12159,グレイフット,
12160,グレイＦフット,
12161,グレイFZフット,
12162,グレイHSフット,
12163,グレイGSフット,
12164,グレイGPフット,
12165,グレイZPフット,
12166,グレイブーツ,
12167,グレイＦブーツ,
12168,グレイFZブーツ,
12169,グレイHSブーツ,
12170,グレイGSブーツ,
12171,グレイGPブーツ,
12172,グレイZPブーツ,
12173,ウルピナフット,Chausses Urpina
12174,ウルピナＦフット,Chausses Urpina F
12175,ウルピナFZフット,Chausses Urpina FZ
12176,ウルピナHSフット,Chausses Urpina HS
12177,ウルピナGSフット,Chausses Urpina GS
12178,ウルピナGPフット,Chausses Urpina GP
12179,ウルピナZPフット,Chausses Urpina ZP
12180,ウルピナブーツ,Bottes Urpina
12181,ウルピナＦブーツ,Bottes Urpina F
12182,ウルピナFZブーツ,Bottes Urpina FZ
12183,ウルピナHSブーツ,Bottes Urpina HS
12184,ウルピナGSブーツ,Bottes Urpina GS
12185,ウルピナGPブーツ,Bottes Urpina GP
12186,ウルピナZPブーツ,Bottes Urpina ZP
12187,ノエルフット,
12188,ノエルＦフット,
12189,ノエルFZフット,
12190,ノエルHSフット,
12191,ノエルGSフット,
12192,ノエルGPフット,
12193,ノエルZPフット,
12194,ノエルブーツ,
12195,ノエルＦブーツ,
12196,ノエルFZブーツ,
12197,ノエルHSブーツ,
12198,ノエルGSブーツ,
12199,ノエルGPブーツ,
12200,ノエルZPブーツ,
12201,ビューネイフット,Chausses Bune
12202,ビューネイＦフット,Chausses Bune F
12203,ビューネイFZフット,Chausses Bune FZ
12204,ビューネイHSフット,Chausses Bune HS
12205,ビューネイGSフット,Chausses Bune GS
12206,ビューネイGPフット,Chausses Bune GP
12207,ビューネイZPフット,Chausses Bune ZP
12208,ビューネイブーツ,Bottes Bune
12209,ビューネイＦブーツ,Bottes Bune F
12210,ビューネイFZブーツ,Bottes Bune FZ
12211,ビューネイHSブーツ,Bottes Bune HS
12212,ビューネイGSブーツ,Bottes Bune GS
12213,ビューネイGPブーツ,Bottes Bune GP
12214,ビューネイZPブーツ,Bottes Bune ZP
12215,ラヴィＧグリーヴ：極,
12216,ラヴィGFグリーヴ：極,
12217,ラヴィGXグリーヴ：極,
12218,ラヴィＧレギンス：極,
12219,ラヴィGFレギンス：極,
12220,ラヴィGXレギンス：極,
12221,ハーゼZPフット,Chausses Harze ZP
12222,ハーゼZPブーツ,Bottes Harze ZP
12223,ルヴナンZPフェルゼ,
12224,ルヴナンZPアヴィレ,
12225,サイネＤフット,Chausses Saine D
12226,ウイングＤフット,Chausses Aile D
12227,ガスラZDグリーヴ,Grèves Gasura D
12228,ガスラZDレギンス,Jambières Gasura D
12229,レギオスＣグリーヴ,Grèves Seregios C
12230,レギオスＣレギンス,Jambières Seregios C
12231,ピンビＤフット,Chausses Pinbi D
12232,プリブＤフット,Chausses Pribu D
12233,煉緋ノ具足Ｄ,
12234,グレイＤフット,
12235,ウルピナＤフット,Chausses Urpina D
12236,ノエルＤフット,
12237,ビューネイＤフット,Chausses Bune D
12238,メラースＤレギンス,Jambières Melas D
12239,白虎・剣聖Ｄフット,
12240,白虎・双龍Ｄフット,
12241,白虎・剣王Ｄフット,
12242,白虎・刀神Ｄフット,
12243,白虎・天槍Ｄフット,
12244,白虎・砲皇Ｄフット,
12245,白虎・鈍器獣Ｄフット,
12246,白虎・奏帝Ｄフット,
12247,白虎・穿凰Ｄフット,
12248,白虎・斬将Ｄフット,
12249,白虎・銃傑Ｄブーツ,
12250,白虎・銃仙Ｄブーツ,
12251,白虎・弓鬼Ｄブーツ,
12252,キリンレガースPD赤,
12253,キリンレガースPD紫,
12254,キリンレガースPD黒,
12255,カイザーグリーヴPD白,
12256,カイザーレギンスPD白,
12257,カイザーグリーヴPD黒,
12258,カイザーレギンスPD黒,
12259,カイザーグリーヴPD緑,
12260,カイザーレギンスPD緑,
12261,ミヅハ【具足】PD青,
12262,ミヅハ【具足】PD赤,
12263,ミヅハ【具足】PD黄,
12264,トヨタマ【具足】PD青,
12265,トヨタマ【具足】PD赤,
12266,トヨタマ【具足】PD黄,
12267,暁丸【具足】PD赤,
12268,暁丸【具足】PD紫,
12269,暁丸【具足】PD白,
12270,凛【袴】PD黒,
12271,凛【袴】PD紫,
12272,凛【袴】PD白,
12273,ギザミレギンスPD赤,
12274,ギザミレギンスPD黒,
12275,ギザミレギンスPD黄,
12276,ガブラスフットPD白,
12277,ガブラスフットPD黄,
12278,ガブラスフットPD黒,
12279,ハーゼＤフット,Chausses Harze D
12280,ルヴナンＤフェルゼ,
12281,ククボＤレギンス,Jambières Kukubo D
12282,カカブＤレギンス,Jambières Kakabu D
12283,アルルＤレギンス,Jambières Aruru D
12284,朱雀・剣聖Ｄフット,
12285,朱雀・双龍Ｄフット,
12286,朱雀・剣王Ｄフット,
12287,朱雀・刀神Ｄフット,
12288,朱雀・天槍Ｄフット,
12289,朱雀・砲皇Ｄフット,
12290,朱雀・鈍器獣Ｄフット,
12291,朱雀・奏帝Ｄフット,
12292,朱雀・穿凰Ｄフット,
12293,朱雀・斬将Ｄフット,
12294,朱雀・銃傑Ｄブーツ,
12295,朱雀・銃仙Ｄブーツ,
12296,朱雀・弓鬼Ｄブーツ,
12297,Ｇ・ナイトタイツPD赤,
12298,Ｇ・ナイトタイツPD青,
12299,Ｇ・ナイトタイツPD紫,
12300,ＰＶタイツPD赤,
12301,ＰＶタイツPD青,
12302,ＰＶタイツPD紫,
12303,エンプレスフットPD赤,
12304,エンプレスフットPD黄,
12305,エンプレスフットPD紫,
12306,エンプレスブーツPD赤,
12307,エンプレスブーツPD黄,
12308,エンプレスブーツPD紫,
12309,ランゴグリーヴPD黄,
12310,ランゴグリーヴPD黒,
12311,ランゴグリーヴPD青,
12312,デスギアフェルゼPD白,
12313,デスギアフェルゼPD赤,
12314,デスギアフェルゼPD青,
12315,ディアブロフットPD紫,
12316,ディアブロフットPD青,
12317,ディアブロフットPD黄,
12318,マカルパパンツPD緑,
12319,マカルパパンツPD青,
12320,マカルパパンツPD黒,
12321,アカムトケマルPD黒,
12322,アカムトケマルPD赤,
12323,アカムトケマルPD白,
12324,アカムトチケルPD黒,
12325,アカムトチケルPD赤,
12326,アカムトチケルPD白,
12327,グラビドグリーヴPD黒,
12328,グラビドグリーヴPD青,
12329,グラビドグリーヴPD赤,
12330,シャルルＤグリーヴ,Grèves Sharuru D
12331,煉鳳ノ具足Ｄ,
12332,アノルZDグリーヴ,Grèves Anorupatisu D
12333,アノルZDレギンス,Jambières Anorupatisu D
12334,ディランＤフット,Chausses Dylan D
12335,ディブルＤフット,
12336,フィンスＤフット,Chausses Fins D
12337,ディンスＤフット,Chausses Dins D
12338,カリスＤフット,Chausses Charis D
12339,ミリアムＤフット,Chausses Miriam D
12340,レニガンＤフット,Chausses Lenigan D
12341,執事メイド 色替え,
12342,カタンテＤグリーヴ,Grèves Katante D
12343,リカンテＤグリーヴ,Grèves Rikante D
12344,メレンテＤグリーヴ,Grèves Merente D
12345,ウタンテＤグリーヴ,Grèves Utante D
12346,ブルックＤフット,Chausses Burukku D
12347,シルックＤフット,Chausses Shirukku D
12348,ゴルックＤフット,Chausses Gorukku D
12349,潔燭ノ具足Ｄ,
12350,華燭ノ具足Ｄ,
12351,ジャガーＤグリーヴ,Grèves Jyaga D
12352,キュールＤグリーヴ,
12353,ジェスＤグリーヴ,Grèves Jess D
12354,リアルオＤグリーヴ,Grèves Riaruo D
12355,レイレスＤグリーヴ,Grèves Reiresu D
12356,レウアスＤグリーヴ,Grèves Reuasu D
12357,ブランＤグリーヴ,Grèves Buran D
12358,しましまＤフット,Chausses Shimashima D
12359,デストラＤサバトン,
12360,フランテＤグリーヴ,Grèves Furante D
12361,シャルルグリーヴ,Grèves Sharuru
12362,シャルルＦグリーヴ,Grèves Sharuru F
12363,シャルルFZグリーヴ,Grèves Sharuru FZ
12364,シャルルHSグリーヴ,Grèves Sharuru HS
12365,シャルルGSグリーヴ,Grèves Sharuru GS
12366,シャルルGPグリーヴ,Grèves Sharuru GP
12367,シャルルZPグリーヴ,Grèves Sharuru ZP
12368,シャルルレギンス,Jambières Sharuru
12369,シャルルＦレギンス,Jambières Sharuru F
12370,シャルルFZレギンス,Jambières Sharuru FZ
12371,シャルルHSレギンス,Jambières Sharuru HS
12372,シャルルGSレギンス,Jambières Sharuru GS
12373,シャルルGPレギンス,Jambières Sharuru GP
12374,シャルルZPレギンス,Jambières Sharuru ZP
12375,煉鳳ノ具足Ｚ,
12376,煉鳳ノ具足ZF,
12377,煉鳳ノ具足ZY,
12378,煉鳳ノ具足ZX,
12379,煉鳳ノ下駄Ｚ,
12380,煉鳳ノ下駄ZF,
12381,煉鳳ノ下駄ZY,
12382,煉鳳ノ下駄ZX,
12383,アノルＺグリーヴ,Grèves Anorupatisu Z
12384,アノルZFグリーヴ,Grèves Anorupatisu F
12385,アノルZYグリーヴ,Grèves Anorupatisu ZY
12386,アノルZXグリーヴ,Grèves Anorupatisu ZX
12387,アノルＺレギンス,Jambières Anorupatisu Z
12388,アノルZFレギンス,Jambières Anorupatisu F
12389,アノルZYレギンス,Jambières Anorupatisu ZY
12390,アノルZXレギンス,Jambières Anorupatisu ZX
12391,歌紡ノ脛当Ｚ,
12392,歌紡ノ脛当ZF,
12393,歌紡ノ脛当ZY,
12394,歌紡ノ脛当ZX,
12395,歌紡ノ具足Ｚ,
12396,歌紡ノ具足ZF,
12397,歌紡ノ具足ZY,
12398,歌紡ノ具足ZX,
12399,リンクスＧグリーヴ,
12400,リンクスGFグリーヴ,
12401,リンクスGXグリーヴ,
12402,リンクスＧレギンス,
12403,リンクスGFレギンス,
12404,リンクスGXレギンス,
12405,ジンドルＧグリーヴ,Grèves Zindol G
12406,ジンドルGFグリーヴ,Grèves Zindol GF
12407,ジンドルGXグリーヴ,Grèves Zindol GX
12408,ジンドルＧレギンス,Jambières Zindol G
12409,ジンドルGFレギンス,Jambières Zindol GF
12410,ジンドルGXレギンス,Jambières Zindol GX
12411,ディランフット,Chausses Dylan
12412,ディランＦフット,Chausses Dylan F
12413,ディランFZフット,Chausses Dylan FZ
12414,ディランHSフット,Chausses Dylan HS
12415,ディランGSフット,Chausses Dylan GS
12416,ディランGPフット,Chausses Dylan GP
12417,ディランZPフット,Chausses Dylan ZP
12418,ディランブーツ,Bottes Dylan
12419,ディランＦブーツ,Bottes Dylan F
12420,ディランFZブーツ,Bottes Dylan FZ
12421,ディランHSブーツ,Bottes Dylan HS
12422,ディランGSブーツ,Bottes Dylan GS
12423,ディランGPブーツ,Bottes Dylan GP
12424,ディランZPブーツ,Bottes Dylan ZP
12425,ディブルフット,
12426,ディブルＦフット,
12427,ディブルFZフット,
12428,ディブルHSフット,
12429,ディブルGSフット,
12430,ディブルGPフット,
12431,ディブルZPフット,
12432,ディブルブーツ,
12433,ディブルＦブーツ,
12434,ディブルFZブーツ,
12435,ディブルHSブーツ,
12436,ディブルGSブーツ,
12437,ディブルGPブーツ,
12438,ディブルZPブーツ,
12439,フィンスフット,Chausses Fins
12440,フィンスＦフット,Chausses Fins F
12441,フィンスFZフット,Chausses Fins FZ
12442,フィンスHSフット,Chausses Fins HS
12443,フィンスGSフット,Chausses Fins GS
12444,フィンスGPフット,Chausses Fins GP
12445,フィンスZPフット,Chausses Fins ZP
12446,フィンスブーツ,Bottes Fins
12447,フィンスＦブーツ,Bottes Fins F
12448,フィンスFZブーツ,Bottes Fins FZ
12449,フィンスHSブーツ,Bottes Fins HS
12450,フィンスGSブーツ,Bottes Fins GS
12451,フィンスGPブーツ,Bottes Fins GP
12452,フィンスZPブーツ,Bottes Fins ZP
12453,ディンスフット,Chausses Dins
12454,ディンスＦフット,Chausses Dins F
12455,ディンスFZフット,Chausses Dins FZ
12456,ディンスHSフット,Chausses Dins HS
12457,ディンスGSフット,Chausses Dins GS
12458,ディンスGPフット,Chausses Dins GP
12459,ディンスZPフット,Chausses Dins ZP
12460,ディンスブーツ,Bottes Dins
12461,ディンスＦブーツ,Bottes Dins F
12462,ディンスFZブーツ,Bottes Dins FZ
12463,ディンスHSブーツ,Bottes Dins HS
12464,ディンスGSブーツ,Bottes Dins GS
12465,ディンスGPブーツ,Bottes Dins GP
12466,ディンスZPブーツ,Bottes Dins ZP
12467,潔燭ノ具足Ｚ,
12468,潔燭ノ具足ZF,
12469,潔燭ノ具足ZY,
12470,潔燭ノ具足ZX,
12471,潔燭ノ足袋Ｚ,
12472,潔燭ノ足袋ZF,
12473,潔燭ノ足袋ZY,
12474,潔燭ノ足袋ZX,
12475,華燭ノ具足Ｚ,
12476,華燭ノ具足ZF,
12477,華燭ノ具足ZY,
12478,華燭ノ具足ZX,
12479,華燭ノ足袋Ｚ,
12480,華燭ノ足袋ZF,
12481,華燭ノ足袋ZY,
12482,華燭ノ足袋ZX,
12483,カリスフット,Chausses Charis
12484,カリスＦフット,Chausses Charis F
12485,カリスFZフット,Chausses Charis FZ
12486,カリスHSフット,Chausses Charis HS
12487,カリスGSフット,Chausses Charis GS
12488,カリスGPフット,Chausses Charis GP
12489,カリスZPフット,Chausses Charis ZP
12490,カリスブーツ,Bottes Charis
12491,カリスＦブーツ,Bottes Charis F
12492,カリスFZブーツ,Bottes Charis FZ
12493,カリスHSブーツ,Bottes Charis HS
12494,カリスGSブーツ,Bottes Charis GS
12495,カリスGPブーツ,Bottes Charis GP
12496,カリスZPブーツ,Bottes Charis ZP
12497,ミリアムフット,Chausses Miriam
12498,ミリアムＦフット,Chausses Miriam F
12499,ミリアムFZフット,Chausses Miriam FZ
12500,ミリアムHSフット,Chausses Miriam HS
12501,ミリアムGSフット,Chausses Miriam GS
12502,ミリアムGPフット,Chausses Miriam GP
12503,ミリアムZPフット,Chausses Miriam ZP
12504,ミリアムブーツ,Bottes Miriam
12505,ミリアムＦブーツ,Bottes Miriam F
12506,ミリアムFZブーツ,Bottes Miriam FZ
12507,ミリアムHSブーツ,Bottes Miriam HS
12508,ミリアムGSブーツ,Bottes Miriam GS
12509,ミリアムGPブーツ,Bottes Miriam GP
12510,ミリアムZPブーツ,Bottes Miriam ZP
12511,レニガンフット,Chausses Lenigan
12512,レニガンＦフット,Chausses Lenigan F
12513,レニガンFZフット,Chausses Lenigan FZ
12514,レニガンHSフット,Chausses Lenigan HS
12515,レニガンGSフット,Chausses Lenigan GS
12516,レニガンGPフット,Chausses Lenigan GP
12517,レニガンZPフット,Chausses Lenigan ZP
12518,レニガンブーツ,Bottes Lenigan
12519,レニガンＦブーツ,Bottes Lenigan F
12520,レニガンFZブーツ,Bottes Lenigan FZ
12521,レニガンHSブーツ,Bottes Lenigan HS
12522,レニガンGSブーツ,Bottes Lenigan GS
12523,レニガンGPブーツ,Bottes Lenigan GP
12524,レニガンZPブーツ,Bottes Lenigan ZP
12525,ファビラフット,Chausses Favila
12526,ファビラＦフット,Chausses Favila F
12527,ファビラFZフット,Chausses Favila FZ
12528,ファビラHSフット,Chausses Favila HS
12529,ファビラGSフット,Chausses Favila GS
12530,ファビラGPフット,Chausses Favila GP
12531,ファビラZPフット,Chausses Favila ZP
12532,ファビラブーツ,Bottes Favila
12533,ファビラＦブーツ,Bottes Favila F
12534,ファビラFZブーツ,Bottes Favila FZ
12535,ファビラHSブーツ,Bottes Favila HS
12536,ファビラGSブーツ,Bottes Favila GS
12537,ファビラGPブーツ,Bottes Favila GP
12538,ファビラZPブーツ,Bottes Favila ZP
12539,デストラGSサバトン,
12540,デストラGPサバトン,
12541,デストラZPサバトン,
12542,ダミー,
12543,ダミー,
12544,ダミー,
12545,デストラGSレギンス,Jambières Desutora GS
12546,デストラGPレギンス,Jambières Desutora GP
12547,デストラZPレギンス,Jambières Desutora ZP
12548,ダミー,
12549,ダミー,
12550,ダミー,
12551,ブレイブZXグリーヴ,
12552,ボガバドＺグリーヴ,Grèves Bogabado Z
12553,ボガバドZFグリーヴ,Grèves Bogabado F
12554,ボガバドZYグリーヴ,Grèves Bogabado ZY
12555,ボガバドZXグリーヴ,Grèves Bogabado ZX
12556,ボガバドＺレギンス,Jambières Bogabado Z
12557,ボガバドZFレギンス,Jambières Bogabado F
12558,ボガバドZYレギンス,Jambières Bogabado ZY
12559,ボガバドZXレギンス,Jambières Bogabado ZX
12560,アリシアフット,Chausses Alicia
12561,アリシアＦフット,Chausses Alicia F
12562,アリシアFZフット,Chausses Alicia FZ
12563,アリシアHSフット,Chausses Alicia HS
12564,アリシアGSフット,Chausses Alicia GS
12565,アリシアGPフット,Chausses Alicia GP
12566,アリシアZPフット,Chausses Alicia ZP
12567,アリシアブーツ,Bottes Alicia
12568,アリシアＦブーツ,Bottes Alicia F
12569,アリシアFZブーツ,Bottes Alicia FZ
12570,アリシアHSブーツ,Bottes Alicia HS
12571,アリシアGSブーツ,Bottes Alicia GS
12572,アリシアGPブーツ,Bottes Alicia GP
12573,アリシアZPブーツ,Bottes Alicia ZP
12574,タンザナグリーヴ,Grèves Tanzanite
12575,タンザナＦグリーヴ,Grèves Tanzanite F
12576,タンザナFXグリーヴ,Grèves Tanzanite FX
12577,ヘマタイトグリーヴ,Grèves Hématite
12578,ヘマタイトＦグリーヴ,Grèves Hématite F
12579,ヘマタイトFXグリーヴ,Grèves Hématite FX
12580,白虎・磁星Ｇフット,
12581,白虎・磁星GFフット,
12582,白虎・磁星GXフット,
12583,朱雀・磁星Ｇフット,
12584,朱雀・磁星GFフット,
12585,朱雀・磁星GXフット,
12586,玄武・磁星Ｇフット,
12587,玄武・磁星GFフット,
12588,玄武・磁星GXフット,
12589,青龍・磁星Ｇフット,
12590,青龍・磁星GFフット,
12591,青龍・磁星GXフット,
12592,白蘭・磁星フット,
12593,白蘭・磁星Ｆフット,
12594,白蘭・磁星FXフット,
12595,紅霞・磁星フット,
12596,紅霞・磁星Ｆフット,
12597,紅霞・磁星FXフット,
12598,白蘭・磁星Ｇフット,
12599,白蘭・磁星GFフット,
12600,白蘭・磁星GXフット,
12601,紅霞・磁星Ｇフット,
12602,紅霞・磁星GFフット,
12603,紅霞・磁星GXフット,
12604,月夜・磁星Ｇフット,
12605,月夜・磁星GFフット,
12606,月夜・磁星GXフット,
12607,蒼穹・磁星Ｇフット,
12608,蒼穹・磁星GFフット,
12609,蒼穹・磁星GXフット,
12610,雅葉ノ装【足袋】朱,
12611,雅葉ノ装Ｆ【足袋】朱,
12612,雅葉ノ装FZ【足袋】朱,
12613,雅葉ノ装HS【足袋】朱,
12614,雅葉ノ装GS【足袋】朱,
12615,雅葉ノ装GP【足袋】朱,
12616,雅葉ノ装ZP【足袋】朱,
12617,雅葉ノ装【具足】朱,
12618,雅葉ノ装Ｆ【具足】朱,
12619,雅葉ノ装FZ【具足】朱,
12620,雅葉ノ装HS【具足】朱,
12621,雅葉ノ装GS【具足】朱,
12622,雅葉ノ装GP【具足】朱,
12623,雅葉ノ装ZP【具足】朱,
12624,雅葉ノ装【足袋】銀,
12625,雅葉ノ装Ｆ【足袋】銀,
12626,雅葉ノ装FZ【足袋】銀,
12627,雅葉ノ装HS【足袋】銀,
12628,雅葉ノ装GS【足袋】銀,
12629,雅葉ノ装GP【足袋】銀,
12630,雅葉ノ装ZP【足袋】銀,
12631,雅葉ノ装【具足】銀,
12632,雅葉ノ装Ｆ【具足】銀,
12633,雅葉ノ装FZ【具足】銀,
12634,雅葉ノ装HS【具足】銀,
12635,雅葉ノ装GS【具足】銀,
12636,雅葉ノ装GP【具足】銀,
12637,雅葉ノ装ZP【具足】銀,
12638,雅葉ノ装【足袋】碧,
12639,雅葉ノ装Ｆ【足袋】碧,
12640,雅葉ノ装FZ【足袋】碧,
12641,雅葉ノ装HS【足袋】碧,
12642,雅葉ノ装GS【足袋】碧,
12643,雅葉ノ装GP【足袋】碧,
12644,雅葉ノ装ZP【足袋】碧,
12645,雅葉ノ装【具足】碧,
12646,雅葉ノ装Ｆ【具足】碧,
12647,雅葉ノ装FZ【具足】碧,
12648,雅葉ノ装HS【具足】碧,
12649,雅葉ノ装GS【具足】碧,
12650,雅葉ノ装GP【具足】碧,
12651,雅葉ノ装ZP【具足】碧,
12652,雅葉ノ装【足袋】橙,
12653,雅葉ノ装Ｆ【足袋】橙,
12654,雅葉ノ装FZ【足袋】橙,
12655,雅葉ノ装HS【足袋】橙,
12656,雅葉ノ装GS【足袋】橙,
12657,雅葉ノ装GP【足袋】橙,
12658,雅葉ノ装ZP【足袋】橙,
12659,雅葉ノ装【具足】橙,
12660,雅葉ノ装Ｆ【具足】橙,
12661,雅葉ノ装FZ【具足】橙,
12662,雅葉ノ装HS【具足】橙,
12663,雅葉ノ装GS【具足】橙,
12664,雅葉ノ装GP【具足】橙,
12665,雅葉ノ装ZP【具足】橙,
12666,グラハムグリーヴ,
12667,ファビラＤフット,Chausses Favila D
12668,アリシアＤフット,Chausses Alicia D
12669,雅葉ノ装Ｃ【足袋】,
12670,アウラＣフット,
12671,アスモＣフット,Chausses Asumo C
12672,ロッカＣフット,Chausses Rokka C
12673,ルーチェＣグリーヴ,Grèves Ruche C
12674,シュイＣグリーヴ,Grèves Shui C
12675,雅葉ノ装Ｄ【足袋】朱,
12676,雅葉ノ装Ｄ【足袋】銀,
12677,雅葉ノ装Ｄ【足袋】碧,
12678,雅葉ノ装Ｄ【足袋】橙,
12679,玄武・剣聖Ｄフット,
12680,玄武・双龍Ｄフット,
12681,玄武・剣王Ｄフット,
12682,玄武・刀神Ｄフット,
12683,玄武・天槍Ｄフット,
12684,玄武・砲皇Ｄフット,
12685,玄武・鈍器獣Ｄフット,
12686,玄武・奏帝Ｄフット,
12687,玄武・穿凰Ｄフット,
12688,玄武・斬将Ｄフット,
12689,玄武・銃傑Ｄブーツ,
12690,玄武・銃仙Ｄブーツ,
12691,玄武・弓鬼Ｄブーツ,
12692,タンザナＤグリーヴ,Grèves Tanzanite D
12693,ヘマタイトＤグリーヴ,Grèves Hématite D
12694,白虎・磁星Ｄフット,
12695,朱雀・磁星Ｄフット,
12696,玄武・磁星Ｄフット,
12697,レックスグリーヴPD黒,
12698,レックスグリーヴPD白,
12699,レックスグリーヴPD紫,
12700,モノブロスブーツPD黄,
12701,モノブロスブーツPD緑,
12702,モノブロスブーツPD白,
12703,フルフルレギンスPD黒,
12704,フルフルレギンスPD緑,
12705,フルフルレギンスPD青,
12706,ガノスグリーヴPD黒,
12707,ガノスグリーヴPD黄,
12708,ガノスグリーヴPD紫,
12709,ガノスレギンスPD黒,
12710,ガノスレギンスPD黄,
12711,ガノスレギンスPD紫,
12712,ゲリョスレギンスPD赤,
12713,ゲリョスレギンスPD黄,
12714,ゲリョスレギンスPD緑,
12715,神楽【袴】PD赤,
12716,神楽【袴】PD黒,
12717,神楽【袴】PD紫,
12718,神座【袴】PD赤,
12719,神座【袴】PD黒,
12720,神座【袴】PD紫,
12721,モスフットPD白,
12722,モスフットPD黄,
12723,モスフットPD青,
12724,忍の足袋・陰PD黄,
12725,忍の足袋・陰PD赤,
12726,忍の足袋・陰PD青,
12727,ダスクＤフット・赤,Chausses Crépuscule D rouges
12728,ダスクＤフット・白,Chausses Crépuscule D blanches
12729,ダスクＤフット・桃,Chausses Crépuscule D roses
12730,ダスクＤフット・青,Chausses Crépuscule D bleues
12731,マリンＤフット・青,Chausses Marin D bleues
12732,マリンＤフット・桃,Chausses Marin D roses
12733,マリンＤフット・白,Chausses Marin D blanches
12734,マリンＤフット・黒,Chausses Marin D noires
12735,ルフレＤフット・青,Chausses Rufre D bleues
12736,ルフレＤフット・白,Chausses Rufre D blanches
12737,ルフレＤフット・赤,Chausses Rufre D rouges
12738,ルフレＤフット・黒,Chausses Rufre D noires
12739,天日ノ脛当Ｄ・赤,
12740,天日ノ脛当Ｄ・青,
12741,天日ノ脛当Ｄ・黒,
12742,天日ノ脛当Ｄ・白,
12743,天日ノ鉄衣Ｄ・赤,
12744,天日ノ鉄衣Ｄ・青,
12745,天日ノ鉄衣Ｄ・黒,
12746,天日ノ鉄衣Ｄ・白,
12747,ナーガＤフット・青,Chausses Naga D bleues
12748,ナーガＤフット・赤,Chausses Naga D rouges
12749,ナーガＤフット・白,Chausses Naga D blanches
12750,ナーガＤフット・黒,Chausses Naga D noires
12751,シェリフＤフット・茶,Chausses Sherif D brunes
12752,シェリフＤフット・黒,Chausses Sherif D noires
12753,シェリフＤフット・青,Chausses Sherif D bleues
12754,シェリフＤフット・白,Chausses Sherif D blanches
12755,セレナＤフット・紫,Chausses Serena D violettes
12756,セレナＤフット・青,Chausses Serena D bleues
12757,セレナＤフット・白,Chausses Serena D blanches
12758,セレナＤフット・赤,Chausses Serena D rouges
12759,ゲルトＤフット・黒,Chausses Gert D noires
12760,ゲルトＤフット・銅,
12761,ゲルトＤフット・銀,Chausses Gert D argentées
12762,ゲルトＤフット・金,Chausses Gert D dorées
12763,グロリアＤフット・金,Chausses Gloria D dorées
12764,グロリアＤフット・青,Chausses Gloria D bleues
12765,グロリアＤフット・水,
12766,グロリアＤフット・赤,Chausses Gloria D rouges
12767,クロースＤフット・赤,Chausses Étoffe D rouges
12768,クロースＤフット・青,Chausses Étoffe D bleues
12769,クロースＤフット・紫,Chausses Étoffe D violettes
12770,クロースＤフット・緑,Chausses Étoffe D vertes
12771,レイストＤフット・黒,Chausses Reist D noires
12772,レイストＤフット・青,Chausses Reist D bleues
12773,レイストＤフット・紅,Chausses Reist D cramoisies
12774,レイストＤフット・白,Chausses Reist D blanches
12775,シエナＤグリーヴ・銀,Grèves Sienne D argentées
12776,シエナＤグリーヴ・黒,Grèves Sienne D noires
12777,シエナＤグリーヴ・赤,Grèves Sienne D rouges
12778,シエナＤグリーヴ・青,Grèves Sienne D bleues
12779,カウチュＤフット・灰,
12780,カウチュＤフット・青,Chausses Kauchu D bleues
12781,カウチュＤフット・橙,Chausses Kauchu D orange
12782,カウチュＤフット・緑,Chausses Kauchu D vertes
12783,トラスＤレギンス青,Jambières Truss D bleues
12784,トラスＤレギンス赤,Jambières Truss D rouges
12785,トラスＤレギンス白,Jambières Truss D blanches
12786,トラスＤレギンス紫,Jambières Truss D violettes
12787,マイストＤフット・紅,Chausses Maist D cramoisies
12788,マイストＤフット・緑,Chausses Maist D vertes
12789,マイストＤフット・蒼,Chausses Maist D azur
12790,マイストＤフット・桜,
12791,蘭陀の袴・Ｄ黄,
12792,蘭陀の袴・Ｄ赤,
12793,蘭陀の袴・Ｄ紫,
12794,蘭陀の袴・Ｄ金,
12795,バーニーＤフット・黒,Chausses Barney D noires
12796,バーニーＤフット・白,Chausses Barney D blanches
12797,バーニーＤフット・赤,Chausses Barney D rouges
12798,バーニーＤフット・紫,Chausses Barney D violettes
12799,リゲリアＤフット・白,Chausses Ligeria D blanches
12800,リゲリアＤフット・赤,Chausses Ligeria D rouges
12801,リゲリアＤフット・緑,Chausses Ligeria D vertes
12802,リゲリアＤフット・青,Chausses Ligeria D bleues
12803,アリストＤフット・青,Chausses Aristo D bleues
12804,アリストＤフット・白,Chausses Aristo D blanches
12805,アリストＤフット・紫,Chausses Aristo D violettes
12806,アリストＤフット・赤,Chausses Aristo D rouges
12807,メレティＤフット・白,Chausses Meleti D blanches
12808,メレティＤフット・赤,Chausses Meleti D rouges
12809,メレティＤフット・青,Chausses Meleti D bleues
12810,メレティＤフット・黒,Chausses Meleti D noires
12811,フェルムＤフット・黒,Chausses Ferm D noires
12812,フェルムＤフット・赤,Chausses Ferm D rouges
12813,フェルムＤフット・白,Chausses Ferm D blanches
12814,フェルムＤフット・青,Chausses Ferm D bleues
12815,レアルＤフット・白,Chausses Real D blanches
12816,レアルＤフット・金,Chausses Real D dorées
12817,レアルＤフット・青,Chausses Real D bleues
12818,レアルＤフット・赤,Chausses Real D rouges
12819,アルマＤフット・黒,Chausses Alma D noires
12820,アルマＤフット・白,Chausses Alma D blanches
12821,アルマＤフット・青,Chausses Alma D bleues
12822,アルマＤフット・茶,Chausses Alma D brunes
12823,オナブルＤフット・赤,Chausses Onable D rouges
12824,オナブルＤフット・青,Chausses Onable D bleues
12825,オナブルＤフット・緑,Chausses Onable D vertes
12826,オナブルＤフット・紺,
12827,ピクスＤフット・緑,Chausses Pyx D vertes
12828,ピクスＤフット・紫,Chausses Pyx D violettes
12829,ピクスＤフット・黒,Chausses Pyx D noires
12830,ピクスＤフット・水,
12831,マゴスＤフット・黄,Chausses Magos D jaunes
12832,マゴスＤフット・赤,Chausses Magos D rouges
12833,マゴスＤフット・水,
12834,マゴスＤフット・青,Chausses Magos D bleues
12835,アージェＤフット,Chausses Arge D
12836,カマレラＤフット,Chausses Camarera D
12837,メテネラＤフット,Chausses Metenera D
12838,アビットＤフット,Chausses Abitto D
12839,リブリーＤフット,Chausses Riburi D
12840,ゾデックＤフット・青,Chausses Zodec D bleues
12841,ゾデックＤフット・茶,Chausses Zodec D brunes
12842,ゾデックＤフット・緑,Chausses Zodec D vertes
12843,ゾデックＤフット・桜,
12844,カエシスＤフット水,
12845,カエシスＤフット赤,Chausses Cayssis D rouges
12846,カエシスＤフット青,Chausses Cayssis D bleues
12847,カエシスＤフット橙,Chausses Cayssis D orange
12848,オメットＤフット・黒,Chausses Omet D noires
12849,オメットＤフット・赤,Chausses Omet D rouges
12850,オメットＤフット・白,Chausses Omet D blanches
12851,オメットＤフット・青,Chausses Omet D bleues
12852,エディオＤフット・青,Chausses Edio D bleues
12853,エディオＤフット・赤,Chausses Edio D rouges
12854,エディオＤフット・黄,Chausses Edio D jaunes
12855,エディオＤフット・黒,Chausses Edio D noires
12856,ステノＤグリーヴ・橙,Grèves Stheno D orange
12857,ステノＤグリーヴ・桃,Grèves Stheno D roses
12858,ステノＤグリーヴ・青,Grèves Stheno D bleues
12859,ステノＤグリーヴ・赤,Grèves Stheno D rouges
12860,スリートＤフット・黄,Chausses Grésil D jaunes
12861,スリートＤフット・銀,Chausses Grésil D argentées
12862,スリートＤフット・赤,Chausses Grésil D rouges
12863,スリートＤフット・青,Chausses Grésil D bleues
12864,ガリトスＤフット・茶,Chausses Garitos D brunes
12865,ガリトスＤフット・赤,Chausses Garitos D rouges
12866,ガリトスＤフット・黒,Chausses Garitos D noires
12867,ガリトスＤフット・水,
12868,テクストＤフット・紫,Chausses Texte D violettes
12869,テクストＤフット・緑,Chausses Texte D vertes
12870,テクストＤフット・青,Chausses Texte D bleues
12871,テクストＤフット・黒,Chausses Texte D noires
12872,ファランＤフット・白,Chausses Faran D blanches
12873,ファランＤフット・黒,Chausses Faran D noires
12874,ファランＤフット・赤,Chausses Faran D rouges
12875,ファランＤフット・青,Chausses Faran D bleues
12876,ゴルトＤフット・赤,Chausses Gold D rouges
12877,ゴルトＤフット・青,Chausses Gold D bleues
12878,ゴルトＤフット・黄,Chausses Gold D jaunes
12879,ゴルトＤフット・紫,Chausses Gold D violettes
12880,クレールＤフット・紫,Chausses Clair D violettes
12881,クレールＤフット・水,
12882,クレールＤフット・赤,Chausses Clair D rouges
12883,クレールＤフット・黒,Chausses Clair D noires
12884,きんねこ服Ｄブーツ,
12885,ぎんねこ服Ｄブーツ,
12886,イクスＤフット・白,Chausses Ix D blanches
12887,イクスＤフット・赤,Chausses Ix D rouges
12888,イクスＤフット・青,Chausses Ix D bleues
12889,イクスＤフット・黒,Chausses Ix D noires
12890,星祭Ｄ足袋【赤】,
12891,星祭Ｄ足袋【青】,
12892,星祭Ｄ足袋【黒】,
12893,星祭Ｄ足袋【白】,
12894,プロミスＤブーツ・白,Bottes Promesse D blanches
12895,プロミスＤブーツ・青,Bottes Promesse D bleues
12896,プロミスＤブーツ・紫,Bottes Promesse D violettes
12897,プロミスＤブーツ・黄,Bottes Promesse D jaunes
12898,ホワイトＭブーツＤ,
12899,飛天ノ具足Ｄ・白,
12900,飛天ノ具足Ｄ・赤,
12901,飛天ノ具足Ｄ・茶,
12902,飛天ノ具足Ｄ・青,
12903,バンデＤフット・青,Chausses Bande D bleues
12904,バンデＤフット・赤,Chausses Bande D rouges
12905,バンデＤフット・緑,Chausses Bande D vertes
12906,バンデＤフット・黒,Chausses Bande D noires
12907,レグヌムＤフット・白,Chausses Regnum D blanches
12908,レグヌムＤフット・青,Chausses Regnum D bleues
12909,レグヌムＤフット・赤,Chausses Regnum D rouges
12910,レグヌムＤフット・茶,Chausses Regnum D brunes
12911,ガニアＤフット・赤,Chausses Gania D rouges
12912,ガニアＤフット・青,Chausses Gania D bleues
12913,ガニアＤフット・茶,Chausses Gania D brunes
12914,ガニアＤフット・紫,Chausses Gania D violettes
12915,アミスタＤフット・黒,Chausses Amista D noires
12916,アミスタＤフット・白,Chausses Amista D blanches
12917,アミスタＤフット・青,Chausses Amista D bleues
12918,アミスタＤフット・紅,Chausses Amista D cramoisies
12919,ペリフＤフット・青,Chausses Perif D bleues
12920,ペリフＤフット・茶,Chausses Perif D brunes
12921,ペリフＤフット・緑,Chausses Perif D vertes
12922,ペリフＤフット・紫,Chausses Perif D violettes
12923,ヴァクスＤグリーヴ,Grèves Vakusu D
12924,リズヴェＤグリーヴ,Grèves Rizuvue D
12925,コンセルＤグリーヴ,Grèves Konseru D
12926,歌詠ノ脛当Ｄ,
12927,歌紡ノ脛当Ｄ,
12928,シカリの具足Ｄ,
12929,ストレガＤグリーヴ,Grèves Strega D
12930,エクエスＤグリーヴ,Grèves Eques D
12931,ウィダＤフット,Chausses Uida D
12932,クラージＤグリーヴ,Grèves Kuraaji D
12933,アネシスＤグリーヴ,Grèves Aneshisu D
12934,ザーカーＤグリーヴ,Grèves Zaakaa D
12935,ヴィネンＤグリーヴ,Grèves Vinen D
12936,ルデオスＤグリーヴ,Grèves Rudeos D
12937,ブレオＤグリーヴ,Grèves Breo D
12938,ルージュＤグリーヴ,
12939,オネロＤグリーヴ,Grèves Onero D
12940,ディーナＤレッグ,
12941,オーロワＤグリーヴ,Grèves Oorowa D
12942,ヒガクレＤグリーヴ,Grèves Higakure D
12943,ペルセＤグリーヴ,Grèves Perce D
12944,オリクトＤグリーヴ,Grèves Orykto D
12945,オリクトＤレギンス,Jambières Orykto D
12946,ヨルティＤグリーヴ,Grèves Yoruti D
12947,ニスルＤグリーヴ,Grèves Nisuru D
12948,マアデンＤグリーヴ,Grèves Maaden D
12949,マアデンＤレギンス,Jambières Maaden D
12950,チェニーＤグリーヴ,Grèves Cheni D
12951,エギエネＤグリーヴ,Grèves Eguiene D
12952,トルボダＤグリーヴ,Grèves Toruboda D
12953,カバリバＤグリーヴ,Grèves Kabariba D
12954,ノルックＤフット,Chausses Norukku D
12955,ヴァリエＤグリーヴ,Grèves Valier D
12956,アルミュＤグリーヴ,Grèves Arumyu D
12957,チャトレＤグリーヴ,Grèves Chatore D
12958,パシオＤグリーヴ,Grèves Pashio D
12959,カリヴァＤグリーヴ,Grèves Cariva D
12960,デストラGSサバトン,
12961,デストラGPサバトン,
12962,デストラZPサバトン,
12963,デストラGSレギンス,Jambières Desutora GS
12964,デストラGPレギンス,Jambières Desutora GP
12965,デストラZPレギンス,Jambières Desutora ZP
12966,デストラＤサバトン,
12967,ボガバドZDグリーヴ,Grèves Bogabado D
12968,ボガバドZDレギンス,Jambières Bogabado D
12969,煉燭ノ具足Ｚ,
12970,煉燭ノ具足ZF,
12971,煉燭ノ具足ZY,
12972,煉燭ノ具足ZX,
12973,煉燭ノ下駄Ｚ,
12974,煉燭ノ下駄ZF,
12975,煉燭ノ下駄ZY,
12976,煉燭ノ下駄ZX,
12977,バルラＺグリーヴ,Grèves Baruragaru Z
12978,バルラZFグリーヴ,Grèves Baruragaru F
12979,バルラZYグリーヴ,Grèves Baruragaru ZY
12980,バルラZXグリーヴ,Grèves Baruragaru ZX
12981,バルラＺレギンス,Jambières Baruragaru Z
12982,バルラZFレギンス,Jambières Baruragaru F
12983,バルラZYレギンス,Jambières Baruragaru ZY
12984,バルラZXレギンス,Jambières Baruragaru ZX
12985,グラビＺグリーヴ,Grèves Gravios Z
12986,グラビZFグリーヴ,Grèves Gravios F
12987,グラビZYグリーヴ,Grèves Gravios ZY
12988,グラビZXグリーヴ,Grèves Gravios ZX
12989,グラビＺレギンス,Jambières Gravios Z
12990,グラビZFレギンス,Jambières Gravios F
12991,グラビZYレギンス,Jambières Gravios ZY
12992,グラビZXレギンス,Jambières Gravios ZX
12993,ラビウスフット,Chausses Rabius
12994,ラビウスＦフット,Chausses Rabius F
12995,ラビウスFZフット,Chausses Rabius FZ
12996,ラビウスHSフット,Chausses Rabius HS
12997,ラビウスGSフット,Chausses Rabius GS
12998,ラビウスGPフット,Chausses Rabius GP
12999,ラビウスZPフット,Chausses Rabius ZP
13000,ラビウスブーツ,Bottes Rabius
13001,ラビウスＦブーツ,Bottes Rabius F
13002,ラビウスFZブーツ,Bottes Rabius FZ
13003,ラビウスHSブーツ,Bottes Rabius HS
13004,ラビウスGSブーツ,Bottes Rabius GS
13005,ラビウスGPブーツ,Bottes Rabius GP
13006,ラビウスZPブーツ,Bottes Rabius ZP
13007,ロクラスフット,Chausses Rocras
13008,ロクラスＦフット,Chausses Rocras F
13009,ロクラスFZフット,Chausses Rocras FZ
13010,ロクラスHSフット,Chausses Rocras HS
13011,ロクラスGSフット,Chausses Rocras GS
13012,ロクラスGPフット,Chausses Rocras GP
13013,ロクラスZPフット,Chausses Rocras ZP
13014,ロクラスブーツ,Bottes Rocras
13015,ロクラスＦブーツ,Bottes Rocras F
13016,ロクラスFZブーツ,Bottes Rocras FZ
13017,ロクラスHSブーツ,Bottes Rocras HS
13018,ロクラスGSブーツ,Bottes Rocras GS
13019,ロクラスGPブーツ,Bottes Rocras GP
13020,ロクラスZPブーツ,Bottes Rocras ZP
13021,アリシスフット,Chausses Alisys
13022,アリシスＦフット,Chausses Alisys F
13023,アリシスFZフット,Chausses Alisys FZ
13024,アリシスHSフット,Chausses Alisys HS
13025,アリシスGSフット,Chausses Alisys GS
13026,アリシスGPフット,Chausses Alisys GP
13027,アリシスZPフット,Chausses Alisys ZP
13028,アリシスブーツ,Bottes Alisys
13029,アリシスＦブーツ,Bottes Alisys F
13030,アリシスFZブーツ,Bottes Alisys FZ
13031,アリシスHSブーツ,Bottes Alisys HS
13032,アリシスGSブーツ,Bottes Alisys GS
13033,アリシスGPブーツ,Bottes Alisys GP
13034,アリシスZPブーツ,Bottes Alisys ZP
13035,ロゥリィフット,Chausses Loli
13036,ロゥリィＦフット,Chausses Loli F
13037,ロゥリィFZフット,Chausses Loli FZ
13038,ロゥリィHSフット,Chausses Loli HS
13039,ロゥリィGSフット,Chausses Loli GS
13040,ロゥリィGPフット,Chausses Loli GP
13041,ロゥリィZPフット,Chausses Loli ZP
13042,ロゥリィブーツ,Bottes Loli
13043,ロゥリィＦブーツ,Bottes Loli F
13044,ロゥリィFZブーツ,Bottes Loli FZ
13045,ロゥリィHSブーツ,Bottes Loli HS
13046,ロゥリィGSブーツ,Bottes Loli GS
13047,ロゥリィGPブーツ,Bottes Loli GP
13048,ロゥリィZPブーツ,Bottes Loli ZP
13049,レコリスフット,Chausses Recolis
13050,レコリスＦフット,Chausses Recolis F
13051,レコリスFZフット,Chausses Recolis FZ
13052,レコリスHSフット,Chausses Recolis HS
13053,レコリスGSフット,Chausses Recolis GS
13054,レコリスGPフット,Chausses Recolis GP
13055,レコリスZPフット,Chausses Recolis ZP
13056,レコリスブーツ,Bottes Recolis
13057,レコリスＦブーツ,Bottes Recolis F
13058,レコリスFZブーツ,Bottes Recolis FZ
13059,レコリスHSブーツ,Bottes Recolis HS
13060,レコリスGSブーツ,Bottes Recolis GS
13061,レコリスGPブーツ,Bottes Recolis GP
13062,レコリスZPブーツ,Bottes Recolis ZP
13063,ビーターＧグリーヴ,Grèves Bita G
13064,ビーターGFグリーヴ,Grèves Bita GF
13065,ビーターGXグリーヴ,Grèves Bita GX
13066,ビーターＧレギンス,Jambières Bita G
13067,ビーターGFレギンス,Jambières Bita GF
13068,ビーターGXレギンス,Jambières Bita GX
13069,コレプトＧグリーヴ,Grèves Koreputo G
13070,コレプトGFグリーヴ,Grèves Koreputo GF
13071,コレプトGXグリーヴ,Grèves Koreputo GX
13072,コレプトＧレギンス,Jambières Koreputo G
13073,コレプトGFレギンス,Jambières Koreputo GF
13074,コレプトGXレギンス,Jambières Koreputo GX
13075,ラファンＧグリーヴ,Grèves Rapin G
13076,ラファンGFグリーヴ,Grèves Rapin GF
13077,ラファンGXグリーヴ,Grèves Rapin GX
13078,ラファンＧレギンス,Jambières Rapin G
13079,ラファンGFレギンス,Jambières Rapin GF
13080,ラファンGXレギンス,Jambières Rapin GX
13081,キリークフット,Chausses Kireek
13082,キリークＦフット,Chausses Kireek F
13083,キリークFZフット,Chausses Kireek FZ
13084,キリークHSフット,Chausses Kireek HS
13085,キリークGSフット,Chausses Kireek GS
13086,キリークGPフット,Chausses Kireek GP
13087,キリークZPフット,Chausses Kireek ZP
13088,キリークブーツ,Bottes Kireek
13089,キリークＦブーツ,Bottes Kireek F
13090,キリークFZブーツ,Bottes Kireek FZ
13091,キリークHSブーツ,Bottes Kireek HS
13092,キリークGSブーツ,Bottes Kireek GS
13093,キリークGPブーツ,Bottes Kireek GP
13094,キリークZPブーツ,Bottes Kireek ZP
13095,クーナフット,Chausses Quna
13096,クーナＦフット,Chausses Quna F
13097,クーナFZフット,Chausses Quna FZ
13098,クーナHSフット,Chausses Quna HS
13099,クーナGSフット,Chausses Quna GS
13100,クーナGPフット,Chausses Quna GP
13101,クーナZPフット,Chausses Quna ZP
13102,クーナブーツ,Bottes Quna
13103,クーナＦブーツ,Bottes Quna F
13104,クーナFZブーツ,Bottes Quna FZ
13105,クーナHSブーツ,Bottes Quna HS
13106,クーナGSブーツ,Bottes Quna GS
13107,クーナGPブーツ,Bottes Quna GP
13108,クーナZPブーツ,Bottes Quna ZP
13109,ディスタフット,Chausses Dista
13110,ディスタＦフット,Chausses Dista F
13111,ディスタFZフット,Chausses Dista FZ
13112,ディスタHSフット,Chausses Dista HS
13113,ディスタGSフット,Chausses Dista GS
13114,ディスタGPフット,Chausses Dista GP
13115,ディスタZPフット,Chausses Dista ZP
13116,ディスタブーツ,Bottes Dista
13117,ディスタＦブーツ,Bottes Dista F
13118,ディスタFZブーツ,Bottes Dista FZ
13119,ディスタHSブーツ,Bottes Dista HS
13120,ディスタGSブーツ,Bottes Dista GS
13121,ディスタGPブーツ,Bottes Dista GP
13122,ディスタZPブーツ,Bottes Dista ZP
13123,イオニアフット,Chausses Ionia
13124,イオニアＦフット,Chausses Ionia F
13125,イオニアFZフット,Chausses Ionia FZ
13126,イオニアHSフット,Chausses Ionia HS
13127,イオニアGSフット,Chausses Ionia GS
13128,イオニアGPフット,Chausses Ionia GP
13129,イオニアZPフット,Chausses Ionia ZP
13130,イオニアブーツ,Bottes Ionia
13131,イオニアＦブーツ,Bottes Ionia F
13132,イオニアFZブーツ,Bottes Ionia FZ
13133,イオニアHSブーツ,Bottes Ionia HS
13134,イオニアGSブーツ,Bottes Ionia GS
13135,イオニアGPブーツ,Bottes Ionia GP
13136,イオニアZPブーツ,Bottes Ionia ZP
13137,グリディＺグリーヴ,Grèves Guridi Z
13138,グリディZFグリーヴ,Grèves Guridi F
13139,グリディZYグリーヴ,Grèves Guridi ZY
13140,グリディZXグリーヴ,Grèves Guridi ZX
13141,グリディＺレギンス,Jambières Guridi Z
13142,グリディZFレギンス,Jambières Guridi F
13143,グリディZYレギンス,Jambières Guridi ZY
13144,グリディZXレギンス,Jambières Guridi ZX
13145,シフニィＺフット,Chausses Shifunyi Z
13146,シフニィZFフット,Chausses Shifunyi F
13147,シフニィZYフット,Chausses Shifunyi ZY
13148,シフニィZXフット,Chausses Shifunyi ZX
13149,シフニィＺブーツ,Bottes Shifunyi Z
13150,シフニィZFブーツ,Bottes Shifunyi F
13151,シフニィZYブーツ,Bottes Shifunyi ZY
13152,シフニィZXブーツ,Bottes Shifunyi ZX
13153,ロックマンブーツ,Bottes Rockman
13154,ぺたぺたグーク・虹,
13155,ぺたぺたグークＦ・虹,
13156,ぺたぺたグークFZ・虹,
13157,ぺたぺたグークHS・虹,
13158,ぺたぺたグークGS・虹,
13159,ぺたぺたグークGP・虹,
13160,ぺたぺたグークZP・虹,
13161,ぺたぺたグーク・金,
13162,ぺたぺたグークＦ・金,
13163,ぺたぺたグークFZ・金,
13164,ぺたぺたグークHS・金,
13165,ぺたぺたグークGS・金,
13166,ぺたぺたグークGP・金,
13167,ぺたぺたグークZP・金,
13168,ぺたぺたグーク・銀,
13169,ぺたぺたグークＦ・銀,
13170,ぺたぺたグークFZ・銀,
13171,ぺたぺたグークHS・銀,
13172,ぺたぺたグークGS・銀,
13173,ぺたぺたグークGP・銀,
13174,ぺたぺたグークZP・銀,
13175,ぺたぺたグーク・銅,
13176,ぺたぺたグークＦ・銅,
13177,ぺたぺたグークFZ・銅,
13178,ぺたぺたグークHS・銅,
13179,ぺたぺたグークGS・銅,
13180,ぺたぺたグークGP・銅,
13181,ぺたぺたグークZP・銅,
13182,ぺたぺたグークZP・白,
13183,ぺたぺたグークZP・赤,
13184,ぺたぺたグークZP・灰,
13185,煉燭ノ具足Ｄ,
13186,グラビZDグリーヴ,Grèves Gravios D
13187,グラビZDレギンス,Jambières Gravios D
13188,バルラZDグリーヴ,Grèves Baruragaru D
13189,バルラZDレギンス,Jambières Baruragaru D
13190,ラビウスＤフット,Chausses Rabius D
13191,ロクラスＤフット,Chausses Rocras D
13192,アリシスＤフット,Chausses Alisys D
13193,ロゥリィＤフット,Chausses Loli D
13194,レコリスＤフット,Chausses Recolis D
13195,ラファンＤグリーヴ,Grèves Rapin D
13196,ラファンＣグリーヴ,Grèves Rapin C
13197,キリークＤフット,Chausses Kireek D
13198,クーナＤフット,Chausses Quna D
13199,ディスタＤフット,Chausses Dista D
13200,イオニアＤフット,Chausses Ionia D
13201,グリディＤグリーヴ,Grèves Guridi D
13202,シフニィＤフット,Chausses Shifunyi D
13203,ラッピーＤブーツ,Bottes Rappy D
13204,ビーターＤグリーヴ,Grèves Bita D
13205,コレプトＤグリーヴ,Grèves Koreputo D
13206,セクティＤフット・黒,Chausses Secti D noires
13207,セクティＤフット・青,Chausses Secti D bleues
13208,セクティＤフット・赤,Chausses Secti D rouges
13209,セクティＤフット・白,Chausses Secti D blanches
13210,ロックマンＤブーツ,Bottes Rockman D
13211,一閃Ｄ【具足】・赤,
13212,蜂針Ｄ【具足】・橙,
13213,ぺたぺたグークＣ・虹,
13214,ぺたぺたグークＤ・金,
13215,ぺたぺたグークＤ・銀,
13216,ぺたぺたグークＤ・銅,
13217,ぺたぺたグークＤ・白,
13218,ぺたぺたグークＤ・灰,
13219,ぺたぺたグークＤ・赤,
13220,シャンルＺグリーヴ,Grèves Shanru Z
13221,シャンルZFグリーヴ,Grèves Shanru F
13222,シャンルZYグリーヴ,Grèves Shanru ZY
13223,シャンルZXグリーヴ,Grèves Shanru ZX
13224,シャンルＺレギンス,Jambières Shanru Z
13225,シャンルZFレギンス,Jambières Shanru F
13226,シャンルZYレギンス,Jambières Shanru ZY
13227,シャンルZXレギンス,Jambières Shanru ZX
13228,ファンルＺグリーヴ,Grèves Fanru Z
13229,ファンルZFグリーヴ,Grèves Fanru F
13230,ファンルZYグリーヴ,Grèves Fanru ZY
13231,ファンルZXグリーヴ,Grèves Fanru ZX
13232,ファンルＺレギンス,Jambières Fanru Z
13233,ファンルZFレギンス,Jambières Fanru F
13234,ファンルZYレギンス,Jambières Fanru ZY
13235,ファンルZXレギンス,Jambières Fanru ZX
13236,煉獄ノ具足Ｚ,
13237,煉獄ノ具足ZF,
13238,煉獄ノ具足ZY,
13239,煉獄ノ具足ZX,
13240,煉獄ノ下駄Ｚ,
13241,煉獄ノ下駄ZF,
13242,煉獄ノ下駄ZY,
13243,煉獄ノ下駄ZX,
13244,煉戟ノ具足Ｚ,
13245,煉戟ノ具足ZF,
13246,煉戟ノ具足ZY,
13247,煉戟ノ具足ZX,
13248,煉戟ノ下駄Ｚ,
13249,煉戟ノ下駄ZF,
13250,煉戟ノ下駄ZY,
13251,煉戟ノ下駄ZX,
13252,ザムザＺグリーヴ,Grèves Zamuza Z
13253,ザムザZFグリーヴ,Grèves Zamuza F
13254,ザムザZYグリーヴ,Grèves Zamuza ZY
13255,ザムザZXグリーヴ,Grèves Zamuza ZX
13256,ザムザＺレギンス,Jambières Zamuza Z
13257,ザムザZFレギンス,Jambières Zamuza F
13258,ザムザZYレギンス,Jambières Zamuza ZY
13259,ザムザZXレギンス,Jambières Zamuza ZX
13260,ハルドＺグリーヴ,Grèves Harudo Z
13261,ハルドZFグリーヴ,Grèves Harudo F
13262,ハルドZYグリーヴ,Grèves Harudo ZY
13263,ハルドZXグリーヴ,Grèves Harudo ZX
13264,ハルドＺレギンス,Jambières Harudo Z
13265,ハルドZFレギンス,Jambières Harudo F
13266,ハルドZYレギンス,Jambières Harudo ZY
13267,ハルドZXレギンス,Jambières Harudo ZX
13268,エリュシＧグリーヴ,Grèves Elysi G
13269,エリュシGFグリーヴ,Grèves Elysi GF
13270,エリュシGXグリーヴ,Grèves Elysi GX
13271,エリュシＧレギンス,Jambières Elysi G
13272,エリュシGFレギンス,Jambières Elysi GF
13273,エリュシGXレギンス,Jambières Elysi GX
13274,ミュンルＺグリーヴ,Grèves Myunru Z
13275,ミュンルZFグリーヴ,Grèves Myunru F
13276,ミュンルZYグリーヴ,Grèves Myunru ZY
13277,ミュンルZXグリーヴ,Grèves Myunru ZX
13278,ミュンルＺレギンス,Jambières Myunru Z
13279,ミュンルZFレギンス,Jambières Myunru F
13280,ミュンルZYレギンス,Jambières Myunru ZY
13281,ミュンルZXレギンス,Jambières Myunru ZX
13282,キンコウフット,Chausses Kinkou
13283,キンコウＦフット,Chausses Kinkou F
13284,キンコウFZフット,Chausses Kinkou FZ
13285,キンコウHSフット,Chausses Kinkou HS
13286,キンコウGSフット,Chausses Kinkou GS
13287,キンコウGPフット,Chausses Kinkou GP
13288,キンコウZPフット,Chausses Kinkou ZP
13289,キンコウブーツ,Bottes Kinkou
13290,キンコウＦブーツ,Bottes Kinkou F
13291,キンコウFZブーツ,Bottes Kinkou FZ
13292,キンコウHSブーツ,Bottes Kinkou HS
13293,キンコウGSブーツ,Bottes Kinkou GS
13294,キンコウGPブーツ,Bottes Kinkou GP
13295,キンコウZPブーツ,Bottes Kinkou ZP
13296,アンブフット,Chausses Anbu
13297,アンブＦフット,Chausses Anbu F
13298,アンブFZフット,Chausses Anbu FZ
13299,アンブHSフット,Chausses Anbu HS
13300,アンブGSフット,Chausses Anbu GS
13301,アンブGPフット,Chausses Anbu GP
13302,アンブZPフット,Chausses Anbu ZP
13303,アンブブーツ,Bottes Anbu
13304,アンブＦブーツ,Bottes Anbu F
13305,アンブFZブーツ,Bottes Anbu FZ
13306,アンブHSブーツ,Bottes Anbu HS
13307,アンブGSブーツ,Bottes Anbu GS
13308,アンブGPブーツ,Bottes Anbu GP
13309,アンブZPブーツ,Bottes Anbu ZP
13310,アービターGSサバトン,
13311,アービターGPサバトン,
13312,アービターZPサバトン,
13313,アービターGSレギンス,Jambières Arbitre GS
13314,アービターGPレギンス,Jambières Arbitre GP
13315,アービターZPレギンス,Jambières Arbitre ZP
13316,フィーネフット,
13317,フィーネＦフット,
13318,フィーネFZフット,
13319,フィーネHSフット,
13320,フィーネGSフット,
13321,フィーネGPフット,
13322,フィーネZPフット,
13323,フィーネブーツ,
13324,フィーネＦブーツ,
13325,フィーネFZブーツ,
13326,フィーネHSブーツ,
13327,フィーネGSブーツ,
13328,フィーネGPブーツ,
13329,フィーネZPブーツ,
13330,コトナフット,Chausses Kotona
13331,コトナＦフット,Chausses Kotona F
13332,コトナFZフット,Chausses Kotona FZ
13333,コトナHSフット,Chausses Kotona HS
13334,コトナGSフット,Chausses Kotona GS
13335,コトナGPフット,Chausses Kotona GP
13336,コトナZPフット,Chausses Kotona ZP
13337,コトナブーツ,Bottes Kotona
13338,コトナＦブーツ,Bottes Kotona F
13339,コトナFZブーツ,Bottes Kotona FZ
13340,コトナHSブーツ,Bottes Kotona HS
13341,コトナGSブーツ,Bottes Kotona GS
13342,コトナGPブーツ,Bottes Kotona GP
13343,コトナZPブーツ,Bottes Kotona ZP
13344,フィニスフット,
13345,フィニスＦフット,
13346,フィニスFZフット,
13347,フィニスHSフット,
13348,フィニスGSフット,
13349,フィニスGPフット,
13350,フィニスZPフット,
13351,フィニスブーツ,
13352,フィニスＦブーツ,
13353,フィニスFZブーツ,
13354,フィニスHSブーツ,
13355,フィニスGSブーツ,
13356,フィニスGPブーツ,
13357,フィニスZPブーツ,
13358,フィールフット,Chausses Firl
13359,フィールＦフット,Chausses Firl F
13360,フィールFZフット,Chausses Firl FZ
13361,フィールHSフット,Chausses Firl HS
13362,フィールGSフット,Chausses Firl GS
13363,フィールGPフット,Chausses Firl GP
13364,フィールZPフット,Chausses Firl ZP
13365,フィールブーツ,Bottes Firl
13366,フィールＦブーツ,Bottes Firl F
13367,フィールFZブーツ,Bottes Firl FZ
13368,フィールHSブーツ,Bottes Firl HS
13369,フィールGSブーツ,Bottes Firl GS
13370,フィールGPブーツ,Bottes Firl GP
13371,フィールZPブーツ,Bottes Firl ZP
13372,了奏ノ脛当,
13373,了奏ノ脛当Ｆ,
13374,了奏ノ脛当FZ,
13375,了奏ノ脛当HS,
13376,了奏ノ脛当GS,
13377,了奏ノ脛当GP,
13378,了奏ノ脛当ZP,
13379,了奏ノ具足,
13380,了奏ノ具足Ｆ,
13381,了奏ノ具足FZ,
13382,了奏ノ具足HS,
13383,了奏ノ具足GS,
13384,了奏ノ具足GP,
13385,了奏ノ具足ZP,
13386,ジェムズフット,Chausses Gems
13387,ジェムズＦフット,Chausses Gems F
13388,ジェムズFZフット,Chausses Gems FZ
13389,ジェムズHSフット,Chausses Gems HS
13390,ジェムズGSフット,Chausses Gems GS
13391,ジェムズGPフット,Chausses Gems GP
13392,ジェムズZPフット,Chausses Gems ZP
13393,ジェムズブーツ,Bottes Gems
13394,ジェムズＦブーツ,Bottes Gems F
13395,ジェムズFZブーツ,Bottes Gems FZ
13396,ジェムズHSブーツ,Bottes Gems HS
13397,ジェムズGSブーツ,Bottes Gems GS
13398,ジェムズGPブーツ,Bottes Gems GP
13399,ジェムズZPブーツ,Bottes Gems ZP
13400,アリシャフット,Chausses Alisha
13401,アリシャＦフット,Chausses Alisha F
13402,アリシャFZフット,Chausses Alisha FZ
13403,アリシャHSフット,Chausses Alisha HS
13404,アリシャGSフット,Chausses Alisha GS
13405,アリシャGPフット,Chausses Alisha GP
13406,アリシャZPフット,Chausses Alisha ZP
13407,アリシャブーツ,Bottes Alisha
13408,アリシャＦブーツ,Bottes Alisha F
13409,アリシャFZブーツ,Bottes Alisha FZ
13410,アリシャHSブーツ,Bottes Alisha HS
13411,アリシャGSブーツ,Bottes Alisha GS
13412,アリシャGPブーツ,Bottes Alisha GP
13413,アリシャZPブーツ,Bottes Alisha ZP
13414,リッカフット,Chausses Ricca
13415,リッカＦフット,Chausses Ricca F
13416,リッカFZフット,Chausses Ricca FZ
13417,リッカHSフット,Chausses Ricca HS
13418,リッカGSフット,Chausses Ricca GS
13419,リッカGPフット,Chausses Ricca GP
13420,リッカZPフット,Chausses Ricca ZP
13421,リッカブーツ,Bottes Ricca
13422,リッカＦブーツ,Bottes Ricca F
13423,リッカFZブーツ,Bottes Ricca FZ
13424,リッカHSブーツ,Bottes Ricca HS
13425,リッカGSブーツ,Bottes Ricca GS
13426,リッカGPブーツ,Bottes Ricca GP
13427,リッカZPブーツ,Bottes Ricca ZP
13428,ケリスフット,Chausses Kelis
13429,ケリスＦフット,Chausses Kelis F
13430,ケリスFZフット,Chausses Kelis FZ
13431,ケリスHSフット,Chausses Kelis HS
13432,ケリスGSフット,Chausses Kelis GS
13433,ケリスGPフット,Chausses Kelis GP
13434,ケリスZPフット,Chausses Kelis ZP
13435,ケリスブーツ,Bottes Kelis
13436,ケリスＦブーツ,Bottes Kelis F
13437,ケリスFZブーツ,Bottes Kelis FZ
13438,ケリスHSブーツ,Bottes Kelis HS
13439,ケリスGSブーツ,Bottes Kelis GS
13440,ケリスGPブーツ,Bottes Kelis GP
13441,ケリスZPブーツ,Bottes Kelis ZP
13442,キンコウＤフット,Chausses Kinkou D
13443,アンブＤフット,Chausses Anbu D
13444,煉獄ノ具足Ｄ,
13445,煉戟ノ具足Ｄ,
13446,シャンルＤグリーヴ,Grèves Shanru D
13447,ファンルＤグリーヴ,Grèves Fanru D
13448,ザムザZDグリーヴ,Grèves Zamuza D
13449,ザムザZDレギンス,Jambières Zamuza D
13450,ハルドZDグリーヴ,Grèves Harudo D
13451,ハルドZDレギンス,Jambières Harudo D
13452,アービターＤサバトン,
13453,エリュシＤグリーヴ,Grèves Elysi D
13454,フィーネＤフット,
13455,コトナＤフット,Chausses Kotona D
13456,フィニスＤフット,
13457,フィールＤフット,Chausses Firl D
13458,了奏ノ脛当Ｄ,
13459,ジェムズＤフット,Chausses Gems D
13460,アリシャＤフット,Chausses Alisha D
13461,リッカＤフット,Chausses Ricca D
13462,ケリスＤフット,Chausses Kelis D
13463,ミュンルＤグリーヴ,Grèves Myunru D
13464,青龍・剣聖Ｄフット,
13465,青龍・双龍Ｄフット,
13466,青龍・剣王Ｄフット,
13467,青龍・刀神Ｄフット,
13468,青龍・天槍Ｄフット,
13469,青龍・砲皇Ｄフット,
13470,青龍・鈍器獣Ｄフット,
13471,青龍・奏帝Ｄフット,
13472,青龍・穿凰Ｄフット,
13473,青龍・斬将Ｄフット,
13474,青龍・銃傑Ｄブーツ,
13475,青龍・銃仙Ｄブーツ,
13476,青龍・弓鬼Ｄブーツ,
13477,青龍・磁星Ｄフット,
13478,ＫロブスタフットPD黒,
13479,ＫロブスタフットPD緑,
13480,ＫロブスタフットPD青,
13481,ＫロブスタブーツPD黒,
13482,ＫロブスタブーツPD緑,
13483,ＫロブスタブーツPD青,
13484,ヒプノグリーヴPD緑,
13485,ヒプノグリーヴPD赤,
13486,ヒプノグリーヴPD黄,
13487,ベルグリーヴPD黒,
13488,ベルグリーヴPD赤,
13489,ベルグリーヴPD紫,
13490,ベルレギンスPD黒,
13491,ベルレギンスPD赤,
13492,ベルレギンスPD紫,
13493,クロオビグリーヴPD白,
13494,クロオビグリーヴPD黒,
13495,クロオビグリーヴPD青,
13496,アプカルグリーヴPD白,
13497,アプカルグリーヴPD緑,
13498,アプカルグリーヴPD黄,
13499,ルコフットPD白,
13500,ルコフットPD青,
13501,ルコフットPD赤,
13502,ルコレグスPD白,
13503,ルコレグスPD青,
13504,ルコレグスPD赤,
13505,コムラダブーツPD白赤,
13506,コムラダブーツPD白青,
13507,コムラダブーツPD白黄,
13508,オトノＤグリーヴ,Grèves Otono D
13509,忍の足袋・空Ｄ,
13510,忍の足袋・海Ｄ,
13511,黒影ノ足袋・Ｄ,
13512,黒陰ノ足袋・Ｄ,
13513,ホープＤグリーヴ,Grèves Espoir D
