index,source,target
0,装備無し,
1,レザーライトベルト,Ceinture Cuir
2,スキンライトベルト,
3,チェーンライトベルト,Ceinture Chainmail
4,アイアンベルト,Ceinture Fer
5,ハンターフォールド,Tassettes Hunter's
6,ハンターコート,Manteau Hunter's
7,ボーンフォールド,Tassettes Os
8,ボーンコート,Manteau Os
9,ランポスフォールド,Tassettes Velociprey
10,ランポスコート,Manteau Velociprey
11,バトルフォールド,Tassettes Bataille
12,バトルコート,Manteau Bataille
13,ハイドベルト,Ceinture Peau
14,ランゴフォールド,Tassettes Vespoid
15,ランゴコート,Manteau Vespoid
16,タロスフォールド,Tassettes Hornetaur
17,タロスコート,Manteau Hornetaur
18,ハイメタフォールド,
19,ハイメタコート,
20,ゲネポスフォールド,Tassettes Genprey
21,ゲネポスコート,Manteau Genprey
22,クロムメタルコイル,
23,クックフォールド,Tassettes Kut-Ku
24,クックコート,Manteau Kut-Ku
25,イーオスフォールド,Tassettes Ioprey
26,イーオスコート,Manteau Ioprey
27,ゲリョスフォールド,Tassettes Gypceros
28,ゲリョスコート,Manteau Gypceros
29,ガレオスフォールド,Tassettes Cephalos
30,ガレオスコート,Manteau Cephalos
31,スティールベルト,Ceinture Acier
32,レイアフォールド,Tassettes Rathian
33,レイアコート,Manteau Rathian
34,フルフルフォールド,Tassettes Khezu
35,フルフルコート,Manteau Khezu
36,レウスフォールド,Tassettes Rathalos
37,レウスコート,Manteau Rathalos
38,バサルフォールド,Tassettes Basarios
39,バサルコート,Manteau Basarios
40,ディアブロコイル,Ceinturon Diablos
41,ディアブロコート,Manteau Diablos
42,モノブロスコイル,Ceinturon Monoblos
43,モノブロスコート,Manteau Monoblos
44,グラビドフォールド,Tassettes Gravios
45,グラビドコート,Manteau Gravios
46,クロオビフォールド,
47,モスヒップ,
48,メルホアオッハ,
49,ビストロエプロン,
50,忍の帯・陽,
51,忍の帯・陰,
52,ガーディアンコイル,Ceinturon Gardien
53,ガーディアンコート,Manteau Gardien
54,ヘルパースカート,
55,ヒーラーフリル,
56,ガルルガフォールド,Tassettes Garuga
57,ガルルガコート,Manteau Garuga
58,暁丸【腰当て】,
59,曙丸【腰当て】,
60,凛【腰当て】,
61,艶【腰当て】,
62,紅凛【腰当て】,
63,紅艶【腰当て】,
64,ドラゴンウイング,
65,ドラゴンテイル,
66,レザーライトＵベルト,Ceinture Cuir U
67,チェーンＵベルト,Ceinture Chainmail U
68,ハンターＵフォールド,Tassettes Hunter's U
69,ハンターＵコート,Manteau Hunter's U
70,ボーンＵフォールド,Tassettes Os U
71,ボーンＵコート,Manteau Os U
72,ギアノスフォールド,Tassettes Giaprey
73,ギアノスコート,Manteau Giaprey
74,バトルＵフォールド,Tassettes Bataille U
75,バトルＵコート,Manteau Bataille U
76,ランゴＵフォールド,Tassettes Vespoid U
77,ランゴＵコート,Manteau Vespoid U
78,タロスＵフォールド,Tassettes Hornetaur U
79,タロスＵコート,Manteau Hornetaur U
80,ハイメタＵフォールド,
81,ハイメタＵコート,
82,ゲネポスＵフォールド,Tassettes Genprey U
83,ゲネポスＵコート,Manteau Genprey U
84,クックＵフォールド,Tassettes Kut-Ku U
85,クックＵコート,Manteau Kut-Ku U
86,イーオスＵフォールド,Tassettes Ioprey U
87,イーオスＵコート,Manteau Ioprey U
88,ゲリョスＵフォールド,Tassettes Gypceros U
89,ゲリョスＵコート,Manteau Gypceros U
90,ガレオスＵフォールド,Tassettes Cephalos U
91,ガレオスＵコート,Manteau Cephalos U
92,スティールＵベルト,Ceinture Acier U
93,リオハートフォールド,Tassettes Rath
94,リオハートコート,Manteau Rath
95,フルフルＵフォールド,Tassettes Khezu U
96,フルフルＵコート,Manteau Khezu U
97,リオソウルフォールド,Tassettes Rath
98,リオソウルコート,Manteau Rath
99,バサルＵフォールド,Tassettes Basarios U
100,バサルＵコート,Manteau Basarios U
101,ディアブロＵコイル,Ceinturon Diablos U
102,ディアブロＵコート,Manteau Diablos U
103,モノデビルコイル,Ceinturon Monodevil
104,モノデビルコート,Manteau Monodevil
105,グラビドＵフォールド,Tassettes Gravios U
106,グラビドＵコート,Manteau Gravios U
107,忍の帯・空,
108,忍の帯・海,
109,ガーディアンＵコイル,Ceinturon Gardien U
110,ガーディアンＵコート,Manteau Gardien U
111,ヘルパーＵスカート,
112,ヒーラーＵフリル,
113,暁丸・皇【腰当て】,
114,曙丸・皇【腰当て】,
115,凛・皇【腰当て】,
116,艶・皇【腰当て】,
117,ミラバルカンウイング,
118,ミラバルカンテイル,
119,ゴールドルナコイル,
120,ゴールドルナコート,
121,シルバーソルコイル,
122,シルバーソルコート,
123,レザーライトＳベルト,Ceinture Cuir S
124,Ｃ・ライトＳベルト,
125,ハンターＳフォールド,Tassettes Hunter's S
126,ハンターＳコート,Manteau Hunter's S
127,ボーンＳフォールド,Tassettes Os S
128,ボーンＳコート,Manteau Os S
129,ランポスＳフォールド,Tassettes Velociprey S
130,ランポスＳコート,Manteau Velociprey S
131,バトルＳフォールド,Tassettes Bataille S
132,バトルＳコート,Manteau Bataille S
133,ランゴＳフォールド,Tassettes Vespoid S
134,ランゴＳコート,Manteau Vespoid S
135,タロスＳフォールド,Tassettes Hornetaur S
136,タロスＳコート,Manteau Hornetaur S
137,ハイメタＳフォールド,
138,ハイメタＳコート,
139,ゲネポスＳフォールド,Tassettes Genprey S
140,ゲネポスＳコート,Manteau Genprey S
141,クックＳフォールド,Tassettes Kut-Ku S
142,クックＳコート,Manteau Kut-Ku S
143,イーオスＳフォールド,Tassettes Ioprey S
144,イーオスＳコート,Manteau Ioprey S
145,ゲリョスＳフォールド,Tassettes Gypceros S
146,ゲリョスＳコート,Manteau Gypceros S
147,ガレオスＳフォールド,Tassettes Cephalos S
148,ガレオスＳコート,Manteau Cephalos S
149,スティールＳベルト,Ceinture Acier S
150,レイアＳフォールド,Tassettes Rathian S
151,レイアＳコート,Manteau Rathian S
152,フルフルＳフォールド,Tassettes Khezu S
153,フルフルＳコート,Manteau Khezu S
154,レウスＳフォールド,Tassettes Rathalos S
155,レウスＳコート,Manteau Rathalos S
156,バサルＳフォールド,Tassettes Basarios S
157,バサルＳコート,Manteau Basarios S
158,ディアブロＳコイル,Ceinturon Diablos S
159,ディアブロＳコート,Manteau Diablos S
160,モノブロスＳコイル,Ceinturon Monoblos S
161,モノブロスＳコート,Manteau Monoblos S
162,グラビドＳフォールド,Tassettes Gravios S
163,グラビドＳコート,Manteau Gravios S
164,忍の帯・天,
165,忍の帯・地,
166,ギルドガードコイル紅,Ceinturon Guilde cramoisi
167,ギルドガードコート紅,Manteau Guilde cramoisi
168,ギルドガードコイル紅,Ceinturon Guilde cramoisi
169,ギルドガードコート紅,Manteau Guilde cramoisi
170,暁丸・覇【腰当て】,
171,曙丸・覇【腰当て】,
172,凛・覇【腰当て】,
173,艶・覇【腰当て】,
174,ドラゴンＳウイング,
175,ドラゴンＳテイル,
176,ザザミフォールド,Tassettes Hermitaur
177,ザザミコート,Manteau Hermitaur
178,ザザミＵフォールド,Tassettes Hermitaur U
179,ザザミＵコート,Manteau Hermitaur U
180,ザザミＳフォールド,Tassettes Hermitaur S
181,ザザミＳコート,Manteau Hermitaur S
182,コンガフォールド,Tassettes Conga
183,コンガコート,Manteau Conga
184,コンガＵフォールド,Tassettes Conga U
185,コンガＵコート,Manteau Conga U
186,コンガＳフォールド,Tassettes Conga S
187,コンガＳコート,Manteau Conga S
188,ブランゴフォールド,Tassettes Blango
189,ブランゴコート,Manteau Blango
190,ブランゴＵフォールド,Tassettes Blango U
191,ブランゴＵコート,Manteau Blango U
192,ブランゴＳフォールド,Tassettes Blango S
193,ブランゴＳコート,Manteau Blango S
194,ギザミフォールド,Tassettes Ceanataur
195,ギザミコート,Manteau Ceanataur
196,ギザミＵフォールド,Tassettes Ceanataur U
197,ギザミＵコート,Manteau Ceanataur U
198,ギザミＳフォールド,Tassettes Ceanataur S
199,ギザミＳコート,Manteau Ceanataur S
200,キリンフープ,
201,キリンショルト,
202,キリンＳフープ,
203,キリンＳショルト,
204,クシャナアンダ,
205,クシャナアドミ,
206,ミヅハ【丸帯】,
207,トヨタマ【丸帯】,
208,エンプレスフォールド,Tassettes Impératrice
209,エンプレスコート,Manteau Impératrice
210,金剛【腰当て】,
211,不動【腰当て】,
212,カイザーフォールド,
213,カイザーコート,
214,夜叉【腰巻】,
215,修羅【腰巻】,
216,金色ノ帯,
217,黒子ノ帯,
218,ミラルーツウイング,
219,ミラルーツテイル,
220,ガノスＳフォールド,Tassettes Plesioth S
221,ガノスＳコート,Manteau Plesioth S
222,クロオビＳフォールド,
223,ガブラスーツベルト,
224,ギルドナイトコイル,Ceinturon Guilde
225,ギルドナイトスカート,
226,メイドスカート,
227,プライベートフリル,
228,ギルドガードコイル蒼,Ceinturon Guilde azur
229,ギルドガードコート蒼,Manteau Guilde azur
230,ギルドガードコイル蒼,Ceinturon Guilde azur
231,ギルドガードコート蒼,Manteau Guilde azur
232,Ｋ・ロブスタコイル,
233,Ｋ・ロブスタコート,
234,Ｆウエスト00,
235,Ｆウエスト01,
236,マスターベルト,
237,ヒプノフォールド,Tassettes Hypnoc
238,ヒプノコート,Manteau Hypnoc
239,ヒプノＵフォールド,Tassettes Hypnoc U
240,ヒプノＵコート,Manteau Hypnoc U
241,ラヴァフォールド,Tassettes Lavasioth
242,ラヴァコート,Manteau Lavasioth
243,ラヴァＳフォールド,Tassettes Lavasioth S
244,ラヴァＳコート,Manteau Lavasioth S
245,ギアノスＵフォールド,Tassettes Giaprey U
246,ギアノスＵコート,Manteau Giaprey U
247,しろねこ服テイル,
248,くろねこ服テイル,
249,きんねこ服テイル,
250,ゴシックフォールド,Tassettes Gothic
251,ゴシックＦフォールド,Tassettes Gothic F
252,ベイルリフレクサー,
253,コムラドベルト【猩】,Ceinture Camarade [猩]
254,ジストレルウエスト,Taille Jisutoreru
255,デュオフォールド,
256,スマートウエスト,
257,あかねこ服Ｆテイル,
258,ブートアップウエスト,
259,ユウェネスウエスト,Taille Yuenesu
260,欠番,
261,欠番,
262,エアリアルウエスト,Taille Aérien
263,ジストウエスト,Taille Giste
264,欠番,
265,エクストラウエスト,
266,ウナペルトウエスト,
267,キューラーウエスト,Taille Kyuura
268,欠番,
269,欠番,
270,ラフねこ服テイル,
271,レックスフォールド,Tassettes Tigrex
272,レックスコート,Manteau Tigrex
273,レックスＳフォールド,Tassettes Tigrex S
274,レックスＳコート,Manteau Tigrex S
275,パピメルアンカ,
276,パピメルコクサ,
277,パピメルＳアンカ,
278,パピメルＳコクサ,
279,アカムトイッケク,
280,アカムトイッケタリ,
281,ウナペルトＦウエスト,
282,メルホアＵオッハ,
283,マカルパコイル,Ceinturon Makluva
284,マカルパＵコイル,Ceinturon Makluva U
285,ビストロＵエプロン,
286,オウビートアンカ,
287,オウビートコクサ,
288,オウビートＳアンカ,
289,オウビートＳコクサ,
290,デスギアナーベル,
291,デスギアガイツ,
292,デスギアＳナーベル,
293,デスギアＳガイツ,
294,マフモフコート,Manteau Mafumofu
295,マフモフＳコート,Manteau Mafumofu S
296,クシャナＦアンダ,
297,クシャナＦアドミ,
298,カイザーＦフォールド,
299,カイザーＦコート,
300,ミヅハ魁【丸帯】,
301,トヨタマ魁【丸帯】,
302,金剛・魁【腰当て】,
303,不動・魁【腰当て】,
304,夜叉・魁【腰巻】,
305,修羅・魁【腰巻】,
306,エンプレスＦコイル,Ceinturon Impératrice F
307,エンプレスＦコート,Manteau Impératrice F
308,金色ノ帯・魁,
309,黒子ノ帯・魁,
310,ガルルガＦフォールド,Tassettes Garuga F
311,ガルルガＦコート,Manteau Garuga F
312,クシャナＦアンダ,
313,クシャナＦアドミ,
314,カイザーＦフォールド,
315,カイザーＦコート,
316,ミヅハ魁【丸帯】,
317,トヨタマ魁【丸帯】,
318,金剛・魁【腰当て】,
319,不動・魁【腰当て】,
320,夜叉・魁【腰巻】,
321,修羅・魁【腰巻】,
322,エンプレスＦコイル,Ceinturon Impératrice F
323,エンプレスＦコート,Manteau Impératrice F
324,金色ノ帯・魁,
325,黒子ノ帯・魁,
326,ガルルガＦフォールド,Tassettes Garuga F
327,ガルルガＦコート,Manteau Garuga F
328,ラヴァＵフォールド,Tassettes Lavasioth U
329,ラヴァＵコート,Manteau Lavasioth U
330,ホワイトメタルコート,Manteau Métal blanc
331,セレストフォールド,Tassettes Celeste
332,シエルリフレクサー,
333,コムラダベルト【赤】,Ceinture Comrada [赤]
334,コムラダベルト【青】,Ceinture Comrada [青]
335,コムラダベルト【緑】,Ceinture Comrada [緑]
336,コムラダベルト【橙】,Ceinture Comrada [橙]
337,ダミー,
338,ダミー,
339,エスピナナーベル,
340,エスピナガイツ,
341,エスピナＦナーベル,
342,エスピナＦガイツ,
343,アスールフォールド,Tassettes Azul
344,アスールコート,Manteau Azul
345,アメザリフォールド,Tassettes Amezari
346,アメザリコート,Manteau Amezari
347,プロミスコート【白】,Manteau Promesse [白]
348,プロミスコート【青】,Manteau Promesse [青]
349,プロミスコート【紫】,Manteau Promesse [紫]
350,プロミスコート【黄】,Manteau Promesse [黄]
351,ブリスコート【白】,Manteau Félicité [白]
352,ブリスコート【青】,Manteau Félicité [青]
353,ブリスコート【紫】,Manteau Félicité [紫]
354,ブリスコート【黄】,Manteau Félicité [黄]
355,ブリスＦコート【白】,Manteau Félicité F [白]
356,ブリスＦコート【青】,Manteau Félicité F [青]
357,ブリスＦコート【紫】,Manteau Félicité F [紫]
358,ブリスＦコート【黄】,Manteau Félicité F [黄]
359,ロジウェアウエスト,
360,バトルコートSP青,
361,バトルコートSP黄,
362,バトルコートSP紫,
363,レイアコイルSP青,
364,レイアコイルSP赤,
365,レイアコイルSP黒,
366,フルフルコイルSP青,
367,フルフルコイルSP緑,
368,フルフルコイルSP黒,
369,エスピナコイルSP赤,
370,エスピナコイルSP青,
371,エスピナコイルSP黄,
372,エスピナコートSP赤,
373,エスピナコートSP青,
374,エスピナコートSP黄,
375,ノワールフォールド,
376,ガーディコイルSP白,
377,ガーディコイルSP黒,
378,ガーディコイルSP紫,
379,ヒーラーフリルSP青,
380,ヒーラーフリルSP白,
381,ヒーラーフリルSP黄,
382,マフモフコートSP赤,
383,マフモフコートSP黄,
384,マフモフコートSP紫,
385,バサルコートSP赤,
386,バサルコートSP黒,
387,バサルコートSP黄,
388,アプカルフォールド,Tassettes Apkallu
389,アプカルコート,Manteau Apkallu
390,ゴスペルフォールド,
391,ゴスペルコート,
392,エスピナＵナーベル,
393,エスピナＵガイツ,
394,ブランゴコイルSP黄,
395,ブランゴコイルSP青,
396,ブランゴコイルSP黒,
397,金色ノ帯SP白,
398,金色ノ帯SP紫,
399,金色ノ帯SP緑,
400,グラビドコートSP緑,
401,グラビドコートSP紫,
402,グラビドコートSP赤,
403,ダミー,
404,祭のあとに【負け犬】,
405,祭のあとに【負け犬】,
406,祭のあとに【負け犬】,
407,祭のあとに【負け犬】,
408,祭のあとに【負け犬】,
409,祭のあとに【負け犬】,
410,アクラフォールド,Tassettes Akura
411,アクラフォールド黄,Tassettes Akura jaunes
412,アクラフォールド蒼,Tassettes Akura azur
413,アクラフォールド紅,Tassettes Akura cramoisies
414,アクラコート,Manteau Akura
415,アクラコート黄,Manteau Akura jaune
416,アクラコート蒼,Manteau Akura azur
417,アクラコート紅,Manteau Akura cramoisi
418,アクラＦフォールド,Tassettes Akura F
419,アクラＦフォールド黄,Tassettes Akura F jaunes
420,アクラＦフォールド蒼,Tassettes Akura F azur
421,アクラＦフォールド紅,Tassettes Akura F cramoisies
422,アクラＦコート,Manteau Akura F
423,アクラＦコート黄,Manteau Akura F jaune
424,アクラＦコート蒼,Manteau Akura F azur
425,アクラＦコート紅,Manteau Akura F cramoisi
426,エクエスフォールド,Tassettes Eques
427,エクエスコート,Manteau Eques
428,エクエスフォールド改,
429,エクエスコート改,
430,エクエスＦフォールド,Tassettes Eques F
431,エクエスＦコート,Manteau Eques F
432,星祭の帯・夏【赤】,
433,星祭の帯・夏【青】,
434,星祭の帯・夏【黒】,
435,星祭の帯・夏【白】,
436,七夕の帯・夏【赤】,
437,七夕の帯・夏【青】,
438,七夕の帯・夏【黒】,
439,七夕の帯・夏【白】,
440,星祭の帯・織【赤】,
441,星祭の帯・織【青】,
442,星祭の帯・織【黒】,
443,星祭の帯・織【白】,
444,七夕の帯・織【赤】,
445,七夕の帯・織【青】,
446,七夕の帯・織【黒】,
447,七夕の帯・織【白】,
448,星祭の帯・天【赤】,
449,星祭の帯・天【青】,
450,星祭の帯・天【黒】,
451,星祭の帯・天【白】,
452,七夕の帯・天【赤】,
453,七夕の帯・天【青】,
454,七夕の帯・天【黒】,
455,七夕の帯・天【白】,
456,ハイメタコイルSP黒,
457,ハイメタコイルSP青,
458,ハイメタコイルSP黄,
459,Ｓ・ソルコイルSP赤,
460,Ｓ・ソルコイルSP紫,
461,Ｓ・ソルコイルSP黒,
462,ガルルガコートSP白,
463,ガルルガコートSP緑,
464,ガルルガコートSP赤,
465,ルーキーベルト【白】,Ceinture Recrue [白]
466,ルーキーベルト【赤】,Ceinture Recrue [赤]
467,ルーキーベルト【緑】,Ceinture Recrue [緑]
468,ヒプノＳフォールド,Tassettes Hypnoc S
469,ヒプノＳコート,Manteau Hypnoc S
470,祭のあとに【負け犬】,
471,祭のあとに【負け犬】,
472,祭のあとに【負け犬】,
473,祭のあとに【負け犬】,
474,祭のあとに【負け犬】,
475,祭のあとに【負け犬】,
476,祭のあとに【負け犬】,
477,祭のあとに【負け犬】,
478,祭のあとに【負け犬】,
479,祭のあとに【負け犬】,
480,祭のあとに【負け犬】,
481,祭のあとに【負け犬】,
482,祭のあとに【負け犬】,
483,祭のあとに【負け犬】,
484,祭のあとに【負け犬】,
485,祭のあとに【負け犬】,
486,祭のあとに【負け犬】,
487,祭のあとに【負け犬】,
488,祭のあとに【負け犬】,
489,祭のあとに【負け犬】,
490,祭のあとに【負け犬】,
491,祭のあとに【負け犬】,
492,祭のあとに【負け犬】,
493,祭のあとに【負け犬】,
494,プロギアコート,Manteau Purogia
495,オラシオンコート,Manteau Oracion
496,レクイエムコート,
497,アクラＵフォールド,Tassettes Akura U
498,アクラＵフォールド黄,Tassettes Akura U jaunes
499,アクラＵフォールド蒼,Tassettes Akura U azur
500,アクラＵフォールド紅,Tassettes Akura U cramoisies
501,アクラＵコート,Manteau Akura U
502,アクラＵコート黄,Manteau Akura U jaune
503,アクラＵコート蒼,Manteau Akura U azur
504,アクラＵコート紅,Manteau Akura U cramoisi
505,メランフォールド,Tassettes Melan
506,メランコート,Manteau Melan
507,ルージュフォールド,
508,マギサコイル・赤,Ceinturon Magisa rouge
509,マギサコイル・黒,Ceinturon Magisa noir
510,マギサコイル・緑,Ceinturon Magisa vert
511,マギサコイル・白,Ceinturon Magisa blanc
512,マギサコイル・青,Ceinturon Magisa bleu
513,ウィザーコート・赤,Manteau Wither rouge
514,ウィザーコート・黒,Manteau Wither noir
515,ウィザーコート・緑,Manteau Wither vert
516,ウィザーコート・白,Manteau Wither blanc
517,ウィザーコート・青,Manteau Wither bleu
518,マギサＦコイル・赤,Ceinturon Magisa F rouge
519,マギサＦコイル・黒,Ceinturon Magisa F noir
520,マギサＦコイル・緑,Ceinturon Magisa F vert
521,マギサＦコイル・白,Ceinturon Magisa F blanc
522,マギサＦコイル・青,Ceinturon Magisa F bleu
523,ウィザーＦコート・赤,Manteau Wither F rouge
524,ウィザーＦコート・黒,Manteau Wither F noir
525,ウィザーＦコート・緑,Manteau Wither F vert
526,ウィザーＦコート・白,Manteau Wither F blanc
527,ウィザーＦコート・青,Manteau Wither F bleu
528,クロウリーコイル・赤,
529,クロウリーコイル・黒,
530,クロウリーコイル・緑,
531,クロウリーコイル・白,
532,クロウリーコイル・青,
533,ファウストコート・赤,
534,ファウストコート・黒,
535,ファウストコート・緑,
536,ファウストコート・白,
537,ファウストコート・青,
538,クシャナアンダSP赤,
539,クシャナアンダSP黄,
540,クシャナアンダSP緑,
541,クシャナアドミSP赤,
542,クシャナアドミSP黄,
543,クシャナアドミSP緑,
544,キリンフープSP赤,
545,キリンフープSP紫,
546,キリンフープSP黒,
547,キリンショルトSP赤,
548,キリンショルトSP紫,
549,キリンショルトSP黒,
550,ストレガフォールド,Tassettes Strega
551,ストレガコート,Manteau Strega
552,ストレガフォールド改,
553,ストレガコート改,
554,ストレガＦフォールド,Tassettes Strega F
555,ストレガＦコート,Manteau Strega F
556,フルフルＬフォールド,Tassettes Khezu L
557,ガレオスＬフォールド,Tassettes Cephalos L
558,ギザミＬフォールド,Tassettes Ceanataur L
559,レウスＬフォールド,Tassettes Rathalos L
560,マフモフＬコート,Manteau Mafumofu L
561,あかねこ服テイル,
562,アミティエコイル,Ceinturon Amitie
563,アミティエコート,Manteau Amitie
564,バサルＬコート,Manteau Basarios L
565,ゲリョスＬコート,Manteau Gypceros L
566,ガーディアンＲコイル,Ceinturon Gardien R
567,ヒーラーＲフリル,
568,ハンターＲフォールド,Tassettes Hunter's R
569,リオハートＲコイル,Ceinturon Rath R
570,ザザミＲフォールド,Tassettes Hermitaur R
571,アミティエＦコイル,Ceinturon Amitie F
572,アミティエＦコート,Manteau Amitie F
573,キューラーＦウエスト,Taille Kyuura F
574,ガーディアンＲアンカ,
575,ヒーラーＲスカート,
576,祭のあとに【負け犬】,
577,祭のあとに【負け犬】,
578,祭のあとに【負け犬】,
579,祭のあとに【負け犬】,
580,祭のあとに【負け犬】,
581,祭のあとに【負け犬】,
582,祭のあとに【負け犬】,
583,祭のあとに【負け犬】,
584,祭のあとに【負け犬】,
585,祭のあとに【負け犬】,
586,祭のあとに【負け犬】,
587,祭のあとに【負け犬】,
588,祭のあとに【負け犬】,
589,祭のあとに【負け犬】,
590,祭のあとに【負け犬】,
591,祭のあとに【負け犬】,
592,祭のあとに【負け犬】,
593,祭のあとに【負け犬】,
594,祭のあとに【負け犬】,
595,祭のあとに【負け犬】,
596,祭のあとに【負け犬】,
597,祭のあとに【負け犬】,
598,祭のあとに【負け犬】,
599,祭のあとに【負け犬】,
600,祭のあとに【負け犬】,
601,祭のあとに【負け犬】,
602,祭のあとに【負け犬】,
603,祭のあとに【負け犬】,
604,祭のあとに【負け犬】,
605,祭のあとに【負け犬】,
606,祭のあとに【負け犬】,
607,祭のあとに【負け犬】,
608,祭のあとに【負け犬】,
609,祭のあとに【負け犬】,
610,祭のあとに【負け犬】,
611,祭のあとに【負け犬】,
612,祭のあとに【負け犬】,
613,祭のあとに【負け犬】,
614,祭のあとに【負け犬】,
615,祭のあとに【負け犬】,
616,祭のあとに【負け犬】,
617,祭のあとに【負け犬】,
618,祭のあとに【負け犬】,
619,祭のあとに【負け犬】,
620,祭のあとに【負け犬】,
621,祭のあとに【負け犬】,
622,祭のあとに【負け犬】,
623,祭のあとに【負け犬】,
624,祭のあとに【負け犬】,
625,祭のあとに【負け犬】,
626,祭のあとに【負け犬】,
627,祭のあとに【負け犬】,
628,祭のあとに【負け犬】,
629,祭のあとに【負け犬】,
630,祭のあとに【負け犬】,
631,祭のあとに【負け犬】,
632,祭のあとに【負け犬】,
633,祭のあとに【負け犬】,
634,祭のあとに【負け犬】,
635,祭のあとに【負け犬】,
636,クアッドフォールドＣ,
637,クアッドフォールド,
638,ベルフォールド,Tassettes Beru
639,ベルコート,Manteau Beru
640,ベルＦフォールド,Tassettes Beru F
641,ベルＦコート,Manteau Beru F
642,リアンコイル・青,Ceinturon Rian bleu
643,リアンコート・青,Manteau Rian bleu
644,リアンコイル・赤,Ceinturon Rian rouge
645,リアンコート・赤,Manteau Rian rouge
646,リアンコイル・黒,Ceinturon Rian noir
647,リアンコート・黒,Manteau Rian noir
648,リアンコイル・白,Ceinturon Rian blanc
649,リアンコート・白,Manteau Rian blanc
650,リアンＦコイル・青,Ceinturon Rian F bleu
651,リアンＦコート・青,Manteau Rian F bleu
652,リアンＦコイル・赤,Ceinturon Rian F rouge
653,リアンＦコート・赤,Manteau Rian F rouge
654,リアンＦコイル・黒,Ceinturon Rian F noir
655,リアンＦコート・黒,Manteau Rian F noir
656,リアンＦコイル・白,Ceinturon Rian F blanc
657,リアンＦコート・白,Manteau Rian F blanc
658,カイザーコイルSP白,
659,カイザーコイルSP黒,
660,カイザーコイルSP緑,
661,カイザーコートSP白,
662,カイザーコートSP黒,
663,カイザーコートSP緑,
664,ザザミフォールドSP青,
665,ザザミフォールドSP白,
666,ザザミフォールドSP紫,
667,クックＬフォールド,Tassettes Kut-Ku L
668,ゲリョスＬフォールド,Tassettes Gypceros L
669,イーオスＬフォールド,Tassettes Ioprey L
670,レイアＬフォールド,Tassettes Rathian L
671,バサルＬフォールド,Tassettes Basarios L
672,レウスＬコート,Manteau Rathalos L
673,モノブロスＬコート,Manteau Monoblos L
674,メルホアＲオッハ,
675,ハイメタＲフォールド,
676,ディアブロＲコイル,Ceinturon Diablos R
677,ブランゴＲフォールド,Tassettes Blango R
678,ラヴァＲフォールド,Tassettes Lavasioth R
679,ギアノスＲコート,Manteau Giaprey R
680,バトルＲコート,Manteau Bataille R
681,ヒプノルータウエスト,
682,ヒプノルータベルト,
683,ガルーダウエスト,Taille Garuda
684,ガルーダベルト,Ceinture Garuda
685,エクストラＦウエスト,
686,パピメルＬアンカ,
687,ヒプノＲフォールド,Tassettes Hypnoc R
688,ディジギアコート,Manteau Digi
689,プリエールコート,Manteau Priere
690,サルバシオンコート,Manteau Salvacion
691,シカリの腰当て,
692,シカリの腰当て・魁,
693,Ｇ・ガードＲコイル蒼,
694,アルマコイル・黒,Ceinturon Alma noir
695,アルマコート・黒,Manteau Alma noir
696,アルマコイル・白,Ceinturon Alma blanc
697,アルマコート・白,Manteau Alma blanc
698,アルマコイル・青,Ceinturon Alma bleu
699,アルマコート・青,Manteau Alma bleu
700,アルマコイル・茶,Ceinturon Alma brun
701,アルマコート・茶,Manteau Alma brun
702,オルデンコイル,Ceinturon Orden
703,オルデンコート,Manteau Orden
704,アルマＦコイル・黒,Ceinturon Alma F noir
705,アルマＦコート・黒,Manteau Alma F noir
706,アルマＦコイル・白,Ceinturon Alma F blanc
707,アルマＦコート・白,Manteau Alma F blanc
708,アルマＦコイル・青,Ceinturon Alma F bleu
709,アルマＦコート・青,Manteau Alma F bleu
710,アルマＦコイル・茶,Ceinturon Alma F brun
711,アルマＦコート・茶,Manteau Alma F brun
712,オルデンＦコイル,Ceinturon Orden F
713,オルデンＦコート,Manteau Orden F
714,エス・クェラウエスト,Taille Es
715,エス・クェラベルト,Ceinture Es
716,パンデウムウエスト,Taille Pandeum
717,パンデウムベルト,Ceinture Pandeum
718,しろねこ服Ｆテイル,
719,デスギアＬナーベル,
720,クロオビＬフォールド,
721,バトルＬフォールド,Tassettes Bataille L
722,レックスＬフォールド,Tassettes Tigrex L
723,フルフルＲフォールド,Tassettes Khezu R
724,リオソウルＲコイル,Ceinturon Rath R
725,ギアノスＲフォールド,Tassettes Giaprey R
726,Ｇ・ガードＲコイル蒼,
727,フルフルＬコート,Manteau Khezu L
728,イーオスＲコート,Manteau Ioprey R
729,イーリスベルトSP,
730,ヒプノＳフェイク,
731,真・ヒプノＳフェイク,
732,プロクスコイル,Ceinturon Purokusu
733,プロクスＦコイル,Ceinturon Purokusu F
734,クレネスコイル,Ceinturon Kurenesu
735,クレネスＦコイル,Ceinturon Kurenesu F
736,スィーニコイル,Ceinturon Suini
737,スィーニＦコイル,Ceinturon Suini F
738,グラースコート,Manteau Guraasu
739,グラースＦコート,Manteau Guraasu F
740,フォルトゥコイル,Ceinturon Forutu
741,フォルトゥＦコイル,Ceinturon Forutu F
742,ファキルコイル,Ceinturon Fakiru
743,ファキルＦコイル,Ceinturon Fakiru F
744,バラバンコイル,Ceinturon Baraban
745,バラバンＦコイル,Ceinturon Baraban F
746,スフェラコート,Manteau Sufera
747,スフェラＦコート,Manteau Sufera F
748,パリアフォールド,Tassettes Paria
749,パリアＦフォールド,Tassettes Paria F
750,パリアコート,Manteau Paria
751,パリアＦコート,Manteau Paria F
752,ヒプノリアウエスト,Taille Hypnolia
753,ヒプノリアベルト,Ceinture Hypnolia
754,フィアラルウエスト,Taille Féral
755,フィアラルベルト,Ceinture Féral
756,鬼神ノ虎布,
757,ラスタ教官腰,
758,童子ノ虎布,
759,ダミー,
760,イクスコイル・白,Ceinturon Ix blanc
761,イクスＦコイル・白,Ceinturon Ix F blanc
762,イクスコート・白,Manteau Ix blanc
763,イクスＦコート・白,Manteau Ix F blanc
764,イクスコイル・赤,Ceinturon Ix rouge
765,イクスＦコイル・赤,Ceinturon Ix F rouge
766,イクスコート・赤,Manteau Ix rouge
767,イクスＦコート・赤,Manteau Ix F rouge
768,イクスコイル・青,Ceinturon Ix bleu
769,イクスＦコイル・青,Ceinturon Ix F bleu
770,イクスコート・青,Manteau Ix bleu
771,イクスＦコート・青,Manteau Ix F bleu
772,イクスコイル・黒,Ceinturon Ix noir
773,イクスＦコイル・黒,Ceinturon Ix F noir
774,イクスコート・黒,Manteau Ix noir
775,イクスＦコート・黒,Manteau Ix F noir
776,トランスコイル,Ceinturon Transe
777,トランスＦコイル,Ceinturon Transe F
778,トランスコート,Manteau Transe
779,トランスＦコート,Manteau Transe F
780,ミヅハ【丸帯】SP青,
781,ミヅハ【丸帯】SP赤,
782,ミヅハ【丸帯】SP黄,
783,トヨタマ【丸帯】SP青,
784,トヨタマ【丸帯】SP赤,
785,トヨタマ【丸帯】SP黄,
786,暁丸【腰当て】SP赤,
787,暁丸【腰当て】SP紫,
788,暁丸【腰当て】SP白,
789,凛【腰当て】SP黒,
790,凛【腰当て】SP紫,
791,凛【腰当て】SP白,
792,ハンターＬフォールド,Tassettes Hunter's L
793,キリンＬフープ,
794,モノブロスＬコイル,Ceinturon Monoblos L
795,ディアブロＬコイル,Ceinturon Diablos L
796,グラビドＬフォールド,Tassettes Gravios L
797,ランゴＬフォールド,Tassettes Vespoid L
798,バサルＲフォールド,Tassettes Basarios R
799,Ｇ・ガードＲコート蒼,
800,Ｇ・ガードＲコート蒼,
801,モノデビルＲコイル,Ceinturon Monodevil R
802,タロスＲフォールド,Tassettes Hornetaur R
803,ギザミＲフォールド,Tassettes Ceanataur R
804,ブランゴＬコート,Manteau Blango L
805,ガノスＬコート,Manteau Plesioth L
806,フルフルＲコート,Manteau Khezu R
807,グラビドＲコート,Manteau Gravios R
808,ヴァイスナーベル,
809,ヴァイスガイツ,
810,エスピナＲナーベル,
811,レックスＬコート,Manteau Tigrex L
812,ガンズウエスト,Taille Guns
813,ワイルドウエスト,Taille Sauvage
814,ガンズベルト,Ceinture Guns
815,ワイルドベルト,Ceinture Sauvage
816,エコールウエスト,Taille Ecole
817,ディアンウエスト,Taille Dian
818,エコールベルト,Ceinture Ecole
819,ディアンベルト,Ceinture Dian
820,ＣｏｒｅフォールドＣ,
821,ＣｏｒｅコートＣ,
822,Ｃｏｒｅフォールド,Tassettes Core
823,Ｃｏｒｅコート,Manteau Core
824,アネシスフォールド,Tassettes Aneshisu
825,アネシスコート,Manteau Aneshisu
826,クラージフォールド,Tassettes Kuraaji
827,クラージフォールド改,
828,クラージＦフォールド,Tassettes Kuraaji F
829,クラージコート,Manteau Kuraaji
830,クラージコート改,
831,クラージＦコート,Manteau Kuraaji F
832,キノスフォールド,Tassettes Kinosu
833,ヒメロスフォールド,Tassettes Himeros
834,ブレシスフォールド,Tassettes Bureshisu
835,カリエンコート,Manteau Charien
836,アリエッタウエスト,Taille Arietta
837,テンペストウエスト,Taille Tempête
838,ヴェントベルト,Ceinture Vento
839,ミストラルベルト,
840,アークフォールド,
841,アークコート,
842,リオデュオコイル,Ceinturon Rath
843,リオデュオコート,Manteau Rath
844,シャランベルト・青,Ceinture Sharan bleue
845,シャランＦベルト・青,Ceinture Sharan F bleue
846,シャランポーチ・青,
847,シャランＦポーチ・青,
848,シャランベルト・緑,Ceinture Sharan verte
849,シャランＦベルト・緑,Ceinture Sharan F verte
850,シャランポーチ・緑,
851,シャランＦポーチ・緑,
852,シャランベルト・紫,Ceinture Sharan violette
853,シャランＦベルト・紫,Ceinture Sharan F violette
854,シャランポーチ・紫,
855,シャランＦポーチ・紫,
856,シャランベルト・白,Ceinture Sharan blanche
857,シャランＦベルト・白,Ceinture Sharan F blanche
858,シャランポーチ・白,
859,シャランＦポーチ・白,
860,ルクスベルト,
861,ルクスＦベルト,
862,ルクスポーチ,
863,ルクスＦポーチ,
864,レアルコイル・白,Ceinturon Real blanc
865,レアルＦコイル・白,Ceinturon Real F blanc
866,レアルコート・白,Manteau Real blanc
867,レアルＦコート・白,Manteau Real F blanc
868,レアルコイル・金,Ceinturon Real doré
869,レアルＦコイル・金,Ceinturon Real F doré
870,レアルコート・金,Manteau Real doré
871,レアルＦコート・金,Manteau Real F doré
872,レアルコイル・青,Ceinturon Real bleu
873,レアルＦコイル・青,Ceinturon Real F bleu
874,レアルコート・青,Manteau Real bleu
875,レアルＦコート・青,Manteau Real F bleu
876,レアルコイル・赤,Ceinturon Real rouge
877,レアルＦコイル・赤,Ceinturon Real F rouge
878,レアルコート・赤,Manteau Real rouge
879,レアルＦコート・赤,Manteau Real F rouge
880,レギスコイル,Ceinturon Regis
881,レギスＦコイル,Ceinturon Regis F
882,レギスコート,Manteau Regis
883,レギスＦコート,Manteau Regis F
884,コムラドベルト【葉】,Ceinture Camarade [葉]
885,コムラドベルト【柑】,Ceinture Camarade [柑]
886,コムラドベルト【冷】,Ceinture Camarade [冷]
887,ギザミコートSP赤,
888,ギザミコートSP黒,
889,ギザミコートSP黄,
890,ガブラスベルトSP白,
891,ガブラスベルトSP黄,
892,ガブラスベルトSP黒,
893,Ｇ・ナイトコートSP赤,
894,Ｇ・ナイトコートSP青,
895,Ｇ・ナイトコートSP紫,
896,ＰＶフリルSP赤,
897,ＰＶフリルSP青,
898,ＰＶフリルSP紫,
899,ザザミＬフォールド,Tassettes Hermitaur L
900,ハイメタＬフォールド,
901,スティールＬベルト,Ceinture Acier L
902,ラヴァＬフォールド,Tassettes Lavasioth L
903,ボーンＬフォールド,Tassettes Os L
904,タロスＬフォールド,Tassettes Hornetaur L
905,Ｇ・ガードＲコイル紅,
906,Ｇ・ガードＲコイル紅,
907,ヘルパーＲスカート,
908,バトルＲフォールド,Tassettes Bataille R
909,ガレオスＲフォールド,Tassettes Cephalos R
910,ボーンＲフォールド,Tassettes Os R
911,イーオスＬコート,Manteau Ioprey L
912,ギザミＬコート,Manteau Ceanataur L
913,リオハートＲコート,Manteau Rath R
914,ボーンＲコート,Manteau Os R
915,ブランフォールド,Tassettes Buran
916,シロオビフォールド,
917,神楽【腰当て】,
918,神楽・覇【腰当て】,
919,神座【腰当て】,
920,神座・覇【腰当て】,
921,アスハルテコイル,Ceinturon Ashalt
922,アスハルテコート,Manteau Ashalt
923,ロークフォールド,
924,ロークコート,
925,ソルダートコイル,Ceinturon Soldato
926,ゲイブルコイル,
927,ソルダートコート,Manteau Soldato
928,ゲイブルコート,
929,ウィダコイル,Ceinturon Uida
930,スティーダコイル,
931,ウィダコート,Manteau Uida
932,スティーダコート,
933,アグリアウエスト,Taille Agria
934,フラウアウエスト,Taille Fleur
935,アグリアベルト,Ceinture Agria
936,フラウアベルト,Ceinture Fleur
937,フォーヴウエスト,Taille Fauve
938,フィアスウエスト,Taille Fias
939,フォーヴベルト,Ceinture Fauve
940,フィアスベルト,Ceinture Fias
941,フィデルコイル,
942,フィデルＦコイル,
943,ファクトコイル,
944,ファクトＦコイル,
945,シュロスコイル,
946,シュロスＦコイル,
947,アエトスコート,
948,アエトスＦコート,
949,ヴェルスコイル,
950,ヴェルスＦコイル,
951,フラントコイル,
952,フラントＦコイル,
953,セリューコイル,Ceinturon Serieux
954,セリューＦコイル,Ceinturon Serieux F
955,ウェネスコート,
956,ウェネスＦコート,
957,フェルムコイル・黒,Ceinturon Ferm noir
958,フェルムＦコイル・黒,Ceinturon Ferm F noir
959,フェルムコート・黒,Manteau Ferm noir
960,フェルムＦコート・黒,Manteau Ferm F noir
961,フェルムコイル・赤,Ceinturon Ferm rouge
962,フェルムＦコイル・赤,Ceinturon Ferm F rouge
963,フェルムコート・赤,Manteau Ferm rouge
964,フェルムＦコート・赤,Manteau Ferm F rouge
965,フェルムコイル・白,Ceinturon Ferm blanc
966,フェルムＦコイル・白,Ceinturon Ferm F blanc
967,フェルムコート・白,Manteau Ferm blanc
968,フェルムＦコート・白,Manteau Ferm F blanc
969,フェルムコイル・青,Ceinturon Ferm bleu
970,フェルムＦコイル・青,Ceinturon Ferm F bleu
971,フェルムコート・青,Manteau Ferm bleu
972,フェルムＦコート・青,Manteau Ferm F bleu
973,リエーザコイル,
974,リエーザＦコイル,
975,リエーザコート,
976,リエーザＦコート,
977,クレールコイル・紫,Ceinturon Clair violet
978,クレールＦコイル・紫,Ceinturon Clair F violet
979,クレールコート・紫,Manteau Clair violet
980,クレールＦコート・紫,Manteau Clair F violet
981,クレールコイル・水,
982,クレールＦコイル・水,
983,クレールコート・水,
984,クレールＦコート・水,
985,クレールコイル・赤,Ceinturon Clair rouge
986,クレールＦコイル・赤,Ceinturon Clair F rouge
987,クレールコート・赤,Manteau Clair rouge
988,クレールＦコート・赤,Manteau Clair F rouge
989,クレールコイル・黒,Ceinturon Clair noir
990,クレールＦコイル・黒,Ceinturon Clair F noir
991,クレールコート・黒,Manteau Clair noir
992,クレールＦコート・黒,Manteau Clair F noir
993,デゼールコイル,Ceinturon Désert
994,デゼールＦコイル,Ceinturon Désert F
995,デゼールコート,Manteau Désert
996,デゼールＦコート,Manteau Désert F
997,エンプレスコイルSP赤,
998,エンプレスコイルSP黄,
999,エンプレスコイルSP紫,
1000,エンプレスコートSP赤,
1001,エンプレスコートSP黄,
1002,エンプレスコートSP紫,
1003,ランゴフォールドSP黄,
1004,ランゴフォールドSP黒,
1005,ランゴフォールドSP青,
1006,コムラダＬベルト・赤,Ceinture Comrada L rouge
1007,コムラダＬベルト・青,Ceinture Comrada L bleue
1008,コムラダＬベルト・緑,Ceinture Comrada L verte
1009,コムラダＬベルト・橙,Ceinture Comrada L orange
1010,コムラダＲベルト・赤,Ceinture Comrada R rouge
1011,コムラダＲベルト・青,Ceinture Comrada R bleue
1012,コムラダＲベルト・緑,Ceinture Comrada R verte
1013,コムラダＲベルト・橙,Ceinture Comrada R orange
1014,バトルＬコート,Manteau Bataille L
1015,グラビドＬコート,Manteau Gravios L
1016,ハンターＲコート,Manteau Hunter's R
1017,ランゴＲコート,Manteau Vespoid R
1018,チャチャブウーダ,
1019,チャチャブワンダ,
1020,チャチャブダム,
1021,チャチャブラバ,
1022,ヴィリヴラコイル,
1023,アングリフコイル,Ceinturon Angriff
1024,ヴィリヴラコート,
1025,アングリフコート,Manteau Angriff
1026,シュッツコイル,Ceinturon Schutz
1027,ヒルフェコイル,Ceinturon Hilfe
1028,シュッツコート,Manteau Schutz
1029,ヒルフェコート,Manteau Hilfe
1030,マカルパＲコイル,Ceinturon Makluva R
1031,ラヴィフォールド,Tassettes Raviente
1032,ラヴィＦフォールド,Tassettes Raviente F
1033,ラヴィFXフォールド,Tassettes Raviente FX
1034,ラヴィコート,Manteau Raviente
1035,ラヴィＦコート,Manteau Raviente F
1036,ラヴィFXコート,Manteau Raviente FX
1037,アナキウエスト,
1038,アナキベルト,
1039,ハーヴェストコイル,Ceinturon Moisson
1040,ハーヴェストコート,Manteau Moisson
1041,クラフトコイル,
1042,クラフトＦコイル,
1043,クラフトコート,
1044,クラフトＦコート,
1045,ルディアコイル,Ceinturon Ledia
1046,ルディアＦコイル,Ceinturon Ledia F
1047,ルディアコート,Manteau Ledia
1048,ルディアＦコート,Manteau Ledia F
1049,ティーアウエスト,
1050,ヴィルトウエスト,Taille Viruto
1051,ティーアベルト,
1052,ヴィルトベルト,Ceinture Viruto
1053,ミューズウエスト,
1054,テューンウエスト,
1055,ゼーレベルト,
1056,シュナイトベルト,Ceinture Schnite
1057,アセルスベルト,
1058,アセルスＦベルト,
1059,スクラベルト,
1060,スクラＦベルト,
1061,ファルムベルト,
1062,ファルムＦベルト,
1063,ディゼルポーチ,
1064,ディゼルＦポーチ,
1065,スディブベルト,
1066,スディブＦベルト,
1067,フィブラベルト,
1068,フィブラＦベルト,
1069,リガスベルト,
1070,リガスＦベルト,
1071,ミーツェポーチ,
1072,ミーツェＦポーチ,
1073,メレティコイル・白,Ceinturon Meleti blanc
1074,メレティＦコイル・白,Ceinturon Meleti F blanc
1075,メレティコート・白,Manteau Meleti blanc
1076,メレティＦコート・白,Manteau Meleti F blanc
1077,メレティコイル・赤,Ceinturon Meleti rouge
1078,メレティＦコイル・赤,Ceinturon Meleti F rouge
1079,メレティコート・赤,Manteau Meleti rouge
1080,メレティＦコート・赤,Manteau Meleti F rouge
1081,メレティコイル・青,Ceinturon Meleti bleu
1082,メレティＦコイル・青,Ceinturon Meleti F bleu
1083,メレティコート・青,Manteau Meleti bleu
1084,メレティＦコート・青,Manteau Meleti F bleu
1085,メレティコイル・黒,Ceinturon Meleti noir
1086,メレティＦコイル・黒,Ceinturon Meleti F noir
1087,メレティコート・黒,Manteau Meleti noir
1088,メレティＦコート・黒,Manteau Meleti F noir
1089,ゲレールコイル,
1090,ゲレールＦコイル,
1091,レーラーコイル,
1092,レーラーＦコイル,
1093,フェサーコイル,
1094,フェサーＦコイル,
1095,シアンスコート,
1096,シアンスＦコート,
1097,ゴルトコイル・赤,Ceinturon Gold rouge
1098,ゴルトＦコイル・赤,Ceinturon Gold F rouge
1099,ゴルトコート・赤,Manteau Gold rouge
1100,ゴルトＦコート・赤,Manteau Gold F rouge
1101,ゴルトコイル・青,Ceinturon Gold bleu
1102,ゴルトＦコイル・青,Ceinturon Gold F bleu
1103,ゴルトコート・青,Manteau Gold bleu
1104,ゴルトＦコート・青,Manteau Gold F bleu
1105,ゴルトコイル・黄,Ceinturon Gold jaune
1106,ゴルトＦコイル・黄,Ceinturon Gold F jaune
1107,ゴルトコート・黄,Manteau Gold jaune
1108,ゴルトＦコート・黄,Manteau Gold F jaune
1109,ゴルトコイル・紫,Ceinturon Gold violet
1110,ゴルトＦコイル・紫,Ceinturon Gold F violet
1111,ゴルトコート・紫,Manteau Gold violet
1112,ゴルトＦコート・紫,Manteau Gold F violet
1113,シデロコイル,
1114,シデロＦコイル,
1115,オールコイル,
1116,オールＦコイル,
1117,メタロコイル,
1118,メタロＦコイル,
1119,アルジャコート,
1120,アルジャＦコート,
1121,エスピナFXナーベル,
1122,エスピナFXガイツ,
1123,,
1124,エクストウエスト,
1125,エクストウエストＣ,
1126,エクストコート,
1127,エクストコートＣ,
1128,デスギアナーベルSP白,
1129,デスギアナーベルSP赤,
1130,デスギアナーベルSP青,
1131,ディアブロコイルSP紫,
1132,ディアブロコイルSP青,
1133,ディアブロコイルSP黄,
1134,マカルパコイルSP緑,
1135,マカルパコイルSP青,
1136,マカルパコイルSP黒,
1137,ドラゴンＬテイル,
1138,キリンＬショルト,
1139,ザザミＬコート,Manteau Hermitaur L
1140,ボーンＬコート,Manteau Os L
1141,ランゴＬコート,Manteau Vespoid L
1142,ディアブロＬコート,Manteau Diablos L
1143,Ｇ・ガードＲコート紅,
1144,Ｇ・ガードＲコート紅,
1145,タロスＲコート,Manteau Hornetaur R
1146,ハイメタＲコート,
1147,リオソウルＲコート,Manteau Rath R
1148,ブランゴＬフォールド,Tassettes Blango L
1149,ガノスＬフォールド,Tassettes Plesioth L
1150,グラビドＲフォールド,Tassettes Gravios R
1151,イーオスＲフォールド,Tassettes Ioprey R
1152,稲荷【腰当て】,
1153,稲荷・覇【腰当て】,
1154,玉藻【腰当て】,
1155,玉藻・覇【腰当て】,
1156,コカロフォールド,
1157,コカロコート,
1158,シエリーフォールド,Tassettes Shieri
1159,シエリーＦフォールド,Tassettes Shieri F
1160,シエリーコート,Manteau Shieri
1161,シエリーＦコート,Manteau Shieri F
1162,ハルバダーコイル,Ceinturon Harubadaa
1163,ハルバダーＦコイル,Ceinturon Harubadaa F
1164,トラッカーベルト,Ceinture Traqueur
1165,トラッカーＦベルト,Ceinture Traqueur F
1166,ザーカーコイル,Ceinturon Zaakaa
1167,ザーカーＦコイル,Ceinturon Zaakaa F
1168,チェイサーベルト,Ceinture Poursuivant
1169,チェイサーＦベルト,Ceinture Poursuivant F
1170,ロイヤルコイル,
1171,ロイヤルＦコイル,
1172,ロードベルト,
1173,ロードＦベルト,
1174,ディクトウエスト,Taille Dicto
1175,ディクトＦウエスト,Taille Dicto F
1176,ディレットベルト,Ceinture Diletto
1177,ディレットＦベルト,Ceinture Diletto F
1178,クリュスウエスト,Taille Kruss
1179,クリュスＦウエスト,Taille Kruss F
1180,クォートベルト,
1181,クォートＦベルト,
1182,ウルバヌコイル,
1183,ウルバヌＦコイル,
1184,マグヌスコイル,
1185,マグヌスＦコイル,
1186,ソレルスコイル,
1187,ソレルスＦコイル,
1188,パルフェコート,
1189,パルフェＦコート,
1190,アスティコイル,
1191,アスティＦコイル,
1192,アガトンコイル,
1193,アガトンＦコイル,
1194,ランプロコイル,
1195,ランプロＦコイル,
1196,ソフィスコート,
1197,ソフィスＦコート,
1198,アリストコイル・青,Ceinturon Aristo bleu
1199,アリストＦコイル・青,Ceinturon Aristo F bleu
1200,アリストコート・青,Manteau Aristo bleu
1201,アリストＦコート・青,Manteau Aristo F bleu
1202,アリストコイル・白,Ceinturon Aristo blanc
1203,アリストＦコイル・白,Ceinturon Aristo F blanc
1204,アリストコート・白,Manteau Aristo blanc
1205,アリストＦコート・白,Manteau Aristo F blanc
1206,アリストコイル・紫,Ceinturon Aristo violet
1207,アリストＦコイル・紫,Ceinturon Aristo F violet
1208,アリストコート・紫,Manteau Aristo violet
1209,アリストＦコート・紫,Manteau Aristo F violet
1210,アリストコイル・赤,Ceinturon Aristo rouge
1211,アリストＦコイル・赤,Ceinturon Aristo F rouge
1212,アリストコート・赤,Manteau Aristo rouge
1213,アリストＦコート・赤,Manteau Aristo F rouge
1214,ビリスコイル,
1215,ビリスＦコイル,
1216,ギエールコイル,
1217,ギエールＦコイル,
1218,カウントコイル,
1219,カウントＦコイル,
1220,フュルスコート,
1221,フュルスＦコート,
1222,テクストコイル・紫,Ceinturon Texte violet
1223,テクストＦコイル・紫,Ceinturon Texte F violet
1224,テクストコート・紫,Manteau Texte violet
1225,テクストＦコート・紫,Manteau Texte F violet
1226,テクストコイル・緑,Ceinturon Texte vert
1227,テクストＦコイル・緑,Ceinturon Texte F vert
1228,テクストコート・緑,Manteau Texte vert
1229,テクストＦコート・緑,Manteau Texte F vert
1230,テクストコイル・青,Ceinturon Texte bleu
1231,テクストＦコイル・青,Ceinturon Texte F bleu
1232,テクストコート・青,Manteau Texte bleu
1233,テクストＦコート・青,Manteau Texte F bleu
1234,テクストコイル・黒,Ceinturon Texte noir
1235,テクストＦコイル・黒,Ceinturon Texte F noir
1236,テクストコート・黒,Manteau Texte noir
1237,テクストＦコート・黒,Manteau Texte F noir
1238,パスマコイル,
1239,パスマＦコイル,
1240,フィーブルコイル,
1241,フィーブルＦコイル,
1242,ヴァラクコイル,
1243,ヴァラクＦコイル,
1244,ネウロンコート,
1245,ネウロンＦコート,
1246,アージェコイル,Ceinturon Arge
1247,アージェＦコイル,Ceinturon Arge F
1248,アージェコート,Manteau Arge
1249,アージェＦコート,Manteau Arge F
1250,アカムトイッケクSP黒,
1251,アカムトイッケクSP赤,
1252,アカムトイッケクSP白,
1253,アカムトクッコレSP黒,
1254,アカムトクッコレSP赤,
1255,アカムトクッコレSP白,
1256,グラビドコイルSP黒,
1257,グラビドコイルSP青,
1258,グラビドコイルSP赤,
1259,コンガＬコート,Manteau Conga L
1260,ハンターＬコート,Manteau Hunter's L
1261,ランポスＬコート,Manteau Velociprey L
1262,タロスＬコート,Manteau Hornetaur L
1263,ハイメタＬコート,
1264,ゲネポスＬコート,Manteau Genprey L
1265,ゲネポスＲコート,Manteau Genprey R
1266,クックＲコート,Manteau Kut-Ku R
1267,バサルＲコート,Manteau Basarios R
1268,ガレオスＲコート,Manteau Cephalos R
1269,ゲリョスＲコート,Manteau Gypceros R
1270,ドラゴンＬウイング,
1271,ランポスＬフォールド,Tassettes Velociprey L
1272,ランゴＲフォールド,Tassettes Vespoid R
1273,クックＲフォールド,Tassettes Kut-Ku R
1274,アクラFXフォールド,Tassettes Akura FX
1275,アクラFXコート,Manteau Akura FX
1276,アクラFXフォールド黄,Tassettes Akura FX jaunes
1277,アクラFXコート黄,Manteau Akura FX jaune
1278,アクラFXフォールド蒼,Tassettes Akura FX azur
1279,アクラFXコート蒼,Manteau Akura FX azur
1280,アクラFXフォールド紅,Tassettes Akura FX cramoisies
1281,アクラFXコート紅,Manteau Akura FX cramoisi
1282,アスールＦフォールド,Tassettes Azul F
1283,アスールＦコート,Manteau Azul F
1284,ダミー,
1285,ダミー,
1286,ダミー,
1287,ダミー,
1288,ダミー,
1289,ダミー,
1290,ダミー,
1291,ダミー,
1292,ダミー,
1293,ダミー,
1294,ダミー,
1295,ダミー,
1296,ダミー,
1297,ダミー,
1298,ダミー,
1299,ダミー,
1300,ダミー,
1301,ダミー,
1302,ダミー,
1303,ダミー,
1304,ダミー,
1305,ダミー,
1306,ダミー,
1307,ダミー,
1308,ダミー,
1309,ダミー,
1310,ダミー,
1311,ダミー,
1312,ダミー,
1313,ダミー,
1314,ベルドラフォールド,
1315,ベルドラコート,
1316,ディールフォールド,Tassettes Diru
1317,ディールＦフォールド,Tassettes Diru F
1318,ディールコート,Manteau Diru
1319,ディールＦコート,Manteau Diru F
1320,スフィアコイル,Ceinturon Sufia
1321,スフィアＦコイル,Ceinturon Sufia F
1322,スフィアコート,Manteau Sufia
1323,スフィアＦコート,Manteau Sufia F
1324,スタリナウエスト,Taille Starina
1325,スタリナＦウエスト,Taille Starina F
1326,スタリナベルト,Ceinture Starina
1327,スタリナＦベルト,Ceinture Starina F
1328,ルースウエスト,
1329,ルースＦウエスト,
1330,ルースベルト,
1331,ルースＦベルト,
1332,レイジコイル,Ceinturon Rage
1333,レイジＦコイル,Ceinturon Rage F
1334,レイジコート,Manteau Rage
1335,レイジＦコート,Manteau Rage F
1336,ランページコイル,Ceinturon Déchaînement
1337,ランページＦコイル,Ceinturon Déchaînement F
1338,ランページコート,Manteau Déchaînement
1339,ランページＦコート,Manteau Déchaînement F
1340,ブレイズコイル,Ceinturon Brasier
1341,ブレイズＦコイル,Ceinturon Brasier F
1342,ブレイズコート,Manteau Brasier
1343,ブレイズＦコート,Manteau Brasier F
1344,ファランコイル・白,Ceinturon Faran blanc
1345,ファランＦコイル・白,Ceinturon Faran F blanc
1346,ファランコート・白,Manteau Faran blanc
1347,ファランＦコート・白,Manteau Faran F blanc
1348,ファランコイル・黒,Ceinturon Faran noir
1349,ファランＦコイル・黒,Ceinturon Faran F noir
1350,ファランコート・黒,Manteau Faran noir
1351,ファランＦコート・黒,Manteau Faran F noir
1352,ファランコイル・赤,Ceinturon Faran rouge
1353,ファランＦコイル・赤,Ceinturon Faran F rouge
1354,ファランコート・赤,Manteau Faran rouge
1355,ファランＦコート・赤,Manteau Faran F rouge
1356,ファランコイル・青,Ceinturon Faran bleu
1357,ファランＦコイル・青,Ceinturon Faran F bleu
1358,ファランコート・青,Manteau Faran bleu
1359,ファランＦコート・青,Manteau Faran F bleu
1360,きんねこ服Ｆコイル,
1361,きんねこ服Ｆコート,
1362,ぎんねこ服テイル,
1363,ぎんねこ服Ｆコイル,
1364,ぎんねこ服Ｆコート,
1365,ヴィンウエスト,
1366,ヴィンＦウエスト,
1367,ヴァンデウエスト,
1368,ヴァンデＦウエスト,
1369,デスモウエスト,
1370,デスモＦウエスト,
1371,ミスクベルト,
1372,ミスクＦベルト,
1373,ウーズィウエスト,
1374,ウーズィＦウエスト,
1375,レガーメウエスト,
1376,レガーメＦウエスト,
1377,ノットウエスト,
1378,ノットＦウエスト,
1379,ラソスベルト,
1380,ラソスＦベルト,
1381,レックスコイルSP黒,
1382,レックスコイルSP白,
1383,レックスコイルSP紫,
1384,モノブロスコイルSP黄,
1385,モノブロスコイルSP緑,
1386,モノブロスコイルSP白,
1387,フルフルコートSP黒,
1388,フルフルコートSP緑,
1389,フルフルコートSP青,
1390,ヒプノＬコート,Manteau Hypnoc L
1391,ラヴァＬコート,Manteau Lavasioth L
1392,パピメルＬコクサ,
1393,ガレオスＬコート,Manteau Cephalos L
1394,レイアＬコート,Manteau Rathian L
1395,クックＬコート,Manteau Kut-Ku L
1396,忍の帯・Ｒ,
1397,レザーライトＲベルト,Ceinture Cuir R
1398,エスピナＲガイツ,
1399,ビストロＲエプロン,
1400,アクラＲコート,Manteau Akura R
1401,アクラＲコート黄,Manteau Akura R jaune
1402,アクラＲコート蒼,Manteau Akura R azur
1403,アクラＲコート紅,Manteau Akura R cramoisi
1404,ラヴァＲコート,Manteau Lavasioth R
1405,オウビートＬアンカ,
1406,ゲネポスＬフォールド,Tassettes Genprey L
1407,スティールＲベルト,Ceinture Acier R
1408,アクラＲフォールド,Tassettes Akura R
1409,アクラＲフォールド黄,Tassettes Akura R jaunes
1410,アクラＲフォールド蒼,Tassettes Akura R azur
1411,アクラＲフォールド紅,Tassettes Akura R cramoisies
1412,稲荷・FX【腰当て】,
1413,玉藻・FX【腰当て】,
1414,エクエスFXフォールド,Tassettes Eques FX
1415,エクエスFXコート,Manteau Eques FX
1416,ノワールＦフォールド,
1417,ヒメロスＦフォールド,Tassettes Himeros F
1418,ブレシスＦフォールド,Tassettes Bureshisu F
1419,カリエンＦコート,Manteau Charien F
1420,ハンショクフェイク,
1421,ハンショクＵフェイク,
1422,グレンフォールド,Tassettes Guren
1423,グレンＦフォールド,Tassettes Guren F
1424,グレンコート,Manteau Guren
1425,グレンＦコート,Manteau Guren F
1426,ガーネットコイル,Ceinturon Grenat
1427,ガーネットＦコイル,Ceinturon Grenat F
1428,ガーネットFXコイル,Ceinturon Grenat FX
1429,アメジストコイル,Ceinturon Améthyste
1430,アメジストＦコイル,Ceinturon Améthyste F
1431,アメジストFXコイル,Ceinturon Améthyste FX
1432,コーラルコイル,Ceinturon Corail
1433,コーラルＦコイル,Ceinturon Corail F
1434,コーラルFXコイル,Ceinturon Corail FX
1435,クォーツコイル,
1436,クォーツＦコイル,
1437,クォーツFXコイル,
1438,ルビーコイル,
1439,ルビーＦコイル,
1440,ルビーFXコイル,
1441,サファイアコイル,Ceinturon Saphir
1442,サファイアＦコイル,Ceinturon Saphir F
1443,サファイアFXコイル,Ceinturon Saphir FX
1444,エメラルドコイル,
1445,エメラルドＦコイル,
1446,エメラルドFXコイル,
1447,パールコイル,
1448,パールＦコイル,
1449,パールFXコイル,
1450,トパーズコート,Manteau Topaze
1451,トパーズＦコート,Manteau Topaze F
1452,トパーズFXコート,Manteau Topaze FX
1453,トルマリンコート,
1454,トルマリンＦコート,
1455,トルマリンFXコート,
1456,ラピスコート,Manteau Lapis
1457,ラピスＦコート,Manteau Lapis F
1458,ラピスFXコート,Manteau Lapis FX
1459,ベルFXフォールド,Tassettes Beru FX
1460,ベルFXコート,Manteau Beru FX
1461,アプカルＦフォールド,Tassettes Apkallu F
1462,アプカルＦコート,Manteau Apkallu F
1463,ミクセスフォールド,Tassettes Mixes
1464,ミクセスＦフォールド,Tassettes Mixes F
1465,ミクセスコート,Manteau Mixes
1466,ミクセスＦコート,Manteau Mixes F
1467,アトラコイル,Ceinturon Atra
1468,アトラＦコイル,Ceinturon Atra F
1469,アトラコート,Manteau Atra
1470,アトラＦコート,Manteau Atra F
1471,ミラドウエスト,Taille Mirado
1472,ミラドＦウエスト,Taille Mirado F
1473,ミラドベルト,Ceinture Mirado
1474,ミラドＦベルト,Ceinture Mirado F
1475,デュールフォールド,Tassettes Deyuru
1476,デュールＦフォールド,Tassettes Deyuru F
1477,デュールコート,Manteau Deyuru
1478,デュールＦコート,Manteau Deyuru F
1479,クルシッドコイル,
1480,クルシッドＦコイル,
1481,ヴェロシコイル,
1482,ヴェロシＦコイル,
1483,ケプトコイル,
1484,ケプトＦコイル,
1485,ハウットコート,
1486,ハウットＦコート,
1487,ヴェンガコイル,
1488,ヴェンガＦコイル,
1489,スプリンコイル,
1490,スプリンＦコイル,
1491,マシャルコイル,
1492,マシャルＦコイル,
1493,ペンブルコート,
1494,ペンブルＦコート,
1495,リゲリアコイル・白,Ceinturon Ligeria blanc
1496,リゲリアＦコイル・白,Ceinturon Ligeria F blanc
1497,リゲリアコート・白,Manteau Ligeria blanc
1498,リゲリアＦコート・白,Manteau Ligeria F blanc
1499,リゲリアコイル・赤,Ceinturon Ligeria rouge
1500,リゲリアＦコイル・赤,Ceinturon Ligeria F rouge
1501,リゲリアコート・赤,Manteau Ligeria rouge
1502,リゲリアＦコート・赤,Manteau Ligeria F rouge
1503,リゲリアコイル・緑,Ceinturon Ligeria vert
1504,リゲリアＦコイル・緑,Ceinturon Ligeria F vert
1505,リゲリアコート・緑,Manteau Ligeria vert
1506,リゲリアＦコート・緑,Manteau Ligeria F vert
1507,リゲリアコイル・青,Ceinturon Ligeria bleu
1508,リゲリアＦコイル・青,Ceinturon Ligeria F bleu
1509,リゲリアコート・青,Manteau Ligeria bleu
1510,リゲリアＦコート・青,Manteau Ligeria F bleu
1511,ゴラエスコイル,
1512,ゴラエスＦコイル,
1513,バシリスコイル,
1514,バシリスＦコイル,
1515,インジンコイル,
1516,インジンＦコイル,
1517,デクスタコート,Manteau Dexter
1518,デクスタＦコート,Manteau Dexter F
1519,ジャッグコイル,
1520,ジャッグＦコイル,
1521,コンシラコイル,
1522,コンシラＦコイル,
1523,プレデタコイル,Ceinturon Prédateur
1524,プレデタＦコイル,Ceinturon Prédateur F
1525,プリジドコート,
1526,プリジドＦコート,
1527,スリートコイル・黄,Ceinturon Grésil jaune
1528,スリートＦコイル・黄,Ceinturon Grésil F jaune
1529,スリートコート・黄,Manteau Grésil jaune
1530,スリートＦコート・黄,Manteau Grésil F jaune
1531,スリートコイル・銀,Ceinturon Grésil argenté
1532,スリートＦコイル・銀,Ceinturon Grésil F argenté
1533,スリートコート・銀,Manteau Grésil argenté
1534,スリートＦコート・銀,Manteau Grésil F argenté
1535,スリートコイル・赤,Ceinturon Grésil rouge
1536,スリートＦコイル・赤,Ceinturon Grésil F rouge
1537,スリートコート・赤,Manteau Grésil rouge
1538,スリートＦコート・赤,Manteau Grésil F rouge
1539,スリートコイル・青,Ceinturon Grésil bleu
1540,スリートＦコイル・青,Ceinturon Grésil F bleu
1541,スリートコート・青,Manteau Grésil bleu
1542,スリートＦコート・青,Manteau Grésil F bleu
1543,カマレラコイル,Ceinturon Camarera
1544,カマレラＦコイル,Ceinturon Camarera F
1545,カマレラコート,Manteau Camarera
1546,カマレラＦコート,Manteau Camarera F
1547,ガノスフォールドSP黒,
1548,ガノスフォールドSP黄,
1549,ガノスフォールドSP紫,
1550,ガノスコートSP黒,
1551,ガノスコートSP黄,
1552,ガノスコートSP紫,
1553,ゲリョスコートSP赤,
1554,ゲリョスコートSP黄,
1555,ゲリョスコートSP緑,
1556,祭のあとに【負け犬】,
1557,祭のあとに【負け犬】,
1558,祭のあとに【負け犬】,
1559,祭のあとに【負け犬】,
1560,祭のあとに【負け犬】,
1561,祭のあとに【負け犬】,
1562,祭のあとに【負け犬】,
1563,祭のあとに【負け犬】,
1564,祭のあとに【負け犬】,
1565,祭のあとに【負け犬】,
1566,祭のあとに【負け犬】,
1567,祭のあとに【負け犬】,
1568,祭のあとに【負け犬】,
1569,祭のあとに【負け犬】,
1570,祭のあとに【負け犬】,
1571,祭のあとに【負け犬】,
1572,祭のあとに【負け犬】,
1573,祭のあとに【負け犬】,
1574,祭のあとに【負け犬】,
1575,祭のあとに【負け犬】,
1576,祭のあとに【負け犬】,
1577,祭のあとに【負け犬】,
1578,祭のあとに【負け犬】,
1579,祭のあとに【負け犬】,
1580,祭のあとに【負け犬】,
1581,祭のあとに【負け犬】,
1582,祭のあとに【負け犬】,
1583,祭のあとに【負け犬】,
1584,祭のあとに【負け犬】,
1585,祭のあとに【負け犬】,
1586,祭のあとに【負け犬】,
1587,祭のあとに【負け犬】,
1588,祭のあとに【負け犬】,
1589,祭のあとに【負け犬】,
1590,祭のあとに【負け犬】,
1591,祭のあとに【負け犬】,
1592,祭のあとに【負け犬】,
1593,祭のあとに【負け犬】,
1594,祭のあとに【負け犬】,
1595,祭のあとに【負け犬】,
1596,祭のあとに【負け犬】,
1597,祭のあとに【負け犬】,
1598,祭のあとに【負け犬】,
1599,祭のあとに【負け犬】,
1600,祭のあとに【負け犬】,
1601,祭のあとに【負け犬】,
1602,祭のあとに【負け犬】,
1603,祭のあとに【負け犬】,
1604,祭のあとに【負け犬】,
1605,祭のあとに【負け犬】,
1606,祭のあとに【負け犬】,
1607,祭のあとに【負け犬】,
1608,祭のあとに【負け犬】,
1609,祭のあとに【負け犬】,
1610,祭のあとに【負け犬】,
1611,祭のあとに【負け犬】,
1612,祭のあとに【負け犬】,
1613,祭のあとに【負け犬】,
1614,祭のあとに【負け犬】,
1615,祭のあとに【負け犬】,
1616,祭のあとに【負け犬】,
1617,祭のあとに【負け犬】,
1618,祭のあとに【負け犬】,
1619,祭のあとに【負け犬】,
1620,祭のあとに【負け犬】,
1621,祭のあとに【負け犬】,
1622,祭のあとに【負け犬】,
1623,祭のあとに【負け犬】,
1624,祭のあとに【負け犬】,
1625,祭のあとに【負け犬】,
1626,祭のあとに【負け犬】,
1627,祭のあとに【負け犬】,
1628,祭のあとに【負け犬】,
1629,祭のあとに【負け犬】,
1630,祭のあとに【負け犬】,
1631,祭のあとに【負け犬】,
1632,祭のあとに【負け犬】,
1633,祭のあとに【負け犬】,
1634,祭のあとに【負け犬】,
1635,祭のあとに【負け犬】,
1636,ダミー,
1637,ダミー,
1638,ミラルーツＲウイング,
1639,Ｇ・ルナＲコート,
1640,Ｓ・ソルＲコート,
1641,デスギアＬガイツ,
1642,レザーライトＬベルト,Ceinture Cuir L
1643,Ｃ・ライトＬベルト,
1644,ギザミＲコート,Manteau Ceanataur R
1645,ディアブロＲコート,Manteau Diablos R
1646,ブランゴＲコート,Manteau Blango R
1647,コンガＲフォールド,Tassettes Conga R
1648,コンガＲコート,Manteau Conga R
1649,ヒプノＲコート,Manteau Hypnoc R
1650,モノデビルＲコート,Manteau Monodevil R
1651,フェリフォールド,
1652,フェリＦフォールド,
1653,フェリコート,
1654,フェリＦコート,
1655,テネールウエスト,
1656,テネールＦウエスト,
1657,テネールベルト,
1658,テネールＦベルト,
1659,ロバストアンダ,
1660,ロバストＦアンダ,
1661,ロバストテイル,
1662,ロバストＦテイル,
1663,ククボコイル,Ceinturon Kukubo
1664,ククボＦコイル,Ceinturon Kukubo F
1665,ククボコート,Manteau Kukubo
1666,ククボＦコート,Manteau Kukubo F
1667,ファルコフォールド,Tassettes Falco
1668,ファルコＦフォールド,Tassettes Falco F
1669,ファルココート,Manteau Falco
1670,ファルコＦコート,Manteau Falco F
1671,ヴェスナコイル,
1672,ヴェスナＦコイル,
1673,ベラノコイル,
1674,ベラノＦコイル,
1675,カリフコイル,
1676,カリフＦコイル,
1677,シターコート,
1678,シターＦコート,
1679,コンセトコイル,
1680,コンセトＦコイル,
1681,バステルコイル,
1682,バステルＦコイル,
1683,カタフコイル,
1684,カタフＦコイル,
1685,ハネツァコート,
1686,ハネツァＦコート,
1687,バーニーベルト・黒,Ceinture Barney noire
1688,バーニーＦベルト・黒,Ceinture Barney F noire
1689,バーニーコート・黒,Manteau Barney noir
1690,バーニーＦコート・黒,Manteau Barney F noir
1691,バーニーベルト・白,Ceinture Barney blanche
1692,バーニーＦベルト・白,Ceinture Barney F blanche
1693,バーニーコート・白,Manteau Barney blanc
1694,バーニーＦコート・白,Manteau Barney F blanc
1695,バーニーベルト・赤,Ceinture Barney rouge
1696,バーニーＦベルト・赤,Ceinture Barney F rouge
1697,バーニーコート・赤,Manteau Barney rouge
1698,バーニーＦコート・赤,Manteau Barney F rouge
1699,バーニーベルト・紫,Ceinture Barney violette
1700,バーニーＦベルト・紫,Ceinture Barney F violette
1701,バーニーコート・紫,Manteau Barney violet
1702,バーニーＦコート・紫,Manteau Barney F violet
1703,昇龍黒帯・白,
1704,昇龍Ｆ黒帯・白,
1705,波動黒帯・白,
1706,波動Ｆ黒帯・白,
1707,百裂腰帯・青,
1708,百裂Ｆ腰帯・青,
1709,気功腰帯・青,
1710,気功Ｆ腰帯・青,
1711,昇龍黒帯・紺,
1712,昇龍Ｆ黒帯・紺,
1713,波動黒帯・紺,
1714,波動Ｆ黒帯・紺,
1715,百裂腰帯・黒,
1716,百裂Ｆ腰帯・黒,
1717,気功腰帯・黒,
1718,気功Ｆ腰帯・黒,
1719,昇龍黒帯・黄,
1720,昇龍Ｆ黒帯・黄,
1721,波動黒帯・黄,
1722,波動Ｆ黒帯・黄,
1723,百裂腰帯・黄,
1724,百裂Ｆ腰帯・黄,
1725,気功腰帯・黄,
1726,気功Ｆ腰帯・黄,
1727,昇龍黒帯・紫,
1728,昇龍Ｆ黒帯・紫,
1729,波動黒帯・紫,
1730,波動Ｆ黒帯・紫,
1731,百裂腰帯・緑,
1732,百裂Ｆ腰帯・緑,
1733,気功腰帯・緑,
1734,気功Ｆ腰帯・緑,
1735,ステノアンカー・橙,
1736,ステノＦアンカー・橙,
1737,ステノコート・橙,Manteau Stheno orange
1738,ステノＦコート・橙,Manteau Stheno F orange
1739,ステノアンカー・桃,
1740,ステノＦアンカー・桃,
1741,ステノコート・桃,Manteau Stheno rose
1742,ステノＦコート・桃,Manteau Stheno F rose
1743,ステノアンカー・青,
1744,ステノＦアンカー・青,
1745,ステノコート・青,Manteau Stheno bleu
1746,ステノＦコート・青,Manteau Stheno F bleu
1747,ステノアンカー・赤,
1748,ステノＦアンカー・赤,
1749,ステノコート・赤,Manteau Stheno rouge
1750,ステノＦコート・赤,Manteau Stheno F rouge
1751,ジャンピンベルト,Ceinture Jumpin'
1752,ジャンピンＦベルト,Ceinture Jumpin' F
1753,ジャンピンコート,Manteau Jumpin'
1754,ジャンピンＦコート,Manteau Jumpin' F
1755,アデュスフォールド,
1756,アデュスＦフォールド,
1757,アデュスコート,
1758,アデュスＦコート,
1759,メテネラコイル,Ceinturon Metenera
1760,メテネラＦコイル,Ceinturon Metenera F
1761,メテネラコート,Manteau Metenera
1762,メテネラＦコート,Manteau Metenera F
1763,エクセレフォールド,Tassettes Excelle
1764,エクセレＦフォールド,Tassettes Excelle F
1765,エクセレコート,Manteau Excelle
1766,エクセレＦコート,Manteau Excelle F
1767,プペンフォールド,Tassettes Pupen
1768,プペンＦフォールド,Tassettes Pupen F
1769,プペンコート,Manteau Pupen
1770,プペンＦコート,Manteau Pupen F
1771,モスカバフォールド,
1772,モスカバＦフォールド,
1773,モスカバコート,
1774,モスカバＦコート,
1775,神楽【腰当て】SP赤,
1776,神楽【腰当て】SP黒,
1777,神楽【腰当て】SP紫,
1778,神座【腰当て】SP赤,
1779,神座【腰当て】SP黒,
1780,神座【腰当て】SP紫,
1781,モスヒップSP白,
1782,モスヒップSP黄,
1783,モスヒップSP青,
1784,オウビートＬコクサ,
1785,ヒプノＬフォールド,Tassettes Hypnoc L
1786,コンガＬフォールド,Tassettes Conga L
1787,チェーンＲベルト,Ceinture Chainmail R
1788,ザザミＲコート,Manteau Hermitaur R
1789,ゲリョスＲフォールド,Tassettes Gypceros R
1790,ゲネポスＲフォールド,Tassettes Genprey R
1791,シャッセフォールド,Tassettes Shasse
1792,シャッセコート,Manteau Shasse
1793,ゴスペルＦフォールド,
1794,ゴスペルＦコート,
1795,ルージュＦフォールド,
1796,フレイヤコイル,Ceinturon Freyja
1797,フレイヤコート,Manteau Freyja
1798,パリアFXフォールド,Tassettes Paria FX
1799,パリアFXコート,Manteau Paria FX
1800,グレンFXフォールド,Tassettes Guren FX
1801,グレンFXコート,Manteau Guren FX
1802,ルコウイング,
1803,ルコＦウイング,
1804,ルコテイル,
1805,ルコＦテイル,
1806,ブリッツフープ,
1807,ブリッツショルト,
1808,リルスフォールド,Tassettes Lils
1809,ダミー,
1810,リルスコート,Manteau Lils
1811,ダミー,
1812,神楽FX【腰当て】,
1813,神座FX【腰当て】,
1814,蒼空ノ帯,
1815,蒼空ノ帯・魁,
1816,蒼天ノ帯,
1817,蒼天ノ帯・魁,
1818,ブレオフォールド,Tassettes Breo
1819,ブレオＦフォールド,Tassettes Breo F
1820,ヴィネンウエスト,Taille Vinen
1821,ヴィネンＦウエスト,Taille Vinen F
1822,ヴィネンベルト,Ceinture Vinen
1823,ヴィネンＦベルト,Ceinture Vinen F
1824,アナトリフォールド,
1825,アナトリコート,
1826,エディオコイル・青,Ceinturon Edio bleu
1827,エディオＦコイル・青,Ceinturon Edio F bleu
1828,エディオコート・青,Manteau Edio bleu
1829,エディオＦコート・青,Manteau Edio F bleu
1830,エディオコイル・赤,Ceinturon Edio rouge
1831,エディオＦコイル・赤,Ceinturon Edio F rouge
1832,エディオコート・赤,Manteau Edio rouge
1833,エディオＦコート・赤,Manteau Edio F rouge
1834,エディオコイル・黄,Ceinturon Edio jaune
1835,エディオＦコイル・黄,Ceinturon Edio F jaune
1836,エディオコート・黄,Manteau Edio jaune
1837,エディオＦコート・黄,Manteau Edio F jaune
1838,エディオコイル・黒,Ceinturon Edio noir
1839,エディオＦコイル・黒,Ceinturon Edio F noir
1840,エディオコート・黒,Manteau Edio noir
1841,エディオＦコート・黒,Manteau Edio F noir
1842,アビットコイル,Ceinturon Abitto
1843,アビットＦコイル,Ceinturon Abitto F
1844,アビットコート,Manteau Abitto
1845,アビットＦコート,Manteau Abitto F
1846,ハウクスフォールド,Tassettes Howx
1847,ハウクスＦフォールド,Tassettes Howx F
1848,ハウクスコート,Manteau Howx
1849,ハウクスＦコート,Manteau Howx F
1850,ピラータフォールド,Tassettes Pirata
1851,ピラータＦフォールド,Tassettes Pirata F
1852,ピラータコート,Manteau Pirata
1853,ピラータＦコート,Manteau Pirata F
1854,アレスコイル,
1855,アレスＦコイル,
1856,カリノコイル,
1857,カリノＦコイル,
1858,ルルスコイル,
1859,ルルスＦコイル,
1860,ナーダコート,Manteau Nada
1861,ナーダＦコート,Manteau Nada F
1862,ロサコイル,Ceinturon Rosa
1863,ロサＦコイル,Ceinturon Rosa F
1864,ハオスコイル,Ceinturon Haosu
1865,ハオスＦコイル,Ceinturon Haosu F
1866,ミールコイル,Ceinturon Miru
1867,ミールＦコイル,Ceinturon Miru F
1868,パスコート,Manteau Pasu
1869,パスＦコート,Manteau Pasu F
1870,蘭陀の腰当・黄,
1871,蘭蛮の腰当・黄,
1872,蘭陀の帯・黄,
1873,蘭蛮の帯・黄,
1874,蘭陀の腰当・赤,
1875,蘭蛮の腰当・赤,
1876,蘭陀の帯・赤,
1877,蘭蛮の帯・赤,
1878,蘭陀の腰当・紫,
1879,蘭蛮の腰当・紫,
1880,蘭陀の帯・紫,
1881,蘭蛮の帯・紫,
1882,蘭陀の腰当・金,
1883,蘭蛮の腰当・金,
1884,蘭陀の帯・金,
1885,蘭蛮の帯・金,
1886,竜巻色帯・黒,
1887,竜巻Ｆ色帯・黒,
1888,真空色帯・黒,
1889,真空Ｆ色帯・黒,
1890,千裂腰帯・黒,
1891,千裂Ｆ腰帯・黒,
1892,覇山腰帯・黒,
1893,覇山Ｆ腰帯・黒,
1894,竜巻色帯・茶,
1895,竜巻Ｆ色帯・茶,
1896,真空色帯・茶,
1897,真空Ｆ色帯・茶,
1898,千裂腰帯・紫,
1899,千裂Ｆ腰帯・紫,
1900,覇山腰帯・紫,
1901,覇山Ｆ腰帯・紫,
1902,竜巻色帯・白,
1903,竜巻Ｆ色帯・白,
1904,真空色帯・白,
1905,真空Ｆ色帯・白,
1906,千裂腰帯・白,
1907,千裂Ｆ腰帯・白,
1908,覇山腰帯・白,
1909,覇山Ｆ腰帯・白,
1910,竜巻色帯・青,
1911,竜巻Ｆ色帯・青,
1912,真空色帯・青,
1913,真空Ｆ色帯・青,
1914,千裂腰帯・緑,
1915,千裂Ｆ腰帯・緑,
1916,覇山腰帯・緑,
1917,覇山Ｆ腰帯・緑,
1918,正拳黒帯,
1919,正拳Ｆ黒帯,
1920,灼熱黒帯,
1921,灼熱Ｆ黒帯,
1922,龍星腰帯,
1923,龍星Ｆ腰帯,
1924,虎襲腰帯,
1925,虎襲Ｆ腰帯,
1926,旋風黒帯,
1927,旋風Ｆ黒帯,
1928,巴黒帯,
1929,巴Ｆ黒帯,
1930,天空腰帯,
1931,天空Ｆ腰帯,
1932,天昇腰帯,
1933,天昇Ｆ腰帯,
1934,ジェアムコイル,Ceinturon Jeamu
1935,ジェアムＦコイル,Ceinturon Jeamu F
1936,アミュスコイル,Ceinturon Amyusu
1937,アミュスＦコイル,Ceinturon Amyusu F
1938,クレバンコイル,Ceinturon Clevan
1939,クレバンＦコイル,Ceinturon Clevan F
1940,メテロスコート,Manteau Meterosu
1941,メテロスＦコート,Manteau Meterosu F
1942,シプレルコイル,Ceinturon Shipureru
1943,シプレルＦコイル,Ceinturon Shipureru F
1944,トレスパコイル,Ceinturon Toresupa
1945,トレスパＦコイル,Ceinturon Toresupa F
1946,ステラルコイル,Ceinturon Suteraru
1947,ステラルＦコイル,Ceinturon Suteraru F
1948,ハキュラコート,Manteau Hakyura
1949,ハキュラＦコート,Manteau Hakyura F
1950,オルテモＦコイル,Ceinturon Orutemo F
1951,オルテモＦコート,Manteau Orutemo F
1952,忍の帯・陰SP黄,
1953,忍の帯・陰SP赤,
1954,忍の帯・陰SP青,
1955,ＫロブスタコイルSP黒,
1956,ＫロブスタコイルSP緑,
1957,ＫロブスタコイルSP青,
1958,ＫロブスタコートSP黒,
1959,ＫロブスタコートSP緑,
1960,ＫロブスタコートSP青,
1961,アネシスＦフォールド,Tassettes Aneshisu F
1962,アネシスＦコート,Manteau Aneshisu F
1963,ブランＦフォールド,Tassettes Buran F
1964,ツヴィンガコイル,Ceinturon Zwinger
1965,ツヴィンガコート,Manteau Zwinger
1966,鬼神ノ虎布・魁,
1967,童子ノ虎布・魁,
1968,メランＦフォールド,Tassettes Melan F
1969,メランＦコート,Manteau Melan F
1970,ブートＦウエスト,Taille Buto F
1971,ヒメロスFXフォールド,Tassettes Himeros FX
1972,カリエンFXコート,Manteau Charien FX
1973,ブレシスFXフォールド,Tassettes Bureshisu FX
1974,レウスLXフォールド,Tassettes Rathalos LX
1975,リオソウルRXコイル,Ceinturon Rath RX
1976,フルフルLXフォールド,Tassettes Khezu LX
1977,フルフルRXフォールド,Tassettes Khezu RX
1978,ハイメタLXフォールド,
1979,ハイメタRXフォールド,
1980,タロスLXコート,Manteau Hornetaur LX
1981,タロスRXコート,Manteau Hornetaur RX
1982,ベルドラＲフォールド,
1983,ベルドラＲコート,
1984,フレイムコイル,Ceinturon Flamme
1985,フレイムコート,Manteau Flamme
1986,夕焼ノ帯,
1987,夕茜ノ帯,
1988,プーギーヒップ,
1989,プーギーＦヒップ,
1990,プーギーナプキン,
1991,プーギーＦナプキン,
1992,マンドラコイル,Ceinturon Mandora
1993,マンドラＦコイル,Ceinturon Mandora F
1994,マンドラコート,Manteau Mandora
1995,マンドラＦコート,Manteau Mandora F
1996,アオノココイル,Ceinturon Aonoko
1997,アオノコＦコイル,Ceinturon Aonoko F
1998,アオノココート,Manteau Aonoko
1999,アオノコＦコート,Manteau Aonoko F
2000,ゼロイフォールド,Tassettes Zeroi
2001,ゼロイＦフォールド,Tassettes Zeroi F
2002,ゼロイコート,Manteau Zeroi
2003,ゼロイＦコート,Manteau Zeroi F
2004,レイルコイル,
2005,レイルＦコイル,
2006,レイルコート,
2007,レイルＦコート,
2008,ルデオスフォールド,Tassettes Rudeos
2009,ルデオスＦフォールド,Tassettes Rudeos F
2010,ルデオスコート,Manteau Rudeos
2011,ルデオスＦコート,Manteau Rudeos F
2012,オルケシスコイル,Ceinturon Orchesis
2013,オルケシスＦコイル,Ceinturon Orchesis F
2014,オルケシスコート,Manteau Orchesis
2015,オルケシスＦコート,Manteau Orchesis F
2016,フルイトフォールド,
2017,フルイトＦフォールド,
2018,ゲレオンフォールド,
2019,ゲレオンＦフォールド,
2020,ケックフォールド,
2021,ケックＦフォールド,
2022,ヘンフロコート,
2023,ヘンフロＦコート,
2024,フリゲトフォールド,
2025,フリゲトＦフォールド,
2026,バークフォールド,
2027,バークＦフォールド,
2028,ブリガンフォールド,
2029,ブリガンＦフォールド,
2030,プラムコート,
2031,プラムＦコート,
2032,マイストコイル・紅,Ceinturon Maist cramoisi
2033,マイストＦコイル・紅,Ceinturon Maist F cramoisi
2034,マイストコート・紅,Manteau Maist cramoisi
2035,マイストＦコート・紅,Manteau Maist F cramoisi
2036,マイストコイル・緑,Ceinturon Maist vert
2037,マイストＦコイル・緑,Ceinturon Maist F vert
2038,マイストコート・緑,Manteau Maist vert
2039,マイストＦコート・緑,Manteau Maist F vert
2040,マイストコイル・蒼,Ceinturon Maist azur
2041,マイストＦコイル・蒼,Ceinturon Maist F azur
2042,マイストコート・蒼,Manteau Maist azur
2043,マイストＦコート・蒼,Manteau Maist F azur
2044,マイストコイル・桜,
2045,マイストＦコイル・桜,
2046,マイストコート・桜,
2047,マイストＦコート・桜,
2048,ワグネコイル,Ceinturon Wagune
2049,ワグネＦコイル,Ceinturon Wagune F
2050,ワグネコート,Manteau Wagune
2051,ワグネＦコート,Manteau Wagune F
2052,ピスティスＦコイル,Ceinturon Pistis F
2053,ピスティスＦコート,Manteau Pistis F
2054,ヒプノコイルSP緑,
2055,ヒプノコイルSP赤,
2056,ヒプノコイルSP黄,
2057,ベルフォールドSP黒,
2058,ベルフォールドSP赤,
2059,ベルフォールドSP紫,
2060,ベルコートSP黒,
2061,ベルコートSP赤,
2062,ベルコートSP紫,
2063,ルルディコイル,Ceinturon Rurudi
2064,ルルディコート,Manteau Rurudi
2065,アークＦフォールド,
2066,アークＦコート,
2067,ストレガFXフォールド,Tassettes Strega FX
2068,ストレガFXコート,Manteau Strega FX
2069,リオハートRXコイル,Ceinturon Rath RX
2070,レイアLXフォールド,Tassettes Rathian LX
2071,ランゴRXコート,Manteau Vespoid RX
2072,ランゴLXコート,Manteau Vespoid LX
2073,ザザミRXフォールド,Tassettes Hermitaur RX
2074,ザザミLXフォールド,Tassettes Hermitaur LX
2075,ディアブロRXコイル,Ceinturon Diablos RX
2076,ディアブロLXコイル,Ceinturon Diablos LX
2077,リリオコイル,
2078,フレサコイル,
2079,クラベルコイル,
2080,シルエラコイル,
2081,カメリアコイル,
2082,ハシントコイル,
2083,セレソコイル,
2084,オリバコイル,
2085,ラウレルコート,
2086,コココート,
2087,グラナダコート,
2088,アトロウエスト,
2089,アトロＦウエスト,
2090,アトロベルト,
2091,アトロＦベルト,
2092,ゴゴフォールド,Tassettes Gogomoa
2093,ゴゴＦフォールド,Tassettes Gogomoa F
2094,ゴゴコート,Manteau Gogomoa
2095,ゴゴＦコート,Manteau Gogomoa F
2096,ワダツミ【丸帯】,
2097,オカミ【丸帯】,
2098,ディーナウエスト,Taille Diina
2099,ディーナＦウエスト,Taille Diina F
2100,絶影ノ帯,
2101,絶影ノ帯・魁,
2102,翔影ノ帯,
2103,翔影ノ帯・魁,
2104,黒虎ノ帯,
2105,黒豹ノ帯,
2106,刹帝利ノ虎布,
2107,婆羅門ノ虎布,
2108,ガリトスベルト・茶,Ceinture Garitos brune
2109,ガリトスＦベルト・茶,Ceinture Garitos F brune
2110,ガリトスコート・茶,Manteau Garitos brun
2111,ガリトスＦコート・茶,Manteau Garitos F brun
2112,ガリトスベルト・赤,Ceinture Garitos rouge
2113,ガリトスＦベルト・赤,Ceinture Garitos F rouge
2114,ガリトスコート・赤,Manteau Garitos rouge
2115,ガリトスＦコート・赤,Manteau Garitos F rouge
2116,ガリトスベルト・黒,Ceinture Garitos noire
2117,ガリトスＦベルト・黒,Ceinture Garitos F noire
2118,ガリトスコート・黒,Manteau Garitos noir
2119,ガリトスＦコート・黒,Manteau Garitos F noir
2120,ガリトスベルト・水,
2121,ガリトスＦベルト・水,
2122,ガリトスコート・水,
2123,ガリトスＦコート・水,
2124,リブリーコイル,Ceinturon Riburi
2125,リブリーＦコイル,Ceinturon Riburi F
2126,リブリーFZコイル,Ceinturon Riburi FZ
2127,リブリーコート,Manteau Riburi
2128,リブリーＦコート,Manteau Riburi F
2129,リブリーFZコート,Manteau Riburi FZ
2130,リーデレコイル,Ceinturon Ridere
2131,リーデレＦコイル,Ceinturon Ridere F
2132,リーデレコート,Manteau Ridere
2133,リーデレＦコート,Manteau Ridere F
2134,リエットフォールド,Tassettes Émeute
2135,リエットＦフォールド,Tassettes Émeute F
2136,リエットコート,Manteau Émeute
2137,リエットＦコート,Manteau Émeute F
2138,スケイナフォールド,
2139,スケイナＦフォールド,
2140,ミッシナフォールド,
2141,ミッシナＦフォールド,
2142,プリースフォールド,
2143,プリースＦフォールド,
2144,レキトリコート,
2145,レキトリＦコート,
2146,マドニカフォールド,
2147,マドニカＦフォールド,
2148,ヴィリヤフォールド,
2149,ヴィリヤＦフォールド,
2150,ラプラルフォールド,
2151,ラプラルＦフォールド,
2152,サザールコート,
2153,サザールＦコート,
2154,トラスベルト青,Ceinture Truss bleue
2155,トラスＦベルト青,Ceinture Truss F bleue
2156,トラスサッシュ青,
2157,トラスＦサッシュ青,
2158,トラスベルト赤,Ceinture Truss rouge
2159,トラスＦベルト赤,Ceinture Truss F rouge
2160,トラスサッシュ赤,
2161,トラスＦサッシュ赤,
2162,トラスベルト白,Ceinture Truss blanche
2163,トラスＦベルト白,Ceinture Truss F blanche
2164,トラスサッシュ白,
2165,トラスＦサッシュ白,
2166,トラスベルト紫,Ceinture Truss violette
2167,トラスＦベルト紫,Ceinture Truss F violette
2168,トラスサッシュ紫,
2169,トラスＦサッシュ紫,
2170,デモンコート青,Manteau Démon bleu
2171,デモンＦコート青,Manteau Démon F bleu
2172,カオスコート青,Manteau Chaos bleu
2173,カオスＦコート青,Manteau Chaos F bleu
2174,デモンコート赤,Manteau Démon rouge
2175,デモンＦコート赤,Manteau Démon F rouge
2176,カオスコート赤,Manteau Chaos rouge
2177,カオスＦコート赤,Manteau Chaos F rouge
2178,デモンコート緑,Manteau Démon vert
2179,デモンＦコート緑,Manteau Démon F vert
2180,カオスコート緑,Manteau Chaos vert
2181,カオスＦコート緑,Manteau Chaos F vert
2182,デモンコート白,Manteau Démon blanc
2183,デモンＦコート白,Manteau Démon F blanc
2184,カオスコート白,Manteau Chaos blanc
2185,カオスＦコート白,Manteau Chaos F blanc
2186,シャドウウイング紫,
2187,シャドウＦウイング紫,
2188,ソウルウイング紫,
2189,ソウルＦウイング紫,
2190,シャドウウイング赤,
2191,シャドウＦウイング赤,
2192,ソウルウイング赤,
2193,ソウルＦウイング赤,
2194,シャドウウイング緑,
2195,シャドウＦウイング緑,
2196,ソウルウイング緑,
2197,ソウルＦウイング緑,
2198,シャドウウイング白,
2199,シャドウＦウイング白,
2200,ソウルウイング白,
2201,ソウルＦウイング白,
2202,フィディフォールド,
2203,エピディフォールド,
2204,ヴェルフィフォールド,
2205,ヴェルフィコート,
2206,テリオグフォールド,
2207,テリオグコート,
2208,クロッスコイル,Ceinturon Kurossu
2209,クロッスＦコイル,Ceinturon Kurossu F
2210,クロッスコート,Manteau Kurossu
2211,クロッスＦコート,Manteau Kurossu F
2212,シエリーFXフォールド,Tassettes Shieri FX
2213,シエリーFXコート,Manteau Shieri FX
2214,クラフトFXコイル,
2215,クラフトFXコート,
2216,モスカバFXフォールド,
2217,モスカバFXコート,
2218,エクセレFXフォールド,Tassettes Excelle FX
2219,エクセレFXコート,Manteau Excelle FX
2220,蒼空ノ帯・真,
2221,蒼天ノ帯・真,
2222,ビステマコート,
2223,リオデュオＦコイル,Ceinturon Rath F
2224,リオデュオＦコート,Manteau Rath F
2225,ロークＦフォールド,
2226,ロークＦコート,
2227,ブルホＦコイル・青,
2228,マーギアＦコート・青,
2229,ゴゴFXフォールド,Tassettes Gogomoa FX
2230,ゴゴFXコート,Manteau Gogomoa FX
2231,クラージFXフォールド,Tassettes Kuraaji FX
2232,クラージFXコート,Manteau Kuraaji FX
2233,ザーカーFXコイル,Ceinturon Zaakaa FX
2234,チェイサーFXベルト,Ceinture Poursuivant FX
2235,アビットFZコイル,Ceinturon Abitto FZ
2236,アビットFZコート,Manteau Abitto FZ
2237,アージェFZコイル,Ceinturon Arge FZ
2238,アージェFZコート,Manteau Arge FZ
2239,カマレラFZコイル,Ceinturon Camarera FZ
2240,カマレラFZコート,Manteau Camarera FZ
2241,メテネラFZコイル,Ceinturon Metenera FZ
2242,メテネラFZコート,Manteau Metenera FZ
2243,ルコFXウイング,
2244,ルコFXテイル,
2245,ザムザフォールド,Tassettes Zamuza
2246,ザムザＦフォールド,Tassettes Zamuza F
2247,ザムザFXフォールド,Tassettes Zamuza FX
2248,ザムザコート,Manteau Zamuza
2249,ザムザＦコート,Manteau Zamuza F
2250,ザムザFXコート,Manteau Zamuza FX
2251,アビオフォールド,Tassettes Abiorugu
2252,アビオＦフォールド,Tassettes Abiorugu F
2253,アビオFXフォールド,Tassettes Abiorugu FX
2254,アビオコート,Manteau Abiorugu
2255,アビオＦコート,Manteau Abiorugu F
2256,アビオFXコート,Manteau Abiorugu FX
2257,クロオビコイルSP白,
2258,クロオビコイルSP黒,
2259,クロオビコイルSP青,
2260,アプカルコイルSP白,
2261,アプカルコイルSP緑,
2262,アプカルコイルSP黄,
2263,ガレオスLXフォールド,Tassettes Cephalos LX
2264,ブランゴLXフォールド,Tassettes Blango LX
2265,グラビドLXフォールド,Tassettes Gravios LX
2266,ボーンLXコート,Manteau Os LX
2267,ガレオスRXフォールド,Tassettes Cephalos RX
2268,ブランゴRXフォールド,Tassettes Blango RX
2269,グラビドRXフォールド,Tassettes Gravios RX
2270,ボーンRXコート,Manteau Os RX
2271,白蛇ノ帯,
2272,白蛇ノ帯・魁,
2273,白鳥ノ帯,
2274,白鳥ノ帯・魁,
2275,カカブコイル,Ceinturon Kakabu
2276,カカブコート,Manteau Kakabu
2277,オネロフォールド,Tassettes Onero
2278,オネロコート,Manteau Onero
2279,ジャガーフォールド,Tassettes Jyaga
2280,ジャガーコート,Manteau Jyaga
2281,オメットコイル・黒,Ceinturon Omet noir
2282,オメットＦコイル・黒,Ceinturon Omet F noir
2283,オメットコート・黒,Manteau Omet noir
2284,オメットＦコート・黒,Manteau Omet F noir
2285,オメットコイル・赤,Ceinturon Omet rouge
2286,オメットＦコイル・赤,Ceinturon Omet F rouge
2287,オメットコート・赤,Manteau Omet rouge
2288,オメットＦコート・赤,Manteau Omet F rouge
2289,オメットコイル・白,Ceinturon Omet blanc
2290,オメットＦコイル・白,Ceinturon Omet F blanc
2291,オメットコート・白,Manteau Omet blanc
2292,オメットＦコート・白,Manteau Omet F blanc
2293,オメットコイル・青,Ceinturon Omet bleu
2294,オメットＦコイル・青,Ceinturon Omet F bleu
2295,オメットコート・青,Manteau Omet bleu
2296,オメットＦコート・青,Manteau Omet F bleu
2297,ルターレフォールド,Tassettes Rutare
2298,ルターレＦフォールド,Tassettes Rutare F
2299,ルターレコート,Manteau Rutare
2300,ルターレＦコート,Manteau Rutare F
2301,流転の腰当て,
2302,流転の腰当て・魁,
2303,旋転の腰当て,
2304,旋転の腰当て・魁,
2305,厳岩の腰当て,
2306,厳岩の腰当て・魁,
2307,不破の腰当て,
2308,不破の腰当て・魁,
2309,無想の腰当て,
2310,無想の腰当て・魁,
2311,俊激の帯,
2312,俊激の帯・魁,
2313,スイフドコイル,Ceinturon Suifudo
2314,スイフドＦコイル,Ceinturon Suifudo F
2315,メロデスコイル,Ceinturon Merodesu
2316,メロデスＦコイル,Ceinturon Merodesu F
2317,スマトスコイル,Ceinturon Sumatosu
2318,スマトスＦコイル,Ceinturon Sumatosu F
2319,パッシオコート,Manteau Passhio
2320,パッシオＦコート,Manteau Passhio F
2321,カウチュコイル・灰,
2322,カウチュＦコイル・灰,
2323,カウチュコート・灰,
2324,カウチュＦコート・灰,
2325,カウチュコイル・青,Ceinturon Kauchu bleu
2326,カウチュＦコイル・青,Ceinturon Kauchu F bleu
2327,カウチュコート・青,Manteau Kauchu bleu
2328,カウチュＦコート・青,Manteau Kauchu F bleu
2329,カウチュコイル・橙,Ceinturon Kauchu orange
2330,カウチュＦコイル・橙,Ceinturon Kauchu F orange
2331,カウチュコート・橙,Manteau Kauchu orange
2332,カウチュＦコート・橙,Manteau Kauchu F orange
2333,カウチュコイル・緑,Ceinturon Kauchu vert
2334,カウチュＦコイル・緑,Ceinturon Kauchu F vert
2335,カウチュコート・緑,Manteau Kauchu vert
2336,カウチュＦコート・緑,Manteau Kauchu F vert
2337,ジストレルＦウエスト,Taille Jisutoreru F
2338,リサーザＦコイル,Ceinturon Risaaza F
2339,リサーザＦコート,Manteau Risaaza F
2340,テクストFZコイル・紫,Ceinturon Texte FZ violet
2341,テクストFZコイル・緑,Ceinturon Texte FZ vert
2342,テクストFZコイル・青,Ceinturon Texte FZ bleu
2343,テクストFZコイル・黒,Ceinturon Texte FZ noir
2344,テクストFZコート・紫,Manteau Texte FZ violet
2345,テクストFZコート・緑,Manteau Texte FZ vert
2346,テクストFZコート・青,Manteau Texte FZ bleu
2347,テクストFZコート・黒,Manteau Texte FZ noir
2348,スリートFZコイル・黄,Ceinturon Grésil FZ jaune
2349,スリートFZコイル・銀,Ceinturon Grésil FZ argenté
2350,スリートFZコイル・赤,Ceinturon Grésil FZ rouge
2351,スリートFZコイル・青,Ceinturon Grésil FZ bleu
2352,スリートFZコート・黄,Manteau Grésil FZ jaune
2353,スリートFZコート・銀,Manteau Grésil FZ argenté
2354,スリートFZコート・赤,Manteau Grésil FZ rouge
2355,スリートFZコート・青,Manteau Grésil FZ bleu
2356,ステノFZアンカー・橙,
2357,ステノFZアンカー・桃,
2358,ステノFZアンカー・青,
2359,ステノFZアンカー・赤,
2360,ステノFZコート・橙,Manteau Stheno FZ orange
2361,ステノFZコート・桃,Manteau Stheno FZ rose
2362,ステノFZコート・青,Manteau Stheno FZ bleu
2363,ステノFZコート・赤,Manteau Stheno FZ rouge
2364,エディオFZコイル・青,Ceinturon Edio FZ bleu
2365,エディオFZコイル・赤,Ceinturon Edio FZ rouge
2366,エディオFZコイル・黄,Ceinturon Edio FZ jaune
2367,エディオFZコイル・黒,Ceinturon Edio FZ noir
2368,エディオFZコート・青,Manteau Edio FZ bleu
2369,エディオFZコート・赤,Manteau Edio FZ rouge
2370,エディオFZコート・黄,Manteau Edio FZ jaune
2371,エディオFZコート・黒,Manteau Edio FZ noir
2372,ガリトスFZベルト・茶,Ceinture Garitos FZ brune
2373,ガリトスFZベルト・赤,Ceinture Garitos FZ rouge
2374,ガリトスFZベルト・黒,Ceinture Garitos FZ noire
2375,ガリトスFZベルト・水,
2376,ガリトスFZコート・茶,Manteau Garitos FZ brun
2377,ガリトスFZコート・赤,Manteau Garitos FZ rouge
2378,ガリトスFZコート・黒,Manteau Garitos FZ noir
2379,ガリトスFZコート・水,
2380,ベイルＦリフレクサー,
2381,ダミー,
2382,ジェスフォールド,Tassettes Jess
2383,ジェスＦフォールド,Tassettes Jess F
2384,ジェスFYフォールド,Tassettes Jess FY
2385,ジェスHCフォールド,Tassettes Jess HC
2386,ジェスコート,Manteau Jess
2387,ジェスＦコート,Manteau Jess F
2388,ジェスFYコート,Manteau Jess FY
2389,ジェスHCコート,Manteau Jess HC
2390,エクエスHCフォールド,Tassettes Eques HC
2391,エクエスHCコート,Manteau Eques HC
2392,クラージHCフォールド,Tassettes Kuraaji HC
2393,クラージHCコート,Manteau Kuraaji HC
2394,メランFYフォールド,Tassettes Melan FY
2395,メランHCフォールド,Tassettes Melan HC
2396,メランFYコート,Manteau Melan FY
2397,メランHCコート,Manteau Melan HC
2398,ハルバダーFYコイル,Ceinturon Harubadaa FY
2399,ハルバダーHCコイル,Ceinturon Harubadaa HC
2400,トラッカーFYベルト,Ceinture Traqueur FY
2401,トラッカーHCベルト,Ceinture Traqueur HC
2402,オメットFZコイル・黒,Ceinturon Omet FZ noir
2403,オメットFZコート・黒,Manteau Omet FZ noir
2404,オメットFZコイル・赤,Ceinturon Omet FZ rouge
2405,オメットFZコート・赤,Manteau Omet FZ rouge
2406,オメットFZコイル・白,Ceinturon Omet FZ blanc
2407,オメットFZコート・白,Manteau Omet FZ blanc
2408,オメットFZコイル・青,Ceinturon Omet FZ bleu
2409,オメットFZコート・青,Manteau Omet FZ bleu
2410,カウチュFZコイル・灰,
2411,カウチュFZコート・灰,
2412,カウチュFZコイル・青,Ceinturon Kauchu FZ bleu
2413,カウチュFZコート・青,Manteau Kauchu FZ bleu
2414,カウチュFZコイル・橙,Ceinturon Kauchu FZ orange
2415,カウチュFZコート・橙,Manteau Kauchu FZ orange
2416,カウチュFZコイル・緑,Ceinturon Kauchu FZ vert
2417,カウチュFZコート・緑,Manteau Kauchu FZ vert
2418,カウチュHCコイル・灰,
2419,カウチュHCコート・灰,
2420,カウチュHCコイル・青,Ceinturon Kauchu HC bleu
2421,カウチュHCコート・青,Manteau Kauchu HC bleu
2422,カウチュHCコイル・橙,Ceinturon Kauchu HC orange
2423,カウチュHCコート・橙,Manteau Kauchu HC orange
2424,カウチュHCコイル・緑,Ceinturon Kauchu HC vert
2425,カウチュHCコート・緑,Manteau Kauchu HC vert
2426,ガウスFZコイル,Ceinturon Gauss FZ
2427,ウェーバFZコイル,Ceinturon Weber FZ
2428,ギルバートFZコイル,Ceinturon Gilbert FZ
2429,ガウスFZコート,Manteau Gauss FZ
2430,ウェーバFZコート,Manteau Weber FZ
2431,ギルバートFZコート,Manteau Gilbert FZ
2432,ガウスHCコイル,Ceinturon Gauss HC
2433,ウェーバHCコイル,Ceinturon Weber HC
2434,ギルバートHCコイル,Ceinturon Gilbert HC
2435,ガウスHCコート,Manteau Gauss HC
2436,ウェーバHCコート,Manteau Weber HC
2437,ギルバートHCコート,Manteau Gilbert HC
2438,シャランFZベルト・青,Ceinture Sharan FZ bleue
2439,シャランHCベルト・青,Ceinture Sharan HC bleue
2440,シャランFZポーチ・青,
2441,シャランHCポーチ・青,
2442,シャランFZベルト・緑,Ceinture Sharan FZ verte
2443,シャランHCベルト・緑,Ceinture Sharan HC verte
2444,シャランFZポーチ・緑,
2445,シャランHCポーチ・緑,
2446,シャランFZベルト・紫,Ceinture Sharan FZ violette
2447,シャランHCベルト・紫,Ceinture Sharan HC violette
2448,シャランFZポーチ・紫,
2449,シャランHCポーチ・紫,
2450,シャランFZベルト・白,Ceinture Sharan FZ blanche
2451,シャランHCベルト・白,Ceinture Sharan HC blanche
2452,シャランFZポーチ・白,
2453,シャランHCポーチ・白,
2454,ダミー,
2455,ダミー,
2456,ダミー,
2457,ダミー,
2458,ダミー,
2459,ダミー,
2460,ダミー,
2461,ダミー,
2462,ダミー,
2463,ダミー,
2464,ダミー,
2465,ダミー,
2466,ダミー,
2467,ダミー,
2468,ダミー,
2469,ダミー,
2470,ダミー,
2471,ダミー,
2472,ダミー,
2473,ダミー,
2474,ダミー,
2475,クアルフォールド,Tassettes Kuaru
2476,クアルＦフォールド,Tassettes Kuaru F
2477,クアルFXフォールド,Tassettes Kuaru FX
2478,クアルコート,Manteau Kuaru
2479,クアルＦコート,Manteau Kuaru F
2480,クアルFXコート,Manteau Kuaru FX
2481,ウィンドアンダ,
2482,ウィンドアドミ,
2483,ルコウイングSP白,
2484,ルコウイングSP青,
2485,ルコウイングSP赤,
2486,ルコテイルSP白,
2487,ルコテイルSP青,
2488,ルコテイルSP赤,
2489,コムラダベルトSP白赤,
2490,コムラダベルトSP白青,
2491,コムラダベルトSP白黄,
2492,ルベライトコイル,Ceinturon Rubellite
2493,ルベライトＦコイル,Ceinturon Rubellite F
2494,ルベライトFXコイル,Ceinturon Rubellite FX
2495,ラズライトコイル,Ceinturon Lazurite
2496,ラズライトＦコイル,Ceinturon Lazurite F
2497,ラズライトFXコイル,Ceinturon Lazurite FX
2498,ジルコンコイル,
2499,ジルコンＦコイル,
2500,ジルコンFXコイル,
2501,スピネルコイル,Ceinturon Spinel
2502,スピネルＦコイル,Ceinturon Spinel F
2503,スピネルFXコイル,Ceinturon Spinel FX
2504,パイローブコイル,Ceinturon Pyrope
2505,パイローブＦコイル,Ceinturon Pyrope F
2506,パイローブFXコイル,Ceinturon Pyrope FX
2507,アイオラコイル,Ceinturon Iolite
2508,アイオラＦコイル,Ceinturon Iolite F
2509,アイオラFXコイル,Ceinturon Iolite FX
2510,ジェイドコイル,
2511,ジェイドＦコイル,
2512,ジェイドFXコイル,
2513,アゲートコイル,
2514,アゲートＦコイル,
2515,アゲートFXコイル,
2516,シトリンコート,Manteau Citrine
2517,シトリンＦコート,Manteau Citrine F
2518,シトリンFXコート,Manteau Citrine FX
2519,ペリドットコート,Manteau Peridot
2520,ペリドットＦコート,Manteau Peridot F
2521,ペリドットFXコート,Manteau Peridot FX
2522,ターコイズコート,
2523,ターコイズＦコート,
2524,ターコイズFXコート,
2525,納言ノ帯,
2526,納言ノ帯・魁,
2527,納言ノ帯・粋,
2528,納言ノ帯・華,
2529,式部ノ帯,
2530,式部ノ帯・魁,
2531,式部ノ帯・粋,
2532,式部ノ帯・華,
2533,アルルコイル,Ceinturon Aruru
2534,アルルＦコイル,Ceinturon Aruru F
2535,アルルFYコイル,Ceinturon Aruru FY
2536,アルルHCコイル,Ceinturon Aruru HC
2537,アルルコート,Manteau Aruru
2538,アルルＦコート,Manteau Aruru F
2539,アルルFYコート,Manteau Aruru FY
2540,アルルHCコート,Manteau Aruru HC
2541,オーロワフォールド,Tassettes Oorowa
2542,オーロワＦフォールド,Tassettes Oorowa F
2543,オーロワFYフォールド,Tassettes Oorowa FY
2544,オーロワHCフォールド,Tassettes Oorowa HC
2545,オーロワコート,Manteau Oorowa
2546,オーロワＦコート,Manteau Oorowa F
2547,オーロワFYコート,Manteau Oorowa FY
2548,オーロワHCコート,Manteau Oorowa HC
2549,オネロＦフォールド,Tassettes Onero F
2550,オネロＦコート,Manteau Onero F
2551,ディールFYフォールド,Tassettes Diru FY
2552,ディールFYコート,Manteau Diru FY
2553,ストレガHCフォールド,Tassettes Strega HC
2554,ストレガHCコート,Manteau Strega HC
2555,ザーカーHCコイル,Ceinturon Zaakaa HC
2556,チェイサーHCベルト,Ceinture Poursuivant HC
2557,鬼神ノ虎布・極,
2558,鬼神ノ虎布・天,
2559,童子ノ虎布・極,
2560,童子ノ虎布・天,
2561,アナキＦウエスト,
2562,アナキFYウエスト,
2563,アナキHCウエスト,
2564,アナキＦベルト,
2565,アナキFYベルト,
2566,アナキHCベルト,
2567,ロイヤルFYコイル,
2568,ロイヤルHCコイル,
2569,ロードFYベルト,
2570,ロードHCベルト,
2571,フレイコイル,
2572,クロノスコイル,
2573,フレイコート,
2574,クロノスコート,
2575,ヒメロスHCフォールド,Tassettes Himeros HC
2576,ブレシスHCフォールド,Tassettes Bureshisu HC
2577,カリエンHCコート,Manteau Charien HC
2578,ブランFYフォールド,Tassettes Buran FY
2579,ブランHCフォールド,Tassettes Buran HC
2580,ゲリョスLXフォールド,Tassettes Gypceros LX
2581,ギザミLXフォールド,Tassettes Ceanataur LX
2582,レックスLXフォールド,Tassettes Tigrex LX
2583,モノブロスLXコート,Manteau Monoblos LX
2584,ゲリョスRXフォールド,Tassettes Gypceros RX
2585,ギザミRXフォールド,Tassettes Ceanataur RX
2586,エスピナRXナーベル,
2587,モノデビルRXコート,Manteau Monodevil RX
2588,カエシスコイル水,
2589,カエシスＦコイル水,
2590,カエシスFZコイル水,
2591,カエシスコート水,
2592,カエシスＦコート水,
2593,カエシスFZコート水,
2594,カエシスコイル赤,Ceinturon Cayssis rouge
2595,カエシスＦコイル赤,Ceinturon Cayssis F rouge
2596,カエシスFZコイル赤,Ceinturon Cayssis FZ rouge
2597,カエシスコート赤,Manteau Cayssis rouge
2598,カエシスＦコート赤,Manteau Cayssis F rouge
2599,カエシスFZコート赤,Manteau Cayssis FZ rouge
2600,カエシスコイル青,Ceinturon Cayssis bleu
2601,カエシスＦコイル青,Ceinturon Cayssis F bleu
2602,カエシスFZコイル青,Ceinturon Cayssis FZ bleu
2603,カエシスコート青,Manteau Cayssis bleu
2604,カエシスＦコート青,Manteau Cayssis F bleu
2605,カエシスFZコート青,Manteau Cayssis FZ bleu
2606,カエシスコイル橙,Ceinturon Cayssis orange
2607,カエシスＦコイル橙,Ceinturon Cayssis F orange
2608,カエシスFZコイル橙,Ceinturon Cayssis FZ orange
2609,カエシスコート橙,Manteau Cayssis orange
2610,カエシスＦコート橙,Manteau Cayssis F orange
2611,カエシスFZコート橙,Manteau Cayssis FZ orange
2612,嵐転の腰当て,
2613,嵐転の腰当て・魁,
2614,地転の腰当て,
2615,地転の腰当て・魁,
2616,キュビィコイル,Ceinturon Cubie
2617,キュビィＦコイル,Ceinturon Cubie F
2618,キュビィFZコイル,Ceinturon Cubie FZ
2619,キュビィコート,Manteau Cubie
2620,キュビィＦコート,Manteau Cubie F
2621,キュビィFZコート,Manteau Cubie FZ
2622,フラートコイル,
2623,フラートＦコイル,
2624,ナーレーコイル,
2625,ナーレーＦコイル,
2626,ヘイツコイル,
2627,ヘイツＦコイル,
2628,レーングコート,
2629,レーングＦコート,
2630,シャッドコイル,
2631,シャッドＦコイル,
2632,フュージコイル,
2633,フュージＦコイル,
2634,タニイコイル,
2635,タニイＦコイル,
2636,ミナムコート,
2637,ミナムＦコート,
2638,シエナコイル・銀,Ceinturon Sienne argenté
2639,シエナＦコイル・銀,Ceinturon Sienne F argenté
2640,シエナFZコイル・銀,Ceinturon Sienne FZ argenté
2641,シエナHCコイル・銀,Ceinturon Sienne HC argenté
2642,シエナコート・銀,Manteau Sienne argenté
2643,シエナＦコート・銀,Manteau Sienne F argenté
2644,シエナFZコート・銀,Manteau Sienne FZ argenté
2645,シエナHCコート・銀,Manteau Sienne HC argenté
2646,シエナコイル・黒,Ceinturon Sienne noir
2647,シエナＦコイル・黒,Ceinturon Sienne F noir
2648,シエナFZコイル・黒,Ceinturon Sienne FZ noir
2649,シエナHCコイル・黒,Ceinturon Sienne HC noir
2650,シエナコート・黒,Manteau Sienne noir
2651,シエナＦコート・黒,Manteau Sienne F noir
2652,シエナFZコート・黒,Manteau Sienne FZ noir
2653,シエナHCコート・黒,Manteau Sienne HC noir
2654,シエナコイル・赤,Ceinturon Sienne rouge
2655,シエナＦコイル・赤,Ceinturon Sienne F rouge
2656,シエナFZコイル・赤,Ceinturon Sienne FZ rouge
2657,シエナHCコイル・赤,Ceinturon Sienne HC rouge
2658,シエナコート・赤,Manteau Sienne rouge
2659,シエナＦコート・赤,Manteau Sienne F rouge
2660,シエナFZコート・赤,Manteau Sienne FZ rouge
2661,シエナHCコート・赤,Manteau Sienne HC rouge
2662,シエナコイル・青,Ceinturon Sienne bleu
2663,シエナＦコイル・青,Ceinturon Sienne F bleu
2664,シエナFZコイル・青,Ceinturon Sienne FZ bleu
2665,シエナHCコイル・青,Ceinturon Sienne HC bleu
2666,シエナコート・青,Manteau Sienne bleu
2667,シエナＦコート・青,Manteau Sienne F bleu
2668,シエナFZコート・青,Manteau Sienne FZ bleu
2669,シエナHCコート・青,Manteau Sienne HC bleu
2670,ガウスコイル,Ceinturon Gauss
2671,ガウスＦコイル,Ceinturon Gauss F
2672,ウェーバコイル,Ceinturon Weber
2673,ウェーバＦコイル,Ceinturon Weber F
2674,ギルバートコイル,Ceinturon Gilbert
2675,ギルバートＦコイル,Ceinturon Gilbert F
2676,ガウスコート,Manteau Gauss
2677,ガウスＦコート,Manteau Gauss F
2678,ウェーバコート,Manteau Weber
2679,ウェーバＦコート,Manteau Weber F
2680,ギルバートコート,Manteau Gilbert
2681,ギルバートＦコート,Manteau Gilbert F
2682,レギュクスＦコイル,Ceinturon Regyukusu F
2683,レギュクスＦコート,Manteau Regyukusu F
2684,ガルーダFZウエスト,Taille Garuda FZ
2685,ガルーダFZベルト,Ceinture Garuda FZ
2686,フィアラルFZウエスト,Taille Féral FZ
2687,フィアラルFZベルト,Ceinture Féral FZ
2688,パンデウムFZウエスト,Taille Pandeum FZ
2689,パンデウムFZベルト,Ceinture Pandeum FZ
2690,ディアンFZウエスト,Taille Dian FZ
2691,ディアンFZベルト,Ceinture Dian FZ
2692,ワイルドFZウエスト,Taille Sauvage FZ
2693,ワイルドFZベルト,Ceinture Sauvage FZ
2694,フラウアFZウエスト,Taille Fleur FZ
2695,フラウアFZベルト,Ceinture Fleur FZ
2696,フィアスFZウエスト,Taille Fias FZ
2697,フィアスFZベルト,Ceinture Fias FZ
2698,ヴィルトFZウエスト,Taille Viruto FZ
2699,ヴィルトFZベルト,Ceinture Viruto FZ
2700,テューンFZウエスト,
2701,シュナイトFZベルト,Ceinture Schnite FZ
2702,ディクトFZウエスト,Taille Dicto FZ
2703,ディレットFZベルト,Ceinture Diletto FZ
2704,クリュスFZウエスト,Taille Kruss FZ
2705,クォートFZベルト,
2706,スタリナFZウエスト,Taille Starina FZ
2707,スタリナFZベルト,Ceinture Starina FZ
2708,ルースFZウエスト,
2709,ルースFZベルト,
2710,ミラドFZウエスト,Taille Mirado FZ
2711,ミラドFZベルト,Ceinture Mirado FZ
2712,デュールFZフォールド,Tassettes Deyuru FZ
2713,デュールFZコート,Manteau Deyuru FZ
2714,ロバストFZアンダ,
2715,ロバストFZテイル,
2716,ファルコFZフォールド,Tassettes Falco FZ
2717,ファルコFZコート,Manteau Falco FZ
2718,ハウクスFZフォールド,Tassettes Howx FZ
2719,ハウクスFZコート,Manteau Howx FZ
2720,ピラータFZフォールド,Tassettes Pirata FZ
2721,ピラータFZコート,Manteau Pirata FZ
2722,ゼロイFZフォールド,Tassettes Zeroi FZ
2723,ゼロイFZコート,Manteau Zeroi FZ
2724,レイルFZコイル,
2725,レイルFZコート,
2726,リーデレFZコイル,Ceinturon Ridere FZ
2727,リーデレFZコート,Manteau Ridere FZ
2728,リエットFZフォールド,Tassettes Émeute FZ
2729,リエットFZコート,Manteau Émeute FZ
2730,ルターレFZフォールド,Tassettes Rutare FZ
2731,ルターレFZコート,Manteau Rutare FZ
2732,流転の腰当て・雅,
2733,旋転の腰当て・雅,
2734,嵐転の腰当て・雅,
2735,地転の腰当て・雅,
2736,オディバフォールド,Tassettes Odiva
2737,オディバＦフォールド,Tassettes Odiva F
2738,オディバFXフォールド,Tassettes Odiva FX
2739,オディバコート,Manteau Odiva
2740,オディバＦコート,Manteau Odiva F
2741,オディバFXコート,Manteau Odiva FX
2742,武者【腰当て】,
2743,日光【腰当て】,
2744,ブリッツＦフープ,
2745,ブリッツＦショルト,
2746,フレイムＦコイル,Ceinturon Flamme F
2747,フレイムＦコート,Manteau Flamme F
2748,ウィンドＦアンダ,
2749,ウィンドＦアドミ,
2750,武者Ｆ【腰当て】,
2751,日光Ｆ【腰当て】,
2752,ワダツミＦ【丸帯】,
2753,オカミＦ【丸帯】,
2754,サンタフォールド,Tassettes Santa
2755,サンタＦフォールド,Tassettes Santa F
2756,サンタコート,Manteau Santa
2757,サンタＦコート,Manteau Santa F
2758,トリートウエスト,
2759,トリートＦウエスト,
2760,トリートFYウエスト,
2761,トリートHCウエスト,
2762,トリートベルト,
2763,トリートＦベルト,
2764,トリートFYベルト,
2765,トリートHCベルト,
2766,タングスコイル,Ceinturon Tangusu
2767,タングスＦコイル,Ceinturon Tangusu F
2768,タングスFYコイル,Ceinturon Tangusu FY
2769,タングスHCコイル,Ceinturon Tangusu HC
2770,コバルタベルト,Ceinture Kobaruta
2771,コバルタＦベルト,Ceinture Kobaruta F
2772,コバルタFYベルト,Ceinture Kobaruta FY
2773,コバルタHCベルト,Ceinture Kobaruta HC
2774,ドグメアフォールド,Tassettes Dogumea
2775,ドグメアＦフォールド,Tassettes Dogumea F
2776,ドグメアFYフォールド,Tassettes Dogumea FY
2777,ドグメアHCフォールド,Tassettes Dogumea HC
2778,ドグメアコート,Manteau Dogumea
2779,ドグメアＦコート,Manteau Dogumea F
2780,ドグメアFYコート,Manteau Dogumea FY
2781,ドグメアHCコート,Manteau Dogumea HC
2782,マダルコイル,Ceinturon Madaru
2783,マダルＦコイル,Ceinturon Madaru F
2784,マダルFYコイル,Ceinturon Madaru FY
2785,マダルHCコイル,Ceinturon Madaru HC
2786,マダルコート,Manteau Madaru
2787,マダルＦコート,Manteau Madaru F
2788,マダルFYコート,Manteau Madaru FY
2789,マダルHCコート,Manteau Madaru HC
2790,ディールHCフォールド,Tassettes Diru HC
2791,ディールHCコート,Manteau Diru HC
2792,ヴィネンFYウエスト,Taille Vinen FY
2793,ヴィネンHCウエスト,Taille Vinen HC
2794,ヴィネンFYベルト,Ceinture Vinen FY
2795,ヴィネンHCベルト,Ceinture Vinen HC
2796,ブレオFYフォールド,Tassettes Breo FY
2797,ブレオHCフォールド,Tassettes Breo HC
2798,カカブＦコイル,Ceinturon Kakabu F
2799,カカブFYコイル,Ceinturon Kakabu FY
2800,カカブHCコイル,Ceinturon Kakabu HC
2801,カカブＦコート,Manteau Kakabu F
2802,カカブFYコート,Manteau Kakabu FY
2803,カカブHCコート,Manteau Kakabu HC
2804,ゴスペルFYフォールド,
2805,ゴスペルHCフォールド,
2806,ゴスペルFYコート,
2807,ゴスペルHCコート,
2808,ゾデックコイル・青,Ceinturon Zodec bleu
2809,ゾデックＦコイル・青,Ceinturon Zodec F bleu
2810,ゾデックFZコイル・青,Ceinturon Zodec FZ bleu
2811,ゾデックコート・青,Manteau Zodec bleu
2812,ゾデックＦコート・青,Manteau Zodec F bleu
2813,ゾデックFZコート・青,Manteau Zodec FZ bleu
2814,ゾデックコイル・茶,Ceinturon Zodec brun
2815,ゾデックＦコイル・茶,Ceinturon Zodec F brun
2816,ゾデックFZコイル・茶,Ceinturon Zodec FZ brun
2817,ゾデックコート・茶,Manteau Zodec brun
2818,ゾデックＦコート・茶,Manteau Zodec F brun
2819,ゾデックFZコート・茶,Manteau Zodec FZ brun
2820,ゾデックコイル・緑,Ceinturon Zodec vert
2821,ゾデックＦコイル・緑,Ceinturon Zodec F vert
2822,ゾデックFZコイル・緑,Ceinturon Zodec FZ vert
2823,ゾデックコート・緑,Manteau Zodec vert
2824,ゾデックＦコート・緑,Manteau Zodec F vert
2825,ゾデックFZコート・緑,Manteau Zodec FZ vert
2826,ゾデックコイル・桜,
2827,ゾデックＦコイル・桜,
2828,ゾデックFZコイル・桜,
2829,ゾデックコート・桜,
2830,ゾデックＦコート・桜,
2831,ゾデックFZコート・桜,
2832,レイストコイル・黒,Ceinturon Reist noir
2833,レイストＦコイル・黒,Ceinturon Reist F noir
2834,レイストFZコイル・黒,Ceinturon Reist FZ noir
2835,レイストHCコイル・黒,Ceinturon Reist HC noir
2836,レイストコート・黒,Manteau Reist noir
2837,レイストＦコート・黒,Manteau Reist F noir
2838,レイストFZコート・黒,Manteau Reist FZ noir
2839,レイストHCコート・黒,Manteau Reist HC noir
2840,レイストコイル・青,Ceinturon Reist bleu
2841,レイストＦコイル・青,Ceinturon Reist F bleu
2842,レイストFZコイル・青,Ceinturon Reist FZ bleu
2843,レイストHCコイル・青,Ceinturon Reist HC bleu
2844,レイストコート・青,Manteau Reist bleu
2845,レイストＦコート・青,Manteau Reist F bleu
2846,レイストFZコート・青,Manteau Reist FZ bleu
2847,レイストHCコート・青,Manteau Reist HC bleu
2848,レイストコイル・紅,Ceinturon Reist cramoisi
2849,レイストＦコイル・紅,Ceinturon Reist F cramoisi
2850,レイストFZコイル・紅,Ceinturon Reist FZ cramoisi
2851,レイストHCコイル・紅,Ceinturon Reist HC cramoisi
2852,レイストコート・紅,Manteau Reist cramoisi
2853,レイストＦコート・紅,Manteau Reist F cramoisi
2854,レイストFZコート・紅,Manteau Reist FZ cramoisi
2855,レイストHCコート・紅,Manteau Reist HC cramoisi
2856,レイストコイル・白,Ceinturon Reist blanc
2857,レイストＦコイル・白,Ceinturon Reist F blanc
2858,レイストFZコイル・白,Ceinturon Reist FZ blanc
2859,レイストHCコイル・白,Ceinturon Reist HC blanc
2860,レイストコート・白,Manteau Reist blanc
2861,レイストＦコート・白,Manteau Reist F blanc
2862,レイストFZコート・白,Manteau Reist FZ blanc
2863,レイストHCコート・白,Manteau Reist HC blanc
2864,ラトリアコイル,Ceinturon Latria
2865,ラトリアＦコイル,Ceinturon Latria F
2866,ラトリアFZコイル,Ceinturon Latria FZ
2867,ラトリアコート,Manteau Latria
2868,ラトリアＦコート,Manteau Latria F
2869,ラトリアFZコート,Manteau Latria FZ
2870,ケモルコイル,Ceinturon Kemor
2871,ケモルＦコイル,Ceinturon Kemor F
2872,ケモルFZコイル,Ceinturon Kemor FZ
2873,ケモルコート,Manteau Kemor
2874,ケモルＦコート,Manteau Kemor F
2875,ケモルFZコート,Manteau Kemor FZ
2876,ダミー,
2877,ダミー,
2878,剣士ランク１,
2879,剣士ランク２,
2880,剣士ランク３,
2881,剣士ランク４,
2882,剣士ランク５,
2883,剣士ランク６,
2884,剣士ランク７,
2885,ガンランク１,
2886,ガンランク２,
2887,ガンランク３,
2888,ガンランク４,
2889,ガンランク５,
2890,ガンランク６,
2891,ガンランク７,
2892,デュスノＦフォールド,
2893,デュスノＦコート,
2894,ブリッツFXフープ,
2895,ブリッツFXショルト,
2896,フレイムFXコイル,Ceinturon Flamme FX
2897,フレイムFXコート,Manteau Flamme FX
2898,ウィンドFXアンダ,
2899,ウィンドFXアドミ,
2900,武者FX【腰当て】,
2901,日光FX【腰当て】,
2902,ワダツミFX【丸帯】,
2903,オカミFX【丸帯】,
2904,ラヴィHCフォールド,Tassettes Raviente HC
2905,ラヴィHCコート,Manteau Raviente HC
2906,エスピナHCナーベル,
2907,エスピナHCガイツ,
2908,アクラHCフォールド,Tassettes Akura HC
2909,アクラHCコート,Manteau Akura HC
2910,アクラHCフォールド黄,Tassettes Akura HC jaunes
2911,アクラHCコート黄,Manteau Akura HC jaune
2912,アクラHCフォールド蒼,Tassettes Akura HC azur
2913,アクラHCコート蒼,Manteau Akura HC azur
2914,アクラHCフォールド紅,Tassettes Akura HC cramoisies
2915,アクラHCコート紅,Manteau Akura HC cramoisi
2916,稲荷・HC【腰当て】,
2917,玉藻・HC【腰当て】,
2918,ベルHCフォールド,Tassettes Beru HC
2919,ベルHCコート,Manteau Beru HC
2920,パリアHCフォールド,Tassettes Paria HC
2921,パリアHCコート,Manteau Paria HC
2922,グレンHCフォールド,Tassettes Guren HC
2923,グレンHCコート,Manteau Guren HC
2924,神楽HC【腰当て】,
2925,神座HC【腰当て】,
2926,ゴゴHCフォールド,Tassettes Gogomoa HC
2927,ゴゴHCコート,Manteau Gogomoa HC
2928,ルコHCウイング,
2929,ルコHCテイル,
2930,ザムザHCフォールド,Tassettes Zamuza HC
2931,ザムザHCコート,Manteau Zamuza HC
2932,アビオHCフォールド,Tassettes Abiorugu HC
2933,アビオHCコート,Manteau Abiorugu HC
2934,クアルHCフォールド,Tassettes Kuaru HC
2935,クアルHCコート,Manteau Kuaru HC
2936,テクストHCコイル・紫,Ceinturon Texte HC violet
2937,テクストHCコート・紫,Manteau Texte HC violet
2938,テクストHCコイル・緑,Ceinturon Texte HC vert
2939,テクストHCコート・緑,Manteau Texte HC vert
2940,テクストHCコイル・青,Ceinturon Texte HC bleu
2941,テクストHCコート・青,Manteau Texte HC bleu
2942,テクストHCコイル・黒,Ceinturon Texte HC noir
2943,テクストHCコート・黒,Manteau Texte HC noir
2944,スリートHCコイル・黄,Ceinturon Grésil HC jaune
2945,スリートHCコート・黄,Manteau Grésil HC jaune
2946,スリートHCコイル・銀,Ceinturon Grésil HC argenté
2947,スリートHCコート・銀,Manteau Grésil HC argenté
2948,スリートHCコイル・赤,Ceinturon Grésil HC rouge
2949,スリートHCコート・赤,Manteau Grésil HC rouge
2950,スリートHCコイル・青,Ceinturon Grésil HC bleu
2951,スリートHCコート・青,Manteau Grésil HC bleu
2952,ステノHCアンカー・橙,
2953,ステノHCコート・橙,Manteau Stheno HC orange
2954,ステノHCアンカー・桃,
2955,ステノHCコート・桃,Manteau Stheno HC rose
2956,ステノHCアンカー・青,
2957,ステノHCコート・青,Manteau Stheno HC bleu
2958,ステノHCアンカー・赤,
2959,ステノHCコート・赤,Manteau Stheno HC rouge
2960,レイジFZコイル,Ceinturon Rage FZ
2961,レイジHCコイル,Ceinturon Rage HC
2962,レイジFZコート,Manteau Rage FZ
2963,レイジHCコート,Manteau Rage HC
2964,ランページFZコイル,Ceinturon Déchaînement FZ
2965,ランページHCコイル,Ceinturon Déchaînement HC
2966,ランページFZコート,Manteau Déchaînement FZ
2967,ランページHCコート,Manteau Déchaînement HC
2968,ブレイズFZコイル,Ceinturon Brasier FZ
2969,ブレイズHCコイル,Ceinturon Brasier HC
2970,ブレイズFZコート,Manteau Brasier FZ
2971,ブレイズHCコート,Manteau Brasier HC
2972,アージェHCコイル,Ceinturon Arge HC
2973,アージェHCコート,Manteau Arge HC
2974,カマレラHCコイル,Ceinturon Camarera HC
2975,カマレラHCコート,Manteau Camarera HC
2976,メテネラHCコイル,Ceinturon Metenera HC
2977,メテネラHCコート,Manteau Metenera HC
2978,ファランFZコイル・白,Ceinturon Faran FZ blanc
2979,ファランHCコイル・白,Ceinturon Faran HC blanc
2980,ファランFZコート・白,Manteau Faran FZ blanc
2981,ファランHCコート・白,Manteau Faran HC blanc
2982,ファランFZコイル・黒,Ceinturon Faran FZ noir
2983,ファランHCコイル・黒,Ceinturon Faran HC noir
2984,ファランFZコート・黒,Manteau Faran FZ noir
2985,ファランHCコート・黒,Manteau Faran HC noir
2986,ファランFZコイル・赤,Ceinturon Faran FZ rouge
2987,ファランHCコイル・赤,Ceinturon Faran HC rouge
2988,ファランFZコート・赤,Manteau Faran FZ rouge
2989,ファランHCコート・赤,Manteau Faran HC rouge
2990,ファランFZコイル・青,Ceinturon Faran FZ bleu
2991,ファランHCコイル・青,Ceinturon Faran HC bleu
2992,ファランFZコート・青,Manteau Faran FZ bleu
2993,ファランHCコート・青,Manteau Faran HC bleu
2994,ゾデックHCコイル・青,Ceinturon Zodec HC bleu
2995,ゾデックHCコート・青,Manteau Zodec HC bleu
2996,ゾデックHCコイル・茶,Ceinturon Zodec HC brun
2997,ゾデックHCコート・茶,Manteau Zodec HC brun
2998,ゾデックHCコイル・緑,Ceinturon Zodec HC vert
2999,ゾデックHCコート・緑,Manteau Zodec HC vert
3000,ゾデックHCコイル・桜,
3001,ゾデックHCコート・桜,
3002,ラヴィHSフォールド,Tassettes Raviente HS
3003,ラヴィHSコート,Manteau Raviente HS
3004,エスピナHSナーベル,
3005,エスピナHSガイツ,
3006,アクラHSフォールド,Tassettes Akura HS
3007,アクラHSコート,Manteau Akura HS
3008,アクラHSフォールド黄,Tassettes Akura HS jaunes
3009,アクラHSコート黄,Manteau Akura HS jaune
3010,アクラHSフォールド蒼,Tassettes Akura HS azur
3011,アクラHSコート蒼,Manteau Akura HS azur
3012,アクラHSフォールド紅,Tassettes Akura HS cramoisies
3013,アクラHSコート紅,Manteau Akura HS cramoisi
3014,稲荷・HS【腰当て】,
3015,玉藻・HS【腰当て】,
3016,ベルHSフォールド,Tassettes Beru HS
3017,ベルHSコート,Manteau Beru HS
3018,パリアHSフォールド,Tassettes Paria HS
3019,パリアHSコート,Manteau Paria HS
3020,グレンHSフォールド,Tassettes Guren HS
3021,グレンHSコート,Manteau Guren HS
3022,神楽HS【腰当て】,
3023,神座HS【腰当て】,
3024,ゴゴHSフォールド,Tassettes Gogomoa HS
3025,ゴゴHSコート,Manteau Gogomoa HS
3026,ルコHSウイング,
3027,ルコHSテイル,
3028,ザムザHSフォールド,Tassettes Zamuza HS
3029,ザムザHSコート,Manteau Zamuza HS
3030,アビオHSフォールド,Tassettes Abiorugu HS
3031,アビオHSコート,Manteau Abiorugu HS
3032,クアルHSフォールド,Tassettes Kuaru HS
3033,クアルHSコート,Manteau Kuaru HS
3034,リルスＦフォールド,Tassettes Lils F
3035,リルスＦコート,Manteau Lils F
3036,リルスFXフォールド,Tassettes Lils FX
3037,リルスFXコート,Manteau Lils FX
3038,ゾデックHSコイル・青,Ceinturon Zodec HS bleu
3039,ゾデックHSコート・青,Manteau Zodec HS bleu
3040,ゾデックHSコイル・茶,Ceinturon Zodec HS brun
3041,ゾデックHSコート・茶,Manteau Zodec HS brun
3042,ゾデックHSコイル・緑,Ceinturon Zodec HS vert
3043,ゾデックHSコート・緑,Manteau Zodec HS vert
3044,ゾデックHSコイル・桜,
3045,ゾデックHSコート・桜,
3046,レイストHSコイル・黒,Ceinturon Reist HS noir
3047,レイストHSコート・黒,Manteau Reist HS noir
3048,レイストHSコイル・青,Ceinturon Reist HS bleu
3049,レイストHSコート・青,Manteau Reist HS bleu
3050,レイストHSコイル・紅,Ceinturon Reist HS cramoisi
3051,レイストHSコート・紅,Manteau Reist HS cramoisi
3052,レイストHSコイル・白,Ceinturon Reist HS blanc
3053,レイストHSコート・白,Manteau Reist HS blanc
3054,クロースコイル・赤,Ceinturon Étoffe rouge
3055,クロースＦコイル・赤,Ceinturon Étoffe F rouge
3056,クロースFZコイル・赤,Ceinturon Étoffe FZ rouge
3057,クロースHCコイル・赤,Ceinturon Étoffe HC rouge
3058,クロースHSコイル・赤,Ceinturon Étoffe HS rouge
3059,クロースコート・赤,Manteau Étoffe rouge
3060,クロースＦコート・赤,Manteau Étoffe F rouge
3061,クロースFZコート・赤,Manteau Étoffe FZ rouge
3062,クロースHCコート・赤,Manteau Étoffe HC rouge
3063,クロースHSコート・赤,Manteau Étoffe HS rouge
3064,クロースコイル・青,Ceinturon Étoffe bleu
3065,クロースＦコイル・青,Ceinturon Étoffe F bleu
3066,クロースFZコイル・青,Ceinturon Étoffe FZ bleu
3067,クロースHCコイル・青,Ceinturon Étoffe HC bleu
3068,クロースHSコイル・青,Ceinturon Étoffe HS bleu
3069,クロースコート・青,Manteau Étoffe bleu
3070,クロースＦコート・青,Manteau Étoffe F bleu
3071,クロースFZコート・青,Manteau Étoffe FZ bleu
3072,クロースHCコート・青,Manteau Étoffe HC bleu
3073,クロースHSコート・青,Manteau Étoffe HS bleu
3074,クロースコイル・紫,Ceinturon Étoffe violet
3075,クロースＦコイル・紫,Ceinturon Étoffe F violet
3076,クロースFZコイル・紫,Ceinturon Étoffe FZ violet
3077,クロースHCコイル・紫,Ceinturon Étoffe HC violet
3078,クロースHSコイル・紫,Ceinturon Étoffe HS violet
3079,クロースコート・紫,Manteau Étoffe violet
3080,クロースＦコート・紫,Manteau Étoffe F violet
3081,クロースFZコート・紫,Manteau Étoffe FZ violet
3082,クロースHCコート・紫,Manteau Étoffe HC violet
3083,クロースHSコート・紫,Manteau Étoffe HS violet
3084,クロースコイル・緑,Ceinturon Étoffe vert
3085,クロースＦコイル・緑,Ceinturon Étoffe F vert
3086,クロースFZコイル・緑,Ceinturon Étoffe FZ vert
3087,クロースHCコイル・緑,Ceinturon Étoffe HC vert
3088,クロースHSコイル・緑,Ceinturon Étoffe HS vert
3089,クロースコート・緑,Manteau Étoffe vert
3090,クロースＦコート・緑,Manteau Étoffe F vert
3091,クロースFZコート・緑,Manteau Étoffe FZ vert
3092,クロースHCコート・緑,Manteau Étoffe HC vert
3093,クロースHSコート・緑,Manteau Étoffe HS vert
3094,一閃【腰当て】・赤,
3095,一閃Ｆ【腰当て】・赤,
3096,一閃FZ【腰当て】・赤,
3097,一閃HC【腰当て】・赤,
3098,一閃HS【腰当て】・赤,
3099,構射【腰当て】・赤,
3100,構射Ｆ【腰当て】・赤,
3101,構射FZ【腰当て】・赤,
3102,構射HC【腰当て】・赤,
3103,構射HS【腰当て】・赤,
3104,一閃【腰当て】・青,
3105,一閃Ｆ【腰当て】・青,
3106,一閃FZ【腰当て】・青,
3107,一閃HC【腰当て】・青,
3108,一閃HS【腰当て】・青,
3109,構射【腰当て】・青,
3110,構射Ｆ【腰当て】・青,
3111,構射FZ【腰当て】・青,
3112,構射HC【腰当て】・青,
3113,構射HS【腰当て】・青,
3114,一閃【腰当て】・黄,
3115,一閃Ｆ【腰当て】・黄,
3116,一閃FZ【腰当て】・黄,
3117,一閃HC【腰当て】・黄,
3118,一閃HS【腰当て】・黄,
3119,構射【腰当て】・黄,
3120,構射Ｆ【腰当て】・黄,
3121,構射FZ【腰当て】・黄,
3122,構射HC【腰当て】・黄,
3123,構射HS【腰当て】・黄,
3124,一閃【腰当て】・黒,
3125,一閃Ｆ【腰当て】・黒,
3126,一閃FZ【腰当て】・黒,
3127,一閃HC【腰当て】・黒,
3128,一閃HS【腰当て】・黒,
3129,構射【腰当て】・黒,
3130,構射Ｆ【腰当て】・黒,
3131,構射FZ【腰当て】・黒,
3132,構射HC【腰当て】・黒,
3133,構射HS【腰当て】・黒,
3134,蜂針【腰当て】・橙,
3135,蜂針Ｆ【腰当て】・橙,
3136,蜂針FZ【腰当て】・橙,
3137,蜂針HC【腰当て】・橙,
3138,蜂針HS【腰当て】・橙,
3139,気弾【腰当て】・橙,
3140,気弾Ｆ【腰当て】・橙,
3141,気弾FZ【腰当て】・橙,
3142,気弾HC【腰当て】・橙,
3143,気弾HS【腰当て】・橙,
3144,蜂針【腰当て】・青,
3145,蜂針Ｆ【腰当て】・青,
3146,蜂針FZ【腰当て】・青,
3147,蜂針HC【腰当て】・青,
3148,蜂針HS【腰当て】・青,
3149,気弾【腰当て】・青,
3150,気弾Ｆ【腰当て】・青,
3151,気弾FZ【腰当て】・青,
3152,気弾HC【腰当て】・青,
3153,気弾HS【腰当て】・青,
3154,蜂針【腰当て】・黄,
3155,蜂針Ｆ【腰当て】・黄,
3156,蜂針FZ【腰当て】・黄,
3157,蜂針HC【腰当て】・黄,
3158,蜂針HS【腰当て】・黄,
3159,気弾【腰当て】・黄,
3160,気弾Ｆ【腰当て】・黄,
3161,気弾FZ【腰当て】・黄,
3162,気弾HC【腰当て】・黄,
3163,気弾HS【腰当て】・黄,
3164,蜂針【腰当て】・黒,
3165,蜂針Ｆ【腰当て】・黒,
3166,蜂針FZ【腰当て】・黒,
3167,蜂針HC【腰当て】・黒,
3168,蜂針HS【腰当て】・黒,
3169,気弾【腰当て】・黒,
3170,気弾Ｆ【腰当て】・黒,
3171,気弾FZ【腰当て】・黒,
3172,気弾HC【腰当て】・黒,
3173,気弾HS【腰当て】・黒,
3174,アルゴルＦフォールド,Tassettes Algol F
3175,アルゴルFXフォールド,Tassettes Algol FX
3176,アルゴルＦコート,Manteau Algol F
3177,アルゴルFXコート,Manteau Algol FX
3178,抜胴【腰当て】,
3179,抜胴Ｆ【腰当て】,
3180,抜胴FZ【腰当て】,
3181,抜胴HS【腰当て】,
3182,長根【腰当て】,
3183,長根Ｆ【腰当て】,
3184,長根FZ【腰当て】,
3185,長根HS【腰当て】,
3186,花火【腰当て】,
3187,花火Ｆ【腰当て】,
3188,花火FZ【腰当て】,
3189,花火HS【腰当て】,
3190,流星【腰当て】,
3191,流星Ｆ【腰当て】,
3192,流星FZ【腰当て】,
3193,流星HS【腰当て】,
3194,居合【腰当て】,
3195,居合Ｆ【腰当て】,
3196,居合FZ【腰当て】,
3197,居合HC【腰当て】,
3198,爆裂【腰当て】,
3199,爆裂Ｆ【腰当て】,
3200,爆裂FZ【腰当て】,
3201,爆裂HC【腰当て】,
3202,脱兎【腰当て】,
3203,脱兎Ｆ【腰当て】,
3204,脱兎FZ【腰当て】,
3205,脱兎HC【腰当て】,
3206,狂咲【腰当て】,
3207,狂咲Ｆ【腰当て】,
3208,狂咲FZ【腰当て】,
3209,狂咲HC【腰当て】,
3210,正拳FZ黒帯,
3211,正拳HC黒帯,
3212,灼熱FZ黒帯,
3213,灼熱HC黒帯,
3214,龍星FZ腰帯,
3215,龍星HC腰帯,
3216,虎襲FZ腰帯,
3217,虎襲HC腰帯,
3218,コンタオコイル,Ceinturon Kontao
3219,コンタオＦコイル,Ceinturon Kontao F
3220,コンタオFZコイル,Ceinturon Kontao FZ
3221,ダミー,
3222,ダミー,
3223,コンタオコート,Manteau Kontao
3224,コンタオＦコート,Manteau Kontao F
3225,コンタオFZコート,Manteau Kontao FZ
3226,ダミー,
3227,ダミー,
3228,グロリアコイル・金,Ceinturon Gloria doré
3229,グロリアＦコイル・金,Ceinturon Gloria F doré
3230,グロリアFZコイル・金,Ceinturon Gloria FZ doré
3231,グロリアHCコイル・金,Ceinturon Gloria HC doré
3232,グロリアHSコイル・金,Ceinturon Gloria HS doré
3233,グロリアコート・金,Manteau Gloria doré
3234,グロリアＦコート・金,Manteau Gloria F doré
3235,グロリアFZコート・金,Manteau Gloria FZ doré
3236,グロリアHCコート・金,Manteau Gloria HC doré
3237,グロリアHSコート・金,Manteau Gloria HS doré
3238,グロリアコイル・青,Ceinturon Gloria bleu
3239,グロリアＦコイル・青,Ceinturon Gloria F bleu
3240,グロリアFZコイル・青,Ceinturon Gloria FZ bleu
3241,グロリアHCコイル・青,Ceinturon Gloria HC bleu
3242,グロリアHSコイル・青,Ceinturon Gloria HS bleu
3243,グロリアコート・青,Manteau Gloria bleu
3244,グロリアＦコート・青,Manteau Gloria F bleu
3245,グロリアFZコート・青,Manteau Gloria FZ bleu
3246,グロリアHCコート・青,Manteau Gloria HC bleu
3247,グロリアHSコート・青,Manteau Gloria HS bleu
3248,グロリアコイル・水,
3249,グロリアＦコイル・水,
3250,グロリアFZコイル・水,
3251,グロリアHCコイル・水,
3252,グロリアHSコイル・水,
3253,グロリアコート・水,
3254,グロリアＦコート・水,
3255,グロリアFZコート・水,
3256,グロリアHCコート・水,
3257,グロリアHSコート・水,
3258,グロリアコイル・赤,Ceinturon Gloria rouge
3259,グロリアＦコイル・赤,Ceinturon Gloria F rouge
3260,グロリアFZコイル・赤,Ceinturon Gloria FZ rouge
3261,グロリアHCコイル・赤,Ceinturon Gloria HC rouge
3262,グロリアHSコイル・赤,Ceinturon Gloria HS rouge
3263,グロリアコート・赤,Manteau Gloria rouge
3264,グロリアＦコート・赤,Manteau Gloria F rouge
3265,グロリアFZコート・赤,Manteau Gloria FZ rouge
3266,グロリアHCコート・赤,Manteau Gloria HC rouge
3267,グロリアHSコート・赤,Manteau Gloria HS rouge
3268,神龍黒帯・赤,
3269,神龍Ｆ黒帯・赤,
3270,神龍FZ黒帯・赤,
3271,神龍HC黒帯・赤,
3272,神龍HS黒帯・赤,
3273,裂破黒帯・赤,
3274,裂破Ｆ黒帯・赤,
3275,裂破FZ黒帯・赤,
3276,裂破HC黒帯・赤,
3277,裂破HS黒帯・赤,
3278,神龍黒帯・白,
3279,神龍Ｆ黒帯・白,
3280,神龍FZ黒帯・白,
3281,神龍HC黒帯・白,
3282,神龍HS黒帯・白,
3283,裂破黒帯・白,
3284,裂破Ｆ黒帯・白,
3285,裂破FZ黒帯・白,
3286,裂破HC黒帯・白,
3287,裂破HS黒帯・白,
3288,神龍黒帯・紫,
3289,神龍Ｆ黒帯・紫,
3290,神龍FZ黒帯・紫,
3291,神龍HC黒帯・紫,
3292,神龍HS黒帯・紫,
3293,裂破黒帯・紫,
3294,裂破Ｆ黒帯・紫,
3295,裂破FZ黒帯・紫,
3296,裂破HC黒帯・紫,
3297,裂破HS黒帯・紫,
3298,神龍黒帯・黄,
3299,神龍Ｆ黒帯・黄,
3300,神龍FZ黒帯・黄,
3301,神龍HC黒帯・黄,
3302,神龍HS黒帯・黄,
3303,裂破黒帯・黄,
3304,裂破Ｆ黒帯・黄,
3305,裂破FZ黒帯・黄,
3306,裂破HC黒帯・黄,
3307,裂破HS黒帯・黄,
3308,キャノンウィル・水,
3309,キャノンＦウィル・水,
3310,キャノンFZウィル・水,
3311,キャノンHCウィル・水,
3312,キャノンHSウィル・水,
3313,アクセルウィル・水,
3314,アクセルＦウィル・水,
3315,アクセルFZウィル・水,
3316,アクセルHCウィル・水,
3317,アクセルHSウィル・水,
3318,キャノンウィル・緑,
3319,キャノンＦウィル・緑,
3320,キャノンFZウィル・緑,
3321,キャノンHCウィル・緑,
3322,キャノンHSウィル・緑,
3323,アクセルウィル・緑,
3324,アクセルＦウィル・緑,
3325,アクセルFZウィル・緑,
3326,アクセルHCウィル・緑,
3327,アクセルHSウィル・緑,
3328,キャノンウィル・桃,
3329,キャノンＦウィル・桃,
3330,キャノンFZウィル・桃,
3331,キャノンHCウィル・桃,
3332,キャノンHSウィル・桃,
3333,アクセルウィル・桃,
3334,アクセルＦウィル・桃,
3335,アクセルFZウィル・桃,
3336,アクセルHCウィル・桃,
3337,アクセルHSウィル・桃,
3338,キャノンウィル・紫,
3339,キャノンＦウィル・紫,
3340,キャノンFZウィル・紫,
3341,キャノンHCウィル・紫,
3342,キャノンHSウィル・紫,
3343,アクセルウィル・紫,
3344,アクセルＦウィル・紫,
3345,アクセルFZウィル・紫,
3346,アクセルHCウィル・紫,
3347,アクセルHSウィル・紫,
3348,剣士ランク8,
3349,剣士ランク9,
3350,ガンランク8,
3351,ガンランク9,
3352,ダミー,
3353,ダミー,
3354,ダミー,
3355,ダミー,
3356,ダミー,
3357,ダミー,
3358,ダミー,
3359,ダミー,
3360,ダミー,
3361,ダミー,
3362,ダミー,
3363,ダミー,
3364,ダミー,
3365,ダミー,
3366,ダミー,
3367,ダミー,
3368,ダミー,
3369,ダミー,
3370,ダミー,
3371,ダミー,
3372,ダミー,
3373,ダミー,
3374,ダミー,
3375,ダミー,
3376,ダミー,
3377,ダミー,
3378,ダミー,
3379,ダミー,
3380,ダミー,
3381,ダミー,
3382,ダミー,
3383,ダミー,
3384,ダミー,
3385,ダミー,
3386,ホープベルト,Ceinture Espoir
3387,エミットフォールド,
3388,エミットＦフォールド,
3389,エミットFXフォールド,
3390,エミットコート,
3391,エミットＦコート,
3392,エミットFXコート,
3393,ディボアフォールド,Tassettes Diboa
3394,ディボアＦフォールド,Tassettes Diboa F
3395,ディボアFXフォールド,Tassettes Diboa FX
3396,ディボアコート,Manteau Diboa
3397,ディボアＦコート,Manteau Diboa F
3398,ディボアFXコート,Manteau Diboa FX
3399,ピエトラＧフォールド,Tassettes Pietra G
3400,ピエトラGFフォールド,Tassettes Pietra GF
3401,ピエトラＧコート,Manteau Pietra G
3402,ピエトラGFコート,Manteau Pietra GF
3403,ポカラＧフォールド,Tassettes Pokara G
3404,ポカラGFフォールド,Tassettes Pokara GF
3405,ポカラＧコート,Manteau Pokara G
3406,ポカラGFコート,Manteau Pokara GF
3407,ザザミＧフォールド,Tassettes Hermitaur G
3408,ザザミGFフォールド,Tassettes Hermitaur GF
3409,ザザミＧコート,Manteau Hermitaur G
3410,ザザミGFコート,Manteau Hermitaur GF
3411,クックＧフォールド,Tassettes Kut-Ku G
3412,クックGFフォールド,Tassettes Kut-Ku GF
3413,クックＧコート,Manteau Kut-Ku G
3414,クックGFコート,Manteau Kut-Ku GF
3415,ファルノＧフォールド,Tassettes Farunokku G
3416,ファルノGFフォールド,Tassettes Farunokku GF
3417,ファルノＧコート,Manteau Farunokku G
3418,ファルノGFコート,Manteau Farunokku GF
3419,ゲリョスＧフォールド,Tassettes Gypceros G
3420,ゲリョスGFフォールド,Tassettes Gypceros GF
3421,ゲリョスＧコート,Manteau Gypceros G
3422,ゲリョスGFコート,Manteau Gypceros GF
3423,コンガＧフォールド,Tassettes Conga G
3424,コンガGFフォールド,Tassettes Conga GF
3425,コンガＧコート,Manteau Conga G
3426,コンガGFコート,Manteau Conga GF
3427,ヘッジＧフォールド,Tassettes Hyuji G
3428,ヘッジGFフォールド,Tassettes Hyuji GF
3429,ヘッジＧコート,Manteau Hyuji G
3430,ヘッジGFコート,Manteau Hyuji GF
3431,バサルＧフォールド,Tassettes Basarios G
3432,バサルGFフォールド,Tassettes Basarios GF
3433,バサルＧコート,Manteau Basarios G
3434,バサルGFコート,Manteau Basarios GF
3435,レイアＧフォールド,Tassettes Rathian G
3436,レイアGFフォールド,Tassettes Rathian GF
3437,レイアＧコート,Manteau Rathian G
3438,レイアGFコート,Manteau Rathian GF
3439,ギザミＧフォールド,Tassettes Ceanataur G
3440,ギザミGFフォールド,Tassettes Ceanataur GF
3441,ギザミＧコート,Manteau Ceanataur G
3442,ギザミGFコート,Manteau Ceanataur GF
3443,御神楽Ｇ【腰当て】,
3444,御神楽GF【腰当て】,
3445,里神楽Ｇ【腰当て】,
3446,里神楽GF【腰当て】,
3447,レウスＧフォールド,Tassettes Rathalos G
3448,レウスGFフォールド,Tassettes Rathalos GF
3449,レウスＧコート,Manteau Rathalos G
3450,レウスGFコート,Manteau Rathalos GF
3451,ブランゴＧフォールド,Tassettes Blango G
3452,ブランゴGFフォールド,Tassettes Blango GF
3453,ブランゴＧコート,Manteau Blango G
3454,ブランゴGFコート,Manteau Blango GF
3455,フルフルＧフォールド,Tassettes Khezu G
3456,フルフルGFフォールド,Tassettes Khezu GF
3457,フルフルＧコート,Manteau Khezu G
3458,フルフルGFコート,Manteau Khezu GF
3459,ホープＧフォールド,Tassettes Espoir G
3460,ホープGFフォールド,Tassettes Espoir GF
3461,ホープＧコート,Manteau Espoir G
3462,ホープGFコート,Manteau Espoir GF
3463,グラッシュコイル,
3464,グラッシュＦコイル,
3465,グラッシュFYコイル,
3466,グラッシュHCコイル,
3467,グラッシュコート,
3468,グラッシュＦコート,
3469,グラッシュFYコート,
3470,グラッシュHCコート,
3471,タンドレスコイル,Ceinturon Tandress
3472,タンドレスＦコイル,Ceinturon Tandress F
3473,タンドレスFYコイル,Ceinturon Tandress FY
3474,タンドレスHCコイル,Ceinturon Tandress HC
3475,タンドレスコート,Manteau Tandress
3476,タンドレスＦコート,Manteau Tandress F
3477,タンドレスFYコート,Manteau Tandress FY
3478,タンドレスHCコート,Manteau Tandress HC
3479,ダミー,
3480,ダミー,
3481,ダミー,
3482,ダミー,
3483,ダミー,
3484,ダミー,
3485,ダミー,
3486,ダミー,
3487,ロウセスＧフォールド,Tassettes Roses G
3488,ロウセスＧコート,Manteau Roses G
3489,シェルカＧコイル,
3490,チェスカＧコート,
3491,ロアースＧコイル,
3492,ライードＧコート,
3493,蒼竜ノ具足【腰帯】,
3494,蒼竜ノ具足Ｆ【腰帯】,
3495,蒼竜ノ具足FZ【腰帯】,
3496,蒼竜ノ具足HC【腰帯】,
3497,蒼竜ノ具足HS【腰帯】,
3498,蒼竜ノ羽織【腰帯】,
3499,蒼竜ノ羽織Ｆ【腰帯】,
3500,蒼竜ノ羽織FZ【腰帯】,
3501,蒼竜ノ羽織HC【腰帯】,
3502,蒼竜ノ羽織HS【腰帯】,
3503,オービスベルト,Ceinture Ukon
3504,オービスＦベルト,Ceinture Ukon F
3505,オービスFZベルト,Ceinture Ukon FZ
3506,オービスHCベルト,Ceinture Ukon HC
3507,オービスバックル,
3508,オービスＦバックル,
3509,オービスFZバックル,
3510,オービスHCバックル,
3511,オービスHSベルト,Ceinture Ukon HS
3512,オービスGSベルト,Ceinture Ukon GS
3513,オービスHSバックル,
3514,オービスGSバックル,
3515,蒼竜ノ具足GS【腰帯】,
3516,蒼竜ノ羽織GS【腰帯】,
3517,ロウセスGFフォールド,Tassettes Roses GF
3518,ロウセスGFコート,Manteau Roses GF
3519,ダミー,
3520,ダミー,
3521,マゴスコイル・黄,Ceinturon Magos jaune
3522,マゴスＦコイル・黄,Ceinturon Magos F jaune
3523,マゴスFZコイル・黄,Ceinturon Magos FZ jaune
3524,マゴスHCコイル・黄,Ceinturon Magos HC jaune
3525,マゴスHSコイル・黄,Ceinturon Magos HS jaune
3526,マゴスコート・黄,Manteau Magos jaune
3527,マゴスＦコート・黄,Manteau Magos F jaune
3528,マゴスFZコート・黄,Manteau Magos FZ jaune
3529,マゴスHCコート・黄,Manteau Magos HC jaune
3530,マゴスHSコート・黄,Manteau Magos HS jaune
3531,マゴスコイル・赤,Ceinturon Magos rouge
3532,マゴスＦコイル・赤,Ceinturon Magos F rouge
3533,マゴスFZコイル・赤,Ceinturon Magos FZ rouge
3534,マゴスHCコイル・赤,Ceinturon Magos HC rouge
3535,マゴスHSコイル・赤,Ceinturon Magos HS rouge
3536,マゴスコート・赤,Manteau Magos rouge
3537,マゴスＦコート・赤,Manteau Magos F rouge
3538,マゴスFZコート・赤,Manteau Magos FZ rouge
3539,マゴスHCコート・赤,Manteau Magos HC rouge
3540,マゴスHSコート・赤,Manteau Magos HS rouge
3541,マゴスコイル・水,
3542,マゴスＦコイル・水,
3543,マゴスFZコイル・水,
3544,マゴスHCコイル・水,
3545,マゴスHSコイル・水,
3546,マゴスコート・水,
3547,マゴスＦコート・水,
3548,マゴスFZコート・水,
3549,マゴスHCコート・水,
3550,マゴスHSコート・水,
3551,マゴスコイル・青,Ceinturon Magos bleu
3552,マゴスＦコイル・青,Ceinturon Magos F bleu
3553,マゴスFZコイル・青,Ceinturon Magos FZ bleu
3554,マゴスHCコイル・青,Ceinturon Magos HC bleu
3555,マゴスHSコイル・青,Ceinturon Magos HS bleu
3556,マゴスコート・青,Manteau Magos bleu
3557,マゴスＦコート・青,Manteau Magos F bleu
3558,マゴスFZコート・青,Manteau Magos FZ bleu
3559,マゴスHCコート・青,Manteau Magos HC bleu
3560,マゴスHSコート・青,Manteau Magos HS bleu
3561,マゴスGSコイル・黄,Ceinturon Magos GS jaune
3562,マゴスGSコート・黄,Manteau Magos GS jaune
3563,マゴスGSコイル・赤,Ceinturon Magos GS rouge
3564,マゴスGSコート・赤,Manteau Magos GS rouge
3565,マゴスGSコイル・水,
3566,マゴスGSコート・水,
3567,マゴスGSコイル・青,Ceinturon Magos GS bleu
3568,マゴスGSコート・青,Manteau Magos GS bleu
3569,赤備ノ具足【腰帯】,
3570,赤備ノ具足Ｆ【腰帯】,
3571,赤備ノ具足FZ【腰帯】,
3572,赤備ノ具足HC【腰帯】,
3573,赤備ノ具足HS【腰帯】,
3574,赤備ノ具足GS【腰帯】,
3575,赤備ノ羽織【腰帯】,
3576,赤備ノ羽織Ｆ【腰帯】,
3577,赤備ノ羽織FZ【腰帯】,
3578,赤備ノ羽織HC【腰帯】,
3579,赤備ノ羽織HS【腰帯】,
3580,赤備ノ羽織GS【腰帯】,
3581,ミクコイル,Ceinturon Miku
3582,ミクＦコイル,Ceinturon Miku F
3583,ミクFZコイル,Ceinturon Miku FZ
3584,ミクHCコイル,Ceinturon Miku HC
3585,ミクHSコイル,Ceinturon Miku HS
3586,ミクGSコイル,Ceinturon Miku GS
3587,ミクコート,Manteau Miku
3588,ミクＦコート,Manteau Miku F
3589,ミクFZコート,Manteau Miku FZ
3590,ミクHCコート,Manteau Miku HC
3591,ミクHSコート,Manteau Miku HS
3592,ミクGSコート,Manteau Miku GS
3593,赤原礼装・腰：剣赤,Taille Akahara Lame rouge
3594,赤原礼装・腰：剣Ｆ赤,Taille Akahara F Lame rouge
3595,赤原礼装・腰：剣FZ赤,Taille Akahara FZ Lame rouge
3596,赤原礼装・腰：剣HC赤,Taille Akahara HC Lame rouge
3597,赤原礼装・腰：剣HS赤,Taille Akahara HS Lame rouge
3598,赤原礼装・腰：剣GS赤,Taille Akahara GS Lame rouge
3599,赤原礼装・腰：弓赤,Taille Akahara Arc rouge
3600,赤原礼装・腰：弓Ｆ赤,Taille Akahara F Arc rouge
3601,赤原礼装・腰：弓FZ赤,Taille Akahara FZ Arc rouge
3602,赤原礼装・腰：弓HC赤,Taille Akahara HC Arc rouge
3603,赤原礼装・腰：弓HS赤,Taille Akahara HS Arc rouge
3604,赤原礼装・腰：弓GS赤,Taille Akahara GS Arc rouge
3605,赤原礼装・腰：剣青,Taille Akahara Lame bleue
3606,赤原礼装・腰：剣Ｆ青,Taille Akahara F Lame bleue
3607,赤原礼装・腰：剣FZ青,Taille Akahara FZ Lame bleue
3608,赤原礼装・腰：剣HC青,Taille Akahara HC Lame bleue
3609,赤原礼装・腰：剣HS青,Taille Akahara HS Lame bleue
3610,赤原礼装・腰：剣GS青,Taille Akahara GS Lame bleue
3611,赤原礼装・腰：弓青,Taille Akahara Arc bleue
3612,赤原礼装・腰：弓Ｆ青,Taille Akahara F Arc bleue
3613,赤原礼装・腰：弓FZ青,Taille Akahara FZ Arc bleue
3614,赤原礼装・腰：弓HC青,Taille Akahara HC Arc bleue
3615,赤原礼装・腰：弓HS青,Taille Akahara HS Arc bleue
3616,赤原礼装・腰：弓GS青,Taille Akahara GS Arc bleue
3617,赤原礼装・腰：剣黒,Taille Akahara Lame noire
3618,赤原礼装・腰：剣Ｆ黒,Taille Akahara F Lame noire
3619,赤原礼装・腰：剣FZ黒,Taille Akahara FZ Lame noire
3620,赤原礼装・腰：剣HC黒,Taille Akahara HC Lame noire
3621,赤原礼装・腰：剣HS黒,Taille Akahara HS Lame noire
3622,赤原礼装・腰：剣GS黒,Taille Akahara GS Lame noire
3623,赤原礼装・腰：弓黒,Taille Akahara Arc noire
3624,赤原礼装・腰：弓Ｆ黒,Taille Akahara F Arc noire
3625,赤原礼装・腰：弓FZ黒,Taille Akahara FZ Arc noire
3626,赤原礼装・腰：弓HC黒,Taille Akahara HC Arc noire
3627,赤原礼装・腰：弓HS黒,Taille Akahara HS Arc noire
3628,赤原礼装・腰：弓GS黒,Taille Akahara GS Arc noire
3629,赤原礼装・腰：剣白,Taille Akahara Lame blanche
3630,赤原礼装・腰：剣Ｆ白,Taille Akahara F Lame blanche
3631,赤原礼装・腰：剣FZ白,Taille Akahara FZ Lame blanche
3632,赤原礼装・腰：剣HC白,Taille Akahara HC Lame blanche
3633,赤原礼装・腰：剣HS白,Taille Akahara HS Lame blanche
3634,赤原礼装・腰：剣GS白,Taille Akahara GS Lame blanche
3635,赤原礼装・腰：弓白,Taille Akahara Arc blanche
3636,赤原礼装・腰：弓Ｆ白,Taille Akahara F Arc blanche
3637,赤原礼装・腰：弓FZ白,Taille Akahara FZ Arc blanche
3638,赤原礼装・腰：弓HC白,Taille Akahara HC Arc blanche
3639,赤原礼装・腰：弓HS白,Taille Akahara HS Arc blanche
3640,赤原礼装・腰：弓GS白,Taille Akahara GS Arc blanche
3641,騎士王の腰当：剣青,
3642,騎士王の腰当：剣Ｆ青,
3643,騎士王の腰当：剣FZ青,
3644,騎士王の腰当：剣HC青,
3645,騎士王の腰当：剣HS青,
3646,騎士王の腰当：剣GS青,
3647,騎士王の腰当：弓青,
3648,騎士王の腰当：弓Ｆ青,
3649,騎士王の腰当：弓FZ青,
3650,騎士王の腰当：弓HC青,
3651,騎士王の腰当：弓HS青,
3652,騎士王の腰当：弓GS青,
3653,騎士王の腰当：剣赤,
3654,騎士王の腰当：剣Ｆ赤,
3655,騎士王の腰当：剣FZ赤,
3656,騎士王の腰当：剣HC赤,
3657,騎士王の腰当：剣HS赤,
3658,騎士王の腰当：剣GS赤,
3659,騎士王の腰当：弓赤,
3660,騎士王の腰当：弓Ｆ赤,
3661,騎士王の腰当：弓FZ赤,
3662,騎士王の腰当：弓HC赤,
3663,騎士王の腰当：弓HS赤,
3664,騎士王の腰当：弓GS赤,
3665,騎士王の腰当：剣黒,
3666,騎士王の腰当：剣Ｆ黒,
3667,騎士王の腰当：剣FZ黒,
3668,騎士王の腰当：剣HC黒,
3669,騎士王の腰当：剣HS黒,
3670,騎士王の腰当：剣GS黒,
3671,騎士王の腰当：弓黒,
3672,騎士王の腰当：弓Ｆ黒,
3673,騎士王の腰当：弓FZ黒,
3674,騎士王の腰当：弓HC黒,
3675,騎士王の腰当：弓HS黒,
3676,騎士王の腰当：弓GS黒,
3677,騎士王の腰当：剣白,
3678,騎士王の腰当：剣Ｆ白,
3679,騎士王の腰当：剣FZ白,
3680,騎士王の腰当：剣HC白,
3681,騎士王の腰当：剣HS白,
3682,騎士王の腰当：剣GS白,
3683,騎士王の腰当：弓白,
3684,騎士王の腰当：弓Ｆ白,
3685,騎士王の腰当：弓FZ白,
3686,騎士王の腰当：弓HC白,
3687,騎士王の腰当：弓HS白,
3688,騎士王の腰当：弓GS白,
3689,ヴェルフFZフォールド,Tassettes Welf FZ
3690,ヴェルフHCフォールド,Tassettes Welf HC
3691,ヴェルフFZコート,Manteau Welf FZ
3692,ヴェルフHCコート,Manteau Welf HC
3693,テリオグFZフォールド,
3694,テリオグHCフォールド,
3695,テリオグFZコート,
3696,テリオグHCコート,
3697,ベイルFZリフレクサー,
3698,ベイルHCリフレクサー,
3699,ピエトラGXフォールド,Tassettes Pietra GX
3700,ピエトラGXコート,Manteau Pietra GX
3701,ポカラGXフォールド,Tassettes Pokara GX
3702,ポカラGXコート,Manteau Pokara GX
3703,ザザミGXフォールド,Tassettes Hermitaur GX
3704,ザザミGXコート,Manteau Hermitaur GX
3705,クックGXフォールド,Tassettes Kut-Ku GX
3706,クックGXコート,Manteau Kut-Ku GX
3707,ファルノGXフォールド,Tassettes Farunokku GX
3708,ファルノGXコート,Manteau Farunokku GX
3709,ゲリョスGXフォールド,Tassettes Gypceros GX
3710,ゲリョスGXコート,Manteau Gypceros GX
3711,コンガGXフォールド,Tassettes Conga GX
3712,コンガGXコート,Manteau Conga GX
3713,ヘッジGXフォールド,Tassettes Hyuji GX
3714,ヘッジGXコート,Manteau Hyuji GX
3715,バサルGXフォールド,Tassettes Basarios GX
3716,バサルGXコート,Manteau Basarios GX
3717,レイアGXフォールド,Tassettes Rathian GX
3718,レイアGXコート,Manteau Rathian GX
3719,ギザミGXフォールド,Tassettes Ceanataur GX
3720,ギザミGXコート,Manteau Ceanataur GX
3721,御神楽GX【腰当て】,
3722,里神楽GX【腰当て】,
3723,レウスGXフォールド,Tassettes Rathalos GX
3724,レウスGXコート,Manteau Rathalos GX
3725,ブランゴGXフォールド,Tassettes Blango GX
3726,ブランゴGXコート,Manteau Blango GX
3727,フルフルGXフォールド,Tassettes Khezu GX
3728,フルフルGXコート,Manteau Khezu GX
3729,ホープGXフォールド,Tassettes Espoir GX
3730,ホープGXコート,Manteau Espoir GX
3731,マグシアＧフォールド,Tassettes Gougarf G
3732,マグシアGFフォールド,Tassettes Gougarf GF
3733,マグシアGXフォールド,Tassettes Gougarf GX
3734,マグシアＧコート,Manteau Gougarf G
3735,マグシアGFコート,Manteau Gougarf GF
3736,マグシアGXコート,Manteau Gougarf GX
3737,ショウロウ【越腰】Ｇ,
3738,ショウロウ【越腰】GF,
3739,ショウロウ【越腰】GX,
3740,ミタマ【越腰】Ｇ,
3741,ミタマ【越腰】GF,
3742,ミタマ【越腰】GX,
3743,サベージＧフォールド,Tassettes Giaorugu G
3744,サベージGFフォールド,Tassettes Giaorugu GF
3745,サベージGXフォールド,Tassettes Giaorugu GX
3746,サベージＧコート,Manteau Giaorugu G
3747,サベージGFコート,Manteau Giaorugu GF
3748,サベージGXコート,Manteau Giaorugu GX
3749,グラビドＧフォールド,Tassettes Gravios G
3750,グラビドGFフォールド,Tassettes Gravios GF
3751,グラビドGXフォールド,Tassettes Gravios GX
3752,グラビドＧコート,Manteau Gravios G
3753,グラビドGFコート,Manteau Gravios GF
3754,グラビドGXコート,Manteau Gravios GX
3755,レックスＧフォールド,Tassettes Tigrex G
3756,レックスGFフォールド,Tassettes Tigrex GF
3757,レックスGXフォールド,Tassettes Tigrex GX
3758,レックスＧコート,Manteau Tigrex G
3759,レックスGFコート,Manteau Tigrex GF
3760,レックスGXコート,Manteau Tigrex GX
3761,パリアＧフォールド,Tassettes Paria G
3762,パリアGFフォールド,Tassettes Paria GF
3763,パリアGXフォールド,Tassettes Paria GX
3764,パリアＧコート,Manteau Paria G
3765,パリアGFコート,Manteau Paria GF
3766,パリアGXコート,Manteau Paria GX
3767,トルペドＧフォールド,Tassettes Torpille G
3768,トルペドGFフォールド,Tassettes Torpille GF
3769,トルペドGXフォールド,Tassettes Torpille GX
3770,トルペドＧコート,Manteau Torpille G
3771,トルペドGFコート,Manteau Torpille GF
3772,トルペドGXコート,Manteau Torpille GX
3773,ラヴァＧフォールド,Tassettes Lavasioth G
3774,ラヴァGFフォールド,Tassettes Lavasioth GF
3775,ラヴァGXフォールド,Tassettes Lavasioth GX
3776,ラヴァＧコート,Manteau Lavasioth G
3777,ラヴァGFコート,Manteau Lavasioth GF
3778,ラヴァGXコート,Manteau Lavasioth GX
3779,エスピナＧナーベル,
3780,エスピナGFナーベル,
3781,エスピナGXナーベル,
3782,エスピナＧガイツ,
3783,エスピナGFガイツ,
3784,エスピナGXガイツ,
3785,金色ノ帯・Ｇ,
3786,金色ノ帯・GF,
3787,金色ノ帯・GX,
3788,黒子ノ帯・Ｇ,
3789,黒子ノ帯・GF,
3790,黒子ノ帯・GX,
3791,レビＧウイング,
3792,レビGFウイング,
3793,レビGXウイング,
3794,レビＧテイル,
3795,レビGFテイル,
3796,レビGXテイル,
3797,ガルルガＧフォールド,Tassettes Garuga G
3798,ガルルガGFフォールド,Tassettes Garuga GF
3799,ガルルガGXフォールド,Tassettes Garuga GX
3800,ガルルガＧコート,Manteau Garuga G
3801,ガルルガGFコート,Manteau Garuga GF
3802,ガルルガGXコート,Manteau Garuga GX
3803,アクラＧフォールド,Tassettes Akura G
3804,アクラGFフォールド,Tassettes Akura GF
3805,アクラGXフォールド,Tassettes Akura GX
3806,アクラＧコート,Manteau Akura G
3807,アクラGFコート,Manteau Akura GF
3808,アクラGXコート,Manteau Akura GX
3809,グレンＧフォールド,Tassettes Guren G
3810,グレンGFフォールド,Tassettes Guren GF
3811,グレンGXフォールド,Tassettes Guren GX
3812,グレンＧコート,Manteau Guren G
3813,グレンGFコート,Manteau Guren GF
3814,グレンGXコート,Manteau Guren GX
3815,稲荷・Ｇ【腰当て】,
3816,稲荷・GF【腰当て】,
3817,稲荷・GX【腰当て】,
3818,玉藻・Ｇ【腰当て】,
3819,玉藻・GF【腰当て】,
3820,玉藻・GX【腰当て】,
3821,ディスＧフォールド,Tassettes Disu G
3822,ディスGFフォールド,Tassettes Disu GF
3823,ディスGXフォールド,Tassettes Disu GX
3824,ディスＧコート,Manteau Disu G
3825,ディスGFコート,Manteau Disu GF
3826,ディスGXコート,Manteau Disu GX
3827,黒影ノ帯・Ｇ,
3828,黒影ノ帯・GF,
3829,黒影ノ帯・GX,
3830,黒陰ノ帯・Ｇ,
3831,黒陰ノ帯・GF,
3832,黒陰ノ帯・GX,
3833,白虎・剣聖Ｇコイル,
3834,白虎・剣聖GFコイル,
3835,朱雀・剣聖Ｇコイル,
3836,朱雀・剣聖GFコイル,
3837,玄武・剣聖Ｇコイル,
3838,玄武・剣聖GFコイル,
3839,青龍・剣聖Ｇコイル,
3840,青龍・剣聖GFコイル,
3841,白虎・双龍Ｇコイル,
3842,白虎・双龍GFコイル,
3843,朱雀・双龍Ｇコイル,
3844,朱雀・双龍GFコイル,
3845,玄武・双龍Ｇコイル,
3846,玄武・双龍GFコイル,
3847,青龍・双龍Ｇコイル,
3848,青龍・双龍GFコイル,
3849,白虎・剣王Ｇコイル,
3850,白虎・剣王GFコイル,
3851,朱雀・剣王Ｇコイル,
3852,朱雀・剣王GFコイル,
3853,玄武・剣王Ｇコイル,
3854,玄武・剣王GFコイル,
3855,青龍・剣王Ｇコイル,
3856,青龍・剣王GFコイル,
3857,白虎・刀神Ｇコイル,
3858,白虎・刀神GFコイル,
3859,朱雀・刀神Ｇコイル,
3860,朱雀・刀神GFコイル,
3861,玄武・刀神Ｇコイル,
3862,玄武・刀神GFコイル,
3863,青龍・刀神Ｇコイル,
3864,青龍・刀神GFコイル,
3865,白虎・天槍Ｇコイル,
3866,白虎・天槍GFコイル,
3867,朱雀・天槍Ｇコイル,
3868,朱雀・天槍GFコイル,
3869,玄武・天槍Ｇコイル,
3870,玄武・天槍GFコイル,
3871,青龍・天槍Ｇコイル,
3872,青龍・天槍GFコイル,
3873,白虎・砲皇Ｇコイル,
3874,白虎・砲皇GFコイル,
3875,朱雀・砲皇Ｇコイル,
3876,朱雀・砲皇GFコイル,
3877,玄武・砲皇Ｇコイル,
3878,玄武・砲皇GFコイル,
3879,青龍・砲皇Ｇコイル,
3880,青龍・砲皇GFコイル,
3881,白虎・鈍器獣Ｇコイル,
3882,白虎・鈍器獣GFコイル,
3883,朱雀・鈍器獣Ｇコイル,
3884,朱雀・鈍器獣GFコイル,
3885,玄武・鈍器獣Ｇコイル,
3886,玄武・鈍器獣GFコイル,
3887,青龍・鈍器獣Ｇコイル,
3888,青龍・鈍器獣GFコイル,
3889,白虎・奏帝Ｇコイル,
3890,白虎・奏帝GFコイル,
3891,朱雀・奏帝Ｇコイル,
3892,朱雀・奏帝GFコイル,
3893,玄武・奏帝Ｇコイル,
3894,玄武・奏帝GFコイル,
3895,青龍・奏帝Ｇコイル,
3896,青龍・奏帝GFコイル,
3897,白虎・銃傑Ｇコート,
3898,白虎・銃傑GFコート,
3899,朱雀・銃傑Ｇコート,
3900,朱雀・銃傑GFコート,
3901,玄武・銃傑Ｇコート,
3902,玄武・銃傑GFコート,
3903,青龍・銃傑Ｇコート,
3904,青龍・銃傑GFコート,
3905,白虎・銃仙Ｇコート,
3906,白虎・銃仙GFコート,
3907,朱雀・銃仙Ｇコート,
3908,朱雀・銃仙GFコート,
3909,玄武・銃仙Ｇコート,
3910,玄武・銃仙GFコート,
3911,青龍・銃仙Ｇコート,
3912,青龍・銃仙GFコート,
3913,白虎・弓鬼Ｇコート,
3914,白虎・弓鬼GFコート,
3915,朱雀・弓鬼Ｇコート,
3916,朱雀・弓鬼GFコート,
3917,玄武・弓鬼Ｇコート,
3918,玄武・弓鬼GFコート,
3919,青龍・弓鬼Ｇコート,
3920,青龍・弓鬼GFコート,
3921,オディバＧフォールド,Tassettes Odiva G
3922,オディバＧコート,Manteau Odiva G
3923,ブリッツＧフープ,
3924,ブリッツＧショルト,
3925,フレイムＧコイル,Ceinturon Flamme G
3926,フレイムＧコート,Manteau Flamme G
3927,ウィンドＧアンダ,
3928,ウィンドＧアドミ,
3929,武者Ｇ【腰当て】,
3930,日光Ｇ【腰当て】,
3931,ワダツミＧ【丸帯】,
3932,オカミＧ【丸帯】,
3933,リルスＧフォールド,Tassettes Lils G
3934,リルスＧコート,Manteau Lils G
3935,アルゴルＧフォールド,Tassettes Algol G
3936,アルゴルＧコート,Manteau Algol G
3937,エミットＧフォールド,
3938,エミットＧコート,
3939,ディボアＧフォールド,Tassettes Diboa G
3940,ディボアＧコート,Manteau Diboa G
3941,鬼神ノ腰布,
3942,童子ノ腰布,
3943,レアーコイル,
3944,ハーデスコイル,
3945,レアーコート,
3946,ハーデスコート,
3947,ロウセスGXフォールド,Tassettes Roses GX
3948,ロウセスGXコート,Manteau Roses GX
3949,ストレガＧフォールド,Tassettes Strega G
3950,ストレガGFフォールド,Tassettes Strega GF
3951,ストレガGXフォールド,Tassettes Strega GX
3952,ストレガＧコート,Manteau Strega G
3953,ストレガGFコート,Manteau Strega GF
3954,ストレガGXコート,Manteau Strega GX
3955,ピクスコイル・緑,Ceinturon Pyx vert
3956,ピクスＦコイル・緑,Ceinturon Pyx F vert
3957,ピクスFZコイル・緑,Ceinturon Pyx FZ vert
3958,ピクスHCコイル・緑,Ceinturon Pyx HC vert
3959,ピクスHSコイル・緑,Ceinturon Pyx HS vert
3960,ピクスGSコイル・緑,Ceinturon Pyx GS vert
3961,ピクスコート・緑,Manteau Pyx vert
3962,ピクスＦコート・緑,Manteau Pyx F vert
3963,ピクスFZコート・緑,Manteau Pyx FZ vert
3964,ピクスHCコート・緑,Manteau Pyx HC vert
3965,ピクスHSコート・緑,Manteau Pyx HS vert
3966,ピクスGSコート・緑,Manteau Pyx GS vert
3967,ピクスコイル・紫,Ceinturon Pyx violet
3968,ピクスＦコイル・紫,Ceinturon Pyx F violet
3969,ピクスFZコイル・紫,Ceinturon Pyx FZ violet
3970,ピクスHCコイル・紫,Ceinturon Pyx HC violet
3971,ピクスHSコイル・紫,Ceinturon Pyx HS violet
3972,ピクスGSコイル・紫,Ceinturon Pyx GS violet
3973,ピクスコート・紫,Manteau Pyx violet
3974,ピクスＦコート・紫,Manteau Pyx F violet
3975,ピクスFZコート・紫,Manteau Pyx FZ violet
3976,ピクスHCコート・紫,Manteau Pyx HC violet
3977,ピクスHSコート・紫,Manteau Pyx HS violet
3978,ピクスGSコート・紫,Manteau Pyx GS violet
3979,ピクスコイル・黒,Ceinturon Pyx noir
3980,ピクスＦコイル・黒,Ceinturon Pyx F noir
3981,ピクスFZコイル・黒,Ceinturon Pyx FZ noir
3982,ピクスHCコイル・黒,Ceinturon Pyx HC noir
3983,ピクスHSコイル・黒,Ceinturon Pyx HS noir
3984,ピクスGSコイル・黒,Ceinturon Pyx GS noir
3985,ピクスコート・黒,Manteau Pyx noir
3986,ピクスＦコート・黒,Manteau Pyx F noir
3987,ピクスFZコート・黒,Manteau Pyx FZ noir
3988,ピクスHCコート・黒,Manteau Pyx HC noir
3989,ピクスHSコート・黒,Manteau Pyx HS noir
3990,ピクスGSコート・黒,Manteau Pyx GS noir
3991,ピクスコイル・水,
3992,ピクスＦコイル・水,
3993,ピクスFZコイル・水,
3994,ピクスHCコイル・水,
3995,ピクスHSコイル・水,
3996,ピクスGSコイル・水,
3997,ピクスコート・水,
3998,ピクスＦコート・水,
3999,ピクスFZコート・水,
4000,ピクスHCコート・水,
4001,ピクスHSコート・水,
4002,ピクスGSコート・水,
4003,ブライトフォールド,Tassettes Éclat
4004,ブライトＦフォールド,Tassettes Éclat F
4005,ブライトFZフォールド,Tassettes Éclat FZ
4006,ブライトHCフォールド,Tassettes Éclat HC
4007,ブライトHSフォールド,Tassettes Éclat HS
4008,ブライトGSフォールド,Tassettes Éclat GS
4009,ブライトコート,Manteau Éclat
4010,ブライトＦコート,Manteau Éclat F
4011,ブライトFZコート,Manteau Éclat FZ
4012,ブライトHCコート,Manteau Éclat HC
4013,ブライトHSコート,Manteau Éclat HS
4014,ブライトGSコート,Manteau Éclat GS
4015,ジュアリフォールド,Tassettes Juari
4016,ジュアリＦフォールド,Tassettes Juari F
4017,ジュアリFZフォールド,Tassettes Juari FZ
4018,ジュアリHCフォールド,Tassettes Juari HC
4019,ジュアリHSフォールド,Tassettes Juari HS
4020,ジュアリGSフォールド,Tassettes Juari GS
4021,ジュアリコート,Manteau Juari
4022,ジュアリＦコート,Manteau Juari F
4023,ジュアリFZコート,Manteau Juari FZ
4024,ジュアリHCコート,Manteau Juari HC
4025,ジュアリHSコート,Manteau Juari HS
4026,ジュアリGSコート,Manteau Juari GS
4027,ティンクフォールド,Tassettes Tinku
4028,ティンクＦフォールド,Tassettes Tinku F
4029,ティンクFZフォールド,Tassettes Tinku FZ
4030,ティンクHCフォールド,Tassettes Tinku HC
4031,ティンクHSフォールド,Tassettes Tinku HS
4032,ティンクGSフォールド,Tassettes Tinku GS
4033,ティンクコート,Manteau Tinku
4034,ティンクＦコート,Manteau Tinku F
4035,ティンクFZコート,Manteau Tinku FZ
4036,ティンクHCコート,Manteau Tinku HC
4037,ティンクHSコート,Manteau Tinku HS
4038,ティンクGSコート,Manteau Tinku GS
4039,レアルFZコイル・白,Ceinturon Real FZ blanc
4040,レアルHCコイル・白,Ceinturon Real HC blanc
4041,レアルHSコイル・白,Ceinturon Real HS blanc
4042,レアルGSコイル・白,Ceinturon Real GS blanc
4043,レアルFZコート・白,Manteau Real FZ blanc
4044,レアルHCコート・白,Manteau Real HC blanc
4045,レアルHSコート・白,Manteau Real HS blanc
4046,レアルGSコート・白,Manteau Real GS blanc
4047,リアンFZコイル・青,Ceinturon Rian FZ bleu
4048,リアンHCコイル・青,Ceinturon Rian HC bleu
4049,リアンHSコイル・青,Ceinturon Rian HS bleu
4050,リアンGSコイル・青,Ceinturon Rian GS bleu
4051,リアンFZコート・青,Manteau Rian FZ bleu
4052,リアンHCコート・青,Manteau Rian HC bleu
4053,リアンHSコート・青,Manteau Rian HS bleu
4054,リアンGSコート・青,Manteau Rian GS bleu
4055,メレティFZコイル・白,Ceinturon Meleti FZ blanc
4056,メレティHCコイル・白,Ceinturon Meleti HC blanc
4057,メレティHSコイル・白,Ceinturon Meleti HS blanc
4058,メレティGSコイル・白,Ceinturon Meleti GS blanc
4059,メレティFZコート・青,Manteau Meleti FZ bleu
4060,メレティHCコート・青,Manteau Meleti HC bleu
4061,メレティHSコート・青,Manteau Meleti HS bleu
4062,メレティGSコート・青,Manteau Meleti GS bleu
4063,リゲリアFZコイル・白,Ceinturon Ligeria FZ blanc
4064,リゲリアHCコイル・白,Ceinturon Ligeria HC blanc
4065,リゲリアHSコイル・白,Ceinturon Ligeria HS blanc
4066,リゲリアGSコイル・白,Ceinturon Ligeria GS blanc
4067,リゲリアFZコート・青,Manteau Ligeria FZ bleu
4068,リゲリアHCコート・青,Manteau Ligeria HC bleu
4069,リゲリアHSコート・青,Manteau Ligeria HS bleu
4070,リゲリアGSコート・青,Manteau Ligeria GS bleu
4071,スリートHSコイル・黄,Ceinturon Grésil HS jaune
4072,スリートGSコイル・黄,Ceinturon Grésil GS jaune
4073,スリートHSコート・黄,Manteau Grésil HS jaune
4074,スリートGSコート・黄,Manteau Grésil GS jaune
4075,ステノHSアンカー・橙,
4076,ステノGSアンカー・橙,
4077,ステノHSコート・橙,Manteau Stheno HS orange
4078,ステノGSコート・橙,Manteau Stheno GS orange
4079,エディオHCコイル・青,Ceinturon Edio HC bleu
4080,エディオHSコイル・青,Ceinturon Edio HS bleu
4081,エディオGSコイル・青,Ceinturon Edio GS bleu
4082,エディオHCコート・青,Manteau Edio HC bleu
4083,エディオHSコート・青,Manteau Edio HS bleu
4084,エディオGSコート・青,Manteau Edio GS bleu
4085,ガリトスHCベルト・茶,Ceinture Garitos HC brune
4086,ガリトスHSベルト・茶,Ceinture Garitos HS brune
4087,ガリトスGSベルト・茶,Ceinture Garitos GS brune
4088,ガリトスHCコート・茶,Manteau Garitos HC brun
4089,ガリトスHSコート・茶,Manteau Garitos HS brun
4090,ガリトスGSコート・茶,Manteau Garitos GS brun
4091,ロットベルト,
4092,ロットＦベルト,
4093,ロットFZベルト,
4094,ロットHCベルト,
4095,ロットHSベルト,
4096,ロットGSベルト,
4097,ロットバックル,
4098,ロットＦバックル,
4099,ロットFZバックル,
4100,ロットHCバックル,
4101,ロットHSバックル,
4102,ロットGSバックル,
4103,ブリンクＦベルト,
4104,ブリンクＦコート,
4105,スマートＦウエスト,
4106,スマートFZウエスト,
4107,スマートHCウエスト,
4108,マグシアFXフォールド,Tassettes Gougarf FX
4109,マグシアHSフォールド,Tassettes Gougarf HS
4110,マグシアFXコート,Manteau Gougarf FX
4111,マグシアHSコート,Manteau Gougarf HS
4112,レギュクスHCコイル,Ceinturon Regyukusu HC
4113,レギュクスHSコイル,Ceinturon Regyukusu HS
4114,レギュクスGSコイル,Ceinturon Regyukusu GS
4115,レギュクスHCコート,Manteau Regyukusu HC
4116,レギュクスHSコート,Manteau Regyukusu HS
4117,レギュクスGSコート,Manteau Regyukusu GS
4118,ピスティスHCコイル,Ceinturon Pistis HC
4119,ピスティスHSコイル,Ceinturon Pistis HS
4120,ピスティスGSコイル,Ceinturon Pistis GS
4121,ピスティスHCコート,Manteau Pistis HC
4122,ピスティスHSコート,Manteau Pistis HS
4123,ピスティスGSコート,Manteau Pistis GS
4124,星祭FZ帯【赤】,
4125,星祭HC帯【赤】,
4126,星祭HS帯【赤】,
4127,星祭GS帯【赤】,
4128,七夕FZ帯【赤】,
4129,七夕HC帯【赤】,
4130,七夕HS帯【赤】,
4131,七夕GS帯【赤】,
4132,レアルFZコイル・金,Ceinturon Real FZ doré
4133,レアルHCコイル・金,Ceinturon Real HC doré
4134,レアルHSコイル・金,Ceinturon Real HS doré
4135,レアルGSコイル・金,Ceinturon Real GS doré
4136,レアルFZコート・金,Manteau Real FZ doré
4137,レアルHCコート・金,Manteau Real HC doré
4138,レアルHSコート・金,Manteau Real HS doré
4139,レアルGSコート・金,Manteau Real GS doré
4140,レアルFZコイル・青,Ceinturon Real FZ bleu
4141,レアルHCコイル・青,Ceinturon Real HC bleu
4142,レアルHSコイル・青,Ceinturon Real HS bleu
4143,レアルGSコイル・青,Ceinturon Real GS bleu
4144,レアルFZコート・青,Manteau Real FZ bleu
4145,レアルHCコート・青,Manteau Real HC bleu
4146,レアルHSコート・青,Manteau Real HS bleu
4147,レアルGSコート・青,Manteau Real GS bleu
4148,レアルFZコイル・赤,Ceinturon Real FZ rouge
4149,レアルHCコイル・赤,Ceinturon Real HC rouge
4150,レアルHSコイル・赤,Ceinturon Real HS rouge
4151,レアルGSコイル・赤,Ceinturon Real GS rouge
4152,レアルFZコート・赤,Manteau Real FZ rouge
4153,レアルHCコート・赤,Manteau Real HC rouge
4154,レアルHSコート・赤,Manteau Real HS rouge
4155,レアルGSコート・赤,Manteau Real GS rouge
4156,リアンFZコイル・赤,Ceinturon Rian FZ rouge
4157,リアンHCコイル・赤,Ceinturon Rian HC rouge
4158,リアンHSコイル・赤,Ceinturon Rian HS rouge
4159,リアンGSコイル・赤,Ceinturon Rian GS rouge
4160,リアンFZコート・赤,Manteau Rian FZ rouge
4161,リアンHCコート・赤,Manteau Rian HC rouge
4162,リアンHSコート・赤,Manteau Rian HS rouge
4163,リアンGSコート・赤,Manteau Rian GS rouge
4164,リアンFZコイル・黒,Ceinturon Rian FZ noir
4165,リアンHCコイル・黒,Ceinturon Rian HC noir
4166,リアンHSコイル・黒,Ceinturon Rian HS noir
4167,リアンGSコイル・黒,Ceinturon Rian GS noir
4168,リアンFZコート・黒,Manteau Rian FZ noir
4169,リアンHCコート・黒,Manteau Rian HC noir
4170,リアンHSコート・黒,Manteau Rian HS noir
4171,リアンGSコート・黒,Manteau Rian GS noir
4172,リアンFZコイル・白,Ceinturon Rian FZ blanc
4173,リアンHCコイル・白,Ceinturon Rian HC blanc
4174,リアンHSコイル・白,Ceinturon Rian HS blanc
4175,リアンGSコイル・白,Ceinturon Rian GS blanc
4176,リアンFZコート・白,Manteau Rian FZ blanc
4177,リアンHCコート・白,Manteau Rian HC blanc
4178,リアンHSコート・白,Manteau Rian HS blanc
4179,リアンGSコート・白,Manteau Rian GS blanc
4180,メレティFZコイル・赤,Ceinturon Meleti FZ rouge
4181,メレティHCコイル・赤,Ceinturon Meleti HC rouge
4182,メレティHSコイル・赤,Ceinturon Meleti HS rouge
4183,メレティGSコイル・赤,Ceinturon Meleti GS rouge
4184,メレティFZコイル・青,Ceinturon Meleti FZ bleu
4185,メレティHCコイル・青,Ceinturon Meleti HC bleu
4186,メレティHSコイル・青,Ceinturon Meleti HS bleu
4187,メレティGSコイル・青,Ceinturon Meleti GS bleu
4188,メレティFZコイル・黒,Ceinturon Meleti FZ noir
4189,メレティHCコイル・黒,Ceinturon Meleti HC noir
4190,メレティHSコイル・黒,Ceinturon Meleti HS noir
4191,メレティGSコイル・黒,Ceinturon Meleti GS noir
4192,メレティFZコート・白,Manteau Meleti FZ blanc
4193,メレティHCコート・白,Manteau Meleti HC blanc
4194,メレティHSコート・白,Manteau Meleti HS blanc
4195,メレティGSコート・白,Manteau Meleti GS blanc
4196,メレティFZコート・赤,Manteau Meleti FZ rouge
4197,メレティHCコート・赤,Manteau Meleti HC rouge
4198,メレティHSコート・赤,Manteau Meleti HS rouge
4199,メレティGSコート・赤,Manteau Meleti GS rouge
4200,メレティFZコート・黒,Manteau Meleti FZ noir
4201,メレティHCコート・黒,Manteau Meleti HC noir
4202,メレティHSコート・黒,Manteau Meleti HS noir
4203,メレティGSコート・黒,Manteau Meleti GS noir
4204,リゲリアFZコイル・赤,Ceinturon Ligeria FZ rouge
4205,リゲリアHCコイル・赤,Ceinturon Ligeria HC rouge
4206,リゲリアHSコイル・赤,Ceinturon Ligeria HS rouge
4207,リゲリアGSコイル・赤,Ceinturon Ligeria GS rouge
4208,リゲリアFZコイル・緑,Ceinturon Ligeria FZ vert
4209,リゲリアHCコイル・緑,Ceinturon Ligeria HC vert
4210,リゲリアHSコイル・緑,Ceinturon Ligeria HS vert
4211,リゲリアGSコイル・緑,Ceinturon Ligeria GS vert
4212,リゲリアFZコイル・青,Ceinturon Ligeria FZ bleu
4213,リゲリアHCコイル・青,Ceinturon Ligeria HC bleu
4214,リゲリアHSコイル・青,Ceinturon Ligeria HS bleu
4215,リゲリアGSコイル・青,Ceinturon Ligeria GS bleu
4216,リゲリアFZコート・白,Manteau Ligeria FZ blanc
4217,リゲリアHCコート・白,Manteau Ligeria HC blanc
4218,リゲリアHSコート・白,Manteau Ligeria HS blanc
4219,リゲリアGSコート・白,Manteau Ligeria GS blanc
4220,リゲリアFZコート・赤,Manteau Ligeria FZ rouge
4221,リゲリアHCコート・赤,Manteau Ligeria HC rouge
4222,リゲリアHSコート・赤,Manteau Ligeria HS rouge
4223,リゲリアGSコート・赤,Manteau Ligeria GS rouge
4224,リゲリアFZコート・緑,Manteau Ligeria FZ vert
4225,リゲリアHCコート・緑,Manteau Ligeria HC vert
4226,リゲリアHSコート・緑,Manteau Ligeria HS vert
4227,リゲリアGSコート・緑,Manteau Ligeria GS vert
4228,スリートHSコイル・銀,Ceinturon Grésil HS argenté
4229,スリートGSコイル・銀,Ceinturon Grésil GS argenté
4230,スリートHSコート・銀,Manteau Grésil HS argenté
4231,スリートGSコート・銀,Manteau Grésil GS argenté
4232,スリートHSコイル・赤,Ceinturon Grésil HS rouge
4233,スリートGSコイル・赤,Ceinturon Grésil GS rouge
4234,スリートHSコート・赤,Manteau Grésil HS rouge
4235,スリートGSコート・赤,Manteau Grésil GS rouge
4236,スリートHSコイル・青,Ceinturon Grésil HS bleu
4237,スリートGSコイル・青,Ceinturon Grésil GS bleu
4238,スリートHSコート・青,Manteau Grésil HS bleu
4239,スリートGSコート・青,Manteau Grésil GS bleu
4240,ステノHSアンカー・桃,
4241,ステノGSアンカー・桃,
4242,ステノHSコート・桃,Manteau Stheno HS rose
4243,ステノGSコート・桃,Manteau Stheno GS rose
4244,ステノHSアンカー・青,
4245,ステノGSアンカー・青,
4246,ステノHSコート・青,Manteau Stheno HS bleu
4247,ステノGSコート・青,Manteau Stheno GS bleu
4248,ステノHSアンカー・赤,
4249,ステノGSアンカー・赤,
4250,ステノHSコート・赤,Manteau Stheno HS rouge
4251,ステノGSコート・赤,Manteau Stheno GS rouge
4252,エディオHCコイル・赤,Ceinturon Edio HC rouge
4253,エディオHSコイル・赤,Ceinturon Edio HS rouge
4254,エディオGSコイル・赤,Ceinturon Edio GS rouge
4255,エディオHCコート・赤,Manteau Edio HC rouge
4256,エディオHSコート・赤,Manteau Edio HS rouge
4257,エディオGSコート・赤,Manteau Edio GS rouge
4258,エディオHCコイル・黄,Ceinturon Edio HC jaune
4259,エディオHSコイル・黄,Ceinturon Edio HS jaune
4260,エディオGSコイル・黄,Ceinturon Edio GS jaune
4261,エディオHCコート・黄,Manteau Edio HC jaune
4262,エディオHSコート・黄,Manteau Edio HS jaune
4263,エディオGSコート・黄,Manteau Edio GS jaune
4264,エディオHCコイル・黒,Ceinturon Edio HC noir
4265,エディオHSコイル・黒,Ceinturon Edio HS noir
4266,エディオGSコイル・黒,Ceinturon Edio GS noir
4267,エディオHCコート・黒,Manteau Edio HC noir
4268,エディオHSコート・黒,Manteau Edio HS noir
4269,エディオGSコート・黒,Manteau Edio GS noir
4270,ガリトスHCベルト・赤,Ceinture Garitos HC rouge
4271,ガリトスHSベルト・赤,Ceinture Garitos HS rouge
4272,ガリトスGSベルト・赤,Ceinture Garitos GS rouge
4273,ガリトスHCコート・赤,Manteau Garitos HC rouge
4274,ガリトスHSコート・赤,Manteau Garitos HS rouge
4275,ガリトスGSコート・赤,Manteau Garitos GS rouge
4276,ガリトスHCベルト・黒,Ceinture Garitos HC noire
4277,ガリトスHSベルト・黒,Ceinture Garitos HS noire
4278,ガリトスGSベルト・黒,Ceinture Garitos GS noire
4279,ガリトスHCコート・黒,Manteau Garitos HC noir
4280,ガリトスHSコート・黒,Manteau Garitos HS noir
4281,ガリトスGSコート・黒,Manteau Garitos GS noir
4282,ガリトスHCベルト・水,
4283,ガリトスHSベルト・水,
4284,ガリトスGSベルト・水,
4285,ガリトスHCコート・水,
4286,ガリトスHSコート・水,
4287,ガリトスGSコート・水,
4288,星祭FZ帯【青】,
4289,星祭HC帯【青】,
4290,星祭HS帯【青】,
4291,星祭GS帯【青】,
4292,七夕FZ帯【青】,
4293,七夕HC帯【青】,
4294,七夕HS帯【青】,
4295,七夕GS帯【青】,
4296,星祭FZ帯【黒】,
4297,星祭HC帯【黒】,
4298,星祭HS帯【黒】,
4299,星祭GS帯【黒】,
4300,七夕FZ帯【黒】,
4301,七夕HC帯【黒】,
4302,七夕HS帯【黒】,
4303,七夕GS帯【黒】,
4304,星祭FZ帯【白】,
4305,星祭HC帯【白】,
4306,星祭HS帯【白】,
4307,星祭GS帯【白】,
4308,七夕FZ帯【白】,
4309,七夕HC帯【白】,
4310,七夕HS帯【白】,
4311,七夕GS帯【白】,
4312,ダミー,
4313,ダミー,
4314,ダミー,
4315,ダミー,
4316,ダミー,
4317,ダミー,
4318,ダミー,
4319,ダミー,
4320,ダミー,
4321,ダミー,
4322,ダミー,
4323,ダミー,
4324,ヴェルフHSフォールド,Tassettes Welf HS
4325,ヴェルフGSフォールド,Tassettes Welf GS
4326,ヴェルフHSコート,Manteau Welf HS
4327,ヴェルフGSコート,Manteau Welf GS
4328,テリオグHSフォールド,
4329,テリオグGSフォールド,
4330,テリオグHSコート,
4331,テリオグGSコート,
4332,ベイルHSリフレクサー,
4333,ベイルGSリフレクサー,
4334,ランポスＧフォールド,Tassettes Velociprey G
4335,ランポスGFフォールド,Tassettes Velociprey GF
4336,ランポスGXフォールド,Tassettes Velociprey GX
4337,ランポスＧコート,Manteau Velociprey G
4338,ランポスGFコート,Manteau Velociprey GF
4339,ランポスGXコート,Manteau Velociprey GX
4340,イーオスＧフォールド,Tassettes Ioprey G
4341,イーオスGFフォールド,Tassettes Ioprey GF
4342,イーオスGXフォールド,Tassettes Ioprey GX
4343,イーオスＧコート,Manteau Ioprey G
4344,イーオスGFコート,Manteau Ioprey GF
4345,イーオスGXコート,Manteau Ioprey GX
4346,ゲネポスＧフォールド,Tassettes Genprey G
4347,ゲネポスGFフォールド,Tassettes Genprey GF
4348,ゲネポスGXフォールド,Tassettes Genprey GX
4349,ゲネポスＧコート,Manteau Genprey G
4350,ゲネポスGFコート,Manteau Genprey GF
4351,ゲネポスGXコート,Manteau Genprey GX
4352,ガレオスＧフォールド,Tassettes Cephalos G
4353,ガレオスGFフォールド,Tassettes Cephalos GF
4354,ガレオスGXフォールド,Tassettes Cephalos GX
4355,ガレオスＧコート,Manteau Cephalos G
4356,ガレオスGFコート,Manteau Cephalos GF
4357,ガレオスGXコート,Manteau Cephalos GX
4358,ディアブロＧコイル,Ceinturon Diablos G
4359,ディアブロGFコイル,Ceinturon Diablos GF
4360,ディアブロGXコイル,Ceinturon Diablos GX
4361,ディアブロＧコート,Manteau Diablos G
4362,ディアブロGFコート,Manteau Diablos GF
4363,ディアブロGXコート,Manteau Diablos GX
4364,ガノスＧフォールド,Tassettes Plesioth G
4365,ガノスGFフォールド,Tassettes Plesioth GF
4366,ガノスGXフォールド,Tassettes Plesioth GX
4367,ガノスＧコート,Manteau Plesioth G
4368,ガノスGFコート,Manteau Plesioth GF
4369,ガノスGXコート,Manteau Plesioth GX
4370,ベルＧフォールド,Tassettes Beru G
4371,ベルGFフォールド,Tassettes Beru GF
4372,ベルGXフォールド,Tassettes Beru GX
4373,ベルＧコート,Manteau Beru G
4374,ベルGFコート,Manteau Beru GF
4375,ベルGXコート,Manteau Beru GX
4376,グラビデＧフォールド,Tassettes Gravios G
4377,グラビデGFフォールド,Tassettes Gravios GF
4378,グラビデGXフォールド,Tassettes Gravios GX
4379,グラビデＧコート,Manteau Gravios G
4380,グラビデGFコート,Manteau Gravios GF
4381,グラビデGXコート,Manteau Gravios GX
4382,ルナＧコイル,Ceinturon Lune G
4383,ルナGFコイル,Ceinturon Lune GF
4384,ルナGXコイル,Ceinturon Lune GX
4385,ルナＧコート,Manteau Lune G
4386,ルナGFコート,Manteau Lune GF
4387,ルナGXコート,Manteau Lune GX
4388,ストロマフォールド,Tassettes Stroma
4389,ストロマＦフォールド,Tassettes Stroma F
4390,ストロマFXフォールド,Tassettes Stroma FX
4391,ストロマＧフォールド,Tassettes Stroma G
4392,ストロマコート,Manteau Stroma
4393,ストロマＦコート,Manteau Stroma F
4394,ストロマFXコート,Manteau Stroma FX
4395,ストロマＧコート,Manteau Stroma G
4396,プランダＧフォールド,Tassettes Pillard G
4397,プランダGFフォールド,Tassettes Pillard GF
4398,プランダGXフォールド,Tassettes Pillard GX
4399,プランダＧコート,Manteau Pillard G
4400,プランダGFコート,Manteau Pillard GF
4401,プランダGXコート,Manteau Pillard GX
4402,アルテラフォールド,Tassettes Altera
4403,アルテラＦフォールド,Tassettes Altera F
4404,アルテラFXフォールド,Tassettes Altera FX
4405,アルテラＧフォールド,Tassettes Altera G
4406,アルテラGFフォールド,Tassettes Altera GF
4407,アルテラコート,Manteau Altera
4408,アルテラＦコート,Manteau Altera F
4409,アルテラFXコート,Manteau Altera FX
4410,アルテラＧコート,Manteau Altera G
4411,アルテラGFコート,Manteau Altera GF
4412,ドラゴンＧウイング,
4413,ドラゴンGFウイング,
4414,ドラゴンGXウイング,
4415,ドラゴンＧテイル,
4416,ドラゴンGFテイル,
4417,ドラゴンGXテイル,
4418,イリークフォールド,Tassettes Iriku
4419,イリークＦフォールド,Tassettes Iriku F
4420,イリークFXフォールド,Tassettes Iriku FX
4421,イリークHCフォールド,Tassettes Iriku HC
4422,イリークコート,Manteau Iriku
4423,イリークＦコート,Manteau Iriku F
4424,イリークFXコート,Manteau Iriku FX
4425,イリークHCコート,Manteau Iriku HC
4426,イリークＧフォールド,Tassettes Iriku G
4427,イリークGFフォールド,Tassettes Iriku GF
4428,イリークGXフォールド,Tassettes Iriku GX
4429,イリークＧコート,Manteau Iriku G
4430,イリークGFコート,Manteau Iriku GF
4431,イリークGXコート,Manteau Iriku GX
4432,アフティＧフォールド,Tassettes Afti G
4433,アフティGFフォールド,Tassettes Afti GF
4434,アフティGXフォールド,Tassettes Afti GX
4435,アフティＧコート,Manteau Afti G
4436,アフティGFコート,Manteau Afti GF
4437,アフティGXコート,Manteau Afti GX
4438,セクティコイル・黒,Ceinturon Secti noir
4439,セクティＦコイル・黒,Ceinturon Secti F noir
4440,セクティFZコイル・黒,Ceinturon Secti FZ noir
4441,セクティHSコイル・黒,Ceinturon Secti HS noir
4442,セクティGSコイル・黒,Ceinturon Secti GS noir
4443,セクティGPコイル・黒,Ceinturon Secti GP noir
4444,セクティコート・黒,Manteau Secti noir
4445,セクティＦコート・黒,Manteau Secti F noir
4446,セクティFZコート・黒,Manteau Secti FZ noir
4447,セクティHSコート・黒,Manteau Secti HS noir
4448,セクティGSコート・黒,Manteau Secti GS noir
4449,セクティGPコート・黒,Manteau Secti GP noir
4450,セクティコイル・青,Ceinturon Secti bleu
4451,セクティＦコイル・青,Ceinturon Secti F bleu
4452,セクティFZコイル・青,Ceinturon Secti FZ bleu
4453,セクティHSコイル・青,Ceinturon Secti HS bleu
4454,セクティGSコイル・青,Ceinturon Secti GS bleu
4455,セクティGPコイル・青,Ceinturon Secti GP bleu
4456,セクティコート・青,Manteau Secti bleu
4457,セクティＦコート・青,Manteau Secti F bleu
4458,セクティFZコート・青,Manteau Secti FZ bleu
4459,セクティHSコート・青,Manteau Secti HS bleu
4460,セクティGSコート・青,Manteau Secti GS bleu
4461,セクティGPコート・青,Manteau Secti GP bleu
4462,セクティコイル・赤,Ceinturon Secti rouge
4463,セクティＦコイル・赤,Ceinturon Secti F rouge
4464,セクティFZコイル・赤,Ceinturon Secti FZ rouge
4465,セクティHSコイル・赤,Ceinturon Secti HS rouge
4466,セクティGSコイル・赤,Ceinturon Secti GS rouge
4467,セクティGPコイル・赤,Ceinturon Secti GP rouge
4468,セクティコート・赤,Manteau Secti rouge
4469,セクティＦコート・赤,Manteau Secti F rouge
4470,セクティFZコート・赤,Manteau Secti FZ rouge
4471,セクティHSコート・赤,Manteau Secti HS rouge
4472,セクティGSコート・赤,Manteau Secti GS rouge
4473,セクティGPコート・赤,Manteau Secti GP rouge
4474,セクティコイル・白,Ceinturon Secti blanc
4475,セクティＦコイル・白,Ceinturon Secti F blanc
4476,セクティFZコイル・白,Ceinturon Secti FZ blanc
4477,セクティHSコイル・白,Ceinturon Secti HS blanc
4478,セクティGSコイル・白,Ceinturon Secti GS blanc
4479,セクティGPコイル・白,Ceinturon Secti GP blanc
4480,セクティコート・白,Manteau Secti blanc
4481,セクティＦコート・白,Manteau Secti F blanc
4482,セクティFZコート・白,Manteau Secti FZ blanc
4483,セクティHSコート・白,Manteau Secti HS blanc
4484,セクティGSコート・白,Manteau Secti GS blanc
4485,セクティGPコート・白,Manteau Secti GP blanc
4486,ゲルトコイル・黒,Ceinturon Gert noir
4487,ゲルトＦコイル・黒,Ceinturon Gert F noir
4488,ゲルトFZコイル・黒,Ceinturon Gert FZ noir
4489,ゲルトHSコイル・黒,Ceinturon Gert HS noir
4490,ゲルトGSコイル・黒,Ceinturon Gert GS noir
4491,ゲルトGPコイル・黒,Ceinturon Gert GP noir
4492,ゲルトコート・黒,Manteau Gert noir
4493,ゲルトＦコート・黒,Manteau Gert F noir
4494,ゲルトFZコート・黒,Manteau Gert FZ noir
4495,ゲルトHSコート・黒,Manteau Gert HS noir
4496,ゲルトGSコート・黒,Manteau Gert GS noir
4497,ゲルトGPコート・黒,Manteau Gert GP noir
4498,ゲルトコイル・銅,
4499,ゲルトＦコイル・銅,
4500,ゲルトFZコイル・銅,
4501,ゲルトHSコイル・銅,
4502,ゲルトGSコイル・銅,
4503,ゲルトGPコイル・銅,
4504,ゲルトコート・銅,
4505,ゲルトＦコート・銅,
4506,ゲルトFZコート・銅,
4507,ゲルトHSコート・銅,
4508,ゲルトGSコート・銅,
4509,ゲルトGPコート・銅,
4510,ゲルトコイル・銀,Ceinturon Gert argenté
4511,ゲルトＦコイル・銀,Ceinturon Gert F argenté
4512,ゲルトFZコイル・銀,Ceinturon Gert FZ argenté
4513,ゲルトHSコイル・銀,Ceinturon Gert HS argenté
4514,ゲルトGSコイル・銀,Ceinturon Gert GS argenté
4515,ゲルトGPコイル・銀,Ceinturon Gert GP argenté
4516,ゲルトコート・銀,Manteau Gert argenté
4517,ゲルトＦコート・銀,Manteau Gert F argenté
4518,ゲルトFZコート・銀,Manteau Gert FZ argenté
4519,ゲルトHSコート・銀,Manteau Gert HS argenté
4520,ゲルトGSコート・銀,Manteau Gert GS argenté
4521,ゲルトGPコート・銀,Manteau Gert GP argenté
4522,ゲルトコイル・金,Ceinturon Gert doré
4523,ゲルトＦコイル・金,Ceinturon Gert F doré
4524,ゲルトFZコイル・金,Ceinturon Gert FZ doré
4525,ゲルトHSコイル・金,Ceinturon Gert HS doré
4526,ゲルトGSコイル・金,Ceinturon Gert GS doré
4527,ゲルトGPコイル・金,Ceinturon Gert GP doré
4528,ゲルトコート・金,Manteau Gert doré
4529,ゲルトＦコート・金,Manteau Gert F doré
4530,ゲルトFZコート・金,Manteau Gert FZ doré
4531,ゲルトHSコート・金,Manteau Gert HS doré
4532,ゲルトGSコート・金,Manteau Gert GS doré
4533,ゲルトGPコート・金,Manteau Gert GP doré
4534,ウーコンウエスト,Taille Shoko
4535,ウーコンＦウエスト,Taille Shoko F
4536,ウーコンFZウエスト,Taille Shoko FZ
4537,ウーコンHSウエスト,Taille Shoko HS
4538,ウーコンGSウエスト,Taille Shoko GS
4539,ウーコンGPウエスト,Taille Shoko GP
4540,ウーコンベルト,Ceinture Shoko
4541,ウーコンＦベルト,Ceinture Shoko F
4542,ウーコンFZベルト,Ceinture Shoko FZ
4543,ウーコンHSベルト,Ceinture Shoko HS
4544,ウーコンGSベルト,Ceinture Shoko GS
4545,ウーコンGPベルト,Ceinture Shoko GP
4546,ゲノムウエスト・緑,Taille Génome verte
4547,ゲノムＦウエスト・緑,Taille Génome F verte
4548,ゲノムFZウエスト・緑,Taille Génome FZ verte
4549,ゲノムHSウエスト・緑,Taille Génome HS verte
4550,ゲノムGSウエスト・緑,Taille Génome GS verte
4551,ゲノムGPウエスト・緑,Taille Génome GP verte
4552,ゲノムベルト・緑,Ceinture Génome verte
4553,ゲノムＦベルト・緑,Ceinture Génome F verte
4554,ゲノムFZベルト・緑,Ceinture Génome FZ verte
4555,ゲノムHSベルト・緑,Ceinture Génome HS verte
4556,ゲノムGSベルト・緑,Ceinture Génome GS verte
4557,ゲノムGPベルト・緑,Ceinture Génome GP verte
4558,ゲノムウエスト・水,
4559,ゲノムＦウエスト・水,
4560,ゲノムFZウエスト・水,
4561,ゲノムHSウエスト・水,
4562,ゲノムGSウエスト・水,
4563,ゲノムGPウエスト・水,
4564,ゲノムベルト・水,
4565,ゲノムＦベルト・水,
4566,ゲノムFZベルト・水,
4567,ゲノムHSベルト・水,
4568,ゲノムGSベルト・水,
4569,ゲノムGPベルト・水,
4570,ゲノムウエスト・赤,Taille Génome rouge
4571,ゲノムＦウエスト・赤,Taille Génome F rouge
4572,ゲノムFZウエスト・赤,Taille Génome FZ rouge
4573,ゲノムHSウエスト・赤,Taille Génome HS rouge
4574,ゲノムGSウエスト・赤,Taille Génome GS rouge
4575,ゲノムGPウエスト・赤,Taille Génome GP rouge
4576,ゲノムベルト・赤,Ceinture Génome rouge
4577,ゲノムＦベルト・赤,Ceinture Génome F rouge
4578,ゲノムFZベルト・赤,Ceinture Génome FZ rouge
4579,ゲノムHSベルト・赤,Ceinture Génome HS rouge
4580,ゲノムGSベルト・赤,Ceinture Génome GS rouge
4581,ゲノムGPベルト・赤,Ceinture Génome GP rouge
4582,ゲノムウエスト・紫,Taille Génome violette
4583,ゲノムＦウエスト・紫,Taille Génome F violette
4584,ゲノムFZウエスト・紫,Taille Génome FZ violette
4585,ゲノムHSウエスト・紫,Taille Génome HS violette
4586,ゲノムGSウエスト・紫,Taille Génome GS violette
4587,ゲノムGPウエスト・紫,Taille Génome GP violette
4588,ゲノムベルト・紫,Ceinture Génome violette
4589,ゲノムＦベルト・紫,Ceinture Génome F violette
4590,ゲノムFZベルト・紫,Ceinture Génome FZ violette
4591,ゲノムHSベルト・紫,Ceinture Génome HS violette
4592,ゲノムGSベルト・紫,Ceinture Génome GS violette
4593,ゲノムGPベルト・紫,Ceinture Génome GP violette
4594,ディヴォルベルト緑,Ceinture Divol verte
4595,ディヴォルＦベルト緑,Ceinture Divol F verte
4596,ディヴォルFZベルト緑,Ceinture Divol FZ verte
4597,ディヴォルHSベルト緑,Ceinture Divol HS verte
4598,ディヴォルGSベルト緑,Ceinture Divol GS verte
4599,ディヴォルGPベルト緑,Ceinture Divol GP verte
4600,ディヴォルコート緑,Manteau Divol vert
4601,ディヴォルＦコート緑,Manteau Divol F vert
4602,ディヴォルFZコート緑,Manteau Divol FZ vert
4603,ディヴォルHSコート緑,Manteau Divol HS vert
4604,ディヴォルGSコート緑,Manteau Divol GS vert
4605,ディヴォルGPコート緑,Manteau Divol GP vert
4606,ディヴォルベルト茶,Ceinture Divol brune
4607,ディヴォルＦベルト茶,Ceinture Divol F brune
4608,ディヴォルFZベルト茶,Ceinture Divol FZ brune
4609,ディヴォルHSベルト茶,Ceinture Divol HS brune
4610,ディヴォルGSベルト茶,Ceinture Divol GS brune
4611,ディヴォルGPベルト茶,Ceinture Divol GP brune
4612,ディヴォルコート茶,Manteau Divol brun
4613,ディヴォルＦコート茶,Manteau Divol F brun
4614,ディヴォルFZコート茶,Manteau Divol FZ brun
4615,ディヴォルHSコート茶,Manteau Divol HS brun
4616,ディヴォルGSコート茶,Manteau Divol GS brun
4617,ディヴォルGPコート茶,Manteau Divol GP brun
4618,ディヴォルベルト白,Ceinture Divol blanche
4619,ディヴォルＦベルト白,Ceinture Divol F blanche
4620,ディヴォルFZベルト白,Ceinture Divol FZ blanche
4621,ディヴォルHSベルト白,Ceinture Divol HS blanche
4622,ディヴォルGSベルト白,Ceinture Divol GS blanche
4623,ディヴォルGPベルト白,Ceinture Divol GP blanche
4624,ディヴォルコート白,Manteau Divol blanc
4625,ディヴォルＦコート白,Manteau Divol F blanc
4626,ディヴォルFZコート白,Manteau Divol FZ blanc
4627,ディヴォルHSコート白,Manteau Divol HS blanc
4628,ディヴォルGSコート白,Manteau Divol GS blanc
4629,ディヴォルGPコート白,Manteau Divol GP blanc
4630,ダンテウエスト・赤,Taille Dante rouge
4631,ダンテＦウエスト・赤,Taille Dante F rouge
4632,ダンテFZウエスト・赤,Taille Dante FZ rouge
4633,ダンテHSウエスト・赤,Taille Dante HS rouge
4634,ダンテGSウエスト・赤,Taille Dante GS rouge
4635,ダンテGPウエスト・赤,Taille Dante GP rouge
4636,ダンテベルト・赤,Ceinture Dante rouge
4637,ダンテＦベルト・赤,Ceinture Dante F rouge
4638,ダンテFZベルト・赤,Ceinture Dante FZ rouge
4639,ダンテHSベルト・赤,Ceinture Dante HS rouge
4640,ダンテGSベルト・赤,Ceinture Dante GS rouge
4641,ダンテGPベルト・赤,Ceinture Dante GP rouge
4642,レディウエスト・白,Taille Dame blanche
4643,レディＦウエスト・白,Taille Dame F blanche
4644,レディFZウエスト・白,Taille Dame FZ blanche
4645,レディHSウエスト・白,Taille Dame HS blanche
4646,レディGSウエスト・白,Taille Dame GS blanche
4647,レディGPウエスト・白,Taille Dame GP blanche
4648,レディベルト・白,Ceinture Dame blanche
4649,レディＦベルト・白,Ceinture Dame F blanche
4650,レディFZベルト・白,Ceinture Dame FZ blanche
4651,レディHSベルト・白,Ceinture Dame HS blanche
4652,レディGSベルト・白,Ceinture Dame GS blanche
4653,レディGPベルト・白,Ceinture Dame GP blanche
4654,ダンテウエスト・黒,Taille Dante noire
4655,ダンテＦウエスト・黒,Taille Dante F noire
4656,ダンテFZウエスト・黒,Taille Dante FZ noire
4657,ダンテHSウエスト・黒,Taille Dante HS noire
4658,ダンテGSウエスト・黒,Taille Dante GS noire
4659,ダンテGPウエスト・黒,Taille Dante GP noire
4660,ダンテベルト・黒,Ceinture Dante noire
4661,ダンテＦベルト・黒,Ceinture Dante F noire
4662,ダンテFZベルト・黒,Ceinture Dante FZ noire
4663,ダンテHSベルト・黒,Ceinture Dante HS noire
4664,ダンテGSベルト・黒,Ceinture Dante GS noire
4665,ダンテGPベルト・黒,Ceinture Dante GP noire
4666,レディウエスト・黒,Taille Dame noire
4667,レディＦウエスト・黒,Taille Dame F noire
4668,レディFZウエスト・黒,Taille Dame FZ noire
4669,レディHSウエスト・黒,Taille Dame HS noire
4670,レディGSウエスト・黒,Taille Dame GS noire
4671,レディGPウエスト・黒,Taille Dame GP noire
4672,レディベルト・黒,Ceinture Dame noire
4673,レディＦベルト・黒,Ceinture Dame F noire
4674,レディFZベルト・黒,Ceinture Dame FZ noire
4675,レディHSベルト・黒,Ceinture Dame HS noire
4676,レディGSベルト・黒,Ceinture Dame GS noire
4677,レディGPベルト・黒,Ceinture Dame GP noire
4678,ダンテウエスト・白,Taille Dante blanche
4679,ダンテＦウエスト・白,Taille Dante F blanche
4680,ダンテFZウエスト・白,Taille Dante FZ blanche
4681,ダンテHSウエスト・白,Taille Dante HS blanche
4682,ダンテGSウエスト・白,Taille Dante GS blanche
4683,ダンテGPウエスト・白,Taille Dante GP blanche
4684,ダンテベルト・白,Ceinture Dante blanche
4685,ダンテＦベルト・白,Ceinture Dante F blanche
4686,ダンテFZベルト・白,Ceinture Dante FZ blanche
4687,ダンテHSベルト・白,Ceinture Dante HS blanche
4688,ダンテGSベルト・白,Ceinture Dante GS blanche
4689,ダンテGPベルト・白,Ceinture Dante GP blanche
4690,レディウエスト・赤,Taille Dame rouge
4691,レディＦウエスト・赤,Taille Dame F rouge
4692,レディFZウエスト・赤,Taille Dame FZ rouge
4693,レディHSウエスト・赤,Taille Dame HS rouge
4694,レディGSウエスト・赤,Taille Dame GS rouge
4695,レディGPウエスト・赤,Taille Dame GP rouge
4696,レディベルト・赤,Ceinture Dame rouge
4697,レディＦベルト・赤,Ceinture Dame F rouge
4698,レディFZベルト・赤,Ceinture Dame FZ rouge
4699,レディHSベルト・赤,Ceinture Dame HS rouge
4700,レディGSベルト・赤,Ceinture Dame GS rouge
4701,レディGPベルト・赤,Ceinture Dame GP rouge
4702,ダンテウエスト・緑,Taille Dante verte
4703,ダンテＦウエスト・緑,Taille Dante F verte
4704,ダンテFZウエスト・緑,Taille Dante FZ verte
4705,ダンテHSウエスト・緑,Taille Dante HS verte
4706,ダンテGSウエスト・緑,Taille Dante GS verte
4707,ダンテGPウエスト・緑,Taille Dante GP verte
4708,ダンテベルト・緑,Ceinture Dante verte
4709,ダンテＦベルト・緑,Ceinture Dante F verte
4710,ダンテFZベルト・緑,Ceinture Dante FZ verte
4711,ダンテHSベルト・緑,Ceinture Dante HS verte
4712,ダンテGSベルト・緑,Ceinture Dante GS verte
4713,ダンテGPベルト・緑,Ceinture Dante GP verte
4714,レディウエスト・緑,Taille Dame verte
4715,レディＦウエスト・緑,Taille Dame F verte
4716,レディFZウエスト・緑,Taille Dame FZ verte
4717,レディHSウエスト・緑,Taille Dame HS verte
4718,レディGSウエスト・緑,Taille Dame GS verte
4719,レディGPウエスト・緑,Taille Dame GP verte
4720,レディベルト・緑,Ceinture Dame verte
4721,レディＦベルト・緑,Ceinture Dame F verte
4722,レディFZベルト・緑,Ceinture Dame FZ verte
4723,レディHSベルト・緑,Ceinture Dame HS verte
4724,レディGSベルト・緑,Ceinture Dame GS verte
4725,レディGPベルト・緑,Ceinture Dame GP verte
4726,昇龍FZ黒帯・白,
4727,昇龍HS黒帯・白,
4728,昇龍GS黒帯・白,
4729,昇龍GP黒帯・白,
4730,波動FZ黒帯・白,
4731,波動HS黒帯・白,
4732,波動GS黒帯・白,
4733,波動GP黒帯・白,
4734,百裂FZ腰帯・青,
4735,百裂HS腰帯・青,
4736,百裂GS腰帯・青,
4737,百裂GP腰帯・青,
4738,気功FZ腰帯・青,
4739,気功HS腰帯・青,
4740,気功GS腰帯・青,
4741,気功GP腰帯・青,
4742,昇龍FZ黒帯・紺,
4743,昇龍HS黒帯・紺,
4744,昇龍GS黒帯・紺,
4745,昇龍GP黒帯・紺,
4746,波動FZ黒帯・紺,
4747,波動HS黒帯・紺,
4748,波動GS黒帯・紺,
4749,波動GP黒帯・紺,
4750,百裂FZ腰帯・黒,
4751,百裂HS腰帯・黒,
4752,百裂GS腰帯・黒,
4753,百裂GP腰帯・黒,
4754,気功FZ腰帯・黒,
4755,気功HS腰帯・黒,
4756,気功GS腰帯・黒,
4757,気功GP腰帯・黒,
4758,昇龍FZ黒帯・黄,
4759,昇龍HS黒帯・黄,
4760,昇龍GS黒帯・黄,
4761,昇龍GP黒帯・黄,
4762,波動FZ黒帯・黄,
4763,波動HS黒帯・黄,
4764,波動GS黒帯・黄,
4765,波動GP黒帯・黄,
4766,百裂FZ腰帯・黄,
4767,百裂HS腰帯・黄,
4768,百裂GS腰帯・黄,
4769,百裂GP腰帯・黄,
4770,気功FZ腰帯・黄,
4771,気功HS腰帯・黄,
4772,気功GS腰帯・黄,
4773,気功GP腰帯・黄,
4774,昇龍FZ黒帯・紫,
4775,昇龍HS黒帯・紫,
4776,昇龍GS黒帯・紫,
4777,昇龍GP黒帯・紫,
4778,波動FZ黒帯・紫,
4779,波動HS黒帯・紫,
4780,波動GS黒帯・紫,
4781,波動GP黒帯・紫,
4782,百裂FZ腰帯・緑,
4783,百裂HS腰帯・緑,
4784,百裂GS腰帯・緑,
4785,百裂GP腰帯・緑,
4786,気功FZ腰帯・緑,
4787,気功HS腰帯・緑,
4788,気功GS腰帯・緑,
4789,気功GP腰帯・緑,
4790,竜巻FZ色帯・黒,
4791,竜巻HS色帯・黒,
4792,竜巻GS色帯・黒,
4793,竜巻GP色帯・黒,
4794,真空FZ色帯・黒,
4795,真空HS色帯・黒,
4796,真空GS色帯・黒,
4797,真空GP色帯・黒,
4798,千裂FZ腰帯・黒,
4799,千裂HS腰帯・黒,
4800,千裂GS腰帯・黒,
4801,千裂GP腰帯・黒,
4802,覇山FZ腰帯・黒,
4803,覇山HS腰帯・黒,
4804,覇山GS腰帯・黒,
4805,覇山GP腰帯・黒,
4806,竜巻FZ色帯・茶,
4807,竜巻HS色帯・茶,
4808,竜巻GS色帯・茶,
4809,竜巻GP色帯・茶,
4810,真空FZ色帯・茶,
4811,真空HS色帯・茶,
4812,真空GS色帯・茶,
4813,真空GP色帯・茶,
4814,千裂FZ腰帯・紫,
4815,千裂HS腰帯・紫,
4816,千裂GS腰帯・紫,
4817,千裂GP腰帯・紫,
4818,覇山FZ腰帯・紫,
4819,覇山HS腰帯・紫,
4820,覇山GS腰帯・紫,
4821,覇山GP腰帯・紫,
4822,竜巻FZ色帯・白,
4823,竜巻HS色帯・白,
4824,竜巻GS色帯・白,
4825,竜巻GP色帯・白,
4826,真空FZ色帯・白,
4827,真空HS色帯・白,
4828,真空GS色帯・白,
4829,真空GP色帯・白,
4830,千裂FZ腰帯・白,
4831,千裂HS腰帯・白,
4832,千裂GS腰帯・白,
4833,千裂GP腰帯・白,
4834,覇山FZ腰帯・白,
4835,覇山HS腰帯・白,
4836,覇山GS腰帯・白,
4837,覇山GP腰帯・白,
4838,竜巻FZ色帯・青,
4839,竜巻HS色帯・青,
4840,竜巻GS色帯・青,
4841,竜巻GP色帯・青,
4842,真空FZ色帯・青,
4843,真空HS色帯・青,
4844,真空GS色帯・青,
4845,真空GP色帯・青,
4846,千裂FZ腰帯・緑,
4847,千裂HS腰帯・緑,
4848,千裂GS腰帯・緑,
4849,千裂GP腰帯・緑,
4850,覇山FZ腰帯・緑,
4851,覇山HS腰帯・緑,
4852,覇山GS腰帯・緑,
4853,覇山GP腰帯・緑,
4854,デモンFZコート・青,Manteau Démon FZ bleu
4855,デモンHSコート・青,Manteau Démon HS bleu
4856,デモンGSコート・青,Manteau Démon GS bleu
4857,デモンGPコート・青,Manteau Démon GP bleu
4858,カオスFZコート・青,Manteau Chaos FZ bleu
4859,カオスHSコート・青,Manteau Chaos HS bleu
4860,カオスGSコート・青,Manteau Chaos GS bleu
4861,カオスGPコート・青,Manteau Chaos GP bleu
4862,シャドウFZウイング紫,
4863,シャドウHSウイング紫,
4864,シャドウGSウイング紫,
4865,シャドウGPウイング紫,
4866,ソウルFZウイング・紫,
4867,ソウルHSウイング・紫,
4868,ソウルGSウイング・紫,
4869,ソウルGPウイング・紫,
4870,デモンFZコート・赤,Manteau Démon FZ rouge
4871,デモンHSコート・赤,Manteau Démon HS rouge
4872,デモンGSコート・赤,Manteau Démon GS rouge
4873,デモンGPコート・赤,Manteau Démon GP rouge
4874,カオスFZコート・赤,Manteau Chaos FZ rouge
4875,カオスHSコート・赤,Manteau Chaos HS rouge
4876,カオスGSコート・赤,Manteau Chaos GS rouge
4877,カオスGPコート・赤,Manteau Chaos GP rouge
4878,シャドウFZウイング赤,
4879,シャドウHSウイング赤,
4880,シャドウGSウイング赤,
4881,シャドウGPウイング赤,
4882,ソウルFZウイング・赤,
4883,ソウルHSウイング・赤,
4884,ソウルGSウイング・赤,
4885,ソウルGPウイング・赤,
4886,デモンFZコート・緑,Manteau Démon FZ vert
4887,デモンHSコート・緑,Manteau Démon HS vert
4888,デモンGSコート・緑,Manteau Démon GS vert
4889,デモンGPコート・緑,Manteau Démon GP vert
4890,カオスFZコート・緑,Manteau Chaos FZ vert
4891,カオスHSコート・緑,Manteau Chaos HS vert
4892,カオスGSコート・緑,Manteau Chaos GS vert
4893,カオスGPコート・緑,Manteau Chaos GP vert
4894,シャドウFZウイング緑,
4895,シャドウHSウイング緑,
4896,シャドウGSウイング緑,
4897,シャドウGPウイング緑,
4898,ソウルFZウイング・緑,
4899,ソウルHSウイング・緑,
4900,ソウルGSウイング・緑,
4901,ソウルGPウイング・緑,
4902,デモンFZコート・白,Manteau Démon FZ blanc
4903,デモンHSコート・白,Manteau Démon HS blanc
4904,デモンGSコート・白,Manteau Démon GS blanc
4905,デモンGPコート・白,Manteau Démon GP blanc
4906,カオスFZコート・白,Manteau Chaos FZ blanc
4907,カオスHSコート・白,Manteau Chaos HS blanc
4908,カオスGSコート・白,Manteau Chaos GS blanc
4909,カオスGPコート・白,Manteau Chaos GP blanc
4910,シャドウFZウイング白,
4911,シャドウHSウイング白,
4912,シャドウGSウイング白,
4913,シャドウGPウイング白,
4914,ソウルFZウイング・白,
4915,ソウルHSウイング・白,
4916,ソウルGSウイング・白,
4917,ソウルGPウイング・白,
4918,一閃GS【腰当て】・赤,
4919,一閃GP【腰当て】・赤,
4920,構射GS【腰当て】・赤,
4921,構射GP【腰当て】・赤,
4922,蜂針GS【腰当て】・橙,
4923,蜂針GP【腰当て】・橙,
4924,気弾GS【腰当て】・橙,
4925,気弾GP【腰当て】・橙,
4926,一閃GS【腰当て】・青,
4927,一閃GP【腰当て】・青,
4928,構射GS【腰当て】・青,
4929,構射GP【腰当て】・青,
4930,蜂針GS【腰当て】・青,
4931,蜂針GP【腰当て】・青,
4932,気弾GS【腰当て】・青,
4933,気弾GP【腰当て】・青,
4934,一閃GS【腰当て】・黄,
4935,一閃GP【腰当て】・黄,
4936,構射GS【腰当て】・黄,
4937,構射GP【腰当て】・黄,
4938,蜂針GS【腰当て】・黄,
4939,蜂針GP【腰当て】・黄,
4940,気弾GS【腰当て】・黄,
4941,気弾GP【腰当て】・黄,
4942,一閃GS【腰当て】・黒,
4943,一閃GP【腰当て】・黒,
4944,構射GS【腰当て】・黒,
4945,構射GP【腰当て】・黒,
4946,蜂針GS【腰当て】・黒,
4947,蜂針GP【腰当て】・黒,
4948,気弾GS【腰当て】・黒,
4949,気弾GP【腰当て】・黒,
4950,神龍GS黒帯・赤,
4951,神龍GP黒帯・赤,
4952,裂破GS黒帯・赤,
4953,裂破GP黒帯・赤,
4954,キャノンGSウィル・水,
4955,キャノンGPウィル・水,
4956,アクセルGSウィル・水,
4957,アクセルGPウィル・水,
4958,神龍GS黒帯・白,
4959,神龍GP黒帯・白,
4960,裂破GS黒帯・白,
4961,裂破GP黒帯・白,
4962,キャノンGSウィル・緑,
4963,キャノンGPウィル・緑,
4964,アクセルGSウィル・緑,
4965,アクセルGPウィル・緑,
4966,神龍GS黒帯・紫,
4967,神龍GP黒帯・紫,
4968,裂破GS黒帯・紫,
4969,裂破GP黒帯・紫,
4970,キャノンGSウィル・桃,
4971,キャノンGPウィル・桃,
4972,アクセルGSウィル・桃,
4973,アクセルGPウィル・桃,
4974,神龍GS黒帯・黄,
4975,神龍GP黒帯・黄,
4976,裂破GS黒帯・黄,
4977,裂破GP黒帯・黄,
4978,キャノンGSウィル・紫,
4979,キャノンGPウィル・紫,
4980,アクセルGSウィル・紫,
4981,アクセルGPウィル・紫,
4982,ガルーダHSウエスト,Taille Garuda HS
4983,ガルーダGSウエスト,Taille Garuda GS
4984,ガルーダGPウエスト,Taille Garuda GP
4985,ガルーダHSベルト,Ceinture Garuda HS
4986,ガルーダGSベルト,Ceinture Garuda GS
4987,ガルーダGPベルト,Ceinture Garuda GP
4988,フィアラルHSウエスト,Taille Féral HS
4989,フィアラルGSウエスト,Taille Féral GS
4990,フィアラルGPウエスト,Taille Féral GP
4991,フィアラルHSベルト,Ceinture Féral HS
4992,フィアラルGSベルト,Ceinture Féral GS
4993,フィアラルGPベルト,Ceinture Féral GP
4994,フィアスHSウエスト,Taille Fias HS
4995,フィアスGSウエスト,Taille Fias GS
4996,フィアスGPウエスト,Taille Fias GP
4997,フィアスHSベルト,Ceinture Fias HS
4998,フィアスGSベルト,Ceinture Fias GS
4999,フィアスGPベルト,Ceinture Fias GP
5000,ヴィルトHSウエスト,Taille Viruto HS
5001,ヴィルトGSウエスト,Taille Viruto GS
5002,ヴィルトGPウエスト,Taille Viruto GP
5003,ヴィルトHSベルト,Ceinture Viruto HS
5004,ヴィルトGSベルト,Ceinture Viruto GS
5005,ヴィルトGPベルト,Ceinture Viruto GP
5006,ファルコHSフォールド,Tassettes Falco HS
5007,ファルコGSフォールド,Tassettes Falco GS
5008,ファルコGPフォールド,Tassettes Falco GP
5009,ファルコHSコート,Manteau Falco HS
5010,ファルコGSコート,Manteau Falco GS
5011,ファルコGPコート,Manteau Falco GP
5012,ハウクスHSフォールド,Tassettes Howx HS
5013,ハウクスGSフォールド,Tassettes Howx GS
5014,ハウクスGPフォールド,Tassettes Howx GP
5015,ハウクスHSコート,Manteau Howx HS
5016,ハウクスGSコート,Manteau Howx GS
5017,ハウクスGPコート,Manteau Howx GP
5018,ガウスHSコイル,Ceinturon Gauss HS
5019,ガウスGSコイル,Ceinturon Gauss GS
5020,ガウスGPコイル,Ceinturon Gauss GP
5021,ガウスHSコート,Manteau Gauss HS
5022,ガウスGSコート,Manteau Gauss GS
5023,ガウスGPコート,Manteau Gauss GP
5024,ウェーバHSコイル,Ceinturon Weber HS
5025,ウェーバGSコイル,Ceinturon Weber GS
5026,ウェーバGPコイル,Ceinturon Weber GP
5027,ウェーバHSコート,Manteau Weber HS
5028,ウェーバGSコート,Manteau Weber GS
5029,ウェーバGPコート,Manteau Weber GP
5030,ギルバートHSコイル,Ceinturon Gilbert HS
5031,ギルバートGSコイル,Ceinturon Gilbert GS
5032,ギルバートGPコイル,Ceinturon Gilbert GP
5033,ギルバートHSコート,Manteau Gilbert HS
5034,ギルバートGSコート,Manteau Gilbert GS
5035,ギルバートGPコート,Manteau Gilbert GP
5036,ブライトGPフォールド,Tassettes Éclat GP
5037,ブライトGPコート,Manteau Éclat GP
5038,ジュアリGPフォールド,Tassettes Juari GP
5039,ジュアリGPコート,Manteau Juari GP
5040,ティンクGPフォールド,Tassettes Tinku GP
5041,ティンクGPコート,Manteau Tinku GP
5042,ルクストフォールド,Tassettes Luxt
5043,ルクストＦフォールド,Tassettes Luxt F
5044,ルクストFYフォールド,Tassettes Luxt FY
5045,ルクストHSフォールド,Tassettes Luxt HS
5046,ルクストコート,Manteau Luxt
5047,ルクストＦコート,Manteau Luxt F
5048,ルクストFYコート,Manteau Luxt FY
5049,ルクストHSコート,Manteau Luxt HS
5050,ルクストＧフォールド,Tassettes Luxt G
5051,ルクストGFフォールド,Tassettes Luxt GF
5052,ルクストGXフォールド,Tassettes Luxt GX
5053,ルクストＧコート,Manteau Luxt G
5054,ルクストGFコート,Manteau Luxt GF
5055,ルクストGXコート,Manteau Luxt GX
5056,オレウムフォールド,Tassettes Oleum
5057,オレウムＦフォールド,Tassettes Oleum F
5058,オレウムFYフォールド,Tassettes Oleum FY
5059,オレウムHSフォールド,Tassettes Oleum HS
5060,オレウムコート,Manteau Oleum
5061,オレウムＦコート,Manteau Oleum F
5062,オレウムFYコート,Manteau Oleum FY
5063,オレウムHSコート,Manteau Oleum HS
5064,オレウムＧフォールド,Tassettes Oleum G
5065,オレウムGFフォールド,Tassettes Oleum GF
5066,オレウムGXフォールド,Tassettes Oleum GX
5067,オレウムＧコート,Manteau Oleum G
5068,オレウムGFコート,Manteau Oleum GF
5069,オレウムGXコート,Manteau Oleum GX
5070,クラントフォールド,Tassettes Kuranto
5071,クラントＦフォールド,Tassettes Kuranto F
5072,クラントFYフォールド,Tassettes Kuranto FY
5073,クラントHSフォールド,Tassettes Kuranto HS
5074,クラントコート,Manteau Kuranto
5075,クラントＦコート,Manteau Kuranto F
5076,クラントFYコート,Manteau Kuranto FY
5077,クラントHSコート,Manteau Kuranto HS
5078,クラントＧフォールド,Tassettes Kuranto G
5079,クラントGFフォールド,Tassettes Kuranto GF
5080,クラントGXフォールド,Tassettes Kuranto GX
5081,クラントＧコート,Manteau Kuranto G
5082,クラントGFコート,Manteau Kuranto GF
5083,クラントGXコート,Manteau Kuranto GX
5084,ユプケフォールド,Tassettes Yupuk
5085,ユプケＦフォールド,Tassettes Yupuk F
5086,ユプケFYフォールド,Tassettes Yupuk FY
5087,ユプケHSフォールド,Tassettes Yupuk HS
5088,ユプケコート,Manteau Yupuk
5089,ユプケＦコート,Manteau Yupuk F
5090,ユプケFYコート,Manteau Yupuk FY
5091,ユプケHSコート,Manteau Yupuk HS
5092,ユプケＧフォールド,Tassettes Yupuk G
5093,ユプケGFフォールド,Tassettes Yupuk GF
5094,ユプケGXフォールド,Tassettes Yupuk GX
5095,ユプケＧコート,Manteau Yupuk G
5096,ユプケGFコート,Manteau Yupuk GF
5097,ユプケGXコート,Manteau Yupuk GX
5098,ヒガクレＧフォールド,Tassettes Higakure G
5099,ヒガクレGFフォールド,Tassettes Higakure GF
5100,ヒガクレGXフォールド,Tassettes Higakure GX
5101,ヒガクレＧコート,Manteau Higakure G
5102,ヒガクレGFコート,Manteau Higakure GF
5103,ヒガクレGXコート,Manteau Higakure GX
5104,コンセルＧフォールド,Tassettes Konseru G
5105,コンセルGFフォールド,Tassettes Konseru GF
5106,コンセルGXフォールド,Tassettes Konseru GX
5107,コンセルＧコート,Manteau Konseru G
5108,コンセルGFコート,Manteau Konseru GF
5109,コンセルGXコート,Manteau Konseru GX
5110,ディールＧフォールド,Tassettes Diru G
5111,ディールGFフォールド,Tassettes Diru GF
5112,ディールGXフォールド,Tassettes Diru GX
5113,ディールＧコート,Manteau Diru G
5114,ディールGFコート,Manteau Diru GF
5115,ディールGXコート,Manteau Diru GX
5116,コルヌーコイル,
5117,コピアイコイル,
5118,コルヌーコート,
5119,コピアイコート,
5120,メトリーコイル・青,Ceinturon Metri bleu
5121,メトリーＦコイル・青,Ceinturon Metri F bleu
5122,メトリーFZコイル・青,Ceinturon Metri FZ bleu
5123,メトリーHCコイル・青,Ceinturon Metri HC bleu
5124,メトリーHSコイル・青,Ceinturon Metri HS bleu
5125,メトリーGSコイル・青,Ceinturon Metri GS bleu
5126,メトリーコート・青,Manteau Metri bleu
5127,メトリーＦコート・青,Manteau Metri F bleu
5128,メトリーFZコート・青,Manteau Metri FZ bleu
5129,メトリーHCコート・青,Manteau Metri HC bleu
5130,メトリーHSコート・青,Manteau Metri HS bleu
5131,メトリーGSコート・青,Manteau Metri GS bleu
5132,メトリーコイル・白,Ceinturon Metri blanc
5133,メトリーＦコイル・白,Ceinturon Metri F blanc
5134,メトリーFZコイル・白,Ceinturon Metri FZ blanc
5135,メトリーHCコイル・白,Ceinturon Metri HC blanc
5136,メトリーHSコイル・白,Ceinturon Metri HS blanc
5137,メトリーGSコイル・白,Ceinturon Metri GS blanc
5138,メトリーコート・白,Manteau Metri blanc
5139,メトリーＦコート・白,Manteau Metri F blanc
5140,メトリーFZコート・白,Manteau Metri FZ blanc
5141,メトリーHCコート・白,Manteau Metri HC blanc
5142,メトリーHSコート・白,Manteau Metri HS blanc
5143,メトリーGSコート・白,Manteau Metri GS blanc
5144,メトリーコイル・赤,Ceinturon Metri rouge
5145,メトリーＦコイル・赤,Ceinturon Metri F rouge
5146,メトリーFZコイル・赤,Ceinturon Metri FZ rouge
5147,メトリーHCコイル・赤,Ceinturon Metri HC rouge
5148,メトリーHSコイル・赤,Ceinturon Metri HS rouge
5149,メトリーGSコイル・赤,Ceinturon Metri GS rouge
5150,メトリーコート・赤,Manteau Metri rouge
5151,メトリーＦコート・赤,Manteau Metri F rouge
5152,メトリーFZコート・赤,Manteau Metri FZ rouge
5153,メトリーHCコート・赤,Manteau Metri HC rouge
5154,メトリーHSコート・赤,Manteau Metri HS rouge
5155,メトリーGSコート・赤,Manteau Metri GS rouge
5156,メトリーコイル・緑,Ceinturon Metri vert
5157,メトリーＦコイル・緑,Ceinturon Metri F vert
5158,メトリーFZコイル・緑,Ceinturon Metri FZ vert
5159,メトリーHCコイル・緑,Ceinturon Metri HC vert
5160,メトリーHSコイル・緑,Ceinturon Metri HS vert
5161,メトリーGSコイル・緑,Ceinturon Metri GS vert
5162,メトリーコート・緑,Manteau Metri vert
5163,メトリーＦコート・緑,Manteau Metri F vert
5164,メトリーFZコート・緑,Manteau Metri FZ vert
5165,メトリーHCコート・緑,Manteau Metri HC vert
5166,メトリーHSコート・緑,Manteau Metri HS vert
5167,メトリーGSコート・緑,Manteau Metri GS vert
5168,ノヴィーコイル,
5169,ノヴィーＦコイル,
5170,ノヴィーFZコイル,
5171,ノヴィーHCコイル,
5172,ノヴィーHSコイル,
5173,ノヴィーGSコイル,
5174,ノヴィーコート,
5175,ノヴィーＦコート,
5176,ノヴィーFZコート,
5177,ノヴィーHCコート,
5178,ノヴィーHSコート,
5179,ノヴィーGSコート,
5180,フローラコイル,
5181,フラウベルト,Ceinture Frau
5182,リアウエスト,
5183,キースフォールド,Tassettes Keith
5184,ギネルコイル,Ceinturon Guinelle
5185,チルカコイル,
5186,エドワードフォールド,Tassettes Edward
5187,タイゾウフォールド,Tassettes Taizo
5188,ティアラコート,Manteau Tiala
5189,ユウェルベルト,Ceinture Uwel
5190,ナターシャコート,Manteau Natasha
5191,ダミー,
5192,アミロコイル・青,Ceinturon Amiro bleu
5193,アミロＦコイル・青,Ceinturon Amiro F bleu
5194,アミロFZコイル・青,Ceinturon Amiro FZ bleu
5195,アミロHCコイル・青,Ceinturon Amiro HC bleu
5196,アミロHSコイル・青,Ceinturon Amiro HS bleu
5197,アミロGSコイル・青,Ceinturon Amiro GS bleu
5198,アミロコート・青,Manteau Amiro bleu
5199,アミロＦコート・青,Manteau Amiro F bleu
5200,アミロFZコート・青,Manteau Amiro FZ bleu
5201,アミロHCコート・青,Manteau Amiro HC bleu
5202,アミロHSコート・青,Manteau Amiro HS bleu
5203,アミロGSコート・青,Manteau Amiro GS bleu
5204,アミロコイル・赤,Ceinturon Amiro rouge
5205,アミロＦコイル・赤,Ceinturon Amiro F rouge
5206,アミロFZコイル・赤,Ceinturon Amiro FZ rouge
5207,アミロHCコイル・赤,Ceinturon Amiro HC rouge
5208,アミロHSコイル・赤,Ceinturon Amiro HS rouge
5209,アミロGSコイル・赤,Ceinturon Amiro GS rouge
5210,アミロコート・赤,Manteau Amiro rouge
5211,アミロＦコート・赤,Manteau Amiro F rouge
5212,アミロFZコート・赤,Manteau Amiro FZ rouge
5213,アミロHCコート・赤,Manteau Amiro HC rouge
5214,アミロHSコート・赤,Manteau Amiro HS rouge
5215,アミロGSコート・赤,Manteau Amiro GS rouge
5216,アミロコイル・黄,Ceinturon Amiro jaune
5217,アミロＦコイル・黄,Ceinturon Amiro F jaune
5218,アミロFZコイル・黄,Ceinturon Amiro FZ jaune
5219,アミロHCコイル・黄,Ceinturon Amiro HC jaune
5220,アミロHSコイル・黄,Ceinturon Amiro HS jaune
5221,アミロGSコイル・黄,Ceinturon Amiro GS jaune
5222,アミロコート・黄,Manteau Amiro jaune
5223,アミロＦコート・黄,Manteau Amiro F jaune
5224,アミロFZコート・黄,Manteau Amiro FZ jaune
5225,アミロHCコート・黄,Manteau Amiro HC jaune
5226,アミロHSコート・黄,Manteau Amiro HS jaune
5227,アミロGSコート・黄,Manteau Amiro GS jaune
5228,アミロコイル・黒,Ceinturon Amiro noir
5229,アミロＦコイル・黒,Ceinturon Amiro F noir
5230,アミロFZコイル・黒,Ceinturon Amiro FZ noir
5231,アミロHCコイル・黒,Ceinturon Amiro HC noir
5232,アミロHSコイル・黒,Ceinturon Amiro HS noir
5233,アミロGSコイル・黒,Ceinturon Amiro GS noir
5234,アミロコート・黒,Manteau Amiro noir
5235,アミロＦコート・黒,Manteau Amiro F noir
5236,アミロFZコート・黒,Manteau Amiro FZ noir
5237,アミロHCコート・黒,Manteau Amiro HC noir
5238,アミロHSコート・黒,Manteau Amiro HS noir
5239,アミロGSコート・黒,Manteau Amiro GS noir
5240,リグイコイル,Ceinturon Pisces
5241,リグイＦコイル,Ceinturon Pisces F
5242,リグイFZコイル,Ceinturon Pisces FZ
5243,リグイHCコイル,Ceinturon Pisces HC
5244,リグイHSコイル,Ceinturon Pisces HS
5245,リグイGSコイル,Ceinturon Pisces GS
5246,リグイコート,Manteau Pisces
5247,リグイＦコート,Manteau Pisces F
5248,リグイFZコート,Manteau Pisces FZ
5249,リグイHCコート,Manteau Pisces HC
5250,リグイHSコート,Manteau Pisces HS
5251,リグイGSコート,Manteau Pisces GS
5252,アスールＧフォールド,Tassettes Azul G
5253,アスールGFフォールド,Tassettes Azul GF
5254,アスールGXフォールド,Tassettes Azul GX
5255,アスールＧコート,Manteau Azul G
5256,アスールGFコート,Manteau Azul GF
5257,アスールGXコート,Manteau Azul GX
5258,エントラＧコイル,Ceinturon Entora G
5259,エントラGFコイル,Ceinturon Entora GF
5260,エントラGXコイル,Ceinturon Entora GX
5261,エントラＧコート,Manteau Entora G
5262,エントラGFコート,Manteau Entora GF
5263,エントラGXコート,Manteau Entora GX
5264,聖王ウエスト,
5265,聖王Ｆウエスト,
5266,聖王FZウエスト,
5267,聖王HSウエスト,
5268,聖王GSウエスト,
5269,聖王GPウエスト,
5270,聖王ベルト,
5271,聖王Ｆベルト,
5272,聖王FZベルト,
5273,聖王HSベルト,
5274,聖王GSベルト,
5275,聖王GPベルト,
5276,英雄王ウエスト,
5277,英雄王Ｆウエスト,
5278,英雄王FZウエスト,
5279,英雄王HSウエスト,
5280,英雄王GSウエスト,
5281,英雄王GPウエスト,
5282,英雄王ベルト,
5283,英雄王Ｆベルト,
5284,英雄王FZベルト,
5285,英雄王HSベルト,
5286,英雄王GSベルト,
5287,英雄王GPベルト,
5288,雷刃黒帯,
5289,雷刃Ｆ黒帯,
5290,雷刃FZ黒帯,
5291,雷刃HS黒帯,
5292,雷刃GS黒帯,
5293,雷刃GP黒帯,
5294,迅雷黒帯,
5295,迅雷Ｆ黒帯,
5296,迅雷FZ黒帯,
5297,迅雷HS黒帯,
5298,迅雷GS黒帯,
5299,迅雷GP黒帯,
5300,天星腰帯,
5301,天星Ｆ腰帯,
5302,天星FZ腰帯,
5303,天星HS腰帯,
5304,天星GS腰帯,
5305,天星GP腰帯,
5306,飛燕腰帯,
5307,飛燕Ｆ腰帯,
5308,飛燕FZ腰帯,
5309,飛燕HS腰帯,
5310,飛燕GS腰帯,
5311,飛燕GP腰帯,
5312,バットコート,
5313,バットＦコート,
5314,バットFZコート,
5315,バットHSコート,
5316,バットGSコート,
5317,バットGPコート,
5318,ナイトコート,Manteau Chevalier
5319,ナイトＦコート,Manteau Chevalier F
5320,ナイトFZコート,Manteau Chevalier FZ
5321,ナイトHSコート,Manteau Chevalier HS
5322,ナイトGSコート,Manteau Chevalier GS
5323,ナイトGPコート,Manteau Chevalier GP
5324,シェルウイング,
5325,シェルＦウイング,
5326,シェルFZウイング,
5327,シェルHSウイング,
5328,シェルGSウイング,
5329,シェルGPウイング,
5330,ベクターウイング,
5331,ベクターＦウイング,
5332,ベクターFZウイング,
5333,ベクターHSウイング,
5334,ベクターGSウイング,
5335,ベクターGPウイング,
5336,サーブルコイル,
5337,サーブルＦコイル,
5338,サーブルFZコイル,
5339,サーブルHSコイル,
5340,サーブルGSコイル,
5341,サーブルGPコイル,
5342,サーブルコート,
5343,サーブルＦコート,
5344,サーブルFZコート,
5345,サーブルHSコート,
5346,サーブルGSコート,
5347,サーブルGPコート,
5348,ルワージュウエスト,
5349,ルワージュＦウエスト,
5350,ルワージュFZウエスト,
5351,ルワージュHSウエスト,
5352,ルワージュGSウエスト,
5353,ルワージュGPウエスト,
5354,ルワージュベルト,
5355,ルワージュＦベルト,
5356,ルワージュFZベルト,
5357,ルワージュHSベルト,
5358,ルワージュGSベルト,
5359,ルワージュGPベルト,
5360,ノメルフォールド,
5361,ノメルＦフォールド,
5362,ノメルFZフォールド,
5363,ノメルHSフォールド,
5364,ノメルGSフォールド,
5365,ノメルGPフォールド,
5366,ノメルコート,
5367,ノメルＦコート,
5368,ノメルFZコート,
5369,ノメルHSコート,
5370,ノメルGSコート,
5371,ノメルGPコート,
5372,英雄王の腰当：剣金,
5373,英雄王の腰当：剣Ｆ金,
5374,英雄王の腰当：剣FZ金,
5375,英雄王の腰当：剣HS金,
5376,英雄王の腰当：剣GS金,
5377,英雄王の腰当：剣GP金,
5378,英雄王の腰当：銃金,
5379,英雄王の腰当：銃Ｆ金,
5380,英雄王の腰当：銃FZ金,
5381,英雄王の腰当：銃HS金,
5382,英雄王の腰当：銃GS金,
5383,英雄王の腰当：銃GP金,
5384,ゴルゴンコイル・黒,Ceinturon Gorgone noir
5385,ゴルゴンＦコイル・黒,Ceinturon Gorgone F noir
5386,ゴルゴンFZコイル・黒,Ceinturon Gorgone FZ noir
5387,ゴルゴンHSコイル・黒,Ceinturon Gorgone HS noir
5388,ゴルゴンGSコイル・黒,Ceinturon Gorgone GS noir
5389,ゴルゴンGPコイル・黒,Ceinturon Gorgone GP noir
5390,ゴルゴンコート・黒,Manteau Gorgone noir
5391,ゴルゴンＦコート・黒,Manteau Gorgone F noir
5392,ゴルゴンFZコート・黒,Manteau Gorgone FZ noir
5393,ゴルゴンHSコート・黒,Manteau Gorgone HS noir
5394,ゴルゴンGSコート・黒,Manteau Gorgone GS noir
5395,ゴルゴンGPコート・黒,Manteau Gorgone GP noir
5396,クリュスHSウエスト,Taille Kruss HS
5397,クリュスGSウエスト,Taille Kruss GS
5398,クリュスGPウエスト,Taille Kruss GP
5399,クォートHSベルト,
5400,クォートGSベルト,
5401,クォートGPベルト,
5402,スタリナHSウエスト,Taille Starina HS
5403,スタリナGSウエスト,Taille Starina GS
5404,スタリナGPウエスト,Taille Starina GP
5405,スタリナHSベルト,Ceinture Starina HS
5406,スタリナGSベルト,Ceinture Starina GS
5407,スタリナGPベルト,Ceinture Starina GP
5408,ルースHSウエスト,
5409,ルースGSウエスト,
5410,ルースGPウエスト,
5411,ルースHSベルト,
5412,ルースGSベルト,
5413,ルースGPベルト,
5414,ミラドHSウエスト,Taille Mirado HS
5415,ミラドGSウエスト,Taille Mirado GS
5416,ミラドGPウエスト,Taille Mirado GP
5417,ミラドHSベルト,Ceinture Mirado HS
5418,ミラドGSベルト,Ceinture Mirado GS
5419,ミラドGPベルト,Ceinture Mirado GP
5420,ピラータHSフォールド,Tassettes Pirata HS
5421,ピラータGSフォールド,Tassettes Pirata GS
5422,ピラータGPフォールド,Tassettes Pirata GP
5423,ピラータHSコート,Manteau Pirata HS
5424,ピラータGSコート,Manteau Pirata GS
5425,ピラータGPコート,Manteau Pirata GP
5426,ゼロイHSフォールド,Tassettes Zeroi HS
5427,ゼロイGSフォールド,Tassettes Zeroi GS
5428,ゼロイGPフォールド,Tassettes Zeroi GP
5429,ゼロイHSコート,Manteau Zeroi HS
5430,ゼロイGSコート,Manteau Zeroi GS
5431,ゼロイGPコート,Manteau Zeroi GP
5432,デュールHSフォールド,Tassettes Deyuru HS
5433,デュールGSフォールド,Tassettes Deyuru GS
5434,デュールGPフォールド,Tassettes Deyuru GP
5435,デュールHSコート,Manteau Deyuru HS
5436,デュールGSコート,Manteau Deyuru GS
5437,デュールGPコート,Manteau Deyuru GP
5438,ロバストHSアンダ,
5439,ロバストGSアンダ,
5440,ロバストGPアンダ,
5441,ロバストHSテイル,
5442,ロバストGSテイル,
5443,ロバストGPテイル,
5444,花火GS【腰当て】,
5445,花火GP【腰当て】,
5446,流星GS【腰当て】,
5447,流星GP【腰当て】,
5448,バーニーFZベルト・黒,Ceinture Barney FZ noire
5449,バーニーHSベルト・黒,Ceinture Barney HS noire
5450,バーニーGSベルト・黒,Ceinture Barney GS noire
5451,バーニーGPベルト・黒,Ceinture Barney GP noire
5452,バーニーFZベルト・白,Ceinture Barney FZ blanche
5453,バーニーHSベルト・白,Ceinture Barney HS blanche
5454,バーニーGSベルト・白,Ceinture Barney GS blanche
5455,バーニーGPベルト・白,Ceinture Barney GP blanche
5456,バーニーFZベルト・赤,Ceinture Barney FZ rouge
5457,バーニーHSベルト・赤,Ceinture Barney HS rouge
5458,バーニーGSベルト・赤,Ceinture Barney GS rouge
5459,バーニーGPベルト・赤,Ceinture Barney GP rouge
5460,バーニーFZベルト・紫,Ceinture Barney FZ violette
5461,バーニーHSベルト・紫,Ceinture Barney HS violette
5462,バーニーGSベルト・紫,Ceinture Barney GS violette
5463,バーニーGPベルト・紫,Ceinture Barney GP violette
5464,バーニーFZコート・黒,Manteau Barney FZ noir
5465,バーニーHSコート・黒,Manteau Barney HS noir
5466,バーニーGSコート・黒,Manteau Barney GS noir
5467,バーニーGPコート・黒,Manteau Barney GP noir
5468,バーニーFZコート・白,Manteau Barney FZ blanc
5469,バーニーHSコート・白,Manteau Barney HS blanc
5470,バーニーGSコート・白,Manteau Barney GS blanc
5471,バーニーGPコート・白,Manteau Barney GP blanc
5472,バーニーFZコート・赤,Manteau Barney FZ rouge
5473,バーニーHSコート・赤,Manteau Barney HS rouge
5474,バーニーGSコート・赤,Manteau Barney GS rouge
5475,バーニーGPコート・赤,Manteau Barney GP rouge
5476,バーニーFZコート・紫,Manteau Barney FZ violet
5477,バーニーHSコート・紫,Manteau Barney HS violet
5478,バーニーGSコート・紫,Manteau Barney GS violet
5479,バーニーGPコート・紫,Manteau Barney GP violet
5480,ミクGPコイル,Ceinturon Miku GP
5481,ミクGPコート,Manteau Miku GP
5482,赤原礼装・腰：剣GP赤,Taille Akahara GP Lame rouge
5483,赤原礼装・腰：弓GP赤,Taille Akahara GP Arc rouge
5484,赤原礼装・腰：剣GP青,Taille Akahara GP Lame bleue
5485,赤原礼装・腰：弓GP青,Taille Akahara GP Arc bleue
5486,赤原礼装・腰：剣GP黒,Taille Akahara GP Lame noire
5487,赤原礼装・腰：弓GP黒,Taille Akahara GP Arc noire
5488,赤原礼装・腰：剣GP白,Taille Akahara GP Lame blanche
5489,赤原礼装・腰：弓GP白,Taille Akahara GP Arc blanche
5490,騎士王の腰当：剣GP青,
5491,騎士王の腰当：弓GP青,
5492,騎士王の腰当：剣GP赤,
5493,騎士王の腰当：弓GP赤,
5494,騎士王の腰当：剣GP黒,
5495,騎士王の腰当：弓GP黒,
5496,騎士王の腰当：剣GP白,
5497,騎士王の腰当：弓GP白,
5498,蒼竜ノ具足GP【腰帯】,
5499,蒼竜ノ羽織GP【腰帯】,
5500,赤備ノ具足GP【腰帯】,
5501,赤備ノ羽織GP【腰帯】,
5502,レアルGPコイル・白,Ceinturon Real GP blanc
5503,レアルGPコイル・金,Ceinturon Real GP doré
5504,レアルGPコイル・青,Ceinturon Real GP bleu
5505,レアルGPコイル・赤,Ceinturon Real GP rouge
5506,レアルGPコート・白,Manteau Real GP blanc
5507,レアルGPコート・金,Manteau Real GP doré
5508,レアルGPコート・青,Manteau Real GP bleu
5509,レアルGPコート・赤,Manteau Real GP rouge
5510,リゲリアGPコイル・白,Ceinturon Ligeria GP blanc
5511,リゲリアGPコイル・赤,Ceinturon Ligeria GP rouge
5512,リゲリアGPコイル・緑,Ceinturon Ligeria GP vert
5513,リゲリアGPコイル・青,Ceinturon Ligeria GP bleu
5514,リゲリアGPコート・白,Manteau Ligeria GP blanc
5515,リゲリアGPコート・赤,Manteau Ligeria GP rouge
5516,リゲリアGPコート・緑,Manteau Ligeria GP vert
5517,リゲリアGPコート・青,Manteau Ligeria GP bleu
5518,エディオGPコイル・青,Ceinturon Edio GP bleu
5519,エディオGPコイル・赤,Ceinturon Edio GP rouge
5520,エディオGPコイル・黄,Ceinturon Edio GP jaune
5521,エディオGPコイル・黒,Ceinturon Edio GP noir
5522,エディオGPコート・青,Manteau Edio GP bleu
5523,エディオGPコート・赤,Manteau Edio GP rouge
5524,エディオGPコート・黄,Manteau Edio GP jaune
5525,エディオGPコート・黒,Manteau Edio GP noir
5526,レイストGSコイル・黒,Ceinturon Reist GS noir
5527,レイストGPコイル・黒,Ceinturon Reist GP noir
5528,レイストGSコート・黒,Manteau Reist GS noir
5529,レイストGPコート・黒,Manteau Reist GP noir
5530,レイストGSコイル・青,Ceinturon Reist GS bleu
5531,レイストGPコイル・青,Ceinturon Reist GP bleu
5532,レイストGSコート・青,Manteau Reist GS bleu
5533,レイストGPコート・青,Manteau Reist GP bleu
5534,レイストGSコイル・紅,Ceinturon Reist GS cramoisi
5535,レイストGPコイル・紅,Ceinturon Reist GP cramoisi
5536,レイストGSコート・紅,Manteau Reist GS cramoisi
5537,レイストGPコート・紅,Manteau Reist GP cramoisi
5538,レイストGSコイル・白,Ceinturon Reist GS blanc
5539,レイストGPコイル・白,Ceinturon Reist GP blanc
5540,レイストGSコート・白,Manteau Reist GS blanc
5541,レイストGPコート・白,Manteau Reist GP blanc
5542,シエルFZリフレクサー,
5543,シエルHSリフレクサー,
5544,シエルGSリフレクサー,
5545,シエルGPリフレクサー,
5546,オメットHSコイル・黒,Ceinturon Omet HS noir
5547,オメットGSコイル・黒,Ceinturon Omet GS noir
5548,オメットGPコイル・黒,Ceinturon Omet GP noir
5549,オメットHSコート・黒,Manteau Omet HS noir
5550,オメットGSコート・黒,Manteau Omet GS noir
5551,オメットGPコート・黒,Manteau Omet GP noir
5552,オメットHSコイル・赤,Ceinturon Omet HS rouge
5553,オメットGSコイル・赤,Ceinturon Omet GS rouge
5554,オメットGPコイル・赤,Ceinturon Omet GP rouge
5555,オメットHSコート・赤,Manteau Omet HS rouge
5556,オメットGSコート・赤,Manteau Omet GS rouge
5557,オメットGPコート・赤,Manteau Omet GP rouge
5558,オメットHSコイル・白,Ceinturon Omet HS blanc
5559,オメットGSコイル・白,Ceinturon Omet GS blanc
5560,オメットGPコイル・白,Ceinturon Omet GP blanc
5561,オメットHSコート・白,Manteau Omet HS blanc
5562,オメットGSコート・白,Manteau Omet GS blanc
5563,オメットGPコート・白,Manteau Omet GP blanc
5564,オメットHSコイル・青,Ceinturon Omet HS bleu
5565,オメットGSコイル・青,Ceinturon Omet GS bleu
5566,オメットGPコイル・青,Ceinturon Omet GP bleu
5567,オメットHSコート・青,Manteau Omet HS bleu
5568,オメットGSコート・青,Manteau Omet GS bleu
5569,オメットGPコート・青,Manteau Omet GP bleu
5570,ゴルトFZコイル・赤,Ceinturon Gold FZ rouge
5571,ゴルトHSコイル・赤,Ceinturon Gold HS rouge
5572,ゴルトGSコイル・赤,Ceinturon Gold GS rouge
5573,ゴルトGPコイル・赤,Ceinturon Gold GP rouge
5574,ゴルトFZコイル・青,Ceinturon Gold FZ bleu
5575,ゴルトHSコイル・青,Ceinturon Gold HS bleu
5576,ゴルトGSコイル・青,Ceinturon Gold GS bleu
5577,ゴルトGPコイル・青,Ceinturon Gold GP bleu
5578,ゴルトFZコイル・黄,Ceinturon Gold FZ jaune
5579,ゴルトHSコイル・黄,Ceinturon Gold HS jaune
5580,ゴルトGSコイル・黄,Ceinturon Gold GS jaune
5581,ゴルトGPコイル・黄,Ceinturon Gold GP jaune
5582,ゴルトFZコイル・紫,Ceinturon Gold FZ violet
5583,ゴルトHSコイル・紫,Ceinturon Gold HS violet
5584,ゴルトGSコイル・紫,Ceinturon Gold GS violet
5585,ゴルトGPコイル・紫,Ceinturon Gold GP violet
5586,ゴルトFZコート・赤,Manteau Gold FZ rouge
5587,ゴルトHSコート・赤,Manteau Gold HS rouge
5588,ゴルトGSコート・赤,Manteau Gold GS rouge
5589,ゴルトGPコート・赤,Manteau Gold GP rouge
5590,ゴルトFZコート・青,Manteau Gold FZ bleu
5591,ゴルトHSコート・青,Manteau Gold HS bleu
5592,ゴルトGSコート・青,Manteau Gold GS bleu
5593,ゴルトGPコート・青,Manteau Gold GP bleu
5594,ゴルトFZコート・黄,Manteau Gold FZ jaune
5595,ゴルトHSコート・黄,Manteau Gold HS jaune
5596,ゴルトGSコート・黄,Manteau Gold GS jaune
5597,ゴルトGPコート・黄,Manteau Gold GP jaune
5598,ゴルトFZコート・紫,Manteau Gold FZ violet
5599,ゴルトHSコート・紫,Manteau Gold HS violet
5600,ゴルトGSコート・紫,Manteau Gold GS violet
5601,ゴルトGPコート・紫,Manteau Gold GP violet
5602,シャランHSベルト・青,Ceinture Sharan HS bleue
5603,シャランGSベルト・青,Ceinture Sharan GS bleue
5604,シャランGPベルト・青,Ceinture Sharan GP bleue
5605,シャランHSベルト・緑,Ceinture Sharan HS verte
5606,シャランGSベルト・緑,Ceinture Sharan GS verte
5607,シャランGPベルト・緑,Ceinture Sharan GP verte
5608,シャランHSベルト・紫,Ceinture Sharan HS violette
5609,シャランGSベルト・紫,Ceinture Sharan GS violette
5610,シャランGPベルト・紫,Ceinture Sharan GP violette
5611,シャランHSベルト・白,Ceinture Sharan HS blanche
5612,シャランGSベルト・白,Ceinture Sharan GS blanche
5613,シャランGPベルト・白,Ceinture Sharan GP blanche
5614,シャランHSポーチ・青,
5615,シャランGSポーチ・青,
5616,シャランGPポーチ・青,
5617,シャランHSポーチ・緑,
5618,シャランGSポーチ・緑,
5619,シャランGPポーチ・緑,
5620,シャランHSポーチ・紫,
5621,シャランGSポーチ・紫,
5622,シャランGPポーチ・紫,
5623,シャランHSポーチ・白,
5624,シャランGSポーチ・白,
5625,シャランGPポーチ・白,
5626,アリストFZコイル・青,Ceinturon Aristo FZ bleu
5627,アリストHSコイル・青,Ceinturon Aristo HS bleu
5628,アリストGSコイル・青,Ceinturon Aristo GS bleu
5629,アリストGPコイル・青,Ceinturon Aristo GP bleu
5630,アリストFZコイル・白,Ceinturon Aristo FZ blanc
5631,アリストHSコイル・白,Ceinturon Aristo HS blanc
5632,アリストGSコイル・白,Ceinturon Aristo GS blanc
5633,アリストGPコイル・白,Ceinturon Aristo GP blanc
5634,アリストFZコイル・紫,Ceinturon Aristo FZ violet
5635,アリストHSコイル・紫,Ceinturon Aristo HS violet
5636,アリストGSコイル・紫,Ceinturon Aristo GS violet
5637,アリストGPコイル・紫,Ceinturon Aristo GP violet
5638,アリストFZコイル・赤,Ceinturon Aristo FZ rouge
5639,アリストHSコイル・赤,Ceinturon Aristo HS rouge
5640,アリストGSコイル・赤,Ceinturon Aristo GS rouge
5641,アリストGPコイル・赤,Ceinturon Aristo GP rouge
5642,アリストFZコート・青,Manteau Aristo FZ bleu
5643,アリストHSコート・青,Manteau Aristo HS bleu
5644,アリストGSコート・青,Manteau Aristo GS bleu
5645,アリストGPコート・青,Manteau Aristo GP bleu
5646,アリストFZコート・白,Manteau Aristo FZ blanc
5647,アリストHSコート・白,Manteau Aristo HS blanc
5648,アリストGSコート・白,Manteau Aristo GS blanc
5649,アリストGPコート・白,Manteau Aristo GP blanc
5650,アリストFZコート・紫,Manteau Aristo FZ violet
5651,アリストHSコート・紫,Manteau Aristo HS violet
5652,アリストGSコート・紫,Manteau Aristo GS violet
5653,アリストGPコート・紫,Manteau Aristo GP violet
5654,アリストFZコート・赤,Manteau Aristo FZ rouge
5655,アリストHSコート・赤,Manteau Aristo HS rouge
5656,アリストGSコート・赤,Manteau Aristo GS rouge
5657,アリストGPコート・赤,Manteau Aristo GP rouge
5658,マギサFZコイル・赤,Ceinturon Magisa FZ rouge
5659,マギサHSコイル・赤,Ceinturon Magisa HS rouge
5660,マギサGSコイル・赤,Ceinturon Magisa GS rouge
5661,マギサGPコイル・赤,Ceinturon Magisa GP rouge
5662,マギサFZコイル・黒,Ceinturon Magisa FZ noir
5663,マギサHSコイル・黒,Ceinturon Magisa HS noir
5664,マギサGSコイル・黒,Ceinturon Magisa GS noir
5665,マギサGPコイル・黒,Ceinturon Magisa GP noir
5666,マギサFZコイル・緑,Ceinturon Magisa FZ vert
5667,マギサHSコイル・緑,Ceinturon Magisa HS vert
5668,マギサGSコイル・緑,Ceinturon Magisa GS vert
5669,マギサGPコイル・緑,Ceinturon Magisa GP vert
5670,マギサFZコイル・白,Ceinturon Magisa FZ blanc
5671,マギサHSコイル・白,Ceinturon Magisa HS blanc
5672,マギサGSコイル・白,Ceinturon Magisa GS blanc
5673,マギサGPコイル・白,Ceinturon Magisa GP blanc
5674,ウィザーFZコート・赤,Manteau Wither FZ rouge
5675,ウィザーHSコート・赤,Manteau Wither HS rouge
5676,ウィザーGSコート・赤,Manteau Wither GS rouge
5677,ウィザーGPコート・赤,Manteau Wither GP rouge
5678,ウィザーFZコート・黒,Manteau Wither FZ noir
5679,ウィザーHSコート・黒,Manteau Wither HS noir
5680,ウィザーGSコート・黒,Manteau Wither GS noir
5681,ウィザーGPコート・黒,Manteau Wither GP noir
5682,ウィザーFZコート・緑,Manteau Wither FZ vert
5683,ウィザーHSコート・緑,Manteau Wither HS vert
5684,ウィザーGSコート・緑,Manteau Wither GS vert
5685,ウィザーGPコート・緑,Manteau Wither GP vert
5686,ウィザーFZコート・白,Manteau Wither FZ blanc
5687,ウィザーHSコート・白,Manteau Wither HS blanc
5688,ウィザーGSコート・白,Manteau Wither GS blanc
5689,ウィザーGPコート・白,Manteau Wither GP blanc
5690,抜胴GS【腰当て】,
5691,抜胴GP【腰当て】,
5692,長根GS【腰当て】,
5693,長根GP【腰当て】,
5694,英雄王の腰当：剣黒,
5695,英雄王の腰当：剣Ｆ黒,
5696,英雄王の腰当：剣FZ黒,
5697,英雄王の腰当：剣HS黒,
5698,英雄王の腰当：剣GS黒,
5699,英雄王の腰当：剣GP黒,
5700,英雄王の腰当：銃黒,
5701,英雄王の腰当：銃Ｆ黒,
5702,英雄王の腰当：銃FZ黒,
5703,英雄王の腰当：銃HS黒,
5704,英雄王の腰当：銃GS黒,
5705,英雄王の腰当：銃GP黒,
5706,ゴルゴンコイル・青,Ceinturon Gorgone bleu
5707,ゴルゴンＦコイル・青,Ceinturon Gorgone F bleu
5708,ゴルゴンFZコイル・青,Ceinturon Gorgone FZ bleu
5709,ゴルゴンHSコイル・青,Ceinturon Gorgone HS bleu
5710,ゴルゴンGSコイル・青,Ceinturon Gorgone GS bleu
5711,ゴルゴンGPコイル・青,Ceinturon Gorgone GP bleu
5712,ゴルゴンコート・青,Manteau Gorgone bleu
5713,ゴルゴンＦコート・青,Manteau Gorgone F bleu
5714,ゴルゴンFZコート・青,Manteau Gorgone FZ bleu
5715,ゴルゴンHSコート・青,Manteau Gorgone HS bleu
5716,ゴルゴンGSコート・青,Manteau Gorgone GS bleu
5717,ゴルゴンGPコート・青,Manteau Gorgone GP bleu
5718,英雄王の腰当：剣白,
5719,英雄王の腰当：剣Ｆ白,
5720,英雄王の腰当：剣FZ白,
5721,英雄王の腰当：剣HS白,
5722,英雄王の腰当：剣GS白,
5723,英雄王の腰当：剣GP白,
5724,英雄王の腰当：銃白,
5725,英雄王の腰当：銃Ｆ白,
5726,英雄王の腰当：銃FZ白,
5727,英雄王の腰当：銃HS白,
5728,英雄王の腰当：銃GS白,
5729,英雄王の腰当：銃GP白,
5730,ゴルゴンコイル・白,Ceinturon Gorgone blanc
5731,ゴルゴンＦコイル・白,Ceinturon Gorgone F blanc
5732,ゴルゴンFZコイル・白,Ceinturon Gorgone FZ blanc
5733,ゴルゴンHSコイル・白,Ceinturon Gorgone HS blanc
5734,ゴルゴンGSコイル・白,Ceinturon Gorgone GS blanc
5735,ゴルゴンGPコイル・白,Ceinturon Gorgone GP blanc
5736,ゴルゴンコート・白,Manteau Gorgone blanc
5737,ゴルゴンＦコート・白,Manteau Gorgone F blanc
5738,ゴルゴンFZコート・白,Manteau Gorgone FZ blanc
5739,ゴルゴンHSコート・白,Manteau Gorgone HS blanc
5740,ゴルゴンGSコート・白,Manteau Gorgone GS blanc
5741,ゴルゴンGPコート・白,Manteau Gorgone GP blanc
5742,英雄王の腰当：剣赤,
5743,英雄王の腰当：剣Ｆ赤,
5744,英雄王の腰当：剣FZ赤,
5745,英雄王の腰当：剣HS赤,
5746,英雄王の腰当：剣GS赤,
5747,英雄王の腰当：剣GP赤,
5748,英雄王の腰当：銃赤,
5749,英雄王の腰当：銃Ｆ赤,
5750,英雄王の腰当：銃FZ赤,
5751,英雄王の腰当：銃HS赤,
5752,英雄王の腰当：銃GS赤,
5753,英雄王の腰当：銃GP赤,
5754,ゴルゴンコイル・赤,Ceinturon Gorgone rouge
5755,ゴルゴンＦコイル・赤,Ceinturon Gorgone F rouge
5756,ゴルゴンFZコイル・赤,Ceinturon Gorgone FZ rouge
5757,ゴルゴンHSコイル・赤,Ceinturon Gorgone HS rouge
5758,ゴルゴンGSコイル・赤,Ceinturon Gorgone GS rouge
5759,ゴルゴンGPコイル・赤,Ceinturon Gorgone GP rouge
5760,ゴルゴンコート・赤,Manteau Gorgone rouge
5761,ゴルゴンＦコート・赤,Manteau Gorgone F rouge
5762,ゴルゴンFZコート・赤,Manteau Gorgone FZ rouge
5763,ゴルゴンHSコート・赤,Manteau Gorgone HS rouge
5764,ゴルゴンGSコート・赤,Manteau Gorgone GS rouge
5765,ゴルゴンGPコート・赤,Manteau Gorgone GP rouge
5766,メラギフォールド,Tassettes Meraginasu
5767,メラギＦフォールド,Tassettes Meraginasu F
5768,メラギFXフォールド,Tassettes Meraginasu FX
5769,メラギＧフォールド,Tassettes Meraginasu G
5770,メラギGFフォールド,Tassettes Meraginasu GF
5771,メラギコート,Manteau Meraginasu
5772,メラギＦコート,Manteau Meraginasu F
5773,メラギFXコート,Manteau Meraginasu FX
5774,メラギＧコート,Manteau Meraginasu G
5775,メラギGFコート,Manteau Meraginasu GF
5776,ストロマGFフォールド,Tassettes Stroma GF
5777,ストロマGFコート,Manteau Stroma GF
5778,エミットGFフォールド,
5779,エミットGFコート,
5780,ブリッツGFフープ,
5781,ブリッツGFショルト,
5782,ワダツミGF【丸帯】,
5783,オカミGF【丸帯】,
5784,ディボアGFフォールド,Tassettes Diboa GF
5785,ディボアGFコート,Manteau Diboa GF
5786,若紅葉【虎布】,
5787,若紅葉Ｆ【虎布】,
5788,若紅葉FY【虎布】,
5789,若紅葉HS【虎布】,
5790,若紅葉Ｇ【虎布】,
5791,若紅葉GF【虎布】,
5792,若紅葉GX【虎布】,
5793,翡戸隠【虎布】,
5794,翡戸隠Ｆ【虎布】,
5795,翡戸隠FY【虎布】,
5796,翡戸隠HS【虎布】,
5797,翡戸隠Ｇ【虎布】,
5798,翡戸隠GF【虎布】,
5799,翡戸隠GX【虎布】,
5800,ブリゼフォールド,Tassettes Blize
5801,ブリゼＦフォールド,Tassettes Blize F
5802,ブリゼFYフォールド,Tassettes Blize FY
5803,ブリゼHSフォールド,Tassettes Blize HS
5804,ブリゼＧフォールド,Tassettes Blize G
5805,ブリゼGFフォールド,Tassettes Blize GF
5806,ブリゼGXフォールド,Tassettes Blize GX
5807,ブリゼコート,Manteau Blize
5808,ブリゼＦコート,Manteau Blize F
5809,ブリゼFYコート,Manteau Blize FY
5810,ブリゼHSコート,Manteau Blize HS
5811,ブリゼＧコート,Manteau Blize G
5812,ブリゼGFコート,Manteau Blize GF
5813,ブリゼGXコート,Manteau Blize GX
5814,ミクセスFYフォールド,Tassettes Mixes FY
5815,ミクセスHSフォールド,Tassettes Mixes HS
5816,ミクセスＧフォールド,Tassettes Mixes G
5817,ミクセスGFフォールド,Tassettes Mixes GF
5818,ミクセスGXフォールド,Tassettes Mixes GX
5819,ミクセスFYコート,Manteau Mixes FY
5820,ミクセスHSコート,Manteau Mixes HS
5821,ミクセスＧコート,Manteau Mixes G
5822,ミクセスGFコート,Manteau Mixes GF
5823,ミクセスGXコート,Manteau Mixes GX
5824,ザイラコイル・緑,Ceinturon Zaira vert
5825,ザイラＦコイル・緑,Ceinturon Zaira F vert
5826,ザイラFZコイル・緑,Ceinturon Zaira FZ vert
5827,ザイラHSコイル・緑,Ceinturon Zaira HS vert
5828,ザイラGSコイル・緑,Ceinturon Zaira GS vert
5829,ザイラGPコイル・緑,Ceinturon Zaira GP vert
5830,ザイラコート・緑,Manteau Zaira vert
5831,ザイラＦコート・緑,Manteau Zaira F vert
5832,ザイラFZコート・緑,Manteau Zaira FZ vert
5833,ザイラHSコート・緑,Manteau Zaira HS vert
5834,ザイラGSコート・緑,Manteau Zaira GS vert
5835,ザイラGPコート・緑,Manteau Zaira GP vert
5836,ザイラコイル・水,
5837,ザイラＦコイル・水,
5838,ザイラFZコイル・水,
5839,ザイラHSコイル・水,
5840,ザイラGSコイル・水,
5841,ザイラGPコイル・水,
5842,ザイラコート・水,
5843,ザイラＦコート・水,
5844,ザイラFZコート・水,
5845,ザイラHSコート・水,
5846,ザイラGSコート・水,
5847,ザイラGPコート・水,
5848,ザイラコイル・赤,Ceinturon Zaira rouge
5849,ザイラＦコイル・赤,Ceinturon Zaira F rouge
5850,ザイラFZコイル・赤,Ceinturon Zaira FZ rouge
5851,ザイラHSコイル・赤,Ceinturon Zaira HS rouge
5852,ザイラGSコイル・赤,Ceinturon Zaira GS rouge
5853,ザイラGPコイル・赤,Ceinturon Zaira GP rouge
5854,ザイラコート・赤,Manteau Zaira rouge
5855,ザイラＦコート・赤,Manteau Zaira F rouge
5856,ザイラFZコート・赤,Manteau Zaira FZ rouge
5857,ザイラHSコート・赤,Manteau Zaira HS rouge
5858,ザイラGSコート・赤,Manteau Zaira GS rouge
5859,ザイラGPコート・赤,Manteau Zaira GP rouge
5860,ザイラコイル・碧,Ceinturon Zaira émeraude
5861,ザイラＦコイル・碧,Ceinturon Zaira F émeraude
5862,ザイラFZコイル・碧,Ceinturon Zaira FZ émeraude
5863,ザイラHSコイル・碧,Ceinturon Zaira HS émeraude
5864,ザイラGSコイル・碧,Ceinturon Zaira GS émeraude
5865,ザイラGPコイル・碧,Ceinturon Zaira GP émeraude
5866,ザイラコート・碧,Manteau Zaira émeraude
5867,ザイラＦコート・碧,Manteau Zaira F émeraude
5868,ザイラFZコート・碧,Manteau Zaira FZ émeraude
5869,ザイラHSコート・碧,Manteau Zaira HS émeraude
5870,ザイラGSコート・碧,Manteau Zaira GS émeraude
5871,ザイラGPコート・碧,Manteau Zaira GP émeraude
5872,キャロルベルト・黒,Ceinture Carol noire
5873,キャロルＦベルト・黒,Ceinture Carol F noire
5874,キャロルFZベルト・黒,Ceinture Carol FZ noire
5875,キャロルHSベルト・黒,Ceinture Carol HS noire
5876,キャロルGSベルト・黒,Ceinture Carol GS noire
5877,キャロルGPベルト・黒,Ceinture Carol GP noire
5878,キャロルコート・黒,Manteau Carol noir
5879,キャロルＦコート・黒,Manteau Carol F noir
5880,キャロルFZコート・黒,Manteau Carol FZ noir
5881,キャロルHSコート・黒,Manteau Carol HS noir
5882,キャロルGSコート・黒,Manteau Carol GS noir
5883,キャロルGPコート・黒,Manteau Carol GP noir
5884,キャロルベルト・青,Ceinture Carol bleue
5885,キャロルＦベルト・青,Ceinture Carol F bleue
5886,キャロルFZベルト・青,Ceinture Carol FZ bleue
5887,キャロルHSベルト・青,Ceinture Carol HS bleue
5888,キャロルGSベルト・青,Ceinture Carol GS bleue
5889,キャロルGPベルト・青,Ceinture Carol GP bleue
5890,キャロルコート・青,Manteau Carol bleu
5891,キャロルＦコート・青,Manteau Carol F bleu
5892,キャロルFZコート・青,Manteau Carol FZ bleu
5893,キャロルHSコート・青,Manteau Carol HS bleu
5894,キャロルGSコート・青,Manteau Carol GS bleu
5895,キャロルGPコート・青,Manteau Carol GP bleu
5896,キャロルベルト・白,Ceinture Carol blanche
5897,キャロルＦベルト・白,Ceinture Carol F blanche
5898,キャロルFZベルト・白,Ceinture Carol FZ blanche
5899,キャロルHSベルト・白,Ceinture Carol HS blanche
5900,キャロルGSベルト・白,Ceinture Carol GS blanche
5901,キャロルGPベルト・白,Ceinture Carol GP blanche
5902,キャロルコート・白,Manteau Carol blanc
5903,キャロルＦコート・白,Manteau Carol F blanc
5904,キャロルFZコート・白,Manteau Carol FZ blanc
5905,キャロルHSコート・白,Manteau Carol HS blanc
5906,キャロルGSコート・白,Manteau Carol GS blanc
5907,キャロルGPコート・白,Manteau Carol GP blanc
5908,キャロルベルト・赤,Ceinture Carol rouge
5909,キャロルＦベルト・赤,Ceinture Carol F rouge
5910,キャロルFZベルト・赤,Ceinture Carol FZ rouge
5911,キャロルHSベルト・赤,Ceinture Carol HS rouge
5912,キャロルGSベルト・赤,Ceinture Carol GS rouge
5913,キャロルGPベルト・赤,Ceinture Carol GP rouge
5914,キャロルコート・赤,Manteau Carol rouge
5915,キャロルＦコート・赤,Manteau Carol F rouge
5916,キャロルFZコート・赤,Manteau Carol FZ rouge
5917,キャロルHSコート・赤,Manteau Carol HS rouge
5918,キャロルGSコート・赤,Manteau Carol GS rouge
5919,キャロルGPコート・赤,Manteau Carol GP rouge
5920,セレナコイル・紫,Ceinturon Serena violet
5921,セレナＦコイル・紫,Ceinturon Serena F violet
5922,セレナFZコイル・紫,Ceinturon Serena FZ violet
5923,セレナHSコイル・紫,Ceinturon Serena HS violet
5924,セレナGSコイル・紫,Ceinturon Serena GS violet
5925,セレナGPコイル・紫,Ceinturon Serena GP violet
5926,セレナコート・紫,Manteau Serena violet
5927,セレナＦコート・紫,Manteau Serena F violet
5928,セレナFZコート・紫,Manteau Serena FZ violet
5929,セレナHSコート・紫,Manteau Serena HS violet
5930,セレナGSコート・紫,Manteau Serena GS violet
5931,セレナGPコート・紫,Manteau Serena GP violet
5932,セレナコイル・青,Ceinturon Serena bleu
5933,セレナＦコイル・青,Ceinturon Serena F bleu
5934,セレナFZコイル・青,Ceinturon Serena FZ bleu
5935,セレナHSコイル・青,Ceinturon Serena HS bleu
5936,セレナGSコイル・青,Ceinturon Serena GS bleu
5937,セレナGPコイル・青,Ceinturon Serena GP bleu
5938,セレナコート・青,Manteau Serena bleu
5939,セレナＦコート・青,Manteau Serena F bleu
5940,セレナFZコート・青,Manteau Serena FZ bleu
5941,セレナHSコート・青,Manteau Serena HS bleu
5942,セレナGSコート・青,Manteau Serena GS bleu
5943,セレナGPコート・青,Manteau Serena GP bleu
5944,セレナコイル・白,Ceinturon Serena blanc
5945,セレナＦコイル・白,Ceinturon Serena F blanc
5946,セレナFZコイル・白,Ceinturon Serena FZ blanc
5947,セレナHSコイル・白,Ceinturon Serena HS blanc
5948,セレナGSコイル・白,Ceinturon Serena GS blanc
5949,セレナGPコイル・白,Ceinturon Serena GP blanc
5950,セレナコート・白,Manteau Serena blanc
5951,セレナＦコート・白,Manteau Serena F blanc
5952,セレナFZコート・白,Manteau Serena FZ blanc
5953,セレナHSコート・白,Manteau Serena HS blanc
5954,セレナGSコート・白,Manteau Serena GS blanc
5955,セレナGPコート・白,Manteau Serena GP blanc
5956,セレナコイル・赤,Ceinturon Serena rouge
5957,セレナＦコイル・赤,Ceinturon Serena F rouge
5958,セレナFZコイル・赤,Ceinturon Serena FZ rouge
5959,セレナHSコイル・赤,Ceinturon Serena HS rouge
5960,セレナGSコイル・赤,Ceinturon Serena GS rouge
5961,セレナGPコイル・赤,Ceinturon Serena GP rouge
5962,セレナコート・赤,Manteau Serena rouge
5963,セレナＦコート・赤,Manteau Serena F rouge
5964,セレナFZコート・赤,Manteau Serena FZ rouge
5965,セレナHSコート・赤,Manteau Serena HS rouge
5966,セレナGSコート・赤,Manteau Serena GS rouge
5967,セレナGPコート・赤,Manteau Serena GP rouge
5968,ニンバスウエスト,
5969,ニンバスＦウエスト,
5970,ニンバスFZウエスト,
5971,ニンバスHSウエスト,
5972,ニンバスGSウエスト,
5973,ニンバスGPウエスト,
5974,ニンバスベルト,
5975,ニンバスＦベルト,
5976,ニンバスFZベルト,
5977,ニンバスHSベルト,
5978,ニンバスGSベルト,
5979,ニンバスGPベルト,
5980,イクスFZコイル・白,Ceinturon Ix FZ blanc
5981,イクスHSコイル・白,Ceinturon Ix HS blanc
5982,イクスGSコイル・白,Ceinturon Ix GS blanc
5983,イクスGPコイル・白,Ceinturon Ix GP blanc
5984,イクスFZコート・白,Manteau Ix FZ blanc
5985,イクスHSコート・白,Manteau Ix HS blanc
5986,イクスGSコート・白,Manteau Ix GS blanc
5987,イクスGPコート・白,Manteau Ix GP blanc
5988,イクスFZコイル・赤,Ceinturon Ix FZ rouge
5989,イクスHSコイル・赤,Ceinturon Ix HS rouge
5990,イクスGSコイル・赤,Ceinturon Ix GS rouge
5991,イクスGPコイル・赤,Ceinturon Ix GP rouge
5992,イクスFZコート・赤,Manteau Ix FZ rouge
5993,イクスHSコート・赤,Manteau Ix HS rouge
5994,イクスGSコート・赤,Manteau Ix GS rouge
5995,イクスGPコート・赤,Manteau Ix GP rouge
5996,イクスFZコイル・青,Ceinturon Ix FZ bleu
5997,イクスHSコイル・青,Ceinturon Ix HS bleu
5998,イクスGSコイル・青,Ceinturon Ix GS bleu
5999,イクスGPコイル・青,Ceinturon Ix GP bleu
6000,イクスFZコート・青,Manteau Ix FZ bleu
6001,イクスHSコート・青,Manteau Ix HS bleu
6002,イクスGSコート・青,Manteau Ix GS bleu
6003,イクスGPコート・青,Manteau Ix GP bleu
6004,イクスFZコイル・黒,Ceinturon Ix FZ noir
6005,イクスHSコイル・黒,Ceinturon Ix HS noir
6006,イクスGSコイル・黒,Ceinturon Ix GS noir
6007,イクスGPコイル・黒,Ceinturon Ix GP noir
6008,イクスFZコート・黒,Manteau Ix FZ noir
6009,イクスHSコート・黒,Manteau Ix HS noir
6010,イクスGSコート・黒,Manteau Ix GS noir
6011,イクスGPコート・黒,Manteau Ix GP noir
6012,きんねこ服FZコイル,
6013,きんねこ服HSコイル,
6014,きんねこ服GSコイル,
6015,きんねこ服GPコイル,
6016,きんねこ服FZコート,
6017,きんねこ服HSコート,
6018,きんねこ服GSコート,
6019,きんねこ服GPコート,
6020,ぎんねこ服FZコイル,
6021,ぎんねこ服HSコイル,
6022,ぎんねこ服GSコイル,
6023,ぎんねこ服GPコイル,
6024,ぎんねこ服FZコート,
6025,ぎんねこ服HSコート,
6026,ぎんねこ服GSコート,
6027,ぎんねこ服GPコート,
6028,クレールFZコイル・紫,Ceinturon Clair FZ violet
6029,クレールHSコイル・紫,Ceinturon Clair HS violet
6030,クレールGSコイル・紫,Ceinturon Clair GS violet
6031,クレールGPコイル・紫,Ceinturon Clair GP violet
6032,クレールFZコート・紫,Manteau Clair FZ violet
6033,クレールHSコート・紫,Manteau Clair HS violet
6034,クレールGSコート・紫,Manteau Clair GS violet
6035,クレールGPコート・紫,Manteau Clair GP violet
6036,クレールFZコイル・水,
6037,クレールHSコイル・水,
6038,クレールGSコイル・水,
6039,クレールGPコイル・水,
6040,クレールFZコート・水,
6041,クレールHSコート・水,
6042,クレールGSコート・水,
6043,クレールGPコート・水,
6044,クレールFZコイル・赤,Ceinturon Clair FZ rouge
6045,クレールHSコイル・赤,Ceinturon Clair HS rouge
6046,クレールGSコイル・赤,Ceinturon Clair GS rouge
6047,クレールGPコイル・赤,Ceinturon Clair GP rouge
6048,クレールFZコート・赤,Manteau Clair FZ rouge
6049,クレールHSコート・赤,Manteau Clair HS rouge
6050,クレールGSコート・赤,Manteau Clair GS rouge
6051,クレールGPコート・赤,Manteau Clair GP rouge
6052,クレールFZコイル・黒,Ceinturon Clair FZ noir
6053,クレールHSコイル・黒,Ceinturon Clair HS noir
6054,クレールGSコイル・黒,Ceinturon Clair GS noir
6055,クレールGPコイル・黒,Ceinturon Clair GP noir
6056,クレールFZコート・黒,Manteau Clair FZ noir
6057,クレールHSコート・黒,Manteau Clair HS noir
6058,クレールGSコート・黒,Manteau Clair GS noir
6059,クレールGPコート・黒,Manteau Clair GP noir
6060,テクストHSコイル・紫,Ceinturon Texte HS violet
6061,テクストGSコイル・紫,Ceinturon Texte GS violet
6062,テクストGPコイル・紫,Ceinturon Texte GP violet
6063,テクストHSコート・紫,Manteau Texte HS violet
6064,テクストGSコート・紫,Manteau Texte GS violet
6065,テクストGPコート・紫,Manteau Texte GP violet
6066,テクストHSコイル・緑,Ceinturon Texte HS vert
6067,テクストGSコイル・緑,Ceinturon Texte GS vert
6068,テクストGPコイル・緑,Ceinturon Texte GP vert
6069,テクストHSコート・緑,Manteau Texte HS vert
6070,テクストGSコート・緑,Manteau Texte GS vert
6071,テクストGPコート・緑,Manteau Texte GP vert
6072,テクストHSコイル・青,Ceinturon Texte HS bleu
6073,テクストGSコイル・青,Ceinturon Texte GS bleu
6074,テクストGPコイル・青,Ceinturon Texte GP bleu
6075,テクストHSコート・青,Manteau Texte HS bleu
6076,テクストGSコート・青,Manteau Texte GS bleu
6077,テクストGPコート・青,Manteau Texte GP bleu
6078,テクストHSコイル・黒,Ceinturon Texte HS noir
6079,テクストGSコイル・黒,Ceinturon Texte GS noir
6080,テクストGPコイル・黒,Ceinturon Texte GP noir
6081,テクストHSコート・黒,Manteau Texte HS noir
6082,テクストGSコート・黒,Manteau Texte GS noir
6083,テクストGPコート・黒,Manteau Texte GP noir
6084,カウチュHSコイル・灰,
6085,カウチュGSコイル・灰,
6086,カウチュGPコイル・灰,
6087,カウチュHSコート・灰,
6088,カウチュGSコート・灰,
6089,カウチュGPコート・灰,
6090,カウチュHSコイル・青,Ceinturon Kauchu HS bleu
6091,カウチュGSコイル・青,Ceinturon Kauchu GS bleu
6092,カウチュGPコイル・青,Ceinturon Kauchu GP bleu
6093,カウチュHSコート・青,Manteau Kauchu HS bleu
6094,カウチュGSコート・青,Manteau Kauchu GS bleu
6095,カウチュGPコート・青,Manteau Kauchu GP bleu
6096,カウチュHSコイル・橙,Ceinturon Kauchu HS orange
6097,カウチュGSコイル・橙,Ceinturon Kauchu GS orange
6098,カウチュGPコイル・橙,Ceinturon Kauchu GP orange
6099,カウチュHSコート・橙,Manteau Kauchu HS orange
6100,カウチュGSコート・橙,Manteau Kauchu GS orange
6101,カウチュGPコート・橙,Manteau Kauchu GP orange
6102,カウチュHSコイル・緑,Ceinturon Kauchu HS vert
6103,カウチュGSコイル・緑,Ceinturon Kauchu GS vert
6104,カウチュGPコイル・緑,Ceinturon Kauchu GP vert
6105,カウチュHSコート・緑,Manteau Kauchu HS vert
6106,カウチュGSコート・緑,Manteau Kauchu GS vert
6107,カウチュGPコート・緑,Manteau Kauchu GP vert
6108,アルマFZコイル・黒,Ceinturon Alma FZ noir
6109,アルマHSコイル・黒,Ceinturon Alma HS noir
6110,アルマGSコイル・黒,Ceinturon Alma GS noir
6111,アルマGPコイル・黒,Ceinturon Alma GP noir
6112,アルマFZコート・黒,Manteau Alma FZ noir
6113,アルマHSコート・黒,Manteau Alma HS noir
6114,アルマGSコート・黒,Manteau Alma GS noir
6115,アルマGPコート・黒,Manteau Alma GP noir
6116,アルマFZコイル・白,Ceinturon Alma FZ blanc
6117,アルマHSコイル・白,Ceinturon Alma HS blanc
6118,アルマGSコイル・白,Ceinturon Alma GS blanc
6119,アルマGPコイル・白,Ceinturon Alma GP blanc
6120,アルマFZコート・白,Manteau Alma FZ blanc
6121,アルマHSコート・白,Manteau Alma HS blanc
6122,アルマGSコート・白,Manteau Alma GS blanc
6123,アルマGPコート・白,Manteau Alma GP blanc
6124,アルマFZコイル・青,Ceinturon Alma FZ bleu
6125,アルマHSコイル・青,Ceinturon Alma HS bleu
6126,アルマGSコイル・青,Ceinturon Alma GS bleu
6127,アルマGPコイル・青,Ceinturon Alma GP bleu
6128,アルマFZコート・青,Manteau Alma FZ bleu
6129,アルマHSコート・青,Manteau Alma HS bleu
6130,アルマGSコート・青,Manteau Alma GS bleu
6131,アルマGPコート・青,Manteau Alma GP bleu
6132,アルマFZコイル・茶,Ceinturon Alma FZ brun
6133,アルマHSコイル・茶,Ceinturon Alma HS brun
6134,アルマGSコイル・茶,Ceinturon Alma GS brun
6135,アルマGPコイル・茶,Ceinturon Alma GP brun
6136,アルマFZコート・茶,Manteau Alma FZ brun
6137,アルマHSコート・茶,Manteau Alma HS brun
6138,アルマGSコート・茶,Manteau Alma GS brun
6139,アルマGPコート・茶,Manteau Alma GP brun
6140,シエナHSコイル・銀,Ceinturon Sienne HS argenté
6141,シエナGSコイル・銀,Ceinturon Sienne GS argenté
6142,シエナGPコイル・銀,Ceinturon Sienne GP argenté
6143,シエナHSコート・銀,Manteau Sienne HS argenté
6144,シエナGSコート・銀,Manteau Sienne GS argenté
6145,シエナGPコート・銀,Manteau Sienne GP argenté
6146,シエナHSコイル・黒,Ceinturon Sienne HS noir
6147,シエナGSコイル・黒,Ceinturon Sienne GS noir
6148,シエナGPコイル・黒,Ceinturon Sienne GP noir
6149,シエナHSコート・黒,Manteau Sienne HS noir
6150,シエナGSコート・黒,Manteau Sienne GS noir
6151,シエナGPコート・黒,Manteau Sienne GP noir
6152,シエナHSコイル・赤,Ceinturon Sienne HS rouge
6153,シエナGSコイル・赤,Ceinturon Sienne GS rouge
6154,シエナGPコイル・赤,Ceinturon Sienne GP rouge
6155,シエナHSコート・赤,Manteau Sienne HS rouge
6156,シエナGSコート・赤,Manteau Sienne GS rouge
6157,シエナGPコート・赤,Manteau Sienne GP rouge
6158,シエナHSコイル・青,Ceinturon Sienne HS bleu
6159,シエナGSコイル・青,Ceinturon Sienne GS bleu
6160,シエナGPコイル・青,Ceinturon Sienne GP bleu
6161,シエナHSコート・青,Manteau Sienne HS bleu
6162,シエナGSコート・青,Manteau Sienne GS bleu
6163,シエナGPコート・青,Manteau Sienne GP bleu
6164,クロースGSコイル・赤,Ceinturon Étoffe GS rouge
6165,クロースGPコイル・赤,Ceinturon Étoffe GP rouge
6166,クロースGSコート・赤,Manteau Étoffe GS rouge
6167,クロースGPコート・赤,Manteau Étoffe GP rouge
6168,クロースGSコイル・青,Ceinturon Étoffe GS bleu
6169,クロースGPコイル・青,Ceinturon Étoffe GP bleu
6170,クロースGSコート・青,Manteau Étoffe GS bleu
6171,クロースGPコート・青,Manteau Étoffe GP bleu
6172,クロースGSコイル・紫,Ceinturon Étoffe GS violet
6173,クロースGPコイル・紫,Ceinturon Étoffe GP violet
6174,クロースGSコート・紫,Manteau Étoffe GS violet
6175,クロースGPコート・紫,Manteau Étoffe GP violet
6176,クロースGSコイル・緑,Ceinturon Étoffe GS vert
6177,クロースGPコイル・緑,Ceinturon Étoffe GP vert
6178,クロースGSコート・緑,Manteau Étoffe GS vert
6179,クロースGPコート・緑,Manteau Étoffe GP vert
6180,マイストFZコイル・紅,Ceinturon Maist FZ cramoisi
6181,マイストHSコイル・紅,Ceinturon Maist HS cramoisi
6182,マイストGSコイル・紅,Ceinturon Maist GS cramoisi
6183,マイストGPコイル・紅,Ceinturon Maist GP cramoisi
6184,マイストFZコート・紅,Manteau Maist FZ cramoisi
6185,マイストHSコート・紅,Manteau Maist HS cramoisi
6186,マイストGSコート・紅,Manteau Maist GS cramoisi
6187,マイストGPコート・紅,Manteau Maist GP cramoisi
6188,マイストFZコイル・緑,Ceinturon Maist FZ vert
6189,マイストHSコイル・緑,Ceinturon Maist HS vert
6190,マイストGSコイル・緑,Ceinturon Maist GS vert
6191,マイストGPコイル・緑,Ceinturon Maist GP vert
6192,マイストFZコート・緑,Manteau Maist FZ vert
6193,マイストHSコート・緑,Manteau Maist HS vert
6194,マイストGSコート・緑,Manteau Maist GS vert
6195,マイストGPコート・緑,Manteau Maist GP vert
6196,マイストFZコイル・蒼,Ceinturon Maist FZ azur
6197,マイストHSコイル・蒼,Ceinturon Maist HS azur
6198,マイストGSコイル・蒼,Ceinturon Maist GS azur
6199,マイストGPコイル・蒼,Ceinturon Maist GP azur
6200,マイストFZコート・蒼,Manteau Maist FZ azur
6201,マイストHSコート・蒼,Manteau Maist HS azur
6202,マイストGSコート・蒼,Manteau Maist GS azur
6203,マイストGPコート・蒼,Manteau Maist GP azur
6204,マイストFZコイル・桜,
6205,マイストHSコイル・桜,
6206,マイストGSコイル・桜,
6207,マイストGPコイル・桜,
6208,マイストFZコート・桜,
6209,マイストHSコート・桜,
6210,マイストGSコート・桜,
6211,マイストGPコート・桜,
6212,カエシスHSコイル水,
6213,カエシスGSコイル水,
6214,カエシスGPコイル水,
6215,カエシスHSコート水,
6216,カエシスGSコート水,
6217,カエシスGPコート水,
6218,カエシスHSコイル赤,Ceinturon Cayssis HS rouge
6219,カエシスGSコイル赤,Ceinturon Cayssis GS rouge
6220,カエシスGPコイル赤,Ceinturon Cayssis GP rouge
6221,カエシスHSコート赤,Manteau Cayssis HS rouge
6222,カエシスGSコート赤,Manteau Cayssis GS rouge
6223,カエシスGPコート赤,Manteau Cayssis GP rouge
6224,カエシスHSコイル青,Ceinturon Cayssis HS bleu
6225,カエシスGSコイル青,Ceinturon Cayssis GS bleu
6226,カエシスGPコイル青,Ceinturon Cayssis GP bleu
6227,カエシスHSコート青,Manteau Cayssis HS bleu
6228,カエシスGSコート青,Manteau Cayssis GS bleu
6229,カエシスGPコート青,Manteau Cayssis GP bleu
6230,カエシスHSコイル橙,Ceinturon Cayssis HS orange
6231,カエシスGSコイル橙,Ceinturon Cayssis GS orange
6232,カエシスGPコイル橙,Ceinturon Cayssis GP orange
6233,カエシスHSコート橙,Manteau Cayssis HS orange
6234,カエシスGSコート橙,Manteau Cayssis GS orange
6235,カエシスGPコート橙,Manteau Cayssis GP orange
6236,パンデウムHSウエスト,Taille Pandeum HS
6237,パンデウムGSウエスト,Taille Pandeum GS
6238,パンデウムGPウエスト,Taille Pandeum GP
6239,パンデウムHSベルト,Ceinture Pandeum HS
6240,パンデウムGSベルト,Ceinture Pandeum GS
6241,パンデウムGPベルト,Ceinture Pandeum GP
6242,ディアンHSウエスト,Taille Dian HS
6243,ディアンGSウエスト,Taille Dian GS
6244,ディアンGPウエスト,Taille Dian GP
6245,ディアンHSベルト,Ceinture Dian HS
6246,ディアンGSベルト,Ceinture Dian GS
6247,ディアンGPベルト,Ceinture Dian GP
6248,ワイルドHSウエスト,Taille Sauvage HS
6249,ワイルドGSウエスト,Taille Sauvage GS
6250,ワイルドGPウエスト,Taille Sauvage GP
6251,ワイルドHSベルト,Ceinture Sauvage HS
6252,ワイルドGSベルト,Ceinture Sauvage GS
6253,ワイルドGPベルト,Ceinture Sauvage GP
6254,フラウアHSウエスト,Taille Fleur HS
6255,フラウアGSウエスト,Taille Fleur GS
6256,フラウアGPウエスト,Taille Fleur GP
6257,フラウアHSベルト,Ceinture Fleur HS
6258,フラウアGSベルト,Ceinture Fleur GS
6259,フラウアGPベルト,Ceinture Fleur GP
6260,テューンHSウエスト,
6261,テューンGSウエスト,
6262,テューンGPウエスト,
6263,シュナイトHSベルト,Ceinture Schnite HS
6264,シュナイトGSベルト,Ceinture Schnite GS
6265,シュナイトGPベルト,Ceinture Schnite GP
6266,ディクトHSウエスト,Taille Dicto HS
6267,ディクトGSウエスト,Taille Dicto GS
6268,ディクトGPウエスト,Taille Dicto GP
6269,ディレットHSベルト,Ceinture Diletto HS
6270,ディレットGSベルト,Ceinture Diletto GS
6271,ディレットGPベルト,Ceinture Diletto GP
6272,キュビィHSコイル,Ceinturon Cubie HS
6273,キュビィGSコイル,Ceinturon Cubie GS
6274,キュビィGPコイル,Ceinturon Cubie GP
6275,キュビィHSコート,Manteau Cubie HS
6276,キュビィGSコート,Manteau Cubie GS
6277,キュビィGPコート,Manteau Cubie GP
6278,ケモルHSコイル,Ceinturon Kemor HS
6279,ケモルGSコイル,Ceinturon Kemor GS
6280,ケモルGPコイル,Ceinturon Kemor GP
6281,ケモルHSコート,Manteau Kemor HS
6282,ケモルGSコート,Manteau Kemor GS
6283,ケモルGPコート,Manteau Kemor GP
6284,スリートGPコイル・黄,Ceinturon Grésil GP jaune
6285,スリートGPコート・黄,Manteau Grésil GP jaune
6286,スリートGPコイル・銀,Ceinturon Grésil GP argenté
6287,スリートGPコート・銀,Manteau Grésil GP argenté
6288,スリートGPコイル・赤,Ceinturon Grésil GP rouge
6289,スリートGPコート・赤,Manteau Grésil GP rouge
6290,スリートGPコイル・青,Ceinturon Grésil GP bleu
6291,スリートGPコート・青,Manteau Grésil GP bleu
6292,ガリトスGPベルト・茶,Ceinture Garitos GP brune
6293,ガリトスGPコート・茶,Manteau Garitos GP brun
6294,ガリトスGPベルト・赤,Ceinture Garitos GP rouge
6295,ガリトスGPコート・赤,Manteau Garitos GP rouge
6296,ガリトスGPベルト・黒,Ceinture Garitos GP noire
6297,ガリトスGPコート・黒,Manteau Garitos GP noir
6298,ガリトスGPベルト・水,
6299,ガリトスGPコート・水,
6300,リアンGPコイル・青,Ceinturon Rian GP bleu
6301,リアンGPコート・青,Manteau Rian GP bleu
6302,リアンGPコイル・赤,Ceinturon Rian GP rouge
6303,リアンGPコート・赤,Manteau Rian GP rouge
6304,リアンGPコイル・黒,Ceinturon Rian GP noir
6305,リアンGPコート・黒,Manteau Rian GP noir
6306,リアンGPコイル・白,Ceinturon Rian GP blanc
6307,リアンGPコート・白,Manteau Rian GP blanc
6308,メレティGPコイル・白,Ceinturon Meleti GP blanc
6309,メレティGPコート・白,Manteau Meleti GP blanc
6310,メレティGPコイル・赤,Ceinturon Meleti GP rouge
6311,メレティGPコート・赤,Manteau Meleti GP rouge
6312,メレティGPコイル・青,Ceinturon Meleti GP bleu
6313,メレティGPコート・青,Manteau Meleti GP bleu
6314,メレティGPコイル・黒,Ceinturon Meleti GP noir
6315,メレティGPコート・黒,Manteau Meleti GP noir
6316,ステノGPアンカー・橙,
6317,ステノGPコート・橙,Manteau Stheno GP orange
6318,ステノGPアンカー・桃,
6319,ステノGPコート・桃,Manteau Stheno GP rose
6320,ステノGPアンカー・青,
6321,ステノGPコート・青,Manteau Stheno GP bleu
6322,ステノGPアンカー・赤,
6323,ステノGPコート・赤,Manteau Stheno GP rouge
6324,星祭GP帯【赤】,
6325,七夕GP帯【赤】,
6326,星祭GP帯【青】,
6327,七夕GP帯【青】,
6328,星祭GP帯【黒】,
6329,七夕GP帯【黒】,
6330,星祭GP帯【白】,
6331,七夕GP帯【白】,
6332,ダミー,
6333,ダミー,
6334,ダミー,
6335,ダミー,
6336,ダミー,
6337,ダミー,
6338,ヒストリアコイル,Ceinturon Historia
6339,ヒストリアＦコイル,Ceinturon Historia F
6340,ヒストリアFZコイル,Ceinturon Historia FZ
6341,ヒストリアHSコイル,Ceinturon Historia HS
6342,ヒストリアGSコイル,Ceinturon Historia GS
6343,ヒストリアGPコイル,Ceinturon Historia GP
6344,ヒストリアベルト,Ceinture Historia
6345,ヒストリアＦベルト,Ceinture Historia F
6346,ヒストリアFZベルト,Ceinture Historia FZ
6347,ヒストリアHSベルト,Ceinture Historia HS
6348,ヒストリアGSベルト,Ceinture Historia GS
6349,ヒストリアGPベルト,Ceinture Historia GP
6350,フロルウエスト,Taille Furoru
6351,フロルＦウエスト,Taille Furoru F
6352,フロルFXウエスト,Taille Furoru FX
6353,フロルＧウエスト,Taille Furoru G
6354,フロルGFウエスト,Taille Furoru GF
6355,フロルベルト,Ceinture Furoru
6356,フロルＦベルト,Ceinture Furoru F
6357,フロルFXベルト,Ceinture Furoru FX
6358,フロルＧベルト,Ceinture Furoru G
6359,フロルGFベルト,Ceinture Furoru GF
6360,フランキーＧウエスト,Taille Franky G
6361,フランキーGFウエスト,Taille Franky GF
6362,フランキーGXウエスト,Taille Franky GX
6363,フランキーＧベルト,Ceinture Franky G
6364,フランキーGFベルト,Ceinture Franky GF
6365,フランキーGXベルト,Ceinture Franky GX
6366,ディオレフォールド,Tassettes Diore
6367,ディオレＦフォールド,Tassettes Diore F
6368,ディオレFXフォールド,Tassettes Diore FX
6369,ディオレＧフォールド,Tassettes Diore G
6370,ディオレGFフォールド,Tassettes Diore GF
6371,ディオレコート,Manteau Diore
6372,ディオレＦコート,Manteau Diore F
6373,ディオレFXコート,Manteau Diore FX
6374,ディオレＧコート,Manteau Diore G
6375,ディオレGFコート,Manteau Diore GF
6376,神楽Ｇ【腰当て】,
6377,神楽GF【腰当て】,
6378,神楽GX【腰当て】,
6379,神座Ｇ【腰当て】,
6380,神座GF【腰当て】,
6381,神座GX【腰当て】,
6382,ジェビアＧフォールド,Tassettes Jebia G
6383,ジェビアGFフォールド,Tassettes Jebia GF
6384,ジェビアGXフォールド,Tassettes Jebia GX
6385,ジェビアＧコート,Manteau Jebia G
6386,ジェビアGFコート,Manteau Jebia GF
6387,ジェビアGXコート,Manteau Jebia GX
6388,ソルＧコイル,
6389,ソルGFコイル,
6390,ソルGXコイル,
6391,ソルＧコート,
6392,ソルGFコート,
6393,ソルGXコート,
6394,バルカンＧウイング,
6395,バルカンGFウイング,
6396,バルカンGXウイング,
6397,バルカンＧテイル,
6398,バルカンGFテイル,
6399,バルカンGXテイル,
6400,アルゴルGFフォールド,Tassettes Algol GF
6401,アルゴルGFコート,Manteau Algol GF
6402,オディバGFフォールド,Tassettes Odiva GF
6403,オディバGFコート,Manteau Odiva GF
6404,白虎・剣聖GXコイル,
6405,朱雀・剣聖GXコイル,
6406,玄武・剣聖GXコイル,
6407,青龍・剣聖GXコイル,
6408,白虎・双龍GXコイル,
6409,朱雀・双龍GXコイル,
6410,玄武・双龍GXコイル,
6411,青龍・双龍GXコイル,
6412,白虎・剣王GXコイル,
6413,朱雀・剣王GXコイル,
6414,玄武・剣王GXコイル,
6415,青龍・剣王GXコイル,
6416,白虎・刀神GXコイル,
6417,朱雀・刀神GXコイル,
6418,玄武・刀神GXコイル,
6419,青龍・刀神GXコイル,
6420,白虎・天槍GXコイル,
6421,朱雀・天槍GXコイル,
6422,玄武・天槍GXコイル,
6423,青龍・天槍GXコイル,
6424,白虎・砲皇GXコイル,
6425,朱雀・砲皇GXコイル,
6426,玄武・砲皇GXコイル,
6427,青龍・砲皇GXコイル,
6428,白虎・鈍器獣GXコイル,
6429,朱雀・鈍器獣GXコイル,
6430,玄武・鈍器獣GXコイル,
6431,青龍・鈍器獣GXコイル,
6432,白虎・奏帝GXコイル,
6433,朱雀・奏帝GXコイル,
6434,玄武・奏帝GXコイル,
6435,青龍・奏帝GXコイル,
6436,白虎・銃傑GXコート,
6437,朱雀・銃傑GXコート,
6438,玄武・銃傑GXコート,
6439,青龍・銃傑GXコート,
6440,白虎・銃仙GXコート,
6441,朱雀・銃仙GXコート,
6442,玄武・銃仙GXコート,
6443,青龍・銃仙GXコート,
6444,白虎・弓鬼GXコート,
6445,朱雀・弓鬼GXコート,
6446,玄武・弓鬼GXコート,
6447,青龍・弓鬼GXコート,
6448,ヒスイコイル,Ceinturon Hisui
6449,ヒスイＦコイル,Ceinturon Hisui F
6450,ヒスイFXコイル,Ceinturon Hisui FX
6451,ブラッドコイル,Ceinturon Sang
6452,ブラッドＦコイル,Ceinturon Sang F
6453,ブラッドFXコイル,Ceinturon Sang FX
6454,白虎・穿凰Ｇコイル,
6455,白虎・穿凰GFコイル,
6456,白虎・穿凰GXコイル,
6457,朱雀・穿凰Ｇコイル,
6458,朱雀・穿凰GFコイル,
6459,朱雀・穿凰GXコイル,
6460,玄武・穿凰Ｇコイル,
6461,玄武・穿凰GFコイル,
6462,玄武・穿凰GXコイル,
6463,青龍・穿凰Ｇコイル,
6464,青龍・穿凰GFコイル,
6465,青龍・穿凰GXコイル,
6466,オナブルコイル・赤,Ceinturon Onable rouge
6467,オナブルＦコイル・赤,Ceinturon Onable F rouge
6468,オナブルFZコイル・赤,Ceinturon Onable FZ rouge
6469,オナブルHSコイル・赤,Ceinturon Onable HS rouge
6470,オナブルGSコイル・赤,Ceinturon Onable GS rouge
6471,オナブルGPコイル・赤,Ceinturon Onable GP rouge
6472,オナブルコート・赤,Manteau Onable rouge
6473,オナブルＦコート・赤,Manteau Onable F rouge
6474,オナブルFZコート・赤,Manteau Onable FZ rouge
6475,オナブルHSコート・赤,Manteau Onable HS rouge
6476,オナブルGSコート・赤,Manteau Onable GS rouge
6477,オナブルGPコート・赤,Manteau Onable GP rouge
6478,オナブルコイル・青,Ceinturon Onable bleu
6479,オナブルＦコイル・青,Ceinturon Onable F bleu
6480,オナブルFZコイル・青,Ceinturon Onable FZ bleu
6481,オナブルHSコイル・青,Ceinturon Onable HS bleu
6482,オナブルGSコイル・青,Ceinturon Onable GS bleu
6483,オナブルGPコイル・青,Ceinturon Onable GP bleu
6484,オナブルコート・青,Manteau Onable bleu
6485,オナブルＦコート・青,Manteau Onable F bleu
6486,オナブルFZコート・青,Manteau Onable FZ bleu
6487,オナブルHSコート・青,Manteau Onable HS bleu
6488,オナブルGSコート・青,Manteau Onable GS bleu
6489,オナブルGPコート・青,Manteau Onable GP bleu
6490,オナブルコイル・緑,Ceinturon Onable vert
6491,オナブルＦコイル・緑,Ceinturon Onable F vert
6492,オナブルFZコイル・緑,Ceinturon Onable FZ vert
6493,オナブルHSコイル・緑,Ceinturon Onable HS vert
6494,オナブルGSコイル・緑,Ceinturon Onable GS vert
6495,オナブルGPコイル・緑,Ceinturon Onable GP vert
6496,オナブルコート・緑,Manteau Onable vert
6497,オナブルＦコート・緑,Manteau Onable F vert
6498,オナブルFZコート・緑,Manteau Onable FZ vert
6499,オナブルHSコート・緑,Manteau Onable HS vert
6500,オナブルGSコート・緑,Manteau Onable GS vert
6501,オナブルGPコート・緑,Manteau Onable GP vert
6502,オナブルコイル・紺,
6503,オナブルＦコイル・紺,
6504,オナブルFZコイル・紺,
6505,オナブルHSコイル・紺,
6506,オナブルGSコイル・紺,
6507,オナブルGPコイル・紺,
6508,オナブルコート・紺,
6509,オナブルＦコート・紺,
6510,オナブルFZコート・紺,
6511,オナブルHSコート・紺,
6512,オナブルGSコート・紺,
6513,オナブルGPコート・紺,
6514,シェリフコイル・茶,Ceinturon Shérif brun
6515,シェリフＦコイル・茶,Ceinturon Shérif F brun
6516,シェリフFZコイル・茶,Ceinturon Shérif FZ brun
6517,シェリフHSコイル・茶,Ceinturon Shérif HS brun
6518,シェリフGSコイル・茶,Ceinturon Shérif GS brun
6519,シェリフGPコイル・茶,Ceinturon Shérif GP brun
6520,シェリフコート・茶,Manteau Shérif brun
6521,シェリフＦコート・茶,Manteau Shérif F brun
6522,シェリフFZコート・茶,Manteau Shérif FZ brun
6523,シェリフHSコート・茶,Manteau Shérif HS brun
6524,シェリフGSコート・茶,Manteau Shérif GS brun
6525,シェリフGPコート・茶,Manteau Shérif GP brun
6526,シェリフコイル・黒,Ceinturon Shérif noir
6527,シェリフＦコイル・黒,Ceinturon Shérif F noir
6528,シェリフFZコイル・黒,Ceinturon Shérif FZ noir
6529,シェリフHSコイル・黒,Ceinturon Shérif HS noir
6530,シェリフGSコイル・黒,Ceinturon Shérif GS noir
6531,シェリフGPコイル・黒,Ceinturon Shérif GP noir
6532,シェリフコート・黒,Manteau Shérif noir
6533,シェリフＦコート・黒,Manteau Shérif F noir
6534,シェリフFZコート・黒,Manteau Shérif FZ noir
6535,シェリフHSコート・黒,Manteau Shérif HS noir
6536,シェリフGSコート・黒,Manteau Shérif GS noir
6537,シェリフGPコート・黒,Manteau Shérif GP noir
6538,シェリフコイル・青,Ceinturon Shérif bleu
6539,シェリフＦコイル・青,Ceinturon Shérif F bleu
6540,シェリフFZコイル・青,Ceinturon Shérif FZ bleu
6541,シェリフHSコイル・青,Ceinturon Shérif HS bleu
6542,シェリフGSコイル・青,Ceinturon Shérif GS bleu
6543,シェリフGPコイル・青,Ceinturon Shérif GP bleu
6544,シェリフコート・青,Manteau Shérif bleu
6545,シェリフＦコート・青,Manteau Shérif F bleu
6546,シェリフFZコート・青,Manteau Shérif FZ bleu
6547,シェリフHSコート・青,Manteau Shérif HS bleu
6548,シェリフGSコート・青,Manteau Shérif GS bleu
6549,シェリフGPコート・青,Manteau Shérif GP bleu
6550,シェリフコイル・白,Ceinturon Shérif blanc
6551,シェリフＦコイル・白,Ceinturon Shérif F blanc
6552,シェリフFZコイル・白,Ceinturon Shérif FZ blanc
6553,シェリフHSコイル・白,Ceinturon Shérif HS blanc
6554,シェリフGSコイル・白,Ceinturon Shérif GS blanc
6555,シェリフGPコイル・白,Ceinturon Shérif GP blanc
6556,シェリフコート・白,Manteau Shérif blanc
6557,シェリフＦコート・白,Manteau Shérif F blanc
6558,シェリフFZコート・白,Manteau Shérif FZ blanc
6559,シェリフHSコート・白,Manteau Shérif HS blanc
6560,シェリフGSコート・白,Manteau Shérif GS blanc
6561,シェリフGPコート・白,Manteau Shérif GP blanc
6562,月陽ノ帯,
6563,月陽ノ帯・Ｆ,
6564,月陽ノ帯・FZ,
6565,月陽ノ帯・HS,
6566,月陽ノ帯・GS,
6567,月陽ノ帯・GP,
6568,月陽ノ腰巻,
6569,月陽ノ腰巻・Ｆ,
6570,月陽ノ腰巻・FZ,
6571,月陽ノ腰巻・HS,
6572,月陽ノ腰巻・GS,
6573,月陽ノ腰巻・GP,
6574,ゾデックGSコイル・青,Ceinturon Zodec GS bleu
6575,ゾデックGPコイル・青,Ceinturon Zodec GP bleu
6576,ゾデックGSコート・青,Manteau Zodec GS bleu
6577,ゾデックGPコート・青,Manteau Zodec GP bleu
6578,ゾデックGSコイル・茶,Ceinturon Zodec GS brun
6579,ゾデックGPコイル・茶,Ceinturon Zodec GP brun
6580,ゾデックGSコート・茶,Manteau Zodec GS brun
6581,ゾデックGPコート・茶,Manteau Zodec GP brun
6582,ゾデックGSコイル・緑,Ceinturon Zodec GS vert
6583,ゾデックGPコイル・緑,Ceinturon Zodec GP vert
6584,ゾデックGSコート・緑,Manteau Zodec GS vert
6585,ゾデックGPコート・緑,Manteau Zodec GP vert
6586,ゾデックGSコイル・桜,
6587,ゾデックGPコイル・桜,
6588,ゾデックGSコート・桜,
6589,ゾデックGPコート・桜,
6590,ブリスFZコート【白】,Manteau Félicité FZ [白]
6591,ブリスHSコート【白】,Manteau Félicité HS [白]
6592,ブリスGSコート【白】,Manteau Félicité GS [白]
6593,ブリスGPコート【白】,Manteau Félicité GP [白]
6594,ブリスFZコート【青】,Manteau Félicité FZ [青]
6595,ブリスHSコート【青】,Manteau Félicité HS [青]
6596,ブリスGSコート【青】,Manteau Félicité GS [青]
6597,ブリスGPコート【青】,Manteau Félicité GP [青]
6598,ブリスFZコート【紫】,Manteau Félicité FZ [紫]
6599,ブリスHSコート【紫】,Manteau Félicité HS [紫]
6600,ブリスGSコート【紫】,Manteau Félicité GS [紫]
6601,ブリスGPコート【紫】,Manteau Félicité GP [紫]
6602,ブリスFZコート【黄】,Manteau Félicité FZ [黄]
6603,ブリスHSコート【黄】,Manteau Félicité HS [黄]
6604,ブリスGSコート【黄】,Manteau Félicité GS [黄]
6605,ブリスGPコート【黄】,Manteau Félicité GP [黄]
6606,しろねこ服FZテイル,
6607,しろねこ服HSテイル,
6608,しろねこ服GSテイル,
6609,しろねこ服GPテイル,
6610,ファランHSコイル・白,Ceinturon Faran HS blanc
6611,ファランGSコイル・白,Ceinturon Faran GS blanc
6612,ファランGPコイル・白,Ceinturon Faran GP blanc
6613,ファランHSコート・白,Manteau Faran HS blanc
6614,ファランGSコート・白,Manteau Faran GS blanc
6615,ファランGPコート・白,Manteau Faran GP blanc
6616,ファランHSコイル・黒,Ceinturon Faran HS noir
6617,ファランGSコイル・黒,Ceinturon Faran GS noir
6618,ファランGPコイル・黒,Ceinturon Faran GP noir
6619,ファランHSコート・黒,Manteau Faran HS noir
6620,ファランGSコート・黒,Manteau Faran GS noir
6621,ファランGPコート・黒,Manteau Faran GP noir
6622,ファランHSコイル・赤,Ceinturon Faran HS rouge
6623,ファランGSコイル・赤,Ceinturon Faran GS rouge
6624,ファランGPコイル・赤,Ceinturon Faran GP rouge
6625,ファランHSコート・赤,Manteau Faran HS rouge
6626,ファランGSコート・赤,Manteau Faran GS rouge
6627,ファランGPコート・赤,Manteau Faran GP rouge
6628,ファランHSコイル・青,Ceinturon Faran HS bleu
6629,ファランGSコイル・青,Ceinturon Faran GS bleu
6630,ファランGPコイル・青,Ceinturon Faran GP bleu
6631,ファランHSコート・青,Manteau Faran HS bleu
6632,ファランGSコート・青,Manteau Faran GS bleu
6633,ファランGPコート・青,Manteau Faran GP bleu
6634,グロリアGSコイル・金,Ceinturon Gloria GS doré
6635,グロリアGPコイル・金,Ceinturon Gloria GP doré
6636,グロリアGSコート・金,Manteau Gloria GS doré
6637,グロリアGPコート・金,Manteau Gloria GP doré
6638,グロリアGSコイル・青,Ceinturon Gloria GS bleu
6639,グロリアGPコイル・青,Ceinturon Gloria GP bleu
6640,グロリアGSコート・青,Manteau Gloria GS bleu
6641,グロリアGPコート・青,Manteau Gloria GP bleu
6642,グロリアGSコイル・水,
6643,グロリアGPコイル・水,
6644,グロリアGSコート・水,
6645,グロリアGPコート・水,
6646,グロリアGSコイル・赤,Ceinturon Gloria GS rouge
6647,グロリアGPコイル・赤,Ceinturon Gloria GP rouge
6648,グロリアGSコート・赤,Manteau Gloria GS rouge
6649,グロリアGPコート・赤,Manteau Gloria GP rouge
6650,蘭蛮の腰当・FZ黄,
6651,蘭蛮の腰当・HS黄,
6652,蘭蛮の腰当・GS黄,
6653,蘭蛮の腰当・GP黄,
6654,蘭蛮の帯・FZ黄,
6655,蘭蛮の帯・HS黄,
6656,蘭蛮の帯・GS黄,
6657,蘭蛮の帯・GP黄,
6658,蘭蛮の腰当・FZ赤,
6659,蘭蛮の腰当・HS赤,
6660,蘭蛮の腰当・GS赤,
6661,蘭蛮の腰当・GP赤,
6662,蘭蛮の帯・FZ赤,
6663,蘭蛮の帯・HS赤,
6664,蘭蛮の帯・GS赤,
6665,蘭蛮の帯・GP赤,
6666,蘭蛮の腰当・FZ紫,
6667,蘭蛮の腰当・HS紫,
6668,蘭蛮の腰当・GS紫,
6669,蘭蛮の腰当・GP紫,
6670,蘭蛮の帯・FZ紫,
6671,蘭蛮の帯・HS紫,
6672,蘭蛮の帯・GS紫,
6673,蘭蛮の帯・GP紫,
6674,蘭蛮の腰当・FZ金,
6675,蘭蛮の腰当・HS金,
6676,蘭蛮の腰当・GS金,
6677,蘭蛮の腰当・GP金,
6678,蘭蛮の帯・FZ金,
6679,蘭蛮の帯・HS金,
6680,蘭蛮の帯・GS金,
6681,蘭蛮の帯・GP金,
6682,フェルムFZコイル・黒,Ceinturon Ferm FZ noir
6683,フェルムHSコイル・黒,Ceinturon Ferm HS noir
6684,フェルムGSコイル・黒,Ceinturon Ferm GS noir
6685,フェルムGPコイル・黒,Ceinturon Ferm GP noir
6686,フェルムFZコート・黒,Manteau Ferm FZ noir
6687,フェルムHSコート・黒,Manteau Ferm HS noir
6688,フェルムGSコート・黒,Manteau Ferm GS noir
6689,フェルムGPコート・黒,Manteau Ferm GP noir
6690,フェルムFZコイル・赤,Ceinturon Ferm FZ rouge
6691,フェルムHSコイル・赤,Ceinturon Ferm HS rouge
6692,フェルムGSコイル・赤,Ceinturon Ferm GS rouge
6693,フェルムGPコイル・赤,Ceinturon Ferm GP rouge
6694,フェルムFZコート・赤,Manteau Ferm FZ rouge
6695,フェルムHSコート・赤,Manteau Ferm HS rouge
6696,フェルムGSコート・赤,Manteau Ferm GS rouge
6697,フェルムGPコート・赤,Manteau Ferm GP rouge
6698,フェルムFZコイル・白,Ceinturon Ferm FZ blanc
6699,フェルムHSコイル・白,Ceinturon Ferm HS blanc
6700,フェルムGSコイル・白,Ceinturon Ferm GS blanc
6701,フェルムGPコイル・白,Ceinturon Ferm GP blanc
6702,フェルムFZコート・白,Manteau Ferm FZ blanc
6703,フェルムHSコート・白,Manteau Ferm HS blanc
6704,フェルムGSコート・白,Manteau Ferm GS blanc
6705,フェルムGPコート・白,Manteau Ferm GP blanc
6706,フェルムFZコイル・青,Ceinturon Ferm FZ bleu
6707,フェルムHSコイル・青,Ceinturon Ferm HS bleu
6708,フェルムGSコイル・青,Ceinturon Ferm GS bleu
6709,フェルムGPコイル・青,Ceinturon Ferm GP bleu
6710,フェルムFZコート・青,Manteau Ferm FZ bleu
6711,フェルムHSコート・青,Manteau Ferm HS bleu
6712,フェルムGSコート・青,Manteau Ferm GS bleu
6713,フェルムGPコート・青,Manteau Ferm GP bleu
6714,トラスFZベルト青,Ceinture Truss FZ bleue
6715,トラスHSベルト青,Ceinture Truss HS bleue
6716,トラスGSベルト青,Ceinture Truss GS bleue
6717,トラスGPベルト青,Ceinture Truss GP bleue
6718,トラスFZサッシュ青,
6719,トラスHSサッシュ青,
6720,トラスGSサッシュ青,
6721,トラスGPサッシュ青,
6722,トラスFZベルト赤,Ceinture Truss FZ rouge
6723,トラスHSベルト赤,Ceinture Truss HS rouge
6724,トラスGSベルト赤,Ceinture Truss GS rouge
6725,トラスGPベルト赤,Ceinture Truss GP rouge
6726,トラスFZサッシュ赤,
6727,トラスHSサッシュ赤,
6728,トラスGSサッシュ赤,
6729,トラスGPサッシュ赤,
6730,トラスFZベルト白,Ceinture Truss FZ blanche
6731,トラスHSベルト白,Ceinture Truss HS blanche
6732,トラスGSベルト白,Ceinture Truss GS blanche
6733,トラスGPベルト白,Ceinture Truss GP blanche
6734,トラスFZサッシュ白,
6735,トラスHSサッシュ白,
6736,トラスGSサッシュ白,
6737,トラスGPサッシュ白,
6738,トラスFZベルト紫,Ceinture Truss FZ violette
6739,トラスHSベルト紫,Ceinture Truss HS violette
6740,トラスGSベルト紫,Ceinture Truss GS violette
6741,トラスGPベルト紫,Ceinture Truss GP violette
6742,トラスFZサッシュ紫,
6743,トラスHSサッシュ紫,
6744,トラスGSサッシュ紫,
6745,トラスGPサッシュ紫,
6746,レイルHSコイル,
6747,レイルGSコイル,
6748,レイルGPコイル,
6749,レイルHSコート,
6750,レイルGSコート,
6751,レイルGPコート,
6752,リーデレHSコイル,Ceinturon Ridere HS
6753,リーデレGSコイル,Ceinturon Ridere GS
6754,リーデレGPコイル,Ceinturon Ridere GP
6755,リーデレHSコート,Manteau Ridere HS
6756,リーデレGSコート,Manteau Ridere GS
6757,リーデレGPコート,Manteau Ridere GP
6758,リエットHSフォールド,Tassettes Émeute HS
6759,リエットGSフォールド,Tassettes Émeute GS
6760,リエットGPフォールド,Tassettes Émeute GP
6761,リエットHSコート,Manteau Émeute HS
6762,リエットGSコート,Manteau Émeute GS
6763,リエットGPコート,Manteau Émeute GP
6764,ルターレHSフォールド,Tassettes Rutare HS
6765,ルターレGSフォールド,Tassettes Rutare GS
6766,ルターレGPフォールド,Tassettes Rutare GP
6767,ルターレHSコート,Manteau Rutare HS
6768,ルターレGSコート,Manteau Rutare GS
6769,ルターレGPコート,Manteau Rutare GP
6770,流転の腰当て・HS,
6771,流転の腰当て・GS,
6772,流転の腰当て・GP,
6773,旋転の腰当て・HS,
6774,旋転の腰当て・GS,
6775,旋転の腰当て・GP,
6776,嵐転の腰当て・HS,
6777,嵐転の腰当て・GS,
6778,嵐転の腰当て・GP,
6779,地転の腰当て・HS,
6780,地転の腰当て・GS,
6781,地転の腰当て・GP,
6782,ラトリアHSコイル,Ceinturon Latria HS
6783,ラトリアGSコイル,Ceinturon Latria GS
6784,ラトリアGPコイル,Ceinturon Latria GP
6785,ラトリアHSコート,Manteau Latria HS
6786,ラトリアGSコート,Manteau Latria GS
6787,ラトリアGPコート,Manteau Latria GP
6788,コンタオHSコイル,Ceinturon Kontao HS
6789,コンタオGSコイル,Ceinturon Kontao GS
6790,コンタオGPコイル,Ceinturon Kontao GP
6791,コンタオHSコート,Manteau Kontao HS
6792,コンタオGSコート,Manteau Kontao GS
6793,コンタオGPコート,Manteau Kontao GP
6794,デリヴフォールド,
6795,デリヴＦフォールド,
6796,デリヴFYフォールド,
6797,デリヴHSフォールド,
6798,デリヴＧフォールド,
6799,デリヴGFフォールド,
6800,デリヴGXフォールド,
6801,デリヴコート,
6802,デリヴＦコート,
6803,デリヴFYコート,
6804,デリヴHSコート,
6805,デリヴＧコート,
6806,デリヴGFコート,
6807,デリヴGXコート,
6808,アサークフォールド,Tassettes Asaku
6809,アサークＦフォールド,Tassettes Asaku F
6810,アサークFYフォールド,Tassettes Asaku FY
6811,アサークHSフォールド,Tassettes Asaku HS
6812,アサークＧフォールド,Tassettes Asaku G
6813,アサークGFフォールド,Tassettes Asaku GF
6814,アサークGXフォールド,Tassettes Asaku GX
6815,アサークコート,Manteau Asaku
6816,アサークＦコート,Manteau Asaku F
6817,アサークFYコート,Manteau Asaku FY
6818,アサークHSコート,Manteau Asaku HS
6819,アサークＧコート,Manteau Asaku G
6820,アサークGFコート,Manteau Asaku GF
6821,アサークGXコート,Manteau Asaku GX
6822,ニスルフォールド,Tassettes Nisuru
6823,ニスルＦフォールド,Tassettes Nisuru F
6824,ニスルFYフォールド,Tassettes Nisuru FY
6825,ニスルHSフォールド,Tassettes Nisuru HS
6826,ニスルＧフォールド,Tassettes Nisuru G
6827,ニスルGFフォールド,Tassettes Nisuru GF
6828,ニスルGXフォールド,Tassettes Nisuru GX
6829,ニスルコート,Manteau Nisuru
6830,ニスルＦコート,Manteau Nisuru F
6831,ニスルFYコート,Manteau Nisuru FY
6832,ニスルHSコート,Manteau Nisuru HS
6833,ニスルＧコート,Manteau Nisuru G
6834,ニスルGFコート,Manteau Nisuru GF
6835,ニスルGXコート,Manteau Nisuru GX
6836,コルーデフォールド,Tassettes Coord
6837,コルーデＦフォールド,Tassettes Coord F
6838,コルーデFYフォールド,Tassettes Coord FY
6839,コルーデHSフォールド,Tassettes Coord HS
6840,コルーデＧフォールド,Tassettes Coord G
6841,コルーデGFフォールド,Tassettes Coord GF
6842,コルーデGXフォールド,Tassettes Coord GX
6843,コルーデコート,Manteau Coord
6844,コルーデＦコート,Manteau Coord F
6845,コルーデFYコート,Manteau Coord FY
6846,コルーデHSコート,Manteau Coord HS
6847,コルーデＧコート,Manteau Coord G
6848,コルーデGFコート,Manteau Coord GF
6849,コルーデGXコート,Manteau Coord GX
6850,レセーガフォールド,Tassettes Resega
6851,レセーガＦフォールド,Tassettes Resega F
6852,レセーガFYフォールド,Tassettes Resega FY
6853,レセーガHSフォールド,Tassettes Resega HS
6854,レセーガＧフォールド,Tassettes Resega G
6855,レセーガGFフォールド,Tassettes Resega GF
6856,レセーガGXフォールド,Tassettes Resega GX
6857,レセーガコート,Manteau Resega
6858,レセーガＦコート,Manteau Resega F
6859,レセーガFYコート,Manteau Resega FY
6860,レセーガHSコート,Manteau Resega HS
6861,レセーガＧコート,Manteau Resega G
6862,レセーガGFコート,Manteau Resega GF
6863,レセーガGXコート,Manteau Resega GX
6864,スフォルフォールド,Tassettes Suforu
6865,スフォルＦフォールド,Tassettes Suforu F
6866,スフォルFYフォールド,Tassettes Suforu FY
6867,スフォルHSフォールド,Tassettes Suforu HS
6868,スフォルＧフォールド,Tassettes Suforu G
6869,スフォルGFフォールド,Tassettes Suforu GF
6870,スフォルGXフォールド,Tassettes Suforu GX
6871,スフォルコート,Manteau Suforu
6872,スフォルＦコート,Manteau Suforu F
6873,スフォルFYコート,Manteau Suforu FY
6874,スフォルHSコート,Manteau Suforu HS
6875,スフォルＧコート,Manteau Suforu G
6876,スフォルGFコート,Manteau Suforu GF
6877,スフォルGXコート,Manteau Suforu GX
6878,ペルセフォールド,Tassettes Perce
6879,ペルセＦフォールド,Tassettes Perce F
6880,ペルセFYフォールド,Tassettes Perce FY
6881,ペルセHSフォールド,Tassettes Perce HS
6882,ペルセＧフォールド,Tassettes Perce G
6883,ペルセGFフォールド,Tassettes Perce GF
6884,ペルセGXフォールド,Tassettes Perce GX
6885,ペルセコート,Manteau Perce
6886,ペルセＦコート,Manteau Perce F
6887,ペルセFYコート,Manteau Perce FY
6888,ペルセHSコート,Manteau Perce HS
6889,ペルセＧコート,Manteau Perce G
6890,ペルセGFコート,Manteau Perce GF
6891,ペルセGXコート,Manteau Perce GX
6892,立体機動装置,
6893,立体機動装置Ｆ,
6894,立体機動装置FZ,
6895,立体機動装置HS,
6896,立体機動装置GS,
6897,立体機動装置GP,
6898,立体機動装置改,
6899,立体機動装置改Ｆ,
6900,立体機動装置改FZ,
6901,立体機動装置改HS,
6902,立体機動装置改GS,
6903,立体機動装置改GP,
6904,ダミー,
6905,ダミー,
6906,ダミー,
6907,ダミー,
6908,ダミー,
6909,ダミー,
6910,ダミー,
6911,ダミー,
6912,ダミー,
6913,ダミー,
6914,ダミー,
6915,ダミー,
6916,ダミー,
6917,ダミー,
6918,ダミー,
6919,ダミー,
6920,ダミー,
6921,ダミー,
6922,ダミー,
6923,ダミー,
6924,ダミー,
6925,ダミー,
6926,ダミー,
6927,ダミー,
6928,ダミー,
6929,ダミー,
6930,ダミー,
6931,ダミー,
6932,ダミー,
6933,ダミー,
6934,ダミー,
6935,ダミー,
6936,ダミー,
6937,ダミー,
6938,キャロルベルト・金,Ceinture Carol dorée
6939,レイラベルト,Ceinture Leila
6940,IS学園コイル・白,
6941,IS学園Ｆコイル・白,
6942,IS学園FZコイル・白,
6943,IS学園HSコイル・白,
6944,IS学園GSコイル・白,
6945,IS学園GPコイル・白,
6946,IS学園コート・白,
6947,IS学園Ｆコート・白,
6948,IS学園FZコート・白,
6949,IS学園HSコート・白,
6950,IS学園GSコート・白,
6951,IS学園GPコート・白,
6952,IS学園コイル・青,
6953,IS学園Ｆコイル・青,
6954,IS学園FZコイル・青,
6955,IS学園HSコイル・青,
6956,IS学園GSコイル・青,
6957,IS学園GPコイル・青,
6958,IS学園コート・青,
6959,IS学園Ｆコート・青,
6960,IS学園FZコート・青,
6961,IS学園HSコート・青,
6962,IS学園GSコート・青,
6963,IS学園GPコート・青,
6964,IS学園コイル・黒,
6965,IS学園Ｆコイル・黒,
6966,IS学園FZコイル・黒,
6967,IS学園HSコイル・黒,
6968,IS学園GSコイル・黒,
6969,IS学園GPコイル・黒,
6970,IS学園コート・黒,
6971,IS学園Ｆコート・黒,
6972,IS学園FZコート・黒,
6973,IS学園HSコート・黒,
6974,IS学園GSコート・黒,
6975,IS学園GPコート・黒,
6976,IS学園コイル・緑,
6977,IS学園Ｆコイル・緑,
6978,IS学園FZコイル・緑,
6979,IS学園HSコイル・緑,
6980,IS学園GSコイル・緑,
6981,IS学園GPコイル・緑,
6982,IS学園コート・緑,
6983,IS学園Ｆコート・緑,
6984,IS学園FZコート・緑,
6985,IS学園HSコート・緑,
6986,IS学園GSコート・緑,
6987,IS学園GPコート・緑,
6988,コムラダＧコイル・赤,Ceinturon Comrada G rouge
6989,コムラダGFコイル・赤,Ceinturon Comrada GF rouge
6990,コムラダGXコイル・赤,Ceinturon Comrada GX rouge
6991,コムラダＧコート・赤,Manteau Comrada G rouge
6992,コムラダGFコート・赤,Manteau Comrada GF rouge
6993,コムラダGXコート・赤,Manteau Comrada GX rouge
6994,コムラダＧコイル・青,Ceinturon Comrada G bleu
6995,コムラダGFコイル・青,Ceinturon Comrada GF bleu
6996,コムラダGXコイル・青,Ceinturon Comrada GX bleu
6997,コムラダＧコート・青,Manteau Comrada G bleu
6998,コムラダGFコート・青,Manteau Comrada GF bleu
6999,コムラダGXコート・青,Manteau Comrada GX bleu
7000,コムラダＧコイル・緑,Ceinturon Comrada G vert
7001,コムラダGFコイル・緑,Ceinturon Comrada GF vert
7002,コムラダGXコイル・緑,Ceinturon Comrada GX vert
7003,コムラダＧコート・緑,Manteau Comrada G vert
7004,コムラダGFコート・緑,Manteau Comrada GF vert
7005,コムラダGXコート・緑,Manteau Comrada GX vert
7006,コムラダＧコイル・橙,Ceinturon Comrada G orange
7007,コムラダGFコイル・橙,Ceinturon Comrada GF orange
7008,コムラダGXコイル・橙,Ceinturon Comrada GX orange
7009,コムラダＧコート・橙,Manteau Comrada G orange
7010,コムラダGFコート・橙,Manteau Comrada GF orange
7011,コムラダGXコート・橙,Manteau Comrada GX orange
7012,メランＧフォールド,Tassettes Melan G
7013,メランGFフォールド,Tassettes Melan GF
7014,メランGXフォールド,Tassettes Melan GX
7015,メランＧコート,Manteau Melan G
7016,メランGFコート,Manteau Melan GF
7017,メランGXコート,Manteau Melan GX
7018,ルージュFYフォールド,
7019,ルージュHCフォールド,
7020,ルージュＧフォールド,
7021,ルージュGFフォールド,
7022,ルージュGXフォールド,
7023,レギュクスGPコイル,Ceinturon Regyukusu GP
7024,レギュクスGPコート,Manteau Regyukusu GP
7025,ベイルGPリフレクサー,
7026,ヴェルフGPフォールド,Tassettes Welf GP
7027,ヴェルフGPコート,Manteau Welf GP
7028,テリオグGPフォールド,
7029,テリオグGPコート,
7030,ヒプノＧフォールド,Tassettes Hypnoc G
7031,ヒプノGFフォールド,Tassettes Hypnoc GF
7032,ヒプノGXフォールド,Tassettes Hypnoc GX
7033,ヒプノＧコート,Manteau Hypnoc G
7034,ヒプノGFコート,Manteau Hypnoc GF
7035,ヒプノGXコート,Manteau Hypnoc GX
7036,フルンＧフォールド,Tassettes Khezu G
7037,フルンGFフォールド,Tassettes Khezu GF
7038,フルンGXフォールド,Tassettes Khezu GX
7039,フルンＧコート,Manteau Khezu G
7040,フルンGFコート,Manteau Khezu GF
7041,フルンGXコート,Manteau Khezu GX
7042,モノブロスＧコイル,Ceinturon Monoblos G
7043,モノブロスGFコイル,Ceinturon Monoblos GF
7044,モノブロスGXコイル,Ceinturon Monoblos GX
7045,モノブロスＧコート,Manteau Monoblos G
7046,モノブロスGFコート,Manteau Monoblos GF
7047,モノブロスGXコート,Manteau Monoblos GX
7048,ヴァイスＧナーベル,
7049,ヴァイスGFナーベル,
7050,ヴァイスGXナーベル,
7051,ヴァイスＧガイツ,
7052,ヴァイスGFガイツ,
7053,ヴァイスGXガイツ,
7054,ヴェノムＧフォールド,Tassettes Venin G
7055,ヴェノムGFフォールド,Tassettes Venin GF
7056,ヴェノムGXフォールド,Tassettes Venin GX
7057,ヴェノムＧコート,Manteau Venin G
7058,ヴェノムGFコート,Manteau Venin GF
7059,ヴェノムGXコート,Manteau Venin GX
7060,雅孔【腰帯】,
7061,雅孔Ｆ【腰帯】,
7062,雅孔FX【腰帯】,
7063,雅孔Ｇ【腰帯】,
7064,雅孔GF【腰帯】,
7065,雅穿【腰帯】,
7066,雅穿Ｆ【腰帯】,
7067,雅穿FX【腰帯】,
7068,雅穿Ｇ【腰帯】,
7069,雅穿GF【腰帯】,
7070,雅深Ｇ【腰帯】,
7071,雅深GF【腰帯】,
7072,雅深GX【腰帯】,
7073,雅淵Ｇ【腰帯】,
7074,雅淵GF【腰帯】,
7075,雅淵GX【腰帯】,
7076,ガルバアンダ,
7077,ガルバＦアンダ,
7078,ガルバFXアンダ,
7079,ガルバＧアンダ,
7080,ガルバGFアンダ,
7081,ガルバアドミ,
7082,ガルバＦアドミ,
7083,ガルバFXアドミ,
7084,ガルバＧアドミ,
7085,ガルバGFアドミ,
7086,ウィンドGFアンダ,
7087,ウィンドGFアドミ,
7088,武者GF【腰当て】,
7089,日光GF【腰当て】,
7090,白蘭・剣聖コイル,
7091,白蘭・剣聖Ｆコイル,
7092,白蘭・剣聖FXコイル,
7093,紅霞・剣聖コイル,
7094,紅霞・剣聖Ｆコイル,
7095,紅霞・剣聖FXコイル,
7096,白蘭・剣聖Ｇコイル,
7097,白蘭・剣聖GFコイル,
7098,白蘭・剣聖GXコイル,
7099,月夜・剣聖Ｇコイル,
7100,月夜・剣聖GFコイル,
7101,月夜・剣聖GXコイル,
7102,紅霞・剣聖Ｇコイル,
7103,紅霞・剣聖GFコイル,
7104,紅霞・剣聖GXコイル,
7105,蒼穹・剣聖Ｇコイル,
7106,蒼穹・剣聖GFコイル,
7107,蒼穹・剣聖GXコイル,
7108,白蘭・双龍コイル,
7109,白蘭・双龍Ｆコイル,
7110,白蘭・双龍FXコイル,
7111,紅霞・双龍コイル,
7112,紅霞・双龍Ｆコイル,
7113,紅霞・双龍FXコイル,
7114,白蘭・双龍Ｇコイル,
7115,白蘭・双龍GFコイル,
7116,白蘭・双龍GXコイル,
7117,月夜・双龍Ｇコイル,
7118,月夜・双龍GFコイル,
7119,月夜・双龍GXコイル,
7120,紅霞・双龍Ｇコイル,
7121,紅霞・双龍GFコイル,
7122,紅霞・双龍GXコイル,
7123,蒼穹・双龍Ｇコイル,
7124,蒼穹・双龍GFコイル,
7125,蒼穹・双龍GXコイル,
7126,白蘭・剣王コイル,
7127,白蘭・剣王Ｆコイル,
7128,白蘭・剣王FXコイル,
7129,紅霞・剣王コイル,
7130,紅霞・剣王Ｆコイル,
7131,紅霞・剣王FXコイル,
7132,白蘭・剣王Ｇコイル,
7133,白蘭・剣王GFコイル,
7134,白蘭・剣王GXコイル,
7135,月夜・剣王Ｇコイル,
7136,月夜・剣王GFコイル,
7137,月夜・剣王GXコイル,
7138,紅霞・剣王Ｇコイル,
7139,紅霞・剣王GFコイル,
7140,紅霞・剣王GXコイル,
7141,蒼穹・剣王Ｇコイル,
7142,蒼穹・剣王GFコイル,
7143,蒼穹・剣王GXコイル,
7144,白蘭・刀神コイル,
7145,白蘭・刀神Ｆコイル,
7146,白蘭・刀神FXコイル,
7147,紅霞・刀神コイル,
7148,紅霞・刀神Ｆコイル,
7149,紅霞・刀神FXコイル,
7150,白蘭・刀神Ｇコイル,
7151,白蘭・刀神GFコイル,
7152,白蘭・刀神GXコイル,
7153,月夜・刀神Ｇコイル,
7154,月夜・刀神GFコイル,
7155,月夜・刀神GXコイル,
7156,紅霞・刀神Ｇコイル,
7157,紅霞・刀神GFコイル,
7158,紅霞・刀神GXコイル,
7159,蒼穹・刀神Ｇコイル,
7160,蒼穹・刀神GFコイル,
7161,蒼穹・刀神GXコイル,
7162,白蘭・鈍器獣コイル,
7163,白蘭・鈍器獣Ｆコイル,
7164,白蘭・鈍器獣FXコイル,
7165,紅霞・鈍器獣コイル,
7166,紅霞・鈍器獣Ｆコイル,
7167,紅霞・鈍器獣FXコイル,
7168,白蘭・鈍器獣Ｇコイル,
7169,白蘭・鈍器獣GFコイル,
7170,白蘭・鈍器獣GXコイル,
7171,月夜・鈍器獣Ｇコイル,
7172,月夜・鈍器獣GFコイル,
7173,月夜・鈍器獣GXコイル,
7174,紅霞・鈍器獣Ｇコイル,
7175,紅霞・鈍器獣GFコイル,
7176,紅霞・鈍器獣GXコイル,
7177,蒼穹・鈍器獣Ｇコイル,
7178,蒼穹・鈍器獣GFコイル,
7179,蒼穹・鈍器獣GXコイル,
7180,白蘭・奏帝コイル,
7181,白蘭・奏帝Ｆコイル,
7182,白蘭・奏帝FXコイル,
7183,紅霞・奏帝コイル,
7184,紅霞・奏帝Ｆコイル,
7185,紅霞・奏帝FXコイル,
7186,白蘭・奏帝Ｇコイル,
7187,白蘭・奏帝GFコイル,
7188,白蘭・奏帝GXコイル,
7189,月夜・奏帝Ｇコイル,
7190,月夜・奏帝GFコイル,
7191,月夜・奏帝GXコイル,
7192,紅霞・奏帝Ｇコイル,
7193,紅霞・奏帝GFコイル,
7194,紅霞・奏帝GXコイル,
7195,蒼穹・奏帝Ｇコイル,
7196,蒼穹・奏帝GFコイル,
7197,蒼穹・奏帝GXコイル,
7198,白蘭・天槍コイル,
7199,白蘭・天槍Ｆコイル,
7200,白蘭・天槍FXコイル,
7201,紅霞・天槍コイル,
7202,紅霞・天槍Ｆコイル,
7203,紅霞・天槍FXコイル,
7204,白蘭・天槍Ｇコイル,
7205,白蘭・天槍GFコイル,
7206,白蘭・天槍GXコイル,
7207,月夜・天槍Ｇコイル,
7208,月夜・天槍GFコイル,
7209,月夜・天槍GXコイル,
7210,紅霞・天槍Ｇコイル,
7211,紅霞・天槍GFコイル,
7212,紅霞・天槍GXコイル,
7213,蒼穹・天槍Ｇコイル,
7214,蒼穹・天槍GFコイル,
7215,蒼穹・天槍GXコイル,
7216,白蘭・砲皇コイル,
7217,白蘭・砲皇Ｆコイル,
7218,白蘭・砲皇FXコイル,
7219,紅霞・砲皇コイル,
7220,紅霞・砲皇Ｆコイル,
7221,紅霞・砲皇FXコイル,
7222,白蘭・砲皇Ｇコイル,
7223,白蘭・砲皇GFコイル,
7224,白蘭・砲皇GXコイル,
7225,月夜・砲皇Ｇコイル,
7226,月夜・砲皇GFコイル,
7227,月夜・砲皇GXコイル,
7228,紅霞・砲皇Ｇコイル,
7229,紅霞・砲皇GFコイル,
7230,紅霞・砲皇GXコイル,
7231,蒼穹・砲皇Ｇコイル,
7232,蒼穹・砲皇GFコイル,
7233,蒼穹・砲皇GXコイル,
7234,白蘭・穿凰コイル,
7235,白蘭・穿凰Ｆコイル,
7236,白蘭・穿凰FXコイル,
7237,紅霞・穿凰コイル,
7238,紅霞・穿凰Ｆコイル,
7239,紅霞・穿凰FXコイル,
7240,白蘭・穿凰Ｇコイル,
7241,白蘭・穿凰GFコイル,
7242,白蘭・穿凰GXコイル,
7243,月夜・穿凰Ｇコイル,
7244,月夜・穿凰GFコイル,
7245,月夜・穿凰GXコイル,
7246,紅霞・穿凰Ｇコイル,
7247,紅霞・穿凰GFコイル,
7248,紅霞・穿凰GXコイル,
7249,蒼穹・穿凰Ｇコイル,
7250,蒼穹・穿凰GFコイル,
7251,蒼穹・穿凰GXコイル,
7252,白蘭・銃仙コート,
7253,白蘭・銃仙Ｆコート,
7254,白蘭・銃仙FXコート,
7255,紅霞・銃仙コート,
7256,紅霞・銃仙Ｆコート,
7257,紅霞・銃仙FXコート,
7258,白蘭・銃仙Ｇコート,
7259,白蘭・銃仙GFコート,
7260,白蘭・銃仙GXコート,
7261,月夜・銃仙Ｇコート,
7262,月夜・銃仙GFコート,
7263,月夜・銃仙GXコート,
7264,紅霞・銃仙Ｇコート,
7265,紅霞・銃仙GFコート,
7266,紅霞・銃仙GXコート,
7267,蒼穹・銃仙Ｇコート,
7268,蒼穹・銃仙GFコート,
7269,蒼穹・銃仙GXコート,
7270,白蘭・銃傑コート,
7271,白蘭・銃傑Ｆコート,
7272,白蘭・銃傑FXコート,
7273,紅霞・銃傑コート,
7274,紅霞・銃傑Ｆコート,
7275,紅霞・銃傑FXコート,
7276,白蘭・銃傑Ｇコート,
7277,白蘭・銃傑GFコート,
7278,白蘭・銃傑GXコート,
7279,月夜・銃傑Ｇコート,
7280,月夜・銃傑GFコート,
7281,月夜・銃傑GXコート,
7282,紅霞・銃傑Ｇコート,
7283,紅霞・銃傑GFコート,
7284,紅霞・銃傑GXコート,
7285,蒼穹・銃傑Ｇコート,
7286,蒼穹・銃傑GFコート,
7287,蒼穹・銃傑GXコート,
7288,白蘭・弓鬼コート,
7289,白蘭・弓鬼Ｆコート,
7290,白蘭・弓鬼FXコート,
7291,紅霞・弓鬼コート,
7292,紅霞・弓鬼Ｆコート,
7293,紅霞・弓鬼FXコート,
7294,白蘭・弓鬼Ｇコート,
7295,白蘭・弓鬼GFコート,
7296,白蘭・弓鬼GXコート,
7297,月夜・弓鬼Ｇコート,
7298,月夜・弓鬼GFコート,
7299,月夜・弓鬼GXコート,
7300,紅霞・弓鬼Ｇコート,
7301,紅霞・弓鬼GFコート,
7302,紅霞・弓鬼GXコート,
7303,蒼穹・弓鬼Ｇコート,
7304,蒼穹・弓鬼GFコート,
7305,蒼穹・弓鬼GXコート,
7306,飛天ノ帯・白,
7307,飛天ノ帯Ｆ・白,
7308,飛天ノ帯FZ・白,
7309,飛天ノ帯HS・白,
7310,飛天ノ帯GS・白,
7311,飛天ノ帯GP・白,
7312,飛天ノ腰巻・白,
7313,飛天ノ腰巻Ｆ・白,
7314,飛天ノ腰巻FZ・白,
7315,飛天ノ腰巻HS・白,
7316,飛天ノ腰巻GS・白,
7317,飛天ノ腰巻GP・白,
7318,飛天ノ帯・赤,
7319,飛天ノ帯Ｆ・赤,
7320,飛天ノ帯FZ・赤,
7321,飛天ノ帯HS・赤,
7322,飛天ノ帯GS・赤,
7323,飛天ノ帯GP・赤,
7324,飛天ノ腰巻・赤,
7325,飛天ノ腰巻Ｆ・赤,
7326,飛天ノ腰巻FZ・赤,
7327,飛天ノ腰巻HS・赤,
7328,飛天ノ腰巻GS・赤,
7329,飛天ノ腰巻GP・赤,
7330,飛天ノ帯・茶,
7331,飛天ノ帯Ｆ・茶,
7332,飛天ノ帯FZ・茶,
7333,飛天ノ帯HS・茶,
7334,飛天ノ帯GS・茶,
7335,飛天ノ帯GP・茶,
7336,飛天ノ腰巻・茶,
7337,飛天ノ腰巻Ｆ・茶,
7338,飛天ノ腰巻FZ・茶,
7339,飛天ノ腰巻HS・茶,
7340,飛天ノ腰巻GS・茶,
7341,飛天ノ腰巻GP・茶,
7342,飛天ノ帯・青,
7343,飛天ノ帯Ｆ・青,
7344,飛天ノ帯FZ・青,
7345,飛天ノ帯HS・青,
7346,飛天ノ帯GS・青,
7347,飛天ノ帯GP・青,
7348,飛天ノ腰巻・青,
7349,飛天ノ腰巻Ｆ・青,
7350,飛天ノ腰巻FZ・青,
7351,飛天ノ腰巻HS・青,
7352,飛天ノ腰巻GS・青,
7353,飛天ノ腰巻GP・青,
7354,ナーガコイル・青,Ceinturon Naga bleu
7355,ナーガＦコイル・青,Ceinturon Naga F bleu
7356,ナーガFZコイル・青,Ceinturon Naga FZ bleu
7357,ナーガHSコイル・青,Ceinturon Naga HS bleu
7358,ナーガGSコイル・青,Ceinturon Naga GS bleu
7359,ナーガGPコイル・青,Ceinturon Naga GP bleu
7360,ナーガコート・青,Manteau Naga bleu
7361,ナーガＦコート・青,Manteau Naga F bleu
7362,ナーガFZコート・青,Manteau Naga FZ bleu
7363,ナーガHSコート・青,Manteau Naga HS bleu
7364,ナーガGSコート・青,Manteau Naga GS bleu
7365,ナーガGPコート・青,Manteau Naga GP bleu
7366,ナーガコイル・赤,Ceinturon Naga rouge
7367,ナーガＦコイル・赤,Ceinturon Naga F rouge
7368,ナーガFZコイル・赤,Ceinturon Naga FZ rouge
7369,ナーガHSコイル・赤,Ceinturon Naga HS rouge
7370,ナーガGSコイル・赤,Ceinturon Naga GS rouge
7371,ナーガGPコイル・赤,Ceinturon Naga GP rouge
7372,ナーガコート・赤,Manteau Naga rouge
7373,ナーガＦコート・赤,Manteau Naga F rouge
7374,ナーガFZコート・赤,Manteau Naga FZ rouge
7375,ナーガHSコート・赤,Manteau Naga HS rouge
7376,ナーガGSコート・赤,Manteau Naga GS rouge
7377,ナーガGPコート・赤,Manteau Naga GP rouge
7378,ナーガコイル・白,Ceinturon Naga blanc
7379,ナーガＦコイル・白,Ceinturon Naga F blanc
7380,ナーガFZコイル・白,Ceinturon Naga FZ blanc
7381,ナーガHSコイル・白,Ceinturon Naga HS blanc
7382,ナーガGSコイル・白,Ceinturon Naga GS blanc
7383,ナーガGPコイル・白,Ceinturon Naga GP blanc
7384,ナーガコート・白,Manteau Naga blanc
7385,ナーガＦコート・白,Manteau Naga F blanc
7386,ナーガFZコート・白,Manteau Naga FZ blanc
7387,ナーガHSコート・白,Manteau Naga HS blanc
7388,ナーガGSコート・白,Manteau Naga GS blanc
7389,ナーガGPコート・白,Manteau Naga GP blanc
7390,ナーガコイル・黒,Ceinturon Naga noir
7391,ナーガＦコイル・黒,Ceinturon Naga F noir
7392,ナーガFZコイル・黒,Ceinturon Naga FZ noir
7393,ナーガHSコイル・黒,Ceinturon Naga HS noir
7394,ナーガGSコイル・黒,Ceinturon Naga GS noir
7395,ナーガGPコイル・黒,Ceinturon Naga GP noir
7396,ナーガコート・黒,Manteau Naga noir
7397,ナーガＦコート・黒,Manteau Naga F noir
7398,ナーガFZコート・黒,Manteau Naga FZ noir
7399,ナーガHSコート・黒,Manteau Naga HS noir
7400,ナーガGSコート・黒,Manteau Naga GS noir
7401,ナーガGPコート・黒,Manteau Naga GP noir
7402,曙光ノ帯,
7403,曙光ノ帯・Ｆ,
7404,曙光ノ帯・FZ,
7405,曙光ノ帯・HS,
7406,曙光ノ帯・GS,
7407,曙光ノ帯・GP,
7408,曙光ノ腰巻,
7409,曙光ノ腰巻・Ｆ,
7410,曙光ノ腰巻・FZ,
7411,曙光ノ腰巻・HS,
7412,曙光ノ腰巻・GS,
7413,曙光ノ腰巻・GP,
7414,ズィベイナーベル,
7415,ズィベイＦナーベル,
7416,ズィベイFZナーベル,
7417,ズィベイHSナーベル,
7418,ズィベイGSナーベル,
7419,ズィベイGPナーベル,
7420,ズィベイガイツ,
7421,ズィベイＦガイツ,
7422,ズィベイFZガイツ,
7423,ズィベイHSガイツ,
7424,ズィベイGSガイツ,
7425,ズィベイGPガイツ,
7426,オユンコイル・青,Ceinturon Oyun bleu
7427,オユンＦコイル・青,Ceinturon Oyun F bleu
7428,オユンFZコイル・青,Ceinturon Oyun FZ bleu
7429,オユンHSコイル・青,Ceinturon Oyun HS bleu
7430,オユンGSコイル・青,Ceinturon Oyun GS bleu
7431,オユンGPコイル・青,Ceinturon Oyun GP bleu
7432,オユンコート・青,Manteau Oyun bleu
7433,オユンＦコート・青,Manteau Oyun F bleu
7434,オユンFZコート・青,Manteau Oyun FZ bleu
7435,オユンHSコート・青,Manteau Oyun HS bleu
7436,オユンGSコート・青,Manteau Oyun GS bleu
7437,オユンGPコート・青,Manteau Oyun GP bleu
7438,オユンコイル・赤,Ceinturon Oyun rouge
7439,オユンＦコイル・赤,Ceinturon Oyun F rouge
7440,オユンFZコイル・赤,Ceinturon Oyun FZ rouge
7441,オユンHSコイル・赤,Ceinturon Oyun HS rouge
7442,オユンGSコイル・赤,Ceinturon Oyun GS rouge
7443,オユンGPコイル・赤,Ceinturon Oyun GP rouge
7444,オユンコート・赤,Manteau Oyun rouge
7445,オユンＦコート・赤,Manteau Oyun F rouge
7446,オユンFZコート・赤,Manteau Oyun FZ rouge
7447,オユンHSコート・赤,Manteau Oyun HS rouge
7448,オユンGSコート・赤,Manteau Oyun GS rouge
7449,オユンGPコート・赤,Manteau Oyun GP rouge
7450,オユンコイル・黒,Ceinturon Oyun noir
7451,オユンＦコイル・黒,Ceinturon Oyun F noir
7452,オユンFZコイル・黒,Ceinturon Oyun FZ noir
7453,オユンHSコイル・黒,Ceinturon Oyun HS noir
7454,オユンGSコイル・黒,Ceinturon Oyun GS noir
7455,オユンGPコイル・黒,Ceinturon Oyun GP noir
7456,オユンコート・黒,Manteau Oyun noir
7457,オユンＦコート・黒,Manteau Oyun F noir
7458,オユンFZコート・黒,Manteau Oyun FZ noir
7459,オユンHSコート・黒,Manteau Oyun HS noir
7460,オユンGSコート・黒,Manteau Oyun GS noir
7461,オユンGPコート・黒,Manteau Oyun GP noir
7462,オユンコイル・白,Ceinturon Oyun blanc
7463,オユンＦコイル・白,Ceinturon Oyun F blanc
7464,オユンFZコイル・白,Ceinturon Oyun FZ blanc
7465,オユンHSコイル・白,Ceinturon Oyun HS blanc
7466,オユンGSコイル・白,Ceinturon Oyun GS blanc
7467,オユンGPコイル・白,Ceinturon Oyun GP blanc
7468,オユンコート・白,Manteau Oyun blanc
7469,オユンＦコート・白,Manteau Oyun F blanc
7470,オユンFZコート・白,Manteau Oyun FZ blanc
7471,オユンHSコート・白,Manteau Oyun HS blanc
7472,オユンGSコート・白,Manteau Oyun GS blanc
7473,オユンGPコート・白,Manteau Oyun GP blanc
7474,アッシュコイル・赤,Ceinturon Cendre rouge
7475,アッシュＦコイル・赤,Ceinturon Cendre F rouge
7476,アッシュFZコイル・赤,Ceinturon Cendre FZ rouge
7477,アッシュHSコイル・赤,Ceinturon Cendre HS rouge
7478,アッシュGSコイル・赤,Ceinturon Cendre GS rouge
7479,アッシュGPコイル・赤,Ceinturon Cendre GP rouge
7480,アッシュコート・赤,Manteau Cendre rouge
7481,アッシュＦコート・赤,Manteau Cendre F rouge
7482,アッシュFZコート・赤,Manteau Cendre FZ rouge
7483,アッシュHSコート・赤,Manteau Cendre HS rouge
7484,アッシュGSコート・赤,Manteau Cendre GS rouge
7485,アッシュGPコート・赤,Manteau Cendre GP rouge
7486,アッシュコイル・青,Ceinturon Cendre bleu
7487,アッシュＦコイル・青,Ceinturon Cendre F bleu
7488,アッシュFZコイル・青,Ceinturon Cendre FZ bleu
7489,アッシュHSコイル・青,Ceinturon Cendre HS bleu
7490,アッシュGSコイル・青,Ceinturon Cendre GS bleu
7491,アッシュGPコイル・青,Ceinturon Cendre GP bleu
7492,アッシュコート・青,Manteau Cendre bleu
7493,アッシュＦコート・青,Manteau Cendre F bleu
7494,アッシュFZコート・青,Manteau Cendre FZ bleu
7495,アッシュHSコート・青,Manteau Cendre HS bleu
7496,アッシュGSコート・青,Manteau Cendre GS bleu
7497,アッシュGPコート・青,Manteau Cendre GP bleu
7498,アッシュコイル・白,Ceinturon Cendre blanc
7499,アッシュＦコイル・白,Ceinturon Cendre F blanc
7500,アッシュFZコイル・白,Ceinturon Cendre FZ blanc
7501,アッシュHSコイル・白,Ceinturon Cendre HS blanc
7502,アッシュGSコイル・白,Ceinturon Cendre GS blanc
7503,アッシュGPコイル・白,Ceinturon Cendre GP blanc
7504,アッシュコート・白,Manteau Cendre blanc
7505,アッシュＦコート・白,Manteau Cendre F blanc
7506,アッシュFZコート・白,Manteau Cendre FZ blanc
7507,アッシュHSコート・白,Manteau Cendre HS blanc
7508,アッシュGSコート・白,Manteau Cendre GS blanc
7509,アッシュGPコート・白,Manteau Cendre GP blanc
7510,アッシュコイル・黒,Ceinturon Cendre noir
7511,アッシュＦコイル・黒,Ceinturon Cendre F noir
7512,アッシュFZコイル・黒,Ceinturon Cendre FZ noir
7513,アッシュHSコイル・黒,Ceinturon Cendre HS noir
7514,アッシュGSコイル・黒,Ceinturon Cendre GS noir
7515,アッシュGPコイル・黒,Ceinturon Cendre GP noir
7516,アッシュコート・黒,Manteau Cendre noir
7517,アッシュＦコート・黒,Manteau Cendre F noir
7518,アッシュFZコート・黒,Manteau Cendre FZ noir
7519,アッシュHSコート・黒,Manteau Cendre HS noir
7520,アッシュGSコート・黒,Manteau Cendre GS noir
7521,アッシュGPコート・黒,Manteau Cendre GP noir
7522,ピスティスGPコイル,Ceinturon Pistis GP
7523,ピスティスGPコート,Manteau Pistis GP
7524,ブリンクHSベルト,
7525,ブリンクGSベルト,
7526,ブリンクGPベルト,
7527,ブリンクHSコート,
7528,ブリンクGSコート,
7529,ブリンクGPコート,
7530,オービスGPベルト,Ceinture Ukon GP
7531,オービスGPバックル,
7532,ロットGPベルト,
7533,ロットGPバックル,
7534,アージェHSコイル,Ceinturon Arge HS
7535,アージェGSコイル,Ceinturon Arge GS
7536,アージェGPコイル,Ceinturon Arge GP
7537,アージェHSコート,Manteau Arge HS
7538,アージェGSコート,Manteau Arge GS
7539,アージェGPコート,Manteau Arge GP
7540,カマレラHSコイル,Ceinturon Camarera HS
7541,カマレラGSコイル,Ceinturon Camarera GS
7542,カマレラGPコイル,Ceinturon Camarera GP
7543,カマレラHSコート,Manteau Camarera HS
7544,カマレラGSコート,Manteau Camarera GS
7545,カマレラGPコート,Manteau Camarera GP
7546,メテネラHSコイル,Ceinturon Metenera HS
7547,メテネラGSコイル,Ceinturon Metenera GS
7548,メテネラGPコイル,Ceinturon Metenera GP
7549,メテネラHSコート,Manteau Metenera HS
7550,メテネラGSコート,Manteau Metenera GS
7551,メテネラGPコート,Manteau Metenera GP
7552,アビットHSコイル,Ceinturon Abitto HS
7553,アビットGSコイル,Ceinturon Abitto GS
7554,アビットGPコイル,Ceinturon Abitto GP
7555,アビットHSコート,Manteau Abitto HS
7556,アビットGSコート,Manteau Abitto GS
7557,アビットGPコート,Manteau Abitto GP
7558,リブリーHSコイル,Ceinturon Riburi HS
7559,リブリーGSコイル,Ceinturon Riburi GS
7560,リブリーGPコイル,Ceinturon Riburi GP
7561,リブリーHSコート,Manteau Riburi HS
7562,リブリーGSコート,Manteau Riburi GS
7563,リブリーGPコート,Manteau Riburi GP
7564,ジェスＧフォールド,Tassettes Jess G
7565,ジェスGFフォールド,Tassettes Jess GF
7566,ジェスGXフォールド,Tassettes Jess GX
7567,ジェスＧコート,Manteau Jess G
7568,ジェスGFコート,Manteau Jess GF
7569,ジェスGXコート,Manteau Jess GX
7570,タングスＧコイル,Ceinturon Tangusu G
7571,タングスGFコイル,Ceinturon Tangusu GF
7572,タングスGXコイル,Ceinturon Tangusu GX
7573,コバルタＧベルト,Ceinture Kobaruta G
7574,コバルタGFベルト,Ceinture Kobaruta GF
7575,コバルタGXベルト,Ceinture Kobaruta GX
7576,ブレオＧフォールド,Tassettes Breo G
7577,ブレオGFフォールド,Tassettes Breo GF
7578,ブレオGXフォールド,Tassettes Breo GX
7579,ハロキュコイル,Ceinturon Harokyu
7580,ハロキュＦコイル,Ceinturon Harokyu F
7581,ハロキュFYコイル,Ceinturon Harokyu FY
7582,ハロキュHSコイル,Ceinturon Harokyu HS
7583,ハロキュＧコイル,Ceinturon Harokyu G
7584,ハロキュGFコイル,Ceinturon Harokyu GF
7585,ハロキュGXコイル,Ceinturon Harokyu GX
7586,ブルックフォールド,Tassettes Burukku
7587,ブルックＦフォールド,Tassettes Burukku F
7588,ブルックFYフォールド,Tassettes Burukku FY
7589,ブルックHSフォールド,Tassettes Burukku HS
7590,ブルックＧフォールド,Tassettes Burukku G
7591,ブルックGFフォールド,Tassettes Burukku GF
7592,ブルックGXフォールド,Tassettes Burukku GX
7593,ブルックコート,Manteau Burukku
7594,ブルックＦコート,Manteau Burukku F
7595,ブルックFYコート,Manteau Burukku FY
7596,ブルックHSコート,Manteau Burukku HS
7597,ブルックＧコート,Manteau Burukku G
7598,ブルックGFコート,Manteau Burukku GF
7599,ブルックGXコート,Manteau Burukku GX
7600,淡桜【帯】,
7601,淡桜Ｆ【帯】,
7602,淡桜FY【帯】,
7603,淡桜HS【帯】,
7604,淡桜Ｇ【帯】,
7605,淡桜GF【帯】,
7606,淡桜GX【帯】,
7607,桜雲【帯】,
7608,桜雲Ｆ【帯】,
7609,桜雲FY【帯】,
7610,桜雲HS【帯】,
7611,桜雲Ｇ【帯】,
7612,桜雲GF【帯】,
7613,桜雲GX【帯】,
7614,キニオルフォールド,Tassettes Kinioru
7615,キニオルＦフォールド,Tassettes Kinioru F
7616,キニオルFYフォールド,Tassettes Kinioru FY
7617,キニオルHSフォールド,Tassettes Kinioru HS
7618,キニオルＧフォールド,Tassettes Kinioru G
7619,キニオルGFフォールド,Tassettes Kinioru GF
7620,キニオルGXフォールド,Tassettes Kinioru GX
7621,キニオルコート,Manteau Kinioru
7622,キニオルＦコート,Manteau Kinioru F
7623,キニオルFYコート,Manteau Kinioru FY
7624,キニオルHSコート,Manteau Kinioru HS
7625,キニオルＧコート,Manteau Kinioru G
7626,キニオルGFコート,Manteau Kinioru GF
7627,キニオルGXコート,Manteau Kinioru GX
7628,カイオルフォールド,Tassettes Kaioru
7629,カイオルＦフォールド,Tassettes Kaioru F
7630,カイオルFYフォールド,Tassettes Kaioru FY
7631,カイオルHSフォールド,Tassettes Kaioru HS
7632,カイオルＧフォールド,Tassettes Kaioru G
7633,カイオルGFフォールド,Tassettes Kaioru GF
7634,カイオルGXフォールド,Tassettes Kaioru GX
7635,カイオルコート,Manteau Kaioru
7636,カイオルＦコート,Manteau Kaioru F
7637,カイオルFYコート,Manteau Kaioru FY
7638,カイオルHSコート,Manteau Kaioru HS
7639,カイオルＧコート,Manteau Kaioru G
7640,カイオルGFコート,Manteau Kaioru GF
7641,カイオルGXコート,Manteau Kaioru GX
7642,ユーリスフォールド,Tassettes Yurisu
7643,ユーリスＦフォールド,Tassettes Yurisu F
7644,ユーリスFYフォールド,Tassettes Yurisu FY
7645,ユーリスHSフォールド,Tassettes Yurisu HS
7646,ユーリスＧフォールド,Tassettes Yurisu G
7647,ユーリスGFフォールド,Tassettes Yurisu GF
7648,ユーリスGXフォールド,Tassettes Yurisu GX
7649,ユーリスコート,Manteau Yurisu
7650,ユーリスＦコート,Manteau Yurisu F
7651,ユーリスFYコート,Manteau Yurisu FY
7652,ユーリスHSコート,Manteau Yurisu HS
7653,ユーリスＧコート,Manteau Yurisu G
7654,ユーリスGFコート,Manteau Yurisu GF
7655,ユーリスGXコート,Manteau Yurisu GX
7656,デゾルトフォールド,Tassettes Desordre
7657,デゾルトＦフォールド,Tassettes Desordre F
7658,デゾルトFYフォールド,Tassettes Desordre FY
7659,デゾルトHSフォールド,Tassettes Desordre HS
7660,デゾルトＧフォールド,Tassettes Desordre G
7661,デゾルトGFフォールド,Tassettes Desordre GF
7662,デゾルトGXフォールド,Tassettes Desordre GX
7663,デゾルトコート,Manteau Desordre
7664,デゾルトＦコート,Manteau Desordre F
7665,デゾルトFYコート,Manteau Desordre FY
7666,デゾルトHSコート,Manteau Desordre HS
7667,デゾルトＧコート,Manteau Desordre G
7668,デゾルトGFコート,Manteau Desordre GF
7669,デゾルトGXコート,Manteau Desordre GX
7670,カーマインコイル黒,Ceinturon Carmin noir
7671,カーマインＦコイル黒,Ceinturon Carmin F noir
7672,カーマインFZコイル黒,Ceinturon Carmin FZ noir
7673,カーマインHSコイル黒,Ceinturon Carmin HS noir
7674,カーマインGSコイル黒,Ceinturon Carmin GS noir
7675,カーマインGPコイル黒,Ceinturon Carmin GP noir
7676,カーマインベルト黒,Ceinture Carmin noire
7677,カーマインＦベルト黒,Ceinture Carmin F noire
7678,カーマインFZベルト黒,Ceinture Carmin FZ noire
7679,カーマインHSベルト黒,Ceinture Carmin HS noire
7680,カーマインGSベルト黒,Ceinture Carmin GS noire
7681,カーマインGPベルト黒,Ceinture Carmin GP noire
7682,カーマインコイル青,Ceinturon Carmin bleu
7683,カーマインＦコイル青,Ceinturon Carmin F bleu
7684,カーマインFZコイル青,Ceinturon Carmin FZ bleu
7685,カーマインHSコイル青,Ceinturon Carmin HS bleu
7686,カーマインGSコイル青,Ceinturon Carmin GS bleu
7687,カーマインGPコイル青,Ceinturon Carmin GP bleu
7688,カーマインベルト青,Ceinture Carmin bleue
7689,カーマインＦベルト青,Ceinture Carmin F bleue
7690,カーマインFZベルト青,Ceinture Carmin FZ bleue
7691,カーマインHSベルト青,Ceinture Carmin HS bleue
7692,カーマインGSベルト青,Ceinture Carmin GS bleue
7693,カーマインGPベルト青,Ceinture Carmin GP bleue
7694,カーマインコイル紫,Ceinturon Carmin violet
7695,カーマインＦコイル紫,Ceinturon Carmin F violet
7696,カーマインFZコイル紫,Ceinturon Carmin FZ violet
7697,カーマインHSコイル紫,Ceinturon Carmin HS violet
7698,カーマインGSコイル紫,Ceinturon Carmin GS violet
7699,カーマインGPコイル紫,Ceinturon Carmin GP violet
7700,カーマインベルト紫,Ceinture Carmin violette
7701,カーマインＦベルト紫,Ceinture Carmin F violette
7702,カーマインFZベルト紫,Ceinture Carmin FZ violette
7703,カーマインHSベルト紫,Ceinture Carmin HS violette
7704,カーマインGSベルト紫,Ceinture Carmin GS violette
7705,カーマインGPベルト紫,Ceinture Carmin GP violette
7706,カーマインコイル白,Ceinturon Carmin blanc
7707,カーマインＦコイル白,Ceinturon Carmin F blanc
7708,カーマインFZコイル白,Ceinturon Carmin FZ blanc
7709,カーマインHSコイル白,Ceinturon Carmin HS blanc
7710,カーマインGSコイル白,Ceinturon Carmin GS blanc
7711,カーマインGPコイル白,Ceinturon Carmin GP blanc
7712,カーマインベルト白,Ceinture Carmin blanche
7713,カーマインＦベルト白,Ceinture Carmin F blanche
7714,カーマインFZベルト白,Ceinture Carmin FZ blanche
7715,カーマインHSベルト白,Ceinture Carmin HS blanche
7716,カーマインGSベルト白,Ceinture Carmin GS blanche
7717,カーマインGPベルト白,Ceinture Carmin GP blanche
7718,リュウウエスト・赤,Taille Ryu rouge
7719,リュウＦウエスト・赤,Taille Ryu F rouge
7720,リュウFZウエスト・赤,Taille Ryu FZ rouge
7721,リュウHSウエスト・赤,Taille Ryu HS rouge
7722,リュウGSウエスト・赤,Taille Ryu GS rouge
7723,リュウGPウエスト・赤,Taille Ryu GP rouge
7724,リュウベルト・赤,Ceinture Ryu rouge
7725,リュウＦベルト・赤,Ceinture Ryu F rouge
7726,リュウFZベルト・赤,Ceinture Ryu FZ rouge
7727,リュウHSベルト・赤,Ceinture Ryu HS rouge
7728,リュウGSベルト・赤,Ceinture Ryu GS rouge
7729,リュウGPベルト・赤,Ceinture Ryu GP rouge
7730,リュウウエスト・青,Taille Ryu bleue
7731,リュウＦウエスト・青,Taille Ryu F bleue
7732,リュウFZウエスト・青,Taille Ryu FZ bleue
7733,リュウHSウエスト・青,Taille Ryu HS bleue
7734,リュウGSウエスト・青,Taille Ryu GS bleue
7735,リュウGPウエスト・青,Taille Ryu GP bleue
7736,リュウベルト・青,Ceinture Ryu bleue
7737,リュウＦベルト・青,Ceinture Ryu F bleue
7738,リュウFZベルト・青,Ceinture Ryu FZ bleue
7739,リュウHSベルト・青,Ceinture Ryu HS bleue
7740,リュウGSベルト・青,Ceinture Ryu GS bleue
7741,リュウGPベルト・青,Ceinture Ryu GP bleue
7742,リュウウエスト・橙,Taille Ryu orange
7743,リュウＦウエスト・橙,Taille Ryu F orange
7744,リュウFZウエスト・橙,Taille Ryu FZ orange
7745,リュウHSウエスト・橙,Taille Ryu HS orange
7746,リュウGSウエスト・橙,Taille Ryu GS orange
7747,リュウGPウエスト・橙,Taille Ryu GP orange
7748,リュウベルト・橙,Ceinture Ryu orange
7749,リュウＦベルト・橙,Ceinture Ryu F orange
7750,リュウFZベルト・橙,Ceinture Ryu FZ orange
7751,リュウHSベルト・橙,Ceinture Ryu HS orange
7752,リュウGSベルト・橙,Ceinture Ryu GS orange
7753,リュウGPベルト・橙,Ceinture Ryu GP orange
7754,リュウウエスト・黄,Taille Ryu jaune
7755,リュウＦウエスト・黄,Taille Ryu F jaune
7756,リュウFZウエスト・黄,Taille Ryu FZ jaune
7757,リュウHSウエスト・黄,Taille Ryu HS jaune
7758,リュウGSウエスト・黄,Taille Ryu GS jaune
7759,リュウGPウエスト・黄,Taille Ryu GP jaune
7760,リュウベルト・黄,Ceinture Ryu jaune
7761,リュウＦベルト・黄,Ceinture Ryu F jaune
7762,リュウFZベルト・黄,Ceinture Ryu FZ jaune
7763,リュウHSベルト・黄,Ceinture Ryu HS jaune
7764,リュウGSベルト・黄,Ceinture Ryu GS jaune
7765,リュウGPベルト・黄,Ceinture Ryu GP jaune
7766,キャリッジコイル,Ceinturon Carrosse
7767,キャリッジＦコイル,Ceinturon Carrosse F
7768,キャリッジFZコイル,Ceinturon Carrosse FZ
7769,キャリッジHSコイル,Ceinturon Carrosse HS
7770,キャリッジGSコイル,Ceinturon Carrosse GS
7771,キャリッジGPコイル,Ceinturon Carrosse GP
7772,マーブルコイル,Ceinturon Marbre
7773,マーブルＦコイル,Ceinturon Marbre F
7774,マーブルFZコイル,Ceinturon Marbre FZ
7775,マーブルHSコイル,Ceinturon Marbre HS
7776,マーブルGSコイル,Ceinturon Marbre GS
7777,マーブルGPコイル,Ceinturon Marbre GP
7778,シャンディコイル,
7779,シャンディＦコイル,
7780,シャンディFZコイル,
7781,シャンディHSコイル,
7782,シャンディGSコイル,
7783,シャンディGPコイル,
7784,シャンディコート,
7785,シャンディＦコート,
7786,シャンディFZコート,
7787,シャンディHSコート,
7788,シャンディGSコート,
7789,シャンディGPコート,
7790,バンケットコイル,
7791,バンケットＦコイル,
7792,バンケットFZコイル,
7793,バンケットHSコイル,
7794,バンケットGSコイル,
7795,バンケットGPコイル,
7796,ヴェランコイル,
7797,ヴェランＦコイル,
7798,ヴェランFZコイル,
7799,ヴェランHSコイル,
7800,ヴェランGSコイル,
7801,ヴェランGPコイル,
7802,ランデグコイル,
7803,ランデグＦコイル,
7804,ランデグFZコイル,
7805,ランデグHSコイル,
7806,ランデグGSコイル,
7807,ランデグGPコイル,
7808,ランデグコート,
7809,ランデグＦコート,
7810,ランデグFZコート,
7811,ランデグHSコート,
7812,ランデグGSコート,
7813,ランデグGPコート,
7814,エンドレコイル,Ceinturon Endre
7815,エンドレＦコイル,Ceinturon Endre F
7816,エンドレFZコイル,Ceinturon Endre FZ
7817,エンドレHSコイル,Ceinturon Endre HS
7818,エンドレGSコイル,Ceinturon Endre GS
7819,エンドレGPコイル,Ceinturon Endre GP
7820,エンドレコート,Manteau Endre
7821,エンドレＦコート,Manteau Endre F
7822,エンドレFZコート,Manteau Endre FZ
7823,エンドレHSコート,Manteau Endre HS
7824,エンドレGSコート,Manteau Endre GS
7825,エンドレGPコート,Manteau Endre GP
7826,サジタリオコイル赤,Ceinturon Sagittaire rouge
7827,サジタリオＦコイル赤,Ceinturon Sagittaire F rouge
7828,サジタリオFZコイル赤,Ceinturon Sagittaire FZ rouge
7829,サジタリオHSコイル赤,Ceinturon Sagittaire HS rouge
7830,サジタリオGSコイル赤,Ceinturon Sagittaire GS rouge
7831,サジタリオGPコイル赤,Ceinturon Sagittaire GP rouge
7832,サジタリオベルト赤,Ceinture Sagittaire rouge
7833,サジタリオＦベルト赤,Ceinture Sagittaire F rouge
7834,サジタリオFZベルト赤,Ceinture Sagittaire FZ rouge
7835,サジタリオHSベルト赤,Ceinture Sagittaire HS rouge
7836,サジタリオGSベルト赤,Ceinture Sagittaire GS rouge
7837,サジタリオGPベルト赤,Ceinture Sagittaire GP rouge
7838,サジタリオコイル青,Ceinturon Sagittaire bleu
7839,サジタリオＦコイル青,Ceinturon Sagittaire F bleu
7840,サジタリオFZコイル青,Ceinturon Sagittaire FZ bleu
7841,サジタリオHSコイル青,Ceinturon Sagittaire HS bleu
7842,サジタリオGSコイル青,Ceinturon Sagittaire GS bleu
7843,サジタリオGPコイル青,Ceinturon Sagittaire GP bleu
7844,サジタリオベルト青,Ceinture Sagittaire bleue
7845,サジタリオＦベルト青,Ceinture Sagittaire F bleue
7846,サジタリオFZベルト青,Ceinture Sagittaire FZ bleue
7847,サジタリオHSベルト青,Ceinture Sagittaire HS bleue
7848,サジタリオGSベルト青,Ceinture Sagittaire GS bleue
7849,サジタリオGPベルト青,Ceinture Sagittaire GP bleue
7850,サジタリオコイル紫,Ceinturon Sagittaire violet
7851,サジタリオＦコイル紫,Ceinturon Sagittaire F violet
7852,サジタリオFZコイル紫,Ceinturon Sagittaire FZ violet
7853,サジタリオHSコイル紫,Ceinturon Sagittaire HS violet
7854,サジタリオGSコイル紫,Ceinturon Sagittaire GS violet
7855,サジタリオGPコイル紫,Ceinturon Sagittaire GP violet
7856,サジタリオベルト紫,Ceinture Sagittaire violette
7857,サジタリオＦベルト紫,Ceinture Sagittaire F violette
7858,サジタリオFZベルト紫,Ceinture Sagittaire FZ violette
7859,サジタリオHSベルト紫,Ceinture Sagittaire HS violette
7860,サジタリオGSベルト紫,Ceinture Sagittaire GS violette
7861,サジタリオGPベルト紫,Ceinture Sagittaire GP violette
7862,サジタリオコイル緑,Ceinturon Sagittaire vert
7863,サジタリオＦコイル緑,Ceinturon Sagittaire F vert
7864,サジタリオFZコイル緑,Ceinturon Sagittaire FZ vert
7865,サジタリオHSコイル緑,Ceinturon Sagittaire HS vert
7866,サジタリオGSコイル緑,Ceinturon Sagittaire GS vert
7867,サジタリオGPコイル緑,Ceinturon Sagittaire GP vert
7868,サジタリオベルト緑,Ceinture Sagittaire verte
7869,サジタリオＦベルト緑,Ceinture Sagittaire F verte
7870,サジタリオFZベルト緑,Ceinture Sagittaire FZ verte
7871,サジタリオHSベルト緑,Ceinture Sagittaire HS verte
7872,サジタリオGSベルト緑,Ceinture Sagittaire GS verte
7873,サジタリオGPベルト緑,Ceinture Sagittaire GP verte
7874,ニーナウエスト・赤,Taille Nina rouge
7875,ニーナＦウエスト・赤,Taille Nina F rouge
7876,ニーナFZウエスト・赤,Taille Nina FZ rouge
7877,ニーナHSウエスト・赤,Taille Nina HS rouge
7878,ニーナGSウエスト・赤,Taille Nina GS rouge
7879,ニーナGPウエスト・赤,Taille Nina GP rouge
7880,ニーナベルト・赤,Ceinture Nina rouge
7881,ニーナＦベルト・赤,Ceinture Nina F rouge
7882,ニーナFZベルト・赤,Ceinture Nina FZ rouge
7883,ニーナHSベルト・赤,Ceinture Nina HS rouge
7884,ニーナGSベルト・赤,Ceinture Nina GS rouge
7885,ニーナGPベルト・赤,Ceinture Nina GP rouge
7886,ニーナウエスト・緑,Taille Nina verte
7887,ニーナＦウエスト・緑,Taille Nina F verte
7888,ニーナFZウエスト・緑,Taille Nina FZ verte
7889,ニーナHSウエスト・緑,Taille Nina HS verte
7890,ニーナGSウエスト・緑,Taille Nina GS verte
7891,ニーナGPウエスト・緑,Taille Nina GP verte
7892,ニーナベルト・緑,Ceinture Nina verte
7893,ニーナＦベルト・緑,Ceinture Nina F verte
7894,ニーナFZベルト・緑,Ceinture Nina FZ verte
7895,ニーナHSベルト・緑,Ceinture Nina HS verte
7896,ニーナGSベルト・緑,Ceinture Nina GS verte
7897,ニーナGPベルト・緑,Ceinture Nina GP verte
7898,ニーナウエスト・桃,Taille Nina rose
7899,ニーナＦウエスト・桃,Taille Nina F rose
7900,ニーナFZウエスト・桃,Taille Nina FZ rose
7901,ニーナHSウエスト・桃,Taille Nina HS rose
7902,ニーナGSウエスト・桃,Taille Nina GS rose
7903,ニーナGPウエスト・桃,Taille Nina GP rose
7904,ニーナベルト・桃,Ceinture Nina rose
7905,ニーナＦベルト・桃,Ceinture Nina F rose
7906,ニーナFZベルト・桃,Ceinture Nina FZ rose
7907,ニーナHSベルト・桃,Ceinture Nina HS rose
7908,ニーナGSベルト・桃,Ceinture Nina GS rose
7909,ニーナGPベルト・桃,Ceinture Nina GP rose
7910,ニーナウエスト・青,Taille Nina bleue
7911,ニーナＦウエスト・青,Taille Nina F bleue
7912,ニーナFZウエスト・青,Taille Nina FZ bleue
7913,ニーナHSウエスト・青,Taille Nina HS bleue
7914,ニーナGSウエスト・青,Taille Nina GS bleue
7915,ニーナGPウエスト・青,Taille Nina GP bleue
7916,ニーナベルト・青,Ceinture Nina bleue
7917,ニーナＦベルト・青,Ceinture Nina F bleue
7918,ニーナFZベルト・青,Ceinture Nina FZ bleue
7919,ニーナHSベルト・青,Ceinture Nina HS bleue
7920,ニーナGSベルト・青,Ceinture Nina GS bleue
7921,ニーナGPベルト・青,Ceinture Nina GP bleue
7922,ハーゼベルト,Ceinture Harze
7923,ハーゼＦベルト,Ceinture Harze F
7924,ハーゼFZベルト,Ceinture Harze FZ
7925,ハーゼHSベルト,Ceinture Harze HS
7926,ハーゼGSベルト,Ceinture Harze GS
7927,ハーゼGPベルト,Ceinture Harze GP
7928,ハーゼコート,Manteau Harze
7929,ハーゼＦコート,Manteau Harze F
7930,ハーゼFZコート,Manteau Harze FZ
7931,ハーゼHSコート,Manteau Harze HS
7932,ハーゼGSコート,Manteau Harze GS
7933,ハーゼGPコート,Manteau Harze GP
7934,クアルＧフォールド,Tassettes Kuaru G
7935,クアルGFフォールド,Tassettes Kuaru GF
7936,クアルGXフォールド,Tassettes Kuaru GX
7937,クアルＧコート,Manteau Kuaru G
7938,クアルGFコート,Manteau Kuaru GF
7939,クアルGXコート,Manteau Kuaru GX
7940,エンプレスＧコイル,Ceinturon Impératrice G
7941,エンプレスGFコイル,Ceinturon Impératrice GF
7942,エンプレスGXコイル,Ceinturon Impératrice GX
7943,エンプレスＧコート,Manteau Impératrice G
7944,エンプレスGFコート,Manteau Impératrice GF
7945,エンプレスGXコート,Manteau Impératrice GX
7946,創音奏Ｇ【腰当て】,
7947,創音奏GF【腰当て】,
7948,創音奏GX【腰当て】,
7949,音紡奏Ｇ【腰当て】,
7950,音紡奏GF【腰当て】,
7951,音紡奏GX【腰当て】,
7952,ポボルムフォールド,Tassettes Pobo
7953,ポボルムＦフォールド,Tassettes Pobo F
7954,ポボルムFXフォールド,Tassettes Pobo FX
7955,ポボルムＧフォールド,Tassettes Pobo G
7956,ポボルムGFフォールド,Tassettes Pobo GF
7957,ポボルムコート,Manteau Pobo
7958,ポボルムＦコート,Manteau Pobo F
7959,ポボルムFXコート,Manteau Pobo FX
7960,ポボルムＧコート,Manteau Pobo G
7961,ポボルムGFコート,Manteau Pobo GF
7962,リオソウルＧコイル,Ceinturon Rath G
7963,リオソウルGFコイル,Ceinturon Rath GF
7964,リオソウルGXコイル,Ceinturon Rath GX
7965,リオソウルＧコート,Manteau Rath G
7966,リオソウルGFコート,Manteau Rath GF
7967,リオソウルGXコート,Manteau Rath GX
7968,リオハートＧコイル,Ceinturon Rath G
7969,リオハートGFコイル,Ceinturon Rath GF
7970,リオハートGXコイル,Ceinturon Rath GX
7971,リオハートＧコート,Manteau Rath G
7972,リオハートGFコート,Manteau Rath GF
7973,リオハートGXコート,Manteau Rath GX
7974,シャテムウエスト,Taille Shatemu
7975,シャテムＦウエスト,Taille Shatemu F
7976,シャテムFZウエスト,Taille Shatemu FZ
7977,シャテムHSウエスト,Taille Shatemu HS
7978,シャテムGSウエスト,Taille Shatemu GS
7979,シャテムGPウエスト,Taille Shatemu GP
7980,シャテムコート,Manteau Shatemu
7981,シャテムＦコート,Manteau Shatemu F
7982,シャテムFZコート,Manteau Shatemu FZ
7983,シャテムHSコート,Manteau Shatemu HS
7984,シャテムGSコート,Manteau Shatemu GS
7985,シャテムGPコート,Manteau Shatemu GP
7986,ヘヴリアウエスト,Taille Hevria
7987,ヘヴリアＦウエスト,Taille Hevria F
7988,ヘヴリアFZウエスト,Taille Hevria FZ
7989,ヘヴリアHSウエスト,Taille Hevria HS
7990,ヘヴリアGSウエスト,Taille Hevria GS
7991,ヘヴリアGPウエスト,Taille Hevria GP
7992,ヘヴリアコート,Manteau Hevria
7993,ヘヴリアＦコート,Manteau Hevria F
7994,ヘヴリアFZコート,Manteau Hevria FZ
7995,ヘヴリアHSコート,Manteau Hevria HS
7996,ヘヴリアGSコート,Manteau Hevria GS
7997,ヘヴリアGPコート,Manteau Hevria GP
7998,ティルルウエスト,Taille Tiuru
7999,ティルルＦウエスト,Taille Tiuru F
8000,ティルルFZウエスト,Taille Tiuru FZ
8001,ティルルHSウエスト,Taille Tiuru HS
8002,ティルルGSウエスト,Taille Tiuru GS
8003,ティルルGPウエスト,Taille Tiuru GP
8004,ティルルコート,Manteau Tiuru
8005,ティルルＦコート,Manteau Tiuru F
8006,ティルルFZコート,Manteau Tiuru FZ
8007,ティルルHSコート,Manteau Tiuru HS
8008,ティルルGSコート,Manteau Tiuru GS
8009,ティルルGPコート,Manteau Tiuru GP
8010,バンデコイル・青,Ceinturon Bande bleu
8011,バンデＦコイル・青,Ceinturon Bande F bleu
8012,バンデFZコイル・青,Ceinturon Bande FZ bleu
8013,バンデHSコイル・青,Ceinturon Bande HS bleu
8014,バンデGSコイル・青,Ceinturon Bande GS bleu
8015,バンデGPコイル・青,Ceinturon Bande GP bleu
8016,バンデコート・青,Manteau Bande bleu
8017,バンデＦコート・青,Manteau Bande F bleu
8018,バンデFZコート・青,Manteau Bande FZ bleu
8019,バンデHSコート・青,Manteau Bande HS bleu
8020,バンデGSコート・青,Manteau Bande GS bleu
8021,バンデGPコート・青,Manteau Bande GP bleu
8022,バンデコイル・赤,Ceinturon Bande rouge
8023,バンデＦコイル・赤,Ceinturon Bande F rouge
8024,バンデFZコイル・赤,Ceinturon Bande FZ rouge
8025,バンデHSコイル・赤,Ceinturon Bande HS rouge
8026,バンデGSコイル・赤,Ceinturon Bande GS rouge
8027,バンデGPコイル・赤,Ceinturon Bande GP rouge
8028,バンデコート・赤,Manteau Bande rouge
8029,バンデＦコート・赤,Manteau Bande F rouge
8030,バンデFZコート・赤,Manteau Bande FZ rouge
8031,バンデHSコート・赤,Manteau Bande HS rouge
8032,バンデGSコート・赤,Manteau Bande GS rouge
8033,バンデGPコート・赤,Manteau Bande GP rouge
8034,バンデコイル・緑,Ceinturon Bande vert
8035,バンデＦコイル・緑,Ceinturon Bande F vert
8036,バンデFZコイル・緑,Ceinturon Bande FZ vert
8037,バンデHSコイル・緑,Ceinturon Bande HS vert
8038,バンデGSコイル・緑,Ceinturon Bande GS vert
8039,バンデGPコイル・緑,Ceinturon Bande GP vert
8040,バンデコート・緑,Manteau Bande vert
8041,バンデＦコート・緑,Manteau Bande F vert
8042,バンデFZコート・緑,Manteau Bande FZ vert
8043,バンデHSコート・緑,Manteau Bande HS vert
8044,バンデGSコート・緑,Manteau Bande GS vert
8045,バンデGPコート・緑,Manteau Bande GP vert
8046,バンデコイル・黒,Ceinturon Bande noir
8047,バンデＦコイル・黒,Ceinturon Bande F noir
8048,バンデFZコイル・黒,Ceinturon Bande FZ noir
8049,バンデHSコイル・黒,Ceinturon Bande HS noir
8050,バンデGSコイル・黒,Ceinturon Bande GS noir
8051,バンデGPコイル・黒,Ceinturon Bande GP noir
8052,バンデコート・黒,Manteau Bande noir
8053,バンデＦコート・黒,Manteau Bande F noir
8054,バンデFZコート・黒,Manteau Bande FZ noir
8055,バンデHSコート・黒,Manteau Bande HS noir
8056,バンデGSコート・黒,Manteau Bande GS noir
8057,バンデGPコート・黒,Manteau Bande GP noir
8058,天日ノ佩楯・赤,
8059,天日ノ佩楯Ｆ・赤,
8060,天日ノ佩楯FZ・赤,
8061,天日ノ佩楯HS・赤,
8062,天日ノ佩楯GS・赤,
8063,天日ノ佩楯GP・赤,
8064,天日ノ腰当て・赤,
8065,天日ノ腰当てＦ・赤,
8066,天日ノ腰当てFZ・赤,
8067,天日ノ腰当てHS・赤,
8068,天日ノ腰当てGS・赤,
8069,天日ノ腰当てGP・赤,
8070,天日ノ佩楯・青,
8071,天日ノ佩楯Ｆ・青,
8072,天日ノ佩楯FZ・青,
8073,天日ノ佩楯HS・青,
8074,天日ノ佩楯GS・青,
8075,天日ノ佩楯GP・青,
8076,天日ノ腰当て・青,
8077,天日ノ腰当てＦ・青,
8078,天日ノ腰当てFZ・青,
8079,天日ノ腰当てHS・青,
8080,天日ノ腰当てGS・青,
8081,天日ノ腰当てGP・青,
8082,天日ノ佩楯・黒,
8083,天日ノ佩楯Ｆ・黒,
8084,天日ノ佩楯FZ・黒,
8085,天日ノ佩楯HS・黒,
8086,天日ノ佩楯GS・黒,
8087,天日ノ佩楯GP・黒,
8088,天日ノ腰当て・黒,
8089,天日ノ腰当てＦ・黒,
8090,天日ノ腰当てFZ・黒,
8091,天日ノ腰当てHS・黒,
8092,天日ノ腰当てGS・黒,
8093,天日ノ腰当てGP・黒,
8094,天日ノ佩楯・白,
8095,天日ノ佩楯Ｆ・白,
8096,天日ノ佩楯FZ・白,
8097,天日ノ佩楯HS・白,
8098,天日ノ佩楯GS・白,
8099,天日ノ佩楯GP・白,
8100,天日ノ腰当て・白,
8101,天日ノ腰当てＦ・白,
8102,天日ノ腰当てFZ・白,
8103,天日ノ腰当てHS・白,
8104,天日ノ腰当てGS・白,
8105,天日ノ腰当てGP・白,
8106,天日ノ腰帯・赤,
8107,天日ノ腰帯Ｆ・赤,
8108,天日ノ腰帯FZ・赤,
8109,天日ノ腰帯HS・赤,
8110,天日ノ腰帯GS・赤,
8111,天日ノ腰帯GP・赤,
8112,天日ノ色帯・赤,
8113,天日ノ色帯Ｆ・赤,
8114,天日ノ色帯FZ・赤,
8115,天日ノ色帯HS・赤,
8116,天日ノ色帯GS・赤,
8117,天日ノ色帯GP・赤,
8118,天日ノ腰帯・青,
8119,天日ノ腰帯Ｆ・青,
8120,天日ノ腰帯FZ・青,
8121,天日ノ腰帯HS・青,
8122,天日ノ腰帯GS・青,
8123,天日ノ腰帯GP・青,
8124,天日ノ色帯・青,
8125,天日ノ色帯Ｆ・青,
8126,天日ノ色帯FZ・青,
8127,天日ノ色帯HS・青,
8128,天日ノ色帯GS・青,
8129,天日ノ色帯GP・青,
8130,天日ノ腰帯・黒,
8131,天日ノ腰帯Ｆ・黒,
8132,天日ノ腰帯FZ・黒,
8133,天日ノ腰帯HS・黒,
8134,天日ノ腰帯GS・黒,
8135,天日ノ腰帯GP・黒,
8136,天日ノ色帯・黒,
8137,天日ノ色帯Ｆ・黒,
8138,天日ノ色帯FZ・黒,
8139,天日ノ色帯HS・黒,
8140,天日ノ色帯GS・黒,
8141,天日ノ色帯GP・黒,
8142,天日ノ腰帯・白,
8143,天日ノ腰帯Ｆ・白,
8144,天日ノ腰帯FZ・白,
8145,天日ノ腰帯HS・白,
8146,天日ノ腰帯GS・白,
8147,天日ノ腰帯GP・白,
8148,天日ノ色帯・白,
8149,天日ノ色帯Ｆ・白,
8150,天日ノ色帯FZ・白,
8151,天日ノ色帯HS・白,
8152,天日ノ色帯GS・白,
8153,天日ノ色帯GP・白,
8154,リュバンウエスト,Taille Ruban
8155,リュバンＦウエスト,Taille Ruban F
8156,リュバンFZウエスト,Taille Ruban FZ
8157,リュバンHSウエスト,Taille Ruban HS
8158,リュバンGSウエスト,Taille Ruban GS
8159,リュバンGPウエスト,Taille Ruban GP
8160,リュバンベルト,Ceinture Ruban
8161,リュバンＦベルト,Ceinture Ruban F
8162,リュバンFZベルト,Ceinture Ruban FZ
8163,リュバンHSベルト,Ceinture Ruban HS
8164,リュバンGSベルト,Ceinture Ruban GS
8165,リュバンGPベルト,Ceinture Ruban GP
8166,オルロジュウエスト,Taille Orloj
8167,オルロジュＦウエスト,Taille Orloj F
8168,オルロジュFZウエスト,Taille Orloj FZ
8169,オルロジュHSウエスト,Taille Orloj HS
8170,オルロジュGSウエスト,Taille Orloj GS
8171,オルロジュGPウエスト,Taille Orloj GP
8172,オルロジュコート,Manteau Orloj
8173,オルロジュＦコート,Manteau Orloj F
8174,オルロジュFZコート,Manteau Orloj FZ
8175,オルロジュHSコート,Manteau Orloj HS
8176,オルロジュGSコート,Manteau Orloj GS
8177,オルロジュGPコート,Manteau Orloj GP
8178,ラモールコイル,Ceinturon L'Amore
8179,ラモールＦコイル,Ceinturon L'Amore F
8180,ラモールFZコイル,Ceinturon L'Amore FZ
8181,ラモールHSコイル,Ceinturon L'Amore HS
8182,ラモールGSコイル,Ceinturon L'Amore GS
8183,ラモールGPコイル,Ceinturon L'Amore GP
8184,ラモールベルト,Ceinture L'Amore
8185,ラモールＦベルト,Ceinture L'Amore F
8186,ラモールFZベルト,Ceinture L'Amore FZ
8187,ラモールHSベルト,Ceinture L'Amore HS
8188,ラモールGSベルト,Ceinture L'Amore GS
8189,ラモールGPベルト,Ceinture L'Amore GP
8190,ドルチェコイル,Ceinturon Dolce
8191,ドルチェＦコイル,Ceinturon Dolce F
8192,ドルチェFZコイル,Ceinturon Dolce FZ
8193,ドルチェHSコイル,Ceinturon Dolce HS
8194,ドルチェGSコイル,Ceinturon Dolce GS
8195,ドルチェGPコイル,Ceinturon Dolce GP
8196,ドルチェコート,Manteau Dolce
8197,ドルチェＦコート,Manteau Dolce F
8198,ドルチェFZコート,Manteau Dolce FZ
8199,ドルチェHSコート,Manteau Dolce HS
8200,ドルチェGSコート,Manteau Dolce GS
8201,ドルチェGPコート,Manteau Dolce GP
8202,ベンディフォールド,Tassettes Bendi
8203,ベンディＦフォールド,Tassettes Bendi F
8204,ベンディFZフォールド,Tassettes Bendi FZ
8205,ベンディHSフォールド,Tassettes Bendi HS
8206,ベンディGSフォールド,Tassettes Bendi GS
8207,ベンディGPフォールド,Tassettes Bendi GP
8208,ベンディコート,Manteau Bendi
8209,ベンディＦコート,Manteau Bendi F
8210,ベンディFZコート,Manteau Bendi FZ
8211,ベンディHSコート,Manteau Bendi HS
8212,ベンディGSコート,Manteau Bendi GS
8213,ベンディGPコート,Manteau Bendi GP
8214,ルヴナンナーベル,
8215,ルヴナンＦナーベル,
8216,ルヴナンFZナーベル,
8217,ルヴナンHSナーベル,
8218,ルヴナンGSナーベル,
8219,ルヴナンGPナーベル,
8220,ルヴナンガイツ,
8221,ルヴナンＦガイツ,
8222,ルヴナンFZガイツ,
8223,ルヴナンHSガイツ,
8224,ルヴナンGSガイツ,
8225,ルヴナンGPガイツ,
8226,ルキスＦベルト,Ceinture Lucis F
8227,ルキスHSベルト,Ceinture Lucis HS
8228,ルキスGSベルト,Ceinture Lucis GS
8229,ルキスGPベルト,Ceinture Lucis GP
8230,ルキスＦポーチ,
8231,ルキスHSポーチ,
8232,ルキスGSポーチ,
8233,ルキスGPポーチ,
8234,リサーザHSコイル,Ceinturon Risaaza HS
8235,リサーザGSコイル,Ceinturon Risaaza GS
8236,リサーザGPコイル,Ceinturon Risaaza GP
8237,リサーザHSコート,Manteau Risaaza HS
8238,リサーザGSコート,Manteau Risaaza GS
8239,リサーザGPコート,Manteau Risaaza GP
8240,ガウシカフォールド,Tassettes Anteka
8241,ガウシカＦフォールド,Tassettes Anteka F
8242,ガウシカFYフォールド,Tassettes Anteka FY
8243,ガウシカHSフォールド,Tassettes Anteka HS
8244,ガウシカＧフォールド,Tassettes Anteka G
8245,ガウシカGFフォールド,Tassettes Anteka GF
8246,ガウシカGXフォールド,Tassettes Anteka GX
8247,クオイズコイル,Ceinturon Quoiz
8248,クオイズＦコイル,Ceinturon Quoiz F
8249,クオイズFYコイル,Ceinturon Quoiz FY
8250,クオイズHSコイル,Ceinturon Quoiz HS
8251,クオイズＧコイル,Ceinturon Quoiz G
8252,クオイズGFコイル,Ceinturon Quoiz GF
8253,クオイズGXコイル,Ceinturon Quoiz GX
8254,クオイズコート,Manteau Quoiz
8255,クオイズＦコート,Manteau Quoiz F
8256,クオイズFYコート,Manteau Quoiz FY
8257,クオイズHSコート,Manteau Quoiz HS
8258,クオイズＧコート,Manteau Quoiz G
8259,クオイズGFコート,Manteau Quoiz GF
8260,クオイズGXコート,Manteau Quoiz GX
8261,カライスコイル,Ceinturon Kalais
8262,カライスＦコイル,Ceinturon Kalais F
8263,カライスFYコイル,Ceinturon Kalais FY
8264,カライスHSコイル,Ceinturon Kalais HS
8265,カライスＧコイル,Ceinturon Kalais G
8266,カライスGFコイル,Ceinturon Kalais GF
8267,カライスGXコイル,Ceinturon Kalais GX
8268,カライスコート,Manteau Kalais
8269,カライスＦコート,Manteau Kalais F
8270,カライスFYコート,Manteau Kalais FY
8271,カライスHSコート,Manteau Kalais HS
8272,カライスＧコート,Manteau Kalais G
8273,カライスGFコート,Manteau Kalais GF
8274,カライスGXコート,Manteau Kalais GX
8275,ヨルティフォールド,Tassettes Yoruti
8276,ヨルティＦフォールド,Tassettes Yoruti F
8277,ヨルティFYフォールド,Tassettes Yoruti FY
8278,ヨルティHSフォールド,Tassettes Yoruti HS
8279,ヨルティＧフォールド,Tassettes Yoruti G
8280,ヨルティGFフォールド,Tassettes Yoruti GF
8281,ヨルティGXフォールド,Tassettes Yoruti GX
8282,ヨルティコート,Manteau Yoruti
8283,ヨルティＦコート,Manteau Yoruti F
8284,ヨルティFYコート,Manteau Yoruti FY
8285,ヨルティHSコート,Manteau Yoruti HS
8286,ヨルティＧコート,Manteau Yoruti G
8287,ヨルティGFコート,Manteau Yoruti GF
8288,ヨルティGXコート,Manteau Yoruti GX
8289,ハラガンフォールド,Tassettes Haragan
8290,ハラガンＦフォールド,Tassettes Haragan F
8291,ハラガンFYフォールド,Tassettes Haragan FY
8292,ハラガンHSフォールド,Tassettes Haragan HS
8293,ハラガンＧフォールド,Tassettes Haragan G
8294,ハラガンGFフォールド,Tassettes Haragan GF
8295,ハラガンGXフォールド,Tassettes Haragan GX
8296,ハラガンコート,Manteau Haragan
8297,ハラガンＦコート,Manteau Haragan F
8298,ハラガンFYコート,Manteau Haragan FY
8299,ハラガンHSコート,Manteau Haragan HS
8300,ハラガンＧコート,Manteau Haragan G
8301,ハラガンGFコート,Manteau Haragan GF
8302,ハラガンGXコート,Manteau Haragan GX
8303,ライオスフォールド,Tassettes Rios
8304,ライオスＦフォールド,Tassettes Rios F
8305,ライオスFYフォールド,Tassettes Rios FY
8306,ライオスHSフォールド,Tassettes Rios HS
8307,ライオスＧフォールド,Tassettes Rios G
8308,ライオスGFフォールド,Tassettes Rios GF
8309,ライオスGXフォールド,Tassettes Rios GX
8310,ライオスコート,Manteau Rios
8311,ライオスＦコート,Manteau Rios F
8312,ライオスFYコート,Manteau Rios FY
8313,ライオスHSコート,Manteau Rios HS
8314,ライオスＧコート,Manteau Rios G
8315,ライオスGFコート,Manteau Rios GF
8316,ライオスGXコート,Manteau Rios GX
8317,崩霧【帯】,
8318,崩霧Ｆ【帯】,
8319,崩霧FY【帯】,
8320,崩霧HS【帯】,
8321,崩霧Ｇ【帯】,
8322,崩霧GF【帯】,
8323,崩霧GX【帯】,
8324,迅霧【帯】,
8325,迅霧Ｆ【帯】,
8326,迅霧FY【帯】,
8327,迅霧HS【帯】,
8328,迅霧Ｇ【帯】,
8329,迅霧GF【帯】,
8330,迅霧GX【帯】,
8331,ロドクルフォールド,Tassettes Rodokuru
8332,ロドクルＦフォールド,Tassettes Rodokuru F
8333,ロドクルFYフォールド,Tassettes Rodokuru FY
8334,ロドクルHSフォールド,Tassettes Rodokuru HS
8335,ロドクルＧフォールド,Tassettes Rodokuru G
8336,ロドクルGFフォールド,Tassettes Rodokuru GF
8337,ロドクルGXフォールド,Tassettes Rodokuru GX
8338,ノワールFYフォールド,
8339,ノワールHSフォールド,
8340,ノワールＧフォールド,
8341,ノワールGFフォールド,
8342,ノワールGXフォールド,
8343,鬼神ノ虎布Ｇ,
8344,鬼神ノ虎布GF,
8345,鬼神ノ虎布GX,
8346,童子ノ虎布Ｇ,
8347,童子ノ虎布GF,
8348,童子ノ虎布GX,
8349,トゥールムコイル,Ceinturon Trume
8350,トゥールムＦコイル,Ceinturon Trume F
8351,トゥールムFZコイル,Ceinturon Trume FZ
8352,トゥールムHSコイル,Ceinturon Trume HS
8353,トゥールムGSコイル,Ceinturon Trume GS
8354,トゥールムGPコイル,Ceinturon Trume GP
8355,トゥールムコート,Manteau Trume
8356,トゥールムＦコート,Manteau Trume F
8357,トゥールムFZコート,Manteau Trume FZ
8358,トゥールムHSコート,Manteau Trume HS
8359,トゥールムGSコート,Manteau Trume GS
8360,トゥールムGPコート,Manteau Trume GP
8361,ゴゴＧフォールド,Tassettes Gogomoa G
8362,ゴゴGFフォールド,Tassettes Gogomoa GF
8363,ゴゴGXフォールド,Tassettes Gogomoa GX
8364,ゴゴＧコート,Manteau Gogomoa G
8365,ゴゴGFコート,Manteau Gogomoa GF
8366,ゴゴGXコート,Manteau Gogomoa GX
8367,ヴァルフォールド,Tassettes Varusa
8368,ヴァルＦフォールド,Tassettes Varusa F
8369,ヴァルFXフォールド,Tassettes Varusa FX
8370,ヴァルＧフォールド,Tassettes Varusa G
8371,ヴァルGFフォールド,Tassettes Varusa GF
8372,ヴァルコート,Manteau Varusa
8373,ヴァルＦコート,Manteau Varusa F
8374,ヴァルFXコート,Manteau Varusa FX
8375,ヴァルＧコート,Manteau Varusa G
8376,ヴァルGFコート,Manteau Varusa GF
8377,フレイムGFコイル,Ceinturon Flamme GF
8378,フレイムGFコート,Manteau Flamme GF
8379,リルスGFフォールド,Tassettes Lils GF
8380,リルスGFコート,Manteau Lils GF
8381,アステリコイル・白,Ceinturon Asteri blanc
8382,アステリＦコイル・白,Ceinturon Asteri F blanc
8383,アステリFZコイル・白,Ceinturon Asteri FZ blanc
8384,アステリHSコイル・白,Ceinturon Asteri HS blanc
8385,アステリGSコイル・白,Ceinturon Asteri GS blanc
8386,アステリGPコイル・白,Ceinturon Asteri GP blanc
8387,アステリコート・白,Manteau Asteri blanc
8388,アステリＦコート・白,Manteau Asteri F blanc
8389,アステリFZコート・白,Manteau Asteri FZ blanc
8390,アステリHSコート・白,Manteau Asteri HS blanc
8391,アステリGSコート・白,Manteau Asteri GS blanc
8392,アステリGPコート・白,Manteau Asteri GP blanc
8393,アステリコイル・青,Ceinturon Asteri bleu
8394,アステリＦコイル・青,Ceinturon Asteri F bleu
8395,アステリFZコイル・青,Ceinturon Asteri FZ bleu
8396,アステリHSコイル・青,Ceinturon Asteri HS bleu
8397,アステリGSコイル・青,Ceinturon Asteri GS bleu
8398,アステリGPコイル・青,Ceinturon Asteri GP bleu
8399,アステリコート・青,Manteau Asteri bleu
8400,アステリＦコート・青,Manteau Asteri F bleu
8401,アステリFZコート・青,Manteau Asteri FZ bleu
8402,アステリHSコート・青,Manteau Asteri HS bleu
8403,アステリGSコート・青,Manteau Asteri GS bleu
8404,アステリGPコート・青,Manteau Asteri GP bleu
8405,アステリコイル・赤,Ceinturon Asteri rouge
8406,アステリＦコイル・赤,Ceinturon Asteri F rouge
8407,アステリFZコイル・赤,Ceinturon Asteri FZ rouge
8408,アステリHSコイル・赤,Ceinturon Asteri HS rouge
8409,アステリGSコイル・赤,Ceinturon Asteri GS rouge
8410,アステリGPコイル・赤,Ceinturon Asteri GP rouge
8411,アステリコート・赤,Manteau Asteri rouge
8412,アステリＦコート・赤,Manteau Asteri F rouge
8413,アステリFZコート・赤,Manteau Asteri FZ rouge
8414,アステリHSコート・赤,Manteau Asteri HS rouge
8415,アステリGSコート・赤,Manteau Asteri GS rouge
8416,アステリGPコート・赤,Manteau Asteri GP rouge
8417,アステリコイル・黒,Ceinturon Asteri noir
8418,アステリＦコイル・黒,Ceinturon Asteri F noir
8419,アステリFZコイル・黒,Ceinturon Asteri FZ noir
8420,アステリHSコイル・黒,Ceinturon Asteri HS noir
8421,アステリGSコイル・黒,Ceinturon Asteri GS noir
8422,アステリGPコイル・黒,Ceinturon Asteri GP noir
8423,アステリコート・黒,Manteau Asteri noir
8424,アステリＦコート・黒,Manteau Asteri F noir
8425,アステリFZコート・黒,Manteau Asteri FZ noir
8426,アステリHSコート・黒,Manteau Asteri HS noir
8427,アステリGSコート・黒,Manteau Asteri GS noir
8428,アステリGPコート・黒,Manteau Asteri GP noir
8429,ルケーゼコイル,Ceinturon Lucchese
8430,ルケーゼＦコイル,Ceinturon Lucchese F
8431,ルケーゼFYコイル,Ceinturon Lucchese FY
8432,ルケーゼHSコイル,Ceinturon Lucchese HS
8433,ルケーゼＧコイル,Ceinturon Lucchese G
8434,ルケーゼGFコイル,Ceinturon Lucchese GF
8435,ルケーゼGXコイル,Ceinturon Lucchese GX
8436,ルケーゼコート,Manteau Lucchese
8437,ルケーゼＦコート,Manteau Lucchese F
8438,ルケーゼFYコート,Manteau Lucchese FY
8439,ルケーゼHSコート,Manteau Lucchese HS
8440,ルケーゼＧコート,Manteau Lucchese G
8441,ルケーゼGFコート,Manteau Lucchese GF
8442,ルケーゼGXコート,Manteau Lucchese GX
8443,オリクトＧフォールド,Tassettes Orykto G
8444,オリクトGFフォールド,Tassettes Orykto GF
8445,オリクトGXフォールド,Tassettes Orykto GX
8446,オリクトＧコート,Manteau Orykto G
8447,オリクトGFコート,Manteau Orykto GF
8448,オリクトGXコート,Manteau Orykto GX
8449,ボニトフォールド,
8450,ボニトＦフォールド,
8451,ボニトFYフォールド,
8452,ボニトHSフォールド,
8453,ボニトＧフォールド,
8454,ボニトGFフォールド,
8455,ボニトGXフォールド,
8456,ボニトコート,
8457,ボニトＦコート,
8458,ボニトFYコート,
8459,ボニトHSコート,
8460,ボニトＧコート,
8461,ボニトGFコート,
8462,ボニトGXコート,
8463,司銀Ｇ【腰当て】,
8464,司銀GF【腰当て】,
8465,司銀GX【腰当て】,
8466,操銀Ｇ【腰当て】,
8467,操銀GF【腰当て】,
8468,操銀GX【腰当て】,
8469,ハルドフォールド,Tassettes Harudo
8470,ハルドＦフォールド,Tassettes Harudo F
8471,ハルドFXフォールド,Tassettes Harudo FX
8472,ハルドＧフォールド,Tassettes Harudo G
8473,ハルドGFフォールド,Tassettes Harudo GF
8474,ハルドコート,Manteau Harudo
8475,ハルドＦコート,Manteau Harudo F
8476,ハルドFXコート,Manteau Harudo FX
8477,ハルドＧコート,Manteau Harudo G
8478,ハルドGFコート,Manteau Harudo GF
8479,グレアフォールド,Tassettes Gureado
8480,グレアＦフォールド,Tassettes Gureado F
8481,グレアFXフォールド,Tassettes Gureado FX
8482,グレアＧフォールド,Tassettes Gureado G
8483,グレアGFフォールド,Tassettes Gureado GF
8484,グレアコート,Manteau Gureado
8485,グレアＦコート,Manteau Gureado F
8486,グレアFXコート,Manteau Gureado FX
8487,グレアＧコート,Manteau Gureado G
8488,グレアGFコート,Manteau Gureado GF
8489,アカムトＧイッケク,
8490,アカムトGFイッケク,
8491,アカムトGXイッケク,
8492,アカムトＧイッケタリ,
8493,アカムトGFイッケタリ,
8494,アカムトGXイッケタリ,
8495,ガノンＧフォールド,Tassettes Plesioth G
8496,ガノンGFフォールド,Tassettes Plesioth GF
8497,ガノンGXフォールド,Tassettes Plesioth GX
8498,ガノンＧコート,Manteau Plesioth G
8499,ガノンGFコート,Manteau Plesioth GF
8500,ガノンGXコート,Manteau Plesioth GX
8501,ヒプックＧフォールド,
8502,ヒプックGFフォールド,
8503,ヒプックGXフォールド,
8504,ヒプックＧコート,
8505,ヒプックGFコート,
8506,ヒプックGXコート,
8507,ブリッツGXフープ,
8508,ブリッツGXショルト,
8509,ストロマGXフォールド,Tassettes Stroma GX
8510,ストロマGXコート,Manteau Stroma GX
8511,ディボアGXフォールド,Tassettes Diboa GX
8512,ディボアGXコート,Manteau Diboa GX
8513,レグヌムコイル・白,Ceinturon Regnum blanc
8514,レグヌムＦコイル・白,Ceinturon Regnum F blanc
8515,レグヌムFZコイル・白,Ceinturon Regnum FZ blanc
8516,レグヌムHSコイル・白,Ceinturon Regnum HS blanc
8517,レグヌムGSコイル・白,Ceinturon Regnum GS blanc
8518,レグヌムGPコイル・白,Ceinturon Regnum GP blanc
8519,レグヌムコート・白,Manteau Regnum blanc
8520,レグヌムＦコート・白,Manteau Regnum F blanc
8521,レグヌムFZコート・白,Manteau Regnum FZ blanc
8522,レグヌムHSコート・白,Manteau Regnum HS blanc
8523,レグヌムGSコート・白,Manteau Regnum GS blanc
8524,レグヌムGPコート・白,Manteau Regnum GP blanc
8525,レグヌムコイル・青,Ceinturon Regnum bleu
8526,レグヌムＦコイル・青,Ceinturon Regnum F bleu
8527,レグヌムFZコイル・青,Ceinturon Regnum FZ bleu
8528,レグヌムHSコイル・青,Ceinturon Regnum HS bleu
8529,レグヌムGSコイル・青,Ceinturon Regnum GS bleu
8530,レグヌムGPコイル・青,Ceinturon Regnum GP bleu
8531,レグヌムコート・青,Manteau Regnum bleu
8532,レグヌムＦコート・青,Manteau Regnum F bleu
8533,レグヌムFZコート・青,Manteau Regnum FZ bleu
8534,レグヌムHSコート・青,Manteau Regnum HS bleu
8535,レグヌムGSコート・青,Manteau Regnum GS bleu
8536,レグヌムGPコート・青,Manteau Regnum GP bleu
8537,レグヌムコイル・赤,Ceinturon Regnum rouge
8538,レグヌムＦコイル・赤,Ceinturon Regnum F rouge
8539,レグヌムFZコイル・赤,Ceinturon Regnum FZ rouge
8540,レグヌムHSコイル・赤,Ceinturon Regnum HS rouge
8541,レグヌムGSコイル・赤,Ceinturon Regnum GS rouge
8542,レグヌムGPコイル・赤,Ceinturon Regnum GP rouge
8543,レグヌムコート・赤,Manteau Regnum rouge
8544,レグヌムＦコート・赤,Manteau Regnum F rouge
8545,レグヌムFZコート・赤,Manteau Regnum FZ rouge
8546,レグヌムHSコート・赤,Manteau Regnum HS rouge
8547,レグヌムGSコート・赤,Manteau Regnum GS rouge
8548,レグヌムGPコート・赤,Manteau Regnum GP rouge
8549,レグヌムコイル・茶,Ceinturon Regnum brun
8550,レグヌムＦコイル・茶,Ceinturon Regnum F brun
8551,レグヌムFZコイル・茶,Ceinturon Regnum FZ brun
8552,レグヌムHSコイル・茶,Ceinturon Regnum HS brun
8553,レグヌムGSコイル・茶,Ceinturon Regnum GS brun
8554,レグヌムGPコイル・茶,Ceinturon Regnum GP brun
8555,レグヌムコート・茶,Manteau Regnum brun
8556,レグヌムＦコート・茶,Manteau Regnum F brun
8557,レグヌムFZコート・茶,Manteau Regnum FZ brun
8558,レグヌムHSコート・茶,Manteau Regnum HS brun
8559,レグヌムGSコート・茶,Manteau Regnum GS brun
8560,レグヌムGPコート・茶,Manteau Regnum GP brun
8561,マリンコイル・青,Ceinturon Marin bleu
8562,マリンＦコイル・青,Ceinturon Marin F bleu
8563,マリンFZコイル・青,Ceinturon Marin FZ bleu
8564,マリンHSコイル・青,Ceinturon Marin HS bleu
8565,マリンGSコイル・青,Ceinturon Marin GS bleu
8566,マリンGPコイル・青,Ceinturon Marin GP bleu
8567,マリンコート・青,Manteau Marin bleu
8568,マリンＦコート・青,Manteau Marin F bleu
8569,マリンFZコート・青,Manteau Marin FZ bleu
8570,マリンHSコート・青,Manteau Marin HS bleu
8571,マリンGSコート・青,Manteau Marin GS bleu
8572,マリンGPコート・青,Manteau Marin GP bleu
8573,マリンコイル・桃,Ceinturon Marin rose
8574,マリンＦコイル・桃,Ceinturon Marin F rose
8575,マリンFZコイル・桃,Ceinturon Marin FZ rose
8576,マリンHSコイル・桃,Ceinturon Marin HS rose
8577,マリンGSコイル・桃,Ceinturon Marin GS rose
8578,マリンGPコイル・桃,Ceinturon Marin GP rose
8579,マリンコート・桃,Manteau Marin rose
8580,マリンＦコート・桃,Manteau Marin F rose
8581,マリンFZコート・桃,Manteau Marin FZ rose
8582,マリンHSコート・桃,Manteau Marin HS rose
8583,マリンGSコート・桃,Manteau Marin GS rose
8584,マリンGPコート・桃,Manteau Marin GP rose
8585,マリンコイル・白,Ceinturon Marin blanc
8586,マリンＦコイル・白,Ceinturon Marin F blanc
8587,マリンFZコイル・白,Ceinturon Marin FZ blanc
8588,マリンHSコイル・白,Ceinturon Marin HS blanc
8589,マリンGSコイル・白,Ceinturon Marin GS blanc
8590,マリンGPコイル・白,Ceinturon Marin GP blanc
8591,マリンコート・白,Manteau Marin blanc
8592,マリンＦコート・白,Manteau Marin F blanc
8593,マリンFZコート・白,Manteau Marin FZ blanc
8594,マリンHSコート・白,Manteau Marin HS blanc
8595,マリンGSコート・白,Manteau Marin GS blanc
8596,マリンGPコート・白,Manteau Marin GP blanc
8597,マリンコイル・黒,Ceinturon Marin noir
8598,マリンＦコイル・黒,Ceinturon Marin F noir
8599,マリンFZコイル・黒,Ceinturon Marin FZ noir
8600,マリンHSコイル・黒,Ceinturon Marin HS noir
8601,マリンGSコイル・黒,Ceinturon Marin GS noir
8602,マリンGPコイル・黒,Ceinturon Marin GP noir
8603,マリンコート・黒,Manteau Marin noir
8604,マリンＦコート・黒,Manteau Marin F noir
8605,マリンFZコート・黒,Manteau Marin FZ noir
8606,マリンHSコート・黒,Manteau Marin HS noir
8607,マリンGSコート・黒,Manteau Marin GS noir
8608,マリンGPコート・黒,Manteau Marin GP noir
8609,ルフレコイル・青,Ceinturon Rufre bleu
8610,ルフレＦコイル・青,Ceinturon Rufre F bleu
8611,ルフレFZコイル・青,Ceinturon Rufre FZ bleu
8612,ルフレHSコイル・青,Ceinturon Rufre HS bleu
8613,ルフレGSコイル・青,Ceinturon Rufre GS bleu
8614,ルフレGPコイル・青,Ceinturon Rufre GP bleu
8615,ルフレコート・青,Manteau Rufre bleu
8616,ルフレＦコート・青,Manteau Rufre F bleu
8617,ルフレFZコート・青,Manteau Rufre FZ bleu
8618,ルフレHSコート・青,Manteau Rufre HS bleu
8619,ルフレGSコート・青,Manteau Rufre GS bleu
8620,ルフレGPコート・青,Manteau Rufre GP bleu
8621,ルフレコイル・白,Ceinturon Rufre blanc
8622,ルフレＦコイル・白,Ceinturon Rufre F blanc
8623,ルフレFZコイル・白,Ceinturon Rufre FZ blanc
8624,ルフレHSコイル・白,Ceinturon Rufre HS blanc
8625,ルフレGSコイル・白,Ceinturon Rufre GS blanc
8626,ルフレGPコイル・白,Ceinturon Rufre GP blanc
8627,ルフレコート・白,Manteau Rufre blanc
8628,ルフレＦコート・白,Manteau Rufre F blanc
8629,ルフレFZコート・白,Manteau Rufre FZ blanc
8630,ルフレHSコート・白,Manteau Rufre HS blanc
8631,ルフレGSコート・白,Manteau Rufre GS blanc
8632,ルフレGPコート・白,Manteau Rufre GP blanc
8633,ルフレコイル・赤,Ceinturon Rufre rouge
8634,ルフレＦコイル・赤,Ceinturon Rufre F rouge
8635,ルフレFZコイル・赤,Ceinturon Rufre FZ rouge
8636,ルフレHSコイル・赤,Ceinturon Rufre HS rouge
8637,ルフレGSコイル・赤,Ceinturon Rufre GS rouge
8638,ルフレGPコイル・赤,Ceinturon Rufre GP rouge
8639,ルフレコート・赤,Manteau Rufre rouge
8640,ルフレＦコート・赤,Manteau Rufre F rouge
8641,ルフレFZコート・赤,Manteau Rufre FZ rouge
8642,ルフレHSコート・赤,Manteau Rufre HS rouge
8643,ルフレGSコート・赤,Manteau Rufre GS rouge
8644,ルフレGPコート・赤,Manteau Rufre GP rouge
8645,ルフレコイル・黒,Ceinturon Rufre noir
8646,ルフレＦコイル・黒,Ceinturon Rufre F noir
8647,ルフレFZコイル・黒,Ceinturon Rufre FZ noir
8648,ルフレHSコイル・黒,Ceinturon Rufre HS noir
8649,ルフレGSコイル・黒,Ceinturon Rufre GS noir
8650,ルフレGPコイル・黒,Ceinturon Rufre GP noir
8651,ルフレコート・黒,Manteau Rufre noir
8652,ルフレＦコート・黒,Manteau Rufre F noir
8653,ルフレFZコート・黒,Manteau Rufre FZ noir
8654,ルフレHSコート・黒,Manteau Rufre HS noir
8655,ルフレGSコート・黒,Manteau Rufre GS noir
8656,ルフレGPコート・黒,Manteau Rufre GP noir
8657,CEケブラー腰：剣青,Taille CE Lame bleue
8658,CEケブラーＦ腰：剣青,Taille CE Lame bleue
8659,CEケブラーFZ腰：剣青,Taille CE Lame bleue
8660,CEケブラーHS腰：剣青,Taille CE Lame bleue
8661,CEケブラーGS腰：剣青,Taille CE Lame bleue
8662,CEケブラーGP腰：剣青,Taille CE Lame bleue
8663,CEケブラー腰：弓青,Taille CE Arc bleue
8664,CEケブラーＦ腰：弓青,Taille CE Arc bleue
8665,CEケブラーFZ腰：弓青,Taille CE Arc bleue
8666,CEケブラーHS腰：弓青,Taille CE Arc bleue
8667,CEケブラーGS腰：弓青,Taille CE Arc bleue
8668,CEケブラーGP腰：弓青,Taille CE Arc bleue
8669,CEケブラー腰：剣赤,Taille CE Lame rouge
8670,CEケブラーＦ腰：剣赤,Taille CE Lame rouge
8671,CEケブラーFZ腰：剣赤,Taille CE Lame rouge
8672,CEケブラーHS腰：剣赤,Taille CE Lame rouge
8673,CEケブラーGS腰：剣赤,Taille CE Lame rouge
8674,CEケブラーGP腰：剣赤,Taille CE Lame rouge
8675,CEケブラー腰：弓赤,Taille CE Arc rouge
8676,CEケブラーＦ腰：弓赤,Taille CE Arc rouge
8677,CEケブラーFZ腰：弓赤,Taille CE Arc rouge
8678,CEケブラーHS腰：弓赤,Taille CE Arc rouge
8679,CEケブラーGS腰：弓赤,Taille CE Arc rouge
8680,CEケブラーGP腰：弓赤,Taille CE Arc rouge
8681,CEケブラー腰：剣白,Taille CE Lame blanche
8682,CEケブラーＦ腰：剣白,Taille CE Lame blanche
8683,CEケブラーFZ腰：剣白,Taille CE Lame blanche
8684,CEケブラーHS腰：剣白,Taille CE Lame blanche
8685,CEケブラーGS腰：剣白,Taille CE Lame blanche
8686,CEケブラーGP腰：剣白,Taille CE Lame blanche
8687,CEケブラー腰：弓白,Taille CE Arc blanche
8688,CEケブラーＦ腰：弓白,Taille CE Arc blanche
8689,CEケブラーFZ腰：弓白,Taille CE Arc blanche
8690,CEケブラーHS腰：弓白,Taille CE Arc blanche
8691,CEケブラーGS腰：弓白,Taille CE Arc blanche
8692,CEケブラーGP腰：弓白,Taille CE Arc blanche
8693,CEケブラー腰：剣黒,Taille CE Lame noire
8694,CEケブラーＦ腰：剣黒,Taille CE Lame noire
8695,CEケブラーFZ腰：剣黒,Taille CE Lame noire
8696,CEケブラーHS腰：剣黒,Taille CE Lame noire
8697,CEケブラーGS腰：剣黒,Taille CE Lame noire
8698,CEケブラーGP腰：剣黒,Taille CE Lame noire
8699,CEケブラー腰：弓黒,Taille CE Arc noire
8700,CEケブラーＦ腰：弓黒,Taille CE Arc noire
8701,CEケブラーFZ腰：弓黒,Taille CE Arc noire
8702,CEケブラーHS腰：弓黒,Taille CE Arc noire
8703,CEケブラーGS腰：弓黒,Taille CE Arc noire
8704,CEケブラーGP腰：弓黒,Taille CE Arc noire
8705,ABレイヤー腰：剣赤,
8706,ABレイヤーＦ腰：剣赤,
8707,ABレイヤーFZ腰：剣赤,
8708,ABレイヤーHS腰：剣赤,
8709,ABレイヤーGS腰：剣赤,
8710,ABレイヤーGP腰：剣赤,
8711,ABレイヤー腰：弓赤,
8712,ABレイヤーＦ腰：弓赤,
8713,ABレイヤーFZ腰：弓赤,
8714,ABレイヤーHS腰：弓赤,
8715,ABレイヤーGS腰：弓赤,
8716,ABレイヤーGP腰：弓赤,
8717,ABレイヤー腰：剣青,
8718,ABレイヤーＦ腰：剣青,
8719,ABレイヤーFZ腰：剣青,
8720,ABレイヤーHS腰：剣青,
8721,ABレイヤーGS腰：剣青,
8722,ABレイヤーGP腰：剣青,
8723,ABレイヤー腰：弓青,
8724,ABレイヤーＦ腰：弓青,
8725,ABレイヤーFZ腰：弓青,
8726,ABレイヤーHS腰：弓青,
8727,ABレイヤーGS腰：弓青,
8728,ABレイヤーGP腰：弓青,
8729,ABレイヤー腰：剣黒,
8730,ABレイヤーＦ腰：剣黒,
8731,ABレイヤーFZ腰：剣黒,
8732,ABレイヤーHS腰：剣黒,
8733,ABレイヤーGS腰：剣黒,
8734,ABレイヤーGP腰：剣黒,
8735,ABレイヤー腰：弓黒,
8736,ABレイヤーＦ腰：弓黒,
8737,ABレイヤーFZ腰：弓黒,
8738,ABレイヤーHS腰：弓黒,
8739,ABレイヤーGS腰：弓黒,
8740,ABレイヤーGP腰：弓黒,
8741,ABレイヤー腰：剣白,
8742,ABレイヤーＦ腰：剣白,
8743,ABレイヤーFZ腰：剣白,
8744,ABレイヤーHS腰：剣白,
8745,ABレイヤーGS腰：剣白,
8746,ABレイヤーGP腰：剣白,
8747,ABレイヤー腰：弓白,
8748,ABレイヤーＦ腰：弓白,
8749,ABレイヤーFZ腰：弓白,
8750,ABレイヤーHS腰：弓白,
8751,ABレイヤーGS腰：弓白,
8752,ABレイヤーGP腰：弓白,
8753,ブロンテコイル,Ceinturon Bronte
8754,ブロンテＦコイル,Ceinturon Bronte F
8755,ブロンテFZコイル,Ceinturon Bronte FZ
8756,ブロンテHSコイル,Ceinturon Bronte HS
8757,ブロンテGSコイル,Ceinturon Bronte GS
8758,ブロンテGPコイル,Ceinturon Bronte GP
8759,ブロンテコート,Manteau Bronte
8760,ブロンテＦコート,Manteau Bronte F
8761,ブロンテFZコート,Manteau Bronte FZ
8762,ブロンテHSコート,Manteau Bronte HS
8763,ブロンテGSコート,Manteau Bronte GS
8764,ブロンテGPコート,Manteau Bronte GP
8765,ソレーネコイル,Ceinturon Solene
8766,ソレーネＦコイル,Ceinturon Solene F
8767,ソレーネFZコイル,Ceinturon Solene FZ
8768,ソレーネHSコイル,Ceinturon Solene HS
8769,ソレーネGSコイル,Ceinturon Solene GS
8770,ソレーネGPコイル,Ceinturon Solene GP
8771,ソレーネコート,Manteau Solene
8772,ソレーネＦコート,Manteau Solene F
8773,ソレーネFZコート,Manteau Solene FZ
8774,ソレーネHSコート,Manteau Solene HS
8775,ソレーネGSコート,Manteau Solene GS
8776,ソレーネGPコート,Manteau Solene GP
8777,ラピヌベルト,Ceinture Lapine
8778,ラピヌＦベルト,Ceinture Lapine F
8779,ラピヌFZベルト,Ceinture Lapine FZ
8780,ラピヌHSベルト,Ceinture Lapine HS
8781,ラピヌGSベルト,Ceinture Lapine GS
8782,ラピヌGPベルト,Ceinture Lapine GP
8783,ラピヌコート,Manteau Lapine
8784,ラピヌＦコート,Manteau Lapine F
8785,ラピヌFZコート,Manteau Lapine FZ
8786,ラピヌHSコート,Manteau Lapine HS
8787,ラピヌGSコート,Manteau Lapine GS
8788,ラピヌGPコート,Manteau Lapine GP
8789,マゴスGPコイル・黄,Ceinturon Magos GP jaune
8790,マゴスGPコート・黄,Manteau Magos GP jaune
8791,マゴスGPコイル・赤,Ceinturon Magos GP rouge
8792,マゴスGPコート・赤,Manteau Magos GP rouge
8793,マゴスGPコイル・水,
8794,マゴスGPコート・水,
8795,マゴスGPコイル・青,Ceinturon Magos GP bleu
8796,マゴスGPコート・青,Manteau Magos GP bleu
8797,ユクモノオビ・天,
8798,ユクモノオビＧ・天,
8799,ユクモノオビGF・天,
8800,ユクモノオビGX・天,
8801,フロガダＧコイル,Ceinturon Furogada G
8802,フロガダGFコイル,Ceinturon Furogada GF
8803,フロガダGXコイル,Ceinturon Furogada GX
8804,ユクモノオビ・地,
8805,ユクモノオビＧ・地,
8806,ユクモノオビGF・地,
8807,ユクモノオビGX・地,
8808,フロガダＧコート,Manteau Furogada G
8809,フロガダGFコート,Manteau Furogada GF
8810,フロガダGXコート,Manteau Furogada GX
8811,ダミー,
8812,ダミー,
8813,ダミー,
8814,ダミー,
8815,ランセＧフォールド,Tassettes Rance G
8816,ランセGFフォールド,Tassettes Rance GF
8817,ランセGXフォールド,Tassettes Rance GX
8818,ダミー,
8819,ダミー,
8820,ダミー,
8821,ダミー,
8822,ランセＧコート,Manteau Rance G
8823,ランセGFコート,Manteau Rance GF
8824,ランセGXコート,Manteau Rance GX
8825,メイリダフォールド,Tassettes Meirida
8826,メイリダＦフォールド,Tassettes Meirida F
8827,メイリダFYフォールド,Tassettes Meirida FY
8828,メイリダHSフォールド,Tassettes Meirida HS
8829,メイリダＧフォールド,Tassettes Meirida G
8830,メイリダGFフォールド,Tassettes Meirida GF
8831,メイリダGXフォールド,Tassettes Meirida GX
8832,メイリダコート,Manteau Meirida
8833,メイリダＦコート,Manteau Meirida F
8834,メイリダFYコート,Manteau Meirida FY
8835,メイリダHSコート,Manteau Meirida HS
8836,メイリダＧコート,Manteau Meirida G
8837,メイリダGFコート,Manteau Meirida GF
8838,メイリダGXコート,Manteau Meirida GX
8839,マアデンフォールド,Tassettes Maaden
8840,マアデンＦフォールド,Tassettes Maaden F
8841,マアデンFYフォールド,Tassettes Maaden FY
8842,マアデンHSフォールド,Tassettes Maaden HS
8843,マアデンＧフォールド,Tassettes Maaden G
8844,マアデンGFフォールド,Tassettes Maaden GF
8845,マアデンGXフォールド,Tassettes Maaden GX
8846,マアデンコート,Manteau Maaden
8847,マアデンＦコート,Manteau Maaden F
8848,マアデンFYコート,Manteau Maaden FY
8849,マアデンHSコート,Manteau Maaden HS
8850,マアデンＧコート,Manteau Maaden G
8851,マアデンGFコート,Manteau Maaden GF
8852,マアデンGXコート,Manteau Maaden GX
8853,紅昇【帯】,
8854,紅昇Ｆ【帯】,
8855,紅昇FY【帯】,
8856,紅昇HS【帯】,
8857,紅昇Ｇ【帯】,
8858,紅昇GF【帯】,
8859,紅昇GX【帯】,
8860,紅楼【帯】,
8861,紅楼Ｆ【帯】,
8862,紅楼FY【帯】,
8863,紅楼HS【帯】,
8864,紅楼Ｇ【帯】,
8865,紅楼GF【帯】,
8866,紅楼GX【帯】,
8867,アブヤドフォールド,Tassettes Abuyado
8868,アブヤドＦフォールド,Tassettes Abuyado F
8869,アブヤドFYフォールド,Tassettes Abuyado FY
8870,アブヤドHSフォールド,Tassettes Abuyado HS
8871,アブヤドＧフォールド,Tassettes Abuyado G
8872,アブヤドGFフォールド,Tassettes Abuyado GF
8873,アブヤドGXフォールド,Tassettes Abuyado GX
8874,アブヤドコート,Manteau Abuyado
8875,アブヤドＦコート,Manteau Abuyado F
8876,アブヤドFYコート,Manteau Abuyado FY
8877,アブヤドHSコート,Manteau Abuyado HS
8878,アブヤドＧコート,Manteau Abuyado G
8879,アブヤドGFコート,Manteau Abuyado GF
8880,アブヤドGXコート,Manteau Abuyado GX
8881,ゴルックフォールド,Tassettes Gorukku
8882,ゴルックＦフォールド,Tassettes Gorukku F
8883,ゴルックFYフォールド,Tassettes Gorukku FY
8884,ゴルックHSフォールド,Tassettes Gorukku HS
8885,ゴルックＧフォールド,Tassettes Gorukku G
8886,ゴルックGFフォールド,Tassettes Gorukku GF
8887,ゴルックGXフォールド,Tassettes Gorukku GX
8888,ゴルックコート,Manteau Gorukku
8889,ゴルックＦコート,Manteau Gorukku F
8890,ゴルックFYコート,Manteau Gorukku FY
8891,ゴルックHSコート,Manteau Gorukku HS
8892,ゴルックＧコート,Manteau Gorukku G
8893,ゴルックGFコート,Manteau Gorukku GF
8894,ゴルックGXコート,Manteau Gorukku GX
8895,しましまウエスト,Taille Shimashima
8896,しましまＦウエスト,Taille Shimashima F
8897,しましまFYウエスト,Taille Shimashima FY
8898,しましまHSウエスト,Taille Shimashima HS
8899,しましまＧウエスト,Taille Shimashima G
8900,しましまGFウエスト,Taille Shimashima GF
8901,しましまGXウエスト,Taille Shimashima GX
8902,しましまコート,Manteau Shimashima
8903,しましまＦコート,Manteau Shimashima F
8904,しましまFYコート,Manteau Shimashima FY
8905,しましまHSコート,Manteau Shimashima HS
8906,しましまＧコート,Manteau Shimashima G
8907,しましまGFコート,Manteau Shimashima GF
8908,しましまGXコート,Manteau Shimashima GX
8909,リオデュオFYコイル,Ceinturon Rath FY
8910,リオデュオHSコイル,Ceinturon Rath HS
8911,リオデュオＧコイル,Ceinturon Rath G
8912,リオデュオGFコイル,Ceinturon Rath GF
8913,リオデュオGXコイル,Ceinturon Rath GX
8914,リオデュオFYコート,Manteau Rath FY
8915,リオデュオHSコート,Manteau Rath HS
8916,リオデュオＧコート,Manteau Rath G
8917,リオデュオGFコート,Manteau Rath GF
8918,リオデュオGXコート,Manteau Rath GX
8919,タンドレスHSコイル,Ceinturon Tandress HS
8920,タンドレスＧコイル,Ceinturon Tandress G
8921,タンドレスGFコイル,Ceinturon Tandress GF
8922,タンドレスGXコイル,Ceinturon Tandress GX
8923,タンドレスHSコート,Manteau Tandress HS
8924,タンドレスＧコート,Manteau Tandress G
8925,タンドレスGFコート,Manteau Tandress GF
8926,タンドレスGXコート,Manteau Tandress GX
8927,ランヴォコイル,Ceinturon Ranvuo
8928,ランヴォＦコイル,Ceinturon Ranvuo F
8929,ランヴォFYコイル,Ceinturon Ranvuo FY
8930,ランヴォHSコイル,Ceinturon Ranvuo HS
8931,ランヴォＧコイル,Ceinturon Ranvuo G
8932,ランヴォGFコイル,Ceinturon Ranvuo GF
8933,ランヴォGXコイル,Ceinturon Ranvuo GX
8934,ランヴォコート,Manteau Ranvuo
8935,ランヴォＦコート,Manteau Ranvuo F
8936,ランヴォFYコート,Manteau Ranvuo FY
8937,ランヴォHSコート,Manteau Ranvuo HS
8938,ランヴォＧコート,Manteau Ranvuo G
8939,ランヴォGFコート,Manteau Ranvuo GF
8940,ランヴォGXコート,Manteau Ranvuo GX
8941,ニュイコイル,Ceinturon Nyui
8942,ニュイＦコイル,Ceinturon Nyui F
8943,ニュイFYコイル,Ceinturon Nyui FY
8944,ニュイHSコイル,Ceinturon Nyui HS
8945,ニュイＧコイル,Ceinturon Nyui G
8946,ニュイGFコイル,Ceinturon Nyui GF
8947,ニュイGXコイル,Ceinturon Nyui GX
8948,ニュイコート,Manteau Nyui
8949,ニュイＦコート,Manteau Nyui F
8950,ニュイFYコート,Manteau Nyui FY
8951,ニュイHSコート,Manteau Nyui HS
8952,ニュイＧコート,Manteau Nyui G
8953,ニュイGFコート,Manteau Nyui GF
8954,ニュイGXコート,Manteau Nyui GX
8955,ダミー,
8956,ダミー,
8957,ダミー,
8958,ダミー,
8959,ニンファＧコイル,Ceinturon Nympha G
8960,ニンファGFコイル,Ceinturon Nympha GF
8961,ニンファGXコイル,Ceinturon Nympha GX
8962,ダミー,
8963,ダミー,
8964,ダミー,
8965,ダミー,
8966,ニンファＧコート,Manteau Nympha G
8967,ニンファGFコート,Manteau Nympha GF
8968,ニンファGXコート,Manteau Nympha GX
8969,ハルドGXフォールド,Tassettes Harudo GX
8970,ハルドGXコート,Manteau Harudo GX
8971,グレアGXフォールド,Tassettes Gureado GX
8972,グレアGXコート,Manteau Gureado GX
8973,ピクスGPコイル・緑,Ceinturon Pyx GP vert
8974,ピクスGPコート・緑,Manteau Pyx GP vert
8975,ピクスGPコイル・紫,Ceinturon Pyx GP violet
8976,ピクスGPコート・紫,Manteau Pyx GP violet
8977,ピクスGPコイル・黒,Ceinturon Pyx GP noir
8978,ピクスGPコート・黒,Manteau Pyx GP noir
8979,ピクスGPコイル・水,
8980,ピクスGPコート・水,
8981,ダミー,
8982,ダミー,
8983,スマートHSウエスト,
8984,スマートGSウエスト,
8985,ガスラフォールド,Tassettes Gasura
8986,ガスラＦフォールド,Tassettes Gasura F
8987,ガスラFXフォールド,Tassettes Gasura FX
8988,ガスラＧフォールド,Tassettes Gasura G
8989,ガスラGFフォールド,Tassettes Gasura GF
8990,ガスラGXフォールド,Tassettes Gasura GX
8991,ガスラコート,Manteau Gasura
8992,ガスラＦコート,Manteau Gasura F
8993,ガスラFXコート,Manteau Gasura FX
8994,ガスラＧコート,Manteau Gasura G
8995,ガスラGFコート,Manteau Gasura GF
8996,ガスラGXコート,Manteau Gasura GX
8997,怒貌Ｇ【腰当て】,
8998,怒貌GF【腰当て】,
8999,怒貌GX【腰当て】,
9000,怒面Ｇ【腰当て】,
9001,怒面GF【腰当て】,
9002,怒面GX【腰当て】,
9003,アビＧフォールド,Tassettes Abi G
9004,アビGFフォールド,Tassettes Abi GF
9005,アビGXフォールド,Tassettes Abi GX
9006,アビＧコート,Manteau Abi G
9007,アビGFコート,Manteau Abi GF
9008,アビGXコート,Manteau Abi GX
9009,ジンオウフォールド,Tassettes Zinogre
9010,ジンオウＧフォールド,Tassettes Zinogre G
9011,ジンオウGFフォールド,Tassettes Zinogre GF
9012,ジンオウGXフォールド,Tassettes Zinogre GX
9013,ジンオウコート,Manteau Zinogre
9014,ジンオウＧコート,Manteau Zinogre G
9015,ジンオウGFコート,Manteau Zinogre GF
9016,ジンオウGXコート,Manteau Zinogre GX
9017,ガニアコイル・赤,Ceinturon Gania rouge
9018,ガニアＦコイル・赤,Ceinturon Gania F rouge
9019,ガニアFZコイル・赤,Ceinturon Gania FZ rouge
9020,ガニアHSコイル・赤,Ceinturon Gania HS rouge
9021,ガニアGSコイル・赤,Ceinturon Gania GS rouge
9022,ガニアGPコイル・赤,Ceinturon Gania GP rouge
9023,ガニアコート・赤,Manteau Gania rouge
9024,ガニアＦコート・赤,Manteau Gania F rouge
9025,ガニアFZコート・赤,Manteau Gania FZ rouge
9026,ガニアHSコート・赤,Manteau Gania HS rouge
9027,ガニアGSコート・赤,Manteau Gania GS rouge
9028,ガニアGPコート・赤,Manteau Gania GP rouge
9029,ガニアコイル・青,Ceinturon Gania bleu
9030,ガニアＦコイル・青,Ceinturon Gania F bleu
9031,ガニアFZコイル・青,Ceinturon Gania FZ bleu
9032,ガニアHSコイル・青,Ceinturon Gania HS bleu
9033,ガニアGSコイル・青,Ceinturon Gania GS bleu
9034,ガニアGPコイル・青,Ceinturon Gania GP bleu
9035,ガニアコート・青,Manteau Gania bleu
9036,ガニアＦコート・青,Manteau Gania F bleu
9037,ガニアFZコート・青,Manteau Gania FZ bleu
9038,ガニアHSコート・青,Manteau Gania HS bleu
9039,ガニアGSコート・青,Manteau Gania GS bleu
9040,ガニアGPコート・青,Manteau Gania GP bleu
9041,ガニアコイル・茶,Ceinturon Gania brun
9042,ガニアＦコイル・茶,Ceinturon Gania F brun
9043,ガニアFZコイル・茶,Ceinturon Gania FZ brun
9044,ガニアHSコイル・茶,Ceinturon Gania HS brun
9045,ガニアGSコイル・茶,Ceinturon Gania GS brun
9046,ガニアGPコイル・茶,Ceinturon Gania GP brun
9047,ガニアコート・茶,Manteau Gania brun
9048,ガニアＦコート・茶,Manteau Gania F brun
9049,ガニアFZコート・茶,Manteau Gania FZ brun
9050,ガニアHSコート・茶,Manteau Gania HS brun
9051,ガニアGSコート・茶,Manteau Gania GS brun
9052,ガニアGPコート・茶,Manteau Gania GP brun
9053,ガニアコイル・紫,Ceinturon Gania violet
9054,ガニアＦコイル・紫,Ceinturon Gania F violet
9055,ガニアFZコイル・紫,Ceinturon Gania FZ violet
9056,ガニアHSコイル・紫,Ceinturon Gania HS violet
9057,ガニアGSコイル・紫,Ceinturon Gania GS violet
9058,ガニアGPコイル・紫,Ceinturon Gania GP violet
9059,ガニアコート・紫,Manteau Gania violet
9060,ガニアＦコート・紫,Manteau Gania F violet
9061,ガニアFZコート・紫,Manteau Gania FZ violet
9062,ガニアHSコート・紫,Manteau Gania HS violet
9063,ガニアGSコート・紫,Manteau Gania GS violet
9064,ガニアGPコート・紫,Manteau Gania GP violet
9065,ディナトフォールド,Tassettes Dinato
9066,ディナトＦフォールド,Tassettes Dinato F
9067,ディナトFZフォールド,Tassettes Dinato FZ
9068,ディナトHSフォールド,Tassettes Dinato HS
9069,ディナトGSフォールド,Tassettes Dinato GS
9070,ディナトGPフォールド,Tassettes Dinato GP
9071,ディナトコート,Manteau Dinato
9072,ディナトＦコート,Manteau Dinato F
9073,ディナトFZコート,Manteau Dinato FZ
9074,ディナトHSコート,Manteau Dinato HS
9075,ディナトGSコート,Manteau Dinato GS
9076,ディナトGPコート,Manteau Dinato GP
9077,ドゥケフォールド,Tassettes Duque
9078,ドゥケＦフォールド,Tassettes Duque F
9079,ドゥケFZフォールド,Tassettes Duque FZ
9080,ドゥケHSフォールド,Tassettes Duque HS
9081,ドゥケGSフォールド,Tassettes Duque GS
9082,ドゥケGPフォールド,Tassettes Duque GP
9083,ドゥケコート,Manteau Duque
9084,ドゥケＦコート,Manteau Duque F
9085,ドゥケFZコート,Manteau Duque FZ
9086,ドゥケHSコート,Manteau Duque HS
9087,ドゥケGSコート,Manteau Duque GS
9088,ドゥケGPコート,Manteau Duque GP
9089,グラヌフォールド,Tassettes Granu
9090,グラヌＦフォールド,Tassettes Granu F
9091,グラヌFZフォールド,Tassettes Granu FZ
9092,グラヌHSフォールド,Tassettes Granu HS
9093,グラヌGSフォールド,Tassettes Granu GS
9094,グラヌGPフォールド,Tassettes Granu GP
9095,グラヌコート,Manteau Granu
9096,グラヌＦコート,Manteau Granu F
9097,グラヌFZコート,Manteau Granu FZ
9098,グラヌHSコート,Manteau Granu HS
9099,グラヌGSコート,Manteau Granu GS
9100,グラヌGPコート,Manteau Granu GP
9101,プラグウエスト：01,
9102,プラグＦウエスト：01,
9103,プラグFZウエスト：01,
9104,プラグHSウエスト：01,
9105,プラグGSウエスト：01,
9106,プラグGPウエスト：01,
9107,プラグコート：01,
9108,プラグＦコート：01,
9109,プラグFZコート：01,
9110,プラグHSコート：01,
9111,プラグGSコート：01,
9112,プラグGPコート：01,
9113,プラグウエスト：00,
9114,プラグＦウエスト：00,
9115,プラグFZウエスト：00,
9116,プラグHSウエスト：00,
9117,プラグGSウエスト：00,
9118,プラグGPウエスト：00,
9119,プラグコート：00,
9120,プラグＦコート：00,
9121,プラグFZコート：00,
9122,プラグHSコート：00,
9123,プラグGSコート：00,
9124,プラグGPコート：00,
9125,初号機ウエスト,Taille Unit-
9126,初号機Ｆウエスト,Taille Unit- F
9127,初号機FZウエスト,Taille Unit- FZ
9128,初号機HSウエスト,Taille Unit- HS
9129,初号機GSウエスト,Taille Unit- GS
9130,初号機GPウエスト,Taille Unit- GP
9131,初号機コート,Manteau Unit-
9132,初号機Ｆコート,Manteau Unit- F
9133,初号機FZコート,Manteau Unit- FZ
9134,初号機HSコート,Manteau Unit- HS
9135,初号機GSコート,Manteau Unit- GS
9136,初号機GPコート,Manteau Unit- GP
9137,零号機ウエスト,Taille Unit-
9138,零号機Ｆウエスト,Taille Unit- F
9139,零号機FZウエスト,Taille Unit- FZ
9140,零号機HSウエスト,Taille Unit- HS
9141,零号機GSウエスト,Taille Unit- GS
9142,零号機GPウエスト,Taille Unit- GP
9143,零号機コート,Manteau Unit-
9144,零号機Ｆコート,Manteau Unit- F
9145,零号機FZコート,Manteau Unit- FZ
9146,零号機HSコート,Manteau Unit- HS
9147,零号機GSコート,Manteau Unit- GS
9148,零号機GPコート,Manteau Unit- GP
9149,ダスクウエスト・赤,Taille Crépuscule rouge
9150,ダスクＦウエスト・赤,Taille Crépuscule F rouge
9151,ダスクFZウエスト・赤,Taille Crépuscule FZ rouge
9152,ダスクHSウエスト・赤,Taille Crépuscule HS rouge
9153,ダスクGSウエスト・赤,Taille Crépuscule GS rouge
9154,ダスクGPウエスト・赤,Taille Crépuscule GP rouge
9155,ダスクコート・赤,Manteau Crépuscule rouge
9156,ダスクＦコート・赤,Manteau Crépuscule F rouge
9157,ダスクFZコート・赤,Manteau Crépuscule FZ rouge
9158,ダスクHSコート・赤,Manteau Crépuscule HS rouge
9159,ダスクGSコート・赤,Manteau Crépuscule GS rouge
9160,ダスクGPコート・赤,Manteau Crépuscule GP rouge
9161,ダスクウエスト・白,Taille Crépuscule blanche
9162,ダスクＦウエスト・白,Taille Crépuscule F blanche
9163,ダスクFZウエスト・白,Taille Crépuscule FZ blanche
9164,ダスクHSウエスト・白,Taille Crépuscule HS blanche
9165,ダスクGSウエスト・白,Taille Crépuscule GS blanche
9166,ダスクGPウエスト・白,Taille Crépuscule GP blanche
9167,ダスクコート・白,Manteau Crépuscule blanc
9168,ダスクＦコート・白,Manteau Crépuscule F blanc
9169,ダスクFZコート・白,Manteau Crépuscule FZ blanc
9170,ダスクHSコート・白,Manteau Crépuscule HS blanc
9171,ダスクGSコート・白,Manteau Crépuscule GS blanc
9172,ダスクGPコート・白,Manteau Crépuscule GP blanc
9173,ダスクウエスト・桃,Taille Crépuscule rose
9174,ダスクＦウエスト・桃,Taille Crépuscule F rose
9175,ダスクFZウエスト・桃,Taille Crépuscule FZ rose
9176,ダスクHSウエスト・桃,Taille Crépuscule HS rose
9177,ダスクGSウエスト・桃,Taille Crépuscule GS rose
9178,ダスクGPウエスト・桃,Taille Crépuscule GP rose
9179,ダスクコート・桃,Manteau Crépuscule rose
9180,ダスクＦコート・桃,Manteau Crépuscule F rose
9181,ダスクFZコート・桃,Manteau Crépuscule FZ rose
9182,ダスクHSコート・桃,Manteau Crépuscule HS rose
9183,ダスクGSコート・桃,Manteau Crépuscule GS rose
9184,ダスクGPコート・桃,Manteau Crépuscule GP rose
9185,ダスクウエスト・青,Taille Crépuscule bleue
9186,ダスクＦウエスト・青,Taille Crépuscule F bleue
9187,ダスクFZウエスト・青,Taille Crépuscule FZ bleue
9188,ダスクHSウエスト・青,Taille Crépuscule HS bleue
9189,ダスクGSウエスト・青,Taille Crépuscule GS bleue
9190,ダスクGPウエスト・青,Taille Crépuscule GP bleue
9191,ダスクコート・青,Manteau Crépuscule bleu
9192,ダスクＦコート・青,Manteau Crépuscule F bleu
9193,ダスクFZコート・青,Manteau Crépuscule FZ bleu
9194,ダスクHSコート・青,Manteau Crépuscule HS bleu
9195,ダスクGSコート・青,Manteau Crépuscule GS bleu
9196,ダスクGPコート・青,Manteau Crépuscule GP bleu
9197,トイストフォールド,
9198,トイストＦフォールド,
9199,トイストFZフォールド,
9200,トイストHSフォールド,
9201,トイストGSフォールド,
9202,トイストGPフォールド,
9203,トイストコート,
9204,トイストＦコート,
9205,トイストFZコート,
9206,トイストHSコート,
9207,トイストGSコート,
9208,トイストGPコート,
9209,ネコダンウエスト,Taille Nekodan
9210,ネコダンＦウエスト,Taille Nekodan F
9211,ネコダンFZウエスト,Taille Nekodan FZ
9212,ネコダンHSウエスト,Taille Nekodan HS
9213,ネコダンGSウエスト,Taille Nekodan GS
9214,ネコダンGPウエスト,Taille Nekodan GP
9215,ロワーガアンカ,
9216,ロワーガＧアンカ,
9217,ロワーガGFアンカ,
9218,ロワーガGXアンカ,
9219,ロワーガコクサ,
9220,ロワーガＧコクサ,
9221,ロワーガGFコクサ,
9222,ロワーガGXコクサ,
9223,ファルメルアンカ,
9224,ファルメルＧアンカ,
9225,ファルメルGFアンカ,
9226,ファルメルGXアンカ,
9227,ファルメルコクサ,
9228,ファルメルＧコクサ,
9229,ファルメルGFコクサ,
9230,ファルメルGXコクサ,
9231,リアルオＧコイル,Ceinturon Riaruo G
9232,リアルオGFコイル,Ceinturon Riaruo GF
9233,リアルオGXコイル,Ceinturon Riaruo GX
9234,リアルオＧコート,Manteau Riaruo G
9235,リアルオGFコート,Manteau Riaruo GF
9236,リアルオGXコート,Manteau Riaruo GX
9237,オルドルフォールド,Tassettes Ordre
9238,オルドルＦフォールド,Tassettes Ordre F
9239,オルドルFYフォールド,Tassettes Ordre FY
9240,オルドルHSフォールド,Tassettes Ordre HS
9241,オルドルＧフォールド,Tassettes Ordre G
9242,オルドルGFフォールド,Tassettes Ordre GF
9243,オルドルGXフォールド,Tassettes Ordre GX
9244,オルドルコート,Manteau Ordre
9245,オルドルＦコート,Manteau Ordre F
9246,オルドルFYコート,Manteau Ordre FY
9247,オルドルHSコート,Manteau Ordre HS
9248,オルドルＧコート,Manteau Ordre G
9249,オルドルGFコート,Manteau Ordre GF
9250,オルドルGXコート,Manteau Ordre GX
9251,チェニーフォールド,Tassettes Cheni
9252,チェニーＦフォールド,Tassettes Cheni F
9253,チェニーFYフォールド,Tassettes Cheni FY
9254,チェニーHSフォールド,Tassettes Cheni HS
9255,チェニーＧフォールド,Tassettes Cheni G
9256,チェニーGFフォールド,Tassettes Cheni GF
9257,チェニーGXフォールド,Tassettes Cheni GX
9258,チェニーコート,Manteau Cheni
9259,チェニーＦコート,Manteau Cheni F
9260,チェニーFYコート,Manteau Cheni FY
9261,チェニーHSコート,Manteau Cheni HS
9262,チェニーＧコート,Manteau Cheni G
9263,チェニーGFコート,Manteau Cheni GF
9264,チェニーGXコート,Manteau Cheni GX
9265,ミニオムフォールド,Tassettes Miniomu
9266,ミニオムＦフォールド,Tassettes Miniomu F
9267,ミニオムFYフォールド,Tassettes Miniomu FY
9268,ミニオムHSフォールド,Tassettes Miniomu HS
9269,ミニオムＧフォールド,Tassettes Miniomu G
9270,ミニオムGFフォールド,Tassettes Miniomu GF
9271,ミニオムGXフォールド,Tassettes Miniomu GX
9272,ミニオムコート,Manteau Miniomu
9273,ミニオムＦコート,Manteau Miniomu F
9274,ミニオムFYコート,Manteau Miniomu FY
9275,ミニオムHSコート,Manteau Miniomu HS
9276,ミニオムＧコート,Manteau Miniomu G
9277,ミニオムGFコート,Manteau Miniomu GF
9278,ミニオムGXコート,Manteau Miniomu GX
9279,ワンスフォールド,
9280,ワンスＦフォールド,
9281,ワンスFYフォールド,
9282,ワンスHSフォールド,
9283,ワンスＧフォールド,
9284,ワンスGFフォールド,
9285,ワンスGXフォールド,
9286,ワンスコート,
9287,ワンスＦコート,
9288,ワンスFYコート,
9289,ワンスHSコート,
9290,ワンスＧコート,
9291,ワンスGFコート,
9292,ワンスGXコート,
9293,浮峰【腰当て】,
9294,浮峰Ｆ【腰当て】,
9295,浮峰FX【腰当て】,
9296,浮峰Ｇ【腰当て】,
9297,浮峰GF【腰当て】,
9298,浮峰GX【腰当て】,
9299,浮嶺【腰当て】,
9300,浮嶺Ｆ【腰当て】,
9301,浮嶺FX【腰当て】,
9302,浮嶺Ｇ【腰当て】,
9303,浮嶺GF【腰当て】,
9304,浮嶺GX【腰当て】,
9305,モノデビルＧコイル,Ceinturon Monodevil G
9306,モノデビルGFコイル,Ceinturon Monodevil GF
9307,モノデビルGXコイル,Ceinturon Monodevil GX
9308,モノデビルＧコート,Manteau Monodevil G
9309,モノデビルGFコート,Manteau Monodevil GF
9310,モノデビルGXコート,Manteau Monodevil GX
9311,ディアースＧコイル,Ceinturon Diablos G
9312,ディアースGFコイル,Ceinturon Diablos GF
9313,ディアースGXコイル,Ceinturon Diablos GX
9314,ディアースＧコート,Manteau Diablos G
9315,ディアースGFコート,Manteau Diablos GF
9316,ディアースGXコート,Manteau Diablos GX
9317,ワダツミGX【丸帯】,
9318,オカミGX【丸帯】,
9319,オディバGXフォールド,Tassettes Odiva GX
9320,オディバGXコート,Manteau Odiva GX
9321,雅孔GX【腰帯】,
9322,雅穿GX【腰帯】,
9323,バンギスコイル,Ceinturon Vangis
9324,バンギスＧコイル,Ceinturon Vangis G
9325,バンギスGFコイル,Ceinturon Vangis GF
9326,バンギスGXコイル,Ceinturon Vangis GX
9327,バンギスコート,Manteau Vangis
9328,バンギスＧコート,Manteau Vangis G
9329,バンギスGFコート,Manteau Vangis GF
9330,バンギスGXコート,Manteau Vangis GX
9331,シルティフォールド,Tassettes Shiruti
9332,シルティＦフォールド,Tassettes Shiruti F
9333,シルティFZフォールド,Tassettes Shiruti FZ
9334,シルティHSフォールド,Tassettes Shiruti HS
9335,シルティGSフォールド,Tassettes Shiruti GS
9336,シルティGPフォールド,Tassettes Shiruti GP
9337,シルティコート,Manteau Shiruti
9338,シルティＦコート,Manteau Shiruti F
9339,シルティFZコート,Manteau Shiruti FZ
9340,シルティHSコート,Manteau Shiruti HS
9341,シルティGSコート,Manteau Shiruti GS
9342,シルティGPコート,Manteau Shiruti GP
9343,ブラキフォールド,Tassettes Brachy
9344,ブラキＧフォールド,Tassettes Brachy G
9345,ブラキGFフォールド,Tassettes Brachy GF
9346,ブラキGXフォールド,Tassettes Brachy GX
9347,ブラキコート,Manteau Brachy
9348,ブラキＧコート,Manteau Brachy G
9349,ブラキGFコート,Manteau Brachy GF
9350,ブラキGXコート,Manteau Brachy GX
9351,トリドフォールド,Tassettes Torid
9352,トリドＦフォールド,Tassettes Torid F
9353,トリドFXフォールド,Tassettes Torid FX
9354,トリドＧフォールド,Tassettes Torid G
9355,トリドGFフォールド,Tassettes Torid GF
9356,トリドGXフォールド,Tassettes Torid GX
9357,トリドコート,Manteau Torid
9358,トリドＦコート,Manteau Torid F
9359,トリドFXコート,Manteau Torid FX
9360,トリドＧコート,Manteau Torid G
9361,トリドGFコート,Manteau Torid GF
9362,トリドGXコート,Manteau Torid GX
9363,照雷Ｇ【腰当て】,
9364,照雷GF【腰当て】,
9365,照雷GX【腰当て】,
9366,明雷Ｇ【腰当て】,
9367,明雷GF【腰当て】,
9368,明雷GX【腰当て】,
9369,エスピスＧナーベル,
9370,エスピスGFナーベル,
9371,エスピスGXナーベル,
9372,エスピスＧガイツ,
9373,エスピスGFガイツ,
9374,エスピスGXガイツ,
9375,ヴォラＧフォールド,Tassettes Volga G
9376,ヴォラGFフォールド,Tassettes Volga GF
9377,ヴォラGXフォールド,Tassettes Volga GX
9378,ヴォラＧコート,Manteau Volga G
9379,ヴォラGFコート,Manteau Volga GF
9380,ヴォラGXコート,Manteau Volga GX
9381,ラヴィＧコイル：猛,
9382,ラヴィGFコイル：猛,
9383,ラヴィGXコイル：猛,
9384,ラヴィＧコート：猛,
9385,ラヴィGFコート：猛,
9386,ラヴィGXコート：猛,
9387,ラヴィコイル：狂,
9388,ラヴィHSコイル：狂,
9389,ラヴィＧコイル：狂,
9390,ラヴィGFコイル：狂,
9391,ラヴィGXコイル：狂,
9392,ラヴィコート：狂,
9393,ラヴィHSコート：狂,
9394,ラヴィＧコート：狂,
9395,ラヴィGFコート：狂,
9396,ラヴィGXコート：狂,
9397,ラヴィＧフォールド,Tassettes Raviente G
9398,ラヴィGFフォールド,Tassettes Raviente GF
9399,ラヴィGXフォールド,Tassettes Raviente GX
9400,ラヴィＧコート,Manteau Raviente G
9401,ラヴィGFコート,Manteau Raviente GF
9402,ラヴィGXコート,Manteau Raviente GX
9403,ヒプシーＧフォールド,Tassettes Hypnoc G
9404,ヒプシーGFフォールド,Tassettes Hypnoc GF
9405,ヒプシーGXフォールド,Tassettes Hypnoc GX
9406,ヒプシーＧコート,Manteau Hypnoc G
9407,ヒプシーGFコート,Manteau Hypnoc GF
9408,ヒプシーGXコート,Manteau Hypnoc GX
9409,ヴィーチコイル,Ceinturon Vichi
9410,ヴィーチＦコイル,Ceinturon Vichi F
9411,ヴィーチFZコイル,Ceinturon Vichi FZ
9412,ヴィーチHSコイル,Ceinturon Vichi HS
9413,ヴィーチGSコイル,Ceinturon Vichi GS
9414,ヴィーチGPコイル,Ceinturon Vichi GP
9415,ヴィーチコート,Manteau Vichi
9416,ヴィーチＦコート,Manteau Vichi F
9417,ヴィーチFZコート,Manteau Vichi FZ
9418,ヴィーチHSコート,Manteau Vichi HS
9419,ヴィーチGSコート,Manteau Vichi GS
9420,ヴィーチGPコート,Manteau Vichi GP
9421,ギルドバードコイル,Ceinturon Guilde
9422,ギルドバードＧコイル,Ceinturon Guilde G
9423,ギルドバードGFコイル,Ceinturon Guilde GF
9424,ギルドバードGXコイル,Ceinturon Guilde GX
9425,ギルドバードコート,Manteau Guilde
9426,ギルドバードＧコート,Manteau Guilde G
9427,ギルドバードGFコート,Manteau Guilde GF
9428,ギルドバードGXコート,Manteau Guilde GX
9429,スカラースカート,
9430,スカラーＧスカート,
9431,スカラーGFスカート,
9432,スカラーGXスカート,
9433,スカラーフリル,
9434,スカラーＧフリル,
9435,スカラーGFフリル,
9436,スカラーGXフリル,
9437,アミスタコイル・黒,Ceinturon Amista noir
9438,アミスタＦコイル・黒,Ceinturon Amista F noir
9439,アミスタFZコイル・黒,Ceinturon Amista FZ noir
9440,アミスタHSコイル・黒,Ceinturon Amista HS noir
9441,アミスタGSコイル・黒,Ceinturon Amista GS noir
9442,アミスタGPコイル・黒,Ceinturon Amista GP noir
9443,アミスタコート・黒,Manteau Amista noir
9444,アミスタＦコート・黒,Manteau Amista F noir
9445,アミスタFZコート・黒,Manteau Amista FZ noir
9446,アミスタHSコート・黒,Manteau Amista HS noir
9447,アミスタGSコート・黒,Manteau Amista GS noir
9448,アミスタGPコート・黒,Manteau Amista GP noir
9449,アミスタコイル・白,Ceinturon Amista blanc
9450,アミスタＦコイル・白,Ceinturon Amista F blanc
9451,アミスタFZコイル・白,Ceinturon Amista FZ blanc
9452,アミスタHSコイル・白,Ceinturon Amista HS blanc
9453,アミスタGSコイル・白,Ceinturon Amista GS blanc
9454,アミスタGPコイル・白,Ceinturon Amista GP blanc
9455,アミスタコート・白,Manteau Amista blanc
9456,アミスタＦコート・白,Manteau Amista F blanc
9457,アミスタFZコート・白,Manteau Amista FZ blanc
9458,アミスタHSコート・白,Manteau Amista HS blanc
9459,アミスタGSコート・白,Manteau Amista GS blanc
9460,アミスタGPコート・白,Manteau Amista GP blanc
9461,アミスタコイル・青,Ceinturon Amista bleu
9462,アミスタＦコイル・青,Ceinturon Amista F bleu
9463,アミスタFZコイル・青,Ceinturon Amista FZ bleu
9464,アミスタHSコイル・青,Ceinturon Amista HS bleu
9465,アミスタGSコイル・青,Ceinturon Amista GS bleu
9466,アミスタGPコイル・青,Ceinturon Amista GP bleu
9467,アミスタコート・青,Manteau Amista bleu
9468,アミスタＦコート・青,Manteau Amista F bleu
9469,アミスタFZコート・青,Manteau Amista FZ bleu
9470,アミスタHSコート・青,Manteau Amista HS bleu
9471,アミスタGSコート・青,Manteau Amista GS bleu
9472,アミスタGPコート・青,Manteau Amista GP bleu
9473,アミスタコイル・紅,Ceinturon Amista cramoisi
9474,アミスタＦコイル・紅,Ceinturon Amista F cramoisi
9475,アミスタFZコイル・紅,Ceinturon Amista FZ cramoisi
9476,アミスタHSコイル・紅,Ceinturon Amista HS cramoisi
9477,アミスタGSコイル・紅,Ceinturon Amista GS cramoisi
9478,アミスタGPコイル・紅,Ceinturon Amista GP cramoisi
9479,アミスタコート・紅,Manteau Amista cramoisi
9480,アミスタＦコート・紅,Manteau Amista F cramoisi
9481,アミスタFZコート・紅,Manteau Amista FZ cramoisi
9482,アミスタHSコート・紅,Manteau Amista HS cramoisi
9483,アミスタGSコート・紅,Manteau Amista GS cramoisi
9484,アミスタGPコート・紅,Manteau Amista GP cramoisi
9485,プラグウエスト：06,
9486,プラグＦウエスト：06,
9487,プラグFZウエスト：06,
9488,プラグHSウエスト：06,
9489,プラグGSウエスト：06,
9490,プラグGPウエスト：06,
9491,プラグコート：06,
9492,プラグＦコート：06,
9493,プラグFZコート：06,
9494,プラグHSコート：06,
9495,プラグGSコート：06,
9496,プラグGPコート：06,
9497,プラグウエスト：02,
9498,プラグＦウエスト：02,
9499,プラグFZウエスト：02,
9500,プラグHSウエスト：02,
9501,プラグGSウエスト：02,
9502,プラグGPウエスト：02,
9503,プラグコート：02,
9504,プラグＦコート：02,
9505,プラグFZコート：02,
9506,プラグHSコート：02,
9507,プラグGSコート：02,
9508,プラグGPコート：02,
9509,Ｍark.０６コイル,Ceinturon Mark
9510,Ｍark.０６Ｆコイル,Ceinturon Mark F
9511,Ｍark.０６FZコイル,Ceinturon Mark FZ
9512,Ｍark.０６HSコイル,Ceinturon Mark HS
9513,Ｍark.０６GSコイル,Ceinturon Mark GS
9514,Ｍark.０６GPコイル,Ceinturon Mark GP
9515,Ｍark.０６コート,Manteau Mark
9516,Ｍark.０６Ｆコート,Manteau Mark F
9517,Ｍark.０６FZコート,Manteau Mark FZ
9518,Ｍark.０６HSコート,Manteau Mark HS
9519,Ｍark.０６GSコート,Manteau Mark GS
9520,Ｍark.０６GPコート,Manteau Mark GP
9521,２号機ウエスト,Taille Unit-
9522,２号機Ｆウエスト,Taille Unit- F
9523,２号機FZウエスト,Taille Unit- FZ
9524,２号機HSウエスト,Taille Unit- HS
9525,２号機GSウエスト,Taille Unit- GS
9526,２号機GPウエスト,Taille Unit- GP
9527,２号機コート,Manteau Unit-
9528,２号機Ｆコート,Manteau Unit- F
9529,２号機FZコート,Manteau Unit- FZ
9530,２号機HSコート,Manteau Unit- HS
9531,２号機GSコート,Manteau Unit- GS
9532,２号機GPコート,Manteau Unit- GP
9533,カイラコイル,Ceinturon Kaila
9534,カイラＦコイル,Ceinturon Kaila F
9535,カイラFZコイル,Ceinturon Kaila FZ
9536,カイラHSコイル,Ceinturon Kaila HS
9537,カイラGSコイル,Ceinturon Kaila GS
9538,カイラGPコイル,Ceinturon Kaila GP
9539,カイラコート,Manteau Kaila
9540,カイラＦコート,Manteau Kaila F
9541,カイラFZコート,Manteau Kaila FZ
9542,カイラHSコート,Manteau Kaila HS
9543,カイラGSコート,Manteau Kaila GS
9544,カイラGPコート,Manteau Kaila GP
9545,ダミー,
9546,ダミー,
9547,ダミー,
9548,ダミー,
9549,ダミー,
9550,ダミー,
9551,オトノフォールド,Tassettes Otono
9552,オトノＦフォールド,Tassettes Otono F
9553,オトノFYフォールド,Tassettes Otono FY
9554,オトノHSフォールド,Tassettes Otono HS
9555,オトノＧフォールド,Tassettes Otono G
9556,オトノGFフォールド,Tassettes Otono GF
9557,オトノGXフォールド,Tassettes Otono GX
9558,カバリバフォールド,Tassettes Kabariba
9559,カバリバＦフォールド,Tassettes Kabariba F
9560,カバリバFYフォールド,Tassettes Kabariba FY
9561,カバリバHSフォールド,Tassettes Kabariba HS
9562,カバリバＧフォールド,Tassettes Kabariba G
9563,カバリバGFフォールド,Tassettes Kabariba GF
9564,カバリバGXフォールド,Tassettes Kabariba GX
9565,カバリバコート,Manteau Kabariba
9566,カバリバＦコート,Manteau Kabariba F
9567,カバリバFYコート,Manteau Kabariba FY
9568,カバリバHSコート,Manteau Kabariba HS
9569,カバリバＧコート,Manteau Kabariba G
9570,カバリバGFコート,Manteau Kabariba GF
9571,カバリバGXコート,Manteau Kabariba GX
9572,トルボダコイル,Ceinturon Toruboda
9573,トルボダＦコイル,Ceinturon Toruboda F
9574,トルボダFYコイル,Ceinturon Toruboda FY
9575,トルボダHSコイル,Ceinturon Toruboda HS
9576,トルボダＧコイル,Ceinturon Toruboda G
9577,トルボダGFコイル,Ceinturon Toruboda GF
9578,トルボダGXコイル,Ceinturon Toruboda GX
9579,トルボダコート,Manteau Toruboda
9580,トルボダＦコート,Manteau Toruboda F
9581,トルボダFYコート,Manteau Toruboda FY
9582,トルボダHSコート,Manteau Toruboda HS
9583,トルボダＧコート,Manteau Toruboda G
9584,トルボダGFコート,Manteau Toruboda GF
9585,トルボダGXコート,Manteau Toruboda GX
9586,オリクトフォールド,Tassettes Orykto
9587,オリクトＦフォールド,Tassettes Orykto F
9588,オリクトFYフォールド,Tassettes Orykto FY
9589,オリクトHSフォールド,Tassettes Orykto HS
9590,オリクトコート,Manteau Orykto
9591,オリクトＦコート,Manteau Orykto F
9592,オリクトFYコート,Manteau Orykto FY
9593,オリクトHSコート,Manteau Orykto HS
9594,レウアスＧコイル,Ceinturon Reuasu G
9595,レウアスGFコイル,Ceinturon Reuasu GF
9596,レウアスGXコイル,Ceinturon Reuasu GX
9597,レウアスＧコート,Manteau Reuasu G
9598,レウアスGFコート,Manteau Reuasu GF
9599,レウアスGXコート,Manteau Reuasu GX
9600,ハリメノフォールド,Tassettes Harimeno
9601,ハリメノＦフォールド,Tassettes Harimeno F
9602,ハリメノFYフォールド,Tassettes Harimeno FY
9603,ハリメノHSフォールド,Tassettes Harimeno HS
9604,ハリメノＧフォールド,Tassettes Harimeno G
9605,ハリメノGFフォールド,Tassettes Harimeno GF
9606,ハリメノGXフォールド,Tassettes Harimeno GX
9607,ハリメノコート,Manteau Harimeno
9608,ハリメノＦコート,Manteau Harimeno F
9609,ハリメノFYコート,Manteau Harimeno FY
9610,ハリメノHSコート,Manteau Harimeno HS
9611,ハリメノＧコート,Manteau Harimeno G
9612,ハリメノGFコート,Manteau Harimeno GF
9613,ハリメノGXコート,Manteau Harimeno GX
9614,シウスＧフォールド,Tassettes Shiusu G
9615,シウスGFフォールド,Tassettes Shiusu GF
9616,シウスGXフォールド,Tassettes Shiusu GX
9617,シウスＧコート,Manteau Shiusu G
9618,シウスGFコート,Manteau Shiusu GF
9619,シウスGXコート,Manteau Shiusu GX
9620,ベリオフォールド,Tassettes Barioth
9621,ベリオＧフォールド,Tassettes Barioth G
9622,ベリオGFフォールド,Tassettes Barioth GF
9623,ベリオGXフォールド,Tassettes Barioth GX
9624,ベリオコート,Manteau Barioth
9625,ベリオＧコート,Manteau Barioth G
9626,ベリオGFコート,Manteau Barioth GF
9627,ベリオGXコート,Manteau Barioth GX
9628,ウィルＧフォールド,
9629,ウィルGFフォールド,
9630,ウィルGXフォールド,
9631,ウィルＧコート,
9632,ウィルGFコート,
9633,ウィルGXコート,
9634,ケイスフォールド,Tassettes Keisu
9635,ケイスＦフォールド,Tassettes Keisu F
9636,ケイスFYフォールド,Tassettes Keisu FY
9637,ケイスHSフォールド,Tassettes Keisu HS
9638,ケイスＧフォールド,Tassettes Keisu G
9639,ケイスGFフォールド,Tassettes Keisu GF
9640,ケイスGXフォールド,Tassettes Keisu GX
9641,ケイスコート,Manteau Keisu
9642,ケイスＦコート,Manteau Keisu F
9643,ケイスFYコート,Manteau Keisu FY
9644,ケイスHSコート,Manteau Keisu HS
9645,ケイスＧコート,Manteau Keisu G
9646,ケイスGFコート,Manteau Keisu GF
9647,ケイスGXコート,Manteau Keisu GX
9648,リュミエフォールド,Tassettes Lumiere
9649,リュミエＦフォールド,Tassettes Lumiere F
9650,リュミエFYフォールド,Tassettes Lumiere FY
9651,リュミエHSフォールド,Tassettes Lumiere HS
9652,リュミエＧフォールド,Tassettes Lumiere G
9653,リュミエGFフォールド,Tassettes Lumiere GF
9654,リュミエGXフォールド,Tassettes Lumiere GX
9655,リュミエコート,Manteau Lumiere
9656,リュミエＦコート,Manteau Lumiere F
9657,リュミエFYコート,Manteau Lumiere FY
9658,リュミエHSコート,Manteau Lumiere HS
9659,リュミエＧコート,Manteau Lumiere G
9660,リュミエGFコート,Manteau Lumiere GF
9661,リュミエGXコート,Manteau Lumiere GX
9662,クレオラコイル,Ceinturon Cleora
9663,クレオラＦコイル,Ceinturon Cleora F
9664,クレオラFYコイル,Ceinturon Cleora FY
9665,クレオラHSコイル,Ceinturon Cleora HS
9666,クレオラＧコイル,Ceinturon Cleora G
9667,クレオラGFコイル,Ceinturon Cleora GF
9668,クレオラGXコイル,Ceinturon Cleora GX
9669,クレオラコート,Manteau Cleora
9670,クレオラＦコート,Manteau Cleora F
9671,クレオラFYコート,Manteau Cleora FY
9672,クレオラHSコート,Manteau Cleora HS
9673,クレオラＧコート,Manteau Cleora G
9674,クレオラGFコート,Manteau Cleora GF
9675,クレオラGXコート,Manteau Cleora GX
9676,ドラギュＧフォールド,Tassettes Doragyurosu G
9677,ドラギュGFフォールド,Tassettes Doragyurosu GF
9678,ドラギュGXフォールド,Tassettes Doragyurosu GX
9679,ドラギュＧコート,Manteau Doragyurosu G
9680,ドラギュGFコート,Manteau Doragyurosu GF
9681,ドラギュGXコート,Manteau Doragyurosu GX
9682,ウィンドGXアンダ,
9683,ウィンドGXアドミ,
9684,メラギGXフォールド,Tassettes Meraginasu GX
9685,メラギGXコート,Manteau Meraginasu GX
9686,ポボルムGXフォールド,Tassettes Pobo GX
9687,ポボルムGXコート,Manteau Pobo GX
9688,トアフォールド,Tassettes Toa
9689,トアＦフォールド,Tassettes Toa F
9690,トアFXフォールド,Tassettes Toa FX
9691,トアＧフォールド,Tassettes Toa G
9692,トアGFフォールド,Tassettes Toa GF
9693,トアGXフォールド,Tassettes Toa GX
9694,トアコート,Manteau Toa
9695,トアＦコート,Manteau Toa F
9696,トアFXコート,Manteau Toa FX
9697,トアＧコート,Manteau Toa G
9698,トアGFコート,Manteau Toa GF
9699,トアGXコート,Manteau Toa GX
9700,ククスＧフォールド,Tassettes Kut G
9701,ククスGFフォールド,Tassettes Kut GF
9702,ククスGXフォールド,Tassettes Kut GX
9703,ククスＧコート,Manteau Kut G
9704,ククスGFコート,Manteau Kut GF
9705,ククスGXコート,Manteau Kut GX
9706,弩岩Ｇ【腰当て】,
9707,弩岩GF【腰当て】,
9708,弩岩GX【腰当て】,
9709,紅岩Ｇ【腰当て】,
9710,紅岩GF【腰当て】,
9711,紅岩GX【腰当て】,
9712,シエロコイル,Ceinturon Cielo
9713,シエロＦコイル,Ceinturon Cielo F
9714,シエロFZコイル,Ceinturon Cielo FZ
9715,シエロHSコイル,Ceinturon Cielo HS
9716,シエロGSコイル,Ceinturon Cielo GS
9717,シエロGPコイル,Ceinturon Cielo GP
9718,シエロコート,Manteau Cielo
9719,シエロＦコート,Manteau Cielo F
9720,シエロFZコート,Manteau Cielo FZ
9721,シエロHSコート,Manteau Cielo HS
9722,シエロGSコート,Manteau Cielo GS
9723,シエロGPコート,Manteau Cielo GP
9724,ガガチュコイル,Ceinturon Gagachu
9725,ガガチュＦコイル,Ceinturon Gagachu F
9726,ガガチュFZコイル,Ceinturon Gagachu FZ
9727,ガガチュHSコイル,Ceinturon Gagachu HS
9728,ガガチュGSコイル,Ceinturon Gagachu GS
9729,ガガチュGPコイル,Ceinturon Gagachu GP
9730,ガガチュコート,Manteau Gagachu
9731,ガガチュＦコート,Manteau Gagachu F
9732,ガガチュFZコート,Manteau Gagachu FZ
9733,ガガチュHSコート,Manteau Gagachu HS
9734,ガガチュGSコート,Manteau Gagachu GS
9735,ガガチュGPコート,Manteau Gagachu GP
9736,サルタコイル,Ceinturon Salta
9737,サルタＦコイル,Ceinturon Salta F
9738,サルタFZコイル,Ceinturon Salta FZ
9739,サルタHSコイル,Ceinturon Salta HS
9740,サルタGSコイル,Ceinturon Salta GS
9741,サルタGPコイル,Ceinturon Salta GP
9742,サルタコート,Manteau Salta
9743,サルタＦコート,Manteau Salta F
9744,サルタFZコート,Manteau Salta FZ
9745,サルタHSコート,Manteau Salta HS
9746,サルタGSコート,Manteau Salta GS
9747,サルタGPコート,Manteau Salta GP
9748,チールＧフォールド,Tassettes Chiru G
9749,チールGFフォールド,Tassettes Chiru GF
9750,チールGXフォールド,Tassettes Chiru GX
9751,チールＧコート,Manteau Chiru G
9752,チールGFコート,Manteau Chiru GF
9753,チールGXコート,Manteau Chiru GX
9754,ガネトＧフォールド,Tassettes Ganeto G
9755,ガネトGFフォールド,Tassettes Ganeto GF
9756,ガネトGXフォールド,Tassettes Ganeto GX
9757,ガネトＧコート,Manteau Ganeto G
9758,ガネトGFコート,Manteau Ganeto GF
9759,ガネトGXコート,Manteau Ganeto GX
9760,千代ノ腰帯,
9761,千代ノ腰帯Ｆ,
9762,千代ノ腰帯FZ,
9763,千代ノ腰帯HS,
9764,千代ノ腰帯GS,
9765,千代ノ腰帯GP,
9766,千代ノ色帯,
9767,千代ノ色帯Ｆ,
9768,千代ノ色帯FZ,
9769,千代ノ色帯HS,
9770,千代ノ色帯GS,
9771,千代ノ色帯GP,
9772,ガンキンフォールド,Tassettes Uragaan
9773,ガンキンＧフォールド,Tassettes Uragaan G
9774,ガンキンGFフォールド,Tassettes Uragaan GF
9775,ガンキンGXフォールド,Tassettes Uragaan GX
9776,ガンキンコート,Manteau Uragaan
9777,ガンキンＧコート,Manteau Uragaan G
9778,ガンキンGFコート,Manteau Uragaan GF
9779,ガンキンGXコート,Manteau Uragaan GX
9780,祭のあとに【負け犬】,
9781,祭のあとに【負け犬】,
9782,祭のあとに【負け犬】,
9783,祭のあとに【負け犬】,
9784,祭のあとに【負け犬】,
9785,祭のあとに【負け犬】,
9786,祭のあとに【負け犬】,
9787,祭のあとに【負け犬】,
9788,祭のあとに【負け犬】,
9789,祭のあとに【負け犬】,
9790,祭のあとに【負け犬】,
9791,祭のあとに【負け犬】,
9792,祭のあとに【負け犬】,
9793,祭のあとに【負け犬】,
9794,祭のあとに【負け犬】,
9795,祭のあとに【負け犬】,
9796,祭のあとに【負け犬】,
9797,祭のあとに【負け犬】,
9798,祭のあとに【負け犬】,
9799,祭のあとに【負け犬】,
9800,祭のあとに【負け犬】,
9801,祭のあとに【負け犬】,
9802,祭のあとに【負け犬】,
9803,祭のあとに【負け犬】,
9804,祭のあとに【負け犬】,
9805,祭のあとに【負け犬】,
9806,祭のあとに【負け犬】,
9807,祭のあとに【負け犬】,
9808,祭のあとに【負け犬】,
9809,祭のあとに【負け犬】,
9810,祭のあとに【負け犬】,
9811,祭のあとに【負け犬】,
9812,祭のあとに【負け犬】,
9813,祭のあとに【負け犬】,
9814,祭のあとに【負け犬】,
9815,祭のあとに【負け犬】,
9816,祭のあとに【負け犬】,
9817,祭のあとに【負け犬】,
9818,祭のあとに【負け犬】,
9819,祭のあとに【負け犬】,
9820,祭のあとに【負け犬】,
9821,祭のあとに【負け犬】,
9822,祭のあとに【負け犬】,
9823,祭のあとに【負け犬】,
9824,祭のあとに【負け犬】,
9825,祭のあとに【負け犬】,
9826,祭のあとに【負け犬】,
9827,祭のあとに【負け犬】,
9828,祭のあとに【負け犬】,
9829,祭のあとに【負け犬】,
9830,祭のあとに【負け犬】,
9831,祭のあとに【負け犬】,
9832,祭のあとに【負け犬】,
9833,祭のあとに【負け犬】,
9834,祭のあとに【負け犬】,
9835,祭のあとに【負け犬】,
9836,祭のあとに【負け犬】,
9837,祭のあとに【負け犬】,
9838,祭のあとに【負け犬】,
9839,祭のあとに【負け犬】,
9840,オニキスコイル,
9841,オニキスＦコイル,
9842,オニキスFXコイル,
9843,ルチルコイル,Ceinturon Rutile
9844,ルチルＦコイル,Ceinturon Rutile F
9845,ルチルFXコイル,Ceinturon Rutile FX
9846,白虎・斬将Ｇコイル,
9847,白虎・斬将GFコイル,
9848,白虎・斬将GXコイル,
9849,朱雀・斬将Ｇコイル,
9850,朱雀・斬将GFコイル,
9851,朱雀・斬将GXコイル,
9852,玄武・斬将Ｇコイル,
9853,玄武・斬将GFコイル,
9854,玄武・斬将GXコイル,
9855,青龍・斬将Ｇコイル,
9856,青龍・斬将GFコイル,
9857,青龍・斬将GXコイル,
9858,白蘭・斬将コイル,
9859,白蘭・斬将Ｆコイル,
9860,白蘭・斬将FXコイル,
9861,紅霞・斬将コイル,
9862,紅霞・斬将Ｆコイル,
9863,紅霞・斬将FXコイル,
9864,白蘭・斬将Ｇコイル,
9865,白蘭・斬将GFコイル,
9866,白蘭・斬将GXコイル,
9867,月夜・斬将Ｇコイル,
9868,月夜・斬将GFコイル,
9869,月夜・斬将GXコイル,
9870,紅霞・斬将Ｇコイル,
9871,紅霞・斬将GFコイル,
9872,紅霞・斬将GXコイル,
9873,蒼穹・斬将Ｇコイル,
9874,蒼穹・斬将GFコイル,
9875,蒼穹・斬将GXコイル,
9876,グァンコイル,Ceinturon Guan
9877,グァンＦコイル,Ceinturon Guan F
9878,グァンFXコイル,Ceinturon Guan FX
9879,グァンＧコイル,Ceinturon Guan G
9880,グァンGFコイル,Ceinturon Guan GF
9881,グァンGXコイル,Ceinturon Guan GX
9882,グァンコート,Manteau Guan
9883,グァンＦコート,Manteau Guan F
9884,グァンFXコート,Manteau Guan FX
9885,グァンＧコート,Manteau Guan G
9886,グァンGFコート,Manteau Guan GF
9887,グァンGXコート,Manteau Guan GX
9888,帝征Ｇ【腰当て】,
9889,帝征GF【腰当て】,
9890,帝征GX【腰当て】,
9891,帝王Ｇ【腰当て】,
9892,帝王GF【腰当て】,
9893,帝王GX【腰当て】,
9894,クシャナＧアンダ,
9895,クシャナGFアンダ,
9896,クシャナGXアンダ,
9897,クシャナＧアドミ,
9898,クシャナGFアドミ,
9899,クシャナGXアドミ,
9900,カイザーＧフォールド,
9901,カイザーGFフォールド,
9902,カイザーGXフォールド,
9903,カイザーＧコート,
9904,カイザーGFコート,
9905,カイザーGXコート,
9906,ミヅハＧ【丸帯】,
9907,ミヅハGF【丸帯】,
9908,ミヅハGX【丸帯】,
9909,トヨタマＧ【丸帯】,
9910,トヨタマGF【丸帯】,
9911,トヨタマGX【丸帯】,
9912,ナルガフォールド,Tassettes Nargacuga
9913,ナルガＧフォールド,Tassettes Nargacuga G
9914,ナルガGFフォールド,Tassettes Nargacuga GF
9915,ナルガGXフォールド,Tassettes Nargacuga GX
9916,ナルガコート,Manteau Nargacuga
9917,ナルガＧコート,Manteau Nargacuga G
9918,ナルガGFコート,Manteau Nargacuga GF
9919,ナルガGXコート,Manteau Nargacuga GX
9920,ペリフコイル・青,Ceinturon Perif bleu
9921,ペリフＦコイル・青,Ceinturon Perif F bleu
9922,ペリフFZコイル・青,Ceinturon Perif FZ bleu
9923,ペリフHSコイル・青,Ceinturon Perif HS bleu
9924,ペリフGSコイル・青,Ceinturon Perif GS bleu
9925,ペリフGPコイル・青,Ceinturon Perif GP bleu
9926,ペリフコート・青,Manteau Perif bleu
9927,ペリフＦコート・青,Manteau Perif F bleu
9928,ペリフFZコート・青,Manteau Perif FZ bleu
9929,ペリフHSコート・青,Manteau Perif HS bleu
9930,ペリフGSコート・青,Manteau Perif GS bleu
9931,ペリフGPコート・青,Manteau Perif GP bleu
9932,ペリフコイル・茶,Ceinturon Perif brun
9933,ペリフＦコイル・茶,Ceinturon Perif F brun
9934,ペリフFZコイル・茶,Ceinturon Perif FZ brun
9935,ペリフHSコイル・茶,Ceinturon Perif HS brun
9936,ペリフGSコイル・茶,Ceinturon Perif GS brun
9937,ペリフGPコイル・茶,Ceinturon Perif GP brun
9938,ペリフコート・茶,Manteau Perif brun
9939,ペリフＦコート・茶,Manteau Perif F brun
9940,ペリフFZコート・茶,Manteau Perif FZ brun
9941,ペリフHSコート・茶,Manteau Perif HS brun
9942,ペリフGSコート・茶,Manteau Perif GS brun
9943,ペリフGPコート・茶,Manteau Perif GP brun
9944,ペリフコイル・緑,Ceinturon Perif vert
9945,ペリフＦコイル・緑,Ceinturon Perif F vert
9946,ペリフFZコイル・緑,Ceinturon Perif FZ vert
9947,ペリフHSコイル・緑,Ceinturon Perif HS vert
9948,ペリフGSコイル・緑,Ceinturon Perif GS vert
9949,ペリフGPコイル・緑,Ceinturon Perif GP vert
9950,ペリフコート・緑,Manteau Perif vert
9951,ペリフＦコート・緑,Manteau Perif F vert
9952,ペリフFZコート・緑,Manteau Perif FZ vert
9953,ペリフHSコート・緑,Manteau Perif HS vert
9954,ペリフGSコート・緑,Manteau Perif GS vert
9955,ペリフGPコート・緑,Manteau Perif GP vert
9956,ペリフコイル・紫,Ceinturon Perif violet
9957,ペリフＦコイル・紫,Ceinturon Perif F violet
9958,ペリフFZコイル・紫,Ceinturon Perif FZ violet
9959,ペリフHSコイル・紫,Ceinturon Perif HS violet
9960,ペリフGSコイル・紫,Ceinturon Perif GS violet
9961,ペリフGPコイル・紫,Ceinturon Perif GP violet
9962,ペリフコート・紫,Manteau Perif violet
9963,ペリフＦコート・紫,Manteau Perif F violet
9964,ペリフFZコート・紫,Manteau Perif FZ violet
9965,ペリフHSコート・紫,Manteau Perif HS violet
9966,ペリフGSコート・紫,Manteau Perif GS violet
9967,ペリフGPコート・紫,Manteau Perif GP violet
9968,カイジウエスト,Taille Kaiji
9969,カイジＦウエスト,Taille Kaiji F
9970,カイジFZウエスト,Taille Kaiji FZ
9971,カイジHSウエスト,Taille Kaiji HS
9972,カイジGSウエスト,Taille Kaiji GS
9973,カイジGPウエスト,Taille Kaiji GP
9974,カイジコート,Manteau Kaiji
9975,カイジＦコート,Manteau Kaiji F
9976,カイジFZコート,Manteau Kaiji FZ
9977,カイジHSコート,Manteau Kaiji HS
9978,カイジGSコート,Manteau Kaiji GS
9979,カイジGPコート,Manteau Kaiji GP
9980,美心ウエスト,Taille Mikoko
9981,美心Ｆウエスト,Taille Mikoko F
9982,美心FZウエスト,Taille Mikoko FZ
9983,美心HSウエスト,Taille Mikoko HS
9984,美心GSウエスト,Taille Mikoko GS
9985,美心GPウエスト,Taille Mikoko GP
9986,美心コート,Manteau Mikoko
9987,美心Ｆコート,Manteau Mikoko F
9988,美心FZコート,Manteau Mikoko FZ
9989,美心HSコート,Manteau Mikoko HS
9990,美心GSコート,Manteau Mikoko GS
9991,美心GPコート,Manteau Mikoko GP
9992,テリュオコイル,
9993,テリュオＦコイル,
9994,テリュオFZコイル,
9995,テリュオHSコイル,
9996,テリュオGSコイル,
9997,テリュオGPコイル,
9998,テリュオコート,
9999,テリュオＦコート,
10000,テリュオFZコート,
10001,テリュオHSコート,
10002,テリュオGSコート,
10003,テリュオGPコート,
10004,セイラースカート,
10005,セイラーＧスカート,
10006,セイラーGFスカート,
10007,セイラーGXスカート,
10008,セイラーフリル,
10009,セイラーＧフリル,
10010,セイラーGFフリル,
10011,セイラーGXフリル,
10012,スフレコイル,
10013,スフレＦコイル,
10014,スフレFZコイル,
10015,スフレHSコイル,
10016,スフレGSコイル,
10017,スフレGPコイル,
10018,スフレコート,
10019,スフレＦコート,
10020,スフレFZコート,
10021,スフレHSコート,
10022,スフレGSコート,
10023,スフレGPコート,
10024,鬼伝ノ虎布Ｇ,
10025,鬼伝ノ虎布GF,
10026,鬼伝ノ虎布GX,
10027,童伝ノ虎布Ｇ,
10028,童伝ノ虎布GF,
10029,童伝ノ虎布GX,
10030,ヴァリエフォールド,Tassettes Valier
10031,ヴァリエＦフォールド,Tassettes Valier F
10032,ヴァリエFYフォールド,Tassettes Valier FY
10033,ヴァリエHSフォールド,Tassettes Valier HS
10034,ヴァリエＧフォールド,Tassettes Valier G
10035,ヴァリエGFフォールド,Tassettes Valier GF
10036,ヴァリエGXフォールド,Tassettes Valier GX
10037,ヴァリエコート,Manteau Valier
10038,ヴァリエＦコート,Manteau Valier F
10039,ヴァリエFYコート,Manteau Valier FY
10040,ヴァリエHSコート,Manteau Valier HS
10041,ヴァリエＧコート,Manteau Valier G
10042,ヴァリエGFコート,Manteau Valier GF
10043,ヴァリエGXコート,Manteau Valier GX
10044,ラースフォールド,Tassettes Lars
10045,ラースＦフォールド,Tassettes Lars F
10046,ラースFYフォールド,Tassettes Lars FY
10047,ラースHSフォールド,Tassettes Lars HS
10048,ラースＧフォールド,Tassettes Lars G
10049,ラースGFフォールド,Tassettes Lars GF
10050,ラースGXフォールド,Tassettes Lars GX
10051,ラースコート,Manteau Lars
10052,ラースＦコート,Manteau Lars F
10053,ラースFYコート,Manteau Lars FY
10054,ラースHSコート,Manteau Lars HS
10055,ラースＧコート,Manteau Lars G
10056,ラースGFコート,Manteau Lars GF
10057,ラースGXコート,Manteau Lars GX
10058,シルックフォールド,Tassettes Shirukku
10059,シルックＦフォールド,Tassettes Shirukku F
10060,シルックFYフォールド,Tassettes Shirukku FY
10061,シルックHSフォールド,Tassettes Shirukku HS
10062,シルックＧフォールド,Tassettes Shirukku G
10063,シルックGFフォールド,Tassettes Shirukku GF
10064,シルックGXフォールド,Tassettes Shirukku GX
10065,シルックコート,Manteau Shirukku
10066,シルックＦコート,Manteau Shirukku F
10067,シルックFYコート,Manteau Shirukku FY
10068,シルックHSコート,Manteau Shirukku HS
10069,シルックＧコート,Manteau Shirukku G
10070,シルックGFコート,Manteau Shirukku GF
10071,シルックGXコート,Manteau Shirukku GX
10072,ノルックフォールド,Tassettes Norukku
10073,ノルックＦフォールド,Tassettes Norukku F
10074,ノルックFYフォールド,Tassettes Norukku FY
10075,ノルックHSフォールド,Tassettes Norukku HS
10076,ノルックＧフォールド,Tassettes Norukku G
10077,ノルックGFフォールド,Tassettes Norukku GF
10078,ノルックGXフォールド,Tassettes Norukku GX
10079,ノルックコート,Manteau Norukku
10080,ノルックＦコート,Manteau Norukku F
10081,ノルックFYコート,Manteau Norukku FY
10082,ノルックHSコート,Manteau Norukku HS
10083,ノルックＧコート,Manteau Norukku G
10084,ノルックGFコート,Manteau Norukku GF
10085,ノルックGXコート,Manteau Norukku GX
10086,レイレスＧコイル,Ceinturon Reiresu G
10087,レイレスGFコイル,Ceinturon Reiresu GF
10088,レイレスGXコイル,Ceinturon Reiresu GX
10089,レイレスＧコート,Manteau Reiresu G
10090,レイレスGFコート,Manteau Reiresu GF
10091,レイレスGXコート,Manteau Reiresu GX
10092,アンジュＧコイル,
10093,アンジュGFコイル,
10094,アンジュGXコイル,
10095,アンジュＧコート,
10096,アンジュGFコート,
10097,アンジュGXコート,
10098,ソルフレアコイル,Ceinturon Solflare
10099,ソルフレアＦコイル,Ceinturon Solflare F
10100,ソルフレアFZコイル,Ceinturon Solflare FZ
10101,ソルフレアHSコイル,Ceinturon Solflare HS
10102,ソルフレアGSコイル,Ceinturon Solflare GS
10103,ソルフレアGPコイル,Ceinturon Solflare GP
10104,ソルフレアコート,Manteau Solflare
10105,ソルフレアＦコート,Manteau Solflare F
10106,ソルフレアFZコート,Manteau Solflare FZ
10107,ソルフレアHSコート,Manteau Solflare HS
10108,ソルフレアGSコート,Manteau Solflare GS
10109,ソルフレアGPコート,Manteau Solflare GP
10110,アーベンコイル,Ceinturon Arben
10111,アーベンＦコイル,Ceinturon Arben F
10112,アーベンFZコイル,Ceinturon Arben FZ
10113,アーベンHSコイル,Ceinturon Arben HS
10114,アーベンGSコイル,Ceinturon Arben GS
10115,アーベンGPコイル,Ceinturon Arben GP
10116,アーベンコート,Manteau Arben
10117,アーベンＦコート,Manteau Arben F
10118,アーベンFZコート,Manteau Arben FZ
10119,アーベンHSコート,Manteau Arben HS
10120,アーベンGSコート,Manteau Arben GS
10121,アーベンGPコート,Manteau Arben GP
10122,ケラヴノコイル,Ceinturon Keravuno
10123,ケラヴノＦコイル,Ceinturon Keravuno F
10124,ケラヴノFZコイル,Ceinturon Keravuno FZ
10125,ケラヴノHSコイル,Ceinturon Keravuno HS
10126,ケラヴノGSコイル,Ceinturon Keravuno GS
10127,ケラヴノGPコイル,Ceinturon Keravuno GP
10128,ケラヴノコート,Manteau Keravuno
10129,ケラヴノＦコート,Manteau Keravuno F
10130,ケラヴノFZコート,Manteau Keravuno FZ
10131,ケラヴノHSコート,Manteau Keravuno HS
10132,ケラヴノGSコート,Manteau Keravuno GS
10133,ケラヴノGPコート,Manteau Keravuno GP
10134,セイラーコイル,Ceinturon Matelot
10135,セイラーＧコイル,Ceinturon Matelot G
10136,セイラーGFコイル,Ceinturon Matelot GF
10137,セイラーGXコイル,Ceinturon Matelot GX
10138,セイラーコート,Manteau Matelot
10139,セイラーＧコート,Manteau Matelot G
10140,セイラーGFコート,Manteau Matelot GF
10141,セイラーGXコート,Manteau Matelot GX
10142,和花ノ腰帯,
10143,和花ノ腰帯Ｆ,
10144,和花ノ腰帯FZ,
10145,和花ノ腰帯HS,
10146,和花ノ腰帯GS,
10147,和花ノ腰帯GP,
10148,和花ノ色帯,
10149,和花ノ色帯Ｆ,
10150,和花ノ色帯FZ,
10151,和花ノ色帯HS,
10152,和花ノ色帯GS,
10153,和花ノ色帯GP,
10154,ルコＧウイング,
10155,ルコGFウイング,
10156,ルコGXウイング,
10157,ルコＧテイル,
10158,ルコGFテイル,
10159,ルコGXテイル,
10160,キリンＧフープ,
10161,キリンGFフープ,
10162,キリンGXフープ,
10163,キリンＧショルト,
10164,キリンGFショルト,
10165,キリンGXショルト,
10166,ヴォンコイル,Ceinturon Voljang
10167,ヴォンＦコイル,Ceinturon Voljang F
10168,ヴォンFXコイル,Ceinturon Voljang FX
10169,ヴォンＧコイル,Ceinturon Voljang G
10170,ヴォンGFコイル,Ceinturon Voljang GF
10171,ヴォンGXコイル,Ceinturon Voljang GX
10172,ヴォンコート,Manteau Voljang
10173,ヴォンＦコート,Manteau Voljang F
10174,ヴォンFXコート,Manteau Voljang FX
10175,ヴォンＧコート,Manteau Voljang G
10176,ヴォンGFコート,Manteau Voljang GF
10177,ヴォンGXコート,Manteau Voljang GX
10178,フレイムGXコイル,Ceinturon Flamme GX
10179,フレイムGXコート,Manteau Flamme GX
10180,フロルGXウエスト,Taille Furoru GX
10181,フロルGXベルト,Ceinture Furoru GX
10182,ヴァルGXフォールド,Tassettes Varusa GX
10183,ヴァルGXコート,Manteau Varusa GX
10184,獄狼フォールド,Tassettes Stygian
10185,獄狼Ｇフォールド,Tassettes Stygian G
10186,獄狼GFフォールド,Tassettes Stygian GF
10187,獄狼GXフォールド,Tassettes Stygian GX
10188,獄狼コート,Manteau Stygian
10189,獄狼Ｇコート,Manteau Stygian G
10190,獄狼GFコート,Manteau Stygian GF
10191,獄狼GXコート,Manteau Stygian GX
10192,メラルーコイル,Ceinturon Melynx
10193,メラルーＦコイル,Ceinturon Melynx F
10194,メラルーFZコイル,Ceinturon Melynx FZ
10195,メラルーHSコイル,Ceinturon Melynx HS
10196,メラルーGSコイル,Ceinturon Melynx GS
10197,メラルーGPコイル,Ceinturon Melynx GP
10198,メラルーコート,Manteau Melynx
10199,メラルーＦコート,Manteau Melynx F
10200,メラルーFZコート,Manteau Melynx FZ
10201,メラルーHSコート,Manteau Melynx HS
10202,メラルーGSコート,Manteau Melynx GS
10203,メラルーGPコート,Manteau Melynx GP
10204,アイルーコイル,Ceinturon Felyne
10205,アイルーＦコイル,Ceinturon Felyne F
10206,アイルーFZコイル,Ceinturon Felyne FZ
10207,アイルーHSコイル,Ceinturon Felyne HS
10208,アイルーGSコイル,Ceinturon Felyne GS
10209,アイルーGPコイル,Ceinturon Felyne GP
10210,アイルーコート,Manteau Felyne
10211,アイルーＦコート,Manteau Felyne F
10212,アイルーFZコート,Manteau Felyne FZ
10213,アイルーHSコート,Manteau Felyne HS
10214,アイルーGSコート,Manteau Felyne GS
10215,アイルーGPコート,Manteau Felyne GP
10216,アメショコイル,Ceinturon Tigré
10217,アメショＦコイル,Ceinturon Tigré F
10218,アメショFZコイル,Ceinturon Tigré FZ
10219,アメショHSコイル,Ceinturon Tigré HS
10220,アメショGSコイル,Ceinturon Tigré GS
10221,アメショGPコイル,Ceinturon Tigré GP
10222,アメショコート,Manteau Tigré
10223,アメショＦコート,Manteau Tigré F
10224,アメショFZコート,Manteau Tigré FZ
10225,アメショHSコート,Manteau Tigré HS
10226,アメショGSコート,Manteau Tigré GS
10227,アメショGPコート,Manteau Tigré GP
10228,チャトラコイル,
10229,チャトラＦコイル,
10230,チャトラFZコイル,
10231,チャトラHSコイル,
10232,チャトラGSコイル,
10233,チャトラGPコイル,
10234,チャトラコート,
10235,チャトラＦコート,
10236,チャトラFZコート,
10237,チャトラHSコート,
10238,チャトラGSコート,
10239,チャトラGPコート,
10240,ミケコイル,
10241,ミケＦコイル,
10242,ミケFZコイル,
10243,ミケHSコイル,
10244,ミケGSコイル,
10245,ミケGPコイル,
10246,ミケコート,
10247,ミケＦコート,
10248,ミケFZコート,
10249,ミケHSコート,
10250,ミケGSコート,
10251,ミケGPコート,
10252,シロコイル,
10253,シロＦコイル,
10254,シロFZコイル,
10255,シロHSコイル,
10256,シロGSコイル,
10257,シロGPコイル,
10258,シロコート,
10259,シロＦコート,
10260,シロFZコート,
10261,シロHSコート,
10262,シロGSコート,
10263,シロGPコート,
10264,チャシロコイル,Ceinturon Chashiro
10265,チャシロＦコイル,Ceinturon Chashiro F
10266,チャシロFZコイル,Ceinturon Chashiro FZ
10267,チャシロHSコイル,Ceinturon Chashiro HS
10268,チャシロGSコイル,Ceinturon Chashiro GS
10269,チャシロGPコイル,Ceinturon Chashiro GP
10270,チャシロコート,Manteau Chashiro
10271,チャシロＦコート,Manteau Chashiro F
10272,チャシロFZコート,Manteau Chashiro FZ
10273,チャシロHSコート,Manteau Chashiro HS
10274,チャシロGSコート,Manteau Chashiro GS
10275,チャシロGPコート,Manteau Chashiro GP
10276,クロシロコイル,Ceinturon Two-tone
10277,クロシロＦコイル,Ceinturon Two-tone F
10278,クロシロFZコイル,Ceinturon Two-tone FZ
10279,クロシロHSコイル,Ceinturon Two-tone HS
10280,クロシロGSコイル,Ceinturon Two-tone GS
10281,クロシロGPコイル,Ceinturon Two-tone GP
10282,クロシロコート,Manteau Two-tone
10283,クロシロＦコート,Manteau Two-tone F
10284,クロシロFZコート,Manteau Two-tone FZ
10285,クロシロHSコート,Manteau Two-tone HS
10286,クロシロGSコート,Manteau Two-tone GS
10287,クロシロGPコート,Manteau Two-tone GP
10288,雅ウエスト,
10289,雅Ｆウエスト,
10290,雅FZウエスト,
10291,雅HSウエスト,
10292,雅GSウエスト,
10293,雅GPウエスト,
10294,雅コート,
10295,雅Ｆコート,
10296,雅FZコート,
10297,雅HSコート,
10298,雅GSコート,
10299,雅GPコート,
10300,アウラコイル,
10301,アウラＦコイル,
10302,アウラFZコイル,
10303,アウラHSコイル,
10304,アウラGSコイル,
10305,アウラGPコイル,
10306,アウラコート,
10307,アウラＦコート,
10308,アウラFZコート,
10309,アウラHSコート,
10310,アウラGSコート,
10311,アウラGPコート,
10312,和奏ノ腰帯,
10313,和奏ノ腰帯Ｆ,
10314,和奏ノ腰帯FZ,
10315,和奏ノ腰帯HS,
10316,和奏ノ腰帯GS,
10317,和奏ノ腰帯GP,
10318,和奏ノ色帯,
10319,和奏ノ色帯Ｆ,
10320,和奏ノ色帯FZ,
10321,和奏ノ色帯HS,
10322,和奏ノ色帯GS,
10323,和奏ノ色帯GP,
10324,蒼皇氷コイル,
10325,蒼皇氷Ｆコイル,
10326,蒼皇氷FZコイル,
10327,蒼皇氷HSコイル,
10328,蒼皇氷GSコイル,
10329,蒼皇氷GPコイル,
10330,蒼皇氷コート,
10331,蒼皇氷Ｆコート,
10332,蒼皇氷FZコート,
10333,蒼皇氷HSコート,
10334,蒼皇氷GSコート,
10335,蒼皇氷GPコート,
10336,白皇氷コイル,
10337,白皇氷Ｆコイル,
10338,白皇氷FZコイル,
10339,白皇氷HSコイル,
10340,白皇氷GSコイル,
10341,白皇氷GPコイル,
10342,白皇氷コート,
10343,白皇氷Ｆコート,
10344,白皇氷FZコート,
10345,白皇氷HSコート,
10346,白皇氷GSコート,
10347,白皇氷GPコート,
10348,紅皇氷コイル,
10349,紅皇氷Ｆコイル,
10350,紅皇氷FZコイル,
10351,紅皇氷HSコイル,
10352,紅皇氷GSコイル,
10353,紅皇氷GPコイル,
10354,紅皇氷コート,
10355,紅皇氷Ｆコート,
10356,紅皇氷FZコート,
10357,紅皇氷HSコート,
10358,紅皇氷GSコート,
10359,紅皇氷GPコート,
10360,タルタコイル,Ceinturon Taruta
10361,タルタＦコイル,Ceinturon Taruta F
10362,タルタFZコイル,Ceinturon Taruta FZ
10363,タルタHSコイル,Ceinturon Taruta HS
10364,タルタGSコイル,Ceinturon Taruta GS
10365,タルタGPコイル,Ceinturon Taruta GP
10366,タルタコート,Manteau Taruta
10367,タルタＦコート,Manteau Taruta F
10368,タルタFZコート,Manteau Taruta FZ
10369,タルタHSコート,Manteau Taruta HS
10370,タルタGSコート,Manteau Taruta GS
10371,タルタGPコート,Manteau Taruta GP
10372,ルルタコイル,Ceinturon Ruruta
10373,ルルタＦコイル,Ceinturon Ruruta F
10374,ルルタFZコイル,Ceinturon Ruruta FZ
10375,ルルタHSコイル,Ceinturon Ruruta HS
10376,ルルタGSコイル,Ceinturon Ruruta GS
10377,ルルタGPコイル,Ceinturon Ruruta GP
10378,ルルタコート,Manteau Ruruta
10379,ルルタＦコート,Manteau Ruruta F
10380,ルルタFZコート,Manteau Ruruta FZ
10381,ルルタHSコート,Manteau Ruruta HS
10382,ルルタGSコート,Manteau Ruruta GS
10383,ルルタGPコート,Manteau Ruruta GP
10384,クロフィコイル,Ceinturon Kurofi
10385,クロフィＦコイル,Ceinturon Kurofi F
10386,クロフィFZコイル,Ceinturon Kurofi FZ
10387,クロフィHSコイル,Ceinturon Kurofi HS
10388,クロフィGSコイル,Ceinturon Kurofi GS
10389,クロフィGPコイル,Ceinturon Kurofi GP
10390,クロフィコート,Manteau Kurofi
10391,クロフィＦコート,Manteau Kurofi F
10392,クロフィFZコート,Manteau Kurofi FZ
10393,クロフィHSコート,Manteau Kurofi HS
10394,クロフィGSコート,Manteau Kurofi GS
10395,クロフィGPコート,Manteau Kurofi GP
10396,グーダンコイル,Ceinturon Gudan
10397,グーダンＦコイル,Ceinturon Gudan F
10398,グーダンFZコイル,Ceinturon Gudan FZ
10399,グーダンHSコイル,Ceinturon Gudan HS
10400,グーダンGSコイル,Ceinturon Gudan GS
10401,グーダンGPコイル,Ceinturon Gudan GP
10402,チアリムコイル,Ceinturon Chiarim
10403,チアリムＦコイル,Ceinturon Chiarim F
10404,チアリムFZコイル,Ceinturon Chiarim FZ
10405,チアリムHSコイル,Ceinturon Chiarim HS
10406,チアリムGSコイル,Ceinturon Chiarim GS
10407,チアリムGPコイル,Ceinturon Chiarim GP
10408,チアリムコート,Manteau Chiarim
10409,チアリムＦコート,Manteau Chiarim F
10410,チアリムFZコート,Manteau Chiarim FZ
10411,チアリムHSコート,Manteau Chiarim HS
10412,チアリムGSコート,Manteau Chiarim GS
10413,チアリムGPコート,Manteau Chiarim GP
10414,ロホックフォールド,Tassettes Rohokku
10415,ロホックＦフォールド,Tassettes Rohokku F
10416,ロホックFYフォールド,Tassettes Rohokku FY
10417,ロホックHSフォールド,Tassettes Rohokku HS
10418,ロホックＧフォールド,Tassettes Rohokku G
10419,ロホックGFフォールド,Tassettes Rohokku GF
10420,ロホックGXフォールド,Tassettes Rohokku GX
10421,ロホックコート,Manteau Rohokku
10422,ロホックＦコート,Manteau Rohokku F
10423,ロホックFYコート,Manteau Rohokku FY
10424,ロホックHSコート,Manteau Rohokku HS
10425,ロホックＧコート,Manteau Rohokku G
10426,ロホックGFコート,Manteau Rohokku GF
10427,ロホックGXコート,Manteau Rohokku GX
10428,キュールフォールド,
10429,キュールＦフォールド,
10430,キュールFYフォールド,
10431,キュールHSフォールド,
10432,キュールＧフォールド,
10433,キュールGFフォールド,
10434,キュールGXフォールド,
10435,キュールコート,
10436,キュールＦコート,
10437,キュールFYコート,
10438,キュールHSコート,
10439,キュールＧコート,
10440,キュールGFコート,
10441,キュールGXコート,
10442,鬼凛ノ虎布Ｇ,
10443,鬼凛ノ虎布GF,
10444,鬼凛ノ虎布GX,
10445,童凛ノ虎布Ｇ,
10446,童凛ノ虎布GF,
10447,童凛ノ虎布GX,
10448,エギエネフォールド,Tassettes Eguiene
10449,エギエネＦフォールド,Tassettes Eguiene F
10450,エギエネFYフォールド,Tassettes Eguiene FY
10451,エギエネHSフォールド,Tassettes Eguiene HS
10452,エギエネＧフォールド,Tassettes Eguiene G
10453,エギエネGFフォールド,Tassettes Eguiene GF
10454,エギエネGXフォールド,Tassettes Eguiene GX
10455,エギエネコート,Manteau Eguiene
10456,エギエネＦコート,Manteau Eguiene F
10457,エギエネFYコート,Manteau Eguiene FY
10458,エギエネHSコート,Manteau Eguiene HS
10459,エギエネＧコート,Manteau Eguiene G
10460,エギエネGFコート,Manteau Eguiene GF
10461,エギエネGXコート,Manteau Eguiene GX
10462,ヴァクスフォールド,Tassettes Vakusu
10463,ヴァクスＦフォールド,Tassettes Vakusu F
10464,ヴァクスFYフォールド,Tassettes Vakusu FY
10465,ヴァクスHSフォールド,Tassettes Vakusu HS
10466,ヴァクスＧフォールド,Tassettes Vakusu G
10467,ヴァクスGFフォールド,Tassettes Vakusu GF
10468,ヴァクスGXフォールド,Tassettes Vakusu GX
10469,ヴァクスコート,Manteau Vakusu
10470,ヴァクスＦコート,Manteau Vakusu F
10471,ヴァクスFYコート,Manteau Vakusu FY
10472,ヴァクスHSコート,Manteau Vakusu HS
10473,ヴァクスＧコート,Manteau Vakusu G
10474,ヴァクスGFコート,Manteau Vakusu GF
10475,ヴァクスGXコート,Manteau Vakusu GX
10476,ニンファコイル,Ceinturon Nympha
10477,クロエコイル,Ceinturon Chloe
10478,エスピナＺナーベル,
10479,エスピナZFナーベル,
10480,エスピナZYナーベル,
10481,エスピナZXナーベル,
10482,エスピナＺガイツ,
10483,エスピナZFガイツ,
10484,エスピナZYガイツ,
10485,エスピナZXガイツ,
10486,ヒプノＺフォールド,Tassettes Hypnoc Z
10487,ヒプノZFフォールド,Tassettes Hypnoc F
10488,ヒプノZYフォールド,Tassettes Hypnoc ZY
10489,ヒプノZXフォールド,Tassettes Hypnoc ZX
10490,ヒプノＺコート,Manteau Hypnoc Z
10491,ヒプノZFコート,Manteau Hypnoc F
10492,ヒプノZYコート,Manteau Hypnoc ZY
10493,ヒプノZXコート,Manteau Hypnoc ZX
10494,フルフルＺフォールド,Tassettes Khezu Z
10495,フルフルZFフォールド,Tassettes Khezu F
10496,フルフルZYフォールド,Tassettes Khezu ZY
10497,フルフルZXフォールド,Tassettes Khezu ZX
10498,フルフルＺコート,Manteau Khezu Z
10499,フルフルZFコート,Manteau Khezu F
10500,フルフルZYコート,Manteau Khezu ZY
10501,フルフルZXコート,Manteau Khezu ZX
10502,ザザミＺフォールド,Tassettes Hermitaur Z
10503,ザザミZFフォールド,Tassettes Hermitaur F
10504,ザザミZYフォールド,Tassettes Hermitaur ZY
10505,ザザミZXフォールド,Tassettes Hermitaur ZX
10506,ザザミＺコート,Manteau Hermitaur Z
10507,ザザミZFコート,Manteau Hermitaur F
10508,ザザミZYコート,Manteau Hermitaur ZY
10509,ザザミZXコート,Manteau Hermitaur ZX
10510,ディオスコイル,Ceinturon Dios
10511,ディオスＦコイル,Ceinturon Dios F
10512,ディオスFZコイル,Ceinturon Dios FZ
10513,ディオスHSコイル,Ceinturon Dios HS
10514,ディオスGSコイル,Ceinturon Dios GS
10515,ディオスGPコイル,Ceinturon Dios GP
10516,ディオスZPコイル,Ceinturon Dios ZP
10517,ディオスコート,Manteau Dios
10518,ディオスＦコート,Manteau Dios F
10519,ディオスFZコート,Manteau Dios FZ
10520,ディオスHSコート,Manteau Dios HS
10521,ディオスGSコート,Manteau Dios GS
10522,ディオスGPコート,Manteau Dios GP
10523,ディオスZPコート,Manteau Dios ZP
10524,エヴォルコイル・白,Ceinturon Evol blanc
10525,エヴォルＦコイル・白,Ceinturon Evol F blanc
10526,エヴォルFZコイル・白,Ceinturon Evol FZ blanc
10527,エヴォルHSコイル・白,Ceinturon Evol HS blanc
10528,エヴォルGSコイル・白,Ceinturon Evol GS blanc
10529,エヴォルGPコイル・白,Ceinturon Evol GP blanc
10530,エヴォルZPコイル・白,Ceinturon Evol ZP blanc
10531,エヴォルコート・白,Manteau Evol blanc
10532,エヴォルＦコート・白,Manteau Evol F blanc
10533,エヴォルFZコート・白,Manteau Evol FZ blanc
10534,エヴォルHSコート・白,Manteau Evol HS blanc
10535,エヴォルGSコート・白,Manteau Evol GS blanc
10536,エヴォルGPコート・白,Manteau Evol GP blanc
10537,エヴォルZPコート・白,Manteau Evol ZP blanc
10538,エヴォルコイル・赤,Ceinturon Evol rouge
10539,エヴォルＦコイル・赤,Ceinturon Evol F rouge
10540,エヴォルFZコイル・赤,Ceinturon Evol FZ rouge
10541,エヴォルHSコイル・赤,Ceinturon Evol HS rouge
10542,エヴォルGSコイル・赤,Ceinturon Evol GS rouge
10543,エヴォルGPコイル・赤,Ceinturon Evol GP rouge
10544,エヴォルZPコイル・赤,Ceinturon Evol ZP rouge
10545,エヴォルコート・赤,Manteau Evol rouge
10546,エヴォルＦコート・赤,Manteau Evol F rouge
10547,エヴォルFZコート・赤,Manteau Evol FZ rouge
10548,エヴォルHSコート・赤,Manteau Evol HS rouge
10549,エヴォルGSコート・赤,Manteau Evol GS rouge
10550,エヴォルGPコート・赤,Manteau Evol GP rouge
10551,エヴォルZPコート・赤,Manteau Evol ZP rouge
10552,エヴォルコイル・青,Ceinturon Evol bleu
10553,エヴォルＦコイル・青,Ceinturon Evol F bleu
10554,エヴォルFZコイル・青,Ceinturon Evol FZ bleu
10555,エヴォルHSコイル・青,Ceinturon Evol HS bleu
10556,エヴォルGSコイル・青,Ceinturon Evol GS bleu
10557,エヴォルGPコイル・青,Ceinturon Evol GP bleu
10558,エヴォルZPコイル・青,Ceinturon Evol ZP bleu
10559,エヴォルコート・青,Manteau Evol bleu
10560,エヴォルＦコート・青,Manteau Evol F bleu
10561,エヴォルFZコート・青,Manteau Evol FZ bleu
10562,エヴォルHSコート・青,Manteau Evol HS bleu
10563,エヴォルGSコート・青,Manteau Evol GS bleu
10564,エヴォルGPコート・青,Manteau Evol GP bleu
10565,エヴォルZPコート・青,Manteau Evol ZP bleu
10566,エヴォルコイル・紫,Ceinturon Evol violet
10567,エヴォルＦコイル・紫,Ceinturon Evol F violet
10568,エヴォルFZコイル・紫,Ceinturon Evol FZ violet
10569,エヴォルHSコイル・紫,Ceinturon Evol HS violet
10570,エヴォルGSコイル・紫,Ceinturon Evol GS violet
10571,エヴォルGPコイル・紫,Ceinturon Evol GP violet
10572,エヴォルZPコイル・紫,Ceinturon Evol ZP violet
10573,エヴォルコート・紫,Manteau Evol violet
10574,エヴォルＦコート・紫,Manteau Evol F violet
10575,エヴォルFZコート・紫,Manteau Evol FZ violet
10576,エヴォルHSコート・紫,Manteau Evol HS violet
10577,エヴォルGSコート・紫,Manteau Evol GS violet
10578,エヴォルGPコート・紫,Manteau Evol GP violet
10579,エヴォルZPコート・紫,Manteau Evol ZP violet
10580,サクフィコイル,Ceinturon Sakufi
10581,サクフィＦコイル,Ceinturon Sakufi F
10582,サクフィFZコイル,Ceinturon Sakufi FZ
10583,サクフィHSコイル,Ceinturon Sakufi HS
10584,サクフィGSコイル,Ceinturon Sakufi GS
10585,サクフィGPコイル,Ceinturon Sakufi GP
10586,サクフィZPコイル,Ceinturon Sakufi ZP
10587,サクフィコート,Manteau Sakufi
10588,サクフィＦコート,Manteau Sakufi F
10589,サクフィFZコート,Manteau Sakufi FZ
10590,サクフィHSコート,Manteau Sakufi HS
10591,サクフィGSコート,Manteau Sakufi GS
10592,サクフィGPコート,Manteau Sakufi GP
10593,サクフィZPコート,Manteau Sakufi ZP
10594,アスモコイル,Ceinturon Asumo
10595,アスモＦコイル,Ceinturon Asumo F
10596,アスモFZコイル,Ceinturon Asumo FZ
10597,アスモHSコイル,Ceinturon Asumo HS
10598,アスモGSコイル,Ceinturon Asumo GS
10599,アスモGPコイル,Ceinturon Asumo GP
10600,アスモZPコイル,Ceinturon Asumo ZP
10601,アスモコート,Manteau Asumo
10602,アスモＦコート,Manteau Asumo F
10603,アスモFZコート,Manteau Asumo FZ
10604,アスモHSコート,Manteau Asumo HS
10605,アスモGSコート,Manteau Asumo GS
10606,アスモGPコート,Manteau Asumo GP
10607,アスモZPコート,Manteau Asumo ZP
10608,キャロルＣベルト,Ceinture Carol C
10609,ザイラＣコイル,Ceinturon Zaira C
10610,ルースＣウエスト,
10611,アステリZPコイル・白,Ceinturon Asteri ZP blanc
10612,アステリZPコート・白,Manteau Asteri ZP blanc
10613,アステリZPコイル・青,Ceinturon Asteri ZP bleu
10614,アステリZPコート・青,Manteau Asteri ZP bleu
10615,アステリZPコイル・赤,Ceinturon Asteri ZP rouge
10616,アステリZPコート・赤,Manteau Asteri ZP rouge
10617,アステリZPコイル・黒,Ceinturon Asteri ZP noir
10618,アステリZPコート・黒,Manteau Asteri ZP noir
10619,リアンZPコイル・青,Ceinturon Rian ZP bleu
10620,リアンZPコート・青,Manteau Rian ZP bleu
10621,リアンZPコイル・赤,Ceinturon Rian ZP rouge
10622,リアンZPコート・赤,Manteau Rian ZP rouge
10623,リアンZPコイル・黒,Ceinturon Rian ZP noir
10624,リアンZPコート・黒,Manteau Rian ZP noir
10625,リアンZPコイル・白,Ceinturon Rian ZP blanc
10626,リアンZPコート・白,Manteau Rian ZP blanc
10627,キャロルZPベルト・黒,Ceinture Carol ZP noire
10628,キャロルZPコート・黒,Manteau Carol ZP noir
10629,キャロルZPベルト・青,Ceinture Carol ZP bleue
10630,キャロルZPコート・青,Manteau Carol ZP bleu
10631,キャロルZPベルト・白,Ceinture Carol ZP blanche
10632,キャロルZPコート・白,Manteau Carol ZP blanc
10633,キャロルZPベルト・赤,Ceinture Carol ZP rouge
10634,キャロルZPコート・赤,Manteau Carol ZP rouge
10635,ブリゼフォールド,Tassettes Blize
10636,ブリゼＦフォールド,Tassettes Blize F
10637,ブリゼFYフォールド,Tassettes Blize FY
10638,ブリゼHSフォールド,Tassettes Blize HS
10639,ブリゼＧフォールド,Tassettes Blize G
10640,ブリゼGFフォールド,Tassettes Blize GF
10641,ブリゼGXフォールド,Tassettes Blize GX
10642,ブリゼコート,Manteau Blize
10643,ブリゼＦコート,Manteau Blize F
10644,ブリゼFYコート,Manteau Blize FY
10645,ブリゼHSコート,Manteau Blize HS
10646,ブリゼＧコート,Manteau Blize G
10647,ブリゼGFコート,Manteau Blize GF
10648,ブリゼGXコート,Manteau Blize GX
10649,ヒガクレＣフォールド,Tassettes Higakure C
10650,ハロキュＤコイル,Ceinturon Harokyu D
10651,エヴォルＤコイル・白,Ceinturon Evol D blanc
10652,エヴォルＤコイル・赤,Ceinturon Evol D rouge
10653,エヴォルＤコイル・青,Ceinturon Evol D bleu
10654,エヴォルＤコイル・紫,Ceinturon Evol D violet
10655,狩衛部隊コイル・男,
10656,狩衛部隊コイル・女,
10657,蒼皇氷ZPコイル,
10658,蒼皇氷ZPコート,
10659,白皇氷ZPコイル,
10660,白皇氷ZPコート,
10661,紅皇氷ZPコイル,
10662,紅皇氷ZPコート,
10663,ワンダレコイル・青,Ceinturon Wandale bleu
10664,ワンダレＦコイル・青,Ceinturon Wandale F bleu
10665,ワンダレFZコイル・青,Ceinturon Wandale FZ bleu
10666,ワンダレHSコイル・青,Ceinturon Wandale HS bleu
10667,ワンダレGSコイル・青,Ceinturon Wandale GS bleu
10668,ワンダレGPコイル・青,Ceinturon Wandale GP bleu
10669,ワンダレZPコイル・青,Ceinturon Wandale ZP bleu
10670,ワンダレコート・青,Manteau Wandale bleu
10671,ワンダレＦコート・青,Manteau Wandale F bleu
10672,ワンダレFZコート・青,Manteau Wandale FZ bleu
10673,ワンダレHSコート・青,Manteau Wandale HS bleu
10674,ワンダレGSコート・青,Manteau Wandale GS bleu
10675,ワンダレGPコート・青,Manteau Wandale GP bleu
10676,ワンダレZPコート・青,Manteau Wandale ZP bleu
10677,ワンダレコイル・赤,Ceinturon Wandale rouge
10678,ワンダレＦコイル・赤,Ceinturon Wandale F rouge
10679,ワンダレFZコイル・赤,Ceinturon Wandale FZ rouge
10680,ワンダレHSコイル・赤,Ceinturon Wandale HS rouge
10681,ワンダレGSコイル・赤,Ceinturon Wandale GS rouge
10682,ワンダレGPコイル・赤,Ceinturon Wandale GP rouge
10683,ワンダレZPコイル・赤,Ceinturon Wandale ZP rouge
10684,ワンダレコート・赤,Manteau Wandale rouge
10685,ワンダレＦコート・赤,Manteau Wandale F rouge
10686,ワンダレFZコート・赤,Manteau Wandale FZ rouge
10687,ワンダレHSコート・赤,Manteau Wandale HS rouge
10688,ワンダレGSコート・赤,Manteau Wandale GS rouge
10689,ワンダレGPコート・赤,Manteau Wandale GP rouge
10690,ワンダレZPコート・赤,Manteau Wandale ZP rouge
10691,ワンダレコイル・白,Ceinturon Wandale blanc
10692,ワンダレＦコイル・白,Ceinturon Wandale F blanc
10693,ワンダレFZコイル・白,Ceinturon Wandale FZ blanc
10694,ワンダレHSコイル・白,Ceinturon Wandale HS blanc
10695,ワンダレGSコイル・白,Ceinturon Wandale GS blanc
10696,ワンダレGPコイル・白,Ceinturon Wandale GP blanc
10697,ワンダレZPコイル・白,Ceinturon Wandale ZP blanc
10698,ワンダレコート・白,Manteau Wandale blanc
10699,ワンダレＦコート・白,Manteau Wandale F blanc
10700,ワンダレFZコート・白,Manteau Wandale FZ blanc
10701,ワンダレHSコート・白,Manteau Wandale HS blanc
10702,ワンダレGSコート・白,Manteau Wandale GS blanc
10703,ワンダレGPコート・白,Manteau Wandale GP blanc
10704,ワンダレZPコート・白,Manteau Wandale ZP blanc
10705,ワンダレコイル・黒,Ceinturon Wandale noir
10706,ワンダレＦコイル・黒,Ceinturon Wandale F noir
10707,ワンダレFZコイル・黒,Ceinturon Wandale FZ noir
10708,ワンダレHSコイル・黒,Ceinturon Wandale HS noir
10709,ワンダレGSコイル・黒,Ceinturon Wandale GS noir
10710,ワンダレGPコイル・黒,Ceinturon Wandale GP noir
10711,ワンダレZPコイル・黒,Ceinturon Wandale ZP noir
10712,ワンダレコート・黒,Manteau Wandale noir
10713,ワンダレＦコート・黒,Manteau Wandale F noir
10714,ワンダレFZコート・黒,Manteau Wandale FZ noir
10715,ワンダレHSコート・黒,Manteau Wandale HS noir
10716,ワンダレGSコート・黒,Manteau Wandale GS noir
10717,ワンダレGPコート・黒,Manteau Wandale GP noir
10718,ワンダレZPコート・黒,Manteau Wandale ZP noir
10719,ゴアフォールド,
10720,ゴアＧフォールド,
10721,ゴアGFフォールド,
10722,ゴアGXフォールド,
10723,ゴアコート,
10724,ゴアＧコート,
10725,ゴアGFコート,
10726,ゴアGXコート,
10727,ゼナＧフォールド,Tassettes Zena G
10728,ゼナGFフォールド,Tassettes Zena GF
10729,ゼナGXフォールド,Tassettes Zena GX
10730,ゼナＧコート,Manteau Zena G
10731,ゼナGFコート,Manteau Zena GF
10732,ゼナGXコート,Manteau Zena GX
10733,レウスＺコイル,Ceinturon Rathalos Z
10734,レウスZFコイル,Ceinturon Rathalos F
10735,レウスZYコイル,Ceinturon Rathalos ZY
10736,レウスZXコイル,Ceinturon Rathalos ZX
10737,レウスＺコート,Manteau Rathalos Z
10738,レウスZFコート,Manteau Rathalos F
10739,レウスZYコート,Manteau Rathalos ZY
10740,レウスZXコート,Manteau Rathalos ZX
10741,ブランゴＺコイル,Ceinturon Blango Z
10742,ブランゴZFコイル,Ceinturon Blango F
10743,ブランゴZYコイル,Ceinturon Blango ZY
10744,ブランゴZXコイル,Ceinturon Blango ZX
10745,ブランゴＺコート,Manteau Blango Z
10746,ブランゴZFコート,Manteau Blango F
10747,ブランゴZYコート,Manteau Blango ZY
10748,ブランゴZXコート,Manteau Blango ZX
10749,ムルタコイル,Ceinturon Muruta
10750,ムルタＦコイル,Ceinturon Muruta F
10751,ムルタFZコイル,Ceinturon Muruta FZ
10752,ムルタHSコイル,Ceinturon Muruta HS
10753,ムルタGSコイル,Ceinturon Muruta GS
10754,ムルタGPコイル,Ceinturon Muruta GP
10755,ムルタZPコイル,Ceinturon Muruta ZP
10756,ムルタコート,Manteau Muruta
10757,ムルタＦコート,Manteau Muruta F
10758,ムルタFZコート,Manteau Muruta FZ
10759,ムルタHSコート,Manteau Muruta HS
10760,ムルタGSコート,Manteau Muruta GS
10761,ムルタGPコート,Manteau Muruta GP
10762,ムルタZPコート,Manteau Muruta ZP
10763,ハウラコイル,Ceinturon Howla
10764,ハウラＦコイル,Ceinturon Howla F
10765,ハウラFZコイル,Ceinturon Howla FZ
10766,ハウラHSコイル,Ceinturon Howla HS
10767,ハウラGSコイル,Ceinturon Howla GS
10768,ハウラGPコイル,Ceinturon Howla GP
10769,ハウラZPコイル,Ceinturon Howla ZP
10770,ハウラコート,Manteau Howla
10771,ハウラＦコート,Manteau Howla F
10772,ハウラFZコート,Manteau Howla FZ
10773,ハウラHSコート,Manteau Howla HS
10774,ハウラGSコート,Manteau Howla GS
10775,ハウラGPコート,Manteau Howla GP
10776,ハウラZPコート,Manteau Howla ZP
10777,パンセコイル,Ceinturon Panse
10778,パンセＦコイル,Ceinturon Panse F
10779,パンセFZコイル,Ceinturon Panse FZ
10780,パンセHSコイル,Ceinturon Panse HS
10781,パンセGSコイル,Ceinturon Panse GS
10782,パンセGPコイル,Ceinturon Panse GP
10783,パンセZPコイル,Ceinturon Panse ZP
10784,パンセコート,Manteau Panse
10785,パンセＦコート,Manteau Panse F
10786,パンセFZコート,Manteau Panse FZ
10787,パンセHSコート,Manteau Panse HS
10788,パンセGSコート,Manteau Panse GS
10789,パンセGPコート,Manteau Panse GP
10790,パンセZPコート,Manteau Panse ZP
10791,マリジュコイル,Ceinturon Mariage
10792,マリジュＦコイル,Ceinturon Mariage F
10793,マリジュFZコイル,Ceinturon Mariage FZ
10794,マリジュHSコイル,Ceinturon Mariage HS
10795,マリジュGSコイル,Ceinturon Mariage GS
10796,マリジュGPコイル,Ceinturon Mariage GP
10797,マリジュZPコイル,Ceinturon Mariage ZP
10798,マリジュコート,Manteau Mariage
10799,マリジュＦコート,Manteau Mariage F
10800,マリジュFZコート,Manteau Mariage FZ
10801,マリジュHSコート,Manteau Mariage HS
10802,マリジュGSコート,Manteau Mariage GS
10803,マリジュGPコート,Manteau Mariage GP
10804,マリジュZPコート,Manteau Mariage ZP
10805,ユキネコイル,Ceinturon Yukine
10806,ユキネＦコイル,Ceinturon Yukine F
10807,ユキネFZコイル,Ceinturon Yukine FZ
10808,ユキネHSコイル,Ceinturon Yukine HS
10809,ユキネGSコイル,Ceinturon Yukine GS
10810,ユキネGPコイル,Ceinturon Yukine GP
10811,ユキネZPコイル,Ceinturon Yukine ZP
10812,ユキネコート,Manteau Yukine
10813,ユキネＦコート,Manteau Yukine F
10814,ユキネFZコート,Manteau Yukine FZ
10815,ユキネHSコート,Manteau Yukine HS
10816,ユキネGSコート,Manteau Yukine GS
10817,ユキネGPコート,Manteau Yukine GP
10818,ユキネZPコート,Manteau Yukine ZP
10819,雪ミクコイル,
10820,雪ミクＦコイル,
10821,雪ミクFZコイル,
10822,雪ミクHSコイル,
10823,雪ミクGSコイル,
10824,雪ミクGPコイル,
10825,雪ミクZPコイル,
10826,雪ミクコート,
10827,雪ミクＦコート,
10828,雪ミクFZコート,
10829,雪ミクHSコート,
10830,雪ミクGSコート,
10831,雪ミクGPコート,
10832,雪ミクZPコート,
10833,ミクZPコイル,Ceinturon Miku ZP
10834,ミクZPコート,Manteau Miku ZP
10835,オユンZPコイル・青,Ceinturon Oyun ZP bleu
10836,オユンZPコート・青,Manteau Oyun ZP bleu
10837,オユンZPコイル・赤,Ceinturon Oyun ZP rouge
10838,オユンZPコート・赤,Manteau Oyun ZP rouge
10839,オユンZPコイル・黒,Ceinturon Oyun ZP noir
10840,オユンZPコート・黒,Manteau Oyun ZP noir
10841,オユンZPコイル・白,Ceinturon Oyun ZP blanc
10842,オユンZPコート・白,Manteau Oyun ZP blanc
10843,鬼穿ノ虎布Ｇ,
10844,鬼穿ノ虎布GF,
10845,鬼穿ノ虎布GX,
10846,童穿ノ虎布Ｇ,
10847,童穿ノ虎布GF,
10848,童穿ノ虎布GX,
10849,ラーヴェコイル,
10850,ラーヴェＦコイル,
10851,ラーヴェFYコイル,
10852,ラーヴェHSコイル,
10853,ラーヴェＧコイル,
10854,ラーヴェGFコイル,
10855,ラーヴェGXコイル,
10856,ラーヴェコート,
10857,ラーヴェＦコート,
10858,ラーヴェFYコート,
10859,ラーヴェHSコート,
10860,ラーヴェＧコート,
10861,ラーヴェGFコート,
10862,ラーヴェGXコート,
10863,ワンダレＤコイル・青,Ceinturon Wandale D bleu
10864,ワンダレＤコイル・赤,Ceinturon Wandale D rouge
10865,ワンダレＤコイル・白,Ceinturon Wandale D blanc
10866,ワンダレＤコイル・黒,Ceinturon Wandale D noir
10867,蒼皇氷Ｄコイル,
10868,白皇氷Ｄコイル,
10869,紅皇氷Ｄコイル,
10870,ランセＣフォールド,Tassettes Rance C
10871,サンタＤフォールド,Tassettes Santa D
10872,ガウシカＤフォールド,Tassettes Anteka D
10873,チアリムZPコイル,Ceinturon Chiarim ZP
10874,チアリムZPコート,Manteau Chiarim ZP
10875,カタンテＺコイル,Ceinturon Katante Z
10876,カタンテZFコイル,Ceinturon Katante F
10877,カタンテZYコイル,Ceinturon Katante ZY
10878,カタンテZXコイル,Ceinturon Katante ZX
10879,カタンテＺコート,Manteau Katante Z
10880,カタンテZFコート,Manteau Katante F
10881,カタンテZYコート,Manteau Katante ZY
10882,カタンテZXコート,Manteau Katante ZX
10883,サクフィＤコイル,Ceinturon Sakufi D
10884,アスモＤコイル,Ceinturon Asumo D
10885,ディオスＤコイル,Ceinturon Dios D
10886,アステリＤコイル・白,Ceinturon Asteri D blanc
10887,アステリＤコイル・青,Ceinturon Asteri D bleu
10888,アステリＤコイル・赤,Ceinturon Asteri D rouge
10889,アステリＤコイル・黒,Ceinturon Asteri D noir
10890,リアンＤコイル・青,Ceinturon Rian D bleu
10891,リアンＤコイル・赤,Ceinturon Rian D rouge
10892,リアンＤコイル・黒,Ceinturon Rian D noir
10893,リアンＤコイル・白,Ceinturon Rian D blanc
10894,リアンＤコイル・紅,Ceinturon Rian D cramoisi
10895,リアンＤコイル・藍,
10896,リアンＤコイル・桃,Ceinturon Rian D rose
10897,キャロルＤベルト・黒,Ceinture Carol D noire
10898,キャロルＤベルト・青,Ceinture Carol D bleue
10899,キャロルＤベルト・白,Ceinture Carol D blanche
10900,キャロルＤベルト・赤,Ceinture Carol D rouge
10901,キャロルＤベルト・桃,Ceinture Carol D rose
10902,ゴシックＤフォールド,Tassettes Gothic D
10903,キリンＤフープ,
10904,ファルノＤフォールド,Tassettes Farunokku D
10905,ファルノＤコート,Manteau Farunokku D
10906,ポカラＤフォールド,Tassettes Pokara D
10907,ポカラＤコート,Manteau Pokara D
10908,創音奏Ｄ【腰当て】,
10909,音紡奏Ｄ【腰当て】,
10910,照雷Ｄ【腰当て】,
10911,明雷Ｄ【腰当て】,
10912,トリドＤフォールド,Tassettes Torid D
10913,トリドＤコート,Manteau Torid D
10914,グァンＤコイル,Ceinturon Guan D
10915,グァンＤコート,Manteau Guan D
10916,ヴァルＤフォールド,Tassettes Varusa D
10917,ヴァルＤコート,Manteau Varusa D
10918,トアＤフォールド,Tassettes Toa D
10919,トアＤコート,Manteau Toa D
10920,ブリッツＤフープ,
10921,ストロマＤフォールド,Tassettes Stroma D
10922,ストロマＤコート,Manteau Stroma D
10923,雅深Ｄ【腰帯】,
10924,雅淵Ｄ【腰帯】,
10925,アルテラＤフォールド,Tassettes Altera D
10926,アルテラＤコート,Manteau Altera D
10927,ポボルムＤフォールド,Tassettes Pobo D
10928,ポボルムＤコート,Manteau Pobo D
10929,ジンオウＣフォールド,Tassettes Zinogre C
10930,ジンオウＣコート,Manteau Zinogre C
10931,タロスＵＤフォールド,Tassettes Hornetaur
10932,タロスＵＤコート,Manteau Hornetaur
10933,レウスＤフォールド,Tassettes Rathalos D
10934,レウスＤコート,Manteau Rathalos D
10935,ゴゴＤフォールド,Tassettes Gogomoa D
10936,ゴゴＤコート,Manteau Gogomoa D
10937,アスールＤフォールド,Tassettes Azul D
10938,アスールＤコート,Manteau Azul D
10939,ハーヴェストＤコイル,Ceinturon Moisson D
10940,ハーヴェストＤコート,Manteau Moisson D
10941,メランＤフォールド,Tassettes Melan D
10942,メランＤコート,Manteau Melan D
10943,ディールＤフォールド,Tassettes Diru D
10944,ディールＤコート,Manteau Diru D
10945,タンドレスＤコイル,Ceinturon Tandress D
10946,タンドレスＤコート,Manteau Tandress D
10947,ランセＤフォールド,Tassettes Rance D
10948,ランセＤコート,Manteau Rance D
10949,ガネトＤフォールド,Tassettes Ganeto D
10950,ガネトＤコート,Manteau Ganeto D
10951,チールＤフォールド,Tassettes Chiru D
10952,チールＤコート,Manteau Chiru D
10953,シウスＤフォールド,Tassettes Shiusu D
10954,シウスＤコート,Manteau Shiusu D
10955,ワンスＤコート・無,
10956,淡桜Ｄ【帯】,
10957,ペレグリコイル,Ceinturon Pelegri
10958,ペレグリＦコイル,Ceinturon Pelegri F
10959,ペレグリFZコイル,Ceinturon Pelegri FZ
10960,ペレグリHSコイル,Ceinturon Pelegri HS
10961,ペレグリGSコイル,Ceinturon Pelegri GS
10962,ペレグリGPコイル,Ceinturon Pelegri GP
10963,ペレグリZPコイル,Ceinturon Pelegri ZP
10964,ペレグリコート,Manteau Pelegri
10965,ペレグリＦコート,Manteau Pelegri F
10966,ペレグリFZコート,Manteau Pelegri FZ
10967,ペレグリHSコート,Manteau Pelegri HS
10968,ペレグリGSコート,Manteau Pelegri GS
10969,ペレグリGPコート,Manteau Pelegri GP
10970,ペレグリZPコート,Manteau Pelegri ZP
10971,メラルーZPコイル,Ceinturon Melynx ZP
10972,メラルーZPコート,Manteau Melynx ZP
10973,アイルーZPコイル,Ceinturon Felyne ZP
10974,アイルーZPコート,Manteau Felyne ZP
10975,アメショZPコイル,Ceinturon Tigré ZP
10976,アメショZPコート,Manteau Tigré ZP
10977,チャトラZPコイル,
10978,チャトラZPコート,
10979,ミケZPコイル,
10980,ミケZPコート,
10981,シロZPコイル,
10982,シロZPコート,
10983,チャシロZPコイル,Ceinturon Chashiro ZP
10984,チャシロZPコート,Manteau Chashiro ZP
10985,クロシロZPコイル,Ceinturon Two-tone ZP
10986,クロシロZPコート,Manteau Two-tone ZP
10987,和奏ノ腰帯ZP,
10988,和奏ノ色帯ZP,
10989,ハウラＤコイル,Ceinturon Howla D
10990,パンセＤコイル,Ceinturon Panse D
10991,マリジュＤコイル,Ceinturon Mariage D
10992,ユキネＤコイル,Ceinturon Yukine D
10993,雪ミクＤコイル,
10994,ミクＤコイル,Ceinturon Miku D
10995,和奏ノ腰帯Ｄ,
10996,メラルーＤコイル,Ceinturon Melynx D
10997,アイルーＤコイル,Ceinturon Felyne D
10998,アメショＤコイル,Ceinturon Tigré D
10999,チャトラＤコイル,
11000,ミケＤコイル,
11001,シロＤコイル,
11002,チャシロＤコイル,Ceinturon Chashiro D
11003,クロシロＤコイル,Ceinturon Two-tone D
11004,ビストロＤエプロン,
11005,オウビートＤアンカ,
11006,パピメルＤアンカ,
11007,鬼神ノ虎布Ｄ,
11008,鬼伝ノ虎布Ｄ,
11009,鬼凛ノ虎布Ｄ,
11010,エンプレスＣコイル,Ceinturon Impératrice C
11011,エンプレスＣコート,Manteau Impératrice C
11012,カイザーＣフォールド,
11013,カイザーＣコート,
11014,ドラゴンＤウイング,
11015,ドラゴンＤテイル,
11016,ナルガＣフォールド,Tassettes Nargacuga C
11017,ナルガＣコート,Manteau Nargacuga C
11018,焔嶽GX【腰当て】,
11019,緋嶽GX【腰当て】,
11020,ヴァシムＺコイル,Ceinturon Vashimu Z
11021,ヴァシムZFコイル,Ceinturon Vashimu F
11022,ヴァシムZYコイル,Ceinturon Vashimu ZY
11023,ヴァシムZXコイル,Ceinturon Vashimu ZX
11024,ヴァシムＺコート,Manteau Vashimu Z
11025,ヴァシムZFコート,Manteau Vashimu F
11026,ヴァシムZYコート,Manteau Vashimu ZY
11027,ヴァシムZXコート,Manteau Vashimu ZX
11028,レックスＺコイル,Ceinturon Tigrex Z
11029,レックスZFコイル,Ceinturon Tigrex F
11030,レックスZYコイル,Ceinturon Tigrex ZY
11031,レックスZXコイル,Ceinturon Tigrex ZX
11032,レックスＺコート,Manteau Tigrex Z
11033,レックスZFコート,Manteau Tigrex F
11034,レックスZYコート,Manteau Tigrex ZY
11035,レックスZXコート,Manteau Tigrex ZX
11036,アデルコイル,Ceinturon Adel
11037,アデルＦコイル,Ceinturon Adel F
11038,アデルFZコイル,Ceinturon Adel FZ
11039,アデルHSコイル,Ceinturon Adel HS
11040,アデルGSコイル,Ceinturon Adel GS
11041,アデルGPコイル,Ceinturon Adel GP
11042,アデルZPコイル,Ceinturon Adel ZP
11043,アデルコート,Manteau Adel
11044,アデルＦコート,Manteau Adel F
11045,アデルFZコート,Manteau Adel FZ
11046,アデルHSコート,Manteau Adel HS
11047,アデルGSコート,Manteau Adel GS
11048,アデルGPコート,Manteau Adel GP
11049,アデルZPコート,Manteau Adel ZP
11050,ロックブーケコイル,Ceinturon Rocbouquet
11051,ロックブーケＦコイル,Ceinturon Rocbouquet F
11052,ロックブーケFZコイル,Ceinturon Rocbouquet FZ
11053,ロックブーケHSコイル,Ceinturon Rocbouquet HS
11054,ロックブーケGSコイル,Ceinturon Rocbouquet GS
11055,ロックブーケGPコイル,Ceinturon Rocbouquet GP
11056,ロックブーケZPコイル,Ceinturon Rocbouquet ZP
11057,ロックブーケコート,Manteau Rocbouquet
11058,ロックブーケＦコート,Manteau Rocbouquet F
11059,ロックブーケFZコート,Manteau Rocbouquet FZ
11060,ロックブーケHSコート,Manteau Rocbouquet HS
11061,ロックブーケGSコート,Manteau Rocbouquet GS
11062,ロックブーケGPコート,Manteau Rocbouquet GP
11063,ロックブーケZPコート,Manteau Rocbouquet ZP
11064,アルカイザーコイル,Ceinturon Alkaiser
11065,アルカイザーＦコイル,Ceinturon Alkaiser F
11066,アルカイザーFZコイル,Ceinturon Alkaiser FZ
11067,アルカイザーHSコイル,Ceinturon Alkaiser HS
11068,アルカイザーGSコイル,Ceinturon Alkaiser GS
11069,アルカイザーGPコイル,Ceinturon Alkaiser GP
11070,アルカイザーZPコイル,Ceinturon Alkaiser ZP
11071,アルカイザーコート,Manteau Alkaiser
11072,アルカイザーＦコート,Manteau Alkaiser F
11073,アルカイザーFZコート,Manteau Alkaiser FZ
11074,アルカイザーHSコート,Manteau Alkaiser HS
11075,アルカイザーGSコート,Manteau Alkaiser GS
11076,アルカイザーGPコート,Manteau Alkaiser GP
11077,アルカイザーZPコート,Manteau Alkaiser ZP
11078,クローディアコイル,Ceinturon Claudia
11079,クローディアＦコイル,Ceinturon Claudia F
11080,クローディアFZコイル,Ceinturon Claudia FZ
11081,クローディアHSコイル,Ceinturon Claudia HS
11082,クローディアGSコイル,Ceinturon Claudia GS
11083,クローディアGPコイル,Ceinturon Claudia GP
11084,クローディアZPコイル,Ceinturon Claudia ZP
11085,クローディアコート,Manteau Claudia
11086,クローディアＦコート,Manteau Claudia F
11087,クローディアFZコート,Manteau Claudia FZ
11088,クローディアHSコート,Manteau Claudia HS
11089,クローディアGSコート,Manteau Claudia GS
11090,クローディアGPコート,Manteau Claudia GP
11091,クローディアZPコート,Manteau Claudia ZP
11092,ヘシュムコイル,Ceinturon Hesyumu
11093,ヘシュムＦコイル,Ceinturon Hesyumu F
11094,ヘシュムFZコイル,Ceinturon Hesyumu FZ
11095,ヘシュムHSコイル,Ceinturon Hesyumu HS
11096,ヘシュムGSコイル,Ceinturon Hesyumu GS
11097,ヘシュムGPコイル,Ceinturon Hesyumu GP
11098,ヘシュムZPコイル,Ceinturon Hesyumu ZP
11099,ヘシュムコート,Manteau Hesyumu
11100,ヘシュムＦコート,Manteau Hesyumu F
11101,ヘシュムFZコート,Manteau Hesyumu FZ
11102,ヘシュムHSコート,Manteau Hesyumu HS
11103,ヘシュムGSコート,Manteau Hesyumu GS
11104,ヘシュムGPコート,Manteau Hesyumu GP
11105,ヘシュムZPコート,Manteau Hesyumu ZP
11106,カサミエコイル,Ceinturon Kasamie
11107,カサミエＦコイル,Ceinturon Kasamie F
11108,カサミエFZコイル,Ceinturon Kasamie FZ
11109,カサミエHSコイル,Ceinturon Kasamie HS
11110,カサミエGSコイル,Ceinturon Kasamie GS
11111,カサミエGPコイル,Ceinturon Kasamie GP
11112,カサミエZPコイル,Ceinturon Kasamie ZP
11113,カサミエコート,Manteau Kasamie
11114,カサミエＦコート,Manteau Kasamie F
11115,カサミエFZコート,Manteau Kasamie FZ
11116,カサミエHSコート,Manteau Kasamie HS
11117,カサミエGSコート,Manteau Kasamie GS
11118,カサミエGPコート,Manteau Kasamie GP
11119,カサミエZPコート,Manteau Kasamie ZP
11120,シエロZPコイル,Ceinturon Cielo ZP
11121,シエロZPコート,Manteau Cielo ZP
11122,ヴィーチZPコイル,Ceinturon Vichi ZP
11123,ヴィーチZPコート,Manteau Vichi ZP
11124,ラピヌZPベルト,Ceinture Lapine ZP
11125,ラピヌZPコート,Manteau Lapine ZP
11126,ベイルZPリフレクサー,
11127,パシオフォールド,Tassettes Pashio
11128,パシオＦフォールド,Tassettes Pashio F
11129,パシオFYフォールド,Tassettes Pashio FY
11130,パシオHSフォールド,Tassettes Pashio HS
11131,パシオＧフォールド,Tassettes Pashio G
11132,パシオGFフォールド,Tassettes Pashio GF
11133,パシオGXフォールド,Tassettes Pashio GX
11134,パシオコート,Manteau Pashio
11135,パシオＦコート,Manteau Pashio F
11136,パシオFYコート,Manteau Pashio FY
11137,パシオHSコート,Manteau Pashio HS
11138,パシオＧコート,Manteau Pashio G
11139,パシオGFコート,Manteau Pashio GF
11140,パシオGXコート,Manteau Pashio GX
11141,ハルドＤフォールド,Tassettes Harudo D
11142,ハルドＤコート,Manteau Harudo D
11143,雅孔Ｄ【腰帯】,
11144,雅穿Ｄ【腰帯】,
11145,メラギＤフォールド,Tassettes Meraginasu D
11146,メラギＤコート,Manteau Meraginasu D
11147,ヘシュムＤコイル,Ceinturon Hesyumu D
11148,カサミエＤコイル,Ceinturon Kasamie D
11149,シエロＤコイル,Ceinturon Cielo D
11150,ヴィーチＤコイル,Ceinturon Vichi D
11151,アデルＤコイル,Ceinturon Adel D
11152,ロックブーケＤコイル,Ceinturon Rocbouquet D
11153,アルカイザーＤコイル,Ceinturon Alkaiser D
11154,クローディアＤコイル,Ceinturon Claudia D
11155,キノスＤフォールド,Tassettes Kinosu D
11156,ヒメロスＤフォールド,Tassettes Himeros D
11157,カリエンＤコート,Manteau Charien D
11158,アリエッタＤウエスト,Taille Arietta D
11159,クラフトＤコイル,
11160,シエリーＤフォールド,Tassettes Shieri D
11161,プペンＤフォールド,Tassettes Pupen D
11162,モスカバＤフォールド,
11163,エクセレＤフォールド,Tassettes Excelle D
11164,オルドルＤフォールド,Tassettes Ordre D
11165,リオデュオＤコイル,Ceinturon Rath D
11166,アトラＤコイル,Ceinturon Atra D
11167,マダルＤコイル,Ceinturon Madaru D
11168,シャッセＤフォールド,Tassettes Shasse D
11169,オルケシスＤコイル,Ceinturon Orchesis D
11170,ブリゼＤフォールド,Tassettes Blize D
11171,クオイズＤコイル,Ceinturon Quoiz D
11172,カライスＤコイル,Ceinturon Kalais D
11173,ルケーゼＤコイル,Ceinturon Lucchese D
11174,エントラＤコイル,Ceinturon Entora D
11175,ﾖﾙﾊ九号S型コイル,Ceinturon YoRHa
11176,ﾖﾙﾊ九号S型Ｆコイル,Ceinturon YoRHa
11177,ﾖﾙﾊ九号S型FZコイル,Ceinturon YoRHa
11178,ﾖﾙﾊ九号S型HSコイル,Ceinturon YoRHa
11179,ﾖﾙﾊ九号S型GSコイル,Ceinturon YoRHa
11180,ﾖﾙﾊ九号S型GPコイル,Ceinturon YoRHa
11181,ﾖﾙﾊ九号S型ZPコイル,Ceinturon YoRHa
11182,ﾖﾙﾊ九号S型コート,Manteau YoRHa
11183,ﾖﾙﾊ九号S型Ｆコート,Manteau YoRHa
11184,ﾖﾙﾊ九号S型FZコート,Manteau YoRHa
11185,ﾖﾙﾊ九号S型HSコート,Manteau YoRHa
11186,ﾖﾙﾊ九号S型GSコート,Manteau YoRHa
11187,ﾖﾙﾊ九号S型GPコート,Manteau YoRHa
11188,ﾖﾙﾊ九号S型ZPコート,Manteau YoRHa
11189,ﾖﾙﾊ二号B型コイル,Ceinturon YoRHa
11190,ﾖﾙﾊ二号B型Ｆコイル,Ceinturon YoRHa F
11191,ﾖﾙﾊ二号B型FZコイル,Ceinturon YoRHa FZ
11192,ﾖﾙﾊ二号B型HSコイル,Ceinturon YoRHa HS
11193,ﾖﾙﾊ二号B型GSコイル,Ceinturon YoRHa GS
11194,ﾖﾙﾊ二号B型GPコイル,Ceinturon YoRHa GP
11195,ﾖﾙﾊ二号B型ZPコイル,Ceinturon YoRHa ZP
11196,ﾖﾙﾊ二号B型コート,Manteau YoRHa
11197,ﾖﾙﾊ二号B型Ｆコート,Manteau YoRHa F
11198,ﾖﾙﾊ二号B型FZコート,Manteau YoRHa FZ
11199,ﾖﾙﾊ二号B型HSコート,Manteau YoRHa HS
11200,ﾖﾙﾊ二号B型GSコート,Manteau YoRHa GS
11201,ﾖﾙﾊ二号B型GPコート,Manteau YoRHa GP
11202,ﾖﾙﾊ二号B型ZPコート,Manteau YoRHa ZP
11203,シャガルフォールド,Tassettes Shagaru
11204,シャガルＧフォールド,Tassettes Shagaru G
11205,シャガルGFフォールド,Tassettes Shagaru GF
11206,シャガルGXフォールド,Tassettes Shagaru GX
11207,シャガルコート,Manteau Shagaru
11208,シャガルＧコート,Manteau Shagaru G
11209,シャガルGFコート,Manteau Shagaru GF
11210,シャガルGXコート,Manteau Shagaru GX
11211,ヒュジＺコイル,Ceinturon Hyujikiki Z
11212,ヒュジZFコイル,Ceinturon Hyujikiki F
11213,ヒュジZYコイル,Ceinturon Hyujikiki ZY
11214,ヒュジZXコイル,Ceinturon Hyujikiki ZX
11215,ヒュジＺコート,Manteau Hyujikiki Z
11216,ヒュジZFコート,Manteau Hyujikiki F
11217,ヒュジZYコート,Manteau Hyujikiki ZY
11218,ヒュジZXコート,Manteau Hyujikiki ZX
11219,ギアＺコイル,Ceinturon Engrenage Z
11220,ギアZFコイル,
11221,ギアZYコイル,Ceinturon Engrenage ZY
11222,ギアZXコイル,Ceinturon Engrenage ZX
11223,ギアＺコート,Manteau Engrenage Z
11224,ギアZFコート,
11225,ギアZYコート,Manteau Engrenage ZY
11226,ギアZXコート,Manteau Engrenage ZX
11227,ロッカコイル,Ceinturon Rokka
11228,ロッカＦコイル,Ceinturon Rokka F
11229,ロッカFZコイル,Ceinturon Rokka FZ
11230,ロッカHSコイル,Ceinturon Rokka HS
11231,ロッカGSコイル,Ceinturon Rokka GS
11232,ロッカGPコイル,Ceinturon Rokka GP
11233,ロッカZPコイル,Ceinturon Rokka ZP
11234,ロッカコート,Manteau Rokka
11235,ロッカＦコート,Manteau Rokka F
11236,ロッカFZコート,Manteau Rokka FZ
11237,ロッカHSコート,Manteau Rokka HS
11238,ロッカGSコート,Manteau Rokka GS
11239,ロッカGPコート,Manteau Rokka GP
11240,ロッカZPコート,Manteau Rokka ZP
11241,ペンレコイル,Ceinturon Penre
11242,ペンレＦコイル,Ceinturon Penre F
11243,ペンレFZコイル,Ceinturon Penre FZ
11244,ペンレHSコイル,Ceinturon Penre HS
11245,ペンレGSコイル,Ceinturon Penre GS
11246,ペンレGPコイル,Ceinturon Penre GP
11247,ペンレZPコイル,Ceinturon Penre ZP
11248,ペンレコート,Manteau Penre
11249,ペンレＦコート,Manteau Penre F
11250,ペンレFZコート,Manteau Penre FZ
11251,ペンレHSコート,Manteau Penre HS
11252,ペンレGSコート,Manteau Penre GS
11253,ペンレGPコート,Manteau Penre GP
11254,ペンレZPコート,Manteau Penre ZP
11255,赤原礼装・腰：剣ZP赤,Taille Akahara ZP Lame rouge
11256,赤原礼装・腰：弓ZP赤,Taille Akahara ZP Arc rouge
11257,赤原礼装・腰：剣ZP青,Taille Akahara ZP Lame bleue
11258,赤原礼装・腰：弓ZP青,Taille Akahara ZP Arc bleue
11259,赤原礼装・腰：剣ZP黒,Taille Akahara ZP Lame noire
11260,赤原礼装・腰：弓ZP黒,Taille Akahara ZP Arc noire
11261,赤原礼装・腰：剣ZP白,Taille Akahara ZP Lame blanche
11262,赤原礼装・腰：弓ZP白,Taille Akahara ZP Arc blanche
11263,騎士王の腰当：剣ZP青,
11264,騎士王の腰当：弓ZP青,
11265,騎士王の腰当：剣ZP赤,
11266,騎士王の腰当：弓ZP赤,
11267,騎士王の腰当：剣ZP黒,
11268,騎士王の腰当：弓ZP黒,
11269,騎士王の腰当：剣ZP白,
11270,騎士王の腰当：弓ZP白,
11271,英雄王の腰当：剣ZP金,
11272,英雄王の腰当：銃ZP金,
11273,英雄王の腰当：剣ZP黒,
11274,英雄王の腰当：銃ZP黒,
11275,英雄王の腰当：剣ZP白,
11276,英雄王の腰当：銃ZP白,
11277,英雄王の腰当：剣ZP赤,
11278,英雄王の腰当：銃ZP赤,
11279,ゴルゴンZPコイル・黒,Ceinturon Gorgone ZP noir
11280,ゴルゴンZPコート・黒,Manteau Gorgone ZP noir
11281,ゴルゴンZPコイル・青,Ceinturon Gorgone ZP bleu
11282,ゴルゴンZPコート・青,Manteau Gorgone ZP bleu
11283,ゴルゴンZPコイル・白,Ceinturon Gorgone ZP blanc
11284,ゴルゴンZPコート・白,Manteau Gorgone ZP blanc
11285,ゴルゴンZPコイル・赤,Ceinturon Gorgone ZP rouge
11286,ゴルゴンZPコート・赤,Manteau Gorgone ZP rouge
11287,アーベンZPコイル,Ceinturon Arben ZP
11288,アーベンZPコート,Manteau Arben ZP
11289,アウラZPコイル,
11290,アウラZPコート,
11291,ガガチュZPコイル,Ceinturon Gagachu ZP
11292,ガガチュZPコート,Manteau Gagachu ZP
11293,クロフィZPコイル,Ceinturon Kurofi ZP
11294,クロフィZPコート,Manteau Kurofi ZP
11295,ケラヴノZPコイル,Ceinturon Keravuno ZP
11296,ケラヴノZPコート,Manteau Keravuno ZP
11297,リカンテＺコイル,Ceinturon Rikante Z
11298,リカンテZFコイル,Ceinturon Rikante F
11299,リカンテZYコイル,Ceinturon Rikante ZY
11300,リカンテZXコイル,Ceinturon Rikante ZX
11301,リカンテＺコート,Manteau Rikante Z
11302,リカンテZFコート,Manteau Rikante F
11303,リカンテZYコート,Manteau Rikante ZY
11304,リカンテZXコート,Manteau Rikante ZX
11305,チャトレＧフォールド,Tassettes Chatore G
11306,チャトレGFフォールド,Tassettes Chatore GF
11307,チャトレGXフォールド,Tassettes Chatore GX
11308,チャトレＧコート,Manteau Chatore G
11309,チャトレGFコート,Manteau Chatore GF
11310,チャトレGXコート,Manteau Chatore GX
11311,ドゥンルGXフォールド,Tassettes Donru GX
11312,ドゥンルGXコート,Manteau Donru GX
11313,ペンレＤコイル,Ceinturon Penre D
11314,ロッカＤコイル,Ceinturon Rokka D
11315,ﾖﾙﾊ九号S型Ｄコイル,Ceinturon YoRHa
11316,ﾖﾙﾊ二号B型Ｄコイル,Ceinturon YoRHa D
11317,トリートＣウエスト,
11318,クラフトＣコイル,
11319,シエロＣコイル,Ceinturon Cielo C
11320,アイルーＣコイル,Ceinturon Felyne C
11321,赤原礼装・腰：弓Ｄ赤,Taille Akahara D Arc rouge
11322,赤原礼装・腰：弓Ｄ青,Taille Akahara D Arc bleue
11323,赤原礼装・腰：弓Ｄ黒,Taille Akahara D Arc noire
11324,赤原礼装・腰：弓Ｄ白,Taille Akahara D Arc blanche
11325,騎士王の腰当：剣Ｄ青,
11326,騎士王の腰当：剣Ｄ赤,
11327,騎士王の腰当：剣Ｄ黒,
11328,騎士王の腰当：剣Ｄ白,
11329,英雄王の腰当：剣Ｄ金,
11330,英雄王の腰当：剣Ｄ黒,
11331,英雄王の腰当：剣Ｄ白,
11332,英雄王の腰当：剣Ｄ赤,
11333,ゴルゴンＤコイル・黒,Ceinturon Gorgone D noir
11334,ゴルゴンＤコイル・青,Ceinturon Gorgone D bleu
11335,ゴルゴンＤコイル・白,Ceinturon Gorgone D blanc
11336,ゴルゴンＤコイル・赤,Ceinturon Gorgone D rouge
11337,アーベンＤコイル,Ceinturon Arben D
11338,アウラＤコイル,
11339,ガガチュＤコイル,Ceinturon Gagachu D
11340,クロフィＤコイル,Ceinturon Kurofi D
11341,ケラヴノＤコイル,Ceinturon Keravuno D
11342,エスピナZDナーベル,
11343,エスピナZDガイツ,
11344,ヒプノZDフォールド,Tassettes Hypnoc D
11345,ヒプノZDコート,Manteau Hypnoc D
11346,フルフルZDフォールド,Tassettes Khezu D
11347,フルフルZDコート,Manteau Khezu D
11348,ザザミZDフォールド,Tassettes Hermitaur D
11349,ザザミZDコート,Manteau Hermitaur D
11350,レウスZDコイル,Ceinturon Rathalos D
11351,レウスZDコート,Manteau Rathalos D
11352,ブランゴZDコイル,Ceinturon Blango D
11353,ブランゴZDコート,Manteau Blango D
11354,ヴァシムZDコイル,Ceinturon Vashimu D
11355,ヴァシムZDコート,Manteau Vashimu D
11356,レックスZDコイル,Ceinturon Tigrex D
11357,レックスZDコート,Manteau Tigrex D
11358,ヒュジZDコイル,Ceinturon Hyujikiki D
11359,ヒュジZDコート,Manteau Hyujikiki D
11360,ギアZDコイル,
11361,ギアZDコート,
11362,ムルタＤコイル,Ceinturon Muruta D
11363,ミドＺコイル,Ceinturon Midogaron Z
11364,ミドZFコイル,Ceinturon Midogaron F
11365,ミドZYコイル,Ceinturon Midogaron ZY
11366,ミドZXコイル,Ceinturon Midogaron ZX
11367,ミドＺコート,Manteau Midogaron Z
11368,ミドZFコート,Manteau Midogaron F
11369,ミドZYコート,Manteau Midogaron ZY
11370,ミドZXコート,Manteau Midogaron ZX
11371,祖龍GXスパイン,
11372,祖龍GXスケイル,
11373,エルゼＧコイル,Ceinturon Elzelion G
11374,エルゼGFコイル,Ceinturon Elzelion GF
11375,エルゼGXコイル,Ceinturon Elzelion GX
11376,エルゼＧコート,Manteau Elzelion G
11377,エルゼGFコート,Manteau Elzelion GF
11378,エルゼGXコート,Manteau Elzelion GX
11379,ザッカコイル,Ceinturon Zakka
11380,ザッカＦコイル,Ceinturon Zakka F
11381,ザッカFZコイル,Ceinturon Zakka FZ
11382,ザッカHSコイル,Ceinturon Zakka HS
11383,ザッカGSコイル,Ceinturon Zakka GS
11384,ザッカGPコイル,Ceinturon Zakka GP
11385,ザッカZPコイル,Ceinturon Zakka ZP
11386,ザッカコート,Manteau Zakka
11387,ザッカＦコート,Manteau Zakka F
11388,ザッカFZコート,Manteau Zakka FZ
11389,ザッカHSコート,Manteau Zakka HS
11390,ザッカGSコート,Manteau Zakka GS
11391,ザッカGPコート,Manteau Zakka GP
11392,ザッカZPコート,Manteau Zakka ZP
11393,蒼ノ剣雄コイル,
11394,蒼ノ剣雄Ｆコイル,
11395,蒼ノ剣雄FZコイル,
11396,蒼ノ剣雄HSコイル,
11397,蒼ノ剣雄GSコイル,
11398,蒼ノ剣雄GPコイル,
11399,蒼ノ剣雄ZPコイル,
11400,紅ノ双星コイル,
11401,紅ノ双星Ｆコイル,
11402,紅ノ双星FZコイル,
11403,紅ノ双星HSコイル,
11404,紅ノ双星GSコイル,
11405,紅ノ双星GPコイル,
11406,紅ノ双星ZPコイル,
11407,黒ノ天剣コイル,
11408,黒ノ天剣Ｆコイル,
11409,黒ノ天剣FZコイル,
11410,黒ノ天剣HSコイル,
11411,黒ノ天剣GSコイル,
11412,黒ノ天剣GPコイル,
11413,黒ノ天剣ZPコイル,
11414,茜ノ春刀コイル,
11415,茜ノ春刀Ｆコイル,
11416,茜ノ春刀FZコイル,
11417,茜ノ春刀HSコイル,
11418,茜ノ春刀GSコイル,
11419,茜ノ春刀GPコイル,
11420,茜ノ春刀ZPコイル,
11421,菊ノ乱鎚コイル,
11422,菊ノ乱鎚Ｆコイル,
11423,菊ノ乱鎚FZコイル,
11424,菊ノ乱鎚HSコイル,
11425,菊ノ乱鎚GSコイル,
11426,菊ノ乱鎚GPコイル,
11427,菊ノ乱鎚ZPコイル,
11428,桜ノ歌笛コイル,
11429,桜ノ歌笛Ｆコイル,
11430,桜ノ歌笛FZコイル,
11431,桜ノ歌笛HSコイル,
11432,桜ノ歌笛GSコイル,
11433,桜ノ歌笛GPコイル,
11434,桜ノ歌笛ZPコイル,
11435,空ノ砕槍コイル,
11436,空ノ砕槍Ｆコイル,
11437,空ノ砕槍FZコイル,
11438,空ノ砕槍HSコイル,
11439,空ノ砕槍GSコイル,
11440,空ノ砕槍GPコイル,
11441,空ノ砕槍ZPコイル,
11442,宵ノ告槍コイル,
11443,宵ノ告槍Ｆコイル,
11444,宵ノ告槍FZコイル,
11445,宵ノ告槍HSコイル,
11446,宵ノ告槍GSコイル,
11447,宵ノ告槍GPコイル,
11448,宵ノ告槍ZPコイル,
11449,白ノ穿光コイル,
11450,白ノ穿光Ｆコイル,
11451,白ノ穿光FZコイル,
11452,白ノ穿光HSコイル,
11453,白ノ穿光GSコイル,
11454,白ノ穿光GPコイル,
11455,白ノ穿光ZPコイル,
11456,藤ノ彩斧コイル,Ceinturon Colour
11457,藤ノ彩斧Ｆコイル,Ceinturon Colour F
11458,藤ノ彩斧FZコイル,Ceinturon Colour FZ
11459,藤ノ彩斧HSコイル,Ceinturon Colour HS
11460,藤ノ彩斧GSコイル,Ceinturon Colour GS
11461,藤ノ彩斧GPコイル,Ceinturon Colour GP
11462,藤ノ彩斧ZPコイル,Ceinturon Colour ZP
11463,陽ノ砲銃コート,
11464,陽ノ砲銃Ｆコート,
11465,陽ノ砲銃FZコート,
11466,陽ノ砲銃HSコート,
11467,陽ノ砲銃GSコート,
11468,陽ノ砲銃GPコート,
11469,陽ノ砲銃ZPコート,
11470,地ノ崩砲コート,
11471,地ノ崩砲Ｆコート,
11472,地ノ崩砲FZコート,
11473,地ノ崩砲HSコート,
11474,地ノ崩砲GSコート,
11475,地ノ崩砲GPコート,
11476,地ノ崩砲ZPコート,
11477,夜ノ弓聖コート,
11478,夜ノ弓聖Ｆコート,
11479,夜ノ弓聖FZコート,
11480,夜ノ弓聖HSコート,
11481,夜ノ弓聖GSコート,
11482,夜ノ弓聖GPコート,
11483,夜ノ弓聖ZPコート,
11484,ランタナコイル,Ceinturon Rantana
11485,ランタナＦコイル,Ceinturon Rantana F
11486,ランタナFZコイル,Ceinturon Rantana FZ
11487,ランタナHSコイル,Ceinturon Rantana HS
11488,ランタナGSコイル,Ceinturon Rantana GS
11489,ランタナGPコイル,Ceinturon Rantana GP
11490,ランタナZPコイル,Ceinturon Rantana ZP
11491,ランタナコート,Manteau Rantana
11492,ランタナＦコート,Manteau Rantana F
11493,ランタナFZコート,Manteau Rantana FZ
11494,ランタナHSコート,Manteau Rantana HS
11495,ランタナGSコート,Manteau Rantana GS
11496,ランタナGPコート,Manteau Rantana GP
11497,ランタナZPコート,Manteau Rantana ZP
11498,エリスコイル,Ceinturon Eris
11499,エリスＦコイル,Ceinturon Eris F
11500,エリスFZコイル,Ceinturon Eris FZ
11501,エリスHSコイル,Ceinturon Eris HS
11502,エリスGSコイル,Ceinturon Eris GS
11503,エリスGPコイル,Ceinturon Eris GP
11504,エリスZPコイル,Ceinturon Eris ZP
11505,エリスコート,Manteau Eris
11506,エリスＦコート,Manteau Eris F
11507,エリスFZコート,Manteau Eris FZ
11508,エリスHSコート,Manteau Eris HS
11509,エリスGSコート,Manteau Eris GS
11510,エリスGPコート,Manteau Eris GP
11511,エリスZPコート,Manteau Eris ZP
11512,マギサZPコイル・赤,Ceinturon Magisa ZP rouge
11513,マギサZPコイル・黒,Ceinturon Magisa ZP noir
11514,マギサZPコイル・緑,Ceinturon Magisa ZP vert
11515,マギサZPコイル・白,Ceinturon Magisa ZP blanc
11516,ウィザーZPコート・赤,Manteau Wither ZP rouge
11517,ウィザーZPコート・黒,Manteau Wither ZP noir
11518,ウィザーZPコート・緑,Manteau Wither ZP vert
11519,ウィザーZPコート・白,Manteau Wither ZP blanc
11520,和花ノ腰帯ZP,
11521,和花ノ色帯ZP,
11522,シャランZPベルト・青,Ceinture Sharan ZP bleue
11523,シャランZPベルト・緑,Ceinture Sharan ZP verte
11524,シャランZPベルト・紫,Ceinture Sharan ZP violette
11525,シャランZPベルト・白,Ceinture Sharan ZP blanche
11526,シャランZPポーチ・青,
11527,シャランZPポーチ・緑,
11528,シャランZPポーチ・紫,
11529,シャランZPポーチ・白,
11530,アルミュＧコイル,Ceinturon Arumyu G
11531,アルミュGFコイル,Ceinturon Arumyu GF
11532,アルミュGXコイル,Ceinturon Arumyu GX
11533,アルミュＧコート,Manteau Arumyu G
11534,アルミュGFコート,Manteau Arumyu GF
11535,アルミュGXコート,Manteau Arumyu GX
11536,コリニィＺベルト,Ceinture Korinyi Z
11537,コリニィZFベルト,Ceinture Korinyi F
11538,コリニィZYベルト,Ceinture Korinyi ZY
11539,コリニィZXベルト,Ceinture Korinyi ZX
11540,コリニィＺコート,Manteau Korinyi Z
11541,コリニィZFコート,Manteau Korinyi F
11542,コリニィZYコート,Manteau Korinyi ZY
11543,コリニィZXコート,Manteau Korinyi ZX
11544,煉華ノ帯Ｚ,
11545,煉華ノ帯ZF,
11546,煉華ノ帯ZY,
11547,煉華ノ帯ZX,
11548,煉華ノ腰巻Ｚ,
11549,煉華ノ腰巻ZF,
11550,煉華ノ腰巻ZY,
11551,煉華ノ腰巻ZX,
11552,ダミー,
11553,ダミー,
11554,ダミー,
11555,ダミー,
11556,ダミー,
11557,ダミー,
11558,ダミー,
11559,ダミー,
11560,ミドZDコイル,Ceinturon Midogaron D
11561,ミドZDコート,Manteau Midogaron D
11562,祖龍Ｄスパイン,
11563,祖龍Ｄスケイル,
11564,エルゼＤコイル,Ceinturon Elzelion D
11565,エルゼＤコート,Manteau Elzelion D
11566,ザッカＤコイル,Ceinturon Zakka D
11567,十ノ軌跡Ｃコイル,
11568,十ノ至道Ｃコート,
11569,ランタナＤコイル,Ceinturon Rantana D
11570,エリスＤコイル,Ceinturon Eris D
11571,マギサＤコイル・赤,Ceinturon Magisa D rouge
11572,マギサＤコイル・黒,Ceinturon Magisa D noir
11573,マギサＤコイル・緑,Ceinturon Magisa D vert
11574,マギサＤコイル・白,Ceinturon Magisa D blanc
11575,マギサＤコイル・青,Ceinturon Magisa D bleu
11576,和花ノ腰帯Ｄ,
11577,シャランＤベルト・青,Ceinture Sharan D bleue
11578,シャランＤベルト・緑,Ceinture Sharan D verte
11579,シャランＤベルト・紫,Ceinture Sharan D violette
11580,シャランＤベルト・白,Ceinture Sharan D blanche
11581,シャランＤベルト・赤,Ceinture Sharan D rouge
11582,シャランＤベルト・紅,Ceinture Sharan D cramoisie
11583,シャランＤベルト・橙,Ceinture Sharan D orange
11584,キャリッジＤコイル,Ceinturon Carrosse D
11585,マーブルＤコイル,Ceinturon Marbre D
11586,シャンディＤコイル,
11587,バンケットＤコイル,
11588,コリニィＤベルト,Ceinture Korinyi D
11589,煉華ノ帯Ｄ,
11590,ククボＤコイル,Ceinturon Kukubo D
11591,カカブＤコイル,Ceinturon Kakabu D
11592,アルルＤコイル,Ceinturon Aruru D
11593,あかねこ服Ｄテイル,
11594,ライオスＤフォールド,Tassettes Rios D
11595,ボニトＤフォールド,
11596,メイリダＤフォールド,Tassettes Meirida D
11597,ミニオムＤフォールド,Tassettes Miniomu D
11598,ハリメノＤフォールド,Tassettes Harimeno D
11599,デリヴＤフォールド,
11600,アサークＤフォールド,Tassettes Asaku D
11601,デゾルトＤフォールド,Tassettes Desordre D
11602,ハラガンＤフォールド,Tassettes Haragan D
11603,アブヤドＤフォールド,Tassettes Abuyado D
11604,ルコＺコイル,Ceinturon Ruko Z
11605,ルコZFコイル,Ceinturon Ruko F
11606,ルコZYコイル,Ceinturon Ruko ZY
11607,ルコZXコイル,Ceinturon Ruko ZX
11608,ルコＺコート,Manteau Ruko Z
11609,ルコZFコート,Manteau Ruko F
11610,ルコZYコート,Manteau Ruko ZY
11611,ルコZXコート,Manteau Ruko ZX
11612,ガノＺコイル,Ceinturon Plesioth Z
11613,ガノZFコイル,Ceinturon Plesioth F
11614,ガノZYコイル,Ceinturon Plesioth ZY
11615,ガノZXコイル,Ceinturon Plesioth ZX
11616,ガノＺコート,Manteau Plesioth Z
11617,ガノZFコート,Manteau Plesioth F
11618,ガノZYコート,Manteau Plesioth ZY
11619,ガノZXコート,Manteau Plesioth ZX
11620,シャルフコイル,Ceinturon Sharufu
11621,シャルフＦコイル,Ceinturon Sharufu F
11622,シャルフFZコイル,Ceinturon Sharufu FZ
11623,シャルフHSコイル,Ceinturon Sharufu HS
11624,シャルフGSコイル,Ceinturon Sharufu GS
11625,シャルフGPコイル,Ceinturon Sharufu GP
11626,シャルフZPコイル,Ceinturon Sharufu ZP
11627,シャルフコート,Manteau Sharufu
11628,シャルフＦコート,Manteau Sharufu F
11629,シャルフFZコート,Manteau Sharufu FZ
11630,シャルフHSコート,Manteau Sharufu HS
11631,シャルフGSコート,Manteau Sharufu GS
11632,シャルフGPコート,Manteau Sharufu GP
11633,シャルフZPコート,Manteau Sharufu ZP
11634,カマラコイル,Ceinturon Kamara
11635,カマラＦコイル,Ceinturon Kamara F
11636,カマラFZコイル,Ceinturon Kamara FZ
11637,カマラHSコイル,Ceinturon Kamara HS
11638,カマラGSコイル,Ceinturon Kamara GS
11639,カマラGPコイル,Ceinturon Kamara GP
11640,カマラZPコイル,Ceinturon Kamara ZP
11641,カマラコート,Manteau Kamara
11642,カマラＦコート,Manteau Kamara F
11643,カマラFZコート,Manteau Kamara FZ
11644,カマラHSコート,Manteau Kamara HS
11645,カマラGSコート,Manteau Kamara GS
11646,カマラGPコート,Manteau Kamara GP
11647,カマラZPコート,Manteau Kamara ZP
11648,ルーチェコイル,Ceinturon Ruche
11649,ルーチェＦコイル,Ceinturon Ruche F
11650,ルーチェFZコイル,Ceinturon Ruche FZ
11651,ルーチェHSコイル,Ceinturon Ruche HS
11652,ルーチェGSコイル,Ceinturon Ruche GS
11653,ルーチェGPコイル,Ceinturon Ruche GP
11654,ルーチェZPコイル,Ceinturon Ruche ZP
11655,ルーチェコート,Manteau Ruche
11656,ルーチェＦコート,Manteau Ruche F
11657,ルーチェFZコート,Manteau Ruche FZ
11658,ルーチェHSコート,Manteau Ruche HS
11659,ルーチェGSコート,Manteau Ruche GS
11660,ルーチェGPコート,Manteau Ruche GP
11661,ルーチェZPコート,Manteau Ruche ZP
11662,レイジHSコイル,Ceinturon Rage HS
11663,レイジGSコイル,Ceinturon Rage GS
11664,レイジGPコイル,Ceinturon Rage GP
11665,レイジZPコイル,Ceinturon Rage ZP
11666,レイジHSコート,Manteau Rage HS
11667,レイジGSコート,Manteau Rage GS
11668,レイジGPコート,Manteau Rage GP
11669,レイジZPコート,Manteau Rage ZP
11670,ランページHSコイル,Ceinturon Déchaînement HS
11671,ランページGSコイル,Ceinturon Déchaînement GS
11672,ランページGPコイル,Ceinturon Déchaînement GP
11673,ランページZPコイル,Ceinturon Déchaînement ZP
11674,ランページHSコート,Manteau Déchaînement HS
11675,ランページGSコート,Manteau Déchaînement GS
11676,ランページGPコート,Manteau Déchaînement GP
11677,ランページZPコート,Manteau Déchaînement ZP
11678,ブレイズHSコイル,Ceinturon Brasier HS
11679,ブレイズGSコイル,Ceinturon Brasier GS
11680,ブレイズGPコイル,Ceinturon Brasier GP
11681,ブレイズZPコイル,Ceinturon Brasier ZP
11682,ブレイズHSコート,Manteau Brasier HS
11683,ブレイズGSコート,Manteau Brasier GS
11684,ブレイズGPコート,Manteau Brasier GP
11685,ブレイズZPコート,Manteau Brasier ZP
11686,プーギーFZヒップ,
11687,プーギーHSヒップ,
11688,プーギーGSヒップ,
11689,プーギーGPヒップ,
11690,プーギーZPヒップ,
11691,プーギーFZナプキン,
11692,プーギーHSナプキン,
11693,プーギーGSナプキン,
11694,プーギーGPナプキン,
11695,プーギーZPナプキン,
11696,マンドラFZコイル,Ceinturon Mandora FZ
11697,マンドラHSコイル,Ceinturon Mandora HS
11698,マンドラGSコイル,Ceinturon Mandora GS
11699,マンドラGPコイル,Ceinturon Mandora GP
11700,マンドラZPコイル,Ceinturon Mandora ZP
11701,マンドラFZコート,Manteau Mandora FZ
11702,マンドラHSコート,Manteau Mandora HS
11703,マンドラGSコート,Manteau Mandora GS
11704,マンドラGPコート,Manteau Mandora GP
11705,マンドラZPコート,Manteau Mandora ZP
11706,アオノコFZコイル,Ceinturon Aonoko FZ
11707,アオノコHSコイル,Ceinturon Aonoko HS
11708,アオノコGSコイル,Ceinturon Aonoko GS
11709,アオノコGPコイル,Ceinturon Aonoko GP
11710,アオノコZPコイル,Ceinturon Aonoko ZP
11711,アオノコFZコート,Manteau Aonoko FZ
11712,アオノコHSコート,Manteau Aonoko HS
11713,アオノコGSコート,Manteau Aonoko GS
11714,アオノコGPコート,Manteau Aonoko GP
11715,アオノコZPコート,Manteau Aonoko ZP
11716,ガウスZPコイル,Ceinturon Gauss ZP
11717,ガウスZPコート,Manteau Gauss ZP
11718,ウェーバZPコイル,Ceinturon Weber ZP
11719,ウェーバZPコート,Manteau Weber ZP
11720,ギルバートZPコイル,Ceinturon Gilbert ZP
11721,ギルバートZPコート,Manteau Gilbert ZP
11722,ズィベイZPナーベル,
11723,ズィベイZPガイツ,
11724,リエブレＧコイル,Ceinturon Liebre G
11725,リエブレGFコイル,Ceinturon Liebre GF
11726,リエブレGXコイル,Ceinturon Liebre GX
11727,リエブレＧコート,Manteau Liebre G
11728,リエブレGFコート,Manteau Liebre GF
11729,リエブレGXコート,Manteau Liebre GX
11730,メレンテＺコイル,Ceinturon Merente Z
11731,メレンテZFコイル,Ceinturon Merente F
11732,メレンテZYコイル,Ceinturon Merente ZY
11733,メレンテZXコイル,Ceinturon Merente ZX
11734,メレンテＺコート,Manteau Merente Z
11735,メレンテZFコート,Manteau Merente F
11736,メレンテZYコート,Manteau Merente ZY
11737,メレンテZXコート,Manteau Merente ZX
11738,ルコZDコイル,Ceinturon Ruko D
11739,ルコZDコート,Manteau Ruko D
11740,ガノZDコイル,Ceinturon Plesioth D
11741,ガノZDコート,Manteau Plesioth D
11742,シャルフＤコイル,Ceinturon Sharufu D
11743,カマラＤコイル,Ceinturon Kamara D
11744,リエブレＤコイル,Ceinturon Liebre D
11745,コリニィＣベルト,Ceinture Korinyi C
11746,ルーチェＤコイル,Ceinturon Ruche D
11747,レイジＤコイル,Ceinturon Rage D
11748,ランページＤコイル,Ceinturon Déchaînement D
11749,ブレイズＤコイル,Ceinturon Brasier D
11750,プーギーＤヒップ,
11751,マンドラＤコイル,Ceinturon Mandora D
11752,アオノコＤコイル,Ceinturon Aonoko D
11753,ガウスＤコイル,Ceinturon Gauss D
11754,ウェーバＤコイル,Ceinturon Weber D
11755,ギルバートＤコイル,Ceinturon Gilbert D
11756,ズィベイＤナーベル,
11757,チアリムＤコイル,Ceinturon Chiarim D
11758,ギルドバードＣコイル,Ceinturon Guilde C
11759,スカラーＣスカート,
11760,ロワーガＣアンカ,
11761,ファルメルＣアンカ,
11762,ユクモノオビＣ・天,
11763,白蘭Ｄコイル,
11764,紅霞Ｄコイル,
11765,鬼穿ノ虎布Ｄ,
11766,タングスＤコイル,Ceinturon Tangusu D
11767,ディスＤフォールド,Tassettes Disu D
11768,ディスＤコート,Manteau Disu D
11769,リルスＤフォールド,Tassettes Lils D
11770,リルスＤコート,Manteau Lils D
11771,ドラゴンSCウイング,
11772,ドラゴンSCテイル,
11773,ドラゴンGDウイング,
11774,ドラゴンGDテイル,
11775,バルカンＤウイング,
11776,バルカンＤテイル,
11777,バルカンGDウイング,
11778,バルカンGDテイル,
11779,ガーネットＤコイル,Ceinturon Grenat D
11780,アメジストＤコイル,Ceinturon Améthyste D
11781,コーラルＤコイル,Ceinturon Corail D
11782,クォーツＤコイル,
11783,エメラルドＤコイル,
11784,パールＤコイル,
11785,ルビーＤコイル,
11786,サファイアＤコイル,Ceinturon Saphir D
11787,トパーズＤコート,Manteau Topaze D
11788,トルマリンＤコート,
11789,ラピスＤコート,Manteau Lapis D
11790,ヒスイＤコイル,Ceinturon Hisui D
11791,オニキスＤコイル,
11792,モスヒップＤ,
11793,ガブラスーツベルトＤ,
11794,バトルコートPD青,
11795,バトルコートPD黄,
11796,バトルコートPD紫,
11797,レイアコイルPD青,
11798,レイアコイルPD赤,
11799,レイアコイルPD黒,
11800,フルフルコイルPD青,
11801,フルフルコイルPD緑,
11802,フルフルコイルPD黒,
11803,エスピナコイルPD赤,
11804,エスピナコイルPD青,
11805,エスピナコイルPD黄,
11806,エスピナコートPD赤,
11807,エスピナコートPD青,
11808,エスピナコートPD黄,
11809,ガーディコイルPD白,
11810,ガーディコイルPD黒,
11811,ガーディコイルPD紫,
11812,ヒーラーフリルPD青,
11813,ヒーラーフリルPD白,
11814,ヒーラーフリルPD黄,
11815,ショウロウ【越腰】Ｄ,
11816,ミタマ【越腰】Ｄ,
11817,焔嶽Ｄ【腰当て】,
11818,緋嶽Ｄ【腰当て】,
11819,ルディアＤコイル,Ceinturon Ledia D
11820,白蛇ノ帯Ｄ,
11821,黒虎ノ帯Ｄ,
11822,崩霧Ｄ【帯】,
11823,納言ノ帯Ｄ,
11824,蒼空ノ帯Ｄ,
11825,夕焼ノ帯Ｄ,
11826,紅昇Ｄ【帯】,
11827,絶影ノ帯Ｄ,
11828,フロガダＤコイル,Ceinturon Furogada D
11829,ラースＤフォールド,Tassettes Lars D
11830,ドゥンルＤフォールド,Tassettes Donru D
11831,イナガミZDコイル,Ceinturon Inagami D
11832,ベリオＣフォールド,Tassettes Barioth C
11833,ベリオＣコート,Manteau Barioth C
11834,ブラキＣフォールド,Tassettes Brachy C
11835,ブラキＣコート,Manteau Brachy C
11836,ガンキンＣフォールド,Tassettes Uragaan C
11837,ガンキンＣコート,Manteau Uragaan C
11838,獄狼Ｃフォールド,Tassettes Stygian C
11839,獄狼Ｃコート,Manteau Stygian C
11840,ゴアＣフォールド,
11841,ゴアＣコート,
11842,バンギスＣコイル,Ceinturon Vangis C
11843,バンギスＣコート,Manteau Vangis C
11844,シャガルＣフォールド,Tassettes Shagaru C
11845,シャガルＣコート,Manteau Shagaru C
11846,イナガミＺコイル,Ceinturon Inagami Z
11847,イナガミZFコイル,Ceinturon Inagami F
11848,イナガミZYコイル,Ceinturon Inagami ZY
11849,イナガミZXコイル,Ceinturon Inagami ZX
11850,イナガミＺコート,Manteau Inagami Z
11851,イナガミZFコート,Manteau Inagami F
11852,イナガミZYコート,Manteau Inagami ZY
11853,イナガミZXコート,Manteau Inagami ZX
11854,荒天【帯】,
11855,荒天Ｇ【帯】,
11856,荒天GF【帯】,
11857,荒天GX【帯】,
11858,蒼天【帯】,
11859,蒼天Ｇ【帯】,
11860,蒼天GF【帯】,
11861,蒼天GX【帯】,
11862,レビンコイル,Ceinturon Levin
11863,レビンＦコイル,Ceinturon Levin F
11864,レビンFZコイル,Ceinturon Levin FZ
11865,レビンHSコイル,Ceinturon Levin HS
11866,レビンGSコイル,Ceinturon Levin GS
11867,レビンGPコイル,Ceinturon Levin GP
11868,レビンZPコイル,Ceinturon Levin ZP
11869,レビンコート,Manteau Levin
11870,レビンＦコート,Manteau Levin F
11871,レビンFZコート,Manteau Levin FZ
11872,レビンHSコート,Manteau Levin HS
11873,レビンGSコート,Manteau Levin GS
11874,レビンGPコート,Manteau Levin GP
11875,レビンZPコート,Manteau Levin ZP
11876,白銀の甲冑・腰当,
11877,白銀の甲冑Ｆ・腰当,
11878,白銀の甲冑FZ・腰当,
11879,白銀の甲冑HS・腰当,
11880,白銀の甲冑GS・腰当,
11881,白銀の甲冑GP・腰当,
11882,白銀の甲冑ZP・腰当,
11883,白銀の甲冑・腰帯,
11884,白銀の甲冑Ｆ・腰帯,
11885,白銀の甲冑FZ・腰帯,
11886,白銀の甲冑HS・腰帯,
11887,白銀の甲冑GS・腰帯,
11888,白銀の甲冑GP・腰帯,
11889,白銀の甲冑ZP・腰帯,
11890,薔薇の舞踏服・腰当,
11891,薔薇の舞踏服Ｆ・腰当,
11892,薔薇の舞踏服FZ・腰当,
11893,薔薇の舞踏服HS・腰当,
11894,薔薇の舞踏服GS・腰当,
11895,薔薇の舞踏服GP・腰当,
11896,薔薇の舞踏服ZP・腰当,
11897,薔薇の舞踏服・腰帯,
11898,薔薇の舞踏服Ｆ・腰帯,
11899,薔薇の舞踏服FZ・腰帯,
11900,薔薇の舞踏服HS・腰帯,
11901,薔薇の舞踏服GS・腰帯,
11902,薔薇の舞踏服GP・腰帯,
11903,薔薇の舞踏服ZP・腰帯,
11904,シュイコイル,Ceinturon Shui
11905,シュイＦコイル,Ceinturon Shui F
11906,シュイFZコイル,Ceinturon Shui FZ
11907,シュイHSコイル,Ceinturon Shui HS
11908,シュイGSコイル,Ceinturon Shui GS
11909,シュイGPコイル,Ceinturon Shui GP
11910,シュイZPコイル,Ceinturon Shui ZP
11911,シュイコート,Manteau Shui
11912,シュイＦコート,Manteau Shui F
11913,シュイFZコート,Manteau Shui FZ
11914,シュイHSコート,Manteau Shui HS
11915,シュイGSコート,Manteau Shui GS
11916,シュイGPコート,Manteau Shui GP
11917,シュイZPコート,Manteau Shui ZP
11918,CEケブラーZP腰：剣青,Taille CE Lame bleue
11919,CEケブラーZP腰：弓青,Taille CE Arc bleue
11920,CEケブラーZP腰：剣赤,Taille CE Lame rouge
11921,CEケブラーZP腰：弓赤,Taille CE Arc rouge
11922,CEケブラーZP腰：剣白,Taille CE Lame blanche
11923,CEケブラーZP腰：弓白,Taille CE Arc blanche
11924,CEケブラーZP腰：剣黒,Taille CE Lame noire
11925,CEケブラーZP腰：弓黒,Taille CE Arc noire
11926,ABレイヤーZP腰：剣赤,
11927,ABレイヤーZP腰：弓赤,
11928,ABレイヤーZP腰：剣青,
11929,ABレイヤーZP腰：弓青,
11930,ABレイヤーZP腰：剣黒,
11931,ABレイヤーZP腰：弓黒,
11932,ABレイヤーZP腰：剣白,
11933,ABレイヤーZP腰：弓白,
11934,リュバンZPウエスト,Taille Ruban ZP
11935,リュバンZPベルト,Ceinture Ruban ZP
11936,ラモールZPコイル,Ceinturon L'Amore ZP
11937,ラモールZPベルト,Ceinture L'Amore ZP
11938,オルロジュZPウエスト,Taille Orloj ZP
11939,オルロジュZPコート,Manteau Orloj ZP
11940,ドルチェZPコイル,Ceinturon Dolce ZP
11941,ドルチェZPコート,Manteau Dolce ZP
11942,ブライトZPフォールド,Tassettes Éclat ZP
11943,ブライトZPコート,Manteau Éclat ZP
11944,ジュアリZPフォールド,Tassettes Juari ZP
11945,ジュアリZPコート,Manteau Juari ZP
11946,ティンクZPフォールド,Tassettes Tinku ZP
11947,ティンクZPコート,Manteau Tinku ZP
11948,シャテムZPウエスト,Taille Shatemu ZP
11949,シャテムZPコート,Manteau Shatemu ZP
11950,ヘヴリアZPウエスト,Taille Hevria ZP
11951,ヘヴリアZPコート,Manteau Hevria ZP
11952,ティルルZPウエスト,Taille Tiuru ZP
11953,ティルルZPコート,Manteau Tiuru ZP
11954,カイラZPコイル,Ceinturon Kaila ZP
11955,カイラZPコート,Manteau Kaila ZP
11956,フォンセＧコイル,Ceinturon Fonse G
11957,フォンセGFコイル,Ceinturon Fonse GF
11958,フォンセGXコイル,Ceinturon Fonse GX
11959,フォンセＧコート,Manteau Fonse G
11960,フォンセGFコート,Manteau Fonse GF
11961,フォンセGXコート,Manteau Fonse GX
11962,ウタンテＺコイル,Ceinturon Utante Z
11963,ウタンテZFコイル,Ceinturon Utante F
11964,ウタンテZYコイル,Ceinturon Utante ZY
11965,ウタンテZXコイル,Ceinturon Utante ZX
11966,ウタンテＺコート,Manteau Utante Z
11967,ウタンテZFコート,Manteau Utante F
11968,ウタンテZYコート,Manteau Utante ZY
11969,ウタンテZXコート,Manteau Utante ZX
11970,リズヴェＧコイル,Ceinturon Rizuvue G
11971,リズヴェGFコイル,Ceinturon Rizuvue GF
11972,リズヴェGXコイル,Ceinturon Rizuvue GX
11973,リズヴェＧコート,Manteau Rizuvue G
11974,リズヴェGFコート,Manteau Rizuvue GF
11975,リズヴェGXコート,Manteau Rizuvue GX
11976,イナガミZDコート,Manteau Inagami D
11977,荒天Ｃ【帯】,
11978,蒼天Ｃ【帯】,
11979,レビンＤコイル,Ceinturon Levin D
11980,白銀の甲冑Ｄ・腰当,
11981,薔薇の舞踏服Ｄ・腰当,
11982,シュイＤコイル,Ceinturon Shui D
11983,CEケブラーＤ腰：剣青,Taille CE Lame bleue
11984,CEケブラーＤ腰：剣赤,Taille CE Lame rouge
11985,CEケブラーＤ腰：剣白,Taille CE Lame blanche
11986,CEケブラーＤ腰：剣黒,Taille CE Lame noire
11987,ABレイヤーＤ腰：剣赤,
11988,ABレイヤーＤ腰：剣青,
11989,ABレイヤーＤ腰：剣黒,
11990,ABレイヤーＤ腰：剣白,
11991,リュバンＤウエスト,Taille Ruban D
11992,ラモールＤコイル,Ceinturon L'Amore D
11993,オルロジュＤウエスト,Taille Orloj D
11994,ドルチェＤコイル,Ceinturon Dolce D
11995,ブライトＤフォールド,Tassettes Éclat D
11996,ジュアリＤフォールド,Tassettes Juari D
11997,ティンクＤフォールド,Tassettes Tinku D
11998,シャテムＤウエスト,Taille Shatemu D
11999,ヘヴリアＤウエスト,Taille Hevria D
12000,ティルルＤウエスト,Taille Tiuru D
12001,カイラＤコイル,Ceinturon Kaila D
12002,フォンセＤコイル,Ceinturon Fonse D
12003,ヒプノルータＤウエスト,
12004,ヒプノリアＤウエスト,Taille Hypnolia D
12005,エス・クェラＤウエスト,Taille Es D
12006,エコールＤウエスト,Taille Ecole D
12007,ガンズＤウエスト,Taille Guns D
12008,アグリアＤウエスト,Taille Agria D
12009,フォーヴＤウエスト,Taille Fauve D
12010,ティーアＤウエスト,
12011,ミューズＤウエスト,
12012,ディクトＤウエスト,Taille Dicto D
12013,クリュスＤウエスト,Taille Kruss D
12014,スタリナＤウエスト,Taille Starina D
12015,ルースＤウエスト,
12016,ミラドＤウエスト,Taille Mirado D
12017,デュールＤフォールド,Tassettes Deyuru D
12018,ロバストＤアンダ,
12019,ファルコＤフォールド,Tassettes Falco D
12020,ハウクスＤフォールド,Tassettes Howx D
12021,ピラータＤフォールド,Tassettes Pirata D
12022,ゼロイＤフォールド,Tassettes Zeroi D
12023,レイルＤコイル,
12024,リーデレＤコイル,Ceinturon Ridere D
12025,リエットＤフォールド,Tassettes Émeute D
12026,ルターレＤフォールド,Tassettes Rutare D
12027,流転の腰当て・Ｄ,
12028,嵐転の腰当て・Ｄ,
12029,キュビィＤコイル,Ceinturon Cubie D
12030,ケモルＤコイル,Ceinturon Kemor D
12031,ラトリアＤコイル,Ceinturon Latria D
12032,コンタオＤコイル,Ceinturon Kontao D
12033,オービスＤベルト,Ceinture Ukon D
12034,ロットＤベルト,
12035,ウーコンＤウエスト,Taille Shoko D
12036,ニンバスＤウエスト,
12037,月陽ノ帯・Ｄ,
12038,曙光ノ帯・Ｄ,
12039,トリドＺフォールド,Tassettes Torid Z
12040,トリドZFフォールド,Tassettes Toridcless F
12041,トリドZYフォールド,Tassettes Torid ZY
12042,トリドZXフォールド,Tassettes Torid ZX
12043,トリドＺコート,Manteau Torid Z
12044,トリドZFコート,Manteau Toridcless F
12045,トリドZYコート,Manteau Torid ZY
12046,トリドZXコート,Manteau Torid ZX
12047,ドラギュＺフォールド,Tassettes Doragyurosu Z
12048,ドラギュZFフォールド,Tassettes Doragyurosu F
12049,ドラギュZYフォールド,Tassettes Doragyurosu ZY
12050,ドラギュZXフォールド,Tassettes Doragyurosu ZX
12051,ドラギュＺコート,Manteau Doragyurosu Z
12052,ドラギュZFコート,Manteau Doragyurosu F
12053,ドラギュZYコート,Manteau Doragyurosu ZY
12054,ドラギュZXコート,Manteau Doragyurosu ZX
12055,アルフィフォールド,Tassettes Alfi
12056,アルフィＦフォールド,Tassettes Alfi F
12057,アルフィFZフォールド,Tassettes Alfi FZ
12058,アルフィHSフォールド,Tassettes Alfi HS
12059,アルフィGSフォールド,Tassettes Alfi GS
12060,アルフィGPフォールド,Tassettes Alfi GP
12061,アルフィZPフォールド,Tassettes Alfi ZP
12062,アルフィコート,Manteau Alfi
12063,アルフィＦコート,Manteau Alfi F
12064,アルフィFZコート,Manteau Alfi FZ
12065,アルフィHSコート,Manteau Alfi HS
12066,アルフィGSコート,Manteau Alfi GS
12067,アルフィGPコート,Manteau Alfi GP
12068,アルフィZPコート,Manteau Alfi ZP
12069,カイファコイル,Ceinturon Kaifa
12070,カイファＦコイル,Ceinturon Kaifa F
12071,カイファFZコイル,Ceinturon Kaifa FZ
12072,カイファHSコイル,Ceinturon Kaifa HS
12073,カイファGSコイル,Ceinturon Kaifa GS
12074,カイファGPコイル,Ceinturon Kaifa GP
12075,カイファZPコイル,Ceinturon Kaifa ZP
12076,カイファコート,Manteau Kaifa
12077,カイファＦコート,Manteau Kaifa F
12078,カイファFZコート,Manteau Kaifa FZ
12079,カイファHSコート,Manteau Kaifa HS
12080,カイファGSコート,Manteau Kaifa GS
12081,カイファGPコート,Manteau Kaifa GP
12082,カイファZPコート,Manteau Kaifa ZP
12083,ストラザフォールド,Tassettes Straza
12084,ストラザＦフォールド,Tassettes Straza F
12085,ストラザFZフォールド,Tassettes Straza FZ
12086,ストラザHSフォールド,Tassettes Straza HS
12087,ストラザGSフォールド,Tassettes Straza GS
12088,ストラザGPフォールド,Tassettes Straza GP
12089,ストラザZPフォールド,Tassettes Straza ZP
12090,ストラザコート,Manteau Straza
12091,ストラザＦコート,Manteau Straza F
12092,ストラザFZコート,Manteau Straza FZ
12093,ストラザHSコート,Manteau Straza HS
12094,ストラザGSコート,Manteau Straza GS
12095,ストラザGPコート,Manteau Straza GP
12096,ストラザZPコート,Manteau Straza ZP
12097,フランテＺコイル,Ceinturon Furante Z
12098,フランテZFコイル,Ceinturon Furante F
12099,フランテZYコイル,Ceinturon Furante ZY
12100,フランテZXコイル,Ceinturon Furante ZX
12101,フランテＺコート,Manteau Furante Z
12102,フランテZFコート,Manteau Furante F
12103,フランテZYコート,Manteau Furante ZY
12104,フランテZXコート,Manteau Furante ZX
12105,カリヴァＧコイル,Ceinturon Cariva G
12106,カリヴァGFコイル,Ceinturon Cariva GF
12107,カリヴァGXコイル,Ceinturon Cariva GX
12108,カリヴァＧコート,Manteau Cariva G
12109,カリヴァGFコート,Manteau Cariva GF
12110,カリヴァGXコート,Manteau Cariva GX
12111,ボンネＧコイル,Ceinturon Bonne G
12112,ボンネGFコイル,Ceinturon Bonne GF
12113,ボンネGXコイル,Ceinturon Bonne GX
12114,ボンネＧコート,Manteau Bonne G
12115,ボンネGFコート,Manteau Bonne GF
12116,ボンネGXコート,Manteau Bonne GX
12117,立体機動装置ZP,
12118,立体機動装置改ZP,
12119,十二勇士甲冑・腰当,
12120,十二勇士甲冑Ｆ・腰当,
12121,十二勇士甲冑FZ・腰当,
12122,十二勇士甲冑HS・腰当,
12123,十二勇士甲冑GS・腰当,
12124,十二勇士甲冑GP・腰当,
12125,十二勇士甲冑ZP・腰当,
12126,十二勇士甲冑・腰帯,
12127,十二勇士甲冑Ｆ・腰帯,
12128,十二勇士甲冑FZ・腰帯,
12129,十二勇士甲冑HS・腰帯,
12130,十二勇士甲冑GS・腰帯,
12131,十二勇士甲冑GP・腰帯,
12132,十二勇士甲冑ZP・腰帯,
12133,救国の聖女服・腰当,
12134,救国の聖女服Ｆ・腰当,
12135,救国の聖女服FZ・腰当,
12136,救国の聖女服HS・腰当,
12137,救国の聖女服GS・腰当,
12138,救国の聖女服GP・腰当,
12139,救国の聖女服ZP・腰当,
12140,救国の聖女服・腰帯,
12141,救国の聖女服Ｆ・腰帯,
12142,救国の聖女服FZ・腰帯,
12143,救国の聖女服HS・腰帯,
12144,救国の聖女服GS・腰帯,
12145,救国の聖女服GP・腰帯,
12146,救国の聖女服ZP・腰帯,
12147,竜殺しの甲冑・腰当,
12148,竜殺しの甲冑Ｆ・腰当,
12149,竜殺しの甲冑FZ・腰当,
12150,竜殺しの甲冑HS・腰当,
12151,竜殺しの甲冑GS・腰当,
12152,竜殺しの甲冑GP・腰当,
12153,竜殺しの甲冑ZP・腰当,
12154,竜殺しの甲冑・腰帯,
12155,竜殺しの甲冑Ｆ・腰帯,
12156,竜殺しの甲冑FZ・腰帯,
12157,竜殺しの甲冑HS・腰帯,
12158,竜殺しの甲冑GS・腰帯,
12159,竜殺しの甲冑GP・腰帯,
12160,竜殺しの甲冑ZP・腰帯,
12161,叛逆の甲冑・腰当,
12162,叛逆の甲冑Ｆ・腰当,
12163,叛逆の甲冑FZ・腰当,
12164,叛逆の甲冑HS・腰当,
12165,叛逆の甲冑GS・腰当,
12166,叛逆の甲冑GP・腰当,
12167,叛逆の甲冑ZP・腰当,
12168,叛逆の甲冑・腰帯,
12169,叛逆の甲冑Ｆ・腰帯,
12170,叛逆の甲冑FZ・腰帯,
12171,叛逆の甲冑HS・腰帯,
12172,叛逆の甲冑GS・腰帯,
12173,叛逆の甲冑GP・腰帯,
12174,叛逆の甲冑ZP・腰帯,
12175,ディナトZPフォールド,Tassettes Dinato ZP
12176,ディナトZPコート,Manteau Dinato ZP
12177,ドゥケZPフォールド,Tassettes Duque ZP
12178,ドゥケZPコート,Manteau Duque ZP
12179,グラヌZPフォールド,Tassettes Granu ZP
12180,グラヌZPコート,Manteau Granu ZP
12181,千代ノ腰帯ZP,
12182,千代ノ色帯ZP,
12183,ネコダンZPウエスト,Taille Nekodan ZP
12184,グーダンZPコイル,Ceinturon Gudan ZP
12185,トリドZDフォールド,Tassettes Toridcless D
12186,トリドZDコート,Manteau Toridcless D
12187,ドラギュZDフォールド,Tassettes Doragyurosu D
12188,ドラギュZDコート,Manteau Doragyurosu D
12189,アルフィＤフォールド,Tassettes Alfi D
12190,カイファＤコイル,Ceinturon Kaifa D
12191,ストラザＤフォールド,Tassettes Straza D
12192,煉華ノ帯Ｃ,
12193,立体機動装置Ｄ,
12194,十二勇士甲冑Ｄ・腰当,
12195,救国の聖女服Ｄ・腰当,
12196,竜殺しの甲冑Ｄ・腰当,
12197,叛逆の甲冑Ｄ・腰当,
12198,ディナトＤフォールド,Tassettes Dinato D
12199,ドゥケＤフォールド,Tassettes Duque D
12200,グラヌＤフォールド,Tassettes Granu D
12201,千代ノ腰帯Ｄ,
12202,ルベライトＤコイル,Ceinturon Rubellite D
12203,ラズライトＤコイル,Ceinturon Lazurite D
12204,ジルコンＤコイル,
12205,スピネルＤコイル,Ceinturon Spinel D
12206,ジェイドＤコイル,
12207,アゲートＤコイル,
12208,パイローブＤコイル,Ceinturon Pyrope D
12209,アイオラＤコイル,Ceinturon Iolite D
12210,ルチルＤコイル,Ceinturon Rutile D
12211,ブラッドＤコイル,Ceinturon Sang D
12212,シトリンＤコート,Manteau Citrine D
12213,ペリドットＤコート,Manteau Peridot D
12214,ターコイズＤコート,
12215,マフモフコートPD赤,
12216,マフモフコートPD黄,
12217,マフモフコートPD紫,
12218,バサルコートPD赤,
12219,バサルコートPD黒,
12220,バサルコートPD黄,
12221,ブランゴコイルPD黄,
12222,ブランゴコイルPD青,
12223,ブランゴコイルPD黒,
12224,金色ノ帯PD白,
12225,金色ノ帯PD紫,
12226,金色ノ帯PD緑,
12227,グラビドコートPD緑,
12228,グラビドコートPD紫,
12229,グラビドコートPD赤,
12230,ハイメタコイルPD黒,
12231,ハイメタコイルPD青,
12232,ハイメタコイルPD黄,
12233,Ｓ・ソルコイルPD赤,
12234,Ｓ・ソルコイルPD紫,
12235,Ｓ・ソルコイルPD黒,
12236,ガルルガコートPD白,
12237,ガルルガコートPD緑,
12238,ガルルガコートPD赤,
12239,ザザミフォールドPD青,
12240,ザザミフォールドPD白,
12241,ザザミフォールドPD紫,
12242,クシャナアンダPD赤,
12243,クシャナアンダPD黄,
12244,クシャナアンダPD緑,
12245,クシャナアドミPD赤,
12246,クシャナアドミPD黄,
12247,クシャナアドミPD緑,
12248,忍の帯・陽Ｄ,
12249,忍の帯・陰Ｄ,
12250,ボンネＤコイル,Ceinturon Bonne D
12251,カライスＤコート,Manteau Kalais D
12252,ルケーゼＤコート,Manteau Lucchese D
12253,クオイズＤコート,Manteau Quoiz D
12254,ネコダンＤウエスト,Taille Nekodan D
12255,グーダンＤコイル,Ceinturon Gudan D
12256,煉緋ノ帯Ｚ,
12257,煉緋ノ帯ZF,
12258,煉緋ノ帯ZY,
12259,煉緋ノ帯ZX,
12260,煉緋ノ腰巻Ｚ,
12261,煉緋ノ腰巻ZF,
12262,煉緋ノ腰巻ZY,
12263,煉緋ノ腰巻ZX,
12264,サイネコイル,Ceinturon Saine
12265,サイネＦコイル,Ceinturon Saine F
12266,サイネFZコイル,Ceinturon Saine FZ
12267,サイネHSコイル,Ceinturon Saine HS
12268,サイネGSコイル,Ceinturon Saine GS
12269,サイネGPコイル,Ceinturon Saine GP
12270,サイネZPコイル,Ceinturon Saine ZP
12271,サイネコート,Manteau Saine
12272,サイネＦコート,Manteau Saine F
12273,サイネFZコート,Manteau Saine FZ
12274,サイネHSコート,Manteau Saine HS
12275,サイネGSコート,Manteau Saine GS
12276,サイネGPコート,Manteau Saine GP
12277,サイネZPコート,Manteau Saine ZP
12278,ウイングフォールド,Tassettes Aile
12279,ウイングＦフォールド,Tassettes Aile F
12280,ウイングFZフォールド,Tassettes Aile FZ
12281,ウイングHSフォールド,Tassettes Aile HS
12282,ウイングGSフォールド,Tassettes Aile GS
12283,ウイングGPフォールド,Tassettes Aile GP
12284,ウイングZPフォールド,Tassettes Aile ZP
12285,ウイングコート,Manteau Aile
12286,ウイングＦコート,Manteau Aile F
12287,ウイングFZコート,Manteau Aile FZ
12288,ウイングHSコート,Manteau Aile HS
12289,ウイングGSコート,Manteau Aile GS
12290,ウイングGPコート,Manteau Aile GP
12291,ウイングZPコート,Manteau Aile ZP
12292,ガスラＺコイル,Ceinturon Gasura Z
12293,ガスラZFコイル,Ceinturon Gasura F
12294,ガスラZYコイル,Ceinturon Gasura ZY
12295,ガスラZXコイル,Ceinturon Gasura ZX
12296,ガスラＺコート,Manteau Gasura Z
12297,ガスラZFコート,Manteau Gasura F
12298,ガスラZYコート,Manteau Gasura ZY
12299,ガスラZXコート,Manteau Gasura ZX
12300,レギオスフォールド,Tassettes Seregios
12301,レギオスＧフォールド,Tassettes Seregios G
12302,レギオスGFフォールド,Tassettes Seregios GF
12303,レギオスGXフォールド,Tassettes Seregios GX
12304,レギオスコート,Manteau Seregios
12305,レギオスＧコート,Manteau Seregios G
12306,レギオスGFコート,Manteau Seregios GF
12307,レギオスGXコート,Manteau Seregios GX
12308,歌詠ノ腰帯Ｚ,
12309,歌詠ノ腰帯ZF,
12310,歌詠ノ腰帯ZY,
12311,歌詠ノ腰帯ZX,
12312,歌詠ノ色帯Ｚ,
12313,歌詠ノ色帯ZF,
12314,歌詠ノ色帯ZY,
12315,歌詠ノ色帯ZX,
12316,カシウスＧフォールド,Tassettes Cassius G
12317,カシウスGFフォールド,Tassettes Cassius GF
12318,カシウスGXフォールド,Tassettes Cassius GX
12319,カシウスＧコート,Manteau Cassius G
12320,カシウスGFコート,Manteau Cassius GF
12321,カシウスGXコート,Manteau Cassius GX
12322,ピンビコイル,Ceinturon Pinbi
12323,ピンビＦコイル,Ceinturon Pinbi F
12324,ピンビFZコイル,Ceinturon Pinbi FZ
12325,ピンビHSコイル,Ceinturon Pinbi HS
12326,ピンビGSコイル,Ceinturon Pinbi GS
12327,ピンビGPコイル,Ceinturon Pinbi GP
12328,ピンビZPコイル,Ceinturon Pinbi ZP
12329,ピンビコート,Manteau Pinbi
12330,ピンビＦコート,Manteau Pinbi F
12331,ピンビFZコート,Manteau Pinbi FZ
12332,ピンビHSコート,Manteau Pinbi HS
12333,ピンビGSコート,Manteau Pinbi GS
12334,ピンビGPコート,Manteau Pinbi GP
12335,ピンビZPコート,Manteau Pinbi ZP
12336,プリブコイル,Ceinturon Pribu
12337,プリブＦコイル,Ceinturon Pribu F
12338,プリブFZコイル,Ceinturon Pribu FZ
12339,プリブHSコイル,Ceinturon Pribu HS
12340,プリブGSコイル,Ceinturon Pribu GS
12341,プリブGPコイル,Ceinturon Pribu GP
12342,プリブZPコイル,Ceinturon Pribu ZP
12343,プリブコート,Manteau Pribu
12344,プリブＦコート,Manteau Pribu F
12345,プリブFZコート,Manteau Pribu FZ
12346,プリブHSコート,Manteau Pribu HS
12347,プリブGSコート,Manteau Pribu GS
12348,プリブGPコート,Manteau Pribu GP
12349,プリブZPコート,Manteau Pribu ZP
12350,グレイコイル,
12351,グレイＦコイル,
12352,グレイFZコイル,
12353,グレイHSコイル,
12354,グレイGSコイル,
12355,グレイGPコイル,
12356,グレイZPコイル,
12357,グレイコート,
12358,グレイＦコート,
12359,グレイFZコート,
12360,グレイHSコート,
12361,グレイGSコート,
12362,グレイGPコート,
12363,グレイZPコート,
12364,ウルピナコイル,Ceinturon Urpina
12365,ウルピナＦコイル,Ceinturon Urpina F
12366,ウルピナFZコイル,Ceinturon Urpina FZ
12367,ウルピナHSコイル,Ceinturon Urpina HS
12368,ウルピナGSコイル,Ceinturon Urpina GS
12369,ウルピナGPコイル,Ceinturon Urpina GP
12370,ウルピナZPコイル,Ceinturon Urpina ZP
12371,ウルピナコート,Manteau Urpina
12372,ウルピナＦコート,Manteau Urpina F
12373,ウルピナFZコート,Manteau Urpina FZ
12374,ウルピナHSコート,Manteau Urpina HS
12375,ウルピナGSコート,Manteau Urpina GS
12376,ウルピナGPコート,Manteau Urpina GP
12377,ウルピナZPコート,Manteau Urpina ZP
12378,ノエルコイル,
12379,ノエルＦコイル,
12380,ノエルFZコイル,
12381,ノエルHSコイル,
12382,ノエルGSコイル,
12383,ノエルGPコイル,
12384,ノエルZPコイル,
12385,ノエルコート,
12386,ノエルＦコート,
12387,ノエルFZコート,
12388,ノエルHSコート,
12389,ノエルGSコート,
12390,ノエルGPコート,
12391,ノエルZPコート,
12392,ビューネイコイル,Ceinturon Bune
12393,ビューネイＦコイル,Ceinturon Bune F
12394,ビューネイFZコイル,Ceinturon Bune FZ
12395,ビューネイHSコイル,Ceinturon Bune HS
12396,ビューネイGSコイル,Ceinturon Bune GS
12397,ビューネイGPコイル,Ceinturon Bune GP
12398,ビューネイZPコイル,Ceinturon Bune ZP
12399,ビューネイコート,Manteau Bune
12400,ビューネイＦコート,Manteau Bune F
12401,ビューネイFZコート,Manteau Bune FZ
12402,ビューネイHSコート,Manteau Bune HS
12403,ビューネイGSコート,Manteau Bune GS
12404,ビューネイGPコート,Manteau Bune GP
12405,ビューネイZPコート,Manteau Bune ZP
12406,ラヴィＧコイル：極,
12407,ラヴィGFコイル：極,
12408,ラヴィGXコイル：極,
12409,ラヴィＧコート：極,
12410,ラヴィGFコート：極,
12411,ラヴィGXコート：極,
12412,ハーゼZPベルト,Ceinture Harze ZP
12413,ハーゼZPコート,Manteau Harze ZP
12414,ルヴナンZPナーベル,
12415,ルヴナンZPガイツ,
12416,祭のあとに【負け犬】,
12417,祭のあとに【負け犬】,
12418,祭のあとに【負け犬】,
12419,祭のあとに【負け犬】,
12420,祭のあとに【負け犬】,
12421,祭のあとに【負け犬】,
12422,祭のあとに【負け犬】,
12423,祭のあとに【負け犬】,
12424,祭のあとに【負け犬】,
12425,祭のあとに【負け犬】,
12426,祭のあとに【負け犬】,
12427,祭のあとに【負け犬】,
12428,祭のあとに【負け犬】,
12429,祭のあとに【負け犬】,
12430,祭のあとに【負け犬】,
12431,祭のあとに【負け犬】,
12432,祭のあとに【負け犬】,
12433,祭のあとに【負け犬】,
12434,祭のあとに【負け犬】,
12435,祭のあとに【負け犬】,
12436,祭のあとに【負け犬】,
12437,祭のあとに【負け犬】,
12438,祭のあとに【負け犬】,
12439,祭のあとに【負け犬】,
12440,祭のあとに【負け犬】,
12441,祭のあとに【負け犬】,
12442,祭のあとに【負け犬】,
12443,祭のあとに【負け犬】,
12444,祭のあとに【負け犬】,
12445,祭のあとに【負け犬】,
12446,祭のあとに【負け犬】,
12447,祭のあとに【負け犬】,
12448,祭のあとに【負け犬】,
12449,祭のあとに【負け犬】,
12450,祭のあとに【負け犬】,
12451,祭のあとに【負け犬】,
12452,祭のあとに【負け犬】,
12453,祭のあとに【負け犬】,
12454,祭のあとに【負け犬】,
12455,祭のあとに【負け犬】,
12456,サイネＤコイル,Ceinturon Saine D
12457,ウイングＤフォールド,Tassettes Aile D
12458,ガスラZDコイル,Ceinturon Gasura D
12459,ガスラZDコート,Manteau Gasura D
12460,レギオスＣフォールド,Tassettes Seregios C
12461,レギオスＣコート,Manteau Seregios C
12462,ピンビＤコイル,Ceinturon Pinbi D
12463,プリブＤコイル,Ceinturon Pribu D
12464,煉緋ノ帯Ｄ,
12465,グレイＤコイル,
12466,ウルピナＤコイル,Ceinturon Urpina D
12467,ノエルＤコイル,
12468,ビューネイＤコイル,Ceinturon Bune D
12469,メラースＤコート,Manteau Melas D
12470,白虎・剣聖Ｄコイル,
12471,白虎・双龍Ｄコイル,
12472,白虎・剣王Ｄコイル,
12473,白虎・刀神Ｄコイル,
12474,白虎・天槍Ｄコイル,
12475,白虎・砲皇Ｄコイル,
12476,白虎・鈍器獣Ｄコイル,
12477,白虎・奏帝Ｄコイル,
12478,白虎・穿凰Ｄコイル,
12479,白虎・斬将Ｄコイル,
12480,白虎・銃傑Ｄコート,
12481,白虎・銃仙Ｄコート,
12482,白虎・弓鬼Ｄコート,
12483,キリンフープPD赤,
12484,キリンフープPD紫,
12485,キリンフープPD黒,
12486,カイザーコイルPD白,
12487,カイザーコートPD白,
12488,カイザーコイルPD黒,
12489,カイザーコートPD黒,
12490,カイザーコイルPD緑,
12491,カイザーコートPD緑,
12492,ミヅハ【丸帯】PD青,
12493,ミヅハ【丸帯】PD赤,
12494,ミヅハ【丸帯】PD黄,
12495,トヨタマ【丸帯】PD青,
12496,トヨタマ【丸帯】PD赤,
12497,トヨタマ【丸帯】PD黄,
12498,暁丸【腰当て】PD赤,
12499,暁丸【腰当て】PD紫,
12500,暁丸【腰当て】PD白,
12501,凛【腰当て】PD黒,
12502,凛【腰当て】PD紫,
12503,凛【腰当て】PD白,
12504,ギザミコートPD赤,
12505,ギザミコートPD黒,
12506,ギザミコートPD黄,
12507,ガブラスベルトPD白,
12508,ガブラスベルトPD黄,
12509,ガブラスベルトPD黒,
12510,ハーゼＤベルト,Ceinture Harze D
12511,ルヴナンＤナーベル,
12512,ククボＤコート,Manteau Kukubo D
12513,カカブＤコート,Manteau Kakabu D
12514,アルルＤコート,Manteau Aruru D
12515,朱雀・剣聖Ｄコイル,
12516,朱雀・双龍Ｄコイル,
12517,朱雀・剣王Ｄコイル,
12518,朱雀・刀神Ｄコイル,
12519,朱雀・天槍Ｄコイル,
12520,朱雀・砲皇Ｄコイル,
12521,朱雀・鈍器獣Ｄコイル,
12522,朱雀・奏帝Ｄコイル,
12523,朱雀・穿凰Ｄコイル,
12524,朱雀・斬将Ｄコイル,
12525,朱雀・銃傑Ｄコート,
12526,朱雀・銃仙Ｄコート,
12527,朱雀・弓鬼Ｄコート,
12528,Ｇ・ナイトコートPD赤,
12529,Ｇ・ナイトコートPD青,
12530,Ｇ・ナイトコートPD紫,
12531,ＰＶフリルPD赤,
12532,ＰＶフリルPD青,
12533,ＰＶフリルPD紫,
12534,エンプレスコイルPD赤,
12535,エンプレスコイルPD黄,
12536,エンプレスコイルPD紫,
12537,エンプレスコートPD赤,
12538,エンプレスコートPD黄,
12539,エンプレスコートPD紫,
12540,ランゴフォールドPD黄,
12541,ランゴフォールドPD黒,
12542,ランゴフォールドPD青,
12543,デスギアナーベルPD白,
12544,デスギアナーベルPD赤,
12545,デスギアナーベルPD青,
12546,ディアブロコイルPD紫,
12547,ディアブロコイルPD青,
12548,ディアブロコイルPD黄,
12549,マカルパコイルPD緑,
12550,マカルパコイルPD青,
12551,マカルパコイルPD黒,
12552,アカムトイッケクPD黒,
12553,アカムトイッケクPD赤,
12554,アカムトイッケクPD白,
12555,アカムトクッコレPD黒,
12556,アカムトクッコレPD赤,
12557,アカムトクッコレPD白,
12558,グラビドコイルPD黒,
12559,グラビドコイルPD青,
12560,グラビドコイルPD赤,
12561,シャルルＤコイル,Ceinturon Sharuru D
12562,煉鳳ノ帯Ｄ,
12563,アノルZDコイル,Ceinturon Anorupatisu D
12564,アノルZDコート,Manteau Anorupatisu D
12565,ディランＤコイル,Ceinturon Dylan D
12566,ディブルＤコイル,
12567,フィンスＤコイル,Ceinturon Fins D
12568,ディンスＤコイル,Ceinturon Dins D
12569,カリスＤコイル,Ceinturon Charis D
12570,ミリアムＤコイル,Ceinturon Miriam D
12571,レニガンＤコイル,Ceinturon Lenigan D
12572,執事メイド 色替え,
12573,カタンテＤコイル,Ceinturon Katante D
12574,リカンテＤコイル,Ceinturon Rikante D
12575,メレンテＤコイル,Ceinturon Merente D
12576,ウタンテＤコイル,Ceinturon Utante D
12577,ブルックＤフォールド,Tassettes Burukku D
12578,シルックＤフォールド,Tassettes Shirukku D
12579,ゴルックＤフォールド,Tassettes Gorukku D
12580,潔燭ノ帯Ｄ,
12581,華燭ノ帯Ｄ,
12582,ジャガーＤフォールド,Tassettes Jyaga D
12583,キュールＤフォールド,
12584,ジェスＤフォールド,Tassettes Jess D
12585,リアルオＤコイル,Ceinturon Riaruo D
12586,レイレスＤコイル,Ceinturon Reiresu D
12587,レウアスＤコイル,Ceinturon Reuasu D
12588,ブランＤフォールド,Tassettes Buran D
12589,ハンショクフェイクＤ,
12590,しましまＤウエスト,Taille Shimashima D
12591,デストラＤタセット,
12592,フランテＤコイル,Ceinturon Furante D
12593,シャルルコイル,Ceinturon Sharuru
12594,シャルルＦコイル,Ceinturon Sharuru F
12595,シャルルFZコイル,Ceinturon Sharuru FZ
12596,シャルルHSコイル,Ceinturon Sharuru HS
12597,シャルルGSコイル,Ceinturon Sharuru GS
12598,シャルルGPコイル,Ceinturon Sharuru GP
12599,シャルルZPコイル,Ceinturon Sharuru ZP
12600,シャルルコート,Manteau Sharuru
12601,シャルルＦコート,Manteau Sharuru F
12602,シャルルFZコート,Manteau Sharuru FZ
12603,シャルルHSコート,Manteau Sharuru HS
12604,シャルルGSコート,Manteau Sharuru GS
12605,シャルルGPコート,Manteau Sharuru GP
12606,シャルルZPコート,Manteau Sharuru ZP
12607,煉鳳ノ帯Ｚ,
12608,煉鳳ノ帯ZF,
12609,煉鳳ノ帯ZY,
12610,煉鳳ノ帯ZX,
12611,煉鳳ノ腰巻Ｚ,
12612,煉鳳ノ腰巻ZF,
12613,煉鳳ノ腰巻ZY,
12614,煉鳳ノ腰巻ZX,
12615,アノルＺコイル,Ceinturon Anorupatisu Z
12616,アノルZFコイル,Ceinturon Anorupatisu F
12617,アノルZYコイル,Ceinturon Anorupatisu ZY
12618,アノルZXコイル,Ceinturon Anorupatisu ZX
12619,アノルＺコート,Manteau Anorupatisu Z
12620,アノルZFコート,Manteau Anorupatisu F
12621,アノルZYコート,Manteau Anorupatisu ZY
12622,アノルZXコート,Manteau Anorupatisu ZX
12623,歌紡ノ腰帯Ｚ,
12624,歌紡ノ腰帯ZF,
12625,歌紡ノ腰帯ZY,
12626,歌紡ノ腰帯ZX,
12627,歌紡ノ色帯Ｚ,
12628,歌紡ノ色帯ZF,
12629,歌紡ノ色帯ZY,
12630,歌紡ノ色帯ZX,
12631,リンクスＧフォールド,
12632,リンクスGFフォールド,
12633,リンクスGXフォールド,
12634,リンクスＧコート,
12635,リンクスGFコート,
12636,リンクスGXコート,
12637,ジンドルＧフォールド,Tassettes Zindol G
12638,ジンドルGFフォールド,Tassettes Zindol GF
12639,ジンドルGXフォールド,Tassettes Zindol GX
12640,ジンドルＧコート,Manteau Zindol G
12641,ジンドルGFコート,Manteau Zindol GF
12642,ジンドルGXコート,Manteau Zindol GX
12643,ディランコイル,Ceinturon Dylan
12644,ディランＦコイル,Ceinturon Dylan F
12645,ディランFZコイル,Ceinturon Dylan FZ
12646,ディランHSコイル,Ceinturon Dylan HS
12647,ディランGSコイル,Ceinturon Dylan GS
12648,ディランGPコイル,Ceinturon Dylan GP
12649,ディランZPコイル,Ceinturon Dylan ZP
12650,ディランコート,Manteau Dylan
12651,ディランＦコート,Manteau Dylan F
12652,ディランFZコート,Manteau Dylan FZ
12653,ディランHSコート,Manteau Dylan HS
12654,ディランGSコート,Manteau Dylan GS
12655,ディランGPコート,Manteau Dylan GP
12656,ディランZPコート,Manteau Dylan ZP
12657,ディブルコイル,
12658,ディブルＦコイル,
12659,ディブルFZコイル,
12660,ディブルHSコイル,
12661,ディブルGSコイル,
12662,ディブルGPコイル,
12663,ディブルZPコイル,
12664,ディブルコート,
12665,ディブルＦコート,
12666,ディブルFZコート,
12667,ディブルHSコート,
12668,ディブルGSコート,
12669,ディブルGPコート,
12670,ディブルZPコート,
12671,フィンスコイル,Ceinturon Fins
12672,フィンスＦコイル,Ceinturon Fins F
12673,フィンスFZコイル,Ceinturon Fins FZ
12674,フィンスHSコイル,Ceinturon Fins HS
12675,フィンスGSコイル,Ceinturon Fins GS
12676,フィンスGPコイル,Ceinturon Fins GP
12677,フィンスZPコイル,Ceinturon Fins ZP
12678,フィンスコート,Manteau Fins
12679,フィンスＦコート,Manteau Fins F
12680,フィンスFZコート,Manteau Fins FZ
12681,フィンスHSコート,Manteau Fins HS
12682,フィンスGSコート,Manteau Fins GS
12683,フィンスGPコート,Manteau Fins GP
12684,フィンスZPコート,Manteau Fins ZP
12685,ディンスコイル,Ceinturon Dins
12686,ディンスＦコイル,Ceinturon Dins F
12687,ディンスFZコイル,Ceinturon Dins FZ
12688,ディンスHSコイル,Ceinturon Dins HS
12689,ディンスGSコイル,Ceinturon Dins GS
12690,ディンスGPコイル,Ceinturon Dins GP
12691,ディンスZPコイル,Ceinturon Dins ZP
12692,ディンスコート,Manteau Dins
12693,ディンスＦコート,Manteau Dins F
12694,ディンスFZコート,Manteau Dins FZ
12695,ディンスHSコート,Manteau Dins HS
12696,ディンスGSコート,Manteau Dins GS
12697,ディンスGPコート,Manteau Dins GP
12698,ディンスZPコート,Manteau Dins ZP
12699,潔燭ノ帯Ｚ,
12700,潔燭ノ帯ZF,
12701,潔燭ノ帯ZY,
12702,潔燭ノ帯ZX,
12703,潔燭ノ腰当Ｚ,
12704,潔燭ノ腰当ZF,
12705,潔燭ノ腰当ZY,
12706,潔燭ノ腰当ZX,
12707,華燭ノ帯Ｚ,
12708,華燭ノ帯ZF,
12709,華燭ノ帯ZY,
12710,華燭ノ帯ZX,
12711,華燭ノ腰当Ｚ,
12712,華燭ノ腰当ZF,
12713,華燭ノ腰当ZY,
12714,華燭ノ腰当ZX,
12715,カリスコイル,Ceinturon Charis
12716,カリスＦコイル,Ceinturon Charis F
12717,カリスFZコイル,Ceinturon Charis FZ
12718,カリスHSコイル,Ceinturon Charis HS
12719,カリスGSコイル,Ceinturon Charis GS
12720,カリスGPコイル,Ceinturon Charis GP
12721,カリスZPコイル,Ceinturon Charis ZP
12722,カリスコート,Manteau Charis
12723,カリスＦコート,Manteau Charis F
12724,カリスFZコート,Manteau Charis FZ
12725,カリスHSコート,Manteau Charis HS
12726,カリスGSコート,Manteau Charis GS
12727,カリスGPコート,Manteau Charis GP
12728,カリスZPコート,Manteau Charis ZP
12729,ミリアムコイル,Ceinturon Miriam
12730,ミリアムＦコイル,Ceinturon Miriam F
12731,ミリアムFZコイル,Ceinturon Miriam FZ
12732,ミリアムHSコイル,Ceinturon Miriam HS
12733,ミリアムGSコイル,Ceinturon Miriam GS
12734,ミリアムGPコイル,Ceinturon Miriam GP
12735,ミリアムZPコイル,Ceinturon Miriam ZP
12736,ミリアムコート,Manteau Miriam
12737,ミリアムＦコート,Manteau Miriam F
12738,ミリアムFZコート,Manteau Miriam FZ
12739,ミリアムHSコート,Manteau Miriam HS
12740,ミリアムGSコート,Manteau Miriam GS
12741,ミリアムGPコート,Manteau Miriam GP
12742,ミリアムZPコート,Manteau Miriam ZP
12743,レニガンコイル,Ceinturon Lenigan
12744,レニガンＦコイル,Ceinturon Lenigan F
12745,レニガンFZコイル,Ceinturon Lenigan FZ
12746,レニガンHSコイル,Ceinturon Lenigan HS
12747,レニガンGSコイル,Ceinturon Lenigan GS
12748,レニガンGPコイル,Ceinturon Lenigan GP
12749,レニガンZPコイル,Ceinturon Lenigan ZP
12750,レニガンコート,Manteau Lenigan
12751,レニガンＦコート,Manteau Lenigan F
12752,レニガンFZコート,Manteau Lenigan FZ
12753,レニガンHSコート,Manteau Lenigan HS
12754,レニガンGSコート,Manteau Lenigan GS
12755,レニガンGPコート,Manteau Lenigan GP
12756,レニガンZPコート,Manteau Lenigan ZP
12757,ファビラコイル,Ceinturon Favila
12758,ファビラＦコイル,Ceinturon Favila F
12759,ファビラFZコイル,Ceinturon Favila FZ
12760,ファビラHSコイル,Ceinturon Favila HS
12761,ファビラGSコイル,Ceinturon Favila GS
12762,ファビラGPコイル,Ceinturon Favila GP
12763,ファビラZPコイル,Ceinturon Favila ZP
12764,ファビラコート,Manteau Favila
12765,ファビラＦコート,Manteau Favila F
12766,ファビラFZコート,Manteau Favila FZ
12767,ファビラHSコート,Manteau Favila HS
12768,ファビラGSコート,Manteau Favila GS
12769,ファビラGPコート,Manteau Favila GP
12770,ファビラZPコート,Manteau Favila ZP
12771,デストラGSタセット,
12772,デストラGPタセット,
12773,デストラZPタセット,
12774,ダミー,
12775,ダミー,
12776,ダミー,
12777,デストラGSキュイス,
12778,デストラGPキュイス,
12779,デストラZPキュイス,
12780,ダミー,
12781,ダミー,
12782,ダミー,
12783,ブレイブZXフォールド,
12784,ボガバドＺコイル,Ceinturon Bogabado Z
12785,ボガバドZFコイル,Ceinturon Bogabado F
12786,ボガバドZYコイル,Ceinturon Bogabado ZY
12787,ボガバドZXコイル,Ceinturon Bogabado ZX
12788,ボガバドＺコート,Manteau Bogabado Z
12789,ボガバドZFコート,Manteau Bogabado F
12790,ボガバドZYコート,Manteau Bogabado ZY
12791,ボガバドZXコート,Manteau Bogabado ZX
12792,アリシアコイル,Ceinturon Alicia
12793,アリシアＦコイル,Ceinturon Alicia F
12794,アリシアFZコイル,Ceinturon Alicia FZ
12795,アリシアHSコイル,Ceinturon Alicia HS
12796,アリシアGSコイル,Ceinturon Alicia GS
12797,アリシアGPコイル,Ceinturon Alicia GP
12798,アリシアZPコイル,Ceinturon Alicia ZP
12799,アリシアコート,Manteau Alicia
12800,アリシアＦコート,Manteau Alicia F
12801,アリシアFZコート,Manteau Alicia FZ
12802,アリシアHSコート,Manteau Alicia HS
12803,アリシアGSコート,Manteau Alicia GS
12804,アリシアGPコート,Manteau Alicia GP
12805,アリシアZPコート,Manteau Alicia ZP
12806,タンザナコイル,Ceinturon Tanzanite
12807,タンザナＦコイル,Ceinturon Tanzanite F
12808,タンザナFXコイル,Ceinturon Tanzanite FX
12809,ヘマタイトコイル,Ceinturon Hématite
12810,ヘマタイトＦコイル,Ceinturon Hématite F
12811,ヘマタイトFXコイル,Ceinturon Hématite FX
12812,白虎・磁星Ｇコイル,
12813,白虎・磁星GFコイル,
12814,白虎・磁星GXコイル,
12815,朱雀・磁星Ｇコイル,
12816,朱雀・磁星GFコイル,
12817,朱雀・磁星GXコイル,
12818,玄武・磁星Ｇコイル,
12819,玄武・磁星GFコイル,
12820,玄武・磁星GXコイル,
12821,青龍・磁星Ｇコイル,
12822,青龍・磁星GFコイル,
12823,青龍・磁星GXコイル,
12824,白蘭・磁星コイル,
12825,白蘭・磁星Ｆコイル,
12826,白蘭・磁星FXコイル,
12827,紅霞・磁星コイル,
12828,紅霞・磁星Ｆコイル,
12829,紅霞・磁星FXコイル,
12830,白蘭・磁星Ｇコイル,
12831,白蘭・磁星GFコイル,
12832,白蘭・磁星GXコイル,
12833,紅霞・磁星Ｇコイル,
12834,紅霞・磁星GFコイル,
12835,紅霞・磁星GXコイル,
12836,月夜・磁星Ｇコイル,
12837,月夜・磁星GFコイル,
12838,月夜・磁星GXコイル,
12839,蒼穹・磁星Ｇコイル,
12840,蒼穹・磁星GFコイル,
12841,蒼穹・磁星GXコイル,
12842,雅葉ノ装【腰帯】朱,
12843,雅葉ノ装Ｆ【腰帯】朱,
12844,雅葉ノ装FZ【腰帯】朱,
12845,雅葉ノ装HS【腰帯】朱,
12846,雅葉ノ装GS【腰帯】朱,
12847,雅葉ノ装GP【腰帯】朱,
12848,雅葉ノ装ZP【腰帯】朱,
12849,雅葉ノ装【腰巻】朱,
12850,雅葉ノ装Ｆ【腰巻】朱,
12851,雅葉ノ装FZ【腰巻】朱,
12852,雅葉ノ装HS【腰巻】朱,
12853,雅葉ノ装GS【腰巻】朱,
12854,雅葉ノ装GP【腰巻】朱,
12855,雅葉ノ装ZP【腰巻】朱,
12856,雅葉ノ装【腰帯】銀,
12857,雅葉ノ装Ｆ【腰帯】銀,
12858,雅葉ノ装FZ【腰帯】銀,
12859,雅葉ノ装HS【腰帯】銀,
12860,雅葉ノ装GS【腰帯】銀,
12861,雅葉ノ装GP【腰帯】銀,
12862,雅葉ノ装ZP【腰帯】銀,
12863,雅葉ノ装【腰巻】銀,
12864,雅葉ノ装Ｆ【腰巻】銀,
12865,雅葉ノ装FZ【腰巻】銀,
12866,雅葉ノ装HS【腰巻】銀,
12867,雅葉ノ装GS【腰巻】銀,
12868,雅葉ノ装GP【腰巻】銀,
12869,雅葉ノ装ZP【腰巻】銀,
12870,雅葉ノ装【腰帯】碧,
12871,雅葉ノ装Ｆ【腰帯】碧,
12872,雅葉ノ装FZ【腰帯】碧,
12873,雅葉ノ装HS【腰帯】碧,
12874,雅葉ノ装GS【腰帯】碧,
12875,雅葉ノ装GP【腰帯】碧,
12876,雅葉ノ装ZP【腰帯】碧,
12877,雅葉ノ装【腰巻】碧,
12878,雅葉ノ装Ｆ【腰巻】碧,
12879,雅葉ノ装FZ【腰巻】碧,
12880,雅葉ノ装HS【腰巻】碧,
12881,雅葉ノ装GS【腰巻】碧,
12882,雅葉ノ装GP【腰巻】碧,
12883,雅葉ノ装ZP【腰巻】碧,
12884,雅葉ノ装【腰帯】橙,
12885,雅葉ノ装Ｆ【腰帯】橙,
12886,雅葉ノ装FZ【腰帯】橙,
12887,雅葉ノ装HS【腰帯】橙,
12888,雅葉ノ装GS【腰帯】橙,
12889,雅葉ノ装GP【腰帯】橙,
12890,雅葉ノ装ZP【腰帯】橙,
12891,雅葉ノ装【腰巻】橙,
12892,雅葉ノ装Ｆ【腰巻】橙,
12893,雅葉ノ装FZ【腰巻】橙,
12894,雅葉ノ装HS【腰巻】橙,
12895,雅葉ノ装GS【腰巻】橙,
12896,雅葉ノ装GP【腰巻】橙,
12897,雅葉ノ装ZP【腰巻】橙,
12898,グラハムフォールド,
12899,ファビラＤコイル,Ceinturon Favila D
12900,アリシアＤコイル,Ceinturon Alicia D
12901,雅葉ノ装Ｃ【腰帯】,
12902,アウラＣコイル,
12903,アスモＣコイル,Ceinturon Asumo C
12904,ロッカＣコイル,Ceinturon Rokka C
12905,ルーチェＣコイル,Ceinturon Ruche C
12906,シュイＣコイル,Ceinturon Shui C
12907,雅葉ノ装Ｄ【腰帯】朱,
12908,雅葉ノ装Ｄ【腰帯】銀,
12909,雅葉ノ装Ｄ【腰帯】碧,
12910,雅葉ノ装Ｄ【腰帯】橙,
12911,玄武・剣聖Ｄコイル,
12912,玄武・双龍Ｄコイル,
12913,玄武・剣王Ｄコイル,
12914,玄武・刀神Ｄコイル,
12915,玄武・天槍Ｄコイル,
12916,玄武・砲皇Ｄコイル,
12917,玄武・鈍器獣Ｄコイル,
12918,玄武・奏帝Ｄコイル,
12919,玄武・穿凰Ｄコイル,
12920,玄武・斬将Ｄコイル,
12921,玄武・銃傑Ｄコート,
12922,玄武・銃仙Ｄコート,
12923,玄武・弓鬼Ｄコート,
12924,タンザナＤコイル,Ceinturon Tanzanite D
12925,ヘマタイトＤコイル,Ceinturon Hématite D
12926,白虎・磁星Ｄコイル,
12927,朱雀・磁星Ｄコイル,
12928,玄武・磁星Ｄコイル,
12929,レックスコイルPD黒,
12930,レックスコイルPD白,
12931,レックスコイルPD紫,
12932,モノブロスコイルPD黄,
12933,モノブロスコイルPD緑,
12934,モノブロスコイルPD白,
12935,フルフルコートPD黒,
12936,フルフルコートPD緑,
12937,フルフルコートPD青,
12938,ガノスフォールドPD黒,
12939,ガノスフォールドPD黄,
12940,ガノスフォールドPD紫,
12941,ガノスコートPD黒,
12942,ガノスコートPD黄,
12943,ガノスコートPD紫,
12944,ゲリョスコートPD赤,
12945,ゲリョスコートPD黄,
12946,ゲリョスコートPD緑,
12947,神楽【腰当て】PD赤,
12948,神楽【腰当て】PD黒,
12949,神楽【腰当て】PD紫,
12950,神座【腰当て】PD赤,
12951,神座【腰当て】PD黒,
12952,神座【腰当て】PD紫,
12953,モスヒップPD白,
12954,モスヒップPD黄,
12955,モスヒップPD青,
12956,忍の帯・陰PD黄,
12957,忍の帯・陰PD赤,
12958,忍の帯・陰PD青,
12959,ダスクＤウエスト・赤,Taille Crépuscule D rouge
12960,ダスクＤウエスト・白,Taille Crépuscule D blanche
12961,ダスクＤウエスト・桃,Taille Crépuscule D rose
12962,ダスクＤウエスト・青,Taille Crépuscule D bleue
12963,マリンＤコイル・青,Ceinturon Marin D bleu
12964,マリンＤコイル・桃,Ceinturon Marin D rose
12965,マリンＤコイル・白,Ceinturon Marin D blanc
12966,マリンＤコイル・黒,Ceinturon Marin D noir
12967,ルフレＤコイル・青,Ceinturon Rufre D bleu
12968,ルフレＤコイル・白,Ceinturon Rufre D blanc
12969,ルフレＤコイル・赤,Ceinturon Rufre D rouge
12970,ルフレＤコイル・黒,Ceinturon Rufre D noir
12971,天日ノ佩楯Ｄ・赤,
12972,天日ノ佩楯Ｄ・青,
12973,天日ノ佩楯Ｄ・黒,
12974,天日ノ佩楯Ｄ・白,
12975,天日ノ腰帯Ｄ・赤,
12976,天日ノ腰帯Ｄ・青,
12977,天日ノ腰帯Ｄ・黒,
12978,天日ノ腰帯Ｄ・白,
12979,ナーガＤコイル・青,Ceinturon Naga D bleu
12980,ナーガＤコイル・赤,Ceinturon Naga D rouge
12981,ナーガＤコイル・白,Ceinturon Naga D blanc
12982,ナーガＤコイル・黒,Ceinturon Naga D noir
12983,シェリフＤコイル・茶,Ceinturon Shérif D brun
12984,シェリフＤコイル・黒,Ceinturon Shérif D noir
12985,シェリフＤコイル・青,Ceinturon Shérif D bleu
12986,シェリフＤコイル・白,Ceinturon Shérif D blanc
12987,セレナＤコイル・紫,Ceinturon Serena D violet
12988,セレナＤコイル・青,Ceinturon Serena D bleu
12989,セレナＤコイル・白,Ceinturon Serena D blanc
12990,セレナＤコイル・赤,Ceinturon Serena D rouge
12991,ゲルトＤコイル・黒,Ceinturon Gert D noir
12992,ゲルトＤコイル・銅,
12993,ゲルトＤコイル・銀,Ceinturon Gert D argenté
12994,ゲルトＤコイル・金,Ceinturon Gert D doré
12995,グロリアＤコイル・金,Ceinturon Gloria D doré
12996,グロリアＤコイル・青,Ceinturon Gloria D bleu
12997,グロリアＤコイル・水,
12998,グロリアＤコイル・赤,Ceinturon Gloria D rouge
12999,クロースＤコイル・赤,Ceinturon Étoffe D rouge
13000,クロースＤコイル・青,Ceinturon Étoffe D bleu
13001,クロースＤコイル・紫,Ceinturon Étoffe D violet
13002,クロースＤコイル・緑,Ceinturon Étoffe D vert
13003,レイストＤコイル・黒,Ceinturon Reist D noir
13004,レイストＤコイル・青,Ceinturon Reist D bleu
13005,レイストＤコイル・紅,Ceinturon Reist D cramoisi
13006,レイストＤコイル・白,Ceinturon Reist D blanc
13007,シエナＤコイル・銀,Ceinturon Sienne D argenté
13008,シエナＤコイル・黒,Ceinturon Sienne D noir
13009,シエナＤコイル・赤,Ceinturon Sienne D rouge
13010,シエナＤコイル・青,Ceinturon Sienne D bleu
13011,カウチュＤコイル・灰,
13012,カウチュＤコイル・青,Ceinturon Kauchu D bleu
13013,カウチュＤコイル・橙,Ceinturon Kauchu D orange
13014,カウチュＤコイル・緑,Ceinturon Kauchu D vert
13015,トラスＤベルト青,Ceinture Truss D bleue
13016,トラスＤベルト赤,Ceinture Truss D rouge
13017,トラスＤベルト白,Ceinture Truss D blanche
13018,トラスＤベルト紫,Ceinture Truss D violette
13019,マイストＤコイル・紅,Ceinturon Maist D cramoisi
13020,マイストＤコイル・緑,Ceinturon Maist D vert
13021,マイストＤコイル・蒼,Ceinturon Maist D azur
13022,マイストＤコイル・桜,
13023,蘭陀の腰当・Ｄ黄,
13024,蘭陀の腰当・Ｄ赤,
13025,蘭陀の腰当・Ｄ紫,
13026,蘭陀の腰当・Ｄ金,
13027,バーニーＤベルト・黒,Ceinture Barney D noire
13028,バーニーＤベルト・白,Ceinture Barney D blanche
13029,バーニーＤベルト・赤,Ceinture Barney D rouge
13030,バーニーＤベルト・紫,Ceinture Barney D violette
13031,リゲリアＤコイル・白,Ceinturon Ligeria D blanc
13032,リゲリアＤコイル・赤,Ceinturon Ligeria D rouge
13033,リゲリアＤコイル・緑,Ceinturon Ligeria D vert
13034,リゲリアＤコイル・青,Ceinturon Ligeria D bleu
13035,アリストＤコイル・青,Ceinturon Aristo D bleu
13036,アリストＤコイル・白,Ceinturon Aristo D blanc
13037,アリストＤコイル・紫,Ceinturon Aristo D violet
13038,アリストＤコイル・赤,Ceinturon Aristo D rouge
13039,メレティＤコイル・白,Ceinturon Meleti D blanc
13040,メレティＤコイル・赤,Ceinturon Meleti D rouge
13041,メレティＤコイル・青,Ceinturon Meleti D bleu
13042,メレティＤコイル・黒,Ceinturon Meleti D noir
13043,フェルムＤコイル・黒,Ceinturon Ferm D noir
13044,フェルムＤコイル・赤,Ceinturon Ferm D rouge
13045,フェルムＤコイル・白,Ceinturon Ferm D blanc
13046,フェルムＤコイル・青,Ceinturon Ferm D bleu
13047,レアルＤコイル・白,Ceinturon Real D blanc
13048,レアルＤコイル・金,Ceinturon Real D doré
13049,レアルＤコイル・青,Ceinturon Real D bleu
13050,レアルＤコイル・赤,Ceinturon Real D rouge
13051,アルマＤコイル・黒,Ceinturon Alma D noir
13052,アルマＤコイル・白,Ceinturon Alma D blanc
13053,アルマＤコイル・青,Ceinturon Alma D bleu
13054,アルマＤコイル・茶,Ceinturon Alma D brun
13055,オナブルＤコイル・赤,Ceinturon Onable D rouge
13056,オナブルＤコイル・青,Ceinturon Onable D bleu
13057,オナブルＤコイル・緑,Ceinturon Onable D vert
13058,オナブルＤコイル・紺,
13059,ピクスＤコイル・緑,Ceinturon Pyx D vert
13060,ピクスＤコイル・紫,Ceinturon Pyx D violet
13061,ピクスＤコイル・黒,Ceinturon Pyx D noir
13062,ピクスＤコイル・水,
13063,マゴスＤコイル・黄,Ceinturon Magos D jaune
13064,マゴスＤコイル・赤,Ceinturon Magos D rouge
13065,マゴスＤコイル・水,
13066,マゴスＤコイル・青,Ceinturon Magos D bleu
13067,アージェＤコイル,Ceinturon Arge D
13068,カマレラＤコイル,Ceinturon Camarera D
13069,メテネラＤコイル,Ceinturon Metenera D
13070,アビットＤコイル,Ceinturon Abitto D
13071,リブリーＤコイル,Ceinturon Riburi D
13072,ゾデックＤコイル・青,Ceinturon Zodec D bleu
13073,ゾデックＤコイル・茶,Ceinturon Zodec D brun
13074,ゾデックＤコイル・緑,Ceinturon Zodec D vert
13075,ゾデックＤコイル・桜,
13076,カエシスＤコイル水,
13077,カエシスＤコイル赤,Ceinturon Cayssis D rouge
13078,カエシスＤコイル青,Ceinturon Cayssis D bleu
13079,カエシスＤコイル橙,Ceinturon Cayssis D orange
13080,オメットＤコイル・黒,Ceinturon Omet D noir
13081,オメットＤコイル・赤,Ceinturon Omet D rouge
13082,オメットＤコイル・白,Ceinturon Omet D blanc
13083,オメットＤコイル・青,Ceinturon Omet D bleu
13084,エディオＤコイル・青,Ceinturon Edio D bleu
13085,エディオＤコイル・赤,Ceinturon Edio D rouge
13086,エディオＤコイル・黄,Ceinturon Edio D jaune
13087,エディオＤコイル・黒,Ceinturon Edio D noir
13088,ステノＤアンカー・橙,
13089,ステノＤアンカー・桃,
13090,ステノＤアンカー・青,
13091,ステノＤアンカー・赤,
13092,スリートＤコイル・黄,Ceinturon Grésil D jaune
13093,スリートＤコイル・銀,Ceinturon Grésil D argenté
13094,スリートＤコイル・赤,Ceinturon Grésil D rouge
13095,スリートＤコイル・青,Ceinturon Grésil D bleu
13096,ガリトスＤベルト・茶,Ceinture Garitos D brune
13097,ガリトスＤベルト・赤,Ceinture Garitos D rouge
13098,ガリトスＤベルト・黒,Ceinture Garitos D noire
13099,ガリトスＤベルト・水,
13100,テクストＤコイル・紫,Ceinturon Texte D violet
13101,テクストＤコイル・緑,Ceinturon Texte D vert
13102,テクストＤコイル・青,Ceinturon Texte D bleu
13103,テクストＤコイル・黒,Ceinturon Texte D noir
13104,ファランＤコイル・白,Ceinturon Faran D blanc
13105,ファランＤコイル・黒,Ceinturon Faran D noir
13106,ファランＤコイル・赤,Ceinturon Faran D rouge
13107,ファランＤコイル・青,Ceinturon Faran D bleu
13108,ゴルトＤコイル・赤,Ceinturon Gold D rouge
13109,ゴルトＤコイル・青,Ceinturon Gold D bleu
13110,ゴルトＤコイル・黄,Ceinturon Gold D jaune
13111,ゴルトＤコイル・紫,Ceinturon Gold D violet
13112,クレールＤコイル・紫,Ceinturon Clair D violet
13113,クレールＤコイル・水,
13114,クレールＤコイル・赤,Ceinturon Clair D rouge
13115,クレールＤコイル・黒,Ceinturon Clair D noir
13116,きんねこ服Ｄテイル,
13117,ぎんねこ服Ｄテイル,
13118,イクスＤコイル・白,Ceinturon Ix D blanc
13119,イクスＤコイル・赤,Ceinturon Ix D rouge
13120,イクスＤコイル・青,Ceinturon Ix D bleu
13121,イクスＤコイル・黒,Ceinturon Ix D noir
13122,星祭Ｄ帯【赤】,
13123,星祭Ｄ帯【青】,
13124,星祭Ｄ帯【黒】,
13125,星祭Ｄ帯【白】,
13126,プロミスＤコート・白,Manteau Promesse D blanc
13127,プロミスＤコート・青,Manteau Promesse D bleu
13128,プロミスＤコート・紫,Manteau Promesse D violet
13129,プロミスＤコート・黄,Manteau Promesse D jaune
13130,ホワイトＭコートＤ,
13131,飛天ノ帯Ｄ・白,
13132,飛天ノ帯Ｄ・赤,
13133,飛天ノ帯Ｄ・茶,
13134,飛天ノ帯Ｄ・青,
13135,バンデＤコイル・青,Ceinturon Bande D bleu
13136,バンデＤコイル・赤,Ceinturon Bande D rouge
13137,バンデＤコイル・緑,Ceinturon Bande D vert
13138,バンデＤコイル・黒,Ceinturon Bande D noir
13139,レグヌムＤコイル・白,Ceinturon Regnum D blanc
13140,レグヌムＤコイル・青,Ceinturon Regnum D bleu
13141,レグヌムＤコイル・赤,Ceinturon Regnum D rouge
13142,レグヌムＤコイル・茶,Ceinturon Regnum D brun
13143,ガニアＤコイル・赤,Ceinturon Gania D rouge
13144,ガニアＤコイル・青,Ceinturon Gania D bleu
13145,ガニアＤコイル・茶,Ceinturon Gania D brun
13146,ガニアＤコイル・紫,Ceinturon Gania D violet
13147,アミスタＤコイル・黒,Ceinturon Amista D noir
13148,アミスタＤコイル・白,Ceinturon Amista D blanc
13149,アミスタＤコイル・青,Ceinturon Amista D bleu
13150,アミスタＤコイル・紅,Ceinturon Amista D cramoisi
13151,ペリフＤコイル・青,Ceinturon Perif D bleu
13152,ペリフＤコイル・茶,Ceinturon Perif D brun
13153,ペリフＤコイル・緑,Ceinturon Perif D vert
13154,ペリフＤコイル・紫,Ceinturon Perif D violet
13155,ヴァクスＤフォールド,Tassettes Vakusu D
13156,リズヴェＤコイル,Ceinturon Rizuvue D
13157,コンセルＤフォールド,Tassettes Konseru D
13158,歌詠ノ腰帯Ｄ,
13159,歌紡ノ腰帯Ｄ,
13160,シカリの腰当てＤ,
13161,ストレガＤフォールド,Tassettes Strega D
13162,エクエスＤフォールド,Tassettes Eques D
13163,ウィダＤコイル,Ceinturon Uida D
13164,クラージＤフォールド,Tassettes Kuraaji D
13165,アネシスＤフォールド,Tassettes Aneshisu D
13166,ザーカーＤコイル,Ceinturon Zaakaa D
13167,ヴィネンＤウエスト,Taille Vinen D
13168,ルデオスＤフォールド,Tassettes Rudeos D
13169,ブレオＤフォールド,Tassettes Breo D
13170,ルージュＤフォールド,
13171,オネロＤフォールド,Tassettes Onero D
13172,ディーナＤウエスト,Taille Diina D
13173,オーロワＤフォールド,Tassettes Oorowa D
13174,ヒガクレＤフォールド,Tassettes Higakure D
13175,ペルセＤフォールド,Tassettes Perce D
13176,オリクトＤフォールド,Tassettes Orykto D
13177,オリクトＤコート,Manteau Orykto D
13178,ヨルティＤフォールド,Tassettes Yoruti D
13179,ニスルＤフォールド,Tassettes Nisuru D
13180,マアデンＤフォールド,Tassettes Maaden D
13181,マアデンＤコート,Manteau Maaden D
13182,チェニーＤフォールド,Tassettes Cheni D
13183,エギエネＤフォールド,Tassettes Eguiene D
13184,トルボダＤコイル,Ceinturon Toruboda D
13185,カバリバＤフォールド,Tassettes Kabariba D
13186,ノルックＤフォールド,Tassettes Norukku D
13187,ヴァリエＤフォールド,Tassettes Valier D
13188,アルミュＤコイル,Ceinturon Arumyu D
13189,チャトレＤフォールド,Tassettes Chatore D
13190,パシオＤフォールド,Tassettes Pashio D
13191,カリヴァＤコイル,Ceinturon Cariva D
13192,デストラGSタセット,
13193,デストラGPタセット,
13194,デストラZPタセット,
13195,デストラGSキュイス,
13196,デストラGPキュイス,
13197,デストラZPキュイス,
13198,デストラＤタセット,
13199,ボガバドZDコイル,Ceinturon Bogabado D
13200,ボガバドZDコート,Manteau Bogabado D
13201,煉燭ノ帯Ｚ,
13202,煉燭ノ帯ZF,
13203,煉燭ノ帯ZY,
13204,煉燭ノ帯ZX,
13205,煉燭ノ腰巻Ｚ,
13206,煉燭ノ腰巻ZF,
13207,煉燭ノ腰巻ZY,
13208,煉燭ノ腰巻ZX,
13209,バルラＺコイル,Ceinturon Baruragaru Z
13210,バルラZFコイル,Ceinturon Baruragaru F
13211,バルラZYコイル,Ceinturon Baruragaru ZY
13212,バルラZXコイル,Ceinturon Baruragaru ZX
13213,バルラＺコート,Manteau Baruragaru Z
13214,バルラZFコート,Manteau Baruragaru F
13215,バルラZYコート,Manteau Baruragaru ZY
13216,バルラZXコート,Manteau Baruragaru ZX
13217,グラビＺコイル,Ceinturon Gravios Z
13218,グラビZFコイル,Ceinturon Gravios F
13219,グラビZYコイル,Ceinturon Gravios ZY
13220,グラビZXコイル,Ceinturon Gravios ZX
13221,グラビＺコート,Manteau Gravios Z
13222,グラビZFコート,Manteau Gravios F
13223,グラビZYコート,Manteau Gravios ZY
13224,グラビZXコート,Manteau Gravios ZX
13225,ラビウスコイル,Ceinturon Rabius
13226,ラビウスＦコイル,Ceinturon Rabius F
13227,ラビウスFZコイル,Ceinturon Rabius FZ
13228,ラビウスHSコイル,Ceinturon Rabius HS
13229,ラビウスGSコイル,Ceinturon Rabius GS
13230,ラビウスGPコイル,Ceinturon Rabius GP
13231,ラビウスZPコイル,Ceinturon Rabius ZP
13232,ラビウスコート,Manteau Rabius
13233,ラビウスＦコート,Manteau Rabius F
13234,ラビウスFZコート,Manteau Rabius FZ
13235,ラビウスHSコート,Manteau Rabius HS
13236,ラビウスGSコート,Manteau Rabius GS
13237,ラビウスGPコート,Manteau Rabius GP
13238,ラビウスZPコート,Manteau Rabius ZP
13239,ロクラスコイル,Ceinturon Rocras
13240,ロクラスＦコイル,Ceinturon Rocras F
13241,ロクラスFZコイル,Ceinturon Rocras FZ
13242,ロクラスHSコイル,Ceinturon Rocras HS
13243,ロクラスGSコイル,Ceinturon Rocras GS
13244,ロクラスGPコイル,Ceinturon Rocras GP
13245,ロクラスZPコイル,Ceinturon Rocras ZP
13246,ロクラスコート,Manteau Rocras
13247,ロクラスＦコート,Manteau Rocras F
13248,ロクラスFZコート,Manteau Rocras FZ
13249,ロクラスHSコート,Manteau Rocras HS
13250,ロクラスGSコート,Manteau Rocras GS
13251,ロクラスGPコート,Manteau Rocras GP
13252,ロクラスZPコート,Manteau Rocras ZP
13253,アリシスコイル,Ceinturon Alisys
13254,アリシスＦコイル,Ceinturon Alisys F
13255,アリシスFZコイル,Ceinturon Alisys FZ
13256,アリシスHSコイル,Ceinturon Alisys HS
13257,アリシスGSコイル,Ceinturon Alisys GS
13258,アリシスGPコイル,Ceinturon Alisys GP
13259,アリシスZPコイル,Ceinturon Alisys ZP
13260,アリシスコート,Manteau Alisys
13261,アリシスＦコート,Manteau Alisys F
13262,アリシスFZコート,Manteau Alisys FZ
13263,アリシスHSコート,Manteau Alisys HS
13264,アリシスGSコート,Manteau Alisys GS
13265,アリシスGPコート,Manteau Alisys GP
13266,アリシスZPコート,Manteau Alisys ZP
13267,ロゥリィコイル,Ceinturon Loli
13268,ロゥリィＦコイル,Ceinturon Loli F
13269,ロゥリィFZコイル,Ceinturon Loli FZ
13270,ロゥリィHSコイル,Ceinturon Loli HS
13271,ロゥリィGSコイル,Ceinturon Loli GS
13272,ロゥリィGPコイル,Ceinturon Loli GP
13273,ロゥリィZPコイル,Ceinturon Loli ZP
13274,ロゥリィコート,Manteau Loli
13275,ロゥリィＦコート,Manteau Loli F
13276,ロゥリィFZコート,Manteau Loli FZ
13277,ロゥリィHSコート,Manteau Loli HS
13278,ロゥリィGSコート,Manteau Loli GS
13279,ロゥリィGPコート,Manteau Loli GP
13280,ロゥリィZPコート,Manteau Loli ZP
13281,レコリスコイル,Ceinturon Recolis
13282,レコリスＦコイル,Ceinturon Recolis F
13283,レコリスFZコイル,Ceinturon Recolis FZ
13284,レコリスHSコイル,Ceinturon Recolis HS
13285,レコリスGSコイル,Ceinturon Recolis GS
13286,レコリスGPコイル,Ceinturon Recolis GP
13287,レコリスZPコイル,Ceinturon Recolis ZP
13288,レコリスコート,Manteau Recolis
13289,レコリスＦコート,Manteau Recolis F
13290,レコリスFZコート,Manteau Recolis FZ
13291,レコリスHSコート,Manteau Recolis HS
13292,レコリスGSコート,Manteau Recolis GS
13293,レコリスGPコート,Manteau Recolis GP
13294,レコリスZPコート,Manteau Recolis ZP
13295,ビーターＧフォールド,Tassettes Bita G
13296,ビーターGFフォールド,Tassettes Bita GF
13297,ビーターGXフォールド,Tassettes Bita GX
13298,ビーターＧコート,Manteau Bita G
13299,ビーターGFコート,Manteau Bita GF
13300,ビーターGXコート,Manteau Bita GX
13301,コレプトＧフォールド,Tassettes Koreputo G
13302,コレプトGFフォールド,Tassettes Koreputo GF
13303,コレプトGXフォールド,Tassettes Koreputo GX
13304,コレプトＧコート,Manteau Koreputo G
13305,コレプトGFコート,Manteau Koreputo GF
13306,コレプトGXコート,Manteau Koreputo GX
13307,ラファンＧコイル,Ceinturon Rapin G
13308,ラファンGFコイル,Ceinturon Rapin GF
13309,ラファンGXコイル,Ceinturon Rapin GX
13310,ラファンＧコート,Manteau Rapin G
13311,ラファンGFコート,Manteau Rapin GF
13312,ラファンGXコート,Manteau Rapin GX
13313,キリークコイル,Ceinturon Kireek
13314,キリークＦコイル,Ceinturon Kireek F
13315,キリークFZコイル,Ceinturon Kireek FZ
13316,キリークHSコイル,Ceinturon Kireek HS
13317,キリークGSコイル,Ceinturon Kireek GS
13318,キリークGPコイル,Ceinturon Kireek GP
13319,キリークZPコイル,Ceinturon Kireek ZP
13320,キリークコート,Manteau Kireek
13321,キリークＦコート,Manteau Kireek F
13322,キリークFZコート,Manteau Kireek FZ
13323,キリークHSコート,Manteau Kireek HS
13324,キリークGSコート,Manteau Kireek GS
13325,キリークGPコート,Manteau Kireek GP
13326,キリークZPコート,Manteau Kireek ZP
13327,クーナコイル,Ceinturon Quna
13328,クーナＦコイル,Ceinturon Quna F
13329,クーナFZコイル,Ceinturon Quna FZ
13330,クーナHSコイル,Ceinturon Quna HS
13331,クーナGSコイル,Ceinturon Quna GS
13332,クーナGPコイル,Ceinturon Quna GP
13333,クーナZPコイル,Ceinturon Quna ZP
13334,クーナコート,Manteau Quna
13335,クーナＦコート,Manteau Quna F
13336,クーナFZコート,Manteau Quna FZ
13337,クーナHSコート,Manteau Quna HS
13338,クーナGSコート,Manteau Quna GS
13339,クーナGPコート,Manteau Quna GP
13340,クーナZPコート,Manteau Quna ZP
13341,ディスタコイル,Ceinturon Dista
13342,ディスタＦコイル,Ceinturon Dista F
13343,ディスタFZコイル,Ceinturon Dista FZ
13344,ディスタHSコイル,Ceinturon Dista HS
13345,ディスタGSコイル,Ceinturon Dista GS
13346,ディスタGPコイル,Ceinturon Dista GP
13347,ディスタZPコイル,Ceinturon Dista ZP
13348,ディスタコート,Manteau Dista
13349,ディスタＦコート,Manteau Dista F
13350,ディスタFZコート,Manteau Dista FZ
13351,ディスタHSコート,Manteau Dista HS
13352,ディスタGSコート,Manteau Dista GS
13353,ディスタGPコート,Manteau Dista GP
13354,ディスタZPコート,Manteau Dista ZP
13355,イオニアコイル,Ceinturon Ionia
13356,イオニアＦコイル,Ceinturon Ionia F
13357,イオニアFZコイル,Ceinturon Ionia FZ
13358,イオニアHSコイル,Ceinturon Ionia HS
13359,イオニアGSコイル,Ceinturon Ionia GS
13360,イオニアGPコイル,Ceinturon Ionia GP
13361,イオニアZPコイル,Ceinturon Ionia ZP
13362,イオニアコート,Manteau Ionia
13363,イオニアＦコート,Manteau Ionia F
13364,イオニアFZコート,Manteau Ionia FZ
13365,イオニアHSコート,Manteau Ionia HS
13366,イオニアGSコート,Manteau Ionia GS
13367,イオニアGPコート,Manteau Ionia GP
13368,イオニアZPコート,Manteau Ionia ZP
13369,グリディＺコイル,Ceinturon Guridi Z
13370,グリディZFコイル,Ceinturon Guridi F
13371,グリディZYコイル,Ceinturon Guridi ZY
13372,グリディZXコイル,Ceinturon Guridi ZX
13373,グリディＺコート,Manteau Guridi Z
13374,グリディZFコート,Manteau Guridi F
13375,グリディZYコート,Manteau Guridi ZY
13376,グリディZXコート,Manteau Guridi ZX
13377,シフニィＺベルト,Ceinture Shifunyi Z
13378,シフニィZFベルト,Ceinture Shifunyi F
13379,シフニィZYベルト,Ceinture Shifunyi ZY
13380,シフニィZXベルト,Ceinture Shifunyi ZX
13381,シフニィＺコート,Manteau Shifunyi Z
13382,シフニィZFコート,Manteau Shifunyi F
13383,シフニィZYコート,Manteau Shifunyi ZY
13384,シフニィZXコート,Manteau Shifunyi ZX
13385,ロックマンコート,Manteau Rockman
13386,煉燭ノ帯Ｄ,
13387,グラビZDコイル,Ceinturon Gravios D
13388,グラビZDコート,Manteau Gravios D
13389,バルラZDコイル,Ceinturon Baruragaru D
13390,バルラZDコート,Manteau Baruragaru D
13391,ラビウスＤコイル,Ceinturon Rabius D
13392,ロクラスＤコイル,Ceinturon Rocras D
13393,アリシスＤコイル,Ceinturon Alisys D
13394,ロゥリィＤコイル,Ceinturon Loli D
13395,レコリスＤコイル,Ceinturon Recolis D
13396,ラファンＤコイル,Ceinturon Rapin D
13397,ラファンＣコイル,Ceinturon Rapin C
13398,キリークＤコイル,Ceinturon Kireek D
13399,クーナＤコイル,Ceinturon Quna D
13400,ディスタＤコイル,Ceinturon Dista D
13401,イオニアＤコイル,Ceinturon Ionia D
13402,グリディＤコイル,Ceinturon Guridi D
13403,シフニィＤベルト,Ceinture Shifunyi D
13404,ラッピーＤヒップ,
13405,ビーターＤフォールド,Tassettes Bita D
13406,コレプトＤフォールド,Tassettes Koreputo D
13407,セクティＤコイル・黒,Ceinturon Secti D noir
13408,セクティＤコイル・青,Ceinturon Secti D bleu
13409,セクティＤコイル・赤,Ceinturon Secti D rouge
13410,セクティＤコイル・白,Ceinturon Secti D blanc
13411,ロックマンＤコート,Manteau Rockman D
13412,一閃Ｄ【腰当て】・赤,
13413,蜂針Ｄ【腰当て】・橙,
13414,シャンルＺコイル,Ceinturon Shanru Z
13415,シャンルZFコイル,Ceinturon Shanru F
13416,シャンルZYコイル,Ceinturon Shanru ZY
13417,シャンルZXコイル,Ceinturon Shanru ZX
13418,シャンルＺコート,Manteau Shanru Z
13419,シャンルZFコート,Manteau Shanru F
13420,シャンルZYコート,Manteau Shanru ZY
13421,シャンルZXコート,Manteau Shanru ZX
13422,ファンルＺコイル,Ceinturon Fanru Z
13423,ファンルZFコイル,Ceinturon Fanru F
13424,ファンルZYコイル,Ceinturon Fanru ZY
13425,ファンルZXコイル,Ceinturon Fanru ZX
13426,ファンルＺコート,Manteau Fanru Z
13427,ファンルZFコート,Manteau Fanru F
13428,ファンルZYコート,Manteau Fanru ZY
13429,ファンルZXコート,Manteau Fanru ZX
13430,煉獄ノ帯Ｚ,
13431,煉獄ノ帯ZF,
13432,煉獄ノ帯ZY,
13433,煉獄ノ帯ZX,
13434,煉獄ノ腰巻Ｚ,
13435,煉獄ノ腰巻ZF,
13436,煉獄ノ腰巻ZY,
13437,煉獄ノ腰巻ZX,
13438,煉戟ノ帯Ｚ,
13439,煉戟ノ帯ZF,
13440,煉戟ノ帯ZY,
13441,煉戟ノ帯ZX,
13442,煉戟ノ腰巻Ｚ,
13443,煉戟ノ腰巻ZF,
13444,煉戟ノ腰巻ZY,
13445,煉戟ノ腰巻ZX,
13446,ザムザＺコイル,Ceinturon Zamuza Z
13447,ザムザZFコイル,Ceinturon Zamuza F
13448,ザムザZYコイル,Ceinturon Zamuza ZY
13449,ザムザZXコイル,Ceinturon Zamuza ZX
13450,ザムザＺコート,Manteau Zamuza Z
13451,ザムザZFコート,Manteau Zamuza F
13452,ザムザZYコート,Manteau Zamuza ZY
13453,ザムザZXコート,Manteau Zamuza ZX
13454,ハルドＺコイル,Ceinturon Harudo Z
13455,ハルドZFコイル,Ceinturon Harudo F
13456,ハルドZYコイル,Ceinturon Harudo ZY
13457,ハルドZXコイル,Ceinturon Harudo ZX
13458,ハルドＺコート,Manteau Harudo Z
13459,ハルドZFコート,Manteau Harudo F
13460,ハルドZYコート,Manteau Harudo ZY
13461,ハルドZXコート,Manteau Harudo ZX
13462,エリュシＧコイル,Ceinturon Elysi G
13463,エリュシGFコイル,Ceinturon Elysi GF
13464,エリュシGXコイル,Ceinturon Elysi GX
13465,エリュシＧコート,Manteau Elysi G
13466,エリュシGFコート,Manteau Elysi GF
13467,エリュシGXコート,Manteau Elysi GX
13468,ミュンルＺコイル,Ceinturon Myunru Z
13469,ミュンルZFコイル,Ceinturon Myunru F
13470,ミュンルZYコイル,Ceinturon Myunru ZY
13471,ミュンルZXコイル,Ceinturon Myunru ZX
13472,ミュンルＺコート,Manteau Myunru Z
13473,ミュンルZFコート,Manteau Myunru F
13474,ミュンルZYコート,Manteau Myunru ZY
13475,ミュンルZXコート,Manteau Myunru ZX
13476,キンコウコイル,Ceinturon Kinkou
13477,キンコウＦコイル,Ceinturon Kinkou F
13478,キンコウFZコイル,Ceinturon Kinkou FZ
13479,キンコウHSコイル,Ceinturon Kinkou HS
13480,キンコウGSコイル,Ceinturon Kinkou GS
13481,キンコウGPコイル,Ceinturon Kinkou GP
13482,キンコウZPコイル,Ceinturon Kinkou ZP
13483,キンコウコート,Manteau Kinkou
13484,キンコウＦコート,Manteau Kinkou F
13485,キンコウFZコート,Manteau Kinkou FZ
13486,キンコウHSコート,Manteau Kinkou HS
13487,キンコウGSコート,Manteau Kinkou GS
13488,キンコウGPコート,Manteau Kinkou GP
13489,キンコウZPコート,Manteau Kinkou ZP
13490,アンブコイル,Ceinturon Anbu
13491,アンブＦコイル,Ceinturon Anbu F
13492,アンブFZコイル,Ceinturon Anbu FZ
13493,アンブHSコイル,Ceinturon Anbu HS
13494,アンブGSコイル,Ceinturon Anbu GS
13495,アンブGPコイル,Ceinturon Anbu GP
13496,アンブZPコイル,Ceinturon Anbu ZP
13497,アンブコート,Manteau Anbu
13498,アンブＦコート,Manteau Anbu F
13499,アンブFZコート,Manteau Anbu FZ
13500,アンブHSコート,Manteau Anbu HS
13501,アンブGSコート,Manteau Anbu GS
13502,アンブGPコート,Manteau Anbu GP
13503,アンブZPコート,Manteau Anbu ZP
13504,アービターGSタセット,
13505,アービターGPタセット,
13506,アービターZPタセット,
13507,アービターGSキュイス,
13508,アービターGPキュイス,
13509,アービターZPキュイス,
13510,フィーネコイル,
13511,フィーネＦコイル,
13512,フィーネFZコイル,
13513,フィーネHSコイル,
13514,フィーネGSコイル,
13515,フィーネGPコイル,
13516,フィーネZPコイル,
13517,フィーネコート,
13518,フィーネＦコート,
13519,フィーネFZコート,
13520,フィーネHSコート,
13521,フィーネGSコート,
13522,フィーネGPコート,
13523,フィーネZPコート,
13524,コトナコイル,Ceinturon Kotona
13525,コトナＦコイル,Ceinturon Kotona F
13526,コトナFZコイル,Ceinturon Kotona FZ
13527,コトナHSコイル,Ceinturon Kotona HS
13528,コトナGSコイル,Ceinturon Kotona GS
13529,コトナGPコイル,Ceinturon Kotona GP
13530,コトナZPコイル,Ceinturon Kotona ZP
13531,コトナコート,Manteau Kotona
13532,コトナＦコート,Manteau Kotona F
13533,コトナFZコート,Manteau Kotona FZ
13534,コトナHSコート,Manteau Kotona HS
13535,コトナGSコート,Manteau Kotona GS
13536,コトナGPコート,Manteau Kotona GP
13537,コトナZPコート,Manteau Kotona ZP
13538,フィニスコイル,
13539,フィニスＦコイル,
13540,フィニスFZコイル,
13541,フィニスHSコイル,
13542,フィニスGSコイル,
13543,フィニスGPコイル,
13544,フィニスZPコイル,
13545,フィニスコート,
13546,フィニスＦコート,
13547,フィニスFZコート,
13548,フィニスHSコート,
13549,フィニスGSコート,
13550,フィニスGPコート,
13551,フィニスZPコート,
13552,フィールコイル,Ceinturon Firl
13553,フィールＦコイル,Ceinturon Firl F
13554,フィールFZコイル,Ceinturon Firl FZ
13555,フィールHSコイル,Ceinturon Firl HS
13556,フィールGSコイル,Ceinturon Firl GS
13557,フィールGPコイル,Ceinturon Firl GP
13558,フィールZPコイル,Ceinturon Firl ZP
13559,フィールコート,Manteau Firl
13560,フィールＦコート,Manteau Firl F
13561,フィールFZコート,Manteau Firl FZ
13562,フィールHSコート,Manteau Firl HS
13563,フィールGSコート,Manteau Firl GS
13564,フィールGPコート,Manteau Firl GP
13565,フィールZPコート,Manteau Firl ZP
13566,了奏ノ腰帯,
13567,了奏ノ腰帯Ｆ,
13568,了奏ノ腰帯FZ,
13569,了奏ノ腰帯HS,
13570,了奏ノ腰帯GS,
13571,了奏ノ腰帯GP,
13572,了奏ノ腰帯ZP,
13573,了奏ノ色帯,
13574,了奏ノ色帯Ｆ,
13575,了奏ノ色帯FZ,
13576,了奏ノ色帯HS,
13577,了奏ノ色帯GS,
13578,了奏ノ色帯GP,
13579,了奏ノ色帯ZP,
13580,ジェムズコイル,Ceinturon Gems
13581,ジェムズＦコイル,Ceinturon Gems F
13582,ジェムズFZコイル,Ceinturon Gems FZ
13583,ジェムズHSコイル,Ceinturon Gems HS
13584,ジェムズGSコイル,Ceinturon Gems GS
13585,ジェムズGPコイル,Ceinturon Gems GP
13586,ジェムズZPコイル,Ceinturon Gems ZP
13587,ジェムズコート,Manteau Gems
13588,ジェムズＦコート,Manteau Gems F
13589,ジェムズFZコート,Manteau Gems FZ
13590,ジェムズHSコート,Manteau Gems HS
13591,ジェムズGSコート,Manteau Gems GS
13592,ジェムズGPコート,Manteau Gems GP
13593,ジェムズZPコート,Manteau Gems ZP
13594,アリシャコイル,Ceinturon Alisha
13595,アリシャＦコイル,Ceinturon Alisha F
13596,アリシャFZコイル,Ceinturon Alisha FZ
13597,アリシャHSコイル,Ceinturon Alisha HS
13598,アリシャGSコイル,Ceinturon Alisha GS
13599,アリシャGPコイル,Ceinturon Alisha GP
13600,アリシャZPコイル,Ceinturon Alisha ZP
13601,アリシャコート,Manteau Alisha
13602,アリシャＦコート,Manteau Alisha F
13603,アリシャFZコート,Manteau Alisha FZ
13604,アリシャHSコート,Manteau Alisha HS
13605,アリシャGSコート,Manteau Alisha GS
13606,アリシャGPコート,Manteau Alisha GP
13607,アリシャZPコート,Manteau Alisha ZP
13608,リッカコイル,Ceinturon Ricca
13609,リッカＦコイル,Ceinturon Ricca F
13610,リッカFZコイル,Ceinturon Ricca FZ
13611,リッカHSコイル,Ceinturon Ricca HS
13612,リッカGSコイル,Ceinturon Ricca GS
13613,リッカGPコイル,Ceinturon Ricca GP
13614,リッカZPコイル,Ceinturon Ricca ZP
13615,リッカコート,Manteau Ricca
13616,リッカＦコート,Manteau Ricca F
13617,リッカFZコート,Manteau Ricca FZ
13618,リッカHSコート,Manteau Ricca HS
13619,リッカGSコート,Manteau Ricca GS
13620,リッカGPコート,Manteau Ricca GP
13621,リッカZPコート,Manteau Ricca ZP
13622,ケリスコイル,Ceinturon Kelis
13623,ケリスＦコイル,Ceinturon Kelis F
13624,ケリスFZコイル,Ceinturon Kelis FZ
13625,ケリスHSコイル,Ceinturon Kelis HS
13626,ケリスGSコイル,Ceinturon Kelis GS
13627,ケリスGPコイル,Ceinturon Kelis GP
13628,ケリスZPコイル,Ceinturon Kelis ZP
13629,ケリスコート,Manteau Kelis
13630,ケリスＦコート,Manteau Kelis F
13631,ケリスFZコート,Manteau Kelis FZ
13632,ケリスHSコート,Manteau Kelis HS
13633,ケリスGSコート,Manteau Kelis GS
13634,ケリスGPコート,Manteau Kelis GP
13635,ケリスZPコート,Manteau Kelis ZP
13636,キンコウＤコイル,Ceinturon Kinkou D
13637,アンブＤコイル,Ceinturon Anbu D
13638,煉獄ノ帯Ｄ,
13639,煉戟ノ帯Ｄ,
13640,シャンルＤコイル,Ceinturon Shanru D
13641,ファンルＤコイル,Ceinturon Fanru D
13642,ザムザZDコイル,Ceinturon Zamuza D
13643,ザムザZDコート,Manteau Zamuza D
13644,ハルドZDコイル,Ceinturon Harudo D
13645,ハルドZDコート,Manteau Harudo D
13646,アービターＤタセット,
13647,エリュシＤコイル,Ceinturon Elysi D
13648,フィーネＤコイル,
13649,コトナＤコイル,Ceinturon Kotona D
13650,フィニスＤコイル,
13651,フィールＤコイル,Ceinturon Firl D
13652,了奏ノ腰帯Ｄ,
13653,ジェムズＤコイル,Ceinturon Gems D
13654,アリシャＤコイル,Ceinturon Alisha D
13655,リッカＤコイル,Ceinturon Ricca D
13656,ケリスＤコイル,Ceinturon Kelis D
13657,ミュンルＤコイル,Ceinturon Myunru D
13658,青龍・剣聖Ｄコイル,
13659,青龍・双龍Ｄコイル,
13660,青龍・剣王Ｄコイル,
13661,青龍・刀神Ｄコイル,
13662,青龍・天槍Ｄコイル,
13663,青龍・砲皇Ｄコイル,
13664,青龍・鈍器獣Ｄコイル,
13665,青龍・奏帝Ｄコイル,
13666,青龍・穿凰Ｄコイル,
13667,青龍・斬将Ｄコイル,
13668,青龍・銃傑Ｄコート,
13669,青龍・銃仙Ｄコート,
13670,青龍・弓鬼Ｄコート,
13671,青龍・磁星Ｄコイル,
13672,ＫロブスタコイルPD黒,
13673,ＫロブスタコイルPD緑,
13674,ＫロブスタコイルPD青,
13675,ＫロブスタコートPD黒,
13676,ＫロブスタコートPD緑,
13677,ＫロブスタコートPD青,
13678,ヒプノコイルPD緑,
13679,ヒプノコイルPD赤,
13680,ヒプノコイルPD黄,
13681,ベルフォールドPD黒,
13682,ベルフォールドPD赤,
13683,ベルフォールドPD紫,
13684,ベルコートPD黒,
13685,ベルコートPD赤,
13686,ベルコートPD紫,
13687,クロオビコイルPD白,
13688,クロオビコイルPD黒,
13689,クロオビコイルPD青,
13690,アプカルコイルPD白,
13691,アプカルコイルPD緑,
13692,アプカルコイルPD黄,
13693,ルコウイングPD白,
13694,ルコウイングPD青,
13695,ルコウイングPD赤,
13696,ルコテイルPD白,
13697,ルコテイルPD青,
13698,ルコテイルPD赤,
13699,コムラダベルトPD白赤,
13700,コムラダベルトPD白青,
13701,コムラダベルトPD白黄,
13702,オトノＤフォールド,Tassettes Otono D
13703,忍の帯・空Ｄ,
13704,忍の帯・海Ｄ,
13705,黒影ノ帯・Ｄ,
13706,黒陰ノ帯・Ｄ,
13707,ホープＤフォールド,Tassettes Espoir D
