index,source,target
0,"≪ハンターの基本≫
ハンターの基本の基本{j}生肉２個の納品{j}なし{j}なし{j}メインターゲットの達成{j}報酬金ゼロ
タイムアップ{j}教官{j}我輩だ。教官だ！
よくぞこの≪クエスト確認≫
に目を通したな！ナイスだ！
どのクエストでも、ここには
クエストクリアに欠かせない
重要ヒントが書かれている。
必ず読むようにするのだぞ！",
1,"≪ハンターの基本≫
肉焼きの極意{j}こんがり肉１個の納品{j}なし{j}なし{j}メインターゲットの達成{j}報酬金ゼロ
タイムアップ{j}教官{j}我輩だ。教官だ！
この≪クエスト確認≫欄には
クエストの受注に必要なお金
≪契約金≫や、クリアの際に
もらえる≪報酬金≫、さらに
クエストの目的や制限時間と
重要事項が目白押しだぞ！",
2,"≪ハンターの基本≫
アイテム採取の極意{j}ハチミツ２個の納品{j}なし{j}なし{j}メインターゲットの達成{j}報酬金ゼロ
タイムアップ{j}教官{j}我輩だ。教官だ！
うむ。よくぞここを見たな。
どのクエストに行くときも、
この項目はしっかり確認だ。
さて、今回は≪ハチミツ≫を
探すクエストだ。ハチの巣を
見つければ、蜜を取れるぞ！",
3,"≪ハンターの基本≫
調合の極意{j}回復薬１個の納品{j}なし{j}なし{j}メインターゲットの達成{j}報酬金ゼロ
タイムアップ{j}教官{j}我輩だ。教官だ！
調合には、成功確率なるもの
があるぞ。例え失敗しても、
あきらめずに繰り返すのだ！
{K010}で出るメニュー内の
調合→調合リストの中に調合
レシピが並んでいくぞ！",
4,"≪ハンターの基本≫
釣りの極意{j}サシミウオ１匹の納品{j}なし{j}なし{j}メインターゲットの達成{j}報酬金ゼロ
タイムアップ{j}教官{j}我輩だ。教官だ！
≪釣りポイント≫にいる魚は
場所によって異なる。必要な
魚が釣れた所は、覚えておく
ようにするといいぞ。また、
季節によっても、魚の種類は
変わるのだ。大自然の神秘！",
5,"≪ハンターの基本≫
片手剣の極意{j}ランポス５頭の討伐{j}なし{j}なし{j}メインターゲットの達成{j}報酬金ゼロ
タイムアップ{j}教官{j}我輩だ。教官だ！
このクエストでは、クリアの
条件がランポス５頭の討伐と
なっている。ひと通り武器の
操作を覚えたら、肩慣らしに
いっちょ戦ってみるがいい！
青い鱗を目印に探すのだぞ！",
6,"≪ハンターの基本≫
大剣の極意{j}ランポス５頭の討伐{j}なし{j}なし{j}メインターゲットの達成{j}報酬金ゼロ
タイムアップ{j}教官{j}我輩だ。教官だ！
このクエストでは、クリアの
条件がランポス５頭の討伐と
なっている。ひと通り武器の
操作を覚えたら、肩慣らしに
いっちょ戦ってみるがいい！
青い鱗を目印に探すのだぞ！",
7,"≪ハンターの基本≫
ハンマーの極意{j}ランポス５頭の討伐{j}なし{j}なし{j}メインターゲットの達成{j}報酬金ゼロ
タイムアップ{j}教官{j}我輩だ。教官だ！
このクエストでは、クリアの
条件がランポス５頭の討伐と
なっている。ひと通り武器の
操作を覚えたら、肩慣らしに
いっちょ戦ってみるがいい！
青い鱗を目印に探すのだぞ！",
8,"≪ハンターの基本≫
ランスの極意{j}ランポス５頭の討伐{j}なし{j}なし{j}メインターゲットの達成{j}報酬金ゼロ
タイムアップ{j}教官{j}我輩だ。教官だ！
このクエストでは、クリアの
条件がランポス５頭の討伐と
なっている。ひと通り武器の
操作を覚えたら、肩慣らしに
いっちょ戦ってみるがいい！
青い鱗を目印に探すのだぞ！",
9,"≪ハンターの基本≫
双剣の極意{j}ランポス５頭の討伐{j}なし{j}なし{j}メインターゲットの達成{j}報酬金ゼロ
タイムアップ{j}教官{j}我輩だ。教官だ！
このクエストでは、クリアの
条件がランポス５頭の討伐と
なっている。ひと通り武器の
操作を覚えたら、肩慣らしに
いっちょ戦ってみるがいい！
青い鱗を目印に探すのだぞ！",
10,"≪ハンターの基本≫
太刀の極意{j}ランポス５頭の討伐{j}なし{j}なし{j}メインターゲットの達成{j}報酬金ゼロ
タイムアップ{j}教官{j}我輩だ。教官だ！
このクエストでは、クリアの
条件がランポス５頭の討伐と
なっている。ひと通り武器の
操作を覚えたら、肩慣らしに
いっちょ戦ってみるがいい！
青い鱗を目印に探すのだぞ！",
11,"≪ハンターの基本≫
狩猟笛の極意{j}ランポス５頭の討伐{j}なし{j}なし{j}メインターゲットの達成{j}報酬金ゼロ
タイムアップ{j}教官{j}我輩だ。教官だ！
このクエストでは、クリアの
条件がランポス５頭の討伐と
なっている。ひと通り武器の
操作を覚えたら、肩慣らしに
いっちょ戦ってみるがいい！
青い鱗を目印に探すのだぞ！",
12,"≪ハンターの基本≫
ガンランスの極意{j}ランポス５頭の討伐{j}なし{j}なし{j}メインターゲットの達成{j}報酬金ゼロ
タイムアップ{j}教官{j}我輩だ。教官だ！
このクエストでは、クリアの
条件がランポス５頭の討伐と
なっている。ひと通り武器の
操作を覚えたら、肩慣らしに
いっちょ戦ってみるがいい！
青い鱗を目印に探すのだぞ！",
13,"≪ハンターの基本≫
ライトボウガンの極意{j}ランポス５頭の討伐{j}なし{j}なし{j}メインターゲットの達成{j}報酬金ゼロ
タイムアップ{j}教官{j}我輩だ。教官だ！
このクエストでは、クリアの
条件がランポス５頭の討伐と
なっている。ひと通り武器の
操作を覚えたら、肩慣らしに
いっちょ戦ってみるがいい！
青い鱗を目印に探すのだぞ！",
14,"≪ハンターの基本≫
ヘビィボウガンの極意{j}ランポス５頭の討伐{j}なし{j}なし{j}メインターゲットの達成{j}報酬金ゼロ
タイムアップ{j}教官{j}我輩だ。教官だ！
このクエストでは、クリアの
条件がランポス５頭の討伐と
なっている。ひと通り武器の
操作を覚えたら、肩慣らしに
いっちょ戦ってみるがいい！
青い鱗を目印に探すのだぞ！",
15,"≪ハンターの基本≫
弓の極意{j}ランポス５頭の討伐{j}なし{j}なし{j}メインターゲットの達成{j}報酬金ゼロ
タイムアップ{j}教官{j}我輩だ。教官だ！
このクエストでは、クリアの
条件がランポス５頭の討伐と
なっている。ひと通り武器の
操作を覚えたら、肩慣らしに
いっちょ戦ってみるがいい！
青い鱗を目印に探すのだぞ！",
16,"≪ハンターの基本≫
卵ドロボウの極意{j}肉食竜の卵１個の納品{j}なし{j}なし{j}メインターゲットの達成{j}報酬金ゼロ
タイムアップ{j}教官{j}我輩だ。教官だ！
卵を持っているときに攻撃を
受けると、卵は割れてしまう
のだ。{K073}{K080}{K068}{K069}を使って視点
を動かし、周囲に気を配れ！
さらに、スタミナが切れても
落っことしてしまうからな！",
17,"≪ハンターの基本≫
狩猟の極意{j}ドスランポス１頭の狩猟{j}なし{j}なし{j}メインターゲットの達成{j}報酬金ゼロ
タイムアップ{j}教官{j}我輩だ。教官だ！
≪ドスランポス≫との戦いが
始まるぞ！支給したアイテム
を駆使し、全力で狩猟せよ！
討伐に慣れたら、≪捕獲≫の
練習もしておくのだ。捕獲を
知れば狩りの幅が広がるぞ！",
18,"≪睡眠学習≫
夢の中で武器の極意{j}夢だから気にしない{j}夢だから気にならない{j}夢だから気にできない{j}時間の限り練習
飽きるまで練習{j}練習に飽きたら{j}自分{j}ご主人様～
頑張ってるかミャ～
夢なら体力は減らないから、
本能の赴くままに練習が
できるミャ～
時間は１５分だミャ～
飽きたら≪キャンプマーク≫
に向かうんだミャ～
すぐに起こしてあげるミャ～",
19,"≪ハンターの基本≫
穿龍棍の極意{j}リオレイア１頭の狩猟{j}なし{j}なし{j}メインターゲットの達成{j}３回力尽きる
タイムアップ{j}教官{j}我輩だ。教官だ！
早速だが≪穿龍棍≫について
指導するぞ！
いち早く≪穿龍棍≫に慣れる
ために、一度は受注して
ほしい。
武器は≪試作型穿龍棍≫が
貸与されるぞ！",
20,"≪睡眠学習≫
夢の中で武器の極意{j}夢だから気にしない{j}夢だから気にならない{j}夢だから気にできない{j}時間の限り練習
飽きるまで練習{j}練習に飽きたら{j}自分{j}ご主人様～
頑張ってるかミャ～
夢なら体力は減らないから、
本能の赴くままに練習が
できるミャ～
時間は１５分だミャ～
飽きたら≪キャンプマーク≫
に向かうんだミャ～
すぐに起こしてあげるミャ～",
21,"≪ハンターの基本≫
スラッシュアックスの極意{j}リオレイア１頭の狩猟{j}なし{j}なし{j}メインターゲットの達成{j}３回力尽きる
タイムアップ{j}教官{j}我輩だ。教官だ！
早速だが≪剣斧≫について
指導するぞ！
いち早く≪剣斧≫に慣れる
ために、一度は受注して
ほしい。",
22,"≪睡眠学習≫
夢の中で武器の極意{j}夢だから気にしない{j}夢だから気にならない{j}夢だから気にできない{j}時間の限り練習
飽きるまで練習{j}練習に飽きたら{j}自分{j}ご主人様～
頑張ってるかミャ～
夢なら体力は減らないから、
本能の赴くままに練習が
できるミャ～
時間は１５分だミャ～
飽きたら≪キャンプマーク≫
に向かうんだミャ～
すぐに起こしてあげるミャ～",
23,"≪狩猟演習≫
釣り日和！釣りはロマン！{j}ハリマグロ５匹の納品{j}特産キノコ５個の納品{j}ドスハリマグロ１匹の納品{j}メインターゲットの達成{j}１度でも力尽きてしまう、
もしくは、タイムアップ{j}教官{j}ハリマグロを釣り上げる
ことが演習の目的だ！！
まずは、釣りエサを探す事から
はじめるのがいいだろう！
特産キノコを集めてきたら
釣りエサを届けてやるぞ！",
24,"≪狩猟演習≫
狩った！採れた！昆虫狩り{j}ランゴスタ２５匹の討伐{j}スパイスワーム１０匹の納品{j}モンスターの体液８個の納品{j}メインターゲットの達成{j}１度でも力尽きてしまう、
もしくは、タイムアップ{j}教官{j}密林に大量発生したランゴスタ
を討伐するのが演習の目的だ！
１匹ずつ倒すのがつらいなら
毒けむり玉を作ってみるのも
いい方法だぞ！",
25,"≪狩猟演習≫
砂漠の暴走族を止めろ！{j}ガレオス３頭の討伐{j}はじけイワシ４匹の納品{j}ゲネポスの麻痺牙１０個の納品{j}メインターゲットの達成{j}１度でも力尽きてしまう、
もしくは、タイムアップ{j}教官{j}砂漠を暴走するガレオス討伐が
今回の演習の目的だ！
砂にもぐるガレオスを、いかに
うまく引きずり出せるかが
高得点へのカギになるぞ！",
26,"≪狩猟演習≫
草食竜の卵を奪い取れ！{j}草食竜の卵２個の納品{j}魚竜の牙２個の納品{j}スライスサボテン１０個の納品{j}メインターゲットの達成{j}１度でも力尽きてしまう、
もしくは、タイムアップ{j}教官{j}栄養満点の草食竜の卵を採って
くるのが演習の目的だ！
…だが卵への道のりは非常に
長いモノとなるだろう。ゆえに
他の者が諦めて置いていった卵
が何処かにあるかもしれんな。",
27,"≪狩猟演習≫
密林の女王を狩猟せよ！{j}リオレイア１頭の狩猟{j}飛竜の卵１個の納品{j}キレアジ４匹の納品{j}メインターゲットの達成{j}１度でも力尽きてしまう、
もしくは、タイムアップ{j}教官{j}密林の女王リオレイアの狩猟が
この演習の目的だ！サブを達成
して支給品を獲得するもよし、
自力で狩猟用のアイテムを作り
出すもよし！全ては貴様次第！
健闘を祈っているぞ！",
28,"≪狩猟演習≫
狩り！狩り！狩りばっカリ！{j}ギアノス４０頭の討伐{j}ケルビの角７本の納品{j}ブランゴ４頭の討伐{j}メインターゲットの達成{j}１度でも力尽きてしまう、
もしくは、タイムアップ{j}教官{j}雪山に生息する≪ギアノス≫を
討伐するのが演習の目的だ！
…だが困ったことに、ギアノス
がほとんどいないのだ。
何処かに隠れているのかも…
決して我輩のミスではないぞ！",
29,"≪狩猟演習≫
オアシスに潜む動く大岩！？{j}ダイミョウザザミ１匹の討伐{j}ヤオザミ６匹の討伐{j}キラビートル５匹の納品{j}メインターゲットの達成{j}１度でも力尽きてしまう、
もしくは、タイムアップ{j}教官{j}砂漠のオアシスにダイミョウ
ザザミが巣くっているので
それを討伐してきて欲しい！
ヤオザミも大量に繁殖している
らしいので、注意しろよ！
囲まれたら逃げるんだぞ！",
30,"≪狩猟演習≫
珍味！肉食竜の卵が食べたい！{j}肉食竜の卵１個の納品{j}ドドブランゴ１頭の狩猟{j}氷結晶８個の納品{j}メインターゲットの達成{j}１度でも力尽きてしまう、
もしくは、タイムアップ{j}教官{j}今回の演習は、
肉食竜の卵１個の納品だ！
肉食竜の卵はなかなかの珍味
…酒のサカナにも最高だな。
我輩も大好きだ！…ん？
決して我輩のためではないぞ！",
31,"≪狩猟演習≫
驚愕！二大猛獣現る！{j}ドスファンゴ１頭の討伐{j}ドドブランゴ１頭の狩猟{j}ブルファンゴ５頭の討伐{j}メインターゲットの達成{j}１度でも力尽きてしまう、
もしくは、タイムアップ{j}教官{j}雪山で猛威を振っている牙獣
ドスファンゴを討伐するのが
この演習の目的だ！
しかし危険な事に、この雪山に
ドドブランゴも出没している
との報告があった！ヤバいな…",
32,"≪闘技演習≫
青い狩人と対峙せよ！{j}ドスランポス２頭の討伐{j}なし{j}なし{j}メインターゲットの達成{j}１度でも力尽きてしまう、
もしくは、タイムアップ{j}教官{j}この闘技場ではモンスター対
ハンターで１対１のガチンコ
勝負を行ってもらう！
今回はドスランポスが相手だ。
２頭とはいえ、貴様の腕なら
朝飯前だろ！行って来い！",
33,"≪闘技演習≫
怪鳥と対峙せよ！{j}イャンクック１頭の討伐{j}なし{j}なし{j}メインターゲットの達成{j}１度でも力尽きてしまう、
もしくは、タイムアップ{j}教官{j}この闘技場ではモンスター対
ハンターで１対１のガチンコ
勝負を行ってもらう！
今回はイャンクックが相手だ。
クックとはいえ、ヤツも飛竜
だからな！気を抜くなよ！",
34,"≪闘技演習≫
陸の女王と対峙せよ！{j}リオレイア１頭の討伐{j}なし{j}なし{j}メインターゲットの達成{j}１度でも力尽きてしまう、
もしくは、タイムアップ{j}教官{j}この闘技場ではモンスター対
ハンターで１対１のガチンコ
勝負を行ってもらう！今回は
あのリオレイアが相手だ。
厳しい演習となるであろうが、
ここを乗り越えれば一人前だ！",
35,"≪闘技演習≫
大鎌将軍と対峙せよ！{j}ショウグンギザミ１匹の討伐{j}なし{j}なし{j}メインターゲットの達成{j}１度でも力尽きてしまう、
もしくは、タイムアップ{j}教官{j}この闘技場ではモンスター対
ハンターで１対１のガチンコ
勝負を行ってもらう！
今回はショウグンギザミが
相手だ。両手の長い大鎌に
刻まれないように気をつけろ！",
36,"≪闘技演習≫
駆ける雷と対峙せよ！{j}キリン１頭の討伐{j}なし{j}なし{j}メインターゲットの達成{j}１度でも力尽きてしまう、
もしくは、タイムアップ{j}教官{j}これが闘技場での最後の演習
となる！だから、スペシャルな
相手を用意してやったぞ！
その相手とは！幻獣キリンだ！
我ながらナイスなチョイス
だな！しっかりやれよ！",
37,"≪密林探索≫
密林の環境を熟知せよ！{j}特産キノコ５個の納品{j}ロイヤルカブト２匹の納品{j}生肉４個の納品{j}メインターゲット、もしくは
サブターゲットＡかＢの達成{j}報酬金ゼロ
タイムアップ{j}ジャンボ村の村長{j}密林地帯に生える特産キノコ
を５つ探して納品してくれ！
たまに密林を飛んでる昆虫、
≪ロイヤルカブト≫を納品
してくれても報酬を払うぜ！
まずは密林を知り、密林に
慣れることから始めるといい。",
38,"≪密林探索≫
青き狩人の生息地{j}ドスランポス１頭の狩猟{j}ランポス８頭の討伐{j}特産キノコ５個の納品{j}メインターゲット、もしくは
サブターゲットＡかＢの達成{j}報酬金ゼロ
タイムアップ{j}ジャンボ村の村長{j}≪ドスランポス≫は体力を
消耗すると隣のエリアへ逃げ
て体力を回復しちまうぜ！
狩人としての狩りの腕前を
計るには丁度いい相手だが、
この季節は、子分のランポス
も多いから注意するんだぜ！",
39,"≪密林探索≫
青き狩人の生息地{j}ドスランポス１頭の狩猟{j}肉食竜の卵１個の納品{j}ランポス８頭の討伐{j}メインターゲット、もしくは
サブターゲットＡかＢの達成{j}報酬金ゼロ
タイムアップ{j}ジャンボ村の村長{j}密林をエサ場とする、青き
狩人≪ドスランポス≫１頭
を狩猟してくれよ！
狩人としての狩りの腕前を
計るには丁度いい相手だ！
この季節なら子分のランポス
も少なく狩りやすいハズだ！",
40,"≪密林探索≫
猪たちの長を狩猟せよ！{j}ドスファンゴ１頭の狩猟{j}ランゴスタ８匹の討伐{j}ロイヤルカブト２匹の納品{j}メインターゲット、もしくは
サブターゲットＡかＢの達成{j}報酬金ゼロ
タイムアップ{j}ジャンボ村の村長{j}密林にはブルファンゴの長
である≪ドスファンゴ≫が
姿を現すことも多いんだ！
かなりタフなヤツだから、
討伐じゃなくて捕獲しちゃう
のもひとつの手かも知れない
な？うまくやってみてくれ！",
41,"≪密林探索≫
猪たちの長を狩猟せよ！{j}ドスファンゴ１頭の狩猟{j}ランポス８頭の討伐{j}黄金魚１匹の納品{j}メインターゲット、もしくは
サブターゲットＡかＢの達成{j}報酬金ゼロ
タイムアップ{j}ジャンボ村の村長{j}ブルファンゴの長である
≪ドスファンゴ≫はタフで
手の付けられない暴れ者だ！
特に今の寒冷期は、空腹で
気が立っているかも知れない
ぞ！無理せず≪黄金魚≫を
釣って納めるのも手だぜ！？",
42,"≪密林探索≫
怪鳥のいななきを追って{j}イャンクック１頭の狩猟{j}竜のナミダ１個の納品{j}ランゴスタ８匹の討伐{j}メインターゲット、もしくは
サブターゲットＡかＢの達成{j}報酬金ゼロ
タイムアップ{j}ジャンボ村の村長{j}この密林で鳥のような奇声が
聞こえたら、それは間違いな
く怪鳥≪イャンクック≫だ！
イャンクックが狩猟できれば
キミの狩りの腕もなかなかの
もんだよ！耳元で音を鳴らせ
ばナミダをこぼすかもな！？",
43,"≪密林探索≫
青き怪鳥の目撃{j}イャンクック亜種１頭の狩猟{j}なし{j}なし{j}メインターゲットの達成{j}報酬金ゼロ
タイムアップ{j}ジャンボ村の村長{j}この密林で鳥のような奇声が
聞こえたら、それは間違いな
く怪鳥≪イャンクック≫だ！
イャンクックといえば通常は
ピンクの体色なんだけど、
今回は体色が青いと来たもん
だ！こりゃ亜種に違いない！",
44,"≪密林探索≫
怪鳥のいななきを追って{j}イャンクック１頭の狩猟{j}熟成キノコ１個の納品{j}ケルビの角５個の納品{j}メインターゲット、もしくは
サブターゲットＡかＢの達成{j}報酬金ゼロ
タイムアップ{j}ジャンボ村の村長{j}≪イャンクック≫を狩猟する
ことができれば、キミの狩り
の腕もなかなかのもんだよ！
もし余裕があれば熟成キノコ
作りにも挑戦してくれよ。
≪マカ漬けの壷≫に特産キノ
コを入れて埋める。簡単さ！",
45,"≪密林探索≫
水辺のダイミョウ{j}ダイミョウザザミ１匹の狩猟{j}ザザミソ４個の納品{j}ダイミョウザザミのヤド破壊{j}メインターゲット、もしくは
サブターゲットＡかＢの達成{j}報酬金ゼロ
タイムアップ{j}ジャンボ村の村長{j}この季節の水辺には、盾蟹
≪ダイミョウザザミ≫が姿を
現すことがある。硬い殻に守
られた体にダメージを与える
のは容易いことじゃない！
ヤオザミから≪ザザミソ≫を
剥いで納品してもＯＫだぜ！",
46,"≪密林探索≫
紫毒鳥の暴走{j}ゲリョス亜種１頭の狩猟{j}なし{j}なし{j}メインターゲットの達成{j}報酬金ゼロ
タイムアップ{j}ジャンボ村の村長{j}毒怪鳥≪ゲリョス≫が密林に
現れたらしいぞ！？しかも
体色が紫がかった亜種だって
話だ！今の季節の密林ならば
小型モンスターたちの邪魔も
少なく、チャンスなハズだ！
解毒アイテムも忘れるなよ！",
47,"≪密林探索≫
桃毛獣のなわばり{j}ババコンガ１頭の狩猟{j}コンガ２頭の討伐{j}厳選キノコ２個の納品{j}メインターゲット、もしくは
サブターゲットＡかＢの達成{j}報酬金ゼロ
タイムアップ{j}ジャンボ村の村長{j}桃毛獣≪ババコンガ≫は食い
意地の張ったヤツで、特にキ
ノコ系の食べ物には目がない
って話だぞ！もちろん子分の
コンガもキノコが大好物に違
いない！特産キノコを多めに
持ってれば出てくるかもな？",
48,"≪密林探索≫
桃毛獣のなわばり{j}ババコンガ１頭の狩猟{j}なわばりのフン１個の納品{j}なし{j}メインターゲット、もしくは
サブターゲットＡの達成{j}報酬金ゼロ
タイムアップ{j}ジャンボ村の村長{j}≪ババコンガ≫の珍妙な行動
に騙されちゃいけないぜ！
戦闘中に食事をしたと思えば
猛烈に怒ってみたり、フンを
してみたり…。まぁフンは自
分のなわばりを主張するもの
だからいいんだろうけどな？",
49,"≪密林探索≫
水中に沈みし翡翠{j}ガノトトス亜種１頭の狩猟{j}なし{j}なし{j}メインターゲットの達成{j}報酬金ゼロ
タイムアップ{j}船大工の親方{j}ウォオォォ！密林の水辺に、
≪ガノトトス≫が出たって
話じゃねぇか！村長のヤツ
から聞いてるぜ！本当ならば
俺が出てとっちめてやりたい
ところだが、今回はオマエに
譲るぜ！キッチリ狩れよ！！",
50,"≪密林探索≫
女王の棲まう土地{j}リオレイア１頭の狩猟{j}リオレイアの尻尾切断{j}ロイヤルカブト７匹の納品{j}メインターゲット、もしくは
サブターゲットＡかＢの達成{j}報酬金ゼロ
タイムアップ{j}ジャンボ村の村長{j}≪リオレイア≫の別名は陸の
女王。その異名は決してウソ
じゃなく、何人もの狩人が
彼女の前に屈してるほどだ。
≪リオレイア≫を狩れたら
それは狩人として独り立ちを
意味する。さぁ君の番だぜ！",
51,"≪密林探索≫
密林の桜火竜{j}リオレイア亜種１頭の狩猟{j}なし{j}なし{j}メインターゲットの達成{j}報酬金ゼロ
タイムアップ{j}ジャンボ村の村長{j}どうやら≪リオレイア≫には
亜種がいるらしい。桜色に身
を包んだ女王は、原種よりも
気性の荒い困った女王様だっ
て話だ！討伐するか捕獲する
か、相手の状態と自分の状況
を見極めることが大事だぜ！",
52,"≪密林探索≫
女王の棲まう土地{j}リオレイア１頭の狩猟{j}飛竜の卵１個の納品{j}肉食竜の卵１個の納品{j}メインターゲット、もしくは
サブターゲットＡかＢの達成{j}報酬金ゼロ
タイムアップ{j}ジャンボ村の村長{j}≪リオレイア≫を狩れたら
それは狩人として独り立ちを
意味する。なにせ相手は陸の
女王って異名を持つほどだ。
ケタ違いの力差を感じたら、
彼女の巣から≪飛竜の卵≫を
奪って今回は勝ちとしよう！",
53,"≪密林探索≫
密林を裂く豪雨{j}クシャルダオラ１体の討伐{j}なし{j}なし{j}メインターゲットの達成{j}報酬金ゼロ
タイムアップ{j}竜人族のお姉さま{j}古龍クシャルダオラは今まで
狩猟してきたモンスターとは
まったく異質…、その存在力
は雨を嵐に変えるほどよ…。
捕獲など無理なことは考えず
撃退をくり返し体力を削り、
長期戦の末に討伐するのよ。",
54,"≪密林探索≫
密林を裂く豪雨{j}クシャルダオラ１体の討伐{j}なし{j}なし{j}メインターゲットの達成{j}報酬金ゼロ
タイムアップ{j}竜人族のお姉さま{j}古龍クシャルダオラは今まで
狩猟してきたモンスターとは
まったく異質…、その存在力
は雨を嵐に変えるほどよ…。
捕獲など無理なことは考えず
撃退をくり返し体力を削り、
長期戦の末に討伐するのよ。",
55,"≪密林探索≫
濃き森の幻影{j}オオナズチ１体の討伐{j}なし{j}なし{j}メインターゲットの達成{j}報酬金ゼロ
タイムアップ{j}ココット村の村長{j}オオナズチは古龍種の中でも
異端視されている存在じゃ。
密林の雨はヤツに味方するが
如く、より激しさを増す…。
捕獲など無理なことは考えず
撃退をくり返し体力を削る！
長き末に討伐するのじゃ！",
56,"≪密林探索≫
濃き森の幻影{j}オオナズチ１体の討伐{j}なし{j}なし{j}メインターゲットの達成{j}報酬金ゼロ
タイムアップ{j}ココット村の村長{j}オオナズチは古龍種の中でも
異端視されている存在じゃ。
密林の雨はヤツに味方するが
如く、より激しさを増す…。
捕獲など無理なことは考えず
撃退をくり返し体力を削る！
長き末に討伐するのじゃ！",
57,"≪砂漠探索≫
砂漠に跳ねる狩人{j}ドスゲネポス１頭の狩猟{j}ゲネポス６頭の討伐{j}百花サボテン１個の納品{j}メインターゲット、もしくは
サブターゲットＡかＢの達成{j}報酬金ゼロ
タイムアップ{j}ジャンボ村の村長{j}砂漠に群れるゲネポスの親玉
≪ドスゲネポス≫は、一回り
大きな体に鋭い爪が特徴だ！
ドスゲネポスの狩猟が困難に
感じるなら≪マカ漬けの壷≫
に≪サボテンの花≫を入れて
≪百花サボテン≫を納品だ！",
58,"≪砂漠探索≫
砂漠に跳ねる狩人{j}ドスゲネポス１頭の狩猟{j}草食竜の卵１個の納品{j}アプケロス４頭の討伐{j}メインターゲット、もしくは
サブターゲットＡかＢの達成{j}報酬金ゼロ
タイムアップ{j}ジャンボ村の村長{j}≪ドスゲネポス≫を狩猟して
くれるんだって？キミの腕前
なら安心して任せられるよ！
もしもゆとりがあったら、
この季節に採れる≪草食竜の
卵≫を納品してくれよ！栄養
満点で人気の品物なんだぜ！",
59,"≪砂漠探索≫
砂の中を泳ぐ竜{j}ドスガレオス１頭の狩猟{j}魚竜のキモ３個の納品{j}ガレオス４頭の討伐{j}メインターゲット、もしくは
サブターゲットＡかＢの達成{j}報酬金ゼロ
タイムアップ{j}ジャンボ村の村長{j}砂の中を自在に泳ぐガレオス
たちは、とにかく狩猟が大変
で、親玉の≪ドスガレオス≫
ときたら、それはもう根気と
の戦いといっても過言じゃ
ないね！大きな音や衝撃で
地上に引き出して戦うんだ！",
60,"≪砂漠探索≫
亡骸を継ぐ者{j}ダイミョウザザミ１匹の狩猟{j}ザザミソ４個の納品{j}ゲネポス６頭の討伐{j}メインターゲット、もしくは
サブターゲットＡかＢの達成{j}報酬金ゼロ
タイムアップ{j}ジャンボ村の村長{j}いいかい？
普段は砂に潜ってるんだ。
キミが本気で≪ダイミョウ
ザザミ≫を狩るってんなら
忘れちゃいけないことだ。
盾蟹って呼ばれるだけあって
身を固められたら厄介だぜ！",
61,"≪砂漠探索≫
水中に沈みし翡翠{j}ガノトトス亜種１頭の狩猟{j}なし{j}なし{j}メインターゲットの達成{j}報酬金ゼロ
タイムアップ{j}ジャンボ村の村長{j}この季節の砂漠ではときおり
ガノトトスの亜種が出没する
らしいぜ？なんでも翡翠の
ように綺麗な体色をしてるん
だとか！とはいってもガノト
トスを狩猟するのは容易じゃ
ない！無理は禁物だぜ！",
62,"≪砂漠探索≫
地底湖の水竜{j}ガノトトス１頭の狩猟{j}ガノトトスの一本釣り{j}黄金魚２匹の納品{j}メインターゲット、もしくは
サブターゲットＡかＢの達成{j}報酬金ゼロ
タイムアップ{j}ジャンボ村の村長{j}砂漠の水辺には太古の魚竜、
≪ガノトトス≫が獲物を狙い
潜んでいる可能性が高いぞ！
水の中じゃあ戦えないが、
≪釣りカエル≫を使って一本
釣りしてやれば問題ないぜ！
勝負は陸に持ち込むんだ！",
63,"≪砂漠探索≫
砂漠に咲く桜{j}リオレイア亜種１頭の狩猟{j}なし{j}なし{j}メインターゲットの達成{j}報酬金ゼロ
タイムアップ{j}ジャンボ村の村長{j}遥か東方の国では春になると
桃色の花が咲くらしいね！
いつかオイラもこの足と目で
確かめに行きたいと思って…
おっと悪いね！この砂漠に出
た体色が桜色のリオレイア。
難敵だと思うが頑張ってくれ！",
64,"≪砂漠探索≫
白き一角竜の猛り{j}モノブロス亜種１頭の狩猟{j}なし{j}なし{j}メインターゲットの達成{j}報酬金ゼロ
タイムアップ{j}ココット村の村長{j}白き一角竜とはこれまた希少
性の高いモノブロスの亜種が
現れたようじゃな。
その気高くも美しき容姿とは
裏腹に獰猛さにおいては原種
を上回るほどじゃろう！
心して狩猟に挑むがよい！",
65,"≪砂漠探索≫
孤高の一角竜{j}モノブロス１頭の狩猟{j}竜のナミダ１個の納品{j}草食竜の卵１個の納品{j}メインターゲット、もしくは
サブターゲットＡかＢの達成{j}報酬金ゼロ
タイムアップ{j}ココット村の村長{j}孤高の一角竜≪モノブロス≫
は砂漠においてディアブロス
と対をなす王者といえよう。
がしかし、ヤツの突進を避け
気高き角を壁に刺させ、動き
を封じてしまえば優位に狩り
を進められるハズじゃぞ！",
66,"≪砂漠探索≫
強暴を極めし角竜{j}ディアブロス１頭の狩猟{j}ディアブロスの角２本を破壊{j}秘密のポーチ３個の納品{j}メインターゲット、もしくは
サブターゲットＡかＢの達成{j}報酬金ゼロ
タイムアップ{j}ジャンボ村の村長{j}≪ディアブロス≫は砂漠の
生態系において、他の生物と
は別格の強暴さを誇るモンス
ターだ！ヤツの突進にはねら
れたら再起不能のダメージを
受けてしまうだろう。角だけ
でも、折れば報酬を払おう！",
67,"≪砂漠探索≫
漆黒の双角{j}ディアブロス亜種１頭の狩猟{j}なし{j}なし{j}メインターゲットの達成{j}報酬金ゼロ
タイムアップ{j}ジャンボ村の村長{j}黒ずんだ体色を持つひときわ
恐ろしい容姿のディアブロス
が目撃された！亜種に間違い
ないだろう。もしもキミがこ
の亜種の狩猟に成功したなら
キミの腕前はオイラの想像を
超えてるかも知れないな！",
68,"≪砂漠探索≫
砂の嵐を呼びし龍{j}クシャルダオラ１体の討伐{j}なし{j}なし{j}メインターゲットの達成{j}報酬金ゼロ
タイムアップ{j}竜人族のお姉さま{j}古龍クシャルダオラは今まで
狩猟してきたモンスターとは
まったく異質…、自分の無力
さを知ることになるかも…。
捕獲など無理なことは考えず
撃退をくり返し体力を削り、
長期戦の末に討伐するのよ。",
69,"≪砂漠探索≫
砂の嵐を呼びし龍{j}クシャルダオラ１体の討伐{j}なし{j}なし{j}メインターゲットの達成{j}報酬金ゼロ
タイムアップ{j}竜人族のお姉さま{j}古龍クシャルダオラは今まで
狩猟してきたモンスターとは
まったく異質…、自分の無力
さを知ることになるかも…。
捕獲など無理なことは考えず
撃退をくり返し体力を削り、
長期戦の末に討伐するのよ。",
70,"≪砂漠探索≫
熱砂を焼く業炎{j}テオ・テスカトル１体の討伐{j}なし{j}なし{j}メインターゲットの達成{j}報酬金ゼロ
タイムアップ{j}竜人族のお姉さま{j}炎王龍テオ・テスカトルは炎
の化身とも云われる古龍よ。
ケタ違いの威圧感と強暴性は
他のモンスターとは別格…。
捕獲など無理なことは考えず
撃退をくり返し体力を削り、
長期戦の末に討伐するのよ。",
71,"≪砂漠探索≫
熱砂を焼く業炎{j}テオ・テスカトル１体の討伐{j}なし{j}なし{j}メインターゲットの達成{j}報酬金ゼロ
タイムアップ{j}竜人族のお姉さま{j}炎王龍テオ・テスカトルは炎
の化身とも云われる古龍よ。
ケタ違いの威圧感と強暴性は
他のモンスターとは別格…。
捕獲など無理なことは考えず
撃退をくり返し体力を削り、
長期戦の末に討伐するのよ。",
72,"≪砂漠探索≫
砂に堕ちた太陽{j}ナナ・テスカトリ１体の討伐{j}なし{j}なし{j}メインターゲットの達成{j}報酬金ゼロ
タイムアップ{j}竜人族のお姉さま{j}炎妃龍ナナ・テスカトリは炎
の化身とも云われる古龍よ。
ケタ違いの威圧感と強暴性は
他のモンスターとは別格…。
捕獲など無理なことは考えず
撃退をくり返し体力を削り、
長期戦の末に討伐するのよ。",
73,"≪砂漠探索≫
砂に堕ちた太陽{j}ナナ・テスカトリ１体の討伐{j}なし{j}なし{j}メインターゲットの達成{j}報酬金ゼロ
タイムアップ{j}竜人族のお姉さま{j}炎妃龍ナナ・テスカトリは炎
の化身とも云われる古龍よ。
ケタ違いの威圧感と強暴性は
他のモンスターとは別格…。
捕獲など無理なことは考えず
撃退をくり返し体力を削り、
長期戦の末に討伐するのよ。",
74,"≪沼地探索≫
赤き毒たちの統率者{j}ドスイーオス１頭の狩猟{j}カンタロス１５匹の討伐{j}特産キノコ１０個の納品{j}メインターゲット、もしくは
サブターゲットＡかＢの達成{j}報酬金ゼロ
タイムアップ{j}ジャンボ村の村長{j}イーオスたちが活発に騒いで
るってことは、親玉の≪ドス
イーオス≫がいる可能性が高
いぞ！あの毒液をまともに受
けてしまえば、命すら落とし
かねないぞ！解毒系アイテム
を忘れるなよ！！",
75,"≪沼地探索≫
赤き毒たちの統率者{j}ドスイーオス１頭の狩猟{j}熟成キノコ１個の納品{j}特産キノコ１０個の納品{j}メインターゲット、もしくは
サブターゲットＡかＢの達成{j}報酬金ゼロ
タイムアップ{j}ジャンボ村の村長{j}≪ドスイーオス≫はドスラン
ポスや、ドスゲネポスに比べ
一発単位の攻撃力が高いぞ！
身の危険を感じたら、沼地に
生えている≪特産キノコ≫を
納品してくれ！≪マカ漬けの
壷≫で熟成にしてもいいぞ！",
76,"≪沼地探索≫
猪突猛進{j}ドスファンゴ１頭の狩猟{j}ブルファンゴ６頭の討伐{j}ブルファンゴ３頭の討伐{j}メインターゲット、もしくは
サブターゲットＡかＢの達成{j}報酬金ゼロ
タイムアップ{j}ジャンボ村の村長{j}沼地はブルファンゴたちが棲
むのに適した環境だとは聞い
ていたがここまでの多さとは
驚いたよ。≪ドスファンゴ≫
の狩猟ついでにブルファンゴ
も討伐してみてくれ！討伐数
が多いほど報酬も弾むぜ！！",
77,"≪沼地探索≫
青き怪鳥の目撃{j}イャンクック亜種１頭の狩猟{j}なし{j}なし{j}メインターゲットの達成{j}報酬金ゼロ
タイムアップ{j}ジャンボ村の村長{j}ちょっと変わった体色の怪鳥
が沼地で目撃されたらしい！
オイラの推測からするに、
イャンクックの亜種に間違い
ないだろう！狩猟に臨むなら
ヤツの足止めができる≪音爆
弾≫を使ってみるといいぞ！",
78,"≪沼地探索≫
湿地を駆ける毒怪鳥{j}ゲリョス１頭の狩猟{j}灰水晶の原石１個の納品{j}カンタロス１５匹の討伐{j}メインターゲット、もしくは
サブターゲットＡかＢの達成{j}報酬金ゼロ
タイムアップ{j}ジャンボ村の村長{j}≪ゲリョス≫は別名、毒怪鳥
って呼ばれるモンスターだ！
呼び名のとおり、毒液を吐き
散らして暴れまわる迷惑な
怪鳥だ。自分の身の危機を感
じると死んだふりをするズル
賢い面もある！油断禁物だ！",
79,"≪沼地探索≫
紫毒鳥の暴走{j}ゲリョス亜種１頭の狩猟{j}なし{j}なし{j}メインターゲットの達成{j}報酬金ゼロ
タイムアップ{j}ジャンボ村の村長{j}毒怪鳥≪ゲリョス≫の亜種が
沼地に現れたらしい！体色が
紫がかってて一層不気味な姿
だって話だぜ？光り物を好み
集める、ヤツのトサカを破壊
できれば貴重なクリスタルが
手に入ることもあるらしい！",
80,"≪沼地探索≫
湿地を駆ける毒怪鳥{j}ゲリョス１頭の狩猟{j}灰水晶の原石１個の納品{j}ゲリョスのトサカの破壊{j}メインターゲット、もしくは
サブターゲットＡかＢの達成{j}報酬金ゼロ
タイムアップ{j}ジャンボ村の村長{j}≪ゲリョス≫は別名、毒怪鳥
って呼ばれるモンスターだ！
毒液を吐くばかりじゃなく、
狩人の目を眩ませる強い閃光
を放つこともある！トサカを
破壊できれば閃光は放てなく
なるハズだ！トサカを狙え！",
81,"≪沼地探索≫
暗闇を這う白影{j}フルフル１頭の狩猟{j}なし{j}なし{j}メインターゲットの達成{j}報酬金ゼロ
タイムアップ{j}ジャンボ村の村長{j}暗闇を這う白影だって！？
それは≪フルフル≫に間違い
ないハズだ！ヤツの狩猟に臨
むなら地上ばかりを見てちゃ
ダメだぜ！ヤツは一切の音を
消して天井から襲い掛かかる
のがお得意だ、注意しろよ！",
82,"≪沼地探索≫
沼地を舞う女王{j}リオレイア１頭の狩猟{j}竜のナミダ１個の納品{j}厳選キノコ２個の納品{j}メインターゲット、もしくは
サブターゲットＡかＢの達成{j}報酬金ゼロ
タイムアップ{j}ジャンボ村の村長{j}≪リオレイア≫を狩れたら
それは狩人として独り立ちを
意味する。狩人たちの間じゃ
有名な謳い文句だけど、女王
を泣かせることができたら、
それはもっと凄いことだな！
水を大量に飲めば泣くとか？",
83,"≪沼地探索≫
湿地に潜む大鎌{j}ショウグンギザミ１匹の狩猟{j}ショウグンギザミのツメ破壊{j}黄金魚５匹の納品{j}メインターゲット、もしくは
サブターゲットＡかＢの達成{j}報酬金ゼロ
タイムアップ{j}ジャンボ村の村長{j}≪ショウグンギザミ≫は別名
鎌蟹と呼ばれる甲殻生物だ。
盾蟹が守りなら鎌蟹は攻め！
力強く振り下ろされる鋭い爪
は大抵のものを軽く切り裂い
てしまうぞ！狩猟がキツイ時
はツメを破壊して戻るんだ！",
84,"≪沼地探索≫
湿地に潜む大鎌{j}ショウグンギザミ１匹の狩猟{j}灰水晶の原石１個の納品{j}秘密のポーチ３個の納品{j}メインターゲット、もしくは
サブターゲットＡかＢの達成{j}報酬金ゼロ
タイムアップ{j}ジャンボ村の村長{j}≪ショウグンギザミ≫は別名
鎌蟹と呼ばれるほど、鋭くて
強力な爪を持つ甲殻生物だ！
また、この季節は沼地で≪灰
水晶の原石≫も採掘できる。
運がよければ、報酬でライト
クリスタルが手に入るかもな！",
85,"≪沼地探索≫
食いしん坊な変獣{j}ババコンガ１頭の狩猟{j}コンガ４頭の討伐{j}コンガ２頭の討伐{j}メインターゲット、もしくは
サブターゲットＡかＢの達成{j}報酬金ゼロ
タイムアップ{j}ジャンボ村の村長{j}この季節の沼地にはコンガが
多く生息しているみたいだ！
ヤツらは親玉の≪ババコンガ≫
とは群れずに生活してる。
逆をいえば群れる必要がない
ほど個々が強いという裏付け
でもある。注意するんだぞ！",
86,"≪沼地探索≫
食いしん坊な変獣{j}ババコンガ１頭の狩猟{j}フルベビアイス２個の納品{j}ブルファンゴ３頭の討伐{j}メインターゲット、もしくは
サブターゲットＡかＢの達成{j}報酬金ゼロ
タイムアップ{j}ジャンボ村の村長{j}≪ババコンガ≫の投げるフン
に当たると回復系のアイテム
が使えなくなりますよ！
≪ババコンガ≫の狩猟が困難
な場合は、地中にいる≪フル
フルベビー≫を山菜ジジイと
交換して、交換後のアイテム
を納品してくれよ！",
87,"≪沼地探索≫
黒鎧をまといし亜種{j}グラビモス亜種１頭の狩猟{j}なし{j}なし{j}メインターゲットの達成{j}報酬金ゼロ
タイムアップ{j}ジャンボ村の村長{j}噴煙の王者が沼地に出没した
らしいぞ！おそらくは沼地の
鉱石を目当てに辿り着いたに
違いない。しかも原種とは違
う黒鎧に身を包んだ亜種だ！
飛竜種では間違いなく最強ク
ラスの相手だ、用心しろよ！",
88,"≪沼地探索≫
サイレント{j}オオナズチ１体の討伐{j}なし{j}なし{j}メインターゲットの達成{j}報酬金ゼロ
タイムアップ{j}ココット村の村長{j}オオナズチは古龍種の中でも
異端視されている存在じゃ。
姿無きところから姿を現す、
熟練の狩人とて手に負えん。
捕獲など無理なことは考えず
撃退をくり返し体力を削る！
長き末に討伐するのじゃ！",
89,"≪沼地探索≫
サイレント{j}オオナズチ１体の討伐{j}なし{j}なし{j}メインターゲットの達成{j}報酬金ゼロ
タイムアップ{j}ココット村の村長{j}オオナズチは古龍種の中でも
異端視されている存在じゃ。
姿無きところから姿を現す、
熟練の狩人とて手に負えん。
捕獲など無理なことは考えず
撃退をくり返し体力を削る！
長き末に討伐するのじゃ！",
90,"≪沼地探索≫
炎王龍テオ・テスカトル{j}テオ・テスカトル１体の討伐{j}なし{j}なし{j}メインターゲットの達成{j}報酬金ゼロ
タイムアップ{j}竜人族のお姉さま{j}炎王龍テオ・テスカトルは炎
の化身とも云われる古龍よ。
炎をまといしその姿は近づく
だけでその者の命を削る…。
捕獲など無理なことは考えず
撃退をくり返し体力を削り、
長期戦の末に討伐するのよ。",
91,"≪沼地探索≫
炎王龍テオ・テスカトル{j}テオ・テスカトル１体の討伐{j}なし{j}なし{j}メインターゲットの達成{j}報酬金ゼロ
タイムアップ{j}竜人族のお姉さま{j}炎王龍テオ・テスカトルは炎
の化身とも云われる古龍よ。
炎をまといしその姿は近づく
だけでその者の命を削る…。
捕獲など無理なことは考えず
撃退をくり返し体力を削り、
長期戦の末に討伐するのよ。",
92,"≪雪山探索≫
極寒の地での狩猟{j}ドスファンゴ１頭の狩猟{j}ポポ４頭の討伐{j}なし{j}メインターゲット、もしくは
サブターゲットＡの達成{j}報酬金ゼロ
タイムアップ{j}ジャンボ村の村長{j}雪山で狩猟に臨むのなら、
まずは≪ホットドリンク≫を
忘れないことだぜ！
≪ポポ≫の討伐で、ある程度
雪山の環境に慣れてから、
≪ドスファンゴ≫を狩猟した
方が確実かも知れないな！",
93,"≪雪山探索≫
雪原を這う赤影{j}フルフル亜種１頭の狩猟{j}なし{j}なし{j}メインターゲットの達成{j}報酬金ゼロ
タイムアップ{j}ジャンボ村の村長{j}雪原を這う赤影だって！？
それは≪フルフル≫の亜種に
間違いないハズだ！だが、今
の季節の雪山はブランゴたち
がエサを求めて群生してる！
フルフルとブランゴたちは、
同時に相手すると厄介だぜ！",
94,"≪雪山探索≫
暗闇を這う白影{j}フルフル１頭の狩猟{j}フルベビアイス２個の納品{j}ガウシカの角５個の納品{j}メインターゲット、もしくは
サブターゲットＡかＢの達成{j}報酬金ゼロ
タイムアップ{j}ジャンボ村の村長{j}≪フルフル≫ってモンスター
は幼生期を地面の中で過ごす
らしい。だから目よりも鼻が
利く生き物なんだろうな？
親の狩猟が困難なら地中にい
る≪フルフルベビー≫を山菜
ジジイと交換して、交換後の
アイテムを納品してくれよ！",
95,"≪雪山探索≫
群れ成す牙獣の主{j}ドドブランゴ１頭の狩猟{j}ブランゴ６頭の討伐{j}ブランゴ３頭の討伐{j}メインターゲット、もしくは
サブターゲットＡかＢの達成{j}報酬金ゼロ
タイムアップ{j}ジャンボ村の村長{j}この季節の雪山はブランゴ
一家の独壇場だ。その数たる
や尋常じゃない。ブランゴた
ちは親玉の≪ドドブランゴ≫
の指示に従い、群れを成して
襲い掛かってくるハズだ。
囲まれないように注意しろ！",
96,"≪雪山探索≫
群れ成す牙獣の主{j}ドドブランゴ１頭の狩猟{j}肉食竜の卵２個の納品{j}ギアノス５頭の討伐{j}メインターゲット、もしくは
サブターゲットＡかＢの達成{j}報酬金ゼロ
タイムアップ{j}ジャンボ村の村長{j}≪ドドブランゴ≫はこの雪山
を治める主だ。なわばりを侵
す者への攻撃は容赦ないぞ！
また、この季節は珍しい種の
ランポスが卵を育てに現れる
ようだ。≪肉食竜の卵≫を奪
えばお目に掛かれるかもな！",
97,"≪雪山探索≫
雪原を駆ける幻獣{j}キリン１頭の討伐{j}ギルドフラッグを山頂に設置{j}なし{j}メインターゲット、もしくは
サブターゲットＡの達成{j}報酬金ゼロ
タイムアップ{j}竜人族のお姉さま{j}古龍種に属される≪キリン≫
は、特定の生息域を持たない
うえにその個体数の少なさか
ら≪幻獣≫とも呼ばれる生き
物よ。雪山に行くなら山頂に
≪ギルドフラッグ≫を立てて
アルピニストを目指すのよ。",
98,"≪雪山探索≫
雪原を駆ける幻獣{j}キリン１頭の討伐{j}秘密のポーチ４個の納品{j}なし{j}メインターゲット、もしくは
サブターゲットＡの達成{j}報酬金ゼロ
タイムアップ{j}竜人族のお姉さま{j}古龍種に属される≪キリン≫
は、雷を自在にあやつるさま
から≪幻獣≫と呼ばれる生き
物よ。アイテムを≪メラルー≫
に奪われたらあせらず取り
返すことね。彼らのポーチを
拾えるかも知れないわよ？",
99,"≪雪山探索≫
吹雪の召喚者{j}クシャルダオラ１体の討伐{j}なし{j}なし{j}メインターゲットの達成{j}報酬金ゼロ
タイムアップ{j}竜人族のお姉さま{j}古龍クシャルダオラは今まで
狩猟してきたモンスターとは
まったく異質、その存在力は
雪原を吹雪に変えるほど…。
捕獲など無理なことは考えず
撃退をくり返し体力を削り、
長期戦の末に討伐するのよ。",
100,"≪雪山探索≫
吹雪の召喚者{j}クシャルダオラ１体の討伐{j}なし{j}なし{j}メインターゲットの達成{j}報酬金ゼロ
タイムアップ{j}竜人族のお姉さま{j}古龍クシャルダオラは今まで
狩猟してきたモンスターとは
まったく異質、その存在力は
雪原を吹雪に変えるほど…。
捕獲など無理なことは考えず
撃退をくり返し体力を削り、
長期戦の末に討伐するのよ。",
101,"≪火山探索≫
毒を統べる毒{j}ドスイーオス１頭の狩猟{j}イーオス１０頭の討伐{j}なし{j}メインターゲット、もしくは
サブターゲットＡの達成{j}報酬金ゼロ
タイムアップ{j}ジャンボ村の村長{j}火山地帯で≪ドスイーオス≫
を狩猟するのは、少しばかり
厄介かも知れないぞ！体力を
消耗したドスイーオスは狩人
が体力を消耗するような、
嫌な場所に逃げ込む可能性が
ある！速攻で仕留めるんだ！",
102,"≪火山探索≫
岩地に潜む罠{j}バサルモス１頭の狩猟{j}燃石炭８個の納品{j}ランゴスタ８匹の討伐{j}メインターゲット、もしくは
サブターゲットＡかＢの達成{j}報酬金ゼロ
タイムアップ{j}ジャンボ村の村長{j}≪バサルモス≫の狩猟に臨む
なら岩場を中心に探してみる
といい！どこかに擬態して隠
れてるケースが多いからな！
おっと、採掘をする予定があ
るならば是非とも≪燃石炭≫
を納品してくれ！エネルギー
源として重宝されてるんだ！",
103,"≪火山探索≫
岩地に潜む罠{j}バサルモス１頭の狩猟{j}燃石炭８個の納品{j}バサルモスの胸部破壊{j}メインターゲット、もしくは
サブターゲットＡかＢの達成{j}報酬金ゼロ
タイムアップ{j}ジャンボ村の村長{j}≪バサルモス≫は鉱石を食べ
て成長するためその外殻には
鉱石が含まれてることが多い
んだ。ヤツの部位を破壊する
ことで、採掘しなくても鉱石
を入手することだってできる
んだぜ！まさに一石二鳥さ！",
104,"≪火山探索≫
灼熱の覇者{j}グラビモス１頭の狩猟{j}火薬岩２個の納品{j}火薬岩１個の納品{j}メインターゲット、もしくは
サブターゲットＡかＢの達成{j}報酬金ゼロ
タイムアップ{j}ジャンボ村の村長{j}≪グラビモス≫は灼熱の覇者
とも呼ばれてる。燃石や鉱石
を食べて異常なまでの硬度に
発達した外殻を突き破るには
相当磨かれた武器が必要だ！
ヤツの目を盗んで≪火薬岩≫
を納めてくれてもＯＫだぜ！",
105,"≪火山探索≫
黒鎧をまといし亜種{j}グラビモス亜種１頭の狩猟{j}なし{j}なし{j}メインターゲットの達成{j}報酬金ゼロ
タイムアップ{j}ジャンボ村の村長{j}火山の噴煙にまみれ≪グラビ
モス≫の黒き亜種が姿を現し
たらしい！その容姿は見る者
を震え上がらせるって話だ！
ただ、鎧竜ってのは体を守る
鎧があればこそだ！胸部が破
壊できれば鎧は剥がれるぜ？",
106,"≪火山探索≫
天地を走る大鎌{j}ショウグンギザミ１匹の狩猟{j}ガブラス３頭の討伐{j}秘密のポーチ３個の納品{j}メインターゲット、もしくは
サブターゲットＡかＢの達成{j}報酬金ゼロ
タイムアップ{j}ジャンボ村の村長{j}鎌蟹≪ショウグンギザミ≫の
奇妙な足関節はその生息域を
天井にまで広げているぞ！
ヤツの狩猟が困難な場合は、
この季節に火口付近を飛び回
る≪ガブラス≫を討伐して食
材を入手してもいいかもな？",
107,"≪火山探索≫
天地を走る大鎌{j}ショウグンギザミ１匹の狩猟{j}ショウグンギザミのツメ破壊{j}ガミザミ４匹の討伐{j}メインターゲット、もしくは
サブターゲットＡかＢの達成{j}報酬金ゼロ
タイムアップ{j}ジャンボ村の村長{j}鎌蟹≪ショウグンギザミ≫の
奇妙な足関節はその生息域を
天井にまで広げているぞ！
この季節の火山ではヤツの子
供たち≪ガミザミ≫も数多く
生息しているハズだ！ヤツら
の討伐でも報酬は支払うぜ！",
108,"≪火山探索≫
炎国の王{j}テオ・テスカトル１体の討伐{j}なし{j}なし{j}メインターゲットの達成{j}報酬金ゼロ
タイムアップ{j}竜人族のお姉さま{j}炎王龍テオ・テスカトルは炎
の化身とも云われる古龍よ。
火山では全ての炎や熱が彼に
味方しているに等しい…。
捕獲など無理なことは考えず
撃退をくり返し体力を削り、
長期戦の末に討伐するのよ。",
109,"≪火山探索≫
炎国の王{j}テオ・テスカトル１体の討伐{j}なし{j}なし{j}メインターゲットの達成{j}報酬金ゼロ
タイムアップ{j}竜人族のお姉さま{j}炎王龍テオ・テスカトルは炎
の化身とも云われる古龍よ。
火山では全ての炎や熱が彼に
味方しているに等しい…。
捕獲など無理なことは考えず
撃退をくり返し体力を削り、
長期戦の末に討伐するのよ。",
110,"≪火山探索≫
炎国の妃{j}ナナ・テスカトリ１体の討伐{j}なし{j}なし{j}メインターゲットの達成{j}報酬金ゼロ
タイムアップ{j}竜人族のお姉さま{j}炎妃龍ナナ・テスカトリは炎
の化身とも云われる古龍よ。
火山では全ての炎や熱が彼女
に味方しているに等しいわ。
捕獲など無理なことは考えず
撃退をくり返し体力を削り、
長期戦の末に討伐するのよ。",
111,"≪火山探索≫
炎国の妃{j}ナナ・テスカトリ１体の討伐{j}なし{j}なし{j}メインターゲットの達成{j}報酬金ゼロ
タイムアップ{j}竜人族のお姉さま{j}炎妃龍ナナ・テスカトリは炎
の化身とも云われる古龍よ。
火山では全ての炎や熱が彼女
に味方しているに等しいわ。
捕獲など無理なことは考えず
撃退をくり返し体力を削り、
長期戦の末に討伐するのよ。",
112,"≪森丘探索≫
空の王の棲まう土地{j}リオレウス１頭の狩猟{j}リオレウスの尻尾切断{j}チャチャブー２匹の討伐{j}メインターゲット、もしくは
サブターゲットＡかＢの達成{j}報酬金ゼロ
タイムアップ{j}ココット村の村長{j}この地、≪森丘≫には遥か昔
よりある飛竜の王が君臨して
おる。正統な強さを誇る正統
な大空の王は≪リオレウス≫
と呼ばれておる…。彼の狩猟
を成すものはまごうことなき
一流の狩人であるじゃろう。",
113,"≪森丘探索≫
蒼き火竜の咆哮{j}リオレウス亜種１頭の狩猟{j}なし{j}なし{j}メインターゲットの達成{j}報酬金ゼロ
タイムアップ{j}ココット村の村長{j}≪森丘≫にて≪リオレウス≫
の蒼き亜種が確認されたよう
じゃ！その比類なき生命力に
打ち勝つ者は竜を上回る力を
持つこととなる。若き狩人よ
オヌシにその能力が秘められ
ているかを見定めるとよい。",
114,"≪森丘探索≫
空の王と陸の女王{j}リオレウス１頭の狩猟{j}リオレイア１頭の狩猟{j}飛竜の卵１個の納品{j}メインターゲット、もしくは
サブターゲットＡかＢの達成{j}報酬金ゼロ
タイムアップ{j}ココット村の村長{j}この地に遥か昔より君臨し、
空の王者≪リオレウス≫と
陸の女王≪リオレイア≫。
決死の覚悟にて挑むがよい！
落とし穴やシビレ罠が設置で
きるのは１つまでということ
を忘れるでないぞ！",
115,"≪森丘探索≫
静寂を奏でし龍{j}オオナズチ１体の討伐{j}なし{j}なし{j}メインターゲットの達成{j}報酬金ゼロ
タイムアップ{j}ココット村の村長{j}オオナズチは古龍種の中でも
異端視されている存在じゃ。
存在そのものすら滅多に確認
されることが無いほどじゃ。
捕獲など無理なことは考えず
撃退をくり返し体力を削る！
長ぎ末に討伐するのじゃ！",
116,"≪森丘探索≫
静寂を奏でし龍{j}オオナズチ１体の討伐{j}なし{j}なし{j}メインターゲットの達成{j}報酬金ゼロ
タイムアップ{j}ココット村の村長{j}オオナズチは古龍種の中でも
異端視されている存在じゃ。
存在そのものすら滅多に確認
されることが無いほどじゃ。
捕獲など無理なことは考えず
撃退をくり返し体力を削る！
長ぎ末に討伐するのじゃ！",
117,"≪古塔探索≫
古塔を撃つ落雷{j}キリン１頭の討伐{j}なし{j}なし{j}メインターゲットの達成{j}報酬金ゼロ
タイムアップ{j}竜人族のお姉さま{j}この地の彼方に眠る、謎多き
未開の地≪古塔≫に、幻獣
≪キリン≫が現れたようね。
古塔へはいつでも行けるわけ
じゃなく、気象を始めとする
各環境が安定してる期間だけ
よ。頑張ってらっしゃいね。",
118,"≪古塔探索≫
古塔を撃つ落雷{j}キリン１頭の討伐{j}なし{j}なし{j}メインターゲットの達成{j}報酬金ゼロ
タイムアップ{j}竜人族のお姉さま{j}この地の彼方に眠る、謎多き
未開の地≪古塔≫に、幻獣
≪キリン≫が現れたようね。
古塔へはいつでも行けるわけ
じゃなく、気象を始めとする
各環境が安定してる期間だけ
よ。頑張ってらっしゃいね。",
119,"≪古塔探索≫
竜たちのねぐら{j}リオレウス亜種１頭の狩猟{j}リオレウス１頭の狩猟{j}なし{j}メインターゲット、もしくは
サブターゲットＡの達成{j}報酬金ゼロ
タイムアップ{j}ココット村の村長{j}この地の彼方に眠る、謎多き
未開の地≪古塔≫の大空に、
空の王が２頭、舞っておる。
慣れぬ地で２頭の王に挑むは
想像を絶する困難じゃろう。
落とし穴やシビレ罠が設置で
きるのは１つまでということ
を忘れるでないぞ！",
120,"≪古塔探索≫
炎妃龍の宿りし塔{j}ナナ・テスカトリ１体の討伐{j}なし{j}なし{j}メインターゲットの達成{j}報酬金ゼロ
タイムアップ{j}竜人族のお姉さま{j}炎妃龍ナナ・テスカトリは炎
の化身とも云われる古龍よ。
この古き塔の環境が全て彼女
に味方してる感じがするわ。
捕獲など無理なことは考えず
撃退をくり返し体力を削り、
長期戦の末に討伐するのよ。",
121,"≪古塔探索≫
炎妃龍の宿りし塔{j}ナナ・テスカトリ１体の討伐{j}なし{j}なし{j}メインターゲットの達成{j}報酬金ゼロ
タイムアップ{j}竜人族のお姉さま{j}炎妃龍ナナ・テスカトリは炎
の化身とも云われる古龍よ。
この古き塔の環境が全て彼女
に味方してる感じがするわ。
捕獲など無理なことは考えず
撃退をくり返し体力を削り、
長期戦の末に討伐するのよ。",
122,"≪密林探索≫
密林の環境を熟知せよ！{j}特産キノコ５個の納品{j}ロイヤルカブト２匹の納品{j}生肉４個の納品{j}メインターゲット、もしくは
サブターゲットＡかＢの達成{j}報酬金ゼロ
タイムアップ{j}ジャンボ村の村長{j}密林地帯に生える特産キノコ
を５つ探して納品してくれ！
この寒冷期になると≪ロイヤ
ルカブト≫は少なくなるが、
≪特産キノコ≫が豊富だぜ！
まずは密林を知り、密林に
慣れることから始めるといい。",
123,"≪密林探索≫
密林の環境を熟知せよ！{j}特産キノコ５個の納品{j}ロイヤルカブト２匹の納品{j}生肉４個の納品{j}メインターゲット、もしくは
サブターゲットＡかＢの達成{j}報酬金ゼロ
タイムアップ{j}ジャンボ村の村長{j}密林地帯に生える特産キノコ
を５つ探して納品してくれ！
この繁殖期は草食タイプの
モンスターが多くなるから、
≪生肉≫の納品も簡単だぜ！
まずは密林を知り、密林に
慣れることから始めるといい。",
124,"≪村長の緊急依頼≫
盾蟹の狩猟作戦！{j}ダイミョウザザミ１匹の狩猟{j}なし{j}なし{j}マストオーダーの達成{j}報酬金ゼロ
タイムアップ{j}ジャンボ村の村長{j}砂漠地帯で≪ダイミョウザザ
ミ≫と呼ばれるデカイ甲殻生
物が目撃されたらしいぜ！？
ジャンボ村に訪れようとする
人々の妨げにならないよう、
狩猟してくれ！頼んだぜ！！",
125,"≪風翔龍・撃退作戦≫
密林を裂く暴雨{j}クシャルダオラ１体の撃退{j}なし{j}なし{j}クシャルダオラの撃退{j}報酬金ゼロ
タイムアップ{j}竜人族のお姉さま{j}古龍クシャルダオラは今まで
狩猟してきたモンスターとは
まったく異質…、その存在力
は雨を嵐に変えるほどよ…。
捕獲など無理なことは考えず
撃退をくり返し体力を削り、
長期戦の末に討伐するのよ。",
126,"≪風翔龍・撃退作戦≫
砂の嵐を呼びし龍{j}クシャルダオラ１体の撃退{j}なし{j}なし{j}クシャルダオラの撃退{j}報酬金ゼロ
タイムアップ{j}竜人族のお姉さま{j}古龍クシャルダオラは今まで
狩猟してきたモンスターとは
まったく異質…、自分の無力
さを知ることになるかも…。
捕獲など無理なことは考えず
撃退をくり返し体力を削り、
長期戦の末に討伐するのよ。",
127,"≪風翔龍・討伐作戦≫
吹雪の召喚者{j}クシャルダオラ１体の討伐{j}なし{j}なし{j}クシャルダオラの討伐{j}報酬金ゼロ
タイムアップ{j}竜人族のお姉さま{j}古龍クシャルダオラは今まで
狩猟してきたモンスターとは
まったく異質、その存在力は
雪原を吹雪に変えるほど…。
雪山はクシャルダオラの根城
ともいえる場所。環境的にも
苦しいと思うけど頑張って！",
128,"≪炎妃龍・撃退作戦≫
紅炎の妃{j}ナナ・テスカトリ１体の撃退{j}なし{j}なし{j}ナナ・テスカトリの撃退{j}報酬金ゼロ
タイムアップ{j}竜人族のお姉さま{j}炎妃龍ナナ・テスカトリは炎
の化身とも云われる古龍よ。
火山では全ての炎や熱が彼女
に味方しているに等しいわ。
捕獲など無理なことは考えず
撃退をくり返し体力を削り、
長期戦の末に討伐するのよ。",
129,"≪炎妃龍・撃退作戦≫
砂に堕ちた太陽{j}ナナ・テスカトリ１体の撃退{j}なし{j}なし{j}ナナ・テスカトリの撃退{j}報酬金ゼロ
タイムアップ{j}竜人族のお姉さま{j}炎妃龍ナナ・テスカトリは炎
の化身とも云われる古龍よ。
ケタ違いの威圧感と強暴性は
他のモンスターとは別格…。
捕獲など無理なことは考えず
撃退をくり返し体力を削り、
長期戦の末に討伐するのよ。",
130,"≪炎妃龍・討伐作戦≫
炎妃龍の宿りし塔{j}ナナ・テスカトリ１体の討伐{j}なし{j}なし{j}ナナ・テスカトリの討伐{j}報酬金ゼロ
タイムアップ{j}竜人族のお姉さま{j}炎妃龍ナナ・テスカトリは炎
の化身とも云われる古龍よ。
この古き塔の環境が全て彼女
に味方してる感じがするわ。
これまでの連戦でナナ・テス
カトリもかなりの体力を消耗
しているはず…。今回の連戦
に終止符を打つチャンスよ！",
131,"≪村長の緊急依頼≫
孤高の一角竜を狩猟せよ！{j}モノブロス１頭の狩猟{j}なし{j}なし{j}マストオーダーの達成{j}報酬金ゼロ
タイムアップ{j}ココット村の村長{j}孤高の一角竜≪モノブロス≫
は砂漠においてディアブロス
と対をなす王者といえよう。
がしかし、ヤツの突進を避け
気高き角を壁に刺させ、動き
を封じてしまえば優位に狩り
を進められるハズじゃぞ！",
132,"≪緊急事件≫
黒狼鳥の逆襲！{j}イャンガルルガ１頭の狩猟{j}なし{j}なし{j}マストオーダーの達成{j}報酬金ゼロ
タイムアップ{j}ライバルハンター{j}よう。宿命のライバルこと
このオレが、オマエに貴重な
情報を与えてやろう。それは、
黒狼鳥≪イャンガルルガ≫の
居場所だ！誇り高い一匹狼。
まさしくオレのようなヤツだ。
冗談抜きでとてつもなく凶暴
な相手だが、挑んでみるか？",
133,"≪砦の防衛戦≫
老山龍を撃退せよ！{j}ラオシャンロン１体の撃退{j}龍薬石１個の納品{j}なし{j}メインターゲット、もしくは
サブターゲットＡの達成{j}撃退できずにタイムアップ
報酬金ゼロ　拠点の耐久値ゼロ{j}伝説の職人{j}この地方への玄関口となる
≪砦≫に老山龍ラオシャンロ
ンが接近してきておる。
砦の迎撃設備を最大限に活用
して老山龍を撃退するのじゃ。
撃退が不可能な場合は老山龍
の背中に乗って≪龍薬石≫を
入手、納品するがよい。",
134,"≪狩猟演習≫
草食竜の卵を採ってきて頂戴！{j}草食竜の卵４個の納品{j}魚竜の牙６個の納品{j}魚竜のキモ３個の納品{j}メインターゲットの達成{j}１度でも力尽きてしまう、
もしくは、タイムアップ{j}女将{j}今回の演習は、
栄養満点の草食竜の卵を採って
くるのが目的だ！
…って書いてあるね。まぁ、
ハンターの基本だからね。
しっかり運んできな！",
135,"≪狩猟演習≫
暴走！ブル大暴走！？{j}ブルファンゴ７頭の討伐{j}イーオス８頭の討伐{j}ランゴスタ１２匹の討伐{j}メインターゲットの達成{j}１度でも力尽きてしまう、
もしくは、タイムアップ{j}女将{j}今回の演習は、
沼地を走り回るブルファンゴを
討伐するのが目的だ！
…って書いてあるね。
アタシからみても楽な演習だと
思うから、しっかりやんな！！",
136,"≪狩猟演習≫
灼熱の太陽を探し出せ！{j}燃石炭３５個の納品{j}はじけイワシ１０匹の納品{j}ゲネポスの麻痺牙１５個の納品{j}メインターゲットの達成{j}１度でも力尽きてしまう、
もしくは、タイムアップ{j}女将{j}火山地帯でしか採取できない
燃石炭を砂漠で納品するのが
今回の演習だ！…って書いて
あるね。教官の事だから、
自分で採ってきた燃石炭を
砂漠に隠したんだろうね。",
137,"≪狩猟演習≫
わがまま美食家のおねだり！{j}生焼け肉１５個の納品{j}ダイミョウザザミ１匹の討伐{j}ヤオザミ１５匹の討伐{j}メインターゲットの達成{j}１度でも力尽きてしまう、
もしくは、タイムアップ{j}女将{j}アタシの知人で物凄い美食家が
いるんだけど、なんでもその人
が言うには「生焼け肉」こそ
最高の贅沢らしいわね…
金持ちの味覚はよくわからな
いね。まぁ、がんばりな！",
138,"≪狩猟演習≫
燃石炭リベンジ！教官の挑戦状{j}燃石炭１２個の納品{j}フルフル１頭の狩猟{j}特産キノコ８個の納品{j}メインターゲットの達成{j}１度でも力尽きてしまう、
もしくは、タイムアップ{j}女将{j}教官がこの前の演習で余った
燃石炭を使用して1度演習をし
たいんだってさ…懲りないね。
まぁ、演習だと思って教官の
わがままに付き合ってあげな。
しっかりやるんだよ！",
139,"≪狩猟演習≫
やっぱり、狩りばっカリ！{j}ギアノス１００頭の討伐{j}氷結晶８個の納品{j}ブランゴ６頭の討伐{j}メインターゲットの達成{j}１度でも力尽きてしまう、
もしくは、タイムアップ{j}女将{j}いよいよきたね。ハンターの
登竜門と言ってもいい１００頭
討伐の演習だよ！
これを達成出来れば、アンタも
一回り成長するはずだ！
がんばるんだよ！いいね？",
140,"≪狩猟演習≫
沼地の暴れん坊を狩猟せよ！{j}ババコンガ１頭の狩猟{j}コンガ４頭の討伐{j}毒投げナイフ１５個の納品{j}メインターゲットの達成{j}１度でも力尽きてしまう、
もしくは、タイムアップ{j}女将{j}沼地のキノコを食い荒らす
ババコンガを狩猟するのが
この演習の目的だ！…と書いて
あるね。アタシもアイツにゃ
手を焼いてんだよ。
しっかりやってきておくれ！",
141,"≪狩猟演習≫
雪の山のガウシカを狩れ！{j}ガウシカ２０頭の討伐{j}肉食竜の卵６個の納品{j}雪山の山頂に旗を立てる{j}メインターゲットの達成{j}１度でも力尽きてしまう、
もしくは、タイムアップ{j}女将{j}ガウシカ２０頭の討伐って…
教官もずいぶん簡単な演習を
用意したもんだねぇ。
でも、肉食竜の卵を納品すれば
破格のポイントが貰えるから、
腕試しと思ってがんばりな！
",
142,"≪狩猟演習≫
ギルドからの試練{j}ドドブランゴ１頭の狩猟{j}ドスファンゴ１頭の狩猟{j}ブルファンゴ５頭の討伐{j}メインターゲットの達成{j}１度でも力尽きてしまう、
もしくは、タイムアップ{j}女将{j}さぁギルドから試練がきたよ！
アンタがこの街に来てから
どれだけ成長したかを見せ
つけてやりな！
卒業試験だと思って、がんばる
んだよ！",
143,"≪闘技演習≫
青い狩人と対峙せよ！{j}ドスランポス２頭の討伐{j}なし{j}なし{j}メインターゲットの達成{j}１度でも力尽きてしまう、
もしくは、タイムアップ{j}女将{j}この闘技場ではモンスター対
ハンターのガチンコ勝負を
やってもらうよ！
今回はドスランポスが相手だか
らね。こんなヤツ軽くのして、
腕前を見せつけてやりな！",
144,"≪闘技演習≫
毒怪鳥と対峙せよ！{j}ゲリョス１頭の討伐{j}なし{j}なし{j}メインターゲットの達成{j}１度でも力尽きてしまう、
もしくは、タイムアップ{j}女将{j}この闘技場ではモンスター対
ハンターのガチンコ勝負を
やってもらうよ！
今回の相手はゲリョスみたい
だね。アイツのトサカに渾身の
一撃を食らわせてやりな！",
145,"≪闘技演習≫
陸の女王と対峙せよ！{j}リオレイア１頭の討伐{j}なし{j}なし{j}メインターゲットの達成{j}１度でも力尽きてしまう、
もしくは、タイムアップ{j}女将{j}この闘技場ではモンスター対
ハンターのガチンコ勝負を
やってもらうよ！
今回の相手は、あのリオレイア
だ！炎ブレスを避けながら
懐にもぐれるかがカギだね！",
146,"≪闘技演習≫
大鎌将軍と対峙せよ！{j}ショウグンギザミ１匹の討伐{j}なし{j}なし{j}メインターゲットの達成{j}１度でも力尽きてしまう、
もしくは、タイムアップ{j}女将{j}この闘技場ではモンスター対
ハンターのガチンコ勝負を
やってもらうよ！
今回の相手はショウグンギザミ
だね。鎌のようなハサミに切り
裂かれないように気をつけな！",
147,"≪闘技演習≫
激闘！２角・２頭の暴君！{j}ディアブロス２頭の討伐{j}なし{j}なし{j}メインターゲットの達成{j}１度でも力尽きてしまう、
もしくは、タイムアップ{j}女将{j}これが闘技場での最後の演習
となるよ！…そして、
その最後の相手となるのは…
ディアブロス２頭だ！演習
最大の難関となるだろうね。
２頭の動きに集中するんだよ！",
148,"≪密林探索≫
密林の環境を熟知せよ！{j}特産キノコ８個の納品{j}ロイヤルカブト５匹の納品{j}生肉６個の納品{j}メインターゲット、もしくは
サブターゲットＡかＢの達成{j}報酬金ゼロ
タイムアップ{j}大衆酒場ギルド{j}密林地帯に生える特産キノコ
を８つ探して納めて下さい！
たまに密林を飛んでる昆虫、
≪ロイヤルカブト≫を納品し
て頂いても報酬は払います！
まずは密林を知り、密林に慣
れることから始めて下さい。",
149,"≪密林探索≫
青き狩人の生息地{j}ドスランポス１頭の狩猟{j}ランポス１２頭の討伐{j}特産キノコ８個の納品{j}メインターゲット、もしくは
サブターゲットＡかＢの達成{j}報酬金ゼロ
タイムアップ{j}大衆酒場ギルド{j}≪ドスランポス≫は体力を
消耗すると別エリアへ逃げて
体力を回復してしまいます！
狩人としての狩りの腕前を
計るには丁度よい相手ですが
この季節は、子分のランポス
も多いので注意して下さい！",
150,"≪密林探索≫
青き狩人の生息地{j}ドスランポス１頭の狩猟{j}肉食竜の卵４個の納品{j}ランポス１２頭の討伐{j}メインターゲット、もしくは
サブターゲットＡかＢの達成{j}報酬金ゼロ
タイムアップ{j}大衆酒場ギルド{j}密林をエサ場とする、青き
狩人≪ドスランポス≫１頭
を狩猟してください！
狩人としての狩りの腕前を
計るには丁度よい相手です！
この季節なら子分のランポス
も少ないので、好機ですよ！",
151,"≪密林探索≫
猪たちの長を狩猟せよ！{j}ドスファンゴ１頭の狩猟{j}ランゴスタ２０匹の討伐{j}ロイヤルカブト５匹の納品{j}メインターゲット、もしくは
サブターゲットＡかＢの達成{j}報酬金ゼロ
タイムアップ{j}大衆酒場ギルド{j}密林にはブルファンゴの長
である≪ドスファンゴ≫が
姿を現すことが多いです！
かなりタフな相手なので、
討伐ではなく≪シビレ罠≫
などを使い捕獲してしまう
のも有効な手段ですよ！",
152,"≪密林探索≫
猪たちの長を狩猟せよ！{j}ドスファンゴ１頭の狩猟{j}ランポス１２頭の討伐{j}黄金魚４匹の納品{j}メインターゲット、もしくは
サブターゲットＡかＢの達成{j}報酬金ゼロ
タイムアップ{j}大衆酒場ギルド{j}ブルファンゴの長である
≪ドスファンゴ≫はタフで
暴れ者なので要注意です！
特に今の寒冷期は、空腹で
気が立っているでしょう！
無理せず≪黄金魚≫を釣っ
て納めるのも手ですよ！？",
153,"≪密林探索≫
怪鳥のいななきを追って{j}イャンクック１頭の狩猟{j}竜のナミダ２個の納品{j}ランゴスタ２０匹の討伐{j}メインターゲット、もしくは
サブターゲットＡかＢの達成{j}報酬金ゼロ
タイムアップ{j}大衆酒場ギルド{j}この密林で鳥のような奇声が
聞こえたら、それは間違いな
く怪鳥≪イャンクック≫ね！
イャンクックが狩猟できれば
狩りの腕もなかなかのもので
す！耳元で音を鳴らせばナミ
ダをこぼすこともあるとか？",
154,"≪密林探索≫
青き怪鳥の目撃{j}イャンクック亜種１頭の狩猟{j}なし{j}なし{j}メインターゲットの達成{j}報酬金ゼロ
タイムアップ{j}大衆酒場ギルド{j}この密林で鳥のような奇声が
聞こえたら、それは間違いな
く怪鳥≪イャンクック≫ね！
イャンクックといえば普通は
ピンクの体色なんだけど、今
回は体色が青いって話です！
亜種に間違いないですね！",
155,"≪密林探索≫
怪鳥のいななきを追って{j}イャンクック１頭の狩猟{j}熟成キノコ４個の納品{j}ケルビの角１０個の納品{j}メインターゲット、もしくは
サブターゲットＡかＢの達成{j}報酬金ゼロ
タイムアップ{j}大衆酒場ギルド{j}≪イャンクック≫を狩猟する
ことができれば、狩りの腕は
なかなかのものですよ！
もし余裕があれば熟成キノコ
作りにも挑戦してください。
≪マカ漬けの壷≫に特産キノ
コを入れて埋める。簡単よ！",
156,"≪密林探索≫
水辺のダイミョウ{j}ダイミョウザザミ１匹の狩猟{j}ザザミソ８個の納品{j}ダイミョウザザミのヤド破壊{j}メインターゲット、もしくは
サブターゲットＡかＢの達成{j}報酬金ゼロ
タイムアップ{j}大衆酒場ギルド{j}この季節の水辺には、盾蟹
≪ダイミョウザザミ≫が姿を
現すことがあります！硬い殻
に守られた体にダメージを与
えるのは容易くないですよ！
ヤオザミから≪ザザミソ≫を
剥いで納めてもＯＫですよ！",
157,"≪密林探索≫
桃毛獣のなわばり{j}ババコンガ１頭の狩猟{j}コンガ３頭の討伐{j}厳選キノコ２個の納品{j}メインターゲット、もしくは
サブターゲットＡかＢの達成{j}報酬金ゼロ
タイムアップ{j}大衆酒場ギルド{j}桃毛獣≪ババコンガ≫は食い
意地の張った牙獣で、特にキ
ノコ系の食べ物には目がない
って話です！もちろん子分の
コンガもキノコが大好き！
特産キノコを多めに持ってれ
ば出てくるかも知れません。",
158,"≪密林探索≫
桃毛獣のなわばり{j}ババコンガ１頭の狩猟{j}なわばりのフン２個の納品{j}なし{j}メインターゲット、もしくは
サブターゲットＡの達成{j}報酬金ゼロ
タイムアップ{j}大衆酒場ギルド{j}≪ババコンガ≫の珍妙な行動
に騙されちゃダメですよ！
戦闘中に食事をしたと思えば
猛烈に怒ってみたり、フンを
してみたり…。
まぁ、フンは自分のなわばり
を主張するものですけどね。",
159,"≪密林探索≫
女王の棲まう土地{j}リオレイア１頭の狩猟{j}リオレイアの尻尾切断{j}ロイヤルカブト２０匹の納品{j}メインターゲット、もしくは
サブターゲットＡかＢの達成{j}報酬金ゼロ
タイムアップ{j}大衆酒場ギルド{j}≪リオレイア≫の別名は陸の
女王！その異名は決してウソ
じゃなく、何人もの狩人が
彼女の前に屈してるんです！
≪リオレイア≫を狩れたなら
それは狩人として独り立ちを
意味するでしょう！",
160,"≪密林探索≫
密林の桜火竜{j}リオレイア亜種１頭の狩猟{j}なし{j}なし{j}メインターゲットの達成{j}報酬金ゼロ
タイムアップ{j}大衆酒場ギルド{j}≪リオレイア≫には亜種が
いるらしいですよ！桜色に身
を包んだ女王は、原種よりも
気性の荒い困った女王様だっ
て！討伐するか捕獲するか、
相手の状態と自分の状況を
見極めることが大事ですよ！",
161,"≪密林探索≫
女王の棲まう土地{j}リオレイア１頭の狩猟{j}飛竜の卵４個の納品{j}肉食竜の卵２個の納品{j}メインターゲット、もしくは
サブターゲットＡかＢの達成{j}報酬金ゼロ
タイムアップ{j}大衆酒場ギルド{j}≪リオレイア≫を狩れたなら
それは狩人として独り立ちを
意味します。相手は陸の女王
って異名を持つほどです…。
ケタ違いの力差を感じたら、
巣から≪飛竜の卵≫を奪って
今回は勝ちとしましょう！",
162,"≪密林探索≫
密林を裂く豪雨{j}クシャルダオラ１体の討伐{j}なし{j}なし{j}メインターゲットの達成{j}報酬金ゼロ
タイムアップ{j}大衆酒場ギルド{j}古龍クシャルダオラは今まで
狩猟してきたモンスターとは
まったく異質…、その存在力
は雨を嵐に変えるほどです。
捕獲なんて無理なことは考え
ないで慎重かつ着実に攻撃を
重ねるしかないと思います！",
163,"≪密林探索≫
密林を裂く豪雨{j}クシャルダオラ１体の討伐{j}なし{j}なし{j}メインターゲットの達成{j}報酬金ゼロ
タイムアップ{j}大衆酒場ギルド{j}古龍クシャルダオラは今まで
狩猟してきたモンスターとは
まったく異質…、その存在力
は雨を嵐に変えるほどです。
捕獲なんて無理なことは考え
ないで慎重かつ着実に攻撃を
重ねるしかないと思います！",
164,"≪密林探索≫
濃き森の幻影{j}オオナズチ１体の討伐{j}なし{j}なし{j}メインターゲットの達成{j}報酬金ゼロ
タイムアップ{j}大衆酒場ギルド{j}オオナズチは古龍種の中でも
異端視されている存在です。
密林の雨は彼に味方するよう
に激しさを増すでしょう…。
捕獲なんて無理なことは考え
ないで慎重かつ着実に攻撃を
重ねるしかないと思います！",
165,"≪密林探索≫
濃き森の幻影{j}オオナズチ１体の討伐{j}なし{j}なし{j}メインターゲットの達成{j}報酬金ゼロ
タイムアップ{j}大衆酒場ギルド{j}オオナズチは古龍種の中でも
異端視されている存在です。
密林の雨は彼に味方するよう
に激しさを増すでしょう…。
捕獲なんて無理なことは考え
ないで慎重かつ着実に攻撃を
重ねるしかないと思います！",
166,"≪砂漠探索≫
砂漠に跳ねる狩人{j}ドスゲネポス１頭の狩猟{j}ゲネポス１２頭の討伐{j}百花サボテン４個の納品{j}メインターゲット、もしくは
サブターゲットＡかＢの達成{j}報酬金ゼロ
タイムアップ{j}大衆酒場ギルド{j}砂漠に群れるゲネポスの親玉
≪ドスゲネポス≫は、一回り
大きな体に鋭い爪が特徴です！
ドスゲネポスの狩猟が困難な
場合は、≪マカ漬けの壷≫に
≪サボテンの花≫を入れて、
≪百花サボテン≫の納品を！",
167,"≪砂漠探索≫
砂漠に跳ねる狩人{j}ドスゲネポス１頭の狩猟{j}草食竜の卵３個の納品{j}アプケロス８頭の討伐{j}メインターゲット、もしくは
サブターゲットＡかＢの達成{j}報酬金ゼロ
タイムアップ{j}大衆酒場ギルド{j}≪ドスゲネポス≫を狩猟して
くれる方を募集します！
ゆとりがありそうな場合は、
この季節に採れる≪草食竜の
卵≫を納品してください。
栄養満点で商人や美食家たち
に大人気の品物なんです！",
168,"≪砂漠探索≫
砂の中を泳ぐ竜{j}ドスガレオス１頭の狩猟{j}魚竜のキモ６個の納品{j}ガレオス８頭の討伐{j}メインターゲット、もしくは
サブターゲットＡかＢの達成{j}報酬金ゼロ
タイムアップ{j}大衆酒場ギルド{j}砂の中を自在に泳ぐガレオス
たちは、とにかく狩猟が大変
で、ボスの≪ドスガレオス≫
ときたら、それはもう根気と
の戦いといっても過言じゃ
ないです！大きな音や衝撃で
地上に出すのが大事ですよ！",
169,"≪砂漠探索≫
亡骸を継ぐ者{j}ダイミョウザザミ１匹の狩猟{j}ザザミソ８個の納品{j}ゲネポス１２頭の討伐{j}メインターゲット、もしくは
サブターゲットＡかＢの達成{j}報酬金ゼロ
タイムアップ{j}大衆酒場ギルド{j}≪ダイミョウザザミ≫は普段
は砂に潜ってることが多い
です。狩猟をするなら忘れな
いようにして下さい。
盾蟹と呼ばれるだけあって身
を固められたら面倒ですよ！",
170,"≪砂漠探索≫
水中に沈みし翡翠{j}ガノトトス亜種１頭の狩猟{j}なし{j}なし{j}メインターゲットの達成{j}報酬金ゼロ
タイムアップ{j}大衆酒場ギルド{j}この季節の砂漠ではときおり
ガノトトスの亜種が出没する
んです！なんでも翡翠のよう
に綺麗な体色をしてるんです
って！とはいってもガノトト
スを狩猟するのは簡単ではあ
りません。油断禁物ですよ！",
171,"≪砂漠探索≫
地底湖の水竜{j}ガノトトス１頭の狩猟{j}ガノトトスの一本釣り{j}黄金魚４匹の納品{j}メインターゲット、もしくは
サブターゲットＡかＢの達成{j}報酬金ゼロ
タイムアップ{j}大衆酒場ギルド{j}砂漠の水辺には太古の魚竜、
≪ガノトトス≫が獲物を狙い
潜んでいる可能性が高いです！
≪釣りカエル≫でガノトトス
を一本釣りする場合は、人の
気配が少ないことが重要です！
仲間がいる場合はエリアの外に
出てもらい、１対１で勝負を！",
172,"≪砂漠探索≫
砂漠に咲く桜{j}リオレイア亜種１頭の狩猟{j}なし{j}なし{j}メインターゲットの達成{j}報酬金ゼロ
タイムアップ{j}大衆酒場ギルド{j}砂漠地帯に桜色のあざやかな
体色を持つ≪リオレイア≫が
出たという報告が入りました！
希少性の高い珍しい亜種です！
我こそは狩猟に挑戦すると
いう狩人さんは、当ギルドの
カウンターまで来て下さい！",
173,"≪砂漠探索≫
強暴を極めし角竜{j}ディアブロス１頭の狩猟{j}ディアブロスの角２本を破壊{j}秘密のポーチ６個の納品{j}メインターゲット、もしくは
サブターゲットＡかＢの達成{j}報酬金ゼロ
タイムアップ{j}大衆酒場ギルド{j}≪ディアブロス≫は砂漠の
生態系において、他の生物と
は別格の強暴さを誇るモンス
ターです！突進にはねられた
ら再起不能のダメージを受け
てしまうでしょう。角だけで
も、折れば報酬を払います！",
174,"≪砂漠探索≫
漆黒の双角{j}ディアブロス亜種１頭の狩猟{j}なし{j}なし{j}メインターゲットの達成{j}報酬金ゼロ
タイムアップ{j}大衆酒場ギルド{j}黒ずんだ体色を持つひときわ
恐ろしい容姿のディアブロス
が目撃されました！亜種に間
違いないようですね。
果たして、この亜種の狩猟を
成功させられる狩人がこのギ
ルドに存在するのかしら…？",
175,"≪砂漠探索≫
砂の嵐を呼びし龍{j}クシャルダオラ１体の討伐{j}なし{j}なし{j}メインターゲットの達成{j}報酬金ゼロ
タイムアップ{j}大衆酒場ギルド{j}古龍クシャルダオラは今まで
狩猟してきたモンスターとは
まったく異質…、自分の無力
さを知ることになるかも…。
捕獲なんて無理なことは考え
ないで慎重かつ着実に攻撃を
重ねるしかないと思います！",
176,"≪砂漠探索≫
砂の嵐を呼びし龍{j}クシャルダオラ１体の討伐{j}なし{j}なし{j}メインターゲットの達成{j}報酬金ゼロ
タイムアップ{j}大衆酒場ギルド{j}古龍クシャルダオラは今まで
狩猟してきたモンスターとは
まったく異質…、自分の無力
さを知ることになるかも…。
捕獲なんて無理なことは考え
ないで慎重かつ着実に攻撃を
重ねるしかないと思います！",
177,"≪砂漠探索≫
熱砂を焼く業炎{j}テオ・テスカトル１体の討伐{j}なし{j}なし{j}メインターゲットの達成{j}報酬金ゼロ
タイムアップ{j}大衆酒場ギルド{j}炎王龍テオ・テスカトルは炎
の化身とも云われる古龍で、
ケタ違いの威圧感と強暴性は
他のモンスターとは別格…。
捕獲なんて無理なことは考え
ないで慎重かつ着実に攻撃を
重ねるしかないと思います！",
178,"≪砂漠探索≫
熱砂を焼く業炎{j}テオ・テスカトル１体の討伐{j}なし{j}なし{j}メインターゲットの達成{j}報酬金ゼロ
タイムアップ{j}大衆酒場ギルド{j}炎王龍テオ・テスカトルは炎
の化身とも云われる古龍で、
ケタ違いの威圧感と強暴性は
他のモンスターとは別格…。
捕獲なんて無理なことは考え
ないで慎重かつ着実に攻撃を
重ねるしかないと思います！",
179,"≪沼地探索≫
赤き毒たちの統率者{j}ドスイーオス１頭の狩猟{j}カンタロス２０匹の討伐{j}特産キノコ１５個の納品{j}メインターゲット、もしくは
サブターゲットＡかＢの達成{j}報酬金ゼロ
タイムアップ{j}大衆酒場ギルド{j}イーオスたちが活発に騒いで
いるってことは、親玉の≪ド
スイーオス≫がいる可能性が
高いです！あの毒液をまとも
に受けてしまうと、命を落と
しかねません！解毒系アイテ
ムを忘れないでくださいね！",
180,"≪沼地探索≫
赤き毒たちの統率者{j}ドスイーオス１頭の狩猟{j}熟成キノコ４個の納品{j}特産キノコ１５個の納品{j}メインターゲット、もしくは
サブターゲットＡかＢの達成{j}報酬金ゼロ
タイムアップ{j}大衆酒場ギルド{j}≪ドスイーオス≫はドスラン
ポスや、ドスゲネポスに比べ
一発の攻撃力が高いです！
身の危険を感じたら、沼地に
生える≪特産キノコ≫を納品
して下さい！≪マカ漬けの壷≫
で熟成にしてもＯＫです！",
181,"≪沼地探索≫
猪突猛進{j}ドスファンゴ１頭の狩猟{j}ブルファンゴ１０頭の討伐{j}ブルファンゴ５頭の討伐{j}メインターゲット、もしくは
サブターゲットＡかＢの達成{j}報酬金ゼロ
タイムアップ{j}大衆酒場ギルド{j}沼地はブルファンゴたちが棲
むのに最も適した環境です。
≪ドスファンゴ≫の狩猟に臨
む狩人さんは、できるだけ多
くのブルファンゴも討伐して
頂けますようお願いします！
勿論、報酬は支払います！",
182,"≪沼地探索≫
湿地を駆ける毒怪鳥{j}ゲリョス１頭の狩猟{j}灰水晶の原石３個の納品{j}カンタロス２０匹の討伐{j}メインターゲット、もしくは
サブターゲットＡかＢの達成{j}報酬金ゼロ
タイムアップ{j}大衆酒場ギルド{j}≪ゲリョス≫は別名、毒怪鳥
と呼ばれるモンスターです！
呼び名のとおり、毒液を吐き
散らして暴れまわる迷惑な怪
鳥です！自分の身の危機を感
じると死んだふりをするズル
賢い面もあるのでご注意を！",
183,"≪沼地探索≫
紫毒鳥の暴走{j}ゲリョス亜種１頭の狩猟{j}なし{j}なし{j}メインターゲットの達成{j}報酬金ゼロ
タイムアップ{j}大衆酒場ギルド{j}毒怪鳥≪ゲリョス≫の亜種が
沼地に現れました！体色が紫
色の不気味な容姿をしている
ようです！光り物を好み集め
る習性があるので、トサカを
破壊すれば、貴重な石が手に
入ることもあるみたいです！",
184,"≪沼地探索≫
湿地を駆ける毒怪鳥{j}ゲリョス１頭の狩猟{j}灰水晶の原石３個の納品{j}ゲリョスのトサカの破壊{j}メインターゲット、もしくは
サブターゲットＡかＢの達成{j}報酬金ゼロ
タイムアップ{j}大衆酒場ギルド{j}≪ゲリョス≫は別名、毒怪鳥
と呼ばれるモンスターです！
毒液を吐くだけじゃなく、
目を眩ませる強い閃光を放つ
こともあります。トサカを
破壊できれば閃光を防ぐこと
ができるみたいですよ！",
185,"≪沼地探索≫
沼地を舞う女王{j}リオレイア１頭の狩猟{j}竜のナミダ２個の納品{j}厳選キノコ２個の納品{j}メインターゲット、もしくは
サブターゲットＡかＢの達成{j}報酬金ゼロ
タイムアップ{j}大衆酒場ギルド{j}≪リオレイア≫を狩れたなら
それは狩人として独り立ちを
意味します。狩人たちの間で
有名な謳い文句ですが、女王
を泣かせることができたら、
もっと凄いことですよね？
水を大量に飲めば泣くとか？",
186,"≪沼地探索≫
湿地に潜む大鎌{j}ショウグンギザミ１匹の狩猟{j}ショウグンギザミのツメ破壊{j}黄金魚１０匹の納品{j}メインターゲット、もしくは
サブターゲットＡかＢの達成{j}報酬金ゼロ
タイムアップ{j}大衆酒場ギルド{j}≪ショウグンギザミ≫は鎌蟹
とも呼ばれる甲殻生物です！
盾蟹が守りなら鎌蟹は攻め！
力強く振り下ろされる鋭い爪
は大抵のものを切り裂いてし
まうみたい！狩猟が困難なら
ツメを破壊して戻って下さい！",
187,"≪沼地探索≫
湿地に潜む大鎌{j}ショウグンギザミ１匹の狩猟{j}灰水晶の原石３個の納品{j}秘密のポーチ６個の納品{j}メインターゲット、もしくは
サブターゲットＡかＢの達成{j}報酬金ゼロ
タイムアップ{j}大衆酒場ギルド{j}≪ショウグンギザミ≫は別名
鎌蟹と呼ばれるほど、鋭くて
強力な爪を持つ甲殻生物よ！
また、この季節は沼地で≪灰
水晶の原石≫も採掘できるわ。
運がよければ、報酬でライト
クリスタルが手に入るかもね！",
188,"≪沼地探索≫
食いしん坊な変獣{j}ババコンガ１頭の狩猟{j}コンガ６頭の討伐{j}コンガ３頭の討伐{j}メインターゲット、もしくは
サブターゲットＡかＢの達成{j}報酬金ゼロ
タイムアップ{j}大衆酒場ギルド{j}この季節の沼地にはコンガが
多く生息しているみたい！
親玉の≪ババコンガ≫とは群
れずに生活しているけれど、
逆をいえば群れる必要がない
ほど個々が強いという裏付け
でもあるわ。注意して下さい！",
189,"≪沼地探索≫
食いしん坊な変獣{j}ババコンガ１頭の狩猟{j}フルベビアイス６個の納品{j}ブルファンゴ５頭の討伐{j}メインターゲット、もしくは
サブターゲットＡかＢの達成{j}報酬金ゼロ
タイムアップ{j}大衆酒場ギルド{j}≪ババコンガ≫の投げるフン
に当たると回復系のアイテム
が使えなくなりますよ！
≪ババコンガ≫の狩猟が困難
な場合は地中にいる≪フルフ
ルベビー≫を山菜ジイさんと
交換して、交換後のアイテム
を納品してくださいね！",
190,"≪沼地探索≫
サイレント{j}オオナズチ１体の討伐{j}なし{j}なし{j}メインターゲットの達成{j}報酬金ゼロ
タイムアップ{j}大衆酒場ギルド{j}オオナズチは古龍種の中でも
異端視されている存在です。
姿無きところから姿を現わし
熟練の狩人でも手に負えない。
捕獲なんて無理なことは考え
ないで慎重かつ着実に攻撃を
重ねるしかないと思います！",
191,"≪沼地探索≫
サイレント{j}オオナズチ１体の討伐{j}なし{j}なし{j}メインターゲットの達成{j}報酬金ゼロ
タイムアップ{j}大衆酒場ギルド{j}オオナズチは古龍種の中でも
異端視されている存在です。
姿無きところから姿を現わし
熟練の狩人でも手に負えない。
捕獲なんて無理なことは考え
ないで慎重かつ着実に攻撃を
重ねるしかないと思います！",
192,"≪沼地探索≫
炎王龍テオ・テスカトル{j}テオ・テスカトル１体の討伐{j}なし{j}なし{j}メインターゲットの達成{j}報酬金ゼロ
タイムアップ{j}大衆酒場ギルド{j}炎王龍テオ・テスカトルは炎
の化身とも云われる古龍。
炎をまといしその姿は近づく
だけでその者の命を削る…。
捕獲なんて無理なことは考え
ないで慎重かつ着実に攻撃を
重ねるしかないと思います！",
193,"≪沼地探索≫
炎王龍テオ・テスカトル{j}テオ・テスカトル１体の討伐{j}なし{j}なし{j}メインターゲットの達成{j}報酬金ゼロ
タイムアップ{j}大衆酒場ギルド{j}炎王龍テオ・テスカトルは炎
の化身とも云われる古龍。
炎をまといしその姿は近づく
だけでその者の命を削る…。
捕獲なんて無理なことは考え
ないで慎重かつ着実に攻撃を
重ねるしかないと思います！",
194,"≪雪山探索≫
極寒の地での狩猟{j}ドスファンゴ１頭の狩猟{j}ポポ８頭の討伐{j}なし{j}メインターゲット、もしくは
サブターゲットＡの達成{j}報酬金ゼロ
タイムアップ{j}大衆酒場ギルド{j}雪山で狩猟に臨む場合は、
≪ホットドリンク≫を忘れず
に持って行ってくださいね！
≪ポポ≫の討伐で、ある程度
雪山の環境に慣れてから、
≪ドスファンゴ≫を狩猟した
方が確実かも知れませんね！",
195,"≪雪山探索≫
雪原を這う赤影{j}フルフル亜種１頭の狩猟{j}なし{j}なし{j}メインターゲットの達成{j}報酬金ゼロ
タイムアップ{j}大衆酒場ギルド{j}雪原を這う赤影が目撃された
ようです！≪フルフル≫の亜
種に間違いありません！今の
季節の雪山はブランゴたちが
エサを求めて群生してます！
フルフルとブランゴ、同時に
相手をしないようご注意を！",
196,"≪雪山探索≫
暗闇を這う白影{j}フルフル１頭の狩猟{j}フルベビアイス６個の納品{j}ガウシカの角６個の納品{j}メインターゲット、もしくは
サブターゲットＡかＢの達成{j}報酬金ゼロ
タイムアップ{j}大衆酒場ギルド{j}≪フルフル≫ってモンスター
は幼生期を地面の中で過ごす
ため、目よりも鼻が利くと言
われてます。親の狩猟が困難
な場合は地中にいる≪フルフ
ルベビー≫を山菜ジイさんと
交換して、交換後のアイテム
を納品してくださいね！",
197,"≪雪山探索≫
群れ成す牙獣の主{j}ドドブランゴ１頭の狩猟{j}ブランゴ１０頭の討伐{j}ブランゴ５頭の討伐{j}メインターゲット、もしくは
サブターゲットＡかＢの達成{j}報酬金ゼロ
タイムアップ{j}大衆酒場ギルド{j}この季節の雪山はブランゴ
一家の独壇場…、その数は尋
常じゃないです！ブランゴは
親玉の≪ドドブランゴ≫の
指示に従って、群れを成して
襲い掛かってくるハズです！
囲まれないようにご注意を！",
198,"≪雪山探索≫
群れ成す牙獣の主{j}ドドブランゴ１頭の狩猟{j}肉食竜の卵５個の納品{j}ギアノス１０頭の討伐{j}メインターゲット、もしくは
サブターゲットＡかＢの達成{j}報酬金ゼロ
タイムアップ{j}大衆酒場ギルド{j}≪ドドブランゴ≫は雪山を治
める主です！なわばりを侵す
者への攻撃は容赦なしです！
あっ、この季節は珍しい種の
ランポスが卵を育てに現れる
みたいです。≪肉食竜の卵≫
は触らない方がいいですよ！",
199,"≪雪山探索≫
雪原を駆ける幻獣{j}キリン１頭の討伐{j}ギルドフラッグを山頂に設置{j}なし{j}メインターゲット、もしくは
サブターゲットＡの達成{j}報酬金ゼロ
タイムアップ{j}大衆酒場ギルド{j}古龍種に属される≪キリン≫
は、特定の生息域を持たない
うえにその個体数の少なさか
ら≪幻獣≫とも呼ばれる生き
物です。雪山に行くなら山頂
にウチの≪ギルドフラッグ≫
を立ててきてくださいね♪",
200,"≪雪山探索≫
雪原を駆ける幻獣{j}キリン１頭の討伐{j}秘密のポーチ６個の納品{j}なし{j}メインターゲット、もしくは
サブターゲットＡの達成{j}報酬金ゼロ
タイムアップ{j}大衆酒場ギルド{j}古龍種に属される≪キリン≫
は、雷を自在にあやつるさま
から≪幻獣≫と呼ばれる生き
物です。アイテムを≪メラル
ー≫に奪われたら焦らず取り
返しましょう！逆にポーチを
拾えるかも知れないですよ？",
201,"≪雪山探索≫
吹雪の召喚者{j}クシャルダオラ１体の討伐{j}クシャルダオラの尻尾切断{j}なし{j}メインターゲット、もしくは
サブターゲットＡの達成{j}報酬金ゼロ
タイムアップ{j}大衆酒場ギルド{j}古龍クシャルダオラは今まで
狩猟してきたモンスターとは
まったく異質、その存在力は
雪原を吹雪に変えるほど…。
捕獲なんて無理なことは考え
ないで慎重かつ着実に攻撃を
重ねるしかないと思います！",
202,"≪雪山探索≫
吹雪の召喚者{j}クシャルダオラ１体の討伐{j}クシャルダオラの尻尾切断{j}なし{j}メインターゲット、もしくは
サブターゲットＡの達成{j}報酬金ゼロ
タイムアップ{j}大衆酒場ギルド{j}古龍クシャルダオラは今まで
狩猟してきたモンスターとは
まったく異質、その存在力は
雪原を吹雪に変えるほど…。
捕獲なんて無理なことは考え
ないで慎重かつ着実に攻撃を
重ねるしかないと思います！",
203,"≪火山探索≫
毒を統べる毒{j}ドスイーオス１頭の狩猟{j}イーオス１５頭の討伐{j}なし{j}メインターゲット、もしくは
サブターゲットＡの達成{j}報酬金ゼロ
タイムアップ{j}大衆酒場ギルド{j}火山地帯で≪ドスイーオス≫
を狩猟するのは、少し面倒か
も知れないです！体力を消耗
したドスイーオスは、狩人が
体力を消耗する、嫌な場所に
逃げ込む可能性があります！
逃さないのがコツですよ！",
204,"≪火山探索≫
岩地に潜む罠{j}バサルモス１頭の狩猟{j}燃石炭１２個の納品{j}ランゴスタ２０匹の討伐{j}メインターゲット、もしくは
サブターゲットＡかＢの達成{j}報酬金ゼロ
タイムアップ{j}大衆酒場ギルド{j}≪バサルモス≫の狩猟に臨む
なら岩場から探してみるとい
いですよ！岩に紛れて隠れて
るケースが多いですからね！
採掘をする予定があるなら
是非とも≪燃石炭≫を納品し
てく下さい！エネルギー源と
して重宝される品なんです！",
205,"≪火山探索≫
岩地に潜む罠{j}バサルモス１頭の狩猟{j}燃石炭１２個の納品{j}バサルモスの胸部破壊{j}メインターゲット、もしくは
サブターゲットＡかＢの達成{j}報酬金ゼロ
タイムアップ{j}大衆酒場ギルド{j}≪バサルモス≫は鉱石を食べ
て成長するためその外殻には
鉱石が含まれてることが多い
です。部位を破壊することで、
採掘しなくても鉱石が入手
できることもあるみたいです
よ！これは一石二鳥ですね！",
206,"≪火山探索≫
灼熱の覇者{j}グラビモス１頭の狩猟{j}火薬岩４個の納品{j}火薬岩２個の納品{j}メインターゲット、もしくは
サブターゲットＡかＢの達成{j}報酬金ゼロ
タイムアップ{j}大衆酒場ギルド{j}≪グラビモス≫は灼熱の覇者
とも呼ばれてて、燃石や鉱石
を食べて異常なまでの硬度に
発達した外殻には、相当に磨
かれた装備が必要ですよ！鎧
竜の目を盗んで≪火薬岩≫を
納めてくれてもいいですよ！",
207,"≪火山探索≫
黒鎧をまといし亜種{j}グラビモス亜種１頭の狩猟{j}なし{j}なし{j}メインターゲットの達成{j}報酬金ゼロ
タイムアップ{j}大衆酒場ギルド{j}火山の噴煙にまみれて≪グラ
ビモス≫の黒い亜種が出現し
たらしいです！その容姿は見
る者を震え上がらせるって！
でも、鎧竜って呼ばれるのは
体を守る鎧があるからよね？
鎧を壊せばどうなのかしら？",
208,"≪火山探索≫
天地を走る大鎌{j}ショウグンギザミ１匹の狩猟{j}ガブラス６頭の討伐{j}秘密のポーチ６個の納品{j}メインターゲット、もしくは
サブターゲットＡかＢの達成{j}報酬金ゼロ
タイムアップ{j}大衆酒場ギルド{j}鎌蟹≪ショウグンギザミ≫は
その奇妙な足関節を使って、
天井にまで登るらしいです！
狩猟が困難な場合、この季節
火口付近を飛び回る≪ガブラ
ス≫を討伐して、貴重な食材
を入手するのもお勧めです！",
209,"≪火山探索≫
炎国の王{j}テオ・テスカトル１体の討伐{j}テオ・テスカトルの尻尾切断{j}なし{j}メインターゲット、もしくは
サブターゲットＡの達成{j}報酬金ゼロ
タイムアップ{j}大衆酒場ギルド{j}炎王龍テオ・テスカトルは炎
の化身とも云われる古龍…。
火山では全ての炎や熱が彼に
味方してるって話です…。
捕獲なんて無理なことは考え
ないで慎重かつ着実に攻撃を
重ねるしかないと思います！",
210,"≪火山探索≫
炎国の王{j}テオ・テスカトル１体の討伐{j}テオ・テスカトルの尻尾切断{j}なし{j}メインターゲット、もしくは
サブターゲットＡの達成{j}報酬金ゼロ
タイムアップ{j}大衆酒場ギルド{j}炎王龍テオ・テスカトルは炎
の化身とも云われる古龍…。
火山では全ての炎や熱が彼に
味方してるって話です…。
捕獲なんて無理なことは考え
ないで慎重かつ着実に攻撃を
重ねるしかないと思います！",
211,"≪古塔探索≫
古塔を撃つ落雷{j}キリン１頭の討伐{j}なし{j}なし{j}メインターゲットの達成{j}報酬金ゼロ
タイムアップ{j}大衆酒場ギルド{j}この地の彼方に眠る、謎多き
未開の地≪古塔≫に、幻獣
≪キリン≫が現れたようです！
古塔へはいつでも行けるわけ
じゃなく、天候や気候を始め
とする環境が安定してる期間
だけです。頑張って下さい！",
212,"≪古塔探索≫
古塔を撃つ落雷{j}キリン１頭の討伐{j}なし{j}なし{j}メインターゲットの達成{j}報酬金ゼロ
タイムアップ{j}大衆酒場ギルド{j}この地の彼方に眠る、謎多き
未開の地≪古塔≫に、幻獣
≪キリン≫が現れたようです！
古塔へはいつでも行けるわけ
じゃなく、天候や気候を始め
とする環境が安定してる期間
だけです。頑張って下さい！",
213,"≪火山探索≫
天地を走る大鎌{j}ショウグンギザミ１匹の狩猟{j}ショウグンギザミのツメ破壊{j}ガミザミ８匹の討伐{j}メインターゲット、もしくは
サブターゲットＡかＢの達成{j}報酬金ゼロ
タイムアップ{j}大衆酒場ギルド{j}鎌蟹≪ショウグンギザミ≫は
その奇妙な足関節を使って、
天井にまで登るらしいです！
この季節の火山では、子供た
ち≪ガミザミ≫も数多く生息
してるハズです！それぞれの
鋭い爪には要注意ですよ！",
214,"≪密林探索≫
密林の環境を熟知せよ！{j}特産キノコ８個の納品{j}ロイヤルカブト５匹の納品{j}生肉６個の納品{j}メインターゲット、もしくは
サブターゲットＡかＢの達成{j}報酬金ゼロ
タイムアップ{j}大衆酒場ギルド{j}密林地帯に生える特産キノコ
を８つ探して納めて下さい！
この寒冷期になると≪ロイヤ
ルカブト≫は減りますが、
≪特産キノコ≫が豊富です！
まずは密林を知り、密林に慣
れることから始めましょう。",
215,"≪密林探索≫
密林の環境を熟知せよ！{j}特産キノコ８個の納品{j}ロイヤルカブト５匹の納品{j}生肉６個の納品{j}メインターゲット、もしくは
サブターゲットＡかＢの達成{j}報酬金ゼロ
タイムアップ{j}大衆酒場ギルド{j}密林地帯に生える特産キノコ
を８つ探して納めて下さい！
この繁殖期は草食タイプの
モンスターが多くなるので、
≪生肉≫の納品も簡単です！
まずは密林を知り、密林に慣
れることから始めましょう。",
216,"≪沼地探索≫
暗闇を這う白影{j}フルフル１頭の狩猟{j}フルベビアイス６個の納品{j}厳選キノコ２個の納品{j}メインターゲット、もしくは
サブターゲットＡかＢの達成{j}報酬金ゼロ
タイムアップ{j}大衆酒場ギルド{j}暗闇を這う白影が目撃され
たようです！白影の正体、
≪フルフル≫の狩猟に臨む
なら、地上ばかりを見てたら
ダメですよ！一切の音を消し
て天井から襲い掛かかるのが
大のお得意みたいですから！",
217,"≪密林探索≫
密林の環境に慣れよ！{j}特産キノコ６個の納品{j}ロイヤルカブト３匹の納品{j}生肉２個の納品{j}メインターゲット、もしくは
サブターゲットＡかＢの達成{j}報酬金ゼロ
タイムアップ{j}大衆酒場ギルド{j}密林地帯に生える特産キノコ
を６つ探して納めて下さい！
たまに密林を飛んでる昆虫、
≪ロイヤルカブト≫を納品し
て頂いても報酬は払います！
まずは密林を知り、密林に慣
れることから始めて下さい。",
218,"≪密林探索≫
密林の青き狩人{j}ランポス８頭の討伐{j}ランポス４頭の討伐{j}ランポス２頭の討伐{j}メインターゲット、もしくは
サブターゲットＡかＢの達成{j}報酬金ゼロ
タイムアップ{j}大衆酒場ギルド{j}密林をエサ場とする、
青き狩人≪ランポス≫８頭を
討伐してください！
狩人としての狩りの腕前を
計るには丁度よい相手ですよ！",
219,"≪密林探索≫
密林の暴れん坊！{j}ブルファンゴ８頭の討伐{j}ブルファンゴ４頭の討伐{j}ブルファンゴ２頭の討伐{j}メインターゲット、もしくは
サブターゲットＡかＢの達成{j}報酬金ゼロ
タイムアップ{j}大衆酒場ギルド{j}密林の暴れん坊、
ブルファンゴの討伐をお願
いします。
今のような寒冷期は、空腹
で気が立っているので、特
に気をつけて下さいね。",
220,"≪密林探索≫
密林の食いしん坊！{j}コンガ８頭の討伐{j}コンガ４頭の討伐{j}コンガ２頭の討伐{j}メインターゲット、もしくは
サブターゲットＡかＢの達成{j}報酬金ゼロ
タイムアップ{j}大衆酒場ギルド{j}≪コンガ≫のオナラに当たる
と回復系のアイテムが使えな
くなりますよ！臭くなったら
≪消臭玉≫で身体についた
匂いを消して下さいね！",
221,"≪密林探索≫
密林の食いしん坊！{j}コンガ８頭の討伐{j}コンガ４頭の討伐{j}コンガ２頭の討伐{j}メインターゲット、もしくは
サブターゲットＡかＢの達成{j}報酬金ゼロ
タイムアップ{j}大衆酒場ギルド{j}≪コンガ≫のオナラに当たる
と回復系のアイテムが使えな
くなりますよ！臭くなったら
≪消臭玉≫で身体についた
匂いを消して下さいね！",
222,"≪砂漠探索≫
砂漠の隠れん坊！{j}ヤオザミ８頭の討伐{j}ヤオザミ４頭の討伐{j}ヤオザミ２頭の討伐{j}メインターゲット、もしくは
サブターゲットＡかＢの達成{j}報酬金ゼロ
タイムアップ{j}大衆酒場ギルド{j}砂に潜っている≪ヤオザミ≫は
突然飛び出してきます。
走り回っていると危ないので
気をつけてくださいね！
大きな音にびっくりして気絶
するので≪音爆弾≫を忘れずに
もって行ってくださいね！",
223,"≪密林探索≫
密林の青き狩人{j}ランポス８頭の討伐{j}ランポス４頭の討伐{j}ランポス２頭の討伐{j}メインターゲット、もしくは
サブターゲットＡかＢの達成{j}報酬金ゼロ
タイムアップ{j}大衆酒場ギルド{j}密林をエサ場とする、
青き狩人≪ランポス≫８頭を
討伐してください！
狩人としての狩りの腕前を
計るには丁度よい相手ですよ！",
224,"≪密林探索≫
密林の暴れん坊！{j}ブルファンゴ８頭の討伐{j}ブルファンゴ４頭の討伐{j}ブルファンゴ２頭の討伐{j}メインターゲット、もしくは
サブターゲットＡかＢの達成{j}報酬金ゼロ
タイムアップ{j}大衆酒場ギルド{j}密林の暴れん坊、
ブルファンゴの討伐をお願
いします。
個体数が増えるこの時期、
毎年各地で被害が相次いで
ギルドも困っています。
ハンターの皆様、ご協力を！
",
225,"≪密林探索≫
密林の隠れん坊！{j}ヤオザミ８匹の討伐{j}ヤオザミ４匹の討伐{j}ヤオザミ２匹の討伐{j}メインターゲット、もしくは
サブターゲットＡかＢの達成{j}報酬金ゼロ
タイムアップ{j}大衆酒場ギルド{j}砂に潜っている≪ヤオザミ≫は
突然飛び出してきます。
走り回っていると危ないので
気をつけてくださいね！
大きな音にびっくりして気絶
するので≪音爆弾≫を忘れずに
もって行ってくださいね！",
226,"≪密林探索≫
密林の環境に慣れよ！{j}特産キノコ６個の納品{j}ロイヤルカブト３匹の納品{j}生肉２個の納品{j}メインターゲット、もしくは
サブターゲットＡかＢの達成{j}報酬金ゼロ
タイムアップ{j}大衆酒場ギルド{j}密林地帯に生える特産キノコ
を６つ探して納めて下さい！
たまに密林を飛んでる昆虫、
≪ロイヤルカブト≫を納品し
て頂いても報酬は払います！
まずは密林を知り、密林に慣
れることから始めて下さい。",
227,"≪密林探索≫
密林の環境に慣れよ！{j}特産キノコ６個の納品{j}ロイヤルカブト３匹の納品{j}生肉２個の納品{j}メインターゲット、もしくは
サブターゲットＡかＢの達成{j}報酬金ゼロ
タイムアップ{j}大衆酒場ギルド{j}密林地帯に生える特産キノコ
を６つ探して納めて下さい！
たまに密林を飛んでる昆虫、
≪ロイヤルカブト≫を納品し
て頂いても報酬は払います！
まずは密林を知り、密林に慣
れることから始めて下さい。",
228,"≪砂漠探索≫
砂の中を泳ぐ竜{j}ドスガレオス１頭の狩猟{j}魚竜のキモ６個の納品{j}ガレオス８頭の討伐{j}メインターゲット、もしくは
サブターゲットＡかＢの達成{j}報酬金ゼロ
タイムアップ{j}大衆酒場ギルド{j}砂の中を自在に泳ぐガレオス
たちは、とにかく狩猟が大変
で、ボスの≪ドスガレオス≫
ときたら、それはもう根気と
の戦いといっても過言じゃ
ないです！大きな音や衝撃で
地上に出すのが大事ですよ！",
229,"≪砂漠探索≫
砂漠に跳ねる狩人{j}ゲネポス８頭の討伐{j}ゲネポス４頭の討伐{j}ゲネポス２頭の討伐{j}メインターゲット、もしくは
サブターゲットＡかＢの達成{j}報酬金ゼロ
タイムアップ{j}大衆酒場ギルド{j}砂漠の狩人≪ゲネポス≫８頭
を討伐してくれる方を募集し
ます！狩人としての狩りの
腕前を計るには丁度よい相手
ですよ！",
230,"≪砂漠探索≫
砂漠に跳ねる狩人{j}ゲネポス８頭の討伐{j}ゲネポス４頭の討伐{j}ゲネポス２頭の討伐{j}メインターゲット、もしくは
サブターゲットＡかＢの達成{j}報酬金ゼロ
タイムアップ{j}大衆酒場ギルド{j}砂漠の狩人≪ゲネポス≫８頭
を討伐してくれる方を募集し
ます！狩人としての狩りの
腕前を計るには丁度よい相手
ですよ！",
231,"≪沼地探索≫
沼地の赤い狩人{j}イーオス８頭の討伐{j}イーオス４頭の討伐{j}イーオス２頭の討伐{j}メインターゲット、もしくは
サブターゲットＡかＢの達成{j}報酬金ゼロ
タイムアップ{j}大衆酒場ギルド{j}≪イーオス≫８頭を討伐してく
れる方を募集します！
≪イーオス≫はランポスや、
ゲネポスに比べ一発の攻撃力が
高いので注意して下さい！
",
232,"≪沼地探索≫
沼地の赤い狩人{j}イーオス８頭の討伐{j}イーオス４頭の討伐{j}イーオス２頭の討伐{j}メインターゲット、もしくは
サブターゲットＡかＢの達成{j}報酬金ゼロ
タイムアップ{j}大衆酒場ギルド{j}≪イーオス≫８頭を討伐してく
れる方を募集します！
≪イーオス≫はランポスや、
ゲネポスに比べ一発の攻撃力が
高いので注意して下さい！",
233,"≪密林探索≫
ハンターの基本、採掘！{j}鉄鉱石３個の納品{j}石ころ５個の納品{j}なし{j}メインターゲット、もしくは
サブターゲットＡの達成{j}報酬金ゼロ
タイムアップ{j}大衆酒場ギルド{j}鉱石系武器を作りたいハンタ
ーにとって採掘は基本中の基
本ですよ！
まずは、採掘できる場所を知
ることから始めましょう。
崖などにヒビ割れを見つけた
ら、≪ピッケル≫で掘ってみ
てください！",
234,"≪密林探索≫
ハンターの基本、虫採り！{j}ロイヤルカブト４匹の納品{j}にが虫３匹の納品{j}なし{j}メインターゲット、もしくは
サブターゲットＡの達成{j}報酬金ゼロ
タイムアップ{j}大衆酒場ギルド{j}狩り場に生息する虫たちは、
武器や防具の生産・強化、ア
イテムの調合など幅広い用途
で用いられています。
虫が飛びかっている場所を見
つけたら、≪虫あみ≫を使っ
て捕まえてみましょう！",
235,"≪密林探索≫
ハンターの基本、釣り！{j}サシミウオ４匹の納品{j}キレアジ２匹の納品{j}なし{j}メインターゲット、もしくは
サブターゲットＡの達成{j}報酬金ゼロ
タイムアップ{j}大衆酒場ギルド{j}狩り場に生息する魚は≪弾の
調合≫にとって欠かせない素
材です！いざという時に慌て
ず対応できるように、釣りの
感覚を体に覚えさせておきま
しょう！
ウキが深く沈んだ時が釣りあ
げるタイミングですよ！",
236,"≪密林探索≫
ハンターの基本、運搬！{j}肉食竜の卵２個の納品{j}肉食竜の卵１個の納品{j}なし{j}メインターゲット、もしくは
サブターゲットＡの達成{j}報酬金ゼロ
タイムアップ{j}大衆酒場ギルド{j}繁殖期はモンスターの卵が入
手できる貴重な季節です。
今回は比較的簡単に運搬でき
る≪肉食竜の卵≫を納品して
ください。運搬中はモンスタ
ーからの攻撃はもちろん、ス
タミナの減りにも注意してく
ださいね！",
237,"≪砂漠探索≫
ハンターの基本、採掘！{j}鉄鉱石３個の納品{j}石ころ５個の納品{j}なし{j}メインターゲット、もしくは
サブターゲットＡの達成{j}報酬金ゼロ
タイムアップ{j}大衆酒場ギルド{j}鉱石系武器を作りたいハンタ
ーにとって採掘は基本中の基
本ですよ！
まずは、採掘できる場所を知
ることから始めましょう。
崖などにヒビ割れを見つけた
ら、≪ピッケル≫で掘ってみ
てください！",
238,"≪砂漠探索≫
ハンターの基本、釣り！{j}大食いマグロ４匹の納品{j}サシミウオ２匹の納品{j}なし{j}メインターゲット、もしくは
サブターゲットＡの達成{j}報酬金ゼロ
タイムアップ{j}大衆酒場ギルド{j}狩り場に生息する魚は≪弾の
調合≫にとって欠かせない素
材です！いざという時に慌て
ず対応できるように、釣りの
感覚を体に覚えさせておきま
しょう！
ウキが深く沈んだ時が釣りあ
げるタイミングですよ！",
239,"≪密林探索≫
使いこなせ！閃光玉！{j}ドスランポス１頭の狩猟{j}なし{j}なし{j}メインターゲットの達成{j}報酬金ゼロ
タイムアップ{j}大衆酒場ギルド{j}≪閃光玉≫をモンスターの目
前に投げると強力な光で目を
くらませることができるんで
すよ。
これを使いこなせば、怖いも
のナシですね！
支給品ボックスに入ってます
から遠慮なく使って下さい！",
240,"≪密林探索≫
使いこなせ！閃光玉！{j}ドスランポス１頭の狩猟{j}なし{j}なし{j}メインターゲットの達成{j}報酬金ゼロ
タイムアップ{j}大衆酒場ギルド{j}≪閃光玉≫をモンスターの目
前に投げると強力な光で目を
くらませることができるんで
すよ。
これを使いこなせば、怖いも
のナシですね！
支給品ボックスに入ってます
から遠慮なく使って下さい！",
241,"≪砂漠探索≫
使いこなせ！閃光玉！{j}ドスゲネポス１頭の狩猟{j}なし{j}なし{j}メインターゲットの達成{j}報酬金ゼロ
タイムアップ{j}大衆酒場ギルド{j}≪閃光玉≫をモンスターの目
前に投げると強力な光で目を
くらませることができるんで
すよ。
これを使いこなせば、怖いも
のナシですね！
支給品ボックスに入ってます
から遠慮なく使って下さい！",
242,"≪密林探索≫
使いこなせ！シビレ罠！{j}ドスファンゴ１頭の狩猟{j}なし{j}なし{j}メインターゲットの達成{j}報酬金ゼロ
タイムアップ{j}大衆酒場ギルド{j}≪シビレ罠≫や≪落とし穴≫
をモンスターの足元に設置す
れば動きを封じることができ
るんです！
それに、モンスターが弱った
ところを捕らえて≪捕獲用麻
酔玉≫で眠らせれば捕獲する
こともできちゃうスグレモノ
なんですよ！",
243,"≪砂漠探索≫
使いこなせ！シビレ罠！{j}ドスゲネポス１頭の狩猟{j}なし{j}なし{j}メインターゲットの達成{j}報酬金ゼロ
タイムアップ{j}大衆酒場ギルド{j}≪シビレ罠≫や≪落とし穴≫
をモンスターの足元に設置す
れば動きを封じることができ
るんです！
それに、モンスターが弱った
ところを捕らえて≪捕獲用麻
酔玉≫で眠らせれば捕獲する
こともできちゃうスグレモノ
なんですよ！",
244,"≪密林探索≫
使いこなせ！シビレ罠！{j}ドスランポス１頭の狩猟{j}なし{j}なし{j}メインターゲットの達成{j}報酬金ゼロ
タイムアップ{j}大衆酒場ギルド{j}≪シビレ罠≫や≪落とし穴≫
をモンスターの足元に設置す
れば動きを封じることができ
るんです！
それに、モンスターが弱った
ところを捕らえて≪捕獲用麻
酔玉≫で眠らせれば捕獲する
こともできちゃうスグレモノ
なんですよ！",
245,"≪密林探索≫
青き狩人の生息地{j}ドスランポス１頭の狩猟{j}ランポス１２頭の討伐{j}特産キノコ８個の納品{j}メインターゲット、もしくは
サブターゲットＡかＢの達成{j}報酬金ゼロ
タイムアップ{j}大老殿ギルド{j}≪ドスランポス≫は体力を
消耗すると別エリアへ逃げて
体力を回復してしまうわ。
狩人としての狩りの腕前を
計るには丁度いい相手だけど
この季節は、子分のランポス
も多いから注意してね。",
246,"≪密林探索≫
青き２つの影{j}ドスランポス２頭の狩猟{j}肉食竜の卵４個の納品{j}ランポス１２頭の討伐{j}メインターゲット、もしくは
サブターゲットＡかＢの達成{j}報酬金ゼロ
タイムアップ{j}大老殿ギルド{j}密林をエサ場とする、青き
狩人≪ドスランポス≫２頭
の狩猟をお願いするわ。
この大老殿から狩りを再開
するには丁度いい相手ね。
この季節なら子分のランポス
も少ないから…、好機ね。",
247,"≪密林探索≫
猪たちの長を狩猟せよ！{j}ドスファンゴ１頭の狩猟{j}ランゴスタ２０匹の討伐{j}ロイヤルカブト５匹の納品{j}メインターゲット、もしくは
サブターゲットＡかＢの達成{j}報酬金ゼロ
タイムアップ{j}大老殿ギルド{j}密林にはブルファンゴの長
である≪ドスファンゴ≫が
姿を現すことが多いわよ。
かなりタフな相手だから、
討伐ではなく≪シビレ罠≫
などを使って捕獲してしま
うのも有効な手段よ？",
248,"≪密林探索≫
猪たちの長を狩猟せよ！{j}ドスファンゴ１頭の狩猟{j}ランポス１２頭の討伐{j}黄金魚４匹の納品{j}メインターゲット、もしくは
サブターゲットＡかＢの達成{j}報酬金ゼロ
タイムアップ{j}大老殿ギルド{j}ブルファンゴの長である
≪ドスファンゴ≫はタフで
暴れ者。油断したらダメ。
特に今の寒冷期は、空腹で
気が立ってると思うわ。
無理せず≪黄金魚≫を釣っ
て収めてもいいのよ？",
249,"≪密林探索≫
怪鳥のいななきを追って{j}イャンクック１頭の狩猟{j}竜のナミダ２個の納品{j}ランゴスタ２０匹の討伐{j}メインターゲット、もしくは
サブターゲットＡかＢの達成{j}報酬金ゼロ
タイムアップ{j}大老殿ギルド{j}この密林で鳥のような奇声が
聞こえたら、それは間違いな
く怪鳥≪イャンクック≫ね。
イャンクックを狩猟すること
ができれば、大老殿でもそこ
そこやれる証拠ね。耳元で音
を鳴らせばナミダをこぼすこ
ともあるかも知れないわね。",
250,"≪密林探索≫
青き怪鳥の目撃{j}イャンクック亜種１頭の狩猟{j}なし{j}なし{j}メインターゲットの達成{j}報酬金ゼロ
タイムアップ{j}大老殿ギルド{j}この密林で鳥のような奇声が
聞こえたら、それは間違いな
く怪鳥≪イャンクック≫ね。
イャンクックといえばピンク
の体色が象徴だけれど、今回
は青い体と報告されてるわ？
亜種に間違いないようね。",
251,"≪密林探索≫
怪鳥のいななきを追って{j}イャンクック１頭の狩猟{j}熟成キノコ４個の納品{j}ケルビの角１０個の納品{j}メインターゲット、もしくは
サブターゲットＡかＢの達成{j}報酬金ゼロ
タイムアップ{j}大老殿ギルド{j}≪イャンクック≫を狩猟する
ことができれば、大老殿でも
そこそこやれる証拠ね。
もし余裕があれば熟成キノコ
作りにも挑戦してみてね。
≪マカ漬けの壷≫に特産キノ
コを入れて埋める。簡単よ？",
252,"≪密林探索≫
水辺のダイミョウ{j}ダイミョウザザミ１匹の狩猟{j}ザザミソ８個の納品{j}ダイミョウザザミのヤド破壊{j}メインターゲット、もしくは
サブターゲットＡかＢの達成{j}報酬金ゼロ
タイムアップ{j}大老殿ギルド{j}この季節の水辺には、盾蟹
≪ダイミョウザザミ≫が姿を
現すことがあるわ。硬い殻に
守られた体にダメージを与え
ることは容易くないわ。
ヤオザミから≪ザザミソ≫を
剥いで収めてもいいわよ？",
253,"≪密林探索≫
毒の嵐{j}ゲリョス亜種１頭の狩猟{j}ゲリョス１頭の狩猟{j}なし{j}メインターゲット、もしくは
サブターゲットＡの達成{j}報酬金ゼロ
タイムアップ{j}大老殿ギルド{j}困ったわ…、毒怪鳥が２頭も
密林に現れたらしいの。
黒い体をした原種と紫色の体
をした亜種…、さすがの狩人
たちも２頭を相手にするのは
骨が折れるみたいで受け手が
決まらないわ。あなたどう？",
254,"≪密林探索≫
桃毛獣のなわばり{j}ババコンガ１頭の狩猟{j}コンガ３頭の討伐{j}厳選キノコ２個の納品{j}メインターゲット、もしくは
サブターゲットＡかＢの達成{j}報酬金ゼロ
タイムアップ{j}大老殿ギルド{j}桃毛獣≪ババコンガ≫は食い
意地が張った獣で、特にキノ
コ系の食べ物には目がないみ
たいね。同じく子分のコンガ
たちもキノコには目がないみ
たい。特産キノコを多めに所
持していれば会えるかもね？",
255,"≪密林探索≫
桃毛獣のなわばり{j}ババコンガ１頭の狩猟{j}なわばりのフン２個の納品{j}なし{j}メインターゲット、もしくは
サブターゲットＡの達成{j}報酬金ゼロ
タイムアップ{j}大老殿ギルド{j}≪ババコンガ≫の珍妙な行動
に騙されちゃダメよ？
戦闘中に食事をしたと思えば
猛烈に怒ってみたり、フンを
してみたり…。まぁフンは自
分のなわばりを主張するもの
だから已む無しかもね…。",
256,"≪密林探索≫
大漁{j}ガノトトス亜種１頭の狩猟{j}ガノトトス１頭の狩猟{j}なし{j}メインターゲット、もしくは
サブターゲットＡの達成{j}報酬金ゼロ
タイムアップ{j}大老殿ギルド{j}密林の水底に、２頭の魚竜が
潜んでるって噂が大老殿に
入ってきたわ。本当かどうか
まだ判らないけれど、話によ
ると１頭は翡翠のように綺麗
な色を持つ亜種だって。誰か
確かめに行かないかしら…？",
257,"≪密林探索≫
女王の棲まう土地{j}リオレイア１頭の狩猟{j}リオレイアの尻尾切断{j}ロイヤルカブト２０匹の納品{j}メインターゲット、もしくは
サブターゲットＡかＢの達成{j}報酬金ゼロ
タイムアップ{j}大老殿ギルド{j}≪リオレイア≫の別名は陸の
女王。その異名は決してウソ
じゃなく、何人もの狩人が
彼女の前に屈しているわ…。
≪リオレイア≫を狩れたら、
この大老殿でも充分に狩猟が
果たせる狩人だってことね。",
258,"≪密林探索≫
百花繚乱{j}リオレイア亜種１頭の狩猟{j}リオレイア１頭の狩猟{j}なし{j}メインターゲット、もしくは
サブターゲットＡの達成{j}報酬金ゼロ
タイムアップ{j}大老殿ギルド{j}「百花繚乱」なんて聞いたら
何を思い浮かべるかしら？
この大老殿でのそれは、残念
ながら密林に舞い降りた２頭
の女王を意味するわ。澄んだ
緑をまとう竜と、紅き桜をま
とう竜。誰が挑むのかしら？",
259,"≪密林探索≫
女王の棲まう土地{j}リオレイア１頭の狩猟{j}飛竜の卵４個の納品{j}肉食竜の卵２個の納品{j}メインターゲット、もしくは
サブターゲットＡかＢの達成{j}報酬金ゼロ
タイムアップ{j}大老殿ギルド{j}陸の女王≪リオレイア≫を狩
れたなら、この大老殿でも充
分に狩猟が果たせる狩人だっ
てことね。ケタ違いの力差を
感じた場合は、巣穴から≪飛
竜の卵≫を頂戴してくるだけ
でも勇気の証明にはなるわよ。",
260,"≪密林探索≫
密林を裂く豪雨{j}クシャルダオラ１体の討伐{j}なし{j}なし{j}メインターゲットの達成{j}報酬金ゼロ
タイムアップ{j}大老殿ギルド{j}古龍クシャルダオラは今まで
狩猟してきたモンスターとは
まったく異質…、その存在力
は雨を嵐に変えるほどよ…。
捕獲なんて無理なことは考え
ないで慎重かつ着実に攻撃を
重ねるしかないみたいね…。",
261,"≪密林探索≫
密林を裂く豪雨{j}クシャルダオラ１体の討伐{j}なし{j}なし{j}メインターゲットの達成{j}報酬金ゼロ
タイムアップ{j}大老殿ギルド{j}古龍クシャルダオラは今まで
狩猟してきたモンスターとは
まったく異質…、その存在力
は雨を嵐に変えるほどよ…。
捕獲なんて無理なことは考え
ないで慎重かつ着実に攻撃を
重ねるしかないみたいね…。",
262,"≪密林探索≫
濃き森の幻影{j}オオナズチ１体の討伐{j}なし{j}なし{j}メインターゲットの達成{j}報酬金ゼロ
タイムアップ{j}大老殿ギルド{j}オオナズチは古龍種の中でも
異端視されている存在なの。
密林の雨はそれに味方するが
ごとくより激しさを増す…。
熟練の狩人も手に負えない。
捕獲なんて無理なことは考え
ないで慎重かつ着実に攻撃を
重ねるしかないみたいね…。",
263,"≪密林探索≫
濃き森の幻影{j}オオナズチ１体の討伐{j}なし{j}なし{j}メインターゲットの達成{j}報酬金ゼロ
タイムアップ{j}大老殿ギルド{j}オオナズチは古龍種の中でも
異端視されている存在なの。
密林の雨はそれに味方するが
ごとくより激しさを増す…。
熟練の狩人も手に負えない。
捕獲なんて無理なことは考え
ないで慎重かつ着実に攻撃を
重ねるしかないみたいね…。",
264,"≪砂漠探索≫
砂漠に跳ねる狩人{j}ドスゲネポス２頭の狩猟{j}ゲネポス１２頭の討伐{j}百花サボテン４個の納品{j}メインターゲット、もしくは
サブターゲットＡかＢの達成{j}報酬金ゼロ
タイムアップ{j}大老殿ギルド{j}砂漠に群れるゲネポスの親玉
≪ドスゲネポス≫は、一回り
大きな体に鋭い爪が目印よ。
ドスゲネポスの狩猟が困難に
感じるなら≪マカ漬けの壷≫
に≪サボテンの花≫を入れて
≪百花サボテン≫の納品を。",
265,"≪砂漠探索≫
砂漠に跳ねる狩人{j}ドスゲネポス１頭の狩猟{j}草食竜の卵３個の納品{j}アプケロス８頭の討伐{j}メインターゲット、もしくは
サブターゲットＡかＢの達成{j}報酬金ゼロ
タイムアップ{j}大老殿ギルド{j}≪ドスゲネポス≫を狩猟する
狩人を募集するわ。
もし、ゆとりがあったなら、
この季節に採れる≪草食竜の
卵≫も納品して欲しいの。
商人やセレブな人たちに人気
がある品物なのよ♪",
266,"≪砂漠探索≫
砂の中を泳ぐ竜{j}ドスガレオス１頭の狩猟{j}魚竜のキモ６個の納品{j}ガレオス８頭の討伐{j}メインターゲット、もしくは
サブターゲットＡかＢの達成{j}報酬金ゼロ
タイムアップ{j}大老殿ギルド{j}砂の中を自在に泳ぐガレオス
たちは、とにかく狩猟が大変
で、ボスの≪ドスガレオス≫
ときたら、それはもう根気と
の戦いといっても過言じゃ
ないわ…。大きな音や衝撃で
地上に出すのがコツね。",
267,"≪砂漠探索≫
砂塵の砦{j}ダイミョウザザミ２匹の狩猟{j}なし{j}なし{j}メインターゲットの達成{j}報酬金ゼロ
タイムアップ{j}大老殿ギルド{j}≪ダイミョウザザミ≫は
普段砂に潜ってることが多い
わね。狩猟をするなら、忘れ
ないようにするといいわ。
盾蟹と呼ばれるだけあって身
を固められたら面倒よ。",
268,"≪砂漠探索≫
水中に沈みし翡翠{j}ガノトトス亜種１頭の狩猟{j}なし{j}なし{j}メインターゲットの達成{j}報酬金ゼロ
タイムアップ{j}大老殿ギルド{j}この季節の砂漠ではときおり
ガノトトスの亜種が出没する
わ。翡翠のように綺麗な体色
をしている強暴な魚竜よ。
ガノトトスを狩猟するのは容
易じゃないわ。大きな音で水
中から引き出すのがコツね。",
269,"≪砂漠探索≫
地底湖の水竜{j}ガノトトス１頭の狩猟{j}ガノトトスの一本釣り{j}黄金魚４匹の納品{j}メインターゲット、もしくは
サブターゲットＡかＢの達成{j}報酬金ゼロ
タイムアップ{j}大老殿ギルド{j}砂漠の水辺には太古の魚竜、
≪ガノトトス≫が獲物を狙い
潜んでいる可能性が高いわ。
≪釣りカエル≫でガノトトス
を一本釣りする場合は、人の
気配が少ないことが重要なの。
仲間がいる場合はエリアの外に
出てもらい、１対１で勝負を。",
270,"≪砂漠探索≫
砂漠に咲く桜{j}リオレイア亜種１頭の狩猟{j}なし{j}なし{j}メインターゲットの達成{j}報酬金ゼロ
タイムアップ{j}大老殿ギルド{j}砂漠地帯に桜色のあざやかな
体色を持つ≪リオレイア≫が
出たみたいね。希少性の高い
珍しい亜種だわ。砂漠に咲き
乱れる桜を狩る勇気を持つ方
は、クエストカウンターまで
お越し下さいませ。",
271,"≪砂漠探索≫
強暴を極めし角竜{j}ディアブロス１頭の狩猟{j}ディアブロスの角２本を破壊{j}秘密のポーチ６個の納品{j}メインターゲット、もしくは
サブターゲットＡかＢの達成{j}報酬金ゼロ
タイムアップ{j}大老殿ギルド{j}≪ディアブロス≫は砂漠の
生態系において、他の生物
とは別格の強さを誇る強暴な
モンスターよ。あの突進に
はねられたら再起不能のダメ
ージを受けてしまう。角を折
れれば勝機はありそうね。",
272,"≪砂漠探索≫
４本の角{j}ディアブロス亜種１頭の狩猟{j}ディアブロス１頭の狩猟{j}なし{j}メインターゲット、もしくは
サブターゲットＡの達成{j}報酬金ゼロ
タイムアップ{j}大老殿ギルド{j}黒ずんだ体色を持つひときわ
恐ろしい容姿のディアブロス
が目撃されたわ。それと残念
なことに、もう一頭、同じ竜
が砂漠で目撃された…。猛者
が集まる大老殿といえど４本
の角に挑む人がいるかしら？",
273,"≪砂漠探索≫
砂の嵐を呼びし龍{j}クシャルダオラ１体の討伐{j}なし{j}なし{j}メインターゲットの達成{j}報酬金ゼロ
タイムアップ{j}大老殿ギルド{j}古龍クシャルダオラは今まで
狩猟してきたモンスターとは
まったく異質…、自分の無力
さを知ることになるかも…。
捕獲なんて無理なことは考え
ないで慎重かつ着実に攻撃を
重ねるしかないみたいね…。",
274,"≪砂漠探索≫
砂の嵐を呼びし龍{j}クシャルダオラ１体の討伐{j}なし{j}なし{j}メインターゲットの達成{j}報酬金ゼロ
タイムアップ{j}大老殿ギルド{j}古龍クシャルダオラは今まで
狩猟してきたモンスターとは
まったく異質…、自分の無力
さを知ることになるかも…。
捕獲なんて無理なことは考え
ないで慎重かつ着実に攻撃を
重ねるしかないみたいね…。",
275,"≪砂漠探索≫
熱砂を焼く業炎{j}テオ・テスカトル１体の討伐{j}なし{j}なし{j}メインターゲットの達成{j}報酬金ゼロ
タイムアップ{j}大老殿ギルド{j}炎王龍テオ・テスカトルは炎
の化身とも云われる古龍で、
ケタ違いの威圧感と強暴性は
他のモンスターとは別格…。
捕獲なんて無理なことは考え
ないで慎重かつ着実に攻撃を
重ねるしかないみたいね…。",
276,"≪砂漠探索≫
熱砂を焼く業炎{j}テオ・テスカトル１体の討伐{j}なし{j}なし{j}メインターゲットの達成{j}報酬金ゼロ
タイムアップ{j}大老殿ギルド{j}炎王龍テオ・テスカトルは炎
の化身とも云われる古龍で、
ケタ違いの威圧感と強暴性は
他のモンスターとは別格…。
捕獲なんて無理なことは考え
ないで慎重かつ着実に攻撃を
重ねるしかないみたいね…。",
277,"≪沼地探索≫
赤き毒たちの統率者{j}ドスイーオス１頭の狩猟{j}カンタロス１５匹の討伐{j}特産キノコ１５個の納品{j}メインターゲット、もしくは
サブターゲットＡかＢの達成{j}報酬金ゼロ
タイムアップ{j}大老殿ギルド{j}イーオスたちが活発に騒いで
いるってことは、親玉の≪ド
スイーオス≫がいる可能性が
高いわ。あの毒液をまともに
受けてしまうと、命を落とし
かねない。解毒系アイテムを
忘れずに持っていくことね。",
278,"≪沼地探索≫
赤き毒たちの統率者{j}ドスイーオス１頭の狩猟{j}熟成キノコ４個の納品{j}特産キノコ１５個の納品{j}メインターゲット、もしくは
サブターゲットＡかＢの達成{j}報酬金ゼロ
タイムアップ{j}大老殿ギルド{j}≪ドスイーオス≫はドスラン
ポスや、ドスゲネポスに比べ
一発の攻撃力が高いわ。
身の危険を感じたら、沼地に
生える≪特産キノコ≫を納品
するのよ。≪マカ漬けの壷≫
で熟成にしてもいいわよ？",
279,"≪沼地探索≫
猪突猛進{j}ドスファンゴ１頭の狩猟{j}ブルファンゴ１０頭の討伐{j}ブルファンゴ５頭の討伐{j}メインターゲット、もしくは
サブターゲットＡかＢの達成{j}報酬金ゼロ
タイムアップ{j}大老殿ギルド{j}沼地はブルファンゴたちが棲
むのに最も適した環境よ。
≪ドスファンゴ≫の狩猟に臨
むのなら、できるだけ多くの
ブルファンゴも討伐してみて
ちょうだいね。もちろん、
支給品も報酬も支払うわよ。",
280,"≪沼地探索≫
怪鳥の双激{j}イャンクック亜種１頭の狩猟{j}イャンクック１頭の狩猟{j}なし{j}メインターゲット、もしくは
サブターゲットＡの達成{j}報酬金ゼロ
タイムアップ{j}大老殿ギルド{j}湿地帯に怪鳥のいななきが
こだましてると噂があるわ。
噂の元は怪鳥イャンクックに
間違いないと思うけど、数が
一頭とは限らないわね…。
厄介なクエストになりそうだ
けど、希望者はいるかしら？",
281,"≪沼地探索≫
湿地を駆ける毒怪鳥{j}ゲリョス１頭の狩猟{j}白水晶の原石３個の納品{j}カンタロス１５匹の討伐{j}メインターゲット、もしくは
サブターゲットＡかＢの達成{j}報酬金ゼロ
タイムアップ{j}大老殿ギルド{j}≪ゲリョス≫は別名、毒怪鳥
と呼ばれるモンスターだわ。
呼び名のとおり、毒液を吐き
散らして暴れまわる迷惑な怪
鳥なの。自分の身に危機を感
じると死に真似をするズル賢
い面もあるわ。注意してね。",
282,"≪沼地探索≫
紫毒鳥の暴走{j}ゲリョス亜種１頭の狩猟{j}なし{j}なし{j}メインターゲットの達成{j}報酬金ゼロ
タイムアップ{j}大老殿ギルド{j}毒怪鳥≪ゲリョス≫の亜種が
沼地に現れたわ。体色が紫色
の不気味な容姿をしているみ
たいね。光り物を好み集める
習性があるから、トサカを
破壊すれば、貴重な石が手に
入るかも知れないわよ？",
283,"≪沼地探索≫
湿地を駆ける毒怪鳥{j}ゲリョス１頭の狩猟{j}白水晶の原石３個の納品{j}ゲリョスのトサカの破壊{j}メインターゲット、もしくは
サブターゲットＡかＢの達成{j}報酬金ゼロ
タイムアップ{j}大老殿ギルド{j}≪ゲリョス≫は別名、毒怪鳥
と呼ばれるモンスターだわ。
毒液を吐くだけじゃなく、
目を眩ませる強い閃光を放つ
こともあるわ…。トサカを
破壊できれば閃光を防ぐこと
ができるかも知れないわね？",
284,"≪沼地探索≫
赤と白{j}フルフル亜種１頭の狩猟{j}フルフル１頭の狩猟{j}なし{j}メインターゲット、もしくは
サブターゲットＡの達成{j}報酬金ゼロ
タイムアップ{j}大老殿ギルド{j}暗闇に這う２つの影が目撃
されたようね。白影の正体は
≪フルフル≫。赤影の正体は
その亜種のようね。この雷撃
の２重奏を狩猟に臨む気概の
ある狩人は、クエストカウン
ターまでお越し下さい。",
285,"≪沼地探索≫
沼地を舞う女王{j}リオレイア１頭の狩猟{j}竜のナミダ２個の納品{j}厳選キノコ２個の納品{j}メインターゲット、もしくは
サブターゲットＡかＢの達成{j}報酬金ゼロ
タイムアップ{j}大老殿ギルド{j}≪リオレイア≫を狩れたら、
それは大老殿でも充分に狩猟
が果たせる狩人を意味する。
狩人たちの間でも有名な謳い
言葉よね？でも、もしも女王
を泣かせることができたら、
それはもっと凄いことね。水
を大量に飲めば泣くかしら？",
286,"≪沼地探索≫
湿地に潜む大鎌{j}ショウグンギザミ１匹の狩猟{j}ショウグンギザミのツメ破壊{j}黄金魚１０匹の納品{j}メインターゲット、もしくは
サブターゲットＡかＢの達成{j}報酬金ゼロ
タイムアップ{j}大老殿ギルド{j}≪ショウグンギザミ≫は鎌蟹
とも呼ばれてる甲殻生物よ。
盾蟹が守りなら鎌蟹は攻め。
力強く振り下ろされる鋭い爪
は大抵のものを切り裂いてし
まうほどよ。狩猟がダメなら
ツメを破壊して戻りなさい。",
287,"≪沼地探索≫
湿地に潜む大鎌{j}ショウグンギザミ１匹の狩猟{j}白水晶の原石３個の納品{j}秘密のポーチ６個の納品{j}メインターゲット、もしくは
サブターゲットＡかＢの達成{j}報酬金ゼロ
タイムアップ{j}大老殿ギルド{j}≪ショウグンギザミ≫は鎌蟹
とも呼ばれてる甲殻生物よ。
鋭く強力な爪には要注意ね。
この季節の沼地では≪白水晶
の原石≫も採掘できるわ。運
がよければ報酬でノヴァクリ
スタルが渡せるかもね…。",
288,"≪沼地探索≫
食いしん坊な変獣{j}ババコンガ１頭の狩猟{j}コンガ６頭の討伐{j}コンガ３頭の討伐{j}メインターゲット、もしくは
サブターゲットＡかＢの達成{j}報酬金ゼロ
タイムアップ{j}大老殿ギルド{j}この季節の沼地にはコンガが
多く生息しているわ。コンガ
たちは親玉の≪ババコンガ≫
とは群れずに生活をする…。
逆をいえば群れる必要がない
ほど個々が強いという裏付け
にも取れるわ。注意してね。",
289,"≪沼地探索≫
食いしん坊な変獣{j}ババコンガ１頭の狩猟{j}フルベビアイス６個の納品{j}ブルファンゴ５頭の討伐{j}メインターゲット、もしくは
サブターゲットＡかＢの達成{j}報酬金ゼロ
タイムアップ{j}大老殿ギルド{j}≪ババコンガ≫の投げるフン
に当たってしまうと回復系の
アイテムが使えなくなるわ。
≪ババコンガ≫の狩猟が苦し
い場合は地中にいる≪フルフ
ルベビー≫を山菜ジイさんと
交換して、交換後のアイテム
を収めてくれてもいいわよ。",
290,"≪沼地探索≫
脅威の双璧{j}グラビモス亜種１頭の狩猟{j}グラビモス１頭の狩猟{j}なし{j}メインターゲット、もしくは
サブターゲットＡの達成{j}報酬金ゼロ
タイムアップ{j}大老殿ギルド{j}灼熱の覇王が２頭…、沼地に
出没したらしいわ。沼地の鉱
石を目当てに辿り着いてしま
ったようね…。この最高難度
のクエストに臨める狩人が、
果たしてこの大老殿にいるの
かしら…。",
291,"≪沼地探索≫
サイレント{j}オオナズチ１体の討伐{j}なし{j}なし{j}メインターゲットの達成{j}報酬金ゼロ
タイムアップ{j}大老殿ギルド{j}オオナズチは古龍種の中でも
異端視されている存在ね…。
姿無きところから姿を現わし
熟練の狩人でも手に負えない。
捕獲なんて無理なことは考え
ないで慎重かつ着実に攻撃を
重ねるしかないみたいね…。",
292,"≪沼地探索≫
サイレント{j}オオナズチ１体の討伐{j}なし{j}なし{j}メインターゲットの達成{j}報酬金ゼロ
タイムアップ{j}大老殿ギルド{j}オオナズチは古龍種の中でも
異端視されている存在ね…。
姿無きところから姿を現わし
熟練の狩人でも手に負えない。
捕獲なんて無理なことは考え
ないで慎重かつ着実に攻撃を
重ねるしかないみたいね…。",
293,"≪沼地探索≫
炎王龍テオ・テスカトル{j}テオ・テスカトル１体の討伐{j}なし{j}なし{j}メインターゲットの達成{j}報酬金ゼロ
タイムアップ{j}大老殿ギルド{j}炎王龍テオ・テスカトルは炎
の化身とも云われる古龍。
炎をまといしその姿は近づく
だけでその者の命を削る…。
捕獲なんて無理なことは考え
ないで慎重かつ着実に攻撃を
重ねるしかないみたいね…。",
294,"≪沼地探索≫
炎王龍テオ・テスカトル{j}テオ・テスカトル１体の討伐{j}なし{j}なし{j}メインターゲットの達成{j}報酬金ゼロ
タイムアップ{j}大老殿ギルド{j}炎王龍テオ・テスカトルは炎
の化身とも云われる古龍。
炎をまといしその姿は近づく
だけでその者の命を削る…。
捕獲なんて無理なことは考え
ないで慎重かつ着実に攻撃を
重ねるしかないみたいね…。",
295,"≪雪山探索≫
極寒の地での狩猟{j}ドスファンゴ１頭の狩猟{j}ポポ８頭の討伐{j}なし{j}メインターゲット、もしくは
サブターゲットＡの達成{j}報酬金ゼロ
タイムアップ{j}大老殿ギルド{j}雪山で狩猟に臨む場合は、
≪ホットドリンク≫を忘れず
に持ってくといいわよ。
≪ポポ≫の討伐で、ある程度
雪山の環境に慣れてから、
≪ドスファンゴ≫を狩猟した
方が確実かも知れないわね。",
296,"≪雪山探索≫
雪原を這う赤影{j}フルフル亜種１頭の狩猟{j}なし{j}なし{j}メインターゲットの達成{j}報酬金ゼロ
タイムアップ{j}大老殿ギルド{j}雪原を這う赤影が目撃された
ようね。≪フルフル≫の亜種
に間違いないようだわ。今の
季節の雪山はブランゴたちが
エサを求めて群生している。
フルフルとブランゴを同時に
相手しないようにね。",
297,"≪雪山探索≫
暗闇を這う白影{j}フルフル１頭の狩猟{j}フルベビアイス６個の納品{j}ガウシカの角６個の納品{j}メインターゲット、もしくは
サブターゲットＡかＢの達成{j}報酬金ゼロ
タイムアップ{j}大老殿ギルド{j}≪フルフル≫は幼生期を地面
の中で過ごすらしいわね…。
だから目よりも鼻が利くよう
になるみたい。親の狩猟が苦
しい場合は地中にいる≪フル
フルベビー≫を山菜ジイさん
と交換して、交換後のアイテ
ムを納めてくれてもいいわ。",
298,"≪雪山探索≫
群れ成す牙獣の主{j}ドドブランゴ１頭の狩猟{j}ブランゴ１０頭の討伐{j}ブランゴ５頭の討伐{j}メインターゲット、もしくは
サブターゲットＡかＢの達成{j}報酬金ゼロ
タイムアップ{j}大老殿ギルド{j}この季節の雪山はブランゴ
一家の独壇場…、その数は尋
常じゃないわ。ブランゴは
親玉の≪ドドブランゴ≫の
指示に従って、群れを成して
襲い掛かってくるわ。囲まれ
ないように注意が必要ね。",
299,"≪雪山探索≫
雪山の大家族{j}ドドブランゴ２頭の狩猟{j}なし{j}なし{j}メインターゲットの達成{j}報酬金ゼロ
タイムアップ{j}大老殿ギルド{j}≪ドドブランゴ≫は雪山を治
めるあるじ。なわばりを侵す
者への襲撃は容赦ないわ。
…信じがたいことだけれど、
今回は雪山で２頭のあるじが
見かけられているの…。それ
でも雪山にいくのかしら？",
300,"≪雪山探索≫
金獅子{j}ラージャン１頭の狩猟{j}なし{j}なし{j}メインターゲットの達成{j}報酬金ゼロ
タイムアップ{j}大老殿ギルド{j}極寒の地の果てで、恐ろしい
モンスターが目撃されたよう
だわ…。そのものの力は唯一
古龍に匹敵すると伝えられて
いて、その姿は金色に輝くと
も語られる。そのものを見て
生還した狩人は居ないわ…。",
301,"≪雪山探索≫
雪原を駆ける幻獣{j}キリン１頭の狩猟{j}ギルドフラッグを山頂に設置{j}なし{j}メインターゲット、もしくは
サブターゲットＡの達成{j}報酬金ゼロ
タイムアップ{j}大老殿ギルド{j}古龍種に属される≪キリン≫
は、特定の生息域を持たない
うえにその個体数の少なさか
ら≪幻獣≫とも呼ばれる生き
物ね。雪山に行くなら山頂に
≪ギルドフラッグ≫を立てて
くるのをお願いしてもいい？",
302,"≪雪山探索≫
雪原を駆ける幻獣{j}キリン１頭の狩猟{j}秘密のポーチ６個の納品{j}なし{j}メインターゲット、もしくは
サブターゲットＡの達成{j}報酬金ゼロ
タイムアップ{j}大老殿ギルド{j}古龍種に属される≪キリン≫
は、雷を自在にあやつるさま
から≪幻獣≫と呼ばれる生き
物よ。それと、アイテムを
≪メラルー≫に奪われたら焦
らず取り返すことね。逆にポ
ーチを拾えるかも知れないわ。",
303,"≪雪山探索≫
吹雪の召喚者{j}クシャルダオラ１体の討伐{j}クシャルダオラの尻尾切断{j}なし{j}メインターゲット、もしくは
サブターゲットＡの達成{j}報酬金ゼロ
タイムアップ{j}大老殿ギルド{j}古龍クシャルダオラは今まで
狩猟してきたモンスターとは
まったく異質、その存在力は
雪原を吹雪に変えるほど…。
捕獲なんて無理なことは考え
ないで慎重かつ着実に攻撃を
重ねるしかないみたいね…。",
304,"≪雪山探索≫
吹雪の召喚者{j}クシャルダオラ１体の討伐{j}クシャルダオラの尻尾切断{j}なし{j}メインターゲット、もしくは
サブターゲットＡの達成{j}報酬金ゼロ
タイムアップ{j}大老殿ギルド{j}古龍クシャルダオラは今まで
狩猟してきたモンスターとは
まったく異質、その存在力は
雪原を吹雪に変えるほど…。
捕獲なんて無理なことは考え
ないで慎重かつ着実に攻撃を
重ねるしかないみたいね…。",
305,"≪火山探索≫
毒を統べる毒{j}ドスイーオス１頭の狩猟{j}イーオス１５頭の討伐{j}なし{j}メインターゲット、もしくは
サブターゲットＡの達成{j}報酬金ゼロ
タイムアップ{j}大老殿ギルド{j}火山地帯で≪ドスイーオス≫
を狩猟するのは、少し面倒か
も知れないわね。体力を消耗
したドスイーオスは、狩人が
体力を消耗する、嫌な場所に
逃げ込む可能性があるの。
逃さないのが上手い方法ね。",
306,"≪火山探索≫
岩地に潜む罠{j}バサルモス１頭の狩猟{j}燃石炭１２個の納品{j}ランゴスタ２０匹の討伐{j}メインターゲット、もしくは
サブターゲットＡかＢの達成{j}報酬金ゼロ
タイムアップ{j}大老殿ギルド{j}≪バサルモス≫の狩猟に臨む
なら岩場から探してみるとい
いわ。バサルモスは岩に紛れ
て潜んでるケースが多いの。
採掘をする予定があるのなら
≪燃石炭≫を納品してくれる
と有難いわ。エネルギー源と
して重宝される品なのよ。",
307,"≪火山探索≫
岩地に潜む罠{j}バサルモス１頭の狩猟{j}燃石炭１２個の納品{j}バサルモスの胸部破壊{j}メインターゲット、もしくは
サブターゲットＡかＢの達成{j}報酬金ゼロ
タイムアップ{j}大老殿ギルド{j}≪バサルモス≫は鉱石を食べ
て成長するためその外殻には
鉱石が含まれてることが多い
わね。部位を破壊することで、
採掘しなくても鉱石が入手
できることもあるわ。そうな
ったら一石二鳥ってとこね。",
308,"≪火山探索≫
灼熱の覇者{j}グラビモス１頭の狩猟{j}火薬岩４個の納品{j}火薬岩２個の納品{j}メインターゲット、もしくは
サブターゲットＡかＢの達成{j}報酬金ゼロ
タイムアップ{j}大老殿ギルド{j}≪グラビモス≫は灼熱の覇者
とも呼ばれる存在、燃石や鉱
石を食べ、異常なまでの硬度
に発達した外殻に挑むには、
相当に磨かれた装備が必要。
鎧竜の目を盗んで≪火薬岩≫
を納めてくれてもいいわよ？",
309,"≪火山探索≫
黒鎧をまといし亜種{j}グラビモス亜種１頭の狩猟{j}なし{j}なし{j}メインターゲットの達成{j}報酬金ゼロ
タイムアップ{j}大老殿ギルド{j}火山の噴煙にまみれて≪グラ
ビモス≫の黒い亜種が出現し
たらしいわ。その容姿は見る
者を震え上がらせるようね。
でも、鎧竜って呼ばれるのは
体を守る鎧があるからよね？
鎧を壊せばどうなのかしら？",
310,"≪火山探索≫
４本の大鎌{j}ショウグンギザミ２匹の狩猟{j}ガブラス６頭の討伐{j}なし{j}メインターゲット、もしくは
サブターゲットＡの達成{j}報酬金ゼロ
タイムアップ{j}大老殿ギルド{j}鎌蟹≪ショウグンギザミ≫は
その奇妙な足関節を使って、
天井にまで登る生き物よ。
狩猟が困難な場合、この季節
火山の火口を飛び回る≪ガ
ブラス≫を上手く討伐して、
帰還するのも悪くないわ。",
311,"≪火山探索≫
天地を走る大鎌{j}ショウグンギザミ１匹の狩猟{j}ショウグンギザミのツメ破壊{j}ガミザミ８匹の討伐{j}メインターゲット、もしくは
サブターゲットＡかＢの達成{j}報酬金ゼロ
タイムアップ{j}大老殿ギルド{j}鎌蟹≪ショウグンギザミ≫は
その奇妙な足関節を使って、
天井にまで登る生き物よ。
この季節の火山では、子供た
ち≪ガミザミ≫も数多く生息
しているハズよ。それぞれの
鋭い爪には注意することね。",
312,"≪火山探索≫
金獅子{j}ラージャン１頭の狩猟{j}なし{j}なし{j}メインターゲットの達成{j}報酬金ゼロ
タイムアップ{j}大老殿ギルド{j}灼熱の地の果てで、恐ろしい
モンスターが目撃されたよう
だわ…。そのものの力は唯一
古龍に匹敵すると伝えられて
いて、その姿は金色に輝くと
も語られる。そのものを見て
生還した狩人は居ないわ…。",
313,"≪火山探索≫
炎国の王{j}テオ・テスカトル１体の討伐{j}テオ・テスカトルの尻尾切断{j}なし{j}メインターゲット、もしくは
サブターゲットＡの達成{j}報酬金ゼロ
タイムアップ{j}大老殿ギルド{j}炎王龍テオ・テスカトルは炎
の化身とも云われる古龍よ。
火山では全ての炎や熱が彼に
味方しているに等しい…。
捕獲なんて無理なことは考え
ないで慎重かつ着実に攻撃を
重ねるしかないみたいね…。",
314,"≪火山探索≫
炎国の王{j}テオ・テスカトル１体の討伐{j}テオ・テスカトルの尻尾切断{j}なし{j}メインターゲット、もしくは
サブターゲットＡの達成{j}報酬金ゼロ
タイムアップ{j}大老殿ギルド{j}炎王龍テオ・テスカトルは炎
の化身とも云われる古龍よ。
火山では全ての炎や熱が彼に
味方しているに等しい…。
捕獲なんて無理なことは考え
ないで慎重かつ着実に攻撃を
重ねるしかないみたいね…。",
315,"≪森丘探索≫
空の王の棲まう土地{j}リオレウス１頭の狩猟{j}リオレウスの尻尾切断{j}チャチャブー４匹の討伐{j}メインターゲット、もしくは
サブターゲットＡかＢの達成{j}報酬金ゼロ
タイムアップ{j}大老殿ギルド{j}遥かなる大地、≪森丘≫には
ある飛竜種が君臨している。
正統な強さを誇る正統な大空
の王は≪リオレウス≫と呼ば
れているわ…。彼の狩猟を成
す者はこの大老殿においても
一流の狩人の証となるわ。",
316,"≪森丘探索≫
蒼き火竜の咆哮{j}リオレウス亜種１頭の狩猟{j}なし{j}なし{j}メインターゲットの達成{j}報酬金ゼロ
タイムアップ{j}大老殿ギルド{j}≪森丘≫で≪リオレウス≫
の蒼き亜種が確認されたよう
ね。その比類なき生命力に
勝つ者は竜を上回る力を持つ
こととなるわ。一体どの狩人
にその能力が秘められている
か、見てみたいものだわ。",
317,"≪森丘探索≫
空の王{j}リオレウス１頭の狩猟{j}飛竜の卵４個の納品{j}チャチャブー４匹の討伐{j}メインターゲット、もしくは
サブターゲットＡかＢの達成{j}報酬金ゼロ
タイムアップ{j}大老殿ギルド{j}遥かなる大地、≪森丘≫には
ある飛竜種が君臨している。
正統な強さを誇る正統な大空
の王は≪リオレウス≫と呼ば
れているわ…。彼の巣にある
卵を持ち帰る者も、その比類
なき勇気を認められるわ。",
318,"≪森丘探索≫
静寂を奏でし龍{j}オオナズチ１体の討伐{j}オオナズチの角破壊{j}なし{j}メインターゲット、もしくは
サブターゲットＡの達成{j}報酬金ゼロ
タイムアップ{j}大老殿ギルド{j}オオナズチは古龍種の中でも
異端視されている存在ね…。
存在そのものすら滅多に確認
されることが無いほどだわ。
捕獲なんて無理なことは考え
ないで慎重かつ着実に攻撃を
重ねるしかないみたいね…。",
319,"≪森丘探索≫
静寂を奏でし龍{j}オオナズチ１体の討伐{j}オオナズチの角破壊{j}なし{j}メインターゲット、もしくは
サブターゲットＡの達成{j}報酬金ゼロ
タイムアップ{j}大老殿ギルド{j}オオナズチは古龍種の中でも
異端視されている存在ね…。
存在そのものすら滅多に確認
されることが無いほどだわ。
捕獲なんて無理なことは考え
ないで慎重かつ着実に攻撃を
重ねるしかないみたいね…。",
320,"≪古塔探索≫
古塔を撃つ落雷{j}キリン１頭の討伐{j}なし{j}なし{j}メインターゲットの達成{j}報酬金ゼロ
タイムアップ{j}大老殿ギルド{j}この地の彼方に眠る、謎多き
未開の地≪古塔≫に、幻獣≪
キリン≫が現れたようね。
古塔へはいつでも行けるわけ
ではなく、天候や気候を始め
とする環境が安定してる期間
だけ…、今しかないようね。",
321,"≪古塔探索≫
古塔を撃つ落雷{j}キリン１頭の討伐{j}なし{j}なし{j}メインターゲットの達成{j}報酬金ゼロ
タイムアップ{j}大老殿ギルド{j}この地の彼方に眠る、謎多き
未開の地≪古塔≫に、幻獣≪
キリン≫が現れたようね。
古塔へはいつでも行けるわけ
ではなく、天候や気候を始め
とする環境が安定してる期間
だけ…、今しかないようね。",
322,"≪古塔探索≫
竜たちのねぐら{j}リオレウス亜種１頭の狩猟{j}リオレウス１頭の狩猟{j}なし{j}メインターゲット、もしくは
サブターゲットＡの達成{j}報酬金ゼロ
タイムアップ{j}大老殿ギルド{j}この地の彼方に眠る、謎多き
未開の地≪古塔≫の大空に、
２頭の王が舞ってるようね。
古塔へはいつでも行けるわけ
ではなく、天候や気候を始め
とする環境が安定してる期間
だけ…、今しかないようね。",
323,"≪古塔探索≫
最古の龍{j}ヤマツカミ１体の討伐{j}ヤマツカミの触手破壊{j}なし{j}メインターゲット、もしくは
サブターゲットＡの達成{j}報酬金ゼロ
タイムアップ{j}大老殿ギルド{j}謎多き狩猟地≪古塔≫にて、
山が動くとの奇妙な話が届い
ておる…。ワシの推測が的中
すれば、ちと厄介な事態にな
りそうなのじゃ。事態が暗転
する前にその真実を確かめ、
話が誠ならば討伐を頼むぞ！",
324,"≪古塔探索≫
最古の龍{j}ヤマツカミ１体の討伐{j}ヤマツカミの触手破壊{j}なし{j}メインターゲット、もしくは
サブターゲットＡの達成{j}報酬金ゼロ
タイムアップ{j}大老殿ギルド{j}謎多き狩猟地≪古塔≫にて、
山が動くとの奇妙な話が届い
ておる…。ワシの推測が的中
すれば、ちと厄介な事態にな
りそうなのじゃ。事態が暗転
する前にその真実を確かめ、
話が誠ならば討伐を頼むぞ！",
325,"≪公式狩猟試験①≫
密林のモンスター掃討作戦！{j}イャンクック１頭の狩猟{j}ランポス８頭の討伐{j}ランゴスタ５匹の討伐{j}マストオーダー全ての達成{j}報酬金ゼロ
タイムアップ{j}大衆酒場ギルド{j}今回の公式狩猟試験は全部で
４つじゃ！オヌシの腕前を再
度確認すべく、こちらで指定
したモンスターを全て狩猟し
て貰うぞ！
まず初めは怪鳥を始めとする
密林のモンスターたちの狩猟
じゃ、期待しておるぞ！",
326,"≪公式狩猟試験②≫
沼地の暴走者を狩れ！{j}ゲリョス１頭の狩猟{j}ブルファンゴ５頭の討伐{j}モス３頭の討伐{j}マストオーダー全ての達成{j}報酬金ゼロ
タイムアップ{j}大衆酒場ギルド{j}今回の公式狩猟試験は全部で
４つじゃ！オヌシの腕前を再
度確認すべく、こちらで指定
したモンスターを全て狩猟し
て貰うぞ！
今回は沼地を駆けるモンスタ
ーたちの狩猟じゃ！ぬかりな
きよう、心して挑むのじゃ！",
327,"≪公式狩猟試験③≫
砂漠のモンスター掃討作戦！{j}ドスガレオス１頭の狩猟{j}ガレオス４頭の討伐{j}アプケロス４頭の討伐{j}マストオーダー全ての達成{j}報酬金ゼロ
タイムアップ{j}大衆酒場ギルド{j}今回の公式狩猟試験は全部で
４つじゃ！オヌシの腕前を再
度確認すべく、こちらで指定
したモンスターを全て狩猟し
て貰うぞ！
今回は砂漠を泳ぐ砂竜たちと
砂漠に群れるモンスターたち
の狩猟じゃ！頑張るのじゃ！",
328,"≪公式狩猟試験≫
盾蟹を狩猟せよ！{j}ダイミョウザザミ１匹の狩猟{j}なし{j}なし{j}マストオーダーの達成{j}報酬金ゼロ
タイムアップ{j}ギルドマスター{j}さらなる高みを目指す者よ。
オヌシの腕前を確認するべく
こちらで指定したモンスター
を狩猟してみせよ。
名づけて≪公式狩猟試験≫！
今回は≪盾蟹≫を狩猟じゃ！
難敵となるが達成を信じて
おるぞ！",
329,"≪公式狩猟試験①≫
密林の牙獣を狩猟せよ！{j}ババコンガ１頭の狩猟{j}コンガ３頭の討伐{j}なし{j}マストオーダー全ての達成{j}報酬金ゼロ
タイムアップ{j}大衆酒場ギルド{j}今回の公式狩猟試験は全部で
４つじゃ！オヌシの腕前を再
度確認すべく、こちらで指定
したモンスターを全て狩猟し
て貰うぞ！
まず初めは密林をエサ場とし
ておる桃毛獣たちの狩猟に臨
むのじゃ！頑張るのじゃぞ！",
330,"≪公式狩猟試験②≫
陸の女王狩猟作戦！{j}リオレイア１頭の狩猟{j}コンガ２頭の討伐{j}メラルー７匹の討伐{j}マストオーダー全ての達成{j}報酬金ゼロ
タイムアップ{j}大衆酒場ギルド{j}今回の公式狩猟試験は全部で
４つじゃ！オヌシの腕前を再
度確認すべく、こちらで指定
したモンスターを全て狩猟し
て貰うぞ！
リオレイアを狩ることができ
れば、オヌシも１人の狩人と
して皆より認められよう！",
331,"≪公式狩猟試験③≫
雪山のモンスターを狩れ！{j}フルフル１頭の狩猟{j}ポポ４頭の討伐{j}ガウシカ４頭の討伐{j}マストオーダー全ての達成{j}報酬金ゼロ
タイムアップ{j}大衆酒場ギルド{j}今回の公式狩猟試験は全部で
４つじゃ！オヌシの腕前を再
度確認すべく、こちらで指定
したモンスターを全て狩猟し
て貰うぞ！
今回は雪山にてフルフルを始
めとする寒冷地に棲まうモン
スターを狩猟するのじゃ！",
332,"≪公式狩猟試験≫
白き獅子たちを狩猟せよ！{j}ドドブランゴ１頭の狩猟{j}ブランゴ１０頭の討伐{j}なし{j}マストオーダー全ての達成{j}報酬金ゼロ
タイムアップ{j}大衆酒場ギルド{j}さらなる高みを目指す者よ！
オヌシの腕前を再度確認すべ
く、こちらで指定したモンス
ターを全て狩猟して貰うぞ！
名づけて≪公式狩猟試験≫！
今回は極寒の地に群生する白
き獅子たちを狩猟するのじゃ！
囲まれぬよう注意じゃぞ！",
333,"≪公式狩猟試験①≫
砂漠の魚竜を釣って狩れ！{j}ガノトトス１頭の狩猟{j}ゲネポス１０頭の討伐{j}ガレオス４頭の討伐{j}マストオーダー全ての達成{j}報酬金ゼロ
タイムアップ{j}大衆酒場ギルド{j}今回の公式狩猟試験は全部で
４つじゃ！オヌシの腕前を再
度確認すべく、こちらで指定
したモンスターを全て狩猟し
て貰うぞ！
まず初めは地底湖に生息する
魚竜を始めとする砂漠のモン
スターを狩るのじゃ！",
334,"≪公式狩猟試験②≫
火山の鎌蟹を駆逐せよ！{j}ショウグンギザミ１匹の狩猟{j}ガミザミ４匹の討伐{j}なし{j}マストオーダー全ての達成{j}報酬金ゼロ
タイムアップ{j}大衆酒場ギルド{j}今回の公式狩猟試験は全部で
４つじゃ！オヌシの腕前を再
度確認すべく、こちらで指定
したモンスターを全て狩猟し
て貰うぞ！
今回は灼熱の地に群がる鎌蟹
たちを掃討するのじゃ！",
335,"≪公式狩猟試験③≫
砂漠の強暴を狩りつくせ！{j}ディアブロス１頭の狩猟{j}ガレオス４頭の討伐{j}ゲネポス４頭の討伐{j}マストオーダー全ての達成{j}報酬金ゼロ
タイムアップ{j}大衆酒場ギルド{j}今回の公式狩猟試験は全部で
４つじゃ！オヌシの腕前を再
度確認すべく、こちらで指定
したモンスターを全て狩猟し
て貰うぞ！
今回は強暴を極めし角竜を始
めとする砂漠のモンスターを
狩猟するのじゃ！",
336,"≪公式狩猟試験④≫
火山の脅威を狩りつくせ！{j}グラビモス１頭の狩猟{j}イーオス８頭の討伐{j}ガミザミ４匹の討伐{j}マストオーダー全ての達成{j}報酬金ゼロ
タイムアップ{j}大衆酒場ギルド{j}今回の公式狩猟試験は全部で
４つじゃ！オヌシの腕前を再
度確認すべく、こちらで指定
したモンスターを全て狩猟し
て貰うぞ！
鎧竜はその厚き鎧を破壊する
ことで優位に戦えるハズじゃ、
脅威に屈するでないぞ！",
337,"≪公式狩猟試験≫
棘竜を狩猟せよ！{j}エスピナス１頭の狩猟{j}なし{j}なし{j}マストオーダーの達成{j}報酬金ゼロ
タイムアップ{j}ギルドマスター{j}さらなる高みを目指す者よ。
オヌシの腕前を確認するべく
こちらで指定したモンスター
を狩猟してみせよ。
名づけて≪公式狩猟試験≫！
今回は≪棘竜≫を狩猟じゃ！
難敵となるが達成を信じて
おるぞ！",
338,"≪公式狩猟試験①≫
砂塵の砦を破壊せよ！{j}ダイミョウザザミ２匹の狩猟{j}なし{j}なし{j}マストオーダーの達成{j}報酬金ゼロ
タイムアップ{j}大老殿ギルド{j}今回の公式狩猟試験は全部で
３つじゃ！オヌシの腕前を再
度確認すべく、こちらで指定
したモンスターを全て狩猟し
て貰うぞ！
砂の地にそびえる砦のごとき
２匹のダイミョウザザミを見
事、狩猟してみせるのじゃ！",
339,"≪公式狩猟試験②≫
獅子たちとの決戦に挑め！{j}ドドブランゴ２頭の狩猟{j}なし{j}なし{j}マストオーダーの達成{j}報酬金ゼロ
タイムアップ{j}大老殿ギルド{j}今回の公式狩猟試験は全部で
３つじゃ！オヌシの腕前を再
度確認すべく、こちらで指定
したモンスターを全て狩猟し
て貰うぞ！
極寒の地に君臨する白獅子の
主を２頭、狩猟するのじゃ！",
340,"≪公式狩猟試験③≫
王と女王を狩猟せよ！{j}リオレウス１頭の狩猟{j}リオレイア１頭の狩猟{j}なし{j}マストオーダー全ての達成{j}報酬金ゼロ
タイムアップ{j}大老殿ギルド{j}今回の公式狩猟試験は全部で
３つじゃ！オヌシの腕前を再
度確認すべく、こちらで指定
したモンスターを全て狩猟し
て貰うぞ！
かの地に棲まう空の王と陸の
女王、２頭の飛竜を見事狩猟
してみせるのじゃ！",
341,"≪公式狩猟試験≫
謎の牙獣種の正体を暴け！{j}ノノ・オルガロン１頭の狩猟{j}なし{j}なし{j}マストオーダーの達成{j}報酬金ゼロ
タイムアップ{j}ハンターズギルド{j}さらなる高みを目指す者よ！
オヌシの腕前を再度確認すべ
く、こちらで指定したモンス
ターを狩猟して貰うぞ！
名づけて≪公式狩猟試験≫！
今回は沼地に現れた未知の
牙獣種の調査じゃ！白と黒の
変わった色の奴らしい…。
この牙獣種、見事狩猟してみ
せよ！",
342,"≪欠番クエスト≫
欠番クエスト{j}欠番クエスト{j}なし{j}なし{j}マストオーダーの達成{j}報酬金ゼロ
タイムアップ{j}大老殿ギルド{j}欠番クエスト",
343,"≪欠番クエスト≫
欠番クエスト{j}欠番クエスト{j}なし{j}なし{j}マストオーダーの達成{j}報酬金ゼロ
タイムアップ{j}大老殿ギルド{j}欠番クエスト",
344,"≪大臣緊急依頼≫
黒き伝説を討ち払え！{j}ミラボレアス１体の討伐{j}なし{j}なし{j}マストオーダーの達成{j}報酬金ゼロ
タイムアップ{j}大老殿ギルド{j}ドンドルマより遥か離れし
≪シュレイド城≫にて、伝説
とされていた黒き龍がその姿
を現わしたようじゃ…。黒龍
ミラボレアスが伝説の通り、
世界に災いをもたらす前に、
全力で撃退するのじゃ！",
345,"≪大臣緊急依頼≫
紅き怒りを追撃せよ！{j}ミラボレアス１体の討伐{j}なし{j}なし{j}マストオーダーの達成{j}報酬金ゼロ
タイムアップ{j}大老殿ギルド{j}伝説の黒龍、ミラボレアスが
シュレイド城から、前人未踏
の火山の最奥地へと逃れ、
なにやら良からぬ動きをして
おるようじゃ…。このままで
は世界に災厄が降り注ぐやも
知れぬ、急ぎ追撃するのじゃ！",
346,"≪公式狩猟試験①≫
風翔龍を討伐せよ！{j}クシャルダオラ１体の討伐{j}なし{j}なし{j}マストオーダーの達成{j}報酬金ゼロ
タイムアップ{j}大老殿ギルド{j}今回の公式狩猟試験は全部で
３つじゃ！オヌシの腕前を再
度確認すべく、こちらで指定
したモンスターを全て狩猟し
て貰うぞ！
古龍クシャルダオラは今まで
のモンスターとは別格じゃ！
オヌシの力を信じておるぞ！",
347,"≪公式狩猟試験②≫
霞龍を討伐せよ！{j}オオナズチ１体の討伐{j}なし{j}なし{j}マストオーダーの達成{j}報酬金ゼロ
タイムアップ{j}大老殿ギルド{j}今回の公式狩猟試験は全部で
３つじゃ！オヌシの腕前を再
度確認すべく、こちらで指定
したモンスターを全て狩猟し
て貰うぞ！
霞龍オオナズチの能力は古龍
のなかでも特殊なものじゃ！
オヌシの力を信じておるぞ！",
348,"≪公式狩猟試験③≫
炎王龍を討伐せよ！{j}テオ・テスカトル１体の討伐{j}なし{j}なし{j}マストオーダーの達成{j}報酬金ゼロ
タイムアップ{j}大老殿ギルド{j}今回の公式狩猟試験は全部で
３つじゃ！オヌシの腕前を再
度確認すべく、こちらで指定
したモンスターを全て狩猟し
て貰うぞ！
炎王龍テオ・テスカトルは炎
の化身と呼ばれる存在じゃ！
オヌシの力を信じておるぞ！",
349,"≪欠番クエスト≫
欠番クエスト{j}欠番クエスト{j}なし{j}なし{j}マストオーダーの達成{j}報酬金ゼロ
タイムアップ{j}大老殿ギルド{j}欠番クエスト",
350,"≪砦防衛戦≫
老山龍を撃退せよ！{j}ラオシャンロン１体の撃退{j}龍薬石４個の納品{j}なし{j}メインターゲット、もしくは
サブターゲットＡの達成{j}撃退できずにタイムアップ
報酬金ゼロ　拠点の耐久値ゼロ{j}大衆酒場ギルド{j}ドンドルマへの玄関口となる
≪砦≫に老山龍ラオシャンロ
ンが侵攻してきたようじゃ！
砦の迎撃設備を最大限に活用
し老山龍を撃退するのじゃ！
戦力の及ばぬ者は老山龍の背
に乗り≪龍薬石≫を入手して
納品ＢＯＸに納めるのじゃ！",
351,"≪ドンドルマ防衛戦≫
風翔龍を撃退せよ！{j}クシャルダオラ１体の撃退{j}なし{j}なし{j}メインターゲットの達成{j}撃退できずにタイムアップ
報酬金ゼロ　拠点の耐久値ゼロ{j}大衆酒場ギルド{j}古龍予報所より緊急警告です！
ドンドルマの領内に風翔龍
クシャルダオラが侵入しまし
た！これよりドンドルマは、
古龍の迎撃体制に入ります！
迎撃区画に設置された迎撃設
備を活用し古龍を撃退して頂
けますようお願い致します！",
352,"≪ドンドルマ防衛戦≫
炎王龍を撃退せよ！{j}テオ・テスカトル１体の撃退{j}なし{j}なし{j}メインターゲットの達成{j}撃退できずにタイムアップ
報酬金ゼロ　拠点の耐久値ゼロ{j}大衆酒場ギルド{j}古龍予報所より緊急警告です！
ドンドルマの領内に炎王龍
テオ・テスカトルが侵入しま
した！これよりドンドルマは
古龍の迎撃体制に入ります！
迎撃区画に設置された迎撃設
備を活用し古龍を撃退して頂
けますようお願い致します！",
353,"≪砦防衛戦≫
老山龍を撃退せよ！{j}ラオシャンロン１体の撃退{j}龍薬石４個の納品{j}なし{j}メインターゲット、もしくは
サブターゲットＡの達成{j}撃退できずにタイムアップ
報酬金ゼロ　拠点の耐久値ゼロ{j}大老殿ギルド{j}ドンドルマへの玄関口となる
≪砦≫に老山龍ラオシャンロ
ンが侵攻してきたようじゃ！
砦の迎撃設備を最大限に活用
し老山龍を撃退するのじゃ！
戦力の及ばぬ者は老山龍の背
に乗り≪龍薬石≫を入手して
納品ＢＯＸに納めるのじゃ！",
354,"≪砦防衛戦≫
岩山龍を撃退せよ！{j}ラオシャンロン亜種１体の撃退{j}龍薬石４個の納品{j}なし{j}メインターゲット、もしくは
サブターゲットＡの達成{j}撃退できずにタイムアップ
報酬金ゼロ　拠点の耐久値ゼロ{j}大老殿ギルド{j}ドンドルマへの玄関口となる
≪砦≫に灰色の体色をした岩
のような巨龍が侵攻してきた
ようじゃ！砦の迎撃設備を最大
限に活用し撃退するのじゃ！
戦力の及ばぬ者は岩山龍の背
に乗り≪龍薬石≫を入手して
納品ＢＯＸに納めるのじゃ！",
355,"≪砦防衛戦≫
謎の龍を撃退せよ！{j}シェンガオレン１匹の撃退{j}なし{j}なし{j}メインターゲットの達成{j}撃退できずにタイムアップ
報酬金ゼロ　拠点の耐久値ゼロ{j}大老殿ギルド{j}古龍予報所より、怪しげな龍
が砦に接近しているとの知ら
せが入りました！砦の迎撃兵
器を活用し、謎の巨大龍を撃
退してください！",
356,"≪ドンドルマ防衛戦≫
風翔龍を討伐せよ！{j}クシャルダオラ１体の討伐{j}なし{j}なし{j}メインターゲットの達成{j}報酬金ゼロ　タイムアップ
拠点の耐久値ゼロ{j}大老殿ギルド{j}古龍予報所より緊急警告です！
ドンドルマの領内に風翔龍
クシャルダオラが侵入しまし
た！これよりドンドルマは、
古龍の迎撃体制に入ります！
迎撃区画に設置された迎撃設
備を活用し古龍を完全に討伐
して下さい！お願いします！",
357,"≪ドンドルマ防衛戦≫
炎王龍を討伐せよ！{j}テオ・テスカトル１体の討伐{j}なし{j}なし{j}メインターゲットの達成{j}報酬金ゼロ　タイムアップ
拠点の耐久値ゼロ{j}大老殿ギルド{j}古龍予報所より緊急警告です！
ドンドルマの領内に炎王龍
テオ・テスカトルが侵入しま
した！これよりドンドルマは
古龍の迎撃体制に入ります！
迎撃区画に設置された迎撃設
備を活用し古龍を完全に討伐
して下さい！お願いします！",
358,"≪ドンドルマ防衛戦≫
謎の龍を討伐せよ！{j}シェンガオレン１匹の討伐{j}なし{j}なし{j}メインターゲットの達成{j}報酬金ゼロ　タイムアップ
拠点の耐久値ゼロ{j}大老殿ギルド{j}古龍予報所より、怪しげな龍
が砦に接近しているとの知ら
せが入りました！砦の迎撃兵
器を活用し、謎の巨大龍を
完全に討伐して下さい！
お願いします！",
359,"≪ドンドルマ防衛戦≫
浮岳龍を討伐せよ！{j}ヤマツカミ１体の討伐{j}なし{j}なし{j}メインターゲットの達成{j}報酬金ゼロ　タイムアップ
拠点の耐久値ゼロ{j}大老殿ギルド{j}古龍予報所より緊急警告です
！ドンドルマの領内に浮岳龍
ヤマツカミが侵入しました！
これよりドンドルマは古龍の
迎撃体制に入ります！
迎撃区画に設置された迎撃設
備を活用し古龍を完全に討伐
して下さい！お願いします！",
360,"≪砦防衛戦≫
老山龍を撃退せよ！{j}ラオシャンロン１体の撃退{j}龍薬石４個の納品{j}なし{j}メインターゲット、もしくは
サブターゲットＡの達成{j}撃退できずにタイムアップ
報酬金ゼロ　拠点の耐久値ゼロ{j}大老殿ギルド{j}ドンドルマへの玄関口となる
≪砦≫に老山龍ラオシャンロ
ンが侵攻してきたようじゃ！
砦の迎撃設備を最大限に活用
し老山龍を撃退するのじゃ！
戦力の及ばぬ者は老山龍の背
に乗り≪龍薬石≫を入手して
納品ＢＯＸに納めるのじゃ！",
361,"≪砦防衛戦≫
岩山龍を撃退せよ！{j}ラオシャンロン亜種１体の撃退{j}龍薬石４個の納品{j}なし{j}メインターゲット、もしくは
サブターゲットＡの達成{j}撃退できずにタイムアップ
報酬金ゼロ　拠点の耐久値ゼロ{j}大老殿ギルド{j}ドンドルマへの玄関口となる
≪砦≫に灰色の体色をした岩
のような巨龍が侵攻してきた
ようじゃ！砦の迎撃設備を最大
限に活用し撃退するのじゃ！
戦力の及ばぬ者は岩山龍の背
に乗り≪龍薬石≫を入手して
納品ＢＯＸに納めるのじゃ！",
362,"≪砦防衛戦≫
謎の龍を撃退せよ！{j}シェンガオレン１匹の撃退{j}なし{j}なし{j}メインターゲットの達成{j}撃退できずにタイムアップ
報酬金ゼロ　拠点の耐久値ゼロ{j}大老殿ギルド{j}古龍予報所より、怪しげな龍
が砦に接近しているとの知ら
せが入りました！砦の迎撃兵
器を活用し、謎の巨大龍を撃
退してください！",
363,"≪ドンドルマ防衛戦≫
風翔龍を討伐せよ！{j}クシャルダオラ１体の討伐{j}なし{j}なし{j}メインターゲットの達成{j}報酬金ゼロ　タイムアップ
拠点の耐久値ゼロ{j}大老殿ギルド{j}古龍予報所より緊急警告です！
ドンドルマの領内に風翔龍
クシャルダオラが侵入しまし
た！これよりドンドルマは、
古龍の迎撃体制に入ります！
迎撃区画に設置された迎撃設
備を活用し古龍を完全に討伐
して下さい！お願いします！",
364,"≪ドンドルマ防衛戦≫
炎王龍を討伐せよ！{j}テオ・テスカトル１体の討伐{j}なし{j}なし{j}メインターゲットの達成{j}報酬金ゼロ　タイムアップ
拠点の耐久値ゼロ{j}大老殿ギルド{j}古龍予報所より緊急警告です！
ドンドルマの領内に炎王龍
テオ・テスカトルが侵入しま
した！これよりドンドルマは
古龍の迎撃体制に入ります！
迎撃区画に設置された迎撃設
備を活用し古龍を完全に討伐
して下さい！お願いします！",
365,"≪ドンドルマ防衛戦≫
謎の龍を討伐せよ！{j}シェンガオレン１匹の討伐{j}なし{j}なし{j}メインターゲットの達成{j}報酬金ゼロ　タイムアップ
拠点の耐久値ゼロ{j}大老殿ギルド{j}古龍予報所より、怪しげな龍
が街に接近しているとの知ら
せが入りました！街の迎撃兵
器を活用し、謎の巨大龍を
完全に討伐して下さい！
お願いします！",
366,"≪ドンドルマ防衛戦≫
浮岳龍を討伐せよ！{j}ヤマツカミ１体の討伐{j}なし{j}なし{j}メインターゲットの達成{j}報酬金ゼロ　タイムアップ
拠点の耐久値ゼロ{j}大老殿ギルド{j}古龍予報所より緊急警告です
！ドンドルマの領内に浮岳龍
ヤマツカミが侵入しました！
これよりドンドルマは古龍の
迎撃体制に入ります！
迎撃区画に設置された迎撃設
備を活用し古龍を完全に討伐
して下さい！お願いします！",
367,"≪メゼポルタ防衛戦≫
風翔龍を撃退せよ！{j}クシャルダオラ１体の撃退{j}なし{j}なし{j}メインターゲットの達成{j}撃退できずにタイムアップ
報酬金ゼロ　拠点の耐久値ゼロ{j}大衆酒場ギルド{j}古龍予報所より緊急警告です！
メゼポルタの領内に風翔龍
クシャルダオラが侵入しまし
た！これよりメゼポルタは、
古龍の迎撃態勢に入ります！
迎撃拠点に設置された迎撃設
備を活用し古龍を撃退して頂
けますようお願い致します！",
368,"≪メゼポルタ防衛戦≫
炎王龍を撃退せよ！{j}テオ・テスカトル１体の撃退{j}なし{j}なし{j}メインターゲットの達成{j}撃退できずにタイムアップ
報酬金ゼロ　拠点の耐久値ゼロ{j}大衆酒場ギルド{j}古龍予報所より緊急警告です！
メゼポルタの領内に炎王龍
テオ・テスカトルが侵入しま
した！これよりメゼポルタは
古龍の迎撃態勢に入ります！
迎撃拠点に設置された迎撃設
備を活用し古龍を撃退して頂
けますようお願い致します！",
369,"≪メゼポルタ防衛戦≫
風翔龍を討伐せよ！{j}クシャルダオラ１体の討伐{j}なし{j}なし{j}メインターゲットの達成{j}報酬金ゼロ　タイムアップ
拠点の耐久値ゼロ{j}大老殿ギルド{j}古龍予報所より緊急警告です！
メゼポルタの領内に風翔龍
クシャルダオラが侵入しまし
た！これよりメゼポルタは、
古龍の迎撃態勢に入ります！
迎撃拠点に設置された迎撃設
備を活用し古龍を完全に討伐
して下さい！お願いします！",
370,"≪メゼポルタ防衛戦≫
炎王龍を討伐せよ！{j}テオ・テスカトル１体の討伐{j}なし{j}なし{j}メインターゲットの達成{j}報酬金ゼロ　タイムアップ
拠点の耐久値ゼロ{j}大老殿ギルド{j}古龍予報所より緊急警告です！
メゼポルタの領内に炎王龍
テオ・テスカトルが侵入しま
した！これよりメゼポルタは
古龍の迎撃態勢に入ります！
迎撃拠点に設置された迎撃設
備を活用し古龍を完全に討伐
して下さい！お願いします！",
371,"≪メゼポルタ防衛戦≫
謎の龍を討伐せよ！{j}シェンガオレン１匹の討伐{j}なし{j}なし{j}メインターゲットの達成{j}報酬金ゼロ　タイムアップ
拠点の耐久値ゼロ{j}大老殿ギルド{j}古龍予報所より、怪しげな龍
が街に接近しているとの知ら
せが入りました！迎撃拠点の
兵器を活用し、謎の巨大龍を
完全に討伐して下さい！
お願いします！",
372,"≪メゼポルタ防衛戦≫
浮岳龍を討伐せよ！{j}ヤマツカミ１体の討伐{j}なし{j}なし{j}メインターゲットの達成{j}報酬金ゼロ　タイムアップ
拠点の耐久値ゼロ{j}大老殿ギルド{j}古龍予報所より緊急警告です！
メゼポルタの領内に浮岳龍
ヤマツカミが侵入しました！
これよりメゼポルタは古龍の
迎撃態勢に入ります！
迎撃拠点に設置された迎撃設
備を活用し古龍を完全に討伐
して下さい！お願いします！",
373,"≪メゼポルタ防衛戦≫
風翔龍を討伐せよ！{j}クシャルダオラ１体の討伐{j}なし{j}なし{j}メインターゲットの達成{j}報酬金ゼロ　タイムアップ
拠点の耐久値ゼロ{j}大老殿ギルド{j}古龍予報所より緊急警告です！
メゼポルタの領内に風翔龍
クシャルダオラが侵入しまし
た！これよりメゼポルタは、
古龍の迎撃態勢に入ります！
迎撃拠点に設置された迎撃設
備を活用し古龍を完全に討伐
して下さい！お願いします！",
374,"≪メゼポルタ防衛戦≫
炎王龍を討伐せよ！{j}テオ・テスカトル１体の討伐{j}なし{j}なし{j}メインターゲットの達成{j}報酬金ゼロ　タイムアップ
拠点の耐久値ゼロ{j}大老殿ギルド{j}古龍予報所より緊急警告です！
メゼポルタの領内に炎王龍
テオ・テスカトルが侵入しま
した！これよりメゼポルタは
古龍の迎撃態勢に入ります！
迎撃拠点に設置された迎撃設
備を活用し古龍を完全に討伐
して下さい！お願いします！",
375,"≪メゼポルタ防衛戦≫
謎の龍を討伐せよ！{j}シェンガオレン１匹の討伐{j}なし{j}なし{j}メインターゲットの達成{j}報酬金ゼロ　タイムアップ
拠点の耐久値ゼロ{j}大老殿ギルド{j}古龍予報所より、怪しげな龍
が街に接近しているとの知ら
せが入りました！迎撃拠点の
兵器を活用し、謎の巨大龍を
完全に討伐して下さい！
お願いします！",
376,"≪メゼポルタ防衛戦≫
浮岳龍を討伐せよ！{j}ヤマツカミ１体の討伐{j}なし{j}なし{j}メインターゲットの達成{j}報酬金ゼロ　タイムアップ
拠点の耐久値ゼロ{j}大老殿ギルド{j}古龍予報所より緊急警告です！
メゼポルタの領内に浮岳龍
ヤマツカミが侵入しました！
これよりメゼポルタは古龍の
迎撃態勢に入ります！
迎撃拠点に設置された迎撃設
備を活用し古龍を完全に討伐
して下さい！お願いします！",
377,"≪メゼポルタ防衛戦≫
風翔龍を討伐せよ！【ＳＲ】{j}クシャルダオラ１体の討伐{j}なし{j}なし{j}メインターゲットの達成{j}報酬金ゼロ　タイムアップ
拠点の耐久値ゼロ{j}大老殿ギルド{j}古龍予報所より緊急警告です！
メゼポルタの領内に非常に
強力な風翔龍が侵入しまし
た！これよりメゼポルタは、
古龍の迎撃態勢に入ります！
迎撃拠点に設置された迎撃設
備を活用し古龍を討伐して
下さい！これは非常に危険な
依頼です。どうぞご無事で！",
378,"≪メゼポルタ防衛戦≫
風翔龍を討伐せよ！【ＳＲ】{j}クシャルダオラ１体の討伐{j}なし{j}なし{j}メインターゲットの達成{j}報酬金ゼロ　タイムアップ
拠点の耐久値ゼロ{j}大老殿ギルド{j}古龍予報所より緊急警告です！
メゼポルタの領内に非常に
強力な風翔龍が侵入しまし
た！これよりメゼポルタは、
古龍の迎撃態勢に入ります！
迎撃拠点に設置された迎撃設
備を活用し古龍を討伐して
下さい！これは非常に危険な
依頼です。どうぞご無事で！",
379,"≪メゼポルタ防衛戦≫
風翔龍を討伐せよ！{j}クシャルダオラ１体の討伐{j}なし{j}なし{j}メインターゲットの達成{j}報酬金ゼロ　タイムアップ
拠点の耐久値ゼロ{j}大老殿ギルド{j}古龍予報所より緊急警告です！
メゼポルタの領内に風翔龍
クシャルダオラが侵入しまし
た！これよりメゼポルタは、
古龍の迎撃態勢に入ります！
迎撃拠点に設置された迎撃設
備を活用し古龍を完全に討伐
して下さい！お願いします！",
380,"≪メゼポルタ防衛戦≫
浮岳龍を討伐せよ！{j}ヤマツカミ１体の討伐{j}なし{j}なし{j}メインターゲットの達成{j}報酬金ゼロ　タイムアップ
拠点の耐久値ゼロ{j}大老殿ギルド{j}古龍予報所より緊急警告です！
メゼポルタの領内に浮岳龍
ヤマツカミが侵入しました！
これよりメゼポルタは古龍の
迎撃態勢に入ります！
迎撃拠点に設置された迎撃設
備を活用し古龍を完全に討伐
して下さい！お願いします！",
381,"≪メゼポルタ防衛戦≫
浮岳龍を討伐せよ！{j}ヤマツカミ１体の討伐{j}なし{j}なし{j}メインターゲットの達成{j}報酬金ゼロ　タイムアップ
拠点の耐久値ゼロ{j}大老殿ギルド{j}古龍予報所より緊急警告です！
メゼポルタの領内に浮岳龍
ヤマツカミが侵入しました！
これよりメゼポルタは古龍の
迎撃態勢に入ります！
迎撃拠点に設置された迎撃設
備を活用し古龍を完全に討伐
して下さい！お願いします！",
382,"≪メゼポルタ防衛戦≫
浮岳龍を討伐せよ！{j}ヤマツカミ１体の討伐{j}なし{j}なし{j}メインターゲットの達成{j}報酬金ゼロ　タイムアップ
拠点の耐久値ゼロ{j}大老殿ギルド{j}古龍予報所より緊急警告です！
メゼポルタの領内に浮岳龍
ヤマツカミが侵入しました！
これよりメゼポルタは古龍の
迎撃態勢に入ります！
迎撃拠点に設置された迎撃設
備を活用し古龍を完全に討伐
して下さい！お願いします！",
383,"≪メゼポルタ防衛戦≫
浮岳龍を討伐せよ！{j}ヤマツカミ１体の討伐{j}なし{j}なし{j}メインターゲットの達成{j}報酬金ゼロ　タイムアップ
拠点の耐久値ゼロ{j}大老殿ギルド{j}古龍予報所より緊急警告です！
メゼポルタの領内に浮岳龍
ヤマツカミが侵入しました！
これよりメゼポルタは古龍の
迎撃態勢に入ります！
迎撃拠点に設置された迎撃設
備を活用し古龍を完全に討伐
して下さい！お願いします！",
384,"≪メゼポルタ防衛戦≫
浮岳龍を討伐せよ！{j}ヤマツカミ１体の討伐{j}なし{j}なし{j}メインターゲットの達成{j}報酬金ゼロ　タイムアップ
拠点の耐久値ゼロ{j}大老殿ギルド{j}古龍予報所より緊急警告です！
メゼポルタの領内に浮岳龍
ヤマツカミが侵入しました！
これよりメゼポルタは古龍の
迎撃態勢に入ります！
迎撃拠点に設置された迎撃設
備を活用し古龍を完全に討伐
して下さい！お願いします！",
385,"≪メゼポルタ防衛戦≫
浮岳龍を討伐せよ！{j}ヤマツカミ１体の討伐{j}なし{j}なし{j}メインターゲットの達成{j}報酬金ゼロ　タイムアップ
拠点の耐久値ゼロ{j}大老殿ギルド{j}古龍予報所より緊急警告です！
メゼポルタの領内に浮岳龍
ヤマツカミが侵入しました！
これよりメゼポルタは古龍の
迎撃態勢に入ります！
迎撃拠点に設置された迎撃設
備を活用し古龍を完全に討伐
して下さい！お願いします！",
386,"≪メゼポルタ防衛戦≫
浮岳龍を討伐せよ！{j}ヤマツカミ１体の討伐{j}なし{j}なし{j}メインターゲットの達成{j}報酬金ゼロ　タイムアップ
拠点の耐久値ゼロ{j}大老殿ギルド{j}古龍予報所より緊急警告です！
メゼポルタの領内に浮岳龍
ヤマツカミが侵入しました！
これよりメゼポルタは古龍の
迎撃態勢に入ります！
迎撃拠点に設置された迎撃設
備を活用し古龍を完全に討伐
して下さい！お願いします！",
387,"≪密林探索≫
密林の環境を熟知せよ！{j}特産キノコ８個の納品{j}ロイヤルカブト５匹の納品{j}生肉６個の納品{j}メインターゲット、もしくは
サブターゲットＡかＢの達成{j}報酬金ゼロ
タイムアップ{j}大衆酒場ギルド{j}密林地帯に生える特産キノコ
を８つ探して納めて下さい！
たまに密林を飛んでる昆虫、
≪ロイヤルカブト≫を納品し
て頂いても報酬は払います！
まずは密林を知り、密林に慣
れることから始めて下さい。",
388,"≪密林探索≫
青き狩人の生息地{j}ドスランポス１頭の狩猟{j}ランポス１２頭の討伐{j}特産キノコ８個の納品{j}メインターゲット、もしくは
サブターゲットＡかＢの達成{j}報酬金ゼロ
タイムアップ{j}大衆酒場ギルド{j}≪ドスランポス≫は体力を
消耗すると別エリアへ逃げて
体力を回復してしまいます！
狩人としての狩りの腕前を
計るには丁度よい相手ですが
この季節は、子分のランポス
も多いので注意して下さい！",
389,"≪密林探索≫
青き狩人の生息地{j}ドスランポス１頭の狩猟{j}肉食竜の卵４個の納品{j}ランポス１２頭の討伐{j}メインターゲット、もしくは
サブターゲットＡかＢの達成{j}報酬金ゼロ
タイムアップ{j}大衆酒場ギルド{j}密林をエサ場とする、青き
狩人≪ドスランポス≫１頭
を狩猟してください！
狩人としての狩りの腕前を
計るには丁度よい相手です！
この季節なら子分のランポス
も少ないので、好機ですよ！",
390,"≪密林探索≫
猪たちの長を狩猟せよ！{j}ドスファンゴ１頭の狩猟{j}ランゴスタ２０匹の討伐{j}ロイヤルカブト５匹の納品{j}メインターゲット、もしくは
サブターゲットＡかＢの達成{j}報酬金ゼロ
タイムアップ{j}大衆酒場ギルド{j}密林にはブルファンゴの長
である≪ドスファンゴ≫が
姿を現すことが多いです！
かなりタフな相手なので、
討伐ではなく≪シビレ罠≫
などを使い捕獲してしまう
のも有効な手段ですよ！",
391,"≪密林探索≫
猪たちの長を狩猟せよ！{j}ドスファンゴ１頭の狩猟{j}ランポス１２頭の討伐{j}黄金魚４匹の納品{j}メインターゲット、もしくは
サブターゲットＡかＢの達成{j}報酬金ゼロ
タイムアップ{j}大衆酒場ギルド{j}ブルファンゴの長である
≪ドスファンゴ≫はタフで
暴れ者なので要注意です！
特に今の寒冷期は、空腹で
気が立っているでしょう！
無理せず≪黄金魚≫を釣っ
て納めるのも手ですよ！？",
392,"≪密林探索≫
怪鳥のいななきを追って{j}イャンクック１頭の狩猟{j}竜のナミダ２個の納品{j}ランゴスタ２０匹の討伐{j}メインターゲット、もしくは
サブターゲットＡかＢの達成{j}報酬金ゼロ
タイムアップ{j}大衆酒場ギルド{j}この密林で鳥のような奇声が
聞こえたら、それは間違いな
く怪鳥≪イャンクック≫ね！
イャンクックが狩猟できれば
狩りの腕もなかなかのもので
す！耳元で音を鳴らせばナミ
ダをこぼすこともあるとか？",
393,"≪密林探索≫
青き怪鳥の目撃{j}イャンクック亜種１頭の狩猟{j}なし{j}なし{j}メインターゲットの達成{j}報酬金ゼロ
タイムアップ{j}大衆酒場ギルド{j}この密林で鳥のような奇声が
聞こえたら、それは間違いな
く怪鳥≪イャンクック≫ね！
イャンクックといえば普通は
ピンクの体色なんだけど、今
回は体色が青いって話です！
亜種に間違いないですね！",
394,"≪密林探索≫
怪鳥のいななきを追って{j}イャンクック１頭の狩猟{j}熟成キノコ４個の納品{j}ケルビの角１０個の納品{j}メインターゲット、もしくは
サブターゲットＡかＢの達成{j}報酬金ゼロ
タイムアップ{j}大衆酒場ギルド{j}≪イャンクック≫を狩猟する
ことができれば、狩りの腕は
なかなかのものですよ！
もし余裕があれば熟成キノコ
作りにも挑戦してください。
≪マカ漬けの壷≫に特産キノ
コを入れて埋める。簡単よ！",
395,"≪密林探索≫
水辺のダイミョウ{j}ダイミョウザザミ１匹の狩猟{j}ザザミソ８個の納品{j}ダイミョウザザミのヤド破壊{j}メインターゲット、もしくは
サブターゲットＡかＢの達成{j}報酬金ゼロ
タイムアップ{j}大衆酒場ギルド{j}この季節の水辺には、盾蟹
≪ダイミョウザザミ≫が姿を
現すことがあります！硬い殻
に守られた体にダメージを与
えるのは容易くないですよ！
ヤオザミから≪ザザミソ≫を
剥いで納めてもＯＫですよ！",
396,"≪密林探索≫
桃毛獣のなわばり{j}ババコンガ１頭の狩猟{j}コンガ３頭の討伐{j}厳選キノコ２個の納品{j}メインターゲット、もしくは
サブターゲットＡかＢの達成{j}報酬金ゼロ
タイムアップ{j}大衆酒場ギルド{j}桃毛獣≪ババコンガ≫は食い
意地の張った牙獣で、特にキ
ノコ系の食べ物には目がない
って話です！もちろん子分の
コンガもキノコが大好き！
特産キノコを多めに持ってれ
ば出てくるかも知れません。",
397,"≪密林探索≫
桃毛獣のなわばり{j}ババコンガ１頭の狩猟{j}なわばりのフン２個の納品{j}なし{j}メインターゲット、もしくは
サブターゲットＡの達成{j}報酬金ゼロ
タイムアップ{j}大衆酒場ギルド{j}≪ババコンガ≫の珍妙な行動
に騙されちゃダメですよ！
戦闘中に食事をしたと思えば
猛烈に怒ってみたり、フンを
してみたり…。
まぁ、フンは自分のなわばり
を主張するものですけどね。",
398,"≪密林探索≫
女王の棲まう土地{j}リオレイア１頭の狩猟{j}リオレイアの尻尾切断{j}ロイヤルカブト２０匹の納品{j}メインターゲット、もしくは
サブターゲットＡかＢの達成{j}報酬金ゼロ
タイムアップ{j}大衆酒場ギルド{j}≪リオレイア≫の別名は陸の
女王！その異名は決してウソ
じゃなく、何人もの狩人が
彼女の前に屈してるんです！
≪リオレイア≫を狩れたなら
それは狩人として独り立ちを
意味するでしょう！",
399,"≪密林探索≫
密林の桜火竜{j}リオレイア亜種１頭の狩猟{j}なし{j}なし{j}メインターゲットの達成{j}報酬金ゼロ
タイムアップ{j}大衆酒場ギルド{j}≪リオレイア≫には亜種が
いるらしいですよ！桜色に身
を包んだ女王は、原種よりも
気性の荒い困った女王様だっ
て！討伐するか捕獲するか、
相手の状態と自分の状況を
見極めることが大事ですよ！",
400,"≪密林探索≫
女王の棲まう土地{j}リオレイア１頭の狩猟{j}飛竜の卵４個の納品{j}肉食竜の卵２個の納品{j}メインターゲット、もしくは
サブターゲットＡかＢの達成{j}報酬金ゼロ
タイムアップ{j}大衆酒場ギルド{j}≪リオレイア≫を狩れたなら
それは狩人として独り立ちを
意味します。相手は陸の女王
って異名を持つほどです…。
ケタ違いの力差を感じたら、
巣から≪飛竜の卵≫を奪って
今回は勝ちとしましょう！",
401,"≪砂漠探索≫
砂漠に跳ねる狩人{j}ドスゲネポス１頭の狩猟{j}ゲネポス１２頭の討伐{j}百花サボテン４個の納品{j}メインターゲット、もしくは
サブターゲットＡかＢの達成{j}報酬金ゼロ
タイムアップ{j}大衆酒場ギルド{j}砂漠に群れるゲネポスの親玉
≪ドスゲネポス≫は、一回り
大きな体に鋭い爪が特徴です！
ドスゲネポスの狩猟が困難な
場合は、≪マカ漬けの壷≫に
≪サボテンの花≫を入れて、
≪百花サボテン≫の納品を！",
402,"≪砂漠探索≫
砂漠に跳ねる狩人{j}ドスゲネポス１頭の狩猟{j}草食竜の卵３個の納品{j}アプケロス８頭の討伐{j}メインターゲット、もしくは
サブターゲットＡかＢの達成{j}報酬金ゼロ
タイムアップ{j}大衆酒場ギルド{j}≪ドスゲネポス≫を狩猟して
くれる方を募集します！
ゆとりがありそうな場合は、
この季節に採れる≪草食竜の
卵≫を納品してください。
栄養満点で商人や美食家たち
に大人気の品物なんです！",
403,"≪砂漠探索≫
砂の中を泳ぐ竜{j}ドスガレオス１頭の狩猟{j}魚竜のキモ６個の納品{j}ガレオス８頭の討伐{j}メインターゲット、もしくは
サブターゲットＡかＢの達成{j}報酬金ゼロ
タイムアップ{j}大衆酒場ギルド{j}砂の中を自在に泳ぐガレオス
たちは、とにかく狩猟が大変
で、ボスの≪ドスガレオス≫
ときたら、それはもう根気と
の戦いといっても過言じゃ
ないです！大きな音や衝撃で
地上に出すのが大事ですよ！",
404,"≪砂漠探索≫
亡骸を継ぐ者{j}ダイミョウザザミ１匹の狩猟{j}ザザミソ８個の納品{j}ゲネポス１２頭の討伐{j}メインターゲット、もしくは
サブターゲットＡかＢの達成{j}報酬金ゼロ
タイムアップ{j}大衆酒場ギルド{j}≪ダイミョウザザミ≫は普段
は砂に潜ってることが多い
です。狩猟をするなら忘れな
いようにして下さい。
盾蟹と呼ばれるだけあって身
を固められたら面倒ですよ！",
405,"≪砂漠探索≫
水中に沈みし翡翠{j}ガノトトス亜種１頭の狩猟{j}なし{j}なし{j}メインターゲットの達成{j}報酬金ゼロ
タイムアップ{j}大衆酒場ギルド{j}この季節の砂漠ではときおり
ガノトトスの亜種が出没する
んです！なんでも翡翠のよう
に綺麗な体色をしてるんです
って！とはいってもガノトト
スを狩猟するのは簡単ではあ
りません。油断禁物ですよ！",
406,"≪砂漠探索≫
地底湖の水竜{j}ガノトトス１頭の狩猟{j}ガノトトスの一本釣り{j}黄金魚４匹の納品{j}メインターゲット、もしくは
サブターゲットＡかＢの達成{j}報酬金ゼロ
タイムアップ{j}大衆酒場ギルド{j}砂漠の水辺には太古の魚竜、
≪ガノトトス≫が獲物を狙い
潜んでいる可能性が高いです！
≪釣りカエル≫でガノトトス
を一本釣りする場合は、人の
気配が少ないことが重要です！
仲間がいる場合はエリアの外に
出てもらい、１対１で勝負を！",
407,"≪砂漠探索≫
砂漠に咲く桜{j}リオレイア亜種１頭の狩猟{j}なし{j}なし{j}メインターゲットの達成{j}報酬金ゼロ
タイムアップ{j}大衆酒場ギルド{j}砂漠地帯に桜色のあざやかな
体色を持つ≪リオレイア≫が
出たという報告が入りました！
希少性の高い珍しい亜種です！
我こそは狩猟に挑戦すると
いう狩人さんは、当ギルドの
カウンターまで来て下さい！",
408,"≪砂漠探索≫
強暴を極めし角竜{j}ディアブロス１頭の狩猟{j}ディアブロスの角２本を破壊{j}秘密のポーチ６個の納品{j}メインターゲット、もしくは
サブターゲットＡかＢの達成{j}報酬金ゼロ
タイムアップ{j}大衆酒場ギルド{j}≪ディアブロス≫は砂漠の
生態系において、他の生物と
は別格の強暴さを誇るモンス
ターです！突進にはねられた
ら再起不能のダメージを受け
てしまうでしょう。角だけで
も、折れば報酬を払います！",
409,"≪砂漠探索≫
漆黒の双角{j}ディアブロス亜種１頭の狩猟{j}なし{j}なし{j}メインターゲットの達成{j}報酬金ゼロ
タイムアップ{j}大衆酒場ギルド{j}黒ずんだ体色を持つひときわ
恐ろしい容姿のディアブロス
が目撃されました！亜種に間
違いないようですね。
果たして、この亜種の狩猟を
成功させられる狩人がこのギ
ルドに存在するのかしら…？",
410,"≪沼地探索≫
赤き毒たちの統率者{j}ドスイーオス１頭の狩猟{j}カンタロス２０匹の討伐{j}特産キノコ１５個の納品{j}メインターゲット、もしくは
サブターゲットＡかＢの達成{j}報酬金ゼロ
タイムアップ{j}大衆酒場ギルド{j}イーオスたちが活発に騒いで
いるってことは、親玉の≪ド
スイーオス≫がいる可能性が
高いです！あの毒液をまとも
に受けてしまうと、命を落と
しかねません！解毒系アイテ
ムを忘れないでくださいね！",
411,"≪沼地探索≫
赤き毒たちの統率者{j}ドスイーオス１頭の狩猟{j}熟成キノコ４個の納品{j}特産キノコ１５個の納品{j}メインターゲット、もしくは
サブターゲットＡかＢの達成{j}報酬金ゼロ
タイムアップ{j}大衆酒場ギルド{j}≪ドスイーオス≫はドスラン
ポスや、ドスゲネポスに比べ
一発の攻撃力が高いです！
身の危険を感じたら、沼地に
生える≪特産キノコ≫を納品
して下さい！≪マカ漬けの壷≫
で熟成にしてもＯＫです！",
412,"≪沼地探索≫
猪突猛進{j}ドスファンゴ１頭の狩猟{j}ブルファンゴ１０頭の討伐{j}ブルファンゴ５頭の討伐{j}メインターゲット、もしくは
サブターゲットＡかＢの達成{j}報酬金ゼロ
タイムアップ{j}大衆酒場ギルド{j}沼地はブルファンゴたちが棲
むのに最も適した環境です。
≪ドスファンゴ≫の狩猟に臨
む狩人さんは、できるだけ多
くのブルファンゴも討伐して
頂けますようお願いします！
勿論、報酬は支払います！",
413,"≪沼地探索≫
湿地を駆ける毒怪鳥{j}ゲリョス１頭の狩猟{j}灰水晶の原石３個の納品{j}カンタロス２０匹の討伐{j}メインターゲット、もしくは
サブターゲットＡかＢの達成{j}報酬金ゼロ
タイムアップ{j}大衆酒場ギルド{j}≪ゲリョス≫は別名、毒怪鳥
と呼ばれるモンスターです！
呼び名のとおり、毒液を吐き
散らして暴れまわる迷惑な怪
鳥です！自分の身の危機を感
じると死んだふりをするズル
賢い面もあるのでご注意を！",
414,"≪沼地探索≫
紫毒鳥の暴走{j}ゲリョス亜種１頭の狩猟{j}なし{j}なし{j}メインターゲットの達成{j}報酬金ゼロ
タイムアップ{j}大衆酒場ギルド{j}毒怪鳥≪ゲリョス≫の亜種が
沼地に現れました！体色が紫
色の不気味な容姿をしている
ようです！光り物を好み集め
る習性があるので、トサカを
破壊すれば、貴重な石が手に
入ることもあるみたいです！",
415,"≪沼地探索≫
湿地を駆ける毒怪鳥{j}ゲリョス１頭の狩猟{j}灰水晶の原石３個の納品{j}ゲリョスのトサカの破壊{j}メインターゲット、もしくは
サブターゲットＡかＢの達成{j}報酬金ゼロ
タイムアップ{j}大衆酒場ギルド{j}≪ゲリョス≫は別名、毒怪鳥
と呼ばれるモンスターです！
毒液を吐くだけじゃなく、
目を眩ませる強い閃光を放つ
こともあります。トサカを
破壊できれば閃光を防ぐこと
ができるみたいですよ！",
416,"≪沼地探索≫
沼地を舞う女王{j}リオレイア１頭の狩猟{j}竜のナミダ２個の納品{j}厳選キノコ２個の納品{j}メインターゲット、もしくは
サブターゲットＡかＢの達成{j}報酬金ゼロ
タイムアップ{j}大衆酒場ギルド{j}≪リオレイア≫を狩れたなら
それは狩人として独り立ちを
意味します。狩人たちの間で
有名な謳い文句ですが、女王
を泣かせることができたら、
もっと凄いことですよね？
水を大量に飲めば泣くとか？",
417,"≪沼地探索≫
湿地に潜む大鎌{j}ショウグンギザミ１匹の狩猟{j}ショウグンギザミのツメ破壊{j}黄金魚１０匹の納品{j}メインターゲット、もしくは
サブターゲットＡかＢの達成{j}報酬金ゼロ
タイムアップ{j}大衆酒場ギルド{j}≪ショウグンギザミ≫は鎌蟹
とも呼ばれる甲殻生物です！
盾蟹が守りなら鎌蟹は攻め！
力強く振り下ろされる鋭い爪
は大抵のものを切り裂いてし
まうみたい！狩猟が困難なら
ツメを破壊して戻って下さい！",
418,"≪沼地探索≫
湿地に潜む大鎌{j}ショウグンギザミ１匹の狩猟{j}灰水晶の原石３個の納品{j}秘密のポーチ６個の納品{j}メインターゲット、もしくは
サブターゲットＡかＢの達成{j}報酬金ゼロ
タイムアップ{j}大衆酒場ギルド{j}≪ショウグンギザミ≫は別名
鎌蟹と呼ばれるほど、鋭くて
強力な爪を持つ甲殻生物よ！
また、この季節は沼地で≪灰
水晶の原石≫も採掘できるわ。
運がよければ、報酬でライト
クリスタルが手に入るかもね！",
419,"≪沼地探索≫
食いしん坊な変獣{j}ババコンガ１頭の狩猟{j}コンガ６頭の討伐{j}コンガ３頭の討伐{j}メインターゲット、もしくは
サブターゲットＡかＢの達成{j}報酬金ゼロ
タイムアップ{j}大衆酒場ギルド{j}この季節の沼地にはコンガが
多く生息しているみたい！
親玉の≪ババコンガ≫とは群
れずに生活しているけれど、
逆をいえば群れる必要がない
ほど個々が強いという裏付け
でもあるわ。注意して下さい！",
420,"≪沼地探索≫
食いしん坊な変獣{j}ババコンガ１頭の狩猟{j}フルベビアイス６個の納品{j}ブルファンゴ５頭の討伐{j}メインターゲット、もしくは
サブターゲットＡかＢの達成{j}報酬金ゼロ
タイムアップ{j}大衆酒場ギルド{j}≪ババコンガ≫の投げるフン
に当たると回復系のアイテム
が使えなくなりますよ！
≪ババコンガ≫の狩猟が困難
な場合は地中にいる≪フルフ
ルベビー≫を山菜ジイさんと
交換して、交換後のアイテム
を納品してくださいね！",
421,"≪雪山探索≫
極寒の地での狩猟{j}ドスファンゴ１頭の狩猟{j}ポポ８頭の討伐{j}なし{j}メインターゲット、もしくは
サブターゲットＡの達成{j}報酬金ゼロ
タイムアップ{j}大衆酒場ギルド{j}雪山で狩猟に臨む場合は、
≪ホットドリンク≫を忘れず
に持って行ってくださいね！
≪ポポ≫の討伐で、ある程度
雪山の環境に慣れてから、
≪ドスファンゴ≫を狩猟した
方が確実かも知れませんね！",
422,"≪雪山探索≫
雪原を這う赤影{j}フルフル亜種１頭の狩猟{j}なし{j}なし{j}メインターゲットの達成{j}報酬金ゼロ
タイムアップ{j}大衆酒場ギルド{j}雪原を這う赤影が目撃された
ようです！≪フルフル≫の亜
種に間違いありません！今の
季節の雪山はブランゴたちが
エサを求めて群生してます！
フルフルとブランゴ、同時に
相手をしないようご注意を！",
423,"≪雪山探索≫
暗闇を這う白影{j}フルフル１頭の狩猟{j}フルベビアイス６個の納品{j}ガウシカの角６個の納品{j}メインターゲット、もしくは
サブターゲットＡかＢの達成{j}報酬金ゼロ
タイムアップ{j}大衆酒場ギルド{j}≪フルフル≫ってモンスター
は幼生期を地面の中で過ごす
ため、目よりも鼻が利くと言
われてます。親の狩猟が困難
な場合は地中にいる≪フルフ
ルベビー≫を山菜ジイさんと
交換して、交換後のアイテム
を納品してくださいね！",
424,"≪雪山探索≫
群れ成す牙獣の主{j}ドドブランゴ１頭の狩猟{j}ブランゴ１０頭の討伐{j}ブランゴ５頭の討伐{j}メインターゲット、もしくは
サブターゲットＡかＢの達成{j}報酬金ゼロ
タイムアップ{j}大衆酒場ギルド{j}この季節の雪山はブランゴ
一家の独壇場…、その数は尋
常じゃないです！ブランゴは
親玉の≪ドドブランゴ≫の
指示に従って、群れを成して
襲い掛かってくるハズです！
囲まれないようにご注意を！",
425,"≪雪山探索≫
群れ成す牙獣の主{j}ドドブランゴ１頭の狩猟{j}肉食竜の卵５個の納品{j}ギアノス１０頭の討伐{j}メインターゲット、もしくは
サブターゲットＡかＢの達成{j}報酬金ゼロ
タイムアップ{j}大衆酒場ギルド{j}≪ドドブランゴ≫は雪山を治
める主です！なわばりを侵す
者への攻撃は容赦なしです！
あっ、この季節は珍しい種の
ランポスが卵を育てに現れる
みたいです。≪肉食竜の卵≫
は触らない方がいいですよ！",
426,"≪火山探索≫
毒を統べる毒{j}ドスイーオス１頭の狩猟{j}イーオス１５頭の討伐{j}なし{j}メインターゲット、もしくは
サブターゲットＡの達成{j}報酬金ゼロ
タイムアップ{j}大衆酒場ギルド{j}火山地帯で≪ドスイーオス≫
を狩猟するのは、少し面倒か
も知れないです！体力を消耗
したドスイーオスは、狩人が
体力を消耗する、嫌な場所に
逃げ込む可能性があります！
逃さないのがコツですよ！",
427,"≪火山探索≫
岩地に潜む罠{j}バサルモス１頭の狩猟{j}燃石炭１２個の納品{j}ランゴスタ２０匹の討伐{j}メインターゲット、もしくは
サブターゲットＡかＢの達成{j}報酬金ゼロ
タイムアップ{j}大衆酒場ギルド{j}≪バサルモス≫の狩猟に臨む
なら岩場から探してみるとい
いですよ！岩に紛れて隠れて
るケースが多いですからね！
採掘をする予定があるなら
是非とも≪燃石炭≫を納品し
てく下さい！エネルギー源と
して重宝される品なんです！",
428,"≪火山探索≫
岩地に潜む罠{j}バサルモス１頭の狩猟{j}燃石炭１２個の納品{j}バサルモスの胸部破壊{j}メインターゲット、もしくは
サブターゲットＡかＢの達成{j}報酬金ゼロ
タイムアップ{j}大衆酒場ギルド{j}≪バサルモス≫は鉱石を食べ
て成長するためその外殻には
鉱石が含まれてることが多い
です。部位を破壊することで、
採掘しなくても鉱石が入手
できることもあるみたいです
よ！これは一石二鳥ですね！",
429,"≪火山探索≫
灼熱の覇者{j}グラビモス１頭の狩猟{j}火薬岩４個の納品{j}火薬岩２個の納品{j}メインターゲット、もしくは
サブターゲットＡかＢの達成{j}報酬金ゼロ
タイムアップ{j}大衆酒場ギルド{j}≪グラビモス≫は灼熱の覇者
とも呼ばれてて、燃石や鉱石
を食べて異常なまでの硬度に
発達した外殻には、相当に磨
かれた装備が必要ですよ！鎧
竜の目を盗んで≪火薬岩≫を
納めてくれてもいいですよ！",
430,"≪火山探索≫
黒鎧をまといし亜種{j}グラビモス亜種１頭の狩猟{j}なし{j}なし{j}メインターゲットの達成{j}報酬金ゼロ
タイムアップ{j}大衆酒場ギルド{j}火山の噴煙にまみれて≪グラ
ビモス≫の黒い亜種が出現し
たらしいです！その容姿は見
る者を震え上がらせるって！
でも、鎧竜って呼ばれるのは
体を守る鎧があるからよね？
鎧を壊せばどうなのかしら？",
431,"≪火山探索≫
天地を走る大鎌{j}ショウグンギザミ１匹の狩猟{j}ガブラス６頭の討伐{j}秘密のポーチ６個の納品{j}メインターゲット、もしくは
サブターゲットＡかＢの達成{j}報酬金ゼロ
タイムアップ{j}大衆酒場ギルド{j}鎌蟹≪ショウグンギザミ≫は
その奇妙な足関節を使って、
天井にまで登るらしいです！
狩猟が困難な場合、この季節
火口付近を飛び回る≪ガブラ
ス≫を討伐して、貴重な食材
を入手するのもお勧めです！",
432,"≪火山探索≫
天地を走る大鎌{j}ショウグンギザミ１匹の狩猟{j}ショウグンギザミのツメ破壊{j}ガミザミ８匹の討伐{j}メインターゲット、もしくは
サブターゲットＡかＢの達成{j}報酬金ゼロ
タイムアップ{j}大衆酒場ギルド{j}鎌蟹≪ショウグンギザミ≫は
その奇妙な足関節を使って、
天井にまで登るらしいです！
この季節の火山では、子供た
ち≪ガミザミ≫も数多く生息
してるハズです！それぞれの
鋭い爪には要注意ですよ！",
433,"≪密林探索≫
密林の環境を熟知せよ！{j}特産キノコ８個の納品{j}ロイヤルカブト５匹の納品{j}生肉６個の納品{j}メインターゲット、もしくは
サブターゲットＡかＢの達成{j}報酬金ゼロ
タイムアップ{j}大衆酒場ギルド{j}密林地帯に生える特産キノコ
を８つ探して納めて下さい！
この寒冷期になると≪ロイヤ
ルカブト≫は減りますが、
≪特産キノコ≫が豊富です！
まずは密林を知り、密林に慣
れることから始めましょう。",
434,"≪密林探索≫
密林の環境を熟知せよ！{j}特産キノコ８個の納品{j}ロイヤルカブト５匹の納品{j}生肉６個の納品{j}メインターゲット、もしくは
サブターゲットＡかＢの達成{j}報酬金ゼロ
タイムアップ{j}大衆酒場ギルド{j}密林地帯に生える特産キノコ
を８つ探して納めて下さい！
この繁殖期は草食タイプの
モンスターが多くなるので、
≪生肉≫の納品も簡単です！
まずは密林を知り、密林に慣
れることから始めましょう。",
435,"≪沼地探索≫
暗闇を這う白影{j}フルフル１頭の狩猟{j}フルベビアイス６個の納品{j}厳選キノコ２個の納品{j}メインターゲット、もしくは
サブターゲットＡかＢの達成{j}報酬金ゼロ
タイムアップ{j}大衆酒場ギルド{j}暗闇を這う白影が目撃され
たようです！白影の正体、
≪フルフル≫の狩猟に臨む
なら、地上ばかりを見てたら
ダメですよ！一切の音を消し
て天井から襲い掛かかるのが
大のお得意みたいですから！",
436,"≪密林探索≫
密林の環境に慣れよ！{j}特産キノコ６個の納品{j}ロイヤルカブト３匹の納品{j}生肉２個の納品{j}メインターゲット、もしくは
サブターゲットＡかＢの達成{j}報酬金ゼロ
タイムアップ{j}大衆酒場ギルド{j}密林地帯に生える特産キノコ
を６つ探して納めて下さい！
たまに密林を飛んでる昆虫、
≪ロイヤルカブト≫を納品し
て頂いても報酬は払います！
まずは密林を知り、密林に慣
れることから始めて下さい。",
437,"≪密林探索≫
密林の青き狩人{j}ランポス８頭の討伐{j}ランポス４頭の討伐{j}ランポス２頭の討伐{j}メインターゲット、もしくは
サブターゲットＡかＢの達成{j}報酬金ゼロ
タイムアップ{j}大衆酒場ギルド{j}密林をエサ場とする、
青き狩人≪ランポス≫８頭を
討伐してください！
狩人としての狩りの腕前を
計るには丁度よい相手ですよ！",
438,"≪密林探索≫
密林の暴れん坊！{j}ブルファンゴ８頭の討伐{j}ブルファンゴ４頭の討伐{j}ブルファンゴ２頭の討伐{j}メインターゲット、もしくは
サブターゲットＡかＢの達成{j}報酬金ゼロ
タイムアップ{j}大衆酒場ギルド{j}密林の暴れん坊、
ブルファンゴの討伐をお願
いします。
今のような寒冷期は、空腹
で気が立っているので、特
に気をつけて下さいね。",
439,"≪密林探索≫
密林の食いしん坊！{j}コンガ８頭の討伐{j}コンガ４頭の討伐{j}コンガ２頭の討伐{j}メインターゲット、もしくは
サブターゲットＡかＢの達成{j}報酬金ゼロ
タイムアップ{j}大衆酒場ギルド{j}≪コンガ≫のオナラに当たる
と回復系のアイテムが使えな
くなりますよ！臭くなったら
≪消臭玉≫で身体についた
匂いを消して下さいね！",
440,"≪密林探索≫
密林の食いしん坊！{j}コンガ８頭の討伐{j}コンガ４頭の討伐{j}コンガ２頭の討伐{j}メインターゲット、もしくは
サブターゲットＡかＢの達成{j}報酬金ゼロ
タイムアップ{j}大衆酒場ギルド{j}≪コンガ≫のオナラに当たる
と回復系のアイテムが使えな
くなりますよ！臭くなったら
≪消臭玉≫で身体についた
匂いを消して下さいね！",
441,"≪砂漠探索≫
砂漠の隠れん坊！{j}ヤオザミ８匹の討伐{j}ヤオザミ４匹の討伐{j}ヤオザミ２匹の討伐{j}メインターゲット、もしくは
サブターゲットＡかＢの達成{j}報酬金ゼロ
タイムアップ{j}大衆酒場ギルド{j}砂に潜っている≪ヤオザミ≫は
突然飛び出してきます。
走り回っていると危ないので
気をつけてくださいね！
大きな音にびっくりして気絶
するので≪音爆弾≫を忘れずに
もって行ってくださいね！",
442,"≪密林探索≫
密林の青き狩人{j}ランポス８頭の討伐{j}ランポス４頭の討伐{j}ランポス２頭の討伐{j}メインターゲット、もしくは
サブターゲットＡかＢの達成{j}報酬金ゼロ
タイムアップ{j}大衆酒場ギルド{j}密林をエサ場とする、
青き狩人≪ランポス≫８頭を
討伐してください！
狩人としての狩りの腕前を
計るには丁度よい相手ですよ！",
443,"≪密林探索≫
密林の暴れん坊！{j}ブルファンゴ８頭の討伐{j}ブルファンゴ４頭の討伐{j}ブルファンゴ２頭の討伐{j}メインターゲット、もしくは
サブターゲットＡかＢの達成{j}報酬金ゼロ
タイムアップ{j}大衆酒場ギルド{j}密林の暴れん坊、
ブルファンゴの討伐をお願
いします。
個体数が増えるこの時期、
毎年各地で被害が相次いで
ギルドも困っています。
ハンターの皆様、ご協力を！
",
444,"≪密林探索≫
密林の隠れん坊！{j}ヤオザミ８匹の討伐{j}ヤオザミ４匹の討伐{j}ヤオザミ２匹の討伐{j}メインターゲット、もしくは
サブターゲットＡかＢの達成{j}報酬金ゼロ
タイムアップ{j}大衆酒場ギルド{j}砂に潜っている≪ヤオザミ≫は
突然飛び出してきます。
走り回っていると危ないので
気をつけてくださいね！
大きな音にびっくりして気絶
するので≪音爆弾≫を忘れずに
もって行ってくださいね！",
445,"≪密林探索≫
密林の環境に慣れよ！{j}特産キノコ６個の納品{j}ロイヤルカブト３匹の納品{j}生肉２個の納品{j}メインターゲット、もしくは
サブターゲットＡかＢの達成{j}報酬金ゼロ
タイムアップ{j}大衆酒場ギルド{j}密林地帯に生える特産キノコ
を６つ探して納めて下さい！
たまに密林を飛んでる昆虫、
≪ロイヤルカブト≫を納品し
て頂いても報酬は払います！
まずは密林を知り、密林に慣
れることから始めて下さい。",
446,"≪密林探索≫
密林の環境に慣れよ！{j}特産キノコ６個の納品{j}ロイヤルカブト３匹の納品{j}生肉２個の納品{j}メインターゲット、もしくは
サブターゲットＡかＢの達成{j}報酬金ゼロ
タイムアップ{j}大衆酒場ギルド{j}密林地帯に生える特産キノコ
を６つ探して納めて下さい！
たまに密林を飛んでる昆虫、
≪ロイヤルカブト≫を納品し
て頂いても報酬は払います！
まずは密林を知り、密林に慣
れることから始めて下さい。",
447,"≪砂漠探索≫
砂の中を泳ぐ竜{j}ドスガレオス１頭の狩猟{j}魚竜のキモ６個の納品{j}ガレオス８頭の討伐{j}メインターゲット、もしくは
サブターゲットＡかＢの達成{j}報酬金ゼロ
タイムアップ{j}大衆酒場ギルド{j}砂の中を自在に泳ぐガレオス
たちは、とにかく狩猟が大変
で、ボスの≪ドスガレオス≫
ときたら、それはもう根気と
の戦いといっても過言じゃ
ないです！大きな音や衝撃で
地上に出すのが大事ですよ！",
448,"≪砂漠探索≫
砂漠に跳ねる狩人{j}ゲネポス８頭の討伐{j}ゲネポス４頭の討伐{j}ゲネポス２頭の討伐{j}メインターゲット、もしくは
サブターゲットＡかＢの達成{j}報酬金ゼロ
タイムアップ{j}大衆酒場ギルド{j}砂漠の狩人≪ゲネポス≫８頭
を討伐してくれる方を募集し
ます！狩人としての狩りの
腕前を計るには丁度よい相手
ですよ！",
449,"≪砂漠探索≫
砂漠に跳ねる狩人{j}ゲネポス８頭の討伐{j}ゲネポス４頭の討伐{j}ゲネポス２頭の討伐{j}メインターゲット、もしくは
サブターゲットＡかＢの達成{j}報酬金ゼロ
タイムアップ{j}大衆酒場ギルド{j}砂漠の狩人≪ゲネポス≫８頭
を討伐してくれる方を募集し
ます！狩人としての狩りの
腕前を計るには丁度よい相手
ですよ！",
450,"≪沼地探索≫
沼地の赤い狩人{j}イーオス８頭の討伐{j}イーオス４頭の討伐{j}イーオス２頭の討伐{j}メインターゲット、もしくは
サブターゲットＡかＢの達成{j}報酬金ゼロ
タイムアップ{j}大衆酒場ギルド{j}≪イーオス≫８頭を討伐してく
れる方を募集します！
≪イーオス≫はランポスや、
ゲネポスに比べ一発の攻撃力が
高いので注意して下さい！
",
451,"≪沼地探索≫
沼地の赤い狩人{j}イーオス８頭の討伐{j}イーオス４頭の討伐{j}イーオス２頭の討伐{j}メインターゲット、もしくは
サブターゲットＡかＢの達成{j}報酬金ゼロ
タイムアップ{j}大衆酒場ギルド{j}≪イーオス≫８頭を討伐してく
れる方を募集します！
≪イーオス≫はランポスや、
ゲネポスに比べ一発の攻撃力が
高いので注意して下さい！",
452,"≪密林探索≫
ハンターの基本、採掘！{j}鉄鉱石３個の納品{j}石ころ５個の納品{j}なし{j}メインターゲット、もしくは
サブターゲットＡの達成{j}報酬金ゼロ
タイムアップ{j}大衆酒場ギルド{j}鉱石系武器を作りたいハンタ
ーにとって採掘は基本中の基
本ですよ！
まずは、採掘できる場所を知
ることから始めましょう。
崖などにヒビ割れを見つけた
ら、≪ピッケル≫で掘ってみ
てください！",
453,"≪密林探索≫
ハンターの基本、虫採り！{j}ロイヤルカブト４匹の納品{j}にが虫３匹の納品{j}なし{j}メインターゲット、もしくは
サブターゲットＡの達成{j}報酬金ゼロ
タイムアップ{j}大衆酒場ギルド{j}狩り場に生息する虫たちは、
武器や防具の生産・強化、ア
イテムの調合など幅広い用途
で用いられています。
虫が飛びかっている場所を見
つけたら、≪虫あみ≫を使っ
て捕まえてみましょう！",
454,"≪密林探索≫
ハンターの基本、釣り！{j}サシミウオ４匹の納品{j}キレアジ２匹の納品{j}なし{j}メインターゲット、もしくは
サブターゲットＡの達成{j}報酬金ゼロ
タイムアップ{j}大衆酒場ギルド{j}狩り場に生息する魚は≪弾の
調合≫にとって欠かせない素
材です！いざという時に慌て
ず対応できるように、釣りの
感覚を体に覚えさせておきま
しょう！
ウキが深く沈んだ時が釣りあ
げるタイミングですよ！",
455,"≪密林探索≫
ハンターの基本、運搬！{j}肉食竜の卵２個の納品{j}肉食竜の卵１個の納品{j}なし{j}メインターゲット、もしくは
サブターゲットＡの達成{j}報酬金ゼロ
タイムアップ{j}大衆酒場ギルド{j}繁殖期はモンスターの卵が入
手できる貴重な季節です。
今回は比較的簡単に運搬でき
る≪肉食竜の卵≫を納品して
ください。運搬中はモンスタ
ーからの攻撃はもちろん、ス
タミナの減りにも注意してく
ださいね！",
456,"≪砂漠探索≫
ハンターの基本、採掘！{j}鉄鉱石３個の納品{j}石ころ５個の納品{j}なし{j}メインターゲット、もしくは
サブターゲットＡの達成{j}報酬金ゼロ
タイムアップ{j}大衆酒場ギルド{j}鉱石系武器を作りたいハンタ
ーにとって採掘は基本中の基
本ですよ！
まずは、採掘できる場所を知
ることから始めましょう。
崖などにヒビ割れを見つけた
ら、≪ピッケル≫で掘ってみ
てください！",
457,"≪砂漠探索≫
ハンターの基本、釣り！{j}大食いマグロ４匹の納品{j}サシミウオ２匹の納品{j}なし{j}メインターゲット、もしくは
サブターゲットＡの達成{j}報酬金ゼロ
タイムアップ{j}大衆酒場ギルド{j}狩り場に生息する魚は≪弾の
調合≫にとって欠かせない素
材です！いざという時に慌て
ず対応できるように、釣りの
感覚を体に覚えさせておきま
しょう！
ウキが深く沈んだ時が釣りあ
げるタイミングですよ！",
458,"≪密林探索≫
使いこなせ！閃光玉！{j}ドスランポス１頭の狩猟{j}なし{j}なし{j}メインターゲットの達成{j}報酬金ゼロ
タイムアップ{j}大衆酒場ギルド{j}≪閃光玉≫をモンスターの目
前に投げると強力な光で目を
くらませることができるんで
すよ。
これを使いこなせば、怖いも
のナシですね！
支給品ボックスに入ってます
から遠慮なく使って下さい！",
459,"≪密林探索≫
使いこなせ！閃光玉！{j}ドスランポス１頭の狩猟{j}なし{j}なし{j}メインターゲットの達成{j}報酬金ゼロ
タイムアップ{j}大衆酒場ギルド{j}≪閃光玉≫をモンスターの目
前に投げると強力な光で目を
くらませることができるんで
すよ。
これを使いこなせば、怖いも
のナシですね！
支給品ボックスに入ってます
から遠慮なく使って下さい！",
460,"≪砂漠探索≫
使いこなせ！閃光玉！{j}ドスゲネポス１頭の狩猟{j}なし{j}なし{j}メインターゲットの達成{j}報酬金ゼロ
タイムアップ{j}大衆酒場ギルド{j}≪閃光玉≫をモンスターの目
前に投げると強力な光で目を
くらませることができるんで
すよ。
これを使いこなせば、怖いも
のナシですね！
支給品ボックスに入ってます
から遠慮なく使って下さい！",
461,"≪密林探索≫
使いこなせ！シビレ罠！{j}ドスファンゴ１頭の狩猟{j}なし{j}なし{j}メインターゲットの達成{j}報酬金ゼロ
タイムアップ{j}大衆酒場ギルド{j}≪シビレ罠≫や≪落とし穴≫
をモンスターの足元に設置す
れば動きを封じることができ
るんです！
それに、モンスターが弱った
ところを捕らえて≪捕獲用麻
酔玉≫で眠らせれば捕獲する
こともできちゃうスグレモノ
なんですよ！",
462,"≪砂漠探索≫
使いこなせ！シビレ罠！{j}ドスゲネポス１頭の狩猟{j}なし{j}なし{j}メインターゲットの達成{j}報酬金ゼロ
タイムアップ{j}大衆酒場ギルド{j}≪シビレ罠≫や≪落とし穴≫
をモンスターの足元に設置す
れば動きを封じることができ
るんです！
それに、モンスターが弱った
ところを捕らえて≪捕獲用麻
酔玉≫で眠らせれば捕獲する
こともできちゃうスグレモノ
なんですよ！",
463,"≪密林探索≫
使いこなせ！シビレ罠！{j}ドスランポス１頭の狩猟{j}なし{j}なし{j}メインターゲットの達成{j}報酬金ゼロ
タイムアップ{j}大衆酒場ギルド{j}≪シビレ罠≫や≪落とし穴≫
をモンスターの足元に設置す
れば動きを封じることができ
るんです！
それに、モンスターが弱った
ところを捕らえて≪捕獲用麻
酔玉≫で眠らせれば捕獲する
こともできちゃうスグレモノ
なんですよ！",
464,"≪密林探索≫
青き狩人の生息地{j}ドスランポス１頭の狩猟{j}ランポス１２頭の討伐{j}特産キノコ８個の納品{j}メインターゲット、もしくは
サブターゲットＡかＢの達成{j}報酬金ゼロ
タイムアップ{j}大老殿ギルド{j}≪ドスランポス≫は体力を
消耗すると別エリアへ逃げて
体力を回復してしまうわ。
狩人としての狩りの腕前を
計るには丁度いい相手だけど
この季節は、子分のランポス
も多いから注意してね。",
465,"≪密林探索≫
青き２つの影{j}ドスランポス２頭の狩猟{j}肉食竜の卵４個の納品{j}ランポス１２頭の討伐{j}メインターゲット、もしくは
サブターゲットＡかＢの達成{j}報酬金ゼロ
タイムアップ{j}大老殿ギルド{j}密林をエサ場とする、青き
狩人≪ドスランポス≫２頭
の狩猟をお願いするわ。
この大老殿から狩りを再開
するには丁度いい相手ね。
この季節なら子分のランポス
も少ないから…、好機ね。",
466,"≪密林探索≫
猪たちの長を狩猟せよ！{j}ドスファンゴ１頭の狩猟{j}ランゴスタ２０匹の討伐{j}ロイヤルカブト５匹の納品{j}メインターゲット、もしくは
サブターゲットＡかＢの達成{j}報酬金ゼロ
タイムアップ{j}大老殿ギルド{j}密林にはブルファンゴの長
である≪ドスファンゴ≫が
姿を現すことが多いわよ。
かなりタフな相手だから、
討伐ではなく≪シビレ罠≫
などを使って捕獲してしま
うのも有効な手段よ？",
467,"≪密林探索≫
猪たちの長を狩猟せよ！{j}ドスファンゴ１頭の狩猟{j}ランポス１２頭の討伐{j}黄金魚４匹の納品{j}メインターゲット、もしくは
サブターゲットＡかＢの達成{j}報酬金ゼロ
タイムアップ{j}大老殿ギルド{j}ブルファンゴの長である
≪ドスファンゴ≫はタフで
暴れ者。油断したらダメ。
特に今の寒冷期は、空腹で
気が立ってると思うわ。
無理せず≪黄金魚≫を釣っ
て収めてもいいのよ？",
468,"≪密林探索≫
怪鳥のいななきを追って{j}イャンクック１頭の狩猟{j}竜のナミダ２個の納品{j}ランゴスタ２０匹の討伐{j}メインターゲット、もしくは
サブターゲットＡかＢの達成{j}報酬金ゼロ
タイムアップ{j}大老殿ギルド{j}この密林で鳥のような奇声が
聞こえたら、それは間違いな
く怪鳥≪イャンクック≫ね。
イャンクックを狩猟すること
ができれば、大老殿でもそこ
そこやれる証拠ね。耳元で音
を鳴らせばナミダをこぼすこ
ともあるかも知れないわね。",
469,"≪密林探索≫
青き怪鳥の目撃{j}イャンクック亜種１頭の狩猟{j}なし{j}なし{j}メインターゲットの達成{j}報酬金ゼロ
タイムアップ{j}大老殿ギルド{j}この密林で鳥のような奇声が
聞こえたら、それは間違いな
く怪鳥≪イャンクック≫ね。
イャンクックといえばピンク
の体色が象徴だけれど、今回
は青い体と報告されてるわ？
亜種に間違いないようね。",
470,"≪密林探索≫
怪鳥のいななきを追って{j}イャンクック１頭の狩猟{j}熟成キノコ４個の納品{j}ケルビの角１０個の納品{j}メインターゲット、もしくは
サブターゲットＡかＢの達成{j}報酬金ゼロ
タイムアップ{j}大老殿ギルド{j}≪イャンクック≫を狩猟する
ことができれば、大老殿でも
そこそこやれる証拠ね。
もし余裕があれば熟成キノコ
作りにも挑戦してみてね。
≪マカ漬けの壷≫に特産キノ
コを入れて埋める。簡単よ？",
471,"≪密林探索≫
水辺のダイミョウ{j}ダイミョウザザミ１匹の狩猟{j}ザザミソ８個の納品{j}ダイミョウザザミのヤド破壊{j}メインターゲット、もしくは
サブターゲットＡかＢの達成{j}報酬金ゼロ
タイムアップ{j}大老殿ギルド{j}この季節の水辺には、盾蟹
≪ダイミョウザザミ≫が姿を
現すことがあるわ。硬い殻に
守られた体にダメージを与え
ることは容易くないわ。
ヤオザミから≪ザザミソ≫を
剥いで収めてもいいわよ？",
472,"≪密林探索≫
毒の嵐{j}ゲリョス亜種１頭の狩猟{j}ゲリョス１頭の狩猟{j}なし{j}メインターゲット、もしくは
サブターゲットＡの達成{j}報酬金ゼロ
タイムアップ{j}大老殿ギルド{j}困ったわ…、毒怪鳥が２頭も
密林に現れたらしいの。
黒い体をした原種と紫色の体
をした亜種…、さすがの狩人
たちも２頭を相手にするのは
骨が折れるみたいで受け手が
決まらないわ。あなたどう？",
473,"≪密林探索≫
桃毛獣のなわばり{j}ババコンガ１頭の狩猟{j}コンガ３頭の討伐{j}厳選キノコ２個の納品{j}メインターゲット、もしくは
サブターゲットＡかＢの達成{j}報酬金ゼロ
タイムアップ{j}大老殿ギルド{j}桃毛獣≪ババコンガ≫は食い
意地が張った獣で、特にキノ
コ系の食べ物には目がないみ
たいね。同じく子分のコンガ
たちもキノコには目がないみ
たい。特産キノコを多めに所
持していれば会えるかもね？",
474,"≪密林探索≫
桃毛獣のなわばり{j}ババコンガ１頭の狩猟{j}なわばりのフン２個の納品{j}なし{j}メインターゲット、もしくは
サブターゲットＡの達成{j}報酬金ゼロ
タイムアップ{j}大老殿ギルド{j}≪ババコンガ≫の珍妙な行動
に騙されちゃダメよ？
戦闘中に食事をしたと思えば
猛烈に怒ってみたり、フンを
してみたり…。まぁフンは自
分のなわばりを主張するもの
だから已む無しかもね…。",
475,"≪密林探索≫
大漁{j}ガノトトス亜種１頭の狩猟{j}ガノトトス１頭の狩猟{j}なし{j}メインターゲット、もしくは
サブターゲットＡの達成{j}報酬金ゼロ
タイムアップ{j}大老殿ギルド{j}密林の水底に、２頭の魚竜が
潜んでるって噂が大老殿に
入ってきたわ。本当かどうか
まだ判らないけれど、話によ
ると１頭は翡翠のように綺麗
な色を持つ亜種だって。誰か
確かめに行かないかしら…？",
476,"≪密林探索≫
女王の棲まう土地{j}リオレイア１頭の狩猟{j}リオレイアの尻尾切断{j}ロイヤルカブト２０匹の納品{j}メインターゲット、もしくは
サブターゲットＡかＢの達成{j}報酬金ゼロ
タイムアップ{j}大老殿ギルド{j}≪リオレイア≫の別名は陸の
女王。その異名は決してウソ
じゃなく、何人もの狩人が
彼女の前に屈しているわ…。
≪リオレイア≫を狩れたら、
この大老殿でも充分に狩猟が
果たせる狩人だってことね。",
477,"≪密林探索≫
百花繚乱{j}リオレイア亜種１頭の狩猟{j}リオレイア１頭の狩猟{j}なし{j}メインターゲット、もしくは
サブターゲットＡの達成{j}報酬金ゼロ
タイムアップ{j}大老殿ギルド{j}「百花繚乱」なんて聞いたら
何を思い浮かべるかしら？
この大老殿でのそれは、残念
ながら密林に舞い降りた２頭
の女王を意味するわ。澄んだ
緑をまとう竜と、紅き桜をま
とう竜。誰が挑むのかしら？",
478,"≪密林探索≫
女王の棲まう土地{j}リオレイア１頭の狩猟{j}飛竜の卵４個の納品{j}肉食竜の卵２個の納品{j}メインターゲット、もしくは
サブターゲットＡかＢの達成{j}報酬金ゼロ
タイムアップ{j}大老殿ギルド{j}陸の女王≪リオレイア≫を狩
れたなら、この大老殿でも充
分に狩猟が果たせる狩人だっ
てことね。ケタ違いの力差を
感じた場合は、巣穴から≪飛
竜の卵≫を頂戴してくるだけ
でも勇気の証明にはなるわよ。",
479,"≪砂漠探索≫
砂漠に跳ねる狩人{j}ドスゲネポス２頭の狩猟{j}ゲネポス１２頭の討伐{j}百花サボテン４個の納品{j}メインターゲット、もしくは
サブターゲットＡかＢの達成{j}報酬金ゼロ
タイムアップ{j}大老殿ギルド{j}砂漠に群れるゲネポスの親玉
≪ドスゲネポス≫は、一回り
大きな体に鋭い爪が目印よ。
ドスゲネポスの狩猟が困難に
感じるなら≪マカ漬けの壷≫
に≪サボテンの花≫を入れて
≪百花サボテン≫の納品を。",
480,"≪砂漠探索≫
砂漠に跳ねる狩人{j}ドスゲネポス１頭の狩猟{j}草食竜の卵３個の納品{j}アプケロス８頭の討伐{j}メインターゲット、もしくは
サブターゲットＡかＢの達成{j}報酬金ゼロ
タイムアップ{j}大老殿ギルド{j}≪ドスゲネポス≫を狩猟する
狩人を募集するわ。
もし、ゆとりがあったなら、
この季節に採れる≪草食竜の
卵≫も納品して欲しいの。
商人やセレブな人たちに人気
がある品物なのよ♪",
481,"≪砂漠探索≫
砂の中を泳ぐ竜{j}ドスガレオス１頭の狩猟{j}魚竜のキモ６個の納品{j}ガレオス８頭の討伐{j}メインターゲット、もしくは
サブターゲットＡかＢの達成{j}報酬金ゼロ
タイムアップ{j}大老殿ギルド{j}砂の中を自在に泳ぐガレオス
たちは、とにかく狩猟が大変
で、ボスの≪ドスガレオス≫
ときたら、それはもう根気と
の戦いといっても過言じゃ
ないわ…。大きな音や衝撃で
地上に出すのがコツね。",
482,"≪砂漠探索≫
砂塵の砦{j}ダイミョウザザミ２匹の狩猟{j}なし{j}なし{j}メインターゲットの達成{j}報酬金ゼロ
タイムアップ{j}大老殿ギルド{j}≪ダイミョウザザミ≫は
普段砂に潜ってることが多い
わね。狩猟をするなら、忘れ
ないようにするといいわ。
盾蟹と呼ばれるだけあって身
を固められたら面倒よ。",
483,"≪砂漠探索≫
水中に沈みし翡翠{j}ガノトトス亜種１頭の狩猟{j}なし{j}なし{j}メインターゲットの達成{j}報酬金ゼロ
タイムアップ{j}大老殿ギルド{j}この季節の砂漠ではときおり
ガノトトスの亜種が出没する
わ。翡翠のように綺麗な体色
をしている強暴な魚竜よ。
ガノトトスを狩猟するのは容
易じゃないわ。大きな音で水
中から引き出すのがコツね。",
484,"≪砂漠探索≫
地底湖の水竜{j}ガノトトス１頭の狩猟{j}ガノトトスの一本釣り{j}黄金魚４匹の納品{j}メインターゲット、もしくは
サブターゲットＡかＢの達成{j}報酬金ゼロ
タイムアップ{j}大老殿ギルド{j}砂漠の水辺には太古の魚竜、
≪ガノトトス≫が獲物を狙い
潜んでいる可能性が高いわ。
≪釣りカエル≫でガノトトス
を一本釣りする場合は、人の
気配が少ないことが重要なの。
仲間がいる場合はエリアの外に
出てもらい、１対１で勝負を。",
485,"≪砂漠探索≫
砂漠に咲く桜{j}リオレイア亜種１頭の狩猟{j}なし{j}なし{j}メインターゲットの達成{j}報酬金ゼロ
タイムアップ{j}大老殿ギルド{j}砂漠地帯に桜色のあざやかな
体色を持つ≪リオレイア≫が
出たみたいね。希少性の高い
珍しい亜種だわ。砂漠に咲き
乱れる桜を狩る勇気を持つ方
は、クエストカウンターまで
お越し下さいませ。",
486,"≪砂漠探索≫
強暴を極めし角竜{j}ディアブロス１頭の狩猟{j}ディアブロスの角２本を破壊{j}秘密のポーチ６個の納品{j}メインターゲット、もしくは
サブターゲットＡかＢの達成{j}報酬金ゼロ
タイムアップ{j}大老殿ギルド{j}≪ディアブロス≫は砂漠の
生態系において、他の生物
とは別格の強さを誇る強暴な
モンスターよ。あの突進に
はねられたら再起不能のダメ
ージを受けてしまう。角を折
れれば勝機はありそうね。",
487,"≪砂漠探索≫
４本の角{j}ディアブロス亜種１頭の狩猟{j}ディアブロス１頭の狩猟{j}なし{j}メインターゲット、もしくは
サブターゲットＡの達成{j}報酬金ゼロ
タイムアップ{j}大老殿ギルド{j}黒ずんだ体色を持つひときわ
恐ろしい容姿のディアブロス
が目撃されたわ。それと残念
なことに、もう一頭、同じ竜
が砂漠で目撃された…。猛者
が集まる大老殿といえど４本
の角に挑む人がいるかしら？",
488,"≪沼地探索≫
赤き毒たちの統率者{j}ドスイーオス１頭の狩猟{j}カンタロス１５匹の討伐{j}特産キノコ１５個の納品{j}メインターゲット、もしくは
サブターゲットＡかＢの達成{j}報酬金ゼロ
タイムアップ{j}大老殿ギルド{j}イーオスたちが活発に騒いで
いるってことは、親玉の≪ド
スイーオス≫がいる可能性が
高いわ。あの毒液をまともに
受けてしまうと、命を落とし
かねない。解毒系アイテムを
忘れずに持っていくことね。",
489,"≪沼地探索≫
赤き毒たちの統率者{j}ドスイーオス１頭の狩猟{j}熟成キノコ４個の納品{j}特産キノコ１５個の納品{j}メインターゲット、もしくは
サブターゲットＡかＢの達成{j}報酬金ゼロ
タイムアップ{j}大老殿ギルド{j}≪ドスイーオス≫はドスラン
ポスや、ドスゲネポスに比べ
一発の攻撃力が高いわ。
身の危険を感じたら、沼地に
生える≪特産キノコ≫を納品
するのよ。≪マカ漬けの壷≫
で熟成にしてもいいわよ？",
490,"≪沼地探索≫
猪突猛進{j}ドスファンゴ１頭の狩猟{j}ブルファンゴ１０頭の討伐{j}ブルファンゴ５頭の討伐{j}メインターゲット、もしくは
サブターゲットＡかＢの達成{j}報酬金ゼロ
タイムアップ{j}大老殿ギルド{j}沼地はブルファンゴたちが棲
むのに最も適した環境よ。
≪ドスファンゴ≫の狩猟に臨
むのなら、できるだけ多くの
ブルファンゴも討伐してみて
ちょうだいね。もちろん、
支給品も報酬も支払うわよ。",
491,"≪沼地探索≫
怪鳥の双激{j}イャンクック亜種１頭の狩猟{j}イャンクック１頭の狩猟{j}なし{j}メインターゲット、もしくは
サブターゲットＡの達成{j}報酬金ゼロ
タイムアップ{j}大老殿ギルド{j}湿地帯に怪鳥のいななきが
こだましてると噂があるわ。
噂の元は怪鳥イャンクックに
間違いないと思うけど、数が
一頭とは限らないわね…。
厄介なクエストになりそうだ
けど、希望者はいるかしら？",
492,"≪沼地探索≫
湿地を駆ける毒怪鳥{j}ゲリョス１頭の狩猟{j}白水晶の原石３個の納品{j}カンタロス１５匹の討伐{j}メインターゲット、もしくは
サブターゲットＡかＢの達成{j}報酬金ゼロ
タイムアップ{j}大老殿ギルド{j}≪ゲリョス≫は別名、毒怪鳥
と呼ばれるモンスターだわ。
呼び名のとおり、毒液を吐き
散らして暴れまわる迷惑な怪
鳥なの。自分の身に危機を感
じると死に真似をするズル賢
い面もあるわ。注意してね。",
493,"≪沼地探索≫
紫毒鳥の暴走{j}ゲリョス亜種１頭の狩猟{j}なし{j}なし{j}メインターゲットの達成{j}報酬金ゼロ
タイムアップ{j}大老殿ギルド{j}毒怪鳥≪ゲリョス≫の亜種が
沼地に現れたわ。体色が紫色
の不気味な容姿をしているみ
たいね。光り物を好み集める
習性があるから、トサカを
破壊すれば、貴重な石が手に
入るかも知れないわよ？",
494,"≪沼地探索≫
湿地を駆ける毒怪鳥{j}ゲリョス１頭の狩猟{j}白水晶の原石３個の納品{j}ゲリョスのトサカの破壊{j}メインターゲット、もしくは
サブターゲットＡかＢの達成{j}報酬金ゼロ
タイムアップ{j}大老殿ギルド{j}≪ゲリョス≫は別名、毒怪鳥
と呼ばれるモンスターだわ。
毒液を吐くだけじゃなく、
目を眩ませる強い閃光を放つ
こともあるわ…。トサカを
破壊できれば閃光を防ぐこと
ができるかも知れないわね？",
495,"≪沼地探索≫
赤と白{j}フルフル亜種１頭の狩猟{j}フルフル１頭の狩猟{j}なし{j}メインターゲット、もしくは
サブターゲットＡの達成{j}報酬金ゼロ
タイムアップ{j}大老殿ギルド{j}暗闇に這う２つの影が目撃
されたようね。白影の正体は
≪フルフル≫。赤影の正体は
その亜種のようね。この雷撃
の２重奏を狩猟に臨む気概の
ある狩人は、クエストカウン
ターまでお越し下さい。",
496,"≪沼地探索≫
沼地を舞う女王{j}リオレイア１頭の狩猟{j}竜のナミダ２個の納品{j}厳選キノコ２個の納品{j}メインターゲット、もしくは
サブターゲットＡかＢの達成{j}報酬金ゼロ
タイムアップ{j}大老殿ギルド{j}≪リオレイア≫を狩れたら、
それは大老殿でも充分に狩猟
が果たせる狩人を意味する。
狩人たちの間でも有名な謳い
言葉よね？でも、もしも女王
を泣かせることができたら、
それはもっと凄いことね。水
を大量に飲めば泣くかしら？",
497,"≪沼地探索≫
湿地に潜む大鎌{j}ショウグンギザミ１匹の狩猟{j}ショウグンギザミのツメ破壊{j}黄金魚１０匹の納品{j}メインターゲット、もしくは
サブターゲットＡかＢの達成{j}報酬金ゼロ
タイムアップ{j}大老殿ギルド{j}≪ショウグンギザミ≫は鎌蟹
とも呼ばれてる甲殻生物よ。
盾蟹が守りなら鎌蟹は攻め。
力強く振り下ろされる鋭い爪
は大抵のものを切り裂いてし
まうほどよ。狩猟がダメなら
ツメを破壊して戻りなさい。",
498,"≪沼地探索≫
湿地に潜む大鎌{j}ショウグンギザミ１匹の狩猟{j}白水晶の原石３個の納品{j}秘密のポーチ６個の納品{j}メインターゲット、もしくは
サブターゲットＡかＢの達成{j}報酬金ゼロ
タイムアップ{j}大老殿ギルド{j}≪ショウグンギザミ≫は鎌蟹
とも呼ばれてる甲殻生物よ。
鋭く強力な爪には要注意ね。
この季節の沼地では≪白水晶
の原石≫も採掘できるわ。運
がよければ報酬でノヴァクリ
スタルが渡せるかもね…。",
499,"≪沼地探索≫
食いしん坊な変獣{j}ババコンガ１頭の狩猟{j}コンガ６頭の討伐{j}コンガ３頭の討伐{j}メインターゲット、もしくは
サブターゲットＡかＢの達成{j}報酬金ゼロ
タイムアップ{j}大老殿ギルド{j}この季節の沼地にはコンガが
多く生息しているわ。コンガ
たちは親玉の≪ババコンガ≫
とは群れずに生活をする…。
逆をいえば群れる必要がない
ほど個々が強いという裏付け
にも取れるわ。注意してね。",
500,"≪沼地探索≫
食いしん坊な変獣{j}ババコンガ１頭の狩猟{j}フルベビアイス６個の納品{j}ブルファンゴ５頭の討伐{j}メインターゲット、もしくは
サブターゲットＡかＢの達成{j}報酬金ゼロ
タイムアップ{j}大老殿ギルド{j}≪ババコンガ≫の投げるフン
に当たってしまうと回復系の
アイテムが使えなくなるわ。
≪ババコンガ≫の狩猟が苦し
い場合は地中にいる≪フルフ
ルベビー≫を山菜ジイさんと
交換して、交換後のアイテム
を収めてくれてもいいわよ。",
501,"≪沼地探索≫
脅威の双璧{j}グラビモス亜種１頭の狩猟{j}グラビモス１頭の狩猟{j}なし{j}メインターゲット、もしくは
サブターゲットＡの達成{j}報酬金ゼロ
タイムアップ{j}大老殿ギルド{j}灼熱の覇王が２頭…、沼地に
出没したらしいわ。沼地の鉱
石を目当てに辿り着いてしま
ったようね…。この最高難度
のクエストに臨める狩人が、
果たしてこの大老殿にいるの
かしら…。",
502,"≪雪山探索≫
極寒の地での狩猟{j}ドスファンゴ１頭の狩猟{j}ポポ８頭の討伐{j}なし{j}メインターゲット、もしくは
サブターゲットＡの達成{j}報酬金ゼロ
タイムアップ{j}大老殿ギルド{j}雪山で狩猟に臨む場合は、
≪ホットドリンク≫を忘れず
に持ってくといいわよ。
≪ポポ≫の討伐で、ある程度
雪山の環境に慣れてから、
≪ドスファンゴ≫を狩猟した
方が確実かも知れないわね。",
503,"≪雪山探索≫
雪原を這う赤影{j}フルフル亜種１頭の狩猟{j}なし{j}なし{j}メインターゲットの達成{j}報酬金ゼロ
タイムアップ{j}大老殿ギルド{j}雪原を這う赤影が目撃された
ようね。≪フルフル≫の亜種
に間違いないようだわ。今の
季節の雪山はブランゴたちが
エサを求めて群生している。
フルフルとブランゴを同時に
相手しないようにね。",
504,"≪雪山探索≫
暗闇を這う白影{j}フルフル１頭の狩猟{j}フルベビアイス６個の納品{j}ガウシカの角６個の納品{j}メインターゲット、もしくは
サブターゲットＡかＢの達成{j}報酬金ゼロ
タイムアップ{j}大老殿ギルド{j}≪フルフル≫は幼生期を地面
の中で過ごすらしいわね…。
だから目よりも鼻が利くよう
になるみたい。親の狩猟が苦
しい場合は地中にいる≪フル
フルベビー≫を山菜ジイさん
と交換して、交換後のアイテ
ムを納めてくれてもいいわ。",
505,"≪雪山探索≫
群れ成す牙獣の主{j}ドドブランゴ１頭の狩猟{j}ブランゴ１０頭の討伐{j}ブランゴ５頭の討伐{j}メインターゲット、もしくは
サブターゲットＡかＢの達成{j}報酬金ゼロ
タイムアップ{j}大老殿ギルド{j}この季節の雪山はブランゴ
一家の独壇場…、その数は尋
常じゃないわ。ブランゴは
親玉の≪ドドブランゴ≫の
指示に従って、群れを成して
襲い掛かってくるわ。囲まれ
ないように注意が必要ね。",
506,"≪雪山探索≫
雪山の大家族{j}ドドブランゴ２頭の狩猟{j}なし{j}なし{j}メインターゲットの達成{j}報酬金ゼロ
タイムアップ{j}大老殿ギルド{j}≪ドドブランゴ≫は雪山を治
めるあるじ。なわばりを侵す
者への襲撃は容赦ないわ。
…信じがたいことだけれど、
今回は雪山で２頭のあるじが
見かけられているの…。それ
でも雪山にいくのかしら？",
507,"≪雪山探索≫
金獅子{j}ラージャン１頭の狩猟{j}なし{j}なし{j}メインターゲットの達成{j}報酬金ゼロ
タイムアップ{j}大老殿ギルド{j}極寒の地の果てで、恐ろしい
モンスターが目撃されたよう
だわ…。そのものの力は唯一
古龍に匹敵すると伝えられて
いて、その姿は金色に輝くと
も語られる。そのものを見て
生還した狩人は居ないわ…。",
508,"≪火山探索≫
毒を統べる毒{j}ドスイーオス１頭の狩猟{j}イーオス１５頭の討伐{j}なし{j}メインターゲット、もしくは
サブターゲットＡの達成{j}報酬金ゼロ
タイムアップ{j}大老殿ギルド{j}火山地帯で≪ドスイーオス≫
を狩猟するのは、少し面倒か
も知れないわね。体力を消耗
したドスイーオスは、狩人が
体力を消耗する、嫌な場所に
逃げ込む可能性があるの。
逃さないのが上手い方法ね。",
509,"≪火山探索≫
岩地に潜む罠{j}バサルモス１頭の狩猟{j}燃石炭１２個の納品{j}ランゴスタ２０匹の討伐{j}メインターゲット、もしくは
サブターゲットＡかＢの達成{j}報酬金ゼロ
タイムアップ{j}大老殿ギルド{j}≪バサルモス≫の狩猟に臨む
なら岩場から探してみるとい
いわ。バサルモスは岩に紛れ
て潜んでるケースが多いの。
採掘をする予定があるのなら
≪燃石炭≫を納品してくれる
と有難いわ。エネルギー源と
して重宝される品なのよ。",
510,"≪火山探索≫
岩地に潜む罠{j}バサルモス１頭の狩猟{j}燃石炭１２個の納品{j}バサルモスの胸部破壊{j}メインターゲット、もしくは
サブターゲットＡかＢの達成{j}報酬金ゼロ
タイムアップ{j}大老殿ギルド{j}≪バサルモス≫は鉱石を食べ
て成長するためその外殻には
鉱石が含まれてることが多い
わね。部位を破壊することで、
採掘しなくても鉱石が入手
できることもあるわ。そうな
ったら一石二鳥ってとこね。",
511,"≪火山探索≫
灼熱の覇者{j}グラビモス１頭の狩猟{j}火薬岩４個の納品{j}火薬岩２個の納品{j}メインターゲット、もしくは
サブターゲットＡかＢの達成{j}報酬金ゼロ
タイムアップ{j}大老殿ギルド{j}≪グラビモス≫は灼熱の覇者
とも呼ばれる存在、燃石や鉱
石を食べ、異常なまでの硬度
に発達した外殻に挑むには、
相当に磨かれた装備が必要。
鎧竜の目を盗んで≪火薬岩≫
を納めてくれてもいいわよ？",
512,"≪火山探索≫
黒鎧をまといし亜種{j}グラビモス亜種１頭の狩猟{j}なし{j}なし{j}メインターゲットの達成{j}報酬金ゼロ
タイムアップ{j}大老殿ギルド{j}火山の噴煙にまみれて≪グラ
ビモス≫の黒い亜種が出現し
たらしいわ。その容姿は見る
者を震え上がらせるようね。
でも、鎧竜って呼ばれるのは
体を守る鎧があるからよね？
鎧を壊せばどうなのかしら？",
513,"≪火山探索≫
４本の大鎌{j}ショウグンギザミ２匹の狩猟{j}ガブラス６頭の討伐{j}なし{j}メインターゲット、もしくは
サブターゲットＡの達成{j}報酬金ゼロ
タイムアップ{j}大老殿ギルド{j}鎌蟹≪ショウグンギザミ≫は
その奇妙な足関節を使って、
天井にまで登る生き物よ。
狩猟が困難な場合、この季節
火山の火口を飛び回る≪ガ
ブラス≫を上手く討伐して、
帰還するのも悪くないわ。",
514,"≪火山探索≫
天地を走る大鎌{j}ショウグンギザミ１匹の狩猟{j}ショウグンギザミのツメ破壊{j}ガミザミ８匹の討伐{j}メインターゲット、もしくは
サブターゲットＡかＢの達成{j}報酬金ゼロ
タイムアップ{j}大老殿ギルド{j}鎌蟹≪ショウグンギザミ≫は
その奇妙な足関節を使って、
天井にまで登る生き物よ。
この季節の火山では、子供た
ち≪ガミザミ≫も数多く生息
しているハズよ。それぞれの
鋭い爪には注意することね。",
515,"≪火山探索≫
金獅子{j}ラージャン１頭の狩猟{j}なし{j}なし{j}メインターゲットの達成{j}報酬金ゼロ
タイムアップ{j}大老殿ギルド{j}灼熱の地の果てで、恐ろしい
モンスターが目撃されたよう
だわ…。そのものの力は唯一
古龍に匹敵すると伝えられて
いて、その姿は金色に輝くと
も語られる。そのものを見て
生還した狩人は居ないわ…。",
516,"≪森丘探索≫
空の王の棲まう土地{j}リオレウス１頭の狩猟{j}リオレウスの尻尾切断{j}チャチャブー４匹の討伐{j}メインターゲット、もしくは
サブターゲットＡかＢの達成{j}報酬金ゼロ
タイムアップ{j}大老殿ギルド{j}遥かなる大地、≪森丘≫には
ある飛竜種が君臨している。
正統な強さを誇る正統な大空
の王は≪リオレウス≫と呼ば
れているわ…。彼の狩猟を成
す者はこの大老殿においても
一流の狩人の証となるわ。",
517,"≪森丘探索≫
蒼き火竜の咆哮{j}リオレウス亜種１頭の狩猟{j}なし{j}なし{j}メインターゲットの達成{j}報酬金ゼロ
タイムアップ{j}大老殿ギルド{j}≪森丘≫で≪リオレウス≫
の蒼き亜種が確認されたよう
ね。その比類なき生命力に
勝つ者は竜を上回る力を持つ
こととなるわ。一体どの狩人
にその能力が秘められている
か、見てみたいものだわ。",
518,"≪森丘探索≫
空の王{j}リオレウス１頭の狩猟{j}飛竜の卵４個の納品{j}チャチャブー４匹の討伐{j}メインターゲット、もしくは
サブターゲットＡかＢの達成{j}報酬金ゼロ
タイムアップ{j}大老殿ギルド{j}遥かなる大地、≪森丘≫には
ある飛竜種が君臨している。
正統な強さを誇る正統な大空
の王は≪リオレウス≫と呼ば
れているわ…。彼の巣にある
卵を持ち帰る者も、その比類
なき勇気を認められるわ。",
519,"≪古塔探索≫
竜たちのねぐら{j}リオレウス亜種１頭の狩猟{j}リオレウス１頭の狩猟{j}なし{j}メインターゲット、もしくは
サブターゲットＡの達成{j}報酬金ゼロ
タイムアップ{j}大老殿ギルド{j}この地の彼方に眠る、謎多き
未開の地≪古塔≫の大空に、
２頭の王が舞ってるようね。
古塔へはいつでも行けるわけ
ではなく、天候や気候を始め
とする環境が安定してる期間
だけ…、今しかないようね。",
520,"≪剛種クエスト≫
剛雷{j}キリン１頭の討伐{j}主目標への一定ダメージ{j}なし{j}メインターゲット、または
サブターゲットＡの達成{j}報酬金ゼロ
タイムアップ{j}メゼポルタ猟団組合{j}古塔で、かつてない規模の
大落雷が目撃されました。
凄腕のハンター限定での
調査依頼をいたします。
危険すぎるため、アイテムの
支給も不可能です。
細心の注意を払って調査に
あたってください。",
521,"≪剛種クエスト≫
強嵐{j}クシャルダオラ１体の討伐{j}主目標への一定ダメージ{j}なし{j}メインターゲット、または
サブターゲットＡの達成{j}報酬金ゼロ
タイムアップ{j}メゼポルタ猟団組合{j}砂漠で、極めて大規模の
砂嵐が計測されました。
凄腕のハンター限定での
調査と、可能であれば
発生源の討伐をお願い
いたします。危険すぎるた
め、アイテム支給はできま
せん。万全の準備を！",
522,"≪剛種クエスト≫
豪炎{j}テオ・テスカトル１体の討伐{j}主目標への一定ダメージ{j}なし{j}メインターゲット、または
サブターゲットＡの達成{j}報酬金ゼロ
タイムアップ{j}メゼポルタ猟団組合{j}沼地で、古龍のものと思われ
る、強大な炎が観測された
ようです。至急、調査を
お願いします。あまりに
危険なためアイテムの支給も
できませんが、何とか無事に
帰ってきてください。",
523,"≪剛種クエスト≫
劫霞{j}オオナズチ１体の討伐{j}主目標への一定ダメージ{j}なし{j}メインターゲット、または
サブターゲットＡの達成{j}報酬金ゼロ
タイムアップ{j}メゼポルタ猟団組合{j}夜の沼地から、腕利きの
ハンターが重傷を負って
運ばれてきました。
危険なモンスターはいなかっ
たはずなのに、突然何者かに
襲われたとか…。
原因究明のため調査をお願い
します。アイテム支給はでき
ませんのでご注意ください！",
524,"≪剛種クエスト≫
傲炎妃{j}ナナ・テスカトリ１体の討伐{j}なし{j}なし{j}メインターゲットの達成{j}報酬金ゼロ
タイムアップ{j}メゼポルタ猟団組合{j}辺境の古塔、その最上部に
住みついている、巨大な
炎妃龍の討伐依頼です。
現在古塔は非常に危険な状態
ですが、１人だけであれば、
気球で最上部まで送ることが
できそうです。極めて危険な
依頼ですが、挑戦する勇者を
お待ちしています！",
525,"≪剛種クエスト≫
傲炎妃・撃退戦{j}ナナ・テスカトリ１体の討伐{j}なし{j}なし{j}メインターゲットの達成{j}報酬金ゼロ
タイムアップ{j}メゼポルタ猟団組合{j}巨大な炎妃龍の撃退依頼です。
短時間での討伐をお願いした
いのですが、難しい場合、
撃退のみでも結構です。
状況により討伐の証を発行
できない場合もあります。",
526,"≪剛種クエスト≫
剛襲！老山龍{j}ラオシャンロン１体の撃退{j}龍薬石４個の納品{j}なし{j}メインターゲット、もしくは
サブターゲットＡの達成{j}撃退できずにタイムアップ
報酬金ゼロ　拠点の耐久値ゼロ{j}メゼポルタ猟団組合{j}ドンドルマへの玄関口となる
≪砦≫に、老山龍ラオシャン
ロンが、未だかつてない勢い
で侵攻してきてます！砦の
迎撃設備を利用しての老山龍
の撃退をお願いします！
戦力が及ばない場合、老山龍
の背から取れる≪龍薬石≫を
納品してください。",
527,"≪剛種クエスト≫
降岳{j}ヤマツカミ１体の討伐{j}主目標への一定ダメージ{j}なし{j}メインターゲット、もしくは
サブターゲットＡの達成{j}報酬金ゼロ
タイムアップ{j}メゼポルタ猟団組合{j}古塔で、動く山。そう、あの
ヤマツカミの目撃談が届いた
のですが、その体にはうっす
らと赤い膜のようなものを
纏っていたとか…。塔の中腹
まで送らせていただきますの
で、調査をお願いします。
ただ通常の半分の時間までし
か滞在できないのでご注意を。",
528,"≪剛種クエスト≫
剛来！砦蟹{j}シェンガオレン１匹の撃退{j}シェンガオレンの脚の破壊{j}なし{j}メインターゲット、もしくは
サブターゲットＡの達成{j}撃退できずにタイムアップ
報酬金ゼロ　拠点の耐久値ゼロ{j}メゼポルタ猟団組合{j}怪しげな龍が物凄い勢いで
砦に接近してきています！
大至急、砦の迎撃兵器を活用
し、謎の巨大龍を撃退して
ください！
戦力が及ばない場合、あの巨
大な脚の破壊だけでもお願い
します。",
529,"≪剛種クエスト≫
剛臨、舞雷竜{j}ベルキュロス１頭の狩猟{j}なし{j}なし{j}メインターゲットの達成{j}報酬金ゼロ
タイムアップ{j}メゼポルタ猟団組合{j}荒野の大地、≪峡谷≫…。
そこで発見された
≪ベルキュロス≫の中でも、
特に強力な個体が発見
されたそうです。
大変危険なため、アイテムの
支給も不可能ですが、もし
狩猟に成功すれば、希少な
素材が手に入ることでしょう。
頑張ってきてください！",
530,"≪剛種クエスト≫
剛臨、古塔の舞雷竜{j}ベルキュロス１頭の狩猟{j}なし{j}なし{j}メインターゲットの達成{j}報酬金ゼロ
タイムアップ{j}メゼポルタ猟団組合{j}荒野の大地、≪峡谷≫にのみ
生息すると思われていた
≪ベルキュロス≫を、
ある古塔で目撃したと報告が
ありました。
強力な個体らしく、辺りは
大変危険なため、支給品も
届けられませんが、腕に自信
のあるハンターたちは狩猟を
お願いします。",
531,"≪剛種クエスト≫
剛食{j}パリアプリア１頭の狩猟{j}なし{j}なし{j}メインターゲットの達成{j}報酬金ゼロ
タイムアップ{j}メゼポルタ猟団組合{j}呑竜の中でも突出した個体が
現れたようね…。
長年生きた個体という噂もあ
るから、相当のものを呑んで
いる可能性もあるわ…。
支給品？いらないでしょ？
まあ、甘くみてると痛い目に
合うかもしれないけど…。",
532,"≪剛種クエスト≫
剛翔！双牙{j}カム・オルガロン１頭の狩猟{j}ノノ・オルガロン１頭の狩猟{j}なし{j}マストオーダー全ての達成{j}報酬金ゼロ
タイムアップ{j}メゼポルタ猟団組合{j}沼地を調査してきたハンター
によると、一組の響狼が沼地
に住みついているようです。
極めて強力な個体のようで、
沼地はいま大変な危険地帯と
なっているとか…。腕利きの
ハンターさん、特別な支給品
を用意させていただきました
ので、狩猟をお願いします！",
533,"≪剛種クエスト≫
剛氷！氷狐竜{j}デュラガウア１頭の狩猟{j}なし{j}なし{j}メインターゲットの達成{j}報酬金ゼロ
タイムアップ{j}メゼポルタ猟団組合{j}古塔の、氷狐竜が発見された
秘境をご存知ですか？
あそこで、今度は極めて強力
な氷狐竜の個体が発見された
とか…。まだ情報も少ない竜
のため、極めて危険な依頼と
なりますが狩猟をお願いしま
す！",
534,"≪剛種クエスト≫
剛氷！峡谷の氷狐竜{j}デュラガウア１頭の狩猟{j}なし{j}なし{j}メインターゲットの達成{j}報酬金ゼロ
タイムアップ{j}メゼポルタ猟団組合{j}ついに、峡谷で氷狐竜が生息
するようになった。
生息範囲が古塔、高地、峡谷
と広がっていることから、
ヤツは環境適応能力が高いの
だろう。
強力な個体であるとの報告も
ある。十分に準備をして、
狩猟に向かってくれ！",
535,"≪剛種クエスト≫
剛靭！冥雷竜{j}ドラギュロス１頭の狩猟{j}なし{j}なし{j}メインターゲットの達成{j}報酬金ゼロ
タイムアップ{j}メゼポルタ猟団組合{j}雪山で新たに発見された飛竜。
我々はこれを≪冥雷竜≫
と呼ぶこととしましたが、
ただでさえ強力なこの飛竜の
中でも特に強靭な個体が確認
されたようです。危険な依頼
で、支給品も送れませんが、
狩猟をお願いします！",
536,"≪剛種クエスト≫
剛靭！高地の冥雷竜{j}ドラギュロス１頭の狩猟{j}なし{j}なし{j}メインターゲットの達成{j}報酬金ゼロ
タイムアップ{j}メゼポルタ猟団組合{j}以前、雪山で発見された
≪冥雷竜≫が、高地でも目撃
されたとの情報がありました。
同種の中でも特に強靭な個体
らしく、その狩猟にはかなり
危険が伴うことでしょう。
腕に自信のあるハンターは、
依頼の受注をお願いします！",
537,"≪剛種クエスト≫
剛突！蛮竜{j}グレンゼブル１頭の狩猟{j}なし{j}なし{j}メインターゲットの達成{j}報酬金ゼロ
タイムアップ{j}メゼポルタ猟団組合{j}高地で新たに確認された
≪蛮竜≫。ただでさえ危険な
飛竜ですが、その中でも飛び
抜けて強力な個体が先日確認
されたようです。大変危険な
依頼となりますが、調査と
狩猟をお願いいたします！",
538,"≪剛種クエスト≫
防衛計画・剛破！極龍{j}ルコディオラ１体の討伐{j}主目標への一定ダメージ{j}なし{j}メインターゲット、もしくは
サブターゲットＡの達成{j}報酬金ゼロ　タイムアップ
拠点の耐久値ゼロ{j}ハンターズギルド{j}現在≪迎撃拠点≫に迫ってい
る≪ルコディオラ≫の極めて
強力な個体に対する迎撃態勢
が整いました。十分な支給品、
迎撃兵器を用意いたしました
ので、極めて危険な依頼です
が討伐に向かってください。",
539,"≪剛種クエスト≫
極龍、熱砂に舞う{j}ルコディオラ１体の討伐{j}主目標への一定ダメージ{j}なし{j}メインターゲット、もしくは
サブターゲットＡの達成{j}報酬金ゼロ
タイムアップ{j}メゼポルタ猟団組合{j}砂漠に極龍≪ルコディオラ≫
が現れたそうだ。
迎撃拠点と違い対抗する為の
設備はないが、そこは腕に
自信のあるハンターに討伐を
お願いしたい。
寒冷期とはいえ、昼の砂漠は
とても熱い。
よろしく頼んだぞ！",
540,"≪剛種クエスト≫
大災に聳えし楼閣{j}オディバトラス１頭の討伐{j}なし{j}なし{j}メインターゲットの達成{j}報酬金ゼロ
タイムアップ{j}ハンターズギルド{j}砂漠で発見された≪弩岩竜≫
の討伐依頼となります。
これまでの調査では、
砂を利用した強力な攻撃が
確認され、多数のハンターが
被害を受けているようです。
まだ情報も少なく、極めて
危険な依頼となりますが、
引き続き調査をお願いします！",
541,"≪剛種クエスト≫
剛糸！跳緋獣{j}ゴゴモア１頭の狩猟{j}なし{j}なし{j}メインターゲットの達成{j}報酬金ゼロ
タイムアップ{j}メゼポルタ猟団組合{j}潮島の跳緋獣≪ゴゴモア≫の
極めて強力な個体が発見され
ました。まだ情報も少ない
潮島での過酷な狩猟である
ため、気を付けて調査を
お願いします！",
542,"≪剛種クエスト≫
跳緋獣！黄昏に燃ゆる！{j}ゴゴモア１頭の狩猟{j}なし{j}なし{j}メインターゲットの達成{j}報酬金ゼロ
タイムアップ{j}メゼポルタ猟団組合{j}ゴゴモアの極めて強力な
個体が現れたそうです。
さらに、潮島の夕方は
虫の活動が活発になるとの
報告もあります。
厳しい狩猟になることは
間違いありません。
気を付けてください。",
543,"≪剛種クエスト≫
剛潰！多殻蟹{j}タイクンザムザ１匹の狩猟{j}なし{j}なし{j}メインターゲットの達成{j}報酬金ゼロ
タイムアップ{j}メゼポルタ猟団組合{j}潮島にいる調査団から緊急の
連絡が入りました。
報告によると、多殻蟹の極め
て強力な個体が現れ洞窟で
暴れているとのことです。
調査団の安全が心配されます。
直ちに潮島に向かい、
多殻蟹の狩猟をお願いします。",
544,"≪剛種クエスト≫
劫霞調査依頼{j}オオナズチ１体の討伐{j}オオナズチの角破壊{j}オオナズチの尻尾切断{j}マストオーダー全ての達成{j}報酬金ゼロ
タイムアップ{j}モンスター研究員{j}沼地に強力な古龍種が来てい
るそうじゃないか。そこでだ。
部位の破壊を行ったうえでの
討伐をしてきてくれないか？
え、報酬？えーと、そうだな。
前に、強力な古龍の翼を研究
したときの素材が残っていた
ような…。もし、それがまだ
あったらあげるよ。",
545,"≪剛種クエスト≫
剛暴！沼地の獰竜{j}アビオルグ１頭の狩猟{j}なし{j}なし{j}メインターゲットの達成{j}報酬金ゼロ
タイムアップ{j}メゼポルタ猟団組合{j}沼地で確認されている
獰竜≪アビオルグ≫の中でも
極めて狂暴で、強力な個体が
現れたそうです。
大変危険なため我々が認める
ハンターさん限定での調査、
狩猟依頼となります。
万全の態勢で挑んでください。",
546,"≪剛種クエスト≫
剛暴！雪山の獰竜{j}アビオルグ１頭の狩猟{j}アビオルグの尻尾破壊{j}なし{j}メインターゲット、もしくは
サブターゲットＡの達成{j}報酬金ゼロ
タイムアップ{j}メゼポルタ猟団組合{j}雪山で確認されている
獰竜≪アビオルグ≫の中でも
極めて狂暴で、強力な個体が
現れたそうです。
大変危険なため我々が認める
ハンターさん限定での調査、
狩猟依頼となります。
万全の態勢で挑んでください。",
547,"≪剛種クエスト≫
剛暴！双獰竜{j}アビオルグ２頭の狩猟{j}なし{j}なし{j}メインターゲットの達成{j}報酬金ゼロ
タイムアップ{j}メゼポルタ猟団組合{j}獰竜≪アビオルグ≫が樹海に
現れたとの報告がありました。
調査員の中には、複数の
咆哮を聞いた者もおり、
まるで、お互い連絡を取り
合っているかのようだとの
証言も取れました。
複数頭いる可能性を視野に
入れ、万全の態勢での調査を
お勧めします。",
548,"≪剛種クエスト≫
剛閃！晶竜{j}クアルセプス１頭の狩猟{j}クアルセプスの尻尾破壊{j}なし{j}メインターゲット、もしくは
サブターゲットＡの達成{j}報酬金ゼロ
タイムアップ{j}メゼポルタ猟団組合{j}調査員が発見したモンスター
をギルドに確認したところ、
海竜種の仲間で名前は晶竜
≪クアルセプス≫。
さらに高地には極めて強力な
個体が生息しているらしく、
調査員の安否が心配とのこと。
直ちに高地へ向かい、晶竜の
狩猟をお願いします。",
549,"≪剛種クエスト≫
剛閃！荒天に輝く晶竜{j}クアルセプス１頭の狩猟{j}なし{j}なし{j}メインターゲットの達成{j}報酬金ゼロ
タイムアップ{j}メゼポルタ猟団組合{j}樹海頂部にて極めて強力な
個体の晶竜を目撃したとの
報告がありました。
晶竜は、雷を吸収・反射する
体質で、狩猟はかなりの危険
が伴います。
そこで、腕利きのハンターに
狩猟を依頼しますので、
よろしくお願いします。",
550,"≪剛種クエスト≫
剛閃！砂漠の共鳴{j}クアルセプス２頭の狩猟{j}なし{j}なし{j}メインターゲットの達成{j}報酬金ゼロ
タイムアップ{j}メゼポルタ猟団組合{j}晶竜≪クアルセプス≫が
砂漠に２頭現れたとの報告が
ありました。調査員の中には、
突然大地が大きく揺れだした
と証言する者までおり、
詳しくは分かりませんが、
かなり危険な状態のよう
です。万全の態勢で調査を
お願いします。",
551,"≪剛種クエスト≫
剛砲！弩岩竜{j}オディバトラス１頭の撃退{j}なし{j}なし{j}メインターゲットの達成{j}報酬金ゼロ
タイムアップ{j}ハンターズギルド{j}砂漠に突如現れた強大な
モンスターですが、
ギルドはこれを≪弩岩竜≫
と名付けました。
巨大で非常に強力であるとい
う報告を受けており、
大変危険な依頼となります。
腕前に自信のある
凄腕ハンターさん調査と
撃退をお願いします！",
552,"≪剛種適性試験≫
剛種適性試験・水竜{j}ガノトトス変種１頭{j}主目標の一本釣り{j}主目標の背ビレ破壊{j}メインターゲットの討伐、
またはサブターゲットの達成{j}報酬金ゼロ
タイムアップ{j}メゼポルタ猟団組合{j}≪剛種クエスト≫に必要と
なるチケットを発行する
クエストを用意いたしました。
こちらは比較的お手軽なクエ
スト内容となっていますが、
対変種に適した特殊な武器を
装備した方限定の受注、参加
となっているためご注意くだ
さい。",
553,"≪剛種適性試験≫
剛種適性試験・黒狼鳥{j}イャンガルルガ変種１頭{j}主目標の背中破壊{j}主目標の尻尾切断{j}メインターゲットの討伐、
またはサブターゲットの達成{j}報酬金ゼロ
タイムアップ{j}メゼポルタ猟団組合{j}≪剛種クエスト≫に必要と
なるチケットを発行する
クエストを用意いたしました。
こちらは比較的お手軽なクエ
スト内容となっていますが、
対変種に適した特殊な武器を
装備した方限定の受注、参加
となっているためご注意くだ
さい。",
554,"≪剛種適性試験≫
剛種適性試験・鎧竜{j}グラビモス変種１頭{j}主目標の胸部破壊{j}主目標の尻尾切断{j}メインターゲットの討伐、
またはサブターゲットの達成{j}報酬金ゼロ
タイムアップ{j}メゼポルタ猟団組合{j}≪剛種クエスト≫に必要と
なるチケットを発行する
クエストを用意いたしました。
こちらは比較的お手軽なクエ
スト内容となっていますが、
対変種に適した特殊な武器を
装備した方限定の受注、参加
となっているためご注意くだ
さい。",
555,"≪剛種適性試験≫
剛種適性試験・棘竜{j}エスピナス変種１頭{j}主目標の角破壊{j}主目標の尻尾切断{j}メインターゲットの討伐、
またはサブターゲットの達成{j}報酬金ゼロ
タイムアップ{j}メゼポルタ猟団組合{j}≪剛種クエスト≫に必要と
なるチケットを発行する
クエストを用意いたしました。
こちらは比較的お手軽なクエ
スト内容となっていますが、
対変種に適した特殊な武器を
装備した方限定の受注、参加
となっているためご注意くだ
さい。",
556,"≪剛種適性試験≫
剛種適性試験・岩竜と毒鳥竜{j}バサルモス変種１頭{j}ドスイーオス変種１頭{j}なし{j}マストオーダー全ての討伐{j}報酬金ゼロ
タイムアップ{j}メゼポルタ猟団組合{j}≪剛種クエスト≫に必要と
なるチケットを発行する
クエストを用意いたしました。
こちらは比較的お手軽なクエ
スト内容となっていますが、
対変種に適した特殊な武器を
装備した方限定の受注、参加
となっているためご注意くだ
さい。",
557,"≪剛種適性試験≫
剛種適性試験・鎌蟹と大猪{j}ショウグンギザミ変種１匹{j}ドスファンゴ変種１頭{j}なし{j}マストオーダー全ての討伐{j}報酬金ゼロ
タイムアップ{j}メゼポルタ猟団組合{j}≪剛種クエスト≫に必要と
なるチケットを発行する
クエストを用意いたしました。
こちらは比較的お手軽なクエ
スト内容となっていますが、
対変種に適した特殊な武器を
装備した方限定の受注、参加
となっているためご注意くだ
さい。",
558,"≪剛種適性試験≫
剛種適性試験・双火竜{j}リオレウス変種１頭{j}リオレイア変種１頭{j}なし{j}メインターゲットの討伐、
またはサブターゲットの狩猟{j}報酬金ゼロ
タイムアップ{j}メゼポルタ猟団組合{j}≪剛種クエスト≫に必要と
なるチケットを発行する
クエストを用意いたしました。
こちらは比較的お手軽なクエ
スト内容となっていますが、
対変種に適した特殊な武器を
装備した方限定の受注、参加
となっているためご注意くだ
さい。",
559,"≪剛種適性試験≫
剛種適性試験・尾晶蠍{j}アクラ・ヴァシム変種１匹{j}主目標の尻尾切断{j}なし{j}メインターゲットの討伐
またはサブターゲットの達成{j}報酬金ゼロ
タイムアップ{j}メゼポルタ猟団組合{j}≪剛種クエスト≫に必要と
なるチケットを発行する
クエストを用意いたしました。
こちらは比較的お手軽なクエ
スト内容となっていますが、
対変種に適した特殊な武器を
装備した方限定の受注、参加
となっているためご注意くだ
さい。",
560,"≪剛種適性試験≫
剛種適性試験・銀火竜{j}リオレウス希少種１頭の狩猟{j}リオレウス希少種の頭部破壊{j}リオレウス希少種の尻尾切断{j}メインターゲット、もしくは
サブターゲットの達成{j}報酬金ゼロ
タイムアップ{j}メゼポルタ猟団組合{j}≪剛種クエスト≫に必要と
なるチケットを発行する
クエストを用意いたしました。
こちらは比較的お手軽なクエ
スト内容となっていますが、
対変種に適した特殊な武器を
装備した方限定の受注、参加
となっているためご注意くだ
さい。",
561,"≪剛種適性試験≫
剛種適性試験・尾晶蠍{j}アクラ・ヴァシム変種１匹{j}主目標の尻尾切断{j}なし{j}メインターゲットの討伐、
またはサブターゲットの達成{j}報酬金ゼロ
タイムアップ{j}メゼポルタ猟団組合{j}≪剛種クエスト≫に必要と
なるチケットを発行する
クエストを用意いたしました。
こちらは比較的お手軽なクエ
スト内容となっていますが、
対変種に適した特殊な武器を
装備した方限定の受注、参加
となっているためご注意くだ
さい。",
562,"≪剛種適性試験≫
剛種適性試験・雪獅子{j}ドドブランゴ変種１頭{j}主目標の尻尾切断{j}主目標の頭部破壊{j}メインターゲットの狩猟、
またはサブターゲットの達成{j}報酬金ゼロ
タイムアップ{j}メゼポルタ猟団組合{j}≪剛種クエスト≫に必要と
なるチケットを発行する
クエストを用意いたしました。
こちらは、対変種に適した特
殊な武器を装備した方限定の
受注、参加となっております。
今回のターゲットには、通常
とは異なる性質、動きがみら
れるそうなのでご注意を。
",
563,"≪剛種適性試験≫
剛種適性試験・覇竜{j}アカムトルム変種１頭{j}主目標の胸部破壊{j}主目標の尻尾切断{j}メインターゲットの討伐、
またはサブターゲットの達成{j}報酬金ゼロ
タイムアップ{j}メゼポルタ猟団組合{j}≪剛種クエスト≫に必要と
なるチケットを発行する
クエストを用意いたしました。
対変種に適した特殊な武器を
装備した方限定の受注、参加
となっているためご注意くだ
さい。",
564,"≪剛種適性試験≫
剛種適性試験・角竜{j}ディアブロス変種１頭{j}主目標の尻尾切断{j}主目標の角破壊{j}メインターゲットの狩猟、
またはサブターゲットの達成{j}報酬金ゼロ
タイムアップ{j}メゼポルタ猟団組合{j}≪剛種クエスト≫に必要と
なるチケットを発行する
クエストを用意いたしました。
こちらは、対変種に適した特
殊な武器を装備した方限定の
受注、参加となっております。
今回のターゲットには、通常
とは異なる性質、動きがみら
れるそうなのでご注意を。
",
565,"≪剛種適性試験≫
剛種適性試験・金火竜{j}リオレイア希少種１頭の狩猟{j}リオレイア希少種の頭部破壊{j}リオレイア希少種の尻尾切断{j}メインターゲット、もしくは
サブターゲットの達成{j}報酬金ゼロ
タイムアップ{j}メゼポルタ猟団組合{j}≪剛種クエスト≫に必要と
なるチケットを発行する
クエストを用意いたしました。
こちらは、対変種に適した特
殊な武器を装備した方限定の
受注、参加となっております。
今回のターゲットには、通常
とは異なる性質、動きがみら
れるそうなのでご注意を。
",
566,"≪剛種適性試験≫
剛種適性試験・轟竜{j}ティガレックス変種１頭{j}主目標の頭部破壊{j}主目標のツメ破壊{j}メインターゲットの討伐、
またはサブターゲットの達成{j}報酬金ゼロ
タイムアップ{j}メゼポルタ猟団組合{j}≪剛種クエスト≫に必要と
なるチケットを発行する
クエストを用意いたしました。
こちらは比較的お手軽なクエ
スト内容となっていますが、
対変種に適した特殊な武器を
装備した方限定の受注、参加
となっているためご注意くだ
さい。",
567,"≪剛種適性試験≫
剛種適性試験・金獅子{j}ラージャン変種１頭{j}主目標の頭部破壊{j}主目標の尻尾切断{j}メインターゲットの狩猟、
またはサブターゲットの達成{j}報酬金ゼロ
タイムアップ{j}メゼポルタ猟団組合{j}≪剛種クエスト≫に必要と
なるチケットを発行する
クエストを用意いたしました。
こちらは比較的お手軽なクエ
スト内容となっていますが、
対変種に適した特殊な武器を
装備した方限定の受注、参加
となっているためご注意くだ
さい。",
568,"≪狩人育成≫
怪鳥の狩猟{j}イャンクック１頭の狩猟{j}なし{j}なし{j}メインターゲットの達成{j}報酬金ゼロ
タイムアップ{j}ハンターズギルド{j}調査員から報告があり、
若いモンスター個体が
確認されました。
モンスターの生態や特徴を
知るには、もってこいの
依頼です。
特にハンター生活をはじめら
れた方にオススメいたします！",
569,"≪狩人育成≫
ドスランポス狩猟{j}ドスランポス１頭の狩猟{j}なし{j}なし{j}メインターゲットの達成{j}報酬金ゼロ
タイムアップ{j}ハンターズギルド{j}調査員から報告があり、
若いモンスター個体が
確認されました。
モンスターの生態や特徴を
知るには、もってこいの
依頼です。
特にハンター生活をはじめら
れた方にオススメいたします！",
570,"≪狩人育成≫
毒怪鳥の狩猟{j}ゲリョス１頭の狩猟{j}なし{j}なし{j}メインターゲットの達成{j}報酬金ゼロ
タイムアップ{j}ハンターズギルド{j}調査員から報告があり、
若いモンスター個体が
確認されました。
モンスターの生態や特徴を
知るには、もってこいの
依頼です。
特にハンター生活をはじめら
れた方にオススメいたします！",
571,"≪狩人育成≫
盾蟹の狩猟{j}ダイミョウザザミ１匹の狩猟{j}なし{j}なし{j}メインターゲットの達成{j}報酬金ゼロ
タイムアップ{j}ハンターズギルド{j}調査員から報告があり、
若いモンスター個体が
確認されました。
モンスターの生態や特徴を
知るには、もってこいの
依頼です。
特にハンター生活をはじめら
れた方にオススメいたします！",
572,"≪狩人育成≫
桃毛獣の狩猟{j}ババコンガ１頭の狩猟{j}なし{j}なし{j}メインターゲットの達成{j}報酬金ゼロ
タイムアップ{j}ハンターズギルド{j}調査員から報告があり、
若いモンスター個体が
確認されました。
モンスターの生態や特徴を
知るには、もってこいの
依頼です。
特にハンター生活をはじめら
れた方にオススメいたします！",
573,"≪狩人育成≫
紫毒鳥の狩猟{j}ゲリョス亜種１頭の狩猟{j}なし{j}なし{j}メインターゲットの達成{j}報酬金ゼロ
タイムアップ{j}ハンターズギルド{j}調査員から報告があり、
若いモンスター個体が
確認されました。
モンスターの生態や特徴を
知るには、もってこいの
依頼です。
特にハンター生活をはじめら
れた方にオススメいたします！",
574,"≪狩人育成≫
青怪鳥の狩猟{j}イャンクック亜種１頭の狩猟{j}なし{j}なし{j}メインターゲットの達成{j}報酬金ゼロ
タイムアップ{j}ハンターズギルド{j}調査員から報告があり、
若いモンスター個体が
確認されました。
モンスターの生態や特徴を
知るには、もってこいの
依頼です。
特にハンター生活をはじめら
れた方にオススメいたします！",
575,"≪狩人育成≫
フルフルの狩猟{j}フルフル１頭の狩猟{j}なし{j}なし{j}メインターゲットの達成{j}報酬金ゼロ
タイムアップ{j}ハンターズギルド{j}調査員から報告があり、
若いモンスター個体が
確認されました。
モンスターの生態や特徴を
知るには、もってこいの
依頼です。
特にハンター生活をはじめら
れた方にオススメいたします！",
576,"≪狩人育成≫
眠鳥の狩猟{j}ヒプノック１頭の狩猟{j}なし{j}なし{j}メインターゲットの達成{j}報酬金ゼロ
タイムアップ{j}ハンターズギルド{j}調査員から報告があり、
若いモンスター個体が
確認されました。
モンスターの生態や特徴を
知るには、もってこいの
依頼です。
特にハンター生活をはじめら
れた方にオススメいたします！",
577,"≪狩人育成≫
雌火竜の狩猟{j}リオレイア１頭の狩猟{j}なし{j}なし{j}メインターゲットの達成{j}報酬金ゼロ
タイムアップ{j}ハンターズギルド{j}調査員から報告があり、
若いモンスター個体が
確認されました。
モンスターの生態や特徴を
知るには、もってこいの
依頼です。
特にハンター生活をはじめら
れた方にオススメいたします！",
578,"≪狩人育成≫
雪獅子の狩猟{j}ドドブランゴ１頭の狩猟{j}なし{j}なし{j}メインターゲットの達成{j}報酬金ゼロ
タイムアップ{j}ハンターズギルド{j}調査員から報告があり、
若いモンスター個体が
確認されました。
モンスターの生態や特徴を
知るには、もってこいの
依頼です。
特にハンター生活をはじめら
れた方にオススメいたします！",
579,"≪狩人育成≫
岩竜の狩猟{j}バサルモス１頭の狩猟{j}なし{j}なし{j}メインターゲットの達成{j}報酬金ゼロ
タイムアップ{j}ハンターズギルド{j}調査員から報告があり、
若いモンスター個体が
確認されました。
モンスターの生態や特徴を
知るには、もってこいの
依頼です。
特にハンター生活をはじめら
れた方にオススメいたします！",
580,"≪狩人育成≫
桜火竜の狩猟{j}リオレイア亜種１頭の狩猟{j}なし{j}なし{j}メインターゲットの達成{j}報酬金ゼロ
タイムアップ{j}ハンターズギルド{j}調査員から報告があり、
若いモンスター個体が
確認されました。
モンスターの生態や特徴を
知るには、もってこいの
依頼です。
特にハンター生活をはじめら
れた方にオススメいたします！",
581,"≪狩人育成≫
溶岩竜の狩猟{j}ヴォルガノス１頭の狩猟{j}なし{j}なし{j}メインターゲットの達成{j}報酬金ゼロ
タイムアップ{j}ハンターズギルド{j}調査員から報告があり、
若いモンスター個体が
確認されました。
モンスターの生態や特徴を
知るには、もってこいの
依頼です。
特にハンター生活をはじめら
れた方にオススメいたします！",
582,"≪狩人育成≫
鎌蟹の狩猟{j}ショウグンギザミ１匹の狩猟{j}なし{j}なし{j}メインターゲットの達成{j}報酬金ゼロ
タイムアップ{j}ハンターズギルド{j}調査員から報告があり、
若いモンスター個体が
確認されました。
モンスターの生態や特徴を
知るには、もってこいの
依頼です。
特にハンター生活をはじめら
れた方にオススメいたします！",
583,"≪狩人育成≫
水竜の狩猟{j}ガノトトス１頭の狩猟{j}なし{j}なし{j}メインターゲットの達成{j}報酬金ゼロ
タイムアップ{j}ハンターズギルド{j}調査員から報告があり、
若いモンスター個体が
確認されました。
モンスターの生態や特徴を
知るには、もってこいの
依頼です。
特にハンター生活をはじめら
れた方にオススメいたします！",
584,"≪狩人育成≫
鎧竜の狩猟{j}グラビモス１頭の狩猟{j}なし{j}なし{j}メインターゲットの達成{j}報酬金ゼロ
タイムアップ{j}ハンターズギルド{j}調査員から報告があり、
若いモンスター個体が
確認されました。
モンスターの生態や特徴を
知るには、もってこいの
依頼です。
特にハンター生活をはじめら
れた方にオススメいたします！",
585,"≪狩人育成≫
角竜の狩猟{j}ディアブロス１頭の狩猟{j}なし{j}なし{j}メインターゲットの達成{j}報酬金ゼロ
タイムアップ{j}ハンターズギルド{j}調査員から報告があり、
若いモンスター個体が
確認されました。
モンスターの生態や特徴を
知るには、もってこいの
依頼です。
特にハンター生活をはじめら
れた方にオススメいたします！",
586,"≪狩人育成≫
翠水竜の狩猟{j}ガノトトス亜種１頭の狩猟{j}なし{j}なし{j}メインターゲットの達成{j}報酬金ゼロ
タイムアップ{j}ハンターズギルド{j}調査員から報告があり、
若いモンスター個体が
確認されました。
モンスターの生態や特徴を
知るには、もってこいの
依頼です。
特にハンター生活をはじめら
れた方にオススメいたします！",
587,"≪狩人育成≫
黒鎧竜の狩猟{j}グラビモス亜種１頭の狩猟{j}なし{j}なし{j}メインターゲットの達成{j}報酬金ゼロ
タイムアップ{j}ハンターズギルド{j}調査員から報告があり、
若いモンスター個体が
確認されました。
モンスターの生態や特徴を
知るには、もってこいの
依頼です。
特にハンター生活をはじめら
れた方にオススメいたします！",
588,"≪狩人育成≫
火竜の狩猟{j}リオレウス１頭の狩猟{j}なし{j}なし{j}メインターゲットの達成{j}報酬金ゼロ
タイムアップ{j}ハンターズギルド{j}調査員から報告があり、
若いモンスター個体が
確認されました。
モンスターの生態や特徴を
知るには、もってこいの
依頼です。
特にハンター生活をはじめら
れた方にオススメいたします！",
589,"≪狩人育成≫
蛮竜の狩猟{j}グレンゼブル１頭の狩猟{j}なし{j}なし{j}メインターゲットの達成{j}報酬金ゼロ
タイムアップ{j}ハンターズギルド{j}調査員から報告があり、
若いモンスター個体が
確認されました。
モンスターの生態や特徴を
知るには、もってこいの
依頼です。
特にハンター生活をはじめら
れた方にオススメいたします！",
590,"≪狩人育成≫
氷狐竜の狩猟{j}デュラガウア１頭の狩猟{j}なし{j}なし{j}メインターゲットの達成{j}報酬金ゼロ
タイムアップ{j}ハンターズギルド{j}調査員から報告があり、
若いモンスター個体が
確認されました。
モンスターの生態や特徴を
知るには、もってこいの
依頼です。
特にハンター生活をはじめら
れた方にオススメいたします！",
591,"≪狩人育成≫
一角竜の狩猟{j}モノブロス１頭の狩猟{j}なし{j}なし{j}メインターゲットの達成{j}報酬金ゼロ
タイムアップ{j}ハンターズギルド{j}調査員から報告があり、
若いモンスター個体が
確認されました。
モンスターの生態や特徴を
知るには、もってこいの
依頼です。
特にハンター生活をはじめら
れた方にオススメいたします！",
592,"≪狩人育成≫
蒼火竜の狩猟{j}リオレウス亜種１頭の狩猟{j}なし{j}なし{j}メインターゲットの達成{j}報酬金ゼロ
タイムアップ{j}ハンターズギルド{j}調査員から報告があり、
若いモンスター個体が
確認されました。
モンスターの生態や特徴を
知るには、もってこいの
依頼です。
特にハンター生活をはじめら
れた方にオススメいたします！",
593,"≪狩人育成≫
蒼眠鳥の狩猟{j}ヒプノック繁殖期１頭の狩猟{j}なし{j}なし{j}メインターゲットの達成{j}報酬金ゼロ
タイムアップ{j}ハンターズギルド{j}調査員から報告があり、
若いモンスター個体が
確認されました。
モンスターの生態や特徴を
知るには、もってこいの
依頼です。
特にハンター生活をはじめら
れた方にオススメいたします！",
594,"≪狩人育成≫
紅溶岩竜の狩猟{j}ヴォルガノス亜種１頭の狩猟{j}なし{j}なし{j}メインターゲットの達成{j}報酬金ゼロ
タイムアップ{j}ハンターズギルド{j}調査員から報告があり、
若いモンスター個体が
確認されました。
モンスターの生態や特徴を
知るには、もってこいの
依頼です。
特にハンター生活をはじめら
れた方にオススメいたします！",
595,"≪狩人育成≫
轟竜の狩猟{j}ティガレックス１頭の狩猟{j}なし{j}なし{j}メインターゲットの達成{j}報酬金ゼロ
タイムアップ{j}ハンターズギルド{j}調査員から報告があり、
若いモンスター個体が
確認されました。
モンスターの生態や特徴を
知るには、もってこいの
依頼です。
特にハンター生活をはじめら
れた方にオススメいたします！",
596,"≪狩人育成≫
棘竜の狩猟{j}エスピナス１頭の狩猟{j}なし{j}なし{j}メインターゲットの達成{j}報酬金ゼロ
タイムアップ{j}ハンターズギルド{j}調査員から報告があり、
若いモンスター個体が
確認されました。
モンスターの生態や特徴を
知るには、もってこいの
依頼です。
特にハンター生活をはじめら
れた方にオススメいたします！",
597,"≪狩人育成≫
呑竜の狩猟{j}パリアプリア１頭の狩猟{j}なし{j}なし{j}メインターゲットの達成{j}報酬金ゼロ
タイムアップ{j}ハンターズギルド{j}調査員から報告があり、
若いモンスター個体が
確認されました。
モンスターの生態や特徴を
知るには、もってこいの
依頼です。
特にハンター生活をはじめら
れた方にオススメいたします！",
598,"≪狩人育成≫
金獅子の狩猟{j}ラージャン１頭の狩猟{j}なし{j}なし{j}メインターゲットの達成{j}報酬金ゼロ
タイムアップ{j}ハンターズギルド{j}調査員から報告があり、
若いモンスター個体が
確認されました。
モンスターの生態や特徴を
知るには、もってこいの
依頼です。
特にハンター生活をはじめら
れた方にオススメいたします！",
599,"≪狩人育成≫
砂竜の狩猟{j}ドスガレオス１頭の狩猟{j}なし{j}なし{j}メインターゲットの達成{j}報酬金ゼロ
タイムアップ{j}ハンターズギルド{j}調査員から報告があり、
若いモンスター個体が
確認されました。
モンスターの生態や特徴を
知るには、もってこいの
依頼です。
特にハンター生活をはじめら
れた方にオススメいたします！",
600,"≪狩人育成≫
水竜の狩猟{j}ガノトトス１頭の狩猟{j}なし{j}なし{j}メインターゲットの達成{j}報酬金ゼロ
タイムアップ{j}ハンターズギルド{j}調査員から報告があり、
若いモンスター個体が
確認されました。
モンスターの生態や特徴を
知るには、もってこいの
依頼です。
特にハンター生活をはじめら
れた方にオススメいたします！",
601,"≪狩人育成≫
鎌蟹の狩猟{j}ショウグンギザミ１匹の狩猟{j}なし{j}なし{j}メインターゲットの達成{j}報酬金ゼロ
タイムアップ{j}ハンターズギルド{j}調査員から報告があり、
若いモンスター個体が
確認されました。
モンスターの生態や特徴を
知るには、もってこいの
依頼です。
特にハンター生活をはじめら
れた方にオススメいたします！",
602,"≪狩人育成≫
桜火竜の狩猟{j}リオレイア亜種１頭の狩猟{j}なし{j}なし{j}メインターゲットの達成{j}報酬金ゼロ
タイムアップ{j}ハンターズギルド{j}調査員から報告があり、
若いモンスター個体が
確認されました。
モンスターの生態や特徴を
知るには、もってこいの
依頼です。
特にハンター生活をはじめら
れた方にオススメいたします！",
603,"≪狩人育成≫
火竜の狩猟{j}リオレウス１頭の狩猟{j}なし{j}なし{j}メインターゲットの達成{j}報酬金ゼロ
タイムアップ{j}ハンターズギルド{j}調査員から報告があり、
若いモンスター個体が
確認されました。
モンスターの生態や特徴を
知るには、もってこいの
依頼です。
特にハンター生活をはじめら
れた方にオススメいたします！",
604,"≪狩人育成≫
蒼火竜の狩猟{j}リオレウス亜種１頭の狩猟{j}なし{j}なし{j}メインターゲットの達成{j}報酬金ゼロ
タイムアップ{j}ハンターズギルド{j}調査員から報告があり、
若いモンスター個体が
確認されました。
モンスターの生態や特徴を
知るには、もってこいの
依頼です。
特にハンター生活をはじめら
れた方にオススメいたします！",
605,"≪狩人育成≫
眠鳥の狩猟{j}ヒプノック１頭の狩猟{j}なし{j}なし{j}メインターゲットの達成{j}報酬金ゼロ
タイムアップ{j}ハンターズギルド{j}調査員から報告があり、
若いモンスター個体が
確認されました。
モンスターの生態や特徴を
知るには、もってこいの
依頼です。
特にハンター生活をはじめら
れた方にオススメいたします！",
606,"≪狩人育成≫
溶岩竜の狩猟{j}ヴォルガノス１頭の狩猟{j}なし{j}なし{j}メインターゲットの達成{j}報酬金ゼロ
タイムアップ{j}ハンターズギルド{j}調査員から報告があり、
若いモンスター個体が
確認されました。
モンスターの生態や特徴を
知るには、もってこいの
依頼です。
特にハンター生活をはじめら
れた方にオススメいたします！",
607,"≪狩人育成≫
雌火竜の狩猟{j}リオレイア１頭の狩猟{j}なし{j}なし{j}メインターゲットの達成{j}報酬金ゼロ
タイムアップ{j}ハンターズギルド{j}調査員から報告があり、
若いモンスター個体が
確認されました。
モンスターの生態や特徴を
知るには、もってこいの
依頼です。
特にハンター生活をはじめら
れた方にオススメいたします！",
608,"≪狩人育成≫
尾晶蠍の討伐{j}アクラ・ヴァシム１匹の討伐{j}なし{j}なし{j}メインターゲットの達成{j}報酬金ゼロ
タイムアップ{j}ハンターズギルド{j}調査員から報告があり、
若いモンスター個体が
確認されました。
モンスターの生態や特徴を
知るには、もってこいの
依頼です。
特にハンター生活をはじめら
れた方にオススメいたします！",
609,"≪狩人育成≫
黒狼鳥の狩猟{j}イャンガルルガ１頭の狩猟{j}なし{j}なし{j}メインターゲットの達成{j}報酬金ゼロ
タイムアップ{j}ハンターズギルド{j}調査員から報告があり、
若いモンスター個体が
確認されました。
モンスターの生態や特徴を
知るには、もってこいの
依頼です。
特にハンター生活をはじめら
れた方にオススメいたします！",
610,"≪狩人育成≫
氷狐竜の狩猟{j}デュラガウア１頭の狩猟{j}なし{j}なし{j}メインターゲットの達成{j}報酬金ゼロ
タイムアップ{j}ハンターズギルド{j}調査員から報告があり、
若いモンスター個体が
確認されました。
モンスターの生態や特徴を
知るには、もってこいの
依頼です。
特にハンター生活をはじめら
れた方にオススメいたします！",
611,"≪狩人育成≫
蒼眠鳥の狩猟{j}ヒプノック繁殖期１頭の狩猟{j}なし{j}なし{j}メインターゲットの達成{j}報酬金ゼロ
タイムアップ{j}ハンターズギルド{j}調査員から報告があり、
若いモンスター個体が
確認されました。
モンスターの生態や特徴を
知るには、もってこいの
依頼です。
特にハンター生活をはじめら
れた方にオススメいたします！",
612,"≪狩人育成≫
棘茶竜の狩猟{j}エスピナス亜種１頭の狩猟{j}なし{j}なし{j}メインターゲットの達成{j}報酬金ゼロ
タイムアップ{j}ハンターズギルド{j}調査員から報告があり、
若いモンスター個体が
確認されました。
モンスターの生態や特徴を
知るには、もってこいの
依頼です。
特にハンター生活をはじめら
れた方にオススメいたします！",
613,"≪狩人育成≫
紅溶岩竜の狩猟{j}ヴォルガノス亜種１頭の狩猟{j}なし{j}なし{j}メインターゲットの達成{j}報酬金ゼロ
タイムアップ{j}ハンターズギルド{j}調査員から報告があり、
若いモンスター個体が
確認されました。
モンスターの生態や特徴を
知るには、もってこいの
依頼です。
特にハンター生活をはじめら
れた方にオススメいたします！",
614,"≪狩人育成≫
響狼の狩猟{j}カム・オルガロン１頭の狩猟{j}なし{j}なし{j}メインターゲットの達成{j}報酬金ゼロ
タイムアップ{j}ハンターズギルド{j}調査員から報告があり、
若いモンスター個体が
確認されました。
モンスターの生態や特徴を
知るには、もってこいの
依頼です。
特にハンター生活をはじめら
れた方にオススメいたします！",
615,"≪狩人育成≫
雌響狼の狩猟{j}ノノ・オルガロン１頭の狩猟{j}なし{j}なし{j}メインターゲットの達成{j}報酬金ゼロ
タイムアップ{j}ハンターズギルド{j}調査員から報告があり、
若いモンスター個体が
確認されました。
モンスターの生態や特徴を
知るには、もってこいの
依頼です。
特にハンター生活をはじめら
れた方にオススメいたします！",
616,"≪狩人育成≫
蛮竜の狩猟{j}グレンゼブル１頭の狩猟{j}なし{j}なし{j}メインターゲットの達成{j}報酬金ゼロ
タイムアップ{j}ハンターズギルド{j}調査員から報告があり、
若いモンスター個体が
確認されました。
モンスターの生態や特徴を
知るには、もってこいの
依頼です。
特にハンター生活をはじめら
れた方にオススメいたします！",
617,"≪狩人育成≫
轟竜の狩猟{j}ティガレックス１頭の狩猟{j}なし{j}なし{j}メインターゲットの達成{j}報酬金ゼロ
タイムアップ{j}ハンターズギルド{j}調査員から報告があり、
若いモンスター個体が
確認されました。
モンスターの生態や特徴を
知るには、もってこいの
依頼です。
特にハンター生活をはじめら
れた方にオススメいたします！",
618,"≪狩人育成≫
灰晶蠍の討伐{j}アクラ・ジェビア１匹の討伐{j}なし{j}なし{j}メインターゲットの達成{j}報酬金ゼロ
タイムアップ{j}ハンターズギルド{j}調査員から報告があり、
若いモンスター個体が
確認されました。
モンスターの生態や特徴を
知るには、もってこいの
依頼です。
特にハンター生活をはじめら
れた方にオススメいたします！",
619,"≪狩人育成≫
舞雷竜の狩猟{j}ベルキュロス１頭の狩猟{j}なし{j}なし{j}メインターゲットの達成{j}報酬金ゼロ
タイムアップ{j}ハンターズギルド{j}調査員から報告があり、
若いモンスター個体が
確認されました。
モンスターの生態や特徴を
知るには、もってこいの
依頼です。
特にハンター生活をはじめら
れた方にオススメいたします！",
620,"≪狩人育成≫
溶岩竜の狩猟{j}ヴォルガノス変種１頭{j}なし{j}なし{j}メインターゲットの狩猟{j}報酬金ゼロ
タイムアップ{j}ハンターズギルド{j}調査員から報告があり、
若いモンスター個体が
確認されました。
モンスターの生態や特徴を
知るには、もってこいの
依頼です。
特にハンター生活をはじめら
れた方にオススメいたします！",
621,"≪スペシャルクエスト≫
金銀卵とドスファンゴ{j}ドスファンゴ２頭の討伐{j}なし{j}なし{j}メインターゲットの達成{j}報酬金ゼロ
タイムアップ{j}退屈王子{j}生き物が己の生を賭して戦う
姿や、その肉体の躍動美は、
金銀の輝きに値すると言って
よかろう。
獲物の血と命をもって、その
美しさに私を酔わせた者には
その美に匹敵する報酬を約束
しよう。私を楽しませてみよ。",
622,"≪スペシャルクエスト≫
金銀卵とドスランポス{j}ドスランポス２頭の討伐{j}なし{j}なし{j}メインターゲットの達成{j}報酬金ゼロ
タイムアップ{j}退屈王子{j}生き物が己の生を賭して戦う
姿や、その肉体の躍動美は、
金銀の輝きに値すると言って
よかろう。
獲物の血と命をもって、その
美しさに私を酔わせた者には
その美に匹敵する報酬を約束
しよう。私を楽しませてみよ。",
623,"≪スペシャルクエスト≫
金銀卵とドスゲネポス{j}ドスゲネポス２頭の討伐{j}なし{j}なし{j}メインターゲットの達成{j}報酬金ゼロ
タイムアップ{j}退屈王子{j}生き物が己の生を賭して戦う
姿や、その肉体の躍動美は、
金銀の輝きに値すると言って
よかろう。
獲物の血と命をもって、その
美しさに私を酔わせた者には
その美に匹敵する報酬を約束
しよう。私を楽しませてみよ。",
624,"≪スペシャルクエスト≫
金銀卵とイャンクック{j}イャンクック１頭の討伐{j}ランポス６頭の討伐{j}なし{j}マストオーダー全ての達成{j}報酬金ゼロ
タイムアップ{j}退屈王子{j}生き物が己の生を賭して戦う
姿や、その肉体の躍動美は、
金銀の輝きに値すると言って
よかろう。
獲物の血と命をもって、その
美しさに私を酔わせた者には
その美に匹敵する報酬を約束
しよう。私を楽しませてみよ。",
625,"≪スペシャルクエスト≫
金銀卵とフルフル{j}フルフル１頭の狩猟{j}フルフルの頭と胴の破壊{j}七色たんぽぽ４個の納品{j}メインターゲット、もしくは
サブターゲットＡかＢの達成{j}報酬金ゼロ
タイムアップ{j}退屈王子{j}生き物が己の生を賭して戦う
姿や、その肉体の躍動美は、
金銀の輝きに値すると言って
よかろう。
獲物の血と命をもって、その
美しさに私を酔わせた者には
その美に匹敵する報酬を約束
しよう。私を楽しませてみよ。",
626,"≪スペシャルクエスト≫
金銀卵とゲリョス{j}ゲリョス１頭の討伐{j}ゲリョスのトサカの破壊{j}灰水晶の原石２個の納品{j}メインターゲット、もしくは
サブターゲットＡかＢの達成{j}報酬金ゼロ
タイムアップ{j}退屈王子{j}生き物が己の生を賭して戦う
姿や、その肉体の躍動美は、
金銀の輝きに値すると言って
よかろう。
獲物の血と命をもって、その
美しさに私を酔わせた者には
その美に匹敵する報酬を約束
しよう。私を楽しませてみよ。",
627,"≪スペシャルクエスト≫
金銀卵とヒプノック{j}ヒプノック１頭の討伐{j}ヒプノックのクチバシ破壊{j}なし{j}メインターゲット、もしくは
サブターゲットＡの達成{j}報酬金ゼロ
タイムアップ{j}退屈王子{j}生き物が己の生を賭して戦う
姿や、その肉体の躍動美は、
金銀の輝きに値すると言って
よかろう。
獲物の血と命をもって、その
美しさに私を酔わせた者には
その美に匹敵する報酬を約束
しよう。私を楽しませてみよ。",
628,"≪スペシャルクエスト≫
金銀卵とババコンガ{j}ババコンガ１頭の討伐{j}なし{j}なし{j}メインターゲットの達成{j}報酬金ゼロ
タイムアップ{j}退屈王子{j}生き物が己の生を賭して戦う
姿や、その肉体の躍動美は、
金銀の輝きに値すると言って
よかろう。
獲物の血と命をもって、その
美しさに私を酔わせた者には
その美に匹敵する報酬を約束
しよう。私を楽しませてみよ。",
629,"≪スペシャルクエスト≫
金銀卵とドドブランゴ{j}ドドブランゴ１頭の討伐{j}なし{j}なし{j}メインターゲットの達成{j}報酬金ゼロ
タイムアップ{j}退屈王子{j}生き物が己の生を賭して戦う
姿や、その肉体の躍動美は、
金銀の輝きに値すると言って
よかろう。
獲物の血と命をもって、その
美しさに私を酔わせた者には
その美に匹敵する報酬を約束
しよう。私を楽しませてみよ。",
630,"≪スペシャルクエスト≫
金銀卵とエスピナス{j}エスピナス１頭の討伐{j}エスピナスの尻尾切断{j}なし{j}メインターゲット、もしくは
サブターゲットＡの達成{j}報酬金ゼロ
タイムアップ{j}退屈王子{j}生き物が己の生を賭して戦う
姿や、その肉体の躍動美は、
金銀の輝きに値すると言って
よかろう。
獲物の血と命をもって、その
美しさに私を酔わせた者には
その美に匹敵する報酬を約束
しよう。私を楽しませてみよ。",
631,"≪スペシャルクエスト≫
金銀卵とラージャン{j}ラージャン１頭の討伐{j}ラージャンの尻尾切断{j}なし{j}メインターゲット、もしくは
サブターゲットＡの達成{j}報酬金ゼロ
タイムアップ{j}退屈王子{j}生き物が己の生を賭して戦う
姿や、その肉体の躍動美は、
金銀の輝きに値すると言って
よかろう。
獲物の血と命をもって、その
美しさに私を酔わせた者には
その美に匹敵する報酬を約束
しよう。私を楽しませてみよ。",
632,"≪スペシャルクエスト≫
金銀卵とショウグンギザミ{j}ショウグンギザミ１匹の討伐{j}なし{j}なし{j}メインターゲットの達成{j}報酬金ゼロ
タイムアップ{j}退屈王子{j}生き物が己の生を賭して戦う
姿や、その肉体の躍動美は、
金銀の輝きに値すると言って
よかろう。
獲物の血と命をもって、その
美しさに私を酔わせた者には
その美に匹敵する報酬を約束
しよう。私を楽しませてみよ。",
633,"≪スペシャルクエスト≫
金銀卵とアクラ・ヴァシム{j}アクラ・ヴァシム１匹の討伐{j}アクラ・ヴァシムの尻尾切断{j}ドスゲネポス１頭の狩猟{j}メインターゲット、もしくは
サブターゲットＡかＢの達成{j}報酬金ゼロ
タイムアップ{j}退屈王子{j}生き物が己の生を賭して戦う
姿や、その肉体の躍動美は、
金銀の輝きに値すると言って
よかろう。
獲物の血と命をもって、その
美しさに私を酔わせた者には
その美に匹敵する報酬を約束
しよう。私を楽しませてみよ。",
634,"≪スペシャルクエスト≫
金銀卵とアクラ・ジェビア{j}アクラ・ジェビア１匹の討伐{j}主目標の血晶石の破壊{j}白水晶の原石２個の納品{j}メインターゲット、もしくは
サブターゲットＡ、Ｂの達成{j}報酬金ゼロ
タイムアップ{j}退屈王子{j}生き物が己の生を賭して戦う
姿や、その肉体の躍動美は、
金銀の輝きに値すると言って
よかろう。
獲物の血と命をもって、その
美しさに私を酔わせた者には
その美に匹敵する報酬を約束
しよう。私を楽しませてみよ。",
635,"≪スペシャルクエスト≫
金銀卵と覇竜変種{j}アカムトルム変種１頭{j}主目標の胸部破壊{j}主目標の尻尾切断{j}メインターゲットの討伐、
またはサブターゲットの達成{j}報酬金ゼロ
タイムアップ{j}退屈王子{j}生き物が己の生を賭して戦う
姿や、その肉体の躍動美は、
金銀の輝きに値すると言って
よかろう。
獲物の血と命をもって、その
美しさに私を酔わせた者には
その美に匹敵する報酬を約束
しよう。私を楽しませてみよ。",
636,"≪スペシャルクエスト≫
逆襲！ドスゲネポス{j}ドスゲネポス１頭の討伐{j}なし{j}なし{j}メインターゲットの達成{j}報酬金ゼロ
タイムアップ{j}大衆酒場ギルド{j}≪ドスゲネポス≫のとりわけ
強力な個体が、ことさらにハ
ンターたちを襲ってくること
があるそうです。
新米のハンターさんたちの討
伐相手としては、非常に手強
い相手になりそうですが、そ
の分報酬ははずみますよ。",
637,"≪スペシャルクエスト≫
逆襲！ドスガレオス{j}ドスガレオス１頭の狩猟{j}なし{j}なし{j}メインターゲットの達成{j}報酬金ゼロ
タイムアップ{j}大衆酒場ギルド{j}≪ドスガレオス≫の強力な
個体が現れました。
ギルドでは、これを討伐した
ハンターに、多額の報酬金を
支払うことになりました！
その代わり、その他の見返り
は控えめなので要注意です！",
638,"≪スペシャルクエスト≫
逆襲！ドスランポス{j}ドスランポス１頭の狩猟{j}なし{j}なし{j}メインターゲットの達成{j}報酬金ゼロ
タイムアップ{j}大衆酒場ギルド{j}≪ドスランポス≫の強力な
個体が現れました。
ギルドでは、これを討伐した
ハンターに、多額の報酬金を
支払うことになりました！
その代わり、その他の見返り
は控えめなので要注意です！",
639,"≪スペシャルクエスト≫
逆襲！毒怪鳥{j}ゲリョス亜種１頭の狩猟{j}ゲリョス１頭の狩猟{j}なし{j}マストオーダー全ての達成{j}報酬金ゼロ
タイムアップ{j}大衆酒場ギルド{j}密林から帰ったハンターから
珍しい報せが入りました。
２頭の毒怪鳥が、密林で暴れ
ているとのことです。
ギルドでは、この２頭を狩猟
してやろうという強者ハンタ
ーを、大募集中です！
奮って受注をどうぞ。",
640,"≪スペシャルクエスト≫
逆襲！ドスファンゴ{j}ドスファンゴ１頭の討伐{j}ブルファンゴ１６頭の討伐{j}なし{j}マストオーダー全ての達成{j}報酬金ゼロ
タイムアップ{j}闘技場の主催者{j}ハンターが己の腕前を披露す
る闘技場！
今回は、いくつもの村々を襲
ってきた悪名高き大猪たちが
闘技場に放たれた！
怒りに満ちた牙がハンター達
に襲い掛かるぞ！",
641,"≪スペシャルクエスト≫
逆襲！ヒプノック{j}ヒプノック２頭の討伐{j}なし{j}なし{j}メインターゲットの達成{j}報酬金ゼロ
タイムアップ{j}闘技場の主催者{j}ハンターが己の腕前を披露す
る闘技場！
睡眠ブレスの２重奏をかいく
ぐり渾身の一撃を叩きこめ！
見事、眠鳥２頭を仕留めれば
破格の賞金が待っているぞ！
求む！挑戦者！
",
642,"≪スペシャルクエスト≫
逆襲！２頭の牙獣{j}ドドブランゴ１頭の狩猟{j}ババコンガ１頭の狩猟{j}なし{j}マストオーダー全ての達成{j}報酬金ゼロ
タイムアップ{j}闘技場の主催者{j}ハンターが己の腕前を披露す
る闘技場！牙獣種を代表する
ドドブランゴとババコンガ。
１頭でも困難を極めるこの牙獣
を２頭同時に狩猟できる狩人が
果して存在するのか！？一人前
のハンターであっても一瞬の気
の緩みが命取りになるぞ！",
643,"≪スペシャルクエスト≫
逆襲！バサルモス{j}バサルモス１頭の狩猟{j}グラビモス１頭の狩猟{j}なし{j}マストオーダー全ての達成{j}報酬金ゼロ
タイムアップ{j}大老殿ギルド{j}≪バサルモス≫の強力な個体
が、≪グラビモス≫の強力な
個体を伴って現れたわ。
ギルドでは、この２頭を討伐
したハンターに、多額の報酬
金を支払うことになったの。
その代わり、その他の見返り
は控えめなので要注意よ。",
644,"≪スペシャルクエスト≫
逆襲！ディアブロス{j}ディアブロス１頭の討伐{j}なし{j}なし{j}メインターゲットの達成{j}報酬金ゼロ
タイムアップ{j}闘技場の主催者{j}ハンターが己の腕前を披露す
る闘技場！
今回は、大老殿ギルドからの
依頼で、とびきりの角竜を闘
技場に放ったぞ！
さあ、この角竜をねじ伏せて
誉れの大金を手に入れる強者
は一体誰だ！？",
645,"≪スペシャルクエスト≫
逆襲！リオレウス{j}リオレウス２頭の討伐{j}なし{j}なし{j}メインターゲットの達成{j}報酬金ゼロ
タイムアップ{j}闘技場の主催者{j}ハンターが己の腕前を披露す
る闘技場！
今回の対戦相手は空の王こと
≪リオレウス≫２頭！
苛烈な攻撃の応酬の中、この
闘技場で勝鬨を上げるのは、
空の王か、狩の王か。
挑戦者よ来たれ！",
646,"≪スペシャルクエスト≫
逆襲！ガノトトス{j}ガノトトス１頭の討伐{j}ガノトトスの一本釣り{j}なし{j}マストオーダー全ての達成{j}報酬金ゼロ
タイムアップ{j}大老殿ギルド{j}砂漠で巨大なガノトトスが目
撃されたとの報告が入った。
せっかくの大物なので、１回
釣り上げた上で討伐して
きてくれ。報酬は弾むぞ。
釣らずに討伐したら？
リタイアだ！",
647,"≪スペシャルクエスト≫
逆襲！グラビモス{j}グラビモス２頭の狩猟{j}なし{j}なし{j}メインターゲットの達成{j}報酬金ゼロ
タイムアップ{j}大老殿ギルド{j}灼熱の覇王が２頭…、沼地に
出没したらしいわ。沼地の鉱
石を目当てに辿り着いてしま
ったようね…。この最高難度
のクエストに臨める狩人が、
果たしてこの大老殿にいるの
かしら…。",
648,"≪スペシャルクエスト≫
逆襲！ラージャン{j}ラージャン２頭の狩猟{j}なし{j}なし{j}メインターゲットの達成{j}報酬金ゼロ
タイムアップ{j}闘技場の主催者{j}ハンターが己の腕前を披露す
る闘技場！
今回はモ…じゃなくて
あの金獅子！それも２体！
大いなる金色を倒し、
大金を掴むのは誰だ！
挑戦者よ来たれ！",
649,"≪スペシャルクエスト≫
逆襲！ヴォルガノス変種{j}ヴォルガノス変種１頭{j}ヴォルガノス変種の頭部{j}ヴォルガノス変種のヒレ{j}ヴォルガノス変種１頭の討伐
及び、各指定部位の破壊{j}報酬金ゼロ
タイムアップ{j}メゼポルタ猟団組合{j}溶岩竜の中でも、特に強力な
個体が現れました。
火山の主とも言うべき、巨大
な体躯に、もはや打つ手は見
当たらないとのこと。
伝説級の力を持つハンターの
討伐志願でもあればよいので
すが…。",
650,"≪スペシャルクエスト≫
逆襲！双黒変種{j}ラージャン変種１頭{j}イャンガルルガ変種１頭{j}なし{j}マストオーダー全ての討伐{j}報酬金ゼロ
タイムアップ{j}闘技場の主催者{j}ハンターが己の腕前を披露す
る闘技場！
今回は闘技場で暴れている
黒い影２つ。あの金獅子と
黒狼鳥、それも変種の討伐と
なります！強力な２頭の変種
を討伐して、大金を得るのは
一体誰でしょうか！？",
651,"≪特殊素材クエスト≫
双火槍{j}リオレウス希少種１頭の狩猟{j}リオレウス亜種１頭の狩猟{j}なし{j}メインターゲット、もしくは
サブターゲットＡの達成{j}報酬金ゼロ
タイムアップ{j}希少種観測隊{j}竜たちが憩う秘境で、火竜の
希少種と、その亜種が目撃さ
れました。外見や挙動におか
しなところはないのですが、
何か、こう、力に満ち溢れて
いたような…。あの火竜の
狩猟に成功すれば、噂にきく
火竜の魂をやどした素材が
手に入るかも…。",
652,"≪特殊素材クエスト≫
暴虐な双撃{j}ディアブロス亜種１頭の狩猟{j}ディアブロス１頭の狩猟{j}なし{j}メインターゲット、もしくは
サブターゲットＡの達成{j}報酬金ゼロ
タイムアップ{j}大老殿ギルド{j}現在砂漠は危険地帯です！
≪ディアブロス亜種≫と
≪ディアブロス≫の、非常に
強力な個体が暴れています。
その強さ、そして狂暴な角は
通常の個体とは比べ物になり
ませんが、狩猟に成功すれば
貴重な素材が入手可能かも…。
どうかお気をつけて！",
653,"≪特殊素材クエスト≫
急募！雪山のスイーパー！{j}ドスファンゴ１頭の狩猟{j}ブルファンゴ８頭の討伐{j}なし{j}マストオーダー全ての達成{j}報酬金ゼロ
タイムアップ{j}ハンターズギルド{j}近ごろ、雪山に猪が大量に
発生していてケガ人が続出し
ています。ハンターズギルド
は、この≪ドスファンゴ≫を
中心とした群れを退治してく
ださる方々を募集しておりま
す。事態は深刻のため、
報酬も一部のハンターが垂涎
する貴重な素材になります。",
654,"≪特殊素材クエスト≫
黒き木弓{j}グラビモス亜種１頭の狩猟{j}なし{j}なし{j}メインターゲットの達成{j}報酬金ゼロ
タイムアップ{j}さすらいの弓使い{j}失われた名弓「黒弓」を知っ
ているか？その素材を持って
いるが、タダではやらないよ。
火山に棲みつく黒鎧竜を弓で
狩猟してくれれば、キミの実
力を認めて、この≪墨のカケ
ラ≫を差し上げよう。",
655,"≪長期イベントクエスト≫
釣師への道【改良】{j}白銀の秘壺３３個の納品{j}なし{j}なし{j}メインターゲットの達成{j}報酬金ゼロ
タイムアップ{j}ギルドの釣師{j}「釣り」
それは魚と静かに向き合う
孤独な狩り。
以前に渡した設計図を工房の
親方に手渡してハンマーを
作ったと思うが、実はさらに
強化することができるのじゃ！
改良したければ、白銀の秘壺
３３個を持ってくるがよい。",
656,"≪長期イベントクエスト≫
採掘名人の挑戦{j}ドラグライト鉱石２５個の納品{j}カブレライト鉱石２５個の納品{j}なし{j}マストオーダー全ての達成{j}報酬金ゼロ
タイムアップ{j}採掘名人{j}ほう、ワシの依頼を
受けてくれるというのか。
採掘名人への道は険しいぞ？
それでは、貴重な鉱石２種を
大量に集めてもらおうかの。
そうすれば交換で、秘蔵の
鉱石をくれてやろう。
秘蔵の鉱石を集めれば
集めるほど、オヌシは
採掘名人に近づくじゃろう。",
657,"≪長期イベントクエスト≫
古代骨の龍弓{j}ゆびきり草８０個の納品{j}なし{j}なし{j}メインターゲットの達成{j}報酬金ゼロ
タイムアップ{j}発掘作業員{j}発掘で石を発見したんじゃが、
これでは価値が見出せん！
そこでハンターであるお主に
ゆびきり草を集めて欲しい。
ゆびきり草を束にすることで、
石を磨くことができるんじゃ。
持ってきてくれれば、
余った石をわけてやるぞい。",
658,"≪特殊素材クエスト≫
鳥竜の叩き{j}イャンクック２頭の狩猟{j}なし{j}なし{j}メインターゲットの達成{j}報酬金ゼロ
タイムアップ{j}鳥竜好き狩人{j}鳥竜を叩くんだよ。ハンマー
でこう、鳥竜をぶっ叩くのさ。
それこそがハンターの基本に
して極意ってもんさ。あんた
らもこの珍しい骨が欲しいな
ら、俺の愛用の装備を貸して
やるから、鳥竜どもをぶっ叩
いてきな！",
659,"≪特殊素材クエスト≫
白銀の雪山と落し物{j}ドドブランゴ１頭の狩猟{j}なし{j}なし{j}メインターゲットの達成{j}報酬金ゼロ
タイムアップ{j}雪山限定登山家{j}あるベテランハンターが
素材を大量に抱えて
雪山から下山していたら、
危険なモンスターに襲われ、
荷物を捨てて逃げたらしい。
そこで、オレに回収の依頼が
きたんだが…。
協力してくれるなら、その
素材を分けてくれるみたいだ
が、手伝ってくれるか？",
660,"≪特殊素材クエスト≫
失われし遺跡の謎{j}アクラ・ヴァシム１匹の討伐{j}なし{j}なし{j}メインターゲットの達成{j}報酬金ゼロ
タイムアップ{j}考古学者{j}沼地のどこかに太古時代の遺
跡があるとの情報を手に入れ
て、真偽を確かめるために沼
地に乗り込みましたが、目的
地に尾晶蠍が生息していて
困っています。どうか、その
モンスターを退治していただ
けないでしょうか。お礼に発
掘品の一部を進呈いたします。",
661,"≪特殊素材クエスト≫
連棘刀・右章{j}エスピナス亜種１頭の狩猟{j}なし{j}なし{j}メインターゲットの達成{j}報酬金ゼロ
タイムアップ{j}棘竜観測隊{j}先ほど古塔で観測された
棘茶竜について。その外見や
挙動におかしなところはない
のですが、その棘、角、
そして鱗の一部から何か特別
なものを感じました…。あれ
を狩猟することができれば、
特別な素材を手に入れること
ができるかも…。",
662,"≪特殊素材クエスト≫
連棘刀・左章{j}エスピナス希少種１頭の狩猟{j}なし{j}なし{j}メインターゲットの達成{j}報酬金ゼロ
タイムアップ{j}棘竜観測隊{j}先ほど樹海頂部で観測された
棘白竜について。その外見や
挙動におかしなところはない
のですが、その牙、角、
そして鱗の一部から何か特別
なものを感じました…。あれ
を狩猟することができれば、
特別な素材を手に入れること
ができるかも…。",
663,"≪特殊素材クエスト≫
連棘刀・極章{j}エスピナス変種１頭{j}主目標の尻尾切断{j}なし{j}主目標１頭の討伐
及び、各指定部位の破壊{j}報酬金ゼロ
タイムアップ{j}謎の鍛冶屋{j}お主が持っている棘ノ太刀は
まだまだ未知の力が眠ってい
る。力強い棘竜からしかとれ
ない≪極硬尖棘≫を手に入れ
て、その未知なる力を開放す
るが良い。",
664,"≪特殊素材クエスト≫
超鋼武器アルゲン【片手剣】{j}ラージャン１頭の狩猟{j}なし{j}なし{j}メインターゲットの達成{j}報酬金ゼロ
タイムアップ{j}武具工房の親方{j}なに、とにかく硬い片手剣が
欲しいって？
それなら、アルゲン鋼を精製
してやろう！
だが、あれを造るのに必要な
鉱石は、なかなか見つからな
い上に、付近には厄介なモン
スターまでうろついてやがる。
気合を入れて探してきてくれ！",
665,"≪特殊素材クエスト≫
超鋼武器アルゲン【双剣】{j}エスピナス亜種１頭の狩猟{j}なし{j}なし{j}メインターゲットの達成{j}報酬金ゼロ
タイムアップ{j}武具工房の親方{j}なに、とにかく硬い双剣が
欲しいって？
それなら、アルゲン鋼を精製
してやろう！
だが、あれを造るのに必要な
鉱石は、なかなか見つからな
い上に、付近には厄介なモン
スターまでうろついてやがる。
気合を入れて探してきてくれ！",
666,"≪特殊素材クエスト≫
超鋼武器アルゲン【大剣】{j}ドドブランゴ１頭の狩猟{j}なし{j}なし{j}メインターゲットの達成{j}報酬金ゼロ
タイムアップ{j}武具工房の親方{j}なに、とにかく硬い大剣が
欲しいって？
それなら、アルゲン鋼を精製
してやろう！
だが、あれを造るのに必要な
鉱石は、なかなか見つからな
い上に、付近には厄介なモン
スターまでうろついてやがる。
気合を入れて探してきてくれ！",
667,"≪特殊素材クエスト≫
超鋼武器アルゲン【太刀】{j}アクラ・ヴァシム１匹の討伐{j}なし{j}なし{j}メインターゲットの達成{j}報酬金ゼロ
タイムアップ{j}武具工房の親方{j}なに、とにかく硬い太刀が
欲しいって？
それなら、アルゲン鋼を精製
してやろう！
だが、あれを造るのに必要な
鉱石は、なかなか見つからな
い上に、付近には厄介なモン
スターまでうろついてやがる。
気合を入れて探してきてくれ！",
668,"≪特殊素材クエスト≫
超鋼武器アルゲン【鎚】{j}ダイミョウザザミ１匹の狩猟{j}なし{j}なし{j}メインターゲットの達成{j}報酬金ゼロ
タイムアップ{j}武具工房の親方{j}なに、とにかく硬いハンマー
が欲しいって？
それなら、アルゲン鋼を精製
してやろう！
だが、あれを造るのに必要な
鉱石は、なかなか見つからな
い上に、付近には厄介なモン
スターまでうろついてやがる。
気合を入れて探してきてくれ！",
669,"≪特殊素材クエスト≫
超鋼武器アルゲン【狩猟笛】{j}リオレイア１頭の狩猟{j}なし{j}なし{j}メインターゲットの達成{j}報酬金ゼロ
タイムアップ{j}武具工房の親方{j}なに、とにかく硬い狩猟笛が
欲しいって？
それなら、アルゲン鋼を精製
してやろう！
だが、あれを造るのに必要な
鉱石は、なかなか見つからな
い上に、付近には厄介なモン
スターまでうろついてやがる。
気合を入れて探してきてくれ！",
670,"≪特殊素材クエスト≫
超鋼武器アルゲン【槍】{j}ヴォルガノス亜種１頭の狩猟{j}なし{j}なし{j}メインターゲットの達成{j}報酬金ゼロ
タイムアップ{j}武具工房の親方{j}なに、とにかく硬いランスが
欲しいって？
それなら、アルゲン鋼を精製
してやろう！
だが、あれを造るのに必要な
鉱石は、なかなか見つからな
い上に、付近には厄介なモン
スターまでうろついてやがる。
気合を入れて探してきてくれ！",
671,"≪特殊素材クエスト≫
超鋼武器アルゲン【銃槍】{j}ヴォルガノス１頭の狩猟{j}なし{j}なし{j}メインターゲットの達成{j}報酬金ゼロ
タイムアップ{j}武具工房の親方{j}なに、とにかく硬いガン
ランスが欲しいって？
それなら、アルゲン鋼を精製
してやろう！
だが、あれを造るのに必要な
鉱石は、なかなか見つからな
い上に、付近には厄介なモン
スターまでうろついてやがる。
気合を入れて探してきてくれ！",
672,"≪特殊素材クエスト≫
超鋼武器アルゲン【軽弩】{j}エスピナス１頭の狩猟{j}なし{j}なし{j}メインターゲットの達成{j}報酬金ゼロ
タイムアップ{j}武具工房の親方{j}なに、とにかく硬いライト
ボウガンが欲しいって？
それなら、アルゲン鋼を精製
してやろう！
だが、あれを造るのに必要な
鉱石は、なかなか見つからな
い上に、付近には厄介なモン
スターまでうろついてやがる。
気合を入れて探してきてくれ！",
673,"≪特殊素材クエスト≫
超鋼武器アルゲン【重弩】{j}ティガレックス１頭の狩猟{j}なし{j}なし{j}メインターゲットの達成{j}報酬金ゼロ
タイムアップ{j}武具工房の親方{j}なに、とにかく硬いヘビィ
ボウガンが欲しいって？
それなら、アルゲン鋼を精製
してやろう！
だが、あれを造るのに必要な
鉱石は、なかなか見つからな
い上に、付近には厄介なモン
スターまでうろついてやがる。
気合を入れて探してきてくれ！",
674,"≪特殊素材クエスト≫
超鋼武器アルゲン【弓】{j}ディアブロス１頭の狩猟{j}なし{j}なし{j}メインターゲットの達成{j}報酬金ゼロ
タイムアップ{j}武具工房の親方{j}なに、とにかく硬い弓が
欲しいって？
それなら、アルゲン鋼を精製
してやろう！
だが、あれを造るのに必要な
鉱石は、なかなか見つからな
い上に、付近には厄介なモン
スターまでうろついてやがる。
気合を入れて探してきてくれ！",
675,"≪特殊素材クエスト≫
漆黒の重壁{j}グラビモス亜種２頭の狩猟{j}なし{j}なし{j}メインターゲットの達成{j}報酬金ゼロ
タイムアップ{j}ハンターズギルド{j}沼地に年老いた黒鎧竜が２頭
も現れたわ。
彼らの成熟した巨体を考える
と、沼地にある鉱物をすべて
食べ尽くしてしまう可能性が
あるの。
彼らを狩猟する、この高難度
の依頼を受注してくれる狩人
はいないかしら…。",
676,"≪特殊素材クエスト≫
双火竜の秘伝{j}リオレウス変種１頭{j}リオレイア変種１頭{j}なし{j}マストオーダー全ての捕獲{j}報酬金ゼロ
タイムアップ{j}モンスター研究員{j}私は長年、空の王と陸の
女王を研究してきたが、
やっとのことで生態の研究が
終わりそうなんだ。
あとは、峡谷に最近発見され
た火竜変種の調査を終えれば
書物が完成するので、捕獲を
頼むよ。協力してくれれば
書物の写しを分けてあげるよ。",
677,"≪特殊素材クエスト≫
砂中よりの奇襲{j}ディアブロス変種１頭{j}ドスガレオス変種１頭{j}なし{j}メインターゲットの狩猟、
またはサブターゲットの狩猟{j}報酬金ゼロ
タイムアップ{j}傷だらけの角笛職人{j}俺の角笛が欲しいってか？
うーん、金や物じゃ渡せねぇ
なぁ。どうやらいま砂漠に、
この角笛、そして俺の顔の
傷と因縁がある連中がいる
らしいから、あいつらを狩猟
して力を示してくれたら
やってもいいぞ。",
678,"≪特殊素材クエスト≫
砂漠で水陸両戦{j}ガノトトス変種１頭{j}リオレイア変種１頭{j}なし{j}マストオーダー全ての狩猟{j}報酬金ゼロ
タイムアップ{j}旅の楽師{j}ある異国の素晴らしい音楽を
広めようと活動しているが、
最近、神秘的な石を譲り受け
たんだ。
しかし、私はこの石を所持す
るのに相応しい人間ではない
と思う…。
砂漠での過酷な依頼を達成
したハンターに、音楽の書と
この石を譲ろう。",
679,"≪特殊素材クエスト≫
新米剥ぎ取り職人への試練{j}グラビモス変種１頭{j}主目標の尻尾切断{j}なし{j}主目標１頭の捕獲
及び、各指定部位の破壊{j}報酬金ゼロ
タイムアップ{j}新米剥ぎ取り職人{j}師匠から急な命令があってね。
一人前の剥ぎ取り職人なら、
鎧竜変種からその尾骨を剥ぎ
取れるんで、それを取って来
て見せろとさ。捕獲と、尻尾
の切断はハンターに依頼して
いいらしいから、なんとか頼
むよ。尾骨が取れたら、師匠
に見せたあとにあげるからさ。",
680,"≪特殊素材クエスト≫
溶岩の踊り手たち{j}ショウグンギザミ変種１匹{j}なし{j}なし{j}メインターゲットの狩猟{j}報酬金ゼロ
タイムアップ{j}退屈王子{j}生き物が己の生を賭して戦う
姿や、その肉体の躍動美は、
珠玉の輝きを持っている。
溶岩地帯、鎌蟹の変種の狩猟
で私を楽しませてくれれば、
この貴重な卵を報酬として
出そう。ほんのすこし危険な
牙獣種もいるらしいが、それ
は無視してしまってよいぞ…。",
681,"≪特殊素材クエスト≫
双黒狂舞{j}ラージャン変種１頭{j}イャンガルルガ変種１頭{j}なし{j}マストオーダー全ての狩猟{j}報酬金ゼロ
タイムアップ{j}異国からの遊客{j}峡谷の絶景を一度見たくて、
足を踏み入れたら、凶暴な
モンスターに遭遇してしまい
ました。そちらの呼び方です
と、黒狼鳥と金獅子でしょう
か。一人では太刀打ちできな
いので、先へ進めず仕方なく
戻ってきました。どうか彼ら
を退治してほしいです。",
682,"≪特殊素材クエスト≫
二対の紅盾{j}ダイミョウザザミ変種２匹{j}なし{j}なし{j}メインターゲットの狩猟{j}報酬金ゼロ
タイムアップ{j}ハンターズギルド{j}遠方よりお越しくださった方
が、夕方の密林を観光したい
そうです。その方の使用人に
よると、現場で多くの盾蟹が
目撃されているため、狩猟し
ておいてもらいたいとか…。
特別な報酬も用意していると
のことですし、受けてみては
いかがでしょうか？",
683,"≪特殊素材クエスト≫
青々とした狩人{j}ドスランポス変種１頭{j}ランポス１０頭{j}なし{j}マストオーダー全ての狩猟{j}報酬金ゼロ
タイムアップ{j}ギルド公認絵師{j}え？ああ、ギルドから頼まれ
ていた絵か…。ここ、そう。
この青い狩人の部分が終われ
ば完成なんだけどねぇ。ああ、
どこかに、僕によーく、青い
鳥竜の姿を見せてくれる人が
いないかなぁ…。そんな親切
な人には、ギルドも謝礼を惜
しまないだろうになぁ…。",
684,"≪特殊素材クエスト≫
森丘に流れる賛歌{j}リオレウス変種１頭{j}飛竜の卵３個の納品{j}なし{j}メインターゲットの狩猟、
またはサブターゲットの達成{j}報酬金ゼロ
タイムアップ{j}旅の楽師{j}ある異国で、素晴らしい音楽
に出会ったのだ。
長年、音楽を奏でることを生
業としてきた私の魂を揺さぶ
るものだった…。
私の指定した装備で戦い抜い
てきたハンター諸君に、その
音楽の書の第２巻を譲ろう…。",
685,"≪特殊素材クエスト≫
槌と金床{j}ヴォルガノス変種１頭{j}グラビモス変種１頭{j}なし{j}メインターゲット、もしくは
サブターゲットＡの狩猟{j}報酬金ゼロ
タイムアップ{j}工房の職人{j}この切れ端が欲しいって？
ああ、なんか武具強化のこと
が書いてあるな。やってもい
いんだが、素人にはやりたく
ないな…。少しは勉強してか
らまた来な。武具作りの基本
てのは火と、こうガキーンて
いうものと、ガチーンとした
ものだ。わかるだろ？",
686,"≪特殊素材クエスト≫
忍耐の証{j}ガノトトス変種１頭{j}主目標の一本釣り{j}主目標の背ビレ破壊{j}メインターゲットの狩猟、
またはサブターゲットの達成{j}報酬金ゼロ
タイムアップ{j}工房の職人{j}どうだい、見事なメダリオン
だろ？コツコツ頑張ればこれ
だけいいものが作れる。
ハンターにも職人にも忍耐っ
てもんが大事なのさ。欲しい
なら砂漠であのモンスターを
狩猟するか、釣り上げるかし
てお前さんの忍耐力を見せて
欲しいとこだな。",
687,"≪特殊素材クエスト≫
毒桃の挟撃{j}ババコンガ変種１頭{j}ゲリョス変種１頭{j}なし{j}マストオーダー全ての狩猟{j}報酬金ゼロ
タイムアップ{j}メゼポルタ猟団組合{j}密林で、≪ゲリョス≫と
≪ババコンガ≫の変種が
暴れているようです。
ギルドから、特殊な
エンブレムが報酬として
用意されておりますので、
至急、狩猟をお願いします。",
688,"≪特殊素材クエスト≫
森丘、再び{j}リオレウス変種２頭{j}なし{j}なし{j}メインターゲットの狩猟{j}報酬金ゼロ
タイムアップ{j}傷だらけの老人{j}先日森丘で採取をしていたら、
２頭の≪リオレウス≫に襲わ
れたのだ。わしはなんとか一
命を取り留めたが、いまやそ
いつらの縄張りと化している
森丘をこのまま放っておくこ
とはできぬ。そいつらを退治
してくれないか？お礼に、こ
の≪頑丈な顎骨≫をやろう。",
689,"≪特殊素材クエスト≫
黒星鉄と黒狼鳥{j}イャンガルルガ変種１頭{j}主目標の背中破壊{j}主目標の尻尾切断{j}メインターゲットの狩猟、
またはサブターゲットの達成{j}報酬金ゼロ
タイムアップ{j}観測所の職員{j}俺は見た！空から火の玉が降
り注ぐのを！それも１つや２
つじゃなく凄い数だったぞ。
密林に行けば何か痕跡が見つ
かる筈だ。ただし、最近密林
でイャンガルルガの目撃情報
が多く寄せられている。
要注意だ！",
690,"≪特殊素材クエスト≫
砂漠のクラウン{j}アクラ・ヴァシム変種１匹{j}ドスゲネポス変種１頭{j}なし{j}主目標１匹の討伐
及び、大型鳥竜種１頭の狩猟{j}報酬金ゼロ
タイムアップ{j}旅の道化師{j}ここに来る途中、体の色が
変化する蠍に襲われてしまい、
うっかり大事な本を落として
しまったのです。
時間があるなら、探してきて
いただけませんか？
そういえば、あの蠍の頭に
ついてる結晶は綺麗でしたね。
ぜひ、私の衣装にも使いたい
のですが…。",
691,"≪特殊素材クエスト≫
蒼眠鳥の乱舞{j}ヒプノック奇種１頭{j}なし{j}なし{j}メインターゲットの討伐{j}報酬金ゼロ
タイムアップ{j}アヤシイ老人{j}樹海で珍しい蒼色の眠鳥たち
が発見されたそうじゃな。
あいつらは昼の間、泣き叫ん
でうるさくてかなわん。
そこで相談じゃが、あいつを
討伐してきてくれんか？
お礼は「青色の羽毛」じゃ。
クチバシも壊してくれると、
さらにスカッとするのう。",
692,"≪特殊素材クエスト≫
銀火竜と銃槍{j}リオレウス希少種１頭の狩猟{j}なし{j}なし{j}メインターゲットの達成{j}報酬金ゼロ
タイムアップ{j}情熱溢れる銃槍使い{j}キミ、ガンランス大好きだろ
う？そうだろう？イイこと教
えるぞ？な～に、遠慮しなく
ていいって！なんかさ、塔に
珍しい火竜が目撃されてさ、
僕の勘だと、きっとそいつの
素材で凄いガンランスが作れ
るんだ。さあキミもガンラン
スで１回行ってきなよ！",
693,"≪特殊素材クエスト≫
いにしえの黒弓{j}アカムトルム変種１頭{j}なし{j}なし{j}メインターゲットの討伐{j}報酬金ゼロ
タイムアップ{j}さすらいの弓使い{j}名弓「黒弓」の隠された力を
引き出すためには、私が
持っているこの≪いにしえの
墨≫で更に加工する必要があ
るが、タダではやらないよ。
どこかにいる噂の≪覇竜≫を
弓で仕留めてくれれば、キミ
の実力を認めて、これを差し
上げよう。",
694,"≪特殊素材クエスト≫
大自然のコーラス【砂漠】{j}ドスガレオス変種１頭{j}ガノトトス変種１頭{j}黄金魚３匹の納品{j}指定モンスターの狩猟、
もしくは指定アイテムの納品{j}報酬金ゼロ
タイムアップ{j}隠居した武具職人{j}聴こえます。大自然の声が。
≪砂漠≫を舞台とした
この依頼をこなすことで、
≪大自然の声・流星≫や
≪大自然の声・流砂≫、
≪大自然の声・砂丘≫が
手に入るかもしれません。
皆様の狩猟生活の更なる
充実をお祈りいたします。",
695,"≪特殊素材クエスト≫
大自然のコーラス【雪山】{j}ドドブランゴ変種１頭{j}フルフル変種１頭{j}ブランゴ１５頭{j}メインターゲット、もしくは
サブターゲットＡかＢの狩猟{j}報酬金ゼロ
タイムアップ{j}隠居した武具職人{j}聴こえます。大自然の声が。
≪雪山≫を舞台とした
この依頼をこなすことで、
≪大自然の声・極光≫や
≪大自然の声・湧水≫、
≪大自然の声・山脈≫が
手に入るかもしれません。
皆様の狩猟生活の更なる
充実をお祈りいたします。",
696,"≪特殊素材クエスト≫
大自然のコーラス【樹海】{j}リオレイア変種１頭{j}エスピナス変種１頭{j}特産キノコ１０個の納品{j}指定モンスターの狩猟、
もしくは指定アイテムの納品{j}報酬金ゼロ
タイムアップ{j}隠居した武具職人{j}聴こえます。大自然の声が。
≪樹海≫を舞台とした
この依頼をこなすことで、
≪大自然の声・新緑≫や
≪大自然の声・大樹≫、
≪大自然の声・森林≫が
手に入るかもしれません。
皆様の狩猟生活の更なる
充実をお祈りいたします。",
697,"≪特殊素材クエスト≫
大自然のコーラス【火山】{j}グラビモス変種１頭{j}ショウグンギザミ変種１匹{j}火薬岩２個の納品{j}指定モンスターの狩猟、
もしくは指定アイテムの納品{j}報酬金ゼロ
タイムアップ{j}隠居した武具職人{j}聴こえます。大自然の声が。
≪火山≫を舞台とした
この依頼をこなすことで、
≪大自然の声・火口≫や
≪大自然の声・陽炎≫、
≪大自然の声・荒野≫が
手に入るかもしれません。
皆様の狩猟生活の更なる
充実をお祈りいたします。",
698,"≪特殊素材クエスト≫
大自然のコーラス【沼地】{j}ゲリョス変種１頭{j}ババコンガ変種１頭{j}コンガ１０頭{j}メインターゲット、もしくは
サブターゲットＡかＢの狩猟{j}報酬金ゼロ
タイムアップ{j}隠居した武具職人{j}聴こえます。大自然の声が。
≪沼地≫を舞台とした
この依頼をこなすことで、
≪大自然の声・湿地≫や
≪大自然の声・豪雨≫、
≪大自然の声・湖畔≫が
手に入るかもしれません。
皆様の狩猟生活の更なる
充実をお祈りいたします。",
699,"≪特殊素材クエスト≫
大自然のコーラス【森丘】{j}リオレイア変種１頭{j}ヒプノック変種１頭{j}カンタロス１５匹{j}メインターゲット、もしくは
サブターゲットＡかＢの狩猟{j}報酬金ゼロ
タイムアップ{j}隠居した武具職人{j}聴こえます。大自然の声が。
≪森丘≫を舞台とした
この依頼をこなすことで、
≪大自然の声・風穴≫や
≪大自然の声・爛漫≫、
≪大自然の声・草原≫が
手に入るかもしれません。
皆様の狩猟生活の更なる
充実をお祈りいたします。",
700,"≪特殊素材クエスト≫
大自然のコーラス【峡谷】{j}イャンガルルガ変種１頭{j}リオレウス変種１頭{j}ゲネポス１０頭{j}メインターゲット、もしくは
サブターゲットＡかＢの狩猟{j}報酬金ゼロ
タイムアップ{j}隠居した武具職人{j}聴こえます。大自然の声が。
≪峡谷≫を舞台とした
この依頼をこなすことで、
≪大自然の声・氷河≫や
≪大自然の声・岩窟≫、
≪大自然の声・断崖≫が
手に入るかもしれません。
皆様の狩猟生活の更なる
充実をお祈りいたします。",
701,"≪特殊素材クエスト≫
大自然のコーラス【密林】{j}リオレイア変種１頭{j}ダイミョウザザミ変種１匹{j}肉食竜の卵２個の納品{j}指定モンスターの狩猟、
もしくは指定アイテムの納品{j}報酬金ゼロ
タイムアップ{j}隠居した武具職人{j}聴こえます。大自然の声が。
≪密林≫を舞台とした
この依頼をこなすことで、
≪大自然の声・炎天≫や
≪大自然の声・磯辺≫、
≪大自然の声・海原≫が
手に入るかもしれません。
皆様の狩猟生活の更なる
充実をお祈りいたします。",
702,"≪特殊素材クエスト≫
大自然のエール【火山】{j}グラビモス変種１頭{j}ヴォルガノス変種１頭{j}なし{j}メインターゲット、もしくは
サブターゲットＡの狩猟{j}報酬金ゼロ
タイムアップ{j}隠居した武具職人{j}聴こえます。大自然の声が。
≪火山≫を舞台とした
この依頼をこなすことで、
≪大自然の声・台地≫や
≪大自然の声・竜巻≫が
手に入るかもしれません。
皆様の狩猟生活の更なる
充実をお祈りいたします。",
703,"≪特殊素材クエスト≫
大自然のエール【砂漠】{j}ディアブロス変種１頭{j}ヒプノック変種１頭{j}なし{j}メインターゲット、もしくは
サブターゲットＡの狩猟{j}報酬金ゼロ
タイムアップ{j}隠居した武具職人{j}聴こえます。大自然の声が。
≪砂漠≫を舞台とした
この依頼をこなすことで、
≪大自然の声・倒木≫や
≪大自然の声・吹雪≫が
手に入るかもしれません。
皆様の狩猟生活の更なる
充実をお祈りいたします。",
704,"≪特殊素材クエスト≫
大自然のエール【沼地】{j}ゲリョス変種１頭{j}フルフル変種１頭{j}なし{j}メインターゲット、もしくは
サブターゲットＡの狩猟{j}報酬金ゼロ
タイムアップ{j}隠居した武具職人{j}聴こえます。大自然の声が。
≪沼地≫を舞台とした
この依頼をこなすことで、
≪大自然の声・源泉≫や
≪大自然の声・濃霧≫が
手に入るかもしれません。
皆様の狩猟生活の更なる
充実をお祈りいたします。",
705,"≪特殊素材クエスト≫
大自然のエール【密林】{j}イャンガルルガ変種１頭{j}ガノトトス変種１頭{j}なし{j}メインターゲット、もしくは
サブターゲットＡの狩猟{j}報酬金ゼロ
タイムアップ{j}隠居した武具職人{j}聴こえます。大自然の声が。
≪密林≫を舞台とした
この依頼をこなすことで、
≪大自然の声・奇岩≫や
≪大自然の声・深海≫が
手に入るかもしれません。
皆様の狩猟生活の更なる
充実をお祈りいたします。",
706,"≪特殊素材クエスト≫
鬼に金棒{j}ラージャン変種１頭{j}ティガレックス変種１頭{j}なし{j}マストオーダー全ての狩猟{j}報酬金ゼロ
タイムアップ{j}鬼気迫るハンター{j}雪山で恐ろしい目に遭った…。
長い事この稼業やってきたが、
あんなに恐怖を感じたのは初
めてだ。本当に生きた心地が
しなかったよ。必死に逃げ帰
る途中で、不思議な黒い金属
を見た気がするけど、調べる
余裕なんて無かったな。",
707,"≪スキルカフクエスト≫
プーギーと僕・黒の項{j}グラビモス亜種１頭の狩猟{j}なし{j}なし{j}メインターゲットの達成{j}報酬金ゼロ
タイムアップ{j}器用な職人{j}スキルカフ？ああ、なんか
プーギーに付ける装飾品らし
いな。プーギーにも装飾品と
は世の中進んだもんだ。え？
その素材を作ってくれって？
うーん…、ちょっと難しいが、
俺の依頼をきいてくれたら
何とかしてやってもいいぞ。
行っている間に作っておくよ。",
708,"≪スキルカフクエスト≫
プーギーと僕・白の項{j}キリン１頭の討伐{j}なし{j}なし{j}メインターゲットの達成{j}報酬金ゼロ
タイムアップ{j}器用な職人{j}スキルカフ？ああ、なんか
プーギーに付ける装飾品らし
いな。プーギーにも装飾品と
は世の中進んだもんだ。え？
その素材を作ってくれって？
うーん…、ちょっと難しいが、
俺の依頼をきいてくれたら
何とかしてやってもいいぞ。
行っている間に作っておくよ。",
709,"≪スキルカフクエスト≫
プーギーと僕・青の項{j}ガノトトス亜種１頭の狩猟{j}なし{j}なし{j}メインターゲットの達成{j}報酬金ゼロ
タイムアップ{j}器用な職人{j}スキルカフ？ああ、なんか
プーギーに付ける装飾品らし
いな。プーギーにも装飾品と
は世の中進んだもんだ。え？
その素材を作ってくれって？
うーん…、ちょっと難しいが、
俺の依頼をきいてくれたら
何とかしてやってもいいぞ。
行っている間に作っておくよ。",
710,"≪スキルカフクエスト≫
プーギーと僕・紫の項{j}イャンガルルガ１頭の狩猟{j}なし{j}なし{j}メインターゲットの達成{j}報酬金ゼロ
タイムアップ{j}器用な職人{j}スキルカフ？ああ、なんか
プーギーに付ける装飾品らし
いな。プーギーにも装飾品と
は世の中進んだもんだ。え？
その素材を作ってくれって？
うーん…、ちょっと難しいが、
俺の依頼をきいてくれたら
何とかしてやってもいいぞ。
行っている間に作っておくよ。",
711,"≪スキルカフクエスト≫
プーギーと僕・桜の項{j}リオレイア亜種１頭の狩猟{j}なし{j}なし{j}メインターゲットの達成{j}報酬金ゼロ
タイムアップ{j}器用な職人{j}スキルカフ？ああ、なんか
プーギーに付ける装飾品らし
いな。プーギーにも装飾品と
は世の中進んだもんだ。え？
その素材を作ってくれって？
うーん…、ちょっと難しいが、
俺の依頼をきいてくれたら
何とかしてやってもいいぞ。
行っている間に作っておくよ。",
712,"≪スキルカフクエスト≫
プーギーと僕・卯花の項{j}リオレウス亜種１頭の狩猟{j}なし{j}なし{j}メインターゲットの達成{j}報酬金ゼロ
タイムアップ{j}器用な職人{j}スキルカフ？ああ、なんか
プーギーに付ける装飾品らし
いな。プーギーにも装飾品と
は世の中進んだもんだ。え？
その素材を作ってくれって？
うーん…、ちょっと難しいが、
俺の依頼をきいてくれたら
何とかしてやってもいいぞ。
行っている間に作っておくよ。",
713,"≪スキルカフクエスト≫
プーギーと僕・褐返の項{j}ショウグンギザミ１匹の狩猟{j}なし{j}なし{j}メインターゲットの達成{j}報酬金ゼロ
タイムアップ{j}器用な職人{j}スキルカフ？ああ、なんか
プーギーに付ける装飾品らし
いな。プーギーにも装飾品と
は世の中進んだもんだ。え？
その素材を作ってくれって？
うーん…、ちょっと難しいが、
俺の依頼をきいてくれたら
何とかしてやってもいいぞ。
行っている間に作っておくよ。",
714,"≪スキルカフクエスト≫
プーギーと僕・漆黒の項{j}ディアブロス亜種１頭の狩猟{j}なし{j}なし{j}メインターゲットの達成{j}報酬金ゼロ
タイムアップ{j}器用な職人{j}スキルカフ？ああ、なんか
プーギーに付ける装飾品らし
いな。プーギーにも装飾品と
は世の中進んだもんだ。え？
その素材を作ってくれって？
うーん…、ちょっと難しいが、
俺の依頼をきいてくれたら
何とかしてやってもいいぞ。
行っている間に作っておくよ。",
715,"≪スキルカフクエスト≫
プーギーと僕・白磁の項{j}リオレウス希少種１頭の狩猟{j}なし{j}なし{j}メインターゲットの達成{j}報酬金ゼロ
タイムアップ{j}器用な職人{j}スキルカフ？ああ、なんか
プーギーに付ける装飾品らし
いな。プーギーにも装飾品と
は世の中進んだもんだ。え？
その素材を作ってくれって？
うーん…、ちょっと難しいが、
俺の依頼をきいてくれたら
何とかしてやってもいいぞ。
行っている間に作っておくよ。",
716,"≪スキルカフクエスト≫
プーギーと僕・紺の項{j}ガノトトス１頭の狩猟{j}なし{j}なし{j}メインターゲットの達成{j}報酬金ゼロ
タイムアップ{j}器用な職人{j}スキルカフ？ああ、なんか
プーギーに付ける装飾品らし
いな。プーギーにも装飾品と
は世の中進んだもんだ。え？
その素材を作ってくれって？
うーん…、ちょっと難しいが、
俺の依頼をきいてくれたら
何とかしてやってもいいぞ。
行っている間に作っておくよ。",
717,"≪スキルカフクエスト≫
プーギーと僕・芥子の項{j}ディアブロス１頭の狩猟{j}なし{j}なし{j}メインターゲットの達成{j}報酬金ゼロ
タイムアップ{j}器用な職人{j}スキルカフ？ああ、なんか
プーギーに付ける装飾品らし
いな。プーギーにも装飾品と
は世の中進んだもんだ。え？
その素材を作ってくれって？
うーん…、ちょっと難しいが、
俺の依頼をきいてくれたら
何とかしてやってもいいぞ。
行っている間に作っておくよ。",
718,"≪スキルカフクエスト≫
プーギーと僕・空の項{j}リオレウス１頭の狩猟{j}なし{j}なし{j}メインターゲットの達成{j}報酬金ゼロ
タイムアップ{j}器用な職人{j}スキルカフ？ああ、なんか
プーギーに付ける装飾品らし
いな。プーギーにも装飾品と
は世の中進んだもんだ。え？
その素材を作ってくれって？
うーん…、ちょっと難しいが、
俺の依頼をきいてくれたら
何とかしてやってもいいぞ。
行っている間に作っておくよ。",
719,"≪スキルカフクエスト≫
プーギーと僕・濡羽の項{j}エスピナス１頭の狩猟{j}なし{j}なし{j}メインターゲットの達成{j}報酬金ゼロ
タイムアップ{j}器用な職人{j}スキルカフ？ああ、なんか
プーギーに付ける装飾品らし
いな。プーギーにも装飾品と
は世の中進んだもんだ。え？
その素材を作ってくれって？
うーん…、ちょっと難しいが、
俺の依頼をきいてくれたら
何とかしてやってもいいぞ。
行っている間に作っておくよ。",
720,"≪スキルカフクエスト≫
プーギーと僕・乳白の項{j}フルフル１頭の狩猟{j}なし{j}なし{j}メインターゲットの達成{j}報酬金ゼロ
タイムアップ{j}器用な職人{j}スキルカフ？ああ、なんか
プーギーに付ける装飾品らし
いな。プーギーにも装飾品と
は世の中進んだもんだ。え？
その素材を作ってくれって？
うーん…、ちょっと難しいが、
俺の依頼をきいてくれたら
何とかしてやってもいいぞ。
行っている間に作っておくよ。",
721,"≪スキルカフクエスト≫
プーギーと僕・千歳の項{j}ヒプノック１頭の狩猟{j}なし{j}なし{j}メインターゲットの達成{j}報酬金ゼロ
タイムアップ{j}器用な職人{j}スキルカフ？ああ、なんか
プーギーに付ける装飾品らし
いな。プーギーにも装飾品と
は世の中進んだもんだ。え？
その素材を作ってくれって？
うーん…、ちょっと難しいが、
俺の依頼をきいてくれたら
何とかしてやってもいいぞ。
行っている間に作っておくよ。",
722,"≪スキルカフクエスト≫
プーギーと僕・露草の項{j}デュラガウア１頭の狩猟{j}なし{j}なし{j}メインターゲットの達成{j}報酬金ゼロ
タイムアップ{j}器用な職人{j}スキルカフ？ああ、なんか
プーギーに付ける装飾品らし
いな。プーギーにも装飾品と
は世の中進んだもんだ。え？
その素材を作ってくれって？
うーん…、ちょっと難しいが、
俺の依頼をきいてくれたら
何とかしてやってもいいぞ。
行っている間に作っておくよ。",
723,"≪スキルカフクエスト≫
プーギーと僕・常磐の項{j}リオレイア１頭の狩猟{j}なし{j}なし{j}メインターゲットの達成{j}報酬金ゼロ
タイムアップ{j}器用な職人{j}スキルカフ？ああ、なんか
プーギーに付ける装飾品らし
いな。プーギーにも装飾品と
は世の中進んだもんだ。え？
その素材を作ってくれって？
うーん…、ちょっと難しいが、
俺の依頼をきいてくれたら
何とかしてやってもいいぞ。
行っている間に作っておくよ。",
724,"≪スキルカフクエスト≫
プーギー大全・黒白青紫桜{j}ガノトトス亜種１頭の狩猟{j}リオレイア亜種１頭の狩猟{j}なし{j}メインターゲット、もしくは
サブターゲットＡの達成{j}報酬金ゼロ
タイムアップ{j}器用な職人{j}スキルカフの素材？前に依頼
されていくつか作ったよ。
え、また作ってほしいって？
んー、今ちょっと忙しいんだ
が、俺の依頼をこなしてくれ
たら、前に作ったやつの残り
でよければやってもいいぞ。
もしかしたら無いかもしれん
が行ってる間に探しておくよ。",
725,"≪スキルカフクエスト≫
プーギー大全・卯褐漆磁紺{j}ディアブロス亜種１頭の狩猟{j}ガノトトス１頭の狩猟{j}なし{j}メインターゲット、もしくは
サブターゲットＡの達成{j}報酬金ゼロ
タイムアップ{j}器用な職人{j}スキルカフの素材？前に依頼
されていくつか作ったよ。
え、また作ってほしいって？
んー、今ちょっと忙しいんだ
が、俺の依頼をこなしてくれ
たら、前に作ったやつの残り
でよければやってもいいぞ。
もしかしたら無いかもしれん
が行ってる間に探しておくよ。",
726,"≪スキルカフクエスト≫
プーギー大全・芥空濡乳{j}リオレウス亜種１頭の狩猟{j}リオレウス１頭の狩猟{j}なし{j}メインターゲット、もしくは
サブターゲットＡの達成{j}報酬金ゼロ
タイムアップ{j}器用な職人{j}スキルカフの素材？前に依頼
されていくつか作ったよ。
え、また作ってほしいって？
んー、今ちょっと忙しいんだ
が、俺の依頼をこなしてくれ
たら、前に作ったやつの残り
でよければやってもいいぞ。
もしかしたら無いかもしれん
が行ってる間に探しておくよ。",
727,"≪スキルカフクエスト≫
プーギー大全・千露常{j}リオレイア１頭の狩猟{j}ヒプノック１頭の狩猟{j}なし{j}メインターゲット、もしくは
サブターゲットＡの達成{j}報酬金ゼロ
タイムアップ{j}器用な職人{j}スキルカフの素材？前に依頼
されていくつか作ったよ。
え、また作ってほしいって？
んー、今ちょっと忙しいんだ
が、俺の依頼をこなしてくれ
たら、前に作ったやつの残り
でよければやってもいいぞ。
もしかしたら無いかもしれん
が行ってる間に探しておくよ。",
728,"≪長期イベントクエスト≫
釣師への道・駆け出し{j}カジキマグロ１０匹の納品{j}なし{j}なし{j}メインターゲットの達成{j}報酬金ゼロ
タイムアップ{j}ギルドの釣師{j}釣り、それは魚と静かに向き
合う孤独な狩り。モンスター
を狩るだけがハンターじゃな
い。釣りだって立派な狩猟だ。
君も釣師を目指してみないか？
もし目指すなら、一人でカジ
キマグロ１０匹の納品からだ。",
729,"≪長期イベントクエスト≫
釣師への道・半人前{j}魚拓【小】１０枚の納品{j}ガノトトスの一本釣り{j}なし{j}マストオーダー全ての達成{j}報酬金ゼロ／タイムアップ
ガノトトス１頭の狩猟{j}ギルドの釣師{j}釣り、それは魚と静かに向き
合う孤独な狩り。次は日々の
研鑽の積み重ねを証明して貰
おう。一人でガノトトスの一
本釣りと魚拓【小】１０枚の
納品だ。ガノトトスは絶対に
狩らずに釣り上げるんだぞ。",
730,"≪長期イベントクエスト≫
釣師への道・独り立ち{j}魚拓【大】３０枚の納品{j}ガノトトス亜種の１本釣り{j}なし{j}マストオーダー全ての達成{j}報酬金ゼロ／タイムアップ
ガノトトス亜種１頭の狩猟{j}ギルドの釣師{j}釣り、それは魚と静かに向き
合う孤独な狩り。報酬は、
釣師の証になる、ある素材だ。
今までの集大成を見せてくれ！
釣りが目的だから、ガノトト
ス亜種は今回も絶対に狩らな
いように！",
731,"≪長期イベントクエスト≫
釣師への道・名人{j}魚拓【大】１０枚の納品{j}ガノトトス変種の１本釣り{j}なし{j}マストオーダー全ての達成{j}報酬金ゼロ／タイムアップ
ガノトトス変種の狩猟{j}ギルドの釣師{j}釣り、それは魚と静かに向き
合う孤独な狩り。
その腕前はもはや名人の域に
達しているじゃろ。
そこで、ワシから一子相伝の
技を授けてやろうかの。
条件は、魚拓【大】の納品と
ガノトトス変種の一本釣り
じゃ。待ってるぞ！",
732,"≪長期イベントクエスト≫
収穫へ至る採掘・前編{j}緋夕石５０個の納品{j}風紋石５０個の納品{j}ベリル鉱石５０個の納品{j}マストオーダー全ての達成{j}報酬金ゼロ
タイムアップ{j}ギルドの採掘師{j}おう、よく来たな。
モンスターを狩るのもいいが、
採掘も楽しいよな！
そこで、採掘の腕試しをして
みないか？
これから依頼する鉱石を集め
てほしい。
報酬は弾むぜ！",
733,"≪長期イベントクエスト≫
収穫へ至る採掘・後編{j}紅蓮石５０個の納品{j}クレンザイト５０個の納品{j}燐蛍石５０個の納品{j}マストオーダー全ての達成{j}報酬金ゼロ
タイムアップ{j}ギルドの採掘師{j}採掘はいいよな。
掘ってる最中は無心になれる。
オレも狩り場に行く時は、
必ずピッケル持参だ！
てなわけで、次の依頼だ。
今回も良質な鉱石の納品を
待ってるぞ。
報酬は期待してくれ！",
734,"≪長期イベントクエスト≫
収穫へ至る採取・前編{j}七色たんぽぽ５０個の納品{j}黒真珠５０個の納品{j}なぞの頭骨５０個の納品{j}マストオーダー全ての達成{j}報酬金ゼロ
タイムアップ{j}ギルドの採取師{j}ごきげんよう。はじめまして。
ちょっとした狩りの合間に
採取をしていますか？
これも一つのいい機会だと
思いますので、あなたの採取
の成果を見せていただけない
かしら？
もちろん、報酬はお渡ししま
すから。",
735,"≪長期イベントクエスト≫
収穫へ至る採取・後編{j}エールナッツ５０個の納品{j}混沌茸５０個の納品{j}オカサンゴ５０個の納品{j}マストオーダー全ての達成{j}報酬金ゼロ
タイムアップ{j}ギルドの採取師{j}今日も採取をしていますか？
道具を必要としない代わりに、
装備に気を使いたいですよね。
さて、新しい採取の依頼です。
んー、今回も少し大変かも
しれませんが頑張ってくださ
いね。もちろん報酬はお渡し
しますから。",
736,"≪長期イベントクエスト≫
収穫へ至る採掘・完結編{j}採集のコイン・１を１０個納品{j}採集のコイン・２を１０個納品{j}フルベビアイス１個の納品{j}マストオーダー全ての達成{j}報酬金ゼロ
タイムアップ{j}ギルドの採掘師{j}これが俺から最後の依頼だ。
また鉱石集めかだって？
いや、今まで集めたコインを
まとめて交換するだけだ。
…そういえば、掘ってばかり
でフルベビアイスを見たこと
なかったから作ってきてくれ
ないか？",
737,"≪長期イベントクエスト≫
収穫へ至る採取・完結編{j}採集のコイン・３を１０個納品{j}採集のコイン・４を１０個納品{j}肉食竜の卵１個の納品{j}マストオーダー全ての達成{j}報酬金ゼロ
タイムアップ{j}ギルドの採取師{j}これが最後の依頼です。
と言っても、今まで集めた
コインを１つにするだけです。
……でも、それだと物足りな
いので肉食竜の卵を取って
きていただけないかしら。
私、あの卵だけは重くて運ん
だことがありませんの。",
738,"≪長期イベントクエスト≫
豊穣を与える者【剣士】{j}採集のコイン・収を１個納品{j}採集のコイン・穫を１個納品{j}あめ葉１個の納品{j}マストオーダー全ての達成{j}報酬金ゼロ
タイムアップ{j}白い服のギルド員{j}あなたは、あの時に岩塩を
取ってきてくれた方ですね。
……冗談ですよ。
あの採集を極めしハンター
さんですね。
こうして再びお会いしたのも
何かの縁でしょう。
もう一度コインをお持ちいた
だければ、あなたに新しい
コインを差し上げましょう。",
739,"≪長期イベントクエスト≫
豊穣を与える者【ガンナー】{j}採集のコイン・収を１個納品{j}採集のコイン・穫を１個納品{j}あめ葉１個の納品{j}マストオーダー全ての達成{j}報酬金ゼロ
タイムアップ{j}白い服のギルド員{j}あなたは、あの時に岩塩を
取ってきてくれた方ですね。
……冗談ですよ。
あの採集を極めしハンター
さんですね。
こうして再びお会いしたのも
何かの縁でしょう。
もう一度コインをお持ちいた
だければ、あなたに新しい
コインを差し上げましょう。",
740,"≪長期イベントクエスト≫
繁栄を促す者【剣士】{j}パルサント鉱石９９個の納品{j}うぶ毛草９９個の納品{j}石灰石１個の納品{j}マストオーダー全ての達成{j}報酬金ゼロ
タイムアップ{j}白い服のギルド員{j}始まりは小さな種でしたが、
心を込めて育てることで
収穫に至り、やがてそれは
豊穣をも生み出しました。
しかし、まだまだ終わりでは
ありません。≪秘伝書≫を
お持ちのハンターさんならば、
さらなる繁栄を促すことが
できるでしょう。",
741,"≪長期イベントクエスト≫
繁栄を促す者【ガンナー】{j}パルサント鉱石９９個の納品{j}うぶ毛草９９個の納品{j}石灰石１個の納品{j}マストオーダー全ての達成{j}報酬金ゼロ
タイムアップ{j}白い服のギルド員{j}始まりは小さな種でしたが、
心を込めて育てることで
収穫に至り、やがてそれは
豊穣をも生み出しました。
しかし、まだまだ終わりでは
ありません。≪秘伝書≫を
お持ちのハンターさんならば、
さらなる繁栄を促すことが
できるでしょう。",
742,"≪長期イベントクエスト≫
そして収穫のとき{j}採集のコイン・収を１個納品{j}採集のコイン・穫を１個納品{j}岩塩１個の納品{j}マストオーダー全ての達成{j}報酬金ゼロ
タイムアップ{j}白い服のギルド員{j}二人の名人の依頼を見事に
達成しましたね。
記念といっては何ですが、
ある装備を作成するのに必要
なコインをお渡しします。
あと…岩塩を切らしてしまっ
たので、ついでに取ってき
ていただけますか？",
743,"≪長期イベントクエスト≫
貝王～海遊編～{j}きれいな貝殻１０個の納品{j}やわらかな貝殻１０個の納品{j}なし{j}マストオーダー全ての達成{j}報酬金ゼロ
タイムアップ{j}海の狩人{j}ひとつ、狩りをお願いする。
俺は大好きなんだ。
狩りは狩りでも潮干狩り！
将来は貝に埋もれて過ごすの
が夢なんだ。貝をいっぱいあ
つめてきてくれないか？
もちろん、報酬も弾むぜ？",
744,"≪長期イベントクエスト≫
貝王～海の民編～{j}黄晶石の欠片９９個の納品{j}なし{j}なし{j}メインターゲットの達成{j}報酬金ゼロ
タイムアップ{j}海の狩人{j}だいぶ集まってきた貝？
……なんてね。
貝の中に稀に入っている石。
これも必要なんだ。
大変だと思うが、もう少し
潮干狩りをお願いするよ。
報酬？
大丈夫。覚えているよ。",
745,"≪長期イベントクエスト≫
貝王～極貝編～{j}橙晶石の欠片４個の納品{j}なし{j}なし{j}メインターゲットの達成{j}報酬金ゼロ
タイムアップ{j}海の狩人{j}だいぶ集まってきたようだ。
俺の夢までもう一歩。
もう少し。
あともう少しだけ付き合って
欲しい。
もちろん、達成できた暁には
素晴らしいお宝をあげるよ。",
746,"≪長期イベントクエスト≫
虫取り名人への道{j}キラビートル５０匹の納品{j}なし{j}なし{j}メインターゲットの達成{j}報酬金ゼロ
タイムアップ{j}虫取り名人{j}この世界には様々な虫たちが
いるよね。
その中でも、私は≪キラビー
トル≫が好きでたくさん集め
てるの。
あなたも手伝ってくれるなら、
５０匹ごとに私のところに
持ってきて。
そしたら≪斬硬玉≫を１つあ
げるよ。",
747,"≪長期イベントクエスト≫
虫取り名人への道・二歩目{j}キラビートル５０匹の納品{j}なし{j}なし{j}メインターゲットの達成{j}報酬金ゼロ
タイムアップ{j}虫取り名人{j}虫取り名人への道って何だろ。
間違っても道を歩くことじゃ
ないと思うの。
そんなことより、まだまだ
≪キラビートル≫を集めてい
るから持ってきてほしい。
何に使うかは秘密よ。
５０匹ほど納品したら、
≪極焔珠≫を３つあげるわ。",
748,"≪長期イベントクエスト≫
爆炎の希少鉱石【前編】{j}さびた塊１個の納品{j}さびた小さな塊１個の納品{j}さびた大きな塊１個の納品{j}マストオーダー全ての達成{j}報酬金ゼロ
タイムアップ{j}ギルドの採掘師{j}よぉ。久しぶりだな。
今日も楽しく採掘してるか？
また、採掘の良さを知っても
らう為に、依頼を用意したぞ。
さびた塊など５種類の中から
３つを集めてもらうぜ。
報酬はちゃんと用意してある
から安心して行ってこい！",
749,"≪長期イベントクエスト≫
爆炎の希少鉱石【後編】{j}さびた板状の塊１個の納品{j}さびた棒状の塊１個の納品{j}なし{j}マストオーダー全ての達成{j}報酬金ゼロ
タイムアップ{j}ギルドの採掘師{j}さて【後編】だ。
さびた塊などの５種類から、
【前編】とは違う２種類を納
品してもらうぞ。
報酬は、調合屋のあるじが
ある実験をしたい為に喉から
手が出るほど欲しがってる一
品だ。これで何をするのかは
知らんがな。",
750,"≪長期イベントクエスト≫
爆炎の希少鉱石【完結編】{j}琥珀の稀水９９個の納品{j}翡翠の稀水９９個の納品{j}火薬岩１個の納品{j}マストオーダー全ての達成{j}報酬金ゼロ
タイムアップ{j}白い服のギルド員{j}採掘師が依頼した素材を見事
に集めきったようですね。
調合屋のあるじから聞いた話
によると、大量の琥珀の稀水、
翡翠の稀水に火薬岩を調合す
ると、爆発したように燃える
希少な鉱石ができるらしいの。
あなたも試してみない？",
751,"≪長期イベントクエスト≫
爆炎の希少鉱石【番外編】{j}琥珀の稀水３３個の納品{j}翡翠の稀水３３個の納品{j}なし{j}マストオーダー全ての達成{j}報酬金ゼロ
タイムアップ{j}白い服のギルド員{j}前の依頼で終わりなんだけど、
少し続きがあったみたい。
昔、超高温の石を発見した
のだけれど、この鉱石を運ぶ
ことができなかったの。
でも、あの水で冷却すると、
運べることが分かったわ。
だから、もう一度だけ大量に
納品してくれないかしら？",
752,"≪長期イベントクエスト≫
インセクト・プリズン{j}オオツノアゲハ９９匹の納品{j}なし{j}なし{j}メインターゲットの達成{j}報酬金ゼロ
タイムアップ{j}女性研究員{j}モンスターの自由を奪う快感、
それは何物にも代えがたいわ。
私の≪濃縮クビキエキス≫を
使えば、あなたもその快感を
存分に味わうことができるの。
ただし、私が同類と認めた人
にしか渡さないのよ。小さな
束縛の繰り返しに楽しみを
見出せること。それが条件。",
753,"≪長期イベントクエスト≫
インセクト・オブ・フェイト{j}オオツノアゲハ９９匹の納品{j}なし{j}なし{j}メインターゲットの達成{j}報酬金ゼロ
タイムアップ{j}女性研究員{j}モンスターの自由を奪う快感、
存分に味わっているかしら？
もしも、高みへ至った自信が
あるのなら、次のステップを
教えてあげてもいいのよ…。
爆発力を抑制する代わりに、
神をも縛ると言い伝えられる
≪テュライト純晶石≫…。
ちょっと試してみたくない？",
754,"≪長期イベントクエスト≫
神秘に彩られた花々{j}イワヒメ草５０個の納品{j}なし{j}なし{j}メインターゲットの達成{j}報酬金ゼロ
タイムアップ{j}花売り娘{j}わたしはねー花売りなのー。
でも、普段は広場にいません。
どこで売ってるか秘密なのー。
あ、そうだ。ハンターさんに
お願いがあるんだ―。
高地にあるイワヒメ草をたく
さん採ってきてほしいのー。
わたしにくれたら、遠くから
飛んできた種を１つあげるー。",
755,"≪長期イベントクエスト≫
続・神秘に彩られた花々{j}飛来した種３３個の納品{j}なし{j}なし{j}メインターゲットの達成{j}報酬金ゼロ
タイムアップ{j}花売り娘{j}やっほー。花売りだよー。
ハンターさんからもらった
イワヒメ草を高地に植えたら
たくさんの花が咲いたよー。
やったね！
そういえば、高地で不思議な
水が湧く場所を見つけたんだ。
この水をわたしがあげた種と
交換してあげるよー。",
756,"≪長期イベントクエスト≫
キノコマニアへの道・入門編{j}コウザンダケ９９個の納品{j}なし{j}なし{j}メインターゲットの達成{j}報酬金ゼロ
タイムアップ{j}キノコマニア{j}君もキノコマニアになりた
いって？
この道は君が考えているほど
簡単な道のりでは無いのだよ。
まずはコウザンダケを大量に
集めてくるんだ！
話はそれからだ！",
757,"≪長期イベントクエスト≫
キノコマニアへの道・実践編{j}紫苑の稀袋２０個の納品{j}なし{j}なし{j}メインターゲットの達成{j}報酬金ゼロ
タイムアップ{j}キノコマニア{j}よくここまで頑張ったね。
君のキノコ道はあと少しだ！
今まで集めた紫苑の稀袋を全
て私のところへ持ってくるん
だ！キノコマニアとしての証
を君に進呈しよう！",
758,"≪長期イベントクエスト≫
君のハートに花束を{j}夢見草の花９９個の納品{j}香来草９９個の納品{j}なし{j}マストオーダー全ての達成{j}報酬金ゼロ
タイムアップ{j}花束マイスター{j}こんにちは。僕は愛と奇跡の
花束マイスターさ。ふむふむ、
ハートをズドンと射止めたい、
気になる相手がいるのかい？
それなら、僕に任せてよ！
指定の植物を集めてくれたら、
素敵な花束を作ってあげる。
君と出会えたこの運命を祝し、
心を込めて取り掛かるよ！",
759,"≪長期イベントクエスト≫
釣師への道【職人】{j}春夜鯉５０匹の納品{j}なし{j}なし{j}メインターゲットの達成{j}報酬金ゼロ
タイムアップ{j}ギルドの釣師{j}「釣り」
それは魚と静かに向き合う孤
独な狩り。
ハンターはモンスターを狩る
だけじゃない。釣りだって立
派な狩猟だ。
釣師への道、しかも職人を
目指してみないか？
もし目指すなら、一人で春夜
鯉５０匹の納品だ！",
760,"≪長期イベントクエスト≫
釣師への道【研究】{j}白銀の秘壺１０個の納品{j}なし{j}なし{j}メインターゲットの達成{j}報酬金ゼロ
タイムアップ{j}ギルドの釣師{j}「釣り」
それは魚と静かに向き合う孤
独な狩り。
次は日々の研鑽の積み重ねを
証明して貰おう。
その研究の証として、白銀の
秘壺１０個を納品してくれ！",
761,"≪長期イベントクエスト≫
釣師への道【設計図】{j}黄金の秘壺１０個の納品{j}ガノトトスの一本釣り{j}なし{j}マストオーダー全ての達成{j}報酬金ゼロ／タイムアップ
ガノトトスの狩猟{j}ギルドの釣師{j}「釣り」
それは魚と静かに向き合う孤
独な狩り。
貴重な壺を納品してくれれば、
お礼に、私が新しいリールの
設計図を作成して進呈しよう。
もちろん、普通のリールじゃ
ないがね。",
762,"≪狩猟技クエスト≫
狩猟技、盾蟹！{j}ダイミョウザザミ１匹の討伐{j}なし{j}なし{j}メインターゲットの達成{j}報酬金ゼロ
タイムアップ{j}ハンターズギルド{j}こちらが狩猟技クエスト
≪ダイミョウザザミ≫
討伐の受付となります。
通常の狩りより若干報酬は
落ちますが、ハンター同士
で腕を磨き合ってはいかが
でしょうか！",
763,"≪狩猟技クエスト≫
狩猟技、雌火竜！{j}リオレイア１頭の討伐{j}なし{j}なし{j}メインターゲットの達成{j}報酬金ゼロ
タイムアップ{j}ハンターズギルド{j}こちらが狩猟技クエスト
≪リオレイア≫
討伐の受付となります。
通常の狩りより若干報酬は
落ちますが、ハンター同士
で腕を磨き合ってはいかが
でしょうか！",
764,"≪狩猟技クエスト≫
狩猟技、雪獅子！{j}ドドブランゴ１頭の討伐{j}なし{j}なし{j}メインターゲットの達成{j}報酬金ゼロ
タイムアップ{j}ハンターズギルド{j}こちらが狩猟技クエスト
≪ドドブランゴ≫
討伐の受付となります。
通常の狩りより若干報酬は
落ちますが、ハンター同士
で腕を磨き合ってはいかが
でしょうか！",
765,"≪狩猟技クエスト≫
狩猟技、眠鳥！{j}ヒプノック１頭の討伐{j}なし{j}なし{j}メインターゲットの達成{j}報酬金ゼロ
タイムアップ{j}ハンターズギルド{j}こちらが狩猟技クエスト
≪ヒプノック≫
討伐の受付となります。
通常の狩りより若干報酬は
落ちますが、ハンター同士
で腕を磨き合ってはいかが
でしょうか！",
766,"≪狩猟技クエスト≫
狩猟技、鎌蟹！{j}ショウグンギザミ１匹の討伐{j}なし{j}なし{j}メインターゲットの達成{j}報酬金ゼロ
タイムアップ{j}ハンターズギルド{j}こちらが狩猟技クエスト
≪ショウグンギザミ≫
討伐の受付となります。
通常の狩りより若干報酬は
落ちますが、ハンター同士
で腕を磨き合ってはいかが
でしょうか！",
767,"≪狩猟技クエスト≫
狩猟技、水竜！{j}ガノトトス１頭の討伐{j}なし{j}なし{j}メインターゲットの達成{j}報酬金ゼロ
タイムアップ{j}ハンターズギルド{j}こちらが狩猟技クエスト
≪ガノトトス≫
討伐の受付となります。
通常の狩りより若干報酬は
落ちますが、ハンター同士
で腕を磨き合ってはいかが
でしょうか！",
768,"≪狩猟技クエスト≫
狩猟技、角竜！{j}ディアブロス１頭の討伐{j}なし{j}なし{j}メインターゲットの達成{j}報酬金ゼロ
タイムアップ{j}ハンターズギルド{j}こちらが狩猟技クエスト
≪ディアブロス≫
討伐の受付となります。
通常の狩りより若干報酬は
落ちますが、ハンター同士
で腕を磨き合ってはいかが
でしょうか！",
769,"≪狩猟技クエスト≫
狩猟技、鎧竜！{j}グラビモス１頭の討伐{j}なし{j}なし{j}メインターゲットの達成{j}報酬金ゼロ
タイムアップ{j}ハンターズギルド{j}こちらが狩猟技クエスト
≪グラビモス≫
討伐の受付となります。
通常の狩りより若干報酬は
落ちますが、ハンター同士
で腕を磨き合ってはいかが
でしょうか！",
770,"≪狩猟技クエスト≫
狩猟技、氷狐竜！{j}デュラガウア１頭の討伐{j}なし{j}なし{j}メインターゲットの達成{j}報酬金ゼロ
タイムアップ{j}ハンターズギルド{j}こちらが狩猟技クエスト
≪デュラガウア≫
討伐の受付となります。
通常の狩りより若干報酬は
落ちますが、ハンター同士
で腕を磨き合ってはいかが
でしょうか！",
771,"≪狩猟技クエスト≫
狩猟技、火竜！{j}リオレウス１頭の討伐{j}なし{j}なし{j}メインターゲットの達成{j}報酬金ゼロ
タイムアップ{j}ハンターズギルド{j}こちらが狩猟技クエスト
≪リオレウス≫
討伐の受付となります。
通常の狩りより若干報酬は
落ちますが、ハンター同士
で腕を磨き合ってはいかが
でしょうか！",
772,"≪狩猟技クエスト≫
狩猟技、棘竜！{j}エスピナス１頭の討伐{j}なし{j}なし{j}メインターゲットの達成{j}報酬金ゼロ
タイムアップ{j}ハンターズギルド{j}こちらが狩猟技クエスト
≪エスピナス≫
討伐の受付となります。
通常の狩りより若干報酬は
落ちますが、ハンター同士
で腕を磨き合ってはいかが
でしょうか！",
773,"≪狩猟技クエスト≫
狩猟技、呑竜！{j}パリアプリア１頭の討伐{j}なし{j}なし{j}メインターゲットの達成{j}報酬金ゼロ
タイムアップ{j}ハンターズギルド{j}こちらが狩猟技クエスト
≪パリアプリア≫
討伐の受付となります。
通常の狩りより若干報酬は
落ちますが、ハンター同士
で腕を磨き合ってはいかが
でしょうか！",
774,"≪狩猟技クエスト≫
狩猟技、金獅子！{j}ラージャン１頭の討伐{j}なし{j}なし{j}メインターゲットの達成{j}報酬金ゼロ
タイムアップ{j}ハンターズギルド{j}こちらが狩猟技クエスト
≪ラージャン≫
討伐の受付となります。
通常の狩りより若干報酬は
落ちますが、ハンター同士
で腕を磨き合ってはいかが
でしょうか！",
775,"≪狩猟技クエスト≫
狩猟技、黒狼鳥！{j}イャンガルルガ１頭の討伐{j}なし{j}なし{j}メインターゲットの達成{j}報酬金ゼロ
タイムアップ{j}ハンターズギルド{j}こちらが狩猟技クエスト
≪イャンガルルガ≫
討伐の受付となります。
通常の狩りより若干報酬は
落ちますが、ハンター同士
で腕を磨き合ってはいかが
でしょうか！",
776,"≪狩猟技クエスト≫
狩猟技、轟竜！{j}ティガレックス１頭の討伐{j}なし{j}なし{j}メインターゲットの達成{j}報酬金ゼロ
タイムアップ{j}ハンターズギルド{j}こちらが狩猟技クエスト
≪ティガレックス≫
討伐の受付となります。
通常の狩りより若干報酬は
落ちますが、ハンター同士
で腕を磨き合ってはいかが
でしょうか！",
777,"≪特別イベントクエスト≫
肉球のメダル交換【氷狐竜】{j}氷狐竜の上鱗３個の納品{j}氷狐竜の上鱗２個の納品{j}氷狐竜の上鱗１個の納品{j}メインターゲット、もしくは
サブターゲットＡ、Ｂの達成{j}報酬金ゼロ
タイムアップ{j}困っているハンター{j}武器を修理したいが素材が足
りない！これでは狩りに出ら
れない。キミが持っている
≪氷狐竜の上鱗≫をこの
≪肉球のメダル≫と交換して
くれ！頼む！",
778,"≪特別イベントクエスト≫
肉球のメダル交換【冥雷竜】{j}冥雷竜の堅殻３個の納品{j}冥雷竜の堅殻２個の納品{j}冥雷竜の堅殻１個の納品{j}メインターゲット、もしくは
サブターゲットＡ、Ｂの達成{j}報酬金ゼロ
タイムアップ{j}困っているハンター{j}武器を修理したいが素材が足
りない！これでは狩りに出ら
れない。キミが持っている
≪冥雷竜の堅殻≫を、この
≪肉球のメダル≫と交換して
くれ！頼む！",
779,"≪特別イベントクエスト≫
肉球のメダル交換【溶岩竜】{j}溶岩竜の上鱗３個の納品{j}溶岩竜の上鱗２個の納品{j}溶岩竜の上鱗１個の納品{j}メインターゲット、もしくは
サブターゲットＡ、Ｂの達成{j}報酬金ゼロ
タイムアップ{j}困っているハンター{j}武器を修理したいが素材が足
りない！これでは狩りに出ら
れない。キミが持っている
≪溶岩竜の上鱗≫を、この
≪肉球のメダル≫と交換して
くれ！頼む！",
780,"≪特別イベントクエスト≫
肉球のメダル交換【蛮竜】{j}蛮竜の上鱗３個の納品{j}蛮竜の上鱗２個の納品{j}蛮竜の上鱗１個の納品{j}メインターゲット、もしくは
サブターゲットＡ、Ｂの達成{j}報酬金ゼロ
タイムアップ{j}困っているハンター{j}武器を修理したいのだが、
少し素材が足りないのだ！
一刻も早く狩りへ出発する為、
ぜひとも協力してほしい。
そこで、≪蛮竜の上鱗≫と
私の≪肉球のメダル≫を交換
しようではないか。
よろしく頼む！",
781,"≪密林探索≫
密林の翠水竜{j}ガノトトス奇種１頭{j}なし{j}なし{j}メインターゲットの狩猟{j}報酬金ゼロ
タイムアップ{j}メゼポルタ猟団組合{j}各地から変種や奇種の発見報
告が上げられています。
変種は原種系、奇種は亜種系
に酷似した姿とのことですが、
真相は謎です。
その種に共通する特徴を強く
持ち、そこから汎用性に優れ
た素材が取れるそうですよ。",
782,"≪古塔探索≫
古塔の棘茶竜{j}エスピナス奇種１頭{j}なし{j}なし{j}メインターゲットの狩猟{j}報酬金ゼロ
タイムアップ{j}メゼポルタ猟団組合{j}各地から変種や奇種の発見報
告が上げられています。
変種は原種系、奇種は亜種系
に酷似した姿とのことですが、
真相は謎です。
その種に共通する特徴を強く
持ち、そこから汎用性に優れ
た素材が取れるそうですよ。",
783,"≪砂漠探索≫
砂漠の桜火竜{j}リオレイア奇種１頭{j}なし{j}なし{j}メインターゲットの狩猟{j}報酬金ゼロ
タイムアップ{j}メゼポルタ猟団組合{j}各地から変種や奇種の発見報
告が上げられています。
変種は原種系、奇種は亜種系
に酷似した姿とのことですが、
真相は謎です。
その種に共通する特徴を強く
持ち、そこから汎用性に優れ
た素材が取れるそうですよ。",
784,"≪森丘探索≫
森丘の蒼火竜{j}リオレウス奇種１頭{j}なし{j}なし{j}メインターゲットの狩猟{j}報酬金ゼロ
タイムアップ{j}メゼポルタ猟団組合{j}各地から変種や奇種の発見報
告が上げられています。
変種は原種系、奇種は亜種系
に酷似した姿とのことですが、
真相は謎です。
その種に共通する特徴を強く
持ち、そこから汎用性に優れ
た素材が取れるそうですよ。",
785,"≪樹海探索≫
樹海の蒼き眠鳥{j}ヒプノック奇種１頭{j}なし{j}なし{j}メインターゲットの狩猟{j}報酬金ゼロ
タイムアップ{j}メゼポルタ猟団組合{j}各地から変種や奇種の発見報
告が上げられています。
変種は原種系、奇種は亜種系
に酷似した姿とのことですが、
真相は謎です。
その種に共通する特徴を強く
持ち、そこから汎用性に優れ
た素材が取れるそうですよ。",
786,"≪沼地探索≫
沼地の青怪鳥{j}イャンクック奇種１頭{j}なし{j}なし{j}メインターゲットの狩猟{j}報酬金ゼロ
タイムアップ{j}メゼポルタ猟団組合{j}各地から変種や奇種の発見報
告が上げられています。
変種は原種系、奇種は亜種系
に酷似した姿とのことですが、
真相は謎です。
その種に共通する特徴を強く
持ち、そこから汎用性に優れ
た素材が取れるそうですよ。",
787,"≪沼地探索≫
沼地の赤影{j}フルフル奇種１頭{j}なし{j}なし{j}メインターゲットの狩猟{j}報酬金ゼロ
タイムアップ{j}メゼポルタ猟団組合{j}各地から変種や奇種の発見報
告が上げられています。
変種は原種系、奇種は亜種系
に酷似した姿とのことですが、
真相は謎です。
その種に共通する特徴を強く
持ち、そこから汎用性に優れ
た素材が取れるそうですよ。",
788,"≪砂漠探索≫
砂漠の黒角竜{j}ディアブロス奇種１頭{j}なし{j}なし{j}メインターゲットの狩猟{j}報酬金ゼロ
タイムアップ{j}メゼポルタ猟団組合{j}各地から変種や奇種の発見報
告が上げられています。
変種は原種系、奇種は亜種系
に酷似した姿とのことですが、
真相は謎です。
その種に共通する特徴を強く
持ち、そこから汎用性に優れ
た素材が取れるそうですよ。",
789,"≪密林探索≫
密林の紫毒鳥{j}ゲリョス奇種１頭{j}なし{j}なし{j}メインターゲットの狩猟{j}報酬金ゼロ
タイムアップ{j}メゼポルタ猟団組合{j}各地から変種や奇種の発見報
告が上げられています。
変種は原種系、奇種は亜種系
に酷似した姿とのことですが、
真相は謎です。
その種に共通する特徴を強く
持ち、そこから汎用性に優れ
た素材が取れるそうですよ。",
790,"≪沼地探索≫
沼地の黒鎧竜{j}グラビモス奇種１頭{j}なし{j}なし{j}メインターゲットの狩猟{j}報酬金ゼロ
タイムアップ{j}メゼポルタ猟団組合{j}各地から変種や奇種の発見報
告が上げられています。
変種は原種系、奇種は亜種系
に酷似した姿とのことですが、
真相は謎です。
その種に共通する特徴を強く
持ち、そこから汎用性に優れ
た素材が取れるそうですよ。",
791,"≪沼地探索≫
沼地の灰晶蠍{j}アクラ・ジェビア奇種１匹{j}なし{j}なし{j}メインターゲットの討伐{j}報酬金ゼロ
タイムアップ{j}メゼポルタ猟団組合{j}各地から変種や奇種の発見報
告が上げられています。
変種は原種系、奇種は亜種系
に酷似した姿とのことですが、
真相は謎です。
その種に共通する特徴を強く
持ち、そこから汎用性に優れ
た素材が取れるそうですよ。",
792,"≪火山探索≫
火山の紅溶岩竜{j}ヴォルガノス奇種１頭{j}なし{j}なし{j}メインターゲットの狩猟{j}報酬金ゼロ
タイムアップ{j}メゼポルタ猟団組合{j}各地から変種や奇種の発見報
告が上げられています。
変種は原種系、奇種は亜種系
に酷似した姿とのことですが、
真相は謎です。
その種に共通する特徴を強く
持ち、そこから汎用性に優れ
た素材が取れるそうですよ。",
793,"≪拠点迎撃戦≫
防衛計画・極龍の襲来{j}ルコディオラ１体の討伐{j}なし{j}なし{j}メインターゲットの達成{j}報酬金ゼロ　タイムアップ
拠点の耐久値ゼロ{j}ハンターズギルド{j}現在、メゼポルタに向けて、
飛来してきている謎の飛竜に
対しての防衛準備を整えまし
た。≪迎撃拠点≫で迎え撃ち、
豊富な支給品と、迎撃兵器を
利用して、討伐してください。
今回は剥ぎ取り職人も手配さ
せていただいていますよ！",
794,"≪砂漠探索≫
襲来！砂漠の極龍{j}ルコディオラ１体の討伐{j}なし{j}なし{j}メインターゲットの達成{j}報酬金ゼロ
タイムアップ{j}メゼポルタ猟団組合{j}大変です！現在、砂漠へ
向けて、何かが高速で
飛来しているとの情報です。
目撃者によると、見た目は
飛竜のようだったとの
話ですが…。情報不足
で申し訳ありませんが、
大至急、砂漠へ向かい
討伐してください！",
795,"≪拠点迎撃戦≫
防衛計画・双極の脅威{j}ルコディオラ１体の討伐{j}なし{j}なし{j}メインターゲットの達成{j}報酬金ゼロ　タイムアップ
拠点の耐久値ゼロ{j}ハンターズギルド{j}≪ルコディオラ≫≪極龍≫と
名付けられたそれが、
≪迎撃拠点≫に迫っています。
十分な支給品、迎撃兵器、
そして剥ぎ取り職人と、万全
の態勢を整えさせていただき
ましたので、討伐をお願い
します！",
796,"≪砂漠探索≫
砂塵に映りし光翼{j}ルコディオラ１体の討伐{j}なし{j}なし{j}メインターゲットの達成{j}報酬金ゼロ
タイムアップ{j}メゼポルタ猟団組合{j}現在、砂漠に飛来しつつある
モンスターが何であるか
判明しました。
光り輝く翼を持つ古龍種、
≪ルコディオラ≫です。
猛スピードで砂漠に
迫っています。
大至急、砂漠へ向かい
討伐してください！",
797,"≪峡谷探索≫
天翔ける雷{j}ベルキュロス１頭の狩猟{j}なし{j}なし{j}メインターゲットの達成{j}報酬金ゼロ
タイムアップ{j}メゼポルタ猟団組合{j}峡谷での狩猟を通じて、新た
に発見された道が、新たな交
流を生んでいるわ…。
商人たちによれば、特にベル
キュロスの素材は交流相手に
喜ばれているそうだから、ギ
ルドも狩猟を奨励するわ…。
報酬は比較的レアな素材よ。",
798,"≪峡谷探索≫
荒野に降る稲妻{j}ベルキュロス１頭の狩猟{j}なし{j}なし{j}メインターゲットの達成{j}報酬金ゼロ
タイムアップ{j}メゼポルタ猟団組合{j}商人たちによれば、ベルキュ
ロスの素材は、ますます好評
で、仕入れの価格が上がって
大変だという話よ…。
ギルドも、特別に支給品を出
して、狩猟を奨励するわ…。
報酬は、例によって、比較的
レアな素材よ。
なにが出るかはお楽しみね。",
799,"≪峡谷探索≫
界雷{j}ベルキュロス１頭の狩猟{j}なし{j}なし{j}メインターゲットの達成{j}報酬金ゼロ
タイムアップ{j}メゼポルタ猟団組合{j}今、峡谷は、ベルキュロスと
の狩猟の舞台として、最高の
条件が整っているそうよ…。
ギルドも特別に支給品を出し
て応援するわ…。
強力な個体が出現し始めてい
るそうだから、知恵を絞って
狩りに出るのよ…。",
800,"≪覇竜討伐依頼≫
決戦、覇竜アカムトルム{j}アカムトルム１頭の討伐{j}なし{j}なし{j}メインターゲットの達成{j}報酬金ゼロ
タイムアップ{j}先代ギルドマスター{j}緊急連絡じゃ！
現在、ギルド管轄内にて覇竜
≪アカムトルム≫が猛威を振
るっておる。総力を尽くし、
火山地帯の一角まで追い詰め
たのじゃが…。やつを狩れる
勇敢なハンターは今すぐ向か
うのじゃ！
",
801,"≪覇竜討伐依頼≫
【討伐】決戦場の覇竜{j}アカムトルム変種１頭{j}なし{j}なし{j}メインターゲットの討伐{j}報酬金ゼロ
タイムアップ{j}メゼポルタ猟団組合{j}各地から変種や奇種の発見報
告が上げられています。
変種は原種系、奇種は亜種系
に酷似した姿とのことですが、
真相は謎です。
その種に共通する特徴を強く
持ち、そこから汎用性に優れ
た素材が取れるそうですよ。",
802,"≪密林探索≫
進め！センショク草ハンター{j}特産キノコ５個の納品{j}なし{j}なし{j}メインターゲットの達成{j}報酬金ゼロ
タイムアップ{j}老練なハンター{j}≪センショク草≫という
不思議な草がある。
これは各地で採取が可能
で、特殊な装飾品を装着
できる武具の素材となる
のだ。わたしの依頼を
達成してくれたら、少し
君にも分けてあげよう。",
803,"≪闘技場戦≫
ＨＣ匠チケット交換所{j}匠の根性２０個の納品{j}匠の心２０個の納品{j}匠の意地２０個の納品{j}マストオーダー全ての達成{j}報酬金ゼロ
タイムアップ{j}狩猟大会の主催者{j}ここは秘伝書を持つハンター
にのみ入場が許された交換所
だ。公式狩猟大会で優秀な成
績をおさめたことを証明する
証を納品すれば、賞品として
手に入れた武具を更に強化す
るための素材をやろう。生半
可な実力では手に入れること
はできんぞ？",
804,"≪闘技場戦≫
エッグランアプリ報酬【撃玉】{j}ハンターの本・白１個の納品{j}ハンターの本・青１個の納品{j}ハンターの本・赤１個の納品{j}マストオーダー全ての達成{j}報酬金ゼロ
タイムアップ{j}ハンターズギルド{j}いつもご苦労さん！
≪ハンターの本・白≫
≪ハンターの本・青≫
≪ハンターの本・赤≫
を全部持ってきてくれたら、
素敵な物と交換してやるよ。
これらを手に入れるには、
アプリで運搬をする必要が
あるみたいだな。
…アプリってなんだ？",
805,"≪剛種適性試験≫
剛種適性試験・水竜{j}ガノトトス変種１頭{j}主目標の一本釣り{j}主目標の背ビレ破壊{j}メインターゲットの討伐、
またはサブターゲットの達成{j}報酬金ゼロ
タイムアップ{j}メゼポルタ猟団組合{j}≪剛種クエスト≫に必要と
なるチケットを発行する
クエストを用意いたしました。
こちらは比較的お手軽なクエ
スト内容となっていますが、
対変種に適した特殊な武器を
装備した方限定の受注、参加
となっているためご注意くだ
さい。",
806,"≪剛種適性試験≫
剛種適性試験・黒狼鳥{j}イャンガルルガ変種１頭{j}主目標の背中破壊{j}主目標の尻尾切断{j}メインターゲットの討伐、
またはサブターゲットの達成{j}報酬金ゼロ
タイムアップ{j}メゼポルタ猟団組合{j}≪剛種クエスト≫に必要と
なるチケットを発行する
クエストを用意いたしました。
こちらは比較的お手軽なクエ
スト内容となっていますが、
対変種に適した特殊な武器を
装備した方限定の受注、参加
となっているためご注意くだ
さい。",
807,"≪剛種適性試験≫
剛種適性試験・鎧竜{j}グラビモス変種１頭{j}主目標の胸部破壊{j}主目標の尻尾切断{j}メインターゲットの討伐、
またはサブターゲットの達成{j}報酬金ゼロ
タイムアップ{j}メゼポルタ猟団組合{j}≪剛種クエスト≫に必要と
なるチケットを発行する
クエストを用意いたしました。
こちらは比較的お手軽なクエ
スト内容となっていますが、
対変種に適した特殊な武器を
装備した方限定の受注、参加
となっているためご注意くだ
さい。",
808,"≪剛種適性試験≫
剛種適性試験・棘竜{j}エスピナス変種１頭{j}主目標の角破壊{j}主目標の尻尾切断{j}メインターゲットの討伐、
またはサブターゲットの達成{j}報酬金ゼロ
タイムアップ{j}メゼポルタ猟団組合{j}≪剛種クエスト≫に必要と
なるチケットを発行する
クエストを用意いたしました。
こちらは比較的お手軽なクエ
スト内容となっていますが、
対変種に適した特殊な武器を
装備した方限定の受注、参加
となっているためご注意くだ
さい。",
809,"≪剛種適性試験≫
剛種適性試験・岩竜と毒鳥竜{j}バサルモス変種１頭{j}ドスイーオス変種１頭{j}なし{j}マストオーダー全ての討伐{j}報酬金ゼロ
タイムアップ{j}メゼポルタ猟団組合{j}≪剛種クエスト≫に必要と
なるチケットを発行する
クエストを用意いたしました。
こちらは比較的お手軽なクエ
スト内容となっていますが、
対変種に適した特殊な武器を
装備した方限定の受注、参加
となっているためご注意くだ
さい。",
810,"≪剛種適性試験≫
剛種適性試験・鎌蟹と大猪{j}ショウグンギザミ変種１匹{j}ドスファンゴ変種１頭{j}なし{j}マストオーダー全ての討伐{j}報酬金ゼロ
タイムアップ{j}メゼポルタ猟団組合{j}≪剛種クエスト≫に必要と
なるチケットを発行する
クエストを用意いたしました。
こちらは比較的お手軽なクエ
スト内容となっていますが、
対変種に適した特殊な武器を
装備した方限定の受注、参加
となっているためご注意くだ
さい。",
811,"≪剛種適性試験≫
剛種適性試験・双火竜{j}リオレウス変種１頭{j}リオレイア変種１頭{j}なし{j}メインターゲットの討伐、
またはサブターゲットの狩猟{j}報酬金ゼロ
タイムアップ{j}メゼポルタ猟団組合{j}≪剛種クエスト≫に必要と
なるチケットを発行する
クエストを用意いたしました。
こちらは比較的お手軽なクエ
スト内容となっていますが、
対変種に適した特殊な武器を
装備した方限定の受注、参加
となっているためご注意くだ
さい。",
812,"≪剛種クエスト≫
防衛計画・剛撃！風翔龍{j}クシャルダオラ１体の討伐{j}なし{j}なし{j}メインターゲットの達成{j}報酬金ゼロ　タイムアップ
拠点の耐久値ゼロ{j}ハンターズギルド{j}メゼポルタに風翔龍、それも
極めて強力な個体が侵入しま
した！
ハンターのみなさんは、
≪迎撃拠点≫で迎え撃ち、
これを討伐してください。",
813,"≪剛種クエスト≫
剛雷！決戦場の幻獣{j}キリン１頭の討伐{j}主目標への一定ダメージ{j}なし{j}メインターゲット、もしくは
サブターゲットＡの達成{j}報酬金ゼロ
タイムアップ{j}メゼポルタ猟団組合{j}ある火山地帯の一角で大きな
落雷を目撃したと報告があり
ました。
あまりに危険な為、凄腕の
ハンター限定で調査を依頼
いたします。
アイテムの支給も不可能
なので、細心の注意を払って
調査にあたってください。",
814,"≪剛種クエスト≫
剛食！高地の呑竜{j}パリアプリア１頭の狩猟{j}なし{j}なし{j}メインターゲットの達成{j}報酬金ゼロ
タイムアップ{j}メゼポルタ猟団組合{j}高地で呑竜を目撃したという
報告があった。
いろいろな物を食したからか、
強力な個体らしい。
残念ながら支給品を届ける
ことはできないが、注意して
狩猟してくれ！",
815,"≪剛種クエスト≫
剛翔！古塔の双牙{j}カム・オルガロン１頭の狩猟{j}ノノ・オルガロン１頭の狩猟{j}なし{j}マストオーダー全ての達成{j}報酬金ゼロ
タイムアップ{j}メゼポルタ猟団組合{j}古塔で響狼が出現したと報告
があった。
調査員が言うには、強力な
個体らしいが、現在は同じ
場所に留まっているようだ。
しかし、彼らが獲物を求め
移動すると周辺に大きな被害
が及ぶだろう。
そうなる前に、狩猟していた
だきたい。",
816,"≪狩人育成≫
ドスランポス狩猟{j}ドスランポス１頭の狩猟{j}なし{j}なし{j}メインターゲットの達成{j}報酬金ゼロ
タイムアップ{j}ハンターズギルド{j}調査員から報告があり、
若いモンスター個体が
確認されました。
モンスターの生態や特徴を
知るには、もってこいの
依頼です。
特にハンター生活をはじめら
れた方にオススメいたします！",
817,"≪狩人育成≫
ドスゲネポス狩猟{j}ドスゲネポス１頭の狩猟{j}なし{j}なし{j}メインターゲットの達成{j}報酬金ゼロ
タイムアップ{j}ハンターズギルド{j}調査員から報告があり、
若いモンスター個体が
確認されました。
モンスターの生態や特徴を
知るには、もってこいの
依頼です。
特にハンター生活をはじめら
れた方にオススメいたします！",
818,"≪狩人育成≫
ドスゲネポス狩猟{j}ドスゲネポス１頭の狩猟{j}なし{j}なし{j}メインターゲットの達成{j}報酬金ゼロ
タイムアップ{j}ハンターズギルド{j}調査員から報告があり、
若いモンスター個体が
確認されました。
モンスターの生態や特徴を
知るには、もってこいの
依頼です。
特にハンター生活をはじめら
れた方にオススメいたします！",
819,"≪狩人育成≫
ドスイーオス狩猟{j}ドスイーオス１頭の狩猟{j}なし{j}なし{j}メインターゲットの達成{j}報酬金ゼロ
タイムアップ{j}ハンターズギルド{j}調査員から報告があり、
若いモンスター個体が
確認されました。
モンスターの生態や特徴を
知るには、もってこいの
依頼です。
特にハンター生活をはじめら
れた方にオススメいたします！",
820,"≪狩人育成≫
ドスイーオス狩猟{j}ドスイーオス１頭の狩猟{j}なし{j}なし{j}メインターゲットの達成{j}報酬金ゼロ
タイムアップ{j}ハンターズギルド{j}調査員から報告があり、
若いモンスター個体が
確認されました。
モンスターの生態や特徴を
知るには、もってこいの
依頼です。
特にハンター生活をはじめら
れた方にオススメいたします！",
821,"≪狩人育成≫
ドスイーオス狩猟{j}ドスイーオス変種１頭{j}なし{j}なし{j}メインターゲットの狩猟{j}報酬金ゼロ
タイムアップ{j}ハンターズギルド{j}調査員から報告があり、
若いモンスター個体が
確認されました。
モンスターの生態や特徴を
知るには、もってこいの
依頼です。
特にハンター生活をはじめら
れた方にオススメいたします！",
822,"≪狩人育成≫
大猪の狩猟{j}ドスファンゴ１頭の狩猟{j}なし{j}なし{j}メインターゲットの達成{j}報酬金ゼロ
タイムアップ{j}ハンターズギルド{j}調査員から報告があり、
若いモンスター個体が
確認されました。
モンスターの生態や特徴を
知るには、もってこいの
依頼です。
特にハンター生活をはじめら
れた方にオススメいたします！",
823,"≪狩人育成≫
大猪の狩猟{j}ドスファンゴ１頭の狩猟{j}なし{j}なし{j}メインターゲットの達成{j}報酬金ゼロ
タイムアップ{j}ハンターズギルド{j}調査員から報告があり、
若いモンスター個体が
確認されました。
モンスターの生態や特徴を
知るには、もってこいの
依頼です。
特にハンター生活をはじめら
れた方にオススメいたします！",
824,"≪狩人育成≫
怪鳥の狩猟{j}イャンクック１頭の狩猟{j}なし{j}なし{j}メインターゲットの達成{j}報酬金ゼロ
タイムアップ{j}ハンターズギルド{j}調査員から報告があり、
若いモンスター個体が
確認されました。
モンスターの生態や特徴を
知るには、もってこいの
依頼です。
特にハンター生活をはじめら
れた方にオススメいたします！",
825,"≪狩人育成≫
青怪鳥の狩猟{j}イャンクック亜種１頭の狩猟{j}なし{j}なし{j}メインターゲットの達成{j}報酬金ゼロ
タイムアップ{j}ハンターズギルド{j}調査員から報告があり、
若いモンスター個体が
確認されました。
モンスターの生態や特徴を
知るには、もってこいの
依頼です。
特にハンター生活をはじめら
れた方にオススメいたします！",
826,"≪狩人育成≫
翠水竜の狩猟{j}ガノトトス亜種１頭の狩猟{j}なし{j}なし{j}メインターゲットの達成{j}報酬金ゼロ
タイムアップ{j}ハンターズギルド{j}調査員から報告があり、
若いモンスター個体が
確認されました。
モンスターの生態や特徴を
知るには、もってこいの
依頼です。
特にハンター生活をはじめら
れた方にオススメいたします！",
827,"≪狩人育成≫
鎧竜の狩猟{j}グラビモス１頭の狩猟{j}なし{j}なし{j}メインターゲットの達成{j}報酬金ゼロ
タイムアップ{j}ハンターズギルド{j}調査員から報告があり、
若いモンスター個体が
確認されました。
モンスターの生態や特徴を
知るには、もってこいの
依頼です。
特にハンター生活をはじめら
れた方にオススメいたします！",
828,"≪狩人育成≫
黒鎧竜の狩猟{j}グラビモス亜種１頭の狩猟{j}なし{j}なし{j}メインターゲットの達成{j}報酬金ゼロ
タイムアップ{j}ハンターズギルド{j}調査員から報告があり、
若いモンスター個体が
確認されました。
モンスターの生態や特徴を
知るには、もってこいの
依頼です。
特にハンター生活をはじめら
れた方にオススメいたします！",
829,"≪狩人育成≫
毒怪鳥の狩猟{j}ゲリョス１頭の狩猟{j}なし{j}なし{j}メインターゲットの達成{j}報酬金ゼロ
タイムアップ{j}ハンターズギルド{j}調査員から報告があり、
若いモンスター個体が
確認されました。
モンスターの生態や特徴を
知るには、もってこいの
依頼です。
特にハンター生活をはじめら
れた方にオススメいたします！",
830,"≪狩人育成≫
紫毒鳥の狩猟{j}ゲリョス亜種１頭の狩猟{j}なし{j}なし{j}メインターゲットの達成{j}報酬金ゼロ
タイムアップ{j}ハンターズギルド{j}調査員から報告があり、
若いモンスター個体が
確認されました。
モンスターの生態や特徴を
知るには、もってこいの
依頼です。
特にハンター生活をはじめら
れた方にオススメいたします！",
831,"≪狩人育成≫
盾蟹の狩猟{j}ダイミョウザザミ１匹の狩猟{j}なし{j}なし{j}メインターゲットの達成{j}報酬金ゼロ
タイムアップ{j}ハンターズギルド{j}調査員から報告があり、
若いモンスター個体が
確認されました。
モンスターの生態や特徴を
知るには、もってこいの
依頼です。
特にハンター生活をはじめら
れた方にオススメいたします！",
832,"≪狩人育成≫
角竜の狩猟{j}ディアブロス１頭の狩猟{j}なし{j}なし{j}メインターゲットの達成{j}報酬金ゼロ
タイムアップ{j}ハンターズギルド{j}調査員から報告があり、
若いモンスター個体が
確認されました。
モンスターの生態や特徴を
知るには、もってこいの
依頼です。
特にハンター生活をはじめら
れた方にオススメいたします！",
833,"≪狩人育成≫
砂竜の狩猟{j}ドスガレオス１頭の狩猟{j}なし{j}なし{j}メインターゲットの達成{j}報酬金ゼロ
タイムアップ{j}ハンターズギルド{j}調査員から報告があり、
若いモンスター個体が
確認されました。
モンスターの生態や特徴を
知るには、もってこいの
依頼です。
特にハンター生活をはじめら
れた方にオススメいたします！",
834,"≪狩人育成≫
雪獅子の狩猟{j}ドドブランゴ１頭の狩猟{j}なし{j}なし{j}メインターゲットの達成{j}報酬金ゼロ
タイムアップ{j}ハンターズギルド{j}調査員から報告があり、
若いモンスター個体が
確認されました。
モンスターの生態や特徴を
知るには、もってこいの
依頼です。
特にハンター生活をはじめら
れた方にオススメいたします！",
835,"≪狩人育成≫
岩竜の狩猟{j}バサルモス１頭の狩猟{j}なし{j}なし{j}メインターゲットの達成{j}報酬金ゼロ
タイムアップ{j}ハンターズギルド{j}調査員から報告があり、
若いモンスター個体が
確認されました。
モンスターの生態や特徴を
知るには、もってこいの
依頼です。
特にハンター生活をはじめら
れた方にオススメいたします！",
836,"≪狩人育成≫
桃毛獣の狩猟{j}ババコンガ１頭の狩猟{j}なし{j}なし{j}メインターゲットの達成{j}報酬金ゼロ
タイムアップ{j}ハンターズギルド{j}調査員から報告があり、
若いモンスター個体が
確認されました。
モンスターの生態や特徴を
知るには、もってこいの
依頼です。
特にハンター生活をはじめら
れた方にオススメいたします！",
837,"≪狩人育成≫
フルフルの狩猟{j}フルフル１頭の狩猟{j}なし{j}なし{j}メインターゲットの達成{j}報酬金ゼロ
タイムアップ{j}ハンターズギルド{j}調査員から報告があり、
若いモンスター個体が
確認されました。
モンスターの生態や特徴を
知るには、もってこいの
依頼です。
特にハンター生活をはじめら
れた方にオススメいたします！",
838,"≪狩人育成≫
尾晶蠍の討伐{j}アクラ・ヴァシム変種１匹{j}なし{j}なし{j}メインターゲットの討伐{j}報酬金ゼロ
タイムアップ{j}ハンターズギルド{j}調査員から報告があり、
若いモンスター個体が
確認されました。
モンスターの生態や特徴を
知るには、もってこいの
依頼です。
特にハンター生活をはじめら
れた方にオススメいたします！",
839,"≪狩人育成≫
黒狼鳥の狩猟{j}イャンガルルガ変種１頭{j}なし{j}なし{j}メインターゲットの狩猟{j}報酬金ゼロ
タイムアップ{j}ハンターズギルド{j}調査員から報告があり、
若いモンスター個体が
確認されました。
モンスターの生態や特徴を
知るには、もってこいの
依頼です。
特にハンター生活をはじめら
れた方にオススメいたします！",
840,"≪狩人育成≫
棘竜の狩猟{j}エスピナス変種１頭{j}なし{j}なし{j}メインターゲットの狩猟{j}報酬金ゼロ
タイムアップ{j}ハンターズギルド{j}調査員から報告があり、
若いモンスター個体が
確認されました。
モンスターの生態や特徴を
知るには、もってこいの
依頼です。
特にハンター生活をはじめら
れた方にオススメいたします！",
841,"≪狩人育成≫
水竜の狩猟{j}ガノトトス変種１頭{j}なし{j}なし{j}メインターゲットの狩猟{j}報酬金ゼロ
タイムアップ{j}ハンターズギルド{j}調査員から報告があり、
若いモンスター個体が
確認されました。
モンスターの生態や特徴を
知るには、もってこいの
依頼です。
特にハンター生活をはじめら
れた方にオススメいたします！",
842,"≪狩人育成≫
毒怪鳥の狩猟{j}ゲリョス変種１頭{j}なし{j}なし{j}メインターゲットの狩猟{j}報酬金ゼロ
タイムアップ{j}ハンターズギルド{j}調査員から報告があり、
若いモンスター個体が
確認されました。
モンスターの生態や特徴を
知るには、もってこいの
依頼です。
特にハンター生活をはじめら
れた方にオススメいたします！",
843,"≪狩人育成≫
盾蟹の狩猟{j}ダイミョウザザミ変種１匹{j}なし{j}なし{j}メインターゲットの狩猟{j}報酬金ゼロ
タイムアップ{j}ハンターズギルド{j}調査員から報告があり、
若いモンスター個体が
確認されました。
モンスターの生態や特徴を
知るには、もってこいの
依頼です。
特にハンター生活をはじめら
れた方にオススメいたします！",
844,"≪狩人育成≫
雪獅子の狩猟{j}ドドブランゴ変種１頭{j}なし{j}なし{j}メインターゲットの狩猟{j}報酬金ゼロ
タイムアップ{j}ハンターズギルド{j}調査員から報告があり、
若いモンスター個体が
確認されました。
モンスターの生態や特徴を
知るには、もってこいの
依頼です。
特にハンター生活をはじめら
れた方にオススメいたします！",
845,"≪狩人育成≫
岩竜の狩猟{j}バサルモス変種１頭{j}なし{j}なし{j}メインターゲットの狩猟{j}報酬金ゼロ
タイムアップ{j}ハンターズギルド{j}調査員から報告があり、
若いモンスター個体が
確認されました。
モンスターの生態や特徴を
知るには、もってこいの
依頼です。
特にハンター生活をはじめら
れた方にオススメいたします！",
846,"≪狩人育成≫
眠鳥の狩猟{j}ヒプノック変種１頭{j}なし{j}なし{j}メインターゲットの狩猟{j}報酬金ゼロ
タイムアップ{j}ハンターズギルド{j}調査員から報告があり、
若いモンスター個体が
確認されました。
モンスターの生態や特徴を
知るには、もってこいの
依頼です。
特にハンター生活をはじめら
れた方にオススメいたします！",
847,"≪狩人育成≫
フルフルの狩猟{j}フルフル変種１頭{j}なし{j}なし{j}メインターゲットの狩猟{j}報酬金ゼロ
タイムアップ{j}ハンターズギルド{j}調査員から報告があり、
若いモンスター個体が
確認されました。
モンスターの生態や特徴を
知るには、もってこいの
依頼です。
特にハンター生活をはじめら
れた方にオススメいたします！",
848,"≪狩人育成≫
金獅子の狩猟{j}ラージャン変種１頭{j}なし{j}なし{j}メインターゲットの狩猟{j}報酬金ゼロ
タイムアップ{j}ハンターズギルド{j}調査員から報告があり、
若いモンスター個体が
確認されました。
モンスターの生態や特徴を
知るには、もってこいの
依頼です。
特にハンター生活をはじめら
れた方にオススメいたします！",
849,"≪狩人育成≫
雌火竜の狩猟{j}リオレイア変種１頭{j}なし{j}なし{j}メインターゲットの狩猟{j}報酬金ゼロ
タイムアップ{j}ハンターズギルド{j}調査員から報告があり、
若いモンスター個体が
確認されました。
モンスターの生態や特徴を
知るには、もってこいの
依頼です。
特にハンター生活をはじめら
れた方にオススメいたします！",
850,"≪砂漠探索≫
豪風の砂漠{j}クシャルダオラ１体の討伐{j}なし{j}なし{j}メインターゲットの達成{j}報酬金ゼロ
タイムアップ{j}大老殿ギルド{j}古龍クシャルダオラは今まで
狩猟してきたモンスターとは
まったく異質…、自分の無力
さを知ることになるかも…。
捕獲なんて無理なことは考え
ないで慎重かつ着実に攻撃を
重ねるしかないみたいね…。",
851,"≪長期イベントクエスト≫
キノコマニアへの道・到達編{j}紫苑の稀袋６個の納品{j}なし{j}なし{j}メインターゲットの達成{j}報酬金ゼロ
タイムアップ{j}キノコマニア{j}判る！判るぞ！
君のキノコへの愛が高みに達
したことが！
是非、君には次のステップへ
と進んでもらいたい。
紫苑の稀袋を６個持ってきて
くれれば、君もキノコマニア
の真髄に、また一歩近づける
ことだろう！",
852,"≪Ｇ装飾品クエスト≫
根性珠Ｇと黒狼鳥【上位】{j}イャンガルルガ１頭の狩猟{j}なし{j}なし{j}メインターゲットの達成{j}報酬金ゼロ
タイムアップ{j}ハンターズギルド{j}虎爪原珠という原珠を
ご存知でしょうか。
その素材は、ある高価な
装飾品の生産にかかせない
ものです。
この依頼を達成していただけ
るなら、貴重な装飾品素材を
差上げましょう。",
853,"≪Ｇ装飾品クエスト≫
火攻珠Ｇと蒼火竜【上位】{j}リオレウス亜種１頭の狩猟{j}なし{j}なし{j}メインターゲットの達成{j}報酬金ゼロ
タイムアップ{j}ハンターズギルド{j}竜眼原珠という原珠を
ご存知でしょうか。
その素材は、ある高価な
装飾品の生産にかかせない
ものです。
この依頼を達成していただけ
るなら、貴重な装飾品素材を
差上げましょう。",
854,"≪Ｇ装飾品クエスト≫
爆剣珠Ｇと棘竜【上位】{j}エスピナス１頭の狩猟{j}なし{j}なし{j}メインターゲットの達成{j}報酬金ゼロ
タイムアップ{j}ハンターズギルド{j}鶏翼原珠という原珠を
ご存知でしょうか。
その素材は、ある高価な
装飾品の生産にかかせない
ものです。
この依頼を達成していただけ
るなら、貴重な装飾品素材を
差上げましょう。",
855,"≪Ｇ装飾品クエスト≫
集中珠Ｇと鎧竜【下位】{j}グラビモス１頭の狩猟{j}なし{j}なし{j}メインターゲットの達成{j}報酬金ゼロ
タイムアップ{j}ハンターズギルド{j}牛角原珠という原珠を
ご存知でしょうか。
その素材は、ある高価な
装飾品の生産にかかせない
ものです。
この依頼を達成していただけ
るなら、貴重な装飾品素材を
差上げましょう。",
856,"≪Ｇ装飾品クエスト≫
水攻珠Ｇと鎌蟹【上位】{j}ショウグンギザミ１匹の狩猟{j}なし{j}なし{j}メインターゲットの達成{j}報酬金ゼロ
タイムアップ{j}ハンターズギルド{j}蛇鱗原珠という原珠を
ご存知でしょうか。
その素材は、ある高価な
装飾品の生産にかかせない
ものです。
この依頼を達成していただけ
るなら、貴重な装飾品素材を
差上げましょう。",
857,"≪Ｇ装飾品クエスト≫
雷攻珠Ｇと幻獣【上位】{j}キリン１頭の討伐{j}なし{j}なし{j}メインターゲットの達成{j}報酬金ゼロ
タイムアップ{j}ハンターズギルド{j}馬脚原珠という原珠を
ご存知でしょうか。
その素材は、ある高価な
装飾品の生産にかかせない
ものです。
この依頼を達成していただけ
るなら、貴重な装飾品素材を
差上げましょう。",
858,"≪Ｇ装飾品クエスト≫
罠師珠Ｇと毒怪鳥【上位】{j}ゲリョス１頭の狩猟{j}なし{j}なし{j}メインターゲットの達成{j}報酬金ゼロ
タイムアップ{j}ハンターズギルド{j}兎耳原珠という原珠を
ご存知でしょうか。
その素材は、ある高価な
装飾品の生産にかかせない
ものです。
この依頼を達成していただけ
るなら、貴重な装飾品素材を
差上げましょう。",
859,"≪Ｇ装飾品クエスト≫
氷攻珠Ｇと氷狐竜【上位】{j}デュラガウア１頭の狩猟{j}なし{j}なし{j}メインターゲットの達成{j}報酬金ゼロ
タイムアップ{j}ハンターズギルド{j}羊毛原珠という原珠を
ご存知でしょうか。
その素材は、ある高価な
装飾品の生産にかかせない
ものです。
この依頼を達成していただけ
るなら、貴重な装飾品素材を
差上げましょう。",
860,"≪Ｇ装飾品クエスト≫
龍剣珠Ｇと青い鳥竜【上位】{j}ドスランポス２頭の狩猟{j}なし{j}なし{j}メインターゲットの達成{j}報酬金ゼロ
タイムアップ{j}ハンターズギルド{j}犬牙原珠という原珠を
ご存知でしょうか。
その素材は、ある高価な
装飾品の生産にかかせない
ものです。
この依頼を達成していただけ
るなら、貴重な装飾品素材を
差上げましょう。",
861,"≪Ｇ装飾品クエスト≫
断食珠Ｇと金獅子【上位】{j}ラージャン１頭の狩猟{j}なし{j}なし{j}メインターゲットの達成{j}報酬金ゼロ
タイムアップ{j}ハンターズギルド{j}鼠尾原珠という原珠を
ご存知でしょうか。
その素材は、ある高価な
装飾品の生産にかかせない
ものです。
この依頼を達成していただけ
るなら、貴重な装飾品素材を
差上げましょう。",
862,"≪Ｇ装飾品クエスト≫
龍攻珠Ｇと霞龍【上位】{j}オオナズチ１体の討伐{j}なし{j}なし{j}メインターゲットの達成{j}報酬金ゼロ
タイムアップ{j}ハンターズギルド{j}猿尻原珠という原珠を
ご存知でしょうか。
その素材は、ある高価な
装飾品の生産にかかせない
ものです。
この依頼を達成していただけ
るなら、貴重な装飾品素材を
差上げましょう。",
863,"≪Ｇ装飾品クエスト≫
毒瓶珠Ｇと棘竜【上位】{j}エスピナス１頭の狩猟{j}なし{j}なし{j}メインターゲットの達成{j}報酬金ゼロ
タイムアップ{j}ハンターズギルド{j}猪紋原珠という原珠を
ご存知でしょうか。
その素材は、ある高価な
装飾品の生産にかかせない
ものです。
この依頼を達成していただけ
るなら、貴重な装飾品素材を
差上げましょう。",
864,"≪Ｇ装飾品クエスト≫
眠瓶珠Ｇと氷狐竜【上位】{j}デュラガウア１頭の狩猟{j}なし{j}なし{j}メインターゲットの達成{j}報酬金ゼロ
タイムアップ{j}ハンターズギルド{j}獅鬣原珠という原珠を
ご存知でしょうか。
その素材は、ある高価な
装飾品の生産にかかせない
ものです。
この依頼を達成していただけ
るなら、貴重な装飾品素材を
差上げましょう。",
865,"≪Ｇ装飾品クエスト≫
痺瓶珠Ｇと青い鳥竜【上位】{j}ドスランポス２頭の狩猟{j}なし{j}なし{j}メインターゲットの達成{j}報酬金ゼロ
タイムアップ{j}ハンターズギルド{j}象鼻原珠という原珠を
ご存知でしょうか。
その素材は、ある高価な
装飾品の生産にかかせない
ものです。
この依頼を達成していただけ
るなら、貴重な装飾品素材を
差上げましょう。",
866,"≪Ｇ装飾品クエスト≫
針穴珠Ｇと雌響狼【上位】{j}ノノ・オルガロン１頭の狩猟{j}なし{j}なし{j}メインターゲットの達成{j}報酬金ゼロ
タイムアップ{j}ハンターズギルド{j}雀踊原珠という原珠を
ご存知でしょうか。
その素材は、ある高価な
装飾品の生産にかかせない
ものです。
この依頼を達成していただけ
るなら、貴重な装飾品素材を
差上げましょう。",
867,"≪Ｇ装飾品クエスト≫
毒剣珠Ｇと毒怪鳥【上位】{j}ゲリョス１頭の狩猟{j}なし{j}なし{j}メインターゲットの達成{j}報酬金ゼロ
タイムアップ{j}ハンターズギルド{j}熊拳原珠という原珠を
ご存知でしょうか。
その素材は、ある高価な
装飾品の生産にかかせない
ものです。
この依頼を達成していただけ
るなら、貴重な装飾品素材を
差上げましょう。",
868,"≪Ｇ装飾品クエスト≫
痺剣珠Ｇと風翔龍【上位】{j}クシャルダオラ１体の討伐{j}なし{j}なし{j}メインターゲットの達成{j}報酬金ゼロ　タイムアップ
拠点の耐久値ゼロ{j}ハンターズギルド{j}犀角原珠という原珠を
ご存知でしょうか。
その素材は、ある高価な
装飾品の生産にかかせない
ものです。
この依頼を達成していただけ
るなら、貴重な装飾品素材を
差上げましょう。",
869,"≪Ｇ装飾品クエスト≫
天壁珠Ｇと盾蟹【上位】{j}ダイミョウザザミ１匹の狩猟{j}なし{j}なし{j}メインターゲットの達成{j}報酬金ゼロ
タイムアップ{j}ハンターズギルド{j}鯨潮原珠という原珠を
ご存知でしょうか。
その素材は、ある高価な
装飾品の生産にかかせない
ものです。
この依頼を達成していただけ
るなら、貴重な装飾品素材を
差上げましょう。",
870,"≪Ｇ装飾品クエスト≫
大砲珠Ｇと炎王龍【上位】{j}テオ・テスカトル１体の討伐{j}なし{j}なし{j}メインターゲットの達成{j}報酬金ゼロ
タイムアップ{j}ハンターズギルド{j}鮫口原珠という原珠を
ご存知でしょうか。
その素材は、ある高価な
装飾品の生産にかかせない
ものです。
この依頼を達成していただけ
るなら、貴重な装飾品素材を
差上げましょう。",
871,"≪Ｇ装飾品クエスト≫
爆師珠Ｇと岩竜【上位】{j}バサルモス１頭の狩猟{j}なし{j}なし{j}メインターゲットの達成{j}報酬金ゼロ
タイムアップ{j}ハンターズギルド{j}鷲翼原珠という原珠を
ご存知でしょうか。
その素材は、ある高価な
装飾品の生産にかかせない
ものです。
この依頼を達成していただけ
るなら、貴重な装飾品素材を
差上げましょう。",
872,"≪Ｇ装飾品クエスト≫
火剣珠Ｇと桜火竜【上位】{j}リオレイア亜種１頭の狩猟{j}なし{j}なし{j}メインターゲットの達成{j}報酬金ゼロ
タイムアップ{j}ハンターズギルド{j}豹脚原珠という原珠を
ご存知でしょうか。
その素材は、ある高価な
装飾品の生産にかかせない
ものです。
この依頼を達成していただけ
るなら、貴重な装飾品素材を
差上げましょう。",
873,"≪Ｇ装飾品クエスト≫
氷剣珠Ｇと響狼【上位】{j}カム・オルガロン１頭の狩猟{j}なし{j}なし{j}メインターゲットの達成{j}報酬金ゼロ
タイムアップ{j}ハンターズギルド{j}狼牙原珠という原珠を
ご存知でしょうか。
その素材は、ある高価な
装飾品の生産にかかせない
ものです。
この依頼を達成していただけ
るなら、貴重な装飾品素材を
差上げましょう。",
874,"≪Ｇ装飾品クエスト≫
眠剣珠Ｇと蒼き眠鳥【上位】{j}ヒプノック繁殖期１頭の狩猟{j}なし{j}なし{j}メインターゲットの達成{j}報酬金ゼロ
タイムアップ{j}ハンターズギルド{j}狸腹原珠という原珠を
ご存知でしょうか。
その素材は、ある高価な
装飾品の生産にかかせない
ものです。
この依頼を達成していただけ
るなら、貴重な装飾品素材を
差上げましょう。",
875,"≪Ｇ装飾品クエスト≫
雷剣珠Ｇと赤影【上位】{j}フルフル亜種１頭の狩猟{j}なし{j}なし{j}メインターゲットの達成{j}報酬金ゼロ
タイムアップ{j}ハンターズギルド{j}狐尾原珠という原珠を
ご存知でしょうか。
その素材は、ある高価な
装飾品の生産にかかせない
ものです。
この依頼を達成していただけ
るなら、貴重な装飾品素材を
差上げましょう。",
876,"≪Ｇ装飾品クエスト≫
気短珠Ｇと青怪鳥【上位】{j}イャンクック亜種１頭の狩猟{j}なし{j}なし{j}メインターゲットの達成{j}報酬金ゼロ
タイムアップ{j}ハンターズギルド{j}猫眼原珠という原珠を
ご存知でしょうか。
その素材は、ある高価な
装飾品の生産にかかせない
ものです。
この依頼を達成していただけ
るなら、貴重な装飾品素材を
差上げましょう。",
877,"≪Ｇ装飾品クエスト≫
強精珠Ｇと霞龍【上位】{j}オオナズチ１体の討伐{j}なし{j}なし{j}メインターゲットの達成{j}報酬金ゼロ
タイムアップ{j}ハンターズギルド{j}鹿角原珠という原珠を
ご存知でしょうか。
その素材は、ある高価な
装飾品の生産にかかせない
ものです。
この依頼を達成していただけ
るなら、貴重な装飾品素材を
差上げましょう。",
878,"≪Ｇ装飾品クエスト≫
軽足珠Ｇと怪鳥【上位】{j}イャンクック１頭の狩猟{j}なし{j}なし{j}メインターゲットの達成{j}報酬金ゼロ
タイムアップ{j}ハンターズギルド{j}燕尾原珠という原珠を
ご存知でしょうか。
その素材は、ある高価な
装飾品の生産にかかせない
ものです。
この依頼を達成していただけ
るなら、貴重な装飾品素材を
差上げましょう。",
879,"≪Ｇ装飾品クエスト≫
天力珠Ｇと金獅子【上位】{j}ラージャン１頭の狩猟{j}なし{j}なし{j}メインターゲットの達成{j}報酬金ゼロ
タイムアップ{j}ハンターズギルド{j}梟眼原珠という原珠を
ご存知でしょうか。
その素材は、ある高価な
装飾品の生産にかかせない
ものです。
この依頼を達成していただけ
るなら、貴重な装飾品素材を
差上げましょう。",
880,"≪Ｇ装飾品クエスト≫
連射珠Ｇと幻獣【上位】{j}キリン１頭の討伐{j}なし{j}なし{j}メインターゲットの達成{j}報酬金ゼロ
タイムアップ{j}ハンターズギルド{j}鴉嘴原珠という原珠を
ご存知でしょうか。
その素材は、ある高価な
装飾品の生産にかかせない
ものです。
この依頼を達成していただけ
るなら、貴重な装飾品素材を
差上げましょう。",
881,"≪Ｇ装飾品クエスト≫
研磨珠Ｇと大猪【上位】{j}ドスファンゴ１頭の狩猟{j}なし{j}なし{j}メインターゲットの達成{j}報酬金ゼロ
タイムアップ{j}ハンターズギルド{j}亀甲原珠という原珠を
ご存知でしょうか。
その素材は、ある高価な
装飾品の生産にかかせない
ものです。
この依頼を達成していただけ
るなら、貴重な装飾品素材を
差上げましょう。",
882,"≪Ｇ装飾品クエスト≫
腕力珠Ｇと黒角竜【上位】{j}ディアブロス亜種１頭の狩猟{j}なし{j}なし{j}メインターゲットの達成{j}報酬金ゼロ
タイムアップ{j}ハンターズギルド{j}鶴喉原珠という原珠を
ご存知でしょうか。
その素材は、ある高価な
装飾品の生産にかかせない
ものです。
この依頼を達成していただけ
るなら、貴重な装飾品素材を
差上げましょう。",
883,"≪Ｇ装飾品クエスト≫
水剣珠Ｇと鎌蟹【上位】{j}ショウグンギザミ１匹の狩猟{j}なし{j}なし{j}メインターゲットの達成{j}報酬金ゼロ
タイムアップ{j}ハンターズギルド{j}鰐口原珠という原珠を
ご存知でしょうか。
その素材は、ある高価な
装飾品の生産にかかせない
ものです。
この依頼を達成していただけ
るなら、貴重な装飾品素材を
差上げましょう。",
884,"≪Ｇ装飾品クエスト≫
装填珠Ｇと蒼火竜【上位】{j}リオレウス亜種１頭の狩猟{j}なし{j}なし{j}メインターゲットの達成{j}報酬金ゼロ
タイムアップ{j}ハンターズギルド{j}鼬鎌原珠という原珠を
ご存知でしょうか。
その素材は、ある高価な
装飾品の生産にかかせない
ものです。
この依頼を達成していただけ
るなら、貴重な装飾品素材を
差上げましょう。",
885,"≪Ｇ装飾品クエスト≫
強腰珠Ｇと桃毛獣【上位】{j}ババコンガ１頭の狩猟{j}なし{j}なし{j}メインターゲットの達成{j}報酬金ゼロ
タイムアップ{j}ハンターズギルド{j}鉄黒原珠という原珠を
ご存知でしょうか。
その素材は、ある高価な
装飾品の生産にかかせない
ものです。
この依頼を達成していただけ
るなら、貴重な装飾品素材を
差上げましょう。",
886,"≪Ｇ装飾品クエスト≫
弾穴珠Ｇと白影【上位】{j}フルフル１頭の狩猟{j}なし{j}なし{j}メインターゲットの達成{j}報酬金ゼロ
タイムアップ{j}ハンターズギルド{j}木賊原珠という原珠を
ご存知でしょうか。
その素材は、ある高価な
装飾品の生産にかかせない
ものです。
この依頼を達成していただけ
るなら、貴重な装飾品素材を
差上げましょう。",
887,"≪Ｇ装飾品クエスト≫
加弾珠Ｇと火竜【上位】{j}リオレウス１頭の狩猟{j}なし{j}なし{j}メインターゲットの達成{j}報酬金ゼロ
タイムアップ{j}ハンターズギルド{j}黄丹原珠という原珠を
ご存知でしょうか。
その素材は、ある高価な
装飾品の生産にかかせない
ものです。
この依頼を達成していただけ
るなら、貴重な装飾品素材を
差上げましょう。",
888,"≪Ｇ装飾品クエスト≫
耐性珠Ｇと眠鳥【上位】{j}ヒプノック１頭の狩猟{j}なし{j}なし{j}メインターゲットの達成{j}報酬金ゼロ
タイムアップ{j}ハンターズギルド{j}月白原珠という原珠を
ご存知でしょうか。
その素材は、ある高価な
装飾品の生産にかかせない
ものです。
この依頼を達成していただけ
るなら、貴重な装飾品素材を
差上げましょう。",
889,"≪Ｇ装飾品クエスト≫
加貫珠Ｇと角竜【上位】{j}ディアブロス１頭の狩猟{j}なし{j}なし{j}メインターゲットの達成{j}報酬金ゼロ
タイムアップ{j}ハンターズギルド{j}黒鳶原珠という原珠を
ご存知でしょうか。
その素材は、ある高価な
装飾品の生産にかかせない
ものです。
この依頼を達成していただけ
るなら、貴重な装飾品素材を
差上げましょう。",
890,"≪Ｇ装飾品クエスト≫
友愛珠Ｇと雌火竜【上位】{j}リオレイア１頭の狩猟{j}なし{j}なし{j}メインターゲットの達成{j}報酬金ゼロ
タイムアップ{j}ハンターズギルド{j}砥粉原珠という原珠を
ご存知でしょうか。
その素材は、ある高価な
装飾品の生産にかかせない
ものです。
この依頼を達成していただけ
るなら、貴重な装飾品素材を
差上げましょう。",
891,"≪Ｇ装飾品クエスト≫
加散珠Ｇと呑竜【上位】{j}パリアプリア１頭の狩猟{j}なし{j}なし{j}メインターゲットの達成{j}報酬金ゼロ
タイムアップ{j}ハンターズギルド{j}蒸栗原珠という原珠を
ご存知でしょうか。
その素材は、ある高価な
装飾品の生産にかかせない
ものです。
この依頼を達成していただけ
るなら、貴重な装飾品素材を
差上げましょう。",
892,"≪Ｇ装飾品クエスト≫
無精珠Ｇと一角竜【下位】{j}モノブロス１頭の狩猟{j}なし{j}なし{j}メインターゲットの達成{j}報酬金ゼロ
タイムアップ{j}ハンターズギルド{j}納戸原珠という原珠を
ご存知でしょうか。
その素材は、ある高価な
装飾品の生産にかかせない
ものです。
この依頼を達成していただけ
るなら、貴重な装飾品素材を
差上げましょう。",
893,"≪Ｇ装飾品クエスト≫
宝珠Ｇと水竜【上位】{j}ガノトトス１頭の狩猟{j}なし{j}なし{j}メインターゲットの達成{j}報酬金ゼロ
タイムアップ{j}ハンターズギルド{j}菖蒲原珠という原珠を
ご存知でしょうか。
その素材は、ある高価な
装飾品の生産にかかせない
ものです。
この依頼を達成していただけ
るなら、貴重な装飾品素材を
差上げましょう。",
894,"≪Ｇ装飾品クエスト≫
虚弱珠Ｇと白影【下位】{j}フルフル１頭の狩猟{j}なし{j}なし{j}メインターゲットの達成{j}報酬金ゼロ
タイムアップ{j}ハンターズギルド{j}紫苑原珠という原珠を
ご存知でしょうか。
その素材は、ある高価な
装飾品の生産にかかせない
ものです。
この依頼を達成していただけ
るなら、貴重な装飾品素材を
差上げましょう。",
895,"≪Ｇ装飾品クエスト≫
慰労珠Ｇと黒狼鳥【上位】{j}イャンガルルガ１頭の狩猟{j}なし{j}なし{j}メインターゲットの達成{j}報酬金ゼロ
タイムアップ{j}ハンターズギルド{j}宍色原珠という原珠を
ご存知でしょうか。
その素材は、ある高価な
装飾品の生産にかかせない
ものです。
この依頼を達成していただけ
るなら、貴重な装飾品素材を
差上げましょう。",
896,"≪Ｇ装飾品クエスト≫
属攻珠Ｇと毒怪鳥【上位】{j}ゲリョス１頭の狩猟{j}なし{j}なし{j}メインターゲットの達成{j}報酬金ゼロ
タイムアップ{j}ハンターズギルド{j}萌黄原珠という原珠を
ご存知でしょうか。
その素材は、ある高価な
装飾品の生産にかかせない
ものです。
この依頼を達成していただけ
るなら、貴重な装飾品素材を
差上げましょう。",
897,"≪Ｇ装飾品クエスト≫
護身珠Ｇと風翔龍【下位】{j}クシャルダオラ１体の討伐{j}なし{j}なし{j}メインターゲットの達成{j}報酬金ゼロ　タイムアップ
拠点の耐久値ゼロ{j}ハンターズギルド{j}柳茶原珠という原珠を
ご存知でしょうか。
その素材は、ある高価な
装飾品の生産にかかせない
ものです。
この依頼を達成していただけ
るなら、貴重な装飾品素材を
差上げましょう。",
898,"≪Ｇ装飾品クエスト≫
属撃珠Ｇと金獅子【上位】{j}ラージャン１頭の狩猟{j}なし{j}なし{j}メインターゲットの達成{j}報酬金ゼロ
タイムアップ{j}ハンターズギルド{j}花色原珠という原珠を
ご存知でしょうか。
その素材は、ある高価な
装飾品の生産にかかせない
ものです。
この依頼を達成していただけ
るなら、貴重な装飾品素材を
差上げましょう。",
899,"≪Ｇ装飾品クエスト≫
対防珠Ｇと溶岩竜【上位】{j}ヴォルガノス１頭の狩猟{j}なし{j}なし{j}メインターゲットの達成{j}報酬金ゼロ
タイムアップ{j}ハンターズギルド{j}卵色原珠という原珠を
ご存知でしょうか。
その素材は、ある高価な
装飾品の生産にかかせない
ものです。
この依頼を達成していただけ
るなら、貴重な装飾品素材を
差上げましょう。",
900,"≪Ｇ装飾品クエスト≫
気力珠Ｇと蛮竜【下位】{j}グレンゼブル１頭の狩猟{j}なし{j}なし{j}メインターゲットの達成{j}報酬金ゼロ
タイムアップ{j}ハンターズギルド{j}白茶原珠という原珠を
ご存知でしょうか。
その素材は、ある高価な
装飾品の生産にかかせない
ものです。
この依頼を達成していただけ
るなら、貴重な装飾品素材を
差上げましょう。",
901,"≪Ｇ装飾品クエスト≫
乱射珠Ｇと火竜【上位】{j}リオレウス１頭の狩猟{j}なし{j}なし{j}メインターゲットの達成{j}報酬金ゼロ
タイムアップ{j}ハンターズギルド{j}山吹原珠という原珠を
ご存知でしょうか。
その素材は、ある高価な
装飾品の生産にかかせない
ものです。
この依頼を達成していただけ
るなら、貴重な装飾品素材を
差上げましょう。",
902,"≪Ｇ装飾品クエスト≫
狙撃珠Ｇと棘茶竜【上位】{j}エスピナス亜種１頭の狩猟{j}なし{j}なし{j}メインターゲットの達成{j}報酬金ゼロ
タイムアップ{j}ハンターズギルド{j}山鳩原珠という原珠を
ご存知でしょうか。
その素材は、ある高価な
装飾品の生産にかかせない
ものです。
この依頼を達成していただけ
るなら、貴重な装飾品素材を
差上げましょう。",
903,"≪Ｇ装飾品クエスト≫
弾幕珠Ｇと雪獅子【上位】{j}ドドブランゴ１頭の狩猟{j}なし{j}なし{j}メインターゲットの達成{j}報酬金ゼロ
タイムアップ{j}ハンターズギルド{j}亜麻原珠という原珠を
ご存知でしょうか。
その素材は、ある高価な
装飾品の生産にかかせない
ものです。
この依頼を達成していただけ
るなら、貴重な装飾品素材を
差上げましょう。",
904,"≪Ｇ装飾品クエスト≫
龍王珠Ｇと覇竜【上位】{j}アカムトルム１頭の討伐{j}なし{j}なし{j}メインターゲットの達成{j}報酬金ゼロ
タイムアップ{j}ハンターズギルド{j}枯茶原珠という原珠を
ご存知でしょうか。
その素材は、ある高価な
装飾品の生産にかかせない
ものです。
この依頼を達成していただけ
るなら、貴重な装飾品素材を
差上げましょう。",
905,"≪Ｇ装飾品クエスト≫
洞察珠Ｇと轟竜【上位】{j}ティガレックス１頭の狩猟{j}なし{j}なし{j}メインターゲットの達成{j}報酬金ゼロ
タイムアップ{j}ハンターズギルド{j}紅緋原珠という原珠を
ご存知でしょうか。
その素材は、ある高価な
装飾品の生産にかかせない
ものです。
この依頼を達成していただけ
るなら、貴重な装飾品素材を
差上げましょう。",
906,"≪Ｇ装飾品クエスト≫
強体珠Ｇと桃毛獣【上位】{j}ババコンガ１頭の狩猟{j}なし{j}なし{j}メインターゲットの達成{j}報酬金ゼロ
タイムアップ{j}ハンターズギルド{j}若緑原珠という原珠を
ご存知でしょうか。
その素材は、ある高価な
装飾品の生産にかかせない
ものです。
この依頼を達成していただけ
るなら、貴重な装飾品素材を
差上げましょう。",
907,"≪Ｇ装飾品クエスト≫
障壁珠Ｇと舞雷竜【上位】{j}ベルキュロス１頭の狩猟{j}なし{j}なし{j}メインターゲットの達成{j}報酬金ゼロ
タイムアップ{j}ハンターズギルド{j}中黄原珠という原珠を
ご存知でしょうか。
その素材は、ある高価な
装飾品の生産にかかせない
ものです。
この依頼を達成していただけ
るなら、貴重な装飾品素材を
差上げましょう。",
908,"≪Ｇ装飾品クエスト≫
俊避珠Ｇと鋼龍【下位】{j}クシャルダオラ１体の討伐{j}なし{j}なし{j}メインターゲットの達成{j}報酬金ゼロ
タイムアップ{j}ハンターズギルド{j}蘭茶原珠という原珠を
ご存知でしょうか。
その素材は、ある高価な
装飾品の生産にかかせない
ものです。
この依頼を達成していただけ
るなら、貴重な装飾品素材を
差上げましょう。",
909,"≪Ｇ装飾品クエスト≫
統制珠Ｇと呑竜【上位】{j}パリアプリア１頭の狩猟{j}なし{j}なし{j}メインターゲットの達成{j}報酬金ゼロ
タイムアップ{j}ハンターズギルド{j}藍鼠原珠という原珠を
ご存知でしょうか。
その素材は、ある高価な
装飾品の生産にかかせない
ものです。
この依頼を達成していただけ
るなら、貴重な装飾品素材を
差上げましょう。",
910,"≪Ｇ装飾品クエスト≫
専心珠Ｇと幻獣【下位】{j}キリン１頭の討伐{j}なし{j}なし{j}メインターゲットの達成{j}報酬金ゼロ
タイムアップ{j}ハンターズギルド{j}濡烏原珠という原珠を
ご存知でしょうか。
その素材は、ある高価な
装飾品の生産にかかせない
ものです。
この依頼を達成していただけ
るなら、貴重な装飾品素材を
差上げましょう。",
911,"≪Ｇ装飾品クエスト≫
心鍛珠Ｇと跳緋獣【上位】{j}ゴゴモア１頭の狩猟{j}なし{j}なし{j}メインターゲットの達成{j}報酬金ゼロ
タイムアップ{j}ハンターズギルド{j}滅紫原珠という原珠を
ご存知でしょうか。
その素材は、ある高価な
装飾品の生産にかかせない
ものです。
この依頼を達成していただけ
るなら、貴重な装飾品素材を
差上げましょう。",
912,"≪Ｇ装飾品クエスト≫
砲攻珠Ｇと炎王龍【下位】{j}テオ・テスカトル１体の討伐{j}なし{j}なし{j}メインターゲットの達成{j}報酬金ゼロ
タイムアップ{j}ハンターズギルド{j}雄黄原珠という原珠を
ご存知でしょうか。
その素材は、ある高価な
装飾品の生産にかかせない
ものです。
この依頼を達成していただけ
るなら、貴重な装飾品素材を
差上げましょう。",
913,"≪Ｇ装飾品クエスト≫
投剣珠Ｇと水竜【上位】{j}ガノトトス１頭の狩猟{j}なし{j}なし{j}メインターゲットの達成{j}報酬金ゼロ
タイムアップ{j}ハンターズギルド{j}錆色原珠という原珠を
ご存知でしょうか。
その素材は、ある高価な
装飾品の生産にかかせない
ものです。
この依頼を達成していただけ
るなら、貴重な装飾品素材を
差上げましょう。",
914,"≪Ｇ装飾品クエスト≫
納短珠Ｇと霞龍【下位】{j}オオナズチ１体の討伐{j}なし{j}なし{j}メインターゲットの達成{j}報酬金ゼロ
タイムアップ{j}ハンターズギルド{j}紺青原珠という原珠を
ご存知でしょうか。
その素材は、ある高価な
装飾品の生産にかかせない
ものです。
この依頼を達成していただけ
るなら、貴重な装飾品素材を
差上げましょう。",
915,"≪Ｇ装飾品クエスト≫
文鎮珠Ｇと冥雷竜【上位】{j}ドラギュロス１頭の狩猟{j}なし{j}なし{j}メインターゲットの達成{j}報酬金ゼロ
タイムアップ{j}ハンターズギルド{j}豚鼻原珠という原珠を
ご存知でしょうか。
その素材は、ある高価な
装飾品の生産にかかせない
ものです。
この依頼を達成していただけ
るなら、貴重な装飾品素材を
差上げましょう。",
916,"≪特殊素材クエスト≫
煮えたぎる紅蓮{j}ヴォルガノス亜種１頭の討伐{j}主目標の頭部破壊{j}なし{j}マストオーダー全ての達成{j}報酬金ゼロ
タイムアップ{j}生態研究員{j}火山で、通常よりも強力な
≪ヴォルガノス亜種≫の目撃
報告があります。生態を調査
したいので、討伐のついでに
何かサンプルになるようなも
のを取ってきてください。
万が一、何か珍しい素材が
取れたら差し上げますよ。",
917,"≪特殊素材クエスト≫
旅立ちに一振りの刃を{j}イャンクック１頭の狩猟{j}ドスファンゴ１頭の狩猟{j}なし{j}マストオーダー全ての達成{j}報酬金ゼロ
タイムアップ{j}ハンターズギルド{j}密林に現れた、怪鳥と大猪
の狩猟をお願いします。
この依頼は、これから一流の
ハンターを目指す皆さんに
丁度良い依頼となっています。
報酬として、ギルドから
心ばかりの贈り物を用意させ
て頂きました。いつの日か、
立派なハンターとなることを
期待します。",
918,"≪特別イベントクエスト≫
年間特典クエスト６年目{j}年間特典生産券１枚の納品{j}なし{j}なし{j}メインターゲットの達成{j}報酬金ゼロ
タイムアップ{j}エフィー{j}６年間ＭＨＦを遊んでくれて
ありがとうございます！
≪妖刀・舞雷≫を
装備し、≪年間特典生産券≫
１枚を納品すると
≪感謝の証Ⅵ≫を１１枚プレ
ゼントいたします。
≪感謝の証Ⅵ≫から
≪ホーンティングソーン≫
（片手剣）が生産可能です。",
919,"≪特殊素材クエスト≫
燃えたぎる黒弾{j}ヴォルガノス１頭の討伐{j}ヴォルガノスの背ビレの破壊{j}なし{j}マストオーダー全ての達成{j}報酬金ゼロ
タイムアップ{j}生態研究員{j}火山で、通常よりも強力な
≪ヴォルガノス≫の目撃報告
があります。生態を調査した
いので、討伐のついでに何か
サンプルになるようなものを
取ってきてください。万が一、
何か珍しい素材が取れたら
差し上げますよ。",
920,"≪スペシャルクエスト≫
逆襲！２頭の牙獣{j}ドドブランゴ１頭の狩猟{j}ババコンガ１頭の狩猟{j}なし{j}マストオーダー全ての達成{j}報酬金ゼロ
タイムアップ{j}闘技場の主催者{j}ハンターが己の腕前を披露す
る闘技場！牙獣種を代表する
ドドブランゴとババコンガ。
１頭でも困難を極めるこの牙獣
を２頭同時に狩猟できる狩人が
果して存在するのか！？一人前
のハンターであっても一瞬の気
の緩みが命取りになるぞ！",
921,"≪森丘探索≫
森丘の影{j}イャンクック１頭の捕獲{j}なし{j}なし{j}メインターゲットの達成{j}報酬金ゼロ
タイムアップ{j}通商隊のオーナー{j}急ぎの仕事を頼みたいんだ。
森丘に怪鳥が出たんだ。
いつもなら気にしないんだが
運悪く通商隊が通過するので
すぐに追い払って欲しい。
血の臭いで、他の飛竜を
呼び寄せては困るから
捕獲で頼むよ。ほんと頼むよ！
",
922,"≪Ｇ装飾品クエスト≫
狙えＧ珠！痺瓶・痺剣・火剣{j}アクラ・ヴァシム変種１匹{j}主目標の尻尾切断{j}なし{j}メインターゲットの討伐、
またはサブターゲットの達成{j}報酬金ゼロ
タイムアップ{j}ハンターズギルド{j}ギルドの倉庫を整理中、貴重
な装飾品の素材が、いくつか
見つかったんです。
種類はバラバラですが、この
依頼を達成してくれれば差し
上げることができるかも…。
指定の部位破壊をしていただ
ければ、オマケも付けますよ。",
923,"≪雪山探索≫
双白影{j}フルフル２頭の討伐{j}なし{j}なし{j}メインターゲットの達成{j}報酬金ゼロ
タイムアップ{j}グルメなハンター{j}≪フルフル≫の姿を見たこと
あるかい？
あの姿は…僕の理想といって
もいい。あのとても美味し
そ…ゴ、ゴホン。とにかく
フルフルを２頭討伐してきて
くれ。頼んだよ。",
924,"≪エクストラクエスト≫
潮島大採取・下位編{j}地図１個の納品{j}なし{j}なし{j}メインターゲットの達成{j}報酬金ゼロ
タイムアップ{j}大衆酒場ギルド{j}おまたせしました。
≪エクストラクエスト≫は、
大衆酒場ギルドより、お送り
いたします。
ギルドの力によって用意され
た、大変穏やかで実り豊かな
フィールドで、たまにはのん
びり採取でもいかがですか？",
925,"≪エクストラクエスト≫
潮島大採取・下位編{j}地図１個の納品{j}なし{j}なし{j}メインターゲットの達成{j}報酬金ゼロ
タイムアップ{j}大衆酒場ギルド{j}おまたせしました。
≪エクストラクエスト≫は、
大衆酒場ギルドより、お送り
いたします。
ギルドの力によって用意され
た、大変穏やかで実り豊かな
フィールドで、たまにはのん
びり採取でもいかがですか？",
926,"≪エクストラクエスト≫
潮島大採取・上位編{j}地図１個の納品{j}なし{j}なし{j}メインターゲットの達成{j}報酬金ゼロ
タイムアップ{j}大衆酒場ギルド{j}おまたせしました。
≪エクストラクエスト≫は、
大衆酒場ギルドより、お送り
いたします。
ギルドの力によって用意され
た、大変穏やかで実り豊かな
フィールドで、たまにはのん
びり採取でもいかがですか？",
927,"≪エクストラクエスト≫
潮島大採取・上位編{j}地図１個の納品{j}なし{j}なし{j}メインターゲットの達成{j}報酬金ゼロ
タイムアップ{j}大衆酒場ギルド{j}おまたせしました。
≪エクストラクエスト≫は、
大衆酒場ギルドより、お送り
いたします。
ギルドの力によって用意され
た、大変穏やかで実り豊かな
フィールドで、たまにはのん
びり採取でもいかがですか？",
928,"≪剛種クエスト≫
剛腕！朱蒼の闘獣{j}ゴウガルフ２頭の狩猟{j}なし{j}なし{j}メインターゲットの達成{j}報酬金ゼロ
タイムアップ{j}ハンターズギルド{j}峡谷で未確認の２頭の牙獣種
が暴れているとの報告があり
ました。まだ情報も少なく、
赤と青ということ以外、
分かっていません。
報告から極めて強力な個体で
あることは間違いありません。
万全の準備を整えてから
現地へ向かってください。",
929,"≪メモクエスト≫
青怪鳥とボロンメモ{j}イャンクック亜種１頭の討伐{j}なし{j}なし{j}メインターゲットの達成{j}報酬金ゼロ
タイムアップ{j}武具工房の親方{j}失われたとされていた、武具
の製造の秘伝を記したメモが
各地で討伐されたモンスター
から見つかってるらしいぜい！
≪ボロンメモ≫を手に入れ
たら、男一匹！この工房長の
ところに持ってきな！
イイ仕事をしてみせるぜい！",
930,"≪メモクエスト≫
岩竜とソディメモ{j}バサルモス１頭の討伐{j}なし{j}なし{j}メインターゲットの達成{j}報酬金ゼロ
タイムアップ{j}武具工房の親方{j}失われたとされていた、武具
の製造の秘伝を記したメモが
各地で討伐されたモンスター
から見つかってるらしいぜい！
≪ソディメモ≫を手に入れ
たら、男一匹！この工房長の
ところに持ってきな！
イイ仕事をしてみせるぜい！",
931,"≪メモクエスト≫
鎌蟹とクロルメモ{j}ショウグンギザミ１匹の討伐{j}なし{j}なし{j}メインターゲットの達成{j}報酬金ゼロ
タイムアップ{j}武具工房の親方{j}失われたとされていた、武具
の製造の秘伝を記したメモが
各地で討伐されたモンスター
から見つかってるらしいぜい！
≪クロルメモ≫を手に入れ
たら、男一匹！この工房長の
ところに持ってきな！
イイ仕事をしてみせるぜい！",
932,"≪メモクエスト≫
火竜とティタンメモ{j}リオレウス１頭の討伐{j}なし{j}なし{j}メインターゲットの達成{j}報酬金ゼロ
タイムアップ{j}武具工房の親方{j}失われたとされていた、武具
の製造の秘伝を記したメモが
各地で討伐されたモンスター
から見つかってるらしいぜい！
≪ティタンメモ≫を手に入れ
たら、男一匹！この工房長の
ところに持ってきな！
イイ仕事をしてみせるぜい！",
933,"≪メモクエスト≫
盾蟹とガルムメモ{j}ダイミョウザザミ１匹の討伐{j}なし{j}なし{j}メインターゲットの達成{j}報酬金ゼロ
タイムアップ{j}武具工房の親方{j}失われたとされていた、武具
の製造の秘伝を記したメモが
各地で討伐されたモンスター
から見つかってるらしいぜい！
≪ガルムメモ≫を手に入れ
たら、男一匹！この工房長の
ところに持ってきな！
イイ仕事をしてみせるぜい！",
934,"≪メモクエスト≫
紫毒鳥とニオベーメモ{j}ゲリョス亜種１頭の討伐{j}なし{j}なし{j}メインターゲットの達成{j}報酬金ゼロ
タイムアップ{j}武具工房の親方{j}失われたとされていた、武具
の製造の秘伝を記したメモが
各地で討伐されたモンスター
から見つかってるらしいぜい！
≪ニオベーメモ≫を手に入れ
たら、男一匹！この工房長の
ところに持ってきな！
イイ仕事をしてみせるぜい！",
935,"≪メモクエスト≫
フルフルとアチモメモ{j}フルフル１頭の討伐{j}なし{j}なし{j}メインターゲットの達成{j}報酬金ゼロ
タイムアップ{j}武具工房の親方{j}失われたとされていた、武具
の製造の秘伝を記したメモが
各地で討伐されたモンスター
から見つかってるらしいぜい！
≪アチモメモ≫を手に入れ
たら、男一匹！この工房長の
ところに持ってきな！
イイ仕事をしてみせるぜい！",
936,"≪メモクエスト≫
氷狐竜とネオジムメモ{j}デュラガウア１頭の討伐{j}なし{j}なし{j}メインターゲットの達成{j}報酬金ゼロ
タイムアップ{j}武具工房の親方{j}失われたとされていた、武具
の製造の秘伝を記したメモが
各地で討伐されたモンスター
から見つかってるらしいぜい！
≪ネオジムメモ≫を手に入れ
たら、男一匹！この工房長の
ところに持ってきな！
イイ仕事をしてみせるぜい！",
937,"≪メモクエスト≫
蒼火竜とルテシアメモ{j}リオレウス亜種１頭の討伐{j}なし{j}なし{j}メインターゲットの達成{j}報酬金ゼロ
タイムアップ{j}武具工房の親方{j}失われたとされていた、武具
の製造の秘伝を記したメモが
各地で討伐されたモンスター
から見つかってるらしいぜい！
≪ルテシアメモ≫を手に入れ
たら、男一匹！この工房長の
ところに持ってきな！
イイ仕事をしてみせるぜい！",
938,"≪メモクエスト≫
響狼たちとメルクリメモ{j}カム・オルガロン１頭の討伐{j}ノノ・オルガロン１頭の討伐{j}なし{j}マストオーダー全ての達成{j}報酬金ゼロ
タイムアップ{j}武具工房の親方{j}失われたとされていた、武具
の製造の秘伝を記したメモが
各地で討伐されたモンスター
から見つかってるらしいぜい！
≪メルクリメモ≫を手に入れ
たら、男一匹！この工房長の
ところに持ってきな！
イイ仕事をしてみせるぜい！",
939,"≪メモクエスト≫
雌火竜たちとブロアクメモ{j}リオレイア亜種１頭の討伐{j}リオレイア１頭の討伐{j}なし{j}マストオーダー全ての達成{j}報酬金ゼロ
タイムアップ{j}武具工房の親方{j}失われたとされていた、武具
の製造の秘伝を記したメモが
各地で討伐されたモンスター
から見つかってるらしいぜい！
≪ブロアクメモ≫を手に入れ
たら、男一匹！この工房長の
ところに持ってきな！
イイ仕事をしてみせるぜい！",
940,"≪メモクエスト≫
砂竜とフェルミメモ{j}ドスガレオス変種１頭{j}なし{j}なし{j}メインターゲットの討伐{j}報酬金ゼロ
タイムアップ{j}武具工房の親方{j}失われたとされていた、武具
の製造の秘伝を記したメモが
各地で討伐されたモンスター
から見つかってるらしいぜい！
≪フェルミメモ≫を手に入れ
たら、男一匹！この工房長の
ところに持ってきな！
イイ仕事をしてみせるぜい！",
941,"≪特別イベントクエスト≫
肉球のコイン・金２（きん）{j}クエスト達成証１枚の納品{j}なし{j}なし{j}メインターゲットの達成{j}報酬金ゼロ
タイムアップ{j}峡谷の行商人{j}やあ！いつぞやはありがとう！
≪肉球のコイン≫が欲しい時
は、わるいけど峡谷まで来て
ほしい。≪クエスト達成証≫
をちゃんと持って、１人で来
てくれよ。では、峡谷で待っ
ているからね。",
942,"≪特別イベントクエスト≫
肉球のコイン・銀２（ぎん）{j}クエスト達成証１枚の納品{j}なし{j}なし{j}メインターゲットの達成{j}報酬金ゼロ
タイムアップ{j}峡谷の行商人{j}やあ！いつぞやはありがとう！
≪肉球のコイン≫が欲しい時
は、わるいけど峡谷まで来て
ほしい。≪クエスト達成証≫
をちゃんと持って、１人で来
てくれよ。では、峡谷で待っ
ているからね。",
943,"≪特別イベントクエスト≫
肉球のコイン・銅２（どう）{j}クエスト達成証１枚の納品{j}なし{j}なし{j}メインターゲットの達成{j}報酬金ゼロ
タイムアップ{j}峡谷の行商人{j}やあ！いつぞやはありがとう！
≪肉球のコイン≫が欲しい時
は、わるいけど峡谷まで来て
ほしい。≪クエスト達成証≫
をちゃんと持って、１人で来
てくれよ。では、峡谷で待っ
ているからね。",
944,"≪特別イベントクエスト≫
肉球のコイン・金６（きん）{j}クエスト達成証３枚の納品{j}なし{j}なし{j}メインターゲットの達成{j}報酬金ゼロ
タイムアップ{j}峡谷の行商人{j}やあ！いつぞやはありがとう！
≪肉球のコイン≫が欲しい時
は、わるいけど峡谷まで来て
ほしい。今度は６枚まとめて
お渡しいたしますよ。
≪クエスト達成証≫３枚を
ちゃんと持って、１人で来て
くれよ。では、峡谷で待って
いるからね。",
945,"≪特別イベントクエスト≫
肉球のコイン・銀６（ぎん）{j}クエスト達成証３枚の納品{j}なし{j}なし{j}メインターゲットの達成{j}報酬金ゼロ
タイムアップ{j}峡谷の行商人{j}やあ！いつぞやはありがとう！
≪肉球のコイン≫が欲しい時
は、わるいけど峡谷まで来て
ほしい。今度は６枚まとめて
お渡しいたしますよ。
≪クエスト達成証≫３枚を
ちゃんと持って、１人で来て
くれよ。では、峡谷で待って
いるからね。",
946,"≪特別イベントクエスト≫
肉球のコイン・銅６（どう）{j}クエスト達成証３枚の納品{j}なし{j}なし{j}メインターゲットの達成{j}報酬金ゼロ
タイムアップ{j}峡谷の行商人{j}やあ！いつぞやはありがとう！
≪肉球のコイン≫が欲しい時
は、わるいけど峡谷まで来て
ほしい。今度は６枚まとめて
お渡しいたしますよ。
≪クエスト達成証≫３枚を
ちゃんと持って、１人で来て
くれよ。では、峡谷で待って
いるからね。",
947,"≪特別イベントクエスト≫
肉球のコイン・鉛２（なまり）{j}クエスト達成証１枚の納品{j}なし{j}なし{j}メインターゲットの達成{j}報酬金ゼロ
タイムアップ{j}峡谷の行商人{j}やあ！いつぞやはありがとう！
≪肉球のコイン≫が欲しい時
は、わるいけど峡谷まで来て
ほしい。≪クエスト達成証≫
をちゃんと持って、１人で来
てくれよ。では、峡谷で待っ
ているからね。",
948,"≪特別イベントクエスト≫
肉球のコイン・鉄２（てつ）{j}クエスト達成証１枚の納品{j}なし{j}なし{j}メインターゲットの達成{j}報酬金ゼロ
タイムアップ{j}峡谷の行商人{j}やあ！いつぞやはありがとう！
≪肉球のコイン≫が欲しい時
は、わるいけど峡谷まで来て
ほしい。≪クエスト達成証≫
をちゃんと持って、１人で来
てくれよ。では、峡谷で待っ
ているからね。",
949,"≪特別イベントクエスト≫
肉球のコイン・鋼２（はがね）{j}クエスト達成証１枚の納品{j}なし{j}なし{j}メインターゲットの達成{j}報酬金ゼロ
タイムアップ{j}峡谷の行商人{j}やあ！いつぞやはありがとう！
≪肉球のコイン≫が欲しい時
は、わるいけど峡谷まで来て
ほしい。≪クエスト達成証≫
をちゃんと持って、１人で来
てくれよ。では、峡谷で待っ
ているからね。",
950,"≪特別イベントクエスト≫
肉球のコイン・鉛６（なまり）{j}クエスト達成証３枚の納品{j}なし{j}なし{j}メインターゲットの達成{j}報酬金ゼロ
タイムアップ{j}峡谷の行商人{j}やあ！いつぞやはありがとう！
≪肉球のコイン≫が欲しい時
は、わるいけど峡谷まで来て
ほしい。今度は６枚まとめて
お渡しいたしますよ。
≪クエスト達成証≫３枚を
ちゃんと持って、１人で来て
くれよ。では、峡谷で待って
いるからね。",
951,"≪特別イベントクエスト≫
肉球のコイン・鉄６（てつ）{j}クエスト達成証３枚の納品{j}なし{j}なし{j}メインターゲットの達成{j}報酬金ゼロ
タイムアップ{j}峡谷の行商人{j}やあ！いつぞやはありがとう！
≪肉球のコイン≫が欲しい時
は、わるいけど峡谷まで来て
ほしい。今度は６枚まとめて
お渡しいたしますよ。
≪クエスト達成証≫３枚を
ちゃんと持って、１人で来て
くれよ。では、峡谷で待って
いるからね。",
952,"≪特別イベントクエスト≫
肉球のコイン・鋼６（はがね）{j}クエスト達成証３枚の納品{j}なし{j}なし{j}メインターゲットの達成{j}報酬金ゼロ
タイムアップ{j}峡谷の行商人{j}やあ！いつぞやはありがとう！
≪肉球のコイン≫が欲しい時
は、わるいけど峡谷まで来て
ほしい。今度は６枚まとめて
お渡しいたしますよ。
≪クエスト達成証≫３枚を
ちゃんと持って、１人で来て
くれよ。では、峡谷で待って
いるからね。",
953,"≪特別イベントクエスト≫
肉球のメダル交換【氷狐竜】{j}氷狐竜の上鱗３個の納品{j}氷狐竜の上鱗２個の納品{j}氷狐竜の上鱗１個の納品{j}メインターゲット、もしくは
サブターゲットＡ、Ｂの達成{j}報酬金ゼロ
タイムアップ{j}困っているハンター{j}武器を修理したいが素材が足
りない！これでは狩りに出ら
れない。キミが持っている
≪氷狐竜の上鱗≫をこの
≪肉球のメダル≫と交換して
くれ！頼む！",
954,"≪特別イベントクエスト≫
肉球のメダル交換【冥雷竜】{j}冥雷竜の堅殻３個の納品{j}冥雷竜の堅殻２個の納品{j}冥雷竜の堅殻１個の納品{j}メインターゲット、もしくは
サブターゲットＡ、Ｂの達成{j}報酬金ゼロ
タイムアップ{j}困っているハンター{j}武器を修理したいが素材が足
りない！これでは狩りに出ら
れない。キミが持っている
≪冥雷竜の堅殻≫を、この
≪肉球のメダル≫と交換して
くれ！頼む！",
955,"≪特別イベントクエスト≫
肉球のメダル交換【溶岩竜】{j}溶岩竜の上鱗３個の納品{j}溶岩竜の上鱗２個の納品{j}溶岩竜の上鱗１個の納品{j}メインターゲット、もしくは
サブターゲットＡ、Ｂの達成{j}報酬金ゼロ
タイムアップ{j}困っているハンター{j}武器を修理したいが素材が足
りない！これでは狩りに出ら
れない。キミが持っている
≪溶岩竜の上鱗≫を、この
≪肉球のメダル≫と交換して
くれ！頼む！",
956,"≪特別イベントクエスト≫
肉球のメダル交換【蛮竜】{j}蛮竜の上鱗３個の納品{j}蛮竜の上鱗２個の納品{j}蛮竜の上鱗１個の納品{j}メインターゲット、もしくは
サブターゲットＡ、Ｂの達成{j}報酬金ゼロ
タイムアップ{j}困っているハンター{j}武器を修理したいのだが、
少し素材が足りないのだ！
一刻も早く狩りへ出発する為、
ぜひとも協力してほしい。
そこで、≪蛮竜の上鱗≫と
私の≪肉球のメダル≫を交換
しようではないか。
よろしく頼む！",
957,"≪剛種クエスト≫
剛吸！喰血竜{j}バルラガル１頭{j}ドスイーオス変種１頭{j}なし{j}メインターゲット、もしくは
サブターゲットＡの狩猟{j}報酬金ゼロ
タイムアップ{j}ハンターズギルド{j}沼地に未確認のモンスターが
現れたとの報告がありました。
調査の結果、これまで
メゼポルタ周辺では確認され
たことのない喰血竜
≪バルラガル≫であると判明
しました。現在も調査は進め
られています。
至急現地へ向かい、
安全の確保をお願いします。",
958,"≪剛種クエスト≫
剛天！輝界竜{j}ゼルレウス１頭の討伐{j}なし{j}なし{j}メインターゲットの達成{j}報酬金ゼロ
タイムアップ{j}ハンターズギルド{j}突如、塔の頂部に未確認の
モンスターが現れたとの報告
がありました。雲の隙間から
漏れる光の中より現れたとの
ことですが、報告から輝界竜
≪ゼルレウス≫であると推測
されます。本当であれば、
大変危険な状態です。
至急現地へ向かい調査を
お願いします。",
959,"≪剛種クエスト≫
剛闇！黒穿竜{j}メラギナス１頭の討伐{j}なし{j}なし{j}メインターゲットの達成{j}報酬金ゼロ
タイムアップ{j}ハンターズギルド{j}調査により、潮島の洞窟には、
更に奥があることが分かり
ました。かなり大きな空間が
広がっているようですが、
黒色のモンスターの姿も
同時に確認されています。
安全が確保されるまで、
調査が行えません。
至急、現地へ向かい安全の
確保をお願いします。",
960,"≪ハンターズギルド緊急依頼≫
シュレイド城での決戦！{j}ミラボレアス１体の討伐{j}なし{j}なし{j}メインターゲットの達成{j}報酬金ゼロ
タイムアップ{j}古龍観測局{j}伝説とされていた黒き龍が、
≪シュレイド城≫にて、その
姿を現したようです！黒龍
伝説の物語では、黒龍が世界
に災いをもたらすと語られて
います！伝説が現実にならな
いよう全力で討伐して下さい！",
961,"≪ハンターズギルド緊急依頼≫
紅き怒りを追撃せよ！{j}ミラボレアス１体の討伐{j}なし{j}なし{j}メインターゲットの達成{j}報酬金ゼロ
タイムアップ{j}古龍観測局{j}伝説の黒龍、ミラボレアスが
前人未踏の火山の最奥地にて
なにやら良からぬ動きをして
いるようです！！このままで
は世界に災厄が降り注ぐかも
知れません！火山へと急行し
怒れる黒龍を撃退して下さい！",
962,"≪ハンターズギルド緊急依頼≫
祖龍{j}ミラボレアス１体の討伐{j}なし{j}なし{j}メインターゲットの達成{j}報酬金ゼロ
タイムアップ{j}古龍観測局{j}謎多き未開の地≪古塔≫にて、
当局の文献にも、一切の記録
が無い、未観測の≪生物≫が
確認されました。まさか、
ある書物にのみ記されている
という≪白き龍≫が現れたと
いうのでしょうか...。",
963,"≪Ｇ装飾品クエスト≫
集研珠Ｇと砂竜【下位】{j}ドスガレオス１頭の狩猟{j}なし{j}なし{j}メインターゲットの達成{j}報酬金ゼロ
タイムアップ{j}ハンターズギルド{j}牡丹原珠という原珠を
ご存知でしょうか。
その素材は、ある高価な
装飾品の生産にかかせない
ものです。
この依頼を達成していただけ
るなら、貴重な装飾品素材を
差上げましょう。",
964,"≪Ｇ装飾品クエスト≫
銃槍珠Ｇと黒鎧竜【上位】{j}グラビモス亜種１頭の狩猟{j}なし{j}なし{j}メインターゲットの達成{j}報酬金ゼロ
タイムアップ{j}ハンターズギルド{j}紅赤原珠という原珠を
ご存知でしょうか。
その素材は、ある高価な
装飾品の生産にかかせない
ものです。
この依頼を達成していただけ
るなら、貴重な装飾品素材を
差上げましょう。",
965,"≪Ｇ装飾品クエスト≫
耐状態珠Ｇと金火竜【上位】{j}リオレイア希少種１頭の狩猟{j}なし{j}なし{j}メインターゲットの達成{j}報酬金ゼロ
タイムアップ{j}ハンターズギルド{j}萌葱原珠という原珠を
ご存知でしょうか。
その素材は、ある高価な
装飾品の生産にかかせない
ものです。
この依頼を達成していただけ
るなら、貴重な装飾品素材を
差上げましょう。",
966,"≪Ｇ装飾品クエスト≫
餓狼珠Ｇと尾晶蠍【上位】{j}アクラ・ヴァシム１匹の討伐{j}なし{j}なし{j}メインターゲットの達成{j}報酬金ゼロ
タイムアップ{j}ハンターズギルド{j}白磁原珠という原珠を
ご存知でしょうか。
その素材は、ある高価な
装飾品の生産にかかせない
ものです。
この依頼を達成していただけ
るなら、貴重な装飾品素材を
差上げましょう。",
967,"≪Ｇ装飾品クエスト≫
剣術珠Ｇと冥雷竜【上位】{j}ドラギュロス１頭の狩猟{j}なし{j}なし{j}メインターゲットの達成{j}報酬金ゼロ
タイムアップ{j}ハンターズギルド{j}天色原珠という原珠を
ご存知でしょうか。
その素材は、ある高価な
装飾品の生産にかかせない
ものです。
この依頼を達成していただけ
るなら、貴重な装飾品素材を
差上げましょう。",
968,"≪特殊素材クエスト≫
これから旅立つハンターへ{j}ヒプノック１頭の狩猟{j}イャンクック１頭の狩猟{j}なし{j}マストオーダー全ての達成{j}報酬金ゼロ
タイムアップ{j}勝気な女ハンター{j}新しく入った猟団員に、わた
しとお揃いの≪ククボシリー
ズ≫を作ってあげたいの。
この防具は、動きやすいし、
デザインも可愛くて初心者に
人気の装備よ。
この依頼で手に入るから、
あなたも一緒にいかが？
",
969,"≪特殊素材クエスト≫
鬼と童を旅立ちに{j}ラージャン１頭の狩猟{j}ティガレックス１頭の狩猟{j}なし{j}マストオーダー全ての達成{j}報酬金ゼロ
タイムアップ{j}愛想ナシな男{j}これから長い旅に出るんだ。
そこで、防具を新調したい。
≪鬼神／童子一式≫を狙って
いるのだが、獲物が厄介で、
≪金獅子≫と≪轟竜≫を狩猟
しないといけない。
２頭を相手にするのは至難だ
が、達成すればクールな防具
を手に入れられるぜ。",
970,"≪拠点迎撃戦≫
防衛計画・錆色の風翔龍{j}クシャルダオラ１体の討伐{j}なし{j}なし{j}メインターゲットの達成{j}報酬金ゼロ　タイムアップ
拠点の耐久値ゼロ{j}ハンターズギルド{j}現在、メゼポルタに向けて、
風翔龍が飛来中との報告が
ありました。
腕に自信のあるハンターは、
≪迎撃拠点≫で迎え撃ち、
豊富な支給品と、迎撃兵器を
利用して、討伐してください。",
971,"≪拠点迎撃戦≫
防衛計画・氷嵐の風翔龍{j}クシャルダオラ１体の討伐{j}なし{j}なし{j}メインターゲットの達成{j}報酬金ゼロ　タイムアップ
拠点の耐久値ゼロ{j}ハンターズギルド{j}現在、メゼポルタに向けて、
風翔龍が飛来中との報告が
ありました。
腕に自信のあるハンターは、
≪迎撃拠点≫で迎え撃ち、
豊富な支給品と、迎撃兵器を
利用して、討伐してください。",
972,"≪砦防衛戦≫
砦を揺るがす大脚{j}シェンガオレン１匹の撃退{j}なし{j}なし{j}メインターゲットの達成{j}撃退できずにタイムアップ
報酬金ゼロ　拠点の耐久値ゼロ{j}ハンターズギルド{j}≪砦≫に砦蟹シェンガオレン
が侵攻してきたと報告があり
ました。ハンターの皆さんは
直ちに迎撃に向かってくださ
い。砦の迎撃設備は自由に
使用しても問題ありません。
最大限に活用してこれを迎撃
してください。",
973,"≪砦防衛戦≫
悠然と聳える老山龍{j}ラオシャンロン１体の撃退{j}なし{j}なし{j}メインターゲットの達成{j}撃退できずにタイムアップ
報酬金ゼロ　拠点の耐久値ゼロ{j}ハンターズギルド{j}老山龍ラオシャンロンが侵攻
してきていると砦の警備兵か
ら連絡が届いています。ハン
ターの皆さんは直ちに砦へ向
かいこれを迎撃してください。
砦の設備は自由に使って構い
ません。最大限に活用し戦い
に役立ててください。",
974,"≪砦防衛戦≫
泰然とせまる老山龍{j}ラオシャンロン１体の撃退{j}なし{j}なし{j}メインターゲットの達成{j}撃退できずにタイムアップ
報酬金ゼロ　拠点の耐久値ゼロ{j}ハンターズギルド{j}老山龍ラオシャンロンが侵攻
してきていると砦の警備兵か
ら連絡が届いています。ハン
ターの皆さんは直ちに砦へ向
かいこれを迎撃してください。
砦の設備は自由に使って構い
ません。最大限に活用し戦い
に役立ててください。",
975,"≪砦防衛戦≫
砦を脅かす岩山龍{j}ラオシャンロン亜種１体の撃退{j}なし{j}なし{j}メインターゲットの達成{j}撃退できずにタイムアップ
報酬金ゼロ　拠点の耐久値ゼロ{j}ハンターズギルド{j}灰色の体色をした岩のような
巨龍が侵攻してきていると砦
の警備兵から連絡が届いてい
ます。ハンターの皆さんは直
ちに砦へ向かいこれを迎撃し
てください。砦の設備は自由
に使って構いません。最大限
に活用し戦いに役立ててくだ
さい。",
976,"≪樹海頂部探索≫
蒼白眠鳥目撃報告{j}ヒプノック希少種１頭の狩猟{j}なし{j}なし{j}メインターゲットの達成{j}報酬金ゼロ
タイムアップ{j}メゼポルタ猟団組合{j}樹海の頂部。
まるで秘境のような地域に
迷い込んだハンターが、
ヒプノックの新種を目撃
したようです。
その姿は、見たことも
ないような蒼白い姿だった
とか…。大至急、調査を
お願いします！",
977,"≪樹海頂部探索≫
炎に包まれし白{j}エスピナス希少種１頭の狩猟{j}なし{j}なし{j}メインターゲットの達成{j}報酬金ゼロ
タイムアップ{j}メゼポルタ猟団組合{j}樹海の頂部で、白い影が
目撃されたようですが、
どうも眠鳥の希少種にして
は形、大きさが異なり、
また、その姿は大きな炎に
包まれていたとか…。
頂部にある横穴で、待ち伏
せての調査をお願いします。",
978,"≪特別イベントクエスト≫
年間特典クエスト５年目・Ⅲ{j}年間特典生産券１枚の納品{j}なし{j}なし{j}メインターゲットの達成{j}報酬金ゼロ
タイムアップ{j}エフィー{j}５年間ＭＨＦを遊んでくれて
ありがとうございます！
≪アクラヴァントアナー≫を
装備し、≪年間特典生産券≫
１枚を納品すると
≪感謝の証Ⅴ≫を１１枚
プレゼントいたします。
≪感謝の証Ⅴ≫から
≪名刀・舞雷乃爪≫（太刀）
が生産可能です。",
979,"≪特別イベントクエスト≫
年間特典クエスト６年目・Ⅱ{j}年間特典生産券１枚の納品{j}なし{j}なし{j}メインターゲットの達成{j}報酬金ゼロ
タイムアップ{j}エフィー{j}６年間ＭＨＦを遊んでくれて
ありがとうございます！
≪魔刀・舞雷乃修羅≫を
装備し、≪年間特典生産券≫
１枚を納品すると
≪感謝の証Ⅵ≫を１１枚プレ
ゼントいたします。
≪感謝の証Ⅵ≫から
≪ホーンティングソーン≫
（片手剣）が生産可能です。",
980,"≪特別イベントクエスト≫
年間特典クエスト２【女帝】{j}年間特典生産券１枚の納品{j}なし{j}なし{j}メインターゲットの達成{j}報酬金ゼロ
タイムアップ{j}エフィー{j}２年間ＭＨＦを遊んでくれて
ありがとうございます！
≪ナナブレイド【女帝】≫を
装備し、≪年間特典生産券≫
１枚を納品すると、
≪感謝の証Ⅱ≫を１１枚
プレゼントいたします。
≪感謝の証Ⅱ≫から≪アカム
スクウィード≫（ランス）が
生産可能です。",
981,"≪特別イベントクエスト≫
年間特典クエスト７年目{j}年間特典生産券１枚の納品{j}なし{j}なし{j}メインターゲットの達成{j}報酬金ゼロ
タイムアップ{j}エフィー{j}７年間ＭＨＦを遊んでくれて
ありがとうございます！
≪ソルオクヴィアソーン≫を
装備し、≪年間特典生産券≫
１枚を納品すると
≪感謝の証Ⅶ≫を１１枚
プレゼントいたします。
≪感謝の証Ⅶ≫から
≪シャンルミナーレ≫（弓）
が生産可能です。",
982,"≪剛種クエスト≫
剛爛！華鳳鳥{j}フォロクルル１頭の狩猟{j}なし{j}なし{j}メインターゲットの達成{j}報酬金ゼロ
タイムアップ{j}ハンターズギルド{j}植物の茂る花畑へ向かった
調査団より未知の鳥竜種が
発見されました。
花の蜜を好むようですが、
好戦的な一面もあるようです。
他にも、花畑を住処とする
獣人族の存在も確認されてい
ます。現地へ向かい調査の
開始をお願いします。",
983,"≪剛種クエスト≫
剛爛！華鳳の大輪{j}フォロクルル１頭の狩猟{j}なし{j}なし{j}メインターゲットの達成{j}報酬金ゼロ
タイムアップ{j}ハンターズギルド{j}花畑に≪フォロクルル≫が
現れたとの報告が届きました。
その非常に美しい姿から、
調査員の間では、大きな花に
例えられることもあるようで
す。しかし、危険な
モンスターであることには
変わりありません。
直ちに、現地へ向かい安全を
確保してください。",
984,"≪剛種クエスト≫
剛霹！雷轟竜{j}ディオレックス１頭の討伐{j}なし{j}なし{j}メインターゲットの達成{j}報酬金ゼロ
タイムアップ{j}ハンターズギルド{j}樹海頂部に蒼色のモンスター
が現れました。
そのモンスターは、落雷と
ともに現れ、雷のように
素早い動きを見せるとか。
既に、何人かのハンターが
対応に当たっていますが、
傷を負わせることすらできて
いません。至急、現地へ
向かってください。",
985,"≪Ｇ装飾品クエスト≫
精力珠Ｇと灰晶蠍【凄腕】{j}アクラ・ジェビア奇種１匹{j}なし{j}なし{j}メインターゲットの討伐{j}報酬金ゼロ
タイムアップ{j}ハンターズギルド{j}若竹原珠という原珠を
ご存知でしょうか。
その素材は、ある高価な
装飾品の生産にかかせない
ものです。
この依頼を達成していただけ
るなら、貴重な装飾品素材を
差上げましょう。",
986,"≪Ｇ装飾品クエスト≫
早手珠Ｇと眠鳥【上位】{j}ヒプノック１頭の狩猟{j}なし{j}なし{j}メインターゲットの達成{j}報酬金ゼロ
タイムアップ{j}ハンターズギルド{j}東雲原珠という原珠を
ご存知でしょうか。
その素材は、ある高価な
装飾品の生産にかかせない
ものです。
この依頼を達成していただけ
るなら、貴重な装飾品素材を
差上げましょう。",
987,"≪Ｇ装飾品クエスト≫
銃属珠Ｇと鋼龍【上位】{j}クシャルダオラ１体の討伐{j}なし{j}なし{j}メインターゲットの達成{j}報酬金ゼロ
タイムアップ{j}ハンターズギルド{j}若紫原珠という原珠を
ご存知でしょうか。
その素材は、ある高価な
装飾品の生産にかかせない
ものです。
この依頼を達成していただけ
るなら、貴重な装飾品素材を
差上げましょう。",
988,"≪Ｇ装飾品クエスト≫
匠珠Ｇと銀火竜【上位】{j}リオレウス希少種１頭の狩猟{j}なし{j}なし{j}メインターゲットの達成{j}報酬金ゼロ
タイムアップ{j}ハンターズギルド{j}秘色原珠という原珠を
ご存知でしょうか。
その素材は、ある高価な
装飾品の生産にかかせない
ものです。
この依頼を達成していただけ
るなら、貴重な装飾品素材を
差上げましょう。",
989,"≪花畑探索≫
花畑の特産・昼【凄腕】{j}地図１個の納品{j}なし{j}なし{j}メインターゲットの達成{j}報酬金ゼロ
タイムアップ{j}ハンターズギルド{j}温暖期の≪花畑≫。
ギルドでも現在調査中の、
未開の地ですが、ハンター
さんも、採取、調査のために
一度行ってみてはいかがで
しょうか？
帰りたくなったら地図を
納品してください！",
990,"≪花畑探索≫
花畑の特産・夜【凄腕】{j}地図１個の納品{j}なし{j}なし{j}メインターゲットの達成{j}報酬金ゼロ
タイムアップ{j}ハンターズギルド{j}繁殖期の≪花畑≫。
ギルドでも現在調査中の、
未開の地ですが、ハンター
さんも、採取、調査のために
一度行ってみてはいかがで
しょうか？
帰りたくなったら地図を
納品してください！",
991,"≪長期イベントクエスト≫
凍てつく氷塊鎚【氷結】{j}万年霜１０個の納品{j}鋼龍石３個の納品{j}なし{j}マストオーダー全ての達成{j}報酬金ゼロ
タイムアップ{j}発掘研究員{j}先日わしは大きな発見を
した！とある鉱石とそこに
降り積もる霜を複数個掛け
合わせると世にも珍しい
「凍てつく結晶」を生成
できるんじゃ。
これらの素材の採取を手伝っ
てくれたら、お前さんにも
生成物を分けてやるぞい。",
992,"≪武器魂入手クエスト≫
武器魂入手クエスト【片手剣】{j}地図１個の納品{j}なし{j}なし{j}メインターゲットの達成{j}報酬金ゼロ
タイムアップ{j}エフィー{j}本クエストでは、下記の素材
が入手できます。
≪片手剣魂・序≫８５枚
≪片手剣魂・中≫１９５枚
≪片手剣魂・極≫２７５枚
≪片手剣魂・天≫８５枚
クエストの受注には、
≪秘伝魂の結晶≫が必要に
なりますのでご注意ください。",
993,"≪武器魂入手クエスト≫
武器魂入手クエスト【双剣】{j}地図１個の納品{j}なし{j}なし{j}メインターゲットの達成{j}報酬金ゼロ
タイムアップ{j}エフィー{j}本クエストでは、下記の素材
が入手できます。
≪双剣魂・序≫８５枚
≪双剣魂・中≫１９５枚
≪双剣魂・極≫２７５枚
≪双剣魂・天≫８５枚
クエストの受注には、
≪秘伝魂の結晶≫が必要に
なりますのでご注意ください。",
994,"≪武器魂入手クエスト≫
武器魂入手クエスト【大剣】{j}地図１個の納品{j}なし{j}なし{j}メインターゲットの達成{j}報酬金ゼロ
タイムアップ{j}エフィー{j}本クエストでは、下記の素材
が入手できます。
≪大剣魂・序≫８５枚
≪大剣魂・中≫１９５枚
≪大剣魂・極≫２７５枚
≪大剣魂・天≫８５枚
クエストの受注には、
≪秘伝魂の結晶≫が必要に
なりますのでご注意ください。",
995,"≪武器魂入手クエスト≫
武器魂入手クエスト【太刀】{j}地図１個の納品{j}なし{j}なし{j}メインターゲットの達成{j}報酬金ゼロ
タイムアップ{j}エフィー{j}本クエストでは、下記の素材
が入手できます。
≪太刀魂・序≫８５枚
≪太刀魂・中≫１９５枚
≪太刀魂・極≫２７５枚
≪太刀魂・天≫８５枚
クエストの受注には、
≪秘伝魂の結晶≫が必要に
なりますのでご注意ください。",
996,"≪武器魂入手クエスト≫
武器魂入手クエスト【鎚】{j}地図１個の納品{j}なし{j}なし{j}メインターゲットの達成{j}報酬金ゼロ
タイムアップ{j}エフィー{j}本クエストでは、下記の素材
が入手できます。
≪ハンマー魂・序≫８５枚
≪ハンマー魂・中≫１９５枚
≪ハンマー魂・極≫２７５枚
≪ハンマー魂・天≫８５枚
クエストの受注には、
≪秘伝魂の結晶≫が必要に
なりますのでご注意ください。",
997,"≪武器魂入手クエスト≫
武器魂入手クエスト【狩猟笛】{j}地図１個の納品{j}なし{j}なし{j}メインターゲットの達成{j}報酬金ゼロ
タイムアップ{j}エフィー{j}本クエストでは、下記の素材
が入手できます。
≪狩猟笛魂・序≫８５枚
≪狩猟笛魂・中≫１９５枚
≪狩猟笛魂・極≫２７５枚
≪狩猟笛魂・天≫８５枚
クエストの受注には、
≪秘伝魂の結晶≫が必要に
なりますのでご注意ください。",
998,"≪武器魂入手クエスト≫
武器魂入手クエスト【槍】{j}地図１個の納品{j}なし{j}なし{j}メインターゲットの達成{j}報酬金ゼロ
タイムアップ{j}エフィー{j}本クエストでは、下記の素材
が入手できます。
≪ランス魂・序≫８５枚
≪ランス魂・中≫１９５枚
≪ランス魂・極≫２７５枚
≪ランス魂・天≫８５枚
クエストの受注には、
≪秘伝魂の結晶≫が必要に
なりますのでご注意ください。",
999,"≪武器魂入手クエスト≫
武器魂入手クエスト【銃槍】{j}地図１個の納品{j}なし{j}なし{j}メインターゲットの達成{j}報酬金ゼロ
タイムアップ{j}エフィー{j}本クエストでは、下記の素材
が入手できます。
≪ガンランス魂・序≫85枚
≪ガンランス魂・中≫195枚
≪ガンランス魂・極≫275枚
≪ガンランス魂・天≫85枚
クエストの受注には、
≪秘伝魂の結晶≫が必要に
なりますのでご注意ください。",
1000,"≪武器魂入手クエスト≫
武器魂入手クエスト【穿龍棍】{j}地図１個の納品{j}なし{j}なし{j}メインターゲットの達成{j}報酬金ゼロ
タイムアップ{j}エフィー{j}本クエストでは、下記の素材
が入手できます。
≪穿龍棍魂・序≫８５枚
≪穿龍棍魂・中≫１９５枚
≪穿龍棍魂・極≫２７５枚
≪穿龍棍魂・天≫８５枚
クエストの受注には、
≪秘伝魂の結晶≫が必要に
なりますのでご注意ください。",
1001,"≪武器魂入手クエスト≫
武器魂入手クエスト【軽銃】{j}地図１個の納品{j}なし{j}なし{j}メインターゲットの達成{j}報酬金ゼロ
タイムアップ{j}エフィー{j}本クエストでは、下記の素材
が入手できます。
≪Ｌボウガン魂・序≫85枚
≪Ｌボウガン魂・中≫195枚
≪Ｌボウガン魂・極≫275枚
≪Ｌボウガン魂・天≫85枚
クエストの受注には、
≪秘伝魂の結晶≫が必要に
なりますのでご注意ください。",
1002,"≪武器魂入手クエスト≫
武器魂入手クエスト【重銃】{j}地図１個の納品{j}なし{j}なし{j}メインターゲットの達成{j}報酬金ゼロ
タイムアップ{j}エフィー{j}本クエストでは、下記の素材
が入手できます。
≪Ｈボウガン魂・序≫85枚
≪Ｈボウガン魂・中≫195枚
≪Ｈボウガン魂・極≫275枚
≪Ｈボウガン魂・天≫85枚
クエストの受注には、
≪秘伝魂の結晶≫が必要に
なりますのでご注意ください。",
1003,"≪武器魂入手クエスト≫
武器魂入手クエスト【弓】{j}地図１個の納品{j}なし{j}なし{j}メインターゲットの達成{j}報酬金ゼロ
タイムアップ{j}エフィー{j}本クエストでは、下記の素材
が入手できます。
≪弓魂・序≫８５枚
≪弓魂・中≫１９５枚
≪弓魂・極≫２７５枚
≪弓魂・天≫８５枚
クエストの受注には、
≪秘伝魂の結晶≫が必要に
なりますのでご注意ください。",
1004,"≪天廊クエスト≫
天廊調査序章{j}フロア出口への到達{j}未使用{j}未使用{j}フロア出口への到達{j}タイムアップ
ギミックの解除失敗{j}未使用{j}未使用",
1005,"≪天廊クエスト≫
未使用{j}未使用{j}未使用{j}未使用{j}フロア出口への到達{j}タイムアップ
ギミックの解除失敗{j}未使用{j}未使用",
1006,"≪狩煉道クエスト≫
緊急討伐依頼・一区{j}フロア出口への到達{j}未使用{j}未使用{j}フロア出口への到達{j}タイムアップ{j}未使用{j}未使用",
1007,"≪狩煉道クエスト≫
緊急討伐依頼・一区{j}フロア出口への到達{j}未使用{j}未使用{j}フロア出口への到達{j}タイムアップ{j}未使用{j}未使用",
1008,"≪狩煉道クエスト≫
緊急討伐依頼・二区{j}フロア出口への到達{j}未使用{j}未使用{j}フロア出口への到達{j}タイムアップ{j}未使用{j}未使用",
1009,"≪天廊クエスト≫
第三区調査{j}フロア出口への到達{j}未使用{j}未使用{j}フロア出口への到達{j}タイムアップ
ギミックの解除失敗{j}未使用{j}未使用",
1010,"≪剛種クエスト≫
剛刻！雅翁龍{j}イナガミ１体の討伐{j}なし{j}なし{j}メインターゲットの達成{j}報酬金ゼロ
タイムアップ{j}ハンターズギルド{j}竹林奥部で発見された、
未確認のモンスターですが、
この地域に残されている
古い文献から≪雅翁龍≫と
呼ばれる古龍種である
可能性が高いということです。
もし古龍種であるならば、
危険な調査となります。
万全の準備を整えてから
現地へ向かってください。",
1011,"≪剛種クエスト≫
剛煌！金塵龍{j}ガルバダオラ１体の討伐{j}なし{j}なし{j}メインターゲットの達成{j}報酬金ゼロ
タイムアップ{j}ハンターズギルド{j}大型探査船の試行のため、
メゼポルタ上空を飛行して
いる際に、金色の龍に遭遇
しました。
船上には金粉が舞っていた為、
視界が悪く、対象を観察する
ことができませんでした。
何が起こるか予測不可能です
が調査をお願いします。",
1012,"≪Ｇ装飾品クエスト≫
剣閃珠Ｇと紫毒鳥【上位】{j}ゲリョス亜種１頭の狩猟{j}なし{j}なし{j}メインターゲットの達成{j}報酬金ゼロ
タイムアップ{j}ハンターズギルド{j}赤丹原珠という原珠を
ご存知でしょうか。
その素材は、ある高価な
装飾品の生産にかかせない
ものです。
この依頼を達成していただけ
るなら、貴重な装飾品素材を
差上げましょう。",
1013,"≪Ｇ装飾品クエスト≫
剣煌珠Ｇと棘白竜【上位】{j}エスピナス希少種１頭の狩猟{j}なし{j}なし{j}メインターゲットの達成{j}報酬金ゼロ
タイムアップ{j}ハンターズギルド{j}群青原珠という原珠を
ご存知でしょうか。
その素材は、ある高価な
装飾品の生産にかかせない
ものです。
この依頼を達成していただけ
るなら、貴重な装飾品素材を
差上げましょう。",
1014,"≪装飾品入手クエスト≫
家具屋とドクドク怪鳥{j}ゲリョス１頭の狩猟{j}なし{j}なし{j}メインターゲットの達成{j}報酬金ゼロ
タイムアップ{j}家具屋の主人{j}こう何度も≪ゲリョス≫に
貴重品を盗まれたんじゃ、
商売どころじゃない。
ちょっと沼地へ行って、
取り戻してきてほしいんだ。
最近は、大胆になってきて
複数頭で襲ってくることも
あるらしい。特例として
一部のギャラリー大会の
景品をプレゼントするぜ！",
1015,"≪お得クエスト≫
着々強化！特典防具【下】{j}リオレウス１頭の狩猟{j}なし{j}なし{j}メインターゲットの達成{j}報酬金ゼロ
タイムアップ{j}ハンターズギルド{j}ハンター諸君！
武具を手に入れただけで
満足しているのでは？
それではイカンのです！
このクエストを達成して、
更なる武具の強化を成し遂げ
ましょう！",
1016,"≪お得クエスト≫
着々強化！特典防具【上】{j}パリアプリア１頭の狩猟{j}なし{j}なし{j}メインターゲットの達成{j}報酬金ゼロ
タイムアップ{j}ハンターズギルド{j}ハンター諸君！
武具を手に入れただけで
満足しているのでは？
それではイカンのです！
このクエストを達成して、
更なる武具の強化を成し遂げ
ましょう！",
1017,"≪お得クエスト≫
着々強化！特典防具【上々】{j}ドラギュロス１頭の狩猟{j}なし{j}なし{j}メインターゲットの達成{j}報酬金ゼロ
タイムアップ{j}ハンターズギルド{j}ハンター諸君！
武具を手に入れただけで
満足しているのでは？
それではイカンのです！
このクエストを達成して、
更なる武具の強化を成し遂げ
ましょう！",
1018,"≪お得クエスト≫
着々強化！特典防具【凄腕】{j}イャンガルルガ変種１頭{j}なし{j}なし{j}メインターゲットの狩猟{j}報酬金ゼロ
タイムアップ{j}ハンターズギルド{j}ハンター諸君！
武具を手に入れただけで
満足しているのでは？
それではイカンのです！
このクエストを達成して、
更なる武具の強化を成し遂げ
ましょう！",
1019,"≪拠点迎撃戦≫
蒼々たる空の森林{j}ヤマツカミ１体の討伐{j}なし{j}なし{j}メインターゲットの達成{j}報酬金ゼロ　タイムアップ
拠点の耐久値ゼロ{j}ハンターズギルド{j}古龍予報所より緊急警告です！
メゼポルタ領内に≪浮岳龍≫
が侵入したようです！
上空を通り過ぎるだけと思わ
れますが、襲われたらひとた
まりもありません！
討伐をお願いします！
",
1020,"≪狩煉道クエスト≫
緊急討伐依頼・二区{j}フロア出口への到達{j}未使用{j}未使用{j}フロア出口への到達{j}タイムアップ{j}未使用{j}未使用",
1021,"≪天廊クエスト≫
第三区調査{j}フロア出口への到達{j}未使用{j}未使用{j}フロア出口への到達{j}タイムアップ{j}未使用{j}未使用",
1022,"≪天廊クエスト≫
第四区調査{j}フロア出口への到達{j}未使用{j}未使用{j}フロア出口への到達{j}タイムアップ{j}未使用{j}未使用",
1023,"≪狩煉道クエスト≫
緊急討伐依頼・一区{j}フロア出口への到達{j}未使用{j}未使用{j}フロア出口への到達{j}タイムアップ{j}未使用{j}未使用",
1024,"≪狩煉道クエスト≫
緊急討伐依頼・二区{j}フロア出口への到達{j}未使用{j}未使用{j}フロア出口への到達{j}タイムアップ{j}未使用{j}未使用",
1025,"≪天廊クエスト≫
緊急調査依頼{j}フロア出口への到達{j}未使用{j}未使用{j}フロア出口への到達{j}タイムアップ
ギミックの解除失敗{j}未使用{j}未使用",
1026,"≪密林探索≫
元気の源{j}アプトノス６０頭の討伐{j}アプトノス２０頭の討伐{j}なし{j}メインターゲット、もしくは
サブターゲットＡの達成{j}報酬金ゼロ
タイムアップ{j}大衆酒場ギルド{j}今回、皆様への支援として
お肉を調達するのに最適な
≪アプトノス≫の生息域を
ご紹介します。
お肉が不足している方、
チャンスですよ！",
1027,"≪密林探索≫
密林を走る青き爪{j}ドスランポス１頭の狩猟{j}主目標への一定ダメージ{j}なし{j}メインターゲット、もしくは
サブターゲットＡの達成{j}報酬金ゼロ
タイムアップ{j}大衆酒場ギルド{j}大老殿ギルドの要請で新しい
サブターゲットの試用が勧め
られることになりました。
≪ドスランポス≫への『一定
ダメージ』は、当ギルドで判
断しますので、皆さんはメイ
ンターゲットの達成に専念し
てくだされば結構ですよ！",
1028,"≪密林探索≫
怒りの爆薬{j}イャンクック１頭の狩猟{j}ランポス６頭の討伐{j}なし{j}マストオーダー全ての達成{j}報酬金ゼロ
タイムアップ{j}素材問屋のお嬢様{j}欲しいの！欲しいの！
どおぉ～しても欲しいの！
怪鳥さんの可愛い家具が！
優しい狩人さん！あたしの為
に、たぁくさん狩ってきて！
家の倉庫からくすねてきた
≪爆薬≫の材料をいっぱい
あげちゃうから！
おねがいね！",
1029,"≪密林探索≫
こだまするは怒りのいななき{j}イャンクック１頭の狩猟{j}主目標への一定ダメージ{j}なし{j}メインターゲット、もしくは
サブターゲットＡの達成{j}報酬金ゼロ
タイムアップ{j}大衆酒場ギルド{j}大老殿ギルドの要請で新しい
サブターゲットの試用が勧め
られることになりました。
≪イャンクック≫への『一定
ダメージ』は、当ギルドで判
断しますので、皆さんはメイ
ンターゲットの達成に専念し
てくだされば結構ですよ！",
1030,"≪密林探索≫
豪傑{j}ガノトトス１頭の討伐{j}なし{j}なし{j}メインターゲットの達成{j}報酬金ゼロ
タイムアップ{j}大衆酒場ギルド{j}ギルドの歴史の中でも、最強
の豪腕と謳われたハンターが
いました。
当ギルドでは、そのハンター
を引退にまで追いやった魚竜
種、ガノトトスを１対１で討
伐したハンターに、奨励品を
出しています。
奮ってご参加ください。
",
1031,"≪密林探索≫
濃緑に住まう赤き盾{j}ダイミョウザザミ１匹の狩猟{j}主目標への一定ダメージ{j}なし{j}メインターゲット、もしくは
サブターゲットＡの達成{j}報酬金ゼロ
タイムアップ{j}大衆酒場ギルド{j}大老殿ギルドの要請で新しい
サブターゲットの試用が勧め
られることになりました。
≪ダイミョウザザミ≫への
『一定ダメージ』は、当ギル
ドで判断しますので、皆さん
はメインターゲットの達成に
専念してくださいね！",
1032,"≪密林探索≫
桃色領域{j}ババコンガ１頭の狩猟{j}主目標への一定ダメージ{j}なし{j}メインターゲット、もしくは
サブターゲットＡの達成{j}報酬金ゼロ
タイムアップ{j}大老殿ギルド{j}新しいサブターゲットの実験
に協力してくれない…？
≪ババコンガ≫への『一定ダ
メージ』の達成は、こちらで
判断するから、あなたはメイ
ンの達成に専念してくれれば
いいわ…。
どう？受けてくれるかしら？",
1033,"≪密林探索≫
密林を裂く豪雨{j}クシャルダオラ１体の討伐{j}なし{j}なし{j}メインターゲットの達成{j}報酬金ゼロ
タイムアップ{j}大衆酒場ギルド{j}古龍クシャルダオラは今まで
狩猟してきたモンスターとは
まったく異質…、その存在力
は雨を嵐に変えるほどです。
捕獲なんて無理なことは考え
ないで慎重かつ着実に攻撃を
重ねるしかないと思います！",
1034,"≪密林探索≫
密林を裂く豪雨{j}クシャルダオラ１体の討伐{j}なし{j}なし{j}メインターゲットの達成{j}報酬金ゼロ
タイムアップ{j}大衆酒場ギルド{j}古龍クシャルダオラは今まで
狩猟してきたモンスターとは
まったく異質…、その存在力
は雨を嵐に変えるほどです。
捕獲なんて無理なことは考え
ないで慎重かつ着実に攻撃を
重ねるしかないと思います！",
1035,"≪密林探索≫
濃き森の幻影{j}オオナズチ１体の討伐{j}なし{j}なし{j}メインターゲットの達成{j}報酬金ゼロ
タイムアップ{j}大衆酒場ギルド{j}オオナズチは古龍種の中でも
異端視されている存在です。
密林の雨は彼に味方するよう
に激しさを増すでしょう…。
捕獲なんて無理なことは考え
ないで慎重かつ着実に攻撃を
重ねるしかないと思います！",
1036,"≪密林探索≫
濃き森の幻影{j}オオナズチ１体の討伐{j}なし{j}なし{j}メインターゲットの達成{j}報酬金ゼロ
タイムアップ{j}大衆酒場ギルド{j}オオナズチは古龍種の中でも
異端視されている存在です。
密林の雨は彼に味方するよう
に激しさを増すでしょう…。
捕獲なんて無理なことは考え
ないで慎重かつ着実に攻撃を
重ねるしかないと思います！",
1037,"≪ＨＲＰシフトクエスト≫
鮮青の狩人【成長・下】{j}ドスランポス２頭の狩猟{j}なし{j}なし{j}メインターゲットの達成{j}報酬金ゼロ
タイムアップ{j}大老殿ギルド{j}≪ＨＲＰシフトクエスト≫と
銘打たれたクエストは、報酬
ゼニーが安いですが、その分
多くのＨＲＰを得られる素敵
なクエストです。
より高みを目指したい狩人の
皆さん、奮ってご参加くださ
いね！",
1038,"≪ＨＲＰシフトクエスト≫
怪鳥の怒り【成長・下】{j}イャンクック１頭の狩猟{j}なし{j}なし{j}メインターゲットの達成{j}報酬金ゼロ
タイムアップ{j}大老殿ギルド{j}≪ＨＲＰシフトクエスト≫と
銘打たれたクエストは、報酬
ゼニーが安いですが、その分
多くのＨＲＰを得られる素敵
なクエストです。
より高みを目指したい狩人の
皆さん、奮ってご参加くださ
いね！",
1039,"≪密林探索≫
蟹や魚竜の舞い踊り{j}ダイミョウザザミ１匹の狩猟{j}ガノトトス１頭の狩猟{j}なし{j}マストオーダー全ての達成{j}報酬金ゼロ
タイムアップ{j}大老殿ギルド{j}盾蟹と魚竜だなんて、めずら
しい組み合わせが、密林で発
見されているわ。
水棲のモンスターが一度にい
ただける、上級ハンターには
うれしいクエストになってい
るようね。
挑戦してみたらどうかしら。",
1040,"≪密林探索≫
密林を裂く豪雨{j}クシャルダオラ１体の討伐{j}なし{j}なし{j}メインターゲットの達成{j}報酬金ゼロ
タイムアップ{j}大老殿ギルド{j}古龍クシャルダオラは今まで
狩猟してきたモンスターとは
まったく異質…、その存在力
は雨を嵐に変えるほどよ…。
捕獲なんて無理なことは考え
ないで慎重かつ着実に攻撃を
重ねるしかないみたいね…。",
1041,"≪密林探索≫
濃き森の幻影{j}オオナズチ１体の討伐{j}なし{j}なし{j}メインターゲットの達成{j}報酬金ゼロ
タイムアップ{j}大老殿ギルド{j}オオナズチは古龍種の中でも
異端視されている存在なの。
密林の雨はそれに味方するが
ごとくより激しさを増す…。
熟練の狩人も手に負えない。
捕獲なんて無理なことは考え
ないで慎重かつ着実に攻撃を
重ねるしかないみたいね…。",
1042,"≪密林探索≫
黒狼鳥の強襲！{j}イャンガルルガ１頭の狩猟{j}なし{j}なし{j}メインターゲットの達成{j}報酬金ゼロ
タイムアップ{j}孤高のハンター{j}ドンドルマの街を拠点にして
る狩人たちへ、至高の狩りを
続けるこのオレが貴重な情報
を与えてやろう。
オレと同じく誇り高き一匹狼
黒狼鳥≪イャンガルルガ≫の
居場所だ！！超凶暴な相手だ
ぞ！挑んでみるか？",
1043,"≪密林探索≫
死闘！激闘！黒狼鳥{j}イャンガルルガ１頭の討伐{j}なし{j}なし{j}メインターゲットの達成{j}報酬金ゼロ
タイムアップ{j}孤高のハンター{j}ドンドルマの狩人たちへ、誇
り高き一匹狼、黒狼鳥≪イャ
ンガルルガ≫に関する情報だ。
オレの予想では、今回の狩り
では、奴は恐らく決死の覚悟
で向かってくる。
討伐こそが、奴の覚悟に報い
る唯一の手段だろうな。",
1044,"≪密林探索≫
無法の黒紫{j}イャンガルルガ１頭の狩猟{j}主目標への一定ダメージ{j}なし{j}メインターゲット、もしくは
サブターゲットＡの達成{j}報酬金ゼロ
タイムアップ{j}大老殿ギルド{j}新しいサブターゲットの実験
に協力してくれない…？
≪イャンガルルガ≫への『一
定ダメージ』の達成は、こち
らで判断するから、あなたは
メインの達成に専念してくれ
ればいいわ…。
どう？受けてくれるかしら？",
1045,"≪密林探索≫
怪鳥とネオジムメモ{j}イャンクック１頭の討伐{j}なし{j}なし{j}メインターゲットの達成{j}報酬金ゼロ
タイムアップ{j}武具工房の親方{j}失われたとされていた、武具
の製造の秘伝を記したメモが
各地で討伐されたモンスター
から見つかってるらしいぜい！
≪ネオジムメモ≫を手に入れ
たら、男一匹！この工房長の
ところに持ってきな！
イイ仕事をしてみせるぜい！",
1046,"≪ＨＲＰシフトクエスト≫
怪鳥の怒り【成長・上】{j}イャンクック１頭の狩猟{j}なし{j}なし{j}メインターゲットの達成{j}報酬金ゼロ
タイムアップ{j}大老殿ギルド{j}≪ＨＲＰシフトクエスト≫と
銘打たれたクエストは、報酬
ゼニーが安いですが、その分
多くのＨＲＰを得られる素敵
なクエストです。
より高みを目指したい狩人の
皆さん、奮ってご参加くださ
いね！",
1047,"≪ＨＲＰシフトクエスト≫
鮮青の狩人【成長・上】{j}ドスランポス２頭の狩猟{j}なし{j}なし{j}メインターゲットの達成{j}報酬金ゼロ
タイムアップ{j}大老殿ギルド{j}≪ＨＲＰシフトクエスト≫と
銘打たれたクエストは、報酬
ゼニーが安いですが、その分
多くのＨＲＰを得られる素敵
なクエストです。
より高みを目指したい狩人の
皆さん、奮ってご参加くださ
いね！",
1048,"≪ＨＲＰシフトクエスト≫
狼藉の黒紫【成長・上】{j}イャンガルルガ１頭の狩猟{j}なし{j}なし{j}メインターゲットの達成{j}報酬金ゼロ
タイムアップ{j}大老殿ギルド{j}≪ＨＲＰシフトクエスト≫と
銘打たれたクエストは、報酬
ゼニーが安いですが、その分
多くのＨＲＰを得られる素敵
なクエストです。
より高みを目指したい狩人の
皆さん、奮ってご参加くださ
いね！",
1049,"≪密林探索≫
黒狼鳥とメルクリメモ{j}イャンガルルガ１頭の討伐{j}なし{j}なし{j}メインターゲットの達成{j}報酬金ゼロ
タイムアップ{j}武具工房の親方{j}失われたとされていた、武具
の製造の秘伝を記したメモが
各地で討伐されたモンスター
から見つかってるらしいぜい！
≪メルクリメモ≫を手に入れ
たら、男一匹！この工房長の
ところに持ってきな！
イイ仕事をしてみせるぜい！",
1050,"≪砂漠探索≫
求めよ！鉄鉱石！{j}アプケロス１３頭の討伐{j}アプケロス６頭の討伐{j}なし{j}メインターゲット、もしくは
サブターゲットＡの達成{j}報酬金ゼロ
タイムアップ{j}大衆酒場ギルド{j}装備を調えるには、
何かと必要な鉄鉱石。
いざ、という時に
「あ！足りない！」なんてこ
と、よくありませんか？
このクエストでは、
メインターゲットを達成され
た方に、最低でも７つの
鉄鉱石を進呈しますよ！",
1051,"≪砂漠探索≫
眠鳥{j}ヒプノック１頭の狩猟{j}ゲネポス８頭の討伐{j}百花サボテン４個の納品{j}メインターゲット、もしくは
サブターゲットＡ、Ｂの達成{j}報酬金ゼロ
タイムアップ{j}砂漠の隊商{j}やられた…。
砂漠の眠鳥に隊商の車ごと
持って行かれちまった…。
奴は狡猾で、俺たちを眠らせて
から、まんまと積荷だけを
せしめて行くんだ。
ハンターさんよ、奴をどうにか
してくれ。",
1052,"≪砂漠探索≫
水を得た竜{j}ガノトトス１頭の狩猟{j}主目標への一定ダメージ{j}なし{j}メインターゲット、もしくは
サブターゲットＡの達成{j}報酬金ゼロ
タイムアップ{j}大老殿ギルド{j}新しいサブターゲットの実験
に協力してくれない…？
≪ガノトトス≫への『一定ダ
メージ』の達成は、こちらで
判断するから、あなたはメイ
ンの達成に専念してくれれば
いいわ…。
どう？受けてくれるかしら？",
1053,"≪砂漠探索≫
砂漠の睡魔{j}ヒプノック１頭の狩猟{j}なし{j}なし{j}メインターゲットの達成{j}報酬金ゼロ
タイムアップ{j}砂漠の旅人{j}ある旅人から、最近砂漠で命
を落としかけたと聞いた。
突然強烈な眠気に意識を失い
気が付けば熱射病にかかって
いたということだ。
これはヤツの仕業に違いない。
旅路の安全を確保してほしい。",
1054,"≪砂漠探索≫
砂上の暴角{j}ディアブロス１頭の狩猟{j}主目標への一定ダメージ{j}なし{j}メインターゲット、もしくは
サブターゲットＡの達成{j}報酬金ゼロ
タイムアップ{j}大老殿ギルド{j}新しいサブターゲットの実験
に協力してくれない…？
≪ディアブロス≫への『一定
ダメージ』の達成は、こちら
で判断するから、あなたはメ
インの達成に専念してくれれ
ばいいわ…。
どう？受けてくれるかしら？",
1055,"≪砂漠探索≫
黒き角{j}ディアブロス亜種１頭の狩猟{j}なし{j}なし{j}メインターゲットの達成{j}報酬金ゼロ
タイムアップ{j}大老殿ギルド{j}黒ずんだ体色を持つひときわ
恐ろしい容姿のディアブロス
が目撃されたわ。
単体での目撃なだけに、上位
の狩人が後れをとることは、
まずないと思うけど、甘く見
て大怪我なんてしないでね。",
1056,"≪砂漠探索≫
砂の嵐を呼びし龍{j}クシャルダオラ１体の討伐{j}なし{j}なし{j}メインターゲットの達成{j}報酬金ゼロ
タイムアップ{j}大衆酒場ギルド{j}古龍クシャルダオラは今まで
狩猟してきたモンスターとは
まったく異質…、自分の無力
さを知ることになるかも…。
捕獲なんて無理なことは考え
ないで慎重かつ着実に攻撃を
重ねるしかないと思います！",
1057,"≪砂漠探索≫
砂の嵐を呼びし龍{j}クシャルダオラ１体の討伐{j}なし{j}なし{j}メインターゲットの達成{j}報酬金ゼロ
タイムアップ{j}大衆酒場ギルド{j}古龍クシャルダオラは今まで
狩猟してきたモンスターとは
まったく異質…、自分の無力
さを知ることになるかも…。
捕獲なんて無理なことは考え
ないで慎重かつ着実に攻撃を
重ねるしかないと思います！",
1058,"≪砂漠探索≫
熱砂を焼く業炎{j}テオ・テスカトル１体の討伐{j}なし{j}なし{j}メインターゲットの達成{j}報酬金ゼロ
タイムアップ{j}大衆酒場ギルド{j}炎王龍テオ・テスカトルは炎
の化身とも云われる古龍で、
ケタ違いの威圧感と強暴性は
他のモンスターとは別格…。
捕獲なんて無理なことは考え
ないで慎重かつ着実に攻撃を
重ねるしかないと思います！",
1059,"≪砂漠探索≫
熱砂を焼く業炎{j}テオ・テスカトル１体の討伐{j}なし{j}なし{j}メインターゲットの達成{j}報酬金ゼロ
タイムアップ{j}大衆酒場ギルド{j}炎王龍テオ・テスカトルは炎
の化身とも云われる古龍で、
ケタ違いの威圧感と強暴性は
他のモンスターとは別格…。
捕獲なんて無理なことは考え
ないで慎重かつ着実に攻撃を
重ねるしかないと思います！",
1060,"≪ＨＲＰシフトクエスト≫
褐色の狩人【成長・下】{j}ドスゲネポス２頭の狩猟{j}なし{j}なし{j}メインターゲットの達成{j}報酬金ゼロ
タイムアップ{j}大老殿ギルド{j}≪ＨＲＰシフトクエスト≫と
銘打たれたクエストは、報酬
ゼニーが安いですが、その分
多くのＨＲＰを得られる素敵
なクエストです。
より高みを目指したい狩人の
皆さん、奮ってご参加くださ
いね！",
1061,"≪ＨＲＰシフトクエスト≫
堅牢なる大鋏【成長・下】{j}ダイミョウザザミ２匹の狩猟{j}なし{j}なし{j}メインターゲットの達成{j}報酬金ゼロ
タイムアップ{j}大老殿ギルド{j}≪ＨＲＰシフトクエスト≫と
銘打たれたクエストは、報酬
ゼニーが安いですが、その分
多くのＨＲＰを得られる素敵
なクエストです。
より高みを目指したい狩人の
皆さん、奮ってご参加くださ
いね！",
1062,"≪ＨＲＰシフトクエスト≫
水飛沫の竜【成長・下】{j}ガノトトス１頭の狩猟{j}なし{j}なし{j}メインターゲットの達成{j}報酬金ゼロ
タイムアップ{j}大老殿ギルド{j}≪ＨＲＰシフトクエスト≫と
銘打たれたクエストは、報酬
ゼニーが安いですが、その分
多くのＨＲＰを得られる素敵
なクエストです。
より高みを目指したい狩人の
皆さん、奮ってご参加くださ
いね！",
1063,"≪ＨＲＰシフトクエスト≫
砂中を舞う竜【成長・下】{j}ドスガレオス１頭の狩猟{j}なし{j}なし{j}メインターゲットの達成{j}報酬金ゼロ
タイムアップ{j}大老殿ギルド{j}≪ＨＲＰシフトクエスト≫と
銘打たれたクエストは、報酬
ゼニーが安いですが、その分
多くのＨＲＰを得られる素敵
なクエストです。
より高みを目指したい狩人の
皆さん、奮ってご参加くださ
いね！",
1064,"≪砂漠探索≫
砂の嵐を呼びし龍{j}クシャルダオラ１体の討伐{j}なし{j}なし{j}メインターゲットの達成{j}報酬金ゼロ
タイムアップ{j}大老殿ギルド{j}古龍クシャルダオラは今まで
狩猟してきたモンスターとは
まったく異質…、自分の無力
さを知ることになるかも…。
捕獲なんて無理なことは考え
ないで慎重かつ着実に攻撃を
重ねるしかないみたいね…。",
1065,"≪砂漠探索≫
熱砂を焼く業炎{j}テオ・テスカトル１体の討伐{j}なし{j}なし{j}メインターゲットの達成{j}報酬金ゼロ
タイムアップ{j}大老殿ギルド{j}炎王龍テオ・テスカトルは炎
の化身とも云われる古龍で、
ケタ違いの威圧感と強暴性は
他のモンスターとは別格…。
捕獲なんて無理なことは考え
ないで慎重かつ着実に攻撃を
重ねるしかないみたいね…。",
1066,"≪ＨＲＰシフトクエスト≫
強暴なる角竜【成長・下】{j}ディアブロス１頭の狩猟{j}なし{j}なし{j}メインターゲットの達成{j}報酬金ゼロ
タイムアップ{j}大老殿ギルド{j}≪ＨＲＰシフトクエスト≫と
銘打たれたクエストは、報酬
ゼニーが安いですが、その分
多くのＨＲＰを得られる素敵
なクエストです。
より高みを目指したい狩人の
皆さん、奮ってご参加くださ
いね！",
1067,"≪砂漠探索≫
死神{j}ディアブロス亜種２頭の狩猟{j}ディアブロス亜種１頭の狩猟{j}なし{j}メインターゲット、もしくは
サブターゲットＡの達成{j}報酬金ゼロ
タイムアップ{j}大老殿ギルド{j}恐ろしい容姿の黒いディアブ
ロスが目撃されたわ。
強力な一撃の下に獲物を屠り
さる姿は「死神のようだ」と
恐れられているわ。
この砂漠の脅威に立ち向かう
ハンターはいないかしら。",
1068,"≪砂漠探索≫
ティガレックス、咆哮！！{j}ティガレックス１頭の狩猟{j}なし{j}なし{j}メインターゲットの達成{j}報酬金ゼロ
タイムアップ{j}満身創痍のハンター{j}砂漠で見たことも無い飛竜に
出くわしたんだ…。
すべてのものを引き裂かんと
する強靭な爪…。堅牢な鎧で
さえもアイツにとっては布き
れ同然だ…。今度の相手は、
手強いぞ！！

",
1069,"≪砂漠探索≫
幻惑の結晶石{j}アクラ・ヴァシム１匹の討伐{j}なし{j}なし{j}メインターゲットの達成{j}報酬金ゼロ
タイムアップ{j}大老殿ギルド{j}遠大な周期で発生する甲殻種
≪アクラ・ヴァシム≫…。
近年当たり年となって、無数
の孵化があったそうよ…。
その回復力や生命力の源は、
体色をも変容させる体液にあ
るとかで、不老長寿を求める
権力者たちに大人気とか…。
どう？いい儲け話じゃない？",
1070,"≪砂漠探索≫
角竜とネオジムメモ{j}ディアブロス１頭の討伐{j}なし{j}なし{j}メインターゲットの達成{j}報酬金ゼロ
タイムアップ{j}武具工房の親方{j}失われたとされていた、武具
の製造の秘伝を記したメモが
各地で討伐されたモンスター
から見つかってるらしいぜい！
≪ネオジムメモ≫を手に入れ
たら、男一匹！この工房長の
ところに持ってきな！
イイ仕事をしてみせるぜい！",
1071,"≪ＨＲＰシフトクエスト≫
強暴なる角竜【成長・上】{j}ディアブロス１頭の狩猟{j}なし{j}なし{j}メインターゲットの達成{j}報酬金ゼロ
タイムアップ{j}大老殿ギルド{j}≪ＨＲＰシフトクエスト≫と
銘打たれたクエストは、報酬
ゼニーが安いですが、その分
多くのＨＲＰを得られる素敵
なクエストです。
より高みを目指したい狩人の
皆さん、奮ってご参加くださ
いね！",
1072,"≪砂漠探索≫
黒角竜とメルクリメモ{j}ディアブロス亜種１頭の討伐{j}なし{j}なし{j}メインターゲットの達成{j}報酬金ゼロ
タイムアップ{j}武具工房の親方{j}失われたとされていた、武具
の製造の秘伝を記したメモが
各地で討伐されたモンスター
から見つかってるらしいぜい！
≪メルクリメモ≫を手に入れ
たら、男一匹！この工房長の
ところに持ってきな！
イイ仕事をしてみせるぜい！",
1073,"≪砂漠探索≫
水竜とネオジムメモ{j}ガノトトス１頭の討伐{j}なし{j}なし{j}メインターゲットの達成{j}報酬金ゼロ
タイムアップ{j}武具工房の親方{j}失われたとされていた、武具
の製造の秘伝を記したメモが
各地で討伐されたモンスター
から見つかってるらしいぜい！
≪ネオジムメモ≫を手に入れ
たら、男一匹！この工房長の
ところに持ってきな！
イイ仕事をしてみせるぜい！",
1074,"≪ＨＲＰシフトクエスト≫
水飛沫の竜【成長・上】{j}ガノトトス１頭の狩猟{j}なし{j}なし{j}メインターゲットの達成{j}報酬金ゼロ
タイムアップ{j}大老殿ギルド{j}≪ＨＲＰシフトクエスト≫と
銘打たれたクエストは、報酬
ゼニーが安いですが、その分
多くのＨＲＰを得られる素敵
なクエストです。
より高みを目指したい狩人の
皆さん、奮ってご参加くださ
いね！",
1075,"≪砂漠探索≫
翠水竜とメルクリメモ{j}ガノトトス亜種１頭の討伐{j}なし{j}なし{j}メインターゲットの達成{j}報酬金ゼロ
タイムアップ{j}武具工房の親方{j}失われたとされていた、武具
の製造の秘伝を記したメモが
各地で討伐されたモンスター
から見つかってるらしいぜい！
≪メルクリメモ≫を手に入れ
たら、男一匹！この工房長の
ところに持ってきな！
イイ仕事をしてみせるぜい！",
1076,"≪砂漠探索≫
咆える轟竜{j}ティガレックス１頭の狩猟{j}なし{j}なし{j}メインターゲットの達成{j}報酬金ゼロ
タイムアップ{j}分析好きのハンター{j}圧倒的な強さを誇る≪ティガ
レックス≫だが、どんなやつ
にだって≪弱点≫は必ずある
はず！オレはあいつの弱点は
≪頭≫だと見た！振り向くタ
イミングで頭を狙うんだ！",
1077,"≪砂漠探索≫
轟竜とメルクリメモ{j}ティガレックス１頭の討伐{j}なし{j}なし{j}メインターゲットの達成{j}報酬金ゼロ
タイムアップ{j}武具工房の親方{j}失われたとされていた、武具
の製造の秘伝を記したメモが
各地で討伐されたモンスター
から見つかってるらしいぜい！
≪メルクリメモ≫を手に入れ
たら、男一匹！この工房長の
ところに持ってきな！
イイ仕事をしてみせるぜい！",
1078,"≪ＨＲＰシフトクエスト≫
堅牢なる大鋏【成長・上】{j}ダイミョウザザミ２匹の狩猟{j}なし{j}なし{j}メインターゲットの達成{j}報酬金ゼロ
タイムアップ{j}大老殿ギルド{j}≪ＨＲＰシフトクエスト≫と
銘打たれたクエストは、報酬
ゼニーが安いですが、その分
多くのＨＲＰを得られる素敵
なクエストです。
より高みを目指したい狩人の
皆さん、奮ってご参加くださ
いね！",
1079,"≪雪山探索≫
氷雪の仄白き柔皮{j}フルフル１頭の狩猟{j}主目標への一定ダメージ{j}なし{j}メインターゲット、もしくは
サブターゲットＡの達成{j}報酬金ゼロ
タイムアップ{j}大老殿ギルド{j}新しいサブターゲットの実験
に協力してくれない…？
≪フルフル≫への『一定ダメ
ージ』の達成は、こちらで判
断するから、あなたはメイン
の達成に専念してくれればい
いわ…。
どう？受けてくれるかしら？",
1080,"≪雪山探索≫
白き牙獣の王{j}ドドブランゴ１頭の狩猟{j}主目標への一定ダメージ{j}なし{j}メインターゲット、もしくは
サブターゲットＡの達成{j}報酬金ゼロ
タイムアップ{j}大老殿ギルド{j}新しいサブターゲットの実験
に協力してくれない…？
≪ドドブランゴ≫への『一定
ダメージ』の達成は、こちら
で判断するから、あなたはメ
インの達成に専念してくれれ
ばいいわ…。
どう？受けてくれるかしら？",
1081,"≪雪山探索≫
金色の暴威{j}ラージャン１頭の狩猟{j}主目標への一定ダメージ{j}なし{j}メインターゲット、もしくは
サブターゲットＡの達成{j}報酬金ゼロ
タイムアップ{j}大老殿ギルド{j}新しいサブターゲットの実験
に協力してくれない…？
≪ラージャン≫への『一定ダ
メージ』の達成は、こちらで
判断するから、あなたはメイ
ンの達成に専念してくれれば
いいわ…。
どう？受けてくれるかしら？",
1082,"≪雪山探索≫
吹雪の召喚者{j}クシャルダオラ１体の討伐{j}クシャルダオラの尻尾切断{j}なし{j}メインターゲット、もしくは
サブターゲットＡの達成{j}報酬金ゼロ
タイムアップ{j}大衆酒場ギルド{j}古龍クシャルダオラは今まで
狩猟してきたモンスターとは
まったく異質、その存在力は
雪原を吹雪に変えるほど…。
捕獲なんて無理なことは考え
ないで慎重かつ着実に攻撃を
重ねるしかないと思います！",
1083,"≪雪山探索≫
吹雪の召喚者{j}クシャルダオラ１体の討伐{j}クシャルダオラの尻尾切断{j}なし{j}メインターゲット、もしくは
サブターゲットＡの達成{j}報酬金ゼロ
タイムアップ{j}大衆酒場ギルド{j}古龍クシャルダオラは今まで
狩猟してきたモンスターとは
まったく異質、その存在力は
雪原を吹雪に変えるほど…。
捕獲なんて無理なことは考え
ないで慎重かつ着実に攻撃を
重ねるしかないと思います！",
1084,"≪雪山探索≫
雪原を駆ける幻獣{j}キリン１頭の討伐{j}ギルドフラッグを山頂に設置{j}なし{j}メインターゲット、もしくは
サブターゲットＡの達成{j}報酬金ゼロ
タイムアップ{j}大衆酒場ギルド{j}古龍種に属される≪キリン≫
は、特定の生息域を持たない
うえにその個体数の少なさか
ら≪幻獣≫とも呼ばれる生き
物です。雪山に行くなら山頂
にウチの≪ギルドフラッグ≫
を立ててきてくださいね♪",
1085,"≪雪山探索≫
雪原を駆ける幻獣{j}キリン１頭の討伐{j}秘密のポーチ６個の納品{j}なし{j}メインターゲット、もしくは
サブターゲットＡの達成{j}報酬金ゼロ
タイムアップ{j}大衆酒場ギルド{j}古龍種に属される≪キリン≫
は、雷を自在にあやつるさま
から≪幻獣≫と呼ばれる生き
物です。アイテムを≪メラル
ー≫に奪われたら焦らず取り
返しましょう！逆にポーチを
拾えるかも知れないですよ？",
1086,"≪ＨＲＰシフトクエスト≫
突進の牙獣【成長・下】{j}ドスファンゴ１頭の狩猟{j}なし{j}なし{j}メインターゲットの達成{j}報酬金ゼロ
タイムアップ{j}大老殿ギルド{j}≪ＨＲＰシフトクエスト≫と
銘打たれたクエストは、報酬
ゼニーが安いですが、その分
多くのＨＲＰを得られる素敵
なクエストです。
より高みを目指したい狩人の
皆さん、奮ってご参加くださ
いね！",
1087,"≪ＨＲＰシフトクエスト≫
白い亡霊【成長・下】{j}フルフル１頭の狩猟{j}なし{j}なし{j}メインターゲットの達成{j}報酬金ゼロ
タイムアップ{j}大老殿ギルド{j}≪ＨＲＰシフトクエスト≫と
銘打たれたクエストは、報酬
ゼニーが安いですが、その分
多くのＨＲＰを得られる素敵
なクエストです。
より高みを目指したい狩人の
皆さん、奮ってご参加くださ
いね！",
1088,"≪ＨＲＰシフトクエスト≫
白銀の咆哮【成長・下】{j}ドドブランゴ１頭の狩猟{j}なし{j}なし{j}メインターゲットの達成{j}報酬金ゼロ
タイムアップ{j}大老殿ギルド{j}≪ＨＲＰシフトクエスト≫と
銘打たれたクエストは、報酬
ゼニーが安いですが、その分
多くのＨＲＰを得られる素敵
なクエストです。
より高みを目指したい狩人の
皆さん、奮ってご参加くださ
いね！",
1089,"≪雪山探索≫
轟咆、ティガレックス{j}ティガレックス１頭の狩猟{j}なし{j}なし{j}メインターゲットの達成{j}報酬金ゼロ
タイムアップ{j}興奮気味の冒険家{j}極寒の地、雪山で≪轟竜≫
ティガレックスを見たんだ！
雪山にまで姿を現すなんて、
アイツにとっては獲物さえい
れば、そこがどんな場所だろ
うと関係ないみたいだな。",
1090,"≪雪山探索≫
迫り来る大顎{j}ティガレックス１頭の狩猟{j}主目標への一定ダメージ{j}なし{j}メインターゲット、もしくは
サブターゲットＡの達成{j}報酬金ゼロ
タイムアップ{j}大老殿ギルド{j}新しいサブターゲットの実験
に協力してくれない…？
≪ティガレックス≫への『一
定ダメージ』の達成は、こち
らで判断するから、あなたは
メインの達成に専念してくれ
ればいいわ…。
どう？受けてくれるかしら？",
1091,"≪雪山探索≫
吹雪の召喚者{j}クシャルダオラ１体の討伐{j}クシャルダオラの尻尾切断{j}なし{j}メインターゲット、もしくは
サブターゲットＡの達成{j}報酬金ゼロ
タイムアップ{j}大老殿ギルド{j}古龍クシャルダオラは今まで
狩猟してきたモンスターとは
まったく異質、その存在力は
雪原を吹雪に変えるほど…。
捕獲なんて無理なことは考え
ないで慎重かつ着実に攻撃を
重ねるしかないみたいね…。",
1092,"≪雪山探索≫
雪原を駆ける幻獣{j}キリン１頭の討伐{j}ギルドフラッグを山頂に設置{j}なし{j}メインターゲット、もしくは
サブターゲットＡの達成{j}報酬金ゼロ
タイムアップ{j}大老殿ギルド{j}古龍種に属される≪キリン≫
は、特定の生息域を持たない
うえにその個体数の少なさか
ら≪幻獣≫とも呼ばれる生き
物ね。雪山に行くなら山頂に
≪ギルドフラッグ≫を立てて
くるのをお願いしてもいい？",
1093,"≪ＨＲＰシフトクエスト≫
突進の牙獣【成長・上】{j}ドスファンゴ１頭の狩猟{j}なし{j}なし{j}メインターゲットの達成{j}報酬金ゼロ
タイムアップ{j}大老殿ギルド{j}≪ＨＲＰシフトクエスト≫と
銘打たれたクエストは、報酬
ゼニーが安いですが、その分
多くのＨＲＰを得られる素敵
なクエストです。
より高みを目指したい狩人の
皆さん、奮ってご参加くださ
いね！",
1094,"≪ＨＲＰシフトクエスト≫
白い亡霊【成長・上】{j}フルフル１頭の狩猟{j}なし{j}なし{j}メインターゲットの達成{j}報酬金ゼロ
タイムアップ{j}大老殿ギルド{j}≪ＨＲＰシフトクエスト≫と
銘打たれたクエストは、報酬
ゼニーが安いですが、その分
多くのＨＲＰを得られる素敵
なクエストです。
より高みを目指したい狩人の
皆さん、奮ってご参加くださ
いね！",
1095,"≪雪山探索≫
雪獅子とネオジムメモ{j}ドドブランゴ１頭の討伐{j}なし{j}なし{j}メインターゲットの達成{j}報酬金ゼロ
タイムアップ{j}武具工房の親方{j}失われたとされていた、武具
の製造の秘伝を記したメモが
各地で討伐されたモンスター
から見つかってるらしいぜい！
≪ネオジムメモ≫を手に入れ
たら、男一匹！この工房長の
ところに持ってきな！
イイ仕事をしてみせるぜい！",
1096,"≪ＨＲＰシフトクエスト≫
白銀の咆哮【成長・上】{j}ドドブランゴ１頭の狩猟{j}なし{j}なし{j}メインターゲットの達成{j}報酬金ゼロ
タイムアップ{j}大老殿ギルド{j}≪ＨＲＰシフトクエスト≫と
銘打たれたクエストは、報酬
ゼニーが安いですが、その分
多くのＨＲＰを得られる素敵
なクエストです。
より高みを目指したい狩人の
皆さん、奮ってご参加くださ
いね！",
1097,"≪雪山探索≫
双轟ノアギト{j}ティガレックス２頭の狩猟{j}なし{j}なし{j}メインターゲットの達成{j}報酬金ゼロ
タイムアップ{j}先代ギルドマスター{j}雪山に向かったハンター達が
２頭の≪轟竜≫の返り討ちに
あったとの報告が入った！
腕に覚えのある、勇敢なハン
ターは、負傷者の救出および、
轟竜の狩猟に向かうのじゃ！",
1098,"≪雪山探索≫
双轟竜{j}ティガレックス２頭の狩猟{j}なし{j}なし{j}メインターゲットの達成{j}報酬金ゼロ
タイムアップ{j}先代ギルドマスター{j}≪雪山≫へティガレックスの
討伐に向かった一団から救援
の要請が届いたぞ！どうやら
２頭のティガレックスに出く
わしたようじゃ！
事態は一刻を争う！腕に自信
のある者は今すぐ雪山へ向か
うのじゃ！",
1099,"≪雪山探索≫
君臨する強者{j}ティガレックス１頭の狩猟{j}なし{j}なし{j}メインターゲットの達成{j}報酬金ゼロ
タイムアップ{j}手負いのハンター{j}オレとしたことが、少しばか
り相手をナメていたようだ。
戦い慣れた相手とはいえ、生
物である以上、個体差が存在
することを忘れていた…。
あいつは手強いぞ…。
最後の一撃まで絶対に気を抜
くな！",
1100,"≪ＨＲＰシフトクエスト≫
金色の猛者【成長・上】{j}ラージャン１頭の狩猟{j}なし{j}なし{j}メインターゲットの達成{j}報酬金ゼロ
タイムアップ{j}大老殿ギルド{j}≪ＨＲＰシフトクエスト≫と
銘打たれたクエストは、報酬
ゼニーが安いですが、その分
多くのＨＲＰを得られる素敵
なクエストです。
より高みを目指したい狩人の
皆さん、奮ってご参加くださ
いね！",
1101,"≪火山探索≫
溶岩の海に棲む者{j}ヴォルガノス１頭の狩猟{j}イーオス１５頭の討伐{j}燃石炭１２個の納品{j}メインターゲット、もしくは
サブターゲットＡかＢの達成{j}報酬金ゼロ
タイムアップ{j}大衆酒場ギルド{j}火山に広がる溶岩の海には
溶岩竜≪ヴォルガノス≫が棲
んでいます。吐き出す溶岩と
巨体を活かした攻撃は一瞬の
油断が死につながります！
特にその巨体を使った突進は
要注意です！",
1102,"≪火山探索≫
赤き海の支配者{j}ヴォルガノス１頭の狩猟{j}主目標への一定ダメージ{j}なし{j}メインターゲット、もしくは
サブターゲットＡの達成{j}報酬金ゼロ
タイムアップ{j}大衆酒場ギルド{j}大老殿ギルドの要請で新しい
サブターゲットの試用が勧め
られることになりました。
≪ヴォルガノス≫への『一定
ダメージ』は、当ギルドで判
断しますので、皆さんはメイ
ンターゲットの達成に専念し
てくだされば結構ですよ！",
1103,"≪火山探索≫
赤き山の青き鎌{j}ショウグンギザミ１匹の狩猟{j}主目標への一定ダメージ{j}なし{j}メインターゲット、もしくは
サブターゲットＡの達成{j}報酬金ゼロ
タイムアップ{j}大老殿ギルド{j}新しいサブターゲットの実験
に協力してくれない…？
≪ショウグンギザミ≫への
『一定ダメージ』の達成は、
こちらで判断するから、あな
たはメインの達成に専念して
くれればいいわ…。
どう？受けてくれるかしら？",
1104,"≪火山探索≫
溶岩竜{j}ヴォルガノス１頭の狩猟{j}ガミザミ８匹の討伐{j}燃石炭１２個の納品{j}メインターゲット、もしくは
サブターゲットＡかＢの達成{j}報酬金ゼロ
タイムアップ{j}浮かない顔の冒険家{j}近年、その生息が確認された
溶岩の海に棲む魚竜種…。
その名は、≪ヴォルガノス≫
どんなやつか見て来てやる！
…と意気込んだものの、不覚
にも途中で怖気づいちまって
な…。誰か代わりに確かめて
きてくれねぇか？",
1105,"≪火山探索≫
火山の支配者{j}ヴォルガノス１頭の狩猟{j}火薬岩４個の納品{j}火薬岩２個の納品{j}メインターゲット、もしくは
サブターゲットＡかＢの達成{j}報酬金ゼロ
タイムアップ{j}街の傭兵たち{j}ドンドルマの街を古龍から守
るべく、良質の鉱石を採りに
来たのだが…。
≪ヴォルガノス≫を狩猟する
か、火薬岩を運ぶか、どちら
かに協力してくれ！
勇気あるハンターを待ってる
ぞ！",
1106,"≪火山探索≫
紅き溶岩竜{j}ヴォルガノス亜種１頭の狩猟{j}なし{j}なし{j}メインターゲットの達成{j}報酬金ゼロ
タイムアップ{j}手負いのハンター{j}なんとなく昼間にヴォルガノ
スの棲み処を覗いてみたら、
見たことも無い色のヴォルガ
ノスがいやがった！
案の定、あっという間に返り
討ちさ…。やつを狩ってくれ
たら礼をするぜ…。",
1107,"≪火山探索≫
欺瞞の岩肌{j}バサルモス１頭の狩猟{j}主目標への一定ダメージ{j}なし{j}メインターゲット、もしくは
サブターゲットＡの達成{j}報酬金ゼロ
タイムアップ{j}大老殿ギルド{j}新しいサブターゲットの実験
に協力してくれない…？
≪バサルモス≫への『一定ダ
メージ』の達成は、こちらで
判断するから、あなたはメイ
ンの達成に専念してくれれば
いいわ…。
どう？受けてくれるかしら？",
1108,"≪火山探索≫
赤口の鎧{j}グラビモス１頭の狩猟{j}主目標への一定ダメージ{j}なし{j}メインターゲット、もしくは
サブターゲットＡの達成{j}報酬金ゼロ
タイムアップ{j}大老殿ギルド{j}新しいサブターゲットの実験
に協力してくれない…？
≪グラビモス≫への『一定ダ
メージ』の達成は、こちらで
判断するから、あなたはメイ
ンの達成に専念してくれれば
いいわ…。
どう？受けてくれるかしら？",
1109,"≪火山探索≫
炎国の王{j}テオ・テスカトル１体の討伐{j}テオ・テスカトルの尻尾切断{j}なし{j}メインターゲット、もしくは
サブターゲットＡの達成{j}報酬金ゼロ
タイムアップ{j}大衆酒場ギルド{j}炎王龍テオ・テスカトルは炎
の化身とも云われる古龍…。
火山では全ての炎や熱が彼に
味方してるって話です…。
捕獲なんて無理なことは考え
ないで慎重かつ着実に攻撃を
重ねるしかないと思います！",
1110,"≪火山探索≫
炎国の王{j}テオ・テスカトル１体の討伐{j}テオ・テスカトルの尻尾切断{j}なし{j}メインターゲット、もしくは
サブターゲットＡの達成{j}報酬金ゼロ
タイムアップ{j}大衆酒場ギルド{j}炎王龍テオ・テスカトルは炎
の化身とも云われる古龍…。
火山では全ての炎や熱が彼に
味方してるって話です…。
捕獲なんて無理なことは考え
ないで慎重かつ着実に攻撃を
重ねるしかないと思います！",
1111,"≪ＨＲＰシフトクエスト≫
灼熱の溶岩竜【成長・下】{j}ヴォルガノス１頭の狩猟{j}なし{j}なし{j}メインターゲットの達成{j}報酬金ゼロ
タイムアップ{j}大老殿ギルド{j}≪ＨＲＰシフトクエスト≫と
銘打たれたクエストは、報酬
ゼニーが安いですが、その分
多くのＨＲＰを得られる素敵
なクエストです。
より高みを目指したい狩人の
皆さん、奮ってご参加くださ
いね！",
1112,"≪火山探索≫
紅き鎧と黒き鎧{j}ヴォルガノス亜種１頭の狩猟{j}グラビモス亜種１頭の狩猟{j}なし{j}メインターゲット、もしくは
サブターゲットＡの達成
{j}報酬金ゼロ
タイムアップ{j}自信家なハンター{j}先ごろ発見された≪ヴォルガ
ノス≫の亜種…。必ずこの手
で狩ってみせるぜ。
えっ？この時期は黒い鎧竜も
いるって？
…手柄は山分けで行こうじゃ
ないか！",
1113,"≪ＨＲＰシフトクエスト≫
蠢く岩の竜【成長・下】{j}バサルモス１頭の狩猟{j}なし{j}なし{j}メインターゲットの達成{j}報酬金ゼロ
タイムアップ{j}大老殿ギルド{j}≪ＨＲＰシフトクエスト≫と
銘打たれたクエストは、報酬
ゼニーが安いですが、その分
多くのＨＲＰを得られる素敵
なクエストです。
より高みを目指したい狩人の
皆さん、奮ってご参加くださ
いね！",
1114,"≪ＨＲＰシフトクエスト≫
鎧を纏いし竜【成長・下】{j}グラビモス１頭の狩猟{j}なし{j}なし{j}メインターゲットの達成{j}報酬金ゼロ
タイムアップ{j}大老殿ギルド{j}≪ＨＲＰシフトクエスト≫と
銘打たれたクエストは、報酬
ゼニーが安いですが、その分
多くのＨＲＰを得られる素敵
なクエストです。
より高みを目指したい狩人の
皆さん、奮ってご参加くださ
いね！",
1115,"≪火山探索≫
炎国の王{j}テオ・テスカトル１体の討伐{j}テオ・テスカトルの尻尾切断{j}なし{j}メインターゲット、もしくは
サブターゲットＡの達成{j}報酬金ゼロ
タイムアップ{j}大老殿ギルド{j}炎王龍テオ・テスカトルは炎
の化身とも云われる古龍よ。
火山では全ての炎や熱が彼に
味方しているに等しい…。
捕獲なんて無理なことは考え
ないで慎重かつ着実に攻撃を
重ねるしかないみたいね…。",
1116,"≪ＨＲＰシフトクエスト≫
赤き毒の狩人【成長・上】{j}ドスイーオス１頭の狩猟{j}なし{j}なし{j}メインターゲットの達成{j}報酬金ゼロ
タイムアップ{j}大老殿ギルド{j}≪ＨＲＰシフトクエスト≫と
銘打たれたクエストは、報酬
ゼニーが安いですが、その分
多くのＨＲＰを得られる素敵
なクエストです。
より高みを目指したい狩人の
皆さん、奮ってご参加くださ
いね！",
1117,"≪ＨＲＰシフトクエスト≫
蠢く岩の竜【成長・上】{j}バサルモス１頭の狩猟{j}なし{j}なし{j}メインターゲットの達成{j}報酬金ゼロ
タイムアップ{j}大老殿ギルド{j}≪ＨＲＰシフトクエスト≫と
銘打たれたクエストは、報酬
ゼニーが安いですが、その分
多くのＨＲＰを得られる素敵
なクエストです。
より高みを目指したい狩人の
皆さん、奮ってご参加くださ
いね！",
1118,"≪火山探索≫
鎧竜とネオジムメモ{j}グラビモス１頭の討伐{j}なし{j}なし{j}メインターゲットの達成{j}報酬金ゼロ
タイムアップ{j}武具工房の親方{j}失われたとされていた、武具
の製造の秘伝を記したメモが
各地で討伐されたモンスター
から見つかってるらしいぜい！
≪ネオジムメモ≫を手に入れ
たら、男一匹！この工房長の
ところに持ってきな！
イイ仕事をしてみせるぜい！",
1119,"≪ＨＲＰシフトクエスト≫
鎧を纏いし竜【成長・上】{j}グラビモス１頭の狩猟{j}なし{j}なし{j}メインターゲットの達成{j}報酬金ゼロ
タイムアップ{j}大老殿ギルド{j}≪ＨＲＰシフトクエスト≫と
銘打たれたクエストは、報酬
ゼニーが安いですが、その分
多くのＨＲＰを得られる素敵
なクエストです。
より高みを目指したい狩人の
皆さん、奮ってご参加くださ
いね！",
1120,"≪火山探索≫
黒鎧竜とメルクリメモ{j}グラビモス亜種１頭の討伐{j}なし{j}なし{j}メインターゲットの達成{j}報酬金ゼロ
タイムアップ{j}武具工房の親方{j}失われたとされていた、武具
の製造の秘伝を記したメモが
各地で討伐されたモンスター
から見つかってるらしいぜい！
≪メルクリメモ≫を手に入れ
たら、男一匹！この工房長の
ところに持ってきな！
イイ仕事をしてみせるぜい！",
1121,"≪火山探索≫
金獅子とメルクリメモ{j}ラージャン１頭の討伐{j}なし{j}なし{j}メインターゲットの達成{j}報酬金ゼロ
タイムアップ{j}武具工房の親方{j}失われたとされていた、武具
の製造の秘伝を記したメモが
各地で討伐されたモンスター
から見つかってるらしいぜい！
≪メルクリメモ≫を手に入れ
たら、男一匹！この工房長の
ところに持ってきな！
イイ仕事をしてみせるぜい！",
1122,"≪スペリアクエスト≫
【剛種】オディバシリーズ{j}オディバトラス１頭の撃退{j}なし{j}なし{j}メインターゲットの達成{j}報酬金ゼロ
タイムアップ{j}エフィー{j}本クエストでは、≪剛種防具≫
オディバシリーズの５部位分
の生産、強化素材が入手でき
ます。
クエストの受注には、
≪スペリアチケット≫が必要
になります。
クエストを失敗した場合、
≪スペリアチケット≫は消費
されますのでご注意ください。",
1123,"≪スペリアクエスト≫
【剛種】ストロマシリーズ{j}バルラガル１頭の狩猟{j}なし{j}なし{j}メインターゲットの達成{j}報酬金ゼロ
タイムアップ{j}エフィー{j}本クエストでは、≪剛種防具≫
ストロマシリーズの５部位分
の生産、強化素材が入手でき
ます。
クエストの受注には、
≪スペリアチケット≫が必要
になります。
クエストを失敗した場合、
≪スペリアチケット≫は消費
されますのでご注意ください。",
1124,"≪スペリアクエスト≫
【剛種】アルテラシリーズ{j}ゼルレウス１頭の討伐{j}なし{j}なし{j}メインターゲットの達成{j}報酬金ゼロ
タイムアップ{j}エフィー{j}本クエストでは、≪剛種防具≫
アルテラシリーズの５部位分
の生産、強化素材が入手でき
ます。
クエストの受注には、
≪スペリアチケット≫が必要
になります。
クエストを失敗した場合、
≪スペリアチケット≫は消費
されますのでご注意ください。",
1125,"≪スペリアクエスト≫
【剛種】フロルシリーズ{j}フォロクルル１頭の狩猟{j}なし{j}なし{j}メインターゲットの達成{j}報酬金ゼロ
タイムアップ{j}エフィー{j}本クエストでは、≪剛種防具≫
フロルシリーズの５部位分の
生産、強化素材が入手できま
す。
クエストの受注には、
≪スペリアチケット≫が必要
になります。
クエストを失敗した場合、
≪スペリアチケット≫は消費
されますのでご注意ください。",
1126,"≪スペリアクエスト≫
【剛種】ディオレシリーズ{j}ディオレックス１頭の討伐{j}なし{j}なし{j}メインターゲットの達成{j}報酬金ゼロ
タイムアップ{j}エフィー{j}本クエストでは、≪剛種防具≫
ディオレシリーズの５部位分
の生産、強化素材が入手でき
ます。
クエストの受注には、
≪スペリアチケット≫が必要
になります。
クエストを失敗した場合、
≪スペリアチケット≫は消費
されますのでご注意ください。",
1127,"≪スペリアクエスト≫
雅孔【趣】／雅穿【趣】{j}イナガミ１体の討伐{j}なし{j}なし{j}メインターゲットの達成{j}報酬金ゼロ
タイムアップ{j}エフィー{j}本クエストでは、≪剛種防具≫
雅孔【趣】／雅穿【趣】
シリーズの５部位分の生産、
強化素材が入手できます。
クエストの受注には、
≪スペリアチケット≫が必要
になります。
クエストを失敗した場合、
≪スペリアチケット≫は消費
されますのでご注意ください。",
1128,"≪スペリアクエスト≫
【天嵐】オディバＦシリーズ{j}リオレイア変種１頭{j}なし{j}なし{j}メインターゲットの狩猟{j}報酬金ゼロ
タイムアップ{j}エフィー{j}本クエストでは、≪天嵐防具≫
オディバＦシリーズの５部位
分の強化素材が入手できます。
クエストの受注には、
≪スペリアチケット≫が必要
になります。
クエストを失敗した場合、
≪スペリアチケット≫は消費
されますのでご注意ください。",
1129,"≪スペリアクエスト≫
【天嵐】ストロマＦシリーズ{j}リオレイア変種１頭{j}なし{j}なし{j}メインターゲットの狩猟{j}報酬金ゼロ
タイムアップ{j}エフィー{j}本クエストでは、≪天嵐防具≫
ストロマＦシリーズの５部位
分の強化素材が入手できます。
クエストの受注には、
≪スペリアチケット≫が必要
になります。
クエストを失敗した場合、
≪スペリアチケット≫は消費
されますのでご注意ください。",
1130,"≪スペリアクエスト≫
【天嵐】アルテラＦシリーズ{j}リオレイア変種１頭{j}なし{j}なし{j}メインターゲットの狩猟{j}報酬金ゼロ
タイムアップ{j}エフィー{j}本クエストでは、≪天嵐防具≫
アルテラＦシリーズの５部位
分の強化素材が入手できます。
クエストの受注には、
≪スペリアチケット≫が必要
になります。
クエストを失敗した場合、
≪スペリアチケット≫は消費
されますのでご注意ください。",
1131,"≪スペリアクエスト≫
【天嵐】フロルＦシリーズ{j}リオレイア変種１頭{j}なし{j}なし{j}メインターゲットの狩猟{j}報酬金ゼロ
タイムアップ{j}エフィー{j}本クエストでは、≪天嵐防具≫
フロルＦシリーズの５部位分
の強化素材が入手できます。
クエストの受注には、
≪スペリアチケット≫が必要
になります。
クエストを失敗した場合、
≪スペリアチケット≫は消費
されますのでご注意ください。",
1132,"≪スペリアクエスト≫
【天嵐】ディオレＦシリーズ{j}リオレイア変種１頭{j}なし{j}なし{j}メインターゲットの狩猟{j}報酬金ゼロ
タイムアップ{j}エフィー{j}本クエストでは、≪天嵐防具≫
ディオレＦシリーズの５部位
分の強化素材が入手できます。
クエストの受注には、
≪スペリアチケット≫が必要
になります。
クエストを失敗した場合、
≪スペリアチケット≫は消費
されますのでご注意ください。",
1133,"≪スペリアクエスト≫
雅孔Ｆ【趣】／雅穿Ｆ【趣】{j}リオレイア変種１頭{j}なし{j}なし{j}メインターゲットの狩猟{j}報酬金ゼロ
タイムアップ{j}エフィー{j}本クエストでは、≪天嵐防具≫
雅孔Ｆ【趣】／雅穿Ｆ【趣】
シリーズの５部位分の強化
素材が入手できます。
クエストの受注には、
≪スペリアチケット≫が必要
になります。
クエストを失敗した場合、
≪スペリアチケット≫は消費
されますのでご注意ください。",
1134,"≪スペリアクエスト≫
【覇種】オディバFXシリーズ{j}オディバトラス１頭の撃退{j}なし{j}なし{j}メインターゲットの達成{j}報酬金ゼロ
タイムアップ{j}エフィー{j}本クエストでは、≪覇種防具≫
オディバFXシリーズの５部位
分の強化素材が入手できます。
クエストの受注には、
≪スペリアチケット≫が必要
になります。
クエストを失敗した場合、
≪スペリアチケット≫は消費
されますのでご注意ください。",
1135,"≪スペリアクエスト≫
【覇種】ストロマFXシリーズ{j}ゴルガノス１頭の撃退{j}アルガノス１頭の撃退{j}なし{j}マストオーダー全ての達成{j}報酬金ゼロ
タイムアップ{j}エフィー{j}本クエストでは、≪覇種防具≫
ストロマFXシリーズの５部位
分の強化素材が入手できます。
クエストの受注には、
≪スペリアチケット≫が必要
になります。
クエストを失敗した場合、
≪スペリアチケット≫は消費
されますのでご注意ください。",
1136,"≪スペリアクエスト≫
【覇種】アルテラFXシリーズ{j}？？？の撃退{j}なし{j}なし{j}メインターゲットの達成{j}報酬金ゼロ
タイムアップ{j}エフィー{j}本クエストでは、≪覇種防具≫
アルテラFXシリーズの５部位
分の強化素材が入手できます。
クエストの受注には、
≪スペリアチケット≫が必要
になります。
クエストを失敗した場合、
≪スペリアチケット≫は消費
されますのでご注意ください。",
1137,"≪スペリアクエスト≫
【覇種】フロルFXシリーズ{j}テオ・テスカトル１体の撃退{j}なし{j}なし{j}メインターゲットの達成{j}報酬金ゼロ
タイムアップ{j}エフィー{j}本クエストでは、≪覇種防具≫
フロルFXシリーズの５部位分
の強化素材が入手できます。
クエストの受注には、
≪スペリアチケット≫が必要
になります。
クエストを失敗した場合、
≪スペリアチケット≫は消費
されますのでご注意ください。",
1138,"≪スペリアクエスト≫
【覇種】ディオレFXシリーズ{j}パリアプリア１頭の撃退{j}なし{j}なし{j}メインターゲットの達成{j}報酬金ゼロ
タイムアップ{j}エフィー{j}本クエストでは、≪覇種防具≫
ディオレFXシリーズの５部位
分の強化素材が入手できます。
クエストの受注には、
≪スペリアチケット≫が必要
になります。
クエストを失敗した場合、
≪スペリアチケット≫は消費
されますのでご注意ください。",
1139,"≪スペリアクエスト≫
雅孔FX【趣】／雅穿FX【趣】{j}ドラギュロス１頭の撃退{j}なし{j}なし{j}メインターゲットの達成{j}報酬金ゼロ
タイムアップ{j}エフィー{j}本クエストでは、≪覇種防具≫
雅孔FX【趣】／雅穿FX【趣】
シリーズの５部位分の強化
素材が入手できます。
クエストの受注には、
≪スペリアチケット≫が必要
になります。
クエストを失敗した場合、
≪スペリアチケット≫は消費
されますのでご注意ください。",
1140,"≪スペリアクエスト≫
ＨＲＰ大量獲得{j}イャンクック１頭の狩猟{j}なし{j}なし{j}メインターゲットの達成{j}報酬金ゼロ
タイムアップ{j}エフィー{j}本クエストは、ハンターとし
ての評価が格段に上昇する
クエストです。
クエストの受注には、
≪スペリアチケット≫が必要
になります。
クエストを失敗した場合、
≪スペリアチケット≫は消費
されますのでご注意ください。",
1141,"≪剛種クエスト≫
剛奏！創音竜{j}ポボルバルム１頭の討伐{j}なし{j}なし{j}メインターゲットの達成{j}報酬金ゼロ
タイムアップ{j}ハンターズギルド{j}最近、高地にて原因不明の
事態が発生しています。
ある一部の地域で草食種が
減少しているという報告があ
りました。
調査に赴いたところ、どこか
らともなく不思議な音が鳴り
響き、調査員は怖くて退避し
たそうです。
直ちに調査をお願いします。",
1142,"≪剛種クエスト≫
剛焔！炎角竜{j}ヴァルサブロス１頭の討伐{j}なし{j}なし{j}メインターゲットの達成{j}報酬金ゼロ
タイムアップ{j}ハンターズギルド{j}決戦場で赤い甲殻を身に纏っ
た竜と遭遇したという報告を
受けました。その地に生息す
るサボテンを持ち帰ろうとし
た瞬間に襲われたそうです。
このモンスターとサボテンに
何らかの関係があるのかもし
れません。現地に向かい、
調査をお願いします。",
1143,"≪Ｇ装飾品クエスト≫
銃士珠Ｇと炎妃龍【下位】{j}ナナ・テスカトリ１体の討伐{j}なし{j}なし{j}メインターゲットの達成{j}報酬金ゼロ
タイムアップ{j}ハンターズギルド{j}鉄色原珠という原珠を
ご存知でしょうか。
その素材は、ある高価な
装飾品の生産にかかせない
ものです。
この依頼を達成していただけ
るなら、貴重な装飾品素材を
差上げましょう。",
1144,"≪Ｇ装飾品クエスト≫
状耐珠Ｇと晶竜【上位】{j}クアルセプス１頭の狩猟{j}なし{j}なし{j}メインターゲットの達成{j}報酬金ゼロ
タイムアップ{j}ハンターズギルド{j}青鈍原珠という原珠を
ご存知でしょうか。
その素材は、ある高価な
装飾品の生産にかかせない
ものです。
この依頼を達成していただけ
るなら、貴重な装飾品素材を
差上げましょう。",
1145,"≪ＨＲＰ／ＳＲＰ≫
ＨＲＰ大量獲得！【怪鳥】{j}イャンクック１頭の狩猟{j}なし{j}なし{j}メインターゲットの達成{j}報酬金ゼロ
タイムアップ{j}ハンターズギルド{j}ハンターの狩猟生活を応援す
るため、新大闘技場で≪怪鳥≫
を狩猟する依頼を用意しまし
た。
この依頼を達成すれば、通常
より高い評価が得られます。
効率的な鍛練を積み、さらな
る高みを目指しましょう。",
1146,"≪ゼニー≫
ゼニー大量獲得！【大猪】{j}ドスファンゴ１頭の狩猟{j}なし{j}なし{j}メインターゲットの達成{j}報酬金ゼロ
タイムアップ{j}ハンターズギルド{j}ハンターの狩猟生活を応援す
るため、新大闘技場で≪大猪≫
を狩猟する依頼を用意しまし
た。
この依頼を達成すれば、通常
より多い報酬金が得られます
ので、ぜひ受注して依頼を
達成しましょう。",
1147,"≪武器≫
初心者武器生産【イニティ】{j}ドスランポス１頭の狩猟{j}なし{j}なし{j}メインターゲットの達成{j}報酬金ゼロ
タイムアップ{j}ハンターズギルド{j}初心者ハンターにオススメの
武器「イニティシリーズ」が
生産できる依頼です。
ドスランポスを狩猟すると、
１武器種の生産素材が入手で
きます。
今後の狩猟にぜひお役立て
ください。",
1148,"≪武器≫
上位武器強化【イニティ】{j}バサルモス１頭の狩猟{j}なし{j}なし{j}メインターゲットの達成{j}報酬金ゼロ
タイムアップ{j}ハンターズギルド{j}「イニティシリーズ」の武器
を生産したハンター向けの
依頼です。
バサルモスを狩猟すると、
上位武器「シプレラシリーズ」
の生産・強化に必要な素材が
入手できます。",
1149,"≪武器≫
天嵐武器強化【輝界竜】{j}ゼルレウス１頭の討伐{j}なし{j}なし{j}メインターゲットの達成{j}報酬金ゼロ
タイムアップ{j}ハンターズギルド{j}≪輝界竜≫の≪剛種武器≫を
生産したハンター向けの依頼
です。
ゼルレウスを繰り返し討伐す
ることで、≪天嵐武器≫の
強化に必要な素材が入手でき
ます。",
1150,"≪武器≫
覇種武器強化【輝界竜】{j}？？？の撃退{j}なし{j}なし{j}メインターゲットの達成{j}報酬金ゼロ
タイムアップ{j}ハンターズギルド{j}≪輝界竜≫の≪天嵐武器≫を
所持しているハンター向けの
依頼です。
古塔に現れた謎のモンスター
を繰り返し撃退することで、
≪覇種武器≫の強化に必要な
素材が入手できます。",
1151,"≪防具≫
初心者防具生産【ククボ】{j}イャンクック１頭の狩猟{j}なし{j}なし{j}メインターゲットの達成{j}報酬金ゼロ
タイムアップ{j}ハンターズギルド{j}初心者ハンターにオススメの
防具「ククボシリーズ」が
生産できる依頼です。
イャンクックを狩猟すると、
「ククボシリーズ」５部位分
の生産素材と、ＬＶ５までの
強化素材が入手できます。
今後の狩猟生活にぜひお役立
てください。",
1152,"≪防具≫
下位防具強化【ククボ】{j}ヒプノック１頭の狩猟{j}なし{j}なし{j}メインターゲットの達成{j}報酬金ゼロ
タイムアップ{j}ハンターズギルド{j}「ククボシリーズ」の防具
を生産・強化したハンター
向けの依頼です。
ヒプノックを狩猟すると、
下位防具「ククボシリーズ」、
「ククボＦシリーズ」の強化
に必要な素材が入手できます。",
1153,"≪防具≫
剛種防具生産・強化【弩岩竜】{j}オディバトラス１頭の撃退{j}なし{j}なし{j}メインターゲットの達成{j}報酬金ゼロ
タイムアップ{j}ハンターズギルド{j}ＨＲ１００になったハンター
にオススメの
「オディバシリーズ」
≪剛種防具≫が生産・強化で
きる依頼です。
オディバトラスを撃退すると、
「オディバシリーズ」１部位
分の生産・強化素材が入手で
きます。",
1154,"≪防具≫
天嵐防具強化【弩岩竜】{j}？？？の討伐{j}なし{j}なし{j}メインターゲットの達成{j}報酬金ゼロ
タイムアップ{j}ハンターズギルド{j}≪弩岩竜≫の≪剛種防具≫を
生産・強化したハンター向け
の依頼です。
沼地に現れた謎のモンスター
を繰り返し討伐することで
「オディバＦシリーズ」
≪天嵐防具≫ＬＶ７までの
強化に必要な素材が入手でき
ます。",
1155,"≪防具≫
覇種防具強化【弩岩竜】{j}オディバトラス１頭の撃退{j}なし{j}なし{j}メインターゲットの達成{j}報酬金ゼロ
タイムアップ{j}ハンターズギルド{j}≪弩岩竜≫の≪天嵐防具≫を
所持しているハンター向けの
依頼です。
オディバトラスを繰り返し
撃退することで
「オディバFXシリーズ」
≪覇種防具≫ＬＶ７までの
強化に必要な素材が入手でき
ます。",
1156,"≪装飾品≫
初心者装飾品【４種】{j}特産キノコ２個の納品{j}なし{j}なし{j}メインターゲットの達成{j}報酬金ゼロ
タイムアップ{j}ハンターズギルド{j}初心者ハンターにオススメの
装飾品４種が入手できる依頼
です。
密林で≪特産キノコ≫を納品
すると、≪怪力珠≫≪腕力珠≫
≪防音珠≫≪強精珠≫を
各１０個ずつ入手することが
できます。",
1157,"≪装飾品≫
上位装飾品【剛力珠】{j}ゲリョス１頭の狩猟{j}なし{j}なし{j}メインターゲットの達成{j}報酬金ゼロ
タイムアップ{j}ハンターズギルド{j}ＨＲ３１になったハンター
にオススメの装飾品≪剛力珠≫
が入手できる依頼です。
ゲリョスを狩猟すると、攻撃
力を高める装飾品≪剛力珠≫
を入手することができます。
ぜひ今後の狩猟生活にお役立
てください。",
1158,"≪ＨＲ突破試練≫
ＨＲ１００突破試練【雌火竜】{j}リオレイア１頭の狩猟{j}なし{j}なし{j}メインターゲットの達成{j}報酬金ゼロ
タイムアップ{j}ハンターズギルド{j}ＨＲ１００突破試練のための
クエストです。ギルドマス
ターまたはＨＲ試練掲示板
から試練を受注した後、
お一人でクエストへ出発して
ください。
",
1159,"≪ＨＲ突破試練≫
ＨＲ２００突破試練【火竜】{j}リオレウス１頭の狩猟{j}なし{j}なし{j}メインターゲットの達成{j}報酬金ゼロ
タイムアップ{j}ハンターズギルド{j}ＨＲ２００突破試練のための
クエストです。ギルドマス
ターまたはＨＲ試練掲示板
から試練を受注した後、
お一人でクエストへ出発して
ください。
",
1160,"≪ＨＲ突破試練≫
ＨＲ３００突破試練【角竜】{j}ディアブロス１頭の狩猟{j}なし{j}なし{j}メインターゲットの達成{j}報酬金ゼロ
タイムアップ{j}ハンターズギルド{j}ＨＲ３００突破試練のための
クエストです。ギルドマス
ターまたはＨＲ試練掲示板
から試練を受注した後、
お一人でクエストへ出発して
ください。
",
1161,"≪ＨＲ突破試練≫
ＨＲ４００突破試練【幻獣】{j}キリン１頭の討伐{j}なし{j}なし{j}メインターゲットの達成{j}報酬金ゼロ
タイムアップ{j}ハンターズギルド{j}ＨＲ４００突破試練のための
クエストです。ギルドマス
ターまたはＨＲ試練掲示板
から試練を受注した後、
お一人でクエストへ出発して
ください。
",
1162,"≪ＨＲ突破試練≫
ＨＲ５００突破試練【炎妃龍】{j}ナナ・テスカトリ１体の討伐{j}なし{j}なし{j}メインターゲットの達成{j}報酬金ゼロ
タイムアップ{j}ハンターズギルド{j}ＨＲ５００突破試練のための
クエストです。ギルドマス
ターまたはＨＲ試練掲示板
から試練を受注した後、
お一人でクエストへ出発して
ください。
",
1163,"≪ＨＲ突破試練≫
ＨＲ６００突破試練【鋼龍】{j}クシャルダオラ１体の討伐{j}なし{j}なし{j}メインターゲットの達成{j}報酬金ゼロ
タイムアップ{j}ハンターズギルド{j}ＨＲ６００突破試練のための
クエストです。ギルドマス
ターまたはＨＲ試練掲示板
から試練を受注した後、
お一人でクエストへ出発して
ください。",
1164,"≪ＨＲ突破試練≫
ＨＲ７００突破試練【覇竜】{j}アカムトルム１頭の討伐{j}なし{j}なし{j}メインターゲットの達成{j}報酬金ゼロ
タイムアップ{j}ハンターズギルド{j}ＨＲ７００突破試練のための
クエストです。ギルドマス
ターまたはＨＲ試練掲示板
から試練を受注した後、
お一人でクエストへ出発して
ください。",
1165,"≪ＨＲ突破試練≫
ＨＲ８００突破試練【黒龍】{j}ミラボレアス１体の討伐{j}なし{j}なし{j}メインターゲットの達成{j}報酬金ゼロ
タイムアップ{j}ハンターズギルド{j}ＨＲ８００突破試練のための
クエストです。ギルドマス
ターまたはＨＲ試練掲示板
から試練を受注した後、
お一人でクエストへ出発して
ください。",
1166,"≪ＨＲ突破試練≫
ＨＲ９００突破試練【紅龍】{j}ミラボレアス１体の討伐{j}なし{j}なし{j}メインターゲットの達成{j}報酬金ゼロ
タイムアップ{j}ハンターズギルド{j}ＨＲ９００突破試練のための
クエストです。ギルドマス
ターまたはＨＲ試練掲示板
から試練を受注した後、
お一人でクエストへ出発して
ください。",
1167,"≪ＨＲ突破試練≫
ＨＲ９９９突破試練【祖龍】{j}ミラボレアス１体の討伐{j}なし{j}なし{j}メインターゲットの達成{j}報酬金ゼロ
タイムアップ{j}ハンターズギルド{j}ＨＲ９９９突破試練のための
クエストです。ギルドマス
ターまたはＨＲ試練掲示板
から試練を受注した後、
お一人でクエストへ出発して
ください。",
1168,"≪ＨＲＰ／ＳＲＰ≫
ＨＲＰ大量獲得！【白影】{j}フルフル１頭の狩猟{j}なし{j}なし{j}メインターゲットの達成{j}報酬金ゼロ
タイムアップ{j}ハンターズギルド{j}ハンターの狩猟生活を応援す
るため、新大闘技場で≪白影≫
を狩猟する依頼を用意しまし
た。
この依頼を達成すれば、通常
より高い評価が得られます。
効率的な鍛練を積み、さらな
る高みを目指しましょう。",
1169,"≪ＨＲＰ／ＳＲＰ≫
ＨＲＰ大量獲得！【雌火竜】{j}リオレイア変種１頭{j}なし{j}なし{j}メインターゲットの狩猟{j}報酬金ゼロ
タイムアップ{j}ハンターズギルド{j}ハンターの狩猟生活を応援す
るため、新大闘技場で
≪雌火竜≫を狩猟する依頼を
用意しました。
この依頼を達成すれば、通常
より高い評価が得られます。
効率的な鍛練を積み、さらな
る高みを目指しましょう。",
1170,"≪ＨＲＰ／ＳＲＰ≫
ＳＲＰ大量獲得！【鎧竜】{j}グラビモス変種１頭{j}なし{j}なし{j}メインターゲットの狩猟{j}報酬金ゼロ
タイムアップ{j}ハンターズギルド{j}ハンターの狩猟生活を応援す
るため、新大闘技場で
≪鎧竜≫を狩猟する依頼を
用意しました。
この依頼を達成すれば、通常
より高い評価が得られます。
効率的な鍛練を積み、さらな
る高みを目指しましょう。",
1171,"≪アイテム≫
剛種チケット大量獲得！{j}ガノトトス変種１頭{j}ゲリョス変種１頭{j}なし{j}マストオーダー全ての狩猟{j}報酬金ゼロ
タイムアップ{j}ハンターズギルド{j}ハンターの狩猟生活を応援す
るため、新大闘技場でガノト
トス変種とゲリョス変種を狩
猟する依頼を用意しました。
この依頼を達成すれば、比較
的多く「剛種チケット」が
得られますので、ぜひ受注し
て依頼を達成しましょう。",
1172,"≪素材≫
秘伝のメモ大量獲得！{j}エスピナス奇種１頭{j}なし{j}なし{j}メインターゲットの討伐{j}報酬金ゼロ／タイムアップ
エスピナス奇種の捕獲{j}ハンターズギルド{j}ハンターの狩猟生活を応援す
るため、古塔でエスピナス奇
種を討伐する依頼を用意しま
した。
この依頼を達成すれば、武具
の強化に必要な秘伝のメモ
一式が入手できますので、
ぜひ受注して依頼を達成しま
しょう。",
1173,"≪素材≫
武具職人魂大量獲得！{j}ベルキュロス１頭の狩猟{j}なし{j}なし{j}メインターゲットの達成{j}報酬金ゼロ
タイムアップ{j}ハンターズギルド{j}ハンターの狩猟生活を応援す
るため、古塔で≪舞雷竜≫を
狩猟する依頼を用意しました。
この依頼を達成すれば、武器
の強化に必要な武具職人魂が
入手できますので、ぜひ受注
して依頼を達成しましょう。",
1174,"≪素材≫
秘伝の証大量獲得！{j}アクラ・ヴァシム変種１匹{j}なし{j}なし{j}メインターゲットの討伐{j}報酬金ゼロ
タイムアップ{j}ハンターズギルド{j}ハンターの狩猟生活を応援す
るため、砂漠で≪尾晶蠍≫を
討伐する依頼を用意しました。
この依頼を達成すれば、防具
の強化に必要な秘伝の証が
入手できますので、ぜひ受注
して依頼を達成しましょう。",
1175,"≪武器≫
凄腕武器強化【イニティ】{j}イャンガルルガ変種１頭{j}ドスファンゴ変種１頭{j}なし{j}マストオーダー全ての狩猟{j}報酬金ゼロ
タイムアップ{j}ハンターズギルド{j}武器「シプレラシリーズ」を
所持しているハンター向けの
依頼です。
イャンガルルガ変種とドス
ファンゴ変種を狩猟すると、
ＳＰ武器「ベルムシリーズ」
の生産・強化に必要な素材が
入手できます。",
1176,"≪武器≫
剛種武器生産【輝界竜】{j}ゼルレウス１頭の討伐{j}なし{j}なし{j}メインターゲットの達成{j}報酬金ゼロ
タイムアップ{j}ハンターズギルド{j}ＨＲ１００になったハンター
にオススメの≪輝界竜≫の
≪剛種武器≫が生産できる
依頼です。
ゼルレウスを討伐すると、
≪剛種武器≫１本の生産に
必要な素材が入手できます。",
1177,"≪防具≫
凄腕防具強化【コルーデ】{j}アカムトルム変種１頭{j}なし{j}なし{j}メインターゲットの討伐{j}報酬金ゼロ
タイムアップ{j}ハンターズギルド{j}ガイドから受け取った
「コルーデFYシリーズ」の
防具を強化するハンター向け
の依頼です。
アカムトルムを討伐すると、
「コルーデFYシリーズ」１部
位分の強化に必要な素材が入
手できます。
今後の狩猟生活にぜひお役立
てください。",
1178,"≪防具≫
ＳＰ防具生産強化【キリンSP】{j}キリン１頭の討伐{j}なし{j}なし{j}メインターゲットの達成{j}報酬金ゼロ
タイムアップ{j}ハンターズギルド{j}ＨＲ１００になったハンター
にオススメの防具「キリンSP
シリーズ」が生産・強化でき
る依頼です。
決戦場に現れたキリンを討伐
すると、「キリンSPシリーズ」
１部位分の生産・強化素材が
入手できます。
今後の狩猟生活にぜひお役立
てください。",
1179,"≪防具≫
剛種防具生産・強化【喰血竜】{j}バルラガル１頭の狩猟{j}なし{j}なし{j}メインターゲットの達成{j}報酬金ゼロ
タイムアップ{j}ハンターズギルド{j}ＨＲ１００になったハンター
にオススメの
「ストロマシリーズ」
≪剛種防具≫が生産・強化で
きる依頼です。
バルラガルを狩猟すると、
「ストロマシリーズ」１部位
分の生産・強化素材が入手で
きます。",
1180,"≪防具≫
天嵐防具強化【喰血竜】{j}？？？の討伐{j}なし{j}なし{j}メインターゲットの達成{j}報酬金ゼロ
タイムアップ{j}ハンターズギルド{j}≪喰血竜≫の≪剛種防具≫を
生産・強化したハンター向け
の依頼です。
沼地に現れた謎のモンスター
を繰り返し討伐することで
「ストロマＦシリーズ」
≪天嵐防具≫ＬＶ７までの
強化に必要な素材が入手でき
ます。",
1181,"≪防具≫
覇種防具強化【喰血竜】{j}ゴルガノス１頭の撃退{j}アルガノス１頭の撃退{j}なし{j}マストオーダー全ての達成{j}報酬金ゼロ
タイムアップ{j}ハンターズギルド{j}≪喰血竜≫の≪天嵐防具≫を
所持しているハンター向けの
依頼です。
アルガノスとゴルガノスを繰
り返し撃退することで
「ストロマFXシリーズ」
≪覇種防具≫ＬＶ７までの
強化に必要な素材が入手でき
ます。",
1182,"≪特別イベントクエスト≫
年間特典クエスト８年目{j}年間特典生産券１枚の納品{j}なし{j}なし{j}メインターゲットの達成{j}報酬金ゼロ
タイムアップ{j}エフィー{j}８年間ＭＨＦを遊んでくれて
ありがとうございます！
≪シャンミシュオール≫を
装備し、≪年間特典生産券≫
１枚を納品すると
≪感謝の証Ⅷ≫を１１枚
プレゼントいたします。
≪感謝の証Ⅷ≫から
≪ガルバソフィ≫（狩猟笛）
が生産可能です。",
1183,"≪剛種クエスト≫
剛刃！司銀龍{j}ハルドメルグ１体の討伐{j}なし{j}なし{j}メインターゲットの達成{j}報酬金ゼロ
タイムアップ{j}ハンターズギルド{j}猛吹雪の雪山で、謎のモンス
ターが確認されました。
調査員が描いたスケッチを
武具工房の親方が見たところ、
信じられないという表情で
工房へ飛んで帰りました。
私たちは親方から情報を聞き
出しますので、ハンターの
皆さんは現地の調査をお願い
します。",
1184,"≪剛種クエスト≫
剛瀑！水砦竜{j}グレアドモス１頭の討伐{j}なし{j}なし{j}メインターゲットの達成{j}報酬金ゼロ
タイムアップ{j}ハンターズギルド{j}ついにハンターズギルドでは
進化の起源と思われる種を
発見することに成功した！
進化の謎を究明する為にも
ヤツを捕まえようとしたが
罠をも寄せ付けぬ。
そればかりか、噴き放つ水流
により砂漠の生態系が壊され
つつある。
ヤツを討伐してくれ！",
1185,"≪Ｇ装飾品クエスト≫
気走珠Ｇと黄色の鳥竜【凄腕】{j}ドスゲネポス変種１頭{j}なし{j}なし{j}メインターゲットの狩猟{j}報酬金ゼロ
タイムアップ{j}ハンターズギルド{j}竜胆原珠という原珠を
ご存知でしょうか。
その素材は、ある高価な
装飾品の生産にかかせない
ものです。
この依頼を達成していただけ
るなら、貴重な装飾品素材を
差上げましょう。",
1186,"≪Ｇ装飾品クエスト≫
餓剣珠Ｇと翠水竜【凄腕】{j}ガノトトス奇種１頭{j}なし{j}なし{j}メインターゲットの狩猟{j}報酬金ゼロ
タイムアップ{j}ハンターズギルド{j}緑青原珠という原珠を
ご存知でしょうか。
その素材は、ある高価な
装飾品の生産にかかせない
ものです。
この依頼を達成していただけ
るなら、貴重な装飾品素材を
差上げましょう。",
1187,"≪Ｇ装飾品クエスト≫
爆集珠Ｇと蒼眠鳥【凄腕】{j}ヒプノック奇種１頭{j}なし{j}なし{j}メインターゲットの狩猟{j}報酬金ゼロ
タイムアップ{j}ハンターズギルド{j}黒檀原珠という原珠を
ご存知でしょうか。
その素材は、ある高価な
装飾品の生産にかかせない
ものです。
この依頼を達成していただけ
るなら、貴重な装飾品素材を
差上げましょう。",
1188,"≪Ｇ装飾品クエスト≫
名笛珠Ｇと覇竜【凄腕】{j}アカムトルム変種１頭{j}なし{j}なし{j}メインターゲットの討伐{j}報酬金ゼロ
タイムアップ{j}ハンターズギルド{j}藤黄原珠という原珠を
ご存知でしょうか。
その素材は、ある高価な
装飾品の生産にかかせない
ものです。
この依頼を達成していただけ
るなら、貴重な装飾品素材を
差上げましょう。",
1189,"≪素材≫
覇種撃退！剛砲不沈{j}オディバトラス１頭の撃退{j}なし{j}なし{j}メインターゲットの達成{j}報酬金ゼロ
タイムアップ{j}ハンターズギルド{j}覇種撃退の依頼が届きました。
見事、依頼を達成すれば、
覇種の素材が入手できます。
撃退といっても、覇種は覇種
です。
絶対に油断しないように、
お気を付け下さい。",
1190,"≪素材≫
覇種撃退！至禍凶刻{j}？？？の撃退{j}なし{j}なし{j}メインターゲットの達成{j}報酬金ゼロ
タイムアップ{j}ハンターズギルド{j}覇種撃退の依頼が届きました。
見事、依頼を達成すれば、
覇種の素材が入手できます。
撃退といっても、覇種は覇種
です。
絶対に油断しないように、
お気を付け下さい。",
1191,"≪素材≫
覇種撃退！狂喰無尽{j}パリアプリア１頭の撃退{j}なし{j}なし{j}メインターゲットの達成{j}報酬金ゼロ
タイムアップ{j}ハンターズギルド{j}覇種撃退の依頼が届きました。
見事、依頼を達成すれば、
覇種の素材が入手できます。
撃退といっても、覇種は覇種
です。
絶対に油断しないように、
お気を付け下さい。",
1192,"≪素材≫
覇種撃退！天震雷轟{j}ドラギュロス１頭の撃退{j}なし{j}なし{j}メインターゲットの達成{j}報酬金ゼロ
タイムアップ{j}ハンターズギルド{j}覇種撃退の依頼が届きました。
見事、依頼を達成すれば、
覇種の素材が入手できます。
撃退といっても、覇種は覇種
です。
絶対に油断しないように、
お気を付け下さい。",
1193,"≪素材≫
覇種撃退！輝輝臨臨{j}ゴルガノス１頭の撃退{j}アルガノス１頭の撃退{j}なし{j}マストオーダー全ての達成{j}報酬金ゼロ
タイムアップ{j}ハンターズギルド{j}覇種撃退の依頼が届きました。
見事、依頼を達成すれば、
覇種の素材が入手できます。
撃退といっても、覇種は覇種
です。
絶対に油断しないように、
お気を付け下さい。",
1194,"≪素材≫
覇種撃退！豪炎灼華{j}テオ・テスカトル１体の撃退{j}なし{j}なし{j}メインターゲットの達成{j}報酬金ゼロ
タイムアップ{j}ハンターズギルド{j}覇種撃退の依頼が届きました。
見事、依頼を達成すれば、
覇種の素材が入手できます。
撃退といっても、覇種は覇種
です。
絶対に油断しないように、
お気を付け下さい。",
1195,"≪武器≫
剛種武器生産【喰血竜】{j}バルラガル１頭の狩猟{j}なし{j}なし{j}メインターゲットの達成{j}報酬金ゼロ
タイムアップ{j}ハンターズギルド{j}ＨＲ１００になったハンター
にオススメの≪喰血竜≫の
≪剛種武器≫が生産できる
依頼です。
バルラガルを狩猟すると、
≪剛種武器≫１本の生産に
必要な素材が入手できます。",
1196,"≪白湖探索≫
白湖の特産・昼【凄腕】{j}地図１個の納品{j}なし{j}なし{j}メインターゲットの達成{j}報酬金ゼロ
タイムアップ{j}ハンターズギルド{j}温暖期の≪白湖≫。
ギルドでも現在調査中の、
未開の地ですが、ハンター
さんも、採取、調査のために
一度行ってみてはいかがで
しょうか？
帰りたくなったら地図を
納品してください！",
1197,"≪白湖探索≫
白湖の特産・夜【凄腕】{j}地図１個の納品{j}なし{j}なし{j}メインターゲットの達成{j}報酬金ゼロ
タイムアップ{j}ハンターズギルド{j}繁殖期の≪白湖≫。
ギルドでも現在調査中の、
未開の地ですが、ハンター
さんも、採取、調査のために
一度行ってみてはいかがで
しょうか？
帰りたくなったら地図を
納品してください！",
1198,"≪剛種クエスト≫
剛変！怒貌竜{j}ガスラバズラ１頭の狩猟{j}なし{j}なし{j}メインターゲットの達成{j}報酬金ゼロ
タイムアップ{j}ハンターズギルド{j}白湖へ向かった調査団より
未知の獣竜種の目撃情報が
ありました。
なんでも、そのモンスターは
怒りと共にその姿が変わると
のこと…
他にも、白湖を住処とする
甲殻種の存在も確認されてい
ます。現地へ向かい調査を
お願いします。",
1199,"≪剛種クエスト≫
剛異！浮峰龍{j}ヤマクライ１体の討伐{j}なし{j}なし{j}メインターゲットの達成{j}報酬金ゼロ
タイムアップ{j}ハンターズギルド{j}高地の頂上で森を発見したと
報告がありました。
調査のため、植物を採取して
ギルドへ持ち帰ったところ、
袋の中で枯れていたそうです。
高地で自生している植物では
なく、何者かが運んできたの
か…。
ハンターの皆さん、この謎の
調査をお願いします。",
1200,"≪Ｇ装飾品クエスト≫
警守珠Ｇと獰竜【上位】{j}アビオルグ１頭の狩猟{j}なし{j}なし{j}メインターゲットの達成{j}報酬金ゼロ
タイムアップ{j}ハンターズギルド{j}海棠原珠という原珠を
ご存知でしょうか。
その素材は、ある高価な
装飾品の生産にかかせない
ものです。
この依頼を達成していただけ
るなら、貴重な装飾品素材を
差上げましょう。",
1201,"≪Ｇ装飾品クエスト≫
連気珠Ｇと黒角竜【凄腕】{j}ディアブロス奇種１頭{j}なし{j}なし{j}メインターゲットの狩猟{j}報酬金ゼロ
タイムアップ{j}ハンターズギルド{j}青黛原珠という原珠を
ご存知でしょうか。
その素材は、ある高価な
装飾品の生産にかかせない
ものです。
この依頼を達成していただけ
るなら、貴重な装飾品素材を
差上げましょう。",
1202,"≪Ｇ装飾品クエスト≫
密爆珠Ｇと白一角竜【下位】{j}モノブロス亜種１頭の狩猟{j}なし{j}なし{j}メインターゲットの達成{j}報酬金ゼロ
タイムアップ{j}ハンターズギルド{j}珊瑚原珠という原珠を
ご存知でしょうか。
その素材は、ある高価な
装飾品の生産にかかせない
ものです。
この依頼を達成していただけ
るなら、貴重な装飾品素材を
差上げましょう。",
1203,"≪はじめてのクエスト≫
ようこそ！ＭＨＦ-Ｇ！{j}ドスファンゴ１頭の狩猟{j}なし{j}なし{j}メインターゲットの達成{j}報酬金ゼロ
タイムアップ{j}教官見習いネコ{j}おうっ！よく来たニャ！
ＭＨＦ-Ｇにようこそニャ！
さっそくで悪いニャけど
密林にドスファンゴが
現れたみたいなのニャ！
練習だと思って
初心者ハンターさんに
狩猟してほしいのニャ！
健闘をいのるニャー！",
1204,"≪武器≫
武器一発生産！【跳緋獣】{j}ゴゴモア１頭の討伐{j}なし{j}なし{j}メインターゲットの達成{j}報酬金ゼロ
タイムアップ{j}武具工房の親方{j}そこのアンタ！
ＨＲ３になったんだってな。
そこで頼みがあるんだが、
報酬は武器の素材一式でどう
だ？
なーに簡単な依頼さ、ひとっ
走り行ってゴゴモアを討伐し
てくれればいい。
頼んだぜ！",
1205,"≪武器≫
武器強化！【跳緋獣】{j}ゴゴモア１頭の討伐{j}なし{j}なし{j}メインターゲットの達成{j}報酬金ゼロ
タイムアップ{j}武具工房の親方{j}そこのアンタ！
跳緋獣の武器を生産したん
だってな。
そこで頼みがあるんだが、報
酬は武器強化素材でどうだ？
なーに簡単な依頼さ、
ひとっ走り行って
ゴゴモアを討伐してくれれば
いい。頼んだぜ！",
1206,"≪武器≫
武器一発生産！【多殻蟹】{j}タイクンザムザ１匹の討伐{j}なし{j}なし{j}メインターゲットの達成{j}報酬金ゼロ
タイムアップ{j}武具工房の親方{j}そこのアンタ！
ＨＲ３になったんだってな。
そこで頼みがあるんだが、
報酬は武器の素材一式でどう
だ？
なーに簡単な依頼さ、ひとっ
走り行ってタイクンザムザを
討伐してくれればいい。
頼んだぜ！",
1207,"≪武器≫
武器強化！【多殻蟹】{j}タイクンザムザ１匹の討伐{j}なし{j}なし{j}メインターゲットの達成{j}報酬金ゼロ
タイムアップ{j}武具工房の親方{j}そこのアンタ！
多殻蟹の武器を生産したん
だってな。
そこで頼みがあるんだが、報
酬は武器の強化素材でどうだ？
なーに簡単な依頼さ、ひとっ
走り行ってタイクンザムザを
討伐してくれればいい。
頼んだぜ！",
1208,"≪武器≫
武器一発生産！【眠鳥】{j}ヒプノック１頭の討伐{j}なし{j}なし{j}メインターゲットの達成{j}報酬金ゼロ
タイムアップ{j}武具工房の親方{j}そこのアンタ！
ＨＲ１１になったんだってな。
そこで頼みがあるんだが、
報酬は武器の素材一式でどう
だ？
なーに簡単な依頼さ、ひとっ
走り行ってヒプノックを討伐
してくれればいい。
頼んだぜ！",
1209,"≪武器≫
武器一発生産！【獰竜】{j}アビオルグ１頭の討伐{j}なし{j}なし{j}メインターゲットの達成{j}報酬金ゼロ
タイムアップ{j}武具工房の親方{j}そこのアンタ！
ＨＲ１７になったんだってな。
そこで頼みがあるんだが、
報酬は武器の素材一式でどう
だ？
なーに簡単な依頼さ、ひとっ
走り行ってアビオルグを討伐
してくれればいい。
頼んだぜ！",
1210,"≪武器≫
武器強化！【獰竜】{j}アビオルグ１頭の討伐{j}なし{j}なし{j}メインターゲットの達成{j}報酬金ゼロ
タイムアップ{j}武具工房の親方{j}そこのアンタ！
獰竜の武器を生産したん
だってな。
そこで頼みがあるんだが、報
酬は武器強化素材でどうだ？
なーに簡単な依頼さ、
ひとっ走り行って
アビオルグを討伐して
くれればいい。頼んだぜ！",
1211,"≪武器≫
武器一発生産！【氷狐竜】{j}デュラガウア１頭の討伐{j}なし{j}なし{j}メインターゲットの達成{j}報酬金ゼロ
タイムアップ{j}武具工房の親方{j}そこのアンタ！
ＨＲ２２になったんだってな。
そこで頼みがあるんだが、
報酬は武器の素材一式でどう
だ？
なーに簡単な依頼さ、ひとっ
走り行ってデュラガウア
を討伐してくれればいい。
頼んだぜ！",
1212,"≪武器≫
武器強化！【氷狐竜】{j}デュラガウア１頭の討伐{j}なし{j}なし{j}メインターゲットの達成{j}報酬金ゼロ
タイムアップ{j}武具工房の親方{j}そこのアンタ！
氷狐竜の武器を生産したん
だってな。
そこで頼みがあるんだが、報
酬は武器強化素材でどうだ？
なーに簡単な依頼さ、
ひとっ走り行って
デュラガウアを討伐して
くれればいい。頼んだぜ！",
1213,"≪武器≫
武器一発生産！【蛮竜】{j}グレンゼブル１頭の討伐{j}なし{j}なし{j}メインターゲットの達成{j}報酬金ゼロ
タイムアップ{j}武具工房の親方{j}そこのアンタ！
ＨＲ２２になったんだってな。
そこで頼みがあるんだが、
報酬は武器の素材一式でどう
だ？
なーに簡単な依頼さ、ひとっ
走り行ってグレンゼブルを討
伐してくれればいい。
頼んだぜ！
",
1214,"≪武器≫
武器強化！【蛮竜】{j}グレンゼブル１頭の討伐{j}なし{j}なし{j}メインターゲットの達成{j}報酬金ゼロ
タイムアップ{j}武具工房の親方{j}そこのアンタ！
蛮竜の武器を生産したん
だってな。
そこで頼みがあるんだが、報
酬は武器強化素材でどうだ？
なーに簡単な依頼さ、ひとっ
走り行ってグレンゼブルを
討伐してくれればいい。
頼んだぜ！",
1215,"≪武器≫
武器一発生産！【極龍】{j}ルコディオラ１体の討伐{j}なし{j}なし{j}メインターゲットの達成{j}報酬金ゼロ
タイムアップ{j}武具工房の親方{j}そこのアンタ！
ＨＲ２２になったんだってな。
そこで頼みがあるんだが、
報酬は武器の素材一式でどう
だ？
なーに簡単な依頼さ、ひとっ
走り行ってルコディオラを討
伐してくれればいい。
頼んだぜ！",
1216,"≪武器≫
武器強化！【極龍】{j}ルコディオラ１体の討伐{j}なし{j}なし{j}メインターゲットの達成{j}報酬金ゼロ
タイムアップ{j}武具工房の親方{j}そこのアンタ！
極龍の武器を生産したん
だってな。
そこで頼みがあるんだが、報
酬は武器強化素材でどうだ？
なーに簡単な依頼さ、
ひとっ走り行って
ルコディオラを討伐して
くれればいい。頼んだぜ！",
1217,"≪武器≫
武器一発生産！【棘竜】{j}エスピナス１頭の討伐{j}なし{j}なし{j}メインターゲットの達成{j}報酬金ゼロ
タイムアップ{j}武具工房の親方{j}そこのアンタ！
ＨＲ３１になったんだってな。
そこで頼みがあるんだが、
報酬は武器の素材一式でどう
だ？
なーに簡単な依頼さ、ひとっ
走り行ってエスピナスを討伐
してくれればいい。
頼んだぜ！",
1218,"≪武器≫
武器強化！【棘白竜】{j}エスピナス希少種１頭の討伐{j}なし{j}なし{j}メインターゲットの達成{j}報酬金ゼロ
タイムアップ{j}武具工房の親方{j}そこのアンタ！
棘竜の武器を生産したんだっ
てな。
そこで頼みがあるんだが、報
酬は棘白竜の武器への強化素
材でどうだ？
なーに簡単な依頼さ、ひとっ
走り行ってエスピナス希少種
を討伐してくれればいい。
頼んだぜ！",
1219,"≪武器≫
武器一発生産！【呑竜】{j}パリアプリア１頭の討伐{j}なし{j}なし{j}メインターゲットの達成{j}報酬金ゼロ
タイムアップ{j}武具工房の親方{j}そこのアンタ！
ＨＲ３１になったんだってな。
そこで頼みがあるんだが、
報酬は武器の素材一式でどう
だ？
なーに簡単な依頼さ、ひとっ
走り行ってパリアプリアを討
伐してくれればいい。
頼んだぜ！",
1220,"≪武器≫
武器一発生産！【尾晶蠍】{j}アクラ・ヴァシム１匹の討伐{j}なし{j}なし{j}メインターゲットの達成{j}報酬金ゼロ
タイムアップ{j}武具工房の親方{j}そこのアンタ！
ＨＲ５１になったんだってな。
そこで頼みがあるんだが、
報酬は武器の素材一式でどう
だ？
なーに簡単な依頼さ、ひとっ
走り行ってアクラ・ヴァシム
を討伐してくれればいい。
頼んだぜ！",
1221,"≪武器≫
武器一発生産！【響狼】{j}カム・オルガロン１頭の討伐{j}ノノ・オルガロン１頭の討伐{j}なし{j}マストオーダー全ての達成{j}報酬金ゼロ
タイムアップ{j}武具工房の親方{j}そこのアンタ！
ＨＲ６１になったんだってな。
そこで頼みがあるんだが、
報酬は武器の素材一式でどう
だ？
なーに簡単な依頼さ、ひとっ
走り行ってオルガロンを討伐
してくれればいい。
頼んだぜ！",
1222,"≪武器≫
武器一発生産！【灰晶蠍】{j}アクラ・ジェビア１匹の討伐{j}なし{j}なし{j}メインターゲットの達成{j}報酬金ゼロ
タイムアップ{j}武具工房の親方{j}そこのアンタ！
ＨＲ７１になったんだってな。
そこで頼みがあるんだが、
報酬は武器の素材一式でどう
だ？
なーに簡単な依頼さ、ひとっ
走り行ってアクラ・ジェビア
を討伐してくれればいい。
頼んだぜ！",
1223,"≪武器≫
武器一発生産！【晶竜】{j}クアルセプス１頭の討伐{j}なし{j}なし{j}メインターゲットの達成{j}報酬金ゼロ
タイムアップ{j}武具工房の親方{j}そこのアンタ！
ＨＲ７１になったんだってな。
そこで頼みがあるんだが、
報酬は武器の素材一式でどう
だ？
なーに簡単な依頼さ、ひとっ
走り行ってクアルセプスを討
伐してくれればいい。
頼んだぜ！",
1224,"≪武器≫
武器一発生産！【舞雷竜】{j}ベルキュロス１頭の討伐{j}なし{j}なし{j}メインターゲットの達成{j}報酬金ゼロ
タイムアップ{j}武具工房の親方{j}そこのアンタ！
ＨＲ８１になったんだってな。
そこで頼みがあるんだが、
報酬は武器の素材一式でどう
だ？
なーに簡単な依頼さ、ひとっ
走り行ってベルキュロスを討
伐してくれればいい。
頼んだぜ！",
1225,"≪武器≫
武器強化！【冥雷竜】{j}ドラギュロス１頭の討伐{j}なし{j}なし{j}メインターゲットの達成{j}報酬金ゼロ
タイムアップ{j}武具工房の親方{j}そこのアンタ！
舞雷竜の武器を生産したん
だってな。
そこで頼みがあるんだが、報
酬は冥雷竜の武器への強化素
材でどうだ？
なーに簡単な依頼さ、ひとっ
走り行ってドラギュロスを
討伐してくれればいい。
頼んだぜ！",
1226,"≪防具≫
防具生産！【鬼神／童子】{j}ラージャン１頭の討伐{j}ティガレックス１頭の討伐{j}なし{j}マストオーダー全ての達成{j}報酬金ゼロ
タイムアップ{j}武具工房の親方{j}そこのアンタ！
ＨＲ７１になったんだってな。
そこで頼みがあるんだが、
報酬は防具の素材一式でどう
だ？
なーに簡単な依頼さ、ひとっ
走り行ってラージャンとティ
ガレックスを討伐してくれれ
ばいい。頼んだぜ！
",
1227,"≪防具≫
ＳＰ防具生産！【エスピナ】{j}エスピナス変種１頭{j}なし{j}なし{j}メインターゲットの討伐{j}報酬金ゼロ
タイムアップ{j}武具工房の親方{j}そこのアンタ！
ＨＲ１００になったんだって
な。そこで頼みがあるんだが、
報酬はＳＰ防具が１部位生産
できる素材一式でどうだ？
なーに簡単な依頼さ、ひとっ
走り行ってエスピナス変種を
討伐してくれればいい。
頼んだぜ！",
1228,"≪ＨＲＰ≫
ＨＲＰ大量獲得！【眠鳥】{j}ヒプノック１頭の狩猟{j}なし{j}なし{j}メインターゲットの達成{j}報酬金ゼロ
タイムアップ{j}ハンターズギルド{j}ハンターの狩猟生活を応援す
るため、新大闘技場で≪眠鳥≫
を狩猟する依頼を用意しまし
た。
この依頼を達成すれば、通常
より高い評価が得られます。
効率的な鍛練を積み、さらな
る高みを目指しましょう。",
1229,"≪ＨＲＰ≫
ＨＲＰ大量獲得！【鎌蟹】{j}ショウグンギザミ１匹の狩猟{j}なし{j}なし{j}メインターゲットの達成{j}報酬金ゼロ
タイムアップ{j}ハンターズギルド{j}ハンターの狩猟生活を応援す
るため、潮島で≪鎌蟹≫を
狩猟する依頼を用意しました。
この依頼を達成すれば、通常
より高い評価が得られます。
効率的な鍛練を積み、さらな
る高みを目指しましょう。",
1230,"≪ＨＲＰ≫
ＨＲＰ大量獲得！【桃毛獣】{j}ババコンガ変種１頭{j}なし{j}なし{j}メインターゲットの狩猟{j}報酬金ゼロ
タイムアップ{j}ハンターズギルド{j}ハンターの狩猟生活を応援す
るため、花畑で≪桃毛獣≫を
狩猟する依頼を用意しました。
この依頼を達成すれば、通常
より高い評価が得られます。
効率的な鍛練を積み、さらな
る高みを目指しましょう。",
1231,"≪ゼニー≫
ゼニー大量獲得！【多殻蟹】{j}タイクンザムザ１匹の狩猟{j}なし{j}なし{j}メインターゲットの達成{j}報酬金ゼロ
タイムアップ{j}ハンターズギルド{j}ハンターの狩猟生活を応援す
るため、潮島で≪多殻蟹≫を
狩猟する依頼を用意しました。
この依頼を達成すれば、通常
より多い報酬金が得られます
ので、ぜひ受注して依頼を
達成しましょう。",
1232,"≪ゼニー≫
ゼニー大量獲得！【呑竜】{j}パリアプリア１頭の狩猟{j}なし{j}なし{j}メインターゲットの達成{j}報酬金ゼロ
タイムアップ{j}ハンターズギルド{j}ハンターの狩猟生活を応援す
るため、新大闘技場で≪呑竜≫
を狩猟する依頼を用意しまし
た。
この依頼を達成すれば、通常
より多い報酬金が得られます
ので、ぜひ受注して依頼を
達成しましょう。",
1233,"≪剛種クエスト≫
剛迅！照雷鳥{j}トリドクレス１頭の狩猟{j}なし{j}なし{j}メインターゲットの達成{j}報酬金ゼロ
タイムアップ{j}ハンターズギルド{j}ときおり目撃されていた
≪照雷鳥≫が、人の通る
辺りまで縄張りを広げて
きました。これ以上の
被害を防ぐため、対象の
狩猟をお願いします。
また、襲われた者から
雷を使うという情報を
得ています。十分に注意
して事に当たって下さい。",
1234,"≪剛種クエスト≫
剛零！凍王龍{j}トア・テスカトラ１体の討伐{j}なし{j}なし{j}メインターゲットの達成{j}報酬金ゼロ
タイムアップ{j}ハンターズギルド{j}このところ、異常気象に
見舞われていた雪山ですが、
猛吹雪の中を悠然と歩く
大きな影を見た、との
報告が多数入ってきています。
この吹雪の原因は、果たして
そのモンスターのしわざ
なのでしょうか？ハンターの
皆様に調査を依頼します。
",
1235,"≪Ｇ装飾品クエスト≫
冷静珠Ｇと蒼白眠鳥【上位】{j}ヒプノック希少種１頭の狩猟{j}なし{j}なし{j}メインターゲットの達成{j}報酬金ゼロ
タイムアップ{j}ハンターズギルド{j}各地で変わったモンスターの
個体が確認されています。
普通のモンスターと比べて、
見た目も異なり非常に強力で、
通常では考えられない行動を
取ってくるそうです。
何とか調査をお願いします。
報酬は貴重な装飾品素材です。",
1236,"≪Ｇ装飾品クエスト≫
状強珠Ｇと紅溶岩竜【凄腕】{j}ヴォルガノス奇種１頭{j}なし{j}なし{j}メインターゲットの狩猟{j}報酬金ゼロ
タイムアップ{j}ハンターズギルド{j}各地で変わったモンスターの
個体が確認されています。
普通のモンスターと比べて、
見た目も異なり非常に強力で、
通常では考えられない行動を
取ってくるそうです。
何とか調査をお願いします。
報酬は貴重な装飾品素材です。",
1237,"≪Ｇ装飾品クエスト≫
集労珠Ｇと弩岩竜【剛種】{j}オディバトラス１頭の撃退{j}なし{j}なし{j}メインターゲットの達成{j}報酬金ゼロ
タイムアップ{j}ハンターズギルド{j}砂漠でオディバトラスが
暴れているようです。
危険かとは思いますが、
何とか調査をお願いします。
報酬は貴重な装飾品素材です。",
1238,"≪特殊素材クエスト≫
Ｇ８アンケート武器・大剣{j}ヒプノック１頭の狩猟{j}なし{j}なし{j}メインターゲットの達成{j}報酬金ゼロ
タイムアップ{j}ハンターズギルド{j}ジンオウガ狩猟解禁イベント
「遷悠種襲来！ジンオウガを
狩猟せよ」にて
雷狼竜の狩猟数70万頭突破を
記念して行われたアンケート
にて性能が決定された
大剣の生産素材を入手する
クエストになります。",
1239,"≪特殊素材クエスト≫
Ｇ８アンケート武器・双剣{j}リオレウス１頭の狩猟{j}なし{j}なし{j}メインターゲットの達成{j}報酬金ゼロ
タイムアップ{j}ハンターズギルド{j}ジンオウガ狩猟解禁イベント
「遷悠種襲来！ジンオウガを
狩猟せよ」にて
雷狼竜の狩猟数70万頭突破を
記念して行われたアンケート
にて性能が決定された
双剣の生産素材を入手する
クエストになります。",
1240,"≪装飾品クエスト≫
オススメ装飾品・剛護珠{j}ダイミョウザザミ１匹の狩猟{j}なし{j}なし{j}メインターゲットの達成{j}報酬金ゼロ
タイムアップ{j}ハンターズギルド{j}ＨＲ３になったハンターに
オススメの装飾品≪剛護珠≫
が入手できる依頼です。
盾蟹を狩猟すると、攻撃、
達人、聴覚保護のスキル値を
持つ装飾品≪剛護珠≫を入手
することができます。
ぜひ今後の狩猟生活にお役立
てください。",
1241,"≪武器魂入手クエスト≫
武器魂入手クエスト【剣斧】{j}地図１個の納品{j}なし{j}なし{j}メインターゲットの達成{j}報酬金ゼロ
タイムアップ{j}エフィー{j}本クエストでは、下記の素材
が入手できます。
≪剣斧魂・序≫８５枚
≪剣斧魂・中≫１９５枚
≪剣斧魂・極≫２７５枚
≪剣斧魂・天≫８５枚
クエストの受注には、
≪秘伝魂の結晶≫が必要に
なりますのでご注意ください。",
1242,"≪樹海探索≫
【緊急】樹海の眠鳥{j}ヒプノック１頭の狩猟{j}なし{j}なし{j}メインターゲットの達成{j}報酬金ゼロ
タイムアップ{j}地理研究員{j}開拓の最前線に現れた樹海。
踏み入ることも困難なこの地に
生態も分からぬ新種がいると
なれば、安全の確保が研究の
第一歩だ。
ハンター諸君のお手並み拝見と
いこう。",
1243,"≪樹海探索≫
【緊急】目覚める樹海の主{j}エスピナス１頭の狩猟{j}なし{j}なし{j}メインターゲットの達成{j}報酬金ゼロ
タイムアップ{j}満身創痍のハンター{j}樹海の奥深くにアイツはいた
…。
ただひたすら静かに待ってい
たんだ…。
獲物が近寄ってくるのを！
ヤツの強さはハンパじゃない！
棘に仕込まれた≪毒≫にも気
をつけろ！",
1244,"≪峡谷探索≫
【緊急】雷臨、ベルキュロス{j}ベルキュロス１頭の狩猟{j}なし{j}なし{j}メインターゲットの達成{j}報酬金ゼロ
タイムアップ{j}大老殿ギルド{j}無価値と思われていた荒野の
大地、≪峡谷≫…。
そこには、これまで一握りの
人物しか知ることのなかった
強力な飛竜≪ベルキュロス≫
が住んでいるそうね…。
その強さは古龍級だとか。
ハンターの腕の見せ所ね。",
1245,"≪砂漠探索≫
【緊急】砂漠の尾晶蠍{j}アクラ・ヴァシム変種１匹{j}なし{j}なし{j}メインターゲットの討伐{j}報酬金ゼロ
タイムアップ{j}メゼポルタ猟団組合{j}各地から変種や奇種の発見報
告が上げられています。
変種は原種系、奇種は亜種系
に酷似した姿とのことですが、
真相は謎です。
その種に共通する特徴を強く
持ち、そこから汎用性に優れ
た素材が取れるそうですよ。",
1246,"≪覇種クエスト≫
【撃退】剛砲不沈{j}オディバトラス１頭の撃退{j}なし{j}なし{j}メインターゲットの達成{j}報酬金ゼロ
タイムアップ{j}ハンターズギルド{j}覇種オディバトラスが現れま
した。この依頼は、討伐隊が
到着するまでの、被害拡大を
防ぐことが目的となります。
そのため、撃退での達成を
お願いします。
ハンターさん自身の安全を
第一に行動してください。",
1247,"≪覇種クエスト≫
【撃退】至禍凶刻{j}？？？の撃退{j}なし{j}なし{j}メインターゲットの達成{j}報酬金ゼロ
タイムアップ{j}ハンターズギルド{j}覇種の黒い飛竜が現れまし
た。この依頼は、討伐隊が
到着するまでの、被害拡大を
防ぐことが目的となります。
そのため、撃退での達成を
お願いします。
ハンターさん自身の安全を
第一に行動してください。",
1248,"≪覇種クエスト≫
【撃退】狂喰無尽{j}パリアプリア１頭の撃退{j}なし{j}なし{j}メインターゲットの達成{j}報酬金ゼロ
タイムアップ{j}ハンターズギルド{j}覇種パリアプリアが現れまし
た。この依頼は、討伐隊が
到着するまでの、被害拡大を
防ぐことが目的となります。
そのため、撃退での達成を
お願いします。
ハンターさん自身の安全を
第一に行動してください。",
1249,"≪覇種クエスト≫
【撃退】天震雷轟{j}ドラギュロス１頭の撃退{j}なし{j}なし{j}メインターゲットの達成{j}報酬金ゼロ
タイムアップ{j}ハンターズギルド{j}覇種ドラギュロスが現れまし
た。この依頼は、討伐隊が
到着するまでの、被害拡大を
防ぐことが目的となります。
そのため、撃退での達成を
お願いします。
ハンターさん自身の安全を
第一に行動してください。",
1250,"≪覇種クエスト≫
【撃退】輝輝臨臨{j}ゴルガノス１頭の撃退{j}アルガノス１頭の撃退{j}なし{j}マストオーダー全ての達成{j}報酬金ゼロ
タイムアップ{j}ハンターズギルド{j}金と銀の覇種が現れました。
この依頼は、討伐隊が到着
するまでの、被害拡大を
防ぐことが目的となります。
そのため、撃退での達成を
お願いします。
ハンターさん自身の安全を
第一に行動してください。",
1251,"≪覇種クエスト≫
【撃退】豪炎灼華{j}テオ・テスカトル１体の撃退{j}なし{j}なし{j}メインターゲットの達成{j}報酬金ゼロ
タイムアップ{j}ハンターズギルド{j}覇種テオ・テスカトルが
現れました。この依頼は、
討伐隊が到着するまでの、
被害拡大を防ぐことが目的
となります。
そのため、撃退での達成を
お願いします。
ハンターさん自身の安全を
第一に行動してください。",
1252,"≪覇種クエスト≫
豪炎灼華{j}テオ・テスカトル１体の討伐{j}なし{j}なし{j}メインターゲットの達成{j}報酬金ゼロ
タイムアップ{j}ハンターズギルド{j}紅蓮の世界を創造せし
覇種炎王龍が現れました！
一刻を争う事態のため、
短時間での討伐依頼となりま
すが、被害を最小限に抑える
ため、撃退のみでも
評価いたします。
このかつてない危機に立ち
向かう凄腕の秘伝書所持
ハンターを募集します！",
1253,"≪覇種クエスト≫
輝輝臨臨{j}ゴルガノス１頭の討伐{j}アルガノス１頭の討伐{j}なし{j}マストオーダー全ての達成{j}報酬金ゼロ
タイムアップ{j}ハンターズギルド{j}古塔で未確認のモンスターが
暴れているとの報告が届きま
した。一刻を争う事態のため、
短時間での討伐依頼となりま
すが、被害を最小限に抑える
ため、撃退のみでも
評価いたします。
このかつてない危機に立ち
向かう凄腕の秘伝書所持
ハンターを募集します！",
1254,"≪覇種クエスト≫
天震雷轟{j}ドラギュロス１頭の討伐{j}なし{j}なし{j}メインターゲットの達成{j}報酬金ゼロ
タイムアップ{j}ハンターズギルド{j}全てを灰燼に帰するといわれ
る覇種冥雷竜が現れました！
一刻を争う事態のため、
短時間での討伐依頼となりま
すが、被害を最小限に抑える
ため、撃退のみでも
評価いたします。
このかつてない危機に立ち
向かう凄腕の秘伝書所持
ハンターを募集します！",
1255,"≪覇種クエスト≫
狂喰無尽{j}パリアプリア１頭の討伐{j}なし{j}なし{j}メインターゲットの達成{j}報酬金ゼロ
タイムアップ{j}ハンターズギルド{j}本能のままに大地を踏みにじ
る覇種呑竜が現れました！
一刻を争う事態のため、
短時間での討伐依頼となりま
すが、被害を最小限に抑える
ため、撃退のみでも
評価いたします。
このかつてない危機に立ち
向かう凄腕の秘伝書所持
ハンターを募集します！",
1256,"≪覇種クエスト≫
至禍凶刻{j}？？？の討伐{j}なし{j}なし{j}メインターゲットの達成{j}報酬金ゼロ
タイムアップ{j}ハンターズギルド{j}禍を招くといわれる、覇種
モンスターが現れました！
一刻を争う事態のため、
短時間での討伐依頼となりま
すが、被害を最小限に抑える
ため、撃退のみでも
評価いたします。
このかつてない危機に立ち
向かう凄腕の秘伝書所持
ハンターを募集します！",
1257,"≪覇種クエスト≫
剛砲不沈{j}オディバトラス１頭の討伐{j}なし{j}なし{j}メインターゲットの達成{j}報酬金ゼロ
タイムアップ{j}ハンターズギルド{j}破壊をもたらすといわれる、
覇種弩岩竜が現れました！
一刻を争う事態のため、
短時間での討伐依頼となりま
すが、被害を最小限に抑える
ため、撃退のみでも
評価いたします。
このかつてない危機に立ち
向かう凄腕の秘伝書所持
ハンターを募集します！",
1258,"≪特殊素材クエスト≫
相棒への贈り物・雌火竜編{j}リオレイア１頭の狩猟{j}なし{j}なし{j}メインターゲットの達成{j}報酬金ゼロ
タイムアップ{j}親方ネコ{j}おう！そこの狩人さん！
アンタのパートニャーは元気
かニャ？たまには相棒孝行し
てやるニャ！
では、本題ニャ。今回の依頼
は怒り狂ったリオレイア１頭
の狩猟ニャ。
報酬はパートニャー用武具の
生産素材だニャ！
たのんだニャー！",
1259,"≪特殊素材クエスト≫
相棒への贈り物・火竜編{j}リオレウス１頭の狩猟{j}なし{j}なし{j}メインターゲットの達成{j}報酬金ゼロ
タイムアップ{j}親方ネコ{j}おう！そこの狩人さん！
アンタのパートニャーは元気
かニャ？たまには相棒孝行し
てやるニャ！
では、本題ニャ。今回の依頼
は火竜１頭の狩猟ニャ。
報酬はパートニャー用武具の
生産素材だニャ！
たのんだニャー！",
1260,"≪特殊素材クエスト≫
相棒への贈り物・金火竜編{j}リオレイア希少種１頭の狩猟{j}なし{j}なし{j}メインターゲットの達成{j}報酬金ゼロ
タイムアップ{j}親方ネコ{j}おう！そこの狩人さん！
アンタのパートニャーは元気
かニャ？たまには相棒孝行し
てやるニャ！
では、本題ニャ。今回の依頼
は金火竜１頭の狩猟ニャ。
報酬はパートニャー用武具の
生産素材だニャ！
たのんだニャー！",
1261,"≪特殊素材クエスト≫
相棒への贈り物・轟竜編{j}ティガレックス１頭の狩猟{j}なし{j}なし{j}メインターゲットの達成{j}報酬金ゼロ
タイムアップ{j}親方ネコ{j}おう！そこの狩人さん！
アンタのパートニャーは元気
かニャ？たまには相棒孝行し
てやるニャ！
では、本題ニャ。今回の依頼
は轟竜１頭の狩猟ニャ。
報酬はパートニャー用武具の
生産素材だニャ！
たのんだニャー！",
1262,"≪特殊素材クエスト≫
相棒への贈り物・棘白竜編{j}エスピナス希少種１頭の狩猟{j}なし{j}なし{j}メインターゲットの達成{j}報酬金ゼロ
タイムアップ{j}親方ネコ{j}おう！そこの狩人さん！
アンタのパートニャーは元気
かニャ？たまには相棒孝行し
てやるニャ！
では、本題ニャ。今回の依頼
は棘白竜１頭の狩猟ニャ。
報酬はパートニャー用武具の
生産素材だニャ！
たのんだニャー！",
1263,"≪特殊素材クエスト≫
相棒への贈り物・蒼白眠鳥編{j}ヒプノック希少種１頭の狩猟{j}なし{j}なし{j}メインターゲットの達成{j}報酬金ゼロ
タイムアップ{j}親方ネコ{j}おう！そこの狩人さん！
アンタのパートニャーは元気
かニャ？たまには相棒孝行し
てやるニャ！
では、本題ニャ。今回の依頼
は蒼白眠鳥１頭の狩猟ニャ。
報酬はパートニャー用武具の
生産素材だニャ！
たのんだニャー！",
1264,"≪覇種クエスト≫
【緊急撃退】剛砲不沈{j}オディバトラス１頭の撃退{j}なし{j}なし{j}メインターゲットの達成{j}報酬金ゼロ
タイムアップ{j}ハンターズギルド{j}覇種オディバトラスが現れま
した。この依頼は、討伐隊が
到着するまでの、被害拡大を
防ぐことが目的となります。
そのため、撃退での達成を
お願いします。
ハンターさん自身の安全を
第一に行動してください。",
1265,"≪密林探索≫
お魚がいっぱいなのニャ{j}特産キノコ６個の納品{j}アオキノコ６個の納品{j}ドキドキノコ１個の納品{j}メインターゲット、もしくは
サブターゲットＡかＢの達成{j}報酬金ゼロ
タイムアップ{j}行商アイルー{j}この先、あたしが商いに行く
所では、どうもお魚よりもキ
ノコのが喜ばれるそうニャ。
そこで、商品の仕入れをあん
たにお願いしたいニャ。
見たところあんた。お魚に困
っているようニャから、報酬
はお魚でどうかニャ？",
1266,"≪雪山探索≫
雪山の特産{j}氷結晶４個の納品{j}なし{j}なし{j}メインターゲットの達成{j}報酬金ゼロ
タイムアップ{j}ギルド専属の情報屋{j}雪山ならではの素材が
ごろごろしている穴場を
見つけたぞ。
ぜひ、行ってみてくれ。
ポーチ満載で帰れば、
情報代分の価値はあると
思うぜ。",
1267,"≪火山探索≫
火山の特産{j}燃石炭４個の納品{j}なし{j}なし{j}メインターゲットの達成{j}報酬金ゼロ
タイムアップ{j}ギルド専属の情報屋{j}火山ならではの素材が
ごろごろしている穴場を
見つけたぞ。
ぜひ、行ってみてくれ。
ポーチ満載で帰れば、
情報代分の価値はあると
思うぜ。",
1268,"≪高地探索≫
高地の特産・昼{j}あめ葉４個の納品{j}特産キノコ６個の納品{j}厳選キノコ２個の納品{j}メインターゲット、もしくは
サブターゲットＡかＢの達成{j}報酬金ゼロ
タイムアップ{j}ギルド専属の情報屋{j}未踏の山岳地帯、≪高地≫
での採取依頼だ。未踏の大地
での、未知の素材の採取。
どうだ？ハンターとしては
狩猟でなくても興味津津だろ
う？まぁいってみるといいさ。",
1269,"≪高地探索≫
高地の特産・夜{j}あめ葉４個の納品{j}特産キノコ６個の納品{j}厳選キノコ２個の納品{j}メインターゲット、もしくは
サブターゲットＡかＢの達成{j}報酬金ゼロ
タイムアップ{j}ギルド専属の情報屋{j}未踏の山岳地帯、≪高地≫
での採取依頼だ。未踏の大地
での、未知の素材の採取。
どうだ？ハンターとしては
狩猟でなくても興味津津だろ
う？まぁいってみるといいさ。",
1270,"≪沼地探索≫
沼地の赤い狩人{j}イーオス８頭の討伐{j}イーオス４頭の討伐{j}イーオス２頭の討伐{j}メインターゲット、もしくは
サブターゲットＡかＢの達成{j}報酬金ゼロ
タイムアップ{j}大衆酒場ギルド{j}≪イーオス≫８頭を討伐して
くれる方を募集します！
≪イーオス≫はランポスや、
ゲネポスに比べ一発の攻撃力
が高いので注意して下さい！",
1271,"≪樹海探索≫
魔窟{j}チャチャブー２０匹の討伐{j}チャチャブー１０匹の討伐{j}なし{j}メインターゲット、もしくは
サブターゲットＡの達成{j}報酬金ゼロ
タイムアップ{j}満身創痍のハンター{j}未開の地≪樹海≫。
どんなモンスターが生息して
いるのか確かめるべく、足を
踏み入れたのだが…。
あの仮面を思い出すだけで恐
怖が甦ってくる…。
まだ仲間が残されてるんだ！
誰か手を貸してくれ！",
1272,"≪闘技場戦≫
アイルーメラルー闘技場！{j}アイルー２０匹の討伐{j}メラルー４０匹の討伐{j}なし{j}メインターゲットもしくは
サブターゲットＡの達成{j}報酬金ゼロ
タイムアップ{j}闘技場の主催者{j}アイルーとメラルーが待ち受
ける闘技場に、ドスランポス
２頭までもが迷い込んだ！！
メインターゲットはアイルー
２０匹の討伐となるが、サブ
ターゲットのメラルー４０匹
討伐を満たせば豪華報酬が！？",
1273,"≪密林探索≫
怪鳥のいななきを追って{j}イャンクック１頭の狩猟{j}竜のナミダ２個の納品{j}ランゴスタ２０匹の討伐{j}メインターゲット、もしくは
サブターゲットＡかＢの達成{j}報酬金ゼロ
タイムアップ{j}大衆酒場ギルド{j}この密林で鳥のような奇声が
聞こえたら、それは間違いな
く怪鳥≪イャンクック≫ね！
イャンクックが狩猟できれば
狩りの腕もなかなかのもので
す！耳元で音を鳴らせばナミ
ダをこぼすこともあるとか？",
1274,"≪砂漠探索≫
砂の中を泳ぐ竜{j}ドスガレオス１頭の狩猟{j}魚竜のキモ６個の納品{j}ガレオス８頭の討伐{j}メインターゲット、もしくは
サブターゲットＡかＢの達成{j}報酬金ゼロ
タイムアップ{j}大衆酒場ギルド{j}砂の中を自在に泳ぐガレオス
たちは、とにかく狩猟が大変
で、ボスの≪ドスガレオス≫
ときたら、それはもう根気と
の戦いといっても過言じゃ
ないです！大きな音や衝撃で
地上に出すのが大事ですよ！",
1275,"≪火山探索≫
毒を統べる毒{j}ドスイーオス１頭の狩猟{j}イーオス１５頭の討伐{j}なし{j}メインターゲット、もしくは
サブターゲットＡの達成{j}報酬金ゼロ
タイムアップ{j}大衆酒場ギルド{j}火山地帯で≪ドスイーオス≫
を狩猟するのは、少し面倒か
も知れないです！体力を消耗
したドスイーオスは、狩人が
体力を消耗する、嫌な場所に
逃げ込む可能性があります！
逃さないのがコツですよ！",
1276,"≪密林探索≫
水辺のダイミョウ{j}ダイミョウザザミ１匹の狩猟{j}ザザミソ８個の納品{j}ダイミョウザザミのヤド破壊{j}メインターゲット、もしくは
サブターゲットＡかＢの達成{j}報酬金ゼロ
タイムアップ{j}大衆酒場ギルド{j}この季節の水辺には、盾蟹
≪ダイミョウザザミ≫が姿を
現すことがあります！硬い殻
に守られた体にダメージを与
えるのは容易くないですよ！
ヤオザミから≪ザザミソ≫を
剥いで納めてもＯＫですよ！",
1277,"≪密林探索≫
桃毛獣のなわばり{j}ババコンガ１頭の狩猟{j}コンガ３頭の討伐{j}厳選キノコ２個の納品{j}メインターゲット、もしくは
サブターゲットＡかＢの達成{j}報酬金ゼロ
タイムアップ{j}大衆酒場ギルド{j}桃毛獣≪ババコンガ≫は
食い意地の張った牙獣で、
特にキノコ系の食べ物には
目がないって話です！
もちろん子分のコンガも
キノコが大好き！
特産キノコを多めに
持ってれば出てくるかも
知れません。",
1278,"≪密林探索≫
猪たちの長を狩猟せよ！{j}ドスファンゴ１頭の狩猟{j}ランゴスタ２０匹の討伐{j}ロイヤルカブト５匹の納品{j}メインターゲット、もしくは
サブターゲットＡかＢの達成{j}報酬金ゼロ
タイムアップ{j}大衆酒場ギルド{j}密林にはブルファンゴの長
である≪ドスファンゴ≫が
姿を現すことが多いです！
かなりタフな相手なので、
討伐ではなく≪シビレ罠≫
などを使い捕獲してしまう
のも有効な手段ですよ！",
1279,"≪砂漠探索≫
砂漠に跳ねる狩人{j}ドスゲネポス１頭の狩猟{j}ゲネポス１２頭の討伐{j}百花サボテン４個の納品{j}メインターゲット、もしくは
サブターゲットＡかＢの達成{j}報酬金ゼロ
タイムアップ{j}大衆酒場ギルド{j}砂漠に群れるゲネポスの親玉
≪ドスゲネポス≫は、一回り
大きな体に鋭い爪が特徴です！
ドスゲネポスの狩猟が困難な
場合は、≪マカ漬けの壷≫に
≪サボテンの花≫を入れて、
≪百花サボテン≫の納品を！",
1280,"≪密林探索≫
青き狩人の生息地{j}ドスランポス１頭の狩猟{j}肉食竜の卵４個の納品{j}ランポス１２頭の討伐{j}メインターゲット、もしくは
サブターゲットＡかＢの達成{j}報酬金ゼロ
タイムアップ{j}大衆酒場ギルド{j}密林をエサ場とする、青き
狩人≪ドスランポス≫１頭
を狩猟してください！
狩人としての狩りの腕前を
計るには丁度よい相手です！
この季節なら子分のランポス
も少ないので、好機ですよ！",
1281,"≪防具≫
初心者防具生産【ククボ】{j}イャンクック１頭の狩猟{j}なし{j}なし{j}メインターゲットの達成{j}報酬金ゼロ
タイムアップ{j}ハンターズギルド{j}初心者ハンターにオススメの
防具「ククボシリーズ」が
生産できる依頼です。
イャンクックを狩猟すると、
「ククボシリーズ」５部位分
の生産素材と、ＬＶ７までの
強化素材が入手できます。
今後の狩猟生活にぜひお役立
てください。",
1282,"≪防具≫
初心者防具強化【ククボＦ】{j}ヒプノック１頭の狩猟{j}なし{j}なし{j}メインターゲットの達成{j}報酬金ゼロ
タイムアップ{j}ハンターズギルド{j}「ククボシリーズ」の防具
を生産・強化したハンター
向けの依頼です。
ヒプノックを狩猟すると、
「ククボＦシリーズ」ＬＶ７
までの強化に必要な素材が
入手できます。",
1283,"≪防具≫
凄腕防具強化【コルーデ】{j}アカムトルム変種１頭{j}なし{j}なし{j}メインターゲットの討伐{j}報酬金ゼロ
タイムアップ{j}ハンターズギルド{j}ガイドから受け取った
「コルーデFYシリーズ」の
防具を強化するハンター向け
の依頼です。
アカムトルムを討伐すると、
「コルーデFYシリーズ」１部
位分の強化に必要な素材が入
手できます。
今後の狩猟生活にぜひお役立
てください。",
1284,"≪防具≫
防具生産！【鬼神／童子】{j}ラージャン１頭の討伐{j}ティガレックス１頭の討伐{j}なし{j}マストオーダー全ての達成{j}報酬金ゼロ
タイムアップ{j}武具工房の親方{j}そこのアンタ！
ＨＲ７１になったんだってな。
そこで頼みがあるんだが、
報酬は防具の素材一式でどう
だ？
なーに簡単な依頼さ、ひとっ
走り行ってラージャンとティ
ガレックスを討伐してくれれ
ばいい。頼んだぜ！",
1285,"≪防具≫
剛種防具生産・強化【弩岩竜】{j}オディバトラス１頭の撃退{j}なし{j}なし{j}メインターゲットの達成{j}報酬金ゼロ
タイムアップ{j}ハンターズギルド{j}凄腕になったハンター
にオススメの
「オディバシリーズ」
≪剛種防具≫が生産・強化で
きる依頼です。
オディバトラスを撃退すると、
「オディバシリーズ」１部位
分の生産・強化素材が入手で
きます。",
1286,"≪防具≫
天嵐防具強化【弩岩竜】{j}？？？の討伐{j}なし{j}なし{j}メインターゲットの達成{j}報酬金ゼロ
タイムアップ{j}ハンターズギルド{j}≪弩岩竜≫の≪剛種防具≫を
生産・強化したハンター向け
の依頼です。
沼地に現れた謎のモンスター
を討伐することで
「オディバＦシリーズ」
≪天嵐防具≫ＬＶ７までの
強化に必要な素材が入手でき
ます。",
1287,"≪防具≫
覇種防具強化【弩岩竜】{j}オディバトラス１頭の撃退{j}なし{j}なし{j}メインターゲットの達成{j}報酬金ゼロ
タイムアップ{j}ハンターズギルド{j}≪弩岩竜≫の≪天嵐防具≫を
所持しているハンター向けの
依頼です。
オディバトラスを撃退するこ
とで「オディバFXシリーズ」
≪覇種防具≫ＬＶ７までの
強化に必要な素材が入手でき
ます。",
1288,"≪防具≫
剛種防具生産・強化【喰血竜】{j}バルラガル１頭の狩猟{j}なし{j}なし{j}メインターゲットの達成{j}報酬金ゼロ
タイムアップ{j}ハンターズギルド{j}凄腕になったハンター
にオススメの
「ストロマシリーズ」
≪剛種防具≫が生産・強化で
きる依頼です。
バルラガルを狩猟すると、
「ストロマシリーズ」１部位
分の生産・強化素材が入手で
きます。",
1289,"≪防具≫
天嵐防具強化【喰血竜】{j}？？？の討伐{j}なし{j}なし{j}メインターゲットの達成{j}報酬金ゼロ
タイムアップ{j}ハンターズギルド{j}≪喰血竜≫の≪剛種防具≫を
生産・強化したハンター向け
の依頼です。
沼地に現れた謎のモンスター
を討伐することで
「ストロマＦシリーズ」
≪天嵐防具≫ＬＶ７までの
強化に必要な素材が入手でき
ます。",
1290,"≪防具≫
覇種防具強化【喰血竜】{j}ゴルガノス１頭の撃退{j}アルガノス１頭の撃退{j}なし{j}マストオーダー全ての達成{j}報酬金ゼロ
タイムアップ{j}ハンターズギルド{j}≪喰血竜≫の≪天嵐防具≫を
所持しているハンター向けの
依頼です。
アルガノスとゴルガノスを
撃退することで
「ストロマFXシリーズ」
≪覇種防具≫ＬＶ７までの
強化に必要な素材が入手でき
ます。",
1291,"≪古龍クエスト≫
シュレイド城での決戦！{j}ミラボレアス１体の討伐{j}なし{j}なし{j}メインターゲットの達成{j}報酬金ゼロ
タイムアップ{j}古龍観測局{j}伝説とされていた黒き龍が、
≪シュレイド城≫にて、その
姿を現わしたようです！黒龍
伝説の物語では、黒龍が世界
に災いをもたらすと語られて
います！伝説が現実にならな
いよう全力で撃退して下さい！",
1292,"≪古龍クエスト≫
紅き怒りを追撃せよ！{j}ミラボレアス１体の討伐{j}なし{j}なし{j}メインターゲットの達成{j}報酬金ゼロ
タイムアップ{j}古龍観測局{j}伝説の黒龍、ミラボレアスが
前人未踏の火山の最奥地にて
なにやら良からぬ動きをして
いるようです！！このままで
は世界に災厄が降り注ぐかも
知れません！火山へと急行し
怒れる黒龍を撃退して下さい！",
1293,"≪古龍クエスト≫
祖龍{j}ミラボレアス１体の討伐{j}なし{j}なし{j}メインターゲットの達成{j}報酬金ゼロ
タイムアップ{j}古龍観測局{j}謎多き未開の地≪古塔≫にて、
当局の文献にも、一切の記録
が無い、未観測の≪生物≫が
確認されました。まさか、
ある書物にのみ記されている
という≪白き龍≫が現れたと
いうのでしょうか...。",
1294,"≪特別イベントクエスト≫
絶峰を越えし者【ＨＲ５】{j}地図１個の納品{j}なし{j}なし{j}メインターゲットの達成{j}報酬金ゼロ
タイムアップ{j}ハンターズギルド{j}ＨＲ５達成、おめでとう
ございます！お１人で
≪地図≫を納品していただき、
クエストをクリアして、報酬
を手に入れましょう！",
1295,"≪特別イベントクエスト≫
絶峰を越えし者【ＨＲ６】{j}地図１個の納品{j}なし{j}なし{j}メインターゲットの達成{j}報酬金ゼロ
タイムアップ{j}ハンターズギルド{j}ＨＲ６達成、おめでとう
ございます！お１人で
≪地図≫を納品していただき、
クエストをクリアして、報酬
を手に入れましょう！",
1296,"≪特別イベントクエスト≫
絶峰を越えし者【ＨＲ７】{j}地図１個の納品{j}なし{j}なし{j}メインターゲットの達成{j}報酬金ゼロ
タイムアップ{j}ハンターズギルド{j}ＨＲ７達成、おめでとう
ございます！お１人で
≪地図≫を納品していただき、
クエストをクリアして、報酬
を手に入れましょう！",
1297,"≪沼地探索≫
【緊急】未知なる種、獰竜{j}アビオルグ１頭の狩猟{j}なし{j}なし{j}メインターゲットの達成{j}報酬金ゼロ
タイムアップ{j}メゼポルタ猟団組合{j}アビオルグが沼地に
現れたとの報告がありました。
まだ、アビオルグに関しては
謎の多いままですが、
少しずつ調査は進んでいる
ようです。
更なる協力をお願いします。",
1298,"≪潮島探索≫
潮島の多殻蟹{j}タイクンザムザ１匹の狩猟{j}なし{j}なし{j}メインターゲットの達成{j}報酬金ゼロ
タイムアップ{j}メゼポルタ猟団組合{j}潮島の洞窟を調査中の団員よ
り、洞窟の奥深くから地響き
が聞こえることがあるとの
報告がありました。
また、団員の中には
大きな岩が動くのを見た者も
おり不安が広がっています。
未知のモンスターが生息して
いる可能性があるため調査を
お願いします。",
1299,"≪樹海探索≫
樹海の眠鳥{j}ヒプノック１頭の狩猟{j}なし{j}なし{j}メインターゲットの達成{j}報酬金ゼロ
タイムアップ{j}地理研究員{j}開拓の最前線に現れた樹海。
踏み入ることも困難なこの地
に生態も分からぬ新種がいる
となれば、安全の確保が研究
の第一歩だ。
ハンター諸君のお手並み拝見
といこう。",
1300,"≪密林探索≫
女王の棲まう土地{j}リオレイア１頭の狩猟{j}リオレイアの尻尾切断{j}ロイヤルカブト２０匹の納品{j}メインターゲット、もしくは
サブターゲットＡかＢの達成{j}報酬金ゼロ
タイムアップ{j}大衆酒場ギルド{j}≪リオレイア≫の別名は陸の
女王！その異名は決してウソ
じゃなく、何人もの狩人が
彼女の前に屈してるんです！
≪リオレイア≫を狩れたなら
それは狩人として独り立ちを
意味するでしょう！",
1301,"≪高地探索≫
高地の蛮竜{j}グレンゼブル１頭の狩猟{j}なし{j}なし{j}メインターゲットの達成{j}報酬金ゼロ
タイムアップ{j}メゼポルタ猟団組合{j}未踏の地、高地。
新たに発見されたこの地で、
ついに新しく飛竜が発見され
たようです。力強い姿から
≪蛮竜≫と名付けられた飛竜。
今回はそれの狩猟依頼となり
ます。新天地での狩りを体験
してみてはいかがでしょうか？",
1302,"≪古塔探索≫
凍れる塔{j}デュラガウア１頭の狩猟{j}なし{j}なし{j}メインターゲットの達成{j}報酬金ゼロ
タイムアップ{j}メゼポルタ猟団組合{j}古塔の、火竜たちが集う秘境
をご存じですか？探検隊によ
ると、どうやら火竜たちの
秘境とは別に、何者かが住む
秘境があるようです。噂によ
ると、火竜ではなく、氷の竜
の目撃談があるとか…。調査
をお願いいたします。",
1303,"≪火山探索≫
赤き海の支配者{j}ヴォルガノス１頭の狩猟{j}主目標への一定ダメージ{j}なし{j}メインターゲット、もしくは
サブターゲットＡの達成{j}報酬金ゼロ
タイムアップ{j}大衆酒場ギルド{j}大老殿ギルドの要請で新しい
サブターゲットの試用が勧め
られることになりました。
≪ヴォルガノス≫への『一定
ダメージ』は、当ギルドで判
断しますので、皆さんはメイ
ンターゲットの達成に専念し
てくだされば結構ですよ！",
1304,"≪森丘探索≫
空の王{j}リオレウス１頭の狩猟{j}飛竜の卵４個の納品{j}チャチャブー４匹の討伐{j}メインターゲット、もしくは
サブターゲットＡかＢの達成{j}報酬金ゼロ
タイムアップ{j}大老殿ギルド{j}遥かなる大地、≪森丘≫には
ある飛竜種が君臨している。
正統な強さを誇る正統な大空
の王は≪リオレウス≫と呼ば
れているわ…。彼の巣にある
卵を持ち帰る者も、その比類
なき勇気を認められるわ。",
1305,"≪雪山探索≫
金獅子{j}ラージャン１頭の狩猟{j}なし{j}なし{j}メインターゲットの達成{j}報酬金ゼロ
タイムアップ{j}大老殿ギルド{j}極寒の地の果てで、恐ろしい
モンスターが目撃されたよう
だわ…。そのものの力は唯一
古龍に匹敵すると伝えられて
いて、その姿は金色に輝くと
も語られる。そのものを見て
生還した狩人は居ないわ…。",
1306,"≪沼地探索≫
気高き雌響狼{j}ノノ・オルガロン１頭の狩猟{j}なし{j}なし{j}メインターゲットの達成{j}報酬金ゼロ
タイムアップ{j}大老殿ギルド{j}現在、沼地の洞窟のほうで、
繰り返し獣の咆哮が響いて
います。どうやら、噂にきく
響狼がこの地方にもやって
きたようです…。雌の個体
≪ノノ・オルガロン≫は、
白色の牙獣種ですが、ギルド
のほうでも情報が少ないため、
調査と狩猟をお願いします。",
1307,"≪峡谷探索≫
狂食の権化{j}パリアプリア１頭の狩猟{j}なし{j}なし{j}メインターゲットの達成{j}報酬金ゼロ
タイムアップ{j}大老殿ギルド{j}峡谷に呑竜が現れたようね…。
呑竜には、特に欲される素材
もないから、いつもならギル
ドも狩猟手配はしないのだけ
れど、今回は、ある筋からの
依頼があるので、特別に支給
品付きで狩猟を発注するわ…。
有効に使うことね…。",
1308,"≪樹海頂部探索≫
蒼白眠鳥目撃報告{j}ヒプノック希少種１頭の狩猟{j}なし{j}なし{j}メインターゲットの達成{j}報酬金ゼロ
タイムアップ{j}メゼポルタ猟団組合{j}樹海の頂部。
まるで秘境のような地域に
迷い込んだハンターが、
ヒプノックの新種を目撃
したようです。
その姿は、見たことも
ないような蒼白い姿だった
とか…。大至急、調査を
お願いします！",
1309,"≪古塔探索≫
渾身の一撃{j}エスピナス亜種１頭の狩猟{j}なし{j}なし{j}メインターゲットの達成{j}報酬金ゼロ
タイムアップ{j}メゼポルタ猟団組合{j}樹海に程近い塔の頂に、エス
ピナスの亜種が出現しました。
王立古生物書士隊の残した文
献によれば、力を溜めて繰り
出す渾身の一撃には、防御は
一切役に立たなかったという
記述が残っています。
ご注意ください。",
1310,"≪高地探索≫
瞬光！高地の晶竜{j}クアルセプス１頭の狩猟{j}なし{j}なし{j}メインターゲットの達成{j}報酬金ゼロ
タイムアップ{j}メゼポルタ猟団組合{j}調査員から緊急報告があった。
高地で誰も見たことのない、
モンスターを発見とのこと。
首と尻尾が長く、強靭な四肢
があり、翼はないそうだ。
背面は硬質化しており、水晶
が生えているように見える。
まだ、未解明な点も多いので、
注意して調査してくれ。",
1311,"≪雪山探索≫
放たれし冥雷{j}ドラギュロス１頭の狩猟{j}なし{j}なし{j}メインターゲットの達成{j}報酬金ゼロ
タイムアップ{j}メゼポルタ猟団組合{j}雪山で新種と思われる飛竜が
目撃されました。目撃者に
よると、見た目はあの
≪ベルキュロス≫に似ていた
ようなのですが、雷ではない、
何かを放ってきたとか…。
もしかしたら亜種なのかも
しれません。急ぎ調査を
お願いいたします。",
1312,"≪拠点迎撃戦≫
【緊急】防衛・双極の脅威{j}ルコディオラ１体の討伐{j}なし{j}なし{j}メインターゲットの達成{j}報酬金ゼロ　タイムアップ
拠点の耐久値ゼロ{j}ハンターズギルド{j}≪ルコディオラ≫≪極龍≫と
名付けられたそれが、
≪迎撃拠点≫に迫っています。
十分な支給品、迎撃兵器、
そして剥ぎ取り職人と、万全
の態勢を整えさせていただき
ましたので、討伐をお願い
します！",
1313,"≪密林探索≫
密林の特産【下位】{j}地図１個の納品{j}なし{j}なし{j}メインターゲットの達成{j}報酬金ゼロ
タイムアップ{j}ハンターズギルド{j}≪密林≫は、
ギルドでも調査中の地
ですが、ハンターさんも、
採取、調査のために
一度行ってみてはいかがで
しょうか？
帰りたくなったら地図を
納品してください！",
1314,"≪沼地探索≫
沼地の特産【下位】{j}地図１個の納品{j}なし{j}なし{j}メインターゲットの達成{j}報酬金ゼロ
タイムアップ{j}ハンターズギルド{j}≪沼地≫は、
ギルドでも調査中の地
ですが、ハンターさんも、
採取、調査のために
一度行ってみてはいかがで
しょうか？
帰りたくなったら地図を
納品してください！",
1315,"≪雪山探索≫
雪山の特産【下位】{j}地図１個の納品{j}なし{j}なし{j}メインターゲットの達成{j}報酬金ゼロ
タイムアップ{j}ハンターズギルド{j}≪雪山≫は、
ギルドでも調査中の地
ですが、ハンターさんも、
採取、調査のために
一度行ってみてはいかがで
しょうか？
帰りたくなったら地図を
納品してください！",
1316,"≪火山探索≫
火山の特産【下位】{j}地図１個の納品{j}なし{j}なし{j}メインターゲットの達成{j}報酬金ゼロ
タイムアップ{j}ハンターズギルド{j}≪火山≫は、
ギルドでも調査中の地
ですが、ハンターさんも、
採取、調査のために
一度行ってみてはいかがで
しょうか？
帰りたくなったら地図を
納品してください！",
1317,"≪樹海探索≫
樹海の特産【下位】{j}地図１個の納品{j}なし{j}なし{j}メインターゲットの達成{j}報酬金ゼロ
タイムアップ{j}ハンターズギルド{j}≪樹海≫は、
ギルドでも調査中の地
ですが、ハンターさんも、
採取、調査のために
一度行ってみてはいかがで
しょうか？
帰りたくなったら地図を
納品してください！",
1318,"≪高地探索≫
高地の特産・昼【下位】{j}地図１個の納品{j}なし{j}なし{j}メインターゲットの達成{j}報酬金ゼロ
タイムアップ{j}ハンターズギルド{j}≪高地≫は、
ギルドでも調査中の地
ですが、ハンターさんも、
採取、調査のために
一度行ってみてはいかがで
しょうか？
帰りたくなったら地図を
納品してください！",
1319,"≪高地探索≫
高地の特産・夜【下位】{j}地図１個の納品{j}なし{j}なし{j}メインターゲットの達成{j}報酬金ゼロ
タイムアップ{j}ハンターズギルド{j}≪高地≫は、
ギルドでも調査中の地
ですが、ハンターさんも、
採取、調査のために
一度行ってみてはいかがで
しょうか？
帰りたくなったら地図を
納品してください！",
1320,"≪潮島探索≫
潮島の特産【下位】{j}地図１個の納品{j}なし{j}なし{j}メインターゲットの達成{j}報酬金ゼロ
タイムアップ{j}ハンターズギルド{j}≪潮島≫は、
ギルドでも調査中の地
ですが、ハンターさんも、
採取、調査のために
一度行ってみてはいかがで
しょうか？
帰りたくなったら地図を
納品してください！",
1321,"≪スペリアクエスト≫
PNRP/武器熟練度&PRP大幅UP{j}イャンクック１頭の狩猟{j}なし{j}なし{j}メインターゲットの達成{j}報酬金ゼロ
タイムアップ{j}エフィー{j}本クエストは、パートナーや
パートニャーの評価が格段に
上昇するクエストです。
クエストの受注には、
≪スペリアチケット≫が必要
になります。
クエストを失敗した場合、
≪スペリアチケット≫は消費
されますのでご注意ください。",
1322,"≪剛種クエスト≫
剛帝！帝征龍{j}グァンゾルム１体の撃退{j}なし{j}なし{j}メインターゲットの達成{j}報酬金ゼロ
タイムアップ{j}ハンターズギルド{j}ギルドが派遣した調査団によ
り未確認の古龍が発見され
ました。
その生態は謎に包まれていま
すが、小型飛竜の群れを巧み
に操りハンターを襲ってくる
そうです。
古龍が確認された『雲見砦』
へ向かい調査をお願いします。",
1323,"≪沼地探索≫
沼地の特産【上位】{j}地図１個の納品{j}なし{j}なし{j}メインターゲットの達成{j}報酬金ゼロ
タイムアップ{j}ハンターズギルド{j}≪沼地≫の奥深くは、
ギルドでも調査中の地
ですが、ハンターさんも、
採取、調査のために
一度行ってみてはいかがで
しょうか？
帰りたくなったら地図を
納品してください！",
1324,"≪雪山探索≫
雪山の特産【上位】{j}地図１個の納品{j}なし{j}なし{j}メインターゲットの達成{j}報酬金ゼロ
タイムアップ{j}ハンターズギルド{j}≪雪山≫の奥深くは、
ギルドでも調査中の地
ですが、ハンターさんも、
採取、調査のために
一度行ってみてはいかがで
しょうか？
帰りたくなったら地図を
納品してください！",
1325,"≪火山探索≫
火山の特産【上位】{j}地図１個の納品{j}なし{j}なし{j}メインターゲットの達成{j}報酬金ゼロ
タイムアップ{j}ハンターズギルド{j}≪火山≫の奥深くは、
ギルドでも調査中の地
ですが、ハンターさんも、
採取、調査のために
一度行ってみてはいかがで
しょうか？
帰りたくなったら地図を
納品してください！",
1326,"≪峡谷探索≫
峡谷の特産【上位】{j}地図１個の納品{j}なし{j}なし{j}メインターゲットの達成{j}報酬金ゼロ
タイムアップ{j}ハンターズギルド{j}≪峡谷≫の奥深くは、
ギルドでも調査中の地
ですが、ハンターさんも、
採取、調査のために
一度行ってみてはいかがで
しょうか？
帰りたくなったら地図を
納品してください！",
1327,"≪高地探索≫
高地の特産・昼【上位】{j}地図１個の納品{j}なし{j}なし{j}メインターゲットの達成{j}報酬金ゼロ
タイムアップ{j}ハンターズギルド{j}≪高地≫の奥深くは、
ギルドでも調査中の地
ですが、ハンターさんも、
採取、調査のために
一度行ってみてはいかがで
しょうか？
帰りたくなったら地図を
納品してください！",
1328,"≪高地探索≫
高地の特産・夜【上位】{j}地図１個の納品{j}なし{j}なし{j}メインターゲットの達成{j}報酬金ゼロ
タイムアップ{j}ハンターズギルド{j}≪高地≫の奥深くは、
ギルドでも調査中の地
ですが、ハンターさんも、
採取、調査のために
一度行ってみてはいかがで
しょうか？
帰りたくなったら地図を
納品してください！",
1329,"≪潮島探索≫
潮島の特産【上位】{j}地図１個の納品{j}なし{j}なし{j}メインターゲットの達成{j}報酬金ゼロ
タイムアップ{j}ハンターズギルド{j}≪潮島≫の奥深くは、
ギルドでも調査中の地
ですが、ハンターさんも、
採取、調査のために
一度行ってみてはいかがで
しょうか？
帰りたくなったら地図を
納品してください！",
1330,"≪花畑探索≫
花畑の特産【凄腕】{j}地図１個の納品{j}なし{j}なし{j}メインターゲットの達成{j}報酬金ゼロ
タイムアップ{j}ハンターズギルド{j}≪花畑≫に未開拓の地が
発見されました。
ギルドでも調査中ですが、
ハンターさんも、
採取、調査のために
一度行ってみてはいかがで
しょうか？
帰りたくなったら地図を
納品してください！",
1331,"≪雪山探索≫
轟咆、ティガレックス{j}ティガレックス１頭の狩猟{j}なし{j}なし{j}メインターゲットの達成{j}報酬金ゼロ
タイムアップ{j}興奮気味の冒険家{j}極寒の地、雪山で≪轟竜≫
ティガレックスを見たんだ！
雪山にまで姿を現すなんて、
アイツにとっては獲物さえい
れば、そこがどんな場所だろ
うと関係ないみたいだな。",
1332,"≪狩猟技クエスト≫
狩猟技、轟竜！{j}ティガレックス１頭の討伐{j}なし{j}なし{j}メインターゲットの達成{j}報酬金ゼロ
タイムアップ{j}ハンターズギルド{j}こちらが狩猟技クエスト
≪ティガレックス≫
討伐の受付となります。
通常の狩りより若干報酬は
落ちますが、ハンター同士
で腕を磨き合ってはいかが
でしょうか！",
1333,"≪火山探索≫
火山の特産【凄腕】{j}地図１個の納品{j}なし{j}なし{j}メインターゲットの達成{j}報酬金ゼロ
タイムアップ{j}ハンターズギルド{j}≪火山≫に未開拓の地が
発見されました。
ギルドでも調査中ですが、
ハンターさんも、
採取、調査のために
一度行ってみてはいかがで
しょうか？
帰りたくなったら地図を
納品してください！",
1334,"≪潮島探索≫
潮島の特産【凄腕】{j}地図１個の納品{j}なし{j}なし{j}メインターゲットの達成{j}報酬金ゼロ
タイムアップ{j}ハンターズギルド{j}≪潮島≫に未開拓の地が
発見されました。
ギルドでも調査中ですが、
ハンターさんも、
採取、調査のために
一度行ってみてはいかがで
しょうか？
帰りたくなったら地図を
納品してください！",
1335,"≪白湖探索≫
白湖の特産【凄腕】{j}地図１個の納品{j}なし{j}なし{j}メインターゲットの達成{j}報酬金ゼロ
タイムアップ{j}ハンターズギルド{j}≪白湖≫に未開拓の地が
発見されました。
ギルドでも調査中ですが、
ハンターさんも、
採取、調査のために
一度行ってみてはいかがで
しょうか？
帰りたくなったら地図を
納品してください！",
1336,"≪Ｇ級体験クエスト≫
スラッシュアックスＦを体験{j}グァンゾルム１体の撃退{j}なし{j}なし{j}メインターゲットの達成{j}報酬金ゼロ
タイムアップ{j}ギルドマスター{j}よくぞＨＲ５に到達した！
オヌシ達には、真に優れ
たハンターしかなれぬ
Ｇ級を目指し、精進して
欲しいと思っておる。
今回、特別にＧ級にならぬ
と扱うことが許されぬ、
≪スラッシュアックスＦ≫
を扱う機会を用意した。
試してみてはどうかな？",
1337,"≪Ｇ級体験クエスト≫
穿龍棍を体験{j}ポカラドン１頭の狩猟{j}なし{j}なし{j}メインターゲットの達成{j}報酬金ゼロ
タイムアップ{j}ギルドマスター{j}よくぞＨＲ５に到達した！
オヌシ達には、真に優れ
たハンターしかなれぬ
Ｇ級を目指し、精進して
欲しいと思っておる。
今回、特別にＧ級にならぬ
と扱うことが許されぬ、
≪穿龍棍≫を扱う機会を
用意した。
試してみてはどうかな？",
1338,"≪剛種クエスト≫
剛鬼！紅蓮獅子{j}ヴォージャン１頭の討伐{j}なし{j}なし{j}メインターゲットの達成{j}報酬金ゼロ
タイムアップ{j}ハンターズギルド{j}火山に派遣されていた調査団
より巨大な影を見たとの報告
が入りました。
その影は大きな角を有し、
まるで鬼のようなシルエット
をしていたといいます。
引き続き、ハンターの皆様に
調査を依頼します。",
1339,"≪特別イベントクエスト≫
年間特典クエスト９年目{j}年間特典生産券１枚の納品{j}なし{j}なし{j}メインターゲットの達成{j}報酬金ゼロ
タイムアップ{j}エフィー{j}９年間ＭＨＦを遊んでくれて
ありがとうございます！
≪ガルバポプラ≫を装備し、
≪年間特典生産券≫１枚を
納品すると≪感謝の証Ⅸ≫を
７７枚プレゼントいたします。
≪感謝の証Ⅸ≫から
≪ハルド・プラタ≫（ヘビィ
ボウガン）が生産可能です。",
1340,"≪Ｇ装飾品クエスト≫
剣捌珠Ｇと霞龍【下位】{j}オオナズチ１体の討伐{j}なし{j}なし{j}メインターゲットの達成{j}報酬金ゼロ
タイムアップ{j}ハンターズギルド{j}各地で変わったモンスターの
個体が確認されています。
普通のモンスターと比べて、
見た目も異なり非常に強力で、
通常では考えられない行動を
取ってくるそうです。
何とか調査をお願いします。
報酬は貴重な装飾品素材です。",
1341,"≪Ｇ装飾品クエスト≫
弾装珠Ｇと炎王龍【上位】{j}テオ・テスカトル１体の討伐{j}なし{j}なし{j}メインターゲットの達成{j}報酬金ゼロ
タイムアップ{j}ハンターズギルド{j}各地で変わったモンスターの
個体が確認されています。
普通のモンスターと比べて、
見た目も異なり非常に強力で、
通常では考えられない行動を
取ってくるそうです。
何とか調査をお願いします。
報酬は貴重な装飾品素材です。",
1342,"≪Ｇ装飾品クエスト≫
避剣珠Ｇと鋼龍【剛種】{j}クシャルダオラ１体の討伐{j}なし{j}なし{j}メインターゲットの達成{j}報酬金ゼロ
タイムアップ{j}ハンターズギルド{j}花畑でクシャルダオラが
暴れているようです。
危険かとは思いますが、
何とか調査をお願いします。
報酬は貴重な装飾品素材です。",
1343,"≪遷悠クエスト≫
獄狼竜{j}ジンオウガ亜種１頭の狩猟{j}なし{j}なし{j}メインターゲットの達成{j}報酬金ゼロ
タイムアップ{j}ハンターズギルド{j}調査隊が≪雪山≫で発見した
モンスターの足跡から
帯電した蝕龍蟲を検出した
との報告がありました。
新たな亜種モンスターの
可能性があります！しかし、
それ以降は調査隊からの
連絡が途絶えたままです！
至急、現地に向かって下さい！",
1344,"≪遷悠クエスト≫
密林に潜む黒き影{j}ナルガクルガ１頭の狩猟{j}なし{j}なし{j}メインターゲットの達成{j}報酬金ゼロ
タイムアップ{j}モンスター研究員{j}遷悠種の出現により、各地の
調査を進めたところ、密林に
迅竜・ナルガクルガが新たに
観測されました。
遭遇した調査員の報告による
と、今まで観測されていない
行動を行うとのことです。
モンスターの行動にはくれ
ぐれも注意して下さい！",
1345,"≪遷悠クエスト≫
脅威！火山の鉄槌{j}ウラガンキン１頭の狩猟{j}なし{j}なし{j}メインターゲットの達成{j}報酬金ゼロ
タイムアップ{j}遷悠種研究家{j}火山に
爆鎚竜・ウラガンキンが
現れたようです。
他のハンターにも依頼を
出させて頂きましたが
未だ情報が少なく、不明
な点が多くあります。
メゼポルタの安全を守る
為、生態調査をお願いし
ます。",
1346,"≪遷悠クエスト≫
凍てつく殺意{j}ベリオロス１頭の狩猟{j}なし{j}なし{j}メインターゲットの達成{j}報酬金ゼロ
タイムアップ{j}モンスター研究員{j}遷悠種の出現により、各地の
調査を進めたところ、雪山に
氷牙竜・ベリオロスが新たに
観測されました。対峙した
ハンターの情報によると、
氷を使った攻撃を繰り出して
くるとのこと。準備を怠らぬ
ようくれぐれもご注意下さい。
",
1347,"≪遷悠クエスト≫
爆砕！ブラキディオス！{j}ブラキディオス１頭の狩猟{j}なし{j}なし{j}メインターゲットの達成{j}報酬金ゼロ
タイムアップ{j}ハンターズギルド{j}遷悠種の出現により、各地の
調査を進めたところ、火山に
すごいモンスターを発見しま
した！その名は砕竜・ブラキ
ディオス！
どんなすごいヤツなのかは、
実際に立ち会ってからの
お楽しみです！",
1348,"≪遷悠クエスト≫
貪食の恐王{j}イビルジョー１頭の狩猟{j}なし{j}なし{j}メインターゲットの達成{j}報酬金ゼロ
タイムアップ{j}ハンターズギルド{j}ねぇ…大変なことが起きて
いるみたいだわ。恐暴竜が
大暴れしているの。進行方向
は…？メゼポルタみたい。
専属のハンターさんも調査に
出ていて連絡がつかないわ！
お願い。助けて。",
1349,"≪遷悠クエスト≫
無双の狩人{j}ジンオウガ１頭の狩猟{j}なし{j}なし{j}メインターゲットの達成{j}報酬金ゼロ
タイムアップ{j}ハンターズギルド{j}ねぇ…樹海に雷狼竜が現れた
らしいわ。その動きから狩人
とも呼ばれているみたい…、
逆に狩られたりしないように
気を付けて欲しいの。アナタ
たちハンターならコワクない
かもしれないけど…。",
1350,"≪密林探索≫
【採取】温暖期の密林{j}地図１個の納品{j}なし{j}なし{j}メインターゲットの達成{j}報酬金ゼロ
タイムアップ{j}メゼポルタ猟団組合{j}近年発見されたセンショク草
は、自然を熟知した熟練者で
なければ真贋を見極めること
ができない、レアな一品です。
特定の地域でのみ見られる草
なので、ＨＲ５以上の方に
限ってご案内させていただ
いております。",
1351,"≪雪山探索≫
【採取】繁殖期の雪山{j}地図１個の納品{j}なし{j}なし{j}メインターゲットの達成{j}報酬金ゼロ
タイムアップ{j}メゼポルタ猟団組合{j}近年発見されたセンショク草
は、自然を熟知した熟練者で
なければ真贋を見極めること
ができない、レアな一品です。
特定の地域でのみ見られる草
なので、ＨＲ５以上の方に
限ってご案内させていただ
いております。",
1352,"≪樹海探索≫
【採取】繁殖期の樹海{j}地図１個の納品{j}なし{j}なし{j}メインターゲットの達成{j}報酬金ゼロ
タイムアップ{j}メゼポルタ猟団組合{j}近年発見されたセンショク草
は、自然を熟知した熟練者で
なければ真贋を見極めること
ができない、レアな一品です。
特定の地域でのみ見られる草
なので、ＨＲ５以上の方に
限ってご案内させていただ
いております。",
1353,"≪火山探索≫
【運搬】火山の火薬岩{j}火薬岩８個の納品{j}火薬岩４個の納品{j}なし{j}メインターゲット、または
サブターゲットＡの達成{j}報酬金ゼロ
タイムアップ{j}メゼポルタ猟団組合{j}大衆酒場ギルドより、火薬岩
の大口注文が入りました。
８個という数は、１人で取り
きって納品できる数ではない
ので、少なくとも２人以上で
の受注をオススメいたします。
尚、サブ達成による支給品は
ありませんので、要注意です。",
1354,"≪森丘探索≫
【運搬】森丘の卵{j}飛竜の卵８個の納品{j}飛竜の卵４個の納品{j}なし{j}メインターゲット、または
サブターゲットＡの達成{j}報酬金ゼロ
タイムアップ{j}メゼポルタ猟団組合{j}大衆酒場ギルドより、飛竜の
卵の大口注文が入りました。
８個という数は、１人で取り
きって納品できる数ではない
ので、少なくとも２人以上で
の受注をオススメいたします。
尚、サブ達成による支給品は
ありませんので、要注意です。",
1355,"≪樹海探索≫
ランゴスタ剛？発生{j}ランゴスタ４０匹の討伐{j}ランゴスタ２０匹の討伐{j}なし{j}メインターゲット、もしくは
サブターゲットＡの達成{j}報酬金ゼロ
タイムアップ{j}疲れきった冒険家{j}樹海にはもう慣れた。
ランゴスタにも慣れた。
ランゴスタの大群にも慣れた。
だけどあの大群は何かいつも
と感じが違ったんだよ。
あれがもしかして剛種って
やつなのかな…。そんなわけ
ない？まぁ何とかしてくれ…。
眠鳥も見かけたし気を付けて。",
1356,"≪樹海探索≫
カンタロス剛？発生{j}カンタロス４０匹の討伐{j}カンタロス２０匹の討伐{j}なし{j}メインターゲット、もしくは
サブターゲットＡの達成{j}報酬金ゼロ
タイムアップ{j}疲れきった冒険家{j}ランゴスタにもカンタロスに
も慣れたよ。もうよほどの
事が無い限り樹海で動じる
ことはないね。あんな大群が
来ない限りはね…。以前見た
ことがあるのとは全く別物の
大群だったよ。何とか討伐し、
荷物を取り返してきてくれ。
ああ、雌火竜？いたよ。",
1357,"≪特別イベントクエスト≫
年間特典クエスト３年目・Ⅲ{j}年間特典生産券１枚の納品{j}なし{j}なし{j}メインターゲットの達成{j}報酬金ゼロ
タイムアップ{j}エフィー{j}３年間ＭＨＦを遊んでくれて
ありがとうございます！
≪アカムパッサウェイ≫を装備
し、≪年間特典生産券≫１枚
を納品すると≪感謝の証Ⅲ≫
を１１枚プレゼントいたしま
す。≪感謝の証Ⅲ≫から
≪ヴォルインパクト≫
（ハンマー）が生産可能です。",
1358,"≪特別イベントクエスト≫
年間特典クエスト４年目・Ⅲ{j}年間特典生産券１枚の納品{j}なし{j}なし{j}メインターゲットの達成{j}報酬金ゼロ
タイムアップ{j}エフィー{j}４年間ＭＨＦを遊んでくれて
ありがとうございます！
≪ヴォルオラクル≫を装備し、
≪年間特典生産券≫１枚を
納品すると≪感謝の証Ⅳ≫を
１１枚プレゼントいたします。
≪感謝の証Ⅳ≫から
≪アクラアイン≫（双剣）が
生産可能です。",
1359,"≪遷悠クエスト≫
黒き衣を纏う竜{j}ゴア・マガラ１頭の狩猟{j}なし{j}なし{j}メインターゲットの達成{j}報酬金ゼロ
タイムアップ{j}ハンターズギルド{j}１人のモンスター研究員が
狂竜症という症状を発症した
と報告がきている。
モンスターの調査中に狂竜
ウイルスが感染したようだ。
黒蝕竜が感染原因である
可能性が非常に高い。
狂竜ウイルス拡散抑止のため
至急、現地を調査してくれ。",
1360,"≪極ノ型体験クエスト≫
片手剣を体験{j}リオレイア１頭の討伐{j}なし{j}なし{j}メインターゲットの達成{j}報酬金ゼロ
タイムアップ{j}ギルドマスター{j}よくぞＨＲ５に到達した！
オヌシ達には、真に優れ
たハンターしかなれぬ
Ｇ級を目指し、精進して
欲しいと思っておる。今回、
特別にＧ級にならぬと扱う
ことができぬ、≪極ノ型≫を
扱う機会を用意した。
試してみてはどうかな？",
1361,"≪極ノ型体験クエスト≫
双剣を体験{j}リオレイア１頭の討伐{j}なし{j}なし{j}メインターゲットの達成{j}報酬金ゼロ
タイムアップ{j}ギルドマスター{j}よくぞＨＲ５に到達した！
オヌシ達には、真に優れ
たハンターしかなれぬ
Ｇ級を目指し、精進して
欲しいと思っておる。今回、
特別にＧ級にならぬと扱う
ことができぬ、≪極ノ型≫を
扱う機会を用意した。
試してみてはどうかな？",
1362,"≪極ノ型体験クエスト≫
大剣を体験{j}リオレイア１頭の討伐{j}なし{j}なし{j}メインターゲットの達成{j}報酬金ゼロ
タイムアップ{j}ギルドマスター{j}よくぞＨＲ５に到達した！
オヌシ達には、真に優れ
たハンターしかなれぬ
Ｇ級を目指し、精進して
欲しいと思っておる。今回、
特別にＧ級にならぬと扱う
ことができぬ、≪極ノ型≫を
扱う機会を用意した。
試してみてはどうかな？",
1363,"≪極ノ型体験クエスト≫
太刀を体験{j}リオレイア１頭の討伐{j}なし{j}なし{j}メインターゲットの達成{j}報酬金ゼロ
タイムアップ{j}ギルドマスター{j}よくぞＨＲ５に到達した！
オヌシ達には、真に優れ
たハンターしかなれぬ
Ｇ級を目指し、精進して
欲しいと思っておる。今回、
特別にＧ級にならぬと扱う
ことができぬ、≪極ノ型≫を
扱う機会を用意した。
試してみてはどうかな？",
1364,"≪極ノ型体験クエスト≫
ハンマーを体験{j}リオレイア１頭の討伐{j}なし{j}なし{j}メインターゲットの達成{j}報酬金ゼロ
タイムアップ{j}ギルドマスター{j}よくぞＨＲ５に到達した！
オヌシ達には、真に優れ
たハンターしかなれぬ
Ｇ級を目指し、精進して
欲しいと思っておる。今回、
特別にＧ級にならぬと扱う
ことができぬ、≪極ノ型≫を
扱う機会を用意した。
試してみてはどうかな？",
1365,"≪極ノ型体験クエスト≫
狩猟笛を体験{j}リオレイア１頭の討伐{j}なし{j}なし{j}メインターゲットの達成{j}報酬金ゼロ
タイムアップ{j}ギルドマスター{j}よくぞＨＲ５に到達した！
オヌシ達には、真に優れ
たハンターしかなれぬ
Ｇ級を目指し、精進して
欲しいと思っておる。今回、
特別にＧ級にならぬと扱う
ことができぬ、≪極ノ型≫を
扱う機会を用意した。
試してみてはどうかな？",
1366,"≪極ノ型体験クエスト≫
ランスを体験{j}リオレイア１頭の討伐{j}なし{j}なし{j}メインターゲットの達成{j}報酬金ゼロ
タイムアップ{j}ギルドマスター{j}よくぞＨＲ５に到達した！
オヌシ達には、真に優れ
たハンターしかなれぬ
Ｇ級を目指し、精進して
欲しいと思っておる。今回、
特別にＧ級にならぬと扱う
ことができぬ、≪極ノ型≫を
扱う機会を用意した。
試してみてはどうかな？",
1367,"≪極ノ型体験クエスト≫
ガンランスを体験{j}リオレイア１頭の討伐{j}なし{j}なし{j}メインターゲットの達成{j}報酬金ゼロ
タイムアップ{j}ギルドマスター{j}よくぞＨＲ５に到達した！
オヌシ達には、真に優れ
たハンターしかなれぬ
Ｇ級を目指し、精進して
欲しいと思っておる。今回、
特別にＧ級にならぬと扱う
ことができぬ、≪極ノ型≫を
扱う機会を用意した。
試してみてはどうかな？",
1368,"≪極ノ型体験クエスト≫
スラッシュアックスＦを体験{j}リオレイア１頭の討伐{j}なし{j}なし{j}メインターゲットの達成{j}報酬金ゼロ
タイムアップ{j}ギルドマスター{j}よくぞＨＲ５に到達した！
オヌシ達には、真に優れ
たハンターしかなれぬ
Ｇ級を目指し、精進して
欲しいと思っておる。今回、
特別にＧ級にならぬと扱う
ことができぬ、≪極ノ型≫を
扱う機会を用意した。
試してみてはどうかな？",
1369,"≪極ノ型体験クエスト≫
穿龍棍を体験{j}リオレイア１頭の討伐{j}なし{j}なし{j}メインターゲットの達成{j}報酬金ゼロ
タイムアップ{j}ギルドマスター{j}よくぞＨＲ５に到達した！
オヌシ達には、真に優れ
たハンターしかなれぬ
Ｇ級を目指し、精進して
欲しいと思っておる。今回、
特別にＧ級にならぬと扱う
ことができぬ、≪極ノ型≫を
扱う機会を用意した。
試してみてはどうかな？",
1370,"≪極ノ型体験クエスト≫
ライトボウガンを体験{j}リオレイア１頭の討伐{j}なし{j}なし{j}メインターゲットの達成{j}報酬金ゼロ
タイムアップ{j}ギルドマスター{j}よくぞＨＲ５に到達した！
オヌシ達には、真に優れ
たハンターしかなれぬ
Ｇ級を目指し、精進して
欲しいと思っておる。今回、
特別にＧ級にならぬと扱う
ことができぬ、≪極ノ型≫を
扱う機会を用意した。
試してみてはどうかな？",
1371,"≪極ノ型体験クエスト≫
ヘビィボウガンを体験{j}リオレイア１頭の討伐{j}なし{j}なし{j}メインターゲットの達成{j}報酬金ゼロ
タイムアップ{j}ギルドマスター{j}よくぞＨＲ５に到達した！
オヌシ達には、真に優れ
たハンターしかなれぬ
Ｇ級を目指し、精進して
欲しいと思っておる。今回、
特別にＧ級にならぬと扱う
ことができぬ、≪極ノ型≫を
扱う機会を用意した。
試してみてはどうかな？",
1372,"≪極ノ型体験クエスト≫
弓を体験{j}リオレイア１頭の討伐{j}なし{j}なし{j}メインターゲットの達成{j}報酬金ゼロ
タイムアップ{j}ギルドマスター{j}よくぞＨＲ５に到達した！
オヌシ達には、真に優れ
たハンターしかなれぬ
Ｇ級を目指し、精進して
欲しいと思っておる。今回、
特別にＧ級にならぬと扱う
ことができぬ、≪極ノ型≫を
扱う機会を用意した。
試してみてはどうかな？",
1373,"≪彩の滝探索≫
彩の滝の特産・昼【下位】{j}地図１個の納品{j}なし{j}なし{j}メインターゲットの達成{j}報酬金ゼロ
タイムアップ{j}ハンターズギルド{j}温暖期・昼の≪彩の滝≫。
ギルドでも現在調査中の、
未開の地ですが、ハンター
さんも、採取、調査のために
一度行ってみてはいかがで
しょうか？
帰りたくなったら地図を
納品してください！",
1374,"≪彩の滝探索≫
彩の滝の特産・夜【下位】{j}地図１個の納品{j}なし{j}なし{j}メインターゲットの達成{j}報酬金ゼロ
タイムアップ{j}ハンターズギルド{j}温暖期・夜の≪彩の滝≫。
ギルドでも現在調査中の、
未開の地ですが、ハンター
さんも、採取、調査のために
一度行ってみてはいかがで
しょうか？
帰りたくなったら地図を
納品してください！",
1375,"≪お得クエスト≫
ゼニー大量獲得！【大猪】{j}ドスファンゴ１頭の狩猟{j}なし{j}なし{j}メインターゲットの達成{j}報酬金ゼロ
タイムアップ{j}ハンターズギルド{j}ハンターの狩猟生活を応援す
るため、新大闘技場で≪大猪≫
を狩猟する依頼を用意しまし
た。
この依頼を達成すれば、通常
より多い報酬金が得られます
ので、ぜひ受注して依頼を
達成しましょう。",
1376,"≪防具素材入手クエスト≫
初心者防具生産【ククボ】{j}イャンクック１頭の狩猟{j}なし{j}なし{j}メインターゲットの達成{j}報酬金ゼロ
タイムアップ{j}ハンターズギルド{j}初心者ハンターにオススメの
防具「ククボシリーズ」が
生産・強化できる依頼です。
イャンクックを狩猟すると、
「ククボシリーズ」５部位分
の生産素材と、「ククボＦシ
リーズ」ＬＶ７までの強化素
材が入手できます。
今後の狩猟生活にぜひお役立
てください。",
1377,"≪特殊素材クエスト≫
剛種防具生産・強化【弩岩竜】{j}オディバトラス１頭の撃退{j}なし{j}なし{j}メインターゲットの達成{j}報酬金ゼロ
タイムアップ{j}ハンターズギルド{j}ＨＲ５になったハンターにオ
ススメの「オディバシリーズ」
≪剛種防具≫が生産・強化で
きる依頼です。
オディバトラスを撃退すると、
「オディバシリーズ」１部位
分の生産・強化素材が入手で
きます。",
1378,"≪武器素材入手クエスト≫
初心者武器生産【イニティ】{j}ドスランポス１頭の狩猟{j}なし{j}なし{j}メインターゲットの達成{j}報酬金ゼロ
タイムアップ{j}ハンターズギルド{j}初心者ハンターにオススメの
武器「イニティシリーズ」が
生産できる依頼です。
ドスランポスを狩猟すると、
１武器種の生産素材が入手で
きます。
今後の狩猟にぜひお役立て
ください。",
1379,"≪武器素材入手クエスト≫
上位武器強化【イニティ】{j}バサルモス１頭の狩猟{j}なし{j}なし{j}メインターゲットの達成{j}報酬金ゼロ
タイムアップ{j}ハンターズギルド{j}「イニティシリーズ」の武器
を生産したハンター向けの
依頼です。
バサルモスを狩猟すると、
上位武器「シプレラシリーズ」
の生産・強化に必要な素材が
入手できます。",
1380,"≪特殊素材クエスト≫
天嵐武器強化【輝界竜】{j}ゼルレウス１頭の討伐{j}なし{j}なし{j}メインターゲットの達成{j}報酬金ゼロ
タイムアップ{j}ハンターズギルド{j}≪輝界竜≫の≪剛種武器≫を
生産したハンター向けの依頼
です。
ゼルレウスを繰り返し討伐す
ることで、≪天嵐武器≫の
強化に必要な素材が入手でき
ます。",
1381,"≪特殊素材クエスト≫
覇種武器強化【輝界竜】{j}？？？の撃退{j}なし{j}なし{j}メインターゲットの達成{j}報酬金ゼロ
タイムアップ{j}ハンターズギルド{j}≪輝界竜≫の≪天嵐武器≫を
所持しているハンター向けの
依頼です。
古塔に現れた謎のモンスター
を繰り返し撃退することで、
≪覇種武器≫の強化に必要な
素材が入手できます。",
1382,"≪装飾品入手クエスト≫
モンスターを見失うあなたへ{j}モス８頭の討伐{j}なし{j}なし{j}メインターゲットの達成{j}報酬金ゼロ
タイムアップ{j}ハンターズギルド{j}モンスターを見失ってしまう
ハンターの皆さまへ

ペイントボールを外して
しまい、見失った経験は
ありませんか？
そんなあなたへ装飾品を
用意致しました。",
1383,"≪装飾品入手クエスト≫
初心者装飾品【４種】{j}特産キノコ２個の納品{j}なし{j}なし{j}メインターゲットの達成{j}報酬金ゼロ
タイムアップ{j}ハンターズギルド{j}初心者ハンターにオススメの
装飾品４種が入手できる依頼
です。
密林で≪特産キノコ≫を納品
すると、≪怪力珠≫≪腕力珠≫
≪防音珠≫≪強精珠≫を
各１０個ずつ入手することが
できます。",
1384,"≪装飾品入手クエスト≫
上位装飾品【剛力珠】{j}ゲリョス１頭の狩猟{j}なし{j}なし{j}メインターゲットの達成{j}報酬金ゼロ
タイムアップ{j}ハンターズギルド{j}ＨＲ３になったハンター
にオススメの装飾品≪剛力珠≫
が入手できる依頼です。
ゲリョスを狩猟すると、攻撃
力を高める装飾品≪剛力珠≫
を入手することができます。
ぜひ今後の狩猟生活にお役立
てください。",
1385,"≪遷悠クエスト≫
天を廻りて戻り来よ{j}シャガルマガラ１体の討伐{j}なし{j}なし{j}メインターゲットの達成{j}報酬金ゼロ
タイムアップ{j}ハンターズギルド{j}立ち入るものも絶えた深山で
空を舞う龍が観測された。
純白に輝くその姿には、神々
しさすら感じたと言う。
天を廻り戻り来たるもの。
彼の地に語り継がれる天廻龍
が現れたのか…
腕に自信があるなら、討伐に
向かってくれ。",
1386,"≪Ｇ装飾品クエスト≫
剣護珠Ｇと炎王龍【剛種】{j}テオ・テスカトル１体の討伐{j}なし{j}なし{j}メインターゲットの達成{j}報酬金ゼロ
タイムアップ{j}ハンターズギルド{j}沼地でテオ・テスカトルが暴
れているのが確認されました。
何かと危険かとは思いますが、
調査をお願いします。
報酬は貴重な装飾品素材です。",
1387,"≪Ｇ装飾品クエスト≫
銃護珠Ｇと炎王龍【剛種】{j}テオ・テスカトル１体の討伐{j}なし{j}なし{j}メインターゲットの達成{j}報酬金ゼロ
タイムアップ{j}ハンターズギルド{j}沼地でテオ・テスカトルが暴
れているのが確認されました。
何かと危険かとは思いますが、
調査をお願いします。
報酬は貴重な装飾品素材です。",
1388,"≪Ｇ装飾品クエスト≫
集業珠Ｇと照雷鳥【剛種】{j}トリドクレス１頭の狩猟{j}なし{j}なし{j}メインターゲットの達成{j}報酬金ゼロ
タイムアップ{j}ハンターズギルド{j}ときおり目撃されていた
≪照雷鳥≫が、人の通る
辺りまで縄張りを広げて
きました。これ以上の
被害を防ぐため、対象の
狩猟をお願いします。
報酬は貴重な装飾品素材
です。",
1389,"≪Ｇ装飾品クエスト≫
採走珠Ｇと照雷鳥【剛種】{j}トリドクレス１頭の狩猟{j}なし{j}なし{j}メインターゲットの達成{j}報酬金ゼロ
タイムアップ{j}ハンターズギルド{j}ときおり目撃されていた
≪照雷鳥≫が、人の通る
辺りまで縄張りを広げて
きました。これ以上の
被害を防ぐため、対象の
狩猟をお願いします。
報酬は貴重な装飾品素材
です。",
1390,"≪デイリークエスト専用≫
秘伝天昇！武器魂【片手剣】{j}デュラガウア１頭の狩猟{j}なし{j}なし{j}メインターゲットの達成{j}報酬金ゼロ
タイムアップ{j}片手剣を極めし者{j}片手剣を極めんとする
ハンターよ、闘技場にいる
≪氷狐竜≫を相手に鍛え上げ
たその技を披露して見せよ！
見事狩猟することができたな
ら、日頃の努力で得られるも
のよりさらに多くの報酬を
得られるであろう。",
1391,"≪デイリークエスト専用≫
秘伝天昇！武器魂【双剣】{j}デュラガウア１頭の狩猟{j}なし{j}なし{j}メインターゲットの達成{j}報酬金ゼロ
タイムアップ{j}双剣を極めし者{j}双剣を極めんとする
ハンターよ、闘技場にいる
≪氷狐竜≫を相手に鍛え上げ
たその技を披露して見せよ！
見事狩猟することができたな
ら、日頃の努力で得られるも
のよりさらに多くの報酬を
得られるであろう。",
1392,"≪デイリークエスト専用≫
秘伝天昇！武器魂【大剣】{j}デュラガウア１頭の狩猟{j}なし{j}なし{j}メインターゲットの達成{j}報酬金ゼロ
タイムアップ{j}大剣を極めし者{j}大剣を極めんとする
ハンターよ、闘技場にいる
≪氷狐竜≫を相手に鍛え上げ
たその技を披露して見せよ！
見事狩猟することができたな
ら、日頃の努力で得られるも
のよりさらに多くの報酬を
得られるであろう。",
1393,"≪デイリークエスト専用≫
秘伝天昇！武器魂【太刀】{j}デュラガウア１頭の狩猟{j}なし{j}なし{j}メインターゲットの達成{j}報酬金ゼロ
タイムアップ{j}太刀を極めし者{j}太刀を極めんとする
ハンターよ、闘技場にいる
≪氷狐竜≫を相手に鍛え上げ
たその技を披露して見せよ！
見事狩猟することができたな
ら、日頃の努力で得られるも
のよりさらに多くの報酬を
得られるであろう。",
1394,"≪デイリークエスト専用≫
秘伝天昇！武器魂【鎚】{j}デュラガウア１頭の狩猟{j}なし{j}なし{j}メインターゲットの達成{j}報酬金ゼロ
タイムアップ{j}鎚を極めし者{j}鎚を極めんとする
ハンターよ、闘技場にいる
≪氷狐竜≫を相手に鍛え上げ
たその技を披露して見せよ！
見事狩猟することができたな
ら、日頃の努力で得られるも
のよりさらに多くの報酬を
得られるであろう。",
1395,"≪デイリークエスト専用≫
秘伝天昇！武器魂【狩猟笛】{j}デュラガウア１頭の狩猟{j}なし{j}なし{j}メインターゲットの達成{j}報酬金ゼロ
タイムアップ{j}狩猟笛を極めし者{j}狩猟笛を極めんとする
ハンターよ、闘技場にいる
≪氷狐竜≫を相手に鍛え上げ
たその技を披露して見せよ！
見事狩猟することができたな
ら、日頃の努力で得られるも
のよりさらに多くの報酬を
得られるであろう。",
1396,"≪デイリークエスト専用≫
秘伝天昇！武器魂【槍】{j}デュラガウア１頭の狩猟{j}なし{j}なし{j}メインターゲットの達成{j}報酬金ゼロ
タイムアップ{j}槍を極めし者{j}槍を極めんとする
ハンターよ、闘技場にいる
≪氷狐竜≫を相手に鍛え上げ
たその技を披露して見せよ！
見事狩猟することができたな
ら、日頃の努力で得られるも
のよりさらに多くの報酬を
得られるであろう。",
1397,"≪デイリークエスト専用≫
秘伝天昇！武器魂【銃槍】{j}デュラガウア１頭の狩猟{j}なし{j}なし{j}メインターゲットの達成{j}報酬金ゼロ
タイムアップ{j}銃槍を極めし者{j}銃槍を極めんとする
ハンターよ、闘技場にいる
≪氷狐竜≫を相手に鍛え上げ
たその技を披露して見せよ！
見事狩猟することができたな
ら、日頃の努力で得られるも
のよりさらに多くの報酬を
得られるであろう。",
1398,"≪デイリークエスト専用≫
秘伝天昇！武器魂【剣斧】{j}デュラガウア１頭の狩猟{j}なし{j}なし{j}メインターゲットの達成{j}報酬金ゼロ
タイムアップ{j}剣斧を極めし者{j}剣斧を極めんとする
ハンターよ、闘技場にいる
≪氷狐竜≫を相手に鍛え上げ
たその技を披露して見せよ！
見事狩猟することができたな
ら、日頃の努力で得られるも
のよりさらに多くの報酬を
得られるであろう。",
1399,"≪デイリークエスト専用≫
秘伝天昇！武器魂【穿龍棍】{j}デュラガウア１頭の狩猟{j}なし{j}なし{j}メインターゲットの達成{j}報酬金ゼロ
タイムアップ{j}穿龍棍を極めし者{j}穿龍棍を極めんとする
ハンターよ、闘技場にいる
≪氷狐竜≫を相手に鍛え上げ
たその技を披露して見せよ！
見事狩猟することができたな
ら、日頃の努力で得られるも
のよりさらに多くの報酬を
得られるであろう。",
1400,"≪デイリークエスト専用≫
秘伝天昇！武器魂【軽弩】{j}デュラガウア１頭の狩猟{j}なし{j}なし{j}メインターゲットの達成{j}報酬金ゼロ
タイムアップ{j}軽弩を極めし者{j}軽弩を極めんとする
ハンターよ、闘技場にいる
≪氷狐竜≫を相手に鍛え上げ
たその技を披露して見せよ！
見事狩猟することができたな
ら、日頃の努力で得られるも
のよりさらに多くの報酬を
得られるであろう。",
1401,"≪デイリークエスト専用≫
秘伝天昇！武器魂【重弩】{j}デュラガウア１頭の狩猟{j}なし{j}なし{j}メインターゲットの達成{j}報酬金ゼロ
タイムアップ{j}重弩を極めし者{j}重弩を極めんとする
ハンターよ、闘技場にいる
≪氷狐竜≫を相手に鍛え上げ
たその技を披露して見せよ！
見事狩猟することができたな
ら、日頃の努力で得られるも
のよりさらに多くの報酬を
得られるであろう。",
1402,"≪デイリークエスト専用≫
秘伝天昇！武器魂【弓】{j}デュラガウア１頭の狩猟{j}なし{j}なし{j}メインターゲットの達成{j}報酬金ゼロ
タイムアップ{j}弓を極めし者{j}弓を極めんとする
ハンターよ、闘技場にいる
≪氷狐竜≫を相手に鍛え上げ
たその技を披露して見せよ！
見事狩猟することができたな
ら、日頃の努力で得られるも
のよりさらに多くの報酬を
得られるであろう。",
1403,"≪デイリークエスト専用≫
日々強化！鎧玉・上鎧玉{j}ドスランポス１頭の狩猟{j}なし{j}なし{j}メインターゲットの達成{j}報酬金ゼロ
タイムアップ{j}ハンターズギルド{j}防具の強化素材は足りていま
すか？
本日ご紹介するこの依頼では、
防具の強化に使用する
≪鎧玉≫と≪上鎧玉≫を
大量に獲得できますよ。
ただし、１日に受注できる数
に限りがありますので、
ご注意ください。",
1404,"≪デイリークエスト専用≫
日々強化！尖鎧玉・堅鎧玉{j}ショウグンギザミ１匹の狩猟{j}なし{j}なし{j}メインターゲットの達成{j}報酬金ゼロ
タイムアップ{j}ハンターズギルド{j}防具の強化素材は足りていま
すか？
本日ご紹介するこの依頼では、
防具の強化に使用する
≪尖鎧玉≫と≪堅鎧玉≫を
大量に獲得できますよ。
ただし、１日に受注できる数
に限りがありますので、
ご注意ください。",
1405,"≪デイリークエスト専用≫
日々強化！重鎧玉・真鎧玉{j}ダイミョウザザミ変種１匹{j}なし{j}なし{j}メインターゲットの狩猟{j}報酬金ゼロ
タイムアップ{j}ハンターズギルド{j}防具の強化素材は足りていま
すか？
本日ご紹介するこの依頼では、
防具の強化に使用する
≪重鎧玉≫と≪真鎧玉≫を
大量に獲得できますよ。
ただし、１日に受注できる数
に限りがありますので、
ご注意ください。",
1406,"≪デイリークエスト専用≫
日々強化！剛鎧玉・天鎧玉{j}ゴゴモア１頭の狩猟{j}なし{j}なし{j}メインターゲットの達成{j}報酬金ゼロ
タイムアップ{j}ハンターズギルド{j}防具の強化素材は足りていま
すか？
本日ご紹介するこの依頼では、
防具の強化に使用する
≪剛鎧玉≫と≪天鎧玉≫を
大量に獲得できますよ。
ただし、１日に受注できる数
に限りがありますので、
ご注意ください。",
1407,"≪デイリークエスト専用≫
剥ぎの極み・古龍種の稀玉{j}ルコディオラ１体の討伐{j}なし{j}なし{j}メインターゲットの達成{j}報酬金ゼロ
タイムアップ{j}素材剥ぎ取り達人{j}≪古龍種の稀玉≫が欲しい
じゃと？フム、まあ、ワシ
の手にかかれば造作もない。
丁度、夜の砂漠に手負いの
≪ルコディオラ≫がいるよ
うじゃ。…オヌシの手で引
導を渡して来るがよい。だ
がこれだけは約束しろ。誇
り高き極龍の命、決して無
駄にはせんと。",
1408,"≪遷悠クエスト≫
舞うは嵐奏でるは災禍の調べ{j}アマツマガツチ１体の討伐{j}なし{j}なし{j}メインターゲットの達成{j}報酬金ゼロ
タイムアップ{j}ハンターズギルド{j}とある山岳地帯にある、霊峰
と呼ばれる地域にて、嵐を
纏う古龍が確認されました。
近隣の村々からは不安の声が
多数寄せられており、早急に
対応が必要です。
ハンターは至急、霊峰へと
向かってください。",
1409,"≪特別イベントクエスト≫
年間特典クエスト１０年目{j}年間特典生産券１枚の納品{j}なし{j}なし{j}メインターゲットの達成{j}報酬金ゼロ
タイムアップ{j}エフィー{j}１０年間ＭＨＦを遊んで
いただき誠にありがとう
ございます！
≪ハルド・メタレノン≫を
装備し、≪年間特典生産券≫
１枚を納品すると、
≪感謝の証Ⅹ≫を１１枚
プレゼントいたします。
≪感謝の証Ⅹ≫から
≪エルゼアクタ≫（穿龍棍）
が生産可能です。",
1410,"≪特別イベントクエスト≫
年間特典クエスト１１年目{j}年間特典生産券１枚の納品{j}なし{j}なし{j}メインターゲットの達成{j}報酬金ゼロ
タイムアップ{j}エフィー{j}１１年間ＭＨＦを遊んで
いただき誠にありがとう
ございます！
≪エルゼグウェン≫を装備し、
≪年間特典生産券≫１枚を
納品すると、≪感謝の証XI≫
を１１枚プレゼント！
≪感謝の証XI≫から
≪ザムザリスタ≫（剣斧）
が生産できます。",
1411,"≪極ノ型体験クエスト≫
マグネットスパイクを体験{j}リオレイア１頭の討伐{j}なし{j}なし{j}メインターゲットの達成{j}報酬金ゼロ
タイムアップ{j}ギルドマスター{j}よくぞＨＲ５に到達した！
オヌシ達には、真に優れ
たハンターしかなれぬ
Ｇ級を目指し、精進して
欲しいと思っておる。今回、
特別にＧ級にならぬと扱う
ことができぬ、≪極ノ型≫を
扱う機会を用意した。
試してみてはどうかな？",
1412,"≪遷悠クエスト≫
昂ぶる千の刃{j}セルレギオス１頭の狩猟{j}なし{j}なし{j}メインターゲットの達成{j}報酬金ゼロ
タイムアップ{j}モンスター研究員{j}遷悠種の出現により、各地の
調査を進めたところ、砂漠に
千刃竜≪セルレギオス≫が
新たに発見されました。
遭遇した調査員の報告による
と、今まで観測されていない
行動を行うとのことです。
モンスターの行動にはくれ
ぐれも注意して下さい！",
1413,"≪デイリークエスト専用≫
秘伝天昇！武器魂【磁斬鎚】{j}デュラガウア１頭の狩猟{j}なし{j}なし{j}メインターゲットの達成{j}報酬金ゼロ
タイムアップ{j}磁斬鎚を極めし者{j}磁斬鎚を極めんとする
ハンターよ、闘技場にいる
≪氷狐竜≫を相手に鍛え上げ
たその技を披露して見せよ！
見事狩猟することができたな
ら、日頃の努力で得られるも
のよりさらに多くの報酬を
得られるであろう。",
1414,"≪デイリークエスト専用≫
一挙両得！雌火竜編{j}リオレイア１頭の狩猟{j}なし{j}なし{j}メインターゲットの達成{j}報酬金ゼロ
タイムアップ{j}ハンターズギルド{j}ハンターの皆様に朗報です！
大量のゼニーが入手できる上
多くの経験を積むことができ
る依頼が発生しています。
ぜひこの機会に挑戦してみて
ください！",
1415,"≪デイリークエスト専用≫
一挙両得！呑竜編{j}パリアプリア１頭の狩猟{j}なし{j}なし{j}メインターゲットの達成{j}報酬金ゼロ
タイムアップ{j}ハンターズギルド{j}ハンターの皆様に朗報です！
大量のゼニーが入手できる上
多くの経験を積むことができ
る依頼が発生しています。
ぜひこの機会に挑戦してみて
ください！",
1416,"≪デイリークエスト専用≫
一挙両得！怪鳥編{j}イャンクック変種１頭{j}なし{j}なし{j}メインターゲットの狩猟{j}報酬金ゼロ
タイムアップ{j}ハンターズギルド{j}ハンターの皆様に朗報です！
大量のゼニーが入手できる上
多くの経験を積むことができ
る依頼が発生しています。
ぜひこの機会に挑戦してみて
ください！",
1417,"≪デイリークエスト専用≫
一挙両得！鎧竜編{j}グラビモス変種１頭{j}なし{j}なし{j}メインターゲットの狩猟{j}報酬金ゼロ
タイムアップ{j}ハンターズギルド{j}ハンターの皆様に朗報です！
大量のゼニーが入手できる上
多くの経験を積むことができ
る依頼が発生しています。
ぜひこの機会に挑戦してみて
ください！",
1418,"≪デイリークエスト専用≫
心機一転！旅立ちの防具{j}イャンクック１頭の狩猟{j}なし{j}なし{j}メインターゲットの達成{j}報酬金ゼロ
タイムアップ{j}ハンターズギルド{j}防具≪ホープシリーズ≫から
別の防具に変えたいと考えて
いるハンターさん。
この依頼で入手可能な防具
≪クオイズシリーズ≫はどう
ですか？
≪ククボシリーズ≫のように
おしゃれな見た目で気に入る
と思いますよ。",
1419,"≪デイリークエスト専用≫
才色兼備！旅立ちの防具{j}ヒプノック繁殖期１頭の狩猟{j}なし{j}なし{j}メインターゲットの達成{j}報酬金ゼロ
タイムアップ{j}ハンターズギルド{j}防具≪ホープシリーズ≫から
着替えたいと考えているハン
ターさん。
この依頼で入手可能な防具
≪カライスシリーズ≫はどう
ですか？
鮮やかな見た目と性能を兼ね
備えた、まさしく才色兼備な
防具ですよ。",
1420,"≪デイリークエスト専用≫
前途洋々！旅立ちの防具{j}ヒプノック希少種１頭の狩猟{j}なし{j}なし{j}メインターゲットの達成{j}報酬金ゼロ
タイムアップ{j}ハンターズギルド{j}防具≪ホープシリーズ≫から
着替えたいと考えているハン
ターさん。
この依頼で入手可能な防具
≪ルケーゼシリーズ≫はどう
ですか？
状態異常の耐性や回避性能に
優れているので、手強いモン
スターの狩猟でも安心ですよ。",
1421,"≪デイリークエスト専用≫
勇気凛凛！旅立ちの防具{j}イャンガルルガ変種１頭{j}なし{j}なし{j}メインターゲットの狩猟{j}報酬金ゼロ
タイムアップ{j}ハンターズギルド{j}防具≪ホープシリーズ≫から
着替えたいと考えているハン
ターさん。
この依頼で入手可能な防具
≪ラーヴェシリーズ≫はどう
ですか？
見た目を気にしなければ、優
秀なスキルが揃ったオススメ
できる防具と思いますよ！",
1422,"≪デイリークエスト専用≫
グークのお部屋コレクション{j}ドスゲネポス１頭の狩猟{j}なし{j}なし{j}メインターゲットの達成{j}報酬金ゼロ
タイムアップ{j}グーク好きの建築家{j}これまでに作成したグーク
部屋の図面コレクション
を散歩中に落としてしまった
みたいだ。
すまないが、探してきてくれ
ないか？
お礼に私がデザインした図面
をいくつかプレゼントする
よ。",
1423,"≪デイリークエスト専用≫
グークのお洋服コレクション{j}ゲリョス１頭の狩猟{j}なし{j}なし{j}メインターゲットの達成{j}報酬金ゼロ
タイムアップ{j}ギャラリー館長{j}念願のグークギャラリーを
開館したぞ！
だが、周りが騒がしくて
なかなかお客が来ないんだ。
だれかギャラリー近くの沼地
にいる毒怪鳥を狩猟してきて
くれないか？
手伝ってくれるなら、秘蔵の
グークコレクションを
プレゼントするよ。",
1424,"≪デイリークエスト専用≫
グークの生態調査隊{j}イャンクック１頭の狩猟{j}なし{j}なし{j}メインターゲットの達成{j}報酬金ゼロ
タイムアップ{j}ハンターズギルド{j}グークのことが好きですか？
本日ご紹介するこの依頼では、
グークを驚きの姿に大変身
させることができるアイテム
が配られているようです。
興味出てきましたよね？
ただし、連続して受注する
ことはできませんので、
ご注意ください。",
1425,"≪デイリークエスト専用≫
狩猟支援！出発前の弁当調達{j}特産キノコ３個の納品{j}ランポス６頭の討伐{j}アプトノス４頭の討伐{j}メインターゲット、もしくは
サブターゲットＡかＢの達成{j}報酬金ゼロ
タイムアップ{j}食材屋の女将{j}ちゃんと食事はしてるかい？
いいもんを食べていないと、
肝心な時に力が出ないよ！
そうだ、ちょっとあたしの
依頼を受けてくれないかい？
報酬には、普段店に並ばない
食材も用意させてもらうよ。
これを使って、美味しい食事
を作ってみておくれ！",
1426,"≪デイリークエスト専用≫
狩猟支援！秘伝の食材調達{j}ドスゲネポス変種１頭{j}なし{j}なし{j}メインターゲットの狩猟{j}報酬金ゼロ
タイムアップ{j}ハンターズギルド{j}こちらは秘伝書をお持ちの方
限定の依頼でございます。
確実に８種の≪ＳＲ食材≫を
１０個入手できます。
その効果を一度試してみたい、
もしくは、ここ一番の狩りに
備えて地道に集めておきたい、
という方にお勧めです。",
1427,"≪くじ特典クエスト≫
秘伝防具Ｆ強化素材【剣士】{j}地図１個の納品{j}なし{j}なし{j}メインターゲットの達成{j}報酬金ゼロ
タイムアップ{j}エフィー{j}本クエストでは、
秘伝防具（剣士）のＦ強化時
に必要な武器魂を除く素材を
排出いたします。
排出数は、５部位分です。
クエストの受注には、
≪ハンターパス・桜≫
が必要になりますので
ご注意ください。",
1428,"≪くじ特典クエスト≫
秘伝防具FX強化素材【剣士】{j}地図１個の納品{j}なし{j}なし{j}メインターゲットの達成{j}報酬金ゼロ
タイムアップ{j}エフィー{j}本クエストでは、
秘伝防具（剣士）のFX強化時
に必要な武器魂を除く素材を
排出いたします。
排出数は、５部位分です。
クエストの受注には、
≪ハンターパス・桜≫
が必要になりますので
ご注意ください。",
1429,"≪くじ特典クエスト≫
秘伝防具Ｆ強化素材【銃・弓】{j}地図１個の納品{j}なし{j}なし{j}メインターゲットの達成{j}報酬金ゼロ
タイムアップ{j}エフィー{j}本クエストでは、
秘伝防具（ガンナー）の
Ｆ強化時に必要な武器魂を
除く素材を排出いたします。
排出数は、５部位分です。
クエストの受注には、
≪ハンターパス・桜≫
が必要になりますので
ご注意ください。",
1430,"≪くじ特典クエスト≫
秘伝防具FX強化素材【銃・弓】{j}地図１個の納品{j}なし{j}なし{j}メインターゲットの達成{j}報酬金ゼロ
タイムアップ{j}エフィー{j}本クエストでは、
秘伝防具（ガンナー）の
FX強化時に必要な武器魂を
除く素材を排出いたします。
排出数は、５部位分です。
クエストの受注には、
≪ハンターパス・桜≫
が必要になりますので
ご注意ください。",
1431,"≪武器魂入手クエスト≫
武器魂入手クエスト【磁斬鎚】{j}地図１個の納品{j}なし{j}なし{j}メインターゲットの達成{j}報酬金ゼロ
タイムアップ{j}エフィー{j}本クエストでは、下記の素材
が入手できます。
≪磁斬鎚魂・序≫８５枚
≪磁斬鎚魂・中≫１９５枚
≪磁斬鎚魂・極≫２７５枚
≪磁斬鎚魂・天≫８５枚
クエストの受注には、
≪秘伝魂の結晶≫が必要に
なりますのでご注意ください。",
1432,"≪ギルド要請クエスト≫
空を翔る伝説{j}シャンティエン１体の撃退{j}なし{j}なし{j}メインターゲットの達成{j}３回力尽きる
タイムアップ{j}ハンターズギルド{j}これまで数多くの功績を
残したあなたに、ギルドから
依頼を要請いたします。
新たに開発された大型探査船
の航行中、雲の合間に巨大な
影の目撃報告がありました。
文献にあった伝説の古龍かも
しれません。万全の準備をし、
調査に当たってください。",
1433,"≪Ｇ★１密林探索≫
密林の恵み{j}特産キノコ１個の納品{j}ロイヤルカブト１匹の納品{j}なし{j}メインターゲット、もしくは
サブターゲットＡの達成{j}３回力尽きる
タイムアップ{j}無精ひげのハンター{j}今まであまり立ち入ったこと
の無かった密林に行って
みたんだが、とても面白い
発見があったぞ。採取できる
素材に見たことのないものが
含まれていたのだ。
生息しているモンスターは
手ごわかったが、行ってみる
価値は十分にあると思うぞ。",
1434,"≪Ｇ★１密林探索≫
密林に噴き出す砂煙{j}ヤオザミ７匹の討伐{j}氷結晶３個の納品{j}なし{j}メインターゲット、もしくは
サブターゲットＡの達成{j}３回力尽きる
タイムアップ{j}ハンターズギルド{j}物資を運んでいたところ、
地中からヤオザミが現れ、
全て壊されてしまったと報告
がありました。
ヤオザミはその後、密林の
未調査地域に行ったという事
です。これ以上被害を出すわ
けにはいきません。ヤオザミ
の討伐をお願いします。",
1435,"≪Ｇ★１密林探索≫
キノコ採りの名人{j}モス９頭の討伐{j}厳選キノコ１個の納品{j}なし{j}メインターゲット、もしくは
サブターゲットＡの達成{j}３回力尽きる
タイムアップ{j}太った商人の男{j}モスはキノコの匂いを敏感に
かぎ分け、正確に場所を探す
ことができるのだ。
これを利用して、何か商売が
できないかと考えていてね。
まずはモスの生態を知ってお
きたい。ちょっと頼まれては
くれないか？",
1436,"≪Ｇ★１沼地探索≫
桃毛たちの水場{j}特産キノコ１個の納品{j}コンガ７頭の討伐{j}なし{j}メインターゲット、もしくは
サブターゲットＡの達成{j}３回力尽きる
タイムアップ{j}異臭を放つハンター{j}全く、ひどい目にあったぜ！
沼地の未調査地域を探索して
いたんだが、コンガの群れに
遭遇してな。逃げ切る事は
できたんだが、奴らの放つ
強烈なニオイのおかげで
この様だ！もし沼地に行く
用があったら、ついでに
奴らを懲らしめておいてくれ。",
1437,"≪Ｇ★１沼地探索≫
水晶を守る赤の群れ{j}白水晶の原石２個の納品{j}イーオス７頭の討伐{j}なし{j}メインターゲット、もしくは
サブターゲットＡの達成{j}３回力尽きる
タイムアップ{j}光り物好きの男{j}もう嫌になっちゃうわ！
いつも白水晶の原石を採掘
している場所に、イーオスが
住み着いてしまったの！
これじゃ危なくって採掘に
行けないわ！　アタシの
代わりに採掘してきて頂戴！
ついでに奴らを追い払って
くれたら、御礼ははずむわよ。",
1438,"≪Ｇ★１沼地探索≫
沼地の恵み{j}アプトノス６頭の討伐{j}黄金魚１匹の納品{j}なし{j}メインターゲット、もしくは
サブターゲットＡの達成{j}３回力尽きる
タイムアップ{j}ハンターズギルド{j}沼地の未調査地域に行って
いただけるハンターを募集
しております。
今回の調査は生態の確認を
目的としておりますので、
生息するモンスターの討伐と、
できれば魚の納品をお願い
いたします。",
1439,"≪Ｇ★１砂漠探索≫
砂漠の恵み{j}百花サボテン１個の納品{j}ゲネポス１０頭の討伐{j}なし{j}メインターゲット、もしくは
サブターゲットＡの達成{j}３回力尽きる
タイムアップ{j}ハンターズギルド{j}まだ調査の進められていない
砂漠で、珍しい素材を入手
できる場所があるらしい。
俺たちが直接調査に向かい、
真偽を確かめたいのだが…
夜の砂漠は厳しい環境だ。
ハンターの手を借りるしか
ない。誰か頼まれてくれんか。",
1440,"≪Ｇ★１砂漠探索≫
貴重な砂原の薬餌{j}ガレオス６頭の討伐{j}サボテンの花１個の納品{j}なし{j}メインターゲット、もしくは
サブターゲットＡの達成{j}３回力尽きる
タイムアップ{j}薬売りの老人{j}薬の材料を採りに、砂漠へ
行った時のことじゃ。
材料も集まってさあ帰ろうと
いう時に、ガレオスの群れと
遭遇しての。貴重な薬の
材料を奪われてまったんじゃ。
相応の依頼料は払う。
安全に採取を行えるよう、
奴らを討伐して来てくれんか。",
1441,"≪Ｇ★１雪山探索≫
頂を極めるもの{j}ギルドフラッグを山頂に設置{j}アプトノス５頭の討伐{j}なし{j}メインターゲット、もしくは
サブターゲットＡの達成{j}３回力尽きる
タイムアップ{j}のんびりした男{j}未調査地域の雪山を登ろうと
したのだが、ギルドから危険
だからと止められてしまった。
安全が確認できれば、許可し
てくれるということだが…。
誰か安全を確認して、頂上に
ギルドフラッグを設置して
くれないか？",
1442,"≪Ｇ★１雪山探索≫
雪山の恵み{j}ポポ１０頭の討伐{j}氷結晶３個の納品{j}なし{j}メインターゲット、もしくは
サブターゲットＡの達成{j}３回力尽きる
タイムアップ{j}明朗な老人{j}雪山は寒くて厳しい環境じゃ
が、自然の恵みが溢れている
場所でもあるんじゃ。
特にポポの肉は栄養価も高い。
食糧を集めるため、ポポを
討伐して来てはくれんか。
そうじゃ。可能なら、
氷結晶も一緒に頼む。
いい調合の素材なのじゃ。",
1443,"≪Ｇ★１雪山探索≫
雪原に群れる藍白{j}フルベビアイス１個の納品{j}ギアノス７頭の討伐{j}なし{j}メインターゲット、もしくは
サブターゲットＡの達成{j}３回力尽きる
タイムアップ{j}顔に傷のある男{j}雪山で食糧を集めていたんだ
が、突然ギアノスどもに襲わ
れて、仕留めた獲物を横取り
されてしまったんだ。
このままでは飢えてしまう…
すまないがフルベビアイスを
分けてはくれないだろうか。
あとギアノスの卵は採ろうと
思うなよ。
襲われても知らないぞ！",
1444,"≪Ｇ★１森丘探索≫
森丘の恵み{j}特産キノコ１個の納品{j}モス８頭の討伐{j}なし{j}メインターゲット、もしくは
サブターゲットＡの達成{j}３回力尽きる
タイムアップ{j}ハンターズギルド{j}調査を進めていたところ、
森丘でとても珍しい素材が取
れる場所があるとわかった。
これからすぐに現地へ調査へ
行こうかと思うんだけど、僕
が採集をしている間、護衛を
頼みたいんだ。無事帰ること
ができたら、お礼に採集した
素材を分けてあげるよ！",
1445,"≪Ｇ★１森丘探索≫
夜釣りで一興{j}サシミウオ１匹の納品{j}特産キノコ３個の納品{j}なし{j}メインターゲット、もしくは
サブターゲットＡの達成{j}３回力尽きる
タイムアップ{j}さすらいの釣り師{j}大型のモンスターばかり
追ってないで、たまには
釣りにでも興じてみる気は
ないか？月明かりの下で
釣り糸を垂らす…。
こんなに風流なことはねえ。
その後、釣った魚をつまみ
に一杯やれば言う事なしよ。
どうだいやってみるかい？",
1446,"≪Ｇ★１森丘探索≫
絶佳に群れる青い影{j}ランポス８頭の討伐{j}飛竜の卵２個の納品{j}なし{j}メインターゲット、もしくは
サブターゲットＡの達成{j}３回力尽きる
タイムアップ{j}明るい研究員の男{j}森丘でひどい目にあったよ！
未調査地域を歩いていたら、
突然後ろから青い影に
襲いかかられたんだ！
必死で逃げて、何とか帰って
くることはできたけど…
これじゃあ仕事にならないよ。
お願いだ。あいつらを
追い払ってくれ。",
1447,"≪Ｇ★１火山探索≫
火山に群がる猛毒{j}イーオス１０頭の討伐{j}燃石炭１個の納品{j}なし{j}メインターゲット、もしくは
サブターゲットＡの達成{j}３回力尽きる
タイムアップ{j}ギルド専属調査隊{j}火山へ調査に出ていた時に、
珍しい素材が手に入る場所を
見つけたんだ。
本格的に調査を進めようと
思ったんだが…そこに生息
するモンスターが、なかなか
手ごわくて困ってるんだ。
安全に調査を進めるために、
ちょっと頼まれてくれないか。",
1448,"≪Ｇ★１火山探索≫
火山の恵み{j}火薬岩２個の納品{j}ブルファンゴ８頭の討伐{j}なし{j}メインターゲット、もしくは
サブターゲットＡの達成{j}３回力尽きる
タイムアップ{j}鍛冶屋の男{j}仕事に使うための火薬岩が
無くなっちまったんだ！
アレがねえと仕事にならん。
手に入れてきてくれんか？
ついでと言ってはなんだが、
ブルファンゴの討伐も頼める
とありがたい。
奴らさえいなければ、俺が
直接取りに行けるからな！",
1449,"≪Ｇ★１火山探索≫
静寂を乱す羽音{j}燃石炭１個の納品{j}ランゴスタ１０匹の討伐{j}なし{j}メインターゲット、もしくは
サブターゲットＡの達成{j}３回力尽きる
タイムアップ{j}遠方調査隊{j}火山の未調査地域から、
ランゴスタが大量に飛来して
付近に被害が出ている。
１匹なら大したことはないが、
奴らが集まった時は脅威だ。
調査のために燃石炭が必要
なのだが、採りに行けずに
困っている。何とか手に入れ
てはくれないだろうか。",
1450,"≪Ｇ★１火山探索≫
研究員の必需品{j}火薬草１個の納品{j}ガミザミ８匹の討伐{j}なし{j}メインターゲット、もしくは
サブターゲットＡの達成{j}３回力尽きる
タイムアップ{j}生態調査員{j}ああ大変だ…。調査に行く時
必要になる火薬草を切らして
しまった…。
あれがないと火を起こすこと
ができず、凍えてしまう！
誰か火薬草と、できれば
起こした火を乗せられる
燃えない器になる物を
持ってきてくれないか！？",
1451,"≪Ｇ★１火山探索≫
赤き群れを追え{j}イーオス８頭の討伐{j}大地の結晶２個の納品{j}なし{j}メインターゲット、もしくは
サブターゲットＡの達成{j}３回力尽きる
タイムアップ{j}ハンターズギルド{j}火山でイーオスが暴れている
との報告が届いています。
既に何人かのハンターが
向かっていますが、
どうやら移動しているらしく、
なかなか発見できないでいる
ようです。やつらの足取りを
追って討伐をお願いします。",
1452,"≪Ｇ★１火山探索≫
火山の食糧事情{j}アプケロス７頭の討伐{j}火薬岩２個の納品{j}なし{j}メインターゲット、もしくは
サブターゲットＡの達成{j}３回力尽きる
タイムアップ{j}用心深い男{j}ちょっと保存してある食糧が
少なくなってきてしまってさ。
火山にいるアプケロスを
何頭か討伐してきてくれない
かな。あいつの肉や卵は、
いい食糧になるからね。
あとは着火用に使う火薬岩も
あると、嬉しいんだけどね。
まあ、余裕があれば頼むよ。",
1453,"≪Ｇ★１樹海探索≫
樹海の恵み{j}飛竜の卵２個の納品{j}ランポス８頭の討伐{j}なし{j}メインターゲット、もしくは
サブターゲットＡの達成{j}３回力尽きる
タイムアップ{j}頑固な料理人{j}俺のこだわりの料理を完成
させるために、極上の卵が
必要だ。それもただの飛竜の
卵じゃあない。至高の素材を
集めて来てもらう必要がある。
聞けば樹海の未調査地域に、
飛竜の巣があるらしいじゃ
ねえか。ちょいとそこから、
飛竜の卵を取って来てくれ。",
1454,"≪Ｇ★１樹海探索≫
暗森に棲む奇面{j}チャチャブー８匹の討伐{j}特産キノコ１個の納品{j}なし{j}メインターゲット、もしくは
サブターゲットＡの達成{j}３回力尽きる
タイムアップ{j}満身創痍のハンター{j}未開の地の調査に向かった
俺たちの前に、またあいつが
現れたんだ…。
おれは命からがら逃げること
ができたが、まだ仲間が残さ
れているはずなんだ。
頼む。仲間を助けるために、
手を貸してくれ！",
1455,"≪Ｇ★１古塔探索≫
世界一の虫を求めて{j}ドスヘラクレス１匹の納品{j}大雷光虫５匹の討伐{j}なし{j}メインターゲット、もしくは
サブターゲットＡの達成{j}３回力尽きる
タイムアップ{j}虫取り好きの男{j}すごくいい虫取りスポットを
見つけたんだ！あまり人が
立ち入らない古塔なんだけど、
あの世界一強いと言われて
いる虫が取れるんだ！
君もぜひ行ってみるべきだと
思うよ。あ、行くときには
ちゃんと情報料として、例の
虫を１匹もらうからね。",
1456,"≪Ｇ★１峡谷探索≫
滋養満点の卵{j}飛竜の卵２個の納品{j}カンタロス１０匹の討伐{j}なし{j}メインターゲット、もしくは
サブターゲットＡの達成{j}３回力尽きる
タイムアップ{j}凄腕料理人{j}滋養のある料理を作るために、
飛竜の卵が必要なんだ。
俺の料理を待っている皆の
ためにも、誰か峡谷の卵を
採って来てくれないか。
もし可能なら、同時に
カンタロスの討伐も頼みたい。
調理器具が傷んできたので、
その手入れに使いたいんだ。",
1457,"≪Ｇ★１峡谷探索≫
災禍の予兆{j}ガブラス７頭の討伐{j}特産キノコ１個の納品{j}なし{j}メインターゲット、もしくは
サブターゲットＡの達成{j}３回力尽きる
タイムアップ{j}ハンターズギルド{j}峡谷の未調査地域付近で、
ガブラスが群れで飛んで
いるのが確認されました。
ガブラスの出現は災いの
前触れとも言われています。
ガブラスを討伐し、状況を
確認してきてください。",
1458,"≪Ｇ★１峡谷探索≫
谷間に咲く花{j}覇王樹５個の破壊{j}ゲネポス８頭の討伐{j}なし{j}メインターゲット、もしくは
サブターゲットＡの達成{j}３回力尽きる
タイムアップ{j}ハンターズギルド{j}峡谷には覇王樹という植物が
生えています。この植物の
樹液は、様々な治療薬になる、
とても貴重なものです。
今回は樹液を採取するため、
協力していただける方を
募集させていただきます。",
1459,"≪Ｇ★１峡谷探索≫
峡谷の恵み{j}大雷光虫７匹の討伐{j}岩塩１個の納品{j}なし{j}メインターゲット、もしくは
サブターゲットＡの達成{j}３回力尽きる
タイムアップ{j}料理人の男{j}料理に欠かせない、
塩を切らしちまったんだ！
峡谷へ岩塩を採りに行きたい
ところなんだが、大雷光虫が
邪魔して行くことができない。
奴らを追い払ってくれねえか。
ついでに岩塩も採ってきて
くれれば材料も確保できて
大助かりなんだがな。",
1460,"≪Ｇ★１高地探索≫
高地の恵み{j}孤鉄石１個の納品{j}ブルック７頭の討伐{j}なし{j}メインターゲット、もしくは
サブターゲットＡの達成{j}３回力尽きる
タイムアップ{j}軽薄そうな研究員{j}高地で最近新たな発見が
あったのを知っているかい？
これまで調査が行われていな
かった場所で、珍しい素材が
取れることがわかったのさ。
もし行ってみたいなら、
案内してあげてもいいけど…
くれぐれも、僕の調査の
邪魔はしないでくれよ？",
1461,"≪Ｇ★１高地探索≫
高級な毛皮を求めて{j}ブルック１０頭の討伐{j}あめ葉１個の納品{j}なし{j}メインターゲット、もしくは
サブターゲットＡの達成{j}３回力尽きる
タイムアップ{j}ドレスを着た少女{j}寒い中外に出ても大丈夫な、
暖かい毛皮のコートを作ろう
と思ってね。その材料を
集めてくれる方を探してるの。
ただの毛皮じゃだめよ。
未調査地域とかにいる、
ブルックの毛皮がいいわね。
とても質がいいって評判なの。
ちょっとお願いできない？",
1462,"≪Ｇ★１高地探索≫
大事な宝物を探して{j}綺麗なガラクタ１個の納品{j}ブルック９頭の討伐{j}なし{j}メインターゲット、もしくは
サブターゲットＡの達成{j}３回力尽きる
タイムアップ{j}やさしそうな男{j}高地へ遊びに行った時、
娘が大事にしていた宝物を
メラルーに盗られてしまって
ね。何とか取り返そうと探し
てみたんだが、どこにも見当
たらない。メラルーを見つけ
て、何とか宝物を取り返して
もらえないだろうか。",
1463,"≪Ｇ★１高地探索≫
高地に響く不快な羽音{j}ランゴスタ１０匹の討伐{j}イワヒメ草１個の納品{j}なし{j}メインターゲット、もしくは
サブターゲットＡの達成{j}３回力尽きる
タイムアップ{j}筋肉質の登山家{j}まだ調査が進んでいない高地
に足を踏み入れたんだが…
そこにいたのは、とんでもな
い数のランゴスタの大群！
必死で逃げることはできたが、
これでは安心して高地へ行く
ことができない。
頼む。誰かあの虫どもを
追い払ってくれ！",
1464,"≪Ｇ★１潮島探索≫
輝きに魅せられて{j}ロイヤルカブト１匹の納品{j}きれいな貝殻１個の納品{j}なし{j}メインターゲット、もしくは
サブターゲットＡの達成{j}３回力尽きる
タイムアップ{j}昆虫コレクター{j}昆虫はどれも魅力的な形を
していて、見ているだけで
心が満たされていくとは
思わないかね？
中でもロイヤルカブトは格別
だね。まる１日眺めていても
飽きることはないほどだよ！
でも中々手に入らなくてね。
誰か探すのを手伝ってほしい。",
1465,"≪Ｇ★１潮島探索≫
潮島の恵み{j}コシツウオ１匹の納品{j}香来草１個の納品{j}なし{j}メインターゲット、もしくは
サブターゲットＡの達成{j}３回力尽きる
タイムアップ{j}ハンターズギルド{j}未調査地域の潮島に、
見たこともない素材があった
という報告を受けました。
今のところ大型モンスターが
近くにいるという情報も
ありませんので、比較的安全
に採取を行えるはずです。
現地へ調査に向かって頂ける
ハンターを募集いたします。",
1466,"≪Ｇ★１潮島探索≫
洞窟に巣くう青の群れ{j}ランポス７頭の討伐{j}ペリカン鉱石１個の納品{j}なし{j}メインターゲット、もしくは
サブターゲットＡの達成{j}３回力尽きる
タイムアップ{j}調査員の男{j}潮島で採取することができる
素材の調査をしていたんだが、
ランポスの群れに遭遇して
しまってね。何とか逃げた
ものの、荷物を落としてきて
しまったのだ。奴らを追い払
い、荷物を回収して欲しい。
もし余裕があれば、調査して
いる鉱石の納品も頼みたい。",
1467,"≪Ｇ★１極海探索≫
極海の恵み{j}陽だまり草１個の納品{j}ポカラ１０頭の討伐{j}なし{j}メインターゲット、もしくは
サブターゲットＡの達成{j}３回力尽きる
タイムアップ{j}遠方調査隊{j}極海には昼の間にしか採取
することができない、珍しい
草があるそうなんです。
ギルドから持って帰るように
と頼まれているのですが、
なかなか見つからずに困って
おりまして…。どうか一緒に
探してくれませんでしょうか。",
1468,"≪Ｇ★１極海探索≫
凍地を走る藍白の群れ{j}ギアノス１０頭の討伐{j}露草１個の納品{j}なし{j}メインターゲット、もしくは
サブターゲットＡの達成{j}３回力尽きる
タイムアップ{j}生態調査員{j}極海の調査をしていたところ、
ギアノスの生息が確認され
ました。どこから来たのかは
わかりませんが、調査して
みる価値はあると思うんです。
生態を調べるため、ギアノス
の討伐をお願いします。",
1469,"≪Ｇ★１極海探索≫
極海の無垢な瞳{j}氷石１個の納品{j}ポカラ８頭の討伐{j}なし{j}メインターゲット、もしくは
サブターゲットＡの達成{j}３回力尽きる
タイムアップ{j}可愛いもの好きの女{j}極海には白くてふかふかした、
とーっても可愛いポカラの
赤ちゃんがいるらしいの。
こっちの動きに反応して
踊ったりしてくれて、
すっごく可愛いんだって！
素材集めもいいけど、
少し遊んでみたらどうかしら。
でも、いじめたらダメよ？",
1470,"≪Ｇ★１極海探索≫
凍空に架かる光{j}ポカラ１０頭の討伐{j}氷結晶１個の納品{j}なし{j}メインターゲット、もしくは
サブターゲットＡの達成{j}３回力尽きる
タイムアップ{j}ハンターズギルド{j}極海の夜はとても寒く、
立っているだけでも体力を
奪われてしまいます。
準備は怠らないでください。
そういえば、極海の夜空には
とても美しい光の虹が架かる
そうです。狩りに疲れたら、
少し見上げてみてはいかがで
しょう。",
1471,"≪Ｇ★１潮島探索≫
碧海に響くいななき{j}イャンクック１頭の狩猟{j}なし{j}なし{j}メインターゲットの達成{j}３回力尽きる
タイムアップ{j}身なりの良い男{j}潮島にバカンスへ来ていたん
だけど、突然イャンクックが
現れて、食べ物を荒らして
行ったんだ！せっかくの
バカンスが台無しだよ。
これから彼女がやって来る
事になっているんだ。その前
に、あいつを追い払ってくれ。",
1472,"≪Ｇ★１密林探索≫
夕凪に舞う怪鳥{j}イャンクック１頭の狩猟{j}なし{j}なし{j}メインターゲットの達成{j}３回力尽きる
タイムアップ{j}ハンターズギルド{j}密林の調査をしていた研究員
から、イャンクックを目撃
したと報告がありました。
これまでの怪鳥とは何かが
違うようだと言っていまし
たが、詳細は不明です。
急ぎ調査に向かって頂ける
ハンターを探しています。",
1473,"≪Ｇ★１沼地探索≫
沼地を駆ける怪鳥{j}イャンクック１頭の狩猟{j}なし{j}なし{j}メインターゲットの達成{j}３回力尽きる
タイムアップ{j}行商人の男{j}沼地を通るときに怪鳥に襲わ
れ、大きな損害が出ている。
護衛のハンターを雇ったのだ
が、かなり手こずっている
ようだ。どうもこれまでの
怪鳥とは何かが違うようだ。
このまま、被害が出ては仕事
を続けていくことができない
早急に対処をお願いするよ。",
1474,"≪Ｇ★１森丘探索≫
森丘の怪しい響声{j}イャンクック１頭の狩猟{j}なし{j}なし{j}メインターゲットの達成{j}３回力尽きる
タイムアップ{j}旅する男{j}森丘でモンスターの雄叫びを
聞いたのだ。私は色々な土地
を旅してきたので、声を聞け
ばそれが何であるか分かる。
あの声は間違いなく怪鳥のも
であったのだが…。私が今ま
で聞いてきた怪鳥の声とは
どこか違う。調べてみては
くれないか。",
1475,"≪Ｇ★１密林探索≫
月下に映りし密林の巨影{j}ダイミョウザザミ１匹の狩猟{j}なし{j}なし{j}メインターゲットの達成{j}３回力尽きる
タイムアップ{j}ハンターズギルド{j}密林の未調査地域で活動中の
調査団からの依頼です。
報告によると、夜になると
大きな動く影が目撃され
不安が広がっているとのこと。
何らかのモンスターで
あることは間違いありません。
調査員に被害が出る前に
調査をお願いします。",
1476,"≪Ｇ★１砂漠探索≫
陽炎に揺れる大盾{j}ダイミョウザザミ１匹の狩猟{j}なし{j}なし{j}メインターゲットの達成{j}３回力尽きる
タイムアップ{j}ハンターズギルド{j}砂漠の未調査地域で、
陽炎の向こうに一角竜が頭
だけで動いているのを見たと、
慌てた様子の冒険者から報告
がありました。頭だけで動く
などありえないことです。
盾蟹だと考えるのが自然で
しょう。調査をお願いします。",
1477,"≪Ｇ★１潮島探索≫
岩窟に潜む盾蟹{j}ダイミョウザザミ１匹の狩猟{j}なし{j}なし{j}メインターゲットの達成{j}３回力尽きる
タイムアップ{j}冒険家{j}潮島の洞窟内に、
すごく大きな蟹がいたんだ。
前に潮島にいる大蟹からは、
美味なキノコが採れると聞い
ていたんだが…あの蟹には
キノコは生えていなかった。
違う種類なのかもしれん。
ちょっと調べてくれないか？",
1478,"≪Ｇ★２密林探索≫
夕林に漂う悪臭{j}ババコンガ１頭の狩猟{j}なし{j}なし{j}メインターゲットの達成{j}３回力尽きる
タイムアップ{j}良家に仕える男{j}最近、私が仕えている家の
近くに桃毛獣が住みつき、
ひどい悪臭が漂ってくるよう
になってしまいました。
部屋でご静養されている
お嬢様のお体に障っては
大変です。悪臭のもとである
あいつを追い払って
いただけませんか？",
1479,"≪Ｇ★２沼地探索≫
湿原を荒らす変獣{j}ババコンガ１頭の狩猟{j}なし{j}なし{j}メインターゲットの達成{j}３回力尽きる
タイムアップ{j}ハンターズギルド{j}貴重な未調査地域を桃毛獣が
荒らしているようです。
キノコや草木を食い荒らし、
あちこちに悪臭を放つフンを
まき散らし…これでは調査が
終わる前に、環境が変わって
しまいます。
至急、対応に当たれる
ハンターを募集します。",
1480,"≪Ｇ★２密林探索≫
暴走する密林の猛毒{j}ゲリョス１頭の狩猟{j}なし{j}なし{j}メインターゲットの達成{j}３回力尽きる
タイムアップ{j}ハンターズギルド{j}密林のある地域で、
夜になると飛来する毒怪鳥に
よって、木々に被害が
出ていると報告がありました。
このまま放置すれば、
その地域の木々は全て枯れて
しまうかもしれません。
急ぎ対処が必要です。",
1481,"≪Ｇ★２沼地探索≫
瞬光！湿原の毒怪鳥{j}ゲリョス１頭の狩猟{j}なし{j}なし{j}メインターゲットの達成{j}３回力尽きる
タイムアップ{j}モンスター調査員{j}沼地の奥へ調査に
向かっていた時の話だ。
遠くで何度も激しい光が
瞬いているのを見つけたのだ。
こんな場所で光を放つ
モンスターといえば、
毒怪鳥だとしか考えられん。
調査の邪魔はされたくない。
少し手を貸してくれんかね。",
1482,"≪Ｇ★３火山探索≫
火山にいななく磊塊{j}バサルモス１頭の狩猟{j}なし{j}なし{j}メインターゲットの達成{j}３回力尽きる
タイムアップ{j}ハンターズギルド{j}火山の未探査地域の
調査を行っていたところ、
睡眠を邪魔されたと
勘違いをした岩竜が暴れ
出したと報告がありました。
このままでは調査を
進めることができません。
現地へ向かい、
急ぎ対応をお願いします。",
1483,"≪Ｇ★３火山探索≫
蠢動する奇岩{j}バサルモス１頭の狩猟{j}なし{j}なし{j}メインターゲットの達成{j}３回力尽きる
タイムアップ{j}ハンターズギルド{j}火山にほど近い街道沿いで、
突然岩が襲いかかってきたと
報告がありました。
まだ調査が進んでいない
地域ですがバサルモスだと
考えて間違いないでしょう。
大きな被害が出る前に、
対処をお願いします。",
1484,"≪Ｇ★３密林探索≫
蒼天に舞う女王{j}リオレイア１頭の狩猟{j}なし{j}なし{j}メインターゲットの達成{j}３回力尽きる
タイムアップ{j}モンスター調査員{j}生態調査のために追っている
雌火竜が、まだ調査の進んで
いない未調査地域へ飛んで
行ってしまったんだ。
私としては追いかけたい
ところなのだが、あの地域へ
入ることを許可されていない。
誰か私を連れていってくれ
ないだろうか。",
1485,"≪Ｇ★３砂漠探索≫
砂漠に棲みし女王{j}リオレイア１頭の狩猟{j}なし{j}なし{j}メインターゲットの達成{j}３回力尽きる
タイムアップ{j}砂漠の調査員{j}調査団からの報告で、
雌火竜の棲みかを発見した
との報告がありました。
調査団の滞在している場所
から近いため、かなり危険
な状態です。早急な解決を
お願いします。
まだ、調査の進んでいない
地域での狩猟となります。
十分注意をしてください。",
1486,"≪Ｇ★３沼地探索≫
沼地の気高き女王{j}リオレイア１頭の狩猟{j}なし{j}なし{j}メインターゲットの達成{j}３回力尽きる
タイムアップ{j}チビッ子ハンター{j}この間、沼地へ行った時に
雌火竜を見つけたんだ。
見つからないように隠れて
見ていたんだけど、
どうも僕の知ってる雌火竜
と違う気がするんだ。
もしかしたら新しい発見が
あるかもしれないよ。
興味があるなら行ってみる
といいよ。",
1487,"≪Ｇ★３樹海探索≫
深緑に跳梁する女王{j}リオレイア１頭の狩猟{j}なし{j}なし{j}メインターゲットの達成{j}３回力尽きる
タイムアップ{j}ハンターズギルド{j}樹海付近で、飛竜による
被害報告が相次いでいる。
急いで現地へ向かい、
飛竜の狩猟に当たってくれ。
調査が不十分な地域での狩猟
となるため、飛竜がどんな
行動に出るかはわからない。
出発前の準備を怠るなよ。",
1488,"≪Ｇ★３森丘探索≫
女王の座す丘{j}リオレイア１頭の狩猟{j}なし{j}なし{j}メインターゲットの達成{j}３回力尽きる
タイムアップ{j}モンスター研究員{j}森丘の奥にある、調査がまだ
十分に行われていない場所に、
リオレイアの巣があると聞い
たんだ。そこを調べれば、
きっと新たな発見があると
思うんだよね。
僕の研究のために、
力を貸してくれないか？",
1489,"≪Ｇ★３峡谷探索≫
峡谷に響く女王の声{j}リオレイア１頭の狩猟{j}なし{j}なし{j}メインターゲットの達成{j}３回力尽きる
タイムアップ{j}ハンターズギルド{j}峡谷の未調査地域の方角より
雌火竜の咆哮が聞こえてく
るようになり、不安の声が
大きくなっています。
原因が分かりませんが
非常に危険な状態だと思われ
ます。十分に準備を整えて
調査に向かってください。",
1490,"≪Ｇ★３高地探索≫
女王が棲みし頂{j}リオレイア１頭の狩猟{j}なし{j}なし{j}メインターゲットの達成{j}３回力尽きる
タイムアップ{j}ハンターズギルド{j}高地の上空を雌火竜が飛ん
でいるのが目撃され住人に
不安が広がっています。
どこかに巣があるものと
予想されますが、
調査の進んでいない地域な
ため発見が遅れています。
調査のお手伝いをお願い
します。",
1491,"≪Ｇ★３沼地探索≫
夜霧を裂く大鎌{j}ショウグンギザミ１匹の狩猟{j}なし{j}なし{j}メインターゲットの達成{j}３回力尽きる
タイムアップ{j}モンスター研究員{j}沼地の未調査地域の探索を
手伝ってもらいたい。
と言っても、何かを集めて
欲しいというわけではない。
どうやら行き先に鎌蟹がいる
という情報があってな。
私ひとりで向かうには、
いささか危険な場所だからな。
頼まれてはくれないか？",
1492,"≪Ｇ★３火山探索≫
紅に閃く大鎌{j}ショウグンギザミ１匹の狩猟{j}なし{j}なし{j}メインターゲットの達成{j}３回力尽きる
タイムアップ{j}ハンターズギルド{j}商隊の積み荷が、火山の
未調査地域近辺で襲われたと
被害の報告が届いている。
積み荷は何か鋭利なもので
切り裂かれたような跡が
あったらしいのだが…。
火山近辺でそんな事ができる
モンスターは奴以外にいない。
急いで対処に当たって欲しい。",
1493,"≪Ｇ★３潮島探索≫
深淵に蠢く巨躯{j}ショウグンギザミ１匹の狩猟{j}なし{j}なし{j}メインターゲットの達成{j}３回力尽きる
タイムアップ{j}波乗り爺さん{j}潮島にある大きな深い穴のこ
とは知っておるか？
ワシは見たのじゃよ…。
深い穴の底で蠢くものを…。
それが一体何だったのかは
分からんのじゃが、
確かに何かいたんじゃ。
正体を付きとめてくれまいか。",
1494,"≪Ｇ★４雪山探索≫
白亜の群れの王{j}ドドブランゴ１頭の狩猟{j}なし{j}なし{j}メインターゲットの達成{j}３回力尽きる
タイムアップ{j}ハンターズギルド{j}調査がまだ満足に行われて
いない地域をなわばりにして
いるドドブランゴの行動範囲
が、人の住む地域の近くまで
広がってきているようです。
放っておけば大きな被害が
出てしまう可能性があります。
その前に、ドドブランゴを
追い払ってください。",
1495,"≪Ｇ★４雪山探索≫
銀雪を跳ねる雪獅子{j}ドドブランゴ１頭の狩猟{j}なし{j}なし{j}メインターゲットの達成{j}３回力尽きる
タイムアップ{j}織物職人の女{j}暖かい服を作るんだけど、
素材集めを頼めるかしら。
お願いしたいのは雪獅子の毛。
硬くてさわり心地もいまいち
なんだけど、暖かくて素材に
は最適なの。狩猟さえして
くれれば、あとは私の方で
剥ぎ取るわ。頼むわね。",
1496,"≪Ｇ★４沼地探索≫
洞穴に蠢く白影{j}フルフル１頭の狩猟{j}なし{j}なし{j}メインターゲットの達成{j}３回力尽きる
タイムアップ{j}ハンターズギルド{j}未調査地域の沼地で、
白影の発見報告がありました。
安全確保のために、
狩猟へ向かって下さい。
フルフルは一切音を発さずに
襲い掛かってきます。
発見することも困難ですが、
不意を突かれないよう、
十分注意してください。",
1497,"≪Ｇ★４雪山探索≫
雪華を散らす雷光{j}フルフル１頭の狩猟{j}なし{j}なし{j}メインターゲットの達成{j}３回力尽きる
タイムアップ{j}登山家の男{j}雪山を楽しく登っていたら、
山頂近くで雷が弾けるのが
見えたんだ。空は晴れていた
から、雷雲が出ていたとは
思えないんだけど…。
このまま登ると危なそうだ。
ちょっと調査をお願い
できないかな。",
1498,"≪Ｇ★４森丘探索≫
天穹を総べる火竜{j}リオレウス１頭の狩猟{j}なし{j}なし{j}メインターゲットの達成{j}３回力尽きる
タイムアップ{j}夢見がちな男{j}リオレウスは知っての通り、
「空の王」とも呼ばれている
勇壮な飛竜だ。
僕もあの火竜のように、
強く勇ましい男になりたい。
そこで、リオレウスの牙を
お守りにしようと思うんだ。
ちょっと狩猟を頼めないかな。",
1499,"≪Ｇ★４古塔探索≫
火竜の坐す古塔{j}リオレウス１頭の狩猟{j}なし{j}なし{j}メインターゲットの達成{j}３回力尽きる
タイムアップ{j}おびえた男{j}みんながあまり知らない
古い塔に、最近火竜が
住みついて困っているんだ。
あそこに採取に行けないと、
普段生活するのに困って
しまうんだ。
どうにかあいつを
追い払ってくれないか？",
1500,"≪Ｇ★４峡谷探索≫
峡谷に君臨する赤翼{j}リオレウス１頭の狩猟{j}なし{j}なし{j}メインターゲットの達成{j}３回力尽きる
タイムアップ{j}ハンターズギルド{j}ギルドでは未調査地域の調査
に力を入れていますが、
火竜が現れ思うような調査が
できず遅れが発生しています。
このままでは遅れる
ばかりです。
安全の確保をお願いします。",
1501,"≪Ｇ★４高地探索≫
高地に響く王者の咆哮{j}リオレウス１頭の狩猟{j}なし{j}なし{j}メインターゲットの達成{j}３回力尽きる
タイムアップ{j}ハンターズギルド{j}高地に響く咆哮の元となる
火竜を見つけ出し狩猟を
お願いします。
咆哮は高地の未調査地域よ
り聞こえており非常に危険
な依頼といえます。
気を付けてください。",
1502,"≪Ｇ★５沼地探索≫
湿原を切り裂く熱線{j}グラビモス１頭の狩猟{j}なし{j}なし{j}メインターゲットの達成{j}３回力尽きる
タイムアップ{j}ハンターズギルド{j}沼地の未調査地域に、
鎧竜が出現しました。
どうやら鉱物を求めている
うちに、この場所まで辿り
ついたようなのです。
沼地がグラビモスの熱線で
干上がってしまう前に、
追い払う必要がありそうです。",
1503,"≪Ｇ★５火山探索≫
灼炎に猛進する鎧竜{j}グラビモス１頭の狩猟{j}なし{j}なし{j}メインターゲットの達成{j}３回力尽きる
タイムアップ{j}モンスター調査員{j}火山の未調査地域で、
大きな足跡を発見しました。
モンスターの姿は確認できて
いませんが、足跡の大きさか
ら、グラビモスであると考え
られます。モンスターを見つ
け出し、調査のために狩猟を
行ってください。",
1504,"≪Ｇ★５砂漠探索≫
熱砂を逆巻く轟竜{j}ティガレックス１頭の狩猟{j}なし{j}なし{j}メインターゲットの達成{j}３回力尽きる
タイムアップ{j}ハンターズギルド{j}砂漠の未調査地域で、
ティガレックスの出現を
確認いたしました。
過酷な環境のためにエサが
少なく、非常に気が立ってい
ると報告を受けています。
人が住んでいる近くへ
来る前に、対処が必要です。",
1505,"≪Ｇ★５雪山探索≫
銀嶺を抉る咢{j}ティガレックス１頭の狩猟{j}なし{j}なし{j}メインターゲットの達成{j}３回力尽きる
タイムアップ{j}商人の男{j}雪山に出現した轟竜が、
草食モンスターたちを
次々と襲っているんだ！
俺たちも食い物を確保しな
くちゃならんのに、このまま
では飢えてしまう。何とか
対処してもらえないだろうか。",
1506,"≪Ｇ★５峡谷探索≫
峡谷を呑みこむ大口{j}パリアプリア１頭の狩猟{j}なし{j}なし{j}メインターゲットの達成{j}３回力尽きる
タイムアップ{j}ハンターズギルド{j}峡谷の調査が進んでいない
場所に、呑竜が現れました。
今はまだおとなしくして
いますが、人が多く通る
道の近くにいるため、
出来る限り早急に対応が
必要だと思われます。
狩猟に向かえるハンターを
募集させていただきます。",
1507,"≪Ｇ★５高地探索≫
渦潮の如き食欲{j}パリアプリア１頭の狩猟{j}なし{j}なし{j}メインターゲットの達成{j}３回力尽きる
タイムアップ{j}泥だらけの男{j}高地に呑竜が現れた！
あいつ、突然やってきたと
思ったら、高地の植物や
動物を、次々と喰っちまい
やがった！このままじゃ
高地の生態系は滅茶苦茶だ！
多分今の時間は
水辺にいるはずだ。
さっさと追い払ってくれ！",
1508,"≪Ｇ★６火山探索≫
燃える海に浮かぶ影{j}ヴォルガノス１頭の狩猟{j}なし{j}なし{j}メインターゲットの達成{j}３回力尽きる
タイムアップ{j}ハンターズギルド{j}火山に向かったハンターから、
溶岩の上に何か浮かんでいた
ようだと報告がありました。
情報から考えれば溶岩竜で
間違いないかと思いますが、
あの場所での生息は確認でき
ていません。一応、調査に
向かっていただけますか。",
1509,"≪Ｇ★６火山探索≫
溶岩の海の主{j}ヴォルガノス１頭の狩猟{j}なし{j}なし{j}メインターゲットの達成{j}３回力尽きる
タイムアップ{j}生態調査員{j}未調査地域にある火山に、
ヴォルガノスが生息している
ことが分かりました。
ヴォルガノスは溶岩の中を
好き勝手に泳ぎ回るため、
放っておけば噴火してしまう
危険があります。
急ぎヴォルガノスの狩猟に
向かって頂けませんか？",
1510,"≪Ｇ★６樹海探索≫
深緑に潜む毒棘{j}エスピナス１頭の狩猟{j}なし{j}なし{j}メインターゲットの達成{j}３回力尽きる
タイムアップ{j}熱血登山家{j}茂みの中を歩いていたら、
エスピナスが寝ているところ
に遭遇してさ。
ぼんやりしていたから、
危うくぶつかって、
棘が刺さるところだったよ。
あんなところでエスピナスを
見たのは初めてだったなあ。",
1511,"≪Ｇ★６樹海探索≫
いばらへ繋がる樹海{j}エスピナス１頭の狩猟{j}なし{j}なし{j}メインターゲットの達成{j}３回力尽きる
タイムアップ{j}モンスター調査員{j}未調査地域にある樹海に、
エスピナスが住みついている
ようだと報告がありました。
エスピナスを起こさないよう
調査を進めていたのですが、
あるときを境に、我々に
攻撃をしてくるようになった
のです。護衛のため、
協力を頼みます。",
1512,"≪Ｇ★６雪山探索≫
雪嶺を揺らす金風{j}ラージャン１頭の狩猟{j}なし{j}なし{j}メインターゲットの達成{j}３回力尽きる
タイムアップ{j}登山家の男{j}雪山を楽しく登っていたら、
山頂近くで突然大きな揺れを
感じたんだ。噴火や地震では
ないみたいだったけど…。
そういえば、その後獣の
咆哮のようなものが聞こえた
かな。もしかしたら山頂
付近に、何かいるのかも…？",
1513,"≪Ｇ★６火山探索≫
灼地に跳舞する獅子{j}ラージャン１頭の狩猟{j}なし{j}なし{j}メインターゲットの達成{j}３回力尽きる
タイムアップ{j}モンスター研究員{j}ラージャンが火口に飛び込ん
で行くのを見たんだ。
あんな場所にラージャンが
いるだなんて知らなかった
から、すごく驚いたよ。
これから調査に行こうと
思うんだ。誰か護衛をして
くれる人はいないかな？",
1514,"≪Ｇ★７密林探索≫
黒紫の夕日影{j}イャンガルルガ１頭の狩猟{j}なし{j}なし{j}メインターゲットの達成{j}３回力尽きる
タイムアップ{j}身なりの良い男{j}密林にイャンガルルガが現れ、
ほとほと困り果てている。
私は夕日を眺めながら、
ゆっくりと食事をしたかった
だけなのに、あの黒狼鳥め…
やかましく鳴きたてるわ、
突風を起こすわの大騒ぎだ。
さっさと追い払ってくれ！",
1515,"≪Ｇ★７峡谷探索≫
峡谷をつんざく狂声{j}イャンガルルガ１頭の狩猟{j}なし{j}なし{j}メインターゲットの達成{j}３回力尽きる
タイムアップ{j}ハンターズギルド{j}未調査地域の峡谷で、黒狼鳥
が単独で行動しているのを
確認しました。
付近には峡谷を越える際に
使用する街道があります。
そこへ到達しないよう、
対処を依頼できるハンターを
募集いたします。",
1516,"≪Ｇ★７砂漠探索≫
結晶華の咲く砂漠{j}アクラ・ヴァシム１匹の討伐{j}なし{j}なし{j}メインターゲットの達成{j}３回力尽きる
タイムアップ{j}うわさ好きの男{j}こんな噂があるんだ。
何もない砂漠の中心に、
突如として結晶の華が咲く
ことがあるそうだ。
すごく綺麗なんだが、それに
近づいた者は精気を吸い取ら
れてしまうらしい…。
もし見つけたら、くれぐれも
近づかないことだな。",
1517,"≪Ｇ★７沼地探索≫
沼野に沈む結晶{j}アクラ・ヴァシム１匹の討伐{j}なし{j}なし{j}メインターゲットの達成{j}３回力尽きる
タイムアップ{j}宝石商の女{j}沼地にすっごく綺麗な宝石が
あるって聞いたんだけど、
知ってるかしら？
何でも、結構な大きさの
結晶を見た人がいるらしいの。
それが本当にあるのなら、
とってきてくれないかしら。
ちゃんとお礼はするわよ。",
1518,"≪Ｇ★７高地探索≫
悪天貫く怒角{j}グレンゼブル１頭の狩猟{j}なし{j}なし{j}メインターゲットの達成{j}３回力尽きる
タイムアップ{j}ハンターズギルド{j}高地の未調査地域を探索中に、
グレンゼブルと遭遇したと
報告がありました。
調査をこのまま続けても、
思ったような成果を得る事は
できないでしょう。
まずは、グレンゼブルを狩猟
し、安全を確保します。
どなたかお願いできますか？
",
1519,"≪Ｇ★７高地探索≫
高地を揺るがす蛮哮{j}グレンゼブル１頭の狩猟{j}なし{j}なし{j}メインターゲットの達成{j}３回力尽きる
タイムアップ{j}貨物を運ぶ男{j}調査が進んでいないと言われ
ている高地の付近を通った
時のことだ。突然あたりの
空気が震えるほどの咆哮が
聞こえて来てな。
みんな高地の近くを通るのは
嫌だとおびえちまって困って
るんだ。ちょいと狩猟して、
俺たちを安心させてくれよ。",
1520,"≪Ｇ★７古塔探索≫
氷塵の舞う古塔{j}デュラガウア１頭の狩猟{j}なし{j}なし{j}メインターゲットの達成{j}３回力尽きる
タイムアップ{j}生態調査員の男{j}人がほとんど立ち入らない、
古い塔を調べていたんだが…
うっかり足を滑らせて塔から
落ちてしまったんだ。
運よく軽傷だったんだが、
落ちた場所が変わったところ
でね。寒くもないのに、あち
こちが凍りついていたんだ。
これは調査が必要だよね。",
1521,"≪Ｇ★７高地探索≫
凍てつく高地の暗雨{j}デュラガウア１頭の狩猟{j}なし{j}なし{j}メインターゲットの達成{j}３回力尽きる
タイムアップ{j}ハンターズギルド{j}高地から流れ出ている水流の
一部に、氷が混ざっているこ
とが確認されました。
恐らく上流にあたる、
まだ調査が進められていない
高地に、氷狐竜が出現したの
だと思われます。
確認に向かっていただける
ハンターを募集いたします。",
1522,"≪Ｇ★７峡谷探索≫
峡谷の冷徹なる眼光{j}デュラガウア１頭の狩猟{j}なし{j}なし{j}メインターゲットの達成{j}３回力尽きる
タイムアップ{j}ハンターズギルド{j}峡谷の未調査地域で、
凍った植物や動物が見つかり
ました。報告から氷狐竜であ
る可能性が高いとのことです
が、ギルドはこれ以上、
調査団による活動は危険と
判断、腕の立つハンターへ
依頼することとなりました。
ハンターの皆さん、
至急調査をお願いします。",
1523,"≪Ｇ★１極海探索≫
群れを守る赤い瞳{j}ポカラドン１頭の狩猟{j}なし{j}なし{j}メインターゲットの達成{j}３回力尽きる
タイムアップ{j}船乗りの男{j}私は船を使って商売をして
いる者なんだがね。ある時
極海でポカラドンを発見
したのよね。
あの暖かそうな毛皮を
使えば、きっといい商品が
作れると思うんだよね。
ちょっと狩猟を頼めるかね。",
1524,"≪Ｇ★１極海探索≫
氷上の群れの主{j}ポカラドン１頭の狩猟{j}なし{j}なし{j}メインターゲットの達成{j}３回力尽きる
タイムアップ{j}痩せた研究者{j}ワタシはモンスターの生態を
調査するのが大好きでね。
興味があるものを調べるため
ならば、どんな危地でもいと
わない。だが、命を落として
しまっては、調査が出来なく
なる。ワタシの護衛を
頼まれてはくれんか。",
1525,"≪Ｇ★２樹海探索≫
エキセントリック{j}ファルノック１頭の狩猟{j}なし{j}なし{j}メインターゲットの達成{j}３回力尽きる
タイムアップ{j}派手ないでたちの男{j}樹海にド派手なモンスターが
現れたって話を聞いたんだ。
絵を見せてもらって、思わず
心が震えたぜ！あの個性的な
見た目と、激しいカミナリ！
何と言っても一番魅力的
なのは、あの個性的な
とさかだよな。
ぜひ髪型に取り入れたいが…
何とかならねえかな？",
1526,"≪Ｇ★２樹海探索≫
深緑を焦がす閃電{j}ファルノック１頭の狩猟{j}なし{j}なし{j}メインターゲットの達成{j}３回力尽きる
タイムアップ{j}ハンターズギルド{j}ファルノックは傾雷鳥とも
呼ばれている鳥竜種で、
非常に派手な外見をした
モンスターだ。現在調査を
進めているが、まだ不明な
点が多いのが現状だ。
今後の調査のため、協力して
くれるハンターを募集したい。",
1527,"≪Ｇ★３高地探索≫
高地疾駆、針纏竜{j}ヒュジキキ１頭の狩猟{j}なし{j}なし{j}メインターゲットの達成{j}３回力尽きる
タイムアップ{j}ハンターズギルド{j}針纏竜とも呼ばれる
ヒュジキキは、非常に俊敏で
攻撃的な性格をしています。
近くを通るもの全てに襲いか
かり、多くの被害を出してい
ます。対処するためには、
まず詳しく生態を知る
必要があります。
調査に協力をお願いします。",
1528,"≪Ｇ★３高地探索≫
豪雨に研がれし針毛{j}ヒュジキキ１頭の狩猟{j}なし{j}なし{j}メインターゲットの達成{j}３回力尽きる
タイムアップ{j}探検家の男{j}高地を探索している時に、
鋭い針が落ちているのを
見つけたんだ。あんな
針は見たことがない…。
もしかしたら、危険なモンス
ターのものかもしれない。
何か起こってからでは遅い。
急いで高地を調査して
もらえないか？",
1529,"≪Ｇ★４火山探索≫
瞬閃の爆狼{j}ミドガロン１頭の狩猟{j}なし{j}なし{j}メインターゲットの達成{j}３回力尽きる
タイムアップ{j}満身創痍のハンター{j}火山の未調査地域で
採取をしていた時のことだ。
目の前に大きなオルガロンが
現れたんだ。そうしたら突然
そいつの姿が消えてな。
次の瞬間には吹き飛ばされて
いた。何が起こったのかは
全く分からないが…調査に
行くなら注意することだな。",
1530,"≪Ｇ★４火山探索≫
瞬襲する紅緋の孤狼{j}ミドガロン１頭の狩猟{j}なし{j}なし{j}メインターゲットの達成{j}３回力尽きる
タイムアップ{j}ハンターズギルド{j}火山に出現したミドガロンを
調査するため、協力して頂け
るハンターを募集いたします。
ミドガロンは基本的に単体で
行動していますが、それは
自身が強いため、群れる必要
が無いからだと思われます。
十分な実績を持ったハンター
でなくては、危険な依頼です。",
1531,"≪Ｇ★５峡谷探索≫
双璧なす朱蒼の獣{j}ゴウガルフ２頭の狩猟{j}なし{j}なし{j}メインターゲットの達成{j}３回力尽きる
タイムアップ{j}ハンターズギルド{j}峡谷の未調査地帯に赤と青の
２頭の獣が確認されました。
調査員の報告では、２頭の獣
はいつも争っており、余りの
激しさから自然を破壊し続け
ているということです。
このままでは峡谷の生態系を
破壊しかねません。
至急現地に向かい対処してく
ださい。",
1532,"≪Ｇ★５峡谷探索≫
双獣相打つ峡谷{j}ゴウガルフ２頭の狩猟{j}なし{j}なし{j}メインターゲットの達成{j}３回力尽きる
タイムアップ{j}覆面の男{j}峡谷の奥深くに修行に行った
時の話だ。水辺の方から
もの凄い轟音が聞こえたので
行ってみたんだ。
そこには２頭の獣が争ってい
たんだが、どうも俺には
ただ争っているだけには見え
なくてな。争いに見入ってし
まったんだ。興味があるなら
行ってみなよ。",
1533,"≪Ｇ★６極海探索≫
氷霧吹き荒れる極海{j}アノルパティス１頭の狩猟{j}なし{j}なし{j}メインターゲットの達成{j}３回力尽きる
タイムアップ{j}モンスター調査員{j}極海の調査をしていた時の
ことだ。これまで天気が
良かったのに、突然氷の霧が
発生したんだ。
雨が降ったわけでもないし、
湿度が高かったわけでもない。
一体何が起きたのか、見当も
つかない。何かわかったら、
僕にも教えてくれ。",
1534,"≪Ｇ★６極海探索≫
極海に君臨する暴鋸{j}アノルパティス１頭の狩猟{j}なし{j}なし{j}メインターゲットの達成{j}３回力尽きる
タイムアップ{j}ハンターズギルド{j}アノルパティスは特徴的な
鼻先から暴鋸竜と呼ばれる
飛竜種のモンスターです。
陸と空を自在に移動し
獲物に襲い掛かるなど、
高い戦闘能力を持ち、非常
に狂暴な性格をしています。
危険なことは承知ですが、
この暴鋸竜の狩猟を
よろしくお願いします。",
1535,"≪Ｇ★７拠点防衛≫
要衝を疾る雷霆{j}レビディオラ１体の討伐{j}なし{j}なし{j}メインターゲットの達成{j}３回力尽きる　タイムアップ
拠点の耐久値ゼロ{j}ハンターズギルド{j}迎撃拠点にレビディオラが
近づいていることが確認され
ました。強力な個体に対して
の迎撃態勢を整えてはいます
が、全く油断はできません。
事前に十分な準備を整え、
討伐に向かってください。",
1536,"≪Ｇ★７拠点防衛≫
夜天に煌く金翼{j}レビディオラ１体の討伐{j}なし{j}なし{j}メインターゲットの達成{j}３回力尽きる　タイムアップ
拠点の耐久値ゼロ{j}整備士の男{j}古龍予報局より、間もなく
迎撃拠点に雷極龍が現れると
報告がありました。
夜闇の中での戦いとなるため、
準備を十分に行ったうえ、
迎撃施設を利用して
討伐に当たってください。",
1537,"≪Ｇ★５極海探索≫
極海に仇なす氷刃{j}ギアオルグ１頭の狩猟{j}なし{j}なし{j}メインターゲットの達成{j}３回力尽きる
タイムアップ{j}ハンターズギルド{j}極海で発見された氷獰竜は、
鋭利な爪や牙、尾によって
暴れるたびに氷の大地に大き
な亀裂を生じさせます。
このまま暴れられたのでは、
亀裂や落雪のために調査を
進めることができません。
早急に対応が必要です。",
1538,"≪Ｇ★５極海探索≫
氷原を砕く爪牙{j}ギアオルグ１頭の狩猟{j}なし{j}なし{j}メインターゲットの達成{j}３回力尽きる
タイムアップ{j}モンスター調査員{j}極海の調査をしていたんだが、
氷の至るところにひび割れた
ような穴があったんだ。
恐らくあれはギアオルグの
仕業だろうな。
あいつは獲物を捕らえるため
に、かなり乱暴な狩りをする
こともあるようだ。逆に食わ
れないように、気をつけろよ。",
1539,"≪Ｇ★１密林探索≫
青き集団を束ねし鳥竜{j}ドスランポス１頭の狩猟{j}なし{j}なし{j}メインターゲットの達成{j}３回力尽きる
タイムアップ{j}ハンターズギルド{j}密林に向かった調査員が、
モンスターに襲われたと
の報告が入りました。
そのモンスターは草陰から
突然現れたらしく、
正確な証言は取れていません
が、とても素早く、そして
青かったということです。
急ぎこのモンスターが何か
調査をお願いします。",
1540,"≪Ｇ★１密林探索≫
月夜を駆ける青き影{j}ドスランポス１頭の狩猟{j}なし{j}なし{j}メインターゲットの達成{j}３回力尽きる
タイムアップ{j}ハンターズギルド{j}密林に滞在している調査員の
話では、その青いモンスター
は夜な夜な現れるそうで、
大きな被害は出ていませんが、
調査員の間では、不安が
広がっているという事です。
急ぎこのモンスターが何か
調査をお願いします。
",
1541,"≪Ｇ★１砂漠探索≫
乾き地に住みし黄色の鳥竜{j}ドスゲネポス１頭の狩猟{j}なし{j}なし{j}メインターゲットの達成{j}３回力尽きる
タイムアップ{j}ハンターズギルド{j}砂漠の未調査地域にいる
調査員から、黄色の鳥竜種を
発見したとの報告がありまし
た。報告から、ドスゲネポス
ではないかと思われますが、
生息地域が変われば、
そこに棲むモンスターにも
何かしらの変化があるはずで
す。調査をお願いします。",
1542,"≪Ｇ★１砂漠探索≫
砂漠を脅かす痺爪{j}ドスゲネポス１頭の狩猟{j}なし{j}なし{j}メインターゲットの達成{j}３回力尽きる
タイムアップ{j}ハンターズギルド{j}砂漠の調査に向かっている
調査団が黄色の鳥竜種に
襲われ先に進めず困ってい
るということです。
砂漠へ向かい、問題の解決
に当たってください。
非常に素早く、爪が非常に
危険なモンスターのようで
す。気を付けてください。",
1543,"≪Ｇ★１沼地探索≫
沼地に待ち構えし赤き鳥竜{j}ドスイーオス１頭の狩猟{j}なし{j}なし{j}メインターゲットの達成{j}３回力尽きる
タイムアップ{j}気位の高い調査員{j}私を、沼地の未調査地域へ
連れて行ってくれないか。
新しい発見が次々報告され
ているそうじゃないか。
私もその場所へ行き偉大な
発見をしたいと思っている
のだ。ただ、かなり危険な
場所という話。護衛をお願
いしたいんだ。",
1544,"≪Ｇ★１火山探索≫
疾走する火山の赤き風{j}ドスイーオス１頭の狩猟{j}なし{j}なし{j}メインターゲットの達成{j}３回力尽きる
タイムアップ{j}地形調査員{j}火山の未調査地域もだいぶ
開拓が進んで街道を作る話も
出ているんだが、予定してい
る場所は、赤い鳥竜の通り道
でもある。迂回させようにも
まだまだ道を逸れると危険な
状態だ。どうにか赤い鳥竜を
狩猟して安全を確保してもら
いたい。",
1545,"≪Ｇ★７古塔探索≫
古塔を踊躍せし金火竜{j}リオレイア希少種１頭の狩猟{j}なし{j}なし{j}メインターゲットの達成{j}３回力尽きる
タイムアップ{j}ハンターズギルド{j}古塔の深部へ向かった調査団
から、金火竜を発見したとの
報告が届きました。
金火竜と遭遇すること自体が
稀であり、未調査地域に
生息する金火竜となると、
その調査価値は計り知れま
せん。至急現地へ向かい
調査をお願いします。",
1546,"≪歌姫ストーリー専用≫
彼の狩人の足跡{j}アノルパティス１頭の狩猟{j}なし{j}なし{j}メインターゲットの達成{j}３回力尽きる
タイムアップ{j}ハンターズギルド{j}ギルドではこの度、穿龍棍の
新たな使い手となり得る
ハンターを探しています。
かつての使い手≪トキシ≫の
狩りの足跡をたどることで、
新たな使い手が現れてくれる
ことを、ギルドは切望して
います。",
1547,"≪Ｇ★７沼地探索≫
外海より来たりし新たな恐怖{j}バルラガル１頭の狩猟{j}ドスイーオス１頭の狩猟{j}なし{j}メインターゲット、もしくは
サブターゲットＡの達成{j}３回力尽きる
タイムアップ{j}ハンターズギルド{j}沼地を探索していた調査員が
ギルドに重体で搬送された。
残された調査員の観察記録に
よると、近ごろ沼地でドス
イーオスやイーオスが減少
傾向にあるらしい。
そこで、腕に自信のある
ハンターに真偽を確かめる
べく調査をお願いしたい。",
1548,"≪Ｇ★７砂漠探索≫
砂漠の水辺に潜む脅威{j}バルラガル１頭の狩猟{j}ドスゲネポス１頭の狩猟{j}なし{j}メインターゲット、もしくは
サブターゲットＡの達成{j}３回力尽きる
タイムアップ{j}ハンターズギルド{j}ギルドにある文書を片っ端
から調べた結果、沼地に出現
した新たなモンスターは
≪喰血竜≫バルラガルである
ことがわかった。
そして、今度は砂漠で目撃し
たという報告があり、熱砂を
避け、薄暗い洞窟に潜んでい
るそうだ。
再び、調査をお願いしたい！",
1549,"≪Ｇ★７密林探索≫
雨の密林、血塗られた喰血竜{j}バルラガル１頭の狩猟{j}ドスランポス１頭の狩猟{j}なし{j}メインターゲット、もしくは
サブターゲットＡの達成{j}３回力尽きる
タイムアップ{j}ハンターズギルド{j}今度は密林の生態が乱されて
います。
ドスランポスやランポスが
新たな侵入者である≪喰血竜≫
となわばり争いをしている
ようですが…。
雨天の密林でバルラガルを
狩猟することは、たいへん
危険ですので、万全の準備を
して出発してください！",
1550,"≪Ｇ★２砂漠探索≫
黄砂を回遊する砂竜{j}ドスガレオス１頭の狩猟{j}なし{j}なし{j}メインターゲットの達成{j}３回力尽きる
タイムアップ{j}砂漠担当の調査員{j}これまで、このあたりの砂漠
では≪盾蟹≫や≪雌火竜≫を
よく目撃していましたが、
最近はガレオスが群れを成し
て回遊しています。
おそらく、彼らのボス≪砂竜≫
が近くに現れたと思われます。
そこで、熟練のハンターさん
に調査をお願いします。",
1551,"≪Ｇ★２砂漠探索≫
暗闇の砂海を徘徊する魚影{j}ドスガレオス１頭の狩猟{j}なし{j}なし{j}メインターゲットの達成{j}３回力尽きる
タイムアップ{j}ハンターズギルド{j}夜の砂漠でよく事故が起きる
と報告があった。
商人が日差しの強い日中を
避け、夜に荷物を輸送してい
たら、砂からモンスターが
飛び出してきて襲われたらし
い。
おそらく、原因は≪砂竜≫の
徘徊と思われるので狩猟して
きてほしい。",
1552,"≪Ｇ★４砂漠探索≫
水中から飛び出す巨影{j}ガノトトス１頭の狩猟{j}なし{j}なし{j}メインターゲットの達成{j}３回力尽きる
タイムアップ{j}年老いた釣り師{j}砂漠で釣りをしていたら、
水面に巨大な影が見えてな。
たぶん、噂に聞く≪水竜≫
ガノトトスだったと思うん
じゃが、あいつがいると
オチオチ釣りもできんわい。
そこで、ギルドのハンター
が追っ払ってくれると
助かるんじゃが…。",
1553,"≪Ｇ★４密林探索≫
光届かぬ深闇に潜む魚竜{j}ガノトトス１頭の狩猟{j}なし{j}なし{j}メインターゲットの達成{j}３回力尽きる
タイムアップ{j}ハンターズギルド{j}密林の未調査地域へ行ってい
る調査員からの報告です。
夜に水辺へ行った時、水の底
から視線を感じ慌てて逃げ
帰ったということです。
付近は多くの生物が生息
しているため、調査員達に
不安が広がっています。
現地へ向かい調査を
開始してください。",
1554,"≪Ｇ★４砂漠探索≫
砂漠を蹂躪する角竜{j}ディアブロス１頭の狩猟{j}なし{j}なし{j}メインターゲットの達成{j}３回力尽きる
タイムアップ{j}ハンターズギルド{j}砂漠で≪ディアブロス≫が
暴れていると行商人から報告
が上がっております。現在は
目立った被害は出ていない様
ですが、近くの街道を行交う
人の安全確保のために、
対処に向かってください。",
1555,"≪Ｇ★４砂漠探索≫
闇を切裂く暴角の響{j}ディアブロス１頭の狩猟{j}なし{j}なし{j}メインターゲットの達成{j}３回力尽きる
タイムアップ{j}寝不足の男{j}夜の砂漠のどこからか、
何かがぶつかる激しい音が
聞こえてくるんだ。
安心して寝ることができなく
て困り果ててるんだ…。
頼む！俺の安眠を取り戻しに
行ってきてくれないか？",
1556,"≪Ｇ★５峡谷探索≫
雷を纏いし幽谷の竜{j}ベルキュロス１頭の狩猟{j}なし{j}なし{j}メインターゲットの達成{j}３回力尽きる
タイムアップ{j}ハンターズギルド{j}峡谷の奥深く、まだ調査団
も余り行くことのない、
未踏の地で大きな竜を見た
との報告がありました。
また、そのモンスターが、
消える直前に雷が激しく
鳴り響いたとの報告もあり
ます。至急、
このモンスターの正体を
付きとめてください。",
1557,"≪Ｇ★５峡谷探索≫
深き山の主、舞雷竜{j}ベルキュロス１頭の狩猟{j}なし{j}なし{j}メインターゲットの達成{j}３回力尽きる
タイムアップ{j}ハンターズギルド{j}峡谷に住む人々の話では、
峡谷の奥深くには、
雷を操る竜がいるとの逸話が
数多く残されているとのこと
です。話の真偽は定かではあ
りませんが、調査団を危険に
さらすわけにはいきません。
調査に同行し、安全の確保を
お願いします。",
1558,"≪Ｇ★６沼地探索≫
沼地を揺るがす黒き鎧影{j}グラビモス亜種１頭の狩猟{j}なし{j}なし{j}メインターゲットの達成{j}３回力尽きる
タイムアップ{j}ハンターズギルド{j}沼地の深部の調査が開始さ
れ、多くの報告が上がって
くるようになりました。
その中に、地鳴りとともに
現れる黒い山のような竜の
報告が届いています。
至急、このモンスターの
正体を突き止めてください。",
1559,"≪Ｇ★６火山探索≫
黒鎧放つ灼熱の閃光{j}グラビモス亜種１頭の狩猟{j}なし{j}なし{j}メインターゲットの達成{j}３回力尽きる
タイムアップ{j}ハンターズギルド{j}火山の住人の話では、火山の
奥深くには、山のような
黒い竜が棲むという話が、
多く残っているということで
す。調査の結果、この竜が
棲むと思われる場所が特定で
きました。至急、現地へ向か
いこのモンスターの正体を
突き止めてください。",
1560,"≪歌姫ストーリー専用≫
新たな武器種{j}アプトノス３頭の討伐{j}特産キノコ３個の納品{j}なし{j}メインターゲット、もしくは
サブターゲットＡの達成{j}３回力尽きる
タイムアップ{j}先代ギルドマスター{j}穿龍棍の鍛練をするための
依頼を用意させてもらった。
アプトノス３頭を討伐すれば
依頼は達成となるが、この
付近には雌火竜の巣がある
はずじゃ。腕に自信がある
ならば、狩猟してみても
かまわんぞ。",
1561,"≪Ｇ★１極海採取≫
【温暖期・昼】極海採取{j}地図１個の納品{j}なし{j}なし{j}メインターゲットの達成{j}３回力尽きる
タイムアップ{j}メゼポルタ猟団組合{j}極海の調査も順調に進み、
多くの新しい素材が発見され
ています。見つかった素材の
多くは、武具の生産や強化に
利用できるという話です。
危険な地へ赴くことが多い、
Ｇ級ハンターの中には、
興味のある方も多いの
ではないでしょうか。",
1562,"≪Ｇ★１潮島採取≫
【繁殖期・昼】潮島採取{j}地図１個の納品{j}なし{j}なし{j}メインターゲットの達成{j}３回力尽きる
タイムアップ{j}メゼポルタ猟団組合{j}潮島の調査も順調に進み、
多くの新しい素材が発見され
ています。見つかった素材の
多くは、武具の生産や強化に
利用できるという話です。
危険な地へ赴くことが多い、
Ｇ級ハンターの中には、
興味のある方も多いの
ではないでしょうか。",
1563,"≪Ｇ★１花畑採取≫
【繁殖期・昼】花畑採取{j}地図１個の納品{j}なし{j}なし{j}メインターゲットの達成{j}３回力尽きる
タイムアップ{j}メゼポルタ猟団組合{j}花畑の調査も順調に進み、
多くの新しい素材が発見され
ています。見つかった素材の
多くは、武具の生産や強化に
利用できるという話です。
危険な地へ赴くことが多い、
Ｇ級ハンターの中には、
興味のある方も多いの
ではないでしょうか。",
1564,"≪Ｇ★１花畑採取≫
【寒冷期・夜】花畑採取{j}地図１個の納品{j}なし{j}なし{j}メインターゲットの達成{j}３回力尽きる
タイムアップ{j}メゼポルタ猟団組合{j}花畑の調査も順調に進み、
多くの新しい素材が発見され
ています。見つかった素材の
多くは、武具の生産や強化に
利用できるという話です。
危険な地へ赴くことが多い、
Ｇ級ハンターの中には、
興味のある方も多いの
ではないでしょうか。",
1565,"≪Ｇ★１長期開催イベント≫
豊沃を象徴する者【剣士】{j}天照石９９個の納品{j}ルロウスイセン９９個の納品{j}特殊なキノコ１個の納品{j}マストオーダー全ての達成{j}３回力尽きる
タイムアップ{j}白い服のギルド員{j}未開の地において採集を行い、
ギルドに納品していただいた
おかげで、メゼポルタも豊か
になりました。
その感謝の証として、この
コインを贈ります。",
1566,"≪Ｇ★１長期開催イベント≫
豊沃を象徴する者【ガンナー】{j}天照石９９個の納品{j}ルロウスイセン９９個の納品{j}特殊なキノコ１個の納品{j}マストオーダー全ての達成{j}３回力尽きる
タイムアップ{j}白い服のギルド員{j}未開の地において採集を行い、
ギルドに納品していただいた
おかげで、メゼポルタも豊か
になりました。
その感謝の証として、この
コインを贈ります。",
1567,"≪Ｇ★１長期開催イベント≫
恵みをもたらす者【剣士】{j}天照石９９個の納品{j}ルロウスイセン９９個の納品{j}特殊なキノコ１個の納品{j}マストオーダー全ての達成{j}３回力尽きる
タイムアップ{j}白い服のギルド員{j}あなたが≪ルロウスイセン≫、
を採取し、≪天照石≫を採掘
してくれるおかげで、各地方
からの交易が盛んに行われて
います。
ギルドは、このメゼポルタに
恵みを与えてくれたお礼とし
てこのコインを贈ります。",
1568,"≪Ｇ★１長期開催イベント≫
恵みをもたらす者【ガンナー】{j}天照石９９個の納品{j}ルロウスイセン９９個の納品{j}特殊なキノコ１個の納品{j}マストオーダー全ての達成{j}３回力尽きる
タイムアップ{j}白い服のギルド員{j}あなたが≪ルロウスイセン≫、
を採取し、≪天照石≫を採掘
してくれるおかげで、各地方
からの交易が盛んに行われて
います。
ギルドは、このメゼポルタに
恵みを与えてくれたお礼とし
てこのコインを贈ります。",
1569,"≪Ｇ★１長期開催イベント≫
栄華を示す者【剣士】{j}天照石９９個の納品{j}ルロウスイセン９９個の納品{j}特殊なキノコ１個の納品{j}マストオーダー全ての達成{j}３回力尽きる
タイムアップ{j}白い服のギルド員{j}小さな種から始まり収穫、
豊穣、繁栄を経験した私たち
をさらなる高みへ導いて
くれるのは、≪Ｇ級≫へ到達
したハンターの皆さんが示す
栄華のほかにはないでしょう。",
1570,"≪Ｇ★１長期開催イベント≫
栄華を示す者【ガンナー】{j}天照石９９個の納品{j}ルロウスイセン９９個の納品{j}特殊なキノコ１個の納品{j}マストオーダー全ての達成{j}３回力尽きる
タイムアップ{j}白い服のギルド員{j}小さな種から始まり収穫、
豊穣、繁栄を経験した私たち
をさらなる高みへ導いて
くれるのは、≪Ｇ級≫へ到達
したハンターの皆さんが示す
栄華のほかにはないでしょう。",
1571,"≪Ｇ★１長期開催イベント≫
凍てつく氷塊鎚【極氷】{j}永久氷塊５０個の納品{j}なし{j}なし{j}メインターゲットの達成{j}３回力尽きる
タイムアップ{j}発掘研究員{j}わしはまたまた新たな発見を
した！純度が高くなかなか融
けない氷の塊「永久氷塊」、
これを複数集めれば、蒼く
美しい氷の塊を生成できるん
じゃ。
今回も素材の採取を手伝って
くれたら、生成物を分けて
やるぞい。",
1572,"≪Ｇ★１花畑探索≫
花を散らす大猪の爆噴{j}ドスファンゴ１頭の狩猟{j}なし{j}なし{j}メインターゲットの達成{j}３回力尽きる
タイムアップ{j}ハンターズギルド{j}とある商人が、花畑へ花を摘
みに行くと、そこには巨大な
≪大猪≫がそこら中の花を吹
き飛ばしながら暴れ回ってて
いたそうだ。このままでは商
売ができなくなってしまう。
誰か花畑にいる≪大猪≫の退
治をお願いできないだろうか。",
1573,"≪Ｇ★１密林探索≫
猛然たる密林の大牙{j}ドスファンゴ１頭の狩猟{j}なし{j}なし{j}メインターゲットの達成{j}３回力尽きる
タイムアップ{j}ハンターズギルド{j}密林でヤオザミの生態調査を
行っていたら、突然ドス
ファンゴが襲ってきました。
このままでは調査が進められ
ません！
どうか、ドスファンゴを狩猟
してきてもらえないでしょう
か？",
1574,"≪Ｇ★３沼地探索≫
闇夜切り裂く響狼の遠吠え{j}ノノ・オルガロン１頭の狩猟{j}なし{j}なし{j}メインターゲットの達成{j}３回力尽きる
タイムアップ{j}ハンターズギルド{j}沼地の未調査地域で
響狼が発見されたようです。
調査を進める上での障害に
なり得ますので、狩猟に
向かってください。
雄響狼は別のハンターに気を
引いてもらいますので、
あなた方は雌響狼の方を
お願い致します。
",
1575,"≪Ｇ★７古塔探索≫
猛き響狼達の二重奏{j}カム・オルガロン１頭の狩猟{j}ノノ・オルガロン１頭の狩猟{j}なし{j}マストオーダー全ての達成{j}３回力尽きる
タイムアップ{j}ハンターズギルド{j}塔での調査を行っていたら、
２頭の響狼が突然姿を現しま
した。どうやら、非常に怒っ
ているようで、今にも襲って
来そうな形相でした……。
このままでは危なくて調査を
進めることができません。
この２頭の響狼の狩猟をお願
いします！",
1576,"≪Ｇ★７古塔探索≫
古塔の雄渾たる銀火竜{j}リオレウス希少種１頭の狩猟{j}なし{j}なし{j}メインターゲットの達成{j}３回力尽きる
タイムアップ{j}眠れぬ調査員{j}古塔に調査に向かった仲間が
いつになっても戻ってこない
んだ。あの辺は、近くに
リオレウス希少種のねぐらが
あるかも知れないと言われて
いる場所なんだ。
危険な目にあっていないか
心配だ…。急いで探しに
行ってくれないか。",
1577,"≪Ｇ★７古塔探索≫
玄奥なる王威{j}リオレウス希少種１頭の狩猟{j}リオレイア希少種１頭の狩猟{j}なし{j}マストオーダー全ての達成{j}３回力尽きる
タイムアップ{j}ハンターズギルド{j}塔での調査を行っていたら、
２頭の火竜が突然姿を現しま
した。どうやら、非常に怒っ
ているようで、今にも襲って
来そうな形相でした……。
このままでは危なくて調査を
進めることができません。
この２頭の火竜の狩猟をお願
いします！",
1578,"≪Ｇ★７花畑探索≫
百花の地に舞降りし華鳳鳥{j}フォロクルル１頭の狩猟{j}なし{j}なし{j}メインターゲットの達成{j}３回力尽きる
タイムアップ{j}ハンターズギルド{j}花畑に≪フォロクルル≫が
現れました。報告によれば蜜
を摂取し体質変化させる、
非常に珍しいモンスターのよ
うです。調査の協力をお願い
します。また、花畑の獣人族
ですが、ハンターを敵視して
いる様子はなく危険は少ない
という報告も届いています。",
1579,"≪Ｇ★７花畑探索≫
花咲の地に響く華鳳の兇鳴{j}フォロクルル１頭の狩猟{j}なし{j}なし{j}メインターゲットの達成{j}３回力尽きる
タイムアップ{j}ハンターズギルド{j}花畑へ向かった調査団より、
≪フォロクルル≫のものら
しき鳴き声を聞いたとの報告
がありました。
まだ、遭遇報告も少なく
貴重な調査対象となります。
至急、現地へ向かい調査を
開始してください。",
1580,"≪Ｇ★６沼地探索≫
沼地を翔ける牙{j}カム・オルガロン１頭の狩猟{j}なし{j}なし{j}メインターゲットの達成{j}３回力尽きる
タイムアップ{j}ハンターズギルド{j}沼地の未調査地域で
響狼が発見されたようです。
調査を進める上での障害に
なり得ますので、狩猟に
向かってください。
雌響狼は別のハンターに気を
引いてもらいますので、
あなた方は雄響狼の方を
お願い致します。",
1581,"≪Ｇ★７沼地探索≫
沼地に咲く血晶華{j}アクラ・ジェビア１匹の討伐{j}なし{j}なし{j}メインターゲットの達成{j}３回力尽きる
タイムアップ{j}ハンターズギルド{j}沼地の未調査地域に出現した
アクラ・ジェビアを調査する
ため、協力して頂ける
ハンターを募集します。
アクラ・ジェビアの調査では、
いつも多くの被害が出ており
今回の調査でも、多くの被害
が予想されます。
万全の準備を整え、参加する
ようにお願いします。",
1582,"≪Ｇ★７砂漠探索≫
月下に誘う荒涼の血晶{j}アクラ・ジェビア１匹の討伐{j}なし{j}なし{j}メインターゲットの達成{j}３回力尽きる
タイムアップ{j}ウワサ好きハンター{j}月の綺麗な夜に咲く、
華の話は聞いたことはあるか
い？その話には続きがあるん
だ、どうやらその華を見た者
の多くは帰ってこなかった
ということだ。なんか物騒な
話だよ。そう…、ちょうど
今のように月が出ている時に
多いらしいよ…。",
1583,"≪Ｇ★７沼地探索≫
沼地に佇む一対の狼影{j}カム・オルガロン１頭の狩猟{j}ノノ・オルガロン１頭の狩猟{j}なし{j}マストオーダー全ての達成{j}３回力尽きる
タイムアップ{j}ハンターズギルド{j}調査員から沼地で雌雄の響狼
と遭遇したとの報告がありま
した。
彼らの様相は通常とは異なり、
発達した筋肉と、鋭利な牙や
爪が確認できました。
調査の安全を確保するために、
響狼たちの狩猟をお願いいた
します。",
1584,"≪歌姫ストーリー専用≫
失われた絆を求めて{j}イナガミ１体の討伐{j}なし{j}なし{j}メインターゲットの達成{j}３回力尽きる
タイムアップ{j}レイラ{j}アタシひとりでは、雅翁龍を
討伐できなかった…。
頼む。アタシのかわりに、
雅翁龍を討伐してくれ！
討伐には、お師匠様が
遺してくれた防具と、
穿龍棍を使ってくれ…。
",
1585,"≪Ｇ★１その他のクエスト≫
Ｇｚ交換【ポルタカード桜20】{j}地図１個の納品{j}なし{j}なし{j}メインターゲットの達成{j}３回力尽きる
タイムアップ{j}ハンターズギルド{j}そこのハンターさん。契約金
の高さに驚いてはダメよ。
これは、あなたのＧｚを
≪ポルタカード桜≫２０枚と
交換する依頼なの。
資産を増やすのに最適だと
思うけど、いかがかしら？",
1586,"≪Ｇ★１長期開催イベント≫
釣師への道【ジョニー編】{j}イカリオオマグロ５０匹の納品{j}なし{j}なし{j}メインターゲットの達成{j}３回力尽きる
タイムアップ{j}ギルドの釣師{j}極寒の海に生息する巨大な魚
「イカリオオマグロ」。その
イカリオオマグロを好物とす
る謎の生物「ジョニー」が出
現したとの噂を耳にした。
「ジョニー」の調査のために
はイカリオオマグロが大量に
必要だ！
調査を手伝ってくれ！
",
1587,"≪Ｇ★７竹林奥部探索≫
龍眠る竹林の奥懐{j}イナガミ１体の討伐{j}なし{j}なし{j}メインターゲットの達成{j}３回力尽きる
タイムアップ{j}ハンターズギルド{j}イナガミの生態が、
徐々に解明されてきました。
高い知能を持ち、竹林という
特殊な環境に、見事適応した
非常に興味深いモンスターと
言えます。特に尻尾には、
多くの報告が寄せられており
注意が必要です。
さらに調査を進めるための
協力をお願いします。",
1588,"≪Ｇ★７竹林奥部探索≫
白月照らす雅翁の深域{j}イナガミ１体の討伐{j}なし{j}なし{j}メインターゲットの達成{j}３回力尽きる
タイムアップ{j}ハンターズギルド{j}ギルドより、これまで立入
禁止だった夜の竹林への探索
許可が下りました。
そこで、≪雅翁龍≫の生態
調査のため、協力をお願いし
ます。イナガミと竹林の関係
は、これまでの調査でも解明
できていません。
十分に注意して現地へ向かっ
てください。",
1589,"≪Ｇ★３密林探索≫
密林のファンタジスタ{j}ゲリョス亜種１頭の狩猟{j}なし{j}なし{j}メインターゲットの達成{j}３回力尽きる
タイムアップ{j}メゼポルタ猟団組合{j}密林の探索中に通常の種と
は違った毒怪鳥を見つけま
した。出会い頭、突拍子も
ない規格外の行動を繰り返す
為、私たちでは手に負えま
せんでした。
私たちの調査に協力すると
思って、このモンスターを
狩猟してくれませんか？",
1590,"≪Ｇ★３沼地探索≫
湫に閃く紫毒{j}ゲリョス亜種１頭の狩猟{j}なし{j}なし{j}メインターゲットの達成{j}３回力尽きる
タイムアップ{j}メゼポルタ猟団組合{j}沼地に生息する生物たちの
調査中に、非常に強力な
≪ゲリョス亜種≫の個体を
確認しました。
これまでに発見されたことの
無い貴重な個体ですので、
至急現地へ向かい調査を
お願いいたします。",
1591,"≪Ｇ★７樹海頂部探索≫
白の豪炎、紫衣の猛毒{j}エスピナス希少種１頭の狩猟{j}なし{j}なし{j}メインターゲットの達成{j}３回力尽きる
タイムアップ{j}メゼポルタ猟団組合{j}生態調査として探していた
≪エスピナス希少種≫が樹海
頂部で発見されました。
より詳細な調査を行うために
も、ハンターの皆さんは
至急エスピナス希少種の狩猟
に向かってください。",
1592,"≪Ｇ★１樹海探索≫
樹海に木霊す奇声{j}ヒプノック１頭の狩猟{j}なし{j}なし{j}メインターゲットの達成{j}３回力尽きる
タイムアップ{j}熟練調査員{j}樹海にて生態調査を行ってい
たところ、奇妙な声が聞こえ
て来た。
あれは≪ヒプノック≫の声に
違いないのだが、あの辺りで
の目撃報告はまだ来ていな
いんだ。
そこで君たちに現地での調査
をお願いしたい。",
1593,"≪Ｇ★２砂漠探索≫
熱砂に突き立つ紅角{j}モノブロス１頭の狩猟{j}なし{j}なし{j}メインターゲットの達成{j}３回力尽きる
タイムアップ{j}ハンターズギルド{j}未開の砂漠に≪モノブロス≫
が出現しました。
たまたま調査員が一人で調査
しているところに遭遇したら
しく、これまで目撃報告が無
かったようです。
複数人で調査を行う分には危
険は無いようですが、念のた
め対象の狩猟をお願いします。",
1594,"≪Ｇ★４雪山探索≫
雪山の紅い電撃{j}フルフル亜種１頭の狩猟{j}なし{j}なし{j}メインターゲットの達成{j}３回力尽きる
タイムアップ{j}疲弊した調査員{j}調査中に≪フルフル亜種≫と
遭遇してしまったんだ。
すぐ逃げようとしたんだが、
いつもと違った動きに翻弄さ
れ、危うく電撃を浴びせられ
るところだった。
このままでは調査が進まない。
奴の狩猟をお願いしたい。",
1595,"≪Ｇ★１砂漠探索≫
夜の砂漠に消え入る寝息{j}ヒプノック１頭の狩猟{j}なし{j}なし{j}メインターゲットの達成{j}３回力尽きる
タイムアップ{j}若年調査員{j}夜の砂漠で虫の生態調査をし
ていたんだけど、いたんだよ！
あれ、あの～……
そう！≪ヒプノック≫が！
寝てたから良かったんだけど
ね、距離もあったし。
とはいえ調査を進めるには危
険だし、なんとかしてくれな
いかな？",
1596,"≪Ｇ★４沼地探索≫
陰鬱とした空に響く声{j}フルフル亜種１頭の狩猟{j}なし{j}なし{j}メインターゲットの達成{j}３回力尽きる
タイムアップ{j}ハンターズギルド{j}沼地で一部の木が焼けた跡が
見つかりました。モンスター
の捕食か外敵への威嚇行動の
可能性があります。
現在、沼地は重要な調査対象
のひとつとなっていますので、
この脅威の排除をお願いいた
します。",
1597,"≪スペリアクエスト≫
ＧＲＰ大量獲得{j}ドスファンゴ１頭の狩猟{j}なし{j}なし{j}メインターゲットの達成{j}３回力尽きる
タイムアップ{j}エフィー{j}本クエストは、ハンターとし
ての評価が格段に上昇する
クエストです。
クエストの受注には、
≪スペリアチケット≫が必要
になります。
クエストを失敗した場合、
≪スペリアチケット≫は消費
されますのでご注意ください。",
1598,"≪スペリアクエスト≫
ディスフィロア素材獲得{j}？？？の討伐{j}なし{j}なし{j}メインターゲットの達成{j}３回力尽きる
タイムアップ{j}エフィー{j}本クエストでは、熾凍龍
≪ディスフィロア≫の素材を
入手することができます。
クエストの受注には、
≪スペリアチケット≫が必要
になります。
クエストを失敗した場合、
≪スペリアチケット≫は消費
されますのでご注意ください。",
1599,"≪スペリアクエスト≫
シャンティエン素材獲得{j}？？？の討伐{j}なし{j}なし{j}メインターゲットの達成{j}３回力尽きる
タイムアップ{j}エフィー{j}本クエストでは、天翔龍
≪シャンティエン≫の素材を
入手することができます。
クエストの受注には、
≪スペリアチケット≫が必要
になります。
クエストを失敗した場合、
≪スペリアチケット≫は消費
されますのでご注意ください。",
1600,"≪スペリアクエスト≫
ポカラドン素材獲得{j}ポカラドン１頭の狩猟{j}なし{j}なし{j}メインターゲットの達成{j}３回力尽きる
タイムアップ{j}エフィー{j}本クエストでは、凍海獣
≪ポカラドン≫の素材を
入手することができます。
クエストの受注には、
≪スペリアチケット≫が必要
になります。
クエストを失敗した場合、
≪スペリアチケット≫は消費
されますのでご注意ください。",
1601,"≪スペリアクエスト≫
ファルノック素材獲得{j}ファルノック１頭の狩猟{j}なし{j}なし{j}メインターゲットの達成{j}３回力尽きる
タイムアップ{j}エフィー{j}本クエストでは、傾雷鳥
≪ファルノック≫の素材を
入手することができます。
クエストの受注には、
≪スペリアチケット≫が必要
になります。
クエストを失敗した場合、
≪スペリアチケット≫は消費
されますのでご注意ください。",
1602,"≪スペリアクエスト≫
ヒュジキキ素材獲得{j}ヒュジキキ１頭の狩猟{j}なし{j}なし{j}メインターゲットの達成{j}３回力尽きる
タイムアップ{j}エフィー{j}本クエストでは、針纏竜
≪ヒュジキキ≫の素材を
入手することができます。
クエストの受注には、
≪スペリアチケット≫が必要
になります。
クエストを失敗した場合、
≪スペリアチケット≫は消費
されますのでご注意ください。",
1603,"≪スペリアクエスト≫
ミドガロン素材獲得{j}ミドガロン１頭の狩猟{j}なし{j}なし{j}メインターゲットの達成{j}３回力尽きる
タイムアップ{j}エフィー{j}本クエストでは、爆狼
≪ミドガロン≫の素材を
入手することができます。
クエストの受注には、
≪スペリアチケット≫が必要
になります。
クエストを失敗した場合、
≪スペリアチケット≫は消費
されますのでご注意ください。",
1604,"≪スペリアクエスト≫
ギアオルグ素材獲得{j}ギアオルグ１頭の狩猟{j}なし{j}なし{j}メインターゲットの達成{j}３回力尽きる
タイムアップ{j}エフィー{j}本クエストでは、氷獰竜
≪ギアオルグ≫の素材を
入手することができます。
クエストの受注には、
≪スペリアチケット≫が必要
になります。
クエストを失敗した場合、
≪スペリアチケット≫は消費
されますのでご注意ください。",
1605,"≪スペリアクエスト≫
アノルパティス素材獲得{j}アノルパティス１頭の狩猟{j}なし{j}なし{j}メインターゲットの達成{j}３回力尽きる
タイムアップ{j}エフィー{j}本クエストでは、暴鋸竜
≪アノルパティス≫の素材を
入手することができます。
クエストの受注には、
≪スペリアチケット≫が必要
になります。
クエストを失敗した場合、
≪スペリアチケット≫は消費
されますのでご注意ください。",
1606,"≪スペリアクエスト≫
レビディオラ素材獲得{j}レビディオラ１体の討伐{j}なし{j}なし{j}メインターゲットの達成{j}３回力尽きる　タイムアップ
拠点の耐久値ゼロ{j}エフィー{j}本クエストでは、雷極龍
≪レビディオラ≫の素材を
入手することができます。
クエストの受注には、
≪スペリアチケット≫が必要
になります。
クエストを失敗した場合、
≪スペリアチケット≫は消費
されますのでご注意ください。",
1607,"≪スペリアクエスト≫
グレンゼブル素材獲得{j}グレンゼブル１頭の狩猟{j}なし{j}なし{j}メインターゲットの達成{j}３回力尽きる
タイムアップ{j}エフィー{j}本クエストでは、蛮竜
≪グレンゼブル≫の素材を
入手することができます。
クエストの受注には、
≪スペリアチケット≫が必要
になります。
クエストを失敗した場合、
≪スペリアチケット≫は消費
されますのでご注意ください。",
1608,"≪スペリアクエスト≫
バルラガル素材獲得{j}バルラガル１頭の狩猟{j}なし{j}なし{j}メインターゲットの達成{j}３回力尽きる
タイムアップ{j}エフィー{j}本クエストでは、喰血竜
≪バルラガル≫の素材を
入手することができます。
クエストの受注には、
≪スペリアチケット≫が必要
になります。
クエストを失敗した場合、
≪スペリアチケット≫は消費
されますのでご注意ください。",
1609,"≪スペリアクエスト≫
フォロクルル素材獲得{j}フォロクルル１頭の狩猟{j}なし{j}なし{j}メインターゲットの達成{j}３回力尽きる
タイムアップ{j}エフィー{j}本クエストでは、華鳳鳥
≪フォロクルル≫の素材を
入手することができます。
クエストの受注には、
≪スペリアチケット≫が必要
になります。
クエストを失敗した場合、
≪スペリアチケット≫は消費
されますのでご注意ください。",
1610,"≪Ｇ★７高地探索≫
爆奏！高台の創音竜{j}ポボルバルム１頭の討伐{j}なし{j}なし{j}メインターゲットの達成{j}３回力尽きる
タイムアップ{j}ハンターズギルド{j}高地周辺に暮らしている
人々から騒音の被害が届い
ています。どうやら、いつ
も聞いているモンスターの
鳴き声とは違い、奇妙な
音が聞こえてくるそうです。
被害の拡大を防ぐため、
現地に向かい原因調査を
お願いします。",
1611,"≪Ｇ★７高地探索≫
暗闇にこだまする創音{j}ポボルバルム１頭の討伐{j}なし{j}なし{j}メインターゲットの達成{j}３回力尽きる
タイムアップ{j}耳鳴りが止まない男{j}おい、アンタ！ちょっと力を
貸してくれねぇか？
最近、夜になると急に
高地が騒がしくなって全然
眠れやしないんだよ！
きっと創音竜が暴れてるん
だろうよ！
どうにかヤツを止めてくれ
ないか？なっ、頼むっ！！",
1612,"≪Ｇ★７古塔探索≫
傲炎妃座す古塔{j}ナナ・テスカトリ１体の討伐{j}なし{j}なし{j}メインターゲットの達成{j}３回力尽きる
タイムアップ{j}ハンターズギルド{j}炎国の王妃ナナ・テスカトリ
が古塔の頂部に現れました。
その姿はとても巨大であり、
これまでに遭遇したことが
ない圧倒的な存在感で、非常
に危険な状態です。
現地へ行く手段が限られてい
る為、１人で討伐して下さい。",
1613,"≪Ｇ★６高地探索≫
迸る撒閃の明滅{j}クアルセプス１頭の狩猟{j}なし{j}なし{j}メインターゲットの達成{j}３回力尽きる
タイムアップ{j}盲目になった狩人{j}油断していた……。
いつもの晶竜だと甘く見て
いた。あの、高地にいる
晶竜はただの晶竜ではない。
今まで見たことのない閃光
を放ち襲いかかってきた。
村に被害が及ぶ前にヤツを
狩猟してきてくれないか？",
1614,"≪Ｇ★４密林探索≫
苛烈なる桜の女王{j}リオレイア亜種１頭の狩猟{j}なし{j}なし{j}メインターゲットの達成{j}３回力尽きる
タイムアップ{j}ハンターズギルド{j}密林にリオレイア亜種が出現
しました。これまでにない
攻撃を繰り出し、非常に手
を焼いているそうです。
これ以上被害が拡大しない
よう、狩猟のご協力をお願
いします。",
1615,"≪Ｇ★４砂漠探索≫
優雅なる夜と毒の棘{j}リオレイア亜種１頭の狩猟{j}なし{j}なし{j}メインターゲットの達成{j}３回力尽きる
タイムアップ{j}砂漠からきた男{j}ちょっと、そこのキミ。助け
てくれないか。いつものよう
に砂漠で優雅な夜を過ごして
いたら、桜火竜のやつがやっ
てきやがったんだ。
このままじゃ、ボクの素敵な
夜がめちゃくちゃだ。どうか
アイツをやっつけてくれ。",
1616,"≪Ｇ★５古塔探索≫
爆裂！蒼火竜の火球{j}リオレウス亜種１頭の狩猟{j}なし{j}なし{j}メインターゲットの達成{j}３回力尽きる
タイムアップ{j}ハンターズギルド{j}古塔にリオレウス亜種が現れ
ました。今まで見たことがな
いブレスを吐き、周囲に被害
をもたらしています。これ以
上被害を拡大させないために
も、狩猟のご協力をお願いし
ます。",
1617,"≪Ｇ★５森丘探索≫
天地を揺るがす王の震動{j}リオレウス亜種１頭の狩猟{j}なし{j}なし{j}メインターゲットの達成{j}３回力尽きる
タイムアップ{j}森丘に住む長老{j}あの森丘ですごい震動が発生
しておるんじゃ。あそこには
リオレウス亜種がいるはずな
のじゃが、何だかいつもの感
じとは違うのじゃよ。
近隣のみなは迷惑しておる。
是非とも、狩猟をお願いでき
ないだろうかのぉ。",
1618,"≪Ｇ★３潮島探索≫
孤島に蔓延る糸の罠{j}ゴゴモア１頭の狩猟{j}なし{j}なし{j}メインターゲットの達成{j}３回力尽きる
タイムアップ{j}ハンターズギルド{j}潮島にいるゴゴモアから
深刻な被害を受けていると
近くに住む住民から報告を受
けています。彼らによると
見たこともない糸の罠に
引っかかったとのことです。
この被害を食い止めるため、
ゴゴモアの狩猟をお願いしま
す。",
1619,"≪Ｇ★３潮島探索≫
漆黒に猛る緋色{j}ゴゴモア１頭の狩猟{j}なし{j}なし{j}メインターゲットの達成{j}３回力尽きる
タイムアップ{j}ロマンチストな男{j}先日、彼女を連れて潮島の月
を見に行ったら、≪跳緋獣≫
に襲われたんだ。死にもの狂
いで逃げてなんとか事無きを
得たんだが、そのせいで彼女
にフラれてしまったんだ！
頼む！第二の俺を出さないた
めにも、≪跳緋獣≫を狩猟し
てくれ！",
1620,"≪ＧＲＰ／ＧＳＲＰ≫
ＧＲＰ大量獲得★１【盾蟹】{j}ダイミョウザザミ１匹の狩猟{j}なし{j}なし{j}メインターゲットの達成{j}３回力尽きる
タイムアップ{j}ハンターズギルド{j}ハンターの狩猟生活を応援す
るため、新大闘技場で
ダイミョウザザミを狩猟する
依頼を用意しました。
この依頼を達成すれば、通常
より高い評価が得られます。
効率的な鍛練を積み、さらな
る高みを目指しましょう。",
1621,"≪Ｇゼニー≫
Ｇｚ大量獲得★１【大猪】{j}ドスファンゴ１頭の狩猟{j}なし{j}なし{j}メインターゲットの達成{j}３回力尽きる
タイムアップ{j}ハンターズギルド{j}ハンターの狩猟生活を応援す
るため、新大闘技場で≪大猪≫
を狩猟する依頼を用意しまし
た。
この依頼を達成すれば、通常
より多い報酬金が得られます
ので、ぜひ受注して依頼を
達成しましょう。
",
1622,"≪武器≫
Ｇ級覇種武器強化【輝界竜】{j}？？？の討伐{j}なし{j}なし{j}メインターゲットの達成{j}３回力尽きる
タイムアップ{j}ハンターズギルド{j}≪輝界竜≫の≪覇種武器≫を
所持しているハンター向けの
依頼です。
砂漠に現れた謎のモンスター
を繰り返し討伐することで、
≪Ｇ級覇種武器≫の強化に
必要な素材が入手できます。",
1623,"≪武器≫
烈種武器強化【輝界竜】{j}ゼルレウス１頭の討伐{j}なし{j}なし{j}メインターゲットの達成{j}３回力尽きる
タイムアップ{j}ハンターズギルド{j}≪輝界竜≫の≪Ｇ級覇種武器≫
を所持しているハンター向け
の依頼です。
ゼルレウスを繰り返し討伐
することで、≪烈種武器≫の
強化に必要な素材が入手で
きます。",
1624,"≪防具≫
Ｇ級覇種防具強化【弩岩竜】{j}？？？の討伐{j}なし{j}なし{j}メインターゲットの達成{j}３回力尽きる
タイムアップ{j}ハンターズギルド{j}≪弩岩竜≫の≪覇種防具≫を
所持しているハンター向けの
依頼です。
砂漠に現れた謎のモンスター
を繰り返し討伐することで、
「オディバＧシリーズ」
≪Ｇ級覇種防具≫ＬＶ７まで
の強化に必要な素材が入手で
きます。",
1625,"≪防具≫
烈種防具強化【弩岩竜】{j}ディオレックス１頭の討伐{j}なし{j}なし{j}メインターゲットの達成{j}３回力尽きる
タイムアップ{j}ハンターズギルド{j}≪弩岩竜≫の≪Ｇ級覇種防具≫
を所持しているハンター向け
の依頼です。
ディオレックスを繰り返し
討伐することで、
「オディバGFシリーズ」
≪烈種防具≫ＬＶ７まで
の強化に必要な素材が入手で
きます。",
1626,"≪ハンターナビ≫
ＧＲ用②【エントラＧ】{j}ドスゲネポス１頭の狩猟{j}主目標への一定ダメージ{j}なし{j}マストオーダー全ての達成{j}３回力尽きる
タイムアップ{j}ハンターズギルド{j}Ｇ級ハンターにオススメな
防具「エントラＧシリーズ」
の生産・強化依頼です。
≪ドスゲネポス≫を狩猟する
ことで、
「エントラＧシリーズ」を
生産し、ＬＶ７まで強化する
素材が５部位分入手できます。
生産後は、ハンターナビから
報酬をお受け取り下さい。",
1627,"≪ハンターナビ≫
ＧＲ用③【エントラGF】{j}ドスイーオス１頭の狩猟{j}なし{j}なし{j}メインターゲットの達成{j}３回力尽きる
タイムアップ{j}ハンターズギルド{j}「エントラＧシリーズ」を
所持しているハンター向けの
依頼です。
≪ドスイーオス≫を狩猟する
ことで、
「エントラGFシリーズ」を
ＬＶ７まで強化する素材が
５部位分入手できます。
強化後は、ハンターナビから
報酬をお受け取り下さい。",
1628,"≪ハンターナビ≫
ＧＲ用④～⑧【グレン剣珠GF】{j}グレンゼブル１頭の狩猟{j}なし{j}なし{j}メインターゲットの達成{j}３回力尽きる
タイムアップ{j}ハンターズギルド{j}「グレンＧシリーズ」、「グ
レンGFシリーズ」の胴防具を
生産・強化するために必要
な素材が入手できる依頼です。
この依頼を達成し、ハンター
ナビを進め、報酬を受け取り
ながら、「グレン剣珠GF」
１０個の入手を目指して
ください。",
1629,"≪武器≫
Ｇ級武器生産【Ｃパクト】{j}イャンクック１頭の狩猟{j}なし{j}なし{j}メインターゲットの達成{j}３回力尽きる
タイムアップ{j}ハンターズギルド{j}Ｇ級ハンターになったら手に
入れたい武器種≪穿龍棍≫が
入手できる依頼です。
イャンクックを狩猟すると、
「クリムゾンパクト」の生産
素材が入手できます。
歌姫ストーリーを進めていな
くても生産できますので、
今後の狩猟生活にぜひお役立
てください。",
1630,"≪防具≫
Ｇ級覇種防具強化【喰血竜】{j}？？？の討伐{j}なし{j}なし{j}メインターゲットの達成{j}３回力尽きる
タイムアップ{j}ハンターズギルド{j}≪喰血竜≫の≪覇種防具≫を
所持しているハンター向けの
依頼です。
砂漠に現れた謎のモンスター
を繰り返し討伐することで、
「ストロマＧシリーズ」
≪Ｇ級覇種防具≫ＬＶ７まで
の強化に必要な素材が入手で
きます。",
1631,"≪防具≫
烈種防具強化【喰血竜】{j}ゼルレウス１頭の討伐{j}なし{j}なし{j}メインターゲットの達成{j}３回力尽きる
タイムアップ{j}ハンターズギルド{j}≪喰血竜≫の≪Ｇ級覇種防具≫
を所持しているハンター向け
の依頼です。
ゼルレウスを繰り返し討伐す
ることで、
「ストロマGFシリーズ」
≪烈種防具≫ＬＶ７まで
の強化に必要な素材が入手で
きます。",
1632,"≪防具≫
Ｇ級防具生産強化【フロガダ】{j}ポカラドン１頭の狩猟{j}ポカラ８頭の討伐{j}なし{j}マストオーダー全ての達成{j}３回力尽きる
タイムアップ{j}ハンターズギルド{j}Ｇ級ハンターにオススメな
防具「フロガダＧシリーズ」
の生産・強化依頼です。
ポカラドンやポカラを狩猟
すると、
「フロガダＧシリーズ」を
生産し、ＬＶ７まで強化する
素材が１部位分入手できます。",
1633,"≪防具≫
Ｇ級防具強化【フロガダGF】{j}ヒプノック１頭の狩猟{j}なし{j}なし{j}メインターゲットの達成{j}３回力尽きる
タイムアップ{j}ハンターズギルド{j}「フロガダＧシリーズ」の
ＬＶ７を所持している
ハンター向けの依頼です。
≪眠鳥≫を狩猟すると、
「フロガダGFシリーズ」を
ＬＶ７まで強化する素材が
１部位分入手できます。",
1634,"≪防具≫
Ｇ級防具強化【フロガダGX】{j}ファルノック１頭の狩猟{j}なし{j}なし{j}メインターゲットの達成{j}３回力尽きる
タイムアップ{j}ハンターズギルド{j}「フロガダGFシリーズ」の
ＬＶ７を所持している
ハンター向けの依頼です。
≪傾雷鳥≫を狩猟すると、
「フロガダGXシリーズ」を
ＬＶ７まで強化する素材が
１部位分入手できます。",
1635,"≪Ｇ★７拠点防衛≫
万物を操りし銀朱の龍{j}ハルドメルグ１体の討伐{j}なし{j}なし{j}メインターゲットの達成{j}３回力尽きる／タイムアップ
拠点の耐久値ゼロ{j}ハンターズギルド{j}ギルド秘蔵の文献をあたった
ところ≪司銀龍≫と呼ばれる
古龍種であることがわかりま
した。
そのモンスターがメゼポルタ
に進行していると報告があり
ました。なわばりに侵入され
たことに対する報復だと思わ
れますが、この危機を防ぐ力
をお貸しください！",
1636,"≪Ｇ★７拠点防衛≫
闇夜に煌めく流銀{j}ハルドメルグ１体の討伐{j}なし{j}なし{j}メインターゲットの達成{j}３回力尽きる／タイムアップ
拠点の耐久値ゼロ{j}ハンターズギルド{j}ひとけの無い闇夜に司銀龍が
襲いかかってきたと報告があ
りました。未だ謎が多いモン
スターですが、流れるように
金属を操るその知性は古龍の
中でも非常に高いものだと考
えられます。このままだと被
害の拡大する恐れがあります。
討伐に力を貸してください！",
1637,"≪Ｇ★１樹海探索≫
疾走！求愛の蒼眠鳥{j}ヒプノック繁殖期１頭の狩猟{j}なし{j}なし{j}メインターゲットの達成{j}３回力尽きる
タイムアップ{j}メゼポルタ猟団組合{j}昼の樹海を猛スピードで駆
け巡る眠鳥を見たとの報告
がありました。調査による
と怒っているのではなく、
求愛のため走っているらし
いのですが、いずれにせよ
そのままでは非常に危険で
す。至急、狩猟に向かって
ください。",
1638,"≪Ｇ★１樹海探索≫
樹海のフェロモンダンサー{j}ヒプノック繁殖期１頭の狩猟{j}なし{j}なし{j}メインターゲットの達成{j}３回力尽きる
タイムアップ{j}メゼポルタ猟団組合{j}樹海に蒼い眠鳥が登場した
との報告がありました。
ただ、いつも以上に色気を
纏っており、こちらを誘惑
しているのか、踊りながら
襲ってくるそうです。
この眠鳥の色気に惑わされ
ず、生態の調査と狩猟をお
願いします。",
1639,"≪Ｇ★４砂漠探索≫
輝く翡翠は砂漠の罠{j}ガノトトス亜種１頭の狩猟{j}なし{j}なし{j}メインターゲットの達成{j}３回力尽きる
タイムアップ{j}メゼポルタ猟団組合{j}砂漠で翠水竜が現れたとの
報告がありました。通常と
は異なりヒレの色が砂漠の
オアシスに沈む宝石のよう
に輝いており、間違って
ハンターが被害にあってい
るそうです。危険をはらん
でいるので十分に注意して
狩猟にあたってください。",
1640,"≪Ｇ★４密林探索≫
翠水竜の夜釣り{j}ガノトトス亜種１頭の狩猟{j}なし{j}なし{j}メインターゲットの達成{j}３回力尽きる
タイムアップ{j}メゼポルタ猟団組合{j}密林で翠水竜の目撃情報が
ありました。普通の翠水竜
とは違う行動も報告されて
いますので、十分注意の上、
対象の狩猟をお願いします。
…可能であれば、ですが、
捕獲していただけるとより
良い素材をお分けすること
もできるかもしれません。",
1641,"≪Ｇ★７覇竜討伐依頼≫
黒き衝撃、覇竜アカムトルム{j}アカムトルム１頭の討伐{j}なし{j}なし{j}メインターゲットの達成{j}３回力尽きる
タイムアップ{j}ハンターズギルド{j}緊急連絡です！
新たに発見された火山地帯に
覇竜≪アカムトルム≫が出現
しました。
地域周辺の被害を抑えるため、
ギルドが総力を挙げて山々に
囲まれた区画に追い込んだの
ですが…ここから先は
ハンターの皆さんに討伐を
お願いいたします！",
1642,"≪ＧＲＰ／ＧＳＲＰ≫
ＧＲＰ大量獲得★３【岩竜】{j}バサルモス１頭の狩猟{j}なし{j}なし{j}メインターゲットの達成{j}３回力尽きる
タイムアップ{j}ハンターズギルド{j}ハンターの狩猟生活を応援す
るため、新大闘技場にて
バサルモスを狩猟する依頼を
用意しました。
この依頼を達成すれば、通常
より高い評価が得られます。
効率的な鍛練を積み、さらな
る高みを目指しましょう。",
1643,"≪ＧＲＰ／ＧＳＲＰ≫
ＧＲＰ大量獲得★７【銀火竜】{j}リオレウス希少種１頭の狩猟{j}なし{j}なし{j}メインターゲットの達成{j}３回力尽きる
タイムアップ{j}ハンターズギルド{j}ハンターの狩猟生活を応援す
るため、古塔にてリオレウス
希少種を狩猟する依頼を用意
しました。
この依頼を達成すれば、通常
より高い評価が得られます。
効率的な鍛練を積み、さらな
る高みを目指しましょう。",
1644,"≪Ｇ★１長期開催イベント≫
釣師への道【スミス編】{j}イーモンサーモン５０匹の納品{j}なし{j}なし{j}メインターゲットの達成{j}３回力尽きる
タイムアップ{j}ギルドの釣師{j}極寒の海に生息する美味な魚
「イーモンサーモン」。
そのイーモンサーモンを好物
とする謎の生物「スミス」が
出現したとの噂を耳にした。
「スミス」の調査のためには
イーモンサーモンが大量に
必要だ！
調査を手伝ってくれ！",
1645,"≪Ｇ★７防具素材入手≫
双火竜の奥義{j}リオレウス亜種１頭の狩猟{j}リオレイア亜種１頭の狩猟{j}なし{j}マストオーダー全ての達成{j}３回力尽きる
タイムアップ{j}モンスター研究員{j}私は長年、空の王と陸の女王
を研究してきた者だ。
一度私の研究は完成を迎えた
が、さらに凶暴な個体が現れ
たという噂を聞いた。
そこで、古塔に住んでいる
火竜たちを狩猟してくれない
か。その調査報告を記した
書物の写しをキミたちにも
あげよう。",
1646,"≪Ｇ★１白湖探索≫
【繁殖期・昼】白湖採取{j}地図１個の納品{j}なし{j}なし{j}メインターゲットの達成{j}３回力尽きる
タイムアップ{j}メゼポルタ猟団組合{j}白湖の調査も順調に進み、
多くの新しい素材が発見され
ています。見つかった素材の
多くは、武具の生産や強化に
利用できるという話です。
危険な地へ赴くことが多い、
Ｇ級ハンターの中には、
興味のある方も多いの
ではないでしょうか。",
1647,"≪Ｇ★１白湖探索≫
【繁殖期・夜】白湖採取{j}地図１個の納品{j}なし{j}なし{j}メインターゲットの達成{j}３回力尽きる
タイムアップ{j}メゼポルタ猟団組合{j}白湖の調査も順調に進み、
多くの新しい素材が発見され
ています。見つかった素材の
多くは、武具の生産や強化に
利用できるという話です。
危険な地へ赴くことが多い、
Ｇ級ハンターの中には、
興味のある方も多いの
ではないでしょうか。",
1648,"≪Ｇ★７白湖探索≫
白き砂漠に滴る毒{j}ガスラバズラ１頭の狩猟{j}なし{j}なし{j}メインターゲットの達成{j}３回力尽きる
タイムアップ{j}ハンターズギルド{j}白湖に≪ガスラバズラ≫が現
れました。報告によれば毒に
よる攻撃を得意とする非常に
危険なモンスターとのこと。
調査の協力をお願いします。
また、同じく白湖にいる
甲殻種ですが、こちらも毒に
よる攻撃を仕掛けてくるよう
です。十分に注意してくださ
い！",
1649,"≪Ｇ★７白湖探索≫
豹変する白湖と獣竜{j}ガスラバズラ１頭の狩猟{j}なし{j}なし{j}メインターゲットの達成{j}３回力尽きる
タイムアップ{j}ハンターズギルド{j}ガスラバズラの生態が、
徐々に解明されてきました。
普段は大人しいようですが、
怒りの感情により、隠れて
いた凶暴な本性を現すよう
です。非常に危険な二面性を
持つ珍しいモンスターです。
注意して調査をお願いし
ます。",
1650,"≪Ｇ★５沼地探索≫
沼をも喰らい尽くさん{j}アビオルグ１頭の狩猟{j}なし{j}なし{j}メインターゲットの達成{j}３回力尽きる
タイムアップ{j}ハンターズギルド{j}アビオルグ。動くもの何にで
も襲い掛かるその獰猛さゆえ
に沼地の生態が脅かされてい
ます。
このままでは、沼地は生物の
いない地となってしまいます。
腕のあるハンターさん、何と
かヤツを狩猟して平和を取り
戻してください。",
1651,"≪Ｇ★５雪山探索≫
深紅に染まる雪山{j}アビオルグ１頭の狩猟{j}なし{j}なし{j}メインターゲットの達成{j}３回力尽きる
タイムアップ{j}ハンターズギルド{j}雪山に向かった調査団より、
山頂付近で多数のモンスター
の死骸が発見されたと報告が
ありました。
その見るも無残な様相からも
とても凶暴なモンスターの仕
業だと推測されます。
腕に自信のあるハンターさん。
雪山の平和を取り戻してくだ
さい。",
1652,"≪Ｇ★４白湖探索≫
黒き双角、白砂に坐しけり{j}ディアブロス亜種１頭の狩猟{j}なし{j}なし{j}メインターゲットの達成{j}３回力尽きる
タイムアップ{j}ハンターズギルド{j}白湖の調査中に黒い体色を
持つ≪ディアブロス≫の亜種
が目撃されました。調査員に
被害が及ぶ前に、対象の
狩猟をお願いします。
二本の角による地中からの
強烈な一撃に十分注意して
下さい。",
1653,"≪Ｇ★４砂漠探索≫
闇の砂漠を貫く黒角{j}ディアブロス亜種１頭の狩猟{j}なし{j}なし{j}メインターゲットの達成{j}３回力尽きる
タイムアップ{j}ハンターズギルド{j}砂漠を歩く行商人から、闇に
紛れて動く≪黒角竜≫を目撃
したと報告がありました。
気性が荒く、その漆黒の体は
死神と称され恐れられていま
す。細心の注意を払っての狩
猟をお願いします。",
1654,"≪Ｇ★２白湖探索≫
白き砂地と白き一角{j}モノブロス亜種１頭の狩猟{j}なし{j}なし{j}メインターゲットの達成{j}３回力尽きる
タイムアップ{j}ハンターズギルド{j}白湖へ向かった調査員より巨
大な一本角と白銀の体を持つ
≪白一角竜≫の目撃情報があ
りました。輝く体とは裏腹に
獰猛な生態も同時に報告され
ています。
十分な準備の上、調査をお願
いします。",
1655,"≪Ｇ★２砂漠探索≫
白銀の一角竜との孤闘{j}モノブロス亜種１頭の狩猟{j}なし{j}なし{j}メインターゲットの達成{j}３回力尽きる
タイムアップ{j}ハンターズギルド{j}砂漠で≪モノブロス亜種≫
が暴れていると報告があり
ました。
被害が出る前に対象の
狩猟をお願いします。
大きな角による地中からの
攻撃に注意してください。",
1656,"≪Ｇ★１長期開催イベント≫
収穫へ至る採掘・Ｇ級{j}マーブル鉱石５０個の納品{j}青海石５０個の納品{j}錫石５０個の納品{j}マストオーダー全ての達成{j}３回力尽きる
タイムアップ{j}ギルドの採掘師{j}オッス！久しぶりだな！
Ｇ級になっても採掘を楽しん
でるか？
俺からの依頼は鉱石集めだ！
これから伝える鉱石を集めて
きてくれ。
頼んだぜ！",
1657,"≪Ｇ★１長期開催イベント≫
収穫へ至る採取・Ｇ級{j}タワラサボテン５０個の納品{j}コロの実５０個の納品{j}露草５０個の納品{j}マストオーダー全ての達成{j}３回力尽きる
タイムアップ{j}ギルドの採取師{j}ごきげんよう。
Ｇ級になっても採取をしてい
ますか？
私からの依頼は植物集めです。
これから伝える植物を集めて
きてください。
よろしくお願いします。",
1658,"≪Ｇ★１長期開催イベント≫
収穫へ至る虫取り・Ｇ級{j}ホワイトワーム５０個の納品{j}フタゴホタル５０個の納品{j}コブクミツムシ５０個の納品{j}マストオーダー全ての達成{j}３回力尽きる
タイムアップ{j}ギルドの虫取り師{j}おう、よく来たのう。
Ｇ級になっても虫取りをして
おるか？
ワシからの依頼は虫集め
じゃ！
これから伝える虫を集めてき
てほしい。
期待しているぞい！",
1659,"≪Ｇ★１長期開催イベント≫
収穫を極めし者{j}採集のコイン１Ｇ２０個の納品{j}採集のコイン２Ｇ２０個の納品{j}採集のコイン３Ｇ２０個の納品{j}マストオーダー全ての達成{j}３回力尽きる
タイムアップ{j}白い服のギルド員{j}３名のギルド員からの依頼を
見事達成し、３種類のコイン
を複数入手したハンターの
皆様には、その収穫に対する
努力と才能を称え、ある装備
を生産するのに必要な特別な
コインをお渡しします。
困難な依頼ばかりですが、
その達成感は一入ですよ！",
1660,"≪Ｇ★７高地探索≫
高地を照らす青い雷光{j}トリドクレス１頭の狩猟{j}なし{j}なし{j}メインターゲットの達成{j}３回力尽きる
タイムアップ{j}ハンターズギルド{j}高地に現れた、≪照雷鳥≫
の狩猟をお願いします。
以前から無害と考えられ
ていましたが、人里近くに
縄張りを広げて来たことに
より、非常に好戦的になって
います。最後の目撃情報に
よると日差しの強い所を
好んで移動しているようです。
",
1661,"≪Ｇ★７峡谷探索≫
峡谷に吹く青い疾風{j}トリドクレス１頭の狩猟{j}なし{j}なし{j}メインターゲットの達成{j}３回力尽きる
タイムアップ{j}ハンターズギルド{j}≪照雷鳥≫の調査のため、
峡谷までご同行をお願い
します。事前の調査によると
体のいたる所から放電を行う
ことで獲物を仕留めることが
できるそうです。
更なる生態を知るために
ご協力を頼みます。",
1662,"≪Ｇ★５樹海頂部探索≫
樹海に降り立つ蒼白の翼{j}ヒプノック希少種１頭の狩猟{j}なし{j}なし{j}メインターゲットの達成{j}３回力尽きる
タイムアップ{j}ハンターズギルド{j}樹海頂部に向かった調査員よ
り、珍しい≪蒼白眠鳥≫の
目撃情報がありました。
舞い踊るように華麗に攻撃を
仕掛けてくるという特徴も
同時に報告されています。
十分な準備の上、調査をお願
いします。",
1663,"≪Ｇ★６火山探索≫
紅き弾丸の強襲{j}ヴォルガノス亜種１頭の狩猟{j}なし{j}なし{j}メインターゲットの達成{j}３回力尽きる
タイムアップ{j}ハンターズギルド{j}火山にて、通常とは異なる動
きをする≪紅溶岩竜≫が発見
されました。
発見者によると今まで見たこ
ともない攻撃を繰り出してき
たとのことです。
くれぐれも気を付けて狩猟に
当たってください。",
1664,"≪Ｇ★６火山探索≫
紅蓮を纏う溶岩竜{j}ヴォルガノス亜種１頭の狩猟{j}なし{j}なし{j}メインターゲットの達成{j}３回力尽きる
タイムアップ{j}生態研究員{j}火山の深層に≪溶岩竜≫を
発見したとの報告があった。
しかし、報告書を見るとただ
の≪溶岩竜≫ではなく、全身
が紅く紅蓮石を纏っているか
の様な姿らしい。
是非、≪紅溶岩竜≫の調査を
お願いしたい。調査で入手し
た素材は差し上げます。",
1665,"≪Ｇ★７古塔探索≫
古塔を貫く一撃{j}エスピナス亜種１頭の狩猟{j}なし{j}なし{j}メインターゲットの達成{j}３回力尽きる
タイムアップ{j}ハンターズギルド{j}古塔の調査中に
≪エスピナス亜種≫が現れ
ました。
報告によると毒を有する危険
なブレスで攻撃を仕掛けてく
るそうです。
十分に注意して調査を
お願いします。
",
1666,"≪Ｇ★７峡谷探索≫
峡谷統べる棘茶の恐慌{j}エスピナス亜種１頭の狩猟{j}なし{j}なし{j}メインターゲットの達成{j}３回力尽きる
タイムアップ{j}ハンターズギルド{j}峡谷で≪エスピナス亜種≫
の目撃報告がありました。
被害が出る前に対象の
狩猟をお願いします。
特に強烈な突進攻撃には
注意してください！
",
1667,"≪Ｇ★２潮島探索≫
島昇る青怪鳥{j}イャンクック亜種１頭の狩猟{j}なし{j}なし{j}メインターゲットの達成{j}３回力尽きる
タイムアップ{j}ハンターズギルド{j}潮島にて≪青怪鳥≫を見つけ
たと報告を受けました。
今までの≪青怪鳥≫とは
様子が違うみたいです。
是非、貴方の目で≪青怪鳥≫
の姿を確かめてください。",
1668,"≪Ｇ★２沼地探索≫
青き怪鳥沼地をついばむ{j}イャンクック亜種１頭の狩猟{j}なし{j}なし{j}メインターゲットの達成{j}３回力尽きる
タイムアップ{j}生態研究員{j}沼地に≪青怪鳥≫を発見した
との報告を受けた。
しかし、今までの報告書に
載っていない特殊な行動を
行うらしい。
是非、≪青怪鳥≫の調査を
お願いしたい。",
1669,"≪Ｇ★７砂漠探索≫
砲煙弾雨の決戦{j}オディバトラス１頭の討伐{j}なし{j}なし{j}メインターゲットの達成{j}３回力尽きる
タイムアップ{j}ハンターズギルド{j}砂漠に向かった調査団より、
巨大な≪弩岩竜≫の目撃情報
がありました。
砂を利用した強力な攻撃を
仕掛けてくるとの報告も
上がっています。
腕に自信のあるハンターさん、
十分な準備の上、調査をお願
いします。",
1670,"≪Ｇ★６高地探索≫
頂き切り裂く鉤爪{j}ドラギュロス１頭の狩猟{j}なし{j}なし{j}メインターゲットの達成{j}３回力尽きる
タイムアップ{j}生態研究員{j}高地に≪冥雷竜≫を発見した
との報告を受けた。
しかし、今までの報告書に
載っていない特殊な行動を
行うらしい。
是非、≪冥雷竜≫の調査を
お願いしたい。",
1671,"≪Ｇ★６雪山探索≫
雪山に落ちる冥雷{j}ドラギュロス１頭の狩猟{j}なし{j}なし{j}メインターゲットの達成{j}３回力尽きる
タイムアップ{j}ハンターズギルド{j}雪山にて、今までの比になら
ない強力な≪冥雷竜≫の目
撃情報が入ってきています。
ハンターズギルドでは、ハン
ターの皆様に調査をお願いす
る事となりました。
協力頂けるハンターの皆様は
至急、雪山に向かってくださ
い。",
1672,"≪Ｇ★７防具素材入手≫
燃えたぎる双黒弾{j}ヴォルガノス２頭の討伐{j}ヴォルガノスの背ビレ破壊{j}なし{j}マストオーダー全ての達成{j}３回力尽きる
タイムアップ{j}生態研究員{j}Ｇ級の火山で≪ヴォルガノス≫
が２頭も現れたらしい！
ぜひ生態を調査したいので、
討伐のついでに何かサンプル
になるようなものを取ってき
てください。
万が一、何か珍しい素材が
取れたら差し上げますよ。",
1673,"≪Ｇ★７防具素材入手≫
煮えたぎる真朱{j}ヴォルガノス亜種２頭の討伐{j}ヴォルガノス亜種の頭部破壊{j}なし{j}マストオーダー全ての達成{j}３回力尽きる
タイムアップ{j}生態研究員{j}Ｇ級の火山で≪紅い溶岩竜≫
を発見したとの報告があった。
それは間違いではなかった。
強力な≪紅溶岩竜≫が複数
出現した事態を見過ごすこと
はできない。
念のため調査をお願いしたい。
調査中に発見した素材は持ち
帰ると良いだろう。
君の役に立つはずだ。",
1674,"≪Ｇ★７武器素材入手≫
Ｇ連棘刀・白の章{j}エスピナス希少種１頭の討伐{j}なし{j}なし{j}メインターゲットの達成{j}３回力尽きる
タイムアップ{j}謎の鍛冶屋{j}久方振りだな。
最後にお主の「棘白ノ太刀」
を鍛えたのはいつであったか。
さあ、幾千もの棘白竜の中で
１頭からしかとれないと
いわれる素材を手に入れて、
その真の力を解放するがいい。

",
1675,"≪Ｇ★７武器素材入手≫
Ｇ連棘刀・茶の章{j}エスピナス亜種１頭の討伐{j}なし{j}なし{j}メインターゲットの達成{j}３回力尽きる
タイムアップ{j}謎の鍛冶屋{j}久方振りだな。
最後にお主の「棘茶ノ太刀」
を鍛えたのはいつであったか。
さあ、幾千もの棘茶竜の中で
１頭からしかとれないと
いわれる素材を手に入れて、
その真の力を解放するがいい。

",
1676,"≪Ｇ★７武器素材入手≫
Ｇ連棘刀・緑の章{j}エスピナス１頭の討伐{j}なし{j}なし{j}メインターゲットの達成{j}３回力尽きる
タイムアップ{j}謎の鍛冶屋{j}久方振りだな。
最後にお主の「棘緑ノ太刀」
を鍛えたのはいつであったか。
さあ、幾千もの棘竜の中で
１頭からしかとれないと
いわれる素材を手に入れて、
その真の力を解放するがいい。

",
1677,"≪Ｇ★７武器素材入手≫
Ｇ８アンケート武器・穿龍棍{j}アクラ・ジェビア１匹の討伐{j}なし{j}なし{j}メインターゲットの達成{j}３回力尽きる
タイムアップ{j}ハンターズギルド{j}ジンオウガ狩猟解禁イベント
「遷悠種襲来！ジンオウガを
狩猟せよ」にて
雷狼竜の狩猟数70万頭突破を
記念して行われたアンケート
にて性能が決定された
穿龍棍の生産素材を入手する
クエストになります。",
1678,"≪Ｇ★１装飾品入手≫
オススメ装飾品・Ｇ級怒剛珠{j}ヒプノック１頭の狩猟{j}なし{j}なし{j}メインターゲットの達成{j}３回力尽きる
タイムアップ{j}ハンターズギルド{j}Ｇ級になったハンターにオス
スメの装飾品≪Ｇ級・怒剛珠≫
が入手できる依頼です。
眠鳥を狩猟すると、剛撃、
三界の護り、怒のスキル値を
持つ装飾品≪Ｇ級・怒剛珠≫
を入手することができます。
ぜひ今後の狩猟生活にお役立
てください。",
1679,"≪Ｇ★１装飾品入手≫
オススメ装飾品・Ｇ級護閃珠{j}ヒプノック繁殖期１頭の狩猟{j}なし{j}なし{j}メインターゲットの達成{j}３回力尽きる
タイムアップ{j}ハンターズギルド{j}Ｇ級になったハンターにオス
スメの装飾品≪Ｇ級・護閃珠≫
が入手できる依頼です。
蒼眠鳥を狩猟すると、一閃、
三界の護り、怒のスキル値を
持つ装飾品≪Ｇ級・護閃珠≫
を入手することができます。
ぜひ今後の狩猟生活にお役立
てください。",
1680,"≪スペリアクエスト≫
Ｇ級武具素材獲得【バルカン】{j}？？？の討伐{j}なし{j}なし{j}メインターゲットの達成{j}３回力尽きる
タイムアップ{j}エフィー{j}本クエストでは、≪Ｇ級防具≫
バルカンシリーズ１部位分
の強化素材などが入手できま
す。
クエストの受注には、
≪スペリアチケット≫が必要
になります。
クエストを失敗した場合、
≪スペリアチケット≫は消費
されますのでご注意ください。",
1681,"≪スペリアクエスト≫
Ｇ級武具素材獲得【ドラゴン】{j}？？？の討伐{j}なし{j}なし{j}メインターゲットの達成{j}３回力尽きる
タイムアップ{j}エフィー{j}本クエストでは、≪Ｇ級防具≫
ドラゴンシリーズ１部位分
の強化素材などが入手できま
す。
クエストの受注には、
≪スペリアチケット≫が必要
になります。
クエストを失敗した場合、
≪スペリアチケット≫は消費
されますのでご注意ください。",
1682,"≪スペリアクエスト≫
ゼルレウス素材獲得{j}ゼルレウス１頭の討伐{j}なし{j}なし{j}メインターゲットの達成{j}３回力尽きる
タイムアップ{j}エフィー{j}本クエストでは、輝界竜
≪ゼルレウス≫の素材を
入手することができます。
クエストの受注には、
≪スペリアチケット≫が必要
になります。
クエストを失敗した場合、
≪スペリアチケット≫は消費
されますのでご注意ください。",
1683,"≪スペリアクエスト≫
メラギナス素材獲得{j}メラギナス１頭の討伐{j}なし{j}なし{j}メインターゲットの達成{j}３回力尽きる
タイムアップ{j}エフィー{j}本クエストでは、黒穿竜
≪メラギナス≫の素材を
入手することができます。
クエストの受注には、
≪スペリアチケット≫が必要
になります。
クエストを失敗した場合、
≪スペリアチケット≫は消費
されますのでご注意ください。",
1684,"≪スペリアクエスト≫
ディオレックス素材獲得{j}ディオレックス１頭の討伐{j}なし{j}なし{j}メインターゲットの達成{j}３回力尽きる
タイムアップ{j}エフィー{j}本クエストでは、雷轟竜
≪ディオレックス≫の素材を
入手することができます。
クエストの受注には、
≪スペリアチケット≫が必要
になります。
クエストを失敗した場合、
≪スペリアチケット≫は消費
されますのでご注意ください。",
1685,"≪スペリアクエスト≫
ガルバダオラ素材獲得{j}ガルバダオラ１体の討伐{j}なし{j}なし{j}メインターゲットの達成{j}３回力尽きる
タイムアップ{j}エフィー{j}本クエストでは、金塵龍
≪ガルバダオラ≫の素材を
入手することができます。
クエストの受注には、
≪スペリアチケット≫が必要
になります。
クエストを失敗した場合、
≪スペリアチケット≫は消費
されますのでご注意ください。",
1686,"≪スペリアクエスト≫
ヴァルサブロス素材獲得{j}ヴァルサブロス１頭の討伐{j}なし{j}なし{j}メインターゲットの達成{j}３回力尽きる
タイムアップ{j}エフィー{j}本クエストでは、炎角竜
≪ヴァルサブロス≫の素材を
入手することができます。
クエストの受注には、
≪スペリアチケット≫が必要
になります。
クエストを失敗した場合、
≪スペリアチケット≫は消費
されますのでご注意ください。",
1687,"≪スペリアクエスト≫
グレアドモス素材獲得{j}グレアドモス１頭の討伐{j}なし{j}なし{j}メインターゲットの達成{j}３回力尽きる
タイムアップ{j}エフィー{j}本クエストでは、水砦竜
≪グレアドモス≫の素材を
入手することができます。
クエストの受注には、
≪スペリアチケット≫が必要
になります。
クエストを失敗した場合、
≪スペリアチケット≫は消費
されますのでご注意ください。",
1688,"≪スペリアクエスト≫
ヤマクライ素材獲得{j}ヤマクライ１体の討伐{j}なし{j}なし{j}メインターゲットの達成{j}３回力尽きる
タイムアップ{j}エフィー{j}本クエストでは、浮峰龍
≪ヤマクライ≫の素材を
入手することができます。
クエストの受注には、
≪スペリアチケット≫が必要
になります。
クエストを失敗した場合、
≪スペリアチケット≫は消費
されますのでご注意ください。",
1689,"≪スペリアクエスト≫
トア・テスカトラ素材獲得{j}トア・テスカトラ１体の討伐{j}なし{j}なし{j}メインターゲットの達成{j}３回力尽きる
タイムアップ{j}エフィー{j}本クエストでは、凍王龍
≪トア・テスカトラ≫の素材
を入手することができます。
クエストの受注には、
≪スペリアチケット≫が必要
になります。
クエストを失敗した場合、
≪スペリアチケット≫は消費
されますのでご注意ください。",
1690,"≪スペリアクエスト≫
Ｇ級装飾品獲得{j}ヒプノック１頭の狩猟{j}なし{j}なし{j}メインターゲットの達成{j}３回力尽きる
タイムアップ{j}エフィー{j}本クエストでは、便利な
≪Ｇ級・怒剛珠≫と
≪Ｇ級・護閃珠≫を
入手することができます。
クエストの受注には、
≪スペリアチケット≫が必要
になります。
クエストを失敗した場合、
≪スペリアチケット≫は消費
されますのでご注意ください。",
1691,"≪Ｇ★７雲見砦探索≫
砦を征す帝{j}グァンゾルム１体の討伐{j}なし{j}なし{j}メインターゲットの達成{j}３回力尽きる
タイムアップ{j}ハンターズギルド{j}雲見砦に棲む、≪帝征龍≫
の討伐をお願いします。
このモンスターの生態は謎
に包まれており、情報が少な
い状態です。調査班の報告に
よると帝征龍の周囲に飛ぶ
飛竜種も帝征龍と関係性が
有るということです。",
1692,"≪Ｇ★７密林探索≫
眩惑の影は密林に消ゆ{j}オオナズチ１体の討伐{j}なし{j}なし{j}メインターゲットの達成{j}３回力尽きる
タイムアップ{j}ハンターズギルド{j}密林へ向かっていた調査員か
ら≪霞龍≫が出現したとの報
告がありました。しかし、発
見した次の瞬間にその姿を完
全に消してしまったというの
です…。どうやら今までの
≪霞龍≫とは様子が少し違う
ようです。急ぎ現地へ向かい、
調査を開始してください。",
1693,"≪Ｇ★７沼地探索≫
見えざる幻霧は毒地に霞む{j}オオナズチ１体の討伐{j}なし{j}なし{j}メインターゲットの達成{j}３回力尽きる
タイムアップ{j}ハンターズギルド{j}とあるハンターから沼地で
≪霞龍≫を発見したとの報告
がありました。すぐに討伐を
試みたところ、なんと姿を完
全に眩ましてしまいました。
身の危険を感じたハンターは
すぐに逃げ出したそうです。
現地へ向かい、≪霞龍≫の正
体を突き止めてください！",
1694,"≪Ｇ★７古塔探索≫
頂に鎮座する炎王{j}テオ・テスカトル１体の討伐{j}なし{j}なし{j}メインターゲットの達成{j}３回力尽きる
タイムアップ{j}ハンターズギルド{j}塔にて、テオ・テスカトルの
目撃情報が入ってきました。
どうやらこれまで確認されて
いたものとは異なる攻撃を繰
り出してくるようです。
腕前の確かなＧ級のハンター
にのみ、調査を依頼すること
となりましたので、Ｇ級ハン
ターは調査をお願い致します。",
1695,"≪Ｇ★７火山探索≫
火山を統治する王{j}テオ・テスカトル１体の討伐{j}なし{j}なし{j}メインターゲットの達成{j}３回力尽きる
タイムアップ{j}ハンターズギルド{j}火山にて、テオ・テスカトル
の目撃情報が入ってきました。
どうやらこれまで確認されて
いたものとは異なる攻撃を繰
り出してくるようです。
腕前の確かなＧ級のハンター
にのみ、調査を依頼すること
となりましたので、Ｇ級ハン
ターは調査をお願い致します。",
1696,"≪Ｇ★７密林探索≫
暴風を司りし鋼龍{j}クシャルダオラ１体の討伐{j}なし{j}なし{j}メインターゲットの達成{j}３回力尽きる
タイムアップ{j}ハンターズギルド{j}密林へ向かった調査員より
≪鋼龍≫の目撃情報があり
ました。
風の力を使って繰り出される
攻撃は、とても危険だと報告
されています。
十分な準備の上、調査をお願
いします。",
1697,"≪Ｇ★７雪山探索≫
雪嵐を招く鋼の翼{j}クシャルダオラ１体の討伐{j}なし{j}なし{j}メインターゲットの達成{j}３回力尽きる
タイムアップ{j}ハンターズギルド{j}雪山の探索中に、
クシャルダオラに遭遇したと
報告がありました。
なんでも強烈な風を身にまと
い、近づくことさえ難しかっ
たとのこと…
腕に自信のあるハンターさん、
至急雪山に向かい討伐を
お願いします！",
1698,"≪Ｇ★７砂漠探索≫
極龍、磁界創生{j}ルコディオラ１体の討伐{j}なし{j}なし{j}メインターゲットの達成{j}３回力尽きる
タイムアップ{j}ハンターズギルド{j}砂漠の調査中にルコディオラ
と遭遇したという情報が入っ
てきました。どうやら、今ま
での個体よりも格段に狂暴で、
研究資料にない動きも見せて
いたようです。周囲に危険が
及ぶ前に、さらなる調査を依
頼します。",
1699,"≪Ｇ★７白湖探索≫
極龍、羅針演舞{j}ルコディオラ１体の討伐{j}なし{j}なし{j}メインターゲットの達成{j}３回力尽きる
タイムアップ{j}ハンターズギルド{j}白湖の調査中にルコディオラ
と遭遇したという情報が入っ
てきました。どうやら、今ま
での個体よりも格段に狂暴で、
研究資料にない動きも見せて
いたようです。周囲に危険が
及ぶ前に、さらなる調査を依
頼します。",
1700,"≪Ｇ★７古塔探索≫
稲妻を操る幻獣{j}キリン１頭の討伐{j}なし{j}なし{j}メインターゲットの達成{j}３回力尽きる
タイムアップ{j}ハンターズギルド{j}塔にて、キリンを目撃したと
の情報が入ってきました。目
撃したハンターからの報告に
よるとこれまで見たことがな
い攻撃を繰り出してきたとの
ことです。これまでより強力
な個体の可能性が高いため、
熟練のハンターに調査依頼を
出させて頂きます。",
1701,"≪Ｇ★７幻獣討伐依頼≫
決戦場に佇む白銀の獣{j}キリン１頭の討伐{j}なし{j}なし{j}メインターゲットの達成{j}３回力尽きる
タイムアップ{j}ハンターズギルド{j}決戦場にて、キリンを目撃し
たとの情報が入ってきました。
目撃したハンターからの報告
によるとこれまで見たことが
ない攻撃を繰り出してきたと
のことです。これまでより強
力な個体の可能性が高いため、
熟練のハンターに調査依頼を
出させて頂きます。",
1702,"≪武器勲入手クエスト≫
武器勲入手クエスト【片手剣】{j}秘伝勲の結晶１個の納品{j}なし{j}なし{j}メインターゲットの達成{j}３回力尽きる
タイムアップ{j}エフィー{j}本クエストでは、下記の素材
が入手できます。
≪片手剣勲・序≫５０個
≪片手剣勲・中≫６０個
≪片手剣勲・極≫５０個
クエストを受注するには、
ＧＲ５００以上である必要が
ありますのでご注意ください。",
1703,"≪武器勲入手クエスト≫
武器勲入手クエスト【双剣】{j}秘伝勲の結晶１個の納品{j}なし{j}なし{j}メインターゲットの達成{j}３回力尽きる
タイムアップ{j}エフィー{j}本クエストでは、下記の素材
が入手できます。
≪双剣勲・序≫５０個
≪双剣勲・中≫６０個
≪双剣勲・極≫５０個
クエストを受注するには、
ＧＲ５００以上である必要が
ありますのでご注意ください。",
1704,"≪武器勲入手クエスト≫
武器勲入手クエスト【大剣】{j}秘伝勲の結晶１個の納品{j}なし{j}なし{j}メインターゲットの達成{j}３回力尽きる
タイムアップ{j}エフィー{j}本クエストでは、下記の素材
が入手できます。
≪大剣勲・序≫５０個
≪大剣勲・中≫６０個
≪大剣勲・極≫５０個
クエストを受注するには、
ＧＲ５００以上である必要が
ありますのでご注意ください。",
1705,"≪武器勲入手クエスト≫
武器勲入手クエスト【太刀】{j}秘伝勲の結晶１個の納品{j}なし{j}なし{j}メインターゲットの達成{j}３回力尽きる
タイムアップ{j}エフィー{j}本クエストでは、下記の素材
が入手できます。
≪太刀勲・序≫５０個
≪太刀勲・中≫６０個
≪太刀勲・極≫５０個
クエストを受注するには、
ＧＲ５００以上である必要が
ありますのでご注意ください。",
1706,"≪武器勲入手クエスト≫
武器勲入手クエスト【鎚】{j}秘伝勲の結晶１個の納品{j}なし{j}なし{j}メインターゲットの達成{j}３回力尽きる
タイムアップ{j}エフィー{j}本クエストでは、下記の素材
が入手できます。
≪ハンマー勲・序≫５０個
≪ハンマー勲・中≫６０個
≪ハンマー勲・極≫５０個
クエストを受注するには、
ＧＲ５００以上である必要が
ありますのでご注意ください。",
1707,"≪武器勲入手クエスト≫
武器勲入手クエスト【狩猟笛】{j}秘伝勲の結晶１個の納品{j}なし{j}なし{j}メインターゲットの達成{j}３回力尽きる
タイムアップ{j}エフィー{j}本クエストでは、下記の素材
が入手できます。
≪狩猟笛勲・序≫５０個
≪狩猟笛勲・中≫６０個
≪狩猟笛勲・極≫５０個
クエストを受注するには、
ＧＲ５００以上である必要が
ありますのでご注意ください。",
1708,"≪武器勲入手クエスト≫
武器勲入手クエスト【槍】{j}秘伝勲の結晶１個の納品{j}なし{j}なし{j}メインターゲットの達成{j}３回力尽きる
タイムアップ{j}エフィー{j}本クエストでは、下記の素材
が入手できます。
≪ランス勲・序≫５０個
≪ランス勲・中≫６０個
≪ランス勲・極≫５０個
クエストを受注するには、
ＧＲ５００以上である必要が
ありますのでご注意ください。",
1709,"≪武器勲入手クエスト≫
武器勲入手クエスト【銃槍】{j}秘伝勲の結晶１個の納品{j}なし{j}なし{j}メインターゲットの達成{j}３回力尽きる
タイムアップ{j}エフィー{j}本クエストでは、下記の素材
が入手できます。
≪ガンランス勲・序≫５０個
≪ガンランス勲・中≫６０個
≪ガンランス勲・極≫５０個
クエストを受注するには、
ＧＲ５００以上である必要が
ありますのでご注意ください。",
1710,"≪武器勲入手クエスト≫
武器勲入手クエスト【剣斧】{j}秘伝勲の結晶１個の納品{j}なし{j}なし{j}メインターゲットの達成{j}３回力尽きる
タイムアップ{j}エフィー{j}本クエストでは、下記の素材
が入手できます。
≪剣斧勲・序≫５０個
≪剣斧勲・中≫６０個
≪剣斧勲・極≫５０個
クエストを受注するには、
ＧＲ５００以上である必要が
ありますのでご注意ください。",
1711,"≪武器勲入手クエスト≫
武器勲入手クエスト【穿龍棍】{j}秘伝勲の結晶１個の納品{j}なし{j}なし{j}メインターゲットの達成{j}３回力尽きる
タイムアップ{j}エフィー{j}本クエストでは、下記の素材
が入手できます。
≪穿龍棍勲・序≫５０個
≪穿龍棍勲・中≫６０個
≪穿龍棍勲・極≫５０個
クエストを受注するには、
ＧＲ５００以上である必要が
ありますのでご注意ください。",
1712,"≪武器勲入手クエスト≫
武器勲入手クエスト【軽銃】{j}秘伝勲の結晶１個の納品{j}なし{j}なし{j}メインターゲットの達成{j}３回力尽きる
タイムアップ{j}エフィー{j}本クエストでは、下記の素材
が入手できます。
≪Ｌボウガン勲・序≫５０個
≪Ｌボウガン勲・中≫６０個
≪Ｌボウガン勲・極≫５０個
クエストを受注するには、
ＧＲ５００以上である必要が
ありますのでご注意ください。",
1713,"≪武器勲入手クエスト≫
武器勲入手クエスト【重銃】{j}秘伝勲の結晶１個の納品{j}なし{j}なし{j}メインターゲットの達成{j}３回力尽きる
タイムアップ{j}エフィー{j}本クエストでは、下記の素材
が入手できます。
≪Ｈボウガン勲・序≫５０個
≪Ｈボウガン勲・中≫６０個
≪Ｈボウガン勲・極≫５０個
クエストを受注するには、
ＧＲ５００以上である必要が
ありますのでご注意ください。",
1714,"≪武器勲入手クエスト≫
武器勲入手クエスト【弓】{j}秘伝勲の結晶１個の納品{j}なし{j}なし{j}メインターゲットの達成{j}３回力尽きる
タイムアップ{j}エフィー{j}本クエストでは、下記の素材
が入手できます。
≪弓勲・序≫５０個
≪弓勲・中≫６０個
≪弓勲・極≫５０個
クエストを受注するには、
ＧＲ５００以上である必要が
ありますのでご注意ください。",
1715,"≪武器綬入手クエスト≫
武器綬入手クエスト【片手剣】{j}地図１個の納品{j}なし{j}なし{j}メインターゲットの達成{j}３回力尽きる
タイムアップ{j}エフィー{j}本クエストでは、下記の素材
が入手できます。
≪片手剣綬・序≫１００個
≪片手剣綬・中≫１６５個
≪片手剣綬・極≫１６５個
クエストの受注には、
≪秘伝綬の結晶≫が必要に
なりますのでご注意ください。",
1716,"≪武器綬入手クエスト≫
武器綬入手クエスト【双剣】{j}地図１個の納品{j}なし{j}なし{j}メインターゲットの達成{j}３回力尽きる
タイムアップ{j}エフィー{j}本クエストでは、下記の素材
が入手できます。
≪双剣綬・序≫１００個
≪双剣綬・中≫１６５個
≪双剣綬・極≫１６５個
クエストの受注には、
≪秘伝綬の結晶≫が必要に
なりますのでご注意ください。",
1717,"≪武器綬入手クエスト≫
武器綬入手クエスト【大剣】{j}地図１個の納品{j}なし{j}なし{j}メインターゲットの達成{j}３回力尽きる
タイムアップ{j}エフィー{j}本クエストでは、下記の素材
が入手できます。
≪大剣綬・序≫１００個
≪大剣綬・中≫１６５個
≪大剣綬・極≫１６５個
クエストの受注には、
≪秘伝綬の結晶≫が必要に
なりますのでご注意ください。",
1718,"≪武器綬入手クエスト≫
武器綬入手クエスト【太刀】{j}地図１個の納品{j}なし{j}なし{j}メインターゲットの達成{j}３回力尽きる
タイムアップ{j}エフィー{j}本クエストでは、下記の素材
が入手できます。
≪太刀綬・序≫１００個
≪太刀綬・中≫１６５個
≪太刀綬・極≫１６５個
クエストの受注には、
≪秘伝綬の結晶≫が必要に
なりますのでご注意ください。",
1719,"≪武器綬入手クエスト≫
武器綬入手クエスト【鎚】{j}地図１個の納品{j}なし{j}なし{j}メインターゲットの達成{j}３回力尽きる
タイムアップ{j}エフィー{j}本クエストでは、下記の素材
が入手できます。
≪ハンマー綬・序≫１００個
≪ハンマー綬・中≫１６５個
≪ハンマー綬・極≫１６５個
クエストの受注には、
≪秘伝綬の結晶≫が必要に
なりますのでご注意ください。",
1720,"≪武器綬入手クエスト≫
武器綬入手クエスト【狩猟笛】{j}地図１個の納品{j}なし{j}なし{j}メインターゲットの達成{j}３回力尽きる
タイムアップ{j}エフィー{j}本クエストでは、下記の素材
が入手できます。
≪狩猟笛綬・序≫１００個
≪狩猟笛綬・中≫１６５個
≪狩猟笛綬・極≫１６５個
クエストの受注には、
≪秘伝綬の結晶≫が必要に
なりますのでご注意ください。",
1721,"≪武器綬入手クエスト≫
武器綬入手クエスト【槍】{j}地図１個の納品{j}なし{j}なし{j}メインターゲットの達成{j}３回力尽きる
タイムアップ{j}エフィー{j}本クエストでは、下記の素材
が入手できます。
≪ランス綬・序≫１００個
≪ランス綬・中≫１６５個
≪ランス綬・極≫１６５個
クエストの受注には、
≪秘伝綬の結晶≫が必要に
なりますのでご注意ください。",
1722,"≪武器綬入手クエスト≫
武器綬入手クエスト【銃槍】{j}地図１個の納品{j}なし{j}なし{j}メインターゲットの達成{j}３回力尽きる
タイムアップ{j}エフィー{j}本クエストでは、下記の素材
が入手できます。
≪ガンランス綬・序≫100個
≪ガンランス綬・中≫165個
≪ガンランス綬・極≫165個
クエストの受注には、
≪秘伝綬の結晶≫が必要に
なりますのでご注意ください。",
1723,"≪武器綬入手クエスト≫
武器綬入手クエスト【剣斧】{j}地図１個の納品{j}なし{j}なし{j}メインターゲットの達成{j}３回力尽きる
タイムアップ{j}エフィー{j}本クエストでは、下記の素材
が入手できます。
≪剣斧綬・序≫１００個
≪剣斧綬・中≫１６５個
≪剣斧綬・極≫１６５個
クエストの受注には、
≪秘伝綬の結晶≫が必要に
なりますのでご注意ください。",
1724,"≪武器綬入手クエスト≫
武器綬入手クエスト【穿龍棍】{j}地図１個の納品{j}なし{j}なし{j}メインターゲットの達成{j}３回力尽きる
タイムアップ{j}エフィー{j}本クエストでは、下記の素材
が入手できます。
≪穿龍棍綬・序≫１００個
≪穿龍棍綬・中≫１６５個
≪穿龍棍綬・極≫１６５個
クエストの受注には、
≪秘伝綬の結晶≫が必要に
なりますのでご注意ください。",
1725,"≪武器綬入手クエスト≫
武器綬入手クエスト【軽銃】{j}地図１個の納品{j}なし{j}なし{j}メインターゲットの達成{j}３回力尽きる
タイムアップ{j}エフィー{j}本クエストでは、下記の素材
が入手できます。
≪Ｌボウガン綬・序≫100個
≪Ｌボウガン綬・中≫165個
≪Ｌボウガン綬・極≫165個
クエストの受注には、
≪秘伝綬の結晶≫が必要に
なりますのでご注意ください。",
1726,"≪武器綬入手クエスト≫
武器綬入手クエスト【重銃】{j}地図１個の納品{j}なし{j}なし{j}メインターゲットの達成{j}３回力尽きる
タイムアップ{j}エフィー{j}本クエストでは、下記の素材
が入手できます。
≪Ｈボウガン綬・序≫100個
≪Ｈボウガン綬・中≫165個
≪Ｈボウガン綬・極≫165個
クエストの受注には、
≪秘伝綬の結晶≫が必要に
なりますのでご注意ください。",
1727,"≪武器綬入手クエスト≫
武器綬入手クエスト【弓】{j}地図１個の納品{j}なし{j}なし{j}メインターゲットの達成{j}３回力尽きる
タイムアップ{j}エフィー{j}本クエストでは、下記の素材
が入手できます。
≪弓綬・序≫１００個
≪弓綬・中≫１６５個
≪弓綬・極≫１６５個
クエストの受注には、
≪秘伝綬の結晶≫が必要に
なりますのでご注意ください。",
1728,"≪Ｇ★１武器素材入手≫
獲得せよ！対霞龍装備！{j}ダイミョウザザミ１匹の狩猟{j}ヤオザミ６匹の討伐{j}なし{j}マストオーダー全ての達成{j}３回力尽きる
タイムアップ{j}密林調査隊{j}密林の調査途中にダイミョウ
ザザミとヤオザミが現れまし
た！このままでは調査が完了
できません。依頼を達成して
下さったハンターさんには、
武器「幻影ノ霞払イシ」
シリーズの生産素材をお渡し
します。
",
1729,"≪Ｇ★１武器素材入手≫
獲得せよ！対炎王龍装備！{j}ポカラドン１頭の狩猟{j}ポカラ６頭の討伐{j}なし{j}マストオーダー全ての達成{j}３回力尽きる
タイムアップ{j}極海調査隊{j}極海の調査途中にポカラドン
とポカラが現れました！
このままでは調査が完了
できません。依頼を達成して
下さったハンターさんには、
武器「猛炎ヲ迎エ撃ツ」シ
リーズの生産素材をお渡し
します。",
1730,"≪Ｇ★１武器素材入手≫
獲得せよ！対鋼龍装備！{j}ヒプノック１頭の狩猟{j}ランポス６頭の討伐{j}なし{j}マストオーダー全ての達成{j}３回力尽きる
タイムアップ{j}樹海調査隊{j}樹海の調査途中にヒプノック
とランポスが現れました！こ
のままでは調査が完了できま
せん。
依頼を達成して下さったハン
ターさんには、武器「屈強ナ
鋼ヲ粉砕ス」シリーズの生産
素材をお渡しします。",
1731,"≪Ｇ★１武器素材入手≫
獲得せよ！対紅蓮獅子装備！{j}ドスイーオス２頭の狩猟{j}なし{j}なし{j}メインターゲットの達成{j}３回力尽きる
タイムアップ{j}火山調査隊{j}火山で未発見モンスターを調
査中、獰猛なドスイーオスの
兄弟に襲われ、撤退を余儀な
くされてしまいました。
兄弟を退治して下さったハン
ターさんには、「劫火ヲ滅消
セシ剣斧」の生産素材をお渡
しします。",
1732,"≪Ｇ★１装飾品入手≫
獲得せよ！Ｇ級装飾品【剛撃】{j}イャンクック１頭の狩猟{j}ドスイーオス１頭の討伐{j}なし{j}マストオーダー全ての達成{j}３回力尽きる
タイムアップ{j}ハンターズギルド{j}Ｇ級へ昇格されたばかりの
ハンターの皆さんを支援する
べく、特別なクエストをご用
意いたしました。
Ｇ級モンスター狩猟の基本を
学びながら、新たな装飾品を
入手しましょう！",
1733,"≪Ｇ★１装飾品入手≫
獲得せよ！Ｇ級装飾品【一閃】{j}ドスファンゴ１頭の狩猟{j}ドスランポス１頭の討伐{j}なし{j}マストオーダー全ての達成{j}３回力尽きる
タイムアップ{j}ハンターズギルド{j}Ｇ級へ昇格されたばかりの
ハンターの皆さんを支援する
べく、特別なクエストをご用
意いたしました。
Ｇ級モンスター狩猟の基本を
学びながら、新たな装飾品を
入手しましょう！",
1734,"≪辿異★１クエスト≫
極嘴を備えし眠鳥{j}ヒプノック１頭の討伐{j}なし{j}なし{j}メインターゲットの達成{j}３回力尽きる
タイムアップ{j}ハンターズギルド{j}嘴が大きく発達した≪眠鳥≫
が現れました。
ギルドでは、この個体を
部位の発達した≪辿異種≫と
位置づけ、調査を行います。
これまでの眠鳥より危険との
報告もあります。
気を付けて調査をお願いしま
す。",
1735,"≪辿異★２クエスト≫
熟睡の誘い{j}ヒプノック１頭の討伐{j}なし{j}なし{j}メインターゲットの達成{j}３回力尽きる
タイムアップ{j}ハンターズギルド{j}辿異種≪ヒプノック≫が再び
現れました。
嘴はより強力となり、さらに
力をつけているようです。
十分に気を付けて調査をお願
いします。",
1736,"≪辿異★３クエスト≫
悪夢の歌{j}ヒプノック１頭の討伐{j}なし{j}なし{j}メインターゲットの達成{j}３回力尽きる
タイムアップ{j}ハンターズギルド{j}辿異種≪ヒプノック≫は猛烈
な強さとなり、暴れ続けてい
ます。
このままでは非常に危険です。
万全の準備をして調査をお願
いします。",
1737,"≪辿異★４クエスト≫
夢歌の嘴{j}ヒプノック１頭の討伐{j}なし{j}なし{j}メインターゲットの達成{j}３回力尽きる
タイムアップ{j}ハンターズギルド{j}辿異種≪ヒプノック≫はヒプ
ノックの中でも、頂点に辿り
つくほどの強さに達したよう
です。
その強さは計り知れません。
頂に挑戦する腕に自信のある
ハンターは調査をお願いしま
す。",
1738,"≪辿異★１クエスト≫
極頭を備えし白影{j}フルフル１頭の討伐{j}なし{j}なし{j}メインターゲットの達成{j}３回力尽きる
タイムアップ{j}ハンターズギルド{j}頭が大きく発達した≪白影≫
が現れました。
ギルドでは、この個体を
部位の発達した≪辿異種≫と
位置づけ、調査を行います。
これまでの白影より危険との
報告もあります。
気を付けて調査をお願いしま
す。",
1739,"≪辿異★２クエスト≫
轟く雷電の恐怖{j}フルフル１頭の討伐{j}なし{j}なし{j}メインターゲットの達成{j}３回力尽きる
タイムアップ{j}ハンターズギルド{j}辿異種≪フルフル≫が再び
現れました。
頭はより強力となり、さらに
力をつけているようです。
十分に気を付けて調査をお願
いします。",
1740,"≪辿異★３クエスト≫
白影嚥下{j}フルフル１頭の討伐{j}なし{j}なし{j}メインターゲットの達成{j}３回力尽きる
タイムアップ{j}ハンターズギルド{j}辿異種≪フルフル≫は猛烈
な強さとなり、暴れ続けてい
ます。
このままでは非常に危険です。
万全の準備をして調査をお願
いします。",
1741,"≪辿異★４クエスト≫
異形の面{j}フルフル１頭の討伐{j}なし{j}なし{j}メインターゲットの達成{j}３回力尽きる
タイムアップ{j}ハンターズギルド{j}辿異種≪フルフル≫はフルフ
ルの中でも、頂点に辿りつく
ほどの強さに達したようです。
その強さは計り知れません。
頂に挑戦する腕に自信のある
ハンターは調査をお願いしま
す。",
1742,"≪辿異★１クエスト≫
極爪を備えし盾蟹{j}ダイミョウザザミ１匹の討伐{j}なし{j}なし{j}メインターゲットの達成{j}３回力尽きる
タイムアップ{j}ハンターズギルド{j}爪が大きく発達した≪盾蟹≫
が現れました。
ギルドでは、この個体を
部位の発達した≪辿異種≫と
位置づけ、調査を行います。
これまでの盾蟹より危険との
報告もあります。
気を付けて調査をお願いしま
す。",
1743,"≪辿異★２クエスト≫
盾蟹の煙霧{j}ダイミョウザザミ１匹の討伐{j}なし{j}なし{j}メインターゲットの達成{j}３回力尽きる
タイムアップ{j}ハンターズギルド{j}辿異種≪ダイミョウザザミ≫
が再び現れました。
爪はより強力となり、さらに
力をつけているようです。
十分に気を付けて調査をお願
いします。",
1744,"≪辿異★３クエスト≫
鋏昇撃{j}ダイミョウザザミ１匹の討伐{j}なし{j}なし{j}メインターゲットの達成{j}３回力尽きる
タイムアップ{j}ハンターズギルド{j}辿異種≪ダイミョウザザミ≫
は猛烈な強さとなり、暴れ続
けています。
このままでは非常に危険です。
万全の準備をして調査をお願
いします。",
1745,"≪辿異★４クエスト≫
不落の盾{j}ダイミョウザザミ１匹の討伐{j}なし{j}なし{j}メインターゲットの達成{j}３回力尽きる
タイムアップ{j}ハンターズギルド{j}辿異種≪ダイミョウザザミ≫
はダイミョウザザミの中でも、
頂点に辿りつくほどの強さに
達したようです。
その強さは計り知れません。
頂に挑戦する腕に自信のある
ハンターは調査をお願いしま
す。",
1746,"≪辿異★１クエスト≫
極角を備えし棘竜{j}エスピナス１頭の討伐{j}なし{j}なし{j}メインターゲットの達成{j}３回力尽きる
タイムアップ{j}ハンターズギルド{j}角が大きく発達した≪棘竜≫
が現れました。
ギルドでは、この個体を
部位の発達した≪辿異種≫と
位置づけ、調査を行います。
これまでの棘竜より危険との
報告もあります。
気を付けて調査をお願いしま
す。",
1747,"≪辿異★２クエスト≫
猛毒を操る棘竜への畏怖{j}エスピナス１頭の討伐{j}なし{j}なし{j}メインターゲットの達成{j}３回力尽きる
タイムアップ{j}ハンターズギルド{j}辿異種≪エスピナス≫が再び
現れました。
角はより強力となり、さらに
力をつけているようです。
十分に気を付けて調査をお願
いします。",
1748,"≪辿異★３クエスト≫
焦土を招く息吹{j}エスピナス１頭の討伐{j}なし{j}なし{j}メインターゲットの達成{j}３回力尽きる
タイムアップ{j}ハンターズギルド{j}辿異種≪エスピナス≫は猛烈
な強さとなり、暴れ続けてい
ます。
このままでは非常に危険です。
万全の準備をして調査をお願
いします。",
1749,"≪辿異★４クエスト≫
邪毒の角{j}エスピナス１頭の討伐{j}なし{j}なし{j}メインターゲットの達成{j}３回力尽きる
タイムアップ{j}ハンターズギルド{j}辿異種≪エスピナス≫はエス
ピナスの中でも、頂点に辿り
つくほどの強さに達したよう
です。
その強さは計り知れません。
頂に挑戦する腕に自信のある
ハンターは調査をお願いしま
す。",
1750,"≪始種クエスト≫
原始の火山を知る者{j}ヴォージャン１頭の討伐{j}なし{j}なし{j}メインターゲットの達成{j}３回力尽きる
タイムアップ{j}ハンターズギルド{j}火山で新たなモンスターが
発見されました。
ギルドは対象を紅蓮獅子、
≪ヴォージャン≫と定め、
≪始種≫に分類しました。
繰り出される攻撃は一撃一撃
が非常に重く、怒ると全身に
灼熱の炎をまとうそうです。
討伐に力を貸してください！",
1751,"≪始種クエスト≫
原始の極海を知る者{j}トア・テスカトラ１体の討伐{j}なし{j}なし{j}メインターゲットの達成{j}３回力尽きる
タイムアップ{j}ハンターズギルド{j}極海にて見慣れぬモンスター
が発見されました。
ギルドは対象を凍王龍、
≪トア・テスカトラ≫と定め、
≪始種≫に分類しました。
凍王龍の周りは常に吹雪が
発生しており、捕獲は
不可能と考えられます。
慎重かつ確実に討伐を
お願いします。
",
1752,"≪始種クエスト≫
原始の高地を知る者{j}ヤマクライ１体の討伐{j}なし{j}なし{j}メインターゲットの達成{j}３回力尽きる
タイムアップ{j}ハンターズギルド{j}ハンターたちの調査とギルド
秘蔵の古文書を解読した結果、
浮峰龍≪ヤマクライ≫である
ことが判明しました。
しかもこのモンスターは、
≪始種≫に分類され、様々な
状態異常を発生させる恐ろし
い存在です。この脅威を食い
止められるのでしょうか…。",
1753,"≪始種クエスト≫
原始の砂漠を知る者{j}グレアドモス１頭の討伐{j}なし{j}なし{j}メインターゲットの達成{j}３回力尽きる
タイムアップ{j}ハンターズギルド{j}砂漠で始種モンスターが
発見されました。
非常に重要な研究材料ですが
彼の噴き放つ強力な水流で、
砂漠の生態系は破壊されつつ
あります。
苦渋の決断ですが
ハンターの皆さん！これ以上
被害を拡大させないためにも
討伐に力を貸してください！",
1754,"≪烈種クエスト≫
炎界の貪食者{j}ヴァルサブロス１頭の討伐{j}なし{j}なし{j}メインターゲットの達成{j}３回力尽きる
タイムアップ{j}ハンターズギルド{j}決戦場で
≪ヴァルサブロス≫が現れま
した。この地に生息する
サボテンを好物としているよ
うですが、その生態は未だ
解明されていません。
非常に危険なモンスターであ
ると報告を受けています。
念入りに準備をし、
討伐に向かってください。",
1755,"≪烈種クエスト≫
蒼空の流転者{j}ガルバダオラ１体の討伐{j}なし{j}なし{j}メインターゲットの達成{j}３回力尽きる
タイムアップ{j}ハンターズギルド{j}以前に遭遇した金色の龍です
が、調査の結果、金塵龍
≪ガルバダオラ≫であること
がわかりました。
目撃報告が非常に少数で、
今回の運行航路で会遇できる
かわかりませんが、安全確保
の為、Ｇ級ハンターの方の
同行をお願いします。",
1756,"≪烈種クエスト≫
絶巓の急襲者{j}ディオレックス１頭の討伐{j}なし{j}なし{j}メインターゲットの達成{j}３回力尽きる
タイムアップ{j}ハンターズギルド{j}樹海頂部に
≪ディオレックス≫が現れま
した。体内の発電器官を利用
した外殻の硬質化と、素早い
動きを見せる、非常に危険な
モンスターです。既に多くの
ハンターが被害にあっていま
す。細心の注意を払い
討伐に当たってください。",
1757,"≪烈種クエスト≫
深淵の追撃者{j}メラギナス１頭の討伐{j}なし{j}なし{j}メインターゲットの達成{j}３回力尽きる
タイムアップ{j}ハンターズギルド{j}潮島の洞窟で
≪メラギナス≫が発見されま
した。今まで化石でしか
その存在を知ることができな
かった、太古の記憶を持つ竜
です。これは嘗てない発見と
言えます。非常に重要な調査
のため失敗は許されません。
至急現地へ向かい安全の
確保をお願いします。",
1758,"≪烈種クエスト≫
天空の閃槍者{j}ゼルレウス１頭の討伐{j}なし{j}なし{j}メインターゲットの達成{j}３回力尽きる
タイムアップ{j}ハンターズギルド{j}塔の頂部に≪ゼルレウス≫が
現れました。報告件数も少な
く謎の多いモンスターですが、
地方によって神聖、不吉と
伝承が異なるため非常に貴重
な調査対象と言えます。
現れた輝界竜が、どちらの
伝承のものかは不明ですが、
至急調査をお願いします。",
1759,"≪Ｇ★８遷悠クエスト≫
龍雷鳴動龍光解放{j}ジンオウガ亜種１頭の狩猟{j}なし{j}なし{j}メインターゲットの達成{j}３回力尽きる
タイムアップ{j}帰還した調査員{j}離別した調査隊がまだ
戻ってこない！彼らが
ジンオウガ亜種に追われ
塔の秘境へ向かって
いるのを目撃したのだが、
赤黒い稲妻が天高く巻き
上がり鳴り響いていた！
頼む！早く彼らを助けに
行ってくれないか！",
1760,"≪Ｇ★８遷悠クエスト≫
蒼煌迅影{j}ナルガクルガ１頭の狩猟{j}なし{j}なし{j}メインターゲットの達成{j}３回力尽きる
タイムアップ{j}ギルドマスター{j}迅竜・ナルガクルガが樹海で
も目撃された。全身を黒く
染めたナルガクルガだが…
怒るとその様態が変化し、
非常に危険であると報告を
受けている。
至急、現地へ向かい狩猟
してほしい。",
1761,"≪Ｇ★８遷悠クエスト≫
火山に轟く重顎の地響き{j}ウラガンキン１頭の狩猟{j}なし{j}なし{j}メインターゲットの達成{j}３回力尽きる
タイムアップ{j}ハンターズギルド{j}爆鎚竜・ウラガンキンが
火山にて発見されました！
この地域では初の発見です。
特殊な動きをするとの報告も
あがってきています。
腕利きのハンターの皆様、対
象の生態調査をお願いします。",
1762,"≪Ｇ★８遷悠クエスト≫
極海が震える刻{j}ベリオロス１頭の狩猟{j}なし{j}なし{j}メインターゲットの達成{j}３回力尽きる
タイムアップ{j}極海観測員{j}あの宙をすべるような滑空、
口から出るブリザード…。
間違いない！ヤツだ！極海に
氷牙竜・ベリオロスが
現れやがった！被害が大きく
なる前に狩猟を頼みたい！
氷への対策を怠るなよ！",
1763,"≪Ｇ★８遷悠クエスト≫
極海に爆ぜる剛拳！{j}ブラキディオス１頭の狩猟{j}なし{j}なし{j}メインターゲットの達成{j}３回力尽きる
タイムアップ{j}ギルドマスター{j}砕竜・ブラキディオスの生態
が謎だ。火山での目撃情報が
あった矢先、今度は極海に
出現したとの報告があった。
全身が爆発物のようなヤツの
存在は非常に危険だ。
早急に現地へ向かい、狩猟
してほしい。",
1764,"≪Ｇ★８遷悠クエスト≫
彼の地より来たりし暴君{j}イビルジョー１頭の狩猟{j}なし{j}なし{j}メインターゲットの達成{j}３回力尽きる
タイムアップ{j}ギルドマスター{j}雪山はもともと厳しい土地だ。
さらにメゼポルタには存在し
ていなかった荒ぶる竜が訪れ
たことで、より厳しい状態に
なってしまった。
あれほど凶暴なモンスターは
未だ見たことがない。頼む！
奴を止めてくれ。",
1765,"≪Ｇ★８遷悠クエスト≫
樹海に轟く迅雷{j}ジンオウガ１頭の狩猟{j}なし{j}なし{j}メインターゲットの達成{j}３回力尽きる
タイムアップ{j}ハンターズギルド{j}雷狼竜≪ジンオウガ≫が突然
現れたのです！この辺では見
ることのなかったモンスター
ですよ！しかも、強力な放電
能力を持つ超帯電状態の姿で。
腕に自信のあるハンターさん
すぐに現地へ向かって下さい。",
1766,"≪Ｇ★１武器素材入手≫
獲得せよ！対極龍武器！{j}イャンクック１頭の狩猟{j}ヤオザミ６匹の討伐{j}なし{j}マストオーダー全ての達成{j}３回力尽きる
タイムアップ{j}密林調査隊{j}密林の調査途中にイャンクッ
クとヤオザミが現れました！
このままでは調査が完了でき
ません。依頼を達成して下
さったハンターさんには、
武器「磁界ノ王ヲ征ス」
シリーズの生産素材を
お渡しします。",
1767,"≪Ｇ★１武器素材入手≫
獲得せよ！対幻獣武器！{j}ドスランポス１頭の討伐{j}コンガ６頭の討伐{j}なし{j}マストオーダー全ての達成{j}３回力尽きる
タイムアップ{j}密林調査隊{j}密林の調査途中にドスランポ
スとコンガが現れました！
このままでは調査が完了でき
ません。依頼を達成して下
さったハンターさんには、
武器「幻想ヲ破リシ」
シリーズの生産素材を
お渡しします。",
1768,"≪Ｇ★１防具素材入手≫
2個目のG級防具・フロガダＧ{j}ポカラドン１頭の狩猟{j}ポカラ８頭の討伐{j}なし{j}マストオーダー全ての達成{j}３回力尽きる
タイムアップ{j}ハンター応援団長{j}エントラGXシリーズはできた
けれども違う防具もほしい！
そんなあなたの為のおすすめ
防具「フロガダＧシリーズ」
１部位分の生産強化素材が一
気に入手できるクエストを用
意しました！クエストを５回
クリアして全部位を揃えよう！",
1769,"≪Ｇ★１防具素材入手≫
2個目のG級防具・フロガダGF{j}ヒプノック１頭の狩猟{j}なし{j}なし{j}メインターゲットの達成{j}３回力尽きる
タイムアップ{j}ハンター応援団長{j}フロガダＧシリーズをＬＶ７
まで強化できたあなたへ！
防具「フロガダGFシリーズ」
１部位分の強化素材が一気に
入手できるクエストを用意し
ました！クエストを５回クリ
アして全部位を強化しよう！",
1770,"≪Ｇ★２防具素材入手≫
2個目のG級防具・フロガダGX{j}ファルノック１頭の狩猟{j}なし{j}なし{j}メインターゲットの達成{j}３回力尽きる
タイムアップ{j}ハンター応援団長{j}フロガダGFシリーズをＬＶ７
まで強化できたあなたへ！
防具「フロガダGXシリーズ」
１部位分の強化素材が一気に
入手できるクエストを用意し
ました！クエストを５回クリ
アして全部位を強化しよう！",
1771,"≪Ｇ★８遷悠クエスト≫
災厄をもたらす黒蝕の竜{j}ゴア・マガラ１頭の狩猟{j}なし{j}なし{j}メインターゲットの達成{j}３回力尽きる
タイムアップ{j}ハンターズギルド{j}黒蝕竜が塔で目撃された。
報告によると、黒蝕竜は
狂竜化していたようだが、
今まで報告されている
狂竜化よりも遥かに
禍々しい姿だったという。
このままだと狂竜ウイルスが
拡散していってしまう。
黒蝕竜を狩猟してくれ。",
1772,"≪Ｇ★７彩の滝探索≫
彩の滝に君臨せし裂水竜{j}ゼナセリス１頭の狩猟{j}なし{j}なし{j}メインターゲットの達成{j}３回力尽きる
タイムアップ{j}ハンターズギルド{j}彩の滝へ向かった調査団より
≪裂水竜≫の目撃情報が
ありました。
裂水竜の両翼に生えている
「垂刃」と呼ばれる部位は
刀剣のように鋭く、あらゆる
ものを切断してしまうそう
です。現地へ向かい調査を
お願いします。",
1773,"≪Ｇ★７彩の滝探索≫
夜滝に反響する斬撃の旋律{j}ゼナセリス１頭の狩猟{j}なし{j}なし{j}メインターゲットの達成{j}３回力尽きる
タイムアップ{j}ハンターズギルド{j}夜の彩の滝で≪ゼナセリス≫
の目撃情報がありました。
まだ、遭遇報告も少なく
貴重な調査対象となります。
至急、現地へ向かい調査を
開始してください。",
1774,"≪辿異★１クエスト≫
極腕を備えし雪獅子{j}ドドブランゴ１頭の討伐{j}なし{j}なし{j}メインターゲットの達成{j}３回力尽きる
タイムアップ{j}ハンターズギルド{j}腕が大きく発達した
≪雪獅子≫が現れました。
ギルドでは、この個体を
部位の発達した≪辿異種≫と
位置づけ、調査を行います。
これまでの雪獅子より危険と
の報告もあります。
気を付けて調査をお願いしま
す。",
1775,"≪辿異★２クエスト≫
吐息すら凍てつく氷雪の檻{j}ドドブランゴ１頭の討伐{j}なし{j}なし{j}メインターゲットの達成{j}３回力尽きる
タイムアップ{j}ハンターズギルド{j}辿異種≪ドドブランゴ≫が再
び現れました。
腕はより強力となり、さらに
力をつけているようです。
十分に気を付けて調査をお願
いします。",
1776,"≪辿異★３クエスト≫
豪拳嵐の如く{j}ドドブランゴ１頭の討伐{j}なし{j}なし{j}メインターゲットの達成{j}３回力尽きる
タイムアップ{j}ハンターズギルド{j}辿異種≪ドドブランゴ≫は猛
烈な強さとなり、暴れ続けて
います。
このままでは非常に危険です。
万全の準備をして調査をお願
いします。",
1777,"≪辿異★４クエスト≫
砕の剛腕{j}ドドブランゴ１頭の討伐{j}なし{j}なし{j}メインターゲットの達成{j}３回力尽きる
タイムアップ{j}ハンターズギルド{j}辿異種≪ドドブランゴ≫はド
ドブランゴの中でも、頂点に
辿りつくほどの強さに達した
ようです。
その強さは計り知れません。
頂に挑戦する腕に自信のある
ハンターは調査をお願いしま
す。",
1778,"≪辿異★１クエスト≫
極翼を備えし火竜{j}リオレウス１頭の討伐{j}なし{j}なし{j}メインターゲットの達成{j}３回力尽きる
タイムアップ{j}ハンターズギルド{j}翼が大きく発達した≪火竜≫
が現れました。
ギルドでは、この個体を
部位の発達した≪辿異種≫と
位置づけ、調査を行います。
これまでの火竜より危険との
報告もあります。
気を付けて調査をお願いしま
す。",
1779,"≪辿異★２クエスト≫
火竜の灼熱が命を焦がす{j}リオレウス１頭の討伐{j}なし{j}なし{j}メインターゲットの達成{j}３回力尽きる
タイムアップ{j}ハンターズギルド{j}辿異種≪リオレウス≫が再び
現れました。
翼はより強力となり、さらに
力をつけているようです。
十分に気を付けて調査をお願
いします。",
1780,"≪辿異★３クエスト≫
紅蓮の炎を纏いし空の王者{j}リオレウス１頭の討伐{j}なし{j}なし{j}メインターゲットの達成{j}３回力尽きる
タイムアップ{j}ハンターズギルド{j}辿異種≪リオレウス≫は猛
烈な強さとなり、暴れ続けて
います。
このままでは非常に危険です。
万全の準備をして調査をお願
いします。",
1781,"≪辿異★４クエスト≫
灼熱の翼{j}リオレウス１頭の討伐{j}なし{j}なし{j}メインターゲットの達成{j}３回力尽きる
タイムアップ{j}ハンターズギルド{j}辿異種≪リオレウス≫は
リオレウスの中でも、頂点に
辿りつくほどの強さに達した
ようです。
その強さは計り知れません。
頂に挑戦する腕に自信のある
ハンターは調査をお願いしま
す。",
1782,"≪Ｇ★１防具素材入手≫
最初のG級防具・エントラＧ{j}ドスランポス１頭の狩猟{j}主目標への一定ダメージ{j}なし{j}マストオーダー全ての達成{j}３回力尽きる
タイムアップ{j}ハンター応援団長{j}Ｇ級に上がったけれどもなん
の防具を作ったら良いか分か
らない…！！
そんなあなたの為のおすすめ
防具「エントラＧシリーズ」
１部位分の生産強化素材が一
気に入手できるクエストを用
意しました！クエストを５回
クリアして全部位を揃えよう！",
1783,"≪Ｇ★１防具素材入手≫
最初のG級防具・エントラGF{j}ドスイーオス１頭の狩猟{j}なし{j}なし{j}メインターゲットの達成{j}３回力尽きる
タイムアップ{j}ハンター応援団長{j}エントラＧシリーズをＬＶ７
まで強化できたあなたへ！
防具「エントラGFシリーズ」
１部位分の強化素材が一気に
入手できるクエストを用意し
ました！クエストを５回クリ
アして全部位を強化しよう！",
1784,"≪Ｇ★１防具素材入手≫
最初のG級防具・エントラGX{j}ドスゲネポス１頭の狩猟{j}なし{j}なし{j}メインターゲットの達成{j}３回力尽きる
タイムアップ{j}ハンター応援団長{j}エントラGFシリーズをＬＶ７
まで強化できたあなたへ！
防具「エントラGXシリーズ」
の強化素材をサポートする
クエストを用意しました！
ぜひ、ご活用ください！",
1785,"≪狩煉道クエスト≫
終わりなき狩煉の道{j}出現モンスターの討伐{j}なし{j}なし{j}メインターゲットの達成{j}報酬金ゼロ
タイムアップ{j}ハンターズギルド{j}場所：砦跡",
1786,"≪Ｇ★８遷悠クエスト≫
彼の地にて天へ帰す{j}シャガルマガラ１体の討伐{j}なし{j}なし{j}メインターゲットの達成{j}３回力尽きる
タイムアップ{j}ハンターズギルド{j}長年、足を踏み入れることを
禁じられてきた地域で、最近
モンスターが異常に凶暴化す
る事件が多発しています。
天廻龍≪シャガルマガラ≫が
現れたに違いありません！
このままではどれ程の被害に
なるか予想もつきません。
至急討伐へ向かって下さい。",
1787,"≪スペリアクエスト≫
ヴォージャン素材獲得{j}ヴォージャン１頭の討伐{j}なし{j}なし{j}メインターゲットの達成{j}３回力尽きる
タイムアップ{j}エフィー{j}本クエストでは、紅蓮獅子
≪ヴォージャン≫の素材を
入手することができます。
クエストの受注には、
≪スペリアチケット≫が必要
になります。
クエストを失敗した場合、
≪スペリアチケット≫は消費
されますのでご注意ください。",
1788,"≪スペリアクエスト≫
グァンゾルム素材獲得{j}グァンゾルム１体の討伐{j}なし{j}なし{j}メインターゲットの達成{j}３回力尽きる
タイムアップ{j}エフィー{j}本クエストでは、帝征龍
≪グァンゾルム≫の素材を
入手することができます。
クエストの受注には、
≪スペリアチケット≫が必要
になります。
クエストを失敗した場合、
≪スペリアチケット≫は消費
されますのでご注意ください。",
1789,"≪スペリアクエスト≫
トリドクレス素材獲得{j}トリドクレス１頭の狩猟{j}なし{j}なし{j}メインターゲットの達成{j}３回力尽きる
タイムアップ{j}エフィー{j}本クエストでは、照雷鳥
≪トリドクレス≫の素材を
入手することができます。
クエストの受注には、
≪スペリアチケット≫が必要
になります。
クエストを失敗した場合、
≪スペリアチケット≫は消費
されますのでご注意ください。",
1790,"≪スペリアクエスト≫
ガスラバズラ素材獲得{j}ガスラバズラ１頭の狩猟{j}なし{j}なし{j}メインターゲットの達成{j}３回力尽きる
タイムアップ{j}エフィー{j}本クエストでは、怒貌竜
≪ガスラバズラ≫の素材を
入手することができます。
クエストの受注には、
≪スペリアチケット≫が必要
になります。
クエストを失敗した場合、
≪スペリアチケット≫は消費
されますのでご注意ください。",
1791,"≪スペリアクエスト≫
ハルドメルグ素材獲得{j}ハルドメルグ１体の討伐{j}なし{j}なし{j}メインターゲットの達成{j}３回力尽きる／タイムアップ
拠点の耐久値ゼロ{j}エフィー{j}本クエストでは、司銀龍
≪ハルドメルグ≫の素材を
入手することができます。
クエストの受注には、
≪スペリアチケット≫が必要
になります。
クエストを失敗した場合、
≪スペリアチケット≫は消費
されますのでご注意ください。",
1792,"≪スペリアクエスト≫
ポボルバルム素材獲得{j}ポボルバルム１頭の討伐{j}なし{j}なし{j}メインターゲットの達成{j}３回力尽きる
タイムアップ{j}エフィー{j}本クエストでは、創音竜
≪ポボルバルム≫の素材を
入手することができます。
クエストの受注には、
≪スペリアチケット≫が必要
になります。
クエストを失敗した場合、
≪スペリアチケット≫は消費
されますのでご注意ください。",
1793,"≪スペリアクエスト≫
イナガミ素材獲得{j}イナガミ１体の討伐{j}なし{j}なし{j}メインターゲットの達成{j}３回力尽きる
タイムアップ{j}エフィー{j}本クエストでは、雅翁龍
≪イナガミ≫の素材を
入手することができます。
クエストの受注には、
≪スペリアチケット≫が必要
になります。
クエストを失敗した場合、
≪スペリアチケット≫は消費
されますのでご注意ください。",
1794,"≪辿異★１クエスト≫
極尾を備えし尾晶蠍{j}アクラ・ヴァシム１匹の討伐{j}なし{j}なし{j}メインターゲットの達成{j}３回力尽きる
タイムアップ{j}ハンターズギルド{j}尾が大きく発達した≪尾晶蠍≫
が現れました。
ギルドでは、この個体を部位
の発達した≪辿異種≫と位置
づけ、調査を行います。
これまでの尾晶蠍より危険と
の報告もあります。
気を付けて調査をお願いしま
す。",
1795,"≪辿異★２クエスト≫
自由を奪いし極尾{j}アクラ・ヴァシム１匹の討伐{j}なし{j}なし{j}メインターゲットの達成{j}３回力尽きる
タイムアップ{j}ハンターズギルド{j}辿異種≪アクラ・ヴァシム≫
が再び現れました。
尾はより強力となり、さらに
力をつけているようです。
十分に気を付けて調査をお願
いします。",
1796,"≪辿異★３クエスト≫
纏晶の捕食者{j}アクラ・ヴァシム１匹の討伐{j}なし{j}なし{j}メインターゲットの達成{j}３回力尽きる
タイムアップ{j}ハンターズギルド{j}辿異種≪アクラ・ヴァシム≫
は猛烈な強さとなり、暴れ続
けています。
このままでは非常に危険です。
万全の準備をして調査をお願
いします。",
1797,"≪辿異★４クエスト≫
煌煌の尾{j}アクラ・ヴァシム１匹の討伐{j}なし{j}なし{j}メインターゲットの達成{j}３回力尽きる
タイムアップ{j}ハンターズギルド{j}辿異種≪アクラ・ヴァシム≫
はアクラ・ヴァシムの中でも、
頂点に辿りつくほどの強さに
達したようです。
その強さは計り知れません。
頂に挑戦する腕に自信のある
ハンターは調査をお願いしま
す。",
1798,"≪辿異★１クエスト≫
極爪を備えし轟竜{j}ティガレックス１頭の討伐{j}なし{j}なし{j}メインターゲットの達成{j}３回力尽きる
タイムアップ{j}ハンターズギルド{j}爪が大きく発達した≪轟竜≫
が現れました。
ギルドでは、この個体を
部位の発達した≪辿異種≫と
位置づけ、調査を行います。
これまでの轟竜より危険との
報告もあります。
気を付けて調査をお願いしま
す。",
1799,"≪辿異★２クエスト≫
爪は血に飢える{j}ティガレックス１頭の討伐{j}なし{j}なし{j}メインターゲットの達成{j}３回力尽きる
タイムアップ{j}ハンターズギルド{j}辿異種≪ティガレックス≫が
再び現れました。
爪はより強力となり、さらに
力をつけているようです。
十分に気を付けて調査をお願
いします。",
1800,"≪辿異★３クエスト≫
狂乱の捕食者{j}ティガレックス１頭の討伐{j}なし{j}なし{j}メインターゲットの達成{j}３回力尽きる
タイムアップ{j}ハンターズギルド{j}辿異種≪ティガレックス≫は
猛烈な強さとなり、暴れ続け
ています。
このままでは非常に危険です。
万全の準備をして調査をお願
いします。",
1801,"≪辿異★４クエスト≫
壊裂の爪{j}ティガレックス１頭の討伐{j}なし{j}なし{j}メインターゲットの達成{j}３回力尽きる
タイムアップ{j}ハンターズギルド{j}辿異種≪ティガレックス≫は
ティガレックスの中でも、
頂点に辿りつくほどの強さに
達したようです。
その強さは計り知れません。
頂に挑戦する腕に自信のある
ハンターは調査をお願いしま
す。",
1802,"≪Ｇ★１秘伝への導き≫
Ｇ級秘伝への導き【怪鳥】{j}イャンクック１頭の狩猟{j}イャンクックの耳破壊{j}なし{j}マストオーダー全ての達成{j}３回力尽きる
タイムアップ{j}ハンターズギルド{j}武器の扱いを極めたハンター
が手にする『秘伝防具』。
かねてよりギルドから様々な
手助けをしてきましたが、
今回は更なる高みを目指す方
のために非常に貴重なＧ級素
材を提供させていただきます。
ただし、調査のために、指定
の部位の破壊をお願いします。",
1803,"≪Ｇ★１秘伝への導き≫
Ｇ級秘伝への導き【凍海獣】{j}ポカラドン１頭の狩猟{j}ポカラドンの頭部破壊{j}なし{j}マストオーダー全ての達成{j}３回力尽きる
タイムアップ{j}ハンターズギルド{j}武器の扱いを極めたハンター
が手にする『秘伝防具』。
かねてよりギルドから様々な
手助けをしてきましたが、
今回は更なる高みを目指す方
のために非常に貴重なＧ級素
材を提供させていただきます。
ただし、調査のために、指定
の部位の破壊をお願いします。",
1804,"≪Ｇ★３秘伝への導き≫
Ｇ級秘伝への導き【雌火竜】{j}リオレイア１頭の狩猟{j}リオレイアの頭部破壊{j}なし{j}マストオーダー全ての達成{j}３回力尽きる
タイムアップ{j}ハンターズギルド{j}武器の扱いを極めたハンター
が手にする『秘伝防具』。
かねてよりギルドから様々な
手助けをしてきましたが、
今回は更なる高みを目指す方
のために非常に貴重なＧ級素
材を提供させていただきます。
ただし、調査のために、指定
の部位の破壊をお願いします。",
1805,"≪Ｇ★４秘伝への導き≫
Ｇ級秘伝への導き【白影】{j}フルフル１頭の狩猟{j}フルフルの頭と胴の破壊{j}なし{j}マストオーダー全ての達成{j}３回力尽きる
タイムアップ{j}ハンターズギルド{j}武器の扱いを極めたハンター
が手にする『秘伝防具』。
かねてよりギルドから様々な
手助けをしてきましたが、
今回は更なる高みを目指す方
のために非常に貴重なＧ級素
材を提供させていただきます。
ただし、調査のために、指定
の部位の破壊をお願いします。",
1806,"≪Ｇ★５秘伝への導き≫
Ｇ級秘伝への導き【氷獰竜】{j}ギアオルグ１頭の狩猟{j}ギアオルグの角破壊{j}なし{j}マストオーダー全ての達成{j}３回力尽きる
タイムアップ{j}ハンターズギルド{j}武器の扱いを極めたハンター
が手にする『秘伝防具』。
かねてよりギルドから様々な
手助けをしてきましたが、
今回は更なる高みを目指す方
のために非常に貴重なＧ級素
材を提供させていただきます。
ただし、調査のために、指定
の部位の破壊をお願いします。",
1807,"≪Ｇ★７秘伝への導き≫
Ｇ級秘伝への導き【喰血竜】{j}バルラガル１頭の狩猟{j}バルラガルの頭部破壊{j}なし{j}マストオーダー全ての達成{j}３回力尽きる
タイムアップ{j}ハンターズギルド{j}武器の扱いを極めたハンター
が手にする『秘伝防具』。
かねてよりギルドから様々な
手助けをしてきましたが、
今回は更なる高みを目指す方
のために非常に貴重なＧ級素
材を提供させていただきます。
ただし、調査のために、指定
の部位の破壊をお願いします。",
1808,"≪Ｇ★２秘伝への導き≫
Ｇ級秘伝への導き【傾雷鳥】{j}ファルノック１頭の狩猟{j}ファルノックの頭部破壊{j}なし{j}マストオーダー全ての達成{j}３回力尽きる
タイムアップ{j}ハンターズギルド{j}武器の扱いを極めたハンター
が手にする『秘伝防具』。
かねてよりギルドから様々な
手助けをしてきましたが、
今回は更なる高みを目指す方
のために非常に貴重なＧ級素
材を提供させていただきます。
ただし、調査のために、指定
の部位の破壊をお願いします。",
1809,"≪Ｇ★２秘伝への導き≫
Ｇ級秘伝への導き【桃毛獣】{j}ババコンガ１頭の狩猟{j}ババコンガの頭部破壊{j}なし{j}マストオーダー全ての達成{j}３回力尽きる
タイムアップ{j}ハンターズギルド{j}武器の扱いを極めたハンター
が手にする『秘伝防具』。
かねてよりギルドから様々な
手助けをしてきましたが、
今回は更なる高みを目指す方
のために非常に貴重なＧ級素
材を提供させていただきます。
ただし、調査のために、指定
の部位の破壊をお願いします。",
1810,"≪Ｇ★６秘伝への導き≫
Ｇ級秘伝への導き【響狼】{j}カム・オルガロン１頭の狩猟{j}カム・オルガロンの頭部破壊{j}なし{j}マストオーダー全ての達成{j}３回力尽きる
タイムアップ{j}ハンターズギルド{j}武器の扱いを極めたハンター
が手にする『秘伝防具』。
かねてよりギルドから様々な
手助けをしてきましたが、
今回は更なる高みを目指す方
のために非常に貴重なＧ級素
材を提供させていただきます。
ただし、調査のために、指定
の部位の破壊をお願いします。",
1811,"≪Ｇ★６秘伝への導き≫
Ｇ級秘伝への導き【金獅子】{j}ラージャン１頭の狩猟{j}ラージャンの頭部破壊{j}なし{j}マストオーダー全ての達成{j}３回力尽きる
タイムアップ{j}ハンターズギルド{j}武器の扱いを極めたハンター
が手にする『秘伝防具』。
かねてよりギルドから様々な
手助けをしてきましたが、
今回は更なる高みを目指す方
のために非常に貴重なＧ級素
材を提供させていただきます。
ただし、調査のために、指定
の部位の破壊をお願いします。",
1812,"≪Ｇ★７秘伝への導き≫
Ｇ級秘伝への導き【金火竜】{j}リオレイア希少種１頭の狩猟{j}リオレイア希少種の頭部破壊{j}なし{j}マストオーダー全ての達成{j}３回力尽きる
タイムアップ{j}ハンターズギルド{j}武器の扱いを極めたハンター
が手にする『秘伝防具』。
かねてよりギルドから様々な
手助けをしてきましたが、
今回は更なる高みを目指す方
のために非常に貴重なＧ級素
材を提供させていただきます。
ただし、調査のために、指定
の部位の破壊をお願いします。",
1813,"≪Ｇ★７秘伝への導き≫
Ｇ級秘伝への導き【尾晶蠍】{j}アクラ・ヴァシム１匹の討伐{j}なし{j}なし{j}メインターゲットの達成{j}３回力尽きる
タイムアップ{j}ハンターズギルド{j}武器の扱いを極めたハンター
が手にする『秘伝防具』。
かねてよりギルドから様々な
手助けをしてきましたが、
今回は更なる高みを目指す方
のために非常に貴重なＧ級素
材を提供させていただきます。
ただし、調査のために、
尾晶蠍の討伐をお願いします。",
1814,"≪Ｇ★３秘伝への導き≫
Ｇ級秘伝への導き【鎌蟹】{j}ショウグンギザミ１匹の狩猟{j}ショウグンギザミのツメ破壊{j}なし{j}マストオーダー全ての達成{j}３回力尽きる
タイムアップ{j}ハンターズギルド{j}武器の扱いを極めたハンター
が手にする『秘伝防具』。
かねてよりギルドから様々な
手助けをしてきましたが、
今回は更なる高みを目指す方
のために非常に貴重なＧ級素
材を提供させていただきます。
ただし、調査のために、指定
の部位の破壊をお願いします。",
1815,"≪Ｇ★３秘伝への導き≫
Ｇ級秘伝への導き【針纏竜】{j}ヒュジキキ１頭の狩猟{j}ヒュジキキの角破壊{j}なし{j}マストオーダー全ての達成{j}３回力尽きる
タイムアップ{j}ハンターズギルド{j}武器の扱いを極めたハンター
が手にする『秘伝防具』。
かねてよりギルドから様々な
手助けをしてきましたが、
今回は更なる高みを目指す方
のために非常に貴重なＧ級素
材を提供させていただきます。
ただし、調査のために、指定
の部位の破壊をお願いします。",
1816,"≪Ｇ★４秘伝への導き≫
Ｇ級秘伝への導き【雪獅子】{j}ドドブランゴ１頭の狩猟{j}ドドブランゴの尻尾切断{j}なし{j}マストオーダー全ての達成{j}３回力尽きる
タイムアップ{j}ハンターズギルド{j}武器の扱いを極めたハンター
が手にする『秘伝防具』。
かねてよりギルドから様々な
手助けをしてきましたが、
今回は更なる高みを目指す方
のために非常に貴重なＧ級素
材を提供させていただきます。
ただし、調査のために、指定
の部位の破壊をお願いします。",
1817,"≪Ｇ★４秘伝への導き≫
Ｇ級秘伝への導き【角竜】{j}ディアブロス１頭の狩猟{j}ディアブロスの角破壊{j}なし{j}マストオーダー全ての達成{j}３回力尽きる
タイムアップ{j}ハンターズギルド{j}武器の扱いを極めたハンター
が手にする『秘伝防具』。
かねてよりギルドから様々な
手助けをしてきましたが、
今回は更なる高みを目指す方
のために非常に貴重なＧ級素
材を提供させていただきます。
ただし、調査のために、指定
の部位の破壊をお願いします。",
1818,"≪Ｇ★６秘伝への導き≫
Ｇ級秘伝への導き【黒鎧竜】{j}グラビモス亜種１頭の狩猟{j}グラビモス亜種の胸部破壊{j}なし{j}マストオーダー全ての達成{j}３回力尽きる
タイムアップ{j}ハンターズギルド{j}武器の扱いを極めたハンター
が手にする『秘伝防具』。
かねてよりギルドから様々な
手助けをしてきましたが、
今回は更なる高みを目指す方
のために非常に貴重なＧ級素
材を提供させていただきます。
ただし、調査のために、指定
の部位の破壊をお願いします。",
1819,"≪Ｇ★７秘伝への導き≫
Ｇ級秘伝への導き【氷狐竜】{j}デュラガウア１頭の狩猟{j}デュラガウアの頭部破壊{j}なし{j}マストオーダー全ての達成{j}３回力尽きる
タイムアップ{j}ハンターズギルド{j}武器の扱いを極めたハンター
が手にする『秘伝防具』。
かねてよりギルドから様々な
手助けをしてきましたが、
今回は更なる高みを目指す方
のために非常に貴重なＧ級素
材を提供させていただきます。
ただし、調査のために、指定
の部位の破壊をお願いします。",
1820,"≪Ｇ★４秘伝への導き≫
Ｇ級秘伝への導き【爆狼】{j}ミドガロン１頭の狩猟{j}ミドガロンの頭部破壊{j}なし{j}マストオーダー全ての達成{j}３回力尽きる
タイムアップ{j}ハンターズギルド{j}武器の扱いを極めたハンター
が手にする『秘伝防具』。
かねてよりギルドから様々な
手助けをしてきましたが、
今回は更なる高みを目指す方
のために非常に貴重なＧ級素
材を提供させていただきます。
ただし、調査のために、指定
の部位の破壊をお願いします。",
1821,"≪Ｇ★４秘伝への導き≫
Ｇ級秘伝への導き【水竜】{j}ガノトトス１頭の狩猟{j}ガノトトスの背ビレ破壊{j}なし{j}マストオーダー全ての達成{j}３回力尽きる
タイムアップ{j}ハンターズギルド{j}武器の扱いを極めたハンター
が手にする『秘伝防具』。
かねてよりギルドから様々な
手助けをしてきましたが、
今回は更なる高みを目指す方
のために非常に貴重なＧ級素
材を提供させていただきます。
ただし、調査のために、指定
の部位の破壊をお願いします。",
1822,"≪Ｇ★５秘伝への導き≫
Ｇ級秘伝への導き【闘獣】{j}ゴウガルフ２頭の狩猟{j}ロロ・ゴウガルフの頭部破壊{j}なし{j}マストオーダー全ての達成{j}３回力尽きる
タイムアップ{j}ハンターズギルド{j}武器の扱いを極めたハンター
が手にする『秘伝防具』。
かねてよりギルドから様々な
手助けをしてきましたが、
今回は更なる高みを目指す方
のために非常に貴重なＧ級素
材を提供させていただきます。
ただし、調査のために、指定
の部位の破壊をお願いします。",
1823,"≪Ｇ★６秘伝への導き≫
Ｇ級秘伝への導き【棘竜】{j}エスピナス１頭の狩猟{j}エスピナスの角破壊{j}なし{j}マストオーダー全ての達成{j}３回力尽きる
タイムアップ{j}ハンターズギルド{j}武器の扱いを極めたハンター
が手にする『秘伝防具』。
かねてよりギルドから様々な
手助けをしてきましたが、
今回は更なる高みを目指す方
のために非常に貴重なＧ級素
材を提供させていただきます。
ただし、調査のために、指定
の部位の破壊をお願いします。",
1824,"≪Ｇ★７秘伝への導き≫
Ｇ級秘伝への導き【蛮竜】{j}グレンゼブル１頭の狩猟{j}グレンゼブルの頭部破壊{j}なし{j}マストオーダー全ての達成{j}３回力尽きる
タイムアップ{j}ハンターズギルド{j}武器の扱いを極めたハンター
が手にする『秘伝防具』。
かねてよりギルドから様々な
手助けをしてきましたが、
今回は更なる高みを目指す方
のために非常に貴重なＧ級素
材を提供させていただきます。
ただし、調査のために、指定
の部位の破壊をお願いします。",
1825,"≪Ｇ★７秘伝への導き≫
Ｇ級秘伝への導き【黒穿竜】{j}メラギナス１頭の討伐{j}メラギナスの角破壊{j}なし{j}マストオーダー全ての達成{j}３回力尽きる
タイムアップ{j}ハンターズギルド{j}武器の扱いを極めたハンター
が手にする『秘伝防具』。
かねてよりギルドから様々な
手助けをしてきましたが、
今回は更なる高みを目指す方
のために非常に貴重なＧ級素
材を提供させていただきます。
ただし、調査のために、指定
の部位の破壊をお願いします。",
1826,"≪Ｇ★１秘伝への導き≫
Ｇ級秘伝への導き【盾蟹】{j}ダイミョウザザミ１匹の狩猟{j}ダイミョウザザミのツメ破壊{j}なし{j}マストオーダー全ての達成{j}３回力尽きる
タイムアップ{j}ハンターズギルド{j}武器の扱いを極めたハンター
が手にする『秘伝防具』。
かねてよりギルドから様々な
手助けをしてきましたが、
今回は更なる高みを目指す方
のために非常に貴重なＧ級素
材を提供させていただきます。
ただし、調査のために、指定
の部位の破壊をお願いします。",
1827,"≪Ｇ★２秘伝への導き≫
Ｇ級秘伝への導き【毒怪鳥】{j}ゲリョス１頭の狩猟{j}ゲリョスのトサカ破壊{j}なし{j}マストオーダー全ての達成{j}３回力尽きる
タイムアップ{j}ハンターズギルド{j}武器の扱いを極めたハンター
が手にする『秘伝防具』。
かねてよりギルドから様々な
手助けをしてきましたが、
今回は更なる高みを目指す方
のために非常に貴重なＧ級素
材を提供させていただきます。
ただし、調査のために、指定
の部位の破壊をお願いします。",
1828,"≪Ｇ★３秘伝への導き≫
Ｇ級秘伝への導き【岩竜】{j}バサルモス１頭の狩猟{j}バサルモスの胸部破壊{j}なし{j}マストオーダー全ての達成{j}３回力尽きる
タイムアップ{j}ハンターズギルド{j}武器の扱いを極めたハンター
が手にする『秘伝防具』。
かねてよりギルドから様々な
手助けをしてきましたが、
今回は更なる高みを目指す方
のために非常に貴重なＧ級素
材を提供させていただきます。
ただし、調査のために、指定
の部位の破壊をお願いします。",
1829,"≪Ｇ★４秘伝への導き≫
Ｇ級秘伝への導き【火竜】{j}リオレウス１頭の狩猟{j}リオレウスの頭部破壊{j}なし{j}マストオーダー全ての達成{j}３回力尽きる
タイムアップ{j}ハンターズギルド{j}武器の扱いを極めたハンター
が手にする『秘伝防具』。
かねてよりギルドから様々な
手助けをしてきましたが、
今回は更なる高みを目指す方
のために非常に貴重なＧ級素
材を提供させていただきます。
ただし、調査のために、指定
の部位の破壊をお願いします。",
1830,"≪Ｇ★６秘伝への導き≫
Ｇ級秘伝への導き【溶岩竜】{j}ヴォルガノス１頭の狩猟{j}ヴォルガノスの頭部破壊{j}なし{j}マストオーダー全ての達成{j}３回力尽きる
タイムアップ{j}ハンターズギルド{j}武器の扱いを極めたハンター
が手にする『秘伝防具』。
かねてよりギルドから様々な
手助けをしてきましたが、
今回は更なる高みを目指す方
のために非常に貴重なＧ級素
材を提供させていただきます。
ただし、調査のために、指定
の部位の破壊をお願いします。",
1831,"≪Ｇ★７秘伝への導き≫
Ｇ級秘伝への導き【華鳳鳥】{j}フォロクルル１頭の狩猟{j}フォロクルルの頭部破壊{j}なし{j}マストオーダー全ての達成{j}３回力尽きる
タイムアップ{j}ハンターズギルド{j}武器の扱いを極めたハンター
が手にする『秘伝防具』。
かねてよりギルドから様々な
手助けをしてきましたが、
今回は更なる高みを目指す方
のために非常に貴重なＧ級素
材を提供させていただきます。
ただし、調査のために、指定
の部位の破壊をお願いします。",
1832,"≪Ｇ★３秘伝への導き≫
Ｇ級秘伝への導き【雌響狼】{j}ノノ・オルガロン１頭の狩猟{j}ノノ・オルガロンの背中破壊{j}なし{j}マストオーダー全ての達成{j}３回力尽きる
タイムアップ{j}ハンターズギルド{j}武器の扱いを極めたハンター
が手にする『秘伝防具』。
かねてよりギルドから様々な
手助けをしてきましたが、
今回は更なる高みを目指す方
のために非常に貴重なＧ級素
材を提供させていただきます。
ただし、調査のために、指定
の部位の破壊をお願いします。",
1833,"≪Ｇ★５秘伝への導き≫
Ｇ級秘伝への導き【舞雷竜】{j}ベルキュロス１頭の狩猟{j}ベルキュロスの頭部破壊{j}なし{j}マストオーダー全ての達成{j}３回力尽きる
タイムアップ{j}ハンターズギルド{j}武器の扱いを極めたハンター
が手にする『秘伝防具』。
かねてよりギルドから様々な
手助けをしてきましたが、
今回は更なる高みを目指す方
のために非常に貴重なＧ級素
材を提供させていただきます。
ただし、調査のために、指定
の部位の破壊をお願いします。",
1834,"≪Ｇ★５秘伝への導き≫
Ｇ級秘伝への導き【轟竜】{j}ティガレックス１頭の狩猟{j}ティガレックスの頭部破壊{j}なし{j}マストオーダー全ての達成{j}３回力尽きる
タイムアップ{j}ハンターズギルド{j}武器の扱いを極めたハンター
が手にする『秘伝防具』。
かねてよりギルドから様々な
手助けをしてきましたが、
今回は更なる高みを目指す方
のために非常に貴重なＧ級素
材を提供させていただきます。
ただし、調査のために、指定
の部位の破壊をお願いします。",
1835,"≪Ｇ★６秘伝への導き≫
Ｇ級秘伝への導き【暴鋸竜】{j}アノルパティス１頭の狩猟{j}アノルパティスの頭部破壊{j}なし{j}マストオーダー全ての達成{j}３回力尽きる
タイムアップ{j}ハンターズギルド{j}武器の扱いを極めたハンター
が手にする『秘伝防具』。
かねてよりギルドから様々な
手助けをしてきましたが、
今回は更なる高みを目指す方
のために非常に貴重なＧ級素
材を提供させていただきます。
ただし、調査のために、指定
の部位の破壊をお願いします。",
1836,"≪Ｇ★７秘伝への導き≫
Ｇ級秘伝への導き【黒狼鳥】{j}イャンガルルガ１頭の狩猟{j}主目標のクチバシ破壊{j}なし{j}マストオーダー全ての達成{j}３回力尽きる
タイムアップ{j}ハンターズギルド{j}武器の扱いを極めたハンター
が手にする『秘伝防具』。
かねてよりギルドから様々な
手助けをしてきましたが、
今回は更なる高みを目指す方
のために非常に貴重なＧ級素
材を提供させていただきます。
ただし、調査のために、指定
の部位の破壊をお願いします。",
1837,"≪Ｇ★７秘伝への導き≫
Ｇ級秘伝への導き【雷極龍】{j}レビディオラ１体の討伐{j}なし{j}なし{j}メインターゲットの達成{j}３回力尽きる　タイムアップ
拠点の耐久値ゼロ{j}ハンターズギルド{j}武器の扱いを極めたハンター
が手にする『秘伝防具』。
かねてよりギルドから様々な
手助けをしてきましたが、
今回は更なる高みを目指す方
のために非常に貴重なＧ級素
材を提供させていただきます。
ただし、調査のために、
雷極龍の討伐をお願いします。",
1838,"≪Ｇ★７秘伝への導き≫
Ｇ級秘伝への導き【輝界竜】{j}ゼルレウス１頭の討伐{j}なし{j}なし{j}メインターゲットの達成{j}３回力尽きる
タイムアップ{j}ハンターズギルド{j}武器の扱いを極めたハンター
が手にする『秘伝防具』。
かねてよりギルドから様々な
手助けをしてきましたが、
今回は更なる高みを目指す方
のために非常に貴重なＧ級素
材を提供させていただきます。
ただし、調査のために、
輝界竜の討伐をお願いします。",
1839,"≪Ｇ★４イベント≫
Ｇ級秘伝への導き【天翔龍】{j}シャンティエン１体の討伐{j}なし{j}なし{j}メインターゲットの達成{j}３回力尽きる
タイムアップ{j}ハンターズギルド{j}武器の扱いを極めたハンター
が手にする『秘伝防具』。
かねてよりギルドから様々な
手助けをしてきましたが、
今回は更なる高みを目指す方
のために非常に貴重なＧ級素
材を提供させていただきます。
ただし、調査のために、
天翔龍の討伐をお願いします。",
1840,"≪Ｇ★６イベント≫
Ｇ級秘伝への導き【黒龍】{j}ミラボレアス１体の討伐{j}なし{j}なし{j}メインターゲットの達成{j}３回力尽きる
タイムアップ{j}ハンターズギルド{j}武器の扱いを極めたハンター
が手にする『秘伝防具』。
かねてよりギルドから様々な
手助けをしてきましたが、
今回は更なる高みを目指す方
のために非常に貴重なＧ級素
材を提供させていただきます。
ただし、調査のために、
黒龍の討伐をお願いします。",
1841,"≪Ｇ★７イベント≫
Ｇ級秘伝への導き【熾凍龍】{j}ディスフィロア１体の討伐{j}なし{j}なし{j}メインターゲットの達成{j}３回力尽きる
タイムアップ{j}ハンターズギルド{j}武器の扱いを極めたハンター
が手にする『秘伝防具』。
かねてよりギルドから様々な
手助けをしてきましたが、
今回は更なる高みを目指す方
のために非常に貴重なＧ級素
材を提供させていただきます。
ただし、調査のために、
熾凍龍の討伐をお願いします。",
1842,"≪極征クエスト≫
蒼穹を翔けた先に至る境地{j}シャンティエン１体の討伐{j}なし{j}なし{j}メインターゲットの達成{j}３回力尽きる
タイムアップ{j}ハンターズギルド{j}大型探査船の航路付近に、
天翔龍の姿が確認されました。
迎撃用の装備があるとはいえ、
そう何度も襲われていては
調査を行うことができません。
大型探査船に同乗し、天翔龍
の討伐に当たって下さい。",
1843,"≪極征クエスト≫
蒼穹を翔けた先に至る境地{j}シャンティエン１体の討伐{j}なし{j}なし{j}メインターゲットの達成{j}３回力尽きる
タイムアップ{j}ハンターズギルド{j}大型探査船の航路付近に、
天翔龍の姿が確認されました。
迎撃用の装備があるとはいえ、
そう何度も襲われていては
調査を行うことができません。
大型探査船に同乗し、天翔龍
の討伐に当たって下さい。",
1844,"≪極征クエスト≫
蒼穹を翔けた先に至る境地{j}シャンティエン１体の討伐{j}なし{j}なし{j}メインターゲットの達成{j}３回力尽きる
タイムアップ{j}ハンターズギルド{j}大型探査船の航路付近に、
天翔龍の姿が確認されました。
迎撃用の装備があるとはいえ、
そう何度も襲われていては
調査を行うことができません。
大型探査船に同乗し、天翔龍
の討伐に当たって下さい。",
1845,"≪極征クエスト≫
蒼穹を翔けた先に至る境地{j}シャンティエン１体の討伐{j}なし{j}なし{j}メインターゲットの達成{j}３回力尽きる
タイムアップ{j}ハンターズギルド{j}大型探査船の航路付近に、
天翔龍の姿が確認されました。
迎撃用の装備があるとはいえ、
そう何度も襲われていては
調査を行うことができません。
大型探査船に同乗し、天翔龍
の討伐に当たって下さい。",
1846,"≪極征クエスト≫
命息吹かぬ煉獄に遺る熾火{j}ディスフィロア１体の討伐{j}なし{j}なし{j}メインターゲットの達成{j}３回力尽きる
タイムアップ{j}ハンターズギルド{j}生物が存在できない場所だと
言われていた『最果ての地』
に、龍がいたと大型探査船
から報告がありました。
僅かに残る資料から、
『熾凍龍』と呼ばれる古龍で
あると推測されますが、詳細
は全くの不明です。現地へ
向かい、調査をお願いします。",
1847,"≪極征クエスト≫
命息吹かぬ煉獄に遺る熾火{j}ディスフィロア１体の討伐{j}なし{j}なし{j}メインターゲットの達成{j}３回力尽きる
タイムアップ{j}ハンターズギルド{j}生物が存在できない場所だと
言われていた『最果ての地』
に、龍がいたと大型探査船
から報告がありました。
僅かに残る資料から、
『熾凍龍』と呼ばれる古龍で
あると推測されますが、詳細
は全くの不明です。現地へ
向かい、調査をお願いします。",
1848,"≪極征クエスト≫
命息吹かぬ煉獄に遺る熾火{j}ディスフィロア１体の討伐{j}なし{j}なし{j}メインターゲットの達成{j}３回力尽きる
タイムアップ{j}ハンターズギルド{j}生物が存在できない場所だと
言われていた『最果ての地』
に、龍がいたと大型探査船
から報告がありました。
僅かに残る資料から、
『熾凍龍』と呼ばれる古龍で
あると推測されますが、詳細
は全くの不明です。現地へ
向かい、調査をお願いします。",
1849,"≪極征クエスト≫
命息吹かぬ煉獄に遺る熾火{j}ディスフィロア１体の討伐{j}なし{j}なし{j}メインターゲットの達成{j}３回力尽きる
タイムアップ{j}ハンターズギルド{j}生物が存在できない場所だと
言われていた『最果ての地』
に、龍がいたと大型探査船
から報告がありました。
僅かに残る資料から、
『熾凍龍』と呼ばれる古龍で
あると推測されますが、詳細
は全くの不明です。現地へ
向かい、調査をお願いします。",
1850,"≪極征クエスト≫
怨毒蠢く暗雲に晃る巨星{j}ミラボレアス１体の討伐{j}なし{j}なし{j}メインターゲットの達成{j}３回力尽きる
タイムアップ{j}ハンターズギルド{j}シュレイド城上空に巨大な火
球が発生しており調査の結果、
恐ろしい事実が判明しました。
なんと、黒き伝説と謳われる
ミラボレアスがより強力に変
異していたのです！
このままでは想像もできない
被害が発生することでしょう。
迅速な討伐をお願いします。",
1851,"≪極征クエスト≫
怨毒蠢く暗雲に晃る巨星{j}ミラボレアス１体の討伐{j}なし{j}なし{j}メインターゲットの達成{j}３回力尽きる
タイムアップ{j}ハンターズギルド{j}シュレイド城上空に巨大な火
球が発生しており調査の結果、
恐ろしい事実が判明しました。
なんと、黒き伝説と謳われる
ミラボレアスがより強力に変
異していたのです！
このままでは想像もできない
被害が発生することでしょう。
迅速な討伐をお願いします。",
1852,"≪極征クエスト≫
怨毒蠢く暗雲に晃る巨星{j}ミラボレアス１体の討伐{j}なし{j}なし{j}メインターゲットの達成{j}３回力尽きる
タイムアップ{j}ハンターズギルド{j}シュレイド城上空に巨大な火
球が発生しており調査の結果、
恐ろしい事実が判明しました。
なんと、黒き伝説と謳われる
ミラボレアスがより強力に変
異していたのです！
このままでは想像もできない
被害が発生することでしょう。
迅速な討伐をお願いします。",
1853,"≪極征クエスト≫
怨毒蠢く暗雲に晃る巨星{j}ミラボレアス１体の討伐{j}なし{j}なし{j}メインターゲットの達成{j}３回力尽きる
タイムアップ{j}ハンターズギルド{j}シュレイド城上空に巨大な火
球が発生しており調査の結果、
恐ろしい事実が判明しました。
なんと、黒き伝説と謳われる
ミラボレアスがより強力に変
異していたのです！
このままでは想像もできない
被害が発生することでしょう。
迅速な討伐をお願いします。",
1854,"≪極征クエスト≫
地焦がす劫焔に轟く憤怒{j}ミラボレアス１体の討伐{j}なし{j}なし{j}メインターゲットの達成{j}３回力尽きる
タイムアップ{j}ハンターズギルド{j}常に噴火を繰り返す大火山の
火口に巨大な龍の影が目撃さ
れ調査団を派遣しました。
彼等の報告では、より異形に
変異した紅きミラボレアスが
潜んでいたとのこと。
過去の例を見てもこのまま
放っておくことは出来ません。
迅速な討伐をお願いします。",
1855,"≪極征クエスト≫
地焦がす劫焔に轟く憤怒{j}ミラボレアス１体の討伐{j}なし{j}なし{j}メインターゲットの達成{j}３回力尽きる
タイムアップ{j}ハンターズギルド{j}常に噴火を繰り返す大火山の
火口に巨大な龍の影が目撃さ
れ調査団を派遣しました。
彼等の報告では、より異形に
変異した紅きミラボレアスが
潜んでいたとのこと。
過去の例を見てもこのまま
放っておくことは出来ません。
迅速な討伐をお願いします。",
1856,"≪極征クエスト≫
地焦がす劫焔に轟く憤怒{j}ミラボレアス１体の討伐{j}なし{j}なし{j}メインターゲットの達成{j}３回力尽きる
タイムアップ{j}ハンターズギルド{j}常に噴火を繰り返す大火山の
火口に巨大な龍の影が目撃さ
れ調査団を派遣しました。
彼等の報告では、より異形に
変異した紅きミラボレアスが
潜んでいたとのこと。
過去の例を見てもこのまま
放っておくことは出来ません。
迅速な討伐をお願いします。",
1857,"≪極征クエスト≫
地焦がす劫焔に轟く憤怒{j}ミラボレアス１体の討伐{j}なし{j}なし{j}メインターゲットの達成{j}３回力尽きる
タイムアップ{j}ハンターズギルド{j}常に噴火を繰り返す大火山の
火口に巨大な龍の影が目撃さ
れ調査団を派遣しました。
彼等の報告では、より異形に
変異した紅きミラボレアスが
潜んでいたとのこと。
過去の例を見てもこのまま
放っておくことは出来ません。
迅速な討伐をお願いします。",
1858,"≪至天クエスト≫
紅月廻り甦る魂鎖の熾火{j}ディスフィロア１体の討伐{j}なし{j}なし{j}メインターゲットの達成{j}３回力尽きる
タイムアップ{j}ハンターズギルド{j}最果ての地より覗く月が、
紅く染まる周期を日に日に
短くし、その紅さを強めてい
るとの報告が調査員より
届きました。
ギルドは、これを不吉な事が
起こる前兆と捉え、優れた
ハンターを向かわせることを
決定しました。
至急、現地へ出発して下さい。",
1859,"≪上級至天クエスト≫
紅月の果て{j}ディスフィロア１体の討伐{j}なし{j}なし{j}メインターゲットの達成{j}３回力尽きる
タイムアップ{j}ハンターズギルド{j}最果ての地の月が
おぞましいほどの深紅色に
染まったとの報告が、
調査員より届きました。
ギルドはこの異常現象を
かつてない凶兆と捉え、
歴戦のハンターを向かわせ
ることを決定しました。
至急、現地へ出発し、紅月の
謎を突き止めてください。",
1860,"≪至天クエスト≫
久遠に刻まれし悠久の凶禍{j}？？？の討伐{j}なし{j}なし{j}メインターゲットの達成{j}３回力尽きる
タイムアップ{j}ハンターズギルド{j}彼の地にかつてない災いが
降りかかろうとしています。
何人も寄せ付けない禍々しい
オーラを放ち、調査員も近づ
くことができません。
このままでは、周囲の生態系
に深刻な影響を及ぼしかねま
せん。
卓越した技術をもつハンター
は現地へ急行してください。",
1861,"≪上級至天クエスト≫
久遠の果て{j}？？？の討伐{j}なし{j}なし{j}メインターゲットの達成{j}３回力尽きる
タイムアップ{j}ハンターズギルド{j}彼の地に再び大いなる災いが
降りかかろうとしています。
周囲は漆黒の闇に覆われ、
いかなる生物も近づくことが
できなくなりました。
以前姿を現した時よりもさ
らに力を増しているようです。
この災禍に抗する力をもつ
ハンターは至急現場に
向かってください。",
1862,"≪辿異★１クエスト≫
極針を備えし針纏竜{j}ヒュジキキ１頭の討伐{j}なし{j}なし{j}メインターゲットの達成{j}３回力尽きる
タイムアップ{j}ハンターズギルド{j}針が大きく発達した
≪針纏竜≫が現れました。
ギルドでは、この個体を
部位の発達した≪辿異種≫と
位置づけ、調査を行います。
これまでの針纏竜より危険
との報告もあります。
気を付けて調査をお願いしま
す。",
1863,"≪辿異★２クエスト≫
命突き刺す雷針{j}ヒュジキキ１頭の討伐{j}なし{j}なし{j}メインターゲットの達成{j}３回力尽きる
タイムアップ{j}ハンターズギルド{j}辿異種≪ヒュジキキ≫が
再び現れました。
針はより強力となり、さらに
力をつけているようです。
十分に気を付けて調査をお願
いします。",
1864,"≪辿異★３クエスト≫
雷針豪雨{j}ヒュジキキ１頭の討伐{j}なし{j}なし{j}メインターゲットの達成{j}３回力尽きる
タイムアップ{j}ハンターズギルド{j}辿異種≪ヒュジキキ≫は
猛烈な強さとなり、暴れ続け
ています。
このままでは非常に危険です。
万全の準備をして調査をお願
いします。",
1865,"≪辿異★４クエスト≫
刺戟の針{j}ヒュジキキ１頭の討伐{j}なし{j}なし{j}メインターゲットの達成{j}３回力尽きる
タイムアップ{j}ハンターズギルド{j}辿異種≪ヒュジキキ≫は
ヒュジキキの中でも、
頂点に辿りつくほどの強さに
達したようです。
その強さは計り知れません。
頂に挑戦する腕に自信のある
ハンターは調査をお願いしま
す。",
1866,"≪辿異★１クエスト≫
極尾を備えし氷獰竜{j}ギアオルグ１頭の討伐{j}なし{j}なし{j}メインターゲットの達成{j}３回力尽きる
タイムアップ{j}ハンターズギルド{j}尻尾が大きく発達した
≪氷獰竜≫が現れました。
ギルドでは、この個体を
部位の発達した≪辿異種≫と
位置づけ、調査を行います。
これまでの氷獰竜より危険
との報告もあります。
気を付けて調査をお願いしま
す。",
1867,"≪辿異★２クエスト≫
薙ぎ払う凍結刃{j}ギアオルグ１頭の討伐{j}なし{j}なし{j}メインターゲットの達成{j}３回力尽きる
タイムアップ{j}ハンターズギルド{j}辿異種≪ギアオルグ≫が
再び現れました。
尾はより強力となり、さらに
力をつけているようです。
十分に気を付けて調査をお願
いします。",
1868,"≪辿異★３クエスト≫
零血なる砕氷震動{j}ギアオルグ１頭の討伐{j}なし{j}なし{j}メインターゲットの達成{j}３回力尽きる
タイムアップ{j}ハンターズギルド{j}辿異種≪ギアオルグ≫は
猛烈な強さとなり、暴れ続け
ています。
このままでは非常に危険です。
万全の準備をして調査をお願
いします。",
1869,"≪辿異★４クエスト≫
氷塊の尾{j}ギアオルグ１頭の討伐{j}なし{j}なし{j}メインターゲットの達成{j}３回力尽きる
タイムアップ{j}ハンターズギルド{j}辿異種≪ギアオルグ≫は
ギアオルグの中でも、
頂点に辿りつくほどの強さに
達したようです。
その強さは計り知れません。
頂に挑戦する腕に自信のある
ハンターは調査をお願いしま
す。",
1870,"≪辿異★１クエスト≫
極脚を備えし爆狼{j}ミドガロン１頭の討伐{j}なし{j}なし{j}メインターゲットの達成{j}３回力尽きる
タイムアップ{j}ハンターズギルド{j}脚が大きく発達した≪爆狼≫
が現れました。
ギルドでは、この個体を
部位の発達した≪辿異種≫と
位置づけ、調査を行います。
これまでの爆狼より危険との
報告もあります。
気を付けて調査をお願いしま
す。",
1871,"≪辿異★２クエスト≫
激走爆炎{j}ミドガロン１頭の討伐{j}なし{j}なし{j}メインターゲットの達成{j}３回力尽きる
タイムアップ{j}ハンターズギルド{j}辿異種≪ミドガロン≫が再び
現れました。
脚はより強力となり、さらに
力をつけているようです。
十分に気を付けて調査をお願
いします。",
1872,"≪辿異★３クエスト≫
爆炎舞う反撃の狼煙{j}ミドガロン１頭の討伐{j}なし{j}なし{j}メインターゲットの達成{j}３回力尽きる
タイムアップ{j}ハンターズギルド{j}辿異種≪ミドガロン≫は猛
烈な強さとなり、暴れ続けて
います。
このままでは非常に危険です。
万全の準備をして調査をお願
いします。",
1873,"≪辿異★４クエスト≫
爆速の脚{j}ミドガロン１頭の討伐{j}なし{j}なし{j}メインターゲットの達成{j}３回力尽きる
タイムアップ{j}ハンターズギルド{j}辿異種≪ミドガロン≫は
ミドガロンの中でも、頂点に
辿りつくほどの強さに達した
ようです。
その強さは計り知れません。
頂に挑戦する腕に自信のある
ハンターは調査をお願いしま
す。",
1874,"≪辿異★１クエスト≫
極翼を備えし極龍{j}ルコディオラ１体の討伐{j}なし{j}なし{j}メインターゲットの達成{j}３回力尽きる
タイムアップ{j}ハンターズギルド{j}翼が大きく発達した≪極龍≫
が現れました。
ギルドでは、この個体を
部位の発達した≪辿異種≫と
位置づけ、調査を行います。
これまでの極龍より危険との
報告もあります。
気を付けて調査をお願いしま
す。",
1875,"≪辿異★２クエスト≫
操磁操雷の双極{j}ルコディオラ１体の討伐{j}なし{j}なし{j}メインターゲットの達成{j}３回力尽きる
タイムアップ{j}ハンターズギルド{j}辿異種≪ルコディオラ≫が
再び現れました。
翼と磁力はより強力となり、
さらに力をつけている様です。
十分に気を付けて調査をお願
いします。",
1876,"≪辿異★３クエスト≫
磁界を統べし極翼{j}ルコディオラ１体の討伐{j}なし{j}なし{j}メインターゲットの達成{j}３回力尽きる
タイムアップ{j}ハンターズギルド{j}辿異種≪ルコディオラ≫は猛
烈な強さとなり、暴れ続けて
います。
このままでは非常に危険です。
万全の準備をして調査をお願
いします。",
1877,"≪辿異★４クエスト≫
磁極の翼{j}ルコディオラ１体の討伐{j}なし{j}なし{j}メインターゲットの達成{j}３回力尽きる
タイムアップ{j}ハンターズギルド{j}辿異種≪ルコディオラ≫は
ルコディオラの中でも、
頂点に辿りつくほどの強さに
達したようです。
その強さは計り知れません。
頂に挑戦する腕に自信のある
ハンターは調査をお願いしま
す。",
1878,"≪辿異★１クエスト≫
極頭を備えし水竜{j}ガノトトス１頭の討伐{j}なし{j}なし{j}メインターゲットの達成{j}３回力尽きる
タイムアップ{j}ハンターズギルド{j}頭が大きく発達した
≪水竜≫が現れました。
ギルドでは、この個体を
部位の発達した≪辿異種≫と
位置づけ、調査を行います。
これまでの水竜より危険
との報告もあります。
気を付けて調査をお願いしま
す。",
1879,"≪辿異★２クエスト≫
水辺を統べる極頭{j}ガノトトス１頭の討伐{j}なし{j}なし{j}メインターゲットの達成{j}３回力尽きる
タイムアップ{j}ハンターズギルド{j}辿異種≪ガノトトス≫が
再び現れました。
頭はより強力となり、さらに
力をつけているようです。
十分に気を付けて調査をお願
いします。",
1880,"≪辿異★３クエスト≫
不浄の粘液{j}ガノトトス１頭の討伐{j}なし{j}なし{j}メインターゲットの達成{j}３回力尽きる
タイムアップ{j}ハンターズギルド{j}辿異種≪ガノトトス≫は
猛烈な強さとなり、暴れ続け
ています。
このままでは非常に危険です。
万全の準備をして調査をお願
いします。",
1881,"≪辿異★４クエスト≫
奇偉の頭{j}ガノトトス１頭の討伐{j}なし{j}なし{j}メインターゲットの達成{j}３回力尽きる
タイムアップ{j}ハンターズギルド{j}辿異種≪ガノトトス≫は
ガノトトスの中でも、
頂点に辿りつくほどの強さに
達したようです。
その強さは計り知れません。
頂に挑戦する腕に自信のある
ハンターは調査をお願いしま
す。",
1882,"≪Ｇ★７古塔探索≫
氷と炎の輪舞{j}エルゼリオン１体の討伐{j}なし{j}なし{j}メインターゲットの達成{j}３回力尽きる
タイムアップ{j}ハンターズギルド{j}塔の頂部にて≪灼零龍≫の
目撃情報がありました。
報告書には、白い身体に氷と
炎を纏っていると記載されて
います。未だ謎の多いモンス
ターのため、腕に自信のある
Ｇ級ハンターは調査へ向かっ
てください。",
1883,"≪狩煉道クエスト【ソロ】≫
孤高なる狩煉の道{j}出現モンスターの討伐{j}なし{j}なし{j}メインターゲットの達成{j}報酬金ゼロ
タイムアップ{j}ハンターズギルド{j}場所：砦跡",
1884,"≪Ｇ★５デイリークエスト≫
秘伝継承！武器綬【片手剣】{j}ティガレックス１頭の狩猟{j}なし{j}なし{j}メインターゲットの達成{j}３回力尽きる
タイムアップ{j}片手剣を極めし者{j}片手剣を極めんとする
ハンターよ、砂漠にいる
≪轟竜≫を相手に鍛え上げ
たその技を披露して見せよ！
見事狩猟することができたな
ら、日頃の努力で得られるも
のよりさらに多くの報酬を
得られるであろう。",
1885,"≪Ｇ★５デイリークエスト≫
秘伝継承！武器綬【双剣】{j}ティガレックス１頭の狩猟{j}なし{j}なし{j}メインターゲットの達成{j}３回力尽きる
タイムアップ{j}双剣を極めし者{j}双剣を極めんとする
ハンターよ、砂漠にいる
≪轟竜≫を相手に鍛え上げ
たその技を披露して見せよ！
見事狩猟することができたな
ら、日頃の努力で得られるも
のよりさらに多くの報酬を
得られるであろう。",
1886,"≪Ｇ★５デイリークエスト≫
秘伝継承！武器綬【大剣】{j}ティガレックス１頭の狩猟{j}なし{j}なし{j}メインターゲットの達成{j}３回力尽きる
タイムアップ{j}大剣を極めし者{j}大剣を極めんとする
ハンターよ、砂漠にいる
≪轟竜≫を相手に鍛え上げ
たその技を披露して見せよ！
見事狩猟することができたな
ら、日頃の努力で得られるも
のよりさらに多くの報酬を
得られるであろう。",
1887,"≪Ｇ★５デイリークエスト≫
秘伝継承！武器綬【太刀】{j}ティガレックス１頭の狩猟{j}なし{j}なし{j}メインターゲットの達成{j}３回力尽きる
タイムアップ{j}太刀を極めし者{j}太刀を極めんとする
ハンターよ、砂漠にいる
≪轟竜≫を相手に鍛え上げ
たその技を披露して見せよ！
見事狩猟することができたな
ら、日頃の努力で得られるも
のよりさらに多くの報酬を
得られるであろう。",
1888,"≪Ｇ★５デイリークエスト≫
秘伝継承！武器綬【鎚】{j}ティガレックス１頭の狩猟{j}なし{j}なし{j}メインターゲットの達成{j}３回力尽きる
タイムアップ{j}鎚を極めし者{j}鎚を極めんとする
ハンターよ、砂漠にいる
≪轟竜≫を相手に鍛え上げ
たその技を披露して見せよ！
見事狩猟することができたな
ら、日頃の努力で得られるも
のよりさらに多くの報酬を
得られるであろう。",
1889,"≪Ｇ★５デイリークエスト≫
秘伝継承！武器綬【狩猟笛】{j}ティガレックス１頭の狩猟{j}なし{j}なし{j}メインターゲットの達成{j}３回力尽きる
タイムアップ{j}狩猟笛を極めし者{j}狩猟笛を極めんとする
ハンターよ、砂漠にいる
≪轟竜≫を相手に鍛え上げ
たその技を披露して見せよ！
見事狩猟することができたな
ら、日頃の努力で得られるも
のよりさらに多くの報酬を
得られるであろう。",
1890,"≪Ｇ★５デイリークエスト≫
秘伝継承！武器綬【槍】{j}ティガレックス１頭の狩猟{j}なし{j}なし{j}メインターゲットの達成{j}３回力尽きる
タイムアップ{j}槍を極めし者{j}槍を極めんとする
ハンターよ、砂漠にいる
≪轟竜≫を相手に鍛え上げ
たその技を披露して見せよ！
見事狩猟することができたな
ら、日頃の努力で得られるも
のよりさらに多くの報酬を
得られるであろう。",
1891,"≪Ｇ★５デイリークエスト≫
秘伝継承！武器綬【銃槍】{j}ティガレックス１頭の狩猟{j}なし{j}なし{j}メインターゲットの達成{j}３回力尽きる
タイムアップ{j}銃槍を極めし者{j}銃槍を極めんとする
ハンターよ、砂漠にいる
≪轟竜≫を相手に鍛え上げ
たその技を披露して見せよ！
見事狩猟することができたな
ら、日頃の努力で得られるも
のよりさらに多くの報酬を
得られるであろう。",
1892,"≪Ｇ★５デイリークエスト≫
秘伝継承！武器綬【剣斧】{j}ティガレックス１頭の狩猟{j}なし{j}なし{j}メインターゲットの達成{j}３回力尽きる
タイムアップ{j}剣斧を極めし者{j}剣斧を極めんとする
ハンターよ、砂漠にいる
≪轟竜≫を相手に鍛え上げ
たその技を披露して見せよ！
見事狩猟することができたな
ら、日頃の努力で得られるも
のよりさらに多くの報酬を
得られるであろう。",
1893,"≪Ｇ★５デイリークエスト≫
秘伝継承！武器綬【穿龍棍】{j}ティガレックス１頭の狩猟{j}なし{j}なし{j}メインターゲットの達成{j}３回力尽きる
タイムアップ{j}穿龍棍を極めし者{j}穿龍棍を極めんとする
ハンターよ、砂漠にいる
≪轟竜≫を相手に鍛え上げ
たその技を披露して見せよ！
見事狩猟することができたな
ら、日頃の努力で得られるも
のよりさらに多くの報酬を
得られるであろう。",
1894,"≪Ｇ★５デイリークエスト≫
秘伝継承！武器綬【軽銃】{j}ティガレックス１頭の狩猟{j}なし{j}なし{j}メインターゲットの達成{j}３回力尽きる
タイムアップ{j}軽銃を極めし者{j}軽銃を極めんとする
ハンターよ、砂漠にいる
≪轟竜≫を相手に鍛え上げ
たその技を披露して見せよ！
見事狩猟することができたな
ら、日頃の努力で得られるも
のよりさらに多くの報酬を
得られるであろう。",
1895,"≪Ｇ★５デイリークエスト≫
秘伝継承！武器綬【重銃】{j}ティガレックス１頭の狩猟{j}なし{j}なし{j}メインターゲットの達成{j}３回力尽きる
タイムアップ{j}重銃を極めし者{j}重銃を極めんとする
ハンターよ、砂漠にいる
≪轟竜≫を相手に鍛え上げ
たその技を披露して見せよ！
見事狩猟することができたな
ら、日頃の努力で得られるも
のよりさらに多くの報酬を
得られるであろう。",
1896,"≪Ｇ★５デイリークエスト≫
秘伝継承！武器綬【弓】{j}ティガレックス１頭の狩猟{j}なし{j}なし{j}メインターゲットの達成{j}３回力尽きる
タイムアップ{j}弓を極めし者{j}弓を極めんとする
ハンターよ、砂漠にいる
≪轟竜≫を相手に鍛え上げ
たその技を披露して見せよ！
見事狩猟することができたな
ら、日頃の努力で得られるも
のよりさらに多くの報酬を
得られるであろう。",
1897,"≪Ｇ★８遷悠クエスト≫
黒禍嵐峰{j}アマツマガツチ１体の討伐{j}なし{j}なし{j}メインターゲットの達成{j}３回力尽きる
タイムアップ{j}ハンターズギルド{j}霊峰と呼ばれる山岳地帯に
嵐龍≪アマツマガツチ≫が
現れました。想像を絶する
ほど強力な嵐によって、
調査員たちは近寄ること
さえできません。周囲への
被害を考えると、一刻も
早い対応が求められます。
至急討伐へ向かって下さい。",
1898,"≪辿異★１クエスト≫
極尾を備えし雅翁龍{j}イナガミ１体の討伐{j}なし{j}なし{j}メインターゲットの達成{j}３回力尽きる
タイムアップ{j}ハンターズギルド{j}尾が大きく発達した≪雅翁龍≫
が現れました。
ギルドでは、この個体を部位
の発達した≪辿異種≫と位置
づけ、調査を行います。
これまでの雅翁龍より危険と
の報告もあります。
気を付けて調査をお願いしま
す。",
1899,"≪辿異★２クエスト≫
深き眠りへの誘い{j}イナガミ１体の討伐{j}なし{j}なし{j}メインターゲットの達成{j}３回力尽きる
タイムアップ{j}ハンターズギルド{j}辿異種≪イナガミ≫
が再び現れました。
発達した尾は、より強力な
睡眠ガスを放つようになった
との報告があります。
十分に気を付けて調査をお願
いします。",
1900,"≪辿異★３クエスト≫
誘惑の仄光{j}イナガミ１体の討伐{j}なし{j}なし{j}メインターゲットの達成{j}３回力尽きる
タイムアップ{j}ハンターズギルド{j}辿異種≪イナガミ≫
は猛烈な強さとなり、暴れ続
けています。
このままでは非常に危険です。
万全の準備をして調査をお願
いします。",
1901,"≪辿異★４クエスト≫
燈花の尾{j}イナガミ１体の討伐{j}なし{j}なし{j}メインターゲットの達成{j}３回力尽きる
タイムアップ{j}ハンターズギルド{j}辿異種≪イナガミ≫はイナガ
ミの中でも、頂点に辿りつく
ほどの強さに達したようです。
その強さは計り知れません。
頂に挑戦する腕に自信のある
ハンターは調査をお願いしま
す。",
1902,"≪【撃退】超難関クエスト≫
深淵に佇むは暴虐の番人{j}？？？１体の撃退{j}なし{j}なし{j}？？？１体の撃退{j}タイムアップ{j}未使用{j}未使用",
1903,"≪【討伐】超難関クエスト≫
忘却の彼方に轟く致死の稲妻{j}？？？１体の討伐{j}なし{j}なし{j}？？？１体の討伐{j}タイムアップ{j}未使用{j}未使用",
1904,"≪Ｇ★７樹海頂部探索≫
白の豪炎、紫衣の猛毒{j}エスピナス希少種１頭の狩猟{j}なし{j}なし{j}メインターゲットの達成{j}３回力尽きる
タイムアップ{j}メゼポルタ猟団組合{j}生態調査として探していた
≪エスピナス希少種≫が樹海
頂部で発見されました。
より詳細な調査を行うために
も、ハンターの皆さんは
至急エスピナス希少種の狩猟
に向かってください。",
1905,"≪Ｇ★５樹海頂部探索≫
樹海に降り立つ蒼白の翼{j}ヒプノック希少種１頭の狩猟{j}なし{j}なし{j}メインターゲットの達成{j}３回力尽きる
タイムアップ{j}ハンターズギルド{j}樹海頂部に向かった調査員よ
り、珍しい≪蒼白眠鳥≫の
目撃情報がありました。
舞い踊るように華麗に攻撃を
仕掛けてくるという特徴も
同時に報告されています。
十分な準備の上、調査をお願
いします。",
1906,"≪Ｇ★７沼地探索≫
見えざる幻霧は毒地に霞む{j}オオナズチ１体の討伐{j}なし{j}なし{j}メインターゲットの達成{j}３回力尽きる
タイムアップ{j}ハンターズギルド{j}とあるハンターから沼地で
≪霞龍≫を発見したとの報告
がありました。すぐに討伐を
試みたところ、なんと姿を完
全に眩ましてしまいました。
身の危険を感じたハンターは
すぐに逃げ出したそうです。
現地へ向かい、≪霞龍≫の正
体を突き止めてください！",
1907,"≪Ｇ★７古塔探索≫
頂に鎮座する炎王{j}テオ・テスカトル１体の討伐{j}なし{j}なし{j}メインターゲットの達成{j}３回力尽きる
タイムアップ{j}ハンターズギルド{j}塔にて、テオ・テスカトルの
目撃情報が入ってきました。
どうやらこれまで確認されて
いたものとは異なる攻撃を繰
り出してくるようです。
腕前の確かなＧ級のハンター
にのみ、調査を依頼すること
となりましたので、Ｇ級ハン
ターは調査をお願い致します。",
1908,"≪Ｇ★７雪山探索≫
雪嵐を招く鋼の翼{j}クシャルダオラ１体の討伐{j}なし{j}なし{j}メインターゲットの達成{j}３回力尽きる
タイムアップ{j}ハンターズギルド{j}雪山の探索中に、
クシャルダオラに遭遇したと
報告がありました。
なんでも強烈な風を身にまと
い、近づくことさえ難しかっ
たとのこと…
腕に自信のあるハンターさん、
至急雪山に向かい討伐を
お願いします！",
1909,"≪辿異★１クエスト≫
極翼を備えし照雷鳥{j}トリドクレス１頭の討伐{j}なし{j}なし{j}メインターゲットの達成{j}３回力尽きる
タイムアップ{j}ハンターズギルド{j}翼が大きく発達した≪照雷鳥≫
が現れました。
ギルドでは、この個体を部位
の発達した≪辿異種≫と位置
づけ、調査を行います。
これまでの照雷鳥より危険と
の報告もあります。
気を付けて調査をお願いしま
す。",
1910,"≪辿異★２クエスト≫
荘厳に輝く蒼雷の翼{j}トリドクレス１頭の討伐{j}なし{j}なし{j}メインターゲットの達成{j}３回力尽きる
タイムアップ{j}ハンターズギルド{j}辿異種≪トリドクレス≫
が再び現れました。
発達した翼は集めた光をより
効率よく電気に変えるのみな
らず、放出する術も備えてい
る様です。
十分に気を付けて調査をお願
いします。",
1911,"≪辿異★３クエスト≫
その光は全てを無に帰す{j}トリドクレス１頭の討伐{j}なし{j}なし{j}メインターゲットの達成{j}３回力尽きる
タイムアップ{j}ハンターズギルド{j}辿異種≪トリドクレス≫
は猛烈な強さとなり、暴れ続
けています。
このままでは非常に危険です。
万全の準備をして調査をお願
いします。",
1912,"≪辿異★４クエスト≫
眩耀の翼{j}トリドクレス１頭の討伐{j}なし{j}なし{j}メインターゲットの達成{j}３回力尽きる
タイムアップ{j}ハンターズギルド{j}辿異種≪トリドクレス≫
はトリドクレスの中でも、
頂点に辿りつくほどの強さに
達したようです。
その強さは計り知れません。
頂に挑戦する腕に自信のある
ハンターは調査をお願いしま
す。",
1913,"≪辿異★１クエスト≫
極角を備えし冥雷竜{j}ドラギュロス１頭の討伐{j}なし{j}なし{j}メインターゲットの達成{j}３回力尽きる
タイムアップ{j}ハンターズギルド{j}角が大きく発達した≪冥雷竜≫
が現れました。
ギルドでは、この個体を部位
の発達した≪辿異種≫と位置
づけ、調査を行います。
これまでの冥雷竜より危険と
の報告もあります。
気を付けて調査をお願いしま
す。",
1914,"≪辿異★２クエスト≫
生きとし生ける全てを滅す{j}ドラギュロス１頭の討伐{j}なし{j}なし{j}メインターゲットの達成{j}３回力尽きる
タイムアップ{j}ハンターズギルド{j}辿異種≪ドラギュロス≫
が再び現れました。
発達した角は、より強力な
冥雷を操れるようになって
いる様です。
十分に気を付けて調査をお願
いします。",
1915,"≪辿異★３クエスト≫
己が身すら滅ぼす冥き雷{j}ドラギュロス１頭の討伐{j}なし{j}なし{j}メインターゲットの達成{j}３回力尽きる
タイムアップ{j}ハンターズギルド{j}辿異種≪ドラギュロス≫
は猛烈な強さとなり、暴れ続
けています。
このままでは非常に危険です。
万全の準備をして調査をお願
いします。",
1916,"≪辿異★４クエスト≫
狂冥の角{j}ドラギュロス１頭の討伐{j}なし{j}なし{j}メインターゲットの達成{j}３回力尽きる
タイムアップ{j}ハンターズギルド{j}辿異種≪ドラギュロス≫
はドラギュロスの中でも、
頂点に辿りつくほどの強さに
達したようです。
その強さは計り知れません。
頂に挑戦する腕に自信のある
ハンターは調査をお願いしま
す。",
1917,"≪新武器種取得クエスト≫
磁力の双星ゴウガルフ{j}ゴウガルフ２頭の討伐{j}なし{j}なし{j}メインターゲットの達成{j}３回力尽きる
タイムアップ{j}教官見習ネコ{j}峡谷の未調査地帯に赤と青の
２頭の獣がいるニャ！
おじさんと協力して、
ソイツラを討伐すれば
きっと磁力への理解が深まる
と思うニャ！

クエストを達成したらおじ
さんに報告を忘れるニャ！",
1918,"≪新武器種取得クエスト≫
磊落の磁将レビディオラ{j}レビディオラ１体の討伐{j}なし{j}なし{j}メインターゲットの達成{j}３回力尽きる　タイムアップ
拠点の耐久値ゼロ{j}調合屋のあるじ{j}間もなく迎撃拠点に
雷極龍が現れるという
報告を受けたぞい。
早速レビディオラを討伐
に向かってくるのじゃ。

クエストを達成したら
あやつに報告を
忘れんようにの。",
1919,"≪新武器種取得クエスト≫
磁界の王者ルコディオラ{j}ルコディオラ１体の討伐{j}なし{j}なし{j}メインターゲットの達成{j}３回力尽きる
タイムアップ{j}狩煉道受付{j}白湖の調査中にルコディオラ
と遭遇したという情報が入っ
てきました。
討伐へ向かって磁力への
見識を深めてください。

クエストを達成したら、
新しい武器種の使い手さん
に報告を忘れずにお願い
しますね。",
1920,"≪Ｇ★８遷悠クエスト≫
緋翼乱刃{j}セルレギオス１頭の狩猟{j}なし{j}なし{j}メインターゲットの達成{j}３回力尽きる
タイムアップ{j}ハンターズギルド{j}千刃竜≪セルレギオス≫が
彩の滝でも目撃された。
刃の様な鱗を使った攻撃は
非常に危険であると報告を
受けている。
至急、現地へ向かい狩猟
してほしい。",
1921,"≪辿異★１クエスト≫
極腕を備えし怒貌竜{j}ガスラバズラ１頭の討伐{j}なし{j}なし{j}メインターゲットの達成{j}３回力尽きる
タイムアップ{j}ハンターズギルド{j}腕が大きく発達した≪怒貌竜≫
が現れました。
ギルドでは、この個体を
部位の発達した≪辿異種≫と
位置づけ、調査を行います。
これまでの怒貌竜より危険と
の報告もあります。
気を付けて調査をお願いしま
す。",
1922,"≪辿異★２クエスト≫
月夜に秘める静黙と怒気{j}ガスラバズラ１頭の討伐{j}なし{j}なし{j}メインターゲットの達成{j}３回力尽きる
タイムアップ{j}ハンターズギルド{j}辿異種≪ガスラバズラ≫
が再び現れました。
腕はより強力となり、さらに
力をつけているようです。
十分に気を付けて調査をお願
いします。",
1923,"≪辿異★３クエスト≫
群砂激浪{j}ガスラバズラ１頭の討伐{j}なし{j}なし{j}メインターゲットの達成{j}３回力尽きる
タイムアップ{j}ハンターズギルド{j}辿異種≪ガスラバズラ≫
は猛烈な強さとなり、暴れ続
けています。
このままでは非常に危険です。
万全の準備をして調査をお願
いします。",
1924,"≪辿異★４クエスト≫
潰の掌腕{j}ガスラバズラ１頭の討伐{j}なし{j}なし{j}メインターゲットの達成{j}３回力尽きる
タイムアップ{j}ハンターズギルド{j}辿異種≪ガスラバズラ≫
はガスラバズラの中でも、
頂点に辿りつくほどの強さに
達したようです。
その強さは計り知れません。
頂に挑戦する腕に自信のある
ハンターは調査をお願いしま
す。",
1925,"≪スペリアクエスト≫
辿異種エスピナス素材{j}エスピナス１頭の討伐{j}なし{j}なし{j}メインターゲットの達成{j}３回力尽きる
タイムアップ{j}エフィー{j}本クエストでは、辿異種
≪エスピナス≫の素材
を入手することができます。
クエストの受注には、
≪スペリアチケット≫が必要
になります。
クエストを失敗した場合、
≪スペリアチケット≫は消費
されますのでご注意ください。",
1926,"≪スペリアクエスト≫
辿異種フルフル素材{j}フルフル１頭の討伐{j}なし{j}なし{j}メインターゲットの達成{j}３回力尽きる
タイムアップ{j}エフィー{j}本クエストでは、辿異種
≪フルフル≫の素材
を入手することができます。
クエストの受注には、
≪スペリアチケット≫が必要
になります。
クエストを失敗した場合、
≪スペリアチケット≫は消費
されますのでご注意ください。",
1927,"≪スペリアクエスト≫
辿異種ヒプノック素材{j}ヒプノック１頭の討伐{j}なし{j}なし{j}メインターゲットの達成{j}３回力尽きる
タイムアップ{j}エフィー{j}本クエストでは、辿異種
≪ヒプノック≫の素材
を入手することができます。
クエストの受注には、
≪スペリアチケット≫が必要
になります。
クエストを失敗した場合、
≪スペリアチケット≫は消費
されますのでご注意ください。",
1928,"≪スペリアクエスト≫
辿異種ダイミョウザザミ素材{j}ダイミョウザザミ１匹の討伐{j}なし{j}なし{j}メインターゲットの達成{j}３回力尽きる
タイムアップ{j}エフィー{j}本クエストでは、辿異種
≪ダイミョウザザミ≫の素材
を入手することができます。
クエストの受注には、
≪スペリアチケット≫が必要
になります。
クエストを失敗した場合、
≪スペリアチケット≫は消費
されますのでご注意ください。",
1929,"≪スペリアクエスト≫
辿異種ドドブランゴ素材{j}ドドブランゴ１頭の討伐{j}なし{j}なし{j}メインターゲットの達成{j}３回力尽きる
タイムアップ{j}エフィー{j}本クエストでは、辿異種
≪ドドブランゴ≫の素材
を入手することができます。
クエストの受注には、
≪スペリアチケット≫が必要
になります。
クエストを失敗した場合、
≪スペリアチケット≫は消費
されますのでご注意ください。",
1930,"≪スペリアクエスト≫
辿異種リオレウス素材{j}リオレウス１頭の討伐{j}なし{j}なし{j}メインターゲットの達成{j}３回力尽きる
タイムアップ{j}エフィー{j}本クエストでは、辿異種
≪リオレウス≫の素材
を入手することができます。
クエストの受注には、
≪スペリアチケット≫が必要
になります。
クエストを失敗した場合、
≪スペリアチケット≫は消費
されますのでご注意ください。",
1931,"≪スペリアクエスト≫
辿異種アクラ・ヴァシム素材{j}アクラ・ヴァシム１匹の討伐{j}なし{j}なし{j}メインターゲットの達成{j}３回力尽きる
タイムアップ{j}エフィー{j}本クエストでは、辿異種
≪アクラ・ヴァシム≫の素材
を入手することができます。
クエストの受注には、
≪スペリアチケット≫が必要
になります。
クエストを失敗した場合、
≪スペリアチケット≫は消費
されますのでご注意ください。",
1932,"≪スペリアクエスト≫
辿異種ティガレックス素材{j}ティガレックス１頭の討伐{j}なし{j}なし{j}メインターゲットの達成{j}３回力尽きる
タイムアップ{j}エフィー{j}本クエストでは、辿異種
≪ティガレックス≫の素材
を入手することができます。
クエストの受注には、
≪スペリアチケット≫が必要
になります。
クエストを失敗した場合、
≪スペリアチケット≫は消費
されますのでご注意ください。",
1933,"≪Ｇ★５デイリークエスト≫
秘伝継承！武器綬【磁斬鎚】{j}ティガレックス１頭の狩猟{j}なし{j}なし{j}メインターゲットの達成{j}３回力尽きる
タイムアップ{j}磁斬鎚を極めし者{j}磁斬鎚を極めんとする
ハンターよ、砂漠にいる
≪轟竜≫を相手に鍛え上げ
たその技を披露して見せよ！
見事狩猟することができたな
ら、日頃の努力で得られるも
のよりさらに多くの報酬を
得られるであろう。",
1934,"≪Ｇ★７デイリークエスト≫
秘伝伝承！武器勲【片手剣】{j}バルラガル１頭の狩猟{j}なし{j}なし{j}メインターゲットの達成{j}３回力尽きる
タイムアップ{j}片手剣を極めし者{j}片手剣を極めんとする
ハンターよ、新大闘技場に
いる≪喰血竜≫を相手に鍛え
上げたその技を披露して
見せよ！
見事狩猟することができたな
ら、日頃の努力で得られるも
のよりさらに多くの報酬を
得られるであろう。",
1935,"≪Ｇ★７デイリークエスト≫
秘伝伝承！武器勲【双剣】{j}バルラガル１頭の狩猟{j}なし{j}なし{j}メインターゲットの達成{j}３回力尽きる
タイムアップ{j}双剣を極めし者{j}双剣を極めんとする
ハンターよ、新大闘技場に
いる≪喰血竜≫を相手に鍛え
上げたその技を披露して
見せよ！
見事狩猟することができたな
ら、日頃の努力で得られるも
のよりさらに多くの報酬を
得られるであろう。",
1936,"≪Ｇ★７デイリークエスト≫
秘伝伝承！武器勲【大剣】{j}バルラガル１頭の狩猟{j}なし{j}なし{j}メインターゲットの達成{j}３回力尽きる
タイムアップ{j}大剣を極めし者{j}大剣を極めんとする
ハンターよ、新大闘技場に
いる≪喰血竜≫を相手に鍛え
上げたその技を披露して
見せよ！
見事狩猟することができたな
ら、日頃の努力で得られるも
のよりさらに多くの報酬を
得られるであろう。",
1937,"≪Ｇ★７デイリークエスト≫
秘伝伝承！武器勲【太刀】{j}バルラガル１頭の狩猟{j}なし{j}なし{j}メインターゲットの達成{j}３回力尽きる
タイムアップ{j}太刀を極めし者{j}太刀を極めんとする
ハンターよ、新大闘技場に
いる≪喰血竜≫を相手に鍛え
上げたその技を披露して
見せよ！
見事狩猟することができたな
ら、日頃の努力で得られるも
のよりさらに多くの報酬を
得られるであろう。",
1938,"≪Ｇ★７デイリークエスト≫
秘伝伝承！武器勲【鎚】{j}バルラガル１頭の狩猟{j}なし{j}なし{j}メインターゲットの達成{j}３回力尽きる
タイムアップ{j}鎚を極めし者{j}鎚を極めんとする
ハンターよ、新大闘技場に
いる≪喰血竜≫を相手に鍛え
上げたその技を披露して
見せよ！
見事狩猟することができたな
ら、日頃の努力で得られるも
のよりさらに多くの報酬を
得られるであろう。",
1939,"≪Ｇ★７デイリークエスト≫
秘伝伝承！武器勲【狩猟笛】{j}バルラガル１頭の狩猟{j}なし{j}なし{j}メインターゲットの達成{j}３回力尽きる
タイムアップ{j}狩猟笛を極めし者{j}狩猟笛を極めんとする
ハンターよ、新大闘技場に
いる≪喰血竜≫を相手に鍛え
上げたその技を披露して
見せよ！
見事狩猟することができたな
ら、日頃の努力で得られるも
のよりさらに多くの報酬を
得られるであろう。",
1940,"≪Ｇ★７デイリークエスト≫
秘伝伝承！武器勲【槍】{j}バルラガル１頭の狩猟{j}なし{j}なし{j}メインターゲットの達成{j}３回力尽きる
タイムアップ{j}槍を極めし者{j}槍を極めんとする
ハンターよ、新大闘技場に
いる≪喰血竜≫を相手に鍛え
上げたその技を披露して
見せよ！
見事狩猟することができたな
ら、日頃の努力で得られるも
のよりさらに多くの報酬を
得られるであろう。",
1941,"≪Ｇ★７デイリークエスト≫
秘伝伝承！武器勲【銃槍】{j}バルラガル１頭の狩猟{j}なし{j}なし{j}メインターゲットの達成{j}３回力尽きる
タイムアップ{j}銃槍を極めし者{j}銃槍を極めんとする
ハンターよ、新大闘技場に
いる≪喰血竜≫を相手に鍛え
上げたその技を披露して
見せよ！
見事狩猟することができたな
ら、日頃の努力で得られるも
のよりさらに多くの報酬を
得られるであろう。",
1942,"≪Ｇ★７デイリークエスト≫
秘伝伝承！武器勲【剣斧】{j}バルラガル１頭の狩猟{j}なし{j}なし{j}メインターゲットの達成{j}３回力尽きる
タイムアップ{j}剣斧を極めし者{j}剣斧を極めんとする
ハンターよ、新大闘技場に
いる≪喰血竜≫を相手に鍛え
上げたその技を披露して
見せよ！
見事狩猟することができたな
ら、日頃の努力で得られるも
のよりさらに多くの報酬を
得られるであろう。",
1943,"≪Ｇ★７デイリークエスト≫
秘伝伝承！武器勲【穿龍棍】{j}バルラガル１頭の狩猟{j}なし{j}なし{j}メインターゲットの達成{j}３回力尽きる
タイムアップ{j}穿龍棍を極めし者{j}穿龍棍を極めんとする
ハンターよ、新大闘技場に
いる≪喰血竜≫を相手に鍛え
上げたその技を披露して
見せよ！
見事狩猟することができたな
ら、日頃の努力で得られるも
のよりさらに多くの報酬を
得られるであろう。",
1944,"≪Ｇ★７デイリークエスト≫
秘伝伝承！武器勲【磁斬鎚】{j}バルラガル１頭の狩猟{j}なし{j}なし{j}メインターゲットの達成{j}３回力尽きる
タイムアップ{j}磁斬鎚を極めし者{j}磁斬鎚を極めんとする
ハンターよ、新大闘技場に
いる≪喰血竜≫を相手に鍛え
上げたその技を披露して
見せよ！
見事狩猟することができたな
ら、日頃の努力で得られるも
のよりさらに多くの報酬を
得られるであろう。",
1945,"≪Ｇ★７デイリークエスト≫
秘伝伝承！武器勲【軽銃】{j}バルラガル１頭の狩猟{j}なし{j}なし{j}メインターゲットの達成{j}３回力尽きる
タイムアップ{j}軽銃を極めし者{j}軽銃を極めんとする
ハンターよ、新大闘技場に
いる≪喰血竜≫を相手に鍛え
上げたその技を披露して
見せよ！
見事狩猟することができたな
ら、日頃の努力で得られるも
のよりさらに多くの報酬を
得られるであろう。",
1946,"≪Ｇ★７デイリークエスト≫
秘伝伝承！武器勲【重銃】{j}バルラガル１頭の狩猟{j}なし{j}なし{j}メインターゲットの達成{j}３回力尽きる
タイムアップ{j}重銃を極めし者{j}重銃を極めんとする
ハンターよ、新大闘技場に
いる≪喰血竜≫を相手に鍛え
上げたその技を披露して
見せよ！
見事狩猟することができたな
ら、日頃の努力で得られるも
のよりさらに多くの報酬を
得られるであろう。",
1947,"≪Ｇ★７デイリークエスト≫
秘伝伝承！武器勲【弓】{j}バルラガル１頭の狩猟{j}なし{j}なし{j}メインターゲットの達成{j}３回力尽きる
タイムアップ{j}弓を極めし者{j}弓を極めんとする
ハンターよ、新大闘技場に
いる≪喰血竜≫を相手に鍛え
上げたその技を披露して
見せよ！
見事狩猟することができたな
ら、日頃の努力で得られるも
のよりさらに多くの報酬を
得られるであろう。",
1948,"≪Ｇ★１デイリークエスト≫
一挙両得！怪鳥編{j}イャンクック１頭の狩猟{j}なし{j}なし{j}メインターゲットの達成{j}３回力尽きる
タイムアップ{j}ハンターズギルド{j}ハンターの皆様に朗報です！
大量のＧｚが入手できる上、
多くの経験を積むことができ
る依頼が発生しています。
ぜひこの機会に挑戦してみて
ください！",
1949,"≪Ｇ★３デイリークエスト≫
一挙両得！岩竜編{j}バサルモス１頭の狩猟{j}なし{j}なし{j}メインターゲットの達成{j}３回力尽きる
タイムアップ{j}ハンターズギルド{j}ハンターの皆様に朗報です！
大量のＧｚが入手できる上、
多くの経験を積むことができ
る依頼が発生しています。
ぜひこの機会に挑戦してみて
ください！",
1950,"≪Ｇ★１デイリークエスト≫
素材収集！極海の恩恵{j}ポカラ６頭の討伐{j}なし{j}なし{j}メインターゲットの達成{j}３回力尽きる
タイムアップ{j}珍品収集家の男{j}俺は珍しい物に目がなくてな。
モンスターの素材や鉱石など、
珍しい物なら何でも欲しい！
今回はポカラの素材を集める
ために、数頭討伐を頼みたい。
成功させてくれたら、
俺の持っている珍しい素材を
少しだけお前に分けてやろう。
悪い話ではないだろう？",
1951,"≪Ｇ★１デイリークエスト≫
楽々強化！特典防具{j}地図１個の納品{j}なし{j}なし{j}メインターゲットの達成{j}３回力尽きる
タイムアップ{j}エフィー{j}ハンターさん、ごきげんよう。
防具を生産したものの素材
不足で、強化できないなんて
ことになっていませんか？
そんなあなたに朗報です。
このクエストを達成すると、
防具が楽に強化できるかも
しれません。
あなたの望む素材が入手でき
ることを祈っています。",
1952,"≪くじ特典クエスト≫
Ｇ級秘伝防具強化素材【頭】{j}地図１個の納品{j}なし{j}なし{j}メインターゲットの達成{j}３回力尽きる
タイムアップ{j}エフィー{j}本クエストでは、
Ｇ級秘伝防具（頭防具）の
強化時に必要な武器綬、
武器勲を除く素材を排出いた
します。
排出数は、１種類分です。
クエストの受注には、
≪ハンターパス・桜≫
が必要になりますので
ご注意ください。",
1953,"≪くじ特典クエスト≫
Ｇ級秘伝防具強化素材【胴】{j}地図１個の納品{j}なし{j}なし{j}メインターゲットの達成{j}３回力尽きる
タイムアップ{j}エフィー{j}本クエストでは、
Ｇ級秘伝防具（胴防具）の
強化時に必要な武器綬、
武器勲を除く素材を排出いた
します。
排出数は、１種類分です。
クエストの受注には、
≪ハンターパス・桜≫
が必要になりますので
ご注意ください。",
1954,"≪くじ特典クエスト≫
Ｇ級秘伝防具強化素材【腕】{j}地図１個の納品{j}なし{j}なし{j}メインターゲットの達成{j}３回力尽きる
タイムアップ{j}エフィー{j}本クエストでは、
Ｇ級秘伝防具（腕防具）の
強化時に必要な武器綬、
武器勲を除く素材を排出いた
します。
排出数は、１種類分です。
クエストの受注には、
≪ハンターパス・桜≫
が必要になりますので
ご注意ください。",
1955,"≪くじ特典クエスト≫
Ｇ級秘伝防具強化素材【腰】{j}地図１個の納品{j}なし{j}なし{j}メインターゲットの達成{j}３回力尽きる
タイムアップ{j}エフィー{j}本クエストでは、
Ｇ級秘伝防具（腰防具）の
強化時に必要な武器綬、
武器勲を除く素材を排出いた
します。
排出数は、１種類分です。
クエストの受注には、
≪ハンターパス・桜≫
が必要になりますので
ご注意ください。",
1956,"≪くじ特典クエスト≫
Ｇ級秘伝防具強化素材【脚】{j}地図１個の納品{j}なし{j}なし{j}メインターゲットの達成{j}３回力尽きる
タイムアップ{j}エフィー{j}本クエストでは、
Ｇ級秘伝防具（脚防具）の
強化時に必要な武器綬、
武器勲を除く素材を排出いた
します。
排出数は、１種類分です。
クエストの受注には、
≪ハンターパス・桜≫
が必要になりますので
ご注意ください。",
1957,"≪辿異★１クエスト≫
極腕を備えし爆霧竜{j}ボガバドルム１頭の討伐{j}なし{j}なし{j}メインターゲットの達成{j}３回力尽きる
タイムアップ{j}ハンターズギルド{j}彩の滝にて爆発性の霧の様な
ものを撒く巨大な飛竜種を
発見しました。生態は類を見
ない、特殊なものであるとい
う報告があり、ギルドはさら
なる調査を開始しました。
爆発攻撃に注意し、クエスト
を完了してください。",
1958,"≪辿異★２クエスト≫
燃ゆる煙に佇む巨竜{j}ボガバドルム１頭の討伐{j}なし{j}なし{j}メインターゲットの達成{j}３回力尽きる
タイムアップ{j}ハンターズギルド{j}≪ボガバドルム≫が
再び現れました。
より強力になった攻撃や、そ
れに伴い発生する爆発に十分
に気を付けて調査をお願いし
ます。",
1959,"≪辿異★３クエスト≫
煙霧轟爆{j}ボガバドルム１頭の討伐{j}なし{j}なし{j}メインターゲットの達成{j}３回力尽きる
タイムアップ{j}ハンターズギルド{j}≪ボガバドルム≫は
猛烈な強さとなり、
暴れ続けています。
このままでは非常に危険です。
万全の準備をして調査をお願
いします。",
1960,"≪辿異★４クエスト≫
爆噴の腕{j}ボガバドルム１頭の討伐{j}なし{j}なし{j}メインターゲットの達成{j}３回力尽きる
タイムアップ{j}ハンターズギルド{j}≪ボガバドルム≫は
頂点に辿りつくほどの強さに
達したようです。
その強さは計り知れません。
頂に挑戦する腕に自信のある
ハンターは調査をお願いしま
す。",
1961,"≪辿異★１クエスト≫
極躰を備えし鎧竜{j}グラビモス１頭の討伐{j}なし{j}なし{j}メインターゲットの達成{j}３回力尽きる
タイムアップ{j}ハンターズギルド{j}躰が大きく発達した≪鎧竜≫
が現れました。
ギルドでは、この個体を
部位の発達した≪辿異種≫と
位置づけ、調査を行います。
これまでの鎧竜より危険との
報告もあります。
気を付けて調査をお願いしま
す。",
1962,"≪辿異★２クエスト≫
灼熱の躰に燃ゆる地{j}グラビモス１頭の討伐{j}なし{j}なし{j}メインターゲットの達成{j}３回力尽きる
タイムアップ{j}ハンターズギルド{j}辿異種≪グラビモス≫が再び
現れました。
発達した躰は熱を蓄え、
噴出させるのみならず
岩を熔解するほど発熱させて
いる様です。
十分に気を付けて調査をお願
いします。",
1963,"≪辿異★３クエスト≫
地動天熔{j}グラビモス１頭の討伐{j}なし{j}なし{j}メインターゲットの達成{j}３回力尽きる
タイムアップ{j}ハンターズギルド{j}辿異種≪グラビモス≫は猛烈
な強さとなり、暴れ続けてい
ます。
このままでは非常に危険です。
万全の準備をして調査をお願
いします。",
1964,"≪辿異★４クエスト≫
岩漿の躰{j}グラビモス１頭の討伐{j}なし{j}なし{j}メインターゲットの達成{j}３回力尽きる
タイムアップ{j}ハンターズギルド{j}辿異種≪グラビモス≫は
グラビモスの中でも、
頂点に辿りつくほどの強さに
達したようです。
その強さは計り知れません。
頂に挑戦する腕に自信のある
ハンターは調査をお願いしま
す。",
1965,"≪辿異★１クエスト≫
極頭を備えし喰血竜{j}バルラガル１頭の討伐{j}なし{j}なし{j}メインターゲットの達成{j}３回力尽きる
タイムアップ{j}ハンターズギルド{j}頭が大きく発達した
≪喰血竜≫が現れました。
ギルドでは、この個体を
部位の発達した≪辿異種≫と
位置づけ、調査を行います。
これまでの喰血竜より危険と
の報告もあります。
気を付けて調査をお願いしま
す。",
1966,"≪辿異★２クエスト≫
紅に染まる地{j}バルラガル１頭の討伐{j}なし{j}なし{j}メインターゲットの達成{j}３回力尽きる
タイムアップ{j}ハンターズギルド{j}辿異種≪バルラガル≫が再び
現れました。
発達した頭部の威圧感は
凄まじく、舌による吸血行動
はより凶悪になっている様で
す。
十分に気を付けて調査をお願
いします。",
1967,"≪辿異★３クエスト≫
血界{j}バルラガル１頭の討伐{j}なし{j}なし{j}メインターゲットの達成{j}３回力尽きる
タイムアップ{j}ハンターズギルド{j}辿異種≪バルラガル≫は猛烈
な強さとなり、暴れ続けてい
ます。
このままでは非常に危険です。
万全の準備をして調査をお願
いします。",
1968,"≪辿異★４クエスト≫
刺咬の頭{j}バルラガル１頭の討伐{j}なし{j}なし{j}メインターゲットの達成{j}３回力尽きる
タイムアップ{j}ハンターズギルド{j}辿異種≪バルラガル≫は
バルラガルの中でも、
頂点に辿りつくほどの強さに
達したようです。
その強さは計り知れません。
頂に挑戦する腕に自信のある
ハンターは調査をお願いしま
す。",
1969,"≪Ｇ★７長期開催イベント≫
おっきいお肉が食べたいニャ！{j}誰かの落し物１０個の納品{j}なし{j}なし{j}メインターゲットの達成{j}３回力尽きる
タイムアップ{j}はぐれアイルー{j}大変ニャ！ハンターさんに
頼まれて大きな荷物を運んで
たら、袋に穴が開いてて、
中身が無くなってたニャ！
このままだとハンターさんに
申し訳ないので、いっしょに
探してくれる人を募集中ニャ！
よろしくお願いするニャ！",
1970,"≪辿異★１クエスト≫
極鋸角を備えし暴鋸竜{j}アノルパティス１頭の討伐{j}なし{j}なし{j}メインターゲットの達成{j}３回力尽きる
タイムアップ{j}ハンターズギルド{j}角が大きく発達した≪暴鋸竜≫
が現れました。
ギルドでは、この個体を
部位の発達した≪辿異種≫と
位置づけ、調査を行います。
これまでの暴鋸竜より危険
との報告もあります。
気を付けて調査をお願いしま
す。",
1971,"≪辿異★２クエスト≫
氷を砕くは極鋸の角{j}アノルパティス１頭の討伐{j}なし{j}なし{j}メインターゲットの達成{j}３回力尽きる
タイムアップ{j}ハンターズギルド{j}辿異種≪アノルパティス≫が
再び現れました。
発達した角はより強固となり、
分厚い極海の氷を容易に割る
ほどの破壊力を秘めています。
十分に気を付けて調査をお願
いします。",
1972,"≪辿異★３クエスト≫
白銀の覇者{j}アノルパティス１頭の討伐{j}なし{j}なし{j}メインターゲットの達成{j}３回力尽きる
タイムアップ{j}ハンターズギルド{j}辿異種≪アノルパティス≫は
猛烈な強さとなり、暴れ続け
ています。
このままでは非常に危険です。
万全の準備をして調査をお願
いします。",
1973,"≪辿異★４クエスト≫
穿暴の鋸角{j}アノルパティス１頭の討伐{j}なし{j}なし{j}メインターゲットの達成{j}３回力尽きる
タイムアップ{j}ハンターズギルド{j}辿異種≪アノルパティス≫は
アノルパティスの中でも、
頂点に辿りつくほどの強さに
達したようです。
その強さは計り知れません。
頂に挑戦する腕に自信のある
ハンターは調査をお願いしま
す。",
1974,"≪武器綬入手クエスト≫
武器綬入手クエスト【磁斬鎚】{j}地図１個の納品{j}なし{j}なし{j}メインターゲットの達成{j}３回力尽きる
タイムアップ{j}エフィー{j}本クエストでは、下記の素材
が入手できます。
≪磁斬鎚綬・序≫１００個
≪磁斬鎚綬・中≫１６５個
≪磁斬鎚綬・極≫１６５個
クエストの受注には、
≪秘伝綬の結晶≫が必要に
なりますのでご注意ください。",
1975,"≪武器勲入手クエスト≫
武器勲入手クエスト【片手剣】{j}地図１個の納品{j}なし{j}なし{j}メインターゲットの達成{j}３回力尽きる
タイムアップ{j}エフィー{j}本クエストでは、下記の素材
が入手できます。
≪片手剣勲・序≫５０個
≪片手剣勲・中≫６０個
≪片手剣勲・極≫５０個
クエストを受注するには、
≪秘伝勲の結晶≫と
ＧＲ５００以上である必要が
ありますのでご注意ください。",
1976,"≪武器勲入手クエスト≫
武器勲入手クエスト【双剣】{j}地図１個の納品{j}なし{j}なし{j}メインターゲットの達成{j}３回力尽きる
タイムアップ{j}エフィー{j}本クエストでは、下記の素材
が入手できます。
≪双剣勲・序≫５０個
≪双剣勲・中≫６０個
≪双剣勲・極≫５０個
クエストを受注するには、
≪秘伝勲の結晶≫と
ＧＲ５００以上である必要が
ありますのでご注意ください。",
1977,"≪武器勲入手クエスト≫
武器勲入手クエスト【大剣】{j}地図１個の納品{j}なし{j}なし{j}メインターゲットの達成{j}３回力尽きる
タイムアップ{j}エフィー{j}本クエストでは、下記の素材
が入手できます。
≪大剣勲・序≫５０個
≪大剣勲・中≫６０個
≪大剣勲・極≫５０個
クエストを受注するには、
≪秘伝勲の結晶≫と
ＧＲ５００以上である必要が
ありますのでご注意ください。",
1978,"≪武器勲入手クエスト≫
武器勲入手クエスト【太刀】{j}地図１個の納品{j}なし{j}なし{j}メインターゲットの達成{j}３回力尽きる
タイムアップ{j}エフィー{j}本クエストでは、下記の素材
が入手できます。
≪太刀勲・序≫５０個
≪太刀勲・中≫６０個
≪太刀勲・極≫５０個
クエストを受注するには、
≪秘伝勲の結晶≫と
ＧＲ５００以上である必要が
ありますのでご注意ください。",
1979,"≪武器勲入手クエスト≫
武器勲入手クエスト【鎚】{j}地図１個の納品{j}なし{j}なし{j}メインターゲットの達成{j}３回力尽きる
タイムアップ{j}エフィー{j}本クエストでは、下記の素材
が入手できます。
≪ハンマー勲・序≫５０個
≪ハンマー勲・中≫６０個
≪ハンマー勲・極≫５０個
クエストを受注するには、
≪秘伝勲の結晶≫と
ＧＲ５００以上である必要が
ありますのでご注意ください。",
1980,"≪武器勲入手クエスト≫
武器勲入手クエスト【狩猟笛】{j}地図１個の納品{j}なし{j}なし{j}メインターゲットの達成{j}３回力尽きる
タイムアップ{j}エフィー{j}本クエストでは、下記の素材
が入手できます。
≪狩猟笛勲・序≫５０個
≪狩猟笛勲・中≫６０個
≪狩猟笛勲・極≫５０個
クエストを受注するには、
≪秘伝勲の結晶≫と
ＧＲ５００以上である必要が
ありますのでご注意ください。",
1981,"≪武器勲入手クエスト≫
武器勲入手クエスト【槍】{j}地図１個の納品{j}なし{j}なし{j}メインターゲットの達成{j}３回力尽きる
タイムアップ{j}エフィー{j}本クエストでは、下記の素材
が入手できます。
≪ランス勲・序≫５０個
≪ランス勲・中≫６０個
≪ランス勲・極≫５０個
クエストを受注するには、
≪秘伝勲の結晶≫と
ＧＲ５００以上である必要が
ありますのでご注意ください。",
1982,"≪武器勲入手クエスト≫
武器勲入手クエスト【銃槍】{j}地図１個の納品{j}なし{j}なし{j}メインターゲットの達成{j}３回力尽きる
タイムアップ{j}エフィー{j}本クエストでは、下記の素材
が入手できます。
≪ガンランス勲・序≫５０個
≪ガンランス勲・中≫６０個
≪ガンランス勲・極≫５０個
クエストを受注するには、
≪秘伝勲の結晶≫と
ＧＲ５００以上である必要が
ありますのでご注意ください。",
1983,"≪武器勲入手クエスト≫
武器勲入手クエスト【剣斧】{j}地図１個の納品{j}なし{j}なし{j}メインターゲットの達成{j}３回力尽きる
タイムアップ{j}エフィー{j}本クエストでは、下記の素材
が入手できます。
≪剣斧勲・序≫５０個
≪剣斧勲・中≫６０個
≪剣斧勲・極≫５０個
クエストを受注するには、
≪秘伝勲の結晶≫と
ＧＲ５００以上である必要が
ありますのでご注意ください。",
1984,"≪武器勲入手クエスト≫
武器勲入手クエスト【穿龍棍】{j}地図１個の納品{j}なし{j}なし{j}メインターゲットの達成{j}３回力尽きる
タイムアップ{j}エフィー{j}本クエストでは、下記の素材
が入手できます。
≪穿龍棍勲・序≫５０個
≪穿龍棍勲・中≫６０個
≪穿龍棍勲・極≫５０個
クエストを受注するには、
≪秘伝勲の結晶≫と
ＧＲ５００以上である必要が
ありますのでご注意ください。",
1985,"≪武器勲入手クエスト≫
武器勲入手クエスト【磁斬鎚】{j}地図１個の納品{j}なし{j}なし{j}メインターゲットの達成{j}３回力尽きる
タイムアップ{j}エフィー{j}本クエストでは、下記の素材
が入手できます。
≪磁斬鎚勲・序≫５０個
≪磁斬鎚勲・中≫６０個
≪磁斬鎚勲・極≫５０個
クエストを受注するには、
≪秘伝勲の結晶≫と
ＧＲ５００以上である必要が
ありますのでご注意ください。",
1986,"≪武器勲入手クエスト≫
武器勲入手クエスト【軽銃】{j}地図１個の納品{j}なし{j}なし{j}メインターゲットの達成{j}３回力尽きる
タイムアップ{j}エフィー{j}本クエストでは、下記の素材
が入手できます。
≪Ｌボウガン勲・序≫５０個
≪Ｌボウガン勲・中≫６０個
≪Ｌボウガン勲・極≫５０個
クエストを受注するには、
≪秘伝勲の結晶≫と
ＧＲ５００以上である必要が
ありますのでご注意ください。",
1987,"≪武器勲入手クエスト≫
武器勲入手クエスト【重銃】{j}地図１個の納品{j}なし{j}なし{j}メインターゲットの達成{j}３回力尽きる
タイムアップ{j}エフィー{j}本クエストでは、下記の素材
が入手できます。
≪Ｈボウガン勲・序≫５０個
≪Ｈボウガン勲・中≫６０個
≪Ｈボウガン勲・極≫５０個
クエストを受注するには、
≪秘伝勲の結晶≫と
ＧＲ５００以上である必要が
ありますのでご注意ください。",
1988,"≪武器勲入手クエスト≫
武器勲入手クエスト【弓】{j}地図１個の納品{j}なし{j}なし{j}メインターゲットの達成{j}３回力尽きる
タイムアップ{j}エフィー{j}本クエストでは、下記の素材
が入手できます。
≪弓勲・序≫５０個
≪弓勲・中≫６０個
≪弓勲・極≫５０個
クエストを受注するには、
≪秘伝勲の結晶≫と
ＧＲ５００以上である必要が
ありますのでご注意ください。",
1989,"≪大闘技会≫
相手のモンスターを討伐せよ！{j}相手モンスターの討伐{j}なし{j}なし{j}相手のモンスターを倒す{j}自分のモンスターが倒される
タイムアップ{j}大闘技会{j}相手チームのモンスターを
討伐すれば勝利することが
できます！この大闘技会の
大闘技場には、一発逆転が
狙える様々なアイテムが、
地面に眠っています。相手
モンスターを狙うも、アイ
テムを狙うも自由です！",
1990,"≪砂漠探索≫
砂漠の特産{j}サボテンの花４個の納品{j}なし{j}なし{j}メインターゲットの達成{j}報酬金ゼロ
タイムアップ{j}ギルド専属の情報屋{j}砂漠ならではの素材が
ごろごろしている穴場を
見つけたぞ。
ぜひ、行ってみてくれ。
ポーチ満載で帰れば、
情報代を払っただけの
価値はあると思うぜ。",
1991,"≪沼地探索≫
沼地の特産{j}毒テングダケ４個の納品{j}なし{j}なし{j}メインターゲットの達成{j}報酬金ゼロ
タイムアップ{j}ギルド専属の情報屋{j}沼地ならではの素材が
ごろごろしている穴場を
見つけたぞ。
ぜひ、行ってみてくれ。
ポーチ満載で帰れば、
情報代分の価値はあると
思うぜ。",
1992,"≪雪山探索≫
雪山の特産{j}氷結晶４個の納品{j}なし{j}なし{j}メインターゲットの達成{j}報酬金ゼロ
タイムアップ{j}ギルド専属の情報屋{j}雪山ならではの素材が
ごろごろしている穴場を
見つけたぞ。
ぜひ、行ってみてくれ。
ポーチ満載で帰れば、
情報代分の価値はあると
思うぜ。",
1993,"≪火山探索≫
火山の特産{j}燃石炭４個の納品{j}なし{j}なし{j}メインターゲットの達成{j}報酬金ゼロ
タイムアップ{j}ギルド専属の情報屋{j}火山ならではの素材が
ごろごろしている穴場を
見つけたぞ。
ぜひ、行ってみてくれ。
ポーチ満載で帰れば、
情報代分の価値はあると
思うぜ。",
1994,"≪樹海探索≫
樹海ってこんなトコ{j}かけた貝殻１個の納品{j}生肉４０個の納品{j}なし{j}メインターゲット、もしくは
サブターゲットＡの達成{j}報酬金ゼロ
タイムアップ{j}ハンターズギルド{j}樹海はまだまだ未開の地です。
いきなり狩りに出かけないで、
まずは探索でもどうでしょう？
この地にあると言われている、
あるモンスターのねぐらから
≪かけた貝殻≫を１つだけ
見つけて納品してください。
余裕があればサブもどうぞ。",
1995,"≪樹海探索≫
キノコ再び{j}特産キノコ１２個の納品{j}厳選キノコ４個の納品{j}ランポス８頭の討伐{j}メインターゲット、もしくは
サブターゲットＡ、Ｂの達成{j}報酬金ゼロ
タイムアップ{j}ハンターズギルド{j}お待ちかね。狩場の情報です。
今回の狩場は、鬱蒼と茂る
木々と、どこか神秘的な
空気を感じる樹海です。
生態の調査も兼ねて、
特産キノコ１２個の納品を
お願いします。",
1996,"≪樹海探索≫
樹海の眠鳥{j}ヒプノック１頭の狩猟{j}なし{j}なし{j}メインターゲットの達成{j}報酬金ゼロ
タイムアップ{j}地理研究員{j}開拓の最前線に現れた樹海。
踏み入ることも困難なこの地に
生態も分からぬ新種がいると
なれば、安全の確保が研究の
第一歩だ。
ハンター諸君のお手並み拝見と
いこう。",
1997,"≪砂漠探索≫
眠鳥{j}ヒプノック１頭の狩猟{j}ゲネポス８頭の討伐{j}百花サボテン４個の納品{j}メインターゲット、もしくは
サブターゲットＡ、Ｂの達成{j}報酬金ゼロ
タイムアップ{j}砂漠の隊商{j}やられた…。
砂漠の眠鳥に隊商の車ごと
持って行かれちまった…。
奴は狡猾で、俺たちを眠らせて
から、まんまと積荷だけを
せしめて行くんだ。
ハンターさんよ、奴をどうにか
してくれ。",
1998,"≪樹海探索≫
陸戦女王{j}リオレイア１頭の狩猟{j}リオレイアの頭部破壊{j}リオレイアの尻尾切断{j}メインターゲット、もしくは
サブターゲットＡ、Ｂの達成{j}報酬金ゼロ
タイムアップ{j}先代ギルドマスター{j}樹海付近を通って、他地方に
抜ける旅人から、飛竜による
被害報告が多数出ておる。
樹海をねぐらとしている飛竜
の数を減らせば、この被害も
ある程度収束するじゃろう。
おぬしらの働きに期待してお
るぞ。",
1999,"≪樹海探索≫
樹海の卵{j}飛竜の卵４個の納品{j}リオレイア１頭の狩猟{j}モンスターエッグ４個の納品{j}メインターゲット、もしくは
サブターゲットＡ、Ｂの達成{j}報酬金ゼロ
タイムアップ{j}広場の街医者{j}傷つき、病に苦しむ患者には
滋味ある食物が必要だ。
しかし、そういった食物は
一部富豪の口にしか入らない
のが、現実なのだ。
せめて、広場の患者だけでも
手厚い医療を施したい。
ハンター諸君、頼んだぞ。",
2000,"≪火山探索≫
溶岩の海に棲む者{j}ヴォルガノス１頭の狩猟{j}イーオス１５頭の討伐{j}燃石炭１２個の納品{j}メインターゲット、もしくは
サブターゲットＡかＢの達成{j}報酬金ゼロ
タイムアップ{j}大衆酒場ギルド{j}火山に広がる溶岩の海には
溶岩竜≪ヴォルガノス≫が棲
んでいます。吐き出す溶岩と
巨体を活かした攻撃は一瞬の
油断が死につながります！
特にその巨体を使った突進は
要注意です！",
2001,"≪古塔探索≫
災厄の使者{j}ガブラス８頭の討伐{j}なし{j}なし{j}メインターゲットの達成{j}報酬金ゼロ
タイムアップ{j}先代ギルドマスター{j}何やら塔に多くのガブラスが
群れ集っておるようじゃ。
奴らは災厄の前触れとも言われ
ておるゆえ、ギルドとしても
捨ててはおけぬ。
ガブラス８頭を討伐し、状況
を確認してきて欲しい。",
2002,"≪古塔探索≫
火竜のねぐら{j}リオレウス１頭の狩猟{j}なし{j}なし{j}メインターゲットの達成{j}報酬金ゼロ
タイムアップ{j}大衆酒場ギルド{j}大空の王≪リオレウス≫は、
謎多き狩猟地≪古塔≫をねぐ
らにしていると云われていま
す。彼のねぐらに踏み入り、
その真偽を確かめられる勇敢
なハンターを募集します！
相手は大空の王…。常に上空
に注意を払ってください！
",
2003,"≪古塔探索≫
蒼火竜のねぐら{j}リオレウス亜種１頭の狩猟{j}なし{j}なし{j}メインターゲットの達成{j}報酬金ゼロ
タイムアップ{j}大衆酒場ギルド{j}大空の王≪リオレウス≫は、
謎多き狩猟地≪古塔≫をねぐ
らにしていると云われていま
す。その真偽を確かめられる
勇敢なハンターを募集します！
今度の相手は≪蒼き王者≫。
彼が地にひれ伏すまで、決し
て気を抜かないで下さい！
",
2004,"≪樹海探索≫
昏睡の樹海{j}ヒプノック１頭の狩猟{j}ヒプノックのクチバシの破壊{j}なし{j}メインターゲット、もしくは
サブターゲットＡの達成{j}報酬金ゼロ
タイムアップ{j}大衆酒場ギルド{j}防寒具に、装飾品に、武具に
眠鳥の素材は、何かと需要が
多く、ギルドでは定期的な
狩猟をハンターの皆さんに奨
励しています。
樹海に向かい、眠鳥１頭の
狩猟をお願いします。",
2005,"≪砂漠探索≫
砂漠の睡魔{j}ヒプノック１頭の狩猟{j}なし{j}なし{j}メインターゲットの達成{j}報酬金ゼロ
タイムアップ{j}砂漠の旅人{j}ある旅人から、最近砂漠で命
を落としかけたと聞いた。
突然強烈な眠気に意識を失い
気が付けば熱射病にかかって
いたということだ。
これはヤツの仕業に違いない。
旅路の安全を確保してほしい。",
2006,"≪砂漠探索≫
孤高の一角竜{j}モノブロス１頭の狩猟{j}竜のナミダ１個の納品{j}草食竜の卵１個の納品{j}メインターゲット、もしくは
サブターゲットＡかＢの達成{j}報酬金ゼロ
タイムアップ{j}ある辺境村の村長{j}孤高の一角竜≪モノブロス≫
は砂漠においてディアブロス
と対をなす王者といえよう。
ヤツを『１人で狩る』ことが
ハンターとして、一流の証明
とされておる。
挑戦あるのみじゃ。",
2007,"≪砂漠探索≫
白き一角竜の猛り{j}モノブロス亜種１頭の狩猟{j}なし{j}なし{j}メインターゲットの達成{j}報酬金ゼロ
タイムアップ{j}ある辺境村の村長{j}白き一角竜とはこれまた希少
性の高いモノブロスの亜種が
現れたようじゃな。
一流の証明を超えて、己の
名声を響かせるには、やはり
『１人で狩猟』することじゃ
心して狩猟に挑むがよい！
",
2008,"≪密林探索≫
豪傑{j}ガノトトス１頭の討伐{j}なし{j}なし{j}メインターゲットの達成{j}報酬金ゼロ
タイムアップ{j}大衆酒場ギルド{j}ギルドの歴史の中でも、最強
の豪腕と謳われたハンターが
いました。
当ギルドでは、そのハンター
を引退にまで追いやった魚竜
種、ガノトトスを１対１で討
伐したハンターに、奨励品を
出しています。
奮ってご参加ください。
",
2009,"≪密林探索≫
駆け出しハンター支援{j}ドスファンゴ１頭の狩猟{j}なし{j}なし{j}メインターゲットの達成{j}報酬金ゼロ
タイムアップ{j}大衆酒場ギルド{j}駆け出しハンターの皆さんに
狩猟奨励のお知らせです。
最近、近隣の農作物を荒らす
≪ドスファンゴ≫の討伐をお
願いします。
駆け出しのみなさんへの狩猟
奨励だけに、支援の意味でも
報酬は、はずむそうですよ！",
2010,"≪密林探索≫
求めよ！燕雀石！{j}ドスランポス１頭の狩猟{j}ランポス１２頭の討伐{j}特産キノコ８個の納品{j}メインターゲット、もしくは
サブターゲットＡかＢの達成{j}報酬金ゼロ
タイムアップ{j}大衆酒場ギルド{j}装備を整えるには、何かと必
要なマカライト鉱石。
でも、実際堀りに出かけても
出ないこともしばしば･･･。
ですが、このクエストで≪ド
スランポス≫を倒せば、ギル
ドが、必ず２つ以上のマカラ
イト鉱石を進呈しますよ！",
2011,"≪火山探索≫
溶岩竜{j}ヴォルガノス１頭の狩猟{j}ガミザミ８匹の討伐{j}燃石炭１２個の納品{j}メインターゲット、もしくは
サブターゲットＡかＢの達成{j}報酬金ゼロ
タイムアップ{j}浮かない顔の冒険家{j}近年、その生息が確認された
溶岩の海に棲む魚竜種…。
その名は、≪ヴォルガノス≫
どんなやつか見て来てやる！
…と意気込んだものの、不覚
にも途中で怖気づいちまって
な…。誰か代わりに確かめて
きてくれねぇか？",
2012,"≪火山探索≫
火山の支配者{j}ヴォルガノス１頭の狩猟{j}火薬岩４個の納品{j}火薬岩２個の納品{j}メインターゲット、もしくは
サブターゲットＡかＢの達成{j}報酬金ゼロ
タイムアップ{j}街の傭兵たち{j}ドンドルマの街を古龍から守
るべく、良質の鉱石を採りに
来たのだが…。
≪ヴォルガノス≫を狩猟する
か、火薬岩を運ぶか、どちら
かに協力してくれ！
勇気あるハンターを待ってる
ぞ！",
2013,"≪砂漠探索≫
ティガレックス、咆哮！！{j}ティガレックス１頭の狩猟{j}なし{j}なし{j}メインターゲットの達成{j}報酬金ゼロ
タイムアップ{j}満身創痍のハンター{j}砂漠で見たことも無い飛竜に
出くわしたんだ…。
すべてのものを引き裂かんと
する強靭な爪…。堅牢な鎧で
さえもアイツにとっては布き
れ同然だ…。今度の相手は、
手強いぞ！！

",
2014,"≪雪山探索≫
轟咆、ティガレックス{j}ティガレックス１頭の狩猟{j}なし{j}なし{j}メインターゲットの達成{j}報酬金ゼロ
タイムアップ{j}興奮気味の冒険家{j}極寒の地、雪山で≪轟竜≫
ティガレックスを見たんだ！
雪山にまで姿を現すなんて、
アイツにとっては獲物さえい
れば、そこがどんな場所だろ
うと関係ないみたいだな。",
2015,"≪ＨＲＰシフトクエスト≫
鮮青の狩人【成長・下】{j}ドスランポス２頭の狩猟{j}なし{j}なし{j}メインターゲットの達成{j}報酬金ゼロ
タイムアップ{j}大老殿ギルド{j}≪ＨＲＰシフトクエスト≫と
銘打たれたクエストは、報酬
ゼニーが安いですが、その分
多くのＨＲＰを得られる素敵
なクエストです。
より高みを目指したい狩人の
皆さん、奮ってご参加くださ
いね！",
2016,"≪Ｚシフトクエスト≫
鮮青の狩人【金策・下】{j}ドスランポス２頭の狩猟{j}なし{j}なし{j}メインターゲットの達成{j}報酬金ゼロ
タイムアップ{j}大老殿ギルド{j}≪Ｚシフトクエスト≫と銘打
たれたクエストは、得られる
ＨＲＰは少ないですが、その
分、多くのゼニーを得られる
豪華なクエストです。
装備を整えたい狩人の皆さん
どしどし受注をどうぞ！",
2017,"≪ＨＲＰシフトクエスト≫
褐色の狩人【成長・下】{j}ドスゲネポス２頭の狩猟{j}なし{j}なし{j}メインターゲットの達成{j}報酬金ゼロ
タイムアップ{j}大老殿ギルド{j}≪ＨＲＰシフトクエスト≫と
銘打たれたクエストは、報酬
ゼニーが安いですが、その分
多くのＨＲＰを得られる素敵
なクエストです。
より高みを目指したい狩人の
皆さん、奮ってご参加くださ
いね！",
2018,"≪Ｚシフトクエスト≫
褐色の狩人【金策・下】{j}ドスゲネポス２頭の狩猟{j}なし{j}なし{j}メインターゲットの達成{j}報酬金ゼロ
タイムアップ{j}大老殿ギルド{j}≪Ｚシフトクエスト≫と銘打
たれたクエストは、得られる
ＨＲＰは少ないですが、その
分、多くのゼニーを得られる
豪華なクエストです。
装備を整えたい狩人の皆さん
どしどし受注をどうぞ！",
2019,"≪ＨＲＰシフトクエスト≫
突進の牙獣【成長・下】{j}ドスファンゴ１頭の狩猟{j}なし{j}なし{j}メインターゲットの達成{j}報酬金ゼロ
タイムアップ{j}大老殿ギルド{j}≪ＨＲＰシフトクエスト≫と
銘打たれたクエストは、報酬
ゼニーが安いですが、その分
多くのＨＲＰを得られる素敵
なクエストです。
より高みを目指したい狩人の
皆さん、奮ってご参加くださ
いね！",
2020,"≪Ｚシフトクエスト≫
突進の牙獣【金策・下】{j}ドスファンゴ１頭の狩猟{j}なし{j}なし{j}メインターゲットの達成{j}報酬金ゼロ
タイムアップ{j}大老殿ギルド{j}≪Ｚシフトクエスト≫と銘打
たれたクエストは、得られる
ＨＲＰは少ないですが、その
分、多くのゼニーを得られる
豪華なクエストです。
装備を整えたい狩人の皆さん
どしどし受注をどうぞ！",
2021,"≪ＨＲＰシフトクエスト≫
怪鳥の怒り【成長・下】{j}イャンクック１頭の狩猟{j}なし{j}なし{j}メインターゲットの達成{j}報酬金ゼロ
タイムアップ{j}大老殿ギルド{j}≪ＨＲＰシフトクエスト≫と
銘打たれたクエストは、報酬
ゼニーが安いですが、その分
多くのＨＲＰを得られる素敵
なクエストです。
より高みを目指したい狩人の
皆さん、奮ってご参加くださ
いね！",
2022,"≪Ｚシフトクエスト≫
怪鳥の怒り【金策・下】{j}イャンクック１頭の狩猟{j}なし{j}なし{j}メインターゲットの達成{j}報酬金ゼロ
タイムアップ{j}大老殿ギルド{j}≪Ｚシフトクエスト≫と銘打
たれたクエストは、得られる
ＨＲＰは少ないですが、その
分、多くのゼニーを得られる
豪華なクエストです。
装備を整えたい狩人の皆さん
どしどし受注をどうぞ！",
2023,"≪ＨＲＰシフトクエスト≫
砂中を舞う竜【成長・下】{j}ドスガレオス１頭の狩猟{j}なし{j}なし{j}メインターゲットの達成{j}報酬金ゼロ
タイムアップ{j}大老殿ギルド{j}≪ＨＲＰシフトクエスト≫と
銘打たれたクエストは、報酬
ゼニーが安いですが、その分
多くのＨＲＰを得られる素敵
なクエストです。
より高みを目指したい狩人の
皆さん、奮ってご参加くださ
いね！",
2024,"≪Ｚシフトクエスト≫
砂中を舞う竜【金策・下】{j}ドスガレオス１頭の狩猟{j}なし{j}なし{j}メインターゲットの達成{j}報酬金ゼロ
タイムアップ{j}大老殿ギルド{j}≪Ｚシフトクエスト≫と銘打
たれたクエストは、得られる
ＨＲＰは少ないですが、その
分、多くのゼニーを得られる
豪華なクエストです。
装備を整えたい狩人の皆さん
どしどし受注をどうぞ！",
2025,"≪ＨＲＰシフトクエスト≫
堅牢なる大鋏【成長・下】{j}ダイミョウザザミ２匹の狩猟{j}なし{j}なし{j}メインターゲットの達成{j}報酬金ゼロ
タイムアップ{j}大老殿ギルド{j}≪ＨＲＰシフトクエスト≫と
銘打たれたクエストは、報酬
ゼニーが安いですが、その分
多くのＨＲＰを得られる素敵
なクエストです。
より高みを目指したい狩人の
皆さん、奮ってご参加くださ
いね！",
2026,"≪Ｚシフトクエスト≫
堅牢なる大鋏【金策・下】{j}ダイミョウザザミ２匹の狩猟{j}なし{j}なし{j}メインターゲットの達成{j}報酬金ゼロ
タイムアップ{j}大老殿ギルド{j}≪Ｚシフトクエスト≫と銘打
たれたクエストは、得られる
ＨＲＰは少ないですが、その
分、多くのゼニーを得られる
豪華なクエストです。
装備を整えたい狩人の皆さん
どしどし受注をどうぞ！",
2027,"≪ＨＲＰシフトクエスト≫
閃光の毒怪鳥【成長・下】{j}ゲリョス１頭の狩猟{j}なし{j}なし{j}メインターゲットの達成{j}報酬金ゼロ
タイムアップ{j}大老殿ギルド{j}≪ＨＲＰシフトクエスト≫と
銘打たれたクエストは、報酬
ゼニーが安いですが、その分
多くのＨＲＰを得られる素敵
なクエストです。
より高みを目指したい狩人の
皆さん、奮ってご参加くださ
いね！",
2028,"≪Ｚシフトクエスト≫
閃光の毒怪鳥【金策・下】{j}ゲリョス１頭の狩猟{j}なし{j}なし{j}メインターゲットの達成{j}報酬金ゼロ
タイムアップ{j}大老殿ギルド{j}≪Ｚシフトクエスト≫と銘打
たれたクエストは、得られる
ＨＲＰは少ないですが、その
分、多くのゼニーを得られる
豪華なクエストです。
装備を整えたい狩人の皆さん
どしどし受注をどうぞ！",
2029,"≪ＨＲＰシフトクエスト≫
桃色の牙獣【成長・下】{j}ババコンガ１頭の狩猟{j}なし{j}なし{j}メインターゲットの達成{j}報酬金ゼロ
タイムアップ{j}大老殿ギルド{j}≪ＨＲＰシフトクエスト≫と
銘打たれたクエストは、報酬
ゼニーが安いですが、その分
多くのＨＲＰを得られる素敵
なクエストです。
より高みを目指したい狩人の
皆さん、奮ってご参加くださ
いね！",
2030,"≪Ｚシフトクエスト≫
桃色の牙獣【金策・下】{j}ババコンガ１頭の狩猟{j}なし{j}なし{j}メインターゲットの達成{j}報酬金ゼロ
タイムアップ{j}大老殿ギルド{j}≪Ｚシフトクエスト≫と銘打
たれたクエストは、得られる
ＨＲＰは少ないですが、その
分、多くのゼニーを得られる
豪華なクエストです。
装備を整えたい狩人の皆さん
どしどし受注をどうぞ！",
2031,"≪ＨＲＰシフトクエスト≫
白い亡霊【成長・下】{j}フルフル１頭の狩猟{j}なし{j}なし{j}メインターゲットの達成{j}報酬金ゼロ
タイムアップ{j}大老殿ギルド{j}≪ＨＲＰシフトクエスト≫と
銘打たれたクエストは、報酬
ゼニーが安いですが、その分
多くのＨＲＰを得られる素敵
なクエストです。
より高みを目指したい狩人の
皆さん、奮ってご参加くださ
いね！",
2032,"≪Ｚシフトクエスト≫
白い亡霊【金策・下】{j}フルフル１頭の狩猟{j}なし{j}なし{j}メインターゲットの達成{j}報酬金ゼロ
タイムアップ{j}大老殿ギルド{j}≪Ｚシフトクエスト≫と銘打
たれたクエストは、得られる
ＨＲＰは少ないですが、その
分、多くのゼニーを得られる
豪華なクエストです。
装備を整えたい狩人の皆さん
どしどし受注をどうぞ！",
2033,"≪ＨＲＰシフトクエスト≫
蠢く岩の竜【成長・下】{j}バサルモス１頭の狩猟{j}なし{j}なし{j}メインターゲットの達成{j}報酬金ゼロ
タイムアップ{j}大老殿ギルド{j}≪ＨＲＰシフトクエスト≫と
銘打たれたクエストは、報酬
ゼニーが安いですが、その分
多くのＨＲＰを得られる素敵
なクエストです。
より高みを目指したい狩人の
皆さん、奮ってご参加くださ
いね！",
2034,"≪Ｚシフトクエスト≫
蠢く岩の竜【金策・下】{j}バサルモス１頭の狩猟{j}なし{j}なし{j}メインターゲットの達成{j}報酬金ゼロ
タイムアップ{j}大老殿ギルド{j}≪Ｚシフトクエスト≫と銘打
たれたクエストは、得られる
ＨＲＰは少ないですが、その
分、多くのゼニーを得られる
豪華なクエストです。
装備を整えたい狩人の皆さん
どしどし受注をどうぞ！",
2035,"≪ＨＲＰシフトクエスト≫
烈火の女王【成長・下】{j}リオレイア１頭の狩猟{j}なし{j}なし{j}メインターゲットの達成{j}報酬金ゼロ
タイムアップ{j}大老殿ギルド{j}≪ＨＲＰシフトクエスト≫と
銘打たれたクエストは、報酬
ゼニーが安いですが、その分
多くのＨＲＰを得られる素敵
なクエストです。
より高みを目指したい狩人の
皆さん、奮ってご参加くださ
いね！",
2036,"≪Ｚシフトクエスト≫
烈火の女王【金策・下】{j}リオレイア１頭の狩猟{j}なし{j}なし{j}メインターゲットの達成{j}報酬金ゼロ
タイムアップ{j}大老殿ギルド{j}≪Ｚシフトクエスト≫と銘打
たれたクエストは、得られる
ＨＲＰは少ないですが、その
分、多くのゼニーを得られる
豪華なクエストです。
装備を整えたい狩人の皆さん
どしどし受注をどうぞ！",
2037,"≪ＨＲＰシフトクエスト≫
白銀の咆哮【成長・下】{j}ドドブランゴ１頭の狩猟{j}なし{j}なし{j}メインターゲットの達成{j}報酬金ゼロ
タイムアップ{j}大老殿ギルド{j}≪ＨＲＰシフトクエスト≫と
銘打たれたクエストは、報酬
ゼニーが安いですが、その分
多くのＨＲＰを得られる素敵
なクエストです。
より高みを目指したい狩人の
皆さん、奮ってご参加くださ
いね！",
2038,"≪Ｚシフトクエスト≫
白銀の咆哮【金策・下】{j}ドドブランゴ１頭の狩猟{j}なし{j}なし{j}メインターゲットの達成{j}報酬金ゼロ
タイムアップ{j}大老殿ギルド{j}≪Ｚシフトクエスト≫と銘打
たれたクエストは、得られる
ＨＲＰは少ないですが、その
分、多くのゼニーを得られる
豪華なクエストです。
装備を整えたい狩人の皆さん
どしどし受注をどうぞ！",
2039,"≪ＨＲＰシフトクエスト≫
水飛沫の竜【成長・下】{j}ガノトトス１頭の狩猟{j}なし{j}なし{j}メインターゲットの達成{j}報酬金ゼロ
タイムアップ{j}大老殿ギルド{j}≪ＨＲＰシフトクエスト≫と
銘打たれたクエストは、報酬
ゼニーが安いですが、その分
多くのＨＲＰを得られる素敵
なクエストです。
より高みを目指したい狩人の
皆さん、奮ってご参加くださ
いね！",
2040,"≪Ｚシフトクエスト≫
水飛沫の竜【金策・下】{j}ガノトトス１頭の狩猟{j}なし{j}なし{j}メインターゲットの達成{j}報酬金ゼロ
タイムアップ{j}大老殿ギルド{j}≪Ｚシフトクエスト≫と銘打
たれたクエストは、得られる
ＨＲＰは少ないですが、その
分、多くのゼニーを得られる
豪華なクエストです。
装備を整えたい狩人の皆さん
どしどし受注をどうぞ！",
2041,"≪ＨＲＰシフトクエスト≫
強暴なる角竜【成長・下】{j}ディアブロス１頭の狩猟{j}なし{j}なし{j}メインターゲットの達成{j}報酬金ゼロ
タイムアップ{j}大老殿ギルド{j}≪ＨＲＰシフトクエスト≫と
銘打たれたクエストは、報酬
ゼニーが安いですが、その分
多くのＨＲＰを得られる素敵
なクエストです。
より高みを目指したい狩人の
皆さん、奮ってご参加くださ
いね！",
2042,"≪Ｚシフトクエスト≫
強暴なる角竜【金策・下】{j}ディアブロス１頭の狩猟{j}なし{j}なし{j}メインターゲットの達成{j}報酬金ゼロ
タイムアップ{j}大老殿ギルド{j}≪Ｚシフトクエスト≫と銘打
たれたクエストは、得られる
ＨＲＰは少ないですが、その
分、多くのゼニーを得られる
豪華なクエストです。
装備を整えたい狩人の皆さん
どしどし受注をどうぞ！",
2043,"≪ＨＲＰシフトクエスト≫
鎧を纏いし竜【成長・下】{j}グラビモス１頭の狩猟{j}なし{j}なし{j}メインターゲットの達成{j}報酬金ゼロ
タイムアップ{j}大老殿ギルド{j}≪ＨＲＰシフトクエスト≫と
銘打たれたクエストは、報酬
ゼニーが安いですが、その分
多くのＨＲＰを得られる素敵
なクエストです。
より高みを目指したい狩人の
皆さん、奮ってご参加くださ
いね！",
2044,"≪Ｚシフトクエスト≫
鎧を纏いし竜【金策・下】{j}グラビモス１頭の狩猟{j}なし{j}なし{j}メインターゲットの達成{j}報酬金ゼロ
タイムアップ{j}大老殿ギルド{j}≪Ｚシフトクエスト≫と銘打
たれたクエストは、得られる
ＨＲＰは少ないですが、その
分、多くのゼニーを得られる
豪華なクエストです。
装備を整えたい狩人の皆さん
どしどし受注をどうぞ！",
2045,"≪ＨＲＰシフトクエスト≫
烈火の王者【成長・下】{j}リオレウス１頭の狩猟{j}なし{j}なし{j}メインターゲットの達成{j}報酬金ゼロ
タイムアップ{j}大老殿ギルド{j}≪ＨＲＰシフトクエスト≫と
銘打たれたクエストは、報酬
ゼニーが安いですが、その分
多くのＨＲＰを得られる素敵
なクエストです。
より高みを目指したい狩人の
皆さん、奮ってご参加くださ
いね！",
2046,"≪Ｚシフトクエスト≫
烈火の王者【金策・下】{j}リオレウス１頭の狩猟{j}なし{j}なし{j}メインターゲットの達成{j}報酬金ゼロ
タイムアップ{j}大老殿ギルド{j}≪Ｚシフトクエスト≫と銘打
たれたクエストは、得られる
ＨＲＰは少ないですが、その
分、多くのゼニーを得られる
豪華なクエストです。
装備を整えたい狩人の皆さん
どしどし受注をどうぞ！",
2047,"≪ＨＲＰシフトクエスト≫
灼熱の溶岩竜【成長・下】{j}ヴォルガノス１頭の狩猟{j}なし{j}なし{j}メインターゲットの達成{j}報酬金ゼロ
タイムアップ{j}大老殿ギルド{j}≪ＨＲＰシフトクエスト≫と
銘打たれたクエストは、報酬
ゼニーが安いですが、その分
多くのＨＲＰを得られる素敵
なクエストです。
より高みを目指したい狩人の
皆さん、奮ってご参加くださ
いね！",
2048,"≪Ｚシフトクエスト≫
灼熱の溶岩竜【金策・下】{j}ヴォルガノス１頭の狩猟{j}なし{j}なし{j}メインターゲットの達成{j}報酬金ゼロ
タイムアップ{j}大老殿ギルド{j}≪Ｚシフトクエスト≫と銘打
たれたクエストは、得られる
ＨＲＰは少ないですが、その
分、多くのゼニーを得られる
豪華なクエストです。
装備を整えたい狩人の皆さん
どしどし受注をどうぞ！",
2049,"≪ＨＲＰシフトクエスト≫
鮮青の狩人【成長・上】{j}ドスランポス２頭の狩猟{j}なし{j}なし{j}メインターゲットの達成{j}報酬金ゼロ
タイムアップ{j}大老殿ギルド{j}≪ＨＲＰシフトクエスト≫と
銘打たれたクエストは、報酬
ゼニーが安いですが、その分
多くのＨＲＰを得られる素敵
なクエストです。
より高みを目指したい狩人の
皆さん、奮ってご参加くださ
いね！",
2050,"≪Ｚシフトクエスト≫
鮮青の狩人【金策・上】{j}ドスランポス２頭の狩猟{j}なし{j}なし{j}メインターゲットの達成{j}報酬金ゼロ
タイムアップ{j}大老殿ギルド{j}≪Ｚシフトクエスト≫と銘打
たれたクエストは、得られる
ＨＲＰは少ないですが、その
分、多くのゼニーを得られる
豪華なクエストです。
装備を整えたい狩人の皆さん
どしどし受注をどうぞ！",
2051,"≪ＨＲＰシフトクエスト≫
赤き毒の狩人【成長・上】{j}ドスイーオス１頭の狩猟{j}なし{j}なし{j}メインターゲットの達成{j}報酬金ゼロ
タイムアップ{j}大老殿ギルド{j}≪ＨＲＰシフトクエスト≫と
銘打たれたクエストは、報酬
ゼニーが安いですが、その分
多くのＨＲＰを得られる素敵
なクエストです。
より高みを目指したい狩人の
皆さん、奮ってご参加くださ
いね！",
2052,"≪Ｚシフトクエスト≫
赤き毒の狩人【金策・上】{j}ドスイーオス１頭の狩猟{j}なし{j}なし{j}メインターゲットの達成{j}報酬金ゼロ
タイムアップ{j}大老殿ギルド{j}≪Ｚシフトクエスト≫と銘打
たれたクエストは、得られる
ＨＲＰは少ないですが、その
分、多くのゼニーを得られる
豪華なクエストです。
装備を整えたい狩人の皆さん
どしどし受注をどうぞ！",
2053,"≪ＨＲＰシフトクエスト≫
突進の牙獣【成長・上】{j}ドスファンゴ１頭の狩猟{j}なし{j}なし{j}メインターゲットの達成{j}報酬金ゼロ
タイムアップ{j}大老殿ギルド{j}≪ＨＲＰシフトクエスト≫と
銘打たれたクエストは、報酬
ゼニーが安いですが、その分
多くのＨＲＰを得られる素敵
なクエストです。
より高みを目指したい狩人の
皆さん、奮ってご参加くださ
いね！",
2054,"≪Ｚシフトクエスト≫
突進の牙獣【金策・上】{j}ドスファンゴ１頭の狩猟{j}なし{j}なし{j}メインターゲットの達成{j}報酬金ゼロ
タイムアップ{j}大老殿ギルド{j}≪Ｚシフトクエスト≫と銘打
たれたクエストは、得られる
ＨＲＰは少ないですが、その
分、多くのゼニーを得られる
豪華なクエストです。
装備を整えたい狩人の皆さん
どしどし受注をどうぞ！",
2055,"≪ＨＲＰシフトクエスト≫
怪鳥の怒り【成長・上】{j}イャンクック１頭の狩猟{j}なし{j}なし{j}メインターゲットの達成{j}報酬金ゼロ
タイムアップ{j}大老殿ギルド{j}≪ＨＲＰシフトクエスト≫と
銘打たれたクエストは、報酬
ゼニーが安いですが、その分
多くのＨＲＰを得られる素敵
なクエストです。
より高みを目指したい狩人の
皆さん、奮ってご参加くださ
いね！",
2056,"≪Ｚシフトクエスト≫
怪鳥の怒り【金策・上】{j}イャンクック１頭の狩猟{j}なし{j}なし{j}メインターゲットの達成{j}報酬金ゼロ
タイムアップ{j}大老殿ギルド{j}≪Ｚシフトクエスト≫と銘打
たれたクエストは、得られる
ＨＲＰは少ないですが、その
分、多くのゼニーを得られる
豪華なクエストです。
装備を整えたい狩人の皆さん
どしどし受注をどうぞ！",
2057,"≪ＨＲＰシフトクエスト≫
堅牢なる大鋏【成長・上】{j}ダイミョウザザミ２匹の狩猟{j}なし{j}なし{j}メインターゲットの達成{j}報酬金ゼロ
タイムアップ{j}大老殿ギルド{j}≪ＨＲＰシフトクエスト≫と
銘打たれたクエストは、報酬
ゼニーが安いですが、その分
多くのＨＲＰを得られる素敵
なクエストです。
より高みを目指したい狩人の
皆さん、奮ってご参加くださ
いね！",
2058,"≪Ｚシフトクエスト≫
堅牢なる大鋏【金策・上】{j}ダイミョウザザミ２匹の狩猟{j}なし{j}なし{j}メインターゲットの達成{j}報酬金ゼロ
タイムアップ{j}大老殿ギルド{j}≪Ｚシフトクエスト≫と銘打
たれたクエストは、得られる
ＨＲＰは少ないですが、その
分、多くのゼニーを得られる
豪華なクエストです。
装備を整えたい狩人の皆さん
どしどし受注をどうぞ！",
2059,"≪ＨＲＰシフトクエスト≫
閃光の毒怪鳥【成長・上】{j}ゲリョス１頭の狩猟{j}なし{j}なし{j}メインターゲットの達成{j}報酬金ゼロ
タイムアップ{j}大老殿ギルド{j}≪ＨＲＰシフトクエスト≫と
銘打たれたクエストは、報酬
ゼニーが安いですが、その分
多くのＨＲＰを得られる素敵
なクエストです。
より高みを目指したい狩人の
皆さん、奮ってご参加くださ
いね！",
2060,"≪Ｚシフトクエスト≫
閃光の毒怪鳥【金策・上】{j}ゲリョス１頭の狩猟{j}なし{j}なし{j}メインターゲットの達成{j}報酬金ゼロ
タイムアップ{j}大老殿ギルド{j}≪Ｚシフトクエスト≫と銘打
たれたクエストは、得られる
ＨＲＰは少ないですが、その
分、多くのゼニーを得られる
豪華なクエストです。
装備を整えたい狩人の皆さん
どしどし受注をどうぞ！",
2061,"≪ＨＲＰシフトクエスト≫
桃色の牙獣【成長・上】{j}ババコンガ１頭の狩猟{j}なし{j}なし{j}メインターゲットの達成{j}報酬金ゼロ
タイムアップ{j}大老殿ギルド{j}≪ＨＲＰシフトクエスト≫と
銘打たれたクエストは、報酬
ゼニーが安いですが、その分
多くのＨＲＰを得られる素敵
なクエストです。
より高みを目指したい狩人の
皆さん、奮ってご参加くださ
いね！",
2062,"≪Ｚシフトクエスト≫
桃色の牙獣【金策・上】{j}ババコンガ１頭の狩猟{j}なし{j}なし{j}メインターゲットの達成{j}報酬金ゼロ
タイムアップ{j}大老殿ギルド{j}≪Ｚシフトクエスト≫と銘打
たれたクエストは、得られる
ＨＲＰは少ないですが、その
分、多くのゼニーを得られる
豪華なクエストです。
装備を整えたい狩人の皆さん
どしどし受注をどうぞ！",
2063,"≪ＨＲＰシフトクエスト≫
白い亡霊【成長・上】{j}フルフル１頭の狩猟{j}なし{j}なし{j}メインターゲットの達成{j}報酬金ゼロ
タイムアップ{j}大老殿ギルド{j}≪ＨＲＰシフトクエスト≫と
銘打たれたクエストは、報酬
ゼニーが安いですが、その分
多くのＨＲＰを得られる素敵
なクエストです。
より高みを目指したい狩人の
皆さん、奮ってご参加くださ
いね！",
2064,"≪Ｚシフトクエスト≫
白い亡霊【金策・上】{j}フルフル１頭の狩猟{j}なし{j}なし{j}メインターゲットの達成{j}報酬金ゼロ
タイムアップ{j}大老殿ギルド{j}≪Ｚシフトクエスト≫と銘打
たれたクエストは、得られる
ＨＲＰは少ないですが、その
分、多くのゼニーを得られる
豪華なクエストです。
装備を整えたい狩人の皆さん
どしどし受注をどうぞ！",
2065,"≪ＨＲＰシフトクエスト≫
蠢く岩の竜【成長・上】{j}バサルモス１頭の狩猟{j}なし{j}なし{j}メインターゲットの達成{j}報酬金ゼロ
タイムアップ{j}大老殿ギルド{j}≪ＨＲＰシフトクエスト≫と
銘打たれたクエストは、報酬
ゼニーが安いですが、その分
多くのＨＲＰを得られる素敵
なクエストです。
より高みを目指したい狩人の
皆さん、奮ってご参加くださ
いね！",
2066,"≪Ｚシフトクエスト≫
蠢く岩の竜【金策・上】{j}バサルモス１頭の狩猟{j}なし{j}なし{j}メインターゲットの達成{j}報酬金ゼロ
タイムアップ{j}大老殿ギルド{j}≪Ｚシフトクエスト≫と銘打
たれたクエストは、得られる
ＨＲＰは少ないですが、その
分、多くのゼニーを得られる
豪華なクエストです。
装備を整えたい狩人の皆さん
どしどし受注をどうぞ！",
2067,"≪ＨＲＰシフトクエスト≫
烈火の女王【成長・上】{j}リオレイア１頭の狩猟{j}なし{j}なし{j}メインターゲットの達成{j}報酬金ゼロ
タイムアップ{j}大老殿ギルド{j}≪ＨＲＰシフトクエスト≫と
銘打たれたクエストは、報酬
ゼニーが安いですが、その分
多くのＨＲＰを得られる素敵
なクエストです。
より高みを目指したい狩人の
皆さん、奮ってご参加くださ
いね！",
2068,"≪Ｚシフトクエスト≫
烈火の女王【金策・上】{j}リオレイア１頭の狩猟{j}なし{j}なし{j}メインターゲットの達成{j}報酬金ゼロ
タイムアップ{j}大老殿ギルド{j}≪Ｚシフトクエスト≫と銘打
たれたクエストは、得られる
ＨＲＰは少ないですが、その
分、多くのゼニーを得られる
豪華なクエストです。
装備を整えたい狩人の皆さん
どしどし受注をどうぞ！",
2069,"≪ＨＲＰシフトクエスト≫
白銀の咆哮【成長・上】{j}ドドブランゴ１頭の狩猟{j}なし{j}なし{j}メインターゲットの達成{j}報酬金ゼロ
タイムアップ{j}大老殿ギルド{j}≪ＨＲＰシフトクエスト≫と
銘打たれたクエストは、報酬
ゼニーが安いですが、その分
多くのＨＲＰを得られる素敵
なクエストです。
より高みを目指したい狩人の
皆さん、奮ってご参加くださ
いね！",
2070,"≪Ｚシフトクエスト≫
白銀の咆哮【金策・上】{j}ドドブランゴ１頭の狩猟{j}なし{j}なし{j}メインターゲットの達成{j}報酬金ゼロ
タイムアップ{j}大老殿ギルド{j}≪Ｚシフトクエスト≫と銘打
たれたクエストは、得られる
ＨＲＰは少ないですが、その
分、多くのゼニーを得られる
豪華なクエストです。
装備を整えたい狩人の皆さん
どしどし受注をどうぞ！",
2071,"≪ＨＲＰシフトクエスト≫
水飛沫の竜【成長・上】{j}ガノトトス１頭の狩猟{j}なし{j}なし{j}メインターゲットの達成{j}報酬金ゼロ
タイムアップ{j}大老殿ギルド{j}≪ＨＲＰシフトクエスト≫と
銘打たれたクエストは、報酬
ゼニーが安いですが、その分
多くのＨＲＰを得られる素敵
なクエストです。
より高みを目指したい狩人の
皆さん、奮ってご参加くださ
いね！",
2072,"≪Ｚシフトクエスト≫
水飛沫の竜【金策・上】{j}ガノトトス１頭の狩猟{j}なし{j}なし{j}メインターゲットの達成{j}報酬金ゼロ
タイムアップ{j}大老殿ギルド{j}≪Ｚシフトクエスト≫と銘打
たれたクエストは、得られる
ＨＲＰは少ないですが、その
分、多くのゼニーを得られる
豪華なクエストです。
装備を整えたい狩人の皆さん
どしどし受注をどうぞ！",
2073,"≪ＨＲＰシフトクエスト≫
強暴なる角竜【成長・上】{j}ディアブロス１頭の狩猟{j}なし{j}なし{j}メインターゲットの達成{j}報酬金ゼロ
タイムアップ{j}大老殿ギルド{j}≪ＨＲＰシフトクエスト≫と
銘打たれたクエストは、報酬
ゼニーが安いですが、その分
多くのＨＲＰを得られる素敵
なクエストです。
より高みを目指したい狩人の
皆さん、奮ってご参加くださ
いね！",
2074,"≪Ｚシフトクエスト≫
強暴なる角竜【金策・上】{j}ディアブロス１頭の狩猟{j}なし{j}なし{j}メインターゲットの達成{j}報酬金ゼロ
タイムアップ{j}大老殿ギルド{j}≪Ｚシフトクエスト≫と銘打
たれたクエストは、得られる
ＨＲＰは少ないですが、その
分、多くのゼニーを得られる
豪華なクエストです。
装備を整えたい狩人の皆さん
どしどし受注をどうぞ！",
2075,"≪ＨＲＰシフトクエスト≫
鮮橙の眠り【成長・上】{j}ヒプノック１頭の狩猟{j}なし{j}なし{j}メインターゲットの達成{j}報酬金ゼロ
タイムアップ{j}大老殿ギルド{j}≪ＨＲＰシフトクエスト≫と
銘打たれたクエストは、報酬
ゼニーが安いですが、その分
多くのＨＲＰを得られる素敵
なクエストです。
より高みを目指したい狩人の
皆さん、奮ってご参加くださ
いね！",
2076,"≪Ｚシフトクエスト≫
鮮橙の眠り【金策・上】{j}ヒプノック１頭の狩猟{j}なし{j}なし{j}メインターゲットの達成{j}報酬金ゼロ
タイムアップ{j}大老殿ギルド{j}≪Ｚシフトクエスト≫と銘打
たれたクエストは、得られる
ＨＲＰは少ないですが、その
分、多くのゼニーを得られる
豪華なクエストです。
装備を整えたい狩人の皆さん
どしどし受注をどうぞ！",
2077,"≪ＨＲＰシフトクエスト≫
鎧を纏いし竜【成長・上】{j}グラビモス１頭の狩猟{j}なし{j}なし{j}メインターゲットの達成{j}報酬金ゼロ
タイムアップ{j}大老殿ギルド{j}≪ＨＲＰシフトクエスト≫と
銘打たれたクエストは、報酬
ゼニーが安いですが、その分
多くのＨＲＰを得られる素敵
なクエストです。
より高みを目指したい狩人の
皆さん、奮ってご参加くださ
いね！",
2078,"≪Ｚシフトクエスト≫
鎧を纏いし竜【金策・上】{j}グラビモス１頭の狩猟{j}なし{j}なし{j}メインターゲットの達成{j}報酬金ゼロ
タイムアップ{j}大老殿ギルド{j}≪Ｚシフトクエスト≫と銘打
たれたクエストは、得られる
ＨＲＰは少ないですが、その
分、多くのゼニーを得られる
豪華なクエストです。
装備を整えたい狩人の皆さん
どしどし受注をどうぞ！",
2079,"≪ＨＲＰシフトクエスト≫
烈火の王者【成長・上】{j}リオレウス１頭の狩猟{j}なし{j}なし{j}メインターゲットの達成{j}報酬金ゼロ
タイムアップ{j}大老殿ギルド{j}≪ＨＲＰシフトクエスト≫と
銘打たれたクエストは、報酬
ゼニーが安いですが、その分
多くのＨＲＰを得られる素敵
なクエストです。
より高みを目指したい狩人の
皆さん、奮ってご参加くださ
いね！",
2080,"≪Ｚシフトクエスト≫
烈火の王者【金策・上】{j}リオレウス１頭の狩猟{j}なし{j}なし{j}メインターゲットの達成{j}報酬金ゼロ
タイムアップ{j}大老殿ギルド{j}≪Ｚシフトクエスト≫と銘打
たれたクエストは、得られる
ＨＲＰは少ないですが、その
分、多くのゼニーを得られる
豪華なクエストです。
装備を整えたい狩人の皆さん
どしどし受注をどうぞ！",
2081,"≪ＨＲＰシフトクエスト≫
狼藉の黒紫【成長・上】{j}イャンガルルガ１頭の狩猟{j}なし{j}なし{j}メインターゲットの達成{j}報酬金ゼロ
タイムアップ{j}大老殿ギルド{j}≪ＨＲＰシフトクエスト≫と
銘打たれたクエストは、報酬
ゼニーが安いですが、その分
多くのＨＲＰを得られる素敵
なクエストです。
より高みを目指したい狩人の
皆さん、奮ってご参加くださ
いね！",
2082,"≪Ｚシフトクエスト≫
狼藉の黒紫【金策・上】{j}イャンガルルガ１頭の狩猟{j}なし{j}なし{j}メインターゲットの達成{j}報酬金ゼロ
タイムアップ{j}大老殿ギルド{j}≪Ｚシフトクエスト≫と銘打
たれたクエストは、得られる
ＨＲＰは少ないですが、その
分、多くのゼニーを得られる
豪華なクエストです。
装備を整えたい狩人の皆さん
どしどし受注をどうぞ！",
2083,"≪ＨＲＰシフトクエスト≫
金色の猛者【成長・上】{j}ラージャン１頭の狩猟{j}なし{j}なし{j}メインターゲットの達成{j}報酬金ゼロ
タイムアップ{j}大老殿ギルド{j}≪ＨＲＰシフトクエスト≫と
銘打たれたクエストは、報酬
ゼニーが安いですが、その分
多くのＨＲＰを得られる素敵
なクエストです。
より高みを目指したい狩人の
皆さん、奮ってご参加くださ
いね！",
2084,"≪Ｚシフトクエスト≫
金色の猛者【金策・上】{j}ラージャン１頭の狩猟{j}なし{j}なし{j}メインターゲットの達成{j}報酬金ゼロ
タイムアップ{j}大老殿ギルド{j}≪Ｚシフトクエスト≫と銘打
たれたクエストは、得られる
ＨＲＰは少ないですが、その
分、多くのゼニーを得られる
豪華なクエストです。
装備を整えたい狩人の皆さん
どしどし受注をどうぞ！",
2085,"≪密林探索≫
密林を裂く豪雨{j}クシャルダオラ１体の討伐{j}なし{j}なし{j}メインターゲットの達成{j}報酬金ゼロ
タイムアップ{j}大衆酒場ギルド{j}古龍クシャルダオラは今まで
狩猟してきたモンスターとは
まったく異質…、その存在力
は雨を嵐に変えるほどです。
捕獲なんて無理なことは考え
ないで慎重かつ着実に攻撃を
重ねるしかないと思います！",
2086,"≪密林探索≫
密林を裂く豪雨{j}クシャルダオラ１体の討伐{j}なし{j}なし{j}メインターゲットの達成{j}報酬金ゼロ
タイムアップ{j}大衆酒場ギルド{j}古龍クシャルダオラは今まで
狩猟してきたモンスターとは
まったく異質…、その存在力
は雨を嵐に変えるほどです。
捕獲なんて無理なことは考え
ないで慎重かつ着実に攻撃を
重ねるしかないと思います！",
2087,"≪密林探索≫
濃き森の幻影{j}オオナズチ１体の討伐{j}なし{j}なし{j}メインターゲットの達成{j}報酬金ゼロ
タイムアップ{j}大衆酒場ギルド{j}オオナズチは古龍種の中でも
異端視されている存在です。
密林の雨は彼に味方するよう
に激しさを増すでしょう…。
捕獲なんて無理なことは考え
ないで慎重かつ着実に攻撃を
重ねるしかないと思います！",
2088,"≪密林探索≫
濃き森の幻影{j}オオナズチ１体の討伐{j}なし{j}なし{j}メインターゲットの達成{j}報酬金ゼロ
タイムアップ{j}大衆酒場ギルド{j}オオナズチは古龍種の中でも
異端視されている存在です。
密林の雨は彼に味方するよう
に激しさを増すでしょう…。
捕獲なんて無理なことは考え
ないで慎重かつ着実に攻撃を
重ねるしかないと思います！",
2089,"≪砂漠探索≫
砂の嵐を呼びし龍{j}クシャルダオラ１体の討伐{j}なし{j}なし{j}メインターゲットの達成{j}報酬金ゼロ
タイムアップ{j}大衆酒場ギルド{j}古龍クシャルダオラは今まで
狩猟してきたモンスターとは
まったく異質…、自分の無力
さを知ることになるかも…。
捕獲なんて無理なことは考え
ないで慎重かつ着実に攻撃を
重ねるしかないと思います！",
2090,"≪砂漠探索≫
砂の嵐を呼びし龍{j}クシャルダオラ１体の討伐{j}なし{j}なし{j}メインターゲットの達成{j}報酬金ゼロ
タイムアップ{j}大衆酒場ギルド{j}古龍クシャルダオラは今まで
狩猟してきたモンスターとは
まったく異質…、自分の無力
さを知ることになるかも…。
捕獲なんて無理なことは考え
ないで慎重かつ着実に攻撃を
重ねるしかないと思います！",
2091,"≪砂漠探索≫
熱砂を焼く業炎{j}テオ・テスカトル１体の討伐{j}なし{j}なし{j}メインターゲットの達成{j}報酬金ゼロ
タイムアップ{j}大衆酒場ギルド{j}炎王龍テオ・テスカトルは炎
の化身とも云われる古龍で、
ケタ違いの威圧感と強暴性は
他のモンスターとは別格…。
捕獲なんて無理なことは考え
ないで慎重かつ着実に攻撃を
重ねるしかないと思います！",
2092,"≪砂漠探索≫
熱砂を焼く業炎{j}テオ・テスカトル１体の討伐{j}なし{j}なし{j}メインターゲットの達成{j}報酬金ゼロ
タイムアップ{j}大衆酒場ギルド{j}炎王龍テオ・テスカトルは炎
の化身とも云われる古龍で、
ケタ違いの威圧感と強暴性は
他のモンスターとは別格…。
捕獲なんて無理なことは考え
ないで慎重かつ着実に攻撃を
重ねるしかないと思います！",
2093,"≪沼地探索≫
サイレント{j}オオナズチ１体の討伐{j}なし{j}なし{j}メインターゲットの達成{j}報酬金ゼロ
タイムアップ{j}大衆酒場ギルド{j}オオナズチは古龍種の中でも
異端視されている存在です。
姿無きところから姿を現わし
熟練の狩人でも手に負えない。
捕獲なんて無理なことは考え
ないで慎重かつ着実に攻撃を
重ねるしかないと思います！",
2094,"≪沼地探索≫
サイレント{j}オオナズチ１体の討伐{j}なし{j}なし{j}メインターゲットの達成{j}報酬金ゼロ
タイムアップ{j}大衆酒場ギルド{j}オオナズチは古龍種の中でも
異端視されている存在です。
姿無きところから姿を現わし
熟練の狩人でも手に負えない。
捕獲なんて無理なことは考え
ないで慎重かつ着実に攻撃を
重ねるしかないと思います！",
2095,"≪沼地探索≫
炎王龍テオ・テスカトル{j}テオ・テスカトル１体の討伐{j}なし{j}なし{j}メインターゲットの達成{j}報酬金ゼロ
タイムアップ{j}大衆酒場ギルド{j}炎王龍テオ・テスカトルは炎
の化身とも云われる古龍。
炎をまといしその姿は近づく
だけでその者の命を削る…。
捕獲なんて無理なことは考え
ないで慎重かつ着実に攻撃を
重ねるしかないと思います！",
2096,"≪沼地探索≫
炎王龍テオ・テスカトル{j}テオ・テスカトル１体の討伐{j}なし{j}なし{j}メインターゲットの達成{j}報酬金ゼロ
タイムアップ{j}大衆酒場ギルド{j}炎王龍テオ・テスカトルは炎
の化身とも云われる古龍。
炎をまといしその姿は近づく
だけでその者の命を削る…。
捕獲なんて無理なことは考え
ないで慎重かつ着実に攻撃を
重ねるしかないと思います！",
2097,"≪雪山探索≫
雪原を駆ける幻獣{j}キリン１頭の討伐{j}ギルドフラッグを山頂に設置{j}なし{j}メインターゲット、もしくは
サブターゲットＡの達成{j}報酬金ゼロ
タイムアップ{j}大衆酒場ギルド{j}古龍種に属される≪キリン≫
は、特定の生息域を持たない
うえにその個体数の少なさか
ら≪幻獣≫とも呼ばれる生き
物です。雪山に行くなら山頂
にウチの≪ギルドフラッグ≫
を立ててきてくださいね♪",
2098,"≪雪山探索≫
雪原を駆ける幻獣{j}キリン１頭の討伐{j}秘密のポーチ６個の納品{j}なし{j}メインターゲット、もしくは
サブターゲットＡの達成{j}報酬金ゼロ
タイムアップ{j}大衆酒場ギルド{j}古龍種に属される≪キリン≫
は、雷を自在にあやつるさま
から≪幻獣≫と呼ばれる生き
物です。アイテムを≪メラル
ー≫に奪われたら焦らず取り
返しましょう！逆にポーチを
拾えるかも知れないですよ？",
2099,"≪雪山探索≫
吹雪の召喚者{j}クシャルダオラ１体の討伐{j}クシャルダオラの尻尾切断{j}なし{j}メインターゲット、もしくは
サブターゲットＡの達成{j}報酬金ゼロ
タイムアップ{j}大衆酒場ギルド{j}古龍クシャルダオラは今まで
狩猟してきたモンスターとは
まったく異質、その存在力は
雪原を吹雪に変えるほど…。
捕獲なんて無理なことは考え
ないで慎重かつ着実に攻撃を
重ねるしかないと思います！",
2100,"≪雪山探索≫
吹雪の召喚者{j}クシャルダオラ１体の討伐{j}クシャルダオラの尻尾切断{j}なし{j}メインターゲット、もしくは
サブターゲットＡの達成{j}報酬金ゼロ
タイムアップ{j}大衆酒場ギルド{j}古龍クシャルダオラは今まで
狩猟してきたモンスターとは
まったく異質、その存在力は
雪原を吹雪に変えるほど…。
捕獲なんて無理なことは考え
ないで慎重かつ着実に攻撃を
重ねるしかないと思います！",
2101,"≪火山探索≫
炎国の王{j}テオ・テスカトル１体の討伐{j}テオ・テスカトルの尻尾切断{j}なし{j}メインターゲット、もしくは
サブターゲットＡの達成{j}報酬金ゼロ
タイムアップ{j}大衆酒場ギルド{j}炎王龍テオ・テスカトルは炎
の化身とも云われる古龍…。
火山では全ての炎や熱が彼に
味方してるって話です…。
捕獲なんて無理なことは考え
ないで慎重かつ着実に攻撃を
重ねるしかないと思います！",
2102,"≪火山探索≫
炎国の王{j}テオ・テスカトル１体の討伐{j}テオ・テスカトルの尻尾切断{j}なし{j}メインターゲット、もしくは
サブターゲットＡの達成{j}報酬金ゼロ
タイムアップ{j}大衆酒場ギルド{j}炎王龍テオ・テスカトルは炎
の化身とも云われる古龍…。
火山では全ての炎や熱が彼に
味方してるって話です…。
捕獲なんて無理なことは考え
ないで慎重かつ着実に攻撃を
重ねるしかないと思います！",
2103,"≪古塔探索≫
古塔を撃つ落雷{j}キリン１頭の討伐{j}なし{j}なし{j}メインターゲットの達成{j}報酬金ゼロ
タイムアップ{j}大衆酒場ギルド{j}この地の彼方に眠る、謎多き
未開の地≪古塔≫に、幻獣
≪キリン≫が現れたようです！
古塔へはいつでも行けるわけ
じゃなく、天候や気候を始め
とする環境が安定してる期間
だけです。頑張って下さい！",
2104,"≪古塔探索≫
古塔を撃つ落雷{j}キリン１頭の討伐{j}なし{j}なし{j}メインターゲットの達成{j}報酬金ゼロ
タイムアップ{j}大衆酒場ギルド{j}この地の彼方に眠る、謎多き
未開の地≪古塔≫に、幻獣
≪キリン≫が現れたようです！
古塔へはいつでも行けるわけ
じゃなく、天候や気候を始め
とする環境が安定してる期間
だけです。頑張って下さい！",
2105,"≪新人用クエスト≫
ランポス討伐！{j}ランポス３頭の討伐{j}なし{j}なし{j}メインターゲットの達成{j}報酬金ゼロ
タイムアップ{j}大衆酒場ギルド{j}≪ランポス≫は青い鱗を持つ
小型の肉食獣の鳥竜種です。
動きが速くて、なれないうち
は攻撃が当てづらいかも･･･。
でも、閃光玉で目をくらませ
てしまえば、足も止まるはず。
あせらず、一歩ずつがんばっ
ていきましょう。",
2106,"≪新人用クエスト≫
ヤオザミ討伐！{j}ヤオザミ３匹の討伐{j}なし{j}なし{j}メインターゲットの達成{j}報酬金ゼロ
タイムアップ{j}大衆酒場ギルド{j}≪ヤオザミ≫は堅い殻を持つ
小型の甲殻種です。
地中に潜んでいて、近づくと
ザックリやられることもある
ので、地面から砂煙が上がっ
ているところは要注意です。
音に弱いので、音爆弾を投げ
つければ、楽に戦えますよ！",
2107,"≪新人用クエスト≫
コンガ討伐！{j}コンガ３頭の討伐{j}なし{j}なし{j}メインターゲットの達成{j}報酬金ゼロ
タイムアップ{j}大衆酒場ギルド{j}≪コンガ≫は桃色の毛を持つ
小型の牙獣種です。
背を向けて訝しげな動きをし
たら、おなら攻撃の前兆なの
で要注意です！
おなら攻撃に当たると、しば
らくアイテムが使えなります
ので、気をつけて下さいね！",
2108,"≪新人用クエスト≫
ブルファンゴ討伐！{j}ブルファンゴ３頭の討伐{j}なし{j}なし{j}メインターゲットの達成{j}報酬金ゼロ
タイムアップ{j}大衆酒場ギルド{j}≪ブルファンゴ≫は大きな牙
を持つ、小型の牙獣種です。
目標に向かって、ひたすら突
進あるのみ、という、ちょっ
とやっかいな敵ですね。
攻撃をひきつけて、回避行動
で避けたら、後を追いかけて
やっつけちゃいましょう。",
2109,"≪新人用クエスト≫
ゲネポス討伐！{j}ゲネポス３頭の討伐{j}なし{j}なし{j}メインターゲットの達成{j}報酬金ゼロ
タイムアップ{j}大衆酒場ギルド{j}≪ゲネポス≫は、砂漠に住む
≪ランポス≫に似た、小型の
肉食獣の鳥竜種です。
攻撃されると、麻痺すること
があります。麻痺してしまう
と、一定時間無防備にダウン
しちゃうことになりますので
要注意です！",
2110,"≪新人用クエスト≫
イーオス討伐！{j}イーオス３頭の討伐{j}なし{j}なし{j}メインターゲットの達成{j}報酬金ゼロ
タイムアップ{j}大衆酒場ギルド{j}≪イーオス≫は≪ランポス≫
に似た、小型の肉食獣の鳥竜
種です。
毒を吐く攻撃をすることがあ
って、これに当たると、毒で
徐々に体力を奪われます。
毒を受けたら、≪解毒薬≫を
使って解毒してくださいね。
",
2111,"≪新人用クエスト≫
ドスランポスとは･･･？{j}ドスランポス１頭の狩猟{j}なし{j}なし{j}メインターゲットの達成{j}報酬金ゼロ
タイムアップ{j}大衆酒場ギルド{j}≪ドスランポス≫は、≪ラン
ポス≫たちの群れのボスで、
≪ランポス≫より、ひとまわ
り大きな体と、立派なトサカ
が特徴です。
大きくてタフな≪ランポス≫
と考えて、ビシバシ攻撃して
やっつけちゃいましょう！",
2112,"≪新人用クエスト≫
狩猟！ドスランポス{j}ドスランポス１頭の狩猟{j}なし{j}なし{j}メインターゲットの達成{j}報酬金ゼロ
タイムアップ{j}大衆酒場ギルド{j}さて、それでは実戦です！
密林で、≪ドスランポス≫を
探して狩猟してみましょう！
野生で出会った≪ドスランポ
ス≫は、体力を消耗すると、
隣のエリアへ逃げて体力を回
復してしまうことがあります
ので、気をつけてくださいね。",
2113,"≪新人用クエスト≫
ドスファンゴとは･･･？{j}ドスファンゴ１頭の狩猟{j}なし{j}なし{j}メインターゲットの達成{j}報酬金ゼロ
タイムアップ{j}大衆酒場ギルド{j}≪ドスファンゴ≫は、≪ファ
ンゴ≫たちの群れのボスで、
≪ファンゴ≫より、ひとまわ
り大きな体と、大きな牙が特
徴です。
やっぱり、猪突猛進な相手に
なりますので、≪ファンゴ≫
と同じように戦いましょう！",
2114,"≪新人用クエスト≫
狩猟！ドスファンゴ{j}ドスファンゴ１頭の狩猟{j}なし{j}なし{j}メインターゲットの達成{j}報酬金ゼロ
タイムアップ{j}大衆酒場ギルド{j}さて、それでは実戦です！
密林で、≪ドスファンゴ≫を
探して狩猟してみましょう！
野生で出会った≪ドスファン
ゴ≫は、体力を消耗すると、
ねぐらに逃げ帰って、眠るこ
とで、体力を回復することが
ありますので要注意ですよ！",
2115,"≪新人用クエスト≫
ドスゲネポスとは･･･？{j}ドスゲネポス１頭の狩猟{j}なし{j}なし{j}メインターゲットの達成{j}報酬金ゼロ
タイムアップ{j}大衆酒場ギルド{j}≪ドスゲネポス≫は、≪ゲネ
ポス≫たちの群れのボスで、
やっぱり≪ゲネポス≫よりも
ひとまわり大きいです。
≪ドスランポス≫よりも怯み
づらい敵なので、欲張って攻
撃したら、反撃されますよ。
麻痺攻撃にも要注意です！
",
2116,"≪新人用クエスト≫
狩猟！ドスゲネポス{j}ドスゲネポス１頭の狩猟{j}なし{j}なし{j}メインターゲットの達成{j}報酬金ゼロ
タイムアップ{j}大衆酒場ギルド{j}さて、それでは実戦です！
砂漠で、≪ドスゲネポス≫を
探して狩猟してみましょう！
砂漠の夜は、寒いので、≪ホ
ットドリンク≫を飲まないと
凍えちゃって、スタミナ上限
が減っていくので注意です。",
2117,"≪新人用クエスト≫
ドスイーオスとは･･･？{j}ドスイーオス１頭の狩猟{j}なし{j}なし{j}メインターゲットの達成{j}報酬金ゼロ
タイムアップ{j}大衆酒場ギルド{j}≪ドスイーオス≫は、≪イー
オス≫たちの群れのボスで、
≪イーオス≫より、ひとまわ
り大きな体と、紫色のトサカ
が特徴です。
これまでの応用で十分戦える
相手ですが、強力な毒を吐き
ますので、そこは要注意です。",
2118,"≪新人用クエスト≫
狩猟！ドスイーオス{j}ドスイーオス１頭の狩猟{j}なし{j}なし{j}メインターゲットの達成{j}報酬金ゼロ
タイムアップ{j}大衆酒場ギルド{j}さて、それでは実戦です！
沼地で、≪ドスイーオス≫を
探して狩猟してみましょう！
沼地は夜になると、地面から
毒が発生する場所があるので
今回は、昼間での実戦にしま
しょうね。
がんばってきて下さい！",
2119,"≪新人用クエスト≫
イャンクックとは･･･？{j}イャンクック１頭の狩猟{j}なし{j}なし{j}メインターゲットの達成{j}報酬金ゼロ
タイムアップ{j}大衆酒場ギルド{j}≪イャンクック≫は飛竜のよ
うな形をした鳥竜種で、大き
な耳とアゴが特徴的です。
大きな耳を持つだけに、大き
な音には弱くて怯むのですが
その後は怒って強くなるので
注意が必要です。",
2120,"≪新人用クエスト≫
狩猟！イャンクック{j}イャンクック１頭の狩猟{j}なし{j}なし{j}メインターゲットの達成{j}報酬金ゼロ
タイムアップ{j}大衆酒場ギルド{j}さて、それでは実戦です！
密林で、≪イャンクック≫を
探して狩猟してみましょう！
攻撃をよーく観察・研究する
ことが、狩猟成功のコツ！
例えば、尻尾は半時計まわり
しか･･･とかですね。
観察と研究は重要ですよ！
",
2121,"≪新人用クエスト≫
肉食竜の卵１個を納品せよ！{j}肉食竜の卵１個の納品{j}なし{j}なし{j}メインターゲットの達成{j}報酬金ゼロ
タイムアップ{j}大衆酒場ギルド{j}≪肉食竜の卵≫など、卵系の
多くは、骨が散らばる片隅や
段差の上に見つけることがで
きます。
≪肉食竜の卵≫を見つけたら
キャンプの赤い箱まで運搬、
納品をお願いします。",
2122,"≪ハンターの基本≫
ハンターの基本の基本{j}生肉２個の納品{j}なし{j}なし{j}メインターゲットの達成{j}報酬金ゼロ
タイムアップ{j}教官{j}我輩だ。教官だ！
よくぞこの≪クエスト確認≫
に目を通したな！ナイスだ！
どのクエストでも、ここには
クエストクリアに欠かせない
重要ヒントが書かれている。
必ず読むようにするのだぞ！",
2123,"≪ハンターの基本≫
肉焼きの極意{j}こんがり肉１個の納品{j}なし{j}なし{j}メインターゲットの達成{j}報酬金ゼロ
タイムアップ{j}教官{j}我輩だ。教官だ！
この≪クエスト確認≫欄には
クエストの受注に必要なお金
≪契約金≫や、クリアの際に
もらえる≪報酬金≫、さらに
クエストの目的や制限時間と
重要事項が目白押しだぞ！",
2124,"≪ハンターの基本≫
アイテム採取の極意{j}ハチミツ２個の納品{j}なし{j}なし{j}メインターゲットの達成{j}報酬金ゼロ
タイムアップ{j}教官{j}我輩だ。教官だ！
うむ。よくぞここを見たな。
どのクエストに行くときも、
この項目はしっかり確認だ。
さて、今回は≪ハチミツ≫を
探すクエストだ。ハチの巣を
見つければ、蜜を取れるぞ！",
2125,"≪ハンターの基本≫
調合の極意{j}回復薬１個の納品{j}なし{j}なし{j}メインターゲットの達成{j}報酬金ゼロ
タイムアップ{j}教官{j}我輩だ。教官だ！
調合には、成功確率なるもの
があるぞ。例え失敗しても、
あきらめずに繰り返すのだ！
≪ＳＴＡＲＴメニュー≫内の
各種情報→調合リストの中に
調合レシピが並んでいくぞ！",
2126,"≪ハンターの基本≫
釣りの極意{j}サシミウオ１匹の納品{j}なし{j}なし{j}メインターゲットの達成{j}報酬金ゼロ
タイムアップ{j}教官{j}我輩だ。教官だ！
≪釣りポイント≫にいる魚は
場所によって異なる。必要な
魚が釣れた所は、覚えておく
ようにするといいぞ。また、
季節によっても、魚の種類は
変わるのだ。大自然の神秘！",
2127,"≪ハンターの基本≫
片手剣の極意{j}ランポス５頭の討伐{j}なし{j}なし{j}メインターゲットの達成{j}報酬金ゼロ
タイムアップ{j}教官{j}我輩だ。教官だ！
このクエストでは、クリアの
条件がランポス５頭の討伐と
なっている。ひと通り武器の
操作を覚えたら、肩慣らしに
いっちょ戦ってみるがいい！
青い鱗を目印に探すのだぞ！",
2128,"≪ハンターの基本≫
大剣の極意{j}ランポス５頭の討伐{j}なし{j}なし{j}メインターゲットの達成{j}報酬金ゼロ
タイムアップ{j}教官{j}我輩だ。教官だ！
このクエストでは、クリアの
条件がランポス５頭の討伐と
なっている。ひと通り武器の
操作を覚えたら、肩慣らしに
いっちょ戦ってみるがいい！
青い鱗を目印に探すのだぞ！",
2129,"≪ハンターの基本≫
ハンマーの極意{j}ランポス５頭の討伐{j}なし{j}なし{j}メインターゲットの達成{j}報酬金ゼロ
タイムアップ{j}教官{j}我輩だ。教官だ！
このクエストでは、クリアの
条件がランポス５頭の討伐と
なっている。ひと通り武器の
操作を覚えたら、肩慣らしに
いっちょ戦ってみるがいい！
青い鱗を目印に探すのだぞ！",
2130,"≪ハンターの基本≫
ランスの極意{j}ランポス５頭の討伐{j}なし{j}なし{j}メインターゲットの達成{j}報酬金ゼロ
タイムアップ{j}教官{j}我輩だ。教官だ！
このクエストでは、クリアの
条件がランポス５頭の討伐と
なっている。ひと通り武器の
操作を覚えたら、肩慣らしに
いっちょ戦ってみるがいい！
青い鱗を目印に探すのだぞ！",
2131,"≪ハンターの基本≫
双剣の極意{j}ランポス５頭の討伐{j}なし{j}なし{j}メインターゲットの達成{j}報酬金ゼロ
タイムアップ{j}教官{j}我輩だ。教官だ！
このクエストでは、クリアの
条件がランポス５頭の討伐と
なっている。ひと通り武器の
操作を覚えたら、肩慣らしに
いっちょ戦ってみるがいい！
青い鱗を目印に探すのだぞ！",
2132,"≪ハンターの基本≫
太刀の極意{j}ランポス５頭の討伐{j}なし{j}なし{j}メインターゲットの達成{j}報酬金ゼロ
タイムアップ{j}教官{j}我輩だ。教官だ！
このクエストでは、クリアの
条件がランポス５頭の討伐と
なっている。ひと通り武器の
操作を覚えたら、肩慣らしに
いっちょ戦ってみるがいい！
青い鱗を目印に探すのだぞ！",
2133,"≪ハンターの基本≫
狩猟笛の極意{j}ランポス５頭の討伐{j}なし{j}なし{j}メインターゲットの達成{j}報酬金ゼロ
タイムアップ{j}教官{j}我輩だ。教官だ！
このクエストでは、クリアの
条件がランポス５頭の討伐と
なっている。ひと通り武器の
操作を覚えたら、肩慣らしに
いっちょ戦ってみるがいい！
青い鱗を目印に探すのだぞ！",
2134,"≪ハンターの基本≫
ガンランスの極意{j}ランポス５頭の討伐{j}なし{j}なし{j}メインターゲットの達成{j}報酬金ゼロ
タイムアップ{j}教官{j}我輩だ。教官だ！
このクエストでは、クリアの
条件がランポス５頭の討伐と
なっている。ひと通り武器の
操作を覚えたら、肩慣らしに
いっちょ戦ってみるがいい！
青い鱗を目印に探すのだぞ！",
2135,"≪ハンターの基本≫
ライトボウガンの極意{j}ランポス５頭の討伐{j}なし{j}なし{j}メインターゲットの達成{j}報酬金ゼロ
タイムアップ{j}教官{j}我輩だ。教官だ！
このクエストでは、クリアの
条件がランポス５頭の討伐と
なっている。ひと通り武器の
操作を覚えたら、肩慣らしに
いっちょ戦ってみるがいい！
青い鱗を目印に探すのだぞ！",
2136,"≪ハンターの基本≫
ヘビィボウガンの極意{j}ランポス５頭の討伐{j}なし{j}なし{j}メインターゲットの達成{j}報酬金ゼロ
タイムアップ{j}教官{j}我輩だ。教官だ！
このクエストでは、クリアの
条件がランポス５頭の討伐と
なっている。ひと通り武器の
操作を覚えたら、肩慣らしに
いっちょ戦ってみるがいい！
青い鱗を目印に探すのだぞ！",
2137,"≪ハンターの基本≫
弓の極意{j}ランポス５頭の討伐{j}なし{j}なし{j}メインターゲットの達成{j}報酬金ゼロ
タイムアップ{j}教官{j}我輩だ。教官だ！
このクエストでは、クリアの
条件がランポス５頭の討伐と
なっている。ひと通り武器の
操作を覚えたら、肩慣らしに
いっちょ戦ってみるがいい！
青い鱗を目印に探すのだぞ！",
2138,"≪ハンターの基本≫
卵ドロボウの極意{j}肉食竜の卵１個の納品{j}なし{j}なし{j}メインターゲットの達成{j}報酬金ゼロ
タイムアップ{j}教官{j}我輩だ。教官だ！
卵を持っているときに攻撃を
受けると、卵は割れてしまう
のだ。方向キーを使って視点
を動かし、周囲に気を配れ！
さらに、スタミナが切れても
落っことしてしまうからな！",
2139,"≪ハンターの基本≫
狩猟の極意{j}ドスランポス１頭の狩猟{j}なし{j}なし{j}メインターゲットの達成{j}報酬金ゼロ
タイムアップ{j}教官{j}我輩だ。教官だ！
≪ドスランポス≫との戦いが
始まるぞ！支給したアイテム
を駆使し、全力で狩猟せよ！
討伐に慣れたら、≪捕獲≫の
練習もしておくのだ。捕獲を
知れば狩りの幅が広がるぞ！",
2140,"≪古塔探索≫
金一哭{j}リオレイア希少種１頭の狩猟{j}主目標への一定ダメージ{j}なし{j}メインターゲット、もしくは
サブターゲットＡの達成{j}報酬金ゼロ
タイムアップ{j}大老殿ギルド{j}新しいサブターゲットの実験
に協力してくれない…？
≪リオレイア≫希少種への
『一定ダメージ』の達成は、
こちらで判断するから、あな
たはメインの達成に専念して
くれればいいわ…。
どう？受けてくれるかしら？",
2141,"≪古塔探索≫
銀一哭{j}リオレウス希少種１頭の狩猟{j}主目標への一定ダメージ{j}なし{j}メインターゲット、もしくは
サブターゲットＡの達成{j}報酬金ゼロ
タイムアップ{j}大老殿ギルド{j}新しいサブターゲットの実験
に協力してくれない…？
≪リオレウス≫希少種への
『一定ダメージ』の達成は、
こちらで判断するから、あな
たはメインの達成に専念して
くれればいいわ…。
どう？受けてくれるかしら？",
2142,"≪雪山探索≫
迫り来る大顎{j}ティガレックス１頭の狩猟{j}主目標への一定ダメージ{j}なし{j}メインターゲット、もしくは
サブターゲットＡの達成{j}報酬金ゼロ
タイムアップ{j}大老殿ギルド{j}新しいサブターゲットの実験
に協力してくれない…？
≪ティガレックス≫への『一
定ダメージ』の達成は、こち
らで判断するから、あなたは
メインの達成に専念してくれ
ればいいわ…。
どう？受けてくれるかしら？",
2143,"≪雪山探索≫
寒冷地の運び屋{j}肉食竜の卵８個の納品{j}なし{j}なし{j}メインターゲットの達成{j}報酬金ゼロ
タイムアップ{j}大老殿ギルド{j}運搬納品も、ハンターの立派
な仕事…。ギルドでは、運び
専門のハンターもしっかりサ
ポートしているの。
段差の多い雪山は、運び屋の
腕の見せ所ね。",
2144,"≪密林探索≫
蟹や魚竜の舞い踊り{j}ダイミョウザザミ１匹の狩猟{j}ガノトトス１頭の狩猟{j}なし{j}マストオーダー全ての達成{j}報酬金ゼロ
タイムアップ{j}大老殿ギルド{j}盾蟹と魚竜だなんて、めずら
しい組み合わせが、密林で発
見されているわ。
水棲のモンスターが一度にい
ただける、上級ハンターには
うれしいクエストになってい
るようね。
挑戦してみたらどうかしら。",
2145,"≪沼地探索≫
猿蟹合戦・沼地編{j}ショウグンギザミ１匹の狩猟{j}ババコンガ１頭の狩猟{j}なし{j}マストオーダー全ての達成{j}報酬金ゼロ
タイムアップ{j}大老殿ギルド{j}今、沼地で、めずらしい顔あ
わせが見られるという報告が
入ったわ。
鎌蟹と、桃毛獣の組み合わせ
だなんて、なかなか見られな
いし、行ってみるのもいいか
もしれないわね。",
2146,"≪エクストラクエスト≫
密林大採取・下位編{j}地図１個の納品{j}なし{j}なし{j}メインターゲットの達成{j}報酬金ゼロ
タイムアップ{j}大衆酒場ギルド{j}おまたせしました。
≪エクストラクエスト≫は、
大衆酒場ギルドより、お送り
いたします。
ギルドの力によって用意され
た、大変穏やかで実り豊かな
フィールドで、たまにはのん
びり採取でもいかがですか？",
2147,"≪エクストラクエスト≫
密林大採取・下位編{j}地図１個の納品{j}なし{j}なし{j}メインターゲットの達成{j}報酬金ゼロ
タイムアップ{j}大衆酒場ギルド{j}おまたせしました。
≪エクストラクエスト≫は、
大衆酒場ギルドより、お送り
いたします。
ギルドの力によって用意され
た、大変穏やかで実り豊かな
フィールドで、たまにはのん
びり採取でもいかがですか？",
2148,"≪エクストラクエスト≫
密林大採取・上位編{j}地図１個の納品{j}なし{j}なし{j}メインターゲットの達成{j}報酬金ゼロ
タイムアップ{j}大衆酒場ギルド{j}おまたせしました。
≪エクストラクエスト≫は、
大衆酒場ギルドより、お送り
いたします。
ギルドの力によって用意され
た、大変穏やかで実り豊かな
フィールドで、たまにはのん
びり採取でもいかがですか？",
2149,"≪エクストラクエスト≫
密林大採取・上位編{j}地図１個の納品{j}なし{j}なし{j}メインターゲットの達成{j}報酬金ゼロ
タイムアップ{j}大衆酒場ギルド{j}おまたせしました。
≪エクストラクエスト≫は、
大衆酒場ギルドより、お送り
いたします。
ギルドの力によって用意され
た、大変穏やかで実り豊かな
フィールドで、たまにはのん
びり採取でもいかがですか？",
2150,"≪密林探索≫
エッグドリーム！{j}飛竜の卵３個の納品{j}肉食竜の卵４個の納品{j}なし{j}メインターゲット、もしくは
サブターゲットＡの達成{j}報酬金ゼロ
タイムアップ{j}大衆酒場{j}季節は繁殖期！舞台となる夜
の密林でモンスターたちの卵
を採取して納品せよ！
報酬で金や銀のタマゴが入手
できれば高額で売却が可能！
一獲千金を狙うハンターたち
はもれなくご参加ください！",
2151,"≪闘技場戦≫
アイルーメラルー闘技場！{j}アイルー２０匹の討伐{j}メラルー４０匹の討伐{j}なし{j}メインターゲットもしくは
サブターゲットＡの達成{j}報酬金ゼロ
タイムアップ{j}闘技場の主催者{j}アイルーとメラルーが待ち受
ける闘技場に、ドスランポス
２頭までもが迷い込んだ！！
メインターゲットはアイルー
２０匹の討伐となるが、サブ
ターゲットのメラルー４０匹
討伐を満たせば豪華報酬が！？",
2152,"≪樹海探索≫
ランゴスタ大発生{j}ランゴスタ４０匹の討伐{j}ランゴスタ１０匹の討伐{j}なし{j}メインターゲット、もしくは
サブターゲットＡの達成{j}報酬金ゼロ
タイムアップ{j}疲れ顔の冒険家{j}未開の地に広大な樹海を発見
したんだ。足を踏み入れると
ランゴスタの大群さ！
逃げるのに必死で荷物を残し
てきてしまった。大事な荷物
なんだ！誰かあの大群を追い
払ってくれないか！
",
2153,"≪樹海探索≫
カンタロス大発生{j}カンタロス４０匹の討伐{j}カンタロス１０匹の討伐{j}なし{j}メインターゲット、もしくは
サブターゲットＡの達成{j}報酬金ゼロ
タイムアップ{j}疲れ顔の冒険家{j}五月蝿いあいつらがいなく
なったと思ったら、今度は
足元を埋め尽くさんばかりの
カンタロスの大群！
大事な荷物を残してきたまま
なんだ！誰かあいつらを追い
払ってくれよ！
",
2154,"≪密林探索≫
黒狼鳥の強襲！{j}イャンガルルガ１頭の狩猟{j}なし{j}なし{j}メインターゲットの達成{j}報酬金ゼロ
タイムアップ{j}孤高のハンター{j}ドンドルマの街を拠点にして
る狩人たちへ、至高の狩りを
続けるこのオレが貴重な情報
を与えてやろう。
オレと同じく誇り高き一匹狼
黒狼鳥≪イャンガルルガ≫の
居場所だ！！超凶暴な相手だ
ぞ！挑んでみるか？",
2155,"≪樹海探索≫
魔窟の王{j}チャチャブー３０匹の討伐{j}チャチャブー１５匹の討伐{j}なし{j}メインターゲット、もしくは
サブターゲットＡの達成{j}報酬金ゼロ
タイムアップ{j}満身創痍のハンター{j}前回の失敗を踏まえ、俺たち
は再びあの地へと向かった。
準備は万全…のはずだった。
あいつが現れるまでは、順調
だったんだ。頭に火の灯った
ヤツが現れるまでは…。
今回もまだ残された仲間がい
る。頼む、手を貸してくれ！",
2156,"≪樹海探索≫
陸戦女王、再び{j}リオレイア１頭の狩猟{j}リオレイアの頭部破壊{j}リオレイアの尻尾切断{j}メインターゲット、もしくは
サブターゲットＡ、Ｂの達成{j}報酬金ゼロ
タイムアップ{j}先代ギルドマスター{j}おぬしらの活躍によって収束
したと思われた、樹海に棲ま
う飛竜の件じゃが、またして
も被害報告が増加しておる。
すまぬが、いま一度樹海に向
かい、飛竜の狩猟に当たって
くれ。
期待しておるぞ。",
2157,"≪砂漠探索≫
求めよ！鉄鉱石！{j}アプケロス１３頭の討伐{j}アプケロス６頭の討伐{j}なし{j}メインターゲット、もしくは
サブターゲットＡの達成{j}報酬金ゼロ
タイムアップ{j}大衆酒場ギルド{j}装備を調えるには、
何かと必要な鉄鉱石。
いざ、という時に
「あ！足りない！」なんてこ
と、よくありませんか？
このクエストでは、
メインターゲットを達成され
た方に、最低でも７つの
鉄鉱石を進呈しますよ！",
2158,"≪密林探索≫
癒しの密林{j}ケルビの角６個の納品{j}ケルビの皮２個の納品{j}ケルビ１２頭の討伐{j}マストオーダー全ての達成{j}報酬金ゼロ
タイムアップ{j}駆け出しの調合師{j}今、僕が研究している薬の
素材調達をお願いします。
マストオーダー全てを達成
した暁には、僕のところに
余っている≪回復薬≫の素材
を差し上げます！
どうぞ好きなだけ調合して
ください！
",
2159,"≪樹海探索≫
追加発注、樹海の卵{j}飛竜の卵６個の納品{j}リオレイア１頭の狩猟{j}モンスターエッグ６個の納品{j}メインターゲット、もしくは
サブターゲットＡ、Ｂの達成{j}報酬金ゼロ
タイムアップ{j}広場の街医者{j}傷つき、病に苦しむ患者には
滋味ある食物が必要だ。
せめて、広場の患者だけでも
手厚い医療を施したいが、
まだまだ数が足りない･･･。
ハンター諸君、頼んだぞ。",
2160,"≪森丘探索≫
森丘の特産{j}薬草４個の納品{j}ランポス４頭の討伐{j}なし{j}マストオーダー全ての達成{j}報酬金ゼロ
タイムアップ{j}ギルド専属の情報屋{j}遥かなる大地、≪森丘≫には
大いなる恵みが溢れている。
ＨＲ５１にもなろうって立派
なハンターなら、森丘の恵み
を享受するには、十分な資格
があるんじゃないか？
一度行ってみることをオスス
メするぜ。
",
2161,"≪樹海探索≫
食材屋大繁盛{j}ホワイトレバー４個の納品{j}ケルビ８頭の討伐{j}なし{j}マストオーダー全ての達成{j}報酬金ゼロ
タイムアップ{j}食材屋のおかみ{j}繁殖期はモンスターも活動が
活発になるからハンター達が
食材をたくさん買ってくれて
嬉しいんだけど…仕入れが
追いつかないんだよ。悪い
けど手伝ってくれないかい？
お礼におかみのとっておきの
食材をあげるよ。",
2162,"≪樹海探索≫
食材屋の危機{j}ホワイトレバー４個の納品{j}ケルビ８頭の討伐{j}なし{j}マストオーダー全ての達成{j}報酬金ゼロ
タイムアップ{j}食材屋のおかみ{j}困ったよ。
寒冷期で食材の仕入れが
追いつかないんだよ。
悪いけど仕入れを手伝って
くれないかい？
お礼におかみのとっておきの
食材をあげるよ。",
2163,"≪樹海探索≫
食材屋の依頼{j}ホワイトレバー４個の納品{j}ケルビ８頭の討伐{j}なし{j}マストオーダー全ての達成{j}報酬金ゼロ
タイムアップ{j}食材屋のおかみ{j}温暖期だよ！暑さでバテてな
いかい？温暖期は体力をつけ
る食材がよく売れるんでね、
もうテンテコ舞いだよ！
悪いけど仕入れを手伝って
くれないかい？
お礼におかみのとっておきの
食材をあげるよ。",
2164,"≪密林探索≫
怒りの爆薬{j}イャンクック１頭の狩猟{j}ランポス６頭の討伐{j}なし{j}マストオーダー全ての達成{j}報酬金ゼロ
タイムアップ{j}素材問屋のお嬢様{j}欲しいの！欲しいの！
どおぉ～しても欲しいの！
怪鳥さんの可愛い家具が！
優しい狩人さん！あたしの為
に、たぁくさん狩ってきて！
家の倉庫からくすねてきた
≪爆薬≫の材料をいっぱい
あげちゃうから！
おねがいね！",
2165,"≪火山探索≫
朝飯前{j}燃石炭４個の納品{j}ガミザミ４匹の討伐{j}イーオス４頭の討伐{j}マストオーダー全ての達成{j}報酬金ゼロ
タイムアップ{j}大衆酒場ギルド{j}細々とした仕事は、受注者が
少ないので、ギルドでは心も
ち多めに報酬を用意しました。
採掘のついで･･･で、朝飯前
なこの仕事。オススメです！
ただし、ちゃんとピッケルを
用意していかないと、リタイ
ア確定なので、要注意です！",
2166,"≪火山探索≫
昼飯前{j}燃石炭４個の納品{j}ランゴスタ８匹の討伐{j}イーオス８頭の討伐{j}マストオーダー全ての達成{j}報酬金ゼロ
タイムアップ{j}大老殿ギルド{j}細々とした仕事は、なかなか
受注者はいないものなの･･･。
でも、雑用も立派な仕事。
上位にあがりたてのハンター
には、下積みと採掘を兼ねる
このクエストはオススメよ。
ただし、ピッケルの準備を怠
ると、リタイアは必至よ。",
2167,"≪樹海探索≫
弓取りの備え{j}ランポス６頭の討伐{j}ランポスの牙３個の納品{j}ハチミツ２個の納品{j}マストオーダー全ての達成{j}報酬金ゼロ
タイムアップ{j}大衆酒場ギルド{j}弓を愛用される高ランクなハ
ンターの皆さんにはおなじみ
の品々が、報酬でまとめて入
手可能になりました！
お気楽お手軽なクエストです
ので、パーティ戦の合間に是
非お試しくださいね！",
2168,"≪密林探索≫
元気の源{j}アプトノス６０頭の討伐{j}アプトノス２０頭の討伐{j}なし{j}メインターゲット、もしくは
サブターゲットＡの達成{j}報酬金ゼロ
タイムアップ{j}大衆酒場ギルド{j}今回、皆様への支援として
お肉を調達するのに最適な
≪アプトノス≫の生息域を
ご紹介します。
お肉が不足している方、
チャンスですよ！",
2169,"≪密林探索≫
死闘！激闘！黒狼鳥{j}イャンガルルガ１頭の討伐{j}なし{j}なし{j}メインターゲットの達成{j}報酬金ゼロ
タイムアップ{j}孤高のハンター{j}ドンドルマの狩人たちへ、誇
り高き一匹狼、黒狼鳥≪イャ
ンガルルガ≫に関する情報だ。
オレの予想では、今回の狩り
では、奴は恐らく決死の覚悟
で向かってくる。
討伐こそが、奴の覚悟に報い
る唯一の手段だろうな。",
2170,"≪樹海探索≫
異常発生！ランゴスタ{j}ランゴスタ４０匹の討伐{j}ランゴスタ１０匹の討伐{j}なし{j}メインターゲット、もしくは
サブターゲットＡの達成{j}報酬金ゼロ
タイムアップ{j}疲れ顔の冒険家{j}未開の地に広大な樹海を発見
したんだ。足を踏み入れると
ランゴスタの大群さ！
逃げるのに必死で荷物を残し
てきてしまった。大事な荷物
なんだ！誰かあの大群を追い
払ってくれないか！
",
2171,"≪樹海探索≫
異常発生！カンタロス{j}カンタロス４０匹の討伐{j}カンタロス１０匹の討伐{j}なし{j}メインターゲット、もしくは
サブターゲットＡの達成{j}報酬金ゼロ
タイムアップ{j}疲れ顔の冒険家{j}五月蝿いあいつらがいなくな
ったと思ったら、今度は足元
を埋め尽くさんばかりのカン
タロスの大群！
大事な荷物を残してきたまま
なんだ！誰かあいつらを追い
払ってくれよ！

",
2172,"≪古塔探索≫
忌まわしき群れ{j}ガブラス８頭の討伐{j}なし{j}なし{j}メインターゲットの達成{j}報酬金ゼロ
タイムアップ{j}大老殿ギルド{j}何やら塔に多くのガブラスが
群れ集っておるようじゃ。
奴らは災厄の前触れとも言われ
ておるゆえ、ギルドとしても
捨ててはおけぬ。
ガブラス８頭を討伐し、状況
を確認してきて欲しい。",
2173,"≪砂漠探索≫
黒き角{j}ディアブロス亜種１頭の狩猟{j}なし{j}なし{j}メインターゲットの達成{j}報酬金ゼロ
タイムアップ{j}大老殿ギルド{j}黒ずんだ体色を持つひときわ
恐ろしい容姿のディアブロス
が目撃されたわ。
単体での目撃なだけに、上位
の狩人が後れをとることは、
まずないと思うけど、甘く見
て大怪我なんてしないでね。",
2174,"≪樹海探索≫
眠鳥とネオジムメモ{j}ヒプノック１頭の討伐{j}なし{j}なし{j}メインターゲットの達成{j}報酬金ゼロ
タイムアップ{j}武具工房の親方{j}失われたとされていた、武具
の製造の秘伝を記したメモが
各地で討伐されたモンスター
から見つかってるらしいぜい！
≪ネオジムメモ≫を手に入れ
たら、男一匹！この工房長の
ところに持ってきな！
イイ仕事をしてみせるぜい！",
2175,"≪沼地探索≫
フルフル亜種とネオジムメモ{j}フルフル亜種１頭の討伐{j}なし{j}なし{j}メインターゲットの達成{j}報酬金ゼロ
タイムアップ{j}武具工房の親方{j}失われたとされていた、武具
の製造の秘伝を記したメモが
各地で討伐されたモンスター
から見つかってるらしいぜい！
≪ネオジムメモ≫を手に入れ
たら、男一匹！この工房長の
ところに持ってきな！
イイ仕事をしてみせるぜい！",
2176,"≪火山探索≫
鎧竜とネオジムメモ{j}グラビモス１頭の討伐{j}なし{j}なし{j}メインターゲットの達成{j}報酬金ゼロ
タイムアップ{j}武具工房の親方{j}失われたとされていた、武具
の製造の秘伝を記したメモが
各地で討伐されたモンスター
から見つかってるらしいぜい！
≪ネオジムメモ≫を手に入れ
たら、男一匹！この工房長の
ところに持ってきな！
イイ仕事をしてみせるぜい！",
2177,"≪砂漠探索≫
角竜とネオジムメモ{j}ディアブロス１頭の討伐{j}なし{j}なし{j}メインターゲットの達成{j}報酬金ゼロ
タイムアップ{j}武具工房の親方{j}失われたとされていた、武具
の製造の秘伝を記したメモが
各地で討伐されたモンスター
から見つかってるらしいぜい！
≪ネオジムメモ≫を手に入れ
たら、男一匹！この工房長の
ところに持ってきな！
イイ仕事をしてみせるぜい！",
2178,"≪雪山探索≫
雪獅子とネオジムメモ{j}ドドブランゴ１頭の討伐{j}なし{j}なし{j}メインターゲットの達成{j}報酬金ゼロ
タイムアップ{j}武具工房の親方{j}失われたとされていた、武具
の製造の秘伝を記したメモが
各地で討伐されたモンスター
から見つかってるらしいぜい！
≪ネオジムメモ≫を手に入れ
たら、男一匹！この工房長の
ところに持ってきな！
イイ仕事をしてみせるぜい！",
2179,"≪沼地探索≫
桃毛獣とネオジムメモ{j}ババコンガ１頭の討伐{j}なし{j}なし{j}メインターゲットの達成{j}報酬金ゼロ
タイムアップ{j}武具工房の親方{j}失われたとされていた、武具
の製造の秘伝を記したメモが
各地で討伐されたモンスター
から見つかってるらしいぜい！
≪ネオジムメモ≫を手に入れ
たら、男一匹！この工房長の
ところに持ってきな！
イイ仕事をしてみせるぜい！",
2180,"≪砂漠探索≫
水竜とネオジムメモ{j}ガノトトス１頭の討伐{j}なし{j}なし{j}メインターゲットの達成{j}報酬金ゼロ
タイムアップ{j}武具工房の親方{j}失われたとされていた、武具
の製造の秘伝を記したメモが
各地で討伐されたモンスター
から見つかってるらしいぜい！
≪ネオジムメモ≫を手に入れ
たら、男一匹！この工房長の
ところに持ってきな！
イイ仕事をしてみせるぜい！",
2181,"≪密林探索≫
怪鳥とネオジムメモ{j}イャンクック１頭の討伐{j}なし{j}なし{j}メインターゲットの達成{j}報酬金ゼロ
タイムアップ{j}武具工房の親方{j}失われたとされていた、武具
の製造の秘伝を記したメモが
各地で討伐されたモンスター
から見つかってるらしいぜい！
≪ネオジムメモ≫を手に入れ
たら、男一匹！この工房長の
ところに持ってきな！
イイ仕事をしてみせるぜい！",
2182,"≪砂漠探索≫
轟竜とメルクリメモ{j}ティガレックス１頭の討伐{j}なし{j}なし{j}メインターゲットの達成{j}報酬金ゼロ
タイムアップ{j}武具工房の親方{j}失われたとされていた、武具
の製造の秘伝を記したメモが
各地で討伐されたモンスター
から見つかってるらしいぜい！
≪メルクリメモ≫を手に入れ
たら、男一匹！この工房長の
ところに持ってきな！
イイ仕事をしてみせるぜい！",
2183,"≪古塔探索≫
金火竜とメルクリメモ{j}リオレイア希少種１頭の討伐{j}なし{j}なし{j}メインターゲットの達成{j}報酬金ゼロ
タイムアップ{j}武具工房の親方{j}失われたとされていた、武具
の製造の秘伝を記したメモが
各地で討伐されたモンスター
から見つかってるらしいぜい！
≪メルクリメモ≫を手に入れ
たら、男一匹！この工房長の
ところに持ってきな！
イイ仕事をしてみせるぜい！",
2184,"≪古塔探索≫
銀火竜とメルクリメモ{j}リオレウス希少種１頭の討伐{j}なし{j}なし{j}メインターゲットの達成{j}報酬金ゼロ
タイムアップ{j}武具工房の親方{j}失われたとされていた、武具
の製造の秘伝を記したメモが
各地で討伐されたモンスター
から見つかってるらしいぜい！
≪メルクリメモ≫を手に入れ
たら、男一匹！この工房長の
ところに持ってきな！
イイ仕事をしてみせるぜい！",
2185,"≪密林探索≫
黒狼鳥とメルクリメモ{j}イャンガルルガ１頭の討伐{j}なし{j}なし{j}メインターゲットの達成{j}報酬金ゼロ
タイムアップ{j}武具工房の親方{j}失われたとされていた、武具
の製造の秘伝を記したメモが
各地で討伐されたモンスター
から見つかってるらしいぜい！
≪メルクリメモ≫を手に入れ
たら、男一匹！この工房長の
ところに持ってきな！
イイ仕事をしてみせるぜい！",
2186,"≪火山探索≫
黒鎧竜とメルクリメモ{j}グラビモス亜種１頭の討伐{j}なし{j}なし{j}メインターゲットの達成{j}報酬金ゼロ
タイムアップ{j}武具工房の親方{j}失われたとされていた、武具
の製造の秘伝を記したメモが
各地で討伐されたモンスター
から見つかってるらしいぜい！
≪メルクリメモ≫を手に入れ
たら、男一匹！この工房長の
ところに持ってきな！
イイ仕事をしてみせるぜい！",
2187,"≪砂漠探索≫
黒角竜とメルクリメモ{j}ディアブロス亜種１頭の討伐{j}なし{j}なし{j}メインターゲットの達成{j}報酬金ゼロ
タイムアップ{j}武具工房の親方{j}失われたとされていた、武具
の製造の秘伝を記したメモが
各地で討伐されたモンスター
から見つかってるらしいぜい！
≪メルクリメモ≫を手に入れ
たら、男一匹！この工房長の
ところに持ってきな！
イイ仕事をしてみせるぜい！",
2188,"≪火山探索≫
金獅子とメルクリメモ{j}ラージャン１頭の討伐{j}なし{j}なし{j}メインターゲットの達成{j}報酬金ゼロ
タイムアップ{j}武具工房の親方{j}失われたとされていた、武具
の製造の秘伝を記したメモが
各地で討伐されたモンスター
から見つかってるらしいぜい！
≪メルクリメモ≫を手に入れ
たら、男一匹！この工房長の
ところに持ってきな！
イイ仕事をしてみせるぜい！",
2189,"≪砂漠探索≫
翠水竜とメルクリメモ{j}ガノトトス亜種１頭の討伐{j}なし{j}なし{j}メインターゲットの達成{j}報酬金ゼロ
タイムアップ{j}武具工房の親方{j}失われたとされていた、武具
の製造の秘伝を記したメモが
各地で討伐されたモンスター
から見つかってるらしいぜい！
≪メルクリメモ≫を手に入れ
たら、男一匹！この工房長の
ところに持ってきな！
イイ仕事をしてみせるぜい！",
2190,"≪沼地探索≫
毒怪鳥とメルクリメモ{j}ゲリョス１頭の討伐{j}なし{j}なし{j}メインターゲットの達成{j}報酬金ゼロ
タイムアップ{j}武具工房の親方{j}失われたとされていた、武具
の製造の秘伝を記したメモが
各地で討伐されたモンスター
から見つかってるらしいぜい！
≪メルクリメモ≫を手に入れ
たら、男一匹！この工房長の
ところに持ってきな！
イイ仕事をしてみせるぜい！",
2191,"≪森丘探索≫
運び屋{j}飛竜の卵３個の納品{j}飛竜の卵２個の納品{j}飛竜の卵１個の納品{j}メインターゲット、もしくは
サブターゲットＡかＢの達成{j}報酬金ゼロ
タイムアップ{j}運搬専門ハンター{j}モンスターを狩るだけがハン
ティングじゃない。
ハンティングとは、一介の運
び屋にも、光明をもたらす懐
の広いものだ。
さあ、君も運搬の汗を流して
みないか？
",
2192,"≪森丘探索≫
赤き翼の軌跡{j}リオレウス１頭の狩猟{j}主目標への一定ダメージ{j}なし{j}メインターゲット、もしくは
サブターゲットＡの達成{j}報酬金ゼロ
タイムアップ{j}大老殿ギルド{j}新しいサブターゲットの実験
に協力してくれない…？
≪リオレウス≫への『一定ダ
メージ』の達成は、こちらで
判断するから、あなたはメイ
ンの達成に専念してくれれば
いいわ…。
どう？受けてくれるかしら？",
2193,"≪密林探索≫
お魚がいっぱいなのニャ{j}特産キノコ６個の納品{j}アオキノコ６個の納品{j}ドキドキノコ１個の納品{j}メインターゲット、もしくは
サブターゲットＡかＢの達成{j}報酬金ゼロ
タイムアップ{j}行商アイルー{j}この先、あたしが商いに行く
所では、どうもお魚よりもキ
ノコのが喜ばれるそうニャ。
そこで、商品の仕入れをあん
たにお願いしたいニャ。
見たところあんた。お魚に困
っているようニャから、報酬
はお魚でどうかニャ？",
2194,"≪樹海探索≫
萌芽の樹海{j}モス４頭の討伐{j}特産キノコキムチ１個の納品{j}もえないゴミ１個の納品{j}メインターゲット、もしくは
サブターゲットＡかＢの達成{j}報酬金ゼロ
タイムアップ{j}大老殿ギルド{j}ハンターの人たちって、上位
に上がっても、息つく間もな
く狩りに出かけてしまうのが
ほとんどよね。
このクエストで出かける時期
の樹海は、そんなハンターた
ちの息抜きになると思うのだ
けど、どうかしらね…。
",
2195,"≪樹海探索≫
罠師{j}竜の爪３個の納品{j}ツタの葉１個の納品{j}クモの巣１個の納品{j}メインターゲット、もしくは
サブターゲットＡ、Ｂの達成{j}報酬金ゼロ
タイムアップ{j}カリスマ罠師{j}トラップってのはよォ、さり
げなくて地味な仕事の成果な
わけよォ。
なら、まずは地道な採取って
のを疎かにャできんのよォ。
樹海はトラップが現地調達で
きるイイ所だから、まずは採
取から行ってこいよォ。",
2196,"≪樹海探索≫
グイッと一本{j}特産キノコキムチ２個の納品{j}ハチミツ１個の納品{j}なし{j}マストオーダー全ての達成{j}報酬金ゼロ
タイムアップ{j}大衆酒場ギルド{j}雑用ですが、ギルド関連筋か
らクエスト依頼が来ています。
報酬には、いつでもどこでも
少ない隙でグイッとスタミナ
回復。ギルド公認の一本！
≪元気ドリンコ≫を用意して
います。お暇でしたらどうぞ！",
2197,"≪樹海探索≫
堅実採取{j}特産キノコキムチ１個の納品{j}カンタロス２匹の討伐{j}ランゴスタ２匹の討伐{j}マストオーダー全ての達成{j}報酬金ゼロ
タイムアップ{j}大衆酒場ギルド{j}狩りも、地道で堅実な採取が
成功への第一歩。
そんな初心を忘れないために
当ギルドが用意したクエスト
がこのクエストです。
報酬の≪忍耐の種≫に倣って
花が咲くその日まで、コツコ
ツとがんばっていきましょう。",
2198,"≪密林探索≫
密林を走る青き爪{j}ドスランポス１頭の狩猟{j}主目標への一定ダメージ{j}なし{j}メインターゲット、もしくは
サブターゲットＡの達成{j}報酬金ゼロ
タイムアップ{j}大衆酒場ギルド{j}大老殿ギルドの要請で新しい
サブターゲットの試用が勧め
られることになりました。
≪ドスランポス≫への『一定
ダメージ』は、当ギルドで判
断しますので、皆さんはメイ
ンターゲットの達成に専念し
てくだされば結構ですよ！",
2199,"≪沼地探索≫
泥濘を貫く突撃の牙{j}ドスファンゴ１頭の狩猟{j}主目標への一定ダメージ{j}なし{j}メインターゲット、もしくは
サブターゲットＡの達成{j}報酬金ゼロ
タイムアップ{j}大衆酒場ギルド{j}大老殿ギルドの要請で新しい
サブターゲットの試用が勧め
られることになりました。
≪ドスファンゴ≫への『一定
ダメージ』は、当ギルドで判
断しますので、皆さんはメイ
ンターゲットの達成に専念し
てくだされば結構ですよ！",
2200,"≪密林探索≫
こだまするは怒りのいななき{j}イャンクック１頭の狩猟{j}主目標への一定ダメージ{j}なし{j}メインターゲット、もしくは
サブターゲットＡの達成{j}報酬金ゼロ
タイムアップ{j}大衆酒場ギルド{j}大老殿ギルドの要請で新しい
サブターゲットの試用が勧め
られることになりました。
≪イャンクック≫への『一定
ダメージ』は、当ギルドで判
断しますので、皆さんはメイ
ンターゲットの達成に専念し
てくだされば結構ですよ！",
2201,"≪密林探索≫
濃緑に住まう赤き盾{j}ダイミョウザザミ１匹の狩猟{j}主目標への一定ダメージ{j}なし{j}メインターゲット、もしくは
サブターゲットＡの達成{j}報酬金ゼロ
タイムアップ{j}大衆酒場ギルド{j}大老殿ギルドの要請で新しい
サブターゲットの試用が勧め
られることになりました。
≪ダイミョウザザミ≫への
『一定ダメージ』は、当ギル
ドで判断しますので、皆さん
はメインターゲットの達成に
専念してくださいね！",
2202,"≪沼地探索≫
毒地狂走曲{j}ゲリョス１頭の狩猟{j}主目標への一定ダメージ{j}なし{j}メインターゲット、もしくは
サブターゲットＡの達成{j}報酬金ゼロ
タイムアップ{j}大衆酒場ギルド{j}大老殿ギルドの要請で新しい
サブターゲットの試用が勧め
られることになりました。
≪ゲリョス≫への『一定ダメ
ージ』は、当ギルドで判断し
ますので、皆さんはメインタ
ーゲットの達成に専念してく
ださいね！",
2203,"≪密林探索≫
桃色領域{j}ババコンガ１頭の狩猟{j}主目標への一定ダメージ{j}なし{j}メインターゲット、もしくは
サブターゲットＡの達成{j}報酬金ゼロ
タイムアップ{j}大老殿ギルド{j}新しいサブターゲットの実験
に協力してくれない…？
≪ババコンガ≫への『一定ダ
メージ』の達成は、こちらで
判断するから、あなたはメイ
ンの達成に専念してくれれば
いいわ…。
どう？受けてくれるかしら？",
2204,"≪雪山探索≫
氷雪の仄白き柔皮{j}フルフル１頭の狩猟{j}主目標への一定ダメージ{j}なし{j}メインターゲット、もしくは
サブターゲットＡの達成{j}報酬金ゼロ
タイムアップ{j}大老殿ギルド{j}新しいサブターゲットの実験
に協力してくれない…？
≪フルフル≫への『一定ダメ
ージ』の達成は、こちらで判
断するから、あなたはメイン
の達成に専念してくれればい
いわ…。
どう？受けてくれるかしら？",
2205,"≪火山探索≫
欺瞞の岩肌{j}バサルモス１頭の狩猟{j}主目標への一定ダメージ{j}なし{j}メインターゲット、もしくは
サブターゲットＡの達成{j}報酬金ゼロ
タイムアップ{j}大老殿ギルド{j}新しいサブターゲットの実験
に協力してくれない…？
≪バサルモス≫への『一定ダ
メージ』の達成は、こちらで
判断するから、あなたはメイ
ンの達成に専念してくれれば
いいわ…。
どう？受けてくれるかしら？",
2206,"≪樹海探索≫
地を走る緑{j}リオレイア１頭の狩猟{j}主目標への一定ダメージ{j}なし{j}メインターゲット、もしくは
サブターゲットＡの達成{j}報酬金ゼロ
タイムアップ{j}大老殿ギルド{j}新しいサブターゲットの実験
に協力してくれない…？
≪リオレイア≫への『一定ダ
メージ』の達成は、こちらで
判断するから、あなたはメイ
ンの達成に専念してくれれば
いいわ…。
どう？受けてくれるかしら？",
2207,"≪雪山探索≫
白き牙獣の王{j}ドドブランゴ１頭の狩猟{j}主目標への一定ダメージ{j}なし{j}メインターゲット、もしくは
サブターゲットＡの達成{j}報酬金ゼロ
タイムアップ{j}大老殿ギルド{j}新しいサブターゲットの実験
に協力してくれない…？
≪ドドブランゴ≫への『一定
ダメージ』の達成は、こちら
で判断するから、あなたはメ
インの達成に専念してくれれ
ばいいわ…。
どう？受けてくれるかしら？",
2208,"≪砂漠探索≫
水を得た竜{j}ガノトトス１頭の狩猟{j}主目標への一定ダメージ{j}なし{j}メインターゲット、もしくは
サブターゲットＡの達成{j}報酬金ゼロ
タイムアップ{j}大老殿ギルド{j}新しいサブターゲットの実験
に協力してくれない…？
≪ガノトトス≫への『一定ダ
メージ』の達成は、こちらで
判断するから、あなたはメイ
ンの達成に専念してくれれば
いいわ…。
どう？受けてくれるかしら？",
2209,"≪火山探索≫
赤き山の青き鎌{j}ショウグンギザミ１匹の狩猟{j}主目標への一定ダメージ{j}なし{j}メインターゲット、もしくは
サブターゲットＡの達成{j}報酬金ゼロ
タイムアップ{j}大老殿ギルド{j}新しいサブターゲットの実験
に協力してくれない…？
≪ショウグンギザミ≫への
『一定ダメージ』の達成は、
こちらで判断するから、あな
たはメインの達成に専念して
くれればいいわ…。
どう？受けてくれるかしら？",
2210,"≪砂漠探索≫
砂上の暴角{j}ディアブロス１頭の狩猟{j}主目標への一定ダメージ{j}なし{j}メインターゲット、もしくは
サブターゲットＡの達成{j}報酬金ゼロ
タイムアップ{j}大老殿ギルド{j}新しいサブターゲットの実験
に協力してくれない…？
≪ディアブロス≫への『一定
ダメージ』の達成は、こちら
で判断するから、あなたはメ
インの達成に専念してくれれ
ばいいわ…。
どう？受けてくれるかしら？",
2211,"≪樹海探索≫
夢色橙毛{j}ヒプノック１頭の狩猟{j}主目標への一定ダメージ{j}なし{j}メインターゲット、もしくは
サブターゲットＡの達成{j}報酬金ゼロ
タイムアップ{j}大老殿ギルド{j}新しいサブターゲットの実験
に協力してくれない…？
≪ヒプノック≫への『一定ダ
メージ』の達成は、こちらで
判断するから、あなたはメイ
ンの達成に専念してくれれば
いいわ…。
どう？受けてくれるかしら？",
2212,"≪火山探索≫
赤口の鎧{j}グラビモス１頭の狩猟{j}主目標への一定ダメージ{j}なし{j}メインターゲット、もしくは
サブターゲットＡの達成{j}報酬金ゼロ
タイムアップ{j}大老殿ギルド{j}新しいサブターゲットの実験
に協力してくれない…？
≪グラビモス≫への『一定ダ
メージ』の達成は、こちらで
判断するから、あなたはメイ
ンの達成に専念してくれれば
いいわ…。
どう？受けてくれるかしら？",
2213,"≪古塔探索≫
天を駆ける赤{j}リオレウス１頭の狩猟{j}主目標への一定ダメージ{j}なし{j}メインターゲット、もしくは
サブターゲットＡの達成{j}報酬金ゼロ
タイムアップ{j}大老殿ギルド{j}新しいサブターゲットの実験
に協力してくれない…？
≪リオレウス≫への『一定ダ
メージ』の達成は、こちらで
判断するから、あなたはメイ
ンの達成に専念してくれれば
いいわ…。
どう？受けてくれるかしら？",
2214,"≪密林探索≫
無法の黒紫{j}イャンガルルガ１頭の狩猟{j}主目標への一定ダメージ{j}なし{j}メインターゲット、もしくは
サブターゲットＡの達成{j}報酬金ゼロ
タイムアップ{j}大老殿ギルド{j}新しいサブターゲットの実験
に協力してくれない…？
≪イャンガルルガ≫への『一
定ダメージ』の達成は、こち
らで判断するから、あなたは
メインの達成に専念してくれ
ればいいわ…。
どう？受けてくれるかしら？",
2215,"≪雪山探索≫
金色の暴威{j}ラージャン１頭の狩猟{j}主目標への一定ダメージ{j}なし{j}メインターゲット、もしくは
サブターゲットＡの達成{j}報酬金ゼロ
タイムアップ{j}大老殿ギルド{j}新しいサブターゲットの実験
に協力してくれない…？
≪ラージャン≫への『一定ダ
メージ』の達成は、こちらで
判断するから、あなたはメイ
ンの達成に専念してくれれば
いいわ…。
どう？受けてくれるかしら？",
2216,"≪樹海探索≫
蒼き眠鳥{j}ヒプノック繁殖期１頭の狩猟{j}なし{j}なし{j}メインターゲットの達成{j}報酬金ゼロ
タイムアップ{j}腕利きの情報屋{j}≪繁殖期≫の眠鳥は、その体
毛が鮮やかな蒼色へ変化する
らしい。
その姿を拝めるのは今がチャ
ンスだ。早くしないと他のや
つらに先越されちまうぜ？",
2217,"≪樹海探索≫
蒼眠鳥{j}ヒプノック繁殖期１頭の狩猟{j}なし{j}なし{j}メインターゲットの達成{j}報酬金ゼロ
タイムアップ{j}見栄っ張りな貴婦人{j}めったに手に入らない眠鳥の
蒼い毛さえ手に入れば、誰に
も負けないドレスが作れるの
よ！パーティまで時間が無い
の！
今すぐ手に入れて来て頂戴！",
2218,"≪火山探索≫
紅き溶岩竜{j}ヴォルガノス亜種１頭の狩猟{j}なし{j}なし{j}メインターゲットの達成{j}報酬金ゼロ
タイムアップ{j}手負いのハンター{j}なんとなく昼間にヴォルガノ
スの棲み処を覗いてみたら、
見たことも無い色のヴォルガ
ノスがいやがった！
案の定、あっという間に返り
討ちさ…。やつを狩ってくれ
たら礼をするぜ…。",
2219,"≪砂漠探索≫
咆える轟竜{j}ティガレックス１頭の狩猟{j}なし{j}なし{j}メインターゲットの達成{j}報酬金ゼロ
タイムアップ{j}分析好きのハンター{j}圧倒的な強さを誇る≪ティガ
レックス≫だが、どんなやつ
にだって≪弱点≫は必ずある
はず！オレはあいつの弱点は
≪頭≫だと見た！振り向くタ
イミングで頭を狙うんだ！",
2220,"≪雪山探索≫
君臨する強者{j}ティガレックス１頭の狩猟{j}なし{j}なし{j}メインターゲットの達成{j}報酬金ゼロ
タイムアップ{j}手負いのハンター{j}オレとしたことが、少しばか
り相手をナメていたようだ。
戦い慣れた相手とはいえ、生
物である以上、個体差が存在
することを忘れていた…。
あいつは手強いぞ…。
最後の一撃まで絶対に気を抜
くな！",
2221,"≪密林探索≫
【採取】温暖期の密林{j}地図１個の納品{j}なし{j}なし{j}メインターゲットの達成{j}報酬金ゼロ
タイムアップ{j}メゼポルタ猟団組合{j}近年発見されたセンショク草
は、自然を熟知した熟練者で
なければ真贋を見極めること
ができない、レアな一品です。
特定の地域でのみ見られる草
なので、ＨＲ１００以上の方
に限ってご案内させていただ
いております。",
2222,"≪雪山探索≫
【採取】繁殖期の雪山{j}地図１個の納品{j}なし{j}なし{j}メインターゲットの達成{j}報酬金ゼロ
タイムアップ{j}メゼポルタ猟団組合{j}近年発見されたセンショク草
は、自然を熟知した熟練者で
なければ真贋を見極めること
ができない、レアな一品です。
特定の地域でのみ見られる草
なので、ＨＲ１００以上の方
に限ってご案内させていただ
いております。",
2223,"≪樹海探索≫
【採取】繁殖期の樹海{j}地図１個の納品{j}なし{j}なし{j}メインターゲットの達成{j}報酬金ゼロ
タイムアップ{j}メゼポルタ猟団組合{j}近年発見されたセンショク草
は、自然を熟知した熟練者で
なければ真贋を見極めること
ができない、レアな一品です。
特定の地域でのみ見られる草
なので、ＨＲ１００以上の方
に限ってご案内させていただ
いております。",
2224,"≪火山探索≫
【採取】寒冷期の火山{j}地図１個の納品{j}なし{j}なし{j}メインターゲットの達成{j}報酬金ゼロ
タイムアップ{j}メゼポルタ猟団組合{j}近年発見されたセンショク草
は、自然を熟知した熟練者で
なければ真贋を見極めること
ができない、レアな一品です。
特定の地域でのみ見られる草
なので、ＨＲ１００以上の方
に限ってご案内させていただ
いております。",
2225,"≪火山探索≫
【精製】大鎧玉を作ろう{j}玉のかけら１０個の納品{j}なし{j}なし{j}メインターゲットの達成{j}報酬金ゼロ
タイムアップ{j}鎧玉精製工{j}防具の新たな強化法ができた
はいいが、鎧玉を要求されて
困ってるヤツがいるってんで、
すっ飛んできたぜ！鎧玉を作
るなら俺にまかしとけ！
鎧玉は種類がいくつかあるが、
今回は≪大鎧玉≫だ。
≪玉のかけら≫を持ってきな！",
2226,"≪樹海探索≫
魔窟{j}チャチャブー２０匹の討伐{j}チャチャブー１０匹の討伐{j}なし{j}メインターゲット、もしくは
サブターゲットＡの達成{j}報酬金ゼロ
タイムアップ{j}満身創痍のハンター{j}未開の地≪樹海≫。
どんなモンスターが生息して
いるのか確かめるべく、足を
踏み入れたのだが…。
あの仮面を思い出すだけで恐
怖が甦ってくる…。
まだ仲間が残されてるんだ！
誰か手を貸してくれ！",
2227,"≪砂漠探索≫
孤高の一角竜{j}モノブロス１頭の狩猟{j}竜のナミダ１個の納品{j}草食竜の卵１個の納品{j}メインターゲット、もしくは
サブターゲットＡかＢの達成{j}報酬金ゼロ
タイムアップ{j}ある辺境村の村長{j}孤高の一角竜≪モノブロス≫
は砂漠においてディアブロス
と対をなす王者といえよう。
ヤツを『１人で狩る』ことが
ハンターとして、一流の証明
とされておる。
挑戦あるのみじゃ。",
2228,"≪砂漠探索≫
白き一角竜の猛り{j}モノブロス亜種１頭の狩猟{j}なし{j}なし{j}メインターゲットの達成{j}報酬金ゼロ
タイムアップ{j}ある辺境村の村長{j}白き一角竜とはこれまた希少
性の高いモノブロスの亜種が
現れたようじゃな。
一流の証明を超えて、己の
名声を響かせるには、やはり
『１人で狩猟』することじゃ
心して狩猟に挑むがよい！
",
2229,"≪砂漠探索≫
砂に堕ちた太陽{j}ナナ・テスカトリ１体の討伐{j}なし{j}なし{j}メインターゲットの達成{j}報酬金ゼロ
タイムアップ{j}竜人族のお姉さま{j}炎妃龍ナナ・テスカトリは炎
の化身とも云われる古龍よ。
辺境にしか、目撃例がない
から遠征することになるわ。
ただし、辺境に派遣できる
のは１人までなの。
炎妃龍を１人で討伐できる
ハンターはいないかしら…。",
2230,"≪砂漠探索≫
砂に堕ちた太陽{j}ナナ・テスカトリ１体の討伐{j}なし{j}なし{j}メインターゲットの達成{j}報酬金ゼロ
タイムアップ{j}竜人族のお姉さま{j}炎妃龍ナナ・テスカトリは炎
の化身とも云われる古龍よ。
辺境にしか、目撃例がない
から遠征することになるわ。
ただし、辺境に派遣できる
のは１人までなの。
炎妃龍を１人で討伐できる
ハンターはいないかしら…。",
2231,"≪火山探索≫
炎国の妃{j}ナナ・テスカトリ１体の討伐{j}なし{j}なし{j}メインターゲットの達成{j}報酬金ゼロ
タイムアップ{j}竜人族のお姉さま{j}炎妃龍ナナ・テスカトリは炎
の化身とも云われる古龍よ。
辺境にしか、目撃例がない
から遠征することになるわ。
ただし、辺境に派遣できる
のは１人までなの。
炎妃龍を１人で討伐できる
ハンターはいないかしら…。",
2232,"≪火山探索≫
炎国の妃{j}ナナ・テスカトリ１体の討伐{j}なし{j}なし{j}メインターゲットの達成{j}報酬金ゼロ
タイムアップ{j}竜人族のお姉さま{j}炎妃龍ナナ・テスカトリは炎
の化身とも云われる古龍よ。
辺境にしか、目撃例がない
から遠征することになるわ。
ただし、辺境に派遣できる
のは１人までなの。
炎妃龍を１人で討伐できる
ハンターはいないかしら…。",
2233,"≪古塔探索≫
炎妃龍の宿りし塔{j}ナナ・テスカトリ１体の討伐{j}なし{j}なし{j}メインターゲットの達成{j}報酬金ゼロ
タイムアップ{j}竜人族のお姉さま{j}炎妃龍ナナ・テスカトリは炎
の化身とも云われる古龍よ。
辺境にしか、目撃例がない
から遠征することになるわ。
ただし、辺境に派遣できる
のは１人までなの。
炎妃龍を１人で討伐できる
ハンターはいないかしら…。",
2234,"≪古塔探索≫
炎妃龍の宿りし塔{j}ナナ・テスカトリ１体の討伐{j}なし{j}なし{j}メインターゲットの達成{j}報酬金ゼロ
タイムアップ{j}竜人族のお姉さま{j}炎妃龍ナナ・テスカトリは炎
の化身とも云われる古龍よ。
辺境にしか、目撃例がない
から遠征することになるわ。
ただし、辺境に派遣できる
のは１人までなの。
炎妃龍を１人で討伐できる
ハンターはいないかしら…。",
2235,"≪砂漠探索≫
砂に堕ちた太陽・撃退戦{j}ナナ・テスカトリ１体の討伐{j}なし{j}なし{j}メインターゲットの達成{j}報酬金ゼロ
タイムアップ{j}竜人族のお姉さま{j}炎妃龍ナナ・テスカトリは炎
の化身とも云われる古龍よ。
辺境への派遣だから、１人で
のクエストになるわね。
今回は撃退でもいいのだけど、
できたら討伐までいってくれ
るとうれしいわ…。",
2236,"≪火山探索≫
炎国の妃・撃退戦{j}ナナ・テスカトリ１体の討伐{j}なし{j}なし{j}メインターゲットの達成{j}報酬金ゼロ
タイムアップ{j}竜人族のお姉さま{j}炎妃龍ナナ・テスカトリは炎
の化身とも云われる古龍よ。
辺境への派遣だから、１人で
のクエストになるわね。
今回は撃退でもいいのだけど、
できたら討伐までいってくれ
るとうれしいわ…。",
2237,"≪古塔探索≫
炎妃龍の宿りし塔・撃退戦{j}ナナ・テスカトリ１体の討伐{j}なし{j}なし{j}メインターゲットの達成{j}報酬金ゼロ
タイムアップ{j}竜人族のお姉さま{j}炎妃龍ナナ・テスカトリは炎
の化身とも云われる古龍よ。
辺境への派遣だから、１人で
のクエストになるわね。
今回は撃退でもいいのだけど、
できたら討伐までいってくれ
るとうれしいわ…。",
2238,"≪密林探索≫
豪傑{j}ガノトトス１頭の討伐{j}なし{j}なし{j}メインターゲットの達成{j}報酬金ゼロ
タイムアップ{j}大衆酒場ギルド{j}ギルドの歴史の中でも、最強
の豪腕と謳われたハンターが
いました。
当ギルドでは、そのハンター
を引退にまで追いやった魚竜
種、ガノトトスを１対１で討
伐したハンターに、奨励品を
出しています。
奮ってご参加ください。
",
2239,"≪火山探索≫
赤き海の支配者{j}ヴォルガノス１頭の狩猟{j}主目標への一定ダメージ{j}なし{j}メインターゲット、もしくは
サブターゲットＡの達成{j}報酬金ゼロ
タイムアップ{j}大衆酒場ギルド{j}大老殿ギルドの要請で新しい
サブターゲットの試用が勧め
られることになりました。
≪ヴォルガノス≫への『一定
ダメージ』は、当ギルドで判
断しますので、皆さんはメイ
ンターゲットの達成に専念し
てくだされば結構ですよ！",
2240,"≪樹海探索≫
目覚める樹海の主{j}エスピナス１頭の狩猟{j}なし{j}なし{j}メインターゲットの達成{j}報酬金ゼロ
タイムアップ{j}満身創痍のハンター{j}樹海の奥深くにアイツはいた
…。
ただひたすら静かに待ってい
たんだ…。
獲物が近寄ってくるのを！
ヤツの強さはハンパじゃない！
棘に仕込まれた≪毒≫にも気
をつけろ！",
2241,"≪砂漠探索≫
死神{j}ディアブロス亜種２頭の狩猟{j}ディアブロス亜種１頭の狩猟{j}なし{j}メインターゲット、もしくは
サブターゲットＡの達成{j}報酬金ゼロ
タイムアップ{j}大老殿ギルド{j}恐ろしい容姿の黒いディアブ
ロスが目撃されたわ。
強力な一撃の下に獲物を屠り
さる姿は「死神のようだ」と
恐れられているわ。
この砂漠の脅威に立ち向かう
ハンターはいないかしら。",
2242,"≪火山探索≫
紅き鎧と黒き鎧{j}ヴォルガノス亜種１頭の狩猟{j}グラビモス亜種１頭の狩猟{j}なし{j}メインターゲット、もしくは
サブターゲットＡの達成
{j}報酬金ゼロ
タイムアップ{j}自信家なハンター{j}先ごろ発見された≪ヴォルガ
ノス≫の亜種…。必ずこの手
で狩ってみせるぜ。
えっ？この時期は黒い鎧竜も
いるって？
…手柄は山分けで行こうじゃ
ないか！",
2243,"≪密林探索≫
【狩猟】密林の盾蟹{j}ダイミョウザザミ変種１匹{j}主目標への一定ダメージ{j}なし{j}メインターゲットの狩猟、
またはサブターゲットの達成{j}報酬金ゼロ
タイムアップ{j}メゼポルタ猟団組合{j}各地から変種や奇種の発見報
告が上げられています。
変種は原種系、奇種は亜種系
に酷似した姿とのことですが、
真相は謎です。
その種に共通する特徴を強く
持ち、そこから汎用性に優れ
た素材が取れるそうですよ。",
2244,"≪密林探索≫
【討伐】密林の盾蟹{j}ダイミョウザザミ変種１匹{j}なし{j}なし{j}メインターゲットの討伐{j}報酬金ゼロ
タイムアップ{j}メゼポルタ猟団組合{j}各地から変種や奇種の発見報
告が上げられています。
変種は原種系、奇種は亜種系
に酷似した姿とのことですが、
真相は謎です。
その種に共通する特徴を強く
持ち、そこから汎用性に優れ
た素材が取れるそうですよ。",
2245,"≪密林探索≫
【捕獲】密林の盾蟹{j}ダイミョウザザミ変種１匹{j}なし{j}なし{j}メインターゲットの捕獲{j}報酬金ゼロ
タイムアップ{j}メゼポルタ猟団組合{j}各地から変種や奇種の発見報
告が上げられています。
変種は原種系、奇種は亜種系
に酷似した姿とのことですが、
真相は謎です。
その種に共通する特徴を強く
持ち、そこから汎用性に優れ
た素材が取れるそうですよ。",
2246,"≪雪山探索≫
【狩猟】雪山の白影{j}フルフル変種１頭{j}主目標への一定ダメージ{j}なし{j}メインターゲットの狩猟、
またはサブターゲットの達成{j}報酬金ゼロ
タイムアップ{j}メゼポルタ猟団組合{j}各地から変種や奇種の発見報
告が上げられています。
変種は原種系、奇種は亜種系
に酷似した姿とのことですが、
真相は謎です。
その種に共通する特徴を強く
持ち、そこから汎用性に優れ
た素材が取れるそうですよ。",
2247,"≪雪山探索≫ 
【討伐】雪山の白影{j}フルフル変種１頭{j}なし{j}なし{j}メインターゲットの討伐{j}報酬金ゼロ
タイムアップ{j}メゼポルタ猟団組合{j}各地から変種や奇種の発見報
告が上げられています。
変種は原種系、奇種は亜種系
に酷似した姿とのことですが、
真相は謎です。
その種に共通する特徴を強く
持ち、そこから汎用性に優れ
た素材が取れるそうですよ。",
2248,"≪雪山探索≫
【捕獲】雪山の白影{j}フルフル変種１頭{j}なし{j}なし{j}メインターゲットの捕獲{j}報酬金ゼロ
タイムアップ{j}メゼポルタ猟団組合{j}各地から変種や奇種の発見報
告が上げられています。
変種は原種系、奇種は亜種系
に酷似した姿とのことですが、
真相は謎です。
その種に共通する特徴を強く
持ち、そこから汎用性に優れ
た素材が取れるそうですよ。",
2249,"≪密林探索≫
【狩猟】密林の雌火竜{j}リオレイア変種１頭{j}主目標への一定ダメージ{j}なし{j}メインターゲットの狩猟、
またはサブターゲットの達成{j}報酬金ゼロ
タイムアップ{j}メゼポルタ猟団組合{j}各地から変種や奇種の発見報
告が上げられています。
変種は原種系、奇種は亜種系
に酷似した姿とのことですが、
真相は謎です。
その種に共通する特徴を強く
持ち、そこから汎用性に優れ
た素材が取れるそうですよ。",
2250,"≪密林探索≫
【討伐】密林の雌火竜{j}リオレイア変種１頭{j}なし{j}なし{j}メインターゲットの討伐{j}報酬金ゼロ
タイムアップ{j}メゼポルタ猟団組合{j}各地から変種や奇種の発見報
告が上げられています。
変種は原種系、奇種は亜種系
に酷似した姿とのことですが、
真相は謎です。
その種に共通する特徴を強く
持ち、そこから汎用性に優れ
た素材が取れるそうですよ。",
2251,"≪密林探索≫
【捕獲】密林の雌火竜{j}リオレイア変種１頭{j}なし{j}なし{j}メインターゲットの捕獲{j}報酬金ゼロ
タイムアップ{j}メゼポルタ猟団組合{j}各地から変種や奇種の発見報
告が上げられています。
変種は原種系、奇種は亜種系
に酷似した姿とのことですが、
真相は謎です。
その種に共通する特徴を強く
持ち、そこから汎用性に優れ
た素材が取れるそうですよ。",
2252,"≪雪山探索≫
【狩猟】雪山の雪獅子{j}ドドブランゴ変種１頭{j}主目標への一定ダメージ{j}なし{j}メインターゲットの狩猟、
またはサブターゲットの達成{j}報酬金ゼロ
タイムアップ{j}メゼポルタ猟団組合{j}各地から変種や奇種の発見報
告が上げられています。
変種は原種系、奇種は亜種系
に酷似した姿とのことですが、
真相は謎です。
その種に共通する特徴を強く
持ち、そこから汎用性に優れ
た素材が取れるそうですよ。",
2253,"≪雪山探索≫
【討伐】雪山の雪獅子{j}ドドブランゴ変種１頭{j}なし{j}なし{j}メインターゲットの討伐{j}報酬金ゼロ
タイムアップ{j}メゼポルタ猟団組合{j}各地から変種や奇種の発見報
告が上げられています。
変種は原種系、奇種は亜種系
に酷似した姿とのことですが、
真相は謎です。
その種に共通する特徴を強く
持ち、そこから汎用性に優れ
た素材が取れるそうですよ。",
2254,"≪雪山探索≫
【捕獲】雪山の雪獅子{j}ドドブランゴ変種１頭{j}なし{j}なし{j}メインターゲットの捕獲{j}報酬金ゼロ
タイムアップ{j}メゼポルタ猟団組合{j}各地から変種や奇種の発見報
告が上げられています。
変種は原種系、奇種は亜種系
に酷似した姿とのことですが、
真相は謎です。
その種に共通する特徴を強く
持ち、そこから汎用性に優れ
た素材が取れるそうですよ。",
2255,"≪樹海探索≫
【狩猟】樹海の眠鳥{j}ヒプノック変種１頭{j}主目標への一定ダメージ{j}なし{j}メインターゲットの狩猟、
またはサブターゲットの達成{j}報酬金ゼロ
タイムアップ{j}メゼポルタ猟団組合{j}各地から変種や奇種の発見報
告が上げられています。
変種は原種系、奇種は亜種系
に酷似した姿とのことですが、
真相は謎です。
その種に共通する特徴を強く
持ち、そこから汎用性に優れ
た素材が取れるそうですよ。",
2256,"≪樹海探索≫
【討伐】樹海の眠鳥{j}ヒプノック変種１頭{j}なし{j}なし{j}メインターゲットの討伐{j}報酬金ゼロ
タイムアップ{j}メゼポルタ猟団組合{j}各地から変種や奇種の発見報
告が上げられています。
変種は原種系、奇種は亜種系
に酷似した姿とのことですが、
真相は謎です。
その種に共通する特徴を強く
持ち、そこから汎用性に優れ
た素材が取れるそうですよ。",
2257,"≪樹海探索≫
【捕獲】樹海の眠鳥{j}ヒプノック変種１頭{j}なし{j}なし{j}メインターゲットの捕獲{j}報酬金ゼロ
タイムアップ{j}メゼポルタ猟団組合{j}各地から変種や奇種の発見報
告が上げられています。
変種は原種系、奇種は亜種系
に酷似した姿とのことですが、
真相は謎です。
その種に共通する特徴を強く
持ち、そこから汎用性に優れ
た素材が取れるそうですよ。",
2258,"≪火山探索≫
【狩猟】火山の溶岩竜{j}ヴォルガノス変種１頭{j}主目標への一定ダメージ{j}なし{j}メインターゲットの狩猟、
またはサブターゲットの達成{j}報酬金ゼロ
タイムアップ{j}メゼポルタ猟団組合{j}各地から変種や奇種の発見報
告が上げられています。
変種は原種系、奇種は亜種系
に酷似した姿とのことですが、
真相は謎です。
その種に共通する特徴を強く
持ち、そこから汎用性に優れ
た素材が取れるそうですよ。",
2259,"≪火山探索≫
【討伐】火山の溶岩竜{j}ヴォルガノス変種１頭{j}なし{j}なし{j}メインターゲットの討伐{j}報酬金ゼロ
タイムアップ{j}メゼポルタ猟団組合{j}各地から変種や奇種の発見報
告が上げられています。
変種は原種系、奇種は亜種系
に酷似した姿とのことですが、
真相は謎です。
その種に共通する特徴を強く
持ち、そこから汎用性に優れ
た素材が取れるそうですよ。",
2260,"≪火山探索≫
【捕獲】火山の溶岩竜{j}ヴォルガノス変種１頭{j}なし{j}なし{j}メインターゲットの捕獲{j}報酬金ゼロ
タイムアップ{j}メゼポルタ猟団組合{j}各地から変種や奇種の発見報
告が上げられています。
変種は原種系、奇種は亜種系
に酷似した姿とのことですが、
真相は謎です。
その種に共通する特徴を強く
持ち、そこから汎用性に優れ
た素材が取れるそうですよ。",
2261,"≪樹海探索≫
【運搬】樹海の卵{j}飛竜の卵８個の納品{j}飛竜の卵４個の納品{j}なし{j}メインターゲット、または
サブターゲットＡの達成{j}報酬金ゼロ
タイムアップ{j}メゼポルタ猟団組合{j}大衆酒場ギルドより、飛竜の
卵の大口注文が入りました。
８個という数は、１人で取り
きって納品できる数ではない
ので、少なくとも２人以上で
の受注をオススメいたします。
尚、サブ達成による支給品は
ありませんので、要注意です。",
2262,"≪火山探索≫
【運搬】火山の火薬岩{j}火薬岩８個の納品{j}火薬岩４個の納品{j}なし{j}メインターゲット、または
サブターゲットＡの達成{j}報酬金ゼロ
タイムアップ{j}メゼポルタ猟団組合{j}大衆酒場ギルドより、火薬岩
の大口注文が入りました。
８個という数は、１人で取り
きって納品できる数ではない
ので、少なくとも２人以上で
の受注をオススメいたします。
尚、サブ達成による支給品は
ありませんので、要注意です。",
2263,"≪樹海探索≫
【狩猟】覚醒、棘竜{j}エスピナス変種１頭{j}主目標への一定ダメージ{j}なし{j}メインターゲットの狩猟、
またはサブターゲットの達成{j}報酬金ゼロ
タイムアップ{j}メゼポルタ猟団組合{j}各地から変種や奇種の発見報
告が上げられています。
変種は原種系、奇種は亜種系
に酷似した姿とのことですが、
真相は謎です。
その種に共通する特徴を強く
持ち、そこから汎用性に優れ
た素材が取れるそうですよ。",
2264,"≪森丘探索≫
【運搬】森丘の卵{j}飛竜の卵８個の納品{j}飛竜の卵４個の納品{j}なし{j}メインターゲット、または
サブターゲットＡの達成{j}報酬金ゼロ
タイムアップ{j}メゼポルタ猟団組合{j}大衆酒場ギルドより、飛竜の
卵の大口注文が入りました。
８個という数は、１人で取り
きって納品できる数ではない
ので、少なくとも２人以上で
の受注をオススメいたします。
尚、サブ達成による支給品は
ありませんので、要注意です。",
2265,"≪エクストラクエスト≫
樹海大採取・下位編{j}地図１個の納品{j}なし{j}なし{j}メインターゲットの達成{j}報酬金ゼロ
タイムアップ{j}大衆酒場ギルド{j}おまたせしました。
≪エクストラクエスト≫は、
大衆酒場ギルドより、お送り
いたします。
ギルドの力によって用意され
た、大変穏やかで実り豊かな
フィールドで、たまにはのん
びり採取でもいかがですか？",
2266,"≪エクストラクエスト≫
樹海大採取・下位編{j}地図１個の納品{j}なし{j}なし{j}メインターゲットの達成{j}報酬金ゼロ
タイムアップ{j}大衆酒場ギルド{j}おまたせしました。
≪エクストラクエスト≫は、
大衆酒場ギルドより、お送り
いたします。
ギルドの力によって用意され
た、大変穏やかで実り豊かな
フィールドで、たまにはのん
びり採取でもいかがですか？",
2267,"≪エクストラクエスト≫
樹海大採取・上位編{j}地図１個の納品{j}なし{j}なし{j}メインターゲットの達成{j}報酬金ゼロ
タイムアップ{j}大衆酒場ギルド{j}おまたせしました。
≪エクストラクエスト≫は、
大衆酒場ギルドより、お送り
いたします。
ギルドの力によって用意され
た、大変穏やかで実り豊かな
フィールドで、たまにはのん
びり採取でもいかがですか？",
2268,"≪エクストラクエスト≫
樹海大採取・上位編{j}地図１個の納品{j}なし{j}なし{j}メインターゲットの達成{j}報酬金ゼロ
タイムアップ{j}大衆酒場ギルド{j}おまたせしました。
≪エクストラクエスト≫は、
大衆酒場ギルドより、お送り
いたします。
ギルドの力によって用意され
た、大変穏やかで実り豊かな
フィールドで、たまにはのん
びり採取でもいかがですか？",
2269,"≪火山探索≫
【精製】超鎧玉を作ろう{j}玉のかけら１５個の納品{j}なし{j}なし{j}メインターゲットの達成{j}報酬金ゼロ
タイムアップ{j}鎧玉精製工{j}おう！ハンターの野郎ども！
元気でやってるか？
鎧玉を作りに来たぜ！
鎧玉は種類がいくつかあるが、
今回は≪超鎧玉≫だ。
≪玉のかけら≫を持ってきな！
",
2270,"≪エクストラクエスト≫
砂漠大採取・下位編{j}地図１個の納品{j}なし{j}なし{j}メインターゲットの達成{j}報酬金ゼロ
タイムアップ{j}大衆酒場ギルド{j}おまたせしました。
≪エクストラクエスト≫は、
大衆酒場ギルドより、お送り
いたします。
ギルドの力によって用意され
た実り豊かなフィールドで、
たまにはのんびり採取でも
いかがですか？",
2271,"≪エクストラクエスト≫
砂漠大採取・下位編{j}地図１個の納品{j}なし{j}なし{j}メインターゲットの達成{j}報酬金ゼロ
タイムアップ{j}大衆酒場ギルド{j}おまたせしました。
≪エクストラクエスト≫は、
大衆酒場ギルドより、お送り
いたします。
ギルドの力によって用意され
た実り豊かなフィールドで、
たまにはのんびり採取でも
いかがですか？",
2272,"≪エクストラクエスト≫
砂漠大採取・上位編{j}地図１個の納品{j}なし{j}なし{j}メインターゲットの達成{j}報酬金ゼロ
タイムアップ{j}大衆酒場ギルド{j}おまたせしました。
≪エクストラクエスト≫は、
大衆酒場ギルドより、お送り
いたします。
ギルドの力によって用意され
た実り豊かなフィールドで、
たまにはのんびり採取でも
いかがですか？",
2273,"≪エクストラクエスト≫
砂漠大採取・上位編{j}地図１個の納品{j}なし{j}なし{j}メインターゲットの達成{j}報酬金ゼロ
タイムアップ{j}大衆酒場ギルド{j}おまたせしました。
≪エクストラクエスト≫は、
大衆酒場ギルドより、お送り
いたします。
ギルドの力によって用意され
た実り豊かなフィールドで、
たまにはのんびり採取でも
いかがですか？",
2274,"≪密林探索≫
密林を裂く豪雨{j}クシャルダオラ１体の討伐{j}なし{j}なし{j}メインターゲットの達成{j}報酬金ゼロ
タイムアップ{j}大老殿ギルド{j}古龍クシャルダオラは今まで
狩猟してきたモンスターとは
まったく異質…、その存在力
は雨を嵐に変えるほどよ…。
捕獲なんて無理なことは考え
ないで慎重かつ着実に攻撃を
重ねるしかないみたいね…。",
2275,"≪密林探索≫
濃き森の幻影{j}オオナズチ１体の討伐{j}なし{j}なし{j}メインターゲットの達成{j}報酬金ゼロ
タイムアップ{j}大老殿ギルド{j}オオナズチは古龍種の中でも
異端視されている存在なの。
密林の雨はそれに味方するが
ごとくより激しさを増す…。
熟練の狩人も手に負えない。
捕獲なんて無理なことは考え
ないで慎重かつ着実に攻撃を
重ねるしかないみたいね…。",
2276,"≪砂漠探索≫
砂の嵐を呼びし龍{j}クシャルダオラ１体の討伐{j}なし{j}なし{j}メインターゲットの達成{j}報酬金ゼロ
タイムアップ{j}大老殿ギルド{j}古龍クシャルダオラは今まで
狩猟してきたモンスターとは
まったく異質…、自分の無力
さを知ることになるかも…。
捕獲なんて無理なことは考え
ないで慎重かつ着実に攻撃を
重ねるしかないみたいね…。",
2277,"≪砂漠探索≫
熱砂を焼く業炎{j}テオ・テスカトル１体の討伐{j}なし{j}なし{j}メインターゲットの達成{j}報酬金ゼロ
タイムアップ{j}大老殿ギルド{j}炎王龍テオ・テスカトルは炎
の化身とも云われる古龍で、
ケタ違いの威圧感と強暴性は
他のモンスターとは別格…。
捕獲なんて無理なことは考え
ないで慎重かつ着実に攻撃を
重ねるしかないみたいね…。",
2278,"≪沼地探索≫
サイレント{j}オオナズチ１体の討伐{j}なし{j}なし{j}メインターゲットの達成{j}報酬金ゼロ
タイムアップ{j}大老殿ギルド{j}オオナズチは古龍種の中でも
異端視されている存在ね…。
姿無きところから姿を現わし
熟練の狩人でも手に負えない。
捕獲なんて無理なことは考え
ないで慎重かつ着実に攻撃を
重ねるしかないみたいね…。",
2279,"≪沼地探索≫
炎王龍テオ・テスカトル{j}テオ・テスカトル１体の討伐{j}なし{j}なし{j}メインターゲットの達成{j}報酬金ゼロ
タイムアップ{j}大老殿ギルド{j}炎王龍テオ・テスカトルは炎
の化身とも云われる古龍。
炎をまといしその姿は近づく
だけでその者の命を削る…。
捕獲なんて無理なことは考え
ないで慎重かつ着実に攻撃を
重ねるしかないみたいね…。",
2280,"≪雪山探索≫
雪原を駆ける幻獣{j}キリン１頭の討伐{j}ギルドフラッグを山頂に設置{j}なし{j}メインターゲット、もしくは
サブターゲットＡの達成{j}報酬金ゼロ
タイムアップ{j}大老殿ギルド{j}古龍種に属される≪キリン≫
は、特定の生息域を持たない
うえにその個体数の少なさか
ら≪幻獣≫とも呼ばれる生き
物ね。雪山に行くなら山頂に
≪ギルドフラッグ≫を立てて
くるのをお願いしてもいい？",
2281,"≪雪山探索≫
吹雪の召喚者{j}クシャルダオラ１体の討伐{j}クシャルダオラの尻尾切断{j}なし{j}メインターゲット、もしくは
サブターゲットＡの達成{j}報酬金ゼロ
タイムアップ{j}大老殿ギルド{j}古龍クシャルダオラは今まで
狩猟してきたモンスターとは
まったく異質、その存在力は
雪原を吹雪に変えるほど…。
捕獲なんて無理なことは考え
ないで慎重かつ着実に攻撃を
重ねるしかないみたいね…。",
2282,"≪火山探索≫
炎国の王{j}テオ・テスカトル１体の討伐{j}テオ・テスカトルの尻尾切断{j}なし{j}メインターゲット、もしくは
サブターゲットＡの達成{j}報酬金ゼロ
タイムアップ{j}大老殿ギルド{j}炎王龍テオ・テスカトルは炎
の化身とも云われる古龍よ。
火山では全ての炎や熱が彼に
味方しているに等しい…。
捕獲なんて無理なことは考え
ないで慎重かつ着実に攻撃を
重ねるしかないみたいね…。",
2283,"≪森丘探索≫
静寂を奏でし龍{j}オオナズチ１体の討伐{j}オオナズチの角破壊{j}なし{j}メインターゲット、もしくは
サブターゲットＡの達成{j}報酬金ゼロ
タイムアップ{j}大老殿ギルド{j}オオナズチは古龍種の中でも
異端視されている存在ね…。
存在そのものすら滅多に確認
されることが無いほどだわ。
捕獲なんて無理なことは考え
ないで慎重かつ着実に攻撃を
重ねるしかないみたいね…。",
2284,"≪古塔探索≫
古塔を撃つ落雷{j}キリン１頭の討伐{j}なし{j}なし{j}メインターゲットの達成{j}報酬金ゼロ
タイムアップ{j}大老殿ギルド{j}この地の彼方に眠る、謎多き
未開の地≪古塔≫に、幻獣≪
キリン≫が現れたようね。
古塔へはいつでも行けるわけ
ではなく、天候や気候を始め
とする環境が安定してる期間
だけ…、今しかないようね。",
2285,"≪古塔探索≫
最古の龍{j}ヤマツカミ１体の討伐{j}ヤマツカミの触手破壊{j}なし{j}メインターゲット、もしくは
サブターゲットＡの達成{j}報酬金ゼロ
タイムアップ{j}大老殿ギルド{j}謎多き狩猟地≪古塔≫にて、
山が動くとの奇妙な話が届い
ておる…。ワシの推測が的中
すれば、ちと厄介な事態にな
りそうなのじゃ。事態が暗転
する前にその真実を確かめ、
話が誠ならば討伐を頼むぞ！",
2286,"≪密林探索≫
【狩猟】密林の怪鳥{j}イャンクック変種１頭{j}主目標への一定ダメージ{j}なし{j}メインターゲットの狩猟、
またはサブターゲットの達成{j}報酬金ゼロ
タイムアップ{j}メゼポルタ猟団組合{j}各地から変種や奇種の発見報
告が上げられています。
変種は原種系、奇種は亜種系
に酷似した姿とのことですが、
真相は謎です。
その種に共通する特徴を強く
持ち、そこから汎用性に優れ
た素材が取れるそうですよ。",
2287,"≪密林探索≫
【討伐】密林の怪鳥{j}イャンクック変種１頭{j}なし{j}なし{j}メインターゲットの討伐{j}報酬金ゼロ
タイムアップ{j}メゼポルタ猟団組合{j}各地から変種や奇種の発見報
告が上げられています。
変種は原種系、奇種は亜種系
に酷似した姿とのことですが、
真相は謎です。
その種に共通する特徴を強く
持ち、そこから汎用性に優れ
た素材が取れるそうですよ。",
2288,"≪密林探索≫
【捕獲】密林の怪鳥{j}イャンクック変種１頭{j}なし{j}なし{j}メインターゲットの捕獲{j}報酬金ゼロ
タイムアップ{j}メゼポルタ猟団組合{j}各地から変種や奇種の発見報
告が上げられています。
変種は原種系、奇種は亜種系
に酷似した姿とのことですが、
真相は謎です。
その種に共通する特徴を強く
持ち、そこから汎用性に優れ
た素材が取れるそうですよ。",
2289,"≪砂漠探索≫
【狩猟】砂漠の水竜{j}ガノトトス変種１頭{j}主目標への一定ダメージ{j}なし{j}メインターゲットの狩猟、
またはサブターゲットの達成{j}報酬金ゼロ
タイムアップ{j}メゼポルタ猟団組合{j}各地から変種や奇種の発見報
告が上げられています。
変種は原種系、奇種は亜種系
に酷似した姿とのことですが、
真相は謎です。
その種に共通する特徴を強く
持ち、そこから汎用性に優れ
た素材が取れるそうですよ。",
2290,"≪砂漠探索≫
【討伐】砂漠の水竜{j}ガノトトス変種１頭{j}なし{j}なし{j}メインターゲットの討伐{j}報酬金ゼロ
タイムアップ{j}メゼポルタ猟団組合{j}各地から変種や奇種の発見報
告が上げられています。
変種は原種系、奇種は亜種系
に酷似した姿とのことですが、
真相は謎です。
その種に共通する特徴を強く
持ち、そこから汎用性に優れ
た素材が取れるそうですよ。",
2291,"≪砂漠探索≫
【捕獲】砂漠の水竜{j}ガノトトス変種１頭{j}なし{j}なし{j}メインターゲットの捕獲{j}報酬金ゼロ
タイムアップ{j}メゼポルタ猟団組合{j}各地から変種や奇種の発見報
告が上げられています。
変種は原種系、奇種は亜種系
に酷似した姿とのことですが、
真相は謎です。
その種に共通する特徴を強く
持ち、そこから汎用性に優れ
た素材が取れるそうですよ。",
2292,"≪砂漠探索≫
【狩猟】砂漠の角竜{j}ディアブロス変種１頭{j}主目標への一定ダメージ{j}なし{j}メインターゲットの狩猟、
またはサブターゲットの達成{j}報酬金ゼロ
タイムアップ{j}メゼポルタ猟団組合{j}各地から変種や奇種の発見報
告が上げられています。
変種は原種系、奇種は亜種系
に酷似した姿とのことですが、
真相は謎です。
その種に共通する特徴を強く
持ち、そこから汎用性に優れ
た素材が取れるそうですよ。",
2293,"≪砂漠探索≫
【討伐】砂漠の角竜{j}ディアブロス変種１頭{j}なし{j}なし{j}メインターゲットの討伐{j}報酬金ゼロ
タイムアップ{j}メゼポルタ猟団組合{j}各地から変種や奇種の発見報
告が上げられています。
変種は原種系、奇種は亜種系
に酷似した姿とのことですが、
真相は謎です。
その種に共通する特徴を強く
持ち、そこから汎用性に優れ
た素材が取れるそうですよ。",
2294,"≪砂漠探索≫
【捕獲】砂漠の角竜{j}ディアブロス変種１頭{j}なし{j}なし{j}メインターゲットの捕獲{j}報酬金ゼロ
タイムアップ{j}メゼポルタ猟団組合{j}各地から変種や奇種の発見報
告が上げられています。
変種は原種系、奇種は亜種系
に酷似した姿とのことですが、
真相は謎です。
その種に共通する特徴を強く
持ち、そこから汎用性に優れ
た素材が取れるそうですよ。",
2295,"≪沼地探索≫
【狩猟】沼地の鎌蟹{j}ショウグンギザミ変種１匹{j}主目標への一定ダメージ{j}なし{j}メインターゲットの狩猟、
またはサブターゲットの達成{j}報酬金ゼロ
タイムアップ{j}メゼポルタ猟団組合{j}各地から変種や奇種の発見報
告が上げられています。
変種は原種系、奇種は亜種系
に酷似した姿とのことですが、
真相は謎です。
その種に共通する特徴を強く
持ち、そこから汎用性に優れ
た素材が取れるそうですよ。",
2296,"≪沼地探索≫
【討伐】沼地の鎌蟹{j}ショウグンギザミ変種１匹{j}なし{j}なし{j}メインターゲットの討伐{j}報酬金ゼロ
タイムアップ{j}メゼポルタ猟団組合{j}各地から変種や奇種の発見報
告が上げられています。
変種は原種系、奇種は亜種系
に酷似した姿とのことですが、
真相は謎です。
その種に共通する特徴を強く
持ち、そこから汎用性に優れ
た素材が取れるそうですよ。",
2297,"≪沼地探索≫
【捕獲】沼地の鎌蟹{j}ショウグンギザミ変種１匹{j}なし{j}なし{j}メインターゲットの捕獲{j}報酬金ゼロ
タイムアップ{j}メゼポルタ猟団組合{j}各地から変種や奇種の発見報
告が上げられています。
変種は原種系、奇種は亜種系
に酷似した姿とのことですが、
真相は謎です。
その種に共通する特徴を強く
持ち、そこから汎用性に優れ
た素材が取れるそうですよ。",
2298,"≪火山探索≫
【狩猟】火山の金獅子{j}ラージャン変種１頭{j}主目標への一定ダメージ{j}なし{j}メインターゲットの狩猟、
またはサブターゲットの達成{j}報酬金ゼロ
タイムアップ{j}メゼポルタ猟団組合{j}各地から変種や奇種の発見報
告が上げられています。
変種は原種系、奇種は亜種系
に酷似した姿とのことですが、
真相は謎です。
その種に共通する特徴を強く
持ち、そこから汎用性に優れ
た素材が取れるそうですよ。",
2299,"≪火山探索≫
【討伐】火山の金獅子{j}ラージャン変種１頭{j}なし{j}なし{j}メインターゲットの討伐{j}報酬金ゼロ
タイムアップ{j}メゼポルタ猟団組合{j}各地から変種や奇種の発見報
告が上げられています。
変種は原種系、奇種は亜種系
に酷似した姿とのことですが、
真相は謎です。
その種に共通する特徴を強く
持ち、そこから汎用性に優れ
た素材が取れるそうですよ。",
2300,"≪火山探索≫
【捕獲】火山の金獅子{j}ラージャン変種１頭{j}なし{j}なし{j}メインターゲットの捕獲{j}報酬金ゼロ
タイムアップ{j}メゼポルタ猟団組合{j}各地から変種や奇種の発見報
告が上げられています。
変種は原種系、奇種は亜種系
に酷似した姿とのことですが、
真相は謎です。
その種に共通する特徴を強く
持ち、そこから汎用性に優れ
た素材が取れるそうですよ。",
2301,"≪古塔探索≫
【狩猟】古塔の火竜{j}リオレウス変種１頭{j}主目標への一定ダメージ{j}なし{j}メインターゲットの狩猟、
またはサブターゲットの達成{j}報酬金ゼロ
タイムアップ{j}メゼポルタ猟団組合{j}各地から変種や奇種の発見報
告が上げられています。
変種は原種系、奇種は亜種系
に酷似した姿とのことですが、
真相は謎です。
その種に共通する特徴を強く
持ち、そこから汎用性に優れ
た素材が取れるそうですよ。",
2302,"≪古塔探索≫
【討伐】古塔の火竜{j}リオレウス変種１頭{j}なし{j}なし{j}メインターゲットの討伐{j}報酬金ゼロ
タイムアップ{j}メゼポルタ猟団組合{j}各地から変種や奇種の発見報
告が上げられています。
変種は原種系、奇種は亜種系
に酷似した姿とのことですが、
真相は謎です。
その種に共通する特徴を強く
持ち、そこから汎用性に優れ
た素材が取れるそうですよ。",
2303,"≪古塔探索≫
【捕獲】古塔の火竜{j}リオレウス変種１頭{j}なし{j}なし{j}メインターゲットの捕獲{j}報酬金ゼロ
タイムアップ{j}メゼポルタ猟団組合{j}各地から変種や奇種の発見報
告が上げられています。
変種は原種系、奇種は亜種系
に酷似した姿とのことですが、
真相は謎です。
その種に共通する特徴を強く
持ち、そこから汎用性に優れ
た素材が取れるそうですよ。",
2304,"≪樹海探索≫
【討伐】覚醒、棘竜{j}エスピナス変種１頭{j}なし{j}なし{j}メインターゲットの討伐{j}報酬金ゼロ
タイムアップ{j}メゼポルタ猟団組合{j}各地から変種や奇種の発見報
告が上げられています。
変種は原種系、奇種は亜種系
に酷似した姿とのことですが、
真相は謎です。
その種に共通する特徴を強く
持ち、そこから汎用性に優れ
た素材が取れるそうですよ。",
2305,"≪樹海探索≫
【捕獲】覚醒、棘竜{j}エスピナス変種１頭{j}なし{j}なし{j}メインターゲットの捕獲{j}報酬金ゼロ
タイムアップ{j}メゼポルタ猟団組合{j}各地から変種や奇種の発見報
告が上げられています。
変種は原種系、奇種は亜種系
に酷似した姿とのことですが、
真相は謎です。
その種に共通する特徴を強く
持ち、そこから汎用性に優れ
た素材が取れるそうですよ。",
2306,"≪火山探索≫
【精製】極鎧玉を作ろう{j}玉のかけら２０個の納品{j}なし{j}なし{j}メインターゲットの達成{j}報酬金ゼロ
タイムアップ{j}鎧玉精製工{j}おう！ハンターの野郎ども！
元気でやってるか？
鎧玉を作りに来たぜ！
鎧玉は種類がいくつかあるが、
今回は≪極鎧玉≫だ。
≪玉のかけら≫を持ってきな！",
2307,"≪エクストラクエスト≫
森丘大採取・上位編{j}地図１個の納品{j}なし{j}なし{j}メインターゲットの達成{j}報酬金ゼロ
タイムアップ{j}大衆酒場ギルド{j}おまたせしました。
≪エクストラクエスト≫は、
大衆酒場ギルドより、お送り
いたします。
ギルドの力によって用意され
た、大変穏やかで実り豊かな
フィールドで、たまにはのん
びり採取でもいかがですか？",
2308,"≪エクストラクエスト≫
森丘大採取・上位編{j}地図１個の納品{j}なし{j}なし{j}メインターゲットの達成{j}報酬金ゼロ
タイムアップ{j}大衆酒場ギルド{j}おまたせしました。
≪エクストラクエスト≫は、
大衆酒場ギルドより、お送り
いたします。
ギルドの力によって用意され
た、大変穏やかで実り豊かな
フィールドで、たまにはのん
びり採取でもいかがですか？",
2309,"≪砂漠探索≫
【狩猟】砂漠の砂竜{j}ドスガレオス変種１頭{j}主目標への一定ダメージ{j}なし{j}メインターゲットの狩猟、
またはサブターゲットの達成{j}報酬金ゼロ
タイムアップ{j}メゼポルタ猟団組合{j}各地から変種や奇種の発見報
告が上げられています。
変種は原種系、奇種は亜種系
に酷似した姿とのことですが、
真相は謎です。
その種に共通する特徴を強く
持ち、そこから汎用性に優れ
た素材が取れるそうですよ。",
2310,"≪砂漠探索≫
【討伐】砂漠の砂竜{j}ドスガレオス変種１頭{j}なし{j}なし{j}メインターゲットの討伐{j}報酬金ゼロ
タイムアップ{j}メゼポルタ猟団組合{j}各地から変種や奇種の発見報
告が上げられています。
変種は原種系、奇種は亜種系
に酷似した姿とのことですが、
真相は謎です。
その種に共通する特徴を強く
持ち、そこから汎用性に優れ
た素材が取れるそうですよ。",
2311,"≪砂漠探索≫
【捕獲】砂漠の砂竜{j}ドスガレオス変種１頭{j}なし{j}なし{j}メインターゲットの捕獲{j}報酬金ゼロ
タイムアップ{j}メゼポルタ猟団組合{j}各地から変種や奇種の発見報
告が上げられています。
変種は原種系、奇種は亜種系
に酷似した姿とのことですが、
真相は謎です。
その種に共通する特徴を強く
持ち、そこから汎用性に優れ
た素材が取れるそうですよ。",
2312,"≪沼地探索≫
【狩猟】沼地の桃毛獣{j}ババコンガ変種１頭{j}主目標への一定ダメージ{j}なし{j}メインターゲットの狩猟、
またはサブターゲットの達成{j}報酬金ゼロ
タイムアップ{j}メゼポルタ猟団組合{j}各地から変種や奇種の発見報
告が上げられています。
変種は原種系、奇種は亜種系
に酷似した姿とのことですが、
真相は謎です。
その種に共通する特徴を強く
持ち、そこから汎用性に優れ
た素材が取れるそうですよ。",
2313,"≪沼地探索≫
【討伐】沼地の桃毛獣{j}ババコンガ変種１頭{j}なし{j}なし{j}メインターゲットの討伐{j}報酬金ゼロ
タイムアップ{j}メゼポルタ猟団組合{j}各地から変種や奇種の発見報
告が上げられています。
変種は原種系、奇種は亜種系
に酷似した姿とのことですが、
真相は謎です。
その種に共通する特徴を強く
持ち、そこから汎用性に優れ
た素材が取れるそうですよ。",
2314,"≪沼地探索≫
【捕獲】沼地の桃毛獣{j}ババコンガ変種１頭{j}なし{j}なし{j}メインターゲットの捕獲{j}報酬金ゼロ
タイムアップ{j}メゼポルタ猟団組合{j}各地から変種や奇種の発見報
告が上げられています。
変種は原種系、奇種は亜種系
に酷似した姿とのことですが、
真相は謎です。
その種に共通する特徴を強く
持ち、そこから汎用性に優れ
た素材が取れるそうですよ。",
2315,"≪火山探索≫
【狩猟】火山の岩竜{j}バサルモス変種１頭{j}主目標への一定ダメージ{j}なし{j}メインターゲットの狩猟、
またはサブターゲットの達成{j}報酬金ゼロ
タイムアップ{j}メゼポルタ猟団組合{j}各地から変種や奇種の発見報
告が上げられています。
変種は原種系、奇種は亜種系
に酷似した姿とのことですが、
真相は謎です。
その種に共通する特徴を強く
持ち、そこから汎用性に優れ
た素材が取れるそうですよ。",
2316,"≪火山探索≫
【討伐】火山の岩竜{j}バサルモス変種１頭{j}なし{j}なし{j}メインターゲットの討伐{j}報酬金ゼロ
タイムアップ{j}メゼポルタ猟団組合{j}各地から変種や奇種の発見報
告が上げられています。
変種は原種系、奇種は亜種系
に酷似した姿とのことですが、
真相は謎です。
その種に共通する特徴を強く
持ち、そこから汎用性に優れ
た素材が取れるそうですよ。",
2317,"≪火山探索≫
【捕獲】火山の岩竜{j}バサルモス変種１頭{j}なし{j}なし{j}メインターゲットの捕獲{j}報酬金ゼロ
タイムアップ{j}メゼポルタ猟団組合{j}各地から変種や奇種の発見報
告が上げられています。
変種は原種系、奇種は亜種系
に酷似した姿とのことですが、
真相は謎です。
その種に共通する特徴を強く
持ち、そこから汎用性に優れ
た素材が取れるそうですよ。",
2318,"≪火山探索≫
【狩猟】火山の鎧竜{j}グラビモス変種１頭{j}主目標への一定ダメージ{j}なし{j}メインターゲットの狩猟、
またはサブターゲットの達成{j}報酬金ゼロ
タイムアップ{j}メゼポルタ猟団組合{j}各地から変種や奇種の発見報
告が上げられています。
変種は原種系、奇種は亜種系
に酷似した姿とのことですが、
真相は謎です。
その種に共通する特徴を強く
持ち、そこから汎用性に優れ
た素材が取れるそうですよ。",
2319,"≪火山探索≫
【討伐】火山の鎧竜{j}グラビモス変種１頭{j}なし{j}なし{j}メインターゲットの討伐{j}報酬金ゼロ
タイムアップ{j}メゼポルタ猟団組合{j}各地から変種や奇種の発見報
告が上げられています。
変種は原種系、奇種は亜種系
に酷似した姿とのことですが、
真相は謎です。
その種に共通する特徴を強く
持ち、そこから汎用性に優れ
た素材が取れるそうですよ。",
2320,"≪火山探索≫
【捕獲】火山の鎧竜{j}グラビモス変種１頭{j}なし{j}なし{j}メインターゲットの捕獲{j}報酬金ゼロ
タイムアップ{j}メゼポルタ猟団組合{j}各地から変種や奇種の発見報
告が上げられています。
変種は原種系、奇種は亜種系
に酷似した姿とのことですが、
真相は謎です。
その種に共通する特徴を強く
持ち、そこから汎用性に優れ
た素材が取れるそうですよ。",
2321,"≪雪山探索≫
【狩猟】雪山の轟竜{j}ティガレックス変種１頭{j}主目標への一定ダメージ{j}なし{j}メインターゲットの狩猟、
またはサブターゲットの達成{j}報酬金ゼロ
タイムアップ{j}メゼポルタ猟団組合{j}各地から変種や奇種の発見報
告が上げられています。
変種は原種系、奇種は亜種系
に酷似した姿とのことですが、
真相は謎です。
その種に共通する特徴を強く
持ち、そこから汎用性に優れ
た素材が取れるそうですよ。",
2322,"≪雪山探索≫
【討伐】雪山の轟竜{j}ティガレックス変種１頭{j}なし{j}なし{j}メインターゲットの討伐{j}報酬金ゼロ
タイムアップ{j}メゼポルタ猟団組合{j}各地から変種や奇種の発見報
告が上げられています。
変種は原種系、奇種は亜種系
に酷似した姿とのことですが、
真相は謎です。
その種に共通する特徴を強く
持ち、そこから汎用性に優れ
た素材が取れるそうですよ。",
2323,"≪雪山探索≫
【捕獲】雪山の轟竜{j}ティガレックス変種１頭{j}なし{j}なし{j}メインターゲットの捕獲{j}報酬金ゼロ
タイムアップ{j}メゼポルタ猟団組合{j}各地から変種や奇種の発見報
告が上げられています。
変種は原種系、奇種は亜種系
に酷似した姿とのことですが、
真相は謎です。
その種に共通する特徴を強く
持ち、そこから汎用性に優れ
た素材が取れるそうですよ。",
2324,"≪密林探索≫
【狩猟】密林の黒狼鳥{j}イャンガルルガ変種１頭{j}主目標への一定ダメージ{j}なし{j}メインターゲットの狩猟、
またはサブターゲットの達成{j}報酬金ゼロ
タイムアップ{j}メゼポルタ猟団組合{j}各地から変種や奇種の発見報
告が上げられています。
変種は原種系、奇種は亜種系
に酷似した姿とのことですが、
真相は謎です。
その種に共通する特徴を強く
持ち、そこから汎用性に優れ
た素材が取れるそうですよ。",
2325,"≪密林探索≫
【討伐】密林の黒狼鳥{j}イャンガルルガ変種１頭{j}なし{j}なし{j}メインターゲットの討伐{j}報酬金ゼロ
タイムアップ{j}メゼポルタ猟団組合{j}各地から変種や奇種の発見報
告が上げられています。
変種は原種系、奇種は亜種系
に酷似した姿とのことですが、
真相は謎です。
その種に共通する特徴を強く
持ち、そこから汎用性に優れ
た素材が取れるそうですよ。",
2326,"≪密林探索≫
【捕獲】密林の黒狼鳥{j}イャンガルルガ変種１頭{j}なし{j}なし{j}メインターゲットの捕獲{j}報酬金ゼロ
タイムアップ{j}メゼポルタ猟団組合{j}各地から変種や奇種の発見報
告が上げられています。
変種は原種系、奇種は亜種系
に酷似した姿とのことですが、
真相は謎です。
その種に共通する特徴を強く
持ち、そこから汎用性に優れ
た素材が取れるそうですよ。",
2327,"≪古塔探索≫
渾身の一撃{j}エスピナス亜種１頭の狩猟{j}なし{j}なし{j}メインターゲットの達成{j}報酬金ゼロ
タイムアップ{j}メゼポルタ猟団組合{j}樹海に程近い塔の頂に、エス
ピナスの亜種が出現しました。
王立古生物書士隊の残した文
献によれば、力を溜めて繰り
出す渾身の一撃には、防御は
一切役に立たなかったという
記述が残っています。
ご注意ください。",
2328,"≪エクストラクエスト≫
沼地大採取・下位編{j}地図１個の納品{j}なし{j}なし{j}メインターゲットの達成{j}報酬金ゼロ
タイムアップ{j}大衆酒場ギルド{j}おまたせしました。
≪エクストラクエスト≫は、
大衆酒場ギルドより、お送り
いたします。
ギルドの力によって用意され
た、大変穏やかで実り豊かな
フィールドで、たまにはのん
びり採取でもいかがですか？",
2329,"≪エクストラクエスト≫
沼地大採取・下位編{j}地図１個の納品{j}なし{j}なし{j}メインターゲットの達成{j}報酬金ゼロ
タイムアップ{j}大衆酒場ギルド{j}おまたせしました。
≪エクストラクエスト≫は、
大衆酒場ギルドより、お送り
いたします。
ギルドの力によって用意され
た、大変穏やかで実り豊かな
フィールドで、たまにはのん
びり採取でもいかがですか？",
2330,"≪エクストラクエスト≫
沼地大採取・上位編{j}地図１個の納品{j}なし{j}なし{j}メインターゲットの達成{j}報酬金ゼロ
タイムアップ{j}大衆酒場ギルド{j}おまたせしました。
≪エクストラクエスト≫は、
大衆酒場ギルドより、お送り
いたします。
ギルドの力によって用意され
た、大変穏やかで実り豊かな
フィールドで、たまにはのん
びり採取でもいかがですか？",
2331,"≪エクストラクエスト≫
沼地大採取・上位編{j}地図１個の納品{j}なし{j}なし{j}メインターゲットの達成{j}報酬金ゼロ
タイムアップ{j}大衆酒場ギルド{j}おまたせしました。
≪エクストラクエスト≫は、
大衆酒場ギルドより、お送り
いたします。
ギルドの力によって用意され
た、大変穏やかで実り豊かな
フィールドで、たまにはのん
びり採取でもいかがですか？",
2332,"≪砂漠探索≫
幻惑の結晶石{j}アクラ・ヴァシム１匹の討伐{j}なし{j}なし{j}メインターゲットの達成{j}報酬金ゼロ
タイムアップ{j}大老殿ギルド{j}遠大な周期で発生する甲殻種
≪アクラ・ヴァシム≫…。
近年当たり年となって、無数
の孵化があったそうよ…。
その回復力や生命力の源は、
体色をも変容させる体液にあ
るとかで、不老長寿を求める
権力者たちに大人気とか…。
どう？いい儲け話じゃない？",
2333,"≪砂漠探索≫
【討伐】砂漠の尾晶蠍{j}アクラ・ヴァシム変種１匹{j}なし{j}なし{j}メインターゲットの討伐{j}報酬金ゼロ
タイムアップ{j}メゼポルタ猟団組合{j}各地から変種や奇種の発見報
告が上げられています。
変種は原種系、奇種は亜種系
に酷似した姿とのことですが、
真相は謎です。
その種に共通する特徴を強く
持ち、そこから汎用性に優れ
た素材が取れるそうですよ。",
2334,"≪沼地探索≫
一撃必殺？{j}ドスファンゴ変種１頭{j}なし{j}なし{j}メインターゲットの狩猟{j}報酬金ゼロ
タイムアップ{j}メゼポルタ猟団組合{j}沼地で、極めて強力なドス
ファンゴの変種が確認されて
います。大至急、退治して
きてください！
普通のドスファンゴと同じ
ように考えていると痛い目
を見ますよ！",
2335,"≪沼地探索≫
【狩猟】沼地の毒怪鳥{j}ゲリョス変種１頭{j}主目標への一定ダメージ{j}なし{j}メインターゲットの狩猟、
またはサブターゲットの達成{j}報酬金ゼロ
タイムアップ{j}メゼポルタ猟団組合{j}各地から変種や奇種の発見報
告が上げられています。
変種は原種系、奇種は亜種系
に酷似した姿とのことですが、
真相は謎です。
その種に共通する特徴を強く
持ち、そこから汎用性に優れ
た素材が取れるそうですよ。",
2336,"≪古塔探索≫
古の賛歌{j}リオレイア変種１頭{j}リオレウス変種１頭{j}なし{j}マストオーダー記載モンスター
全ての狩猟{j}報酬金ゼロ
タイムアップ{j}旅の楽師{j}ある異国で、素晴らしい音楽
に出会ったのだ。
長年、音楽を奏でることを生
業としてきた私の魂を揺さぶ
るものだった…。
私の用意する装備で、戦い抜
いてきたハンター諸君にだけ、
その音楽の書を譲ろう…。",
2337,"≪闘技場戦≫
戦慄の赤と青{j}ドスイーオス変種１頭{j}ドスランポス変種１頭{j}なし{j}マストオーダー全ての狩猟{j}報酬金ゼロ
タイムアップ{j}大老殿ギルド{j}凄腕のハンターさん限定の
依頼です。
大闘技場で多くの鳥竜種が
暴れています！
中心はどうやらドスイーオス
とドスランポスの変種のよう
です。沈静化のため、両方と
も狩猟してきてください。",
2338,"≪砂漠探索≫
衝撃の黄{j}ドスゲネポス変種２頭{j}ドスゲネポス変種１頭{j}なし{j}メインターゲットの狩猟、
またはサブターゲットの狩猟{j}報酬金ゼロ
タイムアップ{j}大老殿ギルド{j}凄腕のハンターさん限定の
依頼です。
砂漠で、複数のドスゲネポス
変種が確認されました。
凶暴な個体のため、注意して
２頭狩猟してきてください。
難しいようでしたら、１頭で
戻ってきても結構です。
頑張ってきてください！",
2339,"≪沼地探索≫
魅惑の血晶石{j}アクラ・ジェビア１匹の討伐{j}なし{j}なし{j}メインターゲットの達成{j}報酬金ゼロ
タイムアップ{j}大老殿ギルド{j}ギルドに残る古の文献によれ
ば、アクラ・ヴァシムの亜種
は≪アクラ・ジェビア≫と呼
ばれていたらしいわ…。
古の文献に、尾の切れた姿が
載っていないのは、それほど
に討伐が困難だった証拠…。
功名心は命取りね…。",
2340,"≪エクストラクエスト≫
古塔大採取・下位編{j}地図１個の納品{j}なし{j}なし{j}メインターゲットの達成{j}報酬金ゼロ
タイムアップ{j}大衆酒場ギルド{j}おまたせしました。
≪エクストラクエスト≫は、
大衆酒場ギルドより、お送り
いたします。
ギルドの力によって用意され
た、大変穏やかで実り豊かな
フィールドで、たまにはのん
びり採取でもいかがですか？",
2341,"≪エクストラクエスト≫
古塔大採取・上位編{j}地図１個の納品{j}なし{j}なし{j}メインターゲットの達成{j}報酬金ゼロ
タイムアップ{j}大衆酒場ギルド{j}おまたせしました。
≪エクストラクエスト≫は、
大衆酒場ギルドより、お送り
いたします。
ギルドの力によって用意され
た、大変穏やかで実り豊かな
フィールドで、たまにはのん
びり採取でもいかがですか？",
2342,"≪プレミアムクエスト≫
雌火竜を狩猟せよ【２人向け】{j}リオレイア１頭の狩猟{j}なし{j}なし{j}メインターゲットの達成{j}報酬金ゼロ
タイムアップ{j}大衆酒場ギルド{j}≪プレミアムクエスト≫を、
大衆酒場ギルドより、お送り
いたします。
こちらは、１人～２人向けの
クエストとなっていて、下位
モンスターの狩猟となります。
多くのＨＲＰとポルタチケッ
トを用意させていただきまし
たので奮ってご参加ください。",
2343,"≪プレミアムクエスト≫
眠鳥を狩猟せよ【２人向け】{j}ヒプノック１頭の狩猟{j}なし{j}なし{j}メインターゲットの達成{j}報酬金ゼロ
タイムアップ{j}大衆酒場ギルド{j}≪プレミアムクエスト≫を、
大衆酒場ギルドより、お送り
いたします。
こちらは、１人～２人向けの
クエストとなっていて、下位
モンスターの狩猟となります。
多くのＨＲＰとポルタチケッ
トを用意させていただきまし
たので奮ってご参加ください。",
2344,"≪プレミアムクエスト≫
鎌蟹を狩猟せよ【２人向け】{j}ショウグンギザミ１匹の狩猟{j}なし{j}なし{j}メインターゲットの達成{j}報酬金ゼロ
タイムアップ{j}大衆酒場ギルド{j}≪プレミアムクエスト≫を、
大衆酒場ギルドより、お送り
いたします。
こちらは、１人～２人向けの
クエストとなっていて、下位
モンスターの狩猟となります。
多くのＨＲＰとポルタチケッ
トを用意させていただきまし
たので奮ってご参加ください。",
2345,"≪プレミアムクエスト≫
白影を狩猟せよ【２人向け】{j}フルフル１頭の狩猟{j}なし{j}なし{j}メインターゲットの達成{j}報酬金ゼロ
タイムアップ{j}大衆酒場ギルド{j}≪プレミアムクエスト≫を、
大衆酒場ギルドより、お送り
いたします。
こちらは、１人～２人向けの
クエストとなっていて、下位
モンスターの狩猟となります。
多くのＨＲＰとポルタチケッ
トを用意させていただきまし
たので奮ってご参加ください。",
2346,"≪プレミアムクエスト≫
雪獅子を狩猟せよ【２人向け】{j}ドドブランゴ１頭の狩猟{j}なし{j}なし{j}メインターゲットの達成{j}報酬金ゼロ
タイムアップ{j}大衆酒場ギルド{j}≪プレミアムクエスト≫を、
大衆酒場ギルドより、お送り
いたします。
こちらは、１人～２人向けの
クエストとなっていて、下位
モンスターの狩猟となります。
多くのＨＲＰとポルタチケッ
トを用意させていただきまし
たので奮ってご参加ください。",
2347,"≪プレミアムクエスト≫
火竜を狩猟せよ【２人向け】{j}リオレウス１頭の狩猟{j}なし{j}なし{j}メインターゲットの達成{j}報酬金ゼロ
タイムアップ{j}大衆酒場ギルド{j}≪プレミアムクエスト≫を、
大衆酒場ギルドより、お送り
いたします。
こちらは、１人～２人向けの
クエストとなっていて、下位
モンスターの狩猟となります。
多くのＨＲＰとポルタチケッ
トを用意させていただきまし
たので奮ってご参加ください。",
2348,"≪プレミアムクエスト≫
角竜を狩猟せよ【２人向け】{j}ディアブロス１頭の狩猟{j}なし{j}なし{j}メインターゲットの達成{j}報酬金ゼロ
タイムアップ{j}大衆酒場ギルド{j}≪プレミアムクエスト≫を、
大衆酒場ギルドより、お送り
いたします。
こちらは、１人～２人向けの
クエストとなっていて、下位
モンスターの狩猟となります。
多くのＨＲＰとポルタチケッ
トを用意させていただきまし
たので奮ってご参加ください。",
2349,"≪プレミアムクエスト≫
溶岩竜を狩猟せよ【２人向け】{j}ヴォルガノス１頭の狩猟{j}なし{j}なし{j}メインターゲットの達成{j}報酬金ゼロ
タイムアップ{j}大衆酒場ギルド{j}≪プレミアムクエスト≫を、
大衆酒場ギルドより、お送り
いたします。
こちらは、１人～２人向けの
クエストとなっていて、下位
モンスターの狩猟となります。
多くのＨＲＰとポルタチケッ
トを用意させていただきまし
たので奮ってご参加ください。",
2350,"≪プレミアムクエスト≫
雌火竜を狩猟せよ【４人向け】{j}リオレイア１頭の狩猟{j}なし{j}なし{j}メインターゲットの達成{j}報酬金ゼロ
タイムアップ{j}大衆酒場ギルド{j}≪プレミアムクエスト≫を、
大衆酒場ギルドより、お送り
いたします。
こちらは、３人～４人向けの
クエストとなっていて、上位
モンスターの狩猟となります。
多くのＨＲＰとポルタチケッ
トを用意させていただきまし
たので奮ってご参加ください。",
2351,"≪プレミアムクエスト≫
眠鳥を狩猟せよ【４人向け】{j}ヒプノック１頭の狩猟{j}なし{j}なし{j}メインターゲットの達成{j}報酬金ゼロ
タイムアップ{j}大衆酒場ギルド{j}≪プレミアムクエスト≫を、
大衆酒場ギルドより、お送り
いたします。
こちらは、３人～４人向けの
クエストとなっていて、上位
モンスターの狩猟となります。
多くのＨＲＰとポルタチケッ
トを用意させていただきまし
たので奮ってご参加ください。",
2352,"≪プレミアムクエスト≫
鎌蟹を狩猟せよ【４人向け】{j}ショウグンギザミ１匹の狩猟{j}なし{j}なし{j}メインターゲットの達成{j}報酬金ゼロ
タイムアップ{j}大衆酒場ギルド{j}≪プレミアムクエスト≫を、
大衆酒場ギルドより、お送り
いたします。
こちらは、３人～４人向けの
クエストとなっていて、上位
モンスターの狩猟となります。
多くのＨＲＰとポルタチケッ
トを用意させていただきまし
たので奮ってご参加ください。",
2353,"≪プレミアムクエスト≫
白影を狩猟せよ【４人向け】{j}フルフル１頭の狩猟{j}なし{j}なし{j}メインターゲットの達成{j}報酬金ゼロ
タイムアップ{j}大衆酒場ギルド{j}≪プレミアムクエスト≫を、
大衆酒場ギルドより、お送り
いたします。
こちらは、３人～４人向けの
クエストとなっていて、上位
モンスターの狩猟となります。
多くのＨＲＰとポルタチケッ
トを用意させていただきまし
たので奮ってご参加ください。",
2354,"≪プレミアムクエスト≫
雪獅子を狩猟せよ【４人向け】{j}ドドブランゴ１頭の狩猟{j}なし{j}なし{j}メインターゲットの達成{j}報酬金ゼロ
タイムアップ{j}大衆酒場ギルド{j}≪プレミアムクエスト≫を、
大衆酒場ギルドより、お送り
いたします。
こちらは、３人～４人向けの
クエストとなっていて、上位
モンスターの狩猟となります。
多くのＨＲＰとポルタチケッ
トを用意させていただきまし
たので奮ってご参加ください。",
2355,"≪プレミアムクエスト≫
火竜を狩猟せよ【４人向け】{j}リオレウス１頭の狩猟{j}なし{j}なし{j}メインターゲットの達成{j}報酬金ゼロ
タイムアップ{j}大衆酒場ギルド{j}≪プレミアムクエスト≫を、
大衆酒場ギルドより、お送り
いたします。
こちらは、３人～４人向けの
クエストとなっていて、上位
モンスターの狩猟となります。
多くのＨＲＰとポルタチケッ
トを用意させていただきまし
たので奮ってご参加ください。",
2356,"≪プレミアムクエスト≫
角竜を狩猟せよ【４人向け】{j}ディアブロス１頭の狩猟{j}なし{j}なし{j}メインターゲットの達成{j}報酬金ゼロ
タイムアップ{j}大衆酒場ギルド{j}≪プレミアムクエスト≫を、
大衆酒場ギルドより、お送り
いたします。
こちらは、３人～４人向けの
クエストとなっていて、上位
モンスターの狩猟となります。
多くのＨＲＰとポルタチケッ
トを用意させていただきまし
たので奮ってご参加ください。",
2357,"≪プレミアムクエスト≫
溶岩竜を狩猟せよ【４人向け】{j}ヴォルガノス１頭の狩猟{j}なし{j}なし{j}メインターゲットの達成{j}報酬金ゼロ
タイムアップ{j}大衆酒場ギルド{j}≪プレミアムクエスト≫を、
大衆酒場ギルドより、お送り
いたします。
こちらは、３人～４人向けの
クエストとなっていて、上位
モンスターの狩猟となります。
多くのＨＲＰとポルタチケッ
トを用意させていただきまし
たので奮ってご参加ください。",
2358,"≪樹海探索≫
異常発生！ランゴスタ{j}ランゴスタ４０匹の討伐{j}ランゴスタ１０匹の討伐{j}なし{j}メインターゲット、もしくは
サブターゲットＡの達成{j}報酬金ゼロ
タイムアップ{j}疲れ顔の冒険家{j}未開の地に広大な樹海を発見
したんだ。足を踏み入れると
ランゴスタの大群さ！
逃げるのに必死で荷物を残し
てきてしまった。大事な荷物
なんだ！誰かあの大群を追い
払ってくれないか！
",
2359,"≪樹海探索≫
異常発生！カンタロス{j}カンタロス４０匹の討伐{j}カンタロス１０匹の討伐{j}なし{j}メインターゲット、もしくは
サブターゲットＡの達成{j}報酬金ゼロ
タイムアップ{j}疲れ顔の冒険家{j}五月蝿いあいつらがいなく
なったと思ったら、今度は
足元を埋め尽くさんばかりの
カンタロスの大群！
大事な荷物を残してきたまま
なんだ！誰かあいつらを追い
払ってくれよ！

",
2360,"≪古塔探索≫
忌まわしき群れ{j}ガブラス８頭の討伐{j}なし{j}なし{j}メインターゲットの達成{j}報酬金ゼロ
タイムアップ{j}大老殿ギルド{j}何やら塔に多くのガブラスが
群れ集っておるようじゃ。
奴らは災厄の前触れとも言われ
ておるゆえ、ギルドとしても
捨ててはおけぬ。
ガブラス８頭を討伐し、状況
を確認してきて欲しい。",
2361,"≪樹海探索≫
萌芽の樹海{j}モス４頭の討伐{j}特産キノコキムチ１個の納品{j}もえないゴミ１個の納品{j}メインターゲット、もしくは
サブターゲットＡかＢの達成{j}報酬金ゼロ
タイムアップ{j}大老殿ギルド{j}ハンターの人たちって、上位
に上がっても、息つく間もな
く狩りに出かけてしまうのが
ほとんどよね。
このクエストで出かける時期
の樹海は、そんなハンターた
ちの息抜きになると思うのだ
けど、どうかしらね…。
",
2362,"≪峡谷探索≫
峡谷の特産{j}黄金魚４匹の納品{j}岩塩４個の納品{j}ゲネポス１０頭の討伐{j}メインターゲット、もしくは
サブターゲットＡかＢの達成{j}報酬金ゼロ
タイムアップ{j}ギルド専属の情報屋{j}荒野の大地、≪峡谷≫では、
きっと、今まで見たことも
ないようなものが採取できる
ことだろう。
どうだ、心が躍るだろう？
一度行ってみることをオスス
メするぜ。
",
2363,"≪峡谷探索≫
峡谷の特産{j}黄金魚４匹の納品{j}岩塩４個の納品{j}ゲネポス１０頭の討伐{j}メインターゲット、もしくは
サブターゲットＡかＢの達成{j}報酬金ゼロ
タイムアップ{j}ギルド専属の情報屋{j}荒野の大地、≪峡谷≫では、
きっと、今まで見たことも
ないようなものが採取できる
ことだろう。
どうだ、心が躍るだろう？
一度行ってみることをオスス
メするぜ。
",
2364,"≪プレミアムクエスト≫
火竜たちの討伐【２人向け】{j}リオレウス１頭の討伐{j}リオレウス亜種１頭の討伐{j}なし{j}マストオーダー全ての達成{j}報酬金ゼロ
タイムアップ{j}大衆酒場ギルド{j}≪プレミアムクエスト≫を、
大衆酒場ギルドより、お送り
いたします。
こちらは、１人～２人向けの
クエストとなっていて、指定
武器での下位モンスターの
討伐となります。特別な報酬
を用意させていただきました
ので、奮ってご参加ください。",
2365,"≪プレミアムクエスト≫
溶岩竜の討伐【２人向け】{j}ヴォルガノス１頭の討伐{j}なし{j}なし{j}メインターゲットの達成{j}報酬金ゼロ
タイムアップ{j}大衆酒場ギルド{j}≪プレミアムクエスト≫を、
大衆酒場ギルドより、お送り
いたします。
こちらは、１人～２人向けの
クエストとなっていて、指定
武器での下位モンスターの
討伐となります。特別な報酬
を用意させていただきました
ので、奮ってご参加ください。",
2366,"≪プレミアムクエスト≫
雌火竜変種の狩猟【２人向け】{j}リオレイア変種１頭{j}主目標の尻尾切断{j}主目標の頭部破壊{j}メインターゲットの狩猟、
またはサブターゲットの達成{j}報酬金ゼロ
タイムアップ{j}大衆酒場ギルド{j}≪プレミアムクエスト≫を、
大衆酒場ギルドより、お送り
いたします。
こちらは、１人～２人向けの
クエストとなっていて、変種
モンスターの狩猟となります。
多くのＨＲＰとポルタチケッ
トを用意させていただきまし
たので奮ってご参加ください。",
2367,"≪プレミアムクエスト≫
鎧竜変種の狩猟【２人向け】{j}グラビモス変種１頭{j}主目標の尻尾切断{j}主目標の胸部破壊{j}メインターゲットの狩猟、
またはサブターゲットの達成{j}報酬金ゼロ
タイムアップ{j}大衆酒場ギルド{j}≪プレミアムクエスト≫を、
大衆酒場ギルドより、お送り
いたします。
こちらは、１人～２人向けの
クエストとなっていて、変種
モンスターの狩猟となります。
多くのＨＲＰとポルタチケッ
トを用意させていただきまし
たので奮ってご参加ください。",
2368,"≪プレミアムクエスト≫
火竜変種の狩猟【２人向け】{j}リオレウス変種１頭{j}主目標の尻尾切断{j}主目標の頭部破壊{j}メインターゲットの狩猟、
またはサブターゲットの達成{j}報酬金ゼロ
タイムアップ{j}大衆酒場ギルド{j}≪プレミアムクエスト≫を、
大衆酒場ギルドより、お送り
いたします。
こちらは、１人～２人向けの
クエストとなっていて、変種
モンスターの狩猟となります。
多くのＨＲＰとポルタチケッ
トを用意させていただきまし
たので奮ってご参加ください。",
2369,"≪プレミアムクエスト≫
角竜変種の狩猟【２人向け】{j}ディアブロス変種１頭{j}主目標の尻尾切断{j}主目標の角破壊{j}メインターゲットの狩猟、
またはサブターゲットの達成{j}報酬金ゼロ
タイムアップ{j}大衆酒場ギルド{j}≪プレミアムクエスト≫を、
大衆酒場ギルドより、お送り
いたします。
こちらは、１人～２人向けの
クエストとなっていて、変種
モンスターの狩猟となります。
多くのＨＲＰとポルタチケッ
トを用意させていただきまし
たので奮ってご参加ください。",
2370,"≪プレミアムクエスト≫
火竜たちの討伐【４人向け】{j}リオレウス１頭の討伐{j}リオレウス亜種１頭の討伐{j}なし{j}マストオーダー全ての達成{j}報酬金ゼロ
タイムアップ{j}大衆酒場ギルド{j}≪プレミアムクエスト≫を、
大衆酒場ギルドより、お送り
いたします。
こちらは、３人～４人向けの
クエストとなっていて、指定
武器での上位モンスターの
討伐となります。特別な報酬
を用意させていただきました
ので、奮ってご参加ください。",
2371,"≪プレミアムクエスト≫
溶岩竜の討伐【４人向け】{j}ヴォルガノス１頭の討伐{j}なし{j}なし{j}メインターゲットの達成{j}報酬金ゼロ
タイムアップ{j}大衆酒場ギルド{j}≪プレミアムクエスト≫を、
大衆酒場ギルドより、お送り
いたします。
こちらは、３人～４人向けの
クエストとなっていて、指定
武器での上位モンスターの
討伐となります。特別な報酬
を用意させていただきました
ので、奮ってご参加ください。",
2372,"≪プレミアムクエスト≫
雌火竜変種の狩猟【４人向け】{j}リオレイア変種１頭{j}主目標の尻尾切断{j}主目標の頭部破壊{j}メインターゲットの狩猟、
またはサブターゲットの達成{j}報酬金ゼロ
タイムアップ{j}大衆酒場ギルド{j}≪プレミアムクエスト≫を、
大衆酒場ギルドより、お送り
いたします。
こちらは、３人～４人向けの
クエストとなっていて、変種
モンスターの狩猟となります。
多くのＨＲＰとポルタチケッ
トを用意させていただきまし
たので奮ってご参加ください。",
2373,"≪プレミアムクエスト≫
鎧竜変種の狩猟【４人向け】{j}グラビモス変種１頭{j}主目標の尻尾切断{j}主目標の胸部破壊{j}メインターゲットの狩猟、
またはサブターゲットの達成{j}報酬金ゼロ
タイムアップ{j}大衆酒場ギルド{j}≪プレミアムクエスト≫を、
大衆酒場ギルドより、お送り
いたします。
こちらは、３人～４人向けの
クエストとなっていて、変種
モンスターの狩猟となります。
多くのＨＲＰとポルタチケッ
トを用意させていただきまし
たので奮ってご参加ください。",
2374,"≪プレミアムクエスト≫
火竜変種の狩猟【４人向け】{j}リオレウス変種１頭{j}主目標の尻尾切断{j}主目標の頭部破壊{j}メインターゲットの狩猟、
またはサブターゲットの達成{j}報酬金ゼロ
タイムアップ{j}大衆酒場ギルド{j}≪プレミアムクエスト≫を、
大衆酒場ギルドより、お送り
いたします。
こちらは、３人～４人向けの
クエストとなっていて、変種
モンスターの狩猟となります。
多くのＨＲＰとポルタチケッ
トを用意させていただきまし
たので奮ってご参加ください。",
2375,"≪プレミアムクエスト≫
角竜変種の狩猟【４人向け】{j}ディアブロス変種１頭{j}主目標の尻尾切断{j}主目標の角破壊{j}メインターゲットの狩猟、
またはサブターゲットの達成{j}報酬金ゼロ
タイムアップ{j}大衆酒場ギルド{j}≪プレミアムクエスト≫を、
大衆酒場ギルドより、お送り
いたします。
こちらは、３人～４人向けの
クエストとなっていて、変種
モンスターの狩猟となります。
多くのＨＲＰとポルタチケッ
トを用意させていただきまし
たので奮ってご参加ください。",
2376,"≪密林探索≫
クチバシ集め{j}イャンクック変種１頭{j}主目標の耳破壊{j}特産キノコ１０個の納品{j}メインターゲットの捕獲
またはサブターゲットの達成{j}報酬金ゼロ
タイムアップ{j}クチバシコレクター{j}一つだけ…。たった一つだけ
鳥竜種のクチバシの超レアが
あれば、もれなく金のクチバ
シトロフィーが手に入る…。
オイラのコレクションを全て
報酬に賭けてもいい！
素材を傷めないように指定の
武器で、とびきりファンキー
なやつを捕獲してきてくれ！",
2377,"≪砂漠探索≫
ヒレ集め{j}ガノトトス変種１頭{j}主目標の背ビレ破壊{j}ドスガレオス変種の狩猟{j}メインターゲットの捕獲
またはサブターゲットの達成{j}報酬金ゼロ
タイムアップ{j}底なしのおおぐらい{j}噂できいたんだが、どうやら
ヒレってのは美味いらしいな。
肉が美味いとか、スープに
するとか、酒に合うとか…。
ちょっと試してみたいので、
素材を傷めないように指定の
武器で、魚竜種を捕獲してき
てくれないか？余った分は
全てあげるからさ、頼むよ。",
2378,"≪砂漠探索≫
剥ぎの極意・貯水袋{j}ガノトトス変種１頭{j}主目標の背ビレ破壊{j}草食竜の卵３個の納品{j}メインターゲットの討伐
またはサブターゲットの達成{j}報酬金ゼロ
タイムアップ{j}素材剥ぎ取り職人{j}最近よく聞くが、変種は袋の
類が剥ぎづらいハンター泣か
せな相手って話じゃねえか。
ここは俺がサクッと袋を剥い
でやるから、おまえさん達は、
しっかり獲物をしとめてくる
んだぜ。剥ぎ取りし易いよう、
武器制限とサブターゲットも
つけたからよろしくな！",
2379,"≪雪山探索≫
剥ぎの極意・氷冷袋{j}ドドブランゴ変種１頭{j}主目標の尻尾切断{j}主目標の頭部破壊{j}メインターゲットの討伐
またはサブターゲットの達成{j}報酬金ゼロ
タイムアップ{j}素材剥ぎ取り職人{j}最近よく聞くが、変種は袋の
類が剥ぎづらいハンター泣か
せな相手って話じゃねえか。
ここは俺がサクッと袋を剥い
でやるから、おまえさん達は、
しっかり獲物をしとめてくる
んだぜ。剥ぎ取りし易いよう、
武器制限とサブターゲットも
つけたからよろしくな！",
2380,"≪樹海探索≫
剥ぎの極意・催眠袋{j}ヒプノック変種１頭{j}主目標のクチバシの破壊{j}厳選キノコ６個の納品{j}メインターゲットの討伐
またはサブターゲットの達成{j}報酬金ゼロ
タイムアップ{j}素材剥ぎ取り職人{j}最近よく聞くが、変種は袋の
類が剥ぎづらいハンター泣か
せな相手って話じゃねえか。
ここは俺がサクッと袋を剥い
でやるから、おまえさん達は、
しっかり獲物をしとめてくる
んだぜ。剥ぎ取りし易いよう、
武器制限とサブターゲットも
つけたからよろしくな！",
2381,"≪砂漠探索≫
剥ぎの極意・強麻痺袋{j}ドスガレオス変種１頭{j}主目標のヒレ破壊{j}草食竜の卵３個の納品{j}メインターゲットの討伐
またはサブターゲットの達成{j}報酬金ゼロ
タイムアップ{j}素材剥ぎ取り職人{j}最近よく聞くが、変種は袋の
類が剥ぎづらいハンター泣か
せな相手って話じゃねえか。
ここは俺がサクッと袋を剥い
でやるから、おまえさん達は、
しっかり獲物をしとめてくる
んだぜ。剥ぎ取りし易いよう、
武器制限とサブターゲットも
つけたからよろしくな！",
2382,"≪雪山探索≫ 
剥ぎの極意・発電袋{j}フルフル変種１頭{j}主目標の頭と胴の破壊{j}肉食竜の卵２個の納品{j}メインターゲットの討伐
またはサブターゲットの達成{j}報酬金ゼロ
タイムアップ{j}素材剥ぎ取り職人{j}最近よく聞くが、変種は袋の
類が剥ぎづらいハンター泣か
せな相手って話じゃねえか。
ここは俺がサクッと袋を剥い
でやるから、おまえさん達は、
しっかり獲物をしとめてくる
んだぜ。剥ぎ取りし易いよう、
武器制限とサブターゲットも
つけたからよろしくな！",
2383,"≪沼地探索≫
剥ぎの極意・激毒袋{j}ゲリョス変種１頭{j}主目標の頭部破壊{j}白水晶の原石３個の納品{j}メインターゲットの討伐
またはサブターゲットの達成{j}報酬金ゼロ
タイムアップ{j}素材剥ぎ取り職人{j}最近よく聞くが、変種は袋の
類が剥ぎづらいハンター泣か
せな相手って話じゃねえか。
ここは俺がサクッと袋を剥い
でやるから、おまえさん達は、
しっかり獲物をしとめてくる
んだぜ。剥ぎ取りし易いよう、
武器制限とサブターゲットも
つけたからよろしくな！",
2384,"≪古塔探索≫
剥ぎの極意・発火袋{j}リオレウス変種１頭{j}主目標の尻尾切断{j}主目標の頭部破壊{j}メインターゲットの討伐
またはサブターゲットの達成{j}報酬金ゼロ
タイムアップ{j}素材剥ぎ取り職人{j}最近よく聞くが、変種は袋の
類が剥ぎづらいハンター泣か
せな相手って話じゃねえか。
ここは俺がサクッと袋を剥い
でやるから、おまえさん達は、
しっかり獲物をしとめてくる
んだぜ。剥ぎ取りし易いよう、
武器制限とサブターゲットも
つけたからよろしくな！",
2385,"≪火山探索≫
岩竜変種研究捕獲依頼{j}バサルモス変種１頭{j}主目標の胸部破壊{j}火薬岩２個の納品{j}メインターゲットの捕獲
またはサブターゲットの達成{j}報酬金ゼロ
タイムアップ{j}モンスター研究員{j}飛竜種系変種の生態を探るた
めに、分泌物や血など、彼ら
の液体が大量に必要だ。
捕獲して、そこから採取した
いと思うのだが、ハンター諸
君に、指定武器での捕獲を
お願いできないだろうか。
報酬は、捕獲した変種ゆかり
の液体素材でどうだろう…。",
2386,"≪雪山探索≫
轟竜変種研究捕獲依頼{j}ティガレックス変種１頭{j}主目標の尻尾切断{j}主目標のツメ破壊{j}メインターゲットの捕獲
またはサブターゲットの達成{j}報酬金ゼロ
タイムアップ{j}モンスター研究員{j}飛竜種系変種の生態を探るた
めに、分泌物や血など、彼ら
の液体が大量に必要だ。
捕獲して、そこから採取した
いと思うのだが、ハンター諸
君に、指定武器での捕獲を
お願いできないだろうか。
報酬は、捕獲した変種ゆかり
の液体素材でどうだろう…。",
2387,"≪峡谷探索≫
雷臨、ベルキュロス{j}ベルキュロス１頭の狩猟{j}なし{j}なし{j}メインターゲットの達成{j}報酬金ゼロ
タイムアップ{j}大老殿ギルド{j}無価値と思われていた荒野の
大地、≪峡谷≫…。
そこには、これまで一握りの
人物しか知ることのなかった
強力な飛竜≪ベルキュロス≫
が住んでいるそうね…。
その強さは古龍級だとか。
ハンターの腕の見せ所ね。",
2388,"≪峡谷探索≫
春雷{j}ベルキュロス１頭の狩猟{j}なし{j}なし{j}メインターゲットの達成{j}報酬金ゼロ
タイムアップ{j}大老殿ギルド{j}最近、ベルキュロスの思いが
けない攻撃でクエストに失敗
して帰ってくるベテランハン
ターが多いの…。
あまり失敗が多いから、今回
は特別に支給品を用意した
わ…。有効に使ってね…。",
2389,"≪峡谷探索≫
青天の霹靂{j}ベルキュロス１頭の狩猟{j}なし{j}なし{j}メインターゲットの達成{j}報酬金ゼロ
タイムアップ{j}大老殿ギルド{j}またも、名うてのハンターが
ベルキュロスによって、退け
られたという噂ね…。
そろそろ、彼らの生態の全貌
が明らかになっていると思う
のだけど、油断禁物ね…。
今回も支給品は用意するわ…。
それだけ危険ということね…。",
2390,"≪エクストラクエスト≫
雪山大採取・下位編{j}地図１個の納品{j}なし{j}なし{j}メインターゲットの達成{j}報酬金ゼロ
タイムアップ{j}大衆酒場ギルド{j}おまたせしました。
≪エクストラクエスト≫は、
大衆酒場ギルドより、お送り
いたします。
ギルドの力によって用意され
た実り豊かなフィールドで、
たまにはのんびり採取でも
いかがですか？",
2391,"≪エクストラクエスト≫
雪山大採取・下位編{j}地図１個の納品{j}なし{j}なし{j}メインターゲットの達成{j}報酬金ゼロ
タイムアップ{j}大衆酒場ギルド{j}おまたせしました。
≪エクストラクエスト≫は、
大衆酒場ギルドより、お送り
いたします。
ギルドの力によって用意され
た実り豊かなフィールドで、
たまにはのんびり採取でも
いかがですか？",
2392,"≪エクストラクエスト≫
雪山大採取・上位編{j}地図１個の納品{j}なし{j}なし{j}メインターゲットの達成{j}報酬金ゼロ
タイムアップ{j}大衆酒場ギルド{j}おまたせしました。
≪エクストラクエスト≫は、
大衆酒場ギルドより、お送り
いたします。
ギルドの力によって用意され
た実り豊かなフィールドで、
たまにはのんびり採取でも
いかがですか？",
2393,"≪エクストラクエスト≫
雪山大採取・上位編{j}地図１個の納品{j}なし{j}なし{j}メインターゲットの達成{j}報酬金ゼロ
タイムアップ{j}大衆酒場ギルド{j}おまたせしました。
≪エクストラクエスト≫は、
大衆酒場ギルドより、お送り
いたします。
ギルドの力によって用意され
た実り豊かなフィールドで、
たまにはのんびり採取でも
いかがですか？",
2394,"≪プレミアムクエスト≫
轟竜変種の討伐【２人向け】{j}ティガレックス変種１頭{j}主目標の尻尾切断{j}主目標の頭部破壊{j}メインターゲットの討伐
またはサブターゲットの達成{j}報酬金ゼロ
タイムアップ{j}大衆酒場ギルド{j}≪プレミアムクエスト≫を、
大衆酒場ギルドより、お送り
いたします。
こちらは、１人～２人向けの
クエストとなっていて、変種
モンスターの討伐となります。
特別な報酬を用意させていた
だきましたので、奮ってご参
加ください。",
2395,"≪プレミアムクエスト≫
鎌蟹変種の討伐【２人向け】{j}ショウグンギザミ変種１匹{j}主目標のツメ破壊{j}主目標のヤド破壊{j}メインターゲットの討伐
またはサブターゲットの達成{j}報酬金ゼロ
タイムアップ{j}大衆酒場ギルド{j}≪プレミアムクエスト≫を、
大衆酒場ギルドより、お送り
いたします。
こちらは、１人～２人向けの
クエストとなっていて、変種
モンスターの討伐となります。
特別な報酬を用意させていた
だきましたので、奮ってご参
加ください。",
2396,"≪プレミアムクエスト≫
眠鳥変種の討伐【２人向け】{j}ヒプノック変種１頭{j}主目標のクチバシの破壊{j}なし{j}メインターゲットの討伐
またはサブターゲットの達成{j}報酬金ゼロ
タイムアップ{j}大衆酒場ギルド{j}≪プレミアムクエスト≫を、
大衆酒場ギルドより、お送り
いたします。
こちらは、１人～２人向けの
クエストとなっていて、変種
モンスターの討伐となります。
特別な報酬を用意させていた
だきましたので、奮ってご参
加ください。",
2397,"≪プレミアムクエスト≫
水竜変種の討伐【２人向け】{j}ガノトトス変種１頭{j}主目標の背ビレ破壊{j}なし{j}メインターゲットの討伐
またはサブターゲットの達成{j}報酬金ゼロ
タイムアップ{j}大衆酒場ギルド{j}≪プレミアムクエスト≫を、
大衆酒場ギルドより、お送り
いたします。
こちらは、１人～２人向けの
クエストとなっていて、変種
モンスターの討伐となります。
特別な報酬を用意させていた
だきましたので、奮ってご参
加ください。",
2398,"≪プレミアムクエスト≫
雪獅子変種の討伐【２人向け】{j}ドドブランゴ変種１頭{j}主目標の尻尾切断{j}主目標の頭部破壊{j}メインターゲットの討伐
またはサブターゲットの達成{j}報酬金ゼロ
タイムアップ{j}大衆酒場ギルド{j}≪プレミアムクエスト≫を、
大衆酒場ギルドより、お送り
いたします。
こちらは、１人～２人向けの
クエストとなっていて、変種
モンスターの討伐となります。
特別な報酬を用意させていた
だきましたので、奮ってご参
加ください。",
2399,"≪プレミアムクエスト≫
棘竜変種の討伐【２人向け】{j}エスピナス変種１頭{j}主目標の胸部破壊{j}主目標の背部破壊{j}メインターゲットの討伐
またはサブターゲットの達成{j}報酬金ゼロ
タイムアップ{j}大衆酒場ギルド{j}≪プレミアムクエスト≫を、
大衆酒場ギルドより、お送り
いたします。
こちらは、１人～２人向けの
クエストとなっていて、変種
モンスターの討伐となります。
特別な報酬を用意させていた
だきましたので、奮ってご参
加ください。",
2400,"≪プレミアムクエスト≫
轟竜変種の討伐【４人向け】{j}ティガレックス変種１頭{j}主目標の尻尾切断{j}主目標の頭部破壊{j}メインターゲットの討伐
またはサブターゲットの達成{j}報酬金ゼロ
タイムアップ{j}大衆酒場ギルド{j}≪プレミアムクエスト≫を、
大衆酒場ギルドより、お送り
いたします。
こちらは、３人～４人向けの
クエストとなっていて、変種
モンスターの討伐となります。
特別な報酬を用意させていた
だきましたので、奮ってご参
加ください。",
2401,"≪プレミアムクエスト≫
鎌蟹変種の討伐【４人向け】{j}ショウグンギザミ変種１匹{j}主目標のツメ破壊{j}主目標のヤド破壊{j}メインターゲットの討伐
またはサブターゲットの達成{j}報酬金ゼロ
タイムアップ{j}大衆酒場ギルド{j}≪プレミアムクエスト≫を、
大衆酒場ギルドより、お送り
いたします。
こちらは、３人～４人向けの
クエストとなっていて、変種
モンスターの討伐となります。
特別な報酬を用意させていた
だきましたので、奮ってご参
加ください。",
2402,"≪プレミアムクエスト≫
眠鳥変種の討伐【４人向け】{j}ヒプノック変種１頭{j}主目標のクチバシの破壊{j}なし{j}メインターゲットの討伐
またはサブターゲットの達成{j}報酬金ゼロ
タイムアップ{j}大衆酒場ギルド{j}≪プレミアムクエスト≫を、
大衆酒場ギルドより、お送り
いたします。
こちらは、３人～４人向けの
クエストとなっていて、変種
モンスターの討伐となります。
特別な報酬を用意させていた
だきましたので、奮ってご参
加ください。",
2403,"≪プレミアムクエスト≫
水竜変種の討伐【４人向け】{j}ガノトトス変種１頭{j}主目標の背ビレ破壊{j}なし{j}メインターゲットの討伐
またはサブターゲットの達成{j}報酬金ゼロ
タイムアップ{j}大衆酒場ギルド{j}≪プレミアムクエスト≫を、
大衆酒場ギルドより、お送り
いたします。
こちらは、３人～４人向けの
クエストとなっていて、変種
モンスターの討伐となります。
特別な報酬を用意させていた
だきましたので、奮ってご参
加ください。",
2404,"≪プレミアムクエスト≫
雪獅子変種の討伐【４人向け】{j}ドドブランゴ変種１頭{j}主目標の尻尾切断{j}主目標の頭部破壊{j}メインターゲットの討伐
またはサブターゲットの達成{j}報酬金ゼロ
タイムアップ{j}大衆酒場ギルド{j}≪プレミアムクエスト≫を、
大衆酒場ギルドより、お送り
いたします。
こちらは、３人～４人向けの
クエストとなっていて、変種
モンスターの討伐となります。
特別な報酬を用意させていた
だきましたので、奮ってご参
加ください。",
2405,"≪プレミアムクエスト≫
棘竜変種の討伐【４人向け】{j}エスピナス変種１頭{j}主目標の胸部破壊{j}主目標の背部破壊{j}メインターゲットの討伐
またはサブターゲットの達成{j}報酬金ゼロ
タイムアップ{j}大衆酒場ギルド{j}≪プレミアムクエスト≫を、
大衆酒場ギルドより、お送り
いたします。
こちらは、３人～４人向けの
クエストとなっていて、変種
モンスターの討伐となります。
特別な報酬を用意させていた
だきましたので、奮ってご参
加ください。",
2406,"≪フロンティアクエスト≫
決戦、覇竜アカムトルム{j}アカムトルム１頭の討伐{j}なし{j}なし{j}メインターゲットの達成{j}報酬金ゼロ
タイムアップ{j}先代ギルドマスター{j}緊急連絡じゃ！
現在、ギルド管轄内にて覇竜
≪アカムトルム≫が猛威を振
るっておる。総力を尽くし、
火山地帯の一角まで追い詰め
たのじゃが…。やつを狩れる
勇敢なハンターは今すぐ向か
うのじゃ！
",
2407,"≪インタークエスト≫
？？？？？？{j}地図１個の納品{j}なし{j}なし{j}メインターゲットの達成{j}報酬金ゼロ
タイムアップ{j}？？？{j}？？？？？？",
2408,"≪インタークエスト≫
？？？？？？{j}地図１個の納品{j}なし{j}なし{j}メインターゲットの達成{j}報酬金ゼロ
タイムアップ{j}？？？{j}？？？？？？",
2409,"≪古龍クエスト≫
シュレイド城での決戦！{j}ミラボレアス１体の討伐{j}なし{j}なし{j}メインターゲットの達成{j}報酬金ゼロ
タイムアップ{j}古龍観測局{j}伝説とされていた黒き龍が、
≪シュレイド城≫にて、その
姿を現わしたようです！黒龍
伝説の物語では、黒龍が世界
に災いをもたらすと語られて
います！伝説が現実にならな
いよう全力で撃退して下さい！",
2410,"≪古龍クエスト≫
紅き怒りを追撃せよ！{j}ミラボレアス１体の討伐{j}なし{j}なし{j}メインターゲットの達成{j}報酬金ゼロ
タイムアップ{j}古龍観測局{j}伝説の黒龍、ミラボレアスが
前人未踏の火山の最奥地にて
なにやら良からぬ動きをして
いるようです！！このままで
は世界に災厄が降り注ぐかも
知れません！火山へと急行し
怒れる黒龍を撃退して下さい！",
2411,"≪古龍クエスト≫
祖龍{j}ミラボレアス１体の討伐{j}なし{j}なし{j}メインターゲットの達成{j}報酬金ゼロ
タイムアップ{j}古龍観測局{j}謎多き未開の地≪古塔≫にて、
当局の文献にも、一切の記録が
無い、未観測の≪生物≫が確認
されました。まさか、ある書物
にのみ記されているという≪白
き龍≫が現れたというのでしょ
うか…。",
2412,"≪樹海探索≫
棘竜変種研究捕獲依頼{j}エスピナス変種１頭{j}主目標の胸部破壊{j}主目標の背部破壊{j}メインターゲットの捕獲
またはサブターゲットの達成{j}報酬金ゼロ
タイムアップ{j}モンスター研究員{j}飛竜種系変種の生態を探るた
めに、分泌物や血など、彼ら
の液体が大量に必要だ。
捕獲して、そこから採取した
いと思うのだが、ハンター諸
君に、指定武器での捕獲を
お願いできないだろうか。
報酬は、捕獲した変種ゆかり
の液体素材でどうだろう…。",
2413,"≪峡谷探索≫
狂食の権化{j}パリアプリア１頭の狩猟{j}なし{j}なし{j}メインターゲットの達成{j}報酬金ゼロ
タイムアップ{j}大老殿ギルド{j}峡谷に呑竜が現れたようね…。
呑竜には、特に欲される素材
もないから、いつもならギル
ドも狩猟手配はしないのだけ
れど、今回は、ある筋からの
依頼があるので、特別に支給
品付きで狩猟を発注するわ…。
有効に使うことね…。",
2414,"≪峡谷探索≫
肉球のコイン・金を入手せよ{j}クエスト達成証１枚の納品{j}なし{j}なし{j}メインターゲットの達成{j}報酬金ゼロ
タイムアップ{j}峡谷の行商人{j}やあ！いつぞやはありがとう！
≪肉球のコイン≫が欲しい時
は、わるいけど峡谷まで来て
ほしい。≪クエスト達成証≫
をちゃんと持って、１人で来
てくれよ。では、峡谷で待っ
ているからね。",
2415,"≪峡谷探索≫
肉球のコイン・銀を入手せよ{j}クエスト達成証１枚の納品{j}なし{j}なし{j}メインターゲットの達成{j}報酬金ゼロ
タイムアップ{j}峡谷の行商人{j}やあ！いつぞやはありがとう！
≪肉球のコイン≫が欲しい時
は、わるいけど峡谷まで来て
ほしい。≪クエスト達成証≫
をちゃんと持って、１人で来
てくれよ。では、峡谷で待っ
ているからね。",
2416,"≪峡谷探索≫
肉球のコイン・銅を入手せよ{j}クエスト達成証１枚の納品{j}なし{j}なし{j}メインターゲットの達成{j}報酬金ゼロ
タイムアップ{j}峡谷の行商人{j}やあ！いつぞやはありがとう！
≪肉球のコイン≫が欲しい時
は、わるいけど峡谷まで来て
ほしい。≪クエスト達成証≫
をちゃんと持って、１人で来
てくれよ。では、峡谷で待っ
ているからね。",
2417,"≪闘技場戦≫
肉球のコインを求めて{j}アイルー１０匹の討伐{j}メラルー２０匹の討伐{j}なし{j}マストオーダー全ての達成{j}報酬金ゼロ
タイムアップ{j}峡谷の行商人{j}峡谷との行き帰りの途中で、
アイルーとメラルーに襲われ
て困っているんだ。このまま
じゃ、商品を届ける事ができ
ない。助けてくれたら、≪肉
球のコイン≫と交換できる
≪クエスト達成証≫をお礼に
あげるよ！",
2418,"≪火山探索≫
ディーリング No.001{j}黒貨２個の納品{j}燃石炭８個の納品{j}なし{j}マストオーダー全ての達成{j}報酬金ゼロ
タイムアップ{j}闇商人{j}どこでこの話を聞きつけたか
は知らんが、ヤバい話には失
敗の救済など一切ないぞ？
ブツの用意もいいだろうな？
必要なブツの数は条件通りだ。
あとは、現地で１人で働いて
もらう。徒党を組むとナメた
真似するヤツが出るんでな。
",
2419,"≪火山探索≫
ディーリング No.002{j}黒貨４個の納品{j}メインマスト４個の納品{j}バサルモスの胸部破壊{j}マストオーダー全ての達成{j}報酬金ゼロ／タイムアップ
バサルモスの狩猟{j}闇商人{j}どこでこの話を聞きつけたか
は知らんが、ヤバい話には失
敗の救済など一切ないぞ？
ブツの用意もいいだろうな？
必要なブツの数は条件通りだ。
あとは、現地で１人で働いて
もらう。徒党を組むとナメた
真似するヤツが出るんでな。",
2420,"≪火山探索≫
ディーリング No.003{j}黒貨３０個の納品{j}メインセイル８個の納品{j}火薬岩２個の納品{j}マストオーダー全ての達成{j}報酬金ゼロ
タイムアップ{j}闇商人{j}どこでこの話を聞きつけたか
は知らんが、ヤバい話には失
敗の救済など一切ないぞ？
ブツの用意もいいだろうな？
必要なブツの数は条件通りだ。
あとは、現地で１人で働いて
もらう。徒党を組むとナメた
真似するヤツが出るんでな。",
2421,"≪樹海探索≫
ディーリング No.004{j}黒貨２個の納品{j}ランゴスタ１２匹の討伐{j}カンタロス５匹の討伐{j}マストオーダー全ての達成{j}報酬金ゼロ
タイムアップ{j}闇商人{j}どこでこの話を聞きつけたか
は知らんが、ヤバい話には失
敗の救済など一切ないぞ？
ブツの用意もいいだろうな？
必要なブツの数は条件通りだ。
あとは、現地で１人で働いて
もらう。徒党を組むとナメた
真似するヤツが出るんでな。",
2422,"≪火山探索≫
ディーリング No.005{j}黒貨４個の納品{j}燃石炭１０個の納品{j}ランゴスタ５匹の討伐{j}マストオーダー全ての達成{j}報酬金ゼロ
タイムアップ{j}闇商人{j}どこでこの話を聞きつけたか
は知らんが、ヤバい話には失
敗の救済など一切ないぞ？
ブツの用意もいいだろうな？
必要なブツの数は条件通りだ。
あとは、現地で１人で働いて
もらう。徒党を組むとナメた
真似するヤツが出るんでな。",
2423,"≪闘技場戦≫
蟹猿合戦・闘技場！{j}ヤオザミ２０匹の討伐{j}ドドブランゴ１頭の狩猟{j}なし{j}メインターゲット、もしくは
サブターゲットＡの達成{j}報酬金ゼロ
タイムアップ{j}闘技場の主催者{j}ハンターが己の腕前を披露す
る闘技場！ヤオザミとドドブ
ランゴの因縁の関係に喧嘩両
成敗の終止符を！
メインターゲットはヤオザミ
２０匹の討伐だが、喧嘩両成
敗に成功すればもれなく豪華
報酬が！？",
2424,"≪闘技場戦≫
猛毒劇毒・闘技場！{j}ドスイーオス１頭の狩猟{j}ガブラス１５頭の討伐{j}なし{j}メインターゲット、もしくは
サブターゲットＡの達成{j}報酬金ゼロ
タイムアップ{j}闘技場の主催者{j}ハンターが己の腕前を披露す
る闘技場！地を跳ねる毒と空
を舞う毒の群れに囲まれよう
とも、竜巻の如き奮闘で窮地
を抜ける達人たちよ！闘技場
にてその実力を証明せよ！",
2425,"≪闘技場戦≫
獣人族の宴・闘技場！{j}チャチャブー１５匹の討伐{j}なし{j}なし{j}メインターゲットの達成{j}報酬金ゼロ
タイムアップ{j}闘技場の主催者{j}ハンターが己の腕前を披露す
る闘技場！獣人族の中におい
てひときわ高い戦闘力を持ち、
熟練したハンターであっても
手を焼くチャチャブーの集団
を見事に討伐する自信がある
ならば、その腕前を披露せよ！",
2426,"≪森丘探索≫
空の王と陸の女王{j}リオレウス１頭の狩猟{j}リオレイア１頭の狩猟{j}飛竜の卵１個の納品{j}メインターゲット、もしくは
サブターゲットＡかＢの達成{j}報酬金ゼロ
タイムアップ{j}ある辺境村の村長{j}辺境に遥か昔より君臨せし、
空の王者≪リオレウス≫と
陸の女王≪リオレイア≫。
決死の覚悟にて挑むがよい！
落とし穴やシビレ罠が設置で
きるのは１つまでということ
を忘れるでないぞ！",
2427,"≪闘技場戦≫
眠鳥と毒怪鳥{j}ヒプノック１頭の狩猟{j}ゲリョス１頭の狩猟{j}なし{j}メインターゲット、もしくは
サブターゲットＡの達成{j}報酬金ゼロ
タイムアップ{j}闘技場の主催者{j}ハンターが己の腕前を披露す
る闘技場！≪睡眠≫と≪毒≫
を象徴する大型鳥竜種きって
の曲者同士の共演だ！
睡眠ガスと毒でハンター達の
自由と体力を奪う…。両者の
攻撃を同時に受ければ勝機は
ないぞ！支給品を使って逆に
あいつらの自由を奪うんだ！",
2428,"≪雪山探索≫
双轟ノアギト{j}ティガレックス２頭の狩猟{j}なし{j}なし{j}メインターゲットの達成{j}報酬金ゼロ
タイムアップ{j}先代ギルドマスター{j}雪山に向かったハンター達が
２頭の≪轟竜≫の返り討ちに
あったとの報告が入った！
腕に覚えのある、勇敢なハン
ターは、負傷者の救出および、
轟竜の狩猟に向かうのじゃ！",
2429,"≪雪山探索≫
双轟竜{j}ティガレックス２頭の狩猟{j}なし{j}なし{j}メインターゲットの達成{j}報酬金ゼロ
タイムアップ{j}先代ギルドマスター{j}≪雪山≫へティガレックスの
討伐に向かった一団から救援
の要請が届いたぞ！どうやら
２頭のティガレックスに出く
わしたようじゃ！
事態は一刻を争う！腕に自信
のある者は今すぐ雪山へ向か
うのじゃ！",
2430,"≪密林探索≫
上位研修！密林の鳥竜{j}イャンクック１頭の狩猟{j}ドスランポス１頭の狩猟{j}なし{j}メインターゲット、もしくは
サブターゲットＡの達成{j}報酬金ゼロ
タイムアップ{j}教官{j}うむ！我輩だ！教官だ！
今回は全装備を貸し出しての
演習を行う！
狩猟の対象は各地の鳥竜だ。
まだ経験が浅いハンターに
とってはかなり強力な装備を
用意したので、慣れない武器
だったとしても頑張るんだぞ！",
2431,"≪沼地探索≫
上位研修！沼地の鳥竜{j}ゲリョス１頭の狩猟{j}ドスイーオス１頭の狩猟{j}なし{j}メインターゲット、もしくは
サブターゲットＡの達成{j}報酬金ゼロ
タイムアップ{j}教官{j}うむ！我輩だ！教官だ！
今回は全装備を貸し出しての
演習を行う！
狩猟の対象は各地の鳥竜だ。
まだ経験が浅いハンターに
とってはかなり強力な装備を
用意したので、慣れない武器
だったとしても頑張るんだぞ！",
2432,"≪砂漠探索≫
上位研修！砂漠の鳥竜{j}ヒプノック１頭の狩猟{j}ドスゲネポス１頭の狩猟{j}なし{j}メインターゲット、もしくは
サブターゲットＡの達成{j}報酬金ゼロ
タイムアップ{j}教官{j}うむ！我輩だ！教官だ！
今回は全装備を貸し出しての
演習を行う！
狩猟の対象は各地の鳥竜だ。
まだ経験が浅いハンターに
とってはかなり強力な装備を
用意したので、慣れない武器
だったとしても頑張るんだぞ！",
2433,"≪エクストラクエスト≫
火山大採取・下位・前編{j}地図１個の納品{j}なし{j}なし{j}メインターゲットの達成{j}報酬金ゼロ
タイムアップ{j}大衆酒場ギルド{j}おまたせしました。
≪エクストラクエスト≫は、
大衆酒場ギルドより、お送り
いたします。
今回は火山フィールドを
用意させていただきましたが、
火山奥地、溶岩池部分はまだ
未探索のため解放されて
おりません。ご注意ください。",
2434,"≪エクストラクエスト≫
火山大採取・下位・前編{j}地図１個の納品{j}なし{j}なし{j}メインターゲットの達成{j}報酬金ゼロ
タイムアップ{j}大衆酒場ギルド{j}おまたせしました。
≪エクストラクエスト≫は、
大衆酒場ギルドより、お送り
いたします。
今回は火山フィールドを
用意させていただきましたが、
火山奥地、溶岩池部分はまだ
未探索のため解放されて
おりません。ご注意ください。",
2435,"≪エクストラクエスト≫
火山大採取・上位・前編{j}地図１個の納品{j}なし{j}なし{j}メインターゲットの達成{j}報酬金ゼロ
タイムアップ{j}大衆酒場ギルド{j}おまたせしました。
≪エクストラクエスト≫は、
大衆酒場ギルドより、お送り
いたします。
今回は火山フィールドを
用意させていただきましたが、
火山奥地、溶岩池部分はまだ
未探索のため解放されて
おりません。ご注意ください。",
2436,"≪エクストラクエスト≫
火山大採取・上位・前編{j}地図１個の納品{j}なし{j}なし{j}メインターゲットの達成{j}報酬金ゼロ
タイムアップ{j}大衆酒場ギルド{j}おまたせしました。
≪エクストラクエスト≫は、
大衆酒場ギルドより、お送り
いたします。
今回は火山フィールドを
用意させていただきましたが、
火山奥地、溶岩池部分はまだ
未探索のため解放されて
おりません。ご注意ください。",
2437,"≪闘技場戦≫
肉球のコインを追いかけて{j}バサルモス１頭の狩猟{j}なし{j}なし{j}メインターゲットの達成{j}報酬金ゼロ
タイムアップ{j}峡谷の行商人{j}峡谷へ行く途中で、
バサルモスが道をふさいで
いて困っているんだ。
助けてくれたら、
≪肉球のコイン≫と交換でき
る≪クエスト達成証≫をお礼
にあげるよ！",
2438,"≪闘技場戦≫
肉球のコインを夢見て{j}ショウグンギザミ１匹の狩猟{j}なし{j}なし{j}メインターゲットの達成{j}報酬金ゼロ
タイムアップ{j}峡谷の行商人{j}商品の納品先に、凶暴な
ショウグンギザミが待ち構え
ていて困っているんだ。
このままじゃ商品が届けられ
ない。助けてくれたら
≪肉球のコイン≫と交換でき
る≪クエスト達成証≫を
お礼にあげるよ！",
2439,"≪闘技場戦≫
肉球のコインを探して{j}イャンガルルガ１頭の狩猟{j}なし{j}なし{j}メインターゲットの達成{j}報酬金ゼロ
タイムアップ{j}峡谷の行商人{j}峡谷まであと１歩のところで、
イャンガルルガが邪魔をして
困っているんだ。
助けてくれたら、
≪肉球のコイン≫と交換でき
る≪クエスト達成証≫をお礼
にあげるよ！",
2440,"≪峡谷探索≫
肉球のコイン・金を集めよう{j}クエスト達成証３枚の納品{j}なし{j}なし{j}メインターゲットの達成{j}報酬金ゼロ
タイムアップ{j}峡谷の行商人{j}やあ！いつぞやはありがとう！
≪肉球のコイン≫が欲しい時
は、わるいけど峡谷まで来て
ほしい。今度は３枚まとめて
お渡しいたしますよ。
≪クエスト達成証≫３枚を
ちゃんと持って、１人で来て
くれよ。では、峡谷で待って
いるからね。",
2441,"≪峡谷探索≫
肉球のコイン・銀を集めよう{j}クエスト達成証３枚の納品{j}なし{j}なし{j}メインターゲットの達成{j}報酬金ゼロ
タイムアップ{j}峡谷の行商人{j}やあ！いつぞやはありがとう！
≪肉球のコイン≫が欲しい時
は、わるいけど峡谷まで来て
ほしい。今度は３枚まとめて
お渡しいたしますよ。
≪クエスト達成証≫３枚を
ちゃんと持って、１人で来て
くれよ。では、峡谷で待って
いるからね。",
2442,"≪峡谷探索≫
肉球のコイン・銅を集めよう{j}クエスト達成証３枚の納品{j}なし{j}なし{j}メインターゲットの達成{j}報酬金ゼロ
タイムアップ{j}峡谷の行商人{j}やあ！いつぞやはありがとう！
≪肉球のコイン≫が欲しい時
は、わるいけど峡谷まで来て
ほしい。今度は３枚まとめて
お渡しいたしますよ。
≪クエスト達成証≫３枚を
ちゃんと持って、１人で来て
くれよ。では、峡谷で待って
いるからね。",
2443,"≪エクストラクエスト≫
峡谷大採取・上位・前編{j}地図１個の納品{j}なし{j}なし{j}メインターゲットの達成{j}報酬金ゼロ
タイムアップ{j}大衆酒場ギルド{j}おまたせしました。
≪エクストラクエスト≫は、
大衆酒場ギルドより、お送り
いたします。
今回は峡谷フィールドを
用意させていただきましたが、
一部奥地、高台の部分はまだ
未探索のため解放されて
おりません。ご注意ください。",
2444,"≪エクストラクエスト≫
峡谷大採取・上位・前編{j}地図１個の納品{j}なし{j}なし{j}メインターゲットの達成{j}報酬金ゼロ
タイムアップ{j}大衆酒場ギルド{j}おまたせしました。
≪エクストラクエスト≫は、
大衆酒場ギルドより、お送り
いたします。
今回は峡谷フィールドを
用意させていただきましたが、
一部奥地、高台の部分はまだ
未探索のため解放されて
おりません。ご注意ください。",
2445,"≪沼地探索≫
雄々しき響狼{j}カム・オルガロン１頭の狩猟{j}なし{j}なし{j}メインターゲットの達成{j}報酬金ゼロ
タイムアップ{j}大老殿ギルド{j}現在、沼地の洞窟のほうで、
繰り返し獣の咆哮が響いて
います。どうやら、噂にきく
響狼がこの地方にもやって
きたようです…。雄の個体
≪カム・オルガロン≫は、
灰色の毛並みを持つ牙獣種
のようですが…。調査のため
狩猟をお願いします。",
2446,"≪沼地探索≫
気高き雌響狼{j}ノノ・オルガロン１頭の狩猟{j}なし{j}なし{j}メインターゲットの達成{j}報酬金ゼロ
タイムアップ{j}大老殿ギルド{j}現在、沼地の洞窟のほうで、
繰り返し獣の咆哮が響いて
います。どうやら、噂にきく
響狼がこの地方にもやって
きたようです…。雌の個体
≪ノノ・オルガロン≫は、
白色の牙獣種ですが、ギルド
のほうでも情報が少ないため、
調査と狩猟をお願いします。",
2447,"≪砂漠探索≫
砂漠に咲く桜{j}リオレイア亜種１頭の狩猟{j}なし{j}なし{j}メインターゲットの達成{j}報酬金ゼロ
タイムアップ{j}大衆酒場ギルド{j}砂漠地帯に桜色のあざやかな
体色を持つ≪リオレイア≫が
出たという報告が入りました！
希少性の高い珍しい亜種です！
我こそは狩猟に挑戦すると
いう狩人さんは、当ギルドの
カウンターまで来て下さい！",
2448,"≪砂漠探索≫
漆黒の双角{j}ディアブロス亜種１頭の狩猟{j}なし{j}なし{j}メインターゲットの達成{j}報酬金ゼロ
タイムアップ{j}大衆酒場ギルド{j}黒ずんだ体色を持つひときわ
恐ろしい容姿のディアブロス
が目撃されました！亜種に間
違いないようですね。
果たして、この亜種の狩猟を
成功させられる狩人がこのギ
ルドに存在するのかしら…？",
2449,"≪砂漠探索≫
使いこなせ！閃光玉！{j}ドスゲネポス１頭の狩猟{j}なし{j}なし{j}メインターゲットの達成{j}報酬金ゼロ
タイムアップ{j}大衆酒場ギルド{j}≪閃光玉≫をモンスターの目
前に投げると強力な光で目を
くらませることができるんで
すよ。
これを使いこなせば、怖いも
のナシですね！
支給品ボックスに入ってます
から遠慮なく使って下さい！",
2450,"≪密林探索≫
青き怪鳥の目撃{j}イャンクック亜種１頭の狩猟{j}なし{j}なし{j}メインターゲットの達成{j}報酬金ゼロ
タイムアップ{j}大老殿ギルド{j}この密林で鳥のような奇声が
聞こえたら、それは間違いな
く怪鳥≪イャンクック≫ね。
イャンクックといえばピンク
の体色が象徴だけれど、今回
は青い体と報告されてるわ？
亜種に間違いないようね。",
2451,"≪砂漠探索≫
砂漠に咲く桜{j}リオレイア亜種１頭の狩猟{j}なし{j}なし{j}メインターゲットの達成{j}報酬金ゼロ
タイムアップ{j}大老殿ギルド{j}砂漠地帯に桜色のあざやかな
体色を持つ≪リオレイア≫が
出たみたいね。希少性の高い
珍しい亜種だわ。砂漠に咲き
乱れる桜を狩る勇気を持つ方
は、クエストカウンターまで
お越し下さいませ。",
2452,"≪プレミアムクエスト≫
雌火竜を狩猟せよ【２人向け】{j}リオレイア１頭の狩猟{j}なし{j}なし{j}メインターゲットの達成{j}報酬金ゼロ
タイムアップ{j}大衆酒場ギルド{j}≪プレミアムクエスト≫は、
通常よりも多めのＨＲＰと
ポルタチケットがもらえる
とってもお得なクエストです。
参加人数は２人まで。
リオレイアは突進と空中回転
攻撃に注意です。動きを良く
見て攻撃してくださいね。
閃光玉があると便利ですよ～。",
2453,"≪プレミアムクエスト≫
眠鳥を狩猟せよ【２人向け】{j}ヒプノック１頭の狩猟{j}なし{j}なし{j}メインターゲットの達成{j}報酬金ゼロ
タイムアップ{j}大衆酒場ギルド{j}≪プレミアムクエスト≫は、
通常よりも多めのＨＲＰと
ポルタチケットがもらえる
とってもお得なクエストです。
参加人数は２人まで。
ヒプノックはハンターさんを
眠らせちゃうんですよ～。
寝そうになったら協力して
起こしてあげてくださいね！",
2454,"≪プレミアムクエスト≫
鎌蟹を狩猟せよ【２人向け】{j}ショウグンギザミ１匹の狩猟{j}なし{j}なし{j}メインターゲットの達成{j}報酬金ゼロ
タイムアップ{j}大衆酒場ギルド{j}≪プレミアムクエスト≫は、
通常よりも多めのＨＲＰと
ポルタチケットがもらえる
とってもお得なクエストです。
参加人数は２人まで。
ショウグンギザミの爪攻撃は
素早くて避けるのも大変。
ハンターさん同士で協力して
立ち回ってください！",
2455,"≪プレミアムクエスト≫
白影を狩猟せよ【２人向け】{j}フルフル１頭の狩猟{j}なし{j}なし{j}メインターゲットの達成{j}報酬金ゼロ
タイムアップ{j}大衆酒場ギルド{j}≪プレミアムクエスト≫は、
通常よりも多めのＨＲＰと
ポルタチケットがもらえる
とってもお得なクエストです。
参加人数は２人まで。
フルフルといえば電気攻撃！
特に怒り出したら大変…。
近付くときはタイミングを
見て攻撃してくださいね。",
2456,"≪プレミアムクエスト≫
雪獅子を狩猟せよ【２人向け】{j}ドドブランゴ１頭の狩猟{j}なし{j}なし{j}メインターゲットの達成{j}報酬金ゼロ
タイムアップ{j}大衆酒場ギルド{j}≪プレミアムクエスト≫は、
通常よりも多めのＨＲＰと
ポルタチケットがもらえる
とってもお得なクエストです。
参加人数は２人まで。
怒ったドドブランゴには要注
意！慣れないうちは致命傷を
負わないように、避けること
に専念してくださいね。",
2457,"≪プレミアムクエスト≫
溶岩竜を狩猟せよ【２人向け】{j}ヴォルガノス１頭の狩猟{j}なし{j}なし{j}メインターゲットの達成{j}報酬金ゼロ
タイムアップ{j}大衆酒場ギルド{j}≪プレミアムクエスト≫は、
通常よりも多めのＨＲＰと
ポルタチケットがもらえる
とってもお得なクエストです。
参加人数は２人まで。
ヴォルガノスは手強いです。
ハンターさんの知恵を活かし
て、しっかり準備して挑んで
くださいね～！",
2458,"≪プレミアムクエスト≫
大猪を狩猟せよ【２人向け】{j}ドスファンゴ１頭の狩猟{j}なし{j}なし{j}メインターゲットの達成{j}報酬金ゼロ
タイムアップ{j}大衆酒場ギルド{j}≪プレミアムクエスト≫は、
通常よりも多めのＨＲＰと
ポルタチケットがもらえる
とってもお得なクエストです。
参加人数は２人まで。
ドスファンゴの突進って、
本当に厄介…。危ない！と
思ったら、無理せず防御や
回避を行ってくださいね。",
2459,"≪プレミアムクエスト≫
赤き長を狩猟せよ【２人向け】{j}ドスイーオス１頭の狩猟{j}なし{j}なし{j}メインターゲットの達成{j}報酬金ゼロ
タイムアップ{j}大衆酒場ギルド{j}≪プレミアムクエスト≫は、
通常よりも多めのＨＲＰと
ポルタチケットがもらえる
とってもお得なクエストです。
参加人数は２人まで。
逃げられそうになったら、
閃光玉やシビレ罠で足止め
するのも手ですよ～。
解毒剤もお忘れなく！",
2460,"≪プレミアムクエスト≫
砂竜を狩猟せよ【２人向け】{j}ドスガレオス１頭の狩猟{j}なし{j}なし{j}メインターゲットの達成{j}報酬金ゼロ
タイムアップ{j}大衆酒場ギルド{j}≪プレミアムクエスト≫は、
通常よりも多めのＨＲＰと
ポルタチケットがもらえる
とってもお得なクエストです。
参加人数は２人まで。
砂竜たちは、大きな音で驚く
と地上に姿を現わしますから
そこがチャンスですよ！",
2461,"≪プレミアムクエスト≫
桃毛獣を狩猟せよ【２人向け】{j}ババコンガ１頭の狩猟{j}なし{j}なし{j}メインターゲットの達成{j}報酬金ゼロ
タイムアップ{j}大衆酒場ギルド{j}≪プレミアムクエスト≫は、
通常よりも多めのＨＲＰと
ポルタチケットがもらえる
とってもお得なクエストです。
参加人数は２人まで。
食いしん坊なババコンガには、毒、眠り、シビレ生肉が有効
ですよ！",
2462,"≪プレミアムクエスト≫
桜火竜を狩猟せよ【２人向け】{j}リオレイア亜種１頭の狩猟{j}なし{j}なし{j}メインターゲットの達成{j}報酬金ゼロ
タイムアップ{j}大衆酒場ギルド{j}≪プレミアムクエスト≫は、
通常よりも多めのＨＲＰと
ポルタチケットがもらえる
とってもお得なクエストです。
参加人数は２人まで。
どのモンスターも、亜種は
手ごわい相手ですが、基本は
原種と同じです。ファイト！",
2463,"≪プレミアムクエスト≫
赤き影を狩猟せよ【２人向け】{j}フルフル亜種１頭の狩猟{j}なし{j}なし{j}メインターゲットの達成{j}報酬金ゼロ
タイムアップ{j}大衆酒場ギルド{j}≪プレミアムクエスト≫は、
通常よりも多めのＨＲＰと
ポルタチケットがもらえる
とってもお得なクエストです。
参加人数は２人まで。
どのモンスターも、亜種は
手ごわい相手ですが、基本は
原種と同じです。ファイト！",
2464,"≪プレミアムクエスト≫
魚竜を狩猟せよ【２人向け】{j}ガノトトス１頭の狩猟{j}なし{j}なし{j}メインターゲットの達成{j}報酬金ゼロ
タイムアップ{j}大衆酒場ギルド{j}≪プレミアムクエスト≫は、
通常よりも多めのＨＲＰと
ポルタチケットがもらえる
とってもお得なクエストです。
参加人数は２人まで。
音爆弾で驚かせたり、≪釣り
カエル≫で一本釣りにして、
陸の勝負に持ち込むのが吉！",
2465,"≪プレミアムクエスト≫
風翔龍を討伐せよ【２人向け】{j}クシャルダオラ１体の討伐{j}なし{j}なし{j}メインターゲットの達成{j}報酬金ゼロ
タイムアップ{j}大衆酒場ギルド{j}≪プレミアムクエスト≫は、
通常よりも多めのＨＲＰと
ポルタチケットがもらえる
とってもお得なクエストです。
参加人数は２人まで。
あるスジの特別な依頼なので
オイシイ仕事ですが、本来の
古龍の力は侮れませんよ！",
2466,"≪雪山探索≫
極寒の地での狩猟{j}ドスファンゴ１頭の狩猟{j}ポポ８頭の討伐{j}なし{j}メインターゲット、もしくは
サブターゲットＡの達成{j}報酬金ゼロ
タイムアップ{j}大衆酒場ギルド{j}雪山で狩猟に臨む場合は、
≪ホットドリンク≫を忘れず
に持って行ってくださいね！
≪ポポ≫の討伐で、ある程度
雪山の環境に慣れてから、
≪ドスファンゴ≫を狩猟した
方が確実かも知れませんね！",
2467,"≪雪山探索≫
雪原を這う赤影{j}フルフル亜種１頭の狩猟{j}なし{j}なし{j}メインターゲットの達成{j}報酬金ゼロ
タイムアップ{j}大衆酒場ギルド{j}雪原を這う赤影が目撃された
ようです！≪フルフル≫の亜
種に間違いありません！今の
季節の雪山はブランゴたちが
エサを求めて群生してます！
フルフルとブランゴ、同時に
相手をしないようご注意を！",
2468,"≪雪山探索≫
暗闇を這う白影{j}フルフル１頭の狩猟{j}フルベビアイス６個の納品{j}ガウシカの角６個の納品{j}メインターゲット、もしくは
サブターゲットＡかＢの達成{j}報酬金ゼロ
タイムアップ{j}大衆酒場ギルド{j}≪フルフル≫ってモンスター
は幼生期を地面の中で過ごす
ため、目よりも鼻が利くと言
われてます。親の狩猟が困難
な場合は地中にいる≪フルフ
ルベビー≫を山菜ジイさんと
交換して、交換後のアイテム
を納品してくださいね！",
2469,"≪雪山探索≫
群れ成す牙獣の主{j}ドドブランゴ１頭の狩猟{j}ブランゴ１０頭の討伐{j}ブランゴ５頭の討伐{j}メインターゲット、もしくは
サブターゲットＡかＢの達成{j}報酬金ゼロ
タイムアップ{j}大衆酒場ギルド{j}この季節の雪山はブランゴ
一家の独壇場…、その数は尋
常じゃないです！ブランゴは
親玉の≪ドドブランゴ≫の
指示に従って、群れを成して
襲い掛かってくるハズです！
囲まれないようにご注意を！",
2470,"≪雪山探索≫
群れ成す牙獣の主{j}ドドブランゴ１頭の狩猟{j}肉食竜の卵５個の納品{j}ギアノス１０頭の討伐{j}メインターゲット、もしくは
サブターゲットＡかＢの達成{j}報酬金ゼロ
タイムアップ{j}大衆酒場ギルド{j}≪ドドブランゴ≫は雪山を治
める主です！なわばりを侵す
者への攻撃は容赦なしです！
あっ、この季節は珍しい種の
ランポスが卵を育てに現れる
みたいです。≪肉食竜の卵≫
は触らない方がいいですよ！",
2471,"≪火山探索≫
毒を統べる毒{j}ドスイーオス１頭の狩猟{j}イーオス１５頭の討伐{j}なし{j}メインターゲット、もしくは
サブターゲットＡの達成{j}報酬金ゼロ
タイムアップ{j}大衆酒場ギルド{j}火山地帯で≪ドスイーオス≫
を狩猟するのは、少し面倒か
も知れないです！体力を消耗
したドスイーオスは、狩人が
体力を消耗する、嫌な場所に
逃げ込む可能性があります！
逃さないのがコツですよ！",
2472,"≪火山探索≫
岩地に潜む罠{j}バサルモス１頭の狩猟{j}燃石炭１２個の納品{j}ランゴスタ２０匹の討伐{j}メインターゲット、もしくは
サブターゲットＡかＢの達成{j}報酬金ゼロ
タイムアップ{j}大衆酒場ギルド{j}≪バサルモス≫の狩猟に臨む
なら岩場から探してみるとい
いですよ！岩に紛れて隠れて
るケースが多いですからね！
採掘をする予定があるなら
是非とも≪燃石炭≫を納品し
てく下さい！エネルギー源と
して重宝される品なんです！",
2473,"≪火山探索≫
岩地に潜む罠{j}バサルモス１頭の狩猟{j}燃石炭１２個の納品{j}バサルモスの胸部破壊{j}メインターゲット、もしくは
サブターゲットＡかＢの達成{j}報酬金ゼロ
タイムアップ{j}大衆酒場ギルド{j}≪バサルモス≫は鉱石を食べ
て成長するためその外殻には
鉱石が含まれてることが多い
です。部位を破壊することで、
採掘しなくても鉱石が入手
できることもあるみたいです
よ！これは一石二鳥ですね！",
2474,"≪火山探索≫
灼熱の覇者{j}グラビモス１頭の狩猟{j}火薬岩４個の納品{j}火薬岩２個の納品{j}メインターゲット、もしくは
サブターゲットＡかＢの達成{j}報酬金ゼロ
タイムアップ{j}大衆酒場ギルド{j}≪グラビモス≫は灼熱の覇者
とも呼ばれてて、燃石や鉱石
を食べて異常なまでの硬度に
発達した外殻には、相当に磨
かれた装備が必要ですよ！鎧
竜の目を盗んで≪火薬岩≫を
納めてくれてもいいですよ！",
2475,"≪火山探索≫
黒鎧をまといし亜種{j}グラビモス亜種１頭の狩猟{j}なし{j}なし{j}メインターゲットの達成{j}報酬金ゼロ
タイムアップ{j}大衆酒場ギルド{j}火山の噴煙にまみれて≪グラ
ビモス≫の黒い亜種が出現し
たらしいです！その容姿は見
る者を震え上がらせるって！
でも、鎧竜って呼ばれるのは
体を守る鎧があるからよね？
鎧を壊せばどうなのかしら？",
2476,"≪火山探索≫
天地を走る大鎌{j}ショウグンギザミ１匹の狩猟{j}ガブラス６頭の討伐{j}秘密のポーチ６個の納品{j}メインターゲット、もしくは
サブターゲットＡかＢの達成{j}報酬金ゼロ
タイムアップ{j}大衆酒場ギルド{j}鎌蟹≪ショウグンギザミ≫は
その奇妙な足関節を使って、
天井にまで登るらしいです！
狩猟が困難な場合、この季節
火口付近を飛び回る≪ガブラ
ス≫を討伐して、貴重な食材
を入手するのもお勧めです！",
2477,"≪火山探索≫
天地を走る大鎌{j}ショウグンギザミ１匹の狩猟{j}ショウグンギザミのツメ破壊{j}ガミザミ８匹の討伐{j}メインターゲット、もしくは
サブターゲットＡかＢの達成{j}報酬金ゼロ
タイムアップ{j}大衆酒場ギルド{j}鎌蟹≪ショウグンギザミ≫は
その奇妙な足関節を使って、
天井にまで登るらしいです！
この季節の火山では、子供た
ち≪ガミザミ≫も数多く生息
してるハズです！それぞれの
鋭い爪には要注意ですよ！",
2478,"≪密林探索≫
共同部位報酬！飛竜種の重牙{j}リオレイア変種１頭{j}主目標の尻尾切断{j}主目標の頭部破壊{j}メインターゲットの狩猟、
またはサブターゲットの達成{j}報酬金ゼロ
タイムアップ{j}メゼポルタ猟団組合{j}猟団組合では、変種や奇種の
部位を多く破壊したハンター
に報酬を出しております。
メイン報酬は飛竜種の重牙！
受注、参加時に保証書の納品、
そして、指定モンスターの
狩猟をお願いします。
出発後の保証書の返却はでき
ないため、ご注意ください。",
2479,"≪火山探索≫
共同捕獲報酬！飛竜種の重骨{j}グラビモス変種１頭{j}主目標の尻尾切断{j}主目標の胸部破壊{j}メインターゲットの狩猟、
またはサブターゲットの達成{j}報酬金ゼロ
タイムアップ{j}メゼポルタ猟団組合{j}猟団組合では、変種や奇種を
多く捕獲したハンターに報酬
を出しております。
メイン報酬は飛竜種の重骨！
受注、参加時に保証書の納品、
そして、指定モンスターの
狩猟をお願いします。
出発後の保証書の返却はでき
ないため、ご注意ください。",
2480,"≪古塔探索≫
共同捕獲報酬！飛竜種の剛爪{j}リオレウス変種１頭{j}主目標の尻尾切断{j}主目標の頭部破壊{j}メインターゲットの狩猟、
またはサブターゲットの達成{j}報酬金ゼロ
タイムアップ{j}メゼポルタ猟団組合{j}猟団組合では、変種や奇種を
多く捕獲したハンターに報酬
を出しております。
メイン報酬は飛竜種の剛爪！
受注、参加時に保証書の納品、
そして、指定モンスターの
狩猟をお願いします。
出発後の保証書の返却はでき
ないため、ご注意ください。",
2481,"≪砂漠探索≫
共同部位報酬！飛竜種の剛尾{j}ディアブロス変種１頭{j}主目標の尻尾切断{j}主目標の角破壊{j}メインターゲットの狩猟、
またはサブターゲットの達成{j}報酬金ゼロ
タイムアップ{j}メゼポルタ猟団組合{j}猟団組合では、変種や奇種の
部位を多く破壊したハンター
に報酬を出しております。
メイン報酬は飛竜種の剛尾！
受注、参加時に保証書の納品、
そして、指定モンスターの
狩猟をお願いします。
出発後の保証書の返却はでき
ないため、ご注意ください。",
2482,"≪密林探索≫
共同部位報酬！牙獣種の剛爪{j}ババコンガ変種１頭{j}主目標の爪破壊{j}主目標の頭部破壊{j}メインターゲットの狩猟、
またはサブターゲットの達成{j}報酬金ゼロ
タイムアップ{j}メゼポルタ猟団組合{j}猟団組合では、変種や奇種の
部位を多く破壊したハンター
に報酬を出しております。
メイン報酬は牙獣種の剛爪！
受注、参加時に保証書の納品、
そして、指定モンスターの
狩猟をお願いします。
出発後の保証書の返却はでき
ないため、ご注意ください。",
2483,"≪闘技場戦≫
共同捕獲報酬！牙獣種の重牙{j}ドドブランゴ変種１頭{j}主目標の尻尾切断{j}主目標の頭部破壊{j}メインターゲットの狩猟、
またはサブターゲットの達成{j}報酬金ゼロ
タイムアップ{j}メゼポルタ猟団組合{j}猟団組合では、変種や奇種を
多く捕獲したハンターに報酬
を出しております。
メイン報酬は牙獣種の重牙！
受注、参加時に保証書の納品、
そして、指定モンスターの
狩猟をお願いします。
出発後の保証書の返却はでき
ないため、ご注意ください。",
2484,"≪密林探索≫
シトゥルゥコイン交換所{j}ＶＳ．チケット２０枚の納品{j}なし{j}なし{j}メインターゲットの達成{j}報酬金ゼロ
タイムアップ{j}情報通のハンター{j}密林にＶＳ．チケットを
欲しがっている物好きが
居るらしい。持って行ったら
シトゥルゥコインなるものと
交換してくれるらしいぜ。
本当だったら、幸運だな。
アレは超レアなんだぜ？",
2485,"≪密林探索≫
釣師への道・半人前{j}魚拓【小】１０枚の納品{j}ガノトトスの一本釣り{j}なし{j}マストオーダー全ての達成{j}報酬金ゼロ／タイムアップ
ガノトトス１頭の狩猟{j}ギルドの釣師{j}釣り、それは魚と静かに向き
合う孤独な狩り。次は日々の
研鑽の積み重ねを証明して貰
おう。一人でガノトトスの一
本釣りと魚拓【小】１０枚の
納品だ。ガノトトスは絶対に
狩らずに釣り上げるんだぞ。",
2486,"≪密林探索≫
釣師への道・独り立ち{j}魚拓【大】３０枚の納品{j}ガノトトス亜種の１本釣り{j}なし{j}マストオーダー全ての達成{j}報酬金ゼロ／タイムアップ
ガノトトス亜種１頭の狩猟{j}ギルドの釣師{j}釣り、それは魚と静かに向き
合う孤独な狩り。報酬は、
釣師の証になる、ある素材だ。
今までの集大成を見せてくれ！
釣りが目的だから、ガノトト
ス亜種は今回も絶対に狩らな
いように！",
2487,"≪密林探索≫
収穫へ至る採掘・前編{j}緋夕石５０個の納品{j}風紋石５０個の納品{j}ベリル鉱石５０個の納品{j}マストオーダー全ての達成{j}報酬金ゼロ
タイムアップ{j}ギルドの採掘師{j}おう、よく来たな。
モンスターを狩るのもいいが、
採掘も楽しいよな！
そこで、採掘の腕試しをして
みないか？
これから依頼する鉱石を集め
てほしい。
報酬は弾むぜ！",
2488,"≪火山探索≫
収穫へ至る採掘・後編{j}紅蓮石５０個の納品{j}クレンザイト５０個の納品{j}燐蛍石５０個の納品{j}マストオーダー全ての達成{j}報酬金ゼロ
タイムアップ{j}ギルドの採掘師{j}採掘はいいよな。
掘ってる最中は無心になれる。
オレも狩り場に行く時は、
必ずピッケル持参だ！
てなわけで、次の依頼だ。
今回も良質な鉱石の納品を
待ってるぞ。
報酬は期待してくれ！",
2489,"≪樹海探索≫
収穫へ至る採取・前編{j}七色たんぽぽ５０個の納品{j}黒真珠５０個の納品{j}なぞの頭骨５０個の納品{j}マストオーダー全ての達成{j}報酬金ゼロ
タイムアップ{j}ギルドの採取師{j}ごきげんよう。はじめまして。
ちょっとした狩りの合間に
採取をしていますか？
これも一つのいい機会だと
思いますので、あなたの採取
の成果を見せていただけない
かしら？
もちろん、報酬はお渡ししま
すから。",
2490,"≪砂漠探索≫
収穫へ至る採取・後編{j}エールナッツ５０個の納品{j}混沌茸５０個の納品{j}オカサンゴ５０個の納品{j}マストオーダー全ての達成{j}報酬金ゼロ
タイムアップ{j}ギルドの採取師{j}今日も採取をしていますか？
道具を必要としない代わりに、
装備に気を使いたいですよね。
さて、新しい採取の依頼です。
んー、今回も少し大変かも
しれませんが頑張ってくださ
いね。もちろん報酬はお渡し
しますから。",
2491,"≪沼地探索≫
収穫へ至る採掘・完結編{j}採集のコイン・１を１０個納品{j}採集のコイン・２を１０個納品{j}フルベビアイス１個の納品{j}マストオーダー全ての達成{j}報酬金ゼロ
タイムアップ{j}ギルドの採掘師{j}これが俺から最後の依頼だ。
また鉱石集めかだって？
いや、今まで集めたコインを
まとめて交換するだけだ。
…そういえば、掘ってばかり
でフルベビアイスを見たこと
なかったから作ってきてくれ
ないか？",
2492,"≪雪山探索≫
収穫へ至る採取・完結編{j}採集のコイン・３を１０個納品{j}採集のコイン・４を１０個納品{j}肉食竜の卵１個の納品{j}マストオーダー全ての達成{j}報酬金ゼロ
タイムアップ{j}ギルドの採取師{j}これが最後の依頼です。
と言っても、今まで集めた
コインを１つにするだけです。
……でも、それだと物足りな
いので肉食竜の卵を取って
きていただけないかしら。
私、あの卵だけは重くて運ん
だことがありませんの。",
2493,"≪峡谷探索≫
そして収穫のとき{j}採集のコイン・収を１個納品{j}採集のコイン・穫を１個納品{j}岩塩１個の納品{j}マストオーダー全ての達成{j}報酬金ゼロ
タイムアップ{j}白い服のギルド員{j}二人の名人の依頼を見事に
達成しましたね。
記念といっては何ですが、
ある装備を作成するのに必要
なコインをお渡しします。
あと…岩塩を切らしてしまっ
たので、ついでに取ってき
ていただけますか？",
2494,"≪古塔探索≫
金色疾走{j}リオレイア希少種１頭の狩猟{j}リオレイア亜種１頭の狩猟{j}なし{j}マストオーダー全ての達成{j}報酬金ゼロ
タイムアップ{j}古塔の探索隊の日記{j}長き歳月の果てに、我々はつ
いに、この世界に語り継がれ
る、秘境と呼ばれる古塔の一
角へ辿り着き、かの地で眩き
光を放つ金色の竜と対面した！
我々の体験が空言にならぬこ
とを祈る…。",
2495,"≪古塔探索≫
銀色滑空{j}リオレウス希少種１頭の狩猟{j}リオレウス亜種１頭の狩猟{j}なし{j}マストオーダー全ての達成{j}報酬金ゼロ
タイムアップ{j}古塔の探索隊の日記{j}長き歳月の果てに、我々はつ
いに、この世界に語り継がれ
る、秘境と呼ばれる古塔の一
角へ辿り着き、かの地で眩き
光を放つ銀色の竜と対面した！
我々の体験が空言にならぬこ
とを祈る…。",
2496,"≪砂漠探索≫
轟竜捕獲作戦{j}ティガレックス１頭の捕獲{j}なし{j}なし{j}メインターゲットの達成{j}報酬金ゼロ
タイムアップ{j}物好きな金持ち{j}ここ最近、珍しい飛竜が目撃
されているそうじゃないか。
なんでも、原始的な飛竜の形
だとか聞いたんだが･･･。
ぜひ１頭私のものにしておき
たいから、上位では異例だが
最低限の支給品も出そう。
しっかり捕獲してきてくれ。",
2497,"≪雪山探索≫
山は白金{j}ラージャン１頭の狩猟{j}ドドブランゴ１頭の狩猟{j}なし{j}マストオーダー全ての達成{j}報酬金ゼロ
タイムアップ{j}大老殿ギルド{j}雪山深く、白い牙獣と金の牙
獣が集う時期があると言われ
ているわ。確かな記録として
記されたことはないので、
飽くまでもハンター達の噂で
しかないけど、筋金入りの
ハンターには心躍る話じゃ
ないかしら。",
2498,"≪沼地探索≫
紅き蠢き{j}フルフル亜種２頭の狩猟{j}フルフル亜種１頭の狩猟{j}フルベビアイス４個の納品{j}メインターゲット、もしくは
サブターゲットＡかＢの達成{j}報酬金ゼロ
タイムアップ{j}思わせぶりな学者{j}モンスターには個体差がある。
フルフルはその中でも、とり
わけ特殊な部類に入るため、
比較的このような個体が見ら
れやすい･･･。
話がよく見えないハンター諸
君は、まあ、とりあえず話の
種に一つ狩ってきたまえよ。",
2499,"≪雪山探索≫
双白影{j}フルフル２頭の討伐{j}なし{j}なし{j}メインターゲットの達成{j}報酬金ゼロ
タイムアップ{j}グルメなハンター{j}≪フルフル≫の姿を見たこと
あるかい？
あの姿は…僕の理想といって
もいい。あのとても美味し
そ…ゴ、ゴホン。とにかく
フルフルを２頭討伐してきて
くれ。頼んだよ。",
2500,"≪砂漠探索≫
リオレイア亜種連続狩猟！{j}リオレイア亜種３頭の狩猟{j}リオレイア亜種２頭の狩猟{j}リオレイア亜種１頭の狩猟{j}メインターゲット、もしくは
サブターゲットＡかＢの達成{j}報酬金ゼロ
タイムアップ{j}大老殿ギルド{j}砂漠地帯にリオレイアが次々
と舞い降りていると、珍しい
報告が入りました！１頭でも
難敵となる女王を連続で狩猟
することは、かなりの困難と
なるでしょう！腕に自信のあ
る方や、レイアの素材が必要
な方もふるってご参加を！！",
2501,"≪雪山探索≫
スピードスター{j}ギルドフラッグ８個の山頂設置{j}なし{j}なし{j}メインターゲットの達成{j}報酬金ゼロ
タイムアップ{j}大老殿ギルド{j}大至急で頼みたいことがある。
≪ギルドフラッグ≫を雪山の
山頂に立ててきてほしい。
そんな重たそうな装備を着て
いる余裕はないぞ！
支給品は揃えたからアイテムを
持っていく必要もないからな。",
2502,"≪森丘探索≫
森丘の影{j}イャンクック１頭の捕獲{j}なし{j}なし{j}メインターゲットの達成{j}報酬金ゼロ
タイムアップ{j}通商隊のオーナー{j}急ぎの仕事を頼みたいんだ。
森丘に怪鳥が出たんだ。
いつもなら気にしないんだが
運悪く通商隊が通過するので
すぐに追い払って欲しい。
血の臭いで、他の飛竜を
呼び寄せては困るから
捕獲で頼むよ。ほんと頼むよ！
",
2503,"≪峡谷探索≫
峡谷を跳ぶ金色{j}ラージャン１頭の狩猟{j}ラージャンの尻尾切断{j}ラージャンの頭部破壊{j}メインターゲット、もしくは
サブターゲットＡかＢの達成{j}報酬金ゼロ
タイムアップ{j}大老殿ギルド{j}峡谷の調査団が、なんと、
≪ラージャン≫に襲われた
そうです！現場での狩猟を
お願いします。
あの環境にも適応するとは、
流石というべきでしょうか…。
調査のため、一部武器を限定
のうえでの狩猟と、部位破壊
をお願いします。",
2504,"≪峡谷探索≫
峡谷を走る轟き{j}ティガレックス１頭の狩猟{j}ティガレックスの尻尾切断{j}ティガレックスの頭部破壊{j}メインターゲット、もしくは
サブターゲットＡかＢの達成{j}報酬金ゼロ
タイムアップ{j}大老殿ギルド{j}峡谷の調査員がモンスターに
襲われて帰ってきました！
受けていた傷痕は、轟竜の
ものと酷似していたとか…。
調査のため、一部武器を限定
のうえでの狩猟と、部位破壊
をお願いします。",
2505,"≪峡谷探索≫
峡谷を穿つ一撃{j}エスピナス亜種１頭の狩猟{j}エスピナス亜種の角破壊{j}エスピナス亜種の尻尾切断{j}メインターゲット、もしくは
サブターゲットＡかＢの達成{j}報酬金ゼロ
タイムアップ{j}大老殿ギルド{j}峡谷の調査団が、突然の大爆
発を目撃したそうです。
調査団の１人が言うには、
あの、樹海の主、それも亜種
のものと同様だったとか…。
調査のため、一部武器を限定
のうえでの狩猟と、部位破壊
をお願いします。",
2506,"≪峡谷探索≫
峡谷を焼く双火竜{j}リオレウス１頭の狩猟{j}リオレイア１頭の狩猟{j}なし{j}マストオーダー全ての達成{j}報酬金ゼロ
タイムアップ{j}大老殿ギルド{j}峡谷で、１対の火竜が目撃さ
れました。生態調査のため、
両方の狩猟をお願いします。
火竜素材の多くはこちらで
引き取らせていただきますが、
一部必要の無い部位や、
峡谷特産品を報酬に出させて
いただきます。",
2507,"≪密林探索≫
釣師への道・駆け出し{j}カジキマグロ１０匹の納品{j}なし{j}なし{j}メインターゲットの達成{j}報酬金ゼロ
タイムアップ{j}ギルドの釣師{j}釣り、それは魚と静かに向き
合う孤独な狩り。モンスター
を狩るだけがハンターじゃな
い。釣りだって立派な狩猟だ。
君も釣師を目指してみないか？
もし目指すなら、一人でカジ
キマグロ１０匹の納品からだ。",
2508,"≪峡谷探索≫
肉球のコイン・金１（きん）{j}クエスト達成証１枚の納品{j}なし{j}なし{j}メインターゲットの達成{j}報酬金ゼロ
タイムアップ{j}峡谷の行商人{j}やあ！いつぞやはありがとう！
≪肉球のコイン≫が欲しい時
は、わるいけど峡谷まで来て
ほしい。≪クエスト達成証≫
をちゃんと持って、１人で来
てくれよ。では、峡谷で待っ
ているからね。",
2509,"≪峡谷探索≫
肉球のコイン・銀１（ぎん）{j}クエスト達成証１枚の納品{j}なし{j}なし{j}メインターゲットの達成{j}報酬金ゼロ
タイムアップ{j}峡谷の行商人{j}やあ！いつぞやはありがとう！
≪肉球のコイン≫が欲しい時
は、わるいけど峡谷まで来て
ほしい。≪クエスト達成証≫
をちゃんと持って、１人で来
てくれよ。では、峡谷で待っ
ているからね。",
2510,"≪峡谷探索≫
肉球のコイン・銅１（どう）{j}クエスト達成証１枚の納品{j}なし{j}なし{j}メインターゲットの達成{j}報酬金ゼロ
タイムアップ{j}峡谷の行商人{j}やあ！いつぞやはありがとう！
≪肉球のコイン≫が欲しい時
は、わるいけど峡谷まで来て
ほしい。≪クエスト達成証≫
をちゃんと持って、１人で来
てくれよ。では、峡谷で待っ
ているからね。",
2511,"≪峡谷探索≫
肉球のコイン・金３（きん）{j}クエスト達成証３枚の納品{j}なし{j}なし{j}メインターゲットの達成{j}報酬金ゼロ
タイムアップ{j}峡谷の行商人{j}やあ！いつぞやはありがとう！
≪肉球のコイン≫が欲しい時
は、わるいけど峡谷まで来て
ほしい。今度は３枚まとめて
お渡しいたしますよ。
≪クエスト達成証≫３枚を
ちゃんと持って、１人で来て
くれよ。では、峡谷で待って
いるからね。",
2512,"≪峡谷探索≫
肉球のコイン・銀３（ぎん）{j}クエスト達成証３枚の納品{j}なし{j}なし{j}メインターゲットの達成{j}報酬金ゼロ
タイムアップ{j}峡谷の行商人{j}やあ！いつぞやはありがとう！
≪肉球のコイン≫が欲しい時
は、わるいけど峡谷まで来て
ほしい。今度は３枚まとめて
お渡しいたしますよ。
≪クエスト達成証≫３枚を
ちゃんと持って、１人で来て
くれよ。では、峡谷で待って
いるからね。",
2513,"≪峡谷探索≫
肉球のコイン・銅３（どう）{j}クエスト達成証３枚の納品{j}なし{j}なし{j}メインターゲットの達成{j}報酬金ゼロ
タイムアップ{j}峡谷の行商人{j}やあ！いつぞやはありがとう！
≪肉球のコイン≫が欲しい時
は、わるいけど峡谷まで来て
ほしい。今度は３枚まとめて
お渡しいたしますよ。
≪クエスト達成証≫３枚を
ちゃんと持って、１人で来て
くれよ。では、峡谷で待って
いるからね。",
2514,"≪峡谷探索≫
肉球のコイン・鉛１（なまり）{j}クエスト達成証１枚の納品{j}なし{j}なし{j}メインターゲットの達成{j}報酬金ゼロ
タイムアップ{j}峡谷の行商人{j}やあ！いつぞやはありがとう！
≪肉球のコイン≫が欲しい時
は、わるいけど峡谷まで来て
ほしい。≪クエスト達成証≫
をちゃんと持って、１人で来
てくれよ。では、峡谷で待っ
ているからね。",
2515,"≪峡谷探索≫
肉球のコイン・鉄１（てつ）{j}クエスト達成証１枚の納品{j}なし{j}なし{j}メインターゲットの達成{j}報酬金ゼロ
タイムアップ{j}峡谷の行商人{j}やあ！いつぞやはありがとう！
≪肉球のコイン≫が欲しい時
は、わるいけど峡谷まで来て
ほしい。≪クエスト達成証≫
をちゃんと持って、１人で来
てくれよ。では、峡谷で待っ
ているからね。",
2516,"≪峡谷探索≫
肉球のコイン・鋼１（はがね）{j}クエスト達成証１枚の納品{j}なし{j}なし{j}メインターゲットの達成{j}報酬金ゼロ
タイムアップ{j}峡谷の行商人{j}やあ！いつぞやはありがとう！
≪肉球のコイン≫が欲しい時
は、わるいけど峡谷まで来て
ほしい。≪クエスト達成証≫
をちゃんと持って、１人で来
てくれよ。では、峡谷で待っ
ているからね。",
2517,"≪峡谷探索≫
肉球のコイン・鉛３（なまり）{j}クエスト達成証３枚の納品{j}なし{j}なし{j}メインターゲットの達成{j}報酬金ゼロ
タイムアップ{j}峡谷の行商人{j}やあ！いつぞやはありがとう！
≪肉球のコイン≫が欲しい時
は、わるいけど峡谷まで来て
ほしい。今度は３枚まとめて
お渡しいたしますよ。
≪クエスト達成証≫３枚を
ちゃんと持って、１人で来て
くれよ。では、峡谷で待って
いるからね。",
2518,"≪峡谷探索≫
肉球のコイン・鉄３（てつ）{j}クエスト達成証３枚の納品{j}なし{j}なし{j}メインターゲットの達成{j}報酬金ゼロ
タイムアップ{j}峡谷の行商人{j}やあ！いつぞやはありがとう！
≪肉球のコイン≫が欲しい時
は、わるいけど峡谷まで来て
ほしい。今度は３枚まとめて
お渡しいたしますよ。
≪クエスト達成証≫３枚を
ちゃんと持って、１人で来て
くれよ。では、峡谷で待って
いるからね。",
2519,"≪峡谷探索≫
肉球のコイン・鋼３（はがね）{j}クエスト達成証３枚の納品{j}なし{j}なし{j}メインターゲットの達成{j}報酬金ゼロ
タイムアップ{j}峡谷の行商人{j}やあ！いつぞやはありがとう！
≪肉球のコイン≫が欲しい時
は、わるいけど峡谷まで来て
ほしい。今度は３枚まとめて
お渡しいたしますよ。
≪クエスト達成証≫３枚を
ちゃんと持って、１人で来て
くれよ。では、峡谷で待って
いるからね。",
2520,"≪エクストラクエスト≫
火山大採取・下位・後編{j}地図１個の納品{j}なし{j}なし{j}メインターゲットの達成{j}報酬金ゼロ
タイムアップ{j}大衆酒場ギルド{j}おまたせしました。
≪エクストラクエスト≫は、
大衆酒場ギルドより、お送り
いたします。
今回は探索の結果、安全が
確認されたため、火山奥地、
溶岩池部分を開放します！
思う存分採取してきちゃって
ください！",
2521,"≪エクストラクエスト≫
火山大採取・下位・後編{j}地図１個の納品{j}なし{j}なし{j}メインターゲットの達成{j}報酬金ゼロ
タイムアップ{j}大衆酒場ギルド{j}おまたせしました。
≪エクストラクエスト≫は、
大衆酒場ギルドより、お送り
いたします。
今回は探索の結果、安全が
確認されたため、火山奥地、
溶岩池部分を開放します！
思う存分採取してきちゃって
ください！",
2522,"≪エクストラクエスト≫
火山大採取・上位・後編{j}地図１個の納品{j}なし{j}なし{j}メインターゲットの達成{j}報酬金ゼロ
タイムアップ{j}大衆酒場ギルド{j}おまたせしました。
≪エクストラクエスト≫は、
大衆酒場ギルドより、お送り
いたします。
今回は探索の結果、安全が
確認されたため、火山奥地、
溶岩池部分を開放します！
思う存分採取してきちゃって
ください！",
2523,"≪エクストラクエスト≫
火山大採取・上位・後編{j}地図１個の納品{j}なし{j}なし{j}メインターゲットの達成{j}報酬金ゼロ
タイムアップ{j}大衆酒場ギルド{j}おまたせしました。
≪エクストラクエスト≫は、
大衆酒場ギルドより、お送り
いたします。
今回は探索の結果、安全が
確認されたため、火山奥地、
溶岩池部分を開放します！
思う存分採取してきちゃって
ください！",
2524,"≪樹海探索≫
剥ぎの極意・催眠袋{j}ヒプノック変種１頭{j}主目標のクチバシの破壊{j}厳選キノコ６個の納品{j}メインターゲットの討伐
またはサブターゲットの達成{j}報酬金ゼロ
タイムアップ{j}素材剥ぎ取り職人{j}最近よく聞くが、変種は袋の
類が剥ぎづらいハンター泣か
せな相手って話じゃねえか。
ここは俺がサクッと袋を剥い
でやるから、おまえさん達は、
しっかり獲物をしとめてくる
んだぜ。剥ぎ取りし易いよう、
サブターゲットもつけたから
よろしくな！",
2525,"≪プレミアムクエスト≫
桃毛獣を狩猟せよ【２人向け】{j}ババコンガ１頭の狩猟{j}なし{j}なし{j}メインターゲットの達成{j}報酬金ゼロ
タイムアップ{j}大衆酒場ギルド{j}≪プレミアムクエスト≫を、
大衆酒場ギルドより、お送り
いたします。
こちらは、１人～２人向けの
クエストとなっていて、下位
モンスターの狩猟となります。
多くのＨＲＰとポルタチケッ
トを用意させていただきまし
たので奮ってご参加ください。",
2526,"≪プレミアムクエスト≫
桃毛獣を狩猟せよ【４人向け】{j}ババコンガ１頭の狩猟{j}なし{j}なし{j}メインターゲットの達成{j}報酬金ゼロ
タイムアップ{j}大衆酒場ギルド{j}≪プレミアムクエスト≫を、
大衆酒場ギルドより、お送り
いたします。
こちらは、３人～４人向けの
クエストとなっていて、上位
モンスターの狩猟となります。
多くのＨＲＰとポルタチケッ
トを用意させていただきまし
たので奮ってご参加ください。",
2527,"≪プレミアムクエスト≫
眠鳥変種の狩猟【２人闘技】{j}ヒプノック変種１頭{j}主目標のクチバシの破壊{j}なし{j}メインターゲットの狩猟、
またはサブターゲットの達成{j}報酬金ゼロ
タイムアップ{j}大衆酒場ギルド{j}≪プレミアムクエスト≫を、
大衆酒場ギルドより、お送り
いたします。
こちらは、１人～２人向けの
クエストとなっていて、変種
モンスターの狩猟となります。
多くのＨＲＰとポルタチケッ
トを用意させていただきまし
たので奮ってご参加ください。",
2528,"≪プレミアムクエスト≫
眠鳥変種の狩猟【４人闘技】{j}ヒプノック変種１頭{j}主目標のクチバシの破壊{j}なし{j}メインターゲットの狩猟、
またはサブターゲットの達成{j}報酬金ゼロ
タイムアップ{j}大衆酒場ギルド{j}≪プレミアムクエスト≫を、
大衆酒場ギルドより、お送り
いたします。
こちらは、３人～４人向けの
クエストとなっていて、変種
モンスターの狩猟となります。
多くのＨＲＰとポルタチケッ
トを用意させていただきまし
たので奮ってご参加ください。",
2529,"≪古塔探索≫
連撃の氷狐竜{j}デュラガウア１頭の狩猟{j}なし{j}なし{j}メインターゲットの達成{j}報酬金ゼロ
タイムアップ{j}メゼポルタ猟団組合{j}古塔の秘境、それも火竜たち
が住まうものとは別の秘境で
氷の竜が確認されました。
猟団組合ではあの竜を氷狐竜
≪デュラガウア≫と名付け、
その生態を調査しております。
まだ情報が少ない飛竜ですが
調査をお願いします。",
2530,"≪古塔探索≫
凍れる塔{j}デュラガウア１頭の狩猟{j}なし{j}なし{j}メインターゲットの達成{j}報酬金ゼロ
タイムアップ{j}メゼポルタ猟団組合{j}古塔の、火竜たちが集う秘境
をご存じですか？探検隊によ
ると、どうやら火竜たちの
秘境とは別に、何者かが住む
秘境があるようです。噂によ
ると、火竜ではなく、氷の竜
の目撃談があるとか…。調査
をお願いいたします。",
2531,"≪雪山探索≫
放たれし冥雷{j}ドラギュロス１頭の狩猟{j}なし{j}なし{j}メインターゲットの達成{j}報酬金ゼロ
タイムアップ{j}メゼポルタ猟団組合{j}雪山で新種と思われる飛竜が
目撃されました。目撃者に
よると、見た目はあの
≪ベルキュロス≫に似ていた
ようなのですが、雷ではない、
何かを放ってきたとか…。
もしかしたら亜種なのかも
しれません。急ぎ調査を
お願いいたします。",
2532,"≪火山探索≫
共同部位報酬！飛竜種の重殻{j}バサルモス変種１頭{j}主目標の尻尾切断{j}主目標の胸部破壊{j}メインターゲットの狩猟、
またはサブターゲットの達成{j}報酬金ゼロ
タイムアップ{j}メゼポルタ猟団組合{j}猟団組合では、変種や奇種の
部位を多く破壊したハンター
に報酬を出しております。
メイン報酬は飛竜種の重殻！
受注、参加時に保証書の納品、
そして、指定モンスターの
狩猟をお願いします。
出発後の保証書の返却はでき
ないため、ご注意ください。",
2533,"≪沼地探索≫
共同捕獲報酬！鳥竜種の秘石{j}ゲリョス変種１頭{j}主目標の頭部破壊{j}白水晶の原石２個の納品{j}メインターゲットの狩猟、
またはサブターゲットの達成{j}報酬金ゼロ
タイムアップ{j}メゼポルタ猟団組合{j}猟団組合では、変種や奇種を
多く捕獲したハンターに報酬
を出しております。
メイン報酬は鳥竜種の秘石！
受注、参加時に保証書の納品、
そして、指定モンスターの
狩猟をお願いします。
出発後の保証書の返却はでき
ないため、ご注意ください。",
2534,"≪高地探索≫
高地の蛮竜{j}グレンゼブル１頭の狩猟{j}なし{j}なし{j}メインターゲットの達成{j}報酬金ゼロ
タイムアップ{j}メゼポルタ猟団組合{j}未踏の地、高地。
新たに発見されたこの地で、
ついに新しく飛竜が発見され
たようです。力強い姿から
≪蛮竜≫と名付けられた飛竜。
今回はそれの狩猟依頼となり
ます。新天地での狩りを体験
してみてはいかがでしょうか？",
2535,"≪高地探索≫
グレンゼブル激昂！{j}グレンゼブル１頭の狩猟{j}なし{j}なし{j}メインターゲットの達成{j}報酬金ゼロ
タイムアップ{j}メゼポルタ猟団組合{j}今回の依頼の対象となる、
高地で確認された≪蛮竜≫で
すが、ハンターズギルドでは
これを≪グレンゼブル≫と
名付けました。非常に荒々し
く、高地特有の環境にも適し
た強力な飛竜ですので万全の
態勢で挑んでください！",
2536,"≪エクストラクエスト≫
峡谷大採取・上位・後編{j}地図１個の納品{j}なし{j}なし{j}メインターゲットの達成{j}報酬金ゼロ
タイムアップ{j}大衆酒場ギルド{j}おまたせしました。
≪エクストラクエスト≫は、
大衆酒場ギルドより、お送り
いたします。
今回は探索隊の努力の結果、
峡谷全体の安全が確認された
ため、峡谷全体が開放されて
います！思う存分採取して
きちゃってください！",
2537,"≪エクストラクエスト≫
峡谷大採取・上位・後編{j}地図１個の納品{j}なし{j}なし{j}メインターゲットの達成{j}報酬金ゼロ
タイムアップ{j}大衆酒場ギルド{j}おまたせしました。
≪エクストラクエスト≫は、
大衆酒場ギルドより、お送り
いたします。
今回は探索隊の努力の結果、
峡谷全体の安全が確認された
ため、峡谷全体が開放されて
います！思う存分採取して
きちゃってください！",
2538,"≪高地探索≫
高地の特産・昼{j}あめ葉４個の納品{j}特産キノコ６個の納品{j}厳選キノコ２個の納品{j}メインターゲット、もしくは
サブターゲットＡかＢの達成{j}報酬金ゼロ
タイムアップ{j}ギルド専属の情報屋{j}未踏の山岳地帯、≪高地≫
での採取依頼だ。未踏の大地
での、未知の素材の採取。
どうだ？ハンターとしては
狩猟でなくても興味津津だろ
う？まぁいってみるといいさ。",
2539,"≪高地探索≫
高地の特産・夜{j}あめ葉４個の納品{j}特産キノコ６個の納品{j}厳選キノコ２個の納品{j}メインターゲット、もしくは
サブターゲットＡかＢの達成{j}報酬金ゼロ
タイムアップ{j}ギルド専属の情報屋{j}未踏の山岳地帯、≪高地≫
での採取依頼だ。未踏の大地
での、未知の素材の採取。
どうだ？ハンターとしては
狩猟でなくても興味津津だろ
う？まぁいってみるといいさ。",
2540,"≪高地探索≫
高地の生態・昼{j}ブルック６頭の討伐{j}ランゴスタ１０匹の討伐{j}なし{j}メインターゲット、もしくは
サブターゲットＡの達成{j}報酬金ゼロ
タイムアップ{j}ギルド専属の情報屋{j}未踏の大地での狩猟、これ
こそがハンターの醍醐味
だろう。わかるよな？
てなわけで≪高地≫での狩猟
依頼だ。生態調査が目的なの
で、大物がいない間にさっと
済ませてきてくれよ。",
2541,"≪高地探索≫
高地の生態・夜{j}ブルック６頭の討伐{j}ランゴスタ１０匹の討伐{j}なし{j}メインターゲット、もしくは
サブターゲットＡの達成{j}報酬金ゼロ
タイムアップ{j}ギルド専属の情報屋{j}未踏の大地での狩猟、これ
こそがハンターの醍醐味
だろう。わかるよな？
てなわけで≪高地≫での狩猟
依頼だ。生態調査が目的なの
で、大物がいない間にさっと
済ませてきてくれよ。",
2542,"≪特別イベントクエスト≫
年間特典クエスト１年目{j}年間特典生産券１枚の納品{j}なし{j}なし{j}メインターゲットの達成{j}報酬金ゼロ
タイムアップ{j}エフィー{j}こんにちは。
１年間ＭＨＦを遊んでくれて
ありがとうございます！
≪年間特典生産券≫１枚を納
品すると、≪感謝の証≫を
１１枚プレゼントいたします。
≪感謝の証≫から≪ナナブレ
イド【炎妃】≫（大剣）が生
産可能です。",
2543,"≪特別イベントクエスト≫
年間特典クエスト２【皇妃】{j}年間特典生産券１枚の納品{j}なし{j}なし{j}メインターゲットの達成{j}報酬金ゼロ
タイムアップ{j}エフィー{j}２年間ＭＨＦを遊んでくれて
ありがとうございます！
≪ナナブレイド【皇妃】≫を
装備し、≪年間特典生産券≫
１枚を納品すると、≪感謝の
証Ⅱ≫を１１枚プレゼント
いたします。
≪感謝の証Ⅱ≫から≪アカム
スクウィード≫（ランス）が
生産可能です。",
2544,"≪特別イベントクエスト≫
年間特典クエスト２【神妃】{j}年間特典生産券１枚の納品{j}なし{j}なし{j}メインターゲットの達成{j}報酬金ゼロ
タイムアップ{j}エフィー{j}２年間ＭＨＦを遊んでくれて
ありがとうございます！
≪ナナブレイド【神妃】≫を
装備し、≪年間特典生産券≫
１枚を納品すると、≪感謝の
証Ⅱ≫を１１枚プレゼント
いたします。
≪感謝の証Ⅱ≫から≪アカム
スクウィード≫（ランス）が
生産可能です。",
2545,"≪特別イベントクエスト≫
年間特典クエスト３年目{j}年間特典生産券１枚の納品{j}なし{j}なし{j}メインターゲットの達成{j}報酬金ゼロ
タイムアップ{j}エフィー{j}３年間ＭＨＦを遊んでくれて
ありがとうございます！
≪アカムシュペルブ≫を装備
し、≪年間特典生産券≫１枚
を納品すると≪感謝の証Ⅲ≫
を１１枚プレゼントいたしま
す。≪感謝の証Ⅲ≫から
≪ヴォルインパクト≫
（ハンマー）が生産可能です。",
2546,"≪特別イベントクエスト≫
肉球のコインを求めて{j}アイルー１０匹の討伐{j}メラルー２０匹の討伐{j}なし{j}マストオーダー全ての達成{j}報酬金ゼロ
タイムアップ{j}峡谷の行商人{j}峡谷との行き帰りの途中で、
アイルーとメラルーに襲われ
て困っているんだ。このまま
じゃ、商品を届ける事ができ
ない。助けてくれたら、≪肉
球のコイン≫と交換できる
≪クエスト達成証≫をお礼に
あげるよ！",
2547,"≪特別イベントクエスト≫
肉球のコインを追いかけて{j}バサルモス１頭の狩猟{j}なし{j}なし{j}メインターゲットの達成{j}報酬金ゼロ
タイムアップ{j}峡谷の行商人{j}峡谷へ行く途中で、
バサルモスが道をふさいで
いて困っているんだ。
助けてくれたら、
≪肉球のコイン≫と交換でき
る≪クエスト達成証≫をお礼
にあげるよ！",
2548,"≪特別イベントクエスト≫
肉球のコインを夢見て{j}ショウグンギザミ１匹の狩猟{j}なし{j}なし{j}メインターゲットの達成{j}報酬金ゼロ
タイムアップ{j}峡谷の行商人{j}商品の納品先に、凶暴な
ショウグンギザミが待ち構え
ていて困っているんだ。
このままじゃ商品が届けられ
ない。助けてくれたら
≪肉球のコイン≫と交換でき
る≪クエスト達成証≫を
お礼にあげるよ！",
2549,"≪特別イベントクエスト≫
肉球のコインを探して{j}イャンガルルガ１頭の狩猟{j}なし{j}なし{j}メインターゲットの達成{j}報酬金ゼロ
タイムアップ{j}峡谷の行商人{j}峡谷まであと１歩のところで、
イャンガルルガが邪魔をして
困っているんだ。
助けてくれたら、
≪肉球のコイン≫と交換でき
る≪クエスト達成証≫をお礼
にあげるよ！",
2550,"≪特別イベントクエスト≫
肉球のコイン・金１（きん）{j}クエスト達成証１枚の納品{j}なし{j}なし{j}メインターゲットの達成{j}報酬金ゼロ
タイムアップ{j}峡谷の行商人{j}やあ！いつぞやはありがとう！
≪肉球のコイン≫が欲しい時
は、わるいけど峡谷まで来て
ほしい。≪クエスト達成証≫
をちゃんと持って、１人で来
てくれよ。では、峡谷で待っ
ているからね。",
2551,"≪特別イベントクエスト≫
肉球のコイン・銀１（ぎん）{j}クエスト達成証１枚の納品{j}なし{j}なし{j}メインターゲットの達成{j}報酬金ゼロ
タイムアップ{j}峡谷の行商人{j}やあ！いつぞやはありがとう！
≪肉球のコイン≫が欲しい時
は、わるいけど峡谷まで来て
ほしい。≪クエスト達成証≫
をちゃんと持って、１人で来
てくれよ。では、峡谷で待っ
ているからね。",
2552,"≪特別イベントクエスト≫
肉球のコイン・銅１（どう）{j}クエスト達成証１枚の納品{j}なし{j}なし{j}メインターゲットの達成{j}報酬金ゼロ
タイムアップ{j}峡谷の行商人{j}やあ！いつぞやはありがとう！
≪肉球のコイン≫が欲しい時
は、わるいけど峡谷まで来て
ほしい。≪クエスト達成証≫
をちゃんと持って、１人で来
てくれよ。では、峡谷で待っ
ているからね。",
2553,"≪特別イベントクエスト≫
肉球のコイン・金３（きん）{j}クエスト達成証３枚の納品{j}なし{j}なし{j}メインターゲットの達成{j}報酬金ゼロ
タイムアップ{j}峡谷の行商人{j}やあ！いつぞやはありがとう！
≪肉球のコイン≫が欲しい時
は、わるいけど峡谷まで来て
ほしい。今度は３枚まとめて
お渡しいたしますよ。
≪クエスト達成証≫３枚を
ちゃんと持って、１人で来て
くれよ。では、峡谷で待って
いるからね。",
2554,"≪特別イベントクエスト≫
肉球のコイン・銀３（ぎん）{j}クエスト達成証３枚の納品{j}なし{j}なし{j}メインターゲットの達成{j}報酬金ゼロ
タイムアップ{j}峡谷の行商人{j}やあ！いつぞやはありがとう！
≪肉球のコイン≫が欲しい時
は、わるいけど峡谷まで来て
ほしい。今度は３枚まとめて
お渡しいたしますよ。
≪クエスト達成証≫３枚を
ちゃんと持って、１人で来て
くれよ。では、峡谷で待って
いるからね。",
2555,"≪特別イベントクエスト≫
肉球のコイン・銅３（どう）{j}クエスト達成証３枚の納品{j}なし{j}なし{j}メインターゲットの達成{j}報酬金ゼロ
タイムアップ{j}峡谷の行商人{j}やあ！いつぞやはありがとう！
≪肉球のコイン≫が欲しい時
は、わるいけど峡谷まで来て
ほしい。今度は３枚まとめて
お渡しいたしますよ。
≪クエスト達成証≫３枚を
ちゃんと持って、１人で来て
くれよ。では、峡谷で待って
いるからね。",
2556,"≪特別イベントクエスト≫
肉球のコイン・鉛１（なまり）{j}クエスト達成証１枚の納品{j}なし{j}なし{j}メインターゲットの達成{j}報酬金ゼロ
タイムアップ{j}峡谷の行商人{j}やあ！いつぞやはありがとう！
≪肉球のコイン≫が欲しい時
は、わるいけど峡谷まで来て
ほしい。≪クエスト達成証≫
をちゃんと持って、１人で来
てくれよ。では、峡谷で待っ
ているからね。",
2557,"≪特別イベントクエスト≫
肉球のコイン・鉄１（てつ）{j}クエスト達成証１枚の納品{j}なし{j}なし{j}メインターゲットの達成{j}報酬金ゼロ
タイムアップ{j}峡谷の行商人{j}やあ！いつぞやはありがとう！
≪肉球のコイン≫が欲しい時
は、わるいけど峡谷まで来て
ほしい。≪クエスト達成証≫
をちゃんと持って、１人で来
てくれよ。では、峡谷で待っ
ているからね。",
2558,"≪特別イベントクエスト≫
肉球のコイン・鋼１（はがね）{j}クエスト達成証１枚の納品{j}なし{j}なし{j}メインターゲットの達成{j}報酬金ゼロ
タイムアップ{j}峡谷の行商人{j}やあ！いつぞやはありがとう！
≪肉球のコイン≫が欲しい時
は、わるいけど峡谷まで来て
ほしい。≪クエスト達成証≫
をちゃんと持って、１人で来
てくれよ。では、峡谷で待っ
ているからね。",
2559,"≪特別イベントクエスト≫
肉球のコイン・鉛３（なまり）{j}クエスト達成証３枚の納品{j}なし{j}なし{j}メインターゲットの達成{j}報酬金ゼロ
タイムアップ{j}峡谷の行商人{j}やあ！いつぞやはありがとう！
≪肉球のコイン≫が欲しい時
は、わるいけど峡谷まで来て
ほしい。今度は３枚まとめて
お渡しいたしますよ。
≪クエスト達成証≫３枚を
ちゃんと持って、１人で来て
くれよ。では、峡谷で待って
いるからね。",
2560,"≪特別イベントクエスト≫
肉球のコイン・鉄３（てつ）{j}クエスト達成証３枚の納品{j}なし{j}なし{j}メインターゲットの達成{j}報酬金ゼロ
タイムアップ{j}峡谷の行商人{j}やあ！いつぞやはありがとう！
≪肉球のコイン≫が欲しい時
は、わるいけど峡谷まで来て
ほしい。今度は３枚まとめて
お渡しいたしますよ。
≪クエスト達成証≫３枚を
ちゃんと持って、１人で来て
くれよ。では、峡谷で待って
いるからね。",
2561,"≪特別イベントクエスト≫
肉球のコイン・鋼３（はがね）{j}クエスト達成証３枚の納品{j}なし{j}なし{j}メインターゲットの達成{j}報酬金ゼロ
タイムアップ{j}峡谷の行商人{j}やあ！いつぞやはありがとう！
≪肉球のコイン≫が欲しい時
は、わるいけど峡谷まで来て
ほしい。今度は３枚まとめて
お渡しいたしますよ。
≪クエスト達成証≫３枚を
ちゃんと持って、１人で来て
くれよ。では、峡谷で待って
いるからね。",
2562,"≪特別イベントクエスト≫
絶峰を超えし者【ＨＲ１００】{j}地図１個の納品{j}なし{j}なし{j}メインターゲットの達成{j}報酬金ゼロ
タイムアップ{j}ハンターズギルド{j}ＨＲ１００達成、おめでとう
ございます！お１人で
≪地図≫を納品していただき、
クエストをクリアして、報酬
を手に入れましょう！",
2563,"≪特別イベントクエスト≫
絶峰を超えし者【ＨＲ２００】{j}地図１個の納品{j}なし{j}なし{j}メインターゲットの達成{j}報酬金ゼロ
タイムアップ{j}ハンターズギルド{j}ＨＲ２００達成、おめでとう
ございます！お１人で
≪地図≫を納品していただき、
クエストをクリアして、報酬
を手に入れましょう！",
2564,"≪特別イベントクエスト≫
絶峰を超えし者【ＨＲ３００】{j}地図１個の納品{j}なし{j}なし{j}メインターゲットの達成{j}報酬金ゼロ
タイムアップ{j}ハンターズギルド{j}ＨＲ３００達成、おめでとう
ございます！お１人で
≪地図≫を納品していただき、
クエストをクリアして、報酬
を手に入れましょう！",
2565,"≪特別イベントクエスト≫
絶峰を超えし者【ＨＲ４００】{j}地図１個の納品{j}なし{j}なし{j}メインターゲットの達成{j}報酬金ゼロ
タイムアップ{j}ハンターズギルド{j}ＨＲ４００達成、おめでとう
ございます！お１人で
≪地図≫を納品していただき、
クエストをクリアして、報酬
を手に入れましょう！",
2566,"≪特別イベントクエスト≫
絶峰を超えし者【ＨＲ５００】{j}地図１個の納品{j}なし{j}なし{j}メインターゲットの達成{j}報酬金ゼロ
タイムアップ{j}ハンターズギルド{j}ＨＲ５００達成、おめでとう
ございます！お１人で
≪地図≫を納品していただき、
クエストをクリアして、報酬
を手に入れましょう！",
2567,"≪特別イベントクエスト≫
絶峰を超えし者【ＨＲ６００】{j}地図１個の納品{j}なし{j}なし{j}メインターゲットの達成{j}報酬金ゼロ
タイムアップ{j}ハンターズギルド{j}ＨＲ６００達成、おめでとう
ございます！お１人で
≪地図≫を納品していただき、
クエストをクリアして、報酬
を手に入れましょう！",
2568,"≪特別イベントクエスト≫
絶峰を超えし者【ＨＲ７００】{j}地図１個の納品{j}なし{j}なし{j}メインターゲットの達成{j}報酬金ゼロ
タイムアップ{j}ハンターズギルド{j}ＨＲ７００達成、おめでとう
ございます！お１人で
≪地図≫を納品していただき、
クエストをクリアして、報酬
を手に入れましょう！",
2569,"≪特別イベントクエスト≫
絶峰を超えし者【ＨＲ８００】{j}地図１個の納品{j}なし{j}なし{j}メインターゲットの達成{j}報酬金ゼロ
タイムアップ{j}ハンターズギルド{j}ＨＲ８００達成、おめでとう
ございます！お１人で
≪地図≫を納品していただき、
クエストをクリアして、報酬
を手に入れましょう！",
2570,"≪特別イベントクエスト≫
絶峰を超えし者【ＨＲ９００】{j}地図１個の納品{j}なし{j}なし{j}メインターゲットの達成{j}報酬金ゼロ
タイムアップ{j}ハンターズギルド{j}ＨＲ９００達成、おめでとう
ございます！お１人で
≪地図≫を納品していただき、
クエストをクリアして、報酬
を手に入れましょう！",
2571,"≪特別イベントクエスト≫
絶峰を超えし者【ＨＲ９９９】{j}地図１個の納品{j}なし{j}なし{j}メインターゲットの達成{j}報酬金ゼロ
タイムアップ{j}ハンターズギルド{j}ＨＲ９９９達成、おめでとう
ございます！お１人で
≪地図≫を納品していただき、
クエストをクリアして、報酬
を手に入れましょう！",
2572,"≪密林探索≫
激動の青{j}ドスランポス変種２頭{j}ドスランポス変種１頭{j}なし{j}メインターゲットの狩猟、
またはサブターゲットの狩猟{j}報酬金ゼロ
タイムアップ{j}大老殿ギルド{j}密林で複数のドスランポス
変種が確認されました。この
まま放ってはおけないため、
凄腕ハンターさん限定での
狩猟をお願いします。
大変凶暴な個体であるため、
２頭の狩猟が難しいようでし
たら、１頭だけでも結構です
ので、何とかお願いします！",
2573,"≪沼地探索≫
鮮烈の赤{j}ドスイーオス変種２頭{j}ドスイーオス変種１頭{j}なし{j}メインターゲットの狩猟、
またはサブターゲットの狩猟{j}報酬金ゼロ
タイムアップ{j}大老殿ギルド{j}沼地で、複数のドスイーオス
変種が確認されました。凄腕
のハンターさん達で何とか
狩猟をお願いします。大変
凶暴な個体のため、できれば
２頭。難しいようでしたら
１頭だけでも結構ですので
よろしくお願いします。",
2574,"≪密林探索≫
卵を求めて【密林の怪鳥】{j}飛竜の卵…？１個の納品{j}なし{j}なし{j}メインターゲットの達成{j}報酬金ゼロ
タイムアップ{j}新米卵商人{j}うん？≪グーク≫の卵？ああ、
密林でモンスターに襲われた
ときに無くしたアレかな…。
持って行かれたままなのも
腹が立つから、取りかえせた
らあげてもいいよ。もし
≪イャンクック≫が持ってた
としたら、大きい音で驚かせ
ば、落とすんじゃないかな…。",
2575,"≪沼地探索≫
卵を求めて【沼地の桃毛獣】{j}草食竜の卵…？１個の納品{j}なし{j}なし{j}メインターゲットの達成{j}報酬金ゼロ
タイムアップ{j}熟練卵商人{j}オウ、一つ頼まれてくれ。
沼地で≪ババコンガ≫に襲わ
れて、卵を奪われちまってな。
何とかとり戻してくんな。
≪グーク≫の卵？ああ、そん
なのもあったな。取り戻して
くれたのがその卵だったら、
やってもいいぞ。あいつらは
尻尾にだいじなものを隠すぞ！",
2576,"≪砂漠探索≫
卵を求めて【砂漠の盾蟹】{j}肉食竜の卵…？１個の納品{j}なし{j}なし{j}メインターゲットの達成{j}報酬金ゼロ
タイムアップ{j}王子御用商人{j}≪グーク≫の卵？先日、他の
卵と一緒に仕入れましたが、
どうも、その荷が砂漠で行方
不明となっているようでして。
もう荷はあきらめましたので、
見つけたら差し上げますよ。
≪ダイミョウザザミ≫あたり
が持っていたら、移動の際に
落とすかと思われます。",
2577,"≪密林探索≫
グーク捜索隊{j}グークの思い出５個の納品{j}なし{j}なし{j}メインターゲットの達成{j}報酬金ゼロ
タイムアップ{j}世話やきネコ{j}グークがどこかに走り去る
のを見かけたニャ。………、
戻ってきてほしいニャ？
グークと出会ったあの頃の
気持ちを思い出してあげれ
ば、きっと戻ってきてくれ
るニャ。密林を採取して
回れば、きっとグークとの
思い出が見つかるはずニャ！",
2578,"≪密林探索≫
盗まれた図面{j}ぼろぼろの図面５枚の納品{j}なし{j}なし{j}メインターゲットの達成{j}報酬金ゼロ
タイムアップ{j}世話やきネコ{j}盗まれたニャ！あの図面を、
あの図面を盗まれたニャ！
グークのために徹夜で書いた
のに盗まれたニャ！犯人は
密林のメラルーニャ。図面は
バラバラになってるかもしれ
ニャいけど、取り戻してきて
ほしいニャ。そうすれば、
何とか復元してみせるニャ！",
2579,"≪樹海探索≫
盗まれた図面・再び{j}よれよれの図面５枚の納品{j}なし{j}なし{j}メインターゲットの達成{j}報酬金ゼロ
タイムアップ{j}世話やきネコ{j}また、また！盗まれたニャ！
図面をまた盗まれたニャ！
今回も徹夜で書いたのに…、
２回もやられるとは一生の
不覚だニャ…。お願いニャ、
今回も取り戻してきてほしい
ニャ。今度は樹海のメラルー
ニャ。また復元して見せる
から、何とか頼むニャ…。",
2580,"≪特別イベントクエスト≫
年間特典クエスト４年目{j}年間特典生産券１枚の納品{j}なし{j}なし{j}メインターゲットの達成{j}報酬金ゼロ
タイムアップ{j}エフィー{j}４年間ＭＨＦを遊んでくれて
ありがとうございます！
≪ヴォルサンクチュアリ≫を
装備し、≪年間特典生産券≫
１枚を納品すると
≪感謝の証Ⅳ≫を１１枚プレ
ゼントいたします。
≪感謝の証Ⅳ≫から
≪アクラアイン≫（双剣）が
生産可能です。",
2581,"≪火山探索≫
卵を求めて【火山の岩竜】{j}飛竜の卵…？１個の納品{j}なし{j}なし{j}メインターゲットの達成{j}報酬金ゼロ
タイムアップ{j}慌てた卵商人{j}モンスターに遭遇した拍子に、
飛竜や、≪グーク≫などの
かわいい卵たちを置いてきて
しまいました！急いで回収し
てきてください。もし、
≪バサルモス≫が持っていた
ら、擬態している時や、眠っ
ているときにおどかせば卵を
手放すと思いますよ。",
2582,"≪雪山探索≫
卵を求めて【雪山の轟竜】{j}草食竜の卵…？１個の納品{j}なし{j}なし{j}メインターゲットの達成{j}報酬金ゼロ
タイムアップ{j}卵研究員{j}雪山で≪ティガレックス≫が
卵を持っている姿が目撃され
たとか。あの卵は草食竜のも
のか、肉食竜のものか、はた
また、≪グーク≫のものか…。
卵は差し上げますので、調査
のために回収をお願いします。
牙が壁に刺さった隙に卵を
取れないでしょうか…。",
2583,"≪密林探索≫
青怪鳥とボロンメモ{j}イャンクック亜種１頭の討伐{j}なし{j}なし{j}メインターゲットの達成{j}報酬金ゼロ
タイムアップ{j}武具工房の親方{j}失われたとされていた、武具
の製造の秘伝を記したメモが
各地で討伐されたモンスター
から見つかってるらしいぜい！
≪ボロンメモ≫を手に入れ
たら、男一匹！この工房長の
ところに持ってきな！
イイ仕事をしてみせるぜい！",
2584,"≪火山探索≫
岩竜とソディメモ{j}バサルモス１頭の討伐{j}なし{j}なし{j}メインターゲットの達成{j}報酬金ゼロ
タイムアップ{j}武具工房の親方{j}失われたとされていた、武具
の製造の秘伝を記したメモが
各地で討伐されたモンスター
から見つかってるらしいぜい！
≪ソディメモ≫を手に入れ
たら、男一匹！この工房長の
ところに持ってきな！
イイ仕事をしてみせるぜい！",
2585,"≪沼地探索≫
鎌蟹とクロルメモ{j}ショウグンギザミ１匹の討伐{j}なし{j}なし{j}メインターゲットの達成{j}報酬金ゼロ
タイムアップ{j}武具工房の親方{j}失われたとされていた、武具
の製造の秘伝を記したメモが
各地で討伐されたモンスター
から見つかってるらしいぜい！
≪クロルメモ≫を手に入れ
たら、男一匹！この工房長の
ところに持ってきな！
イイ仕事をしてみせるぜい！",
2586,"≪古塔探索≫
火竜とティタンメモ{j}リオレウス１頭の討伐{j}なし{j}なし{j}メインターゲットの達成{j}報酬金ゼロ
タイムアップ{j}武具工房の親方{j}失われたとされていた、武具
の製造の秘伝を記したメモが
各地で討伐されたモンスター
から見つかってるらしいぜい！
≪ティタンメモ≫を手に入れ
たら、男一匹！この工房長の
ところに持ってきな！
イイ仕事をしてみせるぜい！",
2587,"≪密林探索≫
盾蟹とガルムメモ{j}ダイミョウザザミ１匹の討伐{j}なし{j}なし{j}メインターゲットの達成{j}報酬金ゼロ
タイムアップ{j}武具工房の親方{j}失われたとされていた、武具
の製造の秘伝を記したメモが
各地で討伐されたモンスター
から見つかってるらしいぜい！
≪ガルムメモ≫を手に入れ
たら、男一匹！この工房長の
ところに持ってきな！
イイ仕事をしてみせるぜい！",
2588,"≪沼地探索≫
紫毒鳥とニオベーメモ{j}ゲリョス亜種１頭の討伐{j}なし{j}なし{j}メインターゲットの達成{j}報酬金ゼロ
タイムアップ{j}武具工房の親方{j}失われたとされていた、武具
の製造の秘伝を記したメモが
各地で討伐されたモンスター
から見つかってるらしいぜい！
≪ニオベーメモ≫を手に入れ
たら、男一匹！この工房長の
ところに持ってきな！
イイ仕事をしてみせるぜい！",
2589,"≪雪山探索≫
フルフルとアチモメモ{j}フルフル１頭の討伐{j}なし{j}なし{j}メインターゲットの達成{j}報酬金ゼロ
タイムアップ{j}武具工房の親方{j}失われたとされていた、武具
の製造の秘伝を記したメモが
各地で討伐されたモンスター
から見つかってるらしいぜい！
≪アチモメモ≫を手に入れ
たら、男一匹！この工房長の
ところに持ってきな！
イイ仕事をしてみせるぜい！",
2590,"≪森丘探索≫
蒼火竜とルテシアメモ{j}リオレウス亜種１頭の討伐{j}なし{j}なし{j}メインターゲットの達成{j}報酬金ゼロ
タイムアップ{j}武具工房の親方{j}失われたとされていた、武具
の製造の秘伝を記したメモが
各地で討伐されたモンスター
から見つかってるらしいぜい！
≪ルテシアメモ≫を手に入れ
たら、男一匹！この工房長の
ところに持ってきな！
イイ仕事をしてみせるぜい！",
2591,"≪密林探索≫
雌火竜たちとブロアクメモ{j}リオレイア亜種１頭の討伐{j}リオレイア１頭の討伐{j}なし{j}マストオーダー全ての達成{j}報酬金ゼロ
タイムアップ{j}武具工房の親方{j}失われたとされていた、武具
の製造の秘伝を記したメモが
各地で討伐されたモンスター
から見つかってるらしいぜい！
≪ブロアクメモ≫を手に入れ
たら、男一匹！この工房長の
ところに持ってきな！
イイ仕事をしてみせるぜい！",
2592,"≪砂漠探索≫
砂竜とフェルミメモ{j}ドスガレオス変種１頭{j}なし{j}なし{j}メインターゲットの討伐{j}報酬金ゼロ
タイムアップ{j}武具工房の親方{j}失われたとされていた、武具
の製造の秘伝を記したメモが
各地で討伐されたモンスター
から見つかってるらしいぜい！
≪フェルミメモ≫を手に入れ
たら、男一匹！この工房長の
ところに持ってきな！
イイ仕事をしてみせるぜい！",
2593,"≪森丘探索≫
突然の襲撃{j}モンスターへの一定ダメージ{j}なし{j}なし{j}メインターゲットの達成{j}報酬金ゼロ
タイムアップ{j}ハンターズギルド{j}近頃、クエストに向かう
ハンターが、移動中、謎の
モンスターの襲撃を受ける
ことがあるようです。
有力情報には、ギルドから
十分な報酬を用意させてい
ただきますので、もし遭遇
されたら挑戦してみては
いかがでしょうか。",
2594,"≪森丘探索≫
突然の襲撃{j}モンスターへの一定ダメージ{j}なし{j}なし{j}メインターゲットの達成{j}報酬金ゼロ
タイムアップ{j}ハンターズギルド{j}近頃、クエストに向かう
ハンターが、移動中、謎の
モンスターの襲撃を受ける
ことがあるようです。
有力情報には、ギルドから
十分な報酬を用意させてい
ただきますので、もし遭遇
されたら挑戦してみては
いかがでしょうか。",
2595,"≪森丘探索≫
突然の襲撃{j}モンスター１頭の討伐{j}主目標への一定ダメージ{j}モンスターの尻尾切断{j}メインターゲット、もしくは
サブターゲットＡかＢの達成{j}報酬金ゼロ
タイムアップ{j}ハンターズギルド{j}近頃、クエストに向かう
ハンターが、移動中、謎の
モンスターの襲撃を受ける
ことがあるようです。
有力情報には、ギルドから
十分な報酬を用意させてい
ただきますので、もし遭遇
されたら挑戦してみては
いかがでしょうか。",
2596,"≪砂漠探索≫
突然の襲撃{j}モンスターへの一定ダメージ{j}なし{j}なし{j}メインターゲットの達成{j}報酬金ゼロ
タイムアップ{j}ハンターズギルド{j}近頃、クエストに向かう
ハンターが、移動中、謎の
モンスターの襲撃を受ける
ことがあるようです。
有力情報には、ギルドから
十分な報酬を用意させてい
ただきますので、もし遭遇
されたら挑戦してみては
いかがでしょうか。",
2597,"≪砂漠探索≫
突然の襲撃{j}モンスターへの一定ダメージ{j}なし{j}なし{j}メインターゲットの達成{j}報酬金ゼロ
タイムアップ{j}ハンターズギルド{j}近頃、クエストに向かう
ハンターが、移動中、謎の
モンスターの襲撃を受ける
ことがあるようです。
有力情報には、ギルドから
十分な報酬を用意させてい
ただきますので、もし遭遇
されたら挑戦してみては
いかがでしょうか。",
2598,"≪砂漠探索≫
突然の襲撃{j}モンスター１頭の討伐{j}主目標への一定ダメージ{j}モンスターの尻尾切断{j}メインターゲット、もしくは
サブターゲットＡかＢの達成{j}報酬金ゼロ
タイムアップ{j}ハンターズギルド{j}近頃、クエストに向かう
ハンターが、移動中、謎の
モンスターの襲撃を受ける
ことがあるようです。
有力情報には、ギルドから
十分な報酬を用意させてい
ただきますので、もし遭遇
されたら挑戦してみては
いかがでしょうか。",
2599,"≪密林探索≫
突然の襲撃{j}モンスターへの一定ダメージ{j}なし{j}なし{j}メインターゲットの達成{j}報酬金ゼロ
タイムアップ{j}ハンターズギルド{j}近頃、クエストに向かう
ハンターが、移動中、謎の
モンスターの襲撃を受ける
ことがあるようです。
有力情報には、ギルドから
十分な報酬を用意させてい
ただきますので、もし遭遇
されたら挑戦してみては
いかがでしょうか。",
2600,"≪密林探索≫
突然の襲撃{j}モンスターへの一定ダメージ{j}なし{j}なし{j}メインターゲットの達成{j}報酬金ゼロ
タイムアップ{j}ハンターズギルド{j}近頃、クエストに向かう
ハンターが、移動中、謎の
モンスターの襲撃を受ける
ことがあるようです。
有力情報には、ギルドから
十分な報酬を用意させてい
ただきますので、もし遭遇
されたら挑戦してみては
いかがでしょうか。",
2601,"≪密林探索≫
突然の襲撃{j}モンスター１頭の討伐{j}主目標への一定ダメージ{j}モンスターの尻尾切断{j}メインターゲット、もしくは
サブターゲットＡかＢの達成{j}報酬金ゼロ
タイムアップ{j}ハンターズギルド{j}近頃、クエストに向かう
ハンターが、移動中、謎の
モンスターの襲撃を受ける
ことがあるようです。
有力情報には、ギルドから
十分な報酬を用意させてい
ただきますので、もし遭遇
されたら挑戦してみては
いかがでしょうか。",
2602,"≪樹海探索≫
突然の襲撃{j}モンスターへの一定ダメージ{j}なし{j}なし{j}メインターゲットの達成{j}報酬金ゼロ
タイムアップ{j}ハンターズギルド{j}近頃、クエストに向かう
ハンターが、移動中、謎の
モンスターの襲撃を受ける
ことがあるようです。
有力情報には、ギルドから
十分な報酬を用意させてい
ただきますので、もし遭遇
されたら挑戦してみては
いかがでしょうか。",
2603,"≪樹海探索≫
突然の襲撃{j}モンスターへの一定ダメージ{j}なし{j}なし{j}メインターゲットの達成{j}報酬金ゼロ
タイムアップ{j}ハンターズギルド{j}近頃、クエストに向かう
ハンターが、移動中、謎の
モンスターの襲撃を受ける
ことがあるようです。
有力情報には、ギルドから
十分な報酬を用意させてい
ただきますので、もし遭遇
されたら挑戦してみては
いかがでしょうか。",
2604,"≪樹海探索≫
突然の襲撃{j}モンスター１頭の討伐{j}主目標への一定ダメージ{j}モンスターの尻尾切断{j}メインターゲット、もしくは
サブターゲットＡかＢの達成{j}報酬金ゼロ
タイムアップ{j}ハンターズギルド{j}近頃、クエストに向かう
ハンターが、移動中、謎の
モンスターの襲撃を受ける
ことがあるようです。
有力情報には、ギルドから
十分な報酬を用意させてい
ただきますので、もし遭遇
されたら挑戦してみては
いかがでしょうか。",
2605,"≪峡谷探索≫
突然の襲撃{j}モンスターへの一定ダメージ{j}なし{j}なし{j}メインターゲットの達成{j}報酬金ゼロ
タイムアップ{j}ハンターズギルド{j}近頃、クエストに向かう
ハンターが、移動中、謎の
モンスターの襲撃を受ける
ことがあるようです。
有力情報には、ギルドから
十分な報酬を用意させてい
ただきますので、もし遭遇
されたら挑戦してみては
いかがでしょうか。",
2606,"≪峡谷探索≫
突然の襲撃{j}モンスターへの一定ダメージ{j}なし{j}なし{j}メインターゲットの達成{j}報酬金ゼロ
タイムアップ{j}ハンターズギルド{j}近頃、クエストに向かう
ハンターが、移動中、謎の
モンスターの襲撃を受ける
ことがあるようです。
有力情報には、ギルドから
十分な報酬を用意させてい
ただきますので、もし遭遇
されたら挑戦してみては
いかがでしょうか。",
2607,"≪峡谷探索≫
突然の襲撃{j}モンスター１頭の討伐{j}主目標への一定ダメージ{j}モンスターの尻尾切断{j}メインターゲット、もしくは
サブターゲットＡかＢの達成{j}報酬金ゼロ
タイムアップ{j}ハンターズギルド{j}近頃、クエストに向かう
ハンターが、移動中、謎の
モンスターの襲撃を受ける
ことがあるようです。
有力情報には、ギルドから
十分な報酬を用意させてい
ただきますので、もし遭遇
されたら挑戦してみては
いかがでしょうか。",
2608,"≪密林探索≫
密林でエサ探し{j}地図１個の納品{j}なし{j}なし{j}メインターゲットの達成{j}報酬金ゼロ
タイムアップ{j}世話やきネコ{j}どうやら、一部地域にグーク
が集まってきているようニャ。
もしかしたら、その近くなら
グークの好きなものが見つか
るかもしれないニャ。
ちょっと行って、探してみた
らどうニャ？もし帰りたく
なったら地図を納品するニャ。",
2609,"≪沼地探索≫
沼地でエサ狩り{j}地図１個の納品{j}なし{j}なし{j}メインターゲットの達成{j}報酬金ゼロ
タイムアップ{j}世話やきネコ{j}どうやら、一部地域にグーク
が集まってきているようニャ。
もしかしたら、その近くなら
グークの好きなものが見つか
るかもしれないニャ。
ちょっと行って、探してみた
らどうニャ？もし帰りたく
なったら地図を納品するニャ。",
2610,"≪砂漠探索≫
砂漠でエサ獲り{j}地図１個の納品{j}なし{j}なし{j}メインターゲットの達成{j}報酬金ゼロ
タイムアップ{j}世話やきネコ{j}どうやら、一部地域にグーク
が集まってきているようニャ。
もしかしたら、その近くなら
グークの好きなものが見つか
るかもしれないニャ。
ちょっと行って、探してみた
らどうニャ？もし帰りたく
なったら地図を納品するニャ。",
2611,"≪樹海探索≫
樹海でエサ掘り！？{j}地図１個の納品{j}なし{j}なし{j}メインターゲットの達成{j}報酬金ゼロ
タイムアップ{j}世話やきネコ{j}どうやら、一部地域にグーク
が集まってきているようニャ。
もしかしたら、その近くなら
グークの好きなものが見つか
るかもしれないニャ。
ちょっと行って、探してみた
らどうニャ？もし帰りたく
なったら地図を納品するニャ。",
2612,"≪雪山探索≫
雪山でエサ採り{j}地図１個の納品{j}なし{j}なし{j}メインターゲットの達成{j}報酬金ゼロ
タイムアップ{j}世話やきネコ{j}どうやら、一部地域にグーク
が集まってきているようニャ。
もしかしたら、その近くなら
グークの好きなものが見つか
るかもしれないニャ。
ちょっと行って、探してみた
らどうニャ？もし帰りたく
なったら地図を納品するニャ。",
2613,"≪エクストラクエスト≫
高地大採取・下位編{j}地図１個の納品{j}なし{j}なし{j}メインターゲットの達成{j}報酬金ゼロ
タイムアップ{j}大衆酒場ギルド{j}おまたせしました。
≪エクストラクエスト≫は、
大衆酒場ギルドより、お送り
いたします。
ギルドの力によって用意され
た実り豊かなフィールドで、
たまにはのんびり採取でも
いかがですか？",
2614,"≪エクストラクエスト≫
高地大採取・下位編{j}地図１個の納品{j}なし{j}なし{j}メインターゲットの達成{j}報酬金ゼロ
タイムアップ{j}大衆酒場ギルド{j}おまたせしました。
≪エクストラクエスト≫は、
大衆酒場ギルドより、お送り
いたします。
ギルドの力によって用意され
た実り豊かなフィールドで、
たまにはのんびり採取でも
いかがですか？",
2615,"≪エクストラクエスト≫
高地大採取・上位編{j}地図１個の納品{j}なし{j}なし{j}メインターゲットの達成{j}報酬金ゼロ
タイムアップ{j}大衆酒場ギルド{j}おまたせしました。
≪エクストラクエスト≫は、
大衆酒場ギルドより、お送り
いたします。
ギルドの力によって用意され
た実り豊かなフィールドで、
たまにはのんびり採取でも
いかがですか？",
2616,"≪エクストラクエスト≫
高地大採取・上位編{j}地図１個の納品{j}なし{j}なし{j}メインターゲットの達成{j}報酬金ゼロ
タイムアップ{j}大衆酒場ギルド{j}おまたせしました。
≪エクストラクエスト≫は、
大衆酒場ギルドより、お送り
いたします。
ギルドの力によって用意され
た実り豊かなフィールドで、
たまにはのんびり採取でも
いかがですか？",
2617,"≪火山探索≫
プーギーと僕・黒の項{j}グラビモス亜種１頭の狩猟{j}なし{j}なし{j}メインターゲットの達成{j}報酬金ゼロ
タイムアップ{j}器用な職人{j}スキルカフ？ああ、なんか
プーギーに付ける装飾品らし
いな。プーギーにも装飾品と
は世の中進んだもんだ。え？
その素材を作ってくれって？
うーん…、ちょっと難しいが、
俺の依頼をきいてくれたら
何とかしてやってもいいぞ。
行っている間に作っておくよ。",
2618,"≪古塔探索≫
プーギーと僕・白の項{j}キリン１頭の討伐{j}なし{j}なし{j}メインターゲットの達成{j}報酬金ゼロ
タイムアップ{j}器用な職人{j}スキルカフ？ああ、なんか
プーギーに付ける装飾品らし
いな。プーギーにも装飾品と
は世の中進んだもんだ。え？
その素材を作ってくれって？
うーん…、ちょっと難しいが、
俺の依頼をきいてくれたら
何とかしてやってもいいぞ。
行っている間に作っておくよ。",
2619,"≪密林探索≫
プーギーと僕・青の項{j}ガノトトス亜種１頭の狩猟{j}なし{j}なし{j}メインターゲットの達成{j}報酬金ゼロ
タイムアップ{j}器用な職人{j}スキルカフ？ああ、なんか
プーギーに付ける装飾品らし
いな。プーギーにも装飾品と
は世の中進んだもんだ。え？
その素材を作ってくれって？
うーん…、ちょっと難しいが、
俺の依頼をきいてくれたら
何とかしてやってもいいぞ。
行っている間に作っておくよ。",
2620,"≪闘技場戦≫
プーギーと僕・紫の項{j}イャンガルルガ１頭の狩猟{j}なし{j}なし{j}メインターゲットの達成{j}報酬金ゼロ
タイムアップ{j}器用な職人{j}スキルカフ？ああ、なんか
プーギーに付ける装飾品らし
いな。プーギーにも装飾品と
は世の中進んだもんだ。え？
その素材を作ってくれって？
うーん…、ちょっと難しいが、
俺の依頼をきいてくれたら
何とかしてやってもいいぞ。
行っている間に作っておくよ。",
2621,"≪密林探索≫
プーギーと僕・桜の項{j}リオレイア亜種１頭の狩猟{j}なし{j}なし{j}メインターゲットの達成{j}報酬金ゼロ
タイムアップ{j}器用な職人{j}スキルカフ？ああ、なんか
プーギーに付ける装飾品らし
いな。プーギーにも装飾品と
は世の中進んだもんだ。え？
その素材を作ってくれって？
うーん…、ちょっと難しいが、
俺の依頼をきいてくれたら
何とかしてやってもいいぞ。
行っている間に作っておくよ。",
2622,"≪古塔探索≫
プーギーと僕・卯花の項{j}リオレウス亜種１頭の狩猟{j}なし{j}なし{j}メインターゲットの達成{j}報酬金ゼロ
タイムアップ{j}器用な職人{j}スキルカフ？ああ、なんか
プーギーに付ける装飾品らし
いな。プーギーにも装飾品と
は世の中進んだもんだ。え？
その素材を作ってくれって？
うーん…、ちょっと難しいが、
俺の依頼をきいてくれたら
何とかしてやってもいいぞ。
行っている間に作っておくよ。",
2623,"≪火山探索≫
プーギーと僕・褐返の項{j}ショウグンギザミ１匹の狩猟{j}なし{j}なし{j}メインターゲットの達成{j}報酬金ゼロ
タイムアップ{j}器用な職人{j}スキルカフ？ああ、なんか
プーギーに付ける装飾品らし
いな。プーギーにも装飾品と
は世の中進んだもんだ。え？
その素材を作ってくれって？
うーん…、ちょっと難しいが、
俺の依頼をきいてくれたら
何とかしてやってもいいぞ。
行っている間に作っておくよ。",
2624,"≪砂漠探索≫
プーギーと僕・漆黒の項{j}ディアブロス亜種１頭の狩猟{j}なし{j}なし{j}メインターゲットの達成{j}報酬金ゼロ
タイムアップ{j}器用な職人{j}スキルカフ？ああ、なんか
プーギーに付ける装飾品らし
いな。プーギーにも装飾品と
は世の中進んだもんだ。え？
その素材を作ってくれって？
うーん…、ちょっと難しいが、
俺の依頼をきいてくれたら
何とかしてやってもいいぞ。
行っている間に作っておくよ。",
2625,"≪古塔探索≫
プーギーと僕・白磁の項{j}リオレウス希少種１頭の狩猟{j}なし{j}なし{j}メインターゲットの達成{j}報酬金ゼロ
タイムアップ{j}器用な職人{j}スキルカフ？ああ、なんか
プーギーに付ける装飾品らし
いな。プーギーにも装飾品と
は世の中進んだもんだ。え？
その素材を作ってくれって？
うーん…、ちょっと難しいが、
俺の依頼をきいてくれたら
何とかしてやってもいいぞ。
行っている間に作っておくよ。",
2626,"≪砂漠探索≫
プーギーと僕・紺の項{j}ガノトトス１頭の狩猟{j}なし{j}なし{j}メインターゲットの達成{j}報酬金ゼロ
タイムアップ{j}器用な職人{j}スキルカフ？ああ、なんか
プーギーに付ける装飾品らし
いな。プーギーにも装飾品と
は世の中進んだもんだ。え？
その素材を作ってくれって？
うーん…、ちょっと難しいが、
俺の依頼をきいてくれたら
何とかしてやってもいいぞ。
行っている間に作っておくよ。",
2627,"≪砂漠探索≫
プーギーと僕・芥子の項{j}ディアブロス１頭の狩猟{j}なし{j}なし{j}メインターゲットの達成{j}報酬金ゼロ
タイムアップ{j}器用な職人{j}スキルカフ？ああ、なんか
プーギーに付ける装飾品らし
いな。プーギーにも装飾品と
は世の中進んだもんだ。え？
その素材を作ってくれって？
うーん…、ちょっと難しいが、
俺の依頼をきいてくれたら
何とかしてやってもいいぞ。
行っている間に作っておくよ。",
2628,"≪森丘探索≫
プーギーと僕・空の項{j}リオレウス１頭の狩猟{j}なし{j}なし{j}メインターゲットの達成{j}報酬金ゼロ
タイムアップ{j}器用な職人{j}スキルカフ？ああ、なんか
プーギーに付ける装飾品らし
いな。プーギーにも装飾品と
は世の中進んだもんだ。え？
その素材を作ってくれって？
うーん…、ちょっと難しいが、
俺の依頼をきいてくれたら
何とかしてやってもいいぞ。
行っている間に作っておくよ。",
2629,"≪樹海探索≫
プーギーと僕・濡羽の項{j}エスピナス１頭の狩猟{j}なし{j}なし{j}メインターゲットの達成{j}報酬金ゼロ
タイムアップ{j}器用な職人{j}スキルカフ？ああ、なんか
プーギーに付ける装飾品らし
いな。プーギーにも装飾品と
は世の中進んだもんだ。え？
その素材を作ってくれって？
うーん…、ちょっと難しいが、
俺の依頼をきいてくれたら
何とかしてやってもいいぞ。
行っている間に作っておくよ。",
2630,"≪沼地探索≫
プーギーと僕・乳白の項{j}フルフル１頭の狩猟{j}なし{j}なし{j}メインターゲットの達成{j}報酬金ゼロ
タイムアップ{j}器用な職人{j}スキルカフ？ああ、なんか
プーギーに付ける装飾品らし
いな。プーギーにも装飾品と
は世の中進んだもんだ。え？
その素材を作ってくれって？
うーん…、ちょっと難しいが、
俺の依頼をきいてくれたら
何とかしてやってもいいぞ。
行っている間に作っておくよ。",
2631,"≪樹海探索≫
プーギーと僕・千歳の項{j}ヒプノック１頭の狩猟{j}なし{j}なし{j}メインターゲットの達成{j}報酬金ゼロ
タイムアップ{j}器用な職人{j}スキルカフ？ああ、なんか
プーギーに付ける装飾品らし
いな。プーギーにも装飾品と
は世の中進んだもんだ。え？
その素材を作ってくれって？
うーん…、ちょっと難しいが、
俺の依頼をきいてくれたら
何とかしてやってもいいぞ。
行っている間に作っておくよ。",
2632,"≪古塔探索≫
プーギーと僕・露草の項{j}デュラガウア１頭の狩猟{j}なし{j}なし{j}メインターゲットの達成{j}報酬金ゼロ
タイムアップ{j}器用な職人{j}スキルカフ？ああ、なんか
プーギーに付ける装飾品らし
いな。プーギーにも装飾品と
は世の中進んだもんだ。え？
その素材を作ってくれって？
うーん…、ちょっと難しいが、
俺の依頼をきいてくれたら
何とかしてやってもいいぞ。
行っている間に作っておくよ。",
2633,"≪樹海探索≫
プーギーと僕・常磐の項{j}リオレイア１頭の狩猟{j}なし{j}なし{j}メインターゲットの達成{j}報酬金ゼロ
タイムアップ{j}器用な職人{j}スキルカフ？ああ、なんか
プーギーに付ける装飾品らし
いな。プーギーにも装飾品と
は世の中進んだもんだ。え？
その素材を作ってくれって？
うーん…、ちょっと難しいが、
俺の依頼をきいてくれたら
何とかしてやってもいいぞ。
行っている間に作っておくよ。",
2634,"≪密林探索≫
剛種適性試験・水竜{j}ガノトトス変種１頭{j}主目標の一本釣り{j}主目標の背ビレ破壊{j}メインターゲットの討伐、
またはサブターゲットの達成{j}報酬金ゼロ
タイムアップ{j}メゼポルタ猟団組合{j}≪剛種クエスト≫に必要と
なるチケットを発行する
クエストを用意いたしました。
こちらは比較的お手軽なクエ
スト内容となっていますが、
対変種に適した特殊な武器を
装備した方限定の受注、参加
となっているためご注意くだ
さい。",
2635,"≪峡谷探索≫
剛種適性試験・黒狼鳥{j}イャンガルルガ変種１頭{j}主目標の背中破壊{j}主目標の尻尾切断{j}メインターゲットの討伐、
またはサブターゲットの達成{j}報酬金ゼロ
タイムアップ{j}メゼポルタ猟団組合{j}≪剛種クエスト≫に必要と
なるチケットを発行する
クエストを用意いたしました。
こちらは比較的お手軽なクエ
スト内容となっていますが、
対変種に適した特殊な武器を
装備した方限定の受注、参加
となっているためご注意くだ
さい。",
2636,"≪沼地探索≫
剛種適性試験・鎧竜{j}グラビモス変種１頭{j}主目標の胸部破壊{j}主目標の尻尾切断{j}メインターゲットの討伐、
またはサブターゲットの達成{j}報酬金ゼロ
タイムアップ{j}メゼポルタ猟団組合{j}≪剛種クエスト≫に必要と
なるチケットを発行する
クエストを用意いたしました。
こちらは比較的お手軽なクエ
スト内容となっていますが、
対変種に適した特殊な武器を
装備した方限定の受注、参加
となっているためご注意くだ
さい。",
2637,"≪樹海探索≫
剛種適性試験・棘竜{j}エスピナス変種１頭{j}主目標の角破壊{j}主目標の尻尾切断{j}メインターゲットの討伐、
またはサブターゲットの達成{j}報酬金ゼロ
タイムアップ{j}メゼポルタ猟団組合{j}≪剛種クエスト≫に必要と
なるチケットを発行する
クエストを用意いたしました。
こちらは比較的お手軽なクエ
スト内容となっていますが、
対変種に適した特殊な武器を
装備した方限定の受注、参加
となっているためご注意くだ
さい。",
2638,"≪火山探索≫
剛種適性試験・岩竜と毒鳥竜{j}バサルモス変種１頭{j}ドスイーオス変種１頭{j}なし{j}マストオーダー全ての討伐{j}報酬金ゼロ
タイムアップ{j}メゼポルタ猟団組合{j}≪剛種クエスト≫に必要と
なるチケットを発行する
クエストを用意いたしました。
こちらは比較的お手軽なクエ
スト内容となっていますが、
対変種に適した特殊な武器を
装備した方限定の受注、参加
となっているためご注意くだ
さい。",
2639,"≪闘技場戦≫
剛種適性試験・鎌蟹と大猪{j}ショウグンギザミ変種１匹{j}ドスファンゴ変種１頭{j}なし{j}マストオーダー全ての討伐{j}報酬金ゼロ
タイムアップ{j}メゼポルタ猟団組合{j}≪剛種クエスト≫に必要と
なるチケットを発行する
クエストを用意いたしました。
こちらは比較的お手軽なクエ
スト内容となっていますが、
対変種に適した特殊な武器を
装備した方限定の受注、参加
となっているためご注意くだ
さい。",
2640,"≪峡谷探索≫
剛種適性試験・双火竜{j}リオレウス変種１頭{j}リオレイア変種１頭{j}なし{j}メインターゲットの討伐、
またはサブターゲットの狩猟{j}報酬金ゼロ
タイムアップ{j}メゼポルタ猟団組合{j}≪剛種クエスト≫に必要と
なるチケットを発行する
クエストを用意いたしました。
こちらは比較的お手軽なクエ
スト内容となっていますが、
対変種に適した特殊な武器を
装備した方限定の受注、参加
となっているためご注意くだ
さい。",
2641,"≪火山探索≫
剛種適性試験・岩竜と毒鳥竜{j}バサルモス変種１頭{j}ドスイーオス変種１頭{j}なし{j}マストオーダー全ての討伐{j}報酬金ゼロ
タイムアップ{j}メゼポルタ猟団組合{j}≪剛種クエスト≫に必要と
なるチケットを発行する
クエストを用意いたしました。
こちらは比較的お手軽なクエ
スト内容となっていますが、
対変種に適した特殊な武器を
装備した方限定の受注、参加
となっているためご注意くだ
さい。",
2642,"≪闘技場戦≫
剛種適性試験・鎌蟹と大猪{j}ショウグンギザミ変種１匹{j}ドスファンゴ変種１頭{j}なし{j}マストオーダー全ての討伐{j}報酬金ゼロ
タイムアップ{j}メゼポルタ猟団組合{j}≪剛種クエスト≫に必要と
なるチケットを発行する
クエストを用意いたしました。
こちらは比較的お手軽なクエ
スト内容となっていますが、
対変種に適した特殊な武器を
装備した方限定の受注、参加
となっているためご注意くだ
さい。",
2643,"≪狩猟技クエスト≫
狩猟技、眠鳥変種！{j}ヒプノック変種１頭{j}なし{j}なし{j}メインターゲットの討伐{j}報酬金ゼロ
タイムアップ{j}ハンターズギルド{j}今回の狩猟技クエストは、
≪ヒプノック変種≫
の討伐となります。
ハンター同士で、腕を磨き
合ってはいかがでしょうか！",
2644,"≪狩猟技クエスト≫
狩猟技、黒狼鳥変種！{j}イャンガルルガ変種１頭{j}なし{j}なし{j}メインターゲットの討伐{j}報酬金ゼロ
タイムアップ{j}ハンターズギルド{j}今回の狩猟技クエストは、
≪イャンガルルガ変種≫
の討伐となります。
ハンター同士で、腕を磨き
合ってはいかがでしょうか！",
2645,"≪狩猟技クエスト≫
狩猟技、雪獅子変種！{j}ドドブランゴ変種１頭{j}なし{j}なし{j}メインターゲットの討伐{j}報酬金ゼロ
タイムアップ{j}ハンターズギルド{j}今回の狩猟技クエストは、
≪ドドブランゴ変種≫
の討伐となります。
ハンター同士で、腕を磨き
合ってはいかがでしょうか！",
2646,"≪狩猟技クエスト≫
狩猟技、金獅子変種！{j}ラージャン変種１頭{j}なし{j}なし{j}メインターゲットの討伐{j}報酬金ゼロ
タイムアップ{j}ハンターズギルド{j}今回の狩猟技クエストは、
≪ラージャン変種≫
の討伐となります。
ハンター同士で、腕を磨き
合ってはいかがでしょうか！",
2647,"≪狩猟技クエスト≫
狩猟技、雌火竜変種！{j}リオレイア変種１頭{j}なし{j}なし{j}メインターゲットの討伐{j}報酬金ゼロ
タイムアップ{j}ハンターズギルド{j}今回の狩猟技クエストは、
≪リオレイア変種≫
の討伐となります。
ハンター同士で、腕を磨き
合ってはいかがでしょうか！",
2648,"≪狩猟技クエスト≫
狩猟技、棘竜変種！{j}エスピナス変種１頭{j}なし{j}なし{j}メインターゲットの討伐{j}報酬金ゼロ
タイムアップ{j}ハンターズギルド{j}今回の狩猟技クエストは、
≪エスピナス変種≫
の討伐となります。
ハンター同士で、腕を磨き
合ってはいかがでしょうか！",
2649,"≪狩猟技クエスト≫
狩猟技、轟竜変種！{j}ティガレックス変種１頭{j}なし{j}なし{j}メインターゲットの討伐{j}報酬金ゼロ
タイムアップ{j}ハンターズギルド{j}今回の狩猟技クエストは、
≪ティガレックス変種≫
の討伐となります。
ハンター同士で、腕を磨き
合ってはいかがでしょうか！",
2650,"≪狩猟技クエスト≫
狩猟技、鎧竜変種！{j}グラビモス変種１頭{j}なし{j}なし{j}メインターゲットの討伐{j}報酬金ゼロ
タイムアップ{j}ハンターズギルド{j}今回の狩猟技クエストは、
≪グラビモス変種≫
の討伐となります。
ハンター同士で、腕を磨き
合ってはいかがでしょうか！",
2651,"≪狩猟技クエスト≫
狩猟技、水竜変種！{j}ガノトトス変種１頭{j}なし{j}なし{j}メインターゲットの討伐{j}報酬金ゼロ
タイムアップ{j}ハンターズギルド{j}今回の狩猟技クエストは、
≪ガノトトス変種≫
の討伐となります。
ハンター同士で、腕を磨き
合ってはいかがでしょうか！",
2652,"≪狩猟技クエスト≫
狩猟技、鎌蟹変種！{j}ショウグンギザミ変種１匹{j}なし{j}なし{j}メインターゲットの討伐{j}報酬金ゼロ
タイムアップ{j}ハンターズギルド{j}今回の狩猟技クエストは、
≪ショウグンギザミ変種≫
の討伐となります。
ハンター同士で、腕を磨き
合ってはいかがでしょうか！",
2653,"≪樹海探索≫
ランゴスタ剛？発生{j}ランゴスタ４０匹の討伐{j}ランゴスタ２０匹の討伐{j}なし{j}メインターゲット、もしくは
サブターゲットＡの達成{j}報酬金ゼロ
タイムアップ{j}疲れきった冒険家{j}樹海にはもう慣れた。
ランゴスタにも慣れた。
ランゴスタの大群にも慣れた。
だけどあの大群は何かいつも
と感じが違ったんだよ。
あれがもしかして剛種って
やつなのかな…。そんなわけ
ない？まぁ何とかしてくれ…。
眠鳥も見かけたし気を付けて。",
2654,"≪樹海探索≫
カンタロス剛？発生{j}カンタロス４０匹の討伐{j}カンタロス２０匹の討伐{j}なし{j}メインターゲット、もしくは
サブターゲットＡの達成{j}報酬金ゼロ
タイムアップ{j}疲れきった冒険家{j}ランゴスタにもカンタロスに
も慣れたよ。もうよほどの
事が無い限り樹海で動じる
ことはないね。あんな大群が
来ない限りはね…。以前見た
ことがあるのとは全く別物の
大群だったよ。何とか討伐し、
荷物を取り返してきてくれ。
ああ、雌火竜？いたよ。",
2655,"≪密林探索≫
ワナワナワナワナ{j}ドスランポス１頭の捕獲{j}ドスファンゴ１頭の捕獲{j}なし{j}メインターゲット、もしくは
サブターゲットＡの達成{j}報酬金ゼロ／タイムアップ
ドスファンゴの討伐{j}粋な職人{j}ヨウ！俺だよ！
毎日捕獲してるかい？捕獲は
ハンターの醍醐味のひとつだ。
今回は密林のモンスター共を
ドスンドスンと捕獲してきて
くんな。多少だが、特殊な報
酬も用意したから頑張れよ。
討伐したら当然失敗となるぜ。",
2656,"≪沼地探索≫
連竜砲撃！{j}フルフル変種２頭{j}なし{j}なし{j}メインターゲットの狩猟{j}報酬金ゼロ
タイムアップ{j}お節介ハンター{j}沼地で２頭のフルフル変種が
暴れているらしい。
フルフルといえば炎だよな。
そう！ガンランスであいつら
をドカンドカンと撃ち倒して
くるんだ！やり遂げれば、
俺が以前剥ぎ取ってきた皮等、
特別な報酬を出すぞ！",
2657,"≪潮島探索≫
熱帯の牙獣{j}ゴゴモア１頭の狩猟{j}なし{j}なし{j}メインターゲットの達成{j}報酬金ゼロ
タイムアップ{j}メゼポルタ猟団組合{j}熱帯の潮島を調査したところ、
未知の牙獣種が発見された
ようです。調査団によると、
上から襲ってきたとか、大き
い個体と、小さい個体がいた
とか、何かから毒を受けたと
か…。え、よくわからない？
そうですね、行って確かめて
はいかがでしょう？",
2658,"≪潮島探索≫
跳影、猛き眷族{j}ゴゴモア１頭の狩猟{j}なし{j}なし{j}メインターゲットの達成{j}報酬金ゼロ
タイムアップ{j}メゼポルタ猟団組合{j}潮島で新たに発見された、
牙獣種≪ゴゴモア≫の狩猟
依頼です。熱帯の潮島という
慣れない環境での狩りとは
思いますが、こういう時こそ
ハンターさんたちの腕の見せ
どころではないでしょうか。
頑張ってきてください！",
2659,"≪潮島探索≫
潮島の特産【下位】{j}地図１個の納品{j}なし{j}なし{j}メインターゲットの達成{j}報酬金ゼロ
タイムアップ{j}ハンターズギルド{j}熱帯の≪潮島≫。
ギルドでも現在調査中の、
未開の地ですが、ハンター
さんも、採取、調査のために
一度行ってみてはいかがで
しょうか？
帰りたくなったら地図を
納品してください！
",
2660,"≪潮島探索≫
潮島の特産【上位】{j}地図１個の納品{j}なし{j}なし{j}メインターゲットの達成{j}報酬金ゼロ
タイムアップ{j}ハンターズギルド{j}熱帯の≪潮島≫。
ギルドでも現在調査中の、
未開の地ですが、ハンター
さんも、採取、調査のために
一度行ってみてはいかがで
しょうか？
帰りたくなったら地図を
納品してください！
",
2661,"≪潮島探索≫
潮島の特産【凄腕】{j}地図１個の納品{j}なし{j}なし{j}メインターゲットの達成{j}報酬金ゼロ
タイムアップ{j}ハンターズギルド{j}熱帯の≪潮島≫。
ギルドでも現在調査中の、
未開の地ですが、ハンター
さんも、採取、調査のために
一度行ってみてはいかがで
しょうか？
帰りたくなったら地図を
納品してください！
",
2662,"≪公式狩猟大会賞品≫
ハーフチケット白交換HR1{j}ハーフチケット白１枚の納品{j}なし{j}なし{j}メインターゲットの達成{j}報酬金ゼロ
タイムアップ{j}狩猟大会の主催者{j}公式狩猟大会で優秀な成績を
収めたハンター専用の
クエストだ！
「怯まずの実」や「使い捨て
高級耳栓」など、便利なアイ
テムが手に入るぞ。
公式狩猟大会で活躍して
「ハーフチケット白」を
入手したら、ぜひ来てくれ！",
2663,"≪闘技場戦≫
ハーフチケット白交換HR100{j}ハーフチケット白１枚の納品{j}なし{j}なし{j}メインターゲットの達成{j}報酬金ゼロ
タイムアップ{j}狩猟大会の主催者{j}公式狩猟大会で優秀な成績を
収めたハンター専用の
クエストだ！
「剛種チケット」が、
手に入るぞ。
公式狩猟大会で活躍して
「ハーフチケット白」を
入手したら、ぜひ来てくれ！",
2664,"≪闘技場戦≫
ハーフチケット白交換HR300{j}ハーフチケット白１枚の納品{j}なし{j}なし{j}メインターゲットの達成{j}報酬金ゼロ
タイムアップ{j}狩猟大会の主催者{j}公式狩猟大会で優秀な成績を
収めたハンター専用の
クエストだ！
「ＨＣチケット」が、
手に入るぞ。
公式狩猟大会で活躍して
「ハーフチケット白」を
入手したら、ぜひ来てくれ！",
2665,"≪密林探索≫
未知なる種、獰竜現る{j}アビオルグ１頭の狩猟{j}なし{j}なし{j}メインターゲットの達成{j}報酬金ゼロ
タイムアップ{j}メゼポルタ猟団組合{j}現在、謎のモンスターが、
密林にいるとの報告が
ありました。
未だ種を特定できず、
多くが謎のままですが、
新種の可能性があります。
非常に獰猛とのことなので、
危険な調査依頼となりますが、
よろしくお願いします。",
2666,"≪密林探索≫
進撃！暴虐なる獰竜{j}アビオルグ１頭の狩猟{j}なし{j}なし{j}メインターゲットの達成{j}報酬金ゼロ
タイムアップ{j}メゼポルタ猟団組合{j}密林で確認された≪獰竜≫
ですが、今までメゼポルタ
周辺には生息していなかった
獣竜種であることが
判明しました。
ハンターズギルドでは、
これを≪アビオルグ≫と
名付けたようです。
更なる調査をお願いします。",
2667,"≪潮島探索≫
潮島の多殻蟹{j}タイクンザムザ１匹の狩猟{j}なし{j}なし{j}メインターゲットの達成{j}報酬金ゼロ
タイムアップ{j}メゼポルタ猟団組合{j}潮島の洞窟を調査中の団員よ
り、洞窟の奥深くから地響き
が聞こえることがあるとの
報告がありました。
また、団員の中には
大きな岩が動くのを見た者も
おり不安が広がっています。
未知のモンスターが生息して
いる可能性があるため調査を
お願いします。",
2668,"≪潮島探索≫
深淵の番人{j}タイクンザムザ１匹の狩猟{j}なし{j}なし{j}メインターゲットの達成{j}報酬金ゼロ
タイムアップ{j}メゼポルタ猟団組合{j}潮島の洞窟で新たな甲殻種が
発見されたそうです。
ハンターズギルドでは、
多殻蟹≪タイクンザムザ≫と
名付けました。
どうやら潮島で独自の進化を
遂げた甲殻種のようで、
全く形の違う２本の鎌が
特徴であるとのことです。
更なる調査をお願いします。",
2669,"≪新人用クエスト≫
とにかくやってみよう！{j}ゴゴモア１頭の狩猟{j}シロオビコイン１個の納品{j}なし{j}メインターゲットの達成{j}特になし{j}教官{j}うむ、我輩だ。
このクエストでは操作タイプ
の決定と、必要最低限のアド
バイス。そして我輩と共に
≪ゴゴモア≫を狩猟するぞ！
このクエストは特別に、失敗
条件を設けていない。だから
倒すまで終わらせないぞ！
よし、頑張るぞー！",
2670,"≪新人用クエスト≫
ふたたびやってみよう！{j}ゴゴモア１頭の狩猟{j}シロオビコイン１個の納品{j}なし{j}メインターゲットの達成{j}特になし{j}教官{j}うむ、我輩だ！
このクエストは、ハンターが
初めてメゼポルタに来たら
必ず体験してもらったものと
同じ内容になっている。
しかし！報酬面は安く、ター
ゲットである≪ゴゴモア≫の
強さは強くなっているぞ。
復習も兼ねてトライだ！",
2671,"≪古塔探索≫
ヘヴンズゲイト{j}銀火竜の尻尾１個の納品{j}秘密のポーチ６個の納品{j}リオレウス希少種の尻尾切断{j}メインターゲット、もしくは
サブターゲットＡかＢの達成{j}報酬金ゼロ
タイムアップ{j}古塔の探索隊の日記{j}閉ざされた秘境に足を踏み入
れるには、資格が必要となる。
その資格とは≪秘境セット≫
に他ならない。
天国の門を開き、その資格を
手にした者は、閉ざされた
秘境の奥に、幸いを見つける
ことだろう･･･。",
2672,"≪古塔探索≫
オープンセサミ{j}地図２個の納品{j}なし{j}なし{j}メインターゲットの達成{j}報酬金ゼロ
タイムアップ{j}古塔の探索隊の日記{j}天に選ばれた者のみが、足を
踏み入れることを許される地、
秘境…。
忘れられた彼の地をくまなく
探索した者は、世にも珍しき
物を手にすることができるだ
ろう…。",
2673,"≪沼地探索≫
未知なる種、沼地の獰竜{j}アビオルグ１頭の狩猟{j}なし{j}なし{j}メインターゲットの達成{j}報酬金ゼロ
タイムアップ{j}メゼポルタ猟団組合{j}アビオルグが沼地に
現れたとの報告がありました。
まだ、アビオルグに関しては
謎の多いままですが、
少しずつ調査は進んでいる
ようです。
更なる協力をお願いします。",
2674,"≪沼地探索≫
暴虐！侵略の獰竜{j}アビオルグ１頭の狩猟{j}なし{j}なし{j}メインターゲットの達成{j}報酬金ゼロ
タイムアップ{j}メゼポルタ猟団組合{j}沼地で確認されている
アビオルグの狩猟依頼です。
沼地は、駆け出しの
ハンターの方も多く狩猟に
訪れる場所のため、
安全の確保をしてほしい
とのことです。
こういう時こそ
ハンターさんたちの腕の見せ
どころではないでしょうか。",
2675,"≪砂漠探索≫
砂漠の特産{j}サボテンの花４個の納品{j}なし{j}なし{j}メインターゲットの達成{j}報酬金ゼロ
タイムアップ{j}ギルド専属の情報屋{j}砂漠ならではの素材が
ごろごろしている穴場を
見つけたぞ。
ぜひ、行ってみてくれ。
ポーチ満載で帰れば、
情報代を払っただけの
価値はあると思うぜ。",
2676,"≪火山探索≫
火山の共闘{j}バサルモス１頭の狩猟{j}ドスイーオス１頭の狩猟{j}なし{j}メインターゲット、もしくは
サブターゲットＡの達成{j}報酬金ゼロ
タイムアップ{j}大衆酒場ギルド{j}火山で、多くのモンスターが
大繁殖しておる！
各地のハンターたちに、狩猟
協力を要請しておるが、数が
多すぎるのが現実じゃ。
そこで、２人まででこの狩猟
に出かけられる者を募りたい。
早いランクアップを目指す者
には、特にすすめるぞい。",
2677,"≪砂漠探索≫
砂漠の共闘{j}ヒプノック１頭の狩猟{j}ドスガレオス１頭の狩猟{j}なし{j}メインターゲット、もしくは
サブターゲットＡの達成{j}報酬金ゼロ
タイムアップ{j}大衆酒場ギルド{j}眠鳥と砂竜が大繁殖しておる！
各地のハンターたちに、狩猟
協力を要請しておるが、数が
多すぎるのが現実じゃ。
そこで、２人まででこの狩猟
に出かけられる者を募りたい。
早いランクアップを目指す者
には、特にすすめるぞい。",
2678,"≪密林探索≫
密林の共闘{j}リオレイア１頭の狩猟{j}ドスランポス１頭の狩猟{j}なし{j}メインターゲット、もしくは
サブターゲットＡの達成{j}報酬金ゼロ
タイムアップ{j}大衆酒場ギルド{j}密林で、多くのモンスターが
大繁殖しておる！
各地のハンターたちに、狩猟
協力を要請しておるが、数が
多すぎるのが現実じゃ。
そこで、２人まででこの狩猟
に出かけられる者を募りたい。
早いランクアップを目指す者
には、特にすすめるぞい。",
2679,"≪雪山探索≫
雪山の共闘{j}ドドブランゴ１頭の狩猟{j}ドスファンゴ１頭の狩猟{j}なし{j}メインターゲット、もしくは
サブターゲットＡの達成{j}報酬金ゼロ
タイムアップ{j}大衆酒場ギルド{j}雪山で、多くのモンスターが
大繁殖しておる！
各地のハンターたちに、狩猟
協力を要請しておるが、数が
多すぎるのが現実じゃ。
そこで、２人まででこの狩猟
に出かけられる者を募りたい。
早いランクアップを目指す者
には、特にすすめるぞい。",
2680,"≪砂漠探索≫
砂漠の大特訓！{j}ドスゲネポス２頭の狩猟{j}ガレオス４頭の討伐{j}草食竜の卵２個の納品{j}マストオーダー全ての達成{j}報酬金ゼロ
タイムアップ{j}教官{j}今回は、まだ経験の少ない
ハンター諸君限定での特訓を
行う！砂漠で２頭の鳥竜と
魚竜の群れを狩猟し、仕上げ
に、洞窟より草食竜の卵を
持ち帰ってくるんだ。
厳しい特訓だが、成し遂げれ
ば諸君のハンターとしての
評価はぐっと上がるぞ！",
2681,"≪火山探索≫
火山の大特訓！{j}バサルモス１頭の狩猟{j}火薬岩１個の納品{j}ランゴスタ１０匹の討伐{j}マストオーダー全ての達成{j}報酬金ゼロ
タイムアップ{j}教官{j}今回は、まだ経験の少ない
ハンター諸君限定での特訓を
行う！火山で岩竜の狩猟と、
大量のランゴスタの討伐。
そして熱い熱い火薬岩１個を
運んできて納品するんだ。
厳しい特訓だが、成し遂げれ
ば諸君のハンターとしての
評価はぐっと上がるぞ！",
2682,"≪沼地探索≫
沼地の大特訓！{j}ババコンガ１頭の狩猟{j}イーオス５頭の討伐{j}灰水晶の原石２個の納品{j}マストオーダー全ての達成{j}報酬金ゼロ
タイムアップ{j}教官{j}今回は、まだ経験の少ない
ハンター諸君限定での特訓を
行う！沼地で桃毛獣と、鳥竜
の群れを狩猟し、仕上げに、
洞窟より灰水晶の原石２個を
持ち帰ってくるんだ。
厳しい特訓だが、成し遂げれ
ば諸君のハンターとしての
評価はぐっと上がるぞ！",
2683,"≪雪山探索≫
雪山の大特訓！{j}ドスファンゴ２頭の狩猟{j}ブランゴ１２頭の討伐{j}ギルドフラッグを山頂に設置{j}マストオーダー全ての達成{j}報酬金ゼロ
タイムアップ{j}教官{j}今回は、まだ経験の少ない
ハンター諸君限定での特訓を
行う！雪山で２頭の大猪と、
雪獅子の子分達の狩猟。そし
て、支給品ボックスのギルド
フラッグを山頂に立てるんだ。
厳しい特訓だが、成し遂げれ
ば諸君のハンターとしての
評価はぐっと上がるぞ！",
2684,"≪密林探索≫
密林の大特訓！{j}ダイミョウザザミ１匹の狩猟{j}コンガ９頭の討伐{j}肉食竜の卵２個の納品{j}マストオーダー全ての達成{j}報酬金ゼロ
タイムアップ{j}教官{j}今回は、まだ経験の少ない
ハンター諸君限定での特訓を
行う！密林の砂浜や島で盾蟹
と桃毛獣の群れを狩猟し、
仕上げに、洞窟より肉食竜の
卵を持ち帰ってくるんだ。
厳しい特訓だが、成し遂げれ
ば諸君のハンターとしての
評価はぐっと上がるぞ！",
2685,"≪沼地探索≫
尾晶蠍とフェルミメモ{j}アクラ・ヴァシム変種１匹{j}なし{j}なし{j}メインターゲットの討伐{j}報酬金ゼロ
タイムアップ{j}武具工房の親方{j}失われたとされていた、武具
の製造の秘伝を記したメモが
各地で討伐されたモンスター
から見つかってるらしいぜい！
≪フェルミメモ≫を手に入れ
たら、男一匹！この工房長の
ところに持ってきな！
イイ仕事をしてみせるぜい！",
2686,"≪特別イベントクエスト≫
年間特典クエスト５年目{j}年間特典生産券１枚の納品{j}なし{j}なし{j}メインターゲットの達成{j}報酬金ゼロ
タイムアップ{j}エフィー{j}５年間ＭＨＦを遊んでくれて
ありがとうございます！
≪アクラフィーア≫を
装備し、≪年間特典生産券≫
１枚を納品すると
≪感謝の証Ⅴ≫を１１枚プレ
ゼントいたします。
≪感謝の証Ⅴ≫から
≪名刀・舞雷乃爪≫（太刀）
が生産可能です。",
2687,"≪高地探索≫
瞬光！高地の晶竜{j}クアルセプス１頭の狩猟{j}なし{j}なし{j}メインターゲットの達成{j}報酬金ゼロ
タイムアップ{j}メゼポルタ猟団組合{j}調査員から緊急報告があった。
高地で誰も見たことのない、
モンスターを発見とのこと。
首と尻尾が長く、強靭な四肢
があり、翼はないそうだ。
背面は硬質化しており、水晶
が生えているように見える。
まだ、未解明な点も多いので、
注意して調査してくれ。",
2688,"≪闘技場戦≫
花火大会・改！{j}イャンクック１頭の狩猟{j}フルフル１頭の狩猟{j}なし{j}マストオーダー全ての達成{j}報酬金ゼロ
タイムアップ{j}粋な職人{j}オウ！今回は特別な
装備品、支給品を
用意させてもらった。
これで一発あいつらを
ドカンとやってきてくれ！
多少だが特殊な報酬も
用意したから、せいぜい
楽しんでくんな！",
2689,"≪闘技場戦≫
大！花火大会！{j}グラビモス１頭の狩猟{j}ドスファンゴ１頭の狩猟{j}なし{j}マストオーダー全ての達成{j}報酬金ゼロ
タイムアップ{j}粋な職人{j}オウ！今回は特別な
装備品、支給品を
用意させてもらった。
これで一発あいつらを
ドカンとやってきてくれ！
多少だが特殊な報酬も
用意したから、せいぜい
楽しんでくんな！",
2690,"≪砂漠探索≫
リオレイア連続狩猟！{j}リオレイア３頭の狩猟{j}リオレイア２頭の狩猟{j}リオレイア１頭の狩猟{j}メインターゲット、もしくは
サブターゲットＡかＢの達成{j}報酬金ゼロ
タイムアップ{j}大衆酒場{j}砂漠地帯にリオレイアが次々
と舞い降りていると、珍しい
報告が入りました！１頭でも
難敵となる女王を連続で狩猟
することは、かなりの困難と
なるでしょう！腕に自信のあ
る方や、雌火竜の素材が必要
な方もふるってご参加を！！",
2691,"≪砂漠探索≫
エッグドリーム・砂漠編{j}草食竜の卵４個の納品{j}なし{j}なし{j}メインターゲットの達成{j}報酬金ゼロ
タイムアップ{j}大衆酒場ギルド{j}季節は繁殖期！舞台となるは
真昼の砂漠！
卵を採取して納品し、報酬で
金や銀のタマゴが入手できれ
ば高額で売却が可能！
一獲千金を狙うハンターたち
はもれなくご参加ください！",
2692,"≪雪山探索≫
白黒金{j}ドドブランゴ１頭の狩猟{j}ドドブランゴの頭部破壊{j}ラージャン１頭の狩猟{j}メインターゲット、もしくは
サブターゲットＡかＢの達成{j}報酬金ゼロ
タイムアップ{j}モンスター研究員{j}雪山で雪獅子と金獅子が
一緒に目撃されたらしい。
これは珍しいケースなので、
是非、雪獅子の狩猟と、でき
れば部位破壊をしてきてくれ。
報酬ははずませてもらうよ。
金獅子のほうは…、余裕が
あったらくらいでいいよ。",
2693,"≪密林探索≫
海の幸福{j}ダイミョウザザミ１匹の狩猟{j}ダイミョウザザミのヤド破壊{j}ガノトトスの１本釣り{j}メインターゲット、もしくは
サブターゲットＡかＢの達成{j}報酬金ゼロ
タイムアップ{j}密林の漁師{j}密林で採取と漁をしてたんだ
が、急に盾蟹と水竜がやって
きて、全部台無しにしてくれ
やがった。残った魚や採取品
をやるんで、盾蟹の狩猟や
部位破壊、そして水竜の釣り
上げを頼むよ。水竜は俺の獲
物だ、狩猟しないでいいぞ。",
2694,"≪雪山探索≫
超鋼武器アルゲン【片手剣】{j}ラージャン１頭の狩猟{j}なし{j}なし{j}メインターゲットの達成{j}報酬金ゼロ
タイムアップ{j}武具工房の親方{j}なに、とにかく硬い片手剣が
欲しいって？
それなら、アルゲン鋼を精製
してやろう！
だが、あれを造るのに必要な
鉱石は、なかなか見つからな
い上に、付近には厄介なモン
スターまでうろついてやがる。
気合を入れて探してきてくれ！",
2695,"≪古塔探索≫
超鋼武器アルゲン【双剣】{j}エスピナス亜種１頭の狩猟{j}なし{j}なし{j}メインターゲットの達成{j}報酬金ゼロ
タイムアップ{j}武具工房の親方{j}なに、とにかく硬い双剣が
欲しいって？
それなら、アルゲン鋼を精製
してやろう！
だが、あれを造るのに必要な
鉱石は、なかなか見つからな
い上に、付近には厄介なモン
スターまでうろついてやがる。
気合を入れて探してきてくれ！",
2696,"≪雪山探索≫
超鋼武器アルゲン【大剣】{j}ドドブランゴ１頭の狩猟{j}なし{j}なし{j}メインターゲットの達成{j}報酬金ゼロ
タイムアップ{j}武具工房の親方{j}なに、とにかく硬い大剣が
欲しいって？
それなら、アルゲン鋼を精製
してやろう！
だが、あれを造るのに必要な
鉱石は、なかなか見つからな
い上に、付近には厄介なモン
スターまでうろついてやがる。
気合を入れて探してきてくれ！",
2697,"≪砂漠探索≫
超鋼武器アルゲン【太刀】{j}アクラ・ヴァシム１匹の討伐{j}なし{j}なし{j}メインターゲットの達成{j}報酬金ゼロ
タイムアップ{j}武具工房の親方{j}なに、とにかく硬い太刀が
欲しいって？
それなら、アルゲン鋼を精製
してやろう！
だが、あれを造るのに必要な
鉱石は、なかなか見つからな
い上に、付近には厄介なモン
スターまでうろついてやがる。
気合を入れて探してきてくれ！",
2698,"≪密林探索≫
超鋼武器アルゲン【鎚】{j}ダイミョウザザミ１匹の狩猟{j}なし{j}なし{j}メインターゲットの達成{j}報酬金ゼロ
タイムアップ{j}武具工房の親方{j}なに、とにかく硬いハンマー
が欲しいって？
それなら、アルゲン鋼を精製
してやろう！
だが、あれを造るのに必要な
鉱石は、なかなか見つからな
い上に、付近には厄介なモン
スターまでうろついてやがる。
気合を入れて探してきてくれ！",
2699,"≪密林探索≫
超鋼武器アルゲン【狩猟笛】{j}リオレイア１頭の狩猟{j}なし{j}なし{j}メインターゲットの達成{j}報酬金ゼロ
タイムアップ{j}武具工房の親方{j}なに、とにかく硬い狩猟笛が
欲しいって？
それなら、アルゲン鋼を精製
してやろう！
だが、あれを造るのに必要な
鉱石は、なかなか見つからな
い上に、付近には厄介なモン
スターまでうろついてやがる。
気合を入れて探してきてくれ！",
2700,"≪火山探索≫
超鋼武器アルゲン【槍】{j}ヴォルガノス亜種１頭の狩猟{j}なし{j}なし{j}メインターゲットの達成{j}報酬金ゼロ
タイムアップ{j}武具工房の親方{j}なに、とにかく硬いランスが
欲しいって？
それなら、アルゲン鋼を精製
してやろう！
だが、あれを造るのに必要な
鉱石は、なかなか見つからな
い上に、付近には厄介なモン
スターまでうろついてやがる。
気合を入れて探してきてくれ！",
2701,"≪火山探索≫
超鋼武器アルゲン【銃槍】{j}ヴォルガノス１頭の狩猟{j}なし{j}なし{j}メインターゲットの達成{j}報酬金ゼロ
タイムアップ{j}武具工房の親方{j}なに、とにかく硬いガン
ランスが欲しいって？
それなら、アルゲン鋼を精製
してやろう！
だが、あれを造るのに必要な
鉱石は、なかなか見つからな
い上に、付近には厄介なモン
スターまでうろついてやがる。
気合を入れて探してきてくれ！",
2702,"≪古塔探索≫
超鋼武器アルゲン【軽弩】{j}エスピナス１頭の狩猟{j}なし{j}なし{j}メインターゲットの達成{j}報酬金ゼロ
タイムアップ{j}武具工房の親方{j}なに、とにかく硬いライト
ボウガンが欲しいって？
それなら、アルゲン鋼を精製
してやろう！
だが、あれを造るのに必要な
鉱石は、なかなか見つからな
い上に、付近には厄介なモン
スターまでうろついてやがる。
気合を入れて探してきてくれ！",
2703,"≪砂漠探索≫
超鋼武器アルゲン【重弩】{j}ティガレックス１頭の狩猟{j}なし{j}なし{j}メインターゲットの達成{j}報酬金ゼロ
タイムアップ{j}武具工房の親方{j}なに、とにかく硬いヘビィ
ボウガンが欲しいって？
それなら、アルゲン鋼を精製
してやろう！
だが、あれを造るのに必要な
鉱石は、なかなか見つからな
い上に、付近には厄介なモン
スターまでうろついてやがる。
気合を入れて探してきてくれ！",
2704,"≪砂漠探索≫
超鋼武器アルゲン【弓】{j}ディアブロス１頭の狩猟{j}なし{j}なし{j}メインターゲットの達成{j}報酬金ゼロ
タイムアップ{j}武具工房の親方{j}なに、とにかく硬い弓が
欲しいって？
それなら、アルゲン鋼を精製
してやろう！
だが、あれを造るのに必要な
鉱石は、なかなか見つからな
い上に、付近には厄介なモン
スターまでうろついてやがる。
気合を入れて探してきてくれ！",
2705,"≪峡谷探索≫
双火竜の秘伝{j}リオレウス変種１頭{j}リオレイア変種１頭{j}なし{j}マストオーダー全ての捕獲{j}報酬金ゼロ
タイムアップ{j}モンスター研究員{j}私は長年、空の王と陸の
女王を研究してきたが、
やっとのことで生態の研究が
終わりそうなんだ。
あとは、峡谷に最近発見され
た火竜変種の調査を終えれば
書物が完成するので、捕獲を
頼むよ。協力してくれれば
書物の写しを分けてあげるよ。",
2706,"≪砂漠探索≫
砂中よりの奇襲{j}ディアブロス変種１頭{j}ドスガレオス変種１頭{j}なし{j}メインターゲットの狩猟、
またはサブターゲットの狩猟{j}報酬金ゼロ
タイムアップ{j}傷だらけの角笛職人{j}俺の角笛が欲しいってか？
うーん、金や物じゃ渡せねぇ
なぁ。どうやらいま砂漠に、
この角笛、そして俺の顔の
傷と因縁がある連中がいる
らしいから、あいつらを狩猟
して力を示してくれたら
やってもいいぞ。",
2707,"≪密林探索≫
水陸両戦{j}ガノトトス変種１頭{j}リオレイア変種１頭{j}なし{j}マストオーダー全ての狩猟{j}報酬金ゼロ
タイムアップ{j}旅の楽師{j}ある異国で、素晴らしい音楽
に出会ったのだ。
長年、音楽を奏でることを生
業としてきた私の魂を揺さぶ
るものだった…。
密林での過酷な狩猟を生き
抜いたハンター諸君にだけ、
その音楽の書を譲ろう…。",
2708,"≪雪山探索≫
鬼に金棒{j}ラージャン変種１頭{j}ティガレックス変種１頭{j}なし{j}マストオーダー全ての狩猟{j}報酬金ゼロ
タイムアップ{j}鬼気迫るハンター{j}雪山で恐ろしい目に遭った…。
長い事この稼業やってきたが、
あんなに恐怖を感じたのは初
めてだ。本当に生きた心地が
しなかったよ。必死に逃げ帰
る途中で、不思議な黒い金属
を見た気がするけど、調べる
余裕なんて無かったな。",
2709,"≪火山探索≫
新米剥ぎ取り職人への試練{j}グラビモス変種１頭{j}主目標の尻尾切断{j}なし{j}主目標１頭の捕獲
及び、各指定部位の破壊{j}報酬金ゼロ
タイムアップ{j}新米剥ぎ取り職人{j}師匠から急な命令があってね。
一人前の剥ぎ取り職人なら、
鎧竜変種からその尾骨を剥ぎ
取れるんで、それを取って来
て見せろとさ。捕獲と、尻尾
の切断はハンターに依頼して
いいらしいから、なんとか頼
むよ。尾骨が取れたら、師匠
に見せたあとにあげるからさ。",
2710,"≪火山探索≫
溶岩の踊り手たち{j}ショウグンギザミ変種１匹{j}なし{j}なし{j}メインターゲットの狩猟{j}報酬金ゼロ
タイムアップ{j}退屈王子{j}生き物が己の生を賭して戦う
姿や、その肉体の躍動美は、
珠玉の輝きを持っている。
溶岩地帯、鎌蟹の変種の狩猟
で私を楽しませてくれれば、
この貴重な卵を報酬として
出そう。ほんのすこし危険な
牙獣種もいるらしいが、それ
は無視してしまってよいぞ…。",
2711,"≪峡谷探索≫
双黒狂舞{j}ラージャン変種１頭{j}イャンガルルガ変種１頭{j}なし{j}マストオーダー全ての狩猟{j}報酬金ゼロ
タイムアップ{j}異国からの遊客{j}峡谷の絶景を一度見たくて、
足を踏み入れたら、凶暴な
モンスターに遭遇してしまい
ました。そちらの呼び方です
と、黒狼鳥と金獅子でしょう
か。一人では太刀打ちできな
いので、先へ進めず仕方なく
戻ってきました。どうか彼ら
を退治してほしいです。",
2712,"≪沼地探索≫
失われし遺跡の謎{j}アクラ・ヴァシム１匹の討伐{j}なし{j}なし{j}メインターゲットの達成{j}報酬金ゼロ
タイムアップ{j}考古学者{j}沼地のどこかに太古時代の遺
跡があるとの情報を手に入れ
て、真偽を確かめるために沼
地に乗り込みましたが、目的
地に尾晶蠍が生息していて
困っています。どうか、その
モンスターを退治していただ
けないでしょうか。お礼に発
掘品の一部を進呈いたします。",
2713,"≪密林探索≫
二対の紅盾{j}ダイミョウザザミ変種２匹{j}なし{j}なし{j}メインターゲットの狩猟{j}報酬金ゼロ
タイムアップ{j}ハンターズギルド{j}遠方よりお越しくださった方
が、夕方の密林を観光したい
そうです。その方の使用人に
よると、現場で多くの盾蟹が
目撃されているため、狩猟し
ておいてもらいたいとか…。
特別な報酬も用意していると
のことですし、受けてみては
いかがでしょうか？",
2714,"≪闘技場戦≫
青々とした青{j}ドスランポス変種１頭{j}ランポス１５頭{j}なし{j}マストオーダー全ての討伐{j}報酬金ゼロ
タイムアップ{j}ギルド公認絵師{j}え？ああ、ギルドから頼まれ
ていた絵か…。ここ、そう。
この青い鳥竜の部分が終われ
ば完成なんだけどねぇ。ああ、
どこかに、僕によーく、青い
鳥竜の姿を見せてくれる人が
いないかなぁ…。そんな親切
な人には、ギルドも謝礼を惜
しまないだろうになぁ…。",
2715,"≪森丘探索≫
森丘に流れる賛歌{j}リオレウス変種１頭{j}飛竜の卵３個の納品{j}なし{j}メインターゲットの狩猟、
またはサブターゲットの達成{j}報酬金ゼロ
タイムアップ{j}旅の楽師{j}ある異国で、素晴らしい音楽
に出会ったのだ。
長年、音楽を奏でることを生
業としてきた私の魂を揺さぶ
るものだった…。
私の指定した装備で戦い抜い
てきたハンター諸君に、その
音楽の書の第２巻を譲ろう…。",
2716,"≪火山探索≫
槌と金床{j}ヴォルガノス変種１頭{j}グラビモス変種１頭{j}なし{j}メインターゲット、もしくは
サブターゲットＡの狩猟{j}報酬金ゼロ
タイムアップ{j}工房の職人{j}この切れ端が欲しいって？
ああ、なんか武具強化のこと
が書いてあるな。やってもい
いんだが、素人にはやりたく
ないな…。少しは勉強してか
らまた来な。武具作りの基本
てのは火と、こうガキーンて
いうものと、ガチーンとした
ものだ。わかるだろ？",
2717,"≪砂漠探索≫
忍耐の証{j}ガノトトス変種１頭{j}主目標の一本釣り{j}主目標の背ビレ破壊{j}メインターゲットの狩猟、
またはサブターゲットの達成{j}報酬金ゼロ
タイムアップ{j}工房の職人{j}どうだい、見事なメダリオン
だろ？コツコツ頑張ればこれ
だけいいものが作れる。
ハンターにも職人にも忍耐っ
てもんが大事なのさ。欲しい
なら砂漠であのモンスターを
狩猟するか、釣り上げるかし
てお前さんの忍耐力を見せて
欲しいとこだな。",
2718,"≪密林探索≫
鳥竜の叩き{j}イャンクック２頭の狩猟{j}なし{j}なし{j}メインターゲットの達成{j}報酬金ゼロ
タイムアップ{j}鳥竜好き狩人{j}鳥竜を叩くんだよ。ハンマー
でこう、鳥竜をぶっ叩くのさ。
それこそがハンターの基本に
して極意ってもんさ。あんた
らもこの珍しい骨が欲しいな
ら、俺の愛用の装備を貸して
やるから、鳥竜どもをぶっ叩
いてきな！",
2719,"≪密林探索≫
毒桃の挟撃{j}ババコンガ変種１頭{j}ゲリョス変種１頭{j}なし{j}マストオーダー全ての狩猟{j}報酬金ゼロ
タイムアップ{j}メゼポルタ猟団組合{j}密林で、≪ゲリョス≫と
≪ババコンガ≫の変種が
暴れているようです。
ギルドから、特殊な
エンブレムが報酬として
用意されておりますので、
至急、狩猟をお願いします。",
2720,"≪森丘探索≫
森丘、再び{j}リオレウス変種２頭{j}なし{j}なし{j}メインターゲットの狩猟{j}報酬金ゼロ
タイムアップ{j}傷だらけの老人{j}先日森丘で採取をしていたら、
２頭の≪リオレウス≫に襲わ
れたのだ。わしはなんとか一
命を取り留めたが、いまやそ
いつらの縄張りと化している
森丘をこのまま放っておくこ
とはできぬ。そいつらを退治
してくれないか？お礼に、こ
の≪頑丈な顎骨≫をやろう。",
2721,"≪密林探索≫
黒星鉄と黒狼鳥{j}イャンガルルガ変種１頭{j}主目標の背中破壊{j}主目標の尻尾切断{j}メインターゲットの狩猟、
またはサブターゲットの達成{j}報酬金ゼロ
タイムアップ{j}観測所の職員{j}俺は見た！空から火の玉が降
り注ぐのを！それも１つや２
つじゃなく凄い数だったぞ。
密林に行けば何か痕跡が見つ
かる筈だ。ただし、最近密林
でイャンガルルガの目撃情報
が多く寄せられている。
要注意だ！",
2722,"≪砂漠探索≫
砂漠のクラウン{j}アクラ・ヴァシム変種１匹{j}ドスゲネポス変種１頭{j}なし{j}主目標１匹の討伐
及び、大型鳥竜種１頭の狩猟{j}報酬金ゼロ
タイムアップ{j}旅の道化師{j}ここに来る途中、体の色が
変化する蠍に襲われてしまい、
うっかり大事な本を落として
しまったのです。
時間があるなら、探してきて
いただけませんか？
そういえば、あの蠍の頭に
ついてる結晶は綺麗でしたね。
ぜひ、私の衣装にも使いたい
のですが…。",
2723,"≪樹海探索≫
眠鳥ダブルフェイク{j}ヒプノック変種１頭{j}なし{j}なし{j}メインターゲットの討伐{j}報酬金ゼロ
タイムアップ{j}アヤシイ老人{j}最近、樹海へ行ったかね？
あそこには青色の眠鳥が
おっただろ。あいつの羽を
持ってきてくれんか？
何？　今は寒冷期だから橙色
の眠鳥しかおらんだと！
えぇいうるさいわい。
深く考えずにさっさと行って
くるんじゃ！",
2724,"≪沼地探索≫
漆黒の重壁{j}グラビモス亜種２頭の狩猟{j}なし{j}なし{j}メインターゲットの達成{j}報酬金ゼロ
タイムアップ{j}ハンターズギルド{j}沼地に年老いた黒鎧竜が２頭
も現れたわ。
彼らの成熟した巨体を考える
と、沼地にある鉱物をすべて
食べ尽くしてしまう可能性が
あるの。
彼らを狩猟する、この高難度
の依頼を受注してくれる狩人
はいないかしら…。",
2725,"≪特別イベントクエスト≫
年間特典クエスト２【天妃】{j}年間特典生産券１枚の納品{j}なし{j}なし{j}メインターゲットの達成{j}報酬金ゼロ
タイムアップ{j}エフィー{j}２年間ＭＨＦを遊んでくれて
ありがとうございます！
≪ナナブレイド【天妃】≫を
装備し、≪年間特典生産券≫
１枚を納品すると、
≪感謝の証Ⅱ≫を１１枚
プレゼントいたします。
≪感謝の証Ⅱ≫から≪アカム
スクウィード≫（ランス）が
生産可能です。",
2726,"≪特別イベントクエスト≫
年間特典クエスト３年目・Ⅱ{j}年間特典生産券１枚の納品{j}なし{j}なし{j}メインターゲットの達成{j}報酬金ゼロ
タイムアップ{j}エフィー{j}３年間ＭＨＦを遊んでくれて
ありがとうございます！
≪アカムスウォーン≫を装備
し、≪年間特典生産券≫１枚
を納品すると≪感謝の証Ⅲ≫
を１１枚プレゼントいたしま
す。≪感謝の証Ⅲ≫から
≪ヴォルインパクト≫
（ハンマー）が生産可能です。",
2727,"≪特別イベントクエスト≫
年間特典クエスト４年目・Ⅱ{j}年間特典生産券１枚の納品{j}なし{j}なし{j}メインターゲットの達成{j}報酬金ゼロ
タイムアップ{j}エフィー{j}４年間ＭＨＦを遊んでくれて
ありがとうございます！
≪ヴォルグランド≫を装備し、
≪年間特典生産券≫１枚を
納品すると≪感謝の証Ⅳ≫を
１１枚プレゼントいたします。
≪感謝の証Ⅳ≫から
≪アクラアイン≫（双剣）が
生産可能です。",
2728,"≪特別イベントクエスト≫
年間特典クエスト５年目・Ⅱ{j}年間特典生産券１枚の納品{j}なし{j}なし{j}メインターゲットの達成{j}報酬金ゼロ
タイムアップ{j}エフィー{j}５年間ＭＨＦを遊んでくれて
ありがとうございます！
≪アクラツィーニー≫を
装備し、≪年間特典生産券≫
１枚を納品すると
≪感謝の証Ⅴ≫を１１枚
プレゼントいたします。
≪感謝の証Ⅴ≫から
≪名刀・舞雷乃爪≫（太刀）
が生産可能です。",
2729,"≪森丘探索≫
トリックスター{j}オオナズチ１体の討伐{j}なし{j}なし{j}メインターゲットの達成{j}報酬金ゼロ
タイムアップ{j}大老殿ギルド{j}オオナズチは古龍種の中でも
異端視されている存在ね…。
存在そのものすら滅多に確認
されることが無いほどだわ。
捕獲なんて無理なことは考え
ないで慎重かつ着実に攻撃を
重ねるしかないみたいね…。",
2730,"≪古塔探索≫
古塔を駆ける幻獣{j}キリン１頭の討伐{j}なし{j}なし{j}メインターゲットの達成{j}報酬金ゼロ
タイムアップ{j}大老殿ギルド{j}この地の彼方に眠る、謎多き
未開の地≪古塔≫に、幻獣≪
キリン≫が現れたようね。
古塔へはいつでも行けるわけ
ではなく、天候や気候を始め
とする環境が安定してる期間
だけ…、今しかないようね。",
2731,"≪古塔探索≫
森食いの龍{j}ヤマツカミ１体の討伐{j}なし{j}なし{j}メインターゲットの達成{j}報酬金ゼロ
タイムアップ{j}大老殿ギルド{j}謎多き狩猟地≪古塔≫にて、
山が動くとの奇妙な話が届い
ておる…。ワシの推測が的中
すれば、ちと厄介な事態にな
りそうなのじゃ。事態が暗転
する前にその真実を確かめ、
話が誠ならば討伐を頼むぞ！",
2732,"≪密林探索≫
密林の嵐{j}クシャルダオラ１体の討伐{j}なし{j}なし{j}メインターゲットの達成{j}報酬金ゼロ
タイムアップ{j}大老殿ギルド{j}古龍クシャルダオラは今まで
狩猟してきたモンスターとは
まったく異質…、その存在力
は雨を嵐に変えるほどよ…。
捕獲なんて無理なことは考え
ないで慎重かつ着実に攻撃を
重ねるしかないみたいね…。",
2733,"≪密林探索≫
霞立つ密林{j}オオナズチ１体の討伐{j}なし{j}なし{j}メインターゲットの達成{j}報酬金ゼロ
タイムアップ{j}大老殿ギルド{j}オオナズチは古龍種の中でも
異端視されている存在なの。
密林の雨はそれに味方するが
ごとくより激しさを増す…。
熟練の狩人も手に負えない。
捕獲なんて無理なことは考え
ないで慎重かつ着実に攻撃を
重ねるしかないみたいね…。",
2734,"≪砂漠探索≫
獄炎の砂漠{j}テオ・テスカトル１体の討伐{j}なし{j}なし{j}メインターゲットの達成{j}報酬金ゼロ
タイムアップ{j}大老殿ギルド{j}炎王龍テオ・テスカトルは炎
の化身とも云われる古龍で、
ケタ違いの威圧感と強暴性は
他のモンスターとは別格…。
捕獲なんて無理なことは考え
ないで慎重かつ着実に攻撃を
重ねるしかないみたいね…。",
2735,"≪沼地探索≫
忍び寄る脅威{j}オオナズチ１体の討伐{j}なし{j}なし{j}メインターゲットの達成{j}報酬金ゼロ
タイムアップ{j}大老殿ギルド{j}オオナズチは古龍種の中でも
異端視されている存在ね…。
姿無きところから姿を現わし
熟練の狩人でも手に負えない。
捕獲なんて無理なことは考え
ないで慎重かつ着実に攻撃を
重ねるしかないみたいね…。",
2736,"≪沼地探索≫
業炎に歪む沼地{j}テオ・テスカトル１体の討伐{j}なし{j}なし{j}メインターゲットの達成{j}報酬金ゼロ
タイムアップ{j}大老殿ギルド{j}炎王龍テオ・テスカトルは炎
の化身とも云われる古龍。
炎をまといしその姿は近づく
だけでその者の命を削る…。
捕獲なんて無理なことは考え
ないで慎重かつ着実に攻撃を
重ねるしかないみたいね…。",
2737,"≪雪山探索≫
銀にまたたく落雷{j}キリン１頭の討伐{j}なし{j}なし{j}メインターゲットの達成{j}報酬金ゼロ
タイムアップ{j}大老殿ギルド{j}古龍種に属される≪キリン≫
は、特定の生息域を持たない
うえにその個体数の少なさか
ら≪幻獣≫とも呼ばれる生き
物ね。過酷な環境もものとも
しない適応力から、属性の類
は、ほとんど通用しないみた
いだから気をつけてね。",
2738,"≪雪山探索≫
風雪の主{j}クシャルダオラ１体の討伐{j}なし{j}なし{j}メインターゲットの達成{j}報酬金ゼロ
タイムアップ{j}大老殿ギルド{j}古龍クシャルダオラは今まで
狩猟してきたモンスターとは
まったく異質、その存在力は
雪原を吹雪に変えるほど…。
捕獲なんて無理なことは考え
ないで慎重かつ着実に攻撃を
重ねるしかないみたいね…。",
2739,"≪火山探索≫
炎熱に舞う火の粉{j}テオ・テスカトル１体の討伐{j}なし{j}なし{j}メインターゲットの達成{j}報酬金ゼロ
タイムアップ{j}大老殿ギルド{j}炎王龍テオ・テスカトルは炎
の化身とも云われる古龍よ。
火山では全ての炎や熱が彼に
味方しているに等しい…。
捕獲なんて無理なことは考え
ないで慎重かつ着実に攻撃を
重ねるしかないみたいね…。",
2740,"≪沼地探索≫
炎龍研究計画{j}テオ・テスカトル１体の討伐{j}テオ・テスカトルの頭部破壊{j}テオ・テスカトルの尻尾切断{j}マストオーダー全ての達成{j}報酬金ゼロ
タイムアップ{j}モンスター研究員{j}自分もそろそろ古龍の研究が
やってみたいんだ。捕獲でき
ないのはよくわかっている。
だが、なんとか研究しやすい
ように、各部位を破壊した上
での討伐をお願いできないだ
ろうか？部位を破壊せずに
討伐した場合は失敗とさせて
もらうよ。",
2741,"≪森丘探索≫
霞龍研究計画{j}オオナズチ１体の討伐{j}オオナズチの角破壊{j}オオナズチの尻尾切断{j}マストオーダー全ての達成{j}報酬金ゼロ
タイムアップ{j}モンスター研究員{j}自分もそろそろ古龍の研究が
やってみたいんだ。捕獲でき
ないのはよくわかっている。
だが、なんとか研究しやすい
ように、各部位を破壊した上
での討伐をお願いできないだ
ろうか？部位を破壊せずに
討伐した場合は失敗とさせて
もらうよ。",
2742,"≪密林探索≫
鋼龍研究計画{j}クシャルダオラ１体の討伐{j}クシャルダオラの翼破壊{j}クシャルダオラの尻尾切断{j}マストオーダー全ての達成{j}報酬金ゼロ
タイムアップ{j}モンスター研究員{j}自分もそろそろ古龍の研究が
やってみたいんだ。捕獲でき
ないのはよくわかっている。
だが、なんとか研究しやすい
ように、各部位を破壊した上
での討伐をお願いできないだ
ろうか？部位を破壊せずに
討伐した場合は失敗とさせて
もらうよ。",
2743,"≪砂漠探索≫
砂漠の特産{j}サボテンの花４個の納品{j}なし{j}なし{j}メインターゲットの達成{j}報酬金ゼロ
タイムアップ{j}ギルド専属の情報屋{j}砂漠ならではの素材が
ごろごろしている穴場を
見つけたぞ。
ぜひ、行ってみてくれ。
ポーチ満載で帰れば、
情報代を払っただけの
価値はあると思うぜ。",
2744,"≪猟団クエスト≫
下準備は大切{j}こんがり肉９０個の納品{j}ブルファンゴ４０頭の討伐{j}なし{j}メインターゲット、もしくは
サブターゲットＡの達成{j}報酬金ゼロ
タイムアップ{j}底なしのおおぐらい{j}腹減った…。さっき食べた
ばかりだけど、腹が減った。
悪いけど、オレにこんがり肉
を分けてくれないか？礼なら
ちゃんとするぜ。その代わり
生焼けやコゲ肉なんかじゃ、
満足しないぜ。じゃー頼んだ
よ。あぁ、腹減ったなぁ。",
2745,"≪猟団クエスト≫
砦に迫る龍の正体{j}シェンガオレン１匹の撃退{j}なし{j}なし{j}メインターゲットの達成{j}撃退できずにタイムアップ
報酬金ゼロ　拠点の耐久値ゼロ{j}大怪我をした冒険家{j}おまえはアイツに会ったこと
はあるか？ま、名前くらいは
聞いたことがあるだろう。
おまえが今までどんな奴を
相手にしてきたかは知らない
が、アイツは半端なしに強い
ぜ。それでも行くというなら
止めはしないが、判断を間違
わないようにな。",
2746,"≪猟団クエスト≫
たまには守ってあげないと{j}アイルー１匹の討伐{j}メラルー５０匹の討伐{j}なし{j}メインターゲット、もしくは
サブターゲットＡの達成{j}報酬金ゼロ
タイムアップ{j}羽根ペンネコ{j}今回は猟団員の皆様に挑戦状
ですニャ。このクエストは、
サブターゲットにステキな報
酬を用意させていただいた
ニャ。でも、メインターゲッ
トは簡単に達成できてしまう
ので、時にはアイルーを守る
ことも必要かも知れないです
ニャ。健闘を祈りますニャ。",
2747,"≪猟団クエスト≫
金の連獅子{j}ラージャン２頭の狩猟{j}ラージャン１頭の狩猟{j}なし{j}メインターゲット、もしくは
サブターゲットＡの達成{j}報酬金ゼロ
タイムアップ{j}早起きの採掘家{j}オレは目を疑ったね。だって
あの≪ラージャン≫が２頭も
いるんだぜ？おちおち採掘な
んてしていられなかったよ。
でもさ、あの火山って、いい
採掘ポイントがいくつかある
んだよね。…なぁ、頼むから
あんた達でなんとかあいつら
をやっつけてくれないかい。",
2748,"≪猟団クエスト≫
轟竜が合流{j}ティガレックス２頭の狩猟{j}なし{j}なし{j}メインターゲットの達成{j}報酬金ゼロ
タイムアップ{j}羽根ペンネコ{j}今回も猟団員の皆様に、クエ
ストを用意させていただいた
ニャ。今度はアイツが、２頭
同時で登場しているニャ。
サブターゲットクリアは用意
していないので、準備をしっ
かりして、猟団員の皆様で力
を合わせて頑張ってください
ニャ。健闘を祈りますニャ。",
2749,"≪猟団クエスト≫
キノコの恨みは…{j}モス４０頭の討伐{j}特産キノコ３０個の納品{j}なし{j}メインターゲット、もしくは
サブターゲットＡの達成{j}報酬金ゼロ
タイムアップ{j}キノコ収集家{j}あの形…あのツヤ…あの香り
…。あんなキノコ、なかなか
お目にかかれないのに、あの
野郎ときたら、オレの目の前
でパクッと食べやがった。
そこでだ！オレが依頼するの
は、そのキノコを食べたアイ
ツ≪モス≫を倒して欲しいっ
てことだ。頼んだぜ。",
2750,"≪猟団クエスト≫
眠気に毒気{j}ヒプノック４頭の狩猟{j}ガブラス１０頭の討伐{j}なし{j}メインターゲット、もしくは
サブターゲットＡの達成{j}報酬金ゼロ
タイムアップ{j}森林浴好きの冒険家{j}この前、突然眠くなってきた
んで、あれっと思って辺りを
見たら≪ヒプノック≫の仕業
だったね。正直参ったよ。
おまけに≪ガブラス≫もいる
もんだから、眠るし毒だしで、
生きて帰れないかと焦ったよ。
あそこに行くんだったら気を
つけて行くんだな。",
2751,"≪猟団クエスト≫
追われ続けて{j}ゲリョス亜種１頭の狩猟{j}フルフル１頭の狩猟{j}なし{j}マストオーダー全ての達成{j}報酬金ゼロ
タイムアップ{j}特訓好きの冒険家{j}おッス。自分は、強くなりた
いッス。でも壁を感じたッス。
≪ゲリョス≫に≪フルフル≫。
この両方を倒すために何度も
挑んだッスけど、だめッス。
ぜひ、猟団のみなさんも挑戦
して欲しいッス。難しいッス。",
2752,"≪猟団クエスト≫
割らずに慎重に{j}草食竜の卵６個の納品{j}リオレイア亜種１頭の狩猟{j}ドスガレオス１頭の狩猟{j}メインターゲット、もしくは
サブターゲットＡかＢの達成{j}報酬金ゼロ
タイムアップ{j}底なしのおおぐらい{j}最近、卵料理に凝り始めちゃ
ってね。おかげで卵がいくら
あっても足りないんだよな。
だから頼む！オレに≪草食竜
の卵≫を６個運んできてくれ
ないか？礼は用意してあるか
ら安心してくれ。無用の長物
かもしれないがな。",
2753,"≪猟団クエスト≫
しろシロ真っ白{j}ドドブランゴ２頭の狩猟{j}フルベビ漬け６個の納品{j}なし{j}メインターゲット、もしくは
サブターゲットＡの達成{j}報酬金ゼロ
タイムアップ{j}早起きの採掘家{j}あんた達、雪山の採掘ポイン
トを知っているかい？なかな
かいい所あるだろ？なのによ、
オレがピッケルを使うと、必
ず奴らが来るんだよね。どう
にかならねぇかなぁ…。
あ、≪フルベビ漬け≫を納品
してくれたら、礼するぜ。",
2754,"≪猟団クエスト≫
鎧鎧でアッチッチ{j}グラビモス２頭の狩猟{j}なし{j}なし{j}メインターゲットの達成{j}報酬金ゼロ
タイムアップ{j}特訓好きの冒険家{j}おッス。今回は火山で汗をか
きながら自分自身を鍛えてい
たッス。そしたら出たッス。
正直、しんどいッス。だけど
この先に明日が見えるに違い
ないッス。なので猟団のみな
さんにも挑戦して欲しいッス。",
2755,"≪猟団クエスト≫
夢の共演？狂演？{j}ババコンガ１頭の狩猟{j}ドドブランゴ１頭の狩猟{j}なし{j}マストオーダー全ての達成{j}報酬金ゼロ
タイムアップ{j}羽根ペンネコ{j}今回も明るい猟団生活を送っ
てもらうために、クエストを
用意させていただいたニャ。
住む世界の異なる２頭が、大
闘技場で夢の共演ですニャ。
猟団員の皆様で、力を合わせ
て頑張ってくださいニャ。
健闘を祈りますニャ。",
2756,"≪猟団クエスト≫
轟竜、大暴れ{j}ティガレックス１頭の討伐{j}肉食竜の卵５個の納品{j}なし{j}メインターゲット、もしくは
サブターゲットＡの達成{j}報酬金ゼロ
タイムアップ{j}羽根ペンネコ{j}大変ですニャ！あの《ティガ
レックス》が雪山で大暴れし
ているそうですニャ！今回は
危険なので、ＨＲ４以上の
ハンターさんにお願いしてい
るニャ。サブターゲットもあ
るので、そちらも挑戦しても
らえると嬉しいですニャ。",
2757,"≪猟団クエスト≫
パパっとディアブロッス。{j}ディアブロス１頭の狩猟{j}なし{j}なし{j}メインターゲットの達成{j}報酬金ゼロ
タイムアップ{j}特訓好きの冒険家{j}おっス。今日は夜の砂漠で、
寒さに耐えながら特訓ッス。
自分で目標決めて挑んだッス
が、まだまだダメッス。この
時間以内に倒せないッス。
そこで猟団のみなさんだった
らどうかと思って依頼してみ
たッス。どうッスか？",
2758,"≪猟団クエスト≫
本日、大漁！！{j}ガノトトス２頭の狩猟{j}ガレオス２０頭の討伐{j}なし{j}メインターゲット、もしくは
サブターゲットＡの達成{j}報酬金ゼロ
タイムアップ{j}自称ハンター{j}オレのハンター生活で一番の
難関に直面したゼ。こりゃあ
キミ達でも難しいんじゃない
かなぁ。何せ、アイツが２頭
もいるんだぜ？砂漠だぜ？
まぁ、オレでも無理なんだ。
まずはサブターゲットで手堅
くやってくれてもいいぜ。",
2759,"≪猟団クエスト≫
おアツいデート{j}ヴォルガノス１頭の討伐{j}ガミザミ３０匹の討伐{j}なし{j}メインターゲット、もしくは
サブターゲットＡの達成{j}報酬金ゼロ
タイムアップ{j}早起きの採掘家{j}火山ってイイよね。採掘には
全く飽きない場所だよ。だけ
どさ、あのポイントには近づ
けられないんだよ。アイツが
いるからなんだよね。どうに
かしてくれねぇかなぁ…。
掘りたいんだよなぁ…。
な、頼むよ。礼はするから。",
2760,"≪猟団クエスト≫
試して　ドッカン！{j}イャンクック１頭の狩猟{j}なし{j}なし{j}メインターゲットの達成{j}報酬金ゼロ
タイムアップ{j}裏方の職人{j}ある人から依頼のあった品を
作ったはいいが、正直まだ試
してないんだ。そこでアンタ
達、使って感想を聞かせてく
れないか？支給品にはなって
るが、中身は本物と同じだ。
頼んだぜ。",
2761,"≪猟団クエスト≫
チャチャと夫婦と森丘と{j}チャチャブー５０匹の討伐{j}リオレウス１頭の狩猟{j}リオレイア１頭の狩猟{j}メインターゲット、もしくは
サブターゲットＡかＢの達成{j}報酬金ゼロ
タイムアップ{j}羽根ペンネコ{j}こ、これは大変ですニャ！
森丘に《チャチャブー》の奴
等がたくさん来たですニャ！
しかも…あ、あの飛竜達も
大暴れしているニャ！
ここはみなさん、落ち着いて
準備してから出発してくだ
さいですニャ！",
2762,"≪猟団クエスト≫
密林の一匹狼？{j}イャンガルルガ１頭の狩猟{j}なし{j}なし{j}メインターゲットの達成{j}報酬金ゼロ
タイムアップ{j}流浪の一匹ハンター{j}ついにアイツがやって来た。
堂々と１頭で現れやがって、
まさにオレとアイツの真剣
勝負。勝負の結果は…ふっ。
そんなことより、場所は教え
てやるから、アンタ達も
会ってくるといいぜ。",
2763,"≪猟団クエスト≫
鎌蟹たくさん{j}ショウグンギザミ10匹の狩猟{j}なし{j}なし{j}メインターゲットの達成{j}報酬金ゼロ
タイムアップ{j}特訓好きの冒険家{j}おっス。沼地で特訓ッス。
最近は調子が良かったのに、
倒しても倒しても、まだまだ
出てくるッス。もう怖いッス。
オレ、まだまだダメッス。
そこで猟団のみなさんなら…
と思って依頼してみたッス。
どうッスか？",
2764,"≪猟団クエスト≫
ロングホーン？{j}ディアブロス亜種１頭の狩猟{j}ディアブロス１頭の狩猟{j}なし{j}マストオーダー全ての達成{j}報酬金ゼロ
タイムアップ{j}早起きの採掘家{j}砂漠の採掘ポイント。イイよ
ね…あそこってさ。だけど、
あんな角持った奴らにうろつ
かれちゃ、鳴き声もうるさい
しで、採掘どころじゃないん
だよね。参っちゃうよなぁ。
でだ！あんた達で何とかして
くれないか？頼んだよ。",
2765,"≪猟団クエスト≫
緑に緑と緑{j}エスピナス１頭の討伐{j}リオレイア１頭の狩猟{j}なし{j}メインターゲット、もしくは
サブターゲットＡの達成{j}報酬金ゼロ
タイムアップ{j}森林浴好きの冒険家{j}樹海はいいねぇ。緑が多くて
身も心も癒されちゃうよ…。
…でもあんな緑は勘弁だね！
特に、トゲトゲした緑のほう
は、絶対に討伐してきてくれ
よ！礼ならするって。だから
頼んだよ。",
2766,"≪猟団クエスト≫
岩と溶岩{j}ヴォルガノス亜種１頭の狩猟{j}バサルモス１頭の狩猟{j}なし{j}マストオーダー全ての達成{j}報酬金ゼロ
タイムアップ{j}自称ハンター{j}オレのハンター生活で一番の
災難に直面したゼ。キミ達も
そう思うに違いないね。何せ
岩場にはアイツ、溶岩にはア
イツがいるんだぜ？しかも２
頭狩猟のマストオーダーなん
だぜ？まぁ…、オレでも無理
なんだ。キミ達も…な？",
2767,"≪猟団クエスト≫
うふふな季節{j}ヒプノック繁殖期１頭の狩猟{j}ヒプノック１頭の狩猟{j}なし{j}マストオーダー全ての達成{j}報酬金ゼロ
タイムアップ{j}失恋したての冒険家{j}樹海で２頭の眠鳥がいちゃつ
いてたんだ！
俺はまだ独身なのに許せな…
じゃなくて、樹海の平和、そ
う！平和のために２頭とも退
治してきてくれ！",
2768,"≪猟団クエスト≫
轟く獅子{j}ラージャン１頭の狩猟{j}ティガレックス１頭の狩猟{j}なし{j}メインターゲット、もしくは
サブターゲットＡの達成{j}報酬金ゼロ
タイムアップ{j}羽根ペンネコ{j}お、落ち着いて聞いて欲しい
ですニャ！
雪山で、あの２頭が同時に出
現したとの報告が入りました
ニャ！あの２頭とは…。
怒ると怖い金獅子と、怖い顔
で追い回す轟竜ですニャ！
今回は片方だけを狩猟して
戻って来ても良いですニャ！",
2769,"≪猟団クエスト≫
モスの恩返し？{j}グラビモス亜種１頭の狩猟{j}なし{j}なし{j}メインターゲットの達成{j}報酬金ゼロ／タイムアップ
モス５頭の討伐{j}キノコ収集家{j}モスの集団が鎧竜と戦って
いるらしいんだ。
きっとキノコの産地を荒ら
されたとかだろう。
オレには分かるぜ、キノコ
の聖地を荒らされた怒りの
気持ちが！だからアンタ達
に頼みがある！あのモスを
助けてやってくれ！",
2770,"≪猟団クエスト≫
親分子分？{j}ダイミョウザザミ２匹の狩猟{j}ダイミョウザザミ１匹の狩猟{j}ダイミョウザザミのヤド破壊{j}メインターゲット、もしくは
サブターゲットＡかＢの達成{j}報酬金ゼロ
タイムアップ{j}早起きの採掘家{j}密林ってイイよね…。あそこ
の採掘ポイントなんて、もう
最高だよ。シビレちゃうね。
けどさぁ、ちょっとアレは
ないよね。浜辺のあの数は
一体なんだよって話さ。
親分に群がる子分状態だね。
ちょっとあんた達でキレイに
して来てくれる？頼んだよ。",
2771,"≪猟団クエスト≫
サクラ舞う夜{j}リオレイア亜種１頭の狩猟{j}ババコンガ２頭の狩猟{j}なし{j}メインターゲット、もしくは
サブターゲットＡの達成{j}報酬金ゼロ
タイムアップ{j}羽根ペンネコ{j}このクエストは、まさに桜色
したモンスターがたっぷり
登場しているですニャ。
そういった意味では、夜桜の
ように感じられるかも知れ
ニャいですが、モンスターに
よっては、その…臭いことを
する奴もいるので要注意です
ニャ。健闘を祈りますニャ。",
2772,"≪猟団クエスト≫
沼地を愛して{j}オオナズチ１体の討伐{j}ドスイーオス１頭の狩猟{j}灰水晶の原石６個の納品{j}メインターゲット、もしくは
サブターゲットＡかＢの達成{j}報酬金ゼロ
タイムアップ{j}早起きの採掘家{j}沼地…。うん。イイよ…。
でもそこに赤くて毒吐く奴と
か、居るのか居ないのか分か
らないヘンな奴がいると、何
してくれるんだよ？って感じ
するんだよね。全く、採掘の
ジャマなんだよなぁ…。って
ことでアンタ達。頼んだよ。",
2773,"≪猟団クエスト≫
寒いの勘弁{j}ドドブランゴ１頭の狩猟{j}ガウシカ４０頭の討伐{j}肉食竜の卵６個の納品{j}メインターゲット、もしくは
サブターゲットＡかＢの達成{j}報酬金ゼロ
タイムアップ{j}寒がりのハンター{j}同業者に頼むってのもアレな
んだけど、今から雪山に行っ
て、ここに書いてあるものを
持ち帰ってきて欲しいんだけ
ど、いいかい？
毛皮はアンタ達も必要だろ？
…何で自分で行かないのか？
聞きたい？だってさぁ…。",
2774,"≪育成支援クエスト≫
猟団員の絆【跳緋獣】{j}ゴゴモア１頭の狩猟{j}ゴゴモアの頭部破壊{j}ゴゴモアの尻尾破壊{j}メインターゲット、もしくは
サブターゲットＡかＢの達成{j}報酬金ゼロ
タイムアップ{j}ハンターズギルド{j}熟練ハンターの皆さん。
その狩猟技術を猟団の若い
ハンターへ伝えてみません
か？今回は、≪跳緋獣≫の
素材を大奮発！一緒に強く
なって、猟団を盛り上げて
いってください。秘伝書所持、
未所持のハンターで達成する
と、ギルドからの評価が
より得られますよ。",
2775,"≪育成支援クエスト≫
猟団員の絆【多殻蟹】{j}タイクンザムザ１匹の討伐{j}なし{j}なし{j}メインターゲットの達成{j}報酬金ゼロ
タイムアップ{j}ハンターズギルド{j}熟練ハンターの皆さん。
その狩猟技術を猟団の若い
ハンターへ伝えてみません
か？今回は、≪多殻蟹≫の
素材を大奮発！一緒に強く
なって、猟団を盛り上げて
いってください。秘伝書所持、
未所持のハンターで達成する
と、ギルドからの評価が
より得られますよ。",
2776,"≪育成支援クエスト≫
猟団員の絆【氷狐竜】{j}デュラガウア１頭の狩猟{j}デュラガウアの頭部破壊{j}デュラガウアの尻尾破壊{j}メインターゲット、もしくは
サブターゲットＡかＢの達成{j}報酬金ゼロ
タイムアップ{j}ハンターズギルド{j}熟練ハンターの皆さん。
その狩猟技術を猟団の若い
ハンターへ伝えてみません
か？今回は、≪氷狐竜≫の
素材を大奮発！一緒に強く
なって、猟団を盛り上げて
いってください。秘伝書所持、
未所持のハンターで達成する
と、ギルドからの評価が
より得られますよ。",
2777,"≪育成支援クエスト≫
猟団員の絆【極龍】{j}ルコディオラ１体の討伐{j}ルコディオラの角破壊{j}ルコディオラの翼破壊{j}メインターゲット、もしくは
サブターゲットＡかＢの達成{j}報酬金ゼロ
タイムアップ{j}ハンターズギルド{j}熟練ハンターの皆さん。
その狩猟技術を猟団の若い
ハンターへ伝えてみません
か？今回は、≪極龍≫の
素材を大奮発！一緒に強く
なって、猟団を盛り上げて
いってください。秘伝書所持、
未所持のハンターで達成する
と、ギルドからの評価が
より得られますよ。",
2778,"≪育成支援クエスト≫
猟団員の絆【蛮竜】{j}グレンゼブル１頭の狩猟{j}グレンゼブルの右翼破壊{j}グレンゼブルの尻尾切断{j}メインターゲット、もしくは
サブターゲットＡかＢの達成{j}報酬金ゼロ
タイムアップ{j}ハンターズギルド{j}熟練ハンターの皆さん。
その狩猟技術を猟団の若い
ハンターへ伝えてみません
か？今回は、≪蛮竜≫の
素材を大奮発！一緒に強く
なって、猟団を盛り上げて
いってください。秘伝書所持、
未所持のハンターで達成する
と、ギルドからの評価が
より得られますよ。",
2779,"≪育成支援クエスト≫
猟団員の絆【舞雷竜】{j}ベルキュロス１頭の狩猟{j}ベルキュロスの頭部破壊{j}ベルキュロスの尻尾切断{j}メインターゲット、もしくは
サブターゲットＡかＢの達成{j}報酬金ゼロ
タイムアップ{j}ハンターズギルド{j}熟練ハンターの皆さん。
その狩猟技術を猟団の若い
ハンターへ伝えてみません
か？今回は、≪舞雷竜≫の
素材を大奮発！一緒に強く
なって、猟団を盛り上げて
いってください。秘伝書所持、
未所持のハンターで達成する
と、ギルドからの評価が
より得られますよ。",
2780,"≪育成支援クエスト≫
猟団員の絆【冥雷竜】{j}ドラギュロス１頭の狩猟{j}ドラギュロスの頭部破壊{j}ドラギュロスの尻尾切断{j}メインターゲット、もしくは
サブターゲットＡかＢの達成{j}報酬金ゼロ
タイムアップ{j}ハンターズギルド{j}熟練ハンターの皆さん。
その狩猟技術を猟団の若い
ハンターへ伝えてみません
か？今回は、≪冥雷竜≫の
素材を大奮発！一緒に強く
なって、猟団を盛り上げて
いってください。秘伝書所持、
未所持のハンターで達成する
と、ギルドからの評価が
より得られますよ。",
2781,"≪育成支援クエスト≫
猟団員の絆【響狼】{j}カム・オルガロン１頭の狩猟{j}ノノ・オルガロン１頭の狩猟{j}なし{j}マストオーダー全ての達成{j}報酬金ゼロ
タイムアップ{j}ハンターズギルド{j}熟練ハンターの皆さん。
その狩猟技術を猟団の若い
ハンターへ伝えてみません
か？今回は、≪響狼≫の
素材を大奮発！一緒に強く
なって、猟団を盛り上げて
いってください。秘伝書所持、
未所持のハンターで達成する
と、ギルドからの評価が
より得られますよ。",
2782,"≪育成支援クエスト≫
猟団員の絆【獰竜】{j}アビオルグ１頭の狩猟{j}なし{j}なし{j}メインターゲットの達成{j}報酬金ゼロ
タイムアップ{j}ハンターズギルド{j}熟練ハンターの皆さん。
その狩猟技術を猟団の若い
ハンターへ伝えてみません
か？今回は、≪獰竜≫の
素材を大奮発！一緒に強く
なって、猟団を盛り上げて
いってください。秘伝書所持、
未所持のハンターで達成する
と、ギルドからの評価が
より得られますよ。",
2783,"≪育成支援クエスト≫
猟団員の絆【晶竜】{j}クアルセプス１頭の狩猟{j}なし{j}なし{j}メインターゲットの達成{j}報酬金ゼロ
タイムアップ{j}ハンターズギルド{j}熟練ハンターの皆さん。
その狩猟技術を猟団の若い
ハンターへ伝えてみません
か？今回は、≪晶竜≫の
素材を大奮発！一緒に強く
なって、猟団を盛り上げて
いってください。秘伝書所持、
未所持のハンターで達成する
と、ギルドからの評価が
より得られますよ。",
2784,"≪猟団クエスト≫
猟団クエスト入門編{j}秘密のポーチ４個の納品{j}なし{j}なし{j}メインターゲットの達成{j}報酬金ゼロ
タイムアップ{j}メゼポルタ猟団組合{j}数ある猟団クエストをこなす
ためには、猟団チケットが必
要になります。
まずはこのクエストで、猟団
チケットを手に入れてくださ
い。
とても簡単なクエストですか
ら、ささっとこなしちゃいま
しょう。
",
2785,"≪猟団クエスト≫
基礎を再確認{j}イャンクック１頭の狩猟{j}なし{j}なし{j}メインターゲットの達成{j}報酬金ゼロ
タイムアップ{j}メゼポルタ猟団組合{j}基礎を振り返るのはとても大
切な事ですね。
駆出しハンターの頃を思い出
し、しっかりと狩猟してきま
しょう。
もちろん、報酬はしっかりお
支払しますよ。",
2786,"≪猟団クエスト≫
煌く一撃ご用心{j}エスピナス奇種１頭{j}ティガレックス変種１頭{j}なし{j}メインターゲット、もしくは
サブターゲットＡの狩猟{j}報酬金ゼロ
タイムアップ{j}メゼポルタ猟団組合{j}峡谷に樹海の主である≪エス
ピナス奇種≫が現れ、採掘職
人達が困っているようだ。
眠っている間に事を片付けて
貰いたいのだが、運の悪い事
に≪ティガレックス≫の目撃
情報も入っている！
至急峡谷に向かって、出来れ
ば両方狩猟してきて貰いたい！",
2787,"≪猟団クエスト≫
ネムネムドカーン{j}アクラ・ヴァシム変種１匹{j}ヒプノック変種１頭{j}なし{j}主目標の討伐、もしくは
サブターゲットＡの狩猟{j}報酬金ゼロ
タイムアップ{j}砂漠を渡る行商人{j}よく行商で砂漠を通るんだが
な、最近奇妙な事ばかり起こ
りやがる。急に眠くなったり、
突然爆発が起きたり、たまっ
たもんじゃないぜ！
これじゃぁ、安心して商売出
来やしない！
報酬は弾むから、ちゃちゃっ
と解決してきてくれよ！",
2788,"≪猟団クエスト≫
ちょいと腕試し{j}エスピナス変種１頭{j}ヒプノック変種１頭{j}なし{j}メインターゲット、もしくは
サブターゲットＡの狩猟{j}報酬金ゼロ
タイムアップ{j}先輩？ハンター{j}優しい俺様がお前たちの為に
捕まえてきたモンスターを大
闘技場に放っておいたぜ。
眠っている≪エスピナス≫を
起こさずに、≪ヒプノック≫
を倒せれば簡単なんだがな？
まぁ、狭い中で上手く
立ち回ってくれよ。",
2789,"≪猟団クエスト≫
鳥トリとり{j}ヒプノック変種１頭{j}イャンクック変種１頭{j}なし{j}メインターゲット、もしくは
サブターゲットＡの狩猟{j}報酬金ゼロ
タイムアップ{j}バードマニア{j}見てくれよ、この美しい羽根。
羽毛の手触りの良さといった
ら無いだろう？
この美しさを保つためには、
狩猟してから直ぐに加工す
る必要があるんだよ。
さぁ、準備は出来ている！
後は、頼んだぞ！",
2790,"≪猟団クエスト≫
双牙は薬？{j}カム・オルガロン１頭の狩猟{j}ノノ・オルガロン１頭の狩猟{j}なし{j}マストオーダー全ての達成{j}報酬金ゼロ
タイムアップ{j}薬剤調合師{j}今朝がた沼地で
≪カム・オルガロン≫と
≪ノノ・オルガロン≫を見た
という話があるのじゃ。
奴らの牙から新たな薬を作っ
てみたいのじゃ。
報酬は弾んでやるから、さっ
さと狩猟してくるのじゃ。",
2791,"≪猟団クエスト≫
静寂を取り戻せ{j}ドスイーオス１頭の狩猟{j}ドスファンゴ１頭の狩猟{j}なし{j}マストオーダー全ての達成{j}３回力尽きる
タイムアップ{j}沼地の住人{j}どこから来たのか、走っては
ブツかって大きな音を立てる
大型のモンスターが住み着い
てな。毎日毎日煩くて
かなわんのじゃよ。
しかも、気づいたら新しく
１頭増えとるようじゃし…。
早く片付けて欲しいんじゃ！",
2792,"≪猟団クエスト≫
ザザザザドーン{j}ドスガレオス１頭の狩猟{j}ドスガレオスのヒレ破壊{j}なし{j}メインターゲット、もしくは
サブターゲットＡの達成{j}３回力尽きる
タイムアップ{j}砂漠を渡る行商人{j}砂漠を渡っていると、最近奇
妙な事ばかり起こりやがる。
突然足元…いや、足の下を何
かが通って行くんだぜ。
砂舟の進路が変わったり、荷
物がひっくり返ったり、
すげー迷惑してんだよ。
報酬は弾むから、ちゃちゃっ
と解決してきてくれよ！",
2793,"≪猟団クエスト≫
高き塔にて佇みし狼{j}ノノ・オルガロン１頭の狩猟{j}ノノ・オルガロンの頭部破壊{j}ノノ・オルガロンの尻尾破壊{j}メインターゲット、もしくは
サブターゲットＡかＢの達成{j}３回力尽きる
タイムアップ{j}メゼポルタ猟団組合{j}古塔を調査していたハンター
より響狼を目撃したとの情報
が届いております。
大人しく佇んでいるとの事で
すが周りに危害を加える前に
狩猟してきてください。",
2794,"≪猟団クエスト≫
大きな角にご用心{j}ディアブロス１頭の狩猟{j}ディアブロスの角破壊{j}ディアブロスの尻尾切断{j}メインターゲット、もしくは
サブターゲットＡかＢの達成{j}３回力尽きる
タイムアップ{j}メゼポルタ猟団組合{j}砂漠を渡る商人たちから、大
きな角を持ったモンスターに
追い掛け回されたとの報告が
入っております。
地中に潜る等、不意を突かれ
ては多くの積み荷が無駄に
なってしまったようです。
重要な物資航路の為、至急対
応願います。",
2795,"≪猟団クエスト≫
怒り狂う極海の竜{j}ギアオルグ１頭の狩猟{j}ギアオルグの角破壊{j}ギアオルグの尻尾破壊{j}メインターゲット、もしくは
サブターゲットＡかＢの達成{j}３回力尽きる
タイムアップ{j}ハンター応援隊長{j}最近極海にて暴れまわってい
る奴がいて、皆困ってるニャ。
何でも大きな体して凄い
スピードで走るらしいニャ。
ハンター諸君は腕の見せ所な
のニャ。
ここは一肌脱いで様子を見て
くるニャ！！",
2796,"≪猟団クエスト≫
試されし絆・金雪編{j}ラージャン１頭の討伐{j}ドドブランゴ１頭の討伐{j}ドドブランゴの尻尾切断{j}マストオーダー全ての達成{j}報酬金ゼロ
タイムアップ{j}教官{j}うむ！吾輩だ！教官だ！
今日は諸君らの絆を試すべく、
難しい依頼を用意させて
もらった。複数のモンスター
の討伐と、部位破壊を猟団の
仲間と行うのだ。支給品も
一切用意しないので、事前に
仲間たちと相談して出発せよ。
報酬は特殊な鉱石だぞ！
",
2797,"≪猟団クエスト≫
試されし絆・火茶編{j}リオレウス１頭の討伐{j}エスピナス亜種１頭の討伐{j}なし{j}マストオーダー全ての達成{j}報酬金ゼロ
タイムアップ{j}教官{j}うむ！吾輩だ！教官だ！
今日は諸君らの絆を試すべく、
難しい依頼を用意させて
もらった。複数のモンスター
の討伐を猟団の仲間と行う
のだ。支給品も一切用意
しないので、事前に
仲間たちと相談して出発せよ。
報酬は特殊な鉱石だぞ！",
2798,"≪猟団クエスト≫
試されし絆・鎌赤編{j}ショウグンギザミ１匹の討伐{j}フルフル亜種１頭の討伐{j}フルフル亜種の頭と胴の破壊{j}マストオーダー全ての達成{j}報酬金ゼロ
タイムアップ{j}教官{j}うむ！吾輩だ！教官だ！
今日は諸君らの絆を試すべく、
難しい依頼を用意させて
もらった。複数のモンスター
の討伐と、部位破壊を猟団の
仲間と行うのだ。支給品も
一切用意しないので、事前に
仲間たちと相談して出発せよ。
報酬は特殊な鉱石だぞ！
",
2799,"≪猟団クエスト≫
試されし絆・緑桜編{j}リオレイア２頭の捕獲{j}リオレイア亜種２頭の討伐{j}なし{j}マストオーダー全ての達成{j}報酬金ゼロ
タイムアップ{j}教官{j}うむ！吾輩だ！教官だ！
今日は諸君らの絆を試すべく、
難しい依頼を用意させて
もらった。複数のモンスター
の捕獲、討伐を、猟団の
仲間と行うのだ。支給品も
一切用意しないので、事前に
仲間たちと相談して出発せよ。
報酬は特殊な鉱石だぞ！",
2800,"≪猟団クエスト≫
試されし絆・黒金編{j}ラージャン１頭の討伐{j}グラビモス亜種１頭の討伐{j}なし{j}マストオーダー全ての達成{j}報酬金ゼロ
タイムアップ{j}教官{j}うむ！吾輩だ！教官だ！
今日は諸君らの絆を試すべく、
難しい依頼を用意させて
もらった。複数のモンスター
の討伐を、猟団の仲間と行う
のだ。支給品も一切用意しな
いので、事前に仲間たちと
相談して出発せよ。
報酬は特殊な鉱石だぞ！",
2801,"≪猟団クエスト≫
試されし絆・双影編{j}フルフル亜種１頭の討伐{j}フルフル１頭の討伐{j}なし{j}マストオーダー全ての達成{j}報酬金ゼロ
タイムアップ{j}教官{j}うむ！吾輩だ！教官だ！
今日は諸君らの絆を試すべく、
難しい依頼を用意したぞ！
複数のモンスターの討伐を、
猟団の仲間と成し遂げるのだ！
支給品も一切用意しないので、
事前に仲間たちと相談して
出発せよ。
報酬は特殊な鉱石だぞ！",
2802,"≪猟団クエスト≫
試されし絆・蒼緑編{j}ヒプノック繁殖期１頭の討伐{j}リオレイア１頭の討伐{j}なし{j}マストオーダー全ての達成{j}報酬金ゼロ
タイムアップ{j}教官{j}うむ！吾輩だ！教官だ！
今日は諸君らの絆を試すべく、
難しい依頼を用意したぞ！
複数のモンスターの討伐を、
猟団の仲間と成し遂げるのだ！
支給品も一切用意しないので、
事前に仲間たちと相談して
出発せよ。
報酬は特殊な鉱石だぞ！",
2803,"≪猟団クエスト≫
試されし絆・溶岩編{j}ヴォルガノス１頭の討伐{j}ヴォルガノス亜種１頭の討伐{j}なし{j}マストオーダー全ての達成{j}報酬金ゼロ
タイムアップ{j}教官{j}うむ！吾輩だ！教官だ！
今日は諸君らの絆を試すべく、
難しい依頼を用意したぞ！
複数のモンスターの討伐を、
猟団の仲間と成し遂げるのだ！
支給品も一切用意しないので、
事前に仲間たちと相談して
出発せよ。
報酬は特殊な鉱石だぞ！",
2804,"≪猟団クエスト≫
試されし絆・双岩編{j}ヴォルガノス亜種１頭の討伐{j}グラビモス亜種１頭の討伐{j}グラビモス亜種の尻尾切断{j}マストオーダー全ての達成{j}報酬金ゼロ
タイムアップ{j}教官{j}うむ！吾輩だ！教官だ！
今日は諸君らの絆を試すべく、
難しい依頼を用意させて
もらった。複数のモンスター
の討伐と、部位破壊を猟団の
仲間と行うのだ。支給品も
一切用意しないので、事前に
仲間たちと相談して出発せよ。
報酬は特殊な鉱石だぞ！
",
2805,"≪猟団クエスト≫
試されし絆・連亜編{j}ガノトトス亜種１頭の討伐{j}リオレイア亜種１頭の討伐{j}リオレイア亜種の尻尾切断{j}マストオーダー全ての達成{j}報酬金ゼロ
タイムアップ{j}教官{j}うむ！吾輩だ！教官だ！
今日は諸君らの絆を試すべく、
難しい依頼を用意させて
もらった。複数のモンスター
の討伐と、部位破壊を猟団の
仲間と行うのだ。支給品も
一切用意しないので、事前に
仲間たちと相談して出発せよ。
報酬は特殊な鉱石だぞ！
",
2806,"≪猟団クエスト≫
試されし絆・連角編{j}ディアブロス亜種１頭の討伐{j}ディアブロス１頭の討伐{j}ディアブロスの尻尾切断{j}マストオーダー全ての達成{j}報酬金ゼロ
タイムアップ{j}教官{j}うむ！吾輩だ！教官だ！
今日は諸君らの絆を試すべく、
難しい依頼を用意させて
もらった。複数のモンスター
の討伐と、部位破壊を猟団の
仲間と行うのだ。支給品も
一切用意しないので、事前に
仲間たちと相談して出発せよ。
報酬は特殊な鉱石だぞ！
",
2807,"≪猟団クエスト≫
試されし絆・棘火編{j}エスピナス亜種１頭の討伐{j}リオレイア１頭の討伐{j}リオレイアの尻尾切断{j}マストオーダー全ての達成{j}報酬金ゼロ
タイムアップ{j}教官{j}うむ！吾輩だ！教官だ！
今日は諸君らの絆を試すべく、
難しい依頼を用意させて
もらった。複数のモンスター
の討伐と、部位破壊を猟団の
仲間と行うのだ。支給品も
一切用意しないので、事前に
仲間たちと相談して出発せよ。
報酬は特殊な鉱石だぞ！
",
2808,"≪猟団クエスト≫
試されし絆・蒼棘編{j}ヒプノック繁殖期１頭の討伐{j}エスピナス１頭の討伐{j}エスピナスの尻尾切断{j}マストオーダー全ての達成{j}報酬金ゼロ
タイムアップ{j}教官{j}うむ！吾輩だ！教官だ！
今日は諸君らの絆を試すべく、
難しい依頼を用意させて
もらった。複数のモンスター
の討伐と、部位破壊を猟団の
仲間と行うのだ。支給品も
一切用意しないので、事前に
仲間たちと相談して出発せよ。
報酬は特殊な鉱石だぞ！
",
2809,"≪猟団クエスト≫
試されし絆・火竜編{j}リオレウス亜種１頭の討伐{j}リオレウス１頭の討伐{j}なし{j}マストオーダー全ての達成{j}報酬金ゼロ
タイムアップ{j}教官{j}うむ！吾輩だ！教官だ！
今日は諸君らの絆を試すべく、
難しい依頼を用意したぞ！
複数のモンスターの討伐を、
猟団の仲間と成し遂げるのだ！
支給品も一切用意しないので、
事前に仲間たちと相談して
出発せよ。
報酬は特殊な鉱石だぞ！",
2810,"≪猟団クエスト≫
試されし絆・双竜編{j}リオレウス１頭の討伐{j}リオレイア１頭の討伐{j}なし{j}マストオーダー全ての達成{j}報酬金ゼロ
タイムアップ{j}教官{j}うむ！吾輩だ！教官だ！
今日は諸君らの絆を試すべく、
難しい依頼を用意させて
もらった。複数のモンスター
の討伐を、猟団の仲間と
行うのだ。支給品も
一切用意しないので、事前に
仲間たちと相談して出発せよ。
報酬は特殊な鉱石だぞ！",
2811,"≪猟団クエスト≫
試されし絆・黒水編{j}イャンガルルガ１頭の討伐{j}ガノトトス１頭の討伐{j}ガノトトスの背ビレ破壊{j}マストオーダー全ての達成{j}報酬金ゼロ
タイムアップ{j}教官{j}うむ！吾輩だ！教官だ！
今日は諸君らの絆を試すべく、
難しい依頼を用意させて
もらった。複数のモンスター
の討伐と、部位破壊を猟団の
仲間と行うのだ。支給品も
一切用意しないので、事前に
仲間たちと相談して出発せよ。
報酬は特殊な鉱石だぞ！
",
2812,"≪猟団クエスト≫
試されし絆・黒茶編{j}イャンガルルガ１頭の討伐{j}エスピナス亜種１頭の討伐{j}なし{j}マストオーダー全ての達成{j}報酬金ゼロ
タイムアップ{j}教官{j}うむ！吾輩だ！教官だ！
今日は諸君らの絆を試すべく、
難しい依頼を用意させて
もらった。複数のモンスター
の討伐を猟団の仲間と行う
のだ。支給品も一切用意
しないので、事前に
仲間たちと相談して出発せよ。
報酬は特殊な鉱石だぞ！",
2813,"≪猟団クエスト≫
試されし絆・双角編{j}ディアブロス亜種１頭の討伐{j}ディアブロス１頭の討伐{j}なし{j}マストオーダー全ての達成{j}報酬金ゼロ
タイムアップ{j}教官{j}うむ！吾輩だ！教官だ！
今日は諸君らの絆を試すべく、
難しい依頼を用意させて
もらった。複数のモンスター
の討伐を猟団の仲間と行う
のだ。支給品も一切用意
しないので、事前に
仲間たちと相談して出発せよ。
報酬は特殊な鉱石だぞ！",
2814,"≪猟団クエスト≫
試されし絆・双鎧編{j}グラビモス１頭の討伐{j}グラビモス亜種１頭の討伐{j}なし{j}マストオーダー全ての達成{j}報酬金ゼロ
タイムアップ{j}教官{j}うむ！吾輩だ！教官だ！
今日は諸君らの絆を試すべく、
難しい依頼を用意させて
もらった。複数のモンスター
の討伐を、猟団の
仲間と行うのだ。支給品も
一切用意しないので、事前に
仲間たちと相談して出発せよ。
報酬は特殊な鉱石だぞ！",
2815,"≪猟団クエスト≫
試されし絆・晶蠍編{j}アクラ・ヴァシム１匹の討伐{j}アクラ・ヴァシムの尻尾切断{j}なし{j}マストオーダー全ての達成{j}報酬金ゼロ
タイムアップ{j}教官{j}うむ！吾輩だ！教官だ！
今日は諸君らの絆を試すべく、
難しい依頼を用意させて
もらった。モンスターの
指定部位の破壊と討伐を、
猟団の仲間と行うのだ。
支給品も一切用意しないので、
事前に仲間たちと相談して
出発せよ。
報酬は特殊な鉱石だぞ！",
2816,"≪猟団クエスト≫
試されし絆・双水編{j}ガノトトス１頭の討伐{j}ガノトトス亜種１頭の討伐{j}なし{j}マストオーダー全ての達成{j}報酬金ゼロ
タイムアップ{j}教官{j}うむ！吾輩だ！教官だ！
今日は諸君らの絆を試すべく、
難しい依頼を用意したぞ！
複数のモンスターの討伐を、
猟団の仲間と成し遂げるのだ！
支給品も一切用意しないので、
事前に仲間たちと相談して
出発せよ。
報酬は特殊な鉱石だぞ！",
2817,"≪猟団クエスト≫
試されし絆・双轟編{j}ティガレックス２頭の討伐{j}なし{j}なし{j}メインターゲットの達成{j}報酬金ゼロ
タイムアップ{j}教官{j}うむ！吾輩だ！教官だ！
今日は諸君らの絆を試すべく、
難しい依頼を用意させて
もらった。複数のモンスター
の討伐を猟団の仲間と行う
のだ。支給品も一切用意
しないので、事前に
仲間たちと相談して出発せよ。
報酬は特殊な鉱石だぞ！",
2818,"≪猟団クエスト≫
試されし絆・棘竜編{j}エスピナス１頭の討伐{j}エスピナスの尻尾切断{j}なし{j}マストオーダー全ての達成{j}報酬金ゼロ
タイムアップ{j}教官{j}うむ！吾輩だ！教官だ！
今日は諸君らの絆を試すべく、
難しい依頼を用意させて
もらった。モンスターの
指定部位の破壊と討伐を、
猟団の仲間と行うのだ。
支給品も一切用意しないので、
事前に仲間たちと相談して
出発せよ。
報酬は特殊な鉱石だぞ！",
2819,"≪猟団クエスト≫
試されし絆・角竜編{j}ディアブロス１頭の討伐{j}ディアブロスの尻尾切断{j}なし{j}マストオーダー全ての達成{j}報酬金ゼロ
タイムアップ{j}教官{j}うむ！吾輩だ！教官だ！
今日は諸君らの絆を試すべく、
難しい依頼を用意させて
もらった。モンスターの
指定部位の破壊と討伐を、
猟団の仲間と行うのだ。
支給品も一切用意しないので、
事前に仲間たちと相談して
出発せよ。
報酬は特殊な鉱石だぞ！",
2820,"≪猟団クエスト≫
試されし絆・鎧鎌編{j}グラビモス１頭の討伐{j}ショウグンギザミ１匹の討伐{j}なし{j}マストオーダー全ての達成{j}報酬金ゼロ
タイムアップ{j}教官{j}うむ！吾輩だ！教官だ！
今日は諸君らの絆を試すべく、
難しい依頼を用意させて
もらった。複数のモンスター
の討伐を、猟団の
仲間と行うのだ。支給品も
一切用意しないので、事前に
仲間たちと相談して出発せよ。
報酬は特殊な鉱石だぞ！",
2821,"≪猟団クエスト≫
試されし絆・赤雪編{j}フルフル亜種１頭の討伐{j}ドドブランゴ１頭の討伐{j}なし{j}マストオーダー全ての達成{j}報酬金ゼロ
タイムアップ{j}教官{j}うむ！吾輩だ！教官だ！
今日は諸君らの絆を試すべく、
難しい依頼を用意させて
もらった。複数のモンスター
の討伐を、猟団の
仲間と行うのだ。支給品も
一切用意しないので、事前に
仲間たちと相談して出発せよ。
報酬は特殊な鉱石だぞ！",
2822,"≪猟団クエスト≫
試されし絆・双毒編{j}ゲリョス１頭の討伐{j}ゲリョス亜種１頭の討伐{j}なし{j}マストオーダー全ての達成{j}報酬金ゼロ
タイムアップ{j}教官{j}うむ！吾輩だ！教官だ！
今日は諸君らの絆を試すべく、
難しい依頼を用意させて
もらった。複数のモンスター
の討伐を、猟団の
仲間と行うのだ。支給品も
一切用意しないので、事前に
仲間たちと相談して出発せよ。
報酬は特殊な鉱石だぞ！",
2823,"≪猟団クエスト≫
試されし絆・双緑編{j}リオレイア１頭の討伐{j}エスピナス１頭の討伐{j}なし{j}マストオーダー全ての達成{j}報酬金ゼロ
タイムアップ{j}教官{j}うむ！吾輩だ！教官だ！
今日は諸君らの絆を試すべく、
難しい依頼を用意させて
もらった。複数のモンスター
の討伐を、猟団の
仲間と行うのだ。支給品も
一切用意しないので、事前に
仲間たちと相談して出発せよ。
報酬は特殊な鉱石だぞ！",
2824,"≪猟団クエスト≫
試されし絆・鎧毒編{j}グラビモス１頭の討伐{j}ゲリョス亜種１頭の討伐{j}なし{j}マストオーダー全ての達成{j}報酬金ゼロ
タイムアップ{j}教官{j}うむ！吾輩だ！教官だ！
今日は諸君らの絆を試すべく、
難しい依頼を用意させて
もらった。複数のモンスター
の討伐を、猟団の
仲間と行うのだ。支給品も
一切用意しないので、事前に
仲間たちと相談して出発せよ。
報酬は特殊な鉱石だぞ！",
2825,"≪猟団クエスト≫
試されし絆・金棘編{j}ラージャン１頭の討伐{j}エスピナス亜種１頭の討伐{j}なし{j}マストオーダー全ての達成{j}報酬金ゼロ
タイムアップ{j}教官{j}うむ！吾輩だ！教官だ！
今日は諸君らの絆を試すべく、
難しい依頼を用意させて
もらった。複数のモンスター
の討伐を、猟団の
仲間と行うのだ。支給品も
一切用意しないので、事前に
仲間たちと相談して出発せよ。
報酬は特殊な鉱石だぞ！",
2826,"≪猟団クエスト≫
深まる絆・金火竜編{j}リオレイア希少種１頭の討伐{j}リオレイア希少種の翼爪破壊{j}リオレイア希少種の尻尾切断{j}マストオーダー全ての達成{j}３回力尽きる
タイムアップ{j}教官{j}うむ！吾輩だ！教官だ！
今日は諸君らの絆をさらに
深めるべく、難しい依頼を
用意させてもらった。
モンスターの討伐と部位破壊
を、猟団の仲間と行うのだ。
支給品も一切用意しないので、
事前に仲間たちと相談して
出発せよ。",
2827,"≪猟団クエスト≫
深まる絆・蛮竜編{j}グレンゼブル１頭の討伐{j}グレンゼブルの左翼破壊{j}グレンゼブルの尻尾切断{j}マストオーダー全ての達成{j}３回力尽きる
タイムアップ{j}教官{j}うむ！吾輩だ！教官だ！
今日は諸君らの絆をさらに
深めるべく、難しい依頼を
用意させてもらった。
モンスターの討伐と部位破壊
を、猟団の仲間と行うのだ。
支給品も一切用意しないので、
事前に仲間たちと相談して
出発せよ。",
2828,"≪猟団クエスト≫
深まる絆・華鳳鳥編{j}フォロクルル１頭の討伐{j}フォロクルルの頭部破壊{j}なし{j}マストオーダー全ての達成{j}３回力尽きる
タイムアップ{j}教官{j}うむ！吾輩だ！教官だ！
今日は諸君らの絆をさらに
深めるべく、難しい依頼を
用意させてもらった。
モンスターの討伐と部位破壊
を、猟団の仲間と行うのだ。
支給品も一切用意しないので、
事前に仲間たちと相談して
出発せよ。",
2829,"≪猟団クエスト≫
深まる絆・喰血竜編{j}バルラガル１頭の討伐{j}バルラガルの舌破壊{j}バルラガルの尻尾破壊{j}マストオーダー全ての達成{j}３回力尽きる
タイムアップ{j}教官{j}うむ！吾輩だ！教官だ！
今日は諸君らの絆をさらに
深めるべく、難しい依頼を
用意させてもらった。
モンスターの討伐と部位破壊
を、猟団の仲間と行うのだ。
支給品も一切用意しないので、
事前に仲間たちと相談して
出発せよ。",
2830,"≪猟団クエスト≫
Ｇ８アンケート武器・３種{j}ミドガロン１頭の狩猟{j}ミドガロンの頭部破壊{j}ミドガロンの背中破壊{j}マストオーダー全ての達成{j}３回力尽きる
タイムアップ{j}ハンターズギルド{j}ジンオウガ狩猟解禁イベント
「遷悠種襲来！ジンオウガを
狩猟せよ」にて
雷狼竜の狩猟数70万頭突破を
記念して行われたアンケート
にて性能が決定された
穿龍棍、大剣、双剣の
生産素材と強化素材を入手
できるクエストになります。",
2831,"≪猟団クエスト≫
猟団依頼！牙獣種の剥ぎ{j}ババコンガ変種１頭{j}主目標の頭部破壊{j}主目標の爪破壊{j}主目標１頭の討伐
及び、各指定部位の破壊{j}報酬金ゼロ
タイムアップ{j}ハンターズギルド{j}今ギルドでは、凄腕ハンター
の方々に向けて、ギルドで
保管している素材の提供を
考えています。
ただし、素材数にも限りがあ
るため、ある程度実力のある
ハンターの方のみとさせて頂
きます。",
2832,"≪猟団クエスト≫
猟団依頼！甲殻種の剥ぎ{j}ダイミョウザザミ変種１匹{j}主目標のツメ破壊{j}主目標のヤド破壊{j}主目標１匹の討伐
及び、各指定部位の破壊{j}報酬金ゼロ
タイムアップ{j}ハンターズギルド{j}今ギルドでは、凄腕ハンター
の方々に向けて、ギルドで
保管している素材の提供を
考えています。
ただし、素材数にも限りがあ
るため、ある程度実力のある
ハンターの方のみとさせて頂
きます。",
2833,"≪猟団クエスト≫
猟団依頼！魚竜種の剥ぎ{j}ヴォルガノス変種１頭{j}主目標の頭破壊{j}主目標の背ビレ破壊{j}主目標１頭の討伐
及び、各指定部位の破壊{j}報酬金ゼロ
タイムアップ{j}ハンターズギルド{j}今ギルドでは、凄腕ハンター
の方々に向けて、ギルドで
保管している素材の提供を
考えています。
ただし、素材数にも限りがあ
るため、ある程度実力のある
ハンターの方のみとさせて頂
きます。",
2834,"≪猟団クエスト≫
猟団依頼！鳥竜種の剥ぎ{j}イャンガルルガ変種１頭{j}主目標の背中破壊{j}主目標の翼破壊{j}主目標１頭の討伐
及び、各指定部位の破壊{j}報酬金ゼロ
タイムアップ{j}ハンターズギルド{j}今ギルドでは、凄腕ハンター
の方々に向けて、ギルドで
保管している素材の提供を
考えています。
ただし、素材数にも限りがあ
るため、ある程度実力のある
ハンターの方のみとさせて頂
きます。",
2835,"≪猟団クエスト≫
猟団依頼！飛竜種の剥ぎ{j}リオレウス変種１頭{j}主目標の頭部破壊{j}主目標の翼爪破壊{j}主目標１頭の討伐
及び、各指定部位の破壊{j}報酬金ゼロ
タイムアップ{j}ハンターズギルド{j}今ギルドでは、凄腕ハンター
の方々に向けて、ギルドで
保管している素材の提供を
考えています。
ただし、素材数にも限りがあ
るため、ある程度実力のある
ハンターの方のみとさせて頂
きます。",
2836,"≪猟団クエスト≫
猟団依頼！甲虫種の剥ぎ{j}カンタロス７匹の討伐{j}ランゴスタ７匹の討伐{j}大雷光虫７匹の討伐{j}メインターゲット、もしくは
サブターゲットＡかＢの達成{j}報酬金ゼロ
タイムアップ{j}ハンターズギルド{j}今ギルドでは、凄腕ハンター
の方々に向けて、ギルドで
保管している素材の提供を
考えています。
ただし、素材数にも限りがあ
るため、ある程度実力のある
ハンターの方のみとさせて頂
きます。",
2837,"≪猟団クエスト≫
猟団依頼！草食種の剥ぎ{j}アプトノス５頭の討伐{j}ケルビ７頭の討伐{j}モス８頭の討伐{j}メインターゲット、もしくは
サブターゲットＡかＢの達成{j}報酬金ゼロ
タイムアップ{j}ハンターズギルド{j}今ギルドでは、凄腕ハンター
の方々に向けて、ギルドで
保管している素材の提供を
考えています。
ただし、素材数にも限りがあ
るため、ある程度実力のある
ハンターの方のみとさせて頂
きます。",
2838,"≪猟団クエスト≫
猟団依頼！獣人種の剥ぎ{j}チャチャブー１５匹の討伐{j}チャチャブー１０匹の討伐{j}チャチャブー５匹の討伐{j}メインターゲット、もしくは
サブターゲットＡかＢの達成{j}報酬金ゼロ
タイムアップ{j}ハンターズギルド{j}今ギルドでは、凄腕ハンター
の方々に向けて、ギルドで
保管している素材の提供を
考えています。
ただし、素材数にも限りがあ
るため、ある程度実力のある
ハンターの方のみとさせて頂
きます。",
