index,source,target
0,装備無し,
1,アイアンソード,
2,アイアンソード改,
3,バスターソード,
4,ソウルオブキャット,
5,天下無双刀,
6,バスターブレイド,
7,ブルーウィング,
8,ブレイズブレイド,
9,アッパーブレイズ,
10,鉄刀,
11,鉄刀【禊】,
12,鉄刀【神楽】,
13,骨刀【狼牙】,
14,骨刀【鮫牙】,
15,骨刀【竜牙】,
16,黒刀【零ノ型】,
17,黒刀【弐ノ型】,
18,ディフェンダー,
19,飛竜刀【朱】,
20,センチネル,
21,ハルバード,
22,飛竜刀【青葉】,
23,ジャッジメント,
24,エクスキューション,
25,エクスキューション改,
26,ダークサイス,
27,ダークトーメント,
28,ボーンブレイド,
29,ボーンブレイド改,
30,アギト,
31,黒刀【参ノ型】,
32,リュウノアギト,
33,レッドストライプ,
34,ゴーレムブレイド,
35,ヴァルキリーブレイド,
36,ジークリンデ,
37,ドラゴンキラー,
38,レッドシザー,
39,フィンブレイド,
40,ギザミブレイド,
41,水剣ガノトトス,
42,レッドウィング,
43,炎剣リオレウス,
44,凄くさびた大剣,
45,さびた大剣,
46,ブルークロウブレイド,
47,エンシェントプレート,
48,骨,
49,龍木ノ太刀,
50,龍刀【焔】,
51,龍刀【紅蓮】,
52,蛇剣【蒼蛇】,
53,ダブルブロスソード,
54,蛇剣【大蛇】,
55,アイアンハンマー,
56,アイアンハンマー改,
57,ウォーハンマー,
58,溶解鎚,
59,ウォーメイス,
60,アイアンストライク,
61,ブルヘッドハンマー,
62,ツインブロスハンマー,
63,アイアンインパクト,
64,スパイクハンマー,
65,スパイクハンマー改,
66,クリスタルロック,
67,クリスタルノヴァ,
68,アンヴィルハンマー,
69,ヴェノムモンスター,
70,ボーンアクス,
71,ロブスタンプ,
72,ブロードボーンアクス,
73,ギガントハンマー,
74,イカリハンマーＦ,
75,コーンヘッドハンマー,
76,スイ【烏】,
77,グラビィトンハンマー,
78,ボーンハンマー,
79,ボーンハンマー改,
80,サイクロプスハンマー,
81,龍頭蓋棍,
82,アトラスハンマー,
83,スカルクラッシュ,
84,スカルクラッシュ改,
85,クックジョー,
86,グレートコーン,
87,ギガントハンマー改,
88,バサルブロウ,
89,ブロステイル,
90,ジェイルハンマー,
91,ジェイダイトメイス,
92,ジェイドメイス,
93,工房試作品ガンハンマ,
94,デッドリボルバー,
95,凄くさびた槌,
96,さびた槌,
97,鋼氷棍,
98,ブレス・コア,
99,骨塊,
100,大骨塊,
101,ドラゴンデストロイ,
102,ドラゴンブレイカー,
103,アイアンランス,
104,アイアンランス改,
105,ナイトランス,
106,撃竜槍【阿】,
107,ナイトスクウィード,
108,パラディンランス,
109,ランパート,
110,アイアンガンランス,
111,バベル,
112,鬼鉄,
113,アイアンガンランス改,
114,討伐隊正式銃槍,
115,ダークランス,
116,シルバールーク,
117,ダークスクウィード,
118,パラライザー,
119,トライデント,
120,ボーンジャベリン,
121,ナナ＝ハウル,
122,スパイクスピア,
123,アクアンスピア,
124,ナナ＝ロア,
125,シープソングスピア,
126,ホワイトガンランス,
127,ボーンランス,
128,ボーンランス改,
129,ロングホーン,
130,ブラックキャノン,
131,ロングタスク,
132,バーバリアンタスク,
133,ヘルスティング,
134,ハードヒッター,
135,オーガーランス,
136,レッドテイル,
137,シザーガンランス,
138,龍木ノ槍,
139,ブロスホーン,
140,エメラルドスピア,
141,角槍ディアブロス,
142,ボーンクロウランス,
143,クリムゾンブロス,
144,ヴェノムランス,
145,ブレイドスティンガー,
146,ヴェノムスクウィード,
147,豪槍グラビモス,
148,ガトリングランス,
149,ガトリングランス改,
150,凄くさびた槍,
151,さびた槍,
152,ギザミスティンガー,
153,アンドレイヤー,
154,ドラゴンランス,
155,鬼槍ラージャン,
156,ハンターナイフ,
157,ハンターナイフ改,
158,ハンターカリンガ,
159,ハンターカリンガ改,
160,アサシンカリンガ,
161,紫電,
162,紫電改,
163,朽ちた龍剣Ｆ,
164,雷神剣キリン,
165,サーペントバイト,
166,ドスバイトダガー,
167,ヴァイパーバイト,
168,封龍宝剣Ｆ,
169,デスパライズ,
170,ハイドラバイト,
171,フレイムサイフォス,
172,デッドリィポイズン,
173,サンダーベイン,
174,プリンセスレイピア,
175,ライトニングベイン,
176,プリンセスレイピア改,
177,ポイズンタバルジン,
178,ボーンククリ,
179,ボーンククリ改,
180,ボーンピック,
181,ボーンピック改,
182,ボーンネイル,
183,バーンエッジ,
184,マスターブレイドＦ,
185,バーンエッジ改,
186,イフリートマロウ,
187,スリープショテル,
188,鋼氷剣,
189,ガノフィンショテル,
190,ヒーローブレイドＦ,
191,フロストエッジ,
192,リベットクラブ,
193,フロストエッジ改,
194,クギバット,
195,クリムゾンクラブ,
196,モノブロスクラブ,
197,凄くさびた小剣,
198,さびた小剣,
199,独龍剣【青鬼】,
200,封龍剣【絶一門】,
201,金獣棍,
202,金獣棍【禁忌】,
203,ドラゴンバスター,
204,ツルギ【烏】,
205,ねこ？ぱんち,
206,にゃんにゃんぼう,
207,タクティクス,
208,斬破刀,
209,天上天下無双刀,
210,クロームレイザー,
211,封龍剣【滅一門】,
212,破鎚シャッター,
213,激鎚オンスロート,
214,バインドキューブ,
215,テッケン,
216,竜騎槍ゲイボルグ,
217,レクイエムスピア,
218,プロミネンスピラー,
219,黒龍槍,
220,クックツインズ,
221,コロナ,
222,黒龍剣,
223,オデッセイ,
224,おやすみベア,
225,エストック,
226,ニンジャソード,
227,鬼金棒,
228,ジークムント,
229,レイトウマグロ,
230,大鬼槍ラージャン,
231,ヴァルハラ,
232,ネイティブスピア,
233,スティールバイソンⅡ,
234,ツインダガー,
235,ハイツインダガー,
236,ハリケーン,
237,ピンクボンボン,
238,サイクロン,
239,デュアルトマホーク,
240,デュアルトマホーク改,
241,オーダーレイピア,
242,テッセン【烏】,
243,ホーリーセーバー,
244,工房試作品【鋸斬り】,
245,正式採用機械鋸,
246,ボーンシックル,
247,ボーンシックル改,
248,ガノカットラス,
249,ガノカットラス改,
250,ブロスブロス,
251,ブロスブロス改,
252,インセクトオーダー,
253,インセクトオーダー改,
254,ツインフレイム,
255,ツインハイフレイム,
256,双剣リュウノツガイ,
257,双龍剣,
258,双龍剣【極】,
259,バルバロイブレイド,
260,クリムゾンゴート,
261,煌剣リオレウス,
262,溶解鎚【煉獄】,
263,ホワイトディザスター,
264,ドスバイトダガー改,
265,スティールバイソンⅢ,
266,クリムゾンサイス,
267,ホワイトマンティス,
268,セイリュウトウ【烏】,
269,テスカブレイド,
270,真・竜ノ顎,
271,軍刀,
272,軍刀【獅子舞】,
273,ガーディアンソード,
274,鬼神斬破刀,
275,蛇剣【白蛇】,
276,蒼剣ガノトトス,
277,鎌威太刀,
278,執行人の大斧,
279,蒼刃剣ガノトトス,
280,龍刀【朧火】,
281,ブラッシュデイム,
282,ペイルカイザー,
283,鋼氷大剣,
284,鋼氷大剣－改,
285,鬼斬破,
286,クロームデスレイザー,
287,封龍剣【超滅一門】,
288,クロオビブレイド,
289,タツジンブレイド,
290,凄く風化した大剣,
291,風化した大剣,
292,クラブカッター,
293,エピタフプレート,
294,ボーンホルン,
295,ウォードラム,
296,ソニックビードロー,
297,ソニックビードロー改,
298,鬼鉄丸,
299,正式採用機械鎚,
300,ウォースタンプ,
301,ウォーバッシュ,
302,メタルバグパイプ,
303,龍壊棍,
304,フルフルホルン,
305,クックピック,
306,グレートノヴァ,
307,ウラナイオカリナ,
308,クロオビハンマー,
309,タツジンハンマー,
310,凄く風化した槌,
311,風化した槌,
312,ウラナイオカリナ改,
313,パルセイト・コア,
314,ウォーボンゴ,
315,ブラッドホルン,
316,ブロンズベル,
317,龍木ノ笛,
318,ダーク,
319,正式採用機械槍,
320,龍騎槍ゲイボルガ,
321,ホウテンゲキ【烏】,
322,黒滅龍槍,
323,ブラックテンペスト,
324,鋼氷槍,
325,鋼氷槍－改,
326,ブルーテイル,
327,ブループロミネンス,
328,雷槍【イカズチ】,
329,黒槍グラビモス,
330,クロオビランス,
331,タツジンランス,
332,凄く風化した槍,
333,風化した槍,
334,テオ＝ハウル,
335,マテンロウ,
336,ドラゴニックリム,
337,漆黒槍グラビモス,
338,ブレイドエッジ,
339,ブレイドエッジ改,
340,オデッセイブレイド,
341,デッドリィタバルジン,
342,雷神剣インドラ,
343,双焔,
344,黒滅龍剣,
345,呪魂,
346,フランベロジュ,
347,ランポスクロウズ,
348,メルトウォーリア,
349,ゴールドマロウ,
350,ガノフィンスパイク,
351,ハイガノススパイク,
352,メラルーツール,
353,クロオビソード,
354,タツジンソード,
355,ハイニンジャソード,
356,雷神宝剣キリン,
357,双龍剣【天地】,
358,改良型機械鋸,
359,ギルドナイトセーバー,
360,インセクトスライサー,
361,ゲキリュウノツガイ,
362,凄く風化した双剣,
363,風化した双剣,
364,メルトウォーリア改,
365,封龍剣【超絶一門】,
366,オベリオン,
367,ティタルニア,
368,グラシアルブロス,
369,デスヴェノムハンマー,
370,伝説の双刃Ｆ,
371,鬼薙刀,
372,ラスティクレイモア,
373,グラインドクレイモア,
374,スティールスネークⅡ,
375,ザンシュトウ【鶏】,
376,大鬼金棒,
377,召雷剣【麒麟】,
378,ミラブレイド,
379,双雷剣キリン,
380,アッパーミラブレイド,
381,斬老刀【スサノオ】,
382,ダイミョウカッター,
383,飛竜刀【翠】,
384,軍刀【獅子王】,
385,モノブロスサイス,
386,フロストリーパー,
387,インペリアルソード,
388,龍木ノ太刀【神憑】,
389,飛竜刀【楓】,
390,大鬼薙刀,
391,エクディシス,
392,ボーンホルン改,
393,ウォードラム改,
394,クイーンビードロー,
395,フルフルフルート,
396,グレートバグパイプ,
397,マジナイオカリナ,
398,ウォーコンガ,
399,ブラッドフルート,
400,ガオレンズベル,
401,龍木ノ笛【宿神】,
402,スティールガンランス,
403,ビッグスラッガー,
404,ヘルスティンガー,
405,ホワイトキャノン,
406,ナナ＝フレア,
407,シザーキャノン,
408,ブラックゴアキャノン,
409,ガンチャリオット,
410,龍木ノ槍【金剛】,
411,近衛隊正式銃槍,
412,グレートシザー,
413,召雷剣【麒麟王】,
414,ダオラ＝デグニダル,
415,キリサキ,
416,セイリュウトウ【狼】,
417,ザンシュトウ【軍鶏】,
418,レッドストライプ改,
419,角竜剣ターリアラート,
420,キングテスカブレイド,
421,ブラックミラブレイド,
422,ミラアンセスブレイド,
423,カースオブキャット,
424,ブルタスクハンマー,
425,コーンヘッドハンマ改,
426,ナナ＝トリ,
427,イカリクラッシャーＦ,
428,スイ【狼】,
429,エンシェントブロウ,
430,角竜鎚カオスレンダー,
431,エンシェントレリック,
432,バサルバッシュ,
433,コロサル＝ダオラ,
434,しろねこハンマー,
435,くろねこハンマー,
436,きんねこハンマー,
437,キングロブスタンプ,
438,バイオレンスジョー,
439,ボーンクロウランス改,
440,テリオス＝ダオラ,
441,ツキサシ,
442,ホウテンゲキ【狼】,
443,撃竜槍【吽】,
444,雷槍【タケミカヅチ】,
445,テオ＝ロア,
446,封龍槍【刹那】,
447,エメラルドスピア改,
448,ストラテジー,
449,豪剣アグニ,
450,クイーンレイピア,
451,エストレモ＝ダオラ,
452,ハイフロストエッジ,
453,独龍剣【蒼鬼】,
454,ツルギ【狼】,
455,クックツインズ改,
456,ファンキーボンボン,
457,ヤツザキ,
458,テッセン【狼】,
459,紅蓮双刃,
460,双剣オオナズチ,
461,ハイランポスクロウズ,
462,双剣ニールイタメール,
463,双影剣,
464,ルーキーナイフ,
465,祖龍ノ剣【月光】,
466,軍刀【獅子炎王】,
467,ディーレイ,
468,ドスファングダガー,
469,メラルーガジェット,
470,大鐘シェンガオレン,
471,煌竜剣,
472,スティールスネークⅢ,
473,ミラバスター,
474,蛇剣【毒蛾】,
475,バルカンバスター,
476,ミラアンセスバスター,
477,シェルハンマー,
478,飛竜刀【葵】,
479,大骨,
480,ディオミディア,
481,メルトライジング,
482,シェンスーベイハオ,
483,ブラックルス＝ブラン,
484,大長老の脇差,
485,ダイオーガー,
486,ベータナイフ【紅】,
487,ベータナイフ【蒼】,
488,どんぐりスティック,
489,ダブルベータ,
490,水晶大剣,
491,インクリュージョン,
492,フローレス,
493,どんぐりロッド,
494,フェアネス,
495,スリープボール,
496,スリープボール,
497,スリープボール,
498,スリープボール,
499,スリープボール,
500,スリープボール,
501,スリープボール,
502,スリープボール,
503,フェザーナイフ,
504,フェザーソード,
505,アースパルス,
506,アースブリーズ,
507,ピックブレイド,
508,ビークブレイド,
509,炎斬【溶】,
510,炎斬【灼】,
511,デザートガンランス,
512,デザートキャノン,
513,ラヴァガンランス,
514,ラヴァキャノン,
515,フェザーホイッスル,
516,ヒュプノホイッスル,
517,ラヴァアルパ,
518,ギアノスクロウズ,
519,ギアノスクロウズ改,
520,アンフィスバエナ,
521,白猿薙,
522,白猿薙【ドド】,
523,白猿薙【ドドド】,
524,骨銃槍,
525,大骨銃槍,
526,竜骨銃槍,
527,ライトバング,
528,ライトバング改,
529,チルドファング,
530,チルドファング改,
531,クーラーダガー,
532,アイシクルダガー,
533,鉄刀【氷刃】,
534,キャピラリーランス,
535,ドリッピングランス,
536,クリスタルランス,
537,コールドランス,
538,フロストランス,
539,アイスハンマー,
540,フローズンハンマー,
541,ボーンアクス改,
542,ランポスバルーン,
543,ランポスバルーン改,
544,ドスランポスバルーン,
545,ストーンバグパイプ,
546,ライトバグパイプ,
547,ハードバグパイプ,
548,フルミナントソード,
549,フルミナントブレイド,
550,スノウギア,
551,スノウギア＝セカンド,
552,スノウギア＝ドライブ,
553,マリンフィッシャー,
554,ディープフィッシャー,
555,ディープオーシャン,
556,海王槍リヴァイアサン,
557,アベレージヒッター,
558,グランドスラム,
559,ギアノスバルーン,
560,ギアノスバルーン改,
561,ドスギアバルーン,
562,ガンズ＝ロック,
563,ガンズ＝ロックⅡ,
564,ヴォルカニックロック,
565,ピザピール,
566,スネークバイト,
567,スネークバイト改,
568,奇面族の毒鉈,
569,奇剣チャチャブー,
570,包丁,
571,鉄人包丁,
572,千年包丁,
573,食いしん坊セット,
574,シエロツール,
575,アイルー君メラルー君,
576,蛇槍【ナーガ】,
577,蛇槍【ヴリトラ】,
578,ワイルドボーランス,
579,ワイルドボーランス改,
580,猛槍ドスファンゴ,
581,フレグランス,
582,フレグランス改,
583,ノーブルフレグランス,
584,プライマルスピア,
585,バキュームスティック,
586,ハイパーバキューム,
587,グレイトフルハム,
588,ハムオブハムズ,
589,黒鍋【好吃】,
590,銀鍋【喜】,
591,銀鍋【喜喜】,
592,黒鍋【真好吃】,
593,さぼてんハンマー,
594,グリーンモンスター,
595,サクラノリコーダー,
596,ゴルトリコーダー,
597,クックフューリー,
598,クックプラニティ,
599,ドラグエッタ,
600,ユニエッタ,
601,フェザーエッジ,
602,アイギスガード,
603,アイギスガード改,
604,アイギスシールド,
605,アイギスブレス,
606,グランブレイド,
607,ねこにゃふスティック,
608,スティールリザードⅡ,
609,サタンブローバ,
610,ゲインブローバ,
611,ソードシールド,
612,ソードシールド改,
613,エッジシールド,
614,インビジブルシールド,
615,ニンジャソード【影】,
616,ニンジャソード【忍】,
617,スティールリザードⅢ,
618,ガノセクター,
619,ハイガノセクター,
620,伝説の双炎刃,
621,強化型機械鋸,
622,ブリザードファング,
623,インセクトメイジ,
624,ピッケル【命】,
625,ザザミクロウズ,
626,折れた鉈,
627,ハイイーオスクロウズ,
628,双影剣【匠】,
629,アイスブレイカー,
630,アイスディバイダー,
631,アイスディバイダー改,
632,フロストブレイド,
633,ヘルファイア,
634,スコーチャー,
635,ヒュプノブレイド,
636,ナルコレプター,
637,レイトウ本マグロ,
638,レイトウ銀マグロ,
639,レイトウ金マグロ,
640,蒼刃剣ガノトトス改,
641,蛇剣【銀蛇】,
642,炎斬【煉】,
643,封龍刀【破】,
644,封龍刀【裂破】,
645,水斬【壱段】,
646,水斬【弐段】,
647,水斬【参段】,
648,焔灼,
649,烈火,
650,焔ノ閃,
651,ユグドラシル,
652,ブロスペイン,
653,ニーズヘッグ,
654,ジェイドランス,
655,龍王騎槍ゲイボルガ,
656,アングリーホーン,
657,レイジングホーン,
658,ヴェンデッタ,
659,紅蓮銃槍,
660,バーンガンランス,
661,ヒートブラスター,
662,ラヴァゲイザー,
663,チェーンガンランス,
664,キャメルガンランス,
665,ショットガンランス,
666,バズーカガンランス,
667,キャノンランス,
668,八式機械槍,
669,ヘルファング,
670,ファランクス,
671,十式機械槍,
672,十六式機械槍,
673,エクステンシオン,
674,フレイムガンランス,
675,ワイルドガンランス,
676,バリアントガンランス,
677,ウォークライ,
678,マカライトインパクト,
679,ドラグライトハンマー,
680,ユニオンインパクト,
681,フロストブレイカー,
682,ディジェネレーター,
683,クックグラッジ,
684,怪鎚イャンクック,
685,グレートボーンアクス,
686,ブルータスアクス,
687,ライオット,
688,クラブハンマー,
689,ハイドロスタンプ,
690,ブルーハンマー,
691,アクエリアンハンマー,
692,氷塊,
693,大氷塊,
694,ドスブルハンマー,
695,スティールバイソンⅠ,
696,スティールスネークⅠ,
697,ヒュプノクラリネット,
698,ウィングクラリネット,
699,ラヴァアルパ改,
700,猫笛,
701,九九式トランペット,
702,ガルルガフルス,
703,ゲネポスバルーン,
704,イーオスバルーン,
705,レックスクロウ,
706,轟剣【虎眼】,
707,大鬼金棒【力王】,
708,レックスライサー,
709,轟爪【虎血】,
710,覇爪アムルカムトルム,
711,レスヘカーテ,
712,ラーズヘカーテ,
713,雷双,
714,ツインドレスソード,
715,ハイゲネポスクロウズ,
716,火焔双刃,
717,朧火双刃,
718,ティガノアギト,
719,轟大剣【王虎】,
720,ブロンズホオビー,
721,ガオレンズホオビー,
722,ティガノタチ,
723,轟刀【虎徹】,
724,覇刀タンネカムトルム,
725,ティガスティンガー,
726,轟槍【独虎】,
727,ティガバースト,
728,轟銃槍【虎砲】,
729,覇銃槍アペカムトルム,
730,ファーブレイカー,
731,ドラグヴァイス,
732,アルカトラズ,
733,ストライプストライク,
734,轟槌【虎丸】,
735,ストライプドラゴング,
736,轟鼓【虎鐘】,
737,覇笛ハウカムトルム,
738,長滅槍ディアブロス,
739,スティールリザードⅠ,
740,ベータソード【黒】,
741,ストームガンランス,
742,ドスファングダガー改,
743,フェザーエッジ改,
744,呪魂－改,
745,モノブロスクラブ改,
746,真・ブロスブロス,
747,ヤツザキ改,
748,ファンキーボンボン改,
749,メルトバーサーカー,
750,ストラテジー改,
751,真・竜ノ顎－改,
752,ナルコレプター改,
753,処罰者の凶斧,
754,鎌威太刀－改,
755,黒刀【天ノ型】,
756,ダイミョウカッター改,
757,飛竜刀【柚葉】,
758,ダイオーガー改,
759,豪槍グラビモス改,
760,トライデント改,
761,プロミネンスピラー改,
762,竜骨銃槍－改,
763,ヒートブラスター改,
764,ラヴァゲイザー改,
765,ウォークライ改,
766,巨大氷塊,
767,ドスブルハンマー改,
768,タツジンハンマー改,
769,イカリデストロイヤー,
770,グレートバグパイプ改,
771,ラヴァカンテレ,
772,ウォーコンガ改,
773,クイーンビードロー改,
774,ピッケル【炎魂】,
775,メンボウ,
776,トギシラズ,
777,鍛錬刀【初段】,
778,隠刀【琵琶】,
779,モスインパクト,
780,肉球ハンマー,
781,斬鬼薙刀,
782,アイスリーパー,
783,タツジンランス改,
784,バサルバッシュ改,
785,鬼鉄丸【怒】,
786,ラヴァシタール,
787,ウィングオーボワ,
788,封龍宝剣【虚空】,
789,ザザミクロウズ改,
790,双雷神剣キリン,
791,アンフィスバエナ改,
792,蛇剣【壷毒】,
793,スコーチャー改,
794,ザンシュトウ【猛禽】,
795,インペリアルソード改,
796,飛竜刀【茜】,
797,三千世界無双刀,
798,正式採用機械槍改,
799,封龍槍【閃】,
800,ブラックテンペスト改,
801,グレートスラッガー,
802,シザーキャノン改,
803,ナナ＝バースト,
804,正式採用機械鎚改,
805,エンシェントパーツ,
806,ブレス・コア改,
807,ブラッドフルート改,
808,マジナイオカリナ改,
809,ゴルトリコーダー改,
810,ナナ＝シャイン,
811,ナナ＝ブレス,
812,ビッグバンソード,
813,蒼煌剣リオレウス,
814,召雷宝剣【麒麟王】,
815,鬼神斬破刀【極】,
816,炎斬【獄】,
817,エクディシス改,
818,ホワイトホーン,
819,ヴェンデッタ改,
820,ガウシカホルン,
821,ガウシカフルート,
822,ガウシカオーボワ,
823,羽子板ブレイド,
824,ピンクリザード【桃】,
825,バンナウェイ,
826,ボルケノカンテレ,
827,クリムゾンゲイザー,
828,ピンクリザード【桜】,
829,ダオラ＝プレミアム,
830,祖龍聖剣【暁】,
831,クロームレクイエム,
832,ドスパライズ,
833,ドスドスパライズ,
834,ドスドスドスパライズ,
835,ホワイトフェザー,
836,ホワイトフリューゲル,
837,ヘビィスリーパー,
838,ディープスリーパー,
839,ホワイトサンズ,
840,ホワイトガンズ,
841,ナルコクラリネット,
842,ナルコオーボワ,
843,ダークネス,
844,ツラヌキ,
845,黒刀【地ノ型】,
846,バブルシェーバー,
847,バンナウェイ改,
848,紅炎刃【溶】,
849,紅炎刃【灼】,
850,クリムゾンゲイザー改,
851,ボルケノカンテレ改,
852,ローゼンメッサー,
853,ローゼンシュメルツ,
854,ローゼンゲダイエン,
855,ローゼンツァーン,
856,ローゼンナーゲル,
857,ローゼンエーアガイツ,
858,ローゼンブレット,
859,ローゼンテラー,
860,ローゼンクラフト,
861,ローゼンフェーダー,
862,ローゼンフリューゲル,
863,ローゼンヒンメル,
864,ローゼンハンマー,
865,ローゼンファウスト,
866,ローゼンウンヴェッタ,
867,ローゼンギタレ,
868,ローゼンムート,
869,ローゼンゼーレ,
870,ローゼンランツェ,
871,ローゼントゥルム,
872,ローゼンベギールデ,
873,ローゼンカノーネ,
874,ローゼンパンツァー,
875,ローゼンヘルリヒ,
876,工房試作品【牙鋸】,
877,正式採用機械牙鋸,
878,ハイスネークバイト,
879,ホワイトスネーク,
880,クックプラニティ改,
881,クックドハツテン,
882,ＢＣ・スライサーⅠ,
883,ＢＣ・スライサーⅡ,
884,ＢＣ・スライサーⅢ,
885,鳥竜双剣,
886,鳥竜双剣【疾風】,
887,ＶＫ－ＩＳ－Ⅰ,
888,ＶＫ－ＩＳ－Ⅱ,
889,ＶＫ－ＩＳ－Ⅲ,
890,ラバーブレイド,
891,毒怪鳥大剣【劇薬】,
892,バブルシザー,
893,アクアシザー,
894,ギアスオブキャット,
895,羽子板ブレイド【艶】,
896,羽子板ブレイド【萌】,
897,光刀【青】,
898,光刀改【青】,
899,真・光刀【青】,
900,光刀【金】,
901,光刀改【金】,
902,真・光刀【金】,
903,サザナミ,
904,ツナミ,
905,龍木ノ太刀【魔睡】,
906,眠鳥剛槌【熟睡】,
907,眠鳥剛槌【爆睡】,
908,ギフトブロウ,
909,ギフトスマッシュ,
910,ギフトストライク,
911,ねこ手【こそ泥】,
912,ねこ手【盗人】,
913,ねこ手【怪盗】,
914,ザザミカスタネット,
915,ザザミパリージョ,
916,水晶ランス,
917,プレシャスランス,
918,エーベルシュタイン,
919,錫杖槍【日光】,
920,錫杖槍【天照】,
921,フロストランス改,
922,ダイヤモンドダスト,
923,銃槍ガルクック,
924,怪銃槍ガルクック,
925,グリズリーガンランス,
926,フェアネス零式,
927,フェアネス百式,
928,ベータナイフ【蒼】Ⅱ,
929,ベータナイフ【蒼】Ⅲ,
930,ベータナイフ【紅】Ⅱ,
931,ベータナイフ【紅】Ⅲ,
932,どんぐりブレイド,
933,カイデンソード,
934,ダブルベータⅡ,
935,ダブルベータⅢ,
936,カイデンブレイド,
937,カイデンハンマー,
938,カイデンランス,
939,煌竜剣【帝】,
940,フェザーシェーバー,
941,我龍剣【蒼鬼】,
942,ブロスブロスブロス,
943,ザザミシザー,
944,スノーホワイト,
945,テスカイザーブレイド,
946,氷塊大剣【零度】,
947,パニッシャー,
948,神龍木ノ太刀【神降】,
949,神龍木ノ太刀【邪眠】,
950,戦鬼薙刀,
951,祖龍破鎚【砕】,
952,ナナ＝ブレイカー,
953,鬼鉄丸【激昂】,
954,神龍木ノ笛【護神】,
955,猫猫笛笛,
956,マドロミオーボワ,
957,水撃槍【翡翠】,
958,テオ＝コロナ,
959,ツキヌケ,
960,神龍木ノ槍【胎蔵】,
961,スカーレットブーケ,
962,ナナ＝ノヴァ,
963,スティールライノスⅠ,
964,スティールライノスⅡ,
965,スティールライノスⅢ,
966,スティールライノスⅣ,
967,スティールリザードⅣ,
968,スティールバイソンⅣ,
969,スティールスネークⅣ,
970,コルトモナルカ,
971,コルトプリンシペ,
972,真封龍剣【絶一門】,
973,アイスエッジ,
974,爆剣アグニ,
975,カクトスメッサー,
976,カクトスシュメルツ,
977,セトラーナイフ,
978,セトラーエッジ,
979,セトラーソード,
980,セトラーブレイド,
981,どんぐりデストロイ,
982,紅舞碧斬双【風】,
983,紅舞碧斬双【林】,
984,真封龍剣【超絶一門】,
985,業炎双刃,
986,インセクトアーク,
987,カクトスツァーン,
988,カクトスナーゲル,
989,スティールスワロウⅠ,
990,スティールスワロウⅡ,
991,スティールスワロウⅢ,
992,スティールスワロウⅣ,
993,ラルゴエスパーダ,
994,グランデエスパーダ,
995,真封龍剣【超滅一門】,
996,水竜大剣【蒼鯱】,
997,キングナルコレプター,
998,カクトスブレット,
999,カクトステラー,
1000,ロイヤルフローレス,
1001,デルガード,
1002,ビボデルガード,
1003,真封龍刀【裂破】,
1004,炎斬【獄焔】,
1005,三千大千世界無双刀,
1006,カクトスフェーダー,
1007,カクトスフリューゲル,
1008,光刀【青】,
1009,光刀改【青】,
1010,真・光刀【青】,
1011,光刀【金】,
1012,光刀改【金】,
1013,真・光刀【金】,
1014,グリッターエッジ,
1015,グリッターブレイド,
1016,グリッターエスパーダ,
1017,ディスグリッター,
1018,ファイアフェイト,
1019,ブレイズフェイト,
1020,バーンフェイト,
1021,フラムフェイト,
1022,ウォータフェイト,
1023,デューフェイト,
1024,ティアフェイト,
1025,アクアフェイト,
1026,スパークフェイト,
1027,サンダーフェイト,
1028,ライトニングフェイト,
1029,ストームフェイト,
1030,アイスフェイト,
1031,フロストフェイト,
1032,フリーズフェイト,
1033,ゼロフェイト,
1034,クロスエッジ,
1035,クロスブレイド,
1036,クロスエスパーダ,
1037,グランドクロス,
1038,ファービーク,
1039,ファーブロウ,
1040,アクエリアンボム,
1041,ダオラ＝エンデ,
1042,ジェノサイド・コア,
1043,カクトスハンマー,
1044,カクトスファウスト,
1045,グーゴー,
1046,バトルグーゴー,
1047,ラヴァビエント,
1048,ブラッドオーボワ,
1049,ウォーサンジュ,
1050,カクトスギタレ,
1051,カクトスムート,
1052,ガウシカウインド,
1053,長槍ディアブロス,
1054,長激槍ディアブロス,
1055,ロイヤルフレグランス,
1056,ライトニングホーン,
1057,ホワイトトランク,
1058,カクトスランツェ,
1059,カクトストゥルム,
1060,シュースカノーネ,
1061,ガンブロス,
1062,ナパームブロス,
1063,ヘルニードル,
1064,タワーオブプラズマ,
1065,三十二式機械槍,
1066,カクトスカノーネ,
1067,カクトスパンツァー,
1068,スティールホークⅠ,
1069,スティールホークⅡ,
1070,スティールホークⅢ,
1071,スティールホークⅣ,
1072,コルトレイ,
1073,コルトエンペラドール,
1074,紅舞碧斬双【火】,
1075,紅舞碧斬双【山】,
1076,ルスデルガード,
1077,ブエノデルガード,
1078,ファーストライク,
1079,ファーインパクト,
1080,バトルグーゴー改,
1081,グランドグーゴー,
1082,ヴァシムナイフ,
1083,ヴァシムダガー,
1084,ヴァシムエッジ,
1085,ザンブレイド【天】,
1086,ザンブレイド【明王】,
1087,ザンブレイド【菩薩】,
1088,ザンブレイド【如来】,
1089,雷神宝剣キリンオー,
1090,グレートオデッセイ,
1091,メンボウ改,
1092,赤メンボウ,
1093,メモリアルナイフ,
1094,メモリアルエッジ,
1095,メモリアルソード,
1096,メモリアルブレイド,
1097,バインドメイス,
1098,バインドメイス【改】,
1099,バインドメイス【真】,
1100,バインドメイス【極】,
1101,ポルタメイスⅠ【青】,
1102,ポルタメイスⅡ【青】,
1103,ポルタメイスⅢ【青】,
1104,ゴーム・グラス,
1105,ポルタメイスⅠ【赤】,
1106,ポルタメイスⅡ【赤】,
1107,ポルタメイスⅢ【赤】,
1108,クラウ・ソラス,
1109,鬼貫棒【偉丈夫】,
1110,ダミー,
1111,鬼貫棒【破天荒】,
1112,鬼貫棒【怒髪天】,
1113,ポルタメイスⅠ【黄】,
1114,ポルタメイスⅡ【黄】,
1115,ポルタメイスⅢ【黄】,
1116,オートクレール,
1117,ポルタメイスⅠ【紫】,
1118,ポルタメイスⅡ【紫】,
1119,ポルタメイスⅢ【紫】,
1120,アイムール,
1121,ヴァシムクロウズ,
1122,ヴァシムスライサー,
1123,ヴァシムセーバー,
1124,ブルーシザー,
1125,コバルトシザー,
1126,轟雷双,
1127,霞斬剣,
1128,霞斬剣【憧】,
1129,霞斬剣【慈】,
1130,霞斬剣【絆】,
1131,ヴァシムソード,
1132,ヴァシムブレイド,
1133,ヴァシムブレイカー,
1134,クルツシュヴェーア,
1135,クルツシルトパット,
1136,クルツアンバー,
1137,クルツゲヴィヒト,
1138,召雷宝剣【麒麟帝】,
1139,トギシラズ改,
1140,トワニトギシラズ,
1141,水晶大剣【黒】,
1142,クリスタルゼイレム,
1143,ブラックフローレス,
1144,モリオンフローレス,
1145,水晶大剣【白】,
1146,クリスタルホノレム,
1147,ホワイトフローレス,
1148,ピュアフローレス,
1149,ナナブレイド【炎妃】,
1150,ナナブレイド【公妃】,
1151,ナナブレイド【王妃】,
1152,ナナブレイド【皇妃】,
1153,ＶＫ－ＩＳ－Ⅳ,
1154,大薙刀【巴】,
1155,大薙刀【静】,
1156,水斬【最終段】,
1157,白猿薙【ドドドド】,
1158,鍛錬刀【二段】,
1159,鍛錬刀【三段】,
1160,隠刀【月影琴】,
1161,隠刀【終焉ノ唱】,
1162,エクエスエッジ,
1163,エクエスブレイド,
1164,エクエスエスパーダ,
1165,エルフェンバイン,
1166,ストレガエッジ,
1167,ストレガブレイド,
1168,ストレガエスパーダ,
1169,シュヴァルツペルレ,
1170,ヴァシムハンマー,
1171,ヴァシムロック,
1172,ヴァシムインパクト,
1173,大鎧鎚【壊】,
1174,大鎧鎚【砕】,
1175,大鎧鎚【潰】,
1176,大鎧鎚【滅】,
1177,鬼鉄丸【憤怒】,
1178,ドスブルザグレート,
1179,モスインパクト改,
1180,ディープモスブロー,
1181,肉球ハンマー改,
1182,驚愕の肉球ハンマー,
1183,エンタシスブロウ,
1184,エンタシスバッシュ,
1185,エンタシスブレイク,
1186,エンタシスバースト,
1187,シルバーウインド,
1188,シルバーソウル,
1189,ハイイーオスバルーン,
1190,ハイゲネポスバルーン,
1191,ヴァシムランス,
1192,ヴァシムスピア,
1193,ヴァシムホーン,
1194,黒狼槍【忌】,
1195,黒狼槍【凶】,
1196,黒狼槍【邪】,
1197,黒狼槍【狂】,
1198,マグヌス＝ダオラ,
1199,ヴェントカミーノ,
1200,テンペスタカミーノ,
1201,スノウギア＝トップ,
1202,三十二式機械槍改,
1203,火竜銃槍,
1204,火竜銃槍【酸撃】,
1205,火竜銃槍【黒烈】,
1206,火竜銃槍【閃紅】,
1207,ポイズンハート,
1208,猛毒長剣ゲリョス,
1209,コルトティラーノ,
1210,風林火山,
1211,ナナブレイド【神妃】,
1212,光刀・極【青】,
1213,光刀・極【金】,
1214,光刀・極【青】,
1215,光刀・極【金】,
1216,フエルサエスパーダ,
1217,カクトスゲダイエン,
1218,カクトスエーアガイツ,
1219,カクトスクラフト,
1220,カクトスヒンメル,
1221,カクトスウンヴェッタ,
1222,カクトスゼーレ,
1223,カクトスベギールデ,
1224,カクトスヘルリヒ,
1225,ジェビアナイフ,
1226,ジェビアダガー,
1227,ジェビアエッジ,
1228,ジェビアクロウズ,
1229,ジェビアスライサー,
1230,ジェビアセーバー,
1231,ジェビアソード,
1232,ジェビアブレイド,
1233,ジェビアブレイカー,
1234,ジェビアハンマー,
1235,ジェビアロック,
1236,ジェビアインパクト,
1237,ジェビアランス,
1238,ジェビアスピア,
1239,ジェビアホーン,
1240,モノブロスソウル,
1241,モイストカリンガ,
1242,フォンスカリンガ,
1243,ラクスカリンガ,
1244,ベータナイフ【黄】,
1245,ベータナイフ【黄】Ⅱ,
1246,ベータナイフ【黄】Ⅲ,
1247,アミクスソード,
1248,イギニスソード,
1249,イギニススライサー,
1250,イギニスブレイド,
1251,イギニスＧブレイド,
1252,トニトルスソード,
1253,トニトルススライサー,
1254,トニトルスブレイド,
1255,トニトルスＧブレイド,
1256,アクアソード,
1257,アクアスライサー,
1258,アクアブレイド,
1259,アクアＧブレイド,
1260,珠剣【氷】,
1261,珠剣【永凍】,
1262,珠剣【絶零】,
1263,ミステルテイン,
1264,珠剣【火】,
1265,珠剣【紅蓮】,
1266,珠剣【煉獄】,
1267,レーヴァテイン,
1268,レウスクロウズ,
1269,レウスデスクロウズ,
1270,鋼龍双,
1271,ラファール＝ダオラ,
1272,メルトコマンダー,
1273,ニフリート,
1274,ニフリートウーム,
1275,ニフリートドゥーフ,
1276,ニフリートドゥシャー,
1277,ヘルフレイム,
1278,奇王剣【悪戯】,
1279,奇王剣【妙戯】,
1280,奇王剣【絶戯】,
1281,奇王剣【神戯】,
1282,スティールシャークⅠ,
1283,スティールシャークⅡ,
1284,スティールシャークⅢ,
1285,スティールシャークⅣ,
1286,ヴァシムレイザー,
1287,ヴァシムシェーバー,
1288,ヴァシムソニック,
1289,ジェビアレイザー,
1290,ジェビアシェーバー,
1291,ジェビアソニック,
1292,シュトウ,
1293,シュトウ=タケワリ,
1294,シュトウ=コオリワリ,
1295,シュトウ=ビンギリ,
1296,幻雷刀【麒麟】,
1297,幻雷刀【聳弧】,
1298,焔斬刃,
1299,秘刀【雷】,
1300,秘刀【紫電】,
1301,秘刀【雷神】,
1302,フレスヴェルグ,
1303,ヴァイスハンマー,
1304,ドスヴァイスハンマー,
1305,ギガヴァイスハンマー,
1306,デスヴァイスハンマー,
1307,カサンドラ,
1308,工房試作品撃龍鎚,
1309,正式採用撃龍鎚,
1310,正式採用撃龍鎚改,
1311,最新型撃龍鎚【壊貫】,
1312,幻雷笛【雷鼓】,
1313,幻雷笛【天鼓】,
1314,ヘビィバグパイプ,
1315,スティールアクリスⅠ,
1316,スティールアクリスⅡ,
1317,スティールアクリスⅢ,
1318,スティールアクリスⅣ,
1319,サリッサ,
1320,スピラサリッサ,
1321,エリュトロン,
1322,クルッセファランクス,
1323,ブラッディブロス,
1324,スティールセーピアⅠ,
1325,スティールセーピアⅡ,
1326,スティールセーピアⅢ,
1327,スティールセーピアⅣ,
1328,トライガンランス,
1329,トライファイア,
1330,龍骨銃槍,
1331,アミクスエッジ,
1332,アミクスブレイド,
1333,ダミー,
1334,ダミー,
1335,ダミー,
1336,片手剣,
1337,双剣,
1338,大剣,
1339,太刀,
1340,ハンマー,
1341,狩猟笛,
1342,ランス,
1343,ガンランス,
1344,舞雷剣【飛燕】,
1345,舞雷剣【隼】,
1346,真舞雷剣【鸞】,
1347,舞雷大剣【大鷲】,
1348,舞雷大剣【荒鷲】,
1349,真舞雷大剣【銀鷲】,
1350,舞雷笛【鶺鴒】,
1351,舞雷笛【鶯】,
1352,真舞雷笛【雲雀】,
1353,舞雷銃槍【軍鶏】,
1354,舞雷銃槍【火食鳥】,
1355,真舞雷銃槍【孔雀】,
1356,炎王剣【陽炎】,
1357,炎王剣【爆龍】,
1358,シヌスカリンガ,
1359,イフリートスラッシュ,
1360,ドスファングエッジ,
1361,シエロウーノ,
1362,シエロドス,
1363,シエロトレス,
1364,シエロクワトロ,
1365,キャラバンソードⅠ,
1366,キャラバンソードⅡ,
1367,キャラバンソードⅢ,
1368,キャラバンソードⅣ,
1369,キャラバンソードⅤ,
1370,ドラグレイピア,
1371,ドラグレイピア・改,
1372,ドラグーン・ロペラ,
1373,ヴェノムドラグーン,
1374,ウォータレイピア,
1375,ウォータレイピア・改,
1376,ヒュドール・ロペラ,
1377,ヴァッサーパライズ,
1378,ヴェダナイフ,
1379,ヴェドソード,
1380,ヴェドウルフ,
1381,ヴェルフェルフ,
1382,サフィールリザードⅠ,
1383,サフィールリザードⅡ,
1384,サフィールリザードⅢ,
1385,サフィールリザードⅣ,
1386,黒狼双刃【唯】,
1387,黒狼双刃【我】,
1388,黒狼双刃【独】,
1389,黒狼双刃【尊】,
1390,シルバークロウズ,
1391,シルバーデスクロウズ,
1392,ツイン羽子板,
1393,ツイン羽子板【艶】,
1394,ツイン羽子板【萌】,
1395,ツイン羽子板【麗】,
1396,キール,
1397,アインキール,
1398,ヴェインキール,
1399,エインヘルヤル,
1400,,
1401,,
1402,,
1403,,
1404,,
1405,,
1406,,
1407,炎王獄剣【塵界】,
1408,ドドンガ・シザー,
1409,ドドンガ・リッパー,
1410,炎王獄大剣【破王】,
1411,炎王獄大剣【滅帝】,
1412,ドドンガ・トウ,
1413,ドドンガ・オオタチ,
1414,炎王獄鎚【炎岳】,
1415,炎王獄鎚【焦土】,
1416,真冥雷獄笛【鶯】,
1417,真冥雷獄笛【翡翠】,
1418,真冥雷獄槍【鴛】,
1419,真冥雷獄槍【鵆】,
1420,ドドンガ・ズドドドン,
1421,烈閃剣リュミエーラ,
1422,烈閃大剣アルスムンス,
1423,烈閃刀ルカスソリス,
1424,烈閃笛ライオジソル,
1425,烈閃槍イリヤフィース,
1426,アトモ＝ダオラ,
1427,怒髪獄大鎚【莫浪】,
1428,パリンジャー白茶,
1429,パリンジャー改白茶,
1430,パリンジャイン白茶,
1431,パリンジャー白苺,
1432,パリンジャー改白苺,
1433,パリンジャイン白苺,
1434,パリンジャー茶緑,
1435,パリンジャー改茶緑,
1436,パリンジャイン茶緑,
1437,パリンジャー苺茶,
1438,パリンジャー改苺茶,
1439,パリンジャイン苺茶,
1440,Ｓパリンジャー茶茶,
1441,Ｓパリンジャー改茶茶,
1442,Ｓパリンジャイン茶茶,
1443,Ｓパリンジャー苺苺,
1444,Ｓパリンジャー改苺苺,
1445,Ｓパリンジャイン苺苺,
1446,レザーヌⅠ,
1447,レザーヌⅡ,
1448,レザーヌⅢ,
1449,刻竜銃槍【猛火】,
1450,刻竜銃槍【止水】,
1451,刻竜銃槍【落雷】,
1452,刻竜銃槍【咆哮】,
1453,刻竜銃槍【氷結】,
1454,刻竜銃槍【爆炎】,
1455,刻竜銃槍【流水】,
1456,刻竜銃槍【轟雷】,
1457,刻竜銃槍【逆鱗】,
1458,刻竜銃槍【砕氷】,
1459,レティノⅠ,
1460,レティノⅡ,
1461,レティノⅢ,
1462,刻竜鎚【猛火】,
1463,刻竜鎚【止水】,
1464,刻竜鎚【落雷】,
1465,刻竜鎚【咆哮】,
1466,刻竜鎚【氷結】,
1467,刻竜鎚【爆炎】,
1468,刻竜鎚【流水】,
1469,刻竜鎚【轟雷】,
1470,刻竜鎚【逆鱗】,
1471,刻竜鎚【砕氷】,
1472,エスティーク,
1473,エンドゥガー,
1474,エスタラーマ,
1475,エンデューニ,
1476,緊縛双刃アイルー改,
1477,獄炎双刃メラルー改,
1478,ジリーノ＝テンポ,
1479,テタール＝テンポ,
1480,,
1481,,
1482,,
1483,,
1484,,
1485,,
1486,,
1487,,
1488,,
1489,,
1490,,
1491,,
1492,,
1493,,
1494,,
1495,,
1496,,
1497,,
1498,,
1499,,
1500,マスターカリンガSPⅠ,
1501,マスターカリンガSPⅡ,
1502,マスターカリンガSPⅢ,
1503,マスターカリンガSPⅣ,
1504,マスターカリンガSPⅤ,
1505,マスターカリンガSPⅥ,
1506,マスターカリンガSPⅦ,
1507,ダークプリンセスSPⅠ,
1508,ダークプリンセスSPⅡ,
1509,ダークプリンセスSPⅢ,
1510,ダークプリンセスSPⅣ,
1511,ダークプリンセスSPⅤ,
1512,ダークプリンセスSPⅥ,
1513,ダークプリンセスSPⅦ,
1514,エメラルドエッジSPⅠ,
1515,エメラルドエッジSPⅡ,
1516,エメラルドエッジSPⅢ,
1517,エメラルドエッジSPⅣ,
1518,エメラルドエッジSPⅤ,
1519,エメラルドエッジSPⅥ,
1520,エメラルドエッジSPⅦ,
1521,ふくにゃんぼうSPⅠ,
1522,ふくにゃんぼうSPⅡ,
1523,ふくにゃんぼうSPⅢ,
1524,ふくにゃんぼうSPⅣ,
1525,ふくにゃんぼうSPⅤ,
1526,ふくにゃんぼうSPⅥ,
1527,ふくにゃんぼうSPⅦ,
1528,エクセレッタSPⅠ,
1529,エクセレッタSPⅡ,
1530,エクセレッタSPⅢ,
1531,エクセレッタSPⅣ,
1532,エクセレッタSPⅤ,
1533,エクセレッタSPⅥ,
1534,エクセレッタSPⅦ,
1535,カーネルソードSPⅠ,
1536,カーネルソードSPⅡ,
1537,カーネルソードSPⅢ,
1538,カーネルソードSPⅣ,
1539,カーネルソードSPⅤ,
1540,カーネルソードSPⅥ,
1541,カーネルソードSPⅦ,
1542,フレアSPⅠ,
1543,フレアSPⅡ,
1544,フレアSPⅢ,
1545,フレアSPⅣ,
1546,フレアSPⅤ,
1547,フレアSPⅥ,
1548,フレアSPⅦ,
1549,ガノツインレザーSPⅠ,
1550,ガノツインレザーSPⅡ,
1551,ガノツインレザーSPⅢ,
1552,ガノツインレザーSPⅣ,
1553,ガノツインレザーSPⅤ,
1554,ガノツインレザーSPⅥ,
1555,ガノツインレザーSPⅦ,
1556,オーダーサーブルSPⅠ,
1557,オーダーサーブルSPⅡ,
1558,オーダーサーブルSPⅢ,
1559,オーダーサーブルSPⅣ,
1560,オーダーサーブルSPⅤ,
1561,オーダーサーブルSPⅥ,
1562,オーダーサーブルSPⅦ,
1563,ガリュウテッセンSPⅠ,
1564,ガリュウテッセンSPⅡ,
1565,ガリュウテッセンSPⅢ,
1566,ガリュウテッセンSPⅣ,
1567,ガリュウテッセンSPⅤ,
1568,ガリュウテッセンSPⅥ,
1569,ガリュウテッセンSPⅦ,
1570,キーウィボンボンSPⅠ,
1571,キーウィボンボンSPⅡ,
1572,キーウィボンボンSPⅢ,
1573,キーウィボンボンSPⅣ,
1574,キーウィボンボンSPⅤ,
1575,キーウィボンボンSPⅥ,
1576,キーウィボンボンSPⅦ,
1577,タイフェンSPⅠ,
1578,タイフェンSPⅡ,
1579,タイフェンSPⅢ,
1580,タイフェンSPⅣ,
1581,タイフェンSPⅤ,
1582,タイフェンSPⅥ,
1583,タイフェンSPⅦ,
1584,特別仕様機械鋸SPⅠ,
1585,特別仕様機械鋸SPⅡ,
1586,特別仕様機械鋸SPⅢ,
1587,特別仕様機械鋸SPⅣ,
1588,特別仕様機械鋸SPⅤ,
1589,特別仕様機械鋸SPⅥ,
1590,特別仕様機械鋸SPⅦ,
1591,サンライズエッジSPⅠ,
1592,サンライズエッジSPⅡ,
1593,サンライズエッジSPⅢ,
1594,サンライズエッジSPⅣ,
1595,サンライズエッジSPⅤ,
1596,サンライズエッジSPⅥ,
1597,サンライズエッジSPⅦ,
1598,タルタロスSPⅠ,
1599,タルタロスSPⅡ,
1600,タルタロスSPⅢ,
1601,タルタロスSPⅣ,
1602,タルタロスSPⅤ,
1603,タルタロスSPⅥ,
1604,タルタロスSPⅦ,
1605,ブロンズブレイズSPⅠ,
1606,ブロンズブレイズSPⅡ,
1607,ブロンズブレイズSPⅢ,
1608,ブロンズブレイズSPⅣ,
1609,ブロンズブレイズSPⅤ,
1610,ブロンズブレイズSPⅥ,
1611,ブロンズブレイズSPⅦ,
1612,カーネルブレイドSPⅠ,
1613,カーネルブレイドSPⅡ,
1614,カーネルブレイドSPⅢ,
1615,カーネルブレイドSPⅣ,
1616,カーネルブレイドSPⅤ,
1617,カーネルブレイドSPⅥ,
1618,カーネルブレイドSPⅦ,
1619,ケイオスパルスSPⅠ,
1620,ケイオスパルスSPⅡ,
1621,ケイオスパルスSPⅢ,
1622,ケイオスパルスSPⅣ,
1623,ケイオスパルスSPⅤ,
1624,ケイオスパルスSPⅥ,
1625,ケイオスパルスSPⅦ,
1626,フルミネスソードSPⅠ,
1627,フルミネスソードSPⅡ,
1628,フルミネスソードSPⅢ,
1629,フルミネスソードSPⅣ,
1630,フルミネスソードSPⅤ,
1631,フルミネスソードSPⅥ,
1632,フルミネスソードSPⅦ,
1633,アンバーフロストSPⅠ,
1634,アンバーフロストSPⅡ,
1635,アンバーフロストSPⅢ,
1636,アンバーフロストSPⅣ,
1637,アンバーフロストSPⅤ,
1638,アンバーフロストSPⅥ,
1639,アンバーフロストSPⅦ,
1640,ハルムベルテSPⅠ,
1641,ハルムベルテSPⅡ,
1642,ハルムベルテSPⅢ,
1643,ハルムベルテSPⅣ,
1644,ハルムベルテSPⅤ,
1645,ハルムベルテSPⅥ,
1646,ハルムベルテSPⅦ,
1647,ダイモンブレードSPⅠ,
1648,ダイモンブレードSPⅡ,
1649,ダイモンブレードSPⅢ,
1650,ダイモンブレードSPⅣ,
1651,ダイモンブレードSPⅤ,
1652,ダイモンブレードSPⅥ,
1653,ダイモンブレードSPⅦ,
1654,風神斬魔刀SPⅠ,
1655,風神斬魔刀SPⅡ,
1656,風神斬魔刀SPⅢ,
1657,風神斬魔刀SPⅣ,
1658,風神斬魔刀SPⅤ,
1659,風神斬魔刀SPⅥ,
1660,風神斬魔刀SPⅦ,
1661,金色刀SPⅠ,
1662,金色刀SPⅡ,
1663,金色刀SPⅢ,
1664,金色刀SPⅣ,
1665,金色刀SPⅤ,
1666,金色刀SPⅥ,
1667,金色刀SPⅦ,
1668,天上天下無頼刀SPⅠ,
1669,天上天下無頼刀SPⅡ,
1670,天上天下無頼刀SPⅢ,
1671,天上天下無頼刀SPⅣ,
1672,天上天下無頼刀SPⅤ,
1673,天上天下無頼刀SPⅥ,
1674,天上天下無頼刀SPⅦ,
1675,ピンクマンティスSPⅠ,
1676,ピンクマンティスSPⅡ,
1677,ピンクマンティスSPⅢ,
1678,ピンクマンティスSPⅣ,
1679,ピンクマンティスSPⅤ,
1680,ピンクマンティスSPⅥ,
1681,ピンクマンティスSPⅦ,
1682,紫焔斬SPⅠ,
1683,紫焔斬SPⅡ,
1684,紫焔斬SPⅢ,
1685,紫焔斬SPⅣ,
1686,紫焔斬SPⅤ,
1687,紫焔斬SPⅥ,
1688,紫焔斬SPⅦ,
1689,飛竜刀【瑠璃】SPⅠ,
1690,飛竜刀【瑠璃】SPⅡ,
1691,飛竜刀【瑠璃】SPⅢ,
1692,飛竜刀【瑠璃】SPⅣ,
1693,飛竜刀【瑠璃】SPⅤ,
1694,飛竜刀【瑠璃】SPⅥ,
1695,飛竜刀【瑠璃】SPⅦ,
1696,あかねこハンマーSPⅠ,
1697,あかねこハンマーSPⅡ,
1698,あかねこハンマーSPⅢ,
1699,あかねこハンマーSPⅣ,
1700,あかねこハンマーSPⅤ,
1701,あかねこハンマーSPⅥ,
1702,あかねこハンマーSPⅦ,
1703,ギガインパクトSPⅠ,
1704,ギガインパクトSPⅡ,
1705,ギガインパクトSPⅢ,
1706,ギガインパクトSPⅣ,
1707,ギガインパクトSPⅤ,
1708,ギガインパクトSPⅥ,
1709,ギガインパクトSPⅦ,
1710,金色の碇槌SPⅠ,
1711,金色の碇槌SPⅡ,
1712,金色の碇槌SPⅢ,
1713,金色の碇槌SPⅣ,
1714,金色の碇槌SPⅤ,
1715,金色の碇槌SPⅥ,
1716,金色の碇槌SPⅦ,
1717,ネフライトノヴァSPⅠ,
1718,ネフライトノヴァSPⅡ,
1719,ネフライトノヴァSPⅢ,
1720,ネフライトノヴァSPⅣ,
1721,ネフライトノヴァSPⅤ,
1722,ネフライトノヴァSPⅥ,
1723,ネフライトノヴァSPⅦ,
1724,特別仕様機械槌SPⅠ,
1725,特別仕様機械槌SPⅡ,
1726,特別仕様機械槌SPⅢ,
1727,特別仕様機械槌SPⅣ,
1728,特別仕様機械槌SPⅤ,
1729,特別仕様機械槌SPⅥ,
1730,特別仕様機械槌SPⅦ,
1731,デッドバインドSPⅠ,
1732,デッドバインドSPⅡ,
1733,デッドバインドSPⅢ,
1734,デッドバインドSPⅣ,
1735,デッドバインドSPⅤ,
1736,デッドバインドSPⅥ,
1737,デッドバインドSPⅦ,
1738,ピンキーコーンSPⅠ,
1739,ピンキーコーンSPⅡ,
1740,ピンキーコーンSPⅢ,
1741,ピンキーコーンSPⅣ,
1742,ピンキーコーンSPⅤ,
1743,ピンキーコーンSPⅥ,
1744,ピンキーコーンSPⅦ,
1745,アグヌアルパSPⅠ,
1746,アグヌアルパSPⅡ,
1747,アグヌアルパSPⅢ,
1748,アグヌアルパSPⅣ,
1749,アグヌアルパSPⅤ,
1750,アグヌアルパSPⅥ,
1751,アグヌアルパSPⅦ,
1752,ソラノリコーダーSPⅠ,
1753,ソラノリコーダーSPⅡ,
1754,ソラノリコーダーSPⅢ,
1755,ソラノリコーダーSPⅣ,
1756,ソラノリコーダーSPⅤ,
1757,ソラノリコーダーSPⅥ,
1758,ソラノリコーダーSPⅦ,
1759,ガンズ＝ビートSPⅠ,
1760,ガンズ＝ビートSPⅡ,
1761,ガンズ＝ビートSPⅢ,
1762,ガンズ＝ビートSPⅣ,
1763,ガンズ＝ビートSPⅤ,
1764,ガンズ＝ビートSPⅥ,
1765,ガンズ＝ビートSPⅦ,
1766,マッディホルンSPⅠ,
1767,マッディホルンSPⅡ,
1768,マッディホルンSPⅢ,
1769,マッディホルンSPⅣ,
1770,マッディホルンSPⅤ,
1771,マッディホルンSPⅥ,
1772,マッディホルンSPⅦ,
1773,モーヴビードローSPⅠ,
1774,モーヴビードローSPⅡ,
1775,モーヴビードローSPⅢ,
1776,モーヴビードローSPⅣ,
1777,モーヴビードローSPⅤ,
1778,モーヴビードローSPⅥ,
1779,モーヴビードローSPⅦ,
1780,ネオバグパイプSPⅠ,
1781,ネオバグパイプSPⅡ,
1782,ネオバグパイプSPⅢ,
1783,ネオバグパイプSPⅣ,
1784,ネオバグパイプSPⅤ,
1785,ネオバグパイプSPⅥ,
1786,ネオバグパイプSPⅦ,
1787,ネイチャーコンガSPⅠ,
1788,ネイチャーコンガSPⅡ,
1789,ネイチャーコンガSPⅢ,
1790,ネイチャーコンガSPⅣ,
1791,ネイチャーコンガSPⅤ,
1792,ネイチャーコンガSPⅥ,
1793,ネイチャーコンガSPⅦ,
1794,カーネルランスSPⅠ,
1795,カーネルランスSPⅡ,
1796,カーネルランスSPⅢ,
1797,カーネルランスSPⅣ,
1798,カーネルランスSPⅤ,
1799,カーネルランスSPⅥ,
1800,カーネルランスSPⅦ,
1801,グリーンテイルSPⅠ,
1802,グリーンテイルSPⅡ,
1803,グリーンテイルSPⅢ,
1804,グリーンテイルSPⅣ,
1805,グリーンテイルSPⅤ,
1806,グリーンテイルSPⅥ,
1807,グリーンテイルSPⅦ,
1808,ダークゲイボルグSPⅠ,
1809,ダークゲイボルグSPⅡ,
1810,ダークゲイボルグSPⅢ,
1811,ダークゲイボルグSPⅣ,
1812,ダークゲイボルグSPⅤ,
1813,ダークゲイボルグSPⅥ,
1814,ダークゲイボルグSPⅦ,
1815,特別仕様機械槍SPⅠ,
1816,特別仕様機械槍SPⅡ,
1817,特別仕様機械槍SPⅢ,
1818,特別仕様機械槍SPⅣ,
1819,特別仕様機械槍SPⅤ,
1820,特別仕様機械槍SPⅥ,
1821,特別仕様機械槍SPⅦ,
1822,アビスランツェSPⅠ,
1823,アビスランツェSPⅡ,
1824,アビスランツェSPⅢ,
1825,アビスランツェSPⅣ,
1826,アビスランツェSPⅤ,
1827,アビスランツェSPⅥ,
1828,アビスランツェSPⅦ,
1829,マテンカクSPⅠ,
1830,マテンカクSPⅡ,
1831,マテンカクSPⅢ,
1832,マテンカクSPⅣ,
1833,マテンカクSPⅤ,
1834,マテンカクSPⅥ,
1835,マテンカクSPⅦ,
1836,ジャックホーンSPⅠ,
1837,ジャックホーンSPⅡ,
1838,ジャックホーンSPⅢ,
1839,ジャックホーンSPⅣ,
1840,ジャックホーンSPⅤ,
1841,ジャックホーンSPⅥ,
1842,ジャックホーンSPⅦ,
1843,討伐隊長専用銃槍SPⅠ,
1844,討伐隊長専用銃槍SPⅡ,
1845,討伐隊長専用銃槍SPⅢ,
1846,討伐隊長専用銃槍SPⅣ,
1847,討伐隊長専用銃槍SPⅤ,
1848,討伐隊長専用銃槍SPⅥ,
1849,討伐隊長専用銃槍SPⅦ,
1850,十・○壱式機械槍SPⅠ,
1851,十・○壱式機械槍SPⅡ,
1852,十・○壱式機械槍SPⅢ,
1853,十・○壱式機械槍SPⅣ,
1854,十・○壱式機械槍SPⅤ,
1855,十・○壱式機械槍SPⅥ,
1856,十・○壱式機械槍SPⅦ,
1857,デッドウィングSPⅠ,
1858,デッドウィングSPⅡ,
1859,デッドウィングSPⅢ,
1860,デッドウィングSPⅣ,
1861,デッドウィングSPⅤ,
1862,デッドウィングSPⅥ,
1863,デッドウィングSPⅦ,
1864,イエローデザートSPⅠ,
1865,イエローデザートSPⅡ,
1866,イエローデザートSPⅢ,
1867,イエローデザートSPⅣ,
1868,イエローデザートSPⅤ,
1869,イエローデザートSPⅥ,
1870,イエローデザートSPⅦ,
1871,蒼穹銃槍SPⅠ,
1872,蒼穹銃槍SPⅡ,
1873,蒼穹銃槍SPⅢ,
1874,蒼穹銃槍SPⅣ,
1875,蒼穹銃槍SPⅤ,
1876,蒼穹銃槍SPⅥ,
1877,蒼穹銃槍SPⅦ,
1878,クロームルークSPⅠ,
1879,クロームルークSPⅡ,
1880,クロームルークSPⅢ,
1881,クロームルークSPⅣ,
1882,クロームルークSPⅤ,
1883,クロームルークSPⅥ,
1884,クロームルークSPⅦ,
1885,メテオスラッガーSPⅠ,
1886,メテオスラッガーSPⅡ,
1887,メテオスラッガーSPⅢ,
1888,メテオスラッガーSPⅣ,
1889,メテオスラッガーSPⅤ,
1890,メテオスラッガーSPⅥ,
1891,メテオスラッガーSPⅦ,
1892,ツルギSPⅠ,
1893,ツルギSPⅡ,
1894,ツルギSPⅢ,
1895,ツルギSPⅣ,
1896,ツルギSPⅤ,
1897,ツルギSPⅥ,
1898,ツルギSPⅦ,
1899,アクアサイフォスSPⅠ,
1900,アクアサイフォスSPⅡ,
1901,アクアサイフォスSPⅢ,
1902,アクアサイフォスSPⅣ,
1903,アクアサイフォスSPⅤ,
1904,アクアサイフォスSPⅥ,
1905,アクアサイフォスSPⅦ,
1906,ブレイブブレイドSPⅠ,
1907,ブレイブブレイドSPⅡ,
1908,ブレイブブレイドSPⅢ,
1909,ブレイブブレイドSPⅣ,
1910,ブレイブブレイドSPⅤ,
1911,ブレイブブレイドSPⅥ,
1912,ブレイブブレイドSPⅦ,
1913,ツインネーヴェSPⅠ,
1914,ツインネーヴェSPⅡ,
1915,ツインネーヴェSPⅢ,
1916,ツインネーヴェSPⅣ,
1917,ツインネーヴェSPⅤ,
1918,ツインネーヴェSPⅥ,
1919,ツインネーヴェSPⅦ,
1920,双怨剣SPⅠ,
1921,双怨剣SPⅡ,
1922,双怨剣SPⅢ,
1923,双怨剣SPⅣ,
1924,双怨剣SPⅤ,
1925,双怨剣SPⅥ,
1926,双怨剣SPⅦ,
1927,龍撃の双刃SPⅠ,
1928,龍撃の双刃SPⅡ,
1929,龍撃の双刃SPⅢ,
1930,龍撃の双刃SPⅣ,
1931,龍撃の双刃SPⅤ,
1932,龍撃の双刃SPⅥ,
1933,龍撃の双刃SPⅦ,
1934,クロガネソードSPⅠ,
1935,クロガネソードSPⅡ,
1936,クロガネソードSPⅢ,
1937,クロガネソードSPⅣ,
1938,クロガネソードSPⅤ,
1939,クロガネソードSPⅥ,
1940,クロガネソードSPⅦ,
1941,セイラーソードSPⅠ,
1942,セイラーソードSPⅡ,
1943,セイラーソードSPⅢ,
1944,セイラーソードSPⅣ,
1945,セイラーソードSPⅤ,
1946,セイラーソードSPⅥ,
1947,セイラーソードSPⅦ,
1948,踊猫大剣SPⅠ,
1949,踊猫大剣SPⅡ,
1950,踊猫大剣SPⅢ,
1951,踊猫大剣SPⅣ,
1952,踊猫大剣SPⅤ,
1953,踊猫大剣SPⅥ,
1954,踊猫大剣SPⅦ,
1955,不見霧SPⅠ,
1956,不見霧SPⅡ,
1957,不見霧SPⅢ,
1958,不見霧SPⅣ,
1959,不見霧SPⅤ,
1960,不見霧SPⅥ,
1961,不見霧SPⅦ,
1962,ダーククレイモアSPⅠ,
1963,ダーククレイモアSPⅡ,
1964,ダーククレイモアSPⅢ,
1965,ダーククレイモアSPⅣ,
1966,ダーククレイモアSPⅤ,
1967,ダーククレイモアSPⅥ,
1968,ダーククレイモアSPⅦ,
1969,牙猿薙SPⅠ,
1970,牙猿薙SPⅡ,
1971,牙猿薙SPⅢ,
1972,牙猿薙SPⅣ,
1973,牙猿薙SPⅤ,
1974,牙猿薙SPⅥ,
1975,牙猿薙SPⅦ,
1976,トールバッシュSPⅠ,
1977,トールバッシュSPⅡ,
1978,トールバッシュSPⅢ,
1979,トールバッシュSPⅣ,
1980,トールバッシュSPⅤ,
1981,トールバッシュSPⅥ,
1982,トールバッシュSPⅦ,
1983,ポイズンレリックSPⅠ,
1984,ポイズンレリックSPⅡ,
1985,ポイズンレリックSPⅢ,
1986,ポイズンレリックSPⅣ,
1987,ポイズンレリックSPⅤ,
1988,ポイズンレリックSPⅥ,
1989,ポイズンレリックSPⅦ,
1990,ドス鍋SPⅠ,
1991,ドス鍋SPⅡ,
1992,ドス鍋SPⅢ,
1993,ドス鍋SPⅣ,
1994,ドス鍋SPⅤ,
1995,ドス鍋SPⅥ,
1996,ドス鍋SPⅦ,
1997,ウォーターホルンSPⅠ,
1998,ウォーターホルンSPⅡ,
1999,ウォーターホルンSPⅢ,
2000,ウォーターホルンSPⅣ,
2001,ウォーターホルンSPⅤ,
2002,ウォーターホルンSPⅥ,
2003,ウォーターホルンSPⅦ,
2004,サクランポスSPⅠ,
2005,サクランポスSPⅡ,
2006,サクランポスSPⅢ,
2007,サクランポスSPⅣ,
2008,サクランポスSPⅤ,
2009,サクランポスSPⅥ,
2010,サクランポスSPⅦ,
2011,キトゥンフルートSPⅠ,
2012,キトゥンフルートSPⅡ,
2013,キトゥンフルートSPⅢ,
2014,キトゥンフルートSPⅣ,
2015,キトゥンフルートSPⅤ,
2016,キトゥンフルートSPⅥ,
2017,キトゥンフルートSPⅦ,
2018,ジッグラトSPⅠ,
2019,ジッグラトSPⅡ,
2020,ジッグラトSPⅢ,
2021,ジッグラトSPⅣ,
2022,ジッグラトSPⅤ,
2023,ジッグラトSPⅥ,
2024,ジッグラトSPⅦ,
2025,ツンドランスSPⅠ,
2026,ツンドランスSPⅡ,
2027,ツンドランスSPⅢ,
2028,ツンドランスSPⅣ,
2029,ツンドランスSPⅤ,
2030,ツンドランスSPⅥ,
2031,ツンドランスSPⅦ,
2032,激流槍SPⅠ,
2033,激流槍SPⅡ,
2034,激流槍SPⅢ,
2035,激流槍SPⅣ,
2036,激流槍SPⅤ,
2037,激流槍SPⅥ,
2038,激流槍SPⅦ,
2039,雷帝銃槍SPⅠ,
2040,雷帝銃槍SPⅡ,
2041,雷帝銃槍SPⅢ,
2042,雷帝銃槍SPⅣ,
2043,雷帝銃槍SPⅤ,
2044,雷帝銃槍SPⅥ,
2045,雷帝銃槍SPⅦ,
2046,火炎大筒槍SPⅠ,
2047,火炎大筒槍SPⅡ,
2048,火炎大筒槍SPⅢ,
2049,火炎大筒槍SPⅣ,
2050,火炎大筒槍SPⅤ,
2051,火炎大筒槍SPⅥ,
2052,火炎大筒槍SPⅦ,
2053,アイスストライクSPⅠ,
2054,アイスストライクSPⅡ,
2055,アイスストライクSPⅢ,
2056,アイスストライクSPⅣ,
2057,アイスストライクSPⅤ,
2058,アイスストライクSPⅥ,
2059,アイスストライクSPⅦ,
2060,邪竜剣SPⅠ,
2061,邪竜剣SPⅡ,
2062,邪竜剣SPⅢ,
2063,邪竜剣SPⅣ,
2064,邪竜剣SPⅤ,
2065,邪竜剣SPⅥ,
2066,邪竜剣SPⅦ,
2067,ジライヤソードSPⅠ,
2068,ジライヤソードSPⅡ,
2069,ジライヤソードSPⅢ,
2070,ジライヤソードSPⅣ,
2071,ジライヤソードSPⅤ,
2072,ジライヤソードSPⅥ,
2073,ジライヤソードSPⅦ,
2074,一角双SPⅠ,
2075,一角双SPⅡ,
2076,一角双SPⅢ,
2077,一角双SPⅣ,
2078,一角双SPⅤ,
2079,一角双SPⅥ,
2080,一角双SPⅦ,
2081,メルトオレンジSPⅠ,
2082,メルトオレンジSPⅡ,
2083,メルトオレンジSPⅢ,
2084,メルトオレンジSPⅣ,
2085,メルトオレンジSPⅤ,
2086,メルトオレンジSPⅥ,
2087,メルトオレンジSPⅦ,
2088,カルシウムSPⅠ,
2089,カルシウムSPⅡ,
2090,カルシウムSPⅢ,
2091,カルシウムSPⅣ,
2092,カルシウムSPⅤ,
2093,カルシウムSPⅥ,
2094,カルシウムSPⅦ,
2095,ヴェノムキャリーSPⅠ,
2096,ヴェノムキャリーSPⅡ,
2097,ヴェノムキャリーSPⅢ,
2098,ヴェノムキャリーSPⅣ,
2099,ヴェノムキャリーSPⅤ,
2100,ヴェノムキャリーSPⅥ,
2101,ヴェノムキャリーSPⅦ,
2102,龍薙刀SPⅠ,
2103,龍薙刀SPⅡ,
2104,龍薙刀SPⅢ,
2105,龍薙刀SPⅣ,
2106,龍薙刀SPⅤ,
2107,龍薙刀SPⅥ,
2108,龍薙刀SPⅦ,
2109,ブツギリマルSPⅠ,
2110,ブツギリマルSPⅡ,
2111,ブツギリマルSPⅢ,
2112,ブツギリマルSPⅣ,
2113,ブツギリマルSPⅤ,
2114,ブツギリマルSPⅥ,
2115,ブツギリマルSPⅦ,
2116,ポーラーベアSPⅠ,
2117,ポーラーベアSPⅡ,
2118,ポーラーベアSPⅢ,
2119,ポーラーベアSPⅣ,
2120,ポーラーベアSPⅤ,
2121,ポーラーベアSPⅥ,
2122,ポーラーベアSPⅦ,
2123,龍鉄丸SPⅠ,
2124,龍鉄丸SPⅡ,
2125,龍鉄丸SPⅢ,
2126,龍鉄丸SPⅣ,
2127,龍鉄丸SPⅤ,
2128,龍鉄丸SPⅥ,
2129,龍鉄丸SPⅦ,
2130,アイスホイッスルSPⅠ,
2131,アイスホイッスルSPⅡ,
2132,アイスホイッスルSPⅢ,
2133,アイスホイッスルSPⅣ,
2134,アイスホイッスルSPⅤ,
2135,アイスホイッスルSPⅥ,
2136,アイスホイッスルSPⅦ,
2137,デストランペットSPⅠ,
2138,デストランペットSPⅡ,
2139,デストランペットSPⅢ,
2140,デストランペットSPⅣ,
2141,デストランペットSPⅤ,
2142,デストランペットSPⅥ,
2143,デストランペットSPⅦ,
2144,ヴェノムフォークSPⅠ,
2145,ヴェノムフォークSPⅡ,
2146,ヴェノムフォークSPⅢ,
2147,ヴェノムフォークSPⅣ,
2148,ヴェノムフォークSPⅤ,
2149,ヴェノムフォークSPⅥ,
2150,ヴェノムフォークSPⅦ,
2151,ドリームスピアSPⅠ,
2152,ドリームスピアSPⅡ,
2153,ドリームスピアSPⅢ,
2154,ドリームスピアSPⅣ,
2155,ドリームスピアSPⅤ,
2156,ドリームスピアSPⅥ,
2157,ドリームスピアSPⅦ,
2158,水撃銃槍SPⅠ,
2159,水撃銃槍SPⅡ,
2160,水撃銃槍SPⅢ,
2161,水撃銃槍SPⅣ,
2162,水撃銃槍SPⅤ,
2163,水撃銃槍SPⅥ,
2164,水撃銃槍SPⅦ,
2165,ヘルストライカーSPⅠ,
2166,ヘルストライカーSPⅡ,
2167,ヘルストライカーSPⅢ,
2168,ヘルストライカーSPⅣ,
2169,ヘルストライカーSPⅤ,
2170,ヘルストライカーSPⅥ,
2171,ヘルストライカーSPⅦ,
2172,怨魂SPⅠ,
2173,怨魂SPⅡ,
2174,怨魂SPⅢ,
2175,怨魂SPⅣ,
2176,怨魂SPⅤ,
2177,怨魂SPⅥ,
2178,怨魂SPⅦ,
2179,フロストバイトSPⅠ,
2180,フロストバイトSPⅡ,
2181,フロストバイトSPⅢ,
2182,フロストバイトSPⅣ,
2183,フロストバイトSPⅤ,
2184,フロストバイトSPⅥ,
2185,フロストバイトSPⅦ,
2186,アグライアSPⅠ,
2187,アグライアSPⅡ,
2188,アグライアSPⅢ,
2189,アグライアSPⅣ,
2190,アグライアSPⅤ,
2191,アグライアSPⅥ,
2192,アグライアSPⅦ,
2193,インセクトウィズSPⅠ,
2194,インセクトウィズSPⅡ,
2195,インセクトウィズSPⅢ,
2196,インセクトウィズSPⅣ,
2197,インセクトウィズSPⅤ,
2198,インセクトウィズSPⅥ,
2199,インセクトウィズSPⅦ,
2200,バウンスブレイドSPⅠ,
2201,バウンスブレイドSPⅡ,
2202,バウンスブレイドSPⅢ,
2203,バウンスブレイドSPⅣ,
2204,バウンスブレイドSPⅤ,
2205,バウンスブレイドSPⅥ,
2206,バウンスブレイドSPⅦ,
2207,トキシックソーンSPⅠ,
2208,トキシックソーンSPⅡ,
2209,トキシックソーンSPⅢ,
2210,トキシックソーンSPⅣ,
2211,トキシックソーンSPⅤ,
2212,トキシックソーンSPⅥ,
2213,トキシックソーンSPⅦ,
2214,骨刀【牙突】SPⅠ,
2215,骨刀【牙突】SPⅡ,
2216,骨刀【牙突】SPⅢ,
2217,骨刀【牙突】SPⅣ,
2218,骨刀【牙突】SPⅤ,
2219,骨刀【牙突】SPⅥ,
2220,骨刀【牙突】SPⅦ,
2221,白焔SPⅠ,
2222,白焔SPⅡ,
2223,白焔SPⅢ,
2224,白焔SPⅣ,
2225,白焔SPⅤ,
2226,白焔SPⅥ,
2227,白焔SPⅦ,
2228,爆砕鎚SPⅠ,
2229,爆砕鎚SPⅡ,
2230,爆砕鎚SPⅢ,
2231,爆砕鎚SPⅣ,
2232,爆砕鎚SPⅤ,
2233,爆砕鎚SPⅥ,
2234,爆砕鎚SPⅦ,
2235,バサルバーストSPⅠ,
2236,バサルバーストSPⅡ,
2237,バサルバーストSPⅢ,
2238,バサルバーストSPⅣ,
2239,バサルバーストSPⅤ,
2240,バサルバーストSPⅥ,
2241,バサルバーストSPⅦ,
2242,アスパリージョSPⅠ,
2243,アスパリージョSPⅡ,
2244,アスパリージョSPⅢ,
2245,アスパリージョSPⅣ,
2246,アスパリージョSPⅤ,
2247,アスパリージョSPⅥ,
2248,アスパリージョSPⅦ,
2249,シルヴアクスSPⅠ,
2250,シルヴアクスSPⅡ,
2251,シルヴアクスSPⅢ,
2252,シルヴアクスSPⅣ,
2253,シルヴアクスSPⅤ,
2254,シルヴアクスSPⅥ,
2255,シルヴアクスSPⅦ,
2256,ボイドスティックSPⅠ,
2257,ボイドスティックSPⅡ,
2258,ボイドスティックSPⅢ,
2259,ボイドスティックSPⅣ,
2260,ボイドスティックSPⅤ,
2261,ボイドスティックSPⅥ,
2262,ボイドスティックSPⅦ,
2263,ラ・フレグランスSPⅠ,
2264,ラ・フレグランスSPⅡ,
2265,ラ・フレグランスSPⅢ,
2266,ラ・フレグランスSPⅣ,
2267,ラ・フレグランスSPⅤ,
2268,ラ・フレグランスSPⅥ,
2269,ラ・フレグランスSPⅦ,
2270,銃槍クルガルSPⅠ,
2271,銃槍クルガルSPⅡ,
2272,銃槍クルガルSPⅢ,
2273,銃槍クルガルSPⅣ,
2274,銃槍クルガルSPⅤ,
2275,銃槍クルガルSPⅥ,
2276,銃槍クルガルSPⅦ,
2277,シーアングラーSPⅠ,
2278,シーアングラーSPⅡ,
2279,シーアングラーSPⅢ,
2280,シーアングラーSPⅣ,
2281,シーアングラーSPⅤ,
2282,シーアングラーSPⅥ,
2283,シーアングラーSPⅦ,
2284,スノウテイルSPⅠ,
2285,スノウテイルSPⅡ,
2286,スノウテイルSPⅢ,
2287,スノウテイルSPⅣ,
2288,スノウテイルSPⅤ,
2289,スノウテイルSPⅥ,
2290,スノウテイルSPⅦ,
2291,カルドフレアSPⅠ,
2292,カルドフレアSPⅡ,
2293,カルドフレアSPⅢ,
2294,カルドフレアSPⅣ,
2295,カルドフレアSPⅤ,
2296,カルドフレアSPⅥ,
2297,カルドフレアSPⅦ,
2298,ファンヴォルクSPⅠ,
2299,ファンヴォルクSPⅡ,
2300,ファンヴォルクSPⅢ,
2301,ファンヴォルクSPⅣ,
2302,ファンヴォルクSPⅤ,
2303,ファンヴォルクSPⅥ,
2304,ファンヴォルクSPⅦ,
2305,ワイルドクッキンSPⅠ,
2306,ワイルドクッキンSPⅡ,
2307,ワイルドクッキンSPⅢ,
2308,ワイルドクッキンSPⅣ,
2309,ワイルドクッキンSPⅤ,
2310,ワイルドクッキンSPⅥ,
2311,ワイルドクッキンSPⅦ,
2312,ギガントクローSPⅠ,
2313,ギガントクローSPⅡ,
2314,ギガントクローSPⅢ,
2315,ギガントクローSPⅣ,
2316,ギガントクローSPⅤ,
2317,ギガントクローSPⅥ,
2318,ギガントクローSPⅦ,
2319,モノリスプレートSPⅠ,
2320,モノリスプレートSPⅡ,
2321,モノリスプレートSPⅢ,
2322,モノリスプレートSPⅣ,
2323,モノリスプレートSPⅤ,
2324,モノリスプレートSPⅥ,
2325,モノリスプレートSPⅦ,
2326,ファーシノサイスSPⅠ,
2327,ファーシノサイスSPⅡ,
2328,ファーシノサイスSPⅢ,
2329,ファーシノサイスSPⅣ,
2330,ファーシノサイスSPⅤ,
2331,ファーシノサイスSPⅥ,
2332,ファーシノサイスSPⅦ,
2333,クリューソスSPⅠ,
2334,クリューソスSPⅡ,
2335,クリューソスSPⅢ,
2336,クリューソスSPⅣ,
2337,クリューソスSPⅤ,
2338,クリューソスSPⅥ,
2339,クリューソスSPⅦ,
2340,ザフィアバスターSPⅠ,
2341,ザフィアバスターSPⅡ,
2342,ザフィアバスターSPⅢ,
2343,ザフィアバスターSPⅣ,
2344,ザフィアバスターSPⅤ,
2345,ザフィアバスターSPⅥ,
2346,ザフィアバスターSPⅦ,
2347,ゴールデンボムSPⅠ,
2348,ゴールデンボムSPⅡ,
2349,ゴールデンボムSPⅢ,
2350,ゴールデンボムSPⅣ,
2351,ゴールデンボムSPⅤ,
2352,ゴールデンボムSPⅥ,
2353,ゴールデンボムSPⅦ,
2354,グラファイーオスSPⅠ,
2355,グラファイーオスSPⅡ,
2356,グラファイーオスSPⅢ,
2357,グラファイーオスSPⅣ,
2358,グラファイーオスSPⅤ,
2359,グラファイーオスSPⅥ,
2360,グラファイーオスSPⅦ,
2361,ロッソニアロッソSPⅠ,
2362,ロッソニアロッソSPⅡ,
2363,ロッソニアロッソSPⅢ,
2364,ロッソニアロッソSPⅣ,
2365,ロッソニアロッソSPⅤ,
2366,ロッソニアロッソSPⅥ,
2367,ロッソニアロッソSPⅦ,
2368,アメジストスピアSPⅠ,
2369,アメジストスピアSPⅡ,
2370,アメジストスピアSPⅢ,
2371,アメジストスピアSPⅣ,
2372,アメジストスピアSPⅤ,
2373,アメジストスピアSPⅥ,
2374,アメジストスピアSPⅦ,
2375,ブルーズィーガーSPⅠ,
2376,ブルーズィーガーSPⅡ,
2377,ブルーズィーガーSPⅢ,
2378,ブルーズィーガーSPⅣ,
2379,ブルーズィーガーSPⅤ,
2380,ブルーズィーガーSPⅥ,
2381,ブルーズィーガーSPⅦ,
2382,バッカニアランスSPⅠ,
2383,バッカニアランスSPⅡ,
2384,バッカニアランスSPⅢ,
2385,バッカニアランスSPⅣ,
2386,バッカニアランスSPⅤ,
2387,バッカニアランスSPⅥ,
2388,バッカニアランスSPⅦ,
2389,ヴィヴェルデットSPⅠ,
2390,ヴィヴェルデットSPⅡ,
2391,ヴィヴェルデットSPⅢ,
2392,ヴィヴェルデットSPⅣ,
2393,ヴィヴェルデットSPⅤ,
2394,ヴィヴェルデットSPⅥ,
2395,ヴィヴェルデットSPⅦ,
2396,イニシエSPⅠ,
2397,イニシエSPⅡ,
2398,イニシエSPⅢ,
2399,イニシエSPⅣ,
2400,イニシエSPⅤ,
2401,イニシエSPⅥ,
2402,イニシエSPⅦ,
2403,天照剣SPⅠ,
2404,天照剣SPⅡ,
2405,天照剣SPⅢ,
2406,天照剣SPⅣ,
2407,天照剣SPⅤ,
2408,天照剣SPⅥ,
2409,天照剣SPⅦ,
2410,フタツノSPⅠ,
2411,フタツノSPⅡ,
2412,フタツノSPⅢ,
2413,フタツノSPⅣ,
2414,フタツノSPⅤ,
2415,フタツノSPⅥ,
2416,フタツノSPⅦ,
2417,フレアシュレッダSPⅠ,
2418,フレアシュレッダSPⅡ,
2419,フレアシュレッダSPⅢ,
2420,フレアシュレッダSPⅣ,
2421,フレアシュレッダSPⅤ,
2422,フレアシュレッダSPⅥ,
2423,フレアシュレッダSPⅦ,
2424,カッパーホオビーSPⅠ,
2425,カッパーホオビーSPⅡ,
2426,カッパーホオビーSPⅢ,
2427,カッパーホオビーSPⅣ,
2428,カッパーホオビーSPⅤ,
2429,カッパーホオビーSPⅥ,
2430,カッパーホオビーSPⅦ,
2431,ドラゴブレイドSPⅠ,
2432,ドラゴブレイドSPⅡ,
2433,ドラゴブレイドSPⅢ,
2434,ドラゴブレイドSPⅣ,
2435,ドラゴブレイドSPⅤ,
2436,ドラゴブレイドSPⅥ,
2437,ドラゴブレイドSPⅦ,
2438,白刀【零ノ型】SPⅠ,
2439,白刀【零ノ型】SPⅡ,
2440,白刀【零ノ型】SPⅢ,
2441,白刀【零ノ型】SPⅣ,
2442,白刀【零ノ型】SPⅤ,
2443,白刀【零ノ型】SPⅥ,
2444,白刀【零ノ型】SPⅦ,
2445,封焔刀【白焔】SPⅠ,
2446,封焔刀【白焔】SPⅡ,
2447,封焔刀【白焔】SPⅢ,
2448,封焔刀【白焔】SPⅣ,
2449,封焔刀【白焔】SPⅤ,
2450,封焔刀【白焔】SPⅥ,
2451,封焔刀【白焔】SPⅦ,
2452,イカリノテッケンSPⅠ,
2453,イカリノテッケンSPⅡ,
2454,イカリノテッケンSPⅢ,
2455,イカリノテッケンSPⅣ,
2456,イカリノテッケンSPⅤ,
2457,イカリノテッケンSPⅥ,
2458,イカリノテッケンSPⅦ,
2459,デス・ベインSPⅠ,
2460,デス・ベインSPⅡ,
2461,デス・ベインSPⅢ,
2462,デス・ベインSPⅣ,
2463,デス・ベインSPⅤ,
2464,デス・ベインSPⅥ,
2465,デス・ベインSPⅦ,
2466,ゴールドソイルSPⅠ,
2467,ゴールドソイルSPⅡ,
2468,ゴールドソイルSPⅢ,
2469,ゴールドソイルSPⅣ,
2470,ゴールドソイルSPⅤ,
2471,ゴールドソイルSPⅥ,
2472,ゴールドソイルSPⅦ,
2473,龍骨の笛SPⅠ,
2474,龍骨の笛SPⅡ,
2475,龍骨の笛SPⅢ,
2476,龍骨の笛SPⅣ,
2477,龍骨の笛SPⅤ,
2478,龍骨の笛SPⅥ,
2479,龍骨の笛SPⅦ,
2480,セルン・ヴァイスSPⅠ,
2481,セルン・ヴァイスSPⅡ,
2482,セルン・ヴァイスSPⅢ,
2483,セルン・ヴァイスSPⅣ,
2484,セルン・ヴァイスSPⅤ,
2485,セルン・ヴァイスSPⅥ,
2486,セルン・ヴァイスSPⅦ,
2487,ティンニーンSPⅠ,
2488,ティンニーンSPⅡ,
2489,ティンニーンSPⅢ,
2490,ティンニーンSPⅣ,
2491,ティンニーンSPⅤ,
2492,ティンニーンSPⅥ,
2493,ティンニーンSPⅦ,
2494,ウォーロードSPⅠ,
2495,ウォーロードSPⅡ,
2496,ウォーロードSPⅢ,
2497,ウォーロードSPⅣ,
2498,ウォーロードSPⅤ,
2499,ウォーロードSPⅥ,
2500,ウォーロードSPⅦ,
2501,紅撃樹ノ槍SPⅠ,
2502,紅撃樹ノ槍SPⅡ,
2503,紅撃樹ノ槍SPⅢ,
2504,紅撃樹ノ槍SPⅣ,
2505,紅撃樹ノ槍SPⅤ,
2506,紅撃樹ノ槍SPⅥ,
2507,紅撃樹ノ槍SPⅦ,
2508,パライズレイピアSPⅠ,
2509,パライズレイピアSPⅡ,
2510,パライズレイピアSPⅢ,
2511,パライズレイピアSPⅣ,
2512,パライズレイピアSPⅤ,
2513,パライズレイピアSPⅥ,
2514,パライズレイピアSPⅦ,
2515,ホワイトファングSPⅠ,
2516,ホワイトファングSPⅡ,
2517,ホワイトファングSPⅢ,
2518,ホワイトファングSPⅣ,
2519,ホワイトファングSPⅤ,
2520,ホワイトファングSPⅥ,
2521,ホワイトファングSPⅦ,
2522,ブラックローズSPⅠ,
2523,ブラックローズSPⅡ,
2524,ブラックローズSPⅢ,
2525,ブラックローズSPⅣ,
2526,ブラックローズSPⅤ,
2527,ブラックローズSPⅥ,
2528,ブラックローズSPⅦ,
2529,黒龍木ノ太刀SPⅠ,
2530,黒龍木ノ太刀SPⅡ,
2531,黒龍木ノ太刀SPⅢ,
2532,黒龍木ノ太刀SPⅣ,
2533,黒龍木ノ太刀SPⅤ,
2534,黒龍木ノ太刀SPⅥ,
2535,黒龍木ノ太刀SPⅦ,
2536,ルナティックコアSPⅠ,
2537,ルナティックコアSPⅡ,
2538,ルナティックコアSPⅢ,
2539,ルナティックコアSPⅣ,
2540,ルナティックコアSPⅤ,
2541,ルナティックコアSPⅥ,
2542,ルナティックコアSPⅦ,
2543,シルバーベルSPⅠ,
2544,シルバーベルSPⅡ,
2545,シルバーベルSPⅢ,
2546,シルバーベルSPⅣ,
2547,シルバーベルSPⅤ,
2548,シルバーベルSPⅥ,
2549,シルバーベルSPⅦ,
2550,ダークテイルSPⅠ,
2551,ダークテイルSPⅡ,
2552,ダークテイルSPⅢ,
2553,ダークテイルSPⅣ,
2554,ダークテイルSPⅤ,
2555,ダークテイルSPⅥ,
2556,ダークテイルSPⅦ,
2557,アクアマリンSPⅠ,
2558,アクアマリンSPⅡ,
2559,アクアマリンSPⅢ,
2560,アクアマリンSPⅣ,
2561,アクアマリンSPⅤ,
2562,アクアマリンSPⅥ,
2563,アクアマリンSPⅦ,
2564,ダオラ＝クロムSPⅠ,
2565,ダオラ＝クロムSPⅡ,
2566,ダオラ＝クロムSPⅢ,
2567,ダオラ＝クロムSPⅣ,
2568,ダオラ＝クロムSPⅤ,
2569,ダオラ＝クロムSPⅥ,
2570,ダオラ＝クロムSPⅦ,
2571,シルヴ・ローザSPⅠ,
2572,シルヴ・ローザSPⅡ,
2573,シルヴ・ローザSPⅢ,
2574,シルヴ・ローザSPⅣ,
2575,シルヴ・ローザSPⅤ,
2576,シルヴ・ローザSPⅥ,
2577,シルヴ・ローザSPⅦ,
2578,モルソ・ボーネSPⅠ,
2579,モルソ・ボーネSPⅡ,
2580,モルソ・ボーネSPⅢ,
2581,モルソ・ボーネSPⅣ,
2582,モルソ・ボーネSPⅤ,
2583,モルソ・ボーネSPⅥ,
2584,モルソ・ボーネSPⅦ,
2585,レス・イーブSPⅠ,
2586,レス・イーブSPⅡ,
2587,レス・イーブSPⅢ,
2588,レス・イーブSPⅣ,
2589,レス・イーブSPⅤ,
2590,レス・イーブSPⅥ,
2591,レス・イーブSPⅦ,
2592,琥珀大結晶SPⅠ,
2593,琥珀大結晶SPⅡ,
2594,琥珀大結晶SPⅢ,
2595,琥珀大結晶SPⅣ,
2596,琥珀大結晶SPⅤ,
2597,琥珀大結晶SPⅥ,
2598,琥珀大結晶SPⅦ,
2599,ピュアリコーダーSPⅠ,
2600,ピュアリコーダーSPⅡ,
2601,ピュアリコーダーSPⅢ,
2602,ピュアリコーダーSPⅣ,
2603,ピュアリコーダーSPⅤ,
2604,ピュアリコーダーSPⅥ,
2605,ピュアリコーダーSPⅦ,
2606,シュバリエSPⅠ,
2607,シュバリエSPⅡ,
2608,シュバリエSPⅢ,
2609,シュバリエSPⅣ,
2610,シュバリエSPⅤ,
2611,シュバリエSPⅥ,
2612,シュバリエSPⅦ,
2613,カザド・アスールSPⅠ,
2614,カザド・アスールSPⅡ,
2615,カザド・アスールSPⅢ,
2616,カザド・アスールSPⅣ,
2617,カザド・アスールSPⅤ,
2618,カザド・アスールSPⅥ,
2619,カザド・アスールSPⅦ,
2620,あかにゃんぼうSPⅠ,
2621,あかにゃんぼうSPⅡ,
2622,あかにゃんぼうSPⅢ,
2623,あかにゃんぼうSPⅣ,
2624,あかにゃんぼうSPⅤ,
2625,あかにゃんぼうSPⅥ,
2626,あかにゃんぼうSPⅦ,
2627,アクアセーバーSPⅠ,
2628,アクアセーバーSPⅡ,
2629,アクアセーバーSPⅢ,
2630,アクアセーバーSPⅣ,
2631,アクアセーバーSPⅤ,
2632,アクアセーバーSPⅥ,
2633,アクアセーバーSPⅦ,
2634,黒氷大剣SPⅠ,
2635,黒氷大剣SPⅡ,
2636,黒氷大剣SPⅢ,
2637,黒氷大剣SPⅣ,
2638,黒氷大剣SPⅤ,
2639,黒氷大剣SPⅥ,
2640,黒氷大剣SPⅦ,
2641,軍刀【雪乃舞】SPⅠ,
2642,軍刀【雪乃舞】SPⅡ,
2643,軍刀【雪乃舞】SPⅢ,
2644,軍刀【雪乃舞】SPⅣ,
2645,軍刀【雪乃舞】SPⅤ,
2646,軍刀【雪乃舞】SPⅥ,
2647,軍刀【雪乃舞】SPⅦ,
2648,パープルベアSPⅠ,
2649,パープルベアSPⅡ,
2650,パープルベアSPⅢ,
2651,パープルベアSPⅣ,
2652,パープルベアSPⅤ,
2653,パープルベアSPⅥ,
2654,パープルベアSPⅦ,
2655,きんねこ笛SPⅠ,
2656,きんねこ笛SPⅡ,
2657,きんねこ笛SPⅢ,
2658,きんねこ笛SPⅣ,
2659,きんねこ笛SPⅤ,
2660,きんねこ笛SPⅥ,
2661,きんねこ笛SPⅦ,
2662,黒氷槍SPⅠ,
2663,黒氷槍SPⅡ,
2664,黒氷槍SPⅢ,
2665,黒氷槍SPⅣ,
2666,黒氷槍SPⅤ,
2667,黒氷槍SPⅥ,
2668,黒氷槍SPⅦ,
2669,ダーク＝ハウルSPⅠ,
2670,ダーク＝ハウルSPⅡ,
2671,ダーク＝ハウルSPⅢ,
2672,ダーク＝ハウルSPⅣ,
2673,ダーク＝ハウルSPⅤ,
2674,ダーク＝ハウルSPⅥ,
2675,ダーク＝ハウルSPⅦ,
2676,カルブンクルスSPⅠ,
2677,カルブンクルスSPⅡ,
2678,カルブンクルスSPⅢ,
2679,カルブンクルスSPⅣ,
2680,カルブンクルスSPⅤ,
2681,カルブンクルスSPⅥ,
2682,カルブンクルスSPⅦ,
2683,オブシディアンSPⅠ,
2684,オブシディアンSPⅡ,
2685,オブシディアンSPⅢ,
2686,オブシディアンSPⅣ,
2687,オブシディアンSPⅤ,
2688,オブシディアンSPⅥ,
2689,オブシディアンSPⅦ,
2690,ソウルクラッシュSPⅠ,
2691,ソウルクラッシュSPⅡ,
2692,ソウルクラッシュSPⅢ,
2693,ソウルクラッシュSPⅣ,
2694,ソウルクラッシュSPⅤ,
2695,ソウルクラッシュSPⅥ,
2696,ソウルクラッシュSPⅦ,
2697,グラナードSPⅠ,
2698,グラナードSPⅡ,
2699,グラナードSPⅢ,
2700,グラナードSPⅣ,
2701,グラナードSPⅤ,
2702,グラナードSPⅥ,
2703,グラナードSPⅦ,
2704,機械鎚カスタムSPⅠ,
2705,機械鎚カスタムSPⅡ,
2706,機械鎚カスタムSPⅢ,
2707,機械鎚カスタムSPⅣ,
2708,機械鎚カスタムSPⅤ,
2709,機械鎚カスタムSPⅥ,
2710,機械鎚カスタムSPⅦ,
2711,ゲネポスプーガラSPⅠ,
2712,ゲネポスプーガラSPⅡ,
2713,ゲネポスプーガラSPⅢ,
2714,ゲネポスプーガラSPⅣ,
2715,ゲネポスプーガラSPⅤ,
2716,ゲネポスプーガラSPⅥ,
2717,ゲネポスプーガラSPⅦ,
2718,アルギュロスSPⅠ,
2719,アルギュロスSPⅡ,
2720,アルギュロスSPⅢ,
2721,アルギュロスSPⅣ,
2722,アルギュロスSPⅤ,
2723,アルギュロスSPⅥ,
2724,アルギュロスSPⅦ,
2725,黒龍木ノ槍SPⅠ,
2726,黒龍木ノ槍SPⅡ,
2727,黒龍木ノ槍SPⅢ,
2728,黒龍木ノ槍SPⅣ,
2729,黒龍木ノ槍SPⅤ,
2730,黒龍木ノ槍SPⅥ,
2731,黒龍木ノ槍SPⅦ,
2732,アクアエイジSPⅠ,
2733,アクアエイジSPⅡ,
2734,アクアエイジSPⅢ,
2735,アクアエイジSPⅣ,
2736,アクアエイジSPⅤ,
2737,アクアエイジSPⅥ,
2738,アクアエイジSPⅦ,
2739,ハイプレジャーSPⅠ,
2740,ハイプレジャーSPⅡ,
2741,ハイプレジャーSPⅢ,
2742,ハイプレジャーSPⅣ,
2743,ハイプレジャーSPⅤ,
2744,ハイプレジャーSPⅥ,
2745,ハイプレジャーSPⅦ,
2746,大紅蓮SPⅠ,
2747,大紅蓮SPⅡ,
2748,大紅蓮SPⅢ,
2749,大紅蓮SPⅣ,
2750,大紅蓮SPⅤ,
2751,大紅蓮SPⅥ,
2752,大紅蓮SPⅦ,
2753,ブラッドソニックSPⅠ,
2754,ブラッドソニックSPⅡ,
2755,ブラッドソニックSPⅢ,
2756,ブラッドソニックSPⅣ,
2757,ブラッドソニックSPⅤ,
2758,ブラッドソニックSPⅥ,
2759,ブラッドソニックSPⅦ,
2760,ベノム【黒狼】SPⅠ,
2761,ベノム【黒狼】SPⅡ,
2762,ベノム【黒狼】SPⅢ,
2763,ベノム【黒狼】SPⅣ,
2764,ベノム【黒狼】SPⅤ,
2765,ベノム【黒狼】SPⅥ,
2766,ベノム【黒狼】SPⅦ,
2767,あかねこ笛SPⅠ,
2768,あかねこ笛SPⅡ,
2769,あかねこ笛SPⅢ,
2770,あかねこ笛SPⅣ,
2771,あかねこ笛SPⅤ,
2772,あかねこ笛SPⅥ,
2773,あかねこ笛SPⅦ,
2774,アクアランジェアSPⅠ,
2775,アクアランジェアSPⅡ,
2776,アクアランジェアSPⅢ,
2777,アクアランジェアSPⅣ,
2778,アクアランジェアSPⅤ,
2779,アクアランジェアSPⅥ,
2780,アクアランジェアSPⅦ,
2781,アイスキャンサーSPⅠ,
2782,アイスキャンサーSPⅡ,
2783,アイスキャンサーSPⅢ,
2784,アイスキャンサーSPⅣ,
2785,アイスキャンサーSPⅤ,
2786,アイスキャンサーSPⅥ,
2787,アイスキャンサーSPⅦ,
2788,,
2789,,
2790,,
2791,,
2792,,
2793,,
2794,,
2795,,
2796,,
2797,,
2798,,
2799,,
2800,,
2801,,
2802,,
2803,,
2804,,
2805,,
2806,,
2807,,
2808,,
2809,,
2810,,
2811,,
2812,,
2813,,
2814,,
2815,,
2816,,
2817,,
2818,,
2819,,
2820,,
2821,,
2822,,
2823,,
2824,,
2825,,
2826,,
2827,,
2828,,
2829,,
2830,,
2831,,
2832,,
2833,,
2834,,
2835,,
2836,,
2837,,
2838,,
2839,,
2840,,
2841,,
2842,,
2843,,
2844,,
2845,,
2846,,
2847,,
2848,,
2849,,
2850,,
2851,,
2852,,
2853,,
2854,,
2855,,
2856,,
2857,,
2858,,
2859,,
2860,,
2861,,
2862,,
2863,,
2864,,
2865,,
2866,,
2867,,
2868,,
2869,,
2870,,
2871,,
2872,,
2873,,
2874,,
2875,,
2876,,
2877,,
2878,,
2879,,
2880,,
2881,,
2882,,
2883,,
2884,,
2885,,
2886,,
2887,,
2888,,
2889,,
2890,,
2891,,
2892,,
2893,,
2894,,
2895,,
2896,,
2897,,
2898,,
2899,,
2900,,
2901,,
2902,,
2903,,
2904,,
2905,,
2906,,
2907,,
2908,,
2909,,
2910,,
2911,,
2912,,
2913,,
2914,,
2915,,
2916,,
2917,,
2918,,
2919,,
2920,,
2921,,
2922,,
2923,,
2924,,
2925,,
2926,,
2927,,
2928,,
2929,,
2930,,
2931,,
2932,,
2933,,
2934,,
2935,,
2936,,
2937,,
2938,,
2939,,
2940,,
2941,,
2942,,
2943,,
2944,,
2945,,
2946,,
2947,,
2948,,
2949,,
2950,,
2951,,
2952,,
2953,,
2954,,
2955,,
2956,,
2957,,
2958,,
2959,,
2960,,
2961,,
2962,,
2963,,
2964,,
2965,,
2966,,
2967,,
2968,,
2969,,
2970,,
2971,,
2972,,
2973,,
2974,,
2975,,
2976,,
2977,,
2978,,
2979,,
2980,,
2981,,
2982,,
2983,,
2984,,
2985,,
2986,,
2987,,
2988,,
2989,,
2990,,
2991,,
2992,,
2993,,
2994,,
2995,,
2996,,
2997,,
2998,,
2999,,
3000,,
3001,,
3002,,
3003,,
3004,,
3005,,
3006,,
3007,,
3008,,
3009,,
3010,,
3011,,
3012,,
3013,,
3014,,
3015,,
3016,,
3017,,
3018,,
3019,,
3020,,
3021,,
3022,,
3023,,
3024,,
3025,,
3026,,
3027,,
3028,,
3029,,
3030,,
3031,,
3032,,
3033,,
3034,,
3035,,
3036,,
3037,,
3038,,
3039,,
3040,,
3041,,
3042,,
3043,,
3044,,
3045,,
3046,,
3047,,
3048,,
3049,,
3050,,
3051,,
3052,,
3053,,
3054,,
3055,,
3056,,
3057,,
3058,,
3059,,
3060,,
3061,,
3062,,
3063,,
3064,,
3065,,
3066,,
3067,,
3068,,
3069,,
3070,,
3071,,
3072,,
3073,,
3074,,
3075,,
3076,,
3077,,
3078,,
3079,,
3080,,
3081,,
3082,,
3083,,
3084,,
3085,,
3086,,
3087,,
3088,,
3089,,
3090,,
3091,,
3092,,
3093,,
3094,,
3095,,
3096,,
3097,,
3098,,
3099,,
3100,,
3101,,
3102,,
3103,,
3104,,
3105,,
3106,,
3107,,
3108,,
3109,,
3110,,
3111,,
3112,,
3113,,
3114,,
3115,,
3116,,
3117,,
3118,,
3119,,
3120,,
3121,,
3122,,
3123,,
3124,,
3125,,
3126,,
3127,,
3128,,
3129,,
3130,,
3131,,
3132,,
3133,,
3134,,
3135,,
3136,,
3137,,
3138,,
3139,,
3140,,
3141,,
3142,,
3143,,
3144,,
3145,,
3146,,
3147,,
3148,,
3149,,
3150,,
3151,,
3152,,
3153,,
3154,,
3155,,
3156,,
3157,,
3158,,
3159,,
3160,,
3161,,
3162,,
3163,,
3164,,
3165,,
3166,,
3167,,
3168,,
3169,,
3170,,
3171,,
3172,,
3173,,
3174,,
3175,,
3176,,
3177,,
3178,,
3179,,
3180,,
3181,,
3182,,
3183,,
3184,,
3185,,
3186,,
3187,,
3188,,
3189,,
3190,,
3191,,
3192,,
3193,,
3194,,
3195,,
3196,,
3197,,
3198,,
3199,,
3200,,
3201,,
3202,,
3203,,
3204,,
3205,,
3206,,
3207,,
3208,,
3209,,
3210,,
3211,,
3212,,
3213,,
3214,,
3215,,
3216,,
3217,,
3218,,
3219,,
3220,,
3221,,
3222,,
3223,,
3224,,
3225,,
3226,,
3227,,
3228,,
3229,,
3230,,
3231,,
3232,,
3233,,
3234,,
3235,,
3236,,
3237,,
3238,,
3239,,
3240,,
3241,,
3242,,
3243,,
3244,,
3245,,
3246,,
3247,,
3248,,
3249,,
3250,,
3251,,
3252,,
3253,,
3254,,
3255,,
3256,,
3257,,
3258,,
3259,,
3260,,
3261,,
3262,,
3263,,
3264,,
3265,,
3266,,
3267,,
3268,,
3269,,
3270,,
3271,,
3272,,
3273,,
3274,,
3275,,
3276,,
3277,,
3278,,
3279,,
3280,,
3281,,
3282,,
3283,,
3284,,
3285,,
3286,,
3287,,
3288,,
3289,,
3290,,
3291,,
3292,,
3293,,
3294,,
3295,,
3296,,
3297,,
3298,,
3299,,
3300,,
3301,,
3302,,
3303,,
3304,,
3305,,
3306,,
3307,,
3308,,
3309,,
3310,,
3311,,
3312,,
3313,,
3314,,
3315,,
3316,,
3317,,
3318,,
3319,,
3320,,
3321,,
3322,,
3323,,
3324,,
3325,,
3326,,
3327,,
3328,,
3329,,
3330,,
3331,,
3332,,
3333,,
3334,,
3335,,
3336,,
3337,,
3338,,
3339,,
3340,,
3341,,
3342,,
3343,,
3344,,
3345,,
3346,,
3347,,
3348,,
3349,,
3350,,
3351,,
3352,,
3353,,
3354,,
3355,,
3356,,
3357,,
3358,,
3359,,
3360,,
3361,,
3362,,
3363,,
3364,,
3365,,
3366,,
3367,,
3368,,
3369,,
3370,,
3371,,
3372,,
3373,,
3374,,
3375,,
3376,,
3377,,
3378,,
3379,,
3380,,
3381,,
3382,,
3383,,
3384,,
3385,,
3386,,
3387,,
3388,,
3389,,
3390,,
3391,,
3392,,
3393,,
3394,,
3395,,
3396,,
3397,,
3398,,
3399,,
3400,,
3401,,
3402,,
3403,,
3404,,
3405,,
3406,,
3407,,
3408,,
3409,,
3410,,
3411,,
3412,,
3413,,
3414,,
3415,,
3416,,
3417,,
3418,,
3419,,
3420,,
3421,,
3422,,
3423,,
3424,,
3425,,
3426,,
3427,,
3428,,
3429,,
3430,,
3431,,
3432,,
3433,,
3434,,
3435,,
3436,,
3437,,
3438,,
3439,,
3440,,
3441,,
3442,,
3443,,
3444,,
3445,,
3446,,
3447,,
3448,,
3449,,
3450,,
3451,,
3452,,
3453,,
3454,,
3455,,
3456,,
3457,,
3458,,
3459,,
3460,,
3461,,
3462,,
3463,,
3464,,
3465,,
3466,,
3467,,
3468,,
3469,,
3470,,
3471,,
3472,,
3473,,
3474,,
3475,,
3476,,
3477,,
3478,,
3479,,
3480,,
3481,,
3482,,
3483,,
3484,,
3485,,
3486,,
3487,,
3488,,
3489,,
3490,,
3491,,
3492,,
3493,,
3494,,
3495,,
3496,,
3497,,
3498,,
3499,,
3500,ギラウン,
3501,ギラ・スガッド,
3502,メギラ・スガッド,
3503,メテオズ・ゲート,
3504,重撃大斧,
3505,重撃剛斧,
3506,重撃激斧,
3507,重撃王斧,
3508,ダオラ＝ミストラル,
3509,キャラバンブレイドⅠ,
3510,キャラバンブレイドⅡ,
3511,キャラバンブレイドⅢ,
3512,キャラバンブレイドⅣ,
3513,キャラバンブレイドⅤ,
3514,試作【坊主】,
3515,業物【快釣】,
3516,大業物【大漁】,
3517,太公望,
3518,クレイモアⅠ【白】,
3519,クレイモアⅡ【白】,
3520,クレイモアⅢ【白】,
3521,セイヴザクイーン,
3522,クレイモアⅠ【黒】,
3523,クレイモアⅡ【黒】,
3524,クレイモアⅢ【黒】,
3525,ダインスレイブ,
3526,クレイモアⅠ【紅】,
3527,クレイモアⅡ【紅】,
3528,クレイモアⅢ【紅】,
3529,アロンダイト,
3530,トゥーハンドソードⅠ,
3531,トゥーハンドソードⅡ,
3532,トゥーハンドソードⅢ,
3533,カリバーン,
3534,クレイモアⅠ【蒼】,
3535,クレイモアⅡ【蒼】,
3536,クレイモアⅢ【蒼】,
3537,バルムンク,
3538,エンブレイドⅠ【黄】,
3539,エンブレイドⅡ【黄】,
3540,エンブレイドⅢ【黄】,
3541,エンドブレイカー,
3542,フェクダード,
3543,フェグラッハ,
3544,エグラバーソ,
3545,シューティングスター,
3546,ガノスレイザー,
3547,ガノスシェーバー,
3548,ガノスブレイド,
3549,ガノスソニック,
3550,黒刀【光ノ型】,
3551,黒刀【闇ノ型】,
3552,メグジス,
3553,メグジスハード,
3554,メギレスバッシュ,
3555,グレイズ・ジーグ,
3556,サフィールスネークⅠ,
3557,サフィールスネークⅡ,
3558,サフィールスネークⅢ,
3559,サフィールスネークⅣ,
3560,幻雷鎚【雷鳴】,
3561,幻雷鎚【雷電】,
3562,イカリトルネード,
3563,怪怪鎚イャンクック,
3564,キャラバンハンマーⅠ,
3565,キャラバンハンマーⅡ,
3566,キャラバンハンマーⅢ,
3567,キャラバンハンマーⅣ,
3568,キャラバンハンマーⅤ,
3569,アリエクサー,
3570,ファルエクサー,
3571,ヴェルエクサー,
3572,レンテ・アリオット,
3573,サフィールバイソンⅠ,
3574,サフィールバイソンⅡ,
3575,サフィールバイソンⅢ,
3576,サフィールバイソンⅣ,
3577,プッチババランスⅠ,
3578,プッチババランスⅡ,
3579,プッチババランスⅢ,
3580,プッチババランスⅣ,
3581,猪突猛槍ドスファンゴ,
3582,漆黒重槍グラビモス,
3583,ブリザードランス,
3584,メリクリート,
3585,メリグリード,
3586,メリー・クリスマ,
3587,メリー・グリスマ,
3588,紅水晶ランス,
3589,シュランクスピネル,
3590,グローススピネル,
3591,スウィートローゼ,
3592,紫水晶ランス,
3593,シュランクアメジスト,
3594,グロースアメジスト,
3595,ゴージャスヴィオーラ,
3596,テオ＝スパーク,
3597,テオ＝ブラスト,
3598,フレアブロス,
3599,キャラバン銃槍Ⅰ,
3600,キャラバン銃槍Ⅱ,
3601,キャラバン銃槍Ⅲ,
3602,キャラバン銃槍Ⅳ,
3603,キャラバン銃槍Ⅴ,
3604,ミルサ,
3605,ミルザ・レングス,
3606,ミルザ・ローグ,
3607,ストレミルザ,
3608,レイズエッジ,
3609,レイズスライサー,
3610,レイズリーパー,
3611,ダブルレイズ,
3612,真舞雷剣【鳳凰】,
3613,真舞雷大剣【金鷲】,
3614,真舞雷笛【不如帰】,
3615,真舞雷銃槍【朱雀】,
3616,パギュールエペ,
3617,パギュールアルム,
3618,パギュールグロワール,
3619,パギュールウルティム,
3620,アミクスフォルス,
3621,トリフェンソードⅠ,
3622,トリフェンソードⅡ,
3623,トリフェンソードⅢ,
3624,ファセータ・デュエル,
3625,ゴールドクレストⅠ,
3626,ゴールドクレストⅡ,
3627,ゴールドクレストⅢ,
3628,ゴールドクレストⅣ,
3629,シルバークレストⅠ,
3630,シルバークレストⅡ,
3631,シルバークレストⅢ,
3632,シルバークレストⅣ,
3633,ブロンズクレストⅠ,
3634,ブロンズクレストⅡ,
3635,ブロンズクレストⅢ,
3636,ブロンズクレストⅣ,
3637,舞雷双【鴛鴦】,
3638,舞雷双【朱鷺】,
3639,真舞雷双【極楽鳥】,
3640,真舞雷双【迦楼羅】,
3641,バトルマリエッジⅠ,
3642,バトルマリエッジⅡ,
3643,バトルマリエッジⅢ,
3644,カノレボ・シション,
3645,モナト＝クリーク,
3646,ヤール＝クリーク,
3647,エイラ＝クリーク,
3648,エンデ＝クリーク,
3649,ツインエッジⅠ【白】,
3650,ツインエッジⅡ【白】,
3651,ツインエッジⅢ【白】,
3652,アスカロン,
3653,ツインエッジⅠ【黒】,
3654,ツインエッジⅡ【黒】,
3655,ツインエッジⅢ【黒】,
3656,ドラグヴァンディル,
3657,フレイムエッジⅠ,
3658,フレイムエッジⅡ,
3659,フレイムエッジⅢ,
3660,ベリサルダ,
3661,ツインエッジⅠ【蒼】,
3662,ツインエッジⅡ【蒼】,
3663,ツインエッジⅢ【蒼】,
3664,コルブラント,
3665,デュアルソードⅠ,
3666,デュアルソードⅡ,
3667,デュアルソードⅢ,
3668,カラドコルグ,
3669,ツインエッジⅠ【黄】,
3670,ツインエッジⅡ【黄】,
3671,ツインエッジⅢ【黄】,
3672,フラガラッハ,
3673,サフィールスワロウⅠ,
3674,サフィールスワロウⅡ,
3675,サフィールスワロウⅢ,
3676,サフィールスワロウⅣ,
3677,炎王大剣【獄炎】,
3678,炎王大剣【暴君】,
3679,スティールハート,
3680,バインドハート,
3681,ホールドハート,
3682,スィートハート,
3683,ネフライトブレイドⅠ,
3684,ネフライトブレイドⅡ,
3685,ネフライトブレイドⅢ,
3686,バシリス・プリンシセ,
3687,サフィールライノスⅠ,
3688,サフィールライノスⅡ,
3689,サフィールライノスⅢ,
3690,サフィールライノスⅣ,
3691,長蒼刀【鎌将軍】,
3692,長蒼刀【刃将軍】,
3693,長蒼刀【大将軍】,
3694,長蒼刀【鬼将軍】,
3695,屠龍刃,
3696,屠龍刃【鉄鎖】,
3697,屠龍刃【鋸斬】,
3698,真・屠龍刃【神殺】,
3699,舞雷鎚【百舌】,
3700,舞雷鎚【梟】,
3701,真舞雷鎚【鴉】,
3702,真舞雷鎚【八咫烏】,
3703,ガガクパイプ【笙】,
3704,ガガクパイプ【鳳笙】,
3705,ブラス＝マルシュ,
3706,クルツ＝マルシュ,
3707,ラング＝マルシュ,
3708,グレル＝マルシュ,
3709,セレストロメントⅠ,
3710,セレストロメントⅡ,
3711,セレストロメントⅢ,
3712,ドレッド・マーキス,
3713,幻雷槍【迅雷】,
3714,幻雷槍【雷光】,
3715,マカライトランス,
3716,マカライトランス・改,
3717,マカライトスピア,
3718,燕雀槍マカライト,
3719,フルフルランス,
3720,フルミナントランス,
3721,フルミナントランス改,
3722,フルフルインジェクト,
3723,スピネリオンランスⅠ,
3724,スピネリオンランスⅡ,
3725,スピネリオンランスⅢ,
3726,クルクス・クロワ,
3727,海銃槍【渚】,
3728,海銃槍【珊瑚】,
3729,大海銃槍【紺碧】,
3730,深海銃槍【乙姫】,
3731,ジェイドガンランスⅠ,
3732,ジェイドガンランスⅡ,
3733,ジェイドガンランスⅢ,
3734,イデア・リエル,
3735,サフィールホークⅠ,
3736,サフィールホークⅡ,
3737,サフィールホークⅢ,
3738,サフィールホークⅣ,
3739,ミリオンナイフ,
3740,ミリオンエッジ,
3741,ミリオンソード,
3742,オール・フォア・ワン,
3743,ドン・ククリ,
3744,ドン・ダガー,
3745,ドドン・レイピア,
3746,ドドン・エッジ,
3747,マレカリンガ,
3748,己龍剣【蒼鬼】,
3749,フランベルジュ,
3750,フレイベルジュ,
3751,ジャーマベルジュ,
3752,フィアンベルジュ,
3753,フラム・レーム,
3754,アクア・レーム,
3755,ドルミ・レーム,
3756,ピンクリザード【華】,
3757,ピンクリザード【爛】,
3758,ダミー,
3759,ダミー,
3760,ダミー,
3761,ねこ手【義賊】,
3762,ケレスシュヴェルトⅠ,
3763,ケレスシュヴェルトⅡ,
3764,ケレスシュヴェルトⅢ,
3765,ルナヘリオス,
3766,ドン・ツインズ,
3767,ドン・デュアル,
3768,ドドン・クロー,
3769,ドドン・シザー,
3770,新たな伝説の双炎刃,
3771,ヒュプノカッター,
3772,ヒュプノスライサー,
3773,ヒュプノシュレッダー,
3774,ヒュプノクライシス,
3775,ギガクロウズⅠ【白】,
3776,ギガクロウズⅡ【白】,
3777,ギガクロウズⅢ【白】,
3778,プリスクスペイン,
3779,ギガクロウズⅠ【黒】,
3780,ギガクロウズⅡ【黒】,
3781,ギガクロウズⅢ【黒】,
3782,ダルグシュメルツ,
3783,ギガクロウズⅠ【紅】,
3784,ギガクロウズⅡ【紅】,
3785,ギガクロウズⅢ【紅】,
3786,ミエドプロクス,
3787,ギガクロウズⅠ【蒼】,
3788,ギガクロウズⅡ【蒼】,
3789,ギガクロウズⅢ【蒼】,
3790,ディルクリスタロ,
3791,アクアクロウズⅠ,
3792,アクアクロウズⅡ,
3793,アクアクロウズⅢ,
3794,ヴァサリド,
3795,ギガクロウズⅠ【黄】,
3796,ギガクロウズⅡ【黄】,
3797,ギガクロウズⅢ【黄】,
3798,フォルティネル,
3799,エクレール・ヴィオ,
3800,ブレス・ケージ,
3801,パラスツヴァイⅠ,
3802,パラスツヴァイⅡ,
3803,パラスツヴァイⅢ,
3804,パラスクラージュ,
3805,ネブララケルタ,
3806,ネブラグラディウス,
3807,ダークミラブレイド,
3808,エクエスソード,
3809,エクエスシュヴェルト,
3810,エクエスシュナイデ,
3811,ヴァイスラプター,
3812,ストレガソード,
3813,ストレガシュヴェルト,
3814,ストレガシュナイデ,
3815,シュヴァルツラプター,
3816,ガルス＝シミター,
3817,ダボア＝シミター,
3818,エチス＝シミター,
3819,ナジャ＝シミター,
3820,セラムヴェンター,
3821,エーデルセラム,
3822,エーデルヴァイス,
3823,リヒトヘルト,
3824,アイゼンヴェンター,
3825,エーデルアイゼン,
3826,エーデルシュヴァルツ,
3827,ナハトヘルト,
3828,ルビーノライノスⅠ,
3829,ルビーノライノスⅡ,
3830,ルビーノライノスⅢ,
3831,ルビーノライノスⅣ,
3832,羽子板ブレイド【麗】,
3833,ブレイドオブジュノⅠ,
3834,ブレイドオブジュノⅡ,
3835,ブレイドオブジュノⅢ,
3836,スターダストブレイド,
3837,ドン・スラッシュ,
3838,ドン・シェーバー,
3839,ドドン・ブレイド,
3840,ドドン・トウ,
3841,龍刀【業炎】,
3842,鎌威太刀－極,
3843,ルビーノスネークⅠ,
3844,ルビーノスネークⅡ,
3845,ルビーノスネークⅢ,
3846,ルビーノスネークⅣ,
3847,ヴェスタレイザーⅠ,
3848,ヴェスタレイザーⅡ,
3849,ヴェスタレイザーⅢ,
3850,グロリアヴェスタ,
3851,ネブラマッレウス,
3852,ネブララピス,
3853,さぼてんブレイカー,
3854,デスヴェノムヘッド,
3855,エクエスメイス,
3856,エクエスハンマー,
3857,エクエスインパクト,
3858,ヴァイスゲベート,
3859,ストレガメイス,
3860,ストレガハンマー,
3861,ストレガインパクト,
3862,シュヴァルツゲベート,
3863,セラムジリダー,
3864,エレガーセラム,
3865,エレガーヴァイス,
3866,リヒトリヴァーレ,
3867,アイゼンジリダー,
3868,エレガーアイゼン,
3869,エレガーシュヴァルツ,
3870,ナハトリヴァーレ,
3871,ルビーノバイソンⅠ,
3872,ルビーノバイソンⅡ,
3873,ルビーノバイソンⅢ,
3874,ルビーノバイソンⅣ,
3875,フューリーギフト,
3876,ドドドドドスパライズ,
3877,アトラスバスターⅠ,
3878,アトラスバスターⅡ,
3879,アトラスバスターⅢ,
3880,グレイトグロウブ,
3881,ドン・ホルン,
3882,ドン・フルート,
3883,ドドン・ホイッスル,
3884,ドドン・オーボワ,
3885,ガルルガサックス,
3886,ドン・ホーン,
3887,ドン・スピア,
3888,ドドン・タワー,
3889,ドドン・マウンテン,
3890,蝕槍グラビモス,
3891,ネブライグニス,
3892,ネブラフランマ,
3893,スカーレットクィーン,
3894,ゲベアハスタⅠ【白】,
3895,ゲベアハスタⅡ【白】,
3896,ゲベアハスタⅢ【白】,
3897,グングニル,
3898,ゲベアハスタⅠ【黒】,
3899,ゲベアハスタⅡ【黒】,
3900,ゲベアハスタⅢ【黒】,
3901,ロンゴミニアト,
3902,ゲベアハスタⅠ【紅】,
3903,ゲベアハスタⅡ【紅】,
3904,ゲベアハスタⅢ【紅】,
3905,ルーン,
3906,ゲベアハスタⅠ【蒼】,
3907,ゲベアハスタⅡ【蒼】,
3908,ゲベアハスタⅢ【蒼】,
3909,マルテ,
3910,アルトガンランスⅠ,
3911,アルトガンランスⅡ,
3912,アルトガンランスⅢ,
3913,ロムルス,
3914,ゲベアハスタⅠ【黄】,
3915,ゲベアハスタⅡ【黄】,
3916,ゲベアハスタⅢ【黄】,
3917,ブリューナク,
3918,フェアネス真式,
3919,ノヴァフローラⅠ,
3920,ノヴァフローラⅡ,
3921,ノヴァフローラⅢ,
3922,スーパーノヴァ,
3923,ホノオブレイド,
3924,グレンブレイド,
3925,ゴクエンブレイド,
3926,バクエンブレイド,
3927,白蛇剣【氷牙】,
3928,ゴールドスラッシュ,
3929,ヒプノロッド,
3930,ヒプノマリオネット,
3931,カラクリヒプノック,
3932,超カラクリヒプノック,
3933,スフィーダクレストⅠ,
3934,スフィーダクレストⅡ,
3935,スフィーダクレストⅢ,
3936,スフィーダクレストⅣ,
3937,ルビーノリザードⅠ,
3938,ルビーノリザードⅡ,
3939,ルビーノリザードⅢ,
3940,ルビーノリザードⅣ,
3941,レンブラントソードⅠ,
3942,レンブラントソードⅡ,
3943,レンブラントソードⅢ,
3944,レンブラント・マダー,
3945,バッデリィソードⅠ,
3946,バッデリィソードⅡ,
3947,バッデリィソードⅢ,
3948,デッドリー・アザード,
3949,蒼翔桜乱双【松】,
3950,蒼翔桜乱双【桐】,
3951,蒼翔桜乱双【坊主】,
3952,松桐坊主,
3953,極封龍剣【超絶一門】,
3954,エクエスカッター,
3955,エクエススライサー,
3956,エクエスシュレッダー,
3957,ヴァイスヴィント,
3958,ストレガカッター,
3959,ストレガスライサー,
3960,ストレガシュレッダー,
3961,シュヴァルツヴィント,
3962,アイルーククリ,
3963,アイルーククリ・改,
3964,カッティングアイルー,
3965,緊縛双刃アイルー,
3966,メラルーククリ,
3967,メラルーククリ・改,
3968,カッティングメラルー,
3969,獄炎双刃メラルー,
3970,レッドブレイドⅠ,
3971,レッドブレイドⅡ,
3972,レッドブレイドⅢ,
3973,フィニックス・レッド,
3974,カーミスツインズⅠ,
3975,カーミスツインズⅡ,
3976,カーミスツインズⅢ,
3977,カーネリアンソード,
3978,コルソ,
3979,カスカータ,
3980,カスカータ・エノルメ,
3981,プリメーロエスパーダ,
3982,レガシープレート,
3983,ブランソード,
3984,ブランブレイド,
3985,ブランディウス,
3986,ブランディッシュ,
3987,サフィールシャークⅠ,
3988,サフィールシャークⅡ,
3989,サフィールシャークⅢ,
3990,サフィールシャークⅣ,
3991,シナヴァーブレイドⅠ,
3992,シナヴァーブレイドⅡ,
3993,シナヴァーブレイドⅢ,
3994,ヴァーミリオンテラー,
3995,クロライツブレイドⅠ,
3996,クロライツブレイドⅡ,
3997,クロライツブレイドⅢ,
3998,セラフィナイツ,
3999,鋼龍刃,
4000,エール＝ダオラ,
4001,極封龍刀【裂破】,
4002,飛竜刀【桐葉】,
4003,メタルカッター,
4004,メタルセイバー,
4005,メタルエッジ,
4006,メタルブレイド,
4007,クリスクレイモアⅠ,
4008,クリスクレイモアⅡ,
4009,クリスクレイモアⅢ,
4010,クリストローゼス,
4011,ドン・スタンプ,
4012,ドン・ハンマー,
4013,ドドン・クラッシャー,
4014,ドドン・デストロイ,
4015,エスカルチャ,
4016,バソールトハンマー,
4017,クラウンハンマー,
4018,バスタークラウン,
4019,スマッシュクラウン,
4020,ヒュージクラウン,
4021,パビリオンハンマー,
4022,バスターパビリオン,
4023,スマッシュパビリオン,
4024,ヒュージパビリオン,
4025,グラニエハンマーⅠ,
4026,グラニエハンマーⅡ,
4027,グラニエハンマーⅢ,
4028,グラニエッド・ボム,
4029,げねぽおるジュニア,
4030,げねぽおる,
4031,げねぽおるプラス,
4032,げねぽおるカスタム,
4033,げねぽおるデラックス,
4034,ジリーノ＝アンダンテ,
4035,ジリーノ＝モデラート,
4036,ジリーノ＝アレグロ,
4037,ジリーノ＝プレスト,
4038,テタール＝アンダンテ,
4039,テタール＝モデラート,
4040,テタール＝アレグロ,
4041,テタール＝プレスト,
4042,サフィールアクリスⅠ,
4043,サフィールアクリスⅡ,
4044,サフィールアクリスⅢ,
4045,サフィールアクリスⅣ,
4046,ガートパイプⅠ,
4047,ガートパイプⅡ,
4048,ガートパイプⅢ,
4049,ロードライト,
4050,舞雷槍【小鷺】,
4051,舞雷槍【大鷺】,
4052,真舞雷槍【尾長鶏】,
4053,真舞雷槍【鴆】,
4054,ラピッズランス,
4055,アンドレイヤー改,
4056,ユニオンランス,
4057,ユニオンランス・改,
4058,ユニオンスピア,
4059,白鳩槍ユニオン,
4060,アカムスクウィード,
4061,アカムスクウィード改,
4062,アカムグリダール,
4063,アカムシュペルブ,
4064,サフィールセーピアⅠ,
4065,サフィールセーピアⅡ,
4066,サフィールセーピアⅢ,
4067,サフィールセーピアⅣ,
4068,シドライトランスⅠ,
4069,シドライトランスⅡ,
4070,シドライトランスⅢ,
4071,ホーク・アイ,
4072,ドン・シリンダー,
4073,ドン・ブラスター,
4074,ドドン・キャノン,
4075,ドドン・ゲイザー,
4076,ホワイトブラスト,
4077,ロッサガンランスⅠ,
4078,ロッサガンランスⅡ,
4079,ロッサガンランスⅢ,
4080,ルブルムガンランス,
4081,アゲートキャノンⅠ,
4082,アゲートキャノンⅡ,
4083,アゲートキャノンⅢ,
4084,バンデッドガンランス,
4085,ペルレメッサー,
4086,ペルレシュメルツ,
4087,ペルレゲダイエン,
4088,ペルレツァーン,
4089,ペルレナーゲル,
4090,ペルレエーアガイツ,
4091,ペルレブレット,
4092,ペルレテラー,
4093,ペルレクラフト,
4094,ペルレフェーダー,
4095,ペルレフリューゲル,
4096,ペルレヒンメル,
4097,ペルレハンマー,
4098,ペルレファウスト,
4099,ペルレウンヴェッタ,
4100,ペルレギタレ,
4101,ペルレムート,
4102,ペルレゼーレ,
4103,ペルレランツェ,
4104,ペルレトゥルム,
4105,ペルレベギールデ,
4106,ペルレカノーネ,
4107,ペルレパンツァー,
4108,ペルレヘルリヒ,
4109,殻王剣【砦】,
4110,殻王剣【不落】,
4111,巨龍剣【不動】,
4112,巨龍剣【オリンポス】,
4113,殻王刀【堅】,
4114,殻王刀【硬】,
4115,ゴールドクレストⅤ,
4116,シルバークレストⅤ,
4117,ブロンズクレストⅤ,
4118,スフィーダクレストⅤ,
4119,牙狼剣【峯雲】,
4120,牙狼剣【彩雲】,
4121,天狼剣【東雲】,
4122,天狼剣【叢雲】,
4123,クラブソード,
4124,クラブソード改,
4125,キングクラブソード,
4126,ダイミョウソード,
4127,アイギスフォース,
4128,ブレイドシールド,
4129,クイーンゴールド,
4130,キリコミ,
4131,キリヌキ,
4132,キリオトシ,
4133,キリキザミ,
4134,フロストフィスカル,
4135,ヘイルフィスカル,
4136,グラスフィスカル,
4137,ネーヴェフィスカル,
4138,カームフィスカル,
4139,ブリーズフィスカル,
4140,ラファールフィスカル,
4141,ストームフィスカル,
4142,ブライヤルドⅠ,
4143,ブライヤルドⅡ,
4144,ブライヤルドⅢ,
4145,ブラフェルイヤェド,
4146,ゼスティン・グラムⅠ,
4147,ゼスティン・グラムⅡ,
4148,ゼスティン・グラムⅢ,
4149,ゼスティン・ブレイド,
4150,ルブルムクレストⅠ,
4151,ルブルムクレストⅡ,
4152,ルブルムクレストⅢ,
4153,ルブルムクレストⅣ,
4154,ルブルムクレストⅤ,
4155,スティールリザードⅤ,
4156,炎妃双【清純】,
4157,炎妃双【悪女】,
4158,ドスランポスクロウズ,
4159,グレートトマホーク,
4160,グレートトマホーク改,
4161,ツインアックス,
4162,レント・チフⅠ,
4163,レント・チフⅡ,
4164,レント・チフⅢ,
4165,アシッドレンチャー,
4166,ストーム・エールⅠ,
4167,ストーム・エールⅡ,
4168,ストーム・エールⅢ,
4169,ストーム・レイド,
4170,ルビーノスワロウⅠ,
4171,ルビーノスワロウⅡ,
4172,ルビーノスワロウⅢ,
4173,ルビーノスワロウⅣ,
4174,スティールスワロウⅤ,
4175,牙狼大剣【月輪】,
4176,牙狼大剣【月影】,
4177,天狼大剣【月光】,
4178,天狼大剣【月讀】,
4179,ブリュンヒルデ,
4180,ジークフリート,
4181,極封龍剣【超滅一門】,
4182,スノウファルクス,
4183,スノウファルクス・改,
4184,ブリザードシャーム,
4185,ブリザードフェザー,
4186,グランファルクス,
4187,グランファルクス・改,
4188,ジャイアントシャーム,
4189,ジャイアントフェザー,
4190,アミクシアール,
4191,アミクシアール・改,
4192,アミクシアルド,
4193,アミクスクライブ,
4194,ヴェヒターアクスト,
4195,リッターアクスト,
4196,ケーニヒアクスト,
4197,ヤクトアクスト,
4198,クヴェレアクスト,
4199,フュールアクスト,
4200,フラムアクスト,
4201,アッシュアクスト,
4202,グローザアクスト,
4203,グロームアクスト,
4204,ブリアアクスト,
4205,イクスラアクスト,
4206,ドライブ・ヴァストⅠ,
4207,ドライブ・ヴァストⅡ,
4208,ドライブ・ヴァストⅢ,
4209,ヴェレルドライブ,
4210,フルスマッシュⅠ,
4211,フルスマッシュⅡ,
4212,フルスマッシュⅢ,
4213,スマッシュ・ダイト,
4214,スティールライノスⅤ,
4215,スティールシャークⅤ,
4216,牙狼刀【須世理】,
4217,牙狼刀【大国主】,
4218,天狼刀【八岐大蛇】,
4219,天狼刀【須佐之男】,
4220,オオツナミ,
4221,紅炎刃【焦熱】,
4222,イエロカルマ,
4223,イエロブリッサ,
4224,イエロビエント,
4225,イエロラファーガ,
4226,イエロウラカーン,
4227,メラルーペイン,
4228,メラルーペナルティ,
4229,メラルージャッジ,
4230,メラルーパニッシュ,
4231,龍牙刀【夕闇】,
4232,龍牙刀【宵闇】,
4233,龍牙刀【闇夜】,
4234,龍牙刀【漆黒】,
4235,海鳴刀【凪】,
4236,海鳴刀【小波】,
4237,海鳴刀【大波】,
4238,海鳴刀【津波】,
4239,桜華刀【蕾】,
4240,桜華刀【三分】,
4241,桜華刀【七分】,
4242,桜華刀【爛漫】,
4243,ニルゲド・バルアⅠ,
4244,ニルゲド・バルアⅡ,
4245,ニルゲド・バルアⅢ,
4246,ニルアゲルアパルア,
4247,トランスブレードⅠ,
4248,トランスブレードⅡ,
4249,トランスブレードⅢ,
4250,トランス・ブレイカー,
4251,スティールスネークⅤ,
4252,牙狼槌【出雲】,
4253,牙狼槌【八雲】,
4254,天狼槌【瑞雲】,
4255,天狼槌【景雲】,
4256,ステッラ・フィッサ,
4257,永久氷塊,
4258,剛槌【壱転】,
4259,剛槌【弐転】,
4260,剛槌【参転】,
4261,剛槌【大回転】,
4262,ストレイフⅠ【青】,
4263,ストレイフⅡ【青】,
4264,ストレイフⅢ【青】,
4265,グラザムシュネー,
4266,ストレイフⅠ【赤】,
4267,ストレイフⅡ【赤】,
4268,ストレイフⅢ【赤】,
4269,エヒトグルート,
4270,ストレイフⅠ【黄】,
4271,ストレイフⅡ【黄】,
4272,ストレイフⅢ【黄】,
4273,ブリッツディーレ,
4274,ストレイフⅠ【水】,
4275,ストレイフⅡ【水】,
4276,ストレイフⅢ【水】,
4277,フリューナス,
4278,ストレイフⅠ【白】,
4279,ストレイフⅡ【白】,
4280,ストレイフⅢ【白】,
4281,エンデシュナーク,
4282,ストレイフⅠ【黒】,
4283,ストレイフⅡ【黒】,
4284,ストレイフⅢ【黒】,
4285,ファルトドレイク,
4286,ガウシカ・ウッド,
4287,ガウシカ・ゲシェンク,
4288,ガウシカ・ドロン,
4289,ガウシカ・プレゼント,
4290,ダグドハンマーⅠ,
4291,ダグドハンマーⅡ,
4292,ダグドハンマーⅢ,
4293,ダッグドリーハンマー,
4294,ヴィスヴァルⅠ,
4295,ヴィスヴァルⅡ,
4296,ヴィスヴァルⅢ,
4297,ヴィスヴィティー,
4298,スティールバイソンⅤ,
4299,炎妃笛【清楚】,
4300,炎妃笛【妖艶】,
4301,ボルケノヴァン,
4302,チャチャブオー,
4303,チャチャブオム,
4304,チャチャブオール,
4305,チャチャブリア,
4306,アクラリア,
4307,アクラリアス,
4308,アクラリアーノ,
4309,アクラリオン,
4310,スティールアクリスⅤ,
4311,炎妃槍【可憐】,
4312,炎妃槍【華麗】,
4313,イグラーキオーン,
4314,パールカキオーン,
4315,クリウーフキオーン,
4316,バーシニャキオーン,
4317,撃竜槍【金剛】,
4318,ブラックサイクロン,
4319,,
4320,,
4321,,
4322,,
4323,エクエスランス,
4324,エクエススピア,
4325,エクエスハスタ,
4326,ヴァイスベルク,
4327,ストレガランス,
4328,ストレガスピア,
4329,ストレガハスタ,
4330,シュヴァルツベルク,
4331,アクアプローヴァ,
4332,アクアリヒター,
4333,アクアファージョ,
4334,アクアジャスティス,
4335,グロムプローヴァ,
4336,グロムリヒター,
4337,グロムファージョ,
4338,グロムジャスティス,
4339,スティールセーピアⅤ,
4340,牙狼銃槍【星彩】,
4341,牙狼銃槍【巨星】,
4342,天狼銃槍【明星】,
4343,天狼銃槍【極光】,
4344,キングスラッガー,
4345,フリジッドカノン,
4346,フリジッドカノン・改,
4347,フリジッドタワー,
4348,アイスカテドラル,
4349,ドルミーレカノン,
4350,ドルミーレカノン・改,
4351,ドルミーレタワー,
4352,スリープカテドラル,
4353,スケイル・リヴァナⅠ,
4354,スケイル・リヴァナⅡ,
4355,スケイル・リヴァナⅢ,
4356,スケイド・パニッシュ,
4357,デザートサンドⅠ,
4358,デザートサンドⅡ,
4359,デザートサンドⅢ,
4360,デザート・トリック,
4361,ルビーノホークⅠ,
4362,ルビーノホークⅡ,
4363,ルビーノホークⅢ,
4364,ルビーノホークⅣ,
4365,スティールホークⅤ,
4366,クレイターロック,
4367,十一式機械槍,
4368,神龍騎槍ゲイボルガ,
4369,大蛇ノ剣,
4370,大蛇ノ剣【燦然】,
4371,大蛇ノ剣【絢爛】,
4372,大蛇ノ剣【煌然】,
4373,炎妃剣【偏愛】,
4374,炎妃剣【渇愛】,
4375,アルカンシエル,
4376,呪魂－禁,
4377,ハイガノスストーム,
4378,雷神剣インドラ改,
4379,雷神皇剣インドラ,
4380,クックノイカリ,
4381,羽子板ソード,
4382,羽子板ソード【食】,
4383,羽子板ソード【喰】,
4384,羽子板ソード【蝕】,
4385,ロンドⅠ,
4386,ロンドⅡ,
4387,ロンドⅢ,
4388,クリーヴ・ロンド,
4389,ゼーレⅠ,
4390,ゼーレⅡ,
4391,ゼーレⅢ,
4392,クヴァル・ゼーレ,
4393,ルビーノリザードⅤ,
4394,殻王双【甲】,
4395,殻王双【金剛】,
4396,ツイントルネード,
4397,猛毒双オオナズチ,
4398,クラッシャーピッケル,
4399,強化型機械鋸改,
4400,クックスラッシャー,
4401,クレイジーボンボン,
4402,ツインブリッツ,
4403,ツインブリッツ・改,
4404,デュアルブリッツ,
4405,エクレール・ジェム,
4406,ツインパール,
4407,ツインパール・改,
4408,デュアルパール,
4409,ヴェイパー・ジェム,
4410,セレナーデⅠ,
4411,セレナーデⅡ,
4412,セレナーデⅢ,
4413,ラス・セレナーデ,
4414,ナトゥアⅠ,
4415,ナトゥアⅡ,
4416,ナトゥアⅢ,
4417,ラージェ・ナトゥア,
4418,ルビーノスワロウⅤ,
4419,大蛇ノ大鉈,
4420,大蛇ノ大鉈【燦然】,
4421,大蛇ノ大鉈【絢爛】,
4422,大蛇ノ大鉈【煌然】,
4423,ドン・プレート,
4424,ドン・ソード,
4425,ドドン・パニッシャー,
4426,ドドン・ジェノサイド,
4427,爆炎剣リオレウス,
4428,バインドオブキャット,
4429,マリンシザー,
4430,ジェノサイドレイザー,
4431,龍ノ顎,
4432,錆びた大剣,
4433,ジュエルブレイド,
4434,プライムブレイド,
4435,トレジャスブレイド,
4436,インビシブルリッカー,
4437,インビシブルイーター,
4438,インビシブルレイダー,
4439,インビシブルアサシン,
4440,アイスグラディウスⅠ,
4441,アイスグラディウスⅡ,
4442,アイスグラディウスⅢ,
4443,アス・ネージュ,
4444,ライトグラディウスⅠ,
4445,ライトグラディウスⅡ,
4446,ライトグラディウスⅢ,
4447,フォール・クレール,
4448,ペイングラディウスⅠ,
4449,ペイングラディウスⅡ,
4450,ペイングラディウスⅢ,
4451,スタヴルール,
4452,ヒートグラディウスⅠ,
4453,ヒートグラディウスⅡ,
4454,ヒートグラディウスⅢ,
4455,メルヴェ・ミラージ,
4456,プリムグラディウスⅠ,
4457,プリムグラディウスⅡ,
4458,プリムグラディウスⅢ,
4459,イデアル・フェール,
4460,エイムグラディウスⅠ,
4461,エイムグラディウスⅡ,
4462,エイムグラディウスⅢ,
4463,サンク・ウィーヴ,
4464,ファイア・ソーン,
4465,フレイム・ソーン,
4466,ブレイズ・ソーン,
4467,フレア・ソーン,
4468,アイス・ソーン,
4469,アイシクル・ソーン,
4470,フロスト・ソーン,
4471,フリーズ・ソーン,
4472,スパーク・ソーン,
4473,プラズマ・ソーン,
4474,サンダー・ソーン,
4475,ライトニング・ソーン,
4476,ノクターンⅠ,
4477,ノクターンⅡ,
4478,ノクターンⅢ,
4479,ホリッド・ノクターン,
4480,シュニットⅠ,
4481,シュニットⅡ,
4482,シュニットⅢ,
4483,マハト・シュニット,
4484,ルビーノシャークⅠ,
4485,ルビーノシャークⅡ,
4486,ルビーノシャークⅢ,
4487,ルビーノシャークⅣ,
4488,ルビーノシャークⅤ,
4489,ルビーノライノスⅤ,
4490,ダイミョウサイス,
4491,飛竜刀【紅】,
4492,デスブロスサイス,
4493,リアルエクディシス,
4494,岩石丸,
4495,岩殻刀【御影】,
4496,岩殻刀【黒曜】,
4497,岩殻刀【玄武】,
4498,ヒナフェスソード,
4499,ヒナフェスソード改,
4500,真・ヒナフェスソード,
4501,ヒナフェス・ラヴァー,
4502,レアスト・サイス,
4503,エレシュ・サイス,
4504,モル・サイス,
4505,ヴァルキューレ,
4506,陽飾太刀,
4507,陽飾太刀【曙光】,
4508,陽飾太刀【日輪】,
4509,陽飾太刀【天道】,
4510,宵飾太刀,
4511,宵飾太刀【黄昏】,
4512,宵飾太刀【朧夜】,
4513,宵飾太刀【月読】,
4514,ヴィントⅠ,
4515,ヴィントⅡ,
4516,ヴィントⅢ,
4517,リート・ヴィント,
4518,ルビーノスネークⅤ,
4519,浮岳槌【牡丹】,
4520,浮岳槌【天空城】,
4521,ゆめみるベア,
4522,ウォーストライク,
4523,強化型機械鎚,
4524,ソリッドインパクト,
4525,ラージャンスタンプ,
4526,ラージャンストライク,
4527,ラージャンブレイカー,
4528,怒！金獅子インパクト,
4529,パラライズスタンプ,
4530,パラライズスパイク,
4531,パラライズブレイク,
4532,パラライズインパクト,
4533,レーヴスタンプ,
4534,レーヴスパイク,
4535,レーヴブレイク,
4536,レーヴインパクト,
4537,シュトゥルムⅠ,
4538,シュトゥルムⅡ,
4539,シュトゥルムⅢ,
4540,エルガ・シュトゥルム,
4541,ルビーノバイソンⅤ,
4542,牙狼笛【朝霧】,
4543,牙狼笛【夕霧】,
4544,天狼笛【雪風】,
4545,天狼笛【天津風】,
4546,真・轟鼓【虎鐘】,
4547,オカルトオカリナ,
4548,スイートメロディー,
4549,スイートララバイ,
4550,スイートノクターン,
4551,スイートラプソディー,
4552,コンチェルトⅠ,
4553,コンチェルトⅡ,
4554,コンチェルトⅢ,
4555,フレイ・コンチェルト,
4556,ルビーノアクリスⅠ,
4557,ルビーノアクリスⅡ,
4558,ルビーノアクリスⅢ,
4559,ルビーノアクリスⅣ,
4560,ルビーノアクリスⅤ,
4561,大蛇ノ鉾,
4562,大蛇ノ鉾【燦然】,
4563,大蛇ノ鉾【絢爛】,
4564,大蛇ノ鉾【煌然】,
4565,浮岳槍【蓮】,
4566,浮岳槍【極楽浄土】,
4567,改良型機械槍,
4568,オプスキュリテ,
4569,マテンロウ改,
4570,悪鬼羅刹,
4571,グレートハンティング,
4572,ヴァッサーランス,
4573,ソナタⅠ,
4574,ソナタⅡ,
4575,ソナタⅢ,
4576,ハヴォック・ソナタ,
4577,ルビーノセーピアⅠ,
4578,ルビーノセーピアⅡ,
4579,ルビーノセーピアⅢ,
4580,ルビーノセーピアⅣ,
4581,ルビーノセーピアⅤ,
4582,巨龍銃槍【山巓】,
4583,巨龍銃槍【富嶽】,
4584,ブラックアームズ,
4585,海皇槍ポセイドン,
4586,ヘルネイル,
4587,ウォースクリーム,
4588,マスターブレイカー,
4589,ダンディカノン,
4590,ダンディブラスト,
4591,ダンディズム,
4592,蒼火竜銃槍,
4593,蒼火竜銃槍・改,
4594,蒼火竜銃槍【逆鱗】,
4595,蒼火竜銃槍【焦天】,
4596,銀火竜銃槍,
4597,銀火竜銃槍・改,
4598,銀火竜銃槍【逆鱗】,
4599,銀火竜銃槍【焔天】,
4600,フェアリィ,
4601,フェアリィ零式,
4602,フェアリィ百式,
4603,フェアリィ真式,
4604,ダージュⅠ,
4605,ダージュⅡ,
4606,ダージュⅢ,
4607,レイド・ダージュ,
4608,アイゼンⅠ,
4609,アイゼンⅡ,
4610,アイゼンⅢ,
4611,グリュエ・アイゼン,
4612,ルビーノホークⅤ,
4613,キャラバンソードⅥ,
4614,キャラバンブレイドⅥ,
4615,キャラバンハンマーⅥ,
4616,キャラバン銃槍Ⅵ,
4617,キャラバンエッジⅠ,
4618,キャラバンエッジⅡ,
4619,キャラバンエッジⅢ,
4620,キャラバンエッジⅣ,
4621,キャラバンエッジⅤ,
4622,キャラバンエッジⅥ,
4623,キャラバン刀Ⅰ,
4624,キャラバン刀Ⅱ,
4625,キャラバン刀Ⅲ,
4626,キャラバン刀Ⅳ,
4627,キャラバン刀Ⅴ,
4628,キャラバン刀Ⅵ,
4629,キャラバンパイプⅠ,
4630,キャラバンパイプⅡ,
4631,キャラバンパイプⅢ,
4632,キャラバンパイプⅣ,
4633,キャラバンパイプⅤ,
4634,キャラバンパイプⅥ,
4635,キャラバンランスⅠ,
4636,キャラバンランスⅡ,
4637,キャラバンランスⅢ,
4638,キャラバンランスⅣ,
4639,キャラバンランスⅤ,
4640,キャラバンランスⅥ,
4641,ボルペルーチェ,
4642,ボルペラージョ,
4643,ボルペプニャーレ,
4644,フォルテドローレ,
4645,フォルテソレンネ,
4646,溶岩剣ラヴァシーカ,
4647,溶岩剣ラヴァラミーナ,
4648,火山剣ヴォルケイン,
4649,火山剣ヴォルクロス,
4650,アンタッチャブル,
4651,ツルギ【黒狼】,
4652,エクエスナイフ,
4653,エクエスダガー,
4654,エクエスサーベル,
4655,ヴァイスベリヒト,
4656,ストレガナイフ,
4657,ストレガダガー,
4658,ストレガサーベル,
4659,シュヴァルツベリヒト,
4660,ガルセイン,
4661,ガレフォンス,
4662,ガランディル,
4663,ガロヴァンディエット,
4664,シャンカールⅠ,
4665,シャンカールⅡ,
4666,シャンカールⅢ,
4667,ガウリ・シャンカール,
4668,ピアリⅠ,
4669,ピアリⅡ,
4670,ピアリⅢ,
4671,ピア・ウィドール,
4672,シトリアリザードⅠ,
4673,シトリアリザードⅡ,
4674,シトリアリザードⅢ,
4675,シトリアリザードⅣ,
4676,シトリアリザードⅤ,
4677,牙狼双【伊吹】,
4678,牙狼双【鞍馬】,
4679,天狼双【松風】,
4680,天狼双【疾風】,
4681,クックカッター,
4682,折れた凶鉈,
4683,クナールⅠ,
4684,クナールⅡ,
4685,クナールⅢ,
4686,クナール・アニス,
4687,リュールⅠ,
4688,リュールⅡ,
4689,リュールⅢ,
4690,リュー・パルティ,
4691,ボルペラーモ,
4692,ボルペトロンコ,
4693,ボルペスパーダ,
4694,フォルテグリード,
4695,フォルテペルフェット,
4696,スカサリスパティ,
4697,スカサリペズィコ,
4698,スカサリイピコ,
4699,スカサリバシリシャス,
4700,黒縛大斧,
4701,黒縛剛斧,
4702,黒縛激斧,
4703,黒縛王斧,
4704,真・轟大剣【王虎】,
4705,グロムバローネ,
4706,グロムマルケーゼ,
4707,グロムデューク,
4708,グロムエンペラー,
4709,パライズバローネ,
4710,パライズマルケーゼ,
4711,パライズデューク,
4712,パライズエンペラー,
4713,ミナスⅠ,
4714,ミナスⅡ,
4715,ミナスⅢ,
4716,ミナス・ジェライス,
4717,ヴィオⅠ,
4718,ヴィオⅡ,
4719,ヴィオⅢ,
4720,ヴィオ・ボロディン,
4721,炎王刀【灼熱】,
4722,炎王刀【大焦熱】,
4723,真・轟刀【虎徹】,
4724,ロイヤルソード,
4725,ポイズンサイス,
4726,ポイズンサイス改,
4727,マッドサイス,
4728,ミエドサイス,
4729,絶刀,
4730,絶刀【夕】,
4731,絶刀【秋】,
4732,絶刀【紅】,
4733,ヴィッテス,
4734,ヴィッテス改,
4735,スネル,
4736,スネルハイドゥ,
4737,ブリッツエクア,
4738,ブリッツフォーレン,
4739,ブリッツカヴァロ,
4740,ブリッツスタローネ,
4741,ヘイルエクア,
4742,ヘイルフォーレン,
4743,ヘイルカヴァロ,
4744,ヘイルスタローネ,
4745,アイアンホーク・Ⅰ,
4746,アイアンホーク・Ⅱ,
4747,アイアンホーク・Ⅲ,
4748,ランペイジ,
4749,ディープホーク・Ⅰ,
4750,ディープホーク・Ⅱ,
4751,ディープホーク・Ⅲ,
4752,ヴォトム,
4753,サンダーホーク・Ⅰ,
4754,サンダーホーク・Ⅱ,
4755,サンダーホーク・Ⅲ,
4756,ライトニング,
4757,アイスホーク・Ⅰ,
4758,アイスホーク・Ⅱ,
4759,アイスホーク・Ⅲ,
4760,フィータス,
4761,フレアホーク・Ⅰ,
4762,フレアホーク・Ⅱ,
4763,フレアホーク・Ⅲ,
4764,アッシュ,
4765,マインドホーク・Ⅰ,
4766,マインドホーク・Ⅱ,
4767,マインドホーク・Ⅲ,
4768,プレパレード,
4769,リオⅠ,
4770,リオⅡ,
4771,リオⅢ,
4772,リオ・グランデ,
4773,シトリアスネークⅠ,
4774,シトリアスネークⅡ,
4775,シトリアスネークⅢ,
4776,シトリアスネークⅣ,
4777,シトリアスネークⅤ,
4778,炎王鎚【岩漿】,
4779,炎王鎚【灼岩】,
4780,猛毒重鎚,
4781,劇毒重鎚,
4782,邪毒重鎚,
4783,凶毒重鎚,
4784,ライオットⅡ,
4785,リールハンマー,
4786,メガリールハンマー,
4787,ギガリールハンマー,
4788,テラリールハンマー,
4789,ガネスⅠ,
4790,ガネスⅡ,
4791,ガネスⅢ,
4792,ガネス・マール,
4793,シトリアバイソンⅠ,
4794,シトリアバイソンⅡ,
4795,シトリアバイソンⅢ,
4796,シトリアバイソンⅣ,
4797,シトリアバイソンⅤ,
4798,ボルペフラウト,
4799,ボルペリトモ,
4800,ボルペアッコルド,
4801,フォルテカリヨン,
4802,フォルテストルメント,
4803,エンプレスビードロー,
4804,アルヴィオⅠ,
4805,アルヴィオⅡ,
4806,アルヴィオⅢ,
4807,アルヴィ・グラズノ,
4808,ネブラハスタ,
4809,ネブラコルムナ,
4810,ブルーハート,
4811,ブルーアサシン,
4812,ブルーガスト,
4813,ブルーライトニング,
4814,プロミネンスタスク,
4815,長滅激槍ディアブロス,
4816,イグニスピラル,
4817,イグニスピラル改,
4818,フラムスピラル,
4819,フランヴィーテ,
4820,フロストプレード,
4821,フロストローシャ,
4822,フロストケレース,
4823,フロストマスタング,
4824,スリーププレード,
4825,スリープローシャ,
4826,スリープケレース,
4827,スリープマスタング,
4828,ファルトⅠ,
4829,ファルトⅡ,
4830,ファルトⅢ,
4831,ファル・パディナ,
4832,ボルペインテンソ,
4833,ボルペスフィーダ,
4834,ボルペカンノーネ,
4835,フォルテタブ,
4836,フォルテパッツィーア,
4837,バスターキャノン,
4838,エレクトリッガー,
4839,モルデノペイラスⅠ,
4840,モルデノペイラスⅡ,
4841,モルデノペイラスⅢ,
4842,アンスモゲピューラ,
4843,ステンオレクシスⅠ,
4844,ステンオレクシスⅡ,
4845,ステンオレクシスⅢ,
4846,ステンオレクシスⅣ,
4847,ブランドⅠ,
4848,ブランドⅡ,
4849,ブランドⅢ,
4850,ブランド・バーグ,
4851,オールンⅠ,
4852,オールンⅡ,
4853,オールンⅢ,
4854,オール・プロコ,
4855,冥雷剣【飛燕】,
4856,冥雷剣【隼】,
4857,真冥雷剣【鸞】,
4858,真冥雷剣【鳳凰】,
4859,浮岳短剣【椿】,
4860,浮岳短剣【桃源郷】,
4861,ニンジャブレード,
4862,万年包丁,
4863,ベータナイフ【紫】,
4864,ベータナイフ【紫】Ⅱ,
4865,ベータナイフ【紫】Ⅲ,
4866,アルカ・シーカ,
4867,プリウムグラディ,
4868,センドムグラディ,
4869,テルティウムグラディ,
4870,トリアンヌス,
4871,フレイムベヨネット,
4872,フレイムカトラス,
4873,フレイムエッジ,
4874,ウォーソング,
4875,アクオンベヨネット,
4876,アクオンカトラス,
4877,アクオンエッジ,
4878,バトルダージ,
4879,メルキュⅠ,
4880,メルキュⅡ,
4881,メルキュⅢ,
4882,メルキュ・レイオ,
4883,セプタⅠ,
4884,セプタⅡ,
4885,セプタⅢ,
4886,セプタ・クラム,
4887,冥雷双【鴛鴦】,
4888,冥雷双【朱鷺】,
4889,真冥雷双【極楽鳥】,
4890,真冥雷双【迦楼羅】,
4891,氷雪双牙,
4892,氷雪双牙【霙】,
4893,氷雪双牙【雹】,
4894,氷雪双牙【氷河】,
4895,ツインタイフーン,
4896,双影剣【鮮烈】,
4897,カルドカッター,
4898,カルドスライサー,
4899,カルドシュレッダー,
4900,ロートヴィント,
4901,カウロⅠ,
4902,カウロⅡ,
4903,カウロⅢ,
4904,カウロ・ロブス,
4905,コーグⅠ,
4906,コーグⅡ,
4907,コーグⅢ,
4908,コーグ・カトゥガ,
4909,シトリアスワロウⅠ,
4910,シトリアスワロウⅡ,
4911,シトリアスワロウⅢ,
4912,シトリアスワロウⅣ,
4913,シトリアスワロウⅤ,
4914,冥雷大剣【大鷲】,
4915,冥雷大剣【荒鷲】,
4916,真冥雷大剣【銀鷲】,
4917,真冥雷大剣【金鷲】,
4918,グランツカイザー,
4919,ラフィヌモンデイム,
4920,工房試作大剣,
4921,正式採用機械大鋸,
4922,改良型機械大鋸,
4923,強化型機械大鋸,
4924,カルドソード,
4925,カルドシュヴェルト,
4926,カルドシュナイデ,
4927,ロートラプター,
4928,マンモススラッシュ,
4929,マンモススレイヤー,
4930,マンモススロサー,
4931,マンモスベイン,
4932,フュリアススラッシュ,
4933,フュリアススレイヤー,
4934,フュリアススロサー,
4935,フュリアスベイン,
4936,きんねこ大剣【鈍】,
4937,きんねこ大剣【麻】,
4938,きんねこ大剣【痺】,
4939,きんねこ大剣【縛】,
4940,ぎんねこ大剣【痛】,
4941,ぎんねこ大剣【昏】,
4942,ぎんねこ大剣【猛】,
4943,ぎんねこ大剣【劇】,
4944,ダクティⅠ,
4945,ダクティⅡ,
4946,ダクティⅢ,
4947,ダクティ・リゲネ,
4948,キスタⅠ,
4949,キスタⅡ,
4950,キスタⅢ,
4951,キスタ・ギット,
4952,シトリアライノスⅠ,
4953,シトリアライノスⅡ,
4954,シトリアライノスⅢ,
4955,シトリアライノスⅣ,
4956,シトリアライノスⅤ,
4957,大蛇ノ太刀,
4958,大蛇ノ太刀【燦然】,
4959,大蛇ノ太刀【絢爛】,
4960,大蛇ノ太刀【煌然】,
4961,ガレアテーウム,
4962,ガレアシーカ,
4963,ガレアファルクス,
4964,ガレアラミーナ,
4965,リュウノタチ,
4966,ソウリュウノタチ,
4967,ゲキリュウノタチ,
4968,コウリュウノタチ,
4969,リッドブラッシュ,
4970,フロウブラッシュ,
4971,トランブラッシュ,
4972,ダートイーター,
4973,光刀・真打【青】,
4974,光刀・真打【金】,
4975,光刀・真打【青】,
4976,光刀・真打【金】,
4977,ウォームセイバー,
4978,ウォームエッジ,
4979,ウォームブレイド,
4980,フォルティス,
4981,シャインセイバー,
4982,シャインエッジ,
4983,シャインブレイド,
4984,フィドシア,
4985,デザイアセイバー,
4986,デザイアエッジ,
4987,デザイアブレイド,
4988,アルドフェ,
4989,ユーフォⅠ,
4990,ユーフォⅡ,
4991,ユーフォⅢ,
4992,ユーフォ・シェボ,
4993,ルシアⅠ,
4994,ルシアⅡ,
4995,ルシアⅢ,
4996,ルシア・ラル,
4997,冥雷鎚【百舌】,
4998,冥雷鎚【梟】,
4999,真冥雷鎚【鴉】,
5000,真冥雷鎚【八咫烏】,
5001,炎槌,
5002,炎槌【火影】,
5003,炎槌【灼熱】,
5004,炎槌【業火】,
5005,スイ【黒狼】,
5006,ショッキングコーン,
5007,ヴォルインパクト,
5008,ヴォルクラッシャー,
5009,ヴォルインパルス,
5010,ヴォルサンクチュアリ,
5011,スティフインパクト,
5012,スティフクラッシャー,
5013,スティフデストロイヤ,
5014,スティフジャガノート,
5015,グレーヴインパクト,
5016,グレーヴクラッシャー,
5017,グレーヴデストロイヤ,
5018,グレーヴジャガノート,
5019,スパークメイス,
5020,スパークハンマー,
5021,スパークモール,
5022,インクイジター,
5023,ドレイクメイス,
5024,ドレイクハンマー,
5025,ドレイクモール,
5026,エナイエレイター,
5027,トリウムⅠ,
5028,トリウムⅡ,
5029,トリウムⅢ,
5030,トリウム・リィ,
5031,イディアⅠ,
5032,イディアⅡ,
5033,イディアⅢ,
5034,イディア・マニカ,
5035,冥雷笛【鶺鴒】,
5036,冥雷笛【鶯】,
5037,真冥雷笛【雲雀】,
5038,真冥雷笛【不如帰】,
5039,巨龍笛【鉄囲山】,
5040,巨龍笛【須弥山】,
5041,トイビュサン,
5042,サンドビュサン,
5043,マッドビュサン,
5044,スウィングビュサン,
5045,笛笛猫猫,
5046,エクエストランペット,
5047,エクエスウィンド,
5048,エクエスヴェント,
5049,ヴァイストーン,
5050,ストレガトランペット,
5051,ストレガウィンド,
5052,ストレガヴェント,
5053,シュヴァルツトーン,
5054,冥雷槍【小鷺】,
5055,冥雷槍【大鷺】,
5056,真冥雷槍【尾長鶏】,
5057,真冥雷槍【鴆】,
5058,鋼龍槍,
5059,ティフォン＝ダオラ,
5060,戦鬼槍ラージャン,
5061,パワーバキューム,
5062,肉球ランス,
5063,肉球ランス【に？】,
5064,肉球ランス【さん？】,
5065,肉球ランス【よん？】,
5066,ポルタランスⅠ【蒼】,
5067,ポルタランスⅡ【蒼】,
5068,ポルタランスⅢ【蒼】,
5069,テネルハスタ,
5070,ポルタランスⅠ【黒】,
5071,ポルタランスⅡ【黒】,
5072,ポルタランスⅢ【黒】,
5073,シッドゥハスタ,
5074,ポルタランスⅠ【白】,
5075,ポルタランスⅡ【白】,
5076,ポルタランスⅢ【白】,
5077,パティエーハスタ,
5078,ポルタランスⅠ【紅】,
5079,ポルタランスⅡ【紅】,
5080,ポルタランスⅢ【紅】,
5081,ストゥーディハスタ,
5082,ポルタランスⅠ【橙】,
5083,ポルタランスⅡ【橙】,
5084,ポルタランスⅢ【橙】,
5085,アラケルハスタ,
5086,ポルタランスⅠ【空】,
5087,ポルタランスⅡ【空】,
5088,ポルタランスⅢ【空】,
5089,プルーデンハスタ,
5090,冥雷銃槍【軍鶏】,
5091,冥雷銃槍【火食鳥】,
5092,真冥雷銃槍【孔雀】,
5093,真冥雷銃槍【朱雀】,
5094,痺牙大筒槍【零】,
5095,痺牙大筒槍【壱】,
5096,痺牙大筒槍【弐】,
5097,痺牙大筒槍【参】,
5098,ヒートフォース,
5099,ラヴァインフェルノ,
5100,ワイヴェンボルト,
5101,ドレイクボルト,
5102,サーペントボルト,
5103,ワームロード,
5104,ＦＭＸ,
5105,ＦＭＸ【Ｃｏｒｅ】,
5106,ＦＭＸ【Ｐｒｏ】,
5107,ＦＭＸ【Ｅｌｉｔｅ】,
5108,アネモⅠ,
5109,アネモⅡ,
5110,アネモⅢ,
5111,アネモ・サイデ,
5112,バレアⅠ,
5113,バレアⅡ,
5114,バレアⅢ,
5115,バレア・レイロ,
5116,シトリアホークⅠ,
5117,シトリアホークⅡ,
5118,シトリアホークⅢ,
5119,シトリアホークⅣ,
5120,シトリアホークⅤ,
5121,怒髪剣,
5122,怒髪剣【無情】,
5123,怒髪剣【風情】,
5124,怒髪突剣【純情】,
5125,怒髪突剣【慕情】,
5126,氷雪剣ドド,
5127,氷雪剣ドドド,
5128,氷刃剣ドドドド,
5129,氷刃剣デア＝ドド,
5130,ニキルⅠ,
5131,ニキルⅡ,
5132,ニキルⅢ,
5133,ニカータエルレイン,
5134,アイリスⅠ,
5135,アイリスⅡ,
5136,アイリスⅢ,
5137,ディアス・アイリス,
5138,怒髪双,
5139,怒髪双【恋歌】,
5140,怒髪双【哀歌】,
5141,怒髪双乱【艶歌】,
5142,怒髪双乱【挽歌】,
5143,狐爪狼牙,
5144,狐爪狼牙【透明】,
5145,狐爪狼牙【深淵】,
5146,狐爪狼牙【純白】,
5147,ヘイルポニア,
5148,アイスポニア,
5149,ブリザードポニア,
5150,グランドアヴレンチ,
5151,トクシックポニア,
5152,ナイトリクポニア,
5153,サフュリクポニア,
5154,エシッドストーム,
5155,アレムⅠ,
5156,アレムⅡ,
5157,アレムⅢ,
5158,アレムニール,
5159,エルミスⅠ,
5160,エルミスⅡ,
5161,エルミスⅢ,
5162,ディアス・エルミス,
5163,ナイフグローブ,
5164,デッドスクラッチ,
5165,デッドスナッチ,
5166,デッドラッシュ,
5167,怒髪大剣,
5168,怒髪大剣【北国】,
5169,怒髪大剣【雪國】,
5170,怒髪大波【浪花】,
5171,怒髪大波【天城】,
5172,ブルジュラーレ,
5173,ブルクストーデ,
5174,ブルモナルカ,
5175,ブルスパーダ,
5176,バトルクレイモアⅠ,
5177,バトルクレイモアⅡ,
5178,バトルクレイモアⅢ,
5179,バトルクレイモアⅣ,
5180,トゥライバルゲル,
5181,ジャストバルゲル,
5182,マジェストバルゲル,
5183,レジェンディオ,
5184,サイレントディケイド,
5185,サイレントミレニアム,
5186,サイレントエタニティ,
5187,カタストレーター,
5188,ヴィルチェ,
5189,ヴィルヘラー,
5190,ヴィルヘドリヒ,
5191,ツァラトゥストリ,
5192,ンカサ・コンバ,
5193,ンカサ・コンゴ,
5194,ンカサ・バーコン,
5195,ンガンーガ,
5196,ヴィクタソード,
5197,ヴィクタエイジ,
5198,ヴィクタブレイド,
5199,キングオブキングス,
5200,グリムブレイド,
5201,ダークブレイド,
5202,ファントムブレイド,
5203,ナイトメア,
5204,ヴェノムソール,
5205,ヴァイパーソール,
5206,コブラソール,
5207,デスウイッシュ,
5208,エレクトロソール,
5209,プロトンソール,
5210,プラスマソール,
5211,サイドワインダー,
5212,ヌグスⅠ,
5213,ヌグスⅡ,
5214,ヌグスⅢ,
5215,ムグヌート,
5216,シアスⅠ,
5217,シアスⅡ,
5218,シアスⅢ,
5219,ディアス・シアス,
5220,シトリアシャークⅠ,
5221,シトリアシャークⅡ,
5222,シトリアシャークⅢ,
5223,シトリアシャークⅣ,
5224,シトリアシャークⅤ,
5225,巨龍刀【霊峰】,
5226,巨龍刀【霊鷲山】,
5227,棘緑ノ太刀【燈台】,
5228,棘緑ノ太刀【山吹】,
5229,棘緑ノ太刀【朝顔】,
5230,棘緑ノ太刀【鈴蘭】,
5231,棘茶ノ太刀【弟切】,
5232,棘茶ノ太刀【彼岸】,
5233,棘茶ノ太刀【水仙】,
5234,棘茶ノ太刀【鳥兜】,
5235,棘白ノ太刀【狐火】,
5236,棘白ノ太刀【不知火】,
5237,棘白ノ太刀【輪入道】,
5238,棘白ノ太刀【迦具土】,
5239,ロング羽子板,
5240,ロング羽子板【響】,
5241,ロング羽子板【叫】,
5242,ロング羽子板【驚】,
5243,髑髏凶刎鎌,
5244,髑髏凶刎鎌【改】,
5245,髑髏凶刎鎌【真】,
5246,髑髏凶刎鎌【極】,
5247,雷豪斬鉄鎌,
5248,雷豪斬鉄鎌【改】,
5249,雷豪斬鉄鎌【真】,
5250,雷豪斬鉄鎌【極】,
5251,灼熱轟焔鎌,
5252,灼熱轟焔鎌【改】,
5253,灼熱轟焔鎌【真】,
5254,灼熱轟焔鎌【極】,
5255,恐龍瞬滅鎌,
5256,恐龍瞬滅鎌【改】,
5257,恐龍瞬滅鎌【真】,
5258,恐龍瞬滅鎌【極】,
5259,巨獣閃裂鎌,
5260,巨獣閃裂鎌【改】,
5261,巨獣閃裂鎌【真】,
5262,巨獣閃裂鎌【極】,
5263,剛鋼瞬破鎌,
5264,剛鋼瞬破鎌【改】,
5265,剛鋼瞬破鎌【真】,
5266,剛鋼瞬破鎌【極】,
5267,アフロディⅠ,
5268,アフロディⅡ,
5269,アフロディⅢ,
5270,ディアス・アフロディ,
5271,大蛇ノ鎚,
5272,大蛇ノ鎚【燦然】,
5273,大蛇ノ鎚【絢爛】,
5274,大蛇ノ鎚【煌然】,
5275,ぱくぱくアイルー,
5276,ぬくぬくアイルー,
5277,あつあつアイルー,
5278,ぐつぐつアイルー,
5279,うとうとメラルー,
5280,こっくりメラルー,
5281,すやすやメラルー,
5282,ぐっすりメラルー,
5283,パペットクォーター,
5284,パペットハーフ,
5285,パペットエイティーン,
5286,パペットピュア,
5287,パペットフレンド,
5288,パペットアテンド,
5289,パペットエスコート,
5290,パペットバトラー,
5291,エクエスアーヴ,
5292,エクエスアルベ,
5293,エクエスアルベル,
5294,ヴァイスバウム,
5295,ストレガアーヴ,
5296,ストレガアルベ,
5297,ストレガアルベル,
5298,シュヴァルツバウム,
5299,クロスⅠ,
5300,クロスⅡ,
5301,クロスⅢ,
5302,ディアス・クロス,
5303,怒髪笛,
5304,怒髪笛【恋涙】,
5305,怒髪笛【恋桜】,
5306,怒髪笛唄【恋月】,
5307,怒髪笛唄【恋華】,
5308,くろくろ【ワンワン】,
5309,くろくろ【ガオガオ】,
5310,くろくろ【クンクン】,
5311,くろくろ【アオーン】,
5312,ナガホイッスル,
5313,ナガパイプ,
5314,ナガクラリネット,
5315,ナギューイン,
5316,ハイドラホイッスル,
5317,ハイドラパイプ,
5318,ハイドラクラリネット,
5319,ドルフィンダンス,
5320,ベリムⅠ,
5321,ベリムⅡ,
5322,ベリムⅢ,
5323,ベリムグラッセ,
5324,シトリアアクリスⅠ,
5325,シトリアアクリスⅡ,
5326,シトリアアクリスⅢ,
5327,シトリアアクリスⅣ,
5328,シトリアアクリスⅤ,
5329,ボルペクストーデ,
5330,ボルペカヴァリエーレ,
5331,ボルペランチャ,
5332,フォルテウルラート,
5333,フォルテルッジート,
5334,ギフト＝ヴァンデラー,
5335,ギフト＝ズーハー,
5336,ギフト＝リッター,
5337,ギフト＝カイザー,
5338,チャチャブーランス,
5339,チャチャブランス,
5340,チャチャランス,
5341,チャランス,
5342,トゥーレⅠ,
5343,トゥーレⅡ,
5344,トゥーレⅢ,
5345,チトゥーレマイン,
5346,シトリアセーピアⅠ,
5347,シトリアセーピアⅡ,
5348,シトリアセーピアⅢ,
5349,シトリアセーピアⅣ,
5350,シトリアセーピアⅤ,
5351,浮岳銃槍【菖蒲】,
5352,浮岳銃槍【仙境】,
5353,クリムゾンヘル,
5354,ファングＣケルベロス,
5355,ファングＡケルベロス,
5356,ファングＰケルベロス,
5357,ファングＳケルベロス,
5358,ジキール・ヒドラ,
5359,ジキール・ルドラ,
5360,ジキール・ドゥルガー,
5361,ビスーヌ・シヴラ,
5362,ファングＣグリフォン,
5363,ファングＡグリフォン,
5364,ファングＰグリフォン,
5365,ファングＳグリフォン,
5366,ファングＣマーマン,
5367,ファングＡマーマン,
5368,ファングＰマーマン,
5369,ファングＳマーマン,
5370,エクエスガンランス,
5371,エクエスカロル,
5372,エクエスバースト,
5373,ヴァイスレーゲン,
5374,ストレガガンランス,
5375,ストレガカロル,
5376,ストレガバースト,
5377,シュヴァルツレーゲン,
5378,アクアキャリバー,
5379,ハイドロキャリバー,
5380,マリーンキャリバー,
5381,スピアフィッシュ,
5382,メタルキャリバー,
5383,エグリンキャリバー,
5384,マレジンキャリバー,
5385,バンカーバスター,
5386,タンテⅠ,
5387,タンテⅡ,
5388,タンテⅢ,
5389,タンテグリード,
5390,ユーノスⅠ,
5391,ユーノスⅡ,
5392,ユーノスⅢ,
5393,ディアス・ユーノス,
5394,ブームスティック,
5395,デッドショット,
5396,デッドスラッグ,
5397,デッドライオット,
5398,炎王獄剣【昇華】,
5399,炎王獄刀【狂熱】,
5400,ドドンガ・ブレイカー,
5401,巨龍長剣,
5402,巨龍長剣【山嵐】,
5403,黄金獣棍【強】,
5404,黄金獣棍【恐】,
5405,黄金獣棍【驚】,
5406,黄金獣棍【狂】,
5407,ポイズンフラング,
5408,ポイズンカンダ,
5409,ポイズンヴァール,
5410,ポイズンホーネット,
5411,アトラルフラング,
5412,アトラルカンダ,
5413,アトラルヴァール,
5414,アトラルホーネット,
5415,十文字,
5416,嵐十文字,
5417,疾風十文字,
5418,風雲十文字,
5419,虚空剣,
5420,鎌鼬虚空剣,
5421,旋風虚空剣,
5422,木枯虚空剣,
5423,十字小太刀,
5424,十字小太刀・炎,
5425,十字小太刀・爆,
5426,十字小太刀・豪,
5427,かわせみ丸・翔,
5428,かわせみ丸・旋,
5429,かわせみ丸・刺,
5430,かわせみ丸・貫,
5431,円刀,
5432,円月刀,
5433,風車円月刀,
5434,滝斬円月刀,
5435,ケモノキリ,
5436,ヤイバキリ,
5437,ヨルキリ,
5438,ヤミキリ,
5439,カルドナイフ,
5440,カルドダガー,
5441,カルドサーベル,
5442,ロートベリヒト,
5443,ロートバイヒテ,
5444,アメシスリザードⅠ,
5445,アメシスリザードⅡ,
5446,アメシスリザードⅢ,
5447,アメシスリザードⅣ,
5448,アメシスリザードⅤ,
5449,アルティⅠ【青】,
5450,アルティⅡ【青】,
5451,アルティⅢ【青】,
5452,ラビナ・ニヴィス,
5453,アルティⅠ【赤】,
5454,アルティⅡ【赤】,
5455,アルティⅢ【赤】,
5456,セルモ・クラシア,
5457,アルティⅠ【水】,
5458,アルティⅡ【水】,
5459,アルティⅢ【水】,
5460,イノンダシオン,
5461,アルティⅠ【黄】,
5462,アルティⅡ【黄】,
5463,アルティⅢ【黄】,
5464,トニトゥルス,
5465,アルティⅠ【黒】,
5466,アルティⅡ【黒】,
5467,アルティⅢ【黒】,
5468,リヴェラティオ,
5469,アルティⅠ【白】,
5470,アルティⅡ【白】,
5471,アルティⅢ【白】,
5472,サイレンティウム,
5473,センヴィⅠ,
5474,センヴィⅡ,
5475,センヴィⅢ,
5476,センヴィ・エーン,
5477,セリスⅠ,
5478,セリスⅡ,
5479,セリスⅢ,
5480,セリス・セリアン,
5481,ディアズグレア,
5482,ディアズラッシュ,
5483,ディアズハウル,
5484,ディアズロック,
5485,ファナドダガー,
5486,ファナドハチェット,
5487,ファナドセイバー,
5488,ファナドセクター,
5489,ボルペエスカ,
5490,ボルペヴェンデッタ,
5491,ボルペリナーシタ,
5492,フォルテヴェリタ,
5493,フォルテエテルノ,
5494,メオトアゲハ【雛】,
5495,メオトアゲハ【姫】,
5496,メオトアゲハ【華】,
5497,マダムバタフライ,
5498,エクエスドペルタ,
5499,エクエスファルテ,
5500,エクエスアンスラク,
5501,ヴァイスドイチ,
5502,ストレガドペルタ,
5503,ストレガファルテ,
5504,ストレガアンスラク,
5505,シュヴァルツドイチ,
5506,ロートアーテム,
5507,ブレス・ケージ改,
5508,ヨークⅠ,
5509,ヨークⅡ,
5510,ヨークⅢ,
5511,ヨーク・アンク,
5512,ネイズⅠ,
5513,ネイズⅡ,
5514,ネイズⅢ,
5515,ネイズ・ナイズ,
5516,幻雷大剣,
5517,幻雷大剣【雷切】,
5518,セゲオソード,
5519,セゲオブレイド,
5520,セゲオブレイカー,
5521,ジェネラルフューリー,
5522,エクエスメッサ,
5523,エクエスフランベク,
5524,エクエスバスタク,
5525,ヴァイスモルダ,
5526,ストレガメッサ,
5527,ストレガフランベク,
5528,ストレガバスタク,
5529,シュヴァルツモルダ,
5530,ボーンスラッシャー,
5531,ボーンヒッター,
5532,ボーンスレイヤー,
5533,ボーンストーカー,
5534,シオン,
5535,ツィオーン,
5536,ザーシー,
5537,タルス,
5538,ロートハーゲル,
5539,ガルデソード,
5540,ガルデバスター,
5541,ガルデシュナイダー,
5542,カルドナ,
5543,アギタソード,
5544,アギタバスター,
5545,アギタシュナイダー,
5546,アグライト,
5547,ディグスソード,
5548,ディグスバスター,
5549,ディグスシュナイダー,
5550,ディグレシア,
5551,ヴォータⅠ,
5552,ヴォータⅡ,
5553,ヴォータⅢ,
5554,ヴォタ・ツィーモ,
5555,ゴーグⅠ,
5556,ゴーグⅡ,
5557,ゴーグⅢ,
5558,ゴーグ・ゴリア,
5559,ネブラレギナ,
5560,ネブラレクス,
5561,ブルートフェーダー,
5562,ブルートフリューゲル,
5563,ブルートヒンメル,
5564,ブルートシュテルン,
5565,ダイミョウシックル,
5566,ダイミョウクリーブ,
5567,ダイミョウマンティス,
5568,デススコール,
5569,フレイムタルワー,
5570,フレイムサイフ,
5571,フレイムシャムシル,
5572,フレイムミラージュ,
5573,レインタルワー,
5574,レインサイフ,
5575,レインシャムシル,
5576,レインミラージュ,
5577,キャンディスティック,
5578,キャンディロッド,
5579,キャンディバット,
5580,キャンディポイズン,
5581,カルドエッジ,
5582,カルドブレイド,
5583,カルドエスパーダ,
5584,ロートペルレ,
5585,ロートザント,
5586,アメシススネークⅠ,
5587,アメシススネークⅡ,
5588,アメシススネークⅢ,
5589,アメシススネークⅣ,
5590,アメシススネークⅤ,
5591,ファコヴェⅠ,
5592,ファコヴェⅡ,
5593,ファコヴェⅢ,
5594,ファコヴェス・レイ,
5595,紅爪ノ鎚,
5596,紅爪ノ鎚【打】,
5597,紅爪ノ鎚【壊】,
5598,紅爪ノ鎚【破】,
5599,イノ,
5600,イノセンス,
5601,イノヴェイション,
5602,イノイチバン,
5603,ボルペトラッポラ,
5604,ボルペコントラット,
5605,ボルペチフラ,
5606,フォルテコマンド,
5607,フォルティランノ,
5608,アメシスバイソンⅠ,
5609,アメシスバイソンⅡ,
5610,アメシスバイソンⅢ,
5611,アメシスバイソンⅣ,
5612,アメシスバイソンⅤ,
5613,ヴォトーⅠ,
5614,ヴォトーⅡ,
5615,ヴォトーⅢ,
5616,ヴォトク・エノザー,
5617,幻雷獄笛【龍鼓】,
5618,ネブラカントス,
5619,ネブラコルス,
5620,リベットドラム,
5621,リベットボンゴ,
5622,リベットジャンベ,
5623,御斑大鼓,
5624,エアロレベック,
5625,エアロハーディー,
5626,エアロガーディー,
5627,エアロシタール,
5628,キームⅠ,
5629,キームⅡ,
5630,キームⅢ,
5631,キーム・イシュグレラ,
5632,ネブラダ・トゥリス,
5633,シオサイ,
5634,ウズシオ,
5635,オオシオ,
5636,ダイカイショウ,
5637,怒髪槍,
5638,怒髪槍【睦月】,
5639,怒髪槍【如月】,
5640,怒髪閃槍【卯月】,
5641,怒髪閃槍【皐月】,
5642,フェルランス,
5643,フェールムランス,
5644,カルブンクルスランス,
5645,ルベルプラエド,
5646,アシエルランス,
5647,カリュプスランス,
5648,アダマスランス,
5649,ニゲルレベリオ,
5650,メモリーハート,
5651,ツインハート,
5652,フローレンスハート,
5653,イノセントハート,
5654,かいしょうかっちん,
5655,かいしょうちょっきん,
5656,かいしょうずぶりん,
5657,かいしょうだましい,
5658,カルドランス,
5659,カルドスピア,
5660,カルドハスタ,
5661,ロートベルク,
5662,ロートインゼル,
5663,エルキーランス,
5664,エルキースピア,
5665,エルキースピール,
5666,エルカルテ,
5667,イスキーランス,
5668,イスキースピア,
5669,イスキースピール,
5670,アスカーテ,
5671,クレーヌランス,
5672,クレーヌスピア,
5673,クレーヌスピール,
5674,クレナンテ,
5675,モーナⅠ,
5676,モーナⅡ,
5677,モーナⅢ,
5678,モナッツ・クア,
5679,フォルテＦデリット,
5680,フェザーステップ,
5681,フェザースピン,
5682,フェザーシェイプ,
5683,フェザーダンス,
5684,リトストッパー,
5685,リトスイーパー,
5686,リトヴォランチ,
5687,リトストライカー,
5688,怒髪銃槍,
5689,怒髪銃槍【雪椿】,
5690,怒髪銃槍【雪波】,
5691,怒髪銃斬【春雪】,
5692,怒髪銃斬【雪蛍】,
5693,アクラジェイル,
5694,アクラレージング,
5695,アクラドローミ,
5696,アクラグレイプニル,
5697,ズニアⅠ,
5698,ズニアⅡ,
5699,ズニアⅢ,
5700,ズニアン・ナルタ,
5701,オルスィⅠ,
5702,オルスィⅡ,
5703,オルスィⅢ,
5704,オルスィ・コート,
5705,オルガウォソグ,
5706,オルガスリンガー,
5707,オルガシュエイン,
5708,オルガパンツァー,
5709,大蛇ノ双剣,
5710,大蛇ノ双剣【燦然】,
5711,大蛇ノ双剣【絢爛】,
5712,大蛇ノ双剣【煌然】,
5713,鋼龍鎚,
5714,オーブ＝ダオラ,
5715,炎王槍,
5716,炎王槍【火影】,
5717,巨龍長剣【山霧】,
5718,幻雷大剣【雷牙】,
5719,ソワール＝ダオラ,
5720,炎王槍【鬼火】,
5721,カロル＝アーラ,
5722,フラン＝アーラ,
5723,ソル＝アーラ,
5724,ニゲル・Ｓ・アーラ,
5725,ニゲル＝ソル,
5726,エクエスマヒート,
5727,エクエスマヒヴェリ,
5728,エクエスマヒエルド,
5729,ヴァイスザーゲ,
5730,ストレガマヒート,
5731,ストレガマヒヴェリ,
5732,ストレガマヒエルド,
5733,シュヴァルツザーゲ,
5734,ラーズⅠ,
5735,ラーズⅡ,
5736,ラーズⅢ,
5737,フロレーセント,
5738,ヤイロⅠ,
5739,ヤイロⅡ,
5740,ヤイロⅢ,
5741,ヤイロタハルテ,
5742,遠山,
5743,西楼,
5744,望月,
5745,鬼葦毛,
5746,小烏丸,
5747,小烏丸【湧水】,
5748,小烏丸【霧雨】,
5749,小烏丸【五月雨】,
5750,ネブラウィルス,
5751,ネブラモルバス,
5752,ネブラプラージ,
5753,極舞雷双【雀鷹】,
5754,バサルグランデ,
5755,バサルグラトン,
5756,バサルグラビオン,
5757,バサグラフォートレス,
5758,ガーベラナバート,
5759,ガーベラボルオム,
5760,ガーベラバトラ,
5761,ガーベライト,
5762,ナランハセーバー,
5763,アランチャスライサー,
5764,オランジュクライシス,
5765,マールム・メディクム,
5766,サープラセーバー,
5767,スルプルスライサー,
5768,スペラークライシス,
5769,クォド・スペレスト,
5770,ヴェールセーバー,
5771,ヴェルデスライサー,
5772,ウィリデクライシス,
5773,ズィリデ・オーヌイ,
5774,アフェーターⅠ,
5775,アフェーターⅡ,
5776,アフェーターⅢ,
5777,ナヴァージャ,
5778,フタットⅠ,
5779,フタットⅡ,
5780,フタットⅢ,
5781,ウルガフタチオ,
5782,アメシススワロウⅠ,
5783,アメシススワロウⅡ,
5784,アメシススワロウⅢ,
5785,アメシススワロウⅣ,
5786,アメシススワロウⅤ,
5787,動如雷霆,
5788,ヒュプノサイレンス,
5789,ファトス＝アーラ,
5790,ウィタ＝アーラ,
5791,モルス＝アーラ,
5792,ニゲル・Ｍ・アーラ,
5793,ニゲル＝モルス,
5794,天狼極剣【月蝕】,
5795,ヴォルノボリ大剣,
5796,ヴォルノボリ・ヒゴイ,
5797,ヴォルノボリ・マゴイ,
5798,爆熱剣ヴォルノボリ,
5799,復活妃リナーシタ,
5800,束縛王レストリ,
5801,破壊将ディストル,
5802,絶滅帝エスティン,
5803,バリスクⅠ,
5804,バリスクⅡ,
5805,バリスクⅢ,
5806,パラリスパダ,
5807,ナベイルⅠ,
5808,ナベイルⅡ,
5809,ナベイルⅢ,
5810,ナベイルリジャーノ,
5811,アメシスライノスⅠ,
5812,アメシスライノスⅡ,
5813,アメシスライノスⅢ,
5814,アメシスライノスⅣ,
5815,アメシスライノスⅤ,
5816,ヤケールアクスト,
5817,浮岳剛刀【白桃】,
5818,浮岳剛刀【黄桃】,
5819,浮岳剛刀【水蜜桃】,
5820,青ノ太刀【切】,
5821,青ノ太刀【斬】,
5822,青ノ太刀【断】,
5823,青ノ太刀【両断】,
5824,侠遊刀【萩】,
5825,侠遊刀【紅葉】,
5826,侠遊刀【牡丹】,
5827,義侠遊刃【猪鹿蝶】,
5828,炎天丸【火鶴】,
5829,炎天丸【紅幕】,
5830,炎天丸【燃月】,
5831,炎天丸【不死鳥】,
5832,花見酒【小菊】,
5833,花見酒【桜花】,
5834,花見酒【桜幕】,
5835,花見で一杯,
5836,月見酒【小菊】,
5837,月見酒【芒洋】,
5838,月見酒【芒月】,
5839,月見で一杯,
5840,歌舞千代【朧月】,
5841,歌舞千代【夕凪】,
5842,歌舞千代【夜長】,
5843,歌舞千代【除夜】,
5844,智臨刀【壱ノ風】,
5845,智臨刀【弐ノ風】,
5846,智臨刀【参ノ風】,
5847,人智老臨【嵐】,
5848,レトラⅠ,
5849,レトラⅡ,
5850,レトラⅢ,
5851,オクシダパーロ,
5852,アリヌスⅠ,
5853,アリヌスⅡ,
5854,アリヌスⅢ,
5855,シザームアリノス,
5856,草薙ノ薙刀,
5857,草薙ノ薙刀【鬼斬】,
5858,草薙ノ薙刀【地斬】,
5859,草薙ノ薙刀【天斬】,
5860,蜘蛛切,
5861,蜘蛛切【半影】,
5862,蜘蛛切【真影】,
5863,蜘蛛切【冥府】,
5864,エクスデルガード,
5865,ラピス＝アーラ,
5866,ルーペス＝アーラ,
5867,カリプス＝アーラ,
5868,ニゲル・Ｃ・アーラ,
5869,ニゲル＝カリプス,
5870,グレンヴァイツ,
5871,グレンヴェッヘン,
5872,グレンヴィーレン,
5873,グレナヴィオス,
5874,カルドメイス,
5875,カルドハンマー,
5876,カルドインパクト,
5877,ロートゲベート,
5878,ロートホルザマー,
5879,タルドロⅠ,
5880,タルドロⅡ,
5881,タルドロⅢ,
5882,トゥルードロ,
5883,シロマⅠ,
5884,シロマⅡ,
5885,シロマⅢ,
5886,セシルシロムド,
5887,ヴェッツジュエル,
5888,ヴェッツドジュエル,
5889,ヴェッツダイザー,
5890,スティマ・クェンダー,
5891,ヴェッツリーバ,
5892,ヴェッツドリーバ,
5893,ヴェッツガッダー,
5894,グワナ・クェンダー,
5895,ファークラッシャー,
5896,大鎧鎚【還】,
5897,特別製撃龍鎚【砕貫】,
5898,ペタリールハンマー,
5899,殻王巨笛【勇】,
5900,殻王巨笛【豪】,
5901,ザザミ・タン,
5902,ザザミ・ティン,
5903,ザザミ・ティアン,
5904,ザザミ・カレルティヤ,
5905,カルドトランペット,
5906,カルドウィンド,
5907,カルドヴェント,
5908,ロートトーン,
5909,ロートフロット,
5910,ポノスⅠ,
5911,ポノスⅡ,
5912,ポノスⅢ,
5913,ズモス・ベリオ,
5914,ニャクーチョー,
5915,ニャクーチョー【弾】,
5916,ニャクーチョー【演】,
5917,ニャクーチョー【奏】,
5918,ニャリュート,
5919,ニャリュート【弾】,
5920,ニャリュート【演】,
5921,ニャリュート【奏】,
5922,ニャタール,
5923,ニャタール【弾】,
5924,ニャタール【演】,
5925,ニャタール【奏】,
5926,ニャバーブ,
5927,ニャバーブ【弾】,
5928,ニャバーブ【演】,
5929,ニャバーブ【奏】,
5930,ニャンシン,
5931,ニャンシン【弾】,
5932,ニャンシン【演】,
5933,ニャンシン【奏】,
5934,デュエルグーゴー,
5935,アクラリーナ,
5936,アグレオ＝アーラ,
5937,レベリオ＝アーラ,
5938,ウルティオ＝アーラ,
5939,ニゲル・Ｕ・アーラ,
5940,ニゲル＝ウルティオ,
5941,エクエスカピール,
5942,エクエスカピサ,
5943,エクエスカピヨス,
5944,ヴァイスボーデン,
5945,ストレガカピール,
5946,ストレガカピサ,
5947,ストレガカピヨス,
5948,シュヴァルツボーデン,
5949,ヴィクタランス,
5950,ヴィクタライトランス,
5951,ヴィクタヘビィランス,
5952,ロードオブナイツ,
5953,ノストフォース,
5954,ノストガフォース,
5955,ノストトルーパー,
5956,ガンマー・クェイン,
5957,ノストバウム,
5958,ノストガバウム,
5959,ノストランディア,
5960,ジキット・クェイン,
5961,幻雷銃槍【春雷】,
5962,幻雷銃槍【豪雷】,
5963,大蛇ノ銃槍,
5964,大蛇ノ銃槍【燦然】,
5965,大蛇ノ銃槍【絢爛】,
5966,大蛇ノ銃槍【煌然】,
5967,カルドガンランス,
5968,カルドカロル,
5969,カルドバースト,
5970,ロートレーゲン,
5971,ロートスロトフリント,
5972,ユーニャⅠ,
5973,ユーニャⅡ,
5974,ユーニャⅢ,
5975,ローラスカー,
5976,フォルカⅠ,
5977,フォルカⅡ,
5978,フォルカⅢ,
5979,フォルカミドルゲ,
5980,アメシスホークⅠ,
5981,アメシスホークⅡ,
5982,アメシスホークⅢ,
5983,アメシスホークⅣ,
5984,アメシスホークⅤ,
5985,ハンショクパペット,
5986,ハンショクドール,
5987,ハンショクフィギュア,
5988,ムーディーダンサー,
5989,マッシュポイズン,
5990,マッシュポイズン改,
5991,ポルチポイズン,
5992,トリュフポイズン,
5993,マルティⅠ,
5994,マルティⅡ,
5995,マルティⅢ,
5996,マルティウス,
5997,巨蟹鋭剣・氷,
5998,巨蟹鋭剣・氷【燦然】,
5999,巨蟹鋭剣・氷【絢爛】,
6000,ザンブレイド【悟】,
6001,ヴァイスバイヒテ,
6002,シュヴァルツバイヒテ,
6003,紅メンボウ,
6004,アミクスグレイン,
6005,グランドガルセイン,
6006,カルドドペルタ,
6007,カルドファルテ,
6008,カルドアンスラク,
6009,ロートドイチ,
6010,ロートアフスタン,
6011,ピアースレイピアⅠ,
6012,ピアースレイピアⅡ,
6013,ピアースレイピアⅢ,
6014,フィニッシングブロウ,
6015,ポイゾナーⅠ,
6016,ポイゾナーⅡ,
6017,ポイゾナーⅢ,
6018,ベノムパープル,
6019,パラライピアⅠ,
6020,パラライピアⅡ,
6021,パラライピアⅢ,
6022,パラグリーン,
6023,ライトニングスタブⅠ,
6024,ライトニングスタブⅡ,
6025,ライトニングスタブⅢ,
6026,スカルピアース,
6027,レインスラストⅠ,
6028,レインスラストⅡ,
6029,レインスラストⅢ,
6030,ブラッドフォール,
6031,デモンズレイピアⅠ,
6032,デモンズレイピアⅡ,
6033,デモンズレイピアⅢ,
6034,デモンズファイア,
6035,アプリⅠ,
6036,アプリⅡ,
6037,アプリⅢ,
6038,アプリリオス,
6039,双宝幻剣・氷,
6040,双宝幻剣・氷【燦然】,
6041,双宝幻剣・氷【絢爛】,
6042,試作型工房双炎,
6043,正式採用工房双炎,
6044,正式採用工房双炎・改,
6045,工房長双刃【爆炎】,
6046,試作型工房水双,
6047,正式採用工房水双,
6048,正式採用工房水双・改,
6049,工房長双刃【涙雨】,
6050,アクラアイン,
6051,アクラツヴァイ,
6052,アクラドライ,
6053,アクラフィーア,
6054,黒狼双刃【真】,
6055,ヴァイスアーテム,
6056,シュヴァルツアーテム,
6057,キャラバンエッジⅦ,
6058,アリオスⅠ,
6059,アリオスⅡ,
6060,アリオスⅢ,
6061,イヤヌアリオス,
6062,天秤封剣・氷,
6063,天秤封剣・氷【燦然】,
6064,天秤封剣・氷【絢爛】,
6065,アメシスシャークⅠ,
6066,アメシスシャークⅡ,
6067,アメシスシャークⅢ,
6068,アメシスシャークⅣ,
6069,アメシスシャークⅤ,
6070,カルドメッサ,
6071,カルドフランベク,
6072,カルドバスタク,
6073,ロートモルダ,
6074,ロートヘレバード,
6075,ニフリートドゥーム,
6076,ヴァイスハーゲル,
6077,シュヴァルツハーゲル,
6078,マジデトギシラズ,
6079,アミクスセヴァー,
6080,ブランレーヌ,
6081,バトルクレイモアⅤ,
6082,強化型機械大鋸mkⅡ,
6083,ゴージャスブレイド,
6084,蛟竜,
6085,アマカゲノツルギ,
6086,天光剣【仲秋】,
6087,天光剣【晩秋】,
6088,天煌剣【かぐや】,
6089,フェブルⅠ,
6090,フェブルⅡ,
6091,フェブルⅢ,
6092,フェブルアリオス,
6093,蛇遣奇刀・氷,
6094,蛇遣奇刀・氷【燦然】,
6095,蛇遣奇刀・氷【絢爛】,
6096,ワンダースプーン,
6097,ワンダースティック,
6098,ワンダースコップ,
6099,ワンダーツイスター,
6100,フェアリースプーン,
6101,フェアリースティック,
6102,フェアリースコップ,
6103,フェアリーグレイス,
6104,長蒼刀【猛将軍】,
6105,龍牙刀【暗黒】,
6106,シュトウ=イワギリ,
6107,キャラバン刀Ⅶ,
6108,メラルーエクスペラ,
6109,スネルローエン,
6110,ヴィクタハンマー,
6111,ヴィクタストンパー,
6112,ヴィクタインパクト,
6113,レディオブクイーンズ,
6114,ニオスⅠ,
6115,ニオスⅡ,
6116,ニオスⅢ,
6117,イウニオス,
6118,ヴァイスホルザム,
6119,シュヴァルツホルザム,
6120,ヴァイスハルト,
6121,シュヴァルツハルト,
6122,激！金獅子インパクト,
6123,グレンクライス,
6124,天川ノ吹流,
6125,天川ノ吹流【鷲】,
6126,天川ノ吹流【琴】,
6127,ホシノミチビキ,
6128,エクエスホーン,
6129,エクエスキール,
6130,エクエスケルノ,
6131,ヴァイスルフト,
6132,ヴァイスエーデル,
6133,ストレガホーン,
6134,ストレガキール,
6135,ストレガケルノ,
6136,シュヴァルツルフト,
6137,シュヴァルツエーデル,
6138,ソルエンテホルン,
6139,ソレカランフルート,
6140,ソレイユオーボワ,
6141,デュオン・ヘリオス,
6142,ノッテホルン,
6143,ノーチェフルート,
6144,ノクスオーボワ,
6145,メサ・ニュクテ,
6146,プラートホルン,
6147,ラーゼンフルート,
6148,ガゾンオーボワ,
6149,ガゾ・グラシディ,
6150,プリティホルン,
6151,プリティチューバ,
6152,プリティマーチ,
6153,プリティプリンス,
6154,ラスティホルン,
6155,ラスティチューバ,
6156,ラスティマーチ,
6157,ラスティカイザー,
6158,アメシスアクリスⅠ,
6159,アメシスアクリスⅡ,
6160,アメシスアクリスⅢ,
6161,アメシスアクリスⅣ,
6162,アメシスアクリスⅤ,
6163,ヴァイスフロット,
6164,シュヴァルツフロット,
6165,くろくろ【クゥーン】,
6166,鋼鉄製機械重槍,
6167,鋼鉄製機械重槍改,
6168,特別製機械重槍,
6169,ミラージュバンカー,
6170,白羊旋槍・氷,
6171,白羊旋槍・氷【燦然】,
6172,白羊旋槍・氷【絢爛】,
6173,アメシスセーピアⅠ,
6174,アメシスセーピアⅡ,
6175,アメシスセーピアⅢ,
6176,アメシスセーピアⅣ,
6177,アメシスセーピアⅤ,
6178,サリッサクルンクス,
6179,黒狼槍【恐】,
6180,肉球ランス【ご？】,
6181,ナールフォラーズ,
6182,エクエスエンブス,
6183,エクエスエンベスト,
6184,エクエスエスティーダ,
6185,ヴァイスエーデ,
6186,ヴァイスヴュステ,
6187,ストレガエンブス,
6188,ストレガエンベスト,
6189,ストレガエスティーダ,
6190,シュヴァルツエーデ,
6191,シュヴァルツヴュステ,
6192,ノエンⅠ,
6193,ノエンⅡ,
6194,ノエンⅢ,
6195,ノエンブリオス,
6196,金牛銃槍・氷,
6197,金牛銃槍・氷【燦然】,
6198,金牛銃槍・氷【絢爛】,
6199,ヴァイススロトフ,
6200,シュヴァルツスロトフ,
6201,アクラグナーク,
6202,レイネⅠ,
6203,レイネⅡ,
6204,レイネⅢ,
6205,刻竜剣【猛火】,
6206,刻竜剣【止水】,
6207,刻竜剣【落雷】,
6208,刻竜剣【咆哮】,
6209,刻竜剣【氷結】,
6210,刻竜剣【爆炎】,
6211,刻竜剣【流水】,
6212,刻竜剣【轟雷】,
6213,刻竜剣【逆鱗】,
6214,刻竜剣【砕氷】,
6215,レギーナⅠ,
6216,レギーナⅡ,
6217,レギーナⅢ,
6218,刻竜大剣【猛火】,
6219,刻竜大剣【止水】,
6220,刻竜大剣【落雷】,
6221,刻竜大剣【咆哮】,
6222,刻竜大剣【氷結】,
6223,刻竜大剣【爆炎】,
6224,刻竜大剣【流水】,
6225,刻竜大剣【轟雷】,
6226,刻竜大剣【逆鱗】,
6227,刻竜大剣【砕氷】,
6228,アルゲンナイフ,
6229,アルゲンダガー,
6230,ジルバベリヒト,
6231,ジルババイヒテ,
6232,アルゲンカッター,
6233,アルゲンスライサー,
6234,ジルバヴィント,
6235,ジルバアーテム,
6236,アルゲンソード,
6237,アルゲンシュヴェルト,
6238,ジルバラプター,
6239,ジルバハーゲル,
6240,アルゲンエッジ,
6241,アルゲンブレイド,
6242,ジルバペルレ,
6243,ジルバザント,
6244,アルゲンメイス,
6245,アルゲンハンマー,
6246,ジルバゲベート,
6247,ジルバホルザム,
6248,アルゲントランペット,
6249,アルゲンウィンド,
6250,ジルバトーン,
6251,ジルバフロット,
6252,アルゲンランス,
6253,アルゲンスピア,
6254,ジルバベルク,
6255,ジルバインゼル,
6256,アルゲンガンランス,
6257,アルゲンカロル,
6258,ジルバレーゲン,
6259,ジルバスロトフ,
6260,ヴェノムチョッパー,
6261,ヴェノムブレイカー,
6262,ヴェノムザッパー,
6263,ヴェノムキリング,
6264,蒼翼剣シエルエッジ,
6265,蒼翼剣シエルブレイド,
6266,蒼翼剣シエルレイブ,
6267,蒼翼剣シエルラミーナ,
6268,桃牙剣エクスバイト,
6269,桃牙剣エクスクロー,
6270,桃牙剣エクスホーク,
6271,桃牙剣エクスハーケン,
6272,モノズ＝ニル,
6273,モノズ＝レーヴェ,
6274,モノズ＝スクリュー,
6275,モノズ＝イクス,
6276,エーレフルミナント,
6277,フエルテフルミナント,
6278,ヴィエオフルミナント,
6279,ソヴァロフルミナント,
6280,レフィナエスパラス,
6281,レフィナエスパニル,
6282,レフィナエスパジル,
6283,レフィナエスパルナ,
6284,巖石刀【撃砕】,
6285,巖石刀【破砕】,
6286,巖石刀【破断】,
6287,巖石刀【崩壊】,
6288,ヴュルデローザ,
6289,フォルテローザ,
6290,ダンデローザ,
6291,マドネローザ,
6292,ヴェノムインパクト,
6293,パンツァーヴェノム,
6294,ヴェノムフェルス,
6295,アルティメトヴェノム,
6296,眠鳥究極槌【睡眠】,
6297,眠鳥究極槌【熟睡】,
6298,眠鳥究極槌【爆睡】,
6299,眠鳥究極槌【永眠】,
6300,ヒプノマーチ,
6301,ヒプノセレナーデ,
6302,ヒプノラプソディー,
6303,ヒプノシンフォニー,
6304,九九式コルネット,
6305,九九式ホルン,
6306,九九式サイレン,
6307,九九式クラクション,
6308,パラスピア,
6309,パラガオスピア,
6310,パラアビス,
6311,パラエミティーフェ,
6312,ディアシュトゥルム,
6313,ディアアングリフ,
6314,ディアペルセニル,
6315,ディアイステラーハ,
6316,リオ＝バーストフレア,
6317,リオ＝ヴァイスフレア,
6318,リオ＝ラグナブラスト,
6319,リオ＝バルバロス,
6320,カクトスフレイヤ,
6321,カクトスレギンレイヴ,
6322,カクトスミスト,
6323,カクトスフリスト,
6324,ネブラボルネ,
6325,ネブラボルヌス,
6326,角竜剣クリムエッジ,
6327,角竜剣クリムシーザ,
6328,角竜剣クリムガング,
6329,角竜剣クリムスレイブ,
6330,緋骨剣,
6331,緋骨剣【光芒】,
6332,緋骨剣【光明】,
6333,緋骨剣【光流】,
6334,緋猛剣【光風】,
6335,緋猛剣【一閃】,
6336,巨蟹鋭剣・雷,
6337,巨蟹鋭剣・雷【燦然】,
6338,巨蟹鋭剣・雷【絢爛】,
6339,獅子王剣・水,
6340,獅子王剣・水【燦然】,
6341,獅子王剣・水【絢爛】,
6342,エバースリープⅠ,
6343,エバースリープⅡ,
6344,エバースリープⅢ,
6345,エバースリープⅣ,
6346,スタンカリバーⅠ,
6347,スタンカリバーⅡ,
6348,スタンカリバーⅢ,
6349,スタンカリバーⅣ,
6350,ヴァイパーヴェノムⅠ,
6351,ヴァイパーヴェノムⅡ,
6352,ヴァイパーヴェノムⅢ,
6353,ヴァイパーヴェノムⅣ,
6354,ドレックプンティヤ,
6355,ドレックエスタク,
6356,ドレックエスパダ,
6357,エル・メサレロンダ,
6358,ヴェニノプンティヤ,
6359,ヴェニノエスタク,
6360,ヴェニノエスパダ,
6361,エル・マタドル,
6362,カルドマヒート,
6363,カルドマヒヴェリ,
6364,ロートザーゲ,
6365,ロートアイト,
6366,オーガポイズン,
6367,かわせみ丸・閃,
6368,羽子板ソード【私欲】,
6369,煌竜剣【天帝】,
6370,ノーブルゴールド,
6371,ハイガノサイレンス,
6372,キリマクリ,
6373,ヴァイスアイト,
6374,シュヴァルツアイト,
6375,トコヤミキリ,
6376,パギュールデルニエ,
6377,コルトティラドール,
6378,アエル＝アーラ,
6379,プロケラ＝アーラ,
6380,ニンブス＝アーラ,
6381,ニゲル・Ｎ・アーラ,
6382,ニゲル＝ニンブス,
6383,クックデュアル【亜】,
6384,クックデュアル【変】,
6385,クックデュアル【剛】,
6386,クックデュアル【特】,
6387,パピリオセーバー白,
6388,パピリオサイクロン白,
6389,パピリオンヒーロー白,
6390,パピリオセーバー茶,
6391,パピリオサイクロン茶,
6392,パピリオンヒーロー茶,
6393,パピリオセーバー緑,
6394,パピリオサイクロン緑,
6395,パピリオンヒーロー緑,
6396,パピリオセーバー桃,
6397,パピリオサイクロン桃,
6398,パピリオンヒーロー桃,
6399,双宝幻剣・雷,
6400,双宝幻剣・雷【燦然】,
6401,双宝幻剣・雷【絢爛】,
6402,双魚皇剣・水,
6403,双魚皇剣・水【燦然】,
6404,双魚皇剣・水【絢爛】,
6405,隠剣,
6406,襲爪,
6407,先斬刀,
6408,旋風舞,
6409,刃刈,
6410,鉄牙,
6411,車怒流,
6412,放天撃,
6413,ガーベラフィオーレ,
6414,狐爪狼牙【白牙】,
6415,バサグラノヴァ,
6416,ツイン羽子板【雅】,
6417,ツインクレストソード,
6418,鳥竜双剣【烈風】,
6419,巨龍双刃,
6420,ヴァイスアフスト,
6421,シュヴァルツアフスト,
6422,動如雷霆【極】,
6423,浮岳大剣【鬼】,
6424,浮岳大剣【羅生門】,
6425,フレアブリンガー,
6426,フレアキャリバー,
6427,フレアカロン,
6428,フレアアンサラー,
6429,天秤封剣・雷,
6430,天秤封剣・雷【燦然】,
6431,天秤封剣・雷【絢爛】,
6432,極星大剣・水,
6433,極星大剣・水【燦然】,
6434,極星大剣・水【絢爛】,
6435,イフリートソード,
6436,イフリートセイバー,
6437,イフリートブレイド,
6438,魔剣ダイレク・炎,
6439,ライトニングソード,
6440,ライトニングセイバー,
6441,ライトニングブレイド,
6442,魔剣ダイレク・雷,
6443,ガウシカラデン,
6444,ガウシカベルタ,
6445,ガウシカアヴス,
6446,ガウ・グユル,
6447,カダルヴィケイド,
6448,奇王剣【遊戯】,
6449,羽子板ブレイド【雅】,
6450,トランスフローレス,
6451,カンゴムフローレス,
6452,角耀剣ランドグリーズ,
6453,チャームオブキャット,
6454,蛇剣【怨毒】,
6455,バルグレジェンディオ,
6456,ヴァイスヘレバド,
6457,シュヴァルツヘレバド,
6458,重撃帝斧,
6459,クルツゲルング,
6460,緋骨太刀,
6461,緋骨太刀【天花】,
6462,緋骨太刀【暁天】,
6463,緋骨太刀【天変】,
6464,緋猛太刀【天外】,
6465,緋猛太刀【天啓】,
6466,覇帝刀ケミカムトルム,
6467,覇帝刀チュカムトルム,
6468,覇帝刀ヤイカムトルム,
6469,覇帝刀エムカムトルム,
6470,ナギアリトロ,
6471,ナギアトローネ,
6472,ナギアトルーリ,
6473,バッツォ・トルーリオ,
6474,テュールリトロ,
6475,テュールトローネ,
6476,テュールトルーリ,
6477,ヴィンダ・トルーリオ,
6478,蛇遣奇刀・雷,
6479,蛇遣奇刀・雷【燦然】,
6480,蛇遣奇刀・雷【絢爛】,
6481,奇王刀【舞踊】,
6482,奇王刀【舞踏】,
6483,奇王刀【舞歌】,
6484,奇王刀【神楽】,
6485,エクエスレヴィエ,
6486,エクエスリエーズ,
6487,ヴァイスカイム,
6488,ヴァイスランケ,
6489,ストレガレヴィエ,
6490,ストレガリエーズ,
6491,シュヴァルツカイム,
6492,シュヴァルツランケ,
6493,メタルトゥース,
6494,人智老臨【紅嵐】,
6495,ロング羽子板【恐】,
6496,棘緑ノ太刀【草王】,
6497,棘茶ノ太刀【大芹】,
6498,棘白ノ太刀【炫毘古】,
6499,ラストジェネシス,
6500,鉄刀【氷月】,
6501,軍刀【獅子守】,
6502,ガノスカタルシス,
6503,エテルノデルガード,
6504,怒髪鎚,
6505,怒髪鎚【小波】,
6506,怒髪鎚【波浪】,
6507,怒髪大鎚【激浪】,
6508,怒髪大鎚【巨浪】,
6509,ブルメテオハンマー,
6510,ブルメテオショック,
6511,ブルメテオブレイク,
6512,ブルメテオストライク,
6513,幻雷獄鎚【招雷】,
6514,緋骨槌,
6515,緋骨槌【魂飛】,
6516,緋骨槌【魂銷】,
6517,緋骨槌【魂魄】,
6518,緋猛槌【忠魂】,
6519,緋猛槌【鬼哭】,
6520,コーンスタンプ白,
6521,コーンストライク白,
6522,コーンルーシェル白,
6523,コーンスタンプ茶,
6524,コーンストライク茶,
6525,コーンルーシェル茶,
6526,コーンスタンプ緑,
6527,コーンストライク緑,
6528,コーンルーシェル緑,
6529,コーンスタンプ桃,
6530,コーンストライク桃,
6531,コーンルーシェル桃,
6532,宝瓶破鎚・水,
6533,宝瓶破鎚・水【燦然】,
6534,宝瓶破鎚・水【絢爛】,
6535,プローグレッシオーⅠ,
6536,プローグレッシオーⅡ,
6537,プローグレッシオーⅢ,
6538,プベッシュハンマー,
6539,アイスクラッシュⅠ,
6540,アイスクラッシュⅡ,
6541,アイスクラッシュⅢ,
6542,グレイシャクラッシュ,
6543,サンダーバッシュⅠ,
6544,サンダーバッシュⅡ,
6545,サンダーバッシュⅢ,
6546,サンダースマッシュ,
6547,バーニングモールⅠ,
6548,バーニングモールⅡ,
6549,バーニングモールⅢ,
6550,バーニングサン,
6551,レインコーラーⅠ,
6552,レインコーラーⅡ,
6553,レインコーラーⅢ,
6554,レインスコール,
6555,シールドハンマーⅠ,
6556,シールドハンマーⅡ,
6557,シールドハンマーⅢ,
6558,ブレイドストッパー,
6559,羽子板ハンマー,
6560,羽子板ハンマー【瀑】,
6561,羽子板ハンマー【縛】,
6562,羽子板ハンマー【爆】,
6563,ヴァリエマルト,
6564,ヴァリエマテリヨ,
6565,ヴァイスブラット,
6566,ヴァイスシュタム,
6567,ソルエルマルト,
6568,ソルエルマテリヨ,
6569,シュヴァルツブラット,
6570,シュヴァルツシュタム,
6571,カルドアーヴ,
6572,カルドアルベ,
6573,ロートバウム,
6574,ロートハルト,
6575,ガウシカ・フィフス,
6576,角耀鎚カオスヘイト,
6577,溶解鎚【紅焔】,
6578,しろねこストライク,
6579,パペットタイム,
6580,ヘルヴァイスハンマー,
6581,大鎧鎚【蘇】,
6582,ファーデストロイヤー,
6583,緋骨笛,
6584,緋骨笛【舞曲】,
6585,緋骨笛【群舞】,
6586,緋骨笛【舞扇】,
6587,緋猛笛【歌舞】,
6588,緋猛笛【捧舞】,
6589,ラヴァヘヴィメタル,
6590,ラヴァデスメタル,
6591,ラヴァラウドロック,
6592,ラヴァオルタナティブ,
6593,大蛇ノ笛,
6594,大蛇ノ笛【燦然】,
6595,大蛇ノ笛【絢爛】,
6596,大蛇ノ笛【煌然】,
6597,乙女妃笛・水,
6598,乙女妃笛・水【燦然】,
6599,乙女妃笛・水【絢爛】,
6600,シェラ＝ビートラ,
6601,シェラ＝ブランデ,
6602,シェラ＝ヴニオ,
6603,シェラ＝カフリア,
6604,チャチャブートーン,
6605,ナデシコリコーダー,
6606,シルバースピリッツ,
6607,フルフルファゴット,
6608,緋骨槍,
6609,緋骨槍【道白】,
6610,緋骨槍【道心】,
6611,緋骨槍【悪道】,
6612,緋猛槍【天道】,
6613,緋猛槍【仙道】,
6614,突撃ドドスレイドニル,
6615,突撃ドドスボルグ,
6616,突撃ドドスシュツルム,
6617,突撃ドドトライアンフ,
6618,白羊旋槍・雷,
6619,白羊旋槍・雷【燦然】,
6620,白羊旋槍・雷【絢爛】,
6621,磨羯獣槍・水,
6622,磨羯獣槍・水【燦然】,
6623,磨羯獣槍・水【絢爛】,
6624,芳春之槍,
6625,芳春之槍【桂華】,
6626,芳春之槍【銀桂】,
6627,芳春之槍【金木犀】,
6628,陽春之槍,
6629,陽春之槍【忍冬】,
6630,陽春之槍【金銀華】,
6631,陽春之槍【鶯神楽】,
6632,夏雨之槍,
6633,夏雨之槍【手毬】,
6634,夏雨之槍【七変化】,
6635,夏雨之槍【八仙華】,
6636,秋想之槍,
6637,秋想之槍【染指】,
6638,秋想之槍【爪紅】,
6639,秋想之槍【鳳仙花】,
6640,厳冬之槍,
6641,厳冬之槍【蛇髯】,
6642,厳冬之槍【龍髯】,
6643,厳冬之槍【龍之珠】,
6644,秋麗之槍,
6645,秋麗之槍【小紫】,
6646,秋麗之槍【実紫】,
6647,秋麗之槍【白式部】,
6648,カルドカピール,
6649,カルドカピサ,
6650,ロートボーデン,
6651,ロートスナーゲル,
6652,かいしょうさま,
6653,チャンス,
6654,メリー・スペシャル,
6655,ヴァイスインゼル,
6656,シュヴァルツインゼル,
6657,真封龍槍【刻】,
6658,リンドヴルム,
6659,エクリプスタスク,
6660,白鳩硬槍ユニオン,
6661,ヴァイスナーゲル,
6662,シュヴァルツナーゲル,
6663,プッチババランスⅤ,
6664,ナナ＝マルシャ,
6665,ナナ＝インフィニティ,
6666,ナナ＝シャングリラ,
6667,覇銃槍メルカムトルム,
6668,覇銃槍トゥカムトルム,
6669,覇銃槍ニソカムトルム,
6670,覇銃槍ヌイカムトルム,
6671,ドドンガ・ズドドン,
6672,金牛銃槍・雷,
6673,金牛銃槍・雷【燦然】,
6674,金牛銃槍・雷【絢爛】,
6675,アクシリスイデアⅠ,
6676,アクシリスイデアⅡ,
6677,アクシリスイデアⅢ,
6678,エクセリオスソダー,
6679,マァジョルノ,
6680,マァジョリーニ,
6681,マァジョリーネ,
6682,ミール・イガーナ,
6683,カッツェルノ,
6684,カッツェリーニ,
6685,カッツェリーネ,
6686,ガニシア・イガーナ,
6687,ブラフマーストラ,
6688,ファングＺケルベロス,
6689,蒼火竜銃槍【業天】,
6690,銀火竜銃槍【屠天】,
6691,トレンチガンランス,
6692,スティルファンタズマ,
6693,トライブレイズ,
6694,カリバーンＦ,
6695,グラシエ＝アーラSPⅠ,
6696,グラシエ＝アーラSPⅡ,
6697,グラシエ＝アーラSPⅢ,
6698,グラシエ＝アーラSPⅣ,
6699,グラシエ＝アーラSPⅤ,
6700,グラシエ＝アーラSPⅥ,
6701,グラシエ＝アーラSPⅦ,
6702,スリープフェザー,
6703,スランバーフェザー,
6704,レストフェザー,
6705,フォールフェザー,
6706,ねこ手【強賊】,
6707,ヒプノ＝エクスマキナ,
6708,ムーディーナイト,
6709,スリプラピック,
6710,メラルーウィジェット,
6711,クッククック,
6712,獅子王剣・火,
6713,獅子王剣・火【燦然】,
6714,獅子王剣・火【絢爛】,
6715,闇崩護剣・氷,
6716,闇崩護剣・氷【燦然】,
6717,闇崩護剣・氷【絢爛】,
6718,多殻双,
6719,多殻双【梔子】,
6720,多殻双【芙蓉】,
6721,多殻鋭双【雪中花】,
6722,多殻鋭双【水芭蕉】,
6723,怒髪獄双乱【悲恋】,
6724,双雷,
6725,双雷【地】,
6726,双雷【天】,
6727,双雷【極】,
6728,バトラーエッジ,
6729,ジェントルダガー,
6730,ジェントルセーバー,
6731,ジェントルマン,
6732,ロイヤルバタフライ,
6733,ヒュプノパラダイス,
6734,ゲキアイノツガイ,
6735,双龍剣【飛翔】,
6736,テッセン【狼王】,
6737,双魚皇剣・火,
6738,双魚皇剣・火【燦然】,
6739,双魚皇剣・火【絢爛】,
6740,双夢裂剣・氷,
6741,双夢裂剣・氷【燦然】,
6742,双夢裂剣・氷【絢爛】,
6743,ベラ・ラフマⅠ,
6744,ベラ・ラフマⅡ,
6745,ベラ・ラフマⅢ,
6746,ズヴェールストヴォ,
6747,ダブルエッジⅠ,
6748,ダブルエッジⅡ,
6749,ダブルエッジⅢ,
6750,スウィフトエッジ,
6751,ウェーブエッジⅠ,
6752,ウェーブエッジⅡ,
6753,ウェーブエッジⅢ,
6754,タイダルエッジ,
6755,ファイアエッジⅠ,
6756,ファイアエッジⅡ,
6757,ファイアエッジⅢ,
6758,マグマエッジ,
6759,サンダーエッジⅠ,
6760,サンダーエッジⅡ,
6761,サンダーエッジⅢ,
6762,サンダーボルトエッジ,
6763,フローズンエッジⅠ,
6764,フローズンエッジⅡ,
6765,フローズンエッジⅢ,
6766,ブリザードエッジ,
6767,多殻大剣,
6768,多殻大剣【紅花】,
6769,多殻大剣【薮椿】,
6770,多殻挟剣【鳳仙花】,
6771,多殻挟剣【石楠花】,
6772,ゾーン・クリンゲ,
6773,ブート・クリンゲ,
6774,ゴイル・クリンゲ,
6775,フランメ・レベル,
6776,アッシェ・レベル,
6777,緋骨大剣,
6778,緋骨大剣【霧雲】,
6779,緋骨大剣【星霧】,
6780,緋骨大剣【迷霧】,
6781,緋猛大剣【霧消】,
6782,緋猛大剣【霧散】,
6783,殻王大剣【断】,
6784,殻王大剣【不壊】,
6785,オルドガナフ,
6786,ナイトガナフ,
6787,ロードガナフ,
6788,キングガナフ,
6789,ヴァリエクスフ,
6790,ヴァリエシフォス,
6791,ヴァイスディンゲ,
6792,ヴァイスヴェルト,
6793,ソルエルクスフ,
6794,ソルエルシフォス,
6795,シュヴァルツディンゲ,
6796,シュヴァルツヴェルト,
6797,ドレッドハート,
6798,創生姫クレア,
6799,レイトウ鋼マグロ,
6800,ヘルブレイズ,
6801,氷塊大剣【絶対零度】,
6802,コルセーヌ,
6803,アゴルセーヌ,
6804,デゴルセーヌ,
6805,エヴィサマール,
6806,ミアローク,
6807,アミアローグ,
6808,デミアローグ,
6809,フォティサマール,
6810,極星大剣・火,
6811,極星大剣・火【燦然】,
6812,極星大剣・火【絢爛】,
6813,ゴールドヴァッペンⅠ,
6814,ゴールドヴァッペンⅡ,
6815,ゴールドヴァッペンⅢ,
6816,ゴールドヴァッペンⅣ,
6817,シルバーヴァッペンⅠ,
6818,シルバーヴァッペンⅡ,
6819,シルバーヴァッペンⅢ,
6820,シルバーヴァッペンⅣ,
6821,ブロンズヴァッペンⅠ,
6822,ブロンズヴァッペンⅡ,
6823,ブロンズヴァッペンⅢ,
6824,ブロンズヴァッペンⅣ,
6825,カンフ・クリンゲ,
6826,ラオブ・クリンゲ,
6827,ラッヘ・クリンゲ,
6828,ジーク・レベル,
6829,グランツ・レベル,
6830,ミレス＝アーラ,
6831,レギナ＝アーラ,
6832,レクス＝アーラ,
6833,ニゲル・Ｒ・アーラ,
6834,ニゲル＝レクス,
6835,波光乃太刀,
6836,波光乃太刀【暴】,
6837,波光乃太刀【荒】,
6838,波光乃太刀【乱】,
6839,卯月【春風】,
6840,卯月【春雷】,
6841,卯月【春嵐】,
6842,卯月【桜吹雪】,
6843,スーパーヒナフェス,
6844,キャンディスパイラル,
6845,シンリュウノタチ,
6846,アブソリュートゼロ,
6847,刻削ノ太刀,
6848,昇龍刀【狂焔】,
6849,鉄刀【雫ノ型】,
6850,散影斬刀・水,
6851,散影斬刀・水【燦然】,
6852,散影斬刀・水【絢爛】,
6853,ポキカルセイバー・茶,
6854,ポキカルブレイド・茶,
6855,ポキカルドラゴン・茶,
6856,ポキカルセイバー・苺,
6857,ポキカルブレイド・苺,
6858,ポキカルドラゴン・苺,
6859,ポキカルセイバー・縞,
6860,ポキカルブレイド・縞,
6861,ポキカルドラゴン・縞,
6862,ポキカルセイバー・白,
6863,ポキカルブレイド・白,
6864,ポキカルドラゴン・白,
6865,多殻鎚,
6866,多殻鎚【白檀】,
6867,多殻鎚【黄楊】,
6868,多殻壊鎚【鬼胡桃】,
6869,多殻壊鎚【黒文字】,
6870,ザンズ・クリンゲ,
6871,ロック・クリンゲ,
6872,ベルグ・クリンゲ,
6873,ベーテン・レベル,
6874,ラッヘン・レベル,
6875,巨龍鎚【神体山】,
6876,巨龍鎚【蓬莱】,
6877,カクトスランブル,
6878,カクトスショック,
6879,カクトスメテオ,
6880,カクトスアーシュ,
6881,エターナルギフト,
6882,ぐらぐらアイルー,
6883,エクサリールハンマー,
6884,エンタシスプリター,
6885,至上撃龍鎚【貫徹】,
6886,アイゼスハンマー,
6887,ファッチャーヌ,
6888,黒龍破槌【捻】,
6889,宝瓶破鎚・火,
6890,宝瓶破鎚・火【燦然】,
6891,宝瓶破鎚・火【絢爛】,
6892,砕塊豪鎚・氷,
6893,砕塊豪鎚・氷【燦然】,
6894,砕塊豪鎚・氷【絢爛】,
6895,リベッツレーネ,
6896,リベッツカルネ,
6897,リベッツカダーチャ,
6898,リベラティルーポ,
6899,イドゥアーレ,
6900,イドゥカトーレ,
6901,イドゥニエーレ,
6902,イデアトゥーピド,
6903,タンツ・クリンゲ,
6904,リトムス・クリンゲ,
6905,バルツァー・クリンゲ,
6906,エーデル・レベル,
6907,ファイン・レベル,
6908,プレケス＝アーラ,
6909,ニゲル・Ｐ・アーラ,
6910,ニゲル＝プレケス,
6911,ブラッドメロディ,
6912,ブラッドソング,
6913,ブラッドポエム,
6914,ブラッドスペル,
6915,オーソルオルガン,
6916,オーソルオルガン改,
6917,ミューズの唄【称賛】,
6918,ミューズの唄【祝福】,
6919,ゴシックオルガン,
6920,ゴシックオルガン改,
6921,ミューズの唄【慈悲】,
6922,ミューズの唄【救世】,
6923,ネッサオルガン,
6924,ネッサオルガン改,
6925,ミューズの唄【歓喜】,
6926,ダミー,
6927,バロルオルガン,
6928,バロルオルガン改,
6929,ミューズの唄【奮起】,
6930,ダミー,
6931,コルロオルガン,
6932,コルロオルガン改,
6933,ミューズの唄【平穏】,
6934,ダミー,
6935,シンフォルオルガン,
6936,シンフォルオルガン改,
6937,ミューズの唄【鎮撫】,
6938,ミューズの唄【終焉】,
6939,カルドホーン,
6940,カルドキール,
6941,ロートルフト,
6942,ロートエーデル,
6943,スイートカロル,
6944,ガイアグーゴー,
6945,ギガスグーゴー,
6946,アクラリオス,
6947,アクラルゴール,
6948,ガオレンズチャイム,
6949,神龍木ノ笛【来光】,
6950,コメスタバルーン,
6951,ミオルヴァ,
6952,ファミオルヴァ,
6953,ガミオルヴァ,
6954,ヴィンザイター,
6955,オグスナー,
6956,ファオグスナー,
6957,ガオグスナー,
6958,ディクエイター,
6959,乙女妃笛・火,
6960,乙女妃笛・火【燦然】,
6961,乙女妃笛・火【絢爛】,
6962,双叉響笛・氷,
6963,双叉響笛・氷【燦然】,
6964,双叉響笛・氷【絢爛】,
6965,多殻槍,
6966,多殻槍【鈴蘭】,
6967,多殻槍【空木】,
6968,多殻捩槍【一人静】,
6969,多殻捩槍【沈丁花】,
6970,蒼翼槍シエルランス,
6971,蒼翼槍シエルスピア,
6972,蒼翼槍シエルホーン,
6973,蒼翼槍シエルアピス,
6974,ヴァリエメタリエ,
6975,ヴァリエメテリノ,
6976,ヴァイスヴェステ,
6977,ヴァイスタール,
6978,ソルエルメタリエ,
6979,ソルエルメテリノ,
6980,シュヴァルツヴェステ,
6981,シュヴァルツタール,
6982,ホワイトハート,
6983,ファントムエンド,
6984,ヒュプノスピア,
6985,ギーリャハスタ,
6986,蛇槍【カーサ】,
6987,磨羯獣槍・火,
6988,磨羯獣槍・火【燦然】,
6989,磨羯獣槍・火【絢爛】,
6990,オーディレーゼ,
6991,オーディソルゼ,
6992,オーディファンテ,
6993,オレディンカヴァリエ,
6994,アルモレーゼ,
6995,アルモノマゼ,
6996,アルモジャトーレ,
6997,アレマフィダンテ,
6998,多殻銃槍,
6999,多殻銃槍【芍薬】,
7000,多殻銃槍【石榴】,
7001,多殻断槍【雛芥子】,
7002,多殻断槍【君子蘭】,
7003,サウン・クリンゲ,
7004,トーア・クリンゲ,
7005,シパイト・クリンゲ,
7006,グアード・レベル,
7007,リーニエ・レベル,
7008,氷雪銃槍,
7009,氷雪銃槍【落】,
7010,氷雪銃槍【吹】,
7011,氷雪銃槍【崩】,
7012,オダイリカグラ【舞】,
7013,オダイリカグラ【踊】,
7014,オダイリカグラ【宴】,
7015,オダイリカグラ【雅】,
7016,ダンディ・ダンディ,
7017,オチェアーノ・デセオ,
7018,スピルタガンランス,
7019,ファランクス・ハイマ,
7020,軌翼銃槍・水,
7021,軌翼銃槍・水【燦然】,
7022,軌翼銃槍・水【絢爛】,
7023,ディオフォース,
7024,ディオブラッド,
7025,ディオソウル,
7026,ディオリモート,
7027,ディオフォース・Σ,
7028,ディオブラッド・Σ,
7029,ディオソウル・Σ,
7030,ディオリモート・Σ,
7031,ディオフォース・Ω,
7032,ディオブラッド・Ω,
7033,ディオソウル・Ω,
7034,ディオリモート・Ω,
7035,アルテュールブラスト,
7036,ダミー,
7037,ダミー,
7038,ダミー,
7039,ダミー,
7040,ダミー,
7041,ダミー,
7042,ダミー,
7043,ダミー,
7044,ダミー,
7045,ダミー,
7046,ダミー,
7047,ダミー,
7048,ダミー,
7049,ダミー,
7050,ダミー,
7051,ダミー,
7052,刻竜獄剣【爆炎】,
7053,刻竜獄剣【流水】,
7054,刻竜獄剣【轟雷】,
7055,刻竜獄剣【逆鱗】,
7056,刻竜獄剣【砕氷】,
7057,刻竜獄大剣【爆炎】,
7058,刻竜獄大剣【流水】,
7059,刻竜獄大剣【轟雷】,
7060,刻竜獄大剣【逆鱗】,
7061,刻竜獄大剣【砕氷】,
7062,刻竜獄鎚【爆炎】,
7063,刻竜獄鎚【流水】,
7064,刻竜獄鎚【轟雷】,
7065,刻竜獄鎚【逆鱗】,
7066,刻竜獄鎚【砕氷】,
7067,刻竜獄銃槍【爆炎】,
7068,刻竜獄銃槍【流水】,
7069,刻竜獄銃槍【轟雷】,
7070,刻竜獄銃槍【逆鱗】,
7071,刻竜獄銃槍【砕氷】,
7072,炎龍剣,
7073,炎龍剣【鬼】,
7074,炎龍剣【鬼武】,
7075,炎龍剣【鬼武者】,
7076,炎龍剣【真鬼武者】,
7077,毒龍剣,
7078,毒龍剣【鬼】,
7079,毒龍剣【鬼武】,
7080,毒龍剣【鬼武者】,
7081,毒龍剣【真鬼武者】,
7082,雷斬刀,
7083,雷斬刀【鬼】,
7084,雷斬刀【鬼武】,
7085,雷斬刀【鬼武者】,
7086,雷斬刀【真鬼武者】,
7087,流斬刀,
7088,流斬刀【鬼】,
7089,流斬刀【鬼武】,
7090,流斬刀【鬼武者】,
7091,流斬刀【真鬼武者】,
7092,ヒートネイル,
7093,ヒートピック,
7094,ヒートクロー,
7095,ヒートタスク,
7096,ヒートファング,
7097,マーシュネイル,
7098,マーシュピック,
7099,マーシュクロー,
7100,マーシュタスク,
7101,マーシュファング,
7102,エレクトロポール,
7103,エレクトロポスト,
7104,エレクトロピラー,
7105,エレクトロシンボル,
7106,エレクトロトーテム,
7107,プライマルポール,
7108,プライマルポスト,
7109,プライマルピラー,
7110,プライマルシンボル,
7111,プライマルトーテム,
7112,ダミー,
7113,ダミー,
7114,ダミー,
7115,ダミー,
7116,ダミー,
7117,ダミー,
7118,ダミー,
7119,ダミー,
7120,ダミー,
7121,ダミー,
7122,ダミー,
7123,ダミー,
7124,ダミー,
7125,ダミー,
7126,ダミー,
7127,ダミー,
7128,ダミー,
7129,ダミー,
7130,ダミー,
7131,ダミー,
7132,ダミー,
7133,ダミー,
7134,ダミー,
7135,ダミー,
7136,シュヴァルツヘルツ,
7137,アミクスカプリス,
7138,キーマ,
7139,キマム,
7140,キマイム,
7141,キマメラーダ,
7142,キマメカザット,
7143,シュヴァルツフロイデ,
7144,バサグラギャラクシー,
7145,ヴォルノボリ大剣・水,
7146,ヴォルノボリ子鯉・水,
7147,大海剣ヴォルノボリ,
7148,大海王ヴォルノボリ,
7149,大海神ヴォルノボリ,
7150,爆熱王ヴォルノボリ,
7151,爆熱神ヴォルノボリ,
7152,シュヴァルツガイスト,
7153,バトルエターナル,
7154,シュヴァルツムート,
7155,キャラバン絶刀,
7156,黒鎧鎚,
7157,黒鎧鎚【熱】,
7158,黒鎧鎚【爆】,
7159,黒鎧鎚【怒】,
7160,黒鎧鎚【業】,
7161,シュヴァルツヴィレ,
7162,衝動撃龍鎚【酔狂】,
7163,リベラティレオン,
7164,イデアモラータ,
7165,ジェビーナ,
7166,ジェビナス,
7167,ジェビーノス,
7168,ジェビニオン,
7169,ジェビニーノ,
7170,シュヴァルツクーア,
7171,くろくろ【ペロペロ】,
7172,シュヴァルツイデアル,
7173,キャラバン豪槍,
7174,オレディンボンベ,
7175,アレマフィレギオン,
7176,シュヴァルツブルート,
7177,銀火竜銃槍【回天】,
7178,晶剣,
7179,晶剣エクラ,
7180,晶剣エクレレ,
7181,閃晶剣リュミ,
7182,閃晶剣リュミエール,
7183,多殻剣,
7184,多殻剣【木通】,
7185,多殻剣【寒葵】,
7186,多殻硬剣【烏柄杓】,
7187,多殻硬剣【黒百合】,
7188,ネーベルリッパー,
7189,レーゲンリッパー,
7190,ヴォルケリッパー,
7191,ヴァッサーリッパー,
7192,ササ姫さまの涙,
7193,ササ姫さまの情け,
7194,ササ姫さまの誓い,
7195,ササ姫さまの幸せ,
7196,ササ姫さまの悟り,
7197,オーロワナイフ,
7198,オーロワダガー,
7199,ゴルトベリヒト,
7200,ゴルトバイヒテ,
7201,ゴルトロイエ,
7202,ゲローグラディウス,
7203,ニクスグラディウス,
7204,スティアグラディウス,
7205,イサ＝スリサズ,
7206,ウルナグラディウス,
7207,フォングラディウス,
7208,メルグラディウス,
7209,カノ＝ハガラズ,
7210,闇崩護剣・雷,
7211,闇崩護剣・雷【燦然】,
7212,闇崩護剣・雷【絢爛】,
7213,パルルスダガーⅠ,
7214,パルルスダガーⅡ,
7215,パルルスダガーⅢ,
7216,パルル・ヘリッツ,
7217,スパーク・ツィータ,
7218,スパーク・ツィーレ,
7219,スパーク・ツィン,
7220,エストスパーク,
7221,ナーガ・ツィータ,
7222,ナーガ・ツィーレ,
7223,ナーガ・ツィン,
7224,エンデナーガ,
7225,ポイズンレルム,
7226,狂神剣アグニ,
7227,ティオ＝ダオラ,
7228,氷鏡虚空剣,
7229,エンドレスポイズン,
7230,ザンブレイド【無】,
7231,緋骨双剣,
7232,緋骨双剣【速攻】,
7233,緋骨双剣【快速】,
7234,緋骨双剣【急速】,
7235,緋猛双剣【迅速】,
7236,緋猛双剣【神速】,
7237,覇双タルカムトルム,
7238,覇双ハルカムトルム,
7239,覇双シルカムトルム,
7240,覇双アルカムトルム,
7241,ボルトクロウズSPⅠ,
7242,ボルトクロウズSPⅡ,
7243,ボルトクロウズSPⅢ,
7244,ボルトクロウズSPⅣ,
7245,ボルトクロウズSPⅤ,
7246,ボルトクロウズSPⅥ,
7247,ボルトクロウズSPⅦ,
7248,オーロワカッター,
7249,オーロワスライサー,
7250,ゴルトヴィント,
7251,ゴルトアーテム,
7252,ゴルトマハト,
7253,四方炎刃,
7254,四方炎刃改,
7255,四方鬼刃【火産霊】,
7256,四方鬼刃【夜藝速】,
7257,四方鬼刃【軻遇突智】,
7258,四方雷刃,
7259,四方雷刃改,
7260,四方鬼刃【裂雷】,
7261,四方鬼刃【建布都】,
7262,四方鬼刃【建御雷】,
7263,四方禍刃,
7264,四方禍刃改,
7265,四方鬼刃【田霧姫】,
7266,四方龍刃,
7267,四方龍刃改,
7268,四方鬼刃【湍津姫】,
7269,四方氷刃,
7270,四方氷刃改,
7271,四方鬼刃【禍津日】,
7272,四方鬼刃【大禍津日】,
7273,四方水刃,
7274,四方水刃改,
7275,四方鬼刃【水分】,
7276,四方鬼刃【国水分】,
7277,四方鬼刃【天水分】,
7278,双夢裂剣・雷,
7279,双夢裂剣・雷【燦然】,
7280,双夢裂剣・雷【絢爛】,
7281,ライプルソードⅠ,
7282,ライプルソードⅡ,
7283,ライプルソードⅢ,
7284,ライプ・ナキタル,
7285,リュウソウ,
7286,セキリュウソウ,
7287,ゲキリュウソウ,
7288,ハクリュウソウ,
7289,ツインヘッド,
7290,デュアルアイス,
7291,デュアルアイスダガー,
7292,デュアルアイスソード,
7293,アイスブレイク,
7294,アイスサークル,
7295,ダミー,
7296,黒狼双刃【極】,
7297,双雷皇剣キリン,
7298,ヤツザキフェスタ,
7299,イーオス＝ゲヌミス,
7300,アクラツィーニー,
7301,セイヴザクイーンＦ,
7302,晶大剣,
7303,晶大剣バルク,
7304,晶大剣バリーク,
7305,閃晶大剣アルム,
7306,閃晶大剣アルシャムス,
7307,スライスキャンサー,
7308,スラッシュキャンサー,
7309,ハッシュキャンサー,
7310,シェアーキャンサー,
7311,ダミー,
7312,アクアブリッツSPⅠ,
7313,アクアブリッツSPⅡ,
7314,アクアブリッツSPⅢ,
7315,アクアブリッツSPⅣ,
7316,アクアブリッツSPⅤ,
7317,アクアブリッツSPⅥ,
7318,アクアブリッツSPⅦ,
7319,特別製機械大鋸,
7320,特別製機械大鋸・改,
7321,特別製機械大鋸・龍式,
7322,対龍迎撃用大鎖鋸,
7323,対龍白兵用大鎖鋸,
7324,オーロワソード,
7325,オーロワシュヴェルト,
7326,ゴルトラプター,
7327,ゴルトハーゲル,
7328,ゴルトダンク,
7329,スピルブレイドⅠ,
7330,スピルブレイドⅡ,
7331,スピルブレイドⅢ,
7332,スピ・エボシル,
7333,レフィラナシオⅠ,
7334,レフィラナシオⅡ,
7335,レフィラナシオⅢ,
7336,フォレアガント,
7337,クラウドバスターⅠ,
7338,クラウドバスターⅡ,
7339,クラウドバスターⅢ,
7340,エセリアルブレイド,
7341,ファイアリブレイドⅠ,
7342,ファイアリブレイドⅡ,
7343,ファイアリブレイドⅢ,
7344,マグマブレイド,
7345,スノーストームⅠ,
7346,スノーストームⅡ,
7347,スノーストームⅢ,
7348,ヘイルストーム,
7349,デモンズバスターⅠ,
7350,デモンズバスターⅡ,
7351,デモンズバスターⅢ,
7352,デモンズスレイヤー,
7353,ドラグーンソードⅠ,
7354,ドラグーンソードⅡ,
7355,ドラグーンソードⅢ,
7356,ドラグーンファング,
7357,テルマエ・オリゴ,
7358,テルマエ・エヴォル,
7359,テルマエ・ジャポネ,
7360,テルマエ・ロマエ,
7361,オロチ,
7362,ブランソヴァール,
7363,アミクスラムズ,
7364,ニフリートドグマ,
7365,クルツグラバット,
7366,ドラコニアクスト,
7367,タルスザグレート,
7368,マザレジェンディオ,
7369,ディールスブレイズ,
7370,ハイ＝センチネル,
7371,エピタフメリオール,
7372,エンドブレイカーＦ,
7373,ナナブレイド【天妃】,
7374,ダインスレイブＦ,
7375,晶刀,
7376,晶刀フルグ,
7377,晶刀フルゴル,
7378,閃晶刀ルークス,
7379,閃晶刀ルクスソリス,
7380,迅雷斬破刀,
7381,轟雷斬破刀,
7382,万雷斬破刀,
7383,鳴神斬破刀,
7384,工房試作品電熱刀,
7385,工房試作品電熱刀改,
7386,正式採用電熱刀,
7387,強化型電熱刀【炎刃】,
7388,強化型電熱刀【光刃】,
7389,オーロワエッジ,
7390,オーロワブレイド,
7391,ゴルトペルレ,
7392,ゴルトザント,
7393,ゴルトギューテ,
7394,カルドレヴィエ,
7395,カルドリエーズ,
7396,ロートカイム,
7397,ロートランケ,
7398,散影斬刀・火,
7399,散影斬刀・火【燦然】,
7400,散影斬刀・火【絢爛】,
7401,名刀・舞雷乃爪,
7402,名刀・舞雷乃牙,
7403,名刀・舞雷乃轟,
7404,妖刀・舞雷,
7405,天煌武剣【真かぐや】,
7406,天煌亡剣【裏かぐや】,
7407,クリュエル,
7408,クリカラリュウノタチ,
7409,長蒼刀【豪将軍】,
7410,シュトウ=マルタギリ,
7411,デスクラスサイス,
7412,鉄刀【薄氷】,
7413,神龍木ノ太刀【神隠】,
7414,龍牙刀【夜宵】,
7415,炎天丸【鳳凰】,
7416,サフィールスネークⅤ,
7417,竜槌,
7418,竜槌【打】,
7419,竜槌【破】,
7420,竜槌【壊】,
7421,モチ・ペッタン,
7422,草モチ・ペッタン,
7423,柿モチ・ペッタン,
7424,ザ・ムーンライト,
7425,ザ・クレーター,
7426,オーロワメイス,
7427,オーロワハンマー,
7428,ゴルトゲベート,
7429,ゴルトホルザム,
7430,ゴルトツォルン,
7431,セドゥマルクス,
7432,エロシオマルクス,
7433,ケイサスマルクス,
7434,ティール＝ウィアド,
7435,プルマルクス,
7436,フルメマルクス,
7437,カタラクマルクス,
7438,ラグ＝イングワ,
7439,砕塊豪鎚・雷,
7440,砕塊豪鎚・雷【燦然】,
7441,砕塊豪鎚・雷【絢爛】,
7442,ドラグーンダイブ,
7443,大鎧鎚【活】,
7444,イラヴァイスハンマー,
7445,ねむねむアイルー,
7446,龍滅棍,
7447,デスヴェノムタンク,
7448,キングロブスタント,
7449,ヴォルグランド,
7450,晶笛,
7451,晶笛イルミ,
7452,晶笛イルミナル,
7453,閃晶笛ライオ,
7454,閃晶笛ライオデソル,
7455,多殻笛,
7456,多殻笛【朝顔】,
7457,多殻笛【蛍葛】,
7458,多殻舞笛【姫沙参】,
7459,多殻舞笛【紫陽花】,
7460,フロストドラム,
7461,アイスドラム,
7462,スノードラム,
7463,ブリザードドラム,
7464,オーロワトランペット,
7465,オーロワウィンド,
7466,ゴルトトーン,
7467,ゴルトフロット,
7468,ゴルトシュレム,
7469,双叉響笛・雷,
7470,双叉響笛・雷【燦然】,
7471,双叉響笛・雷【絢爛】,
7472,ビタラルホルンⅠ,
7473,ビタラルホルンⅡ,
7474,ビタラルホルンⅢ,
7475,ビタラ・ミヤマー,
7476,アルタイル・トーン,
7477,ベガ・トーン,
7478,シェラ＝シトリー,
7479,ウォーバス,
7480,ガンズ＝ロッカー,
7481,九九式チューバ,
7482,晶槍,
7483,晶槍ランプ,
7484,晶槍ランプスィ,
7485,閃晶槍フォス,
7486,閃晶槍イリヤフォス,
7487,雷鬼槍【閃】,
7488,雷鬼槍【轟】,
7489,雷鬼槍【裂】,
7490,雷鬼槍【壊】,
7491,ドンフローズンSPⅠ,
7492,ドンフローズンSPⅡ,
7493,ドンフローズンSPⅢ,
7494,ドンフローズンSPⅣ,
7495,ドンフローズンSPⅤ,
7496,ドンフローズンSPⅥ,
7497,ドンフローズンSPⅦ,
7498,クシャ＝レタール,
7499,クシャナ＝メアン,
7500,クシャラ＝メトク,
7501,クシャレタ＝コンル,
7502,クシャイペ＝ターム,
7503,オーロワランス,
7504,オーロワスピア,
7505,ゴルトベルク,
7506,ゴルトインゼル,
7507,ゴルトゲニー,
7508,ビオルスランスⅠ,
7509,ビオルスランスⅡ,
7510,ビオルスランスⅢ,
7511,ビオ・ジャバル,
7512,サラマン・ファナレ,
7513,サラマン・ファナレル,
7514,サラマン・ファニー,
7515,エストサラマン,
7516,ニューニ・ファナレ,
7517,ニューニ・ファナレル,
7518,ニューニ・ファニー,
7519,エンデニューニ,
7520,ダミー,
7521,サリッサエリュート,
7522,黒狼槍【畏】,
7523,陽春之槍【春竜胆】,
7524,ヴァラスキャルーヴ,
7525,撃竜槍【明王】,
7526,雷槍【トヨフツ】,
7527,アカムスウォーン,
7528,アルカ＝アーラ,
7529,ハワ＝アーラ,
7530,アダム＝アーラ,
7531,ニゲル・Ａ・アーラ,
7532,ニゲル＝アダム,
7533,緋骨銃槍,
7534,緋骨銃槍【勇気】,
7535,緋骨銃槍【勇敢】,
7536,緋骨銃槍【勇猛】,
7537,緋猛銃槍【勇壮】,
7538,緋猛銃槍【武勇】,
7539,スティルウォーター,
7540,ストリームウォーター,
7541,ラピッドウォーター,
7542,ウォーターフォール,
7543,青き狩人の銃槍【壱】,
7544,青き狩人の銃槍【弐】,
7545,青き狩人の銃槍【参】,
7546,青き狩人の銃槍【蒼】,
7547,青き狩人の銃槍【藍】,
7548,赤き狩人の銃槍【壱】,
7549,赤き狩人の銃槍【弐】,
7550,赤き狩人の銃槍【参】,
7551,赤き狩人の銃槍【紅】,
7552,赤き狩人の銃槍【朱】,
7553,オーロワガンランス,
7554,オーロワカロル,
7555,ゴルトレーゲン,
7556,ゴルトスロトフ,
7557,ゴルトエアリヒ,
7558,カルドエンブス,
7559,カルドエンベスト,
7560,ロートエーデ,
7561,ロートヴュステ,
7562,軌翼銃槍・火,
7563,軌翼銃槍・火【燦然】,
7564,軌翼銃槍・火【絢爛】,
7565,ブラヴェキャノンⅠ,
7566,ブラヴェキャノンⅡ,
7567,ブラヴェキャノンⅢ,
7568,ブラ・ハエトラ,
7569,アクラハルヴァ,
7570,ファングＹケルベロス,
7571,ホワイトバースト,
7572,シザーズヘッド,
7573,グランドクライシス,
7574,ルーンＦ,
7575,マルテＦ,
7576,ブリューナクＦ,
7577,弩岩剣【斬】,
7578,弩岩剣【可斬】,
7579,弩岩獄剣【真斬】,
7580,弩岩獄剣【極良斬】,
7581,ダミー,
7582,ネブラボルナーレ,
7583,緋猛獄剣【真闇】,
7584,エピドシスソードⅠ,
7585,エピドシスソードⅡ,
7586,エピドシスソードⅢ,
7587,カンビオソードⅠ,
7588,カンビオソードⅡ,
7589,カンビオソードⅢ,
7590,シュヴァルツロイエ,
7591,デトネト,
7592,イラプターレイズ,
7593,バースティード,
7594,ロードエクス,
7595,グラタナ,
7596,ポイズンポンド,
7597,ポイズンストリーム,
7598,ポイズンフラッド,
7599,トキシックフラッド,
7600,ヴェノムフラッド,
7601,トゥルエノエッジ,
7602,トゥルエノブレイド,
7603,トゥルエノ,
7604,リンヒットエッジ,
7605,リンヒットブレイド,
7606,リンヒット,
7607,ウミーダエッジ,
7608,ウミーダブレイド,
7609,ウミーダ,
7610,パッド,
7611,パキド,
7612,パキッド,
7613,パラキッド,
7614,パララキッド,
7615,スーパーガルセイン,
7616,極カラクリヒプノック,
7617,ムーディードリーム,
7618,アーウィンⅠ,
7619,アーウィンⅡ,
7620,アーウィンⅢ,
7621,ツヴァイ・ゲイド,
7622,ノモスⅠ,
7623,ノモスⅡ,
7624,ノモスⅢ,
7625,ノモス・リディオ,
7626,ネコダイスキー,
7627,ネコジャラシー,
7628,秘剣ネコライフ,
7629,剛剣ネコマ・シグラー,
7630,晶双剣,
7631,晶双剣サーン,
7632,晶双剣サシン,
7633,閃晶双剣サイン,
7634,閃晶双剣サンソン,
7635,烈閃双剣サンシーン,
7636,カルム＝ダオラ,
7637,エピドシスファングⅠ,
7638,エピドシスファングⅡ,
7639,エピドシスファングⅢ,
7640,カンビオファングⅠ,
7641,カンビオファングⅡ,
7642,カンビオファングⅢ,
7643,シュヴァルツマハト,
7644,ヒュプノシャングリラ,
7645,狐爪狼牙【純潔】,
7646,ガーベラヘッド,
7647,リーン・バーンⅠ,
7648,リーン・バーンⅡ,
7649,リーン・バーンⅢ,
7650,アフター・バーン,
7651,ロワⅠ,
7652,ロワⅡ,
7653,ロワⅢ,
7654,ロワ・ニャール,
7655,ルビーノスワロウⅥ,
7656,スティールスワロウⅥ,
7657,アイスブランド,
7658,ナールイウサール,
7659,ダミー,
7660,ダミー,
7661,ダミー,
7662,ダミー,
7663,ダミー,
7664,ダミー,
7665,ダミー,
7666,ダミー,
7667,ダミー,
7668,ダミー,
7669,ダミー,
7670,ダミー,
7671,ダミー,
7672,ダミー,
7673,ダミー,
7674,ダミー,
7675,ダミー,
7676,弩岩大剣【断】,
7677,弩岩大剣【凄断】,
7678,弩岩獄大剣【驚断】,
7679,弩岩獄大剣【重何断】,
7680,ダミー,
7681,多殻獄挟剣【彼岸花】,
7682,エピドシスブレイドⅠ,
7683,エピドシスブレイドⅡ,
7684,エピドシスブレイドⅢ,
7685,カンビオブレイドⅠ,
7686,カンビオブレイドⅡ,
7687,カンビオブレイドⅢ,
7688,シュヴァルツダンク,
7689,エリュトクスフ,
7690,エリュトシフォス,
7691,ロートディンゲ,
7692,ロートヴェルト,
7693,強化型機械大鋸mkⅢ,
7694,ラスターカイル,
7695,ラスターレイジ,
7696,ラスターブレイク,
7697,ラスタースラスト,
7698,ラスターヴァイス,
7699,シュテルンソード,
7700,シュテルンセイバー,
7701,シュテルンブレイド,
7702,シュテルンリヒト,
7703,シュテルンスター,
7704,ミラーⅠ,
7705,ミラーⅡ,
7706,ミラーⅢ,
7707,ミラー・プラトン,
7708,プラーヴァⅠ,
7709,プラーヴァⅡ,
7710,プラーヴァⅢ,
7711,メチ・プラーヴァ,
7712,カリギューリ,
7713,カリズマティック,
7714,カーリアン,
7715,聖剣カリボール,
7716,多殻刀,
7717,多殻刀【南天】,
7718,多殻刀【柿蘭】,
7719,多殻鍛刀【金木犀】,
7720,多殻鍛刀【姫百合】,
7721,殻王獄刀【鋼】,
7722,エピドシスノタチⅠ,
7723,エピドシスノタチⅡ,
7724,エピドシスノタチⅢ,
7725,カンビオノタチⅠ,
7726,カンビオノタチⅡ,
7727,カンビオノタチⅢ,
7728,ガノスエクスタシー,
7729,カルトキュール,
7730,フリオフレスコ,
7731,フロストブリーナ,
7732,シュネルアイス,
7733,ラピッドジュレ,
7734,メラルートーチャー,
7735,ヘルサーファー,
7736,オハイーオル,
7737,オハイートリム,
7738,オハイーライザ,
7739,オハイ・フライオ,
7740,インデュロア,
7741,インデュレイヤー,
7742,インデュタスク,
7743,インデ・フライオ,
7744,ディーゼルⅠ,
7745,ディーゼルⅡ,
7746,ディーゼルⅢ,
7747,アイン・カリーソ,
7748,サフォケイション,
7749,弩岩槌【砕】,
7750,弩岩槌【小砕】,
7751,弩岩獄槌【細砕】,
7752,弩岩獄槌【粉塵砕】,
7753,浮岳獄槌【虚空ノ都】,
7754,真舞雷極鎚【金鵄】,
7755,エピドシスバインドⅠ,
7756,エピドシスバインドⅡ,
7757,エピドシスバインドⅢ,
7758,カンビオレリックⅠ,
7759,カンビオレリックⅡ,
7760,カンビオレリックⅢ,
7761,シュヴァルツツォルン,
7762,グレンシュタイン,
7763,獄！金獅子インパクト,
7764,フィボナッチハンマー,
7765,メリッシュⅠ,
7766,メリッシュⅡ,
7767,メリッシュⅢ,
7768,スタン・メリッシュ,
7769,スティールバイソンⅥ,
7770,アルラウネ,
7771,ナグリンＤＴ,
7772,コン・インパクトＤＴ,
7773,ボール・イーターＤＴ,
7774,ラクィンタ・マナＤＴ,
7775,弩岩笛【打】,
7776,弩岩笛【強打】,
7777,弩岩獄笛【連打】,
7778,弩岩獄笛【激楽打】,
7779,緋猛獄笛【納舞】,
7780,炎妃獄笛【艶麗】,
7781,毒怪鳥ノ笛,
7782,毒怪鳥ノ笛【劇薬】,
7783,毒怪鳥ノ笛【毒薬】,
7784,毒ノ響,
7785,毒ノ音,
7786,エピドシスパイプⅠ,
7787,エピドシスパイプⅡ,
7788,エピドシスパイプⅢ,
7789,カンビオリコーダーⅠ,
7790,カンビオリコーダーⅡ,
7791,カンビオリコーダーⅢ,
7792,シュヴァルツシュレム,
7793,デレクⅠ,
7794,デレクⅡ,
7795,デレクⅢ,
7796,デレク・ポーラ,
7797,ルビーノアクリスⅥ,
7798,ニャバーブ【響】,
7799,キャヴァ・アフター,
7800,キャヴァ・ドーハン,
7801,キャヴァ・ドゥンぺリ,
7802,キャヴァ・クーラー,
7803,弩岩槍【突】,
7804,弩岩槍【正突】,
7805,弩岩獄槍【兎突】,
7806,弩岩獄槍【闇雲突】,
7807,ダミー,
7808,怒髪獄閃槍【水無月】,
7809,エピドシスランスⅠ,
7810,エピドシスランスⅡ,
7811,エピドシスランスⅢ,
7812,カンビオランスⅠ,
7813,カンビオランスⅡ,
7814,カンビオランスⅢ,
7815,シュヴァルツゲニー,
7816,エリュトメタリエ,
7817,エリュトメテリノ,
7818,ロートヴェステ,
7819,ロートタール,
7820,肉球ランス【ろく？】,
7821,かいしょうちゃん,
7822,ウィールライク,
7823,ウィールスラッガ,
7824,ウィールダスト,
7825,ウィル・パイロ,
7826,オヴィリーライム,
7827,オヴィリーハスタ,
7828,オヴィリーゲイザ,
7829,オヴィ・パイロ,
7830,レゲスⅠ,
7831,レゲスⅡ,
7832,レゲスⅢ,
7833,レゲス・ハスタ,
7834,ノルト・アプルーバⅠ,
7835,ノルト・アプルーバⅡ,
7836,ノルト・アプルーバⅢ,
7837,レゾリュアプルーバー,
7838,フエゴアキュートⅠ,
7839,フエゴアキュートⅡ,
7840,フエゴアキュートⅢ,
7841,ナルハルバ,
7842,パラアキュートⅠ,
7843,パラアキュートⅡ,
7844,パラアキュートⅢ,
7845,パラガハルバ,
7846,ヴァダアキュートⅠ,
7847,ヴァダアキュートⅡ,
7848,ヴァダアキュートⅢ,
7849,スイーハルバ,
7850,ベネノアキュートⅠ,
7851,ベネノアキュートⅡ,
7852,ベネノアキュートⅢ,
7853,ディリティハルバ,
7854,ロンアキュートⅠ,
7855,ロンアキュートⅡ,
7856,ロンアキュートⅢ,
7857,テンニンハルバ,
7858,弩岩銃槍【撃】,
7859,弩岩銃槍【払撃】,
7860,弩岩獄銃槍【薙撃】,
7861,弩岩獄銃槍【突放撃】,
7862,ダミー,
7863,天狼極銃槍【七星】,
7864,ダミー,
7865,カドマツガンランス,
7866,カドマツキャノン,
7867,門松銃槍,
7868,門松銃槍【深雪】,
7869,エピドシスバーストⅠ,
7870,エピドシスバーストⅡ,
7871,エピドシスバーストⅢ,
7872,カンビオルークⅠ,
7873,カンビオルークⅡ,
7874,カンビオルークⅢ,
7875,シュヴァルツエアリヒ,
7876,キャラバン銃槍Ⅶ,
7877,ドラグーンガジェット,
7878,ドラグーンカノン,
7879,ドラグーンティル,
7880,エクスドラグーン,
7881,ドラグーンフレアー,
7882,ライトニングバースト,
7883,ライトニングカノン,
7884,ライトニングティル,
7885,エクスライトニング,
7886,ライトニングボルト,
7887,ライアンⅠ,
7888,ライアンⅡ,
7889,ライアンⅢ,
7890,スカージ・ランシス,
7891,レッジⅠ,
7892,レッジⅡ,
7893,レッジⅢ,
7894,レッジ・オネッタ,
7895,スティールホークⅥ,
7896,カリバーンFX,
7897,ダミー,
7898,ダミー,
7899,ダミー,
7900,ダミー,
7901,ダミー,
7902,ダミー,
7903,ダミー,
7904,ダミー,
7905,ダミー,
7906,ダミー,
7907,ダミー,
7908,ダミー,
7909,ダミー,
7910,ダミー,
7911,ダミー,
7912,ダミー,
7913,ダミー,
7914,ダミー,
7915,ダミー,
7916,ダミー,
7917,ダミー,
7918,ダミー,
7919,ポイズンスパイダー,
7920,アトラルスパイダー,
7921,ウォートライアンフ,
7922,バトルレクイエム,
7923,裏封龍剣【絶一門】,
7924,ピュアスノー,
7925,デスアダー,
7926,ライトニングバイパー,
7927,マンモスルイン,
7928,フュリアスルイン,
7929,真氷塊大剣【零度】,
7930,ブリッツデストゥ,
7931,ヘイルデストゥ,
7932,フレイムファントム,
7933,レインファントム,
7934,真鎌威太刀－極,
7935,スティフランページ,
7936,グレーヴランページ,
7937,ハイエロファント,
7938,ルイネイター,
7939,ダオラ＝フィン,
7940,ナギュアリン,
7941,オルカワルツ,
7942,シルバーマインド,
7943,フロストチャージャー,
7944,スリープチャージャー,
7945,真漆黒重槍グラビモス,
7946,トライブレイザー,
7947,ダミー,
7948,緋猛獄剣【虚無】,
7949,ネブラボルナレイオ,
7950,極舞雷双【角鷹】,
7951,怒髪獄双乱【恋吹雪】,
7952,タイフェン＝ダオラ,
7953,多殻獄挟剣【緋牡丹】,
7954,天狼極剣【銀月】,
7955,炎王獄刀【大狂熱】,
7956,ルフト＝ダオラ,
7957,殻王獄刀【玉鋼】,
7958,ドドンガ・ハヴォック,
7959,幻雷獄鎚【裂雷】,
7960,怒髪獄大鎚【豪浪】,
7961,浮岳獄槌【綺羅星】,
7962,真舞雷極鎚【神禽】,
7963,幻雷獄笛【神鼓】,
7964,緋猛獄笛【奉納舞】,
7965,炎妃獄笛【凄艶】,
7966,ネブラダ・ライリス,
7967,怒髪獄閃槍【文月】,
7968,フォルテＦフェネシア,
7969,天狼極銃槍【白夜】,
7970,ロイエンⅠ,
7971,ロイエンⅡ,
7972,ロイエンⅢ,
7973,ロイ・エドゥス,
7974,ゴラアルゴヴィーレ,
7975,ゴラアルゴピターレ,
7976,ソムアルゴヴィーレ,
7977,ソムアルゴピターレ,
7978,ドーンブレイド,
7979,ドーンブランド,
7980,ドーンレイザー,
7981,ドーンヴィサージュ,
7982,ドーンブリンガー,
7983,リカーヴブレイド,
7984,リカーヴブランド,
7985,リカーヴレイザー,
7986,リカーヴヴィサージュ,
7987,リカーヴブリンガー,
7988,ティエルⅠ,
7989,ティエルⅡ,
7990,ティエルⅢ,
7991,ティエ・ノマ,
7992,ファントムアサシン,
7993,アメトⅠ,
7994,アメトⅡ,
7995,アメトⅢ,
7996,アト・スピオ,
7997,節刀【柏】,
7998,節刀【蓬】,
7999,節刀【菖蒲】,
8000,節刀皐月【破邪】,
8001,節刀皐月【護身】,
8002,レチェンⅠ,
8003,レチェンⅡ,
8004,レチェンⅢ,
8005,レチェ・ローディ,
8006,卯月【乱桜】,
8007,ロリポップ,
8008,スイートロリポップ,
8009,デリシャスロリポップ,
8010,ロリポップ・スパーク,
8011,アタクⅠ,
8012,アタクⅡ,
8013,アタクⅢ,
8014,アタ・グレオ,
8015,怒スパライズ,
8016,ダミー,
8017,ダミー,
8018,ダミー,
8019,ダミー,
8020,ダミー,
8021,ダミー,
8022,ダミー,
8023,ダミー,
8024,ダミー,
8025,ダミー,
8026,カタクリズムランス,
8027,カタクリズムグラスプ,
8028,カタクリズムコーリン,
8029,カタクリズムオーメン,
8030,カタクリズムハート,
8031,ケイデンスランス,
8032,ケイデンスグラスプ,
8033,ケイデンスコーリン,
8034,ケイデンスオーメン,
8035,ケイデンスハート,
8036,パピプペランス,
8037,ペピポピパランス,
8038,ぺリぺリぺリランス,
8039,パピ・ペリオンランス,
8040,ゴラアルゴヴェラッシ,
8041,ゴラアルゴアンヴィル,
8042,ソムアルゴヴェラッシ,
8043,ソムアルゴアンヴィル,
8044,ベリエⅠ,
8045,ベリエⅡ,
8046,ベリエⅢ,
8047,ベリエ・レオ,
8048,フローラソード,
8049,フローラソード・火,
8050,フローラソード・水,
8051,フローラソード・雷,
8052,フローラソード・氷,
8053,フローラソード・龍,
8054,フラウエッジ,
8055,フラウエッジ・火,
8056,フラウエッジ・水,
8057,フラウエッジ・雷,
8058,フラウエッジ・氷,
8059,フラウエッジ・龍,
8060,リアブレイカー,
8061,リアブレイカー・火,
8062,リアブレイカー・水,
8063,リアブレイカー・雷,
8064,リアブレイカー・氷,
8065,リアブレイカー・龍,
8066,キースブレイド,
8067,キースブレイド・火,
8068,キースブレイド・水,
8069,キースブレイド・雷,
8070,キースブレイド・氷,
8071,キースブレイド・龍,
8072,ギネルクラッシャ,
8073,ギネルクラッシャ・火,
8074,ギネルクラッシャ・水,
8075,ギネルクラッシャ・雷,
8076,ギネルクラッシャ・氷,
8077,ギネルクラッシャ・龍,
8078,チルカポルカ,
8079,チルカポルカ・火,
8080,チルカポルカ・水,
8081,チルカポルカ・雷,
8082,チルカポルカ・氷,
8083,チルカポルカ・龍,
8084,エドワードランス,
8085,エドワードランス・火,
8086,エドワードランス・水,
8087,エドワードランス・雷,
8088,エドワードランス・氷,
8089,エドワードランス・龍,
8090,タイゾウキャノン,
8091,タイゾウキャノン・火,
8092,タイゾウキャノン・水,
8093,タイゾウキャノン・雷,
8094,タイゾウキャノン・氷,
8095,タイゾウキャノン・龍,
8096,アクス＝プリート,
8097,アクス＝グラッツィ,
8098,アクス＝ソレンネ,
8099,ファルコ＝ヴォラーレ,
8100,ヴォルペ＝サルターレ,
8101,イティンⅠ,
8102,イティンⅡ,
8103,イティンⅢ,
8104,イティンⅣ,
8105,イティ・テラ,
8106,アルティⅠ【紫】,
8107,アルティⅡ【紫】,
8108,アルティⅢ【紫】,
8109,アルティ・サフィラス,
8110,マラディ,
8111,セルモ・ハール,
8112,イノシダス,
8113,バインドメイス【獄】,
8114,イニティナイフ,
8115,アウィスナイフ,
8116,ヴォーラナイフ,
8117,ダミー,
8118,鬼包丁【双牙】,
8119,鬼包丁【双角】,
8120,鬼包丁【双爪】,
8121,斬鬼ノ刻刃,
8122,斬鬼ノ恐刃,
8123,ナバーⅠ,
8124,ナバーⅡ,
8125,ナバーⅢ,
8126,ナバーⅣ,
8127,ナバ・ルス,
8128,ネッラズーロ,
8129,ネッラズーロ・ザンナ,
8130,ネッラズーロ・ラーマ,
8131,ネッラズーロ・ゼロス,
8132,アルドルⅠ【赤】,
8133,アルドルⅡ【赤】,
8134,アルドルⅢ【赤】,
8135,ヴィルズニケウス,
8136,アルドルⅠ【黄】,
8137,アルドルⅡ【黄】,
8138,アルドルⅢ【黄】,
8139,マグナフラウス,
8140,アルドルⅠ【水】,
8141,アルドルⅡ【水】,
8142,アルドルⅢ【水】,
8143,アーマカレウス,
8144,アルドルⅠ【白】,
8145,アルドルⅡ【白】,
8146,アルドルⅢ【白】,
8147,ドクトゥアーブス,
8148,アルドルⅠ【黒】,
8149,アルドルⅡ【黒】,
8150,アルドルⅢ【黒】,
8151,ファトゥスニグル,
8152,アルドルⅠ【紫】,
8153,アルドルⅡ【紫】,
8154,アルドルⅢ【紫】,
8155,ファヴアール,
8156,バリアシオン【Ｓ】,
8157,バリアシオン【ＳＳ】,
8158,バリアシオン【３Ｓ】,
8159,バリアシオン【ドＳ】,
8160,六爪流【景秀】,
8161,六爪流【牙龍】,
8162,六爪流【蛟龍】,
8163,六爪流【応龍】,
8164,六爪流【戦舞】,
8165,六爪流【爪駆】,
8166,六爪流【爪破】,
8167,六爪流【咬龍】,
8168,六爪流【皇龍】,
8169,六爪流【獄竜】,
8170,二槍【朱羅】,
8171,二槍【朱雀】,
8172,二槍【灼炎】,
8173,二槍【炎凰】,
8174,二槍【天覇】,
8175,二槍【紅牙】,
8176,二槍【斬紅】,
8177,二槍【赤芒】,
8178,二槍【焔翔】,
8179,二槍【絶槍】,
8180,干将・莫耶Ⅰ,
8181,干将・莫耶Ⅱ,
8182,干将・莫耶Ⅲ,
8183,干将・莫耶Ⅳ,
8184,干将・莫耶Ⅴ,
8185,ズィリ・ヴェーガ,
8186,マルタ・メディリス,
8187,スウィフティモ,
8188,ダブルストライク,
8189,ディルソル,
8190,イニティダブルアクス,
8191,アウィススライサー,
8192,ヴォーラカッター,
8193,ダミー,
8194,笹飾,
8195,天流ノ笹飾,
8196,光帯ノ笹飾,
8197,織女ノ笹飾,
8198,牽牛ノ笹飾,
8199,ノーブルラミナ,
8200,ノーブルスパーダ,
8201,ノーブルクリンゲ,
8202,アスールヴェルダー,
8203,イェル・ライゴ,
8204,イェル・エゴル,
8205,イェル・タグラ,
8206,スプレィ・グラム,
8207,スプレィ・ジーフ,
8208,ラドゥ・ペルタ,
8209,カレト・ライゴ,
8210,カレト・エゴル,
8211,カレト・タグラ,
8212,レムニス・グラム,
8213,レムニス・ディーゴ,
8214,ラドゥ・リーズ,
8215,スロムⅠ,
8216,スロムⅡ,
8217,スロムⅢ,
8218,スロムⅣ,
8219,スクロ・テス,
8220,エクスカリバー,
8221,約束された勝利の剣Ⅰ,
8222,約束された勝利の剣Ⅱ,
8223,約束された勝利の剣Ⅲ,
8224,約束された勝利の剣Ⅳ,
8225,約束された勝利の剣Ⅴ,
8226,カルドリスト,
8227,アグロメスト,
8228,ディグザイラ,
8229,フォール・ダスク,
8230,ヴォイドリング,
8231,イニティブレイド,
8232,アウィスブレイド,
8233,ヴォーラソード,
8234,ダミー,
8235,レードⅠ,
8236,レードⅡ,
8237,レードⅢ,
8238,レードⅣ,
8239,レド・モトゥム,
8240,多殻貫刀,
8241,多殻貫刀【竜胆】,
8242,多殻貫刀【龍胆】,
8243,多殻鋼貫刀【竜胆】,
8244,多殻貫朱刀,
8245,多殻貫朱刀【竜胆】,
8246,多殻貫朱刀【龍胆】,
8247,多殻鋼貫朱刀【竜胆】,
8248,多殻貫碧刀,
8249,多殻貫碧刀【竜胆】,
8250,多殻鋼碧刀【龍胆】,
8251,多殻鋼貫碧刀【竜胆】,
8252,ペイン・ディライト,
8253,スイート・ペイン,
8254,ゴージャス・ペイン,
8255,エターナル・ペイン,
8256,一刀流【景秀】,
8257,一刀流【牙龍】,
8258,一刀流【蛟龍】,
8259,一刀流【応龍】,
8260,一刀流【戦舞】,
8261,一刀流【爪駆】,
8262,一刀流【爪破】,
8263,一刀流【咬龍】,
8264,一刀流【皇龍】,
8265,一刀流【獄龍】,
8266,光刀・大取【青】,
8267,光刀・大取【金】,
8268,光刀・大取【青】,
8269,光刀・大取【金】,
8270,勝利すべき黄金の剣Ⅰ,
8271,勝利すべき黄金の剣Ⅱ,
8272,勝利すべき黄金の剣Ⅲ,
8273,勝利すべき黄金の剣Ⅳ,
8274,勝利すべき黄金の剣Ⅴ,
8275,フィドシスト,
8276,フォルティズム,
8277,恐龍瞬滅鎌【獄】,
8278,ヴォトムウェーブ,
8279,雷豪斬鉄鎌【獄】,
8280,イニティソード,
8281,アウィスソード,
8282,ヴォーラエッジ,
8283,ダミー,
8284,シュラー・スマッシャ,
8285,シュラー・ブレイカー,
8286,シュラー・バッシュ,
8287,ラズロティスモ,
8288,ズィゲンティスモ,
8289,グロール・スマッシャ,
8290,グロール・ブレイカー,
8291,グロール・バッシュ,
8292,ディオメールン,
8293,ディオフェール,
8294,ジャルキ・スマッシャ,
8295,ジャルキ・ブレイカー,
8296,ジャルキ・バッシュ,
8297,ヴァダー・スマッシャ,
8298,ヴァダー・ブレイカー,
8299,ヴァダー・バッシュ,
8300,アストラ・スマッシャ,
8301,アストラ・ブレイカー,
8302,アストラ・バッシュ,
8303,コンヘラ・スマッシャ,
8304,コンヘラ・ブレイカー,
8305,コンヘラ・バッシュ,
8306,ベンティカスタナ,
8307,ベンティスブロウ,
8308,イグラⅠ,
8309,イグラⅡ,
8310,イグラⅢ,
8311,イグラⅣ,
8312,イグ・アラマ,
8313,ストレイフⅠ【紫】,
8314,ストレイフⅡ【紫】,
8315,ストレイフⅢ【紫】,
8316,ストレイフ・ラピテス,
8317,新スリープボール・紫,
8318,新スリープロック・紫,
8319,新スリープアイス・紫,
8320,新アイスの実・紫,
8321,新スリープボール・桃,
8322,新スリープロック・桃,
8323,新スリープアイス・桃,
8324,新アイスの実・桃,
8325,新スリープボール・橙,
8326,新スリープロック・橙,
8327,新スリープアイス・橙,
8328,新アイスの実・橙,
8329,新スリープボール・黄,
8330,新スリープロック・黄,
8331,新スリープアイス・黄,
8332,新アイスの実・黄,
8333,果汁入スリープロック,
8334,濃厚スリープアイス,
8335,アイスの実,
8336,果汁入スリープロック,
8337,濃厚スリープアイス,
8338,アイスの実,
8339,果汁入スリープロック,
8340,濃厚スリープアイス,
8341,アイスの実,
8342,果汁入スリープロック,
8343,濃厚スリープアイス,
8344,アイスの実,
8345,果汁入スリープロック,
8346,濃厚スリープアイス,
8347,アイスの実,
8348,果汁入スリープロック,
8349,濃厚スリープアイス,
8350,アイスの実,
8351,果汁入スリープロック,
8352,濃厚スリープアイス,
8353,アイスの実,
8354,果汁入スリープロック,
8355,濃厚スリープアイス,
8356,アイスの実,
8357,ミクホン・独奏,
8358,ミクホン・二重奏,
8359,ミクホン・三重奏,
8360,ミクホン・四重奏,
8361,ミクホン・五重奏,
8362,初音声楽・独奏,
8363,初音声楽・二重奏,
8364,初音声楽・三重奏,
8365,初音声楽・四重奏,
8366,初音声楽・五重奏,
8367,アブソクラッシュ,
8368,エヒトス,
8369,イニティメイス,
8370,アウィスハンマー,
8371,ヴォーラメイス,
8372,ダミー,
8373,ジアル・リアゴ,
8374,ジアル・クドラ,
8375,ジアル・ゴノ,
8376,カネレ・エザー,
8377,カネレ・パーン,
8378,フェーリ・エラス,
8379,ブル・リアゴ,
8380,ブル・クドラ,
8381,ブル・ゴノ,
8382,マエロル・エザー,
8383,マロエル・パーン,
8384,ラエティ・エラス,
8385,ミクキー・独奏,
8386,ミクキー・二重奏,
8387,ミクキー・三重奏,
8388,ミクキー・四重奏,
8389,ミクキー・五重奏,
8390,初音鍵盤・独奏,
8391,初音鍵盤・二重奏,
8392,初音鍵盤・三重奏,
8393,初音鍵盤・四重奏,
8394,初音鍵盤・五重奏,
8395,ソナ・ストリングス,
8396,ニャクーチョー【楽】,
8397,デュリオス,
8398,イニティホルン,
8399,アウィスホルン,
8400,ヴォーラトランペット,
8401,ノーブルランケ,
8402,ノーブルシュペア,
8403,ノーブルクリス,
8404,アスールリンピオ,
8405,ゴールドティアⅠ,
8406,ゴールドティアⅡ,
8407,ゴールドティアⅢ,
8408,ゴールドティアⅣ,
8409,シルバーティアⅠ,
8410,シルバーティアⅡ,
8411,シルバーティアⅢ,
8412,シルバーティアⅣ,
8413,ブロンズティアⅠ,
8414,ブロンズティアⅡ,
8415,ブロンズティアⅢ,
8416,ブロンズティアⅣ,
8417,ポルトランスⅠ【鉛】,
8418,ポルトランスⅡ【鉛】,
8419,ポルトランスⅢ【鉛】,
8420,オルディナトゥール,
8421,ポルトランスⅠ【青】,
8422,ポルトランスⅡ【青】,
8423,ポルトランスⅢ【青】,
8424,ペルゾナール,
8425,ポルトランスⅠ【赤】,
8426,ポルトランスⅡ【赤】,
8427,ポルトランスⅢ【赤】,
8428,コンプタドール,
8429,ポルトランスⅠ【黄】,
8430,ポルトランスⅡ【黄】,
8431,ポルトランスⅢ【黄】,
8432,プロソピコス,
8433,ポルトランスⅠ【白】,
8434,ポルトランスⅡ【白】,
8435,ポルトランスⅢ【白】,
8436,ピルサナーリヌイ,
8437,ポルトランスⅠ【黒】,
8438,ポルトランスⅡ【黒】,
8439,ポルトランスⅢ【黒】,
8440,ペイセイ,
8441,十文字槍【朱羅】,
8442,十文字槍【朱雀】,
8443,十文字槍【灼炎】,
8444,十文字槍【炎凰】,
8445,十文字槍【天覇】,
8446,十文字槍【紅牙】,
8447,十文字槍【斬紅】,
8448,十文字槍【赤芒】,
8449,十文字槍【焔翔】,
8450,十文字槍【絶槍】,
8451,アスカルド,
8452,エルダムド,
8453,パティエール,
8454,イニティランス,
8455,アウィスランス,
8456,ヴォーラランス,
8457,ダミー,
8458,アルトラ・ヴァッサー,
8459,アルトラ・ゲイザー,
8460,アルトラ・ディウム,
8461,プロケラエフィア,
8462,ニンブスエフィア,
8463,エーア・クティ,
8464,エーア・ルプス,
8465,エーア・ベスティ,
8466,アウジーエクサル,
8467,ベルヴァエクサル,
8468,フラム・カリュプ,
8469,フラム・クストス,
8470,フラム・アルドル,
8471,リェチ・カリュプ,
8472,リェチ・クストス,
8473,リェチ・アルドル,
8474,エクレール・カリュプ,
8475,エクレール・クストス,
8476,エクレール・アルドル,
8477,ハロード・カリュプ,
8478,ハロード・クストス,
8479,ハロード・アルドル,
8480,アガトヴァランガ,
8481,ラスカーヴァランガ,
8482,イボルⅠ,
8483,イボルⅡ,
8484,イボルⅢ,
8485,イボルⅣ,
8486,イボ・リア,
8487,イクサガキャノン,
8488,イクサガフォース,
8489,イクサガゲイザ―,
8490,イクサガブレイズ,
8491,エクセリオスワード,
8492,ＦＭＸ【Ｓｌｉｍ】,
8493,アルテュールゲイズ,
8494,ミールストーム,
8495,イニティキャノン,
8496,アウィスガンランス,
8497,ヴォーラガンランス,
8498,シプレラナイフ,
8499,ベルムナイフSPⅠ,
8500,ベルムナイフSPⅣ,
8501,ベルムナイフSPⅦ,
8502,トレームナイフ,
8503,シプレラダブルアクス,
8504,ベルムアクスSPⅠ,
8505,ベルムアクスSPⅣ,
8506,ベルムアクスSPⅦ,
8507,トレームダブルアクス,
8508,シプレラブレイド,
8509,ベルムブレイドSPⅠ,
8510,ベルムブレイドSPⅣ,
8511,ベルムブレイドSPⅦ,
8512,トレームブレイド,
8513,シプレラソード,
8514,ベルムソードSPⅠ,
8515,ベルムソードSPⅣ,
8516,ベルムソードSPⅦ,
8517,トレームソード,
8518,シプレラランス,
8519,ベルムランスSPⅠ,
8520,ベルムランスSPⅣ,
8521,ベルムランスSPⅦ,
8522,トレームランス,
8523,シプレラキャノン,
8524,ベルムキャノンSPⅠ,
8525,ベルムキャノンSPⅣ,
8526,ベルムキャノンSPⅦ,
8527,トレームキャノン,
8528,シプレラメイス,
8529,ベルムメイスSPⅠ,
8530,ベルムメイスSPⅣ,
8531,ベルムメイスSPⅦ,
8532,トレームメイス,
8533,シプレラホルン,
8534,ベルムホルンSPⅠ,
8535,ベルムホルンSPⅣ,
8536,ベルムホルンSPⅦ,
8537,トレームホルン,
8538,ダミー,
8539,ダミー,
8540,ダミー,
8541,ダミー,
8542,ダミー,
8543,ダミー,
8544,ダミー,
8545,ダミー,
8546,ダミー,
8547,ダミー,
8548,ダミー,
8549,ダミー,
8550,ダミー,
8551,ダミー,
8552,ダミー,
8553,ダミー,
8554,ダミー,
8555,ダミー,
8556,ダミー,
8557,ダミー,
8558,ダミー,
8559,ダミー,
8560,ダミー,
8561,ダミー,
8562,ダミー,
8563,ダミー,
8564,ダミー,
8565,ダミー,
8566,ダミー,
8567,ダミー,
8568,ダミー,
8569,ダミー,
8570,ダミー,
8571,ダミー,
8572,ダミー,
8573,ダミー,
8574,ダミー,
8575,ダミー,
8576,ダミー,
8577,ダミー,
8578,ダミー,
8579,ダミー,
8580,ダミー,
8581,ダミー,
8582,ダミー,
8583,ダミー,
8584,ダミー,
8585,ダミー,
8586,ダミー,
8587,ダミー,
8588,ダミー,
8589,ダミー,
8590,ダミー,
8591,ダミー,
8592,ダミー,
8593,ダミー,
8594,ダミー,
8595,ダミー,
8596,ダミー,
8597,ダミー,
8598,ダミー,
8599,ダミー,
8600,ダミー,
8601,クックザリッパー,
8602,クックツーガイ,
8603,怪翼大剣,
8604,カゲロウノダチ,
8605,クックディーグァ,
8606,九九式バスーン,
8607,シャプリクック,
8608,硬銃槍,
8609,アスタグラーボ,
8610,アスタトンディーロ,
8611,アスタスパード,
8612,アスタトランチーロ,
8613,アスタマルテーロ,
8614,アスタムジキーロ,
8615,アスタランツォ,
8616,アスタアルティレリオ,
8617,シーラモフモフ,
8618,シーラクルイーク,
8619,シーラリヴァンズ,
8620,フォールベーネ,
8621,イザームヴェーレ,
8622,フェルメミーナ,
8623,フォールクレス,
8624,デスターオルフ,
8625,毒奏笛ゲリョス,
8626,コンターガイスト,
8627,アーテムウェーネ,
8628,アズムククリ,
8629,クルードボンボン,
8630,アズムブレード,
8631,クルードマンティス,
8632,クルードコーン,
8633,グォーボンゴ,
8634,アズムジャベリン,
8635,アズムガンランス,
8636,ザン・ジャロ,
8637,ダン・ジャロ,
8638,ボン・ジャロ,
8639,プリンセスプライド,
8640,インテラルヴェック,
8641,ヴァルキリーアンカー,
8642,真・飛竜刀【時継】,
8643,スカルブレイク,
8644,バロアカンパナ,
8645,フェローテイル,
8646,クォンデガンランス,
8647,シュラーマタル,
8648,ローカオリク,
8649,ローカアルジラ,
8650,伐砕刃【荒繰】,
8651,ローカクルーデ,
8652,ローカラスティマ,
8653,ローカクバーレ,
8654,ヴィーミルオリクト,
8655,ギザギリ,
8656,スクラッチクロウ,
8657,ブレイドギル,
8658,ザンギリ,
8659,スティンガーラグーン,
8660,トーンタイド,
8661,ギィネストランス,
8662,ラズルスラッガー,
8663,スパイクスライサー,
8664,パンクヘッズスラム,
8665,フィムナイツ・ゴア,
8666,鳴雷剣,
8667,蒼雷響,
8668,雷震剣,
8669,清輝雷華刀,
8670,フニフニベアー,
8671,雷震笛,
8672,穿雷蓄槍,
8673,渦雷銃槍,
8674,ブラストエッジ,
8675,レメナスクロウズ,
8676,インスティンボルグ,
8677,征空刀【真炎】,
8678,業炎槌,
8679,リフォルフィーネ,
8680,レッドルーン,
8681,リオ＝デネトール,
8682,凍氷剣【絶】,
8683,双氷刀【雪牙】,
8684,サルグナーブブレイド,
8685,雪白刃,
8686,フレッドインパルス,
8687,リウージュホルン,
8688,アズドゥランス,
8689,リウージュバースト,
8690,爆狼双剣【シュン】,
8691,爆狼笛【カナデ】,
8692,爆狼槍【ウガチ】,
8693,ダミー,
8694,ダミー,
8695,ダミー,
8696,ダミー,
8697,ダミー,
8698,ダミー,
8699,ダミー,
8700,ダミー,
8701,マツリノココロ【猛】,
8702,マツリノココロ【涛】,
8703,マツリノココロ【絆】,
8704,マツリノセイシン,
8705,マツリノタマシイ,
8706,ホーンティングソーン,
8707,アンホーリーソーン,
8708,スペクトラルソーン,
8709,ブルタライズソーン,
8710,オーバーローズソーン,
8711,ミスティレイピア,
8712,ミスティモルデ,
8713,ミスティラッシュ,
8714,ミスティスウォーム,
8715,ミスティフレンジー,
8716,モータルアゴニー,
8717,テリファイレイピア,
8718,テリファイモルデ,
8719,テリファイラッシュ,
8720,テリファイスウォーム,
8721,テリファイフレンジー,
8722,クープデグレイス,
8723,ドネスⅠ,
8724,ドネスⅡ,
8725,ドネスⅢ,
8726,ドネスⅣ,
8727,ドネス・ティア,
8728,シュトルムナイフ,
8729,マイアズマ,
8730,ラプチャー,
8731,ヴォイドドラグーン,
8732,ドラグドミネーション,
8733,デュエルワルツ,
8734,ブレイドワルツ,
8735,グローバルサイレンス,
8736,ティタ・ハッチャ,
8737,ティタ・ヘリオ,
8738,ティタ・ペルフォラ,
8739,ティタ・Ｌ・ローザ,
8740,炎王獄剣【滅界】,
8741,刻竜獄剣【業焔】,
8742,刻竜獄剣【轟流】,
8743,刻竜獄剣【雷迅】,
8744,刻竜獄剣【諦観】,
8745,刻竜獄剣【烈凍】,
8746,弩岩獄剣【真良斬】,
8747,緋猛獄剣【喪失】,
8748,ネブラボルナレイズ,
8749,ゴラアルゴピレイン,
8750,ソムアルゴピレイン,
8751,ブルタルエッジ,
8752,ブルタルファング,
8753,ブルタルロウ,
8754,ブルタルティア,
8755,ブルタルゲイズ,
8756,ブルタルテミス,
8757,ツインアンガー,
8758,ベルセルクアンガー,
8759,サベージアンガー,
8760,ヘイトレッドアンガー,
8761,アークアンガー,
8762,セイントアンガー,
8763,グリフⅠ,
8764,グリフⅡ,
8765,グリフⅢ,
8766,グリフⅣ,
8767,グリフ・マエロ,
8768,シュトルムカッター,
8769,グランダリウス,
8770,ヘモレッジ,
8771,エシッドブレイズ,
8772,スカーレットパイロ,
8773,フラガルタス,
8774,ヴェノマンサー,
8775,ティタ・ティヘラ,
8776,ティタ・コルテ,
8777,ティタ・モータ,
8778,ティタ・Ｌ・ダンザ,
8779,ドドンガ・マインス,
8780,極舞雷双【八角鷹】,
8781,怒髪獄双乱【愛燦々】,
8782,テンペスタ＝ダオラ,
8783,ホージャアルマ,
8784,レシェンⅠ,
8785,レシェンⅡ,
8786,レシェンⅢ,
8787,レシェンⅣ,
8788,レシェ・メリア,
8789,シュトルムソード,
8790,カダルグラッセ,
8791,エクセレントブレイド,
8792,オーバードライブ,
8793,デスレイン,
8794,スタヴィルダ,
8795,ティタ・エスパーダ,
8796,ティタ・ソプラ,
8797,ティタ・アビエル,
8798,ティタ・Ｌ・コーター,
8799,炎王獄大剣【焔皇】,
8800,刻竜獄大剣【業焔】,
8801,刻竜獄大剣【轟流】,
8802,刻竜獄大剣【雷迅】,
8803,刻竜獄大剣【諦観】,
8804,刻竜獄大剣【烈凍】,
8805,弩岩獄大剣【真何断】,
8806,多殻獄挟剣【緋華玉】,
8807,天狼極剣【喰月】,
8808,ボードムⅠ,
8809,ボードムⅡ,
8810,ボードムⅢ,
8811,ボードムⅣ,
8812,ボドム・イネル,
8813,シュトルムエッジ,
8814,メタルファング,
8815,コンフラグレイション,
8816,ペイルカスケイド,
8817,ラムダ・トルーリオ,
8818,トルミネイオ,
8819,サイフォ・トルーリオ,
8820,パーマフロスト,
8821,陽飾太刀【覇道】,
8822,陽飾太刀【均衡】,
8823,宵飾太刀【殲】,
8824,宵飾太刀【叢雲】,
8825,クロスレギオン,
8826,灼熱轟焔鎌【獄】,
8827,ルビーノスネークⅥ,
8828,ティタ・アクサ,
8829,ティタ・ディヴィド,
8830,ティタ・アタカ,
8831,ティタ・Ｌ・シャッタ,
8832,ドドンガ・ジンダチ,
8833,炎王獄刀【真狂熱】,
8834,イルマ＝ダオラ,
8835,殻王獄刀【極鋼】,
8836,クラーファウスト,
8837,クラーシュタイン,
8838,クラーマレウス,
8839,ディアーカレント,
8840,ジオーストレイト,
8841,ヘックスハンマー,
8842,ヘックスバッシャー,
8843,ヘックスブロウ,
8844,ヘックステック,
8845,ヘックスエイン,
8846,エントロピー,
8847,レックレスハンマー,
8848,レックレスバッシャー,
8849,レックレスブロウ,
8850,レックレステック,
8851,レックレスエイン,
8852,ハイランダー,
8853,リネスⅠ,
8854,リネスⅡ,
8855,リネスⅢ,
8856,リネスⅣ,
8857,リス・リトゥ,
8858,シュトルムメイス,
8859,ジェム・クェンダー,
8860,ラディエンス,
8861,タリク・クェンダー,
8862,タリックイズム,
8863,スペクトラルクラウン,
8864,エンシェントジェム,
8865,スピリットパビリオン,
8866,シュレリアルジェム,
8867,サンダーブリンガー,
8868,ティタ・カスコ,
8869,ティタ・スマッシャ,
8870,ティタ・エスコーナ,
8871,ティタ・Ｌ・デスト,
8872,炎王獄鎚【裂黒】,
8873,刻竜獄鎚【業焔】,
8874,刻竜獄鎚【轟流】,
8875,刻竜獄鎚【雷迅】,
8876,刻竜獄鎚【諦観】,
8877,刻竜獄鎚【烈凍】,
8878,弩岩獄槌【真塵砕】,
8879,ドドンガ・ラバージ,
8880,幻雷獄鎚【大散雷】,
8881,怒髪獄大鎚【豪破浪】,
8882,浮岳獄槌【流星】,
8883,真舞雷極鎚【御霊】,
8884,シュトルムホルン,
8885,テルスグーゴー,
8886,ブレイブグーゴー,
8887,アクラリアン,
8888,アクラレローゼ,
8889,ナギュレシオ,
8890,オルカリズム,
8891,ニャリュート【楽】,
8892,ティタ・カヴァロ,
8893,ティタ・ソニード,
8894,ティタ・トクタ,
8895,ティタ・Ｌ・アニモ,
8896,真冥雷獄笛【翠鳥】,
8897,弩岩獄笛【激嬉打】,
8898,幻雷獄笛【神太鼓】,
8899,緋猛獄笛【献上奏】,
8900,炎妃獄笛【狂魅】,
8901,観月ノ飾,
8902,観月ノ祭,
8903,観月ノ待宵,
8904,観月夜【雅】,
8905,観月夜【朧】,
8906,シュトルムランス,
8907,ウィルスターク,
8908,ノヴァ・クェイン,
8909,オーグメント,
8910,ウィックド・クェイン,
8911,レルムトーメント,
8912,ティタ・デフェンディ,
8913,ティタ・プロテ,
8914,ティタ・パレヒエッロ,
8915,ティタ・Ｌ・アルカ,
8916,真冥雷獄槍【蓮鶴】,
8917,弩岩獄槍【滅多突】,
8918,ネブラダ・イリアナ,
8919,怒髪獄閃槍【葉月】,
8920,ゴラアルゴレヴィルオ,
8921,ソムアルゴレヴィルオ,
8922,ペークカレント,
8923,ペークマラン,
8924,ペークヴォルチェ,
8925,スタルアッチャー,
8926,スタルジオーネ,
8927,ドレッドノートギア,
8928,ドレッドノートランサ,
8929,ドレッドノートハンタ,
8930,ドレッドノートレイス,
8931,ドレッドノートセラフ,
8932,ドレッドノートスカル,
8933,バトルロア,
8934,イニシエートロア,
8935,シニスターロア,
8936,ノートリアスロア,
8937,ルースレスロア,
8938,アンプリファイロア,
8939,ディペアⅠ,
8940,ディペアⅡ,
8941,ディペアⅢ,
8942,ディペアⅣ,
8943,ディア・ライオ,
8944,シュトルムガンランス,
8945,シヴァーカズラ,
8946,ミール・スティンガー,
8947,エルダンサー,
8948,ガニシア・トゥース,
8949,ルインドキング,
8950,バンカーブラスト,
8951,ヴォルトブレイカー,
8952,タイダルフィッシャー,
8953,タイダルスター,
8954,フリズスキャールヴ,
8955,ティタ・クエマ,
8956,ティタ・アブラサーダ,
8957,ティタ・フラメン,
8958,ティタ・Ｌ・イクス,
8959,ドドンガ・ドドドガン,
8960,刻竜獄銃槍【業焔】,
8961,刻竜獄銃槍【轟流】,
8962,刻竜獄銃槍【雷迅】,
8963,刻竜獄銃槍【諦観】,
8964,刻竜獄銃槍【烈凍】,
8965,弩岩獄銃槍【貫放撃】,
8966,フォルテＧフェリシア,
8967,天狼極銃槍【白昼夢】,
8968,ティタ・ソラール,
8969,天翔剣,
8970,フランシアール,
8971,デスポートクロウ,
8972,パリスティックダガー,
8973,アグニスビーシュ,
8974,ローゼンエフォール,
8975,狂毀雷棍,
8976,ゼーゲトゥース,
8977,ガルバスタード,
8978,ヴァシム・ルクス,
8979,蛮殻剣,
8980,ネヴェアフェリダ,
8981,ダードラウラ,
8982,ティタ・ヴィエント,
8983,カルドレヒター,
8984,デスポートスライサー,
8985,粘双刃・呑首領,
8986,ミルト・テュレイラ,
8987,灼鋼双爪,
8988,ローゼンヴィテス,
8989,司天双角,
8990,ガルクロス,
8991,ヴァシュネル・レメン,
8992,蛮殻双,
8993,ネヴェアングル,
8994,極雷斬【鳴神】,
8995,ティタ・ムエルテ,
8996,天翔大剣,
8997,シュタルブレーン,
8998,デスポートハック,
8999,メルプリティプレート,
9000,ガイアベセル,
9001,ローゼンヴィーグル,
9002,絽布雷棘棒,
9003,ゼーゲウィング,
9004,ガルナダ,
9005,ヴァリュンシムド,
9006,蛮殻大剣,
9007,ネヴェアクエル,
9008,ティタ・ヴィダ,
9009,スカーラレヒター,
9010,デスポートスラッシュ,
9011,呑竜刀・貪切,
9012,ルグレ・テュレイラ,
9013,熔刃オキリュウトウ,
9014,ローゼンジェニー,
9015,貴鬼迅雷刃,
9016,ガルソブラ,
9017,ヴァシム・メルダー,
9018,蛮殻刀,
9019,氷麗丸【濡鴉】,
9020,極雷刀【蛇柳】,
9021,天熾シ凍土ニ咲ク刃,
9022,ティタ・モンタナ,
9023,天翔鎚,
9024,ハールサクル,
9025,デスポートクラッシュ,
9026,ドモリッション・ハム,
9027,クレヴォ・テュレイラ,
9028,ムルキベル,
9029,ローゼングルトン,
9030,雷閃鎚,
9031,ガルドランパルス,
9032,ヴァシム・ハッケン,
9033,蛮殻鎚,
9034,ネヴェアシーク,
9035,ティタ・ムシカ,
9036,クラージュパイプ,
9037,デスポートドラゴング,
9038,パリアリーヤ,
9039,アグニスラーガ,
9040,ローゼンルグレ,
9041,雷鳴奏管,
9042,ガラグレアル,
9043,ヴァシム・シュプリ,
9044,蛮殻笛,
9045,ネヴェアラリド,
9046,凍エシ魂ヲ熾セシ奏,
9047,ダードアンカー,
9048,ティタ・ティエラ,
9049,グラビドアスピス,
9050,デスポートアール,
9051,プロパリス,
9052,フォビドゥンランス,
9053,ローゼンオネット,
9054,喚雷針槍,
9055,ゼーゲロングホーン,
9056,ガルヴィート,
9057,ヴァシム・シュピッツ,
9058,蛮殻槍,
9059,ネヴェアクリス,
9060,極雷槍【鎌髭】,
9061,ティタ・ラーマ,
9062,アルバスクード,
9063,デスポートバースト,
9064,ドン・キード,
9065,パイロランス,
9066,ローゼンアヴァール,
9067,絡雷銃槍,
9068,オプタリスク＝ペイン,
9069,ヴァクラール,
9070,蛮殻銃槍,
9071,ネヴェアネータ,
9072,凍テツク時ヲ熾獣槍,
9073,ダードスラスト,
9074,エルフェンステイト,
9075,エルフェンワイゴ,
9076,シュヴァルツムスダ,
9077,シュヴァルツコグラ,
9078,アルテューライザ,
9079,エクセリオスライト,
9080,ペルゾシオン,
9081,ダミー,
9082,ダミー,
9083,ダミー,
9084,ダミー,
9085,ダミー,
9086,ダミー,
9087,ダミー,
9088,ダミー,
9089,ダミー,
9090,ダミー,
9091,ダミー,
9092,ダミー,
9093,ダミー,
9094,ダミー,
9095,ダミー,
9096,ダミー,
9097,ダミー,
9098,ダミー,
9099,ダミー,
9100,ダミー,
9101,ダミー,
9102,ダミー,
9103,ダミー,
9104,ダミー,
9105,ダミー,
9106,ダミー,
9107,ダミー,
9108,ダミー,
9109,ダミー,
9110,ダミー,
9111,ダミー,
9112,ダミー,
9113,ダミー,
9114,ダミー,
9115,ダミー,
9116,ダミー,
9117,ダミー,
9118,ダミー,
9119,ダミー,
9120,ダミー,
9121,ダミー,
9122,ダミー,
9123,ダミー,
9124,ダミー,
9125,ダミー,
9126,ダミー,
9127,ダミー,
9128,ダミー,
9129,ダミー,
9130,ダミー,
9131,ダミー,
9132,ダミー,
9133,ダミー,
9134,ダミー,
9135,ダミー,
9136,ダミー,
9137,ダミー,
9138,ダミー,
9139,ダミー,
9140,ダミー,
9141,ダミー,
9142,ダミー,
9143,ダミー,
9144,ダミー,
9145,ダミー,
9146,ダミー,
9147,ダミー,
9148,ダミー,
9149,ダミー,
9150,ダミー,
9151,ダミー,
9152,ダミー,
9153,ダミー,
9154,ダミー,
9155,ダミー,
9156,ダミー,
9157,ダミー,
9158,ダミー,
9159,ダミー,
9160,ダミー,
9161,ダミー,
9162,ダミー,
9163,ダミー,
9164,ダミー,
9165,ダミー,
9166,ダミー,
9167,ダミー,
9168,ダミー,
9169,ダミー,
9170,ダミー,
9171,ダミー,
9172,ダミー,
9173,ダミー,
9174,ダミー,
9175,ダミー,
9176,ダミー,
9177,ダミー,
9178,ダミー,
9179,ダミー,
9180,ダミー,
9181,ダミー,
9182,ダミー,
9183,ダミー,
9184,ダミー,
9185,ダミー,
9186,ダミー,
9187,ダミー,
9188,ダミー,
9189,ベータナイフ【呂】,
9190,ベータナイフ【呂】Ⅱ,
9191,ベータナイフ【呂】Ⅲ,
9192,ベータナイフ【呂】Ⅳ,
9193,ベータナイフ【呂】Ⅴ,
9194,エクスベータ【漆】,
9195,ベータナイフ【空】,
9196,ベータナイフ【空】Ⅱ,
9197,ベータナイフ【空】Ⅲ,
9198,ベータナイフ【空】Ⅳ,
9199,ベータナイフ【空】Ⅴ,
9200,エクスベータ【天】,
9201,ネオダブルベータ,
9202,ネオダブルベータⅡ,
9203,ネオダブルベータⅢ,
9204,ネオダブルベータⅣ,
9205,ネオダブルベータⅤ,
9206,ネオエクレルベータ,
9207,スタウロスソード,
9208,スタウロスエッジ,
9209,スタウロスレイザー,
9210,スタウロスダンサー,
9211,スタウロスサースター,
9212,クアドラングギブル,
9213,ロンドゥソード,
9214,ロンドゥエッジ,
9215,ロンドゥレイザー,
9216,ロンドゥダンサー,
9217,ロンドゥサースター,
9218,クアドラングドナス,
9219,クラウスハンマー,
9220,クラウスマレット,
9221,クラウスパウンダー,
9222,クラウスバッシャー,
9223,クラウスベーン,
9224,ヴォールタオゼント,
9225,ルントハンマー,
9226,ルントマレット,
9227,ルントパウンダー,
9228,ルントバッシャー,
9229,ルントベーン,
9230,ヴァッシュタオゼント,
9231,ガンドシュレディング,
9232,ガンドジャヴェロ,
9233,ガンドラムゾフ,
9234,ガンドヴィズラス,
9235,ガンドバクビート,
9236,タリムパブーク,
9237,アドニスラピス,
9238,アドニスニーラ,
9239,アドニスマーナ,
9240,アドニスアズラク,
9241,アドニスバジャリ,
9242,イシュタリオン,
9243,メルガイデソルフ,
9244,メルガイデラール,
9245,メルガイデアドム,
9246,メルガイデメラハ,
9247,メルガイデエリュテ,
9248,ゲリュオペリス,
9249,ノクタブルト,
9250,ルシーンブルト,
9251,デイモスブルト,
9252,シュワルベブルト,
9253,テロゾアブルト,
9254,ギリオングラヴェ,
9255,ベロナマッサ,
9256,バリオマッサ,
9257,スティラマッサ,
9258,シルディスマッサ,
9259,ウルバンマッサ,
9260,ジェイダングラヴェ,
9261,ユーシルディンス,
9262,ユーブクリソニア,
9263,ユーマゲンブライア,
9264,ユーディクシオン,
9265,ユーシュプルフ,
9266,ゼルドナデレット,
9267,ベータナイフ【呂】,
9268,ベータナイフ【呂】Ⅱ,
9269,ベータナイフ【呂】Ⅲ,
9270,ベータナイフ【呂】Ⅳ,
9271,ベータナイフ【呂】Ⅴ,
9272,エクスベータ【漆】,
9273,ベータナイフ【空】,
9274,ベータナイフ【空】Ⅱ,
9275,ベータナイフ【空】Ⅲ,
9276,ベータナイフ【空】Ⅳ,
9277,ベータナイフ【空】Ⅴ,
9278,エクスベータ【天】,
9279,ネオダブルベータ,
9280,ネオダブルベータⅡ,
9281,ネオダブルベータⅢ,
9282,ネオダブルベータⅣ,
9283,ネオダブルベータⅤ,
9284,ネオエクレルベータ,
9285,ベアゴンザッドレ,
9286,ベアシュロデロン,
9287,ベアルオマイアード,
9288,ベアトラダラード,
9289,ベアンブロスデッド,
9290,バグズジェミオレ,
9291,バグズジェミグロ,
9292,バグズジェミリオン,
9293,バグズジェミティエ,
9294,バグズジェミハイト,
9295,セクタンデュオルヴァ,
9296,バグズジェミブル,
9297,バグズジェミラン,
9298,バグズジェミザイン,
9299,バグズジェミアビム,
9300,バグズジェミハイファ,
9301,セクタンデュオネイヴ,
9302,ダクスハンク,
9303,ダクスヒュッテ,
9304,ダクスフォルム,
9305,ダクスヘルデ,
9306,ダクスホークス,
9307,グローセスインゼル,
9308,ダクスアクセル,
9309,ダクスイェンク,
9310,ダクスヴァルド,
9311,ダクスエイムス,
9312,ダクスオブラーガ,
9313,ガーベルシュトラーセ,
9314,フィアスパイク,
9315,フィアスネゲル,
9316,フィアスデファン,
9317,フィアスデール,
9318,ヴェルギュテル,
9319,ヴィオスパイク,
9320,ヴィオスネゲル,
9321,ヴィオスデファン,
9322,ヴィオスデール,
9323,ティーアヴァルド,
9324,フィロダス,
9325,フィロダスミュート,
9326,フィロダススラップ,
9327,フィロダススウィープ,
9328,ユニゾンレイキング,
9329,フュアコル,
9330,フュアコルミュート,
9331,フュアコルスラップ,
9332,フュアコルスウィープ,
9333,ユニゾンオルタネイト,
9334,Ｇ－ＴＵＮＥソード,
9335,Ｇ－ＴＵＮＥエッジ,
9336,Ｇ－ＴＵＮＥバスター,
9337,Ｇ－ＴＵＮＥセイバー,
9338,極光剣Ｇ－ＴＵＮＥ,
9339,ＧラディウスⅠ,
9340,ＧラディウスⅡ,
9341,ＧラディウスⅢ,
9342,ＧラディウスⅣ,
9343,極光剣Ｇラディウス,
9344,合戦乱神ノ大剣,
9345,怪異乱神ノ大剣,
9346,武勇乱神ノ大剣,
9347,怪力乱神ノ大剣,
9348,黒天凱孤狼ノ剣,
9349,黒天凱天狼ノ剣,
9350,黒天凱餓狼ノ剣,
9351,黒天凱豺狼ノ剣,
9352,巫山緑翁ノ大剣,
9353,巫山雲珠ノ大剣,
9354,巫山穿姫ノ大剣,
9355,巫山夢幻之大剣,
9356,撃刃紅我ノ大剣,
9357,激堵紅我ノ大剣,
9358,隙剰紅我ノ大剣,
9359,火檄紅我ノ大剣,
9360,白天凱孤狼ノ剣,
9361,白天凱天狼ノ剣,
9362,白天凱餓狼ノ剣,
9363,白天凱豺狼ノ剣,
9364,パキシーローム,
9365,パキシーロール,
9366,パキシーローズ,
9367,パキシーローリア,
9368,ファイタルゾーラ,
9369,ファイタルゾーイ,
9370,ファイタルゾマデス,
9371,ファイタルゾラガス,
9372,エメラームヴァング,
9373,エメラームヴァンゼ,
9374,エメラームヴァスラ,
9375,エメラームヴァミラ,
9376,リーズリーソニア,
9377,リーズリーラニア,
9378,リーズリーミリア,
9379,リーズリーソニカル,
9380,シンドルリステ,
9381,シンドルリステル,
9382,シンドルリステス,
9383,シンドルリズリー,
9384,ガスギャルド,
9385,ガスパールネスタ,
9386,ガスパーダエラージア,
9387,ギュエルレアンド,
9388,エグゼルグリード,
9389,エゼキルグリフィア,
9390,エゼキルトニエッド,
9391,ベルトドットナジー,
9392,アプソロンジーク,
9393,アプソロシュベック,
9394,アプソウローラットド,
9395,ドルソークイア,
9396,ナーディスヴェア,
9397,ナーディズシークラ,
9398,ナーディバルトロット,
9399,ホウチェカフロ,
9400,ハユリュネード,
9401,ハユリュウルリカ,
9402,ハユリュスサンカリ,
9403,ヘイモネン,
9404,ロジベルン,
9405,ロジグラート,
9406,ロジアルメント,
9407,ロジバーゼル,
9408,ロジブリエンツ,
9409,グリンデルクロイツ,
9410,激怒スパライズ,
9411,ダミー,
9412,ダミー,
9413,ダミー,
9414,ゴルードフレート,
9415,ゴルードエメリッヒ,
9416,ゴルードファティメス,
9417,ゴルードニガルス,
9418,ゴルゴンルブレット,
9419,クレメッタムート,
9420,クレメントカープロ,
9421,クレメンタカレヴィ,
9422,クレメンタトリープ,
9423,エルヴィンヴォレック,
9424,バルゼアラカット,
9425,バルゼネスティーダ,
9426,バルセルミドンテート,
9427,バルセルスバロウ,
9428,アドット・クヴィスバ,
9429,ヘルヴァード,
9430,ヘルヴァード・レス,
9431,ヘルヴァード・ラミ,
9432,ヘルヴァード・ライム,
9433,ヘル・レヴィナード,
9434,ヒュ・テオパルド,
9435,ヒュ・コンド,
9436,ヒュ・クレメンテ,
9437,ヒュ・セスランガ,
9438,モーデスルランガ,
9439,タイダラルーベン,
9440,タイダラナタエルン,
9441,タイダラセイバトール,
9442,タイダラリベル,
9443,タイダンレジェス,
9444,ゲノムスラッシャー,
9445,ゲノムブロワー,
9446,ゲノムクラッパー,
9447,ゲノムデュランバー,
9448,バイオンネンシス,
9449,プロテオブラント,
9450,プロテオストライカー,
9451,プロテオインパクト,
9452,プロテオスウォーマー,
9453,バイオインティノア,
9454,ビオスマッシャー,
9455,ビオプルバリザー,
9456,ビオクローマ,
9457,ビオジェネティクス,
9458,バイオンネンボーグ,
9459,フィジオスタンパー,
9460,フィジオグリンダー,
9461,フィジオブレーカー,
9462,フィジオパウンダー,
9463,バイオインフォマ,
9464,スパインディヴォル,
9465,カンタディヴォル,
9466,ティゲンディヴォル,
9467,ケイパーディヴォル,
9468,バルトベルゼビュート,
9469,ナランジャヴォロ,
9470,マンダジャヴォロ,
9471,オレヌジャヴォロ,
9472,マルムジャヴォロ,
9473,メデクベルゼビュート,
9474,封剣ファルシオンⅠ,
9475,封剣ファルシオンⅡ,
9476,封剣ファルシオンⅢ,
9477,封剣ファルシオンⅣ,
9478,神剣ファルシオン,
9479,裏剣ファルシオンⅠ,
9480,裏剣ファルシオンⅡ,
9481,裏剣ファルシオンⅢ,
9482,裏剣ファルシオンⅣ,
9483,裏剣ファルシオンⅤ,
9484,リベリオンⅠ,
9485,リベリオンⅡ,
9486,リベリオンⅢ,
9487,リベリオンⅣ,
9488,リベリオンⅤ,
9489,リベリオン改Ⅰ,
9490,リベリオン改Ⅱ,
9491,リベリオン改Ⅲ,
9492,リベリオン改Ⅳ,
9493,リベリオン改Ⅴ,
9494,ケミライドソード,
9495,ケミイベンタソード,
9496,ケミベルテッドソード,
9497,ドレーヴォンガ,
9498,ドレーアンゲルッダ,
9499,トロノヴァソード,
9500,トロルギッドソード,
9501,トロノアデランソード,
9502,ロリッチダーシェ,
9503,ロリッチボディール,
9504,バトースシーク,
9505,バトースネリカル,
9506,バトースブリテット,
9507,ルトゥ・ソード,
9508,ルトゥーニ・ソード,
9509,ルトゥ・ダランソード,
9510,グザッダルンガ,
9511,グザッダージャモン,
9512,グザンダージャーマレ,
9513,ディナンラーク,
9514,ディナンブリッタ,
9515,ディナベルディッド,
9516,ラッドバイソナー,
9517,ラッドソボルドーナ,
9518,濃赤ノ太刀,
9519,濃赤閃ノ太刀,
9520,濃赤閃ノ太刀【耀】,
9521,閃王紅光ノ陽刀【印】,
9522,閃王紅光ノ陽刀【煌】,
9523,斑紫ノ太刀,
9524,斑紫魂ノ太刀,
9525,斑紫魂ノ太刀【耀】,
9526,霧姫黒紫ノ月刀【印】,
9527,霧姫黒紫ノ月刀【煌】,
9528,金縷ノ太刀,
9529,金縷砂乱ノ太刀,
9530,金縷岩絶ノ太刀,
9531,白清雹ノ太刀,
9532,白清雹霰ノ太刀,
9533,白清雹霰ノ太刀【彗】,
9534,清雹天星ノ太刀【晄】,
9535,清雹天星ノ太刀【皐】,
9536,青嵬ノ太刀,
9537,青嵬臨ノ太刀,
9538,青嵬臨ノ太刀【翔】,
9539,蒼臨孔雀ノ太刀【華】,
9540,蒼臨孔雀ノ太刀【雅】,
9541,翡翠祈ノ太刀,
9542,翡翠戰祈ノ太刀,
9543,翡翠戰祈ノ太刀【我】,
9544,巖翔翠祈ノ太刀【己】,
9545,巖翔翠祈ノ太刀【奉】,
9546,ディアマリベト,
9547,ディアマヴォント,
9548,ディアマカデナ,
9549,ジュアマン＝カッシェ,
9550,ジュアマン＝プロジオ,
9551,ジュアマンエプラシア,
9552,鋸自慢【初心】,
9553,鋸自慢【奮闘】,
9554,鋸自慢【大成】,
9555,鋸自慢【孤高】,
9556,鋸自慢【慢心】,
9557,鋸自慢【達観】,
9558,羽子板ナイフ,
9559,羽子板ナイフ【澄】,
9560,羽子板ナイフ【晴】,
9561,羽子板ナイフ【粧】,
9562,羽子板ナイフ【祝】,
9563,羽子板ナイフ【寿】,
9564,キューティーギフト,
9565,キューティーハート,
9566,キューティーアタック,
9567,キューティーアンバル,
9568,キューティーエポドス,
9569,ラブフレイム,
9570,花鼓,
9571,花鼓【鳴】,
9572,花鼓【響】,
9573,花鼓【誘】,
9574,花鼓【惑】,
9575,花鼓【魅】,
9576,アイシングキーラ,
9577,アイシングゼルガーマ,
9578,アイシングベルガーダ,
9579,アイシングドルフーデ,
9580,アイシングダラート,
9581,アイシンピュアレンス,
9582,桜花爛漫,
9583,桜花爛漫【若蕾】,
9584,桜花爛漫【開花】,
9585,桜花爛漫【早咲】,
9586,桜花爛漫【遅咲】,
9587,桜花爛漫【満開】,
9588,大海君神ヴォルノボリ,
9589,爆熱君神ヴォルノボリ,
9590,節刀菖蒲月【守護】,
9591,ササ姫さまの想い,
9592,星合ノ笹飾,
9593,ホシボシノキラメキ,
9594,ソルエルポワニール,
9595,ソルエルキジャル,
9596,シュヴァルツドルフ,
9597,シュヴァルツヴェーク,
9598,ゲヴィッタポワニール,
9599,ソルエルオプグナー,
9600,ソルエルグナティオ,
9601,シュヴァルツトーア,
9602,シュヴァルツテューア,
9603,ゲヴィッタオプグナー,
9604,ソルエルファーブラ,
9605,ソルエルプエリーリス,
9606,シュヴァルツブリュケ,
9607,シュヴァルツカナール,
9608,ゲヴィッタファーブラ,
9609,ゲヴィッタクスフ,
9610,ゲヴィッタマルト,
9611,ゲヴィッタメタリエ,
9612,ヴォーラマヒート,
9613,ヴォーラドペルタ,
9614,ヴォーラメッサ,
9615,ヴォーラレヴィエ,
9616,ヴォーラカピール,
9617,ヴォーラエンブス,
9618,ヴォーラアーヴ,
9619,ヴォーラホーン,
9620,ノーブルクシフ,
9621,ノーブルシーフォ,
9622,ノーブルシフォス,
9623,アスールズヴィエ,
9624,ノーブルポーラ,
9625,ノーブルモート,
9626,ノーブルモロット,
9627,アスールスフィール,
9628,ねこ手【豪賊】,
9629,ねこ手【大怪盗】,
9630,羽子板ソード【我欲】,
9631,羽子板ソード【大食】,
9632,ツイン羽子板【淑】,
9633,ツイン羽子板【婉】,
9634,セレブバタフライ,
9635,クイーンバタフライ,
9636,ジェントルヒューマン,
9637,エレガンテ,
9638,ガウ・カリバ,
9639,ガウスラッシャー,
9640,羽子板ブレイド【淑】,
9641,羽子板ブレイド【婉】,
9642,奇王剣【奥戯】,
9643,奇王剣【秘戯】,
9644,フィアハート,
9645,ドリームハート,
9646,奇王刀【雅楽】,
9647,奇王刀【舞斬】,
9648,ロング羽子板【怯】,
9649,ロング羽子板【叶】,
9650,キャンディエリセ,
9651,キャンディボルテクス,
9652,エクストラヒナフェス,
9653,ウルトラヒナフェス,
9654,卯月【狂桜】,
9655,エテルノギフト,
9656,フューチャーギフト,
9657,羽子板ハンマー【曝】,
9658,羽子板ハンマー【幕】,
9659,ガウシカ・クイント,
9660,ガウシカ・サンキエム,
9661,ロリポップ・チスパ,
9662,ロリポップ・ショック,
9663,スイートロンド,
9664,スイートセレナーデ,
9665,チャチャブーターン,
9666,チャチャブリリアント,
9667,メリー・グレート,
9668,メリー・グロリア,
9669,チャス,
9670,チス,
9671,ピュアハート,
9672,ストロングハート,
9673,ダンディ・ダンプティ,
9674,ダンディマスター,
9675,オダイリカグラ【楽】,
9676,オダイリカグラ【翔】,
9677,門松銃槍【日出】,
9678,門松銃槍【雪解】,
9679,火竜乃金棘剣,
9680,鎧竜乃紅破刀,
9681,紫蠍銃槍【微結晶】,
9682,紫蠍銃槍【準結晶】,
9683,紫蠍銃槍【多結晶】,
9684,紫蠍銃槍【完全結晶】,
9685,輝界白竜剣【光切】,
9686,輝界白竜双剣【光嵐】,
9687,輝界白竜大剣【光斬】,
9688,輝界白竜刀【光流】,
9689,輝界白竜槍【光突】,
9690,輝界白竜銃槍【光爆】,
9691,輝界白竜鎚【光殴】,
9692,輝界白竜銃槍【輝爆】,
9693,輝界白竜剣【輝切】,
9694,輝界白竜双剣【輝嵐】,
9695,輝界白竜大剣【輝斬】,
9696,輝界白竜刀【輝流】,
9697,輝界白竜槍【輝突】,
9698,輝界白竜銃槍【眩爆】,
9699,輝界白竜鎚【輝殴】,
9700,輝界白竜銃槍【耀爆】,
9701,輝界白竜剣【眩切】,
9702,輝界白竜双剣【眩嵐】,
9703,輝界白竜大剣【眩斬】,
9704,輝界白竜刀【眩流】,
9705,輝界白竜槍【眩突】,
9706,輝界白竜銃槍【煌爆】,
9707,輝界白竜鎚【眩殴】,
9708,輝界白竜笛【光音】,
9709,輝界白竜剣【耀切】,
9710,輝界白竜双剣【耀嵐】,
9711,輝界白竜大剣【耀斬】,
9712,輝界白竜刀【耀流】,
9713,輝界白竜槍【耀突】,
9714,輝界白竜笛【輝音】,
9715,輝界白竜鎚【耀殴】,
9716,輝界白竜笛【眩音】,
9717,輝界白竜剣【煌切】,
9718,輝界白竜双剣【煌嵐】,
9719,輝界白竜大剣【煌斬】,
9720,輝界白竜刀【煌流】,
9721,輝界白竜槍【煌突】,
9722,輝界白竜笛【耀音】,
9723,輝界白竜鎚【煌殴】,
9724,輝界白竜笛【煌音】,
9725,バル・ロン,
9726,バル・オレガノ,
9727,バル・ランキュヌ,
9728,バル・バアプレ,
9729,バル・ユチン,
9730,バル・セリアイ,
9731,バル・ランドルマ,
9732,バル・コール,
9733,バル・ラスティマ,
9734,バル・ホオスキ,
9735,バル・リグレト,
9736,バル・フレーレ,
9737,バル・リィリア,
9738,バル・タチバナ,
9739,バル・ラスカーヤ,
9740,バル・グルーヴ,
9741,ギガランポスクロウズ,
9742,骨刀【嵐牙】,
9743,ブルースタービング,
9744,ドスゲネビナム,
9745,ゲネポスピアニモ,
9746,バイティペイン,
9747,イーオスグレフィア,
9748,サブールビュサン,
9749,クレーヴァワンド,
9750,ブロスフィアホーン,
9751,ブロスフィアテイル,
9752,フィンバスター,
9753,波輝乃太刀【真打】,
9754,エラルダフィッシャー,
9755,至極舞雷剣【不死鳥】,
9756,至極舞雷槍【緊那羅】,
9757,至極舞雷鎚【鬼車】,
9758,暗黒槍,
9759,モアダークキャノン,
9760,ゴールデングリッド,
9761,喰血剣ハルシバル,
9762,喰血大剣ガルフィン,
9763,喰血銃槍バルミタ,
9764,喰血鎚ガルディブラ,
9765,喰血剛剣ランクリフ,
9766,喰血剛大剣ランボ,
9767,喰血剛銃槍ランハンス,
9768,喰血剛鎚ランボルト,
9769,喰血痺剣ネトゥ,
9770,喰血痺大剣ネルダール,
9771,喰血痺銃槍ゲシュタル,
9772,喰血痺鎚ネネモス,
9773,喰血毒剣イーネル,
9774,喰血毒大剣オスマン,
9775,喰血毒銃槍イオッシュ,
9776,喰血毒鎚オスゴン,
9777,極・闇黒邪龍双剣,
9778,極・闇黒邪龍銃槍,
9779,極・闇黒邪龍鎚,
9780,極・闇黒邪龍笛,
9781,トラグ・エスカー,
9782,トラグ・セール,
9783,トラグ・フェーン,
9784,トラグ・アーラ,
9785,トラグ・ローク,
9786,トラグ・ヴァルカン,
9787,トラグ・メーネ,
9788,トラグ・コーダ,
9789,無銘・短剣Ⅰ,
9790,無銘・短剣Ⅱ,
9791,無銘・短剣Ⅲ,
9792,無銘・短剣Ⅳ,
9793,無銘・短剣Ⅴ,
9794,無銘・短剣【黒】Ⅰ,
9795,無銘・短剣【黒】Ⅱ,
9796,無銘・短剣【黒】Ⅲ,
9797,無銘・短剣【黒】Ⅳ,
9798,無銘・短剣【黒】Ⅴ,
9799,乖離剣エアⅠ,
9800,乖離剣エアⅡ,
9801,乖離剣エアⅢ,
9802,乖離剣エアⅣ,
9803,乖離剣エアⅤ,
9804,乖離剣エア【黒】Ⅰ,
9805,乖離剣エア【黒】Ⅱ,
9806,乖離剣エア【黒】Ⅲ,
9807,乖離剣エア【黒】Ⅳ,
9808,乖離剣エア【黒】Ⅴ,
9809,エスティノヴァ,
9810,エンドゥランダ,
9811,エスタラムス,
9812,エンデュマシー,
9813,ヴェルマイナ,
9814,ヴェオルグル,
9815,リューシンミティア,
9816,リューシントランス,
9817,フォーリングスター,
9818,ステラストライク,
9819,グレイズ・ゴーブ,
9820,メガグレイズ,
9821,ボル・アリオット,
9822,ティエラ・アリオット,
9823,ラルガミルザ,
9824,デサスドミルザ,
9825,クヴェレヘリオス,
9826,ヘリオスラグナ,
9827,パラスツウィンズ,
9828,クラージュテンペスト,
9829,スターダストイグノア,
9830,スターダストフォース,
9831,ガレッダヴェスタ,
9832,コロナヴェスタ,
9833,フラメントグロウプ,
9834,スピラグロウプ,
9835,ノヴァセリオン,
9836,ノヴァフリジニティ,
9837,ブラフェルイルバ,
9838,ブラフェリウス,
9839,アイシングレンチャー,
9840,フリーズレンチャー,
9841,ヴェレルドローブ,
9842,ヴェレルドリブン,
9843,ハイドレバルア,
9844,イドランバルア,
9845,スケイドカース,
9846,スケイドスカージ,
9847,ダッグスタンパー,
9848,ダッグスマッシャー,
9849,トント・ゼーレ,
9850,ゼレゲオン,
9851,リシアン・ナトゥア,
9852,ナトゥアクリーク,
9853,シュニット・ラムズ,
9854,クリミナシュニット,
9855,ロクァー・ヴィント,
9856,ヴィントマリウス,
9857,カーテル・アイゼン,
9858,アイゼンブルグ,
9859,コドラ・シュトゥルム,
9860,シュトゥルムアロマ,
9861,セリス・トリトス,
9862,セリス・ラーグル,
9863,ネイズ・ドーン,
9864,ネイズ・ソリア,
9865,ゴーグ・ガル,
9866,ゴーグ・ゲンス,
9867,ファコヴェス・ライン,
9868,ファコヴェス・マリス,
9869,ズニアン・ヌーム,
9870,ズニアン・ロング,
9871,ヴォトク・ドリル,
9872,ヴォトク・ラングル,
9873,グラザーセント,
9874,セントレイディ,
9875,オルヴァージャ,
9876,ジャングリフ,
9877,バラリスファトス,
9878,カーノルバラリス,
9879,エクタンパーロ,
9880,パーロレクレイア,
9881,ハイエスラスカー,
9882,ラスカグロワール,
9883,クレシュタードロ,
9884,ダルドロディアン,
9885,ズモス・キュニック,
9886,ラビナ・ポルカ,
9887,光刀・大業物【青】,
9888,光刀・大業物【金】,
9889,光刀・大業物【青】,
9890,光刀・大業物【金】,
9891,ディオスピリット,
9892,ディオスピリット・Σ,
9893,ディオスピリット・Ω,
9894,天雷破,
9895,天雷破・改,
9896,地霊刀,
9897,地霊刀・改,
9898,魔剣ダイレク・紅焔,
9899,魔剣ダイレク・火焔,
9900,魔剣ダイレク・雷霆,
9901,魔剣ダイレク・雷騰,
9902,炎龍剣【覚醒】,
9903,毒龍剣【覚醒】,
9904,雷斬刀【覚醒】,
9905,流斬刀【覚醒】,
9906,ユーラ・シャンカール,
9907,レム・シャンカール,
9908,セプタ・カム,
9909,セプタ・ガンプ,
9910,メルキュ・ライト,
9911,メルキュ・ククス,
9912,コメス・アイリス,
9913,ティーダ・アイリス,
9914,ヤイロミガース,
9915,ヤイロタスクス,
9916,マルティヌス,
9917,マルティード,
9918,ニカータエルムンド,
9919,ニカータエルゼ,
9920,センヴィ・トーレ,
9921,センヴィ・パール,
9922,ラクスベルジュ,
9923,タルテベルジュ,
9924,ミステルタック,
9925,ミステルミュット,
9926,レーヴァタック,
9927,レーヴァミュット,
9928,クナール・アピシア,
9929,クナール・アムル,
9930,コーグ・ディーガ,
9931,コーグ・コーガ,
9932,カウロ・ロッシィ,
9933,カウロ・ミィケス,
9934,テッド・エルミス,
9935,ダース・エルミス,
9936,ウルフェフタチオ,
9937,ウルモフタチオ,
9938,アプケリウス,
9939,アプケラトリス,
9940,アレムピーリ,
9941,アレムウェール,
9942,ヨーク・シャリリ,
9943,ヨーク・シャップル,
9944,エクレール・ドーム,
9945,エクレール・ショウル,
9946,ヴェイパー・ドーム,
9947,ヴェイパー・ショウル,
9948,緊縛双刃アイルー極,
9949,獄炎双刃メラルー極,
9950,ミナス・シュート,
9951,ミナス・サスティナ,
9952,キスタ・ハムナプ,
9953,キスタ・レッコ,
9954,ダクティ・ラウル,
9955,ダクティ・リリル,
9956,ダイア・シアス,
9957,ドッグ・シアス,
9958,ナベイルリューシュ,
9959,ナベイルアーツ,
9960,イコクアリオス,
9961,イジェッタアリオス,
9962,マグヌス,
9963,モグヌモグ,
9964,ヴォタ・ツィビテ,
9965,ヴォタ・ツィーク,
9966,ラスタータスキム,
9967,シュテルンバスタ,
9968,ピカ＝シミター,
9969,ライア＝シミター,
9970,エヴィローディ,
9971,エヴィサディーヌ,
9972,フォティローディ,
9973,フォティサディーヌ,
9974,グロムプレジット,
9975,グロムウェール,
9976,パライズプレジット,
9977,パライズウェール,
9978,リオ・グラデド,
9979,リオ・グライア,
9980,ルシア・ソル,
9981,ルシア・メル,
9982,ユーフォ・シブミティ,
9983,ユーフォ・シェルブス,
9984,フローラ・アフロディ,
9985,トークン・アフロディ,
9986,トリムアリノス,
9987,ミシュキンアリノス,
9988,フェブルアビオルス,
9989,フェブルアンダント,
9990,シフレヴェルグ,
9991,ライフヴェルグ,
9992,ガネス・フォール,
9993,ガネス・レザード,
9994,イディア・マギタ,
9995,イディア・マレイド,
9996,トリウム・レス,
9997,トリウム・ラーダ,
9998,ディード・クロス,
9999,ディス・クロス,
10000,アルテシローマ,
10001,シロマメギサ,
10002,アレニオス,
10003,アルグニオス,
10004,パラライズマッシャー,
10005,パラライズグランデ,
10006,レーヴマッシャー,
10007,レーヴグランデ,
10008,ベリムアローム,
10009,ベリムクリケッタ,
10010,キーム・アレイド,
10011,キーム・カルザグマ,
10012,ガウシカブフェーラ,
10013,ガウシカフォラータ,
10014,リネルヴ,
10015,ミオネルヴァ,
10016,オリエイター,
10017,ディオレイター,
10018,ジリーノ＝メゾピアノ,
10019,テタール＝メゾピアノ,
10020,テトゥーレカイム,
10021,ザトゥーレグリッサ,
10022,モナケッター,
10023,モナルザンビオッソ,
10024,ルバドプラット,
10025,ルガドバレイド,
10026,ナゲロカレイド,
10027,ヤゲロカゲリオ,
10028,ブランド・アゲステ,
10029,ブランド・エクレシオ,
10030,バレア・ボリア,
10031,バレア・マジウム,
10032,アネモ・ソイド,
10033,アネモ・カレウド,
10034,ドレウス・ユーノス,
10035,アルロット・ユーノス,
10036,フォルカスネイド,
10037,フォルカケルネイダ,
10038,ノエンエリアス,
10039,ノエンシャルカス,
10040,タンテカレイド,
10041,タンテサルザード,
10042,オルスィ・メルスィ,
10043,オルスィ・エスケート,
10044,ティル・ドラグーン,
10045,ティル・ライトニング,
10046,リモン・シャンカール,
10047,セプタ・ファウスト,
10048,メルキュ・ロマン,
10049,ヒューズ・アイリス,
10050,ヤイロルーチェ,
10051,マルティアーズ,
10052,ニカータエルプティ,
10053,センヴィ・モード,
10054,レットベルジュ,
10055,ミステルラーミア,
10056,レーヴァラーミア,
10057,クナール・アムリダ,
10058,コーグ・ブーマ,
10059,カウロ・ハミィ,
10060,ブレイド・エルミス,
10061,ウルガルドフタチオ,
10062,アプケルージュ,
10063,アレムアリーナ,
10064,ヨーク・フィアニタ,
10065,エクレール・ファウム,
10066,ヴェイパー・ファウム,
10067,緊縛双刃アイルー極改,
10068,獄炎双刃メラルー極改,
10069,ミナス・ティアーナ,
10070,キスタ・アルブム,
10071,ダクティ・リアーナ,
10072,コモード・シアス,
10073,ナベイルディゲル,
10074,アリオスプルミア,
10075,モグヌモッギア,
10076,ヴォタ・ツィンディル,
10077,ラスタートローネ,
10078,シュテルンゲッタ,
10079,ミュール＝シミター,
10080,エヴィユラール,
10081,フォティメゼグリア,
10082,グロムヴォード,
10083,パライズヴォード,
10084,リオ・グランダ,
10085,ルシア・ダル,
10086,ユーフォ・シュミット,
10087,メーガス・アフロディ,
10088,ホンディアリノス,
10089,フェブルアリアール,
10090,ジクレヴェルグ,
10091,ガネス・グラード,
10092,イディア・マテジオ,
10093,トリウム・アルダ,
10094,ヴァド・クロス,
10095,シロマメグド,
10096,アレドムニオス,
10097,パラライズグレート,
10098,レーヴグレート,
10099,ベリムマルゴッド,
10100,キーム・カルゼイド,
10101,ガウシカラファーガ,
10102,レミオガルヴァ,
10103,アディオシュレイター,
10104,ジリーノ＝フォルテ,
10105,テタール＝フォルテ,
10106,ガトゥーレメイスィン,
10107,モナレイドアスター,
10108,ルゲドバリアード,
10109,ヤゲルカグリット,
10110,ブランド・シグリーン,
10111,バレア・ズレイデン,
10112,アネモ・カルネッド,
10113,シグロット・ユーノス,
10114,フォルカルセルーダ,
10115,ノエンシュトレウス,
10116,タンテガルメイド,
10117,オルスィ・エセマーノ,
10118,ディド・ドラグーン,
10119,ディド・ライトニング,
10120,リベリオンⅥ,
10121,リベリオン改Ⅵ,
10122,バイオンリボザイム,
10123,バイオイングライク,
10124,バイオンヴァイル,
10125,バイオインテオクス,
10126,六爪流【戦舞・改】,
10127,六爪流【獄竜・改】,
10128,一刀流【戦舞・改】,
10129,一刀流【獄龍・改】,
10130,二槍【天覇・改】,
10131,二槍【絶槍・改】,
10132,十文字槍【天覇・改】,
10133,十文字槍【絶槍・改】,
10134,ミクキー・六重奏,
10135,初音鍵盤・六重奏,
10136,ミクホン・六重奏,
10137,初音声楽・六重奏,
10138,ヴォルトデモリション,
10139,タイダルゼニス,
10140,パラグラソーン,
10141,パイロモルターレ,
10142,エンシェントモドラ,
10143,シュレリアルルージョ,
10144,ドライクラング,
10145,レガーリメン,
10146,ビュルテイル,
10147,アールタング,
10148,約束された勝利の剣Ⅵ,
10149,勝利すべき黄金の剣Ⅵ,
10150,干将・莫耶Ⅵ,
10151,無銘・短剣Ⅵ,
10152,無銘・短剣【黒】Ⅵ,
10153,乖離剣エアⅥ,
10154,乖離剣エア【黒】Ⅵ,
10155,バル・カレジ,
10156,バル・クラージュ,
10157,バル・ガレンティア,
10158,バル・ゴートサロス,
10159,バル・ヴァルス,
10160,バル・オルゴ,
10161,バル・オルグリ,
10162,バル・ファクル,
10163,バル・スペルゼア,
10164,バル・ガレオン,
10165,バル・ティザイヤ,
10166,バル・カゼブ,
10167,バル・タミューバ,
10168,バル・ダッドミル,
10169,バル・ミネルヴァ,
10170,バル・トロール,
10171,バル・ベヘモト,
10172,バル・ケズム,
10173,バル・ヒガンテ,
10174,バル・チューン,
10175,喰血双剣バルガルラ,
10176,喰血剛双剣ランラン,
10177,喰血痺双剣ネレギオ,
10178,喰血毒双剣イカロス,
10179,喰血刀バルバコラ,
10180,喰血剛刀ランギク,
10181,喰血痺刀ゲッカ,
10182,喰血毒刀イヌツケ,
10183,喰血槍ガルツァンゲ,
10184,喰血剛槍ランドル,
10185,喰血痺槍ゲネドル,
10186,喰血毒槍イードル,
10187,喰血笛マキャブラガ,
10188,喰血剛笛ランシャンテ,
10189,喰血痺笛ゲネット,
10190,喰血毒笛オシュラード,
10191,コーレサイド,
10192,コーレサルス,
10193,コーレサガド,
10194,コーレサナトス,
10195,コーレサングード,
10196,コーレジャンド,
10197,コーレジャスト,
10198,コーレジューグ,
10199,コーレジャガル,
10200,コーレジュゲイブ,
10201,コーレアグナ,
10202,コーレアガス,
10203,コーレアゲイナ,
10204,コーレアギウス,
10205,コーレアグティウス,
10206,コーレマシル,
10207,コーレマスト,
10208,コーレマセド,
10209,コーレマゼンド,
10210,コーレマグナート,
10211,コーレエクサ,
10212,コーレエギス,
10213,コーレエミット,
10214,コーレエネイン,
10215,コーレエルドニア,
10216,コーレゲノア,
10217,コーレゲスタ,
10218,コーレゲイト,
10219,コーレゲルダ,
10220,コーレゲルディア,
10221,コーレダグド,
10222,コーレダイト,
10223,コーレダメイド,
10224,コーレダゲイン,
10225,コーレダスケイド,
10226,コーレスゼア,
10227,コーレスドフ,
10228,コーレスレード,
10229,コーレスメルダ,
10230,コーレスカレイグ,
10231,バル・バレイラ,
10232,バル・アイリス,
10233,バル・バート,
10234,バル・フィーネ,
10235,多殻獄挟剣【花菖蒲】,
10236,真舞雷極鎚【福音】,
10237,真冥雷獄槍【瑠璃鶲】,
10238,ネブラボルナレガシー,
10239,真冥雷獄笛【蜂鳥】,
10240,天狼極銃槍【幻想】,
10241,天狼極烈剣【月朔】,
10242,ドドンガ・ルドラ,
10243,怒髪烈閃槍【長月】,
10244,緋猛烈剣【虚影】,
10245,ドドンガ・リューシ,
10246,ドドンガ・エフダチ,
10247,ドドンガ・ドンサマ,
10248,ギップル,
10249,シャイプル,
10250,ヴァイプル,
10251,ミルルプール,
10252,ライガプール,
10253,プールセダン,
10254,プールアーク,
10255,モォーギル,
10256,バンギル,
10257,ジギル,
10258,メルギル,
10259,ラッドギル,
10260,ギルメドン,
10261,ギルニギル,
10262,スカイシエル,
10263,スカイカムエル,
10264,スカイヘームル,
10265,スカイダングス,
10266,スカイアカシュ,
10267,フィルマメンタム,
10268,メンタアネモス,
10269,シャルーエスパス,
10270,シャルーアエレオ,
10271,シャルーロクーム,
10272,シャルースレイン,
10273,シャルーコンジエン,
10274,スタシアヴァルムト,
10275,インフェスヴァルム,
10276,ロザ・シャルマン,
10277,ロザ・シンシア,
10278,ダミー,
10279,ロザ・スペリオ,
10280,ロザ・リアード,
10281,セフィド・ローズ,
10282,グレイス・ローズ,
10283,ロザ・クルール,
10284,ロザ・ペルフェート,
10285,ダミー,
10286,ロザ・プリーマ,
10287,ロザ・リアーナ,
10288,リッター・ローズ,
10289,エーデル・ローズ,
10290,ヴィオレアンガルド,
10291,ヴィオレマルシェ,
10292,ダミー,
10293,ヴィオレファンデヴ,
10294,ヴィオレボンナバン,
10295,ヴィオレボンナリエ,
10296,エペイストプリマーレ,
10297,ブランアンガルド,
10298,ブランマルシェ,
10299,ダミー,
10300,ブランファンデヴ,
10301,ブランボンナバン,
10302,ブランボンナリエ,
10303,エペイストマキシマ,
10304,パイクフィアロ,
10305,アルーシェフィアロ,
10306,ダミー,
10307,アセガイフィアロ,
10308,サリッサフィアロ,
10309,ピルムフィアロ,
10310,ランシストプリマーレ,
10311,パイクバイソー,
10312,アルーシェバイソー,
10313,ダミー,
10314,アセガイバイソー,
10315,サリッサバイソー,
10316,ピルムバイソー,
10317,ランシストマキシマ,
10318,マム＝スリサズ,
10319,グログ＝スリサズ,
10320,ワム＝ハガラズ,
10321,ウルナ＝ハガラズ,
10322,エラシオ＝ウィアド,
10323,ケイサス＝ウィアド,
10324,フルメ＝イングワ,
10325,カタラク＝イングワ,
10326,リヒトヴァルツ,
10327,リヒトライト,
10328,リヒトフレイク,
10329,ナハトヴァルツ,
10330,ナハトライト,
10331,ナハトフレイク,
10332,リヒトノワザット,
10333,リヒテンナット,
10334,リヒテンシュナイツ,
10335,ナハトノワザット,
10336,ナハタルナット,
10337,ナハタルシュナイツ,
10338,きんねこ大剣【大縛】,
10339,きんねこ大剣【強縛】,
10340,きんねこ大剣【極縛】,
10341,ぎんねこ大剣【大劇】,
10342,ぎんねこ大剣【強劇】,
10343,ぎんねこ大剣【極劇】,
10344,ブリザードダンブル,
10345,ブリズバティーク,
10346,ブリズアクロバット,
10347,ジャイアントダンブル,
10348,ギガントバティーク,
10349,ギガントアクロバット,
10350,アイスコート,
10351,ロアールアイシア,
10352,パイルアイシア,
10353,スリープコート,
10354,ロアールスリピア,
10355,パイルスリピア,
10356,ブリッツデュエル,
10357,ブリッツディライト,
10358,ヘイルデュエル,
10359,ヘイルディライト,
10360,フロストセーバー,
10361,フロストギャザード,
10362,スリープセーバー,
10363,スリープギャザード,
10364,リベラルディーネ,
10365,リベラルダレオン,
10366,イデアルモラル,
10367,イデアルダーレ,
10368,オーディファクト,
10369,オーディブランツ,
10370,アレマフィード,
10371,アレマルド,
10372,ガルド＝クリーク,
10373,ボンド＝クリーク,
10374,ヴァイ＝クリーク,
10375,バレール＝マルシュ,
10376,ノクタン＝マルシュ,
10377,クラシク＝マルシュ,
10378,ツインピスタ,
10379,ツインスパーダ,
10380,アイスフェスタ,
10381,アイスレイク,
10382,ヒートブライド,
10383,ヒートラウム,
10384,マーシュブライド,
10385,マーシュラウム,
10386,エレクトロトライブ,
10387,エレクトロネイティブ,
10388,プライマルトライブ,
10389,プライマルネイティブ,
10390,工房長双刃【猛炎】,
10391,工房長双刃【暴炎】,
10392,工房長双刃【獄炎】,
10393,工房長双刃【滝雨】,
10394,工房長双刃【轟雨】,
10395,工房長双刃【虹雨】,
10396,ファセータ・ヴェヒト,
10397,バトルファセタス,
10398,シュラルドファセタス,
10399,カノレボ・ドゥアン,
10400,マリエスカノレブル,
10401,プロエカノレブル,
10402,バシリス・フィリア,
10403,レギースバシリア,
10404,アリシオンバシリア,
10405,クルクス・オウラ,
10406,スピニクロワルト,
10407,スピニクルアガラー,
10408,イデア・トリミニエ,
10409,エルジェイディア,
10410,エテノルディアス,
10411,ドレッド・マックス,
10412,セレスドレッグス,
10413,ドレッグスターツ,
10414,デッドリー・ゾーリャ,
10415,ドゥレンワース,
10416,キノドゥレタール,
10417,カーネリアンブレイズ,
10418,カミリアナイド,
10419,カミリアアレス,
10420,セラフィユーオン,
10421,クロルゼーラフ,
10422,シャラクゼーラフ,
10423,ホーク・ウェイク,
10424,ファルオクルス,
10425,アギラオクルス,
10426,アウトローガンランス,
10427,イリーガルキャノン,
10428,ブリガンデイズ,
10429,アルマンダイン,
10430,スペッサータイン,
10431,デマントイド,
10432,レンブラント・ハード,
10433,ゼナズブラッド,
10434,カロンズブラッド,
10435,サングイス・レッド,
10436,ツインエリュティア,
10437,ディープエルティ,
10438,ヴァーミリオンソアレ,
10439,ゲリュオンドルタ,
10440,レッドヘスペリーテ,
10441,クリストクルムズ,
10442,アルベクルメリオ,
10443,ルモールメリオ,
10444,ヴェルムズガンランス,
10445,ゲルメズキャノン,
10446,ターゲズキャノン,
10447,ポミグラード・ボム,
10448,グラボニルス,
10449,グラボアンブル,
10450,ゼスティン・クリング,
10451,ダウンヴェーテ,
10452,ダウンゼレイド,
10453,ストーム・フルトゥナ,
10454,トルメンディス,
10455,ケイモンシーン,
10456,スマッシュ・バック,
10457,イェレンストライク,
10458,モノインパクト,
10459,トランス・ソディア,
10460,グラントスウォラ,
10461,グラントアントレム,
10462,デザート・ピサン,
10463,ディザビータ,
10464,ディザペンドラ,
10465,ヴィスヴェウス,
10466,ヴィスヴォール,
10467,ヴィスアグザマン,
10468,カイツ・ロンド,
10469,クルック・ロンド,
10470,クルバ・ロンド,
10471,ミサ・セレナーデ,
10472,リネア・セレナーデ,
10473,ピエザ・セレナーデ,
10474,プレル・ノクターン,
10475,アンテル・ノクターン,
10476,ニクテル・ノクターン,
10477,ディオレル・ソナタ,
10478,オーラー・ソナタ,
10479,ドランマ・ソナタ,
10480,タネリア・ダージュ,
10481,ドラユン・ダージュ,
10482,ケシュート・ダージュ,
10483,ストレルコンチェルト,
10484,ルーピスコンチェルト,
10485,トレネスコンチェルト,
10486,リヨン・ウィドール,
10487,モート・ウィドール,
10488,メレー・ウィドール,
10489,アマナ・パルティ,
10490,ラドロ・パルティ,
10491,ディーラ・パルティ,
10492,シエノ・ボロディン,
10493,アルシノ・ボロディン,
10494,エンテールボロディン,
10495,ヒアエノ・パディナ,
10496,アピディ・パディナ,
10497,モエリー・パディナ,
10498,フォージン・プロコ,
10499,アルジ・プロコ,
10500,リーレン・プロコ,
10501,シフル・グラズノ,
10502,シルビ・グラズノ,
10503,フィスキ・グラズノ,
10504,パルル・ヘリング,
10505,パルル・レクエルド,
10506,パルブニックル,
10507,ライプ・ラキュイユ,
10508,ライプ・エンツァ,
10509,カレンタライブス,
10510,スピ・セリクシ,
10511,スピ・エヴォリュス,
10512,ジュガスピール,
10513,ビオ・ベルヒ,
10514,ビオ・ベラハ,
10515,ビオグラテーラ,
10516,ブラ・フォリア,
10517,ブラ・ファリウム,
10518,ブラスプリカー,
10519,ビタラ・シレーナ,
10520,ビタラ・トランパ,
10521,ビタラディクシウ,
10522,ノモス・ザック,
10523,ノモス・ミューズ,
10524,ガルニノートゥル,
10525,ロワ・コンターレ,
10526,ロワ・レーレン,
10527,ロブルワカース,
10528,フィオス・プラーヴァ,
10529,バオルト・プラーヴァ,
10530,プリヴィアレシュタ,
10531,レゲス・トロニア,
10532,レゲス・エイク,
10533,ラルカエンク,
10534,レッジ・トゥイーク,
10535,レッジ・フォロン,
10536,レジコルナーザ,
10537,デレク・ヤレヴァ,
10538,デレク・レヴォネ,
10539,デーレルザック,
10540,ピザピールⅡ,
10541,ピザピールⅢ,
10542,ピザピールⅣ,
10543,ピザピールⅤ,
10544,ピザピールⅥ,
10545,メディゴルミーデ,
10546,メディゴルミデリ,
10547,メディゴルミデル,
10548,メディゴルデラミス,
10549,メディゴルラルゴン,
10550,メディゴルグラギス,
10551,ルウリー・ツーペルム,
10552,ラウリー・ツーペルム,
10553,リュシン・ツーペルム,
10554,エルメルファティス,
10555,エルッキファティス,
10556,エルシーンファティス,
10557,イーデントレード,
10558,イーデンスクアルト,
10559,イーデンスロペスド,
10560,イードラロドルド,
10561,イードラスタンダー,
10562,イードラインレイ,
10563,オスタドグラード,
10564,オスタビリオランス,
10565,オスピルドローランス,
10566,ヘラドンガトロン,
10567,ヘラエリオドロット,
10568,ヘラクラルケス,
10569,グラニターラ,
10570,グラニヴォラーレ,
10571,グラニペテスト,
10572,グランヴォッタ,
10573,グランズブラード,
10574,グランズペガゼル,
10575,サイクロシス・ガント,
10576,サイクロシス・ガンテ,
10577,サイクロシス・ガンズ,
10578,デボラサイクロシス,
10579,モズガサイクロシス,
10580,ネオサイクロシス,
10581,ダミー,
10582,ダミー,
10583,ダミー,
10584,ダミー,
10585,ダミー,
10586,ダミー,
10587,ダミー,
10588,ゴルゴンブライド,
10589,エルヴィンヴィード,
10590,アドット・クヴィダラ,
10591,ヘル・レ・ラーゼ,
10592,グレイダスルランガ,
10593,タイダンドグライズ,
10594,ドラグインペイラー,
10595,グランドデュエリスト,
10596,トルミネイドエッジ,
10597,ノーザンウィンド,
10598,サンダリングダンサー,
10599,ルインドエンペラー,
10600,陽飾太刀【理】,
10601,宵飾太刀【破幻】,
10602,ノクシアスマイアズマ,
10603,サディズム,
10604,パイロクラズム,
10605,タイダルカスケイド,
10606,エルフェンスター,
10607,シュヴァルツスラム,
10608,デスフロムアバブ,
10609,オーバーパワー,
10610,ナギュレイダー,
10611,オルカヒムン,
10612,ダミー,
10613,ダミー,
10614,ダミー,
10615,ダミー,
10616,ダミー,
10617,ダミー,
10618,ダミー,
10619,ダミー,
10620,ダミー,
10621,ダミー,
10622,ダミー,
10623,ダミー,
10624,ダミー,
10625,ダミー,
10626,ダミー,
10627,ダミー,
10628,ダミー,
10629,ダミー,
10630,ダミー,
10631,ダミー,
10632,ダミー,
10633,ダミー,
10634,ダミー,
10635,ダミー,
10636,ダミー,
10637,ダミー,
10638,ダミー,
10639,ダミー,
10640,ダミー,
10641,ダミー,
10642,ダミー,
10643,ダミー,
10644,ダミー,
10645,ダミー,
10646,ダミー,
10647,ダミー,
10648,ダミー,
10649,ダミー,
10650,ダミー,
10651,ダミー,
10652,ダミー,
10653,ダミー,
10654,ダミー,
10655,ダミー,
10656,ダミー,
10657,ダミー,
10658,ダミー,
10659,ダミー,
10660,ダミー,
10661,ダミー,
10662,ダミー,
10663,ダミー,
10664,ダミー,
10665,ダミー,
10666,ダミー,
10667,ダミー,
10668,ダミー,
10669,ダミー,
10670,ダミー,
10671,ダミー,
10672,ダミー,
10673,ダミー,
10674,ダミー,
10675,ダミー,
10676,ダミー,
10677,ダミー,
10678,ダミー,
10679,ダミー,
10680,ダミー,
10681,ダミー,
10682,ダミー,
10683,ダミー,
10684,ダミー,
10685,ダミー,
10686,ダミー,
10687,ダミー,
10688,ダミー,
10689,ダミー,
10690,ダミー,
10691,ダミー,
10692,ダミー,
10693,ダミー,
10694,ダミー,
10695,ダミー,
10696,ダミー,
10697,ダミー,
10698,ダミー,
10699,ダミー,
10700,ダミー,
10701,ダミー,
10702,ダミー,
10703,ダミー,
10704,ダミー,
10705,ダミー,
10706,ダミー,
10707,ダミー,
10708,ダミー,
10709,ダミー,
10710,ダミー,
10711,ダミー,
10712,ダミー,
10713,ダミー,
10714,ダミー,
10715,ダミー,
10716,ダミー,
10717,ダミー,
10718,ダミー,
10719,ダミー,
10720,ダミー,
10721,ダミー,
10722,ダミー,
10723,ダミー,
10724,ダミー,
10725,ダミー,
10726,ダミー,
10727,ダミー,
10728,ダミー,
10729,ダミー,
10730,ダミー,
10731,ダミー,
10732,ダミー,
10733,ダミー,
10734,ダミー,
10735,ダミー,
10736,ダミー,
10737,ダミー,
10738,ダミー,
10739,ダミー,
10740,ダミー,
10741,ダミー,
10742,ダミー,
10743,ダミー,
10744,ダミー,
10745,ダミー,
10746,ダミー,
10747,ダミー,
10748,ダミー,
10749,ダミー,
10750,ダミー,
10751,ダミー,
10752,ダミー,
10753,ダミー,
10754,ダミー,
10755,ダミー,
10756,ダミー,
10757,ダミー,
10758,ダミー,
10759,ダミー,
10760,ダミー,
10761,ダミー,
10762,ダミー,
10763,ダミー,
10764,ダミー,
10765,ダミー,
10766,ダミー,
10767,ダミー,
10768,ダミー,
10769,ダミー,
10770,ダミー,
10771,ダミー,
10772,ダミー,
10773,ダミー,
10774,ダミー,
10775,ダミー,
10776,ダミー,
10777,ダミー,
10778,ダミー,
10779,ダミー,
10780,ダミー,
10781,ダミー,
10782,ダミー,
10783,ダミー,
10784,ダミー,
10785,ダミー,
10786,ダミー,
10787,ダミー,
10788,ダミー,
10789,ダミー,
10790,ダミー,
10791,ダミー,
10792,ダミー,
10793,ダミー,
10794,ダミー,
10795,ダミー,
10796,ダミー,
10797,ダミー,
10798,ダミー,
10799,ダミー,
10800,ダミー,
10801,ダミー,
10802,ダミー,
10803,ダミー,
10804,ダミー,
10805,ダミー,
10806,ダミー,
10807,ダミー,
10808,ダミー,
10809,ダミー,
10810,ダミー,
10811,ダミー,
10812,ダミー,
10813,ダミー,
10814,ダミー,
10815,ダミー,
10816,ダミー,
10817,ダミー,
10818,ダミー,
10819,ダミー,
10820,ダミー,
10821,ダミー,
10822,ダミー,
10823,ダミー,
10824,ダミー,
10825,ダミー,
10826,ダミー,
10827,ダミー,
10828,ダミー,
10829,ダミー,
10830,ダミー,
10831,ダミー,
10832,ダミー,
10833,ダミー,
10834,ダミー,
10835,ダミー,
10836,ダミー,
10837,ダミー,
10838,ダミー,
10839,ダミー,
10840,ダミー,
10841,ダミー,
10842,ダミー,
10843,ダミー,
10844,ダミー,
10845,ダミー,
10846,ダミー,
10847,ダミー,
10848,ダミー,
10849,ダミー,
10850,ダミー,
10851,ダミー,
10852,ダミー,
10853,ダミー,
10854,ダミー,
10855,ダミー,
10856,ダミー,
10857,ダミー,
10858,ダミー,
10859,ダミー,
10860,ダミー,
10861,ダミー,
10862,ダミー,
10863,ダミー,
10864,ダミー,
10865,ダミー,
10866,ダミー,
10867,ダミー,
10868,ダミー,
10869,ダミー,
10870,ダミー,
10871,ダミー,
10872,ダミー,
10873,ダミー,
10874,ダミー,
10875,ダミー,
10876,ダミー,
10877,ダミー,
10878,ダミー,
10879,ダミー,
10880,ダミー,
10881,ダミー,
10882,ダミー,
10883,ダミー,
10884,ダミー,
10885,ダミー,
10886,ダミー,
10887,ダミー,
10888,ダミー,
10889,ダミー,
10890,ダミー,
10891,ダミー,
10892,ダミー,
10893,ダミー,
10894,ダミー,
10895,ダミー,
10896,ダミー,
10897,ダミー,
10898,ダミー,
10899,ダミー,
10900,ダミー,
10901,ダミー,
10902,ダミー,
10903,ダミー,
10904,ダミー,
10905,ダミー,
10906,ダミー,
10907,ダミー,
10908,ダミー,
10909,ダミー,
10910,ダミー,
10911,ダミー,
10912,ダミー,
10913,ダミー,
10914,ダミー,
10915,ダミー,
10916,ダミー,
10917,ダミー,
10918,ダミー,
10919,ダミー,
10920,ダミー,
10921,ダミー,
10922,ダミー,
10923,ダミー,
10924,ダミー,
10925,ダミー,
10926,ダミー,
10927,ダミー,
10928,ダミー,
10929,ダミー,
10930,ダミー,
10931,ダミー,
10932,ダミー,
10933,ダミー,
10934,ダミー,
10935,ダミー,
10936,ダミー,
10937,ダミー,
10938,ダミー,
10939,ダミー,
10940,ダミー,
10941,ダミー,
10942,ダミー,
10943,ダミー,
10944,ダミー,
10945,ダミー,
10946,ダミー,
10947,ダミー,
10948,ダミー,
10949,ダミー,
10950,ダミー,
10951,ダミー,
10952,ダミー,
10953,ダミー,
10954,ダミー,
10955,ダミー,
10956,ダミー,
10957,ダミー,
10958,ダミー,
10959,ダミー,
10960,ダミー,
10961,ダミー,
10962,ダミー,
10963,ダミー,
10964,ダミー,
10965,ダミー,
10966,ダミー,
10967,ダミー,
10968,ダミー,
10969,ダミー,
10970,ダミー,
10971,ダミー,
10972,ダミー,
10973,ダミー,
10974,ダミー,
10975,ダミー,
10976,ダミー,
10977,ダミー,
10978,ダミー,
10979,ダミー,
10980,ダミー,
10981,ダミー,
10982,ダミー,
10983,ダミー,
10984,ダミー,
10985,ダミー,
10986,ダミー,
10987,ダミー,
10988,ダミー,
10989,ダミー,
10990,ダミー,
10991,ダミー,
10992,ダミー,
10993,ダミー,
10994,ダミー,
10995,ダミー,
10996,ダミー,
10997,ダミー,
10998,ダミー,
10999,ダミー,
11000,ダミー,
11001,ダミー,
11002,ダミー,
11003,ダミー,
11004,ダミー,
11005,ダミー,
11006,ダミー,
11007,ダミー,
11008,ダミー,
11009,ダミー,
11010,ダミー,
11011,ダミー,
11012,ダミー,
11013,ダミー,
11014,ダミー,
11015,ダミー,
11016,ダミー,
11017,ダミー,
11018,ダミー,
11019,ダミー,
11020,ダミー,
11021,ダミー,
11022,ダミー,
11023,ダミー,
11024,ダミー,
11025,ダミー,
11026,ダミー,
11027,ダミー,
11028,ダミー,
11029,ダミー,
11030,ダミー,
11031,ダミー,
11032,ダミー,
11033,ダミー,
11034,ダミー,
11035,ダミー,
11036,ダミー,
11037,ダミー,
11038,ダミー,
11039,ダミー,
11040,ダミー,
11041,ダミー,
11042,ダミー,
11043,ダミー,
11044,ダミー,
11045,ダミー,
11046,ダミー,
11047,ダミー,
11048,ダミー,
11049,ダミー,
11050,ダミー,
11051,ダミー,
11052,ダミー,
11053,ダミー,
11054,ダミー,
11055,ダミー,
11056,ダミー,
11057,ダミー,
11058,ダミー,
11059,ダミー,
11060,ダミー,
11061,ダミー,
11062,ダミー,
11063,ダミー,
11064,ダミー,
11065,ダミー,
11066,ダミー,
11067,ダミー,
11068,ダミー,
11069,ダミー,
11070,ダミー,
11071,ダミー,
11072,ダミー,
11073,ダミー,
11074,ダミー,
11075,ダミー,
11076,ダミー,
11077,ダミー,
11078,ダミー,
11079,ダミー,
11080,ダミー,
11081,ダミー,
11082,ダミー,
11083,ダミー,
11084,ダミー,
11085,ダミー,
11086,ダミー,
11087,ダミー,
11088,ダミー,
11089,ダミー,
11090,ダミー,
11091,ダミー,
11092,ダミー,
11093,ダミー,
11094,ダミー,
11095,ダミー,
11096,ダミー,
11097,ダミー,
11098,ダミー,
11099,ダミー,
11100,ダミー,
11101,ダミー,
11102,ダミー,
11103,ダミー,
11104,ダミー,
11105,ダミー,
11106,ダミー,
11107,ダミー,
11108,ダミー,
11109,ダミー,
11110,ダミー,
11111,ダミー,
11112,ダミー,
11113,ダミー,
11114,ダミー,
11115,ダミー,
11116,ダミー,
11117,ダミー,
11118,ダミー,
11119,ダミー,
11120,ダミー,
11121,ダミー,
11122,ダミー,
11123,ダミー,
11124,ダミー,
11125,ダミー,
11126,ダミー,
11127,ダミー,
11128,ダミー,
11129,ダミー,
11130,ダミー,
11131,ダミー,
11132,ダミー,
11133,ダミー,
11134,ダミー,
11135,ダミー,
11136,ダミー,
11137,ダミー,
11138,ダミー,
11139,ダミー,
11140,ダミー,
11141,ダミー,
11142,ダミー,
11143,ダミー,
11144,ダミー,
11145,ダミー,
11146,ダミー,
11147,ダミー,
11148,ダミー,
11149,ダミー,
11150,ダミー,
11151,ダミー,
11152,ダミー,
11153,ダミー,
11154,ダミー,
11155,ダミー,
11156,ダミー,
11157,ダミー,
11158,ダミー,
11159,ダミー,
11160,ダミー,
11161,ダミー,
11162,ダミー,
11163,ダミー,
11164,ダミー,
11165,ダミー,
11166,ダミー,
11167,ダミー,
11168,ダミー,
11169,ダミー,
11170,ダミー,
11171,ダミー,
11172,ダミー,
11173,ダミー,
11174,ダミー,
11175,ダミー,
11176,ダミー,
11177,ダミー,
11178,ダミー,
11179,ダミー,
11180,ダミー,
11181,ダミー,
11182,ダミー,
11183,ダミー,
11184,ダミー,
11185,ダミー,
11186,ダミー,
11187,ダミー,
11188,ダミー,
11189,ダミー,
11190,ダミー,
11191,ダミー,
11192,ダミー,
11193,ダミー,
11194,ダミー,
11195,ダミー,
11196,ダミー,
11197,ダミー,
11198,ダミー,
11199,ダミー,
11200,ダミー,
11201,ダミー,
11202,ダミー,
11203,ダミー,
11204,ダミー,
11205,ダミー,
11206,ダミー,
11207,ダミー,
11208,ダミー,
11209,ダミー,
11210,ダミー,
11211,ダミー,
11212,ダミー,
11213,ダミー,
11214,ダミー,
11215,ダミー,
11216,ダミー,
11217,ダミー,
11218,ダミー,
11219,ダミー,
11220,ダミー,
11221,ダミー,
11222,ダミー,
11223,ダミー,
11224,ダミー,
11225,ダミー,
11226,ダミー,
11227,ダミー,
11228,ダミー,
11229,ダミー,
11230,ダミー,
11231,ダミー,
11232,ダミー,
11233,ダミー,
11234,ダミー,
11235,ダミー,
11236,ダミー,
11237,ダミー,
11238,ダミー,
11239,ダミー,
11240,ダミー,
11241,ダミー,
11242,コーレティーラ,
11243,コーレクラウフィー,
11244,ラオウトディーア,
11245,ブアルディーア,
11246,アシエスディーア,
11247,キュイヴァルディーア,
11248,アルジディーア,
11249,オルゴルドグラウム,
11250,ブラディヌグラウム,
11251,ルペルスディーア,
11252,フェッツディーア,
11253,カリブロディーア,
11254,クプリィアディーア,
11255,ルディルスディーア,
11256,アウルグラウム,
11257,ライプティアグラウム,
11258,グェンビーシャンド,
11259,グェンビージュエイド,
11260,フェイアルビシュナ,
11261,フェイアルグライシュ,
11262,オハイ・ハンダー,
11263,オハイ・ディブレ,
11264,インデ・ハンダー,
11265,インデ・ディブレ,
11266,オヴィ・ロバルク,
11267,オヴィ・ランケール,
11268,ウィル・ロバルク,
11269,ウィル・ランケール,
11270,エレガンスカノーネ,
11271,カエルレウスカノーネ,
11272,カエルレウスアクア,
11273,スプレンディローゼ,
11274,プーニケウスローゼ,
11275,プーニケウスフラムマ,
11276,ノービリスヴィオーラ,
11277,プルプレウヴィオーラ,
11278,プルプレウスウェネー,
11279,キングダムフローレス,
11280,ディグニィフローレス,
11281,クライムフローレス,
11282,フルフルジェクター,
11283,フルフルインデッド,
11284,フルフルサンデッド,
11285,真・屠龍刃【天命】,
11286,屠龍王刃【斬竜】,
11287,屠龍王刃【断頭】,
11288,サラディトライアンフ,
11289,サラマディオーネ,
11290,ウンディアレクイエム,
11291,ウンディアーネ,
11292,ミョルニル,
11293,ミョルニルグライン,
11294,ヨルムンガルド,
11295,ヨルムンマレウス,
11296,ドーンハラディ,
11297,ドーンハルパー,
11298,リカーヴハラディ,
11299,リカーヴハルパー,
11300,カタクリズムソウル,
11301,カタクリズムブレイブ,
11302,ケイデンスソウル,
11303,ケイデンスブレイブ,
11304,三国黒,
11305,黒雲,
11306,帝釈栗毛,
11307,小烏丸【時雨】,
11308,小烏丸【翠雨】,
11309,小烏丸【瑞雨】,
11310,草薙ノ薙刀【天地斬】,
11311,草薙ノ薙刀【全斬】,
11312,草薙ノ薙刀【界斬】,
11313,蜘蛛切【陰陽】,
11314,蜘蛛切【月斬】,
11315,蜘蛛切【黄泉】,
11316,スリートフィスカル,
11317,グラソンフィスカル,
11318,トルメンタフィスカル,
11319,ブリュムフィスカル,
11320,ウラガンフィスカル,
11321,ティフォンフィスカル,
11322,アクアルビデル,
11323,アクアオラクル,
11324,アクアネメシス,
11325,グロムアルビデル,
11326,グロムオラクル,
11327,グロムネメシス,
11328,エル・エスグリミスタ,
11329,オーレ・ドゥエーロ,
11330,オーレ・ガナドール,
11331,エル・カンペオン,
11332,オーレ・アサーニャ,
11333,オーレ・トリウンフォ,
11334,ドライ・ゲイド,
11335,フィーア・ゲイド,
11336,ソワレ・バーン,
11337,クレプス・バーン,
11338,ミラー・アリスト,
11339,ミラー・ギリアス,
11340,アイン・チェインソー,
11341,アイン・ブレイソー,
11342,ヴェアス・ランシス,
11343,ピスレート・ランシス,
11344,シェイド・メリッシュ,
11345,クエイト・メリッシュ,
11346,ロイ・アグリオ,
11347,ロイ・リガス,
11348,ティエ・メリサティ,
11349,ティエ・リヴェルリ,
11350,アト・ディロストル,
11351,アト・ベイガルド,
11352,レチェ・カルハリアス,
11353,レチェ・オルディア,
11354,ベリエ・グエイフォン,
11355,ベリエ・ゲルベェス,
11356,アタ・リノクェース,
11357,アタ・エレヴァン,
11358,ギロア・グライラ,
11359,ギロア・ガンテレイラ,
11360,ロヴェ・グライラ,
11361,ロヴェ・ガンテレイラ,
11362,シエラ・ソード,
11363,シエラ・ブレイド,
11364,ダミー,
11365,シエラ・バスター,
11366,シエラ・クレイモア,
11367,プエルラ・ハンダー,
11368,プエルラ・ディエイラ,
11369,セーガ・ソード,
11370,セーガ・ブレイド,
11371,ダミー,
11372,セーガ・バスター,
11373,セーガ・クレイモア,
11374,セリエル・ハンダー,
11375,セリエル・ディエイラ,
11376,レークスⅠ,
11377,レークスⅡ,
11378,レークスⅢ,
11379,レークスⅣ,
11380,レークス・オール,
11381,レークス・ユースティ,
11382,メンスーラⅠ,
11383,メンスーラⅡ,
11384,メンスーラⅢ,
11385,メンスーラⅣ,
11386,メンスーラ・ティーグ,
11387,メンスーラ・ザーン,
11388,メリトゥムⅠ,
11389,メリトゥムⅡ,
11390,メリトゥムⅢ,
11391,メリトゥムⅣ,
11392,メリトゥム・ビア,
11393,メリトゥム・ファガン,
11394,サントレイⅠ,
11395,サントレイⅡ,
11396,サントレイⅢ,
11397,サントレイⅣ,
11398,サントレイ・プル,
11399,サントレイ・インノ,
11400,プルンブムⅠ,
11401,プルンブムⅡ,
11402,プルンブムⅢ,
11403,プルンブムⅣ,
11404,プルンブム・ペンナ,
11405,プルンブム・アラーラ,
11406,スクリィルⅠ,
11407,スクリィルⅡ,
11408,スクリィルⅢ,
11409,スクリィルⅣ,
11410,スクリィル・スィヤ,
11411,スクリィル・ソクエ,
11412,ジュスティスクロワ,
11413,サクレクロワ,
11414,チェースチクレースト,
11415,スラヴァークレースト,
11416,ナオススタヴロス,
11417,カタフィスタヴロス,
11418,ジャンドウシズジア,
11419,ダレンシズジア,
11420,ビクサークロイツ,
11421,デールクロイツ,
11422,ゴールドメイス,
11423,ゴールドトロフィー,
11424,ゴールドセレモニー,
11425,ゴールドフェスタ,
11426,ダミー,
11427,シルバーメイス,
11428,シルバートロフィー,
11429,シルバーセレモニー,
11430,シルバーフェスタ,
11431,ダミー,
11432,ブロンズメイス,
11433,ブロンズトロフィー,
11434,ブロンズセレモニー,
11435,ブロンズフェスタ,
11436,ダミー,
11437,グァーグァーグークⅠ,
11438,グァーグァーグークⅡ,
11439,ダミー,
11440,グァーグァーグークⅢ,
11441,グァーグァーグークⅣ,
11442,ワァーワァーグークⅠ,
11443,ワァーワァーグークⅡ,
11444,ダミー,
11445,ワァーワァーグークⅢ,
11446,ワァーワァーグークⅣ,
11447,ガァーガァーグークⅠ,
11448,ガァーガァーグークⅡ,
11449,ダミー,
11450,ガァーガァーグークⅢ,
11451,ガァーガァーグークⅣ,
11452,双刀若君,
11453,双刀主君,
11454,双刀大君,
11455,双刀大君・改,
11456,双刀名君,
11457,ホワイトブライドベル,
11458,シャインブライドベル,
11459,ハピネスブライドベル,
11460,スターライトベル,
11461,ブレスライトベル,
11462,吹流乃矛,
11463,吹流乃矛【風流】,
11464,吹流乃矛【星空】,
11465,吹流乃矛【星風】,
11466,吹流乃矛【天の川】,
11467,グレイブルＧナイフ,
11468,グレイブルＧダガー,
11469,グレイブルＧラッシュ,
11470,グレイブルＧバレイス,
11471,グレイブルＧブレイブ,
11472,アブスロウソード,
11473,アブスロウブレイド,
11474,アブスロウブレイカー,
11475,アブスロウパッキア,
11476,アブスロウガッドロン,
11477,トーンジルフォン,
11478,ムゼークジルフォン,
11479,レコーシュゼール,
11480,シェルビシュゼール,
11481,アムートエルゼン,
11482,イオルディ,
11483,イオルディ・アッキ,
11484,イオルディ・クラオ,
11485,フォード・ワース,
11486,アブマリィ,
11487,アブマリィ・アッキ,
11488,アブマリィ・クラオ,
11489,レッダ・ヴォワ,
11490,ウェロニア,
11491,ウェロニア・アッキ,
11492,ウェロニア・クラオ,
11493,エルギナオ,
11494,エルギナオ・アッキ,
11495,エルギナオ・クラオ,
11496,オーイベル,
11497,オーイベル・アッキ,
11498,オーイベル・クラオ,
11499,ハーガウン,
11500,ハーガウン・アッキ,
11501,ハーガウン・クラオ,
11502,パーオル・クオ,
11503,ファリング・ライオ,
11504,フロルパラサス,
11505,フロルパラリシス,
11506,フロルレギア,
11507,フロルロメダ,
11508,フロルニーネ,
11509,華鳳剣【紫雲】,
11510,フロルソメイユ,
11511,フロルソムヌス,
11512,フロルケリド,
11513,フロルザレア,
11514,フロルローデン,
11515,華鳳大剣【黒蝶】,
11516,フロルソヌス,
11517,フロルソニード,
11518,フロルナンナ,
11519,フロルリズマ,
11520,フロルエーリヤ,
11521,華鳳笛【金蓮歩】,
11522,フロルグリフ,
11523,フロルエポドス,
11524,フロルカルダ,
11525,フロルロリエ,
11526,フロルアルヌス,
11527,華鳳槍【蒼月】,
11528,華鳳棍【朱王】,
11529,獄・紅魔邪龍双剣,
11530,獄・紅魔邪龍刀,
11531,トラグ・イザーム,
11532,ルレードシーレ,
11533,ルレードルター,
11534,シャロンアンテーラ,
11535,シャロンビアッハ,
11536,ルヴァンバラディア,
11537,ルレードカーダ,
11538,ルレードスラット,
11539,シャロンティナー,
11540,シャロンナギヤ,
11541,ルヴァングラマサ,
11542,ルレードリカペルン,
11543,ルレードシャープレ,
11544,シャロンパスピエ,
11545,シャロンパッサカリア,
11546,ルヴァンハーメルド,
11547,ルレードジューレ,
11548,ルレードグランバー,
11549,シャロンスプリオ,
11550,シャロンブラッガル,
11551,ルヴァンガーロンド,
11552,ヴォーラファレッド,
11553,ディルアペトラ,
11554,ディルアエルツ,
11555,ディルアミヌレ,
11556,ディルアミネラーレ,
11557,ディルアティターン,
11558,ディルアレクト,
11559,ディルアストヴァ,
11560,ディルアタンスィオ,
11561,ディルアカレント,
11562,ディルアストラ,
11563,ディルアドゥーロ,
11564,ディルアシルト,
11565,ディルアデファンス,
11566,ディルアディフェーザ,
11567,ディルアレグナブル,
11568,ディルアドンナー,
11569,ディルアトネール,
11570,ディルアフードゥル,
11571,ディルアドゥンデル,
11572,ディルアトルデオン,
11573,怒髪獄大鎚【剛波浪】,
11574,ゴラアルゴヴィダート,
11575,ソムアルゴヴィダート,
11576,ゴラアルゴアヴァーレ,
11577,ソムアルゴアヴァーレ,
11578,ダミー,
11579,怒髪獄双乱【愛乱舞】,
11580,幻雷獄笛【天太鼓】,
11581,ジェビアショーテル,
11582,ダミー,
11583,クックジェンバー,
11584,シーラアンカー,
11585,ヴェナムシーカー,
11586,ペン・ジャロ,
11587,ローカグランゼン,
11588,ヘッジ・バンカー,
11589,炎傲棍リオレウス,
11590,爆狼棍【ショウ】,
11591,ロカパルツァー,
11592,ゲネイ・テュレイラ,
11593,ローゼンドレウザ,
11594,ゼーゲ・フィン,
11595,ヴァシム・フワァール,
11596,極雷棍【鳴帝】,
11597,天翔棍,
11598,ダードブロウバル,
11599,熾ス罪凍ル咎ヲ纏シ杭,
11600,喰血剛棍ランダード,
11601,至極舞雷棍【金翅鳥】,
11602,輝界白竜棍【耀翼】,
11603,輝界白竜棍【煌翼】,
11604,王狼棍【吾妻】,
11605,ティタ・リブレ,
11606,極・闇黒邪龍棍,
11607,獄・紅魔邪龍棍,
11608,ダミー,
11609,ダミー,
11610,王狼宝剣【竜雲】,
11611,王狼双牙【比叡】,
11612,王狼剛剣【月華】,
11613,王狼豪刀【伊耶那岐】,
11614,王狼大槌【雲海】,
11615,王狼大笛【夜霧】,
11616,ダミー,
11617,王狼銃槍【天河】,
11618,ジェビアフィランギ,
11619,ジェビアタロン,
11620,ジェビアテイレア,
11621,ジェビアシザイズ,
11622,ジェビアフェクス,
11623,ジェビアバルゲル,
11624,ジェビアシャープ,
11625,ジェビアビッグバン,
11626,ダミー,
11627,ジェビアパルチザン,
11628,銀火竜双爪【銀陽】,
11629,銀火竜大笛【鎮魂】,
11630,銀火竜銃槍【火天】,
11631,獄・紅魔邪龍剣,
11632,獄・紅魔邪龍槍,
11633,獄・紅魔邪龍銃槍,
11634,ブルメテオインパクト,
11635,突貫ドドドランク,
11636,ロートロイエ,
11637,パルトナナイフ,
11638,パルトナダガー,
11639,ロートマハト,
11640,パルトナカッター,
11641,パルトナスライサー,
11642,ロートダンク,
11643,パルトナソード,
11644,パルトナシュヴェルト,
11645,ロートギューテ,
11646,パルトナエッジ,
11647,パルトナブレイド,
11648,ロートツォルン,
11649,パルトナメイス,
11650,パルトナハンマー,
11651,ロートシュレム,
11652,パルトナトランペット,
11653,パルトナウィンド,
11654,ロートゲニー,
11655,パルトナランス,
11656,パルトナスピア,
11657,ロートエアリヒ,
11658,パルトナガンランス,
11659,パルトナカロル,
11660,キャラバン鋭剣,
11661,キャラバン鋭剣Ⅱ,
11662,キャラバン鋭剣Ⅲ,
11663,キャラバン絶刀Ⅱ,
11664,キャラバン絶刀Ⅲ,
11665,キャラバン豪槍Ⅱ,
11666,キャラバン豪槍Ⅲ,
11667,キャラバン破槌,
11668,キャラバン破槌Ⅱ,
11669,キャラバン破槌Ⅲ,
11670,エクスカリバーＧ,
11671,ルヴェーロベルス,
11672,ルヴェーウェルギス,
11673,スティールスネークⅥ,
11674,スティールスネークⅦ,
11675,スティールスネークⅧ,
11676,スティールリザードⅥ,
11677,スティールリザードⅦ,
11678,スティールリザードⅧ,
11679,ルビーノライノスⅥ,
11680,ルビーノライノスⅦ,
11681,ルビーノライノスⅧ,
11682,ルビーノバイソンⅥ,
11683,ルビーノバイソンⅦ,
11684,ルビーノバイソンⅧ,
11685,ルビーノホークⅥ,
11686,ルビーノホークⅦ,
11687,ルビーノホークⅧ,
11688,サフォケイリィノス,
11689,ヒョノバラズフィ,
11690,ヒョノスィエラ,
11691,ニャタール【曲】,
11692,ニャニャタール【想】,
11693,ニャニャタール【幻】,
11694,エンデアルシュナ,
11695,ラグエデエグリシア,
11696,ラグエデデュナーメイ,
11697,リヴェラシューレ,
11698,ヴレイアシュー,
11699,ヴレイフェアディ,
11700,オレイオハスタ,
11701,オレイオランケーラ,
11702,ロベルチアランケーラ,
11703,妖刀・舞雷乃刹,
11704,魔刀・舞雷乃鬼,
11705,魔刀・舞雷乃修羅,
11706,アウローラソーン,
11707,ソルオクヴィアソーン,
11708,アクラニーベル,
11709,アクラツヴァーナ,
11710,アクラヴァントアナー,
11711,アルテューバルサー,
11712,ペルゾオラガ,
11713,エクセリオスヘレス,
11714,ナナブレイド【天后】,
11715,ナナブレイド【界后】,
11716,ナナブレイド【女帝】,
11717,空裂Ⅰ,
11718,空裂Ⅱ,
11719,空裂Ⅲ,
11720,空裂Ⅳ,
11721,空裂Ⅴ,
11722,空裂Ⅵ,
11723,蒼流旋Ⅰ,
11724,蒼流旋Ⅱ,
11725,蒼流旋Ⅲ,
11726,蒼流旋Ⅳ,
11727,蒼流旋Ⅴ,
11728,蒼流旋Ⅵ,
11729,超硬質ブレードⅠ,
11730,超硬質ブレードⅡ,
11731,超硬質ブレードⅢ,
11732,超硬質ブレードⅣ,
11733,超硬質ブレードⅤ,
11734,超硬質ブレードⅥ,
11735,スナップブレードⅠ,
11736,スナップブレードⅡ,
11737,スナップブレードⅢ,
11738,スナップブレードⅣ,
11739,スナップブレードⅤ,
11740,スナップブレードⅥ,
11741,調査兵団・半刃刀身Ⅰ,
11742,調査兵団・半刃刀身Ⅱ,
11743,調査兵団・半刃刀身Ⅲ,
11744,調査兵団・半刃刀身Ⅳ,
11745,調査兵団・半刃刀身Ⅴ,
11746,調査兵団・半刃刀身Ⅵ,
11747,駐屯兵団・半刃刀身Ⅰ,
11748,駐屯兵団・半刃刀身Ⅱ,
11749,駐屯兵団・半刃刀身Ⅲ,
11750,駐屯兵団・半刃刀身Ⅳ,
11751,駐屯兵団・半刃刀身Ⅴ,
11752,駐屯兵団・半刃刀身Ⅵ,
11753,テルマエ・ロマエⅡ,
11754,テルマエ・ロマエＧ,
11755,グァーグァーグークⅤ,
11756,グァーグァーグークⅥ,
11757,ワァーワァーグークⅤ,
11758,ワァーワァーグークⅥ,
11759,ガァーガァーグークⅤ,
11760,ガァーガァーグークⅥ,
11761,英雄の証【第一楽章】,
11762,英雄の証【第二楽章】,
11763,英雄の証【第三楽章】,
11764,英雄の証【第四楽章】,
11765,英雄の証【Ｇ】,
11766,英雄の証【ＧＧ】,
11767,試作型穿龍棍,
11768,ダミー,
11769,ファゼル・ガルダ,
11770,ファゼル・ガルマグナ,
11771,ロット・アムド,
11772,ロット・アムガロン,
11773,アルム・ゼイグ,
11774,アルム・ゼイガルド,
11775,プラド・アグル,
11776,プラド・アグレイダ,
11777,トルム・アード,
11778,トルム・アーグナー,
11779,ビオラ・ヴァイト,
11780,ビオラ・ヴァズード,
11781,サン・ヘティマ,
11782,サン・ヘティマ【育】,
11783,サン・ヘティマ【伸】,
11784,サン・ヘティマ【放】,
11785,キングオブサマー,
11786,月雲,
11787,月雲【朔】,
11788,月雲【既朔】,
11789,月雲【待宵】,
11790,月雲【十五夜】,
11791,唐辛子銃槍,
11792,唐辛子銃槍【中辛】,
11793,唐辛子銃槍【辛口】,
11794,唐辛子銃槍【大辛】,
11795,唐辛子銃槍【激辛】,
11796,唐辛子銃槍【∞】,
11797,ソム・エッジ,
11798,ソム・スパーダ,
11799,ソム・クシポス,
11800,ソム・グローム,
11801,ソム・パライソ,
11802,工房試作品電冷刀,
11803,正式採用電冷刀,
11804,強化型電冷刀【水刃】,
11805,強化型電冷刀【流刃】,
11806,特化型電冷刀【凛刃】,
11807,工房試作品激光鎚,
11808,正式採用激光鎚,
11809,最新型激光鎚【穿突】,
11810,最新型激光鎚【穿衝】,
11811,至上激光鎚【穿孔】,
11812,黒鉄製機械重槍,
11813,黒鉄製機械重槍改,
11814,ディアンアルバ,
11815,ディアンロンヒ,
11816,シュトルニグレド,
11817,フロルストッフ,
11818,フロルプルファー,
11819,フロルアントラス,
11820,フロルファタール,
11821,フロルイグニル,
11822,華鳳双剣【千日紅】,
11823,フロルレント,
11824,フロルグライド,
11825,フロルスルーア,
11826,フロルグラーヴェ,
11827,フロルアーデゥム,
11828,華鳳刀【紫苑】,
11829,フロルペザンテ,
11830,フロルフェイロ,
11831,フロルアディッカ,
11832,フロルシュヴィング,
11833,フロルレームング,
11834,華鳳鎚【緋桐】,
11835,フロルランゲア,
11836,フロルスクラス,
11837,フロルアフタマト,
11838,フロルシュペーア,
11839,フロルヴェレーノ,
11840,華鳳銃槍【翡翠葛】,
11841,スクラモルターレ,
11842,テポストイグラー,
11843,ソーンパイル,
11844,クエルステーク,
11845,フェザーコルテッロ,
11846,眠鳥剛槌【昏睡】,
11847,フェザーコンツェルト,
11848,ブラッドコンセール,
11849,ルブルムサイス,
11850,ヴーロートブロス,
11851,ペルレイグラー,
11852,棘白ノ太刀【火廣金】,
11853,モルモルターレ,
11854,ガンピアモルターレ,
11855,ベータナイフ【清】Ⅲ,
11856,ベータナイフ【渾】Ⅲ,
11857,ハイダブルベータⅢ,
11858,ダミー,
11859,ロミュ・グンラ,
11860,ロミュ・グリュー,
11861,ベータナイフ【清】,
11862,ベータナイフ【清】Ⅱ,
11863,ベータナイフ【清】Ⅳ,
11864,ベータナイフ【清】Ⅴ,
11865,エクスベータ【宙】,
11866,ベータナイフ【渾】,
11867,ベータナイフ【渾】Ⅱ,
11868,ベータナイフ【渾】Ⅳ,
11869,ベータナイフ【渾】Ⅴ,
11870,エクスベータ【濁】,
11871,ハイダブルベータ,
11872,ハイダブルベータⅡ,
11873,ハイダブルベータⅣ,
11874,ハイダブルベータⅤ,
11875,ハイエクレルベータ,
11876,金塵翔龍双剣【風刻】,
11877,金塵翔龍双剣【旋刻】,
11878,金塵翔龍双剣【纏刻】,
11879,金塵翔龍双剣【荒刻】,
11880,金塵翔龍双剣【嵐刻】,
11881,金塵翔龍大剣【風断】,
11882,金塵翔龍大剣【旋断】,
11883,金塵翔龍大剣【纏断】,
11884,金塵翔龍大剣【荒断】,
11885,金塵翔龍大剣【嵐断】,
11886,金塵翔龍銃槍【風咆】,
11887,金塵翔龍銃槍【旋咆】,
11888,金塵翔龍銃槍【纏咆】,
11889,金塵翔龍銃槍【荒咆】,
11890,金塵翔龍銃槍【嵐咆】,
11891,金塵翔龍鎚【風重】,
11892,金塵翔龍鎚【旋重】,
11893,金塵翔龍鎚【纏重】,
11894,金塵翔龍鎚【荒重】,
11895,金塵翔龍鎚【嵐重】,
11896,ネグルドリピス,
11897,ネグルドヴァンタ,
11898,ネグルドヴァントル,
11899,ネグルドゲネリス,
11900,ネグルドイングネス,
11901,雅翁剣【羅漢】,
11902,ネグルドアーダ,
11903,ネグルドグレイフ,
11904,ネグルドバイラル,
11905,ネグルドテンラム,
11906,ネグルドエークタル,
11907,雅翁双剣【雲紋】,
11908,ネグルドペカド,
11909,ネグルドリード,
11910,ネグルドティーブ,
11911,ネグルドチェイル,
11912,ネグルドズイード,
11913,雅翁大剣【銀明】,
11914,ネグルドアパル,
11915,ネグルドパータ,
11916,ネグルドプロティ,
11917,ネグルドエルピス,
11918,ネグルドバムブーク,
11919,雅翁銃槍【斑入黒】,
11920,ネグルドネビア,
11921,ネグルドフォッグ,
11922,ネグルドフィオン,
11923,ネグルドプルファイ,
11924,ネグルドクロケラス,
11925,雅翁笛【蘇方】,
11926,ノーベルシーレ,
11927,ノーベルルター,
11928,ゲイオンアンテーラ,
11929,ゲイオンビアッハ,
11930,プレザンバラディア,
11931,ノーベルカーダ,
11932,ノーベルスラット,
11933,ゲイオンティナー,
11934,ゲイオンナギヤ,
11935,プレザングラマサ,
11936,ノーベルジューレ,
11937,ノーベルグランバー,
11938,ゲイオンスプリオ,
11939,ゲイオンブラッガル,
11940,プレザンガーロンド,
11941,ノーベルリカペルン,
11942,ノーベルシャープレ,
11943,ゲイオンパスピエ,
11944,ゲイオンパッサカリア,
11945,プレザンハーメルド,
11946,シュトルムファレッド,
11947,ブルーノエスター,
11948,ガルセカステート,
11949,アウインエスターグ,
11950,イナイカステーグ,
11951,チェレンエスタード,
11952,トルムカステード,
11953,ラウスエスターヴ,
11954,ザミルカステーヴ,
11955,グフルエスターダ,
11956,カンプカステーダ,
11957,ヴェイラエスターゼ,
11958,リドルカステーゼ,
11959,銀月,
11960,銀月【枸橘】,
11961,銀月【銀蘭】,
11962,銀月【朧月】,
11963,銀月【大鬼蓮】,
11964,銀月【胡蝶蘭】,
11965,銀月【岡虎ノ尾】,
11966,散華,
11967,散華【皐月】,
11968,散華【牡丹】,
11969,散華【雪椿】,
11970,散華【姫檜扇】,
11971,散華【紅枝垂】,
11972,散華【牡丹一華】,
11973,クラニウムスティング,
11974,クラニウムバッシャー,
11975,ウィキッドスティング,
11976,ウィキッドシック,
11977,デン・カメント,
11978,ネプルス・デーン,
11979,デン・フィナント,
11980,プルート・デーン,
11981,リレ・セーマ,
11982,リレ・カエリ,
11983,ダミー,
11984,リレ・シグルン,
11985,リレ・ガリレイ,
11986,リィレ・コメット,
11987,リィレ・マーキュリー,
11988,メレ・セーマ,
11989,メレ・カエリ,
11990,ダミー,
11991,メレ・シグルン,
11992,メレ・ガリレイ,
11993,メーレ・コメット,
11994,メーレ・マーキュリー,
11995,アピスト・シーク,
11996,アピスト・オーク,
11997,ダミー,
11998,アピスト・イーヴ,
11999,アピスト・ギーク,
12000,アルフ＝カンプ,
12001,アルフ＝ハウフル,
12002,グラマ・シーク,
12003,グラマ・オーク,
12004,ダミー,
12005,グラマ・イーヴ,
12006,グラマ・ギーク,
12007,シス＝カンプ,
12008,シス＝ハウフル,
12009,風切・火,
12010,雲ノ太刀・火,
12011,ダミー,
12012,秋水・火,
12013,桐一文字・火,
12014,紅蓮・火,
12015,紅蓮Ⅱ火,
12016,風切・闇,
12017,雲ノ太刀・闇,
12018,ダミー,
12019,秋水・闇,
12020,桐一文字・闇,
12021,紅蓮・闇,
12022,紅蓮Ⅱ闇,
12023,リュウの太刀【龍】Ⅰ,
12024,リュウの太刀【龍】Ⅱ,
12025,ダミー,
12026,リュウの太刀【龍】Ⅲ,
12027,リュウの太刀【龍】Ⅳ,
12028,リュウの太刀【龍】Ⅴ,
12029,リュウの太刀【龍】Ⅵ,
12030,リュウの太刀【炎】Ⅰ,
12031,リュウの太刀【炎】Ⅱ,
12032,ダミー,
12033,リュウの太刀【炎】Ⅲ,
12034,リュウの太刀【炎】Ⅳ,
12035,リュウの太刀【炎】Ⅴ,
12036,リュウの太刀【炎】Ⅵ,
12037,えんげつとう【雷】Ⅰ,
12038,えんげつとう【雷】Ⅱ,
12039,ダミー,
12040,えんげつとう【雷】Ⅲ,
12041,えんげつとう【雷】Ⅳ,
12042,えんげつとう【雷】Ⅴ,
12043,えんげつとう【雷】Ⅵ,
12044,えんげつとう【火】Ⅰ,
12045,えんげつとう【火】Ⅱ,
12046,ダミー,
12047,えんげつとう【火】Ⅲ,
12048,えんげつとう【火】Ⅳ,
12049,えんげつとう【火】Ⅴ,
12050,えんげつとう【火】Ⅵ,
12051,シャンデレラⅠ,
12052,シャンデレラⅡ,
12053,シャンデレラⅢ,
12054,シャンデレラⅣ,
12055,シャンデレラ・ソワレ,
12056,シャンデレラ・マタン,
12057,ハウスエンテⅠ,
12058,ハウスエンテⅡ,
12059,ハウスエンテⅢ,
12060,ハウスエンテⅣ,
12061,ハウスエンテシェーン,
12062,ハウスエンテグランツ,
12063,ユングフラウⅠ,
12064,ユングフラウⅡ,
12065,ユングフラウⅢ,
12066,ユングフラウⅣ,
12067,ゼーユングフラウ,
12068,メーアユングフラウ,
12069,フュルスティンⅠ,
12070,フュルスティンⅡ,
12071,フュルスティンⅢ,
12072,フュルスティンⅣ,
12073,アプフェル,
12074,シュネーヴィトヘン,
12075,シュヴァインⅠ,
12076,シュヴァインⅡ,
12077,シュヴァインⅢ,
12078,シュヴァインⅣ,
12079,シュヴァインツヴァイ,
12080,シュヴァインドライ,
12081,フロッシュⅠ,
12082,フロッシュⅡ,
12083,フロッシュⅢ,
12084,フロッシュⅣ,
12085,フロッシュ・ヴァント,
12086,フロッシュ・プリンツ,
12087,オルディニスⅠ,
12088,オルディニスⅡ,
12089,オルディニスⅢ,
12090,オルディニスⅣ,
12091,オルディニス・ミラ,
12092,オルディニス・ベラス,
12093,コントラリスⅠ,
12094,コントラリスⅡ,
12095,コントラリスⅢ,
12096,コントラリスⅣ,
12097,コントラリス・ボナ,
12098,コントラリス・アニモ,
12099,アートレータⅠ,
12100,アートレータⅡ,
12101,アートレータⅢ,
12102,アートレータⅣ,
12103,アートレータ・ビア,
12104,アートレータ・ファガ,
12105,レビタスⅠ,
12106,レビタスⅡ,
12107,レビタスⅢ,
12108,レビタスⅣ,
12109,レビタス・プル,
12110,レビタス・インノ,
12111,スクリーボⅠ,
12112,スクリーボⅡ,
12113,スクリーボⅢ,
12114,スクリーボⅣ,
12115,スクリーボ・ペンナ,
12116,スクリーボ・アラーラ,
12117,パキュスⅠ,
12118,パキュスⅡ,
12119,パキュスⅢ,
12120,パキュスⅣ,
12121,パキュス・スィヤ,
12122,パキュス・ソクエ,
12123,ルージュクロワ・アン,
12124,ルージュクロワ・ドゥ,
12125,ルージュクロワ・ロワ,
12126,ルージュクロワ・カト,
12127,ルージュクロワ・サン,
12128,ブレゥークロワ・アン,
12129,ブレゥークロワ・ドゥ,
12130,ブレゥークロワ・ロワ,
12131,ブレゥークロワ・カト,
12132,ブレゥークロワ・サン,
12133,ヴェールクロワ・アン,
12134,ヴェールクロワ・ドゥ,
12135,ヴェールクロワ・ロワ,
12136,ヴェールクロワ・カト,
12137,ヴェールクロワ・サン,
12138,ジョヌクロワ・アン,
12139,ジョヌクロワ・ドゥ,
12140,ジョヌクロワ・ロワ,
12141,ジョヌクロワ・カト,
12142,ジョヌクロワ・サン,
12143,ヴィオレクロワ・アン,
12144,ヴィオレクロワ・ドゥ,
12145,ヴィオレクロワ・ロワ,
12146,ヴィオレクロワ・カト,
12147,ヴィオレクロワ・サン,
12148,シエルクロワ・アン,
12149,シエルクロワ・ドゥ,
12150,シエルクロワ・ロワ,
12151,シエルクロワ・カト,
12152,シエルクロワ・サン,
12153,ブランクロワ・アン,
12154,ブランクロワ・ドゥ,
12155,ブランクロワ・ロワ,
12156,ブランクロワ・カト,
12157,ブランクロワ・サン,
12158,ノワールクロワ・アン,
12159,ノワールクロワ・ドゥ,
12160,ノワールクロワ・ロワ,
12161,ノワールクロワ・カト,
12162,ノワールクロワ・サン,
12163,ロトクロツ・アイ,
12164,ロトクロツ・ヴァイ,
12165,ロトクロツ・ライ,
12166,ロトクロツ・フィア,
12167,ロトクロツ・フュン,
12168,ブラウクロツ・アイ,
12169,ブラウクロツ・ヴァイ,
12170,ブラウクロツ・ライ,
12171,ブラウクロツ・フィア,
12172,ブラウクロツ・フュン,
12173,グリュクロツ・アイ,
12174,グリュクロツ・ヴァイ,
12175,グリュクロツ・ライ,
12176,グリュクロツ・フィア,
12177,グリュクロツ・フュン,
12178,ゲルブクロツ・アイ,
12179,ゲルブクロツ・ヴァイ,
12180,ゲルブクロツ・ライ,
12181,ゲルブクロツ・フィア,
12182,ゲルブクロツ・フュン,
12183,リーラクロツ・アイ,
12184,リーラクロツ・ヴァイ,
12185,リーラクロツ・ライ,
12186,リーラクロツ・フィア,
12187,リーラクロツ・フュン,
12188,ヒメルクロツ・アイ,
12189,ヒメルクロツ・ヴァイ,
12190,ヒメルクロツ・ライ,
12191,ヒメルクロツ・フィア,
12192,ヒメルクロツ・フュン,
12193,シュネクロツ・アイ,
12194,シュネクロツ・ヴァイ,
12195,シュネクロツ・ライ,
12196,シュネクロツ・フィア,
12197,シュネクロツ・フュン,
12198,ヴァルクロツ・アイ,
12199,ヴァルクロツ・ヴァイ,
12200,ヴァルクロツ・ライ,
12201,ヴァルクロツ・フィア,
12202,ヴァルクロツ・フュン,
12203,ジョニーカルテット,
12204,ヒルディス,
12205,ヒルディスプラン,
12206,ヒルディスエテ,
12207,ヒルディストンヌ,
12208,ヒルディスイヴェ,
12209,ヒルディスジュ,
12210,ヒルディスニール,
12211,ルイダ,
12212,ルイダプラン,
12213,ルイダエテ,
12214,ルイダトンヌ,
12215,ルイダイヴェ,
12216,ルイダジュ,
12217,ルイダニール,
12218,フォレルー,
12219,フォレルート,
12220,ソンブルー,
12221,ソンブルート,
12222,ネブラダ・イリス,
12223,弩岩烈槍【地獄突】,
12224,弩岩烈大剣【閃何断】,
12225,弩岩烈剣【閃斬】,
12226,弩岩烈槌【極塵砕】,
12227,弩岩烈笛【激調打】,
12228,弩岩烈銃槍【流放撃】,
12229,ズモス・パライズ,
12230,ズモス・パラライズ,
12231,ルビーノスネークⅦ,
12232,ルビーノスネークⅧ,
12233,ルビーノスネークⅨ,
12234,真極光剣Ｇ－ＴＵＮＥ,
12235,激怒怒スパライズ,
12236,魔剣ダイレク・劫火,
12237,魔剣ダイレク・万雷,
12238,天雷破・改Ⅱ,
12239,地霊刀・改Ⅱ,
12240,サエウム,
12241,ゲザングヴァルド,
12242,オクタオルタネイト,
12243,オクタレイキング,
12244,ファンベルゼビュート,
12245,デビュベルゼビュート,
12246,イティ・レドンド,
12247,ナバ・ラーマ,
12248,スクロ・ラルジュ,
12249,レド・デルガダ,
12250,イグ・レスティ,
12251,イボ・ロヴィーネ,
12252,ドネス・レドンド,
12253,グリフ・ラーマ,
12254,レシェ・ラルジュ,
12255,ボドム・デルガダ,
12256,リス・レスティ,
12257,ディア・ロヴィーネ,
12258,ペンタ・スペレスト,
12259,ヘキサ・スペレスト,
12260,セプタ・スペレスト,
12261,マツリノキガイ【粋】,
12262,天耀朧剣【真月】,
12263,ムーンクラーテ,
12264,観月見【澹】,
12265,キャラバン裂双,
12266,キャラバン裂双Ⅱ,
12267,キャラバン裂双Ⅲ,
12268,キャラバン極剣,
12269,キャラバン極剣Ⅱ,
12270,キャラバン極剣Ⅲ,
12271,キャラバン響笛,
12272,キャラバン響笛Ⅱ,
12273,キャラバン響笛Ⅲ,
12274,キャラバン爆槍,
12275,キャラバン爆槍Ⅱ,
12276,キャラバン爆槍Ⅲ,
12277,ンガンーガ・ガンガ,
12278,ンガンーガ・ガンコ,
12279,ンガンーガ・ガガン,
12280,絶刀【焔】,
12281,断絶刀,
12282,断絶刀【壊】,
12283,夏雨之槍【未草】,
12284,夏雨之槍【姫綿萓】,
12285,夏雨之槍【立金花】,
12286,ファングＹマーマン,
12287,ファングＺマーマン,
12288,ファングＸマーマン,
12289,十字小太刀・烈,
12290,十字小太刀・滅,
12291,十字小太刀・末,
12292,四方極刃,
12293,四方月刃,
12294,四方終刃,
12295,ジャルキ・ブラッシュ,
12296,ジャルキ・プレッシャ,
12297,ジャルキ・クラッシャ,
12298,ミューズの唄【悦喜】,
12299,ミューズの唄【喜劇】,
12300,ミューズの唄【狂喜】,
12301,セリスィ・エスカー,
12302,セリスィ・セール,
12303,セリスィ・フェーン,
12304,セリスィ・アーラ,
12305,セリスィ・メーネ,
12306,セリスィ・コーダ,
12307,セリスィ・ローク,
12308,セリスィ・ヴァルカン,
12309,セリスィ・イザーム,
12310,双龍棍【断獄】,
12311,双炎棍【鬼灯】,
12312,双雷棍【刹那】,
12313,双毒棍【乱破】,
12314,双氷棍【冷徹】,
12315,レイラパイル,
12316,レイラパイル・火,
12317,レイラパイル・水,
12318,レイラパイル・雷,
12319,レイラパイル・氷,
12320,レイラパイル・龍,
12321,金塵翔龍棍【荒飛】,
12322,金塵翔龍棍【嵐飛】,
12323,トロぬいぐるみⅠ,
12324,トロぬいぐるみⅡ,
12325,トロぬいぐるみⅢ,
12326,トロぬいぐるみⅣ,
12327,トロぬいぐるみⅤ,
12328,トロぬいぐるみⅥ,
12329,クロぬいぐるみⅠ,
12330,クロぬいぐるみⅡ,
12331,クロぬいぐるみⅢ,
12332,クロぬいぐるみⅣ,
12333,クロぬいぐるみⅤ,
12334,クロぬいぐるみⅥ,
12335,トロクロボックスⅠ,
12336,トロクロボックスⅡ,
12337,トロクロボックスⅢ,
12338,トロクロボックスⅣ,
12339,トロクロボックスⅤ,
12340,トロクロボックスⅥ,
12341,トロクロマックスⅠ,
12342,トロクロマックスⅡ,
12343,トロクロマックスⅢ,
12344,トロクロマックスⅣ,
12345,トロクロマックスⅤ,
12346,トロクロマックスⅥ,
12347,クリムゾンパクト,
12348,クリムゾンタイド,
12349,地雷棒ダスティーン,
12350,ダミー,
12351,ダミー,
12352,ダミー,
12353,ダミー,
12354,ダミー,
12355,ダミー,
12356,ダミー,
12357,ダミー,
12358,ダミー,
12359,ダミー,
12360,ダミー,
12361,ダミー,
12362,ダミー,
12363,ダミー,
12364,ダミー,
12365,獄カラクリヒプノック,
12366,技巧的機械鋸,
12367,タイムレスバトル,
12368,技巧的電熱刀【溶刃】,
12369,親方式撃龍鎚【浪漫】,
12370,くろくろ【バウワウ】,
12371,アバーブニャキオーン,
12372,シルバーバーンナウト,
12373,神封龍剣【絶一門】,
12374,バクゲキブレイド,
12375,マスターセーバー,
12376,バサユニバース,
12377,対龍抹殺用大鎖鋸,
12378,ブリラエスパーダ,
12379,ゴールデンエイジ,
12380,神封龍刀【裂破】,
12381,クシャノ＝ペルセ,
12382,超滅激槍ディアブロス,
12383,フォトレスガンランス,
12384,ファランクス・メガス,
12385,黒鎧鎚【破】,
12386,クラックダウン,
12387,ガガクパイプ【鳳凰】,
12388,チャチャブランタン,
12389,ダミー,
12390,ダミー,
12391,ダミー,
12392,ダミー,
12393,ダミー,
12394,ダミー,
12395,ダミー,
12396,ダミー,
12397,ダミー,
12398,ダミー,
12399,ダミー,
12400,ダミー,
12401,ダミー,
12402,ダミー,
12403,ダミー,
12404,ダミー,
12405,ダミー,
12406,ダミー,
12407,ダミー,
12408,ダミー,
12409,ダミー,
12410,ダミー,
12411,ダミー,
12412,ダミー,
12413,ダミー,
12414,ダミー,
12415,ダミー,
12416,ダミー,
12417,wi956,
12418,wi957,
12419,wi958,
12420,wi959,
12421,ダミー,
12422,ダミー,
12423,ダミー,
12424,ダミー,
12425,ダミー,
12426,ダミー,
12427,ダミー,
12428,ダミー,
12429,ダミー,
12430,ダミー,
12431,ダミー,
12432,ダミー,
12433,ダミー,
12434,ダミー,
12435,ダミー,
12436,ダミー,
12437,ダミー,
12438,ダミー,
12439,ダミー,
12440,ダミー,
12441,ダミー,
12442,ダミー,
12443,ダミー,
12444,ダミー,
12445,ダミー,
12446,ダミー,
12447,ダミー,
12448,ダミー,
12449,ダミー,
12450,カドゥケウス,
12451,デフィ,
12452,デフィ・クラージュ,
12453,デフィ・フィエリテ,
12454,デフィ・ジュイサンス,
12455,デフィ・パシオン,
12456,デフィ・フォルス,
12457,デフィ・イデアル,
12458,ヴィーゾフ,
12459,ヴィーゾフ・ソーン,
12460,ヴィーゾフ・ミェチタ,
12461,ヴィーゾフ・シィーラ,
12462,ヴィーゾフ・ウーム,
12463,ヴィーゾフ・ドゥシャ,
12464,ヴィーゾフ・ヴォリャ,
12465,ライゼ,
12466,ライゼ・ムーティヒ,
12467,ライゼ・ヘフティヒ,
12468,ライゼ・ブレンネン,
12469,ライゼ・フライハイト,
12470,ライゼ・ヴァルム,
12471,ライゼ・オイサースト,
12472,ヴィアッジョ,
12473,ヴィアッジョ・ジョヤ,
12474,ヴィアッジョ・サペレ,
12475,ヴィアッジョ・クオレ,
12476,ヴィアッジョ・リデレ,
12477,ヴィアッジョ・クリジ,
12478,ヴィアッジョ・モンド,
12479,花散里,
12480,花散里【白粉花】,
12481,花散里【萩】,
12482,花散里【秋明菊】,
12483,花散里【秋桜】,
12484,花散里【冬牡丹】,
12485,藤裏葉,
12486,藤裏葉【白粉花】,
12487,藤裏葉【萩】,
12488,藤裏葉【秋明菊】,
12489,藤裏葉【秋桜】,
12490,藤裏葉【冬牡丹】,
12491,ローレライ・リーベ,
12492,ローレライ・ミューエ,
12493,ローレライ・ナイト,
12494,ローレライ・ハス,
12495,ローレライ・ロイエ,
12496,ローレライ・ヘクセ,
12497,マンサナ,
12498,マンサナ・ロホ,
12499,マンサナ・イルシオン,
12500,マンサナ・フエゴ,
12501,マンサナ・リアマ,
12502,マンサナ・レソ,
12503,グリュックロッドⅠ,
12504,グリュックロッドⅡ,
12505,秘伝開門の鍵【東門】,
12506,グリュックロッドⅢ,
12507,グリュックロッドⅣ,
12508,フィッシャロッド,
12509,クレアールロッド,
12510,ゼンプレーテⅠ,
12511,ゼンプレーテⅡ,
12512,秘伝開門の鍵【北門】,
12513,ゼンプレーテⅢ,
12514,ゼンプレーテⅣ,
12515,ミロエバンジェ,
12516,ミロインカーネ,
12517,シュタープⅠ,
12518,シュタープⅡ,
12519,秘伝開門の鍵【西門】,
12520,シュタープⅢ,
12521,シュタープⅣ,
12522,レイシエーチ,
12523,レイシワールト,
12524,クエルダⅠ,
12525,クエルダⅡ,
12526,秘伝開門の鍵【南門】,
12527,クエルダⅢ,
12528,クエルダⅣ,
12529,ストルグス,
12530,ストルヌム,
12531,ロトロⅠ,
12532,ロトロⅡ,
12533,秘伝開門の鍵【天門】,
12534,ロトロⅢ,
12535,ロトロⅣ,
12536,ルーロース,
12537,ハルバルーロース,
12538,ユチドリⅠ,
12539,ユチドリⅡ,
12540,ダミー,
12541,ユチドリⅢ,
12542,ユチドリⅣ,
12543,テソロトゥール,
12544,ボムルトゥール,
12545,サフィールスネークⅥ,
12546,サフィールスネークⅦ,
12547,サフィールスネークⅧ,
12548,オーロワマヒート,
12549,オーロワマヒヴェリ,
12550,ゴルトアイト,
12551,ゴルトヘルツ,
12552,ラダールマヒート,
12553,オーロワドペルタ,
12554,オーロワファルテ,
12555,ゴルトアフスト,
12556,ゴルトフロイデ,
12557,ラダールドペルタ,
12558,オーロワメッサ,
12559,オーロワフランベク,
12560,ゴルトヘレバド,
12561,ゴルトガイスト,
12562,ラダールメッサ,
12563,オーロワレヴィエ,
12564,オーロワリエーズ,
12565,ゴルトランケ,
12566,ゴルトムート,
12567,ラダールレヴィエ,
12568,オーロワアーヴ,
12569,オーロワアルベ,
12570,ゴルトハルト,
12571,ゴルトヴィレ,
12572,ラダールアーヴ,
12573,オーロワホーン,
12574,オーロワキール,
12575,ゴルトエーデル,
12576,ゴルトクーア,
12577,ラダールホーン,
12578,オーロワカピール,
12579,オーロワカピサ,
12580,ゴルトナーゲル,
12581,ゴルトイデアル,
12582,ラダールカピール,
12583,オーロワエンブス,
12584,オーロワエンベスト,
12585,ゴルトヴュステ,
12586,ゴルトブルート,
12587,ラダールエンブス,
12588,ラダールファーティ,
12589,キャラバン殴棍Ⅰ,
12590,キャラバン殴棍Ⅱ,
12591,羽子板セイバー,
12592,羽子板セイバー【水】,
12593,羽子板セイバー【冷】,
12594,羽子板セイバー【深】,
12595,羽子板セイバー【海】,
12596,シュガード・ロール,
12597,シュガード・エール,
12598,シュガード・スタイル,
12599,シュガード・ガール,
12600,シュガード・スマイル,
12601,モモランプ,
12602,モモランプ【春】,
12603,モモランプ【灯】,
12604,モモランプ【陽】,
12605,モモランプ【明】,
12606,桜日和,
12607,桜日和【三分咲き】,
12608,桜日和【五分咲き】,
12609,桜日和【八分咲き】,
12610,桜日和【満開】,
12611,しろねこぱんち,
12612,しろねこすまっしゅ,
12613,ぎんねこすいんぐ,
12614,ぎんねこちょっぴんぐ,
12615,くろねこふっく,
12616,くろねこあっぱー,
12617,あかねこなっくる,
12618,あかねこすとれーと,
12619,あくねこなっくる,
12620,あくねこすとれーと,
12621,きんねこヴィクトリー,
12622,ネーラーナラーマⅠ,
12623,ネーラーナラーマⅡ,
12624,ネーラーナラーマ改,
12625,ネーラーナラーマ真,
12626,ネーラーナラーマＸ,
12627,クリエースト,
12628,クリエースト・ドゥオ,
12629,クリエースト・セプテ,
12630,クリエースト・デケム,
12631,クリエースト・エンデ,
12632,クルス,
12633,クルス・セット,
12634,クルス・ヌフ,
12635,クルス・オンズ,
12636,クルス・ファン,
12637,リースティ,
12638,リースティ・トレイ,
12639,リースティ・オプト,
12640,リースティ・ノウア,
12641,リースティ・エーツ,
12642,デルスール,
12643,デルスール・イルミ,
12644,デルスール・クルク,
12645,デルスール・エッリ,
12646,デルスール・フィニス,
12647,トリヘス,
12648,トリヘス・サクス,
12649,トリヘス・ネイン,
12650,トリヘス・トワル,
12651,トリヘス・テロス,
12652,ルクス,
12653,ルクス・ティーズ,
12654,ルクス・フース,
12655,ルクス・ハミンツ,
12656,ルクス・エイン,
12657,ズュート,
12658,ズュート・ハイ,
12659,ズュート・ターム,
12660,ズュート・チャム,
12661,ズュート・パウ,
12662,真極光剣Ｇラディウス,
12663,オルガアルマトラ,
12664,デモンズヘル,
12665,ヴァイパーデビル,
12666,セーヴェルミェーチ,
12667,ゴールドクレストⅥ,
12668,シルバークレストⅥ,
12669,ブロンズクレストⅥ,
12670,ロワドスレイフ,
12671,ゴールドティファレ,
12672,シルバーティファレ,
12673,ブロンズティファレ,
12674,ゴールドティアⅤ,
12675,シルバーティアⅤ,
12676,ブロンズティアⅤ,
12677,ウォルヴェンナイツ,
12678,ジルバ・アンセム,
12679,ヒロイック・デス,
12680,ダーティフリー,
12681,殲！金獅子インパクト,
12682,ジルバ・リターネス,
12683,ラバーカップ,
12684,トリニティフォース,
12685,ヴァイラス,
12686,ディーモンハート,
12687,ヘイトブリーダー,
12688,ブラッドドランク,
12689,スカルコレクター,
12690,ゴーストオペラ,
12691,エンジェルオブデス,
12692,エネミーウィズイン,
12693,ネクロポリス,
12694,晶鎚シンマ,
12695,晶鎚シーイン,
12696,晶鎚ドゥール,
12697,晶鎚ダズール,
12698,眩晶鎚エタンセル,
12699,晶銃槍リュール,
12700,晶銃槍リューエン,
12701,晶銃槍グラルス,
12702,晶銃槍シャムス,
12703,眩晶銃槍ルフレイ,
12704,眩晶大剣グリント,
12705,妃龍大剣【嘆】,
12706,妃龍大剣【憂】,
12707,妃龍大剣【憐】,
12708,妃龍大剣【慈】,
12709,艶妃大剣【恒久】,
12710,妃龍鎚【破】,
12711,妃龍鎚【激】,
12712,妃龍鎚【奮】,
12713,妃龍鎚【昂】,
12714,艶妃鎚【無垢】,
12715,艶妃剣【仮初】,
12716,艶妃双剣【純潔】,
12717,艶妃槍【普遍】,
12718,創音双剣【暁鐘】,
12719,バレナフェール,
12720,バレナラーメ,
12721,バレナルジェ,
12722,バレナオロロ,
12723,バレナプラティ,
12724,創音大剣【神籟】,
12725,バレナルッシェ,
12726,バレナウーメ,
12727,バレナラゴラ,
12728,バレナエスト,
12729,バレナマーレ,
12730,創音笛【天籟】,
12731,バレナストル,
12732,バレナパルティ,
12733,バレナコーロ,
12734,バレナペッツォ,
12735,バレナコンチェルト,
12736,創音銃槍【清亮】,
12737,バレナレイド,
12738,バレナエルデュ,
12739,バレナクオラル,
12740,バレナリベリオ,
12741,バレナリーテ,
12742,創音棍【玉音】,
12743,バシリスヴォンターデ,
12744,蒼斧【焼灼】,
12745,レンゲノリコーダー,
12746,蒼翼槍シエルランケア,
12747,蒼火竜銃槍【灼天】,
12748,ダミー,
12749,ラルシャイン,
12750,ラルシャイン・ルス,
12751,シェルシャイン,
12752,シェルシャイン・ルス,
12753,ストラクル,
12754,ストラクル・スカイ,
12755,ストラクル・シャイン,
12756,ストラクル・スター,
12757,ストラクル・サン,
12758,ストラクル・コスモ,
12759,ストラクル・ミルキー,
12760,リウラクル,
12761,リウラクル・スカイ,
12762,リウラクル・シャイン,
12763,リウラクル・スター,
12764,リウラクル・サン,
12765,リウラクル・コスモ,
12766,リウラクル・ミルキー,
12767,サンドリヨンⅠ,
12768,サンドリヨンⅡ,
12769,サンドリヨンⅢ,
12770,サンドリヨンⅣ,
12771,サンドリヨン・ソワレ,
12772,サンドリヨン・マタン,
12773,カナールⅠ,
12774,カナールⅡ,
12775,カナールⅢ,
12776,カナールⅣ,
12777,カナール・シャルム,
12778,カナール・デコール,
12779,シレーヌⅠ,
12780,シレーヌⅡ,
12781,シレーヌⅢ,
12782,シレーヌⅣ,
12783,シレーヌ・シャグラン,
12784,シレーヌ・エーヌ,
12785,ネージュⅠ,
12786,ネージュⅡ,
12787,ネージュⅢ,
12788,ネージュⅣ,
12789,アンポワゾネ,
12790,ブランシュネージュ,
12791,コションⅠ,
12792,コションⅡ,
12793,コションⅢ,
12794,コションⅣ,
12795,コション・デュー,
12796,コション・トロワ,
12797,グルヌイユⅠ,
12798,グルヌイユⅡ,
12799,グルヌイユⅢ,
12800,グルヌイユⅣ,
12801,グルヌイユ・シャンテ,
12802,グルヌイユ・プランス,
12803,メンティソード,
12804,メンティエッジ,
12805,メンティブレイカー,
12806,メンティブレイド,
12807,メンティクラッシャ,
12808,メンティポルカ,
12809,メンティランス,
12810,メンティキャノン,
12811,メンティパイル,
12812,ダミー,
12813,炎角剣【光炎】,
12814,炎角剣【光華】,
12815,炎角剣【光耀】,
12816,炎角剣【眩耀】,
12817,炎角剣【暁光】,
12818,炎角大剣【明珠】,
12819,炎角大剣【白眉】,
12820,炎角大剣【謫仙】,
12821,炎角大剣【山斗】,
12822,炎角大剣【虎嘯】,
12823,炎角鎚【炎陽】,
12824,炎角鎚【紅鏡】,
12825,炎角鎚【日暈】,
12826,炎角鎚【烈日】,
12827,炎角鎚【飛輪】,
12828,炎角槍【刺座】,
12829,炎角槍【金鯱】,
12830,炎角槍【鸞鳳】,
12831,炎角槍【仙人掌】,
12832,炎角槍【覇王樹】,
12833,真緋猛太刀【玉響】,
12834,真緋猛槍【八千代】,
12835,真緋猛銃槍【悠遠】,
12836,真緋猛槌【弥久】,
12837,アキュート・エッジ,
12838,ゼーゲジャウ,
12839,天翔銃槍,
12840,凍レタ運命熾ス槍,
12841,ダードアスワド,
12842,炎王烈大剣【煌冥】,
12843,炎王烈刀【極狂熱】,
12844,炎王烈剣【太虚】,
12845,コンキスタ＝ダオラ,
12846,炎王烈鎚【黒闇】,
12847,炎妃烈笛【誘魅】,
12848,緋猛烈笛【謹上再拝】,
12849,カルディア,
12850,カルディアブレイブ,
12851,カルディアクラッシュ,
12852,カルディアデュエル,
12853,スペランツァ,
12854,シックザール,
12855,ムニミィ,
12856,ムニミィブレイブ,
12857,ムニミィクラッシュ,
12858,ムニミィデュエル,
12859,ノスタルギニア,
12860,ファタリテート,
12861,メガロマメロディ,
12862,リカーメロディ,
12863,ラズルーカメロディ,
12864,リユニメロディ,
12865,グラーティア,
12866,ペリペティア,
12867,メガロマハーモニー,
12868,リカーハーモニー,
12869,ラズルーカハーモニー,
12870,リユニハーモニー,
12871,ソムニウム,
12872,パンタシア,
12873,ヴィレマヒート,
12874,ヴィレマヒヴェリ,
12875,ルストアイト,
12876,ルストヘルツ,
12877,ヘルトマヒート,
12878,ヴィレメッサ,
12879,ヴィレフランベク,
12880,ルストヘレバド,
12881,ルストガイスト,
12882,ヘルトメッサ,
12883,ヴィレアーヴ,
12884,ヴィレアルベ,
12885,ルストハルト,
12886,ルストヴィレ,
12887,ヘルトアーヴ,
12888,ヴィレカピール,
12889,ヴィレカピサ,
12890,ルストナーゲル,
12891,ルストイデアル,
12892,ヘルトカピール,
12893,ヘルトファーティ,
12894,ベータナイフ・白黒Ⅲ,
12895,艶妃刀【清雅】,
12896,エリモスリーデル,
12897,エリモスムナール,
12898,翠水竜刀ヒュドール,
12899,翠水竜槌エスプーマ,
12900,真緋猛棍【星霜】,
12901,シーラモコモコ,
12902,司銀剣【星虹】,
12903,司銀獄剣【星影】,
12904,司銀獄剣【星辰】,
12905,司銀獄剣【星雲】,
12906,司銀烈剣【碇星】,
12907,司銀始剣【六連星】,
12908,真司銀剣【銀湾】,
12909,司銀刀【淡雪】,
12910,司銀獄刀【真雪】,
12911,司銀獄刀【綿雪】,
12912,司銀獄刀【雪明】,
12913,司銀烈刀【雪華】,
12914,司銀始刀【雪月夜】,
12915,真司銀刀【銀嶺】,
12916,司銀鎚【孤月】,
12917,司銀獄鎚【月夕】,
12918,司銀獄鎚【明月】,
12919,司銀獄鎚【淡月】,
12920,司銀烈鎚【月白】,
12921,司銀始鎚【天満月】,
12922,真司銀鎚【銀鉤】,
12923,司銀槍【鳥雲】,
12924,司銀獄槍【玄雲】,
12925,司銀獄槍【暁雲】,
12926,司銀獄槍【芳雲】,
12927,司銀烈槍【陣雲】,
12928,司銀始槍【福如雲】,
12929,真司銀槍【銀漢】,
12930,水砦双剣【月水】,
12931,水砦獄双剣【激水】,
12932,水砦獄双剣【水天】,
12933,水砦獄双剣【万水】,
12934,水砦烈双剣【水月】,
12935,水砦始双剣【桃花水】,
12936,水砦笛【水菊】,
12937,水砦獄笛【睡蓮】,
12938,水砦獄笛【水金梅】,
12939,水砦獄笛【九輪草】,
12940,水砦烈笛【浅沙】,
12941,水砦始笛【岩銀杏】,
12942,水砦獄棍【逆浪】,
12943,水砦烈棍【砕波】,
12944,水砦始棍【五百重波】,
12945,覇皇大剣ガカムトルム,
12946,バル・エマ,
12947,バル・クルイロー,
12948,バル・アマル,
12949,バル・クレマチス,
12950,バル・ティタン,
12951,バル・アフェクタル,
12952,バル・フェアラート,
12953,バル・リアンユ,
12954,ドドドンガ・クーペ,
12955,ドドドンガ・ゴクダチ,
12956,ドドドンガ・エデッセ,
12957,ドドドンガ・ドンペラ,
12958,幻雷始鎚【疾風迅雷】,
12959,幻雷始笛【大天太鼓】,
12960,バインドメイス【帝】,
12961,レイズストライク,
12962,ヴォイドヘリックス,
12963,ダミー,
12964,ダミー,
12965,ダミー,
12966,ダミー,
12967,ロメイユ・ノック,
12968,ノンノ・ノック,
12969,リリープ・ノック,
12970,シュヴァリエ,
12971,シュヴァリエ・ペリコ,
12972,シュヴァリエ・パロマ,
12973,シュヴァリエ・シスネ,
12974,シュヴァリエ・ミラノ,
12975,オフィシエ,
12976,カイザルヴァッフェ,
12977,ルイーツァリ,
12978,ルイーツァリ・ペリコ,
12979,ルイーツァリ・パロマ,
12980,ルイーツァリ・シスネ,
12981,ルイーツァリ・ミラノ,
12982,アフィツェール,
12983,イムペラアルージェ,
12984,レイアルマ,
12985,レイアルマ・クーパ,
12986,レイアルマ・シルバ,
12987,レイアルマ・ゴルド,
12988,レイアルマ・ダイア,
12989,ヘルシャフト,
12990,アウトクラシア,
12991,カンピオーネ,
12992,カンピオーネ・クーパ,
12993,カンピオーネ・シルバ,
12994,カンピオーネ・ゴルド,
12995,カンピオーネ・ダイア,
12996,エレンホス,
12997,パーチェ,
12998,マール・シェル,
12999,マール・ラゴスタ,
13000,マール・クラッベ,
13001,マール・ポリプス,
13002,デリフィーン,
13003,エポラール,
13004,タラサ・シェル,
13005,タラサ・ラゴスタ,
13006,タラサ・クラッベ,
13007,タラサ・ポリプス,
13008,ゴルフィーニョ,
13009,ピングイーニョ,
13010,マリネロ,
13011,マリネロ・クロール,
13012,マリネロ・ストローク,
13013,マリネロ・バタフライ,
13014,プラージュ,
13015,ルミ・ソレイユ,
13016,マテロト,
13017,マテロト・クロール,
13018,マテロト・ストローク,
13019,マテロト・バタフライ,
13020,オチェーアノ,
13021,ルーチェ・ルーナ,
13022,ルヴィニ,
13023,ルヴィニオロ,
13024,ディアマンディ,
13025,ディアペルラ,
13026,アゾット剣Ⅰ,
13027,アゾット剣Ⅱ,
13028,アゾット剣Ⅲ,
13029,アゾット剣Ⅳ,
13030,アゾット剣Ⅴ,
13031,アゾット剣Ⅵ,
13032,アゾット剣【青】Ⅰ,
13033,アゾット剣【青】Ⅱ,
13034,アゾット剣【青】Ⅲ,
13035,アゾット剣【青】Ⅳ,
13036,アゾット剣【青】Ⅴ,
13037,アゾット剣【青】Ⅵ,
13038,ゲイ・ボルクⅠ,
13039,ゲイ・ボルクⅡ,
13040,ゲイ・ボルクⅢ,
13041,ゲイ・ボルクⅣ,
13042,ゲイ・ボルクⅤ,
13043,ゲイ・ボルクⅥ,
13044,ゲイ・ボルク【黒】Ⅰ,
13045,ゲイ・ボルク【黒】Ⅱ,
13046,ゲイ・ボルク【黒】Ⅲ,
13047,ゲイ・ボルク【黒】Ⅳ,
13048,ゲイ・ボルク【黒】Ⅴ,
13049,ゲイ・ボルク【黒】Ⅵ,
13050,ツインクラッニャーⅠ,
13051,ツインクラッニャーⅡ,
13052,ツインクラッニャーⅢ,
13053,ツインクラッニャーⅣ,
13054,ツインプレッニャー,
13055,ツインスマッニャー,
13056,ガルバポプラ,
13057,ベータナイフ・白黒,
13058,ベータナイフ・白黒Ⅱ,
13059,ベータナイフ・白黒Ⅳ,
13060,ベータナイフ・白黒Ⅴ,
13061,ベータナイフ・白黒Ⅵ,
13062,ビックカタニャーⅠ,
13063,ビックカタニャーⅡ,
13064,ビックカタニャーⅢ,
13065,ビックカタニャーⅣ,
13066,ビックアタッニャー,
13067,ビックシェーニャー,
13068,ダミー,
13069,ダミー,
13070,ダミー,
13071,ダミー,
13072,ダミー,
13073,ダミー,
13074,ギリギリニャーⅠ,
13075,ギリギリニャーⅡ,
13076,ギリギリニャーⅢ,
13077,ギリギリニャーⅣ,
13078,ギリソーニャー,
13079,ギリッシュニャー,
13080,ダミー,
13081,ダミー,
13082,ダミー,
13083,ダミー,
13084,ダミー,
13085,ダミー,
13086,グルドリニャーⅠ,
13087,グルドリニャーⅡ,
13088,グルドリニャーⅢ,
13089,グルドリニャーⅣ,
13090,グルブレニャー,
13091,グルディニャー,
13092,ダミー,
13093,ダミー,
13094,ダミー,
13095,ダミー,
13096,ダミー,
13097,ダミー,
13098,ドルルスキューニャ,
13099,ドルルターニャ―,
13100,ダミー,
13101,ダミー,
13102,ダミー,
13103,ダミー,
13104,ダミー,
13105,ダミー,
13106,ダミー,
13107,ロウ・サキュレ,
13108,ダミー,
13109,ダミー,
13110,ダミー,
13111,ダミー,
13112,ダミー,
13113,ロウ・ヴェリッタ,
13114,ロウ・プリュト,
13115,リジェクションロール,
13116,ウォーエターナル,
13117,デッドナイトウォリア,
13118,ダウンフォール,
13119,ディメンションゼロ,
13120,デリリウムヴェイル,
13121,エターナルグローリー,
13122,アゲンストザウィンド,
13123,ベターオフデッド,
13124,フォローザリーパー,
13125,ハーツオンファイア,
13126,オードトゥージョイ,
13127,オーヴァーザウォール,
13128,デッドエンド,
13129,ブラックシープ,
13130,ダミー,
13131,ダミー,
13132,ダミー,
13133,ダミー,
13134,ダミー,
13135,ダミー,
13136,雷極球鎚Ⅰ,
13137,雷極球鎚Ⅱ,
13138,ダミー,
13139,雷極球鎚Ⅲ,
13140,雷極球鎚Ⅳ,
13141,雷極球鎚Ⅴ,
13142,雷極球鎚Ⅵ,
13143,極龍球鎚Ⅰ,
13144,極龍球鎚Ⅱ,
13145,ダミー,
13146,極龍球鎚Ⅲ,
13147,極龍球鎚Ⅳ,
13148,極龍球鎚Ⅴ,
13149,極龍球鎚Ⅵ,
13150,極龍球鎚改Ⅰ,
13151,極龍球鎚改Ⅱ,
13152,ダミー,
13153,極龍球鎚改Ⅲ,
13154,極龍球鎚改Ⅳ,
13155,極龍球鎚改Ⅴ,
13156,極龍球鎚改Ⅵ,
13157,ガルバソフィ,
13158,ガルバヴァン,
13159,ガルバフォヴェント,
13160,ガルバガスト,
13161,ガルバネード,
13162,ガルバストム,
13163,ぴーひゃらグーク,
13164,ぴーひゃらグーク・戯,
13165,ぴーひゃらグーク・楽,
13166,ぴーひゃらグーク・喜,
13167,おまつりグーク・熱狂,
13168,フィアーエスク,
13169,フィアーモルテ,
13170,フィアーステルク,
13171,フィアーエスタ,
13172,スペクタル＝バウラ,
13173,しろしろ【ワンワン】,
13174,しろしろ【ガオガオ】,
13175,しろしろ【クゥーン】,
13176,しろしろ【ペロペロ】,
13177,しろしろ【バウワウ】,
13178,キショウマペット,
13179,キショウレプリカ,
13180,快眠アーティファクト,
13181,安眠アーティファクト,
13182,爆睡アーティファクト,
13183,エヘクトルリーズ,
13184,エヘクトルグラウ,
13185,エヘクトルワール,
13186,エヘクトルワスター,
13187,ネーロデスティ,
13188,バレンティ,
13189,キーンバレンティ,
13190,バレンティ＝テリオ,
13191,バレンティ＝アルテ,
13192,フォルティジャルム,
13193,バルザガポワニール,
13194,バルザガキジャル,
13195,リートスドルフ,
13196,リートスヴェーク,
13197,ツーファルポワニール,
13198,バルザガキリッター,
13199,バルザガティオー,
13200,リートスゲーネン,
13201,リートスゲスライ,
13202,ツーファルキリッター,
13203,バルザガペリファー,
13204,バルザガファーニャ,
13205,リートスヴンシュ,
13206,リートスグリュク,
13207,ツーファルペリファー,
13208,ツーファルヴィゴーレ,
13209,グロスヴォーレ,
13210,リーラリクシス,
13211,デスターウィオラ,
13212,ブラウバンカー,
13213,ペイルエスター,
13214,オーロアルム,
13215,ゴルディアンクラーク,
13216,メランルーブラ,
13217,ノワルディート,
13218,ロートブレイカー,
13219,クリムゾンステーク,
13220,スミス＝デュオ,
13221,シュテルケロッドⅠ,
13222,シュテルケロッドⅡ,
13223,シュテルケロッドⅢ,
13224,シュテルケロッドⅣ,
13225,オツェアロッド,
13226,シフファーロッド,
13227,ザイチュンⅠ,
13228,ザイチュンⅡ,
13229,ザイチュンⅢ,
13230,ザイチュンⅣ,
13231,シャクバンジェ,
13232,シャクインカーネ,
13233,レーベンタープⅠ,
13234,レーベンタープⅡ,
13235,レーベンタープⅢ,
13236,レーベンタープⅣ,
13237,ソルエーチ,
13238,ソルワールト,
13239,カシームⅠ,
13240,カシームⅡ,
13241,カシームⅢ,
13242,カシームⅣ,
13243,レクディー,
13244,シンフォディー,
13245,カノーランツェⅠ,
13246,カノーランツェⅡ,
13247,カノーランツェⅢ,
13248,カノーランツェⅣ,
13249,フェリチターシ,
13250,ビヤンネートル,
13251,サラドリⅠ,
13252,サラドリⅡ,
13253,サラドリⅢ,
13254,サラドリⅣ,
13255,シャッツトゥール,
13256,スィサトゥール,
13257,ラドゥ・ロクス,
13258,ラドゥ・ランヴォ,
13259,フェーリ・ヒルス,
13260,ラエティ・ヒルス,
13261,デススクリーム,
13262,フェイタルスタップ,
13263,カオティックロウ,
13264,フォーリナー,
13265,幻雷烈鎚【天疾雷】,
13266,翠水竜槍レブマス,
13267,翠水竜銃槍イストーク,
13268,覇皇刀ザンカムトルム,
13269,覇皇爪テラカムトルム,
13270,セロヴィセロ,
13271,セロヴィウノ,
13272,セロヴィセロフロン,
13273,奇面案山子,
13274,奇面案山子【朋友】,
13275,奇面案山子【相棒】,
13276,シャークプリンス,
13277,シャークキング,
13278,シャークカイザー,
13279,黒角ジュバール,
13280,黒角アシュワロ,
13281,黒角トゥーフェリ,
13282,怒貌鎚【立腹】,
13283,怒貌獄鎚【怒気】,
13284,怒貌獄鎚【忿怒】,
13285,怒貌獄鎚【激高】,
13286,怒貌烈鎚【激憤】,
13287,怒貌始鎚【憤慨】,
13288,極怒貌鎚ツォルン,
13289,怒貌槍【熱意】,
13290,怒貌獄槍【熱血】,
13291,怒貌獄槍【熱誠】,
13292,怒貌獄槍【熱気】,
13293,怒貌烈槍【熱心】,
13294,怒貌始槍【熱烈】,
13295,極怒貌槍グニエフ,
13296,怒貌銃槍【毒毒】,
13297,怒貌獄銃槍【大毒】,
13298,怒貌獄銃槍【猛毒】,
13299,怒貌獄銃槍【劇毒】,
13300,怒貌烈銃槍【激毒】,
13301,怒貌始銃槍【極毒】,
13302,極怒貌銃槍スイモス,
13303,ヒッツェ・ヴァッフェ,
13304,ボンベ・ヴァッフェ,
13305,トルペド・ヴァッフェ,
13306,クーゲル・ヴァッフェ,
13307,白一角ソリュドム,
13308,白一角ウェフダー,
13309,白一角アスプロ,
13310,フロムヘル,
13311,マスクオブサニティ,
13312,ブレイクザチェインズ,
13313,ネヴァーワールド,
13314,ペインキラー,
13315,シックスパウンダー,
13316,ヘレティックアンセム,
13317,イーグルハート,
13318,カルマ,
13319,サイレントスクリーム,
13320,リビングデッドビート,
13321,ダイアボリカル,
13322,レネゲイド,
13323,スターフォール,
13324,ヴィレドペルタ,
13325,ヴィレファルテ,
13326,ルストアフスト,
13327,ルストフロイデ,
13328,ヘルトドペルタ,
13329,ヴィレレヴィエ,
13330,ヴィレリエーズ,
13331,ルストランケ,
13332,ルストムート,
13333,ヘルトレヴィエ,
13334,ヴィレホーン,
13335,ヴィレキール,
13336,ルストエーデル,
13337,ルストクーア,
13338,ヘルトホーン,
13339,ヴィレエンブス,
13340,ヴィレエンベスト,
13341,ルストヴュステ,
13342,ルストブルート,
13343,ヘルトエンブス,
13344,ホワイトワイズ,
13345,ホワイトワイズ【穏】,
13346,ホワイトワイズ【発】,
13347,ホワイトワイズ【励】,
13348,ホワイトワイズ【跳】,
13349,奇王双,
13350,奇王双【刺裂】,
13351,奇王双【穿裂】,
13352,奇王双【崩裂】,
13353,奇王双【秘裂】,
13354,しろしろハウス,
13355,しろしろメゾン,
13356,くろくろハウス,
13357,くろくろメゾン,
13358,マーベリックハウス,
13359,マーベリックメゾン,
13360,ゴールドセキュア,
13361,ゴールドソリッド,
13362,シルバーセキュア,
13363,シルバーソリッド,
13364,ブロンズセキュア,
13365,ブロンズソリッド,
13366,ガラティーン,
13367,神剣ガラティーン,
13368,ラテジア,
13369,ラテアタック,
13370,ラテアサルト,
13371,ラテブレイク,
13372,ラテヴィクトリー,
13373,レ・ミリタリス,
13374,レ・カタプシス,
13375,エトトラ,
13376,エトアタック,
13377,エトアサルト,
13378,エトブレイク,
13379,エトヴィクトリー,
13380,ノ・シェンタ,
13381,ノ・ネサンス,
13382,ポレミカ,
13383,ドミカ,
13384,アルテス,
13385,リヴォル,
13386,熾凍運命ノ刀・壱,
13387,熾凍運命ノ刀・弐,
13388,熾凍運命ノ刀・参,
13389,熾凍運命ノ刀・肆,
13390,熾凍運命ノ刀・伍,
13391,熾凍運命ノ刀・陸,
13392,熾凍運命ノ刀・最果,
13393,熾凍因果ノ刀・壱,
13394,熾凍因果ノ刀・弐,
13395,熾凍因果ノ刀・参,
13396,熾凍因果ノ刀・肆,
13397,熾凍因果ノ刀・伍,
13398,熾凍因果ノ刀・陸,
13399,熾凍因果ノ刀・最果,
13400,熾凍終焉ノ鎚・壱,
13401,熾凍終焉ノ鎚・弐,
13402,熾凍終焉ノ鎚・参,
13403,熾凍終焉ノ鎚・肆,
13404,熾凍終焉ノ鎚・伍,
13405,熾凍終焉ノ鎚・陸,
13406,熾凍終焉ノ鎚・最果,
13407,熾凍終局ノ鎚・壱,
13408,熾凍終局ノ鎚・弐,
13409,熾凍終局ノ鎚・参,
13410,熾凍終局ノ鎚・肆,
13411,熾凍終局ノ鎚・伍,
13412,熾凍終局ノ鎚・陸,
13413,熾凍終局ノ鎚・最果,
13414,ロンギヌスの槍Ⅰ,
13415,ロンギヌスの槍Ⅱ,
13416,ロンギヌスの槍Ⅲ,
13417,ロンギヌスの槍Ⅳ,
13418,ロンギヌスの槍Ⅴ,
13419,ロンギヌスの槍Ⅵ,
13420,プログ・ナイフⅠ,
13421,プログ・ナイフⅡ,
13422,プログ・ナイフⅢ,
13423,プログ・ナイフⅣ,
13424,プログ・ナイフⅤ,
13425,プログ・ナイフⅥ,
13426,カウンターソードⅠ,
13427,カウンターソードⅡ,
13428,カウンターソードⅢ,
13429,カウンターソードⅣ,
13430,カウンターソードⅤ,
13431,カウンターソードⅥ,
13432,セクタンデュオゼーレ,
13433,セクタンデュオフルス,
13434,グローセスベルク,
13435,メッサーシュトラーセ,
13436,ブルタルトレイス,
13437,ホーリーアンガー,
13438,ドレッドノートタロン,
13439,ディストートロア,
13440,ブレウクロッソⅠ,
13441,ブレウクロッソⅡ,
13442,ブレウクロッソⅢ,
13443,ブレウクロッソⅣ,
13444,ブレウクロッソⅤ,
13445,アスプクロッソⅠ,
13446,アスプクロッソⅡ,
13447,アスプクロッソⅢ,
13448,アスプクロッソⅣ,
13449,アスプクロッソⅤ,
13450,グラウクロッソⅠ,
13451,グラウクロッソⅡ,
13452,グラウクロッソⅢ,
13453,グラウクロッソⅣ,
13454,グラウクロッソⅤ,
13455,マヴロクロッソⅠ,
13456,マヴロクロッソⅡ,
13457,マヴロクロッソⅢ,
13458,マヴロクロッソⅣ,
13459,マヴロクロッソⅤ,
13460,モーヴクロッソⅠ,
13461,モーヴクロッソⅡ,
13462,モーヴクロッソⅢ,
13463,モーヴクロッソⅣ,
13464,モーヴクロッソⅤ,
13465,ローズクロッソⅠ,
13466,ローズクロッソⅡ,
13467,ローズクロッソⅢ,
13468,ローズクロッソⅣ,
13469,ローズクロッソⅤ,
13470,コキノクロッソⅠ,
13471,コキノクロッソⅡ,
13472,コキノクロッソⅢ,
13473,コキノクロッソⅣ,
13474,コキノクロッソⅤ,
13475,ラシノクロッソⅠ,
13476,ラシノクロッソⅡ,
13477,ラシノクロッソⅢ,
13478,ラシノクロッソⅣ,
13479,ラシノクロッソⅤ,
13480,ヴィニエクロッソンⅠ,
13481,ヴィニエクロッソンⅡ,
13482,ヴィニエクロッソンⅢ,
13483,ヴィニエクロッソンⅣ,
13484,ヴィニエクロッソンⅤ,
13485,聖剣エクスカリバー,
13486,魔杭カドゥケウス,
13487,恐龍瞬滅鎌【絶】,
13488,エヒートマグマ,
13489,ニャクーチョー【歌】,
13490,パティチア,
13491,改爆狼双剣【シャク】,
13492,改パンキークラッシュ,
13493,改極雷槍【黒式尉】,
13494,改ダードピティレ,
13495,マスターオデッセイ,
13496,スノークイーン,
13497,ミューズの唄【謳歌】,
13498,ロートフォマロ,
13499,ファーゴーヘル,
13500,奇王刀【神舞】,
13501,シュトルムマヒート,
13502,シュトルムメッサ,
13503,シュトルムカピール,
13504,シュトルムアーヴ,
13505,アイリューシカ,
13506,アイリューシカ改,
13507,福福アイリューシカ,
13508,ダミー,
13509,王剣シツライ,
13510,王牙剣【折雷】,
13511,真・王牙剣【天賦】,
13512,王双刃ハタタカミ,
13513,王牙双刃【土雷】,
13514,真・王牙双刃【天業】,
13515,王大剣フウライ,
13516,王牙大剣【黒雷】,
13517,真・王牙大剣【一天】,
13518,王刀ライキリ,
13519,王牙刀【伏雷】,
13520,真・王牙刀【天威】,
13521,王鎚カミナリ,
13522,王牙鎚【大雷】,
13523,真・王牙鎚【破天】,
13524,王琴トドロキ,
13525,王牙琴【鳴雷】,
13526,真・王牙琴【天禄】,
13527,王槍テンライ,
13528,王牙槍【若雷】,
13529,真・王牙槍【天衝】,
13530,王銃槍ゴウライ,
13531,王牙銃槍【火雷】,
13532,真・王牙銃槍【震天】,
13533,王牙棍【雷公】,
13534,真・王牙棍【天涯】,
13535,砲モロコシ,
13536,砲モロコシ改,
13537,大砲モロコシ,
13538,ガイアスプ,
13539,ノルド＝ガイアルク,
13540,ガイア＝オリジオン,
13541,チュクチュク,
13542,ウォガウォガ,
13543,戦輪刀ジャロジャロ,
13544,浮峰大剣【麓】,
13545,浮峰大剣【峰】,
13546,浮峰大剣【高嶺】,
13547,浮峰大剣【銀嶺】,
13548,浮峰大剣【翠嶺】,
13549,浮峰大剣【主峰】,
13550,浮峰笛【唐紅】,
13551,浮峰笛【浅緋】,
13552,浮峰笛【紅藤】,
13553,浮峰笛【錆朱】,
13554,浮峰笛【弁柄】,
13555,浮峰笛【滅赤】,
13556,浮峰剣【秋陰】,
13557,浮峰剣【錦秋】,
13558,浮峰剣【秋暁】,
13559,浮峰剣【秋蝉】,
13560,浮峰剣【残秋】,
13561,浮峰剣【金秋】,
13562,フロルオーレ,
13563,ネグルドシュラ,
13564,緋猛始剣【真空】,
13565,弩岩始剣【閃滅斬】,
13566,ネグルドエオニオ,
13567,怒髪獄双乱【愛武勇】,
13568,バレナピリア,
13569,弩岩始大剣【滅何断】,
13570,バレナオノス,
13571,殻王烈刀【究鋼】,
13572,殻王始刀【絶鋼】,
13573,浮岳烈槌【流星群】,
13574,浮岳始槌【星雲団】,
13575,怒髪獄大鎚【極波浪】,
13576,弩岩始槌【絶塵砕】,
13577,フロルルディ,
13578,緋猛始笛【激奏打】,
13579,弩岩始笛【激奏打】,
13580,フロルハーディ,
13581,バレナフォニア,
13582,怒髪始閃槍【神無月】,
13583,弩岩始槍【煉獄突】,
13584,フロルツヴェート,
13585,バレナマルチャ,
13586,弩岩始銃槍【激放撃】,
13587,フロルベネノ,
13588,ネグルドリュミル,
13589,改天翔剣【蒼穹】,
13590,改スパイククーペ,
13591,改シーラクルザンナ,
13592,改ダードグラオ,
13593,改凍テツク時ヲ熾獣槍,
13594,ベルセルクソード,
13595,アングイッシュ,
13596,ネロ＝アングイッシュ,
13597,クルーエルペイン,
13598,カラミティペイン,
13599,ネロ＝カラミティ,
13600,憤怒の双刃,
13601,ラースプレデター,
13602,ネロ＝ラース,
13603,混沌の鎚,
13604,カオスラッシュ,
13605,ネロ＝カオス,
13606,悲哀の重槍,
13607,アトロシスタワー,
13608,ネロ＝アトロシス,
13609,愚欲の銃槍,
13610,暴銃槍グラグリード,
13611,ネロ＝グリード,
13612,ロブホープ,
13613,ネロ＝ディスペア,
13614,ディオスエッジ,
13615,爆砕の裂剣,
13616,破岩剣デストルクジオ,
13617,ディオスライサー,
13618,爆砕の双刃,
13619,破岩双刃アルコバレノ,
13620,ディオスブレイド,
13621,爆砕の大剣,
13622,破岩大剣ディオホコリ,
13623,ディオスソード,
13624,爆砕の太刀,
13625,破岩刀ホムラ,
13626,ディオステイル,
13627,爆砕の破鎚,
13628,破岩鎚ノヴァジオ,
13629,ディオスベル,
13630,爆砕の壊鈴,
13631,破岩鈴イエログラフ,
13632,ディオスティンガー,
13633,爆砕の豪槍,
13634,破岩槍ブラキディオス,
13635,ディオスガンランス,
13636,爆砕の銃槍,
13637,破岩銃槍ズヴォルタ,
13638,爆砕の滅棍,
13639,破岩棍インフィール,
13640,改天翔大剣,
13641,改天熾シ凍土ニ咲ク刃,
13642,改ゼーゲロングホーン,
13643,改極・闇黒邪龍銃槍,
13644,改ボン・ジャロ,
13645,ヴォルリップル,
13646,バナウェイティブ,
13647,紅炎刃【焔】,
13648,クリムゾンアート,
13649,ブリエ・シュエ,
13650,ブリエ・ロンデ,
13651,ブリエ・ミラ,
13652,ブリエ・エグル,
13653,ブリエ・ペレラ,
13654,ブリエ・フォコン,
13655,トリドイクシリオ,
13656,ブリエ・リッド,
13657,ブリエ・フルー,
13658,ブリエ・ヴァーグ,
13659,ブリエ・トルブ,
13660,ブリエ・トラン,
13661,ブリエ・サージ,
13662,トリドレヴォルト,
13663,ブリエ・カーム,
13664,ブリエ・ブリーズ,
13665,ブリエ・ヴァン,
13666,ブリエ・クード,
13667,ブリエ・ラファール,
13668,ブリエ・テンペ,
13669,トリドクルセイド,
13670,ブリエ・シーニュ,
13671,ブリエ・エロン,
13672,ブリエ・イービス,
13673,トリドリベリオン,
13674,カクトスドレング,
13675,カクトスジェニー,
13676,エバースリーパー,
13677,ナルコチャルメラ,
13678,ホワイトウィング,
13679,クロスブリード,
13680,グレイヴェルノ,
13681,グラスヴァルティー,
13682,ニヴルブリザード,
13683,ニヴルブリザード改,
13684,凍刻みブリザレイド,
13685,アイシクルファング,
13686,アイシクルファング改,
13687,グラシュバリエ,
13688,グィロスト,
13689,グィロティスカ,
13690,グィロ＝フリギドゥス,
13691,トゥースランス,
13692,トゥースランス改,
13693,セイバートゥース,
13694,フロシュステラ,
13695,フロシュガラクシア,
13696,改ゼーゲトゥース,
13697,改ミルト・テュレイラ,
13698,改爆狼笛【ユウガ】,
13699,改獄・紅魔邪龍棍,
13700,ダガダイアⅠ,
13701,ダガダイアⅡ,
13702,ダガダイアⅢ,
13703,ダガダイアⅣ,
13704,ダガローゼン,
13705,ダガロイアル,
13706,スペランスⅠ,
13707,スペランスⅡ,
13708,スペランスⅢ,
13709,スペランスⅣ,
13710,スペディス,
13711,スペリアルホープ,
13712,クロリズミルⅠ,
13713,クロリズミルⅡ,
13714,クロリズミルⅢ,
13715,クロリズミルⅣ,
13716,クロクロハピネ,
13717,クロクロラクス,
13718,ジェスター,
13719,ジェスタークラウン,
13720,ヴォルガベル,
13721,ヴォルガヴァーチ,
13722,ヴォルガンヒッツェ,
13723,ウインドイーター,
13724,ソニックイーター,
13725,ゼファー,
13726,タチウオノタチ,
13727,鮮刀ハクナギ,
13728,特鮮太刀ウオノカミ,
13729,オスクリ・エペ,
13730,オスクリ・スパーダ,
13731,オスクリ・エスパダ,
13732,オスクリ・セイフ,
13733,オスクリ・イスパダ,
13734,オスタルティブ,
13735,オスティティア,
13736,ルスクリ・エペ,
13737,ルスクリ・スパーダ,
13738,ルスクリ・エスパダ,
13739,ルスクリ・セイフ,
13740,ルスクリ・イスパダ,
13741,ルスタルティブ,
13742,ルスティティア,
13743,ベギア,
13744,ベギア・メガロ,
13745,バレンティア,
13746,バレンティア・メガロ,
13747,千歳神楽【壱式】,
13748,千歳神楽【弐式】,
13749,千歳神楽【参式】,
13750,千歳神楽【肆式】,
13751,千歳神楽【伍式】,
13752,千歳神楽【舞式】,
13753,千歳神楽【春ノ舞】,
13754,玉響神楽【壱式】,
13755,玉響神楽【弐式】,
13756,玉響神楽【参式】,
13757,玉響神楽【肆式】,
13758,玉響神楽【伍式】,
13759,玉響神楽【舞式】,
13760,玉響神楽【春ノ舞】,
13761,カシウスの槍Ⅰ,
13762,カシウスの槍Ⅱ,
13763,カシウスの槍Ⅲ,
13764,カシウスの槍Ⅳ,
13765,カシウスの槍Ⅴ,
13766,カシウスの槍Ⅵ,
13767,サンダースピアⅠ,
13768,サンダースピアⅡ,
13769,サンダースピアⅢ,
13770,サンダースピアⅣ,
13771,サンダースピアⅤ,
13772,サンダースピアⅥ,
13773,Ｎ２ミサイルⅠ,
13774,Ｎ２ミサイルⅡ,
13775,Ｎ２ミサイルⅢ,
13776,Ｎ２ミサイルⅣ,
13777,Ｎ２ミサイルⅤ,
13778,Ｎ２ミサイルⅥ,
13779,アズゥバロンⅠ,
13780,アズゥバロンⅡ,
13781,アズゥバロンⅢ,
13782,アズゥバロンⅣ,
13783,バロン・ヴォルケ,
13784,ダミー,
13785,バイセバロンⅠ,
13786,バイセバロンⅡ,
13787,バイセバロンⅢ,
13788,バイセバロンⅣ,
13789,プラサバロン,
13790,ダミー,
13791,ヴェルデバロンⅠ,
13792,ヴェルデバロンⅡ,
13793,ヴェルデバロンⅢ,
13794,ヴェルデバロンⅣ,
13795,オアシバロン,
13796,ダミー,
13797,ヘイセバロンⅠ,
13798,ヘイセバロンⅡ,
13799,ヘイセバロンⅢ,
13800,ダミー,
13801,ダミー,
13802,ダミー,
13803,ダミー,
13804,ダミー,
13805,ダミー,
13806,ダミー,
13807,ダミー,
13808,ダミー,
13809,ダミー,
13810,ダミー,
13811,ダミー,
13812,ダミー,
13813,ダミー,
13814,ダミー,
13815,ダミー,
13816,ダミー,
13817,ダミー,
13818,ダミー,
13819,ダミー,
13820,ダミー,
13821,ダミー,
13822,ダミー,
13823,ダミー,
13824,ダミー,
13825,ダミー,
13826,ダミー,
13827,ダミー,
13828,ダミー,
13829,ダミー,
13830,ダミー,
13831,ダミー,
13832,ダミー,
13833,ダミー,
13834,ダミー,
13835,ダミー,
13836,ダミー,
13837,ダミー,
13838,ダミー,
13839,ダミー,
13840,ダミー,
13841,ダミー,
13842,ダミー,
13843,ダミー,
13844,ダミー,
13845,ダミー,
13846,ダミー,
13847,ダミー,
13848,ダミー,
13849,ダミー,
13850,ダミー,
13851,ダミー,
13852,ダミー,
13853,ダミー,
13854,ダミー,
13855,ダミー,
13856,ダミー,
13857,ダミー,
13858,ダミー,
13859,ダミー,
13860,ダミー,
13861,ダミー,
13862,ダミー,
13863,ダミー,
13864,ダミー,
13865,ダミー,
13866,ダミー,
13867,ダミー,
13868,ダミー,
13869,ダミー,
13870,ダミー,
13871,ダミー,
13872,ダミー,
13873,ダミー,
13874,ダミー,
13875,ダミー,
13876,ダミー,
13877,ダミー,
13878,ダミー,
13879,ダミー,
13880,ダミー,
13881,ダミー,
13882,ダミー,
13883,ダミー,
13884,ダミー,
13885,ダミー,
13886,ダミー,
13887,ダミー,
13888,ダミー,
13889,ダミー,
13890,ダミー,
13891,ダミー,
13892,ダミー,
13893,ダミー,
13894,ダミー,
13895,ダミー,
13896,ダミー,
13897,ダミー,
13898,ダミー,
13899,ダミー,
13900,ダミー,
13901,ダミー,
13902,ダミー,
13903,ダミー,
13904,ダミー,
13905,ダミー,
13906,ダミー,
13907,ダミー,
13908,ダミー,
13909,ダミー,
13910,ダミー,
13911,ダミー,
13912,ダミー,
13913,ダミー,
13914,ダミー,
13915,ダミー,
13916,ダミー,
13917,ダミー,
13918,ダミー,
13919,ダミー,
13920,ダミー,
13921,ダミー,
13922,ダミー,
13923,ダミー,
13924,ダミー,
13925,ダミー,
13926,ダミー,
13927,ダミー,
13928,ダミー,
13929,ダミー,
13930,ダミー,
13931,ダミー,
13932,ダミー,
13933,ダミー,
13934,ダミー,
13935,ダミー,
13936,ダミー,
13937,ダミー,
13938,ダミー,
13939,ダミー,
13940,ダミー,
13941,ダミー,
13942,ダミー,
13943,ダミー,
13944,ダミー,
13945,ダミー,
13946,ダミー,
13947,ダミー,
13948,ダミー,
13949,ダミー,
13950,ダミー,
13951,ダミー,
13952,ダミー,
13953,ダミー,
13954,ダミー,
13955,ダミー,
13956,ダミー,
13957,ダミー,
13958,ダミー,
13959,ダミー,
13960,ダミー,
13961,ダミー,
13962,ダミー,
13963,ダミー,
13964,ダミー,
13965,ダミー,
13966,ダミー,
13967,ダミー,
13968,ダミー,
13969,ダミー,
13970,ダミー,
13971,ダミー,
13972,ダミー,
13973,ダミー,
13974,ダミー,
13975,ダミー,
13976,ダミー,
13977,ダミー,
13978,ダミー,
13979,ダミー,
13980,ダミー,
13981,ダミー,
13982,ダミー,
13983,ダミー,
13984,ダミー,
13985,ダミー,
13986,ダミー,
13987,ダミー,
13988,ダミー,
13989,ダミー,
13990,ダミー,
13991,ダミー,
13992,ダミー,
13993,ダミー,
13994,ダミー,
13995,ダミー,
13996,ダミー,
13997,ダミー,
13998,ダミー,
13999,ダミー,
14000,ダミー,
14001,ヘイセバロンⅣ,
14002,スコタディバロン,
14003,ダミー,
14004,ズセバロンⅠ,
14005,ズセバロンⅡ,
14006,ズセバロンⅢ,
14007,ズセバロンⅣ,
14008,ザハラバロン,
14009,ダミー,
14010,ロズバロンⅠ,
14011,ロズバロンⅡ,
14012,ロズバロンⅢ,
14013,ロズバロンⅣ,
14014,マドンナバロン,
14015,ダミー,
14016,ホンバロンⅠ,
14017,ホンバロンⅡ,
14018,ホンバロンⅢ,
14019,ホンバロンⅣ,
14020,フォシンバロン,
14021,ダミー,
14022,アクダルバロンⅠ,
14023,アクダルバロンⅡ,
14024,アクダルバロンⅢ,
14025,アクダルバロンⅣ,
14026,コリナバロン,
14027,ダミー,
14028,アイスバロンⅠ,
14029,アイスバロンⅡ,
14030,アイスバロンⅢ,
14031,アイスバロンⅣ,
14032,ラーゴバロン,
14033,ダミー,
14034,パローネソードⅠ,
14035,パローネソードⅡ,
14036,パローネソードⅢ,
14037,パローネ鋭剣,
14038,パローネエッジⅠ,
14039,パローネエッジⅡ,
14040,パローネエッジⅢ,
14041,パローネ裂双,
14042,パローネブレイドⅠ,
14043,パローネブレイドⅡ,
14044,パローネブレイドⅢ,
14045,パローネ極剣,
14046,パローネ刀Ⅰ,
14047,パローネ刀Ⅱ,
14048,パローネ刀Ⅲ,
14049,パローネ絶刀,
14050,パローネハンマーⅠ,
14051,パローネハンマーⅡ,
14052,パローネハンマーⅢ,
14053,パローネ破槌,
14054,パローネパイプⅠ,
14055,パローネパイプⅡ,
14056,パローネパイプⅢ,
14057,パローネ響笛,
14058,パローネランスⅠ,
14059,パローネランスⅡ,
14060,パローネランスⅢ,
14061,パローネ豪槍,
14062,パローネ銃槍Ⅰ,
14063,パローネ銃槍Ⅱ,
14064,パローネ銃槍Ⅲ,
14065,パローネ爆槍,
14066,パローネ殴棍,
14067,ガウニャメリー,
14068,ガウニャメリック,
14069,ガウニャメリックス,
14070,ガウニャメリグマー,
14071,ガウニャメリグマス,
14072,羽子板笛,
14073,羽子板笛【舐】,
14074,羽子板笛【咬】,
14075,羽子板笛【吸】,
14076,羽子板笛【快】,
14077,シャルマンシュクレ,
14078,シャルマンドゥー,
14079,シャルマンドーセ,
14080,シャルマンドゥルセ,
14081,シャルマンドルチェ,
14082,ビョーブレイド,
14083,ビョーブレイド【彩】,
14084,ビョーブレイド【飾】,
14085,ビョーブレイド【嬉】,
14086,ビョーブレイド【讃】,
14087,スイーツフレイム,
14088,スイーツフレイム改,
14089,スイーツブレイズ,
14090,スイーツブレイズ改,
14091,スイーツインフェルノ,
14092,ヘクサークスフ,
14093,ヘクサーシフォス,
14094,グリューンディンゲ,
14095,グリューンヴェルト,
14096,ゾイレクスフ,
14097,ヘクサーマルト,
14098,ヘクサーマテリヨ,
14099,グリューンブラット,
14100,グリューンシュタム,
14101,ゾイレマルト,
14102,ヘクサーファーブラ,
14103,ヘクサープエリーリス,
14104,グリューンブリュケ,
14105,グリューンカナール,
14106,ゾイレファーブラ,
14107,ヘクサーメタリエ,
14108,ヘクサーメテリノ,
14109,グリューンヴェステ,
14110,グリューンタール,
14111,ゾイレメタリエ,
14112,ヘクサーオプグナー,
14113,ヘクサーグナティオ,
14114,グリューントーア,
14115,グリューンテューア,
14116,ゾイレオプグナー,
14117,クリーママルト,
14118,クリーマクスフ,
14119,クリーマメタリエ,
14120,クリーマポワニール,
14121,クリーマキリッター,
14122,クリーマペリファー,
14123,クリーマファーブラ,
14124,クリーマオプグナー,
14125,クリーマヴィゴーレ,
14126,ウルキーフローレス,
14127,ドラグスパイラル,
14128,光閃【新緑】,
14129,光閃【早緑】,
14130,光閃【若緑】,
14131,光閃【萌緑】,
14132,光閃【映緑】,
14133,光閃【深緑】,
14134,クリムセーバー,
14135,ヴラドセーバー,
14136,スカーレットセーバー,
14137,光閃【静流】,
14138,光閃【流】,
14139,光閃【澄流】,
14140,光閃【清流】,
14141,光閃【青】,
14142,光閃【蒼】,
14143,光閃【蒼天】,
14144,ブライトセーバー,
14145,ライトニングセーバー,
14146,ブリリアントセーバー,
14147,黒ノ光刀,
14148,暗ノ光刀,
14149,影ノ光刀,
14150,闇ノ光刀,
14151,闇黒ノ光刀,
14152,冥闇ノ光刀,
14153,マギ・ビクトリア,
14154,マギ・サキュレ,
14155,マギ・ピエタ,
14156,マギ・リシェス,
14157,マギ・ダンク,
14158,マギ・オニロ,
14159,マギ・コラソン,
14160,マギ・ヴェリッタ,
14161,マギ・プリュト,
14162,ロウ・ビクトリア,
14163,ロウ・リシェス,
14164,ロウ・ピエタ,
14165,ロウ・ダンク,
14166,ロウ・オニロ,
14167,ロウ・コラソン,
14168,真大蛇ノ剣【燦然】,
14169,真大蛇ノ剣【絢爛】,
14170,真大蛇ノ剣【煌然】,
14171,真大蛇ノ剣【玲瓏】,
14172,真大蛇ノ双剣【燦然】,
14173,真大蛇ノ双剣【絢爛】,
14174,真大蛇ノ双剣【煌然】,
14175,真大蛇ノ双剣【玲瓏】,
14176,真大蛇ノ大鉈【燦然】,
14177,真大蛇ノ大鉈【絢爛】,
14178,真大蛇ノ大鉈【煌然】,
14179,真大蛇ノ大鉈【玲瓏】,
14180,真大蛇ノ太刀【燦然】,
14181,真大蛇ノ太刀【絢爛】,
14182,真大蛇ノ太刀【煌然】,
14183,真大蛇ノ太刀【玲瓏】,
14184,真大蛇ノ鎚【燦然】,
14185,真大蛇ノ鎚【絢爛】,
14186,真大蛇ノ鎚【煌然】,
14187,真大蛇ノ鎚【玲瓏】,
14188,真大蛇ノ笛【燦然】,
14189,真大蛇ノ笛【絢爛】,
14190,真大蛇ノ笛【煌然】,
14191,真大蛇ノ笛【玲瓏】,
14192,真大蛇ノ鉾【燦然】,
14193,真大蛇ノ鉾【絢爛】,
14194,真大蛇ノ鉾【煌然】,
14195,真大蛇ノ鉾【玲瓏】,
14196,真大蛇ノ銃槍【燦然】,
14197,真大蛇ノ銃槍【絢爛】,
14198,真大蛇ノ銃槍【煌然】,
14199,真大蛇ノ銃槍【玲瓏】,
14200,大蛇ノ舞棍,
14201,真大蛇ノ舞棍【燦然】,
14202,真大蛇ノ舞棍【絢爛】,
14203,真大蛇ノ舞棍【煌然】,
14204,真大蛇ノ舞棍【玲瓏】,
14205,巨蟹鋭剣帝氷【燦然】,
14206,巨蟹鋭剣帝氷【絢爛】,
14207,巨蟹鋭剣剛雷【燦然】,
14208,巨蟹鋭剣剛雷【絢爛】,
14209,獅子王剣天水【燦然】,
14210,獅子王剣天水【絢爛】,
14211,獅子王剣華火【燦然】,
14212,獅子王剣華火【絢爛】,
14213,闇崩護剣天氷【燦然】,
14214,闇崩護剣天氷【絢爛】,
14215,闇崩護剣剛雷【燦然】,
14216,闇崩護剣剛雷【絢爛】,
14217,双宝幻剣天氷【燦然】,
14218,双宝幻剣天氷【絢爛】,
14219,双宝幻剣剛雷【燦然】,
14220,双宝幻剣剛雷【絢爛】,
14221,双魚皇剣帝水【燦然】,
14222,双魚皇剣帝水【絢爛】,
14223,双魚皇剣華火【燦然】,
14224,双魚皇剣華火【絢爛】,
14225,双夢裂剣天氷【燦然】,
14226,双夢裂剣天氷【絢爛】,
14227,双夢裂剣剛雷【燦然】,
14228,双夢裂剣剛雷【絢爛】,
14229,天秤封剣天氷【燦然】,
14230,天秤封剣天氷【絢爛】,
14231,天秤封剣剛雷【燦然】,
14232,天秤封剣剛雷【絢爛】,
14233,極星大剣帝水【燦然】,
14234,極星大剣帝水【絢爛】,
14235,極星大剣華火【燦然】,
14236,極星大剣華火【絢爛】,
14237,蛇遣奇刀天氷【燦然】,
14238,蛇遣奇刀天氷【絢爛】,
14239,蛇遣奇刀剛雷【燦然】,
14240,蛇遣奇刀剛雷【絢爛】,
14241,散影斬刀帝水【燦然】,
14242,散影斬刀帝水【絢爛】,
14243,散影斬刀華火【燦然】,
14244,散影斬刀華火【絢爛】,
14245,宝瓶破鎚帝水【燦然】,
14246,宝瓶破鎚帝水【絢爛】,
14247,宝瓶破鎚華火【燦然】,
14248,宝瓶破鎚華火【絢爛】,
14249,砕塊豪鎚天氷【燦然】,
14250,砕塊豪鎚天氷【絢爛】,
14251,砕塊豪鎚剛雷【燦然】,
14252,砕塊豪鎚剛雷【絢爛】,
14253,乙女妃笛帝水【燦然】,
14254,乙女妃笛帝水【絢爛】,
14255,乙女妃笛華火【燦然】,
14256,乙女妃笛華火【絢爛】,
14257,双叉響笛天氷【燦然】,
14258,双叉響笛天氷【絢爛】,
14259,双叉響笛剛雷【燦然】,
14260,双叉響笛剛雷【絢爛】,
14261,白羊旋槍天氷【燦然】,
14262,白羊旋槍天氷【絢爛】,
14263,白羊旋槍剛雷【燦然】,
14264,白羊旋槍剛雷【絢爛】,
14265,磨羯獣槍帝水【燦然】,
14266,磨羯獣槍帝水【絢爛】,
14267,磨羯獣槍華火【燦然】,
14268,磨羯獣槍華火【絢爛】,
14269,金牛銃槍天氷【燦然】,
14270,金牛銃槍天氷【絢爛】,
14271,金牛銃槍剛雷【燦然】,
14272,金牛銃槍剛雷【絢爛】,
14273,軌翼銃槍帝水【燦然】,
14274,軌翼銃槍帝水【絢爛】,
14275,軌翼銃槍華火【燦然】,
14276,軌翼銃槍華火【絢爛】,
14277,棘緑ノ太刀【野漆】,
14278,棘茶ノ太刀【苧環】,
14279,棘白ノ太刀【天火】,
14280,オルガアルクス,
14281,モルテアサシン,
14282,デモンズケイオス,
14283,大蛇ノ舞棍【燦然】,
14284,大蛇ノ舞棍【絢爛】,
14285,大蛇ノ舞棍【煌然】,
14286,戦龍コーーン,
14287,私の恐怖大剣・起,
14288,私の恐怖大剣・承,
14289,私の恐怖大剣・転,
14290,私の恐怖大剣・結,
14291,私の恐怖大剣,
14292,獄熱紅剣,
14293,獄熱紅剣【猛火】,
14294,獄熱紅剣【焔】,
14295,獄熱紅剣【獄炎】,
14296,獄熱紅剣【炎魔】,
14297,ダミー,
14298,ダミー,
14299,ダミー,
14300,至極冥雷刀【人来鳥】,
14301,至極冥雷剣【雷鶏】,
14302,至極冥雷大剣【春鳥】,
14303,至極冥雷笛【百千鳥】,
14304,エペダイアⅠ,
14305,エペダイアⅡ,
14306,エペダイアⅢ,
14307,エペダイアⅣ,
14308,ペペローゼン,
14309,ペペロイアル,
14310,アズランスⅠ,
14311,アズランスⅡ,
14312,アズランスⅢ,
14313,アズランスⅣ,
14314,アズディス,
14315,アズリアルホープ,
14316,ミツミルⅠ,
14317,ミツミルⅡ,
14318,ミツミルⅢ,
14319,ミツミルⅣ,
14320,ミツミルハピネ,
14321,ミツミルラックス,
14322,ピエリエット,
14323,ピエリエットクラウン,
14324,パラリル・デザト,
14325,パラリル・ヴュスト,
14326,パラリル・シャモ,
14327,パラリル・エーデ,
14328,パパラ・グーツ,
14329,パパラ・フール,
14330,デシルト・デザト,
14331,デシルト・ヴュスト,
14332,デシルト・シャモ,
14333,デシルト・エーデ,
14334,ササル・グーツ,
14335,ササル・フール,
14336,連面鎚,
14337,連面鎚【分離】,
14338,連面鎚【分割】,
14339,連面鎚【分断】,
14340,連面鎚【分裂】,
14341,凍王剣【雨氷】,
14342,凍王獄剣【細氷】,
14343,凍王獄剣【垂氷】,
14344,凍王獄剣【氷晶】,
14345,凍王烈剣【氷海】,
14346,凍王始剣【氷原】,
14347,凍王大剣【泡雪】,
14348,凍王獄大剣【粉雪】,
14349,凍王獄大剣【大雪】,
14350,凍王獄大剣【新雪】,
14351,凍王烈大剣【雪明】,
14352,凍王始大剣【雪晴】,
14353,凍王鎚【霜先】,
14354,凍王獄鎚【氷条】,
14355,凍王獄鎚【氷塵】,
14356,凍王獄鎚【氷山】,
14357,凍王烈鎚【玄冬】,
14358,凍王始鎚【凍晴】,
14359,コーレサコタディ,
14360,コーレジュゼル,
14361,コーレアリーコロ,
14362,コーレマシュット,
14363,コーレダチェーニ,
14364,コーレスビアース,
14365,コーレエザラム,
14366,コーレゲムノター,
14367,コーレクラトモーフ,
14368,ゲネシス＝ダオラ,
14369,ヴェルト＝ダオラ,
14370,クレアソン＝ダオラ,
14371,ダミー,
14372,クックココレール,
14373,クックツヴァル,
14374,クックモストロス,
14375,デゼルト・ルベル,
14376,デゼルト・コキノ,
14377,デゼルト・クレミー,
14378,デゼルト・アリコ,
14379,デゼルト・カルメル,
14380,デゼルト・ロロソ,
14381,ギガスクラブ,
14382,ギガスクラッシュ,
14383,頑剣ギレオム,
14384,グレンウォル,
14385,クラッグクリフ,
14386,断崖剣ゴライアス,
14387,ディアパゾン,
14388,ディアパゾン改,
14389,グレンフォーク,
14390,ブラスナックル,
14391,震鎚ギガス,
14392,震撃鎚グロンド・ギガ,
14393,ブラスゲニア,
14394,ギガスゲニア,
14395,巨笛ギガスゲニア,
14396,金棍オデス,
14397,金砕棍グラン・オデス,
14398,改トラグ・セール,
14399,改トラグ・アーラ,
14400,改トラグ・ヴァルカン,
14401,改トラグ・メーネ,
14402,改トラグ・コーダ,
14403,幻影ノ霞払イシ片手剣,
14404,屈強ナ鋼ヲ粉砕ス双剣,
14405,屈強ナ鋼ヲ粉砕ス大剣,
14406,猛炎ヲ迎エ撃ツ太刀,
14407,猛炎ヲ迎エ撃ツ鎚,
14408,屈強ナ鋼ヲ粉砕ス笛,
14409,猛炎ヲ迎エ撃ツ槍,
14410,幻影ノ霞払イシ銃槍,
14411,幻影ノ霞払イシ穿龍棍,
14412,ピュレ・ビクトリア,
14413,ピュレ・リシェス,
14414,ピュレ・ピエタ,
14415,ピュレ・ダンク,
14416,ピュレ・オニロ,
14417,ピュレ・コラソン,
14418,ピュレ・サキュレ,
14419,ピュレ・ヴェリッタ,
14420,ピュレ・プリュト,
14421,王剣斧ライデン,
14422,王牙剣斧【裂雷】,
14423,テュランノス,
14424,滅斧グラバリタ,
14425,アンバースラッシュ,
14426,ギガゲイルフロスト,
14427,モーターバースト,
14428,猛振剣斧ギガバースト,
14429,ダミー,
14430,試作型剣斧,
14431,ダミー,
14432,ダミー,
14433,屈強ナ鋼ヲ粉砕ス剣斧,
14434,幻影ノ霞払イシ剣斧,
14435,猛炎ヲ迎エ撃ツ剣斧,
14436,劫火ヲ滅消セシ剣斧,
14437,ミミタルトンファ,
14438,ネオミミタルトンファ,
14439,デュヴェ・アクス,
14440,ネオデュヴェ・アクス,
14441,シンシュトンファ,
14442,ネオシンシュトンファ,
14443,フェザ・アクス,
14444,ネオフェザ・アクス,
14445,ヒドゥンエッジ,
14446,闇夜剣【昏冥】,
14447,無明刃【道諦】,
14448,ヒドゥガー,
14449,ヒドゥガー改,
14450,夜天連刃【黒翼】,
14451,ヒドゥンブレイズ,
14452,暗夜剣【宵闇】,
14453,無明大剣【苦諦】,
14454,ヒドゥンサーベル,
14455,ヒドゥンサーベル改,
14456,夜刀【月影】,
14457,ヒドゥンブレイカー,
14458,ヒドゥンブレイカー改,
14459,夜行槌【常闇】,
14460,ヒドゥントーン,
14461,夜笛【逢魔】,
14462,暗夜笛【黄昏時】,
14463,ヒドゥンスティンガー,
14464,暗夜槍【黒雨】,
14465,無明槍【集締】,
14466,ヒドゥンガンランス,
14467,ヒドゥンガンランス改,
14468,夜銃槍【残月】,
14469,ヒドゥンアックス,
14470,無明剣斧【滅諦】,
14471,ヒドゥントンファー,
14472,闇夜棍【漆桶】,
14473,帝征双剣,
14474,帝征双剣【王】,
14475,帝征双剣【覇者】,
14476,帝征獄双剣【君臨】,
14477,帝征烈双剣【征服】,
14478,帝征始双剣【支配】,
14479,絶帝征双剣【帝王】,
14480,帝征太刀,
14481,帝征太刀【強攻】,
14482,帝征太刀【猛攻】,
14483,帝征獄太刀【特攻】,
14484,帝征烈太刀【侵攻】,
14485,帝征始太刀【正攻】,
14486,絶帝征太刀【覇王】,
14487,帝征鎚,
14488,帝征鎚【破戒】,
14489,帝征鎚【破獄】,
14490,帝征獄鎚【不破】,
14491,帝征烈鎚【破潰】,
14492,帝征始鎚【砕破】,
14493,絶帝征鎚【大王】,
14494,電流鉄骨Ⅰ,
14495,電流鉄骨Ⅱ,
14496,電流鉄骨Ⅲ,
14497,電流鉄骨Ⅳ,
14498,電流鉄骨Ⅴ,
14499,電流鉄骨Ⅵ,
14500,限定ジャン剣Ⅰ,
14501,限定ジャン剣Ⅱ,
14502,限定ジャン剣Ⅲ,
14503,限定ジャン剣Ⅳ,
14504,限定ジャン剣Ⅴ,
14505,限定ジャン剣Ⅵ,
14506,ダミー,
14507,ダミー,
14508,ダミー,
14509,ダミー,
14510,リーリエ,
14511,リーリエ・グレイス,
14512,マルガリスⅠ,
14513,マルガリスⅡ,
14514,マルガリスⅢ,
14515,マルガリスⅣ,
14516,マルガリス・ボニニョ,
14517,マルガリス・メイニョ,
14518,チェリルⅠ,
14519,チェリルⅡ,
14520,チェリルⅢ,
14521,チェリルⅣ,
14522,チェリル・ブロト,
14523,チェリル・ブロッサム,
14524,ローザ,
14525,ローザ・パルフェ,
14526,ダミー,
14527,ダミー,
14528,ダミー,
14529,ダミー,
14530,ダミー,
14531,ダミー,
14532,ダミー,
14533,ダミー,
14534,ダミー,
14535,ダミー,
14536,ダミー,
14537,ダミー,
14538,ダミー,
14539,ダミー,
14540,ダミー,
14541,ダミー,
14542,ダミー,
14543,ダミー,
14544,キャンドルエッジ,
14545,キャンドルドリーム,
14546,キャンドルアイデアル,
14547,キャンドルハピネス,
14548,華火槍,
14549,華火槍【寸玉】,
14550,華火槍【尺玉】,
14551,ダミー,
14552,ダミー,
14553,ルレードホォン,
14554,ルレードグアン,
14555,シャロンホワフア,
14556,シャロンファグアン,
14557,ルヴァンホォン,
14558,ルレードフウァンジン,
14559,ルレードリグァン,
14560,シャロンシャン,
14561,シャロンヤンエン,
14562,ルヴァンフオファ,
14563,ルレードユンチ,
14564,ルレードミンユン,
14565,シャロンチホン,
14566,シャロンホンスー,
14567,ルヴァンホンソオ,
14568,ルレードスウミン,
14569,ルレードゲミン,
14570,シャロンションリ,
14571,シャロンゴンジ,
14572,ルヴァントゥポ,
14573,ルヴァンジペイ,
14574,ダミー,
14575,ダミー,
14576,ランツェブルノⅠ,
14577,ランツェブルノⅡ,
14578,ランツェブルノⅢ,
14579,ランツェブルノⅣ,
14580,ランツェブルノートス,
14581,ランツェアンカⅠ,
14582,ランツェアンカⅡ,
14583,ランツェアンカⅢ,
14584,ランツェアンカⅣ,
14585,ランツェアンカートス,
14586,ランツェアランⅠ,
14587,ランツェアランⅡ,
14588,ランツェアランⅢ,
14589,ランツェアランⅣ,
14590,ランツェアランテーゼ,
14591,ランツェネラⅠ,
14592,ランツェネラⅡ,
14593,ランツェネラⅢ,
14594,ランツェネラⅣ,
14595,ランツェネラートス,
14596,ランツェモーヴⅠ,
14597,ランツェモーヴⅡ,
14598,ランツェモーヴⅢ,
14599,ランツェモーヴⅣ,
14600,ランツェモーヴトス,
14601,ランツェジャロⅠ,
14602,ランツェジャロⅡ,
14603,ランツェジャロⅢ,
14604,ランツェジャロⅣ,
14605,ランツェジャロートス,
14606,ランツェロロソⅠ,
14607,ランツェロロソⅡ,
14608,ランツェロロソⅢ,
14609,ランツェロロソⅣ,
14610,ランツェロロソートス,
14611,ランツェヴァッジⅠ,
14612,ランツェヴァッジⅡ,
14613,ランツェヴァッジⅢ,
14614,ランツェヴァッジⅣ,
14615,ランツェヴァッジトス,
14616,ランツェアスルⅠ,
14617,ランツェアスルⅡ,
14618,ランツェアスルⅢ,
14619,ランツェアスルⅣ,
14620,ランツェアスルートス,
14621,ハートロングホーンⅠ,
14622,ハートロングホーンⅡ,
14623,ハートロングホーンⅢ,
14624,改トラグ・エスカー,
14625,改トラグ・フェーン,
14626,改トラグ・ローク,
14627,改トラグ・イザーム,
14628,ダミー,
14629,エンペテスカブレイド,
14630,テスカ＝クロヌ,
14631,テオ＝エクスプロード,
14632,ネブララガルト,
14633,ネブラグワオン,
14634,ネブラジェンマ,
14635,カースドオカリナ,
14636,ネブラブリュレ,
14637,ダオラ＝メチェーリ,
14638,ダオラ＝パゴス,
14639,ジェビン＝ダオラ,
14640,フリーレン＝ダオラ,
14641,アルキミア,
14642,フォール・ニヒツ,
14643,ヴォトムアクアム,
14644,ルビーノリザードⅥ,
14645,ルビーノリザードⅦ,
14646,ルビーノリザードⅧ,
14647,ルビーノスワロウⅦ,
14648,ルビーノスワロウⅧ,
14649,ルビーノスワロウⅨ,
14650,ルビーノシャークⅥ,
14651,ルビーノシャークⅦ,
14652,ルビーノシャークⅧ,
14653,ルビーノアクリスⅦ,
14654,ルビーノアクリスⅧ,
14655,ルビーノアクリスⅨ,
14656,ルビーノセーピアⅥ,
14657,ルビーノセーピアⅦ,
14658,ルビーノセーピアⅧ,
14659,カダルツァイト,
14660,三十二式機械槍改二,
14661,ランツェブルノッス,
14662,ランツェアンカロッロ,
14663,ランツェアランテッテ,
14664,ランツェネラウリオ,
14665,ランツェモーヴルン,
14666,ランツェジャロッロ,
14667,ランツェロロソトトス,
14668,ランツェヴァッジトノ,
14669,ランツェアスルール,
14670,ディオスアックス,
14671,破岩剣斧エクリクシー,
14672,帝征獄剣斧【正道】,
14673,帝征烈剣斧【正善】,
14674,帝征始剣斧【正路】,
14675,絶帝征剣斧【聖王】,
14676,ディーエッジ,
14677,グリムキャット,
14678,タイラントアックス,
14679,タナトスアックス,
14680,フィンスラッシュ,
14681,ランドグリーズ,
14682,桜剣蒼斧,
14683,爆狼剣斧【テイ】,
14684,蛮殻剣斧,
14685,喰血剣斧バンピア,
14686,至極舞雷斧【姑獲鳥】,
14687,眩晶剣斧センテリュオ,
14688,王狼剣斧【雲霞】,
14689,ジエロ・テュレイラ,
14690,至極冥雷斧【秦吉了】,
14691,コーレテネブライ,
14692,コーレスコトス,
14693,コーレドゥンケル,
14694,ジェビアバオシン,
14695,ローゼンアカンタ,
14696,フェザーツェクリ,
14697,大蛇ノ剣斧,
14698,大蛇ノ剣斧【燦然】,
14699,大蛇ノ剣斧【絢爛】,
14700,大蛇ノ剣斧【煌然】,
14701,真大蛇ノ剣斧【燦然】,
14702,真大蛇ノ剣斧【絢爛】,
14703,真大蛇ノ剣斧【煌然】,
14704,真大蛇ノ剣斧【玲瓏】,
14705,冥破剣斧・氷,
14706,冥破剣斧・氷【燦然】,
14707,冥破剣斧・氷【絢爛】,
14708,冥破剣斧天氷【燦然】,
14709,冥破剣斧天氷【絢爛】,
14710,暗虚撃棍・氷,
14711,暗虚撃棍・氷【燦然】,
14712,暗虚撃棍・氷【絢爛】,
14713,暗虚撃棍天氷【燦然】,
14714,暗虚撃棍天氷【絢爛】,
14715,白断大剣・氷,
14716,白断大剣・氷【燦然】,
14717,白断大剣・氷【絢爛】,
14718,白断大剣天氷【燦然】,
14719,白断大剣天氷【絢爛】,
14720,煌輝突槍・氷,
14721,煌輝突槍・氷【燦然】,
14722,煌輝突槍・氷【絢爛】,
14723,煌輝突槍天氷【燦然】,
14724,煌輝突槍天氷【絢爛】,
14725,軽量型剣斧ライツ,
14726,軽量型剣斧ライツ改,
14727,ダミー,
14728,ダミー,
14729,キャラバン斬斧Ⅰ,
14730,キャラバン斬斧Ⅱ,
14731,ダミー,
14732,ダミー,
14733,ダミー,
14734,ダミー,
14735,ヴォルカ・イラプト,
14736,ヴォルカ・エリュプ,
14737,ヴォルカ・アオス,
14738,ヴォルカ・エクリク,
14739,ヴォルカ・クラテル,
14740,ヴォルカ・イスヴェル,
14741,ヴォルカ・イグニク,
14742,ヴォルカ・カプノル,
14743,ヴォルカ・ナナール,
14744,ヴォルカ・フォティル,
14745,ヴォルカ・シャロレ,
14746,ヴォルカ・セルクララ,
14747,ヴォルカ・カルメリ,
14748,ヴォルカ・バグロ,
14749,ヴォルカ・トルフィ,
14750,ヴォルカ・プニケス,
14751,ヴォルカ・ダンジス,
14752,ヴォルカ・キンディ,
14753,ヴォルカ・イルテバ,
14754,ヴォルカ・フュコン,
14755,ヴォルカ・イフェヌ,
14756,ヴォルカ・テナク,
14757,ヴォルカ・ピスマ,
14758,ヴォルカ・カパル,
14759,ソルエルキリッター,
14760,ソルエルティオー,
14761,シュヴァルツゲーネン,
14762,ゲヴィッタキリッター,
14763,ソルエルペリファー,
14764,ソルエルファーニャ,
14765,シュヴァルツヴンシュ,
14766,ゲヴィッタペリファー,
14767,ゲヴィッタヴィゴーレ,
14768,マーガリタⅠ,
14769,マーガリタⅡ,
14770,マーガリタⅢ,
14771,マーガリタⅣ,
14772,マーガリタ・ボニニョ,
14773,マーガリタ・メイニョ,
14774,スリジエⅠ,
14775,スリジエⅡ,
14776,スリジエⅢ,
14777,スリジエⅣ,
14778,スリジエ・ブロト,
14779,スリジエ・ブロッサム,
14780,ロジエ,
14781,ロジエ・パルフェ,
14782,ユーリエ,
14783,ユーリエ・グレイス,
14784,冥破剣斧・雷,
14785,冥破剣斧・雷【燦然】,
14786,冥破剣斧・雷【絢爛】,
14787,冥破剣斧剛雷【燦然】,
14788,冥破剣斧剛雷【絢爛】,
14789,暗虚撃棍・雷,
14790,暗虚撃棍・雷【燦然】,
14791,暗虚撃棍・雷【絢爛】,
14792,暗虚撃棍剛雷【燦然】,
14793,暗虚撃棍剛雷【絢爛】,
14794,白断大剣・雷,
14795,白断大剣・雷【燦然】,
14796,白断大剣・雷【絢爛】,
14797,白断大剣剛雷【燦然】,
14798,白断大剣剛雷【絢爛】,
14799,煌輝突槍・雷,
14800,煌輝突槍・雷【燦然】,
14801,煌輝突槍・雷【絢爛】,
14802,煌輝突槍剛雷【燦然】,
14803,煌輝突槍剛雷【絢爛】,
14804,皇氷大剣,
14805,皇氷大剣・改,
14806,皇氷大剣【氷舞】,
14807,皇氷大剣【氷襲】,
14808,皇氷大剣【氷河期】,
14809,王皇氷大剣,
14810,王皇氷大剣・改,
14811,冥氷大剣,
14812,冥氷大剣・改,
14813,冥氷大剣【暴慢】,
14814,冥氷大剣【暴悪】,
14815,冥氷大剣【暴虐】,
14816,王冥氷大剣,
14817,王冥氷大剣・改,
14818,王皇氷剣斧,
14819,王皇氷剣斧・改,
14820,王冥氷剣斧,
14821,王冥氷剣斧・改,
14822,炎王始大剣【耀宙】,
14823,炎王始刀【最狂熱】,
14824,炎王始剣【無界】,
14825,炎王始鎚【極闇】,
14826,フロル＝アゴニス,
14827,フロル＝マロア,
14828,フロル＝ナフィサ,
14829,炎角大剣【木鶏】,
14830,炎角剣【白虹】,
14831,炎角始鎚【落暉】,
14832,炎角始槍【真覇王樹】,
14833,挑戦者アイルー１号,
14834,挑戦者アイルー２号,
14835,ダミー,
14836,挑戦者アイルー３号,
14837,挑戦者アイルー４号,
14838,挑戦者アイルー５号,
14839,真の挑戦者アイルー,
14840,挑戦者メラルー１号,
14841,挑戦者メラルー２号,
14842,ダミー,
14843,挑戦者メラルー３号,
14844,挑戦者メラルー４号,
14845,挑戦者メラルー５号,
14846,真の挑戦者メラルー,
14847,ワクワクアイルー,
14848,超ワクワクアイルー,
14849,ワクワクメラルー,
14850,超ワクワクメラルー,
14851,魔闇剣斧・火,
14852,魔闇剣斧・火【燦然】,
14853,魔闇剣斧・火【絢爛】,
14854,魔闇剣斧華火【燦然】,
14855,魔闇剣斧華火【絢爛】,
14856,魔狂棍・火,
14857,魔狂棍・火【燦然】,
14858,魔狂棍・火【絢爛】,
14859,魔狂棍華火【燦然】,
14860,魔狂棍華火【絢爛】,
14861,魔魅鎚・火,
14862,魔魅鎚・火【燦然】,
14863,魔魅鎚・火【絢爛】,
14864,魔魅鎚華火【燦然】,
14865,魔魅鎚華火【絢爛】,
14866,魔誘銃槍・火,
14867,魔誘銃槍・火【燦然】,
14868,魔誘銃槍・火【絢爛】,
14869,魔誘銃槍華火【燦然】,
14870,魔誘銃槍華火【絢爛】,
14871,幻雷神棍【幻化】,
14872,幻雷神双【夢幻】,
14873,幻雷神刀【幻怪】,
14874,幻雷神銃槍【幻世】,
14875,幻雷神鎚【幻惑】,
14876,ブルエール＝アーラ,
14877,ルルエール＝アーラ,
14878,フルゴール＝アーラ,
14879,グラミール＝アーラ,
14880,ランヴォール＝アーラ,
14881,獄剣リュウリン,
14882,獄剣リュウリン改,
14883,狼牙剣【欲獄】,
14884,獄双刃リュウソウ,
14885,獄双刃リュウソウ改,
14886,狼牙双刃【雷獄】,
14887,獄大剣リュウカク,
14888,獄大剣リュウカク改,
14889,狼牙大剣【辺獄】,
14890,獄刀リュウコツ,
14891,狼牙刀【悪獄】,
14892,真・狼牙刀【寂滅】,
14893,獄鎚リュウガク,
14894,獄鎚リュウガク改,
14895,狼牙槌【食獄】,
14896,獄琴リュウセイ,
14897,獄琴リュウセイ改,
14898,狼牙琴【異獄】,
14899,獄槍リュウビ,
14900,獄槍リュウビ改,
14901,狼牙槍【怒獄】,
14902,獄銃槍リュウケツ,
14903,獄銃槍リュウケツ改,
14904,狼牙銃槍【貪獄】,
14905,獄狼斧リュウガ,
14906,狼牙剣斧【暴獄】,
14907,獄棍リュウカイ,
14908,狼牙棍【滅獄】,
14909,アマレロットⅠ,
14910,アマレロットⅡ,
14911,アマレロットⅢ,
14912,アマレロットⅣ,
14913,アマレロット・ノア,
14914,アマレロット・トワ,
14915,ラランジャットⅠ,
14916,ラランジャットⅡ,
14917,ラランジャットⅢ,
14918,ラランジャットⅣ,
14919,ラランジャット・ノア,
14920,ラランジャット・トワ,
14921,ズワルットⅠ,
14922,ズワルットⅡ,
14923,ズワルットⅢ,
14924,ズワルットⅣ,
14925,ズワルット・ノア,
14926,ズワルット・トワ,
14927,ポイニークットⅠ,
14928,ポイニークットⅡ,
14929,ポイニークットⅢ,
14930,ポイニークットⅣ,
14931,ポイニークット・ノア,
14932,ポイニークット・トワ,
14933,ルーフスットⅠ,
14934,ルーフスットⅡ,
14935,ルーフスットⅢ,
14936,ルーフスットⅣ,
14937,ルーフスット・ノア,
14938,ルーフスット・トワ,
14939,シーニットⅠ,
14940,シーニットⅡ,
14941,シーニットⅢ,
14942,シーニットⅣ,
14943,シーニット・ノア,
14944,シーニット・トワ,
14945,ウィリディットⅠ,
14946,ウィリディットⅡ,
14947,ウィリディットⅢ,
14948,ウィリディットⅣ,
14949,ウィリディット・ノア,
14950,ウィリディット・トワ,
14951,アルブスットⅠ,
14952,アルブスットⅡ,
14953,アルブスットⅢ,
14954,アルブスットⅣ,
14955,アルブスット・ノア,
14956,アルブスット・トワ,
14957,シュウィットⅠ,
14958,シュウィットⅡ,
14959,シュウィットⅢ,
14960,シュウィットⅣ,
14961,シュウィット・ノア,
14962,シュウィット・トワ,
14963,ルビーノエンデルⅠ,
14964,ルビーノエンデルⅡ,
14965,スティールエンデルⅠ,
14966,スティールエンデルⅡ,
14967,パローネ剣斧,
14968,ダミー,
14969,ダミー,
14970,ルヴァンジャンフ,
14971,ダミー,
14972,ダミー,
14973,ダミー,
14974,ダミー,
14975,ダミー,
14976,ダミー,
14977,ダミー,
14978,ダミー,
14979,ダミー,
14980,ダミー,
14981,ダミー,
14982,ダミー,
14983,ダミー,
14984,ダミー,
14985,ダミー,
14986,ダミー,
14987,ダミー,
14988,ダミー,
14989,ダミー,
14990,ダミー,
14991,ダミー,
14992,ロウ・グラティ,
14993,ピュレ・グラティ,
14994,マギ・グラティ,
14995,幻想ヲ破リシ大剣,
14996,幻想ヲ破リシ狩猟笛,
14997,幻想ヲ破リシ槍,
14998,磁界ノ王ヲ征ス太刀,
14999,磁界ノ王ヲ征ス鎚,
15000,磁界ノ王ヲ征ス穿龍棍,
15001,チャチャブアイルー,
15002,ダミー,
15003,ベータナイフ【2016】,
15004,シュヴァン,
15005,ダミー,
15006,歌紡ノ斧【無華】,
15007,歌紡ノ斧【響華】,
15008,歌紡ノ斧【光華】,
15009,歌紡ノ斧【氷華】,
15010,水流ヲ覇スル雷師ノ斧,
15011,ダミー,
15012,ペッツェーノ,
15013,クリダール＝アーラ,
15014,ダミー,
15015,ダミー,
15016,月々灯【新月】,
15017,月々灯【三日月】,
15018,月々灯【満月】,
15019,メリクリ・ウッド,
15020,メリクリ・ツリー,
15021,メリクリ・スター,
15022,最終兵器・丸太槌Ⅰ,
15023,最終兵器・丸太槌Ⅱ,
15024,最終兵器・丸太槌Ⅲ,
15025,最終兵器・丸太槌Ⅳ,
15026,最終兵器・丸太槌Ⅴ,
15027,最終兵器・丸太槌Ⅵ,
15028,邪悪器・双鉄扇Ⅰ,
15029,邪悪器・双鉄扇Ⅱ,
15030,邪悪器・双鉄扇Ⅲ,
15031,邪悪器・双鉄扇Ⅳ,
15032,邪悪器・双鉄扇Ⅴ,
15033,邪悪器・双鉄扇Ⅵ,
15034,万能兵器・丸太大剣Ⅰ,
15035,万能兵器・丸太大剣Ⅱ,
15036,万能兵器・丸太大剣Ⅲ,
15037,万能兵器・丸太大剣Ⅳ,
15038,万能兵器・丸太大剣Ⅴ,
15039,万能兵器・丸太大剣Ⅵ,
15040,残虐器・鉄扇剣Ⅰ,
15041,残虐器・鉄扇剣Ⅱ,
15042,残虐器・鉄扇剣Ⅲ,
15043,残虐器・鉄扇剣Ⅳ,
15044,残虐器・鉄扇剣Ⅴ,
15045,残虐器・鉄扇剣Ⅵ,
15046,ダブルクラッニャーⅠ,
15047,ダブルクラッニャーⅡ,
15048,ダブルクラッニャーⅢ,
15049,ダブルクラッニャーⅣ,
15050,ダブルプレッニャー,
15051,ダブルスマッニャー,
15052,ヒュージカタニャーⅠ,
15053,ヒュージカタニャーⅡ,
15054,ヒュージカタニャーⅢ,
15055,ヒュージカタニャーⅣ,
15056,ヒュージアタッニャー,
15057,ヒュージシェーニャー,
15058,グリグリニャーⅠ,
15059,グリグリニャーⅡ,
15060,グリグリニャーⅢ,
15061,グリグリニャーⅣ,
15062,グリソーニャー,
15063,グリッシュニャー,
15064,ブルドリニャーⅠ,
15065,ブルドリニャーⅡ,
15066,ブルドリニャーⅢ,
15067,ブルドリニャーⅣ,
15068,ブルブレニャー,
15069,ブルディニャー,
15070,ギュルルスキューニャ,
15071,ギュルルターニャ―,
15072,炎角獄剣斧【炎咲】,
15073,炎角烈剣斧【炎舞】,
15074,炎角始剣斧【炎舞踏】,
15075,改セリスィ・フェーン,
15076,改セリスィ・セール,
15077,改セリスィ・メーネ,
15078,改セリスィ・コーダ,
15079,改セリスィ・アーラ,
15080,ヴォーラアックス,
15081,ダーインスレイヴ,
15082,魔剣ダーインスレイヴ,
15083,ダミー,
15084,炎斧【撃砕】,
15085,雷斧【統属】,
15086,痺斧【異趣】,
15087,凍斧【昏絶】,
15088,龍斧【臣属】,
15089,クロエアクス,
15090,クロエアクス・火,
15091,クロエアクス・水,
15092,クロエアクス・雷,
15093,クロエアクス・氷,
15094,クロエアクス・龍,
15095,棘冠剣ローゼンソーン,
15096,棘冠剣ローゼンエピナ,
15097,棘冠剣ローゼンスピヌ,
15098,棘冠剣ローゼンプリル,
15099,棘蝕双ローゼンエッジ,
15100,棘蝕双ローゼンコルノ,
15101,棘蝕双ローゼンローク,
15102,棘蝕双ローゼンケラス,
15103,棘纏刀ローゼンコイル,
15104,棘纏刀ローゼンロウル,
15105,棘纏刀ローゼントイン,
15106,棘纏刀ローゼンラウド,
15107,棘奏笛ローゼンガンツ,
15108,棘奏笛ローゼンハルベ,
15109,棘奏笛ローゼンフィア,
15110,棘奏笛ローゼンアハル,
15111,棘刺槍ローゼンピィン,
15112,棘刺槍ローゼンハルイ,
15113,棘刺槍ローゼントゥゲ,
15114,棘刺槍ローゼンスイン,
15115,棘牙銃槍ローゼンファ,
15116,棘牙銃槍ローゼンパル,
15117,棘牙銃槍ローゼンビレ,
15118,棘牙銃槍ローゼンツン,
15119,フェザーカリーヤー,
15120,フェザーカット,
15121,フェザーキロウ,
15122,フェザーバッサリ,
15123,フェザースリーパー,
15124,フェザーナップ,
15125,フェザーネロウ,
15126,フェザーグッナイ,
15127,フェザーフリーキー,
15128,フェザートリップ,
15129,フェザーフロウ,
15130,フェザーコメット,
15131,フェザードリーマー,
15132,フェザーナイト,
15133,フェザーシャドウ,
15134,フェザーナイッツ,
15135,フェザートリッキー,
15136,フェザーライト,
15137,フェザーフェロウ,
15138,フェザーマジック,
15139,フェザースイーパー,
15140,フェザーガッツ,
15141,フェザーパロウ,
15142,フェザートレンド,
15143,絶雷振双剣,
15144,絶雷振双剣【電電】,
15145,絶雷振双剣【鳴鳴】,
15146,絶雷振双剣【雷雷】,
15147,絶雷振刀,
15148,絶雷振刀【斬斬】,
15149,絶雷振刀【断断】,
15150,絶雷振刀【裂裂】,
15151,絶雷振棍,
15152,絶雷振棍【穿穿】,
15153,絶雷振棍【舞舞】,
15154,絶雷振棍【流流】,
15155,盾蟹双剣アスタエスパ,
15156,盾蟹双剣アスタエーペ,
15157,盾蟹双剣アスタスパス,
15158,盾蟹双剣アスタジュモ,
15159,盾蟹笛アスタメロデ,
15160,盾蟹笛アスタソング,
15161,盾蟹笛アスタシング,
15162,盾蟹笛アスタディバ,
15163,盾蟹剣斧アスタアクス,
15164,盾蟹剣斧アスタスクレ,
15165,盾蟹剣斧アスタアチャ,
15166,盾蟹剣斧アスタマシャ,
15167,魔魅鎚・水,
15168,魔魅鎚・水【燦然】,
15169,魔魅鎚・水【絢爛】,
15170,魔魅鎚帝水【燦然】,
15171,魔魅鎚帝水【絢爛】,
15172,魔誘銃槍・水,
15173,魔誘銃槍・水【燦然】,
15174,魔誘銃槍・水【絢爛】,
15175,魔誘銃槍帝水【燦然】,
15176,魔誘銃槍帝水【絢爛】,
15177,魔闇剣斧・水,
15178,魔闇剣斧・水【燦然】,
15179,魔闇剣斧・水【絢爛】,
15180,魔闇剣斧帝水【燦然】,
15181,魔闇剣斧帝水【絢爛】,
15182,魔狂棍・水,
15183,魔狂棍・水【燦然】,
15184,魔狂棍・水【絢爛】,
15185,魔狂棍帝水【燦然】,
15186,魔狂棍帝水【絢爛】,
15187,宝焔剣・火,
15188,宝焔剣・火【煌然】,
15189,宝焔剣華火【煌然】,
15190,ダミー,
15191,ダミー,
15192,玉艶双・火,
15193,玉艶双・火【煌然】,
15194,玉艶双華火【煌然】,
15195,ダミー,
15196,ダミー,
15197,砕鳶大剣・火,
15198,砕鳶大剣・火【煌然】,
15199,砕鳶大剣華火【煌然】,
15200,ダミー,
15201,ダミー,
15202,天燕刀・火,
15203,天燕刀・火【煌然】,
15204,天燕刀華火【煌然】,
15205,ダミー,
15206,ダミー,
15207,閃炎鎚・火,
15208,閃炎鎚・火【煌然】,
15209,閃炎鎚華火【煌然】,
15210,ダミー,
15211,ダミー,
15212,最淵槍・火,
15213,最淵槍・火【煌然】,
15214,最淵槍華火【煌然】,
15215,ダミー,
15216,ダミー,
15217,フランシスカ,
15218,戦斧フランシスカ,
15219,マヴロヴ,
15220,マヴロヴ・ドゥオ,
15221,マヴロヴ・トリア,
15222,マヴロヴ・クトオル,
15223,マヴロヴ・クィン,
15224,プロプ・マヴロヴ,
15225,ジーン・マヴロヴ,
15226,ロゾヴィ,
15227,ロゾヴィ・ドゥオ,
15228,ロゾヴィ・トリア,
15229,ロゾヴィ・クトオル,
15230,ロゾヴィ・クィン,
15231,プロプ・ロゾヴィ,
15232,ジーン・ロゾヴィ,
15233,ヴィグル,
15234,エッテ・ヴィグル,
15235,ソリテュー,
15236,エッテ・ソリテュー,
15237,歌唄ノ剣【前奏】,
15238,歌唄ノ剣【中奏】,
15239,歌唄ノ剣【後奏】,
15240,歌唄ノ双剣【前奏】,
15241,歌唄ノ双剣【中奏】,
15242,歌唄ノ双剣【後奏】,
15243,歌唄ノ大剣【前奏】,
15244,歌唄ノ大剣【中奏】,
15245,歌唄ノ大剣【後奏】,
15246,歌唄ノ刀【前奏】,
15247,歌唄ノ刀【中奏】,
15248,歌唄ノ刀【後奏】,
15249,歌唄ノ鎚【前奏】,
15250,歌唄ノ鎚【中奏】,
15251,歌唄ノ鎚【後奏】,
15252,歌唄ノ笛【前奏】,
15253,歌唄ノ笛【中奏】,
15254,歌唄ノ笛【後奏】,
15255,歌唄ノ槍【前奏】,
15256,歌唄ノ槍【中奏】,
15257,歌唄ノ槍【後奏】,
15258,歌唄ノ銃槍【前奏】,
15259,歌唄ノ銃槍【中奏】,
15260,歌唄ノ銃槍【後奏】,
15261,歌唄ノ棍【独奏】,
15262,歌唄ノ剣斧【独奏】,
15263,ティオティオ,
15264,ズィオズィオ,
15265,ダリア,
15266,紅,
15267,ヴォルオラクル,
15268,アカムパッサウェイ,
15269,ベータナイフ【光】,
15270,ベータナイフ【光】Ⅱ,
15271,ベータナイフ【光】Ⅲ,
15272,ベータナイフ【光】Ⅳ,
15273,ベータナイフ【光】Ⅴ,
15274,エクスベータ【輝】,
15275,ダミー,
15276,ダミー,
15277,ダミー,
15278,ダミー,
15279,ダミー,
15280,アンクofチェッカー,
15281,アンクofサーチャー,
15282,アンクofシーカー,
15283,クロウofリッパー,
15284,クロウofハンガー,
15285,クロウofキャリアー,
15286,プライドofシャドウ,
15287,プライドofダーク,
15288,プライドofドゥーム,
15289,スティールofファクト,
15290,スティールofロウ,
15291,スティールofジャッジ,
15292,パワーofグレア,
15293,パワーofテラー,
15294,パワーofエンミティ,
15295,サウンドofクライ,
15296,サウンドofソロウ,
15297,サウンドofドゥーム,
15298,シールドofアーネスト,
15299,シールドofヒート,
15300,シールドofレイジ,
15301,アームofティラン,
15302,アームofトリーズ,
15303,アームofアロガン,
15304,フライofミザリー,
15305,フライofメランコリー,
15306,ウィルofシェイプ,
15307,ウィルofソウル,
15308,ゼナ・ヴァッサー,
15309,ゼナ・ナトゥラ,
15310,ゼナ・ネロシュウィ,
15311,火竜猛双剣ソレイユ,
15312,火竜猛双剣シャムス,
15313,火竜猛双剣タイヤン,
15314,火竜猛双剣リオフレア,
15315,火竜猛鎚アナトリ,
15316,火竜猛鎚ジュール,
15317,火竜猛鎚ティアン,
15318,火竜猛鎚リオシャル,
15319,火竜猛銃槍ヤフタレク,
15320,火竜猛銃槍フォティア,
15321,火竜猛銃槍ファイスカ,
15322,火竜猛銃槍リオフロガ,
15323,ブラージュネージュ,
15324,ブラージュ二クス,
15325,ブラージュシュエ,
15326,ドドブラン・モンテ,
15327,ブラージュアラン,
15328,ブラージュヌヴァ,
15329,ブラージュハラズ,
15330,ドドブラン・マウン,
15331,ブラージュヒョノ,
15332,ブラージュラビナ,
15333,ブラージュグレル,
15334,ドドブラン・ベルク,
15335,改セリスィ・エスカー,
15336,改セリスィ・ヴァルン,
15337,改セリスィ・ローク,
15338,改セリスィ・イザーム,
15339,デスタン,
15340,デスタン・ミラ,
15341,デスタン・カダル,
15342,デスタン・スミン,
15343,デスタン・ザール,
15344,デスタン・モア,
15345,デスタン・モスト,
15346,エヴァイ,
15347,エヴァイ・ミラ,
15348,エヴァイ・カダル,
15349,エヴァイ・スミン,
15350,エヴァイ・ザール,
15351,エヴァイ・モア,
15352,エヴァイ・モスト,
15353,スコペル,
15354,スコペル・ティラ,
15355,パルトネ,
15356,パルトネ・ティラ,
15357,トロクロボックスⅦ,
15358,トロクロマックスⅦ,
15359,トロぬいぐるみⅦ,
15360,クロぬいぐるみⅦ,
15361,ミクホン・七重奏,
15362,初音声楽・七重奏,
15363,ミクキー・七重奏,
15364,初音鍵盤・七重奏,
15365,王皇氷大剣・絶,
15366,王冥氷大剣・絶,
15367,王皇氷剣斧・絶,
15368,王冥氷剣斧・絶,
15369,ヴォーラアクスト,
15370,ヴォーラアクスト・改,
15371,ヴォーラアクスト・真,
15372,アルヴォーラアクスト,
15373,ヴォーラエペ,
15374,ヴォーラエペ・改,
15375,ヴォーラエペ・真,
15376,アルヴォーラエペ,
15377,ヴォーラツイン,
15378,ヴォーラツイン・改,
15379,ヴォーラツイン・真,
15380,アルヴォーラツイン,
15381,ヴォーラアルマ,
15382,ヴォーラアルマ・改,
15383,ヴォーラアルマ・真,
15384,アルヴォーラアルマ,
15385,ヴォーラクリンゲ,
15386,ヴォーラクリンゲ・改,
15387,ヴォーラクリンゲ・真,
15388,アルヴォーラクリンゲ,
15389,ヴォーラマルトー,
15390,ヴォーラマルトー・改,
15391,ヴォーラマルトー・真,
15392,アルヴォーラマルトー,
15393,ヴォーラッパー,
15394,ヴォーラッパー・改,
15395,ヴォーラッパー・真,
15396,アルヴォーラッパー,
15397,ヴォーランツェ,
15398,ヴォーランツェ・改,
15399,ヴォーランツェ・真,
15400,アルヴォーランツェ,
15401,ヴォーランケア,
15402,ヴォーランケア・改,
15403,ヴォーランケア・真,
15404,アルヴォーランケア,
15405,ヴォーラトンファ,
15406,ヴォーラトンファ・改,
15407,ヴォーラトンファ・真,
15408,アルヴォーラトンファ,
15409,アンヘリアル,
15410,ツイン羽子板【艶美】,
15411,羽子板ハンマー【駁】,
15412,ハピネスハート,
15413,星空ノタクトⅠ,
15414,星空ノタクトⅡ,
15415,星空ノタクトⅢ,
15416,星空ノタクトⅣ,
15417,星空ノタクトⅤ,
15418,星空ノタクトⅥ,
15419,夜空ノタクトⅠ,
15420,夜空ノタクトⅡ,
15421,夜空ノタクトⅢ,
15422,夜空ノタクトⅣ,
15423,夜空ノタクトⅤ,
15424,夜空ノタクトⅥ,
15425,レギーナ・ウノ,
15426,レギーナ・ドス,
15427,レギーナ・トレス,
15428,レギーナ・レギーナ,
15429,天華型零流刀,
15430,天華型零流刀【研】,
15431,天華型零流刀【破】,
15432,真天華型零流刀,
15433,真大鎧鎚,
15434,真大鎧鎚【改】,
15435,真大鎧鎚【戒】,
15436,真大鎧鎚【絶】,
15437,トラグ・カンツォ,
15438,改トラグ・カンツォ,
15439,セリスィ・カンツォ,
15440,改セリスィ・カンツォ,
15441,ダミー,
15442,ダミー,
15443,焔嶽龍ノ大剣,
15444,焔嶽龍ノ鎚,
15445,焔嶽龍ノ槍,
15446,焔嶽龍ノ剣斧,
15447,ヴァシム・アルマ,
15448,ヴァシム・フィロ,
15449,ヴァシム・セイフ,
15450,ヴァシムーンジアン,
15451,ヴァシム・エーペ,
15452,ヴァシム・ラミナ,
15453,ヴァシム・ヴァフェ,
15454,ヴァシムーンアスレハ,
15455,ヴァシム・フラウト,
15456,ヴァシム・シフーレ,
15457,ヴァシム・ピート,
15458,ヴァシムーンコンツェ,
15459,ヴァシム・ランサ,
15460,ヴァシム・ハルバン,
15461,ヴァシム・ロンヒ,
15462,ヴァシムーンヨピ,
15463,ヴァシム・ジェムゥ,
15464,ヴァシム・ゲンマ,
15465,ヴァシム・スフェル,
15466,ヴァシムーンバオユ,
15467,ヴァシム・ツェクリ,
15468,ヴァシム・タポル,
15469,ヴァシム・マシャド,
15470,ヴァシムーンスクレ,
15471,デスルート・クレール,
15472,デスルート・シライト,
15473,デスルート・ツコモス,
15474,デスサイン・リジョ,
15475,デスルート・ゲイル,
15476,デスルート・クリィク,
15477,デスルート・ベルム,
15478,デスサイン・ポレモ,
15479,デスルート・ディスト,
15480,デスルート・カタスト,
15481,デスルート・タドミル,
15482,デスサイン・ザヴァエ,
15483,デスルート・シィラ,
15484,デスルート・ポデル,
15485,デスルート・ピュイサ,
15486,デスサイン・マハトー,
15487,デスルート・ナシリエ,
15488,デスルート・バブレ,
15489,デスルート・イスヒ,
15490,デスサイン・リリチ,
15491,デスルート・ガイル,
15492,デスルート・インウィ,
15493,デスルート・アウダ,
15494,デスサイン・ガリィ,
15495,宝冷剣・水,
15496,宝冷剣・水【煌然】,
15497,宝冷剣帝水【煌然】,
15498,玉艶双・水,
15499,玉艶双・水【煌然】,
15500,玉艶双帝水【煌然】,
15501,砕鳶大剣・水,
15502,砕鳶大剣・水【煌然】,
15503,砕鳶大剣帝水【煌然】,
15504,天燕刀・水,
15505,天燕刀・水【煌然】,
15506,天燕刀帝水【煌然】,
15507,閃清鎚・水,
15508,閃清鎚・水【煌然】,
15509,閃清鎚帝水【煌然】,
15510,最淵槍・水,
15511,最淵槍・水【煌然】,
15512,最淵槍帝水【煌然】,
15513,アンフィニヒナフェス,
15514,アイシンアムール,
15515,ねこ手【超怪盗】,
15516,絶極光剣Ｇ－ＴＵＮＥ,
15517,激怒怒怒スパライズ,
15518,ペイセイ・クール,
15519,ペイセイ・ソークール,
15520,アルテュースレイヤー,
15521,百獣の剣王Ⅰ,
15522,百獣の剣王Ⅱ,
15523,百獣の剣王Ⅲ,
15524,百獣の剣王Ⅳ,
15525,百獣の剣王Ⅴ,
15526,百獣の剣王Ⅵ,
15527,アイスソードⅠ,
15528,アイスソードⅡ,
15529,アイスソードⅢ,
15530,アイスソードⅣ,
15531,アイスソードⅤ,
15532,アイスソードⅥ,
15533,レフトハンドソードⅠ,
15534,レフトハンドソードⅡ,
15535,レフトハンドソードⅢ,
15536,レフトハンドソードⅣ,
15537,レフトハンドソードⅤ,
15538,レフトハンドソードⅥ,
15539,古刀,
15540,古刀+1,
15541,古刀+2,
15542,古刀+3,
15543,古刀+4,
15544,古刀+5,
15545,古刀+6,
15546,古刀+7,
15547,鬼神刀,
15548,暴乱ヲ鎮圧ス天雷剣,
15549,暴乱ヲ鎮圧ス天雷鎚,
15550,暴乱ヲ鎮圧ス天雷斧,
15551,白の約定Ⅰ,
15552,白の約定Ⅱ,
15553,白の約定Ⅲ,
15554,白の約定Ⅳ,
15555,白の約定Ⅴ,
15556,白の約定Ⅵ,
15557,ダミー,
15558,ダミー,
15559,ダミー,
15560,ダミー,
15561,白の哀哭Ⅰ,
15562,白の哀哭Ⅱ,
15563,THEディテクター,
15564,THEトゥルー,
15565,THEシャロック,
15566,THEアポストル,
15567,THEヘヴン,
15568,THEシャングリラ,
15569,THEアポカリプス,
15570,THEシャイニング,
15571,THEオリジン,
15572,THEジャスティス,
15573,THEロウ,
15574,THEディカローグ,
15575,THEラグナロク,
15576,THEバース,
15577,THEアース,
15578,THEレクイエム,
15579,THEグリー,
15580,THEグレゴリア,
15581,THEガーディアン,
15582,THEセージ,
15583,THEパラディン,
15584,THEインパルス,
15585,THEウォール,
15586,THEフォートレス,
15587,THEエグゼキューター,
15588,THEクローザー,
15589,THEトゥインクル,
15590,THEレイ,
15591,ヒュージ・ナデル,
15592,ヒュージ・アゴー,
15593,ヒュージ・ペロネー,
15594,ヒュヒュージ・イグラ,
15595,ヒュージ・デュルー,
15596,ヒュージ・デゥロー,
15597,ヒュージ・スクリロ,
15598,ヒュヒュージ・アダマ,
15599,ヒュージ・カパタ,
15600,ヒュージ・アパル,
15601,ヒュージ・ブワル,
15602,ヒュヒュージ・プロト,
15603,ヒュージ・トロンぺ,
15604,ヒュージ・ケイモン,
15605,ヒュージ・タルナダ,
15606,ヒュヒュージ・ヴィン,
15607,パゴステュレイラ,
15608,サルビンテュレイラ,
15609,リョトグテュレイラ,
15610,アイシテューレ,
15611,フリーレテュレイラ,
15612,ザミルテュレイラ,
15613,ギャチャテュレイラ,
15614,グラッセテューレ,
15615,プルスステュレイラ,
15616,ソークテュレイラ,
15617,サドマテュレイラ,
15618,フリーズテューレ,
15619,シュエテュレイラ,
15620,ヒョニテュレイラ,
15621,ニエベテュレイラ,
15622,フロストテューレ,
15623,ヴァランガテュレイラ,
15624,シュエブンテュレイラ,
15625,ビンバテュレイラ,
15626,ヘイルテューレ,
15627,ラニゾテュレイラ,
15628,シャンテュレイラ,
15629,アセファテュレイラ,
15630,スリートテューレ,
15631,グァンぬいぐるみⅠ,
15632,グァンぬいぐるみⅡ,
15633,グァンぬいぐるみⅢ,
15634,グァンぬいぐるみⅣ,
15635,グァンぬいぐるみⅤ,
15636,グァンぬいぐるみⅥ,
15637,アビぬいぐるみⅠ,
15638,アビぬいぐるみⅡ,
15639,アビぬいぐるみⅢ,
15640,アビぬいぐるみⅣ,
15641,アビぬいぐるみⅤ,
15642,アビぬいぐるみⅥ,
15643,ポボルぬいぐるみⅠ,
15644,ポボルぬいぐるみⅡ,
15645,ポボルぬいぐるみⅢ,
15646,ポボルぬいぐるみⅣ,
15647,ポボルぬいぐるみⅤ,
15648,ポボルぬいぐるみⅥ,
15649,ダミー,
15650,パリアぬいぐるみⅠ,
15651,パリアぬいぐるみⅡ,
15652,ダミー,
15653,ゴゴモアぬいぐるみⅠ,
15654,ゴゴモアぬいぐるみⅡ,
15655,フルフルBABY,
15656,フルフルBABYもぐ,
15657,フルフルBABYばく,
15658,フルフルBABYがぶ,
15659,フルフルBABYごくん,
15660,亜フルフルBABY,
15661,亜フルフルBABYもぐ,
15662,亜フルフルBABYばく,
15663,亜フルフルBABYがぶ,
15664,亜フルフルBABYごくん,
15665,辿フルフルBABY,
15666,辿フルフルBABYもぐ,
15667,辿フルフルBABYばく,
15668,辿フルフルBABYがぶ,
15669,辿フルフルBABYごくん,
15670,煌々ト輝ク双剣,
15671,煌々ト輝ク狩猟笛,
15672,煌々ト輝ク銃槍,
15673,炎々ト燃エ盛ル大剣,
15674,炎々ト燃エ盛ル鎚,
15675,炎々ト燃エ盛ル槍,
15676,歌踊ノ剣【前奏】,
15677,歌踊ノ剣【中奏】,
15678,歌踊ノ剣【後奏】,
15679,歌踊ノ双剣【前奏】,
15680,歌踊ノ双剣【中奏】,
15681,歌踊ノ双剣【後奏】,
15682,歌踊ノ大剣【前奏】,
15683,歌踊ノ大剣【中奏】,
15684,歌踊ノ大剣【後奏】,
15685,歌踊ノ刀【前奏】,
15686,歌踊ノ刀【中奏】,
15687,歌踊ノ刀【後奏】,
15688,歌踊ノ鎚【前奏】,
15689,歌踊ノ鎚【中奏】,
15690,歌踊ノ鎚【後奏】,
15691,歌踊ノ笛【前奏】,
15692,歌踊ノ笛【中奏】,
15693,歌踊ノ笛【後奏】,
15694,歌踊ノ槍【前奏】,
15695,歌踊ノ槍【中奏】,
15696,歌踊ノ槍【後奏】,
15697,歌踊ノ銃槍【前奏】,
15698,歌踊ノ銃槍【中奏】,
15699,歌踊ノ銃槍【後奏】,
15700,歌踊ノ棍【独奏】,
15701,歌踊ノ剣斧【独奏】,
15702,アズラクホォン,
15703,ルラキホォン,
15704,ガルボイホォン,
15705,ニリィホォン,
15706,アズラクグラマサ,
15707,ルラキグラマサ,
15708,ガルボイグラマサ,
15709,ニリィグラマサ,
15710,アズラクハーメルド,
15711,ルラキハーメルド,
15712,ガルボイハーメルド,
15713,ニリィハーメルド,
15714,アズラクトゥポ,
15715,ルラキトゥポ,
15716,ガルボイトゥポ,
15717,ニリィトゥポ,
15718,アズラクジャンフ,
15719,ルラキジャンフ,
15720,ガルボイジャンフ,
15721,ニリィジャンフ,
15722,桜日和【桜咲】,
15723,双刀名君・改,
15724,ライフライトベル,
15725,絶爆狼大剣アテファ,
15726,絶爆狼大剣エンジア,
15727,絶爆狼大剣テナシテ,
15728,絶爆狼大剣【トウシ】,
15729,絶爆狼刀ポテンツァ,
15730,絶爆狼刀トモーフ,
15731,絶爆狼刀ヴィテス,
15732,絶爆狼刀【エイイ】,
15733,絶爆狼槍トルミロ,
15734,絶爆狼槍モタガト,
15735,絶爆狼槍コレルー,
15736,絶爆狼槍【ホマレ】,
15737,絶爆狼笛ヒヴア,
15738,絶爆狼笛アロン,
15739,絶爆狼笛ソリト,
15740,絶爆狼笛【シキ】,
15741,絶爆狼棍ズイガ,
15742,絶爆狼棍ファズ,
15743,絶爆狼棍シーカ,
15744,絶爆狼棍【チル】,
15745,ミラグラーサ,
15746,ミラグラーサ改,
15747,ミラコメッソ,
15748,ミラコメッソ改,
15749,ミラオリヘン,
15750,ミラオリヘン改,
15751,ミラプルミエ,
15752,ミラプルミエ改,
15753,ミラアルヒコ,
15754,ミラアルヒコ改,
15755,ミラエアスト,
15756,ミラエアスト改,
15757,極グァンぬいぐるみⅠ,
15758,極グァンぬいぐるみⅡ,
15759,極グァンぬいぐるみⅢ,
15760,極グァンぬいぐるみⅣ,
15761,極グァンぬいぐるみⅤ,
15762,極グァンぬいぐるみⅥ,
15763,ギアぬいぐるみⅠ,
15764,ギアぬいぐるみⅡ,
15765,ギアぬいぐるみⅢ,
15766,ギアぬいぐるみⅣ,
15767,ギアぬいぐるみⅤ,
15768,ギアぬいぐるみⅥ,
15769,白ポボルぬいぐるみⅠ,
15770,白ポボルぬいぐるみⅡ,
15771,白ポボルぬいぐるみⅢ,
15772,白ポボルぬいぐるみⅣ,
15773,白ポボルぬいぐるみⅤ,
15774,白ポボルぬいぐるみⅥ,
15775,覇パリアぬいぐるみⅠ,
15776,覇パリアぬいぐるみⅡ,
15777,絶ゴゴぬいぐるみⅠ,
15778,絶ゴゴぬいぐるみⅡ,
15779,熾凍ナル蒼聖ノ剣Ⅰ,
15780,熾凍ナル蒼聖ノ剣Ⅱ,
15781,熾凍ナル蒼聖ノ剣Ⅲ,
15782,熾凍ナル蒼聖ノ剣Ⅳ,
15783,熾凍ナル蒼聖ノ剣Ⅴ,
15784,熾凍ナル蒼聖ノ剣Ⅵ,
15785,熾凍ナル蒼聖ノ剣Ⅶ,
15786,炎舞ウ紅聖ノ双剣Ⅰ,
15787,炎舞ウ紅聖ノ双剣Ⅱ,
15788,炎舞ウ紅聖ノ双剣Ⅲ,
15789,炎舞ウ紅聖ノ双剣Ⅳ,
15790,炎舞ウ紅聖ノ双剣Ⅴ,
15791,炎舞ウ紅聖ノ双剣Ⅵ,
15792,炎舞ウ紅聖ノ双剣Ⅶ,
15793,黒焔宿ス暗聖ノ剣Ⅰ,
15794,黒焔宿ス暗聖ノ剣Ⅱ,
15795,黒焔宿ス暗聖ノ剣Ⅲ,
15796,黒焔宿ス暗聖ノ剣Ⅳ,
15797,黒焔宿ス暗聖ノ剣Ⅴ,
15798,黒焔宿ス暗聖ノ剣Ⅵ,
15799,黒焔宿ス暗聖ノ剣Ⅶ,
15800,紅魔語ル茜聖ノ刀Ⅰ,
15801,紅魔語ル茜聖ノ刀Ⅱ,
15802,紅魔語ル茜聖ノ刀Ⅲ,
15803,紅魔語ル茜聖ノ刀Ⅳ,
15804,紅魔語ル茜聖ノ刀Ⅴ,
15805,紅魔語ル茜聖ノ刀Ⅵ,
15806,紅魔語ル茜聖ノ刀Ⅶ,
15807,光明ケル菊聖ノ鎚Ⅰ,
15808,光明ケル菊聖ノ鎚Ⅱ,
15809,光明ケル菊聖ノ鎚Ⅲ,
15810,光明ケル菊聖ノ鎚Ⅳ,
15811,光明ケル菊聖ノ鎚Ⅴ,
15812,光明ケル菊聖ノ鎚Ⅵ,
15813,光明ケル菊聖ノ鎚Ⅶ,
15814,響渡リシ桜聖ノ笛Ⅰ,
15815,響渡リシ桜聖ノ笛Ⅱ,
15816,響渡リシ桜聖ノ笛Ⅲ,
15817,響渡リシ桜聖ノ笛Ⅳ,
15818,響渡リシ桜聖ノ笛Ⅴ,
15819,響渡リシ桜聖ノ笛Ⅵ,
15820,響渡リシ桜聖ノ笛Ⅶ,
15821,天翔シ空聖ノ槍Ⅰ,
15822,天翔シ空聖ノ槍Ⅱ,
15823,天翔シ空聖ノ槍Ⅲ,
15824,天翔シ空聖ノ槍Ⅳ,
15825,天翔シ空聖ノ槍Ⅴ,
15826,天翔シ空聖ノ槍Ⅵ,
15827,天翔シ空聖ノ槍Ⅶ,
15828,闇堕トス宵聖ノ銃槍Ⅰ,
15829,闇堕トス宵聖ノ銃槍Ⅱ,
15830,闇堕トス宵聖ノ銃槍Ⅲ,
15831,闇堕トス宵聖ノ銃槍Ⅳ,
15832,闇堕トス宵聖ノ銃槍Ⅴ,
15833,闇堕トス宵聖ノ銃槍Ⅵ,
15834,闇堕トス宵聖ノ銃槍Ⅶ,
15835,雷極咆エル白聖ノ棍Ⅰ,
15836,雷極咆エル白聖ノ棍Ⅱ,
15837,奏ヅル藤聖ノ剣斧Ⅰ,
15838,奏ヅル藤聖ノ剣斧Ⅱ,
15839,炯眼ヲ粛静ス剣,
15840,炯眼ヲ粛静ス太刀,
15841,炯眼ヲ粛静ス棍,
15842,黄金翼ノ剣Ⅰ,
15843,黄金翼ノ剣Ⅱ,
15844,黄金翼ノ剣Ⅲ,
15845,黄金翼ノ剣Ⅳ,
15846,黄金翼ノ剣【勝利】,
15847,紅竜蒼竜ノ魂ノ剣,
15848,紅竜蒼竜ノ魂ノ剣・改,
15849,紅竜蒼竜ノ魂ノ剣・極,
15850,紅竜蒼竜ノ魂ノ剣・真,
15851,紅竜蒼竜ノ魂ノ剣・絶,
15852,アズラクバラディア,
15853,ルラキバラディア,
15854,ガルボイバラディア,
15855,ニリィバラディア,
15856,アズラクホンソオ,
15857,ルラキホンソオ,
15858,ガルボイホンソオ,
15859,ニリィホンソオ,
15860,アズラクフオファ,
15861,ルラキフオファ,
15862,ガルボイフオファ,
15863,ニリィフオファ,
15864,アズラクガーロンド,
15865,ルラキガーロンド,
15866,ガルボイガーロンド,
15867,ニリィガーロンド,
15868,アズラクジペイ,
15869,ルラキジペイ,
15870,ガルボイジペイ,
15871,ニリィジペイ,
15872,灼零エルゼソード,
15873,灼零エルゼデュアル,
15874,灼零エルゼスパーダ,
15875,灼零エルゼガンツェ,
15876,灼零エルゼアクス,
15877,10thアニバケーキⅠ,
15878,10thアニバケーキⅡ,
15879,10thアニバケーキⅢ,
15880,10thアニバケーキⅣ,
15881,10thアニバケーキⅤ,
15882,ぐっすりホルクⅠ,
15883,ぐっすりホルクⅡ,
15884,ぐっすりホルクⅢ,
15885,ぐっすりホルクⅣ,
15886,ぐっすりホルクⅤ,
15887,金銀魚竜棍,
15888,金銀魚竜棍【改】,
15889,金銀魚竜棍【改二】,
15890,金銀魚竜棍【寿】,
15891,万歳クロエ,
15892,十周年万歳クロエ,
15893,祝十周年万歳クロエ,
15894,祝十周年万々歳クロエ,
15895,レーヴァマジア,
15896,ミステルマジア,
15897,トネールヴェルグ,
15898,緊縛双刃アイルー絶,
15899,獄炎双刃メラルー絶,
15900,ジリーノ＝アクセント,
15901,テタール＝アクセント,
15902,エンペラーオブサマー,
15903,ダミー,
15904,磁界ヲ滅ボス大剣,
15905,磁界ヲ滅ボス大鎚,
15906,磁界ヲ滅ボス槍,
15907,極龍双剣オルゴルド,
15908,極龍双剣ゾロト,
15909,極龍双剣アウルム,
15910,光極龍双剣ジィン,
15911,極龍笛トルエノ,
15912,極龍笛グロム,
15913,極龍笛ラアド,
15914,光極龍笛バラキュ,
15915,極龍棍ランホ,
15916,極龍棍ディエン,
15917,極龍棍フテラ,
15918,光極龍棍エルン,
15919,極龍剣斧レランバゴ,
15920,極龍剣斧トニト,
15921,極龍剣斧ランボン,
15922,光極龍剣斧ヘラン,
15923,ガノフルス,
15924,ガノステノ,
15925,ガノコスタ,
15926,ガノンオセアン,
15927,ガノタロン,
15928,ガノガーラ,
15929,ガノセール,
15930,ガノンニッヒ,
15931,ガノエスカマ,
15932,ガノレーピ,
15933,ガノシュッペ,
15934,ガノンザイル,
15935,ガノフロート,
15936,ガノスパレン,
15937,ガノガレッジャ,
15938,ガノントレイベン,
15939,ガノハプーン,
15940,ガノポリビウス,
15941,ガノテンプル,
15942,ガノントグル,
15943,ガノリィン,
15944,ガノスケイル,
15945,ガノチェッシュ,
15946,ガノンシーフ,
15947,ルベルセイフ,
15948,ルベルセイフ・改,
15949,ルベルセイフ・真,
15950,テラルベルセイフ,
15951,ルベルダブル,
15952,ルベルダブル・改,
15953,ルベルダブル・真,
15954,テラルベルダブル,
15955,ルベルジアン,
15956,ルベルジアン・改,
15957,ルベルジアン・真,
15958,テラルベルジアン,
15959,ルベルラミナ,
15960,ルベルラミナ・改,
15961,ルベルラミナ・真,
15962,テラルベルラミナ,
15963,ルベルチュイ,
15964,ルベルチュイ・改,
15965,ルベルチュイ・真,
15966,テラルベルチュイ,
15967,ルベルフラウト,
15968,ルベルフラウト・改,
15969,ルベルフラウト・真,
15970,テラルベルフラウト,
15971,ルベルハルバ,
15972,ルベルハルバ・改,
15973,ルベルハルバ・真,
15974,テラルベルハルバ,
15975,ルベルンチャ,
15976,ルベルンチャ・改,
15977,ルベルンチャ・真,
15978,テラルベルンチャ,
15979,ルベルツェクリ,
15980,ルベルツェクリ・改,
15981,ルベルツェクリ・真,
15982,テラルベルツェクリ,
15983,ルベルグルダン,
15984,ルベルグルダン・改,
15985,ルベルグルダン・真,
15986,テラルベルグルダン,
15987,ダミー,
15988,ダミー,
15989,ダミー,
15990,ダミー,
15991,ダミー,
15992,使用禁止,
15993,使用禁止,
15994,使用禁止,
15995,使用禁止,
15996,使用禁止,
15997,使用禁止,
15998,使用禁止,
15999,使用禁止,
16000,使用禁止,
16001,使用禁止,
16002,英雄の証【Ｚ】,
16003,絶極光剣Ｇラディウス,
16004,マンモスロスト,
16005,マンモスヘイル,
16006,フュリアスロスト,
16007,フュリアスヘイル,
16008,スティフフォリー,
16009,スティフロコ,
16010,グレーヴフォリー,
16011,グレーヴロコ,
16012,ワンダーキュート,
16013,ワンダープリンセス,
16014,ワンダーテイル,
16015,フェアリーキュート,
16016,フェアリープリンセス,
16017,フェアリーテイル,
16018,プリティクラウン,
16019,プリティホワイト,
16020,プリティプリティ,
16021,ラスティクローズ,
16022,ラスティシマシマ,
16023,ラスティラスティ,
16024,エスティアダーラ,
16025,エスティゼンイ,
16026,エンドゥアダーラ,
16027,エンドゥゼンイ,
16028,エスタラタルド,
16029,エスタラホクム,
16030,エンデュタルド,
16031,エンデュホクム,
16032,天耀朧剣【満月】,
16033,奇王剣【辿戯】,
16034,原初の火Ⅰ,
16035,原初の火Ⅱ,
16036,原初の火Ⅲ,
16037,原初の火Ⅳ,
16038,原初の火Ⅴ,
16039,原初の火Ⅵ,
16040,転輪する勝利の剣Ⅰ,
16041,転輪する勝利の剣Ⅱ,
16042,転輪する勝利の剣Ⅲ,
16043,転輪する勝利の剣Ⅳ,
16044,転輪する勝利の剣Ⅴ,
16045,転輪する勝利の剣Ⅵ,
16046,約束された勝利の剣Ⅶ,
16047,勝利すべき黄金の剣Ⅶ,
16048,干将・莫耶Ⅶ,
16049,乖離剣エアⅦ,
16050,乖離剣エア【黒】Ⅶ,
16051,無銘・短剣Ⅶ,
16052,無銘・短剣【黒】Ⅶ,
16053,アゾット剣Ⅶ,
16054,アゾット剣【青】Ⅶ,
16055,ゲイ・ボルクⅦ,
16056,ゲイ・ボルク【黒】Ⅶ,
16057,マンサナ・オール,
16058,ローレライ・リヒト,
16059,ブルータライザー,
16060,セイクリッドアンガー,
16061,ドレッドノートローグ,
16062,インベイドロア,
16063,ラルシャイン・ソル,
16064,シェルシャイン・ソル,
16065,ストラクル・ノヴァ,
16066,リウラクル・ノヴァ,
16067,ティーオティーオ,
16068,ズィーオズィーオ,
16069,凶宝【翠嵐】,
16070,天嵐ノ宝【碧霄】,
16071,太虚ノ宝【天壌】,
16072,凶扇【黒風白雨】,
16073,天嵐ノ扇【天つ風】,
16074,太虚ノ扇【昊天】,
16075,凶剣【叢雲】,
16076,天嵐ノ剣【一天陽光】,
16077,太虚ノ剣【渾天】,
16078,凶刀【催花雨】,
16079,天嵐ノ刀【雨過天晴】,
16080,太虚ノ刀【九天】,
16081,凶鏡【妖雲】,
16082,天嵐ノ鏡【旺陽】,
16083,太虚ノ鏡【動天】,
16084,凶琴【秋嵐】,
16085,天嵐ノ琴【晴雲秋月】,
16086,太虚ノ琴【玄天】,
16087,凶矛【凌雲】,
16088,天嵐ノ矛【行雲流水】,
16089,太虚ノ矛【衝天】,
16090,凶銃槍【瑞雨】,
16091,天嵐ノ銃槍【春茜】,
16092,太虚ノ銃槍【滔天】,
16093,凶棍【俄雨】,
16094,太虚ノ棍【蒼天】,
16095,凶剣斧【白雨】,
16096,太虚ノ剣斧【天維】,
16097,雅翁双剣アンズ,
16098,雅翁双剣アンカム,
16099,雅翁双剣アンリム,
16100,雅翁双剣グラジラス,
16101,雅翁太刀エリカ,
16102,雅翁太刀ガザニ,
16103,雅翁太刀カンニュラ,
16104,雅翁太刀コウダリア,
16105,雅翁槍ツバキ,
16106,雅翁槍ドラッセ,
16107,雅翁槍デルニム,
16108,雅翁槍ディモルフォ,
16109,雅翁棍カンナ,
16110,雅翁棍グズマ,
16111,雅翁棍ジギリス,
16112,雅翁棍ゼフィリア,
16113,歌舞ノ剣【前奏】,
16114,歌舞ノ剣【中奏】,
16115,歌舞ノ剣【後奏】,
16116,歌舞ノ双剣【前奏】,
16117,歌舞ノ双剣【中奏】,
16118,歌舞ノ双剣【後奏】,
16119,歌舞ノ大剣【前奏】,
16120,歌舞ノ大剣【中奏】,
16121,歌舞ノ大剣【後奏】,
16122,歌舞ノ刀【前奏】,
16123,歌舞ノ刀【中奏】,
16124,歌舞ノ刀【後奏】,
16125,歌舞ノ鎚【前奏】,
16126,歌舞ノ鎚【中奏】,
16127,歌舞ノ鎚【後奏】,
16128,歌舞ノ槍【前奏】,
16129,歌舞ノ槍【中奏】,
16130,歌舞ノ槍【後奏】,
16131,煉華ノ剣,
16132,煉華ノ剣【松】,
16133,煉華ノ剣【松鶴】,
16134,煉華ノ剣【蝶光】,
16135,煉華ノ刀,
16136,煉華ノ刀【桜】,
16137,煉華ノ刀【桜幕】,
16138,煉華ノ刀【偏光】,
16139,煉華ノ笛,
16140,煉華ノ笛【藤】,
16141,煉華ノ笛【藤不如帰】,
16142,煉華ノ笛【鈴光】,
16143,煉華ノ槍,
16144,煉華ノ槍【菖蒲】,
16145,煉華ノ槍【菖蒲八橋】,
16146,煉華ノ槍【溝光】,
16147,煉華ノ棍,
16148,煉華ノ棍【牡丹】,
16149,煉華ノ棍【牡丹蝶】,
16150,煉華ノ棍【珠光】,
16151,煉華ノ剣斧,
16152,煉華ノ剣斧【萩】,
16153,煉華ノ剣斧【萩猪】,
16154,煉華ノ剣斧【円光】,
16155,ラヴィナエペ,
16156,ラヴィナエペ・改,
16157,ラヴィナエペ・真,
16158,ラヴィーナエペ,
16159,ラヴィナクリンゲ,
16160,ラヴィナクリンゲ・改,
16161,ラヴィナクリンゲ・真,
16162,ラヴィーナクリンゲ,
16163,ラヴィナマルトー,
16164,ラヴィナマルトー・改,
16165,ラヴィナマルトー・真,
16166,ラヴィーナマルトー,
16167,ラヴィナランツェ,
16168,ラヴィナランツェ・改,
16169,ラヴィナランツェ・真,
16170,ラヴィーナランツェ,
16171,ラヴィナアクスト,
16172,ラヴィナアクスト・改,
16173,ラヴィナアクスト・真,
16174,ラヴィーナアクスト,
16175,門松銃槍【新年】,
16176,シャルマンショコラ,
16177,幻想大剣Ⅰ,
16178,幻想大剣Ⅱ,
16179,幻想大剣Ⅲ,
16180,幻想大剣Ⅳ,
16181,幻想大剣Ⅴ,
16182,幻想大剣Ⅵ,
16183,十二勇士ノ剣Ⅰ,
16184,十二勇士ノ剣Ⅱ,
16185,十二勇士ノ剣Ⅲ,
16186,十二勇士ノ剣Ⅳ,
16187,十二勇士ノ剣Ⅴ,
16188,十二勇士ノ剣Ⅵ,
16189,燦然と輝く王剣Ⅰ,
16190,燦然と輝く王剣Ⅱ,
16191,燦然と輝く王剣Ⅲ,
16192,燦然と輝く王剣Ⅳ,
16193,燦然と輝く王剣Ⅴ,
16194,燦然と輝く王剣Ⅵ,
16195,聖女の御旗Ⅰ,
16196,聖女の御旗Ⅱ,
16197,聖女の御旗Ⅲ,
16198,聖女の御旗Ⅳ,
16199,聖女の御旗Ⅴ,
16200,聖女の御旗Ⅵ,
16201,調査兵団・半刃刀身Ⅶ,
16202,駐屯兵団・半刃刀身Ⅶ,
16203,超硬質ブレードⅦ,
16204,スナップブレードⅦ,
16205,熾凍運命ノ刀・極地,
16206,熾凍因果ノ刀・極地,
16207,熾凍終焉ノ鎚・極地,
16208,熾凍終局ノ鎚・極地,
16209,千歳神楽【終ノ舞】,
16210,玉響神楽【終ノ舞】,
16211,トリドライズ,
16212,トリドグレイズ,
16213,トリドスピータ,
16214,トリド・カン,
16215,トリドナイズ,
16216,トリドグランズ,
16217,トリドスコード,
16218,トリド・ボン,
16219,トリドケイズ,
16220,トリドスレイズ,
16221,トリドミケーネ,
16222,トリド・デン,
16223,トリドサイズ,
16224,トリドバングス,
16225,トリドビヤーグ,
16226,トリド・デイ,
16227,トリドロイズ,
16228,トリドボルイズ,
16229,トリドケニーズ,
16230,トリド・リツ,
16231,絶極冥雷剣【小鷺】,
16232,絶極冥雷剣【飴鷺】,
16233,絶極冥雷剣【五位鷺】,
16234,絶極冥雷剣【白鷺】,
16235,絶極冥雷刀【葦雀】,
16236,絶極冥雷刀【蒿雀】,
16237,絶極冥雷刀【大雀】,
16238,絶極冥雷刀【緋連雀】,
16239,絶極冥雷銃槍【岩燕】,
16240,絶極冥雷銃槍【雨燕】,
16241,絶極冥雷銃槍【海燕】,
16242,絶極冥雷銃槍【帰燕】,
16243,絶極冥雷鎚【雷鳥】,
16244,絶極冥雷鎚【花魁鳥】,
16245,絶極冥雷鎚【水薙鳥】,
16246,絶極冥雷鎚【巨嘴鳥】,
16247,絶極冥雷斧【子鴉】,
16248,絶極冥雷斧【渡鴉】,
16249,絶極冥雷斧【嘴細鴉】,
16250,絶極冥雷斧【嘴太鴉】,
16251,ラヴィナツイン,
16252,ラヴィナツイン・改,
16253,ラヴィナツイン・真,
16254,ラヴィーナツイン,
16255,ラヴィナアルマ,
16256,ラヴィナアルマ・改,
16257,ラヴィナアルマ・真,
16258,ラヴィーナアルマ,
16259,ラヴィナラッパー,
16260,ラヴィナラッパー・改,
16261,ラヴィナラッパー・真,
16262,ラヴィーナラッパー,
16263,ラヴィナランケア,
16264,ラヴィナランケア・改,
16265,ラヴィナランケア・真,
16266,ラヴィーナランケア,
16267,ラヴィナトンファ,
16268,ラヴィナトンファ・改,
16269,ラヴィナトンファ・真,
16270,ラヴィーナトンファ,
16271,花鳥風月【昼桜】,
16272,花鳥風月【夜桜】,
16273,煉華ノ双剣,
16274,煉華ノ双剣【紅葉】,
16275,煉華ノ双剣【紅葉鹿】,
16276,煉華ノ双剣【白光】,
16277,煉華ノ大剣,
16278,煉華ノ大剣【柳】,
16279,煉華ノ大剣【柳燕】,
16280,煉華ノ大剣【巻光】,
16281,煉華ノ鎚,
16282,煉華ノ鎚【桐】,
16283,煉華ノ鎚【桐鳳凰】,
16284,煉華ノ鎚【鏡光】,
16285,煉華ノ銃槍,
16286,煉華ノ銃槍【水仙】,
16287,煉華ノ銃槍【水仙鳥】,
16288,煉華ノ銃槍【散光】,
16289,歌詠ノ剣【前奏】,
16290,歌詠ノ剣【中奏】,
16291,歌詠ノ剣【後奏】,
16292,歌詠ノ大剣【前奏】,
16293,歌詠ノ大剣【中奏】,
16294,歌詠ノ大剣【後奏】,
16295,歌詠ノ鎚【前奏】,
16296,歌詠ノ鎚【中奏】,
16297,歌詠ノ鎚【後奏】,
16298,歌詠ノ槍【前奏】,
16299,歌詠ノ槍【中奏】,
16300,歌詠ノ槍【後奏】,
16301,歌詠ノ棍【独奏】,
16302,花鼓【蕩】,
16303,歌詠ノ双剣【前奏】,
16304,歌詠ノ双剣【中奏】,
16305,歌詠ノ双剣【後奏】,
16306,歌詠ノ刀【前奏】,
16307,歌詠ノ刀【中奏】,
16308,歌詠ノ刀【後奏】,
16309,歌詠ノ笛【前奏】,
16310,歌詠ノ笛【中奏】,
16311,歌詠ノ笛【後奏】,
16312,歌詠ノ銃槍【前奏】,
16313,歌詠ノ銃槍【中奏】,
16314,歌詠ノ銃槍【後奏】,
16315,ダミー,
16316,ダミー,
16317,歌詠ノ剣斧【独奏】,
16318,極怒貌剣【火熱】,
16319,極怒貌剣【大熱】,
16320,極怒貌剣【高熱】,
16321,絶怒貌剣エイン,
16322,極怒貌鎚【怒鳴】,
16323,極怒貌鎚【激昂】,
16324,極怒貌鎚【狂乱】,
16325,絶怒貌鎚コレール,
16326,極怒貌棍【変妙】,
16327,極怒貌棍【異常】,
16328,極怒貌棍【奇態】,
16329,絶怒貌棍スィモス,
16330,極怒貌斧【大穴】,
16331,極怒貌斧【穴隙】,
16332,極怒貌斧【穿孔】,
16333,絶怒貌斧フェンヌ,
16334,ナーブアルファルド,
16335,叛牙アルファルド,
16336,乱叛牙アルファルド,
16337,ザクンアルギエバ,
16338,叛爪アルギエバ,
16339,乱叛爪アルギエバ,
16340,チェーダアルザバル,
16341,叛断刀アルザバル,
16342,乱叛断刀アルザバル,
16343,シミターアルナジト,
16344,叛刃アルナジト,
16345,乱叛刃アルナジト,
16346,マトラカアルグル,
16347,叛鎚アルグル,
16348,乱叛鎚アルグル,
16349,ワージャアルリジル,
16350,叛笛アルリジル,
16351,乱叛笛アルリジル,
16352,ハルバアルメンカル,
16353,叛槍アルメンカル,
16354,乱叛槍アルメンカル,
16355,アスファアルダナブ,
16356,叛銃槍アルダナブ,
16357,乱叛銃槍アルダナブ,
16358,叛棍アルグラン,
16359,乱叛棍アルグラン,
16360,叛伐斧アルダバラン,
16361,乱叛伐斧アルダバラン,
16362,真聖剣エクスカリバー,
16363,天叢雲剣,
16364,宝刀・天叢雲剣,
16365,真宝刀・天叢雲剣,
16366,ダミー,
16367,ダミー,
16368,ダミー,
16369,ダミー,
16370,ダミー,
16371,エルゼアクタ,
16372,エルゼグウェン,
16373,ダミー,
16374,ダミー,
16375,ダミー,
16376,ダミー,
16377,デュアツヴィリン,
16378,デュアツヴィリン・改,
16379,デュアツヴィリン・真,
16380,エスデュアツヴィリン,
16381,ダミー,
16382,ダミー,
16383,ダミー,
16384,ダミー,
16385,デュアファウスト,
16386,デュアファウスト・改,
16387,デュアファウスト・真,
16388,エスデュアファウスト,
16389,ダミー,
16390,ダミー,
16391,ダミー,
16392,ダミー,
16393,デュアバイル,
16394,デュアバイル・改,
16395,デュアバイル・真,
16396,エスデュアバイル,
16397,決意の剣【新】,
16398,決意の剣【進】,
16399,決意の剣【信】,
16400,決意の剣【心】,
16401,決意の剣【真】,
16402,決意の剣【神】,
16403,決意の双剣【新】,
16404,決意の双剣【進】,
16405,決意の双剣【信】,
16406,決意の双剣【心】,
16407,決意の双剣【真】,
16408,決意の双剣【神】,
16409,決意の大剣【新】,
16410,決意の大剣【進】,
16411,決意の大剣【信】,
16412,決意の大剣【心】,
16413,決意の大剣【真】,
16414,決意の大剣【神】,
16415,決意の太刀【新】,
16416,決意の太刀【進】,
16417,決意の太刀【信】,
16418,決意の太刀【心】,
16419,決意の太刀【真】,
16420,決意の太刀【神】,
16421,決意の鎚【新】,
16422,決意の鎚【進】,
16423,決意の鎚【信】,
16424,決意の鎚【心】,
16425,決意の鎚【真】,
16426,決意の鎚【神】,
16427,決意の笛【新】,
16428,決意の笛【進】,
16429,決意の笛【信】,
16430,決意の笛【心】,
16431,決意の笛【真】,
16432,決意の笛【神】,
16433,決意の槍【新】,
16434,決意の槍【進】,
16435,決意の槍【信】,
16436,決意の槍【心】,
16437,決意の槍【真】,
16438,決意の槍【神】,
16439,決意の銃槍【新】,
16440,決意の銃槍【進】,
16441,決意の銃槍【信】,
16442,決意の銃槍【心】,
16443,決意の銃槍【真】,
16444,決意の銃槍【神】,
16445,決意の棍【心】,
16446,決意の棍【真】,
16447,決意の棍【神】,
16448,決意の剣斧【心】,
16449,決意の剣斧【真】,
16450,決意の剣斧【神】,
16451,モッチー・クエルクス,
16452,モルズ・クエルクス,
16453,モルガン・クエルクス,
16454,モンドレ・クエルクス,
16455,モズドルムクエルクス,
16456,モルデカイクエルクス,
16457,入刀グーク【入場】,
16458,入刀グーク【挨拶】,
16459,入刀グーク【紹介】,
16460,入刀グーク【乾杯】,
16461,入刀グーク【入刀】,
16462,入刀グークグワワッ！,
16463,ササ姫さまの願い,
16464,ササ姫さまの極み,
16465,煉舞ノ双剣【山入】,
16466,煉舞ノ双剣【山中】,
16467,煉舞ノ双剣【山頂】,
16468,煉舞ノ双剣【鷺山】,
16469,煉舞ノ大剣【石垣】,
16470,煉舞ノ大剣【水堀】,
16471,煉舞ノ大剣【堀切】,
16472,煉舞ノ大剣【本郷】,
16473,煉舞ノ鎚【玄武】,
16474,煉舞ノ鎚【法印】,
16475,煉舞ノ鎚【毘沙門】,
16476,煉舞ノ鎚【大和】,
16477,煉舞ノ銃槍【黒金】,
16478,煉舞ノ銃槍【三重】,
16479,煉舞ノ銃槍【仁王】,
16480,煉舞ノ銃槍【安土】,
16481,煉舞ノ棍【大手】,
16482,煉舞ノ棍【虎門】,
16483,煉舞ノ棍【櫻門】,
16484,煉舞ノ棍【小倉】,
16485,煉舞ノ剣斧【先鋒】,
16486,煉舞ノ剣斧【次鋒】,
16487,煉舞ノ剣斧【最鋒】,
16488,煉舞ノ剣斧【葛西】,
16489,竜鱗の剣Ⅰ,
16490,竜鱗の剣Ⅱ,
16491,竜鱗の剣Ⅲ,
16492,竜鱗の剣Ⅳ,
16493,竜鱗の剣Ⅴ,
16494,竜鱗の剣Ⅵ,
16495,アウナスの大鎌Ⅰ,
16496,アウナスの大鎌Ⅱ,
16497,アウナスの大鎌Ⅲ,
16498,アウナスの大鎌Ⅳ,
16499,アウナスの大鎌Ⅴ,
16500,アウナスの大鎌Ⅵ,
16501,ゴールデンバットⅠ,
16502,ゴールデンバットⅡ,
16503,ゴールデンバットⅢ,
16504,ゴールデンバットⅣ,
16505,ゴールデンバットⅤ,
16506,ゴールデンバットⅥ,
16507,竜槍ゲイボルグⅠ,
16508,竜槍ゲイボルグⅡ,
16509,竜槍ゲイボルグⅢ,
16510,竜槍ゲイボルグⅣ,
16511,竜槍ゲイボルグⅤ,
16512,竜槍ゲイボルグⅥ,
16513,極大蛇ノ剣【燦然】,
16514,極大蛇ノ剣【絢爛】,
16515,極大蛇ノ剣【煌然】,
16516,極大蛇ノ剣【玲瓏】,
16517,極大蛇ノ双剣【燦然】,
16518,極大蛇ノ双剣【絢爛】,
16519,極大蛇ノ双剣【煌然】,
16520,極大蛇ノ双剣【玲瓏】,
16521,極大蛇ノ大鉈【燦然】,
16522,極大蛇ノ大鉈【絢爛】,
16523,極大蛇ノ大鉈【煌然】,
16524,極大蛇ノ大鉈【玲瓏】,
16525,極大蛇ノ太刀【燦然】,
16526,極大蛇ノ太刀【絢爛】,
16527,極大蛇ノ太刀【煌然】,
16528,極大蛇ノ太刀【玲瓏】,
16529,極大蛇ノ鎚【燦然】,
16530,極大蛇ノ鎚【絢爛】,
16531,極大蛇ノ鎚【煌然】,
16532,極大蛇ノ鎚【玲瓏】,
16533,極大蛇ノ笛【燦然】,
16534,極大蛇ノ笛【絢爛】,
16535,極大蛇ノ笛【煌然】,
16536,極大蛇ノ笛【玲瓏】,
16537,極大蛇ノ鉾【燦然】,
16538,極大蛇ノ鉾【絢爛】,
16539,極大蛇ノ鉾【煌然】,
16540,極大蛇ノ鉾【玲瓏】,
16541,極大蛇ノ銃槍【燦然】,
16542,極大蛇ノ銃槍【絢爛】,
16543,極大蛇ノ銃槍【煌然】,
16544,極大蛇ノ銃槍【玲瓏】,
16545,極大蛇ノ舞棍【燦然】,
16546,極大蛇ノ舞棍【絢爛】,
16547,極大蛇ノ舞棍【煌然】,
16548,極大蛇ノ舞棍【玲瓏】,
16549,極大蛇ノ剣斧【燦然】,
16550,極大蛇ノ剣斧【絢爛】,
16551,極大蛇ノ剣斧【煌然】,
16552,極大蛇ノ剣斧【玲瓏】,
16553,巨蟹鋭剣零氷【燦然】,
16554,巨蟹鋭剣零氷【絢爛】,
16555,巨蟹鋭剣咆雷【燦然】,
16556,巨蟹鋭剣咆雷【絢爛】,
16557,双宝幻剣零氷【燦然】,
16558,双宝幻剣零氷【絢爛】,
16559,双宝幻剣咆雷【燦然】,
16560,双宝幻剣咆雷【絢爛】,
16561,天秤封剣零氷【燦然】,
16562,天秤封剣零氷【絢爛】,
16563,天秤封剣咆雷【燦然】,
16564,天秤封剣咆雷【絢爛】,
16565,蛇遣奇刀零氷【燦然】,
16566,蛇遣奇刀零氷【絢爛】,
16567,蛇遣奇刀咆雷【燦然】,
16568,蛇遣奇刀咆雷【絢爛】,
16569,白羊旋槍零氷【燦然】,
16570,白羊旋槍零氷【絢爛】,
16571,白羊旋槍咆雷【燦然】,
16572,白羊旋槍咆雷【絢爛】,
16573,金牛銃槍零氷【燦然】,
16574,金牛銃槍零氷【絢爛】,
16575,金牛銃槍咆雷【燦然】,
16576,金牛銃槍咆雷【絢爛】,
16577,獅子王剣神水【燦然】,
16578,獅子王剣神水【絢爛】,
16579,獅子王剣業火【燦然】,
16580,獅子王剣業火【絢爛】,
16581,双魚皇剣神水【燦然】,
16582,双魚皇剣神水【絢爛】,
16583,双魚皇剣業火【燦然】,
16584,双魚皇剣業火【絢爛】,
16585,極星大剣神水【燦然】,
16586,極星大剣神水【絢爛】,
16587,極星大剣業火【燦然】,
16588,極星大剣業火【絢爛】,
16589,宝瓶破鎚神水【燦然】,
16590,宝瓶破鎚神水【絢爛】,
16591,宝瓶破鎚業火【燦然】,
16592,宝瓶破鎚業火【絢爛】,
16593,乙女妃笛神水【燦然】,
16594,乙女妃笛神水【絢爛】,
16595,乙女妃笛業火【燦然】,
16596,乙女妃笛業火【絢爛】,
16597,磨羯獣槍神水【燦然】,
16598,磨羯獣槍神水【絢爛】,
16599,磨羯獣槍業火【燦然】,
16600,磨羯獣槍業火【絢爛】,
16601,闇崩護剣零氷【燦然】,
16602,闇崩護剣零氷【絢爛】,
16603,闇崩護剣咆雷【燦然】,
16604,闇崩護剣咆雷【絢爛】,
16605,双夢裂剣零氷【燦然】,
16606,双夢裂剣零氷【絢爛】,
16607,双夢裂剣咆雷【燦然】,
16608,双夢裂剣咆雷【絢爛】,
16609,散影斬刀神水【燦然】,
16610,散影斬刀神水【絢爛】,
16611,散影斬刀業火【燦然】,
16612,散影斬刀業火【絢爛】,
16613,砕塊豪鎚零氷【燦然】,
16614,砕塊豪鎚零氷【絢爛】,
16615,砕塊豪鎚咆雷【燦然】,
16616,砕塊豪鎚咆雷【絢爛】,
16617,双叉響笛零氷【燦然】,
16618,双叉響笛零氷【絢爛】,
16619,双叉響笛咆雷【燦然】,
16620,双叉響笛咆雷【絢爛】,
16621,軌翼銃槍神水【燦然】,
16622,軌翼銃槍神水【絢爛】,
16623,軌翼銃槍業火【燦然】,
16624,軌翼銃槍業火【絢爛】,
16625,骸ノ怨剣・雷,
16626,骸ノ怨剣・雷【煌然】,
16627,骸ノ怨剣剛雷【煌然】,
16628,骸ノ怨剣咆雷【煌然】,
16629,骸ノ双屍・雷,
16630,骸ノ双屍・雷【煌然】,
16631,骸ノ双屍剛雷【煌然】,
16632,骸ノ双屍咆雷【煌然】,
16633,骸ノ憎鉈・雷,
16634,骸ノ憎鉈・雷【煌然】,
16635,骸ノ憎鉈剛雷【煌然】,
16636,骸ノ憎鉈咆雷【煌然】,
16637,骸ノ祟刀・雷,
16638,骸ノ祟刀・雷【煌然】,
16639,骸ノ祟刀剛雷【煌然】,
16640,骸ノ祟刀咆雷【煌然】,
16641,骸ノ嘆槍・雷,
16642,骸ノ嘆槍・雷【煌然】,
16643,骸ノ嘆槍剛雷【煌然】,
16644,骸ノ嘆槍咆雷【煌然】,
16645,骸ノ讐鎚・雷,
16646,骸ノ讐鎚・雷【煌然】,
16647,骸ノ讐鎚剛雷【煌然】,
16648,骸ノ讐鎚咆雷【煌然】,
16649,骸ノ怨剣・氷,
16650,骸ノ怨剣・氷【煌然】,
16651,骸ノ怨剣天氷【煌然】,
16652,骸ノ怨剣零氷【煌然】,
16653,骸ノ双屍・氷,
16654,骸ノ双屍・氷【煌然】,
16655,骸ノ双屍天氷【煌然】,
16656,骸ノ双屍零氷【煌然】,
16657,骸ノ憎鉈・氷,
16658,骸ノ憎鉈・氷【煌然】,
16659,骸ノ憎鉈天氷【煌然】,
16660,骸ノ憎鉈零氷【煌然】,
16661,骸ノ祟刀・氷,
16662,骸ノ祟刀・氷【煌然】,
16663,骸ノ祟刀天氷【煌然】,
16664,骸ノ祟刀零氷【煌然】,
16665,骸ノ嘆槍・氷,
16666,骸ノ嘆槍・氷【煌然】,
16667,骸ノ嘆槍天氷【煌然】,
16668,骸ノ嘆槍零氷【煌然】,
16669,骸ノ讐鎚・氷,
16670,骸ノ讐鎚・氷【煌然】,
16671,骸ノ讐鎚天氷【煌然】,
16672,骸ノ讐鎚零氷【煌然】,
16673,ゼーゲ・ウィッシュ,
16674,ゼーゲ・アリエス,
16675,ゼーゲ・スクリップ,
16676,ゼーゲ・ドゥルール,
16677,ゼーゲ・ソウハート,
16678,ゼーゲ・フォーチュン,
16679,ゼーゲ・スカルパ,
16680,ゼーゲ・ペイン,
16681,ゼーゲ・ワンス,
16682,ゼーゲ・リバース,
16683,ゼーゲ・シャルプ,
16684,ゼーゲ・ドラー,
16685,ゼーゲ・オンスカー,
16686,ゼーゲ・ドロップ,
16687,ゼーゲ・マテリム,
16688,ゼーゲ・シュメルツ,
16689,ゼーゲ・ドレスク,
16690,ゼーゲ・フォース,
16691,ゼーゲ・オスト,
16692,ゼーゲ・ボルカ,
16693,ゼーゲ・デッソ,
16694,ゼーゲ・ウェーブ,
16695,ゼーゲ・アフィド,
16696,ゼーゲ・アグリーン,
16697,ザムザリスタ,
16698,ザムザラムザ,
16699,デュアメッサー,
16700,デュアメッサー・改,
16701,デュアメッサー・真,
16702,エスデュアメッサー,
16703,デュアリーゼ,
16704,デュアリーゼ・改,
16705,デュアリーゼ・真,
16706,エスデュアリーゼ,
16707,デュアシュベルト,
16708,デュアシュベルト・改,
16709,デュアシュベルト・真,
16710,エスデュアシュベルト,
16711,デュアヘクサ,
16712,デュアヘクサ・改,
16713,デュアヘクサ・真,
16714,エスデュアヘクサ,
16715,デュアシュピース,
16716,デュアシュピース・改,
16717,デュアシュピース・真,
16718,エスデュアシュピース,
16719,デュアカノーネ,
16720,デュアカノーネ・改,
16721,デュアカノーネ・真,
16722,エスデュアカノーネ,
16723,デュアアルム,
16724,デュアアルム・改,
16725,デュアアルム・真,
16726,エスデュアアルム,
16727,歌奏ノ剣【前奏】,
16728,歌奏ノ剣【中奏】,
16729,歌奏ノ剣【後奏】,
16730,歌奏ノ双剣【前奏】,
16731,歌奏ノ双剣【中奏】,
16732,歌奏ノ双剣【後奏】,
16733,歌奏ノ大剣【前奏】,
16734,歌奏ノ大剣【中奏】,
16735,歌奏ノ大剣【後奏】,
16736,歌奏ノ刀【前奏】,
16737,歌奏ノ刀【中奏】,
16738,歌奏ノ刀【後奏】,
16739,歌奏ノ鎚【前奏】,
16740,歌奏ノ鎚【中奏】,
16741,歌奏ノ鎚【後奏】,
16742,歌奏ノ笛【前奏】,
16743,歌奏ノ笛【中奏】,
16744,歌奏ノ笛【後奏】,
16745,歌奏ノ槍【前奏】,
16746,歌奏ノ槍【中奏】,
16747,歌奏ノ槍【後奏】,
16748,歌奏ノ銃槍【前奏】,
16749,歌奏ノ銃槍【中奏】,
16750,歌奏ノ銃槍【後奏】,
16751,ダミー,
16752,ダミー,
16753,歌奏ノ棍【独奏】,
16754,華々花火,
16755,華々花火【可憐】,
16756,華々花火【閃光】,
16757,華々花火【光舞】,
16758,華々花火【天真爛漫】,
16759,ダミー,
16760,ダミー,
16761,ダミー,
16762,ダミー,
16763,煉舞ノ剣【郭燭】,
16764,煉舞ノ剣【土岸】,
16765,煉舞ノ剣【遺構】,
16766,煉舞ノ剣【白鳥】,
16767,煉舞ノ刀【猿石】,
16768,煉舞ノ刀【荒乾】,
16769,煉舞ノ刀【陸奥】,
16770,煉舞ノ刀【火渡】,
16771,煉舞ノ笛【引手】,
16772,煉舞ノ笛【葛毬】,
16773,煉舞ノ笛【米蔵】,
16774,煉舞ノ笛【薄衣】,
16775,煉舞ノ槍【塩穀】,
16776,煉舞ノ槍【館舟】,
16777,煉舞ノ槍【明守】,
16778,煉舞ノ槍【風見】,
16779,新チャチャブアイルー,
16780,進チャチャブアイルー,
16781,浸チャチャブアイルー,
16782,真チャチャブアイルー,
16783,アルキミアの再興,
16784,アルキミアの究譚,
16785,アルキミアの証明,
16786,アルキミアの真理,
16787,白断大剣零氷【燦然】,
16788,白断大剣零氷【絢爛】,
16789,白断大剣咆雷【燦然】,
16790,白断大剣咆雷【絢爛】,
16791,煌輝突槍零氷【燦然】,
16792,煌輝突槍零氷【絢爛】,
16793,煌輝突槍咆雷【燦然】,
16794,煌輝突槍咆雷【絢爛】,
16795,暗虚撃棍零氷【燦然】,
16796,暗虚撃棍零氷【絢爛】,
16797,暗虚撃棍咆雷【燦然】,
16798,暗虚撃棍咆雷【絢爛】,
16799,冥破剣斧零氷【燦然】,
16800,冥破剣斧零氷【絢爛】,
16801,冥破剣斧咆雷【燦然】,
16802,冥破剣斧咆雷【絢爛】,
16803,魔魅鎚業火【燦然】,
16804,魔魅鎚業火【絢爛】,
16805,魔魅鎚神水【燦然】,
16806,魔魅鎚神水【絢爛】,
16807,魔誘銃槍業火【燦然】,
16808,魔誘銃槍業火【絢爛】,
16809,魔誘銃槍神水【燦然】,
16810,魔誘銃槍神水【絢爛】,
16811,魔狂棍業火【燦然】,
16812,魔狂棍業火【絢爛】,
16813,魔狂棍神水【燦然】,
16814,魔狂棍神水【絢爛】,
16815,魔闇剣斧業火【燦然】,
16816,魔闇剣斧業火【絢爛】,
16817,魔闇剣斧神水【燦然】,
16818,魔闇剣斧神水【絢爛】,
16819,宝焔剣業火【煌然】,
16820,宝冷剣神水【煌然】,
16821,玉艶双業火【煌然】,
16822,玉艶双神水【煌然】,
16823,砕鳶大剣業火【煌然】,
16824,砕鳶大剣神水【煌然】,
16825,天燕刀業火【煌然】,
16826,天燕刀神水【煌然】,
16827,閃炎鎚業火【煌然】,
16828,閃清鎚神水【煌然】,
16829,最淵槍業火【煌然】,
16830,最淵槍神水【煌然】,
16831,唐傘ノ剣,
16832,唐傘ノ剣【妖魔】,
16833,唐傘ノ剣【幽鬼】,
16834,唐傘ノ剣【魑魅】,
16835,唐傘ノ剣【百鬼夜行】,
16836,鯛剣,
16837,鯛剣【鯛印】,
16838,鯛剣【大宝】,
16839,鯛剣【大漁】,
16840,鯛剣【太鼓判】,
16841,スノーメモリーⅠ,
16842,スノーメモリーⅡ,
16843,スノーメモリーⅢ,
16844,スノーメモリーⅣ,
16845,スノーメモリーⅤ,
16846,ダミー,
16847,砕竜の気持ち,
16848,砕竜の気持ち【破裂】,
16849,砕竜の気持ち【炸裂】,
16850,砕竜の気持ち【爆裂】,
16851,エリュー・ライラ,
16852,エリュー・ライカム,
16853,エリュー・リーズリ,
16854,エリュー・ヴィリア,
16855,エリュー・フリム,
16856,エリュー・フリッツ,
16857,エリュー・シーザレ,
16858,エリュー・ヴィンジス,
16859,エリュー・ケイス,
16860,エリュー・ケイネス,
16861,エリュー・レーベン,
16862,エリュー・ヴォンバル,
16863,エリュー・アリア,
16864,エリュー・アリエネ,
16865,エリュー・プリズマ,
16866,エリュー・ヴェールズ,
16867,エリュー・オラフ,
16868,エリュー・グリンテ,
16869,エリュー・アービア,
16870,エリュー・ヴァング,
16871,セイクリッドワールズ,
16872,レイヴンハート,
16873,ウォーシップケイオス,
16874,ウィダーシンズ,
16875,ダウントゥザデヴィル,
16876,マーチオブメフィスト,
16877,エンジェルズクライ,
16878,サインオブザウィナー,
16879,クラウンレス,
16880,ブルーブラッド,
16881,ファントムディバイン,
16882,カボチャが好きニャ,
16883,お菓子が好きニャ,
16884,イタズラが好きニャ,
16885,ハッピーニャロウィン,
16886,ジャストミートⅠ,
16887,ジャストミートⅡ,
16888,ジャストミートⅢ,
16889,ジャストミートニャ！,
16890,邪剣ダーインスレイヴ,
16891,ミニオ・イール,
16892,ミニオ・アザリー,
16893,ミニオ・サータ,
16894,ミニオ・シズリー,
16895,ミニオ・リーン,
16896,ミニオ・ヘンザー,
16897,クロマエペ,
16898,クロマエペ・改,
16899,クロマエペ・真,
16900,クローマエペ,
16901,クロマツイン,
16902,クロマツイン・改,
16903,クロマツイン・真,
16904,クローマツイン,
16905,クロマクリンゲ,
16906,クロマクリンゲ・改,
16907,クロマクリンゲ・真,
16908,クローマクリンゲ,
16909,クロマピラー,
16910,クロマピラー・改,
16911,クロマピラー・真,
16912,クローマピラー,
16913,御伽ノ剣【起】,
16914,御伽ノ剣【承】,
16915,御伽ノ剣【転】,
16916,御伽ノ剣【結】,
16917,邪眼大剣・ォタミ,
16918,邪眼大剣ダネスェ,
16919,邪眼大剣レガケナ,
16920,邪眼大剣カィティ,
16921,ディオ・グニア,
16922,ディオ・ディンゴ,
16923,ディオ・バイガス,
16924,ディオ・ヴィルギス,
16925,大蛇ノ斬鎚,
16926,大蛇ノ斬鎚【燦然】,
16927,大蛇ノ斬鎚【絢爛】,
16928,大蛇ノ斬鎚【煌然】,
16929,真大蛇ノ斬鎚【燦然】,
16930,真大蛇ノ斬鎚【絢爛】,
16931,真大蛇ノ斬鎚【煌然】,
16932,真大蛇ノ斬鎚【玲瓏】,
16933,極大蛇ノ斬鎚【燦然】,
16934,極大蛇ノ斬鎚【絢爛】,
16935,極大蛇ノ斬鎚【煌然】,
16936,極大蛇ノ斬鎚【玲瓏】,
16937,棘貫斬鎚ローゼンナデ,
16938,棘貫斬鎚ローゼンリタ,
16939,棘貫斬鎚ローゼンメア,
16940,棘貫斬鎚ローゼンマグ,
16941,ヒュージ・マグナ,
16942,ヒュージ・ナダル,
16943,ヒュージ・ドゥル,
16944,ヒュヒュージ・ピラー,
16945,絶爆狼斬鎚フレンジー,
16946,絶爆狼斬鎚エタンセル,
16947,絶爆狼斬鎚シンティラ,
16948,絶爆狼斬鎚【セン】,
16949,マグネテュレイラ,
16950,ティアーテュレイラ,
16951,イナルステュレイラ,
16952,チリングテューレ,
16953,極龍斬鎚バグリオ,
16954,極龍斬鎚オウン,
16955,極龍斬鎚インクリ,
16956,光極龍斬鎚シィサ,
16957,雅翁斬鎚シラン,
16958,雅翁斬鎚シャクーナ,
16959,雅翁斬鎚オーファン,
16960,雅翁斬鎚フリジオン,
16961,トリドワイズ,
16962,トリドフレイズ,
16963,トリドアリーズ,
16964,トリド・ウジ,
16965,ゼーゲ・カリム,
16966,ゼーゲ・フゥール,
16967,ゼーゲ・ダグス,
16968,ゼーゲ・ワンデム,
16969,ウィッシュマスター,
16970,ヘッディングノース,
16971,パッカリグーク,
16972,パッカリグークグワ！,
16973,パックリグーク,
16974,パックリグークグワ！,
16975,試作型磁斬槌－α,
16976,試作型磁斬鎚－β,
16977,ハリネ・イーラ,
16978,ハリネ・イザリー,
16979,ハリネ・シータ,
16980,ハリネ・シザリー,
16981,ハリネ・ルーン,
16982,ハリネ・ヘリジー,
16983,御伽ノ剣【前】,
16984,邪眼大剣,
16985,ディオスク,
16986,グラハムスパイク,
16987,グラハムスパイク・火,
16988,グラハムスパイク・水,
16989,グラハムスパイク・雷,
16990,グラハムスパイク・氷,
16991,グラハムスパイク・龍,
16992,マグニカ・グランツェ,
16993,舞姫歌扇Ⅰ,
16994,舞姫歌扇Ⅱ,
16995,舞姫歌扇Ⅲ,
16996,舞姫歌扇Ⅳ,
16997,舞姫歌扇Ⅴ,
16998,舞姫歌扇Ⅵ,
16999,ソウルイーターⅠ,
17000,ソウルイーターⅡ,
17001,ソウルイーターⅢ,
17002,ソウルイーターⅣ,
17003,ソウルイーターⅤ,
17004,ソウルイーターⅥ,
17005,イデアルストレイダⅠ,
17006,イデアルストレイダⅡ,
17007,イデアルストレイダⅢ,
17008,イデアルストレイダⅣ,
17009,イデアルストレイダⅤ,
17010,イデアルストレイダⅥ,
17011,喰血絶大剣エスティ,
17012,喰血絶大剣エンプ,
17013,喰血絶大剣エルス,
17014,喰血絶大剣エンドゥ,
17015,喰血絶鎚マリジャ,
17016,喰血絶鎚マルス,
17017,喰血絶鎚マリン,
17018,喰血絶鎚マカドゥ,
17019,喰血絶棍サイン,
17020,喰血絶棍サイル,
17021,喰血絶棍サクラ,
17022,喰血絶棍サイドゥ,
17023,喰血絶剣斧バベル,
17024,喰血絶剣斧バスラ,
17025,喰血絶剣斧バドン,
17026,喰血絶剣斧バリドゥ,
17027,岩漿鎧剣オーパル,
17028,岩漿鎧剣アーゲト,
17029,岩漿鎧剣コーネル,
17030,岩漿鎧剣プレナイト,
17031,岩漿鎧双剣ヒズィ,
17032,岩漿鎧双剣ネフリット,
17033,岩漿鎧双剣ムンスト,
17034,岩漿鎧双剣アンジェイ,
17035,岩漿鎧刀ファンス,
17036,岩漿鎧刀サフィーア,
17037,岩漿鎧刀フローラ,
17038,岩漿鎧刀モルガナ,
17039,岩漿鎧槍ジルゴン,
17040,岩漿鎧槍グォーン,
17041,岩漿鎧槍ラブラドル,
17042,岩漿鎧槍オブシディア,
17043,岩漿鎧銃槍カルセド,
17044,岩漿鎧銃槍オニクシス,
17045,岩漿鎧銃槍クリスタ,
17046,岩漿鎧銃槍ダイモンド,
17047,岩漿鎧剣斧コスモ,
17048,岩漿鎧剣斧アメジー,
17049,岩漿鎧剣斧エメルド,
17050,岩漿鎧剣斧アンドラス,
17051,キョロキョログークⅠ,
17052,キョロキョログークⅡ,
17053,キョロキョログークⅢ,
17054,キョロキョログークⅣ,
17055,キョロキョログークⅥ,
17056,キョロキョログークⅦ,
17057,ワイワイグークⅠ,
17058,ワイワイグークⅡ,
17059,ワイワイグークⅢ,
17060,ワイワイグークⅣ,
17061,ワイワイグークⅥ,
17062,ワイワイグークⅦ,
17063,ピャーピャーグークⅠ,
17064,ピャーピャーグークⅡ,
17065,ピャーピャーグークⅢ,
17066,ピャーピャーグークⅣ,
17067,ピャーピャーグークⅥ,
17068,ピャーピャーグークⅦ,
17069,ギャオギャオグークⅠ,
17070,ギャオギャオグークⅡ,
17071,ギャオギャオグークⅢ,
17072,ギャオギャオグークⅣ,
17073,ギャオギャオグークⅥ,
17074,ギャオギャオグークⅦ,
17075,ギャアギャアグークⅠ,
17076,ギャアギャアグークⅡ,
17077,ギャアギャアグークⅢ,
17078,ギャアギャアグークⅣ,
17079,ギャアギャアグークⅥ,
17080,ギャアギャアグークⅦ,
17081,ヒャーヒャーグークⅠ,
17082,ヒャーヒャーグークⅡ,
17083,ヒャーヒャーグークⅢ,
17084,ヒャーヒャーグークⅣ,
17085,ヒャーヒャーグークⅥ,
17086,ヒャーヒャーグークⅦ,
17087,クエックエッグークⅠ,
17088,クエックエッグークⅡ,
17089,クエックエッグークⅢ,
17090,クエックエッグークⅣ,
17091,クエックエッグークⅥ,
17092,クエックエッグークⅦ,
17093,クカカカカグークⅠ,
17094,クカカカカグークⅡ,
17095,クカカカカグークⅢ,
17096,クカカカカグークⅣ,
17097,クカカカカグークⅥ,
17098,クカカカカグークⅦ,
17099,キョエキョエグークⅠ,
17100,キョエキョエグークⅡ,
17101,キョエキョエグークⅢ,
17102,キョエキョエグークⅣ,
17103,キョエキョエグークⅥ,
17104,キョエキョエグークⅦ,
17105,カァーカァーグークⅠ,
17106,カァーカァーグークⅡ,
17107,カァーカァーグークⅢ,
17108,カァーカァーグークⅣ,
17109,カァーカァーグークⅥ,
17110,カァーカァーグークⅦ,
17111,ピエーピエーグークⅠ,
17112,ピエーピエーグークⅡ,
17113,ピエーピエーグークⅢ,
17114,ピエーピエーグークⅣ,
17115,ピエーピエーグークⅥ,
17116,ピエーピエーグークⅦ,
17117,ゴールデングークⅠ,
17118,ゴールデングークⅡ,
17119,ゴールデングークⅢ,
17120,ゴールデングークⅣ,
17121,ゴールデングークⅥ,
17122,ゴールデングークⅦ,
17123,シルバーグークⅠ,
17124,シルバーグークⅡ,
17125,シルバーグークⅢ,
17126,シルバーグークⅣ,
17127,シルバーグークⅥ,
17128,シルバーグークⅦ,
17129,ブロンズグークⅠ,
17130,ブロンズグークⅡ,
17131,ブロンズグークⅢ,
17132,ブロンズグークⅣ,
17133,ブロンズグークⅥ,
17134,ブロンズグークⅦ,
17135,グァーグァーグークⅦ,
17136,ワァーワァーグークⅦ,
17137,ガァーガァーグークⅦ,
17138,サンタ・デ・グークⅠ,
17139,サンタ・デ・グークⅡ,
17140,サンタ・デ・グークⅢ,
17141,サンタ・デ・グークⅣ,
17142,サンタ・デ・グークⅤ,
17143,賀正斬鎚【日出】,
17144,賀正斬鎚【日光】,
17145,賀正斬鎚【天晴】,
17146,賀正斬鎚【天照】,
17147,零杭カドゥケウス,
17148,クロマアルマ,
17149,クロマアルマ・改,
17150,クロマアルマ・真,
17151,クローマアルマ,
17152,クロママルトー,
17153,クロママルトー・改,
17154,クロママルトー・真,
17155,クローママルトー,
17156,クロマラッパー,
17157,クロマラッパー・改,
17158,クロマラッパー・真,
17159,クローマラッパー,
17160,クロマランツェ,
17161,クロマランツェ・改,
17162,クロマランツェ・真,
17163,クローマランツェ,
17164,クロマランケア,
17165,クロマランケア・改,
17166,クロマランケア・真,
17167,クローマランケア,
17168,クロマトンファ,
17169,クロマトンファ・改,
17170,クロマトンファ・真,
17171,クローマトンファ,
17172,クロマアクスト,
17173,クロマアクスト・改,
17174,クロマアクスト・真,
17175,クローマアクスト,
17176,エルッペブルックⅠ,
17177,エルッペブルックⅡ,
17178,エルッペブルックⅢ,
17179,エルッペブルックⅣ,
17180,エルッペブルックⅤ,
17181,瑠璃煌刀アーク,
17182,瑠璃煌刀タンオーク,
17183,瑠璃煌刀ノイスト,
17184,瑠璃煌刀ヴィレイン,
17185,瑠璃煌刀ヴィレギュラ,
17186,まきまきラヴィⅠ,
17187,まきまきラヴィⅡ,
17188,まきまきラヴィⅢ,
17189,まきまきラヴィⅣ,
17190,まきまきラヴィⅤ,
17191,ヴァルサソウルⅠ,
17192,ヴァルサソウルⅡ,
17193,ヴァルサソウルⅢ,
17194,ヴァルサソウルⅣ,
17195,ヴァルサソウルⅤ,
17196,帝征銃槍,
17197,帝ヲ征シ龍ノ銃槍Ⅰ,
17198,帝ヲ征シ龍ノ銃槍Ⅱ,
17199,帝ヲ征シ龍ノ銃槍Ⅲ,
17200,帝ヲ征シ龍ノ銃槍Ⅳ,
17201,ロロとレイの冒険Ⅰ,
17202,ロロとレイの冒険Ⅱ,
17203,ロロとレイの冒険Ⅲ,
17204,ロロとレイの結末,
17205,未知との邂逅,
17206,未知との親交,
17207,未知との闘争,
17208,未知との創造,
17209,グラハムスパイクⅠ,
17210,グラハムスパイクⅡ,
17211,グラハムスパイクⅢ,
17212,グラハムスパイクⅣ,
17213,グラハムスパイクⅤ,
17214,極神剣ガラティーン,
17215,覇斧フランシスカ,
17216,煉獄ノ剣,
17217,煉獄ノ剣・反抗,
17218,煉獄ノ剣・願望,
17219,煉獄ノ剣【阿修羅】,
17220,煉獄ノ双剣,
17221,煉獄ノ双剣・反抗,
17222,煉獄ノ双剣・願望,
17223,煉獄ノ双剣【大黒天】,
17224,煉獄ノ大剣,
17225,煉獄ノ大剣・反抗,
17226,煉獄ノ大剣・願望,
17227,煉獄ノ大剣【月読命】,
17228,煉獄ノ刀,
17229,煉獄ノ刀・反抗,
17230,煉獄ノ刀・願望,
17231,煉獄ノ刀【夜刀神】,
17232,煉獄ノ鎚,
17233,煉獄ノ鎚・反抗,
17234,煉獄ノ鎚・願望,
17235,煉獄ノ鎚【韋駄天】,
17236,煉獄ノ笛,
17237,煉獄ノ笛・反抗,
17238,煉獄ノ笛・願望,
17239,煉獄ノ笛【恵比寿】,
17240,煉獄ノ槍,
17241,煉獄ノ槍・反抗,
17242,煉獄ノ槍・願望,
17243,煉獄ノ槍【毘沙門天】,
17244,煉獄ノ銃槍,
17245,煉獄ノ銃槍・反抗,
17246,煉獄ノ銃槍・願望,
17247,煉獄ノ銃槍【付喪神】,
17248,煉獄ノ棍,
17249,煉獄ノ棍・反抗,
17250,煉獄ノ棍・願望,
17251,煉獄ノ棍【大国主】,
17252,煉獄ノ剣斧,
17253,煉獄ノ剣斧・反抗,
17254,煉獄ノ剣斧・願望,
17255,煉獄ノ剣斧【布袋】,
17256,煉華ノ斬鎚,
17257,煉華ノ斬鎚【馬】,
17258,煉華ノ斬鎚【馬超】,
17259,煉華ノ斬鎚【越裂】,
17260,歌繋ノ剣【前奏】,
17261,歌繋ノ剣【中奏】,
17262,歌繋ノ剣【後奏】,
17263,歌繋ノ双剣【前奏】,
17264,歌繋ノ双剣【中奏】,
17265,歌繋ノ双剣【後奏】,
17266,歌繋ノ大剣【前奏】,
17267,歌繋ノ大剣【中奏】,
17268,歌繋ノ大剣【後奏】,
17269,歌繋ノ刀【前奏】,
17270,歌繋ノ刀【中奏】,
17271,歌繋ノ刀【後奏】,
17272,歌繋ノ鎚【前奏】,
17273,歌繋ノ鎚【中奏】,
17274,歌繋ノ鎚【後奏】,
17275,歌繋ノ笛【前奏】,
17276,歌繋ノ笛【中奏】,
17277,歌繋ノ笛【後奏】,
17278,歌繋ノ槍【前奏】,
17279,歌繋ノ槍【中奏】,
17280,歌繋ノ槍【後奏】,
17281,歌繋ノ銃槍【前奏】,
17282,歌繋ノ銃槍【中奏】,
17283,歌繋ノ銃槍【後奏】,
17284,歌繋ノ棍【独奏】,
17285,歌繋ノ剣斧【独奏】,
17286,歌繋ノ斬鎚【独奏】,
17287,ポエトエペ,
17288,ポエトエペ・改,
17289,ポエトエペ・真,
17290,ポエトリエペ,
17291,ポエトツイン,
17292,ポエトツイン・改,
17293,ポエトツイン・真,
17294,ポエトリツイン,
17295,ポエトアルマ,
17296,ポエトアルマ・改,
17297,ポエトアルマ・真,
17298,ポエトリアルマ,
17299,ポエトクリンゲ,
17300,ポエトクリンゲ・改,
17301,ポエトクリンゲ・真,
17302,ポエトリクリンゲ,
17303,ポエトマルトー,
17304,ポエトマルトー・改,
17305,ポエトマルトー・真,
17306,ポエトリマルトー,
17307,ポエトラッパー,
17308,ポエトラッパー・改,
17309,ポエトラッパー・真,
17310,ポエトリラッパー,
17311,ポエトランツェ,
17312,ポエトランツェ・改,
17313,ポエトランツェ・真,
17314,ポエトリランツェ,
17315,ポエトランケア,
17316,ポエトランケア・改,
17317,ポエトランケア・真,
17318,ポエトリランケア,
17319,ポエトトンファ,
17320,ポエトトンファ・改,
17321,ポエトトンファ・真,
17322,ポエトリトンファ,
17323,ポエトアクスト,
17324,ポエトアクスト・改,
17325,ポエトアクスト・真,
17326,ポエトリアクスト,
17327,ポエトピラー,
17328,ポエトピラー・改,
17329,ポエトピラー・真,
17330,ポエトリピラー,
17331,マジェ・リーン,
17332,マジェ・アイン,
17333,マジェ・スピカ,
17334,マジェ・ランジェ,
17335,マジェ・エクリペ,
17336,マジェ・グラム,
17337,マジェ・カーン,
17338,マジェ・ソイン,
17339,マジェ・スカラベ,
17340,マジェ・ハイロゥ,
17341,マジェ・スクリズ,
17342,マジェ・クラウ,
17343,マジェ・シーン,
17344,マジェ・グイン,
17345,マジェ・ブラクリ,
17346,マジェ・ブラサス,
17347,マジェ・インフィ,
17348,マジェ・ナーゲリング,
17349,マジェ・キーン,
17350,マジェ・レイン,
17351,マジェ・ムラス,
17352,マジェ・サミドル,
17353,マジェ・ヨートス,
17354,マジェ・ムラクモ,
17355,マジェ・オーン,
17356,マジェ・ゴイン,
17357,マジェ・トルーパ,
17358,マジェ・アルハス,
17359,マジェ・マエロル,
17360,マジェ・ミョルニル,
17361,マジェ・フーン,
17362,マジェ・ライン,
17363,マジェ・スターチ,
17364,マジェ・リクニル,
17365,マジェ・テトライ,
17366,マジェ・シストラム,
17367,マジェ・スーン,
17368,マジェ・クイン,
17369,マジェ・ハルーゼ,
17370,マジェ・トクリス,
17371,マジェ・ブライハ,
17372,マジェ・トリシュラ,
17373,マジェ・ソーン,
17374,マジェ・ハイン,
17375,マジェ・ブレーク,
17376,マジェ・レディバグ,
17377,マジェ・ホワロズ,
17378,マジェ・レガリア,
17379,ダミー,
17380,ダミー,
17381,ダミー,
17382,ダミー,
17383,マジェ・バンブル,
17384,マジェ・パイルバンカ,
17385,ダミー,
17386,ダミー,
17387,ダミー,
17388,ダミー,
17389,マジェ・レンジャ,
17390,マジェ・パラシュ,
17391,ダミー,
17392,ダミー,
17393,ダミー,
17394,ダミー,
17395,マジェ・プライア,
17396,マジェ・オハン,
17397,グレイ・リーン,
17398,グレイ・アイン,
17399,グレイ・スピカ,
17400,グレイ・ランジェ,
17401,グレイ・エクリペ,
17402,グレイ・リジル,
17403,グレイ・カーン,
17404,グレイ・ソイン,
17405,グレイ・スカラベ,
17406,グレイ・ハイロゥ,
17407,グレイ・スクリズ,
17408,グレイ・ソラス,
17409,グレイ・シーン,
17410,グレイ・グイン,
17411,グレイ・ブラクリ,
17412,グレイ・ブラサス,
17413,グレイ・インフィ,
17414,グレイ・レヴァテイン,
17415,グレイ・キーン,
17416,グレイ・レイン,
17417,グレイ・ムラス,
17418,グレイ・サミドル,
17419,グレイ・ヨートス,
17420,グレイ・ハバキリ,
17421,グレイ・オーン,
17422,グレイ・ゴイン,
17423,グレイ・トルーパ,
17424,グレイ・アルハス,
17425,グレイ・マエロル,
17426,グレイ・シャルル,
17427,グレイ・フーン,
17428,グレイ・ライン,
17429,グレイ・スターチ,
17430,グレイ・リクニル,
17431,グレイ・テトライ,
17432,グレイ・リラ,
17433,グレイ・スーン,
17434,グレイ・クイン,
17435,グレイ・ハルーゼ,
17436,グレイ・トクリス,
17437,グレイ・ブライハ,
17438,グレイ・トリアイナ,
17439,グレイ・ソーン,
17440,グレイ・ハイン,
17441,グレイ・ブレーク,
17442,グレイ・レディバグ,
17443,グレイ・ホワロズ,
17444,グレイ・ウアス,
17445,ダミー,
17446,ダミー,
17447,ダミー,
17448,ダミー,
17449,グレイ・バンブル,
17450,グレイ・パイルバンク,
17451,ダミー,
17452,ダミー,
17453,ダミー,
17454,ダミー,
17455,グレイ・レンジャ,
17456,グレイ・チャク,
17457,ダミー,
17458,ダミー,
17459,ダミー,
17460,ダミー,
17461,グレイ・プライア,
17462,グレイ・リアファル,
17463,多殻真刀,
17464,多殻真刀【桔梗】,
17465,多殻真刀【明日葉】,
17466,多殻真刀【百日紅】,
17467,多殻真鎚,
17468,多殻真鎚【木蓮】,
17469,多殻真鎚【夾竹桃】,
17470,多殻真鎚【山茶花】,
17471,多殻真棍,
17472,多殻真棍【大手毬】,
17473,多殻真棍【時計草】,
17474,多殻真棍【弟切草】,
17475,多殻真剣斧,
17476,多殻真剣斧【桜草】,
17477,多殻真剣斧【紫露草】,
17478,多殻真剣斧【半夏生】,
17479,多殻真斬鎚,
17480,多殻真斬鎚【金魚草】,
17481,多殻真斬鎚【立金花】,
17482,多殻真斬鎚【花水木】,
17483,司銀真剣シルバ,
17484,司銀真剣ミタール,
17485,司銀真剣プラータ,
17486,司銀真剣クリスタロ,
17487,司銀双剣ジン,
17488,司銀双剣セリエブロー,
17489,司銀双剣メタルム,
17490,司銀双剣クリュスタ,
17491,司銀大剣ラルジャン,
17492,司銀大剣ミリオヌ,
17493,司銀大剣ハク,
17494,司銀大剣アルギュロス,
17495,司銀輝槍アスィミ,
17496,司銀輝槍メトゥ,
17497,司銀輝槍リサシオン,
17498,司銀輝槍スドラーバ,
17499,司銀銃槍タルス,
17500,司銀銃槍シリブロー,
17501,司銀銃槍ノリソス,
17502,司銀銃槍ゼルヴェル,
17503,司銀猛笛フィッダ,
17504,司銀猛笛シダヴロス,
17505,司銀猛笛アルジェン,
17506,司銀猛笛ノグレー,
17507,司銀斬鎚シロガネ,
17508,司銀斬鎚デルーナ,
17509,司銀斬鎚セリノス,
17510,司銀斬鎚エマンダロ,
17511,魔崇斬鎚・火,
17512,魔崇斬鎚・火【燦然】,
17513,魔崇斬鎚・火【絢爛】,
17514,魔崇斬鎚華火【燦然】,
17515,魔崇斬鎚華火【絢爛】,
17516,魔崇斬鎚業火【燦然】,
17517,魔崇斬鎚業火【絢爛】,
17518,魔崇斬鎚・水,
17519,魔崇斬鎚・水【燦然】,
17520,魔崇斬鎚・水【絢爛】,
17521,魔崇斬鎚帝水【燦然】,
17522,魔崇斬鎚帝水【絢爛】,
17523,魔崇斬鎚神水【燦然】,
17524,魔崇斬鎚神水【絢爛】,
17525,魔崇斬鎚・雷,
17526,魔崇斬鎚・雷【燦然】,
17527,魔崇斬鎚・雷【絢爛】,
17528,魔崇斬鎚剛雷【燦然】,
17529,魔崇斬鎚剛雷【絢爛】,
17530,魔崇斬鎚咆雷【燦然】,
17531,魔崇斬鎚咆雷【絢爛】,
17532,魔崇斬鎚・氷,
17533,魔崇斬鎚・氷【燦然】,
17534,魔崇斬鎚・氷【絢爛】,
17535,魔崇斬鎚天氷【燦然】,
17536,魔崇斬鎚天氷【絢爛】,
17537,魔崇斬鎚零氷【燦然】,
17538,魔崇斬鎚零氷【絢爛】,
17539,デスロール,
17540,ヒーローズリターン,
17541,ディーモンディザイア,
17542,ラブリーアイルーⅠ,
17543,ラブリーアイルーⅡ,
17544,ラブリーアイルーⅢ,
17545,ラブリーアイルーⅣ,
17546,ラブリーアイルーⅤ,
17547,雛飾りグーク,
17548,雛飾りグークク,
17549,雛飾りグーククワ,
17550,雛飾りグーククワワッ,
17551,ビスケットクリームⅠ,
17552,ビスケットクリームⅡ,
17553,ビスケットクリームⅢ,
17554,ビスケットクリームⅣ,
17555,咲キ乱レシ花槍Ⅰ,
17556,咲キ乱レシ花槍Ⅱ,
17557,咲キ乱レシ花槍Ⅲ,
17558,咲キ乱レシ花槍Ⅳ,
17559,咲キ乱レシ花槍Ⅴ,
17560,ヴォルノボリんⅠ,
17561,ヴォルノボリんⅡ,
17562,ヴォルノボリんⅢ,
17563,ヴォルノボリんⅣ,
17564,キャンドルトゥルース,
17565,キャンドルフレイム,
17566,キャンドルデビルス,
17567,きんねこエンペラー,
