jp,fr,occurrences,has_var,en_hint
"マイトレプーギー服の装飾品。
一部の服には装備できない。",,2025,yes,"Decoration for Hunter Haven
Poogie outfits. Cannot be
attached to some outfits."
"Ｇ級防具を精錬することで
作られた装飾品。","Joyau créé en raffinant
une armure de rang G.",1952,,
"マイトレプーギー服の装飾品。
全ての服に装備可能。",,1146,yes,"Decoration for Hunter Haven
Poogie outfits. Can be
attached to all outfits."
ダミー,,584,yes,
"パートニャー専用の装飾品。
全ての武具に装着可能。",,453,yes,
"特殊な性質を持った稀少な
紙で作られたチケット。
特別な品と交換できる。",,217,yes,"A ticket made of special
rare paper. Can be exchanged
for something unique."
"天廊武器に新たなスキルを
付与できる秘石。
{c05}（天廊武器専用）",,173,yes,
Z3P_装飾品・カフ使用予定枠,,150,yes,
"マイトレプーギー服の特別な
装飾品。全ての服に装備可能。",,140,yes,
dummy,,137,,
"ＳＰ装備にのみ装着が可能。
スキル値の高いＳＰ装飾品。",,130,yes,
"スキル組み合わせの深い世界
を好む玄人向けの高級装飾品。",,116,yes,
"マイトレプーギー服の装飾品
を生産するのに必要な素材。
工房に持って行こう！",,101,yes,"Required for making Poogie
outfit decorations.
Take it to the Smithy!"
"装飾品の素材として
かかせない珠。
非常に希少価値の高い逸品。","Perle indispensable à la
fabrication des joyaux.
D'une très grande rareté.",97,,
"祈歌に共鳴して硬度を
増す不思議な石。
透き通った色をしている。","Pierre mystérieuse qui durcit
au contact du chant sacré.
Sa teinte est translucide.",64,,
"パートニャーの装飾品を
生産するのに必要な素材。
工房に持って行こう！",,50,yes,
Z3P_アイテム使用予定枠,,46,yes,
"不思議な性質を持った
紙で作られたチケット。
特別な品と交換できる。",,40,yes,"A ticket made from some
weird paper. Can be swapped
for something special."
"人の頭では辿り着けない着想。
自然の声に耳を傾けることで、
見えてくるものがある。","Une idée hors de portée de
l'esprit humain. Écoute la voix
de la nature pour l'entrevoir.",32,,
"狩りの間中、特殊な能力が
持続する。力尽きても効果は
持続。ただし効果は一つだけ。","Confère un pouvoir spécial
durant toute la chasse, même
K.O. Un seul effet à la fois.",31,,
"過酷な狩猟を達成した者だけ
が得ることのできる、勇猛な
ハンターの証。",,30,yes,"Only given to brave Hunters
who've proven they can
survive the toughest trials."
"火の力を秘めていると伝えら
れる鉱石。見る角度によって、
微妙に色を変えるという。","Minerai qui recèlerait la
puissance du feu. Sa couleur
varie selon l'angle de vue.",30,,"An ore said to contain the
power of flame. Its color
changes as it moves."
"過酷な環境に自生するという
生命力の強い植物。強靭な
繊維が優れた武具を生み出す。","Plante robuste poussant en
milieu hostile. Ses fibres
donnent un équipement solide.",27,,
ダミー。,,26,yes,Dummy.
"武器に特殊な効果を
付与する印。
{c05}（天廊武器専用）","Sceau conférant un effet
spécial à une arme.
{c05}(Armes du Couloir céleste)",26,,
"『宮下Ｐの挑戦状』の解答券。
「売ったり捨てたりせずに、
大事にとっといてね＾−＾」",,24,,
"攻撃と保護系スキルが
アップするＧ級装飾品。",,23,yes,
"ＳＳＦ賙シリーズの
生産方法が記された紙。
工房に持って行こう！",,20,yes,"Instructions for making
SSFIV Series armor.
Take them to the Smithy!"
"Ｇ級の参加者のみ手にできる
といわれている希少岩。
より強固な武具を生産できる。","Roche rare réservée aux
chasseurs de rang G. Permet
un équipement plus résistant.",20,,
"採集をした証拠となるコイン。
「狩猟するだけがハンター
では無い」と書かれている。",,16,yes,"Proof of gathering prowess.
Its inscription reads: ""It's
not all about hunting."""
"Ｇ級の参加者のみ手にできる
といわれている希少鉱石。
強固な武具を生産できる。","Minerai rare réservé aux
chasseurs de rang G. Permet
un équipement résistant.",16,,
"ギルドから発行される、
特別な補助券。ある依頼を
受注する際に必要になる。",,15,yes,
"攻撃とその他系スキルが
アップするＧ級装飾品。",,14,yes,
"モンスターの甲殻の欠片。
武具の素材として使うには
小さすぎる。",,13,yes,
"何に使うのかわからない、
毒々しい色をした液体。
一部研究家などに需要がある。","Liquide aux teintes vénéneuses
à l'usage inconnu. Recherché
par certains savants.",13,,
"メゼポルタ広場の近郊などで
産出される鉱石の１種。
様々な色の結晶を含んでいる。",,12,yes,"A type of ore found near
Mezeporta Square. Contains
crystals of various colors."
"ギルドが回収している
アイテム。５万ゼニーで
売却可能。",,12,yes,
"『宮下Ｐの挑戦状』に挑む券。
「私からのクイズに答えられ
　るかな？ぐふふ…」",,12,yes,
"長い間、未開の地を切り開い
てきた狩人たちへの感謝の証。","Gage de gratitude envers les
chasseurs qui ont défriché
les terres inexplorées.",11,,
"硬度を追求し、限界まで鍛え
た鋼材。見る角度によって、
微妙に色を変えるという。","Acier forgé à l'extrême en
quête de dureté. Sa couleur
varie selon l'angle de vue.",11,,
"とあるハンターが描かれた
カード。非常に人気が有り
コレクターも多いという。",,11,yes,
"綺麗な色をした、小さな腕輪。
ハンターズギルドがときどき
配布しているらしい。",,11,yes,
"困難なクエストを達成した
ハンターにのみ与えられる
名誉ある証。",,11,yes,
"攻撃系スキルが
アップするＧ級装飾品。",,11,yes,
"新年にもらった謎の袋。
何かが入っているが、
ゼニーではないようだ。",,10,yes,"A mysterious bag received on
New Year's. It contains something,
but it doesn't seem to be Zenny."
"お店で売れる、換金用の金券
チケット。押されたスタンプ
の色で金額が異なる。",,10,yes,"Coupon that can be exchanged
for money. The color of the
stamp determines its value."
"一部の職人の間で需要が高い
奇想天外な道具セット。
何が入っているかわからない。",,10,yes,"A bizarre set of tools, much
in demand by some artisans.
What could it contain?"
"ハンターズギルドから、配布
されたカード。
価値はなく、用途は不明。",,10,yes,
"困難を乗り越えし者に与える
名誉の勲章。武具工房で珍し
いピアスと交換できる。",,10,yes,
"狩人祭の参加者が獲られる追
憶。祭で狩りの腕に磨きを
かけた者たちへの褒賞品。",,10,,
"モンスターを模した人形。
作り手の気分で作られている
ため数量は少ない。",,10,yes,
"狩人祭の参加者が得られる想
い。仲間と共に狩りの腕に磨
きをかけた者たちへの褒賞品。",,10,,
"鮮やかな色のついた古い木箱。
中に何か入っているようだが、
開けることができない。","Vieux coffret de bois aux
couleurs vives. Quelque chose
y dort, mais il ne s'ouvre pas.",10,,
"古代人が記したとされる
天廊武器を生産することが
出来る秘文書。","Document secret des anciens
permettant de forger une
arme du Couloir céleste.",10,,
※開発用,,9,,※For Development
"類稀なる強靭な古龍の狩猟を
達成した者だけが得ることの
できる証。","Preuve réservée à qui a vaincu
les dragons anciens les plus
redoutables.",8,,"Only available to those who
have shown they can hunt the
oldest, toughest dragons."
"特殊な性質を持った稀少な紙
で作られたチケット。
特別な品と交換できる。",,8,yes,"A ticket made of rare paper
with unique properties. Swap
it for something special!"
"セケンピアスの
生産方法が記された紙。
工房に持って行こう！",,8,yes,
"ジオピアスの
生産方法が記された紙。
工房に持って行こう！",,8,yes,
"世話やきネコのお気に入り。
他のアイテムと交換できそう。",,8,yes,
"トリアピアスの
生産方法が記された紙。
工房に持って行こう！",,8,yes,
"お店で売れる、Ｇ級ハンター
のみが所持できる換金用の
金券。色で金額が異なる。",,8,yes,
"熱き魂が詰まった玉。
持っているだけで魂を追加で
獲得できる。","Sphère emplie d'âmes ardentes.
La porter permet d'en gagner
davantage.",8,,
"攻撃と保護系スキルなどが
アップするＧ級装飾品。",,8,yes,
"鳥竜の模様をしたグーク笛の
生産方法が記された紙。
工房に持って行こう！",,8,yes,
"グークの足を模した防具の
生産方法が記された紙。
工房に持って行こう！",,8,yes,
"演習用の特殊な装飾品。
生産は不可能。",,7,,"A special decoration for
training purposes. Cannot
be created."
"ガニアシリーズの
生産方法が記された紙。
工房に持って行こう！",,7,yes,
"狩人道場で演習を
受けた時に贈られるコイン。
教官の気まぐれでもらえる。",,6,yes,"Coin given to those who
cleared a Hunter Dojo training."
"ハンターズギルドから、時々
配布されるコイン。
様々な用途に使用される。",,6,yes,"A Coin sometimes distributed
by the Hunters' Guild. Has a
variety of uses."
"肉球のスタンプが押されてい
る獣人族の通貨。
刻まれている文字は読めない。",,6,yes,"Lynian currency with a
pawprint stamped on it. Its
engraving is unreadable."
"ある種の鉱石から生産された
防具を強化できる素材。種類
によって多彩な変化を見せる。",,6,,"Improves gear made from a
certain ore. Its effect will
vary depending on its type."
"時おり産出される希少鉱石の
欠片。鮮やかな色彩の結晶を
含有しており、用途も様々。",,6,,"A fragment of a rarely
produced ore containing
colored crystals. Versatile."
"ハンターズギルドから、時々
配布されるシール。
様々な用途に使用される。",,6,yes,"A seal sometimes
distributed by the Guild.
Has a variety of uses."
"希少価値が高い特殊な液体。
様々な用途に使用され、
隠れた愛好家もいるらしい。",,6,,"A precious liquid. Its
versatility has won it
legions of fans."
"希少価値が高い特殊な袋。
様々な用途に使用され、
隠れた愛好家もいるらしい。",,6,,"A special pouch. Its
versatility has won it
legions of fans."
"希少価値が高い特殊な壺。
様々な用途に使用され、
隠れた愛好家もいるらしい。",,6,,"A precious pot. Its
versatility has won it
legions of fans."
"ある時期になると登場する、
ヴォルガノスによく似た人形。
人形だから食べられない。",,6,yes,
"ホルクがクエストクリア時に
落とすことがある羽根。
調合用素材として用いられる。",,6,yes,
"用途がよくわからない薬液。
強烈な臭いがするらしく、
密封されている。",,6,,
"モンスターの体内で生成された
結晶。生命力の源とされ様々な
武具の素材として使われる。",,6,yes,
"ハンターズギルドから、
配布されたパス。
時々配布されるが用途は不明。",,6,yes,
"ハンターズギルドから、
配布されたリング。
しかしながら、用途は不明。",,6,yes,
"ハンターズギルドから、
配布されたバッジ。
しかしながら、用途は不明。",,6,yes,
"ハンターズギルドから、
配布されたメダル。
様々な用途に使用される。",,6,yes,
"古代人が記したとされる
天廊防具の生産を指示した
古文書。",,6,,
"ハンターズギルドから配布さ
れる、絆の深いハンター同士
で交換や譲渡ができる証。",,6,yes,
"メゼポルタ広場で暗躍する、
謎の組織のシール。時折広場
に貼られている。",,6,yes,
"メゼポルタ広場で暗躍する、
謎の組織のボタン。時折広場
に落ちている。",,6,yes,
"メゼポルタ広場で暗躍する、
謎の組織のパス。アジトへの
出入りに使われる。",,6,yes,
"メゼポルタ広場で暗躍する、
謎の組織の指輪。
サイズは団員サイズ。",,6,yes,
"一見岩の塊のように見えるが、
実はさびまみれの金属。磨け
ば掘り出し物の可能性が…。",,5,,"Looks like a lump of dirt,
but it's actually rusted metal.
Try polishing it..."
"一見、化石の様に見えるが
何かの金属らしい。磨けば
掘り出し物の可能性が…。",,5,,"Appears to be some kind of
fossilized metal. Maybe a treasure
if polished."
"チャチャブーの持ち物。
彼らにとっては貴重品。
ゴミにしか見えないが…。",,5,yes,"This item, dropped by a
Shakalaka, looks like trash,
but is highly treasured."
"イベント用の特殊な装飾品。
生産は不可能。",,5,yes,"A special decoration for
events. Cannot be created in
workshops."
"１周年記念防具の生産券。
工房で好きな色を選んで生産
しよう！",,5,,"An armor ticket awarded on
your first anniversary. Take
it to the Smithy!"
"リアンシリーズの生産方法が
記された紙。工房で好きな色
を選んで生産しよう！",,5,yes,"Instructions for making Rian
Series armor. Take to the
Smithy and choose a color!"
"アルマシリーズの生産方法が
記された紙。工房で好きな色
を選んで生産しよう！",,5,yes,"Instructions for making Alma
Series armor. Take to the
Smithy and choose a color!"
"しろねこ服シリーズの
生産方法が記された紙。
工房に持って行こう！",,5,yes,"Instructions for making
White Felyne series clothes.
Take them to the Smithy!"
"メゼポルタ広場で暗躍する、
謎の組織の身分証。偉そうな
メラルーの顔が描かれている。",,5,yes,"ID badge for members of a
mysterious group who
operate in Mezeporta Square."
"失われた武具の生産法が記さ
れた書。破損して断片的な情
報しかない。全部揃えると…。",,5,,"Part of the instructions for
making some equipment.
Try collecting them all!"
"イクスシリーズの生産方法が
記された紙。工房で好きな色
を選んで生産しよう！",,5,yes,"Instructions for making X
series armor. Take to the
Smithy and choose a color!"
"ホワイトメタルシリーズの
生産方法が記された紙。
工房に持って行こう！",,5,yes,"Instructions for making
White Metal series armor.
Take them to the Smithy!"
"シャランシリーズの生産方法が
記された紙。工房で好きな色
を選んで生産しよう！",,5,yes,"Instructions for making
Sharan Series armor. Take
them to the Smithy!"
"レアルシリーズの生産方法が
記された紙。工房で好きな色
を選んで生産しよう！",,5,yes,"Instructions for making
Real Series armor. Take
them to the Smithy!"
"フェルムシリーズの生産方法が
記された紙。工房で好きな色
を選んで生産しよう！",,5,yes,"Instructions for making
Ferrum Series armor.
Take them to the Smithy!"
"クレールシリーズの生産方法が
記された紙。工房で好きな色
を選んで生産しよう！",,5,yes,"Instructions for making
Craille Series armor.
Take them to the Smithy!"
"メレティシリーズの生産方法が
記された紙。工房で好きな色
を選んで生産しよう！",,5,yes,"Instructions for making
Melody Series armor.
Take them to the Smithy!"
"ゴルトシリーズの生産方法が
記された紙。工房で好きな色
を選んで生産しよう！",,5,yes,"Instructions for making
Golto Series armor.
Take them to the Smithy!"
"アリストシリーズの生産方法が
記された紙。工房で好きな色
を選んで生産しよう！",,5,yes,"Instructions for making
Aristo Series armor.
Take them to the Smithy!"
"テクストシリーズの生産方法が
記された紙。工房で好きな色
を選んで生産しよう！",,5,yes,"Instructions for making
Texto Series armor.
Take them to the Smithy!"
"アージェシリーズの生産方法が
記された紙。工房で好きな色
を選んで生産しよう！",,5,yes,"Instructions for making
Arge Series armor.
Take them to the Smithy!"
"何かの地図の断片。
全部揃えると……？",,5,,"A torn map fragment.
Try collecting them all..."
"レイジシリーズの
生産方法が記された紙。
工房に持って行こう！",,5,yes,"Instructions for making
Rage Series armor.
Take them to the Smithy!"
"ランページシリーズの
生産方法が記された紙。
工房に持って行こう！",,5,yes,"Instructions for making
Rampage Series armor.
Take them to the Smithy!"
"ブレイズシリーズの
生産方法が記された紙。
工房に持って行こう！",,5,yes,"Instructions for making
Blaze Series armor.
Take them to the Smithy!"
"ファランシリーズの
生産方法が記された紙。
工房に持って行こう！",,5,yes,"Instructions for making
Fallon Series armor.
Take them to the Smithy!"
"きんねこ服シリーズの
生産方法が記された紙。
工房に持って行こう！",,5,yes,"Instructions for making
Gold Felyne Series clothes.
Take them to the Smithy!"
"ぎんねこ服シリーズの
生産方法が記された紙。
工房に持って行こう！",,5,yes,"Instructions for making
Silver Felyne Series
clothes. Take to the Smithy!"
"スフィアシリーズの
生産方法が記された紙。
工房に持って行こう！",,5,yes,"Instructions for making
Sphere Series armor. Take
them to the Smithy!"
"リゲリアシリーズの
生産方法が記された紙。
工房に持って行こう！",,5,yes,"Instructions for making
Regalia Series armor.
Take them to the Smithy!"
"スリートシリーズの
生産方法が記された紙。
工房に持って行こう！",,5,yes,"Instructions for making
Sleet Series armor.
Take them to the Smithy!"
"カマレラシリーズの
生産方法が記された紙。
工房に持って行こう！",,5,yes,"Instructions for making
Camarella Series armor.
Take them to the Smithy!"
"ある時期になるとメゼポルタ
広場でよく作られるお菓子。
子供から大人まで大人気。",,5,yes,"A seasonal treat made in
Mezeporta. Popular with
people of all ages!"
"ステノシリーズの
生産方法が記された紙。
工房に持って行こう！",,5,yes,
"メテネラシリーズの
生産方法が記された紙。
工房に持って行こう！",,5,yes,
"バーニーシリーズの
生産方法が記された紙。
工房に持って行こう！",,5,yes,
"ハンターズギルドから、配布
された正六面体のダイス。
しかしながら、用途は不明。",,5,yes,
"ハンターズギルドから、配布
された何も書かれていない本。
時々配布されるが用途は不明。",,5,yes,
"ハンターズギルドから、時々
発行される半券。
様々な用途に使用される。",,5,yes,
"ハンターズギルドから、時々
配布される袋。
様々な用途に使用できる。",,5,yes,
"エディオシリーズの
生産方法が記された紙。
工房に持って行こう！",,5,yes,
"アビットシリーズの
生産方法が記された紙。
工房に持って行こう！",,5,yes,
"蘭陀シリーズの生産方法が
記された紙。
工房に生産を依頼してみよう！",,5,yes,
"マイストシリーズの
生産方法が記された紙。
工房に持って行こう！",,5,yes,
"プーギーシリーズの
生産方法が記された紙。
工房に持って行こう！",,5,yes,
"マンドラシリーズの
生産方法が記された紙。
工房に持って行こう！",,5,yes,
"アオノコシリーズの
生産方法が記された紙。
工房に持って行こう！",,5,yes,
"トラスシリーズの
生産方法が記された紙。
工房に持って行こう！",,5,yes,
"ガリトスシリーズの
生産方法が記された紙。
工房に持って行こう！",,5,yes,
"リブリーシリーズの
生産方法が記された紙。
工房に持って行こう！",,5,yes,
"ヴァンパイアシリーズの
生産方法が記された紙。
工房に持って行こう！",,5,yes,
"カウチュシリーズの
生産方法が記された紙。
工房に持って行こう！",,5,yes,
"オメットシリーズの
生産方法が記された紙。
工房に持って行こう！",,5,yes,
"カエシスシリーズの
生産方法が記された紙。
工房に持って行こう！",,5,yes,
"シエナシリーズの
生産方法が記された紙。
工房に持って行こう！",,5,yes,
"ガウスシリーズの
生産方法が記された紙。
工房に持って行こう！",,5,yes,
"ウェーバシリーズの
生産方法が記された紙。
工房に持って行こう！",,5,yes,
"ギルバートシリーズの
生産方法が記された紙。
工房に持って行こう！",,5,yes,
"ゾデックシリーズの
生産方法が記された紙。
工房に持って行こう！",,5,yes,
"レイストシリーズの
生産方法が記された紙。
工房に持って行こう！",,5,yes,
"鬼武者シリーズの
生産方法が記された紙。
工房に持って行こう！",,5,yes,
"クロースシリーズの
生産方法が記された紙。
工房に持って行こう！",,5,yes,
"グロリアシリーズの
生産方法が記された紙。
工房に持って行こう！",,5,yes,
"ＳＦ２５シリーズの
生産方法が記された紙。
工房に持って行こう！",,5,yes,
"鬼武者魂シリーズの
生産方法が記された紙。
工房に持って行こう！",,5,yes,
"鬼武者極シリーズの
生産方法が記された紙。
工房に持って行こう！",,5,yes,
"蒼竜シリーズの
生産方法が記された紙。
工房に持っていこう！",,5,yes,
"ブライトシリーズの
生産方法が記された紙。
工房に持っていこう！",,5,yes,
"ジュアリシリーズの
生産方法が記された紙。
工房に持っていこう！",,5,yes,
"ティンクシリーズの
生産方法が記された紙。
工房に持っていこう！",,5,yes,
"マゴスシリーズの
生産方法が記された紙。
工房に持っていこう！",,5,yes,
"全ての秘伝書を取得した者に
送られる特別な証。
工房へ持っていこう！",,5,,
"迫り来る覇種を討伐し、
迎撃戦に貢献した証。",,5,,
"赤備シリーズの
生産方法が記された紙。
工房に持っていこう！",,5,yes,
"Fate／SNシリーズの
生産方法が記された紙。
工房に持っていこう！",,5,yes,
"ミクシリーズの
生産方法が記された紙。
工房に持っていこう！",,5,yes,
"ピクスシリーズの
生産方法が記された紙。
工房に持って行こう！",,5,yes,
"メゼポルタ広場で暗躍する、
謎の組織のメダル。活躍した
団員に贈られるものらしい。",,5,yes,
"メゼポルタ広場で暗躍する、
謎の組織のコイン。組織の
通貨になっているようだ。",,5,yes,
"セクティシリーズの
生産方法が記された紙。
工房に持って行こう！",,5,yes,
"アミロシリーズの
生産方法が記された紙。
工房に持って行こう！",,5,yes,
"メトリーシリーズの
生産方法が記された紙。
工房に持って行こう！",,5,yes,
"ノヴィーシリーズの
生産方法が記された紙。
工房に持って行こう！",,5,yes,
"リグイシリーズの
生産方法が記された紙。
工房に持って行こう！",,5,yes,
"FE覚醒シリーズの
生産方法が記された紙。
工房に持って行こう！",,5,yes,
"DMCシリーズの
生産方法が記された紙。
工房に持って行こう！",,5,yes,
"ゲルトシリーズの
生産方法が記された紙。
工房に持って行こう！",,5,yes,
"ゲノムシリーズの
生産方法が記された紙。
工房に持って行こう！",,5,yes,
"ディヴォルシリーズの
生産方法が記された紙。
工房に持って行こう！",,5,yes,
"ＳＦシリーズの
生産方法が記された紙。
工房に持って行こう！",,5,yes,
"Ｖ賖シリーズの
生産方法が記された紙。
工房に持って行こう！",,5,yes,
"サーブルシリーズの
生産方法が記された紙。
工房に持って行こう！",,5,yes,
"ルワージュシリーズの
生産方法が記された紙。
工房に持って行こう！",,5,yes,
"ノメルシリーズの
生産方法が記された紙。
工房に持って行こう！",,5,yes,
"Fate賖シリーズの
生産方法が記された紙。
工房に持って行こう！",,5,yes,
"ザイラシリーズの
生産方法が記された紙。
工房に持っていこう！",,5,yes,
"キャロルシリーズの
生産方法が記された紙。
工房に持っていこう！",,5,yes,
"セレナシリーズの
生産方法が記された紙。
工房に持っていこう！",,5,yes,
"ヒストリアシリーズの
生産方法が記された紙。
工房に持っていこう！",,5,yes,
"オナブルシリーズの
生産方法が記された紙。
工房に持って行こう！",,5,yes,
"シェリフシリーズの
生産方法が記された紙。
工房に持って行こう！",,5,yes,
"進撃の巨人シリーズの
生産方法が記された紙。
工房に持って行こう！",,5,yes,
"ISシリーズの
生産方法が記された紙。
工房に持って行こう！",,5,yes,
"飛天シリーズの
生産方法が記された紙。
工房に持って行こう！",,5,yes,
"アッシュシリーズの
生産方法が記された紙。
工房に持って行こう！",,5,yes,
"閃の軌跡賖シリーズの
生産方法が記された紙。
工房に持って行こう！",,5,yes,
"ナーガシリーズの
生産方法が記された紙。
工房に持って行こう！",,5,yes,
"オユンシリーズの
生産方法が記された紙。
工房に持って行こう！",,5,yes,
"キャリッジシリーズの
生産方法が記された紙。
工房に持って行こう！",,5,yes,
"マーブルシリーズの
生産方法が記された紙。
工房に持って行こう！",,5,yes,
"シャンディシリーズの
生産方法が記された紙。
工房に持って行こう！",,5,yes,
"バンケットシリーズの
生産方法が記された紙。
工房に持って行こう！",,5,yes,
"ヴェランシリーズの
生産方法が記された紙。
工房に持って行こう！",,5,yes,
"ランデグシリーズの
生産方法が記された紙。
工房に持って行こう！",,5,yes,
"エンドレシリーズの
生産方法が記された紙。
工房に持って行こう！",,5,yes,
"ネコダンシリーズの
生産方法が記された紙。
工房に持って行こう！",,5,yes,
"シャテムシリーズの
生産方法が記された紙。
工房に持って行こう！",,5,yes,
"ヘヴリアシリーズの
生産方法が記された紙。
工房に持って行こう！",,5,yes,
"ティルルシリーズの
生産方法が記された紙。
工房に持って行こう！",,5,yes,
"バンデシリーズの
生産方法が記された紙。
工房に持って行こう！",,5,yes,
"天日シリーズの
生産方法が記された紙。
工房に持って行こう！",,5,yes,
"アステリシリーズの
生産方法が記された紙。
工房に持って行こう！",,5,yes,
"レグヌムシリーズの
生産方法が記された紙。
工房に持って行こう！",,5,yes,
"マリンシリーズの
生産方法が記された紙。
工房に持って行こう！",,5,yes,
"ルフレシリーズの
生産方法が記された紙。
工房に持って行こう！",,5,yes,
"天刻印を生産できる希石。
非常に希少性が高く、
貴重なもの。",,5,,
"不気味な模様が
描かれたお札。
用途は不明。",,5,,
"ダスクシリーズの
生産方法が記された紙。
工房に持って行こう！",,5,yes,
"ディナトシリーズの
生産方法が記された紙。
工房に持って行こう！",,5,yes,
"ドゥケシリーズの
生産方法が記された紙。
工房に持って行こう！",,5,yes,
"グラヌシリーズの
生産方法が記された紙。
工房に持って行こう！",,5,yes,
"アミスタシリーズの
生産方法が記された紙。
工房に持って行こう！",,5,yes,
"千代シリーズの
生産方法が記された紙。
工房に持って行こう！",,5,yes,
"ペリフシリーズの
生産方法が記された紙。
工房に持って行こう！",,5,yes,
"グーダンシリーズの
生産方法が記された紙。
工房に持って行こう！",,5,yes,
"紅皇氷シリーズの
生産方法が記された紙。
工房に持って行こう！",,5,yes,
"蒼皇氷シリーズの
生産方法が記された紙。
工房に持って行こう！",,5,yes,
"白皇氷シリーズの
生産方法が記された紙。
工房に持って行こう！",,5,yes,
"歌姫の纏っている衣装を
模した布。滑らかな
肌触り。",,5,,
"耐性と防御系スキルが
アップするＧ級装飾品。",,5,yes,
"異国の言葉で文が書いてある。
唄の歌詞のようだ。
読める人に渡してあげよう。",,4,,"The text is written in a foreign language. 
It's like the lyrics of a song. 
Give it to someone who can read it."
"尾晶蠍の生命力の源となる、
発光成分を含む体液。
採取時の色を維持する。",,4,,"The Vashimu's power
source. This liquid doesn't
change color once collected."
"灰晶蠍の生命力の源となる、
発光成分を含む体液。
採取時の色を維持する。",,4,,"The Jebia's power
source. This liquid doesn't
change color once collected."
"薄汚れたガラクタに見える。
これだけでは使い道がないが、
武器の素材になるかも…。",,4,yes,"Looks like grimy junk. No
use on its own, but a
potential weapon material..."
"強い絆で結ばれたハンターの
結束の証。",,4,yes,"Proof that a tight bond has
been formed between Hunters."
"鈴の音が聞こえる不思議な塊。
何やら光の流れを感じる。
工房に持って行こう！",,4,,"A weird glowing lump that
makes a ringing sound like
a bell. Take to the Smithy!"
"ライダーシリーズの生産方法
が記された紙。工房で好きな
色を選んで生産しよう！",,4,yes,"Instructions for making
Rider Series armor.
Take them to the Smithy!"
"コーンスタンプの
生産方法が記された紙。
工房に持って行こう！",,4,yes,
"パピリオセーバーの
生産方法が記された紙。
工房に持って行こう！",,4,yes,
"ポキカルセイバーの
生産方法が記された紙。
工房に持って行こう！",,4,yes,
"パリンジャーの
生産方法が記された紙。
工房に持って行こう！",,4,yes,
"強力なモンスターの体内から、
稀に見つかる美しい宝玉。
触れると鼓動が聞こえてくる。",,4,yes,
"名称仮。
だみー。",,4,,
"秘伝防具への扉をあける鍵
となる双剣の生産方法が
記された素材。",,4,,
"万物の力をより強化すると伝
えられる鉱石。個別差があり、
同材質とは思えないほど多彩。",,4,,
"水源不明の謎の水。何故そこ
に存在するのかが分からず、
多くの研究者が頭を悩ませる。",,4,,
"４色の剣聖珠の力を合わせる
ことで、より強化された装飾
品。",,4,,
"４色の双龍珠の力を合わせる
ことで、より強化された装飾
品。",,4,,
"４色の剣王珠の力を合わせる
ことで、より強化された装飾
品。",,4,,
"４色の刀神珠の力を合わせる
ことで、より強化された装飾
品。",,4,,
"４色の鈍器獣珠の力を合わせ
ることで、より強化された
装飾品。",,4,,
"４色の奏帝珠の力を合わせる
ことで、より強化された装飾
品。",,4,,
"４色の天槍珠の力を合わせる
ことで、より強化された装飾
品。",,4,,
"４色の砲皇珠の力を合わせる
ことで、より強化された装飾
品。",,4,,
"４色の斬将珠の力を合わせる
ことで、より強化された装飾
品。",,4,,
"４色の穿凰珠の力を合わせる
ことで、より強化された装飾
品。",,4,,
"４色の銃仙珠の力を合わせる
ことで、より強化された装飾
品。",,4,,
"４色の銃傑珠の力を合わせる
ことで、より強化された装飾
品。",,4,,
"４色の弓鬼珠の力を合わせる
ことで、より強化された装飾
品。",,4,,
"和を感じさせる不思議な鉄。
鉄には見たことのない文字が
書かれているが、解読不能だ。",,4,,
"攻撃スキルが
アップするＧ級装飾品。",,4,yes,
"４色の磁星珠の力を合わせる
ことで、より強化された装飾
品。",,4,,
"気絶スキルが
アップする装飾品。",,3,yes,"A decoration that improves
your stun skill by 1"
"体力スキルが
アップする装飾品。",,3,yes,"A decoration that improves
your health skill by 1"
"全耐性ＵＰスキルが
アップする装飾品。",,3,yes,"A decoration that improves
your all UP skill by 3"
"採取スキルが
アップする装飾品。",,3,yes,"A decoration that improves
your gathering skill by 1"
"千里眼スキルが
アップする装飾品。",,3,yes,"A decoration that improves
your psychic skill by 1"
"初めて、新天地に訪れた狩人
たちへの記念の証。",,3,,
"古龍種の体表を覆う強固な殻。
威厳漂う一品。",,3,,
"優雅でしなやかな古龍種の毛。
高貴さを象徴する素材として
扱われることもある。",,3,,"Soft, elegant Elder Dragon
pelt. The very definition of
a high-class material."
"神秘に満ちた古龍種の皮。
あらゆる過酷な環境を問題に
しない適応力を持つ。",,3,,"Shrouded in mystery, and
capable of adapting to the
harshest of environments."
"人知を超えた力が漲る古龍種
の爪。空を裂き地を貫く。",,3,,
"ひと振りで、岩塊を薙ぎ払う
強靭な古龍種の尾。",,3,,
"古龍種の不思議な生態を支え
る古龍種の血。神秘性の源。",,3,,
"ひとたび羽ばたけば、災害を
もたらす古龍種の翼。
天の理をつかむ翼といわれる。",,3,,"One flap of this wing can
cause destruction akin to
the wrath of heaven."
"王者が、その頭上に頂く冠の
ごとき古龍種の角。
圧倒的な存在感を誇示する。",,3,,"This horn looks like the
crown of a king, and boasts
a commanding presence."
"気品漂う古龍種の鱗。
苛烈な環境でも、一切材質が
劣化しない、恐るべき鱗。",,3,,"Severe environments have not
degraded this scale in the
slightest. Rightly feared."
"メゼポルタ広場で流行してい
る、遊戯や占いなどに使用さ
れるコイン。",,3,yes,"A coin that can be spent on
games, fortune telling etc.
in Mezeporta Square."
"クリスマスツリーの
生産方法が記された紙。
総合ショップに持って行こう！",,3,yes,"Instructions for making a
Christmas Tree. Take them
to the Furniture Shop!"
"キャラバンの周辺で採掘され
る特殊な鋼石。とある国では
貨幣の材料とされている。",,3,yes,"Special stone unearthed near
the Caravan. Used to make
coins in a certain country."
"特殊な鉱石から生産された
防具を強化できる素材。種類
によって多彩な変化を見せる。",,3,,"A material that can improve
armor made from a special
ore. Each type is different."
"VSトーナメントを見事に
勝ち抜いたハンターに
与えられる表彰状。",,3,yes,"A certificate awarded to
those who perform well
in VS Tournaments."
"ハンター同士の友情を
称え、贈られる品。",,3,yes,
"狩猟生活を始めたハンターへ
贈られる特別な証。
工房で特別な品と引換え可能。",,3,yes,
"狩猟技会の参加者にのみ支給さ
れる特殊なボール。モンスター
に当てると…{c05}（支給品専用）{/c}",,3,yes,
"新しい秘密兵器の生産方法が
書かれている図面。１枚では
読み取ることができない。",,3,,
"特殊な鉱石から生産された
防具をさらに強化する素材。
宝玉の色によって変化する。",,3,,
"時の流れによって失われない
ものがたった１つだけあると
すれば、それは仲間との絆。",,3,,
"正体不明のモンスターの素材。
表面の光沢の度合いから、
最近修復された甲殻のようだ。",,3,yes,
"ギルドが発行した
アクラ・ヴァシムが
描かれた記念バッチ。",,3,yes,
"ギルドが発行した
ベルキュロスが
描かれた記念バッチ。",,3,yes,
"ギルドが発行した
パリアプリアが
描かれた記念バッチ。",,3,yes,
"如何なる攻撃も通さない、
獣竜種の体を覆う鱗。
まさに鉄壁の鎧といえる。",,3,,
"獣竜種の角は、大きさに
大小はあるものの、
圧倒的な存在感を放つ。",,3,,
"鋭い獣竜種の牙は、
的確に獲物の急所を捉え、
致命傷を与える。",,3,,
"非常にしなやかで丈夫な
獣竜種の尾。尾を自在に操り、
獲物を的確に捉える。",,3,,
"時も場所も選ばず、誇れる
ものがたった１つだけあると
すれば、それは仲間との絆。",,3,,
"ルシウスにハンターとしての
技量を見込まれた証。
クエスト受注で使用する。",,3,yes,
"滑らかな海竜種の鱗。
まるで鉱石のような質感からは
自然の雄大ささえ感じる。",,3,,
"艶やかな海竜種の皮。
その強靭さは群を抜いており
環境の変化に強い。",,3,,
"決して砕けず、決して斬れず。
最高峰の硬度はその構造に
由来し、元素自体は脆い。",,3,,
"大剣に特殊な効果を
付与する印。
{c05}（天廊武器専用）",,3,,
"ハンマーに特殊な効果を
付与する印。
{c05}（天廊武器専用）",,3,yes,
"パピプペランスの
生産方法が記された紙。
Ａ、Ｂ、Ｃを集めて工房へ！",,3,yes,
"セントピリアボウの
生産方法が記された紙。
Ａ、Ｂ、Ｃを集めて工房へ！",,3,yes,
"実績あるハンターにギルドから
贈られる推薦状。より強いモン
スターへの挑戦が認められる。",,3,yes,
"初めて、新天地に訪れた狩人
たちへの記念の紋章。",,3,,
"初めて、新天地に訪れた狩人
たちへの記念の印。",,3,,
"特別なクエストを受注する
ための貴重な結晶。
秘伝の極意を得られるという。",,3,yes,
"あるモンスターの目のような
光の効果が入った宝石。
非常に価値が高い。",,3,yes,
"ネコの装飾品を作る材料が
もらえるかも。ハリセンネコ
のところへ持って行こう！",,3,yes,
"パートニャー専用の装飾品。
全ての武具に装着可能。
{c05}（特殊装飾品）",,3,yes,
"火薬が湿らないよう処理を施
した貫通弾。長期保存が可能。
{c05}（狩煉道専用アイテム）",,3,yes,
"火薬が湿らないよう処理を
施した散弾。長期保存が可能。
{c05}（狩煉道専用アイテム）",,3,yes,
"火薬が湿らぬよう処理を施し
た徹甲榴弾。長期保存が可能。
{c05}（狩煉道専用アイテム）",,3,yes,
"火薬が湿らないよう処理を施
した拡散弾。長期保存が可能。
{c05}（狩煉道専用アイテム）",,3,yes,
"キャラバンの交易品を模した
贈呈品。持っているだけで多
くの成果が認められる。",,3,yes,
"遥か遠方の地から移り渡った
と思われる特殊な素材。",,3,,
"ソルフレアシリーズの
生産方法が記された紙。
工房に持って行こう！",,3,yes,
"拠点獲得の証となる旗。
より多くの迎撃ポイントを
獲得することができる。",,3,yes,
"ヨルハ部隊から狩人に
送られた討伐の依頼書。",,3,yes,
"和を感じさせる不思議な絹。
絹には見たことのない文字
と一枚の絵が書かれている。",,3,,
"特別なグーク笛の
生産方法が記された紙。
工房に持って行こう！",,3,yes,
"グークの足を模した防具の
解放方法が記された紙。
工房に持って行こう！",,3,yes,
"東方の忍文字で記された暗号。
陸、海、空の３種の暗号を
調合して読み解くべし。",,3,,
"歌姫の纏っている衣装を
模した布。常人では触れる事
すら恐れ多い。",,3,,
"短時間ではあるが、第六感が
研ぎ澄まされ、モンスターの
生態を感知する事ができる。",,2,yes,"Temporarily sharpens your 
sixth-sense, and attunes
you to the ways of monsters."
"強烈な色と匂いを付着させる
ことで、モンスターの足取り
を把握できる手投げ玉。",,2,yes,"Toss this scented paint at
a monster to mark its
location, and track it."
"まれに飛竜の体内で生成され
る希少な玉石。思わず加工に
出すのをためらってしまう。",,2,,"A rare, precious gem from
inside a wyvern.
Almost too nice to use."
"加工の方法によっては飛竜類
の甲殻に匹敵する強度が期待
できる。特殊な素材が必要。",,2,,"With special materials,
this can be worked into very
strong armor."
"飛竜種の生態系や特徴が
記入された書物。購入後に
モンスターリストで参照可能。",,2,yes,"Monster List reference on
flying wyverns. Habits, ecology, etc."
"甲殻種の生態系や特徴が
記入された書物。購入後に
モンスターリストで参照可能。",,2,yes,"Monster List reference on
the Carapaceon family.
Habits, ecology, etc."
"装飾品の素材として
かかせない珠。",,2,,"An indispensable item used
in Decorations."
"麻痺スキルが
アップする装飾品。",,2,yes,"A decoration that improves
your paralysis skill by 1"
"睡眠スキルが
アップする装飾品。",,2,yes,"A decoration that improves
your sleep skill by 1"
"毒スキルが
アップする装飾品。",,2,yes,"A decoration that improves
your poison skill by 1"
"脱臭スキルが
アップする装飾品。",,2,yes,"A decoration that improves
your deoderant skill by 1"
"耐暑スキルが
アップする装飾品。",,2,yes,"A decoration that improves
your heat resistance skill by 1"
"耐寒スキルが
アップする装飾品。",,2,yes,"A decoration that improves
your cold resistance skill by 1"
"風圧スキルが
アップする装飾品。",,2,yes,"A decoration that improves
your wind pressure skill by 1"
"回復速度スキルが
アップする装飾品。",,2,yes,"A decoration that improves
your recovery speed skill by 1"
"攻撃スキルが
アップする装飾品。",,2,yes,"A decoration that improves
your attack skill by 1"
"防御スキルが
アップする装飾品。",,2,yes,"A decoration that improves
your defense skill by 1"
"ガード性能スキルが
アップする装飾品。",,2,yes,"A decoration that improves
your guard skill by 1"
"斬れ味スキルが
アップする装飾品。",,2,yes,"A decoration that improves
your sharpness skill by 1"
"達人スキルが
アップする装飾品。",,2,yes,"A decoration that improves
your expert skill by 1"
"回避性能スキルが
アップする装飾品。",,2,yes,"A decoration that improves
your evasion skill by 1"
"反動スキルが
アップする装飾品。",,2,yes,
"通常弾追加スキルが
アップする装飾品。",,2,yes,
"貫通弾追加スキルが
アップする装飾品。",,2,yes,
"散弾追加スキルが
アップする装飾品。",,2,yes,
"榴弾追加スキルが
アップする装飾品。",,2,yes,
"拡散弾追加スキルが
アップする装飾品。",,2,yes,
"砲術師スキルが
アップする装飾品。",,2,yes,
"聴覚保護スキルが
アップする装飾品。",,2,yes,"A decoration that improves
your hearing skill by 1"
"広域スキルが
アップする装飾品。",,2,yes,"A decoration that improves
your wide-area skill by 1"
"効果持続スキルが
アップする装飾品。",,2,yes,"A decoration that improves
your everlasting skill by 1"
"運搬スキルが
アップする装飾品。",,2,yes,"A decoration that improves
your backpacking skill by 1"
"火耐性スキルが
アップする装飾品。",,2,yes,"A decoration that improves
your fire skill by 1"
"水耐性スキルが
アップする装飾品。",,2,yes,"A decoration that improves
your water skill by 1"
"氷耐性スキルが
アップする装飾品。",,2,yes,"A decoration that improves
your ice skill by 1"
"雷耐性スキルが
アップする装飾品。",,2,yes,"A decoration that improves
your thunder skill by 1"
"龍耐性スキルが
アップする装飾品。",,2,yes,"A decoration that improves
your dragon skill by 1"
"高速収集スキルが
アップする装飾品。",,2,yes,"A decoration that improves
your gathering speed skill by 1"
"剥ぎ取りスキルが
アップする装飾品。",,2,yes,"A decoration that improves
your carving speed by 1"
"気まぐれスキルが
アップする装飾品。",,2,yes,"A decoration that improves
your blessing skill by 1"
"運気スキルが
アップする装飾品。",,2,yes,"A decoration that improves
your fate skill by 1"
"加工する際は慎重を極める程
の切れ味を持つヒレ。武器の
素材としては極上の一品。",,2,yes,"Very sharp, so great care
must be taken when crafting.
A top-class material."
"自身の作り出す晶石と成分を
同じくする甲殻。
過去の修復跡が層を形成する。",,2,,"A carapace made of the same
crystal as the Vashimu.
Shows signs of past repair."
"尾の分泌腺のひとつから分泌
される体液が結晶化したもの。
他の分泌物で爆発反応をする。",,2,,"Crystallized liquid secreted
from an Vashimu's tail.
A rather volatile substance."
黒龍の角,,2,,The horn of a Fatalis.
黒龍の翼,,2,,The wing of a Fatalis.
黒龍の鱗,,2,,The scale of a Fatalis.
"釣った魚の姿を、染料で紙に
転写したもの。 
魚を釣り上げた記録になる。",,2,,"A rubbing that serves as
proof that you've caught
a fish."
"様々な想いがこめられた欠片。
時には、何かをプレゼントす
るきっかけになることも…？",,2,yes,"A shard full of feelings.
Known to sometimes make
people want to give gifts..."
"特殊なライトボウガンの生産
に用いる素材。その武器は見
かけによらず強力だという噂。",,2,yes,"Material used to make a
special Light Bowgun that's
more powerful than it looks."
"強い想いが結晶化されたと
云われる鉱石。どうやら
半分欠けているようだ。",,2,,"Ore said to be formed from
crystallized feelings. Forms
half of a larger object."
"非常に希少価値が高い特殊な
液体。様々な用途に使用され、
隠れた愛好家もいるらしい。",,2,,"Extremely precious liquid.
Its versatility has won it
legions of fans."
"非常に希少価値が高い特殊な
袋。様々な用途に使用され、
隠れた愛好家もいるらしい。",,2,,"A very valuable pouch. Its
versatility has won it
legions of fans."
"非常に希少価値が高い特殊な
壺。様々な用途に使用され、
隠れた愛好家もいるらしい。",,2,,"A very valuable pot. Its
versatility has won it
legions of fans."
"充実した狩猟生活をおくる
ハンターの証。工房で特別な
品と引き換え可能。",,2,yes,"Given to Hunters who lead a
full, happy life. Can be
exchanged at the Smithy."
"どこからも採掘した記録がな
い純白の金属。龍の属性を
帯びている。",,2,,"Pure white metal of unknown
origin. Appears to have some
connection with dragons."
"アツく燃える狩人の座右の銘。
狩人にとって最も大切なもの
は何だと訴えかけてくる。",,2,yes,"Inscribed with a passionate
Hunter's motto. Reminds
Hunters what's important."
"子供が飲むと、ほんのり
良い気分になれる甘い液体。
大人は武具生産に利用しよう。",,2,,
"見知らぬ文明の文字で書かれた
設計図。ただならぬ雰囲気が
技術の高さを物語っている。",,2,,
"肉球のスタンプが押されてい
る獣人族のメダル。
刻まれている文字は読めない。",,2,yes,"An ore said to contain the
power of flame. Its color
changes as it moves."
"偶然に発見した別冊の本。
どうやら、とある武器の強化
方法が記載されているようだ。",,2,,
"破れそうな紙の破片。あわせ
ると何かの図面になるようだ。
{c05}（精算アイテム）",,2,yes,
"遠方の島国に生息している
モンスターの素材で編んだ
触り心地の良い布材。",,2,yes,
"縫い合わせることなく衣を
作り上げる手法が書かれた
書物。",,2,,
"チカラを望むハンターだけが、
得ることができる証。
誰が発行しているかは謎。",,2,yes,
"いろいろな気持ちを文章に
綴るときに使うカード。
口では言えない想いを書こう。",,2,yes,
"さまざまな武具の生産工程が
つぶさに記載されている。
武具工房の親方にみせよう！",,2,,
"ホルクに投げ渡し、モンスター
に爆弾攻撃を与える。
{c05}（レベル３ホルク専用）",,2,yes,
"Ｓパリンジャーの
生産方法が記された紙。
工房に持って行こう！",,2,yes,
"武器を生産するのに必要な
特殊な卵、様々な武器種に
使用できるためとても貴重。",,2,,
"東方のあるお祭りで飾られる、
鮮やかな色をした色餅。
生では食べられません。",,2,,
"調合屋の特別調合で
さまざまなアイテムと
交換できる特別な券。",,2,yes,
"光刀の極意が記された書。
光刀の強化方法が記載されて
いる。",,2,,
"イクサガキャノンの
生産方法が記された紙。
Ａ、Ｂを集めて工房へ！",,2,yes,
"強力なモンスターの表皮が
固まってできた珍しい鉱石。
非常に硬く、加工が困難。",,2,yes,
"光刀を極めたものだけが
入手可能な証。光刀の
強化方法が記されている。",,2,,
"吸血した血を貯める袋。
ドスランポスとバルラガルの
血が混じっている。",,2,yes,
"吸血した血を貯める袋。
ドスゲネポスとバルラガルの
血が混じっている。",,2,yes,
"吸血した血を貯める袋。
ドスイーオスとバルラガルの
血が混じっている。",,2,yes,
"歌の力を閉じ込めた結晶。
透き通った色をしており、
指で弾くと良い音がする。",,2,,
"祝い事などの席で好まれる
耳当たりのいい音色。一度
聴いたら忘れられないとか。",,2,,
"他にとって変えられること
のない唯一無二の力。
それは仲間との絆。",,2,,
"毎年開催される行事に用いる
竹。この日の為に、ギルドは
遠方の地へ買い付けに行く。",,2,yes,
"シジルの特別なレシピが
記載されている生産券。
親方ネコへ持って行こう。",,2,yes,
"ウルキーが作った花かご。
中身に期待はできない。
{c05}（精算アイテム）",,2,yes,
"ウルキーが作った花かご。
中身も普通らしい。
{c05}（精算アイテム）",,2,yes,
"ウルキーが作った花かご。
中から光が溢れている…。
{c05}（精算アイテム）",,2,yes,
"ギルドが用意した特別な
クエストに行くために
必要となるチケット。",,2,yes,
"ギルドネコシリーズの
生産方法が記された紙。
工房に持って行こう！",,2,yes,
"どんぐりネコシリーズの
生産方法が記された紙。
工房に持って行こう！",,2,yes,
"マグマネコシリーズの
生産方法が記された紙。
工房に持って行こう！",,2,yes,
"火薬が湿らないよう処理を施
した通常弾。長期保存が可能。
{c05}（狩煉道専用アイテム）",,2,yes,
"火薬が湿らないよう処理を施
した回復弾。長期保存が可能。
{c05}（狩煉道専用アイテム）",,2,yes,
"火薬が湿らないよう処理を施
した毒弾。長期保存が可能。
{c05}（狩煉道専用アイテム）",,2,yes,
"祝い事などの席で好まれそう
な、ほど良い光源となる灯り。
和やかな気分になるという。",,2,,
"バンデネコシリーズの
生産方法が記された紙。
工房に持って行こう！",,2,yes,
"天日ネコシリーズの
生産方法が記された紙。
工房に持って行こう！",,2,yes,
"古代人の手によって記された
とある手法の解説書。スキル
の習得をやり直すことが可能。",,2,yes,
"レグネコシリーズの
生産方法が記された紙。
工房に持って行こう！",,2,yes,
"火薬が湿らないよう処理を施
した麻痺弾。長期保存が可能。
{c05}（狩煉道専用アイテム）",,2,yes,
"火薬が湿らないよう処理を施
した睡眠弾。長期保存が可能。
{c05}（狩煉道専用アイテム）",,2,yes,
"ペンペンネコシリーズの
生産方法が記された紙。
工房に持って行こう！",,2,yes,
"特別なクエストを受注する
ために必要な、ギルドが発行
しているチケット。",,2,yes,
"祝い事などの席で好まれそう
な堅紙。存在自体に気品があ
り、周囲の空気を引き締める。",,2,,
"アミネコシリーズの
生産方法が記された紙。
工房に持って行こう！",,2,yes,
"攻撃と状態異常系スキルなど
がアップするＧ級装飾品。",,2,yes,
"サガシリーズの
生産方法が記された紙。
工房に持って行こう！",,2,yes,
"サガＤシリーズの
生産方法が記された紙。
工房に持って行こう！",,2,yes,
"東方のあるお祭りで人形を
飾る、豪華絢爛な七段の台座。
見る者を圧倒する。",,2,,
"Fate/Apocryphaシリーズの
生産方法が記された紙。
工房に持って行こう！",,2,yes,
"Fate/ApocryphaＤシリーズの
生産方法が記された紙。
工房に持って行こう！",,2,yes,
"歌姫の纏っている衣装を
東洋風に模した布。
きめ細やかな肌触り。",,2,,
"選択中のアイテムを捨てます。
よろしいですか？",,1,yes,"The selected item(s) will be
discarded. Is this OK?"
納品する個数を選択して下さい。,,1,,"Select the number of items
you would like to deliver."
"アイテムを納品します。
よろしいですか？",,1,yes,"These items will be delivered.
Is this OK?"
"登録するファンクションキーを
押してください。
（{K012}でページ切り替え）",,1,yes,"Press the Function Key
you want to register.
(Change pages with {K012}.)"
このアイテムはこれ以上持てません。,,1,yes,"You cannot carry any more
of this item type."
"調合のレシピが確認できます。
レシピアイテムを購入していないと
選べません。",,1,yes,"You can check combining recipes.
Recipes cannot be selected if no
recipe items have been purchased."
アイテムボックスに空きがありません,,1,yes,"You have no room left in your
Item Box."
"これ以上アイテムを持てません。
処理方法を選択して下さい。",,1,yes,"You cannot carry any more items.
Please decide what to do."
"アイテムを入れ替えます。
よろしいですか？",,1,yes,"Item(s) will be exchanged.
Is this OK?"
"調合の概念を学ぶための書物。
所持することで、
調合の成功確率アップ。",,1,yes,"Intro text for first-time 
Combiners. Improves your
Combination success rate."
"調合の初歩を学ぶための書物。
調合書①と合わせ持つ
ことで調合の成功確率アップ。",,1,yes,"Basic text. Owning Book 1
and this improves your
combination success rate."
"調合の基礎を学ぶための書物。
調合書①②と合わせ持つ
ことで調合の成功確率アップ。",,1,yes,"Intermediate text. Owning
Books 1,2 and this improves
Combination success rate."
"調合の応用を学ぶための書物。
調合書①②③と合わせ持つ
ことで調合の成功確率アップ。",,1,yes,"Advanced text. Owning books
1-3 and this, improves 
combination success rate."
"調合の全てを学ぶための書物。
調合書①②③④と合わせ持つ
ことで調合の成功確率アップ。",,1,yes,"Pro-level text. Owning 
books 1-4, and this improves
combination success rate"
"これ一冊あれば、あなたも
錬金術が使えます！
何が作れるかはお楽しみ。",,1,,"Master level text. What will
you create with such 
knowledge?"
体力を少量回復する薬。,,1,,"Restores a small amount of
health."
体力を中量回復する薬。,,1,,"Restores a moderate amount
of health."
"体力の上限を微量に
上昇させる薬。",,1,,"Very slightly increases
your maximum health level."
"体力の上限を少量、
上昇させる薬。",,1,,"Slightly increases your
maximum health level."
"１００％の確率で毒状態を
回復する薬。",,1,,"Removes all traces of poison
from your body."
自然回復力を高める薬。,,1,,"Boosts your natural ability
to heal."
"一定時間疲れることなく走り
続けることができる薬。",,1,,"Lets you run without tiring
for a short period of time."
"狂走エキスのはたらきにより、
強走薬よりも、更に長い時間
走り続けることができる薬。",,1,yes,"Lets you run without tiring
for even longer than
regular Dash Juice."
"攻撃力を上昇させる薬。
鬼のごとき力を得る。",,1,,"Boosts your attack by 
filling you with -guess
what?- demonic strength."
"鬼人薬を上回る攻撃力を
得ると伝えられる幻の薬。",,1,,"Boosts your attack even
more than regular Demondrug."
"一時的に鬼神のごとき力を
得る事のできる、強力な丸薬。",,1,,"Temporarily endows you with
the strength of a mighty
god. Potent!"
"防御力を上昇させる薬。
岩石のごとく皮膚が硬質化
する。",,1,,"Boosts defense by turning
your skin as hard as rock."
"硬化薬を上回る防御力を
得ると伝えられる幻の薬。",,1,,"Boosts your defense even 
more than regular 
Armourskin."
"一時的に鋼のごとく皮膚が
硬質化する、強力な丸薬。",,1,,"Temporarily makes your skin
as hard as adamant. Potent!"
一定時間暑さを緩和する飲料。,,1,,"Provides temporary relief
from extreme heat."
一定時間寒さを緩和する飲料。,,1,,"Provides temporary relief
from extreme cold."
"虫が吸った生物の体液。
虫の消化液と混ざることで、
接着剤としての効能がある。",,1,,"A liquid bugs suck from
monsters. Mixes with gastric
juices to form adhesive."
"モンスターの体液の、さらに
濃い部分だけをすくった汁。
かなり濃厚。",,1,yes,"A broth made of only the
thickest of monster juices.
Very rich."
"１００％の確率で毒状態を
回復し、同時に体力を微量
回復する薬。",,1,,"Removes all traces of 
poison and restores a small
amount of health."
"体力の上限が最大まで上昇し、
完全回復する薬。",,1,,"Fully restores health and
maximizes the size of 
your health gauge."
"体力とスタミナの上限が最大
まで上昇し、完全回復する薬。",,1,yes,"Fully restores health and
maximizes the size of your 
health and stamina gauge."
"素材や薬品の持つ効力を、
最大限に引き出す薬剤。
単品では使用不可能。",,1,,"Enhances the effects of
other materials, but cannot
be used on its own."
"疲れた体にこの１本！
飲むとスタミナが回復する。
ギルド公認のドリンク。",,1,yes,"A Guild-approved beverage
that boosts Stamina. Helps
shake off Sleep too!"
"衝撃や熱を加えることで、
爆発を引き起こす危険な薬。",,1,,"A volatile substance that
explodes when struck or
heated."
"生命のみなもととして
あがめられる不思議な粉。",,1,,"Mysterious crystals long
worshiped as a source of
life."
"生命の粉を調合した薬。
使うと拡散する生命の粉には、
触れた者を癒す能力がある。",,1,,"Medicine made of compounded
Lifecrystals. Heals those
near by with a single touch."
"攻撃力を上昇させる御守り。
所持しているだけで、鬼人の
ごとき力を得ることが可能。",,1,,"An amulet that raises 
Attack. Just carrying it
gives you demonic strength."
"攻撃力を上昇させる御守り。
龍の爪が、込められた護符の
効果をさらに高める。",,1,,"Powerful amulet that raises
Attack. Made from a Lao-
Shan-Lung's claw."
"防御力を上昇させる御守り。
所持しているだけで、岩石の
ごとく皮膚が硬質化する。",,1,,"An amulet that raises
Defense. Just carrying it
Hardens your skin."
"防御力を上昇させる御守り。
龍の爪が、込められた護符の
効果をさらに高める。",,1,,"A powerful amulet that 
raises Defense. Made with
a Lao-Shan Lung claw."
"組み合わせることで、
捕獲麻酔の効果をつけられる
薬。",,1,,"Medicine that works as an
anesthetic when combined."
"モンスターから剥ぎ取った肉。
調合や調理、罠としての設置、
あらゆる用途に使用できる。",,1,yes,"Meat carved from a monster.
Can be cooked, combined, or
used to lay a trap."
"生肉にひと手間加えたもの。
食欲を刺激する上質な油の
香りが漂っている。",,1,,"Raw meat basted with a
fragrant oil that'll make
anyone's mouth water."
"生肉にひと手間加えたもの。
焼く前から既に香ばしい
香りが漂っている。",,1,,"Raw meat basted with a
spicy rub that'll make
anyone's mouth water."
"生肉にひと手間加えたもの。
すがすがしい清涼感漂う
香りがする。",,1,,"Raw meat basted with a
refreshing, yet sweet glaze.
Makes anyone's mouth water."
"食べると毒をうける生肉。
罠として使われる。",,1,,"Raw meat that poisons
anything that eats it.
Great bait for traps."
"食べるとシビレる生肉。
罠として使われる。",,1,yes,"Raw meat that paralyzes
anything that eats it.
Great bait for traps."
"食べると眠気をさそう生肉。
罠として使われる。",,1,,"Raw meat that causes sleep
in anything that eats it.
Great bait for traps."
"生焼けの肉。
スタミナを少量回復する。",,1,yes,"Provides a small boost to
your stamina. This one's
still red in the middle."
"こんがりと焼けた肉。
スタミナを中量回復する。",,1,yes,"Provides a moderate boost 
to your stamina. Packed
with juicy goodness."
"グレートな出来ばえの
こんがりと焼けた肉。
スタミナを全回復する。",,1,yes,"The pinnacle of steaks.
So juicy and crisp it'll
boost your full Stamina."
"コゲた肉。
スタミナを回復する場合も
あるが、その逆の場合も…。",,1,yes,"Meat burnt to a crisp. It
might boost your stamina, 
or it might drain it..."
"食べると体が火照って、
一定時間寒さを忘れさせて
くれる。",,1,,"Meat that wards off cold
and boosts a small 
amount of Stamina."
"食べると体が火照って、
一定時間寒さを緩和し、
スタミナも回復してくれる。",,1,yes,"Meat that fights off even
the worst cold and boosts a
moderate amount of Stamina."
"食べると体が冷えて、
一定時間暑さを忘れさせて
くれる。",,1,,"Meat that wards off the 
heat and boosts a small
amount of Stamina."
"食べると体が冷えて、
一定時間暑さを緩和し、
スタミナも回復してくれる。",,1,yes,"Meat that fights off even
the worst cold and boosts a
moderate amount of Stamina."
"食べると
解毒効果のある肉。",,1,,"Meat that wards off Poison
and boosts a small amount
of Stamina."
"食べると解毒効果があり、
スタミナも回復してくれる。",,1,yes,"Meat that fights off Poison
and boosts a moderate
amount of Stamina."
"生焼けの魚。生焼けだが
食べると体力が回復する。",,1,,"Lightly cooked fish. Still
pink in the middle, but 
boosts natural recovery."
"こんがりと焼けた魚。
食べると回復力が上がり、
元気にもなる。",,1,,"Perfectly cooked fish. It's
crispy goodness greatly
boosts your natural recovery"
"こんがりと焼けたドス級魚。
食べると回復力が上がり、
元気にもなる。",,1,yes,"Double fried fish that
tremendously boosts your
natural recovery. Mmmm."
"丁度良い具合にこんがりと
焼けた魚。食べると回復力
が上がり、元気にもなる。",,1,,"Sublime fish that helps you 
heal and boosts your natural
resistances."
"絶妙なタイミングで焼けた
ドス級の魚。食べると回復
力が上がり、元気にもなる。",,1,yes,"Double-braised fish that  
helps you heal and boosts
your natural resistances."
"コゲた魚。コゲてはいるが
食べると体力が回復する。",,1,yes,"Fish burnt to a crisp. 
It might help you heal, or
it might not..."
"投げると戻ってくる
独特の形をした異国の武器。",,1,,"An unusually-shaped weapon
from abroad that returns to
its user when thrown."
"投てき用ナイフ。対象に
向かって一直線に飛んでいく。
{c05}（支給品専用）",,1,yes,"A standard throwing knife.
Flies straight and true.
{c05} (Supply Item)"
"刃先に毒を塗った投げナイフ。
対象に毒の効果をもたらす。
{c05}（支給品専用）",,1,yes,"A Throwing knife with a venom
coated blade. Causes Poison.
{c05} (Supply Item)"
"刃先に睡眠効果のある粉塵を
塗りつけた投げナイフ。
{c05}（支給品専用）",,1,yes,"A Throwing knife that has 
been coated in sleep agents.
{c05} (Supply Item)"
"刃先に神経性の毒を塗った
麻痺効果のある投げナイフ。
{c05}（支給品専用）",,1,yes,"A Throwing knife coated in
paralyzing toxins.
{c05} (Supply Item)"
"罠にかかったモンスターを
捕獲する専用の投げナイフ。
{c05}（支給品専用）",,1,yes,"A Throwing knife used to
capture ensnared monsters.
{c05} (Supply Item)"
手投げ玉の元となる素材。,,1,,"A base material for making
hand thrown bombs."
"強烈な閃光を発する手投げ玉。
眼前で炸裂させることで、
モンスターの目をくらませる。",,1,yes,"Flashes brightly on impact.
Toss it under a monsters
nose to blind it."
"爆発すると高い周波数の快音
を発する手投げ爆弾。",,1,,"A grenade-like item that
emits a high-frequency blast
of sound upon detonation."
モンスターのフン。,,1,yes,"Thats right: monster poop.
The odor reveals (too)
much about a monster's diet."
"着弾地点から、特定の飛竜が
苦手とする異臭を発散する玉。",,1,,"When thrown, releases a
strong odor which certain
monsters fall repulsive."
"着弾地点から、
広い範囲に煙を発散する玉。",,1,,"Creates a large cloud of
smoke wherever it lands."
"その場に毒素を含んだ煙を
まき散らす煙玉。害虫対策
として主婦層にも人気。",,1,,"Contains a toxic chemical.
Also popular as a
household bug bomb."
"アイテム使用不可状態を解除
するアイテム。地面に投げる
と煙が出て消臭できる。",,1,yes,"An item that cures Stench.
Releases a puff of 
deodorizing smoke when used."
"罠にかかったモンスターを
捕獲する専用の手投げ麻酔玉。",,1,yes,"A hand grenade used to 
capture monsters ensnared in
traps. Toss it at the target"
粘着性の強いクモの巣。,,1,yes,"A very sticky spider's web.
Useful in Net making."
"ある程度の重量に耐える強靭
なネット。",,1,yes,"A sturdy net, able to 
support a certain amount of
weight without breaking."
"落とし穴など、いろんな
仕掛けを仕上げるために
必要な工具。",,1,,"A must-have tool for making
Pitfall and other types of
trap."
"モンスターを落とすための罠。
超重量の負荷がかかると
発動する仕組み。",,1,yes,"A trap for catching certain
large monsters. Triggered
by heavy weight."
"モンスターの動きを止める
ことができる罠。
捕獲に使用可能。",,1,yes,"A trap that immobilizes
monsters. Quite versatile."
"雷を導く金属の棒。設置後
一定時間で雷が落ちてくる。
晴れている日には使用不可。",,1,,"A device used to attract
lightening during rain
storms."
"小樽の蓋。
絵のようなものが描かれて
いる。",,1,,"A small barrel lid. It has
something drawn on it."
中身の入ってない小さなタル。,,1,yes,"A small, empty barrel."
中身の入ってない大きなタル。,,1,yes,"A large, empty barrel."
"小タル爆弾を改良した強化版。
小さいからといって甘く見る
と痛い目にあう。",,1,yes,"Upgraded Small Barrel Bomb.
Not to be taken lightly,
despite its size."
"衝撃によって爆発する爆弾。
その威力は絶大。",,1,,"Powerful bomb triggered by
external, physical impact."
"大タル爆弾を改良した強化版。
対モンスターの頼もしい道具。
Ｇの名前はダテじゃない。",,1,yes,"Upgraded Large Barrel Bomb.
Effective against large
monsters."
"仕掛けると空中へ飛んで
いく改良型の爆弾。敵に
当てるのには技術が必要。",,1,,"Launches into the air when
set. This modified bomb
requires skill to use."
"打ち上げタル爆弾の改良型。
敵に当てるのには技術が必要。",,1,yes,"An improved version of the
Bounce Bomb. Requires great
skill to use."
"ターゲットにひっつく
小型の時限式爆弾。
{c05}（支給品専用）",,1,yes,"A small time bomb designed
to stick directly to huge
targets. {c05} (Supply Item)"
"【ＣＴアイテム】
イベント用爆弾",,1,yes,"A bomb for special events.
{c75} (CT item)"
中身のないカラの実。,,1,yes,"A berry that is hollow on
the inside. Tough enough to
grow practically anywhere."
"脊椎を利用した骨の薬莢。
カラの実よりも頑丈で、強度
の高い弾を作り出せる。",,1,yes,"Used as bone ammo casing.
Produces sturdier results
than a Huskberry."
"大型飛竜類の脊椎から採取
された骨の薬莢。頑強な弾は
大量の火薬の爆発にも耐える。",,1,,"Bone ammo casing made from
larger Wyvern bones. Can
withstand powerful blasts."
"入門用ともいえる安価な弾。
威力はあまり期待できない。
弾数は無限。",,1,,"Ammo for novices. Cheap, 
but don't expect much 
damage. Capacity: Unlimited."
"一般的な弾。LV1より
威力が増大されている。
最大９９発。",,1,,"Non-specialized ammo. More
powerful than Lv1.
Capacity: 99"
"一般的な弾。
跳弾による追加ダメージが
狙える。最大９９発。",,1,yes,"Non-specialized ammo. More
powerful than Lv2.
Capacity: 99"
"貫通して飛ぶ弾。モンスター
によっては複数回当たる。
最大６０発。",,1,yes,"Armour-piercing ammo that
sometimes deals multiple
hits. Capacity: 60"
"貫通して飛ぶ弾。
LV1よりヒット回数が増加。
最大６０発。",,1,yes,"High-grade armour-piercing
ammo. Deals more hits than
Lv1. Capacity: 60"
"貫通して飛ぶ弾。
貫通弾系最多のヒット回数。
最大６０発。",,1,yes,"Max-grade armour-piercing
ammo. Deals numerous hits.
Capacity: 60"
"広範囲を攻撃できる弾。
近ければ複数回ヒットする。
最大６０発。",,1,yes,"Ammo that spreads out to
cover a wide area.
Capacity: 60"
"広範囲を攻撃できる弾。
LV1よりヒット回数が増加。
最大６０発。",,1,yes,"Ammo that covers a wide 
area. Deals more hits than
Lv1. Capacity: 60"
"広範囲を攻撃できる弾。
散弾系最多のヒット回数。
最大６０発。",,1,yes,"Max-grade ammo that covers
a wide area. Deals numerous
hits. Capacity: 60"
"刺さった後、爆発する弾。
高い威力を持つ。
最大９発。",,1,,"Ammo that lodges in a target
and explodes. Also deals
Stun. Capacity: 9"
"刺さった後、爆発する弾。
かなり高い威力を持つ。
最大９発。",,1,,"Powerful ammo that lodges
in a target and explodes.
Also stuns. Capacity: 9"
"刺さった後、爆発する弾。
すさまじい威力を持つ。
最大９発。",,1,,"Devastating ammo that lodges
in a target and explodes.
Also stuns. Capacity: 9"
"着弾時に３個の爆弾が飛散る
弾。仲間にも当たるので注意
が必要。最大３発。",,1,,"Ammo that divides into three
shells upon impact. Beware
friendly fire! Capacity: 3"
"着弾時に４個の爆弾が飛散る
弾。仲間にも当たるので注意
が必要。最大３発。",,1,,"Ammo that divides into four
shells upon impact. Beware
friendly fire! Capacity: 3"
"着弾時に５個の爆弾が飛散る
弾。仲間にも当たるので注意
が必要。最大３発。",,1,,"Ammo that divides into five
shells upon impact. Beware
friendly fire! Capacity: 3"
"強力な火属性を持つ弾。
火に弱いモンスターには、
かなり有効。最大６０発。",,1,yes,"Ammo that packs an extra
punch against enemies weak
to Fire. Capacity: 60"
"強力な水属性を持つ弾。
水に弱いモンスターには、
かなり有効。最大６０発。",,1,yes,"Ammo that packs an extra
punch against enemies weak
to Water. Capacity: 60"
"強力な雷属性を持つ弾。
雷に弱いモンスターには、
かなり有効。最大６０発。",,1,yes,"Ammo that packs an extra
punch against enemies weak
to Thunder. Capacity: 60"
"強力な氷属性を持つ弾。
氷に弱いモンスターには、
かなり有効。最大６０発。",,1,yes,"Ammo that packs an extra
punch against enemies weak
to Ice. Capacity: 60"
"普通のボウガンでは扱うこと
さえできない謎の弾。
最大２０発。",,1,yes,"Mysterious ammo that won't
work in normal Bowguns.
 Capacity: 3"
"着弾した相手の体力を
少量回復させる弾。
最大１２発。",,1,,"Ammo that restores a small
amount of health to an ally
upon impact. Capacity: 12"
"着弾した相手の体力を
中量回復させる弾。
最大１２発。",,1,,"Ammo that restores a medium
amount of health to an ally
upon impact. Capacity: 12"
"毒状態にさせる弾。
モンスターによっては複数発
必要。最大１２発。",,1,yes,"Poisons target, but may
require several shots.
Capacity: 12"
"毒状態にさせる弾の強化版。
モンスターによっては複数発
必要。最大８発。",,1,yes,"Enhanced ammo that inflicts
Poison. May require several
shots. Capacity: 8"
"麻痺状態にさせる弾。
モンスターによっては複数発
必要。最大１２発。",,1,yes,"Paralyzes target, but may
require several shots.
Capacity: 12"
"麻痺状態にさせる弾の強化版。
モンスターによっては複数発
必要。最大８発。",,1,yes,"Enhanced ammo that inflicts
Paralysis. May require 
several shots. Capacity: 8"
"睡眠状態にさせる弾。
モンスターによっては複数発
必要。最大１２発。",,1,yes,"Ammo that induces Sleep.
Some targets may require
multiple shots. Capacity: 12"
"睡眠状態にさせる弾の強化版。
モンスターによっては複数発
必要。最大８発。",,1,yes,"Enhanced ammo that inflicts
Sleep. May require several
shots. Capacity: 8"
"罠にかかったモンスターを
捕獲するボウガン専用の
麻酔弾。最大８発。",,1,yes,"Bowgun ammo used to capture
monsters ensnared in traps.  Capacity: 8"
"撃ったモンスターを一定時間
地図に表示する弾。
最大９９発。",,1,yes,"Ammo that marks a monsters
position on the map for a
limited time. Capacity: 99"
"着弾した者に修羅のごとき
力を与えると伝わる弾。
最大５発。",,1,,"Ammo that fills the target
with savage amounts of 
strength. Capacity: 5"
"着弾した者の皮膚を岩石の
ごとく硬質化させると伝わる
弾。最大５発。",,1,,"Ammo that makes the targets
skin as hard as stone.
Capacity: 5"
ソフト仮データ,,1,yes,none
"何も入っていない空のビン。
このままでは、ただのビン。",,1,yes,"A regular old empty phial.
Nothing more, nothing less."
"矢に装填することで
攻撃力を上げられるビン。
最大８０個。",,1,yes,"An arrow coating that 
increase the Attack of
arrows. Capacity: 40"
"装填することで攻撃力を
上げられる毒属性のビン。
最大４０個。",,1,yes,"An arrow coating that 
applies Poison effect to
arrows. Capacity: 40"
"装填することで攻撃力を
上げられる麻痺属性のビン。
最大４０個。",,1,yes,"An arrow coating that 
applies Paralysis effect to
arrows. Capacity: 40"
"装填することで攻撃力を
上げられる睡眠属性のビン。
最大４０個。",,1,yes,"An arrow coating that 
applies Sleep effect to
arrows. Capacity: 40"
"よく跳ねる元気なバッタ。
釣りエサとして使える。",,1,yes,"An energetic insect that is
popular as fishing bait."
"まるまると太ったミミズ。
釣りエサとして使える。",,1,yes,"Often used as a fishing 
lure. Entices those fishies
to bite."
"常に光を発するホタル。
釣りエサとして使える。",,1,yes,"A glowing insect that makes
for a great fishing lure."
釣りエサとして使えるカエル。,,1,yes,"Use as a fishing lure to
attract certain aquatic
monsters."
"マグロ系の魚が好んで食べる
釣りエサ。",,1,yes,"A nugget-shaped fishing 
lure that makes Tuna go 
""mmm"""
"アロワナ系の魚が好んで食べ
る釣りエサ。",,1,yes,"A nugget-shaped fishing 
lure that makes Arrowana go 
""mmm"""
"黄金魚が好んで食べる
釣りエサ。",,1,yes,"A nugget-shaped fishing 
lure that makes Goldenfish 
go ""mmm""."
"釣りエサとして使えるハエ。
どんな魚もすぐさま食いつく
という。入れ食いフィーバー！",,1,yes,"A fly lure that causes a
feeding frenzy no matter
what fish are biting."
"刃こぼれしやすい安物の
ピッケル。",,1,yes,"A cheap pickaxe with an
easily nicked blade."
"鉄で作られたピッケル。
刃こぼれしにくい。",,1,yes,"A pickaxe with a reasonably
strong blade."
"より刃こぼれを抑えるため、
鋼で強化されたピッケル。",,1,yes,"A pickaxe tempered with
steel. This one won't nick
easily."
"編み目のやぶれやすい安物の
虫あみ。",,1,,"A cheap net for catching
bugs. Breaks very easily."
編み目のやぶれにくい虫あみ。,,1,,"A durable net for catching 
all sorts of bugs."
"編み目がやぶれにくく、頑丈
に作られた虫あみ。",,1,,"An extra tough net for
catching bugs. This ones 
designed to last."
"生肉を焼き、
食用肉にすることができる
ハンターの必需品。",,1,yes,"Just what you need to cook
Meat. A must-have for any
hungry hunter."
"忙しい人御用達。
短い時間でこんがり焼けるが
テクニックが必要。",,1,yes,"Cooks faster than a normal
BBQ spit, but also requires
more technique."
"アツイ男の肉焼きセット。
こんがり肉が焼きやすい
高級な肉焼きセット。",,1,yes,"A BBQ spit tailored to the
discerning male hunter.
Makes grilling easy!"
"美しい女性の肉焼きセット。
何度でも、肉を焼きたくなる
音色。",,1,yes,"A BBQ spit tailored to the
discerning female hunter.
Makes grilling fun!"
"アイルー御用達、
高級な肉焼きセット。
失敗しても許せちゃう？",,1,yes,"A BBQ spit designed for
Felyne usage. Sometimes
tricky to operate nya."
"高級な肉焼き機と調合する
ことで、よろず焼きセットに
変えられる。",,1,yes,"Use this premium grill
upgrade kit to take your
BBQ spit to the next level."
"焼きたいものと調合する事で
肉以外のものも焼けてしまう
優れもの。",,1,,"Use this premium grill
upgrade set to add extra
ingredients to your Meat."
"生肉を焼ける状態の
よろず焼きセット。
後は上手に焼くだけ。",,1,yes,"A BBQ set in a state where
Raw Meat is set. All you have
to do is cook it well."
"調理肉を焼ける状態の
よろず焼きセット。
後は上手に焼くだけ。",,1,yes,"A BBQ set in a state where
Cooked Meat is set. All you
have to do is cook it well."
"スパイシー生肉を焼ける
状態のよろず焼きセット。
後は上手に焼くだけ。",,1,yes,"A BBQ set in a state where
Spicy Meat is set. All you have
to do is cook it well."
"クール生肉を焼ける状態の
よろず焼きセット。
後は上手に焼くだけ。",,1,yes,"A BBQ set in a state where
Cool Meat is set. All you have
to do is cook it well."
"毒生肉を焼ける状態の
よろず焼きセット。
後は上手に焼くだけ。",,1,yes,"A BBQ set in a state where
Poisoned Meat is set. All you have
to do is cook it well."
"魚を焼ける状態の
よろず焼きセット。
後は上手に焼くだけ。",,1,yes,"A BBQ set in a state where
Fish is set. All you have
to do is cook it well."
"大きな魚を焼ける状態の
よろず焼きセット。
後は上手に焼くだけ。",,1,yes,"A BBQ set in a state where
Large Fish is set. All you have
to do is cook it well."
"標準サイズの砥石。
武器を研磨し、斬れ味を回復
させることができる。",,1,yes,"A standard Whetstone. Use 
it restore a weapon's 
sharpness."
遠くを見ることができる。,,1,,"Allow you to see farther 
and observe from a distance."
調合失敗でできたゴミ。,,1,yes,"Junk created when a 
combination attempt fails."
"特定モンスターの注意を引く
ことができる、あぶない笛。
確率で壊れる。",,1,yes,"Used to attract certain
monsters-use at your own
risk. Breaks easily."
"特殊な音色には癒しの効果が
あり、それを聴いた人は体力
が回復する。確率で壊れる。",,1,,"Restores health to those
who hear it. May break when
used."
"特殊な音色を聴いた人は自然
治癒能力が促進され、毒を
跳ねのける。確率で壊れる。",,1,,"Eliminates Poison in the 
blood of those who hear it.
May break when used."
"特殊な音色を聴いた人は
どこからか勇気が湧き、力が
みなぎる。確率で壊れる。",,1,,"Increases the strength
of those who hear it.
May break when used."
"特殊な音色を聴いた人は
精神が高まり、忍耐力が増す。
確率で壊れる。",,1,,"Bolsters the defenses
of those who hear it.
May break when used."
栄養価の高いハチミツ。,,1,yes,"Sweet,golden honey. High in
nutritional value."
"昼しか採れない不思議な草。
調合の材料等に用いられる。",,1,,"A strange herb that can
only be harvested during 
the day. Good for combining."
"夜しか採れず、いい匂いのす
る不思議な草。
調合の材料等に用いられる。",,1,,"A strange herb that can
only be harvested at night.
Famous for its sweet aroma."
体力を微量回復する草。,,1,,"Restores a very small amount 
of Health. Not very 
flavourful."
"解毒作用を秘めた草。
単品で食べることで、
効能を発揮する場合もある。",,1,,"A plant used in Antidotes.
Sometimes cures Poison by
itself."
発火作用を秘めた不思議な草。,,1,,"A wondrous, flammable
plant."
柔軟性が高く強靭な草。,,1,,"A lightweight and extremely
durable plant."
睡眠作用を秘めた草。,,1,,"A plant containing sleep
inducing agents."
"葉の表面に強い粘着性を持つ
草。付着すると、ネバネバが
なかなか取れない。",,1,yes,"A plant with leaves coated
in sticky sap. Difficult to
remove once attached."
"メラルーの大好物。
盗まずにはいられない。",,1,yes,"Melynxe's favourite food--
they just have to steal it."
"解毒成分が含まれているが、
単品では効果が発揮されない。",,1,,"Possesses antidotal
properties, but will not
work by itself."
"「サボテンの花」の突然変異。
普通の場所には咲いていない。
{c05}（精算アイテム）",,1,yes,"A flower that dislikes 
light and blooms in darkness
{c05} (Account Item)"
"一口かじるだけでも火をふく
辛さ。体はあったまるけれど、
このままではちょっと…。",,1,,"Blazingly spicy. Sure It'll
warm you up, but its too
hot to use on its own."
"小指ほどの大きさの採取が
難しいキノコ。モスの好物。
{c05}（精算アイテム）",,1,yes,"A pinky-sized mushroom
valued for its unusual
aroma. {c05} (Account Item)"
"特産キノコの中でも
特に形や香りの良い物の総称。
{c05}（精算アイテム）",,1,yes,"The perfect shape and aroma.
Even better than a Unique
Mushroom. {c05} (Account Item)"
"特産キノコが十分に熟成した
とてつもない臭いのキノコ。
{c05}（精算アイテム）",,1,yes,"A Unique Mushroom made more
unique by maturing its 
flavour. {c05} (Account Item)"
増強作用を秘めたキノコ。,,1,yes,"Rare mushroom with a power 
enhancing effect."
高熱を秘めた珍しいキノコ。,,1,yes,"A hard-to-find mushroom
with a peculiar ability to
generate heat."
麻痺作用を秘めたキノコ。,,1,yes,"A mushroom that induces
paralysis."
"毒素を秘めたキノコ。
食べると毒状態となるが…。",,1,yes,"Logic says not to eat this
poisonous fungus. But don't
write it off completely."
"不思議なにおいのするキノコ
食べると…。",,1,yes,"This one has a very strange
aroma. But is it edible?
Only one way to find out!"
"引きぬいた人間の生命を奪う
と伝えられる、危険なキノコ。",,1,yes,"A dangerous fungus said to
draw the life out of people.
Beware!"
"スタミナを少量回復する
キノコ。
{c05}（精算アイテム）",,1,yes,"A strangely spicy mushroom
popular with chefs.
{c05} (Account Item)"
"夜にのみ採れる珍しいキノコ。
そのままでは食べられないが
なにかと調合してみれば…。",,1,yes,"A strange mushroom found
only at night. It can't be
eaten on its own."
"様々な色の花びらを持つ
かわいらしいたんぽぽ。染料
の材料として重宝されている。",,1,,"A beautiful flower with
shimmering petals. A popular
ingredient in many dyes."
"破裂すると強烈な色と匂いを
発散する木の実。その匂いは
遠く離れていても届く。",,1,,"A berry with a shocking hue
and unmistakable scent.
Careful;it WILL stain!"
"一時的に攻撃力が上昇する種。
食べると経絡エネルギーの流
れが活性化し、力が増す。",,1,yes,"Improves energy flow when
ingested, temporarily
raising Attack power."
"一時的に防御力が上昇する種。
食べることで力がみなぎり、
肉体の強度が増す。",,1,,"Improves energy flow when
ingested, temporarily
raising Defense power."
"太古から龍が忌み嫌うと伝え
られている不思議な実。",,1,,"A mysterious berry, rumored
since ancient times to be
loathed by dragons."
"衝撃を加えることで中身が飛
び散るクルミ。",,1,yes,"A nut that violently
ejects its contents when
struck."
針のように鋭い木の実。,,1,,"A berry covered in needle-
like thorns. Used as a 
material for ammo."
"衝撃を加えることで破裂する
木の実。",,1,,"A berry that explodes when
stuck."
一部が欠損している貝殻。,,1,,"This fragment of a once
magnificent shell may still
have some value."
"貝からとれる黒く光る珠。
宝石としての価値もあるが、
装備品の素材にも用いられる。",,1,,"A pearl with a black glow.
fetches a high"
"陽の光に反応してぼんやりと
輝く鉱石。強度を高める合金
素材として重宝されている。",,1,,"Stone that glows faintly
upon contact with sunlight.
Enhances metal's strength."
"小さな石ころ。
投げることができる。",,1,,"A small rock. It can be
thrown."
"鉄の鉱石。
汎用性に富んだ金属を、精製
することができる。",,1,,"Ore that can be smelted 
down into metal. Has 
countless uses."
"微生物の遺骸や腐敗物が結晶
化した石。工房で武器の研磨
材として重宝されている。",,1,,"Crystallized microbes which
are prized as an abrasive
when forging weapons."
"鉄鉱石よりも良質な金属が採
れる鉱石。精製されてマカラ
イト鋼になる。別名：燕雀石",,1,yes,"An ore that yields better
metal than Iron Ore. Used
to make Machalite."
"マカライト鋼よりも良質な金
属が精製できる鉱石。希少
価値が高い。別名：輝竜石",,1,yes,"A rare and valuable ore
that produces metal 
superior to Machalite,"
"ドラグライト鋼よりも良質な
金属が精製できる鉱石。目下、
研究中の素材。別名：霊鶴石",,1,yes,"An ore still being 
researched. It yields even
better metal than Dragonite."
"あらゆる素材をつなぐことの
できる、不思議な金属を含む
鉱石。別名：白鳩石",,1,,"Ore used to fuse other metals
together. Sometimes called
Dovestone."
"常温で燃え盛る灼熱の鉱石。
その高温で素材同士を結合
させる。別名：鳳凰石",,1,,"Combusts at room temperature
Often used to fuse different
materials together."
"可燃性の岩石。
ほのかな温かみを感じる。
{c05}（精算アイテム）",,1,yes,"A combustible rock which
emits a faint warmth.
{c05} (Account Item)"
"鈍く輝くクリスタル。
非常に硬度が高く、工房など
で道具にも利用されている。",,1,yes,"An extremely hard substance
with a faint glow. 
Sometimes used in smithing."
"光り輝くクリスタル。
非常に硬度が高く、工房など
で道具にも利用されている。",,1,yes,"A brightly glowing crystal.
Extremely hard, its often
used in workshop tools."
"調合により大地の結晶に含ま
れる抗菌性物質の濃度を高め
た石。自然界には存在しない。",,1,,"A man-made crystal with
enhanced antiseptic 
properties."
"常温でも溶ける事のない
氷の結晶。鉱物の密度を高め
る効果のある事が判明した。",,1,,"Ice that won't thaw, even
at room temperature. Used
to create denser ore."
"この地域では咲かない花。
種が風にのって花を咲かせた
らしい。極彩色の大きな花。",,1,,"A large, beautifully 
coloured flowering plant
foreign to this land."
"上質な油分を含む木の実。
皮をなめしたり、色を鮮明に
する効果も併せ持つ。",,1,,"Oily nuts often used in 
official Guild beverages.
They can stain the skin."
"氷結晶の中に虫や花などの
生物が閉じ込められた物の
特別な呼び名。",,1,,"A strange amber-coloured
ice often found full of
trapped insects and plants."
"メラルーが持っているポーチ。
中はごちゃごちゃしている。
{c05}（精算アイテム）",,1,yes,"The pouch carried by Melynx.
Its a mess inside.
{c05} (Account Item)"
"武器を砥ぐことができる
ぐらい、背ビレの硬い魚。",,1,yes,"A fish with a dorsal fin
hard enough to be used to
sharpen weapons."
"脂の乗った美味い魚。
食べると体力が少量回復する。",,1,,"A delicious fish that 
restores a small amount of
health when consumed."
睡眠作用を持つ魚。,,1,,"A fish that contains 
sleeping agents."
アゴに細く鋭いハリをもつ魚。,,1,yes,"A fish with jaws covered
in tiny, needle-like spines."
絶命時にはじける魚。,,1,,"A fish that literally pops
open when it dies."
絶命時に拡散する魚。,,1,,"A fish that splits into 
little pieces when it dies."
絶命時に破裂する魚。,,1,,"A fish that bursts open
when it dies."
絶命時に爆裂する魚。,,1,,"A fish that violently
explodes when it dies."
"ひときわ大きなキレアジ。
研ぎ効果もアップ。",,1,yes,"An especially large Knife
Mackerel. Use its fin to
really sharpen those blades."
"ひときわ大きな眠魚。
弾の調合に用いられる。",,1,,"A huge Sleepyfish. Just 
touching it makes you feel
a little drowsy."
"ひときわ大きなハリマグロ。
弾の調合に用いられる。",,1,yes,"A huge Pin Tuna. Covered in
thousands of extra prickly
spikes."
"ひときわ大きなはじけイワシ。
弾の調合に用いられる。",,1,yes,"A massive Burst Arrowana.
At this size, it could be
dangerous!"
"ひときわ大きな
ハレツアロワナ。
弾の調合に用いられる。",,1,yes,"A massive Bomb Arrowana.
At this size, it could be
deadly!"
"なんでも口にしてしまう魚。
たまに、食べた物が胃の中に
残っていることがある。",,1,,"A fish that eats anything--
allowing you to sometimes
get items from its stomach"
"ひときわ大きな大食いマグロ。
大きいものも、
かまわず食べてしまう。",,1,yes,"An enormous Glutton Tuna.
Will eat anything no matter
the size."
"全身黄金の珍魚。
高値で取引されている。
{c05}（精算アイテム）",,1,yes,"An rare fish made of solid
gold. Sell it for a tidy
sum. {c05} (Account Item)"
"希少価値の高い巨大魚。
何かに使えそう…。",,1,,"A giant fish that is both
rare and valuable. It looks
like it could be useful?"
"珍魚。それなりの高値で
取引されている。
凶暴につき初心者注意！",,1,,"A small,rare,gold fish. 
Commands a high price."
"全身白金の珍魚。
高値で取引されている。",,1,,"A small,rare,silver fish. 
Commands a high price."
"捨てるところがないくらい
体全体が素材になる貴重な魚。
食材になるという噂も…。",,1,,"A precious fish; almost
every part can be used as a
material."
"女王として君臨しているエビ。
まれに、オスを食べて
しまうことも…。",,1,yes,"These massive, regal shrimp
are famous for consuming
their male mates."
虫の死骸。,,1,,"The remains of a dead 
insect. Only a hard-core
collector would keep this."
"マグロの大好きな匂いを放つ、
イモのようなイモムシ。
エサに練りこむと効果絶大。",,1,yes,"A strange grub often found
near yams. A favourite
snack for tuna of all kinds."
"アロワナの大好きな匂いを
放つ、丸っこいバッタ。
エサに練りこむと効果絶大。",,1,yes,"A grasshopper with a foul
odor. When used as a lure it
drives arrowana wild."
"黄金魚の大好きな匂いを放つ、
ヘビのようなハチノコ。
エサに練りこむと効果絶大。",,1,yes,"An unusual larvae to make
fishing lures with; its
scent drives rare fish wild."
寿命１０００年と伝わる虫。,,1,,"An insect said to live for
a thousand years. At least
according to legend."
"自然治癒能力を促進させる
苦味エキスを秘めた虫。
食べると５０％の確率で解毒。",,1,yes,"A bitter-tasting bug with
innate healing properties.
50% chance to cure Poison."
絶命時に強烈な閃光を放つ虫。,,1,,"An insect that emits a 
powerful flash upon death."
"衝撃が加わると放電する昆虫。
武器のみならず生活の中にも
広く利用されている。",,1,,"An insect that emits an
electrical shock when 
struck. Has many uses."
"カナブンの中でも親玉クラス
の種族。堅い甲殻と光沢の
ある羽を持っている。",,1,yes,"The royal class of scarabs.
Has a hard shell and
lustrous wings."
"どんな素材でも繋ぎ合わせる
ことができる、非常に強力な
粘着液を吐き出すバッタ。",,1,yes,"A cricket-like insect that
disgorges an extremely
durable adhesive."
"堅い甲殻を持ち、研磨剤とし
て使われる事もある虫。",,1,,"An insect with dazzling
wings. Its rough shell is
often used as an abrasive."
"希少価値のある虫。
金属同士の結合力を
高める効果がある。",,1,,"A rare and valuable insect
that greatly aids in the
bonding of metals."
"宝石のように輝いている甲虫。
コレクター間で高値で取引さ
れている。{c05}（精算アイテム）",,1,yes,"A beetle with a jewel-like
gleam collectors pay 
dearly for. {c05} (Account Item)"
"調理用の食材。
密林に多く生えているという
野性味たっぷりのネギ。",,1,yes,"Onion with a wild taste 
often found in humid
climates.  {c24} (Cooking Item)"
"調理用の食材。
砂漠でのみとれる珍味。
トゲを取るのを忘れずに。",,1,yes,"A refreshing cactus regarded
as a delicacy. Watch the
Thorns! {c24} (Cooking Item)"
"調理用の食材。
切っても涙がでてこないと
いう奥様大喜びの一品。",,1,,"A prized vegetable that
won't make you cry when you
cut it! {c24} (Cooking Item)"
"調理用の食材。
最高級のトマト。かじると
甘い汁がたっぷり。",,1,yes,"An icy-cold tomato that
somehow still remains juicy.
{c24} (Cooking Item)"
"調理用の食材。
奇妙な形をしたキノコ。
形は悪いけれど味は絶品。",,1,yes,"A hideous looking fungus
with a deceptively tasty
flavour.  {c24} (Cooking Item)"
"調理用の食材。
寒い地域でしか育たない麦。
噛むとほんのり甘い。",,1,,"A nutritious grain native
to cold climates. Has a mild
sweetness.  {c24} (Cooking Item)"
"調理用の食材。
複数種類の豆が詰まっている
お得な品種。",,1,,"An indispensable mixture of
several beans used for many
dishes.  {c24} (Cooking Item)"
"調理用の食材。
名前どおり石のように固い
パン。あごのトレーニングに。",,1,yes,"Twice baked, rock-hard 
bread. Can't be eaten as
is. {c24} (Cooking Item)"
"調理用の食材。
米粒のように実がなる草。
サラリとした食感が人気。",,1,yes,"A silky smooth grain loved
by people everywhere!
{c24} (Cooking Item)"
"調理用の食材。
大昔から味も形も変わって
いないという豆。栄養満点！",,1,,"Mystical legumes valued for
cooking since ancient times.
{c24} (Cooking Item)"
"調理用の食材。
文字通り白い色のレバー。
とろりとした食感が大人気！",,1,yes,"A white-coloured liver,
popular for its juicy 
texture. {c24} (Cooking Item)"
"調理用の食材。
ポポの舌。歯ごたえがよく
健康にもいい人気食材。",,1,yes,"Popo Tongues are popular,
healthy, and fun to eat!
{c24} (Cooking Item)"
"調理用の食材。
フルフルベビーを熟成させた
通の舌をもうならせる珍味。",,1,yes,"Beloved by connoisseurs
despite its... interesting
appearance. {c24} (Cooking Item)"
"調理用の食材。
ガブラスから取れた肉で
味はそれほどではない…。",,1,yes,"A thin, stringy piece of
rather bland Remobra meat.
{c24} (Cooking Item)"
"調理用の食材。
幻といわれる凶暴な飛竜の肉。
一度は味わってみたい一品。",,1,,"Tough and rare meat used to
make truly mystical meals.
{c24} (Cooking Item)"
"調理用の食材。
音符のような形に見える魚。
味はそこそこ。",,1,,"A strange fish, with a music
note shaped scale pattern.
{c24} (Cooking Item)"
"調理用の食材。
くねくね動くサーモン。ヘビ
の様だけどれっきとした魚。",,1,yes,"An unusually long, snake-
like fish with a delicate
flavour. {c24} (Cooking Item)"
"調理用の食材。
米粒のように小さい虫。
食べるととても甘い。",,1,,"These tiny beetles have a
shockingly sweet flavour.
{c24} (Cooking Item)"
"調理用の食材。
食べるとちょっとピリ辛な虫。
おつまみとしても愛用される。",,1,yes,"A worm often used in cooking
due to its spicy flavour.
{c24} (Cooking Item)"
"調理用の食材。
ココット村近くの森丘にいる
虫。どこか懐かしい味がする。",,1,yes,"A predatory insect with a
strangely comforting 
flavour. {c24} (Cooking Item)"
"世界一強いといわれている虫。
装備の加工や食材など幅広く
使われている。",,1,,"Said to be the world's
strongest bug. Used in 
forging and other things."
"調理用の食材。
料理にまぜると、
燃えるような辛さになる。",,1,,"A crimson oil that adds
heat to any dish!
{c24} (Cooking Item)"
"調理用の食材。
料理にまぜると元気が
モリモリ湧いてくる！",,1,yes,"A rich lard used to fortify
cooked meals.
{c24} (Cooking Item)"
"調理用の食材。
長寿に効くという素材を
交ぜた特製ジャム。",,1,yes,"Jam said to extend the life
of those who eat it.
{c24} (Cooking Item)"
"調理用の食材。
食材そのものの味を増して
くれる優れもの。",,1,,"This substance is used to
enhance other ingredients
flavours.  {c24} (Cooking Item)"
"調理用の食材。
気性の激しい牛のミルクから
作ったバター。",,1,yes,"Butter that boosts energy 
when used in a dish.
 {c24} (Cooking Item)"
"調理用の食材。
高価な素材をふんだんに
使った贅沢なチーズ。",,1,yes,
"調理用の食材。
庶民の味方。
少しの量で酔っ払える。",,1,,"Ale beloved by both rich
and poor. Very high alcohol
content. {c24} (Cooking Item)"
"調理用の食材。
「一生に一度は飲んでみたい
ワイン」ＮＯ１の高級ワイン。",,1,yes,"High-class wine that's been
Rated the best in Mezeporta.
{c24} (Cooking Item)"
"調理用の食材。
滅多に手に入らない幻の一品。
酒の中の王様。",,1,,"Regarded as the ""king of 
beer"". Quite valuable and
rare. {c24} (Cooking Item)"
"調理用の食材。何かの
モンスターの卵らしいが
不気味な色をしている。",,1,yes,"Common in food, yet still
quite valuable. It has an 
odd colour.  {c24}(Cooking Item)"
"ブタが好んで食べるせんべい。
見かけると、一目散にやって
くる。",,1,yes,"Small crackers loved by 
Poogies. Careful they'll
follow them anywhere!"
"モンスターの内臓器官の１つ。
臓器が割れると、鼓膜を破壊
するほどの強烈な音が鳴る。",,1,yes,"A monster organ that emits
and earsplitting sonic
blast when ruptured."
"モンスターの内臓器官の１つ。
致死性の毒液が溜まっている。
取り扱い注意。",,1,yes,"A monster organ that holds
a deadly toxin. Handle with
extreme care."
"モンスターの内臓器官の１つ。
神経性の毒液が溜まっている。
毒を受けると麻痺する。",,1,yes,"A monster organ that 
contains paralyzing 
neurotoxins."
"モンスターの内臓器官の１つ。
睡眠効果のある粉塵を溜める
器官。粉塵を吸うと昏倒する。",,1,yes,"A monster organ that 
contains a knockout powder
capable of inducing sleep."
"モンスターの内臓器官の１つ。
可燃性の粉塵が詰まっている。
取り扱い注意。",,1,yes,"A monster organ filled with
a flammable powder. Handle
with extreme care."
"モンスターの内臓器官の１つ。
特異体質のフルフルの臓器。
衝撃を受けると放電する。",,1,yes,"A monster organ that can 
store electricity, releasing
it upon impact."
"ゲリョスの体液。
ゲリョスの逃げ足の速さ、
持久力の秘密がこの体液。",,1,yes,"A mysterious substance 
culled from monsters
that increases endurance."
"フルフルの体液。
特定の薬の効果を倍増させる
効能がある。",,1,yes,"Has the ability to enhance
certain types of medicine."
"非常に使い勝手の良い素材。
生活や狩りには欠かせない。
様々なものに加工される。",,1,,"A very useful material;
indispensable for both
hunting and daily"
"飛竜類から良く採れる。小型
の骨よりも加工の幅が増える。
骨の加工は削り出しが基本。",,1,,"A nicely sized bone. Strong
yet flexible, its as 
reliable as steel and wood."
"大型竜の骨。一品モノの加工
には欠かせない。骨と甲殻を
つなぐ素材が存在するらしい。",,1,yes,"Wyvern bone needed to craft
larger items. Often fused 
onto monster shells."
"飛竜一体から数本しか採れな
い貴重な骨。加工は難しいが
大変強力で重宝する。",,1,,"A high-quality monster bone.
Hard to find, but vital for
crafting powerful gear."
"大型龍の骨。
骨だけでも威厳が感じられる。",,1,,"Bone from an elder dragon.
It exudes the great majesty
of the beast."
"風化してしまった骨。
加工するほどの堅さは無い。",,1,,"A weathered bone not sturdy
enough for use in crafting."
"動物の頭骨。風化していて
元の生物も判定できない。",,1,,"An animal skull so worn
and weathered its 
unidentifiable."
"達人級のハンターといえど、
一瞬の油断で昇天してしまう。
そんな彼らの無念がみえる。",,1,yes,"The skull of a top hunter
who got a little too 
careless during a hunt."
"ただの骨。風化していて
元の生物も判定できない。",,1,,"A long, thin bone. Junk no
matter how you slice it, but
not completely worthless."
"大きくて太い骨。
工房で切り出されて
加工の材料にされる。",,1,,"A large, thick bone often
cut apart in workshops for
use in crafting."
"飛竜類の牙。ボウガンの弾丸
の先端部分になる。火薬の力
で、砕け散る弾となる。",,1,yes,"Used in Bowgun bullet tips.
Gunpowder shatters these, 
generating shrapnel."
"飛竜類の爪。ボウガンの弾丸
の先端部分になる。中に火薬
を詰めて、広域爆薬弾となる。",,1,yes,"Used in Bowgun bullet tips.
Gunpowder triggers a blast
with a wide radius."
"飛竜種の体内に長年蓄積され
た不純物が、結石という形に
なったもの。特異な物質。",,1,,"Throughout a Wyvern's life,
impurities gather and form
this peculiar gem."
"特殊な行動のときにのみ
飛竜たちがこぼす貴重な涙。
{c05}（精算アイテム）",,1,yes,"Bitter tears wept by 
wyverns on certain 
occasions.  {c05} (Account Item)"
"なわばりを主張するために
落とすフン。
{c05}（精算アイテム）",,1,yes,"Droppings left by certain
monsters to mark territory.
{c05} (Account Item)"
"長い年月を経て
体の中で磨かれた宝石。
{c05}（精算アイテム）",,1,yes,"A jewel formed inside the
body over many, many years.
{c05} (Account Item)"
"古龍種が好んで集める石。
キラキラ光っている。
{c05}（精算アイテム）",,1,yes,"A jewel formed inside the
body over many, many years.
{c05} (Account Item)"
"長い年月の末に朽ち果てた、
龍の鱗。かつての強大な力を
感じさせるものはすでにない。",,1,,"A dragon scale that time has
reduced to this sad husk.
{c05} (Account Item)"
"龍の鱗が結晶硬質化したもの。
生薬として重宝される。
{c05}（精算アイテム）",,1,yes,"An ancient dragon scale 
prized as an ingredient in
medicines.  {c05}(Account Item)"
モスの皮。苔で覆われている。,,1,yes,"A musty hide covered in
moss."
"モスの頭。
これを持って帰るハンターは
少ない。物好きの証。",,1,yes,"An entire Mosswine head.
Quite the prize for most
hunters."
ファンゴの皮。剛毛。,,1,yes,"The pelt of a Bullfango.
Covered in bristly fur."
"ファンゴの頭。
２本の立派な牙がいかつい。",,1,yes,"A Bullfango head, complete
with two splendid tusks."
"ドスファンゴの皮。
剛毛だが、どこか美しい。",,1,yes,"The hide of a Bulldrome.
Its bristliness has a 
certain beauty to it."
"ドスファンゴの硬い皮。
ちょっとやそっとじゃ
傷ひとつつかない。",,1,yes,"The tough, unblemished hide
of a Bulldrome."
"ケルビの角を細かく砕いて煎
じたものは、この地での腹痛
薬である。",,1,yes,"An infusion of powdered 
Kelbi Horn that works
wonders on Stomachaches."
"砦の住人の防寒具や、鎧のつ
なぎ素材に利用される。",,1,,"A pelt used for many things,
but mostly just regular
clothes."
"ガウシカからとれる毛皮。
毛並みが良く保温性も高い。
ふわふわの手触り。",,1,yes,"A soft, thick pelt used for 
many things, but mostly 
insulating clothes."
"ガウシカの角。
武具の素材の他に、家の
装飾に用いられる事もある。",,1,yes,"An antler often used as raw
material for armour. Also
used as decoration."
"飛竜類ほどではないが、十分
鋭い歯。ボウガンの弾の素材
として重宝されている。",,1,yes,"A sharp, durable fang taken 
from a Velociprey. Used to 
make Bowgun ammo."
"ランポスから剥ぎ取った鱗。
黒い部分と青い部分があり、
好みによって使い分けられる。",,1,yes,"A scale obtained by carving
up a Velociprey. Blue and
black in colour."
"ランポスから剥ぎ取った
上質な鱗。より軽く、より
丈夫な武具ができる。",,1,yes,"A scale obtained by carving
up a Velociprey. It can be
made into durable armour."
"鱗を剥ぎ取った状態の皮。
砦でなめされて革となる。
鎧のつなぎ素材として重宝。",,1,,"Hide stripped of its scales.
Used to join plates in a
suit of armour."
"ランポスリーダーの皮。
群れのリーダーらしく、
いたるところに傷がある。",,1,yes,"The hide of a Velociprey leader.
It bears the scars of a
leadership role."
"群れのリーダーランポスの爪。
鋭い大爪は刃物のようになっ
ている。",,1,yes,"Claw from an alpha Velociprey.
Sharp and blade-like."
"ドスランポスの鋭い爪。
研ぎ澄まされた爪は
獲物に深く食い込む。",,1,yes,"The sharp claw of a Velocidrome.
It can easily slice through prey."
"トサカの付いた大きな頭。
かぶると少しランポス気分。
けっこう暖かい。",,1,yes,"Large head with a crest.
You'd look pretty fierce if
you put it on."
"珍しい白色のランポスから
剥ぎ取った白い鱗。上品な
色合いが人気の秘訣。",,1,yes,(This item is unused)
"ハンター達の体の自由を奪う
強力な毒の牙。その神経性の
猛毒は飛竜類にも有効である。",,1,yes,"Poisonous fang from a Genprey.
Paralyzing toxin even works
on wyverns."
"ゲネポスから剥ぎ取った鱗。
砂漠地帯では保護色になって
いる。",,1,yes,"Scale from a Genprey. Acts as
camouflage in the desert zone."
"ゲネポスから剥ぎ取った
上質な鱗。強固な鱗は
生半可な牙など通さない。",,1,yes,"Scale taken from a Genprey.
Strong enough to repel a
wyvern's fangs."
"鱗を剥ぎ取った状態の皮。
砦でなめされて革となる。
色の好みで使い分けられる。",,1,,"A hide with all the scales
removed. Can be tanned
at the fort."
"ドスゲネポスの丈夫な緑の皮。
リーダー格の皮は強度が高く、
上位品質防具のつなぎに必要。",,1,yes,"Sturdy green hide from a
Gendrome. Perfect for making
strong armor."
"ドスゲネポスの頭。
二本のトサカが
チャームポイント。",,1,yes,"The skull of a Gendrome is
noted for its two crests."
"生命を脅かす猛毒液を飛ばす
牙。取り扱いには細心の注意
が必要である。",,1,,"Fang filled with deadly poison.
Care is required when
handling it."
"イーオスから剥ぎ取った鱗。
毒々しい鱗は皮膚に悪影響を
及ぼすので、毒抜きされる。",,1,yes,"The dangerous poison normally
in the scale has been
removed."
"イーオスから剥ぎ取った
上質な鱗。厳重に毒抜き
された後、加工される。",,1,yes,"Scale stripped from an Ioprey.
Can be used, once the
poison is removed."
"鱗を剥ぎ取った状態の皮。
砦でなめされて革となる。赤
い皮は装飾にも利用される。",,1,,"Descaled hide, often made into
belts. Red belts are used in
decorations."
"ドスイーオスの丈夫な赤い皮。
リーダー格の皮は強度が高く、
上位品質防具のつなぎに必要。",,1,yes,"Sturdy red hide from an Iodrome.
Perfect for making strong armor."
"ドスイーオスの頭。
大きなトサカは、
見るものの目をひきつける。",,1,yes,"The large crest on an Iodrome's
skull is enough to catch
the eyes of all."
"耐火性に優れているイャン
クックの桃色の鱗。フィール
ドに落ちていることもある。",,1,yes,"Pink colored scale from a
Kut-Ku. Fire-resistant. Can be
found in the field."
"イャンクックの耐火性の甲殻。
火への耐性が多少強くなる。",,1,yes,"The fire resistant shell of a
Kut-Ku. Quite resistant to fire."
"怪鳥の甲殻よりも堅い部位の
外殻で、この地域では
【けんかく】と呼ばれている。",,1,,"Harder than Kut-Ku Shell,
this material is also known
as Gravite."
"耐火性に優れているイャン
クックの耳。ボウガンの逆火
を防ぐのに利用されている。",,1,yes,"The Fire resistant ear of a
Kut-Ku. Used to prevent Bowgun
flash-back."
"耐火性に優れているイャン
クックの耳。伸縮自在の
素材は防具の下地にも最適。",,1,yes,"Kut-Ku's fire resistant ear.
The flexible material is a good
base for armor."
"大きくて非常に丈夫な、
イャンクックのクチバシ。",,1,yes,"The huge, sturdy beak of
a Yian Kut-Ku."
"大きく型の良いクチバシには
そうそうお目にかかれない。
まさに、立派！",,1,yes,"Finding a large, beautiful beak
in this shape is quite rare!
Splendid!"
"イャンクックの翼の膜。
つなぎの素材として獣の皮
より優れている。",,1,yes,"Webbing froma  Kut-Ku wing.
Better as a fusing material
than animal skin."
"世にも珍しい青いイャン
クックの鱗。この青色は、
この鱗からでしか出せない。",,1,yes,"Scale of the extremely rare
Blue Kut-Ku. Makes vivid blue
armor."
"世にも珍しい青いイャン
クックの甲殻。鮮やかな青
は人気の一品。",,1,yes,"Shell of a rare Blue Kut-Ku.
The vivid blue makes it a
popular item."
"青いイャンクックの
甲殻よりも堅い部位の外殻。
様々な加工品に使用される。",,1,yes,"Rare Blue Kut-Ku Carapace.
Harder than its shell, often
used in crafting."
"弾力性の高いゲリョスの皮。
絶縁物のため電気に強い。",,1,yes,"Highly elastic Gypceros hide.
A good insulator, resistant
to electricity."
"弾力性の高いゲリョスの
上質な皮。ボリューミーな
ゴム質の皮が妙にここち良い。",,1,yes,"High quality, highly elastic
Gypceros hide. Gives off a
strange scent."
"ゲリョスのユニークな形を
した頭。ゲリョス愛好家には
たまらない一品。",,1,yes,"The uniquely shaped head of
a Gypceros. A must have for
Gypceros lovers!"
"まれに現れる紫色のゲリョス
から剥いだ皮。シックな
紫色はちょっぴりオトナ気分。",,1,yes,"A rarely seen Purple Gypceros
hide. The chic purple hide is
en vogue."
"まれに現れる
紫色のゲリョスの翼。
非常に珍品。",,1,yes,"A seldom seen purple wing
from a Gypceros.
Incredibly valuable."
"魚竜類の内臓。
万病に効くとされている。
{c05}（精算アイテム）",,1,yes,"Internal organ from a Piscine
Wyvern. A great cure-all.
{c05}(Account Item)"
"魚竜類に属するガノトトス種
とガレオス種の牙。多層の
歯で獲物に喰らいつく。",,1,yes,"Fang from a Plesioth or Cephalos.
Used to hold and kill prey."
"鈍く瑠璃色に光るガノトトス
の鱗。水分を失うと脆くなる
性質がある。",,1,yes,"An incandescent scale from
a Plesioth. Becomes brittle if
it dries out."
"鈍く瑠璃色に光るガノトトス
の上質な鱗。水分を失っても
その輝きは失われない。",,1,yes,"A faintly shining scale from
a Plesioth. It keeps shining even
when dry."
"ガノトトスの美しいヒレ。
ヒレの先端の棘には毒があり、
刺されたものは昏倒する。",,1,yes,"A beautiful fin from a Plesioth.
The spikes are stunningly
poisonous."
"どこかに生息しているという
翠色のガノトトスの鱗。艶の
ある翠色はまるで宝石の様。",,1,yes,"Scale of a mysterious Green
Plesioth. It has a emerald-like
glow."
"翠色のガノトトスのヒレ。
その美しさゆえ、装飾に用い
られる事が多い。",,1,yes,"A beautiful fin from a Green
Plesioth. Often used in
decoration."
"ガレオス種の鱗。砂を洗い
流すと、美しい青色をして
いる。保湿性が非常に高い。",,1,yes,"A sand wyvern scale.
Its color is a brilliant blue.
Retains moisture."
"ガレオス種の上質な鱗。
保湿性の高い鱗は水分を逃が
すことがなく、常に青く輝く。",,1,yes,"High quality sand wyvern scale.
Its color is a stunning blue."
"ガレオス種のヒレ。毒は無い
が、刃物のような鋭い形状を
している。",,1,yes,"A sand wyvern fin.
It isn't poisonous,
but it's very sharp."
"ガレオス種の上質のヒレ。
普通のヒレより鋭さが増して
いる。",,1,yes,"A high quality fin from
a Cephalos. Sharper than the
normal version."
"ガレオス種からまれに剥ぎ取
れる紫の鱗。鮮やかな紫色は
ハンター達の中で人気が高い。",,1,yes,"A coral sand wyvern scale.
The vivid purple is popular
with hunters."
"ガレオス種からまれに剥ぎ取
れる桃色のヒレ。うっすら
ピンク色でカワイイ。",,1,yes,"A coral sand wyvern fin.
The faint pink color is
quite cute."
"この地域全域に生息する飛竜、
リオレイアの鱗。リオレウス
はその雄である。",,1,yes,"A scale from a Rathian.
Its focus is her nest.
Its mate is a male Rathalos."
"リオレイアの上質な鱗。見た
目は普通の鱗とさほど違いは
ないが、硬さは雲泥の差。",,1,yes,"The scale of a Rathian.
It appears to be normal,
but its stiffness is not."
"尻尾にあるといわれる、リオ
レイアの逆鱗。灼熱の鱗は、
火竜の名にふさわしい逸品。",,1,yes,"The fiery scale from
the tail of a Rathian."
"リオレイアの鱗が複数枚
集まって、より強固になった
甲殻。鱗よりも硬度が高い。",,1,yes,"Shell from a Rathian,
comprised of numderous scales.
Very hard."
"雌火竜の甲殻よりも堅い部位
の外殻で、この地域では
【けんかく】と呼ばれている。",,1,,"Harder than a Rathian Shell,
this material is also
known as Gravite."
"リオレイアの背中と翼に
生えた、針のような毛。
毒性を持つ。",,1,yes,"Spike-like hair from the back
and wings of a Rathian.
Poisonous."
"リオレイアに生えている
剣の様に鋭い毛。普通の棘
より長くて丈夫。",,1,yes,"A hair from a Rathian, even
stronger than a sword.
Longer than normal."
"幻とされていた桜色の
リオレイアの鱗。
まるで花びらのよう。",,1,yes,"Scale from a Pink Rathian,
that resembles a dream-like
flower petal."
"桜色のリオレイアから剥いだ
上質な鱗。色味とは裏腹に非
常に強固。おしゃれな貴方に。",,1,yes,"Scale from a Pink Rathian.
The color masks its true
strength."
"桜色のリオレイアの甲殻。
成長と共に鱗が複数集まり、
甲羅のように固まった部位。",,1,yes,"Shell from a Pink Rathian.
It hardened during
adolescence."
"桜火竜の甲殻よりも堅い外殻。
色鮮やかで美しく、様々な
武具に使用される。",,1,,"Harder than Pink Rathian
Shell. Its beautiful color is
often used in armor."
"金色のリオレイアから剥いだ
黄金の鱗。闇夜でも眩しく
光り輝いている。",,1,yes,"Scale carved from the body
of a Gold Rathian.
Brilliant, even at night."
"金色の鱗が複数枚集まって
できた堅い外殻。金の延べ棒
の様でかなりゴージャス。",,1,yes,"A hard shell covered in
shining gold scales.
As gorgeous as a gold bar."
"飛竜の翼に生えている爪。
まれに、交戦中に剥ぎ取れる
ことがある。",,1,,"Claw that grows on the
wing of a fire wyvern.
Can be cut off in battle."
"剥ぎ取り技術が進化した最近
になって切り出せた素材。
大気に触れると自然発火する。",,1,,"A material obtained via
new carving techniques.
Highly combustible."
"飛竜、リオレウスの鱗。
飛竜の鱗と甲殻は加工素材の
基本である。",,1,yes,"A scale from a Rathalos.
Wyvern scales and shells are
basic crafting items."
"リオレウスから剥ぎ取った
上質な鱗。並々ならぬ強度を
持っている。",,1,yes,"A scale from a Rathalos,
it is extraordinarily strong."
"尻尾にあるといわれる、リオ
レウスの逆鱗。灼熱の鱗は、
火竜の名にふさわしい逸品。",,1,yes,"A fiery scale from the tail
of a Rathalos."
"リオレウスの鱗が複数枚
集まって、より強固になった
甲殻。鱗よりも硬度が高い。",,1,yes,"Shell from a Rathalos,
comprised of numerous scales.
Very hard."
"火竜の甲殻よりも堅い外殻で、
この地域では【けんかく】と
呼ばれている。",,1,,"Harder than a Rathalos shell,
this material is also known
as Gravite."
"切り取ったリオレウスの尻尾。
用途は多岐にわたる。",,1,yes,"The tail of a Rathalos.
A multi-purpose item."
"加工難度は高いが保温性に
優れており、鎧のインナー素
材として広く使われている。",,1,yes,"This heat-resistant material
is often used as armor lining."
"翼自体を切り出した逸品。
工房の職人が腕を振るって
強力な大剣に仕上げる。",,1,,"A valuable item.
Used by smiths at the armory
to make powerful equipment."
"幻とされる蒼いリオレウス
から剥ぎ取った鱗。
夜空の色を映したかのよう。",,1,yes,"The scale of an Azure
Rathalos. It is the deep
blue of the night sky."
"蒼色のリオレウスから剥いだ
上質な鱗。美しさもさること
ながらその強度に驚かされる。",,1,yes,"Scale of an Azure Rathalos.
Its strength is higher than
its beauty."
"蒼色のリオレウスの甲殻。
成長と共に鱗が複数集まり、
甲羅のように固まった部位。",,1,yes,"The shell of an Azure Rathalos.
Made of scales hardened
at adolescence."
"蒼火竜の甲殻よりも堅い外殻。
色鮮やかで美しく、様々な
武具に使用される。",,1,,"Harder than an Azure Rathalos
Shell. Its beauty is desirable
for armor."
"切り取った蒼いリオレウスの
尻尾。様々な用途が考えられ
る分、その価値も高い。",,1,yes,"Severed tail of an Azure
Rathalos. Its rarity and high
value are linked."
"翼自体を切り出した逸品。
武器にも防具にも加工
できる優れもの。",,1,,"Wing shed by an Azure
Rathalos. Used to make both
weapons and armor."
"伝説の銀色のリオレウスから
剥いだ上質な鱗。月の様に
静かな光を放つ。",,1,yes,"Quality scale carved from
the Silver Rathalos. It has a
moon-like shine."
"銀火竜から剥ぎ取った堅い
外殻。銀色の鱗が複数枚
集まり冷たい光を帯びる。",,1,,"The silver scales of this
hard Silver Rathalos Carapace
have a icy spine."
"切り取った銀のリオレウスの
尻尾。様々な用途が考えられ
る分、その価値も高い。",,1,yes,"Severed tail of an Silver
Rathalos. Its rarity and high
value are linked."
"加工難度は高いが銀の甲殻と
の相性が良く、互いを高め
合う素材として珍重される。",,1,,"Webbing of a Silver Rathalos.
Very valuable as a workshop
material."
"翼自体を切り出した逸品。
銀色に光るその翼は
ハンターたちの憧れの的。",,1,yes,"Wing shed by a Silver Rathalos.
Hunters long for its
shining glory."
"最近の加工技術でようやく
素材として扱われた皮。
不思議な性質を秘めている。",,1,,"Workable as a material after
recent advances.
Had mysterious properties."
"フルフルから剥ぎ取った
キラキラと輝く皮。皮の持つ
不思議な性質は未だに謎。",,1,yes,"The tanned hide of a Khezu.
Its strange properties are
a mystery."
"まだ身のついた、フルフル
の肋骨。",,1,yes,"Rib bone from a Khezu
with meat still attached."
"脂ノリノリのフルフルの赤身。
美味しそうだけど、食べちゃ
いけない食べられない。",,1,yes,"Fatty red meat from a Pale
Khezu. Looks tasty, but
cannot be eaten."
"何とも魅惑的な光沢を放つ
フルフルの皮。見ているだけ
で、不思議な気分。",,1,yes,"Red Khezu hide polished
to a luster. Just looking at it
makes you feel strange."
"加工難度は高いが使用用途が
多彩で色彩も珍しく、
重宝されている。",,1,,"Hard to craft but highly
useful, its multi-colored
hues are treasured."
"バサルモスの外殻。成分は
岩に近い。金属が精製でき
ることがある。",,1,yes,"Shell from a Basarios.
Rock-like consistency.
Can be forged into metal."
"岩竜の甲殻よりも堅い部位の
外殻で、この地域では
【けんかく】と呼ばれている。",,1,,"Harder than a Basarios shell,
this material is also
known as Gravite."
"退化しかけのバサルモスの翼。
加工での取り扱いは難しい。",,1,yes,"The wing of a Basarios.
Very hard to work as a material."
"高等な剥ぎ取り技術がないと
手に入らない素材。
それだけに貴重。",,1,,"Material obtained from advanced
carving techniques.
Very precious."
"岩と見まごうばかりのグラビ
モスのゴツゴツとした甲殻。
鉱石が希に混ざっている。",,1,yes,"The stone-like shell of
a Gravios. May contain
traces of ore."
"甲殻よりも堅い外殻で、この
地域では【けんかく】と呼ば
れている。",,1,,"Harder than Gravios Shell,
this material is known
as Gravite."
"グラビモスの顔の一部を
剥ぎ取ったもの。
加工での取り扱いは難しい。",,1,yes,"A carved portion of a
Gravios Skull. Incredibly
hard to work with."
"どこかに生息しているという、
黒いグラビモスの甲殻。
重厚な黒は迫力がある。",,1,yes,"The shell of the rare
Black Gravios. The pitch
black color is appealing."
"黒いグラビモスの堅殻。その
風貌は焼けた岩のように黒く、
加工するにも困難を極める。",,1,yes,"Carapace of a Black Gravios.
A charred color,
it is difficult to use."
"黒いグラビモスの顔の一部。
黒い仮面のように見える
その面持ちは、迫力満点。",,1,yes,"Portion of a Black Gravios
Skull. Like a black mask,
it imparts power."
"ディアブロスのねじれた大き
な角。この地ではさまざまな
用途で使用されている。",,1,yes,"The large, gnarled horn of
a Diablos. Has a variety
of uses."
"ディアブロスの上質なねじれ
た角。状態がよく、より強い
武具に加工される。",,1,yes,"High-quality horn from a
Diablos. Used to make strong
weapons."
"全身を覆うディアブロスの
甲殻。叩く事でわかる質感は
高密度。見た目よりも重い。",,1,yes,"Part of the shell that covers
a DIablos. Very dense and
thus heavy."
"角竜の甲殻よりも堅い部位の
外殻で、この地域では
【けんかく】と呼ばれている。",,1,,"Harder than a Diablos shell,
it is also known as Gravite."
"ディアブロスの背中の非常に
堅い甲殻。接合面を上手く
切り出して武具に利用される。",,1,yes,"Part of the hard spine from
a Diablos' back.
A weaponcraft material."
"背甲の中でも特に堅い部分が
この堅甲。
切り出すのにも一苦労。",,1,,"The hardest part of a
Diablos spine. Incredibly
hard to carve."
"ディアブロス自慢の尻尾。
鉄のハンマー顔負けの強度と
威力を誇る。",,1,yes,"A Diablos tail.
Stronger and more durable
than an iron hammer."
"角竜類に属するディアブロス
とモノブロスの太くて頑丈な
牙。刃こぼれしにくい。",,1,yes,"A large, sturdy fang from
a Diablos or Monoblos.
Stays sharp."
"噂に聞く黒いディアブロスの
ねじれた角。鈍く黒光りする
その角は何とも雄々しい。",,1,yes,"Rumored to be the twisted
horn of a Black Diablos.
A stunning item."
"噂に聞く黒いディアブロスの
甲殻。闇夜の様な黒は
ハンターに人気の一品。",,1,yes,"A shell from a Black Diablos.
The dark color is popular
with hunters."
"噂に聞く黒いディアブロスの
背甲。器用に切り出された
黒い装甲は、重厚にして鈍重。",,1,yes,"The skillfully removed spine
of a Black Diablos, it is
thick and dull."
"噂に聞く黒いディアブロス
自慢の尻尾。その重厚な塊は
黒鉄の巨鎚を思わせる。",,1,yes,"The tail of a Black Diablos,
like a giant black iron hammer."
"普通の角竜の堅殻とは違う
成分が含まれているため、
より強固で、傷つきにくい。",,1,,"Different from a Diablos
Carapace in composition.
It is very hard to damage."
"ランゴスタクィーンの尻尾。
親衛隊の虫が、希に卵を抱え
た状態の尻尾を運んでいる。",,1,yes,"The abdomen of a Vespoid
queen. In rare cases these are
filled with eggs."
"ランゴスタの甲殻の中でも
特に堅い部位。加工すること
で特殊な性質を発揮する。",,1,yes,"Hardest part of a Vespoid
shell. Exhibits special properties
when processed."
"非常に加工の難しい素材。
表面と裏面で仕上がりが違う。",,1,,"A hard-to-work material.
Front and reverse sides have
different textures."
"ランゴスタの刃状の薄い羽。
変異体の殺傷能力の秘密は、
この特殊な羽にあるようだ。",,1,yes,"Blade-shaped inner wing of
a Vespoid. The secret to
its killing prowess."
"鋭い角のついた頭の甲殻。
武器に防具に用途は豊富で、
加工には特殊な素材が必要。",,1,,"With special materials,
this can be worked into
very strong armor."
"非常に加工の難しい素材。
その黒い羽は光にあたると、
複雑な色を反射する。",,1,,"A hard-to-work material.
Appears pearl-like when
struck by light."
"カンタロスの刃状の薄い羽。
変異体の殺傷能力の秘密は、
この特殊な羽にあるようだ。",,1,yes,"Blade-shaped inner wing
of a Hornetaur. The secret
to its killing prowess."
"魚竜類の餌になったと思われ
るキングロブスター。胃袋に
頭の殻が残っていた。珍品。",,1,yes,"The cranial shell of a
King Lobster that was used
as bait. Very rare."
"魚竜類の餌になったと思われ
るキングロブスター。胃袋に
甲殻が残っていた。珍品。",,1,yes,"The body shell of a King
Lobster that was used as
bait. Very rare."
"魚竜類の餌になったと思われ
るキングロブスター。胃袋に
甲殻が残っていた。贅沢。",,1,yes,"The very large body shell
of a King Lobster that was
used as bait. Very rare."
"魚竜類の餌になったと思われ
るアメリカザリガニ。胃袋に
甲殻が残っていた。美味。",,1,yes,"The huge body shell of a
King Lobster that was used
as bait. Very rare."
"モノブロスの自慢の赤い角。
この角を手に入れた時、
「ココットの英雄」となる。",,1,yes,"Deep red Monoblos horn.
Its size is fitting of the
monster's name."
"ディアブロスの亜種である、
モノブロスの甲殻。
全身浅黒く変色している。",,1,yes,"Gray-colored outer shell
from a Monoblos."
"モノブロスの背中の非常に
堅い甲殻。接合面を上手く
切り出して武具に利用される。",,1,yes,"A hard spine from the
back of a Monoblos.
A weaponcraft material"
"猛々しい怒りを象徴する、
一角竜モノブロスの心臓。",,1,yes,"The heart of a Monoblos.
Symbolizes ferocious anger."
"珍しい白色のモノブロスの角。
美しく白銀に輝く逸品。ハン
ターでなくても欲しくなる。",,1,yes,"Unusual White Monoblos
Horn. Shines like new snow.
Highly desirable."
"珍しい白色のモノブロスから
剥ぎ取った甲殻。清潔感の
ある白が人気のヒミツ。",,1,yes,"Unique White Monoblos
Shell. The clean white is a
popular mystery."
"珍しい白色のモノブロスの
背甲。器用に切り出された
装甲は、白銀一色に輝く。",,1,yes,"Unusual White Monoblos
Spine, expertly carved. It is a
burning white."
"落雷に匹敵するエネルギーを
秘めた獣神の角。至高の珍品。",,1,yes,"The horn of the beast
god, as powerful as a
lightning bolt. Exquisite material."
"キリンの白く美麗な皮。
剥ぎ取り行為自体が危険で、
取り扱いも難しい。至高の品。",,1,yes,"Beautiful white hide.
As hard to use as it is to obtain.
Exquisite."
"キリンの白く美麗な上質の皮。
傷ひとつないその上皮は、
そのものの強さを物語る。",,1,yes,
"雄々しくたなびく、白銀の鬣。
切り採られた後も微弱な雷気
を帯びている。至高の珍品。",,1,,"Magnificent silver mane.
Even after being cut off,
it seems to retain energy."
"気品溢れるキリンの尻尾。
電気を帯びた優雅な毛並みは、
至高の珍品。",,1,yes,"A rare tail overflowing
with elegance, charged
with electricity."
"キリンの角の中でも、特に
珍品とされる蒼い角。
神々しい光をまとっている。",,1,yes,"This azure horn is a rare
item even for Kirin Horns.
Gives off a divine light."
"ラオシャンロンの大爪。
細かく加工するのは不可能
なので、そのまま使われる。",,1,yes,"Lao-Shan's massive claw.
Impossible to work,
so it must be used as-is."
"ラオシャンロンの鼻先の角。
その削ぐ所のない角は究極の
逸品。紅蓮石と合成される。",,1,yes,"Horn from Lao-Shan's snout.
Is compatible with Firestone.
A prized find."
"巨龍から剥ぎ取った赤黒い鱗。
飛竜類の甲殻に匹敵する。
加工もしやすい。",,1,,"Deep red scale that is the
equal of any wyvern's shell.
Easy to work with."
"まれに老山龍の体内で生成
される希少な玉石。燃える様
な紅色は、まさに魂の塊。",,1,,"A precious gem from
inside a dragon. The burning
red is the gem's soul."
"巨龍から剥ぎ取った甲殻。
全身を覆う装甲の厚さは
長寿を物語る。",,1,,"Shell of Lao-Shan Lung.
The thick dragon shell
tells you of its age."
"巨龍から剥ぎ取った堅殻。
さらなる年月を経る事で、
甲殻が堅殻と成る。",,1,,"The carapace of a giant dragon.
Years ago, this carapace
was a shell."
"ひとつの岩山のような巨大龍
から切り出された蒼色の角。
宝物庫に納められるほどの品。",,1,,"A horn carved from an
Azure Lao-Shan.
A priceless treasure."
"ひとつの岩山のような巨大龍
から切り出された蒼色の甲殻。
大きさはもはや岩盤に近い。",,1,,"Shell from an enormous
Azure Lao-Shan, it is as
big as a piece of bedrock."
"頭に４本生えている角。
角には龍の力が宿ると言い
伝えられている。",,1,,"The power of the dragon is
said to reside in the
four horns atop his skull."
"体表面を覆う漆黒の鱗。
この鱗の一部が成長すると
甲殻になる。",,1,,"A scale from Fatalis' body
that goes on to form
its shell."
"黒竜の脊椎を守る漆黒の甲殻。
隙間無く多層に重なっており、
並の武器では歯が立たない。",,1,,"A multi-layered carapace
that cannot be damaged by
normal weaponry."
"ミラボレアスの眼。水晶で
できた眼球は、宝玉眼と呼ば
れることも。３大宝石の１つ。",,1,yes,"The crystalline eyeball of
Fatalis. One of the
Three Great Treasures."
"剥ぎ取りで広い面積を確保
できれば、多用途に使える。
加工する際には鮮度が重要。",,1,,"The large surface area
makes it very useful.
Must be used when fresh."
"怒りで紅く染まる黒龍の角。
切り落とされてもなお、紅く
光る角は黒龍怒りの象徴。",,1,,"Crimson red horn of an
angered Fatalis. Glows red,
even if cut off."
"怒りで紅く染まる黒龍の鱗。
暗闇でもうっすらと紅い光を
放っている。",,1,,"Fatalis scale dyed red with
hate. It flashes crimson
in the darkness."
"怒りで紅く染まる黒龍の甲殻。
漆黒に怪しく光る紅色は、
まるで黒龍の残留思念のよう。",,1,,"Fatalis shell bathed red
with wrath, but the black
base betrays its roots."
"怒れる黒龍の瞳。その凶悪な
眼差しは、並のハンターでは
直視する事もできない。",,1,yes,"The eye of an angered
Fatalis, its fiendish gaze
is too much for some."
"怒りで紅く染まる黒龍の翼。
漆黒に浮かぶ紅い模様は、
闇夜に流れるマグマのよう。",,1,yes,"The wing of Fatalis, swirling
with a magma-like crimson
of anger."
"光がなくとも白く輝く鱗。
凶暴の中にも高貴さを
漂わせる。",,1,,"A scale that shines even in
the dark. It has a sense
of viciousness."
"巨龍から剥ぎ取った堅殻。
長い年月をへて堅殻になる
ため、現存数は少ない。",,1,,"Shell taken from a White
Fatalis. Hardened over time,
it is very rare."
"白く怪しく光るその翼は、
禍々しくもあり、神々しくも
見える。",,1,,"The beautiful white shine of
a Fatalis wing is both ominous and
inspiring."
"頭に生えている角。普通の
龍の角とは、比較にならない
くらい強い力を感じる。",,1,,"Horn grown on top of the
head of a White Fatalis.
Dragon horns are truly powerful."
"ベルキュロスの特徴や生態が
記入された書物。購入後に、
モンスターリストで参照可能。",,1,yes,"Book for your Monster List
filled with reference material
on Berukyurosu."
"パリアプリアの特徴や生態が
記入された書物。購入後に、
モンスターリストで参照可能。",,1,yes,"Book for your Monster List
filled with reference material
on Pariapuria."
"黒光りする鋭い爪。
飛竜の物とは違い、物を
掴みやすい形状をしている。",,1,,"A shining black claw.
Unlike wyvern claws, this is
shaped to grip objects."
"ドドブランゴの牙。
一見小ぶりだが、短剣の様な
鋭さを持っている。",,1,yes,"The fang of the killer
Blangonga. As sharp and
deadly as a dagger."
"ドドブランゴの発達した犬歯。
太さは人間の腿ほどもあり、
そのままでも武器になりそう。",,1,yes,"A Blangonga bicuspid.
As large as a human thigh,
it has potential as a weapon."
"ブランゴ種の真っ白い毛束。
驚くほど保温性が高く、また
一本一本が鉄鎖のように強靭。",,1,yes,"White fur with astounding
thermal properties and as
strong as an iron chain."
"ブランゴ種の硬い毛。
ハリのある丈夫な毛は、加工
素材として重宝されている。",,1,yes,"The hardened pelt of a
Blangonga. The needle-like hairs
are prized material."
"ドドブランゴの顔に
生えている髭。
立派な髭はリーダーの証。",,1,yes,"Large whiskers on the
head denote the alpha leader
of a group of Blangos."
"ドドブランゴの尻尾。
ツヤのあるすべすべした
触り心地がたまらない。",,1,yes,"The smooth feeling of a
Blangonga Tail is undeniably
appealing."
"コンガ種の桃色の毛。
ふさふさなその毛は服飾の
材料に用いられる。",,1,yes,"Pink fur of a Congalala.
The tufts of hair are often
used in clothing."
"コンガ種の頭部などに
生えている毛。色とりどりで
見目美しい。",,1,yes,"Vibrant hair that grows on
the head of a Congalala.
The colors are lovely."
"コンガ種の爪。
大きくて鋭く、黒光り
している。",,1,yes,"A Congalala Claw.
Large and sharp,
it has a black luster."
"ババコンガの牙。
固い物も易々と噛み砕く
丈夫な牙。",,1,yes,"The fang of a Congalala
is solid enough to
crunch objects into dust."
"ババコンガの硬い毛。
丈夫なその毛は加工され、
装備品の大事な素材となる。",,1,yes,"The stout hairs of this
pelt are important tools
in crafting equipment."
"ババコンガの鋭い爪。
特に気性の荒い個体の物。
長くて硬いので扱いが大変。",,1,yes,"A long, hard, sharp claw
with a wild nature that
makes crafting difficult."
"荒ぶる黄金の獅子の角。
見るからに雄々しいその角は
ハンター達の憧れの一品。",,1,yes,"Majestic gold horn of a
Rajang. Hunters yearn for the
heroism it represents."
"ラージャンの鋭い牙。
触れるだけで皮膚が切れる程
研ぎ澄まされている。",,1,yes,"This sharpened fang can
cut through anything dumb
enough to touch it."
"ラージャンの黒い毛。
これを加工して作った繊維品
は王族達も欲しがる逸品。",,1,yes,"Black Rajang fur.
When crafted, the fabric is
desired even by royalty."
"荒ぶる黄金の獅子の鋭い爪。
剥ぎ取るのも加工するのも
困難な素材。",,1,,"A sharp Rajang Claw.
Difficult to carve and
more difficult to craft."
"ラージャンの光り輝く尻尾。
その黄金の毛並みは見とれる
程に美しく気品がある。",,1,yes,"The glistening tail of a
Rajang. The gold fur is
beautiful and elegant."
"ラージャンの体毛。
黄金に輝くその毛は衣服の
材料としても重宝される。",,1,yes,"The fur of a Rajang's body.
The gold hair is treasured
by tailors."
"甲殻類からとれるミソ。
珍味として知られている。
{c05}（精算アイテム）",,1,yes,"The brain matter of a Carapaceon.
A widely known delicacy.
{c05}(Account Item)"
"甲殻種が宿としていた
飛竜の頭から取れた甲殻。",,1,,"A Carapaceon Shell made
from a wyvern's skull."
"巨大な甲殻類の骨格。
サイズが小さいために、
使う用途は限られている。",,1,yes,"Piece of bone from a giant
Carapaceon. Small, so it is
limited in its uses."
"巨大な甲殻類の外骨格。
層状になったキチン質の殻は
見た目よりも軽く加工も容易。",,1,yes,"This stratified Daimyo shell
is lighter than it appears
and easy to craft."
"巨大な盾蟹の爪。
その鋭い爪は岩をも砕く。",,1,,"Giant claw from a Daiymo
Hermitaur. The sharp claw can
slice through rock."
"巨大な盾蟹の堅殻。
甲殻よりも堅く、
加工も難しい素材。",,1,,"The hard carapace of a
Daimyo Hermitaur.
Harder than shell to work."
"巨大な盾蟹の鋭い爪。
まるで金属の様な堅さを誇る。",,1,,"Sharp claw from a Daimyo
Hermitaur. It is said to be
as hard as metal."
"巨大な鎌蟹の外骨格。
見た目よりも軽く加工も容易。",,1,,"Piece of a giant Ceanataur Shell.
Lighter than it looks and
easy to craft."
"巨大な鎌蟹の外骨殻。
独特の色味と模様が特徴的。",,1,,"A giant Shogun Ceanataur Shell.
Has a distinctive color and shape."
"甲殻よりも堅い鎌蟹の外骨殻。
切り出すのも一苦労する。",,1,,"Harder than a Ceanataur Shell,
this carapace is harder
to work with."
"巨大な鎌蟹の脚。
あの大きな体を動かす
その脚は想像以上に強力。",,1,,"Leg of a Shogun Ceanataur.
Incredibly strong to be able
to move a huge body."
"巨大な鎌蟹の鋏。
その鋭い刃は鈍く輝き、
見る者をひるませる。",,1,,"Seeing a Shogun's pincer
blade cause even the bravest
hunters to flinch."
"巨大な鎌蟹の爪。
己の行く手を阻む者を
なぎ払う。",,1,,"A giant Shogun Ceanataur
Claw. Those who fall in its
path pay the price."
"巨大な鎌蟹の鋭い爪。
その鋭い爪はハンター達の
脅威の的。",,1,yes,"The sharp claw of a giant
Shogun Ceanataur. It is a
true menace to hunters."
"砦蟹から剥ぎ取った甲殻。
長い年月を経て形成された
その甲殻は金属並に堅い。",,1,,"Carved from Shen Gaoren.
Shaped by time, this shell is
harder than even metal."
"シェンガオレンの背中の甲殻。
体を外敵から守るこの部分は
防御の要で高い硬度を誇る。",,1,yes,"Shell from the spine of
Gaoren. Guards the body
with incredible tenacity."
"砦蟹の大きく鋭い鋏。
金属すら突き通すその鋏は
ハンターにとって最悪の凶器。",,1,yes,"Giant pincer of Gaoren.
Its metal slicing power
is deadly to hunters."
"砦蟹の鋭い爪。
あらゆる障害物を払いのける
恐るべき爪。",,1,,"Shen Gaoren's deadly claw,
capable of slicing all it comes
into contact with."
"クシャルダオラの甲殻。
銀色に鈍く光る甲殻は丈夫で
用途が広い。",,1,yes,"The shining silver Kushala
Daora shell is solid and
highly useful."
"甲殻が年月をかけてさらに
硬度を増したもの。加工する
のも困難な素材。",,1,,"A shell hardened by time.
Crafting it is incredibly difficult."
"鈍く輝く銀色の鱗。
非常に硬く、研磨剤としても
最高級の品質を誇る。",,1,,"Shining silver scale from
Kushala Daora. Hard,
it is a top-class abrasive."
"加工難度は高いが金属との
相性も良く、丈夫で軽い為、
重宝されている。",,1,,"Hard to craft but works
well with metals.
Beloved for its light weight."
"クシャルダオラの雄々しい角。
扱うには人並み以上の経験と
力量が必要だと言われている。",,1,yes,"The gallant horn of Daora.
Using it requires extra-ordinary
experience."
"クシャルダオラから切り
取った尻尾。大木ですら
なぎ倒す破壊力を持つ。",,1,yes,"Cut from Kushala Daora.
Incredibly destructive power
contained within."
"クシャルダオラの爪。
まるで鉱石の様に硬く、
並大抵の職人では扱えない。",,1,yes,"Kushala Daora's claw.
As hard as ore, it cannot be
used by ordinary crafters."
"クシャルダオラの鋭い爪。
黒光りするその爪は今尚
生気を帯びている様だ。",,1,yes,"Even now the black gleam
of this claw seems to emit
a life force."
"長い年月を生きた鋼龍の体内
でまれに生成される宝玉。
微妙な光の加減が美しい。",,1,,"A rarely formed jewel from
inside a Daora. Its glow
is breathtaking."
"錆びた龍の甲殻。
職人達の技術があれば
まだまだ使える。",,1,,"Rusted Kushala shell. 
 With the skills of a craftsman, 
 can still be used."
"錆びた龍の朽ちた翼。
錆を落としてから使用する。",,1,,"A rotten webbing of a rusted
dragon. Only usable after
removing rust."
"錆びた龍の翼。
外殻は錆びても、その中の
性質は失われる事は無い。",,1,,"Rusted dragon webbing. Even if the
 Outer shell rusts, the
Properties inside will not be lost."
"オオナズチの皮。
不思議な触り心地で
思わず頬ずりしたくなる。",,1,yes,"This hide is so strange to
the touch, you'll want to rub
it all over your face."
"オオナズチの上質な皮。
不思議な触感はそのままに、
丈夫で軽い優れもの。",,1,yes,"Superior hide of a Chameleos.
Strange to the touch,
but very durable."
"オオナズチの角。白く僅かに
光を放っている。部屋の
インテリアにも合いそうだ。",,1,yes,"Faintly glows with a white
light. Great for interior
decorating."
"オオナズチの鋭い角。
丈夫で硬いのになぜか
加工はしやすい不思議な素材。",,1,yes,"Sharp horn of a Chameleos.
Strong and hard, but strangely
easy to work."
"オオナズチの爪。
細いけれども強度は高く
加工しやすい性質を持つ。",,1,yes,"Thin, yet incredibly strong
and very easy to work with
during crafting."
"オオナズチの薄くて軽い翼膜。
耐久力があり、優れた
インナー素材に用いられる。",,1,yes,"Thin, light wing webbing.
The inner part of the
webbing is highly durable."
"特徴的な形をしている
オオナズチの尻尾。
不思議な触り心地。",,1,yes,"The distinctive tail of the
Chameleos. It causes a
strange sensation."
"長い年月生きた霞龍の体内で
まれに生成される宝玉。
七色に光り輝いている。",,1,,"A rarely formed jewel from
inside a Chameleos. It has a
multi-colored glow."
"今だに熱を帯びている
炎龍の鱗。",,1,,"A scalding hot
Fire Dragon Scale."
"鋭く光る炎龍の爪。
その加工は一流の職人でも
難しいと言われている。",,1,,"A sharp, glowing
Fire Dragon Claw. Hard even
for experts to craft."
"炎龍の羽からこぼれ落ちた
塵粉。素材の性能を爆発的に
伸ばすと噂される幻の粉。",,1,,"Powder from Fire Dragon
wings. Said to magnify
a material's abilities."
"長い年月を生きた炎龍の体内
でまれに生成される宝玉。
猛々しい焔がゆらめいている。",,1,,"A rarely formed jewel from
inside a Fire Dragon.
It hold a ferocious inferno."
"未知なる成分を含んだ
古龍種の血。学者達の
研究対象となっている。",,1,,"Contains an unknown ingredient.
The object of much
scholarly research."
"燃えるような熱を帯び、
その威厳を保つ炎龍の鱗。",,1,,"A scale from a majestic fire
dragon. It burns with hot
fire from within."
"高貴なる炎妃龍の甲殻。
気品あるその蒼は
他に比類がない。",,1,,"The high class shell of
Lunastra. Treasured for its
unmatched blue color."
"気品溢れる炎妃龍のたてがみ。
絹の様な指通りがたまらない
高級素材。",,1,,"The dignified mane of
Lunastra. The silky hairs are
a high class material."
"高貴なる炎妃龍の翼膜。
気品漂うその蒼色は
ハンター達の憧れの的。",,1,yes,"The wing membrane of the noble
Flame Princess Dragon. The dignified
blue color is the target of hunters."
"ハンター達には脅威となる
炎妃龍の尻尾。
その破壊力は岩をも砕く。",,1,yes,"The deadly tail of Lunastra.
Its destructive force can
shatter rock."
"炎妃龍の気品のある角。
見る者の目を捉えて
離さない何かがある。",,1,,"There's something about
Lunastra's horn that
captivates the eye."
"偉大なる炎王龍の甲殻。
燃える様なその赤は
王者たる証。",,1,,"The red hot shell of Teostra.
It proves its domain over
all fire."
"甲殻よりも堅い炎王龍の堅殻。
赤い鋼の様なその堅殻は
見る者の目を奪う。",,1,,"Harder than Teostra Shell.
Captures the eye like
red hot steel."
"威風堂々たる炎王龍の
たてがみ。その威厳漂う
毛並みはまさに王者。",,1,,"The majestic mane of
Teostra, it is a sure sign
of Teostra's regality."
"炎王龍から剥ぎ取った翼膜。
不思議な性質のその翼膜は
様々な加工が施される。",,1,,"A wing membrane stripped from the
Flame King Dragon. The mysterious nature
of its wing membrane is variously processed."
"大木すらなぎ倒す炎王龍の尾。
赤い鱗に覆われたその尻尾は
切り取るのも大変。",,1,,"Covered in red scales,
the tree like tail of Teostra
is incredibly hard to cut."
"炎王龍の雄々しさを表す角。
見る者は一瞬のうちに身が
縮まり、萎縮してしまう。",,1,,"A horn that displays the
power of Teostra. Hunters
wither before its might."
"炎王龍の燃えるような怒りが
こめられている鋭い角。
微かに熱を帯びている。",,1,,"A sharp horn that burns
with the fury of Teostra.
It is tinged with fire."
"巨大な龍、ヤマツカミの
触手に生えているヒレ。
軽くてすべすべしている。",,1,yes,"A light and smooth fin
growing on the tentacles of the
Yamatsukami."
"ヤマツカミから剥ぎ取った皮。
特殊加工によって、美しい
布地に変える事に成功した。",,1,yes,"Hide carved from a
Yamatsukami. Can be made into
textile with processing."
"ヤマツカミの体から
抽出した体液。
黒くてドロドロしている。",,1,yes,"Fluid extracted from a
Yamatsukami. Black and sticky."
"ヤマツカミに生えている苔。
古龍の体を触媒にしている為
不思議な効果がある。",,1,yes,"A parasitic plant said to
grow on elder dragons.
It has a mysterious air."
"ヤマツカミの体から
生えている木。どことなく
神秘的な気を放っている。",,1,yes,"Moss said to grow on an
elder dragon. Mysterious,
it shines beautifully."
"蛇竜と呼ばれる飛竜種の皮。
渋い黒でつやつやしている。",,1,,"The black skin of a wyvern
called a Remobra.
Its glossy surface sheens."
"蛇竜の上質な皮。
丈夫で黒光りしている。",,1,,"A high quality Remobra skin.
It has a vivid black luster."
"蛇竜の縞模様の皮。
渋い黒と赤の縞模様は
密かな人気を呼んでいる。",,1,,"The striped skin of a Remobra.
The black and red stripes
are very popular."
"まるで蛇の様な蛇竜の頭。
今にも牙を向けてきそうな
迫力がある。",,1,,"Skull of a serpent-like Remobra.
Even in death its fang
appear powerful."
"イャンガルルガの鱗。
紫黒色に禍々しく輝く。",,1,yes,"Scale carved from Yian Garuga.
It shines an ominous purple."
"イャンガルルガの甲殻。
希少種の素材ゆえ、研究素材
としても引く手数多。",,1,yes,"A rare material admired and
the subject of much research."
"イャンガルルガの耳。
形状、構造共にイャンクック
とは別の進化をとげている。",,1,yes,"Its shape and form shows a
different evolutionary path than
Yian Kut-Ku."
"イャンガルルガのクチバシ。
イャンクックのそれと比べて
その獰猛さが見て取れる形状。",,1,yes,"The sharpened beak of
Yian Garuga. Compared to a
Kut-Ku, it's much deadlier."
"イャンガルルガの翼。
高い加工技術が必要なものの、
紛う方なき一級のつなぎ素材。",,1,yes,"A first class material that
requires high crafting technology."
"イャンガルルガの尻尾。
ショックに鋭敏に反応して、
毒液を吹く危険な器官を持つ。",,1,yes,"Has a special function that
responds to shocks with a
powerful venom."
"イャンガルルガのたてがみ。
ただの装飾素材にはない、
威圧感が漂う。",,1,yes,"A sense of coercion fills the air.
This mane is no simple decoration."
"貴婦人の傘。なにやら秘密の
ありそうな構造をしている。
修理すればまだ使えそう。",,1,,"Noblewoman's umbrella.
Seems to have hidden features.
Try fixing it."
"ある村の村長が愛用していた
双剣の１本を模したもの。
英雄の象徴として扱われる。",,1,,"A copy of one of the twin swords
used by the ruler of a certain
village. Treated as a symbol of a hero."
"強く握り締めている
コブシの形をした石。
何かに使えそう…。",,1,yes,"A stone in the shape of a
fist that is firmly clenched.
Can be used for something..."
"折れて使えなくなった撃龍槍。
しかし、何か用途があるはず。",,1,,"A dragonator that broke and
is now unusable. However,
there must be some use."
"ある村の豪腕船長の使用した
鉄鎖を模して作られたもの。
豪腕の象徴として扱われる。",,1,,"It was made to imitate the
iron chain used by the ruler
of a certain village.
it is treated as a symbol of great skill."
"人気月刊誌『狩りに生きる』
増刊号。アイテムボックスを
無駄なく使う術が書いてある。",,1,yes,"Issue of popular ""Hunting Life""
magazine that has an article
on item box usage."
"人気月刊誌『狩りに生きる』
増刊号。結局のところ、力で
無理やり詰め込むのが一番。",,1,,"Issue of popular ""Hunting Life""
magazine that has an article on
advanced item box usage."
"人気月刊誌『狩りに生きる』
増刊号。一流職人秘伝の技術
を紹介。貴方の家が変ります。",,1,,"Issue of popular ""Hunting Life""
magazine. Introducing the secret technology of
first-class craftsmen. Your home will change."
"人気月刊誌『狩りに生きる』
増刊号。結局、金をかけるの
が確実で手っ取り早い。",,1,,"Issue of popular ""Hunting Life""
magazine. Spending money quick
is guaranteed, after all."
"獣人種の生態系や特徴が
記入された書物。購入後に
モンスターリストで参照可能。",,1,yes,"Monster List reference on the
Lynian family.
Habits, ecology, etc."
"チャチャブーの特徴や生態
が記入された書物。購入後に
モンスターリストで参照可能。",,1,yes,"Book for your Monster List
filled with information about
Shakalakas."
"甲虫種の生態系や特徴が
記入された書物。購入後に
モンスターリストで参照可能。",,1,yes,"Monster List reference on
the Neopteron family.
Habits, ecology, etc."
"雷光虫の特徴や生態が
記入された書物。購入後に
モンスターリストで参照可能。",,1,yes,"Book for your Monster List
filled with information on the
Great Thunderbug."
"草食種の生態系や特徴が
記入された書物。購入後に
モンスターリストで参照可能。",,1,yes,"Monster List reference on
Herbivores. Habits, ecology, etc."
"鳥竜種の生態系や特徴が
記入された書物。購入後に
モンスターリストで参照可能。",,1,yes,"Monster List reference on
bird-like wyverns. Habits, ecology, etc."
"イャンガルルガの特徴が
記入された書物。購入後に
モンスターリストで参照可能。",,1,yes,"Book for your Monster List
filled with reference material onYian Garuga."
"リオレウスの特徴や生態が
記入された書物。購入後に
モンスターリストで参照可能。",,1,yes,"Book for your Monster List
filled with reference material
on Rathalos."
"モノブロスの特徴や生態が
記入された書物。購入後に
モンスターリストで参照可能。",,1,yes,"Book for your Monster List
filled with reference material
on Monoblos."
"魚竜種の生態系や特徴が
記入された書物。購入後に
モンスターリストで参照可能。",,1,yes,"Monster List reference on
the Piscine wyvern family.
Habits, ecology, etc."
"シェンガオレンの特徴が
記入された書物。購入後に
モンスターリストで参照可能。",,1,yes,"Book for your Monster List
filled with reference material
on Shen Gaoren."
"牙獣種の生態系や特徴が
記入された書物。購入後に
モンスターリストで参照可能。",,1,yes,"Monster List reference on
the Fanged Beast family.
Habits, ecology, etc."
"ドドブランゴの特徴が
記入された書物。購入後に
モンスターリストで参照可能。",,1,yes,"Book for your Monster List
filled with reference material
on Blangonga."
"ラージャンの特徴や生態が
記入された書物。購入後に
モンスターリストで参照可能。",,1,yes,"Book for your Monster List
filled with reference material
on Rajang."
"キリンの特徴や生態が
記入された書物。購入後に
モンスターリストで参照可能。",,1,yes,"Book for your Monster List
filled with reference material
on Kirin."
"クシャルダオラの特徴が
記入された書物。購入後に
モンスターリストで参照可能。",,1,yes,"Book for your Monster List
filled with reference material
on Kushala Daora."
"オオナズチの特徴や生態が
記入された書物。購入後に
モンスターリストで参照可能。",,1,yes,"Book for your Monster List
filled with reference material
on Chameleos."
"ナナ・テスカトリの特徴が
記入された書物。購入後に
モンスターリストで参照可能。",,1,yes,"Book for your Monster List
filled with reference material
on Lunastra."
"テオ・テスカトルの特徴が
記入された書物。購入後に
モンスターリストで参照可能。",,1,yes,"Book for your Monster List
filled with reference material
on Teostra."
"ラオシャンロンの特徴が
記入された書物。購入後に
モンスターリストで参照可能。",,1,yes,"Book for your Monster List
filled with reference material on
Lao-Shan Lung."
"ヤマツカミの特徴や生態が
記入された書物。購入後に
モンスターリストで参照可能。",,1,yes,"Monster List reference on
Yamatsukami. Habits,
ecology, etc."
"ミラボレアスの特徴や生態
が記入された書物。購入後に
モンスターリストで参照可能。",,1,yes,"Book for your Monster List
filled with reference material
on Fatalis."
"アクラ・ヴァシムの特徴が
記入された書物。購入後に
モンスターリストで参照可能。",,1,yes,"Book for your Monster List
filled with reference material
on Akura Vashimu."
"ピカピカ光るシルバーな卵。
大変価値のある珍しい宝だが、
ハンター生活には無用の長物。",,1,yes,"A glittering Silver Egg.
Incredibly expensive and rare.
No use to a hunter."
"ピカピカ光るゴールデンな卵。
巨万の富を生む珍しい宝だが、
ハンター生活には無用の長物。",,1,yes,"A glittering Gold Egg.
Incredibly expensive and rare.
No use to a hunter."
"フィールド全域の地形が
記された地図。
{c05}（支給品専用）",,1,yes,"A map that shows the
topography of the region.
{c05}(Supply Item)"
"体力を少量回復する薬。
{c05}（支給品専用）",,1,,"Medicine that restores
a small amount of Health.
{c05}(Supply Item)"
"スタミナを少量回復する食料。
{c05}（支給品専用）",,1,yes,"Restores a small amount
of Stamina when eaten.
{c05}(Supply Item)"
"主に新米ハンターに
支給される肉焼きセット。
肉を焼こう。{c05}（支給品専用）",,1,yes,"A Guild BBQ spit for
novice hunters.
{c05}(Supply Item)"
"武器を研磨し、斬れ味を回復
させる小型サイズの砥石。
{c05}（支給品専用）",,1,yes,"A small whetstone for
restoring Sharpness.
{c05}(Supply Item)"
"動きを止めることができる罠。
捕獲に使用可能。
{c05}（支給品専用）",,1,,"Trap that stops monsters in
their tracks. Capture use.
{c05}(Supply Item)"
"強烈な閃光を発する手投げ玉。
{c05}（支給品専用）",,1,,"A hand-thrown bomb
that emits a flash.
{c05}(Supply Item)"
"体力の上限が最大まで上昇し、
完全回復する薬。
{c05}（支給品専用）",,1,,"Raises and recovers Health
to its maximum level.
{c05}(Supply Item)"
"ターゲットを落とすための
落とし穴。
{c05}（支給品専用）",,1,yes,"A trap that captures prey by
causing them to fall into a pit.
{c05}(Supply Item)"
"大タル爆弾を改良した強化版。
ＧはなくともＧ級の威力。
{c05}（支給品専用）",,1,yes,"Upgraded version of the Large
Barrel Bomb. Very Powerful.
{c05}(Supply Item)"
"大型の設置型ボウガンの弾。
{c05}（支給品専用）",,1,yes,"Ammunition for a very large
Bowgun installation.
{c05}(Supply Item)"
"対巨大龍専用の鋼鉄の弾丸。
重いので運ぶのに苦労する。
{c05}（支給品専用）",,1,,"Special ammo used against
large dragons. Very heavy.
{c05}(Supply Item)"
飛竜の巣から盗んだ卵。,,1,,"An egg stolen from a
wyvern's nest."
"アプケロスの巣から盗んだ卵。
なかなかの美味らしい。",,1,yes,"Egg stolen from an Apceros
nest. Looks tasty."
"草食竜の卵より
小ぶりで運びやすい。
こちらも珍味として有名。",,1,,"Smaller and easier to carry
than a Herbivore Egg."
白水晶を含有する原石。,,1,,"A chunk of ore that
contains bits of quartz."
"小さな衝撃でも
爆発してしまう岩。
取り扱い注意。",,1,,"A rock that explodes with
even the slightest jolt.
Careful!"
"フルフルの幼生。持っている
と徐々に体力が奪われていく。
{c05}（精算アイテム）",,1,yes,"A juvenile Khezu. Carrying it
slowly zaps away your Health.
{c05}(Account Item)"
"山菜じじい特製のフルフルベ
ビーが材料のアイス。
{c05}（精算アイテム）",,1,yes,"Ice cream made from Khezu
Whelps by an expert Veggie Elder.
{c05}(Account Item)"
"雪山山頂にたてる旗。
これを立てる事が制覇した証。
{c05}（支給品専用）",,1,,"A flag on the summit of a snowy mountain. 
Proof of conquest by setting this up. 
{c05}(Supply Item)"
"街で残った食料。
飼料として使われている。
大闘技会で使用。",,1,,"Food left in the city.
Used at the Great Fighting Party."
"なにが起こるかわからない、
まさしく奇天烈怪奇なエサ。
大闘技会で使用。",,1,yes,"I don't know what will happen, 
 It's a very strange and mysterious food. 
 Used at the Great Fighting Party."
"自分のモンスターを大きく
するためのエサ。
大闘技会で使用。",,1,yes,"Food to make your dragon big.
Used at the Great Fighting Party."
"自分のモンスターの強さを
上げるためのエサ。
大闘技会で使用。",,1,yes,"Food to make your dragon stronger.
Used at the Great Fighting Party."
"自分のモンスターの実力を
引き出すエサ。安価な分効果
も低い。大闘技会で使用。",,1,yes,"Food that brings out the
power of your dragon.
The effect is low because it's cheap.
Used in the Great Fighting Party."
"これを与えるとモンスターが
なついてくれる。
大闘技会で使用。",,1,yes,"Food to make your dragon follow.
Used at the Great Fighting Party."
"遠い異国で大流行の食べ物。
食べると痺れにくくなる。
大闘技会で使用。",,1,,"Food that is very popular in a distant foreign land.
Eating it makes it harder to get paralyzed
Used at the Great Fighting Party."
"遠い異国の国民的な食べ物。
食べると毒に強くなる。
大闘技会で使用。",,1,,"Food that is very popular in a distant foreign land.
Eating it makes it harder to get poisoned
Used at the Great Fighting Party."
"遠い異国の伝統的な食べ物。
眠気も吹っ飛ぶおいしさ。
大闘技会で使用。",,1,,"Food that is very popular in a distant foreign land.
Eating it makes it harder to get put to sleep
Used at the Great Fighting Party."
"遠くはなれた敵への攻撃を
指示する笛。
大闘技会で使用。",,1,,"A whistle that directs an attack
on a distant monster.
Used at the Great Fighting Party."
"突進系の攻撃を指示できる笛。
大闘技会で使用。",,1,,"A whistle that directs a rush
type attack. Used at the
Great Fighting Party"
"近くにいる敵への攻撃を指示
する笛。
大闘技会で使用。",,1,,"A whistle that directs an
attack on nearby enemies.
Used at the Great Fighting Party"
"特殊な攻撃を指示できる笛。
吹くのに多少時間がかかる。
大闘技会で使用。",,1,,"A whistle that can direct a special
attack. It requires some time to use.
Used at the Great Fighting Party"
"特殊な攻撃を指示できる笛。
大闘技会で使用。",,1,,"A whistle that can direct a special
attack. Used at the
Great Fighting Party"
"モンスターの怒りを誘う
あぶない笛。
大闘技会で使用。",,1,yes,"A whistle that calls out the
monsters rage. Used at the
Great Fighting Party."
"モンスターを逆鱗状態にする
危険な笛。
大闘技会で使用。",,1,yes,"A dangerous whistle that
infuriates monsters. Used at
the Great Fighting Party."
"撃龍槍を起動させるための鍵。
大闘技会で使用。",,1,,"Key used to operate the dragonator.
Used at the Great Fighting Party"
"大闘技会の勝者に贈られる
チケット。山菜ジジイへ５枚
集めて持って行こう。",,1,yes,"A ticket given to the winner
of the Great Fighting Party. Collect
5 pieces and bring them to Veggie Elder."
"着弾地点から広い範囲に睡眠
効果のある煙を発散する玉。
大闘技会で使用。",,1,,"A ball that emits smoke that has a sleeping effect
over a wide area from the point of impact.
Used in the Great Fighting Party."
"モンスターに当てることで
怒りをおさめる効果のある玉。
大闘技会で使用。",,1,yes,"A ball that has a sedating effect
when hitting a monster.
Used in the Great Fighting party."
"モンスターに当てることで
回復効果がでる玉。
大闘技会で使用。",,1,yes,"A ball that has the effect of healing
when hitting a monster.
Used in the Great Fighting party."
"狩猟笛の奏でる旋律の種類が
書いてある。マイハウスの
本棚で確認してみよう。",,1,yes,"The types of melodies played by the
hunting horn is written here. Can be
accessed at the bookshelf in the house."
"大昔の狩猟笛演奏者が使って
いた楽譜。マイハウスの
本棚で確認してみよう。",,1,yes,"Melodies used by ancient hunting horn players.
Can be accessed at the
bookshelf in the house."
"まだまだ初級！
を意味するコイン。比較的
簡単に教官がくれる。",,1,yes,"Coin that says ""Still a beginner!"".
The instructor will give
them relatively easily."
"そこそこ中級！
を意味するコイン。そこそこ
認められると貰える。",,1,yes,"Coin that says ""Intermediate pupil!"".
The instructor will give
them reasonably."
"やるなっ！上級！
を意味するコイン。なかなか
貰えない貴重な物。",,1,yes,"Coin that says ""Advanced! Keep up!"".
A valuable item that is
hard to obtain."
"狩人道場の演習をもっとも
早いタイムでクリアーした
ものに贈られるコイン。",,1,yes,"Coin given to those who
cleared the Hunter Dojo trainings
with the fastest times."
"狩人道場の演習で10000P
以上の高記録でクリアーした
ものに贈られるコイン。",,1,yes,"Coin given to those wh cleared with a
high score of 10,000 P or more in the
 training of the hunter dojo."
"狩人道場の演習で5000P
以上の記録でクリアーした
ものに贈られるコイン。",,1,yes,"Coin given to those who cleared with a
high score of 5,000 P or more in the
 training of the hunter dojo."
"ギルド依頼の演習に参加し
クリアーすることで
希にもらえるコイン。",,1,yes,"Coin that can be rarely obtained by
participating in and clearing
guild-requested training."
"秘境を目指すのに欠かせない
７つ道具のひとつ。その針は、
常に秘境の方角を指している。",,1,,"One of the seven tools that are indispensable
 for exploring in unexplored regions.
The needle is always pointing in the direction of the unexplored region."
"秘境を目指すのに欠かせない
７つ道具のひとつ。
暗号になっており解読が必要。",,1,,"One of the seven tools that are indispensable
 for exploring in unexplored regions.
It needs decryption."
"望遠鏡をはじめ、秘境行きに
必要な７つ道具のうちの５つ。
一挙に見つかってラッキー！",,1,yes,"Five of the seven tools required 
For exploring in unexplored regions, includes the telescope. 
 Lucky to find it all in one!"
"秘境を目指すのに欠かせない
７つ道具がついに揃った。
これでキミも秘境へＧＯだ！",,1,yes,"Seven tools that are indispensable
for exploring in unexplored regions are finally available.
now you are ready to GO!"
"長きに及ぶ物語に終焉を齎す
存在について記された書物。
これだけでは意味不明。",,1,,"A book that describes the demise
of a long story. This book alone
makes no sense"
"この地にて遥か昔から語り継が
れる古き伝説が書れた書物。
これだけでは意味不明。",,1,,"A book that describes an old legend that has
been passed down for a long time.
This book alone makes no sense"
"この地にて遥か昔から語り継が
れる最古の龍について記された
書物。これだけでは意味不明。",,1,,"A book that describes the oldest dragon to ever live.
the book has been passed down for a long time.
This book alone makes no sense"
"伝説・古龍・終焉の３種の書
を合わせることで完成した、
白き龍の情報が記された書物。",,1,,"A book with the information of the White dragon,
completed by combining the three books:
Legendary, Elder dragon and Demise"
"ボロボロになった本の断片。
書いてある文字は読めないが、
後ろには続きがありそうだ。",,1,yes,"A fragment of a tattered book. I can't
 read the characters written on it 
, but there seems to be a prequel."
"ボロボロになった本の断片。
昔は立派だったのだろうが、
今では何の価値もなさそう。",,1,yes,"A fragment of a tattered book. It used
 to be worth something but now
 it seems worthless"
"ボロボロになった本の断片。
村の坑道から発掘されたもの。
もっと前の部分がどこかに…？",,1,yes,"A fragment of a tattered book.
Excavated from a tunnel in the village.
Where is the previous part...?"
"バラバラだった文章を
一つにあわせたもの。
これで古塔の位置もわかる。",,1,yes,"A combination of disjointed
sentences. This also shows the
location of the Old Tower."
"割れているツボの口。
珍しい形で売ると高く売れる。",,1,yes,"The top of a cracked pot.
If you sell it in an unusual
form, it's well worth it."
"割れているツボの胴。
珍しい色をしていて、
ちょっと価値がある。",,1,yes,"The body of a cracked pot.
It has an unusual color and
is a bit valuable it."
"割れているツボの底。
珍しい素材で、思ったより
高く売れるみたいだ。",,1,yes,"The bottom of a cracked pot.
It's a rare material and seems to
be more valuable than expected."
"欠片をあわせてできた
古代の珍しいツボ。
かなりの珍品で貴重。",,1,yes,"A rare ancient pot made by
combining pieces. Very rare
and valuable."
"穴だらけの黒くて奇妙な鉱物。
空から降って来たもので、
集めれば願いがかなうらしい。",,1,,"A strange black mineral full
of holes. It came down from the sky,
if you collect it, your wish will come true."
"大型船に必要なメインマスト。
頑丈な骨組み、頑丈な布で
できあがっている。",,1,yes,"The main mast required for
large ships. It is made of a sturdy
frame and a sturdy cloth."
"緊急クエストを共に戦った証。
ハンターとしてひとつの段階
を乗り越えた証でもある。",,1,yes,"Proof of clearing an Urgent Quest
together. It is also a proof of
overcoming one stage as a hunter."
"緊急クエストを共に戦った証。
きってもきれない深い絆が
ここに結ばれた。",,1,yes,"Proof of clearing an Urgent Quest
together. A deep bond that
cannot be broken is tied here."
"狩人道場の教官が工房に依頼
した物の注文書。",,1,,"An order for items requested by
the Hunter's Dojo Instructor to
the Smith."
"たまごをギルドに引き渡した
ときに希にもらえるチケット。
集めておくと良いことが！？",,1,yes,"A rare ticket awarded when you
hand over eggs to the Guild. Collect
enough and it might pay off."
"原石をギルドに引き渡した
ときにもらえるチケット。
集めておくと良いことが！？",,1,yes,"A ticket awarded when you hand
over rough stones to the Guild.
Collect enough and it might pay off."
"その身に勇気を示せたときに、
もらえるチケット。
集めておくと良いことが！？",,1,yes,"A ticket awarded for great bravery.
Collect enough and it
might pay off."
"肉球の手形が押されている
獣人族の高級紙幣。
書いてある文字は読めない。",,1,,"Lynian high-class paper currency,
stamped with a pawprint.
The letters written on it are unfamiliar."
"ギルド主催のイベントに、
参加しクリアすることで、
希にもらえるチケット。",,1,yes,"Ticket that can be rarely obtained
by participating and clearing
guild-sponsored events."
"肉の旨味を知り尽くした者に、
贈られるチケット。",,1,yes,"A ticket given to those who
know the taste of meat."
"モノブロスの狩猟に成功した
者だけが得る誉れ。
一流ハンター免許皆伝の証。",,1,yes,"An honor for only those who
have successfully hunted Monoblos.
Proof of a first-class hunter."
"道場のポイントで交換できる
大剣チケット。
集めるといい事がある？",,1,yes,"Great Sword ticket that can be
exchanged for points from the
Hunter's Dojo. Collect enough and it might pay off."
"道場のポイントで交換できる
ハンマーチケット。
集めるといい事がある？",,1,yes,"Hammer ticket that can be exchanged
for points from the Hunter's Dojo.
Collect enough and it might pay off."
"道場のポイントで交換できる
ランスチケット。
集めるといい事がある？",,1,yes,"Lance ticket that can be exchanged
for points from the Hunter's Dojo.
Collect enough and it might pay off."
"道場のポイントで交換できる
片手剣チケット。
集めるといい事がある？",,1,yes,"SnS ticket that can be exchanged
for points from the Hunter's Dojo.
Collect enough and it might pay off."
"道場のポイントで交換できる
ガンナーチケット。
集めるといい事がある？",,1,yes,"Gunner ticket that can be exchanged
for points from the Hunter's Dojo.
Collect enough and it might pay off."
"肉球のスタンプが押されてい
る獣人族の紙幣。
書いてある文字は読めない。",,1,yes,"Lynian paper currency, stamped with
a pawprint. The letters written
on it are unfamiliar."
"【ＣＴアイテム】
ＦチケットＣＴ１",,1,yes,"【ＣＴItem】
F Ticket CT 1"
"【ＣＴアイテム】
ＦチケットＣＴ２",,1,yes,"【ＣＴItem】
F Ticket CT 2"
"【ＣＴアイテム】
ＦチケットＣＴ３",,1,yes,"【ＣＴItem】
F Ticket CT 3"
"【ＣＴアイテム】
ＦチケットＣＴ４",,1,yes,"【ＣＴItem】
F Ticket CT 4"
"マカ麹が入っている
不思議な壷。神秘の発酵が
物質を変化させる。",,1,yes,"A mysterious pot containing a mold
called Mocha Kouji. Mysterious fermentation
changes the substance."
"薬草が入っている
マカ漬けの壷。
好きな場所に埋めてみよう。",,1,yes,"Mocha Pot with Herb inside.
Bury it in your favorite spot."
"げどく草が入っている
マカ漬けの壷。
好きな場所に埋めてみよう。",,1,yes,"Mocha Pot with Antidote Herb
inside. Bury it in your
favorite spot."
"回復薬が入っている
マカ漬けの壷。
好きな場所に埋めてみよう。",,1,yes,"Mocha Pot with Potion inside.
Bury it in your favorite spot."
"回復薬グレートが入っている
マカ漬けの壷。
好きな場所に埋めてみよう。",,1,yes,"Mocha Pot with Mega Potion
inside. Bury it in your
favorite spot."
"栄養剤が入っている
マカ漬けの壷。
好きな場所に埋めてみよう。",,1,yes,"Mocha Pot with Nutrients
inside. Bury it in your
favorite spot."
"応急薬が入っている
マカ漬けの壷。埋めてみよう。
{c05}（支給品専用）",,1,yes,"Mocha Pot with First-Aid
Med inside. Fill it up.
{c05}（Supply Only）"
"携帯食料が入っている
マカ漬けの壷。埋めてみよう。
{c05}（支給品専用）",,1,yes,"Mocha Pot with Ration inside.
Fill it up.
{c05}（Supply Only）"
"解毒薬が入っている
マカ漬けの壷。
好きな場所に埋めてみよう。",,1,yes,"Mocha Pot with Antidote
inside. Bury it in your
favorite spot."
"漢方薬が入っている
マカ漬けの壷。
好きな場所に埋めてみよう。",,1,yes,"Mocha Pot with Herbal Medicine
inside. Bury it in your
favorite spot."
"強走薬が入っている
マカ漬けの壷。
好きな場所に埋めてみよう。",,1,yes,"Mocha Pot with Power Juice
inside. Bury it in your
favorite spot."
"怪力の丸薬が入っている
マカ漬けの壷。
好きな場所に埋めてみよう。",,1,yes,"Mocha Pot with Power Pill
inside. Bury it in
your favorite spot."
"忍耐の丸薬が入っている
マカ漬けの壷。
好きな場所に埋めてみよう。",,1,yes,"Mocha Pot with Armor Pill
inside. Bury it in
your favorite spot."
"怪力の種が入っている
マカ漬けの壷。
好きな場所に埋めてみよう。",,1,yes,"Mocha Pot with Power Seed
inside. Bury it in your
favorite spot."
"忍耐の種が入っている
マカ漬けの壷。
好きな場所に埋めてみよう。",,1,yes,"Mocha Pot with Armor Seed
inside. Bury it in your
favorite spot."
"コゲ肉が入っている
マカ漬けの壷。
好きな場所に埋めてみよう。",,1,yes,"Mocha Pot with Burnt Meat
inside. Bury it in your
favorite spot."
"生焼け肉が入っている
マカ漬けの壷。
好きな場所に埋めてみよう。",,1,yes,"Mocha Pot with Rare Steak
inside. Bury it in your
favorite spot."
"コゲ魚が入っている
マカ漬けの壷。
好きな場所に埋めてみよう。",,1,yes,"Mocha Pot with Burnt Fish
inside. Bury it in your
favorite spot."
"生焼け魚が入っている
マカ漬けの壷。
好きな場所に埋めてみよう。",,1,yes,"Mocha Pot with Rare Fish
inside. Bury it in your
favorite spot."
"太陽草が入っている
マカ漬けの壷。
好きな場所に埋めてみよう。",,1,yes,"Mocha Pot with Day Herb
inside. Bury it in your
favorite spot."
"落陽草が入っている
マカ漬けの壷。
好きな場所に埋めてみよう。",,1,yes,"Mocha Pot with Sunset Herb
inside. Bury it in your
favorite spot."
"火薬草が入っている
マカ漬けの壷。
好きな場所に埋めてみよう。",,1,yes,"Mocha Pot with Fire Herb
inside. Bury it in your
favorite spot."
"アオキノコが入っている
マカ漬けの壷。
好きな場所に埋めてみよう。",,1,yes,"Mocha Pot with Blue
Mushroom inside. Bury it in
your favorite spot."
"ドス級魚が入っている
マカ漬けの壷。
好きな場所に埋めてみよう。",,1,yes,"Mocha Pot with a Dos Fish
(type) inside. Bury it in
your favorite spot."
"特産キノコが入っている
マカ漬けの壷。埋めてみよう。
{c05}（精算アイテム）",,1,yes,"Mocha Pot with Special
Mushroom inside. Fill it up.
{c05}（Premium Item）"
"厳選キノコが入っている
マカ漬けの壷。埋めてみよう。
{c05}（精算アイテム）",,1,yes,"Mocha Pot with Select
Mushroom inside. Fill it up.
{c05}（Premium Item）"
"サボテンの花が入っている
マカ漬けの壷。
好きな場所に埋めてみよう。",,1,yes,"Mocha Pot with Cactus
Flower inside. Bury it in your
favorite spot."
"フルフルベビーが入っている
マカ漬けの壷。埋めてみよう。
{c05}（精算アイテム）",,1,yes,"Mocha Pot with Khezu Whelp
inside. Fill it up.
{c05}（Premium Item）"
"ゲキレツ毒テングが
入っているマカ漬けの壷。
好きな場所に埋めてみよう。",,1,yes,"Mocha Pot with Deadly
Mushroom inside. Bury it in
your favorite spot."
"米虫が入っている
マカ漬けの壷。
好きな場所に埋めてみよう。",,1,yes,"Mocha Pot with Rice Bug
inside. Bury it in your
favorite spot."
"ウォーミル麦が入っている
マカ漬けの壷。
好きな場所に埋めてみよう。",,1,yes,"Mocha Pot with Warwheat
inside. Bury it in your
favorite spot."
"レッドオイルが入っている
マカ漬けの壷。
好きな場所に埋めてみよう。",,1,yes,"Mocha Pot with Red Oil
inside. Bury it in your
favorite spot."
"ドライマーガリンが
入っているマカ漬けの壷。
好きな場所に埋めてみよう。",,1,yes,"Mocha Pot with Dry Margarine
inside. Bury it in your
favorite spot."
"虫の死骸が入っている
マカ漬けの壷。
好きな場所に埋めてみよう。",,1,yes,"Mocha Pot with Insect Husk
inside. Bury it in your
favorite spot."
"もえないゴミが入っている
マカ漬けの壷。
好きな場所に埋めてみよう。",,1,yes,"Mocha Pot with Garbage inside.
Bury it in your favorite spot."
"装飾品の素材として
かかせない珠。
ちょっと高級なのがタマに傷。",,1,yes,"An indispensable item used
in Decorations. A shame
that these are so high-end."
"装飾品の素材として
かかせない珠。
滅多に手に入らない代物。",,1,,"An indispensable item used
in Decorations. This one doesn't
come along often."
採取スキルがアップする装飾品。,,1,yes,"A decoration that improves
your gathering skill."
"耐雪スキルが
アップする装飾品。",,1,yes,"A decoration that improves
your snowball skill by 1"
"耐震スキルが
アップする装飾品。",,1,yes,"A decoration that improves
your quake skill by 1"
"声帯スキルが
アップする装飾品。",,1,yes,"A decoration that improves
your vocal chords skill by 1"
"地形スキルが
アップする装飾品。",,1,yes,"A decoration that improves
your terrain skill by 1"
"回復スキルが
アップする装飾品。",,1,yes,"A decoration that improves
your recovery skill by 1"
"特殊攻撃スキルが
アップする装飾品。",,1,yes,"A decoration that improves
your status attack skill by 1"
"自動防御スキルが
アップする装飾品。",,1,yes,"A decoration that improves
your auto-guard skill by 1"
"スタミナスキルが
アップする装飾品。",,1,yes,"A decoration that improves
your stamina skill by 1"
"はらへりスキルが
アップする装飾品。",,1,yes,"A decoration that improves
your hunger skill by 1"
"食いしん坊スキルが
アップする装飾品。",,1,yes,"A decoration that improves
your gluttony skill by 1"
"食事スキルが
アップする装飾品。",,1,yes,"A decoration that improves
your feasting skill by 1"
"匠・連射スキルが
アップする装飾品。",,1,yes,"A decoration that improves
your expert skill by 3"
"投擲スキルが
アップする装飾品。",,1,yes,"A decoration that improves
your throwing skill by 1"
"調合成功率スキルが
アップする装飾品。",,1,yes,"A decoration that improves
your combining skill by 1"
"弾調合スキルが
アップする装飾品。",,1,yes,"A decoration that improves
your ammo combo skill by 1"
"錬金術スキルが
アップする装飾品。",,1,yes,"A decoration that improves
your alchemy skill by 1"
"装填スキルが
アップする装飾品。",,1,yes,
"装填数スキルが
アップする装飾品。",,1,yes,
"精密射撃スキルが
アップする装飾品。",,1,yes,
"通常弾強化スキルが
アップする装飾品。",,1,yes,
"貫通弾強化スキルが
アップする装飾品。",,1,yes,
"散弾強化スキルが
アップする装飾品。",,1,yes,
"研ぎ師スキルが
アップする装飾品。",,1,yes,"A decoration that improves
your sharpening skill by 1"
"肉焼きスキルが
アップする装飾品。",,1,yes,"A decoration that improves
your cooking skill by 1"
"審判スキルが
アップする装飾品。",,1,yes,"A decoration that improves
your protection skill by 1"
"盗み無効スキルが
アップする装飾品。",,1,yes,"A decoration that improves
your anti-theft skill by 1"
"釣りスキルが
アップする装飾品。",,1,yes,"A decoration that improves
your fishing skill by 1"
"地図スキルが
アップする装飾品。",,1,yes,"A decoration that improves
your mapper skill by 1"
"気配スキルが
アップする装飾品。",,1,yes,"A decoration that improves
your stealth skill by 1"
"底力スキルが
アップする装飾品。",,1,yes,"A decoration that improves
your adrenaline skill by 1"
"モンスタースキルが
アップする装飾品。",,1,yes,"A decoration that improves
your monster skill by 1"
"爆弾強化スキルが
アップする装飾品。",,1,yes,"A decoration that improves
your bomb boost skill by 1"
"攻撃系スキルが
アップする装飾品。
{c05}（特殊装飾品）",,1,yes,"A decoration that improves
your gallery attack skill by 1"
"防御系スキルが
アップする装飾品。
{c05}（特殊装飾品）",,1,yes,"A decoration that improves
your defense skill by 3"
"火耐性スキルが
アップする装飾品。
{c05}（特殊装飾品）",,1,yes,"A decoration that improves
your fire skill by 5"
"水耐性スキルが
アップする装飾品。
{c05}（特殊装飾品）",,1,yes,"A decoration that improves
your water skill by 5"
"氷耐性スキルが
アップする装飾品。
{c05}（特殊装飾品）",,1,yes,"A decoration that improves
your ice skill by 5"
"雷耐性スキルが
アップする装飾品。
{c05}（特殊装飾品）",,1,yes,"A decoration that improves
your thunder skill by 5"
"龍耐性スキルが
アップする装飾品。
{c05}（特殊装飾品）",,1,yes,"A decoration that improves
your dragon skill by 5"
"マグマに近い鉱床で採れる
鉱石。腕利きの職人しか
扱えない。",,1,yes,"This magma-like ore can
only be handled by trained
hands."
"加工の方法や組み合わせる
素材により、様々な色彩と
特性を発揮する、夢の鉱石。",,1,,"This craftsman's dream can
be combined to produce many
colors and properties."
"【ハルヨコイ】と呼ばれる鯉
の一種。繁殖期に、最も多く
見ることができる。",,1,yes,"A species of carp most
frequently seen during
springtime."
"高粘性の体液と鋭いアゴで
破壊と創造を繰り返し、
芸術的な蟻塚を築くアリ。",,1,yes,"This insect is an artisan,
using sticky body fluids and
sharp jaws to great effect."
"加工の方法や組み合わせる
素材により、様々な色彩と
特性を発揮する、夢の虫素材。",,1,,"This craftsman's dream can
be combined to produce many
colors and properties."
"大きな角と分厚い甲殻を持ち、
羽根は蝶のように美しいと
いう不思議な虫。",,1,,"An insect with a giant horn,
a massive shell, and wings
of butterfly-like beauty."
"堅い甲殻を持つ、特大サイズ
のてんとう虫の一種。害虫を
食べて農作物を守る。",,1,yes,"A giant insect with a very
hard shell. Protects crops
by eating harmful pests."
"キングチャチャブーの持ち物。
王の持ち物に相応しい立派な
…ゴミ？",,1,yes,"Dropped by a King Shakalaka.
For an item owned by royalty
it looks like... trash..."
"ギアノスから剥ぎ取った鱗。
雪に紛れて獲物に近づくのに
適した色合いを持つ。",,1,yes,"This scale camouflages you
in the snow, allowing you to
approach your prey unseen."
"ギアノスから剥ぎ取った
上質な鱗。より優れた武具の
加工を可能にする。",,1,yes,"A scale ripped from a
Giaprey. Used to craft
excellent equipment."
"鱗を剥ぎ取った状態の皮。
なめされて革となる。
上品なその色は人気が高い。",,1,,"A hide stripped of its
scales. Its classy color is
very popular."
"ドスギアノスの皮。
群れのリーダーの皮には、
幾多の戦いの傷が残る。",,1,yes,"The hide of a Giadrome. It
bears the scars of a
pack leader's battles."
"ドスギアノスの爪。
ギアノスのものよりも鋭く、
素手で触るのはとても危険。",,1,yes,"Sharper than a Giaprey claw,
touching it bare-handed is
quite dangerous."
"ドスギアノスの鋭い爪。
数々の獲物を仕留めてきた、
リーダーの凶暴な武器。",,1,yes,"This sharp claw is the
deadly weapon of choice for
Giadrome pack leaders."
"ドスギアノスの頭。
大きなトサカが、群れの
リーダーの証。",,1,yes,"The large crest of this
Giadrome skull marks it out
as that of a pack leader."
"はるか昔、砂漠に消えた国の
王墓より発見されたという布。
禍々しい雰囲気をもつ。",,1,,"A cloth discovered by the
king of an ancient desert
land. Feels sinister."
"見知らぬ文明の力を感じる石。
すごい技術が使われている
らしい。{c05}（精算アイテム）",,1,yes,"A stone with the power of
an unknown civilization.
{c05}(Account Item)"
"鋼龍石に降りた溶けにくい霜。
その冷気は極めて強く長く保た
れるため武具にも重宝される。",,1,,"Frost from a steel dragon
that will not melt. Its
chill is used in weapons."
"化石化した鋼龍の鱗。
夜になると急激に冷えて極微量
の溶けにくい霜を降ろす。",,1,,"A fossilized steel dragon
scale. Very cold frost forms
on it at night."
"粘土状で柔らかい。
一見クズ石だが、実は鉱石の
限界を引き伸ばす超希少鉱石。",,1,yes,"Soft and clay-like, this
looks like a Khezu stone,
but is in fact a rare ore."
"掴むことすら困難なほど
ヌメリ成分たっぷりのキノコ。",,1,yes,"Very hard to get hold of,
this mushroom is packed with
a slimy liquid."
"一度くっついたら剥がれない
強力なトリモチ状の泡を吐き
獲物を捕食するケムシ。",,1,yes,"Predatory bug. Squirts a
foam that's impossible to
scrape off."
"高圧で水を吐くための水袋を
持ち、水上の獲物すら撃ち落と
して捕食する恐るべき魚。",,1,,"Predatory fish that attacks
prey above the surface by
squirting water from sacs."
"家庭の鍋から、貴金属まで
用途万能な研磨剤の元となる
鉱石。",,1,,"An ore that forms the base
of a polish that's used for
all sorts of metals."
"ギャラリー大会に参加すると
もらえるチケット。
集めておくと良いことが！？",,1,yes,"A ticket received for taking
part in the Decor Derby.
Try collecting them!"
"ギャラリー大会Ｇに参加する
ともらえるチケット。
集めておくと良いことが！？",,1,yes,"A ticket received for taking
part in the Decor Derby+.
Try collecting them!"
"雷光虫の体液。
蓄えられた相当量の電気が、
衝撃を加えることで放電する。",,1,,"Fluids of the Thunderbug.
Can cause an electrical
surge when stockpiled."
"混沌を喚ぶといわれるキノコ。
特殊な胞子を吸ったモンスタ
ーは幻覚に包まれるという。",,1,yes,"Its spores make monsters
hallucinate when inhaled,
causing total chaos."
"モンスターの内臓器官の１つ。
非常に高濃度の毒が溜まって
いる袋。触っただけでも危険。",,1,yes,"A monster organ filled
with a potent toxin. 
Dangerous even to touch."
"モンスターの内臓器官の１つ。
外気に触れるだけで発火する
粉塵が詰まっている。危険！",,1,yes,"A monster organ filled with
powder that ignites when
exposed to air."
"モンスターの内臓器官の１つ。
特殊な臓器に溜め込まれた
電気は、高圧電流に匹敵する。",,1,yes,"A monster organ that
contains a strong electrical
charge."
"上質な竜の骨。入手は困難だ
が、強力な武具の加工には、
欠かせない素材。",,1,,"Top-quality monster bone.
Hard to find, but vital for
crafting tough equipment."
"獣の丈夫な骨。
加工の容易な素材。",,1,,"The stout bone of a
brutish monster. An easy
material to work with."
"堅く大きな獣の骨。
高い剛性を持つ骨素材として、
武具の加工に重宝される。",,1,,"A hard monster bone.
Its rigidity makes it
priceless for crafting."
"滅多に見れない貴重な玉。
体内で長い年月を経たネコの
毛玉は、宝石のごとき輝き。",,1,yes,"A rare and priceless gem
formed when a hairball
hardens inside a Felyne."
"勇猛な大猪の牙。
牙につく多数の傷は、
数々の突進によるもの。",,1,,"A majestic Bulldrome Tusk.
Its damaged surface tells
of many hard-fought battles."
"手触りの良い上質な毛皮。
剥ぎ取るのは難しい。
ギルドでも重宝される素材。",,1,yes,"A lovely material to touch.
Difficult to carve, but
valued by the Guild."
"ギアノスから剥ぎ取った上質
な皮。頑丈な武具への加工が
期待できる。",,1,yes,"A high-quality Giaprey Hide.
It should allow the crafting
of some sturdy gear."
"鱗を剥ぎ取った状態の
上質な皮。丁寧になめされた
革は多様な使い道がある。",,1,,"A high-quality descaled
Velociprey hide. A very
versatile material."
"鱗を剥ぎ取った状態の
上質な皮。神経系の毒素を
中和する効力を持つ。",,1,,"A high-quality descaled
Genprey hide. Capable of
neutralizing neurotoxins."
"ドスゲネポスのしなやかな尾。
砂漠に適応した強固な鱗が、
表面をびっしりと覆っている。",,1,yes,"This supple tail has evolved
hard scales to survive in
harsh desert conditions."
"鱗を剥ぎ取った状態の上質な
皮。装飾にも利用される赤い
革は、一切の毒の進入を拒む。",,1,,"A high-quality descaled
Ioprey hide. Its red skin
resists poison."
"イャンクックの上質な鱗。
大きさも厚さも、通常の鱗
とは一味違う高級感。",,1,yes,"A superior Kut-Ku scale.
A cut above in both size
and weight."
"青いイャンクックの上質な鱗。
複雑な青みを見せる鱗は、
信じられない程クール。",,1,yes,"A superior Blue Kut-Ku
scale. Its complex blue
color is the height of cool."
"ブランゴの真っ白い毛束。
雪山の環境から体を守る毛は、
防寒具の素材に最適。",,1,yes,"This white pelt is perfect
for protecting the body
against mountain cold."
"ブランゴの硬い毛。並みの毛
より加工が困難になるものの、
利用価値の高い魅力の素材。",,1,yes,"Harder to work with than
normal Blango Pelt, but has
high value as a material."
"コンガの毛。
丈夫で手触りの良い素材。",,1,yes,"Conga fur. Solid and
pleasant to the touch."
"コンガの硬い毛。
この太く成長した毛で作った
武具は、耐久力に優れる。",,1,yes,"The hard pelt of a Conga.
The thick fur makes for
long-lasting equipment."
"ガノトトスの美しい上ビレ。
美しさとは裏腹に、その棘
には神経性の毒を持つ。",,1,yes,"A beautiful upper fin.
Its spikes are filled
with a potent neurotoxin."
"翠色ガノトトスの上質な鱗。
澄んだ翠色は見る者を
魅了する。",,1,yes,"This high-quality scale from
a Green Plesioth has a
very eye-catching color."
"翠色のガノトトスの上ビレ。
柔軟で加工しやすく、
宝飾品にも広く利用される。",,1,yes,"A high-quality fin from a
Green Plesioth. Easy to
work with, and widely used."
"火竜の体内に流れる体液。
高温を発生する体液は、
武具への利用が期待できる。",,1,,"Heat-producing bodily fluids
from a fire wyvern. Useful
in equipment crafting."
"剥ぎ取り技術が進化した最近
になって切り出せた素材。燃
え盛るこの器官は加工が困難。",,1,,"An organ made available by
new carving techniques.
Very difficult to work with."
"涙腺の辺りでまれに発見
される鉱石。淡い桃色は
まるで宝石の様。",,1,,"A pink ore found near the
tear ducts of a Basarios.
Looks just like a jewel."
"グラビモスの延髄。
鎧竜素材の中でも、特に
貴重で加工が難しい素材。",,1,yes,"A Gravios brain stem is
precious, but very difficult
to work with."
"黒いディアブロスの堅い甲殻。
砂漠の熱風に長期間曝されて
も劣化しない頑強さ。",,1,yes,"The hard shell of a Black
Diablos is impervious to
harsh desert winds."
"カンタロスの甲殻の中でも
特に堅い部位。加工すること
で特殊な性質を発揮する。",,1,yes,"The hard part of a Hornetaur
shell. Exhibits special
properties when crafted."
"巨龍から剥ぎ取った赤黒い
上質な鱗。その硬度は
飛竜類の堅殻に匹敵する。",,1,,"A deep-red scale that rivals
a carapace when it comes to
hardness."
"砦蟹から剥ぎ取った堅殻。
さらに長い年月を経た甲殻は
金属を凌ぐ素材となる。",,1,,"Hardened by time, this
carapace is even tougher
than metal."
"シェンガオレンの背中の堅殻。
この厚い殻を纏って歩く砦蟹
の姿は、まさに難攻不落の城。",,1,yes,"Shell from a Gaoren's spine.
Gives it the appearance of
an impregnable fortress."
"炎龍から剥ぎ取った翼膜。
不思議な性質のその翼膜は
様々な加工が施される。",,1,,"Wing webbing carved from a
Fire Dragon. A marvelous
material with myriad uses."
"神々しく光る龍苔。
不思議な効力を持ち、加工品
をより上質な物へと仕上げる。",,1,,"Its mysterious effects can
increase the quality of any
item."
"神々しく光る龍木。
不思議な効力を持ち、
目を見張る力を武具に与える。",,1,,"This shining Dragonwood can
produce some eye-poppingly
impressive equipment."
"凶暴なティガレックスから
剥ぎ取った鱗。
とても分厚く、頑丈。",,1,yes,"A scale from an incredibly
violent Tigrex. Bulky and
incredibly tough."
"傷ひとつない轟竜の上質な鱗。
重ね合わせる事で、上質な鋼
を楽に上回る硬度となる。",,1,,"A flawless Tigrex scale.
Harder than steel when
interlocked."
"どんな衝撃も跳ね返す、
ティガレックスの甲殻。
驚くほどの頑強さを持つ。",,1,yes,"A hard Tigrex shell,
capable of repelling any
impact. Shockingly tough."
"年月を経て堅さを増した轟竜
の甲殻。鋭く尖ったエッジが、
轟竜の凶暴さを物語る。",,1,yes,"Hardened by the sands of
time, its edges indicate a
Tigrex's ferocity."
"凶暴なティガレックスの尻尾。
しなやかで強力な尻尾は、
頑強な武具へと生まれ変わる。",,1,yes,"Top-quality equipment can be
made from this strong and
supple tail."
"他の飛竜には見られない、
特徴的な前肢にある轟竜の爪。
凶悪な切れ味を誇っている。",,1,,"A distinctive forelimb
claw, not seen on other
wyverns. Fiendishly sharp."
"年月を経た轟竜の鋭い爪。
引き裂いた獲物の数だけ
鋭くなると言う。",,1,,"Sharpened by the sands of
time--and by the blood of
its victims."
"ティガレックスの牙。
獲物を砕く恐怖の牙に、
誰もが震えを隠せない。",,1,yes,"No one can hide their fear
of this terrible fang,
sharpened by pain itself."
"ティガレックスの鋭い牙。
鋭さを増した牙は、いかなる
獲物も容易く切り裂く。",,1,yes,"The sharp fangs of a
Tigrex can cut any prey to
shreds."
"ティガレックスの頭。
未だ生きているかのような
恐ろしい外見。",,1,yes,"The skull of a violent
Tigrex. Just as dreadful
in death as in life."
"鈍く光る覇竜の鱗。
溶岩の中でも溶けない、
恐ろしいほどの頑強さ。",,1,,"A faintly glittering Akantor
Scale. It will not melt,
even if dipped in lava."
"鈍く光る覇竜の甲殻。
上等な鉱物の数倍の堅牢さを
誇る。加工は困難。",,1,,"A shining Akantor Shell.
Exceptionally hard, and
thus difficult to craft."
"大岩のような覇竜の尻尾。
擦れた大地が丸ごと削り
取られる程の重さと迫力。",,1,,"The large, rock-like tail 
of an Akantor. Strong
enough to gouge the earth."
"大地をも砕く覇竜の剛爪。
堅い岩盤も容易く砕く爪は、
もはや生物の物とは思えない。",,1,,"A hard Akantor Claw that can
smash bedrock. Its victims
are left unrecognizable."
"天を突く覇竜の大牙。数多の
外敵を貫いたであろうそれは、
牙というにはあまりに巨大。",,1,,"A huge fang that slices
through the sky--and
through its victims."
"傷ひとつ負うことなく、
触れた岩盤を容易く削り取る、
黒炎の装甲に生える覇竜の棘。",,1,,"A flawless Akantor armor
spike, capable of cutting
through rock like butter."
"鮮やかな橙色をした、眠鳥の
体毛。その繊維は、しなやかで
強靭。",,1,,"The vibrant orange pelt of
a Hypnocatrice. Makes a very
strong and supple fiber."
"にぶく黒光りする眠鳥の爪。
折れにくいため、武具の装飾に
重宝される。",,1,,"A darkly glowing claw from a
Hypnocatrice. Hard to break,
so a good weapon decoration."
"光加減で七色に見える尾羽根。
装飾用品として多用される。
若いご婦人に特に人気。",,1,,"A light-refracting tail
feather. Used in jewelry and
loved by young women."
"複雑な形の眠鳥のクチバシ。
独特のフォルムが、一部好事家
ハンターに人気。",,1,yes,"This beak's unique shape
makes it popular in some
hunting circles."
"眠鳥が、消化を助けるために
飲む砂利が結晶化したもの。
透明で美しい輝きを放つ。",,1,,"A crystallized pebble from
a Hypnocatrice's digestive
tract. Shining and opaque."
"飛びぬけて美しい毛並みと色を
持つ、眠鳥から剥いだ橙毛。
武具素材としての価値も高い。",,1,,"Carved from a Hypnocatrice,
this pelt has beautiful
texture and color. Pricey."
"形が整っており、牙のような
鋭さを感じさせるクチバシ。
堅さをも兼ね備える。",,1,yes,"This beak is sharp enough to
be a fang, and possesses
great hardness."
"眠鳥から剥ぎ取った上質な爪。
非常に鋭く、そして堅い。
つややかな黒は、上質の証。",,1,,"A very sharp and rigid claw.
Its gleam is a sign of its
quality."
"眠鳥の胃石の中でも、とりわけ
純度が高く形状の美しいもの。
貴婦人垂涎の一品。",,1,,"The purest of all stomach
stones, its beauty makes it
popular among noblewomen."
"求愛のため、鮮やかな蒼色に
生え変わった眠鳥の体毛。
繁殖期の眠鳥から入手可能。",,1,,"The blue color is to attract
a mate. Can be carved from
a Hypnocatrice in spring."
"繁殖期の眠鳥から剥いだ
上質な毛。
毛素材として申し分がない。",,1,,"A lovely pelt carved from a
Hypnocatrice in spring.
A truly flawless fabric."
"ヴォルガノスから剥ぎ取れる金
色の鱗。灼熱の溶岩の熱に耐え
る強度を持つ。",,1,yes,"A golden scale carved from
a Volganos. Resistant to
even the most searing heat."
"ヴォルガノスの身を覆う甲殻。
鉱物を含む溶岩が冷え固まり、
外敵から身を守る鎧となった。",,1,yes,"This shell forms the outer
armor that protects a
Volganos's body."
"ヴォルガノスの牙。
甲殻類でさえ軽々と噛み砕く程
の鋭さがある。",,1,yes,"This Volganos fang is sharp
enough to crunch through
Carapaceons."
"ヴォルガノスのヒレ。
加工せずとも刃のような鋭さが
あり武器の素材として人気。",,1,yes,"This razor-sharp Volganos
fin can be used as a weapon
without any crafting."
"ヴォルガノスから剥ぎ取れる上
質な鱗。鮮やかで美しい金色は
コレクター涎垂の品。",,1,yes,"A top-quality scale carved
from a Volganos. Its golden
color makes it collectible."
"希少な鉱物を含んだヴォルガノ
スの堅殻。たとえ飛竜であって
も傷をつけるのは至難の業。",,1,yes,"A carapace that contains a
rare ore. Even Wyverns would
find it hard to penetrate."
"ヴォルガノスの鋭い牙。
鋭く強硬な牙は飛竜の外殻でさ
えも風穴を穿つ。",,1,yes,"This extremely sharp fang
can turn the toughest
Wyvern into a pincushion."
"かけがえのない友情で結ばれた
ハンター同士に送られる証。",,1,yes,"Proof of everlasting bonds
formed between Hunters."
"珍しい鉱石で作られた、
表面に「Ｎ」と刻まれている
銅色のメダル。",,1,yes,"Made from a rare mineral,
a copper medal that has an
""N"" engraved into it."
"珍しい鉱石で作られた、
表面に「Ｎ」と刻まれている
銀色のメダル。",,1,yes,"Made from a rare mineral,
a silver medal that has an
""N"" engraved into it."
"珍しい鉱石で作られた、
表面に「Ｎ」と刻まれている
金色のメダル。",,1,yes,"Made from a rare mineral,
a gold medal that has an
""N"" engraved into it."
"失われたとされていた、武具
の製法書『ネオジム』の一部
と見られるメモ。",,1,yes,"A note that seems part of the
long lost armor crafting method
called ""Neodymium""."
"失われたとされていた、武具
の製法書『メルクリ』の一部
と見られるメモ。",,1,yes,"A note that seems part of the
long lost armor crafting method
called ""Mercury""."
"猟団部屋内での通貨に等しい
役割をもつチケット。主に、
猟団クエストから入手可能。",,1,yes,"A ticket with a role equal to
the currency in the Guild Hall.
Mainly available in the Guild Quests."
"闇商人が取引に利用する黒い
貨幣。常に定額販売されるが
一般価値はゼロ。通称：ブツ",,1,yes,"Black coins used for trading
by black merchants. It is always sold at a fixed price,
but its general value is zero. Common name: Butsu"
"肌触りも良く、吸収性も高い
白い布地。ジャンルを問わず、
いろいろな服に利用が可能。",,1,yes,"A white fabric soft to the touch
and highly absorbent. It can be used
for various clothes regardless of sex genre."
"服と相性の良いアクセサリー
を作るのに必要な素材。軽く
てキレイな仕上がりになる。",,1,yes,"Material used to make accessories
that combines with clothes. The
finishing is bright and beautiful."
"規則正しい縞模様に織られた
布地。他の布地と合わせるこ
とで、色が替えられる。",,1,,"Made in a regular striped pattern.
The color can be changed
by combining it with other fabrics."
"深い緑をした布地。祭に参加
した者でないと作ってもらえ
ない、こだわりの限定品。",,1,,"A deep green fabric. Very special and
limited edition only made for those
who participated in the festival."
"特殊な技法により、布地をフワ
フワのモフモフにする。
爆発で行っているとの噂が。",,1,yes,"Made by a special technique to
make fabrics fluffy and fuzzy.
Rumored to be explosion crafted."
"ツルツルとした肌触りで、質
の高さもうなずける黒い布地。
主に特別な服に使用される。",,1,yes,"A black fabric with a smooth
texture and a nod to quality.
Mainly used for special clothing."
"明るめの青い布地。伸縮性に
優れ、サイズに多少無理が
あっても、着れる服が作れる。",,1,yes,"Bright blue fabric. It has excellent
elasticity and can be used to make clothes
that can be worn even if the size is a little too large."
"優しい桃色をした布地。簡単
な必要素材ではないが、幅広い
年齢層から支持のある布地。",,1,,"Gentle peach colored fabric.
Hardly required, but a fabric
supported by people of all ages."
"猟団クエストで、追加依頼の
受注を行い、達成した証。
総合ショップで使えば…。",,1,yes,"Proof of having received and
accomplished an additional Guild
Quest. Use it at the General Store..."
"溶岩竜の身を覆う紅の甲殻。
良質の鉱物を含む鎧は灼熱の
熱気を放つ。",,1,,"Shell from Red Volganos.
It contains high-quality minerals
that radiates scorching heat."
"紅溶岩竜の牙。
灼熱のマグマに耐えうる強度を
持つ牙はあらゆるモノを砕く。",,1,yes,"Red Volganos Fang. It is
strong enough to withstand the
scorching magma and crush everything."
"紅溶岩竜のヒレ。
加工せずとも刃のような鋭さが
あり武器の素材として人気。",,1,yes,"Red Volganos Fin. It has a
natural sharpness like a blade and
is commonly used for weapons."
"希少な鉱物を含んだ紅溶岩竜の
堅殻。未だ灼熱の熱気を放ち、
近づく者の身を焦がす。",,1,,"Red Volganos Carapace containing
rare minerals. It still radiates a searing heat
that scorches those who approach it."
"紅溶岩竜の鋭い牙。
鋭く強硬な牙は飛竜の外殻でさ
えも風穴を穿つ。",,1,,"Red Volganos sharper fang.
The sharp and hard fang can pierce
even the outer shell of a Flying Wyvern."
"繁殖期の眠鳥が描かれた生成券
生成参考書として使えば、生成
物に彩りを加えられる。",,1,,"Used to depict Breeding Season
Hypnoc color and applying it to
the product."
"クリスマス限定クエストで
もらった謎のカード。
メリークリスマス！",,1,yes,"Mysterious card got from a
Christmas Quest.
Merry Christmas!"
"棘竜の体表を覆う鱗。
戦いの証である傷も見られるが
硬度は他の比ではない。",,1,,"Escales covering the body of
Espinas. Scars as signs of battle are
seen, but the hardness is unmatched."
"異常な程の硬度を誇る
棘竜の甲殻。歴戦の覇者の鎧を
砕くのは容易ではない。",,1,,"Extraordinary hard carapace of
Espinas. It's hard to pierce
through it."
"棘竜の鎧であり剣でもある棘。
猛毒の仕込まれたそれは、
触れることさえも躊躇う一品。",,1,,"Espinas Spike acting like its
armor and weapon. It is so poisonous
that hunters hesitates to touch it."
"棘竜から剥ぎ取られた頭。
未だその覇気は失われず、
圧倒的な存在感を放っている。",,1,,"A carved portion of Espinas Skull.
Its dominance was not lost and
has an overwhelming presence."
"棘竜の尻尾。
無数の棘が残るそれにはあらゆ
るものを死に誘う毒が残る。",,1,,"Espinas Tail. Countless thorns
remain on it, leaving a venom
that can kill anything."
"棘竜の体内で精製された玉石。
持ち主の怒気を映したかのよ
うに鮮やかな紅を放つ。",,1,,"Espinas Ruby extract from its
body. It emits a brilliant red color,
as if reflecting Espinas anger."
"棘竜の象徴である角。
死の瘴気が漂うそれは加工する
ことも困難を極める一品。",,1,,"The horn, symbol of Espinas.
It is one of the most difficult items
to process, as it is filled with a miasma of death."
"棘茶竜の体表を覆う鱗。
経年で硬質化した角質が幾重も
巻き、樹木の年輪を想わせる。",,1,,"Scales covering the body of
Brown Espinas. The horny surface of hardened
keratin is coiled in layers, reminding one of the annual rings of a tree."
"削れても割れることを知らない
粘りのある棘茶竜の甲殻。
深い色合いが古木を想わせる。",,1,,"Brown Espinas Carapace that
won't break even when scraped.
The deep hue reminds one of an ancient tree."
"全ての存在を拒む棘茶竜の棘。
甲殻や鱗の深い茶色と相まって
厳しさ際立つ一品。",,1,,"Brown Espinas Spike that rejects
all existence. The deep brown color of
the shell and scales, combined with the harshness of this item, makes it stand out."
"渾身の力漲る棘茶竜の頭殻。
迫り来る迫力は、頭殻のみと
なっても衰えていない。",,1,,"A carved portion of Brown Espinas
skull filled with its power. Its latent
power is present even when only this part remains."
"棘茶竜の尻尾。
一尾から取れる毒は、千頭の
ランポスの致死量に匹敵する。",,1,yes,"Brown Espinas Tail. The amount of
venom that can be extracted from
a single tail is equivalent to of a thousand Velocipreys."
"血色を帯びて紅の輝きを放つ
棘茶竜の玉石。
古木の心臓とも比喩される。",,1,,"Brown Espinas Ruby with a
blood-colored and red glow.
It is also called as the heart of an old tree."
"ハンター達には角と呼ばれる
棘茶竜の主棘。
尾よりも強い毒を持つ。",,1,yes,"The main thorn of the Brown
Espinas, called of Horn by the
hunters. It is more poisonous than the tail."
"腐食効果をもたらす元となる
比重の重い棘茶竜の酸。
腐食加工用として用いられる。",,1,,"Brown Espinas Acid with heavy
specific gravity, source of the
corrosive effect. Used for corrosion processing."
"鎌蟹にも劣らぬ鋭さを備える
尾晶蠍の尖爪。
無機質で不気味な光沢を放つ。",,1,,"As sharp as a Ceanataur's
claw. Has an inorganic glow
that's rather unsettling."
"鉱石すら問題にしない咀嚼力
を持つ尾晶蠍の大顎。
食物摂取にのみ使われる器官。",,1,,"An Vashimu's huge jaw.
Capable of crunching ore,
but only used for eating."
"強靭な尾晶蠍の尾。広い可動
域と柔軟性を持ち、容赦ない
殴打で、目標を叩き砕く。",,1,,"Supple, and can move over a
wide area. It mercilessly
swats enemies away."
"飲むとスタミナが回復する。
「Ｎ」印の特製ドリンク。",,1,yes,"Restoures Stamina.
A special item marked with ""N""."
"希少な眠鳥から剥ぎとられた
上質な白い毛。
蒼みがあり非常に美しい。",,1,,"Rare white hair carved from
a Hypnocatrice. Its blue
tint is extremely beautiful."
"光加減で銀色に見える尾羽根。
装飾用品として珍重される。
高貴なご婦人も垂涎の品。",,1,,"Sparkling silver tail
feather prized as a
decoration. Ladies love 'em."
"冷ややかな鋭さを感じさせる
白金のごときクチバシ。
極上の眠りを吐き出す。",,1,yes,"Ice-cold and razor-sharp,
this beak looks like silver.
Puts enemies to sleep."
"プーギーの虫除け器の生産方法
が記された紙。メゼポルタの家
具屋に持って行こう！",,1,yes,"Explains how to make a 
Poogie insect scarer. Take
it to the Furniture Store!"
"戯曲の面の生産方法が記され
た紙。ドンドルマの工房で好
きな色を選んで生産しよう！",,1,yes,"Instructions for creating
masques. Take them
to the Smithy in Dondruma!"
"ストレガエッジの生産方法が
記された紙。ドンドルマの工
房に持って行こう！",,1,yes,"Instructions for creating a
Witch Edge. Take them to
the Smithy in Dondruma!"
"古びた石の塊に見えるが、
普通の石とは違う硬さと重さ
を備える。",,1,,"Looks like a lump of old
rock, but differs in size
and weight to normal stone."
"アクラ・ヴァシムから零れ落
ちた結晶のカケラ。",,1,yes,
"甲殻種が生成する生体鉱物。
装飾用途に頻用傾向がある。
{c05}（旧称：甲殻種の晶石貤）",,1,,"An ore made by Carapaceons.
Often used as a decoration.
{c05}(Formerly: Carapaceolite I)"
"甲殻種が生成する生体鉱物。
装飾用途に頻用傾向がある。
{c05}（旧称：甲殻種の晶石賖）",,1,,"An ore made by Carapaceons.
Often used as a decoration.
{c05}(Formerly: Carapaceolite II)"
"甲殻種が生成する生体鉱物。
装飾用途に頻用傾向がある。
{c05}（旧称：甲殻種の晶石賕）",,1,,"An ore made by Carapaceons.
Often used as a decoration.
{c05}(Formerly:Carapaceolite III)"
"教官からの試練を乗り越えた
狩人に贈られる達成の証。",,1,,
"お守りのような形をした袋。
なかには、何か光るものが入
っているような気がする。",,1,,"An amulet-shaped pouch.
There seems to be something
glowing inside."
"お守りのような形をした袋。
なかには、何か暖かいものが
入っているような気がする。",,1,,"An amulet-shaped pouch.
There seems to be something
warm inside."
"お守りのような形をした袋。
何かかけがえのないものが入
っているような気がする。",,1,,"An amulet-shaped pouch.
Its contents feel absolutely
priceless."
"ある熟練ハンターの、家族や
仲間に対する思慕の念。命を
賭してでも守り抜く心意気。",,1,yes,"A skilled hunter's yearning for
his family and friends. The spirit to
protect and defend them even at the risk of his life."
"その腕ひとつで荒波のような
現世を渡り歩く、ある男の意
地。己の進む道を切り拓く。",,1,,"The soul of a wandering man.
Opens up new paths for
you to follow."
"仁義を貫き通し、己の道をひ
たすらに突き進む信念を持つ
者の証。燃えるように熱い。",,1,,"Symbol of a burning desire
to enforce justice and
pursue one's convictions."
"珍しい鉱石で作られた、
表面に「Ｎ」と刻まれている
黒色のメダル。",,1,yes,"Black Medal made of a rare
ore with ""N"" iscribed on its surface."
"珍しい鉱石で作られた、
表面に「Ｎ」と刻まれている
白色のメダル。",,1,yes,"White Medal made of a rare
ore with ""N"" iscribed on its surface."
"珍しい鉱石で作られた、
表面に「Ｎ」と刻まれている
灰色のメダル。",,1,yes,"Gray Medal made of a rare
ore with ""N"" iscribed on its surface."
"飽く事なく技を鍛え上げる匠
に宿る根性。一度こうと決め
たら、音をあげることはない。",,1,,"Allows one to work
tirelessly on their craft
and to never give up."
"使う人を考えたモノ作りの心。
びっくりするほど、細やかな
心遣いが、愛すら感じさせる。",,1,yes,"The spirit of making things
with the user in mind, full
of care and loving."
"研き抜かれた腕に絶対の自信
がある匠にのみ宿る意地。
どんな難題もこなしてみせる。",,1,,"The soul of one with total
confidence in their own
skill. There's always a way!"
"カム・オルガロンの特徴や生態
が記入された書物。購入後に、
モンスターリストで参照可能。",,1,yes,"Book for your Monster List
filled with reference material
on Kamu Orugaron."
"ノノ・オルガロンの特徴や生態
が記入された書物。購入後に、
モンスターリストで参照可能。",,1,yes,"Book for your Monster List
filled with reference material
on Nono Orugaron"
"デュラガウアの特徴や生態
が記入された書物。購入後に、
モンスターリストで参照可能。",,1,yes,"Book for your Monster List
filled with reference material
on Dyuragaua."
"グレンゼブルの特徴や生態
が記入された書物。購入後に、
モンスターリストで参照可能。",,1,yes,"Book for your Monster List
filled with reference material
on Gurenzeburu."
"ルコディオラの特徴や生態
が記入された書物。購入後に、
モンスターリストで参照可能。",,1,yes,"Book for your Monster List
filled with reference material
on Rukodiora."
"ゴゴモアの特徴や生態
が記入された書物。購入後に、
モンスターリストで参照可能。",,1,yes,"Book for your Monster List
filled with reference material
on Gogomoa."
"タイクンザムザの特徴や生態
が記入された書物。購入後に、
モンスターリストで参照可能。",,1,yes,"Book for your Monster List
filled with reference material
on Taikun Zamuza."
"アビオルグの特徴や生態
が記入された書物。購入後に、
モンスターリストで参照可能。",,1,yes,"Book for your Monster List
filled with reference material
on Abiorugu."
"クアルセプスの特徴や生態
が記入された書物。購入後に、
モンスターリストで参照可能。",,1,yes,"Book for your Monster List
filled with reference material
on Kuarusepusu."
"オディバトラスの特徴や生態
が記入された書物。購入後に、
モンスターリストで参照可能。",,1,yes,"Book for your Monster List
filled with reference material
on Odibatorasu."
"凍海獣の特徴や生態が
記入された書物。購入後に、
モンスターリストで参照可能。",,1,yes,"Monster List reference on the
Polar Sea area. Habits,
ecology, etc."
"ファルノックの特徴や生態が
記入された書物。購入後に、
モンスターリストで参照可能。",,1,yes,"Book for your Monster List
filled with reference material
on Farunokku."
"ヒュジキキの特徴や生態が
記入された書物。購入後に、
モンスターリストで参照可能。",,1,yes,"Book for your Monster List
filled with reference material
on Hyujikiki."
"ミドガロンの特徴や生態が
記入された書物。購入後に、
モンスターリストで参照可能。",,1,yes,"Book for your Monster List
filled with reference material
on Midogaron."
"ギアオルグの特徴や生態が
記入された書物。購入後に、
モンスターリストで参照可能。",,1,yes,"Book for your Monster List
filled with reference material
on Giaorugu."
"アノルパティスの特徴や生態が
記入された書物。購入後に、
モンスターリストで参照可能。",,1,yes,"Book for your Monster List
filled with reference material
on Anorupatisu."
"シャンティエンの特徴や生態が
記入された書物。購入後に、
モンスターリストで参照可能。",,1,yes,"Book for your Monster List
filled with reference material
on Shantien."
"レビディオラの特徴や生態が
記入された書物。購入後に、
モンスターリストで参照可能。",,1,yes,"Book for your Monster List
filled with reference material
on Rebidiora."
"ディスフィロアの特徴や生態が
記入された書物。購入後に、
モンスターリストで参照可能。",,1,yes,"Book for your Monster List
filled with reference material
on Disufiroa."
"ゴウガルフの特徴や生態が
記入された書物。購入後に
モンスターリストで参照可能。",,1,yes,"Book for your Monster List
filled with reference material
on the Gougarfs."
"バルラガルの特徴や生態が
記入された書物。購入後に
モンスターリストで参照可能。",,1,yes,"Book for your Monster List
filled with reference material
on Baruragaru."
"ゼルレウスの特徴や生態が
記入された書物。購入後に
モンスターリストで参照可能。",,1,yes,"Book for your Monster List
filled with reference material
on Zerureusu."
"メラギナスの特徴や生態が
記入された書物。購入後に
モンスターリストで参照可能。",,1,yes,"Book for your Monster List
filled with reference material
on Meraginasu."
"フォロクルルの特徴や生態が
記入された書物。購入後に
モンスターリストで参照可能。",,1,yes,"Book for your Monster List
filled with reference material
on Forokururu."
"ディオレックスの特徴や生態
が記入された書物。購入後に
モンスターリストで参照可能。",,1,yes,"Book for your Monster List
filled with reference material
on Diorekkusu."
"イナガミの特徴や生態が
記入された書物。購入後に
モンスターリストで参照可能。",,1,yes,"Book for your Monster List
filled with reference material
on Inagami."
"ガルバダオラの特徴や生態
が記入された書物。購入後に
モンスターリストで参照可能。",,1,yes,"Book for your Monster List
filled with reference material
on Garuba Daora."
"ポボルバルムの特徴や生態
が記入された書物。購入後に
モンスターリストで参照可能。",,1,yes,"Book for your Monster List
filled with reference material
on Poborubarumu."
"ヴァルサブロスの特徴や生態
が記入された書物。購入後に
モンスターリストで参照可能。",,1,yes,"Book for your Monster List
filled with reference material
on Varusaburosu."
"ハルドメルグの特徴や生態
が記入された書物。購入後に
モンスターリストで参照可能。",,1,yes,"Book for your Monster List
filled with reference material
on Harudomerugu."
"グレアドモスの特徴や生態
が記入された書物。購入後に
モンスターリストで参照可能。",,1,yes,"Book for your Monster List
filled with reference material
on Gureadomosu."
"新たなる開拓者を記念して作
られたと云われる、蒼く輝く
コイン。",,1,yes,"A coin apparently made to
commemorate a pioneer.
Has a blue-green sheen."
"古きから開拓を行なっていた
狩人達が持っている紅く輝く
コイン。",,1,yes,"A glowing red coin carried
by pioneering Hunters since
time immemorial."
"深い絆で結ばれている仲間達
へ贈られた証。
決して破ることはできない。",,1,,"Awarded to those who have
fostered deep friendships.
Completely unbreakable."
"鎌蟹にも劣らぬ鋭さを備える
灰晶蠍の尖爪。
無機質で不気味な光沢を放つ。",,1,,"A Jebia claw, hard as a
Ceanataur horn. Has an
unsettling artificial glow."
"鉱石すら問題にしない咀嚼力
を持つ灰晶蠍の大顎。
食物摂取にのみ使われる器官。",,1,,"A Jebia's huge jaw.
Capable of crunching ore,
but only used for eating."
"強靭な灰晶蠍の尾。広い可動
域と柔軟性を持ち、容赦ない
殴打で、目標を叩き砕く。",,1,,"Supple, and can move over a
wide area. Mercilessly
swats enemies away."
"尾の分泌腺のひとつから分泌
される体液が結晶化したもの。
血のような赤みが特徴。",,1,,"Crystallized liquid secreted
from a Jebia's tail.
Has a distinctive red color."
"辺境の地にて発見された
世にも珍しい鉱石の塊。",,1,,"Rare ore found on
frontier lands."
"冒険屋の店番アイルーが出先
で見つけてきたもの。
見ているだけで泣けてくる。",,1,yes,"Found by a Felyne who works
at the Explorer's Hut. Just
looking at it makes you cry."
"落とし物ネコが偶然見つけた
とても小さな王冠。落とし物
かどうかは不明。",,1,yes,"A tiny crown found by the
Lost & Found Felyne. Unclear
whether someone has lost it."
"珠剣【氷】の生産方法が記さ
れた紙。
工房に持って行こう！",,1,,"Instructions for making an
Ice Rod Sword. Take them
to the Smithy!"
"珠剣【火】の生産方法が記さ
れた紙。
工房に持って行こう！",,1,,"Instructions for making a
Fire Rod Sword. Take them
to the Smithy!"
"秘刀【雷】の生産方法が記さ
れた紙。
工房に持って行こう！",,1,,"Instructions for making a
Mystic Thunderblade. Take
them to the Smithy!"
"工房試作品撃龍鎚を用いて狩
りをし、その使用感をまとめ
た報告書。親方に報告だ！",,1,,"A report that summarizes the feeling
of a hunt using the Dragstriker.
Report to the master!"
"奇面族の王が書いたと言われ
る罰則の掟。
読めないため真偽は不明。",,1,,"Penal laws believed to have
been written by the king of
the Shakalakas. Unreadable."
"秘密兵器の生産方法が書かれ
ている図面。一枚だけでは、
読み取ることができない。",,1,,"Diagrams for creating a
secret weapon. Just one page
is no good at all, though."
"ワイルドな風合いを出すため、
重量もワイルド級な布地。
使う側の気合と根性が必要。",,1,yes,"A heavy material with a
rough, earthy texture. Not
for the fainthearted."
"試験的に作られた、投げて使う
タイプの小タル爆弾。
小タル爆弾並みの威力を持つ。",,1,yes,"A prototype hand-thrown
bomb that's as powerful
as a Small Barrel Bomb."
"爆発威力の高さを恐れ発売を
禁じた大タル爆弾Ｇの強化版。
とあるネコが仕入れてきた。",,1,yes,"It is forbidden to sell this
powerful bomb, but a certain
Felyne has got hold of some."
"素人が見ればただのガラクタ。
獣人が見ればすごいお宝。
{c05}（旧称：獣人のガラクタ貤）",,1,yes,"Treasure that looks like
junk to the untrained eye.
{c05}(Was: Lynian Treasure I)"
"素人が見ればただのガラクタ。
獣人が見ればすごいお宝。
{c05}（旧称：獣人のガラクタ賖）",,1,yes,"Treasure that looks like
junk to the untrained eye.
{c05}(Was: Lynian Treasure II)"
"素人が見ればただのガラクタ。
獣人が見ればすごいお宝。
{c05}（旧称：獣人のガラクタ賕）",,1,yes,"Treasure that looks like
junk to the untrained eye.
{c05}(Was: Lynian Treasure III)"
"獣人種が大事にしている玉。
ほの紅く、人の目にも美しい。
{c05}（旧称：獣人の紅玉貤）",,1,,"A prized Lynian gem. Even
humans find it beautiful.
{c05}(Was: Lynian Ruby I)"
"獣人種が大事にしている玉。
ほの紅く、人の目にも美しい。
{c05}（旧称：獣人の紅玉賖）",,1,,"A prized Lynian gem. Even
humans find it beautiful.
{c05}(Was: Lynian Ruby II)"
"獣人種が大事にしている玉。
ほの紅く、人の目にも美しい。
{c05}（旧称：獣人の紅玉賕）",,1,,"A prized Lynian gem. Even
humans find it beautiful.
{c05}(Was: Lynian Ruby III)"
"草食種の優美な角。
誇り高さを感じられる一品。
{c05}（旧称：草食種の角貤）",,1,,"The elegant horn of a
herbivore. Feels valuable.
{c05}(Was: Herbivore Horn I)"
"草食種の優美な角。
誇り高さを感じられる一品。
{c05}（旧称：草食種の角賖）",,1,,"The elegant horn of a
herbivore. Feels valuable.
{c05}(Was: Herbivore Horn II)"
"草食種の優美な角。
誇り高さを感じられる一品。
{c05}（旧称：草食種の角賕）",,1,,"The elegant horn of a
herbivore. Feels valuable.
{c05}(Was: Herbivore Horn III)"
"草食種の柔らかな皮。
特に生活被服に頻用される。
{c05}（旧称：草食種の皮貤）",,1,,"A soft herbivore hide used
to make everyday clothing.
{c05}(Was: Herbivore Hide I)"
"草食種の柔らかな皮。
特に生活被服に頻用される。
{c05}（旧称：草食種の皮賖）",,1,,"A soft herbivore hide used
to make everyday clothing.
{c05}(Was: Herbivore Hide II)"
"草食種の柔らかな皮。
特に生活被服に頻用される。
{c05}（旧称：草食種の皮賕）",,1,,"A soft herbivore hide used
to make everyday clothing.
{c05}(Was: Herbivore Hide III)"
"加工には、程よい堅さの骨。
主に装飾目的で利用される。
{c05}（旧称：草食種の骨貤）",,1,,"A hard bone that's perfect
for making decorations.
{c05}(Was: Herbivore Bone I)"
"加工には、程よい堅さの骨。
主に装飾目的で利用される。
{c05}（旧称：草食種の骨賖）",,1,,"A hard bone that's perfect
for making decorations.
{c05}(Was: Herbivore Bone II)"
"加工には、程よい堅さの骨。
主に装飾目的で利用される。
{c05}（旧称：草食種の骨賕）",,1,,"A hard bone that's perfect
for making decorations.
{c05}(Was: Herbivore Bone III)"
"立派な形の草食種の蹄。大地
を踏みしめる力強さ漂う一品。
{c05}（旧称：草食種の蹄貤）",,1,,"A fine hoof, tough enough
for long-distance treks.
{c05}(Was: Herbivore Hoof I)"
"立派な形の草食種の蹄。大地
を踏みしめる力強さ漂う一品。
{c05}（旧称：草食種の蹄賖）",,1,,"A fine hoof, tough enough
for long-distance treks.
{c05}(Was: Herbivore Hoof II)"
"立派な形の草食種の蹄。大地
を踏みしめる力強さ漂う一品。
{c05}（旧称：草食種の蹄賕）",,1,,"A fine hoof, tough enough
for long-distance treks.
{c05}(Was: Herbivore Hoof III)"
"草食種が、身を守る術として
発達させた防護殻。
{c05}（旧称：草食種の殻貤）",,1,,"Shell grown by herbivores to
protect their bodies.
{c05}(Was: Herbivore Shell I)"
"草食種が、身を守る術として
発達させた防護殻。
{c05}（旧称：草食種の殻賖）",,1,,"Shell grown by herbivores to
protect their bodies.
{c05}(Was: Herbivore Shell II)"
"草食種が、身を守る術として
発達させた防護殻。
{c05}（旧称：草食種の殻賕）",,1,,"Shell grown by herbivores to
protect their bodies.
{c05}(Was: Herbivore Shell III)"
"草食種の切歯が巨大化した物。
柔和な白色は見惚れる美しさ。
{c05}（旧称：草食種の牙貤）",,1,,"A huge incisor tooth. Its
white color is captivating.
{c05}(Was: Herbivore Fang I)"
"草食種の切歯が巨大化した物。
柔和な白色は見惚れる美しさ。
{c05}（旧称：草食種の牙賖）",,1,,"A huge incisor tooth. Its
white color is captivating.
{c05}(Was: Herbivore Fang II)"
"草食種の切歯が巨大化した物。
柔和な白色は見惚れる美しさ。
{c05}（旧称：草食種の牙賕）",,1,,"A huge incisor tooth. Its
white color is captivating.
{c05}(Was: Herbivore Fang III)"
"針金のごとき牙獣種の剛毛。
野性味溢れる一品。
{c05}（旧称：牙獣種の毛皮貤）",,1,,"Wire-like Pelagus bristles
with a really wild feel.
{c05}(Was: Pelagus Pelt I)"
"針金のごとき牙獣種の剛毛。
野性味溢れる一品。
{c05}（旧称：牙獣種の毛皮賖）",,1,,"Wire-like Pelagus bristles
with a really wild feel.
{c05}(Was: Pelagus Pelt II)"
"針金のごとき牙獣種の剛毛。
野性味溢れる一品。
{c05}（旧称：牙獣種の毛皮賕）",,1,,"Wire-like Pelagus bristles
with a really wild feel.
{c05}(Was: Pelagus Pelt III)"
"牙獣種のアイデンティティ。
強暴な美しさを秘めた一品。
{c05}（旧称：牙獣種の牙貤）",,1,yes,"This beautiful fang is a
Pelagus's pride and joy.
{c05}(Was: Pelagus Fang I)"
"牙獣種のアイデンティティ。
強暴な美しさを秘めた一品。
{c05}（旧称：牙獣種の牙賖）",,1,yes,"This beautiful fang is a
Pelagus's pride and joy.
{c05}(Was: Pelagus Fang II)"
"牙獣種のアイデンティティ。
強暴な美しさを秘めた一品。
{c05}（旧称：牙獣種の牙賕）",,1,yes,"This beautiful fang is a
Pelagus's pride and joy.
{c05}(Was: Pelagus Fang III)"
"堅い地面も易々と掘れるほど
丈夫な牙獣種の爪。
{c05}（旧称：牙獣種の爪貤）",,1,,"Claws that make light work
of digging up hard earth.
{c05}(Was: Pelagus Claw I)"
"堅い地面も易々と掘れるほど
丈夫な牙獣種の爪。
{c05}（旧称：牙獣種の爪賖）",,1,,"Claws that make light work
of digging up hard earth.
{c05}(Was: Pelagus Claw II)"
"堅い地面も易々と掘れるほど
丈夫な牙獣種の爪。
{c05}（旧称：牙獣種の爪賕）",,1,,"Claws that make light work
of digging up hard earth.
{c05}(Was: Pelagus Claw III)"
"しなやかな牙獣種の尻尾。
柔軟で、多用途に用いられる。
{c05}（旧称：牙獣種の尾貤）",,1,,"The soft, supple tail of a
Pelagus. Very versatile.
{c05}(Was: Pelagus Tail I)"
"しなやかな牙獣種の尻尾。
柔軟で、多用途に用いられる。
{c05}（旧称：牙獣種の尾賖）",,1,,"The soft, supple tail of a
Pelagus. Very versatile.
{c05}(Was: Pelagus Tail II)"
"しなやかな牙獣種の尻尾。
柔軟で、多用途に用いられる。
{c05}（旧称：牙獣種の尾賕）",,1,,"The soft, supple tail of a
Pelagus. Very versatile.
{c05}(Was: Pelagus Tail III)"
"つややかな甲虫種の殻。
独特の色味が個性を主張する。
{c05}（旧称：甲虫種の殻貤）",,1,,"This glossy shell's unique
color increases its appeal.
{c05}(Was: Neopteron Shell I)"
"つややかな甲虫種の殻。
独特の色味が個性を主張する。
{c05}（旧称：甲虫種の殻賖）",,1,,"This glossy shell's unique
color increases its appeal.
{c05}(Was: Neopteron Shell II)"
"つややかな甲虫種の殻。
独特の色味が個性を主張する。
{c05}（旧称：甲虫種の殻賕）",,1,,"This glossy shell's unique
color increases its appeal.
{c05}(Was: Neopteron Shell III)"
"甲虫種の持つ、神経毒を分泌
する鋭い針。
{c05}（旧称：甲虫種の針貤）",,1,,"Sharp Neopteron stinger that
secretes potent neurotoxins.
{c05}(Was: Neopteron Stinger I)"
"甲虫種の持つ、神経毒を分泌
する鋭い針。
{c05}（旧称：甲虫種の針賖）",,1,,"Sharp Neopteron stinger that
secretes potent neurotoxins.
{c05}(Was: Neopteron Stinger II)"
"甲虫種の持つ、神経毒を分泌
する鋭い針。
{c05}（旧称：甲虫種の針賕）",,1,,"Sharp Neopteron stinger that
secretes potent neurotoxins.
{c05}(Was: Neopteron Stinger III)"
"甲虫種の分泌する謎の液体。
近年発見された研究対象。
{c05}（旧称：甲虫種の液貤）",,1,,"This curious liquid is the
subject of much research.
{c05}(Was: Neopteron Fluid I)"
"甲虫種の分泌する謎の液体。
近年発見された研究対象。
{c05}（旧称：甲虫種の液賖）",,1,,"This curious liquid is the
subject of much research.
{c05}(Was: Neopteron Fluid II)"
"甲虫種の分泌する謎の液体。
近年発見された研究対象。
{c05}（旧称：甲虫種の液賕）",,1,,"This curious liquid is the
subject of much research.
{c05}(Was: Neopteron Fluid III)"
"甲殻種を象徴する素材。
非常に堅いが、通電しやすい。
{c05}（旧称：甲殻種の殻貤）",,1,,"Symbol of the Carapaceons.
Hard, but a good conductor.
{c05}(Was: Carapaceon Shell I)"
"甲殻種を象徴する素材。
非常に堅いが、通電しやすい。
{c05}（旧称：甲殻種の殻賖）",,1,,"Symbol of the Carapaceons.
Hard, but a good conductor.
{c05}(Was: Carapaceon Shell II)"
"甲殻種を象徴する素材。
非常に堅いが、通電しやすい。
{c05}（旧称：甲殻種の殻賕）",,1,,"Symbol of the Carapaceons.
Hard, but a good conductor.
{c05}(Was: Carapaceon Shell III)"
"甲殻種の大きな鋏。
攻守に利用され、強度が高い。
{c05}（旧称：甲殻種の鋏貤）",,1,,"Huge Carapaceon Pincer.
Very strong. {c05}(Was:
Carapaceon Pincher I)"
"甲殻種の大きな鋏。
攻守に利用され、強度が高い。
{c05}（旧称：甲殻種の鋏賖）",,1,,"Huge Carapaceon Pincer.
Very strong. {c05}(Was:
Carapaceon Pincher II)"
"甲殻種の大きな鋏。
攻守に利用され、強度が高い。
{c05}（旧称：甲殻種の鋏賕）",,1,,"Huge Carapaceon Pincer.
Very strong. {c05}(Was:
Carapaceon Pincher III)"
"対象を容赦なく切り刻む
甲殻種特有の鋭利な部位。
{c05}（旧称：甲殻種の刃貤）",,1,,"Extremely sharp, these can
make mincemeat of any enemy.
{c05}(Was: Carapaceon Sickle I)"
"対象を容赦なく切り刻む
甲殻種特有の鋭利な部位。
{c05}（旧称：甲殻種の刃賖）",,1,,"Extremely sharp, these can
make mincemeat of any enemy.
{c05}(Was: Carapaceon Sickle II)"
"対象を容赦なく切り刻む
甲殻種特有の鋭利な部位。
{c05}（旧称：甲殻種の刃賕）",,1,,"Extremely sharp, these can
make mincemeat of any enemy.
{c05}(Was: Carapaceon Sickle III)"
"寒熱の過酷な環境にも、悠然と
耐え抜く飛竜種の殻。
{c05}（旧称：飛竜種の殻貤）",,1,,"A shell that can resist even
the bitterest cold.
{c05}(Was: Wyvern Shell I)"
"寒熱の過酷な環境にも、悠然と
耐え抜く飛竜種の殻。
{c05}（旧称：飛竜種の殻賖）",,1,,"A shell that can resist even
the bitterest cold.
{c05}(Was: Wyvern Shell II)"
"寒熱の過酷な環境にも、悠然と
耐え抜く飛竜種の殻。
{c05}（旧称：飛竜種の殻賕）",,1,,"A shell that can resist even
the bitterest cold.
{c05}(Was: Wyvern Shell III)"
"獲物を捕らえて放さない、楔の
ような飛竜種の牙。
{c05}（旧称：飛竜種の牙貤）",,1,,"Wedge-like Wyvern fang that
can chomp any prey to bits.
{c05}(Was: Wyvern Fang I)"
"獲物を捕らえて放さない、楔の
ような飛竜種の牙。
{c05}（旧称：飛竜種の牙賖）",,1,,"Wedge-like Wyvern fang that
can chomp any prey to bits.
{c05}(Was: Wyvern Fang II)"
"獲物を捕らえて放さない、楔の
ような飛竜種の牙。
{c05}（旧称：飛竜種の牙賕）",,1,,"Wedge-like Wyvern fang that
can chomp any prey to bits.
{c05}(Was: Wyvern Fang III)"
"対峙した敵を容赦なく引き裂く
飛竜種の爪。
{c05}（旧称：飛竜種の爪貤）",,1,,"Vicious Wyvern claw that
tears enemies to shreds.
{c05}(Was: Wyvern Claw I)"
"対峙した敵を容赦なく引き裂く
飛竜種の爪。
{c05}（旧称：飛竜種の爪賖）",,1,,"Vicious Wyvern claw that
tears enemies to shreds.
{c05}(Was: Wyvern Claw II)"
"対峙した敵を容赦なく引き裂く
飛竜種の爪。
{c05}（旧称：飛竜種の爪賕）",,1,,"Vicious Wyvern claw that
tears enemies to shreds.
{c05}(Was: Wyvern Claw III)"
"思いの外、軽いが、驚くべき
強度を備えた飛竜種の骨。
{c05}（旧称：飛竜種の骨貤）",,1,,"A bone that's much lighter
and stronger than you think.
{c05}(Was: Wyvern Bone I)"
"思いの外、軽いが、驚くべき
強度を備えた飛竜種の骨。
{c05}（旧称：飛竜種の骨賖）",,1,,"A bone that's much lighter
and stronger than you think.
{c05}(Was: Wyvern Bone II)"
"思いの外、軽いが、驚くべき
強度を備えた飛竜種の骨。
{c05}（旧称：飛竜種の骨賕）",,1,,"A bone that's much lighter
and stronger than you think.
{c05}(Was: Wyvern Bone III)"
"幾重もの鱗の下から取れる
強靭な飛竜種の皮。
{c05}（旧称：飛竜種の皮貤）",,1,,"A hide carved from beneath
several layers of scales.
{c05}(Was: Wyvern Hide I)"
"幾重もの鱗の下から取れる
強靭な飛竜種の皮。
{c05}（旧称：飛竜種の皮賖）",,1,,"A hide carved from beneath
several layers of scales.
{c05}(Was: Wyvern Hide II)"
"幾重もの鱗の下から取れる
強靭な飛竜種の皮。
{c05}（旧称：飛竜種の皮賕）",,1,,"A hide carved from beneath
several layers of scales.
{c05}(Was: Wyvern Hide III)"
"飛竜種の象徴とも言うべき翼。
大空を舞う躍動美が宿る。
{c05}（旧称：飛竜種の翼貤）",,1,,"The wing that symbolizes a
Wyvern. Beautiful in motion.
{c05}(Was: Wyvern Wing I)"
"飛竜種の象徴とも言うべき翼。
大空を舞う躍動美が宿る。
{c05}（旧称：飛竜種の翼賖）",,1,,"The wing that symbolizes a
Wyvern. Beautiful in motion.
{c05}(Was: Wyvern Wing II)"
"飛竜種の象徴とも言うべき翼。
大空を舞う躍動美が宿る。
{c05}（旧称：飛竜種の翼賕）",,1,,"The wing that symbolizes a
Wyvern. Beautiful in motion.
{c05}(Was: Wyvern Wing III)"
"強靭な草食動物も、一撃の下
に叩き伏す飛竜種の尾。
{c05}（旧称：飛竜種の尾貤）",,1,,"A tail that can take down
a herbivore in one swipe.
{c05}(Was: Wyvern Tail I)"
"強靭な草食動物も、一撃の下
に叩き伏す飛竜種の尾。
{c05}（旧称：飛竜種の尾賖）",,1,,"A tail that can take down
a herbivore in one swipe.
{c05}(Was: Wyvern Tail II)"
"強靭な草食動物も、一撃の下
に叩き伏す飛竜種の尾。
{c05}（旧称：飛竜種の尾賕）",,1,,"A tail that can take down
a herbivore in one swipe.
{c05}(Was: Wyvern Tail III)"
"飛竜種の体を覆う棘。
外敵の攻撃の一切を拒絶する。
{c05}（旧称：飛竜種の棘貤）",,1,,"One of the defensive spikes
that cover a Wyvern's body. 
{c05}(Was: Wyvern Spike I)"
"飛竜種の体を覆う棘。
外敵の攻撃の一切を拒絶する。
{c05}（旧称：飛竜種の棘賖）",,1,,"One of the defensive spikes
that cover a Wyvern's body. 
{c05}(Was: Wyvern Spike II)"
"飛竜種の体を覆う棘。
外敵の攻撃の一切を拒絶する。
{c05}（旧称：飛竜種の棘賕）",,1,,"One of the defensive spikes
that cover a Wyvern's body. 
{c05}(Was: Wyvern Spike III)"
"その巨躯の質量と共に目標を
貫く飛竜種の角。
{c05}（旧称：飛竜種の角貤）",,1,,"Leads the way as the Wyvern
smashes through its enemies.
{c05}(Was: Wyvern Horn I)"
"その巨躯の質量と共に目標を
貫く飛竜種の角。
{c05}（旧称：飛竜種の角賖）",,1,,"Leads the way as the Wyvern
smashes through its enemies.
{c05}(Was: Wyvern Horn II)"
"その巨躯の質量と共に目標を
貫く飛竜種の角。
{c05}（旧称：飛竜種の角賕）",,1,,"Leads the way as the Wyvern
smashes through its enemies.
{c05}(Was: Wyvern Horn III)"
"年輪のような紋様が、重ねて
きた齢を想わせる飛竜種の鱗。
{c05}（旧称：飛竜種の鱗貤）",,1,,"A scale with a ring-like
pattern that shows its age.
{c05}(Was: Wyvern Scale I)"
"年輪のような紋様が、重ねて
きた齢を想わせる飛竜種の鱗。
{c05}（旧称：飛竜種の鱗賖）",,1,,"A scale with a ring-like
pattern that shows its age.
{c05}(Was: Wyvern Scale II)"
"年輪のような紋様が、重ねて
きた齢を想わせる飛竜種の鱗。
{c05}（旧称：飛竜種の鱗賕）",,1,,"A scale with a ring-like
pattern that shows its age.
{c05}(Was: Wyvern Scale III)"
"体中を駆け巡り、飛竜種の激し
い運動を支える血。
{c05}（旧称：飛竜種の血貤）",,1,,"This blood is the secret to
a Wyvern's high aggression.
{c05}(Was: Wyvern Blood I)"
"体中を駆け巡り、飛竜種の激し
い運動を支える血。
{c05}（旧称：飛竜種の血賖）",,1,,"This blood is the secret to
a Wyvern's high aggression.
{c05}(Was: Wyvern Blood II)"
"体中を駆け巡り、飛竜種の激し
い運動を支える血。
{c05}（旧称：飛竜種の血賕）",,1,,"This blood is the secret to
a Wyvern's high aggression.
{c05}(Was: Wyvern Blood III)"
"飛竜種の体内にできた結石。
美しい色形のものを珠と呼ぶ。
{c05}（旧称：飛竜種の珠貤）",,1,,"A pretty, spherical gem,
formed inside a Wyvern.
{c05}(Was: Wyvern Jewel I)"
"飛竜種の体内にできた結石。
美しい色形のものを珠と呼ぶ。
{c05}（旧称：飛竜種の珠賖）",,1,,"A pretty, spherical gem,
formed inside a Wyvern.
{c05}(Was: Wyvern Jewel II)"
"飛竜種の体内にできた結石。
美しい色形のものを珠と呼ぶ。
{c05}（旧称：飛竜種の珠賕）",,1,,"A pretty, spherical gem,
formed inside a Wyvern.
{c05}(Was: Wyvern Jewel III)"
"頭だけになって、尚、強い存
在感を放ち続ける飛竜種の頭。
{c05}（旧称：飛竜種の頭貤）",,1,,"Even when removed, a Wyvern
head has a real presence.
{c05}(Was: Wyvern Head I)"
"頭だけになって、尚、強い存
在感を放ち続ける飛竜種の頭。
{c05}（旧称：飛竜種の頭賖）",,1,,"Even when removed, a Wyvern
head has a real presence.
{c05}(Was: Wyvern Head II)"
"頭だけになって、尚、強い存
在感を放ち続ける飛竜種の頭。
{c05}（旧称：飛竜種の頭賕）",,1,,"Even when removed, a Wyvern
head has a real presence.
{c05}(Was: Wyvern Head III)"
"飛竜種の骨の芯から切りだす
エネルギーの塊のような髄。
{c05}（旧称：飛竜種の髄貤）",,1,yes,"A lump of marrow scooped
from inside a Wyvern Bone.
{c05}(Was: Wyvern Marrow I)"
"飛竜種の骨の芯から切りだす
エネルギーの塊のような髄。
{c05}（旧称：飛竜種の髄賖）",,1,yes,"A lump of marrow scooped
from inside a Wyvern Bone.
{c05}(Was: Wyvern Marrow II)"
"飛竜種の骨の芯から切りだす
エネルギーの塊のような髄。
{c05}（旧称：飛竜種の髄賕）",,1,yes,"A lump of marrow scooped
from inside a Wyvern Bone.
{c05}(Was: Wyvern Marrow III)"
"力強い脈動の跡が感じられる
飛竜種の活力器官。
{c05}（旧称：飛竜種の肝貤）",,1,,"The Wyvern's rugged pulse
has left its mark.
{c05}(Was: Wyvern Liver I)"
"力強い脈動の跡が感じられる
飛竜種の活力器官。
{c05}（旧称：飛竜種の肝賖）",,1,,"The Wyvern's rugged pulse
has left its mark.
{c05}(Was: Wyvern Liver II)"
"力強い脈動の跡が感じられる
飛竜種の活力器官。
{c05}（旧称：飛竜種の肝賕）",,1,,"The Wyvern's rugged pulse
has left its mark.
{c05}(Was: Wyvern Liver III)"
"その正面に立つだけで、恐怖
に身が竦む飛竜種の顎。
{c05}（旧称：飛竜種の顎貤）",,1,,"Just the sight of a Wyvern's
jaw makes one cower in fear.
{c05}(Was: Wyvern Jaw I)"
"その正面に立つだけで、恐怖
に身が竦む飛竜種の顎。
{c05}（旧称：飛竜種の顎賖）",,1,,"Just the sight of a Wyvern's
jaw makes one cower in fear.
{c05}(Was: Wyvern Jaw II)"
"その正面に立つだけで、恐怖
に身が竦む飛竜種の顎。
{c05}（旧称：飛竜種の顎賕）",,1,,"Just the sight of a Wyvern's
jaw makes one cower in fear.
{c05}(Was: Wyvern Jaw III)"
"飛竜種の眼球付近からの分泌
物が鉱物状に固まったもの。
{c05}（旧称：飛竜種の涙貤）",,1,,"Hard mineral tears from
ducts near a Wyvern's eyes.
{c05}(Was: Wyvern Tears I)"
"飛竜種の眼球付近からの分泌
物が鉱物状に固まったもの。
{c05}（旧称：飛竜種の涙賖）",,1,,"Hard mineral tears from
ducts near a Wyvern's eyes.
{c05}(Was: Wyvern Tears II)"
"飛竜種の眼球付近からの分泌
物が鉱物状に固まったもの。
{c05}（旧称：飛竜種の涙賕）",,1,,"Hard mineral tears from
ducts near a Wyvern's eyes.
{c05}(Was: Wyvern Tears III)"
"一説には消化液とも言われる
飛竜種の謎の液体。
{c05}（旧称：飛竜種の液貤）",,1,,"A liquid believed by some to
aid Wyverns' digestion.
{c05}(Was: Wyvern Fluid I)"
"一説には消化液とも言われる
飛竜種の謎の液体。
{c05}（旧称：飛竜種の液賖）",,1,,"A liquid believed by some to
aid Wyverns' digestion.
{c05}(Was: Wyvern Fluid II)"
"一説には消化液とも言われる
飛竜種の謎の液体。
{c05}（旧称：飛竜種の液賕）",,1,,"A liquid believed by some to
aid Wyverns' digestion.
{c05}(Was: Wyvern Fluid III)"
"つややかな魚竜種の鱗。逆撫
ですれば指が落ちるほど鋭利。
{c05}（旧称：魚竜種の鱗貤）",,1,,"A sharp, sleek Piscine
scale. Mind your fingers!
{c05}(Was: Piscine Scale I)"
"つややかな魚竜種の鱗。逆撫
ですれば指が落ちるほど鋭利。
{c05}（旧称：魚竜種の鱗賖）",,1,,"A sharp, sleek Piscine
scale. Mind your fingers!
{c05}(Was: Piscine Scale II)"
"つややかな魚竜種の鱗。逆撫
ですれば指が落ちるほど鋭利。
{c05}（旧称：魚竜種の鱗賕）",,1,,"A sharp, sleek Piscine
scale. Mind your fingers!
{c05}(Was: Piscine Scale III)"
"魚竜種の巨体を姿勢制御する、
力強くも美しいヒレ。
{c05}（旧称：魚竜種のヒレ貤）",,1,yes,"Strong, beautiful fin. The
key to a Piscine's posture.
{c05}(Was: Piscine Fin I)"
"魚竜種の巨体を姿勢制御する、
力強くも美しいヒレ。
{c05}（旧称：魚竜種のヒレ賖）",,1,yes,
"魚竜種の巨体を姿勢制御する、
力強くも美しいヒレ。
{c05}（旧称：魚竜種のヒレ賕）",,1,yes,
"驚異的な持久力を誇る魚竜種
の血液。
{c05}（旧称：魚竜種の血貤）",,1,,"The blood that gives the
Piscine its staying power.
{c05}(Was: Piscine Blood I)"
"驚異的な持久力を誇る魚竜種
の血液。
{c05}（旧称：魚竜種の血賖）",,1,,"The blood that gives the
Piscine its staying power.
{c05}(Was: Piscine Blood II)"
"驚異的な持久力を誇る魚竜種
の血液。
{c05}（旧称：魚竜種の血賕）",,1,,"The blood that gives the
Piscine its staying power.
{c05}(Was: Piscine Blood III)"
"顎内に隙間無く生えている
魚竜種の無数の牙のひとつ。
{c05}（旧称：魚竜種の牙貤）",,1,,"One of a Piscine's countless
densely packed teeth.
{c05}(Was: Piscine Fang I)"
"顎内に隙間無く生えている
魚竜種の無数の牙のひとつ。
{c05}（旧称：魚竜種の牙賖）",,1,,"One of a Piscine's countless
densely packed teeth.
{c05}(Was: Piscine Fang II)"
"顎内に隙間無く生えている
魚竜種の無数の牙のひとつ。
{c05}（旧称：魚竜種の牙賕）",,1,,"One of a Piscine's countless
densely packed teeth.
{c05}(Was: Piscine Fang III)"
"過酷な環境においても、呼吸
を行える強靭な魚竜種のエラ。
{c05}（旧称：魚竜種のエラ貤）",,1,yes,"Gills capable of breathing
in harsh environments.
{c05}(Was: Piscine Gills I)"
"過酷な環境においても、呼吸
を行える強靭な魚竜種のエラ。
{c05}（旧称：魚竜種のエラ賖）",,1,yes,"Gills capable of breathing
in harsh environments.
{c05}(Was: Piscine Gills II)"
"過酷な環境においても、呼吸
を行える強靭な魚竜種のエラ。
{c05}（旧称：魚竜種のエラ賕）",,1,yes,"Gills capable of breathing
in harsh environments.
{c05}(Was: Piscine Gills III)"
"軽量ながら、適度な強度を持
つ鳥竜種の殻。
{c05}（旧称：鳥竜種の殻貤）",,1,,"A lightweight shell that
boasts plenty of strength.
{c05}(Was: Bird Wyvern Shell I)"
"軽量ながら、適度な強度を持
つ鳥竜種の殻。
{c05}（旧称：鳥竜種の殻賖）",,1,,"A lightweight shell that
boasts plenty of strength.
{c05}(Was: Bird Wyvern Shell II)"
"軽量ながら、適度な強度を持
つ鳥竜種の殻。
{c05}（旧称：鳥竜種の殻賕）",,1,,"A lightweight shell that
boasts plenty of strength.
{c05}(Was: Bird Wyvern Shell III)"
"程よい保湿性と柔軟性を持つ
鳥竜種の皮。
{c05}（旧称：鳥竜種の皮貤）",,1,,"The soft, moist hide of a
Bird Wyvern.
{c05}(Was: Bird Wyvern Hide I)"
"程よい保湿性と柔軟性を持つ
鳥竜種の皮。
{c05}（旧称：鳥竜種の皮賖）",,1,,"The soft, moist hide of a
Bird Wyvern.
{c05}(Was: Bird Wyvern Hide II)"
"程よい保湿性と柔軟性を持つ
鳥竜種の皮。
{c05}（旧称：鳥竜種の皮賕）",,1,,"The soft, moist hide of a
Bird Wyvern.
{c05}(Was: Bird Wyvern Hide III)"
"色合い鮮やかな鳥竜種の鱗。
特に装飾用途に重宝される。
{c05}（旧称：鳥竜種の鱗貤）",,1,,"A brightly hued scale often
used to make decorations.
{c05}(Was: Bird Wyvern Scale I)"
"色合い鮮やかな鳥竜種の鱗。
特に装飾用途に重宝される。
{c05}（旧称：鳥竜種の鱗賖）",,1,,"A brightly hued scale often
used to make decorations.
{c05}(Was: Bird Wyvern Scale II)"
"色合い鮮やかな鳥竜種の鱗。
特に装飾用途に重宝される。
{c05}（旧称：鳥竜種の鱗賕）",,1,,"A brightly hued scale often
used to make decorations.
{c05}(Was: Bird Wyvern Scale III)"
"強大ではないものの、殺傷力
は十分な鳥竜種の牙。
{c05}（旧称：鳥竜種の牙貤）",,1,,"Not the biggest of Wyvern
fangs, but still lethal.
{c05}(Was: Bird Wyvern Fang I)"
"強大ではないものの、殺傷力
は十分な鳥竜種の牙。
{c05}（旧称：鳥竜種の牙賖）",,1,,"Not the biggest of Wyvern
fangs, but still lethal.
{c05}(Was: Bird Wyvern Fang II)"
"強大ではないものの、殺傷力
は十分な鳥竜種の牙。
{c05}（旧称：鳥竜種の牙賕）",,1,,"Not the biggest of Wyvern
fangs, but still lethal.
{c05}(Was: Bird Wyvern Fang III)"
"持ち前のスピードと共に獲物
を引き裂く、鳥竜種の鋭い爪。
{c05}（旧称：鳥竜種の爪貤）",,1,yes,"A sharp claw used to slash
at prey with deadly speed.
{c05}(Was: Bird Wyvern Claw I)"
"持ち前のスピードと共に獲物
を引き裂く、鳥竜種の鋭い爪。
{c05}（旧称：鳥竜種の爪賖）",,1,yes,"A sharp claw used to slash
at prey with deadly speed.
{c05}(Was: Bird Wyvern Claw II)"
"持ち前のスピードと共に獲物
を引き裂く、鳥竜種の鋭い爪。
{c05}（旧称：鳥竜種の爪賕）",,1,yes,"A sharp claw used to slash
at prey with deadly speed.
{c05}(Was: Bird Wyvern Claw III)"
"比較的細く軽いが、粘りがあ
って折れにくい鳥竜種の骨。
{c05}（旧称：鳥竜種の骨貤）",,1,,"Relatively light, but sticky
and difficult to break.
{c05}(Was: Bird Wyvern Bone I)"
"比較的細く軽いが、粘りがあ
って折れにくい鳥竜種の骨。
{c05}（旧称：鳥竜種の骨賖）",,1,,"Relatively light, but sticky
and difficult to break.
{c05}(Was: Bird Wyvern Bone II)"
"比較的細く軽いが、粘りがあ
って折れにくい鳥竜種の骨。
{c05}（旧称：鳥竜種の骨賕）",,1,,"Relatively light, but sticky
and difficult to break.
{c05}(Was: Bird Wyvern Bone III)"
"鳥竜種が、消化補助のために
飲み込み、体内で変質した石。
{c05}（旧称：鳥竜種の石貤）",,1,,"Eaten to aid digestion, this
gem has since mutated.
{c05}(Was: Bird Wyvern Gem I)"
"鳥竜種が、消化補助のために
飲み込み、体内で変質した石。
{c05}（旧称：鳥竜種の石賖）",,1,,"Eaten to aid digestion, this
gem has since mutated.
{c05}(Was: Bird Wyvern Gem II)"
"鳥竜種が、消化補助のために
飲み込み、体内で変質した石。
{c05}（旧称：鳥竜種の石賕）",,1,,"Eaten to aid digestion, this
gem has since mutated.
{c05}(Was: Bird Wyvern Gem III)"
"大変特徴的な形をした鳥竜種
のクチバシ。
{c05}（旧称：鳥竜種の嘴貤）",,1,yes,"Nothing says ""Bird Wyvern""
like its unique beak.
{c05}(Was: Bird Wyvern Beak I)"
"大変特徴的な形をした鳥竜種
のクチバシ。
{c05}（旧称：鳥竜種の嘴賖）",,1,yes,"Nothing says ""Bird Wyvern""
like its unique beak.
{c05}(Was: Bird Wyvern Beak II)"
"大変特徴的な形をした鳥竜種
のクチバシ。
{c05}（旧称：鳥竜種の嘴賕）",,1,yes,"Nothing says ""Bird Wyvern""
like its unique beak.
{c05}(Was: Bird Wyvern Beak III)"
"モンスターの中では、比較的
柔らかな鳥竜種の毛。
{c05}（旧称：鳥竜種の毛貤）",,1,yes,"One of the softest pelts in
the monster kingdom.
{c05}(Was: Bird Wyvern Pelt I)"
"モンスターの中では、比較的
柔らかな鳥竜種の毛。
{c05}（旧称：鳥竜種の毛賖）",,1,yes,"One of the softest pelts in
the monster kingdom.
{c05}(Was: Bird Wyvern Pelt II)"
"モンスターの中では、比較的
柔らかな鳥竜種の毛。
{c05}（旧称：鳥竜種の毛賕）",,1,yes,"One of the softest pelts in
the monster kingdom.
{c05}(Was: Bird Wyvern Pelt III)"
"俊敏な動きのバランスを担う
鳥竜種の尾。
{c05}（旧称：鳥竜種の尾貤）",,1,yes,"Its rapid movement keeps
the Bird Wyvern balanced.
{c05}(Was: Bird Wyvern Tail I)"
"俊敏な動きのバランスを担う
鳥竜種の尾。
{c05}（旧称：鳥竜種の尾賖）",,1,yes,"Its rapid movement keeps
the Bird Wyvern balanced.
{c05}(Was: Bird Wyvern Tail II)"
"俊敏な動きのバランスを担う
鳥竜種の尾。
{c05}（旧称：鳥竜種の尾賕）",,1,yes,"Its rapid movement keeps
the Bird Wyvern balanced.
{c05}(Was: Bird Wyvern Tail III)"
"どこかユーモラスで親しみを
感じる鳥竜種の頭。
{c05}（旧称：鳥竜種の頭貤）",,1,yes,"There's something almost
lovable about this skull.
{c05}(Was: Bird Wyvern Head I)"
"どこかユーモラスで親しみを
感じる鳥竜種の頭。
{c05}（旧称：鳥竜種の頭賖）",,1,yes,"There's something almost
lovable about this skull.
{c05}(Was: Bird Wyvern Head II)"
"どこかユーモラスで親しみを
感じる鳥竜種の頭。
{c05}（旧称：鳥竜種の頭賕）",,1,yes,"There's something almost
lovable about this skull.
{c05}(Was: Bird Wyvern Head III)"
"モンスターの体内で、電気の
発生と蓄電を担う器官。
取り扱い注意！",,1,yes,"A monster's internal ogran
charged with electricity &
the rumbling of thunder."
"モンスターの体内で、発火物
質の生成を担う器官。
取り扱い注意！",,1,yes,"A monster's internal organ
filled with an explosive
powder. Watch out!"
"モンスターの体内に存在する
水を貯めておく器官。
取り扱い注意！",,1,yes,"Organ that stores the water
inside a monster's body.
Handle with care!"
"モンスターの体内で、氷核物
質の生成を担う器官。
取り扱い注意！",,1,yes,"Monster organ that produces
a substance with an icy
nucleus. Handle with care!"
"モンスターの体内で、誘眠物
質の生成を担う器官。
取り扱い注意！",,1,yes,"A monster's internal organ
filled with a powder that
can induce a coma."
"モンスターの体内で、有毒物
質の生成を担う器官。
取り扱い注意！",,1,yes,"A monster's internal organ
filled with a most lethal toxin.
Use extreme care."
"モンスターの体内で、麻痺毒
の生成を担う器官。
取り扱い注意！",,1,yes,"Monster organ that produces
a paralyzing substance.
Handle with care!"
"透明感のある動物性の油脂。
材質を変化させる効能も…？
{c05}（旧称：モンスターの油貤）",,1,yes,"Translucent fat. Could it be
used to transform materials?
{c05}(Was: Monster Grease I)"
"透明感のある動物性の油脂。
材質を変化させる効能も…？
{c05}（旧称：モンスターの油賖）",,1,yes,"Translucent fat. Could it be
used to transform materials?
{c05}(Was: Monster Grease II)"
"透明感のある動物性の油脂。
材質を変化させる効能も…？
{c05}（旧称：モンスターの油賕）",,1,yes,"Translucent fat. Could it be
used to transform materials?
{c05}(Was: Monster Grease III)"
"モンスターを捕獲したことに
対するギルド発行の証明書。
集めておくといいかも…？",,1,yes,"Issued by the Guild for
capturing a monster.
Try collecting them!"
"モンスターの部位破壊に対する
ギルド発行の証明書。
集めておくといいかも…？",,1,yes,"Issued by the Guild for
destroying monster parts.
Try collecting them!"
"各鎧玉の原材料となる品物。
砕けた玉の一部というよりも
金属片という趣が強い。",,1,,"Base material for Armor
Spheres. Looks just like
a piece of shrapnel."
"玉のかけらから精製される防具
強化素材。超鎧玉や極鎧玉とは
性質が異なる。",,1,,"Strengthening material. Each
type of Armor Sphere differs
in terms of quality."
"玉のかけらから精製される防具
強化素材。大鎧玉や極鎧玉とは
性質が異なる。",,1,,"Strengthening material. Each
type of Armor Sphere differs
in terms of quality."
"玉のかけらから精製される防具
強化素材。大鎧玉や超鎧玉とは
性質が異なる。",,1,,"Strengthening material. Each
type of Armor Sphere differs
in terms of quality."
"材料に混ぜることで、素材に
赤色を定着させられる草。
かなりレア。",,1,yes,"Gives materials a red color
when mixed with other
ingredients. Quite rare."
"材料に混ぜることで、素材に
青色を定着させられる草。
かなりレア。",,1,yes,"Gives materials a blue color
when mixed with other
ingredients. Quite rare."
"材料に混ぜることで、素材に
黄色を定着させられる草。
そこそこレア。",,1,yes,"Gives materials a yellow
color when mixed with other
ingredients. Quite rare."
"材料に混ぜることで、素材に
緑色を定着させられる草。
そこそこレア。",,1,yes,"Gives materials a green
color when mixed with other
ingredients. Quite rare."
"材料に混ぜることで、素材に
紫色を定着させられる草。
そこそこレア。",,1,yes,"Gives materials a violet
color when mixed with other
ingredients. Quite rare."
"材料に混ぜることで、素材に
黒色を定着させられる草。
かなりレア。",,1,yes,"Gives materials a black
color when mixed with other
ingredients. Quite rare."
"材料に混ぜることで、素材に
白色を定着させられる草。
かなりレア。",,1,yes,"Gives materials a white
color when mixed with other
ingredients. Quite rare."
"ニャカ壺を使うことで、任意の
センショク草を手に入れられる
夢の草。かなりレア。",,1,yes,"Can be turned into a stain
herb of any color using a
Meowka Pot. Quite Rare."
"水晶ランスの生産方法が記され
た紙。ドンドルマの工房に持っ
て行こう！",,1,yes,"Instructions for making a
Crystal Lance. Take them
to the Smithy in Dondruma!"
"プロミスヘッドの生産方法が記
された紙。ドンドルマの工房で
好きな色を選んで生産しよう！",,1,yes,"Instructions for making
Vow Headgear. Take them
to the Smithy in Dondruma!"
"プロミスメイルの生産方法が
記された紙。ドンドルマの工
房に持って行こう！",,1,yes,"Instructions for making
Vow Mail. Take them to
the Smithy in Dondruma!"
"プロミスアームの生産方法が
記された紙。ドンドルマの工
房に持って行こう！",,1,yes,"Instructions for making
Vow Gloves. Take them
to the Smithy in Dondruma!"
"プロミスコートの生産方法が
記された紙。ドンドルマの工
房に持って行こう！",,1,yes,"Instructions for making a
Vow Coat. Take them to
the Smithy in Dondruma!"
"プロミスブーツの生産方法が
記された紙。ドンドルマの工
房に持って行こう！",,1,yes,"Instructions for making
Vow Boots. Take them to
the Smithy in Dondruma!"
"火竜家具の生産方法が記された
紙。メゼポルタの総合ショッ
プに持って行こう！",,1,yes,"Instructions for making Fire
Dragon Furniture. Take them
to the Furniture Shop!"
"ギルド公認の彫金士によって
精密な細工が施されたギルド
エンブレム。渾身の一品。",,1,yes,"A powerful emblem expertly
crafted by the Guild's
official engraver."
"報酬が少ないと判断された時
ギルドから発行される小切手。
売却換金以外の用途はない。",,1,yes,"Check given by the Guild if
a reward is deemed low. Can
only be converted into cash."
"攻撃を受けた際、稀に体力を
回復してくれる。
確率で壊れる。",,1,,"Occasionally restores Health
when you are attacked.
Breaks quite easily."
"攻撃を受けた際、稀に
ダメージを軽減してくれる。
確率で壊れる。",,1,yes,"Occasionally reduces damage
received when attacked.
Breaks quite easily."
"攻撃を受けた際、稀にスタミナ
を回復し、上限を微量に上昇
させてくれる。確率で壊れる。",,1,yes,"Sometimes restores Stamina
when you are attacked.
Breaks quite easily."
"試験的に作られた、ペイント
ボールの要素を持つ、投げて
使うタイプの小タル爆弾。",,1,yes,"An experimental hand-thrown
bomb that has the same
properties as a Paintball."
"試験的に作られた、睡眠属性
を持つ、投げて使うタイプの
小タル爆弾。",,1,yes,"An experimental hand-thrown
bomb that has sleep-inducing
properties."
"既存のブーメランを改良して、
より大きく、強力にしたもの。
投げると戻ってくる。",,1,yes,"A bigger, stronger version
of the regular Boomerang.
Returns after being thrown."
"口にすることで、体力を中量
回復し、一定時間皮膚を硬質
化させる。",,1,,"Restores a medium amount of
Health and temporarily
toughens the skin."
"口にすることで、体力の上限
を最大まで上昇し、完全回復
し、一定時間硬質化させる。",,1,,"Fully restores Health to its
maximum level and toughens
the skin temporarily."
"一定時間、他者の攻撃による
怯みや吹っ飛びに耐える。
大闘技会では使用不可。",,1,,"Temporarily stops you
flinching when attacked.
Banned in the Great Arena."
"従来の石ころよりも大きめな
石ころ。
よって威力も大きめ。",,1,,"Bigger than a regular stone,
and consequently more
powerful."
"一定時間、暑さと寒さを同時
に緩和する飲料。",,1,,
"試験的に作られた、雷属性を
持つ、投げて使う小タル爆弾。",,1,yes,
"試験的に作られた、氷属性を
持つ、投げて使う小タル爆弾。",,1,yes,
"大タルの中に、雷属性の攻撃
成分をたっぷりと詰め込んだ
爆弾。",,1,yes,"A large barrel-bomb packed
with ingredients for a
thunder-based attack."
"大タルの中に、毒属性の攻撃
成分をたっぷりと詰め込んだ
爆弾。",,1,yes,"A large barrel-bomb packed
with ingredients for a
poison-based attack."
"大タルの中に、氷属性の攻撃
成分をたっぷりと詰め込んだ
爆弾。",,1,yes,"A large barrel-bomb packed
with ingredients for an
ice-based attack."
"大タルの中に睡眠属性の攻撃
成分をたっぷりと詰め込んだ
爆弾。",,1,yes,"A large barrel-bomb packed
with ingredients for a
sleep-inducing attack."
"大タルの中に麻痺属性の攻撃
成分をたっぷりと詰め込んだ
爆弾。",,1,yes,"A large barrel-bomb packed
with ingredients for a
paralyzing attack."
"試験的に作られた小タル爆弾。
地面を這うように発射される。",,1,yes,
"稀に発掘される砥石で、従来
の砥石に比べて、斬れ味の回
復量が優れている。",,1,,"A rare Whetstone with
superior sharpness-restoring
properties."
"特別な鉱石を用いた砥石。
従来より素早く砥げる代わり
砥ぎ効果は低い。",,1,,"A Whetstone made from
a special mineral. Sharpens
quickly, but not too well."
"所持しているだけで自動的に
聴覚保護を行う耳栓。効果が
発動すると壊れてしまう。",,1,,"Carrying these will protect
your ears automatically, but
they will degrade over time."
"所持しているだけで自動的に
聴覚保護を行う高級な耳栓。
発動すると壊れてしまう。",,1,,"Carrying these will protect
your ears automatically, but
they will degrade over time."
"落とし穴にタル爆弾を仕込ん
だ罠。負荷がかかると発動す
る仕組みになっている。",,1,yes,"A trap that places a bomb at
the bottom of a hole. The
bomb explodes upon contact."
"使用者と、周囲の者の寒さが
一定時間緩和される不思議な
成分を持つ粉。",,1,,"Powder that temporarily
relieves cold for the user
and those nearby."
"使用者と、周囲の者の暑さが
一定時間緩和される不思議な
成分を持つ粉。",,1,,"Powder that temporarily
relieves heat for the user
and those nearby."
"使用者と、周囲の者の毒状態
を回復する、不思議な成分を
持つ粉。",,1,,"A strange powder that cures
the effects of poison for
the user and those nearby."
"使用者の周囲で、睡眠状態に
陥っている者を目覚めさせる
不思議な成分を持つ粉。",,1,,"Strange powder that wakes up
the user and those nearby if
they've been put to sleep."
"使用者の周囲で、麻痺状態に
陥っている者の、麻痺を解く
不思議な成分を持つ粉。",,1,,"Strange powder that cures
the user and those nearby
of paralysis."
"爆雷針を改良した強化版。
威力は向上しているが晴れて
いる日には、やはり使用不可。",,1,,"An improved Lightning Rod.
More powerful, but cannot
be used on sunny days."
"必ず毒状態を回復し、同時に
体力も中量回復する薬。",,1,,
"支給品専用の投げタル爆弾。
性能は全く同じ。
{c05}（支給品専用）",,1,yes,"Hand-thrown barrel bomb that
has the same effects as
usual. {c05}(Supply Item)"
"支給品専用の大タル爆弾Ｇ２。
性能は全く同じ。
{c05}（支給品専用）",,1,yes,"A large barrel bomb that has
the same effects as usual.
{c05}(Supply Item)"
"珍しい鉱石で作られた、
表面に「Ｎ」と刻まれている
赤色のメダル。",,1,yes,"Red Medal made of a rare
ore with ""N"" iscribed on its surface."
"珍しい鉱石で作られた、
表面に「Ｎ」と刻まれている
青色のメダル。",,1,yes,"Blue Medal made of a rare
ore with ""N"" iscribed on its surface."
"珍しい鉱石で作られた、
表面に「Ｎ」と刻まれている
紫色のメダル。",,1,yes,"Purple Medal made of a rare
ore with ""N"" iscribed on its surface."
"空から降ってきたと言われる
光の反射が著しく弱い石。
かろうじて黒い色に見える。",,1,,"A remarkably fragile stone
said to have fallen from the
sky. Faintly black in color."
"狩人祭の参加者に送られる証。
祭をとおして狩りの腕に磨き
をかけた者たちへの褒賞品。",,1,,"A prize awarded to Hunters
who've improved their skills
by taking part in festivals."
"古代への強い憧憬を持つ民が
多い、ある異国の書物。
古代の文明への賛美の歌集。",,1,,"A book from a nation with a
deep longing for the past.
Contains some old hymns."
"友と新天地に生きる狩人へ、
特別に贈られる証。武具工房
で限定品と引き換えられる。",,1,,"Awarded to Hunters who've
survived the new lands. Can
be swapped for equipment."
"モンスターの卵のかけら。
割れてしまったので
せめて殻だけでも・・・。",,1,yes,"A monster egg shell
fragment. Broken, but could
still come in handy..."
"アツく燃える狩人の座右の銘。
狩人にとって最も大切なもの
を思い出させてくれる。",,1,yes,"Inscribed with a passionate
Hunter's motto. Reminds
Hunters what's important."
"１回の食事分と同じだけの栄養
を兼ね備えた食品。他のアイテ
ムと調合することで完成する。",,1,yes,"Contains as many nutrients
as a cooked meal. Used by
combining with other items."
"体力に特化した栄養バランス
で作られた飲料。食事１回分
と同じに扱われる。",,1,yes,"A drink designed to boost
your Health. As nutritious
as a cooked meal."
"スタミナに特化した栄養バラ
ンスで作られた飲料。食事
１回分と同じに扱われる。",,1,yes,"A drink designed to boost
your Stamina. As nutritious
as a cooked meal."
"攻撃力に特化した栄養バラン
スで作られた飲料。食事１回
分と同じに扱われる。",,1,yes,"A drink designed to boost
your Attack Power. As
nutritious as a cooked meal."
"防御力に特化した栄養バラン
スで作られた飲料。食事１回
分と同じに扱われる。",,1,yes,"A drink designed to boost
your Defense. As nutritious
as a cooked meal."
"狩人祭の参加者に送られる思
い出。祭で狩りの腕に磨きを
かけた者たちへの褒賞品。",,1,,"A souvenir given to Hunters
who improve their skills by
taking part in a festival."
"新人猟団にて、公式狩猟試験
を見事達成し、卒業した者
だけが手にできる証明書。",,1,,"A certificate for those who
pass the Rookie Den Hunting
Test with flying colors."
"エクエスエッジの生産方法が記
された紙。ドンドルマの工房に
持って行こう！",,1,yes,"Instructions for making an
Wizard Edge. Take them
to the Smithy in Dondruma!"
"星祭シリーズの生産方法が記さ
れた紙。ドンドルマの工房で好
きな色を選んで生産しよう！",,1,yes,"Instructions for making Star
Festival series equipment.
Take them to the Smithy!"
"七夕シリーズの生産方法が記さ
れた紙。ドンドルマの工房で好
きな色を選んで生産しよう！",,1,yes,"Instructions for making
Stellar Festa series gear.
Take them to the Smithy!"
"ノワールヘッドの生産方法が記
された紙。ドンドルマの工房に
持って行こう！",,1,yes,"Instructions for making
a Noir Head. Take them
to the Smithy in Dondruma!"
"斬れ味の回復こそしないが、
使えば竜撃砲がスグ撃てる。
{c05}（ガンランス装備中限定）",,1,yes,"Enables quick reuse of
Wyvern's Fire. {c05}(Only when
equipped with a Gunlance.)"
"瞬時にして自分以外の誰かの
元へ移動できる不思議な玉。
使い方は無限大。",,1,,"A Farcaster-like device.
You can travel to
another hunter."
"飲んだ直後、短時間ではある
が飛躍的に火耐性能力が高ま
る飲料。",,1,,"Greatly increases resistance
to fire for a short time
after drinking."
"飲んだ直後、短時間ではある
が飛躍的に水耐性能力が高ま
る飲料。",,1,,"Greatly increases resistance
to water for a short time
after drinking."
"飲んだ直後、短時間ではある
が飛躍的に氷耐性能力が高ま
る飲料。",,1,,"Greatly increases resistance
to ice for a short time
after drinking."
"飲んだ直後、短時間ではある
が飛躍的に雷耐性能力が高ま
る飲料。",,1,,"Greatly increases resistance
to thunder for a short time
after drinking."
"飲んだ直後、短時間ではある
が飛躍的に龍耐性能力が高ま
る飲料。",,1,,"Greatly increases resistance
to dragons for a short time
after drinking."
"一度だけ毒状態を回避して
くれる不思議な力の宿る札。
回避後は必ず壊れる。",,1,,"Strange note that cures you
from poison. Self-destructs
after use."
"一度だけ睡眠状態を回避して
くれる不思議な力の宿る札。
回避後は必ず壊れる。",,1,,"Strange note that rouses you
from sleep. Self-destructs
after use."
"一度だけ麻痺状態を回避して
くれる不思議な力の宿る札。
回避後は必ず壊れる。",,1,,"Strange note that cures you
of paralysis. Self-destructs
after use."
"瀕死時以外、一度だけ即死級
の攻撃も生き残れる。
{c02}※「不退ノ構」発動時は無効。",,1,,"Unless you're very close to
death, this lets you survive
an otherwise lethal attack."
"究極の不味さを売りにした
飲料。どんなに元気でも、
飲めばたちまち瀕死状態。",,1,,"A truly disgusting drink.
Will put even healthy people
on the brink of death."
"疲労増大を売りにした飲料。
飲めばスタミナが激減する
ほど、疲れが押し寄せる。",,1,yes,"A drink that drains energy.
Greatly reduces Stamina
when consumed."
"様々な消費系アイテムが
つまっているポーチ。
何が出るかはお楽しみ。",,1,yes,"A pouch full of consumable
items. Who knows what
you'll pull out!"
"一時離脱中のラスタハンター
に、復帰を催促できる笛。
確率で壊れる。",,1,yes,"A horn that calls Mercs
back to their employers.
Breaks easily."
"吹くことで、ラスタハンター
が契約者の近くにしばらく
居続ける。確率で壊れる。",,1,yes,"Employers blow this horn to
order Mercs to stay by their
side. Breaks easily."
"薬草しか持ってこなくなった
状態で吹くと、プーギーが気
を使う。確率で壊れる。",,1,yes,"Blow to make your Poogie
bring only herbs when out
in the field."
"瞬時に己の気力を高め、練気
ゲージを最大にする飲料。
{c05}（太刀装備中限定）",,1,yes,"A brew for LS users.
The spirit gauge will
max out."
"活力剤の強化版。
自然回復力が、より一層
高まった薬。",,1,,"Enhanced version of Immunizer.
A drug with even higher
natural resilience."
"キャラバンの民でも、なかな
か実物を見ることのできない
貴重な石。",,1,yes,"A precious stone that even
the people of the Caravan
cannot easily see it."
"キャラバンの民でも、なかな
か実物を見ることのできない
貴重な玉。",,1,yes,"A precious jewel that even
the people of the Caravan
cannot easily see it."
"キャラバンの民でも、なかな
か実物を見ることのできない
貴重な草。",,1,yes,"A precious herb that even
the people of the Caravan
cannot easily see it."
"一定時間、移動速度が向上す
る種。とても足がはやい。
{c05}（精算アイテム）",,1,yes,"A fruit that improves movement
speed for a certain period of time.
Very fast. {c05} (Premium Item)"
"マイトレに咲いた花から、
丁寧に成分を抽出したもの。
さまざまなものに使われる。",,1,yes,"Ingredient carefully extracted
from the flowers that bloomed in
My Tore. Used for various things."
"剛種武器の矢に装填すると
威力を固定の爆発ダメージ
に変えるビン。最大３０個。",,1,yes,"An arrow coating that adds
explosive properties to Goushu
Weapons. Capacity: 30"
"相手ハンターを瞬時にベース
キャンプに戻す不思議な玉。
{c05}（対戦用）",,1,yes,"A strange orb that instantly
returns an opponent to Base
Camp. {c05}(VS Quests Only)"
"地面に埋めて仕掛ける爆弾。
相手ハンターが踏むと爆発。
{c05}（対戦用）",,1,yes,"A bomb buried in the ground
to be set off by enemy
Hunters. {c05}(VS Quests Only)"
"ＶＳタル爆弾の強化版。
相手ハンターが踏むと大爆発。
{c05}（対戦用）",,1,yes,"Improved Barrel-Bomb [VS].
Set off by enemy Hunters.
{c05}(VS Quests Only)"
"相手ハンターの動きを止める
ことができる罠。
{c05}（対戦用）",,1,yes,"A trap designed to stop
enemy Hunters from moving.
{c05}(VS Quests Only)"
"相手ハンターが踏むと毒を仕
込んだ刃物が飛び出す罠。
{c05}（対戦用）",,1,yes,"A trap that shoots poisoned
blades when set off by enemy
Hunters. {c05}(VS Quests Only)"
"相手ハンターが踏むと睡眠効
果のある粉塵を撒き散らす罠。
{c05}（対戦用）",,1,yes,"A trap that emits a sleep-
inducing powder when set
off. {c05}(VS Quests Only)"
"相手ハンターの仕掛けた罠を
解除するための工具。
{c05}（対戦用）",,1,yes,"A tool for disarming traps
set by enemy Hunters.
{c05}(VS Quests Only)"
"特殊な衝撃が武器をナマクラに
してしまう罠。
{c05}（対戦用）",,1,yes,"A trap that uses a special
blast to blunt weapons.
{c05}(VS Quests Only)"
"相手ハンターが踏むと強烈な閃
光を発する罠。
{c05}（対戦用）",,1,yes,"A trap that emits a dazzling
flash of light when set off.
{c05}(VS Quests Only)"
"相手ハンターが踏むと強力な
異臭を発生する罠。
{c05}（対戦用）",,1,yes,"A trap that releases a
horrible stench when set
off. {c05}(VS Quests Only)"
"相手ハンターを瞬時にベース
キャンプに戻す不思議な玉。
{c05}（対戦用支給品）",,1,yes,"Instantly returns an enemy
to Base Camp.
{c05}(VS Quest Supply Item)"
"地面に埋めて仕掛ける爆弾。
相手ハンターが踏むと爆発。
{c05}（対戦用支給品）",,1,yes,"A bomb buried in the ground.
Set off by enemy Hunters.
{c05}(VS Quest Supply Item)"
"ＶＳタル爆弾の強化版。
相手ハンターが踏むと大爆発。
{c05}（対戦用支給品）",,1,yes,"Improved Barrel-Bomb [VS].
Set off by enemy Hunters.
{c05}(VS Quest Supply Item)"
"相手ハンターの動きを止める
ことができる罠。
{c05}（対戦用支給品）",,1,yes,"A trap designed to stop
enemy Hunters from moving.
{c05}(VS Quest Supply Item)"
"相手ハンターが踏むと毒を仕
込んだ刃物が飛び出す罠。
{c05}（対戦用支給品）",,1,yes,"A trap that shoots poisoned
blades when set off.
{c05}(VS Quest Supply Item)"
"相手ハンターが踏むと睡眠効
果のある粉塵を撒き散らす罠。
{c05}（対戦用支給品）",,1,yes,"A trap that emits a sleep-
inducing powder when set
off. {c05}(VS Quest Supply Item)"
"相手ハンターの仕掛けた罠を
解除するための工具。
{c05}（対戦用支給品）",,1,yes,"A tool for disarming traps
set by enemy Hunters.
{c05}(VS Quest Supply Item)"
"特殊な衝撃が武器をナマクラに
してしまう罠。
{c05}（対戦用支給品）",,1,yes,"A trap that uses a special
blast to blunt weapons.
{c05}(VS Quest Supply Item)"
"相手ハンターが踏むと強烈な閃
光を発する罠。
{c05}（対戦用支給品）",,1,yes,"A trap that emits a dazzling
flash of light when set off.
{c05}(VS Quest Supply Item)"
"相手ハンターが踏むと強力な
異臭を発生する罠。
{c05}（対戦用支給品）",,1,yes,"A trap that releases a
horrible stench when set
off. {c05}(VS Quest Supply Item)"
"とある行商人が依頼したクエ
ストをクリアした証。肉球の
コイン各色との交換が可能。",,1,yes,"Prize for clearing a certain
merchant's Quest. Can be
swapped for pawprint coins."
"ギルドから贈られるスタンプ。
いろいろな用途で、使用する
ことができる。",,1,yes,"A stamp given by the Guild.
Has a variety of uses."
"お互いの腕を磨き合う狩人達
のために作られたチケット。",,1,yes,
"古くから狩りの収穫が増すと
言い伝えられている御守り。
激運の願がかけられている。",,1,,"An old charm said to make
hunting more bountiful.
Contains a prayer for luck."
"ドラグレイピアの生産方法が
記された紙。
工房に持って行こう！",,1,yes,"Instructions for making a
Dragon Rapier.
Take them to the Smithy!"
"ウォータレイピアの生産方法
が記された紙。
工房に持って行こう！",,1,yes,"Instructions for making a
Water Rapier.
Take them to the Smithy!"
"ソリッドカービンの生産方法
が記された紙。
工房に持って行こう！",,1,yes,"Instructions for making
a Solid Carbine.
Take them to the Smithy!"
"ソリッドカービン・改の生産
方法が記された紙。
工房に持って行こう！",,1,yes,"Instructions for making
a Solid Carbine+.
Take them to the Smithy!"
"カラビーナ・マテリの生産方
法が記された紙。
工房に持って行こう！",,1,yes,"Instructions for making
a Material Carbine.
Take them to the Smithy!"
"リキッドカービンの生産方法
が記された紙。
工房に持って行こう！",,1,yes,"Instructions for making
a Liquid Carbine.
Take them to the Smithy!"
"リキッドカービン・改の生産
方法が記された紙。
工房に持って行こう！",,1,yes,"Instructions for making
a Liquid Carbine+.
Take them to the Smithy!"
"カラビーナ・エレメの生産方
法が記された紙。
工房に持って行こう！",,1,yes,"Instructions for making
an Elemental Carbine.
Take them to the Smithy!"
"ぱらちゃんガン貤の生産方法
が記された紙。
工房に持って行こう！",,1,yes,"Instructions for making a
Para-chan Gun I.
Take them to the Smithy!"
"ぱらちゃんガン賖の生産方法
が記された紙。
工房に持って行こう！",,1,yes,"Instructions for making a
Para-chan Gun II.
Take them to the Smithy!"
"ぱらちゃんガン賕の生産方法
が記された紙。
工房に持って行こう！",,1,yes,"Instructions for making a
Para-chan Gun III.
Take them to the Smithy!"
"狩猟生活を楽しむハンターへ
の感謝の証として贈られる。
工房で特別な品と引換え可能。",,1,yes,"Given to Hunters who enjoy
life. Swap for a special
item at the Smithy!"
"快適な狩猟生活を、満喫する
ハンターへの感謝の証。
工房で特別な品と引換え可能。",,1,yes,"Awarded to those who fully
enjoy a pleasant hunting
life. Swap at the Smithy!"
"ハンターとしての新たな門出
に感謝の証として贈られる。
工房で特別な品と引換え可能。",,1,yes,"Awarded to those who've
started a new life as a
Hunter. Swap at the Smithy!"
"駆け出しハンター用に配布さ
れている特別なチケット。工
房で防具を生産してもらおう。",,1,yes,"A special ticket given to
rookie Hunters. Used to make
some gear at the Smithy."
"あかねこ服の生産に必要な謎
めいた素材。異様な雰囲気を
まとって温暖期に出現する。",,1,,"Mysterious material found
in summer that is used to
make Red Felyne clothes."
"あかねこ服の生産に必要な謎
めいた素材。異様な雰囲気を
まとって寒冷期に出現する。",,1,,"Mysterious material found
in winter that is used to
make Red Felyne clothes."
"あかねこ服の生産に必要な謎
めいた素材。異様な雰囲気を
まとって繁殖期に出現する。",,1,,"Mysterious material found
in spring that is used to
make Red Felyne clothes."
"清らかな雰囲気に包まれたコ
イン。武具工房に持っていけ
ば、特定の武具を強化可能。",,1,yes,"A coin surrounded by an air
of purity. Used to improve
certain equipment."
"勝者の証ともいうべきコイン。
このコインを多く持つ者は、
強者たる自覚を持つべし。",,1,yes,"Awarded to winners. Those
who have lots of these know
they're tougher than most."
"ギルドに、大きな貢献をした
釣師に送られる証。
ある武器の生産に必要。",,1,yes,"Given to anglers who've
contributed to the Guild.
Needed for a certain weapon."
"ベルキュロスが落とした棘の
一部。帯電が続いているため
触るとピリピリする。",,1,yes,"A Berukyurosu spike.
Electrified, and tingly to
the touch."
"良質な塩分の結晶。価格安定
のため、一括買い上げされる。
{c05}（精算アイテム）",,1,yes,"High-grade salt crystals.
Always in demand.
{c05}(Account Item)"
"混入するものによって、緑の
色合いを持つこともある鉱石。
硬度と美しさを併せ持つ。",,1,,"A mixed green ore that
combines beauty and
hardness."
"渦巻き状の紋様が太古の息吹
を感じさせる鉱石。
傷は付いても、割れにくい。",,1,,"An ancient-looking ore with
a whirlpool-like pattern.
Very hard to break."
"大落雷が生み出す管状の鉱物。
雷の力が宿る縁起ものとして
扱われる超稀少石。",,1,,"Tubular mineral that fires
thunderbolts. Very rare and
considered a lucky charm."
"強風が吹き続ける場所でのみ
採れる、紋様の美しい鉱物。
経年劣化に強い性質を持つ。",,1,,"Patterned mineral only found
in windy regions. Does not
deteriorate much over time."
"「峡谷に沈む夕日」と呼ばれ
るほどの、見事な緋色の鉱石。
ほのかな温みが残り続ける。",,1,,"Called ""Canyon Sunset"" for
its scarlet color. A mineral
that retains a faint heat."
"薄く明滅する不思議な鉱石。
武具素材として使えば、装備
者の力を最大限まで引き出す。",,1,,"Strange flickering ore.
Makes equipment that
greatly empowers the user."
"生態に謎の多い水棲生物。
食欲旺盛で共食いも頻発する。
スタミナ満点…らしい。",,1,yes,"Mysterious creatures said to
be voracious cannibals.
Full of Stamina, they say..."
"陸上の乾いた環境に対応して、
生き延びた美しいサンゴ。
装飾素材として用いられる。",,1,yes,"A coral that's adapted to
life on dry land. Used as a
decoration."
"鳥は好み竜は嫌う不思議な実。
投げると爆発し、特殊な音を
発する。{c05}（精算アイテム）",,1,yes,"Loved by birds and hated by
dragons, this fruit explodes
when thrown. {c05}(Account Item)"
"ギルドに狩人としての技量を
認められた際に配布される証。
ギルド貢献Ｐと交換可能。",,1,yes,"Acknowledgment of one's
skills by the Guild. Used
to initiate Tough Quests."
"通電、および帯電性に優れた
黒緑色の甲殻。
うかつに扱えば感電する。",,1,,"Black-green shell that's a
great electrical conductor.
Watch out for shocks!"
"帯電による赤熱に耐性の高い
赤みがかった鱗。
堅く薄く軽い。",,1,,"Reddish shell with high
resistance to heat. Hard,
but also thin and light."
"空中での行動が多い舞雷竜の
運動性の要となる主尾。
柔軟かつ強靭。",,1,,"The Berukyurosu' tail is the
key to its movement in the
air. Strong and supple."
"舞雷竜の代表的な特徴たる、
長い鉤爪。独自の形をした
翼爪と考えられている。",,1,,"The distinctive long talon
of a Berukyurosu, with a
unique wing-like shape."
"生体電流の制御を司る機能を
備えていると見られる角。
直接の攻撃には用いられない。",,1,,"Controls the currents in the
Berukyurosu's body.
Not used to attack directly."
"舞うような優雅さをたたえる
舞雷竜の翼。モンスター素材
としては、驚くほどの軽さ。",,1,yes,"An elegant Berukyurosu wing.
Surprisingly hard for a
monster material."
"成分に大量のミネラルを含む
舞雷竜の体液。腐食性が高く
触れれば肌を焼く。",,1,yes,"Berukyurosu bodily fluid
packed with minerals. Very
acidic--do not touch!"
"帯電に耐え、圧倒的な運動量
を支える血液を生む舞雷竜の
骨髄。他の飛竜に比べ高濃度。",,1,,"Denser than usual, and the
key to the Berukyurosu's
unique blood."
"舞雷竜自身の電撃から、重要
器官を保護する高濃度の脂肪。
高温でも溶けず、加工が容易。",,1,,"Dense fat that protects the
Berukyurosu's organs from its
own electrical attacks."
"怒りに赤く染まる、舞雷竜の
たてがみ。鱗と同様、帯電に
よる赤熱に耐性が高い。",,1,,"A Berukyurosu mane, reddened
with rage. Very resistant
to heat."
"生涯最初の放電以降、帯電し
続ける舞雷竜の特殊な鱗。
一頭に数枚しか存在しない。",,1,,"This scale has held a charge
ever since the Berukyurosu
began producing electricity."
"代謝等で廃棄された絶縁脂が、
血管内で結晶化した玉。
匂いたつような紫色が特徴的。",,1,,"Formed from discarded
insulating material. Has a
unique purple color."
"誰が作っても失敗しない、極
上料理のレシピが書いてある。
マイトレ管理人に渡そう。",,1,yes,"A foolproof recipe for a
gourmet meal. Give it to
your Hunter Haven caretaker."
"冒険屋で働く店番アイルーに
渡せば、どんな出発になって
も必ず成果を上げて来る。",,1,yes,"Give it to the Felyne at the
Explorer's Hut to make any
trip more successful."
"マイトレの買い物１回に限り、
支払いが２０％ＯＦＦになる
とてもお得な券。",,1,yes,"A one-use coupon that gives
you 20% off your Hunter
Haven purchases."
"管理ネコに渡せば、店番アイ
ルー１匹のパラメータ数値を
シャッフルすることができる。",,1,yes,"Give it to the HR Felyne
to shuffle one Store
Felyne's parameters."
"攻撃を受けた際、稀に体力を
回復してくれる。
確率で壊れる。心の強化版。",,1,,"Can restore Health when you
are attacked. Breaks easily.
An improved Maiden's Heart."
"攻撃を受けた際、稀に
ダメージを軽減してくれる。
確率で壊れる。心の強化版。",,1,yes,"Can reduce damage when you
are attacked. Breaks easily.
An improved Maiden's Heart."
"攻撃を受けると稀にスタミナ
を回復し、上限を微量に上昇。
確率で壊れる。心の強化版。",,1,yes,"Can restore Stamina when you
are attacked. Breaks easily.
An improved Maiden's Heart."
"３種の乙女の願いを１つの
形にまとめた最強版。
だがやはり、確率で壊れる。",,1,,"The prayers of three maidens
in one supreme item. Still
breaks easily, though."
"砥石効果に一定時間、会心率
が上がる効果が付加。",,1,,
"飲むと一定時間、照準がズレ
なくなる。ガンナー用。",,1,yes,
"一定時間、移動速度が向上す
る実。",,1,,
"ユーザー同士のイベントでの
賞品として支給されている。
その価値はプライスレス。",,1,yes,"Awarded as a prize for
events that require Hunter
collaboration. Priceless."
"メゼポルタ広場で作られた
美味しいケーキ。仲間に、
プレゼントする風習がある。",,1,yes,"A tasty cake baked in
Mezeporta Square. An ideal
gift for a friend!"
"新年をお祝いしてメゼポルタ
広場で作られた食べ物。
友達に贈ってみよう！",,1,yes,"A cake baked in Mezeporta
Square to celebrate the new
year. Give one to a friend!"
"特殊な製法で織られた濃い紅
色の布。ウナペルチケットと
一緒に工房へ持っていこう。",,1,yes,"Red cloth with a special
weave. Take it to the Smithy
with a Tenderfoot Ticket."
"特殊な製法で織られた濃い灰
色の布。ウナペルチケットと
一緒に工房へ持っていこう。",,1,yes,"Ash cloth with a special
weave. Take it to the Smithy
with a Tenderfoot Ticket."
"感謝の気持ちが結晶化してで
きたと伝えられる紅い石。女
性から男性に贈ると喜ばれる。",,1,,"A red lump of crystallized
gratitude. Men love getting
these from women."
"感謝の気持ちが結晶化してで
きたと伝えられる白い石。男
性から女性に贈ると喜ばれる。",,1,,"A white lump of crystallized
gratitude. Women love
getting these from men."
"フルフルランスの
生産方法が記された紙。
工房に持って行こう！",,1,yes,"Instructions for making a
Khezu Lance. Take them
to the Smithy!"
"モナト＝クリークの
生産方法が記された紙。
工房に持って行こう！",,1,yes,"Instructions for making a
Monatskrieg. Take them
to the Smithy!"
"ブラス＝マルシュの
生産方法が記された紙。
工房に持って行こう！",,1,yes,"Instructions for making a
Blassmarsch. Take them
to the Smithy!"
"屠龍刃の生産方法が
記された紙。
工房に持って行こう！",,1,,"Instructions for making a
Dragon Saw. Take them
to the Smithy!"
"水晶大剣の生産方法が
記された紙。
工房に持って行こう！",,1,,"Instructions for making a
Crystal Great Sword.
Take them to the Smithy!"
"クーゲル＝スクァーレの
生産方法が記された紙。
工房に持って行こう！",,1,yes,"Instructions for making a
Kugelfuchs. Take them
to the Smithy!"
"クーゲル＝カッツェの
生産方法が記された紙。
工房に持って行こう！",,1,yes,"Instructions for making a
Kugelkatz. Take them
to the Smithy!"
"クーゲル＝ヴォルペの
生産方法が記された紙。
工房に持って行こう！",,1,yes,"Instructions for making a
Kugelwolf. Take them
to the Smithy!"
"在る狩人が書き記した密書。
内容は炎妃龍を模したライト
ボウガンの設計図のようだ。",,1,yes,"Seems to contain blueprints
for a Light Bowgun modeled
on a Lunastra."
"超巨大なヒプノックの嘴。
余りにも巨大過ぎて置き場に
困る、マニアックな一品。",,1,yes,"Huge Hypnocatrice beak. Its
size causes storage issues,
so it's only for collectors."
"メゼポルタ広場に百万の狩人
達が訪れた記念に、作成され
た限定コイン。",,1,yes,"A special coin made to
commemorate the millionth
visitor to Mezeporta."
"遠方でも狩猟生活を追求し続
けたハンターへの感謝の証。
工房で特別な品と引換え可能。",,1,yes,"Given to those who keep
hunting, even when far away.
Swap for something special!"
"破れた書物・一〜三章を揃え、
内容をまとめて書き直した物。
とある武具が生産可能に…？",,1,,"Parts 1-3 of the
instructions for making
some equipment."
"破れた書物・四〜五章を揃え、
内容をまとめて書き直した物。
とある武具が生産可能に…？",,1,,"Parts 4-5 of the
instructions for making
some equipment."
"峡谷で採れる不思議な
体液。ぬるぬるしている。",,1,,"A strange liquid found in
the Canyons. Very slimy."
"ガルス＝シミターの
生産方法が記された紙。
工房に持って行こう！",,1,yes,"Instructions for making a
Gallus Scimitar. Take them
to the Smithy!"
"フランベルジュの
生産方法が記された紙。
工房に持って行こう！",,1,yes,"Instructions for making a
Flamberge. Take them
to the Smithy!"
"紅水晶ランスの
生産方法が記された紙。
工房に持って行こう！",,1,yes,"Instructions for making a
Crimson Crystal Lance.
Take them to the Smithy!"
"紫水晶ランスの
生産方法が記された紙。
工房に持って行こう！",,1,yes,"Instructions for making a
Purple Crystal Lance. Take
them to the Smithy!"
"セラムジリダーの
生産方法が記された紙。
工房に持って行こう！",,1,yes,"Instructions for making a
Serumzielde. Take them
to the Smithy!"
"アイゼンジリダーの
生産方法が記された紙。
工房に持って行こう！",,1,yes,"Instructions for making an
Eisenzielde. Take them
to the Smithy!"
"セラムヴェンターの
生産方法が記された紙。
工房に持って行こう！",,1,yes,"Instructions for making a
Serumwender. Take them
to the Smithy!"
"アイゼンヴェンターの
生産方法が記された紙。
工房に持って行こう！",,1,yes,"Instructions for making an
Eisenwender. Take them
to the Smithy!"
"ガウシカホルンの
生産方法が記された紙。
工房に持って行こう！",,1,yes,"Instructions for making an
Anteka Horn. Take them
to the Smithy!"
"禍々しい漆黒の金属。叩くと
唸り声のような低音が響く。
モンスター素材と結合し易い。",,1,yes,"Ominous jet-black metal that
seems to cry out when
struck. Easy to combine."
"様々な効果を複合する不思議
な玉。",,1,,"A strange ball that combines
a variety of effects."
"大タル爆弾Ｇ２の火力を更に
高めた爆弾。
{c05}（キャラバンクエスト専用）",,1,yes,"Even more powerful than the
Large Barrel-Bomb G+
{c05}(Caravan Quests Only)"
"タル爆弾を仕込んだ落とし穴。
負荷がかかると発動する。
{c05}（キャラバンクエスト専用）",,1,yes,"A Pitfall Trap containing a
pressure-sensitive Barrel-
Bomb. {c05}(Caravan Quests Only)"
"斬れ味を最大まで回復させる
ことのできる砥石の高級品。
{c05}（キャラバンクエスト専用）",,1,yes,"A top-quality whetstone that
fully restores sharpness.
{c05}(Caravan Quests Only)"
"１０個分の回復薬が入った
回復薬の詰め合わせ。
{c05}（キャラバンクエスト専用）",,1,yes,"A set of 10 regular Potions.
{c05}(Caravan Quests Only)"
"使用すると周囲の暑さ・寒さ
を一定時間緩和する。",,1,,
"使用すると周囲の毒素が浄化
される。
{c05}（キャラバンクエスト専用）",,1,yes,"Neutralizes any nearby
poison when used.
{c05}(Caravan Quests Only)"
"各種フィールドを網羅して
いる、返却義務が無い地図。
{c05}（キャラバンクエスト専用）",,1,yes,"A map containing all areas.
Doesn't need to be returned.
{c05}(Caravan Quests Only)"
"ピッケルグレートの耐久性を
向上させた改良品。
{c05}（キャラバンクエスト専用）",,1,yes,"An improved, more durable
version of the Mega Pickaxe.
{c05}(Caravan Quests Only)"
"虫あみグレートの耐久性を
向上させた改良品。
{c05}（キャラバンクエスト専用）",,1,yes,"An improved, more durable
version of the Mega Bugnet.
{c05}(Caravan Quests Only)"
"大きな衝撃を与えると起爆す
る可能性がある危険な火薬。
{c05}（キャラバンクエスト専用）",,1,yes,"An explosive that can be
detonated by a heavy impact.
{c05}(Caravan Quests Only)"
"肌に吸いつく潤いとプリッと
した感触が人気の呑竜の皮。
使いどころが難しい素材。",,1,yes,"Moist hide that's sticky to
touch, making it a popular,
if impractical, material."
"黄ばみの目立つ呑竜の牙。
臭いがきつく、大きさや形が
不揃いなため、需要が少ない。",,1,,"A yellowed Pariapuria fang.
Not much in demand due
to its size--and stench."
"絶命と同時に自身の器官をも
消化し始める恐るべき消化液。
臭いもまた強烈。",,1,,"Potent liquid that eats away
at even the Pariapuria's
organs. Absolutely stinks."
"黒っぽくドロリとした呑竜の
血。滋養に富むとして、利用
する地方もあるというが…？",,1,yes,"Gloopy black blood. Very
nutritious, but how can it
be used...?"
"柔らかな呑竜のヒレ。
いくら洗ってもぬるつくため、
素材としては利用価値が低い。",,1,yes,"A soft Pariapuria fin. Stays
slimy even when washed, so
not very useful."
"弾力に富み、劣化に強い呑竜
の軟骨。防具のつなぎ用素材
としては、最高級品とされる。",,1,,"Springy material that's very
durable. The best stuff for
connecting equipment parts."
"含んだ毒にもビクともせずに
動き続ける呑竜のキモ。
意外と小さい。",,1,yes,"Processes poison in order to
keep the Pariapuria moving.
Surprisingly small."
"キャラバンが行商から定期的
に買い入れている異国の宝石。
見た目以上に重量感がある。",,1,yes,"A gem from another country
supplied to the Caravan by a
merchant. Feels valuable."
"白く美しく輝く星鉄。
数年に一度しか採れないと
云われている程の希少物。",,1,,"Star iron with a nice white
glow. So rare that it's only
found once every few years."
"偉大なる記録に挑戦し、
見事達成したハンターに
贈られる勲章。",,1,yes,"A medal awarded to Hunters
who take on and beat the
most challenging records."
"随所が可動する謎の棒。
獣人族が丁重に祀っていたが、
どう見てもただのガラクタ。",,1,yes,"A strange stick. Worshipped
by Lynians, but appears to
be just a piece of junk."
"ジリーノ＝アンダンテの
生産方法が記された紙。
工房に持って行こう！",,1,yes,"Instructions for making a
Croma Andante. Take them
to the Smithy!"
"テタール＝アンダンテの
生産方法が記された紙。
工房に持って行こう！",,1,yes,"Instructions for making a
Minima Andante. Take them
to the Smithy!"
"アイルーククリの
生産方法が記された紙。
工房に持って行こう！",,1,yes,"Instructions for making a
Felyne Dagger. Take
them to the Smithy!"
"メラルーククリの
生産方法が記された紙。
工房に持って行こう！",,1,yes,"Instructions for making a
Melynx Dagger. Take
them to the Smithy!"
"辺境の地で発見されたシール。
「Ｎ」と「Ａ」が記されている
ように見える。",,1,yes,"Seal found on Frontier lands.
Incribed with ""N"" and ""A""
on its surface."
"辺境の地で発見されたシール。
「Ｎ」と「Ｂ」が記されている
ように見える。",,1,yes,"Seal found on Frontier lands.
Incribed with ""N"" and ""B""
on its surface."
"辺境の地で発見されたシール。
「Ｎ」と「Ｃ」が記されている
ように見える。",,1,yes,"Seal found on Frontier lands.
Incribed with ""N"" and ""C""
on its surface."
"クラウンハンマーの
生産方法が記された紙。
工房に持って行こう！",,1,yes,"Instructions for making a
Crown Hammer. Take them
to the Smithy!"
"パビリオンハンマーの
生産方法が記された紙。
工房に持って行こう！",,1,yes,"Instructions for making a
Pavilion Hammer. Take them
to the Smithy!"
"パッドシューターの
生産方法が記された紙。
工房に持って行こう！",,1,yes,"Instructions for making a
Paw Shooter. Take them
to the Smithy!"
"テイルシューターの
生産方法が記された紙。
工房に持って行こう！",,1,yes,"Instructions for making a
Tail Shooter. Take them
to the Smithy!"
"デュエルパライズの
生産方法が記された紙。
工房に持って行こう！",,1,yes,"Instructions for making a
Dual Paralysis. Take them
to the Smithy!"
"ラーヴァパライズの
生産方法が記された紙。
工房に持って行こう！",,1,yes,"Instructions for making a
Lava Paralysis. Take
them to the Smithy!"
"ナーデルアントの
生産方法が記された紙。
工房に持って行こう！",,1,yes,"Instructions for making a
Nadelamaise. Take them
to the Smithy!"
"デュエルポイズンの
生産方法が記された紙。
工房に持って行こう！",,1,yes,"Instructions for making a
Dual Poison. Take them
to the Smithy!"
"ラーヴァポイズンの
生産方法が記された紙。
工房に持って行こう！",,1,yes,"Instructions for making a
Lava Poison. Take them
to the Smithy!"
"ナーデルヴェスパの
生産方法が記された紙。
工房に持って行こう！",,1,yes,"Instructions for making a
Nadelwespe. Take them
to the Smithy!"
"古代への強い憧憬を持つ民が
多い、ある異国の書物の２巻。
古代の文明への賛美の歌集。",,1,,"A book from a nation with a
deep longing for the past.
Contains some old hymns."
"空の王と陸の女王の生態を
事細かに記した書物。素材の
加工法にも触れられている。",,1,,"A text about the king of the
earth and the queen of the
sky. Contains crafting tips."
"断熱性に優れた特殊な鉱石。
服飾加工も容易で、強化する
ことで多彩な変化を見せる。",,1,,"Special ore that's a great
insulator. Easy to craft.
Has various effects on gear."
"さらに快適な狩猟生活を追求
するハンターへの感謝の証。
工房で特別な品と引換え可能。",,1,yes,"Given to Hunters who want to
live the best hunting life.
Exchange it at the Smithy."
"特殊なライトボウガンの生産
に用いる素材。その武器は見
かけどおり凶力だという噂。",,1,yes,"Material used to make a
special Light Bowgun that's
as wicked as it looks."
"貝のような不思議な生き物。
雨の日にメゼポルタ広場の
周辺でよく見かける。珍味。",,1,yes,"Curious clam-like creature
often found near Mezeporta
on wet days. A treat to eat."
"サンショウナギの蒲焼き。
ジューシーでボリューム満点！
ハードな狩りのお供に最適。",,1,yes,"Lightly grilled Prickly Eel.
Juicy and substantial, and
perfect for a day's hunting."
"職人が精魂を込めて作った
アイス。食べると一瞬で身体
の芯まで冷える。製法は極秘。",,1,yes,"Ice cream lovingly made to a
top-secret recipe. Cools you
to the core in an instant."
"メゼポルタ広場の周辺で
ごく稀に採れる珍しいキノコ。
とても良い匂いがする。",,1,yes,"An extremely rare aromatic
mushroom occasionally
found near Mezeporta square."
"棘白竜の体表を覆う鱗。
美しくも恐ろしい一面を持つ
雪のような白さをしている。",,1,,"A White Espinas's scale.
Its snow-white surface is
pretty, yet somehow scary."
"非常に高い硬度を誇るが、
それゆえに加工がとても
困難な棘白竜の甲殻。",,1,,"A White Espinas Carapace.
Incredibly hard, which makes
it tough to work with."
"棘白竜から取れる上質な棘。
近寄るだけでとても危険な
毒気を感じる。",,1,,"Spike taken from a White
Espinas. Its deadly poison
gives off an ominous aura."
"棘白竜の顔の一部を
剥ぎ取ったもの。
十分に猛々しさを感じる。",,1,,"Carved from a White
Espinas's head. Still
looks ferocious."
"棘白竜から切り取った尻尾。
猛烈な毒と強烈な破壊力を
兼ね備えている。",,1,,"Lopped-off tail of a White
Espinas. Combines strength
with a lethal toxin attack."
"体表の白さに反し、鮮やかな
紅の輝きを放つ棘白竜の玉石。",,1,,"This stone's bright red glow
contrasts with the White
Espinas's white hide."
"長い年月、数多くの戦歴を経
ても折れることの無かった棘
白竜の主棘。角とも呼ばれる。",,1,,"A White Espinas spike (or
""horn"") that has survived
countless grueling battles."
"地獄の業火とも言える恐ろし
い炎を吐き出す際、まれに
生成される希少な石。",,1,,"A rare stone formed when a
White Espinas emits its
fearsome ""Hellfire."""
"響狼の鋭い爪。
硬い地面にも突き刺さり、
駆ける際には滑り止めとなる。",,1,,"This sharp claw digs into
the earth, letting the
Orugaron run without slipping."
"響狼の堅い毛。
丈夫でかつ保温性も高く、
様々な用途で使用される。",,1,,"A Orugaron pelt's toughness and
heat retention make it a
versatile material."
"響狼の磨き抜かれた牙。
形状が美しく、
美術品としても価値がある。",,1,,"A polished Orugaron fang. Its
beautiful shape means it's
valued as an ornament."
"気品あふれる響狼のたてがみ。
美術品としても取引
されている。",,1,,"An elegant Orugaron mane.
These are considered by
many to be works of art."
"響狼の毛とともに生えている
鋭い棘。
見た目以上に硬い。",,1,,"Sharp spike that grows
amidst a Orugaron's fur. Much
harder than it looks."
"響狼の背中に生えている棘。
外敵から身を守ると共に
攻撃としても使用される。",,1,,"A spike that grows along a
Orugaron's spine. Used for both
attack and defense."
"響狼の獣臭が漂う血。
生態系を調べる研究材料
としても用いられている。",,1,,"Orugaron blood has a
unique smell, and is the
subject of much research."
"響狼の体内で突発的に
生成される紅玉。
宝石としても価値がある。",,1,,"A red stone, valued as a
gem, that forms suddenly
inside a Orugaron's body."
"通常の毛とは異なり、
特殊変異した響狼の毛。
その色はまさに紅。",,1,,"A special variety of Orugaron
pelt that has a distinctive
red color."
"剣士系武器に装填することで
威力を固定の爆発ダメージ
に変える石。最大３０個。",,1,yes,"Adds an explosive element
to Brawler-type weapon
attacks. Max 30."
"進化武器に装填することで
攻撃力を上げられる石。
最大３０個。",,1,,"Stone that increases the
Attack power of Enhanced
Weapons. Max 30."
"剣士系武器に装填することで
攻撃に毒効果を付与できる
石。最大３０個。",,1,,"Adds a poisonous effect
to Brawler-type weapon
attacks. Max 30."
"剣士系武器に装填することで
攻撃に麻痺効果を付与できる
石。最大３０個。",,1,,"Adds a paralyzing effect
to Brawler-type weapon
attacks. Max 30."
"剣士系武器に装填することで
攻撃に睡眠効果を付与できる
石。最大３０個。",,1,,"Adds a sleep-inducing
effect to Brawler-type
weapon attacks. Max 30."
"剣士系武器に装填することで
攻撃に火属性を付与できる
石。最大３０個。",,1,,"Adds a fire attribute
effect to Brawler-type
weapon attacks. Max 30."
"剣士系武器に装填することで
攻撃に水属性を付与できる
石。最大３０個。",,1,,"Adds a water attribute
effect to Brawler-type
weapon attacks. Max 30."
"剣士系武器に装填することで
攻撃に雷属性を付与できる
石。最大３０個。",,1,,"Adds a thunder attribute
effect to Brawler-type
weapon attacks. Max 30."
"剣士系武器に装填することで
攻撃に氷属性を付与できる
石。最大３０個。",,1,,"Adds an ice attribute
effect to Brawler-type
weapon attacks. Max 30."
"剣士系武器に装填することで
攻撃に龍属性を付与できる
石。最大３０個。",,1,,"Adds a dragon attribute
effect to Brawler-type
weapon attacks. Max 30."
"豊猟を祈願して作られた
御守り。超激運の御守り
より少しご利益が薄い。",,1,,"A charm designed to ensure
happy hunting. Not as lucky
as the Super Luck Charm."
"全剥ぎ取り回数が１回増える
狩人にとって究極の極意。
{c05}（クエスト開始時に自動消費）",,1,yes,"Lets you carve every corpse
one more time. {c05}(Auto-used
at start of Quest.)"
"辺境の地で発見されたシール。
「Ｎ」と「Ｄ」が記されている
ように見える。",,1,yes,"Seal found on Frontier lands.
Incribed with ""N"" and ""D""
on its surface."
"辺境の地で発見されたシール。
「Ｎ」と「Ｅ」が記されている
ように見える。",,1,yes,"Seal found on Frontier lands.
Incribed with ""N"" and ""E""
on its surface."
"辺境の地で発見されたシール。
「Ｎ」と「Ｆ」が記されている
ように見える。",,1,yes,"Seal found on Frontier lands.
Incribed with ""N"" and ""F""
on its surface."
"アクアプローヴァの
生産方法が記された紙。
工房に持って行こう！",,1,yes,"Instructions for making an
Aqua Proof. Take them to
the Smithy!"
"グロムプローヴァの
生産方法が記された紙。
工房に持って行こう！",,1,yes,"Instructions for making a
Glom Proof. Take them to
the Smithy!"
"フロストフィスカルの
生産方法が記された紙。
工房に持って行こう！",,1,yes,"Instructions for making a
Frostbringer. Take them
to the Smithy!"
"カームフィスカルの
生産方法が記された紙。
工房に持って行こう！",,1,yes,"Instructions for making a
Calmbringer. Take them
to the Smithy!"
"スノウファルクスの
生産方法が記された紙。
工房に持って行こう！",,1,yes,"Instructions for making a
Snow Falx. Take them to
the Smithy!"
"グランファルクスの
生産方法が記された紙。
工房に持って行こう！",,1,yes,"Instructions for making a
Grand Falx. Take them to
the Smithy!"
"フリジッドカノンの
生産方法が記された紙。
工房に持って行こう！",,1,yes,"Instructions for making a
Frigid Cannon. Take them
to the Smithy!"
"ドルミーレカノンの
生産方法が記された紙。
工房に持って行こう！",,1,yes,"Instructions for making a
Dormire Cannon. Take them to
the Smithy!"
"星鷲弓の
生産方法が記された紙。
工房に持って行こう！",,1,,"Instructions for making an
Aquila Bow. Take them
to the Smithy!"
"星琴弓の
生産方法が記された紙。
工房に持って行こう！",,1,,"Instructions for making a
Lyra Bow. Take them to
the Smithy!"
"ギルド公認の彫金士によって
精密な細工が施されたギルド
メダリオン。渾身の一品。",,1,yes,"A powerful medallion
expertly crafted by the
Guild's official engraver."
"黒き獣から入手できる鋭い爪。
その鋭さは見る者を脅えさせ、
触れる者をシビレさせる。",,1,yes,"A claw obtained from a black
monster. Terrifyingly sharp,
with a numbing toxin inside."
"幾千夜、月の光が降り注いで
できたといわれる石。
見た目以上に重量がある。",,1,,"Said to have been formed
from the light of a thousand
moons. Quite valuable."
"大きさの異なる２本の鋭い牙。
武具工房に持っていくと…？",,1,,"Two sharp fangs of different
sizes. Try taking them to
the Smithy..."
"類まれな硬度を誇る角笛。角
竜の堅硬な角が入手できた時
に限り職人によって作られた。",,1,,"Tough musical instrument
made by a skilled craftsman
from a Diablos's hard horn."
"奇面族により栽培されていた
とされる不思議な種。工房で
武具の素材として使用可能。",,1,,"Strange seeds cultivated by
Shakalakas. Can be used
as a material in the Smithy."
"見知らぬ文明の力を感じる石。
すごい技術が使われている
らしい。工房に持っていこう。",,1,,"A rock imbued with the power
of an unknown civilization.
Try taking it to the Smithy."
"メゼポルタの調合屋で、複数
の素材の代わりに利用できる
特別な交易通貨。",,1,yes,"Special currency that can
be used at the Mezeporta
Square Combo Shop."
"キャラバンの調合屋で、複数
の素材の代わりに利用できる
特別な交易通貨。",,1,yes,"Special currency that can
be used at the Caravan
Combo Shop."
"回復薬グレートと全く同じ
効果を持つ薬。
{c05}（支給品専用）",,1,yes,"Medicine with exactly the
same effect as a Mega
Potion. {c05}(Supply Item)"
"一定時間、他者の攻撃による
怯みや吹っ飛びに耐える。
{c05}（支給品専用）",,1,,"Temporarily stops you
recoiling when attacked.
{c05}(Supply Item)"
"既存のブーメランを改良して、
より大きく、強力にしたもの。
{c05}（支給品専用）",,1,yes,"A bigger, stronger version
of the regular Boomerang.
{c05}(Supply Item)"
"従来の石ころよりも大きめな
石ころ。よって威力も大きめ。
{c05}（支給品専用）",,1,,"Bigger than a regular stone,
and consequently more
powerful. {c05}(Supply Item)"
"使い捨て高級耳栓と全く同じ
効果を持つ耳栓。
{c05}（支給品専用）",,1,,"These have exactly the same
effect as regular Earplugs.
{c05}(Supply Item)"
"打上げタル爆弾Ｇと
全く同じ性質を持つ爆弾。
{c05}（支給品専用）",,1,yes,"A bomb that's exactly the
same as the Bounce Bomb+.
{c05}(Supply Item)"
"鬼人薬を上回る攻撃力を
得ると伝えられる幻の薬。
{c05}（支給品専用）",,1,,"Said to offer more Attack
power than the normal
Demondrug. {c05}(Supply Item)"
"硬化薬を上回る防御力を
得ると伝えられる幻の薬。
{c05}（支給品専用）",,1,,"Said to offer more Defensive
protection than regular
Armorskin. {c05}(Supply Item)"
"一定時間、暑さと寒さを同時
に緩和する飲料。
{c05}（支給品専用）",,1,,"Temporarily eases the
effects of both heat and
cold. {c05}(Supply Item)"
"大タルの中に、雷属性の攻撃
成分を詰め込んだ爆弾。
{c05}（支給品専用）",,1,yes,"Barrel-bomb containing
ingredients for a thunder-
based attack.{c05}(Supply Item)"
"大タルの中に、毒属性の攻撃
成分を詰め込んだ爆弾。
{c05}（支給品専用）",,1,yes,"Barrel-bomb containing
ingredients for a poison-
based attack.{c05}(Supply Item)"
"大タルの中に、氷属性の攻撃
成分を詰め込んだ爆弾。
{c05}（支給品専用）",,1,yes,"Barrel-bomb containing
ingredients for an ice-
based attack.{c05}(Supply Item)"
"大タルの中に睡眠属性の攻撃
成分を詰め込んだ爆弾。
{c05}（支給品専用）",,1,yes,"Barrel-bomb containing
ingredients that induce
sleep. {c05}(Supply Item)"
"大タルの中に麻痺属性の攻撃
成分を詰め込んだ爆弾。
{c05}（支給品専用）",,1,yes,"Barrel-bomb containing
ingredients for a paralyzing
attack.{c05}(Supply Item)"
"試験的に作られた小タル爆弾。
地面を這うように発射される。
{c05}（支給品専用）",,1,yes,"Small bomb that seems to
crawl along the ground.
{c05}(Supply Item)"
"ペイントボールの要素を持つ、
投げて使う小タル爆弾。
{c05}（支給品専用）",,1,yes,"Hand-thrown bomb with
properties similar to a
Paintball. {c05}(Supply Item)"
"睡眠属性を持つ、投げて使う
タイプの小タル爆弾。
{c05}（支給品専用）",,1,yes,"Hand-thrown bomb that has
sleep-inducing properties.
{c05}(Supply Item)"
"雷属性を持つ、投げて使う
タイプの小タル爆弾。
{c05}（支給品専用）",,1,yes,"Hand-thrown bomb that packs
a thunder-based attack.
{c05}(Supply Item)"
"氷属性を持つ、投げて使う
タイプの小タル爆弾。
{c05}（支給品専用）",,1,yes,"Hand-thrown bomb that packs
an ice-based attack.
{c05}(Supply Item)"
"一定時間疲れることなく走り
続けることができる薬。
{c05}（支給品専用）",,1,,"Allows you to run without
becoming fatigued for a
while. {c05}(Supply Item)"
"強走薬よりも、更に長い時間
走り続けることができる薬。
{c05}（支給品専用）",,1,,"Lets you run without tiring
for longer than Dash Juice.
{c05}(Supply Item)"
"使用者と、周囲の者の毒状態
を回復する成分を持つ粉。
{c05}（支給品専用）",,1,,"Cures the user and those
nearby of the effects of
poison. {c05}(Supply Item)"
"周囲の者の睡眠状態を
回復する成分を持つ粉。
{c05}（支給品専用）",,1,,"Wakes the user and those
nearby from their slumber.
{c05}(Supply Item)"
"周囲の者の麻痺状態を
回復する成分を持つ粉。
{c05}（支給品専用）",,1,,"Cures the user and those
nearby of paralysis.
{c05}(Supply Item)"
"使用者と、周囲の者の寒さが
一定時間緩和される粉。
{c05}（支給品専用）",,1,,"Temporarily relieves cold
for the user and those
nearby. {c05}(Supply Item)"
"使用者と、周囲の者の暑さが
一定時間緩和される粉。
{c05}（支給品専用）",,1,,"Temporarily relieves heat
for the user and those
nearby. {c05}(Supply Item)"
"使用すると周囲の暑さ・寒さ
を一定時間緩和する。
{c05}（支給品専用）",,1,,"Temporarily relieves cold
and heat for the user and
those nearby. {c05}(Supply Item)"
"使えば竜撃砲がスグ撃てる。
{c05}（支給品専用）
{c05}（ガンランス装備中限定）",,1,yes,"Enables a Gunlance to fire
right away. {c05}(Only when using
a Gunlance.) (Supply Item)"
"体力とスタミナの上限が最大
まで上昇し、完全回復する薬。
{c05}（支給品専用）",,1,yes,"Fully restores Health and
Stamina to their maximum
levels. {c05}(Supply Item)"
"氷に閉ざされた地方にある、
古くより氷の中で育った
樹木の希少な枝。",,1,,"A rare tree branch, grown
in the icy wastes of a
frigid region."
"なんだかわからないが
大きな錆びている塊。
中心に何かありそう。",,1,,"A big lump of rusted metal.
Its origins are unknown, but
there is something inside..."
"なにやら不思議な色をした
錆び磨きのための液体。
作り方は秘密らしい。",,1,,"Rust-removing polish of a
somewhat curious color. Made
using a top-secret recipe."
"チカラを追い求めている
ハンター達が持っている証。
誰が発行しているかは謎。",,1,yes,"Awarded to Hunters who
pursue raw power, although
it's not clear who by..."
"採集を極めたハンターの証。
その採集量はもはや収穫と
呼ばれるほど。",,1,yes,"Awarded to Hunters who've
gathered a bumper crop
of materials."
"凶暴そうなアレ
によく似たぬいぐるみ。
たまに眼が動く気がする…。",,1,yes,"A toy that looks a lot like
something horrible. Its eyes
seem to move at times..."
"南国の雰囲気が漂う木材。
木材とはいうものの、加工は
していない丸ごとの、木。",,1,,"A tree that brings to mind
the tropics, but does little
else. Can't be crafted."
"蒼火竜の魂そのものといえる、
灼熱を宿す骨。存在するだけ
で周囲の空間が歪んで見える。",,1,,"Said to be the soul of an
Azure Rathalos. Its very
existence is unsettling."
"銀火竜の魂そのものといえる、
灼熱を宿す骨。存在するだけ
で周囲の空間が歪んで見える。",,1,,"Said to be the soul of a
Silver Rathalos. Its very
existence is unsettling."
"メゼポルタ広場で聴こえる
甘い歌声。そのメロディは
心に深く響くという。",,1,yes,"A sweet voice that can be
heard in Mezeporta. Its
melody is deeply resonant."
"宝石がたくさん入った箱。
宝石に想いが重なって
見事な輝きをはなっている。",,1,,"A box full of gems and
weighed down with feeling.
Glitters beautifully."
"海洋を象徴したコイン。
大自然を表現した芸術的な
装飾が施されている。",,1,yes,"A coin that symbolizes the
sea. A decoration that
represents nature's glory."
"大空を象徴したコイン。
大自然を表現した芸術的な
装飾が施されている。",,1,yes,"A coin that symbolizes the
sky. A decoration that
represents nature's glory."
"大地を象徴したコイン。
大自然を表現した芸術的な
装飾が施されている。",,1,yes,"A coin that symbolizes the
earth. A decoration that
represents nature's glory."
"辺境の地で発見されたシール。
「Ｎ」と「Ｇ」が記されている
ように見える。",,1,yes,"Seal found on Frontier lands.
Incribed with ""N"" and ""G""
on its surface."
"辺境の地で発見されたシール。
「Ｎ」と「Ｈ」が記されている
ように見える。",,1,yes,"Seal found on Frontier lands.
Incribed with ""N"" and ""H""
on its surface."
"辺境の地で発見されたシール。
「Ｎ」と「Ｉ」が記されている
ように見える。",,1,yes,"Seal found on Frontier lands.
Incribed with ""N"" and ""I""
on its surface."
"陽飾太刀の
生産方法が記された紙。
工房に持って行こう！",,1,,"Instructions for making a
Sunsword. Take them
to the Smithy!"
"宵飾太刀の
生産方法が記された紙。
工房に持って行こう！",,1,,"Instructions for making an
Nightsword. Take
them to the Smithy!"
"ツインブリッツの
生産方法が記された紙。
工房に持って行こう！",,1,yes,"Instructions for making a
set of Twin Blitz. Take
them to the Smithy!"
"ツインパールの
生産方法が記された紙。
工房に持って行こう！",,1,yes,"Instructions for making a
set of Twin Pearls. Take
them to the Smithy!"
"パラライズスタンプの
生産方法が記された紙。
工房に持って行こう！",,1,yes,"Instructions for making a
Paralyzing Stomper.
Take them to the Smithy!"
"レーヴスタンプの
生産方法が記された紙。
工房に持って行こう！",,1,yes,"Instructions for making a
Sleepy Stomper. Take
them to the Smithy!"
"アスト＝サードの
生産方法が記された紙。
工房に持って行こう！",,1,yes,"Instructions for making a
Third Astro. Take them to
the Smithy!"
"マグニ＝サードの
生産方法が記された紙。
工房に持って行こう！",,1,yes,"Instructions for making a
Third Magni. Take them
to the Smithy!"
"業弩壱式の
生産方法が記された紙。
工房に持って行こう！",,1,,"Instructions for making a
Gourd Bow Mk1. Take
them to the Smithy!"
"業弩壱式・改の
生産方法が記された紙。
工房に持って行こう！",,1,,"Instructions for making a
Gourd Bow Mk1+. Take
them to the Smithy!"
"業弩壱式【駒】の
生産方法が記された紙。
工房に持って行こう！",,1,,"Instructions for making a
Gourd Bow Mk1+ Adv.
Take them to the Smithy!"
"業弩弐式の
生産方法が記された紙。
工房に持って行こう！",,1,,"Instructions for making a
Gourd Bow Mk2. Take
them to the Smithy!"
"業弩弐式・改の
生産方法が記された紙。
工房に持って行こう！",,1,,"Instructions for making a
Gourd Bow Mk2+. Take
them to the Smithy!"
"業弩弐式【駒】の
生産方法が記された紙。
工房に持って行こう！",,1,,"Instructions for making a
Gourd Bow Mk2+ Adv.
Take them to the Smithy!"
"ギルド公認の絵師によって
描かれたギルドシール。
渾身の一品。",,1,yes,"A seal designed by the
Guild's official artist.
A powerful design."
"通常は素材として加工に使わ
れることのない重厚な蛇皮。
表面にわずかな光沢がある。",,1,,"Thick snakeskin that's not
normally used for crafting.
Has a slight sheen."
"狩猟生活を楽しむハンターへ
の感謝の証として、
１ヶ月に１枚づつ贈られる券。",,1,yes,"A token of gratitude given
once a month to Hunters
who enjoy the hunting life."
"ラヴィエンテの血。
ドロドロとした粘りがある。
研究者たち垂涎の品。",,1,yes,"The blood of a Laviente. Has
a syrupy, viscous texture.
In demand among researchers."
"ラヴィエンテの紅玉。
あまりの大きさに度肝を
抜かれる。",,1,yes,"A red gem from a Laviente.
Its huge size is enough to
make anyone lost for words."
"ラヴィエンテの皮。
薄皮ほどの厚さにも関わらず、
驚くほど堅い。",,1,yes,"The thin hide of a Laviente.
Surprisingly tough."
"ラヴィエンテの鱗。
使いこむほど味がでる材質で
ハンターたちに大人気。",,1,yes,"Laviente scales are so
prized by Hunters that their
theft is not unheard of."
"ラヴィエンテの翼。
ヒレのような形状だが、
その大きさはもはや翼。",,1,yes,"A Laviente wing looks rather
like a fin until you notice
its enormous size."
"ラヴィエンテの髄。
極厚の骨に阻まれているため
取り出すには手間が掛る。",,1,yes,"Laviente marrow is housed
in very thick bones, making
it tough to extract."
"ラヴィエンテの角。
圧倒的な重厚感は
筆舌に尽くしがたい。",,1,yes,"The impressive girth of a
Laviente horn is the stuff
of legend."
"ラヴィエンテの牙。
1本1本が角並みに大きく
鉱石よりも高い硬度を誇る。",,1,yes,"A Laviente's fangs are the
same size as its horns, and
are harder than ore."
"ラヴィエンテの尾。
鉛のような重さだが、
しなやかさは類を見ない。",,1,yes,"The tail of a Laviente.
Heavy as lead, but its
flexibility is unparalleled."
"ラヴィエンテの棘。 
棘というにはあまりにも
大きい無骨な塊。",,1,yes,"A Laviente's spike is really
nothing more than a huge
lump of bone."
"自然が生んだ大結晶。
とてつもない熱量を含んでおり
多方面への活用が期待される。",,1,,"A large natural crystal.
Holds incredible heat, and
has all sorts of uses."
"自然が生んだ完全無欠の結晶。
撃玉よりもさらに上質で
希少なものが分類される。",,1,,"A flawless natural crystal
of a higher quality than the
Blaster. Considered rare."
"自然が生んだ奇跡の結晶。
キング・オブ・撃玉。
その価値は計り知れない。",,1,yes,"A wonderful natural crystal
known as the ""King of
Blasters."" Priceless."
"骨のような堅さを持つが、
加工しやすい葉。数が少
ないので貴重とされている。",,1,,"Hard as bone, but easy to
work with. Few in number,
so considered precious."
"加工により様々な特性が
現れる為、希少素材の代用に
使われる草。",,1,,"A herb that can be crafted
to act as a substitute for
many rare materials."
"表面に白く小さな粒状のもの
があることから名付けられた
キノコ。",,1,yes,"This mushroom takes its name
from the fact that it grows
like granules on the ground."
"乾燥させた後、左右に振ると
コチコチと可愛らしい音が
鳴る木の実。",,1,yes,"After drying, this fruit
makes an adorable rattling
sound when shaken."
"風に揺れるとサラサラ聞こえ
ることと、皿として使える
ことから名付けられた草。",,1,yes,"Rustles in the wind, and can
be used as a dish, hence
the name."
"表面に黒く小さな粒状のもの
があることから名付けられた
キノコ。",,1,yes,"This mushroom takes its name
from the fact that it grows
like granules on the ground."
"透き通った緑色をした鉱石。
採れる数が少ないため貴重な
扱いとなっている。",,1,,"An opaque green mineral.
Rarely found, and therefore
highly prized."
"縞模様が特徴の鉱石。
自然が作り出したその模様を
真似ることはできない。",,1,,"A mineral with a stripy
pattern that is totally
unique."
"昔のモンスターの角部分が
化石になった状態のもの。
とても堅い。",,1,yes,"The fossilized horn of a
monster from ancient times.
Extremely hard."
"淡いピンクの色をした水晶。
熱や衝撃にも強く、純度の高
いものは高価に扱われる。",,1,yes,"A pale pink crystal. Resists
heat and impact. Pure ones
fetch very high prices."
"誰が細工したのでもなく、
形状がキノコに似た鉱石。",,1,yes,"This mineral's mushroom-like
shape is entirely natural."
"薄く平らな鉱石。側面からの
力には強いが、天地からの力
には弱く、すぐ壊れる。",,1,,"A thin, flat mineral. Strong
laterally, but breaks easily
under downward force."
"体表が金色に光っていること
から、金運のお守りに使われ
ることのある虫。",,1,,"This insect's golden color
makes it a popular charm for
bringing luck with money."
"動きも遅く、見た目も樹木の
枝にそっくりな虫。",,1,,"Very slow-moving insect
that looks just like the
branch of a tree."
"羽の色、模様がランポスの
体表に似ていることから名付
けられた蝶。",,1,yes,"So named because its wing
color and pattern look just
like a Velociprey's hide."
"形が丸く、羽の色が艶のある
赤い色をしていることから
名付けられた虫。",,1,,"Insect named for its 
circular red wings."
"羽の文様が、緑色の目の様に
見えることから名付けられた
蝶。",,1,,"A butterfly named for the
fact that its wings look
like little green eyes."
"背中の形状、色が木の葉に
そっくりな虫。",,1,,"An insect whose shape and
color make it look exactly
like a leaf."
"奇面族が腰に着けている葉。
これだけ落ちているという
ことは、持ち主は一体…。",,1,,"Leaves worn by Shakalakas to
cover their modesty. They're
naked without them..."
"表面が丸みを持つよう、
人工的に加工された石。
多少粗いが十分丸い。",,1,,"A stone crafted to have a
circular surface. Pretty
rough, but round enough."
"自然に曲がったのではなく、
加工で曲げられた角材。
丈夫な材質を使っている。",,1,,"An artificially curved piece
of wood. Used when a sturdy
material is required."
"だいぶ使い込まれているらし
く、原形をとどめない端切れ
状態になっている。",,1,,"A well-used scrap of cloth
that scarcely retains its
original shape--or color."
"柄の先に残ったわずかな金属
から、ナイフと分かる程度の
欠けっぷりをした元ナイフ。",,1,yes,"A sliver of metal at the end
of the handle is all that
distinguishes it as a knife."
"大木を縦に薄くスライスした
板材。何枚かを重ねることで
丈夫な板材として使える。",,1,yes,"Made by thinly slicing a
tree vertically. Sturdy if
several layers are used."
"１年の中で花を咲かせる時期
が１日あるかないかという
植物の貴重な花。",,1,,"A precious flower that only
blooms one a year--if it
blooms at all."
"水分をあまり必要としないで
育つ植物の実。繊維質が高く
食べると喉が渇く。",,1,,"A berry that grows without
much water. Makes you very
thirsty when eaten."
"甘い香りを放ち、蜜を求めて
来る虫を食べる食虫植物。
ちなみに蜜はない。",,1,,"Eats insects that come
looking for nectar, which
it doesn't even contain."
"特に美味しいわけもなく、加
工に向いているでもないが、
あれば採ってしまう植物。",,1,,"Not very tasty or suitable
for crafting, but still
worth gathering if you can."
"花を咲かせている時期が長く
一ヶ月以上は観賞できる。
鮮やかな花の色が特徴。",,1,,"This plant has nice,
colorful flowers that stay
in bloom for over a month."
"水分を多く含んだ実を作る植
物の花。実の色とは全く異な
り、青い色をしている。",,1,,"Unlike the juicy fruit it
produces, this plant's
flowers are bright blue."
"無色透明で硬度の高い鉱石。
採れる数が少ないため貴重な
扱いとなっている。",,1,,"Very tough transparent
mineral. Rarely found,
so considered valuable."
"汎用性のある鉱物が精製で
きる鉱石。主に水晶物質が
含まれている。",,1,,"Makes for a versatile
material when refined.
Made mainly of crystals."
"汎用性のある鉱物が精製で
きる鉱石。主に堅い金属物質
が含まれている。",,1,,"Makes for a versatile
material when refined.
Made mainly of metal."
"自然の力で端々が欠け、丸く
見える石。",,1,,"The forces of nature have
smoothed its edges, making
it appear rounded."
"自然の力で端々が欠け、菱形
に見える石。",,1,,"The forces of nature have
smoothed its edges, making
it look diamond-shaped."
"自然の力で端々が欠け、星形
に見える石。",,1,,"The forces of nature have
smoothed its edges, making
it look star-shaped."
"勇ましいハサミと角を持った
虫。触る時は必ず背後から。",,1,yes,"An insect with impressive
pincers and horns. Be sure
to approach it from behind."
"細長く、とても堅い殻で覆わ
れているため、そのままクギ
として使えそうな虫。",,1,yes,"Long, thin, and covered in a
hard shell, this bug is
ready for use as a nail."
"日中、日の光を体に蓄えて、
夜間は体全体が淡く発光する
虫。",,1,,"Stores up sunlight during
the daytime, letting it glow
faintly in the night."
"とても大きな虫の抜け殻の
一部。殻と言っても、分厚い
樹皮のような感じ。",,1,,"Part of a huge bug's shell.
Looks and feels more like
thick tree bark, though."
"雨の日によく見かけることか
ら名付けられた。雨虫と書か
れることもある。",,1,,"This insect is often seen on
wet days, hence its name."
"どこにでもいそうなバッタ
だが、ぬか臭いのが特徴。
目より鼻で探せる虫。",,1,yes,"Looks like a regular locust,
but has a unique bran-like
smell that gives it away."
"首飾りと言っても、人間が
するには小さすぎる飾り物。
メラルーが黙っていない。",,1,yes,"A necklace that's far too
small for any human. Seems
popular among Melynxes..."
"柄の部分が折れてしまい、使
い物にならなくなったピッケ
ル。錆びてはいない。",,1,yes,"A broken handle means this
pickaxe is unusable. There
is no rust on it, though."
"丁寧に磨かれ、まるで鏡のよ
うに物を映し出すことが出来
る平らな石。",,1,,"A flat polished stone that's
as reflective as a mirror."
"細かな装飾が確認できるが、
かなり古いものらしく、柄杓
として使うことは出来ない。",,1,,"Intricately decorated, but
extremely old, and of no use
anymore."
"手首程の太さで身の丈の倍は
ある棒。枝ではなく、きちん
と加工されている。",,1,,"As thick as your forearm and
twice as long, this stick
was crafted in a workshop."
"縄を使って編み込んだもの。
飾り用と言うよりは、実用性
のある品。",,1,,"A braid woven from chunky
ropes. More for practical
use than decoration."
"極めて強力な古龍種の牙。
形状は鋭く、禍々しい輝きを
放ち、そして、とにかく硬い。",,1,,"The tough fang of an
extremely powerful Elder
Dragon. Has a sinister glow."
"極めて強力な古龍種の体内で
生成された珠。輝きは鈍いが
何ともいえない美しさを持つ。",,1,,"Pretty gem formed inside an
extremely powerful Elder
Dragon. Has a dull glow."
"長きに渡り狩猟生活を続ける
ハンターに贈られる感謝の証。
特別な品と引換可能。",,1,yes,"Awarded to those who've been
hunting for a long time.
Swap for something special."
"装填することで攻撃力を
上げられる打属性のビン。
最大３０個。",,1,yes,"Inflicts heavy impact damage
when applied to the arrows
of Enhanced Weapons. Max 30."
"どんなに元気でも、
飲めばたちまち瀕死状態。
{c05}（支給品専用）",,1,,"Takes even the healthiest
person to the brink of
death. {c05}(Supply Item)"
"飲めばスタミナが激減する
ほど、疲れが押し寄せる。
{c05}（支給品専用）",,1,yes,"Energy-sapping drink that
greatly reduces Stamina when
consumed. {c05}(Supply Item)"
"排熱噴射機構を備えた武器の
保温限界を上げる。",,1,,"Boosts heat retention in
certain weapons. {c05}(Tough
Weapon: Heavy Bowgun only.)"
"排熱噴射機構を備えた武器の
保温限界を下げる。",,1,,"Reduces heat retention in
certain weapons. {c05}(Tough
Weapon: Heavy Bowgun only.)"
"グロムバローネの
生産方法が記された紙。
工房に持って行こう！",,1,yes,"Instructions for making a
Grom Baron. Take them
to the Smithy!"
"パライズバローネの
生産方法が記された紙。
工房に持って行こう！",,1,yes,"Instructions for making a
Paralyzing Baron. Take
them to the Smithy!"
"ブリッツエクアの
生産方法が記された紙。
工房に持って行こう！",,1,yes,"Instructions for making a
Blitz Edge. Take them to
the Smithy!"
"ヘイルエクアの
生産方法が記された紙。
工房に持って行こう！",,1,yes,"Instructions for making a
Hailstone Edge. Take
them to the Smithy!"
"フロストプレードの
生産方法が記された紙。
工房に持って行こう！",,1,yes,"Instructions for making a
Frost Foal. Take them
to the Smithy!"
"スリーププレードの
生産方法が記された紙。
工房に持って行こう！",,1,yes,"Instructions for making a
Sleep Foal. Take them to
the Smithy!"
"スパーククレインの
生産方法が記された紙。
工房に持って行こう！",,1,yes,"Instructions for making a
Spark Crane. Take them to
the Smithy!"
"アルマクレインの
生産方法が記された紙。
工房に持って行こう！",,1,yes,"Instructions for making an
Feather Crane. Take them
to the Smithy!"
"タンクビショップの
生産方法が記された紙。
工房に持って行こう！",,1,yes,"Instructions for making a
Tank Bishop. Take them to
the Smithy!"
"バストンビショップの
生産方法が記された紙。
工房に持って行こう！",,1,yes,"Instructions for making a
Bastion Bishop. Take them
to the Smithy!"
"フォートビショップの
生産方法が記された紙。
工房に持って行こう！",,1,yes,"Instructions for making a
Fort Bishop. Take them to
the Smithy!"
"タンクウィッチの
生産方法が記された紙。
工房に持って行こう！",,1,yes,"Instructions for making a
Tank Witch. Take them to
the Smithy!"
"バストンウィッチの
生産方法が記された紙。
工房に持って行こう！",,1,yes,"Instructions for making a
Baston Witch. Take them to
the Smithy!"
"フォートウィッチの
生産方法が記された紙。
工房に持って行こう！",,1,yes,"Instructions for making a
Fort Witch. Take them to
the Smithy!"
"狩猟生活を満喫するハンター
の証。工房で特別な品と引き
換え可能。",,1,yes,"Awarded to those who make
the most of the hunting
life. Swap it at the Smithy."
"極限まで不純物を取り除いた
黒星鉄の塊。
暗闇での目視はかなり困難。",,1,,"A lump of black star iron
with all impurities removed.
Hard to see in the dark."
"何が書いてあるか理解不能な
赤い表紙の書物。一部の者だ
けが解読出来るらしい。",,1,,"Red book, the contents of
which can only be understood
by certain people."
"何が書いてあるか理解不能な
青い表紙の書物。一部の者だ
けが解読出来るらしい。",,1,,"Blue book, the contents of
which can only be understood
by certain people."
"何が書いてあるか理解不能な
黄色い表紙の書物。一部の者
だけが解読出来るらしい。",,1,,"Yellow book, the contents of
which can only be understood
by certain people."
"猛毒を含んだ岩石。帯電も
しているため、取り扱いには
細心の注意が必要。",,1,,"Stone containing deadly
poison. Conducts electricity
too, so be very careful."
"地図の断片を集めて貼り合わ
せたもの。しかし、まだ地図
の下半分が欠落している。",,1,,"A map made by pasting scraps
together. Its bottom half is
still missing."
"地図の断片を集めて貼り合わ
せたもの。しかし、まだ地図
の上半分が欠落している。",,1,,"A map made by pasting scraps
together. Its top half is
still missing."
"特殊なハンマーを生産するた
めの設計図。必要数集めて
武具工房に持っていこう。",,1,yes,"Blueprints for making a
special Hammer. Collect them
all and take to the Smithy!"
"特殊なランスを生産するのに
用いる希少鉱石。必要数集め、
武具工房に持っていこう。",,1,yes,"Rare ore used to make a
special Lance. Take to the
Smithy when you have enough!"
"特殊な太刀を生産するのに
用いる素材。必要数集めて
武具工房に持っていこう。",,1,,"Used to make a special Long
Sword. Take to the Smithy
when you have enough!"
"ごく稀に釣れる猛々しい魚。
世の中には愛好家がおり、
持っていくと喜ばれるとか。",,1,,"Ferocious fish very rarely
caught. Quite a lot of
people's favorite food."
"ある一定時期に群生する珍し
い植物。その強靭な繊維から
は、丈夫な布を生産できる。",,1,,"Rare plant that only grows
for a limited period. Makes
a very durable fabric."
"ボロボロに朽ちた何かの
動物？の皮。
肌触りは悪くない。",,1,yes,"The rotten hide of some kind
of creature. Surprisingly
pleasant to touch."
"溶岩を好む鎧竜の尾骨。
頑丈な装備の生産に
使えそうだ。",,1,,"The tailbone of the lava-
loving Gravios. Can be used
to make sturdy equipment."
"防具の限界を超える強化方法
について記された本の切れ端。
並の腕では実現不可能。",,1,,"Part of a text about how
expert crafting can improve
weapons beyond their limits."
"デュラガウアの鱗。硬度が高く
保温性にも優れているため、加
工素材として重宝されている。",,1,yes,"A Dyuragaua scale. Treasured
for its toughness and heat-
retaining properties."
"デュラガウアの鱗が集まって、
より強度が増した甲殻。外界の
温度によって色が変化する。",,1,yes,"A carapace made up of tough
scales. Changes color based
on the temperature."
"デュラガウアの鋭い爪。
金属に叩きつけると
独特の高い澄んだ音が鳴る。",,1,yes,"A sharp Dyuragaua claw, known
for the ringing sound it
makes when it strikes metal."
"デュラガウアの角。非常に硬
くて丈夫で、触るとひんやり
とした感触が伝わってくる。",,1,yes,"A hard, sturdy Dyuragaua horn.
Feels pleasantly cool when
touched."
"デュラガウアの棘の付いた尾。
硬度が高く、同じ素材でないと
削ることができない。",,1,yes,"The spiky tail of a Dyuragaua.
So hard that other materials
cannot cut through it."
"デュラガウアの背から剥ぎ取れ
る棘。毒性はないが、先端が鋭
いため扱いには注意が必要。",,1,yes,"Spike carved from a Dyuragaua
spine. Not poisonous, but
very sharp, so take care."
"デュラガウアの上質な鱗。光に
かざすと、宝石のように美しく
深い鉄色【てついろ】を放つ。",,1,yes,"A high-grade Dyuragaua scale.
Its iron-like surface
glints in the light."
"デュラガウアの甲殻よりも
さらに堅い部位の外殻。傷を
付けることすらままならない。",,1,yes,"A Dyuragaua's shell is even
tougher than its carapace,
and almost indestructible."
"デュラガウアの良質な爪。美
しい色のグラデーションにこ
だわりを持つハンターも多い。",,1,yes,"A high-quality Dyuragaua claw.
Many a Hunter has been
entranced by its coloring."
"デュラガウアの良質な角。
微妙な形状と色合いは、同じも
のがひとつとして存在しない。",,1,yes,"A fine Dyuragaua horn. Each
one is totally unique in
shape and color."
"立派な棘が付いたデュラガウア
の上質な尾。珍品として高値で
取引されることも。",,1,yes,"A high-grade Dyuragaua tail
covered in spikes. Rare, and
therefore highly valued."
"デュラガウアから稀に取れる
上質な棘。先端までしっかりと
鋭さを保つ棘は珍しい。",,1,yes,"A top-quality spike that can
sometimes be carved from a
Dyuragaua. Very sharp indeed."
"駆け出しハンターの証明書。
先輩と一緒に受注できる
特定のクエストで使用する。",,1,yes,"Given to rookie Hunters to
use on certain Quests
initiated with veterans."
"片手剣を極めんとする者に
与えられる努力の証【序】",,1,,"Awarded to those who've
worked hard to master the
Sword. (Novice Level)"
"片手剣を極めんとする者に
与えられる努力の証【中】",,1,,"Awarded to those who've
worked hard to master the
Sword. (Average Level)"
"片手剣を極めんとする者に
与えられる努力の証【極】",,1,,"Awarded to those who've
worked hard to master the
Sword. (Extreme Level)"
"片手剣を極めんとする者に
与えられる努力の証【天】",,1,,"Awarded to those who've
worked hard to master the
Sword. (Master Level)"
"双剣を極めんとする者に
与えられる努力の証【序】",,1,,"Awarded to those who've
worked hard to master the
Dual Blades. (Novice Level)"
"双剣を極めんとする者に
与えられる努力の証【中】",,1,,"Awarded to those who've
worked hard to master the
Dual Blades. (Average Level)"
"双剣を極めんとする者に
与えられる努力の証【極】",,1,,"Awarded to those who've
worked hard to master the
Dual Blades. (Extreme Level)"
"双剣を極めんとする者に
与えられる努力の証【天】",,1,,"Awarded to those who've
worked hard to master the
Dual Blades. (Master Level)"
"大剣を極めんとする者に
与えられる努力の証【序】",,1,,"Awarded to those who've
worked hard to master the
Great Sword. (Novice Level)"
"大剣を極めんとする者に
与えられる努力の証【中】",,1,,"Awarded to those who've
worked hard to master the
Great Sword. (Average Level)"
"大剣を極めんとする者に
与えられる努力の証【極】",,1,,"Awarded to those who've
worked hard to master the
Great Sword. (Extreme Level)"
"大剣を極めんとする者に
与えられる努力の証【天】",,1,,"Awarded to those who've
worked hard to master the
Great Sword. (Master Level)"
"太刀を極めんとする者に
与えられる努力の証【序】",,1,,"Awarded to those who've
worked hard to master the
Long Sword. (Novice Level)"
"太刀を極めんとする者に
与えられる努力の証【中】",,1,,"Awarded to those who've
worked hard to master the
Long Sword. (Average Level)"
"太刀を極めんとする者に
与えられる努力の証【極】",,1,,"Awarded to those who've
worked hard to master the
Long Sword. (Extreme Level)"
"太刀を極めんとする者に
与えられる努力の証【天】",,1,,"Awarded to those who've
worked hard to master the
Long Sword. (Master Level)"
"ハンマーを極めんとする者に
与えられる努力の証【序】",,1,yes,"Awarded to those who've
worked hard to master the
Hammer. (Novice Level)"
"ハンマーを極めんとする者に
与えられる努力の証【中】",,1,yes,"Awarded to those who've
worked hard to master the
Hammer. (Average Level)"
"ハンマーを極めんとする者に
与えられる努力の証【極】",,1,yes,"Awarded to those who've
worked hard to master the
Hammer. (Extreme Level)"
"ハンマーを極めんとする者に
与えられる努力の証【天】",,1,yes,"Awarded to those who've
worked hard to master the
Hammer. (Master Level)"
"狩猟笛を極めんとする者に
与えられる努力の証【序】",,1,,"Awarded to those who've
worked hard to master the
Hunting Horn. (Novice Level)"
"狩猟笛を極めんとする者に
与えられる努力の証【中】",,1,,"Awarded to those who've
worked hard to master the
Hunting Horn. (Average Lv.)"
"狩猟笛を極めんとする者に
与えられる努力の証【極】",,1,,"Awarded to those who've
worked hard to master the
Hunting Horn. (Extreme Lv.)"
"狩猟笛を極めんとする者に
与えられる努力の証【天】",,1,,"Awarded to those who've
worked hard to master the
Hunting Horn. (Master Lv.)"
"ランスを極めんとする者に
与えられる努力の証【序】",,1,yes,"Awarded to those who've
worked hard to master the
Lance. (Novice Level)"
"ランスを極めんとする者に
与えられる努力の証【中】",,1,yes,"Awarded to those who've
worked hard to master the
Lance. (Average Level)"
"ランスを極めんとする者に
与えられる努力の証【極】",,1,yes,"Awarded to those who've
worked hard to master the
Lance. (Extreme Level)"
"ランスを極めんとする者に
与えられる努力の証【天】",,1,yes,"Awarded to those who've
worked hard to master the
Lance. (Master Level)"
"ガンランスを極めんとする者に
与えられる努力の証【序】",,1,yes,"Awarded to those who've
worked hard to master the
Gunlance. (Novice Level)"
"ガンランスを極めんとする者に
与えられる努力の証【中】",,1,yes,"Awarded to those who've
worked hard to master the
Gunlance. (Average Level)"
"ガンランスを極めんとする者に
与えられる努力の証【極】",,1,yes,"Awarded to those who've
worked hard to master the
Gunlance. (Extreme Level)"
"ガンランスを極めんとする者に
与えられる努力の証【天】",,1,yes,"Awarded to those who've
worked hard to master the
Gunlance. (Master Level)"
"ヘビィボウガンを極めんとする
者に与えられる努力の証【序】",,1,yes,"Awarded to those who've
worked hard to master the
Heavy Bowgun. (Novice Level)"
"ヘビィボウガンを極めんとする
者に与えられる努力の証【中】",,1,yes,"Awarded to those who've
worked hard to master the
Heavy Bowgun. (Average Lv.)"
"ヘビィボウガンを極めんとする
者に与えられる努力の証【極】",,1,yes,"Awarded to those who've
worked hard to master the
Heavy Bowgun. (Extreme Lv.)"
"ヘビィボウガンを極めんとする
者に与えられる努力の証【天】",,1,yes,"Awarded to those who've
worked hard to master the
Heavy Bowgun. (Master Lv.)"
"ライトボウガンを極めんとする
者に与えられる努力の証【序】",,1,yes,"Awarded to those who've
worked hard to master the
Light Bowgun. (Novice Level)"
"ライトボウガンを極めんとする
者に与えられる努力の証【中】",,1,yes,"Awarded to those who've
worked hard to master the
Light Bowgun. (Average Lv.)"
"ライトボウガンを極めんとする
者に与えられる努力の証【極】",,1,yes,"Awarded to those who've
worked hard to master the
Light Bowgun. (Extreme Lv.)"
"ライトボウガンを極めんとする
者に与えられる努力の証【天】",,1,yes,"Awarded to those who've
worked hard to master the
Light Bowgun. (Master Lv.)"
"弓を極めんとする者に
与えられる努力の証【序】",,1,,"Awarded to those who've
worked hard to master the
Bow. (Novice Level)"
"弓を極めんとする者に
与えられる努力の証【中】",,1,,"Awarded to those who've
worked hard to master the
Bow. (Average Level)"
"弓を極めんとする者に
与えられる努力の証【極】",,1,,"Awarded to those who've
worked hard to master the
Bow. (Extreme Level)"
"弓を極めんとする者に
与えられる努力の証【天】",,1,,"Awarded to those who've
worked hard to master the
Bow. (Master Level)"
"大きくて重量感たっぷりの
イャンクックのクチバシ。
運ぶだけでも一苦労！",,1,yes,"Huge, hefty Yian Kut-Ku
beak. Just carrying it is
enough to tire you out!"
"猛々しい鳴き声が今にも聞こ
えてきそうな、イャンクック
の幻のクチバシ。",,1,yes,"A ghostly Yian Kut-Ku beak.
You can almost still hear
its terrifying wail."
"出会うことさえ難しいと言われ
るイャンクックの上質なクチバ
シ。別名、幸運のクチバシ。",,1,yes,"Top-grade Yian Kut-Ku beak.
Not at all easy to find, but
said to be extremely lucky."
"鋭さに磨きのかかったババコ
ンガの爪。その威力は岩をも
一撃で砕くと言う。",,1,yes,"A sharp Congalala claw,
polished to a sheen. Strong
enough to smash rocks."
"ババコンガの湾曲した鋭い爪。
えぐるようにモノを切り裂く
ことからこの名が付いた。",,1,yes,"Curved Congalala claw
named for the way it scoops
away its enemies' flesh."
"年月をかけて鋭く尖ったババ
コンガの爪。状態の良いもの
はなかなか手に入らない。",,1,yes,"A Congalala claw sharpened
over time. It's hard to find
them in good condition."
"鋭利さと滑らかさをあわせ
持ったヴォルガノスのヒレ。
武器職人に大人気の加工素材。",,1,yes,"A sharp, smooth Volganos
fin. A very popular material
among weapon makers."
"滑らかな光沢を放つヴォルガ
ノスのヒレ。切れ味は一級品。
【じんびれ】と呼ぶ。",,1,yes,"A smooth, gleaming Volganos
fin. Makes an excellent
blade for cutting."
"ヴォルガノスの最上級のヒレ。
素手で扱うにはかなりの
危険がともなう。",,1,yes,"A Volganos fin of the
highest quality. Not to be
handled with bare hands."
"弾力性を増したフルフルの皮。
その不思議なさわり心地に
魅了されるハンターも多い。",,1,yes,"Fluffy hide with increased
bounce. Lots of Hunters are
in love with how it feels."
"真っ白なフルフルの皮。使い
込むほど白さに磨きがかかる
という、不思議な性質を持つ。",,1,yes,"A snow-white fluffy hide.
Supremely refined, with
mysterious qualities."
"脂たっぷりのフルフルの
腹肉。ついつい食べたく
なるが、そこはガマンガマン。",,1,yes,"The fatty belly of a Khezu.
Looks very tasty, but
not at all edible."
"丈夫さを増したリオレウスの
鱗。加工素材としての人気が
非常に高い。",,1,yes,"A Rathalos scale with
increased toughness. Very
popular crafting material."
"リオレウスの最高級の鱗。
触れるとどこか熱を帯びた
感触が伝わってくる…。",,1,yes,"A Rathalos scale of the
highest quality. Feels
strangely warm to the touch."
"その名にふさわしい極上の鱗。
見事な形と色つやに思わず
誰もが息をのむ。",,1,,"As the name suggests, this
is a top-quality scale
that's truly breathtaking."
"リオレイアの強靭な鱗の
集まり。その強さはまるで
鋼のように頑丈。",,1,yes,"This shell is formed of
tough Rathalos scales,
making it as hard as steel."
"鋼殻よりもさらに頑丈な外殻。
この地域では敬意を込めて
【れいかく】と呼んでいる。",,1,,"Even stronger than a Steel
Rathian Shell, its toughness
is widely revered."
"滅多に出会えない極上の外殻。
強度に加え、見事なほどの
美しい艶で覆われている。",,1,,"Very rare high-grade shell
that combines toughness with
a beautiful glazed finish."
"ディアブロスのひどくねじれ
た角。この素材で作られた
武具は一生ものになるという。",,1,yes,"A warped Diablos horn. Gear
made from this material will
last you a lifetime."
"ディアブロスのいびつにねじ
れた角。加工には大変な苦労
を要するが、耐久力は抜群。",,1,yes,"A distorted Diablos horn.
Not easy to craft, but an
extremely durable material."
"ディアブロスの美しくねじれ
た角。加工せず、調度品とし
て部屋に飾るハンターも多い。",,1,yes,"A delicately curved Diablos
horn. Many Hunters like to
use it as an ornament."
"ドドブランゴの上質な牙。
硬度が高く状態が良いので、
より強い武具に加工できる。",,1,yes,"A high-grade Blangonga Fang.
In good condition, so should
make excellent equipment."
"ドドブランゴの極上の牙。
ここまで状態の良いものには
なかなかお目にかかれない。",,1,yes,"Blangonga fangs of this
quality and condition are
very rarely seen."
"無数の傷跡が残るドドブランゴ
の鋭利な牙。雪獅子の名にふさ
わしい歴史を感じ取れる。",,1,yes,"Heavily scratched Blangonga
fang that speaks of
countless brutal battles."
"お店で売れる金券チケット。
かつてはギルドから
ハンターに配布されていた。",,1,yes,"A ticket that lets you try
Hard-Core Mode. Keep your
wits about you!"
"緑の枝葉に積もる、わた雪の
ように白い花を咲かせること
から名付けられた植物。",,1,,"Covered in green leaves and
little white flowers that
give it its name."
"花から多量の蜜が出て、その
さまがみぞれに見えることか
ら名付けられた植物。",,1,,"The clouds of pollen
produced by its flowers
give this herb its name."
"ポポの角のように大きく、
立派に咲くことから名付けら
れた植物。白い花を咲かせる。",,1,yes,"Plants named for the fact
that their white flowers are
as big as Popo Tusks."
"実を包む葉の部分が、巾着の
ようになっていることから
名付けられた植物。",,1,,"The leaves that surround the
fruits of this plant look
just like a woman's purse."
"葉の表と裏が逆に見えて、
めくれたように見えること
から名付けられた植物。",,1,,"A plant so-called because
its leaves appear to have
been flipped inside-out."
"透き通った橙色をした鉱石。
採れる数が少ないため貴重な
扱いとなっている。",,1,,"An opaque orange mineral.
Its rarity means it is
considered valuable."
"一見、表面に緑色のカビが
生えているかのように見え
る、変わった鉱物。",,1,yes,"At first glance, this weird
mineral seems to be covered
in a green fungus."
"一見、表面に青色のカビが
生えているかのように見え
る、変わった鉱物。",,1,yes,"At first glance, this weird
mineral seems to be covered
in a blue fungus."
"一見、表面に赤色のカビが
生えているかのように見え
る、変わった鉱物。",,1,yes,"At first glance, this weird
mineral seems to be covered
in a red fungus."
"まるで雪のように見える、
細かく放射状に形成された
白い結晶の塊。",,1,,"A lump of white crystal that
has a radial pattern. Looks
just like a snowball."
"どんなに寒い環境であっても、
生きている不思議な虫。
ただし水にはとても弱い。",,1,,"This weird bug can live in
the coldest places, but
can't handle water at all."
"羽の色、文様がギアノスの
体表に似ていることから名付
けられた蝶。",,1,yes,"So named because its wing
color and pattern look just
like a Giaprey's hide."
"全体が白く、触手や足が細く
体よりも長いのが特徴。カサ
カサと素早く移動する。",,1,yes,"All-white insect with legs
and feelers that are longer
than its body. Pretty swift."
"体毛が白く、まるで柔らかな
雪のようなことから名付けら
れたクモ。意外と大きい。",,1,yes,"A spider named for its soft
white body hair. Much bigger
than you'd expect."
"生涯の大半を地中で送り、地
上では数日しか生きない虫。",,1,,"Insect that spends most of
its life underground. Can't
survive long on the surface."
"モンスターに食いちぎられた
ような状態のポーチ。汚れて
いるが、布の質はとても良い。",,1,yes,"A pouch that looks like it's
been chewed up by a monster.
Made of a good material."
"どこかに飾っていたと思われ
る花束。しおれてはいるが、
珍しい花ばかり。",,1,,"This bunch of flowers has
seen much better days, but
is full of rare specimens."
"何度も修復を試みた形跡が
見られる壺。それでもやっ
ぱり割れてしまっている。",,1,,"Many attempts have been made
to fix this pot, but it
remains cracked."
"辛いもの好きは誰もが知って
いる香辛料。初心者お断り級
の破壊的な辛さを持つ。",,1,,"The go-to ingredient for
those who like spicy food.
Not for the faint-hearted."
"大きな葉の形が、炎のような
形をしていることから名付け
られた植物。熱くはない。",,1,,"This plant takes its name
from its large, flame-shaped
leaves. It's not hot at all."
"燃え後の炭のような草。
見た目に反して根は太く、
水分を多く溜めている。",,1,,"A herb that looks like
burnt-out coal, but actually
contains a lot of water."
"葉の形が、炎のような形をし
ていることから名付けられた
植物。熱くはない。",,1,,"This plant takes its name
from its flame-shaped
leaves. It's not hot at all."
"調理をしていなくても、少し
熱を帯びたような温かさのあ
る、不思議な豆。",,1,,"A curious bean that's warm
even before it's cooked."
"透き通った赤色をした鉱石。
採れる数が少ないため貴重な
扱いとなっている。",,1,,"An opaque red mineral.
Its rarity means it is
considered valuable."
"微量の金属を含んだ赤い石。
形状がカットされたごぼうに
よく似ている。",,1,yes,"A red stone containing a
tiny amount of metal. Looks
like a burdock plant."
"砕く時、一瞬発火する岩石。
その辺に置いておくのも危険
なので、あまり出回らない。",,1,,"A stone that lights up
instantly when struck. Take
great care around it."
"微量の金属を含んだ黒い石。
形状がカットされたごぼうに
よく似ている。",,1,yes,"A black stone containing a
tiny amount of metal. Looks
like a burdock plant."
"微量の金属を含んだ青い石。
形状がカットされたごぼうに
よく似ている。",,1,yes,"A blue stone containing a
tiny amount of metal. Looks
like a burdock plant."
"溶岩のような高温の近くで
熱さを無視した生態らしいこ
とから名付けられた虫。",,1,,"An insect named for its
habit of living in extremely
hot places."
"羽の色、模様がイーオスの
体表に似ていることから名付
けられた蝶。",,1,yes,"So named because its wing
color and pattern look just
like an Ioprey's hide."
"体表が火山にある岩に良く似
ているため名付けられた虫。",,1,,"An insect named for its
uncanny similarity to
volcanic rock."
"羽の文様が、青い目の様に
見えることから名付けられた
蝶。",,1,,"A butterfly named for the
fact that its wings look
like little blue eyes."
"人が扱うにはとても小さな
刀剣の柄部分。握り跡が
使い込みを感じさせる。",,1,,"This sword handle looks far
too small for a human, and
appears to be well-used."
"焼け焦げた状態のマタタビ。
粉々にならず、きれいに形が
残っているのは珍しい。",,1,yes,"Though covered in burns,
this Felvine retains its
original shape."
"作りかけの、手のひらサイズ
のタル。ところどころに、
獣の毛が挟まっている。",,1,yes,"Part-constructed palm-sized
barrel. Clumps of hair are
trapped in its joints."
"古めかしい石板の欠片。
個性的な絵の下側が途切れて
いる。思ったより高く売れる。",,1,,"A piece of stone tablet with
an image on it that's been
cut off at the bottom."
"古めかしい石板の欠片。
個性的な絵の上下が途切れて
いる。思ったより高く売れる。",,1,,"A piece of stone tablet with
an image on it that's cut
off at the top and bottom."
"古めかしい石板の欠片。
個性的な絵の上側が途切れて
いる。思ったより高く売れる。",,1,,"A piece of stone tablet with
an image on it that's been
cut off at the top."
"欠片をあわせてできた
貴重な石板。
かなりの珍品で貴重。",,1,,"A reassembled stone tablet.
Very rare, and therefore
highly valuable."
"冥雷竜の丈夫な外殻。
大地に雪が降り積もった
ような色合いが特徴的。",,1,,"A sturdy Doragyurosu shell,
known for its distinctive
snow-white color."
"冥雷竜の上質な鱗。保温性に
優れており、極寒地方の武具
素材として人気が高い。",,1,,"A fine Doragyurosu scale that's
just the right material for
making thermal equipment."
"しなやかで強靭な冥雷竜の尾。
他の飛竜に比べて小振りだが、
素材としての耐久力は抜群。",,1,,"Tough, supple Doragyurosu tail.
Smaller than other Wyverns',
but a very durable material."
"黒雷の次に主力武器として活
躍する冥雷竜の特徴的な鉤爪。
狙った獲物は決して逃さない。",,1,,"The Doragyurosu's sharp claw is
one of its main weapons. Its
prey doesn't stand a chance."
"冥雷竜の角。放出する黒雷の
動きを制御していると考えら
れている。攻撃には用いない。",,1,,"A Doragyurosu's horn is thought
to control its Black Bolts.
It's not used to attack."
"驚くほど軽い冥雷竜の翼。
放っておくと帯電し、
赤黒い静電気が発生する。",,1,,"Red-black static electricity
courses through this
surprisingly light wing."
"冥雷竜のしなやかな動きを
生み出す骨髄。なかなか
お目にかかれない代物。",,1,,"The Doragyurosu's smooth
movement is down to this
rarely seen bone marrow."
"非常に珍しい冥雷竜のたてが
み。壊れやすいため、扱いに
は熟練した技術が必要。",,1,,"A very rare Doragyurosu mane.
Easy to break, so requires a
skilled craftsman."
"体内でエネルギーを圧縮する
際に出来たと思われる結晶。
【えんぎょく】と読む。",,1,yes,"Crystal formed when a
Doragyurosu concentrates
energy within its body."
"スティフインパクトの
生産方法が記された紙。
工房に持って行こう！",,1,yes,"Instructions for making a
Stiff Impact.
Take them to the Smithy!"
"グレーヴインパクトの
生産方法が記された紙。
工房に持って行こう！",,1,yes,"Instructions for making a
Grave Impact.
Take them to the Smithy!"
"マンモススラッシュの
生産方法が記された紙。
工房に持って行こう！",,1,yes,"Instructions for making a
Mammoth Slasher.
Take them to the Smithy!"
"フュリアススラッシュの
生産方法が記された紙。
工房に持って行こう！",,1,yes,"Instructions for making a
Furious Slasher.
Take them to the Smithy!"
"フレイムベヨネットの
生産方法が記された紙。
工房に持って行こう！",,1,yes,"Instructions for making a
Flame Bayonet.
Take them to the Smithy!"
"アクオンベヨネットの
生産方法が記された紙。
工房に持って行こう！",,1,yes,"Instructions for making an
Aqua Bayonet.
Take them to the Smithy!"
"スパークメイスの
生産方法が記された紙。
工房に持って行こう！",,1,yes,"Instructions for making a
Spark Mace.
Take them to the Smithy!"
"ドレイクメイスの
生産方法が記された紙。
工房に持って行こう！",,1,yes,"Instructions for making a
Drake Mace.
Take them to the Smithy!"
"きんねこ大剣【鈍】の
生産方法が記された紙。
工房に持って行こう！",,1,,"Instructions for making a
Numbing Gold Cat Sword.
Take them to the Smithy!"
"ぎんねこ大剣【痛】の
生産方法が記された紙。
工房に持って行こう！",,1,,"Instructions for making a
Silver Cat Toxin Sword.
Take them to the Smithy!"
"ワイヴェンボルトの
生産方法が記された紙。
工房に持って行こう！",,1,yes,"Instructions for making a
Wyvern Bolt.
Take them to the Smithy!"
"クリムズンファングの
生産方法が記された紙。
工房に持って行こう！",,1,yes,"Instructions for making a
Crimson Fang.
Take them to the Smithy!"
"トーメントファングの
生産方法が記された紙。
工房に持って行こう！",,1,yes,"Instructions for making a
Torment Fang.
Take them to the Smithy!"
"ヒートストックの
生産方法が記された紙。
工房に持って行こう！",,1,yes,"Instructions for making a
Heatstock.
Take them to the Smithy!"
"ブレイズストックの
生産方法が記された紙。
工房に持って行こう！",,1,yes,"Instructions for making a
Blazestock.
Take them to the Smithy!"
"フレアストックの
生産方法が記された紙。
工房に持って行こう！",,1,yes,"Instructions for making a
Flamestock.
Take them to the Smithy!"
"リップルストックの
生産方法が記された紙。
工房に持って行こう！",,1,yes,"Instructions for making a
Ripplestock.
Take them to the Smithy!"
"スヴェルストックの
生産方法が記された紙。
工房に持って行こう！",,1,yes,"Instructions for making a
Swervestock.
Take them to the Smithy!"
"ローグストックの
生産方法が記された紙。
工房に持って行こう！",,1,yes,"Instructions for making a
Roguestock.
Take them to the Smithy!"
"きんねこ砲【壱式】の
生産方法が記された紙。
工房に持って行こう！",,1,,"Instructions for making a
Gold Cat Cannon Mk1.
Take them to the Smithy!"
"きんねこ砲【弐式】の
生産方法が記された紙。
工房に持って行こう！",,1,,"Instructions for making a
Gold Cat Cannon Mk2.
Take them to the Smithy!"
"きんねこ砲【参式】の
生産方法が記された紙。
工房に持って行こう！",,1,,"Instructions for making a
Gold Cat Cannon Mk3.
Take them to the Smithy!"
"ぎんねこ砲【壱式】の
生産方法が記された紙。
工房に持って行こう！",,1,,"Instructions for making a
Silver Cat Cnn Mk1.
Take them to the Smithy!"
"ぎんねこ砲【弐式】の
生産方法が記された紙。
工房に持って行こう！",,1,,"Instructions for making a
Silver Cat Cnn Mk2.
Take them to the Smithy!"
"ぎんねこ砲【参式】の
生産方法が記された紙。
工房に持って行こう！",,1,,"Instructions for making a
Silver Cat Cnn Mk3.
Take them to the Smithy!"
"エスピマスク・緑の
生産方法が記された紙。
工房に持って行こう！",,1,yes,"Instructions for making a
Green Espinas Mask.
Take them to the Smithy!"
"エスピマスク・茶の
生産方法が記された紙。
工房に持って行こう！",,1,yes,"Instructions for making a
Brown Espinas Mask.
Take them to the Smithy!"
"エスピマスク・白の
生産方法が記された紙。
工房に持って行こう！",,1,yes,"Instructions for making a
White Espinas Mask.
Take them to the Smithy!"
"ギルドが記念品として発行
したコイン。光に当てなく
ても白く輝いている。",,1,yes,"A commemorative Guild coin.
It retains its white glow,
even in darkness."
"どこからも採掘した記録がな
い漆黒の金属。龍の属性を
帯びている。",,1,,"Jet-black metal of unknown
origin. Appears to have some
connection with dragons."
"最新の製錬技術を用いて
究極の硬さを得た金属板。
加工の苦労は想像を超える。",,1,,"Very tough metal sheet made
using the latest smelting
techniques. Hard to craft."
"最新の製錬技術を用いて
究極の硬さを得た鎖。
加工の苦労は想像を超える。",,1,,"Very tough metal chain made
using the latest smelting
techniques. Hard to craft."
"最新の製錬技術を用いて
究極の硬さを得たボルト。
加工の苦労は想像を超える。",,1,yes,"Very tough metal bolt made
using the latest smelting
techniques. Hard to craft."
"感触があまりにも良いため
我を忘れて触り続けてしまう
ぷにぷにした何か。",,1,,"Feels so good to touch,
you'll just want to keep
touching it forever..."
"ウォームセイバーの
生産方法が記された紙。
工房に持って行こう！",,1,yes,"Instructions for making a
Warm Saber. Take them
to the Smithy!"
"シャインセイバーの
生産方法が記された紙。
工房に持って行こう！",,1,yes,"Instructions for making a
Shine Saber. Take them
to the Smithy!"
"デザイアセイバーの
生産方法が記された紙。
工房に持って行こう！",,1,yes,"Instructions for making a
Desire Saber. Take them
to the Smithy!"
"宗家の達人が開発した銃槍
の製法が記された秘伝書。
工房に持って行こう！",,1,,"Secret instructions for
making a certain Gunlance.
Take them to the Smithy!"
"雷の力を帯びた金属製の歯車。
ある発明品を組み立てるため
欠かすことのできない部品。",,1,,"A metal cog imbued with the
power of lightning. Needed
to assemble a certain item."
"ＥＢＸ【Ｃｏｒｅ】の
生産方法が記された紙。
工房に持って行こう！",,1,,"Instructions for making a
Core EBX. Take them to
the Smithy!"
"ＥＢＸ【Ｐｒｏ】の
生産方法が記された紙。
工房に持って行こう！",,1,,"Instructions for making a
Pro EBX. Take them to
the Smithy!"
"ＥＢＸ【Ｅｌｉｔｅ】の
生産方法が記された紙。
工房に持って行こう！",,1,,"Instructions for making an
Elite EBX. Take them to
the Smithy!"
"ハンターズギルドが発行する
金属製のコイン。教官への愛
のせいかどっしりと重い。",,1,yes,"Metal coin produced by the
Guild. Heavily laden with
your instructor's love."
"野生の繁殖期の力が
凝縮された蒼色の毛。
ほんのりと良い匂いがする。",,1,,"Blue pelt, imbued with the
raw power of springtime in
the wild. Rather aromatic."
"大きさが諸説さまざまな謎の
たまご。利用する用途は不明
だが一部で取引されている。",,1,,"Various theories exist about
why this strange egg is so
big. Surprisingly in demand."
"ヘイルポニアの
生産方法が記された紙。
工房に持って行こう！",,1,yes,"Instructions for making
Hail Poniards. Take them
to the Smithy!"
"トクシックポニアの
生産方法が記された紙。
工房に持って行こう！",,1,yes,"Instructions for making a
Toxic Poniards. Take
them to the Smithy!"
"アクアキャリバーの
生産方法が記された紙。
工房に持って行こう！",,1,yes,"Instructions for making an
Aqua Caliber. Take them to
the Smithy!"
"メタルキャリバーの
生産方法が記された紙。
工房に持って行こう！",,1,yes,"Instructions for making a
Metal Caliber. Take them to
the Smithy!"
"ヴェノムソールの
生産方法が記された紙。
工房に持って行こう！",,1,yes,"Instructions for making a
Venom Parasol. Take
them to the Smithy!"
"エレクトロソールの
生産方法が記された紙。
工房に持って行こう！",,1,yes,"Instructions for making a
Electro Parasol. Take
them to the Smithy!"
"ナガホイッスルの
生産方法が記された紙。
工房に持って行こう！",,1,yes,"Instructions for making a
Naga Whistle. Take them to
the Smithy!"
"ハイドラホイッスルの
生産方法が記された紙。
工房に持って行こう！",,1,yes,"Instructions for making a
Hydra Whistle. Take them to
the Smithy!"
"スラッグランチャーの
生産方法が記された紙。
工房に持って行こう！",,1,yes,"Instructions for making a
Slug Launcher. Take them to
the Smithy!"
"ネイドランチャーの
生産方法が記された紙。
工房に持って行こう！",,1,yes,"Instructions for making a
Big Grenade Launcher.
Take them to the Smithy!"
"アルティランチャーの
生産方法が記された紙。
工房に持って行こう！",,1,yes,"Instructions for making an
Artillery Launcher. Take
them to the Smithy!"
"リザードモルターの
生産方法が記された紙。
工房に持って行こう！",,1,yes,"Instructions for making a
Lizard Mortar. Take them to
the Smithy!"
"スケイルモルターの
生産方法が記された紙。
工房に持って行こう！",,1,yes,"Instructions for making a
Scale Mortar. Take them to
the Smithy!"
"ドラコモルターの
生産方法が記された紙。
工房に持って行こう！",,1,yes,"Instructions for making a
Draco Mortar. Take them to
the Smithy!"
"雷豪斬鉄鎌の生産方法が
記されたチケット。
工房に持って行こう！",,1,yes,"Instructions for making a
Thunder Scythe. Take
them to the Smithy!"
"灼熱轟焔鎌の生産方法が
記されたチケット。
工房に持って行こう！",,1,yes,"Instructions for making a
Burning Scythe. Take
them to the Smithy!"
"恐龍瞬滅鎌の生産方法が
記されたチケット。
工房に持って行こう！",,1,yes,"Instructions for making a
Wyvern Scythe. Take
them to the Smithy!"
"世代が一巡するほどの時間を
かけて出来上がったつらら。
たくさん集めよう！",,1,,"An icicle that has taken an
entire generation to form.
Gather lots of these!"
"千年もの間降り続けた雪を、
常温保存可能な塊にしたもの。
たくさん集めよう！",,1,,"Millennia in the making,
this lump of snow keeps its
cool. Gather lots of these!"
"決して溶けることのない氷の
大地を削り取ったもの。
たくさん集めよう！",,1,,"A piece of ice shaved from
a sheet that's never melted.
Gather lots of these!"
"世界の果てにあると言われる
巨大な氷山のごくごく一部。
たくさん集めよう！",,1,,"A tiny piece of an iceberg
said to exist in a distant
place. Gather lots of these!"
"表と裏の色がまったく異なる
不思議で珍しい天然の石。
たくさん集めよう！",,1,,"Rare stone that's a totally
different color on each
side. Gather lots of these!"
"一見すると美味しそうだが、
とても食べられない味の植物。
たくさん集めよう！",,1,,"Looks like a tasty treat at
first, but totally inedible.
Gather lots of these!"
"刃こぼれさせて威力を高める
砥石。普通の刃には使用不可。
たくさん集めよう！",,1,,"Increases Attack power, but
damages the blade. Gather
lots of these!"
"見る角度によって、表情を
大きく変える希少な金属。
たくさん集めよう！",,1,,"Metal that looks different
from different angles.
Gather lots of these!"
"奇面族の奇妙な面のカケラ。
見たこともない素材らしく、
詳しいことは分からない。",,1,yes,"This is a material that
hasn't been seen before.
Details are very hazy."
"ある音を出すための楽譜。
音を視ることができる者曰く、
その音色は紅色らしい。",,1,,"Sheet music for producing
a certain note, said to be
red in color."
"ある音を出すための楽譜。
音を視ることができる者曰く、
その音色は蒼色らしい。",,1,,"Sheet music for producing
a certain note, said to be
blue in color."
"深い絆で結ばれている仲間達
が過ごした時間だけチカラに
なる！",,1,yes,"The time you spend with
close friends becomes a
source of power!"
"教官見習ネコの熱い心意気。
持ち歩くと教官見習ネコの
言葉を思い出す。",,1,yes,"Carrying this around will
remind you of what the
Apprentice Felyne said."
"常に濡れている軟らかい皮。
峡谷の崖の上に放置しても
乾くことがないらしい。",,1,,"A soft hide that will
always stay wet, even in the
heat of the Desert."
"ある時期になると、
メゼポルタ広場で流れる曲。
何かを感じずにはいられない。",,1,yes,"This tune can be heard in
Mezeporta at a certain time
of year. Very evocative."
"履く用途で使われることのな
い靴下。ベッドに吊るすとい
いことがあるらしい。",,1,yes,"This stocking is not for
wearing. Try hanging it
at the end of your bed."
"素敵な気持ちが集まって結晶
化したアツい情熱の形。
待ち望んだときがくる？！",,1,yes,"A shape made from condensed
positive emotions. Will it
make your dreams come true?"
"素敵な気持ちが集まって結晶
化したアツい情熱の矢。
待ち望んだときがくる？！",,1,yes,"An arrow made from condensed
positive emotions. Will it
make your dreams come true?"
"深い絆で結ばれている仲間達
へ贈られた印。
決して消えることはない。",,1,,"A seal awarded to those
who've formed deep bonds. It
cannot be removed."
"奇面族が落とした肉焼きセッ
ト。汚れが目立っており、
かなり使用しているようだ。",,1,yes,"A BBQ set dropped by a
Shakalaka. Pretty dirty, so
it must be well-used."
"奇面族が被っている仮面の一
部。何かの拍子に取れてしま
ったようだ。",,1,,"Part of a mask worn by a
Shakalaka. Used to keep some
kind of tempo going..."
"奇面族が腰に着用している、
どんぐり形のポーチ。
フタは開かない。",,1,yes,"An acorn-shaped pouch that
hangs from a Shakalaka's
hip. Cannot be opened."
"大きな木のテッペンに飾る星。
昼夜関係なく輝いている。
一度は飾ってみたい。",,1,yes,"A decorative star placed at
the top of a big tree. Keeps
shining day and night."
"凍てつくような冷たさを
感じさせる毛皮。
武具工房で加工してもらえる。",,1,,"This pelt is ice-cold to the
touch. The Smithy will be
able to craft it for you."
"硬度の非常に高い石。
熟練の職人でないと加工は
難しい。",,1,,"An extremely hard stone.
Requires a lot of experience
to work with."
"とても獰猛なモンスターから
剥ぎ取った爪。触ることが
できないほど冷たい。",,1,yes,"A claw carved from a truly
ferocious monster. Far too
cold to consider touching."
"とても獰猛なモンスターから
剥ぎ取った牙。触ることが
できないほど鋭い。",,1,yes,"A fang carved from a truly
ferocious monster. Far too
sharp to consider touching."
"状態の良い棘竜の牙。
高い硬度を活かし、
高性能な武具素材となる。",,1,,"An Espinas fang in good
condition. Its hardness
makes it a useful material."
"状態の良い棘竜の棘。
高い強度を活かし、
高性能な武具素材となる。",,1,,"An Espinas spike in good
condition. Its hardness
makes it a useful material."
"状態の良い棘竜の角。
非常に強靭なため
高性能な武具素材となる。",,1,,"An Espinas horn in good
condition. Its toughness
makes it a useful material."
"非常に珍しい形をした棘竜の
逆鱗。鋭い外縁を利用し、
高性能な武具素材となる。",,1,,"An unusually shaped scale
with a sharp edge that makes
it a very useful material."
"見た事も無い機構の武器。
ひと工夫すれば大型モンス
ターの狩猟にも使えそうだ。",,1,yes,"A new weapon that could slay
huge monsters with just a
few adaptations."
"ただの農具。このままでは
武器としては頼りないが、
何かと組み合わせれば…。",,1,,"This farm tool is no good as
a weapon. Unless you combine
it with something else..."
"大型のナイフ。もうひと工夫
で強力な武器になりそうだ。
何かと組み合せたくなる。",,1,yes,"A few alterations would make
this knife truly lethal. Try
combining with something..."
"拳闘用の道具。大型モンス
ターには全く歯が立たないが、
フィット感は抜群に良い。",,1,yes,"This boxing glove isn't much
good against big monsters,
but it fits like a... glove!"
"これさえあればどんな物でも
結合できる万能アイテム。
あまり深く考えずに巻け。",,1,yes,"This versatile tape lets you
join any items together.
Don't think, just stick!"
"ムースヘッドの
生産方法が記された紙。
工房に持って行こう！",,1,yes,"Instructions for making a
Moose Head.
Take them to the Smithy!"
"ゴツゴツとした手触りを持つ
岩竜の外殻。稀に珍しい鉱石
が混じっていることもある。",,1,yes,"A rugged Basarios shell.
Rare minerals can sometimes
be found mixed into it."
"鋼殻よりもさらに頑丈で
形の良い外殻。この地域では
【ガンカク】と呼んでいる。",,1,yes,"Even sturdier than a steel
shell, and with a more
elegant shape to boot."
"どこか厳かな雰囲気さえ
感じ取れる重厚で上品な外殻。
その丈夫さは一級品。",,1,,"Thick, top-grade shell with
a real air of majesty. An
extremely tough material."
"弾力性もあり、触り心地も
良いゲリョスの皮。武具から
寝具までその用途は広い。",,1,yes,"Gypceros Skin, soft and resilient.
Many uses from armory to
bedding."
"ゲリョスの中でも特に強い
個体から剥ぎ取れる極上の
皮。希少価値がとても高い。",,1,yes,"The finest skin from Gypceros.
Vary rare and valuable."
"ゲリョスの珍しい石頭。
マニアの間では驚くほど
高値で取り引きされている。",,1,yes,"A stone Gypceros head. So
rare that collectors will
pay a fortune for one."
"炎王龍の猛々しさを物語る角。
一定の熱を帯びており、傍に
置いておくと暖かく感じる。",,1,,"A horn that indicates the
Teostra's ferocity. You can
feel the heat it produces."
"炎王龍の中でも特に荒々しい
個体から取れる特別な角。
美術的価値もある。",,1,,"A horn carved from an
especially violent Teostra.
Valued as a piece of art."
"これを所持する者は覇王の座
をも手にすると言われる、ま
さに名誉の証にふさわしい角。",,1,,"So called because those who
acquire one are said to
have royal ambitions."
"ガノトトスの鋭いヒレ。
角度を変えると微妙に色が
変わって見える。",,1,yes,"A sharp Plesioth fin. Its
color changes depending on
the angle you view it from."
"ガノトトスの極上のヒレ。
光に透かすと幾何学的な
美しい模様が見える。",,1,yes,"A top-grade Plesioth fin.
Translucent with a
beautiful geometric pattern."
"時間が経っても表面から水分
が失われることはなく、いつ
までも輝くガノトトスのヒレ。",,1,yes,"This Plesioth fin can't be
damaged by water, and will
never lose its rich sheen."
"ダイミョウザザミの巨大な爪。
すべてを断ち切るという意味
から【ダンソウ】と呼ばれる。",,1,yes,"The huge claw of the Daimyo
Hermitaur is said to be able
to slice through anything."
"ダイミョウザザミの強固な爪。
表面に残されたいくつもの
傷跡が歴戦を物語る。",,1,yes,"Daimyo strong claw.
So many scars that shows
long battle experience."
"赤い岩と見紛うばかりの巨大
な盾蟹の爪。用途は広く、頑
丈さは半永久的であると言う。",,1,,"Huge Hermitaur Claw often
mistaken for a red stone.
Very versatile and durable."
"獲物を仕留める度にさらに鋭
く、さらに強固になると言わ
れる轟竜の爪。鈍い光を放つ。",,1,,"This Tigrex claw is said to
become sharper and tougher
with each victim it gouges."
"強暴な轟竜から剥ぎ取れる爪。
素材価値が高く人気だが、手
に入れるのが非常に難しい。",,1,,"A claw carved from a vicious
Tigrex. A popular material,
but not easy to get hold of."
"明るく鮮やかな色合いを放つ
眠鳥の体毛。柔らかな繊維で
素材としての利用価値が高い。",,1,,"Colorful Hypnocatrice pelt.
Its soft fibers make it a
very useful material."
"深みのある橙色をした眠鳥の
体毛。ハンターたちの武具に
華やかさをプラスする。",,1,yes,"Deep-orange Hypnocatrice
pelt that adds a spot of
color to a Hunter's outfit."
"眠鳥の胃石の中でも非常に
珍しい七色の光を放つ結晶。
眠る虹という別名を持つ。",,1,,"A rainbow-colored crystal
found in a Hypnocatrice's
digestive tract."
"呑竜の鋭い牙。キツい臭い
が原因で加工素材としての
人気はイマイチ…。",,1,yes,"A sharp Pariapuria fang. Its
foul stench makes it rather
unpopular with artisans..."
"呑竜の上ヒレ。強いぬめり
のせいで手に取ることすら
難しい。職人泣かせの素材。",,1,yes,"A fine Pariapuria fin. Very
slimy, and therefore hard
to obtain--and craft."
"毒性が強い棘茶竜の棘。
置いておくだけで植物すら
枯れてしまうと言う…。",,1,,"Highly toxic Amber Espinas
spike. Poisonous enough to
make nearby plants wilt..."
"蛮竜の体表を覆う群青色の鱗。
水につけることで光沢が増す
不思議な性質がある。",,1,,"An ultramarine Gurenzeburu
scale that shines when wet.
Has some curious properties."
"蛮竜の腹部から取れる皮。
非常に弾力があり衝撃に強い。",,1,,"Hide from a Gurenzeburu's
abdomen. Very springy, and
a good shock absorber."
"蛮竜の巨体を支える爪。
密度が高く、ずしりと重い。",,1,,"One of the claws that holds
up the enormous Gurenzeburu.
Very dense and heavy."
"蛮竜の象徴ともいえる角。
非常に硬質で壊れないため
素材として扱うには腕がいる。",,1,,"The horn synonymous with the
Gurenzeburu. Tough to break,
and requires skill to craft."
"蛮竜の翼。縁が薄い刃のように
なっており危険。剥ぎ取りには
細心の注意を要する。",,1,,"A Gurenzeburu wing with a
thin, blade-like edge. Take
great care when carving."
"ぼんやりと発光する突起が
ついた尾。繊細なため下手に
尾から引き抜くとひび割れる。",,1,,"A Gurenzeburu tail is covered
in glowing lumps. Take care
when removing them."
"蛮竜の翼や尾に生えている
赤茶色の棘。爪と同じ材質だが
こちらは針のように鋭い。",,1,,"A brown Gurenzeburu tail
spike. As hard as its claw,
and as sharp as a needle."
"蛮竜の鱗の中でも変質したもの
を上鱗と呼ぶ。透けるような青
色は、何ともいえぬ趣がある。",,1,,"Opaque blue scales that are
slightly different from
normal Gurenzeburu scales."
"蛮竜の腹部から取れる上皮。
伸縮性があり、扱いやすいため
職人からの人気は高い。",,1,,"Hide from a Gurenzeburu's
belly. Its elasticity makes
it a popular material."
"研ぎ澄まされた蛮竜の尖爪。
数多の獲物を引き裂いた爪は
鈍色に光ると言われている。",,1,,"A hooked, razor-sharp
Gurenzeburu claw. It has
claimed many a victim."
"蛮竜の魂が詰まった尖角。
生半可な職人では太刀打ち
できないほど固く、鋭い。",,1,,"Pointy horn said to contain
a Gurenzeburu's soul. Not for
faint-hearted artisans."
"翼の縁の刃に波紋があるものが
上翼と呼ばれる。独特の粘りが
あり、刃が折れにくいのが特徴。",,1,,"Wings with a ripple pattern
are considered to be of a
higher quality. Slimy."
"蛮竜の靭尾。淡く発光する棘が
多く残っており、見れば必ず
感嘆してしまうほど美しい。",,1,,"A Gurenzeburu tail with some
glowing spikes still intact.
Stunning to look at."
"蛮竜の翼や尾に生えている赤茶
色の上棘。大人の腕並みに大き
いものが上棘に分類される。",,1,,"Spike from a Gurenzeburu's
wings or tail whose size
denotes its owner's prowess."
"高山地帯の岩場でよく見かけ
る虫。羽根が茶色く、岩と同
化して見える。",,1,,"An insect found in the
mountains. Its brown wings
make it look like a rock."
"高山地帯に存在する、
黄色い羽根をした蝶。
発見時は常に悪天候らしい。",,1,,"A yellow butterfly found in
the mountains, especially
during bad weather."
"丸々と樽のように太って見え
るバッタ。幼虫の時を含めば、
一生が長いのが特徴。",,1,yes,"Chubby insect that looks
like a barrel, and lives for
a surprisingly long time."
"体色が光沢のある美しい緑色
をした虫。肉食のため、触れ
る際は要注意。",,1,,"A carnivorous insect with a
gleaming green body.
Handle with care!"
"コンガのような桃色の羽根を
した、小さく可愛らしい蝶。",,1,yes,"A cute little butterfly
that's the same pink color
as a Congalala."
"どこか落ち着きを感じる不思
議な鉱石。お守りとして使用
されることもある。",,1,,"A mineral with a curious
calming effect. Often used
as a charm."
"長い年月を経て、山のように
なった水晶の塊。見つけるの
が難しく、とても貴重。",,1,,"A crystal that has become
mountain-shaped over time.
Very rare and precious."
"長い間ハチミツを受け止め、
葉脈にまで染み渡った葉っぱ。
{c05}（精算アイテム）",,1,yes,"A leaf that has become
encrusted with sweet nectar.
{c05}(Account Item)"
"小さな白い花を咲かせる高山
植物の１種。昔は花を煎じて
飲んでいたらしい。",,1,,"A mountain plant with small
white flowers that were once
used to make a kind of tea."
"夜に花を咲かせ、朝には萎れ
落ちる。まさに夢の間に咲く
高山植物。",,1,,"Mountain plant whose
flowers, like dreams, bloom
at dusk and wither at dawn."
"素手で触れると危険なほど、
硬くて鋭利な葉をした植物。
葉の繊維は衣類に使われる。",,1,,"Its sharp leaves make this
plant dangerous to touch.
Used to make clothing."
"山などの海抜の高い地域で、
鮮やかな黄色い花を咲かせ
る植物。",,1,,"A plant with bright yellow
flowers that grows high
above sea level."
"極めて強力な古龍の顎。
強度は言うまでも無く、
素材価値もとても高い。",,1,,"The powerful jaw of an Elder
Dragon. As you'd expect, a
very valuable material."
"極めて強力な古龍種の膜。
薄く破れやすいため、剥ぎ
取りには細心の注意が必要。",,1,,"Strong Elder Dragon webbing.
Thin and delicate, so take
care when carving."
"高山で入手できる、
甘い香りを発するキノコ。
食べると苦い。",,1,yes,"A sweet-smelling mushroom
found in the mountains.
Has a bitter taste."
"季節を問わず食卓に顔を出す
食用魚。名前に反して攻撃的。",,1,,"A fish that's found in every
season. Don't be fooled by
the name--it bites!"
"ブルックの大きな角。
見た目に反して柔らかく、
熱を通しやすいのが特徴。",,1,yes,"Large Burukku horns. Softer
than they look, and a good
thermal conductor."
"ブルックのふさふさの毛皮。
ごわごわした手触りで、
保温性は抜群。",,1,yes,"Burukku pelt covered in tufts
of hair. Stiff to the touch,
and a good insulator."
"ブルックの頭。
かなり大きくずっしりと重い。
かぶりものとして人気がある。",,1,yes,"A Burukku's head. Enormous,
and very heavy. Popular as
a type of headwear."
"エルペの凛々しい角。
親子で形が違い、
雄の方が大きくて硬い。",,1,yes,"Erupe's gallant horns. Shape
differs, male being larger
and harder."
"エルペのふわふわの毛皮。
雪のように白い毛皮で、
保温・保湿性に優れている。",,1,yes,"Fluffy Erupe pelt. White as
snow, and good at retaining
heat and moisture."
"大きく二股に分かれたエルペ
の蹄。この形だからこそ岩を
しっかりと掴める。珍品。",,1,yes,"The Erupe's large, split
hooves allow it to traverse
rocky terrain. A rare item."
"滑らかに磨かれたコイン。
妖しげな輝きを放っている。",,1,yes,"Smoothly polished coin
with a bewitching shine."
"滑らかに磨かれたコイン。
微かな輝きを放っている。",,1,yes,"Smoothly polished coin
with a glimmering shine."
"滑らかに磨かれたコイン。
おぼろに輝きを放っている。",,1,yes,"Smoothly polished coin
with a hazy shine."
"滑らかに磨かれたコイン。
まれに瞬き光る。",,1,yes,"Smoothly polished coin
with a rare blinking shine."
"フレイムタルワーの
生産方法が記された紙。
工房に持って行こう！",,1,yes,"Instructions for making
Flame T.
Take them to the Smithy!"
"レインタルワーの
生産方法が記された紙。
工房に持って行こう！",,1,yes,"Instructions for making
Rain T.
Take them to the Smithy!"
"ショックストロクの
生産方法が記された紙。
工房に持って行こう！",,1,yes,
"リザードストロクの
生産方法が記された紙。
工房に持って行こう！",,1,yes,
"ポイズンフラングの
生産方法が記された紙。
工房に持って行こう！",,1,yes,
"アトラルフラングの
生産方法が記された紙。
工房に持って行こう！",,1,yes,
"誰の記憶か不明だが、その
内容を聞いただけで幸せにな
れる話をまとめたもの。",,1,,
"メゼポルタ広場で作られ、
料理に使用される調味料。
とても甘い。発案者は不明。",,1,yes,
"アルティ貤【赤】の
生産方法が記された紙。
工房に持って行こう！",,1,yes,
"アルティ貤【水】の
生産方法が記された紙。
工房に持って行こう！",,1,yes,
"アルティ貤【白】の
生産方法が記された紙。
工房に持って行こう！",,1,yes,
"フェルランスの
生産方法が記された紙。
工房に持って行こう！",,1,yes,
"アシエルランスの
生産方法が記された紙。
工房に持って行こう！",,1,yes,
"レイノライフルの
生産方法が記された紙。
工房に持って行こう！",,1,yes,
"レプブリカライフルの
生産方法が記された紙。
工房に持って行こう！",,1,yes,
"フェデラシオライフルの
生産方法が記された紙。
工房に持って行こう！",,1,yes,
"バロンランチャーの
生産方法が記された紙。
工房に持って行こう！",,1,yes,
"コンデランチャーの
生産方法が記された紙。
工房に持って行こう！",,1,yes,
"マルケスランチャーの
生産方法が記された紙。
工房に持って行こう！",,1,yes,
"あまり大きくないモンスター
から剥ぎ取ったと思われる角。
その硬さ故に使用用途がない。",,1,yes,
"制作者不明の華麗な織物。
厚い布地の為、服を縫うのに
適していない。",,1,,
"制作者不明の華麗な織物。
手で掴むことができないほど
柔らかく、加工が困難である。",,1,,
"無味無臭のハヤシ草を
長時間煮詰めることで、
わずかな露を取り出したもの。",,1,yes,
"無味無臭のカンジョ草を
長時間煮詰めることで、
わずかな露を取り出したもの。",,1,yes,
"灰水晶に似た輝きの鉱石。
手にとってよく見れば、
素人でも本物と見分けられる。",,1,,
"灰水晶を含有する原石と
よく似た鉱石。このままでは
鉱物としての価値はない。",,1,,
"クビキ草という希少植物の芽。
生物や爆発物の活動に対して、
強い鎮静作用があるという。",,1,yes,
"クビキ草という希少植物の種。
生物や爆発物の活動に対して、
強い鎮静作用があるという。",,1,yes,
"クビキ草という希少植物から
抽出したエキス。生物や
爆発物の作用を抑制する。",,1,yes,
"クビキ草という希少植物から
抽出した高濃度のエキス。
非常に強力な束縛効果を誇る。",,1,yes,
"巨大な魚の骨を削ってコイン
の形にしたもの。マタタビの
花の模様が刻まれている。",,1,yes,
"ガルデソードの
生産方法が記された紙。
工房に持って行こう！",,1,yes,
"アギタソードの
生産方法が記された紙。
工房に持って行こう！",,1,yes,
"ディグスソードの
生産方法が記された紙。
工房に持って行こう！",,1,yes,
"エルキーランスの
生産方法が記された紙。
工房に持って行こう！",,1,yes,
"イスキーランスの
生産方法が記された紙。
工房に持って行こう！",,1,yes,
"クレーヌランスの
生産方法が記された紙。
工房に持って行こう！",,1,yes,
"類まれなる強度を誇る双角。
その堅牢さから、追い求める
ハンターは多い。",,1,yes,
"圧倒的な強度を誇る双角。
希少価値が高く、滅多に
お目にかかれないという。",,1,,
"類まれなる強度を誇る
黒き双角。その堅牢さから、
追い求めるハンターは多い。",,1,yes,
"圧倒的な強度を誇る黒き双角。
希少価値が高く、滅多に
お目にかかれないという。",,1,,
"炎に抗する力を秘めた宝玉。
加工することで、古今東西
多くの人々の助けとなった。",,1,,
"水に抗する力を秘めた宝玉。
加工することで、古今東西
多くの人々の助けとなった。",,1,,
"雷に抗する力を秘めた宝玉。
加工することで、古今東西
多くの人々の助けとなった。",,1,,
"氷に抗する力を秘めた宝玉。
加工することで、古今東西
多くの人々の助けとなった。",,1,,
"龍に抗する力を秘めた宝玉。
加工することで、古今東西
多くの人々の助けとなった。",,1,,
"夢と希望が詰まっていると
噂される美しいタマゴ。
武具工房の職人の間で評判。",,1,yes,
"特定のキリンから剥ぎ取れる
最高級の皮。ひとつとして同
じ模様は存在しないと言う。",,1,yes,
"とても珍しいキリンの尻尾。
白銀の雪が舞うように、
美しく白い毛並みが揺れる。",,1,yes,
"キリンの中でも特に珍しいと
される個体の角。角度によっ
ては銀色に輝いて見える。",,1,yes,
"特定のオオナズチから剥ぎ取
れる皮。表面が美しい色合い
のまだら模様になっている。",,1,yes,
"オオナズチの特上の皮。
滅多に手に入らないことから
この名前が付いた。",,1,yes,
"オオナズチの虹色に輝く皮。
見る角度によってさまざまな
色合いに変化する貴重な一品。",,1,yes,
"イャンガルルガの翼。
強い毒性のせいか、翼膜部分
がうっすらと変色している。",,1,yes,
"毒々しい色に変化した、
イャンガルルガの珍しい嘴。
毒性はないようだ。",,1,yes,
"エスピナスの鋭い棘。見た目
は通常のものと変わらないが、
毒性が倍以上に増加している。",,1,yes,
"凶暴なエスピナスの棘。一刺
しで気を失い、二刺しで二度
と目覚めることがないと言う。",,1,yes,
"凶暴なデュラガウアから
剥ぎ取った珍しい外殻。
まだ冷気を帯びている。",,1,yes,
"デュラガウアの貴重な外殻。
武具の一部に使うと丈夫さが
何倍にもなると言われる。",,1,yes,
"デュラガウアの極上の外殻。
氷のように冷たい手触りから
この名前が付けられた。",,1,yes,
"先端が美しい青紫色に変化
したショウグンギザミの爪。
非常に軽くて丈夫。",,1,yes,
"ショウグンギザミの珍しい爪。
表面は常に滑らかな光沢を放
ち、決して傷付くことはない。",,1,yes,
"青い岩と見紛うばかりの巨大
な鎌蟹の爪。その澄んだ色に
魅了されるハンターも多い。",,1,yes,
"ラージャンの中でも特に凶暴
な個体から剥ぎ取った牙。数
え切れないほどの傷跡が残る。",,1,yes,
"硬い手触りをもつラージャン
の珍しい漆黒毛。一体から剥
ぎ取れる量はほんのわずか。",,1,yes,
"幻のラージャンを倒した証。
加工方法が確立されておらず
値段もつけられないシロモノ。",,1,yes,
"ドスランポスの色鮮やかな鱗。
形や艶も良く、武具の装飾品
として使われることが多い。",,1,yes,
"ドスランポスの最上皮。
丈夫さや滑らかさ、
どれをとっても一級品。",,1,yes,
"凶暴なドスランポスから
剥ぎ取った貴重な長爪。
強度が高くとても鋭い。",,1,yes,
"特定の一角竜から剥ぎ取った
珍しい外殻。稀に見るほどの
高硬度をもつ。",,1,,
"蒼いリオレウスの中でも
特に強固な個体から剥ぎ
取れる鱗。貴重な素材。",,1,yes,
"凶暴な蒼色リオレウスの鱗。
深みのある独特の蒼色は、
決して人工で再現できない。",,1,yes,
"古龍種から剥ぎ取った舌。
特殊な加工方法を用いて
素材に生まれ変わるという。",,1,,
"透き通るような古龍種の腱。
古龍種の驚異的な能力を
支えている。",,1,,
"重量がほぼ感じられないほど
軽い骨片。装飾品や軽装備の
生産素材として使えそうだ。",,1,,
"装飾品の素材としてかかせな
い珠。透き通った碧色が綺麗
なので一部ハンターに人気。",,1,yes,
"装飾品の素材としてかかせな
い珠。その鮮やかな紅色に
魅了された人は数知れず。",,1,,
"狩猟技会の参加者にのみ支給
される特殊な薬。飲むと
力が漲る。{c05}（支給品専用）{/c}",,1,,
"狩猟技会の参加者にのみ支給
される特殊な薬。飲むと
周りの評価が？{c05}（支給品専用）{/c}",,1,,
"狩猟技会の参加者にのみ支給さ
れる特殊なボール。仲間に
当てると…{c05}（支給品専用）{/c}",,1,yes,
"狩猟技会の参加者にのみ支給
される特殊な角笛。吹くと仲間
のポイントが…{c05}（支給品専用）{/c}",,1,yes,
"採集を極めたハンターの証。
その採集量はギルドの発展に
貢献したと称えられるほど。",,1,yes,
"鈍い輝きを放つ極龍の鱗。
高い硬度を持ち、加工が
大変な工房泣かせの素材。",,1,,
"羽のように軽く、未加工でも
鋭い切れ味を持つ極龍の爪。
素手で触ると指がとぶ。",,1,,
"吸い付くような手触りを持つ
極龍の角。砕けやすいため
剥ぎ取るのは至難の業。",,1,,
"剥ぎ取った後も、淡い輝きを
発する極龍の翼。武具以外に
宝飾品としても珍重される。",,1,,
"高い弾力を持つ極龍の尾。
よく弾むため、緩衝材として
注目が集まっている。",,1,,
"極龍の体内で生成される
特殊な宝玉。組み合わせた
素材の特性を変化させる。",,1,,
"電気を帯びた極龍の鱗。
鱗自体が発電しているかの
ように電気を発する。",,1,,
"より鋭さを増した極龍の爪。
未加工でも鋼を断つことが
出来る切れ味を持つ。",,1,,
"極龍の角でも、剥ぎ取り後も
輝いている珍しい角。輝く
原理は不明。",,1,,
"極龍の翼から淡く輝く膜状の
部分を切り出したもの。帯電
しているが触っても痺れない。",,1,,
"よりしなやかで強靭な、
極龍の尾。鋭い刃物ですら
傷をつけるのは困難。",,1,,
"古龍種の体内から、極稀に
取れる宝玉。様々な素材の
触媒に使える工房垂涎の品。",,1,,
"色々な武具の生産方法が
記された紙。
工房に持って行こう！",,1,,
"溶岩の高熱で燃えたぎって
溶岩竜の身に付着した
堅い甲殻。",,1,,
"溶岩の高熱で煮えたぎって
溶岩竜の身に付着した
堅い甲殻。",,1,,
"とある武器の封印を解く鍵。
製造されてから長い年月が
経過しているようだ。",,1,,
"毒性を帯びた美しい粘土。
こねるとなまめかしい光沢を
楽しめるが、触るのは危険。",,1,,
"衝撃に対して非常に強い粘土。
時間をかけて力を加え続ける
ことで、徐々に変形する。",,1,,
"流水の模様が描かれた生地。
世の真理を表し、手に取る
だけで世界観が変わるとか。",,1,,
"風に吹かれると、物悲しい
音色を奏でる小さな鈴。
ある人物の形見だという。",,1,,
"一見すると素人の落書きだが、
込められた想いは果てしない。
武具設計の常識を覆す一枚。",,1,,
"ノストフォースの
生産方法が記された紙。
工房に持って行こう！",,1,yes,
"ノストバウムの
生産方法が記された紙。
工房に持って行こう！",,1,yes,
"ヴェッツジュエルの
生産方法が記された紙。
工房に持って行こう！",,1,yes,
"ヴェッツリーバの
生産方法が記された紙。
工房に持って行こう！",,1,yes,
"アズマリーフの
生産方法が記された紙。
工房に持って行こう！",,1,yes,
"アズマデリーヴの
生産方法が記された紙。
工房に持って行こう！",,1,yes,
"バーティ・クェンネルの
生産方法が記された紙。
工房に持って行こう！",,1,yes,
"アズマローズの
生産方法が記された紙。
工房に持って行こう！",,1,yes,
"アズマデローゼの
生産方法が記された紙。
工房に持って行こう！",,1,yes,
"キヴァラ・クェンネルの
生産方法が記された紙。
工房に持って行こう！",,1,yes,
"常に禍々しいオーラを放って
いる大きな骨。耳を近づける
と怨嗟の声が聞こえてくる。",,1,yes,
"遥か彼方より飛来した種。
メゼポルタ広場で栽培して
いるものではないだろう。",,1,yes,
"最新型撃龍鎚【壊貫】の研究
結果をまとめた書類。
その内容を親方に報告だ！",,1,,
"正義感の強い狩人の座右の銘。
狩人にとって最も大切なもの
を思い出させてくれる。",,1,,
"磁力を帯びた謎の鱗。物質を
一つにまとめる力がある。
あまり武具に使われない素材。",,1,,
"稀に出土する不純物の混入が
少ない白星鉄。結晶に近い
純白の鉱石はとても美しい。",,1,,
"大地を象徴したメダル。
大自然を抽象的に表現した
模様が施されている。",,1,yes,
"海洋を象徴したメダル。
大自然を抽象的に表現した
模様が施されている。",,1,yes,
"天空を象徴したメダル。
大自然を抽象的に表現した
模様が施されている。",,1,yes,
"吸い込まれそうなほどに、
蒼みを帯びた反物。さらに
エンブレムが描かれている。",,1,yes,
"思わず見とれてしまうほどに、
蒼みを帯びた反物。さらに
エンブレムが描かれている。",,1,yes,
"躍動するハンターが描かれ
たチケット。工房に持ってい
き、ピアスを生産しよう！",,1,yes,
"屈強なハンターが手を取り
あう姿が描かれたチケット。
工房でピアスを生産しよう！",,1,yes,
"草薙ノ薙刀の生産方法が
書かれた生産券。
工房に生産を依頼してみよう！",,1,,
"蜘蛛切の生産方法が書かれた
生産券。
工房に生産を依頼してみよう！",,1,,
"遠山の生産方法が書かれた
生産券。
工房に生産を依頼してみよう！",,1,,
"小烏丸の生産方法が書かれた
生産券。
工房に生産を依頼してみよう！",,1,,
"ニャクーチョの生産方法が
記された券。
工房に生産を依頼してみよう！",,1,yes,
"ニャリュートの生産方法が
記された券。
工房に生産を依頼してみよう！",,1,yes,
"ニャンシンの生産方法が
記された券。
工房に生産を依頼してみよう！",,1,yes,
"意味深な刻印が入った石。
神々しい輝きを纏っている。",,1,,
"意味深な刻印が入った石。
淀んだ空気を纏っている。",,1,,
"意味深な刻印が入った石。
涼やかな空気を纏っている。",,1,,
"意味深な刻印が入った石。
穏やかな空気を纏っている。",,1,,
"意味深な刻印が入った石。
冷たい空気を纏っている。",,1,,
"意味深な刻印が入った石。
静かな空気を纏っている。",,1,,
"意味深な刻印が入った石。
荒々しい空気を纏っている。",,1,,
"意味深な刻印が入った石。
暖かい空気を纏っている。",,1,,
"ナランハセーバーの
生産方法が記された券。
工房に持って行こう！",,1,yes,
"サープラセーバーの
生産方法が記された券。
工房に持って行こう！",,1,yes,
"ヴェールセーバーの
生産方法が記された券。
工房に持って行こう！",,1,yes,
"荒々しい個体からのみ取れる
決して錆びない鋼龍素材。
何故錆びないかは不明。",,1,,
"手に取ると、鋼龍の猛々しい
息吹が感じ取れる最高級品。
強暴な鋼龍からのみ取れる。",,1,,
"暴風にも耐える鋼龍素材。
並の個体を凌ぐ強暴な個体
からのみ取れる希少品。",,1,,
"自然と刃のように
研ぎ澄まされた響狼の牙。
並の刃物よりもよく斬れる。",,1,,
"食い破るための形に進化した
響狼の牙。鉄板すら引き裂く
恐ろしい形をしている。",,1,,
"純白と呼ぶのに相応しい、
響狼の毛。どんな染料でも
染めることが出来ないらしい。",,1,,
"光を当てると、まぶしいほど
白く輝く響狼の毛。すぐ劣化
するため取り扱いが難しい。",,1,,
"並の工具では加工できない
硬さのリオレイア亜種の甲殻。
加工にとても手間が掛かる。",,1,yes,
"華麗な色合いを持つ
リオレイア亜種の甲殻。
とても繊細で壊れやすい。",,1,yes,
"一度手にしたら、二度と
忘れられない感触を持つ
フルフル亜種の貴重な皮。",,1,yes,
"どんなに手荒く扱っても
色あせないフルフル亜種の皮。
滅多に取れない希少品。",,1,yes,
"眠鳥の毛の中でも、特別な
個体のみが持つ華麗な蒼毛。
高級素材として人気が高い。",,1,,
"キラキラと蒼く輝く眠鳥の
蒼毛。特別な個体のみが
持つため、希少価値が高い。",,1,yes,
"飛竜の卵そっくりな、
何かのタマゴ。",,1,yes,
"草食竜の卵そっくりな、
何かのタマゴ。",,1,yes,
"肉食竜の卵そっくりな、
何かのタマゴ。",,1,yes,
"一般的な部屋の図面。
質素な寝床が描かれている。",,1,,
"一般的な部屋の図面。
質素な水場が描かれている。",,1,,
"憧れのハンター気分を
味わうために作られた図面。
モンスターは付属していない。",,1,yes,
"グークの小さな涙。
ちょっぴりしょっぱい。
集めると良いことが…？",,1,yes,
"グークの小さな羽根。
すべすべでとてもキレイ。
集めると良いことが…？",,1,yes,
"水玉模様の服を作るための
型紙。初心者でも安心して
作ることができる。",,1,,
"ガンマンになれる型紙。
≪今すぐなれる≫シリーズ、
記念すべき第１弾。",,1,yes,
"水泳選手になれる
ユニフォーム一式を
作ることができる型紙。",,1,yes,
"さまざまなフルーツを
模った鞄専用の型紙。
有名な鞄職人の作品。",,1,yes,
"眼鏡などさまざまな飾りを
詰め込んだ、太っ腹な型紙。
罰ゲームで使えると大好評！",,1,yes,
"グークの思い出が詰まった
欠片。今頃どうしているん
だろう…。{c05}（精算アイテム）",,1,yes,
"飛竜種の逆鱗。手に入れるこ
とはおろか、目にすることす
ら難しいと言われる希少な品。",,1,,
"飛竜種の体内で生成された結
石の中でも特に珍しいとされ
る品。宝玉として扱われる。",,1,,
"体力を完全に回復する、大変
貴重な薬。",,1,,
"攻撃力と防御力を両方上昇
させる、大変貴重な薬。",,1,,
"一度だけ、力尽きるのを回避
して体力を完全に回復する。
{c02}※「不退ノ構」発動時は無効。",,1,,
"ポイゾナー貤の
生産方法が記された紙。
工房に持って行こう！",,1,yes,
"パラライピア貤の
生産方法が記された紙。
工房に持って行こう！",,1,yes,
"デモンズレイピア貤の
生産方法が記された紙。
工房に持って行こう！",,1,yes,
"長年が経っても風化されず
状態良好な、なにかのモン
スターの顎骨。",,1,yes,
"エナピアス貤の
生産方法が記された券。
工房に持って行こう！",,1,yes,
"エナピアス賖の
生産方法が記された券。
工房に持って行こう！",,1,yes,
"エナピアス賕の
生産方法が記された券。
工房に持って行こう！",,1,yes,
"エナピアス賙の
生産方法が記された券。
工房に持って行こう！",,1,yes,
"エナピアス𧶠の
生産方法が記された券。
工房に持って行こう！",,1,yes,
"エナピアス賰の
生産方法が記された券。
工房に持って行こう！",,1,yes,
"エナピアス賱の
生産方法が記された券。
工房に持って行こう！",,1,yes,
"エナピアス𧸐の
生産方法が記された券。
工房に持って行こう！",,1,yes,
"ソルエンテホルンの
生産方法が記された券。
工房に持って行こう！",,1,yes,
"ノッテホルンの
生産方法が記された券。
工房に持って行こう！",,1,yes,
"プラートホルンの
生産方法が記された券。
工房に持って行こう！",,1,yes,
"非瀕死時一度だけ即死級攻撃
も生き残る。{c05}（支給品専用）{c02}
※「不退ノ構」発動時は無効。",,1,,
"哀愁漂う音色に乗って
アイツが気球でやってくる！
{c05}（支給品専用）",,1,yes,
"頼れるアイツがぽぽんと参上。
ニャニャッと華麗に乱れ撃つ！
{c05}（支給品専用）",,1,yes,
"大巌竜が地中にいる時に
使うと地上に飛び出てくる。
{c05}（支給品専用）",,1,,
"使用時の大巌竜の頭の位置に、
一定時間後、気絶を誘発する
岩を落とす。{c05}（支給品専用）",,1,,
"間欠泉の上に置くと
大巌竜に向かって飛んでいく。
{c05}（支給品専用）",,1,,
"狂暴期のラヴィエンテから
採取できる特殊な紅血。
様々な状態異常に効く。",,1,yes,
"古龍種から剥ぎ取った骨。
古龍の驚異的な動きを支える
要となっている。",,1,,
"極龍の体内から取れる石。
確認されている鉱石とは
性質が異なる。",,1,,
"試作型工房水双の
生産方法が記された紙。
工房に持って行こう！",,1,,
"試作型工房双炎の
生産方法が記された紙。
工房に持って行こう！",,1,,
"試作型工房弓の
生産方法が記された紙。
工房に持って行こう！",,1,,
"試作型工房水弓の
生産方法が記された紙。
工房に持って行こう！",,1,,
"夜空に住むと伝承される人物
が布を織るときに使用する糸。
ある時期しか入手できない。",,1,,
"鋼鉄でできた多面体。
面数を数えると、なぜか毎回
違う数になる。",,1,,
"用途不明だった為、ハンター
が今まで無視してきたキノコ。
とても大きく、毒素がある。",,1,yes,
"メゼポルタ広場で開催される
打ち上げ花火の材料。様々な
色を発光させることができる。",,1,yes,
"とても古い木の下に落ちてい
た枝。１人では持ち帰れない
ほど大きい。",,1,,
"東方より渡来した人物が持っ
ていた墨のカケラ。かなり古
いらしく、非常に価値が高い。",,1,yes,
"ワンダースプーンの
生産方法が記された券。
工房に持って行こう！",,1,yes,
"フェアリースプーンの
生産方法が記された券。
工房に持って行こう！",,1,yes,
"プリティホルンの
生産方法が記された券。
工房に持って行こう！",,1,yes,
"ラスティホルンの
生産方法が記された券。
工房に持って行こう！",,1,yes,
"ラブリーガンの
生産方法が記された券。
工房に持って行こう！",,1,yes,
"ラブリーアサルトの
生産方法が記された券。
工房に持って行こう！",,1,yes,
"ラブリースプラッシュの
生産方法が記された券。
工房に持って行こう！",,1,yes,
"ベイビーガンの
生産方法が記された券。
工房に持って行こう！",,1,yes,
"ベイビーアサルトの
生産方法が記された券。
工房に持って行こう！",,1,yes,
"ベイビーブラスターの
生産方法が記された券。
工房に持って行こう！",,1,yes,
"幽玄樹は深夜になると淡く
光ると言われる神秘的な木。
その枝を刈り取ったもの。",,1,,
"蒼白色に染まった謎の棒。
獣人族が丁重に祀っていたが、
どう見てもただのガラクタ。",,1,yes,
"寒冷地の湖で採れる鉱物から
生成された火薬。古龍の血が
変化したものとの説もある。",,1,,
"凍てつくような冷たさを
感じさせる牙。武具工房でも
取り扱いには注意が必要。",,1,,
"超高純度の小さな結晶石。
火薬を吸収し、束縛効果を
さらに高める性質がある。",,1,,
"ある新理論の正当性を証明
するために必要な希少鉱物。
絶対に直接触れてはならない。",,1,,
"夜空の星のようにキラキラす
る綺麗な小石。アクセサリー
の材料にも使われている。",,1,yes,
"極めて純度の高い堅い鋼石。
加工が困難のため、一部の武
具職人しか取り扱っていない。",,1,,
"複合素材で補強された大剣の
刃。その硬さと斬れ味は申し
分ない。",,1,,
"なにやら不思議な形をした
錆び磨きのためのヤスリ。
作り方は秘密らしい。",,1,yes,
"釣りを極めた達人が書いた
一子相伝の秘法が記載された
極めて貴重な書物。",,1,,
"黒き獣から入手できる白い牙。
その鋭さは見る者を脅えさせ、
触れる者をシビレさせる。",,1,yes,
"溶岩の中から稀に採れる
真珠のような赤い宝石。
高温を自力で発せられる。",,1,,
"アレが握りしめている金鎚。
とてつもなく硬く、どんな角
でも砕く。つまり…。",,1,yes,
"普通の方位磁針ではなく、
ある地点を探すための道具
らしい。",,1,,
"モコモコしているけがわ。
その表面をさわると、抗うこ
とができない眠気に襲われる。",,1,yes,
"鋭利に尖っている爪。
その斬れ味もさることながら、
触れるとビリっと感電する。",,1,yes,
"常に炎が迸っている石。
その熱の高さ故に、この鉱石
を運ぶ方法が存在しない。",,1,,
"硬さと柔軟性を兼ね揃えた
黒く輝く鱗。素材の性質が
浸透しやすい特性を持つ。",,1,,
"脆さと伸縮性を兼ね揃えた
艶めかしい膜。素材の性質が
浸透しやすい特性を持つ。",,1,,
"鋭さと硬さを兼ね揃えた
艶めかしい牙。素材の性質が
浸透しやすい特性を持つ。",,1,,
"硬さと力強さを兼ね揃えた
黒々とした顎。素材の性質が
浸透しやすい特性を持つ。",,1,,
"鋭さと美しさを兼ね揃えた
艶めかしい爪。素材の性質が
浸透しやすい特性を持つ。",,1,,
"弾力と頑丈さを兼ね揃えた
黒く輝く翼。素材の性質が
浸透しやすい特性を持つ。",,1,,
"光沢と果敢なさを兼ね揃えた
艶めかしい髄。素材の性質が
浸透しやすい特性を持つ。",,1,,
"硬さと強靭さを兼ね揃えた
黒く輝く尾。素材の性質が
浸透しやすい特性を持つ。",,1,,
"鋭さと妖艶さを兼ね揃えた
艶めかしい棘。素材の性質が
浸透しやすい特性を持つ。",,1,,
"大巌竜の頭に当てると
腐食やられが発生する。
{c05}（支給品専用）",,1,,
"当たった場所に、攻撃力を
高める煙が噴き出す。
{c05}（支給品専用）",,1,,
"大巌竜の嫌う臭いを出す玉。
大きく息を吸い込む時に
使うと…。{c05}（支給品専用）",,1,,
"刃先に火薬岩を使った
火属性を持つ投げナイフ。
{c05}（支給品専用）",,1,yes,
"刃先にキレアジを使った
水属性を持つ投げナイフ。
{c05}（支給品専用）",,1,yes,
"刃先に氷結晶を使った
氷属性を持つ投げナイフ。
{c05}（支給品専用）",,1,yes,
"刃先に雷光虫の粉末を
塗った雷属性を持つ
投げナイフ。{c05}（支給品専用）",,1,yes,
"刃先に龍殺しの実を塗った
龍属性を持つ投げナイフ。
{c05}（支給品専用）",,1,yes,
"ラヴィエンテに不利な
攻撃系統が斬打弾の
どれかを教えて貰える。",,1,yes,
"ラヴィエンテに有利な
攻撃系統が斬打弾の
どれかを教えて貰える。",,1,yes,
"ラヴィエンテに有利な
属性が火水氷雷龍の
どれかを教えて貰える。",,1,yes,
"もちもちとした柔らかい実を
持つ木の実。小動物の貴重な
食料資源となっている。",,1,,
"特定の時期にしか採れない、
貴重なキノコ。一度生えた場
所には二度と生えないという。",,1,yes,
"熱帯地方に生息する小さな紅
色の蝶。可憐に舞い飛ぶ姿か
らこの名が付いた。",,1,,
"硬い甲殻を持ち、岩肌に張り
付いて暮らす珍しい虫。採掘
道具を使わないと獲れない。",,1,,
"すり潰して塗り薬として使わ
れてきた草。冬の小動物の貴
重な食料となっているようだ。",,1,,
"グークが一生懸命集めた（…
と思われる）がらくたの数々。
集めると何かできるかも？",,1,yes,
"グークのとっておきのお守り。
ポーチに入れておくと何かイイ
ことがある…かもしれない。",,1,yes,
"オリオールが丹精込めて作った
おにぎり。「うまいッスよ！」
{c05}（支給品専用）",,1,yes,
"持っているだけでグークをお
びき寄せることができる不思
議な魚。{c05}（精算アイテム）",,1,yes,
"噛めば噛むほど美味しくなる
小粒の実。子供たちの間では
おやつとして大人気。",,1,,
"食べると頭が冴えると言われ
る食用キノコ。食べ過ぎると
眠れなくなるので要注意。",,1,yes,
"葉を占いに使用していたと
言われる草。すり潰して飲む
と美容に効くとの噂もある。",,1,,
"革をしっかりと留められる程
に頑丈なギアノスの小さな牙。
牙じゃなくて骨かもしれない。",,1,yes,
"上質なギアノスの皮をなめし
た物。意外と肌触りが良く
頑丈な為、狩猟に向く。",,1,yes,
"ギアノスの特徴的なトサカ。
人間には少し大きいので、
頭に乗せるのはやめておこう。",,1,yes,
"冷たく重厚な鎖。
防具の部品を繋ぐのに最適。
装飾の意味もあるらしい？",,1,,
"頑丈な革製のベルト。
激しく動いても緩み難く、
狩猟防具に用いられる。",,1,yes,
"高速砥石と、高級砥石の
効果を併せ持つ砥石。",,1,,
"栄養剤グレートの
4倍の効果を持つ栄養剤。",,1,yes,
"飲むとカラダの芯から、
ひんやりできる飲み物。",,1,yes,
"飲むとカラダの芯から、
ポカポカになる飲み物。",,1,yes,
"身が薄くて食べられる量が
少ない魚。しかし、味は
一級品というアジ。",,1,yes,
"尾びれが長く、美しい魚。
観賞用として扱われている。",,1,,
"捌くと腹の中が黒いことから
名付けられた魚。皮が分厚い。",,1,,
"香りを放つのではなく、香りを
吸収する植物。脱臭用に使われ
ることが多い。",,1,,
"触れるだけで指が切れるほど、
鋭い形をした植物。
ケガに注意。",,1,yes,
"葉の表面が柔らかいうぶ毛で
覆われた植物。
水分を多く保っている。",,1,,
"つるつるして、さわり心地の
よい貝殻。耐久性もそこそこ
あるため、加工品に使われる。",,1,,
"適度な弾力を持った貝殻。
見た目にもきれいなため、
加工品に使われることが多い。",,1,,
"波の力で壊れてしまいそうな
ほど薄く、脆い貝殻。
壊さずに入手するのは難しい。",,1,,
"複数の鉱物を包み込むような
形状で発見される鉱石。
その状態から名付けられた。",,1,,
"黒くて水晶のような透明感の
ある鉱石。発見数が少なく、
貴重な存在とされている。",,1,,
"非常に堅く加工しづらい鉱石。
また、外見は普通の石なので、
装飾品には適していない。",,1,,
"頭に鍬のようなハサミを持ち、
優れた跳躍力の脚を持つ昆虫。
なかなか捕まえづらい。",,1,yes,
"見た目が釣鐘のような形をして
いる昆虫。羽根をこすって鳴く
ことがあるらしい。",,1,,
"磯に群生する虫。薄く透明な
羽根は、水面の輝きのような
光を放つらしい。",,1,,
"歴戦の傷が目立つガウシカの
角。強い負荷をかけるほど、
強く堅く成長するらしい。",,1,yes,
"甘い香りを漂わせる樹の枝。
香木として使われるが、真価
はそのしなやかさにある。",,1,,
"小さな紫の果実。
少量の毒を含むため
食用には向かない。",,1,,
"氷の中で育つ樹の新芽。
小さな自然の大きな力を
感じ取ることができる。",,1,,
"長く生きた大型モンスターの
鋭い棘。様々な効能の武具を
作る事ができる。",,1,yes,
"どこかで発見された頑丈な骨
の一部。その独特な形状から、
銃槍の砲身として用いられる。",,1,,
"限られた角竜だけが持つ巨大
で立派な角。生物の一部とは
思えない程の硬度を誇る。",,1,,
"どこかで発掘された遺跡の中
から発見された古びた鎧らし
きモノの破片。",,1,yes,
"ドレックプンティヤの
生産方法が記された紙。
工房に持って行こう！",,1,yes,
"ヴェニノプンティヤの
生産方法が記された紙。
工房に持って行こう！",,1,yes,
"イエラブリーヤの
生産方法が記された紙。
工房に持って行こう！",,1,yes,
"ドレックブリーヤの
生産方法が記された紙。
工房に持って行こう！",,1,yes,
"海の匂いが微かにする石。
匂いをよく嗅ぐと、あの懐かし
い日々を思い返せる。",,1,,
"羽根突き用の綺麗な飾り羽根。
最高品質の羽子板であれば、
種類を選ばずよく合うだろう。",,1,,
"竜の鱗と酷似した形状の鉱物。
結晶が幾重にも重なり合い、
周囲の熱を強力に吸収する。",,1,,
"大地から離れて天へと昇り、
世界の全てを支配するための
方法が書かれた書物。",,1,,
"ある人物が命を落とすまさに
その時に所持していた鈴。
深紅の実を加工して作られた。",,1,,
"天から降ってきた純白の粘土。
伸ばすほどに硬くなるため、
決して千切ることができない。",,1,,
"魚竜種の尾やヒレを使って
飾り付けた神々しいしめ縄。
対象の格が過剰に上がる。",,1,yes,
"艶やかな苔色をした細かい石。
熟練の狩猟技術を誇る狩人が
所有するのに相応しい。",,1,,
"ナギアリトロの
生産方法が記された紙。
工房に持って行こう！",,1,yes,
"テュールリトロの
生産方法が記された紙。
工房に持って行こう！",,1,yes,
"マァジョルノの
生産方法が記された紙。
工房に持って行こう！",,1,yes,
"カッツェルノの
生産方法が記された紙。
工房に持って行こう！",,1,yes,
"ユニアータの
生産方法が記された紙。
工房に持って行こう！",,1,yes,
"ユニアッティの
生産方法が記された紙。
工房に持って行こう！",,1,yes,
"ユニカン・ガーノの
生産方法が記された紙。
工房に持って行こう！",,1,yes,
"イクルータの
生産方法が記された紙。
工房に持って行こう！",,1,yes,
"イクルッティの
生産方法が記された紙。
工房に持って行こう！",,1,yes,
"イクロン・ガーノの
生産方法が記された紙。
工房に持って行こう！",,1,yes,
"ある一定時期に群生する珍し
い植物。その果実からは、布
を強化する汁が採れるという。",,1,,
"奇面族の王が自身のために
考えた踊り。
今は忘れているようだ…。",,1,,
"神秘的な力があるとされる水。
ある双剣に使うと、元気に
なり、威力が増すらしい。",,1,,
"ギルドすら所持していない
キノコ。その毒は絶毒と言わ
れ、触れることは不可能。",,1,yes,
"とても獰猛なモンスターから
剥ぎ取った角。触ることが
できないほど冷たい。",,1,yes,
"滑らかに磨かれたコイン。
まれに一瞬だけ閃光を発する。",,1,yes,
"奇面族の王が奇面族のためを
思って考案した遊び。
しかし、評判は悪かった…。",,1,,
"砂に埋もれていた黒い重殻。
断面が何層にも分かれており、
この生物は老齢だったようだ。",,1,,
"東方から来た人物がくれた墨。
製造時期は不明で、とても
貴重なものらしい。",,1,,
"制作者不明の華麗な織物。
この布はハンターの激しい
動きを補助する効果がある。",,1,yes,
"制作者不明の華麗な織物。
この布はハンターの気を
静める効果がある。",,1,yes,
"アイスクラッシュ貤の
生産方法が記された紙。
工房に持って行こう！",,1,yes,
"サンダーバッシュ貤の
生産方法が記された紙。
工房に持って行こう！",,1,yes,
"シールドハンマー貤の
生産方法が記された紙。
工房に持って行こう！",,1,yes,
"エバースリープ貤の
生産方法が記された紙。
工房に持って行こう！",,1,yes,
"スタンカリバー貤の
生産方法が記された紙。
工房に持って行こう！",,1,yes,
"ヴァイパーヴェノム貤の
生産方法が記された紙。
工房に持って行こう！",,1,yes,
"新たなる文明のオーラを感じる
石。未知の力が秘められている
らしい。工房に持って行こう！",,1,yes,
"跳緋獣が使用する丈夫な糸。
伸縮性に優れ、そのしなやか
さに惚れ込むハンターもいる。",,1,yes,
"イフリートソードの
生産方法が記された紙。
工房に持って行こう！",,1,yes,
"ライトニングソードの
生産方法が記された紙。
工房に持って行こう！",,1,yes,
"隠剣の生産方法が
記された紙。
工房に持って行こう！",,1,,
"刃刈の生産方法が
記された紙。
工房に持って行こう！",,1,,
"ブレイブボウ貤の
生産方法が記された紙。
工房に持って行こう！",,1,yes,
"クロッスシリーズの頭防具
が生産可能な貴重な紙。
工房に持って行こう！",,1,yes,
"クロッスシリーズの胴防具
が生産可能な貴重な紙。
工房に持って行こう！",,1,yes,
"クロッスシリーズの腕防具
が生産可能な貴重な紙。
工房に持って行こう！",,1,yes,
"クロッスシリーズの腰防具
が生産可能な貴重な紙。
工房に持って行こう！",,1,yes,
"クロッスシリーズの脚防具
が生産可能な貴重な紙。
工房に持って行こう！",,1,yes,
"失われたとされていた、武具
の製法書『ボロン』の一部
と見られるメモ。",,1,yes,
"失われたとされていた、武具
の製法書『ソディ』の一部
と見られるメモ。",,1,yes,
"失われたとされていた、武具
の製法書『クロル』の一部
と見られるメモ。",,1,yes,
"失われたとされていた、武具
の製法書『ティタン』の一部
と見られるメモ。",,1,yes,
"失われたとされていた、武具
の製法書『ガルム』の一部
と見られるメモ。",,1,yes,
"失われたとされていた、武具
の製法書『ニオベー』の一部
と見られるメモ。",,1,yes,
"失われたとされていた、武具
の製法書『アチモ』の一部
と見られるメモ。",,1,yes,
"失われたとされていた、武具
の製法書『ルテシア』の一部
と見られるメモ。",,1,yes,
"失われたとされていた、武具
の製法書『ブロアク』の一部
と見られるメモ。",,1,yes,
"失われたとされていた、武具
の製法書『フェルミ』の一部
と見られるメモ。",,1,yes,
"体内でエネルギーを圧縮する
際に出来たと思われる結晶。
通常の鉛玉よりかなり高密度。",,1,yes,
"冥雷竜の希少な鉤爪。
わずかではあるが、触れると
指先がチリチリする…。",,1,yes,
"幻のドラギュロスを倒した証。
加工方法が確立されておらず
値段もつけられないシロモノ。",,1,yes,
"頑丈なグラビモスの甲殻。
加工するだけでも相当な時間と
技術を要すると言われる。",,1,yes,
"巨大な岩石を思わせる、
強暴なグラビモスの甲殻。
まだ熱を帯びているようだ…。",,1,yes,
"特別なグラビモスから剥ぎ取れ
る希少な甲殻。溶岩石のような
見た目からこの名が付いた。",,1,yes,
"獰猛な大猪の鋭い牙。
突進による破壊を防ぐため、
先端が極度に曲がっている。",,1,,
"攻撃的な大猪の巨大な牙。
頑丈だが意外に軽く、
加工しやすい素材。",,1,,
"荒々しい大猪の立派な牙。
表面に付いた数々の傷跡が、
その強暴さを表している。",,1,,
"覇竜の極上の鱗。
火山の溶岩を思わせるような
肌触りと見た目を持つ。",,1,,
"一度突き刺されば人の手で
決して抜けないと言われる、
強暴な覇竜の壊爪。",,1,,
"通常のものよりひと回り大きい
青いイャンクックのクチバシ。
見た目に反して意外に軽い。",,1,yes,
"仰々しいという言葉通りの
青いイャンクックのクチバシ。
叩くと心地良い音がする。",,1,yes,
"激しくねじ曲がった、
黒いディアブロスの角。
調度品としても愛されている。",,1,yes,
"強暴な黒いディアブロスの角。
通常は鈍い黒色だが、丹念に
磨くと美しい光を放つと言う。",,1,yes,
"飲むと一定時間、会心率を
上昇させる効果を持った飲料。",,1,,
"憧れのハンターになれる
装備を作るための型紙。
狩りに行ける…かも？",,1,yes,
"スマートな紳士になれる
服を作るための型紙。
高級感たっぷり。",,1,yes,
"防寒機能を重視した、
暖かい服を作るための型紙。
アクセサリも充実。",,1,yes,
"腕利きのコックになれる
服を作るための型紙。
選りすぐりの道具付き。",,1,yes,
"日々の疲れを癒す、
ラブリーな雰囲気いっぱいの
部屋を作るための図面。",,1,yes,
"緊張感漂う砦をモチーフに
した部屋を作るための図面。
ハンター気分が高まる。",,1,yes,
"ダイエットを目的として
作られた食べ物。
人間には効果がない。",,1,yes,
"筋肉をつけることを目的と
して作られた食べ物。
人間には効果がない。",,1,,
"飲むことで元気が満ち満ちて
くる。あまりに強力すぎるため
一日の服用量に限りがある。",,1,,
"一定時間、火属性の攻撃力を
上昇させる効果を持った飲料。
武器にその属性ありが条件。",,1,,
"一定時間、水属性の攻撃力を
上昇させる効果を持った飲料。
武器にその属性ありが条件。",,1,,
"一定時間、氷属性の攻撃力を
上昇させる効果を持った飲料。
武器にその属性ありが条件。",,1,,
"一定時間、雷属性の攻撃力を
上昇させる効果を持った飲料。
武器にその属性ありが条件。",,1,,
"一定時間、龍属性の攻撃力を
上昇させる効果を持った飲料。
武器にその属性ありが条件。",,1,,
"丈夫なゴゴモアの体毛。
美しい朱色の体毛は、
女性ハンターに人気がある。",,1,yes,
"ゴゴモアの牙。
牙獣種の牙としては小さいが、
食い込むとなかなか外れない。",,1,yes,
"大きく発達した爪。
ゴゴモアは、この爪を器用に
使い木の上で生活する。",,1,yes,
"螺旋模様のゴゴモアの角。
螺旋の数によって年齢が
わかるという。",,1,yes,
"しなやかなゴゴモアの尾。
強靭でしなやかな尾は、
多くの武器の素材となる。",,1,yes,
"ゴゴモアの背中に残っていた、
ココモアの毛。
傷みやすいため扱いが難しい。",,1,yes,
"ゴゴモアの美しく上質な毛。
朱色の毛の中に、銀色の毛が
混じり高級感が漂う。",,1,yes,
"狩猟中に折れることが多く、
ここまで原型をとどめている
ものは珍しい。",,1,,
"過酷な環境で生き抜いてきた
ことがわかる爪。非常に硬く、
鋭く削れている。",,1,,
"非常に立派なゴゴモアの角。
加工が難しく、職人泣かせだ
が素材としては一級品。",,1,yes,
"よりしなやかで強靭な
ゴゴモアの尾。
ここまで立派なものは珍しい。",,1,yes,
"生え変わったばかりの
柔らかい体毛。狩人からは
幸運なものとして珍重される。",,1,,
"牙獣種から稀に取れる角。
鮮やかに輝く様は、
上質の証。",,1,,
"溜め短縮スキルが
アップする装飾品。",,1,yes,
"絆スキルが
アップする装飾品。",,1,yes,
"捕獲上手スキルが
アップする装飾品。",,1,yes,
"受け身スキルが
アップする装飾品。",,1,yes,
"笛吹き名人スキルが
アップする装飾品。",,1,yes,
"高速設置スキルが
アップする装飾品。",,1,yes,
"圧力スキルが
アップする装飾品。",,1,yes,
"古龍種の体内より慎重に
採取された髄。保存にも
大変な技術を必要とする。",,1,,
"強化された投てき用ナイフ。
特定スキル発動時のみ調合可。
{c05}（支給品専用）",,1,yes,
"クエスト中でのみ使用できる
投てき用ナイフ作成キット。",,1,yes,
"強力な酸の力で当たった個所を
溶かして柔らかくする。
最大５発。",,1,,
"当たった個所の火の通りが
よくなる特殊な酸を
仕込んだ弾。最大５発。",,1,,
"当たった個所の水の通りが
よくなる特殊な酸を
仕込んだ弾。最大５発。",,1,,
"当たった個所の雷の通りが
よくなる特殊な酸を
仕込んだ弾。最大５発。",,1,,
"当たった個所の氷の通りが
よくなる特殊な酸を
仕込んだ弾。最大５発。",,1,,
"当たった個所の龍の通りが
よくなる特殊な酸を
仕込んだ弾。最大５発。",,1,,
"使用者と、周囲の者に
怪力の丸薬と忍耐の丸薬の
効果を与える粉塵。",,1,,
"使用者と、周囲の者の
様々な状態異常と、体力を
回復することができる粉塵。",,1,,
"飛竜種の体内から、極稀に
取れる宝玉。様々な素材の
触媒に使える工房垂涎の品。",,1,,
"一時的に風を溜めこむ箱。
非常に丈夫で大容量の風を溜
めることができる。",,1,,
"一度鳴らせば止めない限り
永久に音を発し続ける音叉。",,1,,
"リベッツレーネの
生産方法が記された紙。
工房に持って行こう！",,1,yes,
"イドゥアーレの
生産方法が記された紙。
工房に持って行こう！",,1,yes,
"オーディレーゼの
生産方法が記された紙。
工房に持って行こう！",,1,yes,
"アルモレーゼの
生産方法が記された紙。
工房に持って行こう！",,1,yes,
"巨大な牙の破片。
握りしめると根拠のない自信
が湧いてくる。",,1,,
"巨大すぎる頭殻の一部。
そばに置いて寝ると、成功を
掴む夢を見られる。",,1,,
"なんらかのモンスターの青色の
巨大な羽毛。防具の素材とし
て使えそうだ。",,1,yes,
"東方のレシピでできたお団子。
その綺麗な桜色は食べる事が
躊躇されるほど綺麗。",,1,yes,
"桜の花で作った御香。
目を閉じると、まるで咲き
乱れる花の中にいるかのよう。",,1,,
"砂漠の水場で稀に取れる砂鉄。
固めることで金剛石よりも固
くなるため工房では超貴重品。",,1,,
"空から降ってきたと伝えられ
ている謎の石。耳を当てると
何やら奇妙な音がする。",,1,,
"地中奥深くから採れる鉱石。
その中からは稀に未解明生物
の骨が発見される。",,1,,
"コルセーヌの
生産方法が記された紙。
工房に持って行こう！",,1,yes,
"ミアロークの
生産方法が記された紙。
工房に持って行こう！",,1,yes,
"ミオルヴァの
生産方法が記された紙。
工房に持って行こう！",,1,yes,
"オグスナーの
生産方法が記された紙。
工房に持って行こう！",,1,yes,
"デュローディアの
生産方法が記された紙。
工房に持って行こう！",,1,yes,
"タミルティアの
生産方法が記された紙。
工房に持って行こう！",,1,yes,
"紺色のキノコを模した明かり。
ぼんやりと放たれるその光は
子供を見守る父親のよう。",,1,yes,
"桃色のキノコを模した明かり。
ぼんやりと放たれるその光は
子供を見守る母親のよう。",,1,yes,
"金獅子の素材を加工したもの。
子供の健やかな成長を願って
室内に飾られる。",,1,,
"撃龍鎚を完璧に使いこなす
ための秘訣が記された資料。
その内容を親方に報告だ！",,1,,
"人形を妖しく動かすことで
より強く睡眠へといざなう
魔性の操り糸。",,1,,
"人形を機敏に動かすことで
より強力な破壊をもたらす
魔性の操り糸。",,1,,
"極寒の風穴で採れる希少火薬。
鋼龍の宝玉が変化したもの
との説もあるが、真偽は不明。",,1,,
"熱い思いが込められた布。
持ち歩くと教官見習ネコの
言葉を思い出す。",,1,yes,
"絹で織られた白い布。他には
ない艶があり、とても美しい。
いろいろな製品に使用される。",,1,,
"何故か地面から浮いている
妖しい骨。触ると深い眠りに
落ち、必ず翌朝に目覚める。",,1,,
"透明な単結晶でできた多面体。
組合わせることで１つになる。
何面あるかは不明。",,1,,
"ある愛好家が求めていた幻の
魚。自慢の庭園の池に放ち、
眺めることが夢だったらしい。",,1,,
"メゼポルタ広場で語られる
有名な物語の名前。読むと
幸せな気持ちになれる。",,1,yes,
"エルペの身体のごく一部に
生えているやわらかい毛。
高級な防具などに使用される。",,1,yes,
"ごく一部のブルックに生えて
いる硬くて大きい角。
高級な防具などに使用される。",,1,yes,
"黒鎧竜の堅牢な分厚い甲殻。
その表面は血塗れで、狩人と
の激しい狩猟を物語っている。",,1,,
"動物の皮に描かれた美しい絵。
思わず見とれてしまう優しい
タッチは、愛情を感じさせる。",,1,yes,
"ピスカの大好物。とても良い
匂いがただよってくるが、
人間にはとても食べられない。",,1,yes,
"表面が丁寧に磨かれた鉱石。
光を反射し、覗き込むことで
自分の顔を見ることができる。",,1,,
"とある海辺の村で、災難から
逃れるために使われる飾り。
魚類の鱗や骨が素材のようだ。",,1,,
"真っ赤な実を使って作られた
女性用の髪飾り。人に贈ると
特別な意味を表すという。",,1,,"A rare fruit that boosts
Fire Resistance for a
single hunt."
"どんな嘘もたちまち見破る
不思議なコンパス。普段は
針がゆっくりと回転している。",,1,yes,"A rare fruit that boosts
Water Resistance for a
single hunt."
"曲がりくねったロウソク。
その燃え方は、人の運命を
表現するという。",,1,yes,"A rare fruit that boosts
Dragon Resistance for a
single hunt."
"表紙は普通だが、ほとんどの
ページが白紙の不思議な本。
一体何を意味するのだろうか。",,1,yes,"A rare fruit that boosts
Stamina Recovery for a
single hunt."
"派手なピンク色に塗られた
釣り竿。この見た目には、
好みが分かれることだろう。",,1,yes,"A rare fruit that boosts
Elemental attacks for a
single hunt."
"しめやかな雰囲気を醸し出す
オルゴール。興奮していても
聴くだけで心が落ち着く。",,1,yes,
"自分が他人になしたことは、
善悪を問わず、自分に戻って
くるという教訓を込めた品。",,1,,
"真っ赤に染まったドクロ。
ある人が、人の業を表現する
ために創作したという。",,1,yes,
"獰竜の皮の端材。表面こそ
傷んでいるが、非常に丈夫
で鈍らでは断ち切れない。",,1,,
"ダブルエッジ貤の
生産方法が記された紙。
工房に持って行こう！",,1,yes,
"ウェーブエッジ貤の
生産方法が記された紙。
工房に持って行こう！",,1,yes,
"フローズンエッジ貤の
生産方法が記された紙。
工房に持って行こう！",,1,yes,
"グークの形を模った爆弾。
試しに置いてみよう！
お守りを持っていると…？",,1,yes,
"たまごの形をした爆弾。
試しに置いてみよう！
お守りを持っていると…？",,1,,
"とりあえず投げてみよう！
自然と気持ちが、とっても
ハッピー！",,1,yes,
"どこかで見たことある人形。
蹴っちゃダメです！
ぜーったいダメです！",,1,yes,
"グークの形を模った爆弾。
試しに置いてみよう！
{c05}（支給品専用）",,1,yes,
"たまごの形をした爆弾。
試しに置いてみよう！
{c05}（支給品専用）",,1,,
"とりあえず投げてみよう！
自然と気持ちが、とっても
ハッピー！{c05}（支給品専用）",,1,yes,
"どこかで見たことある人形。
蹴っちゃダメです！
{c05}（支給品専用）",,1,yes,
"菌糸の多い場所で採掘される
石。加工する際は菌糸を取り
除いて使われる。",,1,,
"鉄を多く含んでいるため、
非常に黒くて重い鉱石。光を
反射するほど表面は滑らか。",,1,,
"水晶の中に菌糸が広がったよ
うに金色の黄銅鉱が含まれて
いる結晶石。とても美しい。",,1,,
"太古の生物や植物などの遺骸
が堆積して出来た石。
{c05}（精算アイテム）",,1,yes,
"使用するとホルクの攻撃動作
を止めることができる。",,1,yes,
"特殊な音色を聴いたホルクは
どこからか勇気が湧き、力が
みなぎる。確率で壊れる。",,1,yes,
"特殊な音色を聴いたホルクは
精神が高まり、忍耐力が増す。
確率で壊れる。",,1,yes,
"触ると周囲に粉を撒くキノコ。
とても美味だが、油断すると
粉まみれになる。",,1,yes,
"タイクンザムザの岩殻。
その名の通り、岩で出来ており
菌類と共に殻へ付着した。",,1,yes,
"タイクンザムザの爪。
切れ味はイマイチだが、重量が
あるので叩き斬るのに向く。",,1,yes,
"タイクンザムザの朱殻。
遠くからでも分かるほど
鮮やかな色合いの殻。",,1,yes,
"タイクンザムザの朱爪。
派手な見た目にそぐわぬ
切れ味がある。",,1,yes,
"タイクンザムザの巨槌。
爪と呼ぶにはあまりにも
巨大だが、見た目よりも軽い。",,1,yes,
"タイクンザムザの堅殻。
岩と同化してより一層
堅くなった甲殻。",,1,yes,
"タイクンザムザの尖爪。
その尖鋭さから伝わる危険性に
怖気づく者がいるほど。",,1,yes,
"タイクンザムザの薄殻。
透き通るような白さで
殻とは思えぬ柔軟さを持つ。",,1,yes,
"タイクンザムザの薄爪。
しなやかで鋭利な爪の特性を
生かすには熟練の技が必要。",,1,yes,
"タイクンザムザの鋭槍。
見るのも難しい多殻蟹の槍で
剥ぎ取るにはコツがいる。",,1,yes,
"甲殻種の体内から、極稀に
取れる宝玉。様々な素材の
触媒に使える工房垂涎の品。",,1,,
"アビオルグの鱗。
この鱗の上から致命傷を与え
ることは難しい。",,1,yes,
"アビオルグの骨。
この骨を加工し作られた
武具は、高い耐久性を持つ。",,1,yes,
"アビオルグの皮。
軽く、伸縮性があるため、
防具のつなぎに利用される。",,1,yes,
"アビオルグの牙。
数多の獲物を葬ってきた牙、
どんな硬いものも噛み砕く。",,1,yes,
"アビオルグの尾。
刃物のように鋭いため、
扱う際には細心の注意が必要。",,1,yes,
"アビオルグの角。
紅く美しい角は、武具以外
にも、幅広く利用される。",,1,yes,
"アビオルグの血。
鮮やかな紅い色をしており、
素材として珍重される。",,1,yes,
"アビオルグの上質の鱗。
鱗よりも硬度が高いが、
それだけに扱いも難しい。",,1,yes,
"アビオルグの上質の骨。
多くの素材と相性が良く、
様々な用途が考えられる。",,1,yes,
"アビオルグの上質の皮。
丈夫ゆえに加工も難しい、
職人の技量の見せどころ。",,1,yes,
"アビオルグの上質の牙。
獰竜素材の中でも、
特に加工が難しい素材。",,1,yes,
"アビオルグの上質の尾。
その大きさと鋭さは、軽く
アビオルグの尾を上回る。",,1,yes,
"アビオルグの上質の角。
光沢ある紅色の角は、
見る者を魅了する。",,1,yes,
"アビオルグから稀に取れる
怒りの宿った熱い血。
決して冷めることは無い。",,1,yes,
"獣竜種の狩猟で稀に取れる血。
何らかの要因で突発的に生成
されるらしいが、真実は不明。",,1,,
"クローニーピアスの
生産方法が記された紙。
工房に持って行こう！",,1,yes,
"アハバーピアスの
生産方法が記された紙。
工房に持って行こう！",,1,yes,
"最高の武具を作ろうと
日夜努力する武具職人たちの
勇ましい心意気。",,1,,
"最高の武具を作ろうと
日夜努力する武具職人たちの
親しみやすい心意気。",,1,,
"最高の武具を作ろうと
日夜努力する武具職人たちの
愛すべき心意気。",,1,,
"最高の武具を作ろうと
日夜努力する武具職人たちの
意外と知的な心意気。",,1,,
"まだ若いモンスターの甲殻。
表面は弾力があり、強度は
期待できそうにない。",,1,yes,
"分厚く重いモンスターの堅殻。
その硬さから武具や家具など
幅広く使用される。",,1,yes,
"最近ギルドが発見した黒重殻。
素材の劣化は感じさせず、
むしろ驚異的な硬度を有する。",,1,yes,
"放置すると鋭い形状に変化し、
圧力を加えると発光しながら
形状を変える不思議な粘土。",,1,,
"ほとんど摩擦を感じない
滑らかな石。たくさん集めて
袋に詰めると、よく動き回る。",,1,,
"男心の移ろいやすさを綴った
綺麗な詩集。著者は女性だが
共感する男性も多いとか。",,1,,
"天才職人が戯れで作った玩具。
極めて出来がよく、武器の
一部としてさえ使えるほど。",,1,,
"特殊な地層に埋もれたまま
長い時を経て、ぼんやりと
光るようになった巨大な骨。",,1,,
"ある民族が夜の狩りで使う墨。
肌と衣服を真っ黒に塗り、
闇に乗じて獲物を仕留める。",,1,,
"多殻蟹の甲殻の欠片。
小さいが高密度で硬度もあり
繊細な細工にも耐えられる。",,1,,
"一流の道化師を目指す人の為
の本。数々のハッピーなアイ
ディアが書き込まれている。",,1,yes,
"普通は灰色だが、不純物が
極めて少ない場合にのみ
紫色に輝く希少鉱物。",,1,,
"道化師の道を更に極めたい人
の為の本。数々のファニーな
アイディアが書かれている。",,1,yes,
"秘伝書を極めんとする者に
与えられる努力の証【序】",,1,,
"秘伝書を極めんとする者に
与えられる努力の証【破】",,1,,
"秘伝書を極めんとする者に
与えられる努力の証【急】",,1,,
"ハンター同士が手を取り合う
ことで、更なる高みへと
導かれることだろう。",,1,yes,
"有望な狩人のための推薦状。
パートナー、パートニャーに
持たせることで、効果が出る。",,1,yes,
"誰もが振り向く貴族の衣装を
作ることができる型紙。",,1,,
"子供たちの通う施設の
制服を模した型紙。
懐かしい記憶が蘇る…？",,1,,
"ハードなライダースーツを
作ることができる型紙。
風を切って突っ走れ！",,1,yes,
"心地よいガーデン風の
部屋を作るための図面。
季節の匂いが感じられる。",,1,yes,
"見ているだけで心が躍る。
からくりがいっぱいの
部屋を作るための図面。",,1,,
"使用者と周囲の者にダメージ
回復能力を、一定時間与える。
回復速度スキルと重複しない。",,1,yes,
"強大な炎王龍から剥ぎ取られ
た翼。炎の力が宿っており、
強力な武具の素材となる。",,1,,
"特別強力な呑竜から発見された
石。体液で爛れてはいるものの
特殊な力を持つ素材のようだ。",,1,,
"貴重な素材となる、冥雷竜の
鱗。少し焦げているのは
その強大すぎる力の影響か。",,1,,
"ナイフ投げスキルが
アップする装飾品。",,1,yes,
"いたわりスキルが
アップする装飾品。",,1,yes,
"対防御ＤＯＷＮスキルが
アップする装飾品。",,1,yes,
"ゲローグラディウスの
生産方法が記された紙。
工房に持って行こう！",,1,yes,
"ウルナグラディウスの
生産方法が記された紙。
工房に持って行こう！",,1,yes,
"セドゥマルクスの
生産方法が記された紙。
工房に持って行こう！",,1,yes,
"プルマルクスの
生産方法が記された紙。
工房に持って行こう！",,1,yes,
"フェイムスパエラの
生産方法が記された紙。
工房に持って行こう！",,1,yes,
"カリュプスパエラの
生産方法が記された紙。
工房に持って行こう！",,1,yes,
"カノ＝アンスルの
生産方法が記された紙。
工房に持って行こう！",,1,yes,
"アルグムスパエラの
生産方法が記された紙。
工房に持って行こう！",,1,yes,
"ラティヌスパエラの
生産方法が記された紙。
工房に持って行こう！",,1,yes,
"ウル＝ベルカナの
生産方法が記された紙。
工房に持って行こう！",,1,yes,
"太古の職人が加工を施したと
される晶石。失われた技術を
使用しており、再現は不可能。",,1,,
"電流を通すと発熱する鋼石。
高電圧をかければ肉も焼け
るほど。",,1,,
"より高熱が出るようコルム鋼
石を加工した鋼線。非常に丈
夫で焼き切れることはない。",,1,yes,
"常温でも固体化する液体。
触れた物質の温度を奪う
性質がある。",,1,,
"砕けた剣の欠片。
砕けても鋭さは失われず、
熱を帯びている。",,1,,
"古の毒を閉じ込めた氷柱。
溶け出した水は非常に危険。",,1,,
"光る粒子を含んだ結晶体。
贈り物にしても喜ばれる。",,1,,
"どこからも採掘した記録がな
い深緋の金属。龍の属性を
帯びている。",,1,,
"どんなに屈強な鬼でもこの金
属で作られた棒で叩かれると
泣きだすと言われる謎の鉱石。",,1,,
"ハンターズギルドに認められ
たハンターにのみ挙げること
が許される伝説のバナー。",,1,yes,
"飽く事なく技を鍛え上げる匠
に宿る精神を書き記したもの。
熟練のハンターのみ入手可能。",,1,yes,
"各地に出没する青き狩人の皮。
まだ、若い個体のようだ。",,1,,
"各地に出没する赤き狩人の皮。
まだ、若い個体のようだ。",,1,,
"ある事態を想定し、ギルドが
工房へ開発を依頼した合金。
龍属性が高くなるように配合。",,1,yes,
"毎年開催される行事に用いる
笹。この日の為に、ギルドは
遠方の地へ買い付けに行く。",,1,yes,
"毎年開催される行事に用いる
短冊。願い事を書いて、
工房へ持っていこう！",,1,,
"体に向けて扇ぐことで、少し
涼しくなる気がする道具。
誰かに扇いでもらうのが一番。",,1,,
"温暖期の暑い中、狩りをした
ときの思い出。この時期は、
うちわが手放せない。",,1,,
"メゼポルタ広場の近くで栽培
している花。管理人は、あの
花売り娘らしい。",,1,yes,
"正体不明のモンスターの素材。
表面の光沢の度合いから、
最近の甲殻のようだ。",,1,yes,
"東方のハンターが飲む酒。
酒を月の光に当てて飲むと、
端麗な味わいになり、うまい。",,1,yes,
"夜の間だけ生える草。
最近になって、その存在が
知られるようになった。",,1,,
"あるモンスターの白い羽。
銀色のように輝くものは、
お守りとして持つ者が多い。",,1,yes,
"あるモンスターの白い毛。
銀色のように輝くものは、
お守りとして持つ者が多い。",,1,yes,
"あるモンスターの風切羽。
銀色のように輝くものは、
お守りとして持つ者が多い。",,1,yes,
"採集を極めたハンターの証。
その功績から世界の繁栄に
貢献したと称えられるほど。",,1,yes,
"遥か昔に空から落下した星鉄
が、環境により白く変化した
もの。白星鉄よりレアである。",,1,yes,
"リュウソウの生産方法が
記された紙。
工房に持って行こう！",,1,yes,
"デュアルアイスの生産方法が
記された紙。
工房に持って行こう！",,1,yes,
"イスナボウガンの生産方法が
記された紙。
工房に持って行こう！",,1,yes,
"イスナバレッツの生産方法が
記された紙。
工房に持って行こう！",,1,yes,
"イスナブラストの生産方法が
記された紙。
工房に持って行こう！",,1,yes,
"イスナアサルトの生産方法が
記された紙。
工房に持って行こう！",,1,yes,
"サラーサボウガンの
生産方法が記された紙。
工房に持って行こう！",,1,yes,
"サラーサバレッツの
生産方法が記された紙。
工房に持って行こう！",,1,yes,
"サラーサブラストの
生産方法が記された紙。
工房に持って行こう！",,1,yes,
"サラーサアサルトの
生産方法が記された紙。
工房に持って行こう！",,1,yes,
"胸の内を認めた達筆な手紙。
凛とした女性を思わせるが、
僅かに動揺も見られる。",,1,,
"杵と呼ばれる異国の道具を
握るための小さな手袋。
温かみを感じさせる。",,1,,
"身の毛のよだつ真紅の鉱石。
ありふれた鉱石が古龍の血を
浴びて変質したとの説もある。",,1,,
"決して溶けない特殊な氷。
安定した低温が、古龍さえも
氷漬けにすると言われる。",,1,,
"決して溶けない特殊な氷。
結晶が鋭利な形状に変化し、
武器の斬れ味を強化する。",,1,,
"高い身分に相応しい美麗な糸。
神の乗り物である紫色の雲を
紡いで作られたと伝えられる。",,1,,
"スパーク・ツィータの
生産方法が記された紙。
工房に持って行こう！",,1,yes,
"ナーガ・ツィータの
生産方法が記された紙。
工房に持って行こう！",,1,yes,
"サラマン・ファナレの
生産方法が記された紙。
工房に持って行こう！",,1,yes,
"ニューニ・ファナレの
生産方法が記された紙。
工房に持って行こう！",,1,yes,
"クラウドバスター貤の
生産方法が記された紙。
工房に持って行こう！",,1,yes,
"ファイアリブレイド貤の
生産方法が記された紙。
工房に持って行こう！",,1,yes,
"ドラグーンソード貤の
生産方法が記された紙。
工房に持って行こう！",,1,yes,
"風呂あがりに飲むことで、
火照った体を冷ませる。
スカッと、さわやか！！",,1,yes,
"もふもふと甘くうまい、
温泉の蒸気で蒸されたパン。
湯の印が付いている。",,1,yes,
"食べやすい形に進化した果実。
まろやかな口当たり、
しかも…酸っぱくない！！",,1,,
"金でできたローマの貨幣。
属州ではないこの国では
通用しないであろう…。",,1,yes,
"銀でできたローマの貨幣。
属州ではないこの国では
通用しないであろう…。",,1,yes,
"銅でできたローマの貨幣。
属州ではないこの国では
通用しないであろう…。",,1,yes,
"特殊な液体を仕込んだ弾丸。
地面に着弾すると化学反応を
起こす。最大５発。",,1,,
"特殊な液体を仕込んだ火属性
の弾丸。地面に着弾すると
化学反応を起こす。最大５発。",,1,,
"特殊な液体を仕込んだ水属性
の弾丸。地面に着弾すると
化学反応を起こす。最大５発。",,1,,
"特殊な液体を仕込んだ雷属性
の弾丸。地面に着弾すると
化学反応を起こす。最大５発。",,1,,
"特殊な液体を仕込んだ氷属性
の弾丸。地面に着弾すると
化学反応を起こす。最大５発。",,1,,
"特殊な液体を仕込んだ龍属性
の弾丸。地面に着弾すると
化学反応を起こす。最大５発。",,1,,
爆撃弾生産用の特殊な液体。,,1,,
"埋めることで癒しの空間を
演出。和んでみてはいかが
ですか？",,1,,
"グークを模した笛。
モンスターをも和ませます。",,1,yes,
"グークを模した打ち上げ花火。
クエストの終わりにいかが？",,1,yes,
"ここはどこ？使ってみたら、
あんな場所。こんな場所。",,1,,
"グークを模したピッケル。
時折多く掘れるらしい。",,1,yes,
"グークを模した釣り餌。
時折多く釣れるらしい。",,1,yes,
"グークを模した虫あみ。
時折多く捕れるらしい。",,1,yes,
"グークを模したグローブ。
時折多く採れるらしい。",,1,yes,
"埋めることで癒しの空間を
演出。和んでみてはいかが
ですか？{c05}（支給品専用）",,1,,
"グークを模した笛。
モンスターをも和ませます。
{c05}（支給品専用）",,1,yes,
"グークを模した打ち上げ花火。
クエストの終わりにいかが？
{c05}（支給品専用）",,1,yes,
"ここはどこ？使ってみたら、
あんな場所。こんな場所。
{c05}（支給品専用）",,1,,
"グークを模したピッケル。
時折多く掘れるらしい。
{c05}（支給品専用）",,1,yes,
"グークを模した釣り餌。
時折多く釣れるらしい。
{c05}（支給品専用）",,1,yes,
"グークを模した虫あみ。
時折多く捕れるらしい。
{c05}（支給品専用）",,1,yes,
"グークを模したグローブ。
時折多く採れるらしい。
{c05}（支給品専用）",,1,yes,
"牙獣種の身体を守る、
硬質な棘。滑らかな表面は
見るものを魅了する。",,1,,
"グレンゼブルの荒々しい角。
硬度が通常のものと比べて
桁違いに高い。",,1,yes,
"凶暴なグレンゼブルから
剥ぎ取った角。通常のもの
より長く、猛々しい。",,1,yes,
"グレンゼブルの極上の角。
生半可な職人では傷一つ
付けられないほど頑強。",,1,yes,
"クシャルダオラの翼。
翼とは思えぬほどの重量を
持ち、扱いが非常に困難。",,1,yes,
"凶暴なクシャルダオラから
剥ぎ取った翼。通常のもの
より重く、まるで鉛の塊。",,1,yes,
"クシャルダオラの極上の翼。
剛柔と呼ばれる翼で扇げば
あたりに突風が巻き起こる。",,1,yes,
"致死性の毒を纏う棘茶竜の棘。
その棘の美しさとは裏腹に、
触れた者を死に至らしめる。",,1,,
"蒼火竜の中でも、長い年月を
経た個体のみに見られる鱗。
その強度と美しさは至高。",,1,,
"滅多に出会えない極上の外殻。
傷が一つも無く、美しさを
保った外殻が艶殻となる。",,1,,
"淡い光を放つ不思議な胃石。
一定量の光を断続的に放出し、
宝石とは異なる美しさをもつ。",,1,,
"クアルセプスの鱗。
鉱石に近い成分のためか
叩くと澄んだ音がする。",,1,yes,
"クアルセプスの爪。
短いが非常に頑丈で鋭い形。
触るとゴツゴツしている。",,1,yes,
"クアルセプスから剥ぎ取った
腹皮。地面を這いずる度に擦
れるため、独特のツヤがある。",,1,yes,
"立方体の鉱石が付着している
鱗。晶竜が落雷を受け流す原理
の鍵として目下研究中の一品。",,1,,
"吸収と放出の２つ性質を持つ
水晶。その輝きは見るものを
虜にする。",,1,,
"稀に海竜種の体内で生成される
玉石。表面は淡い紫色だが中心
は怪火のような濃紫。",,1,,
"夢に見たお菓子に囲まれた
日々を体現してくれる。
※ただし食べられません。",,1,,
"野山を駆け巡りたい！
そんなわんぱく心満載な
気持ちになれる衣装の型紙。",,1,,
"なにかの記念に作られた衣装
の型紙。着ることで気高き
気分になった気がする。",,1,,
"お祭り気分の衣装は、
この型紙におまかせ！
何もかも忘れて楽しもう！",,1,,
"ミッション達成のハンコが
押されたチケット。",,1,yes,
"教官とはじめてゴゴモアを
狩った時に手に入れた素材。
売る程度の価値しかない。",,1,yes,
"世話やきネコ驚愕の
ソウルフルなもの。",,1,yes,
"世話やきネコ戦慄の
ソウルフルなもの。",,1,yes,
"世話やきネコ愕然の
ソウルフルなもの。",,1,yes,
"世話やきネコ衝撃の
ソウルフルなもの。",,1,yes,
"１１武器種からどれか１種の
武器が生産できる素材が、
ギッシリ詰まった特別な袋。",,1,yes,
"ホルクに投げ渡し、モンスター
に毒属性攻撃を与える。
{c05}（レベル３ホルク専用）",,1,yes,
"非常に貴重な調理用の食材。
なかなか実らない希少な米。
味は抜群で市場価値は高い。",,1,,
"非常に貴重な調理用の食材。
銀色に輝くレバー。栄養価が
高く、ハンターに大人気！",,1,yes,
"非常に貴重な調理用の食材。
扱いが難しいが栄養満点の魚。
お肌がツルツルになる。",,1,yes,
"非常に貴重な調理用の食材。
１頭からごくわずかしか取れ
ない貴重な肉。",,1,,
"非常に貴重な調理用の食材。
食べるたびに、味が変わると
いわれる幻のレタス。",,1,yes,
"非常に貴重な調理用の食材。
気品漂うパセリ。
料理に添えると彩が加わる。",,1,yes,
"非常に貴重な調理用の食材。
とてもクサ〜いチーズ。
そのクサさが病み付きになる。",,1,yes,
"非常に貴重な調理用の食材。
最高級のスパイス。誰もが
余りの刺激に踊りだす。",,1,yes,
"ホルクを呼び寄せ、自分以外の
誰かの元まで掴まって運んで
もらう。やっぱりコレだよね。",,1,yes,
"不思議な性質を持った特殊な
紙で作られたチケット。
特別な品と交換できる。",,1,yes,
"覚醒した黒き飛竜の赤眼。
血紅色を帯びた眼は、
見たものを戦慄させる。",,1,,
"奇種を狩猟したことに対する
ギルド発行の白色の証明書。
集めておくといいかも…？",,1,yes,
"奇種を狩猟したことに対する
ギルド発行の赤色の証明書。
集めておくといいかも…？",,1,yes,
"奇種を狩猟したことに対する
ギルド発行の緑色の証明書。
集めておくといいかも…？",,1,yes,
"奇種を狩猟したことに対する
ギルド発行の青色の証明書。
集めておくといいかも…？",,1,yes,
"奇種を狩猟したことに対する
ギルド発行の黄色の証明書。
集めておくといいかも…？",,1,yes,
"奇種を狩猟したことに対する
ギルド発行の紫色の証明書。
集めておくといいかも…？",,1,yes,
"奇種を狩猟したことに対する
ギルド発行の水色の証明書。
集めておくといいかも…？",,1,yes,
"奇種を狩猟したことに対する
ギルド発行の橙色の証明書。
集めておくといいかも…？",,1,yes,
"奇種を狩猟したことに対する
ギルド発行の桃色の証明書。
集めておくといいかも…？",,1,yes,
"奇種を狩猟したことに対する
ギルド発行の灰色の証明書。
集めておくといいかも…？",,1,yes,
"奇種の研究に対して、大いに
貢献したハンターに贈られる
赤色の宝石。",,1,yes,
"奇種の研究に対して、大いに
貢献したハンターに贈られる
黄色の宝石。",,1,yes,
"奇種の研究に対して、大いに
貢献したハンターに贈られる
青色の宝石。",,1,yes,
"奇種の研究に対して、大いに
貢献したハンターに贈られる
灰色の宝石。",,1,yes,
"奇種の研究に対して、大いに
貢献したハンターに贈られる
紫色の宝石。",,1,yes,
"飲むと頭が冴えわたり、
１００％の確率で調合が
成功する様になる薬。",,1,,
"使用者と、周囲の者に
強走薬Ｇと千里眼の薬の
効果を与える粉塵。",,1,,
"飲めばスタミナが激減する上に
たちまち瀕死状態になるが、
体力の上限を上昇させる薬。",,1,yes,
"ホルクに投げ渡し、モンスター
に麻痺属性攻撃を与える。
{c05}（レベル３ホルク専用）",,1,yes,
"ホルクに投げ渡し、モンスター
に睡眠属性攻撃を与える。
{c05}（レベル３ホルク専用）",,1,yes,
"ホルクに投げ渡し、モンスター
に斬属性攻撃を与える。
{c05}（レベル３ホルク専用）",,1,yes,
"悪天候の中、狩猟を達成した
者だけが得ることのできる
屈強なハンターの証。",,1,yes,
"苛烈な狩猟を達成した者だけ
が得ることのできる、不屈の
ハンターの証。",,1,yes,
"韋駄天杯で優秀な成績を収め
た狩人に送られる証。「公式
のしるし【金】」と交換可能。",,1,,
"韋駄天杯で優秀な成績を収め
た狩人に送られる証。「公式
のしるし【銀】」と交換可能。",,1,,
"韋駄天杯で優秀な成績を収め
た狩人に送られる証。「公式
のしるし【銅】」と交換可能。",,1,,
"巨大魚杯で優秀な成績を収め
た狩人に送られる証。「魚杯
のしるし【金】」と交換可能。",,1,,
"巨大魚杯で優秀な成績を収め
た狩人に送られる証。「魚杯
のしるし【銀】」と交換可能。",,1,,
"巨大魚杯で優秀な成績を収め
た狩人に送られる証。「魚杯
のしるし【銅】」と交換可能。",,1,,
"氷の国で珍重されている
という謎の木の実。
とってもパリふわ。",,1,yes,
"氷の国で珍重されている
という謎の木の実。
とってもサクサク。",,1,yes,
"地中にある物を探す時に
使用する不思議な道具。
仕組みは謎に包まれている。",,1,,
"真の力を解放したガルセイン
の所持を許された者の証。
正義の下にある限り有効。",,1,yes,
"肌触りがあまりにも良いため
我を忘れて触り続けてしまう
カチコチした何か。",,1,yes,
"最新の製錬技術を用いて
究極の硬さを得た小さな刃。
斬れ味を飛躍的に高める。",,1,,
"人形内部に換装する事で、
より魅惑的な動きを可能に
する精密な歯車。",,1,,
"人形内部に換装する事で、
より破壊的な動きを可能に
する頑丈な歯車。",,1,,
"既に絶版となった謎の本。
どうやら、とある武器の強化
方法が記載されているようだ。",,1,,
"アクラ・ジェビアを褒め
称える為に作曲された、
歪んだ愛情に溢れた讃歌。",,1,yes,
"黒き獣から入手できる毛皮。
その毛並は見る者を脅えさせ、
触れる者をシビレさせる。",,1,yes,
"冷たく輝く牙。
帯びた冷気は永久に消えず、
触れた物を瞬時に凍らせる。",,1,,
"伝導率、緩衝性、肌触りを
追求した最高級クッション。
ぬいぐるみの尻に装着する。",,1,yes,
"メインフレームの構造に
技術革新をもたらす可能性を
秘めた合金。成分は不明。",,1,yes,
"怪しげな骨や皮がいくつか
入っている袋。数を集めな
いとゴミ同然。",,1,yes,
"常に震えている不思議なクチ
バシ。頑強な素材と組み合わ
せることで、震えは止まる。",,1,yes,
"長い年月をかけて汚染された
毒怪鳥の皮。不用意に触れた
者を確実に死に至らしめる。",,1,,
"爆発物のスペシャリストであ
ることを示す免許。爆発物を
作成する時はこれが必要。",,1,yes,
"東方の地で祭事に用いる竹。
ある時期になるとメゼポルタ
広場にも飾られる。",,1,yes,
"あらゆるモノを縛るときに
用いる。このわら縄は、ある
武器の強化に必要。",,1,yes,
"破れた地図で印されていた
場所を掘って見つけた鉱石。
鉄鉱石より比重が高い。",,1,,
"ある月夜の日に発見した石。
この石は常に低温を保つ為、
食料の保存などに使われる。",,1,,
"氷属性武器の強化に欠かす
ことのできない触媒。斬れ味
と攻撃力を高める効果がある。",,1,,
"５４５番目に発見された鉱石。
ある重砲の生産に必要。他の
武具に使用されたことはない。",,1,,
"ついつい食べたくなる甘い
お菓子の誘惑。
今年もポルタチョコを贈ろう！",,1,yes,
"砂漠に生息する、紅い飛竜種
の殻。かなりの年数が経過
している為、脆い。",,1,,
"奇面族が持ち歩いている文具。
書いてあるメモを盗み見たが、
解読不能であった。",,1,yes,
"ある奇面族が所持していた本。
文章より挿絵が多いので、
おそらく童話なのだろう。",,1,,
"ある時期になると、子供に
贈る品。ありったけの夢が
詰められている。",,1,,
"ポルタケーキに飾るロウソク。
火を消す役になったときは、
必ずテンションが上がる！",,1,yes,
"一人前の使用人として仕事を
全うした証の品。若々しい
新芽の香りが鼻をくすぐる。",,1,,
"一流の使用人として仕事を
全うした証の品。深みのある
成熟した香りが鼻をくすぐる。",,1,,
"報われない魂を鎮めるべく、
漆黒の教義を賛美する音楽。
人の正常な意識を乱す。",,1,,
"報われない魂を鎮めるべく、
天上より響く神格の歌声。
人の正常な意識を乱す。",,1,,
"様々な素材を組み合わせ、
門外不出の製法によって
生まれた複雑な色の皮。",,1,,
"古代より伝わる神秘の石。
ある民族は自分たちの命を
投げ捨ててまで守ったという。",,1,,
"片手剣に特殊な効果を
付与する印。
{c05}（天廊武器専用）",,1,,
"双剣に特殊な効果を
付与する印。
{c05}（天廊武器専用）",,1,,
"太刀に特殊な効果を
付与する印。
{c05}（天廊武器専用）",,1,,
"ガンランスに特殊な効果を
付与する印。
{c05}（天廊武器専用）",,1,yes,
"モンスターがめまいを
起こしやすくなる印。
{c05}（天廊武器専用）",,1,yes,
"音爆弾の範囲が拡大する印。
{c05}（天廊武器専用）",,1,,
"アガマ・シューターの
生産方法が記された紙。
工房に持って行こう！",,1,yes,
"ビア・シューターの
生産方法が記された紙。
工房に持って行こう！",,1,yes,
"アクア・シューターの
生産方法が記された紙。
工房に持って行こう！",,1,yes,
"ウィールライクの
生産方法が記された紙。
工房に持って行こう！",,1,yes,
"オヴィリーライムの
生産方法が記された紙。
工房に持って行こう！",,1,yes,
"オハイーオルの
生産方法が記された紙。
工房に持って行こう！",,1,yes,
"インデュロアの
生産方法が記された紙。
工房に持って行こう！",,1,yes,
"パスリグオクトルの
生産方法が記された紙。
工房に持って行こう！",,1,yes,
"パスリグアミドの
生産方法が記された紙。
工房に持って行こう！",,1,yes,
"パスリグダイナの
生産方法が記された紙。
工房に持って行こう！",,1,yes,
"ピスールカーリの
生産方法が記された紙。
工房に持って行こう！",,1,yes,
"ピスールクリンの
生産方法が記された紙。
工房に持って行こう！",,1,yes,
"ピスールコールの
生産方法が記された紙。
工房に持って行こう！",,1,yes,
"ナグリンＤＴの
生産方法が記された紙。
工房に持って行こう！",,1,yes,
"カリギューリの
生産方法が記された紙。
工房に持って行こう！",,1,yes,
"キャヴァ・アフターの
生産方法が記された紙。
工房に持って行こう！",,1,yes,
"ネコダイスキーの
生産方法が記された紙。
工房に持って行こう！",,1,yes,
"マウントシャスタの
生産方法が記された紙。
工房に持って行こう！",,1,yes,
"グランデアモーレの
生産方法が記された紙。
工房に持って行こう！",,1,yes,
"ラヴィアンローズの
生産方法が記された紙。
工房に持って行こう！",,1,yes,
"謎につつまれた飛竜の、爪の
破片。破片とはいえ、黒い飛竜
の力を宿している貴重な素材。",,1,,
"極めて強力なモンスターの血。
激しい運動の結果か、熱く、
そして、美しい。",,1,yes,
"ドラグーンガジェットの
生産方法が記された紙。
工房に持って行こう！",,1,yes,
"ライトニングバーストの
生産方法が記された紙。
工房に持って行こう！",,1,yes,
"ラスターカイルの
生産方法が記された紙。
工房に持って行こう！",,1,yes,
"シュテルンソードの
生産方法が記された紙。
工房に持って行こう！",,1,yes,
"フエゴアキュートの
生産方法が記された紙。
工房に持って行こう！",,1,yes,
"パラアキュートの
生産方法が記された紙。
工房に持って行こう！",,1,yes,
"ヴァダアキュートの
生産方法が記された紙。
工房に持って行こう！",,1,yes,
"ベネノアキュートの
生産方法が記された紙。
工房に持って行こう！",,1,yes,
"ロンアキュートの
生産方法が記された紙。
工房に持って行こう！",,1,yes,
"弩岩竜の身を覆う頑強な甲殻。
砂中での活動に適した形で、
鮮やかな緋色をしている。",,1,,
"甲殻の隙間を守る堅牢な鱗。
砂の圧力に耐えるため、
重厚な鱗となっている。",,1,,
"岩をも砕く強靭な顎。
邪魔な砂を排除するための
吸引器官でもある。",,1,,
"背中の白い角の中でも、特に
太く成長した巨大な角。
弩岩竜の怒りの象徴。",,1,,
"砂の海を泳ぐ為に成長した
漆黒の鉤爪。頑強な岩盤をも
容易く砕いてしまう。",,1,,
"弩岩竜の棘が長い年月を
経ることで、削れていき鋭利に
なった稀有な素材。",,1,,
"「緋色の山」と恐れられる
弩岩竜を撃退した者だけが
得ることのできる証。",,1,,
"弩岩竜の中でも特に強い
個体から取れる、至高の鱗。
幾多の裂傷が残る。",,1,,
"幾多の毛の中でも硬く鋭い毛。
強くたくましい跳緋獣から
しか取ることができない。",,1,,
"跳緋獣の美しくしなやかな毛。
非常に柔らかな手触りで、
触れる者を魅了する。",,1,,
"跳緋獣の中でも、特に獰猛な
個体から取れる毛。
真紅で繊細な素材。",,1,,
"舞雷竜の鱗の中でも、特に強く
帯電している鱗。雷鱗の
付近はこげた匂いがする。",,1,,
"舞雷竜の中でも、特に美麗な
個体から取れる鱗。
漆黒の闇の中で煌々と光る。",,1,,
"青いイャンクックの麗々しい
クチバシ。その身と同じく、
非常に目立つ。",,1,yes,
"色鮮やかで脂がのった、
霜降り状の腹肉。
とろけ具合がたまらない。",,1,,
"激しい怒気を発した黒い
ディアブロスのねじれた角。
異例のねじれっぷり。",,1,yes,
"奇種の研究に対して、大いに
貢献したハンターに贈られる
白色の宝石。",,1,yes,
"奇種の研究に対して、大いに
貢献したハンターに贈られる
緑色の宝石。",,1,yes,
"奇種の研究に対して、大いに
貢献したハンターに贈られる
水色の宝石。",,1,yes,
"奇種の研究に対して、大いに
貢献したハンターに贈られる
橙色の宝石。",,1,yes,
"奇種の研究に対して、大いに
貢献したハンターに贈られる
桃色の宝石。",,1,yes,
"奇種の研究に対して、大いに
貢献したハンターに贈られる
銀色の宝石。",,1,yes,
"奇種の研究に対して、大いに
貢献したハンターに贈られる
金色の宝石。",,1,yes,
"ミズキがくれた紹介状。
パートナー、パートニャーに
持たせることで、効果が出る。",,1,yes,
"グークの鍋で出来上がった
煮込み具合が足りないエキス。
グークの味はしない。",,1,yes,
"グークの鍋で出来上がった
全てが完璧なエキス。
グークの味はしない。",,1,yes,
"グークの鍋で出来上がった
煮込みすぎたエキス。
グークの味はしない。",,1,yes,
"怯まずの実を粉塵にした物。
一定時間、他者の攻撃による
怯みや吹っ飛びに耐える。",,1,,
"熱意ある狩人のための手紙。
パートナー、パートニャーに
持たせることで、効果が出る。",,1,yes,
"熱意溢れる、特別な推薦状。
パートナー、パートニャーに
持たせることで、効果が出る。",,1,yes,
"モンスターがモチーフに
なった部屋を作れる図面。
思ったほどコワくない！",,1,yes,
"イャンクックっぽい
大きな耳を作れる型紙。",,1,yes,
"イャンクック亜種っぽい
立派な耳を作れる型紙。",,1,yes,
"イャンガルルガっぽい
とがった耳を作れる型紙。",,1,yes,
"橙色の尾羽を作れる型紙。
これでヒプノックに
なれる…かも？",,1,yes,
"赤紫色の尾羽を作れる型紙。
これでヒプノック繁殖期に
なれる…かも？",,1,yes,
"蒼色の尾羽を作れる型紙。
これでヒプノック希少種に
なれる…かも？",,1,yes,
"ゲリョスを真似た
トサカとクチバシの
セットを作れる型紙。",,1,yes,
"ゲリョス亜種を真似た
トサカとクチバシの
セットを作れる型紙。",,1,yes,
"ドスランポスみたいな
トサカを作れる型紙。",,1,yes,
"ドスイーオスみたいな
トサカを作れる型紙。",,1,yes,
"ドスゲネポスみたいな
トサカを作れる型紙。",,1,yes,
"ギアノスみたいな
トサカを作れる型紙。",,1,yes,
"モンスター素材とあわせる
ことで色々な型紙をつくる
ことができる調査証。",,1,yes,
"ハンターの鬼神防具を
グーク用にアレンジして
作られた型紙。",,1,yes,
"特殊な甲殻種が活性化して
いく課程で、変化した体液。
非常に珍しく、得るのが困難。",,1,,
"親方ネコに渡してみよう。
へそくり素材で何かを
作ってくれるかも？",,1,yes,
"フォートカーディナルの
生産方法が記された紙。
工房に持って行こう！",,1,yes,
"フォートソーサレスの
生産方法が記された紙。
工房に持って行こう！",,1,yes,
"ラストランチャーの
生産方法が記された紙。
工房に持って行こう！",,1,yes,
"ドラゴンモルターの
生産方法が記された紙。
工房に持って行こう！",,1,yes,
"バーストストックの
生産方法が記された紙。
工房に持って行こう！",,1,yes,
"シャドウストックの
生産方法が記された紙。
工房に持って行こう！",,1,yes,
"炎龍剣の生産方法が
記された紙。
工房に持って行こう！",,1,,
"毒龍剣の生産方法が
記された紙。
工房に持って行こう！",,1,,
"雷斬刀の生産方法が
記された紙。
工房に持って行こう！",,1,,
"流斬刀の生産方法が
記された紙。
工房に持って行こう！",,1,,
"神威の生産方法が
記された紙。
工房に持って行こう！",,1,,
"神威【幻】の生産方法が
記された紙。
工房に持って行こう！",,1,,
"神威【幻魔】の生産方法が
記された紙。
工房に持って行こう！",,1,,
"神威【幻魔王】の生産方法が
記された紙。
工房に持って行こう！",,1,,
"神居の生産方法が
記された紙。
工房に持って行こう！",,1,,
"神居【幻】の生産方法が
記された紙。
工房に持って行こう！",,1,,
"神居【幻魔】の生産方法が
記された紙。
工房に持って行こう！",,1,,
"神居【幻魔王】の生産方法が
記された紙。
工房に持って行こう！",,1,,
"ヒートネイルの
生産方法が記された紙。
工房に持って行こう！",,1,yes,
"マーシュネイルの
生産方法が記された紙。
工房に持って行こう！",,1,yes,
"エレクトロポールの
生産方法が記された紙。
工房に持って行こう！",,1,yes,
"プライマルポールの
生産方法が記された紙。
工房に持って行こう！",,1,yes,
"ウォームプリックの
生産方法が記された紙。
工房に持って行こう！",,1,yes,
"ハームプリックの
生産方法が記された紙。
工房に持って行こう！",,1,yes,
"黄金魚竜の鱗。
絢爛豪華に光り輝く鱗は
貴族達の垂唾の一品。",,1,,
"黄金魚竜の極薄の鱗。
武具の表面に加工することで
硬度が向上する。",,1,,
"白銀魚竜の鱗。
絢爛豪華に光り輝く鱗は
貴族達の垂唾の一品。",,1,,
"眩い光を反射する白銀魚竜の
鱗。氷の様に冷たく表面は
滑らかな感触をしている。",,1,,
"黒光りする魚竜種の牙。
硬質の岩盤をも容易く噛み砕く
ほどの鋭さを持つ。",,1,,
"魚竜種の強靭なヒレ。
地中でも急激な方向転換を
可能とする。",,1,yes,
"過度の圧力により二頭の魚竜の
甲殻が融合したもの。表面は
黄金色、裏面は白銀色に輝く。",,1,,
"桜の花で作った御香。
目を閉じると、何か懐かしい
気持ちがこみ上げてくる。",,1,,
"舐めるととても甘い石。
煮詰めるとさらに甘さが増す。",,1,,
"はじける食感が楽しい実。
砂糖などと混ぜると、
子供が喜ぶお菓子ができる。",,1,,
"レジェンドラスタ、
ナターシャの仕草が追加され
る。<act41>で使用可能。",,1,yes,
"レジェンドラスタ、
ティアラの仕草が追加される。
<act42>で使用可能。",,1,yes,
"レジェンドラスタ、
フローラの仕草が追加される。
<act43>で使用可能。",,1,yes,
"レジェンドラスタ、
キースの仕草が追加される。
<act44>で使用可能。",,1,yes,
"東方で作られた兜についている
立派な金色の鍬形。
良く磨かれ、輝いている。",,1,,
"東方で作られた兜の正面に
ついている、立派な前立て。
触るのも憚られるほど立派。",,1,,
"東方の兜についている、
上質な紐で編まれた忍緒。
丈夫で、簡単には千切れない。",,1,,
"ファースト・ケイティの
生産方法が記された紙。
工房に持っていこう！",,1,yes,
"ハーツ・ケイティの
生産方法が記された紙。
工房に持っていこう！",,1,yes,
"クライ・ケイティの
生産方法が記された紙。
工房に持っていこう！",,1,yes,
"ドーンブレイドの
生産方法が記された紙。
工房に持っていこう！",,1,yes,
"リカーヴブレイドの
生産方法が記された紙。
工房に持っていこう！",,1,yes,
"カタクリズムランスの
生産方法が記された紙。
工房に持っていこう！",,1,yes,
"ケイデンスランスの
生産方法が記された紙。
工房に持っていこう！",,1,yes,
"ソードオフモルタルの
生産方法が記された紙。
工房に持っていこう！",,1,yes,
"ウィックドモルタルの
生産方法が記された紙。
工房に持っていこう！",,1,yes,
"アヴァリスモルタルの
生産方法が記された紙。
工房に持っていこう！",,1,yes,
"バラージモルタルの
生産方法が記された紙。
工房に持っていこう！",,1,yes,
"ソードオフカルバリンの
生産方法が記された紙。
工房に持っていこう！",,1,yes,
"ウィックドカルバリンの
生産方法が記された紙。
工房に持っていこう！",,1,yes,
"アヴァリスカルバリンの
生産方法が記された紙。
工房に持っていこう！",,1,yes,
"バラージカルバリンの
生産方法が記された紙。
工房に持っていこう！",,1,yes,
"氷山の中から見つかった大きな
果物の塊。
紫色の果物のようだ。",,1,,
"氷山の中から見つかった大きな
果物の塊。
黄色の果物のようだ。",,1,,
"氷山の中から見つかった大きな
果物の塊。
橙色の果物のようだ。",,1,,
"氷山の中から見つかった大きな
果物の塊。
桃色の果物のようだ。",,1,,
"果汁をたっぷり含んだ
絶品フルーツ。
冷やすとおいしい。",,1,yes,
"ヤマクライの特徴や生態
が記入された書物。購入後に
モンスターリストで参照可能。",,1,yes,Book for your Monster List filled with reference material on Yama Kurai.
"ガスラバズラの特徴や生態
が記入された書物。購入後に
モンスターリストで参照可能。",,1,yes,Book for your Monster List filled with reference material on Gasurabazura.
"ジンオウガの特徴や生態
が記入された書物。購入後に
モンスターリストで参照可能。",,1,yes,Book for your Monster List filled with reference material on Zinogre.
"クスバミの特徴や生態
が記入された書物。購入後に
モンスターリストで参照可能。",,1,yes,Book for your Monster List filled with information on the Kusubami.
"イビルジョーの特徴や生態
が記入された書物。購入後に
モンスターリストで参照可能。",,1,yes,Book for your Monster List filled with reference material on Deviljho.
"ブラキディオスの特徴や生態
が記入された書物。購入後に
モンスターリストで参照可能。",,1,yes,Book for your Monster List filled with reference material on Brachydios.
"ベリオロスの特徴や生態
が記入された書物。購入後に
モンスターリストで参照可能。",,1,yes,Book for your Monster List filled with reference material on Barioth.
"トリドクレスの特徴や生態
が記入された書物。購入後に
モンスターリストで参照可能。",,1,yes,Book for your Monster List filled with reference material on Toridcless.
"トア・テスカトラの特徴が
記入された書物。購入後に
モンスターリストで参照可能。",,1,yes,Book for your Monster List filled with reference material on Toa Tesukatora.
"ウラガンキンの特徴や生態が
記入された書物。購入後に
モンスターリストで参照可能。",,1,yes,Book for your Monster List filled with reference material on Uragaan.
"グァンゾルムの特徴が
記入された書物。購入後に
モンスターリストで参照可能。",,1,yes,Book for your Monster List filled with reference material on Guanzorumu.
"ナルガクルガの特徴が
記入された書物。購入後に
モンスターリストで参照可能。",,1,yes,Book for your Monster List filled with reference material on Nargacuga.
"ヴォージャンの特徴が
記入された書物。購入後に
モンスターリストで参照可能。",,1,yes,Book for your Monster List filled with reference material on Voljang.
"ゼナセリスの特徴が
記入された書物。購入後に
モンスターリストで参照可能。",,1,yes,Book for your Monster List filled with reference material on Zenaserisu.
"ゴア・マガラの特徴が
記入された書物。購入後に
モンスターリストで参照可能。",,1,yes,Book for your Monster List filled with reference material on Gore Magala.
"ケオアルボルの特徴が
記入された書物。購入後に
モンスターリストで参照可能。",,1,yes,
"シャガルマガラの特徴が
記入された書物。購入後に
モンスターリストで参照可能。",,1,yes,
"エルゼリオンの特徴が
記入された書物。購入後に
モンスターリストで参照可能。",,1,yes,
"アマツマガツチの特徴が
記入された書物。購入後に
モンスターリストで参照可能。",,1,yes,
"セルレギオスの特徴が
記入された書物。購入後に
モンスターリストで参照可能。",,1,yes,
"ボガバドルムの特徴が
記入された書物。購入後に
モンスターリストで参照可能。",,1,yes,
"齧るたびに様々な味のする
真っ黒な果実。味が安定しない
ため、料理には使いづらい。",,1,,
"ただの石にしか見えない実。
匂いもなく、水に沈むため、
割らないと判別が困難。",,1,,
"とても小粒な、茶色い種。
よく乾燥させると、香りのいい
お茶になる。",,1,,
"ちょっとの力でも、粉々に
砕けてしまう脆い種。
取扱いには注意が必要。",,1,,
"そのまま食べると歯が欠けて
しまうほど硬い、植物の実。
茹でると柔らかくなり、美味。",,1,,
"艶やかな色をした、珍しい実。
とてもいい香りをしているが、
食べることはできない。",,1,,
"とても硬くて丈夫な鉱石で、
熱に弱く加工しやすい。",,1,,
"鉛の成分が多く含まれた鉱物。
加工しやすく利用価値が高い。",,1,,
"触ると氷のように冷たい水晶。
透きとおるように澄んだ色で、
光にかざすと虹が出来る。",,1,,
"見た目に反して非常に溶け
やすく加工しやすい鉱石。
燃焼させないと崩れやすい。",,1,,
"ある程度のサイズで採掘される
ことが少ない、希少な鉱物。
キラキラと輝いて美しい。",,1,yes,
"あらゆる素材と馴染みやすく
その特性を高める不思議な
晶石。",,1,,
"最初に発見した人の名前が付け
られた虫。外殻がとても硬く、
さまざまな加工品に扱われる。",,1,,
"陽炎のように揺らめく羽を
持っているトンボ。目を
離すと見失いやすい。",,1,yes,
"外殻に２つの発光物があり、
淡く明滅をしていることから
名づけられた虫。",,1,,
"植物の茎に擬態したバッタ。
他の虫を捕る目的で偶然手に
入れるくらい、発見は難しい。",,1,yes,
"上から見た羽のかたちが、
ひし形に見えることから名づけ
られた虫。",,1,,
"腹に蓄えた蜜で子育てをする
珍しい虫。花の蜜を取ってく
るのはオスの役目。",,1,yes,
"陽の光を受ける昼の間にしか
採れない草。葉にハリがあり、
強い生命を感じる。",,1,yes,
"夜の間にしか採れない草で、
雫を垂らすような姿で花を咲か
せる。草自体は小さい。",,1,,
"滅多に入手できない幻の鉱石。
真珠に近い色合いをしており、
磨くとさらに輝きが増す。",,1,,
"飽きっぽいのか一か所にいる
ことはなく、多数の土地で発見
される魚。",,1,,
"土地別に特定の季節にしか現れ
ない魚。ある意味頑固な性格。",,1,,
"真っ赤な美しい花を咲かせる
植物。可憐に見えるが、非常に
丈夫で硬い。",,1,,
"優しく淡い発光をする虫。
虫自体は…見ない方が良い。",,1,,
"水晶の一種で透明な石。衝撃に
弱く脆いため、粉末にして加工
品の素材に使うことが多い。",,1,,
"青い海を思わせる、澄んだ青色
をした岩石。見てると気持ちが
落ち着いてきそうだ。",,1,,
"純白のドレスを纏った姫を思わ
せる、可憐な形をしたキノコ。
特別な場所でしか育たない。",,1,yes,
"それなりの大きさに成長するま
でに長い年月を要するキノコ。
貴重な品として扱われている。",,1,yes,
"ワンランク上の食用として扱わ
れる魚。煮ても焼いても生でも
美味しい。",,1,yes,
"上から見た姿が錨に似た、
非常に寒い地方でしか
発見されない珍しい巨大魚。",,1,,
"採掘時に稀に採れる、
こぶし大の氷の塊。純度が
高く、なかなか融けない。",,1,,
"滑らかで滑石成分が多く、
化粧品に使われることもある。
{c05}（精算アイテム）",,1,yes,
"非常に硬く、特別な業者の技術
でのみ食べることができる。
{c05}（精算アイテム）",,1,yes,
"滅多に入手できない幻の花。
獣人が持っている事があるが、
どこで採れるのかは不明。",,1,,
"一部の飛竜たちのみがこぼす、
非常に貴重なナミダ。
{c05}（精算アイテム）",,1,yes,
"なわばりを主張するための
フン。良質な燃料にもなる。
{c05}（精算アイテム）",,1,yes,
"不思議な色をした大きな真珠。
宝石として非常に価値が高い。
{c05}（精算アイテム）",,1,yes,
"大型探査船に搭載されている、
対モンスター用兵器の弾。
{c05}（支給品専用）",,1,yes,
"攻撃と保護系スキルが
アップする装飾品。",,1,yes,
"優れた怪鳥から剥ぎ取れる骨。
力強さと優雅さを兼ね
備えている。",,1,,
"妖しい雰囲気を纏った、
イャンクックのクチバシ。
叩くと気味の悪い音が鳴る。",,1,yes,
"イャンクックの中でも妖艶な
個体から得ることが出来る耳。
滑らかな肌触りをしている。",,1,yes,
"優れた盾蟹から剥ぎ取れる殻。
力強さと優雅さを兼ね
備えている。",,1,,
"外敵からの攻撃を防ぐことに
特化した盾蟹の爪。堅牢な
防壁のごとく強固である。",,1,,
"ダイミョウザザミの頭部から
生えている2本の触角。頑強
ながらも良くしなるのが特徴。",,1,yes,
"凍海獣の骨。
水陸両方での活動を可能と
するため独特の形をしている。",,1,,
"ポカラドンの金属性の爪。
鉄の様に硬く、手を叩くと
周囲に甲高い音が響く。",,1,yes,
"太く逞しい、凍海獣の2本の
牙。外敵から群れを守るため
の強力な武器である。",,1,,
"ポカラドンが絶命するときに
生成される、決して溶けない
氷の結晶。",,1,yes,
"ポカラドンの尻尾。
海中を泳ぐこともあるので
尻尾はヒレ状になっている。",,1,yes,
"ポカラドンの厚い毛皮。
分厚い毛皮は、寒冷地での生息
に欠かせない。",,1,yes,
"モンスターの体内で生成された
結晶。生命力の源とされ、様々
な武具の素材として使われる。",,1,yes,
"長い年月をかけて成長した
毒怪鳥の皮。時間が経過しても
風化しない不朽の素材。",,1,,
"ゲリョスの無尽蔵のスタミナを
維持している体液。
毒々しい色をしている。",,1,yes,
"トサカ内部の鉱物質が変化した
輝石。眩い光を発しているため
長時間見続けると目が眩む。",,1,yes,
"長い年月をかけて成長した桃毛
獣の体毛。時間が経過しても
風化しない不朽の素材。",,1,,
"鮮やかな色で彩られている桃毛
獣の毛。あまりに美しいため
ハンターからの人気も高い。",,1,yes,
"ババコンガの鋭利な爪。
無数の傷跡が残っていながらも
斬れ味は衰えていない。",,1,yes,
"ファルノックの爪。
獲物を獲らえることよりも、
素早く走るのに適している。",,1,yes,
"ファルノックの鮮やかな毛。
毛は常に乾燥しており、静電気
を発生させやすい。",,1,yes,
"光加減で蛍光色に見える羽根。
装飾品として珍重される
高貴なご婦人も垂涎の品。",,1,,
"強い静電気を帯びた、傾雷鳥の
毛。バチバチという音が
鳴っている。",,1,yes,
"傾雷鳥の絶縁性のクチバシ。
雷を防ぐための武具に重宝
される。",,1,yes,
"傾雷鳥から切り取った尻尾。
珍しい鳥竜の尾は、マニアの間
で人気の一品。",,1,yes,
"岩竜のきらびやかな甲殻。
加工するのが惜しいほど鮮やか
である。",,1,,
"重い岩竜の巨体を浮かすことが
できる、岩竜の逞しい翼。",,1,,
"岩竜から剥ぎ取られた頭。
並みのドスファンゴ１頭分
くらいの重さがある。",,1,yes,
"雌火竜のきらびやかな鱗。
加工するのが惜しいほど鮮やか
である。",,1,,
"雌火竜の背中と尻尾に生えて
いる螺旋状の棘。
強力な毒性を帯びている。",,1,,
"不気味な光を放つ雌火竜の
逆鱗。鱗の周囲には忌まわ
しい雰囲気が漂っている。",,1,,
"鎌蟹のきらびやかな甲殻。
加工するのが惜しいほど鮮やか
である。",,1,,
"鎌蟹の長い鋏。強度と斬れ味が
高いことから、生産道具の素材
にも使われる。",,1,,
"獲物を切裂くことにのみ特化
した鎌蟹の刃。鈍く光る刃は
見る者を戦慄させる。",,1,,
"ヒュジキキの全身に生える毛。
外敵から身を守るために硬化
した毛は棘のごとく硬く鋭い。",,1,yes,
"ヒュジキキの牙。
小さく鋭い牙は、獲物を容易く
食いちぎる。",,1,yes,
"ヒュジキキの身体から抜け
落ちた針の中でも、特に硬質で
大きいものを棘と呼ぶ。",,1,yes,
"興奮して赤く染まった針纏竜の
毛針。毛先が赤いことから
「紅針」と呼ばれている。",,1,,
"ヒュジキキの尻尾。尾先は毛が
集中して硬化しているため
巨大な針となっている。",,1,yes,
"珍しい形をした針纏竜の角。
生半可な攻撃では
びくともしない。",,1,,
"火竜の立派な鱗。
無数の傷跡から、幾多の戦いを
潜り抜けてきたことがわかる。",,1,,
"火竜の体内の最奥にあり剥ぎ
取ることが困難とされている
髄。希少性は極めて高い。",,1,,
"火竜の体内で長い年月を掛けて
生成された、鮮血の様な
真っ赤な色をした珠。",,1,,
"雪獅子の立派な体毛。
無数の傷跡から、幾多の戦いを
潜り抜けてきたことがわかる。",,1,,
"ドドブランゴの鍛え上げられた
尻尾。しなやかでつやのある
尻尾の触り心地は格別。",,1,yes,
"長く伸びたドドブランゴの髭。
髭の長さが群れのリーダーで
あった年月を想わせる。",,1,yes,
"ドドブランゴの強固な牙。
冷えた金属の様に冷たく持つと
ずしりとした手ごたえがある。",,1,yes,
"フルフルの立派な皮。
無数の傷跡から、幾多の戦いを
潜り抜けてきたことがわかる。",,1,yes,
"アルビノエキスの中でも特に
濃厚なエキス。
不思議な香りがする。",,1,yes,
"青みがかったフルフルの柔皮。
暗い所で仄かに青白く光輝く
不思議な素材。",,1,yes,
"通常の個体の素材よりも
硬度と耐久力ともに優れた
鎧竜の骨格。",,1,,
"鎧竜の巨体を動かすための体液
を生成する器官。硬い外殻と骨
に守られている。",,1,,
"グラビモスの胸部を守っている
堅牢な外殻。他の箇所よりも
厚みがあり非常に強固である。",,1,yes,
"猛るミドガロンの毛。
漆黒の毛は高い耐火性に優れて
いる。",,1,yes,
"爆狼の熱せられた牙。
この牙が貫いた箇所は焦げ跡が
残る。",,1,,
"ミドガロンの強靭な腱。
弾力性が高い素材で、様々な用
途で使用される。",,1,yes,
"ミドガロンの朱色の剛爪。
高温の爪は切裂いた獲物を火傷
させ、治癒を遅らせる。",,1,yes,
"燃える炎の様に荒々しい爆狼の
たてがみ。高温のため、扱いに
は注意が必要。",,1,,
"爆狼の背中に生えている棘。
外敵から身を守ると共に攻撃と
しても使用される。",,1,,
"異彩を放つ棘竜の甲殻。
武具・防具・装飾品と様々な
用途で重宝される。",,1,,
"両刃状になっている棘。
剥ぎ取るときには細心の
注意が必要である。",,1,,
"棘竜から稀に剥ぎ取れる堅殻。
鮮やかな緑の色彩は、自然が
生み出した芸術とされる。",,1,,
"異彩を放つ溶岩竜の鱗。
武具・防具・装飾品と様々な
用途で重宝される。",,1,,
"耐火性に優れ、硬質な鉱石すら
容易く噛み砕く、凶悪な牙。",,1,,
"様々な鉱石が混じり合った
溶岩竜の甲殻。中には珍しい鉱
石も含まれている。",,1,,
"通常の個体の素材よりも
硬度と耐久力ともに優れた
呑竜の皮。",,1,,
"パリアプリアの硬質の骨。
ミネラルたっぷりの骨は硬く丈
夫である。",,1,yes,
"体表の保護に使われるパリア
プリアの液体。個体によって
効果は様々。",,1,yes,
"通常の個体の素材よりも硬度と
耐久力ともに優れた轟竜の鱗。",,1,,
"ティガレックスの前足に張ら
れた薄い飛膜。空中を滑空
する為伸縮性に優れている。",,1,yes,
"斬れ味が全く落ちない、轟竜の
牙。表面は滑らかで、使えば
使うほど斬れ味が増す。",,1,,
"ギアオルグの鱗。
半端な攻撃では傷をつけること
すら困難なほど、頑強である。",,1,yes,
"ギアオルグの皮。高い保温性と
伸縮性に優れているため
衣類の素材に適している。",,1,yes,
"ギアオルグの角。
斬り出すことが難しく、加工す
るのも困難を極める。",,1,yes,
"氷獰竜の血液。
外気に触れると瞬時に凍る
不思議な体液。",,1,,
"ギアオルグの鋭利な牙。
凶悪な牙で猛威を振る姿は
見る者を凍りつかせる。",,1,yes,
"ギアオルグの尻尾。
氷の刃を纏うことで、尻尾の
攻撃範囲が拡大される。",,1,yes,
"異彩を放つ金獅子の牙。
武具・防具・装飾品と様々な
用途で重宝される。",,1,,
"金獅子から獲れる極上の体毛。
深みのある金色の輝きを放ち
通常の毛より価値が高い。",,1,,
"金獅子の血液。
感情が高ぶると血液が熱くなり
ラージャンの凶暴性が増す。",,1,yes,
"猛る黄金の獅子の角。
非常に強固なため、角を切断す
るには力と技術が必要である。",,1,,
"見るものを圧倒させる覇気を
纏う尾晶蠍の結晶。並みの攻撃
では傷一つつけられない。",,1,,
"尾晶蠍の堅牢な爪。
主に鋏として使われるが
鈍器の様に使うこともある。",,1,,
"尾晶蠍の発光性の体液。空気に
触れると瞬時に結晶化して
しまうため取り扱いが難しい。",,1,,
"逞しい尾晶蠍の尾。体内で
生成された体液の噴射口にも
なっている。",,1,,
"見るものを圧倒させる覇気を
纏う黒狼鳥の甲殻。並みの攻撃
では傷一つつけられない。",,1,,
"イャンガルルガの大きな翼。
一度羽ばたくと周囲に強い
風圧を発生させる。",,1,yes,
"イャンガルルガの鋭い鉤爪。
捕食することに発達した爪は
獲物の肉を容易く切裂く。",,1,yes,
"見るものを圧倒させる覇気を
纏う蛮竜の甲殻。並みの攻撃
では傷一つつけられない。",,1,,
"激昂した蛮竜の角。
角への生半可な攻撃は、蛮竜を
さらに怒らせてしまう。",,1,,
"蛮竜の鍛え上げられた尻尾。
良くしなる尻尾から繰り
出される一撃は非常に強力。",,1,,
"蛮竜の尻尾に生えている鋭利な
棘。外敵から尻尾を守ると共に
攻撃にも使用される。",,1,,
"見るものを圧倒させる覇気を
纏う氷狐竜の鱗。並みの攻撃
では傷一つつけられない。",,1,,
"剥ぎ取ったあとでも、周囲の
水分を冷却させるほど冷たい
デュラガウアの外殻。",,1,yes,
"デュラガウアの背棘。
触れた者を瞬時に凍えさせる
ほどの冷たさである。",,1,yes,
"アノルパティスの牙。
氷を容易く噛み砕く牙は
高い強度を誇る。",,1,yes,
"アノルパティスの甲殻。
氷を削りやすいよう、ギザギザ
とした形状をしている。",,1,yes,
"アノルパティスの鋸状の角。
特徴的な形状をしているため
ハンターからの人気が高い。",,1,yes,
"暴鋸竜の瞳。純白の大地で赤く
光ることから「氷雪の紅玉」
とも呼ばれる。",,1,,
"アノルパティスの尻尾。
一振りで分厚い氷を叩き割る
ほどの破壊力を持つ。",,1,yes,
"アノルパティスの翼膜。表面が
鑢の様にざらざらしているため
研磨剤として使用される。",,1,yes,
"強力な発火物質を生成する
器官。取り扱う際は厳重且つ
細心の注意が必要である",,1,,
"大量の水を内包可能な器官。
取り扱う際は厳重且つ
細心の注意が必要である。",,1,,
"強力な電気を発電する器官。
取り扱う際は厳重且つ
細心の注意が必要である。",,1,,
"強力な氷結物質を生成する
器官。取り扱う際は厳重且つ
細心の注意が必要である。",,1,,
"強力な有毒物質を生成する
器官。取り扱う際は厳重且つ
細心の注意が必要である。",,1,,
"強力な神経毒を生成する器官。
取り扱う際は厳重且つ
細心の注意が必要である。",,1,,
"強力な催眠物質を生成する
器官。取り扱う際は厳重且つ
細心の注意が必要である。",,1,,
"強力な竜種の尾。
加工がしやすく、耐久力にも
優れているため、用途は様々。",,1,,
"強力な竜種の翼。
加工がしやすく、耐久力にも
優れているため、用途は様々。",,1,,
"強力な竜種の上質な尾。
加工がしやすく、耐久力にも
優れているため、用途は様々。",,1,,
"強力な竜種の上質な翼。
加工がしやすく、耐久力にも
優れているため、用途は様々。",,1,,
"黒狐竜の漆黒の鱗。
表面は滑らか。暗色の光沢は
見る者を魅了する。",,1,,
"黒狐竜の身体を覆う甲殻。
所々に無数の結晶が付着
している。",,1,,
"黒狐竜の結晶。
身体から離れると、粘着性の
ある起爆剤となる。",,1,,
"通常のモンスターとは異なる
成分を含む血液。未知の素材
として研究が進められている。",,1,yes,
"黒狐竜の角。
額の結晶が硬質化したもの。
他の部位の結晶よりも硬い。",,1,,
"黒狐竜の背中から剥ぎ取れる
棘。逆立つ豪毛は針の様に
鋭い。",,1,,
"剥ぎ取り後も強い雷を帯びた
鱗。雷は視認できるほど
強力である。",,1,,
"雷極龍の紫色の甲殻。強力な
磁力を纏っているため、鉄製の
道具を使っての加工は困難。",,1,,
"雷極龍の翼膜。
触れることを躊躇ってしまう
ほどの輝きを放つ。",,1,,
"雷極龍の体内で生成される雷と
磁力の２つの力を併せ持つ強力
な結晶。使用用途は無限。",,1,,
"興奮状態では鮮やかな青緑色に
変化する、雷極龍の鋭利な角。
恐ろしいほどの斬れ味を持つ。",,1,,
"触れるだけで感電してしまう
ほど強力な電気を帯びた
雷極龍の尻尾。",,1,,
"雷極龍の翼。
周囲に磁力を纏わせる鱗粉を
拡散する。",,1,,
"天翔龍の鱗。
長い年月経ても耐久力が全く
落ちない強固な鱗。",,1,,
"天翔龍の甲殻。
高い強度に加え防火性と
防水性にも優れた甲殻。",,1,,
"空を飛ぶことに特化した天翔龍
の霊毛。伸縮性に優れ、淡い光
を発する。",,1,,
"神々しく光り輝く結晶。
天翔龍の力の源とされ
強大な力が感じられる。",,1,,
"天翔龍の角。天空を飛行する
ために、周囲の風を制御して
いると考えられている。",,1,,
"天翔龍の翼。
激高すると翼は肥大し
周囲には嵐が吹き荒れる。",,1,,
"天翔龍の爪。
硬い岩盤をも容易く切裂き
高熱にも耐える、強靭な爪。",,1,,
"熾凍龍の高温の鱗。鱗の周囲
の温度は灼熱のように熱く
近寄ることは困難である。",,1,,
"熾凍龍の低温の鱗。鱗の周囲
の温度は凍えるほど低く
近寄ることは困難である。",,1,,
"熾凍龍の灼熱の爪。
引き裂く物は全て溶かして
しまう究極の爪。",,1,,
"熾凍龍の極氷の角。
周囲一帯に氷塊を発現し
標的を殲滅する。",,1,,
"灼熱の炎と絶対零度の氷を制御
しているとされる熾凍龍の玉。
氷の中に炎が揺らめいている。",,1,,
"翼膜に無数の傷跡が
残るが羽ばたきはいまだ
衰えない、熾凍龍の翼。",,1,,
"熾凍龍の尻尾。太くしなやかで
あり、背面には無数の氷柱が
連なっている。",,1,,
"レジェンドラスタ、
フラウの仕草が追加される。
<act37>で使用可能。",,1,yes,
"レジェンドラスタ、
ギネルの仕草が追加される。
<act38>で使用可能。",,1,yes,
"レジェンドラスタ、
チルカの仕草が追加される。
<act39>で使用可能。",,1,yes,
"レジェンドラスタ、
エドワードの仕草が追加され
る。<act40>で使用可能。",,1,yes,
"成長した竜種の骨。
太く、逞しい骨は様々な物の
加工に使用される。",,1,,
"モンスターから剥ぎ取れる
極上の肉。料理人の間では
垂涎の素材。",,1,yes,
"傷一つない美しい草食種の皮。
衣類の制作以外にも
重宝される。",,1,,
"草食種の鮮やかな外殻。
身体を守る防護殻だが
鮮やかな色合いをしている。",,1,,
"成長した牙獣種の骨。
太く、逞しい骨は様々な
物の加工に使用される。",,1,,
"興奮状態の牙獣種から剥ぎ
取れる体毛。毛は針の様に
鋭く硬い。",,1,,
"猛る牙獣種の血。
赤黒い色をしており獣臭が
周囲を漂う。",,1,,
"長い年月を経たことで
厚みのました飛竜の皮。",,1,,
"飛竜種の腕。
激しい動きに耐えられるよう
強靭なつくりをしている。",,1,,
"飛竜種から剥ぎ取った舌。
弾力性に富んだ特殊な素材。",,1,,
"良質な魚竜種の背ビレ。
普通のヒレよりも一回り
大きいのが特徴。",,1,yes,
"良質な魚竜種の牙。
普通の牙よりも一回り
大きいのが特徴。",,1,,
"良質な魚竜種の鱗。
普通の鱗よりも一回り
大きいのが特徴。",,1,,
"外敵から身を守るために
刃物の様な形状をした
甲虫種の甲殻。",,1,,
"甲虫種の巨大な毒針。
神経毒を含むので刺されると
身体が麻痺してしまう。",,1,,
"特異な虫の体内で生成された
体液。粘着性が強く甘い香り
がする。",,1,,
"獣人族のお宝が入った袋。
ガラクタばかりが入っているが
たまにスゴイものが…。",,1,yes,
"獣人族が大切にしてるガラク
タ。丁寧に磨いているため
ピカピカと光っている。",,1,yes,
"獣人族が独自の技法によって
生成した火薬。小さな衝撃でも
爆発するので注意が必要。",,1,,
"細かい刻み目のある牙。
獲物の肉を容易に引き裂く。",,1,,
"爪痕が付いている鳥竜種の鱗。
傷が付いているが、強度は全く
失われていない。",,1,,
"鳥竜種の細長い爪。
装飾品などの細かい部品に
使用される。",,1,,
"甲殻種の脚。
小さいながらも硬質で切断
するのは一苦労。",,1,,
"貝からとれる赤く光る珠。
宝石としての価値もあるが、
装備品の素材にも用いられる。",,1,,
"甲殻種の堅牢な背甲。
個体によって甲羅の模様が
違う。",,1,,
"凍海獣の牙。
魚や甲殻類を食すのに適した
形をしている。",,1,,
"凍海獣の皮。
保温性と水濡れに強く
極海での生息に適した皮。",,1,,
"凍海獣の獣脂。
ロウソクなど様々な用途で
使用される。",,1,yes,
"調理用の食材。独特の風味を
持ち味に深みを出す小さな虫。
色によって用途も変わる。",,1,,
"調理用の食材。身は少ないが、
取れる脂が絶品。毒性は無い。",,1,,
"調理用の食材。ハサミを持っ
たカマキリ。香高い良い出汁
が取れ珍重される。",,1,yes,
"調理用の食材。厳選キノコを
更に厳選して作られた最高級
キノコ酒。",,1,yes,
"調理用の食材。一粒が大人の
拳ほどの大きさに育つ米。調
理しづらいが栄養価は高い。",,1,,
"調理用の食材。浜辺で稀に見
つけられる、ほぼ球体の卵。
大いなる海を感じられる。",,1,,
"調理用の食材。主に卵が重宝
され塩漬けが絶品。高級食材
として貴族からも愛される。",,1,,
"調理用の食材。数十種の肉か
らとった黄金色の出汁。味の
決め手に欠かせない。",,1,,
"調理用の食材。肉食性の蜂が
女王のためだけに集めた蜂蜜。
全身に力みなぎる味わい。",,1,,
"虫たちが運んでいた、
不思議な輝きを放つ欠片。
なんだかぬるぬるする。",,1,,
"ＧＷ祭で配布されたチケット。
チケットを使って期間限定の
お得なクエストに参加できる。",,1,yes,
"ＧＷ祭で配布された引換券。
調合屋で装飾品用の原珠と
交換する事ができる。",,1,,
"ＧＷ祭で配布されたくじ引き
券。武具工房のハリセンネコ
へ持っていこう。",,1,yes,
"恐暴竜の緑がかった黒い鱗。
希少な素材だが、不吉として
行商があまり扱いたがらない。",,1,,
"この地方を徘徊する凶悪な恐
暴竜の皮。不快なぬめりがあ
り、加工処理が難しい。",,1,,
"まがまがしい口から無数に覗
く牙。貪欲なる恐暴竜の食事
を可能とする凶悪な存在。",,1,,
"鋭さ、強度は申し分がない爪。
扱いに慣れぬ者が加工すると
大怪我をする危険もある。",,1,,
"暴力的な頭部から取れる甲殻。
剥ぎ取り時に気分を害する程
の悪臭がするらしい。",,1,,
"イビルジョーから剥ぎ取った
巨大なヒルの様な尻尾。専門
に回収している者達がいる。",,1,yes,
"その強さの秘密が隠されてい
ると言われる希少な宝石。
怪しい儀式に使用されるとも。",,1,,
"恐暴竜の重厚な黒い鱗。不吉
として行商が扱いたがらない
が、優秀な素材ではある。",,1,,
"より凶悪な恐暴竜からとれる
厚皮。不快なぬめりが増して、
加工処理も一層難しい。",,1,,
"恐暴竜の重い牙。どんな獲物
も容赦なく引きちぎり、かみ
砕きすり潰す。略奪者の本懐。",,1,,
"鋭さ、強度が桁外れの爪。扱
いに慣れた者でも気を抜くと
大怪我をする危険がある。",,1,,
"特別凶暴なイビルジョーから
剥ぎ取った極大なヒルの様な
尻尾。専門業者も驚く一品。",,1,yes,
"恐暴竜に捕食されたものの怨
念が蓄積し、異形に変化した
ような不気味さを醸し出す鱗。",,1,,
"一部の武具をＧ級クエストに
対応した性能へ引き上げる
秘術が記された紙。",,1,yes,
"強烈な臭いを発する飲料。
飲むと不快な気持ちになり、
体力が減少する。",,1,,
"優れた怪鳥から剥ぎ取れる鱗。
力強さと優雅さを兼ね
備えている。",,1,,
"優れた盾蟹から剥ぎ取れる鋏。
力強さと優雅さを兼ね
備えている。",,1,,
"長い年月をかけて成長した
毒怪鳥の爪。時間が経過しても
風化しない不朽の素材。",,1,,
"長い年月をかけて成長した
桃毛獣の爪。時間が経過しても
風化しない不朽の素材。",,1,,
"岩竜のきらびやかな鉱石。
加工するのが惜しいほど鮮やか
である。",,1,,
"雌火竜のきらびやかな甲殻。
加工するのが惜しいほど鮮やか
である。",,1,,
"鎌蟹のきらびやかな脚。
加工するのが惜しいほど鮮やか
である。",,1,,
"雪獅子の立派な牙。
無数の傷跡から、幾多の戦いを
潜り抜けてきたことがわかる。",,1,,
"フルフルの立派な翼膜。
無数の傷跡から、幾多の戦いを
潜り抜けてきたことがわかる。",,1,yes,
"通常の個体の素材よりも
硬度と耐久力ともに優れた
鎧竜の甲殻。",,1,,
"火竜の立派な甲殻。
無数の傷跡から、幾多の戦いを
潜り抜けてきたことがわかる。",,1,,
"異彩を放つ棘竜の鱗。
武具・防具・装飾品と様々な
用途で重宝される。",,1,,
"異彩を放つ溶岩竜のヒレ。
武具・防具・装飾品と様々な
用途で重宝される。",,1,yes,
"通常の個体の素材よりも
硬度と耐久力ともに優れた
呑竜の牙。",,1,,
"通常の個体の素材よりも
硬度と耐久力ともに優れた
轟竜の爪。",,1,,
"異彩を放つ金獅子の毛。
武具・防具・装飾品と様々な
用途で重宝される。",,1,,
"見るものを圧倒させる覇気を
纏う黒狼鳥の鱗。並みの攻撃
では傷一つつけられない。",,1,,
"見るものを圧倒させる覇気を
纏う氷狐竜の爪。並みの攻撃
では傷一つつけられない。",,1,,
"見るものを圧倒させる覇気を
纏う尾晶蠍の殻。並みの攻撃
では傷一つつけられない。",,1,,
"見るものを圧倒させる覇気を
纏う蛮竜の鱗。並みの攻撃
では傷一つつけられない。",,1,,
"Ｇ級の試作武器を作成する
ために用意されたキット。",,1,yes,
"Ｇ級の試作防具を作成する
ために用意されたキット。",,1,yes,
"迫り来る数多の覇種を討伐し、
迎撃戦に貢献した証。",,1,,
"狩人祭の参加者に送られる、
特別な褒賞品。
Ｇ級の参加者のみ手にできる。",,1,,
"狩人祭の参加者の熱気が
閉じ込められた証。
Ｇ級の参加者のみ手にできる。",,1,,
"とても小粒だが、
強い刺激のある木の実。
ぴりりと痺れる大人の味。",,1,,
"艶めかしく光る、黒い鉱石。
一部のコレクターが、
高値で取り扱っている。",,1,yes,
"非常に丈夫な猛禽類の羽毛。
破れにくいので、主に
武器の仕上げなどに使われる。",,1,,
"非常に丈夫な獣の毛皮。
加工することはできないが、
武器の仕上げなどに使われる。",,1,,
"とても鋭い牙のかけら。
どんなモンスターの牙なのかは
全く判別できない。",,1,yes,
"うろこのような形をした氷。
非常に薄いので、扱う時は
手を切らないよう注意が必要。",,1,,
"花びらのような形をした氷。
美しい形をしているが、
触れるとすぐに溶けてしまう。",,1,,
"空から零れ落ちてきたと
云われている宝石。
とてもひんやりとしている。",,1,,
"気合を入れる時に頭に巻く、
白く細長い布。",,1,,
"東方の祭りなどの時に着る、
真っ赤な法被。着ると
体がアツくなってくる。",,1,yes,
"東方の祭りで見られる神輿の
頂部につける、尾の長い
鳥を模して造られた飾り。",,1,,
"満月を眺めながら食べる団子。
東方ではこれを何段にも
積んで、飾りつけをする。",,1,,
"甲殻種のとても頑丈な殻。
加工することが難しいため、
そのまま使われることが多い。",,1,,
"小さな青水晶の欠片。
光の加減でさまざまな色に
見えるため、女性人気が高い。",,1,,
"青く透き通った水晶。
非常に純度が高いが、
小さいため用途が限られる。",,1,,
"発見されることが稀な、
とても大きな青水晶の塊。
純度はあまり高くはない。",,1,,
"飛竜種がまれに持っている
紅玉によく似た石。好事家が
高値で取り扱っている。",,1,,
"１本１本の歯が非常に
細かく作られている歯車。
素材も非常に頑丈。",,1,,
"空がそのまま映ったかの
ような色をした石。
手触りはとても滑らか。",,1,,
"葉を煎じると、強い
催眠作用のある薬になる草。
使用には医者の診断が必要。",,1,,
"東方のお祭りで演奏される
音楽の楽譜。譜面を見ている
だけで元気になれる気がする。",,1,,
"大きな穴の開いた、頑丈な骨。
変わった形状をしているが、
弓の材料には向いていそう。",,1,,
"発見された場所がわからない、
上質な竜の骨。とても小さいが
補強素材には向いている。",,1,,
"発見された場所がわからない、
頑強な獣の骨。とても小さいが
補強素材には向いている。",,1,,
"翠の淡い光を放つ鱗。
加工することで、誰もが振り
向く防具を作ることができる。",,1,,
"一見なんの価値もなさそうな、
汚れてボロボロのランプ。
磨くと何かが起きる…？",,1,yes,
"非常に手触りの良い、
紳士淑女が持ち歩く
上質なハンカチ。",,1,yes,
"どこにでもある動物の皮を、
何度もなめしてできたもの。
洋服の材料などに使われる。",,1,,
"とても暖かい動物の毛皮。
模様はブルックに似ているが、
さわり心地は異なるようだ。",,1,yes,
"Ｇ級ハンターが使える記念券。
親方ネコに渡すことで、
シジルの生産が可能。",,1,yes,
"イェル・ライゴの
生産方法が記された紙。
工房に持っていこう！",,1,yes,
"カレト・ライゴの
生産方法が記された紙。
工房に持っていこう！",,1,yes,
"ジアル・リアゴの
生産方法が記された紙。
工房に持っていこう！",,1,yes,
"ブル・リアゴの
生産方法が記された紙。
工房に持っていこう！",,1,yes,
"キリノ・トゥリの
生産方法が記された紙。
工房に持っていこう！",,1,yes,
"ヴレ・トゥリの
生産方法が記された紙。
工房に持っていこう！",,1,yes,
"すべすべとした、
とても肌触りの良い布。
高級な衣服の材料に使われる。",,1,,
"浸すことで布や皮が丈夫になる
特殊な染料。着色するためには
あまり用いられない。",,1,,
"傷だらけで、何のモンスターの
ものかわからなくなった鱗。
防具のつなぎ素材に使えそう。",,1,yes,
"目を凝らさないと見つからない
とても小さく可愛らしい花。
粘着質の蜜がとれる。",,1,,
"薬効成分を多分に含んだ鉱石。
武具の素材としても使えるが、
粉状にすると薬にもなる。",,1,,
"金属質の繭糸を吐く幼虫。
強度はさほどでもないが、
熱に強い繊維を作り出せる。",,1,,
"ひび割れて脆くなった、
モンスターの牙。力を加えると
壊れるため、用途が限られる。",,1,yes,
"ひび割れて脆くなった、
モンスターの骨。力を加えると
壊れるため、用途が限られる。",,1,yes,
"ひび割れて脆くなった、
モンスターの爪。力を加えると
壊れるため、用途が限られる。",,1,yes,
"大きく歪んだモンスターの牙。
直接素材には使えないが、
砕けば素材の繋ぎに使えそう。",,1,yes,
"大きく歪んだモンスターの骨。
直接素材には使えないが、
砕けば素材の繋ぎに使えそう。",,1,yes,
"大きく歪んだモンスターの爪。
直接素材には使えないが、
砕けば素材の繋ぎに使えそう。",,1,yes,
"先端が大きく欠けている、
モンスターの牙。
脆いため、用途が限られる。",,1,yes,
"先端が大きく欠けている、
モンスターの骨。
脆いため、用途が限られる。",,1,yes,
"先端が大きく欠けている、
モンスターの爪。
脆いため、用途が限られる。",,1,yes,
"ブルタルエッジの
生産方法が記された紙。
工房に持っていこう！",,1,yes,
"ツインアンガーの
生産方法が記された紙。
工房に持っていこう！",,1,yes,
"ドレッドノートギアの
生産方法が記された紙。
工房に持っていこう！",,1,yes,
"バトルロアの
生産方法が記された紙。
工房に持っていこう！",,1,yes,
"イモータルカービンの
生産方法が記された紙。
工房に持っていこう！",,1,yes,
"イモータルキャノンの
生産方法が記された紙。
工房に持っていこう！",,1,yes,
"イモータルバーストの
生産方法が記された紙。
工房に持っていこう！",,1,yes,
"イモータルアサルトの
生産方法が記された紙。
工房に持っていこう！",,1,yes,
"イモータルプレデターの
生産方法が記された紙。
工房に持っていこう！",,1,yes,
"バトルフューリーの
生産方法が記された紙。
工房に持っていこう！",,1,yes,
"レイジングフューリーの
生産方法が記された紙。
工房に持っていこう！",,1,yes,
"クリーピンフューリーの
生産方法が記された紙。
工房に持っていこう！",,1,yes,
"アビサルフューリーの
生産方法が記された紙。
工房に持っていこう！",,1,yes,
"レインオブフューリーの
生産方法が記された紙。
工房に持っていこう！",,1,yes,
"アルティ貤【紫】の
生産方法が記された紙。
工房に持っていこう！",,1,yes,
"ストレイフ貤【紫】の
生産方法が記された紙。
工房に持っていこう！",,1,yes,
"澄み渡った青さと、艶のある
黒みが、なかばずつ混じり
合った、とても稀少な真珠。",,1,,
"アルドル貤【黄】の
生産方法が記された紙。
工房に持っていこう！",,1,yes,
"アルドル貤【黒】の
生産方法が記された紙。
工房に持っていこう！",,1,yes,
"アルドル貤【紫】の
生産方法が記された紙。
工房に持っていこう！",,1,yes,
"ポルトランス貤【鉛】の
生産方法が記された紙。
工房に持っていこう！",,1,yes,
"シジルの下取りをお願いす
ると貰えるおまけの補助券。
シジルの素材に使える。",,1,yes,
"ポルトランス貤【赤】の
生産方法が記された紙。
工房に持っていこう！",,1,yes,
"ポルトランス貤【黄】の
生産方法が記された紙。
工房に持っていこう！",,1,yes,
"ポルトランス貤【白】の
生産方法が記された紙。
工房に持っていこう！",,1,yes,
"ポルトランス貤【黒】の
生産方法が記された紙。
工房に持っていこう！",,1,yes,
"二槍【朱羅】の
生産方法が記された紙。
工房に持っていこう！",,1,,
"二槍【紅牙】の
生産方法が記された紙。
工房に持っていこう！",,1,,
"十文字槍【朱羅】の
生産方法が記された紙。
工房に持っていこう！",,1,,
"十文字槍【紅牙】の
生産方法が記された紙。
工房に持っていこう！",,1,,
"約束された勝利の剣貤の
生産方法が記された紙。
工房に持っていこう！",,1,,
"勝利すべき黄金の剣貤の
生産方法が記された紙。
工房に持っていこう！",,1,,
"干将・莫耶貤の
生産方法が記された紙。
工房に持っていこう！",,1,,
"投影・偽螺旋剣貤の
生産方法が記された紙。
工房に持っていこう！",,1,,
"ミクキー・独奏の
生産方法が記された紙。
工房に持っていこう！",,1,yes,
"初音鍵盤・独奏の
生産方法が記された紙。
工房に持っていこう！",,1,,
"ミクホン・独奏の
生産方法が記された紙。
工房に持っていこう！",,1,yes,
"初音声楽・独奏の
生産方法が記された紙。
工房に持っていこう！",,1,,
"六爪流【景秀】の
生産方法が記された紙。
工房に持っていこう！",,1,,
"六爪流【爪駆】の
生産方法が記された紙。
工房に持っていこう！",,1,,
"一刀流【景秀】の
生産方法が記された紙。
工房に持っていこう！",,1,,
"一刀流【爪駆】の
生産方法が記された紙。
工房に持っていこう！",,1,,
"ペイン・ディライトの
生産方法が記された紙。
工房に持っていこう！",,1,yes,
"バリアシオン【Ｓ】の
生産方法が記された紙。
工房に持っていこう！",,1,yes,
"ギルドから有望なハンターに
贈られる希少な鉱石。武器の
生産素材に用いられる。",,1,yes,
"キャラバンから贈られた珍品。
ハンターには無価値だが、工
房の親方には垂涎の品らしい。",,1,yes,
"エインセルアローの生産方法
が記された紙。工房に持って
いこう！",,1,yes,
"ある地方が原産の白い花。
原産地では絶滅しており
各地にてんてんと生息する。",,1,,
"太陽の光によって様々な
色に見える鉱石。
幸福のお守りとして人気。",,1,,
"片手剣をさらに極めんと
する者に与えられる
精励の綬章。【序】",,1,,
"片手剣をさらに極めんと
する者に与えられる
精励の綬章。【中】",,1,,
"片手剣をさらに極めんと
する者に与えられる
精励の綬章。【極】",,1,,
"双剣をさらに極めんと
する者に与えられる
精励の綬章。【序】",,1,,
"双剣をさらに極めんと
する者に与えられる
精励の綬章。【中】",,1,,
"双剣をさらに極めんと
する者に与えられる
精励の綬章。【極】",,1,,
"大剣をさらに極めんと
する者に与えられる
精励の綬章。【序】",,1,,
"大剣をさらに極めんと
する者に与えられる
精励の綬章。【中】",,1,,
"大剣をさらに極めんと
する者に与えられる
精励の綬章。【極】",,1,,
"太刀をさらに極めんと
する者に与えられる
精励の綬章。【序】",,1,,
"太刀をさらに極めんと
する者に与えられる
精励の綬章。【中】",,1,,
"太刀をさらに極めんと
する者に与えられる
精励の綬章。【極】",,1,,
"ハンマーをさらに極めんと
する者に与えられる
精励の綬章。【序】",,1,yes,
"ハンマーをさらに極めんと
する者に与えられる
精励の綬章。【中】",,1,yes,
"ハンマーをさらに極めんと
する者に与えられる
精励の綬章。【極】",,1,yes,
"狩猟笛をさらに極めんと
する者に与えられる
精励の綬章。【序】",,1,,
"狩猟笛をさらに極めんと
する者に与えられる
精励の綬章。【中】",,1,,
"狩猟笛をさらに極めんと
する者に与えられる
精励の綬章。【極】",,1,,
"ランスをさらに極めんと
する者に与えられる
精励の綬章。【序】",,1,yes,
"ランスをさらに極めんと
する者に与えられる
精励の綬章。【中】",,1,yes,
"ランスをさらに極めんと
する者に与えられる
精励の綬章。【極】",,1,yes,
"ガンランスをさらに極めんと
する者に与えられる
精励の綬章。【序】",,1,yes,
"ガンランスをさらに極めんと
する者に与えられる
精励の綬章。【中】",,1,yes,
"ガンランスをさらに極めんと
する者に与えられる
精励の綬章。【極】",,1,yes,
"ライトボウガンを
さらに極めんとする者に
与えられる精励の綬章。【序】",,1,yes,
"ライトボウガンを
さらに極めんとする者に
与えられる精励の綬章。【中】",,1,yes,
"ライトボウガンを
さらに極めんとする者に
与えられる精励の綬章。【極】",,1,yes,
"ヘビィボウガンを
さらに極めんとする者に
与えられる精励の綬章。【序】",,1,yes,
"ヘビィボウガンを
さらに極めんとする者に
与えられる精励の綬章。【中】",,1,yes,
"ヘビィボウガンを
さらに極めんとする者に
与えられる精励の綬章。【極】",,1,yes,
"弓をさらに極めんと
する者に与えられる
精励の綬章。【序】",,1,,
"弓をさらに極めんと
する者に与えられる
精励の綬章。【中】",,1,,
"弓をさらに極めんと
する者に与えられる
精励の綬章。【極】",,1,,
"極限征伐クエストで
たぐいまれな成績を残した
ハンターに送られる証書。",,1,yes,
"イモータルトーメントの生産
方法が記された紙。
工房に持っていこう！",,1,yes,
"ラビナスフューリーの生産
方法が記された紙。
工房に持っていこう！",,1,yes,
"ほのかに磁力を帯びている
特殊な毛。髪飾りの素材に
最適なため好まれて使われる。",,1,,
"緊急依頼を達成した際に
ギルドから発行される証明書。",,1,yes,
"衝撃を与えると心を落ち着ける
香りを放つ玉。一部モンスター
の凶暴性を鎮める効果がある。",,1,yes,
"自身の限界を感じた時に使用す
ることで、極征クエストを初め
からやりなおすことができる。",,1,yes,
"主にシジルを分離させる際に
用いられる不思議な素材。
扱うには特殊な技術が必要。",,1,yes,
"イャンクックの発声器官。
風が通ると甲高い音色を
鳴り響かせる。",,1,yes,
"鎧の如く堅牢な盾蟹の甲殻。
甲殻の隙間は柔らかいので
そこを狙おう。",,1,,
"純白に輝くババコンガの歯。
手入れが行き届いた歯の
切れ味は侮れない。",,1,yes,
"よくしなる毒怪鳥の尻尾。
ゴム質の素材のため
加熱加工は難しい。",,1,yes,
"毒性を帯びたバサルモスの
甲殻。時間が経過すると
爆発するので注意が必要。",,1,yes,
"並みの太刀よりもよく斬れる
ショウグンギザミの爪。",,1,yes,
"伸縮性に優れたフルフルの
柔皮。インナーの素材として
重宝される。",,1,yes,
"虎模様が美しいティガレックス
の皮。高価な衣類の素材と
して使用される。",,1,yes,
"パリアプリアの酸液でも
溶けない鉱石。
ものすごく硬い。",,1,yes,
"グラビモスの体内で成熟した
紅蓮石。
その熱さは溶岩に匹敵する。",,1,yes,
"歪に生えそろった溶岩竜の
牙。一度噛まれると逃げ出す
ことは困難。",,1,,
"猛毒を含むエスピナスの棘。
解毒薬を作るときに用いられる
ことがある。",,1,yes,
"激昂したラージャンの血液。
湯気が出るほどの高温と
なっている。",,1,yes,
"荒れ狂う蛮竜の棘。
雷を呼び寄せる作用がある
ので雨天時の持ち歩きは危険。",,1,,
"先端が筆の様な形をしている
デュラガウアの尻尾。
かなりの重量がある。",,1,yes,
"数多の傷が付いても
硬度が失われていない
イャンガルルガの甲殻。",,1,yes,
"岩盤を砕くほどに発達した
闘獣の剛腕。被弾すれば
致命傷は免れない。",,1,,
"赤闘獣の毛の中でも特に
赤みがかった毛。
太く、硬いのが特徴。",,1,,
"青闘獣の毛の中でも特に
青みがかった毛。
細く、しなやかなのが特徴。",,1,,
"激しい動きに耐えるための
血液を生み出す闘獣の骨髄。",,1,,
"他の牙獣種よりも丈夫な
尻尾。太い尻尾は身体を
支える役割を持つ。",,1,,
"怒り時に肥大する闘獣の
たてがみ。帯電性に優れた
毛質となっている。",,1,,
"闘獣の磁力によって判別
された、加工に優れた砂鉄。
防具の素材として重宝される。",,1,,
"赤闘獣の白色の毛皮。
赤と白の彩りが美しく、
貴族の間で人気の品。",,1,,
"青闘獣の黒色の毛皮。
青と黒の凛とした色合いが
狩人の間で人気の品。",,1,,
"強い衝撃から身を守る
ための分厚い毛皮。",,1,,
"強度の増した闘獣の尻尾。
毛質が良く、武具の素材と
しての価値が高い。",,1,,
"固い食物を容易く噛み潰す
ほど強力な顎。",,1,,
"闘獣の磁力によって判別
された、純度の高い砂鉄。
武器の素材として重宝される。",,1,,
"闘獣の熱き心臓。
この心臓を目にした者は
筋肉が躍動する。",,1,,
"ミスティレイピアの
生産方法が記された紙。
工房に持って行こう！",,1,yes,
"テリファイレイピアの
生産方法が記された紙。
工房に持って行こう！",,1,yes,
"ヘックスハンマーの
生産方法が記された紙。
工房に持って行こう！",,1,yes,
"レックレスハンマーの
生産方法が記された紙。
工房に持って行こう！",,1,yes,
"ヴァリアンライフルの
生産方法が記された紙。
工房に持って行こう！",,1,yes,
"ヴァリアンスコージの
生産方法が記された紙。
工房に持って行こう！",,1,yes,
"ヴァリアンカービンの
生産方法が記された紙。
工房に持って行こう！",,1,yes,
"ヴァリアンドロウの
生産方法が記された紙。
工房に持って行こう！",,1,yes,
"ヴァリアンブラストの
生産方法が記された紙。
工房に持って行こう！",,1,yes,
"ヴァリアンモンスーンの
生産方法が記された紙。
工房に持って行こう！",,1,yes,
"エッセンスライフルの
生産方法が記された紙。
工房に持って行こう！",,1,yes,
"エッセンススコージの
生産方法が記された紙。
工房に持って行こう！",,1,yes,
"エッセンスカービンの
生産方法が記された紙。
工房に持って行こう！",,1,yes,
"エッセンスドロウの
生産方法が記された紙。
工房に持って行こう！",,1,yes,
"エッセンスブラストの
生産方法が記された紙。
工房に持って行こう！",,1,yes,
"エッセンスアトリの
生産方法が記された紙。
工房に持って行こう！",,1,yes,
Gラヴィ弱点用爆弾,,1,yes,
"復活支援を行うための
特殊な鉱石。支援用大砲に
詰め込んで発射しよう！",,1,,
"鎮静支援を行うための
特殊な鉱石。支援用大砲に
詰め込んで発射しよう！",,1,,
"毒支援を行うための
特殊な鉱石。支援用大砲に
詰め込んで発射しよう！",,1,,
"部位破壊支援を行うための
特殊な鉱石。支援用大砲に
詰め込んで発射しよう！",,1,,
"攻撃支援を行うための
特殊な鉱石。支援用大砲に
詰め込んで発射しよう！",,1,,
"磨き上げられた鋼のピッケル。
特殊な鉱石の採掘が可能。
{c05}（支給品専用）",,1,yes,
"遠い昔に使われていた道具。
このままでは使用できない。
{c05}（納品専用）",,1,,
"ユニカム・バーストの
生産方法が記された紙。
工房に持って行こう！",,1,yes,
"ユニカムペインの
の生産方法が記された紙。
工房に持って行こう！",,1,yes,
"イクロム・バーストの
生産方法が記された紙。
工房に持って行こう！",,1,yes,
"イクロムバイトの
生産方法が記された紙。
工房に持って行こう！",,1,yes,
"ナーデルパライズの
生産方法が記された紙。
工房に持って行こう！",,1,yes,
"ナーデルドライブの
生産方法が記された紙。
工房に持って行こう！",,1,yes,
"ナーデルトキシックの
生産方法が記された紙。
工房に持って行こう！",,1,yes,
"ナーデルマイアズマの
生産方法が記された紙。
工房に持って行こう！",,1,yes,
"カービス・マテリの
生産方法が記された紙。
工房に持って行こう！",,1,yes,
"カルドラ・マテリの
生産方法が記された紙。
工房に持って行こう！",,1,yes,
"カービス・エレメの
生産方法が記された紙。
工房に持って行こう！",,1,yes,
"カルドラ・エレメの
生産方法が記された紙。
工房に持って行こう！",,1,yes,
"バスターランチャーの
生産方法が記された紙。
工房に持って行こう！",,1,yes,
"ヒュドラモルターの
生産方法が記された紙。
工房に持って行こう！",,1,yes,
"エイリア・クェンネルの
生産方法が記された紙。
工房に持って行こう！",,1,yes,
"エイリア・ウィルの
生産方法が記された紙。
工房に持って行こう！",,1,yes,
"トーメン・クェンネルの
生産方法が記された紙。
工房に持って行こう！",,1,yes,
"トーメン・ウィルの
生産方法が記された紙。
工房に持って行こう！",,1,yes,
"★５の解放を記念してＧ級
ハンターに配布された硬貨。
ハリセンネコに渡そう！",,1,yes,
"極征クエストを達成した
ハンターがもらえる逸品。
ハリセンネコに渡そう！",,1,yes,
"極征クエストで成果をあげた
ハンターがもらえる逸品。
ハリセンネコに渡そう！",,1,yes,
"日光のような眩しさを湛えた
至高の逸品。",,1,,
"月光のような麗しさを湛えた
至高の逸品。",,1,,
"★６の解放を記念してＧ級
ハンターに配布された硬貨。
ハリセンネコに渡そう！",,1,yes,
"★７の解放を記念してＧ級
ハンターに配布された硬貨。
ハリセンネコに渡そう！",,1,yes,
"極限征伐戦でより高みを目指
すための道標。持っていると、
追加報酬を獲得できる。",,1,,
"気持ちを落ち着ける香りを放つ
草。花を煮詰めると、香水の元
となるエキスが採れる。",,1,yes,
"磨いても修復できないほどに
ボロボロになった宝石。がら
くたとしての価値しかない。",,1,yes,
"ジャイアントコーンを模した
ライトボウガンの生産券。
チョコナッツ型。",,1,yes,
"ジャイアントコーンを模した
ライトボウガンの生産券。
クッキー＆チョコ型。",,1,yes,
"ジャイアントコーンを模した
ライトボウガンの生産券。
クッキー＆クリーム型。",,1,yes,
"ジャイアントコーンを模した
ライトボウガンの生産券。
ラムレーズン型。",,1,yes,
"内側をチョコレートでコー
ティングする事により、いつ
までもサクサク食感なコーン。",,1,yes,
"花弁に水分を多く含んだ草。
寒くなると表面が凍り、美し
い氷の花を見ることができる。",,1,,
"錆を落としたりする際に
使用する、質の高い研磨剤。
少量で抜群の効果がある。",,1,,
"アツく燃える狩人の座右の銘。
狩人にとって最も大切な
ものを思い出させてくれる。",,1,yes,
"透き通った美しい音を発する
音叉。見た目も美しいが、
強く叩くと壊れてしまう。",,1,,
"偶然発見された書物の結巻。
ある武器を強化するための
方法が記されている。",,1,,
"青く透き通った単結晶の円錐。
非常に硬く加工は困難。誰が
どうやって作ったかは不明。",,1,,
"天を落とせと地を穿ち、
全てを支配するための
方法が書かれた書物。",,1,,
"非常に鋭利な大爪の一部。
枕元に置いて寝ると、勝利を
掴む夢を見ることができる。",,1,,
"落雷のあった場所で発見され
た、強い帯電性を持つ鉱物。
素手で触れると感電する。",,1,,
"ごつごつとした黒い金属。
見た目に反して、片手だけ
でも簡単に握りつぶせる。",,1,,
"採取を極めたハンターの証。
その功績は世界を栄華に
導いたと言われるほど。",,1,yes,
"シリーズクエスト受付嬢の
ミズキがくれた狩猟委任状。
Ｇ級クエストで効果がある。",,1,yes,
"Ｇ級ハンターに向けギルドが
発行している狩猟委任状。
狩猟の成果が高評価される。",,1,yes,
"狩りへの熱意がこもる力強い
筆跡の紹介状。Ｇ級ハンター
の評価がより高まる。",,1,yes,
"有望なＧ級ハンターに向けて
ギルドが発行する委任状。
成果がより高く評価される。",,1,yes,
"ＨＲ帯クエストに所持すると、
同行した猟団員ＮＰＣにも
恩恵が得られる推薦状。",,1,yes,
"ＨＲ帯クエストに所持すると、
同行した猟団員ＮＰＣにも
恩恵が得られる推薦状。中。",,1,yes,
"ＨＲ帯クエストに所持すると、
同行した猟団員ＮＰＣにも
恩恵が得られる推薦状。大。",,1,yes,
"ギルドが猟団へ用意した、
特別な依頼を受けるための
チケット。",,1,yes,
"ダクスハンクの
生産方法が記された紙。
工房に持って行こう！",,1,yes,
"ダクスアクセルの
生産方法が記された紙。
工房に持って行こう！",,1,yes,
"ライノミックシンシアの
生産方法が記された紙。
工房に持って行こう！",,1,yes,
"ライノミックティデロの
生産方法が記された紙。
工房に持って行こう！",,1,yes,
"バグズジェミオレの
生産方法が記された紙。
工房に持って行こう！",,1,yes,
"バグズジェミブルの
生産方法が記された紙。
工房に持って行こう！",,1,yes,
"ロジベルンの
生産方法が記された紙。
工房に持って行こう！",,1,yes,
"グリンデピアスの
生産方法が記された紙。
工房に持って行こう！",,1,yes,
"ゲネアレギルングの
生産方法が記された紙。
工房に持って行こう！",,1,yes,
"ゲネアドーレの
生産方法が記された紙。
工房に持って行こう！",,1,yes,
"アドニスラピスの
生産方法が記された紙。
工房に持って行こう！",,1,yes,
"メルガイデソルフの
生産方法が記された紙。
工房に持って行こう！",,1,yes,
"ノクタブルトの
生産方法が記された紙。
工房に持って行こう！",,1,yes,
"ベロナマッサの
生産方法が記された紙。
工房に持って行こう！",,1,yes,
"クロワボウの
生産方法が記された紙。
工房に持って行こう！",,1,yes,
"ユエンボウの
生産方法が記された紙。
工房に持って行こう！",,1,yes,
"スタウロスソードの
生産方法が記された紙。
工房に持って行こう！",,1,yes,
"ロンドゥソードの
生産方法が記された紙。
工房に持って行こう！",,1,yes,
"ルントハンマーの
生産方法が記された紙。
工房に持って行こう！",,1,yes,
"クラウスハンマーの
生産方法が記された紙。
工房に持って行こう！",,1,yes,
"飲むと防御力が大幅に上昇し、
スキル「いたわり+3」の効
果を得る幻の霊薬。",,1,yes,
"モンスターを一定数狩猟する
と貰えるメダル。集めて
調合屋に持っていこう！",,1,yes,
"クエスト達成後の待ち時間を
短縮【微】。ハンターが１人
の時のみ有効。(NPCを除く)",,1,yes,
"クエスト達成後の待ち時間を
短縮【小】。ハンターが１人
の時のみ有効。(NPCを除く)",,1,yes,
"クエスト達成後の待ち時間を
短縮【中】。ハンターが１人
の時のみ有効。(NPCを除く)",,1,yes,
"クエスト達成後の待ち時間を
短縮【大】。ハンターが１人
の時のみ有効。(NPCを除く)",,1,yes,
"クエスト達成後の待ち時間を
短縮【極大】。ハンターが１
人の時のみ有効。(NPCを除く)",,1,yes,
"お守りの力により、気力が
充実！いつもよりも多くの
採集が行える。【効果：微】",,1,,
"お守りの力により、気力が
充実！いつもよりも多くの
採集が行える。【効果：小】",,1,,
"お守りの力により、気力が
充実！いつもよりも多くの
採集が行える。【効果：中】",,1,,
"お守りの力により、古の採集
名人の魂が降臨！匠の技で
採集を行える。【効果：微】",,1,,
"お守りの力により、古の採集
名人の魂が降臨！匠の技で
採集を行える。【効果：小】",,1,,
"クエスト出発時に体力が１０
増加する。力尽きても
効果は持続する。",,1,yes,
"クエスト出発時に体力が２０
増加する。力尽きても
効果は持続する。",,1,yes,
"クエスト出発時に体力が３０
増加する。力尽きても
効果は持続する。",,1,yes,
"クエスト出発時に体力が４０
増加する。力尽きても
効果は持続する。",,1,yes,
"クエスト出発時に体力が５０
増加する。力尽きても
効果は持続する。",,1,yes,
"クエスト出発時にスタミナが
１０増加する。力尽きても
効果は持続する。",,1,yes,
"クエスト出発時にスタミナが
２０増加する。力尽きても
効果は持続する。",,1,yes,
"クエスト出発時にスタミナが
３０増加する。力尽きても
効果は持続する。",,1,yes,
"クエスト出発時にスタミナが
４０増加する。力尽きても
効果は持続する。",,1,yes,
"クエスト出発時にスタミナが
５０増加する。力尽きても
効果は持続する。",,1,yes,
"クエスト達成時の獲得
狩人珠ポイントが２倍になる。",,1,yes,
"剣士系武器に装填することで
威力を固定の爆発ダメージに
変える貴重な石。最大１０個。",,1,yes,
"進化武器に装填することで
攻撃力を上げられる貴重な石。
最大１０個。",,1,,
"剣士系武器に装填することで
攻撃に毒効果を付与できる
貴重な石。最大５個。",,1,,
"剣士系武器に装填することで
攻撃に麻痺効果を付与できる
貴重な石。最大５個。",,1,,
"剣士系武器に装填することで
攻撃に睡眠効果を付与できる
貴重な石。最大５個。",,1,,
"剣士系武器に装填することで
攻撃に火属性を付与できる
貴重な石。最大１０個。",,1,,
"剣士系武器に装填することで
攻撃に水属性を付与できる
貴重な石。最大１０個。",,1,,
"剣士系武器に装填することで
攻撃に雷属性を付与できる
貴重な石。最大１０個。",,1,,
"剣士系武器に装填することで
攻撃に氷属性を付与できる
貴重な石。最大１０個。",,1,,
"剣士系武器に装填することで
攻撃に龍属性を付与できる
貴重な石。最大１０個。",,1,,
"多くの依頼を達成しギルドに
貢献した証。本のような形で
まとめられており、分厚い。",,1,yes,
"心地よい音を発する、
不思議な宝珠。歌の効力を
高めることができる。",,1,,
"有名な菓子職人が作った
外はしっとり、中はふんわり
女性が喜ぶ絶品ケーキ。",,1,yes,
"有名な養蜂職人が作った
花蜜の栄養たっぷりのジャム。
声が美しくなるとの噂。",,1,yes,
"有名な茶葉職人が作った
のどに優しい甘いお茶。
声に気を使う方にぜひ。",,1,,
"アイルーが拾ってきた、何か
の花の種。小さいが、とても
強い生命力を感じる。",,1,yes,
"ハンターの採集生活を
体験できる図面。
本当に採集できます。",,1,yes,
"尾晶蠍の身体の細部に生えて
いる細かな毛。毒性を帯びて
いるので非常に危険。",,1,,
"アクラ・ヴァシムの体液が
凝固してできた結晶。
衝撃によって眩い光を放つ。",,1,yes,
"アクラ・ヴァシムの濃厚な
体液。粘着性を含んでおり
身体に付くと中々取れない。",,1,yes,
"突然変異した黒鎧竜から
剥ぎ取れる骨髄。熱せられた
表面は赤色を帯びている。",,1,,
"空気に触れると発火してしまう
黒鎧竜の骨髄。
素早い加工技術が要求される。",,1,,
"黒鎧竜の血液を生成する器官。
その血液は岩石を容易く
溶かすほどの高温である。",,1,,
"黒鎧竜の生命活動において、
最も大事な器官。生成される
髄液は焔のように熱いという。",,1,,
"強力な個体の砂竜から剥ぎ
取れる鱗。摩擦が起きにくい
つくりをしている。",,1,,
"深い青みを帯びた砂竜の鱗。
武器や防具の装飾として
用いられることが多い。",,1,,
"狂暴なドスガレオスの鱗。
荒れた鱗だが、その強度は
飛竜の甲殻に匹敵する。",,1,yes,
"激昂するドスガレオスの鱗。
滅多にお目に掛かれない
幻の素材。",,1,yes,
"黄金に光輝く金火竜の逆鱗。
触れることを拒むかの如く
鋭利な形状をしている。",,1,,
"金火竜の体内で生成される
稀少な宝石。残月の光を
浴びると紅色に光輝く。",,1,,
"ドスランポスの内臓器官。
様々な効果を持つ液体が
溜まっている。",,1,yes,
"水竜の体内で生成された
不思議な玉。水の中に入れる
と水泡が噴き出る。",,1,,
"体液に含まれる金属分が
電気によって固まった
ベルキュロスの涙。",,1,yes,
"喰血竜が吸血した体液は、
ここで一時的に保存している。
とても脆く、劣化が早い。",,1,,
"ドスランポスから剥ぎ取った
鱗。ランポスより硬く、加工
は困難を極める。",,1,yes,
"ランポスリーダーの牙。細く
鋭いため、よく加工道具に
用いられる。",,1,yes,
"ランポスの群れを束ねる
リーダーの証。色や形で
群れの大きさが分かる。",,1,yes,
"ドスランポスの激しい動きを
支える堅牢な骨。損傷の少ない
骨格は高値で取引される。",,1,yes,
"ドスゲネポスから剥ぎ取った
鱗。ゲネポスより硬いが、
より良質な武具が作成可能。",,1,yes,
"ドスゲネポスに生えている
２本の牙。飛竜種をも麻痺
させる神経毒を分泌する。",,1,yes,
"ゲネポスの群れを束ねる
リーダーの証。色や形で
群れの大きさが分かる。",,1,yes,
"絶命後も強力な神経毒を
含むドスゲネポスの爪。",,1,yes,
"ドスイーオスから剥ぎ取った
鱗。毒を含んでいる為、加工
に手間がかかる。",,1,yes,
"発達したドスイーオスの骨。
多少の毒性を含むため、刃や
矢尻などに使用される。",,1,yes,
"イーオスの群れを束ねる
リーダーの証。色や形で
群れの大きさが分かる。",,1,yes,
"体内より生成された猛毒を
獲物に注入する役割を持つ
ドスイーオスの牙。",,1,yes,
"水竜の立派な牙。
無数の傷跡から、幾多の戦いを
潜り抜けてきたことがわかる。",,1,,
"水竜の立派なヒレ。
無数の傷跡から、幾多の戦いを
潜り抜けてきたことがわかる。",,1,yes,
"ガノトトスの体内から発見
された、キングロブスターの
巨大な鋏。",,1,yes,
"水気を帯びると誘眠効果を発生
させるガノトトスの翼膜。",,1,yes,
"角竜の立派な甲殻。
無数の傷跡から、幾多の戦いを
潜り抜けてきたことがわかる。",,1,,
"角竜の立派な牙。
無数の傷跡から、幾多の戦いを
潜り抜けてきたことがわかる。",,1,,
"大地を抉るのに最も適した
形状とされる角。人々からは
生ける芸術として称賛される。",,1,,
"左右対称のディアブロスの
角。希少性が極めて高く
中々お目にかかれない。",,1,yes,
"通常の個体の素材よりも
硬度と耐久力ともに優れた
舞雷竜の甲殻。",,1,,
"通常の個体の素材よりも
硬度と耐久力ともに優れた
舞雷竜の鱗。",,1,,
"勇壮なベルキュロスから
剥ぎ取れる延髄。数多の
武具の加工に用いられる。",,1,yes,
"体内から雷を放電する際に
強烈な音を鳴り響かせる
舞雷竜の角。",,1,,
"長い年月をかけて成長した
砂竜の牙。時間が経過しても
風化しない不朽の素材。",,1,,
"長い年月をかけて成長した
砂竜の鱗。時間が経過しても
風化しない不朽の素材。",,1,,
"「砂漠の桜」と言われるほど
美しい色をした砂竜のヒレ。
観賞用としての価値も高い。",,1,yes,
"砂漠の砂によって磨き上げ
られた砂竜の鱗。
その手触りはまさに絶品。",,1,,
"異彩を放つ黒鎧竜の甲殻。
武具・防具・装飾品と様々な
用途で重宝される。",,1,,
"異彩を放つ黒鎧竜の骨。
武具・防具・装飾品と様々な
用途で重宝される。",,1,,
"鋼よりも硬い黒鎧竜の甲殻。
ゴツゴツとした独特の形状の
ため加工が難しい。",,1,yes,
"通常の黒鎧竜よりも強靭な翼。
非常に重いため運び出すのは
一苦労。",,1,,
"未開の地で出会った金色の
リオレイアから剥いだ鱗。
とても美しく黄金に輝く。",,1,yes,
"細かい鱗で覆われている外殻。
本物の黄金と見間違うほどで、
価値が高い。",,1,,
"金色のリオレイアの背中と
尻尾に生えている太い棘。
多くの毒を含んでいる。",,1,yes,
"金色に輝く金火竜の逆鱗。
近寄りがたいほど神々しい
存在感を放っている。",,1,,
"邪悪なミラボレアスの甲殻。
刃を通さない強固さに加え
恐ろしいほどの再生力を持つ。",,1,yes,
"邪悪なミラボレアスの角。
頭部を保護する機能に加え
龍の力を制御する機能を持つ。",,1,yes,
"邪悪なミラボレアスの翼。
黒龍の羽音を聞いた生物は
瞬時にその場から逃げ出す。",,1,yes,
"邪悪なミラボレアスの眼。
妖艶な光を放ち、見たものを
深淵へといざなう。",,1,yes,
"ミラボレアスの体内で
発見された、大きさと重さが
比例しない謎の黒色物質。",,1,yes,
"黒龍の体内で長い年月を経て
生成された宝玉。何の素材で
構成されているのか一切不明。",,1,,
"ゼルレウスの上質な鱗。
傷一つない純白の鱗は
極めて稀少とされる。",,1,yes,
"ゼルレウスの上質な甲殻。
環境に応じて硬度や形状が
変化する。",,1,yes,
"ゼルレウスの激しい動きを
支えるための血液を生む骨髄。
青白く光っている。",,1,yes,
"輝界竜の体内で長い年月を
経て生成された青色の宝玉。
重さを感じさせないほど軽い。",,1,,
"剣の様に鋭いゼルレウスの尾。
斬撃に対しての強度が高く
切断するのは一苦労。",,1,yes,
"重厚なゼルレウスの角。
重量な角から繰り出される
攻撃は必殺の威力を秘める。",,1,yes,
"ゼルレウスの高速飛行を
可能とさせる翼。光り輝く
翼はハンター達を魅了する。",,1,yes,
"鋭さと頑強さが増した
ゼルレウスの爪。硬質な岩盤
を切裂くほどの斬れ味を持つ。",,1,yes,
"輝界竜、ゼルレウスの鱗。
白色の輝きを放つ鱗からは
神聖さが感じられる。",,1,yes,
"ゼルレウスの青白い甲殻。
鱗よりも硬度は落ちるが
損傷するとすぐに再生する。",,1,yes,
"ゼルレウスの体内に流れる
体液。外気に触れると硬質化
する作用がある。",,1,yes,
"ゼルレウスの怒りを露わにした
鱗。逆立つ鱗は触れることを
躊躇わせる。",,1,yes,
"ゼルレウスの尻尾。
体内に蓄積された粒子を
尻尾先から放出する。",,1,yes,
"ゼルレウスの下顎から生える
2本の角。岩盤を容易く削り
とるほど強固である。",,1,yes,
"ゼルレウスの翼爪。
翼の守りと、獲物を切裂く
2つの役割を持つ。",,1,yes,
"ゼルレウスの爪。
耐火性に優れ並大抵の攻撃では
傷一つ付けられない。",,1,yes,
"バルラガルの白い皮。
表面は水面のような光沢が
あり、武具素材に用いられる。",,1,yes,
"バルラガルの紫色の鱗。
光の当たり方により青色にも
見え、武具が上品に仕上がる。",,1,yes,
"喰血竜の体内を流れる体液の
中でも、成分が濃いため、
より多くの素材を加工できる。",,1,,
"バルラガルが吸血時に吸収し
た毒などを、体内に取り込ま
ないように循環させる器官。",,1,yes,
"バルラガルの尻尾の先端。
地面に大穴を空ける力強さで
ハンターに襲い掛かる。",,1,yes,
"バルラガルの前足の触手の中
でも特に細いもの。土や水を
はじく効果がある。",,1,yes,
"バルラガルの背中の紅いヒレ。
通常よりも大きく、硬い為、
大型の武器に使用される。",,1,yes,
"バルラガルの舌の先端。
肉に突き刺さると広がり、体
液を啜るのに適した形になる。",,1,yes,
"バルラガルの頭部の紅い
トサカ。水に濡れると大きく
広がる性質を持つ。",,1,yes,
"バルラガルの皮。
常にヌメヌメしており、
よく伸びる。",,1,yes,
"くすんだ白色の喰血竜の鱗。
他のモンスターに比べて
柔らかく、加工しやすい。",,1,yes,
"喰血竜の体内を流れる体液。
いろいろな薬品に反応する為、
触媒としてよく用いられる。",,1,,
"吸血した血ではなく、喰血竜
自身の血。純粋なものを採取
するのは、かなり難しい。",,1,,
"バルラガルのしなやかな尾。
柔らかい素材で鞭のように
しなり、叩かれると痕が残る。",,1,yes,
"バルラガルの前足についてる
細い毛のような触手。
電気が流れない絶縁素材。",,1,yes,
"バルラガルの背中のヒレ。
硬い芯と刃のような切れ味
から武器の刀身に使用される。",,1,yes,
"伸縮自在なバルラガルの舌。
中は管になっており、獲物に
突き刺し、吸血が可能である。",,1,yes,
"バルラガルの頭のトサカ。
背中のヒレより柔らかく、
防具などにも用いられる。",,1,yes,
"祈りの力が込められた木の葉。
特別な防具を作るための
材料として使用できる。",,1,,
"祈りの力が強く宿る樹の枝。
特別な防具を強化するために
使用することができる。",,1,,
"強い生命力を宿す祈樹の種。
特別な防具をさらに強化する
材料として使用できる。",,1,,
"パキシーロームの
生産方法が記された紙。
工房に持って行こう！",,1,yes,
"功猟のメダルと交換した護符
を、もう一度、功猟のメダルに
戻すときに必要な券。",,1,yes,
"シンドルリステの
生産方法が記された紙。
工房に持って行こう！",,1,yes,
"ガスギャルドの
生産方法が記された紙。
工房に持って行こう！",,1,yes,
"エグゼルグリードの
生産方法が記された紙。
工房に持って行こう！",,1,yes,
"アプソロンジークの
生産方法が記された紙。
工房に持って行こう！",,1,yes,
"ナーディスヴェアの
生産方法が記された紙。
工房に持って行こう！",,1,yes,
"ハユリュネードの
生産方法が記された紙。
工房に持って行こう！",,1,yes,
"所々破れているため、判読に
時間を要するが、古き時代に
書かれたと思しき武器設計図。",,1,,
"年代物と思われる、錆びまみ
れのヤスリ。復元すれば、特
定の武具をより強化できそう。",,1,yes,
"薄汚れてしまった朱色の玉。
丹念に洗えば、当時の輝きを
取り戻し、武具強化が可能？",,1,,
"飢えたモンスターの成れの
果て。武器素材として使う
ことで、その攻撃力が蘇る。",,1,yes,
"滅多にお目にかかれない、幻
とまでいわれている鉱石。手
にした者は拍手で迎えられる。",,1,,
"陽の上る前の僅かな時間に
のみ取れる清廉な水を使用
して織られた布の切れ端。",,1,,
"まばゆい光を放つ紅色の石の
塊。製錬には高度な技術を求
められるため注意が必要。",,1,,
"見続けていると吸い込まれる
ような印象を受ける漆黒の石。
気弱な武具職人には扱えない。",,1,,
"非常に手触りの良い、緋色の
布の切れ端。誰もがほしがる
汎用性の高さが魅力的。",,1,,
"空のごとき色を帯びた石の塊。
見る者の心をとらえて離さぬ
落ち着いた色合いが魅力。",,1,,
"空のごとき色を帯びた織物。
見る者の心をとらえて離さぬ
落ち着いた色合いが魅力。",,1,,
"空のごとき色を帯びた玉。
見る者の心をとらえて離さぬ
落ち着いた色合いが魅力。",,1,,
"近年発掘された藍色の石。眼
球のような形をしており、何
かの儀式で使われた可能性も。",,1,,
"藍色の細かな装飾が
施された古い鏡。
磨いても曇りが取れない。",,1,,
"珍しい藍色の刃を持った小刀。
武器としては使えそうにない。",,1,,
"どこかのハンターが描いた
古いスケッチブック。
ところどころ色褪せている。",,1,yes,
"どこかのハンターが書いた
古い日記帳。ところどころ
ページが抜けている。",,1,yes,
"どこかのハンターが書いた
古い手紙。まだ開封さえ
されていないようだ…。",,1,yes,
"とある砂漠地方の武器職人が
作ったと言われる設計図。",,1,,
"とある砂漠地方の武器職人が
作ったと言われる小さなネジ。",,1,yes,
"とある砂漠地方の武器職人が
作ったと言われる弾丸。",,1,,
"周囲の音を少し吸収するよう
な効力が見受けられる黒い鉛。
精神が研ぎ澄まされる気分に。",,1,,
"目が覚めるように鮮やかな
紅色の鉱石。非常に加工し
やすいが、その強度は絶品。",,1,,
"一時忘れられていた技術で製
錬された鉄鋼。口伝で伝わる
ため、時たま伝承が途絶える。",,1,,
"見るからに冷たく美しい物質。
物を瞬時に氷結させる様は、
畏怖の対象としても語られる。",,1,,
"蒼色を含有した氷の塊。異な
る氷と融合させることで、想
像を絶する下限温度に達する。",,1,,
"七年もの月日、地中に埋めて
いた鋼。武具の素材として使
うことで、その歳月が迸る。",,1,,
"十年もの月日、風にさらして
いた鋼。武具の素材として使
うことで、その歳月が迸る。",,1,,
"十年もの月日、陽に照らして
いた鋼。武具の素材として使
うことで、その歳月が迸る。",,1,,
"百年もの月日、天にささげて
いた鋼。武具の素材として使
うことで、その歳月が迸る。",,1,,
"吹雪がやまないといわれる
極寒の地域で、雪の重みに
耐え続けた樹木の葉。",,1,,
"吹雪がやまないといわれる
極寒の地域で、雪の重みに
耐え続けた樹木の厚い葉。",,1,,
"吹雪がやまないといわれる
極寒の地域で、雪の重みに
耐え続けた樹木の鋭い葉。",,1,,
"吹雪がやまないといわれる
極寒の地域で、雪の重みに
耐え続けた樹木の稀少な葉。",,1,,
"羽根突き用の黄金の飾り羽根。
最高品質の羽子板であれば、
種類を選ばずよく合うだろう。",,1,,
"陽光を受けると金色に輝く
稀少な毛。絶滅したという
噂が流れたが再発見された。",,1,,
"金色に輝く稀少な毛の中でも、
ひときわ見事な光を放つ逸品。
祝い事の際などに使用される。",,1,,
"ほんのり甘い香りが漂う眼鏡。
その絶妙な堅さと芸術的曲線
が想定外の武器を誕生させる。",,1,,
"メゼポルタ広場で、とある年
に流行した色をつけ限定販売
されたという、珍しい眼鏡。",,1,yes,
"眼鏡の世界で、最高峰と称さ
れ、値段もつけられない眼鏡。
圧倒的な破壊力を秘めている。",,1,,
"武具工房の職人に、新たな発
想を与えかねないほど斬新で、
思考を誘うような音色。",,1,,
"武具工房の職人に、新たな発
想を与えかねないほど斬新で、
思考を惑わすような音色。",,1,,
"武具工房の職人に、新たな発
想を与えかねないほど斬新で、
思考を魅了するような音色。",,1,,
"食材屋も目を見張る新鮮な卵。
その殻を使用すると、非常に
優れた武具ができるという。",,1,,
"食材屋も驚くほど美味な卵。
その殻を使用すると、非常に
優れた武具ができるという。",,1,,
"食材屋も知らなかった幻の卵。
その殻を使用すると、非常に
優れた武具ができるという。",,1,,
"桜色をした鉱石の小さな欠片。
強力な武器を生み出すため、
使用されたとの逸話がある。",,1,,
"重厚な質感をもつ桜色の鉱石。
強力な武器を生み出すため、
使用されたとの逸話がある。",,1,,
"鋭利な質感をもつ桜色の鉱石。
強力な武器を生み出すため、
使用されたとの逸話がある。",,1,,
"非常に純度が高い桜色の鉱石。
強力な武器を生み出すため、
使用されたとの逸話がある。",,1,,
"かつてのメラルーが所持して
いたと言われている紅玉。
その噂の真偽は未だ不明。",,1,yes,
"メラルーが大切にしている
紅玉。滅多に見ることの
できない貴重な一品。",,1,yes,
"見た目のおぞましさとは裏腹
に、手触りの良い素材で、
作られている。",,1,,
"どんな装飾にも合う、伝統的
な木版。その艶やかさは、
職人技が生み出した奇跡。",,1,,
"見た目の荒々しさとは裏腹に、
手触りの良い素材で、作られ
ている。",,1,,
"どんな装飾にも合う、伝統的
な生地。その艶やかさは、
職人技が生み出した奇跡。",,1,,
"一年で一日しか咲かないと
言われている花の花びら。
花言葉は「内に秘めた美しさ」",,1,,
"一狩り一狩りの想い出を
書き溜めていくための手帳。
狩りの数だけ想い出がある！",,1,,
"一流の紳士を目指す者に
とって必要不可欠な
エチケットアイテム。",,1,yes,
"礼儀をわきまえ、信義を重ん
じる。紳士の振る舞い方に
ついて書かれている本。",,1,,
"摩擦を低減するだけでなく、
防錆作用、防塵作用にも
期待できる便利なアイテム。",,1,yes,
"永久機関の開発に用いられて
いたゼンマイ。頑丈さでは
頭一つ抜けている。",,1,yes,
"祝事に用いられる、金の粉。
価格が高騰していることで
貴重品となりつつある。",,1,,
"どんな下地にも合う、伝統的
な押し絵。その艶やかさは、
職人技が生み出した奇跡。",,1,,
"奇面族の王が考案したとされ
る奥戯。一見の価値ありとも、
見ると後悔するともいわれる。",,1,,
"奇面族の王が考案したとされ
る秘戯。見てしまった者は
三日三晩うなされるらしい。",,1,,
"伝えたいけど伝えられない、
そんな歯痒い想いを
形で表現したアイテム。",,1,yes,
"伝えなければ始まらない！
勇気を振り絞って、
告白した者の証。",,1,,
"奇面族の王は冗談が大好きで
毎日ふざけていたと言われて
いる。真偽は不明。",,1,,
"奇面族の王はその素早さから
残像すら残らないと言われて
いる。真偽は不明。",,1,,
"鮮やかな紅色に輝く毛。
それほど多く取れないため
貴重とされている。",,1,,
"どんなものでも虜にすると
言われている魔性の口紅。
原材料は不明。",,1,,
"派手なピンク色に染められた
飴細工。食べると口の中も
ピンク色になってしまう。",,1,yes,
"この世のものとは思えない
程の甘さを持つ。そのやみつ
きな味に中毒者は多い。",,1,,
"メゼポルタ広場を造った
ものたちの間に伝わる
名大工の家紋。",,1,yes,
"伝えたいけど伝えられない、
そんなもどかしい想いを
形で表現したアイテム。",,1,yes,
"伝えなければ始まらない！
勇気を振り絞って、
踏み出した者の証。",,1,,
"東方のあるお祭りで飾られる、
鮮やかな色をした角。
家に飾りたい。",,1,,
"東方のあるお祭りで飾られる、
鮮やかな色をした大きな角。
家に飾りたい。",,1,,
"氷に閉ざされた地方にある、
古くより氷の中で育った
樹木の希少な果実。",,1,,
"古くより氷の中で育った
樹木の希少な果実。
とても甘いことで有名。",,1,,
"舐めるととても甘い石。
煮詰めるとさらに甘さが増す。
ちょっと小ぶり。",,1,,
"舐めるととても甘い石。
煮詰めるとさらに甘さが増す。
小ぶり。",,1,,
"メゼポルタ広場で聴こえる
甘い音楽の楽譜。奏でれば
幸せな気持ちになる。",,1,yes,
"メゼポルタ広場で聴こえる
甘い音色。聞くととっても
幸せな気持ちになる。",,1,yes,
"ある時期になると、子供に
贈る品。何が入っているのか
わくわくする。",,1,,
"ある時期になると、子供に
贈る品。使わないで
飾っておきたい。",,1,,
"メゼポルタ広場で語られる
元気が出るお話。読むと
力がみなぎる気がする。",,1,yes,
"メゼポルタ広場で語られる
優しいお話。読むと
優しい気持ちになれる。",,1,yes,
"銀貨がたくさん入った箱。
銀貨に想いが重なって
見事な輝きをはなっている。",,1,,
"金貨がたくさん入った箱。
金貨に想いが重なって
見事な輝きをはなっている。",,1,,
"淡い紺色がきれいな紐。
その色はまるで満月の夜の
空の色のよう。",,1,,
"淡い紺色がきれいな縄。
その色はまるで満月の夜の
空の色のよう。",,1,,
"甘い言葉がつづられた魅惑の
手紙。その文を読んだ者は、
しばらく心を囚われるという。",,1,,
"稀にメゼポルタ広場に生ずる、
激しく心を動かされる事象。
ハンターの心が試される。",,1,yes,
"凍てつくような冷たさを
感じさせる鋭くて重い角。
武具工房で加工してもらえる。",,1,,
"凍てつくような冷たさを
感じさせる非常に大きな毛皮。
武具工房で加工してもらえる。",,1,,
"素敵な気持ちが集まって結晶
化したアツい情熱の糸。
待ち望んだときがくる？！",,1,yes,
"素敵な気持ちが集まって結晶
化したアツい情熱の羽。
待ち望んだときがくる？！",,1,yes,
"メゼポルタ広場で語られる
有名なおとぎ話。読むと
幸せな気持ちになれる。",,1,yes,
"メゼポルタ広場で語られる
有名なお話。読むと
幸せな気持ちになれる。",,1,yes,
"東方のあるお祭りで飾られる、
鮮やかな色をした紐。
家に飾りたい。",,1,,
"東方のあるお祭りで飾られる、
鮮やかな色をした縄。
家に飾りたい。",,1,,
"合戦乱神ノ大剣の
生産方法が記された紙。
工房に持って行こう！",,1,,
"黒天凱孤狼ノ剣の
生産方法が記された紙。
工房に持って行こう！",,1,,
"豊穣のシンボルとされる動物
の角が彫られたコインで、
採集を極めた者に贈られる。",,1,yes,
"撃刃紅我ノ大剣の
生産方法が記された紙。
工房に持って行こう！",,1,,
"白天凱孤狼ノ剣の
生産方法が記された紙。
工房に持って行こう！",,1,,
"採集を極めたハンターの証。
メゼポルタに豊穣をもたらす
者のみに贈られる。",,1,yes,
"エメラームヴァングの
生産方法が記された紙。
工房に持って行こう！",,1,yes,
"Ｇ−ＴＵＮＥソードの
生産方法が記された紙。
工房に持って行こう！",,1,yes,
"Ｇラディウス貤の
生産方法が記された紙。
工房に持って行こう！",,1,yes,
"ゲノムスラッシャーの
生産方法が記された紙。
工房に持って行こう！",,1,yes,
"プロテオブラントの
生産方法が記された紙。
工房に持って行こう！",,1,yes,
"スパインデヴォルの
生産方法が記された紙。
工房に持って行こう！",,1,yes,
"ナランジャヴォロの
生産方法が記された紙。
工房に持って行こう！",,1,yes,
"ガンドシュレディングの
生産方法が記された紙。
工房に持って行こう！",,1,yes,
"ユーシルディンスの
生産方法が記された紙。
工房に持って行こう！",,1,yes,
"封剣ファルシオンの
生産方法が記された紙。
工房に持って行こう！",,1,yes,
"裏剣ファルシオンの
生産方法が記された紙。
工房に持って行こう！",,1,yes,
"フィアスパイクの
生産方法が記された紙。
工房に持って行こう！",,1,yes,
"ヴィオスパイクの
生産方法が記された紙。
工房に持って行こう！",,1,yes,
"ビオスマッシャーの
生産方法が記された紙。
工房に持って行こう！",,1,yes,
"フィジオスタンパーの
生産方法が記された紙。
工房に持って行こう！",,1,yes,
"フィロダスの
生産方法が記された紙。
工房に持って行こう！",,1,yes,
"フュアコルの
生産方法が記された紙。
工房に持って行こう！",,1,yes,
"神威の
生産方法が記された紙。
工房に持って行こう！",,1,,
"神居の
生産方法が記された紙。
工房に持って行こう！",,1,,
"ジェラシー貤の
生産方法が記された紙。
工房に持って行こう！",,1,yes,
"エピデミック貤の
生産方法が記された紙。
工房に持って行こう！",,1,yes,
"トワルフプリックの
生産方法が記された紙。
工房に持って行こう！",,1,yes,
"デオギスジンの
生産方法が記された紙。
工房に持って行こう！",,1,yes,
"双聖器ニーズヘッグの
生産方法が記された紙。
工房に持って行こう！",,1,yes,
"蛇弓ニーズヘッグの
生産方法が記された紙。
工房に持って行こう！",,1,yes,
"おごそかな雰囲気を漂わす箱。
武具職人が歓喜するような素
材が入っていることもある。",,1,,
"二つの物を半永久的に接着す
ることから新婚夫婦に縁起物
として好まれるが使うと大変。",,1,,
"見目麗しく、味も素晴らしい
果実。その果汁を使用すると
強靭な織物ができるとか。",,1,,
"どこか怪しげな雰囲気が漂う
牙。武具工房へ持っていくと、
何かに加工してもらえるかも。",,1,,
"リベリオンの
生産方法が記された紙。
工房に持って行こう！",,1,yes,
"リベリオン改の
生産方法が記された紙。
工房に持って行こう！",,1,yes,
"ジェラシー賖の
生産方法が記された紙。
工房に持って行こう！",,1,yes,
"エピデミック賖の
生産方法が記された紙。
工房に持って行こう！",,1,yes,
"ジェラシー賕の
生産方法が記された紙。
工房に持って行こう！",,1,yes,
"エピデミック賕の
生産方法が記された紙。
工房に持って行こう！",,1,yes,
"ジェラシー賙の
生産方法が記された紙。
工房に持って行こう！",,1,yes,
"エピデミック賙の
生産方法が記された紙。
工房に持って行こう！",,1,yes,
"ジェラシー𧶠の
生産方法が記された紙。
工房に持って行こう！",,1,yes,
"エピデミック𧶠の
生産方法が記された紙。
工房に持って行こう！",,1,yes,
"火属性攻撃スキルが
アップする装飾品。",,1,yes,
"水属性攻撃スキルが
アップする装飾品。",,1,yes,
"雷属性攻撃スキルが
アップする装飾品。",,1,yes,
"氷属性攻撃スキルが
アップする装飾品。",,1,yes,
"龍属性攻撃スキルが
アップする装飾品。",,1,yes,
"火炎剣スキルが
アップする装飾品。",,1,yes,
"水激剣スキルが
アップする装飾品。",,1,yes,
"雷神剣スキルが
アップする装飾品。",,1,yes,
"氷結剣スキルが
アップする装飾品。",,1,yes,
"龍王剣スキルが
アップする装飾品。",,1,yes,
"乖離剣エア貤の
生産方法が記された紙。
工房に持って行こう！",,1,yes,
"乖離剣エア【黒】貤の
生産方法が記された紙。
工房に持って行こう！",,1,yes,
"無銘・短剣貤の
生産方法が記された紙。
工房に持って行こう！",,1,,
"無銘・短剣【黒】貤の
生産方法が記された紙。
工房に持って行こう！",,1,,
"マイトレポイント１０Ｐが
もらえる特別な交換券。
（ポーチから消費されます）",,1,yes,
"マイトレポイント３０Ｐが
もらえる特別な交換券。
（ポーチから消費されます）",,1,yes,
"業弩壱式【円満】の
生産方法が記された紙。
工房に持って行こう！",,1,,
"業弩弐式【円満】の
生産方法が記された紙。
工房に持って行こう！",,1,,
"業弩壱式【千成】の
生産方法が記された紙。
工房に持って行こう！",,1,,
"業弩弐式【千成】の
生産方法が記された紙。
工房に持って行こう！",,1,,
"プロファスマライフルの
生産方法が記された紙。
工房に持って行こう！",,1,yes,
"レプティクテライフルの
生産方法が記された紙。
工房に持って行こう！",,1,yes,
"イタシスランチャーの
生産方法が記された紙。
工房に持って行こう！",,1,yes,
"エピガウスランチャーの
生産方法が記された紙。
工房に持って行こう！",,1,yes,
"業弩壱式【繁栄】の
生産方法が記された紙。
工房に持って行こう！",,1,,
"業弩弐式【繁栄】の
生産方法が記された紙。
工房に持って行こう！",,1,,
"ルオルティライフルの
生産方法が記された紙。
工房に持って行こう！",,1,yes,
"アゲロスランチャーの
生産方法が記された紙。
工房に持って行こう！",,1,yes,
"ジェラシー賰の
生産方法が記された紙。
工房に持って行こう！",,1,yes,
"エピデミック賰の
生産方法が記された紙。
工房に持って行こう！",,1,yes,
"ナーデルクルーガの
生産方法が記された紙。
工房に持って行こう！",,1,yes,
"ナーデルルークの
生産方法が記された紙。
工房に持って行こう！",,1,yes,
"エイリア・ルジオの
生産方法が記された紙。
工房に持って行こう！",,1,yes,
"トーメン・ルジオの
生産方法が記された紙。
工房に持って行こう！",,1,yes,
"カエラ＝アンスルの
生産方法が記された紙。
工房に持って行こう！",,1,yes,
"ジル＝アンスルの
生産方法が記された紙。
工房に持って行こう！",,1,yes,
"テツギ＝ベルカナの
生産方法が記された紙。
工房に持って行こう！",,1,yes,
"ドル＝ベルカナの
生産方法が記された紙。
工房に持って行こう！",,1,yes,
"きんねこ砲【四式】の
生産方法が記された紙。
工房に持って行こう！",,1,,
"きんねこ砲【伍式】の
生産方法が記された紙。
工房に持って行こう！",,1,,
"きんねこ砲【陸式】の
生産方法が記された紙。
工房に持って行こう！",,1,,
"ぎんねこ砲【四式】の
生産方法が記された紙。
工房に持って行こう！",,1,,
"ぎんねこ砲【伍式】の
生産方法が記された紙。
工房に持って行こう！",,1,,
"ぎんねこ砲【陸式】の
生産方法が記された紙。
工房に持って行こう！",,1,,
"アルクスカーディナルの
生産方法が記された紙。
工房に持って行こう！",,1,yes,
"プエルタカーディナルの
生産方法が記された紙。
工房に持って行こう！",,1,yes,
"アルクスソーサレスの
生産方法が記された紙。
工房に持って行こう！",,1,yes,
"プエルタソーサレスの
生産方法が記された紙。
工房に持って行こう！",,1,yes,
"クーゲル＝シュッドの
生産方法が記された紙。
工房に持って行こう！",,1,yes,
"クーゲル＝ヴェストの
生産方法が記された紙。
工房に持って行こう！",,1,yes,
"クーゲル＝メリーディの
生産方法が記された紙。
工房に持って行こう！",,1,yes,
"イスナアリアの
生産方法が記された紙。
工房に持って行こう！",,1,yes,
"イスナバンクの
生産方法が記された紙。
工房に持って行こう！",,1,yes,
"サラーサアリアの
生産方法が記された紙。
工房に持って行こう！",,1,yes,
"サラーサバンクの
生産方法が記された紙。
工房に持って行こう！",,1,yes,
"パートルショットの
生産方法が記された紙。
工房に持って行こう！",,1,yes,
"サフィールショットの
生産方法が記された紙。
工房に持って行こう！",,1,yes,
"ルビーショットの
生産方法が記された紙。
工房に持って行こう！",,1,yes,
"オーパロショットの
生産方法が記された紙。
工房に持って行こう！",,1,yes,
"ディル・メレーナの
生産方法が記された紙。
工房に持って行こう！",,1,yes,
"レーヴ・ティアーナの
生産方法が記された紙。
工房に持って行こう！",,1,yes,
"アヴリルショットの
生産方法が記された紙。
工房に持って行こう！",,1,yes,
"ユーニウスショットの
生産方法が記された紙。
工房に持って行こう！",,1,yes,
"デサンブルショットの
生産方法が記された紙。
工房に持って行こう！",,1,yes,
"ジューンショットの
生産方法が記された紙。
工房に持って行こう！",,1,yes,
"ディル・シェーンの
生産方法が記された紙。
工房に持って行こう！",,1,yes,
"ベル・ティアーナの
生産方法が記された紙。
工房に持って行こう！",,1,yes,
"ロザ・シャルマンの
生産方法が記された紙。
工房に持って行こう！",,1,yes,
"ロザ・クルールの
生産方法が記された紙。
工房に持って行こう！",,1,yes,
"狩猟にまつわる不思議な物語
が記された書物。新防具の発
想につながると職人間で噂に。",,1,,
"柔らかな素材に強度を与えた
いとき使用される特殊な煙。
どことなく優雅な香りが漂う。",,1,,
"スカイシエルの
生産方法が記された紙。
工房に持って行こう！",,1,yes,
"シャルーエスパスの
生産方法が記された紙。
工房に持って行こう！",,1,yes,
"ヴィオレアンガルドの
生産方法が記された紙。
工房に持って行こう！",,1,yes,
"ブランアンガルドの
生産方法が記された紙。
工房に持って行こう！",,1,yes,
"パイクフィアロの
生産方法が記された紙。
工房に持って行こう！",,1,yes,
"パイクバイソーの
生産方法が記された紙。
工房に持って行こう！",,1,yes,
"黒穿竜の体表を覆う黒色の鱗。
並みの刃では傷一つつかない
ほどの硬度を持つ。",,1,,
"黒穿竜の鱗が折り重なり
固まった部位。
鱗を凌駕する硬さ。",,1,,
"黄金に光り輝く黒穿竜の棘。
落石から身を守るほか、外敵へ
の攻撃にも使用する。",,1,,
"まれに黒穿竜の体内で生成
される希少な玉石。漆黒の
輝きは、闇を連想させる。",,1,,
"折れてもすぐに生え変わる
黒穿竜の尾棘。
耐熱性に優れた素材である。",,1,,
"岩を削ることに特化した角。
掘った岩を排出するための
螺旋状の溝がある。",,1,,
"黒穿竜の体内に流れる体液。
生態系の調査材料として高値で
取引される。",,1,,
"黒穿竜の上質な鱗。
鱗同士がこすれ合うことで
周囲に甲高い音が鳴り響く。",,1,,
"細部に黄金の輝きを放つ
黒穿竜の甲殻。
通常の甲殻よりも高価。",,1,,
"自身を守る事よりも外敵を
攻撃することに特化した
黒穿竜の鋭い棘。",,1,,
"黒穿竜の力の源とされる
黒色の結晶。
周囲の光を飲み込む。",,1,,
"無数の棘で覆われた重厚な
尻尾。岩盤を砕くことを
目的とした形状をしている。",,1,,
"多数の微小な刃からなる角。
刃は非常に硬いため、高硬度の
岩盤でも容易く削孔する。",,1,,
"黒穿竜の見た目からは想像
できないほど鮮やかな色をした
血液。",,1,,
"パラージゼスカルの
生産方法が記された紙。
工房に持って行こう！",,1,yes,
"フィートゼスカルの
生産方法が記された紙。
工房に持って行こう！",,1,yes,
"ディマトゼスカルの
生産方法が記された紙。
工房に持って行こう！",,1,yes,
"アレドゼスカルの
生産方法が記された紙。
工房に持って行こう！",,1,yes,
"マザドゼスカルの
生産方法が記された紙。
工房に持って行こう！",,1,yes,
"グラドゼスカルの
生産方法が記された紙。
工房に持って行こう！",,1,yes,
"バズドゼスカルの
生産方法が記された紙。
工房に持って行こう！",,1,yes,
"パラージフェジカの
生産方法が記された紙。
工房に持って行こう！",,1,yes,
"フィートフェジカの
生産方法が記された紙。
工房に持って行こう！",,1,yes,
"ディマトフェジカの
生産方法が記された紙。
工房に持って行こう！",,1,yes,
"アレドフェジカの
生産方法が記された紙。
工房に持って行こう！",,1,yes,
"マザドフェジカの
生産方法が記された紙。
工房に持って行こう！",,1,yes,
"グラドフェジカの
生産方法が記された紙。
工房に持って行こう！",,1,yes,
"バズドフェジカの
生産方法が記された紙。
工房に持って行こう！",,1,yes,
"ギップルの
生産方法が記された紙。
工房に持って行こう！",,1,yes,
"モォーギルの
生産方法が記された紙。
工房に持って行こう！",,1,yes,
"レリック・マテリの
生産方法が記された紙。
工房に持っていこう！",,1,yes,
"レリック・エレメの
生産方法が記された紙。
工房に持っていこう！",,1,yes,
"ユニカムトゥースの
生産方法が記された紙。
工房に持っていこう！",,1,yes,
"イクロムウィスパーの
生産方法が記された紙。
工房に持っていこう！",,1,yes,
"メガデスランチャーの
生産方法が記された紙。
工房に持っていこう！",,1,yes,
"エキドナモルターの
生産方法が記された紙。
工房に持っていこう！",,1,yes,
"幻の冥雷竜のみに存在する、
透けるほどに薄い鱗。
{c05}（精算アイテム）",,1,yes,
"幻の冥雷竜にのみ存在する、
電流が流れると輝く鱗。
{c05}（精算アイテム）",,1,yes,
"幻の冥雷竜にのみ存在する、
力を加えると雷撃を発する鱗。
{c05}（精算アイテム）",,1,yes,
"セロヴィセロの
生産方法が記された紙。
工房に持って行こう！",,1,yes,
"奇面案山子の
生産方法が記された紙。
工房に持って行こう！",,1,,
"シャークプリンスの
生産方法が記された紙。
工房に持って行こう！",,1,yes,
"吹吹茶釜の
生産方法が記された紙。
工房に持って行こう！",,1,,
"ユクモシリーズの
生産方法が記された紙。
工房に持っていこう！",,1,yes,
"層が幾重にも重なり、花の
ような模様に見える石。加工
しやすく様々な用途がある。",,1,,
"鮮やかな緑の光沢を持つ石。
熱を通すことで輝きは失うが
他の鉱石との親和性が高い。",,1,,
"腹に花の蜜をふんだんに蓄え
ている虫。体液と混ざった
蜜は、強い粘着性を持つ。",,1,,
"緑色の光沢を持つ大型ダンゴ
ムシ。非常に硬い甲殻は、
光合成もできるという。",,1,yes,
"大砲の筒のような花をつける
ツル植物。強度が高く、乾燥
させると、縄として使える。",,1,yes,
"歯触りのいい純白のキノコ。
味はイマイチだが繊維を
織り込むと虫よけになる。",,1,yes,
"硬質な鱗に覆われた甲冑魚。
鱗は直接的な衝撃には弱いが、
武具の基礎として使用される。",,1,,
"琥珀と似た色をしている石。
安価だが非常に綺麗なため、
お守りとしても人気が高い。",,1,,
"一見は汚い酸化鉱だが鍛える
ほど純白に近づき強度も増す。
別名：白鳥石とも呼ばれる。",,1,,
"植物によって不純物が吸い上
げられた鉱石。純度が高く加
工の手間が省ける。",,1,,
"名前の通り、羽が黒い模様で
縁どられている虫。鱗粉は
研磨剤として使用できる。",,1,,
"薬蓑虫。薬効の高い植物でミ
ノを作る虫。滋養強壮に良い
が、たまに強い毒性を持つ。",,1,,
"鋭い針と大きな顎を持つ虫。
蜜を集めている時に触ると
大けがをするので注意。",,1,,
"発達した後ろ足を使い、
地面に潜ることができる虫。
後ろ足は珍味であるらしい。",,1,,
"花弁が蝶の羽のように鮮やか
な色彩をしている植物。
装具に取り入れる女性も多い。",,1,,
"ばね状のつるを持つ植物。
見た目に反してとても硬い
ため、加工には技術が必要。",,1,,
"高温で燃やすと強靭な繊維と
なる綿花。用途は広いが一度
に少量しか取れない。",,1,,
"蜜が詰まった肉厚なキノコで
獣人族もよく食す。煮詰める
と接着性のエキスがとれる。",,1,yes,
"水面に映る花々に擬態する
美しい魚。丸々と太っており
非常に良い油が採れる。",,1,,
"歌姫狩衛戦で獲得できる
貴重な書物。様々な武器の
強化方法が記載されている。",,1,,
"月のマークが描かれた箱。
中には武具の強化に必要な
素材が入っている。",,1,yes,
"秘伝防具への扉をあける鍵
となるランスの生産方法が
記された素材。",,1,yes,
"秘伝防具への扉をあける鍵
となる大剣の生産方法が
記された素材。",,1,,
"秘伝防具への扉をあける鍵
となる片手剣の生産方法が
記された素材。",,1,,
"猟団料理の食材。四季を
問わない精悍な野草。",,1,,
"猟団料理の食材。刻んだ
その瞬間から清涼感を
まき散らす葉っぱ。",,1,,
"猟団料理の食材。大根よりも
太いネギ。驚異の歯ごたえ。",,1,yes,
"猟団料理の食材。籾殻を取り
除いた瞬間に光り輝く穀物。",,1,,
"猟団料理の食材。
複数がまとまって実り、
輝きを放つ黄金の桃。",,1,,
"猟団料理の食材。
味気なさそうな色彩だが
とても味わいのあるキノコ。",,1,yes,
"猟団料理の食材。夜の海では
まず見つけられない漆黒の魚。",,1,,
"秘伝防具への扉をあける鍵
となるハンマーの生産方法が
記された素材。",,1,yes,
"猟団料理の食材。
輪切りにすると夜空の星の
形に見える果実。",,1,,
"猟団料理の食材。温度が高い
海水でしか生息できない
毬藻のような果実。",,1,,
"猟団料理の食材。モコモコの
毛に覆われて暖かそうな
見た目の果実。",,1,yes,
"猟団料理の食材。毒素を
有する水辺と熱々な温泉が
好きなカエル。",,1,yes,
"猟団料理の食材。非常に高温
で雨が降らない土地で育つ
情熱の果実。",,1,,
"猟団料理の食材。白黒ボディ
から胡椒の香りがする蜻蛉。",,1,yes,
"猟団料理の食材。食すことで
何故かしばらくの間、空腹感
を感じなくなる変な貝。",,1,,
"猟団料理の食材。
遥か深くに鎮座する、
非常に長命な深海魚。",,1,,
"猟団料理の食材。溶岩に住み
つく驚異の生態を持つカニ。",,1,yes,
"猟団料理の食材。下顎で流氷
を砕いて泳ぐ鮭。",,1,,
"ハリセンネコが大好きな、
きんぴかの小判。特別な
アイテムと交換してくれる。",,1,yes,
"ハリセンネコが大好きな、
ぴかぴかの小判。特別な
アイテムと交換してくれる。",,1,yes,
"特別なイベントの際にギルドが
ハンターたちに配布する小判。
少し変わった色をしている。",,1,yes,
"ハリセンネコ特製のお守り。
所持しているとクエスト成功時
の報酬枠が増えることがある。",,1,yes,
"猟団料理の食材。一粒食べ
れば数日間、生活バランスが
整う健康的な実。",,1,yes,
"猟団料理の食材。新雪のよう
に眩い麦から取れる小麦粉。",,1,,
"猟団料理の食材。
鼻に抜ける刺激が心を
静寂にするワサビ。",,1,yes,
"猟団料理の食材。黄色と黒の
不気味な外見をしたスイカ。",,1,yes,
"猟団料理の食材。
正体不明の植物で、
なぜかコシがある。",,1,yes,
"猟団料理の食材。
憤怒の色を伺わせる
鬼のような形のハバネロ。",,1,yes,
"猟団料理の食材。
想像の範疇にない
変幻自在の味を出すハーブ。",,1,yes,
"片手剣を極め、高みへと
到達した者に与えられる
礼賛の勲章。【序】",,1,,
"片手剣を極め、高みへと
到達した者に与えられる
礼賛の勲章。【中】",,1,,
"片手剣を極め、高みへと
到達した者に与えられる
礼賛の勲章。【極】",,1,,
"双剣を極め、高みへと
到達した者に与えられる
礼賛の勲章。【序】",,1,,
"双剣を極め、高みへと
到達した者に与えられる
礼賛の勲章。【中】",,1,,
"双剣を極め、高みへと
到達した者に与えられる
礼賛の勲章。【極】",,1,,
"大剣を極め、高みへと
到達した者に与えられる
礼賛の勲章。【序】",,1,,
"大剣を極め、高みへと
到達した者に与えられる
礼賛の勲章。【中】",,1,,
"大剣を極め、高みへと
到達した者に与えられる
礼賛の勲章。【極】",,1,,
"太刀を極め、高みへと
到達した者に与えられる
礼賛の勲章。【序】",,1,,
"太刀を極め、高みへと
到達した者に与えられる
礼賛の勲章。【中】",,1,,
"太刀を極め、高みへと
到達した者に与えられる
礼賛の勲章。【極】",,1,,
"ハンマーを極め、高みへと
到達した者に与えられる
礼賛の勲章。【序】",,1,yes,
"ハンマーを極め、高みへと
到達した者に与えられる
礼賛の勲章。【中】",,1,yes,
"ハンマーを極め、高みへと
到達した者に与えられる
礼賛の勲章。【極】",,1,yes,
"狩猟笛を極め、高みへと
到達した者に与えられる
礼賛の勲章。【序】",,1,,
"狩猟笛を極め、高みへと
到達した者に与えられる
礼賛の勲章。【中】",,1,,
"狩猟笛を極め、高みへと
到達した者に与えられる
礼賛の勲章。【極】",,1,,
"ランスを極め、高みへと
到達した者に与えられる
礼賛の勲章。【序】",,1,yes,
"ランスを極め、高みへと
到達した者に与えられる
礼賛の勲章。【中】",,1,yes,
"ランスを極め、高みへと
到達した者に与えられる
礼賛の勲章。【極】",,1,yes,
"ガンランスを極め、高みへと
到達した者に与えられる
礼賛の勲章。【序】",,1,yes,
"ガンランスを極め、高みへと
到達した者に与えられる
礼賛の勲章。【中】",,1,yes,
"ガンランスを極め、高みへと
到達した者に与えられる
礼賛の勲章。【極】",,1,yes,
"穿龍棍を極め、高みへと
到達した者に与えられる
礼賛の勲章。【序】",,1,,
"穿龍棍を極め、高みへと
到達した者に与えられる
礼賛の勲章。【中】",,1,,
"穿龍棍を極め、高みへと
到達した者に与えられる
礼賛の勲章。【極】",,1,,
"ヘビィボウガンを極め、
高みへと到達した者に
与えられる礼賛の勲章。【序】",,1,yes,
"ヘビィボウガンを極め、
高みへと到達した者に
与えられる礼賛の勲章。【中】",,1,yes,
"ヘビィボウガンを極め、
高みへと到達した者に
与えられる礼賛の勲章。【極】",,1,yes,
"ライトボウガンを極め、
高みへと到達した者に
与えられる礼賛の勲章。【序】",,1,yes,
"ライトボウガンを極め、
高みへと到達した者に
与えられる礼賛の勲章。【中】",,1,yes,
"ライトボウガンを極め、
高みへと到達した者に
与えられる礼賛の勲章。【極】",,1,yes,
"弓を極め、高みへと
到達した者に与えられる
礼賛の勲章。【序】",,1,,
"弓を極め、高みへと
到達した者に与えられる
礼賛の勲章。【中】",,1,,
"弓を極め、高みへと
到達した者に与えられる
礼賛の勲章。【極】",,1,,
"キャラバンが旅の途中で発見し
た不思議な鉱石。武具職人の中
には、興味を示す者も多い。",,1,yes,
"キャラバンから特別な時のみ受
け取れる小さな結晶。素材とし
ても価値が高く珍重される。",,1,yes,
"キャラバンから特別な時のみ受
け取れる大きな結晶。素材とし
ても価値が高く珍重される。",,1,yes,
"穿龍棍を極めんとする者に
与えられる努力の証【序】",,1,,
"穿龍棍を極めんとする者に
与えられる努力の証【中】",,1,,
"穿龍棍を極めんとする者に
与えられる努力の証【極】",,1,,
"穿龍棍を極めんとする者に
与えられる努力の証【天】",,1,,
"穿龍棍をさらに極めんと
する者に与えられる
精励の綬章。【序】",,1,,
"穿龍棍をさらに極めんと
する者に与えられる
精励の綬章。【中】",,1,,
"穿龍棍をさらに極めんと
する者に与えられる
精励の綬章。【極】",,1,,
"異彩を放つ響狼の牙。
武具・防具・装飾品と様々な
用途で重宝される。",,1,,
"異彩を放つ響狼の毛。
武具・防具・装飾品と様々な
用途で重宝される。",,1,,
"響狼の背に生えている凍った
棘。剥ぎ取った後も冷気を帯
びている。",,1,,
"響狼の体内で生成された希少
な宝玉。凍っているため、光
に反射させるととても美しい。",,1,,
"鋭利な形状の凍った牙。
獲物を凍らせて噛み砕くため、
不用意に触れると凍りつく。",,1,,
"響狼のきらびやかな牙。
加工するのが惜しいほど鮮や
かである。",,1,,
"響狼のきらびやかな毛。
加工するのが惜しいほど鮮や
かである。",,1,,
"響狼の背に生えている上質な
棘。攻撃手段として用いられ
るほどに硬く鋭い。",,1,,
"響狼の体内で偶発的に生成さ
れる綺麗な宝玉。装飾品とし
ての価値も高い。",,1,,
"稀に採取される凍りついた響
狼の毛。取扱いが難しく、加
工には細心の注意が必要。",,1,,
"凍りついて結晶化した響狼の
血。生物の血が何故凍ってい
るのか未だ謎に包まれている。",,1,,
"優れた大猪から剥ぎ取れる皮。
力強さと優雅さを兼ね備えて
いる。",,1,,
"優れた大猪から剥ぎ取れる毛。
力強さと優雅さを兼ね備えて
いる。",,1,,
"ドスファンゴの頭。
２本の猛々しい牙が力強さを
感じさせる。",,1,yes,
"見た目より軽くて丈夫な
大猪から剥ぎ取った骨。
様々な用途がある。",,1,,
"暴虐なる大猪の堅固な牙。
突進を繰り返し、多くの傷を
刻んだ、それは鉄板すら貫く。",,1,,
"フォロクルルの爪。華鳳鳥の
華やかな容貌とは裏腹に
鋭い刃物のよう。",,1,yes,
"美しく、ふんわりと柔らかい
華鳳鳥の羽毛。
丈夫さも兼ね備えている。",,1,,
"華鳳鳥の体から抽出した体液。
花の蜜を吸っているせいか、
どことなく甘い香りが漂う。",,1,,
"美麗かつ柔らかい華鳳鳥の
羽毛。並の鳥とは及びも
つかないほど丈夫。",,1,,
"フォロクルルの嘴。
見かけ以上に鋭く、
取り扱いには注意が必要。",,1,yes,
"華鳳鳥の尾の部分から取れる
羽毛。他の部位から取れる
羽毛より貴重。",,1,,
"華鳳鳥より剥ぎ取った翼膜。
華麗なる色彩はハンターの
間でも好まれる素材だ。",,1,yes,
"華鳳鳥の体内で生成された蜜。
ほんのりと甘い。
{c05}（精算アイテム）",,1,yes,
"より鋭さを増し、
その切っ先は鋼すら貫く
フォロクルルの爪。",,1,yes,
"ほれぼれするほど美しい
華鳳鳥の羽毛。見かけ以上に
丈夫なことも長所の一つ。",,1,,
"華鳳鳥の体内の体液の中でも
より濃く抽出することに成功
した体液。",,1,,
"華鳳鳥からごくまれに剥ぎ
取れる綺麗な羽毛で、数の
少なさゆえ貴重な素材。",,1,,
"フォロクルルの湾曲した嘴。
独特の形状をしているため
一部のハンターに人気。",,1,yes,
"華鳳鳥の切り取った尻尾。
屈強な尻尾も、どことなく
優雅さを感じさせる。",,1,,
"吸った蜜によって色を変化
する華鳳鳥の翼。その美しさ
を愛するハンターも多い。",,1,yes,
"華鳳鳥の体内で生成された蜜。
はちみつの様に甘い。
{c05}（精算アイテム）",,1,yes,
"フォロクルルから剥ぎ取った
喉袋。華鳳鳥素材のなかでは
貴重な部類に入る。",,1,yes,
"雷轟竜が硬い外殻にて守って
いる鱗。非常に柔らかいが、
電流を帯びている。",,1,,
"雷轟竜が自身を守るために
纏っている外殻。
群青の輝きを放つ。",,1,,
"雷轟竜の骨髄。雷轟竜の
発する雷の力の影響で、
電力を帯びている。",,1,,
"雷轟竜が自身を守るために
纏っている外殻の中でも
高電圧を帯びている素材。",,1,,
"雷轟竜の頭殻。
頭殻のみとなっても凶暴さは
失われていない。",,1,,
"雷轟竜の腕部を守る甲殻。
高硬度かつ重量な素材のため
武具の作成で重宝される。",,1,,
"雷轟竜の尻尾周辺の部位から
剥ぎ取った外殻。
電圧の影響で変色している。",,1,,
"雷轟竜の上質な鱗。
普通の鱗より強い雷の力
を宿している。",,1,,
"雷轟竜が自身を守るために
纏っている外殻の中でも
さらに堅固な部分。",,1,,
"雷轟竜の延髄。
流れる電流の影響にて
加工が困難な素材。",,1,,
"まれに飛竜の体内で生成され
る藍色の玉石。なかなか
手に入らない貴重な物。",,1,,
"雷轟竜の牙。
獲物を砕く恐怖の牙に、
誰もが震えを隠せない。",,1,,
"雷轟竜から切り取った腕。
数多くの獲物を狩ってきた
であろう腕は勇壮の一言。",,1,,
"雷轟竜から切り取った尻尾。
尻尾も電力を帯び、その用途
はさまざまな逸品。",,1,,
"白銀に煌く銀火竜の逆鱗。
触れることを拒むかの如く
鋭利な形状をしている。",,1,,
"細かい鱗で覆われている外殻。
本物の白銀と見間違うほどで、
価値が高い。",,1,,
"未開の地で出会った白銀の
リオレウスから剥いだ鱗。
とても美しく銀色に煌く。",,1,yes,
"銀火竜の体内の最奥にあり
剥ぎ取ることが困難とされ
ている髄。",,1,,
"白銀の火竜の体内で長い年月
を掛けて生成された、鮮血の
様な真紅の珠。",,1,,
"銀火竜の体内で生成される
稀少な宝石。陽光を浴びると
紅色に光煌く。",,1,,
"しなやかかつ硬さもそなえた
アクラ・ジェビアの蝕毛。
素材として、なかなかに貴重。",,1,yes,
"アクラ・ジェビアの体液が
凝固してできた結晶。
真紅の美しい色をしている。",,1,yes,
"見るものを圧倒させる覇気を
纏う灰晶蠍の殻。並みの攻撃
では傷一つつけられない。",,1,,
"灰晶蠍の体液。取り扱いが
難しく、それゆえ希少な価値
がある素材。",,1,,
"灰晶蠍の堅牢かつ屈強な爪。
主に鋏として使われるが
鈍器の様に使うこともある。",,1,,
"見るものを圧倒させる覇気を
纏う灰晶蠍の結晶。並みの攻撃
では傷一つつけられない。",,1,,
"逞しくも堅固な灰晶蠍の尾。
体内で生成された体液の
噴射口にもなっている。",,1,,
"アクラ・ジェビアの血の塊。
これが固まって結晶になると
言われるが、真偽は不明。",,1,yes,
"アクラ・ジェビアの濃厚な
体液。粘着性を含んでおり
身体に付くと中々取れない。",,1,yes,
"ごくまれにリオレウスから
剥ぎ取れる希少な鱗。その
美しさはもはや芸術品。",,1,yes,
"ラオウトディーアの
生産方法が記された紙。
工房に持って行こう！",,1,yes,
"ルペルスディーアの
生産方法が記された紙。
工房に持って行こう！",,1,yes,
"バロウカラビーヌの
生産方法が記された紙。
工房に持って行こう！",,1,yes,
"ヴィラルカラビーヌの
生産方法が記された紙。
工房に持って行こう！",,1,yes,
"カイントカラビーヌの
生産方法が記された紙。
工房に持って行こう！",,1,yes,
"マルクルスカラビーヌの
生産方法が記された紙。
工房に持って行こう！",,1,yes,
"デュネリスカラビーヌの
生産方法が記された紙。
工房に持って行こう！",,1,yes,
"ローデスガルディアの
生産方法が記された紙。
工房に持って行こう！",,1,yes,
"モルアディガルディアの
生産方法が記された紙。
工房に持って行こう！",,1,yes,
"ポウラーレカラビーヌの
生産方法が記された紙。
工房に持って行こう！",,1,yes,
"ファルガカラビーヌの
生産方法が記された紙。
工房に持って行こう！",,1,yes,
"ナイシュカラビーヌの
生産方法が記された紙。
工房に持って行こう！",,1,yes,
"パラカティカラビーヌの
生産方法が記された紙。
工房に持って行こう！",,1,yes,
"ジェネビカラビーヌの
生産方法が記された紙。
工房に持って行こう！",,1,yes,
"レスガルディアの
生産方法が記された紙。
工房に持って行こう！",,1,yes,
"ガッシュガルディアの
生産方法が記された紙。
工房に持って行こう！",,1,yes,
"グェンビーシャンドの
生産方法が記された紙。
工房に持って行こう！",,1,yes,
"フェイアルビシュナの
生産方法が記された紙。
工房に持って行こう！",,1,yes,
"高温を発している黒龍の鱗。
灼熱の様な高い熱を発し、
鱗に近寄ることは困難。",,1,,
"熱を帯びた黒龍の角。
高熱を発し、その熱さは
黒龍の憤怒を表現したよう。",,1,,
"熱を帯びた黒龍の翼。
その羽音を聴いた者は例外
なく戦慄しただろう。",,1,,
"灼熱の様な熱を発している
黒龍の眼。眼だけになっても
その禍々しさに変わりはない。",,1,,
"邪龍ミラボレアスの逆鱗。
災厄を呼んできそうな
不吉さがつきまとう。",,1,yes,
"まれに黒龍の体内で生成され
る希少な玉石。美しくも、
妖しげな輝きを放つ。",,1,,
"落とし物ネコが偶然見つけた
小さいが、豪華な王冠。
落とし物かどうかは不明。",,1,yes,
"冒険屋の店番アイルーが
出先で見つけてきたもの。
見ているだけで泣けてくる。",,1,yes,
"英雄の証【第一楽章】の
生産方法が記された紙。
工房に持って行こう！",,1,,
"パスリグパピリオーの
生産方法が記された紙。
工房に持って行こう！",,1,yes,
"パスリグスロウピアの
生産方法が記された紙。
工房に持って行こう！",,1,yes,
"ピスールアピスの
生産方法が記された紙。
工房に持って行こう！",,1,yes,
"ピスールヒピアーズの
生産方法が記された紙。
工房に持って行こう！",,1,yes,
"ヴォルケーノストックの
生産方法が記された紙。
工房に持って行こう！",,1,yes,
"イラプションストックの
生産方法が記された紙。
工房に持って行こう！",,1,yes,
"ダウンプーアストックの
生産方法が記された紙。
工房に持って行こう！",,1,yes,
"イノンダシオストックの
生産方法が記された紙。
工房に持って行こう！",,1,yes,
"イムプルモルタルの
生産方法が記された紙。
工房に持って行こう！",,1,yes,
"プティオモルタルの
生産方法が記された紙。
工房に持って行こう！",,1,yes,
"イムプルカルバリンの
生産方法が記された紙。
工房に持って行こう！",,1,yes,
"プティオカルバリンの
生産方法が記された紙。
工房に持って行こう！",,1,yes,
"シエラ・ソードの
生産方法が記された紙。
工房に持って行こう！",,1,yes,
"セーガ・ソードの
生産方法が記された紙。
工房に持って行こう！",,1,yes,
"ノデル・フュジの
生産方法が記された紙。
工房に持って行こう！",,1,yes,
"ノデル・ゲベルの
生産方法が記された紙。
工房に持って行こう！",,1,yes,
"ノデル・エンフィの
生産方法が記された紙。
工房に持って行こう！",,1,yes,
"ノデル・スナイドルの
生産方法が記された紙。
工房に持って行こう！",,1,yes,
"ルエニー・スペンサの
生産方法が記された紙。
工房に持って行こう！",,1,yes,
"ルエニー・エクレールの
生産方法が記された紙。
工房に持って行こう！",,1,yes,
"クラン・フュジの
生産方法が記された紙。
工房に持って行こう！",,1,yes,
"クラン・ゲベルの
生産方法が記された紙。
工房に持って行こう！",,1,yes,
"クラン・エンフィの
生産方法が記された紙。
工房に持って行こう！",,1,yes,
"クラン・スナイドルの
生産方法が記された紙。
工房に持って行こう！",,1,yes,
"クリスチア・スペンサの
生産方法が記された紙。
工房に持って行こう！",,1,yes,
"クリスチア・エクレールの
生産方法が記された紙。
工房に持って行こう！",,1,yes,
"結われた丈夫な紐。素材とな
る糸は、強風に煽られても破
れない強靭な織物にもなる。",,1,,
"とある村で、夫婦となった
ふたりを祝福して、三日三晩
鳴らし続けられたという鈴。",,1,,
"静まり返った深夜に、轟音と
ともに現れて、辺りの地形を
一変させたという不思議な石。",,1,,
"子が親になるほどの長い年月、
常に光を浴びせ続け、光の力
を蓄えたとされる球状の鋼。",,1,,
"子が親と別離するほどの長い
年月、常に暗闇に安置し、闇
の力を蓄えたという球状の鋼。",,1,,
"鈍い輝きを放つ不思議な石。
内部が空洞になっていること
で、音を複雑に反響させる。",,1,,
"年代物の巨大な骨。年月を経
て風化するどころか、金属を
凌駕するほどの硬度を誇る。",,1,,
"使用するとブレードを
付け替え、斬れ味を回復
できる。{c05}（支給品専用）",,1,yes,
"短時間で素早く体力を
少量回復できる薬。
{c05}（支給品専用）",,1,,
"調査兵団のために
用意された小さなパン。
{c05}（支給品専用）",,1,yes,
"鮮やかな衣装を着飾ったよう
な印象を与える華やかな植物。
飾り細工などにも愛用される。",,1,,
"毎年開催される行事に用いる
織り糸。刃物で切ろうとして
も容易に切れない丈夫な糸。",,1,,
"特殊なヘビィボウガンの生産
に用いる素材。その武器は見
かけによらず強力だという噂。",,1,yes,
"特殊なヘビィボウガンの生産
に用いる素材。その武器は見
かけどおり凶力だという噂。",,1,yes,
"己が力を証明し、頂点を極め
た少数のハンターに与えられ
るという栄誉ある証。",,1,yes,
"祈樹の泉に沈んでいた、
不思議な色の石。耳を当てると
歌が聞こえてくる気がする。",,1,,
"チェースチクレーストの
生産方法が記された紙。
工房に持って行こう！",,1,yes,
"ナオススタヴロスの
生産方法が記された紙。
工房に持って行こう！",,1,yes,
"ギロア・グライラの
生産方法が記された紙。
工房に持って行こう！",,1,yes,
"ロヴェ・グライラの
生産方法が記された紙。
工房に持って行こう！",,1,yes,
"思わず飾っておきたくなる羽
根。武具工房へ持っていくと、
何かに加工してもらえるかも。",,1,,
"斬新なアイデアが浮かぶ代償
として何かを忘れてしまうと
武具工房で噂されている笛。",,1,yes,
"品格を感じさせるが、縫製者
不明の装いが詰められた袋。
加工すれば優れた防具に…？",,1,,
"心の弱い者には、閲覧を禁止
されている書物。いやが応で
も心の闇との対峙を迫られる。",,1,,
"周囲の音を吸収しているよう
な錯覚に陥る宝石。衝撃にも
強く、容易には細工できない。",,1,,
"砂漠の中で、ごくまれに生息
している幻の茸。強靭な糸を
紡げるため、求める人は多い。",,1,,
"さまざまな鉱石やモンスターの
素材を合わせることでできた、
非常に頑丈な金属。",,1,yes,
"調査兵団・半刃刀身貤の
生産方法が記された紙。
工房に持って行こう！",,1,,
"駐屯兵団・半刃刀身貤の
生産方法が記された紙。
工房に持って行こう！",,1,,
"超硬質ブレード貤の
生産方法が記された紙。
工房に持って行こう！",,1,yes,
"スナップブレード貤の
生産方法が記された紙。
工房に持って行こう！",,1,yes,
"空裂貤の
生産方法が記された紙。
工房に持って行こう！",,1,,
"蒼流旋貤の
生産方法が記された紙。
工房に持って行こう！",,1,,
"スターライトmk賕・貤の
生産方法が記された紙。
工房に持って行こう！",,1,yes,
"スターライトmk賕・賖の
生産方法が記された紙。
工房に持って行こう！",,1,yes,
"スターライトmk賕・賕の
生産方法が記された紙。
工房に持って行こう！",,1,yes,
"スターライトmk賕・賙の
生産方法が記された紙。
工房に持って行こう！",,1,yes,
"スターライトmk賕・𧶠の
生産方法が記された紙。
工房に持って行こう！",,1,yes,
"スターライトmk賕・賰の
生産方法が記された紙。
工房に持って行こう！",,1,yes,
"Ｒ．Ｏ．Ｓ．貤の
生産方法が記された紙。
工房に持って行こう！",,1,,
"Ｒ．Ｏ．Ｓ．賖の
生産方法が記された紙。
工房に持って行こう！",,1,,
"Ｒ．Ｏ．Ｓ．賕の
生産方法が記された紙。
工房に持って行こう！",,1,,
"Ｒ．Ｏ．Ｓ．賙の
生産方法が記された紙。
工房に持って行こう！",,1,,
"Ｒ．Ｏ．Ｓ．𧶠の
生産方法が記された紙。
工房に持って行こう！",,1,,
"Ｒ．Ｏ．Ｓ．賰の
生産方法が記された紙。
工房に持って行こう！",,1,,
"ファゼル・ガルダの
生産方法が記された紙。
工房に持って行こう！",,1,yes,
"長い年月を経た特殊な地層で、
金属も弾くほど硬質化した
岩盤に含有される緋色の石。",,1,,
"長い年月を経た特殊な地層で、
金属も弾くほど硬質化した
岩盤に含有される金色の石。",,1,,
"長い年月を経た特殊な地層で、
金属も弾くほど硬質化した
岩盤に含有される銀色の石。",,1,,
"長い年月を経た特殊な地層で、
金属も弾くほど硬質化した
岩盤に含有される黒色の石。",,1,,
"長い年月を経た特殊な地層で、
金属も弾くほど硬質化した
岩盤に含有される紫色の石。",,1,,
"銀月の生産方法が記された紙。
工房に持って行こう！",,1,,
"散華の生産方法が記された紙。
工房に持って行こう！",,1,,
"泡影の生産方法が記された紙。
工房に持って行こう！",,1,,
"紅雨の生産方法が記された紙。
工房に持って行こう！",,1,,
"クラニウムの生産方法が
記された紙。
工房に持って行こう！",,1,yes,
"ウィキッドの生産方法が
記された紙。
工房に持って行こう！",,1,yes,
"ベータナイフ【清】の
生産方法が記された紙。
工房に持って行こう！",,1,yes,
"ベータナイフ【渾】の
生産方法が記された紙。
工房に持って行こう！",,1,yes,
"ハイダブルベータの
生産方法が記された紙。
工房に持って行こう！",,1,yes,
"ヒルディスの
生産方法が記された紙。
工房に持って行こう！",,1,yes,
"ルイダの
生産方法が記された紙。
工房に持って行こう！",,1,yes,
"フォレルーの
生産方法が記された紙。
工房に持って行こう！",,1,yes,
"ソンブルーの
生産方法が記された紙。
工房に持って行こう！",,1,yes,
"マーシャの
生産方法が記された紙。
工房に持って行こう！",,1,yes,
"マーシャプランの
生産方法が記された紙。
工房に持って行こう！",,1,yes,
"マーシャエテの
生産方法が記された紙。
工房に持って行こう！",,1,yes,
"マーシャトンヌの
生産方法が記された紙。
工房に持って行こう！",,1,yes,
"マーシャイヴェの
生産方法が記された紙。
工房に持って行こう！",,1,yes,
"マーシャジュの
生産方法が記された紙。
工房に持って行こう！",,1,yes,
"マーシャニールの
生産方法が記された紙。
工房に持って行こう！",,1,yes,
"フォスターの
生産方法が記された紙。
工房に持って行こう！",,1,yes,
"フォスタープランの
生産方法が記された紙。
工房に持って行こう！",,1,yes,
"フォスターエテの
生産方法が記された紙。
工房に持って行こう！",,1,yes,
"フォスタートンヌの
生産方法が記された紙。
工房に持って行こう！",,1,yes,
"フォスターイヴェの
生産方法が記された紙。
工房に持って行こう！",,1,yes,
"フォスタージュの
生産方法が記された紙。
工房に持って行こう！",,1,yes,
"フォスターニールの
生産方法が記された紙。
工房に持って行こう！",,1,yes,
"遠い海から流れてきた
軟体動物の吸盤。潮の
香りがする。",,1,,
"ブレゥークロワ・アンの
生産方法が記された紙。
工房に持って行こう！",,1,yes,
"ジョヌクロワ・アンの
生産方法が記された紙。
工房に持って行こう！",,1,yes,
"ヴィオレクロワ・アンの
生産方法が記された紙。
工房に持って行こう！",,1,yes,
"シエルクロワ・アンの
生産方法が記された紙。
工房に持って行こう！",,1,yes,
"ブランクロワ・アンの
生産方法が記された紙。
工房に持って行こう！",,1,yes,
"ノワールクロワ・アンの
生産方法が記された紙。
工房に持って行こう！",,1,yes,
"ロトクロツ・アイの
生産方法が記された紙。
工房に持って行こう！",,1,yes,
"グリュクロツ・アイの
生産方法が記された紙。
工房に持って行こう！",,1,yes,
"ゲルブクロツ・アイの
生産方法が記された紙。
工房に持って行こう！",,1,yes,
"リーラクロツ・アイの
生産方法が記された紙。
工房に持って行こう！",,1,yes,
"ヒメルクロツ・アイの
生産方法が記された紙。
工房に持って行こう！",,1,yes,
"シュネクロツ・アイの
生産方法が記された紙。
工房に持って行こう！",,1,yes,
"ヴァルクロツ・アイの
生産方法が記された紙。
工房に持って行こう！",,1,yes,
"ロミュ・グンラの
生産方法が記された紙。
工房に持って行こう！",,1,yes,
"風切・火の
生産方法が記された紙。
工房に持って行こう！",,1,,
"風切・闇の
生産方法が記された紙。
工房に持って行こう！",,1,,
"トロぬいぐるみ貤の
生産方法が記された紙。
工房に持って行こう！",,1,yes,
"クロぬいぐるみ貤の
生産方法が記された紙。
工房に持って行こう！",,1,yes,
"トロクロボックス貤の
生産方法が記された紙。
工房に持って行こう！",,1,yes,
"トロクロマックス貤の
生産方法が記された紙。
工房に持って行こう！",,1,yes,
"リレ・セーマの
生産方法が記された紙。
工房に持って行こう！",,1,yes,
"メレ・セーマの
生産方法が記された紙。
工房に持って行こう！",,1,yes,
"アピスト・シークの
生産方法が記された紙。
工房に持って行こう！",,1,yes,
"グラマ・シークの
生産方法が記された紙。
工房に持って行こう！",,1,yes,
"デン・カメントの
生産方法が記された紙。
工房に持って行こう！",,1,yes,
"デン・フィナントの
生産方法が記された紙。
工房に持って行こう！",,1,yes,
"品種改良により出来上がった
とてもおおきなとうがらし。",,1,,
"きれいな翅をしためずらしい
アゲハチョウ。我をわすれて
見惚れるものもいるという。",,1,yes,
"とある熟練ハンターが記した
書物。狩ったモンスターの記
録が武具制作のヒントに…？",,1,yes,
"電流を通すと冷気を発する
鋼石。冷たさは、その強弱
によって変化するという。",,1,,
"工房試作品激光鎚を用いて
狩りをし、使用感をまとめた
報告書。親方に報告しよう！",,1,,
"黒曜石と鉄を混ぜて作成した
多面体。製作者にも正確な
面の数はわからない。",,1,,
"とある兵器の生産方法が書か
れている図面。複雑な形式
で記されている。",,1,,
"なつの思い出が詰まっている
といわれる種。育てていると
在りし日を想起させる。",,1,,
"触れることができる
不思議な雲。月夜の晩に
のみ発生する。",,1,,
"砂漠の一部で稀に砂が
凝固する現象が起こり、
そのときに生成される石。",,1,,
"夏に開催される大規模な
マツリに参加したアカシ。",,1,yes,
"特定の時期に月の光を浴びた
ときだけ、きらきらと光る
きれいな砂。",,1,,
"紫色のゲリョスから剥ぎ取れ
る最上の皮。人気の高級品で
贈答品にも使われる。",,1,yes,
"紫色のゲリョスから剥ぎ取れ
る極上の皮。弾力性も質感も
たまらない心地良さ。",,1,yes,
"ゲリョスの珍しい石頭。
さらに紫色をした珍品のため
マニア垂涎の一品。",,1,yes,
"よく伸びて、よくしなる毒怪鳥
の緑色の尻尾。ゴム質としては
皮を上回る至高の素材。",,1,yes,
"種の中でも力強く成長した
毒怪鳥の爪。その鋭さと硬度は
加工品としてとても優秀。",,1,,
"種の中でも力強く成長した
毒怪鳥の皮。その柔軟さと硬度
は加工品としてとても優秀。",,1,,
"トサカ内部の鉱物質が変化した
輝石。眩い光に紫の光が混じる
世にも珍しい奇跡の石。",,1,yes,
"棘白竜から取れる強靭な棘。
危険な毒を含むだけでなく、
強い強度も併せ持つ。",,1,,
"棘白竜から取れる貴重な棘。
近づくことすら困難なほどの
強力な毒気を持つ。",,1,,
"絶麗な棘白竜の鱗。
その美しさと力強さは多く
の加工品で活用されている。",,1,,
"絶麗な棘白竜の甲殻。
その美しさと力強さは多く
の加工品で活用されている。",,1,,
"両刃状の棘白竜の棘。
その形状から、取り扱いが
難しい危険な素材。",,1,,
"棘白竜から稀に剥ぎ取れる
貴重な堅殻。透き通る白さは
奇跡的な美しさと言われる。",,1,,
"棘白竜が獄炎を生み出す源。
火球を吐く際、まれに生成
される希少な石。",,1,,
"特定の強靭な一角竜から入手
できる滅多に見られない一品。
実力者のみが獲得できる。",,1,,
"一角竜の見事な甲殻。歴戦を
潜り抜けてきた風格が漂う
至高の魅力を持つ品。",,1,,
"一角竜の見事な背甲。過酷な
環境を生きたにも関わらず、
綺麗で立派な質感を持つ。",,1,,
"強靭な一角竜から入手できる
角。力強さに加え、深みある
紅色が魅力的。",,1,,
"強靭な一角竜から入手できる
より稀少な角。目にすること
すら難しい貴重品。",,1,,
"強靭な一角竜から入手できる
牙。通常の牙よりも強度があり
優れた素材として重宝される。",,1,,
"伸縮性が極端に高く、異なる
形にすら変わるほどの柔皮。
幅広い用途で使える素材。",,1,,
"綺麗な色をした立派な翼膜。
美しさと強さを兼ね備えており
作られる加工品もまた美しい。",,1,,
"魅惑的な光沢を放つ柔皮。その
中でも特に綺麗な輝きを放つ。
美しさ故に人気が高い。",,1,,
"濃い紅色をした上質な柔皮。
その美しさは見た者を一瞬で
魅了してしまう。",,1,,
"滅多に見ることができないほど
稀少な眠鳥の体毛。超貴重素材
のため、高い価値がある。",,1,,
"眠鳥の鮮やかな橙色の体毛。
オシャレにも使われることが
多く、幅広い層に人気がある。",,1,yes,
"眠鳥の中でも、特に質が高い
爪。危険なまでの鋭さが、その
上質さを証明している。",,1,,
"強力な眠鳥のクチバシ。鳥竜種
とは思えぬほどの鋭さと強靭さ
が特徴的。",,1,yes,
"眠鳥の胃石の中でも非常に
質量の大きな結晶。存在自体が
奇跡と言われる珍品。",,1,,
"黄金色に輝く金塵龍の鱗。
その美しさから、使用用途は
多岐にわたる。",,1,,
"黄金色に輝く金塵龍の甲殻。
あまりにも美しく輝くため
誰もが心を奪われてしまう。",,1,,
"水晶の様に透き通った
金塵龍の爪。とても硬いため
加工は一苦労といわれる。",,1,,
"金塵龍の体内で生成される
玉石。希少性が高いため、
加工には十分注意が必要。",,1,,
"水晶の様に透き通った
金塵龍の角。一体どうやって
生成されているのだろうか。",,1,,
"金塵龍の逞しい尻尾。
加工を躊躇うほど
美しく魅力的な素材である。",,1,,
"黄金色に輝く金塵龍の翼膜。
美しいだけではなく、
柔軟性にも優れている。",,1,,
"金塵龍の上質な鱗。
通常の鱗よりも頑丈で
さらに美しい輝きを放つ。",,1,,
"金塵龍の上質な甲殻。
黄金色がさらに輝きを増し
強度も上昇している。",,1,,
"透明度と硬度が増した、
金塵龍の爪。美しさに伴い
加工難易度も増している。",,1,,
"金塵龍の黄玉がさらなる年月
を経て上質化した玉石。
太陽の様な輝きを放っている。",,1,,
"金塵龍の角の中でも、さらに
透明度と輝きが上質なもの。
宝石と見紛う美しさを持つ。",,1,,
"水晶の様な骨格が特徴の
金塵龍の尻尾。素材として
扱うには惜しいほど美しい。",,1,,
"黄金色に輝く金塵龍の翼を
そのまま切り出すことに
成功した。宝物の様に美しい。",,1,,
"滑らかな質感と高い強度を
持つ雅翁龍の皮。この素材の
加工品はとても長持ちする。",,1,,
"艶やかさと高い強度を
持つ雅翁龍の毛。この素材の
加工品はとても長持ちする。",,1,,
"どんな攻撃でもびくとも
しないほど硬い雅翁龍の鱗。
強度が高い分、加工は困難。",,1,,
"弾力性が高く、有用性のある
雅翁龍の腱。繊維一本一本が
高い強度を持っている。",,1,,
"雅翁龍の骨の中に存在する
柔組織。数ある素材の中でも
かなり扱いづらい素材。",,1,,
"雅翁龍が獲物をおびき寄せる
ために進化させたといわれる
疑似餌の様な尻尾。",,1,,
"通常の皮よりもさらに硬質な
雅翁龍の皮。この素材の
加工品はとても長持ちする。",,1,,
"通常の毛よりもさらに上質な
雅翁龍の毛。この素材の
加工品はとても長持ちする。",,1,,
"並大抵の衝撃では傷すら
つかないという雅翁龍の鱗。
加工は困難を極める。",,1,,
"極めて強靭で弾力性の高い
雅翁龍の腱。軟部組織として
最高の品質といわれている。",,1,,
"雅翁龍の骨の中で稀に生成
される柔組織。最も扱いが
困難といわれている。",,1,,
"雅翁龍の鱗の中でも最上級の
硬さと美しさを持ったもの。
加工難易度も最上級。",,1,,
"獲物をおびき寄せるため
だけに進化した雅翁龍の尻尾。
とても優れた伸縮性を持つ。",,1,,
"どこかから出てきた
錆びた金具。
何かの部品だったようだ。",,1,,
"どこかから出てきた
綺麗な金具。
何かの部品だったようだ。",,1,,
"どこかから出てきた
綺麗に輝く金具。
何かの部品だったようだ。",,1,,
"とても不気味な絵が描いてあ
る本。気のせいか、不気味な
オーラも放っている。",,1,yes,
"表紙がボロボロで、いたると
ころにシミがある本。
汚れていて読めない。",,1,yes,
"表紙が金の文字で装飾された
美しい本。異国語で書かれて
いる為、読めない。",,1,,
"可愛らしいリボンがついてい
る本。少女が不思議な世界に
行くおとぎ話のようだ。",,1,yes,
"分厚く、色々な図と説明が書
かれている。誰がなんの為に
書いたのか不明。",,1,,
"とても大きな本。
あまりにも大きいので持ち運
びに不便。",,1,,
"とても小さい本。
あまりにも小さいので、
文字が非常に読みづらい。",,1,,
"ボロボロになって色褪せた
楽譜。なぜか懐かしい曲の
ような気がする。",,1,yes,
"使い古されたランプ。
金属部分は錆びて、
ガラス部分は煤で曇っている。",,1,yes,
"着けると、真実が見えてくる
不思議な髪飾り。素朴な装飾
だがキラリと光る。",,1,yes,
"何かの紋章が描かれた指輪。
銀の指輪と対になっている
ようだ。",,1,,
"何かの紋章が描かれた指輪。
金の指輪と対になっている
ようだ。",,1,,
"柔らかい真っ黒な生地。
いたるところで普及している。",,1,,
"どこからか取れてしまった
赤い部品。用途は不明。",,1,,
"どこからか取れてしまった
青い部品。用途は不明。",,1,,
"金色に光る禍々しい飾り。
大きな目玉のような模様が描
かれている。",,1,,
"皮の紐でできた首飾り。黒い
不思議な形の石がついている。",,1,,
"クリムゾンパクトの
生産方法が記された紙。
工房に持って行こう！",,1,yes,
"煌びやかな輝きを放つ羽。
手にしたものには幸福
が訪れるという逸話がある。",,1,,
"プリマシューター・火の
生産方法が記された紙。
工房に持って行こう！",,1,yes,
"プリマシューター・闇の
生産方法が記された紙。
工房に持って行こう！",,1,yes,
"ズィベイシリーズの
生産方法が記された紙。
工房に持って行こう！",,1,yes,
"限りないスタミナを生み出す
紫色のゲリョスの体液。強力な
ため原液での使用はできない。",,1,yes,
"ひときわ香りの高いマタタビ。
パートニャーにわたせば、ごき
げんになることうけあい。",,1,yes,
"飽く事なく技を鍛え上げる匠
の神髄を書き記したもの。
Ｇ級のハンターのみ入手可能。",,1,yes,
"パートニャーが拾ってきた石。
見た目は石ころと同じなので、
ハンターでは見つけられない。",,1,yes,
"体力を少量回復する薬。
通常より素早く摂取できる。",,1,,
"体力を中量回復する薬。
通常より素早く摂取できる。",,1,,
"飲むと不快な気持ちになり、
体力が減少する薬。
通常より素早く摂取できる。",,1,,
"体力の上限が最大まで上昇し、
完全回復する薬。
通常より素早く摂取できる。",,1,,
"強走薬よりも、更に長い時間
走り続けることができる薬。
通常よりも素早く摂取できる。",,1,,
"攻撃力が上がる薬。効果は
クエスト終了まで有効。",,1,yes,
"防御力が上がる薬。効果は
クエスト終了まで有効。",,1,yes,
"武器の属性値が上がる薬。
効果はクエスト終了まで有効。
武器に属性ありが条件。",,1,yes,
"体力の上限が上がる薬。
効果はクエスト終了まで有効。",,1,yes,
"スタミナの上限が上がる薬。
効果はクエスト終了まで有効。",,1,yes,
"パートニャーに渡すと、
グイグイ使って攻撃力が
上がる特訓用アイテム。",,1,yes,
"パートニャーに渡すと、
ポスポス使って度胸上がる
特訓用アイテム。",,1,yes,
"パートニャーに渡すと、
ブンブン使って反射神経が
上がる特訓用アイテム。",,1,yes,
"パートニャーに渡すと、
クンクン使って運が上がる
特訓用アイテム。",,1,yes,
"パートニャーに渡すと、
スヤスヤ使って体力が上がる
特訓用アイテム。",,1,yes,
"パートニャーに渡すと、
ビヨーンと使って防御力が
上がる特訓用アイテム。",,1,yes,
"持ち帰ると猟団員全員に
報酬が与えられる宝。
{c05}（精算アイテム）",,1,yes,
"絡まった猫の毛玉。
なかなか丈夫な手触り。",,1,,
"１本のキノコに縦３つ傘が
連なっているキノコ。
雨が多い日に生えやすい。",,1,yes,
"調理に使われたのか、焼け
焦げてしまった枝。",,1,,
"ツンツンとした棘が特徴的な
蔓。優しくなでると、棘が
取れる。",,1,yes,
"ツンツンとした棘が特徴的な
桃色の蔓。優しくなでると、
真っ赤に染まる。",,1,yes,
"ツンツンとした棘が特徴的な
金色の蔓。稀になでると、
黄金になるという逸話も。",,1,yes,
割れた小瓶の透明な破片。,,1,,
"割れた小瓶の透明な破片。
桃色に染まっている。",,1,,
"大きな星が描かれている
葉。",,1,,
"真っ赤な色をした実。
一度色がつくとなかなか
取れない。",,1,,
"真っ青な色をした実。
一度色がつくとなかなか
取れない。",,1,,
"灰色をした実。
一度色がつくとなかなか
取れない。",,1,,
"朝に歌うアサウタ鳥の羽。
この羽を持つと歌が
うまくなるらしい。",,1,yes,
"夜に歌うヨルウタ鳥の羽。
ひっそりと歌うため
聴くことは困難。",,1,yes,
"小魚の形をした石。
間違って食べないように。",,1,,
"大魚の形をした石。
大漁祈願で祭られることも。",,1,,
"手のひらの形をした木の葉。
暑い日に大きい葉で扇ぐと
そよ風が気持ち良い。",,1,,
"高温でも生える苔。
水の少ない地域でも
耐えられる。",,1,,
"ぐるぐると渦を巻いた茨。
眺めていると目が回るので
注意しよう。",,1,,
"ぐるぐると渦を巻いた茨。
育つ過程で自然と渦を
巻いていく。",,1,,
"ぐるぐると渦を巻いた茨。
長いものは島を一周
するほどに。",,1,,
"甘い果樹の実。
小さいが甘さは濃厚。",,1,,
"辛い果樹の実。
小さいが過激な辛さが。",,1,,
"苦い果樹の実。
眠気のお供に…。",,1,,
"マグマの中も泳ぐことの
できる虫。仲間を大切に
する熱い一面も。",,1,yes,
"鋭い棘に傘が覆われたキノコ。
棘を取り食用としても
多く家庭に広がっている。",,1,yes,
"ところどころ溶けている
金属の破片。",,1,,
"花びらは金色、実は銀色、
豪奢な色を兼ね備える花。",,1,,
"強く擦ると膨らむ石。
一度膨らむと表面が薄く
なるため、すぐ割れる。",,1,,
"木々の根元に生えている花。
息を吹きかけると、鈴の音
に似た音が聞こえる。",,1,,
"ポツポツと水玉模様をした羽。
強く擦ると、水玉が変色する。",,1,yes,
"星の形をした石。燃え盛る
火のような色をしている。",,1,,
"星の形をした石。愛らしい
桃色は、女性に人気。",,1,,
"星の形をした石。
夕明かりのように暖かく光る。",,1,,
"汚れてしまったためか、
放置されている包帯。",,1,,
"破れて置き去られた
包帯の破片。",,1,,
"ゴムのように伸縮性のある
木片。",,1,yes,
"星の形をした石。
透き通った空を思わせる。",,1,,
"星の形をした石。もくもくと
した雲模様を内包している。",,1,,
"星の形をした石。夜の闇の
ような暗黒の石。",,1,,
"水の無い地域でも育つこと
が出来る花。水を多く含む
と枯れてしまう。",,1,,
"風がなくとも独りでに
震えている花。ハンターに
怯えているのか…。",,1,yes,
"貝殻の表面にうずまきが
描かれている。
いたずらではない。",,1,,
"貝殻の表面にシズクが
描かれている。
らくがきではない。",,1,yes,
"黒点模様が特徴的な花。
日に焼けると、点の数が
増えるらしい。",,1,,
"顔が隠れるほど大きな葉を
つけた草。",,1,,
歯形が残る薬莢。,,1,,
ひび割れている薬莢。,,1,,
つぶれている薬莢。,,1,,
"虹色の羽が特徴的な蝶。
その美しさに誰もが
振り向く。",,1,,
"飛びながら水滴を流す蝶。
心はいつも雨模様。",,1,,
"白い鱗粉を撒きながら飛ぶ蝶。
夏に飛ぶことが多く、
真夏に降る雪のようだ。",,1,,
"丸まりながら移動する
虫。オスは青く、メスから
逃げる際の移動速度は速い。",,1,yes,
"鋼のような硬さを持つ草。
踏まないように気を付けよう。",,1,,
"花の形をした石。光りの
加減によって、虹色に
発光する。",,1,,
"ところどころが千切れている
黒マスク。",,1,yes,
"小さな命に宿った温厚な心。
仲間を思うキモチは、
だれにも負けない。",,1,yes,
"滑らかな質感のつややかな糸。
大量生産できない性質をもち、
個別に育む必要がある。",,1,,
"職人独自の技術で
染色した薄桜色の糸を
用いて織られた織物。",,1,,
"どことなく気品を感じさせる
鬣。武具工房へ持っていくと、
何かに加工してもらえるかも。",,1,,
"どこか激しさを感じさせる石。
採掘できる場所が限られてい
るため流通量は非常に少ない。",,1,,
"静けさの中にも激しさを感じ
させる鉱石。非常に硬く、採
掘には高い技術を必要とする。",,1,,
"とある道化師が究極の奥義を
記したという本。想像を絶す
るアイディアが書かれている。",,1,yes,
"夜を思わせる漆黒の石。
黒く鈍い光を放ちつづ
けている。",,1,,
"花のマークが描かれた箱。
中には武具の強化に必要な
素材が入っている。",,1,yes,
"星のマークが描かれた箱。
中には武具の強化に必要な
素材が入っている。",,1,yes,
"雪のマークが描かれた箱。
中には武具の強化に必要な
素材が入っている。",,1,yes,
"宙のマークが描かれた箱。
中には武具の強化に必要な
素材が入っている。",,1,yes,
"戦術の書かれた分厚い書物。
パートニャーに読ませると
得意行動が変化する。",,1,yes,
"１枚できんぴか小判Ｇ３枚分
の価値があった過去の通貨。
現在は売却以外の用途が無い。",,1,,
"アルビノエキスでも最高濃度を
誇るエキス。とても貴重な品
として取引されている。",,1,yes,
"戦いの果てに焼けてしまった
鉄の破片。死闘の痕跡だ。",,1,,
"雪のように白く小さな綿毛。
ハンターが触ると、体温で
溶けてしまう。",,1,yes,
"ギルドネコレイピアの
生産方法が記された紙。
工房に持って行こう！",,1,yes,
"巨大ネコどんぐりの
生産方法が記された紙。
工房に持って行こう！",,1,yes,
"マグマネコハンマーの
生産方法が記された紙。
工房に持って行こう！",,1,yes,
"熱湯に浸すことで、
武器魂【序】に変化する石。
グーク鍋で煮てみよう！",,1,yes,
"熱湯に浸すことで、
武器魂【中】に変化する石。
グーク鍋で煮てみよう！",,1,yes,
"熱湯に浸すことで、
武器魂【極】に変化する石。
グーク鍋で煮てみよう！",,1,yes,
"熱湯に浸すことで、
武器魂【天】に変化する石。
グーク鍋で煮てみよう！",,1,yes,
"何かのはずみで歪んだ板。
ところどころに歯型の跡も
見受けられる。",,1,,
"焦げた跡が目立つ
金属の破片。",,1,,
"金色に輝く実。
非常に固く、歯が折れた
ハンターもいるとの逸話も。",,1,yes,
"昼夜問わず輝く石。
水に浸すと、虹色の
輝きを放つ。",,1,,
"触るとパチパチと音が鳴る
石。水の中に入れると、
ぶくぶくと泡立つ。",,1,yes,
"夜になると、星の様に
煌めきながら羽ばたく
蝶。",,1,,
"１０枚の分厚い花びらを持つ
紅色の花。触るとヒリヒリ
する。",,1,yes,
"１０枚の分厚い花びらを持つ
青色の花。触るとヒヤヒヤ
する。",,1,yes,
"ギルドより天へ至る程の実力を
認められた際に配布される証。
ギルド貢献Ｐと交換可能。",,1,yes,
"深淵を覗き込み、生還した証。
凍てつく結晶で象られた
無色の鍵。",,1,,
"終焉を貫き、生還した証。
脈動する生命を繋ぎ止め、
祝福する連環の鎖。",,1,,
"あまたの困難を乗り越えた
マスター狩人の心。",,1,yes,
"数えきれないモンスターを
狩猟したベテラン狩人の心。",,1,yes,
"成功と失敗を通し成長した
腕利き狩人の心。",,1,,
"狩猟生活を初めた
ビギナー狩人の心。",,1,yes,
"混沌の淵に立ち、生還した証。
漆黒という概念より削り出さ
れたかのような艶消しの閂。",,1,,
"ロワーガ・ファルメル
シリーズの生産方法が記され
た紙。工房に持って行こう！",,1,yes,
"白と黒の飛竜に関する生態を
事細かに記した書物。新たな
素材の加工法が記されている。",,1,,
"パートニャーの装飾品を
お試しで生産できる券。
工房に持って行こう！",,1,yes,
"ハーゼシリーズの
生産方法が記された紙。
工房に持って行こう！",,1,yes,
"つーんとしたにおいと刺激で
失神状態を回復する塗り薬。
{c05}（狩煉道専用アイテム）",,1,yes,
"失神状態を回復する手投げ玉。
音と中身の成分が覚醒を促す。
{c05}（狩煉道専用アイテム）",,1,yes,
"パートニャーが今までの経験
を忘れ、新たな気持ちで特訓
に臨めるようになる巻物。",,1,yes,
"古今無双のコンビに与えられ
る栄冠。その輝く黄金色は
両者の強固な絆と友愛の証。",,1,yes,
"天下無双のコンビに与えられ
る栄光。その煌めく白銀色は
両者の強い結束と友情の証。",,1,yes,
"国士無双のコンビに与えられ
る栄誉。その眩い赤銅色は
両者の密な連携と友好の証。",,1,yes,
"とても分厚く保温性に優れた
創音竜の皮。表面がぬるぬる
した体液に覆われている。",,1,,
"創音竜の体表を流れる体液。
特殊な条件下で様々な色を
発する不思議な性質を持つ。",,1,,
"創音竜の骨の中にある柔組織。
武具の作成にはもちろん
食品に加工されることもある。",,1,,
"創音竜の発声器官。他の
モンスターに比べ、独特な
進化を遂げている。",,1,yes,
"創音竜の尻尾に寄生している
巨大な貝類の殻の破片。
生態の詳細は不明である。",,1,,
"鋭くとがった創音竜の歯。
一本でも抜けると、すぐに
生えかわる。",,1,,
"細かい筋の様なもので
形成されている創音竜の翼膜。
弾くときれいな音がする。",,1,,
"通常のものよりもさらに厚い
創音竜の皮。保温性、耐久性、
すべてにおいて高品質。",,1,,
"さらに上質な創音竜の体液。
武具に光沢を持たせるために
薄く伸ばして塗ることが多い。",,1,,
"創音竜の柔組織の中でも
かなり上質なもの。なかなか
お目にかかることはできない。",,1,,
"創音竜の発声器官を丸ごと
剥ぎ取ることに成功した。
とても希少な部位である。",,1,,
"創音竜の尻尾に寄生している
巨大な貝類の殻。調査の結果、
中身はほとんど空洞だった。",,1,,
"創音竜のとても大きな歯列。
一つ一つがとても鋭い
ため、扱いには注意がいる。",,1,,
"とても大きな創音竜の翼。
その大きさと重量のため、
持ち帰るのに苦労する。",,1,,
"創音竜の喉の奥にある袋。
取り出すとすぐしぼんで
しまうため扱いが困難。",,1,,
"ストラクルの
生産方法が記された紙。
工房に持って行こう！",,1,yes,
"リウラクルの
生産方法が記された紙。
工房に持って行こう！",,1,yes,
"ラルシャインの
生産方法が記された紙。
工房に持って行こう！",,1,yes,
"シェルシャインの
生産方法が記された紙。
工房に持って行こう！",,1,yes,
"ラグリッターの
生産方法が記された紙。
工房に持って行こう！",,1,yes,
"ラグリッター・ブトスの
生産方法が記された紙。
工房に持って行こう！",,1,yes,
"ラグリッター・プロスの
生産方法が記された紙。
工房に持って行こう！",,1,yes,
"ラグリッター・リプスの
生産方法が記された紙。
工房に持って行こう！",,1,yes,
"ラグリッター・ダスクの
生産方法が記された紙。
工房に持って行こう！",,1,yes,
"ラグリッター・ソラシの
生産方法が記された紙。
工房に持って行こう！",,1,yes,
"ラグリッター・ケイオの
生産方法が記された紙。
工房に持って行こう！",,1,yes,
"ザウリッターの
生産方法が記された紙。
工房に持って行こう！",,1,yes,
"ザウリッター・ブトスの
生産方法が記された紙。
工房に持って行こう！",,1,yes,
"ザウリッター・プロスの
生産方法が記された紙。
工房に持って行こう！",,1,yes,
"ザウリッター・リプスの
生産方法が記された紙。
工房に持って行こう！",,1,yes,
"ザウリッター・ダスクの
生産方法が記された紙。
工房に持って行こう！",,1,yes,
"ザウリッター・ソラシの
生産方法が記された紙。
工房に持って行こう！",,1,yes,
"ザウリッター・ケイオの
生産方法が記された紙。
工房に持って行こう！",,1,yes,
"花散里の
生産方法が記された紙。
工房に持って行こう！",,1,,
"藤裏葉の
生産方法が記された紙。
工房に持って行こう！",,1,,
"花宴弓の
生産方法が記された紙。
工房に持って行こう！",,1,,
"藤袴弓の
生産方法が記された紙。
工房に持って行こう！",,1,,
"デフィの
生産方法が記された紙。
工房に持って行こう！",,1,yes,
"ヴィーゾフの
生産方法が記された紙。
工房に持って行こう！",,1,yes,
"ライゼの
生産方法が記された紙。
工房に持って行こう！",,1,yes,
"ヴィアッジョの
生産方法が記された紙。
工房に持って行こう！",,1,yes,
"ケットの
生産方法が記された紙。
工房に持って行こう！",,1,yes,
"ケット・リベルテの
生産方法が記された紙。
工房に持って行こう！",,1,yes,
"ケット・オダシューの
生産方法が記された紙。
工房に持って行こう！",,1,yes,
"ケット・コネサンスの
生産方法が記された紙。
工房に持って行こう！",,1,yes,
"ケット・シャンスの
生産方法が記された紙。
工房に持って行こう！",,1,yes,
"ケット・クロワサンスの
生産方法が記された紙。
工房に持って行こう！",,1,yes,
"ケット・デクヴェルトの
生産方法が記された紙。
工房に持って行こう！",,1,yes,
"ポーイスクの
生産方法が記された紙。
工房に持って行こう！",,1,yes,
"ポーイスク・ローストの
生産方法が記された紙。
工房に持って行こう！",,1,yes,
"ポーイスク・ジャジダの
生産方法が記された紙。
工房に持って行こう！",,1,yes,
"ポーイスク・パミャチの
生産方法が記された紙。
工房に持って行こう！",,1,yes,
"ポーイスク・チェスチの
生産方法が記された紙。
工房に持って行こう！",,1,yes,
"ポーイスク・スラヴァの
生産方法が記された紙。
工房に持って行こう！",,1,yes,
"ポーイスク・ウーズィの
生産方法が記された紙。
工房に持って行こう！",,1,yes,
"ローレライ・リーベの
生産方法が記された紙。
工房に持って行こう！",,1,yes,
"マンサナの
生産方法が記された紙。
工房に持って行こう！",,1,yes,
"ファータ・マジーアの
生産方法が記された紙。
工房に持って行こう！",,1,yes,
"フルールの
生産方法が記された紙。
工房に持って行こう！",,1,yes,
"気品に満ちた炎妃龍の鱗。
燦然たるその輝きは炎妃龍の
気高き姿を思い起こさせる。",,1,,
"炎妃龍を守る外殻。
その蒼さは灼熱の砂漠でも
涼しさを感じさせる。",,1,,
"炎妃龍の稀少な翼。
煌めく粉塵が付着し、
より一層高貴さを増している。",,1,,
"崇高なる炎妃龍のたてがみ。
その気高さに圧倒された者は
思わず跪くという。",,1,,
"古龍種が極稀に持っている石。
幻想的な輝きを放っている。
{c05}(精算アイテム)",,1,yes,
"炎妃龍の美しい牙。
これを火打石のように使い、
粉塵爆発を起こす。",,1,,
"炎妃龍の中でも特に
美しい個体が持つ牙。
夜になると妖しく煌めく。",,1,,
"特に強力な炎妃龍の牙。
砂漠に秘めるその牙はまるで
宝石のような光沢を放つ。",,1,,
"異彩を放つ晶竜の鱗。
武具・防具・装飾品と様々な
用途で重宝される。",,1,,
"異彩を放つ晶竜の皮。
武具・防具・装飾品と様々な
用途で重宝される。",,1,,
"晶竜から取れる希少な鉱物。
中に含んだ不純物によって
様々な種類に変化する。",,1,,
"晶竜から極稀に取れる水晶。
紫色と群青色の二色が珠玉の
美しさを織り成している。",,1,,
"縞模様の綺麗な鉱物の変種。
素材自体珍しいが、その中に
も様々な縞模様が存在する。",,1,,
"晶竜から得られる鉱物の中
でも特に透明度の高い物。
光を当てると虹色に輝く。",,1,,
"両端が尖った珍しい水晶。
一度成長した水晶が突然変異
を起こした物で、大変貴重。",,1,,
"通常の個体の素材よりも
硬度と耐久力ともに優れた
蒼火竜の甲殻。",,1,,
"通常の個体の素材よりも
硬度と耐久力ともに優れた
蒼火竜の鱗。",,1,,
"蒼火竜の体内の最奥にあり
剥ぎ取ることが困難とされ
ている髄。",,1,,
"蒼火竜の体内で長い年月を
掛けて生成された、鮮血の
様な真紅の珠。",,1,,
"特に強力な蒼火竜の鱗。
蒼天を翔るその鱗は、
栄光ある輝きを放っている。",,1,,
"桜火竜の立派な甲殻。
無数の傷跡から、幾多の戦いを
潜り抜けてきたことがわかる。",,1,,
"桜火竜の立派な鱗。
無数の傷跡から、幾多の戦いを
潜り抜けてきたことがわかる。",,1,,
"桜火竜の背中と尻尾に
生えている太い棘。
強い毒性を帯びている。",,1,,
"桜色に煌めく桜火竜の逆鱗。
見る者を魅了するほどに
優雅な雰囲気を漂わせている。",,1,,
"特に強力な桜火竜の甲殻。
普段の凶暴な姿からは想像も
つかない儚さを秘めている。",,1,,
"リースティの
生産方法が記された紙。
工房に持って行こう！",,1,yes,
"デルスールの
生産方法が記された紙。
工房に持って行こう！",,1,yes,
"トリヘスの
生産方法が記された紙。
工房に持って行こう！",,1,yes,
"ルクスの
生産方法が記された紙。
工房に持って行こう！",,1,yes,
"ズュートの
生産方法が記された紙。
工房に持って行こう！",,1,yes,
"密封された容器に入った
回復薬。長旅にも安心。
{c05}（狩煉道専用アイテム）",,1,yes,
"密封された容器に入った回復
薬グレート。長旅にも安心。
{c05}（狩煉道専用アイテム）",,1,yes,
"密封された容器に入った秘薬。
長旅にも安心。
{c05}（狩煉道専用アイテム）",,1,yes,
"生命の粉塵に防湿処理を加え
たもの。持ち運びに便利。
{c05}（狩煉道専用アイテム）",,1,yes,
"こんがりと焼いた肉を干物に
したもの。おいしさそのまま。
{c05}（狩煉道専用アイテム）",,1,yes,
"最高にこんがりと焼けた肉の
干物。おいしさそのまま。
{c05}（狩煉道専用アイテム）",,1,yes,
"密封された容器に入った
解毒薬。長旅にも安心。
{c05}（狩煉道専用アイテム）",,1,yes,
"解毒薬が効かない強力な毒
のみを中和できる薬。
{c05}（狩煉道専用アイテム）",,1,yes,
"輸送中割れないよう硬い造り
の消臭玉。投げる時は全力で。
{c05}（狩煉道専用アイテム）",,1,yes,
"密封された容器に入った
活力剤。長旅にも安心。
{c05}（狩煉道専用アイテム）",,1,yes,
"密封された容器に入った活力
剤グレート。長旅にも安心。
{c05}（狩煉道専用アイテム）",,1,yes,
"瞬歩の実を塩と特別な葉で
漬けたもの。とても酸っぱい。
{c05}（狩煉道専用アイテム）",,1,yes,
"忍耐の丸薬に防湿処理を加え
たもの。持ち運びに便利。
{c05}（狩煉道専用アイテム）",,1,yes,
"密封された容器に入った
強走薬。長旅にも安心。
{c05}（狩煉道専用アイテム）",,1,yes,
"密封された容器に入った強走
薬グレート。長旅にも安心。
{c05}（狩煉道専用アイテム）",,1,yes,
"小タル爆弾に防湿処理を
加えたもの。持ち運びに便利。
{c05}（狩煉道専用アイテム）",,1,yes,
"投げタル爆弾に防湿処理を
加えたもの。持ち運びに便利。
{c05}（狩煉道専用アイテム）",,1,yes,
"持ち運びに便利なミニサイズ
の角笛。音量はビッグサイズ。
{c05}（狩煉道専用アイテム）",,1,yes,
"持ち運びに便利な小型の砥石。
小さくても効果は十分。
{c05}（狩煉道専用アイテム）",,1,yes,
"持ち運びに便利な小型の高速
砥石。小さくても効果は十分。
{c05}（狩煉道専用アイテム）",,1,yes,
"輸送途中で漏れないよう容器
が厳重に密閉された強撃ビン。
{c05}（狩煉道専用アイテム）",,1,yes,
"輸送途中で漏れないよう容器
が厳重に密閉された毒ビン。
{c05}（狩煉道専用アイテム）",,1,yes,
"火薬が湿らないよう処理を施
した火炎弾。長期保存が可能。
{c05}（狩煉道専用アイテム）",,1,yes,
"火薬が湿らないよう処理を施
した水冷弾。長期保存が可能。
{c05}（狩煉道専用アイテム）",,1,yes,
"火薬が湿らないよう処理を施
した電撃弾。長期保存が可能。
{c05}（狩煉道専用アイテム）",,1,yes,
"火薬が湿らないよう処理を施
した氷結弾。長期保存が可能。
{c05}（狩煉道専用アイテム）",,1,yes,
"火薬が湿らないよう処理を施
した滅龍弾。長期保存が可能。
{c05}（狩煉道専用アイテム）",,1,yes,
"持ち運びに便利な小型の爆撃
剣晶。小さくても効果は十分。
{c05}（狩煉道専用アイテム）",,1,yes,
"持ち運びに便利な小型の猛毒
剣晶。小さくても効果は十分。
{c05}（狩煉道専用アイテム）",,1,yes,
"持ち運びに便利な小型の火炎
剣晶。小さくても効果は十分。
{c05}（狩煉道専用アイテム）",,1,yes,
"持ち運びに便利な小型の水激
剣晶。小さくても効果は十分。
{c05}（狩煉道専用アイテム）",,1,yes,
"持ち運びに便利な小型の雷神
剣晶。小さくても効果は十分。
{c05}（狩煉道専用アイテム）",,1,yes,
"持ち運びに便利な小型の氷結
剣晶。小さくても効果は十分。
{c05}（狩煉道専用アイテム）",,1,yes,
"持ち運びに便利な小型の龍王
剣晶。小さくても効果は十分。
{c05}（狩煉道専用アイテム）",,1,yes,
"天廊内部で発見された石。
光に当てるととても綺麗。
好事家に高く売れそうだ。",,1,,
"天廊内部で発見された石。
向こう側が透けて見える。
好事家に高く売れそうだ。",,1,,
"天廊内部で発見された石。
見た目の割に軽く、柔らかい。
好事家に高く売れそうだ。",,1,,
"メゼポルタの技術では再現不
能なほど精密に作られた歯車。
売れば買い手はつきそうだ。",,1,yes,
"再現不能なほど正確な真円と
直線で作られた謎の金属の筒。
売れば買い手はつきそうだ。",,1,,
"再現不能なほどの完璧な球状
を体現した大きな金属の玉。
売れば買い手はつきそうだ。",,1,,
"鱗と思われるものの化石。何
のモンスターのものかは不明。
{c05}（精算アイテム）",,1,yes,
"爪と思われるものの化石。何
のモンスターのものかは不明。
{c05}（精算アイテム）",,1,yes,
"牙と思われるものの化石。何
のモンスターのものかは不明。
{c05}（精算アイテム）",,1,yes,
"翼と思われるものの化石。何
のモンスターのものかは不明。
{c05}（精算アイテム）",,1,yes,
"頭と思われるものの化石。何
のモンスターのものかは不明。
{c05}（精算アイテム）",,1,yes,
"梅のマークが描かれた箱。
中には武具の強化に必要な
素材が入っている。",,1,yes,
"菊のマークが描かれた箱。
中には武具の強化に必要な
素材が入っている。",,1,yes,
"桜のマークが描かれた箱。
中には武具の強化に必要な
素材が入っている。",,1,yes,
"憎しみや絶望、あらゆる負の
感情が込められたもの。異界
の魔女たちが生み出す。",,1,,
"まどか☆マギカシリーズの
生産方法が記された紙。
工房に持って行こう！",,1,yes,
"異界の契約者と契約する
ことで生み出される、
魂に等しい宝石。",,1,,
"穢れを纏ってしまった
ソウルジェム。穢れが
満ちると…。",,1,yes,
"甘い香りが漂う香木。
メゼポルタ広場でも
人気急上昇中の一品。",,1,yes,
"厳選された地域でのみ育つ
特殊な作物から放たれた
白い粉。きらきらとしている。",,1,,
"昔ながらの技法で作られた
趣ある器。なにを入れても
美味しくいただけるという噂。",,1,,
"かつて巨大な龍をも
たった一人で打ち負かした
との逸話が残る狩人の兜。",,1,,
"風変りな穿龍棍を生み出すの
に必要な素材。その武器の形
状には度肝を抜かれるとか。",,1,,
"特殊な穿龍棍の生産に用いる
大樽。その頑強な武器には
言葉が出なくなるという。",,1,,
"特殊な穿龍棍の生産に用いる
大樽。その頑凶な武器には
言葉が出なくなるという。",,1,,
"滑らかな肌触りと
澄んだ色合いが美しい、
変わった形をした天然石。",,1,,
"何物にも代え難い透明感を
備えるが、普段なかなか
お目にかかれない天然石。",,1,,
"散ってもなお瑞々しさを
残すという、生命力に
満ち溢れた花弁。",,1,,
"身に付ける者は、それなりの
風格を求められるという、ど
ことなく威厳をまとった布地。",,1,,
"北方の地に住まう職人
のみが保有する技術で
作られた黄金色の糸。",,1,,
"トゥールムシリーズの
生産方法が記された紙。
工房に持って行こう！",,1,yes,
"巨体を支えられるほど頑丈な
爪。武具工房に持っていくと、
何かに加工してもらえるかも。",,1,,
"ベンディシリーズの
生産方法が記された紙。
工房に持って行こう！",,1,yes,
"ルヴナンシリーズの
生産方法が記された紙。
工房に持って行こう！",,1,yes,
"金の装飾が施された欠片。
月夜に照らすとキラキラと
輝きを放つ。",,1,yes,
"空から降ってきたと言われる
光の反射が著しく弱い石。
かろうじて桜色に見える。",,1,,
"狩人スキルが
アップする装飾品。",,1,yes,
"ブリーダースキルが
アップする装飾品。",,1,yes,
"救援スキルが
アップする装飾品。",,1,yes,
"耐酔スキルが
アップする装飾品。",,1,yes,
"結晶耐性スキルが
アップする装飾品。",,1,yes,
"磁力耐性スキルが
アップする装飾品。",,1,yes,
"警戒スキルが
アップする装飾品。",,1,yes,
"バンデネコソードの
生産方法が記された紙。
工房に持って行こう！",,1,yes,
"ネコの花団子の
生産方法が記された紙。
工房に持って行こう！",,1,yes,
"花びらは銅色、実は鉄の
ような鈍い銀色をした
珍しい色合いをした花。",,1,,
"透明のきれいな結晶。
いろいろな装飾品の
加工に使用されている。",,1,,
"藍色のきれいな結晶。
いろいろな装飾品の
加工に使用されている。",,1,,
"折れてから長い年月が
経っているのか、
風化し始めている枝。",,1,,
"焚火に使用したのか、
炭化してしまっている枝。",,1,,
"隕鉄のような硬さを持つ草。
きれいな翠色をしている。",,1,,
"牙獣種の毛を加工した
もこもこする毛糸。
触り心地がすばらしい。",,1,,
"牙獣種の毛を加工した
もふもふした毛糸。
触り心地に癒される。",,1,,
"武器に火属性を付与、又は
火炎弾を装填可能にする印。
{c05}（天廊武器専用）",,1,,
"武器に水属性を付与、又は
水冷弾を装填可能にする印。
{c05}（天廊武器専用）",,1,,
"武器に雷属性を付与、又は
電撃弾を装填可能にする印。
{c05}（天廊武器専用）",,1,,
"武器に龍属性を付与、又は
滅龍弾を装填可能にする印。
{c05}（天廊武器専用）",,1,,
"武器に氷属性を付与、又は
氷結弾を装填可能にする印。
{c05}（天廊武器専用）",,1,,
"麻痺属性を付与又は麻痺弾の
装填、麻痺ビンを強化する印。
{c05}（天廊武器専用）",,1,yes,
"睡眠属性を付与又は睡眠弾の
装填、睡眠ビンを強化する印。
{c05}（天廊武器専用）",,1,yes,
"毒属性を付与又は毒弾の装填、
毒ビンを強化する印。
{c05}（天廊武器専用）",,1,yes,
"天廊武器に会心性能を
付与する印。
{c05}（天廊武器専用）",,1,,
"ライトボウガンにLV2通常弾
速射を付与する印。
{c05}（天廊武器専用）",,1,yes,
"ライトボウガンにLV1貫通弾
速射を付与する印。
{c05}（天廊武器専用）",,1,yes,
"ライトボウガンにLV1散弾
速射を付与する印。
{c05}（天廊武器専用）",,1,yes,
"ライトボウガンにLV1徹甲榴
弾速射を付与する印。
{c05}（天廊武器専用）",,1,yes,
"ライトボウガンに
火炎弾速射を付与する印。
{c05}（天廊武器専用）",,1,yes,
"ライトボウガンに
水冷弾速射を付与する印。
{c05}（天廊武器専用）",,1,yes,
"ライトボウガンに
電撃弾速射を付与する印。
{c05}（天廊武器専用）",,1,yes,
"ライトボウガンに
氷結弾速射を付与する印。
{c05}（天廊武器専用）",,1,yes,
"ライトボウガンにLV2通常弾
超速射を付与する印。
{c05}（天廊武器専用）",,1,yes,
"ライトボウガンにLV1貫通弾
超速射を付与する印。
{c05}（天廊武器専用）",,1,yes,
"ライトボウガンにLV1散弾
超速射を付与する印。
{c05}（天廊武器専用）",,1,yes,
"ライトボウガンにLV1徹甲榴
弾超速射を付与する印。
{c05}（天廊武器専用）",,1,yes,
"ライトボウガンに火炎弾
超速射を付与する印。
{c05}（天廊武器専用）",,1,yes,
"ライトボウガンに水冷弾
超速射を付与する印。
{c05}（天廊武器専用）",,1,yes,
"ライトボウガンに電撃弾
超速射を付与する印。
{c05}（天廊武器専用）",,1,yes,
"ライトボウガンに氷結弾
超速射を付与する印。
{c05}（天廊武器専用）",,1,yes,
"レジェンドラスタ、
チルカの仕草が追加される。
<act27>で使用可能。",,1,yes,
"レジェンドラスタ、
エドワードの仕草が追加され
る。<act28>で使用可能。",,1,yes,
"棘茶竜の持つ棘の中で最も
美しい色、形をした棘。
{c05}（精算アイテム）",,1,yes,
"おためし小判Ｇと同等の
価値があった過去の通貨。
現在は売却以外の用途が無い。",,1,,
"天廊武器の強化に使用できる
宝玉。攻撃力系統を強化
することができる。",,1,,
"天廊武器の強化に使用できる
宝玉。属性系統を強化する
ことができる。",,1,,
"天廊武器の強化に使用できる
宝玉。剣士とガンナーで
強化できる内容が異なる。",,1,yes,
"天廊武器のタイプを変更
できる素材。脈を打つように
うねる。",,1,yes,
"天封印を生産できる砕金。
非常に希少性が高く、
貴重なもの。",,1,,
"古代人の手によって記された
とある技法の解説書。一定数
集めるとTSPに変換可能。",,1,,
"天廊石を分離させる際に
用いられる不思議な素材。
扱うには相当の技術が必要。",,1,,
"ギルドに貢献したハンターに
授与される、小さなメダル。
貯めるとアイテムと交換可能。",,1,yes,
"パートナーに愛称をつけら
れるチケット。ラスタ
酒場に持っていこう！",,1,yes,
"パートナーの性格を叩き直す
特別なハリセン。ラスタ
酒場に持っていこう！",,1,yes,
"メゼポルタではあまり見る事
ができない、珍しい紫の原鉱。
武器の材料として使える。",,1,yes,
"レジェンドラスタ、
フラウの仕草が追加される。
<act25>で使用可能。",,1,yes,
"レジェンドラスタ、
ギネルの仕草が追加される。
<act26>で使用可能。",,1,yes,
"カルディアの
生産方法が記された紙。
工房に持って行こう！",,1,yes,
"ムニミィの
生産方法が記された紙。
工房に持って行こう！",,1,yes,
"メガロマメロディの
生産方法が記された紙。
工房に持って行こう！",,1,yes,
"メガロマハーモニーの
生産方法が記された紙。
工房に持って行こう！",,1,yes,
"剥ぎ取ってもなお高熱を放つ
炎角竜の甲殻。その熱さゆえ
に工房の金槌が変形したとか。",,1,,
"炎角竜の頑丈な牙。
鋭く重量感のあるこの牙は
ほのかに熱を帯びている。",,1,,
"炎角竜の身体に流れる血液。
地面に垂らすと、わずかだが
煙が発生する。",,1,,
"炎角竜の体内で生成される
美しい玉石。衝撃を与えると
爆発する危険性がある。",,1,,
"特徴的な見た目をした炎角竜
の尻尾。どういう仕組みで
火が出ているかは不明。",,1,,
"逞しく発達した炎角竜の角。
より固い地面を掘るために
この形になったと推測される。",,1,,
"炎角竜の甲殻の中でも、より
上質で高温、硬質なもの。
冷やさなければ加工は不可能。",,1,,
"鋭さと太さが増した炎角竜の
牙。素手で触れないほど熱い
ため、冷ましてから加工する。",,1,,
"より上質な炎角竜の血液。
通常のものより高温で
外気に触れると発火する。",,1,,
"朱玉の中でもさらに大きく
上質なもの。ただしその分
爆発の危険性も増している。",,1,,
"炎角竜の尻尾がさらに大きく
発達したもの。内部では燃え
やすい気体が生成されていた。",,1,,
"炎角竜の角を根元から剥ぎ
取ることに成功した。加工
するより、飾っておきたい。",,1,,
シャクネツサボテン,,1,yes,
"壮年期のゴゴモアの毛。
鮮烈な緋色は潮島の木々に
彩りを与えている。",,1,yes,
"壮年期のゴゴモアの爪。
強固に発達したその爪で
今日も背中の子を守る。",,1,yes,
"敵を穿つ歴戦の牙。幾千もの
戦闘を重ねる中で強靭な牙へ
と生え変わった。",,1,,
"並外れて強いゴゴモアの角。
壮年の個体にのみ見られる
険しい螺旋を描いている。",,1,yes,
"絨毯のような肌触りの尾。柔
軟な尾は需要が高く、良質な
武器の加工に用いられる。",,1,,
"大切に守られたココモアの
毛。良質な防具の、特に繊細
な部分の加工に用いられる。",,1,yes,
"鬱蒼とした潮島の奥地で変異
した個体の毛。猩血の赤色が
大自然の壮美を思わせる。",,1,,
"禍々しい漆黒の金属。叩くと
嘆き声のような高音が響く。
モンスター素材と結合し易い。",,1,yes,
"身に着ける者に、優雅で
清廉な印象を与える白布。
しっとりとした手触り。",,1,,
"きらきらとした輝きが
散りばめられた、豪奢な
天然石。",,1,,
"マイトレポイント３Ｐが
もらえる特別な交換券。
（ポーチから消費されます）",,1,yes,
"マイトレポイント５Ｐが
もらえる特別な交換券。
（ポーチから消費されます）",,1,yes,
"ひと口でホルクの属性を変化
させるダンゴ。
淡泊で上品な味わいが特徴的。",,1,yes,
"ひと口でホルクの属性を変化
させるダンゴ。
火を吹くような辛さが特徴的。",,1,yes,
"ひと口でホルクの属性を変化
させるダンゴ。
瑞々しい酸味が特徴的。",,1,yes,
"ひと口でホルクの属性を変化
させるダンゴ。
痺れるような辛さが特徴的。",,1,yes,
"ひと口でホルクの属性を変化
させるダンゴ。
コクのある味わいが特徴的。",,1,yes,
"ひと口でホルクの属性を変化
させるダンゴ。
スーッとする清涼感が特徴的。",,1,yes,
"レジェンドラスタ、
ナターシャの仕草が追加され
る。<act29>で使用可能。",,1,yes,
"レジェンドラスタ、
タイゾウの仕草が追加される。
<act30>で使用可能。",,1,yes,
"破滅をもたらす覇竜の鱗。
その一枚一枚が規格外の
堅さと大きさを誇る。",,1,,
"破滅をもたらす覇竜の甲殻。
溶岩をもその身に同化させ、
際限無く力を増幅させる。",,1,,
"破滅をもたらす覇竜の髄。
強靭な造りで一つ一つの
部位を繋ぎ止めている。",,1,,
"破滅をもたらす覇竜の爪。
その爪は大地を抉り、
あらゆる生命を終わらせる。",,1,,
"特殊な覇竜を覆う棘。一度そ
の巨躯を震わせれば、大地は
鳴動し、マグマが噴き上る。",,1,yes,
"蒼眠鳥の毛。この素材の防具
を身に付け異性にアピールす
るハンターが後を絶たない。",,1,yes,
"蒼眠鳥の爪。少し赤味がかっ
ており、通常の爪とはまた
違った趣向に用いられる。",,1,,
"蒼眠鳥の嘴。ただでさえ攻撃
的になっている繁殖期では、
大変危険な凶器と化す。",,1,,
"幻想的なプリズムを象った胃
石。異性への贈り物としては
比類なき極上の一品。",,1,yes,
"特殊な眠鳥、しかも繁殖期に
のみ生える毛。その稀少さ故
に、触れただけで心が躍る。",,1,,
"優秀な狩人にギルドから贈ら
れる水晶。強力なモンスター
の珍しい素材などに反応する。",,1,yes,
"特殊なドスゲネポスの鱗。淡
く光るような色合いが特徴。
明るい色の家具に使われる。",,1,yes,
"最上とされるドスゲネポスの
皮。しなやかさがウリで、様
々な加工製品に用いられる。",,1,yes,
"凶暴なドスゲネポスから剥ぎ
取れる長爪。麻痺した相手を
この爪で存分にいたぶる。",,1,yes,
"ドスゲネポスの内臓器官。
強力無比な麻痺液が貯えら
れている。",,1,yes,
"翠水竜の強固な牙。かなり鋭
いため、一度喰らいつけば容
易く獲物の肉を噛み切る。",,1,,
"翠水竜の鋭いヒレ。
様々な成分を透過させるが、
それ故に毒も染み込みやすい。",,1,yes,
"餌となったキングロブスター
の鋏。特殊な個体だったため
か、大きく湾曲している。",,1,yes,
"翠水竜の翼膜。この素材で作
られた装備は雨中でも燦々と
煌めき、水捌けも抜群。",,1,,
"翠水竜の極上のヒレ。
特殊な形状のためか、光を
乱反射させる性質がある。",,1,yes,
"翠水竜の危険なヒレ。
聞きしに勝る美しさだが、
迂闊に触ると怪我をする。",,1,yes,
"翠水竜の特殊なヒレ。付着し
た水が時間経過で失われるこ
とはなく常に煌めいている。",,1,yes,
"翠水竜の体内で生成される七
色の玉。水に入れると色とり
どりの泡が噴き出るという。",,1,,
"レジェンドラスタ、
フローラの仕草が追加される。
<act31>で使用可能。",,1,yes,
"レジェンドラスタ、
キースの仕草が追加される。
<act32>で使用可能。",,1,yes,
"レジェンドラスタ、
ユウェルの仕草が追加される。
<act33>で使用可能。",,1,yes,
"強力なモンスターの宝玉が結
晶化したもの。周囲の空気を
振動させるほどの凄まじさ。",,1,yes,
"狩人祭参加者の様々な思いが
詰まった証。それは永久に記
憶され、新たな歴史を形作る。",,1,,
"蜃気楼のただ中で採れるとい
う幻の砂。特殊な素材の研磨
材として用いられる。",,1,,
"古代のものと思われる金属。
極めて硬度が高く、かつ永遠
に劣化することがない。",,1,,
"アゾット剣貤の
生産方法が記された紙。
工房に持って行こう！",,1,yes,
"アゾット剣【青】貤の
生産方法が記された紙。
工房に持って行こう！",,1,yes,
"ゲイ・ボルク貤の
生産方法が記された紙。
工房に持って行こう！",,1,yes,
"ゲイ・ボルク【黒】貤の
生産方法が記された紙。
工房に持って行こう！",,1,yes,
"マリネロの
生産方法が記された紙。
工房に持って行こう！",,1,yes,
"マテロトの
生産方法が記された紙。
工房に持って行こう！",,1,yes,
"マール・シェルの
生産方法が記された紙。
工房に持って行こう！",,1,yes,
"タラサ・シェルの
生産方法が記された紙。
工房に持って行こう！",,1,yes,
"ルヴィニの
生産方法が記された紙。
工房に持って行こう！",,1,yes,
"ディアマンディの
生産方法が記された紙。
工房に持って行こう！",,1,yes,
"ヴィリロスの
生産方法が記された紙。
工房に持って行こう！",,1,yes,
"ヴィリロス・ブリリオの
生産方法が記された紙。
工房に持って行こう！",,1,yes,
"ヴィリロス・リントの
生産方法が記された紙。
工房に持って行こう！",,1,yes,
"ヴィリロス・ランツの
生産方法が記された紙。
工房に持って行こう！",,1,yes,
"トゥパースの
生産方法が記された紙。
工房に持って行こう！",,1,yes,
"ザフィーアの
生産方法が記された紙。
工房に持って行こう！",,1,yes,
"オニチェの
生産方法が記された紙。
工房に持って行こう！",,1,yes,
"オニチェ・ブリリオの
生産方法が記された紙。
工房に持って行こう！",,1,yes,
"オニチェ・リントの
生産方法が記された紙。
工房に持って行こう！",,1,yes,
"オニチェ・ランツの
生産方法が記された紙。
工房に持って行こう！",,1,yes,
"マナイトの
生産方法が記された紙。
工房に持って行こう！",,1,yes,
"スピルネの
生産方法が記された紙。
工房に持って行こう！",,1,yes,
"太古より存在するモンスター
からのみ取れる宝玉。
生命の始まりを感じさせる。",,1,yes,
"苔に覆われた水砦竜の甲殻。
水を全身に運ぶための細い管
が四方に伸びている。",,1,,
"湿り気を帯びた水砦竜の皮。
高い保水性と強度を
兼ね備えている。",,1,,
"水砦竜の身体に生えている苔。
きれいな水辺にしか生えない
と言われている。",,1,,
"きれいな水が溜められた
水砦竜の袋。中の水は
そのまま飲むことができる。",,1,,
"毛細管が張り巡らされた
水砦竜の翼膜。その表面は
ひんやりとしている。",,1,,
"特異な形をした水砦竜の尻尾。
中央の大きな突起から大量の
水を噴出させて推進力を得る。",,1,,
"とても弾力のある水砦竜の管。
この管を通って全身に水が
送られる仕組みらしい。",,1,,
"水砦竜の甲殻の中でも特に
立派に成長したもの。細かい
管が張り巡らされている。",,1,,
"厚く逞しく成長した水砦竜の
皮。保水性に優れており
絞ると水が溢れ出てくる。",,1,,
"水辺にも生えることはない
稀少性の高い苔。水砦竜の
体表でしか成長しない。",,1,,
"水砦竜の体内にある、水を
浄化する袋。浄水の仕組みは
解明されていない。",,1,,
"毛細管が張り巡らされた
水砦竜の翼。水を多く
含むため、かなり重たい。",,1,,
"大量の苔に覆われた水砦竜の
尻尾。加工する際は丁寧に
苔を取り除く必要がある。",,1,,
"高い柔軟性を持つ水砦竜の管。
放水時の水圧を調整する際に
伸縮する仕組みになっている。",,1,,
"シュヴァリエの
生産方法が記された紙。
工房に持って行こう！",,1,yes,
"ルイーツァリの
生産方法が記された紙。
工房に持って行こう！",,1,yes,
"レイアルマの
生産方法が記された紙。
工房に持って行こう！",,1,yes,
"カンピオーネの
生産方法が記された紙。
工房に持って行こう！",,1,yes,
"ヴィンチトーレの
生産方法が記された紙。
工房に持って行こう！",,1,yes,
"ウィクトルの
生産方法が記された紙。
工房に持って行こう！",,1,yes,
"司銀龍の鱗。全身を覆う金属
ほど頑丈ではないが、傷の付
きにくさでは随一を誇る。",,1,,
"司銀龍の甲殻。普段は金属に
守られているため、目にする
ことはあまりない。",,1,,
"司銀龍の黒色の爪。鋼のよう
な硬度を持ち、それ自体が加
工の道具になることもある。",,1,,
"翼膜のない珍しい形をした
翼。非常に鋭利なため、触れ
る際は細心の注意が必要。",,1,,
"司銀龍の気高さを象徴した角。
金属で覆われないため、形
質は司銀龍本体に最も近い。",,1,,
"司銀龍の体内で生成される
玉。表面がまるで波打って
いるかのように見える。",,1,,
"金属を操る姿からは想像が
付かないほどにしなやかな
司銀龍の尾。",,1,,
"鋭さを増した鱗。まとってい
る金属が剥がされた時に、
本体を守る最後の砦となる。",,1,,
"精美な黒色の甲殻。金属をま
とっている姿からは想像も
つかない色合いをしている。",,1,,
"幾多のハンターを切り裂いて
きた鋭い爪。刃状に変形させ
て攻撃することも可能。",,1,yes,
"風を切るその音は流麗にして
鋭気。敵を斬るその様は
峻烈にして鋭利。",,1,,
"怜悧な雰囲気を漂わせる角。
洗練されたその形状は、高い
知性の表れである。",,1,,
"司銀龍の体内で生成される稀
少な玉。表面が激しく波打っ
ており、熱を帯びている。",,1,,
"より危険度の増した司銀龍の
尾。側面には棘があり、素手
で触ると出血は免れない。",,1,,
"流体金属を操るという超常的
な力の源。周囲の物質を集約
し、流体金属を生成する。",,1,,
"愛し合う二人が手にすれば
永遠の幸せが訪れると言わ
れている純白の花片。",,1,,
"夜空に住むと伝承される人物が
布を織るときに使用する糸。
幸せを招くとの逸話も。",,1,,
"青い花模様があしらわれた
ハチマキ。仄かに火薬の
匂いが香る。",,1,yes,
"眩しいほどの光を輝く金属片。
萎れた花を元気にする効果も
あるとか。",,1,,
"触れれば痛いほどに凍えた
金属片。その寒さは辺りの
草花を凍らせるほど。",,1,,
"ウルキーが作った特別な
花かご。希望の光と力が
満ち溢れている。",,1,yes,
"野ざらしになっていた白骨。
何の骨かも不明で、加工職人
が姿を消したという噂も…。",,1,,
"ある音を出すための楽譜。
音を視ることができる者曰く、
その音色は白色らしい。",,1,,
"微かに帯電している謎の棒。
獣人族が丁重に祀っていたが、
どう見てもただのガラクタ。",,1,yes,
"硬度の非常に高い漆黒の石。
熟練の職人でないと、加工が
困難なため、流通量は少ない。",,1,,
"高地で発見された、毒々しい
色をした液体。危険な物なの
で、取り扱いには注意が必要。",,1,,
"並みの鉱石は瞬時に溶解する
という灼熱の炎を生み出す箱。
秘密の燃料が詰められている。",,1,,
"金属の質感に魅せられた少年
が追い求め続けた理想の金属。
硬さと脆さを併せ持っている。",,1,,
"遠い海から流れてきた
軟体動物の吸盤。光を
帯びているため目立つ。",,1,,
"リネージ貤の
生産方法が記された紙。
工房に持って行こう！",,1,yes,
"レジーナ貤の
生産方法が記された紙。
工房に持って行こう！",,1,yes,
"プランス貤の
生産方法が記された紙。
工房に持って行こう！",,1,yes,
"ソヴリン貤の
生産方法が記された紙。
工房に持って行こう！",,1,yes,
"レガーリア貤の
生産方法が記された紙。
工房に持って行こう！",,1,yes,
"ノーブレス貤の
生産方法が記された紙。
工房に持って行こう！",,1,yes,
"ヴァリアンテンペストの
生産方法が記された紙。
工房に持って行こう！",,1,yes,
"エッセンスシュワルベの
生産方法が記された紙。
工房に持って行こう！",,1,yes,
"古の狩猟技術について記され
た書物の一部。秘儀について
学ぶことができる。効果：小",,1,,
"古の狩猟技術について記され
た書物の一部。秘儀について
学ぶことができる。効果：中",,1,,
"古の狩猟技術について記され
た書物の一部。秘儀について
学ぶことができる。効果：大",,1,,
"古の狩猟技術について書かれ
た本の切れ端。超越について
学ぶことができる。効果：小",,1,,
"古の狩猟技術について書かれ
た本の切れ端。超越について
学ぶことができる。効果：中",,1,,
"古の狩猟技術について書かれ
た本の切れ端。超越について
学ぶことができる。効果：大",,1,,
"素肌に触れると激しい痛みを
覚えるという鉄粉。高熱で加
工すれば無害な金属となる。",,1,,
"目にした者に、圧倒的な
存在感を焼きつけるという
鮮烈な印象をまとった布。",,1,,
"どれだけの時が過ぎたのかも
定かではない、遠い昔から
砂中に埋もれていた貝殻。",,1,,
"小さな命に宿った尊い心。
仲間を守ろうとするキモチが
昇華し、黄金色に輝くという。",,1,yes,
"流麗な形状をした硬い金属片。
武具工房へ持っていくと、
何かに加工してもらえるかも。",,1,,
"レグヌムネコソードの
生産方法が記された紙。
工房に持って行こう！",,1,yes,
"複雑に絡まった鎖。
武具の装飾品として
使えるかも…？",,1,,
"サビだらけの
小さなフォーク。
持ち主は不明。",,1,yes,
"ぐにゃりと大きく
曲がったフォーク。
持ち主は不明。",,1,yes,
"星の形をした藍色の石。
月が出るとまるで花が
咲いたように淡く発光する。",,1,,
"なにかに噛まれたのか、歯型
のついた鉄。獣人族の
歯形にも見える。",,1,,
"タル爆弾を作る際に
使用すると思われる導火線。
取り扱いに注意。",,1,yes,
"寒い時期のみ採取できる、
小さなキノコ。周囲の温度
によって微妙に色が変化する。",,1,yes,
"暖かい時期のみ採取できる、
小さなキノコ。周囲の温度
によって微妙に色が変化する。",,1,yes,
"投影ネコ打撃弓の
生産方法が記された紙。
工房に持って行こう！",,1,yes,
"約束されたネコの剣の
生産方法が記された紙。
工房に持って行こう！",,1,yes,
"仄かに潮の香りが漂う
汚れた布地。じんわりと
湿り気がある。",,1,,
"何かのはずみで歪み、
捨てられてしまった
ナイフ。",,1,yes,
"夕焼けのようなオレンジ色の
小さな羽。きれいな夕焼けの
日に良く落ちているという。",,1,yes,
"夜更けのような暗い色の
小さな羽。きれいな満月の
日に良く落ちているという。",,1,,
"星の形をした石。光りの
加減によって、仄暗く
発光する。",,1,,
"ゴツゴツとした手触りの
大きな石。",,1,yes,
"どこかのハンターによって
使われたタル爆弾。
何かに利用できそう。",,1,yes,
"使い古されて年季の入った
木製のボタン。手入れを
すれば十分に使えそう。",,1,yes,
"小さな傷がたくさんついた
木製のボタン。白色の糸が
付いたままの状態。",,1,yes,
"赤原礼装ネコヘルムの
生産方法が記された紙。
工房に持って行こう！",,1,yes,
"騎士王ネコヘルムの
生産方法が記された紙。
工房に持って行こう！",,1,yes,
"赤原礼装ネコメイルの
生産方法が記された紙。
工房に持って行こう！",,1,yes,
"騎士王ネコメイルの
生産方法が記された紙。
工房に持って行こう！",,1,yes,
"ＵＢＷシリーズの
生産方法が記された紙。
工房に持っていこう！",,1,yes,
"ブロンテシリーズの
生産方法が記された紙。
工房に持って行こう！",,1,yes,
"ソレーネシリーズの
生産方法が記された紙。
工房に持って行こう！",,1,yes,
"ラピヌシリーズの
生産方法が記された紙。
工房に持って行こう！",,1,yes,
"歌姫狩衛戦で獲得できる
貴重な箱。中には武具の強化
に必要な素材が入っている。",,1,,
"歌姫狩衛戦で獲得できる
貴重な宝。メゼポルタ広場に
収集家がいるらしい。",,1,yes,
"仄かに陽の香りが漂う色あせ
た布地。断熱効果にも優れた
きめ細かな素材でできている。",,1,,
"トロピオシリーズの
生産方法が記された紙。
工房に持って行こう！",,1,yes,
"【始種効果】特定条件下で
斬れ味ゲージが上昇する印。
{c05}（天廊防具専用）",,1,yes,
"【始種効果】特定スキルが
ランクアップする印。
{c05}（天廊防具専用）",,1,yes,
"【始種効果】特定条件下で
攻撃力が上昇する印。
{c05}（天廊防具専用）",,1,,
"【始種効果】特定条件下で
属性・状態異常が上昇する印。
{c05}（天廊防具専用）",,1,,
"【始種効果】ガンナーで距離
補正による威力が上昇する印。
{c05}（天廊防具専用）",,1,yes,
"【始種効果】ビンの威力を
上昇させる印。
{c05}（天廊防具専用）",,1,yes,
"【狩護効果】特定条件下で
防御力を上昇させる印。
{c05}（天廊防具専用）",,1,,
"【狩護効果】特定条件下で
ダメージを軽減する印。
{c05}（天廊防具専用）",,1,yes,
"【狩護効果】特定条件下で
体力が自動回復する印。
{c05}（天廊防具専用）",,1,,
"【Ｇ級効果】Ｇ級防具と
同様の効果を発揮する印。
{c05}（天廊防具専用）",,1,,
"ところどころ変色が目立つ
石の塊。独特の古びた
匂いがツーンとする。",,1,yes,
"テカテカと暗闇の中で
ほの暗い明かりをもたらす石。
長時間持ち続けると溶ける。",,1,yes,
"タルネコヘルム・金の
生産方法が記された紙。
工房に持って行こう！",,1,yes,
"タルネコヘルム・銀の
生産方法が記された紙。
工房に持って行こう！",,1,yes,
"タルネコヘルム・銅の
生産方法が記された紙。
工房に持って行こう！",,1,yes,
"空の王と陸の女王の生態を
事細かに記した書物。新たな
素材の加工法が記されている。",,1,,
"ギルド公認の彫金士によって
精密な細工が施されたギルド
クレスト。渾身の一品。",,1,yes,
"とても高価な赤い宝石。
異界の魔術師によって不思議
な力が込められている。",,1,,
"異界の魔術師の手に宿る膨大な
力を秘めた紋章。サーヴァント
を強制的に従わせる力がある。",,1,yes,
"異界の特殊な力によって複製
された武器。複製品のため、
本来の力は発揮できていない。",,1,,
"天廊で発見された古い溶解剤。
天廊石を合成する際に用いら
れる。",,1,,
"天封印を生産できる潤滑油。
天廊武器に特殊な効果を付与
することが可能。",,1,,
"出所不明の古びた書物。
古の武器の鍛錬方法について
記載されている。",,1,,
"古代に記された技法指南書。
一定数集めるとタワースキル
のコスト上限を拡張する。",,1,yes,
"太陽のように輝きを放つ希少
な鉱石。非常に脆く扱いには
注意が必要。",,1,,
"噂に聞く黒いディアブロスの
壮殻。強固すぎるため、取扱い
には細心の注意が必要。",,1,yes,
"黒角竜の立派な牙。
無数の傷跡から、幾多の戦いを
潜り抜けてきたことがわかる。",,1,,
"大地を抉るのに最も適した
形状の角。常軌を逸したねじれ
具合と言わざるを得ない。",,1,,
"完全左右対称の一対の黒角。
そのねじれ具合と希少性から
見るものを魅了して止まない。",,1,,
"恐ろしいほど派手にねじれた
黒い角。初めて見たハンター
は、驚きを隠せないという。",,1,yes,
"珍しい白色のモノブロスの
外殻。清潔感のあるその白さ
は、女性に大人気である。",,1,yes,
"珍しい白色のモノブロスの
背甲。心を籠めて磨くと、
より一層白さが際立つ。",,1,yes,
"強硬な白一角竜から入手
できる角。深みのある白さ
には奥ゆかしさを感じる。",,1,,
"強硬な白一角竜から入手
できる角。強さと純麗さ
が絶妙に入り交ざっている。",,1,,
"強硬な白一角竜から入手
できる硬い牙。その硬さは
常識では計れない。",,1,,
"強硬な白一角竜の珍しい
外殻。その硬さを活かした
加工品に用いられる。",,1,,
"強硬な白一角竜の珍しい
外殻。異常なまでの
硬さを誇ると言われている。",,1,,
"狩猟が解禁される前のモンスタ
ーを、先行して狩猟するために
必要になるチケット。",,1,yes,
"太古より存在するモンスター
からのみ取れる血液。
生命の力強さを感じさせる。",,1,yes,
"浮峰龍から剥ぎ取った皮。
見たこともない組織から成る
伸縮自在な素材である。",,1,,
"浮峰龍の体表にうっすら
生えている毛。刃物に強く
簡単には切断できない。",,1,,
"傷や汚れが目立つ浮峰龍の歯。
巨大なため、溶かさなければ
使い道がない。かなり臭う。",,1,,
"浮峰龍の胃袋から分泌される
消化液。触れたものをすべて
溶かしてしまうほど強力。",,1,,
"浮峰龍の体表に茂る珍しい蔓。
体液を養分として吸収し
成長しているとの噂がある。",,1,,
"中身の入っていない謎の種殻。
龍木の種と推測されているが
殻だけなので詳細は不明。",,1,,
"組織がより複雑になり
柔軟性が増した浮峰龍の皮。
少し剥ぎ取りづらい。",,1,,
"太くしなやかに成長した
浮峰龍の毛。その太さ故に
驚異的な強度を持っている。",,1,,
"眩しいくらいに輝く浮峰龍の
歯。成分を詳しく調査すると
ほとんど金であることが判明。",,1,,
"何でも飲み込んでしまう
浮峰龍の胃袋。雷光虫は
この中で繁殖するようだ。",,1,,
"浮峰龍の体液をたっぷり
吸収した龍蔓。煎じて飲めば
不老不死になると云われる。",,1,,
"神龍木の種の採取に成功した。
衝撃を加えると急激に成長し
先端が槍のごとく尖るらしい。",,1,,
"非常に強靭な獰竜の鱗。
半端な攻撃では武器の
方に傷がついてしまう。",,1,,
"非常に強靭な獰竜の皮。
抜群の伸縮性を誇り、
素材として重宝されている。",,1,,
"非常に強靭な獰竜の角。ギラ
ギラと輝く紅色は、見る者の
闘争心を呼び起させる。",,1,yes,
"極限の飢餓状態に陥った獰竜
の血。血は燃え滾る炎のよう
な色に変色している。",,1,,
"獰竜の強靭な尾。斬れ味の鋭
い乱れ刃は大変危険なので、
取り扱いには注意せよ。",,1,,
"あらゆるものを噛み砕く獰竜
の強靭な牙。その硬度故、
加工は困難を極めるという。",,1,,
"特異な構造をした獰竜の骨。
通常個体にはできない奇想天
外な動きを可能にしている。",,1,,
"特異な構造をした獰竜の骨。
通常個体にはできない驚天動
地の動きを可能にしている。",,1,,
"特異な構造をした獰竜の骨。
通常個体にはできない震天動
地の動きを可能にしている。",,1,,
"獰竜の中でも特に強力な個体
が持つ骨。硬度、柔軟性、耐
久性どれをとっても超一級。",,1,,
"月光を浴び続けて淡く光る卵。
その中から何が生まれるのか
知っているハンターはいない。",,1,yes,
"奇面族の王がかぶっていたと
いわれる帽子。どれだけの数
所持していたのかは不明。",,1,,
"光を当てると、気高さを感じ
させるほど白く輝く毛。普段
は暗所での保管が良いらしい。",,1,,
"雄々しさを感じさせる黒い毛。
陽光で色あせないよう、普段
は暗所での保管が良いらしい。",,1,,
"燃えるように朱い、色鮮やか
な毛。人気があり、人目につ
かぬよう隠されることも多い。",,1,,
"人々の心を虜にする金色の
塗料。武器に塗ることで、
思わぬ力を生み出すという。",,1,,
"人々の心を虜にする銀色の
塗料。武器に塗ることで、
思わぬ力を生み出すという。",,1,,
"人々の心を虜にする銅色の
塗料。武器に塗ることで、
思わぬ力を生み出すという。",,1,,
"磁力を帯びた白色の鉱石。
簡単に変形するが、削ったり
割ったりすることは難しい。",,1,,
"流砂による円磨を受け、丸く
すべすべした手触りの鉱石。
武具宝飾によく用いられる。",,1,,
"骨の欠片を固めて転がす習性
のある虫。集めた骨で作られ
た巣が白湖の随所に見られる。",,1,,
"乾燥地帯に生息する虫。
生きるためにほとんど水分を
必要としない。",,1,,
"体中に栄養満点の蜜の膜を
張り、近づいた虫を捕食する。
この蜜は接着剤として優秀。",,1,,
"大輪の花を一瞬だけ咲かせて
散ってしまう植物。花を見た
人には幸運が訪れるという。",,1,,
"全身真っ白な外見をした魚。
白湖で外敵から身を守る為に
進化したと言われている。",,1,,
"白と茶色が混ざり合った渦巻
模様が特徴的な石。どことな
く美味しそうな雰囲気がある。",,1,,
"真っ白い燐光を放つなめらか
な岩石。粘り強く熱にも強い
ため加工し辛い。",,1,,
"白湖の中でもひときわ輝く
純白の鉱石。美しさのみなら
ず、かなりの硬度を併せ持つ。",,1,,
"砂を食べて生活する小さな虫。
透明な体と体内に取り込まれ
た細かな砂は両方素材になる。",,1,,
"生命力の高さから、古来より
強い心を表す象徴として重用
されてきた小さな小さな虫。",,1,,
"内部にたっぷりと水を含んだ
楕円状の重厚なサボテン。
適度な強度と弾力を持つ。",,1,yes,
"生命力に優れ、絶対に枯れな
い草。一滴の水で数百日は
生き永らえるという。",,1,,
"周囲の水を浄化させる作用の
ある水草。繊維に織り込むこ
とで武具を劣化から守れる。",,1,,
"岩盤上に生え、岩を侵食する
キノコ。岩は石突きと一体化
しやがてキノコの一部となる。",,1,yes,
"獲物を大きな鋏で捉えたら
最後、何があっても離さない。
触る時は万全の注意を！",,1,,
"流れの穏やかな清水にのみ
生息するという、お目に
かかるのも難しい貴重な魚。",,1,,
"レジェンドラスタ、
ティアラの仕草が追加される。
<act34>で使用可能。",,1,yes,
"レジェンドラスタ、
リアの仕草が追加される。
<act35>で使用可能。",,1,yes,
"レジェンドラスタ、
レイラの仕草が追加される。
<act36>で使用可能。",,1,yes,
"白い砂との対比が特徴的な
怒貌竜の皮。硬質なため
加工が難しい。",,1,,
"全身を守る怒貌竜の鱗。鱗と
鱗の隙間から毒をにじませて
攻撃に使用する。",,1,,
"かつて水生だったことを示す
怒貌竜のヒレ。普段はたたま
れているが、怒り時には開く。",,1,yes,
"熱を帯びた怒貌竜の血液。
時間が経つと冷めるため、熱
いまま素材に使うのは困難。",,1,,
"怒貌竜の腕を覆う皮。硬さと
しなやかさを併せ持つため、
素材としては扱いやすい。",,1,,
"細かく生えそろった怒貌竜の
歯。この歯に毒を染み込ませ、
噛み付いた相手を弱らせる。",,1,,
"棘の生えた怒貌竜の尻尾。
厚みのある尻尾は防具の素材
として重宝される。",,1,,
"厚みの増した怒貌竜の皮。
非常に硬質で、並大抵の攻撃
では傷つかない。",,1,,
"厚みの増した怒貌竜の鱗。毒
が染み込んでいる場合がある
ため、扱いには注意したい。",,1,,
"大きく成長した怒貌竜のヒレ。
縄張り争いの際は、このヒレ
を使って威嚇する。",,1,yes,
"煮えたぎる怒貌竜の血。活性
化すると体温が急上昇し、熱
によって全身が膨張する。",,1,,
"強靭に発達した怒貌竜の腕皮。
分厚い筋肉の動きを妨げない、
柔軟な構造になっている。",,1,,
"凶悪さを秘めた怒貌竜の歯。
クスバミの甲殻すらも易々と
噛み砕くほどの強度を持つ。",,1,yes,
"大きく発達した怒貌竜の尻尾。
小さな獲物はこの尻尾で
ぺしゃんこにしてしまう。",,1,,
"水生だった頃に発達した怒貌
竜の肺。全身に熱血を送り込
むポンプの役割を果たす。",,1,yes,
"シルティシリーズの
生産方法が記された紙。
工房に持って行こう！",,1,yes,
"アイリューシカの
生産方法が記された紙。
工房に持って行こう！",,1,yes,
"砲モロコシの
生産方法が記された紙。
工房に持って行こう！",,1,yes,
"ガイアスプの
生産方法が記された紙。
工房に持って行こう！",,1,yes,
"チュクチュクの
生産方法が記された紙。
工房に持って行こう！",,1,yes,
"アルカパトラの
生産方法が記された紙。
工房に持って行こう！",,1,yes,
"グラウクロッソの
生産方法が記された紙。
工房に持って行こう！",,1,yes,
"マヴロクロッソの
生産方法が記された紙。
工房に持って行こう！",,1,yes,
"モーヴクロッソの
生産方法が記された紙。
工房に持って行こう！",,1,yes,
"ローズクロッソの
生産方法が記された紙。
工房に持って行こう！",,1,yes,
"ラシノクロッソの
生産方法が記された紙。
工房に持って行こう！",,1,yes,
"ヴィニエクロッソンの
生産方法が記された紙。
工房に持って行こう！",,1,yes,
"イモータルペインの
生産方法が記された紙。
工房に持って行こう！",,1,yes,
"デモンズフューリーの
生産方法が記された紙。
工房に持って行こう！",,1,yes,
"ロンギヌスの槍貤の
生産方法が記された紙。
工房に持って行こう！",,1,yes,
"ポジトロンライフル貤の
生産方法が記された紙。
工房に持って行こう！",,1,yes,
"プログ・ナイフ貤の
生産方法が記された紙。
工房に持って行こう！",,1,yes,
"カウンターソード貤の
生産方法が記された紙。
工房に持って行こう！",,1,yes,
"ジンオウガの青緑の堅殻。王
者を包む無傷の鎧は、抵抗が
いかに無意味かを知らしめる。",,1,yes,
"高電力を蓄えることができる
と言われる雷狼竜の体毛。
溢れる電気で白く輝く。",,1,,
"ジンオウガの尖爪。その鋭利
な爪は、超帯電状態で解放さ
れた時に残虐な本性を現す。",,1,yes,
"高い発電と蓄電の能力を備え
る雷狼竜の蓄電殻。武具に雷
神のごとき力を与えるという。",,1,,
"ジンオウガによって活性化
状態にある雷光虫。通常時
と異なり青白い光を放つ。",,1,yes,
"雷狼竜の体内で稀に生成され
る希少な玉石。王者の力が
凝縮された姿。",,1,,
"ジンオウガの尻尾。無数の
甲殻に覆われた尻尾は、
一撃必殺の威力を生み出す。",,1,yes,
"ジンオウガの尖角。その荒ぶ
る角を削り、武具に用いれば
比類なき力を得るという。",,1,yes,
"ジンオウガの青緑の重殻。王
者を包む重厚な鎧は、圧倒的
な威圧感で相手の戦意を奪う。",,1,yes,
"無尽蔵の電力を蓄えることが
できるとまで言われる帯電毛。
溢れる電気で光り輝く。",,1,,
"ジンオウガの剛爪。その爪が
超帯電状態で解放された時、
全存在の脅威となり得る。",,1,yes,
"大自然の雷を凌駕する威力を
生み出す蓄電殻。加工される
武具の能力は計り知れない。",,1,,
"限られた雷狼竜のみが体内で
生成することのできる幻の玉
石。圧倒的強者の証である。",,1,,
"ジンオウガの上質な尻尾。
その鍛えられた尻尾は、
比類なき破壊力を生み出す。",,1,yes,
"ジンオウガの剛角。天まで
響く迫力に圧倒されぬ者
などいないだろう。",,1,yes,
"熾凍運命ノ刀・壱の
生産方法が記された紙。
工房に持って行こう！",,1,,
"熾凍因果ノ刀・壱の
生産方法が記された紙。
工房に持って行こう！",,1,,
"熾凍終焉ノ鎚・壱の
生産方法が記された紙。
工房に持って行こう！",,1,,
"熾凍終局ノ鎚・壱の
生産方法が記された紙。
工房に持って行こう！",,1,,
"熾凍永久ノ弓・壱の
生産方法が記された紙。
工房に持って行こう！",,1,,
"熾凍久遠ノ弓・壱の
生産方法が記された紙。
工房に持って行こう！",,1,,
"エトトラの
生産方法が記された紙。
工房に持って行こう！",,1,yes,
"ラテジアの
生産方法が記された紙。
工房に持って行こう！",,1,yes,
"アルテスの
生産方法が記された紙。
工房に持って行こう！",,1,yes,
"ポレミカの
生産方法が記された紙。
工房に持って行こう！",,1,yes,
"スルディストの
生産方法が記された紙。
工房に持って行こう！",,1,yes,
"スルトロールの
生産方法が記された紙。
工房に持って行こう！",,1,yes,
"スルエストの
生産方法が記された紙。
工房に持って行こう！",,1,yes,
"スルミーラの
生産方法が記された紙。
工房に持って行こう！",,1,yes,
"スルドミノの
生産方法が記された紙。
工房に持って行こう！",,1,yes,
"プラルの
生産方法が記された紙。
工房に持って行こう！",,1,yes,
"ラルーフィの
生産方法が記された紙。
工房に持って行こう！",,1,yes,
"エフディストの
生産方法が記された紙。
工房に持って行こう！",,1,yes,
"エフトロールの
生産方法が記された紙。
工房に持って行こう！",,1,yes,
"エフエストの
生産方法が記された紙。
工房に持って行こう！",,1,yes,
"エフミーラの
生産方法が記された紙。
工房に持って行こう！",,1,yes,
"エフドミノの
生産方法が記された紙。
工房に持って行こう！",,1,yes,
"ユーバーの
生産方法が記された紙。
工房に持って行こう！",,1,yes,
"ユファルの
生産方法が記された紙。
工房に持って行こう！",,1,yes,
"椿のマークが描かれた箱。
中には武具の強化に必要な
素材が入っている。",,1,yes,
"葵のマークが描かれた箱。
中には武具の強化に必要な
素材が入っている。",,1,yes,
"輸送途中で漏れないよう容器
が厳重に密閉された麻痺ビン。
{c05}（狩煉道専用アイテム）",,1,yes,
"輸送途中で漏れないよう容器
が厳重に密閉された睡眠ビン。
{c05}（狩煉道専用アイテム）",,1,yes,
"重厚な雰囲気をまとった爪。
武具工房へ持っていくと、
何かに加工してもらえるかも。",,1,,
"身にまとった者に、厳かな
な印象を与える紫色の布。
手触りも品格を感じさせる。",,1,,
"エルペの身体のごく一部に生
えている上質なやわらかい毛。
高級な防具などに使用される。",,1,yes,
"ごく一部のブルックに生えて
いる非常に硬くて大きい角。
高級な防具などに使用される。",,1,yes,
"溶岩の高熱で燃えたぎって
溶岩竜の身に付着した
異常なほど堅い甲殻。",,1,,
"溶岩の高熱で煮えたぎって
溶岩竜の身に付着した
異常なほど堅い甲殻。",,1,,
"ガニアネコソードの
生産方法が記された紙。
工房に持って行こう！",,1,yes,
"一部が欠けてしまっている
金属片。熾烈な狩猟を物語る。",,1,,
"手のひらサイズの巨大なねじ。
大きな武器の一部であった
もの。",,1,yes,
"使い古され、泥にまみれて
しまっているボール。
獣人族の手形がいっぱい。",,1,yes,
"小さなトゲだらけの貝殻。
高級料理の珍味としても
知られている。",,1,yes,
"小さな穴が無数に開いた貝殻。
ハート型の穴が開いていると
いいことがあるらしい。",,1,yes,
"仄かに潮の匂いが残っている
千切れた糸。かつては釣りの
道具として使われていたもの。",,1,,
"仄かに潮の匂いが残っている
網。かつては釣りの
道具として使われていたもの。",,1,,
"仄かに潮の匂いが残っている
金具。かつては釣りの
道具として使われていたもの。",,1,,
"触ると種が弾け飛び出す不思
議な木の実。弾ける際の音が
フィーニャーと聞こえるとか。",,1,yes,
"蒼く光り輝く丸い花。
その不思議な光の謎は
いまだ解明されていない。",,1,,
"氷漬けにされている花。
熱湯につけてもなかなか
溶けない。",,1,,
"ぬるぬるとした手触りの
葉っぱ。摘み取ったあと
もぬめりは取れない。",,1,,
"さらさらとした手触りの
葉っぱ。お顔の美容に
効果的らしい。",,1,,
"飛びながら美しい音色を
奏でる蝶。癒し効果が
あると言われている。",,1,,
"鳥の目のような模様が
特徴的な羽をもつ蝶。
主に夜間に活動する。",,1,,
"羽ばたくと鱗粉が
黄金に煌めく美しい蝶。
希少性が高い。",,1,,
"東装ネコ面・天晴の
生産方法が記された紙。
工房に持って行こう！",,1,yes,
"東装ネコ面・北国の
生産方法が記された紙。
工房に持って行こう！",,1,yes,
"東装ネコ面・奥羽の
生産方法が記された紙。
工房に持って行こう！",,1,yes,
"東装ネコ面・江戸の
生産方法が記された紙。
工房に持って行こう！",,1,yes,
"東装ネコ面・尾張の
生産方法が記された紙。
工房に持って行こう！",,1,yes,
"東装ネコ面・浪速の
生産方法が記された紙。
工房に持って行こう！",,1,yes,
"東装ネコ面・陰陽の
生産方法が記された紙。
工房に持って行こう！",,1,yes,
"東装ネコ面・伊予の
生産方法が記された紙。
工房に持って行こう！",,1,yes,
"東装ネコ面・筑紫の
生産方法が記された紙。
工房に持って行こう！",,1,yes,
"東装ネコ半被・金の
生産方法が記された紙。
工房に持って行こう！",,1,yes,
"東装ネコ半被・青の
生産方法が記された紙。
工房に持って行こう！",,1,yes,
"異世界で、ある女性が
亡き父の形見として大切に
扱っていたペンダント。",,1,yes,
"装飾品がたくさんついた
大きく使いにくい鏡。
とても重い。",,1,,
"透き通る宝石で作られた
美しい鏡。
落としたら割れてしまいそう。",,1,,
"ところどころ
錆びてしまった鏡。
なんとか使えそう。",,1,,
"ところどころ
割れてしまった鏡。
なんとか使えそう。",,1,,
"こぶし大の大きさがある、
赤い汚れが付着した石。
血のようにも見えるが・・・。",,1,yes,
"誰かがかじった、肉の塊。
真ん中に歯型が付いている。",,1,,
"荒々しいハンターにはあまり
似つかわしくない、小洒落た
ティーカップだ。",,1,yes,
"なにかの絵が
描かれたエンブレム。
用途は不明。",,1,yes,
"可愛い絵が
描かれたエンブレム。
用途は不明。",,1,yes,
"美しい絵が
描かれたエンブレム。
用途は不明。",,1,yes,
"豪華な絵が
描かれたエンブレム。
用途は不明。",,1,yes,
"不気味な絵が
描かれたエンブレム。
用途は不明。",,1,yes,
"ピンと貼った紙でできた
使いやすいしおり。
読書の必需品。",,1,yes,
"よれた紙でできた
ボロボロのしおり。
読書の必需品。",,1,yes,
"ところどころ折れた
紙でできているしおり。
読書の必需品。",,1,,
"ところどころシミのある
使い古したしおり。
読書の必需品。",,1,yes,
"やわらかい布で
作られているしおり。
読書の必需品。",,1,,
"何かの皮で作られた
上品なしおり。
読書の必需品。",,1,,
"細かな刺繍の施された
美しいしおり。
読書の必需品。",,1,,
"人類の行く末を示した計画書。
この計画が完了したとき、
人類はさらなる進化を遂げる。",,1,,
"ＥＶＡシリーズの
生産方法が記された紙。
工房に持って行こう！",,1,yes,
"トイストシリーズの
生産方法が記された紙。
工房に持って行こう！",,1,yes,
"ある組織の内部資料。
しかし、肝心な内容は
一切記載されていない。",,1,,
"自然が生んだ結晶の塊。
従来の撃玉とは性質が異なり、
より強固な加工が可能になる。",,1,,
"自然が生んだ結晶の塊。
重撃玉より上質なものが
分類される。",,1,,
"自然が生んだ結晶の塊。
撃玉の中では特に希少で上質
と言われるが加工難度も高い。",,1,,
"棘茶竜から取れる貴重な棘。
少量でも命に危険を及ぼす
毒がたっぷり付着している。",,1,,
"通常の鱗とは比較できない
ほど硬い棘茶竜の鱗。
その硬度は最上級。",,1,,
"一見すると樹の皮のようだが
想像もできないほど硬質で
重厚な棘茶竜の殻。",,1,,
"両刃状の棘茶竜の棘。
猛毒が仕込まれている上に
恐ろしい切れ味を持つ。",,1,,
"棘茶竜から稀に剥ぎ取れる
貴重な殻。他の殻に比べ、
濃い色をしており、硬い。",,1,,
"照雷鳥の全身を覆っている
甲殻。とても硬いが見た目
よりも軽い。",,1,,
"体中に生えている照雷鳥の毛。
外部からの衝撃に強く
電気をためる特性を持つ。",,1,,
"非常に硬い照雷鳥の爪。
地面に突き立てることで
素早い動作を可能にする。",,1,,
"照雷鳥の体内で生成される
玉石。光に当てると蒼く
妖しい光を放つ。",,1,,
"照雷鳥の頭部の飾り羽の
欠片。羽といっても硬く
加工には技術が必要。",,1,,
"照雷鳥の翼膜部分が硬く
変化したもの。電気を
通すと発光する。",,1,,
"照雷鳥の尻尾付近から剥ぎ
取れる甲殻。全身を覆う
甲殻よりやや重い。",,1,,
"照雷鳥の上質な甲殻。
驚くほどの軽さと硬度を誇り
日用品にも加工される。",,1,,
"とてもきれいで真っ白な
照雷鳥の毛。１頭から数える
ほどしか取れない。",,1,,
"鋭さを増した照雷鳥の
上質な爪。獲物を切り裂き
硬い甲殻をも貫く。",,1,,
"ごく稀に照雷鳥の体内から
取れる玉石。光を当てた時の
美しさは宝石以上といわれる。",,1,,
"照雷鳥の頭部の飾り羽。
羽とは名ばかりで恐るべき
強度を誇る。",,1,,
"照雷鳥の頑丈で上質な翼殻。
電気を通した時の美しさは
多くの人を魅了する。",,1,,
"照雷鳥の尻尾。
とても硬く加工に苦労する
職人泣かせな品。",,1,,
"電気をよく通す照雷鳥の体液。
これにより体中に電気を
運んでいると考えられる。",,1,,
"異彩を放つ紅溶岩竜のヒレ。
武具・防具・装飾品と様々な
用途で重宝される。",,1,yes,
"異彩を放つ紅溶岩竜の鱗。
武具・防具・装飾品と様々な
用途で重宝される。",,1,,
"強い熱を帯びた牙。どんなに
硬質な鉱石でも熱で溶かして
容易く噛み砕いてしまう。",,1,,
"様々な鉱石が熱で混じり合っ
た紅溶岩竜の甲殻。抜群の
耐熱性を誇る。",,1,,
"鋭利さと滑らかさを兼ね備え
た紅溶岩竜のヒレ。武器職人
に大人気の加工素材。",,1,yes,
"滑らかな光沢を放つ紅溶岩竜
のヒレ。切れ味は一級品。
【じんびれ】と呼ばれる。",,1,yes,
"紅溶岩竜の最上級のヒレ。
その名の通り凄まじい切れ味
と熱を持っている。",,1,yes,
"熱で溶けかかったものが再び
固まり、驚異的な硬度を持つ
ようになった紅溶岩竜の牙。",,1,,
"輝く喜びを感じさせる
黄色い宝石が埋め込まれた
ロケットペンダント。",,1,yes,
"冷たい哀しみを感じさせる　
青い宝石が埋め込まれた
ロケットペンダント。",,1,yes,
"轟々とした怒りを感じさせる　
赤い宝石が埋め込まれた
ロケットペンダント。",,1,yes,
"悠々とした癒しを感じさせる
翠色の宝石が埋め込まれた
ロケットペンダント。",,1,yes,
"遠い空から降ってきた
輝く隕石を削ってできた砂。
きらきら光っている。",,1,,
"どこかの誰かが残していった
月で採れたという伝説の砂。
ロマンチックな輝き。",,1,yes,
"灼熱の大地で時を経た
岩石を削ってできた砂。
力強い赤色を帯びている。",,1,,
"大海原の砂浜で波にもまれた
さらさらとした白い砂。
ほんのり潮の香り。",,1,,
"太古の生物の化石を
細かく砕いてできた砂。
歴史を感じる重みがする。",,1,,
"繊細で細かな彫刻が施された
高価そうな羽根ペン。
使うのを躊躇してしまう。",,1,yes,
"色鮮やかな羽根で作られた
堂々とした羽根ペン。
観賞用のようだ。",,1,yes,
"羽根がすっかり細くなった
使い古された羽根ペン。
所々インクで汚れている。",,1,yes,
"大きな羽根で作られた
見る者を圧倒する羽根ペン。
使うと手を痛めそう。",,1,yes,
"小さな羽根で作られた
かわいらしい羽根ペン。
持ち運びに便利そう。",,1,yes,
"大きなベルとリボンのついた
花や葉で作られた装飾品。
見てるだけでワクワクする。",,1,yes,
"東方では祭事の縁起物らしい
金色に輝く糸で作られた飾り。
めでたいオーラを出している。",,1,yes,
"メゼポルタ広場に集まる乙女
のキモチがこもったリボン。
男子必見のグッズだ。",,1,yes,
"絹で作られた上品なネクタイ。
格式ばった場所にピッタリ。
結ぶ時は気を引き締めよう。",,1,yes,
"上等な皮で作られた
真っ白なチョーカー。
付ける時は気合いを入れよう。",,1,yes,
"パートナーに持たせることで
クエスト達成時にパートナー
の武器熟練度が増加する。",,1,yes,
"べリオロスの甲殻の中でも、
特に見事な輝きを放つ甲殻。
さながら氷盤のよう。",,1,yes,
"べリオロスの内臓器官の１つ。
強力な冷凍効果を秘めており、
一瞬で周囲を氷漬けにする。",,1,yes,
"大変手触りの良い、上質な白い
毛皮。貴族の間では、権力の
象徴として人気が高い素材。",,1,,
"べリオロスから稀に得られる
貴重な凍玉。その美しさは
透き通った氷の結晶のよう。",,1,yes,
"屠った獲物の数だけ、鋭さを増
した琥珀色の牙。強度を増した
牙は巨大な氷塊をも噛み砕く。",,1,,
"べリオロスの体に生える様々
な大きさの棘。爪同様に氷壁
にしがみつく時などに使用。",,1,yes,
"べリオロスから剥ぎ取られた
尻尾。堅い甲殻に覆われてお
り、切断には苦労する。",,1,yes,
"凍土の過酷な環境の中で、更に
研ぎ澄まされた爪。獲物を一撃
のもとに仕留める凶器。",,1,,
"より屈強なべリオロスが持つ
重厚な甲殻。最高の強度を誇り
かつ、信じられないほど軽い。",,1,yes,
"絶大な冷凍効果を持つ器官。
その効果の高さから、加工は
命懸けの大仕事になる。",,1,,
"氷牙竜の白い極上毛皮。厚手
だが軽く、その肌触りはまるで
天使の羽に包まれているよう。",,1,,
"氷牙竜から極稀に得ることが
できる幻の天玉。存在自体が
奇跡と評される美麗な品。",,1,,
"限られた氷牙竜が持つ、より
重厚な牙。あらゆるものを
噛み砕くその様はまさに圧巻。",,1,,
"ベリオロスの上質な尻尾。
覆う甲殻は非常に堅く、
切断には相当の技術を要する。",,1,yes,
"限られた氷牙竜が持つ、より
剛強な爪。硬い甲殻もまるで
軟らかい肉のように切り裂く。",,1,,
"高級感あふれる蒼白眠鳥の毛。
他の種とは一線を画す神秘的
な色合いが特徴的。",,1,,
"大きく発達した蒼白眠鳥の爪。
驚異的な力を秘めており、
敵を力強く蹴り飛ばす。",,1,,
"洗練されたフォルムが特徴的
な蒼白眠鳥のクチバシ。
加工は至難の業。",,1,yes,
"極稀に手に入る希少な胃石。
最高級の純度を誇り、透明度、
形状ともに無類の美しさ。",,1,,
"蒼白眠鳥の中でも特別な個体
のみが持つ毛。濃度の高い気
体が付着しやすい性質を持つ。",,1,,
"特殊な蒼白眠鳥のみが持つ毛。
鮮やかな色が加わり、一層
美しさが際立つようになった。",,1,,
"オスクリ・エペの
生産方法が記された紙。
工房に持って行こう！",,1,yes,
"ルスクリ・エペの
生産方法が記された紙。
工房に持って行こう！",,1,yes,
"バレンティアの
生産方法が記された紙。
工房に持って行こう！",,1,yes,
"ベギアの
生産方法が記された紙。
工房に持って行こう！",,1,yes,
"砕竜の堅固な甲殻。黒曜石の
ように艶やかで、加工したも
のに格調高い美しさを与える。",,1,,
"砕竜の腕甲。黒曜石を含む。
バクテリアの影響なのか、予
想以上に固く、優秀な素材。",,1,yes,
"砕竜がまとう、緑色の爆発性
物質。ある種の粘菌らしい。
取扱いには細心の注意が必要。",,1,,
"砕竜の大きく突き出した頭殻。
緑色の爆発性物質を多量に
まとっているため注意が必要。",,1,,
"前脚ばかりが注目される砕竜
だが、尻尾の威力は侮れない。
まとわりつく粘菌に要注意。",,1,,
"命知らずなハンターを大勢
葬ってきたと思われる砕竜の
拳。粘菌の巣窟である。",,1,yes,
"恐ろしき粘菌の秘密が隠され
ているかもしれない、砕竜の
希少な宝玉。",,1,,
"砕竜の分厚い甲殻。重厚感溢
れる美しさと秘めたる力で、
武具に力と風格を与える素材。",,1,,
"砕竜の腕甲の中でも特に上質
な物。バクテリアを含んでい
ることがあるので取扱い注意。",,1,yes,
"より獰猛な砕竜が持つ爆発性
の液体。爆発力は格段に高い。
取扱いには細心の注意が必要。",,1,,
"砕竜の大きく突き出した屈強
な頭殻。内部ではより強力な
粘菌が絶えず生成されている。",,1,,
"砕竜の強靭な尻尾。さながら
戦棍の如き尾先は、巨岩をも
一撃で砕いてしまう。",,1,,
"砕竜の中でも特に強暴な個体
が持つ拳。まるで鉄でできて
いるかのように重く、力強い。",,1,,
"砕竜の幻ともいえる甲殻。
武具に用いれば、地を統べ、
天を掴むと云われている。",,1,,
"リコフォス・ノの
生産方法が記された紙。
工房に持って行こう！",,1,yes,
"リコフォス・ドの
生産方法が記された紙。
工房に持って行こう！",,1,yes,
"リコフォス・トの
生産方法が記された紙。
工房に持って行こう！",,1,yes,
"リコフォス・クの
生産方法が記された紙。
工房に持って行こう！",,1,yes,
"リコフォス・シの
生産方法が記された紙。
工房に持って行こう！",,1,yes,
"リコフォス・トゥインの
生産方法が記された紙。
工房に持って行こう！",,1,yes,
"リコフォス・ガラシアの
生産方法が記された紙。
工房に持って行こう！",,1,yes,
"ジョルノ・ノの
生産方法が記された紙。
工房に持って行こう！",,1,yes,
"ジョルノ・ドの
生産方法が記された紙。
工房に持って行こう！",,1,yes,
"ジョルノ・トの
生産方法が記された紙。
工房に持って行こう！",,1,yes,
"ジョルノ・クの
生産方法が記された紙。
工房に持って行こう！",,1,yes,
"ジョルノ・シの
生産方法が記された紙。
工房に持って行こう！",,1,yes,
"ジョルノ・トゥインの
生産方法が記された紙。
工房に持って行こう！",,1,yes,
"ジョルノ・ガラシアの
生産方法が記された紙。
工房に持って行こう！",,1,yes,
"アズゥバロン貤の
生産方法が記された紙。
工房に持って行こう！",,1,yes,
"アクダルバロン貤の
生産方法が記された紙。
工房に持って行こう！",,1,yes,
"ズセバロン貤の
生産方法が記された紙。
工房に持って行こう！",,1,yes,
"ロズバロン貤の
生産方法が記された紙。
工房に持って行こう！",,1,yes,
"ヴェルデバロン貤の
生産方法が記された紙。
工房に持って行こう！",,1,yes,
"アイスバロン貤の
生産方法が記された紙。
工房に持って行こう！",,1,yes,
"カシウスの槍貤の
生産方法が記された紙。
工房に持って行こう！",,1,yes,
"サンダースピア貤の
生産方法が記された紙。
工房に持って行こう！",,1,yes,
"Ｎ２ミサイル貤の
生産方法が記された紙。
工房に持って行こう！",,1,yes,
"超電磁洋弓銃貤の
生産方法が記された紙。
工房に持って行こう！",,1,,
"ハンター同士の絆を賞して作
られたコイン。ハンターズギ
ルドからたまに配布される。",,1,yes,
"優れたハンターにのみ与えら
れる誇り高いコイン。
持てることは名誉となる。",,1,yes,
"とある優れたハンターの肖像
が刻み込まれたコイン。
持つと憧れの的になれる。",,1,yes,
"メゼポルタのコレクターが
集めているコイン。その価値
は思い出の補正が大きい。",,1,yes,
"パートニャーの健気な気持ち
を思って作られたコイン。
かわいい足跡模様付き。",,1,yes,
"あいくるしいグークのシル
エットが刻まれたコイン。
表があたまで裏がおしり。",,1,yes,
"すっかり錆びてしまっている
が、どこか高貴な雰囲気があ
るコイン。",,1,yes,
"星空を閉じ込めたような輝き
を放つコイン。メゼポルタの
夜空がモデルのようだ。",,1,yes,
"日光のような温かみのある輝
きを放つコイン。メゼポルタ
の太陽をモデルに作られた。",,1,yes,
"ひんやり冷たく、鋭い輝きを
放つコイン。白い満月を見た
時の気持ちを思い出す。",,1,yes,
"誰が何のためにどうやって
作ったのかわからないコイン。
持つ人を選ぶようだ。",,1,yes,
"誰かに大切にされていたコ
イン。手に入ったら誰かと
縁があるということ。",,1,yes,
"何のために作られたのかも、
誰に作られたのかもいまや不
明のコイン。",,1,yes,
"禍々しいまでのオーラを放つ
コイン。持つにはそれなりの
覚悟が必要そうだ。",,1,yes,
"吸い込まれそうなほど黒い
ラヴィエンテの皮。黒さの
理由は明らかになっていない。",,1,yes,
"吸い込まれそうなほど黒い
ラヴィエンテの鱗。恐怖すら
感じる漆黒の色合い。",,1,yes,
"ラヴィエンテの体内奥深くに
流れている血液。新鮮なほど
黒さが増すと言われている。",,1,yes,
"ラヴィエンテの背中にある
謎の結晶。神経の末端という
説があるが詳細は不明。",,1,yes,
"黒く巨大なラヴィエンテの角。
剥ぎ取られてもなお、強烈な
威厳を失うことはない。",,1,yes,
"黒く巨大なラヴィエンテの翼。
飛竜のそれと見紛うことから
この名がついた。実はヒレ。",,1,yes,
"黒く巨大なラヴィエンテの尾。
見た目の重量感からは想像も
できないほどしなやかに動く。",,1,yes,
"黒く巨大なラヴィエンテの牙。
未知数の硬度を持つこの牙に
砕けないものはない。",,1,yes,
"ラヴィエンテの髄の中心に
あたる部位。巨体を動かす
秘密がここに詰まっている。",,1,yes,
"黒く巨大なラヴィエンテの棘。
角と間違えてしまうほど
大きく、そして鋭い。",,1,yes,
"ヴォルガベルの
生産方法が記された紙。
工房に持って行こう！",,1,yes,
"ウインドイーターの
生産方法が記された紙。
工房に持って行こう！",,1,yes,
"タチウオノタチの
生産方法が記された紙。
工房に持って行こう！",,1,yes,
"ブルームスターの
生産方法が記された紙。
工房に持って行こう！",,1,yes,
"淡い緑の光を放つ鉱石。
加工すれば武具に
利用できるかも…？",,1,,
"赤黒い不気味な光を放つ石。
加工すれば武具に
利用できるかも…？",,1,,
"類まれな堅さを誇る緑色の鱗。
取り扱いが困難な為、加工に
は熟練の技術が必要とされる。",,1,,
"類まれな堅さを誇る茶色の鱗。
取り扱いが困難な為、加工に
は熟練の技術が必要とされる。",,1,,
"類まれな堅さを誇る白色の鱗。
取り扱いが困難な為、加工に
は熟練の技術が必要とされる。",,1,,
"とても柔らかで保温効果が高
い綿花。寒い時期に愛用され、
赤く染めるのが流行している。",,1,,
"なんだかんだ言いながらも
愛情に満ちた発言。工房の
職人のやる気も跳ね上がる。",,1,,
"隠し味に紅蓮石を使用してい
るという噂から名づけられた
ジャム。燃えるような甘さ。",,1,yes,
"毒素を養分として育つ猛毒の
花。素手での採取は命の危険
が伴うので注意が必要。",,1,,
"あまりの硬さに、採掘不可能
ともいわれていた伝説の鉱石。
今でも、滅多に見られない。",,1,,
"輸送途中で漏れないよう容器
が厳重に密閉された打撃ビン。
{c05}（狩煉道専用アイテム）",,1,yes,
"火薬が湿らないよう処理を施
した強酸弾。長期保存が可能。
{c05}（狩煉道専用アイテム）",,1,yes,
"火薬が湿らないよう処理を施
した爆撃弾。長期保存が可能。
{c05}（狩煉道専用アイテム）",,1,yes,
"持ち運びに便利な小型の強撃
剣晶。小さくても効果は十分。
{c05}（狩煉道専用アイテム）",,1,yes,
"進化武器のくじを引くことがで
きるチケット。武具工房のハリ
センネコに持っていこう。",,1,yes,
"身にまとった者に、洗練さ
れた麗しさを与えるという
なめらかな手触りの布。",,1,,
"採掘したばかりの稀少鉱石。
加工しやすい材質で、芸術家
肌の職人に人気がある。",,1,,
"カイラシリーズの
生産方法が記された紙。
工房に持って行こう！",,1,yes,
"ヴィーチシリーズの
生産方法が記された紙。
工房に持って行こう！",,1,yes,
"真っ白な珍しいクチバシ。
武具工房へ持っていくと、
何かに加工してもらえるかも。",,1,yes,
"蒼と桜の飛竜に関する生態を
事細かに記した書物。新たな
素材の加工法が記されている。",,1,,
"ギルド公認の彫金士によって
精密な細工が施されたギルド
シンボル。渾身の一品。",,1,yes,
"Ｇ級探索において採集を
極めたハンターの証。",,1,yes,
"ＥＶＡシリーズ賖の
生産方法が記された紙。
工房に持って行こう！",,1,yes,
"ペンペンネコペーパーの
生産方法が記された紙。
工房に持って行こう！",,1,yes,
"ギルドバード・スカラー
シリーズの生産方法が記され
た紙。工房に持って行こう！",,1,yes,
"ジンオウガ狩猟数70万頭を記
念したアンケートで選ばれた
穿龍棍を生産するための素材",,1,yes,
"ジンオウガ狩猟数70万頭を記
念したアンケートで選ばれた
大剣を生産するための素材",,1,yes,
"ジンオウガ狩猟数70万頭を記
念したアンケートで選ばれた
双剣を生産するための素材",,1,yes,
"アミネコソードの
生産方法が記された紙。
工房に持って行こう！",,1,yes,
"花びらに棘のついた花。
直に触らないよう注意が
必要。",,1,,
"花びらがツルツルとした
花。きらりと光を
反射するほど。",,1,yes,
"夕暮れを思わせるオレンジ
色が郷愁を感じさせる石。
ほの温かい。",,1,yes,
"宵を思わせる夜空
色をした石。つめたく、
ひんやりとしている。",,1,,
"銀色に煌めく雫型の石。
恋人を想う乙女の涙が
形になったとの逸話が。",,1,,
"狩人祭を盛り上げる
黄金の鈴。獣人族用の
小さなサイズ。",,1,yes,
"カラリと湿り気の溢れた
石の塊。",,1,yes,
"歌姫狩衛戦で
手に入れることが出来る
珍しい空色の石。",,1,,
"ぷつりと千切れてしまって
いる縄。ところどころに
結び目がある。",,1,,
"炭にまみれた縄。
触れると手が真っ黒に。",,1,,
"焼け焦げてしまった
大砲の弾。",,1,,
"つぶれて使用できなく
なってしまった大砲の弾。",,1,,
"柔らかく肌触りのいい
布地。美容にも効果が
あるらしい。",,1,,
"赤と青の縞々模様の旗。
祭へ向けた狩人たちの
熱い想いが込められている。",,1,,
"ギラギラと怪しげな銀色の
光を放つ希少な石。光の
原理は解明されていない。",,1,yes,
"歌姫狩衛戦で
手に入れることが出来る
珍しい緑色の布。",,1,,
"異世界の少年が持っていた
父との繋がりを示す品。
楽曲を再生できるらしい。",,1,,
"レジェンドラスタ、
ユウェルの仕草が追加される。
<act45>で使用可能。",,1,yes,
"レジェンドラスタ、
タイゾウの仕草が追加される。
<act46>で使用可能。",,1,yes,
"レジェンドラスタ、
リアの仕草が追加される。
<act47>で使用可能。",,1,yes,
"レジェンドラスタ、
レイラの仕草が追加される。
<act48>で使用可能。",,1,yes,
"見るものを圧倒させる覇気を
纏う弩岩竜の甲殻。並みの
攻撃では傷一つつけられない。",,1,,
"見るものを圧倒させる覇気を
纏う弩岩竜の鱗。並みの
攻撃では傷一つつけられない。",,1,,
"大地をも砕く弩岩竜の剛顎。
重厚で加工は困難を極めるが
頑強さも並大抵ではない。",,1,,
"非常に長い年月を経て
発達した弩岩竜の棘。
刃のように鋭く、そして硬い。",,1,,
"弩岩竜の角の中でも特に
太く成長した巨大な角。
弩岩竜の激しい憤怒の象徴。",,1,,
"弩岩竜の中でも特に
強大な個体の鉤爪。
一撃で破滅をもたらすという。",,1,,
"弩岩竜の巨大な背甲。
頑強で切り出すのが難しく
入手自体が非常に困難である。",,1,,
"弩岩竜の極めて巨大な背甲。
あまりに巨大で重厚なため、
入手さえもが至難の業である。",,1,,
"異彩を放つ冥雷竜の殻。
黒雷をその身に宿してなお
雪のような白さを保っている。",,1,,
"異彩を放つ冥雷竜の鱗。
幾星霜を経たためか、
荘厳な雰囲気が漂っている。",,1,,
"冥雷竜の体内から稀に発見
される玉。黄昏の空のよう
な色合いがとても優美。",,1,,
"体内に溜め込んでいる強大な
エネルギーの影響で少し黒み
がかった冥雷竜の髄。珍品。",,1,yes,
"破滅の象徴。この爪が入手で
きる個体は得てして強力無比
な力を持っている。",,1,,
"長い年月をかけて成長した青
怪鳥の鱗。青さに深みが増し、
一層美しくなっている。",,1,,
"長い年月をかけて成長した
青怪鳥の甲殻。武具に青みを
出す際に重宝される。",,1,,
"不吉な雰囲気をまとった青い
イャンクックのクチバシ。
叩いてもほとんど音が出ない。",,1,yes,
"青いイャンクックから得られ
る耳。若干の青みを帯びてお
り、希少価値は高い。",,1,yes,
"青いイャンクックの発声器官。
武具の風通しを良くするため
に使用される。",,1,yes,
"凍王龍の白い鱗。
切り出した後も冷気を放ち、
美しさを損なわない。",,1,,
"凍王龍の全身を覆う白い
甲殻。非常に硬く、並の
武器では歯が立たない。",,1,,
"凍王龍の美しいたてがみ。
純白の毛は高級品とされ、
高値で取引される。",,1,,
"体内で生成される稀少な玉。
白と黒が混ざり合うように
玉の中でゆらめく。",,1,,
"白銀世界を統べる凍王龍の
角。威厳を感じる双角は
天をも操る力の象徴。",,1,,
"広げると雄大な山脈を連想
させる凍王龍の翼。
柔らかいがとても丈夫。",,1,,
"硬度と美しさを兼ね備えた
凍王龍の尻尾。美麗な一品
として市場価値が高い。",,1,,
"上質な凍王龍の鱗。
氷のごとく澄んだ鱗は
触れるものを凍てつかせる。",,1,,
"上質な凍王龍の甲殻。
数多の敵を退けてきた王の
風格が漂う見事な品。",,1,,
"凍王龍の凍った白毛。
剥ぎ取った後も、なぜか
融けることなく形を保つ。",,1,,
"冷気を放つ凍王龍の宝玉。
玉の中で黒いものが蠢き
見る者に恐怖を与える。",,1,,
"凍王龍の上質な角。蒼色に
煌めく先端は、宝石のような
美しさを放つ。",,1,,
"一際鋭い冷気を放つ凍王龍の
翼。見ただけで心が極寒の
世界に誘われてしまう。",,1,,
"恐るべき硬度を誇る凍王龍の
上質な尻尾。魅惑的な青い
輝きに満ちている。",,1,,
"パラリル・デザトの
生産方法が記された紙。
工房に持って行こう！",,1,yes,
"デシルト・デザトの
生産方法が記された紙。
工房に持って行こう！",,1,yes,
"様々な鉱物が幾重にも層を
成した鱗。その固さゆえ、
加工に手こずることも。",,1,,
"ウラガンキンの堅い甲殻。
その硬度ゆえに、切り出す
ことすら容易ではない。",,1,yes,
"甲殻以上の耐熱性を持つ素材。
重要な器官をマグマから
護るためと考えられている。",,1,yes,
"ウラガンキンのいびつな顎。
これは溶けた鉱物を塗り
固めたものである。",,1,yes,
"入手が難しいウラガンキンの
骨髄。特殊な加工に使用され
る他、薬の研究がされている。",,1,yes,
"ウラガンキンからまれに採れ
る高価な玉石。加工時に使用
すると強度が増すらしい。",,1,yes,
"硬度の高い鉱石を幾重にも付
着させ、最高の強度を得た鱗。
限られた爆鎚竜のみが持つ。",,1,,
"ウラガンキンの特別堅い甲殻。
あまりの堅さに、加工する者
は頭を抱えてしまうだろう。",,1,yes,
"耐熱性が特に優れた爆鎚竜の
殻。断熱効果にも優れ、防具
素材としての期待は高い。",,1,,
"ウラガンキンの非常に重い顎。
密度の高い鉱物で構成されて
いる。ゆえに破壊力も桁違い。",,1,yes,
"爆鎚竜の幻ともいえる甲殻。
武具に用いれば、地を統べ、
天を掴むと云われている。",,1,,
"ガガチュシリーズの
生産方法が記された紙。
工房に持って行こう！",,1,yes,
"口に含むと甘さを感じる石。
たとえ砕けても、高温で熱す
れば元の形に戻すことも可能。",,1,,
"材質を強化する効果がある液
体。粘り気があるが、乾燥す
ると鋼のような硬さになる。",,1,,
"メガネから外れたレンズ。
端が欠けてしまっている。
誰のものだろう・・・？",,1,yes,
"シエロシリーズの
生産方法が記された紙。
工房に持って行こう！",,1,yes,
"サルタシリーズの
生産方法が記された紙。
工房に持って行こう！",,1,yes,
"トドル・デザトの
生産方法が記された紙。
工房に持って行こう！",,1,yes,
"ミネスト・デザトの
生産方法が記された紙。
工房に持って行こう！",,1,yes,
"凍結耐性スキルが
アップする装飾品。",,1,yes,
"千歳神楽【壱式】の
生産方法が記された紙。
工房に持って行こう！",,1,,
"玉響神楽【壱式】の
生産方法が記された紙。
工房に持って行こう！",,1,,
"ギルド公認の彫金士によって
精密な細工が施された勲章。
渾身の一品。",,1,yes,
"一部のハンターのみが
受けられる特別な
クエストの受注チケット。",,1,yes,
"クシャルダオラの分厚い鱗。
ひんやりと冷気を発しており、
強度と冷気を併せ持つ素材。",,1,yes,
"クシャルダオラが何度も
脱皮を繰り返すことで、
尋常ではない強度を得た甲殻。",,1,yes,
"クシャルダオラの強靭の爪。
鋼と見紛うその材質は、
武具の性能を引き上げる逸品。",,1,yes,
"悠久の時を生きた鋼龍の
体内で極めて稀に
生成される大きな宝玉。",,1,,
"クシャルダオラの猛々しい角。
衝撃をあたえると冷気が
周辺に立ち込める。",,1,yes,
"鋼のような強度と風をはらむ
柔軟さをもつ、鋼龍の翼。
素材としての価値は高い。",,1,,
"クシャルダオラの強靭な尻尾。
強風をものともしない強度と
しなやかさをもつ。",,1,yes,
"猛り狂う個体からのみ取れる
極めて貴重な鋼龍素材。並の
刃では傷一つ付けられない。",,1,,
"様々な属性やられを治す、
摩訶不思議な実。",,1,,
"オオナズチの特別上質な皮。
さらに不思議な触り心地で
触る者の心をとろかす。",,1,yes,
"オオナズチの上質な翼。
強靭な翼膜と堅固な骨格から
なり、素材として極めて優秀。",,1,yes,
"オオナズチの上質な爪。
軽さ、強度、加工しやすさの
３つを兼ね備えた逸品。",,1,yes,
"悠久の時を生きた霞龍の
体内で極めて稀に
生成される大きな宝玉。",,1,,
"オオナズチの強靭な角。
光の加減で神秘的な輝きを
放つ。極めて高価。",,1,yes,
"オオナズチの堅くしなやかな
尻尾。独特の形状の
触り心地のよい優れた素材。",,1,yes,
"オオナズチの極上の皮。
その見た目と触り心地で
妖艶ささえ感じさせる逸品。",,1,yes,
"炎王龍の圧倒的な重量を
もつ甲殻。荘厳な赤が
見る者の心を砕く。",,1,,
"高熱を放つ炎龍の鱗の中でも
特に良質な鱗。",,1,,
"王者の風格をもつ炎王龍の角。
これを見た者は、
跪かずにはいられない。",,1,,
"炎王龍の岩壁をも砕く強靭な
尾。その尾で叩かれると、
爆風が巻き起こるという。",,1,,
"堅く強靭な炎王龍の爪。
その爪で引き裂かれたものは
たちまち燃え上がるという。",,1,,
"悠久の時を生きた炎王龍の
体内で極めて稀に
生成される大きな宝玉。",,1,,
"極めて強力な炎王龍から稀に
取れる角。見ただけでおぞま
しさを感じさせる。",,1,,
"剣斧を極めんとする者に
与えられる努力の証【序】",,1,,
"剣斧を極めんとする者に
与えられる努力の証【中】",,1,,
"剣斧を極めんとする者に
与えられる努力の証【極】",,1,,
"剣斧を極めんとする者に
与えられる努力の証【天】",,1,,
"剣斧をさらに極めんと
する者に与えられる
精励の綬章。【序】",,1,,
"剣斧をさらに極めんと
する者に与えられる
精励の綬章。【中】",,1,,
"剣斧をさらに極めんと
する者に与えられる
精励の綬章。【極】",,1,,
"剣斧を極め、高みへと
到達した者に与えられる
礼賛の勲章。【序】",,1,,
"剣斧を極め、高みへと
到達した者に与えられる
礼賛の勲章。【中】",,1,,
"剣斧を極め、高みへと
到達した者に与えられる
礼賛の勲章。【極】",,1,,
"ペリネコソードの
生産方法が記された紙。
工房に持って行こう！",,1,yes,
"ペリネコヘルムの
生産方法が記された紙。
工房に持って行こう！",,1,yes,
"ペリネコメイルの
生産方法が記された紙。
工房に持って行こう！",,1,yes,
"桃色に輝く雫型の石。豪奢な
見た目から、装飾品の材料
として多用される。",,1,,
"手のひらサイズの真っ赤な
鉄球。武器の一部が取れて
しまったようだ。",,1,yes,
"つるりとしていて肌触りの
いい布地。遠国より輸入
されたものらしい。",,1,,
"一部が損壊し、置き去りに
されていたタル爆弾。
取り扱いには注意が必要。",,1,yes,
"マシノの
生産方法が記された紙。
工房に持って行こう！",,1,yes,
"ミミタルトンファの
生産方法が記された紙。
工房に持って行こう！",,1,yes,
"デュヴェ・アクスの
生産方法が記された紙。
工房に持って行こう！",,1,yes,
"イレクの
生産方法が記された紙。
工房に持って行こう！",,1,yes,
"シンシュトンファの
生産方法が記された紙。
工房に持って行こう！",,1,yes,
"フェザ・アクスの
生産方法が記された紙。
工房に持って行こう！",,1,yes,
"電流鉄骨貤の
生産方法が記された紙。
工房に持って行こう！",,1,,
"限定ジャン剣貤の
生産方法が記された紙。
工房に持って行こう！",,1,yes,
"ＢＯＦシリーズの
生産方法が記された紙。
工房に持って行こう！",,1,yes,
"リュウの太刀【龍】貤の
生産方法が記された紙。
工房に持って行こう！",,1,yes,
"リュウの太刀【炎】貤の
生産方法が記された紙。
工房に持って行こう！",,1,yes,
"えんげつとう【雷】貤の
生産方法が記された紙。
工房に持って行こう！",,1,,
"えんげつとう【火】貤の
生産方法が記された紙。
工房に持って行こう！",,1,,
"ランツェブルノ貤の
生産方法が記された紙。
工房に持って行こう！",,1,yes,
"ランツェアンカ貤の
生産方法が記された紙。
工房に持って行こう！",,1,yes,
"ランツェベルデ貤の
生産方法が記された紙。
工房に持って行こう！",,1,yes,
"ランツェネラ貤の
生産方法が記された紙。
工房に持って行こう！",,1,yes,
"ランツェアラン貤の
生産方法が記された紙。
工房に持って行こう！",,1,yes,
"ランツェアスル貤の
生産方法が記された紙。
工房に持って行こう！",,1,yes,
"カイジシリーズの
生産方法が記された紙。
工房に持って行こう！",,1,yes,
"セイラーシリーズの
生産方法が記された紙。
工房に持って行こう！",,1,yes,
"スフレシリーズの
生産方法が記された紙。
工房に持って行こう！",,1,yes,
"ナルガクルガの黒い鱗。
その堅さに反して、驚くほど
軽く、そして滑らか。",,1,yes,
"ナルガクルガの漆黒の毛。
あらゆる光を吸収する毛は
周囲を闇にかえる。",,1,yes,
"尻尾を攻撃の手段とする迅竜。
その尻尾は、もはや武器と
見まごうほどの迫力をもつ。",,1,,
"ナルガクルガの尻尾に生えた
棘状の鱗。興奮すると逆立ち、
殺傷能力が倍増するという。",,1,yes,
"ナルガクルガの翼の中でも
特に鋭い大振りの翼。
瞬目の間に対象を切裂く。",,1,yes,
"ナルガクルガの牙。驚くほど
鋭利な牙は、噛み砕くよりも
切り裂くために特化したもの。",,1,yes,
"ナルガクルガの延髄。触れた
だけで身を切裂かれるような
苦痛を味わう為、加工が困難。",,1,yes,
"ナルガクルガの上質な黒い鱗。
分厚くなった分強度が上がっ
ているが、軽さはそのまま。",,1,yes,
"ナルガクルガの発達した黒毛。
見事な艶と驚くべき張りを持
ち、外敵の爪牙を受け流す。",,1,yes,
"ナルガクルガの上質な尻尾。
しなやかさと強固さを併せ
持つ理想的な素材。",,1,yes,
"迅竜の尻尾の上質な棘。
重く鋭く鍛えられた棘は、
驚異的な殺傷能力をもつ。",,1,,
"ナルガクルガの雄剛な刃翼。
硬度を増した刃は、迅速な
ひと振りで獲物を両断する。",,1,yes,
"ナルガクルガの野太く発達し
た鋭い牙。研ぎ澄まされた牙
は、たやすく獲物を寸裂する。",,1,yes,
"迅竜の幻ともいえる鱗。
武具に用いれば、地を統べ、
天を掴むといわれる。",,1,,
"地下王国で使用される紙幣、
10000ペリカと書かれている。
ビールと焼鳥で12000ペリカ。",,1,yes,
"熱に特異な反応を示す玉。
防具に蒸着させ強度を高める
目的で使われる。",,1,,
"密度の高い上質な鎧玉。
既に生産した防具の強度を
高める素材として珍重される。",,1,,
"より鎧の性能を高める鎧玉。
希少な素材として重宝される。
お気に入りの強化にぜひ！",,1,,
"高密度の堅い鎧玉。
より高度な防具強化を可能に
する希少な素材。",,1,,
"高密度の重厚な鎧玉。
滅多に採れない貴重な素材。
武具の限界値をさらに高める。",,1,,
"限りなく純粋な鎧玉。
その潜在能力を引き出すには、
高度な加工技術を必要とする。",,1,,
"秘めた力が感じられる鎧玉。
優れた職人でなければ、武具
の更なる強化は成し得ない。",,1,,
"力に満ち満ちた鎧玉。熟練
した職人でさえも、躊躇する
程の加工技術が必要となる。",,1,,
"火がつきそうでつかない
微妙な状態。周囲からは
非常にもどかしく見える。",,1,,
"そっと灯された青い火。
自分でも気づかないうちに
少しずつ大きくなっていく。",,1,,
"そっと灯された赤い火。
自分でも気づかないうちに
少しずつ大きくなっていく。",,1,,
"障害が大きかったからこそ、
より激しく燃え上がる炎。
もう、だれにも止められない。",,1,,
"星々の流した涙だと伝えられ
る石。手放さず持っていれば、
いつか願いがかなうとか。",,1,,
"夜の砂漠で、吸い込まれるよ
うな天穹を見上げた職人が思
い描いた案を具現化した火薬。",,1,,
"落雷の多い場所に自生すると
いう綿花。素手で不用意に触
れると感電することがある。",,1,,
"耐久性に優れた卵殻。衝撃に
強く、ハンマーで叩いても
割れることがないという。",,1,yes,
"蘭のマークが描かれた箱。
中には武具の強化に必要な
素材が入っている。",,1,yes,
"大海を渡ってきた人や物が行
き交う中で、いつしか求めら
れるようになった不思議な石。",,1,,
"モンスターの力が秘められて
いると噂される不思議な球体。
青い光をたたえている。",,1,yes,
"モンスターの力が秘められて
いると噂される不思議な球体。
白い光をたたえている。",,1,yes,
"モンスターの力が秘められて
いると噂される不思議な球体。
黒い光をたたえている。",,1,yes,
"モンスターの力が秘められて
いると噂される不思議な球体。
黄色の光をたたえている。",,1,yes,
"とてつもなく硬い帝征龍の鱗。
体表を隙間なく覆い、
あらゆる衝撃から体を守る。",,1,,
"鱗の下に広がる帝征龍の皮。
衝撃吸収や保温などに優れ
右に出る素材は存在しない。",,1,,
"帝征龍の体内を流れる血。
その色は闇より深く、触れる
だけで飲み込まれそうになる。",,1,,
"帝征龍の体内で生成される
稀少な宝石。鈍く輝くさまは、
まさに強者の風格を表す。",,1,,
"荘厳な帝征龍の爪。
それを見たものは、恐怖故に
ひれ伏せざるを得ない。",,1,,
"尻尾まで広がる大きな翼膜が
特徴の帝征龍の翼。強烈な
威厳と偉大な何かを感じる。",,1,,
"鋭い刃の様なヒレが付いた
帝征龍の尻尾。自らを誇張し
逆らう者を切り裂く。",,1,yes,
"剥ぎ取りが最も困難である
帝征龍の髄。すべての秘密が
ここに詰まっている。",,1,,
"謎多き古の龍、
帝征龍を撃退した者だけが
得ることのできる証。",,1,,
"異国に伝わる錬金石。特殊な
武器の生産に用いられるが、
その機構に謎は多い。",,1,,
"アーベンシリーズの
生産方法が記された紙。
工房に持って行こう！",,1,yes,
"ケラヴノシリーズの
生産方法が記された紙。
工房に持って行こう！",,1,yes,
"屈強なハンターが手を取り
あう姿が描かれたチケット。
工房でピアスを強化しよう！",,1,yes,
"クローニーピアスの
強化方法が記された紙。
工房に持って行こう！",,1,yes,
"鬼が取り憑いていると
言われる鉱石。どんな衝撃
でも割れることはない。",,1,,
"カイジのジタジタしたい
気分を体感できる。
<act50>で使用可能。",,1,yes,
"カイジの感謝の
気分を体感できる。
<act49>で使用可能。",,1,yes,
"とある場所で
勝負に使われたカード。
奇妙な絵柄が書かれている。",,1,yes,
"1000万チケットと書かれた
長方形のチケット。右下に
小島金融と記載がある。",,1,yes,
"総合ショップでギルド貢献Ｐ
と交換可能なチケット。",,1,yes,
"テリュオシリーズの
生産方法が記された紙。
工房に持って行こう！",,1,yes,
"金と銀の飛竜に関する生態を
事細かに記した書物。新たな
素材の加工法が記されている。",,1,,
"攻撃と保護系スキルなどが
アップする装飾品。",,1,yes,
"ウルキーが作った特殊な
花かご。未知なる光と力が
満ち溢れている。",,1,yes,
"太古の技術が記されていると
いう金色に輝く書物。解読す
れば未知の領域が開けるとか。",,1,,
"重さをほとんど感じさせない
銀色に輝く毛皮。熟練の職人
でも、取り扱いは慎重になる。",,1,,
"重々しい雰囲気をまとった棘。
武具工房へ持っていくと、
何かに加工してもらえるかも。",,1,,
"和花シリーズの
生産方法が記された紙。
工房に持って行こう！",,1,yes,
"幻と言われるキリンの皮。
幻想的な模様は見る者の
心を奪う。",,1,yes,
"高級感漂うキリンの尻尾。
希少価値が非常に高く、手荒
に扱うことは許されない。",,1,yes,
"キリンの強剛な腱。
弾力性と耐久性に優れ、
極めて高品質と言われている。",,1,yes,
"優美にたなびくキリンのたて
がみ。白銀色で、光を当てる
と眩いばかりの輝きを放つ。",,1,yes,
"雷をその身に宿すキリンの角。
加工の際に引き出される
力は計り知れない。",,1,yes,
"強い磁力を帯びた極龍の鱗。
その性質上、加工に使える
道具は限られる。",,1,,
"極龍の強力な個体は、周囲
に展開する岩とこの甲殻で
鉄壁の守りを誇る。",,1,,
"非常に強い磁力を帯びた極龍
の角。物によってはくっつい
たまま離れなくなってしまう。",,1,,
"極龍の翼膜。剥ぎ取った後も
まだ力を秘めているかのよう
に淡く明滅している。",,1,,
"極龍のしなやかな尾。使い易
い素材だが、磁力を帯びた物
は他の素材と合わせにくい。",,1,,
"極龍の超希少素材。オーロラ
を閉じ込めたような虹模様が
妖しい輝きを放っている。",,1,yes,
"極龍の首から稀に剥ぎ取れる
棘。斬れ味が鋭いため、取り
扱いにはくれぐれも注意。",,1,,
"赤く鋭い極龍の爪。
尋常ならざる硬度を誇り、
加工は困難を極める。",,1,,
"鋭い赤味を帯びた極龍の角。
通常個体のものより大きく、
加工難度も高い。",,1,,
"極龍の赤く輝く翼膜。その
煌びやかな見た目から珍重
され、高額で取引される。",,1,,
"ヴォージャンの甲殻。
体の大部分を覆っており、
頑強な鎧と化している。",,1,yes,
"ヴォージャンの頑丈な牙。
火山の鉱石をも容易に噛み
砕いてしまう。",,1,yes,
"高熱にも耐えるヴォージャン
の皮。甲殻とは異なり柔らか
く、加工の自由度も高い。",,1,yes,
"灼熱の中生きる紅蓮獅子の
血。体内で熱せられ、強大な
エネルギー源となっている。",,1,yes,
"異様な長さが特徴的なヴォー
ジャンの角。堅強な素材とし
て注目を集めている。",,1,yes,
"ヴォージャンの手の甲に付い
ている石。これを擦り合わ
せ、腕や全身に着火する。",,1,yes,
"ヴォージャンの尾。擦り減っ
ていることが多いため、傷の
ない物は価値が高い。",,1,yes,
"ヴォージャンを覆う甲殻。
驚くほどに頑丈で、並大抵の
衝撃では傷付かない。",,1,yes,
"鋭く研ぎ澄まされたヴォー
ジャンの牙。入手した者は
豪傑と称えられる。",,1,yes,
"非常に高品質なヴォージャン
の皮。耐熱性と保温性のどち
らにも優れている。",,1,yes,
"業火をまといし紅蓮獅子の
血。非常に高温なため、
持ち帰るのも困難とされる。",,1,,
"ヴォージャンの禍々しい角。
職人なら誰もが一度は加工し
たいと思う逸品。",,1,yes,
"大きな質量を持ったヴォー
ジャンの着火石。着火には
相当な力が必要。",,1,yes,
"より屈強に成長したヴォー
ジャンの尾。この尾から
苛烈な攻撃を繰り出す。",,1,yes,
"ジンオウガ亜種の黒き堅殻。
地獄の覇者を思わせるその甲
殻は邪悪な力を備えるが如く。",,1,yes,
"ジンオウガ亜種の猛き龍毛。
蓄えられた龍殺しの力は
全ての龍を恐れさせる。",,1,yes,
"ジンオウガ亜種の尖爪。その
威力は絶対的覇者の地位を
築き上げるには十分な威力だ。",,1,yes,
"強力な龍属性の力を生み出す
獄狼竜の殻。加工される武具
の能力に期待が高まる。",,1,,
"龍殺しの実を好むため、体内
に龍属性の力が蓄積している
甲虫。獄狼竜の力の源。",,1,,
"獄狼竜の体内で稀に生成され
る希少な玉石。王者の力が
凝縮された姿。",,1,,
"ジンオウガ亜種の持つ恐ろし
く逞しい尻尾。その破壊力は
鋼鉄をも切り裂く。",,1,yes,
"ジンオウガ亜種の尖角。その
恐るべき迫力は、すべての龍
に反旗を翻した証なのか？",,1,yes,
"ジンオウガ亜種の黒き重殻。
地獄の覇者を思わせるその甲
殻は邪悪な力を備えるが如く。",,1,yes,
"蝕龍蟲が潜むジンオウガ亜種
の逆立つ龍毛。虫の力により
赤黒い雷流が弾ける。",,1,yes,
"ジンオウガ亜種の剛爪。その
威力は絶対的覇者の地位を
築き上げるには十分な威力だ。",,1,yes,
"蝕龍蟲から滅龍の力を吸収す
る獄狼竜の殻。蓄積量に比例
し、武具性能も向上する。",,1,,
"限られた獄狼竜のみが体内で
生成することができる幻の玉
石。絶対的覇者の証である。",,1,,
"ジンオウガ亜種の持つ恐ろし
く強靭な尻尾。その破壊力は
鋼鉄をも切り裂く。",,1,yes,
"ジンオウガ亜種の剛角。その
恐るべき迫力は、すべての龍
に反旗を翻した証なのか？",,1,yes,
"船を動かすのに必要な鍵。
船の鍵穴に入れて回す。",,1,,
"異世界から持ち込まれた体液。
体内に入ると危険だがギルド
のある人物が収集している。",,1,yes,
"グークネコシリーズの
生産方法が記された紙。
工房に持って行こう！",,1,yes,
"東装ネコ剣・天晴の
生産方法が記された紙。
工房に持って行こう！",,1,yes,
"東装ネコ剣・北国の
生産方法が記された紙。
工房に持って行こう！",,1,yes,
"東装ネコ槌・奥羽の
生産方法が記された紙。
工房に持って行こう！",,1,yes,
"東装ネコ槌・江戸の
生産方法が記された紙。
工房に持って行こう！",,1,yes,
"東装ネコ剣・尾張の
生産方法が記された紙。
工房に持って行こう！",,1,yes,
"東装ネコ槌・浪速の
生産方法が記された紙。
工房に持って行こう！",,1,yes,
"東装ネコ槌・陰陽の
生産方法が記された紙。
工房に持って行こう！",,1,yes,
"東装ネコ槌・伊予の
生産方法が記された紙。
工房に持って行こう！",,1,yes,
"東装ネコ槌・筑紫の
生産方法が記された紙。
工房に持って行こう！",,1,yes,
"東ヨリ日出ヅルクニヨリ
造ラレタトサレル星柄ノ布。
甘イニオイガカヲル。",,1,yes,
"東ヨリ日出ヅルクニヨリ
造ラレタトサレル花柄ノ布。
甘イニオイガカヲル。",,1,yes,
"アイルーシリーズの
生産方法が記された紙。
工房に持って行こう！",,1,yes,
"祈りの力が込められた石。
持っているだけでより
多くの歌玉を獲得できる。",,1,,
"祈りの力が込められた石。
持っているだけでさらに
多くの歌玉を獲得できる。",,1,,
"祈りの力が込められた石。
持っているだけでかなり
多くの歌玉を獲得できる。",,1,,
"決して開いてはいけない
赤い箱。中に何が入っている
のかは誰にもわからない。",,1,,
"決して開いてはいけない
青い箱。中に何が入っている
のかは誰にもわからない。",,1,,
"決して開いてはいけない
緑の箱。中に何が入っている
のかは誰にもわからない。",,1,,
"決して開いてはいけない
黄色の箱。中に何が入ってい
るのかは誰にもわからない。",,1,,
"密林の景色が描かれた
記念切手。手紙に貼って
送ると非常に喜ばれる。",,1,,
"火山の景色が描かれた
記念切手。手紙に貼って
送ると非常に喜ばれる。",,1,,
"沼地の景色が描かれた
記念切手。手紙に貼って
送ると非常に喜ばれる。",,1,,
"雪山の景色が描かれた
記念切手。手紙に貼って
送ると非常に喜ばれる。",,1,,
"邪悪器・双鉄扇貤の
生産方法が記された紙。
工房に持って行こう！",,1,,
"万能兵器・丸太大剣貤の
生産方法が記された紙。
工房に持って行こう！",,1,,
"最終兵器・丸太槌貤の
生産方法が記された紙。
工房に持って行こう！",,1,,
"残虐器・鉄扇剣貤の
生産方法が記された紙。
工房に持って行こう！",,1,,
"雅シリーズの
生産方法が記された紙。
工房に持って行こう！",,1,yes,
"ポイニークット貤の
生産方法が記された紙。
工房に持って行こう！",,1,yes,
"ルーフスット貤の
生産方法が記された紙。
工房に持って行こう！",,1,yes,
"シーニット貤の
生産方法が記された紙。
工房に持って行こう！",,1,yes,
"ウィリディット貤の
生産方法が記された紙。
工房に持って行こう！",,1,yes,
"アルブスット貤の
生産方法が記された紙。
工房に持って行こう！",,1,yes,
"シュウィット貤の
生産方法が記された紙。
工房に持って行こう！",,1,yes,
"皇氷大剣の
生産方法が記された紙。
工房に持って行こう！",,1,,
"冥氷大剣の
生産方法が記された紙。
工房に持って行こう！",,1,,
"王皇氷剣斧の
生産方法が記された紙。
工房に持って行こう！",,1,,
"王冥氷剣斧の
生産方法が記された紙。
工房に持って行こう！",,1,,
"アウラシリーズの
生産方法が記された紙。
工房に持って行こう！",,1,yes,
"和奏シリーズの
生産方法が記された紙。
工房に持って行こう！",,1,yes,
"タルタシリーズの
生産方法が記された紙。
工房に持って行こう！",,1,yes,
"ルルタシリーズの
生産方法が記された紙。
工房に持って行こう！",,1,yes,
"クロフィシリーズの
生産方法が記された紙。
工房に持って行こう！",,1,yes,
"モンスターの力が秘められて
いると噂される不思議な球体。
桃色の光をたたえている。",,1,yes,
"モンスターの力が秘められて
いると噂される不思議な球体。
緑色の光をたたえている。",,1,yes,
"モンスターの力が秘められて
いると噂される不思議な球体。
紫色の光をたたえている。",,1,yes,
"太古の技術が記されていると
いう銀色に輝く書物。解読す
れば未知の領域が開けるとか。",,1,,
"鉄器を用いても砕くのが
困難といわれている
とてつもなく堅い石。",,1,,
"いつどこで書かれたのかも
定かではない設計図。謎の
技術について書かれている。",,1,,
"荒々しさの中にも繊細さを
持ち合わせる不思議な毛皮。
加工するのが困難なのが難点。",,1,,
"熟練の職人が２人がかりで
幾日もかけて作り上げる
という非常に丈夫な布地。",,1,,
"奇面族により育てられている
という不思議な花。夜な夜な
踊り出すとの噂も。",,1,,
"月明かりに照らすと、
光り出すという樹の枝。
触ると温かい。",,1,,
"夜の闇を思わせる、漆黒の
蔦。月明かりもない、暗闇で
ひっそりと育つという。",,1,,
"きらきらと輝く黄金の鈴。
人々に祝福の音色を奏でる
というおめでたいもの。",,1,,
"皇氷重弩の
生産方法が記された紙。
工房に持って行こう！",,1,,
"皇氷重弩・改の
生産方法が記された紙。
工房に持って行こう！",,1,,
"皇氷重弩【氷舞】の
生産方法が記された紙。
工房に持って行こう！",,1,,
"皇氷重弩【氷襲】の
生産方法が記された紙。
工房に持って行こう！",,1,,
"皇氷重弩【氷河期】の
生産方法が記された紙。
工房に持って行こう！",,1,,
"王皇氷重弩の
生産方法が記された紙。
工房に持って行こう！",,1,,
"王皇氷重弩・改の
生産方法が記された紙。
工房に持って行こう！",,1,,
"冥氷重弩の
生産方法が記された紙。
工房に持って行こう！",,1,,
"冥氷重弩・改の
生産方法が記された紙。
工房に持って行こう！",,1,,
"冥氷重弩【氷舞】の
生産方法が記された紙。
工房に持って行こう！",,1,,
"冥氷重弩【氷襲】の
生産方法が記された紙。
工房に持って行こう！",,1,,
"冥氷重弩【氷河期】の
生産方法が記された紙。
工房に持って行こう！",,1,,
"王冥氷重弩の
生産方法が記された紙。
工房に持って行こう！",,1,,
"王冥氷重弩・改の
生産方法が記された紙。
工房に持って行こう！",,1,,
"三日月のような形状の希少
な鉱石。非常に脆く扱いには
注意が必要。",,1,,
"鬼と呼ばれる生物の肌に
造りが似ていると言われる
黒ずんだ金属。",,1,,
"チアリムシリーズの
生産方法が記された紙。
工房に持って行こう！",,1,yes,
"出血を瞬時に止められる薬品が
詰まっている。玉を叩き付けて
割ることで薬品が散布される。",,1,,
"モンスターが生成する抗体。
解毒と、一時的な毒無効化が
望める。{c05}（精算アイテム）",,1,yes,
"火薬が湿らないよう処理を施
した火酸弾。長期保存が可能。
{c05}（狩煉道専用アイテム）",,1,yes,
"火薬が湿らないよう処理を施
した水酸弾。長期保存が可能。
{c05}（狩煉道専用アイテム）",,1,yes,
"火薬が湿らないよう処理を施
した雷酸弾。長期保存が可能。
{c05}（狩煉道専用アイテム）",,1,yes,
"火薬が湿らないよう処理を施
した氷酸弾。長期保存が可能。
{c05}（狩煉道専用アイテム）",,1,yes,
"火薬が湿らないよう処理を施
した龍酸弾。長期保存が可能。
{c05}（狩煉道専用アイテム）",,1,yes,
"鋭さが際立つ裂水竜の鱗。水
混じりの鱗粉が付着し、角度
によっては煌めいて見える。",,1,,
"裂水竜の頑強な外殻。
捕食対象の攻撃を全く寄せ
付けないほど強固。",,1,,
"剥ぎ取りが難しいとされる
裂水竜の延髄。加工には
繊細な技術が要求される。",,1,,
"長い年月をかけて裂水竜の体
内で生成された珠玉の素材。
鋼のような硬度を誇る。",,1,,
"少し触った程度でも切れてし
まう裂水竜の刃。安全な加工
方法はまだ確立されていない。",,1,,
"裂水竜の強靭な尻尾。この素
材から作られる武器は凄まじ
い斬れ味を持つ。",,1,,
"裂水竜の特殊な個体から入手
できる素材。紅色の輝きが大
変美しく、見る者を虜にする。",,1,,
"エヴォネコシリーズの
生産方法が記された紙。
工房に持って行こう！",,1,yes,
"ティオティオの
生産方法が記された紙。
工房に持って行こう！",,1,yes,
"ズィオズィオの
生産方法が記された紙。
工房に持って行こう！",,1,yes,
"透き通った空色をした、希少
な鉱石。非常に脆く扱いには
注意が必要。",,1,,
"猟団料理の食材。
太古から原生する鼓のような
空洞のある実。",,1,,
"猟団料理の食材。
噛みしめることでドンドン
ガッツが湧いてくる肉。",,1,yes,
"盾蟹の大きな殻。硬度が尋常
ではないため、加工に使う道
具は慎重に選ばねばならない。",,1,,
"独自の進化を遂げた盾蟹の爪
の一部。傷が付きにくく、
武具の素材としては一級品。",,1,,
"重厚な盾蟹の体を支える屈強
な脚。武具の補強用の素材と
して注目を集めている。",,1,,
"細く尖った盾蟹の歯。
この歯でものを細かく砕い
て食べる。",,1,,
"盾蟹の頭部にある大きな触角。
一個体から最大二本しか手に
入らないため、貴重。",,1,,
"黄金色に輝く真珠。特殊な
個体からしか入手できない
ため、幻の素材とも言われる。",,1,,
"甲殻種が宿とする飛竜種の頭
殻。風化が激しいものもあり、
当たり外れの差が大きい。",,1,,
"甲殻種が宿としている飛竜の
頭殻の中でも特に大きなもの。",,1,,
"異様に肥大化した盾蟹の爪。
過酷な生存競争の中で、堅牢
な盾を獲得するに至った。",,1,,
"堅牢な盾となった盾蟹の爪。
様々な鉱物が混ざり合い、
合金のごとき硬度を得た。",,1,,
"さらに硬度を増した盾蟹の爪。
圧倒的な質量であらゆる攻撃
を防ぎ、地盤をも粉砕する。",,1,,
"圧倒的な盾蟹の爪。歴戦のハ
ンターのみが入手でき、真の
職人のみが加工できる。",,1,yes,
"橙色が鮮やかな眠鳥の体毛。
ふさふさでとても触り心地が
良く、万人受けする素材。",,1,,
"岩盤をも容易に砕く眠鳥の強
靭な爪。この爪にかかれば
無事では済まない。",,1,,
"眠鳥の特殊な唾液腺から分泌
される唾液。粘り気があり、
シャボン玉を形成する。",,1,yes,
"眠鳥の立派なトサカ。個体
の珍しさもあいまって、入
手は困難とされている。",,1,yes,
"妖しく光る眠鳥の胃石。じっ
と見つめた日には悪夢を見る
という迷信がある。",,1,,
"特殊なクチバシを持つ眠鳥の
発声器官。眠る者はその声に
うなされるという。",,1,yes,
"眠鳥の尾に付いている羽根。
毛並、質どれをとっても一級
で、まさに夢のような素材。",,1,,
"眠鳥の尾羽根。怒ると放出さ
れる特殊な粉塵が付着してお
り、見た目良し、質も良し。",,1,,
"異様に巨大化した眠鳥のクチ
バシ。長い生存競争の結果、
攻撃的な進化を遂げた。",,1,yes,
"岩盤を砕くほど強靭な眠鳥の
クチバシ。睡眠ガスの爆発も
起こすことができる。",,1,yes,
"微睡みを呼ぶ眠鳥のクチバシ。
このクチバシを目にした次の
瞬間には眠りに落ちている。",,1,yes,
"圧倒的な強さを持つ眠鳥から
入手できるクチバシ。あらゆ
る職人が加工を夢見る。",,1,yes,
"素晴らしい強度と、美しさを
持つエスピナスの鱗。
傷は一つも見当たらない。",,1,yes,
"紅く鋭利なエスピナスの棘。
そっと触れるだけでも
肉は削がれ、毒に侵される。",,1,yes,
"素晴らしい強度と、美しさを
持つエスピナスの甲殻。
毒はついていないようだ。",,1,yes,
"猛毒を含むエスピナスの血液。
通常の解毒薬の効果は全く
期待できないほど毒性が強い。",,1,yes,
"エスピナスの猛毒が溜まる
内臓器官。毒が強すぎるため
研究はされていない。",,1,yes,
"エスピナスの体内で作られた
とても美しく、大きな宝玉。
怒りを彷彿とさせる紅である。",,1,yes,
"紅く鋭利なエスピナスの爪。
内側には毒が流れているため
触れることも躊躇う。",,1,yes,
"エスピナスの立派な翼。
翼膜に張り巡らされた血管は
威嚇の際に真っ赤に染まる。",,1,yes,
"毒が生成されている器官。
不思議なことに、剥ぎ取ると
無毒化されるようだ。",,1,,
"エスピナスの爪や角、体表に
無数に存在する刺胞。
全てが毒腺とつながっていた。",,1,yes,
"猛毒を含むエスピナスの髄。
全ての毒はここを通り全身を
循環することが分かった。",,1,yes,
"毒を帯びたエスピナスの尻尾。
しかし角ほどの毒はないため
比較的安心して扱える。",,1,yes,
"異常なまでに変異を遂げた
エスピナスの角。変異の
原因は分かっていない。",,1,yes,
"異常なまでに変異を遂げた
エスピナスの角。数千もの
毒腺が集まっていた。",,1,yes,
"異常なまでに変異を遂げた
エスピナスの角。内部には
巨大な毒の管が確認できる。",,1,yes,
"異常なまでに変異を遂げた
エスピナスの角。強力な毒が
その形まで変えてしまった。",,1,yes,
"一度手にしたら離せなくなる
言葉に言い表せないほど
プリッとしたフルフルの皮。",,1,yes,
"フルフルの全身を循環する
青い血液。不気味だが
少しいい匂いがする。",,1,yes,
"体表を覆う膜の一枚下にある
フルフルの白い膜。電気を
操るのに適した組織のようだ。",,1,yes,
"フルフルの全身にうっすらと
生えている毛。獲物の振動を
全身で感じ取れる。",,1,yes,
"宝石のような美しい輝きを
放つフルフルの皮。強い放電
により皮膚が変化したようだ。",,1,yes,
"フルフルの体内で生成される
真珠の様な丸い物質。
でも少しプニプニしている。",,1,yes,
"柔らかくも立派なフルフルの
翼。いくつもの傷を受けては
修復した痕がある。",,1,yes,
"柔らかくも立派なフルフルの
翼。傷痕が多い分、強さを
感じることができる。",,1,yes,
"今まで調査されることが
なかったフルフルの胃袋。
とても気持ち悪い。",,1,yes,
"フルフルの胃袋の中でも
かなり大きいもの。通常の
胃袋より中身が詰まっている。",,1,yes,
"洞窟の天井に張り付くために
進化したフルフルの吸盤。
想像以上に柔らかかった。",,1,yes,
"通常のものよりも吸着力が
強化されたフルフルの吸盤。
でも柔らかくて気持ちがいい。",,1,yes,
"原形をとどめないほどに変異
したフルフルの頭。研究対象
として重要な素材でもある。",,1,yes,
"原形をとどめないほどに変異
したフルフルの頭。目の前の
獲物を確実に捕らえる。",,1,yes,
"原形をとどめないほどに変異
したフルフルの頭。発電量も
今までと比べ物にならない。",,1,yes,
"原形をとどめないほどに変異
したフルフルの頭。電気の力
によって突然変異を起こした。",,1,yes,
"取分け深い色合いをもった鱗。
無尽の闇に光が呑まれ、
光の反射さえ起こらない代物。",,1,,
"黒蝕竜を取り巻く漆黒の鎧。
如何なる斬打も闇の渦に呑まれ
其の身に届くことは無い。",,1,,
"死をもたらす湾曲の爪。第三の
腕によって狂竜に侵された者は
末代まで禍根に苦しむという。",,1,,
"連夜にゆらめく凶相の翼。取り
込まれた命は、暗夜の中で体を
侵され、狂気の渦に心を堕す。",,1,,
"全ての光を呑みこむ闇の珠玉。
混濁の無い純粋な漆黒は、光を
その内に封じ、闇に溶かす。",,1,,
"翼腕に備わる黒蝕竜の逆鱗。
命を食む狂竜の力が、紫を帯び
た特質的な色味を生む。",,1,,
"逆立つ鱗に覆われた黒尾。
薙ぎ払うというより、しなりに
よって鞭のような鋭さを生む。",,1,,
"研ぎ澄まされた黒蝕竜の触角。
角のような形状から、憂いを帯
びた狂竜の紫光を漏らす。",,1,,
"侵食が進んだ鱗。狂竜の残滓が
色濃く残り、用いた武具は、
使い手を呑みこむ魔装と化す。",,1,,
"ゴア・マガラの上質な鱗。
その光沢のない漆黒の色に、
魅了される者は少なくない。",,1,yes,
"黒蝕竜を包む重厚な暗き外殻。
それを用いた武具を使う者は
正気を保てる保障などない。",,1,,
"狂気を紡ぐ黒蝕竜の異形の爪。
病に侵されることを怖れ、加工
を躊躇する職人は多い。",,1,,
"夜闇に溶け込む災厄の暗黒翼。
昏き病魔を振りまく其の様は
死神を想起させる。",,1,,
"黒蝕竜の幻ともいえる黒き鱗。
武具に用いたら、人を超越した
力を得られると云われる。",,1,,
"逆立つ鱗に覆われた鋭い黒尾。
尾の一振りで、その鋭利な鱗に
切り刻まれる。",,1,,
"紫光の明滅を繰り返す大振りの
触角。その光は凶兆とされ、
持ち帰ることは禁忌とされた。",,1,,
"熱を帯びた火竜の甲殻。
討伐直後は高温なこともあり、
剥ぎ取ることが難しい。",,1,,
"独自の進化を遂げた火竜の鱗。
勇壮さの証となる。",,1,,
"あらゆるものを引き裂く火竜
の爪。ひとたび切り裂かれれ
ば、焼印のような跡が残る。",,1,,
"滅多に入手できない火竜の髄。
灼熱の炎を帯びている。",,1,,
"あまりの高熱によって光を放
つ火竜の鱗。通常は触れる
ことすらかなわない。",,1,,
"眩い輝きを放つ火竜の玉石。
目視することは困難で、加工
には特殊な技術が必要となる。",,1,,
"火竜の頭部に生えている棘。
鋭く尖っているため、扱う際
は注意が必要。",,1,,
"火竜の頭部に生えている棘の
中でも特に立派なもの。火竜
の雄々しさがにじみ出ている。",,1,,
"特殊な火竜の尻尾から剥ぎ
取れる素材。高品質なため
需要が高い。",,1,,
"怒ると燃え盛る火竜の尻尾。
振り回すと地面に火が燃え移
り、辺り一帯を焼き尽くす。",,1,,
"長時間空を飛び続けるため、
大きく発達した火竜の翼。
空の王者の象徴。",,1,,
"空の王者たる火竜の灼熱の翼。
これを手に入れることは
空を制することに等しい。",,1,,
"絢爛たる火竜の翼。翼に炎を
まとい天空を飛ぶ姿は、まさ
に空の王者の名に相応しい。",,1,,
"凄まじき力を持つ火竜の翼。
その炎の前ではあらゆる土地
が焦土と化す。",,1,,
"身にまとった者に、あざやかな
麗しさを与えるという、しっと
りとした手触りの布。",,1,,
"鋭く引き裂かれている鱗。
武具工房へ持っていくと、
何かに加工してもらえるかも。",,1,,
"マヴロヴの
生産方法が記された紙。
工房に持って行こう！",,1,yes,
"ロゾヴィの
生産方法が記された紙。
工房に持って行こう！",,1,yes,
"ヴィグルの
生産方法が記された紙。
工房に持って行こう！",,1,yes,
"ソリテューの
生産方法が記された紙。
工房に持って行こう！",,1,yes,
"プレットの
生産方法が記された紙。
工房に持って行こう！",,1,yes,
"ネキュロの
生産方法が記された紙。
工房に持って行こう！",,1,yes,
"サクフィシリーズの
生産方法が記された紙。
工房に持って行こう！",,1,yes,
"アスモシリーズの
生産方法が記された紙。
工房に持って行こう！",,1,yes,
"ディオスシリーズの
生産方法が記された紙。
工房に持って行こう！",,1,yes,
"エヴォルシリーズの
生産方法が記された紙。
工房に持って行こう！",,1,yes,
"キャロルＣシリーズの
生産方法が記された紙。
工房に持って行こう！",,1,yes,
"ザイラＣシリーズの
生産方法が記された紙。
工房に持って行こう！",,1,yes,
"ルースＣシリーズの
生産方法が記された紙。
工房に持って行こう！",,1,yes,
"ハロキュＤシリーズの
解放方法が記された紙。
工房に持って行こう！",,1,yes,
"ヒガクレＣシリーズの
解放方法が記された紙。
工房に持って行こう！",,1,yes,
"エヴォルＤシリーズの
生産方法が記された紙。
工房に持って行こう！",,1,yes,
"雪獅子の中でも特に強い個体
の体毛。保温性に優れ、氷点
下の環境にも順応できる。",,1,,
"雪獅子の犬歯。そのまま用い
るのは難しいが、研ぎ澄ます
ことで凄まじい鋭さを得る。",,1,,
"雪獅子の分厚い皮。体毛と
合わせ、究極の耐寒性を
生み出している。",,1,,
"雪獅子の豪胆な動きを支える
骨。その頑健さが、並外れた
力の源となっている。",,1,,
"種族の中でも特に強いとみな
された雪獅子が持つ、自らの
存在を誇示するための髭。",,1,,
"雪獅子から稀に取れる宝玉。
まるで冬そのものが宿って
いるかのように美しい。",,1,,
"種族の長たる雪獅子の立派な
牙。硬く鋭い性質のため、武
具の素材として重宝される。",,1,,
"雪獅子の長大な牙。目立つ傷
跡がなく、これまでいかに相
手を圧倒してきたかが窺える。",,1,,
"雪獅子の尻尾。ツヤがあり柔
軟性に富んでいるため、取り
合いになるほど人気の一品。",,1,yes,
"特徴的な雪獅子の尻尾。触り
心地は抜群で、一度触ると
簡単には離れられない。",,1,,
"凄まじく発達した雪獅子の腕。
極寒の地で氷を砕くために
進化したのだと思われる。",,1,,
"凄まじく発達した雪獅子の腕。
剛力の象徴で、腕に自信のあ
る者でなければ入手できない。",,1,,
"凄まじく発達した雪獅子の腕。
尋常でない怪力を発揮し、
あらゆるものを粉砕する。",,1,,
"凄まじく発達した雪獅子の腕。
その絶対的な膂力から、
怪力乱神とまで言われる。",,1,,
"出処不明の異質な巨大骨。
非常に固く、加工するには
かなりの時間を必要とする。",,1,,
"他の鱗とは似ても似つかない
異彩を放つ黒い鱗。硬さと
柔軟性を兼ね備えている。",,1,,
"蒼く輝く希少鋼石。類を見な
い硬度や衝撃の強さから武器
として真価を発揮される。",,1,,
"変異したモンスターの甲殻。
十分な強度があり、武器の
素材として十分期待できる。",,1,yes,
"デスタンの
生産方法が記された紙。
工房に持って行こう！",,1,yes,
"エヴァイの
生産方法が記された紙。
工房に持って行こう！",,1,yes,
"スコペルの
生産方法が記された紙。
工房に持って行こう！",,1,yes,
"パルトネの
生産方法が記された紙。
工房に持って行こう！",,1,yes,
"ディレットの
生産方法が記された紙。
工房に持って行こう！",,1,yes,
"ディレット・ソルテの
生産方法が記された紙。
工房に持って行こう！",,1,yes,
"ディレット・タジャウの
生産方法が記された紙。
工房に持って行こう！",,1,yes,
"ディレット・ヴィーゴの
生産方法が記された紙。
工房に持って行こう！",,1,yes,
"ディレット・シィラの
生産方法が記された紙。
工房に持って行こう！",,1,yes,
"ディレット・サンの
生産方法が記された紙。
工房に持って行こう！",,1,yes,
"ディレット・シンの
生産方法が記された紙。
工房に持って行こう！",,1,yes,
"イスティの
生産方法が記された紙。
工房に持って行こう！",,1,yes,
"イスティ・ソルテの
生産方法が記された紙。
工房に持って行こう！",,1,yes,
"イスティ・タジャウの
生産方法が記された紙。
工房に持って行こう！",,1,yes,
"イスティ・ヴィーゴの
生産方法が記された紙。
工房に持って行こう！",,1,yes,
"イスティ・シィラの
生産方法が記された紙。
工房に持って行こう！",,1,yes,
"イスティ・サンの
生産方法が記された紙。
工房に持って行こう！",,1,yes,
"イスティ・シンの
生産方法が記された紙。
工房に持って行こう！",,1,yes,
"王皇氷重弩・絶の
生産方法が記された紙。
工房に持って行こう！",,1,,
"王冥氷重弩・絶の
生産方法が記された紙。
工房に持って行こう！",,1,,
"星空ノタクト貤の
生産方法が記された紙。
工房に持って行こう！",,1,yes,
"星空ノ弓貤の
生産方法が記された紙。
工房に持って行こう！",,1,,
"夜空ノタクト貤の
生産方法が記された紙。
工房に持って行こう！",,1,yes,
"夜空ノ弓貤の
生産方法が記された紙。
工房に持って行こう！",,1,,
"雪ミク2017シリーズの
生産方法が記された紙。
工房に持って行こう！",,1,yes,
"ワンダレシリーズの
生産方法が記された紙。
工房に持って行こう！",,1,yes,
"ムルタシリーズの
生産方法が記された紙。
工房に持って行こう！",,1,yes,
"ハウラシリーズの
生産方法が記された紙。
工房に持って行こう！",,1,yes,
"パンセシリーズの
生産方法が記された紙。
工房に持って行こう！",,1,yes,
"マリジュシリーズの
生産方法が記された紙。
工房に持って行こう！",,1,yes,
"ワンダレＤシリーズの
生産方法が記された紙。
工房に持って行こう！",,1,yes,
"蒼皇氷Ｄシリーズの
生産方法が記された紙。
工房に持って行こう！",,1,yes,
"白皇氷Ｄシリーズの
生産方法が記された紙。
工房に持って行こう！",,1,yes,
"紅皇氷Ｄシリーズの
生産方法が記された紙。
工房に持って行こう！",,1,yes,
"♪の形をした雪の結晶。
メゼポルタのコレクターが
熱心に収集している。",,1,yes,
"雪ミクが教えてくれた音楽が
書かれた楽譜。
素敵な音楽を奏でよう！",,1,yes,
"祈りの込められた小石。
様々な可能性を秘めている。",,1,,
"繊細な鳥類の羽毛。
加工は難しいが、質が良く
重宝されている。",,1,,
"サンタＤシリーズの
解放方法が記された紙。
工房に持って行こう！",,1,yes,
"ガウシカＤシリーズの
解放方法が記された紙。
工房に持って行こう！",,1,yes,
"ランセＣシリーズの
解放方法が記された紙。
工房に持って行こう！",,1,yes,
"狩人祭の参加者に送られる刻
印。祭を通して狩りを磨きあ
げたＧ級参加者への褒賞品。",,1,,
"蒼く透き通った色が特徴な
鉱石。鬼が流した涙の
結晶とも言われている。",,1,,
"メゼポルタ広場に沸き立つ
パッション。気分が向上し
職人が腕前を発揮してくれる。",,1,yes,
"大事なことに気付かされた
ハンターが命名した鉱石。
キズナと書かれている。",,1,yes,
"ペレグリシリーズの
生産方法が記された紙。
工房に持って行こう！",,1,yes,
"サクフィＤシリーズの
生産方法が記された紙。
工房に持って行こう！",,1,yes,
"アスモＤシリーズの
生産方法が記された紙。
工房に持って行こう！",,1,yes,
"ディオスＤシリーズの
生産方法が記された紙。
工房に持って行こう！",,1,yes,
"アステリＤシリーズの
生産方法が記された紙。
工房に持って行こう！",,1,yes,
"リアンＤシリーズの
生産方法が記された紙。
工房に持って行こう！",,1,yes,
"キャロルＤシリーズの
生産方法が記された紙。
工房に持って行こう！",,1,yes,
"アスールＤシリーズの
解放方法が記された紙。
工房に持って行こう！",,1,yes,
"ハーヴェストＤシリーズの
解放方法が記された紙。
工房に持って行こう！",,1,yes,
"メランＤシリーズの
解放方法が記された紙。
工房に持って行こう！",,1,yes,
"ディールＤシリーズの
解放方法が記された紙。
工房に持って行こう！",,1,yes,
"タンドレスＤシリーズの
解放方法が記された紙。
工房に持って行こう！",,1,yes,
"ランセＤシリーズの
解放方法が記された紙。
工房に持って行こう！",,1,yes,
"ガネトＤシリーズの
解放方法が記された紙。
工房に持って行こう！",,1,yes,
"チールＤシリーズの
解放方法が記された紙。
工房に持って行こう！",,1,yes,
"シウスＤシリーズの
解放方法が記された紙。
工房に持って行こう！",,1,yes,
"ウルキーフェイクＤシリー
ズの解放方法が記された紙。
工房に持って行こう！",,1,yes,
"ワンスＤシリーズの
解放方法が記された紙。
工房に持って行こう！",,1,yes,
"淡桜Ｄシリーズの
解放方法が記された紙。
工房に持って行こう！",,1,yes,
"イーリスＤシリーズの
解放方法が記された紙。
工房に持って行こう！",,1,yes,
"ハウラＤシリーズの
生産方法が記された紙。
工房に持って行こう！",,1,yes,
"パンセＤシリーズの
生産方法が記された紙。
工房に持って行こう！",,1,yes,
"マリジュＤシリーズの
生産方法が記された紙。
工房に持って行こう！",,1,yes,
"雪ミク2017Ｄシリーズの
生産方法が記された紙。
工房に持って行こう！",,1,yes,
"ミクＤシリーズの
生産方法が記された紙。
工房に持って行こう！",,1,yes,
"和奏Ｄシリーズの
生産方法が記された紙。
工房に持って行こう！",,1,yes,
"アイルーＤシリーズの
生産方法が記された紙。
工房に持って行こう！",,1,yes,
"オウビートＤシリーズの
解放方法が記された紙。
工房に持って行こう！",,1,yes,
"パピメルＤシリーズの
解放方法が記された紙。
工房に持って行こう！",,1,yes,
"ヴォルアドミラルＤの
解放方法が記された紙。
工房に持って行こう！",,1,yes,
"ヴォルレジェンドＤの
解放方法が記された紙。
工房に持って行こう！",,1,yes,
"鬼神Ｄシリーズの
解放方法が記された紙。
工房に持って行こう！",,1,yes,
"鬼伝Ｄシリーズの
解放方法が記された紙。
工房に持って行こう！",,1,yes,
"鬼凜Ｄシリーズの
解放方法が記された紙。
工房に持って行こう！",,1,yes,
"ビストロＤシリーズの
解放方法が記された紙。
工房に持って行こう！",,1,yes,
"ほんのり上品な紫色が特徴の
尾晶蠍の堅い殻。流れる体液
が変化し、衝撃を吸収する。",,1,,
"尾晶蠍の体内を流れる液体。
普段はさらりとしているが、
強い衝撃を受けると硬化する。",,1,,
"殻の隙間や表面にうっすらと
生えている毒毛。触れた瞬間、
瞬時に体が痺れてしまう。",,1,,
"驚くべき粘着性を特徴とする
尾晶蠍の体液。身体に付くと
もう二度と取れない。",,1,,
"尾晶蠍の体内に確認された、
麻痺毒液が詰まった器官。
尻尾の先まで管が延びている。",,1,,
"尾晶蠍の体内で発見された、
大きく透明な石。生成過程や
成分など、不明な点が多い。",,1,,
"さらに強い力で鉱石を砕く、
尾晶蠍の顎。やはり、食事を
するときだけしか使わない。",,1,,
"もはや砕けないものはない
尾晶蠍の顎。しかし、何かを
食べるときだけしか使わない。",,1,,
"盾蟹にも劣らぬ力を備える
尾晶蠍の爪。一度挟まれると、
抜け出すことはできない。",,1,,
"鋭さを増した尾晶蠍の爪。
挟むだけではなく、叩きつけ、
相手を弾き飛ばすこともある。",,1,,
"恐ろしく異様な形に発達した、
尾晶蠍の尻尾。かなりの重量
だが、とてもしなやかに動く。",,1,,
"恐ろしく異様な形に発達した、
尾晶蠍の尻尾。先端の重さで
尻尾自体も強靭さを増した。",,1,,
"恐ろしく異様な形に発達した、
尾晶蠍の尻尾。叩きつければ
遥か彼方まで、震動が届く。",,1,,
"恐ろしく異様な形に発達した、
尾晶蠍の尻尾。触れるだけで
全てのものが結晶化する。",,1,,
"炭のような見た目の焔嶽龍の
厚い皮。驚くべき厚みを持ち、
熱を内側に閉じ込めてしまう。",,1,,
"焔嶽龍の巨大な体を支える
大きく堅い骨。背中に露出し、
外骨格の役割も果たしている。",,1,,
"焔嶽龍の体内に流れる
高温の血液。末端まで隅々に
流れていき、超高温となる。",,1,,
"焔嶽龍の体内で生成された
美しい宝玉。その内部は
炎で満たされている。",,1,,
"小型の飛竜ほどの大きさを
誇る焔嶽龍の尻尾。たくさん
剥ぎ取ることができる。",,1,,
"体に溜まった熱が集まる
焔嶽龍の角。破壊した後も
超高温を保っている。",,1,,
"ハンターと同じ大きさほどの
焔嶽龍の巨大な爪。そのまま
武器として使えるほど。",,1,yes,
"焔嶽龍の背中にある外骨格。
自分自身を誇示するために
発達したものだと推測される。",,1,,
"１枚で１クエスト、契約した
レジェンドラスタが同行可能。
ソロプレイでのみ適用。",,1,yes,
"待望の人気月刊誌『狩りに
生きる』増刊号。貴方は知る
ことになる、究極の収納術を。",,1,,
"アイスソード貤の
生産方法が記された紙。
工房に持って行こう！",,1,yes,
"レフトハンドソード貤の
生産方法が記された紙。
工房に持って行こう！",,1,yes,
"グリムリーパー貤の
生産方法が記された紙。
工房に持って行こう！",,1,yes,
"古びた刀が語りかけてくる。
「我が栄光と挫折の物語を聞く
が良い」工房に持って行こう。",,1,,
"Ｔ２６０Ｇシリーズの
生産方法が記された紙。
工房に持って行こう！",,1,yes,
"古びた刀に宿った魂の化身を
打ち破った証。
古刀の真の力を解放できる。",,1,,
"鋼鉄のように硬い轟竜の鱗。
生半可な攻撃では、傷一つ
付けることが出来ない。",,1,,
"硬さと柔軟さを兼ね備えた、轟
竜の皮。加工には技術が要る
が、そこは職人の腕の見せ所。",,1,,
"血に飢えた轟竜の牙。
微かに赤みがかっているのは、
何者かの血の色である。",,1,,
"獰猛かつ狡猾な轟竜の体内に
流れる血液。強靱な肉体を
動かす原動力となっている。",,1,,
"衝撃波を伴う咆哮を生み出す
大きな袋。伸縮性に優れた組
織で構成され、強度も十分。",,1,,
"轟竜の体内で稀に作られる琥珀
色の玉。その希少性から、珍品
収集家の間でも大人気である。",,1,,
"轟竜の強靱な顎。一度捕らえ
られた獲物は、絶対に逃げ出す
ことはできない。",,1,,
"轟竜の顎の中でも、特に強靱
なもの。その強さは鋼鉄をも
砕く。",,1,,
"轟竜の尻尾。激しく暴れ回る際
の姿勢制御の役割も兼ねてい
る。",,1,,
"特に凶暴な個体の尻尾。轟竜の
強靱な肉体にかかれば、ただの
尻尾も凶悪な武器となる。",,1,,
"鋭く発達した轟竜の爪。
獲物を拘束する際にも
利用される。",,1,,
"鋭く発達した轟竜の爪。
不用意に触れると、深い傷を
負うことになる。",,1,,
"鋭く発達した轟竜の爪。
一振りで、獲物を刻む鎌鼬を
生み出す。",,1,,
"鋭く発達した轟竜の爪。
その爪から放たれる一撃は、
地を裂き空を斬る。",,1,,
"エミールＤシリーズの
生産方法が記された紙。
工房に持って行こう！",,1,yes,
"ヘシュムシリーズの
生産方法が記された紙。
工房に持って行こう！",,1,yes,
"ヘシュムＤシリーズの
生産方法が記された紙。
工房に持って行こう！",,1,yes,
"カサミエシリーズの
生産方法が記された紙。
工房に持って行こう！",,1,yes,
"カサミエＤシリーズの
生産方法が記された紙。
工房に持って行こう！",,1,yes,
"新品よりも綺麗と言いたくな
るバッジだ。毎日、手入れを
欠かさずしているのだろう。",,1,yes,
"薄汚れ、部分が欠けたバッジ
だが、捨てると悪い事が起こ
りそうな気がする。",,1,yes,
"頭にかぶれるぐらい、
とても大きなカボチャだ。",,1,yes,
"こぶしが隠せるぐらいの
大きさのカボチャだ。",,1,yes,
"この特別なリボンで結ばれた
物もまた、特別になるのだと
特別な人は言うのだそうだ。",,1,yes,
"大きさの割に底が深く見える
臼。落ちてしまったら、どこ
までも吸い込まれそう。",,1,,
"持ち手も握りやすく、大きさ
もちょうど良い杵。美味しい
お餅が作れそうだ。",,1,,
"餅は元々もちもちしているが
この餅は群を抜いてもちもち
している、もちもちの餅だ。",,1,,
"まだ出来上がったばかりの、
とても美味しそうなクッキー
だ。あついうちに食べよう。",,1,yes,
"食べられない事はないが、
好んで食べたくはない。",,1,,
"キノスＤシリーズの
解放方法が記された紙。
工房に持って行こう！",,1,yes,
"ヒメロスＤシリーズの
解放方法が記された紙。
工房に持って行こう！",,1,yes,
"カリエンＤシリーズの
解放方法が記された紙。
工房に持って行こう！",,1,yes,
"アリエッタＤシリーズの
解放方法が記された紙。
工房に持って行こう！",,1,yes,
"クラフトＤシリーズの
解放方法が記された紙。
工房に持って行こう！",,1,yes,
"シエリーＤシリーズの
解放方法が記された紙。
工房に持って行こう！",,1,yes,
"プペンＤシリーズの
解放方法が記された紙。
工房に持って行こう！",,1,yes,
"モスカバＤシリーズの
解放方法が記された紙。
工房に持って行こう！",,1,yes,
"エクセレＤシリーズの
解放方法が記された紙。
工房に持って行こう！",,1,yes,
"オルドルＤシリーズの
解放方法が記された紙。
工房に持って行こう！",,1,yes,
"リオデュオＤシリーズの
解放方法が記された紙。
工房に持って行こう！",,1,yes,
"アトラＤシリーズの
解放方法が記された紙。
工房に持って行こう！",,1,yes,
"マダルＤシリーズの
解放方法が記された紙。
工房に持って行こう！",,1,yes,
"シャッセＤシリーズの
解放方法が記された紙。
工房に持って行こう！",,1,yes,
"オルケシスＤシリーズの
解放方法が記された紙。
工房に持って行こう！",,1,yes,
"ブリゼＤシリーズの
解放方法が記された紙。
工房に持って行こう！",,1,yes,
"クオイズＤシリーズの
解放方法が記された紙。
工房に持って行こう！",,1,yes,
"カライスＤシリーズの
解放方法が記された紙。
工房に持って行こう！",,1,yes,
"ルケーゼＤシリーズの
解放方法が記された紙。
工房に持って行こう！",,1,yes,
"エントラＤシリーズの
解放方法が記された紙。
工房に持って行こう！",,1,yes,
"シエロＤシリーズの
生産方法が記された紙。
工房に持って行こう！",,1,yes,
"ヴィーチＤシリーズの
生産方法が記された紙。
工房に持って行こう！",,1,yes,
"モンスターの力が秘められて
いると噂される不思議な球体。
橙色の光をたたえている。",,1,yes,
"メゼポルタ広場に巻き上がる
エモーション。その気持ちが
武具職人からの祝福を誘う。",,1,yes,
"武具工房にいるハリセン
ネコから「サガコラボくじ」
を引くためのチケット。",,1,yes,
"フルフルBABYの
生産方法が記された紙。
工房に持って行こう！",,1,yes,
"亜フルフルBABYの
生産方法が記された紙。
工房に持って行こう！",,1,yes,
"辿フルフルBABYの
生産方法が記された紙。
工房に持って行こう！",,1,yes,
"シエロＣシリーズの
生産方法が記された紙。
工房に持って行こう！",,1,yes,
"アイルーＣシリーズの
生産方法が記された紙。
工房に持って行こう！",,1,yes,
"Fate／SNＤシリーズの
生産方法が記された紙。
工房に持って行こう！",,1,yes,
"Fate賖Ｄシリーズの
生産方法が記された紙。
工房に持って行こう！",,1,yes,
"アーベンＤシリーズの
生産方法が記された紙。
工房に持って行こう！",,1,yes,
"アウラＤシリーズの
生産方法が記された紙。
工房に持って行こう！",,1,yes,
"クロフィＤシリーズの
生産方法が記された紙。
工房に持って行こう！",,1,yes,
"ケラヴノＤシリーズの
生産方法が記された紙。
工房に持って行こう！",,1,yes,
"ペンレＤシリーズの
生産方法が記された紙。
工房に持って行こう！",,1,yes,
"ペンレシリーズの
生産方法が記された紙。
工房に持って行こう！",,1,yes,
"ロッカＤシリーズの
生産方法が記された紙。
工房に持って行こう！",,1,yes,
"ロッカシリーズの
生産方法が記された紙。
工房に持って行こう！",,1,yes,
"トリートＣシリーズの
解放方法が記された紙。
工房に持って行こう！",,1,yes,
"クラフトＣシリーズの
解放方法が記された紙。
工房に持って行こう！",,1,yes,
"NieRシリーズの
生産方法が記された紙。
工房に持って行こう！",,1,yes,
"NieRＤシリーズの
生産方法が記された紙。
工房に持って行こう！",,1,yes,
"白の約定貤の
生産方法が記された紙。
工房に持って行こう！",,1,,
"白の哀哭貤の
生産方法が記された紙。
工房に持って行こう！",,1,,
"武具工房にいるハリセン
ネコから「NieRコラボくじ」
を引くためのチケット。",,1,yes,
"火薬が湿らないように処理を施
した火爆撃弾。長期保存可能。
{c05}（狩煉道専用アイテム）",,1,yes,
"火薬が湿らないように処理を施
した水爆撃弾。長期保存可能。
{c05}（狩煉道専用アイテム）",,1,yes,
"火薬が湿らないように処理を施
した雷爆撃弾。長期保存可能。
{c05}（狩煉道専用アイテム）",,1,yes,
"火薬が湿らないように処理を施
した氷爆撃弾。長期保存可能。
{c05}（狩煉道専用アイテム）",,1,yes,
"火薬が湿らないように処理を施
した龍爆撃弾。長期保存可能。
{c05}（狩煉道専用アイテム）",,1,yes,
"黄白に輝く天廻龍の鱗。
眼を奪われるその煌めきは、
千夜を越えても心に焼きつく。",,1,,
"天廻龍が纏う天上の鎧。何物も
攻め抜くことあたわず、万物を
照らす光がその身を護る。",,1,,
"驚く程柔らかな爪。天廻龍の意
志によってのみ力が宿り、撫で
つけるように万物を切り裂く。",,1,,
"陽にかざせば七色の残光を残す
天廻龍の翼。根本から遠く、
薄羽であるほど価値が上がる。",,1,,
"全ての闇を上書く光の珠玉。
全天を照らす極致の光が、
あまねく闇を侵食する。",,1,,
"背部に備わる天廻龍の逆鱗。
七色の背翼を退け、その先を見
た者のみに与えられる秘宝。",,1,,
"ささ立つ鱗に覆われた白尾。美
しい鱗の奥には、隆々と発達し
た筋骨が隠れている。",,1,,
"雄々しく昇る天廻龍の角。
転色したその身において、
名残りが集う狂竜の極点。",,1,,
"禁忌の白に彩られた龍鱗。
天廻龍の鱗の中でも、混じりの
ない白鱗のみがこう呼ばれる。",,1,,
"特に厚く身を護る白鱗。
成体となったその鱗は、耐性が
増し、壁の如く立ちはだかる。",,1,,
"天廻龍が纏う不可侵の鎧。
人の身でその鎧を貫くことは
敵わぬと伝えられる。",,1,,
"硬化が極まった天廻龍の爪。
それは天廻龍が生と死の転生を
繰り返した証といわれている。",,1,,
"光輝く神々しき天廻龍の翼。
その荘厳な光に導かれた生命は
繁栄と滅亡の岐路に立つ。",,1,,
"天廻龍の幻ともいえる白き鱗。
武具に用いたら、人を超越した
力を得られると云われる。",,1,,
"逆立つ鱗に覆われた強靭な尾。
透きとおるような純白さは良質
の現れ、優れた素材となる。",,1,,
"天廻龍の極めて良質な角。人の
時の流れにおいては、決して
朽ちる事はないと言われる。",,1,,
"頂点に立つモンスターが、
集めていた魅惑のクリスタル。
桃色の輝きを放つ。",,1,yes,
"頂点に立つモンスターが、
集めていた魅惑のクリスタル。
緑色の輝きを放つ。",,1,yes,
"頂点に立つモンスターが、
集めていた魅惑のクリスタル。
紫色の輝きを放つ。",,1,yes,
"頂点に立つモンスターが、
集めていた魅惑のクリスタル。
白色の輝きを放つ。",,1,yes,
"頂点に立つモンスターが、
集めていた魅惑のクリスタル。
青色の輝きを放つ。",,1,yes,
"頂点に立つモンスターが、
集めていた魅惑のクリスタル。
赤色の輝きを放つ。",,1,yes,
"頂点に立つモンスターが、
集めていた魅惑のクリスタル。
黄色の輝きを放つ。",,1,yes,
"頂点に立つモンスターが、
集めていた魅惑のクリスタル。
水色の輝きを放つ。",,1,yes,
"東方のレシピでできた薬草。
桜のつぼみを鮮やかに開花
させることができる。",,1,yes,
"笹につつまれた餡の入った
ヨモギ団子。結紐で両端を
絞ってるのが特徴的である。",,1,yes,
"激しく燃え上がった炎の、
なれの果ての姿。
近付くだけで溶けてしまう。",,1,,
"愛する人への気持ちを、
最大限に込め込んだ短冊。
願いがかないますように。",,1,,
"コオノオオオサキヲ
コオオエルオオニハ
{c05}（精算アイテム）",,1,yes,
"シドドドヘンドドヲ
ドドアドツメドド
{c05}（精算アイテム）",,1,yes,
"ツルルナルルゲ、ジ
ルルルョガルルイセヨ
{c05}（精算アイテム）",,1,yes,
"ヤる気満々なハンターさんへ
クるしそうにしている機械が
{c05}（精算アイテム）",,1,yes,
"ソこに座り込んでいるぞ。ど
ウにかしてあの機械の一部を
{c05}（精算アイテム）",,1,yes,
"ノみ込んで楽にしてくれ。
メかくしするヒトより。
{c05}（精算アイテム）",,1,yes,
"氷に覆われた氷獰竜の鱗。
凍結の原因は寒さではなく、
鱗そのものの冷たさにある。",,1,,
"温かな熱を放つ氷獰竜の皮。
血管が張り巡らされており、
内側はとても温かい。",,1,,
"鋭く尖った氷獰竜の爪。
地面に食い込ませて
滑り止めのように器用に使う。",,1,,
"特殊な血液を生成している
氷獰竜の髄。通常は温かいが
外気に触れると凍ってしまう。",,1,,
"外気に触れると瞬時に凍る
氷獰竜の血液。しかし
体内では沸騰したように熱い。",,1,,
"まれに氷獰竜の体内で
生成される透き通った玉石。
氷のように冷たい。",,1,,
"猛々しく成長した氷獰竜の角。
攻撃に使うことはないためか、
綺麗な形を保っている。",,1,,
"大きく成長した氷獰竜の猛角。
やはり傷は無いものの、
猛々しさと逞しさを感じる。",,1,,
"氷獰竜の内臓器官の一つ。
外気に触れると瞬時に凍る
液体が溜まっている。",,1,,
"氷獰竜の氷袋がさらに
発達したもの。より大きく
より冷たくなっている。",,1,,
"氷獰竜の大きい身体を支える
立派な骨。金属のように硬く、
加工には特殊な技術が必要。",,1,,
"さらに立派に成長した
氷獰竜の骨。あまりの硬さに、
折ることは不可能と言われる。",,1,,
"特異な発達を遂げた氷獰竜の
尻尾。その複雑な形によって
獲物は深い傷を負う。",,1,,
"特異な発達を遂げた氷獰竜の
尻尾。切るだけではなく、
叩きつけも可能となった。",,1,,
"特異な発達を遂げた氷獰竜の
尻尾。攻撃時の衝撃によって
骨格が変形してしまった。",,1,,
"特異な発達を遂げた氷獰竜の
尻尾。鋭い刃に重量が加わり
一撃でも致命傷は免れない。",,1,,
"針纏竜の全身を覆っている
柔らかい皮。しかし、
それを覆う毛は硬く鋭い。",,1,,
"針纏竜の立派な背骨。
類まれな強度によって
激しい動きにも耐えられる。",,1,,
"針纏竜が飛ばしてくる
巨大な棘。表面は金属の様な
組織に覆われている。",,1,,
"針纏竜の持つ、素晴らしい
強度と柔軟性を持つ腱。より
素早い動きを可能にした。",,1,,
"黒く収縮し、退化したと
見られる毒袋。原因は
分かっていない。",,1,,
"黄金色の金属膜に包まれた
針纏竜の毛針。毛皮の中に
稀に見つけることができる。",,1,,
"とてもしなやかに動く
針纏竜の尻尾。尾先の毛は
さらに集中し、硬くなった。",,1,,
"さらにしなやかさを増した
針纏竜の尻尾。鞭のように
振り、無数の棘を飛ばす。",,1,,
"さらに珍しい形に変化した
針纏竜の角。攻撃には
使用しないが、とても硬い。",,1,,
"硬度が増した針纏竜の大角。
背中の毛針同様に、強さを
示していると言われる。",,1,,
"鉄のように硬くなった
針纏竜の爪。表面は金属の
様な組織に覆われている。",,1,,
"より鋭くなった針纏竜の爪。
一振りすれば、獲物を
一瞬で引き裂いてしまう。",,1,,
"針纏竜の背中に生えている
巨大な毛針。表面は金属の
様に滑らか。",,1,,
"針纏竜の背中に生えている
巨大な毛針。怒ると全体が
黄金色に変化する。",,1,,
"針纏竜の背中に生えている
巨大な毛針。食性の変化が
毛針の生成に影響を与えた。",,1,,
"針纏竜の背中に生えている
巨大な毛針。強さと、
威厳を感じさせる。",,1,,
"ガガチュＤシリーズの
生産方法が記された紙。
工房に持って行こう！",,1,yes,
"太古の技術が記されていると
いう水色に輝く書物。解読す
れば未知の領域が開けるとか。",,1,,
"白い岩はチャチャブー達に
守られているようだ。守りを
突破せねばならないだろう。",,1,yes,
"蒼い岩に阻まれ先へ進めない。
チャチャブーの残した紙片が
何かのヒントだろうか…？",,1,yes,
"水辺に向かうチャチャブーが
いるようだ。一体、何を
していたのだろうか…。",,1,yes,
"白い岩に阻まれ先へ進めない。
チャチャブーの残した紙片が
何かのヒントだろうか…？",,1,yes,
"チャチャブーを２２匹倒すと
ベースキャンプに謎を解く
鍵が出てくるらしい…。",,1,yes,
"辿異種を象徴する発達部位の
欠片。
元のモンスターは不明。",,1,yes,
"ムルタＤシリーズの
生産方法が記された紙。
工房に持って行こう！",,1,yes,
"謎を解く鍵を手に入れたら、
その場で鍵を使ってみよう。
そうすると突破口が開ける。",,1,,
"ウチケシの実を塩と特別な葉
で漬けたもの。甘酸っぱい。
{c05}（狩煉道専用アイテム）",,1,yes,
"硬い造りになるよう加工され
た止血玉。
{c05}（狩煉道専用アイテム）",,1,yes,
"密封された容器に入った元気
ドリンコ。長旅にも安心。
{c05}（狩煉道専用アイテム）",,1,yes,
"密封された容器に入った
劇薬【緑】。長旅にも安心。
{c05}（狩煉道専用アイテム）",,1,yes,
"密封された容器に入った
劇薬【黄】。長旅にも安心。
{c05}（狩煉道専用アイテム）",,1,yes,
"様々な効果を持つ不思議な玉。
モンスターに投げてみよう。
{c05}（狩煉道専用アイテム）",,1,yes,
"即席で作られたシビレ罠。モ
ンスターの動きを止められる。
{c05}（狩煉道専用アイテム）",,1,yes,
"即席で作られた落とし穴。モ
ンスターの動きを止められる。
{c05}（狩煉道専用アイテム）",,1,yes,
"十五夜の月見に飾られ、
月の光のような輝きを放
つと言われるすすきの花。",,1,,
"奇面族が育て上げた立派
な南瓜。一般より大きい
サイズだが、味はしない。",,1,yes,
"眺めているだけでお祭り
気分を味わえる代物。涼
しさも感じられるのだとか。",,1,,
"熱湯に浸すことで、
武器綬【序】に変化する石。
グーク鍋で煮てみよう！",,1,yes,
"熱湯に浸すことで、
武器綬【中】に変化する石。
グーク鍋で煮てみよう！",,1,yes,
"熱湯に浸すことで、
武器綬【極】に変化する石。
グーク鍋で煮てみよう！",,1,yes,
"熱湯に浸すことで、
武器勲【序】に変化する石。
グーク鍋で煮てみよう！",,1,yes,
"熱湯に浸すことで、
武器勲【中】に変化する石。
グーク鍋で煮てみよう！",,1,yes,
"熱湯に浸すことで、
武器勲【極】に変化する石。
グーク鍋で煮てみよう！",,1,yes,
"３　　　　　２
　　　５
１　　　　　４",,1,,
"□←←←←←←□
　　　　　　　↑
□→→→→→→□",,1,,
"左下の窓で問に答えよ
【問】エリア内にいる
　　　アイルーの数は？",,1,yes,
"頑張った自分にご褒美！
可愛いケルビのいるエリアで
【拍手】をしよう。",,1,yes,
"光物の扱いに注意を払う。
特に縦長のエリアでは
絶対に使用しないこと。",,1,yes,
"８つの支給品が入った袋。
ゲリョスが持っていた。
{c05}（支給品専用）",,1,yes,
"黄金翼ノ剣貤の
生産方法が記された紙。
工房に持って行こう！",,1,,
"とても喜んでいるけど
実はちょっと恥じらっている
クロエの乙女心。",,1,yes,
"狩人祭に参加した
ハンター達の長年の思いが
集結した大きな魂魄。",,1,yes,
"鋭くとがった灼零龍の鱗。
金属に近い性質を
持っている。",,1,,
"温度によって色を変える、
灼零龍のたてがみ。熱の
変化に強い。",,1,,
"灼零龍の体内にある、
炎と氷を生み出す強靱
な二つの袋。",,1,,
"灼零龍の力の根源とされている
神秘的に輝く玉。常に色と温度
が変化している。",,1,,
"鉄を溶かすほどの高温にも
耐える、灼零龍の爪。加工
には高い技術が必要である。",,1,,
"吐息さえ凍るほどの低温にも
一切動じない、灼零龍の爪。
一握りの職人だけが扱える。",,1,,
"灼零龍の炎の力が宿った
燃角。とても熱く、素手で
触れると火傷してしまう。",,1,,
"灼零龍の氷の力が宿った
凍角。硬度が高く、武具
の素材としても有用である。",,1,,
"灼零龍の強靭な尻尾。
筋肉質で剥ぎ取る
のも一苦労。",,1,,
"10周年アニバ武器シリーズの
生産方法が記された紙。
工房に持って行こう！",,1,yes,
"10周年アニバ防具シリーズの
生産方法が記された紙。
工房に持って行こう！",,1,yes,
"ホルクが美しい音色で音楽を
奏でるための楽譜。
工房に持って行こう！",,1,yes,
"奇抜な色をした卵殻。衝撃に
強く、ハンマーで叩いても
割れることがないという。",,1,yes,
"雪のように白く、口溶け柔ら
かな極上のお砂糖。お菓子づ
くりには欠かせない。",,1,,
"どんな高温にも耐えられる
爆狼の皮。炎のように熱いが、
決して燃えることはない。",,1,,
"爆狼の体に生えている柔軟な
体毛。高速移動時の空気抵抗
を極限まで軽減する。",,1,,
"衝撃吸収に優れ、高い密度を
誇る爆狼の脚の骨。
高速移動の秘密がここにある。",,1,,
"肉を裂き、地面を抉る爆狼の
爪。鋭いだけではなく、燃え
ているかのように高温である。",,1,,
"弾力性に優れた爆狼の腱。
筋肉と骨とをつなぐ重要な
組織で、爆狼の命とも言える。",,1,,
"爆狼の体内を駆け巡る血液。
超高温で、空気に触れた部分
から燃え始める。",,1,,
"鋭く、高熱を帯びた爆狼の牙。
噛みつかれた獲物は、その
熱さに耐えられず絶命する。",,1,,
"自らの移動速度に対応し、
驚異的な捕捉力を備えた
爆狼の目。右に出る者はない。",,1,,
"爆狼の真棘が発達したもの。
より鋭く、硬く、紅くなり、
強さの象徴としても機能する。",,1,,
"超高温の血液を生み出す
爆狼の大きな骨髄。
外気に触れさせてはいけない。",,1,,
"鞭のようにしなやかな爆狼の
尻尾。高速移動時に、身体の
平衡を保つために役立てる。",,1,,
"爆狼の体内で突発的に
生成される玉石。明るく輝き、
燃えるように熱い。",,1,,
"驚異の発達を遂げた爆狼の脚。
骨と筋肉の密度が上昇し、
より早く、遠くへ移動できる。",,1,,
"驚異の発達を遂げた爆狼の脚。
その速さゆえに体毛が固まり
変形してしまった。",,1,,
"驚異の発達を遂げた爆狼の脚。
逃げる意識が芽生える前に
爆狼の餌食となってしまう。",,1,,
"驚異の発達を遂げた爆狼の脚。
獲物を追い求める本能のみが
爆狼のすべてとなった。",,1,,
"白銀魚と黄金魚が、
月日をかけて蓄えてきた
ハンターへの気持ちらしい。",,1,yes,
"白く輝き、闇を照らす祖龍の
鱗。一つ一つに龍の力が宿り、
計り知れない力を秘めている。",,1,,
"白く輝き、闇を照らす祖龍の
殻。溢れた龍の力が体を伝い、
帯電しているように見える。",,1,,
"祖龍の体内で稀に生成される
玉石。それ自体が光である
かの如く神々しい輝きを放つ。",,1,,
"祖龍の頭に生えている蒼い角。
龍の力が宿ると云われ、
未だ見ぬ脅威が潜んでいる。",,1,,
"存在すら知られていなかった
祖龍の紅い角。祖龍の怒りが
真の姿となって現れる。",,1,,
"紅く閃き、龍の力が溢れる
黒龍の眼。心強き狩人でも
瞬時に戦意を奪われてしまう。",,1,,
"龍の力を操ると云われる
祖龍の蒼い翼爪。しかし、
その力を見た者はいない。",,1,,
"天を裂いたと云われる、
祖龍の翼。威厳に満ち溢れ、
畏敬の念を抱かざるを得ない。",,1,,
"闇の中でも輝き続ける祖龍の
甲殻。龍の力の影響により
劣化や腐食とは無縁の存在。",,1,,
"淡く紅色をした祖龍の甲殻。
未知なる力が宿っているが
到底扱えるものではない。",,1,,
"吸い込まれそうな青色をした
とても綺麗な勾玉。
いつ触れてもすこし冷たい。",,1,,
"10周年アニバ外装シリーズの
生産方法が記された紙。
工房に持って行こう！",,1,yes,
"10周年パートニャーシリーズの
生産方法が記された紙。
工房に持って行こう！",,1,yes,
"硬い造りになるよう加工され
た音爆弾。
{c05}（狩煉道専用アイテム）",,1,yes,
"硬い造りになるよう加工され
た閃光玉。
{c05}（狩煉道専用アイテム）",,1,yes,
"ザッカシリーズの
生産方法が記された紙。
工房に持って行こう！",,1,yes,
"ランタナシリーズの
生産方法が記された紙。
工房に持って行こう！",,1,yes,
"エリスシリーズの
生産方法が記された紙。
工房に持って行こう！",,1,yes,
"情熱、闘志、探究心、思想、
努力、理念、気品、頭脳、
経験、勇気の集合体。",,1,,
"メゼポルタでどこからともな
く流布した怪異譚。山ノ篇。
ミズキに見せてみよう！",,1,yes,
"メゼポルタでどこからともな
く流布した怪異譚。川ノ篇。
ミズキに見せてみよう！",,1,yes,
"メゼポルタでどこからともな
く流布した怪異譚。雲ノ篇。
ミズキに見せてみよう！",,1,yes,
"ザッカＤシリーズの
生産方法が記された紙。
工房に持って行こう！",,1,yes,
"ランタナＤシリーズの
生産方法が記された紙。
工房に持って行こう！",,1,yes,
"エリスＤシリーズの
生産方法が記された紙。
工房に持って行こう！",,1,yes,
"和花Ｄシリーズの
生産方法が記された紙。
工房に持って行こう！",,1,yes,
"マギサＤシリーズの
生産方法が記された紙。
工房に持って行こう！",,1,yes,
"シャランＤシリーズの
生産方法が記された紙。
工房に持って行こう！",,1,yes,
"キャリッジＤシリーズの
生産方法が記された紙。
工房に持って行こう！",,1,yes,
"マーブルＤシリーズの
生産方法が記された紙。
工房に持って行こう！",,1,yes,
"シャンディＤシリーズの
生産方法が記された紙。
工房に持って行こう！",,1,yes,
"バンケットＤシリーズの
生産方法が記された紙。
工房に持って行こう！",,1,yes,
"コリニィＤシリーズの
解放方法が記された紙。
工房に持って行こう！",,1,yes,
"煉華Ｄシリーズの
解放方法が記された紙。
工房に持って行こう！",,1,yes,
"「ウェェェイ！」
マエにコロリンした
あとに大きな声でよんで！",,1,yes,
"花火を使う場所＝Ａ＋Ｂ
■　■■■　■■■
　■■■■■■■　　■■",,1,,
"ヤオザミ１５匹の討伐
こんがり肉をＢＣで食べる",,1,yes,
"ククボＤシリーズの
解放方法が記された紙。
工房に持って行こう！",,1,yes,
"カカブＤシリーズの
解放方法が記された紙。
工房に持って行こう！",,1,yes,
"アルルＤシリーズの
解放方法が記された紙。
工房に持って行こう！",,1,yes,
"あかねこＤシリーズの
解放方法が記された紙。
工房に持って行こう！",,1,yes,
"ライオスＤシリーズの
解放方法が記された紙。
工房に持って行こう！",,1,yes,
"ボニトＤシリーズの
解放方法が記された紙。
工房に持って行こう！",,1,yes,
"メイリダＤシリーズの
解放方法が記された紙。
工房に持って行こう！",,1,yes,
"ミニオムＤシリーズの
解放方法が記された紙。
工房に持って行こう！",,1,yes,
"ハリメノＤシリーズの
解放方法が記された紙。
工房に持って行こう！",,1,yes,
"デリヴＤシリーズの
解放方法が記された紙。
工房に持って行こう！",,1,yes,
"アサークＤシリーズの
解放方法が記された紙。
工房に持って行こう！",,1,yes,
"デゾルトＤシリーズの
解放方法が記された紙。
工房に持って行こう！",,1,yes,
"ハラガンＤシリーズの
解放方法が記された紙。
工房に持って行こう！",,1,yes,
"アブヤドＤシリーズの
解放方法が記された紙。
工房に持って行こう！",,1,yes,
"焦げ跡の付いた冷たい鱗。
武具工房へ持っていくと、
何かに加工してもらえるかも。",,1,,
"古代人の手によって記された
とある技法の解説書。一定数
集めると狩SPに変換可能。",,1,,
"古代に記された技法指南書。
一定数集めると狩煉道スキル
のコスト上限を拡張する。",,1,yes,
"祖龍Ｄシリーズの
解放方法が記された紙。
工房に持って行こう！",,1,yes,
"朽ちた大木を背に
小さく連なる赤き頂を探せ。",,1,,
"暗き洞穴、骨と骸。
蜘蛛の根城を探せ。",,1,,
"生命溢れる大樹。
虹の根元にある蜜を探せ。",,1,,
"アニバ2010Ｄシリーズの
生産方法が記された紙。
工房に持って行こう！",,1,yes,
"アニバ2011Ｄシリーズの
生産方法が記された紙。
工房に持って行こう！",,1,yes,
"アニバ2012Ｄシリーズの
生産方法が記された紙。
工房に持って行こう！",,1,yes,
"ズィベイＤシリーズの
生産方法が記された紙。
工房に持って行こう！",,1,yes,
"鬼穿Ｄシリーズの
解放方法が記された紙。
工房に持って行こう！",,1,yes,
"シャルフシリーズの
生産方法が記された紙。
工房に持って行こう！",,1,yes,
"カマラシリーズの
生産方法が記された紙。
工房に持って行こう！",,1,yes,
"ルーチェシリーズの
生産方法が記された紙。
工房に持って行こう！",,1,yes,
"レビンシリーズの
生産方法が記された紙。
工房に持って行こう！",,1,yes,
"ストレングスＤシリーズの
生産方法が記された紙。
工房に持って行こう！",,1,yes,
"シャルフＤシリーズの
生産方法が記された紙。
工房に持って行こう！",,1,yes,
"カマラＤシリーズの
生産方法が記された紙。
工房に持って行こう！",,1,yes,
"ルーチェＤシリーズの
生産方法が記された紙。
工房に持って行こう！",,1,yes,
"リエブレＤシリーズの
解放方法が記された紙。
工房に持って行こう！",,1,yes,
"コリニィＣシリーズの
解放方法が記された紙。
工房に持って行こう！",,1,yes,
"レビンＤシリーズの
生産方法が記された紙。
工房に持って行こう！",,1,yes,
"滑り気のある水竜の鱗。
手に取る時は、滑って落
とさないよう注意が必要。",,1,,
"水竜のエラ。エラを震わせる
ことで、大きな音を出すこと
もできる。",,1,yes,
"大きな水竜の蒼い牙。
非常に硬く、加工する
には高い技術が必要。",,1,,
"地上での激しい運動を可能
とする血液を生み出す、
水竜の髄。少し粘り気がある。",,1,,
"水竜の体内で作られる
半固体状の液体。緑色
に濁っている。",,1,,
"ゲルを生み出す元とな
っている袋。無傷で取
り出せることは稀である。",,1,yes,
"水竜の頭。大きく発達した
ことで、爆音を伴う咆哮
ができるようになった。",,1,,
"発達した水竜の頭。口内で
ゲルを生み出し、周囲に撒き
散らす。",,1,yes,
"発達した水竜の頭。吐き
出したゲルを体に纏い、
ハンターに襲い掛かる。",,1,yes,
"非常に発達した水竜の頭。
一度ゲルに取り込まれると、
抜け出すのは困難を極める。",,1,yes,
"水竜の背ビレ。ゲルを纏う
ようになったからか、棘の
毒は退化したようだ。",,1,yes,
"大きな水竜の背ビレ。色鮮や
かな見た目から、収集品とし
ての価値も高い。",,1,yes,
"水竜の太い脚。大きな
体を支えているため、
意外にも筋肉質。",,1,,
"強靱な水竜の脚。ハンターを
追い掛け回すなどの姿が、
目撃されている。",,1,yes,
"水竜の尾棘。とても鋭く、
武具の素材として、
重宝されている。",,1,,
"水竜の尾棘の中でも、特に
鋭く尖ったもの。素手で触る
のはおすすめしない。",,1,,
"より強力な磁力を帯びた
極龍の鱗。鋼のような硬さを
誇り、完璧な形を保っている。",,1,,
"より強力な磁力を帯びた
極龍の殻。剥ぎ取ってもなお、
磁力は衰えない。",,1,,
"素早く獲物の皮と肉を裂く、
極龍の爪。鱗や殻に劣らず、
強力な磁力を帯びている。",,1,,
"微量の磁力を帯びた極龍の骨。
磁力を操る際の衝撃を吸収、
分散することができる。",,1,,
"極龍の体内を駆け巡る血液。
循環が妨げられぬよう、
特殊な磁性体となっている。",,1,,
"極龍の体内で生成される玉石。
磁力はもちろん、美しさも
永久に劣化することはない。",,1,,
"極龍の尻尾に生えている
橙色の棘。磁力は微弱だが、
爪と同等の鋭さがある。",,1,,
"しなやかで、強力な磁力を
帯びている極龍の尻尾。
鋭い橙棘に注意が必要。",,1,,
"最も磁力が集中すると
考えられている極龍の角。
龍の力が宿るとも言われる。",,1,,
"単一の磁荷を持つという
不可思議な性質の極龍の角。
今まで存在は未確認だった。",,1,,
"調合屋のあるじに渡すと
特定のアイテムと交換できる
チケット。",,1,yes,
"青く美しく、そして強力な
磁力を帯びた極龍の翼。
激しい風力を生み出す。",,1,,
"青く美しく、そして強力な
磁力を帯びた極龍の翼。
骨格が著しい発達を遂げた。",,1,,
"青く美しく、そして強力な
磁力を帯びた極龍の翼。
怒りは雷となって現れる。",,1,,
"青く美しく、そして強力な
磁力を帯びた極龍の翼。
その力を甘く見てはいけない。",,1,,
"頂点に立つモンスターが、
集めていた魅惑のクリスタル。
灰色の輝きを放つ。",,1,yes,
"タングスＤシリーズの
解放方法が記された紙。
工房に持って行こう！",,1,yes,
"ＦＰ交換の外装シリーズの
生産方法が記された紙。
工房に持って行こう！",,1,yes,
"秘伝Ｄシリーズ白の
生産方法が記された紙。
工房に持って行こう！",,1,yes,
"秘伝Ｄシリーズ紅の
生産方法が記された紙。
工房に持って行こう！",,1,yes,
"大きな木に飾るクリスマ
ス用のリース。飾った人
には幸運が舞い降りる。",,1,yes,
"メゼポルタ広場で言い伝え
のある甘美な花言葉。聞く
だけで虜になるんだとか。",,1,yes,
"ラブリーアタックの
生産方法が記された紙。
工房に持って行こう！",,1,yes,
"ラブリーボディの
生産方法が記された紙。
工房に持って行こう！",,1,yes,
"ラブリープーギーの
生産方法が記された紙。
工房に持って行こう！",,1,yes,
"ベイビーアタックの
生産方法が記された紙。
工房に持って行こう！",,1,yes,
"ベイビーボディの
生産方法が記された紙。
工房に持って行こう！",,1,yes,
"ベイビープーギーの
生産方法が記された紙。
工房に持って行こう！",,1,yes,
"ディスＤシリーズの
解放方法が記された紙。
工房に持って行こう！",,1,yes,
"リルスＤシリーズの
解放方法が記された紙。
工房に持って行こう！",,1,yes,
"ドラゴンSCシリーズの
解放方法が記された紙。
工房に持って行こう！",,1,yes,
"ドラゴンGDシリーズの
解放方法が記された紙。
工房に持って行こう！",,1,yes,
"バルカンＤシリーズの
解放方法が記された紙。
工房に持って行こう！",,1,yes,
"バルカンGDシリーズの
解放方法が記された紙。
工房に持って行こう！",,1,yes,
"ガーネットＤシリーズの
解放方法が記された紙。
工房に持って行こう！",,1,yes,
"アメジストＤシリーズの
解放方法が記された紙。
工房に持って行こう！",,1,yes,
"コーラルＤシリーズの
解放方法が記された紙。
工房に持って行こう！",,1,yes,
"クォーツＤシリーズの
解放方法が記された紙。
工房に持って行こう！",,1,yes,
"エメラルドＤシリーズの
解放方法が記された紙。
工房に持って行こう！",,1,yes,
"パールＤシリーズの
解放方法が記された紙。
工房に持って行こう！",,1,yes,
"ルビーＤシリーズの
解放方法が記された紙。
工房に持って行こう！",,1,yes,
"サファイアＤシリーズの
解放方法が記された紙。
工房に持って行こう！",,1,yes,
"オニキスＤシリーズの
解放方法が記された紙。
工房に持って行こう！",,1,yes,
"ヒスイＤシリーズの
解放方法が記された紙。
工房に持って行こう！",,1,yes,
"トパーズＤシリーズの
解放方法が記された紙。
工房に持って行こう！",,1,yes,
"トルマリンＤシリーズの
解放方法が記された紙。
工房に持って行こう！",,1,yes,
"ラピスＤシリーズの
解放方法が記された紙。
工房に持って行こう！",,1,yes,
"ブルファンＤフェイクの
解放方法が記された紙。
工房に持って行こう！",,1,yes,
"ガルルガＤフェイクの
解放方法が記された紙。
工房に持って行こう！",,1,yes,
"ランポスＤシリーズの
解放方法が記された紙。
工房に持って行こう！",,1,yes,
"ゲネポスＤシリーズの
解放方法が記された紙。
工房に持って行こう！",,1,yes,
"イーオスＤシリーズの
解放方法が記された紙。
工房に持って行こう！",,1,yes,
"ギアノスＤシリーズの
解放方法が記された紙。
工房に持って行こう！",,1,yes,
"モスＤシリーズの
解放方法が記された紙。
工房に持って行こう！",,1,yes,
"ガブラスＤシリーズの
解放方法が記された紙。
工房に持って行こう！",,1,yes,
"バトルPD青シリーズの
解放方法が記された紙。
工房に持って行こう！",,1,yes,
"バトルPD黄シリーズの
解放方法が記された紙。
工房に持って行こう！",,1,yes,
"バトルPD紫シリーズの
解放方法が記された紙。
工房に持って行こう！",,1,yes,
"レイアPD青シリーズの
解放方法が記された紙。
工房に持って行こう！",,1,yes,
"レイアPD赤シリーズの
解放方法が記された紙。
工房に持って行こう！",,1,yes,
"レイアPD黒シリーズの
解放方法が記された紙。
工房に持って行こう！",,1,yes,
"フルフルPD青シリーズの
解放方法が記された紙。
工房に持って行こう！",,1,yes,
"フルフルPD緑シリーズの
解放方法が記された紙。
工房に持って行こう！",,1,yes,
"フルフルPD黒シリーズの
解放方法が記された紙。
工房に持って行こう！",,1,yes,
"エスピナPD赤シリーズの
解放方法が記された紙。
工房に持って行こう！",,1,yes,
"エスピナPD青シリーズの
解放方法が記された紙。
工房に持って行こう！",,1,yes,
"エスピナPD黄シリーズの
解放方法が記された紙。
工房に持って行こう！",,1,yes,
"ヒーラーPDとガーディPD
シリーズの解放方法が記され
た紙。工房に持って行こう！",,1,yes,
"紅月照る終焉の地より生還し
た証。二律背反の理を秘めた
矛盾の鎖。",,1,,
"蒼炎渦巻く混沌の地より生還
した証。天地万象を包み込む
常夜の鎖。",,1,,
"ショウロウＤとミタマＤシリ
ーズの解放方法が記された紙。
工房に持って行こう！",,1,yes,
"狩煉道の貢献を認められ
た者に与えられる印。
天封印の生産に使われる。",,1,,
"攻撃力を上昇させる御守り。
力の爪と、護符を合わせ、
効果を凝縮した。",,1,,
"防御力を上昇させる御守り。
守りの爪と、護符を合わせ、
効果を凝縮した。",,1,,
"攻撃力と防御力を
上昇させるお守り。
ふたつの護爪を凝縮した。",,1,,
"焔嶽Ｄシリーズの
解放方法が記された紙。
工房に持って行こう！",,1,yes,
"緋嶽Ｄシリーズの
解放方法が記された紙。
工房に持って行こう！",,1,yes,
"フロガダＤシリーズの
解放方法が記された紙。
工房に持って行こう！",,1,yes,
"ラースＤシリーズの
解放方法が記された紙。
工房に持って行こう！",,1,yes,
"ドゥンルＤシリーズの
解放方法が記された紙。
工房に持って行こう！",,1,yes,
"白蛇Ｄシリーズの
解放方法が記された紙。
工房に持って行こう！",,1,yes,
"黒虎Ｄシリーズの
解放方法が記された紙。
工房に持って行こう！",,1,yes,
"崩霧Ｄシリーズの
解放方法が記された紙。
工房に持って行こう！",,1,yes,
"納言Ｄシリーズの
解放方法が記された紙。
工房に持って行こう！",,1,yes,
"蒼空Ｄシリーズの
解放方法が記された紙。
工房に持って行こう！",,1,yes,
"夕焼Ｄシリーズの
解放方法が記された紙。
工房に持って行こう！",,1,yes,
"紅昇Ｄシリーズの
解放方法が記された紙。
工房に持って行こう！",,1,yes,
"絶影Ｄシリーズの
解放方法が記された紙。
工房に持って行こう！",,1,yes,
"アイルーフェイクＤの
解放方法が記された紙。
工房に持って行こう！",,1,yes,
"原初の火貤の
生産方法が記された紙。
工房に持って行こう！",,1,,
"転輪する勝利の剣貤の
生産方法が記された紙。
工房に持って行こう！",,1,,
"Fate/EXTELLAシリーズの
生産方法が記された紙。
工房に持って行こう！",,1,yes,
"Fate/EXTELLAＤシリーズの
生産方法が記された紙。
工房に持って行こう！",,1,yes,
"薔薇ネコシリーズの
生産方法が記された紙。
工房に持って行こう！",,1,yes,
"シュイシリーズの
生産方法が記された紙。
工房に持って行こう！",,1,yes,
"シュイＤシリーズの
生産方法が記された紙。
工房に持って行こう！",,1,yes,
"ルディアＤシリーズの
解放方法が記された紙。
工房に持って行こう！",,1,yes,
"ヒプノルータＤシリーズの
生産方法が記された紙。
工房に持って行こう！",,1,yes,
"ヒプノリアＤシリーズの
生産方法が記された紙。
工房に持って行こう！",,1,yes,
"エス・クェラＤシリーズの
生産方法が記された紙。
工房に持って行こう！",,1,yes,
"エコールＤシリーズの
生産方法が記された紙。
工房に持って行こう！",,1,yes,
"ガンズＤシリーズの
生産方法が記された紙。
工房に持って行こう！",,1,yes,
"アグリアＤシリーズの
生産方法が記された紙。
工房に持って行こう！",,1,yes,
"フォーヴＤシリーズの
生産方法が記された紙。
工房に持って行こう！",,1,yes,
"ティーアＤシリーズの
生産方法が記された紙。
工房に持って行こう！",,1,yes,
"ミューズＤシリーズの
生産方法が記された紙。
工房に持って行こう！",,1,yes,
"ディクトＤシリーズの
生産方法が記された紙。
工房に持って行こう！",,1,yes,
"クリュスＤシリーズの
生産方法が記された紙。
工房に持って行こう！",,1,yes,
"スタリナＤシリーズの
生産方法が記された紙。
工房に持って行こう！",,1,yes,
"ルースＤシリーズの
生産方法が記された紙。
工房に持って行こう！",,1,yes,
"ミラドＤシリーズの
生産方法が記された紙。
工房に持って行こう！",,1,yes,
"デュールＤシリーズの
生産方法が記された紙。
工房に持って行こう！",,1,yes,
"ロバストＤシリーズの
生産方法が記された紙。
工房に持って行こう！",,1,yes,
"ファルコＤシリーズの
生産方法が記された紙。
工房に持って行こう！",,1,yes,
"ハウクスＤシリーズの
生産方法が記された紙。
工房に持って行こう！",,1,yes,
"ピラータＤシリーズの
生産方法が記された紙。
工房に持って行こう！",,1,yes,
"ゼロイＤシリーズの
生産方法が記された紙。
工房に持って行こう！",,1,yes,
"レイルＤシリーズの
生産方法が記された紙。
工房に持って行こう！",,1,yes,
"リーデレＤシリーズの
生産方法が記された紙。
工房に持って行こう！",,1,yes,
"リエットＤシリーズの
生産方法が記された紙。
工房に持って行こう！",,1,yes,
"ルターレＤシリーズの
生産方法が記された紙。
工房に持って行こう！",,1,yes,
"流転Ｄシリーズの
生産方法が記された紙。
工房に持って行こう！",,1,yes,
"嵐転Ｄシリーズの
生産方法が記された紙。
工房に持って行こう！",,1,yes,
"キュビィＤシリーズの
生産方法が記された紙。
工房に持って行こう！",,1,yes,
"ケモルＤシリーズの
生産方法が記された紙。
工房に持って行こう！",,1,yes,
"ラトリアＤシリーズの
生産方法が記された紙。
工房に持って行こう！",,1,yes,
"コンタオＤシリーズの
生産方法が記された紙。
工房に持って行こう！",,1,yes,
"オービスＤシリーズの
生産方法が記された紙。
工房に持って行こう！",,1,yes,
"ロットＤシリーズの
生産方法が記された紙。
工房に持って行こう！",,1,yes,
"ウーコンＤシリーズの
生産方法が記された紙。
工房に持って行こう！",,1,yes,
"ニンバスＤシリーズの
生産方法が記された紙。
工房に持って行こう！",,1,yes,
"月陽Ｄシリーズの
生産方法が記された紙。
工房に持って行こう！",,1,yes,
"曙光Ｄシリーズの
生産方法が記された紙。
工房に持って行こう！",,1,yes,
"ＵＢＷＤシリーズの
生産方法が記された紙。
工房に持って行こう！",,1,yes,
"まどか☆マギカＤシリーズの
生産方法が記された紙。
工房に持って行こう！",,1,yes,
"アニバ2013Ｄシリーズの
生産方法が記された紙。
工房に持って行こう！",,1,yes,
"アニバ2014Ｄシリーズの
生産方法が記された紙。
工房に持って行こう！",,1,yes,
"カイラＤシリーズの
生産方法が記された紙。
工房に持って行こう！",,1,yes,
"フォンセＤシリーズの
解放方法が記された紙。
工房に持って行こう！",,1,yes,
"荒ぶる天の神を包む鎧。
嵐に打たれ続けることで
鍛えられた、黒い頑強な甲殻。",,1,,
"照らされた者の未来を奪う
光を放つという、胸部の甲殻。
激情に感応し、輝きを増す。",,1,,
"鋭鋒のごとき、神の大爪。
その威圧感が爪の主がただな
らぬ存在であることを物語る。",,1,,
"天を舞う神の衣。羽織れば、
宙に浮くような感覚を起こす、
説話の羽衣を連想させる素材。",,1,,
"膨大な貯水が可能な他に類を
見ない器官。一片でも用いれ
ば武具に更なる力を与える。",,1,,
"天翔る神の威力の根幹。手に
した者は天空より下界を俯瞰
する知覚を得ると言われる。",,1,,
"天の神の尾。
嵐の中でさえ舞うことが
できる、強靱さを備える。",,1,,
"天にそびえる一対の角。一片
の傷もない角は、嵐に住まう
龍に誰も手向かえなかった証。",,1,,
"荒ぶる天の神を包む堅牢な鎧。
嵐に打たれ鍛え抜かれた黒き
甲殻は類い稀な頑強さを持つ。",,1,,
"照らされた者に絶望を与える
光を放つ、胸部の重厚な甲殻。
激情に感応し、特に強く輝く。",,1,,
"鋭鋒のごとき、神の剛爪。
その威圧感だけで、爪の主に
ただならぬ恐怖を感じる。",,1,,
"天を舞う神の衣。その特性に、
羽織れば一時宙を舞う事さえ
できる、まさに説話の羽衣。",,1,,
"特に発達した嵐気胞。
そこから繰り出される水流は
この世のすべてを押し流す。",,1,,
"天翔る神の威力の根幹。手に
した者は天界より万物を見通
す知覚を得るという幻の玉石。",,1,,
"天の神の気高き尾。その尾を
たなびかせて踊る舞は、嵐を
呼び起こすといわれている。",,1,,
"天にそびえる一対の剛角。
強き者を待つ間、その角は
嵐の中で神々しく発達した。",,1,,
"とても厚く頑丈な雅翁龍の皮。
古びた見た目をしているが、
何年経っても劣化はしない。",,1,,
"強度が高く頑丈な雅翁龍の鱗。
風化や劣化という言葉とは
全く無縁の存在である。",,1,,
"頑丈で太く立派な雅翁龍の骨。
異常なまでの超高密度を保ち、
金属よりも遥かに硬い。",,1,,
"しなやかで頑丈な雅翁龍の毛。
この毛を編み込んだ防具は、
高い強度と雅な雰囲気を持つ。",,1,,
"雅翁龍の体液が固まることで
できた竹の様な殻。部位に
固着し、剥ぎ取りが難しい。",,1,,
"雅翁龍の全身を駆け巡る血を
生成している器官。
どことなく、筍に似ている。",,1,,
"重たく鋭い雅翁龍の牙。
尻尾を使って誘き寄せた
獲物を一瞬で仕留めてしまう。",,1,,
"逞しくも艶やかな雅翁龍の髭。
古龍としての威厳や風格が
堂々と表れている。",,1,,
"肉を裂き、地を削る雅翁龍の
鋭い爪。表面には、植物を
急成長させる液が流れている。",,1,,
"柔らかく繊細な、雅翁龍の腱。
前足に多く見られる。
素早く動くために重要な組織。",,1,,
"強い衝撃を与え、地を抉る
雅翁龍の重たい爪。獲物を
蹴り、地面ごと弾き飛ばす。",,1,,
"丈夫で立派な、雅翁龍の腱。
後足に多く見られる。力強い
走りの秘密はこの組織にある。",,1,,
"特異な発達を遂げた雅翁龍の
尻尾。疑似餌としての機能は
さらなる進化を遂げている。",,1,,
"特異な発達を遂げた雅翁龍の
尻尾。獲物をおびき寄せ、
一瞬にして昏睡させてしまう。",,1,,
"特異な発達を遂げた雅翁龍の
尻尾。それは龍の怒りと共に、
本来の姿を見せると云われる。",,1,,
"特異な発達を遂げた雅翁龍の
尻尾。妖しい光が、獲物の
心を虜にして離さない。",,1,,
"装飾品の素材としてかかせな
い珠。あまりの希少さに架空
の存在とされる地域もある。",,1,,
"滅紫色に染まった鉱石。火と
氷が高圧縮された結晶とも言
われている。",,1,,
"ラグリッター・パトスの
生産方法が記された紙。
工房に持っていこう！",,1,yes,
"ザウリッター・パトスの
生産方法が記された紙。
工房に持っていこう！",,1,yes,
"イモータルソロウの
生産方法が記された紙。
工房に持っていこう！",,1,yes,
"ストームフューリーの
生産方法が記された紙。
工房に持っていこう！",,1,yes,
"武具工房にいるハリセン
ネコから「ＵＢＷコラボくじ」
を引くためのチケット。",,1,yes,
"武具工房にいるハリセン
ネコから「まどかコラボくじ」
を引くためのチケット。",,1,yes,
"クエスト出発時に体力が４０
になる。力尽きても効果は
持続する。",,1,yes,
"クエスト出発時にスタミナが
２５になる。力尽きても
効果は持続する。",,1,yes,
"忍の装束・陽Ｄシリーズの
解放方法が記された紙。
工房に持って行こう！",,1,yes,
"忍の装束・陰Ｄシリーズの
解放方法が記された紙。
工房に持って行こう！",,1,yes,
"ルベライトＤシリーズの
解放方法が記された紙。
工房に持って行こう！",,1,yes,
"ラズライトＤシリーズの
解放方法が記された紙。
工房に持って行こう！",,1,yes,
"ジルコンＤシリーズの
解放方法が記された紙。
工房に持って行こう！",,1,yes,
"スピネルＤシリーズの
解放方法が記された紙。
工房に持って行こう！",,1,yes,
"ジェイドＤシリーズの
解放方法が記された紙。
工房に持って行こう！",,1,yes,
"アゲートＤシリーズの
解放方法が記された紙。
工房に持って行こう！",,1,yes,
"パイローブＤシリーズの
解放方法が記された紙。
工房に持って行こう！",,1,yes,
"アイオラＤシリーズの
解放方法が記された紙。
工房に持って行こう！",,1,yes,
"ルチルＤシリーズの
解放方法が記された紙。
工房に持って行こう！",,1,yes,
"ブラッドＤシリーズの
解放方法が記された紙。
工房に持って行こう！",,1,yes,
"シトリンＤシリーズの
解放方法が記された紙。
工房に持って行こう！",,1,yes,
"ペリドットＤシリーズの
解放方法が記された紙。
工房に持って行こう！",,1,yes,
"ターコイズＤシリーズの
解放方法が記された紙。
工房に持って行こう！",,1,yes,
"マフモフPD赤シリーズの
解放方法が記された紙。
工房に持って行こう！",,1,yes,
"マフモフPD黄シリーズの
解放方法が記された紙。
工房に持って行こう！",,1,yes,
"マフモフPD紫シリーズの
解放方法が記された紙。
工房に持って行こう！",,1,yes,
"バサルPD赤シリーズの
解放方法が記された紙。
工房に持って行こう！",,1,yes,
"バサルPD黒シリーズの
解放方法が記された紙。
工房に持って行こう！",,1,yes,
"バサルPD黄シリーズの
解放方法が記された紙。
工房に持って行こう！",,1,yes,
"ブランゴPD黄シリーズの
解放方法が記された紙。
工房に持って行こう！",,1,yes,
"ブランゴPD青シリーズの
解放方法が記された紙。
工房に持って行こう！",,1,yes,
"ブランゴPD黒シリーズの
解放方法が記された紙。
工房に持って行こう！",,1,yes,
"金色PD白シリーズの
解放方法が記された紙。
工房に持って行こう！",,1,yes,
"金色PD紫シリーズの
解放方法が記された紙。
工房に持って行こう！",,1,yes,
"金色PD緑シリーズの
解放方法が記された紙。
工房に持って行こう！",,1,yes,
"グラビドPD緑シリーズの
解放方法が記された紙。
工房に持って行こう！",,1,yes,
"グラビドPD紫シリーズの
解放方法が記された紙。
工房に持って行こう！",,1,yes,
"グラビドPD赤シリーズの
解放方法が記された紙。
工房に持って行こう！",,1,yes,
"ハイメタPD黒シリーズの
解放方法が記された紙。
工房に持って行こう！",,1,yes,
"ハイメタPD青シリーズの
解放方法が記された紙。
工房に持って行こう！",,1,yes,
"ハイメタPD黄シリーズの
解放方法が記された紙。
工房に持って行こう！",,1,yes,
"Ｓ・ソルPD赤シリーズの
解放方法が記された紙。
工房に持って行こう！",,1,yes,
"Ｓ・ソルPD紫シリーズの
解放方法が記された紙。
工房に持って行こう！",,1,yes,
"Ｓ・ソルPD黒シリーズの
解放方法が記された紙。
工房に持って行こう！",,1,yes,
"ガルルガPD白シリーズの
解放方法が記された紙。
工房に持って行こう！",,1,yes,
"ガルルガPD緑シリーズの
解放方法が記された紙。
工房に持って行こう！",,1,yes,
"ガルルガPD赤シリーズの
解放方法が記された紙。
工房に持って行こう！",,1,yes,
"ザザミPD青シリーズの
解放方法が記された紙。
工房に持って行こう！",,1,yes,
"ザザミPD白シリーズの
解放方法が記された紙。
工房に持って行こう！",,1,yes,
"ザザミPD紫シリーズの
解放方法が記された紙。
工房に持って行こう！",,1,yes,
"クシャナPD赤シリーズの
解放方法が記された紙。
工房に持って行こう！",,1,yes,
"クシャナPD黄シリーズの
解放方法が記された紙。
工房に持って行こう！",,1,yes,
"クシャナPD緑シリーズの
解放方法が記された紙。
工房に持って行こう！",,1,yes,
"アルフィシリーズの
生産方法が記された紙。
工房に持って行こう！",,1,yes,
"東方で咲くといわれる貴重な
桜の種。咲くまでに幾年の月
日がかかる。",,1,,
"東方で古くから伝わる巻物。
この巻物を読んだ者は桜を吹
雪かせるようになれるとか。",,1,,
"とても剛性が高い鎧玉。老練
の職人が卓越した技で防具を
強化する際に必要な素材。",,1,,
"照雷鳥の麗しい甲殻。
硬度が高いだけでなく、
加工を躊躇わせるほど美しい。",,1,,
"照雷鳥の麗しい体毛。
利便性が高く、装飾にも
欠かせないため常に品薄。",,1,,
"照雷鳥の麗しい翼爪。
鋭さに慄いてしまうと同時に、
その美しさに見とれてしまう。",,1,,
"照雷鳥の麗しい骨髄。
並の剥ぎ取り技術では、加工
時まで本来の輝きを保てない。",,1,,
"照雷鳥の光り輝く羽根。
無傷の羽根は非常に希少で
幸運をもたらすとされている。",,1,,
"照雷鳥の麗しい玉。
この世のものとは思えない
ほど美しく光り輝いている。",,1,,
"照雷鳥の発達した翼。効率
よく光をエネルギーに変換
できるよう進化した。",,1,yes,
"照雷鳥の発達した翼。美しく、
また硬度が高いため、不変の
美を現す縁起もの。美の象徴。",,1,,
"燦然と煌めく照雷鳥の翼。
長年、光を蓄えたためか、
暗闇でも薄っすらと発光する。",,1,,
"凄まじき力を持つ照雷鳥の翼。
あまりの威光に、熟練の職人
が加工を断る事もある。",,1,,
"照雷鳥の整った羽角。
縄張り争いでは、高硬度の
羽角を備えるものが勝る。",,1,,
"照雷鳥の麗しい羽角。
大いなる威厳を備えており、
加工をためらう職人も多い。",,1,,
"照雷鳥のよく整った尾。
手入れが隅々まで行き届いて
いる。",,1,,
"照雷鳥の麗しい尾。
他の追随を許さない、
唯一無二の美しさ。",,1,,
"冥雷竜の焼け爛れた甲殻。
焦げ付いた匂いを取るのも
一苦労だが、有用性は高い。",,1,,
"冥雷竜の焼け爛れた鱗。どう
いった性質か定かではないが、
硬度の割に軽量である。",,1,,
"冥雷竜の焼け爛れた鉤爪。
傷んでなお使い勝手に優れ、
常に品不足なほど人気で有用。",,1,,
"龍の力が流れる冥雷竜の血液。
冥雷によって活性化すると
呻き声の様な音がする。",,1,,
"冥雷竜の体内で焼け爛れた玉。
焦げや艶が独特な質感を表現
しており、極めて美しい。",,1,,
"暴走した冥雷によって焼け爛れ
た骨髄。冥雷竜の力を帯びてい
るため、摘出が非常に難しい。",,1,,
"冥雷竜の冥雷を司る器官と
される角。大きく発達した末
硬さも手に入れた。",,1,,
"原種とは似ても似つかない、
悍ましい色へ変わった角。
冥雷が染み込んでいる。",,1,,
"良質な冥雷竜の角。制御し切れ
なくなった冥雷が凝縮され、
今なお鈍く光り続けている…。",,1,,
"冥雷竜の絶大な力を秘めた角。
あまりに強い冥雷が自身さえ
も焦がし尽くしてしまう。",,1,,
"冥雷竜の傷んだ翼。羽ばたけ
る筈がない程の傷で、無理し
て飛ぶ痛みは想像を絶する。",,1,,
"冥雷竜の焼け爛れた翼。内部
から弾けたような損傷がとて
も多く、有用なのはごく一部。",,1,,
"冥雷竜の憐れみを誘う尻尾。
外傷よりも内部からの損傷が
目立つ。",,1,,
"冥雷竜の焼け爛れた尻尾。周
囲に漂う異様な空気が近寄り
がたい雰囲気を醸している。",,1,,
"武具工房にいるハリセンネコ
から「EXTELLAコラボくじ」
を引くためのチケット。",,1,yes,
"レジェンドラスタ、
クロエの仕草が追加される。
<act52>で使用可能。",,1,yes,
"レジェンドラスタ、
クロエの仕草が追加される。
<act53>で使用可能。",,1,yes,
"１０周年記念で用意された、
陽気な動作が追加される。
<act51>で使用可能。",,1,,
"カイファシリーズの
生産方法が記された紙。
工房に持って行こう！",,1,yes,
"加工の方法や組み合わせる
素材により、様々な味と食感に
変化する夢の粉。",,1,,
"凍結するほどの冷気が漏れ出る
鉱石。いにしえの冷気が生み出
した結晶とも言われている。",,1,,
"アルフィＤシリーズの
生産方法が記された紙。
工房に持って行こう！",,1,yes,
"カイファＤシリーズの
生産方法が記された紙。
工房に持って行こう！",,1,yes,
"アニバ2015Ｄシリーズの
生産方法が記された紙。
工房に持って行こう！",,1,yes,
"千代Ｄシリーズの
生産方法が記された紙。
工房に持って行こう！",,1,yes,
"進撃の巨人Ｄシリーズの
生産方法が記された紙。
工房に持って行こう！",,1,yes,
"ネコダンＤシリーズの
生産方法が記された紙。
工房に持って行こう！",,1,yes,
"グーダンＤシリーズの
生産方法が記された紙。
工房に持って行こう！",,1,yes,
"相手を想いしたう気持ちを
形にした物。形にすること
で思いが伝わりやすくなる。",,1,,
"相手をいとしく思う気持ちを
形にした物。形にすること
で思いが伝わりやすくなる。",,1,,
"煌びやかで色とりどりの
美しい装飾が施された手箱。
出会いと別れの春を表現。",,1,,
"聖女ネコシリーズの
生産方法が記された紙。
工房に持って行こう！",,1,yes,
"燦然と輝く王剣貤の
生産方法が記された紙。
工房に持って行こう！",,1,,
"幻想大剣貤の
生産方法が記された紙。
工房に持って行こう！",,1,,
"十二勇士ノ剣貤の
生産方法が記された紙。
工房に持って行こう！",,1,,
"聖女の御旗貤の
生産方法が記された紙。
工房に持って行こう！",,1,,
"ストラザシリーズの
生産方法が記された紙。
工房に持って行こう！",,1,yes,
"ストラザＤシリーズの
生産方法が記された紙。
工房に持って行こう！",,1,yes,
"装飾品の素材としてかかせな
い珠。怪しいが危険度は低い
事が分かる奇妙な珠。",,1,,
"煉華Ｃシリーズの
解放方法が記された紙。
工房に持って行こう！",,1,yes,
"武具工房にいるハリセンネコ
から「第一弾Apocryphaくじ」
を引くためのチケット。",,1,yes,
"武具工房にいるハリセンネコ
から「第二弾Apocryphaくじ」
を引くためのチケット。",,1,yes,
"ボンネＤシリーズの
解放方法が記された紙。
工房に持って行こう！",,1,yes,
"保護系スキルが
アップするＧ級装飾品。",,1,yes,
"アノルパティスの鱗。
鑢のようになっており
研磨するのに最適。",,1,yes,
"アノルパティスの甲殻。
節々についた傷跡が
極海で生きてきた勲章。",,1,yes,
"アノルパティスの牙。
その食いちぎるための歯は
見るものを不安にさせる。",,1,yes,
"暴鋸竜から稀に取れる宝玉。
白銀の世界を封じたような
不思議な輝きを持つ。",,1,,
"アノルパティスの髄。
外気に敏感で体からの摘出は
非常に困難。",,1,yes,
"凄まじく発達した暴鋸竜の角。
特に鋭さが目立つ一品。
触れるものすべてを傷つける。",,1,,
"凄まじく発達した暴鋸竜の角。
特に尖りが目立つ極上品。
軽くでも触れるのは危険！",,1,,
"凄まじく発達した暴鋸竜の角。
特に耐久性に優れる物。
容易に氷塊を割き砕ける。",,1,,
"凄まじく発達した暴鋸竜の角。
鋭く尖った最上級の品は
あらゆる外殻をたちきる。",,1,,
"アノルパティスの尻尾。
特徴的なヒレが強固になり
殺傷性が増している。",,1,yes,
"アノルパティスの尻尾。
当たれば肉は裂け骨は砕け
一面は血の海となる。",,1,yes,
"暴鋸竜の大きな背ビレ。
水中から背ビレを出すと
見るものを不安にさせる。",,1,yes,
"暴鋸竜の巨大な背ビレ。
水面にこの背が現れれば
辺りは恐怖におののく。",,1,yes,
"暴鋸竜の力強い翼。
その翼は極海の空を
思わせる色。",,1,,
"暴鋸竜の力強い翼。
その翼は極海の深海を
思わせる色。",,1,,
"暴鋸竜の体内を駆け巡る血液。
血中の成分が特殊で
急激な気圧変化に強い。",,1,,
"怒貌竜の中でも完全に白湖の
環境に適応した個体の皮。
乾燥や外敵から身を守る。",,1,,
"涸れ果てた環境に適応した怒
貌竜の鱗。ざらざらしている
が、染み出す毒で潤う。",,1,,
"怒貌竜の毒を生成する器官。
怒り時は血流を良くするため、
機能を停止させる。",,1,,
"非常に頑強な怒貌竜の骨。
切り出しや加工は困難を
極めるという。",,1,,
"怒貌竜の体内で生成される猛
毒を溜め込む器官。素材とし
て扱うには危険すぎる代物。",,1,,
"怒貌竜の全身を巡る血。
怒り時は高熱化し、その熱に
よって全身を膨張させる。",,1,,
"毒の滴る怒貌竜の牙。
白湖に生息する獲物を食べる
ため、鋭く頑丈に発達した。",,1,,
"特に強暴な怒貌竜が持つ牙。
この個体が現れる時、白湖の
生物は食い尽くされるという。",,1,,
"怒貌竜の分厚いヒレ。
水生だった頃の名残だが、
退化の兆しが見え始めている。",,1,yes,
"大きな威圧感を与える怒貌竜
のヒレ。白い砂が付着し、
きらめいて見える時がある。",,1,yes,
"たくましく肉感のある怒貌竜
の尻尾。尻尾の棘は鋭く、猛
毒を含んでいるため大変危険。",,1,,
"怒貌竜の強力な個体が持つ尾。
凄まじい力で振り降ろされる
一撃は、大地を陥没させる。",,1,,
"異様な怒貌竜の腕。地中に潜
むわずかな生物も逃さないた
め、発達したと考えられる。",,1,,
"怒貌竜の異形の腕。怒り時の
突起は、異形化した鱗が血管
の膨張で押し広がったもの。",,1,,
"凄まじい発達により硬質化し
た怒貌竜の腕。硬いものを
叩き潰すことに特化している。",,1,,
"幾年もの陸上活動を経て
獲得した、完全無欠の豪腕。
地形を変えるほどの力を持つ。",,1,,
"白虎・剣聖シリーズの
解放方法が記された紙。
工房に持って行こう！",,1,yes,
"白虎・双龍シリーズの
解放方法が記された紙。
工房に持って行こう！",,1,yes,
"白虎・剣王シリーズの
解放方法が記された紙。
工房に持って行こう！",,1,yes,
"白虎・刀神シリーズの
解放方法が記された紙。
工房に持って行こう！",,1,yes,
"白虎・天槍シリーズの
解放方法が記された紙。
工房に持って行こう！",,1,yes,
"白虎・砲皇シリーズの
解放方法が記された紙。
工房に持って行こう！",,1,yes,
"白虎・鈍器獣シリーズの
解放方法が記された紙。
工房に持って行こう！",,1,yes,
"白虎・奏帝シリーズの
解放方法が記された紙。
工房に持って行こう！",,1,yes,
"白虎・穿凰シリーズの
解放方法が記された紙。
工房に持って行こう！",,1,yes,
"白虎・斬将シリーズの
解放方法が記された紙。
工房に持って行こう！",,1,yes,
"白虎・銃傑シリーズの
解放方法が記された紙。
工房に持って行こう！",,1,yes,
"白虎・銃仙シリーズの
解放方法が記された紙。
工房に持って行こう！",,1,yes,
"白虎・弓鬼シリーズの
解放方法が記された紙。
工房に持って行こう！",,1,yes,
"キリンPD赤シリーズの
解放方法が記された紙。
工房に持って行こう！",,1,yes,
"キリンPD紫シリーズの
解放方法が記された紙。
工房に持って行こう！",,1,yes,
"キリンPD黒シリーズの
解放方法が記された紙。
工房に持って行こう！",,1,yes,
"カイザーPD白シリーズの
解放方法が記された紙。
工房に持って行こう！",,1,yes,
"カイザーPD黒シリーズの
解放方法が記された紙。
工房に持って行こう！",,1,yes,
"カイザーPD緑シリーズの
解放方法が記された紙。
工房に持って行こう！",,1,yes,
"ミヅハPD青シリーズの
解放方法が記された紙。
工房に持って行こう！",,1,yes,
"ミヅハPD赤シリーズの
解放方法が記された紙。
工房に持って行こう！",,1,yes,
"ミヅハPD黄シリーズの
解放方法が記された紙。
工房に持って行こう！",,1,yes,
"トヨタマPD青シリーズの
解放方法が記された紙。
工房に持って行こう！",,1,yes,
"トヨタマPD赤シリーズの
解放方法が記された紙。
工房に持って行こう！",,1,yes,
"トヨタマPD黄シリーズの
解放方法が記された紙。
工房に持って行こう！",,1,yes,
"暁丸PDと凛PDシリーズの
解放方法が記された紙。
工房に持って行こう！",,1,yes,
"雲海のように幻想的で希少
な鉱石。非常に脆く扱いには
注意が必要。",,1,,
"強健で作りやすい品種の笹。
どんな劣悪な環境でも育つ
と云われている。",,1,,
"非常に強健な笹。その強度
たるや、家具はおろか武器の
加工にも用いられるほど。",,1,,
"ギザミPD赤シリーズの
解放方法が記された紙。
工房に持って行こう！",,1,yes,
"ギザミPD黒シリーズの
解放方法が記された紙。
工房に持って行こう！",,1,yes,
"ギザミPD黄シリーズの
解放方法が記された紙。
工房に持って行こう！",,1,yes,
"ガブラスPD白シリーズの
解放方法が記された紙。
工房に持って行こう！",,1,yes,
"ガブラスPD黄シリーズの
解放方法が記された紙。
工房に持って行こう！",,1,yes,
"ガブラスPD黒シリーズの
解放方法が記された紙。
工房に持って行こう！",,1,yes,
"和を感じさせる不思議な鋼。
鋼には見たことのない文字が
書かれているが、解読不能だ。",,1,,
"和を感じさせる不思議な綿。
綿には見たことのない文字
と一枚の絵が書かれている。",,1,,
"生きとし生ける者達が、
求め続けた書巻。古の
武器を辿る術が記される。",,1,,
"竜槍ゲイボルグ貤の
生産方法が記された紙。
工房に持って行こう！",,1,yes,
"ゴールデンバット貤の
生産方法が記された紙。
工房に持って行こう！",,1,yes,
"アウナスの大鎌貤の
生産方法が記された紙。
工房に持って行こう！",,1,yes,
"竜鱗の剣貤の
生産方法が記された紙。
工房に持って行こう！",,1,,
"武具工房にいるハリセンネコ
から「サガコラボくじ」
を引くためのチケット。",,1,yes,
"サイネシリーズの
生産方法が記された紙。
工房に持って行こう！",,1,yes,
"サイネＤシリーズの
生産方法が記された紙。
工房に持って行こう！",,1,yes,
"煉緋Ｄシリーズの
解放方法が記された紙。
工房に持って行こう！",,1,yes,
"ハンターの決意の証。
無限の可能性を秘めて
いる。",,1,yes,
"特殊な輝きを持つ鉱石。
記念品を作成する際に
用いられる事が多い。",,1,,
"花嫁を祝して作られたブーケ。
さまざまな想いが込められて
いる。",,1,yes,
"グークのとても上質な羽根。
無病息災のお守りとして
身に着けられている。",,1,yes,
"メゼポルタで採れる植物。
東洋の書物で見られるもの
より強度が高く武具に適する。",,1,yes,
"ポルタカシワの中でも、特に
上質なもの。少し近寄るだけ
で豊かな香りがする。",,1,yes,
"調理すると硬くなってしまう
豆を用いた失敗作…のはずが、
武器に転用された。",,1,,
"セルレギオスの意思で先端が
開き立つ鋭い鱗。かするだけ
で対象を抉り取る危険な鱗。",,1,yes,
"セルレギオスの全身から飛来
する刃。放たれた刃鱗は、風
に乗りハンターに襲い掛かる。",,1,yes,
"強靭な蹴りと共に襲い来るセ
ルレギオスの鉤爪。武具など
無残に切り刻まれる。",,1,yes,
"セルレギオスの翼に生えてい
る爪。体重移動や姿勢制御に
使い、主な攻撃は後脚で行う。",,1,yes,
"セルレギオスの開き立つ刃鱗
の中、ただ一枚逆に開く刃鱗。
反逆心を体現したような逸品。",,1,yes,
"セルレギオスの槍の如き尻尾。
刃鱗に覆われたその一薙ぎは、
獲物を削り飛ばす。",,1,yes,
"セルレギオスの鋭利な角。さ
ながら肉厚な刀のようであり
武具の素晴らしい素材になる。",,1,yes,
"セルレギオスの興奮に併せ威
嚇するように開き立つ鋭い鱗。
触れたものを無残に削ぎ斬る。",,1,yes,
"セルレギオスの全身から乱れ
飛ぶ狂刃。尽きること無き刃
は近づく者全てに襲い掛かる。",,1,yes,
"稲妻のような蹴りと共に襲い
来るセルレギオスの鉤爪。鋭
き一撃は大気を切り裂く。",,1,yes,
"セルレギオスの翼に生えてい
る鋭利な爪。素材としての価
値は、後脚にひけをとらない。",,1,yes,
"稀に千刃竜の体内で生成され
る希少な玉石。目に見えぬ物
まで映し出す真球と云われる。",,1,,
"セルレギオスの名槍の如き猛
き尻尾。極めて硬く鋭い尾先
は、容易に獲物を貫く。",,1,yes,
"セルレギオスの強靭で鋭い角。
名刀のように美しき刃紋が浮
かぶ、職人垂涎の武具素材。",,1,yes,
"ハーゼＤシリーズの
生産方法が記された紙。
工房に持って行こう！",,1,yes,
"ルヴナンＤシリーズの
生産方法が記された紙。
工房に持って行こう！",,1,yes,
"ウイングシリーズの
生産方法が記された紙。
工房に持って行こう！",,1,yes,
"ウイングＤシリーズの
生産方法が記された紙。
工房に持って行こう！",,1,yes,
"ピンビシリーズの
生産方法が記された紙。
工房に持って行こう！",,1,yes,
"ピンビＤシリーズの
生産方法が記された紙。
工房に持って行こう！",,1,yes,
"プリブシリーズの
生産方法が記された紙。
工房に持って行こう！",,1,yes,
"プリブＤシリーズの
生産方法が記された紙。
工房に持って行こう！",,1,yes,
"装飾品の素材としてかかせな
い珠。珠との距離によって色
が異なって見える不思議な珠。",,1,,
"メラースＤシリーズの
解放方法が記された紙。
工房に持って行こう！",,1,yes,
"ロビンネコシリーズの
生産方法が記された紙。
工房に持って行こう！",,1,yes,
"吸い込まれそうなほど暗く、
紅く輝くラヴィエンテの宝玉。
対となるものが存在する。",,1,yes,
"目を覆いたくなるほど明るく、
蒼く輝くラヴィエンテの宝玉。
対となるものが存在する。",,1,yes,
"和を感じさせる不思議な石。
石には見たことのない文字が
書かれているが、解読不能だ。",,1,,
"ディランシリーズの
生産方法が記された紙。
工房に持って行こう！",,1,yes,
"ディランＤシリーズの
生産方法が記された紙。
工房に持って行こう！",,1,yes,
"ディブルシリーズの
生産方法が記された紙。
工房に持って行こう！",,1,yes,
"ディブルＤシリーズの
生産方法が記された紙。
工房に持って行こう！",,1,yes,
"煉鳳Ｄシリーズの
解放方法が記された紙。
工房に持って行こう！",,1,yes,
"シャルルシリーズの
生産方法が記された紙。
工房に持って行こう！",,1,yes,
"シャルルＤシリーズの
生産方法が記された紙。
工房に持って行こう！",,1,yes,
"朱雀・剣聖シリーズの
解放方法が記された紙。
工房に持って行こう！",,1,yes,
"朱雀・双龍シリーズの
解放方法が記された紙。
工房に持って行こう！",,1,yes,
"朱雀・剣王シリーズの
解放方法が記された紙。
工房に持って行こう！",,1,yes,
"朱雀・刀神シリーズの
解放方法が記された紙。
工房に持って行こう！",,1,yes,
"朱雀・天槍シリーズの
解放方法が記された紙。
工房に持って行こう！",,1,yes,
"朱雀・砲皇シリーズの
解放方法が記された紙。
工房に持って行こう！",,1,yes,
"朱雀・鈍器獣シリーズの
解放方法が記された紙。
工房に持って行こう！",,1,yes,
"朱雀・奏帝シリーズの
解放方法が記された紙。
工房に持って行こう！",,1,yes,
"朱雀・穿凰シリーズの
解放方法が記された紙。
工房に持って行こう！",,1,yes,
"朱雀・斬将シリーズの
解放方法が記された紙。
工房に持って行こう！",,1,yes,
"朱雀・銃傑シリーズの
解放方法が記された紙。
工房に持って行こう！",,1,yes,
"朱雀・銃仙シリーズの
解放方法が記された紙。
工房に持って行こう！",,1,yes,
"朱雀・弓鬼シリーズの
解放方法が記された紙。
工房に持って行こう！",,1,yes,
"Ｇ・ナイトPDとＰＶPDシリー
ズの解放方法が記された紙。
工房に持って行こう！",,1,yes,
"エンプレスPD赤シリーズの
解放方法が記された紙。
工房に持って行こう！",,1,yes,
"エンプレスPD黄シリーズの
解放方法が記された紙。
工房に持って行こう！",,1,yes,
"エンプレスPD紫シリーズの
解放方法が記された紙。
工房に持って行こう！",,1,yes,
"ランゴPD黄シリーズの
解放方法が記された紙。
工房に持って行こう！",,1,yes,
"ランゴPD黒シリーズの
解放方法が記された紙。
工房に持って行こう！",,1,yes,
"ランゴPD青シリーズの
解放方法が記された紙。
工房に持って行こう！",,1,yes,
"デスギアPD白シリーズの
解放方法が記された紙。
工房に持って行こう！",,1,yes,
"デスギアPD赤シリーズの
解放方法が記された紙。
工房に持って行こう！",,1,yes,
"デスギアPD青シリーズの
解放方法が記された紙。
工房に持って行こう！",,1,yes,
"ディアブロPD紫シリーズの
解放方法が記された紙。
工房に持って行こう！",,1,yes,
"ディアブロPD青シリーズの
解放方法が記された紙。
工房に持って行こう！",,1,yes,
"ディアブロPD黄シリーズの
解放方法が記された紙。
工房に持って行こう！",,1,yes,
"マカルパPD緑シリーズの
解放方法が記された紙。
工房に持って行こう！",,1,yes,
"マカルパPD青シリーズの
解放方法が記された紙。
工房に持って行こう！",,1,yes,
"マカルパPD黒シリーズの
解放方法が記された紙。
工房に持って行こう！",,1,yes,
"アカムトPD黒シリーズの
解放方法が記された紙。
工房に持って行こう！",,1,yes,
"アカムトPD赤シリーズの
解放方法が記された紙。
工房に持って行こう！",,1,yes,
"アカムトPD白シリーズの
解放方法が記された紙。
工房に持って行こう！",,1,yes,
"グラビドPD黒・剣士シリーズ
の解放方法が記された紙。
工房に持って行こう！",,1,yes,
"グラビドPD青・剣士シリーズ
の解放方法が記された紙。
工房に持って行こう！",,1,yes,
"グラビドPD赤・剣士シリーズ
の解放方法が記された紙。
工房に持って行こう！",,1,yes,
"キュールＤシリーズの
解放方法が記された紙。
工房に持って行こう！",,1,yes,
"ジャガーＤシリーズの
解放方法が記された紙。
工房に持って行こう！",,1,yes,
"東方にありそうな
とても古い器物。
工房に持っていこう！",,1,,
"雪をモチーフにした玩具。
特別な武器の材料にもなる。
工房に持っていこう！",,1,yes,
"メゼポルタで発見された
古い怪異譚。山ノ篇。
ミズキに見せてみよう！",,1,yes,
"メゼポルタで発見された
古い怪異譚。川ノ篇。
ミズキに見せてみよう！",,1,yes,
"メゼポルタで発見された
古い怪異譚。雲ノ篇。
ミズキに見せてみよう！",,1,yes,
"メゼポルタで発見された
古い怪異譚。風ノ篇。
ミズキに見せてみよう！",,1,yes,
"メゼポルタで発見された
古い怪異譚。雨ノ篇。
ミズキに見せてみよう！",,1,yes,
"メゼポルタで発見された
古い怪異譚。鳴ノ篇。
ミズキに見せてみよう！",,1,yes,
"特別な武器のお試し会場へ
入るための入場券。
ミズキに見せてみよう！",,1,yes,
"奇面族の秘術で作られた毒塊。
辿異種の毒が加わり、安易に
触れれば猛毒に侵される。",,1,,
"ブラキディオスへの憧れが
詰まった箱。これで君も
ブラキディオスだ！",,1,yes,
"アイルーのかわいいシールが
貼られた果実。黄色くて長い。
皮をむいて食べられそうだ！",,1,yes,
"メゼフェス限定の外装解放に
必要な、スペシャルな紙。
工房に持って行こう！",,1,yes,
"たい漁祈願のためガノトトス
の一本釣りというたい役を任
せたい。{c05}（精算アイテム）",,1,yes,
"たいそうめでたいたい剣の
生産に必要な品。はたいて
たたいて、さあたい変！",,1,,
"アルゴルＤシリーズの
解放方法が記された紙。
工房に持って行こう！",,1,yes,
"リオレウスの灼熱を受けて
なお光沢を失っていない鱗。
魚竜たちよ、仇は討ったぞ。",,1,yes,
"美しい輝きを追求し、
絶妙な配分で作られた
花火職人拘りの火薬。",,1,,
"まるで満月のように丸く、
妖しく光る希少な輝石。
宝石としての人気も高い。",,1,,
"カタンテＤシリーズの
解放方法が記された紙。
工房に持って行こう！",,1,yes,
"リカンテＤシリーズの
解放方法が記された紙。
工房に持って行こう！",,1,yes,
"メレンテＤシリーズの
解放方法が記された紙。
工房に持って行こう！",,1,yes,
"ウタンテＤシリーズの
解放方法が記された紙。
工房に持って行こう！",,1,yes,
"フランテＤシリーズの
解放方法が記された紙。
工房に持って行こう！",,1,yes,
"ジェスＤシリーズの
解放方法が記された紙。
工房に持って行こう！",,1,yes,
"リアルオＤシリーズの
解放方法が記された紙。
工房に持って行こう！",,1,yes,
"レイレスＤシリーズの
解放方法が記された紙。
工房に持って行こう！",,1,yes,
"レウアスＤシリーズの
解放方法が記された紙。
工房に持って行こう！",,1,yes,
"ブランＤシリーズの
解放方法が記された紙。
工房に持って行こう！",,1,yes,
"ハンショクフェイクＤの
解放方法が記された紙。
工房に持って行こう！",,1,yes,
"しましまＤシリーズの
解放方法が記された紙。
工房に持って行こう！",,1,yes,
"更なる高みを目指し、
究極の輝きを追求した
花火職人渾身の火薬。",,1,,
"カリスシリーズの
生産方法が記された紙。
工房に持って行こう！",,1,yes,
"カリスＤシリーズの
生産方法が記された紙。
工房に持って行こう！",,1,yes,
"デストラシリーズの
生産方法が記された紙。
工房に持って行こう！",,1,yes,
"デストラＤシリーズの
生産方法が記された紙。
工房に持って行こう！",,1,yes,
"華燭Ｄシリーズの
解放方法が記された紙。
工房に持って行こう！",,1,yes,
"メゼフェス限定の、特別な
座り動作が追加される。
<act54>で使用可能。",,1,yes,
"メゼフェス限定の、特別な
楽しい踊りが追加される。
<act55>で使用可能。",,1,yes,
"メゼフェス限定の、特別な
愉快な踊りが追加される。
<act56>で使用可能。",,1,yes,
"メゼフェス限定の、特別な
アツい踊りが追加される。
<act57>で使用可能。",,1,yes,
"メゼフェス限定の、感謝を
表す動作が追加される。
<act58>で使用可能。",,1,yes,
"奇面族の秘術で作られた毒塊。
虫やキノコなどから採取した
毒を組み合わせてある。",,1,yes,
"奇面族の秘術で作られた毒塊。
複数のモンスターの毒が加わ
り、さらに強い毒性をもつ。",,1,yes,
"育てると果実ができるタネ。
とある人物が収集している。
{c05}（精算アイテム）",,1,yes,
"フィンスシリーズの
生産方法が記された紙。
工房に持って行こう！",,1,yes,
"フィンスＤシリーズの
生産方法が記された紙。
工房に持って行こう！",,1,yes,
"ディンスシリーズの
生産方法が記された紙。
工房に持って行こう！",,1,yes,
"ディンスＤシリーズの
生産方法が記された紙。
工房に持って行こう！",,1,yes,
"レニガンシリーズの
生産方法が記された紙。
工房に持って行こう！",,1,yes,
"レニガンＤシリーズの
生産方法が記された紙。
工房に持って行こう！",,1,yes,
"艶のある黒い招待状。
正式な服装で招待に応じる
必要がありそう。",,1,,
"艶のある白い招待状。
正式な服装で招待に応じる
必要がありそう。",,1,,
"潔燭Ｄシリーズの
解放方法が記された紙。
工房に持って行こう！",,1,yes,
"特別なイベントの開催時に
ギルドから配布されるくじ券。
武具工房でくじを引こう！",,1,yes,
"見ているだけでドキドキと
胸の高まりを感じるコイン。
収集欲が湧いてくる。",,1,yes,
"ブルックＤシリーズの
解放方法が記された紙。
工房に持って行こう！",,1,yes,
"シルックＤシリーズの
解放方法が記された紙。
工房に持って行こう！",,1,yes,
"ゴルックＤシリーズの
解放方法が記された紙。
工房に持って行こう！",,1,yes,
"磁斬鎚を極めんとする者に
与えられる努力の証【序】",,1,,
"磁斬鎚を極めんとする者に
与えられる努力の証【中】",,1,,
"磁斬鎚を極めんとする者に
与えられる努力の証【極】",,1,,
"磁斬鎚を極めんとする者に
与えられる努力の証【天】",,1,,
"磁斬鎚をさらに極めんと
する者に与えられる
精励の綬章。【序】",,1,,
"磁斬鎚をさらに極めんと
する者に与えられる
精励の綬章。【中】",,1,,
"磁斬鎚をさらに極めんと
する者に与えられる
精励の綬章。【極】",,1,,
"磁斬鎚を極め、高みへと
到達した者に与えられる
礼賛の勲章。【序】",,1,,
"磁斬鎚を極め、高みへと
到達した者に与えられる
礼賛の勲章。【中】",,1,,
"磁斬鎚を極め、高みへと
到達した者に与えられる
礼賛の勲章。【極】",,1,,
"幻の人気月刊誌『狩りに
生きる』増刊号。伝説の
収納術が今、ここに…！",,1,,
"不可思議な紋様が彫られた
刻印。片手剣の秘技が
刻まれているという。",,1,,
"不可思議な紋様が彫られた
刻印。双剣の秘技が
刻まれているという。",,1,,
"不可思議な紋様が彫られた
刻印。大剣の秘技が
刻まれているという。",,1,,
"不可思議な紋様が彫られた
刻印。太刀の秘技が
刻まれているという。",,1,,
"不可思議な紋様が彫られた
刻印。鎚の秘技が
刻まれているという。",,1,,
"不可思議な紋様が彫られた
刻印。狩猟笛の秘技が
刻まれているという。",,1,,
"不可思議な紋様が彫られた
刻印。槍の秘技が
刻まれているという。",,1,,
"不可思議な紋様が彫られた
刻印。銃槍の秘技が
刻まれているという。",,1,,
"不可思議な紋様が彫られた
刻印。剣斧の秘技が
刻まれているという。",,1,,
"不可思議な紋様が彫られた
刻印。穿龍棍の秘技が
刻まれているという。",,1,,
"不可思議な紋様が彫られた
刻印。磁斬鎚の秘技が
刻まれているという。",,1,,
"不可思議な紋様が彫られた
刻印。軽銃の秘技が
刻まれているという。",,1,,
"不可思議な紋様が彫られた
刻印。重銃の秘技が
刻まれているという。",,1,,
"不可思議な紋様が彫られた
刻印。弓の秘技が
刻まれているという。",,1,,
"舞姫歌扇貤の
生産方法が記された紙。
工房に持って行こう！",,1,,
"ソウルイーター貤の
生産方法が記された紙。
工房に持って行こう！",,1,yes,
"イデアルストレイダ貤の
生産方法が記された紙。
工房に持って行こう！",,1,yes,
"樽ラッピーキャノン貤の
生産方法が記された紙。
工房に持って行こう！",,1,yes,
"ＰＳＯ２シリーズの
生産方法が記された紙。
工房に持って行こう！",,1,yes,
"ＰＳＯ２Ｄシリーズの
生産方法が記された紙。
工房に持って行こう！",,1,yes,
"武具工房にいるハリセンネコ
から「ＰＳＯ２コラボくじ」
を引くためのチケット。",,1,yes,
"シジルとは形状が異なる
印章。禍々しい雰囲気を
放っている。",,1,yes,
"メタルＤシリーズの
生産方法が記された紙。
工房に持って行こう！",,1,yes,
"プロミスＤシリーズの
生産方法が記された紙。
工房に持って行こう！",,1,yes,
"星祭Ｄシリーズの
生産方法が記された紙。
工房に持って行こう！",,1,yes,
"イクスＤシリーズの
生産方法が記された紙。
工房に持って行こう！",,1,yes,
"きんねこＤシリーズの
生産方法が記された紙。
工房に持って行こう！",,1,yes,
"ぎんねこＤシリーズの
生産方法が記された紙。
工房に持って行こう！",,1,yes,
"クレールＤシリーズの
生産方法が記された紙。
工房に持って行こう！",,1,yes,
"ゴルトＤシリーズの
生産方法が記された紙。
工房に持って行こう！",,1,yes,
"ファランＤシリーズの
生産方法が記された紙。
工房に持って行こう！",,1,yes,
"テクストＤシリーズの
生産方法が記された紙。
工房に持って行こう！",,1,yes,
"ガリトスＤシリーズの
生産方法が記された紙。
工房に持って行こう！",,1,yes,
"スリートＤシリーズの
生産方法が記された紙。
工房に持って行こう！",,1,yes,
"ステノＤシリーズの
生産方法が記された紙。
工房に持って行こう！",,1,yes,
"エディオＤシリーズの
生産方法が記された紙。
工房に持って行こう！",,1,yes,
"オメットＤシリーズの
生産方法が記された紙。
工房に持って行こう！",,1,yes,
"カエシスＤシリーズの
生産方法が記された紙。
工房に持って行こう！",,1,yes,
"ゾデックＤシリーズの
生産方法が記された紙。
工房に持って行こう！",,1,yes,
"アージェＤシリーズの
生産方法が記された紙。
工房に持って行こう！",,1,yes,
"カマレラＤシリーズの
生産方法が記された紙。
工房に持って行こう！",,1,yes,
"メテネラＤシリーズの
生産方法が記された紙。
工房に持って行こう！",,1,yes,
"アビットＤシリーズの
生産方法が記された紙。
工房に持って行こう！",,1,yes,
"リブリーＤシリーズの
生産方法が記された紙。
工房に持って行こう！",,1,yes,
"マゴスＤシリーズの
生産方法が記された紙。
工房に持って行こう！",,1,yes,
"ピクスＤシリーズの
生産方法が記された紙。
工房に持って行こう！",,1,yes,
"セクティＤシリーズの
生産方法が記された紙。
工房に持って行こう！",,1,yes,
"オナブルＤシリーズの
生産方法が記された紙。
工房に持って行こう！",,1,yes,
"飛天Ｄシリーズの
生産方法が記された紙。
工房に持って行こう！",,1,yes,
"バンデＤシリーズの
生産方法が記された紙。
工房に持って行こう！",,1,yes,
"レグヌムＤシリーズの
生産方法が記された紙。
工房に持って行こう！",,1,yes,
"ガニアＤシリーズの
生産方法が記された紙。
工房に持って行こう！",,1,yes,
"アミスタＤシリーズの
生産方法が記された紙。
工房に持って行こう！",,1,yes,
"ペリフＤシリーズの
生産方法が記された紙。
工房に持って行こう！",,1,yes,
"アルマＤシリーズの
生産方法が記された紙。
工房に持って行こう！",,1,yes,
"レアルＤシリーズの
生産方法が記された紙。
工房に持って行こう！",,1,yes,
"フェルムＤシリーズの
生産方法が記された紙。
工房に持って行こう！",,1,yes,
"メレティＤシリーズの
生産方法が記された紙。
工房に持って行こう！",,1,yes,
"アリストＤシリーズの
生産方法が記された紙。
工房に持って行こう！",,1,yes,
"リゲリアＤシリーズの
生産方法が記された紙。
工房に持って行こう！",,1,yes,
"バーニーＤシリーズの
生産方法が記された紙。
工房に持って行こう！",,1,yes,
"蘭陀Ｄシリーズの
生産方法が記された紙。
工房に持って行こう！",,1,yes,
"マイストＤシリーズの
生産方法が記された紙。
工房に持って行こう！",,1,yes,
"トラスＤシリーズの
生産方法が記された紙。
工房に持って行こう！",,1,yes,
"カウチュＤシリーズの
生産方法が記された紙。
工房に持って行こう！",,1,yes,
"シエナＤシリーズの
生産方法が記された紙。
工房に持って行こう！",,1,yes,
"レイストＤシリーズの
生産方法が記された紙。
工房に持って行こう！",,1,yes,
"クロースＤシリーズの
生産方法が記された紙。
工房に持って行こう！",,1,yes,
"グロリアＤシリーズの
生産方法が記された紙。
工房に持って行こう！",,1,yes,
"ゲルトＤシリーズの
生産方法が記された紙。
工房に持って行こう！",,1,yes,
"セレナＤシリーズの
生産方法が記された紙。
工房に持って行こう！",,1,yes,
"シェリフＤシリーズの
生産方法が記された紙。
工房に持って行こう！",,1,yes,
"ナーガＤシリーズの
生産方法が記された紙。
工房に持って行こう！",,1,yes,
"天日Ｄシリーズの
生産方法が記された紙。
工房に持って行こう！",,1,yes,
"ルフレＤシリーズの
生産方法が記された紙。
工房に持って行こう！",,1,yes,
"マリンＤシリーズの
生産方法が記された紙。
工房に持って行こう！",,1,yes,
"ダスクＤシリーズの
生産方法が記された紙。
工房に持って行こう！",,1,yes,
"ヴァクスＤシリーズの
解放方法が記された紙。
工房に持って行こう！",,1,yes,
"リズヴェＤシリーズの
解放方法が記された紙。
工房に持って行こう！",,1,yes,
"コンセルＤシリーズの
解放方法が記された紙。
工房に持って行こう！",,1,yes,
"シカリＤシリーズの
解放方法が記された紙。
工房に持って行こう！",,1,yes,
"ストレガＤシリーズの
解放方法が記された紙。
工房に持って行こう！",,1,yes,
"エクエスＤシリーズの
解放方法が記された紙。
工房に持って行こう！",,1,yes,
"ウィダＤシリーズの
解放方法が記された紙。
工房に持って行こう！",,1,yes,
"クラージＤシリーズの
解放方法が記された紙。
工房に持って行こう！",,1,yes,
"アネシスＤシリーズの
解放方法が記された紙。
工房に持って行こう！",,1,yes,
"ザーカーＤシリーズの
解放方法が記された紙。
工房に持って行こう！",,1,yes,
"ヴィネンＤシリーズの
解放方法が記された紙。
工房に持って行こう！",,1,yes,
"ルデオスＤシリーズの
解放方法が記された紙。
工房に持って行こう！",,1,yes,
"ブレオＤシリーズの
解放方法が記された紙。
工房に持って行こう！",,1,yes,
"ルージュＤシリーズの
解放方法が記された紙。
工房に持って行こう！",,1,yes,
"オネロＤシリーズの
解放方法が記された紙。
工房に持って行こう！",,1,yes,
"ディーナＤシリーズの
解放方法が記された紙。
工房に持って行こう！",,1,yes,
"オーロワＤシリーズの
解放方法が記された紙。
工房に持って行こう！",,1,yes,
"ヒガクレＤシリーズの
解放方法が記された紙。
工房に持って行こう！",,1,yes,
"ペルセＤシリーズの
解放方法が記された紙。
工房に持って行こう！",,1,yes,
"オリクトＤシリーズの
解放方法が記された紙。
工房に持って行こう！",,1,yes,
"ヨルティＤシリーズの
解放方法が記された紙。
工房に持って行こう！",,1,yes,
"ニスルＤシリーズの
解放方法が記された紙。
工房に持って行こう！",,1,yes,
"マアデンＤシリーズの
解放方法が記された紙。
工房に持って行こう！",,1,yes,
"チェニーＤシリーズの
解放方法が記された紙。
工房に持って行こう！",,1,yes,
"エギエネＤシリーズの
解放方法が記された紙。
工房に持って行こう！",,1,yes,
"トルボダＤシリーズの
解放方法が記された紙。
工房に持って行こう！",,1,yes,
"カバリバＤシリーズの
解放方法が記された紙。
工房に持って行こう！",,1,yes,
"ノルックＤシリーズの
解放方法が記された紙。
工房に持って行こう！",,1,yes,
"ヴァリエＤシリーズの
解放方法が記された紙。
工房に持って行こう！",,1,yes,
"アルミュＤシリーズの
解放方法が記された紙。
工房に持って行こう！",,1,yes,
"チャトレＤシリーズの
解放方法が記された紙。
工房に持って行こう！",,1,yes,
"パシオＤシリーズの
解放方法が記された紙。
工房に持って行こう！",,1,yes,
"カリヴァＤシリーズの
解放方法が記された紙。
工房に持って行こう！",,1,yes,
"ラッピーが落としていった
黄色い羽。ふわふわ。
{c05}（精算アイテム）",,1,yes,
"ラッピーが落としていった
黄色い羽。ごくふわ。
{c05}（精算アイテム）",,1,yes,
"多くの層から成る爆霧竜の皮。
外部からの衝撃を効率的に
分散させることができる。",,1,,
"特殊な構造をした爆霧竜の鱗。
衝撃を受けた瞬間に小規模の
爆発が起き、力を相殺する。",,1,,
"高い密度を誇る爆霧竜の骨。
叩きつけの恐るべき衝撃は、
この密度から生み出される。",,1,,
"爆霧竜の全身を流れる血液。
体内から取り出すと、可燃性
の気体となる。",,1,,
"爆霧竜が放つガスが充満する
器官。ここに集められた血液
が気体となり、放出される。",,1,yes,
"内部に爆霧竜のガスが満ちて
いる透明な宝玉。外から衝撃
を加えると、炎が発生する。",,1,yes,
"先端が異様な形をした爆霧竜
の尻尾。地中に差し込み、
周囲にガスを噴出させる。",,1,yes,
"先端が異様な形をした爆霧竜
の尻尾。切断してしまえば、
背後への脅威性が弱まる。",,1,,
"あまり鋭くない爆霧竜の牙。
噛み砕くというより、
すり潰すように使う。",,1,,
"とても重い爆霧竜の牙。
石の様な材質でできており、
強くすり合せると火花がでる。",,1,,
"爆霧竜の背中に生えている
独特な形をした外骨格。
ガスの成分が満ちている。",,1,yes,
"爆霧竜の背中に生えている
独特な形をした外骨格。
まるで岩のように堅い。",,1,,
"大きな管がついている爆霧竜
の腕。噴出されるガスには
十分に注意が必要。",,1,yes,
"大きな管がついている爆霧竜
の腕。ガスを放出すると、
一時的に軟化するようだ。",,1,yes,
"大きな管がついている爆霧竜
の腕。叩きつけには、巨大な
爆発が伴う。",,1,,
"大きな管がついている爆霧竜
の腕。強力な叩きつけで、
獲物を執拗に攻める。",,1,,
"玄武・剣聖シリーズの
解放方法が記された紙。
工房に持って行こう！",,1,yes,
"玄武・双龍シリーズの
解放方法が記された紙。
工房に持って行こう！",,1,yes,
"玄武・剣王シリーズの
解放方法が記された紙。
工房に持って行こう！",,1,yes,
"玄武・刀神シリーズの
解放方法が記された紙。
工房に持って行こう！",,1,yes,
"玄武・天槍シリーズの
解放方法が記された紙。
工房に持って行こう！",,1,yes,
"玄武・砲皇シリーズの
解放方法が記された紙。
工房に持って行こう！",,1,yes,
"玄武・鈍器獣シリーズの
解放方法が記された紙。
工房に持って行こう！",,1,yes,
"玄武・奏帝シリーズの
解放方法が記された紙。
工房に持って行こう！",,1,yes,
"玄武・穿凰シリーズの
解放方法が記された紙。
工房に持って行こう！",,1,yes,
"玄武・斬将シリーズの
解放方法が記された紙。
工房に持って行こう！",,1,yes,
"玄武・銃傑シリーズの
解放方法が記された紙。
工房に持って行こう！",,1,yes,
"玄武・銃仙シリーズの
解放方法が記された紙。
工房に持って行こう！",,1,yes,
"玄武・弓鬼シリーズの
解放方法が記された紙。
工房に持って行こう！",,1,yes,
"レックスPD黒シリーズの
解放方法が記された紙。
工房に持って行こう！",,1,yes,
"レックスPD白シリーズの
解放方法が記された紙。
工房に持って行こう！",,1,yes,
"レックスPD紫シリーズの
解放方法が記された紙。
工房に持って行こう！",,1,yes,
"モノブロスPD黄シリーズの
解放方法が記された紙。
工房に持って行こう！",,1,yes,
"モノブロスPD緑シリーズの
解放方法が記された紙。
工房に持って行こう！",,1,yes,
"モノブロスPD白シリーズの
解放方法が記された紙。
工房に持って行こう！",,1,yes,
"フルフルPD黒・ガンナーシ
リーズの解放方法が記され
た紙。工房に持って行こう！",,1,yes,
"フルフルPD緑・ガンナーシ
リーズの解放方法が記され
た紙。工房に持って行こう！",,1,yes,
"フルフルPD青・ガンナーシ
リーズの解放方法が記され
た紙。工房に持って行こう！",,1,yes,
"ガノスPD黒シリーズの
解放方法が記された紙。
工房に持って行こう！",,1,yes,
"ガノスPD黄シリーズの
解放方法が記された紙。
工房に持って行こう！",,1,yes,
"ガノスPD紫シリーズの
解放方法が記された紙。
工房に持って行こう！",,1,yes,
"ゲリョスPD赤シリーズの
解放方法が記された紙。
工房に持って行こう！",,1,yes,
"ゲリョスPD黄シリーズの
解放方法が記された紙。
工房に持って行こう！",,1,yes,
"ゲリョスPD緑シリーズの
解放方法が記された紙。
工房に持って行こう！",,1,yes,
"神楽PD赤シリーズの
解放方法が記された紙。
工房に持って行こう！",,1,yes,
"神楽PD黒シリーズの
解放方法が記された紙。
工房に持って行こう！",,1,yes,
"神楽PD紫シリーズの
解放方法が記された紙。
工房に持って行こう！",,1,yes,
"神座PD赤シリーズの
解放方法が記された紙。
工房に持って行こう！",,1,yes,
"神座PD黒シリーズの
解放方法が記された紙。
工房に持って行こう！",,1,yes,
"神座PD紫シリーズの
解放方法が記された紙。
工房に持って行こう！",,1,yes,
"モスPD白シリーズの
解放方法が記された紙。
工房に持って行こう！",,1,yes,
"モスPD黄シリーズの
解放方法が記された紙。
工房に持って行こう！",,1,yes,
"モスPD青シリーズの
解放方法が記された紙。
工房に持って行こう！",,1,yes,
"忍の装束・陰PD黄シリーズの
解放方法が記された紙。
工房に持って行こう！",,1,yes,
"忍の装束・陰PD赤シリーズの
解放方法が記された紙。
工房に持って行こう！",,1,yes,
"忍の装束・陰PD青シリーズの
解放方法が記された紙。
工房に持って行こう！",,1,yes,
"試作型マグネットスパイクを
作成する事ができる素材。
西洋の文字が刻まれている。",,1,yes,
"潮島の地下に眠っていたまば
ゆいばかりの財宝。あの金銀
武器の素材になるかも？",,1,,
"異国から届いた極秘の設計図。
大口径の砲身からは、相手を
殲滅する強固な意志を感じる。",,1,,
"異国から届いた極秘の設計図。
希少な素材と工房の加工技術
により大幅に性能が向上した。",,1,,
"青紫色の気体が詰まったビン。
中に煙が充満している。
火気厳禁！",,1,yes,
"見る角度によって色が変わる
塗料。手練れの絵描きでも
扱いが難しい。",,1,,
"ラッピーＤシリーズの
生産方法が記された紙。
工房に持って行こう！",,1,yes,
"ラッピーネコシリーズの
生産方法が記された紙。
工房に持って行こう！",,1,yes,
"歌詠Ｄシリーズの
解放方法が記された紙。
工房に持って行こう！",,1,yes,
"歌紡Ｄシリーズの
解放方法が記された紙。
工房に持って行こう！",,1,yes,
"災禍である存在を
討伐したハンターへ贈られる
ギルドからの感謝の証。",,1,yes,
"凶災をもたらす存在を
討伐したハンターへ贈られる
ギルドからの感謝の証。",,1,yes,
"特殊な鎧竜の甲殻。
凄まじい高温に耐えられるが
剥ぎ取りには骨が折れる。",,1,,
"高熱を帯びた鎧竜の胸殻。
討伐直後から熱を帯びる為
手早く剥ぎ取る必要がある。",,1,,
"巨体を支える鎧竜の重骨。
見た目以上の重さゆえに
持ち運ぶのに一苦労。",,1,,
"熱に強く、一時的とはいえ
巨体を浮かすことのできる
鎧竜の翼。",,1,,
"特殊な内臓器官で通常よりも
発火しやすい粉塵が大量に
詰まっている。取扱注意！",,1,,
"灼熱を閉じ込めたような
鎧竜の玉石。見るだけで
額に汗が滲む。",,1,,
"辿異種鎧竜の頭殻。
とてつもなく重いが
頑強さも最上級。",,1,,
"辿異種鎧竜の頭殻。
その中でもひときわ重い。
頑強さも類をみない。",,1,,
"辿異種鎧竜の尾骨。
鎧竜の素材の中では扱い易く
極めて高い熱に耐えられる。",,1,,
"辿異種鎧竜の尾骨。
その中でも最上級のもの。
重量も最上級。",,1,,
"原形をとどめないほどに変異
した鎧竜の躰。背中が火山の
火口のような形をしている。",,1,,
"原形をとどめないほどに変異
した鎧竜の躰。衝撃と高温
に対して無類の強度を誇る。",,1,,
"原形をとどめないほどに変異
した鎧竜の躰。膨大な熱を持
ち、近寄るのは困難。",,1,,
"原形をとどめないほどに変異
した鎧竜の躰。諦めない者
だけが入手できる素材。",,1,,
"強靭さと伸縮性に富む素材。
斑模様は良質の証とされ
その紋様は個体差が大きい。",,1,,
"黒紫鱗とも呼ばれる鱗。
高貴さを感じさせる色味だが
熱に弱く職人の腕が試される。",,1,,
"混血液を使った武具は
劣化しづらいため
最後の仕上げに重宝される。",,1,,
"吸収した血を瞬時に
体の隅々まで循環させる器官。
しなやかさが段違い。",,1,,
"吸血した血を貯める袋。
血だけを吸い続けた結果
桁違いに凝縮されている。",,1,,
"喰血竜の舌の先端。
華のように広がったその形は
恐ろしさと美しさが同居する。",,1,,
"土や水を強くはじく部位。
土に沈むように潜れる
原理の鍵で研究価値が高い。",,1,,
"微触手の中で最も土を
はじく力が強い部位。
ただし剥ぎ取るのは至難の業。",,1,,
"喰血竜の背中に生えている
ヒレ。薄いが鋭利なため、
扱いには細心の注意が必要。",,1,yes,
"喰血竜の背中に生えている
ヒレの中でも特に薄いもの。
薄さに比例して鋭利になる。",,1,yes,
"特殊な喰血竜の尻尾から剥ぎ
取れる素材。尻尾の先端が
鋭いほど高品質で需要がある。",,1,,
"極上の喰血竜の尻尾。
力が逃げず、突き刺せば
あらゆるものに穴を穿つ。",,1,,
"恐ろしく異様な形に発達した
喰血竜の頭。剣の刃が連なる
が如きその顎はまさに異形。",,1,,
"恐ろしく異様な形に発達した
喰血竜の頭。加工すると
材質的にとても錆びづらい。",,1,,
"恐ろしく異様な形に発達した
喰血竜の頭。喰血竜の恐ろし
さがにじみ出ている。",,1,,
"恐ろしく異様な形に発達した
喰血竜の頭。血と混ぜ合わせ
ることで別の特色が現れる。",,1,,
"タンザナＤシリーズの
解放方法が記された紙。
工房に持って行こう！",,1,yes,
"ヘマタイトＤシリーズの
解放方法が記された紙。
工房に持って行こう！",,1,yes,
"白虎・磁星シリーズの
解放方法が記された紙。
工房に持って行こう！",,1,yes,
"朱雀・磁星シリーズの
解放方法が記された紙。
工房に持って行こう！",,1,yes,
"玄武・磁星シリーズの
解放方法が記された紙。
工房に持って行こう！",,1,yes,
"ラヴィシリーズを纏い老山龍
を撃退したものに贈られる、
ラヴィエンテへの愛の証。",,1,yes,
"ラヴィシリーズを纏い砦蟹を
撃退したものに贈られる、
ラヴィエンテへの愛の証。",,1,yes,
"磁斬鎚を極めしＬラスタの
グラハムが、一人前の使い手
と認めたものに授ける証書。",,1,yes,
"磁斬鎚を極めしＬラスタの
グラハムが、熟練した使い手
と認めたものに授ける奥義書。",,1,yes,
"ミニオシリーズの
生産方法が記された紙。
工房に持って行こう！",,1,yes,
"ハリネシリーズの
生産方法が記された紙。
工房に持って行こう！",,1,yes,
"パッカリグークの
生産方法が記された紙。
工房に持って行こう！",,1,yes,
"パックリグークの
生産方法が記された紙。
工房に持って行こう！",,1,yes,
"でか焼鳥ニャ！の
生産方法が記された紙。
工房に持って行こう！",,1,yes,
"ローソンネコスーツの
生産方法が記された紙。
工房に持って行こう！",,1,yes,
"アリシアシリーズの
生産方法が記された紙。
工房に持って行こう！",,1,yes,
"アリシアＤシリーズの
生産方法が記された紙。
工房に持って行こう！",,1,yes,
"亀さんを助けたことで
受取ったお礼状。
何個あっても嬉しいもの。",,1,,
"乙姫の依頼を達成したことで
もらえた立派な箱。
中は煙も何も入っていない。",,1,,
"切断したばかりの尻尾から
手に入れた血と髄液などを
混ぜたもの。新鮮さがウリ。",,1,yes,
"切断したばかりの尻尾から
手に入れた血と髄液などを
混ぜたもの。強くなりそう！",,1,,
"ハンター達から仕入れた番人
についての情報の一部。
青系…高い場所に居る…",,1,yes,
"ハンター達から仕入れた番人
についての情報の一部。
水晶のようなもの…攻撃…",,1,yes,
"あれ？コイツじゃないの？
違うのかぁ…。悪かったね。
{c05}（精算アイテム）",,1,yes,
"メゼフェス限定の、財布の
紐が緩む動作が追加される。
＜act59＞で使用可能。",,1,yes,
"メゼフェス限定の、唄が聴こ
えそうな動作が追加される。
＜act60＞で使用可能。",,1,yes,
"メゼフェス限定の、音が聴こ
えそうな動作が追加される。
＜act61＞で使用可能。",,1,yes,
"メゼフェス限定の、終わらぬ
勝負の動作が追加される。
＜act62＞で使用可能。",,1,yes,
"メゼフェス限定の、荒ぶる者
を止める動作が追加される。
＜act63＞で使用可能。",,1,yes,
"雅葉ノ装シリーズの
生産方法が記された紙。
工房に持って行こう！",,1,yes,
"雅葉ノ装Ｄシリーズの
生産方法が記された紙。
工房に持って行こう！",,1,yes,
"雅葉ノ装Ｃシリーズの
生産方法が記された紙。
工房に持って行こう！",,1,yes,
"ファビラシリーズの
生産方法が記された紙。
工房に持って行こう！",,1,yes,
"ファビラＤシリーズの
生産方法が記された紙。
工房に持って行こう！",,1,yes,
"装飾品の素材としてかかせな
い珠。獅子の鬣を彷彿とさせ
る、美しい模様をしている。",,1,,
"装飾品の素材としてかかせな
い珠。黒帯を思わせる、太い
黒線が目印の原珠。",,1,,
"落とし主が分からない落し物。
黒ずんだ銀色の金属片で、
何かの部品のようだ。",,1,,
"とてもアツイおいしそうな肉。
しかし味はマズいので、武器
の素材に用いられる。",,1,yes,
"黒く怪しい輝きを放つ石。
入手経路が謎に包まれ、
存在自体も怪しい鉱石。",,1,,
"いくつもの鉱物が混ざり合い
ながら溶け、ひとつになった
鉱石。硬すぎて加工が困難。",,1,,
"翼の種類や形状、機能、翼を
持つ生態について調べた結果
をまとめた資料。",,1,,
"翼への憧れが先行して、個人
の情熱が溢れている、読むの
も大変な分厚い資料。",,1,,
"高地に生息するエルペを中心
に…というか、ほぼエルペに
ついて書いてある書籍。",,1,yes,
"高地に生息するブルックを
中心に…というか、ほぼ
ブルックについての書籍。",,1,yes,
"高地に生息する…主にエルペ
とブルックについて、詳細な
図解と共に書かれた書籍。",,1,yes,
"アスモＣシリーズの
生産方法が記された紙。
工房に持って行こう！",,1,yes,
"ロッカＣシリーズの
生産方法が記された紙。
工房に持って行こう！",,1,yes,
"ルーチェＣシリーズの
生産方法が記された紙。
工房に持って行こう！",,1,yes,
"シュイＣシリーズの
生産方法が記された紙。
工房に持って行こう！",,1,yes,
"アウラＣシリーズの
生産方法が記された紙。
工房に持って行こう！",,1,yes,
"和を感じさせる不思議な麻。
麻には見たことのない文字
と一枚の絵が書かれている。",,1,,
"アリシスシリーズの
生産方法が記された紙。
工房に持って行こう！",,1,yes,
"アリシスＤシリーズの
生産方法が記された紙。
工房に持って行こう！",,1,yes,
"ロゥリィシリーズの
生産方法が記された紙。
工房に持って行こう！",,1,yes,
"ロゥリィＤシリーズの
生産方法が記された紙。
工房に持って行こう！",,1,yes,
"何か不思議な運命を
予感させる歯車。
工房に持って行こう！",,1,,
"グークが赤い装束に身を包ん
だ像。寒い時期になると、
どこかに飾りたくなる。",,1,yes,
"鬼武者Ｄシリーズの
生産方法が記された紙。
工房に持って行こう！",,1,yes,
"爆破を伴う紫色の霧が固体に
なったものと言われている。
とても珍しい物質。",,1,,
"熟練の設計者が作成した設計
図。必要数集めて武具工房に
持っていこう。",,1,,
"熟練の設計者が作成した改造
設計図。必要数集めて武具工
房に持っていこう。",,1,,
"炎角竜の再現度が高く今にも
動きだしそうなオブジェ。
彼女が丹精を込めて作った品。",,1,yes,
"炎角竜の再現度が高く今にも
唸りをあげそうなオブジェ。
彼女の転機を感じさせる品。",,1,yes,
"ぬいぐるみ作成に使えそうな
毛糸で色合いが美しい。
楽しく裁縫ができそう。",,1,,
"振りかけた対象の可愛さを
アップさせる不思議な粉。
可愛いは力なり！",,1,yes,
"新年にもらった謎の袋。
何かが入っているが、
ゼニ―ではないようだ。",,1,yes,
"鶴の模様をしたグーク笛の
生産方法が記された紙。
工房に持って行こう！",,1,yes,
"鴨の模様をしたグーク笛の
生産方法が記された紙。
工房に持って行こう！",,1,yes,
"鸚鵡の模様をしたグーク笛の
生産方法が記された紙。
工房に持って行こう！",,1,yes,
"新年にもらえるはずだった謎
の袋。名前にミのつく誰かが
渡しそびれたようだ…。",,1,,
"ラビウスシリーズの
生産方法が記された紙。
工房に持って行こう！",,1,yes,
"ラビウスＤシリーズの
生産方法が記された紙。
工房に持って行こう！",,1,yes,
"ロクラスシリーズの
生産方法が記された紙。
工房に持って行こう！",,1,yes,
"ロクラスＤシリーズの
生産方法が記された紙。
工房に持って行こう！",,1,yes,
"レコリスシリーズの
生産方法が記された紙。
工房に持って行こう！",,1,yes,
"レコリスＤシリーズの
生産方法が記された紙。
工房に持って行こう！",,1,yes,
"決して錆びる事のない、
特殊な加工を施された歯車。
技術の発展に大きく貢献した。",,1,,
"グリディＤシリーズの
解放方法が記された紙。
工房に持って行こう！",,1,yes,
"ふわふわで、もこもこで、
まんまるな尻尾。集めると
いいことがあるかも。",,1,,
"シフニィＤシリーズの
解放方法が記された紙。
工房に持って行こう！",,1,yes,
"煉燭Ｄシリーズの
解放方法が記された紙。
工房に持って行こう！",,1,yes,
"ラファンＤシリーズの
解放方法が記された紙。
工房に持って行こう！",,1,yes,
"ラファンＣシリーズの
解放方法が記された紙。
工房に持って行こう！",,1,yes,
"ビーターＤシリーズの
解放方法が記された紙。
工房に持って行こう！",,1,yes,
"コレプトＤシリーズの
解放方法が記された紙。
工房に持って行こう！",,1,yes,
"青龍・剣聖シリーズの
解放方法が記された紙。
工房に持って行こう！",,1,yes,
"青龍・双龍シリーズの
解放方法が記された紙。
工房に持って行こう！",,1,yes,
"青龍・剣王シリーズの
解放方法が記された紙。
工房に持って行こう！",,1,yes,
"青龍・刀神シリーズの
解放方法が記された紙。
工房に持って行こう！",,1,yes,
"青龍・天槍シリーズの
解放方法が記された紙。
工房に持って行こう！",,1,yes,
"青龍・砲皇シリーズの
解放方法が記された紙。
工房に持って行こう！",,1,yes,
"青龍・鈍器獣シリーズの
解放方法が記された紙。
工房に持って行こう！",,1,yes,
"青龍・奏帝シリーズの
解放方法が記された紙。
工房に持って行こう！",,1,yes,
"青龍・穿凰シリーズの
解放方法が記された紙。
工房に持って行こう！",,1,yes,
"青龍・斬将シリーズの
解放方法が記された紙。
工房に持って行こう！",,1,yes,
"青龍・磁星シリーズの
解放方法が記された紙。
工房に持って行こう！",,1,yes,
"青龍・銃傑シリーズの
解放方法が記された紙。
工房に持って行こう！",,1,yes,
"青龍・銃仙シリーズの
解放方法が記された紙。
工房に持って行こう！",,1,yes,
"青龍・弓鬼シリーズの
解放方法が記された紙。
工房に持って行こう！",,1,yes,
"ＫロブスタPD黒シリーズの
解放方法が記された紙。
工房に持って行こう！",,1,yes,
"ＫロブスタPD緑シリーズの
解放方法が記された紙。
工房に持って行こう！",,1,yes,
"ＫロブスタPD青シリーズの
解放方法が記された紙。
工房に持って行こう！",,1,yes,
"ヒプノPD緑シリーズの
解放方法が記された紙。
工房に持って行こう！",,1,yes,
"ヒプノPD赤シリーズの
解放方法が記された紙。
工房に持って行こう！",,1,yes,
"ヒプノPD黄シリーズの
解放方法が記された紙。
工房に持って行こう！",,1,yes,
"ベルPD黒シリーズの
解放方法が記された紙。
工房に持って行こう！",,1,yes,
"ベルPD赤シリーズの
解放方法が記された紙。
工房に持って行こう！",,1,yes,
"ベルPD紫シリーズの
解放方法が記された紙。
工房に持って行こう！",,1,yes,
"クロオビPD白シリーズの
解放方法が記された紙。
工房に持って行こう！",,1,yes,
"クロオビPD黒シリーズの
解放方法が記された紙。
工房に持って行こう！",,1,yes,
"クロオビPD青シリーズの
解放方法が記された紙。
工房に持って行こう！",,1,yes,
"アプカルPD白シリーズの
解放方法が記された紙。
工房に持って行こう！",,1,yes,
"アプカルPD緑シリーズの
解放方法が記された紙。
工房に持って行こう！",,1,yes,
"アプカルPD黄シリーズの
解放方法が記された紙。
工房に持って行こう！",,1,yes,
"ルコPD白シリーズの
解放方法が記された紙。
工房に持って行こう！",,1,yes,
"ルコPD青シリーズの
解放方法が記された紙。
工房に持って行こう！",,1,yes,
"ルコPD赤シリーズの
解放方法が記された紙。
工房に持って行こう！",,1,yes,
"コムラダPD白赤シリーズの
解放方法が記された紙。
工房に持って行こう！",,1,yes,
"コムラダPD白青シリーズの
解放方法が記された紙。
工房に持って行こう！",,1,yes,
"コムラダPD白黄シリーズの
解放方法が記された紙。
工房に持って行こう！",,1,yes,
"忍の装束・海Ｄシリーズの
解放方法が記された紙。
工房に持って行こう！",,1,yes,
"忍の装束・空Ｄシリーズの
解放方法が記された紙。
工房に持って行こう！",,1,yes,
"黒影ノ、黒陰ノＤシリーズの
解放方法が記された紙。
工房に持って行こう！",,1,yes,
"和を感じさせる不思議な布。
布には見たことのない文字
と一枚の絵が書かれている。",,1,,
"フィニスシリーズの
生産方法が記された紙。
工房に持って行こう！",,1,yes,
"フィニスＤシリーズの
生産方法が記された紙。
工房に持って行こう！",,1,yes,
"フィールシリーズの
生産方法が記された紙。
工房に持って行こう！",,1,yes,
"フィールＤシリーズの
生産方法が記された紙。
工房に持って行こう！",,1,yes,
"マリーナシリーズの
生産方法が記された紙。
工房に持って行こう！",,1,yes,
"マリーナＤシリーズの
生産方法が記された紙。
工房に持って行こう！",,1,yes,
"アリシャシリーズの
生産方法が記された紙。
工房に持って行こう！",,1,yes,
"アリシャＤシリーズの
生産方法が記された紙。
工房に持って行こう！",,1,yes,
"シュリシリーズの
生産方法が記された紙。
工房に持って行こう！",,1,yes,
"シュリＤシリーズの
生産方法が記された紙。
工房に持って行こう！",,1,yes,
"リッカシリーズの
生産方法が記された紙。
工房に持って行こう！",,1,yes,
"リッカＤシリーズの
生産方法が記された紙。
工房に持って行こう！",,1,yes,
"それは塔の陰に潜む影の如く。
千変万化に身を変じ、真の姿
とらうること能わず…とある。",,1,,
"オトノＤシリーズの
解放方法が記された紙。
工房に持って行こう！",,1,yes,
"ホープＤシリーズの
解放方法が記された紙。
工房に持って行こう！",,1,yes,
"メゼフェス限定の、軽快な
会話中の動作が追加される。
＜act64＞で使用可能。",,1,yes,
"メゼフェス限定の、ぶりぶり
踊る動作が追加される。
＜act65＞で使用可能。",,1,yes,
"メゼフェス限定の、お洒落な
ツイスト動作が追加される。
＜act66＞で使用可能。",,1,yes,
"片手剣の努力の証を
大量に集めた者に
与えられる証。",,1,,
"片手剣の精励の綬章を
大量に集めた者に
与えられる証。",,1,,
"片手剣の礼賛の勲章を
大量に集めた者に
与えられる証。",,1,,
"双剣の努力の証を
大量に集めた者に
与えられる証。",,1,,
"双剣の精励の綬章を
大量に集めた者に
与えられる証。",,1,,
"双剣の礼賛の勲章を
大量に集めた者に
与えられる証。",,1,,
"大剣の努力の証を
大量に集めた者に
与えられる証。",,1,,
"大剣の精励の綬章を
大量に集めた者に
与えられる証。",,1,,
"大剣の礼賛の勲章を
大量に集めた者に
与えられる証。",,1,,
"太刀の努力の証を
大量に集めた者に
与えられる証。",,1,,
"太刀の精励の綬章を
大量に集めた者に
与えられる証。",,1,,
"太刀の礼賛の勲章を
大量に集めた者に
与えられる証。",,1,,
"ハンマーの努力の証を
大量に集めた者に
与えられる証。",,1,yes,
"ハンマーの精励の綬章を
大量に集めた者に
与えられる証。",,1,yes,
"ハンマーの礼賛の勲章を
大量に集めた者に
与えられる証。",,1,yes,
"狩猟笛の努力の証を
大量に集めた者に
与えられる証。",,1,,
"狩猟笛の精励の綬章を
大量に集めた者に
与えられる証。",,1,,
"狩猟笛の礼賛の勲章を
大量に集めた者に
与えられる証。",,1,,
"ランスの努力の証を
大量に集めた者に
与えられる証。",,1,yes,
"ランスの精励の綬章を
大量に集めた者に
与えられる証。",,1,yes,
"ランスの礼賛の勲章を
大量に集めた者に
与えられる証。",,1,yes,
"ガンランスの努力の証を
大量に集めた者に
与えられる証。",,1,yes,
"ガンランスの精励の綬章を
大量に集めた者に
与えられる証。",,1,yes,
"ガンランスの礼賛の勲章を
大量に集めた者に
与えられる証。",,1,yes,
"剣斧の努力の証を
大量に集めた者に
与えられる証。",,1,,
"剣斧の精励の綬章を
大量に集めた者に
与えられる証。",,1,,
"剣斧の礼賛の勲章を
大量に集めた者に
与えられる証。",,1,,
"穿龍棍の努力の証を
大量に集めた者に
与えられる証。",,1,,
"穿龍棍の精励の綬章を
大量に集めた者に
与えられる証。",,1,,
"穿龍棍の礼賛の勲章を
大量に集めた者に
与えられる証。",,1,,
"磁斬鎚の努力の証を
大量に集めた者に
与えられる証。",,1,,
"磁斬鎚の精励の綬章を
大量に集めた者に
与えられる証。",,1,,
"磁斬鎚の礼賛の勲章を
大量に集めた者に
与えられる証。",,1,,
"ライトボウガンの努力の証を
大量に集めた者に
与えられる証。",,1,yes,
"ライトボウガンの精励の綬章を
大量に集めた者に
与えられる証。",,1,yes,
"ライトボウガンの礼賛の勲章を
大量に集めた者に
与えられる証。",,1,yes,
"ヘビィボウガンの努力の証を
大量に集めた者に
与えられる証。",,1,yes,
"ヘビィボウガンの精励の綬章を
大量に集めた者に
与えられる証。",,1,yes,
"ヘビィボウガンの礼賛の勲章を
大量に集めた者に
与えられる証。",,1,yes,
"弓の努力の証を
大量に集めた者に
与えられる証。",,1,,
"弓の精励の綬章を
大量に集めた者に
与えられる証。",,1,,
"弓の礼賛の勲章を
大量に集めた者に
与えられる証。",,1,,
"片手剣を真に
極めし者が手に出来る宝玉。",,1,,
"双剣を真に
極めし者が手に出来る宝玉。",,1,,
"大剣を真に
極めし者が手に出来る宝玉。",,1,,
"太刀を真に
極めし者が手に出来る宝玉。",,1,,
"ハンマーを真に
極めし者が手に出来る宝玉。",,1,yes,
"狩猟笛を真に
極めし者が手に出来る宝玉。",,1,,
"ランスを真に
極めし者が手に出来る宝玉。",,1,yes,
"ガンランスを真に
極めし者が手に出来る宝玉。",,1,yes,
"剣斧を真に
極めし者が手に出来る宝玉。",,1,,
"穿龍棍を真に
極めし者が手に出来る宝玉。",,1,,
"磁斬鎚を真に
極めし者が手に出来る宝玉。",,1,,
"ライトボウガンを真に
極めし者が手に出来る宝玉。",,1,yes,
"ヘビィボウガンを真に
極めし者が手に出来る宝玉。",,1,yes,
"弓を真に
極めし者が手に出来る宝玉。",,1,,
"鋭く明るい緋色の光が固体に
なったものと言われている。
非常に珍しい物質。",,1,,
"細工物をいくつも紐で繋げた
飾り物。椿の細工物は美しく
育つようにという意味。",,1,,
"絶対に溶けないと噂のチョコ。
甘い匂いがするが、固すぎて
食べられそうにない。",,1,yes,
"甘い匂いのする鉱石。食欲を
そそるが勿論食べられない。
{c05}（精算アイテム）",,1,yes,
"白く輝き、高い硬度を持つ
司銀龍の鱗。傷はつかず、
輝きを失うことはない。",,1,,
"司銀龍の体の中で最も柔らか
い部分ではあるが、周囲の金
属によって守られている。",,1,,
"一見すると折れてしまいそう
な司銀龍の骨。しかし予想を
超えた硬度を持ち、侮れない。",,1,,
"司銀龍の全身を駆け巡る血液。
調べると、体表のものと同じ
金属の微粒子が確認できる。",,1,,
"司銀龍から稀に剥ぎ取ること
ができる髄。金属の微粒子は
ここから全身へ運ばれる。",,1,,
"金属を操る力の源。頭の発達
に伴い肥大化したようだが謎
が多く、研究は進んでいない。",,1,,
"剣のように鋭い司銀龍の尻尾。
攻撃前に金属が集中するため
よく注意しておきたい。",,1,,
"司銀龍の尻尾にある、金属を
操る核。まるで生きているか
のように鼓動を感じる。",,1,,
"特殊な形状をした司銀龍の翼。
飛行するためだけではなく、
刃のように振るうこともある。",,1,,
"司銀龍の翼にある、金属を
操る核。この部位だけになっ
ても、金属が集まってくる。",,1,,
"高い硬度を持つ、司銀龍の爪。
金属が集まり、さらに鋭く
脅威性を増している。",,1,,
"司銀龍の前脚にある、金属を
操る核。流れる古龍の力は
衰えることを知らない。",,1,,
"著しく発達した司銀龍の頭。
それに伴い、金属を操る力も
計り知れないものとなった。",,1,,
"著しく発達した司銀龍の頭。
もはや金属はこの古龍の一部
となりつつある。",,1,,
"著しく発達した司銀龍の頭。
まるで自分の体であるかの
ように金属を操る。",,1,,
"著しく発達した司銀龍の頭。
叡智を越えた未知なる力が
この部位には宿っている。",,1,,
"絶対に割れないビスケットの
材料になる粉。食べることは
おすすめしない。",,1,yes,
"花粉を混ぜ込むとガチガチの
ビスケットができるらしい。
{c05}（精算アイテム）",,1,yes,
"探検隊の調査報告書。手がか
りを持ち寄って絶対に割れな
いビスケットを探し出そう！",,1,yes,
"キンコウシリーズの
生産方法が記された紙。
工房に持って行こう！",,1,yes,
"キンコウＤシリーズの
生産方法が記された紙。
工房に持って行こう！",,1,yes,
"アンブシリーズの
生産方法が記された紙。
工房に持って行こう！",,1,yes,
"アンブＤシリーズの
生産方法が記された紙。
工房に持って行こう！",,1,yes,
"了奏シリーズの
生産方法が記された紙。
工房に持って行こう！",,1,yes,
"了奏Ｄシリーズの
生産方法が記された紙。
工房に持って行こう！",,1,yes,
"ジェムズシリーズの
生産方法が記された紙。
工房に持って行こう！",,1,yes,
"ジェムズＤシリーズの
生産方法が記された紙。
工房に持って行こう！",,1,yes,
"フィーネシリーズの
生産方法が記された紙。
工房に持って行こう！",,1,yes,
"フィーネＤシリーズの
生産方法が記された紙。
工房に持って行こう！",,1,yes,
"ケリスシリーズの
生産方法が記された紙。
工房に持って行こう！",,1,yes,
"ケリスＤシリーズの
生産方法が記された紙。
工房に持って行こう！",,1,yes,
"コトナシリーズの
生産方法が記された紙。
工房に持って行こう！",,1,yes,
"コトナＤシリーズの
生産方法が記された紙。
工房に持って行こう！",,1,yes,
"夜を彩る花燈火。暗がりに
照らし出される花々は
見る者を虜にする。",,1,,
"彩の滝の水で造られた酒。
大変香しく、水辺に咲き誇る
花々を思い起こさせる。",,1,,
"滝を彩る夜鮮花。
風雅なるは異郷も同じ。
夜に味わう春の歓楽。",,1,,
"鯉のぼりの素材となる美しい
錦。子どもの健やかな
成長を祈願して作られた。",,1,,
"荘厳さを感じさせる錦。かつ
ては英雄とされた者だけが
飾ることを許されたという。",,1,,
"アービターシリーズの
生産方法が記された紙。
工房に持って行こう！",,1,yes,
"アービターＤシリーズの
生産方法が記された紙。
工房に持って行こう！",,1,yes,
"辿異種タイクンザムザの蘿殻。
菌類が殻へ付着し、長い年月
を経たもの。もはや岩盤。",,1,yes,
"辿異種タイクンザムザから
取れる深みのある朱色の殻。
軽く硬い為、加工が難しい。",,1,yes,
"辿異種タイクンザムザから
取れる乳白色の殻。触ると
そのしなやかさに驚く。",,1,yes,
"辿異種タイクンザムザから
取れる蒼色の殻。電気が
通ると発光する性質がある。",,1,yes,
"辿異種タイクンザムザから
取れる白髭。周りの状況を
探る器官でとても軽い。",,1,yes,
"辿異種タイクンザムザから
取れる雷石。下手に触ると
感電する。いわば雷の結晶。",,1,yes,
"辿異種タイクンザムザから
取れる小さな棘。通電性が
高く、とても鋭利。",,1,yes,
"辿異種タイクンザムザの
背中にある蒼い棘。
大きいほど価値が高い。",,1,yes,
"辿異種タイクンザムザの
体を支える小さな脚。
中身は筋肉の塊。",,1,yes,
"辿異種タイクンザムザの
体を支える脚の中でも
ひときわ硬いもの。",,1,yes,
"異様な形に発達した多殻蟹の
爪。左右の爪で性質が異なり
鍛冶職人の腕が問われる。",,1,,
"異様な形に発達した多殻蟹の
爪。白殻で覆われたものが
売られることは稀。",,1,,
"異様な形に発達した多殻蟹の
爪。右の巨槌爪、左の三叉爪
の原型を留めた強固なもの。",,1,,
"異様な形に発達した多殻蟹の
爪。通電性が素晴らしい蒼殻
があり、鍛冶職人垂涎の品。",,1,,
"煉獄Ｄシリーズの
解放方法が記された紙。
工房に持って行こう！",,1,yes,
"煉戟Ｄシリーズの
解放方法が記された紙。
工房に持って行こう！",,1,yes,
"エリュシＤシリーズの
解放方法が記された紙。
工房に持って行こう！",,1,yes,
"エンズＤシリーズの
解放方法が記された紙。
工房に持って行こう！",,1,yes,
"永遠を誓い合った者たち
に与えられる永久の炎。
決して消えることはない。",,1,,
"爛々と燃ゆる紅い炎。
その炎は、いつまでも冷める
ことのない情熱を思わせる。",,1,,
"悠々と燃ゆる蒼い炎。
その炎は、澄み渡る空のよう
な明るい未来を思わせる。",,1,,
"シャンルＤシリーズの
解放方法が記された紙。
工房に持って行こう！",,1,yes,
"ファンルＤシリーズの
解放方法が記された紙。
工房に持って行こう！",,1,yes,
"ミュンルＤシリーズの
解放方法が記された紙。
工房に持って行こう！",,1,yes,
